
[1/3] pretrain G
G epoch=1/120 loss=4.5317
G epoch=2/120 loss=4.1773
G epoch=3/120 loss=3.7102
G epoch=4/120 loss=3.1580
G epoch=5/120 loss=2.8875
G epoch=6/120 loss=2.6593
G epoch=7/120 loss=2.5560
G epoch=8/120 loss=2.4528
G epoch=9/120 loss=2.3215
G epoch=10/120 loss=2.2208
G epoch=11/120 loss=2.0983
G epoch=12/120 loss=1.9927
G epoch=13/120 loss=1.9106
G epoch=14/120 loss=1.8367
G epoch=15/120 loss=1.7473
G epoch=16/120 loss=1.6727
G epoch=17/120 loss=1.6351
G epoch=18/120 loss=1.5739
G epoch=19/120 loss=1.5001
G epoch=20/120 loss=1.4401
G epoch=21/120 loss=1.4339
G epoch=22/120 loss=1.3881
G epoch=23/120 loss=1.3423
G epoch=24/120 loss=1.2652
G epoch=25/120 loss=1.2503
G epoch=26/120 loss=1.2090
G epoch=27/120 loss=1.1775
G epoch=28/120 loss=1.1299
G epoch=29/120 loss=1.0740
G epoch=30/120 loss=1.0507
G epoch=31/120 loss=1.0402
G epoch=32/120 loss=0.9972
G epoch=33/120 loss=0.9511
G epoch=34/120 loss=0.9457
G epoch=35/120 loss=0.9328
G epoch=36/120 loss=0.9100
G epoch=37/120 loss=0.8858
G epoch=38/120 loss=0.8556
G epoch=39/120 loss=0.8377
G epoch=40/120 loss=0.8246
G epoch=41/120 loss=0.8371
G epoch=42/120 loss=0.7944
G epoch=43/120 loss=0.7554
G epoch=44/120 loss=0.7934
G epoch=45/120 loss=0.7806
G epoch=46/120 loss=0.7635
G epoch=47/120 loss=0.7714
G epoch=48/120 loss=0.7411
G epoch=49/120 loss=0.7186
G epoch=50/120 loss=0.7153
G epoch=51/120 loss=0.7207
G epoch=52/120 loss=0.7377
G epoch=53/120 loss=0.7203
G epoch=54/120 loss=0.6884
G epoch=55/120 loss=0.6668
G epoch=56/120 loss=0.7042
G epoch=57/120 loss=0.6724
G epoch=58/120 loss=0.7045
G epoch=59/120 loss=0.6852
G epoch=60/120 loss=0.6702
G epoch=61/120 loss=0.6314
G epoch=62/120 loss=0.6033
G epoch=63/120 loss=0.6482
G epoch=64/120 loss=0.6424
G epoch=65/120 loss=0.6543
G epoch=66/120 loss=0.6149
G epoch=67/120 loss=0.6198
G epoch=68/120 loss=0.6198
G epoch=69/120 loss=0.6087
G epoch=70/120 loss=0.5996
G epoch=71/120 loss=0.5840
G epoch=72/120 loss=0.5993
G epoch=73/120 loss=0.6120
G epoch=74/120 loss=0.6150
G epoch=75/120 loss=0.6162
G epoch=76/120 loss=0.6098
G epoch=77/120 loss=0.5926
G epoch=78/120 loss=0.6044
G epoch=79/120 loss=0.5862
G epoch=80/120 loss=0.5953
G epoch=81/120 loss=0.6194
G epoch=82/120 loss=0.5574
G epoch=83/120 loss=0.5738
G epoch=84/120 loss=0.5536
G epoch=85/120 loss=0.5631
G epoch=86/120 loss=0.5637
G epoch=87/120 loss=0.5589
G epoch=88/120 loss=0.5445
G epoch=89/120 loss=0.5388
G epoch=90/120 loss=0.5386
G epoch=91/120 loss=0.5531
G epoch=92/120 loss=0.5317
G epoch=93/120 loss=0.5181
G epoch=94/120 loss=0.5229
G epoch=95/120 loss=0.5336
G epoch=96/120 loss=0.5072
G epoch=97/120 loss=0.5151
G epoch=98/120 loss=0.5080
G epoch=99/120 loss=0.4925
G epoch=100/120 loss=0.5102
G epoch=101/120 loss=0.4934
G epoch=102/120 loss=0.5001
G epoch=103/120 loss=0.4847
G epoch=104/120 loss=0.4968
G epoch=105/120 loss=0.4924
G epoch=106/120 loss=0.5030
G epoch=107/120 loss=0.4804
G epoch=108/120 loss=0.4751
G epoch=109/120 loss=0.4826
G epoch=110/120 loss=0.4816
G epoch=111/120 loss=0.4787
G epoch=112/120 loss=0.4670
G epoch=113/120 loss=0.4794
G epoch=114/120 loss=0.4763
G epoch=115/120 loss=0.4730
G epoch=116/120 loss=0.4686
G epoch=117/120 loss=0.4656
G epoch=118/120 loss=0.4695
G epoch=119/120 loss=0.4604
G epoch=120/120 loss=0.4683

[2/3] pretrain D
D step=1/50 epoch=1/3 loss=0.7854 l2=0.2000 label_smoothing=0.000
D step=1/50 epoch=2/3 loss=0.7582 l2=0.2000 label_smoothing=0.000
D step=1/50 epoch=3/3 loss=0.7212 l2=0.2000 label_smoothing=0.000
D step=2/50 epoch=1/3 loss=0.7489 l2=0.2000 label_smoothing=0.000
D step=2/50 epoch=2/3 loss=0.7534 l2=0.2000 label_smoothing=0.000
D step=2/50 epoch=3/3 loss=0.7150 l2=0.2000 label_smoothing=0.000
D step=3/50 epoch=1/3 loss=0.7117 l2=0.2000 label_smoothing=0.000
D step=3/50 epoch=2/3 loss=0.6829 l2=0.2000 label_smoothing=0.000
D step=3/50 epoch=3/3 loss=0.6483 l2=0.2000 label_smoothing=0.000
D step=4/50 epoch=1/3 loss=0.6914 l2=0.2000 label_smoothing=0.000
D step=4/50 epoch=2/3 loss=0.6470 l2=0.2000 label_smoothing=0.000
D step=4/50 epoch=3/3 loss=0.6091 l2=0.2000 label_smoothing=0.000
D step=5/50 epoch=1/3 loss=0.6684 l2=0.2000 label_smoothing=0.000
D step=5/50 epoch=2/3 loss=0.6293 l2=0.2000 label_smoothing=0.000
D step=5/50 epoch=3/3 loss=0.6051 l2=0.2000 label_smoothing=0.000
D step=6/50 epoch=1/3 loss=0.6292 l2=0.2000 label_smoothing=0.000
D step=6/50 epoch=2/3 loss=0.6040 l2=0.2000 label_smoothing=0.000
D step=6/50 epoch=3/3 loss=0.5762 l2=0.2000 label_smoothing=0.000
D step=7/50 epoch=1/3 loss=0.6375 l2=0.2000 label_smoothing=0.000
D step=7/50 epoch=2/3 loss=0.5831 l2=0.2000 label_smoothing=0.000
D step=7/50 epoch=3/3 loss=0.5389 l2=0.2000 label_smoothing=0.000
D step=8/50 epoch=1/3 loss=0.6013 l2=0.2000 label_smoothing=0.000
D step=8/50 epoch=2/3 loss=0.5764 l2=0.2000 label_smoothing=0.000
D step=8/50 epoch=3/3 loss=0.5541 l2=0.2000 label_smoothing=0.000
D step=9/50 epoch=1/3 loss=0.5612 l2=0.2000 label_smoothing=0.000
D step=9/50 epoch=2/3 loss=0.5020 l2=0.2000 label_smoothing=0.000
D step=9/50 epoch=3/3 loss=0.4957 l2=0.2000 label_smoothing=0.000
D step=10/50 epoch=1/3 loss=0.5428 l2=0.2000 label_smoothing=0.000
D step=10/50 epoch=2/3 loss=0.5282 l2=0.2000 label_smoothing=0.000
D step=10/50 epoch=3/3 loss=0.4991 l2=0.2000 label_smoothing=0.000
D step=11/50 epoch=1/3 loss=0.5246 l2=0.2000 label_smoothing=0.000
D step=11/50 epoch=2/3 loss=0.4970 l2=0.2000 label_smoothing=0.000
D step=11/50 epoch=3/3 loss=0.4554 l2=0.2000 label_smoothing=0.000
D step=12/50 epoch=1/3 loss=0.4790 l2=0.2000 label_smoothing=0.000
D step=12/50 epoch=2/3 loss=0.4834 l2=0.2000 label_smoothing=0.000
D step=12/50 epoch=3/3 loss=0.4389 l2=0.2000 label_smoothing=0.000
D step=13/50 epoch=1/3 loss=0.4373 l2=0.2000 label_smoothing=0.000
D step=13/50 epoch=2/3 loss=0.4185 l2=0.2000 label_smoothing=0.000
D step=13/50 epoch=3/3 loss=0.3953 l2=0.2000 label_smoothing=0.000
D step=14/50 epoch=1/3 loss=0.4352 l2=0.2000 label_smoothing=0.000
D step=14/50 epoch=2/3 loss=0.4196 l2=0.2000 label_smoothing=0.000
D step=14/50 epoch=3/3 loss=0.4039 l2=0.2000 label_smoothing=0.000
D step=15/50 epoch=1/3 loss=0.4727 l2=0.2000 label_smoothing=0.000
D step=15/50 epoch=2/3 loss=0.4299 l2=0.2000 label_smoothing=0.000
D step=15/50 epoch=3/3 loss=0.4416 l2=0.2000 label_smoothing=0.000
D step=16/50 epoch=1/3 loss=0.4663 l2=0.2000 label_smoothing=0.000
D step=16/50 epoch=2/3 loss=0.4375 l2=0.2000 label_smoothing=0.000
D step=16/50 epoch=3/3 loss=0.4108 l2=0.2000 label_smoothing=0.000
D step=17/50 epoch=1/3 loss=0.4623 l2=0.2000 label_smoothing=0.000
D step=17/50 epoch=2/3 loss=0.4230 l2=0.2000 label_smoothing=0.000
D step=17/50 epoch=3/3 loss=0.3980 l2=0.2000 label_smoothing=0.000
D step=18/50 epoch=1/3 loss=0.4182 l2=0.2000 label_smoothing=0.000
D step=18/50 epoch=2/3 loss=0.3804 l2=0.2000 label_smoothing=0.000
D step=18/50 epoch=3/3 loss=0.3497 l2=0.2000 label_smoothing=0.000
D step=19/50 epoch=1/3 loss=0.3907 l2=0.2000 label_smoothing=0.000
D step=19/50 epoch=2/3 loss=0.3649 l2=0.2000 label_smoothing=0.000
D step=19/50 epoch=3/3 loss=0.3348 l2=0.2000 label_smoothing=0.000
D step=20/50 epoch=1/3 loss=0.3647 l2=0.2000 label_smoothing=0.000
D step=20/50 epoch=2/3 loss=0.3828 l2=0.2000 label_smoothing=0.000
D step=20/50 epoch=3/3 loss=0.3412 l2=0.2000 label_smoothing=0.000
D step=21/50 epoch=1/3 loss=0.3994 l2=0.2000 label_smoothing=0.000
D step=21/50 epoch=2/3 loss=0.3820 l2=0.2000 label_smoothing=0.000
D step=21/50 epoch=3/3 loss=0.3710 l2=0.2000 label_smoothing=0.000
D step=22/50 epoch=1/3 loss=0.3606 l2=0.2000 label_smoothing=0.000
D step=22/50 epoch=2/3 loss=0.3665 l2=0.2000 label_smoothing=0.000
D step=22/50 epoch=3/3 loss=0.3470 l2=0.2000 label_smoothing=0.000
D step=23/50 epoch=1/3 loss=0.3478 l2=0.2000 label_smoothing=0.000
D step=23/50 epoch=2/3 loss=0.3292 l2=0.2000 label_smoothing=0.000
D step=23/50 epoch=3/3 loss=0.3055 l2=0.2000 label_smoothing=0.000
D step=24/50 epoch=1/3 loss=0.4345 l2=0.2000 label_smoothing=0.000
D step=24/50 epoch=2/3 loss=0.3738 l2=0.2000 label_smoothing=0.000
D step=24/50 epoch=3/3 loss=0.3658 l2=0.2000 label_smoothing=0.000
D step=25/50 epoch=1/3 loss=0.3912 l2=0.2000 label_smoothing=0.000
D step=25/50 epoch=2/3 loss=0.3474 l2=0.2000 label_smoothing=0.000
D step=25/50 epoch=3/3 loss=0.3345 l2=0.2000 label_smoothing=0.000
D step=26/50 epoch=1/3 loss=0.2982 l2=0.2000 label_smoothing=0.000
D step=26/50 epoch=2/3 loss=0.2919 l2=0.2000 label_smoothing=0.000
D step=26/50 epoch=3/3 loss=0.2833 l2=0.2000 label_smoothing=0.000
D step=27/50 epoch=1/3 loss=0.4249 l2=0.2000 label_smoothing=0.000
D step=27/50 epoch=2/3 loss=0.3654 l2=0.2000 label_smoothing=0.000
D step=27/50 epoch=3/3 loss=0.3374 l2=0.2000 label_smoothing=0.000
D step=28/50 epoch=1/3 loss=0.3864 l2=0.2000 label_smoothing=0.000
D step=28/50 epoch=2/3 loss=0.3403 l2=0.2000 label_smoothing=0.000
D step=28/50 epoch=3/3 loss=0.3101 l2=0.2000 label_smoothing=0.000
D step=29/50 epoch=1/3 loss=0.3807 l2=0.2000 label_smoothing=0.000
D step=29/50 epoch=2/3 loss=0.3483 l2=0.2000 label_smoothing=0.000
D step=29/50 epoch=3/3 loss=0.3307 l2=0.2000 label_smoothing=0.000
D step=30/50 epoch=1/3 loss=0.3751 l2=0.2000 label_smoothing=0.000
D step=30/50 epoch=2/3 loss=0.3889 l2=0.2000 label_smoothing=0.000
D step=30/50 epoch=3/3 loss=0.3781 l2=0.2000 label_smoothing=0.000
D step=31/50 epoch=1/3 loss=0.4240 l2=0.2000 label_smoothing=0.000
D step=31/50 epoch=2/3 loss=0.3831 l2=0.2000 label_smoothing=0.000
D step=31/50 epoch=3/3 loss=0.3597 l2=0.2000 label_smoothing=0.000
D step=32/50 epoch=1/3 loss=0.3008 l2=0.2000 label_smoothing=0.000
D step=32/50 epoch=2/3 loss=0.2953 l2=0.2000 label_smoothing=0.000
D step=32/50 epoch=3/3 loss=0.2771 l2=0.2000 label_smoothing=0.000
D step=33/50 epoch=1/3 loss=0.3456 l2=0.2000 label_smoothing=0.000
D step=33/50 epoch=2/3 loss=0.2891 l2=0.2000 label_smoothing=0.000
D step=33/50 epoch=3/3 loss=0.2945 l2=0.2000 label_smoothing=0.000
D step=34/50 epoch=1/3 loss=0.3301 l2=0.2000 label_smoothing=0.000
D step=34/50 epoch=2/3 loss=0.3135 l2=0.2000 label_smoothing=0.000
D step=34/50 epoch=3/3 loss=0.2851 l2=0.2000 label_smoothing=0.000
D step=35/50 epoch=1/3 loss=0.3481 l2=0.2000 label_smoothing=0.000
D step=35/50 epoch=2/3 loss=0.3380 l2=0.2000 label_smoothing=0.000
D step=35/50 epoch=3/3 loss=0.3212 l2=0.2000 label_smoothing=0.000
D step=36/50 epoch=1/3 loss=0.3464 l2=0.2000 label_smoothing=0.000
D step=36/50 epoch=2/3 loss=0.3101 l2=0.2000 label_smoothing=0.000
D step=36/50 epoch=3/3 loss=0.3024 l2=0.2000 label_smoothing=0.000
D step=37/50 epoch=1/3 loss=0.3867 l2=0.2000 label_smoothing=0.000
D step=37/50 epoch=2/3 loss=0.3105 l2=0.2000 label_smoothing=0.000
D step=37/50 epoch=3/3 loss=0.2962 l2=0.2000 label_smoothing=0.000
D step=38/50 epoch=1/3 loss=0.3246 l2=0.2000 label_smoothing=0.000
D step=38/50 epoch=2/3 loss=0.2912 l2=0.2000 label_smoothing=0.000
D step=38/50 epoch=3/3 loss=0.3008 l2=0.2000 label_smoothing=0.000
D step=39/50 epoch=1/3 loss=0.3503 l2=0.2000 label_smoothing=0.000
D step=39/50 epoch=2/3 loss=0.2947 l2=0.2000 label_smoothing=0.000
D step=39/50 epoch=3/3 loss=0.3120 l2=0.2000 label_smoothing=0.000
D step=40/50 epoch=1/3 loss=0.3041 l2=0.2000 label_smoothing=0.000
D step=40/50 epoch=2/3 loss=0.3006 l2=0.2000 label_smoothing=0.000
D step=40/50 epoch=3/3 loss=0.2755 l2=0.2000 label_smoothing=0.000
D step=41/50 epoch=1/3 loss=0.2954 l2=0.2000 label_smoothing=0.000
D step=41/50 epoch=2/3 loss=0.2724 l2=0.2000 label_smoothing=0.000
D step=41/50 epoch=3/3 loss=0.2504 l2=0.2000 label_smoothing=0.000
D step=42/50 epoch=1/3 loss=0.3496 l2=0.2000 label_smoothing=0.000
D step=42/50 epoch=2/3 loss=0.3181 l2=0.2000 label_smoothing=0.000
D step=42/50 epoch=3/3 loss=0.3161 l2=0.2000 label_smoothing=0.000
D step=43/50 epoch=1/3 loss=0.3398 l2=0.2000 label_smoothing=0.000
D step=43/50 epoch=2/3 loss=0.3138 l2=0.2000 label_smoothing=0.000
D step=43/50 epoch=3/3 loss=0.2905 l2=0.2000 label_smoothing=0.000
D step=44/50 epoch=1/3 loss=0.3116 l2=0.2000 label_smoothing=0.000
D step=44/50 epoch=2/3 loss=0.2726 l2=0.2000 label_smoothing=0.000
D step=44/50 epoch=3/3 loss=0.2390 l2=0.2000 label_smoothing=0.000
D step=45/50 epoch=1/3 loss=0.2990 l2=0.2000 label_smoothing=0.000
D step=45/50 epoch=2/3 loss=0.2992 l2=0.2000 label_smoothing=0.000
D step=45/50 epoch=3/3 loss=0.2848 l2=0.2000 label_smoothing=0.000
D step=46/50 epoch=1/3 loss=0.3062 l2=0.2000 label_smoothing=0.000
D step=46/50 epoch=2/3 loss=0.2813 l2=0.2000 label_smoothing=0.000
D step=46/50 epoch=3/3 loss=0.2621 l2=0.2000 label_smoothing=0.000
D step=47/50 epoch=1/3 loss=0.3319 l2=0.2000 label_smoothing=0.000
D step=47/50 epoch=2/3 loss=0.2738 l2=0.2000 label_smoothing=0.000
D step=47/50 epoch=3/3 loss=0.2863 l2=0.2000 label_smoothing=0.000
D step=48/50 epoch=1/3 loss=0.3159 l2=0.2000 label_smoothing=0.000
D step=48/50 epoch=2/3 loss=0.2949 l2=0.2000 label_smoothing=0.000
D step=48/50 epoch=3/3 loss=0.2936 l2=0.2000 label_smoothing=0.000
D step=49/50 epoch=1/3 loss=0.3438 l2=0.2000 label_smoothing=0.000
D step=49/50 epoch=2/3 loss=0.3460 l2=0.2000 label_smoothing=0.000
D step=49/50 epoch=3/3 loss=0.3076 l2=0.2000 label_smoothing=0.000
D step=50/50 epoch=1/3 loss=0.2777 l2=0.2000 label_smoothing=0.000
D step=50/50 epoch=2/3 loss=0.2784 l2=0.2000 label_smoothing=0.000
D step=50/50 epoch=3/3 loss=0.2537 l2=0.2000 label_smoothing=0.000

[3/3] adversarial
generator_reward_mode=off reward_alpha=1.000 d_steps=5 d_epochs=3
D step=1/5 epoch=1/3 loss=0.3173 l2=0.2000 label_smoothing=0.000
D step=1/5 epoch=2/3 loss=0.3490 l2=0.2000 label_smoothing=0.000
D step=1/5 epoch=3/3 loss=0.2594 l2=0.2000 label_smoothing=0.000
D step=2/5 epoch=1/3 loss=0.2971 l2=0.2000 label_smoothing=0.000
D step=2/5 epoch=2/3 loss=0.2723 l2=0.2000 label_smoothing=0.000
D step=2/5 epoch=3/3 loss=0.2517 l2=0.2000 label_smoothing=0.000
D step=3/5 epoch=1/3 loss=0.2838 l2=0.2000 label_smoothing=0.000
D step=3/5 epoch=2/3 loss=0.2693 l2=0.2000 label_smoothing=0.000
D step=3/5 epoch=3/3 loss=0.2536 l2=0.2000 label_smoothing=0.000
D step=4/5 epoch=1/3 loss=0.2597 l2=0.2000 label_smoothing=0.000
D step=4/5 epoch=2/3 loss=0.2437 l2=0.2000 label_smoothing=0.000
D step=4/5 epoch=3/3 loss=0.2549 l2=0.2000 label_smoothing=0.000
D step=5/5 epoch=1/3 loss=0.2565 l2=0.2000 label_smoothing=0.000
D step=5/5 epoch=2/3 loss=0.2356 l2=0.2000 label_smoothing=0.000
D step=5/5 epoch=3/3 loss=0.2217 l2=0.2000 label_smoothing=0.000
ADV epoch=1/200 g_loss=0.0664 d_loss=0.2684 reward=0.2651 reward_var=0.0705 unique=0.6800
D step=1/5 epoch=1/3 loss=0.3538 l2=0.2000 label_smoothing=0.000
D step=1/5 epoch=2/3 loss=0.2748 l2=0.2000 label_smoothing=0.000
D step=1/5 epoch=3/3 loss=0.2398 l2=0.2000 label_smoothing=0.000
D step=2/5 epoch=1/3 loss=0.2537 l2=0.2000 label_smoothing=0.000
D step=2/5 epoch=2/3 loss=0.2567 l2=0.2000 label_smoothing=0.000
D step=2/5 epoch=3/3 loss=0.2258 l2=0.2000 label_smoothing=0.000
D step=3/5 epoch=1/3 loss=0.2273 l2=0.2000 label_smoothing=0.000
D step=3/5 epoch=2/3 loss=0.2198 l2=0.2000 label_smoothing=0.000
D step=3/5 epoch=3/3 loss=0.2248 l2=0.2000 label_smoothing=0.000
D step=4/5 epoch=1/3 loss=0.3174 l2=0.2000 label_smoothing=0.000
D step=4/5 epoch=2/3 loss=0.2833 l2=0.2000 label_smoothing=0.000
D step=4/5 epoch=3/3 loss=0.2966 l2=0.2000 label_smoothing=0.000
D step=5/5 epoch=1/3 loss=0.2424 l2=0.2000 label_smoothing=0.000
D step=5/5 epoch=2/3 loss=0.2946 l2=0.2000 label_smoothing=0.000
D step=5/5 epoch=3/3 loss=0.2695 l2=0.2000 label_smoothing=0.000
ADV epoch=2/200 g_loss=0.0741 d_loss=0.2654 reward=0.2284 reward_var=0.0443 unique=0.7400
D step=1/5 epoch=1/3 loss=0.3655 l2=0.2000 label_smoothing=0.000
D step=1/5 epoch=2/3 loss=0.3667 l2=0.2000 label_smoothing=0.000
D step=1/5 epoch=3/3 loss=0.2871 l2=0.2000 label_smoothing=0.000
D step=2/5 epoch=1/3 loss=0.3372 l2=0.2000 label_smoothing=0.000
D step=2/5 epoch=2/3 loss=0.3132 l2=0.2000 label_smoothing=0.000
D step=2/5 epoch=3/3 loss=0.3064 l2=0.2000 label_smoothing=0.000
D step=3/5 epoch=1/3 loss=0.3022 l2=0.2000 label_smoothing=0.000
D step=3/5 epoch=2/3 loss=0.3163 l2=0.2000 label_smoothing=0.000
D step=3/5 epoch=3/3 loss=0.2967 l2=0.2000 label_smoothing=0.000
D step=4/5 epoch=1/3 loss=0.3163 l2=0.2000 label_smoothing=0.000
D step=4/5 epoch=2/3 loss=0.2961 l2=0.2000 label_smoothing=0.000
D step=4/5 epoch=3/3 loss=0.2817 l2=0.2000 label_smoothing=0.000
D step=5/5 epoch=1/3 loss=0.3096 l2=0.2000 label_smoothing=0.000
D step=5/5 epoch=2/3 loss=0.3026 l2=0.2000 label_smoothing=0.000
D step=5/5 epoch=3/3 loss=0.2897 l2=0.2000 label_smoothing=0.000
ADV epoch=3/200 g_loss=0.0549 d_loss=0.3125 reward=0.1988 reward_var=0.0421 unique=0.7000
D step=1/5 epoch=1/3 loss=0.3138 l2=0.2000 label_smoothing=0.000
D step=1/5 epoch=2/3 loss=0.3141 l2=0.2000 label_smoothing=0.000
D step=1/5 epoch=3/3 loss=0.2771 l2=0.2000 label_smoothing=0.000
D step=2/5 epoch=1/3 loss=0.2754 l2=0.2000 label_smoothing=0.000
D step=2/5 epoch=2/3 loss=0.2680 l2=0.2000 label_smoothing=0.000
D step=2/5 epoch=3/3 loss=0.2651 l2=0.2000 label_smoothing=0.000
D step=3/5 epoch=1/3 loss=0.2774 l2=0.2000 label_smoothing=0.000
D step=3/5 epoch=2/3 loss=0.2724 l2=0.2000 label_smoothing=0.000
D step=3/5 epoch=3/3 loss=0.2708 l2=0.2000 label_smoothing=0.000
D step=4/5 epoch=1/3 loss=0.3218 l2=0.2000 label_smoothing=0.000
D step=4/5 epoch=2/3 loss=0.2926 l2=0.2000 label_smoothing=0.000
D step=4/5 epoch=3/3 loss=0.2941 l2=0.2000 label_smoothing=0.000
D step=5/5 epoch=1/3 loss=0.3147 l2=0.2000 label_smoothing=0.000
D step=5/5 epoch=2/3 loss=0.2885 l2=0.2000 label_smoothing=0.000
D step=5/5 epoch=3/3 loss=0.2998 l2=0.2000 label_smoothing=0.000
ADV epoch=4/200 g_loss=0.0414 d_loss=0.2897 reward=0.2076 reward_var=0.0417 unique=0.6200
D step=1/5 epoch=1/3 loss=0.3893 l2=0.2000 label_smoothing=0.000
D step=1/5 epoch=2/3 loss=0.3446 l2=0.2000 label_smoothing=0.000
D step=1/5 epoch=3/3 loss=0.3352 l2=0.2000 label_smoothing=0.000
D step=2/5 epoch=1/3 loss=0.3337 l2=0.2000 label_smoothing=0.000
D step=2/5 epoch=2/3 loss=0.2877 l2=0.2000 label_smoothing=0.000
D step=2/5 epoch=3/3 loss=0.2894 l2=0.2000 label_smoothing=0.000
D step=3/5 epoch=1/3 loss=0.3046 l2=0.2000 label_smoothing=0.000
D step=3/5 epoch=2/3 loss=0.2940 l2=0.2000 label_smoothing=0.000
D step=3/5 epoch=3/3 loss=0.2914 l2=0.2000 label_smoothing=0.000
D step=4/5 epoch=1/3 loss=0.2990 l2=0.2000 label_smoothing=0.000
D step=4/5 epoch=2/3 loss=0.2810 l2=0.2000 label_smoothing=0.000
D step=4/5 epoch=3/3 loss=0.2789 l2=0.2000 label_smoothing=0.000
D step=5/5 epoch=1/3 loss=0.3120 l2=0.2000 label_smoothing=0.000
D step=5/5 epoch=2/3 loss=0.2997 l2=0.2000 label_smoothing=0.000
D step=5/5 epoch=3/3 loss=0.3109 l2=0.2000 label_smoothing=0.000
ADV epoch=5/200 g_loss=0.0237 d_loss=0.3101 reward=0.1876 reward_var=0.0189 unique=0.5000
D step=1/5 epoch=1/3 loss=0.5062 l2=0.2000 label_smoothing=0.000
D step=1/5 epoch=2/3 loss=0.3128 l2=0.2000 label_smoothing=0.000
D step=1/5 epoch=3/3 loss=0.3358 l2=0.2000 label_smoothing=0.000
D step=2/5 epoch=1/3 loss=0.3044 l2=0.2000 label_smoothing=0.000
D step=2/5 epoch=2/3 loss=0.2788 l2=0.2000 label_smoothing=0.000
D step=2/5 epoch=3/3 loss=0.2712 l2=0.2000 label_smoothing=0.000
D step=3/5 epoch=1/3 loss=0.2927 l2=0.2000 label_smoothing=0.000
D step=3/5 epoch=2/3 loss=0.2978 l2=0.2000 label_smoothing=0.000
D step=3/5 epoch=3/3 loss=0.2813 l2=0.2000 label_smoothing=0.000
D step=4/5 epoch=1/3 loss=0.2998 l2=0.2000 label_smoothing=0.000
D step=4/5 epoch=2/3 loss=0.2873 l2=0.2000 label_smoothing=0.000
D step=4/5 epoch=3/3 loss=0.2805 l2=0.2000 label_smoothing=0.000
D step=5/5 epoch=1/3 loss=0.3053 l2=0.2000 label_smoothing=0.000
D step=5/5 epoch=2/3 loss=0.2914 l2=0.2000 label_smoothing=0.000
D step=5/5 epoch=3/3 loss=0.2881 l2=0.2000 label_smoothing=0.000
ADV epoch=6/200 g_loss=0.0199 d_loss=0.3089 reward=0.1417 reward_var=0.0178 unique=0.3600
D step=1/5 epoch=1/3 loss=0.3160 l2=0.2000 label_smoothing=0.000
D step=1/5 epoch=2/3 loss=0.3223 l2=0.2000 label_smoothing=0.000
D step=1/5 epoch=3/3 loss=0.3014 l2=0.2000 label_smoothing=0.000
D step=2/5 epoch=1/3 loss=0.3513 l2=0.2000 label_smoothing=0.000
D step=2/5 epoch=2/3 loss=0.3266 l2=0.2000 label_smoothing=0.000
D step=2/5 epoch=3/3 loss=0.3304 l2=0.2000 label_smoothing=0.000
D step=3/5 epoch=1/3 loss=0.3068 l2=0.2000 label_smoothing=0.000
D step=3/5 epoch=2/3 loss=0.2869 l2=0.2000 label_smoothing=0.000
D step=3/5 epoch=3/3 loss=0.2810 l2=0.2000 label_smoothing=0.000
D step=4/5 epoch=1/3 loss=0.3133 l2=0.2000 label_smoothing=0.000
D step=4/5 epoch=2/3 loss=0.2996 l2=0.2000 label_smoothing=0.000
D step=4/5 epoch=3/3 loss=0.2901 l2=0.2000 label_smoothing=0.000
D step=5/5 epoch=1/3 loss=0.3168 l2=0.2000 label_smoothing=0.000
D step=5/5 epoch=2/3 loss=0.3078 l2=0.2000 label_smoothing=0.000
D step=5/5 epoch=3/3 loss=0.3155 l2=0.2000 label_smoothing=0.000
ADV epoch=7/200 g_loss=0.0234 d_loss=0.3111 reward=0.1969 reward_var=0.0151 unique=0.3800
D step=1/5 epoch=1/3 loss=0.3505 l2=0.2000 label_smoothing=0.000
D step=1/5 epoch=2/3 loss=0.3796 l2=0.2000 label_smoothing=0.000
D step=1/5 epoch=3/3 loss=0.3259 l2=0.2000 label_smoothing=0.000
D step=2/5 epoch=1/3 loss=0.3007 l2=0.2000 label_smoothing=0.000
D step=2/5 epoch=2/3 loss=0.3304 l2=0.2000 label_smoothing=0.000
D step=2/5 epoch=3/3 loss=0.3068 l2=0.2000 label_smoothing=0.000
D step=3/5 epoch=1/3 loss=0.3074 l2=0.2000 label_smoothing=0.000
D step=3/5 epoch=2/3 loss=0.3086 l2=0.2000 label_smoothing=0.000
D step=3/5 epoch=3/3 loss=0.2914 l2=0.2000 label_smoothing=0.000
D step=4/5 epoch=1/3 loss=0.3126 l2=0.2000 label_smoothing=0.000
D step=4/5 epoch=2/3 loss=0.3039 l2=0.2000 label_smoothing=0.000
D step=4/5 epoch=3/3 loss=0.2918 l2=0.2000 label_smoothing=0.000
D step=5/5 epoch=1/3 loss=0.3494 l2=0.2000 label_smoothing=0.000
D step=5/5 epoch=2/3 loss=0.3431 l2=0.2000 label_smoothing=0.000
D step=5/5 epoch=3/3 loss=0.3224 l2=0.2000 label_smoothing=0.000
ADV epoch=8/200 g_loss=0.0330 d_loss=0.3216 reward=0.1705 reward_var=0.0192 unique=0.2800
D step=1/5 epoch=1/3 loss=0.3523 l2=0.2000 label_smoothing=0.000
D step=1/5 epoch=2/3 loss=0.3166 l2=0.2000 label_smoothing=0.000
D step=1/5 epoch=3/3 loss=0.3048 l2=0.2000 label_smoothing=0.000
D step=2/5 epoch=1/3 loss=0.3112 l2=0.2000 label_smoothing=0.000
D step=2/5 epoch=2/3 loss=0.2975 l2=0.2000 label_smoothing=0.000
D step=2/5 epoch=3/3 loss=0.2938 l2=0.2000 label_smoothing=0.000
D step=3/5 epoch=1/3 loss=0.3140 l2=0.2000 label_smoothing=0.000
D step=3/5 epoch=2/3 loss=0.3003 l2=0.2000 label_smoothing=0.000
D step=3/5 epoch=3/3 loss=0.3019 l2=0.2000 label_smoothing=0.000
D step=4/5 epoch=1/3 loss=0.3258 l2=0.2000 label_smoothing=0.000
D step=4/5 epoch=2/3 loss=0.3173 l2=0.2000 label_smoothing=0.000
D step=4/5 epoch=3/3 loss=0.3035 l2=0.2000 label_smoothing=0.000
D step=5/5 epoch=1/3 loss=0.3384 l2=0.2000 label_smoothing=0.000
D step=5/5 epoch=2/3 loss=0.3407 l2=0.2000 label_smoothing=0.000
D step=5/5 epoch=3/3 loss=0.3363 l2=0.2000 label_smoothing=0.000
ADV epoch=9/200 g_loss=0.0184 d_loss=0.3170 reward=0.1967 reward_var=0.0089 unique=0.2800
D step=1/5 epoch=1/3 loss=0.2814 l2=0.2000 label_smoothing=0.000
D step=1/5 epoch=2/3 loss=0.2745 l2=0.2000 label_smoothing=0.000
D step=1/5 epoch=3/3 loss=0.2647 l2=0.2000 label_smoothing=0.000
D step=2/5 epoch=1/3 loss=0.3556 l2=0.2000 label_smoothing=0.000
D step=2/5 epoch=2/3 loss=0.3331 l2=0.2000 label_smoothing=0.000
D step=2/5 epoch=3/3 loss=0.3189 l2=0.2000 label_smoothing=0.000
D step=3/5 epoch=1/3 loss=0.2997 l2=0.2000 label_smoothing=0.000
D step=3/5 epoch=2/3 loss=0.2874 l2=0.2000 label_smoothing=0.000
D step=3/5 epoch=3/3 loss=0.2904 l2=0.2000 label_smoothing=0.000
D step=4/5 epoch=1/3 loss=0.2899 l2=0.2000 label_smoothing=0.000
D step=4/5 epoch=2/3 loss=0.2731 l2=0.2000 label_smoothing=0.000
D step=4/5 epoch=3/3 loss=0.2710 l2=0.2000 label_smoothing=0.000
D step=5/5 epoch=1/3 loss=0.3136 l2=0.2000 label_smoothing=0.000
D step=5/5 epoch=2/3 loss=0.2937 l2=0.2000 label_smoothing=0.000
D step=5/5 epoch=3/3 loss=0.2974 l2=0.2000 label_smoothing=0.000
ADV epoch=10/200 g_loss=0.0197 d_loss=0.2963 reward=0.1836 reward_var=0.0089 unique=0.2400
D step=1/5 epoch=1/3 loss=0.3111 l2=0.2000 label_smoothing=0.000
D step=1/5 epoch=2/3 loss=0.3064 l2=0.2000 label_smoothing=0.000
D step=1/5 epoch=3/3 loss=0.2678 l2=0.2000 label_smoothing=0.000
D step=2/5 epoch=1/3 loss=0.3031 l2=0.2000 label_smoothing=0.000
D step=2/5 epoch=2/3 loss=0.2899 l2=0.2000 label_smoothing=0.000
D step=2/5 epoch=3/3 loss=0.2988 l2=0.2000 label_smoothing=0.000
D step=3/5 epoch=1/3 loss=0.3101 l2=0.2000 label_smoothing=0.000
D step=3/5 epoch=2/3 loss=0.2893 l2=0.2000 label_smoothing=0.000
D step=3/5 epoch=3/3 loss=0.2947 l2=0.2000 label_smoothing=0.000
D step=4/5 epoch=1/3 loss=0.2988 l2=0.2000 label_smoothing=0.000
D step=4/5 epoch=2/3 loss=0.2891 l2=0.2000 label_smoothing=0.000
D step=4/5 epoch=3/3 loss=0.2809 l2=0.2000 label_smoothing=0.000
D step=5/5 epoch=1/3 loss=0.2949 l2=0.2000 label_smoothing=0.000
D step=5/5 epoch=2/3 loss=0.2829 l2=0.2000 label_smoothing=0.000
D step=5/5 epoch=3/3 loss=0.2851 l2=0.2000 label_smoothing=0.000
ADV epoch=11/200 g_loss=0.0135 d_loss=0.2935 reward=0.1838 reward_var=0.0103 unique=0.3800
D step=1/5 epoch=1/3 loss=0.3575 l2=0.2000 label_smoothing=0.000
D step=1/5 epoch=2/3 loss=0.3013 l2=0.2000 label_smoothing=0.000
D step=1/5 epoch=3/3 loss=0.3050 l2=0.2000 label_smoothing=0.000
D step=2/5 epoch=1/3 loss=0.3219 l2=0.2000 label_smoothing=0.000
D step=2/5 epoch=2/3 loss=0.2996 l2=0.2000 label_smoothing=0.000
D step=2/5 epoch=3/3 loss=0.3118 l2=0.2000 label_smoothing=0.000
D step=3/5 epoch=1/3 loss=0.2822 l2=0.2000 label_smoothing=0.000
D step=3/5 epoch=2/3 loss=0.2698 l2=0.2000 label_smoothing=0.000
D step=3/5 epoch=3/3 loss=0.2611 l2=0.2000 label_smoothing=0.000
D step=4/5 epoch=1/3 loss=0.3137 l2=0.2000 label_smoothing=0.000
D step=4/5 epoch=2/3 loss=0.2961 l2=0.2000 label_smoothing=0.000
D step=4/5 epoch=3/3 loss=0.2803 l2=0.2000 label_smoothing=0.000
D step=5/5 epoch=1/3 loss=0.2842 l2=0.2000 label_smoothing=0.000
D step=5/5 epoch=2/3 loss=0.2933 l2=0.2000 label_smoothing=0.000
D step=5/5 epoch=3/3 loss=0.2790 l2=0.2000 label_smoothing=0.000
ADV epoch=12/200 g_loss=0.0379 d_loss=0.2971 reward=0.1965 reward_var=0.0213 unique=0.2400
D step=1/5 epoch=1/3 loss=0.3928 l2=0.2000 label_smoothing=0.000
D step=1/5 epoch=2/3 loss=0.2935 l2=0.2000 label_smoothing=0.000
D step=1/5 epoch=3/3 loss=0.2982 l2=0.2000 label_smoothing=0.000
D step=2/5 epoch=1/3 loss=0.3748 l2=0.2000 label_smoothing=0.000
D step=2/5 epoch=2/3 loss=0.3398 l2=0.2000 label_smoothing=0.000
D step=2/5 epoch=3/3 loss=0.3255 l2=0.2000 label_smoothing=0.000
D step=3/5 epoch=1/3 loss=0.2978 l2=0.2000 label_smoothing=0.000
D step=3/5 epoch=2/3 loss=0.2922 l2=0.2000 label_smoothing=0.000
D step=3/5 epoch=3/3 loss=0.2854 l2=0.2000 label_smoothing=0.000
D step=4/5 epoch=1/3 loss=0.3134 l2=0.2000 label_smoothing=0.000
D step=4/5 epoch=2/3 loss=0.2924 l2=0.2000 label_smoothing=0.000
D step=4/5 epoch=3/3 loss=0.3095 l2=0.2000 label_smoothing=0.000
D step=5/5 epoch=1/3 loss=0.3136 l2=0.2000 label_smoothing=0.000
D step=5/5 epoch=2/3 loss=0.2996 l2=0.2000 label_smoothing=0.000
D step=5/5 epoch=3/3 loss=0.2935 l2=0.2000 label_smoothing=0.000
ADV epoch=13/200 g_loss=0.0179 d_loss=0.3148 reward=0.1680 reward_var=0.0126 unique=0.3200
D step=1/5 epoch=1/3 loss=0.3477 l2=0.2000 label_smoothing=0.000
D step=1/5 epoch=2/3 loss=0.3453 l2=0.2000 label_smoothing=0.000
D step=1/5 epoch=3/3 loss=0.3299 l2=0.2000 label_smoothing=0.000
D step=2/5 epoch=1/3 loss=0.3195 l2=0.2000 label_smoothing=0.000
D step=2/5 epoch=2/3 loss=0.3082 l2=0.2000 label_smoothing=0.000
D step=2/5 epoch=3/3 loss=0.3097 l2=0.2000 label_smoothing=0.000
D step=3/5 epoch=1/3 loss=0.2920 l2=0.2000 label_smoothing=0.000
D step=3/5 epoch=2/3 loss=0.2949 l2=0.2000 label_smoothing=0.000
D step=3/5 epoch=3/3 loss=0.2823 l2=0.2000 label_smoothing=0.000
D step=4/5 epoch=1/3 loss=0.3195 l2=0.2000 label_smoothing=0.000
D step=4/5 epoch=2/3 loss=0.3142 l2=0.2000 label_smoothing=0.000
D step=4/5 epoch=3/3 loss=0.3087 l2=0.2000 label_smoothing=0.000
D step=5/5 epoch=1/3 loss=0.2955 l2=0.2000 label_smoothing=0.000
D step=5/5 epoch=2/3 loss=0.2902 l2=0.2000 label_smoothing=0.000
D step=5/5 epoch=3/3 loss=0.2873 l2=0.2000 label_smoothing=0.000
ADV epoch=14/200 g_loss=0.0159 d_loss=0.3097 reward=0.2067 reward_var=0.0124 unique=0.3400
D step=1/5 epoch=1/3 loss=0.3180 l2=0.2000 label_smoothing=0.000
D step=1/5 epoch=2/3 loss=0.3328 l2=0.2000 label_smoothing=0.000
D step=1/5 epoch=3/3 loss=0.3133 l2=0.2000 label_smoothing=0.000
D step=2/5 epoch=1/3 loss=0.2870 l2=0.2000 label_smoothing=0.000
D step=2/5 epoch=2/3 loss=0.2809 l2=0.2000 label_smoothing=0.000
D step=2/5 epoch=3/3 loss=0.2742 l2=0.2000 label_smoothing=0.000
D step=3/5 epoch=1/3 loss=0.2854 l2=0.2000 label_smoothing=0.000
D step=3/5 epoch=2/3 loss=0.2656 l2=0.2000 label_smoothing=0.000
D step=3/5 epoch=3/3 loss=0.2642 l2=0.2000 label_smoothing=0.000
D step=4/5 epoch=1/3 loss=0.3066 l2=0.2000 label_smoothing=0.000
D step=4/5 epoch=2/3 loss=0.3002 l2=0.2000 label_smoothing=0.000
D step=4/5 epoch=3/3 loss=0.2903 l2=0.2000 label_smoothing=0.000
D step=5/5 epoch=1/3 loss=0.2854 l2=0.2000 label_smoothing=0.000
D step=5/5 epoch=2/3 loss=0.2786 l2=0.2000 label_smoothing=0.000
D step=5/5 epoch=3/3 loss=0.2899 l2=0.2000 label_smoothing=0.000
ADV epoch=15/200 g_loss=0.0259 d_loss=0.2915 reward=0.2096 reward_var=0.0163 unique=0.3800
D step=1/5 epoch=1/3 loss=0.3278 l2=0.2000 label_smoothing=0.000
D step=1/5 epoch=2/3 loss=0.2774 l2=0.2000 label_smoothing=0.000
D step=1/5 epoch=3/3 loss=0.2848 l2=0.2000 label_smoothing=0.000
D step=2/5 epoch=1/3 loss=0.3061 l2=0.2000 label_smoothing=0.000
D step=2/5 epoch=2/3 loss=0.2988 l2=0.2000 label_smoothing=0.000
D step=2/5 epoch=3/3 loss=0.2977 l2=0.2000 label_smoothing=0.000
D step=3/5 epoch=1/3 loss=0.2848 l2=0.2000 label_smoothing=0.000
D step=3/5 epoch=2/3 loss=0.2829 l2=0.2000 label_smoothing=0.000
D step=3/5 epoch=3/3 loss=0.2790 l2=0.2000 label_smoothing=0.000
D step=4/5 epoch=1/3 loss=0.2654 l2=0.2000 label_smoothing=0.000
D step=4/5 epoch=2/3 loss=0.2648 l2=0.2000 label_smoothing=0.000
D step=4/5 epoch=3/3 loss=0.2658 l2=0.2000 label_smoothing=0.000
D step=5/5 epoch=1/3 loss=0.2741 l2=0.2000 label_smoothing=0.000
D step=5/5 epoch=2/3 loss=0.2703 l2=0.2000 label_smoothing=0.000
D step=5/5 epoch=3/3 loss=0.2728 l2=0.2000 label_smoothing=0.000
ADV epoch=16/200 g_loss=0.0301 d_loss=0.2835 reward=0.2157 reward_var=0.0234 unique=0.4000
D step=1/5 epoch=1/3 loss=0.3134 l2=0.2000 label_smoothing=0.000
D step=1/5 epoch=2/3 loss=0.2855 l2=0.2000 label_smoothing=0.000
D step=1/5 epoch=3/3 loss=0.2833 l2=0.2000 label_smoothing=0.000
D step=2/5 epoch=1/3 loss=0.2885 l2=0.2000 label_smoothing=0.000
D step=2/5 epoch=2/3 loss=0.2846 l2=0.2000 label_smoothing=0.000
D step=2/5 epoch=3/3 loss=0.2775 l2=0.2000 label_smoothing=0.000
D step=3/5 epoch=1/3 loss=0.2784 l2=0.2000 label_smoothing=0.000
D step=3/5 epoch=2/3 loss=0.2789 l2=0.2000 label_smoothing=0.000
D step=3/5 epoch=3/3 loss=0.2792 l2=0.2000 label_smoothing=0.000
D step=4/5 epoch=1/3 loss=0.3000 l2=0.2000 label_smoothing=0.000
D step=4/5 epoch=2/3 loss=0.2834 l2=0.2000 label_smoothing=0.000
D step=4/5 epoch=3/3 loss=0.2768 l2=0.2000 label_smoothing=0.000
D step=5/5 epoch=1/3 loss=0.2886 l2=0.2000 label_smoothing=0.000
D step=5/5 epoch=2/3 loss=0.2861 l2=0.2000 label_smoothing=0.000
D step=5/5 epoch=3/3 loss=0.2803 l2=0.2000 label_smoothing=0.000
ADV epoch=17/200 g_loss=0.0273 d_loss=0.2856 reward=0.1734 reward_var=0.0199 unique=0.4000
D step=1/5 epoch=1/3 loss=0.2982 l2=0.2000 label_smoothing=0.000
D step=1/5 epoch=2/3 loss=0.2729 l2=0.2000 label_smoothing=0.000
D step=1/5 epoch=3/3 loss=0.2810 l2=0.2000 label_smoothing=0.000
D step=2/5 epoch=1/3 loss=0.3384 l2=0.2000 label_smoothing=0.000
D step=2/5 epoch=2/3 loss=0.3085 l2=0.2000 label_smoothing=0.000
D step=2/5 epoch=3/3 loss=0.2997 l2=0.2000 label_smoothing=0.000
D step=3/5 epoch=1/3 loss=0.2987 l2=0.2000 label_smoothing=0.000
D step=3/5 epoch=2/3 loss=0.2886 l2=0.2000 label_smoothing=0.000
D step=3/5 epoch=3/3 loss=0.2953 l2=0.2000 label_smoothing=0.000
D step=4/5 epoch=1/3 loss=0.2868 l2=0.2000 label_smoothing=0.000
D step=4/5 epoch=2/3 loss=0.2840 l2=0.2000 label_smoothing=0.000
D step=4/5 epoch=3/3 loss=0.2836 l2=0.2000 label_smoothing=0.000
D step=5/5 epoch=1/3 loss=0.2815 l2=0.2000 label_smoothing=0.000
D step=5/5 epoch=2/3 loss=0.2770 l2=0.2000 label_smoothing=0.000
D step=5/5 epoch=3/3 loss=0.2733 l2=0.2000 label_smoothing=0.000
ADV epoch=18/200 g_loss=0.0303 d_loss=0.2912 reward=0.2430 reward_var=0.0243 unique=0.3400
D step=1/5 epoch=1/3 loss=0.3089 l2=0.2000 label_smoothing=0.000
D step=1/5 epoch=2/3 loss=0.2993 l2=0.2000 label_smoothing=0.000
D step=1/5 epoch=3/3 loss=0.2979 l2=0.2000 label_smoothing=0.000
D step=2/5 epoch=1/3 loss=0.2978 l2=0.2000 label_smoothing=0.000
D step=2/5 epoch=2/3 loss=0.2858 l2=0.2000 label_smoothing=0.000
D step=2/5 epoch=3/3 loss=0.2927 l2=0.2000 label_smoothing=0.000
D step=3/5 epoch=1/3 loss=0.2960 l2=0.2000 label_smoothing=0.000
D step=3/5 epoch=2/3 loss=0.2940 l2=0.2000 label_smoothing=0.000
D step=3/5 epoch=3/3 loss=0.2861 l2=0.2000 label_smoothing=0.000
D step=4/5 epoch=1/3 loss=0.2687 l2=0.2000 label_smoothing=0.000
D step=4/5 epoch=2/3 loss=0.2621 l2=0.2000 label_smoothing=0.000
D step=4/5 epoch=3/3 loss=0.2585 l2=0.2000 label_smoothing=0.000
D step=5/5 epoch=1/3 loss=0.2801 l2=0.2000 label_smoothing=0.000
D step=5/5 epoch=2/3 loss=0.2851 l2=0.2000 label_smoothing=0.000
D step=5/5 epoch=3/3 loss=0.2769 l2=0.2000 label_smoothing=0.000
ADV epoch=19/200 g_loss=0.0160 d_loss=0.2860 reward=0.1665 reward_var=0.0119 unique=0.3200
D step=1/5 epoch=1/3 loss=0.3157 l2=0.2000 label_smoothing=0.000
D step=1/5 epoch=2/3 loss=0.2969 l2=0.2000 label_smoothing=0.000
D step=1/5 epoch=3/3 loss=0.2921 l2=0.2000 label_smoothing=0.000
D step=2/5 epoch=1/3 loss=0.3003 l2=0.2000 label_smoothing=0.000
D step=2/5 epoch=2/3 loss=0.2879 l2=0.2000 label_smoothing=0.000
D step=2/5 epoch=3/3 loss=0.2912 l2=0.2000 label_smoothing=0.000
D step=3/5 epoch=1/3 loss=0.2763 l2=0.2000 label_smoothing=0.000
D step=3/5 epoch=2/3 loss=0.2705 l2=0.2000 label_smoothing=0.000
D step=3/5 epoch=3/3 loss=0.2699 l2=0.2000 label_smoothing=0.000
D step=4/5 epoch=1/3 loss=0.2810 l2=0.2000 label_smoothing=0.000
D step=4/5 epoch=2/3 loss=0.2614 l2=0.2000 label_smoothing=0.000
D step=4/5 epoch=3/3 loss=0.2581 l2=0.2000 label_smoothing=0.000
D step=5/5 epoch=1/3 loss=0.3073 l2=0.2000 label_smoothing=0.000
D step=5/5 epoch=2/3 loss=0.3049 l2=0.2000 label_smoothing=0.000
D step=5/5 epoch=3/3 loss=0.2936 l2=0.2000 label_smoothing=0.000
ADV epoch=20/200 g_loss=0.0193 d_loss=0.2872 reward=0.1900 reward_var=0.0188 unique=0.3800
D step=1/5 epoch=1/3 loss=0.2972 l2=0.2000 label_smoothing=0.000
D step=1/5 epoch=2/3 loss=0.2722 l2=0.2000 label_smoothing=0.000
D step=1/5 epoch=3/3 loss=0.2820 l2=0.2000 label_smoothing=0.000
D step=2/5 epoch=1/3 loss=0.2577 l2=0.2000 label_smoothing=0.000
D step=2/5 epoch=2/3 loss=0.2546 l2=0.2000 label_smoothing=0.000
D step=2/5 epoch=3/3 loss=0.2471 l2=0.2000 label_smoothing=0.000
D step=3/5 epoch=1/3 loss=0.2702 l2=0.2000 label_smoothing=0.000
D step=3/5 epoch=2/3 loss=0.2668 l2=0.2000 label_smoothing=0.000
D step=3/5 epoch=3/3 loss=0.2615 l2=0.2000 label_smoothing=0.000
D step=4/5 epoch=1/3 loss=0.2997 l2=0.2000 label_smoothing=0.000
D step=4/5 epoch=2/3 loss=0.2811 l2=0.2000 label_smoothing=0.000
D step=4/5 epoch=3/3 loss=0.2802 l2=0.2000 label_smoothing=0.000
D step=5/5 epoch=1/3 loss=0.3019 l2=0.2000 label_smoothing=0.000
D step=5/5 epoch=2/3 loss=0.2966 l2=0.2000 label_smoothing=0.000
D step=5/5 epoch=3/3 loss=0.2858 l2=0.2000 label_smoothing=0.000
ADV epoch=21/200 g_loss=0.0167 d_loss=0.2770 reward=0.1738 reward_var=0.0082 unique=0.4000
D step=1/5 epoch=1/3 loss=0.3113 l2=0.2000 label_smoothing=0.000
D step=1/5 epoch=2/3 loss=0.2833 l2=0.2000 label_smoothing=0.000
D step=1/5 epoch=3/3 loss=0.2815 l2=0.2000 label_smoothing=0.000
D step=2/5 epoch=1/3 loss=0.2921 l2=0.2000 label_smoothing=0.000
D step=2/5 epoch=2/3 loss=0.2872 l2=0.2000 label_smoothing=0.000
D step=2/5 epoch=3/3 loss=0.2783 l2=0.2000 label_smoothing=0.000
D step=3/5 epoch=1/3 loss=0.3153 l2=0.2000 label_smoothing=0.000
D step=3/5 epoch=2/3 loss=0.3067 l2=0.2000 label_smoothing=0.000
D step=3/5 epoch=3/3 loss=0.2996 l2=0.2000 label_smoothing=0.000
D step=4/5 epoch=1/3 loss=0.2751 l2=0.2000 label_smoothing=0.000
D step=4/5 epoch=2/3 loss=0.2868 l2=0.2000 label_smoothing=0.000
D step=4/5 epoch=3/3 loss=0.2752 l2=0.2000 label_smoothing=0.000
D step=5/5 epoch=1/3 loss=0.2994 l2=0.2000 label_smoothing=0.000
D step=5/5 epoch=2/3 loss=0.2956 l2=0.2000 label_smoothing=0.000
D step=5/5 epoch=3/3 loss=0.2933 l2=0.2000 label_smoothing=0.000
ADV epoch=22/200 g_loss=0.0170 d_loss=0.2920 reward=0.1613 reward_var=0.0077 unique=0.4200
D step=1/5 epoch=1/3 loss=0.3619 l2=0.2000 label_smoothing=0.000
D step=1/5 epoch=2/3 loss=0.3176 l2=0.2000 label_smoothing=0.000
D step=1/5 epoch=3/3 loss=0.3084 l2=0.2000 label_smoothing=0.000
D step=2/5 epoch=1/3 loss=0.3088 l2=0.2000 label_smoothing=0.000
D step=2/5 epoch=2/3 loss=0.3037 l2=0.2000 label_smoothing=0.000
D step=2/5 epoch=3/3 loss=0.2957 l2=0.2000 label_smoothing=0.000
D step=3/5 epoch=1/3 loss=0.2797 l2=0.2000 label_smoothing=0.000
D step=3/5 epoch=2/3 loss=0.2739 l2=0.2000 label_smoothing=0.000
D step=3/5 epoch=3/3 loss=0.2712 l2=0.2000 label_smoothing=0.000
D step=4/5 epoch=1/3 loss=0.3180 l2=0.2000 label_smoothing=0.000
D step=4/5 epoch=2/3 loss=0.3104 l2=0.2000 label_smoothing=0.000
D step=4/5 epoch=3/3 loss=0.3109 l2=0.2000 label_smoothing=0.000
D step=5/5 epoch=1/3 loss=0.3019 l2=0.2000 label_smoothing=0.000
D step=5/5 epoch=2/3 loss=0.2997 l2=0.2000 label_smoothing=0.000
D step=5/5 epoch=3/3 loss=0.2914 l2=0.2000 label_smoothing=0.000
ADV epoch=23/200 g_loss=0.0197 d_loss=0.3035 reward=0.2058 reward_var=0.0093 unique=0.4200
D step=1/5 epoch=1/3 loss=0.3179 l2=0.2000 label_smoothing=0.000
D step=1/5 epoch=2/3 loss=0.2856 l2=0.2000 label_smoothing=0.000
D step=1/5 epoch=3/3 loss=0.2905 l2=0.2000 label_smoothing=0.000
D step=2/5 epoch=1/3 loss=0.2811 l2=0.2000 label_smoothing=0.000
D step=2/5 epoch=2/3 loss=0.2809 l2=0.2000 label_smoothing=0.000
D step=2/5 epoch=3/3 loss=0.2771 l2=0.2000 label_smoothing=0.000
D step=3/5 epoch=1/3 loss=0.3149 l2=0.2000 label_smoothing=0.000
D step=3/5 epoch=2/3 loss=0.3111 l2=0.2000 label_smoothing=0.000
D step=3/5 epoch=3/3 loss=0.3063 l2=0.2000 label_smoothing=0.000
D step=4/5 epoch=1/3 loss=0.3030 l2=0.2000 label_smoothing=0.000
D step=4/5 epoch=2/3 loss=0.2987 l2=0.2000 label_smoothing=0.000
D step=4/5 epoch=3/3 loss=0.2955 l2=0.2000 label_smoothing=0.000
D step=5/5 epoch=1/3 loss=0.2899 l2=0.2000 label_smoothing=0.000
D step=5/5 epoch=2/3 loss=0.2876 l2=0.2000 label_smoothing=0.000
D step=5/5 epoch=3/3 loss=0.2798 l2=0.2000 label_smoothing=0.000
ADV epoch=24/200 g_loss=0.0148 d_loss=0.2947 reward=0.1547 reward_var=0.0074 unique=0.3600
D step=1/5 epoch=1/3 loss=0.2954 l2=0.2000 label_smoothing=0.000
D step=1/5 epoch=2/3 loss=0.2919 l2=0.2000 label_smoothing=0.000
D step=1/5 epoch=3/3 loss=0.2850 l2=0.2000 label_smoothing=0.000
D step=2/5 epoch=1/3 loss=0.3025 l2=0.2000 label_smoothing=0.000
D step=2/5 epoch=2/3 loss=0.2950 l2=0.2000 label_smoothing=0.000
D step=2/5 epoch=3/3 loss=0.2919 l2=0.2000 label_smoothing=0.000
D step=3/5 epoch=1/3 loss=0.2735 l2=0.2000 label_smoothing=0.000
D step=3/5 epoch=2/3 loss=0.2686 l2=0.2000 label_smoothing=0.000
D step=3/5 epoch=3/3 loss=0.2553 l2=0.2000 label_smoothing=0.000
D step=4/5 epoch=1/3 loss=0.3208 l2=0.2000 label_smoothing=0.000
D step=4/5 epoch=2/3 loss=0.2986 l2=0.2000 label_smoothing=0.000
D step=4/5 epoch=3/3 loss=0.2978 l2=0.2000 label_smoothing=0.000
D step=5/5 epoch=1/3 loss=0.2941 l2=0.2000 label_smoothing=0.000
D step=5/5 epoch=2/3 loss=0.2902 l2=0.2000 label_smoothing=0.000
D step=5/5 epoch=3/3 loss=0.2918 l2=0.2000 label_smoothing=0.000
ADV epoch=25/200 g_loss=0.0205 d_loss=0.2902 reward=0.1952 reward_var=0.0121 unique=0.3000
D step=1/5 epoch=1/3 loss=0.2893 l2=0.2000 label_smoothing=0.000
D step=1/5 epoch=2/3 loss=0.2783 l2=0.2000 label_smoothing=0.000
D step=1/5 epoch=3/3 loss=0.2769 l2=0.2000 label_smoothing=0.000
D step=2/5 epoch=1/3 loss=0.3084 l2=0.2000 label_smoothing=0.000
D step=2/5 epoch=2/3 loss=0.3085 l2=0.2000 label_smoothing=0.000
D step=2/5 epoch=3/3 loss=0.3050 l2=0.2000 label_smoothing=0.000
D step=3/5 epoch=1/3 loss=0.3345 l2=0.2000 label_smoothing=0.000
D step=3/5 epoch=2/3 loss=0.3211 l2=0.2000 label_smoothing=0.000
D step=3/5 epoch=3/3 loss=0.3242 l2=0.2000 label_smoothing=0.000
D step=4/5 epoch=1/3 loss=0.2946 l2=0.2000 label_smoothing=0.000
D step=4/5 epoch=2/3 loss=0.2933 l2=0.2000 label_smoothing=0.000
D step=4/5 epoch=3/3 loss=0.2850 l2=0.2000 label_smoothing=0.000
D step=5/5 epoch=1/3 loss=0.3074 l2=0.2000 label_smoothing=0.000
D step=5/5 epoch=2/3 loss=0.2964 l2=0.2000 label_smoothing=0.000
D step=5/5 epoch=3/3 loss=0.2975 l2=0.2000 label_smoothing=0.000
ADV epoch=26/200 g_loss=0.0213 d_loss=0.3014 reward=0.1809 reward_var=0.0119 unique=0.2600
D step=1/5 epoch=1/3 loss=0.3472 l2=0.2000 label_smoothing=0.000
D step=1/5 epoch=2/3 loss=0.3152 l2=0.2000 label_smoothing=0.000
D step=1/5 epoch=3/3 loss=0.3085 l2=0.2000 label_smoothing=0.000
D step=2/5 epoch=1/3 loss=0.3213 l2=0.2000 label_smoothing=0.000
D step=2/5 epoch=2/3 loss=0.3103 l2=0.2000 label_smoothing=0.000
D step=2/5 epoch=3/3 loss=0.2994 l2=0.2000 label_smoothing=0.000
D step=3/5 epoch=1/3 loss=0.3041 l2=0.2000 label_smoothing=0.000
D step=3/5 epoch=2/3 loss=0.2938 l2=0.2000 label_smoothing=0.000
D step=3/5 epoch=3/3 loss=0.2845 l2=0.2000 label_smoothing=0.000
D step=4/5 epoch=1/3 loss=0.3167 l2=0.2000 label_smoothing=0.000
D step=4/5 epoch=2/3 loss=0.3110 l2=0.2000 label_smoothing=0.000
D step=4/5 epoch=3/3 loss=0.3103 l2=0.2000 label_smoothing=0.000
D step=5/5 epoch=1/3 loss=0.2986 l2=0.2000 label_smoothing=0.000
D step=5/5 epoch=2/3 loss=0.2982 l2=0.2000 label_smoothing=0.000
D step=5/5 epoch=3/3 loss=0.2915 l2=0.2000 label_smoothing=0.000
ADV epoch=27/200 g_loss=0.0146 d_loss=0.3074 reward=0.2021 reward_var=0.0104 unique=0.3000
D step=1/5 epoch=1/3 loss=0.2854 l2=0.2000 label_smoothing=0.000
D step=1/5 epoch=2/3 loss=0.2801 l2=0.2000 label_smoothing=0.000
D step=1/5 epoch=3/3 loss=0.2765 l2=0.2000 label_smoothing=0.000
D step=2/5 epoch=1/3 loss=0.2629 l2=0.2000 label_smoothing=0.000
D step=2/5 epoch=2/3 loss=0.2606 l2=0.2000 label_smoothing=0.000
D step=2/5 epoch=3/3 loss=0.2611 l2=0.2000 label_smoothing=0.000
D step=3/5 epoch=1/3 loss=0.2703 l2=0.2000 label_smoothing=0.000
D step=3/5 epoch=2/3 loss=0.2707 l2=0.2000 label_smoothing=0.000
D step=3/5 epoch=3/3 loss=0.2653 l2=0.2000 label_smoothing=0.000
D step=4/5 epoch=1/3 loss=0.2859 l2=0.2000 label_smoothing=0.000
D step=4/5 epoch=2/3 loss=0.2901 l2=0.2000 label_smoothing=0.000
D step=4/5 epoch=3/3 loss=0.2834 l2=0.2000 label_smoothing=0.000
D step=5/5 epoch=1/3 loss=0.3423 l2=0.2000 label_smoothing=0.000
D step=5/5 epoch=2/3 loss=0.3224 l2=0.2000 label_smoothing=0.000
D step=5/5 epoch=3/3 loss=0.3188 l2=0.2000 label_smoothing=0.000
ADV epoch=28/200 g_loss=0.0165 d_loss=0.2850 reward=0.1674 reward_var=0.0047 unique=0.2000
D step=1/5 epoch=1/3 loss=0.3086 l2=0.2000 label_smoothing=0.000
D step=1/5 epoch=2/3 loss=0.3018 l2=0.2000 label_smoothing=0.000
D step=1/5 epoch=3/3 loss=0.2978 l2=0.2000 label_smoothing=0.000
D step=2/5 epoch=1/3 loss=0.2758 l2=0.2000 label_smoothing=0.000
D step=2/5 epoch=2/3 loss=0.2765 l2=0.2000 label_smoothing=0.000
D step=2/5 epoch=3/3 loss=0.2721 l2=0.2000 label_smoothing=0.000
D step=3/5 epoch=1/3 loss=0.3036 l2=0.2000 label_smoothing=0.000
D step=3/5 epoch=2/3 loss=0.3034 l2=0.2000 label_smoothing=0.000
D step=3/5 epoch=3/3 loss=0.2982 l2=0.2000 label_smoothing=0.000
D step=4/5 epoch=1/3 loss=0.3133 l2=0.2000 label_smoothing=0.000
D step=4/5 epoch=2/3 loss=0.3060 l2=0.2000 label_smoothing=0.000
D step=4/5 epoch=3/3 loss=0.2953 l2=0.2000 label_smoothing=0.000
D step=5/5 epoch=1/3 loss=0.3291 l2=0.2000 label_smoothing=0.000
D step=5/5 epoch=2/3 loss=0.3028 l2=0.2000 label_smoothing=0.000
D step=5/5 epoch=3/3 loss=0.3039 l2=0.2000 label_smoothing=0.000
ADV epoch=29/200 g_loss=0.0134 d_loss=0.2992 reward=0.2423 reward_var=0.0038 unique=0.2000
D step=1/5 epoch=1/3 loss=0.3237 l2=0.2000 label_smoothing=0.000
D step=1/5 epoch=2/3 loss=0.3223 l2=0.2000 label_smoothing=0.000
D step=1/5 epoch=3/3 loss=0.3109 l2=0.2000 label_smoothing=0.000
D step=2/5 epoch=1/3 loss=0.3111 l2=0.2000 label_smoothing=0.000
D step=2/5 epoch=2/3 loss=0.3033 l2=0.2000 label_smoothing=0.000
D step=2/5 epoch=3/3 loss=0.3029 l2=0.2000 label_smoothing=0.000
D step=3/5 epoch=1/3 loss=0.2926 l2=0.2000 label_smoothing=0.000
D step=3/5 epoch=2/3 loss=0.2885 l2=0.2000 label_smoothing=0.000
D step=3/5 epoch=3/3 loss=0.2814 l2=0.2000 label_smoothing=0.000
D step=4/5 epoch=1/3 loss=0.2860 l2=0.2000 label_smoothing=0.000
D step=4/5 epoch=2/3 loss=0.2798 l2=0.2000 label_smoothing=0.000
D step=4/5 epoch=3/3 loss=0.2772 l2=0.2000 label_smoothing=0.000
D step=5/5 epoch=1/3 loss=0.3153 l2=0.2000 label_smoothing=0.000
D step=5/5 epoch=2/3 loss=0.2969 l2=0.2000 label_smoothing=0.000
D step=5/5 epoch=3/3 loss=0.3020 l2=0.2000 label_smoothing=0.000
ADV epoch=30/200 g_loss=0.0123 d_loss=0.2996 reward=0.1718 reward_var=0.0048 unique=0.3200
D step=1/5 epoch=1/3 loss=0.3063 l2=0.2000 label_smoothing=0.000
D step=1/5 epoch=2/3 loss=0.3001 l2=0.2000 label_smoothing=0.000
D step=1/5 epoch=3/3 loss=0.2926 l2=0.2000 label_smoothing=0.000
D step=2/5 epoch=1/3 loss=0.3400 l2=0.2000 label_smoothing=0.000
D step=2/5 epoch=2/3 loss=0.3278 l2=0.2000 label_smoothing=0.000
D step=2/5 epoch=3/3 loss=0.3240 l2=0.2000 label_smoothing=0.000
D step=3/5 epoch=1/3 loss=0.3199 l2=0.2000 label_smoothing=0.000
D step=3/5 epoch=2/3 loss=0.3076 l2=0.2000 label_smoothing=0.000
D step=3/5 epoch=3/3 loss=0.2972 l2=0.2000 label_smoothing=0.000
D step=4/5 epoch=1/3 loss=0.2860 l2=0.2000 label_smoothing=0.000
D step=4/5 epoch=2/3 loss=0.2839 l2=0.2000 label_smoothing=0.000
D step=4/5 epoch=3/3 loss=0.2840 l2=0.2000 label_smoothing=0.000
D step=5/5 epoch=1/3 loss=0.3199 l2=0.2000 label_smoothing=0.000
D step=5/5 epoch=2/3 loss=0.3161 l2=0.2000 label_smoothing=0.000
D step=5/5 epoch=3/3 loss=0.3142 l2=0.2000 label_smoothing=0.000
ADV epoch=31/200 g_loss=0.0171 d_loss=0.3080 reward=0.2090 reward_var=0.0108 unique=0.2000
D step=1/5 epoch=1/3 loss=0.3302 l2=0.2000 label_smoothing=0.000
D step=1/5 epoch=2/3 loss=0.2963 l2=0.2000 label_smoothing=0.000
D step=1/5 epoch=3/3 loss=0.2967 l2=0.2000 label_smoothing=0.000
D step=2/5 epoch=1/3 loss=0.3065 l2=0.2000 label_smoothing=0.000
D step=2/5 epoch=2/3 loss=0.2950 l2=0.2000 label_smoothing=0.000
D step=2/5 epoch=3/3 loss=0.2921 l2=0.2000 label_smoothing=0.000
D step=3/5 epoch=1/3 loss=0.2854 l2=0.2000 label_smoothing=0.000
D step=3/5 epoch=2/3 loss=0.2891 l2=0.2000 label_smoothing=0.000
D step=3/5 epoch=3/3 loss=0.2864 l2=0.2000 label_smoothing=0.000
D step=4/5 epoch=1/3 loss=0.2802 l2=0.2000 label_smoothing=0.000
D step=4/5 epoch=2/3 loss=0.2826 l2=0.2000 label_smoothing=0.000
D step=4/5 epoch=3/3 loss=0.2834 l2=0.2000 label_smoothing=0.000
D step=5/5 epoch=1/3 loss=0.2785 l2=0.2000 label_smoothing=0.000
D step=5/5 epoch=2/3 loss=0.2704 l2=0.2000 label_smoothing=0.000
D step=5/5 epoch=3/3 loss=0.2702 l2=0.2000 label_smoothing=0.000
ADV epoch=32/200 g_loss=0.0157 d_loss=0.2895 reward=0.2059 reward_var=0.0039 unique=0.2800
D step=1/5 epoch=1/3 loss=0.2812 l2=0.2000 label_smoothing=0.000
D step=1/5 epoch=2/3 loss=0.2645 l2=0.2000 label_smoothing=0.000
D step=1/5 epoch=3/3 loss=0.2615 l2=0.2000 label_smoothing=0.000
D step=2/5 epoch=1/3 loss=0.3041 l2=0.2000 label_smoothing=0.000
D step=2/5 epoch=2/3 loss=0.2973 l2=0.2000 label_smoothing=0.000
D step=2/5 epoch=3/3 loss=0.2927 l2=0.2000 label_smoothing=0.000
D step=3/5 epoch=1/3 loss=0.3111 l2=0.2000 label_smoothing=0.000
D step=3/5 epoch=2/3 loss=0.2971 l2=0.2000 label_smoothing=0.000
D step=3/5 epoch=3/3 loss=0.3016 l2=0.2000 label_smoothing=0.000
D step=4/5 epoch=1/3 loss=0.3169 l2=0.2000 label_smoothing=0.000
D step=4/5 epoch=2/3 loss=0.3042 l2=0.2000 label_smoothing=0.000
D step=4/5 epoch=3/3 loss=0.2957 l2=0.2000 label_smoothing=0.000
D step=5/5 epoch=1/3 loss=0.2883 l2=0.2000 label_smoothing=0.000
D step=5/5 epoch=2/3 loss=0.2804 l2=0.2000 label_smoothing=0.000
D step=5/5 epoch=3/3 loss=0.2755 l2=0.2000 label_smoothing=0.000
ADV epoch=33/200 g_loss=0.0096 d_loss=0.2915 reward=0.1645 reward_var=0.0036 unique=0.1800
D step=1/5 epoch=1/3 loss=0.3272 l2=0.2000 label_smoothing=0.000
D step=1/5 epoch=2/3 loss=0.3160 l2=0.2000 label_smoothing=0.000
D step=1/5 epoch=3/3 loss=0.3139 l2=0.2000 label_smoothing=0.000
D step=2/5 epoch=1/3 loss=0.3056 l2=0.2000 label_smoothing=0.000
D step=2/5 epoch=2/3 loss=0.3090 l2=0.2000 label_smoothing=0.000
D step=2/5 epoch=3/3 loss=0.3085 l2=0.2000 label_smoothing=0.000
D step=3/5 epoch=1/3 loss=0.2781 l2=0.2000 label_smoothing=0.000
D step=3/5 epoch=2/3 loss=0.2705 l2=0.2000 label_smoothing=0.000
D step=3/5 epoch=3/3 loss=0.2693 l2=0.2000 label_smoothing=0.000
D step=4/5 epoch=1/3 loss=0.3032 l2=0.2000 label_smoothing=0.000
D step=4/5 epoch=2/3 loss=0.3001 l2=0.2000 label_smoothing=0.000
D step=4/5 epoch=3/3 loss=0.2994 l2=0.2000 label_smoothing=0.000
D step=5/5 epoch=1/3 loss=0.3292 l2=0.2000 label_smoothing=0.000
D step=5/5 epoch=2/3 loss=0.3207 l2=0.2000 label_smoothing=0.000
D step=5/5 epoch=3/3 loss=0.3198 l2=0.2000 label_smoothing=0.000
ADV epoch=34/200 g_loss=0.0160 d_loss=0.3047 reward=0.1640 reward_var=0.0055 unique=0.2200
D step=1/5 epoch=1/3 loss=0.3092 l2=0.2000 label_smoothing=0.000
D step=1/5 epoch=2/3 loss=0.2941 l2=0.2000 label_smoothing=0.000
D step=1/5 epoch=3/3 loss=0.2846 l2=0.2000 label_smoothing=0.000
D step=2/5 epoch=1/3 loss=0.3130 l2=0.2000 label_smoothing=0.000
D step=2/5 epoch=2/3 loss=0.3024 l2=0.2000 label_smoothing=0.000
D step=2/5 epoch=3/3 loss=0.2953 l2=0.2000 label_smoothing=0.000
D step=3/5 epoch=1/3 loss=0.3404 l2=0.2000 label_smoothing=0.000
D step=3/5 epoch=2/3 loss=0.3166 l2=0.2000 label_smoothing=0.000
D step=3/5 epoch=3/3 loss=0.2986 l2=0.2000 label_smoothing=0.000
D step=4/5 epoch=1/3 loss=0.2974 l2=0.2000 label_smoothing=0.000
D step=4/5 epoch=2/3 loss=0.3039 l2=0.2000 label_smoothing=0.000
D step=4/5 epoch=3/3 loss=0.3000 l2=0.2000 label_smoothing=0.000
D step=5/5 epoch=1/3 loss=0.3043 l2=0.2000 label_smoothing=0.000
D step=5/5 epoch=2/3 loss=0.3024 l2=0.2000 label_smoothing=0.000
D step=5/5 epoch=3/3 loss=0.3062 l2=0.2000 label_smoothing=0.000
ADV epoch=35/200 g_loss=0.0167 d_loss=0.3046 reward=0.2190 reward_var=0.0092 unique=0.2200
D step=1/5 epoch=1/3 loss=0.2841 l2=0.2000 label_smoothing=0.000
D step=1/5 epoch=2/3 loss=0.2718 l2=0.2000 label_smoothing=0.000
D step=1/5 epoch=3/3 loss=0.2695 l2=0.2000 label_smoothing=0.000
D step=2/5 epoch=1/3 loss=0.3075 l2=0.2000 label_smoothing=0.000
D step=2/5 epoch=2/3 loss=0.2946 l2=0.2000 label_smoothing=0.000
D step=2/5 epoch=3/3 loss=0.2913 l2=0.2000 label_smoothing=0.000
D step=3/5 epoch=1/3 loss=0.2644 l2=0.2000 label_smoothing=0.000
D step=3/5 epoch=2/3 loss=0.2660 l2=0.2000 label_smoothing=0.000
D step=3/5 epoch=3/3 loss=0.2626 l2=0.2000 label_smoothing=0.000
D step=4/5 epoch=1/3 loss=0.3082 l2=0.2000 label_smoothing=0.000
D step=4/5 epoch=2/3 loss=0.3128 l2=0.2000 label_smoothing=0.000
D step=4/5 epoch=3/3 loss=0.3047 l2=0.2000 label_smoothing=0.000
D step=5/5 epoch=1/3 loss=0.3255 l2=0.2000 label_smoothing=0.000
D step=5/5 epoch=2/3 loss=0.3067 l2=0.2000 label_smoothing=0.000
D step=5/5 epoch=3/3 loss=0.3111 l2=0.2000 label_smoothing=0.000
ADV epoch=36/200 g_loss=0.0166 d_loss=0.2920 reward=0.2018 reward_var=0.0108 unique=0.2600
D step=1/5 epoch=1/3 loss=0.2877 l2=0.2000 label_smoothing=0.000
D step=1/5 epoch=2/3 loss=0.2830 l2=0.2000 label_smoothing=0.000
D step=1/5 epoch=3/3 loss=0.2826 l2=0.2000 label_smoothing=0.000
D step=2/5 epoch=1/3 loss=0.3178 l2=0.2000 label_smoothing=0.000
D step=2/5 epoch=2/3 loss=0.3052 l2=0.2000 label_smoothing=0.000
D step=2/5 epoch=3/3 loss=0.3080 l2=0.2000 label_smoothing=0.000
D step=3/5 epoch=1/3 loss=0.3078 l2=0.2000 label_smoothing=0.000
D step=3/5 epoch=2/3 loss=0.2942 l2=0.2000 label_smoothing=0.000
D step=3/5 epoch=3/3 loss=0.2934 l2=0.2000 label_smoothing=0.000
D step=4/5 epoch=1/3 loss=0.2858 l2=0.2000 label_smoothing=0.000
D step=4/5 epoch=2/3 loss=0.2831 l2=0.2000 label_smoothing=0.000
D step=4/5 epoch=3/3 loss=0.2888 l2=0.2000 label_smoothing=0.000
D step=5/5 epoch=1/3 loss=0.2969 l2=0.2000 label_smoothing=0.000
D step=5/5 epoch=2/3 loss=0.2950 l2=0.2000 label_smoothing=0.000
D step=5/5 epoch=3/3 loss=0.2954 l2=0.2000 label_smoothing=0.000
ADV epoch=37/200 g_loss=0.0125 d_loss=0.2950 reward=0.1795 reward_var=0.0054 unique=0.2800
D step=1/5 epoch=1/3 loss=0.3047 l2=0.2000 label_smoothing=0.000
D step=1/5 epoch=2/3 loss=0.2915 l2=0.2000 label_smoothing=0.000
D step=1/5 epoch=3/3 loss=0.2910 l2=0.2000 label_smoothing=0.000
D step=2/5 epoch=1/3 loss=0.3159 l2=0.2000 label_smoothing=0.000
D step=2/5 epoch=2/3 loss=0.3015 l2=0.2000 label_smoothing=0.000
D step=2/5 epoch=3/3 loss=0.2937 l2=0.2000 label_smoothing=0.000
D step=3/5 epoch=1/3 loss=0.3108 l2=0.2000 label_smoothing=0.000
D step=3/5 epoch=2/3 loss=0.3099 l2=0.2000 label_smoothing=0.000
D step=3/5 epoch=3/3 loss=0.3125 l2=0.2000 label_smoothing=0.000
D step=4/5 epoch=1/3 loss=0.3046 l2=0.2000 label_smoothing=0.000
D step=4/5 epoch=2/3 loss=0.3054 l2=0.2000 label_smoothing=0.000
D step=4/5 epoch=3/3 loss=0.3035 l2=0.2000 label_smoothing=0.000
D step=5/5 epoch=1/3 loss=0.2923 l2=0.2000 label_smoothing=0.000
D step=5/5 epoch=2/3 loss=0.2871 l2=0.2000 label_smoothing=0.000
D step=5/5 epoch=3/3 loss=0.2805 l2=0.2000 label_smoothing=0.000
ADV epoch=38/200 g_loss=0.0197 d_loss=0.3003 reward=0.1995 reward_var=0.0049 unique=0.2800
D step=1/5 epoch=1/3 loss=0.3275 l2=0.2000 label_smoothing=0.000
D step=1/5 epoch=2/3 loss=0.3102 l2=0.2000 label_smoothing=0.000
D step=1/5 epoch=3/3 loss=0.3081 l2=0.2000 label_smoothing=0.000
D step=2/5 epoch=1/3 loss=0.3272 l2=0.2000 label_smoothing=0.000
D step=2/5 epoch=2/3 loss=0.3144 l2=0.2000 label_smoothing=0.000
D step=2/5 epoch=3/3 loss=0.3087 l2=0.2000 label_smoothing=0.000
D step=3/5 epoch=1/3 loss=0.2758 l2=0.2000 label_smoothing=0.000
D step=3/5 epoch=2/3 loss=0.2797 l2=0.2000 label_smoothing=0.000
D step=3/5 epoch=3/3 loss=0.2727 l2=0.2000 label_smoothing=0.000
D step=4/5 epoch=1/3 loss=0.3287 l2=0.2000 label_smoothing=0.000
D step=4/5 epoch=2/3 loss=0.3175 l2=0.2000 label_smoothing=0.000
D step=4/5 epoch=3/3 loss=0.3093 l2=0.2000 label_smoothing=0.000
D step=5/5 epoch=1/3 loss=0.2925 l2=0.2000 label_smoothing=0.000
D step=5/5 epoch=2/3 loss=0.2800 l2=0.2000 label_smoothing=0.000
D step=5/5 epoch=3/3 loss=0.2762 l2=0.2000 label_smoothing=0.000
ADV epoch=39/200 g_loss=0.0111 d_loss=0.3019 reward=0.1895 reward_var=0.0029 unique=0.2200
D step=1/5 epoch=1/3 loss=0.3447 l2=0.2000 label_smoothing=0.000
D step=1/5 epoch=2/3 loss=0.3216 l2=0.2000 label_smoothing=0.000
D step=1/5 epoch=3/3 loss=0.3156 l2=0.2000 label_smoothing=0.000
D step=2/5 epoch=1/3 loss=0.3217 l2=0.2000 label_smoothing=0.000
D step=2/5 epoch=2/3 loss=0.3105 l2=0.2000 label_smoothing=0.000
D step=2/5 epoch=3/3 loss=0.3148 l2=0.2000 label_smoothing=0.000
D step=3/5 epoch=1/3 loss=0.3111 l2=0.2000 label_smoothing=0.000
D step=3/5 epoch=2/3 loss=0.3116 l2=0.2000 label_smoothing=0.000
D step=3/5 epoch=3/3 loss=0.3091 l2=0.2000 label_smoothing=0.000
D step=4/5 epoch=1/3 loss=0.3098 l2=0.2000 label_smoothing=0.000
D step=4/5 epoch=2/3 loss=0.3122 l2=0.2000 label_smoothing=0.000
D step=4/5 epoch=3/3 loss=0.3048 l2=0.2000 label_smoothing=0.000
D step=5/5 epoch=1/3 loss=0.3319 l2=0.2000 label_smoothing=0.000
D step=5/5 epoch=2/3 loss=0.3281 l2=0.2000 label_smoothing=0.000
D step=5/5 epoch=3/3 loss=0.3258 l2=0.2000 label_smoothing=0.000
ADV epoch=40/200 g_loss=0.0123 d_loss=0.3182 reward=0.1611 reward_var=0.0026 unique=0.2200
D step=1/5 epoch=1/3 loss=0.3516 l2=0.2000 label_smoothing=0.000
D step=1/5 epoch=2/3 loss=0.3375 l2=0.2000 label_smoothing=0.000
D step=1/5 epoch=3/3 loss=0.3244 l2=0.2000 label_smoothing=0.000
D step=2/5 epoch=1/3 loss=0.3424 l2=0.2000 label_smoothing=0.000
D step=2/5 epoch=2/3 loss=0.3420 l2=0.2000 label_smoothing=0.000
D step=2/5 epoch=3/3 loss=0.3402 l2=0.2000 label_smoothing=0.000
D step=3/5 epoch=1/3 loss=0.3049 l2=0.2000 label_smoothing=0.000
D step=3/5 epoch=2/3 loss=0.3014 l2=0.2000 label_smoothing=0.000
D step=3/5 epoch=3/3 loss=0.3009 l2=0.2000 label_smoothing=0.000
D step=4/5 epoch=1/3 loss=0.3198 l2=0.2000 label_smoothing=0.000
D step=4/5 epoch=2/3 loss=0.3073 l2=0.2000 label_smoothing=0.000
D step=4/5 epoch=3/3 loss=0.2947 l2=0.2000 label_smoothing=0.000
D step=5/5 epoch=1/3 loss=0.3256 l2=0.2000 label_smoothing=0.000
D step=5/5 epoch=2/3 loss=0.3176 l2=0.2000 label_smoothing=0.000
D step=5/5 epoch=3/3 loss=0.3163 l2=0.2000 label_smoothing=0.000
ADV epoch=41/200 g_loss=0.0270 d_loss=0.3218 reward=0.2542 reward_var=0.0101 unique=0.2600
D step=1/5 epoch=1/3 loss=0.3219 l2=0.2000 label_smoothing=0.000
D step=1/5 epoch=2/3 loss=0.3152 l2=0.2000 label_smoothing=0.000
D step=1/5 epoch=3/3 loss=0.3095 l2=0.2000 label_smoothing=0.000
D step=2/5 epoch=1/3 loss=0.3224 l2=0.2000 label_smoothing=0.000
D step=2/5 epoch=2/3 loss=0.3097 l2=0.2000 label_smoothing=0.000
D step=2/5 epoch=3/3 loss=0.3029 l2=0.2000 label_smoothing=0.000
D step=3/5 epoch=1/3 loss=0.2806 l2=0.2000 label_smoothing=0.000
D step=3/5 epoch=2/3 loss=0.2681 l2=0.2000 label_smoothing=0.000
D step=3/5 epoch=3/3 loss=0.2637 l2=0.2000 label_smoothing=0.000
D step=4/5 epoch=1/3 loss=0.3155 l2=0.2000 label_smoothing=0.000
D step=4/5 epoch=2/3 loss=0.3073 l2=0.2000 label_smoothing=0.000
D step=4/5 epoch=3/3 loss=0.3103 l2=0.2000 label_smoothing=0.000
D step=5/5 epoch=1/3 loss=0.2948 l2=0.2000 label_smoothing=0.000
D step=5/5 epoch=2/3 loss=0.2896 l2=0.2000 label_smoothing=0.000
D step=5/5 epoch=3/3 loss=0.2859 l2=0.2000 label_smoothing=0.000
ADV epoch=42/200 g_loss=0.0219 d_loss=0.2998 reward=0.2408 reward_var=0.0078 unique=0.2600
D step=1/5 epoch=1/3 loss=0.3008 l2=0.2000 label_smoothing=0.000
D step=1/5 epoch=2/3 loss=0.2960 l2=0.2000 label_smoothing=0.000
D step=1/5 epoch=3/3 loss=0.2943 l2=0.2000 label_smoothing=0.000
D step=2/5 epoch=1/3 loss=0.3071 l2=0.2000 label_smoothing=0.000
D step=2/5 epoch=2/3 loss=0.2938 l2=0.2000 label_smoothing=0.000
D step=2/5 epoch=3/3 loss=0.2844 l2=0.2000 label_smoothing=0.000
D step=3/5 epoch=1/3 loss=0.3284 l2=0.2000 label_smoothing=0.000
D step=3/5 epoch=2/3 loss=0.3253 l2=0.2000 label_smoothing=0.000
D step=3/5 epoch=3/3 loss=0.3222 l2=0.2000 label_smoothing=0.000
D step=4/5 epoch=1/3 loss=0.2974 l2=0.2000 label_smoothing=0.000
D step=4/5 epoch=2/3 loss=0.2805 l2=0.2000 label_smoothing=0.000
D step=4/5 epoch=3/3 loss=0.2853 l2=0.2000 label_smoothing=0.000
D step=5/5 epoch=1/3 loss=0.3257 l2=0.2000 label_smoothing=0.000
D step=5/5 epoch=2/3 loss=0.3187 l2=0.2000 label_smoothing=0.000
D step=5/5 epoch=3/3 loss=0.3187 l2=0.2000 label_smoothing=0.000
ADV epoch=43/200 g_loss=0.0095 d_loss=0.3052 reward=0.1499 reward_var=0.0034 unique=0.2000
D step=1/5 epoch=1/3 loss=0.3079 l2=0.2000 label_smoothing=0.000
D step=1/5 epoch=2/3 loss=0.2939 l2=0.2000 label_smoothing=0.000
D step=1/5 epoch=3/3 loss=0.2940 l2=0.2000 label_smoothing=0.000
D step=2/5 epoch=1/3 loss=0.2640 l2=0.2000 label_smoothing=0.000
D step=2/5 epoch=2/3 loss=0.2599 l2=0.2000 label_smoothing=0.000
D step=2/5 epoch=3/3 loss=0.2520 l2=0.2000 label_smoothing=0.000
D step=3/5 epoch=1/3 loss=0.3310 l2=0.2000 label_smoothing=0.000
D step=3/5 epoch=2/3 loss=0.3036 l2=0.2000 label_smoothing=0.000
D step=3/5 epoch=3/3 loss=0.3003 l2=0.2000 label_smoothing=0.000
D step=4/5 epoch=1/3 loss=0.2975 l2=0.2000 label_smoothing=0.000
D step=4/5 epoch=2/3 loss=0.2933 l2=0.2000 label_smoothing=0.000
D step=4/5 epoch=3/3 loss=0.2914 l2=0.2000 label_smoothing=0.000
D step=5/5 epoch=1/3 loss=0.3135 l2=0.2000 label_smoothing=0.000
D step=5/5 epoch=2/3 loss=0.3164 l2=0.2000 label_smoothing=0.000
D step=5/5 epoch=3/3 loss=0.3103 l2=0.2000 label_smoothing=0.000
ADV epoch=44/200 g_loss=0.0240 d_loss=0.2953 reward=0.2424 reward_var=0.0152 unique=0.2200
D step=1/5 epoch=1/3 loss=0.3265 l2=0.2000 label_smoothing=0.000
D step=1/5 epoch=2/3 loss=0.3204 l2=0.2000 label_smoothing=0.000
D step=1/5 epoch=3/3 loss=0.3173 l2=0.2000 label_smoothing=0.000
D step=2/5 epoch=1/3 loss=0.3007 l2=0.2000 label_smoothing=0.000
D step=2/5 epoch=2/3 loss=0.3028 l2=0.2000 label_smoothing=0.000
D step=2/5 epoch=3/3 loss=0.2946 l2=0.2000 label_smoothing=0.000
D step=3/5 epoch=1/3 loss=0.3169 l2=0.2000 label_smoothing=0.000
D step=3/5 epoch=2/3 loss=0.2961 l2=0.2000 label_smoothing=0.000
D step=3/5 epoch=3/3 loss=0.2950 l2=0.2000 label_smoothing=0.000
D step=4/5 epoch=1/3 loss=0.3067 l2=0.2000 label_smoothing=0.000
D step=4/5 epoch=2/3 loss=0.3000 l2=0.2000 label_smoothing=0.000
D step=4/5 epoch=3/3 loss=0.2995 l2=0.2000 label_smoothing=0.000
D step=5/5 epoch=1/3 loss=0.2854 l2=0.2000 label_smoothing=0.000
D step=5/5 epoch=2/3 loss=0.2865 l2=0.2000 label_smoothing=0.000
D step=5/5 epoch=3/3 loss=0.2849 l2=0.2000 label_smoothing=0.000
ADV epoch=45/200 g_loss=0.0180 d_loss=0.3022 reward=0.1958 reward_var=0.0048 unique=0.1800
D step=1/5 epoch=1/3 loss=0.3326 l2=0.2000 label_smoothing=0.000
D step=1/5 epoch=2/3 loss=0.3112 l2=0.2000 label_smoothing=0.000
D step=1/5 epoch=3/3 loss=0.3099 l2=0.2000 label_smoothing=0.000
D step=2/5 epoch=1/3 loss=0.3031 l2=0.2000 label_smoothing=0.000
D step=2/5 epoch=2/3 loss=0.3026 l2=0.2000 label_smoothing=0.000
D step=2/5 epoch=3/3 loss=0.2952 l2=0.2000 label_smoothing=0.000
D step=3/5 epoch=1/3 loss=0.3127 l2=0.2000 label_smoothing=0.000
D step=3/5 epoch=2/3 loss=0.3111 l2=0.2000 label_smoothing=0.000
D step=3/5 epoch=3/3 loss=0.3021 l2=0.2000 label_smoothing=0.000
D step=4/5 epoch=1/3 loss=0.3359 l2=0.2000 label_smoothing=0.000
D step=4/5 epoch=2/3 loss=0.3269 l2=0.2000 label_smoothing=0.000
D step=4/5 epoch=3/3 loss=0.3096 l2=0.2000 label_smoothing=0.000
D step=5/5 epoch=1/3 loss=0.3208 l2=0.2000 label_smoothing=0.000
D step=5/5 epoch=2/3 loss=0.3083 l2=0.2000 label_smoothing=0.000
D step=5/5 epoch=3/3 loss=0.3053 l2=0.2000 label_smoothing=0.000
ADV epoch=46/200 g_loss=0.0160 d_loss=0.3125 reward=0.1888 reward_var=0.0086 unique=0.2200
D step=1/5 epoch=1/3 loss=0.3159 l2=0.2000 label_smoothing=0.000
D step=1/5 epoch=2/3 loss=0.3056 l2=0.2000 label_smoothing=0.000
D step=1/5 epoch=3/3 loss=0.3023 l2=0.2000 label_smoothing=0.000
D step=2/5 epoch=1/3 loss=0.2986 l2=0.2000 label_smoothing=0.000
D step=2/5 epoch=2/3 loss=0.2928 l2=0.2000 label_smoothing=0.000
D step=2/5 epoch=3/3 loss=0.2921 l2=0.2000 label_smoothing=0.000
D step=3/5 epoch=1/3 loss=0.2948 l2=0.2000 label_smoothing=0.000
D step=3/5 epoch=2/3 loss=0.2883 l2=0.2000 label_smoothing=0.000
D step=3/5 epoch=3/3 loss=0.2882 l2=0.2000 label_smoothing=0.000
D step=4/5 epoch=1/3 loss=0.3016 l2=0.2000 label_smoothing=0.000
D step=4/5 epoch=2/3 loss=0.2900 l2=0.2000 label_smoothing=0.000
D step=4/5 epoch=3/3 loss=0.2901 l2=0.2000 label_smoothing=0.000
D step=5/5 epoch=1/3 loss=0.3151 l2=0.2000 label_smoothing=0.000
D step=5/5 epoch=2/3 loss=0.3151 l2=0.2000 label_smoothing=0.000
D step=5/5 epoch=3/3 loss=0.3152 l2=0.2000 label_smoothing=0.000
ADV epoch=47/200 g_loss=0.0182 d_loss=0.3004 reward=0.2117 reward_var=0.0062 unique=0.2400
D step=1/5 epoch=1/3 loss=0.3618 l2=0.2000 label_smoothing=0.000
D step=1/5 epoch=2/3 loss=0.3414 l2=0.2000 label_smoothing=0.000
D step=1/5 epoch=3/3 loss=0.3390 l2=0.2000 label_smoothing=0.000
D step=2/5 epoch=1/3 loss=0.3366 l2=0.2000 label_smoothing=0.000
D step=2/5 epoch=2/3 loss=0.3246 l2=0.2000 label_smoothing=0.000
D step=2/5 epoch=3/3 loss=0.3149 l2=0.2000 label_smoothing=0.000
D step=3/5 epoch=1/3 loss=0.3153 l2=0.2000 label_smoothing=0.000
D step=3/5 epoch=2/3 loss=0.3128 l2=0.2000 label_smoothing=0.000
D step=3/5 epoch=3/3 loss=0.3144 l2=0.2000 label_smoothing=0.000
D step=4/5 epoch=1/3 loss=0.3176 l2=0.2000 label_smoothing=0.000
D step=4/5 epoch=2/3 loss=0.3137 l2=0.2000 label_smoothing=0.000
D step=4/5 epoch=3/3 loss=0.3136 l2=0.2000 label_smoothing=0.000
D step=5/5 epoch=1/3 loss=0.3041 l2=0.2000 label_smoothing=0.000
D step=5/5 epoch=2/3 loss=0.2955 l2=0.2000 label_smoothing=0.000
D step=5/5 epoch=3/3 loss=0.2916 l2=0.2000 label_smoothing=0.000
ADV epoch=48/200 g_loss=0.0167 d_loss=0.3198 reward=0.2158 reward_var=0.0030 unique=0.2200
D step=1/5 epoch=1/3 loss=0.3575 l2=0.2000 label_smoothing=0.000
D step=1/5 epoch=2/3 loss=0.3204 l2=0.2000 label_smoothing=0.000
D step=1/5 epoch=3/3 loss=0.3168 l2=0.2000 label_smoothing=0.000
D step=2/5 epoch=1/3 loss=0.3177 l2=0.2000 label_smoothing=0.000
D step=2/5 epoch=2/3 loss=0.3118 l2=0.2000 label_smoothing=0.000
D step=2/5 epoch=3/3 loss=0.3072 l2=0.2000 label_smoothing=0.000
D step=3/5 epoch=1/3 loss=0.3105 l2=0.2000 label_smoothing=0.000
D step=3/5 epoch=2/3 loss=0.3132 l2=0.2000 label_smoothing=0.000
D step=3/5 epoch=3/3 loss=0.3103 l2=0.2000 label_smoothing=0.000
D step=4/5 epoch=1/3 loss=0.2976 l2=0.2000 label_smoothing=0.000
D step=4/5 epoch=2/3 loss=0.3009 l2=0.2000 label_smoothing=0.000
D step=4/5 epoch=3/3 loss=0.2982 l2=0.2000 label_smoothing=0.000
D step=5/5 epoch=1/3 loss=0.3122 l2=0.2000 label_smoothing=0.000
D step=5/5 epoch=2/3 loss=0.3038 l2=0.2000 label_smoothing=0.000
D step=5/5 epoch=3/3 loss=0.2971 l2=0.2000 label_smoothing=0.000
ADV epoch=49/200 g_loss=0.0103 d_loss=0.3117 reward=0.1677 reward_var=0.0024 unique=0.3200
D step=1/5 epoch=1/3 loss=0.3168 l2=0.2000 label_smoothing=0.000
D step=1/5 epoch=2/3 loss=0.3060 l2=0.2000 label_smoothing=0.000
D step=1/5 epoch=3/3 loss=0.3026 l2=0.2000 label_smoothing=0.000
D step=2/5 epoch=1/3 loss=0.3094 l2=0.2000 label_smoothing=0.000
D step=2/5 epoch=2/3 loss=0.3086 l2=0.2000 label_smoothing=0.000
D step=2/5 epoch=3/3 loss=0.3086 l2=0.2000 label_smoothing=0.000
D step=3/5 epoch=1/3 loss=0.3307 l2=0.2000 label_smoothing=0.000
D step=3/5 epoch=2/3 loss=0.3199 l2=0.2000 label_smoothing=0.000
D step=3/5 epoch=3/3 loss=0.3210 l2=0.2000 label_smoothing=0.000
D step=4/5 epoch=1/3 loss=0.3090 l2=0.2000 label_smoothing=0.000
D step=4/5 epoch=2/3 loss=0.3074 l2=0.2000 label_smoothing=0.000
D step=4/5 epoch=3/3 loss=0.3031 l2=0.2000 label_smoothing=0.000
D step=5/5 epoch=1/3 loss=0.3046 l2=0.2000 label_smoothing=0.000
D step=5/5 epoch=2/3 loss=0.2998 l2=0.2000 label_smoothing=0.000
D step=5/5 epoch=3/3 loss=0.2984 l2=0.2000 label_smoothing=0.000
ADV epoch=50/200 g_loss=0.0208 d_loss=0.3097 reward=0.1960 reward_var=0.0062 unique=0.1800
D step=1/5 epoch=1/3 loss=0.2874 l2=0.2000 label_smoothing=0.000
D step=1/5 epoch=2/3 loss=0.2813 l2=0.2000 label_smoothing=0.000
D step=1/5 epoch=3/3 loss=0.2784 l2=0.2000 label_smoothing=0.000
D step=2/5 epoch=1/3 loss=0.3024 l2=0.2000 label_smoothing=0.000
D step=2/5 epoch=2/3 loss=0.3042 l2=0.2000 label_smoothing=0.000
D step=2/5 epoch=3/3 loss=0.3018 l2=0.2000 label_smoothing=0.000
D step=3/5 epoch=1/3 loss=0.3229 l2=0.2000 label_smoothing=0.000
D step=3/5 epoch=2/3 loss=0.2982 l2=0.2000 label_smoothing=0.000
D step=3/5 epoch=3/3 loss=0.2995 l2=0.2000 label_smoothing=0.000
D step=4/5 epoch=1/3 loss=0.3275 l2=0.2000 label_smoothing=0.000
D step=4/5 epoch=2/3 loss=0.3178 l2=0.2000 label_smoothing=0.000
D step=4/5 epoch=3/3 loss=0.3128 l2=0.2000 label_smoothing=0.000
D step=5/5 epoch=1/3 loss=0.3078 l2=0.2000 label_smoothing=0.000
D step=5/5 epoch=2/3 loss=0.3097 l2=0.2000 label_smoothing=0.000
D step=5/5 epoch=3/3 loss=0.3056 l2=0.2000 label_smoothing=0.000
ADV epoch=51/200 g_loss=0.0134 d_loss=0.3038 reward=0.1946 reward_var=0.0019 unique=0.1800
D step=1/5 epoch=1/3 loss=0.3058 l2=0.2000 label_smoothing=0.000
D step=1/5 epoch=2/3 loss=0.3001 l2=0.2000 label_smoothing=0.000
D step=1/5 epoch=3/3 loss=0.2996 l2=0.2000 label_smoothing=0.000
D step=2/5 epoch=1/3 loss=0.2979 l2=0.2000 label_smoothing=0.000
D step=2/5 epoch=2/3 loss=0.3014 l2=0.2000 label_smoothing=0.000
D step=2/5 epoch=3/3 loss=0.2972 l2=0.2000 label_smoothing=0.000
D step=3/5 epoch=1/3 loss=0.2969 l2=0.2000 label_smoothing=0.000
D step=3/5 epoch=2/3 loss=0.2931 l2=0.2000 label_smoothing=0.000
D step=3/5 epoch=3/3 loss=0.2950 l2=0.2000 label_smoothing=0.000
D step=4/5 epoch=1/3 loss=0.3042 l2=0.2000 label_smoothing=0.000
D step=4/5 epoch=2/3 loss=0.3040 l2=0.2000 label_smoothing=0.000
D step=4/5 epoch=3/3 loss=0.3085 l2=0.2000 label_smoothing=0.000
D step=5/5 epoch=1/3 loss=0.3172 l2=0.2000 label_smoothing=0.000
D step=5/5 epoch=2/3 loss=0.3175 l2=0.2000 label_smoothing=0.000
D step=5/5 epoch=3/3 loss=0.3192 l2=0.2000 label_smoothing=0.000
ADV epoch=52/200 g_loss=0.0182 d_loss=0.3039 reward=0.2142 reward_var=0.0071 unique=0.2000
D step=1/5 epoch=1/3 loss=0.3221 l2=0.2000 label_smoothing=0.000
D step=1/5 epoch=2/3 loss=0.2978 l2=0.2000 label_smoothing=0.000
D step=1/5 epoch=3/3 loss=0.2979 l2=0.2000 label_smoothing=0.000
D step=2/5 epoch=1/3 loss=0.3327 l2=0.2000 label_smoothing=0.000
D step=2/5 epoch=2/3 loss=0.3180 l2=0.2000 label_smoothing=0.000
D step=2/5 epoch=3/3 loss=0.3179 l2=0.2000 label_smoothing=0.000
D step=3/5 epoch=1/3 loss=0.2940 l2=0.2000 label_smoothing=0.000
D step=3/5 epoch=2/3 loss=0.2928 l2=0.2000 label_smoothing=0.000
D step=3/5 epoch=3/3 loss=0.2916 l2=0.2000 label_smoothing=0.000
D step=4/5 epoch=1/3 loss=0.2682 l2=0.2000 label_smoothing=0.000
D step=4/5 epoch=2/3 loss=0.2705 l2=0.2000 label_smoothing=0.000
D step=4/5 epoch=3/3 loss=0.2666 l2=0.2000 label_smoothing=0.000
D step=5/5 epoch=1/3 loss=0.3218 l2=0.2000 label_smoothing=0.000
D step=5/5 epoch=2/3 loss=0.3156 l2=0.2000 label_smoothing=0.000
D step=5/5 epoch=3/3 loss=0.3155 l2=0.2000 label_smoothing=0.000
ADV epoch=53/200 g_loss=0.0186 d_loss=0.3015 reward=0.2136 reward_var=0.0046 unique=0.1600
D step=1/5 epoch=1/3 loss=0.2911 l2=0.2000 label_smoothing=0.000
D step=1/5 epoch=2/3 loss=0.2913 l2=0.2000 label_smoothing=0.000
D step=1/5 epoch=3/3 loss=0.2891 l2=0.2000 label_smoothing=0.000
D step=2/5 epoch=1/3 loss=0.3165 l2=0.2000 label_smoothing=0.000
D step=2/5 epoch=2/3 loss=0.3121 l2=0.2000 label_smoothing=0.000
D step=2/5 epoch=3/3 loss=0.3083 l2=0.2000 label_smoothing=0.000
D step=3/5 epoch=1/3 loss=0.2848 l2=0.2000 label_smoothing=0.000
D step=3/5 epoch=2/3 loss=0.2861 l2=0.2000 label_smoothing=0.000
D step=3/5 epoch=3/3 loss=0.2833 l2=0.2000 label_smoothing=0.000
D step=4/5 epoch=1/3 loss=0.2954 l2=0.2000 label_smoothing=0.000
D step=4/5 epoch=2/3 loss=0.2845 l2=0.2000 label_smoothing=0.000
D step=4/5 epoch=3/3 loss=0.2840 l2=0.2000 label_smoothing=0.000
D step=5/5 epoch=1/3 loss=0.3056 l2=0.2000 label_smoothing=0.000
D step=5/5 epoch=2/3 loss=0.3041 l2=0.2000 label_smoothing=0.000
D step=5/5 epoch=3/3 loss=0.3041 l2=0.2000 label_smoothing=0.000
ADV epoch=54/200 g_loss=0.0149 d_loss=0.2960 reward=0.2281 reward_var=0.0034 unique=0.2800
D step=1/5 epoch=1/3 loss=0.3088 l2=0.2000 label_smoothing=0.000
D step=1/5 epoch=2/3 loss=0.2989 l2=0.2000 label_smoothing=0.000
D step=1/5 epoch=3/3 loss=0.2946 l2=0.2000 label_smoothing=0.000
D step=2/5 epoch=1/3 loss=0.3107 l2=0.2000 label_smoothing=0.000
D step=2/5 epoch=2/3 loss=0.3111 l2=0.2000 label_smoothing=0.000
D step=2/5 epoch=3/3 loss=0.3041 l2=0.2000 label_smoothing=0.000
D step=3/5 epoch=1/3 loss=0.3104 l2=0.2000 label_smoothing=0.000
D step=3/5 epoch=2/3 loss=0.2931 l2=0.2000 label_smoothing=0.000
D step=3/5 epoch=3/3 loss=0.2947 l2=0.2000 label_smoothing=0.000
D step=4/5 epoch=1/3 loss=0.2784 l2=0.2000 label_smoothing=0.000
D step=4/5 epoch=2/3 loss=0.2731 l2=0.2000 label_smoothing=0.000
D step=4/5 epoch=3/3 loss=0.2734 l2=0.2000 label_smoothing=0.000
D step=5/5 epoch=1/3 loss=0.2866 l2=0.2000 label_smoothing=0.000
D step=5/5 epoch=2/3 loss=0.2829 l2=0.2000 label_smoothing=0.000
D step=5/5 epoch=3/3 loss=0.2856 l2=0.2000 label_smoothing=0.000
ADV epoch=55/200 g_loss=0.0169 d_loss=0.2938 reward=0.2201 reward_var=0.0029 unique=0.1800
D step=1/5 epoch=1/3 loss=0.3087 l2=0.2000 label_smoothing=0.000
D step=1/5 epoch=2/3 loss=0.2975 l2=0.2000 label_smoothing=0.000
D step=1/5 epoch=3/3 loss=0.2967 l2=0.2000 label_smoothing=0.000
D step=2/5 epoch=1/3 loss=0.3105 l2=0.2000 label_smoothing=0.000
D step=2/5 epoch=2/3 loss=0.3107 l2=0.2000 label_smoothing=0.000
D step=2/5 epoch=3/3 loss=0.3100 l2=0.2000 label_smoothing=0.000
D step=3/5 epoch=1/3 loss=0.3245 l2=0.2000 label_smoothing=0.000
D step=3/5 epoch=2/3 loss=0.3108 l2=0.2000 label_smoothing=0.000
D step=3/5 epoch=3/3 loss=0.3110 l2=0.2000 label_smoothing=0.000
D step=4/5 epoch=1/3 loss=0.3397 l2=0.2000 label_smoothing=0.000
D step=4/5 epoch=2/3 loss=0.3305 l2=0.2000 label_smoothing=0.000
D step=4/5 epoch=3/3 loss=0.3157 l2=0.2000 label_smoothing=0.000
D step=5/5 epoch=1/3 loss=0.3171 l2=0.2000 label_smoothing=0.000
D step=5/5 epoch=2/3 loss=0.3140 l2=0.2000 label_smoothing=0.000
D step=5/5 epoch=3/3 loss=0.3142 l2=0.2000 label_smoothing=0.000
ADV epoch=56/200 g_loss=0.0159 d_loss=0.3141 reward=0.1753 reward_var=0.0031 unique=0.2800
D step=1/5 epoch=1/3 loss=0.3230 l2=0.2000 label_smoothing=0.000
D step=1/5 epoch=2/3 loss=0.3111 l2=0.2000 label_smoothing=0.000
D step=1/5 epoch=3/3 loss=0.3143 l2=0.2000 label_smoothing=0.000
D step=2/5 epoch=1/3 loss=0.3023 l2=0.2000 label_smoothing=0.000
D step=2/5 epoch=2/3 loss=0.2951 l2=0.2000 label_smoothing=0.000
D step=2/5 epoch=3/3 loss=0.2908 l2=0.2000 label_smoothing=0.000
D step=3/5 epoch=1/3 loss=0.2938 l2=0.2000 label_smoothing=0.000
D step=3/5 epoch=2/3 loss=0.2891 l2=0.2000 label_smoothing=0.000
D step=3/5 epoch=3/3 loss=0.2902 l2=0.2000 label_smoothing=0.000
D step=4/5 epoch=1/3 loss=0.3047 l2=0.2000 label_smoothing=0.000
D step=4/5 epoch=2/3 loss=0.3057 l2=0.2000 label_smoothing=0.000
D step=4/5 epoch=3/3 loss=0.3037 l2=0.2000 label_smoothing=0.000
D step=5/5 epoch=1/3 loss=0.2776 l2=0.2000 label_smoothing=0.000
D step=5/5 epoch=2/3 loss=0.2741 l2=0.2000 label_smoothing=0.000
D step=5/5 epoch=3/3 loss=0.2749 l2=0.2000 label_smoothing=0.000
ADV epoch=57/200 g_loss=0.0119 d_loss=0.2967 reward=0.2234 reward_var=0.0044 unique=0.1200
D step=1/5 epoch=1/3 loss=0.2791 l2=0.2000 label_smoothing=0.000
D step=1/5 epoch=2/3 loss=0.2746 l2=0.2000 label_smoothing=0.000
D step=1/5 epoch=3/3 loss=0.2718 l2=0.2000 label_smoothing=0.000
D step=2/5 epoch=1/3 loss=0.3057 l2=0.2000 label_smoothing=0.000
D step=2/5 epoch=2/3 loss=0.2991 l2=0.2000 label_smoothing=0.000
D step=2/5 epoch=3/3 loss=0.3018 l2=0.2000 label_smoothing=0.000
D step=3/5 epoch=1/3 loss=0.3240 l2=0.2000 label_smoothing=0.000
D step=3/5 epoch=2/3 loss=0.3210 l2=0.2000 label_smoothing=0.000
D step=3/5 epoch=3/3 loss=0.3241 l2=0.2000 label_smoothing=0.000
D step=4/5 epoch=1/3 loss=0.3268 l2=0.2000 label_smoothing=0.000
D step=4/5 epoch=2/3 loss=0.3266 l2=0.2000 label_smoothing=0.000
D step=4/5 epoch=3/3 loss=0.3261 l2=0.2000 label_smoothing=0.000
D step=5/5 epoch=1/3 loss=0.3017 l2=0.2000 label_smoothing=0.000
D step=5/5 epoch=2/3 loss=0.3031 l2=0.2000 label_smoothing=0.000
D step=5/5 epoch=3/3 loss=0.3008 l2=0.2000 label_smoothing=0.000
ADV epoch=58/200 g_loss=0.0115 d_loss=0.3058 reward=0.1598 reward_var=0.0028 unique=0.1800
D step=1/5 epoch=1/3 loss=0.3166 l2=0.2000 label_smoothing=0.000
D step=1/5 epoch=2/3 loss=0.3144 l2=0.2000 label_smoothing=0.000
D step=1/5 epoch=3/3 loss=0.3135 l2=0.2000 label_smoothing=0.000
D step=2/5 epoch=1/3 loss=0.2992 l2=0.2000 label_smoothing=0.000
D step=2/5 epoch=2/3 loss=0.2957 l2=0.2000 label_smoothing=0.000
D step=2/5 epoch=3/3 loss=0.2967 l2=0.2000 label_smoothing=0.000
D step=3/5 epoch=1/3 loss=0.3181 l2=0.2000 label_smoothing=0.000
D step=3/5 epoch=2/3 loss=0.3136 l2=0.2000 label_smoothing=0.000
D step=3/5 epoch=3/3 loss=0.3098 l2=0.2000 label_smoothing=0.000
D step=4/5 epoch=1/3 loss=0.2917 l2=0.2000 label_smoothing=0.000
D step=4/5 epoch=2/3 loss=0.2915 l2=0.2000 label_smoothing=0.000
D step=4/5 epoch=3/3 loss=0.2915 l2=0.2000 label_smoothing=0.000
D step=5/5 epoch=1/3 loss=0.3196 l2=0.2000 label_smoothing=0.000
D step=5/5 epoch=2/3 loss=0.3193 l2=0.2000 label_smoothing=0.000
D step=5/5 epoch=3/3 loss=0.3172 l2=0.2000 label_smoothing=0.000
ADV epoch=59/200 g_loss=0.0138 d_loss=0.3072 reward=0.2033 reward_var=0.0028 unique=0.2400
D step=1/5 epoch=1/3 loss=0.3225 l2=0.2000 label_smoothing=0.000
D step=1/5 epoch=2/3 loss=0.3112 l2=0.2000 label_smoothing=0.000
D step=1/5 epoch=3/3 loss=0.3132 l2=0.2000 label_smoothing=0.000
D step=2/5 epoch=1/3 loss=0.2802 l2=0.2000 label_smoothing=0.000
D step=2/5 epoch=2/3 loss=0.2810 l2=0.2000 label_smoothing=0.000
D step=2/5 epoch=3/3 loss=0.2750 l2=0.2000 label_smoothing=0.000
D step=3/5 epoch=1/3 loss=0.2876 l2=0.2000 label_smoothing=0.000
D step=3/5 epoch=2/3 loss=0.2892 l2=0.2000 label_smoothing=0.000
D step=3/5 epoch=3/3 loss=0.2858 l2=0.2000 label_smoothing=0.000
D step=4/5 epoch=1/3 loss=0.2905 l2=0.2000 label_smoothing=0.000
D step=4/5 epoch=2/3 loss=0.2913 l2=0.2000 label_smoothing=0.000
D step=4/5 epoch=3/3 loss=0.2933 l2=0.2000 label_smoothing=0.000
D step=5/5 epoch=1/3 loss=0.2860 l2=0.2000 label_smoothing=0.000
D step=5/5 epoch=2/3 loss=0.2808 l2=0.2000 label_smoothing=0.000
D step=5/5 epoch=3/3 loss=0.2823 l2=0.2000 label_smoothing=0.000
ADV epoch=60/200 g_loss=0.0091 d_loss=0.2913 reward=0.1952 reward_var=0.0017 unique=0.2200
D step=1/5 epoch=1/3 loss=0.3015 l2=0.2000 label_smoothing=0.000
D step=1/5 epoch=2/3 loss=0.2966 l2=0.2000 label_smoothing=0.000
D step=1/5 epoch=3/3 loss=0.2962 l2=0.2000 label_smoothing=0.000
D step=2/5 epoch=1/3 loss=0.3293 l2=0.2000 label_smoothing=0.000
D step=2/5 epoch=2/3 loss=0.2978 l2=0.2000 label_smoothing=0.000
D step=2/5 epoch=3/3 loss=0.2957 l2=0.2000 label_smoothing=0.000
D step=3/5 epoch=1/3 loss=0.3017 l2=0.2000 label_smoothing=0.000
D step=3/5 epoch=2/3 loss=0.2979 l2=0.2000 label_smoothing=0.000
D step=3/5 epoch=3/3 loss=0.2996 l2=0.2000 label_smoothing=0.000
D step=4/5 epoch=1/3 loss=0.3273 l2=0.2000 label_smoothing=0.000
D step=4/5 epoch=2/3 loss=0.3234 l2=0.2000 label_smoothing=0.000
D step=4/5 epoch=3/3 loss=0.3237 l2=0.2000 label_smoothing=0.000
D step=5/5 epoch=1/3 loss=0.3251 l2=0.2000 label_smoothing=0.000
D step=5/5 epoch=2/3 loss=0.3211 l2=0.2000 label_smoothing=0.000
D step=5/5 epoch=3/3 loss=0.3177 l2=0.2000 label_smoothing=0.000
ADV epoch=61/200 g_loss=0.0114 d_loss=0.3103 reward=0.1713 reward_var=0.0025 unique=0.1400
D step=1/5 epoch=1/3 loss=0.3229 l2=0.2000 label_smoothing=0.000
D step=1/5 epoch=2/3 loss=0.3246 l2=0.2000 label_smoothing=0.000
D step=1/5 epoch=3/3 loss=0.3216 l2=0.2000 label_smoothing=0.000
D step=2/5 epoch=1/3 loss=0.3096 l2=0.2000 label_smoothing=0.000
D step=2/5 epoch=2/3 loss=0.3092 l2=0.2000 label_smoothing=0.000
D step=2/5 epoch=3/3 loss=0.3033 l2=0.2000 label_smoothing=0.000
D step=3/5 epoch=1/3 loss=0.3250 l2=0.2000 label_smoothing=0.000
D step=3/5 epoch=2/3 loss=0.2984 l2=0.2000 label_smoothing=0.000
D step=3/5 epoch=3/3 loss=0.2961 l2=0.2000 label_smoothing=0.000
D step=4/5 epoch=1/3 loss=0.3016 l2=0.2000 label_smoothing=0.000
D step=4/5 epoch=2/3 loss=0.2957 l2=0.2000 label_smoothing=0.000
D step=4/5 epoch=3/3 loss=0.2963 l2=0.2000 label_smoothing=0.000
D step=5/5 epoch=1/3 loss=0.3006 l2=0.2000 label_smoothing=0.000
D step=5/5 epoch=2/3 loss=0.2987 l2=0.2000 label_smoothing=0.000
D step=5/5 epoch=3/3 loss=0.2975 l2=0.2000 label_smoothing=0.000
ADV epoch=62/200 g_loss=0.0133 d_loss=0.3067 reward=0.2020 reward_var=0.0023 unique=0.1800
D step=1/5 epoch=1/3 loss=0.2756 l2=0.2000 label_smoothing=0.000
D step=1/5 epoch=2/3 loss=0.2693 l2=0.2000 label_smoothing=0.000
D step=1/5 epoch=3/3 loss=0.2679 l2=0.2000 label_smoothing=0.000
D step=2/5 epoch=1/3 loss=0.3451 l2=0.2000 label_smoothing=0.000
D step=2/5 epoch=2/3 loss=0.3054 l2=0.2000 label_smoothing=0.000
D step=2/5 epoch=3/3 loss=0.3071 l2=0.2000 label_smoothing=0.000
D step=3/5 epoch=1/3 loss=0.3055 l2=0.2000 label_smoothing=0.000
D step=3/5 epoch=2/3 loss=0.3000 l2=0.2000 label_smoothing=0.000
D step=3/5 epoch=3/3 loss=0.2990 l2=0.2000 label_smoothing=0.000
D step=4/5 epoch=1/3 loss=0.3156 l2=0.2000 label_smoothing=0.000
D step=4/5 epoch=2/3 loss=0.3133 l2=0.2000 label_smoothing=0.000
D step=4/5 epoch=3/3 loss=0.3097 l2=0.2000 label_smoothing=0.000
D step=5/5 epoch=1/3 loss=0.3122 l2=0.2000 label_smoothing=0.000
D step=5/5 epoch=2/3 loss=0.3093 l2=0.2000 label_smoothing=0.000
D step=5/5 epoch=3/3 loss=0.3131 l2=0.2000 label_smoothing=0.000
ADV epoch=63/200 g_loss=0.0190 d_loss=0.3032 reward=0.2241 reward_var=0.0096 unique=0.1200
D step=1/5 epoch=1/3 loss=0.3221 l2=0.2000 label_smoothing=0.000
D step=1/5 epoch=2/3 loss=0.3052 l2=0.2000 label_smoothing=0.000
D step=1/5 epoch=3/3 loss=0.3007 l2=0.2000 label_smoothing=0.000
D step=2/5 epoch=1/3 loss=0.2879 l2=0.2000 label_smoothing=0.000
D step=2/5 epoch=2/3 loss=0.2898 l2=0.2000 label_smoothing=0.000
D step=2/5 epoch=3/3 loss=0.2858 l2=0.2000 label_smoothing=0.000
D step=3/5 epoch=1/3 loss=0.3407 l2=0.2000 label_smoothing=0.000
D step=3/5 epoch=2/3 loss=0.3282 l2=0.2000 label_smoothing=0.000
D step=3/5 epoch=3/3 loss=0.3030 l2=0.2000 label_smoothing=0.000
D step=4/5 epoch=1/3 loss=0.2857 l2=0.2000 label_smoothing=0.000
D step=4/5 epoch=2/3 loss=0.2809 l2=0.2000 label_smoothing=0.000
D step=4/5 epoch=3/3 loss=0.2780 l2=0.2000 label_smoothing=0.000
D step=5/5 epoch=1/3 loss=0.2922 l2=0.2000 label_smoothing=0.000
D step=5/5 epoch=2/3 loss=0.2951 l2=0.2000 label_smoothing=0.000
D step=5/5 epoch=3/3 loss=0.2950 l2=0.2000 label_smoothing=0.000
ADV epoch=64/200 g_loss=0.0193 d_loss=0.2993 reward=0.2177 reward_var=0.0130 unique=0.2200
D step=1/5 epoch=1/3 loss=0.3020 l2=0.2000 label_smoothing=0.000
D step=1/5 epoch=2/3 loss=0.2890 l2=0.2000 label_smoothing=0.000
D step=1/5 epoch=3/3 loss=0.2873 l2=0.2000 label_smoothing=0.000
D step=2/5 epoch=1/3 loss=0.3159 l2=0.2000 label_smoothing=0.000
D step=2/5 epoch=2/3 loss=0.3128 l2=0.2000 label_smoothing=0.000
D step=2/5 epoch=3/3 loss=0.3058 l2=0.2000 label_smoothing=0.000
D step=3/5 epoch=1/3 loss=0.2910 l2=0.2000 label_smoothing=0.000
D step=3/5 epoch=2/3 loss=0.2899 l2=0.2000 label_smoothing=0.000
D step=3/5 epoch=3/3 loss=0.2888 l2=0.2000 label_smoothing=0.000
D step=4/5 epoch=1/3 loss=0.2900 l2=0.2000 label_smoothing=0.000
D step=4/5 epoch=2/3 loss=0.2861 l2=0.2000 label_smoothing=0.000
D step=4/5 epoch=3/3 loss=0.2823 l2=0.2000 label_smoothing=0.000
D step=5/5 epoch=1/3 loss=0.3267 l2=0.2000 label_smoothing=0.000
D step=5/5 epoch=2/3 loss=0.3264 l2=0.2000 label_smoothing=0.000
D step=5/5 epoch=3/3 loss=0.3242 l2=0.2000 label_smoothing=0.000
ADV epoch=65/200 g_loss=0.0239 d_loss=0.3012 reward=0.2225 reward_var=0.0146 unique=0.2400
D step=1/5 epoch=1/3 loss=0.2978 l2=0.2000 label_smoothing=0.000
D step=1/5 epoch=2/3 loss=0.2920 l2=0.2000 label_smoothing=0.000
D step=1/5 epoch=3/3 loss=0.2854 l2=0.2000 label_smoothing=0.000
D step=2/5 epoch=1/3 loss=0.3203 l2=0.2000 label_smoothing=0.000
D step=2/5 epoch=2/3 loss=0.3050 l2=0.2000 label_smoothing=0.000
D step=2/5 epoch=3/3 loss=0.2916 l2=0.2000 label_smoothing=0.000
D step=3/5 epoch=1/3 loss=0.3078 l2=0.2000 label_smoothing=0.000
D step=3/5 epoch=2/3 loss=0.3017 l2=0.2000 label_smoothing=0.000
D step=3/5 epoch=3/3 loss=0.3029 l2=0.2000 label_smoothing=0.000
D step=4/5 epoch=1/3 loss=0.2931 l2=0.2000 label_smoothing=0.000
D step=4/5 epoch=2/3 loss=0.2943 l2=0.2000 label_smoothing=0.000
D step=4/5 epoch=3/3 loss=0.2900 l2=0.2000 label_smoothing=0.000
D step=5/5 epoch=1/3 loss=0.2909 l2=0.2000 label_smoothing=0.000
D step=5/5 epoch=2/3 loss=0.2857 l2=0.2000 label_smoothing=0.000
D step=5/5 epoch=3/3 loss=0.2868 l2=0.2000 label_smoothing=0.000
ADV epoch=66/200 g_loss=0.0167 d_loss=0.2964 reward=0.2075 reward_var=0.0101 unique=0.1800
D step=1/5 epoch=1/3 loss=0.2942 l2=0.2000 label_smoothing=0.000
D step=1/5 epoch=2/3 loss=0.2916 l2=0.2000 label_smoothing=0.000
D step=1/5 epoch=3/3 loss=0.2915 l2=0.2000 label_smoothing=0.000
D step=2/5 epoch=1/3 loss=0.3223 l2=0.2000 label_smoothing=0.000
D step=2/5 epoch=2/3 loss=0.3140 l2=0.2000 label_smoothing=0.000
D step=2/5 epoch=3/3 loss=0.3101 l2=0.2000 label_smoothing=0.000
D step=3/5 epoch=1/3 loss=0.2985 l2=0.2000 label_smoothing=0.000
D step=3/5 epoch=2/3 loss=0.2976 l2=0.2000 label_smoothing=0.000
D step=3/5 epoch=3/3 loss=0.2933 l2=0.2000 label_smoothing=0.000
D step=4/5 epoch=1/3 loss=0.3002 l2=0.2000 label_smoothing=0.000
D step=4/5 epoch=2/3 loss=0.2956 l2=0.2000 label_smoothing=0.000
D step=4/5 epoch=3/3 loss=0.2905 l2=0.2000 label_smoothing=0.000
D step=5/5 epoch=1/3 loss=0.3173 l2=0.2000 label_smoothing=0.000
D step=5/5 epoch=2/3 loss=0.3032 l2=0.2000 label_smoothing=0.000
D step=5/5 epoch=3/3 loss=0.2969 l2=0.2000 label_smoothing=0.000
ADV epoch=67/200 g_loss=0.0132 d_loss=0.3011 reward=0.1704 reward_var=0.0022 unique=0.2000
D step=1/5 epoch=1/3 loss=0.2784 l2=0.2000 label_smoothing=0.000
D step=1/5 epoch=2/3 loss=0.2635 l2=0.2000 label_smoothing=0.000
D step=1/5 epoch=3/3 loss=0.2691 l2=0.2000 label_smoothing=0.000
D step=2/5 epoch=1/3 loss=0.3562 l2=0.2000 label_smoothing=0.000
D step=2/5 epoch=2/3 loss=0.3343 l2=0.2000 label_smoothing=0.000
D step=2/5 epoch=3/3 loss=0.3225 l2=0.2000 label_smoothing=0.000
D step=3/5 epoch=1/3 loss=0.3448 l2=0.2000 label_smoothing=0.000
D step=3/5 epoch=2/3 loss=0.3390 l2=0.2000 label_smoothing=0.000
D step=3/5 epoch=3/3 loss=0.3386 l2=0.2000 label_smoothing=0.000
D step=4/5 epoch=1/3 loss=0.3257 l2=0.2000 label_smoothing=0.000
D step=4/5 epoch=2/3 loss=0.3258 l2=0.2000 label_smoothing=0.000
D step=4/5 epoch=3/3 loss=0.3234 l2=0.2000 label_smoothing=0.000
D step=5/5 epoch=1/3 loss=0.3154 l2=0.2000 label_smoothing=0.000
D step=5/5 epoch=2/3 loss=0.3112 l2=0.2000 label_smoothing=0.000
D step=5/5 epoch=3/3 loss=0.3146 l2=0.2000 label_smoothing=0.000
ADV epoch=68/200 g_loss=0.0192 d_loss=0.3175 reward=0.2256 reward_var=0.0169 unique=0.2000
D step=1/5 epoch=1/3 loss=0.3235 l2=0.2000 label_smoothing=0.000
D step=1/5 epoch=2/3 loss=0.3145 l2=0.2000 label_smoothing=0.000
D step=1/5 epoch=3/3 loss=0.3177 l2=0.2000 label_smoothing=0.000
D step=2/5 epoch=1/3 loss=0.2933 l2=0.2000 label_smoothing=0.000
D step=2/5 epoch=2/3 loss=0.2923 l2=0.2000 label_smoothing=0.000
D step=2/5 epoch=3/3 loss=0.2924 l2=0.2000 label_smoothing=0.000
D step=3/5 epoch=1/3 loss=0.3211 l2=0.2000 label_smoothing=0.000
D step=3/5 epoch=2/3 loss=0.3210 l2=0.2000 label_smoothing=0.000
D step=3/5 epoch=3/3 loss=0.3176 l2=0.2000 label_smoothing=0.000
D step=4/5 epoch=1/3 loss=0.2871 l2=0.2000 label_smoothing=0.000
D step=4/5 epoch=2/3 loss=0.2853 l2=0.2000 label_smoothing=0.000
D step=4/5 epoch=3/3 loss=0.2814 l2=0.2000 label_smoothing=0.000
D step=5/5 epoch=1/3 loss=0.3170 l2=0.2000 label_smoothing=0.000
D step=5/5 epoch=2/3 loss=0.3162 l2=0.2000 label_smoothing=0.000
D step=5/5 epoch=3/3 loss=0.3118 l2=0.2000 label_smoothing=0.000
ADV epoch=69/200 g_loss=0.0153 d_loss=0.3061 reward=0.2161 reward_var=0.0033 unique=0.2000
D step=1/5 epoch=1/3 loss=0.3210 l2=0.2000 label_smoothing=0.000
D step=1/5 epoch=2/3 loss=0.2967 l2=0.2000 label_smoothing=0.000
D step=1/5 epoch=3/3 loss=0.2905 l2=0.2000 label_smoothing=0.000
D step=2/5 epoch=1/3 loss=0.2964 l2=0.2000 label_smoothing=0.000
D step=2/5 epoch=2/3 loss=0.2944 l2=0.2000 label_smoothing=0.000
D step=2/5 epoch=3/3 loss=0.2922 l2=0.2000 label_smoothing=0.000
D step=3/5 epoch=1/3 loss=0.3076 l2=0.2000 label_smoothing=0.000
D step=3/5 epoch=2/3 loss=0.3081 l2=0.2000 label_smoothing=0.000
D step=3/5 epoch=3/3 loss=0.3031 l2=0.2000 label_smoothing=0.000
D step=4/5 epoch=1/3 loss=0.3176 l2=0.2000 label_smoothing=0.000
D step=4/5 epoch=2/3 loss=0.3128 l2=0.2000 label_smoothing=0.000
D step=4/5 epoch=3/3 loss=0.3150 l2=0.2000 label_smoothing=0.000
D step=5/5 epoch=1/3 loss=0.3223 l2=0.2000 label_smoothing=0.000
D step=5/5 epoch=2/3 loss=0.3179 l2=0.2000 label_smoothing=0.000
D step=5/5 epoch=3/3 loss=0.3150 l2=0.2000 label_smoothing=0.000
ADV epoch=70/200 g_loss=0.0194 d_loss=0.3074 reward=0.2065 reward_var=0.0098 unique=0.1800
D step=1/5 epoch=1/3 loss=0.3126 l2=0.2000 label_smoothing=0.000
D step=1/5 epoch=2/3 loss=0.3022 l2=0.2000 label_smoothing=0.000
D step=1/5 epoch=3/3 loss=0.3038 l2=0.2000 label_smoothing=0.000
D step=2/5 epoch=1/3 loss=0.3408 l2=0.2000 label_smoothing=0.000
D step=2/5 epoch=2/3 loss=0.3213 l2=0.2000 label_smoothing=0.000
D step=2/5 epoch=3/3 loss=0.3206 l2=0.2000 label_smoothing=0.000
D step=3/5 epoch=1/3 loss=0.3198 l2=0.2000 label_smoothing=0.000
D step=3/5 epoch=2/3 loss=0.3168 l2=0.2000 label_smoothing=0.000
D step=3/5 epoch=3/3 loss=0.3173 l2=0.2000 label_smoothing=0.000
D step=4/5 epoch=1/3 loss=0.3088 l2=0.2000 label_smoothing=0.000
D step=4/5 epoch=2/3 loss=0.3076 l2=0.2000 label_smoothing=0.000
D step=4/5 epoch=3/3 loss=0.3054 l2=0.2000 label_smoothing=0.000
D step=5/5 epoch=1/3 loss=0.3344 l2=0.2000 label_smoothing=0.000
D step=5/5 epoch=2/3 loss=0.3113 l2=0.2000 label_smoothing=0.000
D step=5/5 epoch=3/3 loss=0.3134 l2=0.2000 label_smoothing=0.000
ADV epoch=71/200 g_loss=0.0169 d_loss=0.3157 reward=0.2228 reward_var=0.0049 unique=0.2000
D step=1/5 epoch=1/3 loss=0.3126 l2=0.2000 label_smoothing=0.000
D step=1/5 epoch=2/3 loss=0.3033 l2=0.2000 label_smoothing=0.000
D step=1/5 epoch=3/3 loss=0.2987 l2=0.2000 label_smoothing=0.000
D step=2/5 epoch=1/3 loss=0.2873 l2=0.2000 label_smoothing=0.000
D step=2/5 epoch=2/3 loss=0.2837 l2=0.2000 label_smoothing=0.000
D step=2/5 epoch=3/3 loss=0.2843 l2=0.2000 label_smoothing=0.000
D step=3/5 epoch=1/3 loss=0.3295 l2=0.2000 label_smoothing=0.000
D step=3/5 epoch=2/3 loss=0.3204 l2=0.2000 label_smoothing=0.000
D step=3/5 epoch=3/3 loss=0.3177 l2=0.2000 label_smoothing=0.000
D step=4/5 epoch=1/3 loss=0.3156 l2=0.2000 label_smoothing=0.000
D step=4/5 epoch=2/3 loss=0.3130 l2=0.2000 label_smoothing=0.000
D step=4/5 epoch=3/3 loss=0.3151 l2=0.2000 label_smoothing=0.000
D step=5/5 epoch=1/3 loss=0.3040 l2=0.2000 label_smoothing=0.000
D step=5/5 epoch=2/3 loss=0.3028 l2=0.2000 label_smoothing=0.000
D step=5/5 epoch=3/3 loss=0.3053 l2=0.2000 label_smoothing=0.000
ADV epoch=72/200 g_loss=0.0125 d_loss=0.3062 reward=0.1761 reward_var=0.0053 unique=0.2400
D step=1/5 epoch=1/3 loss=0.3371 l2=0.2000 label_smoothing=0.000
D step=1/5 epoch=2/3 loss=0.2982 l2=0.2000 label_smoothing=0.000
D step=1/5 epoch=3/3 loss=0.2994 l2=0.2000 label_smoothing=0.000
D step=2/5 epoch=1/3 loss=0.3204 l2=0.2000 label_smoothing=0.000
D step=2/5 epoch=2/3 loss=0.3223 l2=0.2000 label_smoothing=0.000
D step=2/5 epoch=3/3 loss=0.3174 l2=0.2000 label_smoothing=0.000
D step=3/5 epoch=1/3 loss=0.3076 l2=0.2000 label_smoothing=0.000
D step=3/5 epoch=2/3 loss=0.3038 l2=0.2000 label_smoothing=0.000
D step=3/5 epoch=3/3 loss=0.2972 l2=0.2000 label_smoothing=0.000
D step=4/5 epoch=1/3 loss=0.3124 l2=0.2000 label_smoothing=0.000
D step=4/5 epoch=2/3 loss=0.3114 l2=0.2000 label_smoothing=0.000
D step=4/5 epoch=3/3 loss=0.3143 l2=0.2000 label_smoothing=0.000
D step=5/5 epoch=1/3 loss=0.3551 l2=0.2000 label_smoothing=0.000
D step=5/5 epoch=2/3 loss=0.3424 l2=0.2000 label_smoothing=0.000
D step=5/5 epoch=3/3 loss=0.3228 l2=0.2000 label_smoothing=0.000
ADV epoch=73/200 g_loss=0.0112 d_loss=0.3175 reward=0.1926 reward_var=0.0024 unique=0.1800
D step=1/5 epoch=1/3 loss=0.2934 l2=0.2000 label_smoothing=0.000
D step=1/5 epoch=2/3 loss=0.2758 l2=0.2000 label_smoothing=0.000
D step=1/5 epoch=3/3 loss=0.2730 l2=0.2000 label_smoothing=0.000
D step=2/5 epoch=1/3 loss=0.3468 l2=0.2000 label_smoothing=0.000
D step=2/5 epoch=2/3 loss=0.3139 l2=0.2000 label_smoothing=0.000
D step=2/5 epoch=3/3 loss=0.3069 l2=0.2000 label_smoothing=0.000
D step=3/5 epoch=1/3 loss=0.3103 l2=0.2000 label_smoothing=0.000
D step=3/5 epoch=2/3 loss=0.3106 l2=0.2000 label_smoothing=0.000
D step=3/5 epoch=3/3 loss=0.3081 l2=0.2000 label_smoothing=0.000
D step=4/5 epoch=1/3 loss=0.3249 l2=0.2000 label_smoothing=0.000
D step=4/5 epoch=2/3 loss=0.3229 l2=0.2000 label_smoothing=0.000
D step=4/5 epoch=3/3 loss=0.3038 l2=0.2000 label_smoothing=0.000
D step=5/5 epoch=1/3 loss=0.2991 l2=0.2000 label_smoothing=0.000
D step=5/5 epoch=2/3 loss=0.2961 l2=0.2000 label_smoothing=0.000
D step=5/5 epoch=3/3 loss=0.2960 l2=0.2000 label_smoothing=0.000
ADV epoch=74/200 g_loss=0.0135 d_loss=0.3054 reward=0.2090 reward_var=0.0035 unique=0.1600
D step=1/5 epoch=1/3 loss=0.3161 l2=0.2000 label_smoothing=0.000
D step=1/5 epoch=2/3 loss=0.3129 l2=0.2000 label_smoothing=0.000
D step=1/5 epoch=3/3 loss=0.3116 l2=0.2000 label_smoothing=0.000
D step=2/5 epoch=1/3 loss=0.2919 l2=0.2000 label_smoothing=0.000
D step=2/5 epoch=2/3 loss=0.2870 l2=0.2000 label_smoothing=0.000
D step=2/5 epoch=3/3 loss=0.2874 l2=0.2000 label_smoothing=0.000
D step=3/5 epoch=1/3 loss=0.3138 l2=0.2000 label_smoothing=0.000
D step=3/5 epoch=2/3 loss=0.3044 l2=0.2000 label_smoothing=0.000
D step=3/5 epoch=3/3 loss=0.3040 l2=0.2000 label_smoothing=0.000
D step=4/5 epoch=1/3 loss=0.2778 l2=0.2000 label_smoothing=0.000
D step=4/5 epoch=2/3 loss=0.2742 l2=0.2000 label_smoothing=0.000
D step=4/5 epoch=3/3 loss=0.2752 l2=0.2000 label_smoothing=0.000
D step=5/5 epoch=1/3 loss=0.3118 l2=0.2000 label_smoothing=0.000
D step=5/5 epoch=2/3 loss=0.3091 l2=0.2000 label_smoothing=0.000
D step=5/5 epoch=3/3 loss=0.3098 l2=0.2000 label_smoothing=0.000
ADV epoch=75/200 g_loss=0.0121 d_loss=0.2991 reward=0.2086 reward_var=0.0031 unique=0.1600
D step=1/5 epoch=1/3 loss=0.3221 l2=0.2000 label_smoothing=0.000
D step=1/5 epoch=2/3 loss=0.3190 l2=0.2000 label_smoothing=0.000
D step=1/5 epoch=3/3 loss=0.3159 l2=0.2000 label_smoothing=0.000
D step=2/5 epoch=1/3 loss=0.2981 l2=0.2000 label_smoothing=0.000
D step=2/5 epoch=2/3 loss=0.2909 l2=0.2000 label_smoothing=0.000
D step=2/5 epoch=3/3 loss=0.2903 l2=0.2000 label_smoothing=0.000
D step=3/5 epoch=1/3 loss=0.3123 l2=0.2000 label_smoothing=0.000
D step=3/5 epoch=2/3 loss=0.3008 l2=0.2000 label_smoothing=0.000
D step=3/5 epoch=3/3 loss=0.2910 l2=0.2000 label_smoothing=0.000
D step=4/5 epoch=1/3 loss=0.3208 l2=0.2000 label_smoothing=0.000
D step=4/5 epoch=2/3 loss=0.3200 l2=0.2000 label_smoothing=0.000
D step=4/5 epoch=3/3 loss=0.3179 l2=0.2000 label_smoothing=0.000
D step=5/5 epoch=1/3 loss=0.3030 l2=0.2000 label_smoothing=0.000
D step=5/5 epoch=2/3 loss=0.3031 l2=0.2000 label_smoothing=0.000
D step=5/5 epoch=3/3 loss=0.3038 l2=0.2000 label_smoothing=0.000
ADV epoch=76/200 g_loss=0.0178 d_loss=0.3073 reward=0.2255 reward_var=0.0048 unique=0.2200
D step=1/5 epoch=1/3 loss=0.3132 l2=0.2000 label_smoothing=0.000
D step=1/5 epoch=2/3 loss=0.3058 l2=0.2000 label_smoothing=0.000
D step=1/5 epoch=3/3 loss=0.3063 l2=0.2000 label_smoothing=0.000
D step=2/5 epoch=1/3 loss=0.3180 l2=0.2000 label_smoothing=0.000
D step=2/5 epoch=2/3 loss=0.3127 l2=0.2000 label_smoothing=0.000
D step=2/5 epoch=3/3 loss=0.3119 l2=0.2000 label_smoothing=0.000
D step=3/5 epoch=1/3 loss=0.2966 l2=0.2000 label_smoothing=0.000
D step=3/5 epoch=2/3 loss=0.2997 l2=0.2000 label_smoothing=0.000
D step=3/5 epoch=3/3 loss=0.2988 l2=0.2000 label_smoothing=0.000
D step=4/5 epoch=1/3 loss=0.3092 l2=0.2000 label_smoothing=0.000
D step=4/5 epoch=2/3 loss=0.3076 l2=0.2000 label_smoothing=0.000
D step=4/5 epoch=3/3 loss=0.3062 l2=0.2000 label_smoothing=0.000
D step=5/5 epoch=1/3 loss=0.2976 l2=0.2000 label_smoothing=0.000
D step=5/5 epoch=2/3 loss=0.2990 l2=0.2000 label_smoothing=0.000
D step=5/5 epoch=3/3 loss=0.2989 l2=0.2000 label_smoothing=0.000
ADV epoch=77/200 g_loss=0.0102 d_loss=0.3054 reward=0.2144 reward_var=0.0029 unique=0.1400
D step=1/5 epoch=1/3 loss=0.3098 l2=0.2000 label_smoothing=0.000
D step=1/5 epoch=2/3 loss=0.2898 l2=0.2000 label_smoothing=0.000
D step=1/5 epoch=3/3 loss=0.2916 l2=0.2000 label_smoothing=0.000
D step=2/5 epoch=1/3 loss=0.3186 l2=0.2000 label_smoothing=0.000
D step=2/5 epoch=2/3 loss=0.3198 l2=0.2000 label_smoothing=0.000
D step=2/5 epoch=3/3 loss=0.3228 l2=0.2000 label_smoothing=0.000
D step=3/5 epoch=1/3 loss=0.3286 l2=0.2000 label_smoothing=0.000
D step=3/5 epoch=2/3 loss=0.3252 l2=0.2000 label_smoothing=0.000
D step=3/5 epoch=3/3 loss=0.3239 l2=0.2000 label_smoothing=0.000
D step=4/5 epoch=1/3 loss=0.3143 l2=0.2000 label_smoothing=0.000
D step=4/5 epoch=2/3 loss=0.3129 l2=0.2000 label_smoothing=0.000
D step=4/5 epoch=3/3 loss=0.3142 l2=0.2000 label_smoothing=0.000
D step=5/5 epoch=1/3 loss=0.2786 l2=0.2000 label_smoothing=0.000
D step=5/5 epoch=2/3 loss=0.2836 l2=0.2000 label_smoothing=0.000
D step=5/5 epoch=3/3 loss=0.2845 l2=0.2000 label_smoothing=0.000
ADV epoch=78/200 g_loss=0.0129 d_loss=0.3079 reward=0.1911 reward_var=0.0023 unique=0.1800
D step=1/5 epoch=1/3 loss=0.3411 l2=0.2000 label_smoothing=0.000
D step=1/5 epoch=2/3 loss=0.3079 l2=0.2000 label_smoothing=0.000
D step=1/5 epoch=3/3 loss=0.3066 l2=0.2000 label_smoothing=0.000
D step=2/5 epoch=1/3 loss=0.3288 l2=0.2000 label_smoothing=0.000
D step=2/5 epoch=2/3 loss=0.3209 l2=0.2000 label_smoothing=0.000
D step=2/5 epoch=3/3 loss=0.3196 l2=0.2000 label_smoothing=0.000
D step=3/5 epoch=1/3 loss=0.3057 l2=0.2000 label_smoothing=0.000
D step=3/5 epoch=2/3 loss=0.2965 l2=0.2000 label_smoothing=0.000
D step=3/5 epoch=3/3 loss=0.2929 l2=0.2000 label_smoothing=0.000
D step=4/5 epoch=1/3 loss=0.3368 l2=0.2000 label_smoothing=0.000
D step=4/5 epoch=2/3 loss=0.3325 l2=0.2000 label_smoothing=0.000
D step=4/5 epoch=3/3 loss=0.3286 l2=0.2000 label_smoothing=0.000
D step=5/5 epoch=1/3 loss=0.3014 l2=0.2000 label_smoothing=0.000
D step=5/5 epoch=2/3 loss=0.2970 l2=0.2000 label_smoothing=0.000
D step=5/5 epoch=3/3 loss=0.2967 l2=0.2000 label_smoothing=0.000
ADV epoch=79/200 g_loss=0.0109 d_loss=0.3142 reward=0.1691 reward_var=0.0015 unique=0.1800
D step=1/5 epoch=1/3 loss=0.2939 l2=0.2000 label_smoothing=0.000
D step=1/5 epoch=2/3 loss=0.2893 l2=0.2000 label_smoothing=0.000
D step=1/5 epoch=3/3 loss=0.2831 l2=0.2000 label_smoothing=0.000
D step=2/5 epoch=1/3 loss=0.2917 l2=0.2000 label_smoothing=0.000
D step=2/5 epoch=2/3 loss=0.2891 l2=0.2000 label_smoothing=0.000
D step=2/5 epoch=3/3 loss=0.2797 l2=0.2000 label_smoothing=0.000
D step=3/5 epoch=1/3 loss=0.2938 l2=0.2000 label_smoothing=0.000
D step=3/5 epoch=2/3 loss=0.2949 l2=0.2000 label_smoothing=0.000
D step=3/5 epoch=3/3 loss=0.2934 l2=0.2000 label_smoothing=0.000
D step=4/5 epoch=1/3 loss=0.2792 l2=0.2000 label_smoothing=0.000
D step=4/5 epoch=2/3 loss=0.2796 l2=0.2000 label_smoothing=0.000
D step=4/5 epoch=3/3 loss=0.2767 l2=0.2000 label_smoothing=0.000
D step=5/5 epoch=1/3 loss=0.2933 l2=0.2000 label_smoothing=0.000
D step=5/5 epoch=2/3 loss=0.2918 l2=0.2000 label_smoothing=0.000
D step=5/5 epoch=3/3 loss=0.2912 l2=0.2000 label_smoothing=0.000
ADV epoch=80/200 g_loss=0.0086 d_loss=0.2880 reward=0.1807 reward_var=0.0018 unique=0.1200
D step=1/5 epoch=1/3 loss=0.3002 l2=0.2000 label_smoothing=0.000
D step=1/5 epoch=2/3 loss=0.2932 l2=0.2000 label_smoothing=0.000
D step=1/5 epoch=3/3 loss=0.2936 l2=0.2000 label_smoothing=0.000
D step=2/5 epoch=1/3 loss=0.3248 l2=0.2000 label_smoothing=0.000
D step=2/5 epoch=2/3 loss=0.3212 l2=0.2000 label_smoothing=0.000
D step=2/5 epoch=3/3 loss=0.3201 l2=0.2000 label_smoothing=0.000
D step=3/5 epoch=1/3 loss=0.3462 l2=0.2000 label_smoothing=0.000
D step=3/5 epoch=2/3 loss=0.3320 l2=0.2000 label_smoothing=0.000
D step=3/5 epoch=3/3 loss=0.3066 l2=0.2000 label_smoothing=0.000
D step=4/5 epoch=1/3 loss=0.3007 l2=0.2000 label_smoothing=0.000
D step=4/5 epoch=2/3 loss=0.3031 l2=0.2000 label_smoothing=0.000
D step=4/5 epoch=3/3 loss=0.2986 l2=0.2000 label_smoothing=0.000
D step=5/5 epoch=1/3 loss=0.3114 l2=0.2000 label_smoothing=0.000
D step=5/5 epoch=2/3 loss=0.3093 l2=0.2000 label_smoothing=0.000
D step=5/5 epoch=3/3 loss=0.3097 l2=0.2000 label_smoothing=0.000
ADV epoch=81/200 g_loss=0.0123 d_loss=0.3114 reward=0.2005 reward_var=0.0027 unique=0.1000
D step=1/5 epoch=1/3 loss=0.3111 l2=0.2000 label_smoothing=0.000
D step=1/5 epoch=2/3 loss=0.3051 l2=0.2000 label_smoothing=0.000
D step=1/5 epoch=3/3 loss=0.3062 l2=0.2000 label_smoothing=0.000
D step=2/5 epoch=1/3 loss=0.3081 l2=0.2000 label_smoothing=0.000
D step=2/5 epoch=2/3 loss=0.3124 l2=0.2000 label_smoothing=0.000
D step=2/5 epoch=3/3 loss=0.3082 l2=0.2000 label_smoothing=0.000
D step=3/5 epoch=1/3 loss=0.3114 l2=0.2000 label_smoothing=0.000
D step=3/5 epoch=2/3 loss=0.3116 l2=0.2000 label_smoothing=0.000
D step=3/5 epoch=3/3 loss=0.3094 l2=0.2000 label_smoothing=0.000
D step=4/5 epoch=1/3 loss=0.3260 l2=0.2000 label_smoothing=0.000
D step=4/5 epoch=2/3 loss=0.3025 l2=0.2000 label_smoothing=0.000
D step=4/5 epoch=3/3 loss=0.2952 l2=0.2000 label_smoothing=0.000
D step=5/5 epoch=1/3 loss=0.3151 l2=0.2000 label_smoothing=0.000
D step=5/5 epoch=2/3 loss=0.3070 l2=0.2000 label_smoothing=0.000
D step=5/5 epoch=3/3 loss=0.3104 l2=0.2000 label_smoothing=0.000
ADV epoch=82/200 g_loss=0.0243 d_loss=0.3093 reward=0.2310 reward_var=0.0180 unique=0.1600
D step=1/5 epoch=1/3 loss=0.3094 l2=0.2000 label_smoothing=0.000
D step=1/5 epoch=2/3 loss=0.3051 l2=0.2000 label_smoothing=0.000
D step=1/5 epoch=3/3 loss=0.3057 l2=0.2000 label_smoothing=0.000
D step=2/5 epoch=1/3 loss=0.3105 l2=0.2000 label_smoothing=0.000
D step=2/5 epoch=2/3 loss=0.3044 l2=0.2000 label_smoothing=0.000
D step=2/5 epoch=3/3 loss=0.2978 l2=0.2000 label_smoothing=0.000
D step=3/5 epoch=1/3 loss=0.2963 l2=0.2000 label_smoothing=0.000
D step=3/5 epoch=2/3 loss=0.2978 l2=0.2000 label_smoothing=0.000
D step=3/5 epoch=3/3 loss=0.2973 l2=0.2000 label_smoothing=0.000
D step=4/5 epoch=1/3 loss=0.3204 l2=0.2000 label_smoothing=0.000
D step=4/5 epoch=2/3 loss=0.3093 l2=0.2000 label_smoothing=0.000
D step=4/5 epoch=3/3 loss=0.3017 l2=0.2000 label_smoothing=0.000
D step=5/5 epoch=1/3 loss=0.3070 l2=0.2000 label_smoothing=0.000
D step=5/5 epoch=2/3 loss=0.3043 l2=0.2000 label_smoothing=0.000
D step=5/5 epoch=3/3 loss=0.2967 l2=0.2000 label_smoothing=0.000
ADV epoch=83/200 g_loss=0.0109 d_loss=0.3043 reward=0.1983 reward_var=0.0027 unique=0.1800
D step=1/5 epoch=1/3 loss=0.2983 l2=0.2000 label_smoothing=0.000
D step=1/5 epoch=2/3 loss=0.2943 l2=0.2000 label_smoothing=0.000
D step=1/5 epoch=3/3 loss=0.2936 l2=0.2000 label_smoothing=0.000
D step=2/5 epoch=1/3 loss=0.3144 l2=0.2000 label_smoothing=0.000
D step=2/5 epoch=2/3 loss=0.3089 l2=0.2000 label_smoothing=0.000
D step=2/5 epoch=3/3 loss=0.3086 l2=0.2000 label_smoothing=0.000
D step=3/5 epoch=1/3 loss=0.3346 l2=0.2000 label_smoothing=0.000
D step=3/5 epoch=2/3 loss=0.3317 l2=0.2000 label_smoothing=0.000
D step=3/5 epoch=3/3 loss=0.3280 l2=0.2000 label_smoothing=0.000
D step=4/5 epoch=1/3 loss=0.3372 l2=0.2000 label_smoothing=0.000
D step=4/5 epoch=2/3 loss=0.3109 l2=0.2000 label_smoothing=0.000
D step=4/5 epoch=3/3 loss=0.3018 l2=0.2000 label_smoothing=0.000
D step=5/5 epoch=1/3 loss=0.3230 l2=0.2000 label_smoothing=0.000
D step=5/5 epoch=2/3 loss=0.3183 l2=0.2000 label_smoothing=0.000
D step=5/5 epoch=3/3 loss=0.3181 l2=0.2000 label_smoothing=0.000
ADV epoch=84/200 g_loss=0.0113 d_loss=0.3148 reward=0.1889 reward_var=0.0033 unique=0.1000
D step=1/5 epoch=1/3 loss=0.3097 l2=0.2000 label_smoothing=0.000
D step=1/5 epoch=2/3 loss=0.2922 l2=0.2000 label_smoothing=0.000
D step=1/5 epoch=3/3 loss=0.2939 l2=0.2000 label_smoothing=0.000
D step=2/5 epoch=1/3 loss=0.2950 l2=0.2000 label_smoothing=0.000
D step=2/5 epoch=2/3 loss=0.2919 l2=0.2000 label_smoothing=0.000
D step=2/5 epoch=3/3 loss=0.2913 l2=0.2000 label_smoothing=0.000
D step=3/5 epoch=1/3 loss=0.3017 l2=0.2000 label_smoothing=0.000
D step=3/5 epoch=2/3 loss=0.3023 l2=0.2000 label_smoothing=0.000
D step=3/5 epoch=3/3 loss=0.3014 l2=0.2000 label_smoothing=0.000
D step=4/5 epoch=1/3 loss=0.3084 l2=0.2000 label_smoothing=0.000
D step=4/5 epoch=2/3 loss=0.3043 l2=0.2000 label_smoothing=0.000
D step=4/5 epoch=3/3 loss=0.3062 l2=0.2000 label_smoothing=0.000
D step=5/5 epoch=1/3 loss=0.3089 l2=0.2000 label_smoothing=0.000
D step=5/5 epoch=2/3 loss=0.3052 l2=0.2000 label_smoothing=0.000
D step=5/5 epoch=3/3 loss=0.3062 l2=0.2000 label_smoothing=0.000
ADV epoch=85/200 g_loss=0.0145 d_loss=0.3012 reward=0.2173 reward_var=0.0041 unique=0.1600
D step=1/5 epoch=1/3 loss=0.3304 l2=0.2000 label_smoothing=0.000
D step=1/5 epoch=2/3 loss=0.3304 l2=0.2000 label_smoothing=0.000
D step=1/5 epoch=3/3 loss=0.3316 l2=0.2000 label_smoothing=0.000
D step=2/5 epoch=1/3 loss=0.2887 l2=0.2000 label_smoothing=0.000
D step=2/5 epoch=2/3 loss=0.2885 l2=0.2000 label_smoothing=0.000
D step=2/5 epoch=3/3 loss=0.2899 l2=0.2000 label_smoothing=0.000
D step=3/5 epoch=1/3 loss=0.3063 l2=0.2000 label_smoothing=0.000
D step=3/5 epoch=2/3 loss=0.3041 l2=0.2000 label_smoothing=0.000
D step=3/5 epoch=3/3 loss=0.3076 l2=0.2000 label_smoothing=0.000
D step=4/5 epoch=1/3 loss=0.3233 l2=0.2000 label_smoothing=0.000
D step=4/5 epoch=2/3 loss=0.3185 l2=0.2000 label_smoothing=0.000
D step=4/5 epoch=3/3 loss=0.3173 l2=0.2000 label_smoothing=0.000
D step=5/5 epoch=1/3 loss=0.3086 l2=0.2000 label_smoothing=0.000
D step=5/5 epoch=2/3 loss=0.2924 l2=0.2000 label_smoothing=0.000
D step=5/5 epoch=3/3 loss=0.3001 l2=0.2000 label_smoothing=0.000
ADV epoch=86/200 g_loss=0.0096 d_loss=0.3092 reward=0.1768 reward_var=0.0034 unique=0.1600
D step=1/5 epoch=1/3 loss=0.3119 l2=0.2000 label_smoothing=0.000
D step=1/5 epoch=2/3 loss=0.3096 l2=0.2000 label_smoothing=0.000
D step=1/5 epoch=3/3 loss=0.3085 l2=0.2000 label_smoothing=0.000
D step=2/5 epoch=1/3 loss=0.3185 l2=0.2000 label_smoothing=0.000
D step=2/5 epoch=2/3 loss=0.3163 l2=0.2000 label_smoothing=0.000
D step=2/5 epoch=3/3 loss=0.3162 l2=0.2000 label_smoothing=0.000
D step=3/5 epoch=1/3 loss=0.3001 l2=0.2000 label_smoothing=0.000
D step=3/5 epoch=2/3 loss=0.2954 l2=0.2000 label_smoothing=0.000
D step=3/5 epoch=3/3 loss=0.2952 l2=0.2000 label_smoothing=0.000
D step=4/5 epoch=1/3 loss=0.3234 l2=0.2000 label_smoothing=0.000
D step=4/5 epoch=2/3 loss=0.3114 l2=0.2000 label_smoothing=0.000
D step=4/5 epoch=3/3 loss=0.3092 l2=0.2000 label_smoothing=0.000
D step=5/5 epoch=1/3 loss=0.2932 l2=0.2000 label_smoothing=0.000
D step=5/5 epoch=2/3 loss=0.2908 l2=0.2000 label_smoothing=0.000
D step=5/5 epoch=3/3 loss=0.2871 l2=0.2000 label_smoothing=0.000
ADV epoch=87/200 g_loss=0.0094 d_loss=0.3058 reward=0.1756 reward_var=0.0018 unique=0.0800
D step=1/5 epoch=1/3 loss=0.3423 l2=0.2000 label_smoothing=0.000
D step=1/5 epoch=2/3 loss=0.3025 l2=0.2000 label_smoothing=0.000
D step=1/5 epoch=3/3 loss=0.3007 l2=0.2000 label_smoothing=0.000
D step=2/5 epoch=1/3 loss=0.2936 l2=0.2000 label_smoothing=0.000
D step=2/5 epoch=2/3 loss=0.2929 l2=0.2000 label_smoothing=0.000
D step=2/5 epoch=3/3 loss=0.2889 l2=0.2000 label_smoothing=0.000
D step=3/5 epoch=1/3 loss=0.3227 l2=0.2000 label_smoothing=0.000
D step=3/5 epoch=2/3 loss=0.3167 l2=0.2000 label_smoothing=0.000
D step=3/5 epoch=3/3 loss=0.3115 l2=0.2000 label_smoothing=0.000
D step=4/5 epoch=1/3 loss=0.2886 l2=0.2000 label_smoothing=0.000
D step=4/5 epoch=2/3 loss=0.2856 l2=0.2000 label_smoothing=0.000
D step=4/5 epoch=3/3 loss=0.2821 l2=0.2000 label_smoothing=0.000
D step=5/5 epoch=1/3 loss=0.3228 l2=0.2000 label_smoothing=0.000
D step=5/5 epoch=2/3 loss=0.3219 l2=0.2000 label_smoothing=0.000
D step=5/5 epoch=3/3 loss=0.3168 l2=0.2000 label_smoothing=0.000
ADV epoch=88/200 g_loss=0.0190 d_loss=0.3060 reward=0.2079 reward_var=0.0078 unique=0.1000
D step=1/5 epoch=1/3 loss=0.3097 l2=0.2000 label_smoothing=0.000
D step=1/5 epoch=2/3 loss=0.3022 l2=0.2000 label_smoothing=0.000
D step=1/5 epoch=3/3 loss=0.2989 l2=0.2000 label_smoothing=0.000
D step=2/5 epoch=1/3 loss=0.3077 l2=0.2000 label_smoothing=0.000
D step=2/5 epoch=2/3 loss=0.3103 l2=0.2000 label_smoothing=0.000
D step=2/5 epoch=3/3 loss=0.3068 l2=0.2000 label_smoothing=0.000
D step=3/5 epoch=1/3 loss=0.3647 l2=0.2000 label_smoothing=0.000
D step=3/5 epoch=2/3 loss=0.3131 l2=0.2000 label_smoothing=0.000
D step=3/5 epoch=3/3 loss=0.3106 l2=0.2000 label_smoothing=0.000
D step=4/5 epoch=1/3 loss=0.2919 l2=0.2000 label_smoothing=0.000
D step=4/5 epoch=2/3 loss=0.2904 l2=0.2000 label_smoothing=0.000
D step=4/5 epoch=3/3 loss=0.2867 l2=0.2000 label_smoothing=0.000
D step=5/5 epoch=1/3 loss=0.3171 l2=0.2000 label_smoothing=0.000
D step=5/5 epoch=2/3 loss=0.3148 l2=0.2000 label_smoothing=0.000
D step=5/5 epoch=3/3 loss=0.3143 l2=0.2000 label_smoothing=0.000
ADV epoch=89/200 g_loss=0.0119 d_loss=0.3093 reward=0.2312 reward_var=0.0069 unique=0.1600
D step=1/5 epoch=1/3 loss=0.3509 l2=0.2000 label_smoothing=0.000
D step=1/5 epoch=2/3 loss=0.3279 l2=0.2000 label_smoothing=0.000
D step=1/5 epoch=3/3 loss=0.3180 l2=0.2000 label_smoothing=0.000
D step=2/5 epoch=1/3 loss=0.3233 l2=0.2000 label_smoothing=0.000
D step=2/5 epoch=2/3 loss=0.3265 l2=0.2000 label_smoothing=0.000
D step=2/5 epoch=3/3 loss=0.3203 l2=0.2000 label_smoothing=0.000
D step=3/5 epoch=1/3 loss=0.2918 l2=0.2000 label_smoothing=0.000
D step=3/5 epoch=2/3 loss=0.2678 l2=0.2000 label_smoothing=0.000
D step=3/5 epoch=3/3 loss=0.2682 l2=0.2000 label_smoothing=0.000
D step=4/5 epoch=1/3 loss=0.2889 l2=0.2000 label_smoothing=0.000
D step=4/5 epoch=2/3 loss=0.2941 l2=0.2000 label_smoothing=0.000
D step=4/5 epoch=3/3 loss=0.2883 l2=0.2000 label_smoothing=0.000
D step=5/5 epoch=1/3 loss=0.2935 l2=0.2000 label_smoothing=0.000
D step=5/5 epoch=2/3 loss=0.2885 l2=0.2000 label_smoothing=0.000
D step=5/5 epoch=3/3 loss=0.2873 l2=0.2000 label_smoothing=0.000
ADV epoch=90/200 g_loss=0.0130 d_loss=0.3024 reward=0.1989 reward_var=0.0036 unique=0.1400
D step=1/5 epoch=1/3 loss=0.2981 l2=0.2000 label_smoothing=0.000
D step=1/5 epoch=2/3 loss=0.2927 l2=0.2000 label_smoothing=0.000
D step=1/5 epoch=3/3 loss=0.2884 l2=0.2000 label_smoothing=0.000
D step=2/5 epoch=1/3 loss=0.3142 l2=0.2000 label_smoothing=0.000
D step=2/5 epoch=2/3 loss=0.3084 l2=0.2000 label_smoothing=0.000
D step=2/5 epoch=3/3 loss=0.3074 l2=0.2000 label_smoothing=0.000
D step=3/5 epoch=1/3 loss=0.2871 l2=0.2000 label_smoothing=0.000
D step=3/5 epoch=2/3 loss=0.2880 l2=0.2000 label_smoothing=0.000
D step=3/5 epoch=3/3 loss=0.2869 l2=0.2000 label_smoothing=0.000
D step=4/5 epoch=1/3 loss=0.2866 l2=0.2000 label_smoothing=0.000
D step=4/5 epoch=2/3 loss=0.2809 l2=0.2000 label_smoothing=0.000
D step=4/5 epoch=3/3 loss=0.2849 l2=0.2000 label_smoothing=0.000
D step=5/5 epoch=1/3 loss=0.3615 l2=0.2000 label_smoothing=0.000
D step=5/5 epoch=2/3 loss=0.3422 l2=0.2000 label_smoothing=0.000
D step=5/5 epoch=3/3 loss=0.3268 l2=0.2000 label_smoothing=0.000
ADV epoch=91/200 g_loss=0.0184 d_loss=0.3036 reward=0.2023 reward_var=0.0104 unique=0.1200
D step=1/5 epoch=1/3 loss=0.2837 l2=0.2000 label_smoothing=0.000
D step=1/5 epoch=2/3 loss=0.2753 l2=0.2000 label_smoothing=0.000
D step=1/5 epoch=3/3 loss=0.2760 l2=0.2000 label_smoothing=0.000
D step=2/5 epoch=1/3 loss=0.3046 l2=0.2000 label_smoothing=0.000
D step=2/5 epoch=2/3 loss=0.3014 l2=0.2000 label_smoothing=0.000
D step=2/5 epoch=3/3 loss=0.2993 l2=0.2000 label_smoothing=0.000
D step=3/5 epoch=1/3 loss=0.3113 l2=0.2000 label_smoothing=0.000
D step=3/5 epoch=2/3 loss=0.2925 l2=0.2000 label_smoothing=0.000
D step=3/5 epoch=3/3 loss=0.2927 l2=0.2000 label_smoothing=0.000
D step=4/5 epoch=1/3 loss=0.3180 l2=0.2000 label_smoothing=0.000
D step=4/5 epoch=2/3 loss=0.2970 l2=0.2000 label_smoothing=0.000
D step=4/5 epoch=3/3 loss=0.2945 l2=0.2000 label_smoothing=0.000
D step=5/5 epoch=1/3 loss=0.2817 l2=0.2000 label_smoothing=0.000
D step=5/5 epoch=2/3 loss=0.2747 l2=0.2000 label_smoothing=0.000
D step=5/5 epoch=3/3 loss=0.2762 l2=0.2000 label_smoothing=0.000
ADV epoch=92/200 g_loss=0.0135 d_loss=0.2919 reward=0.2183 reward_var=0.0046 unique=0.1400
D step=1/5 epoch=1/3 loss=0.3086 l2=0.2000 label_smoothing=0.000
D step=1/5 epoch=2/3 loss=0.3066 l2=0.2000 label_smoothing=0.000
D step=1/5 epoch=3/3 loss=0.3063 l2=0.2000 label_smoothing=0.000
D step=2/5 epoch=1/3 loss=0.2971 l2=0.2000 label_smoothing=0.000
D step=2/5 epoch=2/3 loss=0.3037 l2=0.2000 label_smoothing=0.000
D step=2/5 epoch=3/3 loss=0.2926 l2=0.2000 label_smoothing=0.000
D step=3/5 epoch=1/3 loss=0.2846 l2=0.2000 label_smoothing=0.000
D step=3/5 epoch=2/3 loss=0.2880 l2=0.2000 label_smoothing=0.000
D step=3/5 epoch=3/3 loss=0.2823 l2=0.2000 label_smoothing=0.000
D step=4/5 epoch=1/3 loss=0.2975 l2=0.2000 label_smoothing=0.000
D step=4/5 epoch=2/3 loss=0.2970 l2=0.2000 label_smoothing=0.000
D step=4/5 epoch=3/3 loss=0.2942 l2=0.2000 label_smoothing=0.000
D step=5/5 epoch=1/3 loss=0.3089 l2=0.2000 label_smoothing=0.000
D step=5/5 epoch=2/3 loss=0.2846 l2=0.2000 label_smoothing=0.000
D step=5/5 epoch=3/3 loss=0.2836 l2=0.2000 label_smoothing=0.000
ADV epoch=93/200 g_loss=0.0082 d_loss=0.2957 reward=0.1828 reward_var=0.0030 unique=0.1200
D step=1/5 epoch=1/3 loss=0.2737 l2=0.2000 label_smoothing=0.000
D step=1/5 epoch=2/3 loss=0.2651 l2=0.2000 label_smoothing=0.000
D step=1/5 epoch=3/3 loss=0.2603 l2=0.2000 label_smoothing=0.000
D step=2/5 epoch=1/3 loss=0.2928 l2=0.2000 label_smoothing=0.000
D step=2/5 epoch=2/3 loss=0.2929 l2=0.2000 label_smoothing=0.000
D step=2/5 epoch=3/3 loss=0.2889 l2=0.2000 label_smoothing=0.000
D step=3/5 epoch=1/3 loss=0.2946 l2=0.2000 label_smoothing=0.000
D step=3/5 epoch=2/3 loss=0.2920 l2=0.2000 label_smoothing=0.000
D step=3/5 epoch=3/3 loss=0.2880 l2=0.2000 label_smoothing=0.000
D step=4/5 epoch=1/3 loss=0.2983 l2=0.2000 label_smoothing=0.000
D step=4/5 epoch=2/3 loss=0.2936 l2=0.2000 label_smoothing=0.000
D step=4/5 epoch=3/3 loss=0.2932 l2=0.2000 label_smoothing=0.000
D step=5/5 epoch=1/3 loss=0.2840 l2=0.2000 label_smoothing=0.000
D step=5/5 epoch=2/3 loss=0.2875 l2=0.2000 label_smoothing=0.000
D step=5/5 epoch=3/3 loss=0.2836 l2=0.2000 label_smoothing=0.000
ADV epoch=94/200 g_loss=0.0108 d_loss=0.2859 reward=0.1861 reward_var=0.0078 unique=0.1400
D step=1/5 epoch=1/3 loss=0.2887 l2=0.2000 label_smoothing=0.000
D step=1/5 epoch=2/3 loss=0.2746 l2=0.2000 label_smoothing=0.000
D step=1/5 epoch=3/3 loss=0.2731 l2=0.2000 label_smoothing=0.000
D step=2/5 epoch=1/3 loss=0.3366 l2=0.2000 label_smoothing=0.000
D step=2/5 epoch=2/3 loss=0.3083 l2=0.2000 label_smoothing=0.000
D step=2/5 epoch=3/3 loss=0.3053 l2=0.2000 label_smoothing=0.000
D step=3/5 epoch=1/3 loss=0.3145 l2=0.2000 label_smoothing=0.000
D step=3/5 epoch=2/3 loss=0.3046 l2=0.2000 label_smoothing=0.000
D step=3/5 epoch=3/3 loss=0.3055 l2=0.2000 label_smoothing=0.000
D step=4/5 epoch=1/3 loss=0.3033 l2=0.2000 label_smoothing=0.000
D step=4/5 epoch=2/3 loss=0.2980 l2=0.2000 label_smoothing=0.000
D step=4/5 epoch=3/3 loss=0.2972 l2=0.2000 label_smoothing=0.000
D step=5/5 epoch=1/3 loss=0.3075 l2=0.2000 label_smoothing=0.000
D step=5/5 epoch=2/3 loss=0.3009 l2=0.2000 label_smoothing=0.000
D step=5/5 epoch=3/3 loss=0.2977 l2=0.2000 label_smoothing=0.000
ADV epoch=95/200 g_loss=0.0117 d_loss=0.3010 reward=0.1878 reward_var=0.0068 unique=0.1600
D step=1/5 epoch=1/3 loss=0.2999 l2=0.2000 label_smoothing=0.000
D step=1/5 epoch=2/3 loss=0.2868 l2=0.2000 label_smoothing=0.000
D step=1/5 epoch=3/3 loss=0.2900 l2=0.2000 label_smoothing=0.000
D step=2/5 epoch=1/3 loss=0.3005 l2=0.2000 label_smoothing=0.000
D step=2/5 epoch=2/3 loss=0.3011 l2=0.2000 label_smoothing=0.000
D step=2/5 epoch=3/3 loss=0.2918 l2=0.2000 label_smoothing=0.000
D step=3/5 epoch=1/3 loss=0.3026 l2=0.2000 label_smoothing=0.000
D step=3/5 epoch=2/3 loss=0.2936 l2=0.2000 label_smoothing=0.000
D step=3/5 epoch=3/3 loss=0.2965 l2=0.2000 label_smoothing=0.000
D step=4/5 epoch=1/3 loss=0.2869 l2=0.2000 label_smoothing=0.000
D step=4/5 epoch=2/3 loss=0.2866 l2=0.2000 label_smoothing=0.000
D step=4/5 epoch=3/3 loss=0.2807 l2=0.2000 label_smoothing=0.000
D step=5/5 epoch=1/3 loss=0.2891 l2=0.2000 label_smoothing=0.000
D step=5/5 epoch=2/3 loss=0.2865 l2=0.2000 label_smoothing=0.000
D step=5/5 epoch=3/3 loss=0.2884 l2=0.2000 label_smoothing=0.000
ADV epoch=96/200 g_loss=0.0144 d_loss=0.2920 reward=0.2036 reward_var=0.0088 unique=0.1600
D step=1/5 epoch=1/3 loss=0.3183 l2=0.2000 label_smoothing=0.000
D step=1/5 epoch=2/3 loss=0.2878 l2=0.2000 label_smoothing=0.000
D step=1/5 epoch=3/3 loss=0.2849 l2=0.2000 label_smoothing=0.000
D step=2/5 epoch=1/3 loss=0.2936 l2=0.2000 label_smoothing=0.000
D step=2/5 epoch=2/3 loss=0.2915 l2=0.2000 label_smoothing=0.000
D step=2/5 epoch=3/3 loss=0.2962 l2=0.2000 label_smoothing=0.000
D step=3/5 epoch=1/3 loss=0.3002 l2=0.2000 label_smoothing=0.000
D step=3/5 epoch=2/3 loss=0.3021 l2=0.2000 label_smoothing=0.000
D step=3/5 epoch=3/3 loss=0.3009 l2=0.2000 label_smoothing=0.000
D step=4/5 epoch=1/3 loss=0.3070 l2=0.2000 label_smoothing=0.000
D step=4/5 epoch=2/3 loss=0.2945 l2=0.2000 label_smoothing=0.000
D step=4/5 epoch=3/3 loss=0.2901 l2=0.2000 label_smoothing=0.000
D step=5/5 epoch=1/3 loss=0.2901 l2=0.2000 label_smoothing=0.000
D step=5/5 epoch=2/3 loss=0.2790 l2=0.2000 label_smoothing=0.000
D step=5/5 epoch=3/3 loss=0.2814 l2=0.2000 label_smoothing=0.000
ADV epoch=97/200 g_loss=0.0116 d_loss=0.2945 reward=0.1975 reward_var=0.0040 unique=0.1200
D step=1/5 epoch=1/3 loss=0.2961 l2=0.2000 label_smoothing=0.000
D step=1/5 epoch=2/3 loss=0.2859 l2=0.2000 label_smoothing=0.000
D step=1/5 epoch=3/3 loss=0.2868 l2=0.2000 label_smoothing=0.000
D step=2/5 epoch=1/3 loss=0.3407 l2=0.2000 label_smoothing=0.000
D step=2/5 epoch=2/3 loss=0.3157 l2=0.2000 label_smoothing=0.000
D step=2/5 epoch=3/3 loss=0.3157 l2=0.2000 label_smoothing=0.000
D step=3/5 epoch=1/3 loss=0.3207 l2=0.2000 label_smoothing=0.000
D step=3/5 epoch=2/3 loss=0.3196 l2=0.2000 label_smoothing=0.000
D step=3/5 epoch=3/3 loss=0.3143 l2=0.2000 label_smoothing=0.000
D step=4/5 epoch=1/3 loss=0.3138 l2=0.2000 label_smoothing=0.000
D step=4/5 epoch=2/3 loss=0.3070 l2=0.2000 label_smoothing=0.000
D step=4/5 epoch=3/3 loss=0.3094 l2=0.2000 label_smoothing=0.000
D step=5/5 epoch=1/3 loss=0.2745 l2=0.2000 label_smoothing=0.000
D step=5/5 epoch=2/3 loss=0.2812 l2=0.2000 label_smoothing=0.000
D step=5/5 epoch=3/3 loss=0.2747 l2=0.2000 label_smoothing=0.000
ADV epoch=98/200 g_loss=0.0128 d_loss=0.3037 reward=0.1690 reward_var=0.0090 unique=0.1800
D step=1/5 epoch=1/3 loss=0.3040 l2=0.2000 label_smoothing=0.000
D step=1/5 epoch=2/3 loss=0.2971 l2=0.2000 label_smoothing=0.000
D step=1/5 epoch=3/3 loss=0.2901 l2=0.2000 label_smoothing=0.000
D step=2/5 epoch=1/3 loss=0.2865 l2=0.2000 label_smoothing=0.000
D step=2/5 epoch=2/3 loss=0.2826 l2=0.2000 label_smoothing=0.000
D step=2/5 epoch=3/3 loss=0.2744 l2=0.2000 label_smoothing=0.000
D step=3/5 epoch=1/3 loss=0.3724 l2=0.2000 label_smoothing=0.000
D step=3/5 epoch=2/3 loss=0.3427 l2=0.2000 label_smoothing=0.000
D step=3/5 epoch=3/3 loss=0.3299 l2=0.2000 label_smoothing=0.000
D step=4/5 epoch=1/3 loss=0.3053 l2=0.2000 label_smoothing=0.000
D step=4/5 epoch=2/3 loss=0.3069 l2=0.2000 label_smoothing=0.000
D step=4/5 epoch=3/3 loss=0.3033 l2=0.2000 label_smoothing=0.000
D step=5/5 epoch=1/3 loss=0.3016 l2=0.2000 label_smoothing=0.000
D step=5/5 epoch=2/3 loss=0.3011 l2=0.2000 label_smoothing=0.000
D step=5/5 epoch=3/3 loss=0.2976 l2=0.2000 label_smoothing=0.000
ADV epoch=99/200 g_loss=0.0114 d_loss=0.3064 reward=0.1791 reward_var=0.0119 unique=0.2000
D step=1/5 epoch=1/3 loss=0.3302 l2=0.2000 label_smoothing=0.000
D step=1/5 epoch=2/3 loss=0.3244 l2=0.2000 label_smoothing=0.000
D step=1/5 epoch=3/3 loss=0.3218 l2=0.2000 label_smoothing=0.000
D step=2/5 epoch=1/3 loss=0.3369 l2=0.2000 label_smoothing=0.000
D step=2/5 epoch=2/3 loss=0.3327 l2=0.2000 label_smoothing=0.000
D step=2/5 epoch=3/3 loss=0.3328 l2=0.2000 label_smoothing=0.000
D step=3/5 epoch=1/3 loss=0.3000 l2=0.2000 label_smoothing=0.000
D step=3/5 epoch=2/3 loss=0.2957 l2=0.2000 label_smoothing=0.000
D step=3/5 epoch=3/3 loss=0.2981 l2=0.2000 label_smoothing=0.000
D step=4/5 epoch=1/3 loss=0.3088 l2=0.2000 label_smoothing=0.000
D step=4/5 epoch=2/3 loss=0.3036 l2=0.2000 label_smoothing=0.000
D step=4/5 epoch=3/3 loss=0.2984 l2=0.2000 label_smoothing=0.000
D step=5/5 epoch=1/3 loss=0.2914 l2=0.2000 label_smoothing=0.000
D step=5/5 epoch=2/3 loss=0.2946 l2=0.2000 label_smoothing=0.000
D step=5/5 epoch=3/3 loss=0.2911 l2=0.2000 label_smoothing=0.000
ADV epoch=100/200 g_loss=0.0123 d_loss=0.3107 reward=0.1851 reward_var=0.0030 unique=0.1600
D step=1/5 epoch=1/3 loss=0.3070 l2=0.2000 label_smoothing=0.000
D step=1/5 epoch=2/3 loss=0.3007 l2=0.2000 label_smoothing=0.000
D step=1/5 epoch=3/3 loss=0.2997 l2=0.2000 label_smoothing=0.000
D step=2/5 epoch=1/3 loss=0.2957 l2=0.2000 label_smoothing=0.000
D step=2/5 epoch=2/3 loss=0.2953 l2=0.2000 label_smoothing=0.000
D step=2/5 epoch=3/3 loss=0.2951 l2=0.2000 label_smoothing=0.000
D step=3/5 epoch=1/3 loss=0.2939 l2=0.2000 label_smoothing=0.000
D step=3/5 epoch=2/3 loss=0.2893 l2=0.2000 label_smoothing=0.000
D step=3/5 epoch=3/3 loss=0.2945 l2=0.2000 label_smoothing=0.000
D step=4/5 epoch=1/3 loss=0.3113 l2=0.2000 label_smoothing=0.000
D step=4/5 epoch=2/3 loss=0.3103 l2=0.2000 label_smoothing=0.000
D step=4/5 epoch=3/3 loss=0.3100 l2=0.2000 label_smoothing=0.000
D step=5/5 epoch=1/3 loss=0.3449 l2=0.2000 label_smoothing=0.000
D step=5/5 epoch=2/3 loss=0.3427 l2=0.2000 label_smoothing=0.000
D step=5/5 epoch=3/3 loss=0.3438 l2=0.2000 label_smoothing=0.000
ADV epoch=101/200 g_loss=0.0073 d_loss=0.3090 reward=0.1803 reward_var=0.0027 unique=0.1600
D step=1/5 epoch=1/3 loss=0.2893 l2=0.2000 label_smoothing=0.000
D step=1/5 epoch=2/3 loss=0.2791 l2=0.2000 label_smoothing=0.000
D step=1/5 epoch=3/3 loss=0.2850 l2=0.2000 label_smoothing=0.000
D step=2/5 epoch=1/3 loss=0.3220 l2=0.2000 label_smoothing=0.000
D step=2/5 epoch=2/3 loss=0.3170 l2=0.2000 label_smoothing=0.000
D step=2/5 epoch=3/3 loss=0.3144 l2=0.2000 label_smoothing=0.000
D step=3/5 epoch=1/3 loss=0.3065 l2=0.2000 label_smoothing=0.000
D step=3/5 epoch=2/3 loss=0.3051 l2=0.2000 label_smoothing=0.000
D step=3/5 epoch=3/3 loss=0.3042 l2=0.2000 label_smoothing=0.000
D step=4/5 epoch=1/3 loss=0.3057 l2=0.2000 label_smoothing=0.000
D step=4/5 epoch=2/3 loss=0.3072 l2=0.2000 label_smoothing=0.000
D step=4/5 epoch=3/3 loss=0.3111 l2=0.2000 label_smoothing=0.000
D step=5/5 epoch=1/3 loss=0.3263 l2=0.2000 label_smoothing=0.000
D step=5/5 epoch=2/3 loss=0.3186 l2=0.2000 label_smoothing=0.000
D step=5/5 epoch=3/3 loss=0.3143 l2=0.2000 label_smoothing=0.000
ADV epoch=102/200 g_loss=0.0163 d_loss=0.3071 reward=0.2602 reward_var=0.0061 unique=0.1600
D step=1/5 epoch=1/3 loss=0.3046 l2=0.2000 label_smoothing=0.000
D step=1/5 epoch=2/3 loss=0.3028 l2=0.2000 label_smoothing=0.000
D step=1/5 epoch=3/3 loss=0.2985 l2=0.2000 label_smoothing=0.000
D step=2/5 epoch=1/3 loss=0.3089 l2=0.2000 label_smoothing=0.000
D step=2/5 epoch=2/3 loss=0.3008 l2=0.2000 label_smoothing=0.000
D step=2/5 epoch=3/3 loss=0.3009 l2=0.2000 label_smoothing=0.000
D step=3/5 epoch=1/3 loss=0.2872 l2=0.2000 label_smoothing=0.000
D step=3/5 epoch=2/3 loss=0.2890 l2=0.2000 label_smoothing=0.000
D step=3/5 epoch=3/3 loss=0.2888 l2=0.2000 label_smoothing=0.000
D step=4/5 epoch=1/3 loss=0.2935 l2=0.2000 label_smoothing=0.000
D step=4/5 epoch=2/3 loss=0.2951 l2=0.2000 label_smoothing=0.000
D step=4/5 epoch=3/3 loss=0.2892 l2=0.2000 label_smoothing=0.000
D step=5/5 epoch=1/3 loss=0.3565 l2=0.2000 label_smoothing=0.000
D step=5/5 epoch=2/3 loss=0.3340 l2=0.2000 label_smoothing=0.000
D step=5/5 epoch=3/3 loss=0.3286 l2=0.2000 label_smoothing=0.000
ADV epoch=103/200 g_loss=0.0136 d_loss=0.3052 reward=0.1997 reward_var=0.0049 unique=0.1000
D step=1/5 epoch=1/3 loss=0.3128 l2=0.2000 label_smoothing=0.000
D step=1/5 epoch=2/3 loss=0.3111 l2=0.2000 label_smoothing=0.000
D step=1/5 epoch=3/3 loss=0.3094 l2=0.2000 label_smoothing=0.000
D step=2/5 epoch=1/3 loss=0.3809 l2=0.2000 label_smoothing=0.000
D step=2/5 epoch=2/3 loss=0.3469 l2=0.2000 label_smoothing=0.000
D step=2/5 epoch=3/3 loss=0.3185 l2=0.2000 label_smoothing=0.000
D step=3/5 epoch=1/3 loss=0.3125 l2=0.2000 label_smoothing=0.000
D step=3/5 epoch=2/3 loss=0.3066 l2=0.2000 label_smoothing=0.000
D step=3/5 epoch=3/3 loss=0.3068 l2=0.2000 label_smoothing=0.000
D step=4/5 epoch=1/3 loss=0.3116 l2=0.2000 label_smoothing=0.000
D step=4/5 epoch=2/3 loss=0.3103 l2=0.2000 label_smoothing=0.000
D step=4/5 epoch=3/3 loss=0.3079 l2=0.2000 label_smoothing=0.000
D step=5/5 epoch=1/3 loss=0.3058 l2=0.2000 label_smoothing=0.000
D step=5/5 epoch=2/3 loss=0.3071 l2=0.2000 label_smoothing=0.000
D step=5/5 epoch=3/3 loss=0.3059 l2=0.2000 label_smoothing=0.000
ADV epoch=104/200 g_loss=0.0138 d_loss=0.3169 reward=0.2097 reward_var=0.0026 unique=0.1800
D step=1/5 epoch=1/3 loss=0.2999 l2=0.2000 label_smoothing=0.000
D step=1/5 epoch=2/3 loss=0.2926 l2=0.2000 label_smoothing=0.000
D step=1/5 epoch=3/3 loss=0.2901 l2=0.2000 label_smoothing=0.000
D step=2/5 epoch=1/3 loss=0.3199 l2=0.2000 label_smoothing=0.000
D step=2/5 epoch=2/3 loss=0.3119 l2=0.2000 label_smoothing=0.000
D step=2/5 epoch=3/3 loss=0.3053 l2=0.2000 label_smoothing=0.000
D step=3/5 epoch=1/3 loss=0.3404 l2=0.2000 label_smoothing=0.000
D step=3/5 epoch=2/3 loss=0.3400 l2=0.2000 label_smoothing=0.000
D step=3/5 epoch=3/3 loss=0.3389 l2=0.2000 label_smoothing=0.000
D step=4/5 epoch=1/3 loss=0.3242 l2=0.2000 label_smoothing=0.000
D step=4/5 epoch=2/3 loss=0.3228 l2=0.2000 label_smoothing=0.000
D step=4/5 epoch=3/3 loss=0.3184 l2=0.2000 label_smoothing=0.000
D step=5/5 epoch=1/3 loss=0.3470 l2=0.2000 label_smoothing=0.000
D step=5/5 epoch=2/3 loss=0.3161 l2=0.2000 label_smoothing=0.000
D step=5/5 epoch=3/3 loss=0.3168 l2=0.2000 label_smoothing=0.000
ADV epoch=105/200 g_loss=0.0113 d_loss=0.3190 reward=0.1828 reward_var=0.0019 unique=0.1400
D step=1/5 epoch=1/3 loss=0.3229 l2=0.2000 label_smoothing=0.000
D step=1/5 epoch=2/3 loss=0.3119 l2=0.2000 label_smoothing=0.000
D step=1/5 epoch=3/3 loss=0.3084 l2=0.2000 label_smoothing=0.000
D step=2/5 epoch=1/3 loss=0.3010 l2=0.2000 label_smoothing=0.000
D step=2/5 epoch=2/3 loss=0.3043 l2=0.2000 label_smoothing=0.000
D step=2/5 epoch=3/3 loss=0.3036 l2=0.2000 label_smoothing=0.000
D step=3/5 epoch=1/3 loss=0.2855 l2=0.2000 label_smoothing=0.000
D step=3/5 epoch=2/3 loss=0.2907 l2=0.2000 label_smoothing=0.000
D step=3/5 epoch=3/3 loss=0.2864 l2=0.2000 label_smoothing=0.000
D step=4/5 epoch=1/3 loss=0.2882 l2=0.2000 label_smoothing=0.000
D step=4/5 epoch=2/3 loss=0.2823 l2=0.2000 label_smoothing=0.000
D step=4/5 epoch=3/3 loss=0.2799 l2=0.2000 label_smoothing=0.000
D step=5/5 epoch=1/3 loss=0.3148 l2=0.2000 label_smoothing=0.000
D step=5/5 epoch=2/3 loss=0.3112 l2=0.2000 label_smoothing=0.000
D step=5/5 epoch=3/3 loss=0.3127 l2=0.2000 label_smoothing=0.000
ADV epoch=106/200 g_loss=0.0092 d_loss=0.3003 reward=0.2065 reward_var=0.0032 unique=0.1600
D step=1/5 epoch=1/3 loss=0.3063 l2=0.2000 label_smoothing=0.000
D step=1/5 epoch=2/3 loss=0.3034 l2=0.2000 label_smoothing=0.000
D step=1/5 epoch=3/3 loss=0.3022 l2=0.2000 label_smoothing=0.000
D step=2/5 epoch=1/3 loss=0.2983 l2=0.2000 label_smoothing=0.000
D step=2/5 epoch=2/3 loss=0.2948 l2=0.2000 label_smoothing=0.000
D step=2/5 epoch=3/3 loss=0.2945 l2=0.2000 label_smoothing=0.000
D step=3/5 epoch=1/3 loss=0.3089 l2=0.2000 label_smoothing=0.000
D step=3/5 epoch=2/3 loss=0.3124 l2=0.2000 label_smoothing=0.000
D step=3/5 epoch=3/3 loss=0.3110 l2=0.2000 label_smoothing=0.000
D step=4/5 epoch=1/3 loss=0.3136 l2=0.2000 label_smoothing=0.000
D step=4/5 epoch=2/3 loss=0.3135 l2=0.2000 label_smoothing=0.000
D step=4/5 epoch=3/3 loss=0.3122 l2=0.2000 label_smoothing=0.000
D step=5/5 epoch=1/3 loss=0.3593 l2=0.2000 label_smoothing=0.000
D step=5/5 epoch=2/3 loss=0.3184 l2=0.2000 label_smoothing=0.000
D step=5/5 epoch=3/3 loss=0.3142 l2=0.2000 label_smoothing=0.000
ADV epoch=107/200 g_loss=0.0170 d_loss=0.3109 reward=0.2284 reward_var=0.0064 unique=0.2000
D step=1/5 epoch=1/3 loss=0.3219 l2=0.2000 label_smoothing=0.000
D step=1/5 epoch=2/3 loss=0.3154 l2=0.2000 label_smoothing=0.000
D step=1/5 epoch=3/3 loss=0.3124 l2=0.2000 label_smoothing=0.000
D step=2/5 epoch=1/3 loss=0.2938 l2=0.2000 label_smoothing=0.000
D step=2/5 epoch=2/3 loss=0.2898 l2=0.2000 label_smoothing=0.000
D step=2/5 epoch=3/3 loss=0.2903 l2=0.2000 label_smoothing=0.000
D step=3/5 epoch=1/3 loss=0.3149 l2=0.2000 label_smoothing=0.000
D step=3/5 epoch=2/3 loss=0.3109 l2=0.2000 label_smoothing=0.000
D step=3/5 epoch=3/3 loss=0.3077 l2=0.2000 label_smoothing=0.000
D step=4/5 epoch=1/3 loss=0.3224 l2=0.2000 label_smoothing=0.000
D step=4/5 epoch=2/3 loss=0.3185 l2=0.2000 label_smoothing=0.000
D step=4/5 epoch=3/3 loss=0.3253 l2=0.2000 label_smoothing=0.000
D step=5/5 epoch=1/3 loss=0.2938 l2=0.2000 label_smoothing=0.000
D step=5/5 epoch=2/3 loss=0.2925 l2=0.2000 label_smoothing=0.000
D step=5/5 epoch=3/3 loss=0.2905 l2=0.2000 label_smoothing=0.000
ADV epoch=108/200 g_loss=0.0077 d_loss=0.3067 reward=0.1856 reward_var=0.0010 unique=0.1400
D step=1/5 epoch=1/3 loss=0.3227 l2=0.2000 label_smoothing=0.000
D step=1/5 epoch=2/3 loss=0.3125 l2=0.2000 label_smoothing=0.000
D step=1/5 epoch=3/3 loss=0.3112 l2=0.2000 label_smoothing=0.000
D step=2/5 epoch=1/3 loss=0.3173 l2=0.2000 label_smoothing=0.000
D step=2/5 epoch=2/3 loss=0.3162 l2=0.2000 label_smoothing=0.000
D step=2/5 epoch=3/3 loss=0.3157 l2=0.2000 label_smoothing=0.000
D step=3/5 epoch=1/3 loss=0.3145 l2=0.2000 label_smoothing=0.000
D step=3/5 epoch=2/3 loss=0.3162 l2=0.2000 label_smoothing=0.000
D step=3/5 epoch=3/3 loss=0.3131 l2=0.2000 label_smoothing=0.000
D step=4/5 epoch=1/3 loss=0.2941 l2=0.2000 label_smoothing=0.000
D step=4/5 epoch=2/3 loss=0.2971 l2=0.2000 label_smoothing=0.000
D step=4/5 epoch=3/3 loss=0.2963 l2=0.2000 label_smoothing=0.000
D step=5/5 epoch=1/3 loss=0.3112 l2=0.2000 label_smoothing=0.000
D step=5/5 epoch=2/3 loss=0.3099 l2=0.2000 label_smoothing=0.000
D step=5/5 epoch=3/3 loss=0.3104 l2=0.2000 label_smoothing=0.000
ADV epoch=109/200 g_loss=0.0123 d_loss=0.3106 reward=0.1842 reward_var=0.0058 unique=0.1400
D step=1/5 epoch=1/3 loss=0.2812 l2=0.2000 label_smoothing=0.000
D step=1/5 epoch=2/3 loss=0.2732 l2=0.2000 label_smoothing=0.000
D step=1/5 epoch=3/3 loss=0.2733 l2=0.2000 label_smoothing=0.000
D step=2/5 epoch=1/3 loss=0.3390 l2=0.2000 label_smoothing=0.000
D step=2/5 epoch=2/3 loss=0.3381 l2=0.2000 label_smoothing=0.000
D step=2/5 epoch=3/3 loss=0.3358 l2=0.2000 label_smoothing=0.000
D step=3/5 epoch=1/3 loss=0.3205 l2=0.2000 label_smoothing=0.000
D step=3/5 epoch=2/3 loss=0.3196 l2=0.2000 label_smoothing=0.000
D step=3/5 epoch=3/3 loss=0.3131 l2=0.2000 label_smoothing=0.000
D step=4/5 epoch=1/3 loss=0.3235 l2=0.2000 label_smoothing=0.000
D step=4/5 epoch=2/3 loss=0.3167 l2=0.2000 label_smoothing=0.000
D step=4/5 epoch=3/3 loss=0.3172 l2=0.2000 label_smoothing=0.000
D step=5/5 epoch=1/3 loss=0.2901 l2=0.2000 label_smoothing=0.000
D step=5/5 epoch=2/3 loss=0.2890 l2=0.2000 label_smoothing=0.000
D step=5/5 epoch=3/3 loss=0.2877 l2=0.2000 label_smoothing=0.000
ADV epoch=110/200 g_loss=0.0160 d_loss=0.3079 reward=0.2202 reward_var=0.0107 unique=0.1800
D step=1/5 epoch=1/3 loss=0.3375 l2=0.2000 label_smoothing=0.000
D step=1/5 epoch=2/3 loss=0.3241 l2=0.2000 label_smoothing=0.000
D step=1/5 epoch=3/3 loss=0.3250 l2=0.2000 label_smoothing=0.000
D step=2/5 epoch=1/3 loss=0.3077 l2=0.2000 label_smoothing=0.000
D step=2/5 epoch=2/3 loss=0.3049 l2=0.2000 label_smoothing=0.000
D step=2/5 epoch=3/3 loss=0.3035 l2=0.2000 label_smoothing=0.000
D step=3/5 epoch=1/3 loss=0.3202 l2=0.2000 label_smoothing=0.000
D step=3/5 epoch=2/3 loss=0.3176 l2=0.2000 label_smoothing=0.000
D step=3/5 epoch=3/3 loss=0.3079 l2=0.2000 label_smoothing=0.000
D step=4/5 epoch=1/3 loss=0.2944 l2=0.2000 label_smoothing=0.000
D step=4/5 epoch=2/3 loss=0.2961 l2=0.2000 label_smoothing=0.000
D step=4/5 epoch=3/3 loss=0.2909 l2=0.2000 label_smoothing=0.000
D step=5/5 epoch=1/3 loss=0.3023 l2=0.2000 label_smoothing=0.000
D step=5/5 epoch=2/3 loss=0.3005 l2=0.2000 label_smoothing=0.000
D step=5/5 epoch=3/3 loss=0.3026 l2=0.2000 label_smoothing=0.000
ADV epoch=111/200 g_loss=0.0123 d_loss=0.3090 reward=0.2077 reward_var=0.0024 unique=0.1800
D step=1/5 epoch=1/3 loss=0.3183 l2=0.2000 label_smoothing=0.000
D step=1/5 epoch=2/3 loss=0.3133 l2=0.2000 label_smoothing=0.000
D step=1/5 epoch=3/3 loss=0.3160 l2=0.2000 label_smoothing=0.000
D step=2/5 epoch=1/3 loss=0.3128 l2=0.2000 label_smoothing=0.000
D step=2/5 epoch=2/3 loss=0.3088 l2=0.2000 label_smoothing=0.000
D step=2/5 epoch=3/3 loss=0.3063 l2=0.2000 label_smoothing=0.000
D step=3/5 epoch=1/3 loss=0.3074 l2=0.2000 label_smoothing=0.000
D step=3/5 epoch=2/3 loss=0.3088 l2=0.2000 label_smoothing=0.000
D step=3/5 epoch=3/3 loss=0.3066 l2=0.2000 label_smoothing=0.000
D step=4/5 epoch=1/3 loss=0.3534 l2=0.2000 label_smoothing=0.000
D step=4/5 epoch=2/3 loss=0.3540 l2=0.2000 label_smoothing=0.000
D step=4/5 epoch=3/3 loss=0.3293 l2=0.2000 label_smoothing=0.000
D step=5/5 epoch=1/3 loss=0.3281 l2=0.2000 label_smoothing=0.000
D step=5/5 epoch=2/3 loss=0.3304 l2=0.2000 label_smoothing=0.000
D step=5/5 epoch=3/3 loss=0.3306 l2=0.2000 label_smoothing=0.000
ADV epoch=112/200 g_loss=0.0150 d_loss=0.3216 reward=0.1978 reward_var=0.0034 unique=0.2000
D step=1/5 epoch=1/3 loss=0.3044 l2=0.2000 label_smoothing=0.000
D step=1/5 epoch=2/3 loss=0.2960 l2=0.2000 label_smoothing=0.000
D step=1/5 epoch=3/3 loss=0.2939 l2=0.2000 label_smoothing=0.000
D step=2/5 epoch=1/3 loss=0.3294 l2=0.2000 label_smoothing=0.000
D step=2/5 epoch=2/3 loss=0.3188 l2=0.2000 label_smoothing=0.000
D step=2/5 epoch=3/3 loss=0.3168 l2=0.2000 label_smoothing=0.000
D step=3/5 epoch=1/3 loss=0.3211 l2=0.2000 label_smoothing=0.000
D step=3/5 epoch=2/3 loss=0.3158 l2=0.2000 label_smoothing=0.000
D step=3/5 epoch=3/3 loss=0.3196 l2=0.2000 label_smoothing=0.000
D step=4/5 epoch=1/3 loss=0.3154 l2=0.2000 label_smoothing=0.000
D step=4/5 epoch=2/3 loss=0.3175 l2=0.2000 label_smoothing=0.000
D step=4/5 epoch=3/3 loss=0.3144 l2=0.2000 label_smoothing=0.000
D step=5/5 epoch=1/3 loss=0.3212 l2=0.2000 label_smoothing=0.000
D step=5/5 epoch=2/3 loss=0.3183 l2=0.2000 label_smoothing=0.000
D step=5/5 epoch=3/3 loss=0.3143 l2=0.2000 label_smoothing=0.000
ADV epoch=113/200 g_loss=0.0120 d_loss=0.3145 reward=0.2119 reward_var=0.0022 unique=0.1800
D step=1/5 epoch=1/3 loss=0.3096 l2=0.2000 label_smoothing=0.000
D step=1/5 epoch=2/3 loss=0.3067 l2=0.2000 label_smoothing=0.000
D step=1/5 epoch=3/3 loss=0.3090 l2=0.2000 label_smoothing=0.000
D step=2/5 epoch=1/3 loss=0.3004 l2=0.2000 label_smoothing=0.000
D step=2/5 epoch=2/3 loss=0.2994 l2=0.2000 label_smoothing=0.000
D step=2/5 epoch=3/3 loss=0.2996 l2=0.2000 label_smoothing=0.000
D step=3/5 epoch=1/3 loss=0.2956 l2=0.2000 label_smoothing=0.000
D step=3/5 epoch=2/3 loss=0.2932 l2=0.2000 label_smoothing=0.000
D step=3/5 epoch=3/3 loss=0.2912 l2=0.2000 label_smoothing=0.000
D step=4/5 epoch=1/3 loss=0.3115 l2=0.2000 label_smoothing=0.000
D step=4/5 epoch=2/3 loss=0.3139 l2=0.2000 label_smoothing=0.000
D step=4/5 epoch=3/3 loss=0.3117 l2=0.2000 label_smoothing=0.000
D step=5/5 epoch=1/3 loss=0.2933 l2=0.2000 label_smoothing=0.000
D step=5/5 epoch=2/3 loss=0.2942 l2=0.2000 label_smoothing=0.000
D step=5/5 epoch=3/3 loss=0.2895 l2=0.2000 label_smoothing=0.000
ADV epoch=114/200 g_loss=0.0114 d_loss=0.3012 reward=0.1884 reward_var=0.0037 unique=0.2000
D step=1/5 epoch=1/3 loss=0.3312 l2=0.2000 label_smoothing=0.000
D step=1/5 epoch=2/3 loss=0.3245 l2=0.2000 label_smoothing=0.000
D step=1/5 epoch=3/3 loss=0.3210 l2=0.2000 label_smoothing=0.000
D step=2/5 epoch=1/3 loss=0.3272 l2=0.2000 label_smoothing=0.000
D step=2/5 epoch=2/3 loss=0.3193 l2=0.2000 label_smoothing=0.000
D step=2/5 epoch=3/3 loss=0.3153 l2=0.2000 label_smoothing=0.000
D step=3/5 epoch=1/3 loss=0.3152 l2=0.2000 label_smoothing=0.000
D step=3/5 epoch=2/3 loss=0.3125 l2=0.2000 label_smoothing=0.000
D step=3/5 epoch=3/3 loss=0.3121 l2=0.2000 label_smoothing=0.000
D step=4/5 epoch=1/3 loss=0.2930 l2=0.2000 label_smoothing=0.000
D step=4/5 epoch=2/3 loss=0.2921 l2=0.2000 label_smoothing=0.000
D step=4/5 epoch=3/3 loss=0.2913 l2=0.2000 label_smoothing=0.000
D step=5/5 epoch=1/3 loss=0.2996 l2=0.2000 label_smoothing=0.000
D step=5/5 epoch=2/3 loss=0.2952 l2=0.2000 label_smoothing=0.000
D step=5/5 epoch=3/3 loss=0.2984 l2=0.2000 label_smoothing=0.000
ADV epoch=115/200 g_loss=0.0151 d_loss=0.3099 reward=0.2115 reward_var=0.0026 unique=0.1200
D step=1/5 epoch=1/3 loss=0.3111 l2=0.2000 label_smoothing=0.000
D step=1/5 epoch=2/3 loss=0.3091 l2=0.2000 label_smoothing=0.000
D step=1/5 epoch=3/3 loss=0.3088 l2=0.2000 label_smoothing=0.000
D step=2/5 epoch=1/3 loss=0.3070 l2=0.2000 label_smoothing=0.000
D step=2/5 epoch=2/3 loss=0.3048 l2=0.2000 label_smoothing=0.000
D step=2/5 epoch=3/3 loss=0.3041 l2=0.2000 label_smoothing=0.000
D step=3/5 epoch=1/3 loss=0.2934 l2=0.2000 label_smoothing=0.000
D step=3/5 epoch=2/3 loss=0.2926 l2=0.2000 label_smoothing=0.000
D step=3/5 epoch=3/3 loss=0.2943 l2=0.2000 label_smoothing=0.000
D step=4/5 epoch=1/3 loss=0.2905 l2=0.2000 label_smoothing=0.000
D step=4/5 epoch=2/3 loss=0.2878 l2=0.2000 label_smoothing=0.000
D step=4/5 epoch=3/3 loss=0.2891 l2=0.2000 label_smoothing=0.000
D step=5/5 epoch=1/3 loss=0.3132 l2=0.2000 label_smoothing=0.000
D step=5/5 epoch=2/3 loss=0.3122 l2=0.2000 label_smoothing=0.000
D step=5/5 epoch=3/3 loss=0.3119 l2=0.2000 label_smoothing=0.000
ADV epoch=116/200 g_loss=0.0120 d_loss=0.3020 reward=0.1855 reward_var=0.0014 unique=0.1600
D step=1/5 epoch=1/3 loss=0.3160 l2=0.2000 label_smoothing=0.000
D step=1/5 epoch=2/3 loss=0.3123 l2=0.2000 label_smoothing=0.000
D step=1/5 epoch=3/3 loss=0.3057 l2=0.2000 label_smoothing=0.000
D step=2/5 epoch=1/3 loss=0.3398 l2=0.2000 label_smoothing=0.000
D step=2/5 epoch=2/3 loss=0.3078 l2=0.2000 label_smoothing=0.000
D step=2/5 epoch=3/3 loss=0.2717 l2=0.2000 label_smoothing=0.000
D step=3/5 epoch=1/3 loss=0.3024 l2=0.2000 label_smoothing=0.000
D step=3/5 epoch=2/3 loss=0.2959 l2=0.2000 label_smoothing=0.000
D step=3/5 epoch=3/3 loss=0.2944 l2=0.2000 label_smoothing=0.000
D step=4/5 epoch=1/3 loss=0.3293 l2=0.2000 label_smoothing=0.000
D step=4/5 epoch=2/3 loss=0.3288 l2=0.2000 label_smoothing=0.000
D step=4/5 epoch=3/3 loss=0.3276 l2=0.2000 label_smoothing=0.000
D step=5/5 epoch=1/3 loss=0.3091 l2=0.2000 label_smoothing=0.000
D step=5/5 epoch=2/3 loss=0.3108 l2=0.2000 label_smoothing=0.000
D step=5/5 epoch=3/3 loss=0.3066 l2=0.2000 label_smoothing=0.000
ADV epoch=117/200 g_loss=0.0183 d_loss=0.3106 reward=0.2273 reward_var=0.0137 unique=0.1400
D step=1/5 epoch=1/3 loss=0.3207 l2=0.2000 label_smoothing=0.000
D step=1/5 epoch=2/3 loss=0.3146 l2=0.2000 label_smoothing=0.000
D step=1/5 epoch=3/3 loss=0.3109 l2=0.2000 label_smoothing=0.000
D step=2/5 epoch=1/3 loss=0.3301 l2=0.2000 label_smoothing=0.000
D step=2/5 epoch=2/3 loss=0.3226 l2=0.2000 label_smoothing=0.000
D step=2/5 epoch=3/3 loss=0.3167 l2=0.2000 label_smoothing=0.000
D step=3/5 epoch=1/3 loss=0.2828 l2=0.2000 label_smoothing=0.000
D step=3/5 epoch=2/3 loss=0.2814 l2=0.2000 label_smoothing=0.000
D step=3/5 epoch=3/3 loss=0.2795 l2=0.2000 label_smoothing=0.000
D step=4/5 epoch=1/3 loss=0.3266 l2=0.2000 label_smoothing=0.000
D step=4/5 epoch=2/3 loss=0.3200 l2=0.2000 label_smoothing=0.000
D step=4/5 epoch=3/3 loss=0.3154 l2=0.2000 label_smoothing=0.000
D step=5/5 epoch=1/3 loss=0.3313 l2=0.2000 label_smoothing=0.000
D step=5/5 epoch=2/3 loss=0.3343 l2=0.2000 label_smoothing=0.000
D step=5/5 epoch=3/3 loss=0.3313 l2=0.2000 label_smoothing=0.000
ADV epoch=118/200 g_loss=0.0131 d_loss=0.3145 reward=0.2031 reward_var=0.0026 unique=0.1800
D step=1/5 epoch=1/3 loss=0.2879 l2=0.2000 label_smoothing=0.000
D step=1/5 epoch=2/3 loss=0.2813 l2=0.2000 label_smoothing=0.000
D step=1/5 epoch=3/3 loss=0.2779 l2=0.2000 label_smoothing=0.000
D step=2/5 epoch=1/3 loss=0.3281 l2=0.2000 label_smoothing=0.000
D step=2/5 epoch=2/3 loss=0.3077 l2=0.2000 label_smoothing=0.000
D step=2/5 epoch=3/3 loss=0.3023 l2=0.2000 label_smoothing=0.000
D step=3/5 epoch=1/3 loss=0.3218 l2=0.2000 label_smoothing=0.000
D step=3/5 epoch=2/3 loss=0.3225 l2=0.2000 label_smoothing=0.000
D step=3/5 epoch=3/3 loss=0.3175 l2=0.2000 label_smoothing=0.000
D step=4/5 epoch=1/3 loss=0.3196 l2=0.2000 label_smoothing=0.000
D step=4/5 epoch=2/3 loss=0.3179 l2=0.2000 label_smoothing=0.000
D step=4/5 epoch=3/3 loss=0.3190 l2=0.2000 label_smoothing=0.000
D step=5/5 epoch=1/3 loss=0.3052 l2=0.2000 label_smoothing=0.000
D step=5/5 epoch=2/3 loss=0.3058 l2=0.2000 label_smoothing=0.000
D step=5/5 epoch=3/3 loss=0.3015 l2=0.2000 label_smoothing=0.000
ADV epoch=119/200 g_loss=0.0153 d_loss=0.3077 reward=0.2268 reward_var=0.0015 unique=0.2000
D step=1/5 epoch=1/3 loss=0.2896 l2=0.2000 label_smoothing=0.000
D step=1/5 epoch=2/3 loss=0.2811 l2=0.2000 label_smoothing=0.000
D step=1/5 epoch=3/3 loss=0.2793 l2=0.2000 label_smoothing=0.000
D step=2/5 epoch=1/3 loss=0.2946 l2=0.2000 label_smoothing=0.000
D step=2/5 epoch=2/3 loss=0.2892 l2=0.2000 label_smoothing=0.000
D step=2/5 epoch=3/3 loss=0.2846 l2=0.2000 label_smoothing=0.000
D step=3/5 epoch=1/3 loss=0.3013 l2=0.2000 label_smoothing=0.000
D step=3/5 epoch=2/3 loss=0.2989 l2=0.2000 label_smoothing=0.000
D step=3/5 epoch=3/3 loss=0.2975 l2=0.2000 label_smoothing=0.000
D step=4/5 epoch=1/3 loss=0.2911 l2=0.2000 label_smoothing=0.000
D step=4/5 epoch=2/3 loss=0.2886 l2=0.2000 label_smoothing=0.000
D step=4/5 epoch=3/3 loss=0.2871 l2=0.2000 label_smoothing=0.000
D step=5/5 epoch=1/3 loss=0.2919 l2=0.2000 label_smoothing=0.000
D step=5/5 epoch=2/3 loss=0.2952 l2=0.2000 label_smoothing=0.000
D step=5/5 epoch=3/3 loss=0.2928 l2=0.2000 label_smoothing=0.000
ADV epoch=120/200 g_loss=0.0149 d_loss=0.2909 reward=0.1976 reward_var=0.0042 unique=0.1600
D step=1/5 epoch=1/3 loss=0.3183 l2=0.2000 label_smoothing=0.000
D step=1/5 epoch=2/3 loss=0.3130 l2=0.2000 label_smoothing=0.000
D step=1/5 epoch=3/3 loss=0.3163 l2=0.2000 label_smoothing=0.000
D step=2/5 epoch=1/3 loss=0.3123 l2=0.2000 label_smoothing=0.000
D step=2/5 epoch=2/3 loss=0.3052 l2=0.2000 label_smoothing=0.000
D step=2/5 epoch=3/3 loss=0.3018 l2=0.2000 label_smoothing=0.000
D step=3/5 epoch=1/3 loss=0.3171 l2=0.2000 label_smoothing=0.000
D step=3/5 epoch=2/3 loss=0.3153 l2=0.2000 label_smoothing=0.000
D step=3/5 epoch=3/3 loss=0.3201 l2=0.2000 label_smoothing=0.000
D step=4/5 epoch=1/3 loss=0.3291 l2=0.2000 label_smoothing=0.000
D step=4/5 epoch=2/3 loss=0.3264 l2=0.2000 label_smoothing=0.000
D step=4/5 epoch=3/3 loss=0.3237 l2=0.2000 label_smoothing=0.000
D step=5/5 epoch=1/3 loss=0.2992 l2=0.2000 label_smoothing=0.000
D step=5/5 epoch=2/3 loss=0.3002 l2=0.2000 label_smoothing=0.000
D step=5/5 epoch=3/3 loss=0.2959 l2=0.2000 label_smoothing=0.000
ADV epoch=121/200 g_loss=0.0107 d_loss=0.3129 reward=0.1969 reward_var=0.0028 unique=0.2000
D step=1/5 epoch=1/3 loss=0.3223 l2=0.2000 label_smoothing=0.000
D step=1/5 epoch=2/3 loss=0.2864 l2=0.2000 label_smoothing=0.000
D step=1/5 epoch=3/3 loss=0.2828 l2=0.2000 label_smoothing=0.000
D step=2/5 epoch=1/3 loss=0.3089 l2=0.2000 label_smoothing=0.000
D step=2/5 epoch=2/3 loss=0.3061 l2=0.2000 label_smoothing=0.000
D step=2/5 epoch=3/3 loss=0.3023 l2=0.2000 label_smoothing=0.000
D step=3/5 epoch=1/3 loss=0.3185 l2=0.2000 label_smoothing=0.000
D step=3/5 epoch=2/3 loss=0.3191 l2=0.2000 label_smoothing=0.000
D step=3/5 epoch=3/3 loss=0.3216 l2=0.2000 label_smoothing=0.000
D step=4/5 epoch=1/3 loss=0.3427 l2=0.2000 label_smoothing=0.000
D step=4/5 epoch=2/3 loss=0.3370 l2=0.2000 label_smoothing=0.000
D step=4/5 epoch=3/3 loss=0.3192 l2=0.2000 label_smoothing=0.000
D step=5/5 epoch=1/3 loss=0.3416 l2=0.2000 label_smoothing=0.000
D step=5/5 epoch=2/3 loss=0.3202 l2=0.2000 label_smoothing=0.000
D step=5/5 epoch=3/3 loss=0.3345 l2=0.2000 label_smoothing=0.000
ADV epoch=122/200 g_loss=0.0113 d_loss=0.3176 reward=0.1961 reward_var=0.0011 unique=0.1600
D step=1/5 epoch=1/3 loss=0.3145 l2=0.2000 label_smoothing=0.000
D step=1/5 epoch=2/3 loss=0.3151 l2=0.2000 label_smoothing=0.000
D step=1/5 epoch=3/3 loss=0.3103 l2=0.2000 label_smoothing=0.000
D step=2/5 epoch=1/3 loss=0.3157 l2=0.2000 label_smoothing=0.000
D step=2/5 epoch=2/3 loss=0.3158 l2=0.2000 label_smoothing=0.000
D step=2/5 epoch=3/3 loss=0.3150 l2=0.2000 label_smoothing=0.000
D step=3/5 epoch=1/3 loss=0.3071 l2=0.2000 label_smoothing=0.000
D step=3/5 epoch=2/3 loss=0.3077 l2=0.2000 label_smoothing=0.000
D step=3/5 epoch=3/3 loss=0.3058 l2=0.2000 label_smoothing=0.000
D step=4/5 epoch=1/3 loss=0.3014 l2=0.2000 label_smoothing=0.000
D step=4/5 epoch=2/3 loss=0.3039 l2=0.2000 label_smoothing=0.000
D step=4/5 epoch=3/3 loss=0.3007 l2=0.2000 label_smoothing=0.000
D step=5/5 epoch=1/3 loss=0.2914 l2=0.2000 label_smoothing=0.000
D step=5/5 epoch=2/3 loss=0.2962 l2=0.2000 label_smoothing=0.000
D step=5/5 epoch=3/3 loss=0.2940 l2=0.2000 label_smoothing=0.000
ADV epoch=123/200 g_loss=0.0174 d_loss=0.3063 reward=0.2210 reward_var=0.0071 unique=0.1800
D step=1/5 epoch=1/3 loss=0.3271 l2=0.2000 label_smoothing=0.000
D step=1/5 epoch=2/3 loss=0.3168 l2=0.2000 label_smoothing=0.000
D step=1/5 epoch=3/3 loss=0.3187 l2=0.2000 label_smoothing=0.000
D step=2/5 epoch=1/3 loss=0.3837 l2=0.2000 label_smoothing=0.000
D step=2/5 epoch=2/3 loss=0.3380 l2=0.2000 label_smoothing=0.000
D step=2/5 epoch=3/3 loss=0.3345 l2=0.2000 label_smoothing=0.000
D step=3/5 epoch=1/3 loss=0.3016 l2=0.2000 label_smoothing=0.000
D step=3/5 epoch=2/3 loss=0.3017 l2=0.2000 label_smoothing=0.000
D step=3/5 epoch=3/3 loss=0.2983 l2=0.2000 label_smoothing=0.000
D step=4/5 epoch=1/3 loss=0.3093 l2=0.2000 label_smoothing=0.000
D step=4/5 epoch=2/3 loss=0.3075 l2=0.2000 label_smoothing=0.000
D step=4/5 epoch=3/3 loss=0.3121 l2=0.2000 label_smoothing=0.000
D step=5/5 epoch=1/3 loss=0.3211 l2=0.2000 label_smoothing=0.000
D step=5/5 epoch=2/3 loss=0.3211 l2=0.2000 label_smoothing=0.000
D step=5/5 epoch=3/3 loss=0.3165 l2=0.2000 label_smoothing=0.000
ADV epoch=124/200 g_loss=0.0148 d_loss=0.3205 reward=0.1991 reward_var=0.0099 unique=0.1600
D step=1/5 epoch=1/3 loss=0.3496 l2=0.2000 label_smoothing=0.000
D step=1/5 epoch=2/3 loss=0.3280 l2=0.2000 label_smoothing=0.000
D step=1/5 epoch=3/3 loss=0.3176 l2=0.2000 label_smoothing=0.000
D step=2/5 epoch=1/3 loss=0.3246 l2=0.2000 label_smoothing=0.000
D step=2/5 epoch=2/3 loss=0.3164 l2=0.2000 label_smoothing=0.000
D step=2/5 epoch=3/3 loss=0.3177 l2=0.2000 label_smoothing=0.000
D step=3/5 epoch=1/3 loss=0.3106 l2=0.2000 label_smoothing=0.000
D step=3/5 epoch=2/3 loss=0.3129 l2=0.2000 label_smoothing=0.000
D step=3/5 epoch=3/3 loss=0.3120 l2=0.2000 label_smoothing=0.000
D step=4/5 epoch=1/3 loss=0.3005 l2=0.2000 label_smoothing=0.000
D step=4/5 epoch=2/3 loss=0.2976 l2=0.2000 label_smoothing=0.000
D step=4/5 epoch=3/3 loss=0.2922 l2=0.2000 label_smoothing=0.000
D step=5/5 epoch=1/3 loss=0.3269 l2=0.2000 label_smoothing=0.000
D step=5/5 epoch=2/3 loss=0.3217 l2=0.2000 label_smoothing=0.000
D step=5/5 epoch=3/3 loss=0.3093 l2=0.2000 label_smoothing=0.000
ADV epoch=125/200 g_loss=0.0159 d_loss=0.3158 reward=0.2123 reward_var=0.0019 unique=0.1200
D step=1/5 epoch=1/3 loss=0.4001 l2=0.2000 label_smoothing=0.000
D step=1/5 epoch=2/3 loss=0.3398 l2=0.2000 label_smoothing=0.000
D step=1/5 epoch=3/3 loss=0.3232 l2=0.2000 label_smoothing=0.000
D step=2/5 epoch=1/3 loss=0.3163 l2=0.2000 label_smoothing=0.000
D step=2/5 epoch=2/3 loss=0.3127 l2=0.2000 label_smoothing=0.000
D step=2/5 epoch=3/3 loss=0.3126 l2=0.2000 label_smoothing=0.000
D step=3/5 epoch=1/3 loss=0.3142 l2=0.2000 label_smoothing=0.000
D step=3/5 epoch=2/3 loss=0.3166 l2=0.2000 label_smoothing=0.000
D step=3/5 epoch=3/3 loss=0.3153 l2=0.2000 label_smoothing=0.000
D step=4/5 epoch=1/3 loss=0.3128 l2=0.2000 label_smoothing=0.000
D step=4/5 epoch=2/3 loss=0.3130 l2=0.2000 label_smoothing=0.000
D step=4/5 epoch=3/3 loss=0.3054 l2=0.2000 label_smoothing=0.000
D step=5/5 epoch=1/3 loss=0.3236 l2=0.2000 label_smoothing=0.000
D step=5/5 epoch=2/3 loss=0.3193 l2=0.2000 label_smoothing=0.000
D step=5/5 epoch=3/3 loss=0.3156 l2=0.2000 label_smoothing=0.000
ADV epoch=126/200 g_loss=0.0171 d_loss=0.3227 reward=0.2084 reward_var=0.0114 unique=0.1400
D step=1/5 epoch=1/3 loss=0.3159 l2=0.2000 label_smoothing=0.000
D step=1/5 epoch=2/3 loss=0.3101 l2=0.2000 label_smoothing=0.000
D step=1/5 epoch=3/3 loss=0.3100 l2=0.2000 label_smoothing=0.000
D step=2/5 epoch=1/3 loss=0.3186 l2=0.2000 label_smoothing=0.000
D step=2/5 epoch=2/3 loss=0.3177 l2=0.2000 label_smoothing=0.000
D step=2/5 epoch=3/3 loss=0.3150 l2=0.2000 label_smoothing=0.000
D step=3/5 epoch=1/3 loss=0.3079 l2=0.2000 label_smoothing=0.000
D step=3/5 epoch=2/3 loss=0.3050 l2=0.2000 label_smoothing=0.000
D step=3/5 epoch=3/3 loss=0.3035 l2=0.2000 label_smoothing=0.000
D step=4/5 epoch=1/3 loss=0.3221 l2=0.2000 label_smoothing=0.000
D step=4/5 epoch=2/3 loss=0.3192 l2=0.2000 label_smoothing=0.000
D step=4/5 epoch=3/3 loss=0.3170 l2=0.2000 label_smoothing=0.000
D step=5/5 epoch=1/3 loss=0.3559 l2=0.2000 label_smoothing=0.000
D step=5/5 epoch=2/3 loss=0.3126 l2=0.2000 label_smoothing=0.000
D step=5/5 epoch=3/3 loss=0.3043 l2=0.2000 label_smoothing=0.000
ADV epoch=127/200 g_loss=0.0124 d_loss=0.3156 reward=0.2193 reward_var=0.0027 unique=0.1800
D step=1/5 epoch=1/3 loss=0.3095 l2=0.2000 label_smoothing=0.000
D step=1/5 epoch=2/3 loss=0.3103 l2=0.2000 label_smoothing=0.000
D step=1/5 epoch=3/3 loss=0.3056 l2=0.2000 label_smoothing=0.000
D step=2/5 epoch=1/3 loss=0.3091 l2=0.2000 label_smoothing=0.000
D step=2/5 epoch=2/3 loss=0.3091 l2=0.2000 label_smoothing=0.000
D step=2/5 epoch=3/3 loss=0.3132 l2=0.2000 label_smoothing=0.000
D step=3/5 epoch=1/3 loss=0.2945 l2=0.2000 label_smoothing=0.000
D step=3/5 epoch=2/3 loss=0.2951 l2=0.2000 label_smoothing=0.000
D step=3/5 epoch=3/3 loss=0.2964 l2=0.2000 label_smoothing=0.000
D step=4/5 epoch=1/3 loss=0.3462 l2=0.2000 label_smoothing=0.000
D step=4/5 epoch=2/3 loss=0.3096 l2=0.2000 label_smoothing=0.000
D step=4/5 epoch=3/3 loss=0.3098 l2=0.2000 label_smoothing=0.000
D step=5/5 epoch=1/3 loss=0.2872 l2=0.2000 label_smoothing=0.000
D step=5/5 epoch=2/3 loss=0.2830 l2=0.2000 label_smoothing=0.000
D step=5/5 epoch=3/3 loss=0.2838 l2=0.2000 label_smoothing=0.000
ADV epoch=128/200 g_loss=0.0137 d_loss=0.3042 reward=0.2090 reward_var=0.0017 unique=0.1200
D step=1/5 epoch=1/3 loss=0.3547 l2=0.2000 label_smoothing=0.000
D step=1/5 epoch=2/3 loss=0.3511 l2=0.2000 label_smoothing=0.000
D step=1/5 epoch=3/3 loss=0.3480 l2=0.2000 label_smoothing=0.000
D step=2/5 epoch=1/3 loss=0.2983 l2=0.2000 label_smoothing=0.000
D step=2/5 epoch=2/3 loss=0.2930 l2=0.2000 label_smoothing=0.000
D step=2/5 epoch=3/3 loss=0.2882 l2=0.2000 label_smoothing=0.000
D step=3/5 epoch=1/3 loss=0.3722 l2=0.2000 label_smoothing=0.000
D step=3/5 epoch=2/3 loss=0.3436 l2=0.2000 label_smoothing=0.000
D step=3/5 epoch=3/3 loss=0.3277 l2=0.2000 label_smoothing=0.000
D step=4/5 epoch=1/3 loss=0.3188 l2=0.2000 label_smoothing=0.000
D step=4/5 epoch=2/3 loss=0.3183 l2=0.2000 label_smoothing=0.000
D step=4/5 epoch=3/3 loss=0.3205 l2=0.2000 label_smoothing=0.000
D step=5/5 epoch=1/3 loss=0.3385 l2=0.2000 label_smoothing=0.000
D step=5/5 epoch=2/3 loss=0.3454 l2=0.2000 label_smoothing=0.000
D step=5/5 epoch=3/3 loss=0.3266 l2=0.2000 label_smoothing=0.000
ADV epoch=129/200 g_loss=0.0088 d_loss=0.3297 reward=0.1765 reward_var=0.0019 unique=0.1000
D step=1/5 epoch=1/3 loss=0.3184 l2=0.2000 label_smoothing=0.000
D step=1/5 epoch=2/3 loss=0.3134 l2=0.2000 label_smoothing=0.000
D step=1/5 epoch=3/3 loss=0.3143 l2=0.2000 label_smoothing=0.000
D step=2/5 epoch=1/3 loss=0.3255 l2=0.2000 label_smoothing=0.000
D step=2/5 epoch=2/3 loss=0.3263 l2=0.2000 label_smoothing=0.000
D step=2/5 epoch=3/3 loss=0.3259 l2=0.2000 label_smoothing=0.000
D step=3/5 epoch=1/3 loss=0.3161 l2=0.2000 label_smoothing=0.000
D step=3/5 epoch=2/3 loss=0.3171 l2=0.2000 label_smoothing=0.000
D step=3/5 epoch=3/3 loss=0.3118 l2=0.2000 label_smoothing=0.000
D step=4/5 epoch=1/3 loss=0.3156 l2=0.2000 label_smoothing=0.000
D step=4/5 epoch=2/3 loss=0.3091 l2=0.2000 label_smoothing=0.000
D step=4/5 epoch=3/3 loss=0.3098 l2=0.2000 label_smoothing=0.000
D step=5/5 epoch=1/3 loss=0.3031 l2=0.2000 label_smoothing=0.000
D step=5/5 epoch=2/3 loss=0.3002 l2=0.2000 label_smoothing=0.000
D step=5/5 epoch=3/3 loss=0.2968 l2=0.2000 label_smoothing=0.000
ADV epoch=130/200 g_loss=0.0130 d_loss=0.3136 reward=0.2038 reward_var=0.0036 unique=0.1000
D step=1/5 epoch=1/3 loss=0.3146 l2=0.2000 label_smoothing=0.000
D step=1/5 epoch=2/3 loss=0.3121 l2=0.2000 label_smoothing=0.000
D step=1/5 epoch=3/3 loss=0.3089 l2=0.2000 label_smoothing=0.000
D step=2/5 epoch=1/3 loss=0.3188 l2=0.2000 label_smoothing=0.000
D step=2/5 epoch=2/3 loss=0.3163 l2=0.2000 label_smoothing=0.000
D step=2/5 epoch=3/3 loss=0.3163 l2=0.2000 label_smoothing=0.000
D step=3/5 epoch=1/3 loss=0.2979 l2=0.2000 label_smoothing=0.000
D step=3/5 epoch=2/3 loss=0.2939 l2=0.2000 label_smoothing=0.000
D step=3/5 epoch=3/3 loss=0.2947 l2=0.2000 label_smoothing=0.000
D step=4/5 epoch=1/3 loss=0.3291 l2=0.2000 label_smoothing=0.000
D step=4/5 epoch=2/3 loss=0.3263 l2=0.2000 label_smoothing=0.000
D step=4/5 epoch=3/3 loss=0.3252 l2=0.2000 label_smoothing=0.000
D step=5/5 epoch=1/3 loss=0.3128 l2=0.2000 label_smoothing=0.000
D step=5/5 epoch=2/3 loss=0.3019 l2=0.2000 label_smoothing=0.000
D step=5/5 epoch=3/3 loss=0.3056 l2=0.2000 label_smoothing=0.000
ADV epoch=131/200 g_loss=0.0123 d_loss=0.3116 reward=0.1904 reward_var=0.0025 unique=0.1400
D step=1/5 epoch=1/3 loss=0.3039 l2=0.2000 label_smoothing=0.000
D step=1/5 epoch=2/3 loss=0.3048 l2=0.2000 label_smoothing=0.000
D step=1/5 epoch=3/3 loss=0.3045 l2=0.2000 label_smoothing=0.000
D step=2/5 epoch=1/3 loss=0.3115 l2=0.2000 label_smoothing=0.000
D step=2/5 epoch=2/3 loss=0.3083 l2=0.2000 label_smoothing=0.000
D step=2/5 epoch=3/3 loss=0.3082 l2=0.2000 label_smoothing=0.000
D step=3/5 epoch=1/3 loss=0.3441 l2=0.2000 label_smoothing=0.000
D step=3/5 epoch=2/3 loss=0.3217 l2=0.2000 label_smoothing=0.000
D step=3/5 epoch=3/3 loss=0.3000 l2=0.2000 label_smoothing=0.000
D step=4/5 epoch=1/3 loss=0.3217 l2=0.2000 label_smoothing=0.000
D step=4/5 epoch=2/3 loss=0.3154 l2=0.2000 label_smoothing=0.000
D step=4/5 epoch=3/3 loss=0.3182 l2=0.2000 label_smoothing=0.000
D step=5/5 epoch=1/3 loss=0.3136 l2=0.2000 label_smoothing=0.000
D step=5/5 epoch=2/3 loss=0.3146 l2=0.2000 label_smoothing=0.000
D step=5/5 epoch=3/3 loss=0.3118 l2=0.2000 label_smoothing=0.000
ADV epoch=132/200 g_loss=0.0173 d_loss=0.3135 reward=0.2099 reward_var=0.0031 unique=0.1200
D step=1/5 epoch=1/3 loss=0.2978 l2=0.2000 label_smoothing=0.000
D step=1/5 epoch=2/3 loss=0.2970 l2=0.2000 label_smoothing=0.000
D step=1/5 epoch=3/3 loss=0.2931 l2=0.2000 label_smoothing=0.000
D step=2/5 epoch=1/3 loss=0.3029 l2=0.2000 label_smoothing=0.000
D step=2/5 epoch=2/3 loss=0.2988 l2=0.2000 label_smoothing=0.000
D step=2/5 epoch=3/3 loss=0.3017 l2=0.2000 label_smoothing=0.000
D step=3/5 epoch=1/3 loss=0.2870 l2=0.2000 label_smoothing=0.000
D step=3/5 epoch=2/3 loss=0.2876 l2=0.2000 label_smoothing=0.000
D step=3/5 epoch=3/3 loss=0.2875 l2=0.2000 label_smoothing=0.000
D step=4/5 epoch=1/3 loss=0.3476 l2=0.2000 label_smoothing=0.000
D step=4/5 epoch=2/3 loss=0.3122 l2=0.2000 label_smoothing=0.000
D step=4/5 epoch=3/3 loss=0.2988 l2=0.2000 label_smoothing=0.000
D step=5/5 epoch=1/3 loss=0.3162 l2=0.2000 label_smoothing=0.000
D step=5/5 epoch=2/3 loss=0.3148 l2=0.2000 label_smoothing=0.000
D step=5/5 epoch=3/3 loss=0.3113 l2=0.2000 label_smoothing=0.000
ADV epoch=133/200 g_loss=0.0096 d_loss=0.3036 reward=0.1822 reward_var=0.0019 unique=0.1400
D step=1/5 epoch=1/3 loss=0.2957 l2=0.2000 label_smoothing=0.000
D step=1/5 epoch=2/3 loss=0.2936 l2=0.2000 label_smoothing=0.000
D step=1/5 epoch=3/3 loss=0.2941 l2=0.2000 label_smoothing=0.000
D step=2/5 epoch=1/3 loss=0.3276 l2=0.2000 label_smoothing=0.000
D step=2/5 epoch=2/3 loss=0.3083 l2=0.2000 label_smoothing=0.000
D step=2/5 epoch=3/3 loss=0.3058 l2=0.2000 label_smoothing=0.000
D step=3/5 epoch=1/3 loss=0.3048 l2=0.2000 label_smoothing=0.000
D step=3/5 epoch=2/3 loss=0.3048 l2=0.2000 label_smoothing=0.000
D step=3/5 epoch=3/3 loss=0.3086 l2=0.2000 label_smoothing=0.000
D step=4/5 epoch=1/3 loss=0.3041 l2=0.2000 label_smoothing=0.000
D step=4/5 epoch=2/3 loss=0.3061 l2=0.2000 label_smoothing=0.000
D step=4/5 epoch=3/3 loss=0.3031 l2=0.2000 label_smoothing=0.000
D step=5/5 epoch=1/3 loss=0.2835 l2=0.2000 label_smoothing=0.000
D step=5/5 epoch=2/3 loss=0.2845 l2=0.2000 label_smoothing=0.000
D step=5/5 epoch=3/3 loss=0.2833 l2=0.2000 label_smoothing=0.000
ADV epoch=134/200 g_loss=0.0146 d_loss=0.3005 reward=0.2231 reward_var=0.0024 unique=0.1400
D step=1/5 epoch=1/3 loss=0.2999 l2=0.2000 label_smoothing=0.000
D step=1/5 epoch=2/3 loss=0.2931 l2=0.2000 label_smoothing=0.000
D step=1/5 epoch=3/3 loss=0.2930 l2=0.2000 label_smoothing=0.000
D step=2/5 epoch=1/3 loss=0.3004 l2=0.2000 label_smoothing=0.000
D step=2/5 epoch=2/3 loss=0.2984 l2=0.2000 label_smoothing=0.000
D step=2/5 epoch=3/3 loss=0.3038 l2=0.2000 label_smoothing=0.000
D step=3/5 epoch=1/3 loss=0.3221 l2=0.2000 label_smoothing=0.000
D step=3/5 epoch=2/3 loss=0.3252 l2=0.2000 label_smoothing=0.000
D step=3/5 epoch=3/3 loss=0.3181 l2=0.2000 label_smoothing=0.000
D step=4/5 epoch=1/3 loss=0.2972 l2=0.2000 label_smoothing=0.000
D step=4/5 epoch=2/3 loss=0.2992 l2=0.2000 label_smoothing=0.000
D step=4/5 epoch=3/3 loss=0.2998 l2=0.2000 label_smoothing=0.000
D step=5/5 epoch=1/3 loss=0.2925 l2=0.2000 label_smoothing=0.000
D step=5/5 epoch=2/3 loss=0.2919 l2=0.2000 label_smoothing=0.000
D step=5/5 epoch=3/3 loss=0.2862 l2=0.2000 label_smoothing=0.000
ADV epoch=135/200 g_loss=0.0103 d_loss=0.3014 reward=0.1722 reward_var=0.0043 unique=0.1600
D step=1/5 epoch=1/3 loss=0.3209 l2=0.2000 label_smoothing=0.000
D step=1/5 epoch=2/3 loss=0.3196 l2=0.2000 label_smoothing=0.000
D step=1/5 epoch=3/3 loss=0.3130 l2=0.2000 label_smoothing=0.000
D step=2/5 epoch=1/3 loss=0.3120 l2=0.2000 label_smoothing=0.000
D step=2/5 epoch=2/3 loss=0.3107 l2=0.2000 label_smoothing=0.000
D step=2/5 epoch=3/3 loss=0.3126 l2=0.2000 label_smoothing=0.000
D step=3/5 epoch=1/3 loss=0.2890 l2=0.2000 label_smoothing=0.000
D step=3/5 epoch=2/3 loss=0.2904 l2=0.2000 label_smoothing=0.000
D step=3/5 epoch=3/3 loss=0.2876 l2=0.2000 label_smoothing=0.000
D step=4/5 epoch=1/3 loss=0.3085 l2=0.2000 label_smoothing=0.000
D step=4/5 epoch=2/3 loss=0.3069 l2=0.2000 label_smoothing=0.000
D step=4/5 epoch=3/3 loss=0.3108 l2=0.2000 label_smoothing=0.000
D step=5/5 epoch=1/3 loss=0.2906 l2=0.2000 label_smoothing=0.000
D step=5/5 epoch=2/3 loss=0.2966 l2=0.2000 label_smoothing=0.000
D step=5/5 epoch=3/3 loss=0.2937 l2=0.2000 label_smoothing=0.000
ADV epoch=136/200 g_loss=0.0149 d_loss=0.3042 reward=0.2025 reward_var=0.0021 unique=0.2000
D step=1/5 epoch=1/3 loss=0.3663 l2=0.2000 label_smoothing=0.000
D step=1/5 epoch=2/3 loss=0.3270 l2=0.2000 label_smoothing=0.000
D step=1/5 epoch=3/3 loss=0.3252 l2=0.2000 label_smoothing=0.000
D step=2/5 epoch=1/3 loss=0.3557 l2=0.2000 label_smoothing=0.000
D step=2/5 epoch=2/3 loss=0.3408 l2=0.2000 label_smoothing=0.000
D step=2/5 epoch=3/3 loss=0.3388 l2=0.2000 label_smoothing=0.000
D step=3/5 epoch=1/3 loss=0.3201 l2=0.2000 label_smoothing=0.000
D step=3/5 epoch=2/3 loss=0.3173 l2=0.2000 label_smoothing=0.000
D step=3/5 epoch=3/3 loss=0.3216 l2=0.2000 label_smoothing=0.000
D step=4/5 epoch=1/3 loss=0.3022 l2=0.2000 label_smoothing=0.000
D step=4/5 epoch=2/3 loss=0.3019 l2=0.2000 label_smoothing=0.000
D step=4/5 epoch=3/3 loss=0.3006 l2=0.2000 label_smoothing=0.000
D step=5/5 epoch=1/3 loss=0.2900 l2=0.2000 label_smoothing=0.000
D step=5/5 epoch=2/3 loss=0.2868 l2=0.2000 label_smoothing=0.000
D step=5/5 epoch=3/3 loss=0.2825 l2=0.2000 label_smoothing=0.000
ADV epoch=137/200 g_loss=0.0111 d_loss=0.3185 reward=0.1965 reward_var=0.0020 unique=0.1400
D step=1/5 epoch=1/3 loss=0.3203 l2=0.2000 label_smoothing=0.000
D step=1/5 epoch=2/3 loss=0.3073 l2=0.2000 label_smoothing=0.000
D step=1/5 epoch=3/3 loss=0.3145 l2=0.2000 label_smoothing=0.000
D step=2/5 epoch=1/3 loss=0.3109 l2=0.2000 label_smoothing=0.000
D step=2/5 epoch=2/3 loss=0.3010 l2=0.2000 label_smoothing=0.000
D step=2/5 epoch=3/3 loss=0.3043 l2=0.2000 label_smoothing=0.000
D step=3/5 epoch=1/3 loss=0.2863 l2=0.2000 label_smoothing=0.000
D step=3/5 epoch=2/3 loss=0.2866 l2=0.2000 label_smoothing=0.000
D step=3/5 epoch=3/3 loss=0.2865 l2=0.2000 label_smoothing=0.000
D step=4/5 epoch=1/3 loss=0.2889 l2=0.2000 label_smoothing=0.000
D step=4/5 epoch=2/3 loss=0.2884 l2=0.2000 label_smoothing=0.000
D step=4/5 epoch=3/3 loss=0.2902 l2=0.2000 label_smoothing=0.000
D step=5/5 epoch=1/3 loss=0.3130 l2=0.2000 label_smoothing=0.000
D step=5/5 epoch=2/3 loss=0.3150 l2=0.2000 label_smoothing=0.000
D step=5/5 epoch=3/3 loss=0.3126 l2=0.2000 label_smoothing=0.000
ADV epoch=138/200 g_loss=0.0120 d_loss=0.3017 reward=0.1968 reward_var=0.0008 unique=0.1800
D step=1/5 epoch=1/3 loss=0.2785 l2=0.2000 label_smoothing=0.000
D step=1/5 epoch=2/3 loss=0.2793 l2=0.2000 label_smoothing=0.000
D step=1/5 epoch=3/3 loss=0.2757 l2=0.2000 label_smoothing=0.000
D step=2/5 epoch=1/3 loss=0.3079 l2=0.2000 label_smoothing=0.000
D step=2/5 epoch=2/3 loss=0.3078 l2=0.2000 label_smoothing=0.000
D step=2/5 epoch=3/3 loss=0.3022 l2=0.2000 label_smoothing=0.000
D step=3/5 epoch=1/3 loss=0.3083 l2=0.2000 label_smoothing=0.000
D step=3/5 epoch=2/3 loss=0.3040 l2=0.2000 label_smoothing=0.000
D step=3/5 epoch=3/3 loss=0.3043 l2=0.2000 label_smoothing=0.000
D step=4/5 epoch=1/3 loss=0.3672 l2=0.2000 label_smoothing=0.000
D step=4/5 epoch=2/3 loss=0.3580 l2=0.2000 label_smoothing=0.000
D step=4/5 epoch=3/3 loss=0.3331 l2=0.2000 label_smoothing=0.000
D step=5/5 epoch=1/3 loss=0.3087 l2=0.2000 label_smoothing=0.000
D step=5/5 epoch=2/3 loss=0.3089 l2=0.2000 label_smoothing=0.000
D step=5/5 epoch=3/3 loss=0.3099 l2=0.2000 label_smoothing=0.000
ADV epoch=139/200 g_loss=0.0153 d_loss=0.3102 reward=0.2015 reward_var=0.0009 unique=0.2000
D step=1/5 epoch=1/3 loss=0.3059 l2=0.2000 label_smoothing=0.000
D step=1/5 epoch=2/3 loss=0.3049 l2=0.2000 label_smoothing=0.000
D step=1/5 epoch=3/3 loss=0.3038 l2=0.2000 label_smoothing=0.000
D step=2/5 epoch=1/3 loss=0.3545 l2=0.2000 label_smoothing=0.000
D step=2/5 epoch=2/3 loss=0.3479 l2=0.2000 label_smoothing=0.000
D step=2/5 epoch=3/3 loss=0.3140 l2=0.2000 label_smoothing=0.000
D step=3/5 epoch=1/3 loss=0.3476 l2=0.2000 label_smoothing=0.000
D step=3/5 epoch=2/3 loss=0.3326 l2=0.2000 label_smoothing=0.000
D step=3/5 epoch=3/3 loss=0.3117 l2=0.2000 label_smoothing=0.000
D step=4/5 epoch=1/3 loss=0.2962 l2=0.2000 label_smoothing=0.000
D step=4/5 epoch=2/3 loss=0.2926 l2=0.2000 label_smoothing=0.000
D step=4/5 epoch=3/3 loss=0.2911 l2=0.2000 label_smoothing=0.000
D step=5/5 epoch=1/3 loss=0.2977 l2=0.2000 label_smoothing=0.000
D step=5/5 epoch=2/3 loss=0.2945 l2=0.2000 label_smoothing=0.000
D step=5/5 epoch=3/3 loss=0.2926 l2=0.2000 label_smoothing=0.000
ADV epoch=140/200 g_loss=0.0145 d_loss=0.3125 reward=0.1916 reward_var=0.0020 unique=0.1400
D step=1/5 epoch=1/3 loss=0.3698 l2=0.2000 label_smoothing=0.000
D step=1/5 epoch=2/3 loss=0.3453 l2=0.2000 label_smoothing=0.000
D step=1/5 epoch=3/3 loss=0.3345 l2=0.2000 label_smoothing=0.000
D step=2/5 epoch=1/3 loss=0.3141 l2=0.2000 label_smoothing=0.000
D step=2/5 epoch=2/3 loss=0.2984 l2=0.2000 label_smoothing=0.000
D step=2/5 epoch=3/3 loss=0.2935 l2=0.2000 label_smoothing=0.000
D step=3/5 epoch=1/3 loss=0.3235 l2=0.2000 label_smoothing=0.000
D step=3/5 epoch=2/3 loss=0.3183 l2=0.2000 label_smoothing=0.000
D step=3/5 epoch=3/3 loss=0.3205 l2=0.2000 label_smoothing=0.000
D step=4/5 epoch=1/3 loss=0.3346 l2=0.2000 label_smoothing=0.000
D step=4/5 epoch=2/3 loss=0.3278 l2=0.2000 label_smoothing=0.000
D step=4/5 epoch=3/3 loss=0.3281 l2=0.2000 label_smoothing=0.000
D step=5/5 epoch=1/3 loss=0.3322 l2=0.2000 label_smoothing=0.000
D step=5/5 epoch=2/3 loss=0.3307 l2=0.2000 label_smoothing=0.000
D step=5/5 epoch=3/3 loss=0.3269 l2=0.2000 label_smoothing=0.000
ADV epoch=141/200 g_loss=0.0202 d_loss=0.3265 reward=0.1946 reward_var=0.0092 unique=0.2200
D step=1/5 epoch=1/3 loss=0.2914 l2=0.2000 label_smoothing=0.000
D step=1/5 epoch=2/3 loss=0.2825 l2=0.2000 label_smoothing=0.000
D step=1/5 epoch=3/3 loss=0.2842 l2=0.2000 label_smoothing=0.000
D step=2/5 epoch=1/3 loss=0.3303 l2=0.2000 label_smoothing=0.000
D step=2/5 epoch=2/3 loss=0.3126 l2=0.2000 label_smoothing=0.000
D step=2/5 epoch=3/3 loss=0.2990 l2=0.2000 label_smoothing=0.000
D step=3/5 epoch=1/3 loss=0.3125 l2=0.2000 label_smoothing=0.000
D step=3/5 epoch=2/3 loss=0.3066 l2=0.2000 label_smoothing=0.000
D step=3/5 epoch=3/3 loss=0.3087 l2=0.2000 label_smoothing=0.000
D step=4/5 epoch=1/3 loss=0.3018 l2=0.2000 label_smoothing=0.000
D step=4/5 epoch=2/3 loss=0.3079 l2=0.2000 label_smoothing=0.000
D step=4/5 epoch=3/3 loss=0.3056 l2=0.2000 label_smoothing=0.000
D step=5/5 epoch=1/3 loss=0.3311 l2=0.2000 label_smoothing=0.000
D step=5/5 epoch=2/3 loss=0.3076 l2=0.2000 label_smoothing=0.000
D step=5/5 epoch=3/3 loss=0.2975 l2=0.2000 label_smoothing=0.000
ADV epoch=142/200 g_loss=0.0154 d_loss=0.3053 reward=0.2342 reward_var=0.0028 unique=0.2400
D step=1/5 epoch=1/3 loss=0.3173 l2=0.2000 label_smoothing=0.000
D step=1/5 epoch=2/3 loss=0.3117 l2=0.2000 label_smoothing=0.000
D step=1/5 epoch=3/3 loss=0.3094 l2=0.2000 label_smoothing=0.000
D step=2/5 epoch=1/3 loss=0.3507 l2=0.2000 label_smoothing=0.000
D step=2/5 epoch=2/3 loss=0.3269 l2=0.2000 label_smoothing=0.000
D step=2/5 epoch=3/3 loss=0.3131 l2=0.2000 label_smoothing=0.000
D step=3/5 epoch=1/3 loss=0.3279 l2=0.2000 label_smoothing=0.000
D step=3/5 epoch=2/3 loss=0.3263 l2=0.2000 label_smoothing=0.000
D step=3/5 epoch=3/3 loss=0.3227 l2=0.2000 label_smoothing=0.000
D step=4/5 epoch=1/3 loss=0.3202 l2=0.2000 label_smoothing=0.000
D step=4/5 epoch=2/3 loss=0.3178 l2=0.2000 label_smoothing=0.000
D step=4/5 epoch=3/3 loss=0.3146 l2=0.2000 label_smoothing=0.000
D step=5/5 epoch=1/3 loss=0.3090 l2=0.2000 label_smoothing=0.000
D step=5/5 epoch=2/3 loss=0.3062 l2=0.2000 label_smoothing=0.000
D step=5/5 epoch=3/3 loss=0.3057 l2=0.2000 label_smoothing=0.000
ADV epoch=143/200 g_loss=0.0103 d_loss=0.3186 reward=0.1914 reward_var=0.0053 unique=0.1800
D step=1/5 epoch=1/3 loss=0.3018 l2=0.2000 label_smoothing=0.000
D step=1/5 epoch=2/3 loss=0.2970 l2=0.2000 label_smoothing=0.000
D step=1/5 epoch=3/3 loss=0.2982 l2=0.2000 label_smoothing=0.000
D step=2/5 epoch=1/3 loss=0.3000 l2=0.2000 label_smoothing=0.000
D step=2/5 epoch=2/3 loss=0.3025 l2=0.2000 label_smoothing=0.000
D step=2/5 epoch=3/3 loss=0.3007 l2=0.2000 label_smoothing=0.000
D step=3/5 epoch=1/3 loss=0.3639 l2=0.2000 label_smoothing=0.000
D step=3/5 epoch=2/3 loss=0.3451 l2=0.2000 label_smoothing=0.000
D step=3/5 epoch=3/3 loss=0.3404 l2=0.2000 label_smoothing=0.000
D step=4/5 epoch=1/3 loss=0.3215 l2=0.2000 label_smoothing=0.000
D step=4/5 epoch=2/3 loss=0.3221 l2=0.2000 label_smoothing=0.000
D step=4/5 epoch=3/3 loss=0.3149 l2=0.2000 label_smoothing=0.000
D step=5/5 epoch=1/3 loss=0.3291 l2=0.2000 label_smoothing=0.000
D step=5/5 epoch=2/3 loss=0.3148 l2=0.2000 label_smoothing=0.000
D step=5/5 epoch=3/3 loss=0.3137 l2=0.2000 label_smoothing=0.000
ADV epoch=144/200 g_loss=0.0137 d_loss=0.3177 reward=0.1832 reward_var=0.0019 unique=0.1800
D step=1/5 epoch=1/3 loss=0.3051 l2=0.2000 label_smoothing=0.000
D step=1/5 epoch=2/3 loss=0.3018 l2=0.2000 label_smoothing=0.000
D step=1/5 epoch=3/3 loss=0.3006 l2=0.2000 label_smoothing=0.000
D step=2/5 epoch=1/3 loss=0.2910 l2=0.2000 label_smoothing=0.000
D step=2/5 epoch=2/3 loss=0.2898 l2=0.2000 label_smoothing=0.000
D step=2/5 epoch=3/3 loss=0.2860 l2=0.2000 label_smoothing=0.000
D step=3/5 epoch=1/3 loss=0.2888 l2=0.2000 label_smoothing=0.000
D step=3/5 epoch=2/3 loss=0.2910 l2=0.2000 label_smoothing=0.000
D step=3/5 epoch=3/3 loss=0.2885 l2=0.2000 label_smoothing=0.000
D step=4/5 epoch=1/3 loss=0.2617 l2=0.2000 label_smoothing=0.000
D step=4/5 epoch=2/3 loss=0.2591 l2=0.2000 label_smoothing=0.000
D step=4/5 epoch=3/3 loss=0.2536 l2=0.2000 label_smoothing=0.000
D step=5/5 epoch=1/3 loss=0.2800 l2=0.2000 label_smoothing=0.000
D step=5/5 epoch=2/3 loss=0.2842 l2=0.2000 label_smoothing=0.000
D step=5/5 epoch=3/3 loss=0.2817 l2=0.2000 label_smoothing=0.000
ADV epoch=145/200 g_loss=0.0132 d_loss=0.2842 reward=0.2064 reward_var=0.0016 unique=0.1400
D step=1/5 epoch=1/3 loss=0.4684 l2=0.2000 label_smoothing=0.000
D step=1/5 epoch=2/3 loss=0.3658 l2=0.2000 label_smoothing=0.000
D step=1/5 epoch=3/3 loss=0.3486 l2=0.2000 label_smoothing=0.000
D step=2/5 epoch=1/3 loss=0.3295 l2=0.2000 label_smoothing=0.000
D step=2/5 epoch=2/3 loss=0.3193 l2=0.2000 label_smoothing=0.000
D step=2/5 epoch=3/3 loss=0.3106 l2=0.2000 label_smoothing=0.000
D step=3/5 epoch=1/3 loss=0.3133 l2=0.2000 label_smoothing=0.000
D step=3/5 epoch=2/3 loss=0.3125 l2=0.2000 label_smoothing=0.000
D step=3/5 epoch=3/3 loss=0.3162 l2=0.2000 label_smoothing=0.000
D step=4/5 epoch=1/3 loss=0.3148 l2=0.2000 label_smoothing=0.000
D step=4/5 epoch=2/3 loss=0.3184 l2=0.2000 label_smoothing=0.000
D step=4/5 epoch=3/3 loss=0.2964 l2=0.2000 label_smoothing=0.000
D step=5/5 epoch=1/3 loss=0.3054 l2=0.2000 label_smoothing=0.000
D step=5/5 epoch=2/3 loss=0.3080 l2=0.2000 label_smoothing=0.000
D step=5/5 epoch=3/3 loss=0.3055 l2=0.2000 label_smoothing=0.000
ADV epoch=146/200 g_loss=0.0167 d_loss=0.3288 reward=0.1910 reward_var=0.0045 unique=0.1400
D step=1/5 epoch=1/3 loss=0.2986 l2=0.2000 label_smoothing=0.000
D step=1/5 epoch=2/3 loss=0.2961 l2=0.2000 label_smoothing=0.000
D step=1/5 epoch=3/3 loss=0.2926 l2=0.2000 label_smoothing=0.000
D step=2/5 epoch=1/3 loss=0.3048 l2=0.2000 label_smoothing=0.000
D step=2/5 epoch=2/3 loss=0.3038 l2=0.2000 label_smoothing=0.000
D step=2/5 epoch=3/3 loss=0.3025 l2=0.2000 label_smoothing=0.000
D step=3/5 epoch=1/3 loss=0.3223 l2=0.2000 label_smoothing=0.000
D step=3/5 epoch=2/3 loss=0.3166 l2=0.2000 label_smoothing=0.000
D step=3/5 epoch=3/3 loss=0.3205 l2=0.2000 label_smoothing=0.000
D step=4/5 epoch=1/3 loss=0.3006 l2=0.2000 label_smoothing=0.000
D step=4/5 epoch=2/3 loss=0.2988 l2=0.2000 label_smoothing=0.000
D step=4/5 epoch=3/3 loss=0.3006 l2=0.2000 label_smoothing=0.000
D step=5/5 epoch=1/3 loss=0.3068 l2=0.2000 label_smoothing=0.000
D step=5/5 epoch=2/3 loss=0.3007 l2=0.2000 label_smoothing=0.000
D step=5/5 epoch=3/3 loss=0.3046 l2=0.2000 label_smoothing=0.000
ADV epoch=147/200 g_loss=0.0104 d_loss=0.3047 reward=0.1994 reward_var=0.0008 unique=0.2000
D step=1/5 epoch=1/3 loss=0.3137 l2=0.2000 label_smoothing=0.000
D step=1/5 epoch=2/3 loss=0.3024 l2=0.2000 label_smoothing=0.000
D step=1/5 epoch=3/3 loss=0.3027 l2=0.2000 label_smoothing=0.000
D step=2/5 epoch=1/3 loss=0.3277 l2=0.2000 label_smoothing=0.000
D step=2/5 epoch=2/3 loss=0.3188 l2=0.2000 label_smoothing=0.000
D step=2/5 epoch=3/3 loss=0.3184 l2=0.2000 label_smoothing=0.000
D step=3/5 epoch=1/3 loss=0.3215 l2=0.2000 label_smoothing=0.000
D step=3/5 epoch=2/3 loss=0.3190 l2=0.2000 label_smoothing=0.000
D step=3/5 epoch=3/3 loss=0.3086 l2=0.2000 label_smoothing=0.000
D step=4/5 epoch=1/3 loss=0.3190 l2=0.2000 label_smoothing=0.000
D step=4/5 epoch=2/3 loss=0.3184 l2=0.2000 label_smoothing=0.000
D step=4/5 epoch=3/3 loss=0.3150 l2=0.2000 label_smoothing=0.000
D step=5/5 epoch=1/3 loss=0.3023 l2=0.2000 label_smoothing=0.000
D step=5/5 epoch=2/3 loss=0.3009 l2=0.2000 label_smoothing=0.000
D step=5/5 epoch=3/3 loss=0.2983 l2=0.2000 label_smoothing=0.000
ADV epoch=148/200 g_loss=0.0116 d_loss=0.3124 reward=0.2055 reward_var=0.0019 unique=0.1400
D step=1/5 epoch=1/3 loss=0.3771 l2=0.2000 label_smoothing=0.000
D step=1/5 epoch=2/3 loss=0.3345 l2=0.2000 label_smoothing=0.000
D step=1/5 epoch=3/3 loss=0.3227 l2=0.2000 label_smoothing=0.000
D step=2/5 epoch=1/3 loss=0.3303 l2=0.2000 label_smoothing=0.000
D step=2/5 epoch=2/3 loss=0.3298 l2=0.2000 label_smoothing=0.000
D step=2/5 epoch=3/3 loss=0.3252 l2=0.2000 label_smoothing=0.000
D step=3/5 epoch=1/3 loss=0.3165 l2=0.2000 label_smoothing=0.000
D step=3/5 epoch=2/3 loss=0.3089 l2=0.2000 label_smoothing=0.000
D step=3/5 epoch=3/3 loss=0.3105 l2=0.2000 label_smoothing=0.000
D step=4/5 epoch=1/3 loss=0.3155 l2=0.2000 label_smoothing=0.000
D step=4/5 epoch=2/3 loss=0.3160 l2=0.2000 label_smoothing=0.000
D step=4/5 epoch=3/3 loss=0.3165 l2=0.2000 label_smoothing=0.000
D step=5/5 epoch=1/3 loss=0.3097 l2=0.2000 label_smoothing=0.000
D step=5/5 epoch=2/3 loss=0.3051 l2=0.2000 label_smoothing=0.000
D step=5/5 epoch=3/3 loss=0.3063 l2=0.2000 label_smoothing=0.000
ADV epoch=149/200 g_loss=0.0141 d_loss=0.3216 reward=0.2123 reward_var=0.0010 unique=0.1600
D step=1/5 epoch=1/3 loss=0.3609 l2=0.2000 label_smoothing=0.000
D step=1/5 epoch=2/3 loss=0.3309 l2=0.2000 label_smoothing=0.000
D step=1/5 epoch=3/3 loss=0.3155 l2=0.2000 label_smoothing=0.000
D step=2/5 epoch=1/3 loss=0.3419 l2=0.2000 label_smoothing=0.000
D step=2/5 epoch=2/3 loss=0.3241 l2=0.2000 label_smoothing=0.000
D step=2/5 epoch=3/3 loss=0.3096 l2=0.2000 label_smoothing=0.000
D step=3/5 epoch=1/3 loss=0.3034 l2=0.2000 label_smoothing=0.000
D step=3/5 epoch=2/3 loss=0.3020 l2=0.2000 label_smoothing=0.000
D step=3/5 epoch=3/3 loss=0.2965 l2=0.2000 label_smoothing=0.000
D step=4/5 epoch=1/3 loss=0.3109 l2=0.2000 label_smoothing=0.000
D step=4/5 epoch=2/3 loss=0.3141 l2=0.2000 label_smoothing=0.000
D step=4/5 epoch=3/3 loss=0.3084 l2=0.2000 label_smoothing=0.000
D step=5/5 epoch=1/3 loss=0.3087 l2=0.2000 label_smoothing=0.000
D step=5/5 epoch=2/3 loss=0.3101 l2=0.2000 label_smoothing=0.000
D step=5/5 epoch=3/3 loss=0.3073 l2=0.2000 label_smoothing=0.000
ADV epoch=150/200 g_loss=0.0103 d_loss=0.3163 reward=0.1881 reward_var=0.0017 unique=0.1000
D step=1/5 epoch=1/3 loss=0.3439 l2=0.2000 label_smoothing=0.000
D step=1/5 epoch=2/3 loss=0.3251 l2=0.2000 label_smoothing=0.000
D step=1/5 epoch=3/3 loss=0.3147 l2=0.2000 label_smoothing=0.000
D step=2/5 epoch=1/3 loss=0.3161 l2=0.2000 label_smoothing=0.000
D step=2/5 epoch=2/3 loss=0.3156 l2=0.2000 label_smoothing=0.000
D step=2/5 epoch=3/3 loss=0.3124 l2=0.2000 label_smoothing=0.000
D step=3/5 epoch=1/3 loss=0.3256 l2=0.2000 label_smoothing=0.000
D step=3/5 epoch=2/3 loss=0.3287 l2=0.2000 label_smoothing=0.000
D step=3/5 epoch=3/3 loss=0.3248 l2=0.2000 label_smoothing=0.000
D step=4/5 epoch=1/3 loss=0.3110 l2=0.2000 label_smoothing=0.000
D step=4/5 epoch=2/3 loss=0.3080 l2=0.2000 label_smoothing=0.000
D step=4/5 epoch=3/3 loss=0.3102 l2=0.2000 label_smoothing=0.000
D step=5/5 epoch=1/3 loss=0.2966 l2=0.2000 label_smoothing=0.000
D step=5/5 epoch=2/3 loss=0.2942 l2=0.2000 label_smoothing=0.000
D step=5/5 epoch=3/3 loss=0.2948 l2=0.2000 label_smoothing=0.000
ADV epoch=151/200 g_loss=0.0143 d_loss=0.3148 reward=0.2186 reward_var=0.0082 unique=0.1000
D step=1/5 epoch=1/3 loss=0.3048 l2=0.2000 label_smoothing=0.000
D step=1/5 epoch=2/3 loss=0.2893 l2=0.2000 label_smoothing=0.000
D step=1/5 epoch=3/3 loss=0.2848 l2=0.2000 label_smoothing=0.000
D step=2/5 epoch=1/3 loss=0.2896 l2=0.2000 label_smoothing=0.000
D step=2/5 epoch=2/3 loss=0.2950 l2=0.2000 label_smoothing=0.000
D step=2/5 epoch=3/3 loss=0.2938 l2=0.2000 label_smoothing=0.000
D step=3/5 epoch=1/3 loss=0.3157 l2=0.2000 label_smoothing=0.000
D step=3/5 epoch=2/3 loss=0.3201 l2=0.2000 label_smoothing=0.000
D step=3/5 epoch=3/3 loss=0.3215 l2=0.2000 label_smoothing=0.000
D step=4/5 epoch=1/3 loss=0.2954 l2=0.2000 label_smoothing=0.000
D step=4/5 epoch=2/3 loss=0.2936 l2=0.2000 label_smoothing=0.000
D step=4/5 epoch=3/3 loss=0.3009 l2=0.2000 label_smoothing=0.000
D step=5/5 epoch=1/3 loss=0.3690 l2=0.2000 label_smoothing=0.000
D step=5/5 epoch=2/3 loss=0.3525 l2=0.2000 label_smoothing=0.000
D step=5/5 epoch=3/3 loss=0.3387 l2=0.2000 label_smoothing=0.000
ADV epoch=152/200 g_loss=0.0086 d_loss=0.3110 reward=0.1670 reward_var=0.0022 unique=0.1800
D step=1/5 epoch=1/3 loss=0.3416 l2=0.2000 label_smoothing=0.000
D step=1/5 epoch=2/3 loss=0.3252 l2=0.2000 label_smoothing=0.000
D step=1/5 epoch=3/3 loss=0.3183 l2=0.2000 label_smoothing=0.000
D step=2/5 epoch=1/3 loss=0.3148 l2=0.2000 label_smoothing=0.000
D step=2/5 epoch=2/3 loss=0.3155 l2=0.2000 label_smoothing=0.000
D step=2/5 epoch=3/3 loss=0.3101 l2=0.2000 label_smoothing=0.000
D step=3/5 epoch=1/3 loss=0.2999 l2=0.2000 label_smoothing=0.000
D step=3/5 epoch=2/3 loss=0.2956 l2=0.2000 label_smoothing=0.000
D step=3/5 epoch=3/3 loss=0.2966 l2=0.2000 label_smoothing=0.000
D step=4/5 epoch=1/3 loss=0.2896 l2=0.2000 label_smoothing=0.000
D step=4/5 epoch=2/3 loss=0.2882 l2=0.2000 label_smoothing=0.000
D step=4/5 epoch=3/3 loss=0.2831 l2=0.2000 label_smoothing=0.000
D step=5/5 epoch=1/3 loss=0.3143 l2=0.2000 label_smoothing=0.000
D step=5/5 epoch=2/3 loss=0.3141 l2=0.2000 label_smoothing=0.000
D step=5/5 epoch=3/3 loss=0.3144 l2=0.2000 label_smoothing=0.000
ADV epoch=153/200 g_loss=0.0112 d_loss=0.3081 reward=0.2113 reward_var=0.0017 unique=0.1200
D step=1/5 epoch=1/3 loss=0.3350 l2=0.2000 label_smoothing=0.000
D step=1/5 epoch=2/3 loss=0.3325 l2=0.2000 label_smoothing=0.000
D step=1/5 epoch=3/3 loss=0.3303 l2=0.2000 label_smoothing=0.000
D step=2/5 epoch=1/3 loss=0.3025 l2=0.2000 label_smoothing=0.000
D step=2/5 epoch=2/3 loss=0.3012 l2=0.2000 label_smoothing=0.000
D step=2/5 epoch=3/3 loss=0.3017 l2=0.2000 label_smoothing=0.000
D step=3/5 epoch=1/3 loss=0.3351 l2=0.2000 label_smoothing=0.000
D step=3/5 epoch=2/3 loss=0.3324 l2=0.2000 label_smoothing=0.000
D step=3/5 epoch=3/3 loss=0.3229 l2=0.2000 label_smoothing=0.000
D step=4/5 epoch=1/3 loss=0.3363 l2=0.2000 label_smoothing=0.000
D step=4/5 epoch=2/3 loss=0.3247 l2=0.2000 label_smoothing=0.000
D step=4/5 epoch=3/3 loss=0.3281 l2=0.2000 label_smoothing=0.000
D step=5/5 epoch=1/3 loss=0.3197 l2=0.2000 label_smoothing=0.000
D step=5/5 epoch=2/3 loss=0.3190 l2=0.2000 label_smoothing=0.000
D step=5/5 epoch=3/3 loss=0.3194 l2=0.2000 label_smoothing=0.000
ADV epoch=154/200 g_loss=0.0105 d_loss=0.3227 reward=0.2065 reward_var=0.0017 unique=0.2000
D step=1/5 epoch=1/3 loss=0.3216 l2=0.2000 label_smoothing=0.000
D step=1/5 epoch=2/3 loss=0.3197 l2=0.2000 label_smoothing=0.000
D step=1/5 epoch=3/3 loss=0.3191 l2=0.2000 label_smoothing=0.000
D step=2/5 epoch=1/3 loss=0.2948 l2=0.2000 label_smoothing=0.000
D step=2/5 epoch=2/3 loss=0.2894 l2=0.2000 label_smoothing=0.000
D step=2/5 epoch=3/3 loss=0.2845 l2=0.2000 label_smoothing=0.000
D step=3/5 epoch=1/3 loss=0.3282 l2=0.2000 label_smoothing=0.000
D step=3/5 epoch=2/3 loss=0.3228 l2=0.2000 label_smoothing=0.000
D step=3/5 epoch=3/3 loss=0.3191 l2=0.2000 label_smoothing=0.000
D step=4/5 epoch=1/3 loss=0.3303 l2=0.2000 label_smoothing=0.000
D step=4/5 epoch=2/3 loss=0.3280 l2=0.2000 label_smoothing=0.000
D step=4/5 epoch=3/3 loss=0.3289 l2=0.2000 label_smoothing=0.000
D step=5/5 epoch=1/3 loss=0.2814 l2=0.2000 label_smoothing=0.000
D step=5/5 epoch=2/3 loss=0.2832 l2=0.2000 label_smoothing=0.000
D step=5/5 epoch=3/3 loss=0.2820 l2=0.2000 label_smoothing=0.000
ADV epoch=155/200 g_loss=0.0165 d_loss=0.3089 reward=0.2284 reward_var=0.0049 unique=0.1800
D step=1/5 epoch=1/3 loss=0.3136 l2=0.2000 label_smoothing=0.000
D step=1/5 epoch=2/3 loss=0.3107 l2=0.2000 label_smoothing=0.000
D step=1/5 epoch=3/3 loss=0.3020 l2=0.2000 label_smoothing=0.000
D step=2/5 epoch=1/3 loss=0.3075 l2=0.2000 label_smoothing=0.000
D step=2/5 epoch=2/3 loss=0.3101 l2=0.2000 label_smoothing=0.000
D step=2/5 epoch=3/3 loss=0.3062 l2=0.2000 label_smoothing=0.000
D step=3/5 epoch=1/3 loss=0.3577 l2=0.2000 label_smoothing=0.000
D step=3/5 epoch=2/3 loss=0.3330 l2=0.2000 label_smoothing=0.000
D step=3/5 epoch=3/3 loss=0.3233 l2=0.2000 label_smoothing=0.000
D step=4/5 epoch=1/3 loss=0.3248 l2=0.2000 label_smoothing=0.000
D step=4/5 epoch=2/3 loss=0.3314 l2=0.2000 label_smoothing=0.000
D step=4/5 epoch=3/3 loss=0.3197 l2=0.2000 label_smoothing=0.000
D step=5/5 epoch=1/3 loss=0.3089 l2=0.2000 label_smoothing=0.000
D step=5/5 epoch=2/3 loss=0.3102 l2=0.2000 label_smoothing=0.000
D step=5/5 epoch=3/3 loss=0.3132 l2=0.2000 label_smoothing=0.000
ADV epoch=156/200 g_loss=0.0111 d_loss=0.3181 reward=0.2032 reward_var=0.0040 unique=0.1400
D step=1/5 epoch=1/3 loss=0.3138 l2=0.2000 label_smoothing=0.000
D step=1/5 epoch=2/3 loss=0.3094 l2=0.2000 label_smoothing=0.000
D step=1/5 epoch=3/3 loss=0.3071 l2=0.2000 label_smoothing=0.000
D step=2/5 epoch=1/3 loss=0.3174 l2=0.2000 label_smoothing=0.000
D step=2/5 epoch=2/3 loss=0.3172 l2=0.2000 label_smoothing=0.000
D step=2/5 epoch=3/3 loss=0.3170 l2=0.2000 label_smoothing=0.000
D step=3/5 epoch=1/3 loss=0.2981 l2=0.2000 label_smoothing=0.000
D step=3/5 epoch=2/3 loss=0.2997 l2=0.2000 label_smoothing=0.000
D step=3/5 epoch=3/3 loss=0.2941 l2=0.2000 label_smoothing=0.000
D step=4/5 epoch=1/3 loss=0.3229 l2=0.2000 label_smoothing=0.000
D step=4/5 epoch=2/3 loss=0.3259 l2=0.2000 label_smoothing=0.000
D step=4/5 epoch=3/3 loss=0.3239 l2=0.2000 label_smoothing=0.000
D step=5/5 epoch=1/3 loss=0.3251 l2=0.2000 label_smoothing=0.000
D step=5/5 epoch=2/3 loss=0.3235 l2=0.2000 label_smoothing=0.000
D step=5/5 epoch=3/3 loss=0.3240 l2=0.2000 label_smoothing=0.000
ADV epoch=157/200 g_loss=0.0095 d_loss=0.3146 reward=0.1973 reward_var=0.0013 unique=0.1000
D step=1/5 epoch=1/3 loss=0.3138 l2=0.2000 label_smoothing=0.000
D step=1/5 epoch=2/3 loss=0.3123 l2=0.2000 label_smoothing=0.000
D step=1/5 epoch=3/3 loss=0.3082 l2=0.2000 label_smoothing=0.000
D step=2/5 epoch=1/3 loss=0.3244 l2=0.2000 label_smoothing=0.000
D step=2/5 epoch=2/3 loss=0.3238 l2=0.2000 label_smoothing=0.000
D step=2/5 epoch=3/3 loss=0.3228 l2=0.2000 label_smoothing=0.000
D step=3/5 epoch=1/3 loss=0.3098 l2=0.2000 label_smoothing=0.000
D step=3/5 epoch=2/3 loss=0.3035 l2=0.2000 label_smoothing=0.000
D step=3/5 epoch=3/3 loss=0.3053 l2=0.2000 label_smoothing=0.000
D step=4/5 epoch=1/3 loss=0.3455 l2=0.2000 label_smoothing=0.000
D step=4/5 epoch=2/3 loss=0.3367 l2=0.2000 label_smoothing=0.000
D step=4/5 epoch=3/3 loss=0.3349 l2=0.2000 label_smoothing=0.000
D step=5/5 epoch=1/3 loss=0.2998 l2=0.2000 label_smoothing=0.000
D step=5/5 epoch=2/3 loss=0.2971 l2=0.2000 label_smoothing=0.000
D step=5/5 epoch=3/3 loss=0.2953 l2=0.2000 label_smoothing=0.000
ADV epoch=158/200 g_loss=0.0154 d_loss=0.3155 reward=0.2119 reward_var=0.0015 unique=0.1400
D step=1/5 epoch=1/3 loss=0.3355 l2=0.2000 label_smoothing=0.000
D step=1/5 epoch=2/3 loss=0.3407 l2=0.2000 label_smoothing=0.000
D step=1/5 epoch=3/3 loss=0.3252 l2=0.2000 label_smoothing=0.000
D step=2/5 epoch=1/3 loss=0.3199 l2=0.2000 label_smoothing=0.000
D step=2/5 epoch=2/3 loss=0.3196 l2=0.2000 label_smoothing=0.000
D step=2/5 epoch=3/3 loss=0.3161 l2=0.2000 label_smoothing=0.000
D step=3/5 epoch=1/3 loss=0.2921 l2=0.2000 label_smoothing=0.000
D step=3/5 epoch=2/3 loss=0.2940 l2=0.2000 label_smoothing=0.000
D step=3/5 epoch=3/3 loss=0.2906 l2=0.2000 label_smoothing=0.000
D step=4/5 epoch=1/3 loss=0.3169 l2=0.2000 label_smoothing=0.000
D step=4/5 epoch=2/3 loss=0.3071 l2=0.2000 label_smoothing=0.000
D step=4/5 epoch=3/3 loss=0.3072 l2=0.2000 label_smoothing=0.000
D step=5/5 epoch=1/3 loss=0.2988 l2=0.2000 label_smoothing=0.000
D step=5/5 epoch=2/3 loss=0.3005 l2=0.2000 label_smoothing=0.000
D step=5/5 epoch=3/3 loss=0.3014 l2=0.2000 label_smoothing=0.000
ADV epoch=159/200 g_loss=0.0092 d_loss=0.3110 reward=0.1833 reward_var=0.0014 unique=0.1400
D step=1/5 epoch=1/3 loss=0.3264 l2=0.2000 label_smoothing=0.000
D step=1/5 epoch=2/3 loss=0.3251 l2=0.2000 label_smoothing=0.000
D step=1/5 epoch=3/3 loss=0.3237 l2=0.2000 label_smoothing=0.000
D step=2/5 epoch=1/3 loss=0.3254 l2=0.2000 label_smoothing=0.000
D step=2/5 epoch=2/3 loss=0.3252 l2=0.2000 label_smoothing=0.000
D step=2/5 epoch=3/3 loss=0.3263 l2=0.2000 label_smoothing=0.000
D step=3/5 epoch=1/3 loss=0.3185 l2=0.2000 label_smoothing=0.000
D step=3/5 epoch=2/3 loss=0.3162 l2=0.2000 label_smoothing=0.000
D step=3/5 epoch=3/3 loss=0.3157 l2=0.2000 label_smoothing=0.000
D step=4/5 epoch=1/3 loss=0.3257 l2=0.2000 label_smoothing=0.000
D step=4/5 epoch=2/3 loss=0.3251 l2=0.2000 label_smoothing=0.000
D step=4/5 epoch=3/3 loss=0.3281 l2=0.2000 label_smoothing=0.000
D step=5/5 epoch=1/3 loss=0.3210 l2=0.2000 label_smoothing=0.000
D step=5/5 epoch=2/3 loss=0.3102 l2=0.2000 label_smoothing=0.000
D step=5/5 epoch=3/3 loss=0.3167 l2=0.2000 label_smoothing=0.000
ADV epoch=160/200 g_loss=0.0105 d_loss=0.3219 reward=0.1877 reward_var=0.0008 unique=0.1400
D step=1/5 epoch=1/3 loss=0.3018 l2=0.2000 label_smoothing=0.000
D step=1/5 epoch=2/3 loss=0.3007 l2=0.2000 label_smoothing=0.000
D step=1/5 epoch=3/3 loss=0.2965 l2=0.2000 label_smoothing=0.000
D step=2/5 epoch=1/3 loss=0.3209 l2=0.2000 label_smoothing=0.000
D step=2/5 epoch=2/3 loss=0.3180 l2=0.2000 label_smoothing=0.000
D step=2/5 epoch=3/3 loss=0.3134 l2=0.2000 label_smoothing=0.000
D step=3/5 epoch=1/3 loss=0.3226 l2=0.2000 label_smoothing=0.000
D step=3/5 epoch=2/3 loss=0.3171 l2=0.2000 label_smoothing=0.000
D step=3/5 epoch=3/3 loss=0.3181 l2=0.2000 label_smoothing=0.000
D step=4/5 epoch=1/3 loss=0.3835 l2=0.2000 label_smoothing=0.000
D step=4/5 epoch=2/3 loss=0.3204 l2=0.2000 label_smoothing=0.000
D step=4/5 epoch=3/3 loss=0.3202 l2=0.2000 label_smoothing=0.000
D step=5/5 epoch=1/3 loss=0.2870 l2=0.2000 label_smoothing=0.000
D step=5/5 epoch=2/3 loss=0.2850 l2=0.2000 label_smoothing=0.000
D step=5/5 epoch=3/3 loss=0.2859 l2=0.2000 label_smoothing=0.000
ADV epoch=161/200 g_loss=0.0140 d_loss=0.3127 reward=0.2198 reward_var=0.0019 unique=0.2000
D step=1/5 epoch=1/3 loss=0.3098 l2=0.2000 label_smoothing=0.000
D step=1/5 epoch=2/3 loss=0.3050 l2=0.2000 label_smoothing=0.000
D step=1/5 epoch=3/3 loss=0.3063 l2=0.2000 label_smoothing=0.000
D step=2/5 epoch=1/3 loss=0.3202 l2=0.2000 label_smoothing=0.000
D step=2/5 epoch=2/3 loss=0.3220 l2=0.2000 label_smoothing=0.000
D step=2/5 epoch=3/3 loss=0.3212 l2=0.2000 label_smoothing=0.000
D step=3/5 epoch=1/3 loss=0.3054 l2=0.2000 label_smoothing=0.000
D step=3/5 epoch=2/3 loss=0.3075 l2=0.2000 label_smoothing=0.000
D step=3/5 epoch=3/3 loss=0.3023 l2=0.2000 label_smoothing=0.000
D step=4/5 epoch=1/3 loss=0.3233 l2=0.2000 label_smoothing=0.000
D step=4/5 epoch=2/3 loss=0.3123 l2=0.2000 label_smoothing=0.000
D step=4/5 epoch=3/3 loss=0.3085 l2=0.2000 label_smoothing=0.000
D step=5/5 epoch=1/3 loss=0.3160 l2=0.2000 label_smoothing=0.000
D step=5/5 epoch=2/3 loss=0.3111 l2=0.2000 label_smoothing=0.000
D step=5/5 epoch=3/3 loss=0.3104 l2=0.2000 label_smoothing=0.000
ADV epoch=162/200 g_loss=0.0136 d_loss=0.3121 reward=0.1855 reward_var=0.0026 unique=0.1400
D step=1/5 epoch=1/3 loss=0.3186 l2=0.2000 label_smoothing=0.000
D step=1/5 epoch=2/3 loss=0.3124 l2=0.2000 label_smoothing=0.000
D step=1/5 epoch=3/3 loss=0.3103 l2=0.2000 label_smoothing=0.000
D step=2/5 epoch=1/3 loss=0.2987 l2=0.2000 label_smoothing=0.000
D step=2/5 epoch=2/3 loss=0.2963 l2=0.2000 label_smoothing=0.000
D step=2/5 epoch=3/3 loss=0.2914 l2=0.2000 label_smoothing=0.000
D step=3/5 epoch=1/3 loss=0.3191 l2=0.2000 label_smoothing=0.000
D step=3/5 epoch=2/3 loss=0.3154 l2=0.2000 label_smoothing=0.000
D step=3/5 epoch=3/3 loss=0.3145 l2=0.2000 label_smoothing=0.000
D step=4/5 epoch=1/3 loss=0.3290 l2=0.2000 label_smoothing=0.000
D step=4/5 epoch=2/3 loss=0.3024 l2=0.2000 label_smoothing=0.000
D step=4/5 epoch=3/3 loss=0.2866 l2=0.2000 label_smoothing=0.000
D step=5/5 epoch=1/3 loss=0.2897 l2=0.2000 label_smoothing=0.000
D step=5/5 epoch=2/3 loss=0.2861 l2=0.2000 label_smoothing=0.000
D step=5/5 epoch=3/3 loss=0.2816 l2=0.2000 label_smoothing=0.000
ADV epoch=163/200 g_loss=0.0107 d_loss=0.3035 reward=0.1964 reward_var=0.0035 unique=0.1400
D step=1/5 epoch=1/3 loss=0.3245 l2=0.2000 label_smoothing=0.000
D step=1/5 epoch=2/3 loss=0.3256 l2=0.2000 label_smoothing=0.000
D step=1/5 epoch=3/3 loss=0.3241 l2=0.2000 label_smoothing=0.000
D step=2/5 epoch=1/3 loss=0.2965 l2=0.2000 label_smoothing=0.000
D step=2/5 epoch=2/3 loss=0.2936 l2=0.2000 label_smoothing=0.000
D step=2/5 epoch=3/3 loss=0.2918 l2=0.2000 label_smoothing=0.000
D step=3/5 epoch=1/3 loss=0.3146 l2=0.2000 label_smoothing=0.000
D step=3/5 epoch=2/3 loss=0.3157 l2=0.2000 label_smoothing=0.000
D step=3/5 epoch=3/3 loss=0.3108 l2=0.2000 label_smoothing=0.000
D step=4/5 epoch=1/3 loss=0.3271 l2=0.2000 label_smoothing=0.000
D step=4/5 epoch=2/3 loss=0.3235 l2=0.2000 label_smoothing=0.000
D step=4/5 epoch=3/3 loss=0.3188 l2=0.2000 label_smoothing=0.000
D step=5/5 epoch=1/3 loss=0.3363 l2=0.2000 label_smoothing=0.000
D step=5/5 epoch=2/3 loss=0.3146 l2=0.2000 label_smoothing=0.000
D step=5/5 epoch=3/3 loss=0.3074 l2=0.2000 label_smoothing=0.000
ADV epoch=164/200 g_loss=0.0106 d_loss=0.3150 reward=0.1698 reward_var=0.0019 unique=0.1000
D step=1/5 epoch=1/3 loss=0.3063 l2=0.2000 label_smoothing=0.000
D step=1/5 epoch=2/3 loss=0.3029 l2=0.2000 label_smoothing=0.000
D step=1/5 epoch=3/3 loss=0.2991 l2=0.2000 label_smoothing=0.000
D step=2/5 epoch=1/3 loss=0.2915 l2=0.2000 label_smoothing=0.000
D step=2/5 epoch=2/3 loss=0.2878 l2=0.2000 label_smoothing=0.000
D step=2/5 epoch=3/3 loss=0.2904 l2=0.2000 label_smoothing=0.000
D step=3/5 epoch=1/3 loss=0.2989 l2=0.2000 label_smoothing=0.000
D step=3/5 epoch=2/3 loss=0.3014 l2=0.2000 label_smoothing=0.000
D step=3/5 epoch=3/3 loss=0.3032 l2=0.2000 label_smoothing=0.000
D step=4/5 epoch=1/3 loss=0.3339 l2=0.2000 label_smoothing=0.000
D step=4/5 epoch=2/3 loss=0.3332 l2=0.2000 label_smoothing=0.000
D step=4/5 epoch=3/3 loss=0.3285 l2=0.2000 label_smoothing=0.000
D step=5/5 epoch=1/3 loss=0.3260 l2=0.2000 label_smoothing=0.000
D step=5/5 epoch=2/3 loss=0.3275 l2=0.2000 label_smoothing=0.000
D step=5/5 epoch=3/3 loss=0.3245 l2=0.2000 label_smoothing=0.000
ADV epoch=165/200 g_loss=0.0167 d_loss=0.3103 reward=0.2335 reward_var=0.0093 unique=0.1800
D step=1/5 epoch=1/3 loss=0.3057 l2=0.2000 label_smoothing=0.000
D step=1/5 epoch=2/3 loss=0.3029 l2=0.2000 label_smoothing=0.000
D step=1/5 epoch=3/3 loss=0.3038 l2=0.2000 label_smoothing=0.000
D step=2/5 epoch=1/3 loss=0.3015 l2=0.2000 label_smoothing=0.000
D step=2/5 epoch=2/3 loss=0.3028 l2=0.2000 label_smoothing=0.000
D step=2/5 epoch=3/3 loss=0.2917 l2=0.2000 label_smoothing=0.000
D step=3/5 epoch=1/3 loss=0.3655 l2=0.2000 label_smoothing=0.000
D step=3/5 epoch=2/3 loss=0.3607 l2=0.2000 label_smoothing=0.000
D step=3/5 epoch=3/3 loss=0.3500 l2=0.2000 label_smoothing=0.000
D step=4/5 epoch=1/3 loss=0.3234 l2=0.2000 label_smoothing=0.000
D step=4/5 epoch=2/3 loss=0.3148 l2=0.2000 label_smoothing=0.000
D step=4/5 epoch=3/3 loss=0.3184 l2=0.2000 label_smoothing=0.000
D step=5/5 epoch=1/3 loss=0.3206 l2=0.2000 label_smoothing=0.000
D step=5/5 epoch=2/3 loss=0.3110 l2=0.2000 label_smoothing=0.000
D step=5/5 epoch=3/3 loss=0.3031 l2=0.2000 label_smoothing=0.000
ADV epoch=166/200 g_loss=0.0129 d_loss=0.3184 reward=0.2205 reward_var=0.0029 unique=0.1400
D step=1/5 epoch=1/3 loss=0.3326 l2=0.2000 label_smoothing=0.000
D step=1/5 epoch=2/3 loss=0.3312 l2=0.2000 label_smoothing=0.000
D step=1/5 epoch=3/3 loss=0.3260 l2=0.2000 label_smoothing=0.000
D step=2/5 epoch=1/3 loss=0.2924 l2=0.2000 label_smoothing=0.000
D step=2/5 epoch=2/3 loss=0.2873 l2=0.2000 label_smoothing=0.000
D step=2/5 epoch=3/3 loss=0.2901 l2=0.2000 label_smoothing=0.000
D step=3/5 epoch=1/3 loss=0.3171 l2=0.2000 label_smoothing=0.000
D step=3/5 epoch=2/3 loss=0.3165 l2=0.2000 label_smoothing=0.000
D step=3/5 epoch=3/3 loss=0.3181 l2=0.2000 label_smoothing=0.000
D step=4/5 epoch=1/3 loss=0.3084 l2=0.2000 label_smoothing=0.000
D step=4/5 epoch=2/3 loss=0.3102 l2=0.2000 label_smoothing=0.000
D step=4/5 epoch=3/3 loss=0.3147 l2=0.2000 label_smoothing=0.000
D step=5/5 epoch=1/3 loss=0.3153 l2=0.2000 label_smoothing=0.000
D step=5/5 epoch=2/3 loss=0.3120 l2=0.2000 label_smoothing=0.000
D step=5/5 epoch=3/3 loss=0.3147 l2=0.2000 label_smoothing=0.000
ADV epoch=167/200 g_loss=0.0113 d_loss=0.3124 reward=0.2171 reward_var=0.0034 unique=0.1600
D step=1/5 epoch=1/3 loss=0.3223 l2=0.2000 label_smoothing=0.000
D step=1/5 epoch=2/3 loss=0.3203 l2=0.2000 label_smoothing=0.000
D step=1/5 epoch=3/3 loss=0.3202 l2=0.2000 label_smoothing=0.000
D step=2/5 epoch=1/3 loss=0.3155 l2=0.2000 label_smoothing=0.000
D step=2/5 epoch=2/3 loss=0.3107 l2=0.2000 label_smoothing=0.000
D step=2/5 epoch=3/3 loss=0.3104 l2=0.2000 label_smoothing=0.000
D step=3/5 epoch=1/3 loss=0.3112 l2=0.2000 label_smoothing=0.000
D step=3/5 epoch=2/3 loss=0.3121 l2=0.2000 label_smoothing=0.000
D step=3/5 epoch=3/3 loss=0.3129 l2=0.2000 label_smoothing=0.000
D step=4/5 epoch=1/3 loss=0.3136 l2=0.2000 label_smoothing=0.000
D step=4/5 epoch=2/3 loss=0.3098 l2=0.2000 label_smoothing=0.000
D step=4/5 epoch=3/3 loss=0.3135 l2=0.2000 label_smoothing=0.000
D step=5/5 epoch=1/3 loss=0.3218 l2=0.2000 label_smoothing=0.000
D step=5/5 epoch=2/3 loss=0.3218 l2=0.2000 label_smoothing=0.000
D step=5/5 epoch=3/3 loss=0.3184 l2=0.2000 label_smoothing=0.000
ADV epoch=168/200 g_loss=0.0127 d_loss=0.3156 reward=0.1931 reward_var=0.0018 unique=0.1600
D step=1/5 epoch=1/3 loss=0.2810 l2=0.2000 label_smoothing=0.000
D step=1/5 epoch=2/3 loss=0.2774 l2=0.2000 label_smoothing=0.000
D step=1/5 epoch=3/3 loss=0.2729 l2=0.2000 label_smoothing=0.000
D step=2/5 epoch=1/3 loss=0.3116 l2=0.2000 label_smoothing=0.000
D step=2/5 epoch=2/3 loss=0.3106 l2=0.2000 label_smoothing=0.000
D step=2/5 epoch=3/3 loss=0.3115 l2=0.2000 label_smoothing=0.000
D step=3/5 epoch=1/3 loss=0.3219 l2=0.2000 label_smoothing=0.000
D step=3/5 epoch=2/3 loss=0.3162 l2=0.2000 label_smoothing=0.000
D step=3/5 epoch=3/3 loss=0.3177 l2=0.2000 label_smoothing=0.000
D step=4/5 epoch=1/3 loss=0.3475 l2=0.2000 label_smoothing=0.000
D step=4/5 epoch=2/3 loss=0.3347 l2=0.2000 label_smoothing=0.000
D step=4/5 epoch=3/3 loss=0.3134 l2=0.2000 label_smoothing=0.000
D step=5/5 epoch=1/3 loss=0.3101 l2=0.2000 label_smoothing=0.000
D step=5/5 epoch=2/3 loss=0.3119 l2=0.2000 label_smoothing=0.000
D step=5/5 epoch=3/3 loss=0.3084 l2=0.2000 label_smoothing=0.000
ADV epoch=169/200 g_loss=0.0222 d_loss=0.3098 reward=0.2309 reward_var=0.0088 unique=0.1800
D step=1/5 epoch=1/3 loss=0.3535 l2=0.2000 label_smoothing=0.000
D step=1/5 epoch=2/3 loss=0.3169 l2=0.2000 label_smoothing=0.000
D step=1/5 epoch=3/3 loss=0.3249 l2=0.2000 label_smoothing=0.000
D step=2/5 epoch=1/3 loss=0.3015 l2=0.2000 label_smoothing=0.000
D step=2/5 epoch=2/3 loss=0.2881 l2=0.2000 label_smoothing=0.000
D step=2/5 epoch=3/3 loss=0.2843 l2=0.2000 label_smoothing=0.000
D step=3/5 epoch=1/3 loss=0.3077 l2=0.2000 label_smoothing=0.000
D step=3/5 epoch=2/3 loss=0.3100 l2=0.2000 label_smoothing=0.000
D step=3/5 epoch=3/3 loss=0.3081 l2=0.2000 label_smoothing=0.000
D step=4/5 epoch=1/3 loss=0.2989 l2=0.2000 label_smoothing=0.000
D step=4/5 epoch=2/3 loss=0.2901 l2=0.2000 label_smoothing=0.000
D step=4/5 epoch=3/3 loss=0.2890 l2=0.2000 label_smoothing=0.000
D step=5/5 epoch=1/3 loss=0.3168 l2=0.2000 label_smoothing=0.000
D step=5/5 epoch=2/3 loss=0.3173 l2=0.2000 label_smoothing=0.000
D step=5/5 epoch=3/3 loss=0.3135 l2=0.2000 label_smoothing=0.000
ADV epoch=170/200 g_loss=0.0119 d_loss=0.3080 reward=0.1963 reward_var=0.0013 unique=0.1600
D step=1/5 epoch=1/3 loss=0.3506 l2=0.2000 label_smoothing=0.000
D step=1/5 epoch=2/3 loss=0.3244 l2=0.2000 label_smoothing=0.000
D step=1/5 epoch=3/3 loss=0.3232 l2=0.2000 label_smoothing=0.000
D step=2/5 epoch=1/3 loss=0.3309 l2=0.2000 label_smoothing=0.000
D step=2/5 epoch=2/3 loss=0.3271 l2=0.2000 label_smoothing=0.000
D step=2/5 epoch=3/3 loss=0.3335 l2=0.2000 label_smoothing=0.000
D step=3/5 epoch=1/3 loss=0.2873 l2=0.2000 label_smoothing=0.000
D step=3/5 epoch=2/3 loss=0.2839 l2=0.2000 label_smoothing=0.000
D step=3/5 epoch=3/3 loss=0.2858 l2=0.2000 label_smoothing=0.000
D step=4/5 epoch=1/3 loss=0.3181 l2=0.2000 label_smoothing=0.000
D step=4/5 epoch=2/3 loss=0.3169 l2=0.2000 label_smoothing=0.000
D step=4/5 epoch=3/3 loss=0.3154 l2=0.2000 label_smoothing=0.000
D step=5/5 epoch=1/3 loss=0.3161 l2=0.2000 label_smoothing=0.000
D step=5/5 epoch=2/3 loss=0.3142 l2=0.2000 label_smoothing=0.000
D step=5/5 epoch=3/3 loss=0.3142 l2=0.2000 label_smoothing=0.000
ADV epoch=171/200 g_loss=0.0157 d_loss=0.3161 reward=0.2098 reward_var=0.0014 unique=0.1600
D step=1/5 epoch=1/3 loss=0.3190 l2=0.2000 label_smoothing=0.000
D step=1/5 epoch=2/3 loss=0.3140 l2=0.2000 label_smoothing=0.000
D step=1/5 epoch=3/3 loss=0.3153 l2=0.2000 label_smoothing=0.000
D step=2/5 epoch=1/3 loss=0.3249 l2=0.2000 label_smoothing=0.000
D step=2/5 epoch=2/3 loss=0.3243 l2=0.2000 label_smoothing=0.000
D step=2/5 epoch=3/3 loss=0.3281 l2=0.2000 label_smoothing=0.000
D step=3/5 epoch=1/3 loss=0.3323 l2=0.2000 label_smoothing=0.000
D step=3/5 epoch=2/3 loss=0.3247 l2=0.2000 label_smoothing=0.000
D step=3/5 epoch=3/3 loss=0.3293 l2=0.2000 label_smoothing=0.000
D step=4/5 epoch=1/3 loss=0.3171 l2=0.2000 label_smoothing=0.000
D step=4/5 epoch=2/3 loss=0.3189 l2=0.2000 label_smoothing=0.000
D step=4/5 epoch=3/3 loss=0.3182 l2=0.2000 label_smoothing=0.000
D step=5/5 epoch=1/3 loss=0.3519 l2=0.2000 label_smoothing=0.000
D step=5/5 epoch=2/3 loss=0.3239 l2=0.2000 label_smoothing=0.000
D step=5/5 epoch=3/3 loss=0.3305 l2=0.2000 label_smoothing=0.000
ADV epoch=172/200 g_loss=0.0131 d_loss=0.3248 reward=0.2143 reward_var=0.0014 unique=0.1600
D step=1/5 epoch=1/3 loss=0.2993 l2=0.2000 label_smoothing=0.000
D step=1/5 epoch=2/3 loss=0.2966 l2=0.2000 label_smoothing=0.000
D step=1/5 epoch=3/3 loss=0.2950 l2=0.2000 label_smoothing=0.000
D step=2/5 epoch=1/3 loss=0.3134 l2=0.2000 label_smoothing=0.000
D step=2/5 epoch=2/3 loss=0.3102 l2=0.2000 label_smoothing=0.000
D step=2/5 epoch=3/3 loss=0.3111 l2=0.2000 label_smoothing=0.000
D step=3/5 epoch=1/3 loss=0.2991 l2=0.2000 label_smoothing=0.000
D step=3/5 epoch=2/3 loss=0.2995 l2=0.2000 label_smoothing=0.000
D step=3/5 epoch=3/3 loss=0.2997 l2=0.2000 label_smoothing=0.000
D step=4/5 epoch=1/3 loss=0.3062 l2=0.2000 label_smoothing=0.000
D step=4/5 epoch=2/3 loss=0.3016 l2=0.2000 label_smoothing=0.000
D step=4/5 epoch=3/3 loss=0.3017 l2=0.2000 label_smoothing=0.000
D step=5/5 epoch=1/3 loss=0.3532 l2=0.2000 label_smoothing=0.000
D step=5/5 epoch=2/3 loss=0.3320 l2=0.2000 label_smoothing=0.000
D step=5/5 epoch=3/3 loss=0.3265 l2=0.2000 label_smoothing=0.000
ADV epoch=173/200 g_loss=0.0132 d_loss=0.3097 reward=0.2054 reward_var=0.0016 unique=0.2000
D step=1/5 epoch=1/3 loss=0.3461 l2=0.2000 label_smoothing=0.000
D step=1/5 epoch=2/3 loss=0.3373 l2=0.2000 label_smoothing=0.000
D step=1/5 epoch=3/3 loss=0.3420 l2=0.2000 label_smoothing=0.000
D step=2/5 epoch=1/3 loss=0.3284 l2=0.2000 label_smoothing=0.000
D step=2/5 epoch=2/3 loss=0.3143 l2=0.2000 label_smoothing=0.000
D step=2/5 epoch=3/3 loss=0.3070 l2=0.2000 label_smoothing=0.000
D step=3/5 epoch=1/3 loss=0.3259 l2=0.2000 label_smoothing=0.000
D step=3/5 epoch=2/3 loss=0.3250 l2=0.2000 label_smoothing=0.000
D step=3/5 epoch=3/3 loss=0.3254 l2=0.2000 label_smoothing=0.000
D step=4/5 epoch=1/3 loss=0.3000 l2=0.2000 label_smoothing=0.000
D step=4/5 epoch=2/3 loss=0.3012 l2=0.2000 label_smoothing=0.000
D step=4/5 epoch=3/3 loss=0.2976 l2=0.2000 label_smoothing=0.000
D step=5/5 epoch=1/3 loss=0.3133 l2=0.2000 label_smoothing=0.000
D step=5/5 epoch=2/3 loss=0.3153 l2=0.2000 label_smoothing=0.000
D step=5/5 epoch=3/3 loss=0.3129 l2=0.2000 label_smoothing=0.000
ADV epoch=174/200 g_loss=0.0128 d_loss=0.3194 reward=0.2213 reward_var=0.0023 unique=0.1200
D step=1/5 epoch=1/3 loss=0.3478 l2=0.2000 label_smoothing=0.000
D step=1/5 epoch=2/3 loss=0.3201 l2=0.2000 label_smoothing=0.000
D step=1/5 epoch=3/3 loss=0.3123 l2=0.2000 label_smoothing=0.000
D step=2/5 epoch=1/3 loss=0.3186 l2=0.2000 label_smoothing=0.000
D step=2/5 epoch=2/3 loss=0.3158 l2=0.2000 label_smoothing=0.000
D step=2/5 epoch=3/3 loss=0.3144 l2=0.2000 label_smoothing=0.000
D step=3/5 epoch=1/3 loss=0.3218 l2=0.2000 label_smoothing=0.000
D step=3/5 epoch=2/3 loss=0.3212 l2=0.2000 label_smoothing=0.000
D step=3/5 epoch=3/3 loss=0.3190 l2=0.2000 label_smoothing=0.000
D step=4/5 epoch=1/3 loss=0.3238 l2=0.2000 label_smoothing=0.000
D step=4/5 epoch=2/3 loss=0.3150 l2=0.2000 label_smoothing=0.000
D step=4/5 epoch=3/3 loss=0.3200 l2=0.2000 label_smoothing=0.000
D step=5/5 epoch=1/3 loss=0.2947 l2=0.2000 label_smoothing=0.000
D step=5/5 epoch=2/3 loss=0.2930 l2=0.2000 label_smoothing=0.000
D step=5/5 epoch=3/3 loss=0.2934 l2=0.2000 label_smoothing=0.000
ADV epoch=175/200 g_loss=0.0114 d_loss=0.3154 reward=0.2016 reward_var=0.0010 unique=0.2000
D step=1/5 epoch=1/3 loss=0.3158 l2=0.2000 label_smoothing=0.000
D step=1/5 epoch=2/3 loss=0.3114 l2=0.2000 label_smoothing=0.000
D step=1/5 epoch=3/3 loss=0.3123 l2=0.2000 label_smoothing=0.000
D step=2/5 epoch=1/3 loss=0.3134 l2=0.2000 label_smoothing=0.000
D step=2/5 epoch=2/3 loss=0.3139 l2=0.2000 label_smoothing=0.000
D step=2/5 epoch=3/3 loss=0.3152 l2=0.2000 label_smoothing=0.000
D step=3/5 epoch=1/3 loss=0.3240 l2=0.2000 label_smoothing=0.000
D step=3/5 epoch=2/3 loss=0.3115 l2=0.2000 label_smoothing=0.000
D step=3/5 epoch=3/3 loss=0.3087 l2=0.2000 label_smoothing=0.000
D step=4/5 epoch=1/3 loss=0.3314 l2=0.2000 label_smoothing=0.000
D step=4/5 epoch=2/3 loss=0.3255 l2=0.2000 label_smoothing=0.000
D step=4/5 epoch=3/3 loss=0.3262 l2=0.2000 label_smoothing=0.000
D step=5/5 epoch=1/3 loss=0.2940 l2=0.2000 label_smoothing=0.000
D step=5/5 epoch=2/3 loss=0.2964 l2=0.2000 label_smoothing=0.000
D step=5/5 epoch=3/3 loss=0.2934 l2=0.2000 label_smoothing=0.000
ADV epoch=176/200 g_loss=0.0156 d_loss=0.3129 reward=0.1936 reward_var=0.0009 unique=0.1800
D step=1/5 epoch=1/3 loss=0.3148 l2=0.2000 label_smoothing=0.000
D step=1/5 epoch=2/3 loss=0.3144 l2=0.2000 label_smoothing=0.000
D step=1/5 epoch=3/3 loss=0.3164 l2=0.2000 label_smoothing=0.000
D step=2/5 epoch=1/3 loss=0.3110 l2=0.2000 label_smoothing=0.000
D step=2/5 epoch=2/3 loss=0.3103 l2=0.2000 label_smoothing=0.000
D step=2/5 epoch=3/3 loss=0.3116 l2=0.2000 label_smoothing=0.000
D step=3/5 epoch=1/3 loss=0.3276 l2=0.2000 label_smoothing=0.000
D step=3/5 epoch=2/3 loss=0.3259 l2=0.2000 label_smoothing=0.000
D step=3/5 epoch=3/3 loss=0.3230 l2=0.2000 label_smoothing=0.000
D step=4/5 epoch=1/3 loss=0.3885 l2=0.2000 label_smoothing=0.000
D step=4/5 epoch=2/3 loss=0.3711 l2=0.2000 label_smoothing=0.000
D step=4/5 epoch=3/3 loss=0.3623 l2=0.2000 label_smoothing=0.000
D step=5/5 epoch=1/3 loss=0.3345 l2=0.2000 label_smoothing=0.000
D step=5/5 epoch=2/3 loss=0.3236 l2=0.2000 label_smoothing=0.000
D step=5/5 epoch=3/3 loss=0.3229 l2=0.2000 label_smoothing=0.000
ADV epoch=177/200 g_loss=0.0112 d_loss=0.3305 reward=0.1850 reward_var=0.0002 unique=0.1200
D step=1/5 epoch=1/3 loss=0.4031 l2=0.2000 label_smoothing=0.000
D step=1/5 epoch=2/3 loss=0.3306 l2=0.2000 label_smoothing=0.000
D step=1/5 epoch=3/3 loss=0.3145 l2=0.2000 label_smoothing=0.000
D step=2/5 epoch=1/3 loss=0.2829 l2=0.2000 label_smoothing=0.000
D step=2/5 epoch=2/3 loss=0.2754 l2=0.2000 label_smoothing=0.000
D step=2/5 epoch=3/3 loss=0.2875 l2=0.2000 label_smoothing=0.000
D step=3/5 epoch=1/3 loss=0.2941 l2=0.2000 label_smoothing=0.000
D step=3/5 epoch=2/3 loss=0.2883 l2=0.2000 label_smoothing=0.000
D step=3/5 epoch=3/3 loss=0.2823 l2=0.2000 label_smoothing=0.000
D step=4/5 epoch=1/3 loss=0.3216 l2=0.2000 label_smoothing=0.000
D step=4/5 epoch=2/3 loss=0.3048 l2=0.2000 label_smoothing=0.000
D step=4/5 epoch=3/3 loss=0.2976 l2=0.2000 label_smoothing=0.000
D step=5/5 epoch=1/3 loss=0.3212 l2=0.2000 label_smoothing=0.000
D step=5/5 epoch=2/3 loss=0.3180 l2=0.2000 label_smoothing=0.000
D step=5/5 epoch=3/3 loss=0.3159 l2=0.2000 label_smoothing=0.000
ADV epoch=178/200 g_loss=0.0107 d_loss=0.3092 reward=0.2037 reward_var=0.0008 unique=0.1600
D step=1/5 epoch=1/3 loss=0.3285 l2=0.2000 label_smoothing=0.000
D step=1/5 epoch=2/3 loss=0.3265 l2=0.2000 label_smoothing=0.000
D step=1/5 epoch=3/3 loss=0.3254 l2=0.2000 label_smoothing=0.000
D step=2/5 epoch=1/3 loss=0.2969 l2=0.2000 label_smoothing=0.000
D step=2/5 epoch=2/3 loss=0.2969 l2=0.2000 label_smoothing=0.000
D step=2/5 epoch=3/3 loss=0.2953 l2=0.2000 label_smoothing=0.000
D step=3/5 epoch=1/3 loss=0.3161 l2=0.2000 label_smoothing=0.000
D step=3/5 epoch=2/3 loss=0.2994 l2=0.2000 label_smoothing=0.000
D step=3/5 epoch=3/3 loss=0.2979 l2=0.2000 label_smoothing=0.000
D step=4/5 epoch=1/3 loss=0.2994 l2=0.2000 label_smoothing=0.000
D step=4/5 epoch=2/3 loss=0.2987 l2=0.2000 label_smoothing=0.000
D step=4/5 epoch=3/3 loss=0.2994 l2=0.2000 label_smoothing=0.000
D step=5/5 epoch=1/3 loss=0.2871 l2=0.2000 label_smoothing=0.000
D step=5/5 epoch=2/3 loss=0.2853 l2=0.2000 label_smoothing=0.000
D step=5/5 epoch=3/3 loss=0.2823 l2=0.2000 label_smoothing=0.000
ADV epoch=179/200 g_loss=0.0121 d_loss=0.3023 reward=0.2185 reward_var=0.0012 unique=0.1200
D step=1/5 epoch=1/3 loss=0.3016 l2=0.2000 label_smoothing=0.000
D step=1/5 epoch=2/3 loss=0.2965 l2=0.2000 label_smoothing=0.000
D step=1/5 epoch=3/3 loss=0.2974 l2=0.2000 label_smoothing=0.000
D step=2/5 epoch=1/3 loss=0.3130 l2=0.2000 label_smoothing=0.000
D step=2/5 epoch=2/3 loss=0.3113 l2=0.2000 label_smoothing=0.000
D step=2/5 epoch=3/3 loss=0.3064 l2=0.2000 label_smoothing=0.000
D step=3/5 epoch=1/3 loss=0.2995 l2=0.2000 label_smoothing=0.000
D step=3/5 epoch=2/3 loss=0.2950 l2=0.2000 label_smoothing=0.000
D step=3/5 epoch=3/3 loss=0.2927 l2=0.2000 label_smoothing=0.000
D step=4/5 epoch=1/3 loss=0.3235 l2=0.2000 label_smoothing=0.000
D step=4/5 epoch=2/3 loss=0.3202 l2=0.2000 label_smoothing=0.000
D step=4/5 epoch=3/3 loss=0.3136 l2=0.2000 label_smoothing=0.000
D step=5/5 epoch=1/3 loss=0.3382 l2=0.2000 label_smoothing=0.000
D step=5/5 epoch=2/3 loss=0.3214 l2=0.2000 label_smoothing=0.000
D step=5/5 epoch=3/3 loss=0.3168 l2=0.2000 label_smoothing=0.000
ADV epoch=180/200 g_loss=0.0090 d_loss=0.3098 reward=0.1887 reward_var=0.0009 unique=0.1600
D step=1/5 epoch=1/3 loss=0.3280 l2=0.2000 label_smoothing=0.000
D step=1/5 epoch=2/3 loss=0.3123 l2=0.2000 label_smoothing=0.000
D step=1/5 epoch=3/3 loss=0.3103 l2=0.2000 label_smoothing=0.000
D step=2/5 epoch=1/3 loss=0.3183 l2=0.2000 label_smoothing=0.000
D step=2/5 epoch=2/3 loss=0.3161 l2=0.2000 label_smoothing=0.000
D step=2/5 epoch=3/3 loss=0.3184 l2=0.2000 label_smoothing=0.000
D step=3/5 epoch=1/3 loss=0.3226 l2=0.2000 label_smoothing=0.000
D step=3/5 epoch=2/3 loss=0.3205 l2=0.2000 label_smoothing=0.000
D step=3/5 epoch=3/3 loss=0.3190 l2=0.2000 label_smoothing=0.000
D step=4/5 epoch=1/3 loss=0.3516 l2=0.2000 label_smoothing=0.000
D step=4/5 epoch=2/3 loss=0.3211 l2=0.2000 label_smoothing=0.000
D step=4/5 epoch=3/3 loss=0.3136 l2=0.2000 label_smoothing=0.000
D step=5/5 epoch=1/3 loss=0.2951 l2=0.2000 label_smoothing=0.000
D step=5/5 epoch=2/3 loss=0.2915 l2=0.2000 label_smoothing=0.000
D step=5/5 epoch=3/3 loss=0.2922 l2=0.2000 label_smoothing=0.000
ADV epoch=181/200 g_loss=0.0102 d_loss=0.3154 reward=0.1846 reward_var=0.0027 unique=0.1200
D step=1/5 epoch=1/3 loss=0.3206 l2=0.2000 label_smoothing=0.000
D step=1/5 epoch=2/3 loss=0.3173 l2=0.2000 label_smoothing=0.000
D step=1/5 epoch=3/3 loss=0.3133 l2=0.2000 label_smoothing=0.000
D step=2/5 epoch=1/3 loss=0.3087 l2=0.2000 label_smoothing=0.000
D step=2/5 epoch=2/3 loss=0.3118 l2=0.2000 label_smoothing=0.000
D step=2/5 epoch=3/3 loss=0.3083 l2=0.2000 label_smoothing=0.000
D step=3/5 epoch=1/3 loss=0.2896 l2=0.2000 label_smoothing=0.000
D step=3/5 epoch=2/3 loss=0.2893 l2=0.2000 label_smoothing=0.000
D step=3/5 epoch=3/3 loss=0.2877 l2=0.2000 label_smoothing=0.000
D step=4/5 epoch=1/3 loss=0.2977 l2=0.2000 label_smoothing=0.000
D step=4/5 epoch=2/3 loss=0.2974 l2=0.2000 label_smoothing=0.000
D step=4/5 epoch=3/3 loss=0.2954 l2=0.2000 label_smoothing=0.000
D step=5/5 epoch=1/3 loss=0.2919 l2=0.2000 label_smoothing=0.000
D step=5/5 epoch=2/3 loss=0.2930 l2=0.2000 label_smoothing=0.000
D step=5/5 epoch=3/3 loss=0.2953 l2=0.2000 label_smoothing=0.000
ADV epoch=182/200 g_loss=0.0103 d_loss=0.3011 reward=0.1978 reward_var=0.0034 unique=0.1000
D step=1/5 epoch=1/3 loss=0.3058 l2=0.2000 label_smoothing=0.000
D step=1/5 epoch=2/3 loss=0.3030 l2=0.2000 label_smoothing=0.000
D step=1/5 epoch=3/3 loss=0.3050 l2=0.2000 label_smoothing=0.000
D step=2/5 epoch=1/3 loss=0.3189 l2=0.2000 label_smoothing=0.000
D step=2/5 epoch=2/3 loss=0.3150 l2=0.2000 label_smoothing=0.000
D step=2/5 epoch=3/3 loss=0.3159 l2=0.2000 label_smoothing=0.000
D step=3/5 epoch=1/3 loss=0.3091 l2=0.2000 label_smoothing=0.000
D step=3/5 epoch=2/3 loss=0.3105 l2=0.2000 label_smoothing=0.000
D step=3/5 epoch=3/3 loss=0.3070 l2=0.2000 label_smoothing=0.000
D step=4/5 epoch=1/3 loss=0.3323 l2=0.2000 label_smoothing=0.000
D step=4/5 epoch=2/3 loss=0.3322 l2=0.2000 label_smoothing=0.000
D step=4/5 epoch=3/3 loss=0.3342 l2=0.2000 label_smoothing=0.000
D step=5/5 epoch=1/3 loss=0.3167 l2=0.2000 label_smoothing=0.000
D step=5/5 epoch=2/3 loss=0.3180 l2=0.2000 label_smoothing=0.000
D step=5/5 epoch=3/3 loss=0.3213 l2=0.2000 label_smoothing=0.000
ADV epoch=183/200 g_loss=0.0126 d_loss=0.3163 reward=0.1923 reward_var=0.0056 unique=0.1600
D step=1/5 epoch=1/3 loss=0.3329 l2=0.2000 label_smoothing=0.000
D step=1/5 epoch=2/3 loss=0.3255 l2=0.2000 label_smoothing=0.000
D step=1/5 epoch=3/3 loss=0.3297 l2=0.2000 label_smoothing=0.000
D step=2/5 epoch=1/3 loss=0.3072 l2=0.2000 label_smoothing=0.000
D step=2/5 epoch=2/3 loss=0.3051 l2=0.2000 label_smoothing=0.000
D step=2/5 epoch=3/3 loss=0.3053 l2=0.2000 label_smoothing=0.000
D step=3/5 epoch=1/3 loss=0.3003 l2=0.2000 label_smoothing=0.000
D step=3/5 epoch=2/3 loss=0.3027 l2=0.2000 label_smoothing=0.000
D step=3/5 epoch=3/3 loss=0.2977 l2=0.2000 label_smoothing=0.000
D step=4/5 epoch=1/3 loss=0.3094 l2=0.2000 label_smoothing=0.000
D step=4/5 epoch=2/3 loss=0.3052 l2=0.2000 label_smoothing=0.000
D step=4/5 epoch=3/3 loss=0.3011 l2=0.2000 label_smoothing=0.000
D step=5/5 epoch=1/3 loss=0.3154 l2=0.2000 label_smoothing=0.000
D step=5/5 epoch=2/3 loss=0.3092 l2=0.2000 label_smoothing=0.000
D step=5/5 epoch=3/3 loss=0.3128 l2=0.2000 label_smoothing=0.000
ADV epoch=184/200 g_loss=0.0131 d_loss=0.3106 reward=0.1996 reward_var=0.0029 unique=0.1600
D step=1/5 epoch=1/3 loss=0.3461 l2=0.2000 label_smoothing=0.000
D step=1/5 epoch=2/3 loss=0.3071 l2=0.2000 label_smoothing=0.000
D step=1/5 epoch=3/3 loss=0.2849 l2=0.2000 label_smoothing=0.000
D step=2/5 epoch=1/3 loss=0.3327 l2=0.2000 label_smoothing=0.000
D step=2/5 epoch=2/3 loss=0.3310 l2=0.2000 label_smoothing=0.000
D step=2/5 epoch=3/3 loss=0.3247 l2=0.2000 label_smoothing=0.000
D step=3/5 epoch=1/3 loss=0.3327 l2=0.2000 label_smoothing=0.000
D step=3/5 epoch=2/3 loss=0.3358 l2=0.2000 label_smoothing=0.000
D step=3/5 epoch=3/3 loss=0.3348 l2=0.2000 label_smoothing=0.000
D step=4/5 epoch=1/3 loss=0.3234 l2=0.2000 label_smoothing=0.000
D step=4/5 epoch=2/3 loss=0.3272 l2=0.2000 label_smoothing=0.000
D step=4/5 epoch=3/3 loss=0.3221 l2=0.2000 label_smoothing=0.000
D step=5/5 epoch=1/3 loss=0.3186 l2=0.2000 label_smoothing=0.000
D step=5/5 epoch=2/3 loss=0.3159 l2=0.2000 label_smoothing=0.000
D step=5/5 epoch=3/3 loss=0.3159 l2=0.2000 label_smoothing=0.000
ADV epoch=185/200 g_loss=0.0088 d_loss=0.3235 reward=0.2029 reward_var=0.0023 unique=0.1000
D step=1/5 epoch=1/3 loss=0.2961 l2=0.2000 label_smoothing=0.000
D step=1/5 epoch=2/3 loss=0.2932 l2=0.2000 label_smoothing=0.000
D step=1/5 epoch=3/3 loss=0.2931 l2=0.2000 label_smoothing=0.000
D step=2/5 epoch=1/3 loss=0.3955 l2=0.2000 label_smoothing=0.000
D step=2/5 epoch=2/3 loss=0.3450 l2=0.2000 label_smoothing=0.000
D step=2/5 epoch=3/3 loss=0.3193 l2=0.2000 label_smoothing=0.000
D step=3/5 epoch=1/3 loss=0.3275 l2=0.2000 label_smoothing=0.000
D step=3/5 epoch=2/3 loss=0.3172 l2=0.2000 label_smoothing=0.000
D step=3/5 epoch=3/3 loss=0.3105 l2=0.2000 label_smoothing=0.000
D step=4/5 epoch=1/3 loss=0.3220 l2=0.2000 label_smoothing=0.000
D step=4/5 epoch=2/3 loss=0.3261 l2=0.2000 label_smoothing=0.000
D step=4/5 epoch=3/3 loss=0.3250 l2=0.2000 label_smoothing=0.000
D step=5/5 epoch=1/3 loss=0.3241 l2=0.2000 label_smoothing=0.000
D step=5/5 epoch=2/3 loss=0.3215 l2=0.2000 label_smoothing=0.000
D step=5/5 epoch=3/3 loss=0.3240 l2=0.2000 label_smoothing=0.000
ADV epoch=186/200 g_loss=0.0118 d_loss=0.3227 reward=0.2021 reward_var=0.0027 unique=0.1600
D step=1/5 epoch=1/3 loss=0.3199 l2=0.2000 label_smoothing=0.000
D step=1/5 epoch=2/3 loss=0.3140 l2=0.2000 label_smoothing=0.000
D step=1/5 epoch=3/3 loss=0.3155 l2=0.2000 label_smoothing=0.000
D step=2/5 epoch=1/3 loss=0.3276 l2=0.2000 label_smoothing=0.000
D step=2/5 epoch=2/3 loss=0.3127 l2=0.2000 label_smoothing=0.000
D step=2/5 epoch=3/3 loss=0.3059 l2=0.2000 label_smoothing=0.000
D step=3/5 epoch=1/3 loss=0.3179 l2=0.2000 label_smoothing=0.000
D step=3/5 epoch=2/3 loss=0.3122 l2=0.2000 label_smoothing=0.000
D step=3/5 epoch=3/3 loss=0.3082 l2=0.2000 label_smoothing=0.000
D step=4/5 epoch=1/3 loss=0.3009 l2=0.2000 label_smoothing=0.000
D step=4/5 epoch=2/3 loss=0.2971 l2=0.2000 label_smoothing=0.000
D step=4/5 epoch=3/3 loss=0.2963 l2=0.2000 label_smoothing=0.000
D step=5/5 epoch=1/3 loss=0.3105 l2=0.2000 label_smoothing=0.000
D step=5/5 epoch=2/3 loss=0.3158 l2=0.2000 label_smoothing=0.000
D step=5/5 epoch=3/3 loss=0.3095 l2=0.2000 label_smoothing=0.000
ADV epoch=187/200 g_loss=0.0103 d_loss=0.3109 reward=0.2133 reward_var=0.0012 unique=0.0800
D step=1/5 epoch=1/3 loss=0.2987 l2=0.2000 label_smoothing=0.000
D step=1/5 epoch=2/3 loss=0.3016 l2=0.2000 label_smoothing=0.000
D step=1/5 epoch=3/3 loss=0.2940 l2=0.2000 label_smoothing=0.000
D step=2/5 epoch=1/3 loss=0.3067 l2=0.2000 label_smoothing=0.000
D step=2/5 epoch=2/3 loss=0.3062 l2=0.2000 label_smoothing=0.000
D step=2/5 epoch=3/3 loss=0.3030 l2=0.2000 label_smoothing=0.000
D step=3/5 epoch=1/3 loss=0.3110 l2=0.2000 label_smoothing=0.000
D step=3/5 epoch=2/3 loss=0.3068 l2=0.2000 label_smoothing=0.000
D step=3/5 epoch=3/3 loss=0.3118 l2=0.2000 label_smoothing=0.000
D step=4/5 epoch=1/3 loss=0.3050 l2=0.2000 label_smoothing=0.000
D step=4/5 epoch=2/3 loss=0.3031 l2=0.2000 label_smoothing=0.000
D step=4/5 epoch=3/3 loss=0.3016 l2=0.2000 label_smoothing=0.000
D step=5/5 epoch=1/3 loss=0.3024 l2=0.2000 label_smoothing=0.000
D step=5/5 epoch=2/3 loss=0.3025 l2=0.2000 label_smoothing=0.000
D step=5/5 epoch=3/3 loss=0.3035 l2=0.2000 label_smoothing=0.000
ADV epoch=188/200 g_loss=0.0157 d_loss=0.3039 reward=0.1858 reward_var=0.0032 unique=0.1200
D step=1/5 epoch=1/3 loss=0.2968 l2=0.2000 label_smoothing=0.000
D step=1/5 epoch=2/3 loss=0.2897 l2=0.2000 label_smoothing=0.000
D step=1/5 epoch=3/3 loss=0.2913 l2=0.2000 label_smoothing=0.000
D step=2/5 epoch=1/3 loss=0.3231 l2=0.2000 label_smoothing=0.000
D step=2/5 epoch=2/3 loss=0.3240 l2=0.2000 label_smoothing=0.000
D step=2/5 epoch=3/3 loss=0.3243 l2=0.2000 label_smoothing=0.000
D step=3/5 epoch=1/3 loss=0.3057 l2=0.2000 label_smoothing=0.000
D step=3/5 epoch=2/3 loss=0.3032 l2=0.2000 label_smoothing=0.000
D step=3/5 epoch=3/3 loss=0.3051 l2=0.2000 label_smoothing=0.000
D step=4/5 epoch=1/3 loss=0.3528 l2=0.2000 label_smoothing=0.000
D step=4/5 epoch=2/3 loss=0.3263 l2=0.2000 label_smoothing=0.000
D step=4/5 epoch=3/3 loss=0.3189 l2=0.2000 label_smoothing=0.000
D step=5/5 epoch=1/3 loss=0.3141 l2=0.2000 label_smoothing=0.000
D step=5/5 epoch=2/3 loss=0.3165 l2=0.2000 label_smoothing=0.000
D step=5/5 epoch=3/3 loss=0.3157 l2=0.2000 label_smoothing=0.000
ADV epoch=189/200 g_loss=0.0162 d_loss=0.3138 reward=0.1897 reward_var=0.0016 unique=0.1400
D step=1/5 epoch=1/3 loss=0.3021 l2=0.2000 label_smoothing=0.000
D step=1/5 epoch=2/3 loss=0.3002 l2=0.2000 label_smoothing=0.000
D step=1/5 epoch=3/3 loss=0.2998 l2=0.2000 label_smoothing=0.000
D step=2/5 epoch=1/3 loss=0.3011 l2=0.2000 label_smoothing=0.000
D step=2/5 epoch=2/3 loss=0.3021 l2=0.2000 label_smoothing=0.000
D step=2/5 epoch=3/3 loss=0.2992 l2=0.2000 label_smoothing=0.000
D step=3/5 epoch=1/3 loss=0.3096 l2=0.2000 label_smoothing=0.000
D step=3/5 epoch=2/3 loss=0.3128 l2=0.2000 label_smoothing=0.000
D step=3/5 epoch=3/3 loss=0.3103 l2=0.2000 label_smoothing=0.000
D step=4/5 epoch=1/3 loss=0.2987 l2=0.2000 label_smoothing=0.000
D step=4/5 epoch=2/3 loss=0.2992 l2=0.2000 label_smoothing=0.000
D step=4/5 epoch=3/3 loss=0.3002 l2=0.2000 label_smoothing=0.000
D step=5/5 epoch=1/3 loss=0.3212 l2=0.2000 label_smoothing=0.000
D step=5/5 epoch=2/3 loss=0.3215 l2=0.2000 label_smoothing=0.000
D step=5/5 epoch=3/3 loss=0.3182 l2=0.2000 label_smoothing=0.000
ADV epoch=190/200 g_loss=0.0123 d_loss=0.3064 reward=0.2109 reward_var=0.0090 unique=0.1000
D step=1/5 epoch=1/3 loss=0.3205 l2=0.2000 label_smoothing=0.000
D step=1/5 epoch=2/3 loss=0.3141 l2=0.2000 label_smoothing=0.000
D step=1/5 epoch=3/3 loss=0.3154 l2=0.2000 label_smoothing=0.000
D step=2/5 epoch=1/3 loss=0.3064 l2=0.2000 label_smoothing=0.000
D step=2/5 epoch=2/3 loss=0.3043 l2=0.2000 label_smoothing=0.000
D step=2/5 epoch=3/3 loss=0.3060 l2=0.2000 label_smoothing=0.000
D step=3/5 epoch=1/3 loss=0.2998 l2=0.2000 label_smoothing=0.000
D step=3/5 epoch=2/3 loss=0.2998 l2=0.2000 label_smoothing=0.000
D step=3/5 epoch=3/3 loss=0.2959 l2=0.2000 label_smoothing=0.000
D step=4/5 epoch=1/3 loss=0.2893 l2=0.2000 label_smoothing=0.000
D step=4/5 epoch=2/3 loss=0.2944 l2=0.2000 label_smoothing=0.000
D step=4/5 epoch=3/3 loss=0.2933 l2=0.2000 label_smoothing=0.000
D step=5/5 epoch=1/3 loss=0.2976 l2=0.2000 label_smoothing=0.000
D step=5/5 epoch=2/3 loss=0.2937 l2=0.2000 label_smoothing=0.000
D step=5/5 epoch=3/3 loss=0.2908 l2=0.2000 label_smoothing=0.000
ADV epoch=191/200 g_loss=0.0143 d_loss=0.3014 reward=0.2161 reward_var=0.0100 unique=0.1400
D step=1/5 epoch=1/3 loss=0.3842 l2=0.2000 label_smoothing=0.000
D step=1/5 epoch=2/3 loss=0.3498 l2=0.2000 label_smoothing=0.000
D step=1/5 epoch=3/3 loss=0.3242 l2=0.2000 label_smoothing=0.000
D step=2/5 epoch=1/3 loss=0.2953 l2=0.2000 label_smoothing=0.000
D step=2/5 epoch=2/3 loss=0.2930 l2=0.2000 label_smoothing=0.000
D step=2/5 epoch=3/3 loss=0.2905 l2=0.2000 label_smoothing=0.000
D step=3/5 epoch=1/3 loss=0.3101 l2=0.2000 label_smoothing=0.000
D step=3/5 epoch=2/3 loss=0.3094 l2=0.2000 label_smoothing=0.000
D step=3/5 epoch=3/3 loss=0.3083 l2=0.2000 label_smoothing=0.000
D step=4/5 epoch=1/3 loss=0.4021 l2=0.2000 label_smoothing=0.000
D step=4/5 epoch=2/3 loss=0.3850 l2=0.2000 label_smoothing=0.000
D step=4/5 epoch=3/3 loss=0.3422 l2=0.2000 label_smoothing=0.000
D step=5/5 epoch=1/3 loss=0.3095 l2=0.2000 label_smoothing=0.000
D step=5/5 epoch=2/3 loss=0.3087 l2=0.2000 label_smoothing=0.000
D step=5/5 epoch=3/3 loss=0.3003 l2=0.2000 label_smoothing=0.000
ADV epoch=192/200 g_loss=0.0084 d_loss=0.3275 reward=0.2001 reward_var=0.0008 unique=0.1800
D step=1/5 epoch=1/3 loss=0.2942 l2=0.2000 label_smoothing=0.000
D step=1/5 epoch=2/3 loss=0.2920 l2=0.2000 label_smoothing=0.000
D step=1/5 epoch=3/3 loss=0.2890 l2=0.2000 label_smoothing=0.000
D step=2/5 epoch=1/3 loss=0.2987 l2=0.2000 label_smoothing=0.000
D step=2/5 epoch=2/3 loss=0.3047 l2=0.2000 label_smoothing=0.000
D step=2/5 epoch=3/3 loss=0.2977 l2=0.2000 label_smoothing=0.000
D step=3/5 epoch=1/3 loss=0.2902 l2=0.2000 label_smoothing=0.000
D step=3/5 epoch=2/3 loss=0.2963 l2=0.2000 label_smoothing=0.000
D step=3/5 epoch=3/3 loss=0.2895 l2=0.2000 label_smoothing=0.000
D step=4/5 epoch=1/3 loss=0.3053 l2=0.2000 label_smoothing=0.000
D step=4/5 epoch=2/3 loss=0.3094 l2=0.2000 label_smoothing=0.000
D step=4/5 epoch=3/3 loss=0.3029 l2=0.2000 label_smoothing=0.000
D step=5/5 epoch=1/3 loss=0.3013 l2=0.2000 label_smoothing=0.000
D step=5/5 epoch=2/3 loss=0.3049 l2=0.2000 label_smoothing=0.000
D step=5/5 epoch=3/3 loss=0.2971 l2=0.2000 label_smoothing=0.000
ADV epoch=193/200 g_loss=0.0163 d_loss=0.2982 reward=0.2449 reward_var=0.0097 unique=0.1600
D step=1/5 epoch=1/3 loss=0.3257 l2=0.2000 label_smoothing=0.000
D step=1/5 epoch=2/3 loss=0.3188 l2=0.2000 label_smoothing=0.000
D step=1/5 epoch=3/3 loss=0.3174 l2=0.2000 label_smoothing=0.000
D step=2/5 epoch=1/3 loss=0.3448 l2=0.2000 label_smoothing=0.000
D step=2/5 epoch=2/3 loss=0.3189 l2=0.2000 label_smoothing=0.000
D step=2/5 epoch=3/3 loss=0.3149 l2=0.2000 label_smoothing=0.000
D step=3/5 epoch=1/3 loss=0.3303 l2=0.2000 label_smoothing=0.000
D step=3/5 epoch=2/3 loss=0.3306 l2=0.2000 label_smoothing=0.000
D step=3/5 epoch=3/3 loss=0.3269 l2=0.2000 label_smoothing=0.000
D step=4/5 epoch=1/3 loss=0.3182 l2=0.2000 label_smoothing=0.000
D step=4/5 epoch=2/3 loss=0.3042 l2=0.2000 label_smoothing=0.000
D step=4/5 epoch=3/3 loss=0.3044 l2=0.2000 label_smoothing=0.000
D step=5/5 epoch=1/3 loss=0.3176 l2=0.2000 label_smoothing=0.000
D step=5/5 epoch=2/3 loss=0.3106 l2=0.2000 label_smoothing=0.000
D step=5/5 epoch=3/3 loss=0.3111 l2=0.2000 label_smoothing=0.000
ADV epoch=194/200 g_loss=0.0135 d_loss=0.3196 reward=0.1969 reward_var=0.0029 unique=0.1400
D step=1/5 epoch=1/3 loss=0.3122 l2=0.2000 label_smoothing=0.000
D step=1/5 epoch=2/3 loss=0.3111 l2=0.2000 label_smoothing=0.000
D step=1/5 epoch=3/3 loss=0.3074 l2=0.2000 label_smoothing=0.000
D step=2/5 epoch=1/3 loss=0.3125 l2=0.2000 label_smoothing=0.000
D step=2/5 epoch=2/3 loss=0.3093 l2=0.2000 label_smoothing=0.000
D step=2/5 epoch=3/3 loss=0.3154 l2=0.2000 label_smoothing=0.000
D step=3/5 epoch=1/3 loss=0.3321 l2=0.2000 label_smoothing=0.000
D step=3/5 epoch=2/3 loss=0.3176 l2=0.2000 label_smoothing=0.000
D step=3/5 epoch=3/3 loss=0.3713 l2=0.2000 label_smoothing=0.000
D step=4/5 epoch=1/3 loss=0.3125 l2=0.2000 label_smoothing=0.000
D step=4/5 epoch=2/3 loss=0.3134 l2=0.2000 label_smoothing=0.000
D step=4/5 epoch=3/3 loss=0.3035 l2=0.2000 label_smoothing=0.000
D step=5/5 epoch=1/3 loss=0.3952 l2=0.2000 label_smoothing=0.000
D step=5/5 epoch=2/3 loss=0.3526 l2=0.2000 label_smoothing=0.000
D step=5/5 epoch=3/3 loss=0.3412 l2=0.2000 label_smoothing=0.000
ADV epoch=195/200 g_loss=0.0105 d_loss=0.3272 reward=0.1958 reward_var=0.0012 unique=0.1200
D step=1/5 epoch=1/3 loss=0.3351 l2=0.2000 label_smoothing=0.000
D step=1/5 epoch=2/3 loss=0.3189 l2=0.2000 label_smoothing=0.000
D step=1/5 epoch=3/3 loss=0.3261 l2=0.2000 label_smoothing=0.000
D step=2/5 epoch=1/3 loss=0.3003 l2=0.2000 label_smoothing=0.000
D step=2/5 epoch=2/3 loss=0.2998 l2=0.2000 label_smoothing=0.000
D step=2/5 epoch=3/3 loss=0.2955 l2=0.2000 label_smoothing=0.000
D step=3/5 epoch=1/3 loss=0.2982 l2=0.2000 label_smoothing=0.000
D step=3/5 epoch=2/3 loss=0.2953 l2=0.2000 label_smoothing=0.000
D step=3/5 epoch=3/3 loss=0.2961 l2=0.2000 label_smoothing=0.000
D step=4/5 epoch=1/3 loss=0.3246 l2=0.2000 label_smoothing=0.000
D step=4/5 epoch=2/3 loss=0.3234 l2=0.2000 label_smoothing=0.000
D step=4/5 epoch=3/3 loss=0.3220 l2=0.2000 label_smoothing=0.000
D step=5/5 epoch=1/3 loss=0.3024 l2=0.2000 label_smoothing=0.000
D step=5/5 epoch=2/3 loss=0.2968 l2=0.2000 label_smoothing=0.000
D step=5/5 epoch=3/3 loss=0.3014 l2=0.2000 label_smoothing=0.000
ADV epoch=196/200 g_loss=0.0123 d_loss=0.3091 reward=0.1866 reward_var=0.0052 unique=0.1600
D step=1/5 epoch=1/3 loss=0.3765 l2=0.2000 label_smoothing=0.000
D step=1/5 epoch=2/3 loss=0.3324 l2=0.2000 label_smoothing=0.000
D step=1/5 epoch=3/3 loss=0.3179 l2=0.2000 label_smoothing=0.000
D step=2/5 epoch=1/3 loss=0.3319 l2=0.2000 label_smoothing=0.000
D step=2/5 epoch=2/3 loss=0.3263 l2=0.2000 label_smoothing=0.000
D step=2/5 epoch=3/3 loss=0.3151 l2=0.2000 label_smoothing=0.000
D step=3/5 epoch=1/3 loss=0.3085 l2=0.2000 label_smoothing=0.000
D step=3/5 epoch=2/3 loss=0.3106 l2=0.2000 label_smoothing=0.000
D step=3/5 epoch=3/3 loss=0.3079 l2=0.2000 label_smoothing=0.000
D step=4/5 epoch=1/3 loss=0.3186 l2=0.2000 label_smoothing=0.000
D step=4/5 epoch=2/3 loss=0.3139 l2=0.2000 label_smoothing=0.000
D step=4/5 epoch=3/3 loss=0.3163 l2=0.2000 label_smoothing=0.000
D step=5/5 epoch=1/3 loss=0.3566 l2=0.2000 label_smoothing=0.000
D step=5/5 epoch=2/3 loss=0.3469 l2=0.2000 label_smoothing=0.000
D step=5/5 epoch=3/3 loss=0.3449 l2=0.2000 label_smoothing=0.000
ADV epoch=197/200 g_loss=0.0109 d_loss=0.3283 reward=0.2045 reward_var=0.0011 unique=0.1000
D step=1/5 epoch=1/3 loss=0.3241 l2=0.2000 label_smoothing=0.000
D step=1/5 epoch=2/3 loss=0.3225 l2=0.2000 label_smoothing=0.000
D step=1/5 epoch=3/3 loss=0.3174 l2=0.2000 label_smoothing=0.000
D step=2/5 epoch=1/3 loss=0.3360 l2=0.2000 label_smoothing=0.000
D step=2/5 epoch=2/3 loss=0.3270 l2=0.2000 label_smoothing=0.000
D step=2/5 epoch=3/3 loss=0.3069 l2=0.2000 label_smoothing=0.000
D step=3/5 epoch=1/3 loss=0.3449 l2=0.2000 label_smoothing=0.000
D step=3/5 epoch=2/3 loss=0.3226 l2=0.2000 label_smoothing=0.000
D step=3/5 epoch=3/3 loss=0.3209 l2=0.2000 label_smoothing=0.000
D step=4/5 epoch=1/3 loss=0.3039 l2=0.2000 label_smoothing=0.000
D step=4/5 epoch=2/3 loss=0.3013 l2=0.2000 label_smoothing=0.000
D step=4/5 epoch=3/3 loss=0.3034 l2=0.2000 label_smoothing=0.000
D step=5/5 epoch=1/3 loss=0.3043 l2=0.2000 label_smoothing=0.000
D step=5/5 epoch=2/3 loss=0.3037 l2=0.2000 label_smoothing=0.000
D step=5/5 epoch=3/3 loss=0.3021 l2=0.2000 label_smoothing=0.000
ADV epoch=198/200 g_loss=0.0148 d_loss=0.3161 reward=0.1986 reward_var=0.0037 unique=0.1800
D step=1/5 epoch=1/3 loss=0.3059 l2=0.2000 label_smoothing=0.000
D step=1/5 epoch=2/3 loss=0.3044 l2=0.2000 label_smoothing=0.000
D step=1/5 epoch=3/3 loss=0.2999 l2=0.2000 label_smoothing=0.000
D step=2/5 epoch=1/3 loss=0.3158 l2=0.2000 label_smoothing=0.000
D step=2/5 epoch=2/3 loss=0.3180 l2=0.2000 label_smoothing=0.000
D step=2/5 epoch=3/3 loss=0.3151 l2=0.2000 label_smoothing=0.000
D step=3/5 epoch=1/3 loss=0.3314 l2=0.2000 label_smoothing=0.000
D step=3/5 epoch=2/3 loss=0.2955 l2=0.2000 label_smoothing=0.000
D step=3/5 epoch=3/3 loss=0.2936 l2=0.2000 label_smoothing=0.000
D step=4/5 epoch=1/3 loss=0.3281 l2=0.2000 label_smoothing=0.000
D step=4/5 epoch=2/3 loss=0.3367 l2=0.2000 label_smoothing=0.000
D step=4/5 epoch=3/3 loss=0.3395 l2=0.2000 label_smoothing=0.000
D step=5/5 epoch=1/3 loss=0.3088 l2=0.2000 label_smoothing=0.000
D step=5/5 epoch=2/3 loss=0.3161 l2=0.2000 label_smoothing=0.000
D step=5/5 epoch=3/3 loss=0.3140 l2=0.2000 label_smoothing=0.000
ADV epoch=199/200 g_loss=0.0115 d_loss=0.3148 reward=0.1914 reward_var=0.0004 unique=0.1200
D step=1/5 epoch=1/3 loss=0.3103 l2=0.2000 label_smoothing=0.000
D step=1/5 epoch=2/3 loss=0.3089 l2=0.2000 label_smoothing=0.000
D step=1/5 epoch=3/3 loss=0.3108 l2=0.2000 label_smoothing=0.000
D step=2/5 epoch=1/3 loss=0.3614 l2=0.2000 label_smoothing=0.000
D step=2/5 epoch=2/3 loss=0.3276 l2=0.2000 label_smoothing=0.000
D step=2/5 epoch=3/3 loss=0.2968 l2=0.2000 label_smoothing=0.000
D step=3/5 epoch=1/3 loss=0.3264 l2=0.2000 label_smoothing=0.000
D step=3/5 epoch=2/3 loss=0.3279 l2=0.2000 label_smoothing=0.000
D step=3/5 epoch=3/3 loss=0.3232 l2=0.2000 label_smoothing=0.000
D step=4/5 epoch=1/3 loss=0.3081 l2=0.2000 label_smoothing=0.000
D step=4/5 epoch=2/3 loss=0.3035 l2=0.2000 label_smoothing=0.000
D step=4/5 epoch=3/3 loss=0.3016 l2=0.2000 label_smoothing=0.000
D step=5/5 epoch=1/3 loss=0.3965 l2=0.2000 label_smoothing=0.000
D step=5/5 epoch=2/3 loss=0.3684 l2=0.2000 label_smoothing=0.000
D step=5/5 epoch=3/3 loss=0.3538 l2=0.2000 label_smoothing=0.000
ADV epoch=200/200 g_loss=0.0121 d_loss=0.3283 reward=0.2028 reward_var=0.0024 unique=0.1200
saved 2000 raw samples to /content/drive/MyDrive/GAN_for_SQLi - 1/result/final/seqgan_master/union/D/R100/generated_payloads.csv
