label,payload,family,payload_type,method,run_id,sample_index
attack,"1""lo m   (       (    54     (   S 2  |( c_alect     sy (  0calom     D11   )      chr   60x52  5  (      0x71,    axn723        |xdr.guhit    (      (    add.7",error,error,seqgan_improved,seqgan_improved__phase3__error__D__200__V4__raw_character__len160__gpre80__reward_off__seed88,0
attack,"1'    )        )        (     )        syelect  (  ,  )    1     190   se     (       )       64     )      ,   (       elt   (     812     (     4850,0lt7   ( ",error,error,seqgan_improved,seqgan_improved__phase3__error__D__200__V4__raw_character__len160__gpre80__reward_off__seed88,1
attack,"1'   )         )       (      )       (     62      (     |cect    (     )    9   )        (      0x,  (      (    |||ptva71,  =   (         (       (  (   |cat",error,error,seqgan_improved,seqgan_improved__phase3__error__D__200__V4__raw_character__len160__gpre80__reward_off__seed88,2
attack,"1    (      (     selyso   selet  3     1320x717,   (      )    couout   )     ysy_e4   ct     0x5d   47     (    (  )    1     (   008a    (1_89 7)     00x54  ",error,error,seqgan_improved,seqgan_improved__phase3__error__D__200__V4__raw_character__len160__gpre80__reward_off__seed88,3
attack,"1:drowhe  42,5044    (     (  ,0x7067  (     ,   (    99   (      )       se  (   ul_t_  FI4      |ct     )   >   =     )       80x5    sect     s   )    00x717",error,error,seqgan_improved,seqgan_improved__phase3__error__D__200__V4__raw_character__len160__gpre80__reward_off__seed88,4
attack,"Sss(    (     )        (        (     47     1,17,,   (adr   select    _x,  (     ,hu .secat     se  9s )      se|oct, 42   (  =      gr   (    ||ct   )      ( ",error,error,seqgan_improved,seqgan_improved__phase3__error__D__200__V4__raw_character__len160__gpre80__reward_off__seed88,5
attack,"1'   Auaecsx  (    )       0457   x17hre   lo se|ad  om   (  0add4706a407397076717a717,0x717  e,  =   (     (    hre  (     )       100x71   ST>      (        (",error,error,seqgan_improved,seqgan_improved__phase3__error__D__200__V4__raw_character__len160__gpre80__reward_off__seed88,6
attack,"ad (    vs  (      (  71         )     (      (     =    905  ch w   (     =       sselect   cond       62       (     se2_l_or   ct  =    0nd8asele  ,    (    ",error,error,seqgan_improved,seqgan_improved__phase3__error__D__200__V4__raw_character__len160__gpre80__reward_off__seed88,7
attack,"|durow     I  (       (       (     e     (    0xnd    )    )       (     wlt   0n  (      (     sect_hre   )      0x70, at   secat     )  90,1     0x71706cade9",error,error,seqgan_improved,seqgan_improved__phase3__error__D__200__V4__raw_character__len160__gpre80__reward_off__seed88,8
attack,"1ErEB~060x{77,  (0x717   =9      )      0x971,    ax9   =      (       )     0x581|7   (         (   )    ,6  (     so   (  =      ,557,   ) ,felet  ,0x71Cflt  ",error,error,seqgan_improved,seqgan_improved__phase3__error__D__200__V4__raw_character__len160__gpre80__reward_off__seed88,9
attack,7'tcoY70r  (    0l (     604204     (      )      chrat    (      2  9   1  =      (      sy =   anpu_50d.selse   (      (      1    (     )     *       )      ,error,error,seqgan_improved,seqgan_improved__phase3__error__D__200__V4__raw_character__len160__gpre80__reward_off__seed88,10
attack,"vaWmMt   sse||ctar   casy  (  (       (    an60x7)_   (    48237      (       (        ) an     (   )      (      )      12,7,a7076a   (      (   ,x71    x  (  ",error,error,seqgan_improved,seqgan_improved__phase3__error__D__200__V4__raw_character__len160__gpre80__reward_off__seed88,11
attack,"3  gr_x71'  (  ca71     (       (   07,0xxsI1,   ( ,  sechr7   dgr  (    |||ct   (   (  9    (     0ceasle     (      ct     (   (     (     act    (       (   ",error,error,seqgan_improved,seqgan_improved__phase3__error__D__200__V4__raw_character__len160__gpre80__reward_off__seed88,12
attack,"1'   (   68071      (      (      (   selsect9 _x717,  FIM     (   0297068,   (      (      secat,  (      (  |(     v  )     ||at  (      )     0x7dsoy0xy   ( ",error,error,seqgan_improved,seqgan_improved__phase3__error__D__200__V4__raw_character__len160__gpre80__reward_off__seed88,13
attack,"'eta7at      dr )       )  ,  an  S   (      (       )        )      ( 0xx7111     (     45,    (    (     0x51   5,ct    0cost   )     (     0x71,   a76      )",error,error,seqgan_improved,seqgan_improved__phase3__error__D__200__V4__raw_character__len160__gpre80__reward_off__seed88,14
attack,"-x71a7170lnasecta7,a7171    op   set     (       (     sy (     )   '     )    (wFf|le    1209   410897,  (     )        epcat    )    | (    cat  552,     ||t ",error,error,seqgan_improved,seqgan_improved__phase3__error__D__200__V4__raw_character__len160__gpre80__reward_off__seed88,15
attack,"1'7e )  121      1172,    )    |co(       (49         (    )      e1        (   0x7,|   whnct   0l)  ,0x67, ont    (      (       )       (       (      ,)     ",error,error,seqgan_improved,seqgan_improved__phase3__error__D__200__V4__raw_character__len160__gpre80__reward_off__seed88,16
attack,"1'   (   ,sit7   )  0x7,971,    secalsel select    )9   1ad0nct'    )||catoselect   >     )    Eh  (    0x3d      (      )      e4        (  sh_xst   (      120",error,error,seqgan_improved,seqgan_improved__phase3__error__D__200__V4__raw_character__len160__gpre80__reward_off__seed88,17
attack,"1'    (      )LIS'      |(      ||ct     (  (       (    =     0x71  3,    1,1       ( 622    (  |  )    fxre    (  )        (     =      ,chn     se UMET 7  DI",error,error,seqgan_improved,seqgan_improved__phase3__error__D__200__V4__raw_character__len160__gpre80__reward_off__seed88,18
attack,"1r(   )    esy __5amied1,  0x54,    904w5706233 9,    (   2,042     ( 90    )        (      a  )        (      )     3      se   (      drour   0x717066        ",error,error,seqgan_improved,seqgan_improved__phase3__error__D__200__V4__raw_character__len160__gpre80__reward_off__seed88,19
attack,1'  (        (      won(   fro   )     9050x062   (      (     12  0x717067a71d  (     ( E    0c5lher    s_se   se   (      =      )       (       (       (    ,error,error,seqgan_improved,seqgan_improved__phase3__error__D__200__V4__raw_character__len160__gpre80__reward_off__seed88,20
attack,"1747,rocNhear     (      (       (  03   adrr..gleecdhet    )    4      58047,  6270458 coct    (  399       0x7,   (  ,022    )        (        (   ( ||   (   ",error,error,seqgan_improved,seqgan_improved__phase3__error__D__200__V4__raw_character__len160__gpre80__reward_off__seed88,21
attack,"1'    (      se   )T    1amadd67  syselecat    )       (      (       )   37     (   ,08 1  flt_o   (    ccas  D (    065s7471',  0  (      (      FA.IRQsecat *",error,error,seqgan_improved,seqgan_improved__phase3__error__D__200__V4__raw_character__len160__gpre80__reward_off__seed88,22
attack,"1vCT3/      0x    (      se  44 selncoat  90lx70l5c7a75713     )   ( , | )      6,0404u5880x, =   co_to  )_   10x713,0x7slser (       (    (        (     0x5427",error,error,seqgan_improved,seqgan_improved__phase3__error__D__200__V4__raw_character__len160__gpre80__reward_off__seed88,23
attack,"13Uhcaedut    (  1,0x_w45    s.yechr_adu71poue(_n8,0x7,  5433      ,|lnct  Se||||ct    ,d9      ,506    )      )       (    )   ,  *  ||  bse     )      64  lse",error,error,seqgan_improved,seqgan_improved__phase3__error__D__200__V4__raw_character__len160__gpre80__reward_off__seed88,24
attack,"-342   )   ROgy  (  9     (       (      (    92,42   )    sect    x""   ) )         90n64       (      s  (   (      1    )       se|t     (     )        )    4",error,error,seqgan_improved,seqgan_improved__phase3__error__D__200__V4__raw_character__len160__gpre80__reward_off__seed88,25
attack,"1' >     (       (   1    ||cod  e (       (      gr  (   (    13       (     (    *    1, , )        tE,   (0    (   t    (  ,,  =  or   ssecatse   (    (     ",error,error,seqgan_improved,seqgan_improved__phase3__error__D__200__V4__raw_character__len160__gpre80__reward_off__seed88,26
attack,"1'   (        soe     (       =   |   (       (   D_v12  t  (      29      (    0x5,   )   ( ,   0  )     0xr'syecOT  (      (     1    (     se     )      ,  a",error,error,seqgan_improved,seqgan_improved__phase3__error__D__200__V4__raw_character__len160__gpre80__reward_off__seed88,27
attack,"q'oxt9    (      ||,0x5 Ew   (    f1      (   000x713      ,   )    x.M   (   c    )(   0x7171706   (  (     (       )      (      nct      (c   (   se0cadr   |",error,error,seqgan_improved,seqgan_improved__phase3__error__D__200__V4__raw_character__len160__gpre80__reward_off__seed88,28
attack,"  90x71,    (   d9        0x3    )    *        (     )    90  (    , drom   19    (    D7,7  lelht  1   wvpt   (       en   (   ||  (    (        (     ,1,, ( ",error,error,seqgan_improved,seqgan_improved__phase3__error__D__200__V4__raw_character__len160__gpre80__reward_off__seed88,29
attack," (   (      (   ,042    )    ||ct     ( (     0x7123      Fal    )E""         (     (     (   , 0dt    s.)    0x71d3       ( x  )    91       ,d     ( 0x7r7 ent ",error,error,seqgan_improved,seqgan_improved__phase3__error__D__200__V4__raw_character__len160__gpre80__reward_off__seed88,30
attack,"1,71 ,    )  0x7re   (   (      ,)    0x7169     (     se||cat      (  |_U_   s )  0couut   sse   se   )   ct    4l   g84d540,   t  )   )      ct    (      (   ",error,error,seqgan_improved,seqgan_improved__phase3__error__D__200__V4__raw_character__len160__gpre80__reward_off__seed88,31
attack,"1'   (   ||ch   (     (   *  42,   =     (      )        (      sel  (   )      =   d2     )   62      (      *  )LELow_it   (     )  ,  (       (      (   hect",error,error,seqgan_improved,seqgan_improved__phase3__error__D__200__V4__raw_character__len160__gpre80__reward_off__seed88,32
attack,"1""  els(    0x""5n   )      ,193        se    sec   )       )      )        (       )       )        )   0062       (      (       (       (      (       (    0x",error,error,seqgan_improved,seqgan_improved__phase3__error__D__200__V4__raw_character__len160__gpre80__reward_off__seed88,33
attack,"1'   (rEr_   )       )        (   0xn7     FT       _4x76     (      62,0x71719    (    (   >     gt   (     I~     =     =    902, 1  FT 6      S)       Qdd n ",error,error,seqgan_improved,seqgan_improved__phase3__error__D__200__V4__raw_character__len160__gpre80__reward_off__seed88,34
attack,"\,t    tRtd   (     ,8,  (   4         )   s.e  )  92 E@     ( ,0xx6        )    *     1    647,,   (      )       2   =9     >     =      (     9 584     (M   ",error,error,seqgan_improved,seqgan_improved__phase3__error__D__200__V4__raw_character__len160__gpre80__reward_off__seed88,35
attack,"1'  eroues__wlfse     |ct    (   ,0x71 elon     *   (   ,32g    4x7171a70,,  )       oncat    secost    (    9060x767,40  44073    40732  98  13     *     ,ct  ",error,error,seqgan_improved,seqgan_improved__phase3__error__D__200__V4__raw_character__len160__gpre80__reward_off__seed88,36
attack,"""1'    (    ssesdt   (       (     fnat   )     ||chm   )  fr  (  )  1     ( 00x   )  0s    (      0x7nd   (     )  9, ,    (  |cat    (     seet    (     (    ",error,error,seqgan_improved,seqgan_improved__phase3__error__D__200__V4__raw_character__len160__gpre80__reward_off__seed88,37
attack,"ris)          ( chr  )       (       (     )Rhr   (     (      (     a5,  (     0x71,      ,chw7aWp  (    sect  ||ch uan    (  5, 0x4,     (       )   )      Ds",error,error,seqgan_improved,seqgan_improved__phase3__error__D__200__V4__raw_character__len160__gpre80__reward_off__seed88,38
attack,'EfEtvvTiledr   (   0x76       )     )       )    *     adsthroosecou3   |)       )       (    conhr7a7an9      DorM     )    x   60x762    tat7   )       ellt ,error,error,seqgan_improved,seqgan_improved__phase3__error__D__200__V4__raw_character__len160__gpre80__reward_off__seed88,39
attack,""")   ,ct_atalect     ) ,0x767addd7s  whrt   (    0x56    0x07,17,   (       br.gedr    40    1 omlwR.0)      (      (     se    (      (  0x712  )       |ct    ",error,error,seqgan_improved,seqgan_improved__phase3__error__D__200__V4__raw_character__len160__gpre80__reward_off__seed88,40
attack,"1%P0g7at   ,|concot  = |2      (     )      70casect     (      6t     ( whect    , 0x,  )        (    syssenct7    (   (     4      (      )   |ct    =    |3  ",error,error,seqgan_improved,seqgan_improved__phase3__error__D__200__V4__raw_character__len160__gpre80__reward_off__seed88,41
attack,"18ct     )        (     (      (      (ar   (   (    ct    (    95x3,    )     0x71      0x1_a71071,    (    )       '   )  (7 ,ct    4,     )       (     (e   ",error,error,seqgan_improved,seqgan_improved__phase3__error__D__200__V4__raw_character__len160__gpre80__reward_off__seed88,42
attack,"1C7com   e||cat    ,0x71,  )     1088 cot t    sect      (      select    |ct    )      t  )   =     92     (      (      wEC    )     chen   (     (     whssM ",error,error,seqgan_improved,seqgan_improved__phase3__error__D__200__V4__raw_character__len160__gpre80__reward_off__seed88,43
attack,"1't   >   wT )     42   0x722   t  (  0xr_e,cay7(   (      se  (       (  he  )       (     se_at    )       (   ,n4    0x71'or    sect   )       (     cat   |x",error,error,seqgan_improved,seqgan_improved__phase3__error__D__200__V4__raw_character__len160__gpre80__reward_off__seed88,44
attack,"1' 0x71   (      (      (|ctoncoor     (   0x2      (    _49,      (    ||cadowhcoun ,0x7a71    (   290x71,     elsechr     elt   )       drss__hect      *   ( ",error,error,seqgan_improved,seqgan_improved__phase3__error__D__200__V4__raw_character__len160__gpre80__reward_off__seed88,45
attack,"1'   Ljy (       )        )   ,400O717706a7a7,add71,    =      (       (   19       |h  )     (       (       (      it  (     =      (    9   (   1     (      ",error,error,seqgan_improved,seqgan_improved__phase3__error__D__200__V4__raw_character__len160__gpre80__reward_off__seed88,46
attack,"%i6lSAoEE[>       =    (       )         ( EL.M  6  secowst     (       (  9*     cat   (      (    _23      0x71,    ||sect      122   )2  0x340673        (  e",error,error,seqgan_improved,seqgan_improved__phase3__error__D__200__V4__raw_character__len160__gpre80__reward_off__seed88,47
attack,"1-3osecat     (       )        )      (  0x3     (     9 ,cat  1   1    2)        11        (       (      )     x2  atal e     )     49    at     chr  1197 oum",error,error,seqgan_improved,seqgan_improved__phase3__error__D__200__V4__raw_character__len160__gpre80__reward_off__seed88,48
attack,"t_G71,   tvt   ( 0x7 (     90)       (    (   >  (      70  dr  com   _epstenan|caoncaed      ( 0   ( as_enaseu   (      (    an   (       (     (  3'   )    08",error,error,seqgan_improved,seqgan_improved__phase3__error__D__200__V4__raw_character__len160__gpre80__reward_off__seed88,49
attack,"1l't thet   se    (     0xd   ex71fon     (     |||chr   193     ||nt    ,ctoure   (      )  *    ,1     (       )    |   (     (     19547      ( 0selt    (  0",error,error,seqgan_improved,seqgan_improved__phase3__error__D__200__V4__raw_character__len160__gpre80__reward_off__seed88,50
attack,"1,a(    sechr   ( | c|gt     )    =       ) flx(   chn    (     )       9,,19    0s_8x71'  (       (    ,0x8    58(,  ) 92    )      fy   (     (    ,n )  (    ",error,error,seqgan_improved,seqgan_improved__phase3__error__D__200__V4__raw_character__len160__gpre80__reward_off__seed88,51
attack,"1821"" 05cast  =      =  _0x7111       (      (     |cat   (     (      (    ,   )       (  97   (      |||catoxdt   ( ,  917271,    y(     =     4     sed_and  ",error,error,seqgan_improved,seqgan_improved__phase3__error__D__200__V4__raw_character__len160__gpre80__reward_off__seed88,52
attack,"-Fj9,   (       )       t  =    64,   0cadsRnd7a.gelect       (  1     (   ,  ( aecat   s_et    9   (4,    91  p   ct =     82,,  ) glse   (  0x571    ||ct4    ",error,error,seqgan_improved,seqgan_improved__phase3__error__D__200__V4__raw_character__len160__gpre80__reward_off__seed88,53
attack,"1'   (   se     (    (    sSN     ( 9     (      )     hre  (  49       0x50x7l_x717,   6chr  13    )        ||cat    (     (     0x2  )       6x717172    0x717",error,error,seqgan_improved,seqgan_improved__phase3__error__D__200__V4__raw_character__len160__gpre80__reward_off__seed88,54
attack,"1.70471,r  S  whe   whe5,   )   t40  2 (       (      420052    1   (    (    |ct   (       selecat    (      sM    se   =       dn 6   ry (    cndc 0x717777777",error,error,seqgan_improved,seqgan_improved__phase3__error__D__200__V4__raw_character__len160__gpre80__reward_off__seed88,55
attack,"-,17adgad 53    (   |||=     =      chdm    )    12    e|at   (      =      (       (   906704   |ctar anselectoele     =       (    1   secd     =  4ele   (   ",error,error,seqgan_improved,seqgan_improved__phase3__error__D__200__V4__raw_character__len160__gpre80__reward_off__seed88,56
attack,"1""  (      (       (     =      E    )   53     (      &      FD.sysy,   ||cat    FssS    )     |d       s.e   (    ast_wt     )     (   |   (      (   (      g",error,error,seqgan_improved,seqgan_improved__phase3__error__D__200__V4__raw_character__len160__gpre80__reward_off__seed88,57
attack,"1'324427    (     =    ct     (    0nal  ,r    (     >   (     sect     (   ,17a71706a717,7  * (        (  2  g   (    se4  ,  (   497m2     =    0x15    )     ",error,error,seqgan_improved,seqgan_improved__phase3__error__D__200__V4__raw_character__len160__gpre80__reward_off__seed88,58
attack,"2.,   15,,   (     sselt   (   ||echr    (    00x70713       se  4sr  seltot  (     cah797170nasse     ) 1|'  ( 9     |   (   0xSan    (       (  (    2,09    ",error,error,seqgan_improved,seqgan_improved__phase3__error__D__200__V4__raw_character__len160__gpre80__reward_off__seed88,59
attack,"a  ,  =      (  1    93   22ghrst    )     2    (  Agyx_esect    11      )       )   )   ,  1,  6407047   (     3     )       t   (     selt    sen  1,6,0x7170,",error,error,seqgan_improved,seqgan_improved__phase3__error__D__200__V4__raw_character__len160__gpre80__reward_off__seed88,60
attack,"Pit.or|ctosect     (  132     (    ,cozKn   (    )  1, se|chre   )  adds.echr (   se.syst_ect      ( ,  (se   (      ct     syeect    9,   |ct   se   =   9  )  ",error,error,seqgan_improved,seqgan_improved__phase3__error__D__200__V4__raw_character__len160__gpre80__reward_off__seed88,61
attack,"3'n(      (       (  909 or (    |  )     '| exe    1 0x7117     (      selecnt  >||||ct   0ct   , |47     =    1      =   (       )      (       s.ecadse    ( ",error,error,seqgan_improved,seqgan_improved__phase3__error__D__200__V4__raw_character__len160__gpre80__reward_off__seed88,62
attack,-9 WOtb')      10445       1(8    )        (     1   )        (      (       (   0x713       549706   (      )     sesecot est   (_ 0x71p   )  e   (       py ) ,error,error,seqgan_improved,seqgan_improved__phase3__error__D__200__V4__raw_character__len160__gpre80__reward_off__seed88,63
attack,"yJ=    (    =      )        ) fcorr_   (      (     |ct  0s  (       ond       (      (      )     (       =      dn    chr  ||ct    1,7a57,addr_iddr..en     ) ",error,error,seqgan_improved,seqgan_improved__phase3__error__D__200__V4__raw_character__len160__gpre80__reward_off__seed88,64
attack,"1'flow        )        900x71   |(       )     1a7571a71,    sUeet    )  00x0    (       (       (   | ,   |N       2I9,    (      )     t =       (      (     ",error,error,seqgan_improved,seqgan_improved__phase3__error__D__200__V4__raw_character__len160__gpre80__reward_off__seed88,65
attack,"h1secaut    (      (    570d50,17,  t caex7 hR7rd co  FS%_   )       thet   ast   (       (     =       (     ,0x5se   (       )       1,   (      )       (    ",error,error,seqgan_improved,seqgan_improved__phase3__error__D__200__V4__raw_character__len160__gpre80__reward_off__seed88,66
attack,"e,1,   =     9  19,  )  ,a71      (am   =    4,    )          dr  (      sect     =    (       (    se    (   ,  ( 0nadd71'    )   (     fele    secouut  1   se",error,error,seqgan_improved,seqgan_improved__phase3__error__D__200__V4__raw_character__len160__gpre80__reward_off__seed88,67
attack,"1""  (     1   40   (   0s|conct      )    0x717,  whe   )      0cadrerelect   0x7,ad7 ax5      =      (       (      ( 1      ctecan  1a717071758|2,    ),   117",error,error,seqgan_improved,seqgan_improved__phase3__error__D__200__V4__raw_character__len160__gpre80__reward_off__seed88,68
attack,"-, conn    set    (     (       a6add roect      (   |co r  (        )       (9     )      't    (     (      t    (       (    9  gre    )     0x4   =  |||ct  ",error,error,seqgan_improved,seqgan_improved__phase3__error__D__200__V4__raw_character__len160__gpre80__reward_off__seed88,69
attack,"-8casssechr gr  (     0x7571713  ,   SEa   dd842_237,cadr  (      =   9   ( cod   stysect      (     = 3        (      en84     ,    (     371,   (      )      ",error,error,seqgan_improved,seqgan_improved__phase3__error__D__200__V4__raw_character__len160__gpre80__reward_off__seed88,70
attack,"1'   =  =      0x,  729,    6 4x5   (   |ct     (      s   (        (      )         (    2    )    ||conaec chr    exAouoen    sen aseufr    (       (      (  ",error,error,seqgan_improved,seqgan_improved__phase3__error__D__200__V4__raw_character__len160__gpre80__reward_off__seed88,71
attack,"8|p   sy   )        (  )    hen   (      5f,     (      )      (   0x71 r    (       )      FRoex""  )E       ctoO    (      (  ande,0x7777157 a7ROes'e   1,   64",error,error,seqgan_improved,seqgan_improved__phase3__error__D__200__V4__raw_character__len160__gpre80__reward_off__seed88,72
attack,"-cIuectat    (   fralect 9,   (      (      )        (    1   1    (      (       n|  =     lt     =  0d    t a,,12     (c",error,error,seqgan_improved,seqgan_improved__phase3__error__D__200__V4__raw_character__len160__gpre80__reward_off__seed88,73
attack,"1'    (   1       )       (    0x712,   0467    (   ,089d   (     )        )       (      (     =  (      4       (   cxduet   2    |||conn   )       = sesele  ",error,error,seqgan_improved,seqgan_improved__phase3__error__D__200__V4__raw_character__len160__gpre80__reward_off__seed88,74
attack," ecat   )'     (    ||ct9      (      )      (    90045    (     ,2       )       )   )  ,   ws   (    1     )       >   (   9,7407557060x717   (      0x5    w|",error,error,seqgan_improved,seqgan_improved__phase3__error__D__200__V4__raw_character__len160__gpre80__reward_off__seed88,75
attack,"1t  _""5    sy  ||ct    catEvoth e5ca7.iysecon   5|,  (      )     , (  asy6       )    chn   FR[   h'  (   |2   gpxo   (      )      cdd       (      )     8   ",error,error,seqgan_improved,seqgan_improved__phase3__error__D__200__V4__raw_character__len160__gpre80__reward_off__seed88,76
attack,"1_3'  (     622   )x    (     =    1     SE.43,      (   (      (      (      (    cosen chsdm  (  ,  )      sem  117,   (    04rag,   (    0x   148     (      ",error,error,seqgan_improved,seqgan_improved__phase3__error__D__200__V4__raw_character__len160__gpre80__reward_off__seed88,77
attack,"1'  )   52    58   =     dd   )      (     (     (       |   RWon     |  select ,    (      ) Rhr  )  ,  (      sy(   *  )        s (   ,0x7171706a70le    )    ",error,error,seqgan_improved,seqgan_improved__phase3__error__D__200__V4__raw_character__len160__gpre80__reward_off__seed88,78
attack,"rDIM eut    ((     )     )   0x7205   , 9  (      ,   (     at     )_gt    (      |=   ,0lncat   (       drn      (   caselecnoxe|4        )      )   s.M   se  ",error,error,seqgan_improved,seqgan_improved__phase3__error__D__200__V4__raw_character__len160__gpre80__reward_off__seed88,79
attack,"04O )   ,422g1     (  ldr   roect     ecaade1   (      (   4      ,  (      )        (    seC     (   =    ||cat9    0 (      (   (     >  (      FCou  ||chr   ",error,error,seqgan_improved,seqgan_improved__phase3__error__D__200__V4__raw_character__len160__gpre80__reward_off__seed88,80
attack,"-pd5se,   >(       ect    (  F      (   = 9,0, chN        )      Telond    adrelM   11,    0x570cad71,owv   (      1013       1172   =     (     gur  |1     0x7",error,error,seqgan_improved,seqgan_improved__phase3__error__D__200__V4__raw_character__len160__gpre80__reward_off__seed88,81
attack,"1n  =  (    ,0x717 1_'   ( cay   ect   (     |ct   4     07  (  ,0x,    (      )       (      (       ) ashect   04st  (    )        sect_alt    )       (    90",error,error,seqgan_improved,seqgan_improved__phase3__error__D__200__V4__raw_character__len160__gpre80__reward_off__seed88,82
attack,"1'  ,ra   (     )      (    )       (     (     (    0  (     nan   *  )    (       (      en|842    (     )    0  )     ,0r~    (     a(      (      e9st     e",error,error,seqgan_improved,seqgan_improved__phase3__error__D__200__V4__raw_character__len160__gpre80__reward_off__seed88,83
attack,"1d'   (    (   odt  50710r.se   ( 9     (     )      secadueet      606concat    secad   (       (     )      )       =     )  80xddd7,979   (    0x  whrow     ",error,error,seqgan_improved,seqgan_improved__phase3__error__D__200__V4__raw_character__len160__gpre80__reward_off__seed88,84
attack,"1'  (      cathrow      xn   >   (    0 )   39   1    (,    )       (  04,    (       )     (      se""  EC      selelectecotat   )      0x71r   )       )   (   ",error,error,seqgan_improved,seqgan_improved__phase3__error__D__200__V4__raw_character__len160__gpre80__reward_off__seed88,85
attack,"1'  gr  ) )      |ct    sect     (    0xn    )    40,   90,6506    |48hx717170x717   (     (     ,cont     5230062    (       (    |||||anx7047069,  =    40x717",error,error,seqgan_improved,seqgan_improved__phase3__error__D__200__V4__raw_character__len160__gpre80__reward_off__seed88,86
attack,"1'   (       0xd5,   (     hect ,  (     )  (  |(      )        (      et    1,   (      (    0xron  0t   (  )   43        select    (     st   se   (      dre ",error,error,seqgan_improved,seqgan_improved__phase3__error__D__200__V4__raw_character__len160__gpre80__reward_off__seed88,87
attack,"1'   069797,l  0d   1  ||    sely  (       50n  )       )   00xdseD  whe   yse0nt|   |ct   t   se   )      (      F_Cosoecat    tk   )      |||ctonat     (     ",error,error,seqgan_improved,seqgan_improved__phase3__error__D__200__V4__raw_character__len160__gpre80__reward_off__seed88,88
attack,",7,1,    (   )    chect     (     (  )       (   9  5129     (   0xrct     1x71x71,    (      (     nsseaectt     (   ,aslN      )     (0lx. (       (    |cond ",error,error,seqgan_improved,seqgan_improved__phase3__error__D__200__V4__raw_character__len160__gpre80__reward_off__seed88,89
attack,"4,seconan   ))    |    )       485,  ct     )      (      (    9,, 11r    ) ,0623        )  0x5x1    (    )        (    seled          dras.Dw     (      (     ",error,error,seqgan_improved,seqgan_improved__phase3__error__D__200__V4__raw_character__len160__gpre80__reward_off__seed88,90
attack,1Jet    )        )       (     82        (      (   se    (     90886  ) c chr    (      (      (     )      ( (   )     )      (      sect    )       se   )   ,error,error,seqgan_improved,seqgan_improved__phase3__error__D__200__V4__raw_character__len160__gpre80__reward_off__seed88,91
attack,"1'  (     I  =       (      (     (     0x712    (     S   ,ct   se  ,   1, c  )       (      9072,   (     3       (      (      )   ,  (    ||t    )   981    ",error,error,seqgan_improved,seqgan_improved__phase3__error__D__200__V4__raw_character__len160__gpre80__reward_off__seed88,92
attack,"a717,  (      (   0x|5   |ct     (       )     )       (   007,    (       (       )|   (    (       sect  oct     (      (         (      se   =1       (      ",error,error,seqgan_improved,seqgan_improved__phase3__error__D__200__V4__raw_character__len160__gpre80__reward_off__seed88,93
attack,"-1'ued    (      ) vrecand    1013     (       )       0x505,   )       042a,   10,0x700dddroecoA   (     ect     (        (       )      ssel   )       6x3    ",error,error,seqgan_improved,seqgan_improved__phase3__error__D__200__V4__raw_character__len160__gpre80__reward_off__seed88,94
attack,"1oo;rosyse  4      (      )        )       (    |chn    00st  (   |anca  s_ect     (,    )      sed     se   )        )   (     sel7|chr  0ca71      (     9    ",error,error,seqgan_improved,seqgan_improved__phase3__error__D__200__V4__raw_character__len160__gpre80__reward_off__seed88,95
attack,"06|1        97174706a502, 1,  (     2   ) =   se   ( orator    4x17addre    )    (  ,cate  504,     |ct     (     0x71,     0ct    t0x,    (      (   a6a    (  ",error,error,seqgan_improved,seqgan_improved__phase3__error__D__200__V4__raw_character__len160__gpre80__reward_off__seed88,96
attack,"1'   (       ecatt    (   )     ) cat   =  70    (      (     (      (     )  an,823        )       (     ct_heluUect     42   (   )         (      ct  040,   F",error,error,seqgan_improved,seqgan_improved__phase3__error__D__200__V4__raw_character__len160__gpre80__reward_off__seed88,97
attack,"1'   ||ct  ,  )      0x74,      (    ct    (      (  0cat  eld   (     |   (  5045     lse   (   0x5,   (        )        S9     de   (     )      |||x5   =    ",error,error,seqgan_improved,seqgan_improved__phase3__error__D__200__V4__raw_character__len160__gpre80__reward_off__seed88,98
attack,"-lv717170x717a767   fuechradd    (e  xgr se   1   7  )   cat_at    =       IST     ,0x7,   (9      5casD.gle   (    0xe5,   FIas. *  (   (  (    60d58,0  (    ",error,error,seqgan_improved,seqgan_improved__phase3__error__D__200__V4__raw_character__len160__gpre80__reward_off__seed88,99
attack,""")      ) |   )       (   cat   (       (   4       (     0408   =    423713       chrv    FRTsy(   )      85   (      )      ,   0x71a71,    )     0x5    (    ",error,error,seqgan_improved,seqgan_improved__phase3__error__D__200__V4__raw_character__len160__gpre80__reward_off__seed88,100
attack,"%3u'uect    s.y (   3     08nt     )       sy   (    4973       seectat     SRoUNN|     )     0x5     )   042,   exdor     whsonse   6,1   0x3  0x droyDEECECLT ",error,error,seqgan_improved,seqgan_improved__phase3__error__D__200__V4__raw_character__len160__gpre80__reward_off__seed88,101
attack,"1' uher    x'eent    sesect 70x71a717  (   oen    elt  se   exr.   )       seect   (    (        (     F 09407031,    680xd71,    sye  gry=  seluesecat   se    ",error,error,seqgan_improved,seqgan_improved__phase3__error__D__200__V4__raw_character__len160__gpre80__reward_off__seed88,102
attack,"-'w(   |   )      0xxser   |8||du5   452     )        (  0x71,    02     (      (    |2301      (      )901,     (     (      ecatonco6le     sect   asrNse4    ",error,error,seqgan_improved,seqgan_improved__phase3__error__D__200__V4__raw_character__len160__gpre80__reward_off__seed88,103
attack,"bBq546ad   (      (   cathr  (    >    at     (   1a5,0060x7sy_iOINW;1set    =      ct    (0    (       (     se 0x0trfrox_hr   )       (      142 (      )    ",error,error,seqgan_improved,seqgan_improved__phase3__error__D__200__V4__raw_character__len160__gpre80__reward_off__seed88,104
attack,"01go1'   )      ) 4       (   12   _wso   )     >   )        )    (     (   |   (   10x57, ,82    97060a711    >     (    (      (     0x76x504     ( 6   sen097",error,error,seqgan_improved,seqgan_improved__phase3__error__D__200__V4__raw_character__len160__gpre80__reward_off__seed88,105
attack,"re  0x717,70x7  aastCao    )    |2        (   0x5m7|ad wwh1   (   fnt    Forow(      0x    )      0un  se4    chen   (    se   0x71  e   (  on    (   2,1330s7 ",error,error,seqgan_improved,seqgan_improved__phase3__error__D__200__V4__raw_character__len160__gpre80__reward_off__seed88,106
attack,"-1'  )     (       1ou7 ,13        (       (   (      se   )        ue|codm    pxrt   *    )       n|   )    029        (    v0ct    (  cot  (      (  =    (   ",error,error,seqgan_improved,seqgan_improved__phase3__error__D__200__V4__raw_character__len160__gpre80__reward_off__seed88,107
attack,"109e   (        (    (  40    (       (    ,|at   |x  r  u |    )       |||   (    )     1    |( ,| hiy   (     (cxto )   45     )         (    12973'   add232 ",error,error,seqgan_improved,seqgan_improved__phase3__error__D__200__V4__raw_character__len160__gpre80__reward_off__seed88,108
attack,"1'     )     0x7,0823       >  0xr  (       S(    5,   (     )    selt9     (       (    =       ( 4       ) 3        sesy 7nd    cat  02     (   184,   se    o",error,error,seqgan_improved,seqgan_improved__phase3__error__D__200__V4__raw_character__len160__gpre80__reward_off__seed88,109
attack,"1""   )      s.yyssl.sLew  ( 9    (     (   d    ( C  ,0nchrasect     ad,   et      (  0ad  (       (      (     0xndr   gr  sset    echr    ( 2   1    (se   (  ",error,error,seqgan_improved,seqgan_improved__phase3__error__D__200__V4__raw_character__len160__gpre80__reward_off__seed88,110
attack," e5,   ) e   (   |ct    1    (      chd   (     =      (0   (      selt   )        ,0dnl  110,    (     (   ( RI
    ||sser   |ct    ( ,0cad  ||conct ect     ) ",error,error,seqgan_improved,seqgan_improved__phase3__error__D__200__V4__raw_character__len160__gpre80__reward_off__seed88,111
attack,",13  )      1ad  )   =       SEhr     =      )    92    )    82      (      (     Rowt     ctasect     se (        (  0x713      (   0x32     t  (  3        (  ",error,error,seqgan_improved,seqgan_improved__phase3__error__D__200__V4__raw_character__len160__gpre80__reward_off__seed88,112
attack,"x'osuect      50x706  >  (       (    (       (    91_082040   (      (    )    0cat   elx_le|ct    ,  (    (      t _x76ar.gect     11       >   (     ||| *  1",error,error,seqgan_improved,seqgan_improved__phase3__error__D__200__V4__raw_character__len160__gpre80__reward_off__seed88,113
attack,"obn't   (       (    se     )         (      (      so3       ||cana.  (  |chom3     andd    )        =    (      |||cate sM   ) ) 906     ssst  (      (  0 , s",error,error,seqgan_improved,seqgan_improved__phase3__error__D__200__V4__raw_character__len160__gpre80__reward_off__seed88,114
attack,"1't    soect     9  5  w(       (      (  |ct  echr   (       (      (    (  (      s..(    2)  gt    )       ( |,6pa7x706     ||(   0|   )    0x71     2sect   ",error,error,seqgan_improved,seqgan_improved__phase3__error__D__200__V4__raw_character__len160__gpre80__reward_off__seed88,115
attack,"3bedrhecolect      (     )        (      (      (     )  ct9        (   ALRyst   (      )    coltvhrays76FE7   (    ,   )    173    |ch   (   01h wadde.se  (   ",error,error,seqgan_improved,seqgan_improved__phase3__error__D__200__V4__raw_character__len160__gpre80__reward_off__seed88,116
attack,"d'  (      (       )   (       (      (    0x71      (       )   02,48     (    t3        (  syelyddr  (  )       0x5p   (     1847,0x71d7  elsem_a7  (       ) ",error,error,seqgan_improved,seqgan_improved__phase3__error__D__200__V4__raw_character__len160__gpre80__reward_off__seed88,117
attack,"1'  1   (       (    |||ct    (    (    (   cnct    (    ,  )       gm   Aysect     sou(   ,1        sen  oom     cads.(         en| ,  10,cassect97a6        ( ",error,error,seqgan_improved,seqgan_improved__phase3__error__D__200__V4__raw_character__len160__gpre80__reward_off__seed88,118
attack,"1'^     )        (      084    (    chn  11,      (   4       )    0xloun   )       40ncaddn    (      (   selechr   rooyu Aect_o,0x71,     seect   (      (   s",error,error,seqgan_improved,seqgan_improved__phase3__error__D__200__V4__raw_character__len160__gpre80__reward_off__seed88,119
attack,"-(  (  1    (      chr  )      1    )    1   sele   (     0842     (      (       (     )     05c1   081  ,  ct7    (   fxt    ,0cat   1asent   97,6     10,  ( ",error,error,seqgan_improved,seqgan_improved__phase3__error__D__200__V4__raw_character__len160__gpre80__reward_off__seed88,120
attack,"A7rECTE__iV1M )     7    *   (      (    * aluect     =   ,casnct    )       050xsecEue    sse 2   )       )     0x8casect      929    04     (  g  6|4096      ",error,error,seqgan_improved,seqgan_improved__phase3__error__D__200__V4__raw_character__len160__gpre80__reward_off__seed88,121
attack,"
LGx767a706t   (   (       =     1, )     9    F   913  (        )  chr   (   |||ct9     (    ||0n  se   (      (    )      0dbsecs  )     0x22971l70741067,  ( ",error,error,seqgan_improved,seqgan_improved__phase3__error__D__200__V4__raw_character__len160__gpre80__reward_off__seed88,122
attack,"|casendu0   )        *   6ad19      * w   (    cesect     )       (     (    50,,049    )      syg.geu_etihror    (     )      47   ,1    1      (      (    chr",error,error,seqgan_improved,seqgan_improved__phase3__error__D__200__V4__raw_character__len160__gpre80__reward_off__seed88,123
attack,"1ereelen  0 ct_addsaS.WUaesect  |7  ,   (       (        (      (    0x5    (    se    sIMReldu   (w    (   ,0xnd  e|cat   |coxt  (     133         (      (  se",error,error,seqgan_improved,seqgan_improved__phase3__error__D__200__V4__raw_character__len160__gpre80__reward_off__seed88,124
attack,"a1L17171     (       (     (       =      (    1     (      (fle       FLICCT   t    sect  fxwae     E4       1""   )  13       sect      gect    (    0x5, *  97",error,error,seqgan_improved,seqgan_improved__phase3__error__D__200__V4__raw_character__len160__gpre80__reward_off__seed88,125
attack,"1	'  (  Ly )  frslect     ) e  54205804 secht  97a763        =    )  )       >=       (       )    0x5    )        (      se  ,   4sle   |ct     sese   (    (  ",error,error,seqgan_improved,seqgan_improved__phase3__error__D__200__V4__raw_character__len160__gpre80__reward_off__seed88,126
attack,"-dddrele ,    (    04712    ( 02    142v244n    (      ,|   ct   0x    (      (   cht     )  an|  )       (    0xndssen  ,can  (   andy.grecatat   (   se   (   ",error,error,seqgan_improved,seqgan_improved__phase3__error__D__200__V4__raw_character__len160__gpre80__reward_off__seed88,127
attack,"1, *   *    (      )       (  (    0  )    0x70706     (   ||  3u    (    d,   =       (      612    (      (    (   c  (       )       )  ,0vad,  13       *   ",error,error,seqgan_improved,seqgan_improved__phase3__error__D__200__V4__raw_character__len160__gpre80__reward_off__seed88,128
attack,"-  (       ( ,0x5,    (  =        (     (      (     se   sel  (     co(        )       re  (  >   ,  9   (  ||chxtroote   (     )       (        (      (      ",error,error,seqgan_improved,seqgan_improved__phase3__error__D__200__V4__raw_character__len160__gpre80__reward_off__seed88,129
attack,"1'    (     (       (      (     D.IE_edt  *   >     = c   )        ( chrnnct_at    )      ( _23       )    90x776   (     _8, (      (   |||  (       (      ) ",error,error,seqgan_improved,seqgan_improved__phase3__error__D__200__V4__raw_character__len160__gpre80__reward_off__seed88,130
attack,"-9r 7_at570x7171,    (      (      )    ,    (      )  ) oit   (      (    0x89 w (  0450,   (      (      (     1   gr    se_ect    =       (  cat    (   0x71c",error,error,seqgan_improved,seqgan_improved__phase3__error__D__200__V4__raw_character__len160__gpre80__reward_off__seed88,131
attack,"hy  (  vh8,1t      =   h   (       )       ger     )  orancotaecat   ,hr    (      )    )       c",error,error,seqgan_improved,seqgan_improved__phase3__error__D__200__V4__raw_character__len160__gpre80__reward_off__seed88,132
attack,"1'   se2u   )   0d,    (     (    a|ct      =     bsygpue|ct,   (     0x51, 9713     (      (      )    ||ct    wome st    (       (     ||cat  , se   (    68|c",error,error,seqgan_improved,seqgan_improved__phase3__error__D__200__V4__raw_character__len160__gpre80__reward_off__seed88,133
attack,"1lFCRMoncat    (coroct       (  c(      (     ,1       )       (    coxt  ect    (   09,9,     A.gser   0ndd71700 7171,    (       (   (    ,0a71      (       >",error,error,seqgan_improved,seqgan_improved__phase3__error__D__200__V4__raw_character__len160__gpre80__reward_off__seed88,134
attack,"1'or_ourou  (      (      11,  )      >  ,  1    |chn se   SFEYNC9gr   (    9229  cat    )      |t   oet     (        FROITIIMo   =      (      (  =  cat   )   ",error,error,seqgan_improved,seqgan_improved__phase3__error__D__200__V4__raw_character__len160__gpre80__reward_off__seed88,135
attack,"1""  )  on  r  (       )  *       60x5     )        )     0x6       conchr    uect    Fo.y0x717069caoxdd,0x2706    (  ct_62M   (  293      seluelecot_ost   =    ",error,error,seqgan_improved,seqgan_improved__phase3__error__D__200__V4__raw_character__len160__gpre80__reward_off__seed88,136
attack,"'altle   )     t3     ct ,6    (      60x5057,    (     ,0cat   eccth   cDuit     )3    9   )         SE9       t  1ae9    )   90473     (         )       (   ",error,error,seqgan_improved,seqgan_improved__phase3__error__D__200__V4__raw_character__len160__gpre80__reward_off__seed88,137
attack,11|   (   hsxdre    (   (       et     exount      )        (      12    (     xst   (      (       =      (    (     ct   e   (    (      (     1am   (|       ,error,error,seqgan_improved,seqgan_improved__phase3__error__D__200__V4__raw_character__len160__gpre80__reward_off__seed88,138
attack,"-5  ecat    ||catt    (  )   =  ,cas7out    )         dn   (       (    (   93      (   0)      ) *    se  secat    ct_hseyt   (  12  selt   (  1     elt   (   ",error,error,seqgan_improved,seqgan_improved__phase3__error__D__200__V4__raw_character__len160__gpre80__reward_off__seed88,139
attack,'   se'   1m   )        sSowUM   9  )      |||||at     (      (   192   42    =     040x5713     =     )       (     (     )     0 sect     (   )       =(      ,error,error,seqgan_improved,seqgan_improved__phase3__error__D__200__V4__raw_character__len160__gpre80__reward_off__seed88,140
attack,"3~(    215,cand     (     soe   ,d      (       (    0x2  ( or ,   )     s  (       (   2 4       FC    oecat  ||(   (      e  =      )       )        (0   (   ",error,error,seqgan_improved,seqgan_improved__phase3__error__D__200__V4__raw_character__len160__gpre80__reward_off__seed88,141
attack,"d  1,   (     (   at   *    elt    )        (   92    25ssectho   (  as  se  t  =     ,  )      cat    *  froM    91        ss   62     )     0x5    )   cahst0 ",error,error,seqgan_improved,seqgan_improved__phase3__error__D__200__V4__raw_character__len160__gpre80__reward_off__seed88,142
attack,"%i"", 2    (    432h02   selen  0x71,     ect9     12   (      7 (     )        )        *   (      |chr     (     (      (flelt7  (  cat   )      ,  (    0 w )",error,error,seqgan_improved,seqgan_improved__phase3__error__D__200__V4__raw_character__len160__gpre80__reward_off__seed88,143
attack,"B1t,  )     (      68caechr    )w    =     cct    )       (     ,00x7,chr    se|o  (      (       )o    (243         (     (       )       16       18 1    0re ",error,error,seqgan_improved,seqgan_improved__phase3__error__D__200__V4__raw_character__len160__gpre80__reward_off__seed88,144
attack,"1'  )    (       (      90x7   (     t ,sy(    1'   (      a706     )    3v4,       )      |||||d    |dod  (   90x71703    (       Shele   )       u(        =  ",error,error,seqgan_improved,seqgan_improved__phase3__error__D__200__V4__raw_character__len160__gpre80__reward_off__seed88,145
attack,"1'7_5704    ( , 901   1,   (   ) 2    (      ect     (      (       (   (    0722  (  ,912Sglecat     0nuoura(      (       (  (       )   4        (       (  f",error,error,seqgan_improved,seqgan_improved__phase3__error__D__200__V4__raw_character__len160__gpre80__reward_off__seed88,146
attack,"'al.AIEq""vx71717,    )   t   (      yselelas.d[  ) 3       (      (    (rfy (      )  )     ,(        )      ,   (  0c 5  =    (    at   483,040   sect_alect   ",error,error,seqgan_improved,seqgan_improved__phase3__error__D__200__V4__raw_character__len160__gpre80__reward_off__seed88,147
attack,"1'70lt_ )    )       (     (     (      (       12,0r  *  (     70c,aer  xe  ( ansen   (    )   (    41        (      )(   (      AM   )  0x5   584,       e  ( ",error,error,seqgan_improved,seqgan_improved__phase3__error__D__200__V4__raw_character__len160__gpre80__reward_off__seed88,148
attack,"01711      (     (     12     (    ,  )      2    |t.sew    (   2    1   seln  (     )      on  st.t  )   |ct   |ct      (      > an   (    902    (  0x71,ca5  ",error,error,seqgan_improved,seqgan_improved__phase3__error__D__200__V4__raw_character__len160__gpre80__reward_off__seed88,149
attack,"1' ad  or  )   1    Aosect      (   )    coset       (      se||cat    (      sy )    42    SS        ( 60   (      )   2    ||hecot   (      (      ),|  32,   ",error,error,seqgan_improved,seqgan_improved__phase3__error__D__200__V4__raw_character__len160__gpre80__reward_off__seed88,150
attack,"1bB(  )    ||cot   )  >      (      se  (   402362     (       (    0xct,  )      4er fou   (      (       (       107470ddrdd  xsx)        (      nlxut  t   ( ",error,error,seqgan_improved,seqgan_improved__phase3__error__D__200__V4__raw_character__len160__gpre80__reward_off__seed88,151
attack,"2g""_rpe    |(       seelect    Fatcat    12   |40ca  =    d'   (       (       (     selechr    10540849       (       | |||co )E      (       (   , (     )  0x",error,error,seqgan_improved,seqgan_improved__phase3__error__D__200__V4__raw_character__len160__gpre80__reward_off__seed88,152
attack,' (  )  0  )            (       (      (     se.Sel) (    0x425   *    )   (      eoume     sse    (     (       (     )   (      (      (   (     | 4      )   ,error,error,seqgan_improved,seqgan_improved__phase3__error__D__200__V4__raw_character__len160__gpre80__reward_off__seed88,153
attack,"1't      (  4004545,757   )     (       0x5sdu  )      607370,,| _40r  )  1        (      (      (     02     secout     (     0se   froc cadom     )       8nco",error,error,seqgan_improved,seqgan_improved__phase3__error__D__200__V4__raw_character__len160__gpre80__reward_off__seed88,154
attack,"17i71,   (     0x7  )      cost   (      =32     (  |ct      st,  (   =       (  cat   )     tD  eltvatye oxme   t  6   (     ,0x7170a717139     )      )  se   ",error,error,seqgan_improved,seqgan_improved__phase3__error__D__200__V4__raw_character__len160__gpre80__reward_off__seed88,155
attack,"1'   ( xcom     unlE   (  ,   sst .sea_0n,02 *  =    e|cataect  0casect    (      )        )    (  0    (    96    >    (   adref)         =      (  an2    gxt ",error,error,seqgan_improved,seqgan_improved__phase3__error__D__200__V4__raw_character__len160__gpre80__reward_off__seed88,156
attack,",1    (  |   1529         ))      0x713       sUTe      t_leo  (  ,  54062,   (     roy )   c92   )       8cat   F     (      )   22972,   )      ||cotat  (    ",error,error,seqgan_improved,seqgan_improved__phase3__error__D__200__V4__raw_character__len160__gpre80__reward_off__seed88,157
attack,"11,   ( 7'       =      (    _   (   1       )       )  4237,   (   1,  149,      0xdc,chst   )    (     9,1     |at    ,05   600x5c,191     (      )  (   (    ",error,error,seqgan_improved,seqgan_improved__phase3__error__D__200__V4__raw_character__len160__gpre80__reward_off__seed88,158
attack,"dst99    (     1308    DIgd   (       )     182,1,     (   (      4    8,42    (     se   (       500xx7,, 17,071' )     0  )     g   )     =     chr  (     (  ",error,error,seqgan_improved,seqgan_improved__phase3__error__D__200__V4__raw_character__len160__gpre80__reward_off__seed88,159
attack,:o)ser   (     )         (   (    0x71      IUwN9    =        (      (      secotax7  (     )     frot_ax7179   )    |chncat    )   |ct     (  (      113       ,error,error,seqgan_improved,seqgan_improved__phase3__error__D__200__V4__raw_character__len160__gpre80__reward_off__seed88,160
attack,"(  )     (   50xQ12,   (     0xdi776700x74740   sect      (  (  2370x58a7171      =      (       (     ,lt   eld 7an   |ct  504232g1,    (      (   6| (     ,ad",error,error,seqgan_improved,seqgan_improved__phase3__error__D__200__V4__raw_character__len160__gpre80__reward_off__seed88,161
attack,"1'    (      (     ct     (      (    (     0e   )        )       (      |cl ,ct    )9      (   grom    (    (     (  0 n|xp    (     (  900652    ,xlesly   )  ",error,error,seqgan_improved,seqgan_improved__phase3__error__D__200__V4__raw_character__len160__gpre80__reward_off__seed88,162
attack,"`456 7,  ssy55,0x717,   (      )      (      (      (    ||dar    (   >     )    e|  (     1     (     chr   (     (      =   96,2    )   R,    (    )     (    ",error,error,seqgan_improved,seqgan_improved__phase3__error__D__200__V4__raw_character__len160__gpre80__reward_off__seed88,163
attack,",00nd    (   concat    )    ,0x7sx717713    sesesy  ute   )        (   )     1    SEIEC  (     (      )          (     =  0,47  *    at6    0ct     ) )       FC",error,error,seqgan_improved,seqgan_improved__phase3__error__D__200__V4__raw_character__len160__gpre80__reward_off__seed88,164
attack,"1""   )  0lat_971    ) e   (     ct     (  9    e |dcat   at71     (    gut   ( 0482581        90ndsshcas. wM    ,   (      (     (     sechr     (  0x    (     ",error,error,seqgan_improved,seqgan_improved__phase3__error__D__200__V4__raw_character__len160__gpre80__reward_off__seed88,165
attack,"1'cadr   =    (      (      se     )   0 )    0x71,    |||ct fler     (     (     10068t         (       1  selye  18   =     970,0x76     ue oncat   )  3   s  ",error,error,seqgan_improved,seqgan_improved__phase3__error__D__200__V4__raw_character__len160__gpre80__reward_off__seed88,166
attack,"1B,0x7,0xrechr   (   0l0u62    (     ) ,   (   F       (  coct,    (  1370485800x5701,    ,m   secadsse   )       6a7|239713      (    sW..M    (      1,   (   ",error,error,seqgan_improved,seqgan_improved__phase3__error__D__200__V4__raw_character__len160__gpre80__reward_off__seed88,167
attack,"1""v0x71_67   (     ) 40   syselel  (    (   |x|ct     (  00x74,     syse    (    =,      )   0  =    2,0x717  =      (   (    (       =     ( (   0x6         ct",error,error,seqgan_improved,seqgan_improved__phase3__error__D__200__V4__raw_character__len160__gpre80__reward_off__seed88,168
attack,"1,1     )       ( (       (    ||catxon3   =       6   sOSow_    (      (     (       )   04    )        58  (  ese    selt_a 52705,   (      )         )       ",error,error,seqgan_improved,seqgan_improved__phase3__error__D__200__V4__raw_character__len160__gpre80__reward_off__seed88,169
attack,"1""|||lesedor    (  |  (      (     23        )our    )        (coruoecthr  (    secect    (     ca(     (  e   (      ,0x7,   (       (      )  971,     (    12",error,error,seqgan_improved,seqgan_improved__phase3__error__D__200__V4__raw_character__len160__gpre80__reward_off__seed88,170
attack,"1JODelSy (  (      )    ca at    ror    selk wt  )    (     ect     )        )    0x   (     1823   and7170717,   (     ,0onnt     sel   (       (      9(   pro",error,error,seqgan_improved,seqgan_improved__phase3__error__D__200__V4__raw_character__len160__gpre80__reward_off__seed88,171
attack,"""_0x7e8,  )       0xr.euet  0x71706    0x,00x717a7Couect    )       ( 0fraecat     (     0x5, ,0x71,     (      ||chr   (      (      )      s   )   ~   (      ",error,error,seqgan_improved,seqgan_improved__phase3__error__D__200__V4__raw_character__len160__gpre80__reward_off__seed88,172
attack,"1U`whexd  (     (       u_cpor    e|casecat   get       (      >  ,0|ad tit   )    d        9570,    DI*l  (       (   |||||ct   08845   00x71,   9   (       ( ",error,error,seqgan_improved,seqgan_improved__phase3__error__D__200__V4__raw_character__len160__gpre80__reward_off__seed88,173
attack,"1,  )    st   0x71'   thr_at   (   e,c   )  (        (     900737   )   0x711,    (     >  12    (     11""   or  (     (      ( a3    ||||  (  )  l)    chwle   ",error,error,seqgan_improved,seqgan_improved__phase3__error__D__200__V4__raw_character__len160__gpre80__reward_off__seed88,174
attack,"n1' or   (      19    =       (     |trocousue  (     (       112,    )       (       )        91       )   else 2 (    cot  ||cot  )_an ecom  (     >=     ,292",error,error,seqgan_improved,seqgan_improved__phase3__error__D__200__V4__raw_character__len160__gpre80__reward_off__seed88,175
attack,"1""frwRor(      (     )  0x743      4   e  se    (      )        (     ( 022   (     (    gr   (      ) )    an  whect   3     om  S\   (     seltoyx=   )       ",error,error,seqgan_improved,seqgan_improved__phase3__error__D__200__V4__raw_character__len160__gpre80__reward_off__seed88,176
attack,"d'0x47477   )     0xuroOD_vchrr   (    at971071777,   )     adselt_and   pprow   (       (       (  ,,0x275,  *     ch ur   (     (        (   x0cM 9,an    )  s",error,error,seqgan_improved,seqgan_improved__phase3__error__D__200__V4__raw_character__len160__gpre80__reward_off__seed88,177
attack,"1e  )        (       (    se  ||ct_ar   (     (    0xxt7  e,19a70xor   (     (       sesect  ,1      st   (    (    )       (    042     (      )       (     se",error,error,seqgan_improved,seqgan_improved__phase3__error__D__200__V4__raw_character__len160__gpre80__reward_off__seed88,178
attack,"-5273    (    gn   (   LICT   )        (     ,90206     |||  (      se   sesecot  (        (     ct  (    0xd  1ro   )        (     )       sect    81    1,  ( ",error,error,seqgan_improved,seqgan_improved__phase3__error__D__200__V4__raw_character__len160__gpre80__reward_off__seed88,179
attack,"91,    (  flae       (      s.I]   152    ,  (     dlro'w    (      (      (w,fy  (     12    )       chnd       (       (     and     )       (      15232  (  ",error,error,seqgan_improved,seqgan_improved__phase3__error__D__200__V4__raw_character__len160__gpre80__reward_off__seed88,180
attack,"1'hechr   se,  (      0n0x815  )       (     9   (  9   (  (     4        (  0  )ct  (      (      x7,ctast   17,  ,|ct   48    |choecat     (      (      (    ",error,error,seqgan_improved,seqgan_improved__phase3__error__D__200__V4__raw_character__len160__gpre80__reward_off__seed88,181
attack,"_l37,|   )      (      ,xt7ar   (     1070x4   7  (      |cat rowT  t  (   )     chr    )        (      (     (   aded  )     ,0x575,   15,   (       (   (     ",error,error,seqgan_improved,seqgan_improved__phase3__error__D__200__V4__raw_character__len160__gpre80__reward_off__seed88,182
attack,"05  droroot 1a7,  (     10,,  t and_x71',  (     0n|d    dr  (     se   9171077,0a7a _062    selgue   0x5023971,    (     29970sncht   (      =    (  sese  |   ",error,error,seqgan_improved,seqgan_improved__phase3__error__D__200__V4__raw_character__len160__gpre80__reward_off__seed88,183
attack,"1'   (       (     assect     )       4      (      (       =    18, w ncat   )    64    1   (  ( or  prgr  ||hrt  000x5,    ||cantasect   9.    ( e|  0secoxt  ",error,error,seqgan_improved,seqgan_improved__phase3__error__D__200__V4__raw_character__len160__gpre80__reward_off__seed88,184
attack,"1',   D   (       (     )       SEL.M   ,0x71706,     59  50843    9,   (      (      (     syy9  (    sect    I2   (    ||chr   (    fl_Vt   =      (       (  ",error,error,seqgan_improved,seqgan_improved__phase3__error__D__200__V4__raw_character__len160__gpre80__reward_off__seed88,185
attack,",addr11     sI.Te7   (    and   )     0x7,   (     (       )      (      caduddre,23  14      (    0na13    (   3       (  at    ( fr   )coor     (      (      ",error,error,seqgan_improved,seqgan_improved__phase3__error__D__200__V4__raw_character__len160__gpre80__reward_off__seed88,186
attack,"1I   (      (      )     13        sey  )   '     )      (   ,22    (     (      =   )          )  (     se    6   )    029       (      )     1  0  secont     ",error,error,seqgan_improved,seqgan_improved__phase3__error__D__200__V4__raw_character__len160__gpre80__reward_off__seed88,187
attack,"1'   (     chr   when   (      )   9040x71    (    (      =       (     (       )    0t3      ,5,   (     92    (       (     )       12  (   10, ast  FT9      ",error,error,seqgan_improved,seqgan_improved__phase3__error__D__200__V4__raw_character__len160__gpre80__reward_off__seed88,188
attack,"l5971,   ||cotat   hr  (   ||ctou(     e  (   2 cjt     0   )      (       )       )        09,   ) |ct   )       (       (9   9823         (     )       )     ",error,error,seqgan_improved,seqgan_improved__phase3__error__D__200__V4__raw_character__len160__gpre80__reward_off__seed88,189
attack,"1*, (      5,(         10x5cI71   >)     1,,0cad  (   (     )  '      =        the  1106        orc   sse out   (  0x71,   cot as    (      ,  )    chr   )  se|",error,error,seqgan_improved,seqgan_improved__phase3__error__D__200__V4__raw_character__len160__gpre80__reward_off__seed88,190
attack,"H' )    chr   )    F'    ct    gre'  629       ||ct  ,   selechr   )     chrr    (      )   01    0x#  )     0sse     (     drael_kxv71,    11a49le    )     1  ",error,error,seqgan_improved,seqgan_improved__phase3__error__D__200__V4__raw_character__len160__gpre80__reward_off__seed88,191
attack,11     seo   (      (      sedr     (    (   )     se    ( 9   (  (      952       )       or   rAout_at   12      (      )      )      623         =     fluN_h,error,error,seqgan_improved,seqgan_improved__phase3__error__D__200__V4__raw_character__len160__gpre80__reward_off__seed88,192
attack,"A3 '  )       0x712,   (      )   ) 0x5797,   )  0 t   (     )       ( 0lncadr   (7  13        s.gise7   (   ct   2,  s  ) 100  (    >  (      (    *   )      (",error,error,seqgan_improved,seqgan_improved__phase3__error__D__200__V4__raw_character__len160__gpre80__reward_off__seed88,193
attack,"1%771""  *  n|  toouor     (       )     0x7170x71,   (     t1adw  (      (    0t    ) 92     )     (        (    t    )        )       (  (    4,    ,04,      |",error,error,seqgan_improved,seqgan_improved__phase3__error__D__200__V4__raw_character__len160__gpre80__reward_off__seed88,194
attack,"1""  (      (     (        (     selse     (      * 3    1       (     )       =      > (   asn    )       (  ,d     (   se_se    selexse      |  =        (   ) ",error,error,seqgan_improved,seqgan_improved__phase3__error__D__200__V4__raw_character__len160__gpre80__reward_off__seed88,195
attack,"1'    (    0x7170452    (     ,  1,0 e  sWdt     se   (     =,   )       (    (      (      (    se   ~    IIM     sect   (      (     1    )       10xn_17,,  (",error,error,seqgan_improved,seqgan_improved__phase3__error__D__200__V4__raw_character__len160__gpre80__reward_off__seed88,196
attack,""",23      8x71,    sy_6  eut_naouse   (  02     (   sy0z    ( (      )      gecn  (       )  ,    |t  (      (     ,  )       t   (   ,cowauhan  at   17,6      ",error,error,seqgan_improved,seqgan_improved__phase3__error__D__200__V4__raw_character__len160__gpre80__reward_off__seed88,197
attack,"secon  Fa  frkr_e selEhrM 0r   (     sec9    (     se'   )        (      (      (    ,cadd0my,  )     088,con|cat    threlt   (      hroxf't   (     50,fro    (",error,error,seqgan_improved,seqgan_improved__phase3__error__D__200__V4__raw_character__len160__gpre80__reward_off__seed88,198
attack,"1.|ssecaaet      (    x238     (   0  )       )        (   9 at   ,0chrose  cM      (      t (    lFfl   (  0,  se  1  *   13,f0x71,  )   1       (      ,   623",error,error,seqgan_improved,seqgan_improved__phase3__error__D__200__V4__raw_character__len160__gpre80__reward_off__seed88,199
attack,"0sntm   (   3     (  07575,    )      |||cthtL.IIESTLIURgORd30cad(     92     ) )     0case sey  whe|casesyey 6 |chrr    (  |  (      sesee t   )    at     (   ",error,error,seqgan_improved,seqgan_improved__phase3__error__D__200__V4__raw_character__len160__gpre80__reward_off__seed88,200
attack,"-4V_k7,ct   {x71707,717   (ow      (      adr  (    029        sse7(       113       (      96  912    )     )     =      ,  =       (     95712    (   00x3    ",error,error,seqgan_improved,seqgan_improved__phase3__error__D__200__V4__raw_character__len160__gpre80__reward_off__seed88,201
attack,"-> (   ,0x,9      40lbdue   152,    )        t  )     |ect   t  (   93    (   0   (  ,0x71,     D(    )  0x5c,   (     ~    22e9 eloroorap  =     )   1r  |||(  ",error,error,seqgan_improved,seqgan_improved__phase3__error__D__200__V4__raw_character__len160__gpre80__reward_off__seed88,202
attack,"4zr[lsecant      (      F9         gon     (     ( adstyec   (        (     4     (       10nnd    )     18,1      4    972    ,   )       (       sect     se  ",error,error,seqgan_improved,seqgan_improved__phase3__error__D__200__V4__raw_character__len160__gpre80__reward_off__seed88,203
attack,"gruecat    seC  ,   =    113     7a1      *     )       (  (    08 971       ) 2    (    h (      (       5   secat  hln    t3    (      0x172,   )       (   02",error,error,seqgan_improved,seqgan_improved__phase3__error__D__200__V4__raw_character__len160__gpre80__reward_off__seed88,204
attack,"1-,2   2   ct     (    g  =     snlect   (      sen  (     2  10x717,  e  |,   w.7'. (     SL )     se   (       0x713,9     7*  ||   (   0x6r     )L an  )   = ",error,error,seqgan_improved,seqgan_improved__phase3__error__D__200__V4__raw_character__len160__gpre80__reward_off__seed88,205
attack,"-11l577   )       6 aselect    ,ancon5,0x5, 1  orauect      (     sectt   01       ex4,   ,0xr )         (     )       )  an     ( (     se 22   (      .Ry  )  ",error,error,seqgan_improved,seqgan_improved__phase3__error__D__200__V4__raw_character__len160__gpre80__reward_off__seed88,206
attack,"-588lk   (    |||(     syeroe    (    0  (   ||ct     (   (    seln *      )         sM   )      )  *      0xj292   4290,     (=  0x5s   )        (    (    h0x5",error,error,seqgan_improved,seqgan_improved__phase3__error__D__200__V4__raw_character__len160__gpre80__reward_off__seed88,207
attack,"1%'   623   ,3    9 0x70n, 0x571,     (  adr   )     )  3       t   (     and     (      (     970x717, e5,caon    (     0n0888933       s.76'e    (   ,  ,1    ",error,error,seqgan_improved,seqgan_improved__phase3__error__D__200__V4__raw_character__len160__gpre80__reward_off__seed88,208
attack,"jpdr   (6   )    caddr  )       ) 9     ( 9     (      )    2    F    (     =     199,     (   5239   ,  )       (   0xdt    (    15   asedcat   123     sect   ",error,error,seqgan_improved,seqgan_improved__phase3__error__D__200__V4__raw_character__len160__gpre80__reward_off__seed88,209
attack,"1;gNlel_  )      whet    10xeret    (      (    sy  (      (     =    fln   )   692    ( f_1     caddsecthr_ouut   (      >  (      50drex71708a5_1,    g_at   (",error,error,seqgan_improved,seqgan_improved__phase3__error__D__200__V4__raw_character__len160__gpre80__reward_off__seed88,210
attack,"0l1'  (     chr  6006cu7t  1   )         (      (        (     (       18| | 9 ect     18487     sse  c;     (         )      (      0x7,0x7171, u    (    se   ",error,error,seqgan_improved,seqgan_improved__phase3__error__D__200__V4__raw_character__len160__gpre80__reward_off__seed88,211
attack,o-,error,error,seqgan_improved,seqgan_improved__phase3__error__D__200__V4__raw_character__len160__gpre80__reward_off__seed88,212
attack,"1'71    9,    (      (   )   0xud   ssed       )   ,041020c""e  =      (       selt   (        )   chr   Aoe   )   (     ,xOgCITET  (     1297a706asr   (  om   (",error,error,seqgan_improved,seqgan_improved__phase3__error__D__200__V4__raw_character__len160__gpre80__reward_off__seed88,213
attack,"1""fer    (        0,ct    (    )     0x7d7st2   (  37179roect     d3      (      (     SDEechrw9   ,ct     (  1   49        ectvChec""      68  ||0x73   (   ,  t",error,error,seqgan_improved,seqgan_improved__phase3__error__D__200__V4__raw_character__len160__gpre80__reward_off__seed88,214
attack,"-,sle      sel (    =     so)      (   R[  s  (9   429     alnset   0   (  adr  140045    as.y  ( 3      (      (     (       *  (   23     he  (  ad7062    )  ",error,error,seqgan_improved,seqgan_improved__phase3__error__D__200__V4__raw_character__len160__gpre80__reward_off__seed88,215
attack,"1lor   ex7   (      (    ) RO_oTt  ct   >  10a7d 710sochr    (       (   aect    e|ap   =bser    (      ,0xu5s0,0 se    (      fr   whe   (      (     (      se",error,error,seqgan_improved,seqgan_improved__phase3__error__D__200__V4__raw_character__len160__gpre80__reward_off__seed88,216
attack,"1    (   (      (      (   1     (      )   0nas   *  >  se   (     ,0xo  4fcal7   (  4hrel  (     )    ||cat_at   1   (     170,  (      ) c'  =      (      ( ",error,error,seqgan_improved,seqgan_improved__phase3__error__D__200__V4__raw_character__len160__gpre80__reward_off__seed88,217
attack,"1'   9  (      se   10xn4   chr  cmm  )     0x7frwh )     0a5x701,      )  cthit7asn  o_ar (     (       (     ||    Decot  (      )     >  ,0x7177l6       (   ",error,error,seqgan_improved,seqgan_improved__phase3__error__D__200__V4__raw_character__len160__gpre80__reward_off__seed88,218
attack,"1a' se  11      >    (    R.76    )    604    (     1    10 *    (   c8,0x7170e719,    =         (  0x5,   E|cat   )        =        (      *    sseF    (92    ",error,error,seqgan_improved,seqgan_improved__phase3__error__D__200__V4__raw_character__len160__gpre80__reward_off__seed88,219
attack,"-:t7a717a6      (     6x,    flet  0x tassecat 1,  0x71,     =   s    ext  4=   970x50d7,0x717   (   ,0x717,  (       )      ,82      casec   FCETET     (      ",error,error,seqgan_improved,seqgan_improved__phase3__error__D__200__V4__raw_character__len160__gpre80__reward_off__seed88,220
attack,"fzi\d3se   =   ,423       6  (   (    9 6   )    8470,0x71""   w8470x76  1  0x57067a   (  0st     (   9470nca   1,0x71716    (   9   (       secatfle        645 ",error,error,seqgan_improved,seqgan_improved__phase3__error__D__200__V4__raw_character__len160__gpre80__reward_off__seed88,221
attack,"1> ) 90x5    (    45, ctE  9088   (     (   0xlmer    se|cat    (        )   56     1,lt   )     12   ||cat    1   )    0x57,   )      x    )    ,0x7017779,   1",error,error,seqgan_improved,seqgan_improved__phase3__error__D__200__V4__raw_character__len160__gpre80__reward_off__seed88,222
attack,"1''    (      (       ,ctvO7 ecoxr   alt   (      |ct   (0x717,   =    1   120l5   (  1  |423          (      (     (    (      )   ,   )u  32     (     )    9 ",error,error,seqgan_improved,seqgan_improved__phase3__error__D__200__V4__raw_character__len160__gpre80__reward_off__seed88,223
attack,"1'   (      (     axna71       (    , 13       (   1     se    (     =   194d     |n   (    (       (  89   FIEelecowat  (      (      ,con    dr )       (    0",error,error,seqgan_improved,seqgan_improved__phase3__error__D__200__V4__raw_character__len160__gpre80__reward_off__seed88,224
attack,"1kbG7aet     (     ex7,a71      )     48|d   (    _2   )   12  =   ,42    (      )        )      (      (     (      (    (      (     sele ||4   (      ser   h",error,error,seqgan_improved,seqgan_improved__phase3__error__D__200__V4__raw_character__len160__gpre80__reward_off__seed88,225
attack,"	R%oshrtho   10   (    =   0s_a71    (    )    02    |ct     )   c   ) ooup)    )     sy (fra  )      ,0d  ectat    )    '   ( 7     )  13,    (  )|  )  3      ",error,error,seqgan_improved,seqgan_improved__phase3__error__D__200__V4__raw_character__len160__gpre80__reward_off__seed88,226
attack,"1-,0x7  pxr >    (      (       )     (     ,1  ,  =        (      (  _x7062AD0542    (      (     )   0x71,      (    13     |||p  >        )     sseltoo    ( ",error,error,seqgan_improved,seqgan_improved__phase3__error__D__200__V4__raw_character__len160__gpre80__reward_off__seed88,227
attack,13  sQsye9    (        (       )       ~    n x   At 1'  (    gr    (     (     )       ecoaselsean   (       (      elt   sect Ry  )     12      selente    (  ,error,error,seqgan_improved,seqgan_improved__phase3__error__D__200__V4__raw_character__len160__gpre80__reward_off__seed88,228
attack,"1v lecta7it   (      )   add, 6  (       (    ct   grae,  t   ) 0xx771717,     =     (     629       2904r    (      (      )        (      (       (    0n   ( ",error,error,seqgan_improved,seqgan_improved__phase3__error__D__200__V4__raw_character__len160__gpre80__reward_off__seed88,229
attack,"1'f   |luecautout   N_x76   (      1029       (       )      assee    (  |ct   0x71771,    )    )       drw  (    9_47, (   0x7,  (      ssecatad )     00,875a7",error,error,seqgan_improved,seqgan_improved__phase3__error__D__200__V4__raw_character__len160__gpre80__reward_off__seed88,230
attack,"1't    anc9706a77,71717,  DgCT   (        )   )      (  0x71717,  e   s.IIe   (   cat   )R.gedt     )     =     e(    gx   (   se    )  02,    (   ,|    (      ",error,error,seqgan_improved,seqgan_improved__phase3__error__D__200__V4__raw_character__len160__gpre80__reward_off__seed88,231
attack,"10xr760cant     (    048   (   90x71710710767a71067a71712   106    ,|d       (        (       DIT _Rt  = ,   (   1     =      )   0x7,r  ecat    *    174071   1",error,error,seqgan_improved,seqgan_improved__phase3__error__D__200__V4__raw_character__len160__gpre80__reward_off__seed88,232
attack,"1'    (   9  (   |||ct   (     0x5ea71      gr ,    (    s.echr    ( 7    dd uecat    =      98 ayselm    elsechr   )       (     12 con)       982     (     68",error,error,seqgan_improved,seqgan_improved__phase3__error__D__200__V4__raw_character__len160__gpre80__reward_off__seed88,233
attack,"133,   |x|ct     )     (    ae22      (      )   3,22    set      )      )   2   606   123706    gresect   sy  088cadddn , gr_at    (      )      (     , =  *0 ",error,error,seqgan_improved,seqgan_improved__phase3__error__D__200__V4__raw_character__len160__gpre80__reward_off__seed88,234
attack,"1'd  ,0aleecat   ct_al6          (  an   (      (     se   (   adse   )       ( ,0nd     sele =       (     )      44      (   |  Ssel tt    70nd0820,  ) 60x71 ",error,error,seqgan_improved,seqgan_improved__phase3__error__D__200__V4__raw_character__len160__gpre80__reward_off__seed88,235
attack,"1]iyect     (    (      00xddsecoum7at   )     >    (      (      ecut  (      (    |cat   )   an,44,8'   0x71300470G 7    )      0xde57,andssse (   ,13     0nd",error,error,seqgan_improved,seqgan_improved__phase3__error__D__200__V4__raw_character__len160__gpre80__reward_off__seed88,236
attack,"1n,  (      ) m  13   3      =      (      (  0xxs|ct    )      (  )     40   )       (      )       (   5  (    1  ssect    ( se   (     act   12    cotorom  (",error,error,seqgan_improved,seqgan_improved__phase3__error__D__200__V4__raw_character__len160__gpre80__reward_off__seed88,237
attack,"1'    (     (|  0x717,7,  1   119705    )t  watlIgrysyet      (      )          (      1042   (    ,0x570r e   (    9,0x71   (      s e   )       )      (  9'  ",error,error,seqgan_improved,seqgan_improved__phase3__error__D__200__V4__raw_character__len160__gpre80__reward_off__seed88,238
attack,"-13,   4""      943   0x7,oum   (    0x0xdepect    dr't   7(     (       (   d7,0x719,    (       ect   se    (    |||hup   (      (  15,5,   (    (      (      ",error,error,seqgan_improved,seqgan_improved__phase3__error__D__200__V4__raw_character__len160__gpre80__reward_off__seed88,239
attack,"-8  (     >   =  5  (v5   (9     1   (     )   0x8 1v77,   (     42    ,||caddr _   (  cs  )      1234      sex7nt     c_at   )   904,   (        ( oro_U.y (   ",error,error,seqgan_improved,seqgan_improved__phase3__error__D__200__V4__raw_character__len160__gpre80__reward_off__seed88,240
attack,"'!o  selelect     (2  0x9,0x71,    (    900542    )    ch t   )        (   (    ,   DILMse   )      08x71747a717a7,c  D  sely  ) ,  (     ,cat    (  ,5d.,   gnd",error,error,seqgan_improved,seqgan_improved__phase3__error__D__200__V4__raw_character__len160__gpre80__reward_off__seed88,241
attack,"1' gw  )     ,   (  6   |ect     (      105c   (     90x7,  >    conct     (   90xl7060 gr   (  (       secct  Dg_.syecorow    (    |||cat_at    0cad""  FT8     ",error,error,seqgan_improved,seqgan_improved__phase3__error__D__200__V4__raw_character__len160__gpre80__reward_off__seed88,242
attack,"1""   4d       (     cs   (    |ct    )    40063      0x71,     )      43   an540,   (    )        (   (      d9  )   9 3,    0x7750,63        (e||cat_ayt  )    ",error,error,seqgan_improved,seqgan_improved__phase3__error__D__200__V4__raw_character__len160__gpre80__reward_off__seed88,243
attack,"-n,957060x706    (     ( 0xr,  (   sy  )       (     (        ,)  0x717a767   A  alet   0dr  (    0x78  oar 13   (   32   =     0x  F     ||||  )     (      g  ",error,error,seqgan_improved,seqgan_improved__phase3__error__D__200__V4__raw_character__len160__gpre80__reward_off__seed88,244
attack,"a0k1'   40  =     14825885x7ar   )    ,  )   an   ( 34042 ,0xx71 7  (       (    )  0x7  Fect     se   )       sect an   gr  (C   906704    (    c(   s   conte,",error,error,seqgan_improved,seqgan_improved__phase3__error__D__200__V4__raw_character__len160__gpre80__reward_off__seed88,245
attack,"-,8nd      )    0x565,    eltet   |c'  (       (   09'   (   add2  132e    (    ( lsect      )      (      1 ,0n   )   |(      gy  =     (       (     (      sM",error,error,seqgan_improved,seqgan_improved__phase3__error__D__200__V4__raw_character__len160__gpre80__reward_off__seed88,246
attack,"1'   hxt7  )       (   at    (       (     =   ,A (      )|at     )  caywhelect    10sed   4239      00x971707706fxa7170767,9,  _5fer  doxr   selOIINISSDE     (",error,error,seqgan_improved,seqgan_improved__phase3__error__D__200__V4__raw_character__len160__gpre80__reward_off__seed88,247
attack,"1'    )   ||csecat      (      =     g_   sechrouet__xe_ar )   ||ct    (    cate ||ct    ( ec   )       (      )  cOasect     0x719   (     )       e  (   90,,1",error,error,seqgan_improved,seqgan_improved__phase3__error__D__200__V4__raw_character__len160__gpre80__reward_off__seed88,248
attack,"13 FCT     )       ||  or   Atoroe2      0x5n,   1,   (    88ae   sect     (     fm ect  8  wannd71a   72   ||ct 't    (   90  406        u)       (       (    ",error,error,seqgan_improved,seqgan_improved__phase3__error__D__200__V4__raw_character__len160__gpre80__reward_off__seed88,249
attack,"-2,0x71,  (  0x717171     (    ,0nl )       (      6270st  (  chr   542322  )  42   )   69,    elecat   1   se|      (  *       =  )      (    0xn    )ESEET   4",error,error,seqgan_improved,seqgan_improved__phase3__error__D__200__V4__raw_character__len160__gpre80__reward_off__seed88,250
attack,"1     (  ,    (       (     (      (    40   )        selllet     (     thasect9   4       (   0 ,74      ecat  (      (      )Rh   )        )       1  ,   (   ",error,error,seqgan_improved,seqgan_improved__phase3__error__D__200__V4__raw_character__len160__gpre80__reward_off__seed88,251
attack,"550cdeddr7  (      (    ct   508,  )  2,  9'wh|)      (      (       t0x71dddd76      (      (    ,00x7, enat     (     (   0nt     6,0x1,D  )ct      (     )   ",error,error,seqgan_improved,seqgan_improved__phase3__error__D__200__V4__raw_character__len160__gpre80__reward_off__seed88,252
attack,1'   (      )        (    >   chn   *   (      ue4d      at     )       = sellet     ( 92     (        (       (   se71       (   9   )     9   (       elt  (  ,error,error,seqgan_improved,seqgan_improved__phase3__error__D__200__V4__raw_character__len160__gpre80__reward_off__seed88,253
attack,"1L'   (    ,0470622   (      )       (       (    )     | el )wheywEvleselst_xM  (      (     46         0x7a7p7,con|cad    (     =   (2e10   )      0829       ",error,error,seqgan_improved,seqgan_improved__phase3__error__D__200__V4__raw_character__len160__gpre80__reward_off__seed88,254
attack,"1',_aec,can2or   )       (     t  4      (      (       46            (  an9760x57,5   (    0  16      )   19       )     ,p  adst  whe   =    (  90x2,    )    ",error,error,seqgan_improved,seqgan_improved__phase3__error__D__200__V4__raw_character__len160__gpre80__reward_off__seed88,255
attack,"-01'   (    addsecat    )       ,s  1el  (      b.=    se   sexe se u  (     ss   (       (         (     90x717,0x771, e       (       exe =      1,0573,|   ( ",error,error,seqgan_improved,seqgan_improved__phase3__error__D__200__V4__raw_character__len160__gpre80__reward_off__seed88,256
attack,"171f    (       (     ,   )     (      (      )       (   | secasecot   19    (     r(      (        170845  ,0 )   ca ect    orooy selecatfrostE_het     (     ",error,error,seqgan_improved,seqgan_improved__phase3__error__D__200__V4__raw_character__len160__gpre80__reward_off__seed88,257
attack,1,error,error,seqgan_improved,seqgan_improved__phase3__error__D__200__V4__raw_character__len160__gpre80__reward_off__seed88,258
attack,"1'|    (     |chr     )   (       ssect    0237p    )  9   )   0  (     Ts  sesety  =     (   ||touecat  )|||ct9     2 5   (      ,2      1 0x5   see0t     |dt ",error,error,seqgan_improved,seqgan_improved__phase3__error__D__200__V4__raw_character__len160__gpre80__reward_off__seed88,259
attack,"133    DEC       (   heset    40   (     se50x57,  )     @  (      (   00x71,    ,don|    (      (    >    )   0chr   (  1  (    |conct    (      (  (       ( '",error,error,seqgan_improved,seqgan_improved__phase3__error__D__200__V4__raw_character__len160__gpre80__reward_off__seed88,260
attack,"9edt   g   (  (      (      (     ,ct    )(    3      )       40xd  1706a  (     629         sechr    hr._et   (     (    ' (     1970ddd )     01        (     ",error,error,seqgan_improved,seqgan_improved__phase3__error__D__200__V4__raw_character__len160__gpre80__reward_off__seed88,261
attack,"""as. ct    )         )      12740,      )RSd   se,    )     (      (      ,|   (     ,0n   (      )     da70x71747127  (  )        tssM    (       =    x717,   ",error,error,seqgan_improved,seqgan_improved__phase3__error__D__200__V4__raw_character__len160__gpre80__reward_off__seed88,262
attack,C_&Ch,error,error,seqgan_improved,seqgan_improved__phase3__error__D__200__V4__raw_character__len160__gpre80__reward_off__seed88,263
attack,"12U7fo ,  15    )     0x7,,   )       ||cwt    (     sD/ETsoroen      orva7ar   c   sect      17027,   )       (       gr  (   cnt     (      ayedt   0x71     (",error,error,seqgan_improved,seqgan_improved__phase3__error__D__200__V4__raw_character__len160__gpre80__reward_off__seed88,264
attack,"   (    chro   sect      (      (      cdd,fx707,am  7 (      (      )    t    (      1   (    ,81        (      (      90set      DIIBT T )       (      )     ",error,error,seqgan_improved,seqgan_improved__phase3__error__D__200__V4__raw_character__len160__gpre80__reward_off__seed88,265
attack,"-8,cat   (   4       )  ,| en   se  )        (       (   asssecvaext 40   whsiM =      (     ||  (    ase'  selel)        0x71713     (      5822    0xr r  (   ",error,error,seqgan_improved,seqgan_improved__phase3__error__D__200__V4__raw_character__len160__gpre80__reward_off__seed88,266
attack,"1-  60x7 F     a5)       )   (    (    (    |fr  (    se    (   )      7V9      13    0xm  (      163706    (      )       echra (     ,900170d8   (      (     ",error,error,seqgan_improved,seqgan_improved__phase3__error__D__200__V4__raw_character__len160__gpre80__reward_off__seed88,267
attack,|42D(   (    |ct    e   (      chr ||   (        se   (       (     ste_ct      (       (      (    palue    ad718     >   (      |xere    tat   eaxur  (     ( ,error,error,seqgan_improved,seqgan_improved__phase3__error__D__200__V4__raw_character__len160__gpre80__reward_off__seed88,268
attack,"5Uproouw    (   ,   (        )       17, )      0xd    (02,   (    stgs_i6at   | 5s Ev   (      (     (      (  frad|cotom  0x3d       )       1   so_inlsSSonco",error,error,seqgan_improved,seqgan_improved__phase3__error__D__200__V4__raw_character__len160__gpre80__reward_off__seed88,269
attack,"x[selet_Cchn      (      (     add7,,05,,  (  06|   (     0xdfr_a1s   exnt    (   (   )   943     0x7177,  (      (     (      (        )   c   se0x71    (     ",error,error,seqgan_improved,seqgan_improved__phase3__error__D__200__V4__raw_character__len160__gpre80__reward_off__seed88,270
attack,"1'    (      (    0x712   (     (     (  0ca|2     0x71l    )        )       (     =     =   concat   854,    ,67,sed    ) *       F      (       (       se    ",error,error,seqgan_improved,seqgan_improved__phase3__error__D__200__V4__raw_character__len160__gpre80__reward_off__seed88,271
attack,"1EYk+, (    ,0x79y71e    se'  |cat     groe    (    gr_0x77alp >   (  oxt_7ochrelt_huor  ,ct     )    , (   =      (     s   )   d    ,0n )        )     |||cat ",error,error,seqgan_improved,seqgan_improved__phase3__error__D__200__V4__raw_character__len160__gpre80__reward_off__seed88,272
attack,"1'1     et    (6       n||chr   _2  econ8 ) 23       (     asect     ( D    droet      ses_,   )      se    ( ,   (      (     713,   (    =   cte  e  )        ",error,error,seqgan_improved,seqgan_improved__phase3__error__D__200__V4__raw_character__len160__gpre80__reward_off__seed88,273
attack,"04542   (      sy   (       =      n>   (    (     0xs7,  st   ,6|7   1c'm   (   ,06chou   =     (    9    (       (   )   ||an   (      (       )  ,   =    f  ",error,error,seqgan_improved,seqgan_improved__phase3__error__D__200__V4__raw_character__len160__gpre80__reward_off__seed88,274
attack,"1e7ht     0stI_'   )      13   1   6  1,,0x713,    =E2, (     (       (     N4p,  add  =      (     ,2     0x5    (    0xn1        ant7062,      )      ( 0x7067",error,error,seqgan_improved,seqgan_improved__phase3__error__D__200__V4__raw_character__len160__gpre80__reward_off__seed88,275
attack,"1'  )   ,2a   (     )      (       (    |   (      (      1   )    ||||cDDom"" )    (      (    ,)  0x71    (      (      bxe 7 ct9 9     'ut    (   ,ct    11,  ",error,error,seqgan_improved,seqgan_improved__phase3__error__D__200__V4__raw_character__len160__gpre80__reward_off__seed88,276
attack,v06a70x7177170 ecossyexnchro.ect    (       684u  54   ut   >    )     xd   (       (       )     0t    (       (      (      )        (    g esecae ta   seleca,error,error,seqgan_improved,seqgan_improved__phase3__error__D__200__V4__raw_character__len160__gpre80__reward_off__seed88,277
attack,"1|25,n (     |,   (      6 it    )    )       (      sysect     (     and   ~  _9,   se   sectadr   (   asy,127871,    )   9064      (      )  cE    )          ",error,error,seqgan_improved,seqgan_improved__phase3__error__D__200__V4__raw_character__len160__gpre80__reward_off__seed88,278
attack,"1'   )9037  (  989c,0n|cat_adecat    (    (   |   |s xCvhen   (  ox""(    1   (        =     (    (    )  (       se  sel )   ,6c,1     d  hr   (    643         ",error,error,seqgan_improved,seqgan_improved__phase3__error__D__200__V4__raw_character__len160__gpre80__reward_off__seed88,279
attack,"1'7 0 ct  (  (      (       ) p2    ) e =   |||cat    (      (  13719     caedt chrost   939s_6a70x717176 ,oer    (       (       (  ccasect  0capt   )   axpu.d",error,error,seqgan_improved,seqgan_improved__phase3__error__D__200__V4__raw_character__len160__gpre80__reward_off__seed88,280
attack,"1ad.d1,   (   ,c 9   sect   ( 3     s_~  _x767  e   =      (  vslelecanct     (      50iedd2   =    ,0xtysectct    |)   (     sysyit   e0,0sed       (  0   )   ",error,error,seqgan_improved,seqgan_improved__phase3__error__D__200__V4__raw_character__len160__gpre80__reward_off__seed88,281
attack,"17,  whe   (      (    ||ct    )     132    (    1   (      (     cad vp   (    0x48    Duer_ anan,   (      )       )        (      (506    end        ( f   co",error,error,seqgan_improved,seqgan_improved__phase3__error__D__200__V4__raw_character__len160__gpre80__reward_off__seed88,282
attack,"1'  >    (  )      )  0n  )       tcom     (     9, cat   se   (      ( *    ( anfre    sect     seect       ( 9   se ,=     9 8  )      sy (     882,   (      ",error,error,seqgan_improved,seqgan_improved__phase3__error__D__200__V4__raw_character__len160__gpre80__reward_off__seed88,283
attack,"e  (    =   ed   0dd50dd   selse    * (    0x71706   (      sd.esen9,  )         =      (     1   E    3        (   (    *        (      )    ccst    se   (    ",error,error,seqgan_improved,seqgan_improved__phase3__error__D__200__V4__raw_character__len160__gpre80__reward_off__seed88,284
attack,"0d1    (    (   ,0coecat    (  conant_hond       (    ,4   1  adu_17a7131     *     eladt   (      selelecte|  ,cat   = chset     ) grahr  ctvUe|coxhr)      (  ",error,error,seqgan_improved,seqgan_improved__phase3__error__D__200__V4__raw_character__len160__gpre80__reward_off__seed88,285
attack,"1gou90d,    s  )    1xn   (    ct vad n   (    cast  (  |d    sssect     0xn,  (     exnt      )        |  (   9   )       (  1      (      )       s.NC   sesec",error,error,seqgan_improved,seqgan_improved__phase3__error__D__200__V4__raw_character__len160__gpre80__reward_off__seed88,286
attack,"545061        F     , 522   =  cat    117171706   (      (    =      (     e||ct    ( ,   )       (     (  selygecasselt   )      0ct      )      'hct     )    ",error,error,seqgan_improved,seqgan_improved__phase3__error__D__200__V4__raw_character__len160__gpre80__reward_off__seed88,287
attack,"06sddd71  76     (       =      * RObEIISle  (       )      s.  19717,  de    )   06|capd recat    029        1   )  _a7060  ,0nd      )        (    7   )    s",error,error,seqgan_improved,seqgan_improved__phase3__error__D__200__V4__raw_character__len160__gpre80__reward_off__seed88,288
attack,"ab	y
  (  0x713     (      (      (,    )  R57170,  (  0400,   (      (      (      ) )||cst     (        )      0chsy   )      0x71r   (    452     (       )  ",error,error,seqgan_improved,seqgan_improved__phase3__error__D__200__V4__raw_character__len160__gpre80__reward_off__seed88,289
attack,"Af.VMT~  1  (    (    fatp    (   et    >    enaseuesecad tomouse   )     40  sedd      ,   (   (       )        )    1     (     cat    ||chr  2  )  492    (  ",error,error,seqgan_improved,seqgan_improved__phase3__error__D__200__V4__raw_character__len160__gpre80__reward_off__seed88,290
attack,"1""   (     1    (      )      *    sele  (      (        hdro   (    )     (    |(       )       (      (    chr    then   (      (     dd 523      4, a6adrect ",error,error,seqgan_improved,seqgan_improved__phase3__error__D__200__V4__raw_character__len160__gpre80__reward_off__seed88,291
attack,"1U O.IIQK(    )    *  ||||ct     )     088 ,0x71,     )   as71aleraelelCLE      =    (       )      8  (     60saect,  (     )        sen   (     adddr.y   (   ",error,error,seqgan_improved,seqgan_improved__phase3__error__D__200__V4__raw_character__len160__gpre80__reward_off__seed88,292
attack,"1.&'vit    (      =      sSDTge   (     ( Domsylnosect  91     2  I   (    0l71'   1537068050seyse  (,  =     0x715,      sy (      6x51c  1,  )      (     )   ",error,error,seqgan_improved,seqgan_improved__phase3__error__D__200__V4__raw_character__len160__gpre80__reward_off__seed88,293
attack,"1"" 90x767   )    , )       1,  =    900,cact     (     1    glelt_he  |ct  0xbWhet  0x744     (    1,   ||   vn  (     (      (      IM     (     (  nct    )   ",error,error,seqgan_improved,seqgan_improved__phase3__error__D__200__V4__raw_character__len160__gpre80__reward_off__seed88,294
attack,"rEO'ro*      )F       (    0xd,   (     707,3       (  fxt,   (   (       )        )   8   (      (    ) 49570x705d wt    )  175    75  0x71deddrense,  )      f",error,error,seqgan_improved,seqgan_improved__phase3__error__D__200__V4__raw_character__len160__gpre80__reward_off__seed88,295
attack,"-tisu_end       (     (      )     493d         ( =     0nt gue    pxnt      (   ,   (     0x4s   unct     (    ,827     =       )   |ct   15,08a   (     =     ",error,error,seqgan_improved,seqgan_improved__phase3__error__D__200__V4__raw_character__len160__gpre80__reward_off__seed88,296
attack,"1lMNUc  =    0x71    (   58lx7adsent_at7  )    (        (      ct       (     (     1   drecat  (    )  680,    (       (     sel)o   (    (      =   fnt     ( ",error,error,seqgan_improved,seqgan_improved__phase3__error__D__200__V4__raw_character__len160__gpre80__reward_off__seed88,297
attack,1'  8   (      (   00   (   ||chr   242    ss_eDre   asect     (      )        (y0x713       )        |  ||  he|lE   ||chron    9129    (     )      selsed     ,error,error,seqgan_improved,seqgan_improved__phase3__error__D__200__V4__raw_character__len160__gpre80__reward_off__seed88,298
attack,"1C=     (   vx71,  (      17081       =     > se   )       )       )        (  9  egt_7aarselet     (     (     3      (      4   |wt    (   *        (    ,  ) ",error,error,seqgan_improved,seqgan_improved__phase3__error__D__200__V4__raw_character__len160__gpre80__reward_off__seed88,299
attack,"1',  dac7ar717,    )    (       (   80x2711       ut  (       )        (     ect   =     (       =      (   067219,      (      4  c   ,    |||ctome    ( ,  se ",error,error,seqgan_improved,seqgan_improved__phase3__error__D__200__V4__raw_character__len160__gpre80__reward_off__seed88,300
attack,"13  )    )   cth.oe  >   1,0 e  (     0x74rore  6232   ect  9  (       |t     select    0x717,0hecht    1  ( ,4        ddresy712_6a71,    Fs   se   (      (  ||",error,error,seqgan_improved,seqgan_improved__phase3__error__D__200__V4__raw_character__len160__gpre80__reward_off__seed88,301
attack,"5nt   (      )    ,1        =     =      (    )  |ct    (     =     c see  (     (     ,cat    )        ()     0x5cda710  souelelsbduyect     ) *      0x57121,0",error,error,seqgan_improved,seqgan_improved__phase3__error__D__200__V4__raw_character__len160__gpre80__reward_off__seed88,302
attack,"1'  cot aut    (      )      1     (      *  e|cat  SLILe__ber D  (     )         (  (       ,n   (    0xdelu__as   (     (      (      (     (    ,0x   ct    (",error,error,seqgan_improved,seqgan_improved__phase3__error__D__200__V4__raw_character__len160__gpre80__reward_off__seed88,303
attack,- ssect         (       (    |ct    sstect     selt_ecato  ecat   >   )    ct   (  he)      or   =     cht     (      )        an|062E0    )  0n exx7r_x7171706a,error,error,seqgan_improved,seqgan_improved__phase3__error__D__200__V4__raw_character__len160__gpre80__reward_off__seed88,304
attack,5|araUfec   t )        (  (   0x717    (   |  (    >   chroect      (      )     =    60x53     )     )      93      (      (  )      (      FSIIM      =      (,error,error,seqgan_improved,seqgan_improved__phase3__error__D__200__V4__raw_character__len160__gpre80__reward_off__seed88,305
attack,"1'o   (     (     (       )   select     )     )        (   1a755,     (      )       (       ||cthyxroue|cat     gdr.ree|catoeu    xECNC     (  1,   (     sect",error,error,seqgan_improved,seqgan_improved__phase3__error__D__200__V4__raw_character__len160__gpre80__reward_off__seed88,306
attack,1693     )        (     (     andt     >   (     6  573    |ct    (      cataden   (    )    a4s71    68cadul_et_aj  )       )        )       (  38491          ,error,error,seqgan_improved,seqgan_improved__phase3__error__D__200__V4__raw_character__len160__gpre80__reward_off__seed88,307
attack,"-,17a7,0x71   (      aydroect      elsy  (    at7alt    )       ,|    ) ,   )        ( 7,0x7,,flow     700x55     (     seltxS _xle    (    0ch1    'nchrot  (  ",error,error,seqgan_improved,seqgan_improved__phase3__error__D__200__V4__raw_character__len160__gpre80__reward_off__seed88,308
attack,"O9,1,_t_.767arixt  groe   a(    82'  580840   (     (       addr  (   (       )   )         )      )      (      )     0x5    (     )     se(    ||cata7ant     ",error,error,seqgan_improved,seqgan_improved__phase3__error__D__200__V4__raw_character__len160__gpre80__reward_off__seed88,309
attack,"1,'   (    )    , 0x713      (      (      ,caut   t   |||ct  =    ,0x76     9  DM    (     =     184      sectat_at   (   cad,  (     0x8  |ct     ( ||8conase ",error,error,seqgan_improved,seqgan_improved__phase3__error__D__200__V4__raw_character__len160__gpre80__reward_off__seed88,310
attack,"1CT)       )       )   c    )       1  0xd   (     (      SE    ,0x71,      (     984  50d78d   t  )       addrelecatowuect     se   ) 0x4 eroorit    )I     1, ",error,error,seqgan_improved,seqgan_improved__phase3__error__D__200__V4__raw_character__len160__gpre80__reward_off__seed88,311
attack,"1' S   	at79,7  gect     (       se   (,    )  cadr    ( cadon chr    (   0x7176     (     ||||ct     (      )       gra  ( 0x54    >    t  (        )     (flou",error,error,seqgan_improved,seqgan_improved__phase3__error__D__200__V4__raw_character__len160__gpre80__reward_off__seed88,312
attack,"1'bect   se    t  (    62    )        ect   (     1   en se  *   |   se     )       (   (     )      sexsecochroect     ,0xror   (   |cat   1206        se   owN",error,error,seqgan_improved,seqgan_improved__phase3__error__D__200__V4__raw_character__len160__gpre80__reward_off__seed88,313
attack,"1""e  (   0x71782     (     > (  90374,17   ||||  (   s  =   19      0473    )  )    ca(     >     sJ)     0xdossyse  E|cor     )       (   90  (   |4       ( 3 ",error,error,seqgan_improved,seqgan_improved__phase3__error__D__200__V4__raw_character__len160__gpre80__reward_off__seed88,314
attack,"1\bechr  (     =       ( (   0x7a749370,0laddro  6cat   )  ||caoachr o_nare4       sese   )      ec )     1    (    (     42     (     71     3706     se   s   ",error,error,seqgan_improved,seqgan_improved__phase3__error__D__200__V4__raw_character__len160__gpre80__reward_off__seed88,315
attack,"1't   ||chctaO assectad    )       1,1       add1,  (  9,    (  17       ct   )  456       0x7  add74_06,c  ese  >  aseect   |||c(     (     sKe ||(      (     ",error,error,seqgan_improved,seqgan_improved__phase3__error__D__200__V4__raw_character__len160__gpre80__reward_off__seed88,316
attack,"-m5,0x75771    (   |c  >   sect   xe   1,,0x771_74rgror    >   )     (   and  90, (      (      ||0xt   (     ||cou1      50622     (     t   )    4239    ,0x5 ",error,error,seqgan_improved,seqgan_improved__phase3__error__D__200__V4__raw_character__len160__gpre80__reward_off__seed88,317
attack,"'coroelselsecasct   >     )        )     | (      >  (      )    0xd4n  selwlecat     (     s   )     ,t6ron    ) s    =  chut   )       (       selecat   (exnd",error,error,seqgan_improved,seqgan_improved__phase3__error__D__200__V4__raw_character__len160__gpre80__reward_off__seed88,318
attack,"1'd     )fp     (     113     sect     sese  )       (     4       se|  0x2  ,s   123    1082     hyend      60xddun   )   1     gn  EM      (   ,1   0   (     ",error,error,seqgan_improved,seqgan_improved__phase3__error__D__200__V4__raw_character__len160__gpre80__reward_off__seed88,319
attack,"1' t    =    (   0x7,   (     504m   (    5   (     (     )    0x25d   (   s   (       (   9043706   ( ||ct   fsoxp_ax5      (      )      t  1   (   |||ct     ",error,error,seqgan_improved,seqgan_improved__phase3__error__D__200__V4__raw_character__len160__gpre80__reward_off__seed88,320
attack,"-58   fw_onnct     )   ,caddr. en   )   95a71    D  (    2     )10 (     )   ,0xm71    )   ) >  chr     (      sM vchr   (    900x5,    )    7      )      (    ",error,error,seqgan_improved,seqgan_improved__phase3__error__D__200__V4__raw_character__len160__gpre80__reward_off__seed88,321
attack,"-n1      )      ||cat   ||ctat   (      st  5n   (      LECTIM     )        (     (   0xu71     )        (   ,naelw  (  (      (      |ct     (  u(   ,0d_ouKt  ",error,error,seqgan_improved,seqgan_improved__phase3__error__D__200__V4__raw_character__len160__gpre80__reward_off__seed88,322
attack,"-76,  (         (      (    62    |t     =  cat   14570063       (    FRik  (     6a5,     (   b_6v_ot   FTC      (asid  1  (      |d      (       (      (     ",error,error,seqgan_improved,seqgan_improved__phase3__error__D__200__V4__raw_character__len160__gpre80__reward_off__seed88,323
attack,"3171713UNeuecat   10460sen    E29       (   )      cat    (     >  dx2   )  chr   (    asect      )     ~ ,    se    D_-(  (      siesect       )        )      ",error,error,seqgan_improved,seqgan_improved__phase3__error__D__200__V4__raw_character__len160__gpre80__reward_off__seed88,324
attack,"3'row      )      (       )    1      )    04   selcor     (      (     ,uam   |2       156  =     AECEoT70owtI.M    (   t   )        )      0  Ae  ( ctoxwhw   ",error,error,seqgan_improved,seqgan_improved__phase3__error__D__200__V4__raw_character__len160__gpre80__reward_off__seed88,325
attack,"1'    (    923      (     =     (  cuonl0xas_lsect     >  (   |cat     (   (    cat    (      D)       (   )   e  (    (  as  )T     (     enassectlect    ,0cat",error,error,seqgan_improved,seqgan_improved__phase3__error__D__200__V4__raw_character__len160__gpre80__reward_off__seed88,326
attack,"1"" ad6     0x713717a71707a76a71707706a7176a71706ae  (   70x7s7177a6    _lnsecooun whe_nat   0xx71706a717 f7sler  aned ec*     >gw ctOat     h  )   0cadgr  (    ",error,error,seqgan_improved,seqgan_improved__phase3__error__D__200__V4__raw_character__len160__gpre80__reward_off__seed88,327
attack,"1_-]71,    (    4232  ihr )      )    se   s_84062 ue2C  105   |cant     )       (        (     (    a2    602     sse   (      ||ct   )     =      (      (    ",error,error,seqgan_improved,seqgan_improved__phase3__error__D__200__V4__raw_character__len160__gpre80__reward_off__seed88,328
attack,"'9006    concat      ( (  0ct    c   (     0x76       )   ctt    (     2     sele0cat  ,(     (     hw   )       (        (       =       (      ssth_5,0nad 501",error,error,seqgan_improved,seqgan_improved__phase3__error__D__200__V4__raw_character__len160__gpre80__reward_off__seed88,329
attack,"-2,440717,  cae w|| sesect   ,||||cat    ncadd7071,'   M  0m  =     0lodt   ( clt   (      |cnact       se|  (    (      (      (       (or   se     (      (   ",error,error,seqgan_improved,seqgan_improved__phase3__error__D__200__V4__raw_character__len160__gpre80__reward_off__seed88,330
attack,"'pmect    =   TF     (       *   d)     (        sect_  1   |chcthou4      y 1, )     |calthct    0553       x  ) ,|cant   1a   (      (    ,12, ,0x4   (     ,c",error,error,seqgan_improved,seqgan_improved__phase3__error__D__200__V4__raw_character__len160__gpre80__reward_off__seed88,331
attack,"116    (      (      )  493   5   =    cout    1139     9844ur   Fhect     (    ,   ))       02372370x747   xsect     (     se   sen  (  565    (      (    606|",error,error,seqgan_improved,seqgan_improved__phase3__error__D__200__V4__raw_character__len160__gpre80__reward_off__seed88,332
attack,"a13|  (     elt   (    ~     0cad  cout  1,06   (     (     e    yut_|7cat_add4   122   drind..7  (     7971,    F    ,cot   (   ||  (     )      (      =     |",error,error,seqgan_improved,seqgan_improved__phase3__error__D__200__V4__raw_character__len160__gpre80__reward_off__seed88,333
attack,"C""7_0647,addgm7,a71717 ect      (   o)        13343         (      se|   (      cotat|)       (    suee  (   ,   6|at, sy  483       )       10x7,0x7,cour.  (  ",error,error,seqgan_improved,seqgan_improved__phase3__error__D__200__V4__raw_character__len160__gpre80__reward_off__seed88,334
attack,"1'    (   0  1  Usecono(  00x7sse   (      whecoren   |(     (   0x w_ase   0l1      (      )       )     ,0x7075   ssele2(      )        | 02     )      1    =",error,error,seqgan_improved,seqgan_improved__phase3__error__D__200__V4__raw_character__len160__gpre80__reward_off__seed88,335
attack,"1d.R`FEaFM  (       (    19      )       9  94    (941,   )       )       (       )        (  0x'ncat   sect     gt_ad.b5   (      403,  =   ,840x   )       ses",error,error,seqgan_improved,seqgan_improved__phase3__error__D__200__V4__raw_character__len160__gpre80__reward_off__seed88,336
attack,"1?""  (   ) chront    cont    s  ecateconct       (     )       (   ct      S 9   sect_oto 1|||ct    )         )      ( , 0case   1,f717a771v071,    (     (  1 0",error,error,seqgan_improved,seqgan_improved__phase3__error__D__200__V4__raw_character__len160__gpre80__reward_off__seed88,337
attack,"1""   (     dse   sdsyed     (        (  |||ct    s  (    (     (     12    (      s_F    (     )     cox,  |ct      grour   )        =    cnt     (       (     ",error,error,seqgan_improved,seqgan_improved__phase3__error__D__200__V4__raw_character__len160__gpre80__reward_off__seed88,338
attack,"1 t   )        (        _xM7,   (   1, selye   (   (      (  0x771    2   syecncy  )   conr    (   (       (   ,  (      (  ||)      exn    ( coor      lse  043",error,error,seqgan_improved,seqgan_improved__phase3__error__D__200__V4__raw_character__len160__gpre80__reward_off__seed88,339
attack,"`Y;""gmeonc  (      secasect    select     g   ||cat    d51        (  asser   1   )       (     ||xuecat  02    >   (       ) |ct    se    dr   dn    (   (      ",error,error,seqgan_improved,seqgan_improved__phase3__error__D__200__V4__raw_character__len160__gpre80__reward_off__seed88,340
attack,"1""  inat     (     , (     687a71,    2se0ncoan    (70x42795,    )       (    ,   sy)    0,x717 adsy  )       (     ut7adr  rosecthep *   4      (   (  0x3    0",error,error,seqgan_improved,seqgan_improved__phase3__error__D__200__V4__raw_character__len160__gpre80__reward_off__seed88,341
attack,"10xd(    (    sy FT  a1       (r_an  ,|1       (      )    fxr   |chra   (      (    ,  =    (  se    =    |ct    (      )    048,  )       (    0ex710   (     ",error,error,seqgan_improved,seqgan_improved__phase3__error__D__200__V4__raw_character__len160__gpre80__reward_off__seed88,342
attack,UDM)fr tay   (     e|cat=     (  584   fr_e4    aseconcor     )||| sser  )     =     ct    |2       (  sIT  0    |xrgeco(      e|1         sechr    (      (    ,error,error,seqgan_improved,seqgan_improved__phase3__error__D__200__V4__raw_character__len160__gpre80__reward_off__seed88,343
attack,"1M_Wlouxexlhe  (       (     (  )    1206    (   1,   43       and   (     *   (        (    , 9 uesect       IR3    (      144      ( chr7 17a er     (      dr",error,error,seqgan_improved,seqgan_improved__phase3__error__D__200__V4__raw_character__len160__gpre80__reward_off__seed88,344
attack,"1U;qE&>zyyserocn    (       (      ) 9     (    ,F7   (  4lur  Ecot x717,a71717,  secnasIT   (     =    9 73      =     (   and     (  9   fst  (      )      52",error,error,seqgan_improved,seqgan_improved__phase3__error__D__200__V4__raw_character__len160__gpre80__reward_off__seed88,345
attack,"4U""9  (  ,87500489    )     9  F|ch      (    chr   )        l(     )       )      (       sseco oroect     )       ( ,    1  sea   (   ,  (    >    (     )    ",error,error,seqgan_improved,seqgan_improved__phase3__error__D__200__V4__raw_character__len160__gpre80__reward_off__seed88,346
attack,"
B337s    (     3,  7  )   ,0x,0  913       )      0 =fuec_adt   (||cat     s  sen  (       (      )   (      50d713      (        sNhe   (     3,  0xr7x7170r.=",error,error,seqgan_improved,seqgan_improved__phase3__error__D__200__V4__raw_character__len160__gpre80__reward_off__seed88,347
attack,"-7d,    e0catet3,     (    | ,   |(        (    ,x5   )       (       (      (      )3         (      nnt        (  ch    (     g8   (   )      thr  )       )  ",error,error,seqgan_improved,seqgan_improved__phase3__error__D__200__V4__raw_character__len160__gpre80__reward_off__seed88,348
attack,""">90c33  cat    (      (       (     42  )       secon  (  (   0x1    an2      (   0sy ssecaadse      D  (      se    (      selllt  se||(      th   elwatow    ",error,error,seqgan_improved,seqgan_improved__phase3__error__D__200__V4__raw_character__len160__gpre80__reward_off__seed88,349
attack,"13 =    (      (     ,ct  (     1    (      (      ( 3     12   (     se   )   , 0x717a71    (     (  9  62    v0t   )      or )       sechr    (  (  alele  (  ",error,error,seqgan_improved,seqgan_improved__phase3__error__D__200__V4__raw_character__len160__gpre80__reward_off__seed88,350
attack,"1'   (    ) )     Rly(   07  EC     ( ||t_aecant     =      (      ) stoEECLIIS>Il_y,at    relect       sechn    (       sect  o717,a6          (    ,42    (   ",error,error,seqgan_improved,seqgan_improved__phase3__error__D__200__V4__raw_character__len160__gpre80__reward_off__seed88,351
attack,"1I{drIDn(   secte    (       )     0x7nx71706a""  (      (    ct   ,cat  ext  FT     (   ,    (     =   |cat  x3     ,ct  (     set   S   (   42fr     (       ( ",error,error,seqgan_improved,seqgan_improved__phase3__error__D__200__V4__raw_character__len160__gpre80__reward_off__seed88,352
attack,"1""   exft     =   |chr   set     (      (    c5,0x2706  ,   (     )     0x717,fm_rE   )    sect     sse     (    1    )    ||lt[    (      )      00ec  |||t_7 ",error,error,seqgan_improved,seqgan_improved__phase3__error__D__200__V4__raw_character__len160__gpre80__reward_off__seed88,353
attack,"? (  0x4    dd seledra  12r9       (      (   , ct      sysy )       (   )      b(      (   7at   0x71,      (      )       ( 52   (      ssect    whecat7   (  ",error,error,seqgan_improved,seqgan_improved__phase3__error__D__200__V4__raw_character__len160__gpre80__reward_off__seed88,354
attack,"1,   (     )  )      ,00x1708,, 80xdr sy,0x74,     (      fr  (      )       (   0x7,|7   ||hn   (     )  (    ct    (     ,cot   (      (     (,    ssesecat   ",error,error,seqgan_improved,seqgan_improved__phase3__error__D__200__V4__raw_character__len160__gpre80__reward_off__seed88,355
attack,"3gp  (   17,  (     )  s     |0m  19707170,t71     (      (       (      (  =      S   5,  (      (     (     (     dn70  901,   )       )  (      (      (     ",error,error,seqgan_improved,seqgan_improved__phase3__error__D__200__V4__raw_character__len160__gpre80__reward_off__seed88,356
attack,"+5,049    sysecat    (     guele  (    02    ,d     65054933I    (      ( ,0x7r_t%     (     *    casect_  *    10x776a1 ,      )        ()       )    (       (",error,error,seqgan_improved,seqgan_improved__phase3__error__D__200__V4__raw_character__len160__gpre80__reward_off__seed88,357
attack,"104  550x5,    )     (        (   829   (       se7   )  chdur_)      ,Tsechraed      (      secaecase   (       (     (      F      (      (      ct     (   0 ",error,error,seqgan_improved,seqgan_improved__phase3__error__D__200__V4__raw_character__len160__gpre80__reward_off__seed88,358
attack,"(gem_at ad   =       (    1,0 )       adddd3   whelelec   (      ( ,   )    (      1  an  )      x71     )       )    (       (       )      gsisi+ )        )  ",error,error,seqgan_improved,seqgan_improved__phase3__error__D__200__V4__raw_character__len160__gpre80__reward_off__seed88,359
attack,"-t   (  7   0x710706,0r   (3      d     554,    ||cct    fle   c  3      )    sey  (     (     t2   (      682       (  (    (      =    cocat    )    0x21     ",error,error,seqgan_improved,seqgan_improved__phase3__error__D__200__V4__raw_character__len160__gpre80__reward_off__seed88,360
attack,"C56  |   42  )     9   )         se  (  =  et  (      (     13   |chor   syse    (      (    )   ,|ct    ,     ||ct     >  62'   0x7,1       = ch2.%.  )     4se",error,error,seqgan_improved,seqgan_improved__phase3__error__D__200__V4__raw_character__len160__gpre80__reward_off__seed88,361
attack,"11""    s  ||ct5   secnont  cauet      w~    08 se t_x7177,  gre    (      (   ,0d7,   d  (     )    (      (      (        )T        )          (      )    t   ",error,error,seqgan_improved,seqgan_improved__phase3__error__D__200__V4__raw_character__len160__gpre80__reward_off__seed88,362
attack,"1coamelnchr    (      celat   (    60u   )   s...)    ,0wr  (   chr  sectae   )       (      (      )      4        t  selt     (       s   (   0x,   17   0x717",error,error,seqgan_improved,seqgan_improved__phase3__error__D__200__V4__raw_character__len160__gpre80__reward_off__seed88,363
attack,"1g'    (       )        (       )   1      (      (      (       )       ,0nt      (       (        (      (      0x7,cat   1   (      (    ) ,04    )      4202",error,error,seqgan_improved,seqgan_improved__phase3__error__D__200__V4__raw_character__len160__gpre80__reward_off__seed88,364
attack,"1453,    )     81       )     82      dxd717171,     se    sy.t (  ,  ,  (        (     =  4         (   ct     ,|d      (    77,  (       s(      (      (    (",error,error,seqgan_improved,seqgan_improved__phase3__error__D__200__V4__raw_character__len160__gpre80__reward_off__seed88,365
attack,"1Cfst975   (     0xd   ( ,0xWrowhm_ecand     0x2    5054     (       1  (     )         |ln42    (       )      )       42    (        (   2   (     )    ,|   (",error,error,seqgan_improved,seqgan_improved__phase3__error__D__200__V4__raw_character__len160__gpre80__reward_off__seed88,366
attack,1'S e    (    |(     ssector    (      )       (       (      )    (    9~      (     (      (     ) |ct     (      F      )       r  (    oroy  )      )       ,error,error,seqgan_improved,seqgan_improved__phase3__error__D__200__V4__raw_character__len160__gpre80__reward_off__seed88,367
attack,"'d   (     (     (       (  d          (      19717017a7067a7,   (  ,    (     (     13232     7  (  9,  (      (     |ct     |  selecad  )  fs )       x4      ",error,error,seqgan_improved,seqgan_improved__phase3__error__D__200__V4__raw_character__len160__gpre80__reward_off__seed88,368
attack,"1'   (     (      (   ,h  ,p   (    6d    (     sNCT     (       58471       (      ssecat   fllelonct   ,cten    |||xn  re ( ,   )         (  (   cayst  ( f.d ",error,error,seqgan_improved,seqgan_improved__phase3__error__D__200__V4__raw_character__len160__gpre80__reward_off__seed88,369
attack,"1,07ax717970477a7,070xt76a6          (      (     =       (00xr es   )    00t ,   ( oect      )       (  2 ,     (  1  ,,0457,   Msect      )   (  >      (     ",error,error,seqgan_improved,seqgan_improved__phase3__error__D__200__V4__raw_character__len160__gpre80__reward_off__seed88,370
attack,"rt c~       (     1  22   (  15a7)9           (      )    (      (    (       122  ,  (    9  906237,,    =     sytse   threcarorlecaconcat   =     *     )   , ",error,error,seqgan_improved,seqgan_improved__phase3__error__D__200__V4__raw_character__len160__gpre80__reward_off__seed88,371
attack,"3437706   04    (   |  adst dr   (       (     (       (F     chrect   )   8x74,    6235s9   xdddse    ) 88    rM   (      )      )     ~   9067,  0xdd717,  =  ",error,error,seqgan_improved,seqgan_improved__phase3__error__D__200__V4__raw_character__len160__gpre80__reward_off__seed88,372
attack,"1lecor   (   ,0x71    )    chre   I  (   ct     whsectf   )     *    )      15,0   (    9045, 7  )  g|    (     457,  ||catect     =     19   causyselt  0x7,0ur",error,error,seqgan_improved,seqgan_improved__phase3__error__D__200__V4__raw_character__len160__gpre80__reward_off__seed88,373
attack,"1.%QL55,  )        (      (      se2     1,   )       7  Uectt       )  )      |d     90490047,0   (       (     (    00x71,    ss_2he_ect    ( , 405  dr   secp",error,error,seqgan_improved,seqgan_improved__phase3__error__D__200__V4__raw_character__len160__gpre80__reward_off__seed88,374
attack,"40~  FNM ,1,    ||ct     40x7171717067a71s_t717a7717   econt     (   |     se    )      =   (        )     56     )        )       (     ,,0x1706a717076    (   ",error,error,seqgan_improved,seqgan_improved__phase3__error__D__200__V4__raw_character__len160__gpre80__reward_off__seed88,375
attack,"06,'(  2232M   (      (     0nd   ect   S     se  sselect       (  add  >  ch  wh v    (    42357,0 _
     ssN'ot  (        )       sect       (        selet   ",error,error,seqgan_improved,seqgan_improved__phase3__error__D__200__V4__raw_character__len160__gpre80__reward_off__seed88,376
attack,"1o]y,  =      (      sect   ct     (    0  (   (   2   51,     on   ssy   (       =       (      (       ED     (       )  25,c,   (  )      5,   (   h3     )  ",error,error,seqgan_improved,seqgan_improved__phase3__error__D__200__V4__raw_character__len160__gpre80__reward_off__seed88,377
attack,"1-,b ,cor  asect      se  17,   )     ax705    )  3cor    (       (      (      ( ,cat  0x,   (      sen (    ||(     (      (     (      =   chr_aterow    )   ",error,error,seqgan_improved,seqgan_improved__phase3__error__D__200__V4__raw_character__len160__gpre80__reward_off__seed88,378
attack,",BT  )        )   9    )     )       (     (  20x589   (     |cat E   ( 9,   =     (       (     10,  ( 2     (       (     *    _,   (     gt   orout   (      ",error,error,seqgan_improved,seqgan_improved__phase3__error__D__200__V4__raw_character__len160__gpre80__reward_off__seed88,379
attack,"]/t6  (       e|cataect   7  (     chr_u~   (      1   (      |  1139         se    (       504   )     ,et    (      64,-        (  5,0s  (    0x7177  (   1561",error,error,seqgan_improved,seqgan_improved__phase3__error__D__200__V4__raw_character__len160__gpre80__reward_off__seed88,380
attack,""",0x1    (      FS   82, 1423        (   0x7457    (    )   addde0062    sect     (      gro   (     D  (    ourosent   22   (    0x5,   0xx50   (     (    )   ",error,error,seqgan_improved,seqgan_improved__phase3__error__D__200__V4__raw_character__len160__gpre80__reward_off__seed88,381
attack,",60x7170a7171, ot~    (      (     *     (  oect     (      ( 0s71     (    (  cat    sselect     04    (      0x2oelxdr  (       )       ct,  chn   1  sy)     ",error,error,seqgan_improved,seqgan_improved__phase3__error__D__200__V4__raw_character__len160__gpre80__reward_off__seed88,382
attack,"1'ct    62    (      (     0st   (   ,| |catad   =     04er   (      cad F",error,error,seqgan_improved,seqgan_improved__phase3__error__D__200__V4__raw_character__len160__gpre80__reward_off__seed88,383
attack,"0x571771m7_67a76a7,   (   0  0x717071717,on  ||c_hueler   alnse    ( ,08  seset    (   )       )       selen   se    0xU70l56a5    1,  >  (      (  10x706     (",error,error,seqgan_improved,seqgan_improved__phase3__error__D__200__V4__raw_character__len160__gpre80__reward_off__seed88,384
attack,"1'    (      )        (     ,  )    a40x48     =      =     0x7171,    ) 90sseconancadd ,254   =   cd     )         (      (     > ,ct      (     |nste 4       ",error,error,seqgan_improved,seqgan_improved__phase3__error__D__200__V4__raw_character__len160__gpre80__reward_off__seed88,385
attack,"-1'  5sy sechr  523,R717067aa7x171706a,   (    (       =     ,|  d'  ICR
ou  se  )       (     cat   )       (  |||con    (    F   = ,23 0n|cat ct     )    ,   ",error,error,seqgan_improved,seqgan_improved__phase3__error__D__200__V4__raw_character__len160__gpre80__reward_off__seed88,386
attack,"-522  at    (      (     =9       sysect    1022   sOyM  (       0x3e  (   =  , sel_C0n ,cotthe(    (    ( 4_c3 sOE'LM     )     0xd9   =   )   0x749en    (    ",error,error,seqgan_improved,seqgan_improved__phase3__error__D__200__V4__raw_character__len160__gpre80__reward_off__seed88,387
attack,"133'   )        52,0le80x7  (      (       (  9,,n0x717  ,slecooxn   |ct    (    148     (   *    13713     83    sy)       (   1     )        =      (    sIT (",error,error,seqgan_improved,seqgan_improved__phase3__error__D__200__V4__raw_character__len160__gpre80__reward_off__seed88,388
attack,",B1706717a7,cor  se    )    ) (w|cton    pr.gt  an,    (    (     42   554713   or.ot_t7  ( se A lect     (     )      43g    )          4|dd     (  )  2   FT  ",error,error,seqgan_improved,seqgan_improved__phase3__error__D__200__V4__raw_character__len160__gpre80__reward_off__seed88,389
attack,"4822  *   (        )      (       (     )   2   =    9780717172   (   (      )       (     1|  )  0x7107,  (  0x7, (    '  )     )       (      ( ,0 genolncat  ",error,error,seqgan_improved,seqgan_improved__phase3__error__D__200__V4__raw_character__len160__gpre80__reward_off__seed88,390
attack,1'v   (      1  (       (  0,error,error,seqgan_improved,seqgan_improved__phase3__error__D__200__V4__raw_character__len160__gpre80__reward_off__seed88,391
attack,"11'     )       )        )coed      (      os  (      (    023      ,t      ) chr   =    (  0x762    ,,   =_     (     (     40    (      )       (    )       )",error,error,seqgan_improved,seqgan_improved__phase3__error__D__200__V4__raw_character__len160__gpre80__reward_off__seed88,392
attack," c(    (     9,  1,  81      se   (    (       9 AERsect    |hut    Dect   (       (      (       (     frr  ororot   (       )         1 uxax_naueC      |||   ",error,error,seqgan_improved,seqgan_improved__phase3__error__D__200__V4__raw_character__len160__gpre80__reward_off__seed88,393
attack,"0t3690a5    extco  sect    )   ct  9   (   =   _x772717a717,  an dp   )        ( T  0e4     (     04    )       508|   (      ent   ,  seecint     _cat    (  0x",error,error,seqgan_improved,seqgan_improved__phase3__error__D__200__V4__raw_character__len160__gpre80__reward_off__seed88,394
attack,"1b1'(   |cont  (   ,   ,0uxm   (    se'   42,  ,|m   g  (  , =      seit    (   0x717lfroect        =   10622     1,fn   )   (      se    (     st.exm eror   ( ",error,error,seqgan_improved,seqgan_improved__phase3__error__D__200__V4__raw_character__len160__gpre80__reward_off__seed88,395
attack,"d1,  (      )    ||cat  (    ST_||ct9       (     17   't[  se    )     822  109st   )      cand    =      )        (      )     )   0xuk   om   1  =    |||ct  ",error,error,seqgan_improved,seqgan_improved__phase3__error__D__200__V4__raw_character__len160__gpre80__reward_off__seed88,396
attack,Y;NIC+0radssele  e   ul4C   )          (      )        (    cont     )        (    )       (    908   dr  (    4       >  )   ||catectc  ASEy   (    (      ) ,error,error,seqgan_improved,seqgan_improved__phase3__error__D__200__V4__raw_character__len160__gpre80__reward_off__seed88,397
attack,"13t050470571,   (  9,44      x2  (       secat   o   (    dr,  (    |ct    Wk    (       )    50579   (       se||tvh   (     =       )      >  |t    (     )   ",error,error,seqgan_improved,seqgan_improved__phase3__error__D__200__V4__raw_character__len160__gpre80__reward_off__seed88,398
attack,"1    )     |catvat   (       (  (        (   =     gurouat   ||||chr     (     1as,   cotase  )    ,||t     )         (  0  (      (      ||ct    )    6at      ",error,error,seqgan_improved,seqgan_improved__phase3__error__D__200__V4__raw_character__len160__gpre80__reward_off__seed88,399
attack,"1' eat    5  (   (     (    *      (    > 62    (     9   (  ,0x71    )      )   cat    )    |  =     )    )    4x5""   (     addr  (      13   SLse||4       g_ ",error,error,seqgan_improved,seqgan_improved__phase3__error__D__200__V4__raw_character__len160__gpre80__reward_off__seed88,400
attack,"1""   syset    F(       ssySect_  )     xgei200   (    1,    (      (      (     (    00x4     sect   (      |ct    ( 904,   y1970,|c9se  (      gn  ), ||cta   (",error,error,seqgan_improved,seqgan_improved__phase3__error__D__200__V4__raw_character__len160__gpre80__reward_off__seed88,401
attack,"1y0x3,  )    0s   (      (  13      13706371     5046,        (   5827,0429       60xd,0ca]    (       (       (    , cat_id  prRuouoefr  (     =   )       (  8",error,error,seqgan_improved,seqgan_improved__phase3__error__D__200__V4__raw_character__len160__gpre80__reward_off__seed88,402
attack,"1E7%""  99     en   ancadssectancom    )       ) 0xd,   )  ,0x7171706d   ctoty ehetosse   (,   (      (      gr   )      )   =        |conct   (     ,  p5dxx7_,0",error,error,seqgan_improved,seqgan_improved__phase3__error__D__200__V4__raw_character__len160__gpre80__reward_off__seed88,403
attack,"1'  6  )     2  t   )     (     067293     04704700540,a78x70x77p  xectt     secDES       =   00569       )  R6a   b_6) 9047427,   (     casecat    (      catee",error,error,seqgan_improved,seqgan_improved__phase3__error__D__200__V4__raw_character__len160__gpre80__reward_off__seed88,404
attack,"1'   ) (     12   dr   (    1    se   )           )m,  =  9000l 4lmseechr   (    0x71706     ) 32    k    (       (      (      rooe     ctg   (  1,0x9   (   ca",error,error,seqgan_improved,seqgan_improved__phase3__error__D__200__V4__raw_character__len160__gpre80__reward_off__seed88,405
attack,",U_+   (       )    12    172    utect7   (      (     |239,      (  se|   (   couot   (      (      (   cadddn ,  0x5,    82,710c   ( ct     tRduue    w_he7   ",error,error,seqgan_improved,seqgan_improved__phase3__error__D__200__V4__raw_character__len160__gpre80__reward_off__seed88,406
attack,"8 dH     (   (      95,   gecaatea   (    )   cadddsnd   ct   0x71706      )      ( add2 3       se    (   ROgse *      (    0x500nd  )      sec    (      (    ",error,error,seqgan_improved,seqgan_improved__phase3__error__D__200__V4__raw_character__len160__gpre80__reward_off__seed88,407
attack,""" se  ,   se   (     )  cat   se  ((      (       )||    )       1 0x,0   (     )       |  (    (  39  9      0nst    )    23      alectW      )        t  (    ",error,error,seqgan_improved,seqgan_improved__phase3__error__D__200__V4__raw_character__len160__gpre80__reward_off__seed88,408
attack,"1CFT_.ODWMgj__recat    sdec  )       15r   )    0ns.elelectt       (   2 |(        (      (   040   0x4060,   (    (  (      (      (      )        (      (    ",error,error,seqgan_improved,seqgan_improved__phase3__error__D__200__V4__raw_character__len160__gpre80__reward_off__seed88,409
attack,"91_"" (    )      0x5   ,  (       (    *        ) *     (     )  ||c   )        s.dr_67 as.dm  |ct   0xds.seecct    = cou, at  )  g      =     |    (      )    ",error,error,seqgan_improved,seqgan_improved__phase3__error__D__200__V4__raw_character__len160__gpre80__reward_off__seed88,410
attack,1'   )    10670x71' el.gecat   shect at    F       (  =     |(      asleca(        s.LI_yelthecat nint   )   04023       (     _  )       sect     =372=       s,error,error,seqgan_improved,seqgan_improved__phase3__error__D__200__V4__raw_character__len160__gpre80__reward_off__seed88,411
attack,"-5,   )|cut     )     (     (     (    (     se  )        (       10x5    0xd5    )      0x717  ( 4       )       sse   =      (      (or   set       (      (  ",error,error,seqgan_improved,seqgan_improved__phase3__error__D__200__V4__raw_character__len160__gpre80__reward_off__seed88,412
attack,"1dm  (      )       ) e   (     1102   =    fm   (   1     (     *  (  sel    (      (      )       sele0com    (   0,5840,  )   4623       =        (    |cate ",error,error,seqgan_improved,seqgan_improved__phase3__error__D__200__V4__raw_character__len160__gpre80__reward_off__seed88,413
attack,"3.> ca)      eut    )   02348205    (     94s_m_i717170t77,0x71selecat (       )    ,   (   0xci.et    ct    =     (    |||ct   se  4l   (     (   0   yn2  (   ",error,error,seqgan_improved,seqgan_improved__phase3__error__D__200__V4__raw_character__len160__gpre80__reward_off__seed88,414
attack,"13,  (   23         )        )      =   1     0x71       dro   seselet    13    (       ||cat   (      (      )       (     se   =       (      exsele    ,0t3  ",error,error,seqgan_improved,seqgan_improved__phase3__error__D__200__V4__raw_character__len160__gpre80__reward_off__seed88,415
attack,"-\0x5005    )       8504,,   (    d'  0oOs   )   0cR
27,  _nd'   (     (    ( e   ss_=     ect  F  98 108900s_,76a   )        (       )  1     0x745t,   91a797b",error,error,seqgan_improved,seqgan_improved__phase3__error__D__200__V4__raw_character__len160__gpre80__reward_off__seed88,416
attack,"1, cowhr   adddr  *  ( ,   sshect3=        >   (  1232g  (       sech7  (    8|4       (      )       (    _19       (       (9      * ,  (       =       (   0x",error,error,seqgan_improved,seqgan_improved__phase3__error__D__200__V4__raw_character__len160__gpre80__reward_off__seed88,417
attack,"1r3    (    (      14713         (   91706232    se'   (      (    =  50x71,   pe r    (    addhret    ( e   )  (       (     fxao)   |ct   s  (     0x717,cat e",error,error,seqgan_improved,seqgan_improved__phase3__error__D__200__V4__raw_character__len160__gpre80__reward_off__seed88,418
attack,",a710x7W""   (    chnt      )        =     (    se   =     (      dna71,    ( s    (     )       (      (    )  (       (     |  (        (     ginconct7 9   (  ",error,error,seqgan_improved,seqgan_improved__phase3__error__D__200__V4__raw_character__len160__gpre80__reward_off__seed88,419
attack,"0dre0x5nse    )       ( 42   (     )      0 rosect  (        (        )       _hd  (7   whieler   0x52,  )       (      znt    gmroe|1  fr   1, (    (  0x71    ",error,error,seqgan_improved,seqgan_improved__phase3__error__D__200__V4__raw_character__len160__gpre80__reward_off__seed88,420
attack,"1""fr (     129      (     (   ||cat    )     08,p_a71     (        (      (      (6 1   (      se   )      =   ||ct   sy  6   (     0x7971717068    (      ,    ",error,error,seqgan_improved,seqgan_improved__phase3__error__D__200__V4__raw_character__len160__gpre80__reward_off__seed88,421
attack,"1'    )     43,    ,   )      (  045    (   dae    (      0xdj7133    0x71706a_5x71,     (     )     0x ecauect      )      ct    ,2,  2 ,0x717 ot (     ser   |",error,error,seqgan_improved,seqgan_improved__phase3__error__D__200__V4__raw_character__len160__gpre80__reward_off__seed88,422
attack,"1p,  selysy  )      1,adsddou4     12 ,0   (     ,(     19, || (     (    0x17    )       (      (      00x717),     (    ,0xrdE,  se   (   ble   10x35sdwouecae",error,error,seqgan_improved,seqgan_improved__phase3__error__D__200__V4__raw_character__len160__gpre80__reward_off__seed88,423
attack,"YB5e1      ) ,0  1  (      (     se7   )    )   02      (      (     (     (      (    =   6223      13        )     )   0x5   ,ca (  (    0x7s717,   )         ",error,error,seqgan_improved,seqgan_improved__phase3__error__D__200__V4__raw_character__len160__gpre80__reward_off__seed88,424
attack,1'     (   s  whecae|7a4       *   (      secorr    |pouelaut ct     (       (       )      ||||ct     (     (    908  ct   can ect    cot   SECCT        (     ,error,error,seqgan_improved,seqgan_improved__phase3__error__D__200__V4__raw_character__len160__gpre80__reward_off__seed88,425
attack,"1,1'    )       (    )   4       )    and      (      40a7    )      |ct     >   (    se    (     E      )   0 9542,   82,    (       (     15|a6   ct     hel  ",error,error,seqgan_improved,seqgan_improved__phase3__error__D__200__V4__raw_character__len160__gpre80__reward_off__seed88,426
attack,"1'ar.gect     m  (    nsIeNy   )couost    )      ,06 (   025,  (      or  adsect    (      (   |chrou_at     2  6cagror   (      12     )         (    )       )",error,error,seqgan_improved,seqgan_improved__phase3__error__D__200__V4__raw_character__len160__gpre80__reward_off__seed88,427
attack,""" x  (    0x7x7716   (  )       (      6 t   (   =      gu5n 704822   60xdon     (       )      *     )          )       0,0xrect      (  =      t  )b     se   ",error,error,seqgan_improved,seqgan_improved__phase3__error__D__200__V4__raw_character__len160__gpre80__reward_off__seed88,428
attack,"1q'couto   (      )  fld  (      11    selecat,8|t   9 rouo.(   0x71706    (     )       ct    (   887    se  (    )   (     ssectocourp  )      chn    60x2    ",error,error,seqgan_improved,seqgan_improved__phase3__error__D__200__V4__raw_character__len160__gpre80__reward_off__seed88,429
attack," wat   (       (      (   0 )    =       (  cay  (   62323       ,   (      (    6  )  g   )       ectox(       )  cae  (     10x75842w   sdsit76,   )      40c'",error,error,seqgan_improved,seqgan_improved__phase3__error__D__200__V4__raw_character__len160__gpre80__reward_off__seed88,430
attack,"Kdesyect     (       |ch  (f0x75,>  (      (       4       =      |cth    )    0x5,  1   't   (     ||cat    (       )         ( 04700x272,  )     se   )   2  (",error,error,seqgan_improved,seqgan_improved__phase3__error__D__200__V4__raw_character__len160__gpre80__reward_off__seed88,431
attack,"1l.ecaddF     (     0  (       (     =    (    ,0x71,    (  |lsecom    dr  (     ~     d_sr  (     ,0x71717,  ( 0 F    (  uonct__at  1ad )        (      =      ",error,error,seqgan_improved,seqgan_improved__phase3__error__D__200__V4__raw_character__len160__gpre80__reward_off__seed88,432
attack,",19706cat   |||t   4      0x   ssellecthe1sen    )    (      )   ||cat    =      42, 3     sel_he   1  0x3d717,fr   ) ROeO3        0uan   )      45    4  9  9 w",error,error,seqgan_improved,seqgan_improved__phase3__error__D__200__V4__raw_character__len160__gpre80__reward_off__seed88,433
attack,"71' fle_    (       xncad   (      (      pro_N     concat   =   0x57a7,exrow  )  40   )    0x570r  )       (       (       |ct     (     48   ),   40  (    0x5",error,error,seqgan_improved,seqgan_improved__phase3__error__D__200__V4__raw_character__len160__gpre80__reward_off__seed88,434
attack,"1'0x7re0l  recon,cat    (      (       (       (   1,   5240 r    (      ,oxuoecat   |ct       I  5sect_ot   )        )        =       )       (      se   (   0",error,error,seqgan_improved,seqgan_improved__phase3__error__D__200__V4__raw_character__len160__gpre80__reward_off__seed88,435
attack,"1'  =     selecat    (0   )         (    )      )     9   )   F     ulet   ,  )      =     =      =70,452     (       )       )         xdreset     9405      se",error,error,seqgan_improved,seqgan_improved__phase3__error__D__200__V4__raw_character__len160__gpre80__reward_off__seed88,436
attack,"13' (  cat    )  |||hs_elecat    )    ,   (      108542   (  0x7177_71    (     ,    (      )         )   00xe   (      flecht   uaslect      (     )       t   ",error,error,seqgan_improved,seqgan_improved__phase3__error__D__200__V4__raw_character__len160__gpre80__reward_off__seed88,437
attack,"1CT(     (     (    ,    (        )LR^     (     se,  62, chr_a77,  ect I.Ro0,    ssyse  )       >    (   ct     (      (  9   )      )        (    (      (    ",error,error,seqgan_improved,seqgan_improved__phase3__error__D__200__V4__raw_character__len160__gpre80__reward_off__seed88,438
attack,"-9,a",error,error,seqgan_improved,seqgan_improved__phase3__error__D__200__V4__raw_character__len160__gpre80__reward_off__seed88,439
attack,"1'   (     0 the  tvhect   |  )     '|chr    (       (      )         se   )  wtex7ad   cbn    (     (       (0x7 blw     (     (     0c,  )     9   FCh   (    ",error,error,seqgan_improved,seqgan_improved__phase3__error__D__200__V4__raw_character__len160__gpre80__reward_off__seed88,440
attack,"-46,   )      0x7523,  ||  (      (    (       (       (   |  )      (       (      62     6,0x75,frou )      (  0x4d    se   uSoomhr    selD (       (     )   ",error,error,seqgan_improved,seqgan_improved__phase3__error__D__200__V4__raw_character__len160__gpre80__reward_off__seed88,441
attack,"1%RY)8caOysueChp    11,   set   *     9t  am7   S.M   6anselre||d       =     (      )    )   10  (      (      (  12   se   O3,,,8   sect   |  )       )       ",error,error,seqgan_improved,seqgan_improved__phase3__error__D__200__V4__raw_character__len160__gpre80__reward_off__seed88,442
attack,"1'  cat   secaddouor     (     se   )       1232_h     (      (       (   ) ,81       (       )LENC  _aFy   (    =    (   ) >      (    (      =  >   ||ct    F_",error,error,seqgan_improved,seqgan_improved__phase3__error__D__200__V4__raw_character__len160__gpre80__reward_off__seed88,443
attack,"f1 g  )9   pdur  ,0n    slele  |397067  (    080x7170612     thectfre   (    >2  ,   (      se    )       ct   (     t   c  (      set    )     ,0x7s71    (    ",error,error,seqgan_improved,seqgan_improved__phase3__error__D__200__V4__raw_character__len160__gpre80__reward_off__seed88,444
attack,' 1  )        (     YAE.sectaect     1   (     )     out   ect   0x71    )        1cdd9  w0xle    elct _a7se'  (      (      sect   (      (     =    (    cssER,error,error,seqgan_improved,seqgan_improved__phase3__error__D__200__V4__raw_character__len160__gpre80__reward_off__seed88,445
attack,"1"" (      )       49        (   0cat LICge7hD  )      0x7,00rorhrmfe   0x584,       (    0nt   he|4      *    (   c   (      chr   (  0   (  900secaaueent   ) c",error,error,seqgan_improved,seqgan_improved__phase3__error__D__200__V4__raw_character__len160__gpre80__reward_off__seed88,446
attack,"myec9  bt   (  cit    )    9037081  ,    (      (   fxdsnt     (  (       |9   (    ,1       (      )  an  gr   pm   )     ||d       (      (se    t fle     )  ",error,error,seqgan_improved,seqgan_improved__phase3__error__D__200__V4__raw_character__len160__gpre80__reward_off__seed88,447
attack,"2ed|cto e    (   0cd    )        429,    |||xt_Cale    at    (     42    (     )     ,052     ( echt    )        (       (      (  9   (      |(       ) ,0x717,",error,error,seqgan_improved,seqgan_improved__phase3__error__D__200__V4__raw_character__len160__gpre80__reward_off__seed88,448
attack,"1'    (     91   ||  ) |tcat   en   )     ,0xu_addr.ysye   (     (   0xs7,aep  )       ,cat    (     ||ct  0x4 9   )       selecat  cher   )      =    942,F  ) ",error,error,seqgan_improved,seqgan_improved__phase3__error__D__200__V4__raw_character__len160__gpre80__reward_off__seed88,449
attack,"-5,  )  90819         (      e0n  )       (   =       (     (       (     (      (     )      esuecatoue,  0x771f7171%,    )   (       )      M       (      =  ",error,error,seqgan_improved,seqgan_improved__phase3__error__D__200__V4__raw_character__len160__gpre80__reward_off__seed88,450
attack,"p  FCuRise   (     1    ct     (     (  axr'eexr  en ctyDM   (     se   (    cthCfrooLSL3    | ,n  (      en   )    sele    48     )      (  0x7,p _S7   (     f",error,error,seqgan_improved,seqgan_improved__phase3__error__D__200__V4__raw_character__len160__gpre80__reward_off__seed88,451
attack,",ctoOO0     )       p(       (     syuelelt   (     0sed     0x71,      (0x7,4,   9,  (   (     6823       (   flt   (     =  0 ,   (     ,     |ct  >   05ns_et",error,error,seqgan_improved,seqgan_improved__phase3__error__D__200__V4__raw_character__len160__gpre80__reward_off__seed88,452
attack,"#3   (  _4,    42    ||d     xor  ssuen   sect     (      )        sel S   )     0xmx71  op(         (     (      6    (  9   (     cd3    )   cat    (     909s",error,error,seqgan_improved,seqgan_improved__phase3__error__D__200__V4__raw_character__len160__gpre80__reward_off__seed88,453
attack,"1""   )AI""            (   9,    (     )       )        sect      (  sele    (      (       (      yse  >   c cadue  1   el sse s _ecatstt  0  (       =  |ct     ",error,error,seqgan_improved,seqgan_improved__phase3__error__D__200__V4__raw_character__len160__gpre80__reward_off__seed88,454
attack,"' 1, >    10,   )       )        (   )    *      se =    |   se   (      t""w  (      )  ,2      a)        (     )       ct  ||chsx_d71,     (    _2     )     = ",error,error,seqgan_improved,seqgan_improved__phase3__error__D__200__V4__raw_character__len160__gpre80__reward_off__seed88,455
attack,"1""  ady 625,  re   slect_orauelect     ECvcsose   ( 1   00lxn,   )     cooro    SLES      ,06    ( cat   (       sy * relo_cnt     (   d        (    sISEET   0x",error,error,seqgan_improved,seqgan_improved__phase3__error__D__200__V4__raw_character__len160__gpre80__reward_off__seed88,456
attack,"-12_%""e   ,  1   (       )        (       sele, )     s  =     6    )       )        )    con1     0x713    04    (   (      (  (      (     ,0x713, owase  (   ",error,error,seqgan_improved,seqgan_improved__phase3__error__D__200__V4__raw_character__len160__gpre80__reward_off__seed88,457
attack,"1'    (  0x7seran0x70x719727   (  0   s.grM,admu   (    0x747,   (  0x171,     (      =     1    (   8chr   (       (    2S      (  4422   )       and5,   )    ",error,error,seqgan_improved,seqgan_improved__phase3__error__D__200__V4__raw_character__len160__gpre80__reward_off__seed88,458
attack,"1C'whowEM    (     4     chr_alem     se   50x71706917171700771717,   6adsSsect    hC'Ea    (      ( 0x7   (       (     chr.gelen  Fcoo   )       (       FC   ",error,error,seqgan_improved,seqgan_improved__phase3__error__D__200__V4__raw_character__len160__gpre80__reward_off__seed88,459
attack,"apuiOIn13,    (   10ca7170061 M  0067    (    1     (    (      (     |ct   1   exlost  (   hroELE7at    (     sus   D  )(  (   =       )   12     (      =     ",error,error,seqgan_improved,seqgan_improved__phase3__error__D__200__V4__raw_character__len160__gpre80__reward_off__seed88,460
attack,":3NL(  chse06     ch.omoocou  (   (   (      1, 1      (     13     0nn4   )     8x71,    )       )      8_e tht   )  ,  1   )    t 9    (      )         5x7 ( ",error,error,seqgan_improved,seqgan_improved__phase3__error__D__200__V4__raw_character__len160__gpre80__reward_off__seed88,461
attack,"1'   (      (      chr    (    1  0x77171,    (     sec0ctaet7a7alooe      4094     se  ~  042    (       ct     Selt   =      (      =       )        ( |lnctEd",error,error,seqgan_improved,seqgan_improved__phase3__error__D__200__V4__raw_character__len160__gpre80__reward_off__seed88,462
attack,"1,  )    0n  (   0xre     (     (      se   =       (     (      (     )      DIINJu  0x717  f7o  (    0nd    xr   (    ,0|a  )      (  0x75,  ,hne cenat   x.* ",error,error,seqgan_improved,seqgan_improved__phase3__error__D__200__V4__raw_character__len160__gpre80__reward_off__seed88,463
attack,"1b,re  (    0chr.9sdy6 _ (    >   0=     sectshe_adr..SEETor  fx71fxt_mlo    ( ,0|c 5706,x7,397006   ct    9139         ( 0 0  (    c5 0 t  gby.ssecat    (    0",error,error,seqgan_improved,seqgan_improved__phase3__error__D__200__V4__raw_character__len160__gpre80__reward_off__seed88,464
attack,"1'it,    (     60x717a,      (     0x7716       )     ,0nc   (      42aU5,0,cadd'  ssuecat,   (      (   42   0ddre'  (  2 chr e   ( ,    )       )   2,   (   ,",error,error,seqgan_improved,seqgan_improved__phase3__error__D__200__V4__raw_character__len160__gpre80__reward_off__seed88,465
attack,"1W05fi7171716   71  (      sechr   t_hr  ( 9    )    ,   (       (   1     )       (      (      )       (  oont     (   t,con|   (     ,0x70ad0x71,    (      0",error,error,seqgan_improved,seqgan_improved__phase3__error__D__200__V4__raw_character__len160__gpre80__reward_off__seed88,466
attack,"1""  (  =     ,xN  ICT    ,slele  '  chdu_46,    a717067084039         )    (       =      =     selo   m  (    (      (     12,,'   (      )      at7   |||||at ",error,error,seqgan_improved,seqgan_improved__phase3__error__D__200__V4__raw_character__len160__gpre80__reward_off__seed88,467
attack,"54,  gt_oncat   (      )        (     ln  *   )        (      (    (    2  eanc,  cEarasecat)  ,cont    (    0xddYelect    bheselysoy.ser    (       se(     )  ",error,error,seqgan_improved,seqgan_improved__phase3__error__D__200__V4__raw_character__len160__gpre80__reward_off__seed88,468
attack,"1""   (     (     (      (     (      (    |at     txr _6   ,ct      (   _2749,    se    (    LIITSETSNCuc  ,    (  9    (      (   |catecat    )     ,0x71,    (",error,error,seqgan_improved,seqgan_improved__phase3__error__D__200__V4__raw_character__len160__gpre80__reward_off__seed88,469
attack,"1'    ser  se  4ll    (    04,      (   (     ca  FD  1,0x0  (    select  axt2    (     se' flecat   (       )       )    Fvlle   1ot   (   0ddt2    (     (    ",error,error,seqgan_improved,seqgan_improved__phase3__error__D__200__V4__raw_character__len160__gpre80__reward_off__seed88,470
attack,1'   )      (    |ct    )    1    (        (  806rouelecatST      )  (  9   )       (   (  se   9058ct   (      =   =9   fre  )    |  (    3        43       13 ,error,error,seqgan_improved,seqgan_improved__phase3__error__D__200__V4__raw_character__len160__gpre80__reward_off__seed88,471
attack,"1o      19708  elm  w_h it   (      1   set    (   0640081        (     0x75  0x71   ,   ( ,xkca9   12     SRdoectat    (     0,   (      (    0x e     =     ( ",error,error,seqgan_improved,seqgan_improved__phase3__error__D__200__V4__raw_character__len160__gpre80__reward_off__seed88,472
attack,"13_6762    FETe  40   =   1     )       )04  7  (    (       )   0ndr  sIM   ssect  |D    ct    )       (       (      (      ,ctoct      (     )     6122   ct ",error,error,seqgan_improved,seqgan_improved__phase3__error__D__200__V4__raw_character__len160__gpre80__reward_off__seed88,473
attack,"-9,  )        (     19,    )     11           (    (       sect      (      ,c ,atC)    90  es_it   8dt   )   se|  gr  )      )  ,23a70d71749  )  0cadset      *",error,error,seqgan_improved,seqgan_improved__phase3__error__D__200__V4__raw_character__len160__gpre80__reward_off__seed88,474
attack,"o_.z_Aveadsyessere   )  0x71      (       (       (      ( a0cout    ) selysect   1    )   0nd0   thect   (    (     =     0   189,    | se   (    0x742, )     ",error,error,seqgan_improved,seqgan_improved__phase3__error__D__200__V4__raw_character__len160__gpre80__reward_off__seed88,475
attack,11 7  (       48   0x5casror   (        e|||dt    623        =       ||ctLM      ct   (  R    (vbn  =     FT       se  )  ||||  se   (         (     )       (  ,error,error,seqgan_improved,seqgan_improved__phase3__error__D__200__V4__raw_character__len160__gpre80__reward_off__seed88,476
attack,"13boJgr e    (       )   |chr    tase   )  ser   11      _23,     (    (       )       )    s",error,error,seqgan_improved,seqgan_improved__phase3__error__D__200__V4__raw_character__len160__gpre80__reward_off__seed88,477
attack,"1CNCLCTM  4     |   (     se   =  |chresu (   cayd(     'sle     (      cons    )        (     (    ,14       ) 0x71    (       )    49,    0 ,s   )    =       ",error,error,seqgan_improved,seqgan_improved__phase3__error__D__200__V4__raw_character__len160__gpre80__reward_off__seed88,478
attack,"1    457    (      cadd  ( ,   (  10    (      )cad    )      993 0   )    = 0x5,   sele)       se   (     |ct  1    (       (      (     selec   (          ST ",error,error,seqgan_improved,seqgan_improved__phase3__error__D__200__V4__raw_character__len160__gpre80__reward_off__seed88,479
attack,"1lU.s.esyo~   )   F.Il7 add    syG  (      (     66ad18   02088,dd     )        507102    )     ,  (       )(      k   (   =    )     cat   s_|ct_ancsiseuect_hr",error,error,seqgan_improved,seqgan_improved__phase3__error__D__200__V4__raw_character__len160__gpre80__reward_off__seed88,480
attack,"-95,  (  d    523  ,  _8,1falt seS_ct  flele     semee ct 7   1a7d    (     0x7157,2   917,ore (      (    ,   )  0x717a7171  |   ,0xt     (       (   0x7147   ",error,error,seqgan_improved,seqgan_improved__phase3__error__D__200__V4__raw_character__len160__gpre80__reward_off__seed88,481
attack,"1,xfse   (   (      ct    (    (      (    0x7  42   )       (      )      (       (      10  )     hsect     ta    (      )        )       (         sy )      ",error,error,seqgan_improved,seqgan_improved__phase3__error__D__200__V4__raw_character__len160__gpre80__reward_off__seed88,482
attack,"p45  sele    )  flet  )  0l)        )        (  )  t9      nd     (   ||catat    )        )(        (   ,,adror9    (  = 00x7045,   sysoon7 90681,   64     ( D ",error,error,seqgan_improved,seqgan_improved__phase3__error__D__200__V4__raw_character__len160__gpre80__reward_off__seed88,483
attack,"1""vxor_   se    ect     (     (    )   429        gu_1o  (  0cossecty   DESe|cat     echr    (       st   )       0  )        (  0t      whelexo_ecowhdxDex71   ",error,error,seqgan_improved,seqgan_improved__phase3__error__D__200__V4__raw_character__len160__gpre80__reward_off__seed88,484
attack,"045a7084f7froec  96    0x5    =  chr    )   (       =     |ltx  ( (        (      103  el )    (     |||ct    (   EaecanselwC  ~  0l5   )     se   =  , 4843    ",error,error,seqgan_improved,seqgan_improved__phase3__error__D__200__V4__raw_character__len160__gpre80__reward_off__seed88,485
attack,"13  )     0x7  s3    0caset    (      (   5045823    (       )        =  cat   (  0   ( 9    (     1   (      =    ,   )    >    ,)    044784x71,    )    0xm7p ",error,error,seqgan_improved,seqgan_improved__phase3__error__D__200__V4__raw_character__len160__gpre80__reward_off__seed88,486
attack,"133     )       )  ,   )   5233        (  (     ,10   )      (   9st   (      > (      )        (      )   FRk ed    0nt    |4     U  whflecar   (    secouaaNIe",error,error,seqgan_improved,seqgan_improved__phase3__error__D__200__V4__raw_character__len160__gpre80__reward_off__seed88,487
attack,"01'    (       sel_relet     (      (      12    =     tvlh   (   |_5   1,0  (   ,00roour   (      (     se     (   ,ssect    (      (      )      )     (  st  ",error,error,seqgan_improved,seqgan_improved__phase3__error__D__200__V4__raw_character__len160__gpre80__reward_off__seed88,488
attack,"0W.%zetiselt    se    =     0na71    whed   )       (  anaddr__x71707697370607 )*      ||ct     (     (      |cont    se  0,2,, cad70004,     (      (       ( 0",error,error,seqgan_improved,seqgan_improved__phase3__error__D__200__V4__raw_character__len160__gpre80__reward_off__seed88,489
attack,"1,ror ,0ctvt    )       =     ||||||caten  ct  second    (       )     conct    se_hrexy  )         (   addddd717060m  )       (    |ct    (      (     0ad71   ",error,error,seqgan_improved,seqgan_improved__phase3__error__D__200__V4__raw_character__len160__gpre80__reward_off__seed88,490
attack,"torect     62930  13      10d75,   (sNRy.TIM   sect    =     be   )     0x3      (      ( 0x0secat       (       )      62     )       sen   (     8,,   (      ",error,error,seqgan_improved,seqgan_improved__phase3__error__D__200__V4__raw_character__len160__gpre80__reward_off__seed88,491
attack,"m7ime8   ( b|cat     )     2sdglt_chr (      t,    (      11     ct_at     alsect    sechr  ||3     (     chroum  )        )     cadsselsysey   10x7197,7  (  ,",error,error,seqgan_improved,seqgan_improved__phase3__error__D__200__V4__raw_character__len160__gpre80__reward_off__seed88,492
attack,"-5   (      )        (  ed     Fele|chen  5  ) 9      (     (  f2_045x5se     (      (    ,  selt   4r'   (      (|||,m   (   '   )      (     om  )   Rhror    ",error,error,seqgan_improved,seqgan_improved__phase3__error__D__200__V4__raw_character__len160__gpre80__reward_off__seed88,493
attack,"-13,   1845      (        (gm     1,0x7171706   (     (      (       sEooeese   10x717,72   )       (    s.dre   (      (  )      (      (       ssect   (      ",error,error,seqgan_improved,seqgan_improved__phase3__error__D__200__V4__raw_character__len160__gpre80__reward_off__seed88,494
attack,"136cadd   (       (      )       se  ,p 91       se   (    0x5a7n,,cat_at  >   *  (       (     omsyse.  (  ||cat  se, nct   a  (    F3       gm_  (    (    se ",error,error,seqgan_improved,seqgan_improved__phase3__error__D__200__V4__raw_character__len160__gpre80__reward_off__seed88,495
attack,"1""   5x704r  (     (         (      ct      (      |ct       (       (      sect      (  0x6         AoozRro   (    0x7173   concanast  sexyd.uect     )   |  ( ",error,error,seqgan_improved,seqgan_improved__phase3__error__D__200__V4__raw_character__len160__gpre80__reward_off__seed88,496
attack,"1u_r syseduuecoseccout    *    =    0sem    )   (      I'  (     (     =   ex7 |t     )   ,55       selt Rt   )   0x706_x57   se|ctat     )         seslec'     ",error,error,seqgan_improved,seqgan_improved__phase3__error__D__200__V4__raw_character__len160__gpre80__reward_off__seed88,497
attack,"-d""   E|le 0x717,  echor        secon   (       13,I2  )      s  (       62    ,cat     ecsysect     0x7,4d    (     15,|e   ) ||||ct    (     )         select",error,error,seqgan_improved,seqgan_improved__phase3__error__D__200__V4__raw_character__len160__gpre80__reward_off__seed88,498
attack,"aGa"" welt   (    t  sem   else     (    ,  (    st 0_dro   =    0x0xd  roo    6333    ||ct  (     whpe     (    (      )       )   )        (      42   (       ",error,error,seqgan_improved,seqgan_improved__phase3__error__D__200__V4__raw_character__len160__gpre80__reward_off__seed88,499
