
[1/3] pretrain G
G epoch=1/120 loss=4.6100
G epoch=2/120 loss=4.4860
G epoch=3/120 loss=4.3506
G epoch=4/120 loss=4.1913
G epoch=5/120 loss=3.9671
G epoch=6/120 loss=3.7615
G epoch=7/120 loss=3.4667
G epoch=8/120 loss=3.2578
G epoch=9/120 loss=3.1058
G epoch=10/120 loss=2.9435
G epoch=11/120 loss=2.8825
G epoch=12/120 loss=2.7861
G epoch=13/120 loss=2.7402
G epoch=14/120 loss=2.6070
G epoch=15/120 loss=2.5333
G epoch=16/120 loss=2.4611
G epoch=17/120 loss=2.4200
G epoch=18/120 loss=2.3535
G epoch=19/120 loss=2.2464
G epoch=20/120 loss=2.2236
G epoch=21/120 loss=2.1548
G epoch=22/120 loss=2.0818
G epoch=23/120 loss=2.0321
G epoch=24/120 loss=1.9881
G epoch=25/120 loss=1.9422
G epoch=26/120 loss=1.8443
G epoch=27/120 loss=1.8483
G epoch=28/120 loss=1.7721
G epoch=29/120 loss=1.7679
G epoch=30/120 loss=1.7333
G epoch=31/120 loss=1.6445
G epoch=32/120 loss=1.6551
G epoch=33/120 loss=1.5778
G epoch=34/120 loss=1.5440
G epoch=35/120 loss=1.5380
G epoch=36/120 loss=1.5111
G epoch=37/120 loss=1.4804
G epoch=38/120 loss=1.3885
G epoch=39/120 loss=1.4113
G epoch=40/120 loss=1.3793
G epoch=41/120 loss=1.3432
G epoch=42/120 loss=1.3095
G epoch=43/120 loss=1.2741
G epoch=44/120 loss=1.2514
G epoch=45/120 loss=1.2392
G epoch=46/120 loss=1.2273
G epoch=47/120 loss=1.1889
G epoch=48/120 loss=1.1467
G epoch=49/120 loss=1.1321
G epoch=50/120 loss=1.1074
G epoch=51/120 loss=1.0894
G epoch=52/120 loss=1.0749
G epoch=53/120 loss=1.0721
G epoch=54/120 loss=1.0531
G epoch=55/120 loss=1.0573
G epoch=56/120 loss=1.0259
G epoch=57/120 loss=1.0179
G epoch=58/120 loss=0.9966
G epoch=59/120 loss=0.9607
G epoch=60/120 loss=0.9769
G epoch=61/120 loss=0.9777
G epoch=62/120 loss=0.9128
G epoch=63/120 loss=0.9078
G epoch=64/120 loss=0.9123
G epoch=65/120 loss=0.8898
G epoch=66/120 loss=0.8847
G epoch=67/120 loss=0.8767
G epoch=68/120 loss=0.8481
G epoch=69/120 loss=0.8318
G epoch=70/120 loss=0.8313
G epoch=71/120 loss=0.8727
G epoch=72/120 loss=0.8249
G epoch=73/120 loss=0.7733
G epoch=74/120 loss=0.8011
G epoch=75/120 loss=0.7809
G epoch=76/120 loss=0.7725
G epoch=77/120 loss=0.7748
G epoch=78/120 loss=0.7559
G epoch=79/120 loss=0.7897
G epoch=80/120 loss=0.7247
G epoch=81/120 loss=0.7521
G epoch=82/120 loss=0.7326
G epoch=83/120 loss=0.7097
G epoch=84/120 loss=0.7394
G epoch=85/120 loss=0.7066
G epoch=86/120 loss=0.6844
G epoch=87/120 loss=0.6585
G epoch=88/120 loss=0.6550
G epoch=89/120 loss=0.6843
G epoch=90/120 loss=0.6628
G epoch=91/120 loss=0.6458
G epoch=92/120 loss=0.6481
G epoch=93/120 loss=0.6208
G epoch=94/120 loss=0.6496
G epoch=95/120 loss=0.6468
G epoch=96/120 loss=0.6319
G epoch=97/120 loss=0.6452
G epoch=98/120 loss=0.6200
G epoch=99/120 loss=0.6443
G epoch=100/120 loss=0.5966
G epoch=101/120 loss=0.5904
G epoch=102/120 loss=0.5553
G epoch=103/120 loss=0.6327
G epoch=104/120 loss=0.5891
G epoch=105/120 loss=0.5863
G epoch=106/120 loss=0.5723
G epoch=107/120 loss=0.5517
G epoch=108/120 loss=0.5676
G epoch=109/120 loss=0.5590
G epoch=110/120 loss=0.5439
G epoch=111/120 loss=0.5505
G epoch=112/120 loss=0.5133
G epoch=113/120 loss=0.5254
G epoch=114/120 loss=0.5212
G epoch=115/120 loss=0.5611
G epoch=116/120 loss=0.5119
G epoch=117/120 loss=0.5385
G epoch=118/120 loss=0.5478
G epoch=119/120 loss=0.5296
G epoch=120/120 loss=0.5069

[2/3] pretrain D
D step=1/50 epoch=1/3 loss=0.9436 l2=0.2000 label_smoothing=0.000
D step=1/50 epoch=2/3 loss=0.7240 l2=0.2000 label_smoothing=0.000
D step=1/50 epoch=3/3 loss=0.7352 l2=0.2000 label_smoothing=0.000
D step=2/50 epoch=1/3 loss=0.7356 l2=0.2000 label_smoothing=0.000
D step=2/50 epoch=2/3 loss=0.6565 l2=0.2000 label_smoothing=0.000
D step=2/50 epoch=3/3 loss=0.6254 l2=0.2000 label_smoothing=0.000
D step=3/50 epoch=1/3 loss=0.6164 l2=0.2000 label_smoothing=0.000
D step=3/50 epoch=2/3 loss=0.5974 l2=0.2000 label_smoothing=0.000
D step=3/50 epoch=3/3 loss=0.5572 l2=0.2000 label_smoothing=0.000
D step=4/50 epoch=1/3 loss=0.6104 l2=0.2000 label_smoothing=0.000
D step=4/50 epoch=2/3 loss=0.5743 l2=0.2000 label_smoothing=0.000
D step=4/50 epoch=3/3 loss=0.5472 l2=0.2000 label_smoothing=0.000
D step=5/50 epoch=1/3 loss=0.5369 l2=0.2000 label_smoothing=0.000
D step=5/50 epoch=2/3 loss=0.5230 l2=0.2000 label_smoothing=0.000
D step=5/50 epoch=3/3 loss=0.4636 l2=0.2000 label_smoothing=0.000
D step=6/50 epoch=1/3 loss=0.5174 l2=0.2000 label_smoothing=0.000
D step=6/50 epoch=2/3 loss=0.5036 l2=0.2000 label_smoothing=0.000
D step=6/50 epoch=3/3 loss=0.4514 l2=0.2000 label_smoothing=0.000
D step=7/50 epoch=1/3 loss=0.4028 l2=0.2000 label_smoothing=0.000
D step=7/50 epoch=2/3 loss=0.4052 l2=0.2000 label_smoothing=0.000
D step=7/50 epoch=3/3 loss=0.3817 l2=0.2000 label_smoothing=0.000
D step=8/50 epoch=1/3 loss=0.4103 l2=0.2000 label_smoothing=0.000
D step=8/50 epoch=2/3 loss=0.4142 l2=0.2000 label_smoothing=0.000
D step=8/50 epoch=3/3 loss=0.3972 l2=0.2000 label_smoothing=0.000
D step=9/50 epoch=1/3 loss=0.3957 l2=0.2000 label_smoothing=0.000
D step=9/50 epoch=2/3 loss=0.3936 l2=0.2000 label_smoothing=0.000
D step=9/50 epoch=3/3 loss=0.3723 l2=0.2000 label_smoothing=0.000
D step=10/50 epoch=1/3 loss=0.4312 l2=0.2000 label_smoothing=0.000
D step=10/50 epoch=2/3 loss=0.4449 l2=0.2000 label_smoothing=0.000
D step=10/50 epoch=3/3 loss=0.4267 l2=0.2000 label_smoothing=0.000
D step=11/50 epoch=1/3 loss=0.3746 l2=0.2000 label_smoothing=0.000
D step=11/50 epoch=2/3 loss=0.3591 l2=0.2000 label_smoothing=0.000
D step=11/50 epoch=3/3 loss=0.3562 l2=0.2000 label_smoothing=0.000
D step=12/50 epoch=1/3 loss=0.3217 l2=0.2000 label_smoothing=0.000
D step=12/50 epoch=2/3 loss=0.3048 l2=0.2000 label_smoothing=0.000
D step=12/50 epoch=3/3 loss=0.2876 l2=0.2000 label_smoothing=0.000
D step=13/50 epoch=1/3 loss=0.3268 l2=0.2000 label_smoothing=0.000
D step=13/50 epoch=2/3 loss=0.3104 l2=0.2000 label_smoothing=0.000
D step=13/50 epoch=3/3 loss=0.2983 l2=0.2000 label_smoothing=0.000
D step=14/50 epoch=1/3 loss=0.3523 l2=0.2000 label_smoothing=0.000
D step=14/50 epoch=2/3 loss=0.3159 l2=0.2000 label_smoothing=0.000
D step=14/50 epoch=3/3 loss=0.2965 l2=0.2000 label_smoothing=0.000
D step=15/50 epoch=1/3 loss=0.3289 l2=0.2000 label_smoothing=0.000
D step=15/50 epoch=2/3 loss=0.3345 l2=0.2000 label_smoothing=0.000
D step=15/50 epoch=3/3 loss=0.2903 l2=0.2000 label_smoothing=0.000
D step=16/50 epoch=1/3 loss=0.2990 l2=0.2000 label_smoothing=0.000
D step=16/50 epoch=2/3 loss=0.2696 l2=0.2000 label_smoothing=0.000
D step=16/50 epoch=3/3 loss=0.2651 l2=0.2000 label_smoothing=0.000
D step=17/50 epoch=1/3 loss=0.2800 l2=0.2000 label_smoothing=0.000
D step=17/50 epoch=2/3 loss=0.2874 l2=0.2000 label_smoothing=0.000
D step=17/50 epoch=3/3 loss=0.2413 l2=0.2000 label_smoothing=0.000
D step=18/50 epoch=1/3 loss=0.2116 l2=0.2000 label_smoothing=0.000
D step=18/50 epoch=2/3 loss=0.2104 l2=0.2000 label_smoothing=0.000
D step=18/50 epoch=3/3 loss=0.2095 l2=0.2000 label_smoothing=0.000
D step=19/50 epoch=1/3 loss=0.2645 l2=0.2000 label_smoothing=0.000
D step=19/50 epoch=2/3 loss=0.2549 l2=0.2000 label_smoothing=0.000
D step=19/50 epoch=3/3 loss=0.2328 l2=0.2000 label_smoothing=0.000
D step=20/50 epoch=1/3 loss=0.2864 l2=0.2000 label_smoothing=0.000
D step=20/50 epoch=2/3 loss=0.2614 l2=0.2000 label_smoothing=0.000
D step=20/50 epoch=3/3 loss=0.2517 l2=0.2000 label_smoothing=0.000
D step=21/50 epoch=1/3 loss=0.1750 l2=0.2000 label_smoothing=0.000
D step=21/50 epoch=2/3 loss=0.1860 l2=0.2000 label_smoothing=0.000
D step=21/50 epoch=3/3 loss=0.1618 l2=0.2000 label_smoothing=0.000
D step=22/50 epoch=1/3 loss=0.3041 l2=0.2000 label_smoothing=0.000
D step=22/50 epoch=2/3 loss=0.3281 l2=0.2000 label_smoothing=0.000
D step=22/50 epoch=3/3 loss=0.2602 l2=0.2000 label_smoothing=0.000
D step=23/50 epoch=1/3 loss=0.3317 l2=0.2000 label_smoothing=0.000
D step=23/50 epoch=2/3 loss=0.2918 l2=0.2000 label_smoothing=0.000
D step=23/50 epoch=3/3 loss=0.2723 l2=0.2000 label_smoothing=0.000
D step=24/50 epoch=1/3 loss=0.2410 l2=0.2000 label_smoothing=0.000
D step=24/50 epoch=2/3 loss=0.2472 l2=0.2000 label_smoothing=0.000
D step=24/50 epoch=3/3 loss=0.2334 l2=0.2000 label_smoothing=0.000
D step=25/50 epoch=1/3 loss=0.2960 l2=0.2000 label_smoothing=0.000
D step=25/50 epoch=2/3 loss=0.2855 l2=0.2000 label_smoothing=0.000
D step=25/50 epoch=3/3 loss=0.2561 l2=0.2000 label_smoothing=0.000
D step=26/50 epoch=1/3 loss=0.2799 l2=0.2000 label_smoothing=0.000
D step=26/50 epoch=2/3 loss=0.2670 l2=0.2000 label_smoothing=0.000
D step=26/50 epoch=3/3 loss=0.2562 l2=0.2000 label_smoothing=0.000
D step=27/50 epoch=1/3 loss=0.2617 l2=0.2000 label_smoothing=0.000
D step=27/50 epoch=2/3 loss=0.2472 l2=0.2000 label_smoothing=0.000
D step=27/50 epoch=3/3 loss=0.2499 l2=0.2000 label_smoothing=0.000
D step=28/50 epoch=1/3 loss=0.2419 l2=0.2000 label_smoothing=0.000
D step=28/50 epoch=2/3 loss=0.2180 l2=0.2000 label_smoothing=0.000
D step=28/50 epoch=3/3 loss=0.1910 l2=0.2000 label_smoothing=0.000
D step=29/50 epoch=1/3 loss=0.2301 l2=0.2000 label_smoothing=0.000
D step=29/50 epoch=2/3 loss=0.2304 l2=0.2000 label_smoothing=0.000
D step=29/50 epoch=3/3 loss=0.2195 l2=0.2000 label_smoothing=0.000
D step=30/50 epoch=1/3 loss=0.2154 l2=0.2000 label_smoothing=0.000
D step=30/50 epoch=2/3 loss=0.2133 l2=0.2000 label_smoothing=0.000
D step=30/50 epoch=3/3 loss=0.1930 l2=0.2000 label_smoothing=0.000
D step=31/50 epoch=1/3 loss=0.2167 l2=0.2000 label_smoothing=0.000
D step=31/50 epoch=2/3 loss=0.2183 l2=0.2000 label_smoothing=0.000
D step=31/50 epoch=3/3 loss=0.2171 l2=0.2000 label_smoothing=0.000
D step=32/50 epoch=1/3 loss=0.2166 l2=0.2000 label_smoothing=0.000
D step=32/50 epoch=2/3 loss=0.2032 l2=0.2000 label_smoothing=0.000
D step=32/50 epoch=3/3 loss=0.1976 l2=0.2000 label_smoothing=0.000
D step=33/50 epoch=1/3 loss=0.2042 l2=0.2000 label_smoothing=0.000
D step=33/50 epoch=2/3 loss=0.1897 l2=0.2000 label_smoothing=0.000
D step=33/50 epoch=3/3 loss=0.1932 l2=0.2000 label_smoothing=0.000
D step=34/50 epoch=1/3 loss=0.2251 l2=0.2000 label_smoothing=0.000
D step=34/50 epoch=2/3 loss=0.2130 l2=0.2000 label_smoothing=0.000
D step=34/50 epoch=3/3 loss=0.1914 l2=0.2000 label_smoothing=0.000
D step=35/50 epoch=1/3 loss=0.2822 l2=0.2000 label_smoothing=0.000
D step=35/50 epoch=2/3 loss=0.2327 l2=0.2000 label_smoothing=0.000
D step=35/50 epoch=3/3 loss=0.2349 l2=0.2000 label_smoothing=0.000
D step=36/50 epoch=1/3 loss=0.1986 l2=0.2000 label_smoothing=0.000
D step=36/50 epoch=2/3 loss=0.1639 l2=0.2000 label_smoothing=0.000
D step=36/50 epoch=3/3 loss=0.1780 l2=0.2000 label_smoothing=0.000
D step=37/50 epoch=1/3 loss=0.3053 l2=0.2000 label_smoothing=0.000
D step=37/50 epoch=2/3 loss=0.2878 l2=0.2000 label_smoothing=0.000
D step=37/50 epoch=3/3 loss=0.2545 l2=0.2000 label_smoothing=0.000
D step=38/50 epoch=1/3 loss=0.3242 l2=0.2000 label_smoothing=0.000
D step=38/50 epoch=2/3 loss=0.2896 l2=0.2000 label_smoothing=0.000
D step=38/50 epoch=3/3 loss=0.2396 l2=0.2000 label_smoothing=0.000
D step=39/50 epoch=1/3 loss=0.2756 l2=0.2000 label_smoothing=0.000
D step=39/50 epoch=2/3 loss=0.2296 l2=0.2000 label_smoothing=0.000
D step=39/50 epoch=3/3 loss=0.2339 l2=0.2000 label_smoothing=0.000
D step=40/50 epoch=1/3 loss=0.2038 l2=0.2000 label_smoothing=0.000
D step=40/50 epoch=2/3 loss=0.1796 l2=0.2000 label_smoothing=0.000
D step=40/50 epoch=3/3 loss=0.1964 l2=0.2000 label_smoothing=0.000
D step=41/50 epoch=1/3 loss=0.2818 l2=0.2000 label_smoothing=0.000
D step=41/50 epoch=2/3 loss=0.2385 l2=0.2000 label_smoothing=0.000
D step=41/50 epoch=3/3 loss=0.2408 l2=0.2000 label_smoothing=0.000
D step=42/50 epoch=1/3 loss=0.2142 l2=0.2000 label_smoothing=0.000
D step=42/50 epoch=2/3 loss=0.2298 l2=0.2000 label_smoothing=0.000
D step=42/50 epoch=3/3 loss=0.2052 l2=0.2000 label_smoothing=0.000
D step=43/50 epoch=1/3 loss=0.2580 l2=0.2000 label_smoothing=0.000
D step=43/50 epoch=2/3 loss=0.1961 l2=0.2000 label_smoothing=0.000
D step=43/50 epoch=3/3 loss=0.2018 l2=0.2000 label_smoothing=0.000
D step=44/50 epoch=1/3 loss=0.2221 l2=0.2000 label_smoothing=0.000
D step=44/50 epoch=2/3 loss=0.2024 l2=0.2000 label_smoothing=0.000
D step=44/50 epoch=3/3 loss=0.1794 l2=0.2000 label_smoothing=0.000
D step=45/50 epoch=1/3 loss=0.2700 l2=0.2000 label_smoothing=0.000
D step=45/50 epoch=2/3 loss=0.2478 l2=0.2000 label_smoothing=0.000
D step=45/50 epoch=3/3 loss=0.2297 l2=0.2000 label_smoothing=0.000
D step=46/50 epoch=1/3 loss=0.2525 l2=0.2000 label_smoothing=0.000
D step=46/50 epoch=2/3 loss=0.2122 l2=0.2000 label_smoothing=0.000
D step=46/50 epoch=3/3 loss=0.2097 l2=0.2000 label_smoothing=0.000
D step=47/50 epoch=1/3 loss=0.2068 l2=0.2000 label_smoothing=0.000
D step=47/50 epoch=2/3 loss=0.2011 l2=0.2000 label_smoothing=0.000
D step=47/50 epoch=3/3 loss=0.1902 l2=0.2000 label_smoothing=0.000
D step=48/50 epoch=1/3 loss=0.2078 l2=0.2000 label_smoothing=0.000
D step=48/50 epoch=2/3 loss=0.2043 l2=0.2000 label_smoothing=0.000
D step=48/50 epoch=3/3 loss=0.1969 l2=0.2000 label_smoothing=0.000
D step=49/50 epoch=1/3 loss=0.2150 l2=0.2000 label_smoothing=0.000
D step=49/50 epoch=2/3 loss=0.2101 l2=0.2000 label_smoothing=0.000
D step=49/50 epoch=3/3 loss=0.1854 l2=0.2000 label_smoothing=0.000
D step=50/50 epoch=1/3 loss=0.1693 l2=0.2000 label_smoothing=0.000
D step=50/50 epoch=2/3 loss=0.1589 l2=0.2000 label_smoothing=0.000
D step=50/50 epoch=3/3 loss=0.1542 l2=0.2000 label_smoothing=0.000

[3/3] adversarial
generator_reward_mode=off reward_alpha=1.000 d_steps=5 d_epochs=3
D step=1/5 epoch=1/3 loss=0.3237 l2=0.2000 label_smoothing=0.000
D step=1/5 epoch=2/3 loss=0.2977 l2=0.2000 label_smoothing=0.000
D step=1/5 epoch=3/3 loss=0.2805 l2=0.2000 label_smoothing=0.000
D step=2/5 epoch=1/3 loss=0.2112 l2=0.2000 label_smoothing=0.000
D step=2/5 epoch=2/3 loss=0.2240 l2=0.2000 label_smoothing=0.000
D step=2/5 epoch=3/3 loss=0.1700 l2=0.2000 label_smoothing=0.000
D step=3/5 epoch=1/3 loss=0.1825 l2=0.2000 label_smoothing=0.000
D step=3/5 epoch=2/3 loss=0.1899 l2=0.2000 label_smoothing=0.000
D step=3/5 epoch=3/3 loss=0.1749 l2=0.2000 label_smoothing=0.000
D step=4/5 epoch=1/3 loss=0.2573 l2=0.2000 label_smoothing=0.000
D step=4/5 epoch=2/3 loss=0.2109 l2=0.2000 label_smoothing=0.000
D step=4/5 epoch=3/3 loss=0.2153 l2=0.2000 label_smoothing=0.000
D step=5/5 epoch=1/3 loss=0.2118 l2=0.2000 label_smoothing=0.000
D step=5/5 epoch=2/3 loss=0.2065 l2=0.2000 label_smoothing=0.000
D step=5/5 epoch=3/3 loss=0.1735 l2=0.2000 label_smoothing=0.000
ADV epoch=1/200 g_loss=0.0545 d_loss=0.2220 reward=0.1136 reward_var=0.0353 unique=0.9200
D step=1/5 epoch=1/3 loss=0.1922 l2=0.2000 label_smoothing=0.000
D step=1/5 epoch=2/3 loss=0.2104 l2=0.2000 label_smoothing=0.000
D step=1/5 epoch=3/3 loss=0.1880 l2=0.2000 label_smoothing=0.000
D step=2/5 epoch=1/3 loss=0.2460 l2=0.2000 label_smoothing=0.000
D step=2/5 epoch=2/3 loss=0.2382 l2=0.2000 label_smoothing=0.000
D step=2/5 epoch=3/3 loss=0.2167 l2=0.2000 label_smoothing=0.000
D step=3/5 epoch=1/3 loss=0.1831 l2=0.2000 label_smoothing=0.000
D step=3/5 epoch=2/3 loss=0.1606 l2=0.2000 label_smoothing=0.000
D step=3/5 epoch=3/3 loss=0.1664 l2=0.2000 label_smoothing=0.000
D step=4/5 epoch=1/3 loss=0.2500 l2=0.2000 label_smoothing=0.000
D step=4/5 epoch=2/3 loss=0.2454 l2=0.2000 label_smoothing=0.000
D step=4/5 epoch=3/3 loss=0.2283 l2=0.2000 label_smoothing=0.000
D step=5/5 epoch=1/3 loss=0.2242 l2=0.2000 label_smoothing=0.000
D step=5/5 epoch=2/3 loss=0.2085 l2=0.2000 label_smoothing=0.000
D step=5/5 epoch=3/3 loss=0.2133 l2=0.2000 label_smoothing=0.000
ADV epoch=2/200 g_loss=0.0511 d_loss=0.2114 reward=0.1171 reward_var=0.0276 unique=0.8600
D step=1/5 epoch=1/3 loss=0.2353 l2=0.2000 label_smoothing=0.000
D step=1/5 epoch=2/3 loss=0.2944 l2=0.2000 label_smoothing=0.000
D step=1/5 epoch=3/3 loss=0.2242 l2=0.2000 label_smoothing=0.000
D step=2/5 epoch=1/3 loss=0.3404 l2=0.2000 label_smoothing=0.000
D step=2/5 epoch=2/3 loss=0.2759 l2=0.2000 label_smoothing=0.000
D step=2/5 epoch=3/3 loss=0.2799 l2=0.2000 label_smoothing=0.000
D step=3/5 epoch=1/3 loss=0.2073 l2=0.2000 label_smoothing=0.000
D step=3/5 epoch=2/3 loss=0.2055 l2=0.2000 label_smoothing=0.000
D step=3/5 epoch=3/3 loss=0.2130 l2=0.2000 label_smoothing=0.000
D step=4/5 epoch=1/3 loss=0.2350 l2=0.2000 label_smoothing=0.000
D step=4/5 epoch=2/3 loss=0.2247 l2=0.2000 label_smoothing=0.000
D step=4/5 epoch=3/3 loss=0.2108 l2=0.2000 label_smoothing=0.000
D step=5/5 epoch=1/3 loss=0.2229 l2=0.2000 label_smoothing=0.000
D step=5/5 epoch=2/3 loss=0.2187 l2=0.2000 label_smoothing=0.000
D step=5/5 epoch=3/3 loss=0.2024 l2=0.2000 label_smoothing=0.000
ADV epoch=3/200 g_loss=0.0530 d_loss=0.2394 reward=0.1022 reward_var=0.0216 unique=0.8800
D step=1/5 epoch=1/3 loss=0.3583 l2=0.2000 label_smoothing=0.000
D step=1/5 epoch=2/3 loss=0.2457 l2=0.2000 label_smoothing=0.000
D step=1/5 epoch=3/3 loss=0.2538 l2=0.2000 label_smoothing=0.000
D step=2/5 epoch=1/3 loss=0.2632 l2=0.2000 label_smoothing=0.000
D step=2/5 epoch=2/3 loss=0.2360 l2=0.2000 label_smoothing=0.000
D step=2/5 epoch=3/3 loss=0.2112 l2=0.2000 label_smoothing=0.000
D step=3/5 epoch=1/3 loss=0.2767 l2=0.2000 label_smoothing=0.000
D step=3/5 epoch=2/3 loss=0.2543 l2=0.2000 label_smoothing=0.000
D step=3/5 epoch=3/3 loss=0.2801 l2=0.2000 label_smoothing=0.000
D step=4/5 epoch=1/3 loss=0.2539 l2=0.2000 label_smoothing=0.000
D step=4/5 epoch=2/3 loss=0.2429 l2=0.2000 label_smoothing=0.000
D step=4/5 epoch=3/3 loss=0.2343 l2=0.2000 label_smoothing=0.000
D step=5/5 epoch=1/3 loss=0.2142 l2=0.2000 label_smoothing=0.000
D step=5/5 epoch=2/3 loss=0.2015 l2=0.2000 label_smoothing=0.000
D step=5/5 epoch=3/3 loss=0.1935 l2=0.2000 label_smoothing=0.000
ADV epoch=4/200 g_loss=0.0285 d_loss=0.2480 reward=0.1065 reward_var=0.0231 unique=0.7200
D step=1/5 epoch=1/3 loss=0.3193 l2=0.2000 label_smoothing=0.000
D step=1/5 epoch=2/3 loss=0.2451 l2=0.2000 label_smoothing=0.000
D step=1/5 epoch=3/3 loss=0.2364 l2=0.2000 label_smoothing=0.000
D step=2/5 epoch=1/3 loss=0.2257 l2=0.2000 label_smoothing=0.000
D step=2/5 epoch=2/3 loss=0.2430 l2=0.2000 label_smoothing=0.000
D step=2/5 epoch=3/3 loss=0.2453 l2=0.2000 label_smoothing=0.000
D step=3/5 epoch=1/3 loss=0.1953 l2=0.2000 label_smoothing=0.000
D step=3/5 epoch=2/3 loss=0.1808 l2=0.2000 label_smoothing=0.000
D step=3/5 epoch=3/3 loss=0.1959 l2=0.2000 label_smoothing=0.000
D step=4/5 epoch=1/3 loss=0.1942 l2=0.2000 label_smoothing=0.000
D step=4/5 epoch=2/3 loss=0.2035 l2=0.2000 label_smoothing=0.000
D step=4/5 epoch=3/3 loss=0.1923 l2=0.2000 label_smoothing=0.000
D step=5/5 epoch=1/3 loss=0.2443 l2=0.2000 label_smoothing=0.000
D step=5/5 epoch=2/3 loss=0.2157 l2=0.2000 label_smoothing=0.000
D step=5/5 epoch=3/3 loss=0.2253 l2=0.2000 label_smoothing=0.000
ADV epoch=5/200 g_loss=0.0320 d_loss=0.2241 reward=0.0889 reward_var=0.0194 unique=0.6600
D step=1/5 epoch=1/3 loss=0.2728 l2=0.2000 label_smoothing=0.000
D step=1/5 epoch=2/3 loss=0.2531 l2=0.2000 label_smoothing=0.000
D step=1/5 epoch=3/3 loss=0.1998 l2=0.2000 label_smoothing=0.000
D step=2/5 epoch=1/3 loss=0.2256 l2=0.2000 label_smoothing=0.000
D step=2/5 epoch=2/3 loss=0.2215 l2=0.2000 label_smoothing=0.000
D step=2/5 epoch=3/3 loss=0.2291 l2=0.2000 label_smoothing=0.000
D step=3/5 epoch=1/3 loss=0.2500 l2=0.2000 label_smoothing=0.000
D step=3/5 epoch=2/3 loss=0.2578 l2=0.2000 label_smoothing=0.000
D step=3/5 epoch=3/3 loss=0.2537 l2=0.2000 label_smoothing=0.000
D step=4/5 epoch=1/3 loss=0.2496 l2=0.2000 label_smoothing=0.000
D step=4/5 epoch=2/3 loss=0.2551 l2=0.2000 label_smoothing=0.000
D step=4/5 epoch=3/3 loss=0.2399 l2=0.2000 label_smoothing=0.000
D step=5/5 epoch=1/3 loss=0.2468 l2=0.2000 label_smoothing=0.000
D step=5/5 epoch=2/3 loss=0.2273 l2=0.2000 label_smoothing=0.000
D step=5/5 epoch=3/3 loss=0.2131 l2=0.2000 label_smoothing=0.000
ADV epoch=6/200 g_loss=0.0386 d_loss=0.2397 reward=0.0781 reward_var=0.0135 unique=0.9000
D step=1/5 epoch=1/3 loss=0.3125 l2=0.2000 label_smoothing=0.000
D step=1/5 epoch=2/3 loss=0.2588 l2=0.2000 label_smoothing=0.000
D step=1/5 epoch=3/3 loss=0.2536 l2=0.2000 label_smoothing=0.000
D step=2/5 epoch=1/3 loss=0.3006 l2=0.2000 label_smoothing=0.000
D step=2/5 epoch=2/3 loss=0.3195 l2=0.2000 label_smoothing=0.000
D step=2/5 epoch=3/3 loss=0.2448 l2=0.2000 label_smoothing=0.000
D step=3/5 epoch=1/3 loss=0.2622 l2=0.2000 label_smoothing=0.000
D step=3/5 epoch=2/3 loss=0.2772 l2=0.2000 label_smoothing=0.000
D step=3/5 epoch=3/3 loss=0.2226 l2=0.2000 label_smoothing=0.000
D step=4/5 epoch=1/3 loss=0.2516 l2=0.2000 label_smoothing=0.000
D step=4/5 epoch=2/3 loss=0.2264 l2=0.2000 label_smoothing=0.000
D step=4/5 epoch=3/3 loss=0.2336 l2=0.2000 label_smoothing=0.000
D step=5/5 epoch=1/3 loss=0.2608 l2=0.2000 label_smoothing=0.000
D step=5/5 epoch=2/3 loss=0.2123 l2=0.2000 label_smoothing=0.000
D step=5/5 epoch=3/3 loss=0.2122 l2=0.2000 label_smoothing=0.000
ADV epoch=7/200 g_loss=0.0333 d_loss=0.2566 reward=0.1520 reward_var=0.0334 unique=0.8000
D step=1/5 epoch=1/3 loss=0.2213 l2=0.2000 label_smoothing=0.000
D step=1/5 epoch=2/3 loss=0.2323 l2=0.2000 label_smoothing=0.000
D step=1/5 epoch=3/3 loss=0.2340 l2=0.2000 label_smoothing=0.000
D step=2/5 epoch=1/3 loss=0.2280 l2=0.2000 label_smoothing=0.000
D step=2/5 epoch=2/3 loss=0.2506 l2=0.2000 label_smoothing=0.000
D step=2/5 epoch=3/3 loss=0.2231 l2=0.2000 label_smoothing=0.000
D step=3/5 epoch=1/3 loss=0.2504 l2=0.2000 label_smoothing=0.000
D step=3/5 epoch=2/3 loss=0.2152 l2=0.2000 label_smoothing=0.000
D step=3/5 epoch=3/3 loss=0.2362 l2=0.2000 label_smoothing=0.000
D step=4/5 epoch=1/3 loss=0.2814 l2=0.2000 label_smoothing=0.000
D step=4/5 epoch=2/3 loss=0.2608 l2=0.2000 label_smoothing=0.000
D step=4/5 epoch=3/3 loss=0.2531 l2=0.2000 label_smoothing=0.000
D step=5/5 epoch=1/3 loss=0.2204 l2=0.2000 label_smoothing=0.000
D step=5/5 epoch=2/3 loss=0.2259 l2=0.2000 label_smoothing=0.000
D step=5/5 epoch=3/3 loss=0.2028 l2=0.2000 label_smoothing=0.000
ADV epoch=8/200 g_loss=0.0240 d_loss=0.2357 reward=0.1680 reward_var=0.0356 unique=0.6600
D step=1/5 epoch=1/3 loss=0.2307 l2=0.2000 label_smoothing=0.000
D step=1/5 epoch=2/3 loss=0.2475 l2=0.2000 label_smoothing=0.000
D step=1/5 epoch=3/3 loss=0.2146 l2=0.2000 label_smoothing=0.000
D step=2/5 epoch=1/3 loss=0.2625 l2=0.2000 label_smoothing=0.000
D step=2/5 epoch=2/3 loss=0.2613 l2=0.2000 label_smoothing=0.000
D step=2/5 epoch=3/3 loss=0.2399 l2=0.2000 label_smoothing=0.000
D step=3/5 epoch=1/3 loss=0.2440 l2=0.2000 label_smoothing=0.000
D step=3/5 epoch=2/3 loss=0.2369 l2=0.2000 label_smoothing=0.000
D step=3/5 epoch=3/3 loss=0.2535 l2=0.2000 label_smoothing=0.000
D step=4/5 epoch=1/3 loss=0.2328 l2=0.2000 label_smoothing=0.000
D step=4/5 epoch=2/3 loss=0.2198 l2=0.2000 label_smoothing=0.000
D step=4/5 epoch=3/3 loss=0.2188 l2=0.2000 label_smoothing=0.000
D step=5/5 epoch=1/3 loss=0.2143 l2=0.2000 label_smoothing=0.000
D step=5/5 epoch=2/3 loss=0.2049 l2=0.2000 label_smoothing=0.000
D step=5/5 epoch=3/3 loss=0.1986 l2=0.2000 label_smoothing=0.000
ADV epoch=9/200 g_loss=0.0237 d_loss=0.2320 reward=0.1044 reward_var=0.0165 unique=0.6200
D step=1/5 epoch=1/3 loss=0.2596 l2=0.2000 label_smoothing=0.000
D step=1/5 epoch=2/3 loss=0.2400 l2=0.2000 label_smoothing=0.000
D step=1/5 epoch=3/3 loss=0.2283 l2=0.2000 label_smoothing=0.000
D step=2/5 epoch=1/3 loss=0.3286 l2=0.2000 label_smoothing=0.000
D step=2/5 epoch=2/3 loss=0.2624 l2=0.2000 label_smoothing=0.000
D step=2/5 epoch=3/3 loss=0.2499 l2=0.2000 label_smoothing=0.000
D step=3/5 epoch=1/3 loss=0.2346 l2=0.2000 label_smoothing=0.000
D step=3/5 epoch=2/3 loss=0.2437 l2=0.2000 label_smoothing=0.000
D step=3/5 epoch=3/3 loss=0.2262 l2=0.2000 label_smoothing=0.000
D step=4/5 epoch=1/3 loss=0.2553 l2=0.2000 label_smoothing=0.000
D step=4/5 epoch=2/3 loss=0.2482 l2=0.2000 label_smoothing=0.000
D step=4/5 epoch=3/3 loss=0.2487 l2=0.2000 label_smoothing=0.000
D step=5/5 epoch=1/3 loss=0.2224 l2=0.2000 label_smoothing=0.000
D step=5/5 epoch=2/3 loss=0.2197 l2=0.2000 label_smoothing=0.000
D step=5/5 epoch=3/3 loss=0.2058 l2=0.2000 label_smoothing=0.000
ADV epoch=10/200 g_loss=0.0223 d_loss=0.2449 reward=0.1532 reward_var=0.0265 unique=0.5600
D step=1/5 epoch=1/3 loss=0.3060 l2=0.2000 label_smoothing=0.000
D step=1/5 epoch=2/3 loss=0.2974 l2=0.2000 label_smoothing=0.000
D step=1/5 epoch=3/3 loss=0.2687 l2=0.2000 label_smoothing=0.000
D step=2/5 epoch=1/3 loss=0.2759 l2=0.2000 label_smoothing=0.000
D step=2/5 epoch=2/3 loss=0.2407 l2=0.2000 label_smoothing=0.000
D step=2/5 epoch=3/3 loss=0.2547 l2=0.2000 label_smoothing=0.000
D step=3/5 epoch=1/3 loss=0.2516 l2=0.2000 label_smoothing=0.000
D step=3/5 epoch=2/3 loss=0.2491 l2=0.2000 label_smoothing=0.000
D step=3/5 epoch=3/3 loss=0.2481 l2=0.2000 label_smoothing=0.000
D step=4/5 epoch=1/3 loss=0.2629 l2=0.2000 label_smoothing=0.000
D step=4/5 epoch=2/3 loss=0.2622 l2=0.2000 label_smoothing=0.000
D step=4/5 epoch=3/3 loss=0.2508 l2=0.2000 label_smoothing=0.000
D step=5/5 epoch=1/3 loss=0.3490 l2=0.2000 label_smoothing=0.000
D step=5/5 epoch=2/3 loss=0.3352 l2=0.2000 label_smoothing=0.000
D step=5/5 epoch=3/3 loss=0.2995 l2=0.2000 label_smoothing=0.000
ADV epoch=11/200 g_loss=0.0165 d_loss=0.2768 reward=0.1507 reward_var=0.0169 unique=0.6200
D step=1/5 epoch=1/3 loss=0.2824 l2=0.2000 label_smoothing=0.000
D step=1/5 epoch=2/3 loss=0.3682 l2=0.2000 label_smoothing=0.000
D step=1/5 epoch=3/3 loss=0.3565 l2=0.2000 label_smoothing=0.000
D step=2/5 epoch=1/3 loss=0.3207 l2=0.2000 label_smoothing=0.000
D step=2/5 epoch=2/3 loss=0.2846 l2=0.2000 label_smoothing=0.000
D step=2/5 epoch=3/3 loss=0.3021 l2=0.2000 label_smoothing=0.000
D step=3/5 epoch=1/3 loss=0.3273 l2=0.2000 label_smoothing=0.000
D step=3/5 epoch=2/3 loss=0.2903 l2=0.2000 label_smoothing=0.000
D step=3/5 epoch=3/3 loss=0.2978 l2=0.2000 label_smoothing=0.000
D step=4/5 epoch=1/3 loss=0.2812 l2=0.2000 label_smoothing=0.000
D step=4/5 epoch=2/3 loss=0.2536 l2=0.2000 label_smoothing=0.000
D step=4/5 epoch=3/3 loss=0.2868 l2=0.2000 label_smoothing=0.000
D step=5/5 epoch=1/3 loss=0.2974 l2=0.2000 label_smoothing=0.000
D step=5/5 epoch=2/3 loss=0.2990 l2=0.2000 label_smoothing=0.000
D step=5/5 epoch=3/3 loss=0.2803 l2=0.2000 label_smoothing=0.000
ADV epoch=12/200 g_loss=0.0156 d_loss=0.3019 reward=0.2006 reward_var=0.0257 unique=0.4400
D step=1/5 epoch=1/3 loss=0.3148 l2=0.2000 label_smoothing=0.000
D step=1/5 epoch=2/3 loss=0.3162 l2=0.2000 label_smoothing=0.000
D step=1/5 epoch=3/3 loss=0.2964 l2=0.2000 label_smoothing=0.000
D step=2/5 epoch=1/3 loss=0.2275 l2=0.2000 label_smoothing=0.000
D step=2/5 epoch=2/3 loss=0.2248 l2=0.2000 label_smoothing=0.000
D step=2/5 epoch=3/3 loss=0.2207 l2=0.2000 label_smoothing=0.000
D step=3/5 epoch=1/3 loss=0.2844 l2=0.2000 label_smoothing=0.000
D step=3/5 epoch=2/3 loss=0.2935 l2=0.2000 label_smoothing=0.000
D step=3/5 epoch=3/3 loss=0.2796 l2=0.2000 label_smoothing=0.000
D step=4/5 epoch=1/3 loss=0.2519 l2=0.2000 label_smoothing=0.000
D step=4/5 epoch=2/3 loss=0.2553 l2=0.2000 label_smoothing=0.000
D step=4/5 epoch=3/3 loss=0.2643 l2=0.2000 label_smoothing=0.000
D step=5/5 epoch=1/3 loss=0.3129 l2=0.2000 label_smoothing=0.000
D step=5/5 epoch=2/3 loss=0.3116 l2=0.2000 label_smoothing=0.000
D step=5/5 epoch=3/3 loss=0.2800 l2=0.2000 label_smoothing=0.000
ADV epoch=13/200 g_loss=0.0157 d_loss=0.2756 reward=0.2402 reward_var=0.0231 unique=0.4200
D step=1/5 epoch=1/3 loss=0.3079 l2=0.2000 label_smoothing=0.000
D step=1/5 epoch=2/3 loss=0.2340 l2=0.2000 label_smoothing=0.000
D step=1/5 epoch=3/3 loss=0.2809 l2=0.2000 label_smoothing=0.000
D step=2/5 epoch=1/3 loss=0.3097 l2=0.2000 label_smoothing=0.000
D step=2/5 epoch=2/3 loss=0.2859 l2=0.2000 label_smoothing=0.000
D step=2/5 epoch=3/3 loss=0.3047 l2=0.2000 label_smoothing=0.000
D step=3/5 epoch=1/3 loss=0.2913 l2=0.2000 label_smoothing=0.000
D step=3/5 epoch=2/3 loss=0.2827 l2=0.2000 label_smoothing=0.000
D step=3/5 epoch=3/3 loss=0.2618 l2=0.2000 label_smoothing=0.000
D step=4/5 epoch=1/3 loss=0.2877 l2=0.2000 label_smoothing=0.000
D step=4/5 epoch=2/3 loss=0.2729 l2=0.2000 label_smoothing=0.000
D step=4/5 epoch=3/3 loss=0.2668 l2=0.2000 label_smoothing=0.000
D step=5/5 epoch=1/3 loss=0.3185 l2=0.2000 label_smoothing=0.000
D step=5/5 epoch=2/3 loss=0.2983 l2=0.2000 label_smoothing=0.000
D step=5/5 epoch=3/3 loss=0.3001 l2=0.2000 label_smoothing=0.000
ADV epoch=14/200 g_loss=0.0113 d_loss=0.2869 reward=0.1447 reward_var=0.0103 unique=0.3800
D step=1/5 epoch=1/3 loss=0.2763 l2=0.2000 label_smoothing=0.000
D step=1/5 epoch=2/3 loss=0.2921 l2=0.2000 label_smoothing=0.000
D step=1/5 epoch=3/3 loss=0.2892 l2=0.2000 label_smoothing=0.000
D step=2/5 epoch=1/3 loss=0.2722 l2=0.2000 label_smoothing=0.000
D step=2/5 epoch=2/3 loss=0.2778 l2=0.2000 label_smoothing=0.000
D step=2/5 epoch=3/3 loss=0.2907 l2=0.2000 label_smoothing=0.000
D step=3/5 epoch=1/3 loss=0.2916 l2=0.2000 label_smoothing=0.000
D step=3/5 epoch=2/3 loss=0.2905 l2=0.2000 label_smoothing=0.000
D step=3/5 epoch=3/3 loss=0.2819 l2=0.2000 label_smoothing=0.000
D step=4/5 epoch=1/3 loss=0.3019 l2=0.2000 label_smoothing=0.000
D step=4/5 epoch=2/3 loss=0.3163 l2=0.2000 label_smoothing=0.000
D step=4/5 epoch=3/3 loss=0.2998 l2=0.2000 label_smoothing=0.000
D step=5/5 epoch=1/3 loss=0.2869 l2=0.2000 label_smoothing=0.000
D step=5/5 epoch=2/3 loss=0.2749 l2=0.2000 label_smoothing=0.000
D step=5/5 epoch=3/3 loss=0.2899 l2=0.2000 label_smoothing=0.000
ADV epoch=15/200 g_loss=0.0101 d_loss=0.2888 reward=0.1467 reward_var=0.0076 unique=0.4000
D step=1/5 epoch=1/3 loss=0.3710 l2=0.2000 label_smoothing=0.000
D step=1/5 epoch=2/3 loss=0.2708 l2=0.2000 label_smoothing=0.000
D step=1/5 epoch=3/3 loss=0.3199 l2=0.2000 label_smoothing=0.000
D step=2/5 epoch=1/3 loss=0.3433 l2=0.2000 label_smoothing=0.000
D step=2/5 epoch=2/3 loss=0.3372 l2=0.2000 label_smoothing=0.000
D step=2/5 epoch=3/3 loss=0.3274 l2=0.2000 label_smoothing=0.000
D step=3/5 epoch=1/3 loss=0.2961 l2=0.2000 label_smoothing=0.000
D step=3/5 epoch=2/3 loss=0.3135 l2=0.2000 label_smoothing=0.000
D step=3/5 epoch=3/3 loss=0.3027 l2=0.2000 label_smoothing=0.000
D step=4/5 epoch=1/3 loss=0.3193 l2=0.2000 label_smoothing=0.000
D step=4/5 epoch=2/3 loss=0.3050 l2=0.2000 label_smoothing=0.000
D step=4/5 epoch=3/3 loss=0.3011 l2=0.2000 label_smoothing=0.000
D step=5/5 epoch=1/3 loss=0.2778 l2=0.2000 label_smoothing=0.000
D step=5/5 epoch=2/3 loss=0.2734 l2=0.2000 label_smoothing=0.000
D step=5/5 epoch=3/3 loss=0.2736 l2=0.2000 label_smoothing=0.000
ADV epoch=16/200 g_loss=0.0101 d_loss=0.3088 reward=0.1421 reward_var=0.0135 unique=0.3000
D step=1/5 epoch=1/3 loss=0.2989 l2=0.2000 label_smoothing=0.000
D step=1/5 epoch=2/3 loss=0.2876 l2=0.2000 label_smoothing=0.000
D step=1/5 epoch=3/3 loss=0.2917 l2=0.2000 label_smoothing=0.000
D step=2/5 epoch=1/3 loss=0.3210 l2=0.2000 label_smoothing=0.000
D step=2/5 epoch=2/3 loss=0.3056 l2=0.2000 label_smoothing=0.000
D step=2/5 epoch=3/3 loss=0.3150 l2=0.2000 label_smoothing=0.000
D step=3/5 epoch=1/3 loss=0.3395 l2=0.2000 label_smoothing=0.000
D step=3/5 epoch=2/3 loss=0.3149 l2=0.2000 label_smoothing=0.000
D step=3/5 epoch=3/3 loss=0.3184 l2=0.2000 label_smoothing=0.000
D step=4/5 epoch=1/3 loss=0.2951 l2=0.2000 label_smoothing=0.000
D step=4/5 epoch=2/3 loss=0.2767 l2=0.2000 label_smoothing=0.000
D step=4/5 epoch=3/3 loss=0.2721 l2=0.2000 label_smoothing=0.000
D step=5/5 epoch=1/3 loss=0.2901 l2=0.2000 label_smoothing=0.000
D step=5/5 epoch=2/3 loss=0.3041 l2=0.2000 label_smoothing=0.000
D step=5/5 epoch=3/3 loss=0.2988 l2=0.2000 label_smoothing=0.000
ADV epoch=17/200 g_loss=0.0063 d_loss=0.3020 reward=0.1960 reward_var=0.0090 unique=0.4000
D step=1/5 epoch=1/3 loss=0.3703 l2=0.2000 label_smoothing=0.000
D step=1/5 epoch=2/3 loss=0.2965 l2=0.2000 label_smoothing=0.000
D step=1/5 epoch=3/3 loss=0.3163 l2=0.2000 label_smoothing=0.000
D step=2/5 epoch=1/3 loss=0.2749 l2=0.2000 label_smoothing=0.000
D step=2/5 epoch=2/3 loss=0.2685 l2=0.2000 label_smoothing=0.000
D step=2/5 epoch=3/3 loss=0.2644 l2=0.2000 label_smoothing=0.000
D step=3/5 epoch=1/3 loss=0.3098 l2=0.2000 label_smoothing=0.000
D step=3/5 epoch=2/3 loss=0.2897 l2=0.2000 label_smoothing=0.000
D step=3/5 epoch=3/3 loss=0.2470 l2=0.2000 label_smoothing=0.000
D step=4/5 epoch=1/3 loss=0.3020 l2=0.2000 label_smoothing=0.000
D step=4/5 epoch=2/3 loss=0.3059 l2=0.2000 label_smoothing=0.000
D step=4/5 epoch=3/3 loss=0.3262 l2=0.2000 label_smoothing=0.000
D step=5/5 epoch=1/3 loss=0.2948 l2=0.2000 label_smoothing=0.000
D step=5/5 epoch=2/3 loss=0.3053 l2=0.2000 label_smoothing=0.000
D step=5/5 epoch=3/3 loss=0.2968 l2=0.2000 label_smoothing=0.000
ADV epoch=18/200 g_loss=0.0054 d_loss=0.2979 reward=0.1369 reward_var=0.0067 unique=0.2200
D step=1/5 epoch=1/3 loss=0.3209 l2=0.2000 label_smoothing=0.000
D step=1/5 epoch=2/3 loss=0.2744 l2=0.2000 label_smoothing=0.000
D step=1/5 epoch=3/3 loss=0.3062 l2=0.2000 label_smoothing=0.000
D step=2/5 epoch=1/3 loss=0.3243 l2=0.2000 label_smoothing=0.000
D step=2/5 epoch=2/3 loss=0.3122 l2=0.2000 label_smoothing=0.000
D step=2/5 epoch=3/3 loss=0.3050 l2=0.2000 label_smoothing=0.000
D step=3/5 epoch=1/3 loss=0.2882 l2=0.2000 label_smoothing=0.000
D step=3/5 epoch=2/3 loss=0.2852 l2=0.2000 label_smoothing=0.000
D step=3/5 epoch=3/3 loss=0.2883 l2=0.2000 label_smoothing=0.000
D step=4/5 epoch=1/3 loss=0.2467 l2=0.2000 label_smoothing=0.000
D step=4/5 epoch=2/3 loss=0.2555 l2=0.2000 label_smoothing=0.000
D step=4/5 epoch=3/3 loss=0.2646 l2=0.2000 label_smoothing=0.000
D step=5/5 epoch=1/3 loss=0.2920 l2=0.2000 label_smoothing=0.000
D step=5/5 epoch=2/3 loss=0.2762 l2=0.2000 label_smoothing=0.000
D step=5/5 epoch=3/3 loss=0.2853 l2=0.2000 label_smoothing=0.000
ADV epoch=19/200 g_loss=0.0107 d_loss=0.2883 reward=0.1084 reward_var=0.0065 unique=0.3600
D step=1/5 epoch=1/3 loss=0.3361 l2=0.2000 label_smoothing=0.000
D step=1/5 epoch=2/3 loss=0.2740 l2=0.2000 label_smoothing=0.000
D step=1/5 epoch=3/3 loss=0.3073 l2=0.2000 label_smoothing=0.000
D step=2/5 epoch=1/3 loss=0.2907 l2=0.2000 label_smoothing=0.000
D step=2/5 epoch=2/3 loss=0.2747 l2=0.2000 label_smoothing=0.000
D step=2/5 epoch=3/3 loss=0.2965 l2=0.2000 label_smoothing=0.000
D step=3/5 epoch=1/3 loss=0.2325 l2=0.2000 label_smoothing=0.000
D step=3/5 epoch=2/3 loss=0.2355 l2=0.2000 label_smoothing=0.000
D step=3/5 epoch=3/3 loss=0.2404 l2=0.2000 label_smoothing=0.000
D step=4/5 epoch=1/3 loss=0.2255 l2=0.2000 label_smoothing=0.000
D step=4/5 epoch=2/3 loss=0.2288 l2=0.2000 label_smoothing=0.000
D step=4/5 epoch=3/3 loss=0.2262 l2=0.2000 label_smoothing=0.000
D step=5/5 epoch=1/3 loss=0.2682 l2=0.2000 label_smoothing=0.000
D step=5/5 epoch=2/3 loss=0.2704 l2=0.2000 label_smoothing=0.000
D step=5/5 epoch=3/3 loss=0.2604 l2=0.2000 label_smoothing=0.000
ADV epoch=20/200 g_loss=0.0038 d_loss=0.2645 reward=0.1505 reward_var=0.0031 unique=0.2000
D step=1/5 epoch=1/3 loss=0.3082 l2=0.2000 label_smoothing=0.000
D step=1/5 epoch=2/3 loss=0.3068 l2=0.2000 label_smoothing=0.000
D step=1/5 epoch=3/3 loss=0.2924 l2=0.2000 label_smoothing=0.000
D step=2/5 epoch=1/3 loss=0.3112 l2=0.2000 label_smoothing=0.000
D step=2/5 epoch=2/3 loss=0.3017 l2=0.2000 label_smoothing=0.000
D step=2/5 epoch=3/3 loss=0.2921 l2=0.2000 label_smoothing=0.000
D step=3/5 epoch=1/3 loss=0.2953 l2=0.2000 label_smoothing=0.000
D step=3/5 epoch=2/3 loss=0.3015 l2=0.2000 label_smoothing=0.000
D step=3/5 epoch=3/3 loss=0.2828 l2=0.2000 label_smoothing=0.000
D step=4/5 epoch=1/3 loss=0.2930 l2=0.2000 label_smoothing=0.000
D step=4/5 epoch=2/3 loss=0.2965 l2=0.2000 label_smoothing=0.000
D step=4/5 epoch=3/3 loss=0.2946 l2=0.2000 label_smoothing=0.000
D step=5/5 epoch=1/3 loss=0.2693 l2=0.2000 label_smoothing=0.000
D step=5/5 epoch=2/3 loss=0.2544 l2=0.2000 label_smoothing=0.000
D step=5/5 epoch=3/3 loss=0.2466 l2=0.2000 label_smoothing=0.000
ADV epoch=21/200 g_loss=0.0037 d_loss=0.2898 reward=0.2116 reward_var=0.0052 unique=0.2200
D step=1/5 epoch=1/3 loss=0.3258 l2=0.2000 label_smoothing=0.000
D step=1/5 epoch=2/3 loss=0.2940 l2=0.2000 label_smoothing=0.000
D step=1/5 epoch=3/3 loss=0.3066 l2=0.2000 label_smoothing=0.000
D step=2/5 epoch=1/3 loss=0.2360 l2=0.2000 label_smoothing=0.000
D step=2/5 epoch=2/3 loss=0.2336 l2=0.2000 label_smoothing=0.000
D step=2/5 epoch=3/3 loss=0.2352 l2=0.2000 label_smoothing=0.000
D step=3/5 epoch=1/3 loss=0.2906 l2=0.2000 label_smoothing=0.000
D step=3/5 epoch=2/3 loss=0.2971 l2=0.2000 label_smoothing=0.000
D step=3/5 epoch=3/3 loss=0.2783 l2=0.2000 label_smoothing=0.000
D step=4/5 epoch=1/3 loss=0.2931 l2=0.2000 label_smoothing=0.000
D step=4/5 epoch=2/3 loss=0.2814 l2=0.2000 label_smoothing=0.000
D step=4/5 epoch=3/3 loss=0.2982 l2=0.2000 label_smoothing=0.000
D step=5/5 epoch=1/3 loss=0.2750 l2=0.2000 label_smoothing=0.000
D step=5/5 epoch=2/3 loss=0.2629 l2=0.2000 label_smoothing=0.000
D step=5/5 epoch=3/3 loss=0.2659 l2=0.2000 label_smoothing=0.000
ADV epoch=22/200 g_loss=0.0022 d_loss=0.2782 reward=0.1439 reward_var=0.0020 unique=0.1600
D step=1/5 epoch=1/3 loss=0.2050 l2=0.2000 label_smoothing=0.000
D step=1/5 epoch=2/3 loss=0.2154 l2=0.2000 label_smoothing=0.000
D step=1/5 epoch=3/3 loss=0.2233 l2=0.2000 label_smoothing=0.000
D step=2/5 epoch=1/3 loss=0.3118 l2=0.2000 label_smoothing=0.000
D step=2/5 epoch=2/3 loss=0.3065 l2=0.2000 label_smoothing=0.000
D step=2/5 epoch=3/3 loss=0.2855 l2=0.2000 label_smoothing=0.000
D step=3/5 epoch=1/3 loss=0.3057 l2=0.2000 label_smoothing=0.000
D step=3/5 epoch=2/3 loss=0.2980 l2=0.2000 label_smoothing=0.000
D step=3/5 epoch=3/3 loss=0.2830 l2=0.2000 label_smoothing=0.000
D step=4/5 epoch=1/3 loss=0.2901 l2=0.2000 label_smoothing=0.000
D step=4/5 epoch=2/3 loss=0.3042 l2=0.2000 label_smoothing=0.000
D step=4/5 epoch=3/3 loss=0.2811 l2=0.2000 label_smoothing=0.000
D step=5/5 epoch=1/3 loss=0.2895 l2=0.2000 label_smoothing=0.000
D step=5/5 epoch=2/3 loss=0.2995 l2=0.2000 label_smoothing=0.000
D step=5/5 epoch=3/3 loss=0.3004 l2=0.2000 label_smoothing=0.000
ADV epoch=23/200 g_loss=0.0020 d_loss=0.2799 reward=0.1137 reward_var=0.0009 unique=0.1400
D step=1/5 epoch=1/3 loss=0.3061 l2=0.2000 label_smoothing=0.000
D step=1/5 epoch=2/3 loss=0.2708 l2=0.2000 label_smoothing=0.000
D step=1/5 epoch=3/3 loss=0.2931 l2=0.2000 label_smoothing=0.000
D step=2/5 epoch=1/3 loss=0.2845 l2=0.2000 label_smoothing=0.000
D step=2/5 epoch=2/3 loss=0.2692 l2=0.2000 label_smoothing=0.000
D step=2/5 epoch=3/3 loss=0.2837 l2=0.2000 label_smoothing=0.000
D step=3/5 epoch=1/3 loss=0.3511 l2=0.2000 label_smoothing=0.000
D step=3/5 epoch=2/3 loss=0.3101 l2=0.2000 label_smoothing=0.000
D step=3/5 epoch=3/3 loss=0.3059 l2=0.2000 label_smoothing=0.000
D step=4/5 epoch=1/3 loss=0.2970 l2=0.2000 label_smoothing=0.000
D step=4/5 epoch=2/3 loss=0.2888 l2=0.2000 label_smoothing=0.000
D step=4/5 epoch=3/3 loss=0.2838 l2=0.2000 label_smoothing=0.000
D step=5/5 epoch=1/3 loss=0.2679 l2=0.2000 label_smoothing=0.000
D step=5/5 epoch=2/3 loss=0.2620 l2=0.2000 label_smoothing=0.000
D step=5/5 epoch=3/3 loss=0.2783 l2=0.2000 label_smoothing=0.000
ADV epoch=24/200 g_loss=0.0029 d_loss=0.2902 reward=0.1694 reward_var=0.0039 unique=0.1200
D step=1/5 epoch=1/3 loss=0.3001 l2=0.2000 label_smoothing=0.000
D step=1/5 epoch=2/3 loss=0.2747 l2=0.2000 label_smoothing=0.000
D step=1/5 epoch=3/3 loss=0.2822 l2=0.2000 label_smoothing=0.000
D step=2/5 epoch=1/3 loss=0.3033 l2=0.2000 label_smoothing=0.000
D step=2/5 epoch=2/3 loss=0.2910 l2=0.2000 label_smoothing=0.000
D step=2/5 epoch=3/3 loss=0.2971 l2=0.2000 label_smoothing=0.000
D step=3/5 epoch=1/3 loss=0.2874 l2=0.2000 label_smoothing=0.000
D step=3/5 epoch=2/3 loss=0.2721 l2=0.2000 label_smoothing=0.000
D step=3/5 epoch=3/3 loss=0.2701 l2=0.2000 label_smoothing=0.000
D step=4/5 epoch=1/3 loss=0.2554 l2=0.2000 label_smoothing=0.000
D step=4/5 epoch=2/3 loss=0.2545 l2=0.2000 label_smoothing=0.000
D step=4/5 epoch=3/3 loss=0.2614 l2=0.2000 label_smoothing=0.000
D step=5/5 epoch=1/3 loss=0.3032 l2=0.2000 label_smoothing=0.000
D step=5/5 epoch=2/3 loss=0.3090 l2=0.2000 label_smoothing=0.000
D step=5/5 epoch=3/3 loss=0.2979 l2=0.2000 label_smoothing=0.000
ADV epoch=25/200 g_loss=0.0067 d_loss=0.2840 reward=0.1636 reward_var=0.0070 unique=0.1000
D step=1/5 epoch=1/3 loss=0.3001 l2=0.2000 label_smoothing=0.000
D step=1/5 epoch=2/3 loss=0.2913 l2=0.2000 label_smoothing=0.000
D step=1/5 epoch=3/3 loss=0.2980 l2=0.2000 label_smoothing=0.000
D step=2/5 epoch=1/3 loss=0.2952 l2=0.2000 label_smoothing=0.000
D step=2/5 epoch=2/3 loss=0.2912 l2=0.2000 label_smoothing=0.000
D step=2/5 epoch=3/3 loss=0.2978 l2=0.2000 label_smoothing=0.000
D step=3/5 epoch=1/3 loss=0.2923 l2=0.2000 label_smoothing=0.000
D step=3/5 epoch=2/3 loss=0.2950 l2=0.2000 label_smoothing=0.000
D step=3/5 epoch=3/3 loss=0.2966 l2=0.2000 label_smoothing=0.000
D step=4/5 epoch=1/3 loss=0.3073 l2=0.2000 label_smoothing=0.000
D step=4/5 epoch=2/3 loss=0.2908 l2=0.2000 label_smoothing=0.000
D step=4/5 epoch=3/3 loss=0.3000 l2=0.2000 label_smoothing=0.000
D step=5/5 epoch=1/3 loss=0.2620 l2=0.2000 label_smoothing=0.000
D step=5/5 epoch=2/3 loss=0.2493 l2=0.2000 label_smoothing=0.000
D step=5/5 epoch=3/3 loss=0.2572 l2=0.2000 label_smoothing=0.000
ADV epoch=26/200 g_loss=0.0105 d_loss=0.2883 reward=0.2066 reward_var=0.0071 unique=0.1600
D step=1/5 epoch=1/3 loss=0.3032 l2=0.2000 label_smoothing=0.000
D step=1/5 epoch=2/3 loss=0.2656 l2=0.2000 label_smoothing=0.000
D step=1/5 epoch=3/3 loss=0.2649 l2=0.2000 label_smoothing=0.000
D step=2/5 epoch=1/3 loss=0.3477 l2=0.2000 label_smoothing=0.000
D step=2/5 epoch=2/3 loss=0.3278 l2=0.2000 label_smoothing=0.000
D step=2/5 epoch=3/3 loss=0.3329 l2=0.2000 label_smoothing=0.000
D step=3/5 epoch=1/3 loss=0.2875 l2=0.2000 label_smoothing=0.000
D step=3/5 epoch=2/3 loss=0.2944 l2=0.2000 label_smoothing=0.000
D step=3/5 epoch=3/3 loss=0.2908 l2=0.2000 label_smoothing=0.000
D step=4/5 epoch=1/3 loss=0.2852 l2=0.2000 label_smoothing=0.000
D step=4/5 epoch=2/3 loss=0.2882 l2=0.2000 label_smoothing=0.000
D step=4/5 epoch=3/3 loss=0.2803 l2=0.2000 label_smoothing=0.000
D step=5/5 epoch=1/3 loss=0.3217 l2=0.2000 label_smoothing=0.000
D step=5/5 epoch=2/3 loss=0.3183 l2=0.2000 label_smoothing=0.000
D step=5/5 epoch=3/3 loss=0.3132 l2=0.2000 label_smoothing=0.000
ADV epoch=27/200 g_loss=0.0015 d_loss=0.3015 reward=0.1011 reward_var=0.0007 unique=0.1400
D step=1/5 epoch=1/3 loss=0.3176 l2=0.2000 label_smoothing=0.000
D step=1/5 epoch=2/3 loss=0.3127 l2=0.2000 label_smoothing=0.000
D step=1/5 epoch=3/3 loss=0.3158 l2=0.2000 label_smoothing=0.000
D step=2/5 epoch=1/3 loss=0.2737 l2=0.2000 label_smoothing=0.000
D step=2/5 epoch=2/3 loss=0.2504 l2=0.2000 label_smoothing=0.000
D step=2/5 epoch=3/3 loss=0.2522 l2=0.2000 label_smoothing=0.000
D step=3/5 epoch=1/3 loss=0.3079 l2=0.2000 label_smoothing=0.000
D step=3/5 epoch=2/3 loss=0.2998 l2=0.2000 label_smoothing=0.000
D step=3/5 epoch=3/3 loss=0.2963 l2=0.2000 label_smoothing=0.000
D step=4/5 epoch=1/3 loss=0.2956 l2=0.2000 label_smoothing=0.000
D step=4/5 epoch=2/3 loss=0.2813 l2=0.2000 label_smoothing=0.000
D step=4/5 epoch=3/3 loss=0.2719 l2=0.2000 label_smoothing=0.000
D step=5/5 epoch=1/3 loss=0.2988 l2=0.2000 label_smoothing=0.000
D step=5/5 epoch=2/3 loss=0.3042 l2=0.2000 label_smoothing=0.000
D step=5/5 epoch=3/3 loss=0.3068 l2=0.2000 label_smoothing=0.000
ADV epoch=28/200 g_loss=0.0024 d_loss=0.2923 reward=0.1601 reward_var=0.0025 unique=0.1400
D step=1/5 epoch=1/3 loss=0.3350 l2=0.2000 label_smoothing=0.000
D step=1/5 epoch=2/3 loss=0.2936 l2=0.2000 label_smoothing=0.000
D step=1/5 epoch=3/3 loss=0.2786 l2=0.2000 label_smoothing=0.000
D step=2/5 epoch=1/3 loss=0.2733 l2=0.2000 label_smoothing=0.000
D step=2/5 epoch=2/3 loss=0.2784 l2=0.2000 label_smoothing=0.000
D step=2/5 epoch=3/3 loss=0.2769 l2=0.2000 label_smoothing=0.000
D step=3/5 epoch=1/3 loss=0.2754 l2=0.2000 label_smoothing=0.000
D step=3/5 epoch=2/3 loss=0.2812 l2=0.2000 label_smoothing=0.000
D step=3/5 epoch=3/3 loss=0.2815 l2=0.2000 label_smoothing=0.000
D step=4/5 epoch=1/3 loss=0.2658 l2=0.2000 label_smoothing=0.000
D step=4/5 epoch=2/3 loss=0.2399 l2=0.2000 label_smoothing=0.000
D step=4/5 epoch=3/3 loss=0.2266 l2=0.2000 label_smoothing=0.000
D step=5/5 epoch=1/3 loss=0.3222 l2=0.2000 label_smoothing=0.000
D step=5/5 epoch=2/3 loss=0.3284 l2=0.2000 label_smoothing=0.000
D step=5/5 epoch=3/3 loss=0.3085 l2=0.2000 label_smoothing=0.000
ADV epoch=29/200 g_loss=0.0030 d_loss=0.2843 reward=0.1921 reward_var=0.0038 unique=0.0800
D step=1/5 epoch=1/3 loss=0.3063 l2=0.2000 label_smoothing=0.000
D step=1/5 epoch=2/3 loss=0.2903 l2=0.2000 label_smoothing=0.000
D step=1/5 epoch=3/3 loss=0.2555 l2=0.2000 label_smoothing=0.000
D step=2/5 epoch=1/3 loss=0.2957 l2=0.2000 label_smoothing=0.000
D step=2/5 epoch=2/3 loss=0.2938 l2=0.2000 label_smoothing=0.000
D step=2/5 epoch=3/3 loss=0.3007 l2=0.2000 label_smoothing=0.000
D step=3/5 epoch=1/3 loss=0.3424 l2=0.2000 label_smoothing=0.000
D step=3/5 epoch=2/3 loss=0.3280 l2=0.2000 label_smoothing=0.000
D step=3/5 epoch=3/3 loss=0.3200 l2=0.2000 label_smoothing=0.000
D step=4/5 epoch=1/3 loss=0.3011 l2=0.2000 label_smoothing=0.000
D step=4/5 epoch=2/3 loss=0.2863 l2=0.2000 label_smoothing=0.000
D step=4/5 epoch=3/3 loss=0.2822 l2=0.2000 label_smoothing=0.000
D step=5/5 epoch=1/3 loss=0.2570 l2=0.2000 label_smoothing=0.000
D step=5/5 epoch=2/3 loss=0.2592 l2=0.2000 label_smoothing=0.000
D step=5/5 epoch=3/3 loss=0.2526 l2=0.2000 label_smoothing=0.000
ADV epoch=30/200 g_loss=0.0042 d_loss=0.2914 reward=0.1852 reward_var=0.0015 unique=0.1200
D step=1/5 epoch=1/3 loss=0.3099 l2=0.2000 label_smoothing=0.000
D step=1/5 epoch=2/3 loss=0.3021 l2=0.2000 label_smoothing=0.000
D step=1/5 epoch=3/3 loss=0.2930 l2=0.2000 label_smoothing=0.000
D step=2/5 epoch=1/3 loss=0.3176 l2=0.2000 label_smoothing=0.000
D step=2/5 epoch=2/3 loss=0.3147 l2=0.2000 label_smoothing=0.000
D step=2/5 epoch=3/3 loss=0.3182 l2=0.2000 label_smoothing=0.000
D step=3/5 epoch=1/3 loss=0.3007 l2=0.2000 label_smoothing=0.000
D step=3/5 epoch=2/3 loss=0.2966 l2=0.2000 label_smoothing=0.000
D step=3/5 epoch=3/3 loss=0.2829 l2=0.2000 label_smoothing=0.000
D step=4/5 epoch=1/3 loss=0.2974 l2=0.2000 label_smoothing=0.000
D step=4/5 epoch=2/3 loss=0.2880 l2=0.2000 label_smoothing=0.000
D step=4/5 epoch=3/3 loss=0.2855 l2=0.2000 label_smoothing=0.000
D step=5/5 epoch=1/3 loss=0.2649 l2=0.2000 label_smoothing=0.000
D step=5/5 epoch=2/3 loss=0.2710 l2=0.2000 label_smoothing=0.000
D step=5/5 epoch=3/3 loss=0.2706 l2=0.2000 label_smoothing=0.000
ADV epoch=31/200 g_loss=0.0025 d_loss=0.2942 reward=0.1490 reward_var=0.0015 unique=0.1200
D step=1/5 epoch=1/3 loss=0.2760 l2=0.2000 label_smoothing=0.000
D step=1/5 epoch=2/3 loss=0.2720 l2=0.2000 label_smoothing=0.000
D step=1/5 epoch=3/3 loss=0.2797 l2=0.2000 label_smoothing=0.000
D step=2/5 epoch=1/3 loss=0.2602 l2=0.2000 label_smoothing=0.000
D step=2/5 epoch=2/3 loss=0.2601 l2=0.2000 label_smoothing=0.000
D step=2/5 epoch=3/3 loss=0.2536 l2=0.2000 label_smoothing=0.000
D step=3/5 epoch=1/3 loss=0.2507 l2=0.2000 label_smoothing=0.000
D step=3/5 epoch=2/3 loss=0.2513 l2=0.2000 label_smoothing=0.000
D step=3/5 epoch=3/3 loss=0.2409 l2=0.2000 label_smoothing=0.000
D step=4/5 epoch=1/3 loss=0.4021 l2=0.2000 label_smoothing=0.000
D step=4/5 epoch=2/3 loss=0.3566 l2=0.2000 label_smoothing=0.000
D step=4/5 epoch=3/3 loss=0.3356 l2=0.2000 label_smoothing=0.000
D step=5/5 epoch=1/3 loss=0.2911 l2=0.2000 label_smoothing=0.000
D step=5/5 epoch=2/3 loss=0.2907 l2=0.2000 label_smoothing=0.000
D step=5/5 epoch=3/3 loss=0.2861 l2=0.2000 label_smoothing=0.000
ADV epoch=32/200 g_loss=0.0016 d_loss=0.2871 reward=0.1639 reward_var=0.0024 unique=0.2400
D step=1/5 epoch=1/3 loss=0.2920 l2=0.2000 label_smoothing=0.000
D step=1/5 epoch=2/3 loss=0.2826 l2=0.2000 label_smoothing=0.000
D step=1/5 epoch=3/3 loss=0.2747 l2=0.2000 label_smoothing=0.000
D step=2/5 epoch=1/3 loss=0.2737 l2=0.2000 label_smoothing=0.000
D step=2/5 epoch=2/3 loss=0.2688 l2=0.2000 label_smoothing=0.000
D step=2/5 epoch=3/3 loss=0.2681 l2=0.2000 label_smoothing=0.000
D step=3/5 epoch=1/3 loss=0.2444 l2=0.2000 label_smoothing=0.000
D step=3/5 epoch=2/3 loss=0.2523 l2=0.2000 label_smoothing=0.000
D step=3/5 epoch=3/3 loss=0.2564 l2=0.2000 label_smoothing=0.000
D step=4/5 epoch=1/3 loss=0.2606 l2=0.2000 label_smoothing=0.000
D step=4/5 epoch=2/3 loss=0.2546 l2=0.2000 label_smoothing=0.000
D step=4/5 epoch=3/3 loss=0.2500 l2=0.2000 label_smoothing=0.000
D step=5/5 epoch=1/3 loss=0.2640 l2=0.2000 label_smoothing=0.000
D step=5/5 epoch=2/3 loss=0.2506 l2=0.2000 label_smoothing=0.000
D step=5/5 epoch=3/3 loss=0.2669 l2=0.2000 label_smoothing=0.000
ADV epoch=33/200 g_loss=0.0022 d_loss=0.2640 reward=0.2176 reward_var=0.0033 unique=0.1400
D step=1/5 epoch=1/3 loss=0.3009 l2=0.2000 label_smoothing=0.000
D step=1/5 epoch=2/3 loss=0.2869 l2=0.2000 label_smoothing=0.000
D step=1/5 epoch=3/3 loss=0.2877 l2=0.2000 label_smoothing=0.000
D step=2/5 epoch=1/3 loss=0.2359 l2=0.2000 label_smoothing=0.000
D step=2/5 epoch=2/3 loss=0.2499 l2=0.2000 label_smoothing=0.000
D step=2/5 epoch=3/3 loss=0.2516 l2=0.2000 label_smoothing=0.000
D step=3/5 epoch=1/3 loss=0.2883 l2=0.2000 label_smoothing=0.000
D step=3/5 epoch=2/3 loss=0.2960 l2=0.2000 label_smoothing=0.000
D step=3/5 epoch=3/3 loss=0.2865 l2=0.2000 label_smoothing=0.000
D step=4/5 epoch=1/3 loss=0.2463 l2=0.2000 label_smoothing=0.000
D step=4/5 epoch=2/3 loss=0.2372 l2=0.2000 label_smoothing=0.000
D step=4/5 epoch=3/3 loss=0.2461 l2=0.2000 label_smoothing=0.000
D step=5/5 epoch=1/3 loss=0.2758 l2=0.2000 label_smoothing=0.000
D step=5/5 epoch=2/3 loss=0.2836 l2=0.2000 label_smoothing=0.000
D step=5/5 epoch=3/3 loss=0.2649 l2=0.2000 label_smoothing=0.000
ADV epoch=34/200 g_loss=0.0042 d_loss=0.2692 reward=0.1370 reward_var=0.0029 unique=0.2000
D step=1/5 epoch=1/3 loss=0.3205 l2=0.2000 label_smoothing=0.000
D step=1/5 epoch=2/3 loss=0.3091 l2=0.2000 label_smoothing=0.000
D step=1/5 epoch=3/3 loss=0.2836 l2=0.2000 label_smoothing=0.000
D step=2/5 epoch=1/3 loss=0.2724 l2=0.2000 label_smoothing=0.000
D step=2/5 epoch=2/3 loss=0.2676 l2=0.2000 label_smoothing=0.000
D step=2/5 epoch=3/3 loss=0.2643 l2=0.2000 label_smoothing=0.000
D step=3/5 epoch=1/3 loss=0.2699 l2=0.2000 label_smoothing=0.000
D step=3/5 epoch=2/3 loss=0.2643 l2=0.2000 label_smoothing=0.000
D step=3/5 epoch=3/3 loss=0.2632 l2=0.2000 label_smoothing=0.000
D step=4/5 epoch=1/3 loss=0.2440 l2=0.2000 label_smoothing=0.000
D step=4/5 epoch=2/3 loss=0.2548 l2=0.2000 label_smoothing=0.000
D step=4/5 epoch=3/3 loss=0.2455 l2=0.2000 label_smoothing=0.000
D step=5/5 epoch=1/3 loss=0.2392 l2=0.2000 label_smoothing=0.000
D step=5/5 epoch=2/3 loss=0.2230 l2=0.2000 label_smoothing=0.000
D step=5/5 epoch=3/3 loss=0.2266 l2=0.2000 label_smoothing=0.000
ADV epoch=35/200 g_loss=0.0010 d_loss=0.2632 reward=0.1663 reward_var=0.0009 unique=0.0800
D step=1/5 epoch=1/3 loss=0.2750 l2=0.2000 label_smoothing=0.000
D step=1/5 epoch=2/3 loss=0.2536 l2=0.2000 label_smoothing=0.000
D step=1/5 epoch=3/3 loss=0.2343 l2=0.2000 label_smoothing=0.000
D step=2/5 epoch=1/3 loss=0.2511 l2=0.2000 label_smoothing=0.000
D step=2/5 epoch=2/3 loss=0.2584 l2=0.2000 label_smoothing=0.000
D step=2/5 epoch=3/3 loss=0.2521 l2=0.2000 label_smoothing=0.000
D step=3/5 epoch=1/3 loss=0.2634 l2=0.2000 label_smoothing=0.000
D step=3/5 epoch=2/3 loss=0.2719 l2=0.2000 label_smoothing=0.000
D step=3/5 epoch=3/3 loss=0.2717 l2=0.2000 label_smoothing=0.000
D step=4/5 epoch=1/3 loss=0.2573 l2=0.2000 label_smoothing=0.000
D step=4/5 epoch=2/3 loss=0.2486 l2=0.2000 label_smoothing=0.000
D step=4/5 epoch=3/3 loss=0.2548 l2=0.2000 label_smoothing=0.000
D step=5/5 epoch=1/3 loss=0.2637 l2=0.2000 label_smoothing=0.000
D step=5/5 epoch=2/3 loss=0.2605 l2=0.2000 label_smoothing=0.000
D step=5/5 epoch=3/3 loss=0.2578 l2=0.2000 label_smoothing=0.000
ADV epoch=36/200 g_loss=0.0021 d_loss=0.2583 reward=0.1353 reward_var=0.0004 unique=0.1400
D step=1/5 epoch=1/3 loss=0.3045 l2=0.2000 label_smoothing=0.000
D step=1/5 epoch=2/3 loss=0.2952 l2=0.2000 label_smoothing=0.000
D step=1/5 epoch=3/3 loss=0.3090 l2=0.2000 label_smoothing=0.000
D step=2/5 epoch=1/3 loss=0.2523 l2=0.2000 label_smoothing=0.000
D step=2/5 epoch=2/3 loss=0.2596 l2=0.2000 label_smoothing=0.000
D step=2/5 epoch=3/3 loss=0.2569 l2=0.2000 label_smoothing=0.000
D step=3/5 epoch=1/3 loss=0.2967 l2=0.2000 label_smoothing=0.000
D step=3/5 epoch=2/3 loss=0.2913 l2=0.2000 label_smoothing=0.000
D step=3/5 epoch=3/3 loss=0.2899 l2=0.2000 label_smoothing=0.000
D step=4/5 epoch=1/3 loss=0.2684 l2=0.2000 label_smoothing=0.000
D step=4/5 epoch=2/3 loss=0.2708 l2=0.2000 label_smoothing=0.000
D step=4/5 epoch=3/3 loss=0.2715 l2=0.2000 label_smoothing=0.000
D step=5/5 epoch=1/3 loss=0.2627 l2=0.2000 label_smoothing=0.000
D step=5/5 epoch=2/3 loss=0.2543 l2=0.2000 label_smoothing=0.000
D step=5/5 epoch=3/3 loss=0.2561 l2=0.2000 label_smoothing=0.000
ADV epoch=37/200 g_loss=0.0010 d_loss=0.2760 reward=0.1352 reward_var=0.0010 unique=0.0800
D step=1/5 epoch=1/3 loss=0.2858 l2=0.2000 label_smoothing=0.000
D step=1/5 epoch=2/3 loss=0.2818 l2=0.2000 label_smoothing=0.000
D step=1/5 epoch=3/3 loss=0.2890 l2=0.2000 label_smoothing=0.000
D step=2/5 epoch=1/3 loss=0.2640 l2=0.2000 label_smoothing=0.000
D step=2/5 epoch=2/3 loss=0.2651 l2=0.2000 label_smoothing=0.000
D step=2/5 epoch=3/3 loss=0.2545 l2=0.2000 label_smoothing=0.000
D step=3/5 epoch=1/3 loss=0.2743 l2=0.2000 label_smoothing=0.000
D step=3/5 epoch=2/3 loss=0.2794 l2=0.2000 label_smoothing=0.000
D step=3/5 epoch=3/3 loss=0.2788 l2=0.2000 label_smoothing=0.000
D step=4/5 epoch=1/3 loss=0.2950 l2=0.2000 label_smoothing=0.000
D step=4/5 epoch=2/3 loss=0.2959 l2=0.2000 label_smoothing=0.000
D step=4/5 epoch=3/3 loss=0.3025 l2=0.2000 label_smoothing=0.000
D step=5/5 epoch=1/3 loss=0.3447 l2=0.2000 label_smoothing=0.000
D step=5/5 epoch=2/3 loss=0.3311 l2=0.2000 label_smoothing=0.000
D step=5/5 epoch=3/3 loss=0.3149 l2=0.2000 label_smoothing=0.000
ADV epoch=38/200 g_loss=0.0008 d_loss=0.2904 reward=0.1382 reward_var=0.0008 unique=0.1600
D step=1/5 epoch=1/3 loss=0.2780 l2=0.2000 label_smoothing=0.000
D step=1/5 epoch=2/3 loss=0.2576 l2=0.2000 label_smoothing=0.000
D step=1/5 epoch=3/3 loss=0.2606 l2=0.2000 label_smoothing=0.000
D step=2/5 epoch=1/3 loss=0.2576 l2=0.2000 label_smoothing=0.000
D step=2/5 epoch=2/3 loss=0.2608 l2=0.2000 label_smoothing=0.000
D step=2/5 epoch=3/3 loss=0.2430 l2=0.2000 label_smoothing=0.000
D step=3/5 epoch=1/3 loss=0.2637 l2=0.2000 label_smoothing=0.000
D step=3/5 epoch=2/3 loss=0.2631 l2=0.2000 label_smoothing=0.000
D step=3/5 epoch=3/3 loss=0.2568 l2=0.2000 label_smoothing=0.000
D step=4/5 epoch=1/3 loss=0.2698 l2=0.2000 label_smoothing=0.000
D step=4/5 epoch=2/3 loss=0.2624 l2=0.2000 label_smoothing=0.000
D step=4/5 epoch=3/3 loss=0.2723 l2=0.2000 label_smoothing=0.000
D step=5/5 epoch=1/3 loss=0.2706 l2=0.2000 label_smoothing=0.000
D step=5/5 epoch=2/3 loss=0.2724 l2=0.2000 label_smoothing=0.000
D step=5/5 epoch=3/3 loss=0.2699 l2=0.2000 label_smoothing=0.000
ADV epoch=39/200 g_loss=0.0025 d_loss=0.2639 reward=0.1770 reward_var=0.0016 unique=0.1000
D step=1/5 epoch=1/3 loss=0.3130 l2=0.2000 label_smoothing=0.000
D step=1/5 epoch=2/3 loss=0.2994 l2=0.2000 label_smoothing=0.000
D step=1/5 epoch=3/3 loss=0.2838 l2=0.2000 label_smoothing=0.000
D step=2/5 epoch=1/3 loss=0.2860 l2=0.2000 label_smoothing=0.000
D step=2/5 epoch=2/3 loss=0.2822 l2=0.2000 label_smoothing=0.000
D step=2/5 epoch=3/3 loss=0.2915 l2=0.2000 label_smoothing=0.000
D step=3/5 epoch=1/3 loss=0.2711 l2=0.2000 label_smoothing=0.000
D step=3/5 epoch=2/3 loss=0.2751 l2=0.2000 label_smoothing=0.000
D step=3/5 epoch=3/3 loss=0.2720 l2=0.2000 label_smoothing=0.000
D step=4/5 epoch=1/3 loss=0.2653 l2=0.2000 label_smoothing=0.000
D step=4/5 epoch=2/3 loss=0.2593 l2=0.2000 label_smoothing=0.000
D step=4/5 epoch=3/3 loss=0.2585 l2=0.2000 label_smoothing=0.000
D step=5/5 epoch=1/3 loss=0.3207 l2=0.2000 label_smoothing=0.000
D step=5/5 epoch=2/3 loss=0.3216 l2=0.2000 label_smoothing=0.000
D step=5/5 epoch=3/3 loss=0.3118 l2=0.2000 label_smoothing=0.000
ADV epoch=40/200 g_loss=0.0091 d_loss=0.2874 reward=0.1562 reward_var=0.0026 unique=0.1400
D step=1/5 epoch=1/3 loss=0.3543 l2=0.2000 label_smoothing=0.000
D step=1/5 epoch=2/3 loss=0.3412 l2=0.2000 label_smoothing=0.000
D step=1/5 epoch=3/3 loss=0.3143 l2=0.2000 label_smoothing=0.000
D step=2/5 epoch=1/3 loss=0.2983 l2=0.2000 label_smoothing=0.000
D step=2/5 epoch=2/3 loss=0.2969 l2=0.2000 label_smoothing=0.000
D step=2/5 epoch=3/3 loss=0.2945 l2=0.2000 label_smoothing=0.000
D step=3/5 epoch=1/3 loss=0.2671 l2=0.2000 label_smoothing=0.000
D step=3/5 epoch=2/3 loss=0.2604 l2=0.2000 label_smoothing=0.000
D step=3/5 epoch=3/3 loss=0.2620 l2=0.2000 label_smoothing=0.000
D step=4/5 epoch=1/3 loss=0.2808 l2=0.2000 label_smoothing=0.000
D step=4/5 epoch=2/3 loss=0.2818 l2=0.2000 label_smoothing=0.000
D step=4/5 epoch=3/3 loss=0.2862 l2=0.2000 label_smoothing=0.000
D step=5/5 epoch=1/3 loss=0.2632 l2=0.2000 label_smoothing=0.000
D step=5/5 epoch=2/3 loss=0.2514 l2=0.2000 label_smoothing=0.000
D step=5/5 epoch=3/3 loss=0.2559 l2=0.2000 label_smoothing=0.000
ADV epoch=41/200 g_loss=0.0054 d_loss=0.2872 reward=0.2192 reward_var=0.0074 unique=0.2000
D step=1/5 epoch=1/3 loss=0.3276 l2=0.2000 label_smoothing=0.000
D step=1/5 epoch=2/3 loss=0.2909 l2=0.2000 label_smoothing=0.000
D step=1/5 epoch=3/3 loss=0.2936 l2=0.2000 label_smoothing=0.000
D step=2/5 epoch=1/3 loss=0.2977 l2=0.2000 label_smoothing=0.000
D step=2/5 epoch=2/3 loss=0.3039 l2=0.2000 label_smoothing=0.000
D step=2/5 epoch=3/3 loss=0.3003 l2=0.2000 label_smoothing=0.000
D step=3/5 epoch=1/3 loss=0.2907 l2=0.2000 label_smoothing=0.000
D step=3/5 epoch=2/3 loss=0.2902 l2=0.2000 label_smoothing=0.000
D step=3/5 epoch=3/3 loss=0.2999 l2=0.2000 label_smoothing=0.000
D step=4/5 epoch=1/3 loss=0.2478 l2=0.2000 label_smoothing=0.000
D step=4/5 epoch=2/3 loss=0.2512 l2=0.2000 label_smoothing=0.000
D step=4/5 epoch=3/3 loss=0.2463 l2=0.2000 label_smoothing=0.000
D step=5/5 epoch=1/3 loss=0.3100 l2=0.2000 label_smoothing=0.000
D step=5/5 epoch=2/3 loss=0.2965 l2=0.2000 label_smoothing=0.000
D step=5/5 epoch=3/3 loss=0.2941 l2=0.2000 label_smoothing=0.000
ADV epoch=42/200 g_loss=0.0007 d_loss=0.2894 reward=0.1521 reward_var=0.0003 unique=0.0800
D step=1/5 epoch=1/3 loss=0.2959 l2=0.2000 label_smoothing=0.000
D step=1/5 epoch=2/3 loss=0.2960 l2=0.2000 label_smoothing=0.000
D step=1/5 epoch=3/3 loss=0.3056 l2=0.2000 label_smoothing=0.000
D step=2/5 epoch=1/3 loss=0.2579 l2=0.2000 label_smoothing=0.000
D step=2/5 epoch=2/3 loss=0.2574 l2=0.2000 label_smoothing=0.000
D step=2/5 epoch=3/3 loss=0.2620 l2=0.2000 label_smoothing=0.000
D step=3/5 epoch=1/3 loss=0.2862 l2=0.2000 label_smoothing=0.000
D step=3/5 epoch=2/3 loss=0.3008 l2=0.2000 label_smoothing=0.000
D step=3/5 epoch=3/3 loss=0.2920 l2=0.2000 label_smoothing=0.000
D step=4/5 epoch=1/3 loss=0.2784 l2=0.2000 label_smoothing=0.000
D step=4/5 epoch=2/3 loss=0.2779 l2=0.2000 label_smoothing=0.000
D step=4/5 epoch=3/3 loss=0.2834 l2=0.2000 label_smoothing=0.000
D step=5/5 epoch=1/3 loss=0.2682 l2=0.2000 label_smoothing=0.000
D step=5/5 epoch=2/3 loss=0.2653 l2=0.2000 label_smoothing=0.000
D step=5/5 epoch=3/3 loss=0.2651 l2=0.2000 label_smoothing=0.000
ADV epoch=43/200 g_loss=0.0049 d_loss=0.2795 reward=0.1501 reward_var=0.0010 unique=0.1000
D step=1/5 epoch=1/3 loss=0.2993 l2=0.2000 label_smoothing=0.000
D step=1/5 epoch=2/3 loss=0.3018 l2=0.2000 label_smoothing=0.000
D step=1/5 epoch=3/3 loss=0.2923 l2=0.2000 label_smoothing=0.000
D step=2/5 epoch=1/3 loss=0.3157 l2=0.2000 label_smoothing=0.000
D step=2/5 epoch=2/3 loss=0.3086 l2=0.2000 label_smoothing=0.000
D step=2/5 epoch=3/3 loss=0.2981 l2=0.2000 label_smoothing=0.000
D step=3/5 epoch=1/3 loss=0.2482 l2=0.2000 label_smoothing=0.000
D step=3/5 epoch=2/3 loss=0.2501 l2=0.2000 label_smoothing=0.000
D step=3/5 epoch=3/3 loss=0.2429 l2=0.2000 label_smoothing=0.000
D step=4/5 epoch=1/3 loss=0.3148 l2=0.2000 label_smoothing=0.000
D step=4/5 epoch=2/3 loss=0.2982 l2=0.2000 label_smoothing=0.000
D step=4/5 epoch=3/3 loss=0.2912 l2=0.2000 label_smoothing=0.000
D step=5/5 epoch=1/3 loss=0.2884 l2=0.2000 label_smoothing=0.000
D step=5/5 epoch=2/3 loss=0.2917 l2=0.2000 label_smoothing=0.000
D step=5/5 epoch=3/3 loss=0.2926 l2=0.2000 label_smoothing=0.000
ADV epoch=44/200 g_loss=0.0055 d_loss=0.2889 reward=0.1403 reward_var=0.0102 unique=0.1000
D step=1/5 epoch=1/3 loss=0.2983 l2=0.2000 label_smoothing=0.000
D step=1/5 epoch=2/3 loss=0.2866 l2=0.2000 label_smoothing=0.000
D step=1/5 epoch=3/3 loss=0.2920 l2=0.2000 label_smoothing=0.000
D step=2/5 epoch=1/3 loss=0.3491 l2=0.2000 label_smoothing=0.000
D step=2/5 epoch=2/3 loss=0.3383 l2=0.2000 label_smoothing=0.000
D step=2/5 epoch=3/3 loss=0.3351 l2=0.2000 label_smoothing=0.000
D step=3/5 epoch=1/3 loss=0.2695 l2=0.2000 label_smoothing=0.000
D step=3/5 epoch=2/3 loss=0.2801 l2=0.2000 label_smoothing=0.000
D step=3/5 epoch=3/3 loss=0.2794 l2=0.2000 label_smoothing=0.000
D step=4/5 epoch=1/3 loss=0.2509 l2=0.2000 label_smoothing=0.000
D step=4/5 epoch=2/3 loss=0.2479 l2=0.2000 label_smoothing=0.000
D step=4/5 epoch=3/3 loss=0.2463 l2=0.2000 label_smoothing=0.000
D step=5/5 epoch=1/3 loss=0.2771 l2=0.2000 label_smoothing=0.000
D step=5/5 epoch=2/3 loss=0.2812 l2=0.2000 label_smoothing=0.000
D step=5/5 epoch=3/3 loss=0.2751 l2=0.2000 label_smoothing=0.000
ADV epoch=45/200 g_loss=0.0009 d_loss=0.2871 reward=0.2005 reward_var=0.0036 unique=0.1000
D step=1/5 epoch=1/3 loss=0.2977 l2=0.2000 label_smoothing=0.000
D step=1/5 epoch=2/3 loss=0.2840 l2=0.2000 label_smoothing=0.000
D step=1/5 epoch=3/3 loss=0.2882 l2=0.2000 label_smoothing=0.000
D step=2/5 epoch=1/3 loss=0.3002 l2=0.2000 label_smoothing=0.000
D step=2/5 epoch=2/3 loss=0.3065 l2=0.2000 label_smoothing=0.000
D step=2/5 epoch=3/3 loss=0.2980 l2=0.2000 label_smoothing=0.000
D step=3/5 epoch=1/3 loss=0.2464 l2=0.2000 label_smoothing=0.000
D step=3/5 epoch=2/3 loss=0.2464 l2=0.2000 label_smoothing=0.000
D step=3/5 epoch=3/3 loss=0.2476 l2=0.2000 label_smoothing=0.000
D step=4/5 epoch=1/3 loss=0.2626 l2=0.2000 label_smoothing=0.000
D step=4/5 epoch=2/3 loss=0.2578 l2=0.2000 label_smoothing=0.000
D step=4/5 epoch=3/3 loss=0.2653 l2=0.2000 label_smoothing=0.000
D step=5/5 epoch=1/3 loss=0.3194 l2=0.2000 label_smoothing=0.000
D step=5/5 epoch=2/3 loss=0.3099 l2=0.2000 label_smoothing=0.000
D step=5/5 epoch=3/3 loss=0.3155 l2=0.2000 label_smoothing=0.000
ADV epoch=46/200 g_loss=0.0014 d_loss=0.2830 reward=0.1803 reward_var=0.0006 unique=0.0600
D step=1/5 epoch=1/3 loss=0.2786 l2=0.2000 label_smoothing=0.000
D step=1/5 epoch=2/3 loss=0.2784 l2=0.2000 label_smoothing=0.000
D step=1/5 epoch=3/3 loss=0.2804 l2=0.2000 label_smoothing=0.000
D step=2/5 epoch=1/3 loss=0.2865 l2=0.2000 label_smoothing=0.000
D step=2/5 epoch=2/3 loss=0.2862 l2=0.2000 label_smoothing=0.000
D step=2/5 epoch=3/3 loss=0.2902 l2=0.2000 label_smoothing=0.000
D step=3/5 epoch=1/3 loss=0.2876 l2=0.2000 label_smoothing=0.000
D step=3/5 epoch=2/3 loss=0.2864 l2=0.2000 label_smoothing=0.000
D step=3/5 epoch=3/3 loss=0.2849 l2=0.2000 label_smoothing=0.000
D step=4/5 epoch=1/3 loss=0.2777 l2=0.2000 label_smoothing=0.000
D step=4/5 epoch=2/3 loss=0.2763 l2=0.2000 label_smoothing=0.000
D step=4/5 epoch=3/3 loss=0.2752 l2=0.2000 label_smoothing=0.000
D step=5/5 epoch=1/3 loss=0.3057 l2=0.2000 label_smoothing=0.000
D step=5/5 epoch=2/3 loss=0.3037 l2=0.2000 label_smoothing=0.000
D step=5/5 epoch=3/3 loss=0.3048 l2=0.2000 label_smoothing=0.000
ADV epoch=47/200 g_loss=0.0007 d_loss=0.2869 reward=0.1787 reward_var=0.0004 unique=0.1200
D step=1/5 epoch=1/3 loss=0.2817 l2=0.2000 label_smoothing=0.000
D step=1/5 epoch=2/3 loss=0.2845 l2=0.2000 label_smoothing=0.000
D step=1/5 epoch=3/3 loss=0.2816 l2=0.2000 label_smoothing=0.000
D step=2/5 epoch=1/3 loss=0.3198 l2=0.2000 label_smoothing=0.000
D step=2/5 epoch=2/3 loss=0.3168 l2=0.2000 label_smoothing=0.000
D step=2/5 epoch=3/3 loss=0.2927 l2=0.2000 label_smoothing=0.000
D step=3/5 epoch=1/3 loss=0.2468 l2=0.2000 label_smoothing=0.000
D step=3/5 epoch=2/3 loss=0.2524 l2=0.2000 label_smoothing=0.000
D step=3/5 epoch=3/3 loss=0.2531 l2=0.2000 label_smoothing=0.000
D step=4/5 epoch=1/3 loss=0.2630 l2=0.2000 label_smoothing=0.000
D step=4/5 epoch=2/3 loss=0.2621 l2=0.2000 label_smoothing=0.000
D step=4/5 epoch=3/3 loss=0.2623 l2=0.2000 label_smoothing=0.000
D step=5/5 epoch=1/3 loss=0.2447 l2=0.2000 label_smoothing=0.000
D step=5/5 epoch=2/3 loss=0.2516 l2=0.2000 label_smoothing=0.000
D step=5/5 epoch=3/3 loss=0.2546 l2=0.2000 label_smoothing=0.000
ADV epoch=48/200 g_loss=0.0014 d_loss=0.2712 reward=0.1979 reward_var=0.0007 unique=0.0600
D step=1/5 epoch=1/3 loss=0.2857 l2=0.2000 label_smoothing=0.000
D step=1/5 epoch=2/3 loss=0.2837 l2=0.2000 label_smoothing=0.000
D step=1/5 epoch=3/3 loss=0.2863 l2=0.2000 label_smoothing=0.000
D step=2/5 epoch=1/3 loss=0.2547 l2=0.2000 label_smoothing=0.000
D step=2/5 epoch=2/3 loss=0.2427 l2=0.2000 label_smoothing=0.000
D step=2/5 epoch=3/3 loss=0.2442 l2=0.2000 label_smoothing=0.000
D step=3/5 epoch=1/3 loss=0.3181 l2=0.2000 label_smoothing=0.000
D step=3/5 epoch=2/3 loss=0.3059 l2=0.2000 label_smoothing=0.000
D step=3/5 epoch=3/3 loss=0.3039 l2=0.2000 label_smoothing=0.000
D step=4/5 epoch=1/3 loss=0.2799 l2=0.2000 label_smoothing=0.000
D step=4/5 epoch=2/3 loss=0.2794 l2=0.2000 label_smoothing=0.000
D step=4/5 epoch=3/3 loss=0.2708 l2=0.2000 label_smoothing=0.000
D step=5/5 epoch=1/3 loss=0.2770 l2=0.2000 label_smoothing=0.000
D step=5/5 epoch=2/3 loss=0.2821 l2=0.2000 label_smoothing=0.000
D step=5/5 epoch=3/3 loss=0.2765 l2=0.2000 label_smoothing=0.000
ADV epoch=49/200 g_loss=0.0007 d_loss=0.2794 reward=0.1390 reward_var=0.0008 unique=0.0200
D step=1/5 epoch=1/3 loss=0.2787 l2=0.2000 label_smoothing=0.000
D step=1/5 epoch=2/3 loss=0.2645 l2=0.2000 label_smoothing=0.000
D step=1/5 epoch=3/3 loss=0.2645 l2=0.2000 label_smoothing=0.000
D step=2/5 epoch=1/3 loss=0.2784 l2=0.2000 label_smoothing=0.000
D step=2/5 epoch=2/3 loss=0.2853 l2=0.2000 label_smoothing=0.000
D step=2/5 epoch=3/3 loss=0.2762 l2=0.2000 label_smoothing=0.000
D step=3/5 epoch=1/3 loss=0.2583 l2=0.2000 label_smoothing=0.000
D step=3/5 epoch=2/3 loss=0.2582 l2=0.2000 label_smoothing=0.000
D step=3/5 epoch=3/3 loss=0.2653 l2=0.2000 label_smoothing=0.000
D step=4/5 epoch=1/3 loss=0.2623 l2=0.2000 label_smoothing=0.000
D step=4/5 epoch=2/3 loss=0.2644 l2=0.2000 label_smoothing=0.000
D step=4/5 epoch=3/3 loss=0.2596 l2=0.2000 label_smoothing=0.000
D step=5/5 epoch=1/3 loss=0.2411 l2=0.2000 label_smoothing=0.000
D step=5/5 epoch=2/3 loss=0.2476 l2=0.2000 label_smoothing=0.000
D step=5/5 epoch=3/3 loss=0.2438 l2=0.2000 label_smoothing=0.000
ADV epoch=50/200 g_loss=0.0015 d_loss=0.2632 reward=0.1830 reward_var=0.0001 unique=0.1000
D step=1/5 epoch=1/3 loss=0.2707 l2=0.2000 label_smoothing=0.000
D step=1/5 epoch=2/3 loss=0.2664 l2=0.2000 label_smoothing=0.000
D step=1/5 epoch=3/3 loss=0.2678 l2=0.2000 label_smoothing=0.000
D step=2/5 epoch=1/3 loss=0.2979 l2=0.2000 label_smoothing=0.000
D step=2/5 epoch=2/3 loss=0.3011 l2=0.2000 label_smoothing=0.000
D step=2/5 epoch=3/3 loss=0.3093 l2=0.2000 label_smoothing=0.000
D step=3/5 epoch=1/3 loss=0.2847 l2=0.2000 label_smoothing=0.000
D step=3/5 epoch=2/3 loss=0.2952 l2=0.2000 label_smoothing=0.000
D step=3/5 epoch=3/3 loss=0.2936 l2=0.2000 label_smoothing=0.000
D step=4/5 epoch=1/3 loss=0.4333 l2=0.2000 label_smoothing=0.000
D step=4/5 epoch=2/3 loss=0.3885 l2=0.2000 label_smoothing=0.000
D step=4/5 epoch=3/3 loss=0.3654 l2=0.2000 label_smoothing=0.000
D step=5/5 epoch=1/3 loss=0.2644 l2=0.2000 label_smoothing=0.000
D step=5/5 epoch=2/3 loss=0.2597 l2=0.2000 label_smoothing=0.000
D step=5/5 epoch=3/3 loss=0.2675 l2=0.2000 label_smoothing=0.000
ADV epoch=51/200 g_loss=0.0011 d_loss=0.3044 reward=0.1478 reward_var=0.0009 unique=0.0600
D step=1/5 epoch=1/3 loss=0.2646 l2=0.2000 label_smoothing=0.000
D step=1/5 epoch=2/3 loss=0.2637 l2=0.2000 label_smoothing=0.000
D step=1/5 epoch=3/3 loss=0.2562 l2=0.2000 label_smoothing=0.000
D step=2/5 epoch=1/3 loss=0.2687 l2=0.2000 label_smoothing=0.000
D step=2/5 epoch=2/3 loss=0.2814 l2=0.2000 label_smoothing=0.000
D step=2/5 epoch=3/3 loss=0.2753 l2=0.2000 label_smoothing=0.000
D step=3/5 epoch=1/3 loss=0.2935 l2=0.2000 label_smoothing=0.000
D step=3/5 epoch=2/3 loss=0.3002 l2=0.2000 label_smoothing=0.000
D step=3/5 epoch=3/3 loss=0.2865 l2=0.2000 label_smoothing=0.000
D step=4/5 epoch=1/3 loss=0.2910 l2=0.2000 label_smoothing=0.000
D step=4/5 epoch=2/3 loss=0.2874 l2=0.2000 label_smoothing=0.000
D step=4/5 epoch=3/3 loss=0.2814 l2=0.2000 label_smoothing=0.000
D step=5/5 epoch=1/3 loss=0.2728 l2=0.2000 label_smoothing=0.000
D step=5/5 epoch=2/3 loss=0.2742 l2=0.2000 label_smoothing=0.000
D step=5/5 epoch=3/3 loss=0.2697 l2=0.2000 label_smoothing=0.000
ADV epoch=52/200 g_loss=0.0004 d_loss=0.2778 reward=0.1386 reward_var=0.0007 unique=0.1000
D step=1/5 epoch=1/3 loss=0.3008 l2=0.2000 label_smoothing=0.000
D step=1/5 epoch=2/3 loss=0.3060 l2=0.2000 label_smoothing=0.000
D step=1/5 epoch=3/3 loss=0.3030 l2=0.2000 label_smoothing=0.000
D step=2/5 epoch=1/3 loss=0.2713 l2=0.2000 label_smoothing=0.000
D step=2/5 epoch=2/3 loss=0.2673 l2=0.2000 label_smoothing=0.000
D step=2/5 epoch=3/3 loss=0.2720 l2=0.2000 label_smoothing=0.000
D step=3/5 epoch=1/3 loss=0.3150 l2=0.2000 label_smoothing=0.000
D step=3/5 epoch=2/3 loss=0.3070 l2=0.2000 label_smoothing=0.000
D step=3/5 epoch=3/3 loss=0.2973 l2=0.2000 label_smoothing=0.000
D step=4/5 epoch=1/3 loss=0.3625 l2=0.2000 label_smoothing=0.000
D step=4/5 epoch=2/3 loss=0.3489 l2=0.2000 label_smoothing=0.000
D step=4/5 epoch=3/3 loss=0.3401 l2=0.2000 label_smoothing=0.000
D step=5/5 epoch=1/3 loss=0.2839 l2=0.2000 label_smoothing=0.000
D step=5/5 epoch=2/3 loss=0.2790 l2=0.2000 label_smoothing=0.000
D step=5/5 epoch=3/3 loss=0.2742 l2=0.2000 label_smoothing=0.000
ADV epoch=53/200 g_loss=0.0038 d_loss=0.3019 reward=0.1561 reward_var=0.0021 unique=0.0600
D step=1/5 epoch=1/3 loss=0.3240 l2=0.2000 label_smoothing=0.000
D step=1/5 epoch=2/3 loss=0.3018 l2=0.2000 label_smoothing=0.000
D step=1/5 epoch=3/3 loss=0.2950 l2=0.2000 label_smoothing=0.000
D step=2/5 epoch=1/3 loss=0.2646 l2=0.2000 label_smoothing=0.000
D step=2/5 epoch=2/3 loss=0.2716 l2=0.2000 label_smoothing=0.000
D step=2/5 epoch=3/3 loss=0.2620 l2=0.2000 label_smoothing=0.000
D step=3/5 epoch=1/3 loss=0.2612 l2=0.2000 label_smoothing=0.000
D step=3/5 epoch=2/3 loss=0.2631 l2=0.2000 label_smoothing=0.000
D step=3/5 epoch=3/3 loss=0.2596 l2=0.2000 label_smoothing=0.000
D step=4/5 epoch=1/3 loss=0.2734 l2=0.2000 label_smoothing=0.000
D step=4/5 epoch=2/3 loss=0.2674 l2=0.2000 label_smoothing=0.000
D step=4/5 epoch=3/3 loss=0.2742 l2=0.2000 label_smoothing=0.000
D step=5/5 epoch=1/3 loss=0.3330 l2=0.2000 label_smoothing=0.000
D step=5/5 epoch=2/3 loss=0.3195 l2=0.2000 label_smoothing=0.000
D step=5/5 epoch=3/3 loss=0.3250 l2=0.2000 label_smoothing=0.000
ADV epoch=54/200 g_loss=0.0011 d_loss=0.2864 reward=0.1388 reward_var=0.0006 unique=0.1000
D step=1/5 epoch=1/3 loss=0.2680 l2=0.2000 label_smoothing=0.000
D step=1/5 epoch=2/3 loss=0.2539 l2=0.2000 label_smoothing=0.000
D step=1/5 epoch=3/3 loss=0.2646 l2=0.2000 label_smoothing=0.000
D step=2/5 epoch=1/3 loss=0.3004 l2=0.2000 label_smoothing=0.000
D step=2/5 epoch=2/3 loss=0.3057 l2=0.2000 label_smoothing=0.000
D step=2/5 epoch=3/3 loss=0.2963 l2=0.2000 label_smoothing=0.000
D step=3/5 epoch=1/3 loss=0.2335 l2=0.2000 label_smoothing=0.000
D step=3/5 epoch=2/3 loss=0.2450 l2=0.2000 label_smoothing=0.000
D step=3/5 epoch=3/3 loss=0.2364 l2=0.2000 label_smoothing=0.000
D step=4/5 epoch=1/3 loss=0.2560 l2=0.2000 label_smoothing=0.000
D step=4/5 epoch=2/3 loss=0.2603 l2=0.2000 label_smoothing=0.000
D step=4/5 epoch=3/3 loss=0.2580 l2=0.2000 label_smoothing=0.000
D step=5/5 epoch=1/3 loss=0.2727 l2=0.2000 label_smoothing=0.000
D step=5/5 epoch=2/3 loss=0.2804 l2=0.2000 label_smoothing=0.000
D step=5/5 epoch=3/3 loss=0.2749 l2=0.2000 label_smoothing=0.000
ADV epoch=55/200 g_loss=0.0024 d_loss=0.2671 reward=0.1761 reward_var=0.0014 unique=0.0400
D step=1/5 epoch=1/3 loss=0.3431 l2=0.2000 label_smoothing=0.000
D step=1/5 epoch=2/3 loss=0.3231 l2=0.2000 label_smoothing=0.000
D step=1/5 epoch=3/3 loss=0.3074 l2=0.2000 label_smoothing=0.000
D step=2/5 epoch=1/3 loss=0.3126 l2=0.2000 label_smoothing=0.000
D step=2/5 epoch=2/3 loss=0.2795 l2=0.2000 label_smoothing=0.000
D step=2/5 epoch=3/3 loss=0.2709 l2=0.2000 label_smoothing=0.000
D step=3/5 epoch=1/3 loss=0.3059 l2=0.2000 label_smoothing=0.000
D step=3/5 epoch=2/3 loss=0.3213 l2=0.2000 label_smoothing=0.000
D step=3/5 epoch=3/3 loss=0.3142 l2=0.2000 label_smoothing=0.000
D step=4/5 epoch=1/3 loss=0.3289 l2=0.2000 label_smoothing=0.000
D step=4/5 epoch=2/3 loss=0.3010 l2=0.2000 label_smoothing=0.000
D step=4/5 epoch=3/3 loss=0.2991 l2=0.2000 label_smoothing=0.000
D step=5/5 epoch=1/3 loss=0.3119 l2=0.2000 label_smoothing=0.000
D step=5/5 epoch=2/3 loss=0.3097 l2=0.2000 label_smoothing=0.000
D step=5/5 epoch=3/3 loss=0.2976 l2=0.2000 label_smoothing=0.000
ADV epoch=56/200 g_loss=0.0103 d_loss=0.3084 reward=0.1619 reward_var=0.0106 unique=0.0600
D step=1/5 epoch=1/3 loss=0.2517 l2=0.2000 label_smoothing=0.000
D step=1/5 epoch=2/3 loss=0.2492 l2=0.2000 label_smoothing=0.000
D step=1/5 epoch=3/3 loss=0.2445 l2=0.2000 label_smoothing=0.000
D step=2/5 epoch=1/3 loss=0.2573 l2=0.2000 label_smoothing=0.000
D step=2/5 epoch=2/3 loss=0.2525 l2=0.2000 label_smoothing=0.000
D step=2/5 epoch=3/3 loss=0.2549 l2=0.2000 label_smoothing=0.000
D step=3/5 epoch=1/3 loss=0.4155 l2=0.2000 label_smoothing=0.000
D step=3/5 epoch=2/3 loss=0.4092 l2=0.2000 label_smoothing=0.000
D step=3/5 epoch=3/3 loss=0.3733 l2=0.2000 label_smoothing=0.000
D step=4/5 epoch=1/3 loss=0.3484 l2=0.2000 label_smoothing=0.000
D step=4/5 epoch=2/3 loss=0.3376 l2=0.2000 label_smoothing=0.000
D step=4/5 epoch=3/3 loss=0.3030 l2=0.2000 label_smoothing=0.000
D step=5/5 epoch=1/3 loss=0.3089 l2=0.2000 label_smoothing=0.000
D step=5/5 epoch=2/3 loss=0.3075 l2=0.2000 label_smoothing=0.000
D step=5/5 epoch=3/3 loss=0.3054 l2=0.2000 label_smoothing=0.000
ADV epoch=57/200 g_loss=0.0030 d_loss=0.3079 reward=0.1899 reward_var=0.0077 unique=0.1000
D step=1/5 epoch=1/3 loss=0.2672 l2=0.2000 label_smoothing=0.000
D step=1/5 epoch=2/3 loss=0.2475 l2=0.2000 label_smoothing=0.000
D step=1/5 epoch=3/3 loss=0.2503 l2=0.2000 label_smoothing=0.000
D step=2/5 epoch=1/3 loss=0.2415 l2=0.2000 label_smoothing=0.000
D step=2/5 epoch=2/3 loss=0.2488 l2=0.2000 label_smoothing=0.000
D step=2/5 epoch=3/3 loss=0.2522 l2=0.2000 label_smoothing=0.000
D step=3/5 epoch=1/3 loss=0.2651 l2=0.2000 label_smoothing=0.000
D step=3/5 epoch=2/3 loss=0.2636 l2=0.2000 label_smoothing=0.000
D step=3/5 epoch=3/3 loss=0.2627 l2=0.2000 label_smoothing=0.000
D step=4/5 epoch=1/3 loss=0.2683 l2=0.2000 label_smoothing=0.000
D step=4/5 epoch=2/3 loss=0.2729 l2=0.2000 label_smoothing=0.000
D step=4/5 epoch=3/3 loss=0.2742 l2=0.2000 label_smoothing=0.000
D step=5/5 epoch=1/3 loss=0.3398 l2=0.2000 label_smoothing=0.000
D step=5/5 epoch=2/3 loss=0.3296 l2=0.2000 label_smoothing=0.000
D step=5/5 epoch=3/3 loss=0.3088 l2=0.2000 label_smoothing=0.000
ADV epoch=58/200 g_loss=0.0006 d_loss=0.2728 reward=0.2052 reward_var=0.0006 unique=0.0600
D step=1/5 epoch=1/3 loss=0.2819 l2=0.2000 label_smoothing=0.000
D step=1/5 epoch=2/3 loss=0.2691 l2=0.2000 label_smoothing=0.000
D step=1/5 epoch=3/3 loss=0.2704 l2=0.2000 label_smoothing=0.000
D step=2/5 epoch=1/3 loss=0.2456 l2=0.2000 label_smoothing=0.000
D step=2/5 epoch=2/3 loss=0.2429 l2=0.2000 label_smoothing=0.000
D step=2/5 epoch=3/3 loss=0.2466 l2=0.2000 label_smoothing=0.000
D step=3/5 epoch=1/3 loss=0.2722 l2=0.2000 label_smoothing=0.000
D step=3/5 epoch=2/3 loss=0.2677 l2=0.2000 label_smoothing=0.000
D step=3/5 epoch=3/3 loss=0.2774 l2=0.2000 label_smoothing=0.000
D step=4/5 epoch=1/3 loss=0.3647 l2=0.2000 label_smoothing=0.000
D step=4/5 epoch=2/3 loss=0.3580 l2=0.2000 label_smoothing=0.000
D step=4/5 epoch=3/3 loss=0.3472 l2=0.2000 label_smoothing=0.000
D step=5/5 epoch=1/3 loss=0.3417 l2=0.2000 label_smoothing=0.000
D step=5/5 epoch=2/3 loss=0.3191 l2=0.2000 label_smoothing=0.000
D step=5/5 epoch=3/3 loss=0.3054 l2=0.2000 label_smoothing=0.000
ADV epoch=59/200 g_loss=0.0005 d_loss=0.2940 reward=0.1513 reward_var=0.0005 unique=0.1200
D step=1/5 epoch=1/3 loss=0.3018 l2=0.2000 label_smoothing=0.000
D step=1/5 epoch=2/3 loss=0.2928 l2=0.2000 label_smoothing=0.000
D step=1/5 epoch=3/3 loss=0.2942 l2=0.2000 label_smoothing=0.000
D step=2/5 epoch=1/3 loss=0.2780 l2=0.2000 label_smoothing=0.000
D step=2/5 epoch=2/3 loss=0.2758 l2=0.2000 label_smoothing=0.000
D step=2/5 epoch=3/3 loss=0.2755 l2=0.2000 label_smoothing=0.000
D step=3/5 epoch=1/3 loss=0.3069 l2=0.2000 label_smoothing=0.000
D step=3/5 epoch=2/3 loss=0.2932 l2=0.2000 label_smoothing=0.000
D step=3/5 epoch=3/3 loss=0.2719 l2=0.2000 label_smoothing=0.000
D step=4/5 epoch=1/3 loss=0.2756 l2=0.2000 label_smoothing=0.000
D step=4/5 epoch=2/3 loss=0.2850 l2=0.2000 label_smoothing=0.000
D step=4/5 epoch=3/3 loss=0.2838 l2=0.2000 label_smoothing=0.000
D step=5/5 epoch=1/3 loss=0.2890 l2=0.2000 label_smoothing=0.000
D step=5/5 epoch=2/3 loss=0.2826 l2=0.2000 label_smoothing=0.000
D step=5/5 epoch=3/3 loss=0.2820 l2=0.2000 label_smoothing=0.000
ADV epoch=60/200 g_loss=0.0018 d_loss=0.2859 reward=0.1657 reward_var=0.0024 unique=0.0600
D step=1/5 epoch=1/3 loss=0.2666 l2=0.2000 label_smoothing=0.000
D step=1/5 epoch=2/3 loss=0.2615 l2=0.2000 label_smoothing=0.000
D step=1/5 epoch=3/3 loss=0.2568 l2=0.2000 label_smoothing=0.000
D step=2/5 epoch=1/3 loss=0.3355 l2=0.2000 label_smoothing=0.000
D step=2/5 epoch=2/3 loss=0.3186 l2=0.2000 label_smoothing=0.000
D step=2/5 epoch=3/3 loss=0.3047 l2=0.2000 label_smoothing=0.000
D step=3/5 epoch=1/3 loss=0.2829 l2=0.2000 label_smoothing=0.000
D step=3/5 epoch=2/3 loss=0.2807 l2=0.2000 label_smoothing=0.000
D step=3/5 epoch=3/3 loss=0.2768 l2=0.2000 label_smoothing=0.000
D step=4/5 epoch=1/3 loss=0.2865 l2=0.2000 label_smoothing=0.000
D step=4/5 epoch=2/3 loss=0.2802 l2=0.2000 label_smoothing=0.000
D step=4/5 epoch=3/3 loss=0.2840 l2=0.2000 label_smoothing=0.000
D step=5/5 epoch=1/3 loss=0.2834 l2=0.2000 label_smoothing=0.000
D step=5/5 epoch=2/3 loss=0.2831 l2=0.2000 label_smoothing=0.000
D step=5/5 epoch=3/3 loss=0.2839 l2=0.2000 label_smoothing=0.000
ADV epoch=61/200 g_loss=0.0119 d_loss=0.2857 reward=0.1765 reward_var=0.0014 unique=0.0400
D step=1/5 epoch=1/3 loss=0.2552 l2=0.2000 label_smoothing=0.000
D step=1/5 epoch=2/3 loss=0.2533 l2=0.2000 label_smoothing=0.000
D step=1/5 epoch=3/3 loss=0.2509 l2=0.2000 label_smoothing=0.000
D step=2/5 epoch=1/3 loss=0.2767 l2=0.2000 label_smoothing=0.000
D step=2/5 epoch=2/3 loss=0.2712 l2=0.2000 label_smoothing=0.000
D step=2/5 epoch=3/3 loss=0.2584 l2=0.2000 label_smoothing=0.000
D step=3/5 epoch=1/3 loss=0.2867 l2=0.2000 label_smoothing=0.000
D step=3/5 epoch=2/3 loss=0.2871 l2=0.2000 label_smoothing=0.000
D step=3/5 epoch=3/3 loss=0.2818 l2=0.2000 label_smoothing=0.000
D step=4/5 epoch=1/3 loss=0.2987 l2=0.2000 label_smoothing=0.000
D step=4/5 epoch=2/3 loss=0.3000 l2=0.2000 label_smoothing=0.000
D step=4/5 epoch=3/3 loss=0.3012 l2=0.2000 label_smoothing=0.000
D step=5/5 epoch=1/3 loss=0.3205 l2=0.2000 label_smoothing=0.000
D step=5/5 epoch=2/3 loss=0.3318 l2=0.2000 label_smoothing=0.000
D step=5/5 epoch=3/3 loss=0.3128 l2=0.2000 label_smoothing=0.000
ADV epoch=62/200 g_loss=0.0037 d_loss=0.2858 reward=0.1843 reward_var=0.0030 unique=0.1000
D step=1/5 epoch=1/3 loss=0.2742 l2=0.2000 label_smoothing=0.000
D step=1/5 epoch=2/3 loss=0.2732 l2=0.2000 label_smoothing=0.000
D step=1/5 epoch=3/3 loss=0.2715 l2=0.2000 label_smoothing=0.000
D step=2/5 epoch=1/3 loss=0.3281 l2=0.2000 label_smoothing=0.000
D step=2/5 epoch=2/3 loss=0.3186 l2=0.2000 label_smoothing=0.000
D step=2/5 epoch=3/3 loss=0.3127 l2=0.2000 label_smoothing=0.000
D step=3/5 epoch=1/3 loss=0.2582 l2=0.2000 label_smoothing=0.000
D step=3/5 epoch=2/3 loss=0.2571 l2=0.2000 label_smoothing=0.000
D step=3/5 epoch=3/3 loss=0.2605 l2=0.2000 label_smoothing=0.000
D step=4/5 epoch=1/3 loss=0.2708 l2=0.2000 label_smoothing=0.000
D step=4/5 epoch=2/3 loss=0.2701 l2=0.2000 label_smoothing=0.000
D step=4/5 epoch=3/3 loss=0.2677 l2=0.2000 label_smoothing=0.000
D step=5/5 epoch=1/3 loss=0.2885 l2=0.2000 label_smoothing=0.000
D step=5/5 epoch=2/3 loss=0.2820 l2=0.2000 label_smoothing=0.000
D step=5/5 epoch=3/3 loss=0.2811 l2=0.2000 label_smoothing=0.000
ADV epoch=63/200 g_loss=0.0006 d_loss=0.2810 reward=0.1753 reward_var=0.0015 unique=0.0800
D step=1/5 epoch=1/3 loss=0.2878 l2=0.2000 label_smoothing=0.000
D step=1/5 epoch=2/3 loss=0.2684 l2=0.2000 label_smoothing=0.000
D step=1/5 epoch=3/3 loss=0.2603 l2=0.2000 label_smoothing=0.000
D step=2/5 epoch=1/3 loss=0.2920 l2=0.2000 label_smoothing=0.000
D step=2/5 epoch=2/3 loss=0.2892 l2=0.2000 label_smoothing=0.000
D step=2/5 epoch=3/3 loss=0.2849 l2=0.2000 label_smoothing=0.000
D step=3/5 epoch=1/3 loss=0.2929 l2=0.2000 label_smoothing=0.000
D step=3/5 epoch=2/3 loss=0.2831 l2=0.2000 label_smoothing=0.000
D step=3/5 epoch=3/3 loss=0.2829 l2=0.2000 label_smoothing=0.000
D step=4/5 epoch=1/3 loss=0.2896 l2=0.2000 label_smoothing=0.000
D step=4/5 epoch=2/3 loss=0.2918 l2=0.2000 label_smoothing=0.000
D step=4/5 epoch=3/3 loss=0.2906 l2=0.2000 label_smoothing=0.000
D step=5/5 epoch=1/3 loss=0.2494 l2=0.2000 label_smoothing=0.000
D step=5/5 epoch=2/3 loss=0.2452 l2=0.2000 label_smoothing=0.000
D step=5/5 epoch=3/3 loss=0.2529 l2=0.2000 label_smoothing=0.000
ADV epoch=64/200 g_loss=0.0006 d_loss=0.2774 reward=0.1872 reward_var=0.0000 unique=0.0600
D step=1/5 epoch=1/3 loss=0.2744 l2=0.2000 label_smoothing=0.000
D step=1/5 epoch=2/3 loss=0.2655 l2=0.2000 label_smoothing=0.000
D step=1/5 epoch=3/3 loss=0.2759 l2=0.2000 label_smoothing=0.000
D step=2/5 epoch=1/3 loss=0.3097 l2=0.2000 label_smoothing=0.000
D step=2/5 epoch=2/3 loss=0.3147 l2=0.2000 label_smoothing=0.000
D step=2/5 epoch=3/3 loss=0.3028 l2=0.2000 label_smoothing=0.000
D step=3/5 epoch=1/3 loss=0.2592 l2=0.2000 label_smoothing=0.000
D step=3/5 epoch=2/3 loss=0.2522 l2=0.2000 label_smoothing=0.000
D step=3/5 epoch=3/3 loss=0.2505 l2=0.2000 label_smoothing=0.000
D step=4/5 epoch=1/3 loss=0.2746 l2=0.2000 label_smoothing=0.000
D step=4/5 epoch=2/3 loss=0.2728 l2=0.2000 label_smoothing=0.000
D step=4/5 epoch=3/3 loss=0.2733 l2=0.2000 label_smoothing=0.000
D step=5/5 epoch=1/3 loss=0.3247 l2=0.2000 label_smoothing=0.000
D step=5/5 epoch=2/3 loss=0.3149 l2=0.2000 label_smoothing=0.000
D step=5/5 epoch=3/3 loss=0.3131 l2=0.2000 label_smoothing=0.000
ADV epoch=65/200 g_loss=0.0044 d_loss=0.2852 reward=0.1507 reward_var=0.0035 unique=0.1600
D step=1/5 epoch=1/3 loss=0.2944 l2=0.2000 label_smoothing=0.000
D step=1/5 epoch=2/3 loss=0.2676 l2=0.2000 label_smoothing=0.000
D step=1/5 epoch=3/3 loss=0.2640 l2=0.2000 label_smoothing=0.000
D step=2/5 epoch=1/3 loss=0.2741 l2=0.2000 label_smoothing=0.000
D step=2/5 epoch=2/3 loss=0.2819 l2=0.2000 label_smoothing=0.000
D step=2/5 epoch=3/3 loss=0.2769 l2=0.2000 label_smoothing=0.000
D step=3/5 epoch=1/3 loss=0.2989 l2=0.2000 label_smoothing=0.000
D step=3/5 epoch=2/3 loss=0.2950 l2=0.2000 label_smoothing=0.000
D step=3/5 epoch=3/3 loss=0.3011 l2=0.2000 label_smoothing=0.000
D step=4/5 epoch=1/3 loss=0.2675 l2=0.2000 label_smoothing=0.000
D step=4/5 epoch=2/3 loss=0.2784 l2=0.2000 label_smoothing=0.000
D step=4/5 epoch=3/3 loss=0.2712 l2=0.2000 label_smoothing=0.000
D step=5/5 epoch=1/3 loss=0.2718 l2=0.2000 label_smoothing=0.000
D step=5/5 epoch=2/3 loss=0.2730 l2=0.2000 label_smoothing=0.000
D step=5/5 epoch=3/3 loss=0.2731 l2=0.2000 label_smoothing=0.000
ADV epoch=66/200 g_loss=0.0007 d_loss=0.2793 reward=0.1956 reward_var=0.0004 unique=0.0600
D step=1/5 epoch=1/3 loss=0.2738 l2=0.2000 label_smoothing=0.000
D step=1/5 epoch=2/3 loss=0.2713 l2=0.2000 label_smoothing=0.000
D step=1/5 epoch=3/3 loss=0.2675 l2=0.2000 label_smoothing=0.000
D step=2/5 epoch=1/3 loss=0.2832 l2=0.2000 label_smoothing=0.000
D step=2/5 epoch=2/3 loss=0.2727 l2=0.2000 label_smoothing=0.000
D step=2/5 epoch=3/3 loss=0.2759 l2=0.2000 label_smoothing=0.000
D step=3/5 epoch=1/3 loss=0.2759 l2=0.2000 label_smoothing=0.000
D step=3/5 epoch=2/3 loss=0.2755 l2=0.2000 label_smoothing=0.000
D step=3/5 epoch=3/3 loss=0.2751 l2=0.2000 label_smoothing=0.000
D step=4/5 epoch=1/3 loss=0.2871 l2=0.2000 label_smoothing=0.000
D step=4/5 epoch=2/3 loss=0.2783 l2=0.2000 label_smoothing=0.000
D step=4/5 epoch=3/3 loss=0.2856 l2=0.2000 label_smoothing=0.000
D step=5/5 epoch=1/3 loss=0.2545 l2=0.2000 label_smoothing=0.000
D step=5/5 epoch=2/3 loss=0.2531 l2=0.2000 label_smoothing=0.000
D step=5/5 epoch=3/3 loss=0.2547 l2=0.2000 label_smoothing=0.000
ADV epoch=67/200 g_loss=0.0016 d_loss=0.2723 reward=0.1612 reward_var=0.0002 unique=0.1000
D step=1/5 epoch=1/3 loss=0.2869 l2=0.2000 label_smoothing=0.000
D step=1/5 epoch=2/3 loss=0.2811 l2=0.2000 label_smoothing=0.000
D step=1/5 epoch=3/3 loss=0.2765 l2=0.2000 label_smoothing=0.000
D step=2/5 epoch=1/3 loss=0.3045 l2=0.2000 label_smoothing=0.000
D step=2/5 epoch=2/3 loss=0.3096 l2=0.2000 label_smoothing=0.000
D step=2/5 epoch=3/3 loss=0.3007 l2=0.2000 label_smoothing=0.000
D step=3/5 epoch=1/3 loss=0.2853 l2=0.2000 label_smoothing=0.000
D step=3/5 epoch=2/3 loss=0.2748 l2=0.2000 label_smoothing=0.000
D step=3/5 epoch=3/3 loss=0.2639 l2=0.2000 label_smoothing=0.000
D step=4/5 epoch=1/3 loss=0.2814 l2=0.2000 label_smoothing=0.000
D step=4/5 epoch=2/3 loss=0.2765 l2=0.2000 label_smoothing=0.000
D step=4/5 epoch=3/3 loss=0.2881 l2=0.2000 label_smoothing=0.000
D step=5/5 epoch=1/3 loss=0.2734 l2=0.2000 label_smoothing=0.000
D step=5/5 epoch=2/3 loss=0.2761 l2=0.2000 label_smoothing=0.000
D step=5/5 epoch=3/3 loss=0.2728 l2=0.2000 label_smoothing=0.000
ADV epoch=68/200 g_loss=0.0019 d_loss=0.2834 reward=0.1652 reward_var=0.0002 unique=0.0600
D step=1/5 epoch=1/3 loss=0.2952 l2=0.2000 label_smoothing=0.000
D step=1/5 epoch=2/3 loss=0.2972 l2=0.2000 label_smoothing=0.000
D step=1/5 epoch=3/3 loss=0.2899 l2=0.2000 label_smoothing=0.000
D step=2/5 epoch=1/3 loss=0.3034 l2=0.2000 label_smoothing=0.000
D step=2/5 epoch=2/3 loss=0.2986 l2=0.2000 label_smoothing=0.000
D step=2/5 epoch=3/3 loss=0.3025 l2=0.2000 label_smoothing=0.000
D step=3/5 epoch=1/3 loss=0.2924 l2=0.2000 label_smoothing=0.000
D step=3/5 epoch=2/3 loss=0.3005 l2=0.2000 label_smoothing=0.000
D step=3/5 epoch=3/3 loss=0.2879 l2=0.2000 label_smoothing=0.000
D step=4/5 epoch=1/3 loss=0.2672 l2=0.2000 label_smoothing=0.000
D step=4/5 epoch=2/3 loss=0.2611 l2=0.2000 label_smoothing=0.000
D step=4/5 epoch=3/3 loss=0.2650 l2=0.2000 label_smoothing=0.000
D step=5/5 epoch=1/3 loss=0.2998 l2=0.2000 label_smoothing=0.000
D step=5/5 epoch=2/3 loss=0.2940 l2=0.2000 label_smoothing=0.000
D step=5/5 epoch=3/3 loss=0.2972 l2=0.2000 label_smoothing=0.000
ADV epoch=69/200 g_loss=0.0011 d_loss=0.2901 reward=0.1673 reward_var=0.0018 unique=0.0200
D step=1/5 epoch=1/3 loss=0.2723 l2=0.2000 label_smoothing=0.000
D step=1/5 epoch=2/3 loss=0.2666 l2=0.2000 label_smoothing=0.000
D step=1/5 epoch=3/3 loss=0.2662 l2=0.2000 label_smoothing=0.000
D step=2/5 epoch=1/3 loss=0.3382 l2=0.2000 label_smoothing=0.000
D step=2/5 epoch=2/3 loss=0.3163 l2=0.2000 label_smoothing=0.000
D step=2/5 epoch=3/3 loss=0.3060 l2=0.2000 label_smoothing=0.000
D step=3/5 epoch=1/3 loss=0.2854 l2=0.2000 label_smoothing=0.000
D step=3/5 epoch=2/3 loss=0.2866 l2=0.2000 label_smoothing=0.000
D step=3/5 epoch=3/3 loss=0.2808 l2=0.2000 label_smoothing=0.000
D step=4/5 epoch=1/3 loss=0.3015 l2=0.2000 label_smoothing=0.000
D step=4/5 epoch=2/3 loss=0.2964 l2=0.2000 label_smoothing=0.000
D step=4/5 epoch=3/3 loss=0.2961 l2=0.2000 label_smoothing=0.000
D step=5/5 epoch=1/3 loss=0.2860 l2=0.2000 label_smoothing=0.000
D step=5/5 epoch=2/3 loss=0.2785 l2=0.2000 label_smoothing=0.000
D step=5/5 epoch=3/3 loss=0.2740 l2=0.2000 label_smoothing=0.000
ADV epoch=70/200 g_loss=0.0025 d_loss=0.2901 reward=0.1561 reward_var=0.0039 unique=0.0200
D step=1/5 epoch=1/3 loss=0.2934 l2=0.2000 label_smoothing=0.000
D step=1/5 epoch=2/3 loss=0.2847 l2=0.2000 label_smoothing=0.000
D step=1/5 epoch=3/3 loss=0.2836 l2=0.2000 label_smoothing=0.000
D step=2/5 epoch=1/3 loss=0.2697 l2=0.2000 label_smoothing=0.000
D step=2/5 epoch=2/3 loss=0.2709 l2=0.2000 label_smoothing=0.000
D step=2/5 epoch=3/3 loss=0.2735 l2=0.2000 label_smoothing=0.000
D step=3/5 epoch=1/3 loss=0.2734 l2=0.2000 label_smoothing=0.000
D step=3/5 epoch=2/3 loss=0.2754 l2=0.2000 label_smoothing=0.000
D step=3/5 epoch=3/3 loss=0.2702 l2=0.2000 label_smoothing=0.000
D step=4/5 epoch=1/3 loss=0.3112 l2=0.2000 label_smoothing=0.000
D step=4/5 epoch=2/3 loss=0.3122 l2=0.2000 label_smoothing=0.000
D step=4/5 epoch=3/3 loss=0.3101 l2=0.2000 label_smoothing=0.000
D step=5/5 epoch=1/3 loss=0.2738 l2=0.2000 label_smoothing=0.000
D step=5/5 epoch=2/3 loss=0.2818 l2=0.2000 label_smoothing=0.000
D step=5/5 epoch=3/3 loss=0.2732 l2=0.2000 label_smoothing=0.000
ADV epoch=71/200 g_loss=0.0015 d_loss=0.2838 reward=0.1816 reward_var=0.0009 unique=0.1000
D step=1/5 epoch=1/3 loss=0.2588 l2=0.2000 label_smoothing=0.000
D step=1/5 epoch=2/3 loss=0.2621 l2=0.2000 label_smoothing=0.000
D step=1/5 epoch=3/3 loss=0.2594 l2=0.2000 label_smoothing=0.000
D step=2/5 epoch=1/3 loss=0.3025 l2=0.2000 label_smoothing=0.000
D step=2/5 epoch=2/3 loss=0.2984 l2=0.2000 label_smoothing=0.000
D step=2/5 epoch=3/3 loss=0.2970 l2=0.2000 label_smoothing=0.000
D step=3/5 epoch=1/3 loss=0.2857 l2=0.2000 label_smoothing=0.000
D step=3/5 epoch=2/3 loss=0.2880 l2=0.2000 label_smoothing=0.000
D step=3/5 epoch=3/3 loss=0.2739 l2=0.2000 label_smoothing=0.000
D step=4/5 epoch=1/3 loss=0.2826 l2=0.2000 label_smoothing=0.000
D step=4/5 epoch=2/3 loss=0.2830 l2=0.2000 label_smoothing=0.000
D step=4/5 epoch=3/3 loss=0.2874 l2=0.2000 label_smoothing=0.000
D step=5/5 epoch=1/3 loss=0.2823 l2=0.2000 label_smoothing=0.000
D step=5/5 epoch=2/3 loss=0.2810 l2=0.2000 label_smoothing=0.000
D step=5/5 epoch=3/3 loss=0.2750 l2=0.2000 label_smoothing=0.000
ADV epoch=72/200 g_loss=0.0025 d_loss=0.2811 reward=0.1831 reward_var=0.0023 unique=0.0800
D step=1/5 epoch=1/3 loss=0.2726 l2=0.2000 label_smoothing=0.000
D step=1/5 epoch=2/3 loss=0.2718 l2=0.2000 label_smoothing=0.000
D step=1/5 epoch=3/3 loss=0.2759 l2=0.2000 label_smoothing=0.000
D step=2/5 epoch=1/3 loss=0.2863 l2=0.2000 label_smoothing=0.000
D step=2/5 epoch=2/3 loss=0.2816 l2=0.2000 label_smoothing=0.000
D step=2/5 epoch=3/3 loss=0.2812 l2=0.2000 label_smoothing=0.000
D step=3/5 epoch=1/3 loss=0.2981 l2=0.2000 label_smoothing=0.000
D step=3/5 epoch=2/3 loss=0.3025 l2=0.2000 label_smoothing=0.000
D step=3/5 epoch=3/3 loss=0.2980 l2=0.2000 label_smoothing=0.000
D step=4/5 epoch=1/3 loss=0.3041 l2=0.2000 label_smoothing=0.000
D step=4/5 epoch=2/3 loss=0.3015 l2=0.2000 label_smoothing=0.000
D step=4/5 epoch=3/3 loss=0.2960 l2=0.2000 label_smoothing=0.000
D step=5/5 epoch=1/3 loss=0.3088 l2=0.2000 label_smoothing=0.000
D step=5/5 epoch=2/3 loss=0.3097 l2=0.2000 label_smoothing=0.000
D step=5/5 epoch=3/3 loss=0.3106 l2=0.2000 label_smoothing=0.000
ADV epoch=73/200 g_loss=0.0046 d_loss=0.2932 reward=0.1702 reward_var=0.0021 unique=0.1000
D step=1/5 epoch=1/3 loss=0.3181 l2=0.2000 label_smoothing=0.000
D step=1/5 epoch=2/3 loss=0.3159 l2=0.2000 label_smoothing=0.000
D step=1/5 epoch=3/3 loss=0.3100 l2=0.2000 label_smoothing=0.000
D step=2/5 epoch=1/3 loss=0.2379 l2=0.2000 label_smoothing=0.000
D step=2/5 epoch=2/3 loss=0.2372 l2=0.2000 label_smoothing=0.000
D step=2/5 epoch=3/3 loss=0.2383 l2=0.2000 label_smoothing=0.000
D step=3/5 epoch=1/3 loss=0.2740 l2=0.2000 label_smoothing=0.000
D step=3/5 epoch=2/3 loss=0.2642 l2=0.2000 label_smoothing=0.000
D step=3/5 epoch=3/3 loss=0.2700 l2=0.2000 label_smoothing=0.000
D step=4/5 epoch=1/3 loss=0.3321 l2=0.2000 label_smoothing=0.000
D step=4/5 epoch=2/3 loss=0.3276 l2=0.2000 label_smoothing=0.000
D step=4/5 epoch=3/3 loss=0.3186 l2=0.2000 label_smoothing=0.000
D step=5/5 epoch=1/3 loss=0.2645 l2=0.2000 label_smoothing=0.000
D step=5/5 epoch=2/3 loss=0.2666 l2=0.2000 label_smoothing=0.000
D step=5/5 epoch=3/3 loss=0.2693 l2=0.2000 label_smoothing=0.000
ADV epoch=74/200 g_loss=0.0025 d_loss=0.2830 reward=0.2005 reward_var=0.0009 unique=0.0800
D step=1/5 epoch=1/3 loss=0.2817 l2=0.2000 label_smoothing=0.000
D step=1/5 epoch=2/3 loss=0.2800 l2=0.2000 label_smoothing=0.000
D step=1/5 epoch=3/3 loss=0.2720 l2=0.2000 label_smoothing=0.000
D step=2/5 epoch=1/3 loss=0.2735 l2=0.2000 label_smoothing=0.000
D step=2/5 epoch=2/3 loss=0.2806 l2=0.2000 label_smoothing=0.000
D step=2/5 epoch=3/3 loss=0.2700 l2=0.2000 label_smoothing=0.000
D step=3/5 epoch=1/3 loss=0.2591 l2=0.2000 label_smoothing=0.000
D step=3/5 epoch=2/3 loss=0.2608 l2=0.2000 label_smoothing=0.000
D step=3/5 epoch=3/3 loss=0.2608 l2=0.2000 label_smoothing=0.000
D step=4/5 epoch=1/3 loss=0.3284 l2=0.2000 label_smoothing=0.000
D step=4/5 epoch=2/3 loss=0.3186 l2=0.2000 label_smoothing=0.000
D step=4/5 epoch=3/3 loss=0.3185 l2=0.2000 label_smoothing=0.000
D step=5/5 epoch=1/3 loss=0.2979 l2=0.2000 label_smoothing=0.000
D step=5/5 epoch=2/3 loss=0.3005 l2=0.2000 label_smoothing=0.000
D step=5/5 epoch=3/3 loss=0.2988 l2=0.2000 label_smoothing=0.000
ADV epoch=75/200 g_loss=0.0042 d_loss=0.2868 reward=0.2111 reward_var=0.0061 unique=0.0600
D step=1/5 epoch=1/3 loss=0.2732 l2=0.2000 label_smoothing=0.000
D step=1/5 epoch=2/3 loss=0.2742 l2=0.2000 label_smoothing=0.000
D step=1/5 epoch=3/3 loss=0.2582 l2=0.2000 label_smoothing=0.000
D step=2/5 epoch=1/3 loss=0.2830 l2=0.2000 label_smoothing=0.000
D step=2/5 epoch=2/3 loss=0.2891 l2=0.2000 label_smoothing=0.000
D step=2/5 epoch=3/3 loss=0.2917 l2=0.2000 label_smoothing=0.000
D step=3/5 epoch=1/3 loss=0.2837 l2=0.2000 label_smoothing=0.000
D step=3/5 epoch=2/3 loss=0.2814 l2=0.2000 label_smoothing=0.000
D step=3/5 epoch=3/3 loss=0.2810 l2=0.2000 label_smoothing=0.000
D step=4/5 epoch=1/3 loss=0.2915 l2=0.2000 label_smoothing=0.000
D step=4/5 epoch=2/3 loss=0.2914 l2=0.2000 label_smoothing=0.000
D step=4/5 epoch=3/3 loss=0.2971 l2=0.2000 label_smoothing=0.000
D step=5/5 epoch=1/3 loss=0.3260 l2=0.2000 label_smoothing=0.000
D step=5/5 epoch=2/3 loss=0.3227 l2=0.2000 label_smoothing=0.000
D step=5/5 epoch=3/3 loss=0.3294 l2=0.2000 label_smoothing=0.000
ADV epoch=76/200 g_loss=0.0069 d_loss=0.2916 reward=0.2196 reward_var=0.0051 unique=0.0400
D step=1/5 epoch=1/3 loss=0.3292 l2=0.2000 label_smoothing=0.000
D step=1/5 epoch=2/3 loss=0.3220 l2=0.2000 label_smoothing=0.000
D step=1/5 epoch=3/3 loss=0.3234 l2=0.2000 label_smoothing=0.000
D step=2/5 epoch=1/3 loss=0.3086 l2=0.2000 label_smoothing=0.000
D step=2/5 epoch=2/3 loss=0.3117 l2=0.2000 label_smoothing=0.000
D step=2/5 epoch=3/3 loss=0.3132 l2=0.2000 label_smoothing=0.000
D step=3/5 epoch=1/3 loss=0.2846 l2=0.2000 label_smoothing=0.000
D step=3/5 epoch=2/3 loss=0.2875 l2=0.2000 label_smoothing=0.000
D step=3/5 epoch=3/3 loss=0.2801 l2=0.2000 label_smoothing=0.000
D step=4/5 epoch=1/3 loss=0.3066 l2=0.2000 label_smoothing=0.000
D step=4/5 epoch=2/3 loss=0.3032 l2=0.2000 label_smoothing=0.000
D step=4/5 epoch=3/3 loss=0.3059 l2=0.2000 label_smoothing=0.000
D step=5/5 epoch=1/3 loss=0.2865 l2=0.2000 label_smoothing=0.000
D step=5/5 epoch=2/3 loss=0.2878 l2=0.2000 label_smoothing=0.000
D step=5/5 epoch=3/3 loss=0.2887 l2=0.2000 label_smoothing=0.000
ADV epoch=77/200 g_loss=0.0033 d_loss=0.3026 reward=0.2118 reward_var=0.0027 unique=0.1000
D step=1/5 epoch=1/3 loss=0.2557 l2=0.2000 label_smoothing=0.000
D step=1/5 epoch=2/3 loss=0.2511 l2=0.2000 label_smoothing=0.000
D step=1/5 epoch=3/3 loss=0.2562 l2=0.2000 label_smoothing=0.000
D step=2/5 epoch=1/3 loss=0.2995 l2=0.2000 label_smoothing=0.000
D step=2/5 epoch=2/3 loss=0.2983 l2=0.2000 label_smoothing=0.000
D step=2/5 epoch=3/3 loss=0.2988 l2=0.2000 label_smoothing=0.000
D step=3/5 epoch=1/3 loss=0.2726 l2=0.2000 label_smoothing=0.000
D step=3/5 epoch=2/3 loss=0.2720 l2=0.2000 label_smoothing=0.000
D step=3/5 epoch=3/3 loss=0.2685 l2=0.2000 label_smoothing=0.000
D step=4/5 epoch=1/3 loss=0.2851 l2=0.2000 label_smoothing=0.000
D step=4/5 epoch=2/3 loss=0.2823 l2=0.2000 label_smoothing=0.000
D step=4/5 epoch=3/3 loss=0.2874 l2=0.2000 label_smoothing=0.000
D step=5/5 epoch=1/3 loss=0.2644 l2=0.2000 label_smoothing=0.000
D step=5/5 epoch=2/3 loss=0.2690 l2=0.2000 label_smoothing=0.000
D step=5/5 epoch=3/3 loss=0.2572 l2=0.2000 label_smoothing=0.000
ADV epoch=78/200 g_loss=0.0040 d_loss=0.2745 reward=0.1980 reward_var=0.0007 unique=0.0400
D step=1/5 epoch=1/3 loss=0.3096 l2=0.2000 label_smoothing=0.000
D step=1/5 epoch=2/3 loss=0.3071 l2=0.2000 label_smoothing=0.000
D step=1/5 epoch=3/3 loss=0.3053 l2=0.2000 label_smoothing=0.000
D step=2/5 epoch=1/3 loss=0.2627 l2=0.2000 label_smoothing=0.000
D step=2/5 epoch=2/3 loss=0.2555 l2=0.2000 label_smoothing=0.000
D step=2/5 epoch=3/3 loss=0.2583 l2=0.2000 label_smoothing=0.000
D step=3/5 epoch=1/3 loss=0.2913 l2=0.2000 label_smoothing=0.000
D step=3/5 epoch=2/3 loss=0.2897 l2=0.2000 label_smoothing=0.000
D step=3/5 epoch=3/3 loss=0.2882 l2=0.2000 label_smoothing=0.000
D step=4/5 epoch=1/3 loss=0.2939 l2=0.2000 label_smoothing=0.000
D step=4/5 epoch=2/3 loss=0.3009 l2=0.2000 label_smoothing=0.000
D step=4/5 epoch=3/3 loss=0.2922 l2=0.2000 label_smoothing=0.000
D step=5/5 epoch=1/3 loss=0.2862 l2=0.2000 label_smoothing=0.000
D step=5/5 epoch=2/3 loss=0.2840 l2=0.2000 label_smoothing=0.000
D step=5/5 epoch=3/3 loss=0.2802 l2=0.2000 label_smoothing=0.000
ADV epoch=79/200 g_loss=0.0037 d_loss=0.2870 reward=0.1606 reward_var=0.0011 unique=0.0800
D step=1/5 epoch=1/3 loss=0.2875 l2=0.2000 label_smoothing=0.000
D step=1/5 epoch=2/3 loss=0.2855 l2=0.2000 label_smoothing=0.000
D step=1/5 epoch=3/3 loss=0.2793 l2=0.2000 label_smoothing=0.000
D step=2/5 epoch=1/3 loss=0.2735 l2=0.2000 label_smoothing=0.000
D step=2/5 epoch=2/3 loss=0.2735 l2=0.2000 label_smoothing=0.000
D step=2/5 epoch=3/3 loss=0.2750 l2=0.2000 label_smoothing=0.000
D step=3/5 epoch=1/3 loss=0.2813 l2=0.2000 label_smoothing=0.000
D step=3/5 epoch=2/3 loss=0.2882 l2=0.2000 label_smoothing=0.000
D step=3/5 epoch=3/3 loss=0.2830 l2=0.2000 label_smoothing=0.000
D step=4/5 epoch=1/3 loss=0.2709 l2=0.2000 label_smoothing=0.000
D step=4/5 epoch=2/3 loss=0.2660 l2=0.2000 label_smoothing=0.000
D step=4/5 epoch=3/3 loss=0.2628 l2=0.2000 label_smoothing=0.000
D step=5/5 epoch=1/3 loss=0.2836 l2=0.2000 label_smoothing=0.000
D step=5/5 epoch=2/3 loss=0.2827 l2=0.2000 label_smoothing=0.000
D step=5/5 epoch=3/3 loss=0.2868 l2=0.2000 label_smoothing=0.000
ADV epoch=80/200 g_loss=0.0072 d_loss=0.2786 reward=0.1928 reward_var=0.0031 unique=0.0800
D step=1/5 epoch=1/3 loss=0.3121 l2=0.2000 label_smoothing=0.000
D step=1/5 epoch=2/3 loss=0.3111 l2=0.2000 label_smoothing=0.000
D step=1/5 epoch=3/3 loss=0.3089 l2=0.2000 label_smoothing=0.000
D step=2/5 epoch=1/3 loss=0.2875 l2=0.2000 label_smoothing=0.000
D step=2/5 epoch=2/3 loss=0.2740 l2=0.2000 label_smoothing=0.000
D step=2/5 epoch=3/3 loss=0.2760 l2=0.2000 label_smoothing=0.000
D step=3/5 epoch=1/3 loss=0.2731 l2=0.2000 label_smoothing=0.000
D step=3/5 epoch=2/3 loss=0.2732 l2=0.2000 label_smoothing=0.000
D step=3/5 epoch=3/3 loss=0.2729 l2=0.2000 label_smoothing=0.000
D step=4/5 epoch=1/3 loss=0.2853 l2=0.2000 label_smoothing=0.000
D step=4/5 epoch=2/3 loss=0.2827 l2=0.2000 label_smoothing=0.000
D step=4/5 epoch=3/3 loss=0.2726 l2=0.2000 label_smoothing=0.000
D step=5/5 epoch=1/3 loss=0.3491 l2=0.2000 label_smoothing=0.000
D step=5/5 epoch=2/3 loss=0.3476 l2=0.2000 label_smoothing=0.000
D step=5/5 epoch=3/3 loss=0.3408 l2=0.2000 label_smoothing=0.000
ADV epoch=81/200 g_loss=0.0088 d_loss=0.2978 reward=0.1737 reward_var=0.0040 unique=0.0600
D step=1/5 epoch=1/3 loss=0.3023 l2=0.2000 label_smoothing=0.000
D step=1/5 epoch=2/3 loss=0.2956 l2=0.2000 label_smoothing=0.000
D step=1/5 epoch=3/3 loss=0.2963 l2=0.2000 label_smoothing=0.000
D step=2/5 epoch=1/3 loss=0.2866 l2=0.2000 label_smoothing=0.000
D step=2/5 epoch=2/3 loss=0.2824 l2=0.2000 label_smoothing=0.000
D step=2/5 epoch=3/3 loss=0.2729 l2=0.2000 label_smoothing=0.000
D step=3/5 epoch=1/3 loss=0.3169 l2=0.2000 label_smoothing=0.000
D step=3/5 epoch=2/3 loss=0.3190 l2=0.2000 label_smoothing=0.000
D step=3/5 epoch=3/3 loss=0.3159 l2=0.2000 label_smoothing=0.000
D step=4/5 epoch=1/3 loss=0.2775 l2=0.2000 label_smoothing=0.000
D step=4/5 epoch=2/3 loss=0.2690 l2=0.2000 label_smoothing=0.000
D step=4/5 epoch=3/3 loss=0.2730 l2=0.2000 label_smoothing=0.000
D step=5/5 epoch=1/3 loss=0.2966 l2=0.2000 label_smoothing=0.000
D step=5/5 epoch=2/3 loss=0.2965 l2=0.2000 label_smoothing=0.000
D step=5/5 epoch=3/3 loss=0.3015 l2=0.2000 label_smoothing=0.000
ADV epoch=82/200 g_loss=0.0019 d_loss=0.2935 reward=0.1900 reward_var=0.0016 unique=0.0600
D step=1/5 epoch=1/3 loss=0.3772 l2=0.2000 label_smoothing=0.000
D step=1/5 epoch=2/3 loss=0.3340 l2=0.2000 label_smoothing=0.000
D step=1/5 epoch=3/3 loss=0.3421 l2=0.2000 label_smoothing=0.000
D step=2/5 epoch=1/3 loss=0.3264 l2=0.2000 label_smoothing=0.000
D step=2/5 epoch=2/3 loss=0.3184 l2=0.2000 label_smoothing=0.000
D step=2/5 epoch=3/3 loss=0.3109 l2=0.2000 label_smoothing=0.000
D step=3/5 epoch=1/3 loss=0.2854 l2=0.2000 label_smoothing=0.000
D step=3/5 epoch=2/3 loss=0.2867 l2=0.2000 label_smoothing=0.000
D step=3/5 epoch=3/3 loss=0.2867 l2=0.2000 label_smoothing=0.000
D step=4/5 epoch=1/3 loss=0.2539 l2=0.2000 label_smoothing=0.000
D step=4/5 epoch=2/3 loss=0.2564 l2=0.2000 label_smoothing=0.000
D step=4/5 epoch=3/3 loss=0.2547 l2=0.2000 label_smoothing=0.000
D step=5/5 epoch=1/3 loss=0.2828 l2=0.2000 label_smoothing=0.000
D step=5/5 epoch=2/3 loss=0.2914 l2=0.2000 label_smoothing=0.000
D step=5/5 epoch=3/3 loss=0.2876 l2=0.2000 label_smoothing=0.000
ADV epoch=83/200 g_loss=0.0024 d_loss=0.2996 reward=0.1585 reward_var=0.0006 unique=0.0800
D step=1/5 epoch=1/3 loss=0.2492 l2=0.2000 label_smoothing=0.000
D step=1/5 epoch=2/3 loss=0.2589 l2=0.2000 label_smoothing=0.000
D step=1/5 epoch=3/3 loss=0.2525 l2=0.2000 label_smoothing=0.000
D step=2/5 epoch=1/3 loss=0.3130 l2=0.2000 label_smoothing=0.000
D step=2/5 epoch=2/3 loss=0.3047 l2=0.2000 label_smoothing=0.000
D step=2/5 epoch=3/3 loss=0.2998 l2=0.2000 label_smoothing=0.000
D step=3/5 epoch=1/3 loss=0.2811 l2=0.2000 label_smoothing=0.000
D step=3/5 epoch=2/3 loss=0.2848 l2=0.2000 label_smoothing=0.000
D step=3/5 epoch=3/3 loss=0.2833 l2=0.2000 label_smoothing=0.000
D step=4/5 epoch=1/3 loss=0.2937 l2=0.2000 label_smoothing=0.000
D step=4/5 epoch=2/3 loss=0.2968 l2=0.2000 label_smoothing=0.000
D step=4/5 epoch=3/3 loss=0.2988 l2=0.2000 label_smoothing=0.000
D step=5/5 epoch=1/3 loss=0.2546 l2=0.2000 label_smoothing=0.000
D step=5/5 epoch=2/3 loss=0.2595 l2=0.2000 label_smoothing=0.000
D step=5/5 epoch=3/3 loss=0.2521 l2=0.2000 label_smoothing=0.000
ADV epoch=84/200 g_loss=0.0022 d_loss=0.2789 reward=0.1555 reward_var=0.0011 unique=0.1000
D step=1/5 epoch=1/3 loss=0.2952 l2=0.2000 label_smoothing=0.000
D step=1/5 epoch=2/3 loss=0.2913 l2=0.2000 label_smoothing=0.000
D step=1/5 epoch=3/3 loss=0.2947 l2=0.2000 label_smoothing=0.000
D step=2/5 epoch=1/3 loss=0.2708 l2=0.2000 label_smoothing=0.000
D step=2/5 epoch=2/3 loss=0.2635 l2=0.2000 label_smoothing=0.000
D step=2/5 epoch=3/3 loss=0.2685 l2=0.2000 label_smoothing=0.000
D step=3/5 epoch=1/3 loss=0.2624 l2=0.2000 label_smoothing=0.000
D step=3/5 epoch=2/3 loss=0.2598 l2=0.2000 label_smoothing=0.000
D step=3/5 epoch=3/3 loss=0.2556 l2=0.2000 label_smoothing=0.000
D step=4/5 epoch=1/3 loss=0.3067 l2=0.2000 label_smoothing=0.000
D step=4/5 epoch=2/3 loss=0.3093 l2=0.2000 label_smoothing=0.000
D step=4/5 epoch=3/3 loss=0.3046 l2=0.2000 label_smoothing=0.000
D step=5/5 epoch=1/3 loss=0.2492 l2=0.2000 label_smoothing=0.000
D step=5/5 epoch=2/3 loss=0.2584 l2=0.2000 label_smoothing=0.000
D step=5/5 epoch=3/3 loss=0.2503 l2=0.2000 label_smoothing=0.000
ADV epoch=85/200 g_loss=0.0021 d_loss=0.2760 reward=0.1513 reward_var=0.0007 unique=0.0600
D step=1/5 epoch=1/3 loss=0.2650 l2=0.2000 label_smoothing=0.000
D step=1/5 epoch=2/3 loss=0.2651 l2=0.2000 label_smoothing=0.000
D step=1/5 epoch=3/3 loss=0.2604 l2=0.2000 label_smoothing=0.000
D step=2/5 epoch=1/3 loss=0.3209 l2=0.2000 label_smoothing=0.000
D step=2/5 epoch=2/3 loss=0.3137 l2=0.2000 label_smoothing=0.000
D step=2/5 epoch=3/3 loss=0.3164 l2=0.2000 label_smoothing=0.000
D step=3/5 epoch=1/3 loss=0.2545 l2=0.2000 label_smoothing=0.000
D step=3/5 epoch=2/3 loss=0.2487 l2=0.2000 label_smoothing=0.000
D step=3/5 epoch=3/3 loss=0.2500 l2=0.2000 label_smoothing=0.000
D step=4/5 epoch=1/3 loss=0.2591 l2=0.2000 label_smoothing=0.000
D step=4/5 epoch=2/3 loss=0.2632 l2=0.2000 label_smoothing=0.000
D step=4/5 epoch=3/3 loss=0.2686 l2=0.2000 label_smoothing=0.000
D step=5/5 epoch=1/3 loss=0.3142 l2=0.2000 label_smoothing=0.000
D step=5/5 epoch=2/3 loss=0.3152 l2=0.2000 label_smoothing=0.000
D step=5/5 epoch=3/3 loss=0.3103 l2=0.2000 label_smoothing=0.000
ADV epoch=86/200 g_loss=0.0021 d_loss=0.2817 reward=0.1694 reward_var=0.0043 unique=0.0600
D step=1/5 epoch=1/3 loss=0.2837 l2=0.2000 label_smoothing=0.000
D step=1/5 epoch=2/3 loss=0.2856 l2=0.2000 label_smoothing=0.000
D step=1/5 epoch=3/3 loss=0.2822 l2=0.2000 label_smoothing=0.000
D step=2/5 epoch=1/3 loss=0.2324 l2=0.2000 label_smoothing=0.000
D step=2/5 epoch=2/3 loss=0.2311 l2=0.2000 label_smoothing=0.000
D step=2/5 epoch=3/3 loss=0.2264 l2=0.2000 label_smoothing=0.000
D step=3/5 epoch=1/3 loss=0.2653 l2=0.2000 label_smoothing=0.000
D step=3/5 epoch=2/3 loss=0.2653 l2=0.2000 label_smoothing=0.000
D step=3/5 epoch=3/3 loss=0.2659 l2=0.2000 label_smoothing=0.000
D step=4/5 epoch=1/3 loss=0.3063 l2=0.2000 label_smoothing=0.000
D step=4/5 epoch=2/3 loss=0.3068 l2=0.2000 label_smoothing=0.000
D step=4/5 epoch=3/3 loss=0.3014 l2=0.2000 label_smoothing=0.000
D step=5/5 epoch=1/3 loss=0.2634 l2=0.2000 label_smoothing=0.000
D step=5/5 epoch=2/3 loss=0.2677 l2=0.2000 label_smoothing=0.000
D step=5/5 epoch=3/3 loss=0.2564 l2=0.2000 label_smoothing=0.000
ADV epoch=87/200 g_loss=0.0032 d_loss=0.2693 reward=0.1843 reward_var=0.0022 unique=0.0600
D step=1/5 epoch=1/3 loss=0.2986 l2=0.2000 label_smoothing=0.000
D step=1/5 epoch=2/3 loss=0.2972 l2=0.2000 label_smoothing=0.000
D step=1/5 epoch=3/3 loss=0.2992 l2=0.2000 label_smoothing=0.000
D step=2/5 epoch=1/3 loss=0.2734 l2=0.2000 label_smoothing=0.000
D step=2/5 epoch=2/3 loss=0.2792 l2=0.2000 label_smoothing=0.000
D step=2/5 epoch=3/3 loss=0.2715 l2=0.2000 label_smoothing=0.000
D step=3/5 epoch=1/3 loss=0.2891 l2=0.2000 label_smoothing=0.000
D step=3/5 epoch=2/3 loss=0.2928 l2=0.2000 label_smoothing=0.000
D step=3/5 epoch=3/3 loss=0.2879 l2=0.2000 label_smoothing=0.000
D step=4/5 epoch=1/3 loss=0.2746 l2=0.2000 label_smoothing=0.000
D step=4/5 epoch=2/3 loss=0.2749 l2=0.2000 label_smoothing=0.000
D step=4/5 epoch=3/3 loss=0.2681 l2=0.2000 label_smoothing=0.000
D step=5/5 epoch=1/3 loss=0.2573 l2=0.2000 label_smoothing=0.000
D step=5/5 epoch=2/3 loss=0.2568 l2=0.2000 label_smoothing=0.000
D step=5/5 epoch=3/3 loss=0.2526 l2=0.2000 label_smoothing=0.000
ADV epoch=88/200 g_loss=0.0028 d_loss=0.2782 reward=0.1815 reward_var=0.0014 unique=0.1000
D step=1/5 epoch=1/3 loss=0.2745 l2=0.2000 label_smoothing=0.000
D step=1/5 epoch=2/3 loss=0.2727 l2=0.2000 label_smoothing=0.000
D step=1/5 epoch=3/3 loss=0.2747 l2=0.2000 label_smoothing=0.000
D step=2/5 epoch=1/3 loss=0.3306 l2=0.2000 label_smoothing=0.000
D step=2/5 epoch=2/3 loss=0.3277 l2=0.2000 label_smoothing=0.000
D step=2/5 epoch=3/3 loss=0.3230 l2=0.2000 label_smoothing=0.000
D step=3/5 epoch=1/3 loss=0.2918 l2=0.2000 label_smoothing=0.000
D step=3/5 epoch=2/3 loss=0.2872 l2=0.2000 label_smoothing=0.000
D step=3/5 epoch=3/3 loss=0.2876 l2=0.2000 label_smoothing=0.000
D step=4/5 epoch=1/3 loss=0.2547 l2=0.2000 label_smoothing=0.000
D step=4/5 epoch=2/3 loss=0.2538 l2=0.2000 label_smoothing=0.000
D step=4/5 epoch=3/3 loss=0.2440 l2=0.2000 label_smoothing=0.000
D step=5/5 epoch=1/3 loss=0.3169 l2=0.2000 label_smoothing=0.000
D step=5/5 epoch=2/3 loss=0.3232 l2=0.2000 label_smoothing=0.000
D step=5/5 epoch=3/3 loss=0.3204 l2=0.2000 label_smoothing=0.000
ADV epoch=89/200 g_loss=0.0035 d_loss=0.2922 reward=0.1448 reward_var=0.0006 unique=0.1000
D step=1/5 epoch=1/3 loss=0.3130 l2=0.2000 label_smoothing=0.000
D step=1/5 epoch=2/3 loss=0.3133 l2=0.2000 label_smoothing=0.000
D step=1/5 epoch=3/3 loss=0.3020 l2=0.2000 label_smoothing=0.000
D step=2/5 epoch=1/3 loss=0.2631 l2=0.2000 label_smoothing=0.000
D step=2/5 epoch=2/3 loss=0.2628 l2=0.2000 label_smoothing=0.000
D step=2/5 epoch=3/3 loss=0.2583 l2=0.2000 label_smoothing=0.000
D step=3/5 epoch=1/3 loss=0.2983 l2=0.2000 label_smoothing=0.000
D step=3/5 epoch=2/3 loss=0.3059 l2=0.2000 label_smoothing=0.000
D step=3/5 epoch=3/3 loss=0.3012 l2=0.2000 label_smoothing=0.000
D step=4/5 epoch=1/3 loss=0.2841 l2=0.2000 label_smoothing=0.000
D step=4/5 epoch=2/3 loss=0.2858 l2=0.2000 label_smoothing=0.000
D step=4/5 epoch=3/3 loss=0.2808 l2=0.2000 label_smoothing=0.000
D step=5/5 epoch=1/3 loss=0.2615 l2=0.2000 label_smoothing=0.000
D step=5/5 epoch=2/3 loss=0.2601 l2=0.2000 label_smoothing=0.000
D step=5/5 epoch=3/3 loss=0.2616 l2=0.2000 label_smoothing=0.000
ADV epoch=90/200 g_loss=0.0030 d_loss=0.2834 reward=0.1493 reward_var=0.0009 unique=0.0800
D step=1/5 epoch=1/3 loss=0.2498 l2=0.2000 label_smoothing=0.000
D step=1/5 epoch=2/3 loss=0.2451 l2=0.2000 label_smoothing=0.000
D step=1/5 epoch=3/3 loss=0.2452 l2=0.2000 label_smoothing=0.000
D step=2/5 epoch=1/3 loss=0.2739 l2=0.2000 label_smoothing=0.000
D step=2/5 epoch=2/3 loss=0.2728 l2=0.2000 label_smoothing=0.000
D step=2/5 epoch=3/3 loss=0.2749 l2=0.2000 label_smoothing=0.000
D step=3/5 epoch=1/3 loss=0.2797 l2=0.2000 label_smoothing=0.000
D step=3/5 epoch=2/3 loss=0.2824 l2=0.2000 label_smoothing=0.000
D step=3/5 epoch=3/3 loss=0.2828 l2=0.2000 label_smoothing=0.000
D step=4/5 epoch=1/3 loss=0.2816 l2=0.2000 label_smoothing=0.000
D step=4/5 epoch=2/3 loss=0.2814 l2=0.2000 label_smoothing=0.000
D step=4/5 epoch=3/3 loss=0.2829 l2=0.2000 label_smoothing=0.000
D step=5/5 epoch=1/3 loss=0.2592 l2=0.2000 label_smoothing=0.000
D step=5/5 epoch=2/3 loss=0.2618 l2=0.2000 label_smoothing=0.000
D step=5/5 epoch=3/3 loss=0.2629 l2=0.2000 label_smoothing=0.000
ADV epoch=91/200 g_loss=0.0018 d_loss=0.2691 reward=0.1724 reward_var=0.0011 unique=0.0800
D step=1/5 epoch=1/3 loss=0.2776 l2=0.2000 label_smoothing=0.000
D step=1/5 epoch=2/3 loss=0.2744 l2=0.2000 label_smoothing=0.000
D step=1/5 epoch=3/3 loss=0.2715 l2=0.2000 label_smoothing=0.000
D step=2/5 epoch=1/3 loss=0.3065 l2=0.2000 label_smoothing=0.000
D step=2/5 epoch=2/3 loss=0.3136 l2=0.2000 label_smoothing=0.000
D step=2/5 epoch=3/3 loss=0.3080 l2=0.2000 label_smoothing=0.000
D step=3/5 epoch=1/3 loss=0.2822 l2=0.2000 label_smoothing=0.000
D step=3/5 epoch=2/3 loss=0.2809 l2=0.2000 label_smoothing=0.000
D step=3/5 epoch=3/3 loss=0.2835 l2=0.2000 label_smoothing=0.000
D step=4/5 epoch=1/3 loss=0.2655 l2=0.2000 label_smoothing=0.000
D step=4/5 epoch=2/3 loss=0.2704 l2=0.2000 label_smoothing=0.000
D step=4/5 epoch=3/3 loss=0.2713 l2=0.2000 label_smoothing=0.000
D step=5/5 epoch=1/3 loss=0.2716 l2=0.2000 label_smoothing=0.000
D step=5/5 epoch=2/3 loss=0.2685 l2=0.2000 label_smoothing=0.000
D step=5/5 epoch=3/3 loss=0.2703 l2=0.2000 label_smoothing=0.000
ADV epoch=92/200 g_loss=0.0025 d_loss=0.2810 reward=0.1695 reward_var=0.0006 unique=0.0800
D step=1/5 epoch=1/3 loss=0.3226 l2=0.2000 label_smoothing=0.000
D step=1/5 epoch=2/3 loss=0.3113 l2=0.2000 label_smoothing=0.000
D step=1/5 epoch=3/3 loss=0.3176 l2=0.2000 label_smoothing=0.000
D step=2/5 epoch=1/3 loss=0.2870 l2=0.2000 label_smoothing=0.000
D step=2/5 epoch=2/3 loss=0.2850 l2=0.2000 label_smoothing=0.000
D step=2/5 epoch=3/3 loss=0.2886 l2=0.2000 label_smoothing=0.000
D step=3/5 epoch=1/3 loss=0.2894 l2=0.2000 label_smoothing=0.000
D step=3/5 epoch=2/3 loss=0.2890 l2=0.2000 label_smoothing=0.000
D step=3/5 epoch=3/3 loss=0.2897 l2=0.2000 label_smoothing=0.000
D step=4/5 epoch=1/3 loss=0.3260 l2=0.2000 label_smoothing=0.000
D step=4/5 epoch=2/3 loss=0.3276 l2=0.2000 label_smoothing=0.000
D step=4/5 epoch=3/3 loss=0.3202 l2=0.2000 label_smoothing=0.000
D step=5/5 epoch=1/3 loss=0.2716 l2=0.2000 label_smoothing=0.000
D step=5/5 epoch=2/3 loss=0.2735 l2=0.2000 label_smoothing=0.000
D step=5/5 epoch=3/3 loss=0.2739 l2=0.2000 label_smoothing=0.000
ADV epoch=93/200 g_loss=0.0017 d_loss=0.2982 reward=0.1605 reward_var=0.0000 unique=0.0800
D step=1/5 epoch=1/3 loss=0.3115 l2=0.2000 label_smoothing=0.000
D step=1/5 epoch=2/3 loss=0.3126 l2=0.2000 label_smoothing=0.000
D step=1/5 epoch=3/3 loss=0.3113 l2=0.2000 label_smoothing=0.000
D step=2/5 epoch=1/3 loss=0.2903 l2=0.2000 label_smoothing=0.000
D step=2/5 epoch=2/3 loss=0.2872 l2=0.2000 label_smoothing=0.000
D step=2/5 epoch=3/3 loss=0.2884 l2=0.2000 label_smoothing=0.000
D step=3/5 epoch=1/3 loss=0.2712 l2=0.2000 label_smoothing=0.000
D step=3/5 epoch=2/3 loss=0.2643 l2=0.2000 label_smoothing=0.000
D step=3/5 epoch=3/3 loss=0.2693 l2=0.2000 label_smoothing=0.000
D step=4/5 epoch=1/3 loss=0.2709 l2=0.2000 label_smoothing=0.000
D step=4/5 epoch=2/3 loss=0.2668 l2=0.2000 label_smoothing=0.000
D step=4/5 epoch=3/3 loss=0.2685 l2=0.2000 label_smoothing=0.000
D step=5/5 epoch=1/3 loss=0.3408 l2=0.2000 label_smoothing=0.000
D step=5/5 epoch=2/3 loss=0.3262 l2=0.2000 label_smoothing=0.000
D step=5/5 epoch=3/3 loss=0.3062 l2=0.2000 label_smoothing=0.000
ADV epoch=94/200 g_loss=0.0022 d_loss=0.2924 reward=0.1908 reward_var=0.0005 unique=0.0600
D step=1/5 epoch=1/3 loss=0.3148 l2=0.2000 label_smoothing=0.000
D step=1/5 epoch=2/3 loss=0.3125 l2=0.2000 label_smoothing=0.000
D step=1/5 epoch=3/3 loss=0.3103 l2=0.2000 label_smoothing=0.000
D step=2/5 epoch=1/3 loss=0.3060 l2=0.2000 label_smoothing=0.000
D step=2/5 epoch=2/3 loss=0.3046 l2=0.2000 label_smoothing=0.000
D step=2/5 epoch=3/3 loss=0.3024 l2=0.2000 label_smoothing=0.000
D step=3/5 epoch=1/3 loss=0.2565 l2=0.2000 label_smoothing=0.000
D step=3/5 epoch=2/3 loss=0.2574 l2=0.2000 label_smoothing=0.000
D step=3/5 epoch=3/3 loss=0.2647 l2=0.2000 label_smoothing=0.000
D step=4/5 epoch=1/3 loss=0.2995 l2=0.2000 label_smoothing=0.000
D step=4/5 epoch=2/3 loss=0.3009 l2=0.2000 label_smoothing=0.000
D step=4/5 epoch=3/3 loss=0.2984 l2=0.2000 label_smoothing=0.000
D step=5/5 epoch=1/3 loss=0.2715 l2=0.2000 label_smoothing=0.000
D step=5/5 epoch=2/3 loss=0.2645 l2=0.2000 label_smoothing=0.000
D step=5/5 epoch=3/3 loss=0.2706 l2=0.2000 label_smoothing=0.000
ADV epoch=95/200 g_loss=0.0033 d_loss=0.2890 reward=0.1721 reward_var=0.0003 unique=0.0800
D step=1/5 epoch=1/3 loss=0.2888 l2=0.2000 label_smoothing=0.000
D step=1/5 epoch=2/3 loss=0.2881 l2=0.2000 label_smoothing=0.000
D step=1/5 epoch=3/3 loss=0.2862 l2=0.2000 label_smoothing=0.000
D step=2/5 epoch=1/3 loss=0.2895 l2=0.2000 label_smoothing=0.000
D step=2/5 epoch=2/3 loss=0.2894 l2=0.2000 label_smoothing=0.000
D step=2/5 epoch=3/3 loss=0.2876 l2=0.2000 label_smoothing=0.000
D step=3/5 epoch=1/3 loss=0.2983 l2=0.2000 label_smoothing=0.000
D step=3/5 epoch=2/3 loss=0.2965 l2=0.2000 label_smoothing=0.000
D step=3/5 epoch=3/3 loss=0.2932 l2=0.2000 label_smoothing=0.000
D step=4/5 epoch=1/3 loss=0.3002 l2=0.2000 label_smoothing=0.000
D step=4/5 epoch=2/3 loss=0.3009 l2=0.2000 label_smoothing=0.000
D step=4/5 epoch=3/3 loss=0.3000 l2=0.2000 label_smoothing=0.000
D step=5/5 epoch=1/3 loss=0.2680 l2=0.2000 label_smoothing=0.000
D step=5/5 epoch=2/3 loss=0.2752 l2=0.2000 label_smoothing=0.000
D step=5/5 epoch=3/3 loss=0.2733 l2=0.2000 label_smoothing=0.000
ADV epoch=96/200 g_loss=0.0075 d_loss=0.2890 reward=0.1983 reward_var=0.0077 unique=0.0800
D step=1/5 epoch=1/3 loss=0.3382 l2=0.2000 label_smoothing=0.000
D step=1/5 epoch=2/3 loss=0.3203 l2=0.2000 label_smoothing=0.000
D step=1/5 epoch=3/3 loss=0.2804 l2=0.2000 label_smoothing=0.000
D step=2/5 epoch=1/3 loss=0.2886 l2=0.2000 label_smoothing=0.000
D step=2/5 epoch=2/3 loss=0.2954 l2=0.2000 label_smoothing=0.000
D step=2/5 epoch=3/3 loss=0.2873 l2=0.2000 label_smoothing=0.000
D step=3/5 epoch=1/3 loss=0.2975 l2=0.2000 label_smoothing=0.000
D step=3/5 epoch=2/3 loss=0.2977 l2=0.2000 label_smoothing=0.000
D step=3/5 epoch=3/3 loss=0.2950 l2=0.2000 label_smoothing=0.000
D step=4/5 epoch=1/3 loss=0.2829 l2=0.2000 label_smoothing=0.000
D step=4/5 epoch=2/3 loss=0.2842 l2=0.2000 label_smoothing=0.000
D step=4/5 epoch=3/3 loss=0.2860 l2=0.2000 label_smoothing=0.000
D step=5/5 epoch=1/3 loss=0.2703 l2=0.2000 label_smoothing=0.000
D step=5/5 epoch=2/3 loss=0.2722 l2=0.2000 label_smoothing=0.000
D step=5/5 epoch=3/3 loss=0.2749 l2=0.2000 label_smoothing=0.000
ADV epoch=97/200 g_loss=0.0033 d_loss=0.2914 reward=0.1705 reward_var=0.0008 unique=0.0600
D step=1/5 epoch=1/3 loss=0.2801 l2=0.2000 label_smoothing=0.000
D step=1/5 epoch=2/3 loss=0.2761 l2=0.2000 label_smoothing=0.000
D step=1/5 epoch=3/3 loss=0.2779 l2=0.2000 label_smoothing=0.000
D step=2/5 epoch=1/3 loss=0.2960 l2=0.2000 label_smoothing=0.000
D step=2/5 epoch=2/3 loss=0.2954 l2=0.2000 label_smoothing=0.000
D step=2/5 epoch=3/3 loss=0.3001 l2=0.2000 label_smoothing=0.000
D step=3/5 epoch=1/3 loss=0.2616 l2=0.2000 label_smoothing=0.000
D step=3/5 epoch=2/3 loss=0.2627 l2=0.2000 label_smoothing=0.000
D step=3/5 epoch=3/3 loss=0.2640 l2=0.2000 label_smoothing=0.000
D step=4/5 epoch=1/3 loss=0.2697 l2=0.2000 label_smoothing=0.000
D step=4/5 epoch=2/3 loss=0.2748 l2=0.2000 label_smoothing=0.000
D step=4/5 epoch=3/3 loss=0.2770 l2=0.2000 label_smoothing=0.000
D step=5/5 epoch=1/3 loss=0.2989 l2=0.2000 label_smoothing=0.000
D step=5/5 epoch=2/3 loss=0.3034 l2=0.2000 label_smoothing=0.000
D step=5/5 epoch=3/3 loss=0.3030 l2=0.2000 label_smoothing=0.000
ADV epoch=98/200 g_loss=0.0016 d_loss=0.2827 reward=0.1614 reward_var=0.0002 unique=0.0400
D step=1/5 epoch=1/3 loss=0.2800 l2=0.2000 label_smoothing=0.000
D step=1/5 epoch=2/3 loss=0.2718 l2=0.2000 label_smoothing=0.000
D step=1/5 epoch=3/3 loss=0.2729 l2=0.2000 label_smoothing=0.000
D step=2/5 epoch=1/3 loss=0.3149 l2=0.2000 label_smoothing=0.000
D step=2/5 epoch=2/3 loss=0.3118 l2=0.2000 label_smoothing=0.000
D step=2/5 epoch=3/3 loss=0.3131 l2=0.2000 label_smoothing=0.000
D step=3/5 epoch=1/3 loss=0.2770 l2=0.2000 label_smoothing=0.000
D step=3/5 epoch=2/3 loss=0.2761 l2=0.2000 label_smoothing=0.000
D step=3/5 epoch=3/3 loss=0.2765 l2=0.2000 label_smoothing=0.000
D step=4/5 epoch=1/3 loss=0.2827 l2=0.2000 label_smoothing=0.000
D step=4/5 epoch=2/3 loss=0.2828 l2=0.2000 label_smoothing=0.000
D step=4/5 epoch=3/3 loss=0.2825 l2=0.2000 label_smoothing=0.000
D step=5/5 epoch=1/3 loss=0.3042 l2=0.2000 label_smoothing=0.000
D step=5/5 epoch=2/3 loss=0.2994 l2=0.2000 label_smoothing=0.000
D step=5/5 epoch=3/3 loss=0.2969 l2=0.2000 label_smoothing=0.000
ADV epoch=99/200 g_loss=0.0027 d_loss=0.2895 reward=0.1705 reward_var=0.0004 unique=0.0400
D step=1/5 epoch=1/3 loss=0.3172 l2=0.2000 label_smoothing=0.000
D step=1/5 epoch=2/3 loss=0.3119 l2=0.2000 label_smoothing=0.000
D step=1/5 epoch=3/3 loss=0.3124 l2=0.2000 label_smoothing=0.000
D step=2/5 epoch=1/3 loss=0.2968 l2=0.2000 label_smoothing=0.000
D step=2/5 epoch=2/3 loss=0.2932 l2=0.2000 label_smoothing=0.000
D step=2/5 epoch=3/3 loss=0.2925 l2=0.2000 label_smoothing=0.000
D step=3/5 epoch=1/3 loss=0.2994 l2=0.2000 label_smoothing=0.000
D step=3/5 epoch=2/3 loss=0.2966 l2=0.2000 label_smoothing=0.000
D step=3/5 epoch=3/3 loss=0.3023 l2=0.2000 label_smoothing=0.000
D step=4/5 epoch=1/3 loss=0.2995 l2=0.2000 label_smoothing=0.000
D step=4/5 epoch=2/3 loss=0.2975 l2=0.2000 label_smoothing=0.000
D step=4/5 epoch=3/3 loss=0.2976 l2=0.2000 label_smoothing=0.000
D step=5/5 epoch=1/3 loss=0.2743 l2=0.2000 label_smoothing=0.000
D step=5/5 epoch=2/3 loss=0.2754 l2=0.2000 label_smoothing=0.000
D step=5/5 epoch=3/3 loss=0.2715 l2=0.2000 label_smoothing=0.000
ADV epoch=100/200 g_loss=0.0041 d_loss=0.2959 reward=0.1845 reward_var=0.0012 unique=0.0800
D step=1/5 epoch=1/3 loss=0.3008 l2=0.2000 label_smoothing=0.000
D step=1/5 epoch=2/3 loss=0.3027 l2=0.2000 label_smoothing=0.000
D step=1/5 epoch=3/3 loss=0.2985 l2=0.2000 label_smoothing=0.000
D step=2/5 epoch=1/3 loss=0.2893 l2=0.2000 label_smoothing=0.000
D step=2/5 epoch=2/3 loss=0.2884 l2=0.2000 label_smoothing=0.000
D step=2/5 epoch=3/3 loss=0.2845 l2=0.2000 label_smoothing=0.000
D step=3/5 epoch=1/3 loss=0.2722 l2=0.2000 label_smoothing=0.000
D step=3/5 epoch=2/3 loss=0.2697 l2=0.2000 label_smoothing=0.000
D step=3/5 epoch=3/3 loss=0.2693 l2=0.2000 label_smoothing=0.000
D step=4/5 epoch=1/3 loss=0.2816 l2=0.2000 label_smoothing=0.000
D step=4/5 epoch=2/3 loss=0.2686 l2=0.2000 label_smoothing=0.000
D step=4/5 epoch=3/3 loss=0.2704 l2=0.2000 label_smoothing=0.000
D step=5/5 epoch=1/3 loss=0.2788 l2=0.2000 label_smoothing=0.000
D step=5/5 epoch=2/3 loss=0.2755 l2=0.2000 label_smoothing=0.000
D step=5/5 epoch=3/3 loss=0.2783 l2=0.2000 label_smoothing=0.000
ADV epoch=101/200 g_loss=0.0022 d_loss=0.2819 reward=0.1697 reward_var=0.0013 unique=0.0400
D step=1/5 epoch=1/3 loss=0.3329 l2=0.2000 label_smoothing=0.000
D step=1/5 epoch=2/3 loss=0.2923 l2=0.2000 label_smoothing=0.000
D step=1/5 epoch=3/3 loss=0.2912 l2=0.2000 label_smoothing=0.000
D step=2/5 epoch=1/3 loss=0.3004 l2=0.2000 label_smoothing=0.000
D step=2/5 epoch=2/3 loss=0.3000 l2=0.2000 label_smoothing=0.000
D step=2/5 epoch=3/3 loss=0.3016 l2=0.2000 label_smoothing=0.000
D step=3/5 epoch=1/3 loss=0.2719 l2=0.2000 label_smoothing=0.000
D step=3/5 epoch=2/3 loss=0.2664 l2=0.2000 label_smoothing=0.000
D step=3/5 epoch=3/3 loss=0.2716 l2=0.2000 label_smoothing=0.000
D step=4/5 epoch=1/3 loss=0.2629 l2=0.2000 label_smoothing=0.000
D step=4/5 epoch=2/3 loss=0.2626 l2=0.2000 label_smoothing=0.000
D step=4/5 epoch=3/3 loss=0.2592 l2=0.2000 label_smoothing=0.000
D step=5/5 epoch=1/3 loss=0.3043 l2=0.2000 label_smoothing=0.000
D step=5/5 epoch=2/3 loss=0.3054 l2=0.2000 label_smoothing=0.000
D step=5/5 epoch=3/3 loss=0.3035 l2=0.2000 label_smoothing=0.000
ADV epoch=102/200 g_loss=0.0027 d_loss=0.2884 reward=0.1744 reward_var=0.0005 unique=0.0600
D step=1/5 epoch=1/3 loss=0.2676 l2=0.2000 label_smoothing=0.000
D step=1/5 epoch=2/3 loss=0.2695 l2=0.2000 label_smoothing=0.000
D step=1/5 epoch=3/3 loss=0.2687 l2=0.2000 label_smoothing=0.000
D step=2/5 epoch=1/3 loss=0.3484 l2=0.2000 label_smoothing=0.000
D step=2/5 epoch=2/3 loss=0.3165 l2=0.2000 label_smoothing=0.000
D step=2/5 epoch=3/3 loss=0.3025 l2=0.2000 label_smoothing=0.000
D step=3/5 epoch=1/3 loss=0.2884 l2=0.2000 label_smoothing=0.000
D step=3/5 epoch=2/3 loss=0.2885 l2=0.2000 label_smoothing=0.000
D step=3/5 epoch=3/3 loss=0.2875 l2=0.2000 label_smoothing=0.000
D step=4/5 epoch=1/3 loss=0.2990 l2=0.2000 label_smoothing=0.000
D step=4/5 epoch=2/3 loss=0.2966 l2=0.2000 label_smoothing=0.000
D step=4/5 epoch=3/3 loss=0.2985 l2=0.2000 label_smoothing=0.000
D step=5/5 epoch=1/3 loss=0.2737 l2=0.2000 label_smoothing=0.000
D step=5/5 epoch=2/3 loss=0.2769 l2=0.2000 label_smoothing=0.000
D step=5/5 epoch=3/3 loss=0.2730 l2=0.2000 label_smoothing=0.000
ADV epoch=103/200 g_loss=0.0032 d_loss=0.2904 reward=0.1690 reward_var=0.0003 unique=0.0400
D step=1/5 epoch=1/3 loss=0.2859 l2=0.2000 label_smoothing=0.000
D step=1/5 epoch=2/3 loss=0.2797 l2=0.2000 label_smoothing=0.000
D step=1/5 epoch=3/3 loss=0.2773 l2=0.2000 label_smoothing=0.000
D step=2/5 epoch=1/3 loss=0.3051 l2=0.2000 label_smoothing=0.000
D step=2/5 epoch=2/3 loss=0.3028 l2=0.2000 label_smoothing=0.000
D step=2/5 epoch=3/3 loss=0.3040 l2=0.2000 label_smoothing=0.000
D step=3/5 epoch=1/3 loss=0.3120 l2=0.2000 label_smoothing=0.000
D step=3/5 epoch=2/3 loss=0.3103 l2=0.2000 label_smoothing=0.000
D step=3/5 epoch=3/3 loss=0.3212 l2=0.2000 label_smoothing=0.000
D step=4/5 epoch=1/3 loss=0.3022 l2=0.2000 label_smoothing=0.000
D step=4/5 epoch=2/3 loss=0.3007 l2=0.2000 label_smoothing=0.000
D step=4/5 epoch=3/3 loss=0.3038 l2=0.2000 label_smoothing=0.000
D step=5/5 epoch=1/3 loss=0.2978 l2=0.2000 label_smoothing=0.000
D step=5/5 epoch=2/3 loss=0.2984 l2=0.2000 label_smoothing=0.000
D step=5/5 epoch=3/3 loss=0.2928 l2=0.2000 label_smoothing=0.000
ADV epoch=104/200 g_loss=0.0014 d_loss=0.2996 reward=0.1847 reward_var=0.0000 unique=0.1000
D step=1/5 epoch=1/3 loss=0.3645 l2=0.2000 label_smoothing=0.000
D step=1/5 epoch=2/3 loss=0.3425 l2=0.2000 label_smoothing=0.000
D step=1/5 epoch=3/3 loss=0.3056 l2=0.2000 label_smoothing=0.000
D step=2/5 epoch=1/3 loss=0.3158 l2=0.2000 label_smoothing=0.000
D step=2/5 epoch=2/3 loss=0.3174 l2=0.2000 label_smoothing=0.000
D step=2/5 epoch=3/3 loss=0.3166 l2=0.2000 label_smoothing=0.000
D step=3/5 epoch=1/3 loss=0.2987 l2=0.2000 label_smoothing=0.000
D step=3/5 epoch=2/3 loss=0.3037 l2=0.2000 label_smoothing=0.000
D step=3/5 epoch=3/3 loss=0.2985 l2=0.2000 label_smoothing=0.000
D step=4/5 epoch=1/3 loss=0.2900 l2=0.2000 label_smoothing=0.000
D step=4/5 epoch=2/3 loss=0.2890 l2=0.2000 label_smoothing=0.000
D step=4/5 epoch=3/3 loss=0.2850 l2=0.2000 label_smoothing=0.000
D step=5/5 epoch=1/3 loss=0.2837 l2=0.2000 label_smoothing=0.000
D step=5/5 epoch=2/3 loss=0.2865 l2=0.2000 label_smoothing=0.000
D step=5/5 epoch=3/3 loss=0.2845 l2=0.2000 label_smoothing=0.000
ADV epoch=105/200 g_loss=0.0016 d_loss=0.3055 reward=0.1792 reward_var=0.0004 unique=0.0400
D step=1/5 epoch=1/3 loss=0.2896 l2=0.2000 label_smoothing=0.000
D step=1/5 epoch=2/3 loss=0.2904 l2=0.2000 label_smoothing=0.000
D step=1/5 epoch=3/3 loss=0.2899 l2=0.2000 label_smoothing=0.000
D step=2/5 epoch=1/3 loss=0.2861 l2=0.2000 label_smoothing=0.000
D step=2/5 epoch=2/3 loss=0.2850 l2=0.2000 label_smoothing=0.000
D step=2/5 epoch=3/3 loss=0.2892 l2=0.2000 label_smoothing=0.000
D step=3/5 epoch=1/3 loss=0.3105 l2=0.2000 label_smoothing=0.000
D step=3/5 epoch=2/3 loss=0.3132 l2=0.2000 label_smoothing=0.000
D step=3/5 epoch=3/3 loss=0.3132 l2=0.2000 label_smoothing=0.000
D step=4/5 epoch=1/3 loss=0.3592 l2=0.2000 label_smoothing=0.000
D step=4/5 epoch=2/3 loss=0.3334 l2=0.2000 label_smoothing=0.000
D step=4/5 epoch=3/3 loss=0.3065 l2=0.2000 label_smoothing=0.000
D step=5/5 epoch=1/3 loss=0.2713 l2=0.2000 label_smoothing=0.000
D step=5/5 epoch=2/3 loss=0.2752 l2=0.2000 label_smoothing=0.000
D step=5/5 epoch=3/3 loss=0.2813 l2=0.2000 label_smoothing=0.000
ADV epoch=106/200 g_loss=0.0014 d_loss=0.2996 reward=0.1809 reward_var=0.0001 unique=0.0600
D step=1/5 epoch=1/3 loss=0.2782 l2=0.2000 label_smoothing=0.000
D step=1/5 epoch=2/3 loss=0.2770 l2=0.2000 label_smoothing=0.000
D step=1/5 epoch=3/3 loss=0.2750 l2=0.2000 label_smoothing=0.000
D step=2/5 epoch=1/3 loss=0.2545 l2=0.2000 label_smoothing=0.000
D step=2/5 epoch=2/3 loss=0.2556 l2=0.2000 label_smoothing=0.000
D step=2/5 epoch=3/3 loss=0.2599 l2=0.2000 label_smoothing=0.000
D step=3/5 epoch=1/3 loss=0.3022 l2=0.2000 label_smoothing=0.000
D step=3/5 epoch=2/3 loss=0.2935 l2=0.2000 label_smoothing=0.000
D step=3/5 epoch=3/3 loss=0.2988 l2=0.2000 label_smoothing=0.000
D step=4/5 epoch=1/3 loss=0.3002 l2=0.2000 label_smoothing=0.000
D step=4/5 epoch=2/3 loss=0.2945 l2=0.2000 label_smoothing=0.000
D step=4/5 epoch=3/3 loss=0.3003 l2=0.2000 label_smoothing=0.000
D step=5/5 epoch=1/3 loss=0.3162 l2=0.2000 label_smoothing=0.000
D step=5/5 epoch=2/3 loss=0.3155 l2=0.2000 label_smoothing=0.000
D step=5/5 epoch=3/3 loss=0.3116 l2=0.2000 label_smoothing=0.000
ADV epoch=107/200 g_loss=0.0022 d_loss=0.2889 reward=0.1622 reward_var=0.0001 unique=0.0600
D step=1/5 epoch=1/3 loss=0.2968 l2=0.2000 label_smoothing=0.000
D step=1/5 epoch=2/3 loss=0.3009 l2=0.2000 label_smoothing=0.000
D step=1/5 epoch=3/3 loss=0.3001 l2=0.2000 label_smoothing=0.000
D step=2/5 epoch=1/3 loss=0.2873 l2=0.2000 label_smoothing=0.000
D step=2/5 epoch=2/3 loss=0.2816 l2=0.2000 label_smoothing=0.000
D step=2/5 epoch=3/3 loss=0.2850 l2=0.2000 label_smoothing=0.000
D step=3/5 epoch=1/3 loss=0.2969 l2=0.2000 label_smoothing=0.000
D step=3/5 epoch=2/3 loss=0.2971 l2=0.2000 label_smoothing=0.000
D step=3/5 epoch=3/3 loss=0.2965 l2=0.2000 label_smoothing=0.000
D step=4/5 epoch=1/3 loss=0.2943 l2=0.2000 label_smoothing=0.000
D step=4/5 epoch=2/3 loss=0.2915 l2=0.2000 label_smoothing=0.000
D step=4/5 epoch=3/3 loss=0.2941 l2=0.2000 label_smoothing=0.000
D step=5/5 epoch=1/3 loss=0.2887 l2=0.2000 label_smoothing=0.000
D step=5/5 epoch=2/3 loss=0.2887 l2=0.2000 label_smoothing=0.000
D step=5/5 epoch=3/3 loss=0.2900 l2=0.2000 label_smoothing=0.000
ADV epoch=108/200 g_loss=0.0022 d_loss=0.2926 reward=0.2041 reward_var=0.0019 unique=0.0800
D step=1/5 epoch=1/3 loss=0.2761 l2=0.2000 label_smoothing=0.000
D step=1/5 epoch=2/3 loss=0.2734 l2=0.2000 label_smoothing=0.000
D step=1/5 epoch=3/3 loss=0.2734 l2=0.2000 label_smoothing=0.000
D step=2/5 epoch=1/3 loss=0.3020 l2=0.2000 label_smoothing=0.000
D step=2/5 epoch=2/3 loss=0.2980 l2=0.2000 label_smoothing=0.000
D step=2/5 epoch=3/3 loss=0.3043 l2=0.2000 label_smoothing=0.000
D step=3/5 epoch=1/3 loss=0.2615 l2=0.2000 label_smoothing=0.000
D step=3/5 epoch=2/3 loss=0.2620 l2=0.2000 label_smoothing=0.000
D step=3/5 epoch=3/3 loss=0.2544 l2=0.2000 label_smoothing=0.000
D step=4/5 epoch=1/3 loss=0.2552 l2=0.2000 label_smoothing=0.000
D step=4/5 epoch=2/3 loss=0.2592 l2=0.2000 label_smoothing=0.000
D step=4/5 epoch=3/3 loss=0.2548 l2=0.2000 label_smoothing=0.000
D step=5/5 epoch=1/3 loss=0.2586 l2=0.2000 label_smoothing=0.000
D step=5/5 epoch=2/3 loss=0.2598 l2=0.2000 label_smoothing=0.000
D step=5/5 epoch=3/3 loss=0.2585 l2=0.2000 label_smoothing=0.000
ADV epoch=109/200 g_loss=0.0018 d_loss=0.2701 reward=0.1792 reward_var=0.0005 unique=0.0600
D step=1/5 epoch=1/3 loss=0.2475 l2=0.2000 label_smoothing=0.000
D step=1/5 epoch=2/3 loss=0.2436 l2=0.2000 label_smoothing=0.000
D step=1/5 epoch=3/3 loss=0.2446 l2=0.2000 label_smoothing=0.000
D step=2/5 epoch=1/3 loss=0.2649 l2=0.2000 label_smoothing=0.000
D step=2/5 epoch=2/3 loss=0.2597 l2=0.2000 label_smoothing=0.000
D step=2/5 epoch=3/3 loss=0.2621 l2=0.2000 label_smoothing=0.000
D step=3/5 epoch=1/3 loss=0.2696 l2=0.2000 label_smoothing=0.000
D step=3/5 epoch=2/3 loss=0.2723 l2=0.2000 label_smoothing=0.000
D step=3/5 epoch=3/3 loss=0.2735 l2=0.2000 label_smoothing=0.000
D step=4/5 epoch=1/3 loss=0.2831 l2=0.2000 label_smoothing=0.000
D step=4/5 epoch=2/3 loss=0.2881 l2=0.2000 label_smoothing=0.000
D step=4/5 epoch=3/3 loss=0.2860 l2=0.2000 label_smoothing=0.000
D step=5/5 epoch=1/3 loss=0.2760 l2=0.2000 label_smoothing=0.000
D step=5/5 epoch=2/3 loss=0.2758 l2=0.2000 label_smoothing=0.000
D step=5/5 epoch=3/3 loss=0.2765 l2=0.2000 label_smoothing=0.000
ADV epoch=110/200 g_loss=0.0027 d_loss=0.2682 reward=0.1517 reward_var=0.0003 unique=0.0800
D step=1/5 epoch=1/3 loss=0.2878 l2=0.2000 label_smoothing=0.000
D step=1/5 epoch=2/3 loss=0.2841 l2=0.2000 label_smoothing=0.000
D step=1/5 epoch=3/3 loss=0.2818 l2=0.2000 label_smoothing=0.000
D step=2/5 epoch=1/3 loss=0.2985 l2=0.2000 label_smoothing=0.000
D step=2/5 epoch=2/3 loss=0.3005 l2=0.2000 label_smoothing=0.000
D step=2/5 epoch=3/3 loss=0.2963 l2=0.2000 label_smoothing=0.000
D step=3/5 epoch=1/3 loss=0.2713 l2=0.2000 label_smoothing=0.000
D step=3/5 epoch=2/3 loss=0.2709 l2=0.2000 label_smoothing=0.000
D step=3/5 epoch=3/3 loss=0.2730 l2=0.2000 label_smoothing=0.000
D step=4/5 epoch=1/3 loss=0.2992 l2=0.2000 label_smoothing=0.000
D step=4/5 epoch=2/3 loss=0.3021 l2=0.2000 label_smoothing=0.000
D step=4/5 epoch=3/3 loss=0.3028 l2=0.2000 label_smoothing=0.000
D step=5/5 epoch=1/3 loss=0.2757 l2=0.2000 label_smoothing=0.000
D step=5/5 epoch=2/3 loss=0.2777 l2=0.2000 label_smoothing=0.000
D step=5/5 epoch=3/3 loss=0.2750 l2=0.2000 label_smoothing=0.000
ADV epoch=111/200 g_loss=0.0023 d_loss=0.2865 reward=0.1792 reward_var=0.0003 unique=0.0600
D step=1/5 epoch=1/3 loss=0.3241 l2=0.2000 label_smoothing=0.000
D step=1/5 epoch=2/3 loss=0.3154 l2=0.2000 label_smoothing=0.000
D step=1/5 epoch=3/3 loss=0.3141 l2=0.2000 label_smoothing=0.000
D step=2/5 epoch=1/3 loss=0.2717 l2=0.2000 label_smoothing=0.000
D step=2/5 epoch=2/3 loss=0.2776 l2=0.2000 label_smoothing=0.000
D step=2/5 epoch=3/3 loss=0.2767 l2=0.2000 label_smoothing=0.000
D step=3/5 epoch=1/3 loss=0.2713 l2=0.2000 label_smoothing=0.000
D step=3/5 epoch=2/3 loss=0.2699 l2=0.2000 label_smoothing=0.000
D step=3/5 epoch=3/3 loss=0.2717 l2=0.2000 label_smoothing=0.000
D step=4/5 epoch=1/3 loss=0.2810 l2=0.2000 label_smoothing=0.000
D step=4/5 epoch=2/3 loss=0.2840 l2=0.2000 label_smoothing=0.000
D step=4/5 epoch=3/3 loss=0.2837 l2=0.2000 label_smoothing=0.000
D step=5/5 epoch=1/3 loss=0.3155 l2=0.2000 label_smoothing=0.000
D step=5/5 epoch=2/3 loss=0.3097 l2=0.2000 label_smoothing=0.000
D step=5/5 epoch=3/3 loss=0.3007 l2=0.2000 label_smoothing=0.000
ADV epoch=112/200 g_loss=0.0061 d_loss=0.2911 reward=0.1686 reward_var=0.0010 unique=0.1200
D step=1/5 epoch=1/3 loss=0.2905 l2=0.2000 label_smoothing=0.000
D step=1/5 epoch=2/3 loss=0.2897 l2=0.2000 label_smoothing=0.000
D step=1/5 epoch=3/3 loss=0.2901 l2=0.2000 label_smoothing=0.000
D step=2/5 epoch=1/3 loss=0.2510 l2=0.2000 label_smoothing=0.000
D step=2/5 epoch=2/3 loss=0.2490 l2=0.2000 label_smoothing=0.000
D step=2/5 epoch=3/3 loss=0.2443 l2=0.2000 label_smoothing=0.000
D step=3/5 epoch=1/3 loss=0.2586 l2=0.2000 label_smoothing=0.000
D step=3/5 epoch=2/3 loss=0.2629 l2=0.2000 label_smoothing=0.000
D step=3/5 epoch=3/3 loss=0.2584 l2=0.2000 label_smoothing=0.000
D step=4/5 epoch=1/3 loss=0.3063 l2=0.2000 label_smoothing=0.000
D step=4/5 epoch=2/3 loss=0.3065 l2=0.2000 label_smoothing=0.000
D step=4/5 epoch=3/3 loss=0.2984 l2=0.2000 label_smoothing=0.000
D step=5/5 epoch=1/3 loss=0.2743 l2=0.2000 label_smoothing=0.000
D step=5/5 epoch=2/3 loss=0.2737 l2=0.2000 label_smoothing=0.000
D step=5/5 epoch=3/3 loss=0.2783 l2=0.2000 label_smoothing=0.000
ADV epoch=113/200 g_loss=0.0007 d_loss=0.2755 reward=0.1953 reward_var=0.0005 unique=0.0400
D step=1/5 epoch=1/3 loss=0.2851 l2=0.2000 label_smoothing=0.000
D step=1/5 epoch=2/3 loss=0.2844 l2=0.2000 label_smoothing=0.000
D step=1/5 epoch=3/3 loss=0.2833 l2=0.2000 label_smoothing=0.000
D step=2/5 epoch=1/3 loss=0.2639 l2=0.2000 label_smoothing=0.000
D step=2/5 epoch=2/3 loss=0.2593 l2=0.2000 label_smoothing=0.000
D step=2/5 epoch=3/3 loss=0.2580 l2=0.2000 label_smoothing=0.000
D step=3/5 epoch=1/3 loss=0.3173 l2=0.2000 label_smoothing=0.000
D step=3/5 epoch=2/3 loss=0.3135 l2=0.2000 label_smoothing=0.000
D step=3/5 epoch=3/3 loss=0.3155 l2=0.2000 label_smoothing=0.000
D step=4/5 epoch=1/3 loss=0.3337 l2=0.2000 label_smoothing=0.000
D step=4/5 epoch=2/3 loss=0.3047 l2=0.2000 label_smoothing=0.000
D step=4/5 epoch=3/3 loss=0.2991 l2=0.2000 label_smoothing=0.000
D step=5/5 epoch=1/3 loss=0.2966 l2=0.2000 label_smoothing=0.000
D step=5/5 epoch=2/3 loss=0.2977 l2=0.2000 label_smoothing=0.000
D step=5/5 epoch=3/3 loss=0.2990 l2=0.2000 label_smoothing=0.000
ADV epoch=114/200 g_loss=0.0059 d_loss=0.2941 reward=0.2085 reward_var=0.0083 unique=0.1400
D step=1/5 epoch=1/3 loss=0.2770 l2=0.2000 label_smoothing=0.000
D step=1/5 epoch=2/3 loss=0.2740 l2=0.2000 label_smoothing=0.000
D step=1/5 epoch=3/3 loss=0.2727 l2=0.2000 label_smoothing=0.000
D step=2/5 epoch=1/3 loss=0.2848 l2=0.2000 label_smoothing=0.000
D step=2/5 epoch=2/3 loss=0.2846 l2=0.2000 label_smoothing=0.000
D step=2/5 epoch=3/3 loss=0.2876 l2=0.2000 label_smoothing=0.000
D step=3/5 epoch=1/3 loss=0.2981 l2=0.2000 label_smoothing=0.000
D step=3/5 epoch=2/3 loss=0.2951 l2=0.2000 label_smoothing=0.000
D step=3/5 epoch=3/3 loss=0.2943 l2=0.2000 label_smoothing=0.000
D step=4/5 epoch=1/3 loss=0.2562 l2=0.2000 label_smoothing=0.000
D step=4/5 epoch=2/3 loss=0.2586 l2=0.2000 label_smoothing=0.000
D step=4/5 epoch=3/3 loss=0.2571 l2=0.2000 label_smoothing=0.000
D step=5/5 epoch=1/3 loss=0.3009 l2=0.2000 label_smoothing=0.000
D step=5/5 epoch=2/3 loss=0.3001 l2=0.2000 label_smoothing=0.000
D step=5/5 epoch=3/3 loss=0.2962 l2=0.2000 label_smoothing=0.000
ADV epoch=115/200 g_loss=0.0017 d_loss=0.2825 reward=0.1858 reward_var=0.0013 unique=0.0400
D step=1/5 epoch=1/3 loss=0.3001 l2=0.2000 label_smoothing=0.000
D step=1/5 epoch=2/3 loss=0.2979 l2=0.2000 label_smoothing=0.000
D step=1/5 epoch=3/3 loss=0.2959 l2=0.2000 label_smoothing=0.000
D step=2/5 epoch=1/3 loss=0.2773 l2=0.2000 label_smoothing=0.000
D step=2/5 epoch=2/3 loss=0.2724 l2=0.2000 label_smoothing=0.000
D step=2/5 epoch=3/3 loss=0.2744 l2=0.2000 label_smoothing=0.000
D step=3/5 epoch=1/3 loss=0.2750 l2=0.2000 label_smoothing=0.000
D step=3/5 epoch=2/3 loss=0.2762 l2=0.2000 label_smoothing=0.000
D step=3/5 epoch=3/3 loss=0.2699 l2=0.2000 label_smoothing=0.000
D step=4/5 epoch=1/3 loss=0.2869 l2=0.2000 label_smoothing=0.000
D step=4/5 epoch=2/3 loss=0.2845 l2=0.2000 label_smoothing=0.000
D step=4/5 epoch=3/3 loss=0.2878 l2=0.2000 label_smoothing=0.000
D step=5/5 epoch=1/3 loss=0.2569 l2=0.2000 label_smoothing=0.000
D step=5/5 epoch=2/3 loss=0.2601 l2=0.2000 label_smoothing=0.000
D step=5/5 epoch=3/3 loss=0.2551 l2=0.2000 label_smoothing=0.000
ADV epoch=116/200 g_loss=0.0005 d_loss=0.2780 reward=0.1845 reward_var=0.0000 unique=0.0400
D step=1/5 epoch=1/3 loss=0.2753 l2=0.2000 label_smoothing=0.000
D step=1/5 epoch=2/3 loss=0.2664 l2=0.2000 label_smoothing=0.000
D step=1/5 epoch=3/3 loss=0.2678 l2=0.2000 label_smoothing=0.000
D step=2/5 epoch=1/3 loss=0.3025 l2=0.2000 label_smoothing=0.000
D step=2/5 epoch=2/3 loss=0.3060 l2=0.2000 label_smoothing=0.000
D step=2/5 epoch=3/3 loss=0.3078 l2=0.2000 label_smoothing=0.000
D step=3/5 epoch=1/3 loss=0.2966 l2=0.2000 label_smoothing=0.000
D step=3/5 epoch=2/3 loss=0.2982 l2=0.2000 label_smoothing=0.000
D step=3/5 epoch=3/3 loss=0.2952 l2=0.2000 label_smoothing=0.000
D step=4/5 epoch=1/3 loss=0.2962 l2=0.2000 label_smoothing=0.000
D step=4/5 epoch=2/3 loss=0.2981 l2=0.2000 label_smoothing=0.000
D step=4/5 epoch=3/3 loss=0.3043 l2=0.2000 label_smoothing=0.000
D step=5/5 epoch=1/3 loss=0.3226 l2=0.2000 label_smoothing=0.000
D step=5/5 epoch=2/3 loss=0.3270 l2=0.2000 label_smoothing=0.000
D step=5/5 epoch=3/3 loss=0.3282 l2=0.2000 label_smoothing=0.000
ADV epoch=117/200 g_loss=0.0021 d_loss=0.2995 reward=0.1670 reward_var=0.0002 unique=0.0400
D step=1/5 epoch=1/3 loss=0.2776 l2=0.2000 label_smoothing=0.000
D step=1/5 epoch=2/3 loss=0.2772 l2=0.2000 label_smoothing=0.000
D step=1/5 epoch=3/3 loss=0.2775 l2=0.2000 label_smoothing=0.000
D step=2/5 epoch=1/3 loss=0.2937 l2=0.2000 label_smoothing=0.000
D step=2/5 epoch=2/3 loss=0.2977 l2=0.2000 label_smoothing=0.000
D step=2/5 epoch=3/3 loss=0.2924 l2=0.2000 label_smoothing=0.000
D step=3/5 epoch=1/3 loss=0.2826 l2=0.2000 label_smoothing=0.000
D step=3/5 epoch=2/3 loss=0.2880 l2=0.2000 label_smoothing=0.000
D step=3/5 epoch=3/3 loss=0.2868 l2=0.2000 label_smoothing=0.000
D step=4/5 epoch=1/3 loss=0.2782 l2=0.2000 label_smoothing=0.000
D step=4/5 epoch=2/3 loss=0.2766 l2=0.2000 label_smoothing=0.000
D step=4/5 epoch=3/3 loss=0.2732 l2=0.2000 label_smoothing=0.000
D step=5/5 epoch=1/3 loss=0.2844 l2=0.2000 label_smoothing=0.000
D step=5/5 epoch=2/3 loss=0.2877 l2=0.2000 label_smoothing=0.000
D step=5/5 epoch=3/3 loss=0.2882 l2=0.2000 label_smoothing=0.000
ADV epoch=118/200 g_loss=0.0012 d_loss=0.2841 reward=0.1998 reward_var=0.0001 unique=0.0400
D step=1/5 epoch=1/3 loss=0.2837 l2=0.2000 label_smoothing=0.000
D step=1/5 epoch=2/3 loss=0.2847 l2=0.2000 label_smoothing=0.000
D step=1/5 epoch=3/3 loss=0.2889 l2=0.2000 label_smoothing=0.000
D step=2/5 epoch=1/3 loss=0.2731 l2=0.2000 label_smoothing=0.000
D step=2/5 epoch=2/3 loss=0.2760 l2=0.2000 label_smoothing=0.000
D step=2/5 epoch=3/3 loss=0.2745 l2=0.2000 label_smoothing=0.000
D step=3/5 epoch=1/3 loss=0.2483 l2=0.2000 label_smoothing=0.000
D step=3/5 epoch=2/3 loss=0.2498 l2=0.2000 label_smoothing=0.000
D step=3/5 epoch=3/3 loss=0.2457 l2=0.2000 label_smoothing=0.000
D step=4/5 epoch=1/3 loss=0.3006 l2=0.2000 label_smoothing=0.000
D step=4/5 epoch=2/3 loss=0.3033 l2=0.2000 label_smoothing=0.000
D step=4/5 epoch=3/3 loss=0.2980 l2=0.2000 label_smoothing=0.000
D step=5/5 epoch=1/3 loss=0.3034 l2=0.2000 label_smoothing=0.000
D step=5/5 epoch=2/3 loss=0.2973 l2=0.2000 label_smoothing=0.000
D step=5/5 epoch=3/3 loss=0.2966 l2=0.2000 label_smoothing=0.000
ADV epoch=119/200 g_loss=0.0008 d_loss=0.2816 reward=0.1589 reward_var=0.0011 unique=0.0600
D step=1/5 epoch=1/3 loss=0.3020 l2=0.2000 label_smoothing=0.000
D step=1/5 epoch=2/3 loss=0.3015 l2=0.2000 label_smoothing=0.000
D step=1/5 epoch=3/3 loss=0.3019 l2=0.2000 label_smoothing=0.000
D step=2/5 epoch=1/3 loss=0.3233 l2=0.2000 label_smoothing=0.000
D step=2/5 epoch=2/3 loss=0.3241 l2=0.2000 label_smoothing=0.000
D step=2/5 epoch=3/3 loss=0.3215 l2=0.2000 label_smoothing=0.000
D step=3/5 epoch=1/3 loss=0.2735 l2=0.2000 label_smoothing=0.000
D step=3/5 epoch=2/3 loss=0.2732 l2=0.2000 label_smoothing=0.000
D step=3/5 epoch=3/3 loss=0.2794 l2=0.2000 label_smoothing=0.000
D step=4/5 epoch=1/3 loss=0.2855 l2=0.2000 label_smoothing=0.000
D step=4/5 epoch=2/3 loss=0.2805 l2=0.2000 label_smoothing=0.000
D step=4/5 epoch=3/3 loss=0.2858 l2=0.2000 label_smoothing=0.000
D step=5/5 epoch=1/3 loss=0.2843 l2=0.2000 label_smoothing=0.000
D step=5/5 epoch=2/3 loss=0.2809 l2=0.2000 label_smoothing=0.000
D step=5/5 epoch=3/3 loss=0.2790 l2=0.2000 label_smoothing=0.000
ADV epoch=120/200 g_loss=0.0047 d_loss=0.2931 reward=0.2021 reward_var=0.0005 unique=0.0600
D step=1/5 epoch=1/3 loss=0.3212 l2=0.2000 label_smoothing=0.000
D step=1/5 epoch=2/3 loss=0.3086 l2=0.2000 label_smoothing=0.000
D step=1/5 epoch=3/3 loss=0.3080 l2=0.2000 label_smoothing=0.000
D step=2/5 epoch=1/3 loss=0.3030 l2=0.2000 label_smoothing=0.000
D step=2/5 epoch=2/3 loss=0.3132 l2=0.2000 label_smoothing=0.000
D step=2/5 epoch=3/3 loss=0.3087 l2=0.2000 label_smoothing=0.000
D step=3/5 epoch=1/3 loss=0.3041 l2=0.2000 label_smoothing=0.000
D step=3/5 epoch=2/3 loss=0.2991 l2=0.2000 label_smoothing=0.000
D step=3/5 epoch=3/3 loss=0.2998 l2=0.2000 label_smoothing=0.000
D step=4/5 epoch=1/3 loss=0.2684 l2=0.2000 label_smoothing=0.000
D step=4/5 epoch=2/3 loss=0.2688 l2=0.2000 label_smoothing=0.000
D step=4/5 epoch=3/3 loss=0.2743 l2=0.2000 label_smoothing=0.000
D step=5/5 epoch=1/3 loss=0.2916 l2=0.2000 label_smoothing=0.000
D step=5/5 epoch=2/3 loss=0.2886 l2=0.2000 label_smoothing=0.000
D step=5/5 epoch=3/3 loss=0.2888 l2=0.2000 label_smoothing=0.000
ADV epoch=121/200 g_loss=0.0004 d_loss=0.2964 reward=0.1715 reward_var=0.0005 unique=0.0200
D step=1/5 epoch=1/3 loss=0.3092 l2=0.2000 label_smoothing=0.000
D step=1/5 epoch=2/3 loss=0.3041 l2=0.2000 label_smoothing=0.000
D step=1/5 epoch=3/3 loss=0.3009 l2=0.2000 label_smoothing=0.000
D step=2/5 epoch=1/3 loss=0.2843 l2=0.2000 label_smoothing=0.000
D step=2/5 epoch=2/3 loss=0.2812 l2=0.2000 label_smoothing=0.000
D step=2/5 epoch=3/3 loss=0.2804 l2=0.2000 label_smoothing=0.000
D step=3/5 epoch=1/3 loss=0.2848 l2=0.2000 label_smoothing=0.000
D step=3/5 epoch=2/3 loss=0.2805 l2=0.2000 label_smoothing=0.000
D step=3/5 epoch=3/3 loss=0.2840 l2=0.2000 label_smoothing=0.000
D step=4/5 epoch=1/3 loss=0.2747 l2=0.2000 label_smoothing=0.000
D step=4/5 epoch=2/3 loss=0.2707 l2=0.2000 label_smoothing=0.000
D step=4/5 epoch=3/3 loss=0.2747 l2=0.2000 label_smoothing=0.000
D step=5/5 epoch=1/3 loss=0.2987 l2=0.2000 label_smoothing=0.000
D step=5/5 epoch=2/3 loss=0.2972 l2=0.2000 label_smoothing=0.000
D step=5/5 epoch=3/3 loss=0.2918 l2=0.2000 label_smoothing=0.000
ADV epoch=122/200 g_loss=0.0011 d_loss=0.2878 reward=0.1620 reward_var=0.0002 unique=0.0400
D step=1/5 epoch=1/3 loss=0.2855 l2=0.2000 label_smoothing=0.000
D step=1/5 epoch=2/3 loss=0.2739 l2=0.2000 label_smoothing=0.000
D step=1/5 epoch=3/3 loss=0.2791 l2=0.2000 label_smoothing=0.000
D step=2/5 epoch=1/3 loss=0.2334 l2=0.2000 label_smoothing=0.000
D step=2/5 epoch=2/3 loss=0.2314 l2=0.2000 label_smoothing=0.000
D step=2/5 epoch=3/3 loss=0.2316 l2=0.2000 label_smoothing=0.000
D step=3/5 epoch=1/3 loss=0.3017 l2=0.2000 label_smoothing=0.000
D step=3/5 epoch=2/3 loss=0.2979 l2=0.2000 label_smoothing=0.000
D step=3/5 epoch=3/3 loss=0.2986 l2=0.2000 label_smoothing=0.000
D step=4/5 epoch=1/3 loss=0.2983 l2=0.2000 label_smoothing=0.000
D step=4/5 epoch=2/3 loss=0.2977 l2=0.2000 label_smoothing=0.000
D step=4/5 epoch=3/3 loss=0.2999 l2=0.2000 label_smoothing=0.000
D step=5/5 epoch=1/3 loss=0.3252 l2=0.2000 label_smoothing=0.000
D step=5/5 epoch=2/3 loss=0.3213 l2=0.2000 label_smoothing=0.000
D step=5/5 epoch=3/3 loss=0.3215 l2=0.2000 label_smoothing=0.000
ADV epoch=123/200 g_loss=0.0004 d_loss=0.2865 reward=0.1717 reward_var=0.0002 unique=0.0800
D step=1/5 epoch=1/3 loss=0.2840 l2=0.2000 label_smoothing=0.000
D step=1/5 epoch=2/3 loss=0.2821 l2=0.2000 label_smoothing=0.000
D step=1/5 epoch=3/3 loss=0.2737 l2=0.2000 label_smoothing=0.000
D step=2/5 epoch=1/3 loss=0.2723 l2=0.2000 label_smoothing=0.000
D step=2/5 epoch=2/3 loss=0.2755 l2=0.2000 label_smoothing=0.000
D step=2/5 epoch=3/3 loss=0.2732 l2=0.2000 label_smoothing=0.000
D step=3/5 epoch=1/3 loss=0.3012 l2=0.2000 label_smoothing=0.000
D step=3/5 epoch=2/3 loss=0.3034 l2=0.2000 label_smoothing=0.000
D step=3/5 epoch=3/3 loss=0.3002 l2=0.2000 label_smoothing=0.000
D step=4/5 epoch=1/3 loss=0.3033 l2=0.2000 label_smoothing=0.000
D step=4/5 epoch=2/3 loss=0.2976 l2=0.2000 label_smoothing=0.000
D step=4/5 epoch=3/3 loss=0.2955 l2=0.2000 label_smoothing=0.000
D step=5/5 epoch=1/3 loss=0.3164 l2=0.2000 label_smoothing=0.000
D step=5/5 epoch=2/3 loss=0.3154 l2=0.2000 label_smoothing=0.000
D step=5/5 epoch=3/3 loss=0.3108 l2=0.2000 label_smoothing=0.000
ADV epoch=124/200 g_loss=0.0023 d_loss=0.2936 reward=0.2301 reward_var=0.0003 unique=0.0200
D step=1/5 epoch=1/3 loss=0.2872 l2=0.2000 label_smoothing=0.000
D step=1/5 epoch=2/3 loss=0.2791 l2=0.2000 label_smoothing=0.000
D step=1/5 epoch=3/3 loss=0.2811 l2=0.2000 label_smoothing=0.000
D step=2/5 epoch=1/3 loss=0.2845 l2=0.2000 label_smoothing=0.000
D step=2/5 epoch=2/3 loss=0.2855 l2=0.2000 label_smoothing=0.000
D step=2/5 epoch=3/3 loss=0.2832 l2=0.2000 label_smoothing=0.000
D step=3/5 epoch=1/3 loss=0.3116 l2=0.2000 label_smoothing=0.000
D step=3/5 epoch=2/3 loss=0.3115 l2=0.2000 label_smoothing=0.000
D step=3/5 epoch=3/3 loss=0.3121 l2=0.2000 label_smoothing=0.000
D step=4/5 epoch=1/3 loss=0.3199 l2=0.2000 label_smoothing=0.000
D step=4/5 epoch=2/3 loss=0.3178 l2=0.2000 label_smoothing=0.000
D step=4/5 epoch=3/3 loss=0.3175 l2=0.2000 label_smoothing=0.000
D step=5/5 epoch=1/3 loss=0.2797 l2=0.2000 label_smoothing=0.000
D step=5/5 epoch=2/3 loss=0.2699 l2=0.2000 label_smoothing=0.000
D step=5/5 epoch=3/3 loss=0.2751 l2=0.2000 label_smoothing=0.000
ADV epoch=125/200 g_loss=0.0004 d_loss=0.2944 reward=0.2106 reward_var=0.0000 unique=0.0200
D step=1/5 epoch=1/3 loss=0.3034 l2=0.2000 label_smoothing=0.000
D step=1/5 epoch=2/3 loss=0.3020 l2=0.2000 label_smoothing=0.000
D step=1/5 epoch=3/3 loss=0.3004 l2=0.2000 label_smoothing=0.000
D step=2/5 epoch=1/3 loss=0.3002 l2=0.2000 label_smoothing=0.000
D step=2/5 epoch=2/3 loss=0.2988 l2=0.2000 label_smoothing=0.000
D step=2/5 epoch=3/3 loss=0.2978 l2=0.2000 label_smoothing=0.000
D step=3/5 epoch=1/3 loss=0.2974 l2=0.2000 label_smoothing=0.000
D step=3/5 epoch=2/3 loss=0.2914 l2=0.2000 label_smoothing=0.000
D step=3/5 epoch=3/3 loss=0.2994 l2=0.2000 label_smoothing=0.000
D step=4/5 epoch=1/3 loss=0.2983 l2=0.2000 label_smoothing=0.000
D step=4/5 epoch=2/3 loss=0.2968 l2=0.2000 label_smoothing=0.000
D step=4/5 epoch=3/3 loss=0.2951 l2=0.2000 label_smoothing=0.000
D step=5/5 epoch=1/3 loss=0.2703 l2=0.2000 label_smoothing=0.000
D step=5/5 epoch=2/3 loss=0.2741 l2=0.2000 label_smoothing=0.000
D step=5/5 epoch=3/3 loss=0.2725 l2=0.2000 label_smoothing=0.000
ADV epoch=126/200 g_loss=0.0029 d_loss=0.2932 reward=0.1868 reward_var=0.0009 unique=0.0800
D step=1/5 epoch=1/3 loss=0.2973 l2=0.2000 label_smoothing=0.000
D step=1/5 epoch=2/3 loss=0.2939 l2=0.2000 label_smoothing=0.000
D step=1/5 epoch=3/3 loss=0.2979 l2=0.2000 label_smoothing=0.000
D step=2/5 epoch=1/3 loss=0.2915 l2=0.2000 label_smoothing=0.000
D step=2/5 epoch=2/3 loss=0.2863 l2=0.2000 label_smoothing=0.000
D step=2/5 epoch=3/3 loss=0.2852 l2=0.2000 label_smoothing=0.000
D step=3/5 epoch=1/3 loss=0.2923 l2=0.2000 label_smoothing=0.000
D step=3/5 epoch=2/3 loss=0.2934 l2=0.2000 label_smoothing=0.000
D step=3/5 epoch=3/3 loss=0.2989 l2=0.2000 label_smoothing=0.000
D step=4/5 epoch=1/3 loss=0.2984 l2=0.2000 label_smoothing=0.000
D step=4/5 epoch=2/3 loss=0.2975 l2=0.2000 label_smoothing=0.000
D step=4/5 epoch=3/3 loss=0.3012 l2=0.2000 label_smoothing=0.000
D step=5/5 epoch=1/3 loss=0.2948 l2=0.2000 label_smoothing=0.000
D step=5/5 epoch=2/3 loss=0.2966 l2=0.2000 label_smoothing=0.000
D step=5/5 epoch=3/3 loss=0.2958 l2=0.2000 label_smoothing=0.000
ADV epoch=127/200 g_loss=0.0021 d_loss=0.2947 reward=0.1734 reward_var=0.0008 unique=0.0400
D step=1/5 epoch=1/3 loss=0.2917 l2=0.2000 label_smoothing=0.000
D step=1/5 epoch=2/3 loss=0.2975 l2=0.2000 label_smoothing=0.000
D step=1/5 epoch=3/3 loss=0.2953 l2=0.2000 label_smoothing=0.000
D step=2/5 epoch=1/3 loss=0.2822 l2=0.2000 label_smoothing=0.000
D step=2/5 epoch=2/3 loss=0.2810 l2=0.2000 label_smoothing=0.000
D step=2/5 epoch=3/3 loss=0.2845 l2=0.2000 label_smoothing=0.000
D step=3/5 epoch=1/3 loss=0.2875 l2=0.2000 label_smoothing=0.000
D step=3/5 epoch=2/3 loss=0.2934 l2=0.2000 label_smoothing=0.000
D step=3/5 epoch=3/3 loss=0.2811 l2=0.2000 label_smoothing=0.000
D step=4/5 epoch=1/3 loss=0.2987 l2=0.2000 label_smoothing=0.000
D step=4/5 epoch=2/3 loss=0.2947 l2=0.2000 label_smoothing=0.000
D step=4/5 epoch=3/3 loss=0.2951 l2=0.2000 label_smoothing=0.000
D step=5/5 epoch=1/3 loss=0.2797 l2=0.2000 label_smoothing=0.000
D step=5/5 epoch=2/3 loss=0.2862 l2=0.2000 label_smoothing=0.000
D step=5/5 epoch=3/3 loss=0.2859 l2=0.2000 label_smoothing=0.000
ADV epoch=128/200 g_loss=0.0023 d_loss=0.2890 reward=0.1916 reward_var=0.0006 unique=0.0600
D step=1/5 epoch=1/3 loss=0.2918 l2=0.2000 label_smoothing=0.000
D step=1/5 epoch=2/3 loss=0.2877 l2=0.2000 label_smoothing=0.000
D step=1/5 epoch=3/3 loss=0.2864 l2=0.2000 label_smoothing=0.000
D step=2/5 epoch=1/3 loss=0.2553 l2=0.2000 label_smoothing=0.000
D step=2/5 epoch=2/3 loss=0.2549 l2=0.2000 label_smoothing=0.000
D step=2/5 epoch=3/3 loss=0.2485 l2=0.2000 label_smoothing=0.000
D step=3/5 epoch=1/3 loss=0.2805 l2=0.2000 label_smoothing=0.000
D step=3/5 epoch=2/3 loss=0.2806 l2=0.2000 label_smoothing=0.000
D step=3/5 epoch=3/3 loss=0.2865 l2=0.2000 label_smoothing=0.000
D step=4/5 epoch=1/3 loss=0.2668 l2=0.2000 label_smoothing=0.000
D step=4/5 epoch=2/3 loss=0.2675 l2=0.2000 label_smoothing=0.000
D step=4/5 epoch=3/3 loss=0.2670 l2=0.2000 label_smoothing=0.000
D step=5/5 epoch=1/3 loss=0.2806 l2=0.2000 label_smoothing=0.000
D step=5/5 epoch=2/3 loss=0.2822 l2=0.2000 label_smoothing=0.000
D step=5/5 epoch=3/3 loss=0.2805 l2=0.2000 label_smoothing=0.000
ADV epoch=129/200 g_loss=0.0016 d_loss=0.2745 reward=0.1852 reward_var=0.0009 unique=0.0600
D step=1/5 epoch=1/3 loss=0.3147 l2=0.2000 label_smoothing=0.000
D step=1/5 epoch=2/3 loss=0.3104 l2=0.2000 label_smoothing=0.000
D step=1/5 epoch=3/3 loss=0.3040 l2=0.2000 label_smoothing=0.000
D step=2/5 epoch=1/3 loss=0.2931 l2=0.2000 label_smoothing=0.000
D step=2/5 epoch=2/3 loss=0.2985 l2=0.2000 label_smoothing=0.000
D step=2/5 epoch=3/3 loss=0.2921 l2=0.2000 label_smoothing=0.000
D step=3/5 epoch=1/3 loss=0.2990 l2=0.2000 label_smoothing=0.000
D step=3/5 epoch=2/3 loss=0.2999 l2=0.2000 label_smoothing=0.000
D step=3/5 epoch=3/3 loss=0.3038 l2=0.2000 label_smoothing=0.000
D step=4/5 epoch=1/3 loss=0.2970 l2=0.2000 label_smoothing=0.000
D step=4/5 epoch=2/3 loss=0.2917 l2=0.2000 label_smoothing=0.000
D step=4/5 epoch=3/3 loss=0.3014 l2=0.2000 label_smoothing=0.000
D step=5/5 epoch=1/3 loss=0.2867 l2=0.2000 label_smoothing=0.000
D step=5/5 epoch=2/3 loss=0.2827 l2=0.2000 label_smoothing=0.000
D step=5/5 epoch=3/3 loss=0.2848 l2=0.2000 label_smoothing=0.000
ADV epoch=130/200 g_loss=0.0004 d_loss=0.2973 reward=0.1869 reward_var=0.0000 unique=0.0400
D step=1/5 epoch=1/3 loss=0.2657 l2=0.2000 label_smoothing=0.000
D step=1/5 epoch=2/3 loss=0.2703 l2=0.2000 label_smoothing=0.000
D step=1/5 epoch=3/3 loss=0.2619 l2=0.2000 label_smoothing=0.000
D step=2/5 epoch=1/3 loss=0.2986 l2=0.2000 label_smoothing=0.000
D step=2/5 epoch=2/3 loss=0.2978 l2=0.2000 label_smoothing=0.000
D step=2/5 epoch=3/3 loss=0.2969 l2=0.2000 label_smoothing=0.000
D step=3/5 epoch=1/3 loss=0.2712 l2=0.2000 label_smoothing=0.000
D step=3/5 epoch=2/3 loss=0.2674 l2=0.2000 label_smoothing=0.000
D step=3/5 epoch=3/3 loss=0.2741 l2=0.2000 label_smoothing=0.000
D step=4/5 epoch=1/3 loss=0.2755 l2=0.2000 label_smoothing=0.000
D step=4/5 epoch=2/3 loss=0.2725 l2=0.2000 label_smoothing=0.000
D step=4/5 epoch=3/3 loss=0.2695 l2=0.2000 label_smoothing=0.000
D step=5/5 epoch=1/3 loss=0.2824 l2=0.2000 label_smoothing=0.000
D step=5/5 epoch=2/3 loss=0.2765 l2=0.2000 label_smoothing=0.000
D step=5/5 epoch=3/3 loss=0.2806 l2=0.2000 label_smoothing=0.000
ADV epoch=131/200 g_loss=0.0013 d_loss=0.2774 reward=0.1859 reward_var=0.0004 unique=0.0800
D step=1/5 epoch=1/3 loss=0.2936 l2=0.2000 label_smoothing=0.000
D step=1/5 epoch=2/3 loss=0.2945 l2=0.2000 label_smoothing=0.000
D step=1/5 epoch=3/3 loss=0.2983 l2=0.2000 label_smoothing=0.000
D step=2/5 epoch=1/3 loss=0.3198 l2=0.2000 label_smoothing=0.000
D step=2/5 epoch=2/3 loss=0.3125 l2=0.2000 label_smoothing=0.000
D step=2/5 epoch=3/3 loss=0.3184 l2=0.2000 label_smoothing=0.000
D step=3/5 epoch=1/3 loss=0.2716 l2=0.2000 label_smoothing=0.000
D step=3/5 epoch=2/3 loss=0.2707 l2=0.2000 label_smoothing=0.000
D step=3/5 epoch=3/3 loss=0.2731 l2=0.2000 label_smoothing=0.000
D step=4/5 epoch=1/3 loss=0.2323 l2=0.2000 label_smoothing=0.000
D step=4/5 epoch=2/3 loss=0.2294 l2=0.2000 label_smoothing=0.000
D step=4/5 epoch=3/3 loss=0.2296 l2=0.2000 label_smoothing=0.000
D step=5/5 epoch=1/3 loss=0.2729 l2=0.2000 label_smoothing=0.000
D step=5/5 epoch=2/3 loss=0.2726 l2=0.2000 label_smoothing=0.000
D step=5/5 epoch=3/3 loss=0.2726 l2=0.2000 label_smoothing=0.000
ADV epoch=132/200 g_loss=0.0039 d_loss=0.2775 reward=0.1813 reward_var=0.0026 unique=0.0600
D step=1/5 epoch=1/3 loss=0.2773 l2=0.2000 label_smoothing=0.000
D step=1/5 epoch=2/3 loss=0.2682 l2=0.2000 label_smoothing=0.000
D step=1/5 epoch=3/3 loss=0.2695 l2=0.2000 label_smoothing=0.000
D step=2/5 epoch=1/3 loss=0.2829 l2=0.2000 label_smoothing=0.000
D step=2/5 epoch=2/3 loss=0.2814 l2=0.2000 label_smoothing=0.000
D step=2/5 epoch=3/3 loss=0.2765 l2=0.2000 label_smoothing=0.000
D step=3/5 epoch=1/3 loss=0.2540 l2=0.2000 label_smoothing=0.000
D step=3/5 epoch=2/3 loss=0.2548 l2=0.2000 label_smoothing=0.000
D step=3/5 epoch=3/3 loss=0.2568 l2=0.2000 label_smoothing=0.000
D step=4/5 epoch=1/3 loss=0.3121 l2=0.2000 label_smoothing=0.000
D step=4/5 epoch=2/3 loss=0.3166 l2=0.2000 label_smoothing=0.000
D step=4/5 epoch=3/3 loss=0.3092 l2=0.2000 label_smoothing=0.000
D step=5/5 epoch=1/3 loss=0.2734 l2=0.2000 label_smoothing=0.000
D step=5/5 epoch=2/3 loss=0.2713 l2=0.2000 label_smoothing=0.000
D step=5/5 epoch=3/3 loss=0.2766 l2=0.2000 label_smoothing=0.000
ADV epoch=133/200 g_loss=0.0036 d_loss=0.2787 reward=0.1449 reward_var=0.0016 unique=0.0600
D step=1/5 epoch=1/3 loss=0.3016 l2=0.2000 label_smoothing=0.000
D step=1/5 epoch=2/3 loss=0.2982 l2=0.2000 label_smoothing=0.000
D step=1/5 epoch=3/3 loss=0.3030 l2=0.2000 label_smoothing=0.000
D step=2/5 epoch=1/3 loss=0.2710 l2=0.2000 label_smoothing=0.000
D step=2/5 epoch=2/3 loss=0.2709 l2=0.2000 label_smoothing=0.000
D step=2/5 epoch=3/3 loss=0.2727 l2=0.2000 label_smoothing=0.000
D step=3/5 epoch=1/3 loss=0.2947 l2=0.2000 label_smoothing=0.000
D step=3/5 epoch=2/3 loss=0.2971 l2=0.2000 label_smoothing=0.000
D step=3/5 epoch=3/3 loss=0.2946 l2=0.2000 label_smoothing=0.000
D step=4/5 epoch=1/3 loss=0.3002 l2=0.2000 label_smoothing=0.000
D step=4/5 epoch=2/3 loss=0.2984 l2=0.2000 label_smoothing=0.000
D step=4/5 epoch=3/3 loss=0.2966 l2=0.2000 label_smoothing=0.000
D step=5/5 epoch=1/3 loss=0.3031 l2=0.2000 label_smoothing=0.000
D step=5/5 epoch=2/3 loss=0.3077 l2=0.2000 label_smoothing=0.000
D step=5/5 epoch=3/3 loss=0.2947 l2=0.2000 label_smoothing=0.000
ADV epoch=134/200 g_loss=0.0027 d_loss=0.2936 reward=0.1734 reward_var=0.0008 unique=0.0400
D step=1/5 epoch=1/3 loss=0.3103 l2=0.2000 label_smoothing=0.000
D step=1/5 epoch=2/3 loss=0.3031 l2=0.2000 label_smoothing=0.000
D step=1/5 epoch=3/3 loss=0.3047 l2=0.2000 label_smoothing=0.000
D step=2/5 epoch=1/3 loss=0.2509 l2=0.2000 label_smoothing=0.000
D step=2/5 epoch=2/3 loss=0.2457 l2=0.2000 label_smoothing=0.000
D step=2/5 epoch=3/3 loss=0.2400 l2=0.2000 label_smoothing=0.000
D step=3/5 epoch=1/3 loss=0.3037 l2=0.2000 label_smoothing=0.000
D step=3/5 epoch=2/3 loss=0.3037 l2=0.2000 label_smoothing=0.000
D step=3/5 epoch=3/3 loss=0.2996 l2=0.2000 label_smoothing=0.000
D step=4/5 epoch=1/3 loss=0.2831 l2=0.2000 label_smoothing=0.000
D step=4/5 epoch=2/3 loss=0.2839 l2=0.2000 label_smoothing=0.000
D step=4/5 epoch=3/3 loss=0.2806 l2=0.2000 label_smoothing=0.000
D step=5/5 epoch=1/3 loss=0.3037 l2=0.2000 label_smoothing=0.000
D step=5/5 epoch=2/3 loss=0.2975 l2=0.2000 label_smoothing=0.000
D step=5/5 epoch=3/3 loss=0.3013 l2=0.2000 label_smoothing=0.000
ADV epoch=135/200 g_loss=0.0028 d_loss=0.2875 reward=0.1947 reward_var=0.0000 unique=0.0600
D step=1/5 epoch=1/3 loss=0.2891 l2=0.2000 label_smoothing=0.000
D step=1/5 epoch=2/3 loss=0.2903 l2=0.2000 label_smoothing=0.000
D step=1/5 epoch=3/3 loss=0.2855 l2=0.2000 label_smoothing=0.000
D step=2/5 epoch=1/3 loss=0.2966 l2=0.2000 label_smoothing=0.000
D step=2/5 epoch=2/3 loss=0.2913 l2=0.2000 label_smoothing=0.000
D step=2/5 epoch=3/3 loss=0.2899 l2=0.2000 label_smoothing=0.000
D step=3/5 epoch=1/3 loss=0.3009 l2=0.2000 label_smoothing=0.000
D step=3/5 epoch=2/3 loss=0.2979 l2=0.2000 label_smoothing=0.000
D step=3/5 epoch=3/3 loss=0.2997 l2=0.2000 label_smoothing=0.000
D step=4/5 epoch=1/3 loss=0.2852 l2=0.2000 label_smoothing=0.000
D step=4/5 epoch=2/3 loss=0.2874 l2=0.2000 label_smoothing=0.000
D step=4/5 epoch=3/3 loss=0.2828 l2=0.2000 label_smoothing=0.000
D step=5/5 epoch=1/3 loss=0.3083 l2=0.2000 label_smoothing=0.000
D step=5/5 epoch=2/3 loss=0.3008 l2=0.2000 label_smoothing=0.000
D step=5/5 epoch=3/3 loss=0.3030 l2=0.2000 label_smoothing=0.000
ADV epoch=136/200 g_loss=0.0067 d_loss=0.2939 reward=0.2128 reward_var=0.0017 unique=0.0600
D step=1/5 epoch=1/3 loss=0.3140 l2=0.2000 label_smoothing=0.000
D step=1/5 epoch=2/3 loss=0.3136 l2=0.2000 label_smoothing=0.000
D step=1/5 epoch=3/3 loss=0.3135 l2=0.2000 label_smoothing=0.000
D step=2/5 epoch=1/3 loss=0.3405 l2=0.2000 label_smoothing=0.000
D step=2/5 epoch=2/3 loss=0.3073 l2=0.2000 label_smoothing=0.000
D step=2/5 epoch=3/3 loss=0.2958 l2=0.2000 label_smoothing=0.000
D step=3/5 epoch=1/3 loss=0.2918 l2=0.2000 label_smoothing=0.000
D step=3/5 epoch=2/3 loss=0.2895 l2=0.2000 label_smoothing=0.000
D step=3/5 epoch=3/3 loss=0.2905 l2=0.2000 label_smoothing=0.000
D step=4/5 epoch=1/3 loss=0.2778 l2=0.2000 label_smoothing=0.000
D step=4/5 epoch=2/3 loss=0.2702 l2=0.2000 label_smoothing=0.000
D step=4/5 epoch=3/3 loss=0.2749 l2=0.2000 label_smoothing=0.000
D step=5/5 epoch=1/3 loss=0.3145 l2=0.2000 label_smoothing=0.000
D step=5/5 epoch=2/3 loss=0.3111 l2=0.2000 label_smoothing=0.000
D step=5/5 epoch=3/3 loss=0.3129 l2=0.2000 label_smoothing=0.000
ADV epoch=137/200 g_loss=0.0071 d_loss=0.3012 reward=0.1925 reward_var=0.0013 unique=0.0200
D step=1/5 epoch=1/3 loss=0.2638 l2=0.2000 label_smoothing=0.000
D step=1/5 epoch=2/3 loss=0.2572 l2=0.2000 label_smoothing=0.000
D step=1/5 epoch=3/3 loss=0.2556 l2=0.2000 label_smoothing=0.000
D step=2/5 epoch=1/3 loss=0.2921 l2=0.2000 label_smoothing=0.000
D step=2/5 epoch=2/3 loss=0.2886 l2=0.2000 label_smoothing=0.000
D step=2/5 epoch=3/3 loss=0.2917 l2=0.2000 label_smoothing=0.000
D step=3/5 epoch=1/3 loss=0.2915 l2=0.2000 label_smoothing=0.000
D step=3/5 epoch=2/3 loss=0.2877 l2=0.2000 label_smoothing=0.000
D step=3/5 epoch=3/3 loss=0.2891 l2=0.2000 label_smoothing=0.000
D step=4/5 epoch=1/3 loss=0.2572 l2=0.2000 label_smoothing=0.000
D step=4/5 epoch=2/3 loss=0.2571 l2=0.2000 label_smoothing=0.000
D step=4/5 epoch=3/3 loss=0.2592 l2=0.2000 label_smoothing=0.000
D step=5/5 epoch=1/3 loss=0.2981 l2=0.2000 label_smoothing=0.000
D step=5/5 epoch=2/3 loss=0.2962 l2=0.2000 label_smoothing=0.000
D step=5/5 epoch=3/3 loss=0.2946 l2=0.2000 label_smoothing=0.000
ADV epoch=138/200 g_loss=0.0016 d_loss=0.2787 reward=0.1842 reward_var=0.0000 unique=0.0800
D step=1/5 epoch=1/3 loss=0.2774 l2=0.2000 label_smoothing=0.000
D step=1/5 epoch=2/3 loss=0.2744 l2=0.2000 label_smoothing=0.000
D step=1/5 epoch=3/3 loss=0.2694 l2=0.2000 label_smoothing=0.000
D step=2/5 epoch=1/3 loss=0.2899 l2=0.2000 label_smoothing=0.000
D step=2/5 epoch=2/3 loss=0.2866 l2=0.2000 label_smoothing=0.000
D step=2/5 epoch=3/3 loss=0.2868 l2=0.2000 label_smoothing=0.000
D step=3/5 epoch=1/3 loss=0.2753 l2=0.2000 label_smoothing=0.000
D step=3/5 epoch=2/3 loss=0.2670 l2=0.2000 label_smoothing=0.000
D step=3/5 epoch=3/3 loss=0.2731 l2=0.2000 label_smoothing=0.000
D step=4/5 epoch=1/3 loss=0.2722 l2=0.2000 label_smoothing=0.000
D step=4/5 epoch=2/3 loss=0.2716 l2=0.2000 label_smoothing=0.000
D step=4/5 epoch=3/3 loss=0.2762 l2=0.2000 label_smoothing=0.000
D step=5/5 epoch=1/3 loss=0.2590 l2=0.2000 label_smoothing=0.000
D step=5/5 epoch=2/3 loss=0.2584 l2=0.2000 label_smoothing=0.000
D step=5/5 epoch=3/3 loss=0.2573 l2=0.2000 label_smoothing=0.000
ADV epoch=139/200 g_loss=0.0014 d_loss=0.2730 reward=0.1812 reward_var=0.0001 unique=0.0400
D step=1/5 epoch=1/3 loss=0.2701 l2=0.2000 label_smoothing=0.000
D step=1/5 epoch=2/3 loss=0.2733 l2=0.2000 label_smoothing=0.000
D step=1/5 epoch=3/3 loss=0.2699 l2=0.2000 label_smoothing=0.000
D step=2/5 epoch=1/3 loss=0.2553 l2=0.2000 label_smoothing=0.000
D step=2/5 epoch=2/3 loss=0.2611 l2=0.2000 label_smoothing=0.000
D step=2/5 epoch=3/3 loss=0.2577 l2=0.2000 label_smoothing=0.000
D step=3/5 epoch=1/3 loss=0.2556 l2=0.2000 label_smoothing=0.000
D step=3/5 epoch=2/3 loss=0.2580 l2=0.2000 label_smoothing=0.000
D step=3/5 epoch=3/3 loss=0.2480 l2=0.2000 label_smoothing=0.000
D step=4/5 epoch=1/3 loss=0.2878 l2=0.2000 label_smoothing=0.000
D step=4/5 epoch=2/3 loss=0.2861 l2=0.2000 label_smoothing=0.000
D step=4/5 epoch=3/3 loss=0.2883 l2=0.2000 label_smoothing=0.000
D step=5/5 epoch=1/3 loss=0.2932 l2=0.2000 label_smoothing=0.000
D step=5/5 epoch=2/3 loss=0.2911 l2=0.2000 label_smoothing=0.000
D step=5/5 epoch=3/3 loss=0.2907 l2=0.2000 label_smoothing=0.000
ADV epoch=140/200 g_loss=0.0025 d_loss=0.2724 reward=0.1646 reward_var=0.0004 unique=0.0600
D step=1/5 epoch=1/3 loss=0.2918 l2=0.2000 label_smoothing=0.000
D step=1/5 epoch=2/3 loss=0.2897 l2=0.2000 label_smoothing=0.000
D step=1/5 epoch=3/3 loss=0.2909 l2=0.2000 label_smoothing=0.000
D step=2/5 epoch=1/3 loss=0.2689 l2=0.2000 label_smoothing=0.000
D step=2/5 epoch=2/3 loss=0.2733 l2=0.2000 label_smoothing=0.000
D step=2/5 epoch=3/3 loss=0.2707 l2=0.2000 label_smoothing=0.000
D step=3/5 epoch=1/3 loss=0.2994 l2=0.2000 label_smoothing=0.000
D step=3/5 epoch=2/3 loss=0.2964 l2=0.2000 label_smoothing=0.000
D step=3/5 epoch=3/3 loss=0.2933 l2=0.2000 label_smoothing=0.000
D step=4/5 epoch=1/3 loss=0.2800 l2=0.2000 label_smoothing=0.000
D step=4/5 epoch=2/3 loss=0.2819 l2=0.2000 label_smoothing=0.000
D step=4/5 epoch=3/3 loss=0.2790 l2=0.2000 label_smoothing=0.000
D step=5/5 epoch=1/3 loss=0.2862 l2=0.2000 label_smoothing=0.000
D step=5/5 epoch=2/3 loss=0.2835 l2=0.2000 label_smoothing=0.000
D step=5/5 epoch=3/3 loss=0.2833 l2=0.2000 label_smoothing=0.000
ADV epoch=141/200 g_loss=0.0023 d_loss=0.2846 reward=0.1882 reward_var=0.0001 unique=0.1000
D step=1/5 epoch=1/3 loss=0.3135 l2=0.2000 label_smoothing=0.000
D step=1/5 epoch=2/3 loss=0.3102 l2=0.2000 label_smoothing=0.000
D step=1/5 epoch=3/3 loss=0.3124 l2=0.2000 label_smoothing=0.000
D step=2/5 epoch=1/3 loss=0.2578 l2=0.2000 label_smoothing=0.000
D step=2/5 epoch=2/3 loss=0.2593 l2=0.2000 label_smoothing=0.000
D step=2/5 epoch=3/3 loss=0.2625 l2=0.2000 label_smoothing=0.000
D step=3/5 epoch=1/3 loss=0.2902 l2=0.2000 label_smoothing=0.000
D step=3/5 epoch=2/3 loss=0.2891 l2=0.2000 label_smoothing=0.000
D step=3/5 epoch=3/3 loss=0.2893 l2=0.2000 label_smoothing=0.000
D step=4/5 epoch=1/3 loss=0.2854 l2=0.2000 label_smoothing=0.000
D step=4/5 epoch=2/3 loss=0.2802 l2=0.2000 label_smoothing=0.000
D step=4/5 epoch=3/3 loss=0.2872 l2=0.2000 label_smoothing=0.000
D step=5/5 epoch=1/3 loss=0.2749 l2=0.2000 label_smoothing=0.000
D step=5/5 epoch=2/3 loss=0.2794 l2=0.2000 label_smoothing=0.000
D step=5/5 epoch=3/3 loss=0.2740 l2=0.2000 label_smoothing=0.000
ADV epoch=142/200 g_loss=0.0036 d_loss=0.2843 reward=0.1845 reward_var=0.0002 unique=0.0400
D step=1/5 epoch=1/3 loss=0.2878 l2=0.2000 label_smoothing=0.000
D step=1/5 epoch=2/3 loss=0.2891 l2=0.2000 label_smoothing=0.000
D step=1/5 epoch=3/3 loss=0.2879 l2=0.2000 label_smoothing=0.000
D step=2/5 epoch=1/3 loss=0.2811 l2=0.2000 label_smoothing=0.000
D step=2/5 epoch=2/3 loss=0.2855 l2=0.2000 label_smoothing=0.000
D step=2/5 epoch=3/3 loss=0.2860 l2=0.2000 label_smoothing=0.000
D step=3/5 epoch=1/3 loss=0.3041 l2=0.2000 label_smoothing=0.000
D step=3/5 epoch=2/3 loss=0.2977 l2=0.2000 label_smoothing=0.000
D step=3/5 epoch=3/3 loss=0.3007 l2=0.2000 label_smoothing=0.000
D step=4/5 epoch=1/3 loss=0.2571 l2=0.2000 label_smoothing=0.000
D step=4/5 epoch=2/3 loss=0.2597 l2=0.2000 label_smoothing=0.000
D step=4/5 epoch=3/3 loss=0.2543 l2=0.2000 label_smoothing=0.000
D step=5/5 epoch=1/3 loss=0.2668 l2=0.2000 label_smoothing=0.000
D step=5/5 epoch=2/3 loss=0.2734 l2=0.2000 label_smoothing=0.000
D step=5/5 epoch=3/3 loss=0.2685 l2=0.2000 label_smoothing=0.000
ADV epoch=143/200 g_loss=0.0021 d_loss=0.2800 reward=0.1778 reward_var=0.0012 unique=0.0400
D step=1/5 epoch=1/3 loss=0.2700 l2=0.2000 label_smoothing=0.000
D step=1/5 epoch=2/3 loss=0.2661 l2=0.2000 label_smoothing=0.000
D step=1/5 epoch=3/3 loss=0.2722 l2=0.2000 label_smoothing=0.000
D step=2/5 epoch=1/3 loss=0.2717 l2=0.2000 label_smoothing=0.000
D step=2/5 epoch=2/3 loss=0.2729 l2=0.2000 label_smoothing=0.000
D step=2/5 epoch=3/3 loss=0.2748 l2=0.2000 label_smoothing=0.000
D step=3/5 epoch=1/3 loss=0.2987 l2=0.2000 label_smoothing=0.000
D step=3/5 epoch=2/3 loss=0.2994 l2=0.2000 label_smoothing=0.000
D step=3/5 epoch=3/3 loss=0.2947 l2=0.2000 label_smoothing=0.000
D step=4/5 epoch=1/3 loss=0.2889 l2=0.2000 label_smoothing=0.000
D step=4/5 epoch=2/3 loss=0.2917 l2=0.2000 label_smoothing=0.000
D step=4/5 epoch=3/3 loss=0.2900 l2=0.2000 label_smoothing=0.000
D step=5/5 epoch=1/3 loss=0.4097 l2=0.2000 label_smoothing=0.000
D step=5/5 epoch=2/3 loss=0.3519 l2=0.2000 label_smoothing=0.000
D step=5/5 epoch=3/3 loss=0.3219 l2=0.2000 label_smoothing=0.000
ADV epoch=144/200 g_loss=0.0068 d_loss=0.2983 reward=0.1526 reward_var=0.0019 unique=0.0400
D step=1/5 epoch=1/3 loss=0.3059 l2=0.2000 label_smoothing=0.000
D step=1/5 epoch=2/3 loss=0.2981 l2=0.2000 label_smoothing=0.000
D step=1/5 epoch=3/3 loss=0.2997 l2=0.2000 label_smoothing=0.000
D step=2/5 epoch=1/3 loss=0.2853 l2=0.2000 label_smoothing=0.000
D step=2/5 epoch=2/3 loss=0.2917 l2=0.2000 label_smoothing=0.000
D step=2/5 epoch=3/3 loss=0.2867 l2=0.2000 label_smoothing=0.000
D step=3/5 epoch=1/3 loss=0.2732 l2=0.2000 label_smoothing=0.000
D step=3/5 epoch=2/3 loss=0.2764 l2=0.2000 label_smoothing=0.000
D step=3/5 epoch=3/3 loss=0.2729 l2=0.2000 label_smoothing=0.000
D step=4/5 epoch=1/3 loss=0.2889 l2=0.2000 label_smoothing=0.000
D step=4/5 epoch=2/3 loss=0.2836 l2=0.2000 label_smoothing=0.000
D step=4/5 epoch=3/3 loss=0.2858 l2=0.2000 label_smoothing=0.000
D step=5/5 epoch=1/3 loss=0.2946 l2=0.2000 label_smoothing=0.000
D step=5/5 epoch=2/3 loss=0.2943 l2=0.2000 label_smoothing=0.000
D step=5/5 epoch=3/3 loss=0.2944 l2=0.2000 label_smoothing=0.000
ADV epoch=145/200 g_loss=0.0045 d_loss=0.2888 reward=0.1660 reward_var=0.0014 unique=0.0600
D step=1/5 epoch=1/3 loss=0.2801 l2=0.2000 label_smoothing=0.000
D step=1/5 epoch=2/3 loss=0.2795 l2=0.2000 label_smoothing=0.000
D step=1/5 epoch=3/3 loss=0.2813 l2=0.2000 label_smoothing=0.000
D step=2/5 epoch=1/3 loss=0.2995 l2=0.2000 label_smoothing=0.000
D step=2/5 epoch=2/3 loss=0.2960 l2=0.2000 label_smoothing=0.000
D step=2/5 epoch=3/3 loss=0.2959 l2=0.2000 label_smoothing=0.000
D step=3/5 epoch=1/3 loss=0.2876 l2=0.2000 label_smoothing=0.000
D step=3/5 epoch=2/3 loss=0.2863 l2=0.2000 label_smoothing=0.000
D step=3/5 epoch=3/3 loss=0.2875 l2=0.2000 label_smoothing=0.000
D step=4/5 epoch=1/3 loss=0.2879 l2=0.2000 label_smoothing=0.000
D step=4/5 epoch=2/3 loss=0.2827 l2=0.2000 label_smoothing=0.000
D step=4/5 epoch=3/3 loss=0.2853 l2=0.2000 label_smoothing=0.000
D step=5/5 epoch=1/3 loss=0.2946 l2=0.2000 label_smoothing=0.000
D step=5/5 epoch=2/3 loss=0.2958 l2=0.2000 label_smoothing=0.000
D step=5/5 epoch=3/3 loss=0.2975 l2=0.2000 label_smoothing=0.000
ADV epoch=146/200 g_loss=0.0026 d_loss=0.2892 reward=0.1802 reward_var=0.0008 unique=0.0400
D step=1/5 epoch=1/3 loss=0.3000 l2=0.2000 label_smoothing=0.000
D step=1/5 epoch=2/3 loss=0.2937 l2=0.2000 label_smoothing=0.000
D step=1/5 epoch=3/3 loss=0.2943 l2=0.2000 label_smoothing=0.000
D step=2/5 epoch=1/3 loss=0.3350 l2=0.2000 label_smoothing=0.000
D step=2/5 epoch=2/3 loss=0.3339 l2=0.2000 label_smoothing=0.000
D step=2/5 epoch=3/3 loss=0.2850 l2=0.2000 label_smoothing=0.000
D step=3/5 epoch=1/3 loss=0.3051 l2=0.2000 label_smoothing=0.000
D step=3/5 epoch=2/3 loss=0.2777 l2=0.2000 label_smoothing=0.000
D step=3/5 epoch=3/3 loss=0.2745 l2=0.2000 label_smoothing=0.000
D step=4/5 epoch=1/3 loss=0.2618 l2=0.2000 label_smoothing=0.000
D step=4/5 epoch=2/3 loss=0.2620 l2=0.2000 label_smoothing=0.000
D step=4/5 epoch=3/3 loss=0.2580 l2=0.2000 label_smoothing=0.000
D step=5/5 epoch=1/3 loss=0.2905 l2=0.2000 label_smoothing=0.000
D step=5/5 epoch=2/3 loss=0.2852 l2=0.2000 label_smoothing=0.000
D step=5/5 epoch=3/3 loss=0.2873 l2=0.2000 label_smoothing=0.000
ADV epoch=147/200 g_loss=0.0022 d_loss=0.2896 reward=0.1851 reward_var=0.0001 unique=0.0800
D step=1/5 epoch=1/3 loss=0.2752 l2=0.2000 label_smoothing=0.000
D step=1/5 epoch=2/3 loss=0.2789 l2=0.2000 label_smoothing=0.000
D step=1/5 epoch=3/3 loss=0.2707 l2=0.2000 label_smoothing=0.000
D step=2/5 epoch=1/3 loss=0.2346 l2=0.2000 label_smoothing=0.000
D step=2/5 epoch=2/3 loss=0.2282 l2=0.2000 label_smoothing=0.000
D step=2/5 epoch=3/3 loss=0.2287 l2=0.2000 label_smoothing=0.000
D step=3/5 epoch=1/3 loss=0.2918 l2=0.2000 label_smoothing=0.000
D step=3/5 epoch=2/3 loss=0.2901 l2=0.2000 label_smoothing=0.000
D step=3/5 epoch=3/3 loss=0.2927 l2=0.2000 label_smoothing=0.000
D step=4/5 epoch=1/3 loss=0.2730 l2=0.2000 label_smoothing=0.000
D step=4/5 epoch=2/3 loss=0.2753 l2=0.2000 label_smoothing=0.000
D step=4/5 epoch=3/3 loss=0.2782 l2=0.2000 label_smoothing=0.000
D step=5/5 epoch=1/3 loss=0.2890 l2=0.2000 label_smoothing=0.000
D step=5/5 epoch=2/3 loss=0.2873 l2=0.2000 label_smoothing=0.000
D step=5/5 epoch=3/3 loss=0.2858 l2=0.2000 label_smoothing=0.000
ADV epoch=148/200 g_loss=0.0025 d_loss=0.2720 reward=0.1614 reward_var=0.0000 unique=0.0600
D step=1/5 epoch=1/3 loss=0.2407 l2=0.2000 label_smoothing=0.000
D step=1/5 epoch=2/3 loss=0.2397 l2=0.2000 label_smoothing=0.000
D step=1/5 epoch=3/3 loss=0.2415 l2=0.2000 label_smoothing=0.000
D step=2/5 epoch=1/3 loss=0.2868 l2=0.2000 label_smoothing=0.000
D step=2/5 epoch=2/3 loss=0.2908 l2=0.2000 label_smoothing=0.000
D step=2/5 epoch=3/3 loss=0.2853 l2=0.2000 label_smoothing=0.000
D step=3/5 epoch=1/3 loss=0.2750 l2=0.2000 label_smoothing=0.000
D step=3/5 epoch=2/3 loss=0.2731 l2=0.2000 label_smoothing=0.000
D step=3/5 epoch=3/3 loss=0.2721 l2=0.2000 label_smoothing=0.000
D step=4/5 epoch=1/3 loss=0.3069 l2=0.2000 label_smoothing=0.000
D step=4/5 epoch=2/3 loss=0.3089 l2=0.2000 label_smoothing=0.000
D step=4/5 epoch=3/3 loss=0.3055 l2=0.2000 label_smoothing=0.000
D step=5/5 epoch=1/3 loss=0.2969 l2=0.2000 label_smoothing=0.000
D step=5/5 epoch=2/3 loss=0.2958 l2=0.2000 label_smoothing=0.000
D step=5/5 epoch=3/3 loss=0.2988 l2=0.2000 label_smoothing=0.000
ADV epoch=149/200 g_loss=0.0037 d_loss=0.2812 reward=0.1852 reward_var=0.0012 unique=0.0400
D step=1/5 epoch=1/3 loss=0.3157 l2=0.2000 label_smoothing=0.000
D step=1/5 epoch=2/3 loss=0.3147 l2=0.2000 label_smoothing=0.000
D step=1/5 epoch=3/3 loss=0.3124 l2=0.2000 label_smoothing=0.000
D step=2/5 epoch=1/3 loss=0.2761 l2=0.2000 label_smoothing=0.000
D step=2/5 epoch=2/3 loss=0.2721 l2=0.2000 label_smoothing=0.000
D step=2/5 epoch=3/3 loss=0.2726 l2=0.2000 label_smoothing=0.000
D step=3/5 epoch=1/3 loss=0.3053 l2=0.2000 label_smoothing=0.000
D step=3/5 epoch=2/3 loss=0.3042 l2=0.2000 label_smoothing=0.000
D step=3/5 epoch=3/3 loss=0.3031 l2=0.2000 label_smoothing=0.000
D step=4/5 epoch=1/3 loss=0.2702 l2=0.2000 label_smoothing=0.000
D step=4/5 epoch=2/3 loss=0.2723 l2=0.2000 label_smoothing=0.000
D step=4/5 epoch=3/3 loss=0.2741 l2=0.2000 label_smoothing=0.000
D step=5/5 epoch=1/3 loss=0.2993 l2=0.2000 label_smoothing=0.000
D step=5/5 epoch=2/3 loss=0.3019 l2=0.2000 label_smoothing=0.000
D step=5/5 epoch=3/3 loss=0.3021 l2=0.2000 label_smoothing=0.000
ADV epoch=150/200 g_loss=0.0043 d_loss=0.2931 reward=0.2078 reward_var=0.0013 unique=0.0400
D step=1/5 epoch=1/3 loss=0.2879 l2=0.2000 label_smoothing=0.000
D step=1/5 epoch=2/3 loss=0.2857 l2=0.2000 label_smoothing=0.000
D step=1/5 epoch=3/3 loss=0.2846 l2=0.2000 label_smoothing=0.000
D step=2/5 epoch=1/3 loss=0.2731 l2=0.2000 label_smoothing=0.000
D step=2/5 epoch=2/3 loss=0.2729 l2=0.2000 label_smoothing=0.000
D step=2/5 epoch=3/3 loss=0.2699 l2=0.2000 label_smoothing=0.000
D step=3/5 epoch=1/3 loss=0.3097 l2=0.2000 label_smoothing=0.000
D step=3/5 epoch=2/3 loss=0.3040 l2=0.2000 label_smoothing=0.000
D step=3/5 epoch=3/3 loss=0.3063 l2=0.2000 label_smoothing=0.000
D step=4/5 epoch=1/3 loss=0.2708 l2=0.2000 label_smoothing=0.000
D step=4/5 epoch=2/3 loss=0.2727 l2=0.2000 label_smoothing=0.000
D step=4/5 epoch=3/3 loss=0.2721 l2=0.2000 label_smoothing=0.000
D step=5/5 epoch=1/3 loss=0.3026 l2=0.2000 label_smoothing=0.000
D step=5/5 epoch=2/3 loss=0.2997 l2=0.2000 label_smoothing=0.000
D step=5/5 epoch=3/3 loss=0.2999 l2=0.2000 label_smoothing=0.000
ADV epoch=151/200 g_loss=0.0019 d_loss=0.2875 reward=0.1897 reward_var=0.0000 unique=0.0400
D step=1/5 epoch=1/3 loss=0.2722 l2=0.2000 label_smoothing=0.000
D step=1/5 epoch=2/3 loss=0.2685 l2=0.2000 label_smoothing=0.000
D step=1/5 epoch=3/3 loss=0.2675 l2=0.2000 label_smoothing=0.000
D step=2/5 epoch=1/3 loss=0.2901 l2=0.2000 label_smoothing=0.000
D step=2/5 epoch=2/3 loss=0.2890 l2=0.2000 label_smoothing=0.000
D step=2/5 epoch=3/3 loss=0.2919 l2=0.2000 label_smoothing=0.000
D step=3/5 epoch=1/3 loss=0.2886 l2=0.2000 label_smoothing=0.000
D step=3/5 epoch=2/3 loss=0.2879 l2=0.2000 label_smoothing=0.000
D step=3/5 epoch=3/3 loss=0.2848 l2=0.2000 label_smoothing=0.000
D step=4/5 epoch=1/3 loss=0.2887 l2=0.2000 label_smoothing=0.000
D step=4/5 epoch=2/3 loss=0.2884 l2=0.2000 label_smoothing=0.000
D step=4/5 epoch=3/3 loss=0.2904 l2=0.2000 label_smoothing=0.000
D step=5/5 epoch=1/3 loss=0.3944 l2=0.2000 label_smoothing=0.000
D step=5/5 epoch=2/3 loss=0.3396 l2=0.2000 label_smoothing=0.000
D step=5/5 epoch=3/3 loss=0.3009 l2=0.2000 label_smoothing=0.000
ADV epoch=152/200 g_loss=0.0019 d_loss=0.2962 reward=0.1918 reward_var=0.0005 unique=0.0600
D step=1/5 epoch=1/3 loss=0.2745 l2=0.2000 label_smoothing=0.000
D step=1/5 epoch=2/3 loss=0.2772 l2=0.2000 label_smoothing=0.000
D step=1/5 epoch=3/3 loss=0.2738 l2=0.2000 label_smoothing=0.000
D step=2/5 epoch=1/3 loss=0.3031 l2=0.2000 label_smoothing=0.000
D step=2/5 epoch=2/3 loss=0.3040 l2=0.2000 label_smoothing=0.000
D step=2/5 epoch=3/3 loss=0.3031 l2=0.2000 label_smoothing=0.000
D step=3/5 epoch=1/3 loss=0.2644 l2=0.2000 label_smoothing=0.000
D step=3/5 epoch=2/3 loss=0.2688 l2=0.2000 label_smoothing=0.000
D step=3/5 epoch=3/3 loss=0.2684 l2=0.2000 label_smoothing=0.000
D step=4/5 epoch=1/3 loss=0.2782 l2=0.2000 label_smoothing=0.000
D step=4/5 epoch=2/3 loss=0.2743 l2=0.2000 label_smoothing=0.000
D step=4/5 epoch=3/3 loss=0.2732 l2=0.2000 label_smoothing=0.000
D step=5/5 epoch=1/3 loss=0.3280 l2=0.2000 label_smoothing=0.000
D step=5/5 epoch=2/3 loss=0.3334 l2=0.2000 label_smoothing=0.000
D step=5/5 epoch=3/3 loss=0.3264 l2=0.2000 label_smoothing=0.000
ADV epoch=153/200 g_loss=0.0012 d_loss=0.2901 reward=0.1841 reward_var=0.0006 unique=0.0600
D step=1/5 epoch=1/3 loss=0.3099 l2=0.2000 label_smoothing=0.000
D step=1/5 epoch=2/3 loss=0.3123 l2=0.2000 label_smoothing=0.000
D step=1/5 epoch=3/3 loss=0.3124 l2=0.2000 label_smoothing=0.000
D step=2/5 epoch=1/3 loss=0.2887 l2=0.2000 label_smoothing=0.000
D step=2/5 epoch=2/3 loss=0.2928 l2=0.2000 label_smoothing=0.000
D step=2/5 epoch=3/3 loss=0.2911 l2=0.2000 label_smoothing=0.000
D step=3/5 epoch=1/3 loss=0.2830 l2=0.2000 label_smoothing=0.000
D step=3/5 epoch=2/3 loss=0.2835 l2=0.2000 label_smoothing=0.000
D step=3/5 epoch=3/3 loss=0.2858 l2=0.2000 label_smoothing=0.000
D step=4/5 epoch=1/3 loss=0.3237 l2=0.2000 label_smoothing=0.000
D step=4/5 epoch=2/3 loss=0.3264 l2=0.2000 label_smoothing=0.000
D step=4/5 epoch=3/3 loss=0.3235 l2=0.2000 label_smoothing=0.000
D step=5/5 epoch=1/3 loss=0.2591 l2=0.2000 label_smoothing=0.000
D step=5/5 epoch=2/3 loss=0.2633 l2=0.2000 label_smoothing=0.000
D step=5/5 epoch=3/3 loss=0.2625 l2=0.2000 label_smoothing=0.000
ADV epoch=154/200 g_loss=0.0017 d_loss=0.2945 reward=0.1778 reward_var=0.0000 unique=0.0400
D step=1/5 epoch=1/3 loss=0.2545 l2=0.2000 label_smoothing=0.000
D step=1/5 epoch=2/3 loss=0.2441 l2=0.2000 label_smoothing=0.000
D step=1/5 epoch=3/3 loss=0.2489 l2=0.2000 label_smoothing=0.000
D step=2/5 epoch=1/3 loss=0.2454 l2=0.2000 label_smoothing=0.000
D step=2/5 epoch=2/3 loss=0.2407 l2=0.2000 label_smoothing=0.000
D step=2/5 epoch=3/3 loss=0.2455 l2=0.2000 label_smoothing=0.000
D step=3/5 epoch=1/3 loss=0.3097 l2=0.2000 label_smoothing=0.000
D step=3/5 epoch=2/3 loss=0.3085 l2=0.2000 label_smoothing=0.000
D step=3/5 epoch=3/3 loss=0.3039 l2=0.2000 label_smoothing=0.000
D step=4/5 epoch=1/3 loss=0.4174 l2=0.2000 label_smoothing=0.000
D step=4/5 epoch=2/3 loss=0.3992 l2=0.2000 label_smoothing=0.000
D step=4/5 epoch=3/3 loss=0.3585 l2=0.2000 label_smoothing=0.000
D step=5/5 epoch=1/3 loss=0.2567 l2=0.2000 label_smoothing=0.000
D step=5/5 epoch=2/3 loss=0.2562 l2=0.2000 label_smoothing=0.000
D step=5/5 epoch=3/3 loss=0.2550 l2=0.2000 label_smoothing=0.000
ADV epoch=155/200 g_loss=0.0137 d_loss=0.2896 reward=0.2017 reward_var=0.0069 unique=0.0600
D step=1/5 epoch=1/3 loss=0.2857 l2=0.2000 label_smoothing=0.000
D step=1/5 epoch=2/3 loss=0.2857 l2=0.2000 label_smoothing=0.000
D step=1/5 epoch=3/3 loss=0.2846 l2=0.2000 label_smoothing=0.000
D step=2/5 epoch=1/3 loss=0.2829 l2=0.2000 label_smoothing=0.000
D step=2/5 epoch=2/3 loss=0.2868 l2=0.2000 label_smoothing=0.000
D step=2/5 epoch=3/3 loss=0.2822 l2=0.2000 label_smoothing=0.000
D step=3/5 epoch=1/3 loss=0.2992 l2=0.2000 label_smoothing=0.000
D step=3/5 epoch=2/3 loss=0.3000 l2=0.2000 label_smoothing=0.000
D step=3/5 epoch=3/3 loss=0.3020 l2=0.2000 label_smoothing=0.000
D step=4/5 epoch=1/3 loss=0.2971 l2=0.2000 label_smoothing=0.000
D step=4/5 epoch=2/3 loss=0.3000 l2=0.2000 label_smoothing=0.000
D step=4/5 epoch=3/3 loss=0.2985 l2=0.2000 label_smoothing=0.000
D step=5/5 epoch=1/3 loss=0.2836 l2=0.2000 label_smoothing=0.000
D step=5/5 epoch=2/3 loss=0.2812 l2=0.2000 label_smoothing=0.000
D step=5/5 epoch=3/3 loss=0.2820 l2=0.2000 label_smoothing=0.000
ADV epoch=156/200 g_loss=0.0027 d_loss=0.2901 reward=0.1695 reward_var=0.0002 unique=0.0400
D step=1/5 epoch=1/3 loss=0.4171 l2=0.2000 label_smoothing=0.000
D step=1/5 epoch=2/3 loss=0.3557 l2=0.2000 label_smoothing=0.000
D step=1/5 epoch=3/3 loss=0.3333 l2=0.2000 label_smoothing=0.000
D step=2/5 epoch=1/3 loss=0.3198 l2=0.2000 label_smoothing=0.000
D step=2/5 epoch=2/3 loss=0.2980 l2=0.2000 label_smoothing=0.000
D step=2/5 epoch=3/3 loss=0.2862 l2=0.2000 label_smoothing=0.000
D step=3/5 epoch=1/3 loss=0.3097 l2=0.2000 label_smoothing=0.000
D step=3/5 epoch=2/3 loss=0.3087 l2=0.2000 label_smoothing=0.000
D step=3/5 epoch=3/3 loss=0.3080 l2=0.2000 label_smoothing=0.000
D step=4/5 epoch=1/3 loss=0.2991 l2=0.2000 label_smoothing=0.000
D step=4/5 epoch=2/3 loss=0.3032 l2=0.2000 label_smoothing=0.000
D step=4/5 epoch=3/3 loss=0.2991 l2=0.2000 label_smoothing=0.000
D step=5/5 epoch=1/3 loss=0.2788 l2=0.2000 label_smoothing=0.000
D step=5/5 epoch=2/3 loss=0.2695 l2=0.2000 label_smoothing=0.000
D step=5/5 epoch=3/3 loss=0.2678 l2=0.2000 label_smoothing=0.000
ADV epoch=157/200 g_loss=0.0011 d_loss=0.3103 reward=0.1805 reward_var=0.0001 unique=0.0800
D step=1/5 epoch=1/3 loss=0.3241 l2=0.2000 label_smoothing=0.000
D step=1/5 epoch=2/3 loss=0.3212 l2=0.2000 label_smoothing=0.000
D step=1/5 epoch=3/3 loss=0.3210 l2=0.2000 label_smoothing=0.000
D step=2/5 epoch=1/3 loss=0.2904 l2=0.2000 label_smoothing=0.000
D step=2/5 epoch=2/3 loss=0.2850 l2=0.2000 label_smoothing=0.000
D step=2/5 epoch=3/3 loss=0.2847 l2=0.2000 label_smoothing=0.000
D step=3/5 epoch=1/3 loss=0.2953 l2=0.2000 label_smoothing=0.000
D step=3/5 epoch=2/3 loss=0.2970 l2=0.2000 label_smoothing=0.000
D step=3/5 epoch=3/3 loss=0.2980 l2=0.2000 label_smoothing=0.000
D step=4/5 epoch=1/3 loss=0.3000 l2=0.2000 label_smoothing=0.000
D step=4/5 epoch=2/3 loss=0.2950 l2=0.2000 label_smoothing=0.000
D step=4/5 epoch=3/3 loss=0.2921 l2=0.2000 label_smoothing=0.000
D step=5/5 epoch=1/3 loss=0.2337 l2=0.2000 label_smoothing=0.000
D step=5/5 epoch=2/3 loss=0.2408 l2=0.2000 label_smoothing=0.000
D step=5/5 epoch=3/3 loss=0.2374 l2=0.2000 label_smoothing=0.000
ADV epoch=158/200 g_loss=0.0017 d_loss=0.2877 reward=0.1775 reward_var=0.0006 unique=0.0800
D step=1/5 epoch=1/3 loss=0.3135 l2=0.2000 label_smoothing=0.000
D step=1/5 epoch=2/3 loss=0.3102 l2=0.2000 label_smoothing=0.000
D step=1/5 epoch=3/3 loss=0.3092 l2=0.2000 label_smoothing=0.000
D step=2/5 epoch=1/3 loss=0.3206 l2=0.2000 label_smoothing=0.000
D step=2/5 epoch=2/3 loss=0.2853 l2=0.2000 label_smoothing=0.000
D step=2/5 epoch=3/3 loss=0.2771 l2=0.2000 label_smoothing=0.000
D step=3/5 epoch=1/3 loss=0.2536 l2=0.2000 label_smoothing=0.000
D step=3/5 epoch=2/3 loss=0.2513 l2=0.2000 label_smoothing=0.000
D step=3/5 epoch=3/3 loss=0.2481 l2=0.2000 label_smoothing=0.000
D step=4/5 epoch=1/3 loss=0.3181 l2=0.2000 label_smoothing=0.000
D step=4/5 epoch=2/3 loss=0.3212 l2=0.2000 label_smoothing=0.000
D step=4/5 epoch=3/3 loss=0.3163 l2=0.2000 label_smoothing=0.000
D step=5/5 epoch=1/3 loss=0.2788 l2=0.2000 label_smoothing=0.000
D step=5/5 epoch=2/3 loss=0.2814 l2=0.2000 label_smoothing=0.000
D step=5/5 epoch=3/3 loss=0.2787 l2=0.2000 label_smoothing=0.000
ADV epoch=159/200 g_loss=0.0053 d_loss=0.2909 reward=0.1731 reward_var=0.0013 unique=0.1000
D step=1/5 epoch=1/3 loss=0.2858 l2=0.2000 label_smoothing=0.000
D step=1/5 epoch=2/3 loss=0.2829 l2=0.2000 label_smoothing=0.000
D step=1/5 epoch=3/3 loss=0.2832 l2=0.2000 label_smoothing=0.000
D step=2/5 epoch=1/3 loss=0.2982 l2=0.2000 label_smoothing=0.000
D step=2/5 epoch=2/3 loss=0.2953 l2=0.2000 label_smoothing=0.000
D step=2/5 epoch=3/3 loss=0.2932 l2=0.2000 label_smoothing=0.000
D step=3/5 epoch=1/3 loss=0.2789 l2=0.2000 label_smoothing=0.000
D step=3/5 epoch=2/3 loss=0.2721 l2=0.2000 label_smoothing=0.000
D step=3/5 epoch=3/3 loss=0.2773 l2=0.2000 label_smoothing=0.000
D step=4/5 epoch=1/3 loss=0.2793 l2=0.2000 label_smoothing=0.000
D step=4/5 epoch=2/3 loss=0.2869 l2=0.2000 label_smoothing=0.000
D step=4/5 epoch=3/3 loss=0.2797 l2=0.2000 label_smoothing=0.000
D step=5/5 epoch=1/3 loss=0.2931 l2=0.2000 label_smoothing=0.000
D step=5/5 epoch=2/3 loss=0.2948 l2=0.2000 label_smoothing=0.000
D step=5/5 epoch=3/3 loss=0.2956 l2=0.2000 label_smoothing=0.000
ADV epoch=160/200 g_loss=0.0006 d_loss=0.2864 reward=0.1813 reward_var=0.0004 unique=0.0400
D step=1/5 epoch=1/3 loss=0.2874 l2=0.2000 label_smoothing=0.000
D step=1/5 epoch=2/3 loss=0.2803 l2=0.2000 label_smoothing=0.000
D step=1/5 epoch=3/3 loss=0.2829 l2=0.2000 label_smoothing=0.000
D step=2/5 epoch=1/3 loss=0.2977 l2=0.2000 label_smoothing=0.000
D step=2/5 epoch=2/3 loss=0.2955 l2=0.2000 label_smoothing=0.000
D step=2/5 epoch=3/3 loss=0.2983 l2=0.2000 label_smoothing=0.000
D step=3/5 epoch=1/3 loss=0.2964 l2=0.2000 label_smoothing=0.000
D step=3/5 epoch=2/3 loss=0.2964 l2=0.2000 label_smoothing=0.000
D step=3/5 epoch=3/3 loss=0.2998 l2=0.2000 label_smoothing=0.000
D step=4/5 epoch=1/3 loss=0.2866 l2=0.2000 label_smoothing=0.000
D step=4/5 epoch=2/3 loss=0.2922 l2=0.2000 label_smoothing=0.000
D step=4/5 epoch=3/3 loss=0.2874 l2=0.2000 label_smoothing=0.000
D step=5/5 epoch=1/3 loss=0.2623 l2=0.2000 label_smoothing=0.000
D step=5/5 epoch=2/3 loss=0.2627 l2=0.2000 label_smoothing=0.000
D step=5/5 epoch=3/3 loss=0.2605 l2=0.2000 label_smoothing=0.000
ADV epoch=161/200 g_loss=0.0013 d_loss=0.2858 reward=0.1868 reward_var=0.0004 unique=0.0200
D step=1/5 epoch=1/3 loss=0.2752 l2=0.2000 label_smoothing=0.000
D step=1/5 epoch=2/3 loss=0.2735 l2=0.2000 label_smoothing=0.000
D step=1/5 epoch=3/3 loss=0.2747 l2=0.2000 label_smoothing=0.000
D step=2/5 epoch=1/3 loss=0.2745 l2=0.2000 label_smoothing=0.000
D step=2/5 epoch=2/3 loss=0.2727 l2=0.2000 label_smoothing=0.000
D step=2/5 epoch=3/3 loss=0.2754 l2=0.2000 label_smoothing=0.000
D step=3/5 epoch=1/3 loss=0.2877 l2=0.2000 label_smoothing=0.000
D step=3/5 epoch=2/3 loss=0.2893 l2=0.2000 label_smoothing=0.000
D step=3/5 epoch=3/3 loss=0.2884 l2=0.2000 label_smoothing=0.000
D step=4/5 epoch=1/3 loss=0.2743 l2=0.2000 label_smoothing=0.000
D step=4/5 epoch=2/3 loss=0.2792 l2=0.2000 label_smoothing=0.000
D step=4/5 epoch=3/3 loss=0.2755 l2=0.2000 label_smoothing=0.000
D step=5/5 epoch=1/3 loss=0.2988 l2=0.2000 label_smoothing=0.000
D step=5/5 epoch=2/3 loss=0.2938 l2=0.2000 label_smoothing=0.000
D step=5/5 epoch=3/3 loss=0.2962 l2=0.2000 label_smoothing=0.000
ADV epoch=162/200 g_loss=0.0005 d_loss=0.2819 reward=0.1732 reward_var=0.0003 unique=0.0200
D step=1/5 epoch=1/3 loss=0.3000 l2=0.2000 label_smoothing=0.000
D step=1/5 epoch=2/3 loss=0.2989 l2=0.2000 label_smoothing=0.000
D step=1/5 epoch=3/3 loss=0.2993 l2=0.2000 label_smoothing=0.000
D step=2/5 epoch=1/3 loss=0.2721 l2=0.2000 label_smoothing=0.000
D step=2/5 epoch=2/3 loss=0.2699 l2=0.2000 label_smoothing=0.000
D step=2/5 epoch=3/3 loss=0.2733 l2=0.2000 label_smoothing=0.000
D step=3/5 epoch=1/3 loss=0.2638 l2=0.2000 label_smoothing=0.000
D step=3/5 epoch=2/3 loss=0.2642 l2=0.2000 label_smoothing=0.000
D step=3/5 epoch=3/3 loss=0.2589 l2=0.2000 label_smoothing=0.000
D step=4/5 epoch=1/3 loss=0.2438 l2=0.2000 label_smoothing=0.000
D step=4/5 epoch=2/3 loss=0.2455 l2=0.2000 label_smoothing=0.000
D step=4/5 epoch=3/3 loss=0.2478 l2=0.2000 label_smoothing=0.000
D step=5/5 epoch=1/3 loss=0.3182 l2=0.2000 label_smoothing=0.000
D step=5/5 epoch=2/3 loss=0.3124 l2=0.2000 label_smoothing=0.000
D step=5/5 epoch=3/3 loss=0.3162 l2=0.2000 label_smoothing=0.000
ADV epoch=163/200 g_loss=0.0005 d_loss=0.2790 reward=0.1824 reward_var=0.0001 unique=0.0600
D step=1/5 epoch=1/3 loss=0.2842 l2=0.2000 label_smoothing=0.000
D step=1/5 epoch=2/3 loss=0.2823 l2=0.2000 label_smoothing=0.000
D step=1/5 epoch=3/3 loss=0.2894 l2=0.2000 label_smoothing=0.000
D step=2/5 epoch=1/3 loss=0.2946 l2=0.2000 label_smoothing=0.000
D step=2/5 epoch=2/3 loss=0.2967 l2=0.2000 label_smoothing=0.000
D step=2/5 epoch=3/3 loss=0.2960 l2=0.2000 label_smoothing=0.000
D step=3/5 epoch=1/3 loss=0.2876 l2=0.2000 label_smoothing=0.000
D step=3/5 epoch=2/3 loss=0.2863 l2=0.2000 label_smoothing=0.000
D step=3/5 epoch=3/3 loss=0.2852 l2=0.2000 label_smoothing=0.000
D step=4/5 epoch=1/3 loss=0.3067 l2=0.2000 label_smoothing=0.000
D step=4/5 epoch=2/3 loss=0.3057 l2=0.2000 label_smoothing=0.000
D step=4/5 epoch=3/3 loss=0.3069 l2=0.2000 label_smoothing=0.000
D step=5/5 epoch=1/3 loss=0.3012 l2=0.2000 label_smoothing=0.000
D step=5/5 epoch=2/3 loss=0.2982 l2=0.2000 label_smoothing=0.000
D step=5/5 epoch=3/3 loss=0.2987 l2=0.2000 label_smoothing=0.000
ADV epoch=164/200 g_loss=0.0038 d_loss=0.2947 reward=0.1671 reward_var=0.0006 unique=0.0800
D step=1/5 epoch=1/3 loss=0.2835 l2=0.2000 label_smoothing=0.000
D step=1/5 epoch=2/3 loss=0.2858 l2=0.2000 label_smoothing=0.000
D step=1/5 epoch=3/3 loss=0.2822 l2=0.2000 label_smoothing=0.000
D step=2/5 epoch=1/3 loss=0.2821 l2=0.2000 label_smoothing=0.000
D step=2/5 epoch=2/3 loss=0.2832 l2=0.2000 label_smoothing=0.000
D step=2/5 epoch=3/3 loss=0.2823 l2=0.2000 label_smoothing=0.000
D step=3/5 epoch=1/3 loss=0.2798 l2=0.2000 label_smoothing=0.000
D step=3/5 epoch=2/3 loss=0.2866 l2=0.2000 label_smoothing=0.000
D step=3/5 epoch=3/3 loss=0.2845 l2=0.2000 label_smoothing=0.000
D step=4/5 epoch=1/3 loss=0.2784 l2=0.2000 label_smoothing=0.000
D step=4/5 epoch=2/3 loss=0.2751 l2=0.2000 label_smoothing=0.000
D step=4/5 epoch=3/3 loss=0.2712 l2=0.2000 label_smoothing=0.000
D step=5/5 epoch=1/3 loss=0.2666 l2=0.2000 label_smoothing=0.000
D step=5/5 epoch=2/3 loss=0.2708 l2=0.2000 label_smoothing=0.000
D step=5/5 epoch=3/3 loss=0.2653 l2=0.2000 label_smoothing=0.000
ADV epoch=165/200 g_loss=0.0023 d_loss=0.2785 reward=0.1990 reward_var=0.0008 unique=0.0200
D step=1/5 epoch=1/3 loss=0.2985 l2=0.2000 label_smoothing=0.000
D step=1/5 epoch=2/3 loss=0.2979 l2=0.2000 label_smoothing=0.000
D step=1/5 epoch=3/3 loss=0.2938 l2=0.2000 label_smoothing=0.000
D step=2/5 epoch=1/3 loss=0.2588 l2=0.2000 label_smoothing=0.000
D step=2/5 epoch=2/3 loss=0.2596 l2=0.2000 label_smoothing=0.000
D step=2/5 epoch=3/3 loss=0.2590 l2=0.2000 label_smoothing=0.000
D step=3/5 epoch=1/3 loss=0.2518 l2=0.2000 label_smoothing=0.000
D step=3/5 epoch=2/3 loss=0.2535 l2=0.2000 label_smoothing=0.000
D step=3/5 epoch=3/3 loss=0.2518 l2=0.2000 label_smoothing=0.000
D step=4/5 epoch=1/3 loss=0.2933 l2=0.2000 label_smoothing=0.000
D step=4/5 epoch=2/3 loss=0.2870 l2=0.2000 label_smoothing=0.000
D step=4/5 epoch=3/3 loss=0.2856 l2=0.2000 label_smoothing=0.000
D step=5/5 epoch=1/3 loss=0.2704 l2=0.2000 label_smoothing=0.000
D step=5/5 epoch=2/3 loss=0.2700 l2=0.2000 label_smoothing=0.000
D step=5/5 epoch=3/3 loss=0.2670 l2=0.2000 label_smoothing=0.000
ADV epoch=166/200 g_loss=0.0012 d_loss=0.2732 reward=0.1506 reward_var=0.0003 unique=0.0400
D step=1/5 epoch=1/3 loss=0.3035 l2=0.2000 label_smoothing=0.000
D step=1/5 epoch=2/3 loss=0.2970 l2=0.2000 label_smoothing=0.000
D step=1/5 epoch=3/3 loss=0.3033 l2=0.2000 label_smoothing=0.000
D step=2/5 epoch=1/3 loss=0.3013 l2=0.2000 label_smoothing=0.000
D step=2/5 epoch=2/3 loss=0.2993 l2=0.2000 label_smoothing=0.000
D step=2/5 epoch=3/3 loss=0.2976 l2=0.2000 label_smoothing=0.000
D step=3/5 epoch=1/3 loss=0.3034 l2=0.2000 label_smoothing=0.000
D step=3/5 epoch=2/3 loss=0.3082 l2=0.2000 label_smoothing=0.000
D step=3/5 epoch=3/3 loss=0.3131 l2=0.2000 label_smoothing=0.000
D step=4/5 epoch=1/3 loss=0.3055 l2=0.2000 label_smoothing=0.000
D step=4/5 epoch=2/3 loss=0.3083 l2=0.2000 label_smoothing=0.000
D step=4/5 epoch=3/3 loss=0.3031 l2=0.2000 label_smoothing=0.000
D step=5/5 epoch=1/3 loss=0.2806 l2=0.2000 label_smoothing=0.000
D step=5/5 epoch=2/3 loss=0.2825 l2=0.2000 label_smoothing=0.000
D step=5/5 epoch=3/3 loss=0.2859 l2=0.2000 label_smoothing=0.000
ADV epoch=167/200 g_loss=0.0013 d_loss=0.2995 reward=0.1713 reward_var=0.0008 unique=0.0400
D step=1/5 epoch=1/3 loss=0.2981 l2=0.2000 label_smoothing=0.000
D step=1/5 epoch=2/3 loss=0.2981 l2=0.2000 label_smoothing=0.000
D step=1/5 epoch=3/3 loss=0.2942 l2=0.2000 label_smoothing=0.000
D step=2/5 epoch=1/3 loss=0.3069 l2=0.2000 label_smoothing=0.000
D step=2/5 epoch=2/3 loss=0.3074 l2=0.2000 label_smoothing=0.000
D step=2/5 epoch=3/3 loss=0.3078 l2=0.2000 label_smoothing=0.000
D step=3/5 epoch=1/3 loss=0.3105 l2=0.2000 label_smoothing=0.000
D step=3/5 epoch=2/3 loss=0.3096 l2=0.2000 label_smoothing=0.000
D step=3/5 epoch=3/3 loss=0.3136 l2=0.2000 label_smoothing=0.000
D step=4/5 epoch=1/3 loss=0.3070 l2=0.2000 label_smoothing=0.000
D step=4/5 epoch=2/3 loss=0.3064 l2=0.2000 label_smoothing=0.000
D step=4/5 epoch=3/3 loss=0.3075 l2=0.2000 label_smoothing=0.000
D step=5/5 epoch=1/3 loss=0.3284 l2=0.2000 label_smoothing=0.000
D step=5/5 epoch=2/3 loss=0.3215 l2=0.2000 label_smoothing=0.000
D step=5/5 epoch=3/3 loss=0.3226 l2=0.2000 label_smoothing=0.000
ADV epoch=168/200 g_loss=0.0071 d_loss=0.3093 reward=0.1999 reward_var=0.0027 unique=0.0400
D step=1/5 epoch=1/3 loss=0.3070 l2=0.2000 label_smoothing=0.000
D step=1/5 epoch=2/3 loss=0.3064 l2=0.2000 label_smoothing=0.000
D step=1/5 epoch=3/3 loss=0.3003 l2=0.2000 label_smoothing=0.000
D step=2/5 epoch=1/3 loss=0.2799 l2=0.2000 label_smoothing=0.000
D step=2/5 epoch=2/3 loss=0.2857 l2=0.2000 label_smoothing=0.000
D step=2/5 epoch=3/3 loss=0.2805 l2=0.2000 label_smoothing=0.000
D step=3/5 epoch=1/3 loss=0.2681 l2=0.2000 label_smoothing=0.000
D step=3/5 epoch=2/3 loss=0.2659 l2=0.2000 label_smoothing=0.000
D step=3/5 epoch=3/3 loss=0.2661 l2=0.2000 label_smoothing=0.000
D step=4/5 epoch=1/3 loss=0.2963 l2=0.2000 label_smoothing=0.000
D step=4/5 epoch=2/3 loss=0.3006 l2=0.2000 label_smoothing=0.000
D step=4/5 epoch=3/3 loss=0.3028 l2=0.2000 label_smoothing=0.000
D step=5/5 epoch=1/3 loss=0.2986 l2=0.2000 label_smoothing=0.000
D step=5/5 epoch=2/3 loss=0.2988 l2=0.2000 label_smoothing=0.000
D step=5/5 epoch=3/3 loss=0.2939 l2=0.2000 label_smoothing=0.000
ADV epoch=169/200 g_loss=0.0049 d_loss=0.2900 reward=0.2064 reward_var=0.0014 unique=0.0200
D step=1/5 epoch=1/3 loss=0.2865 l2=0.2000 label_smoothing=0.000
D step=1/5 epoch=2/3 loss=0.2851 l2=0.2000 label_smoothing=0.000
D step=1/5 epoch=3/3 loss=0.2893 l2=0.2000 label_smoothing=0.000
D step=2/5 epoch=1/3 loss=0.2850 l2=0.2000 label_smoothing=0.000
D step=2/5 epoch=2/3 loss=0.2882 l2=0.2000 label_smoothing=0.000
D step=2/5 epoch=3/3 loss=0.2844 l2=0.2000 label_smoothing=0.000
D step=3/5 epoch=1/3 loss=0.2667 l2=0.2000 label_smoothing=0.000
D step=3/5 epoch=2/3 loss=0.2675 l2=0.2000 label_smoothing=0.000
D step=3/5 epoch=3/3 loss=0.2726 l2=0.2000 label_smoothing=0.000
D step=4/5 epoch=1/3 loss=0.2549 l2=0.2000 label_smoothing=0.000
D step=4/5 epoch=2/3 loss=0.2515 l2=0.2000 label_smoothing=0.000
D step=4/5 epoch=3/3 loss=0.2528 l2=0.2000 label_smoothing=0.000
D step=5/5 epoch=1/3 loss=0.2721 l2=0.2000 label_smoothing=0.000
D step=5/5 epoch=2/3 loss=0.2722 l2=0.2000 label_smoothing=0.000
D step=5/5 epoch=3/3 loss=0.2713 l2=0.2000 label_smoothing=0.000
ADV epoch=170/200 g_loss=0.0027 d_loss=0.2733 reward=0.1798 reward_var=0.0016 unique=0.0400
D step=1/5 epoch=1/3 loss=0.2808 l2=0.2000 label_smoothing=0.000
D step=1/5 epoch=2/3 loss=0.2778 l2=0.2000 label_smoothing=0.000
D step=1/5 epoch=3/3 loss=0.2798 l2=0.2000 label_smoothing=0.000
D step=2/5 epoch=1/3 loss=0.3002 l2=0.2000 label_smoothing=0.000
D step=2/5 epoch=2/3 loss=0.3012 l2=0.2000 label_smoothing=0.000
D step=2/5 epoch=3/3 loss=0.2984 l2=0.2000 label_smoothing=0.000
D step=3/5 epoch=1/3 loss=0.2772 l2=0.2000 label_smoothing=0.000
D step=3/5 epoch=2/3 loss=0.2711 l2=0.2000 label_smoothing=0.000
D step=3/5 epoch=3/3 loss=0.2736 l2=0.2000 label_smoothing=0.000
D step=4/5 epoch=1/3 loss=0.2764 l2=0.2000 label_smoothing=0.000
D step=4/5 epoch=2/3 loss=0.2719 l2=0.2000 label_smoothing=0.000
D step=4/5 epoch=3/3 loss=0.2746 l2=0.2000 label_smoothing=0.000
D step=5/5 epoch=1/3 loss=0.2828 l2=0.2000 label_smoothing=0.000
D step=5/5 epoch=2/3 loss=0.2858 l2=0.2000 label_smoothing=0.000
D step=5/5 epoch=3/3 loss=0.2819 l2=0.2000 label_smoothing=0.000
ADV epoch=171/200 g_loss=0.0019 d_loss=0.2822 reward=0.1506 reward_var=0.0012 unique=0.0400
D step=1/5 epoch=1/3 loss=0.3023 l2=0.2000 label_smoothing=0.000
D step=1/5 epoch=2/3 loss=0.2987 l2=0.2000 label_smoothing=0.000
D step=1/5 epoch=3/3 loss=0.3022 l2=0.2000 label_smoothing=0.000
D step=2/5 epoch=1/3 loss=0.2619 l2=0.2000 label_smoothing=0.000
D step=2/5 epoch=2/3 loss=0.2667 l2=0.2000 label_smoothing=0.000
D step=2/5 epoch=3/3 loss=0.2627 l2=0.2000 label_smoothing=0.000
D step=3/5 epoch=1/3 loss=0.3003 l2=0.2000 label_smoothing=0.000
D step=3/5 epoch=2/3 loss=0.3057 l2=0.2000 label_smoothing=0.000
D step=3/5 epoch=3/3 loss=0.3048 l2=0.2000 label_smoothing=0.000
D step=4/5 epoch=1/3 loss=0.3288 l2=0.2000 label_smoothing=0.000
D step=4/5 epoch=2/3 loss=0.3360 l2=0.2000 label_smoothing=0.000
D step=4/5 epoch=3/3 loss=0.3247 l2=0.2000 label_smoothing=0.000
D step=5/5 epoch=1/3 loss=0.2879 l2=0.2000 label_smoothing=0.000
D step=5/5 epoch=2/3 loss=0.2827 l2=0.2000 label_smoothing=0.000
D step=5/5 epoch=3/3 loss=0.2827 l2=0.2000 label_smoothing=0.000
ADV epoch=172/200 g_loss=0.0013 d_loss=0.2965 reward=0.1669 reward_var=0.0001 unique=0.0600
D step=1/5 epoch=1/3 loss=0.2893 l2=0.2000 label_smoothing=0.000
D step=1/5 epoch=2/3 loss=0.2937 l2=0.2000 label_smoothing=0.000
D step=1/5 epoch=3/3 loss=0.2892 l2=0.2000 label_smoothing=0.000
D step=2/5 epoch=1/3 loss=0.2736 l2=0.2000 label_smoothing=0.000
D step=2/5 epoch=2/3 loss=0.2752 l2=0.2000 label_smoothing=0.000
D step=2/5 epoch=3/3 loss=0.2702 l2=0.2000 label_smoothing=0.000
D step=3/5 epoch=1/3 loss=0.2705 l2=0.2000 label_smoothing=0.000
D step=3/5 epoch=2/3 loss=0.2757 l2=0.2000 label_smoothing=0.000
D step=3/5 epoch=3/3 loss=0.2724 l2=0.2000 label_smoothing=0.000
D step=4/5 epoch=1/3 loss=0.2556 l2=0.2000 label_smoothing=0.000
D step=4/5 epoch=2/3 loss=0.2578 l2=0.2000 label_smoothing=0.000
D step=4/5 epoch=3/3 loss=0.2532 l2=0.2000 label_smoothing=0.000
D step=5/5 epoch=1/3 loss=0.2861 l2=0.2000 label_smoothing=0.000
D step=5/5 epoch=2/3 loss=0.2849 l2=0.2000 label_smoothing=0.000
D step=5/5 epoch=3/3 loss=0.2855 l2=0.2000 label_smoothing=0.000
ADV epoch=173/200 g_loss=0.0017 d_loss=0.2755 reward=0.2027 reward_var=0.0007 unique=0.0800
D step=1/5 epoch=1/3 loss=0.3322 l2=0.2000 label_smoothing=0.000
D step=1/5 epoch=2/3 loss=0.3214 l2=0.2000 label_smoothing=0.000
D step=1/5 epoch=3/3 loss=0.3237 l2=0.2000 label_smoothing=0.000
D step=2/5 epoch=1/3 loss=0.3028 l2=0.2000 label_smoothing=0.000
D step=2/5 epoch=2/3 loss=0.3058 l2=0.2000 label_smoothing=0.000
D step=2/5 epoch=3/3 loss=0.2984 l2=0.2000 label_smoothing=0.000
D step=3/5 epoch=1/3 loss=0.2874 l2=0.2000 label_smoothing=0.000
D step=3/5 epoch=2/3 loss=0.2848 l2=0.2000 label_smoothing=0.000
D step=3/5 epoch=3/3 loss=0.2922 l2=0.2000 label_smoothing=0.000
D step=4/5 epoch=1/3 loss=0.2779 l2=0.2000 label_smoothing=0.000
D step=4/5 epoch=2/3 loss=0.2826 l2=0.2000 label_smoothing=0.000
D step=4/5 epoch=3/3 loss=0.2760 l2=0.2000 label_smoothing=0.000
D step=5/5 epoch=1/3 loss=0.2732 l2=0.2000 label_smoothing=0.000
D step=5/5 epoch=2/3 loss=0.2748 l2=0.2000 label_smoothing=0.000
D step=5/5 epoch=3/3 loss=0.2740 l2=0.2000 label_smoothing=0.000
ADV epoch=174/200 g_loss=0.0021 d_loss=0.2938 reward=0.1751 reward_var=0.0000 unique=0.1000
D step=1/5 epoch=1/3 loss=0.3084 l2=0.2000 label_smoothing=0.000
D step=1/5 epoch=2/3 loss=0.3073 l2=0.2000 label_smoothing=0.000
D step=1/5 epoch=3/3 loss=0.3081 l2=0.2000 label_smoothing=0.000
D step=2/5 epoch=1/3 loss=0.2631 l2=0.2000 label_smoothing=0.000
D step=2/5 epoch=2/3 loss=0.2678 l2=0.2000 label_smoothing=0.000
D step=2/5 epoch=3/3 loss=0.2674 l2=0.2000 label_smoothing=0.000
D step=3/5 epoch=1/3 loss=0.3247 l2=0.2000 label_smoothing=0.000
D step=3/5 epoch=2/3 loss=0.3286 l2=0.2000 label_smoothing=0.000
D step=3/5 epoch=3/3 loss=0.3339 l2=0.2000 label_smoothing=0.000
D step=4/5 epoch=1/3 loss=0.2812 l2=0.2000 label_smoothing=0.000
D step=4/5 epoch=2/3 loss=0.2810 l2=0.2000 label_smoothing=0.000
D step=4/5 epoch=3/3 loss=0.2875 l2=0.2000 label_smoothing=0.000
D step=5/5 epoch=1/3 loss=0.2775 l2=0.2000 label_smoothing=0.000
D step=5/5 epoch=2/3 loss=0.2737 l2=0.2000 label_smoothing=0.000
D step=5/5 epoch=3/3 loss=0.2777 l2=0.2000 label_smoothing=0.000
ADV epoch=175/200 g_loss=0.0019 d_loss=0.2925 reward=0.1626 reward_var=0.0005 unique=0.0600
D step=1/5 epoch=1/3 loss=0.3165 l2=0.2000 label_smoothing=0.000
D step=1/5 epoch=2/3 loss=0.3079 l2=0.2000 label_smoothing=0.000
D step=1/5 epoch=3/3 loss=0.3092 l2=0.2000 label_smoothing=0.000
D step=2/5 epoch=1/3 loss=0.2865 l2=0.2000 label_smoothing=0.000
D step=2/5 epoch=2/3 loss=0.2859 l2=0.2000 label_smoothing=0.000
D step=2/5 epoch=3/3 loss=0.2865 l2=0.2000 label_smoothing=0.000
D step=3/5 epoch=1/3 loss=0.3026 l2=0.2000 label_smoothing=0.000
D step=3/5 epoch=2/3 loss=0.2992 l2=0.2000 label_smoothing=0.000
D step=3/5 epoch=3/3 loss=0.2985 l2=0.2000 label_smoothing=0.000
D step=4/5 epoch=1/3 loss=0.2906 l2=0.2000 label_smoothing=0.000
D step=4/5 epoch=2/3 loss=0.2881 l2=0.2000 label_smoothing=0.000
D step=4/5 epoch=3/3 loss=0.2913 l2=0.2000 label_smoothing=0.000
D step=5/5 epoch=1/3 loss=0.2827 l2=0.2000 label_smoothing=0.000
D step=5/5 epoch=2/3 loss=0.2894 l2=0.2000 label_smoothing=0.000
D step=5/5 epoch=3/3 loss=0.2869 l2=0.2000 label_smoothing=0.000
ADV epoch=176/200 g_loss=0.0023 d_loss=0.2948 reward=0.1801 reward_var=0.0009 unique=0.0600
D step=1/5 epoch=1/3 loss=0.2905 l2=0.2000 label_smoothing=0.000
D step=1/5 epoch=2/3 loss=0.2870 l2=0.2000 label_smoothing=0.000
D step=1/5 epoch=3/3 loss=0.2848 l2=0.2000 label_smoothing=0.000
D step=2/5 epoch=1/3 loss=0.2971 l2=0.2000 label_smoothing=0.000
D step=2/5 epoch=2/3 loss=0.2925 l2=0.2000 label_smoothing=0.000
D step=2/5 epoch=3/3 loss=0.2941 l2=0.2000 label_smoothing=0.000
D step=3/5 epoch=1/3 loss=0.2460 l2=0.2000 label_smoothing=0.000
D step=3/5 epoch=2/3 loss=0.2484 l2=0.2000 label_smoothing=0.000
D step=3/5 epoch=3/3 loss=0.2479 l2=0.2000 label_smoothing=0.000
D step=4/5 epoch=1/3 loss=0.2837 l2=0.2000 label_smoothing=0.000
D step=4/5 epoch=2/3 loss=0.2887 l2=0.2000 label_smoothing=0.000
D step=4/5 epoch=3/3 loss=0.2870 l2=0.2000 label_smoothing=0.000
D step=5/5 epoch=1/3 loss=0.3002 l2=0.2000 label_smoothing=0.000
D step=5/5 epoch=2/3 loss=0.3007 l2=0.2000 label_smoothing=0.000
D step=5/5 epoch=3/3 loss=0.2996 l2=0.2000 label_smoothing=0.000
ADV epoch=177/200 g_loss=0.0025 d_loss=0.2832 reward=0.1738 reward_var=0.0002 unique=0.0400
D step=1/5 epoch=1/3 loss=0.2872 l2=0.2000 label_smoothing=0.000
D step=1/5 epoch=2/3 loss=0.2953 l2=0.2000 label_smoothing=0.000
D step=1/5 epoch=3/3 loss=0.2867 l2=0.2000 label_smoothing=0.000
D step=2/5 epoch=1/3 loss=0.2994 l2=0.2000 label_smoothing=0.000
D step=2/5 epoch=2/3 loss=0.2913 l2=0.2000 label_smoothing=0.000
D step=2/5 epoch=3/3 loss=0.2916 l2=0.2000 label_smoothing=0.000
D step=3/5 epoch=1/3 loss=0.3391 l2=0.2000 label_smoothing=0.000
D step=3/5 epoch=2/3 loss=0.3375 l2=0.2000 label_smoothing=0.000
D step=3/5 epoch=3/3 loss=0.3217 l2=0.2000 label_smoothing=0.000
D step=4/5 epoch=1/3 loss=0.2971 l2=0.2000 label_smoothing=0.000
D step=4/5 epoch=2/3 loss=0.2958 l2=0.2000 label_smoothing=0.000
D step=4/5 epoch=3/3 loss=0.2891 l2=0.2000 label_smoothing=0.000
D step=5/5 epoch=1/3 loss=0.2741 l2=0.2000 label_smoothing=0.000
D step=5/5 epoch=2/3 loss=0.2729 l2=0.2000 label_smoothing=0.000
D step=5/5 epoch=3/3 loss=0.2711 l2=0.2000 label_smoothing=0.000
ADV epoch=178/200 g_loss=0.0017 d_loss=0.2967 reward=0.1791 reward_var=0.0004 unique=0.0400
D step=1/5 epoch=1/3 loss=0.2737 l2=0.2000 label_smoothing=0.000
D step=1/5 epoch=2/3 loss=0.2752 l2=0.2000 label_smoothing=0.000
D step=1/5 epoch=3/3 loss=0.2753 l2=0.2000 label_smoothing=0.000
D step=2/5 epoch=1/3 loss=0.2848 l2=0.2000 label_smoothing=0.000
D step=2/5 epoch=2/3 loss=0.2869 l2=0.2000 label_smoothing=0.000
D step=2/5 epoch=3/3 loss=0.2836 l2=0.2000 label_smoothing=0.000
D step=3/5 epoch=1/3 loss=0.2832 l2=0.2000 label_smoothing=0.000
D step=3/5 epoch=2/3 loss=0.2853 l2=0.2000 label_smoothing=0.000
D step=3/5 epoch=3/3 loss=0.2877 l2=0.2000 label_smoothing=0.000
D step=4/5 epoch=1/3 loss=0.3122 l2=0.2000 label_smoothing=0.000
D step=4/5 epoch=2/3 loss=0.3120 l2=0.2000 label_smoothing=0.000
D step=4/5 epoch=3/3 loss=0.3096 l2=0.2000 label_smoothing=0.000
D step=5/5 epoch=1/3 loss=0.2977 l2=0.2000 label_smoothing=0.000
D step=5/5 epoch=2/3 loss=0.2992 l2=0.2000 label_smoothing=0.000
D step=5/5 epoch=3/3 loss=0.2980 l2=0.2000 label_smoothing=0.000
ADV epoch=179/200 g_loss=0.0029 d_loss=0.2909 reward=0.1930 reward_var=0.0003 unique=0.0800
D step=1/5 epoch=1/3 loss=0.3024 l2=0.2000 label_smoothing=0.000
D step=1/5 epoch=2/3 loss=0.2983 l2=0.2000 label_smoothing=0.000
D step=1/5 epoch=3/3 loss=0.3003 l2=0.2000 label_smoothing=0.000
D step=2/5 epoch=1/3 loss=0.2999 l2=0.2000 label_smoothing=0.000
D step=2/5 epoch=2/3 loss=0.2988 l2=0.2000 label_smoothing=0.000
D step=2/5 epoch=3/3 loss=0.3023 l2=0.2000 label_smoothing=0.000
D step=3/5 epoch=1/3 loss=0.2958 l2=0.2000 label_smoothing=0.000
D step=3/5 epoch=2/3 loss=0.2988 l2=0.2000 label_smoothing=0.000
D step=3/5 epoch=3/3 loss=0.2993 l2=0.2000 label_smoothing=0.000
D step=4/5 epoch=1/3 loss=0.3133 l2=0.2000 label_smoothing=0.000
D step=4/5 epoch=2/3 loss=0.3081 l2=0.2000 label_smoothing=0.000
D step=4/5 epoch=3/3 loss=0.3101 l2=0.2000 label_smoothing=0.000
D step=5/5 epoch=1/3 loss=0.3236 l2=0.2000 label_smoothing=0.000
D step=5/5 epoch=2/3 loss=0.3213 l2=0.2000 label_smoothing=0.000
D step=5/5 epoch=3/3 loss=0.3227 l2=0.2000 label_smoothing=0.000
ADV epoch=180/200 g_loss=0.0035 d_loss=0.3063 reward=0.2062 reward_var=0.0010 unique=0.0400
D step=1/5 epoch=1/3 loss=0.2920 l2=0.2000 label_smoothing=0.000
D step=1/5 epoch=2/3 loss=0.2883 l2=0.2000 label_smoothing=0.000
D step=1/5 epoch=3/3 loss=0.2871 l2=0.2000 label_smoothing=0.000
D step=2/5 epoch=1/3 loss=0.3012 l2=0.2000 label_smoothing=0.000
D step=2/5 epoch=2/3 loss=0.2955 l2=0.2000 label_smoothing=0.000
D step=2/5 epoch=3/3 loss=0.2945 l2=0.2000 label_smoothing=0.000
D step=3/5 epoch=1/3 loss=0.2802 l2=0.2000 label_smoothing=0.000
D step=3/5 epoch=2/3 loss=0.2821 l2=0.2000 label_smoothing=0.000
D step=3/5 epoch=3/3 loss=0.2799 l2=0.2000 label_smoothing=0.000
D step=4/5 epoch=1/3 loss=0.2988 l2=0.2000 label_smoothing=0.000
D step=4/5 epoch=2/3 loss=0.3001 l2=0.2000 label_smoothing=0.000
D step=4/5 epoch=3/3 loss=0.2965 l2=0.2000 label_smoothing=0.000
D step=5/5 epoch=1/3 loss=0.2732 l2=0.2000 label_smoothing=0.000
D step=5/5 epoch=2/3 loss=0.2714 l2=0.2000 label_smoothing=0.000
D step=5/5 epoch=3/3 loss=0.2707 l2=0.2000 label_smoothing=0.000
ADV epoch=181/200 g_loss=0.0021 d_loss=0.2874 reward=0.2060 reward_var=0.0007 unique=0.0400
D step=1/5 epoch=1/3 loss=0.2639 l2=0.2000 label_smoothing=0.000
D step=1/5 epoch=2/3 loss=0.2641 l2=0.2000 label_smoothing=0.000
D step=1/5 epoch=3/3 loss=0.2630 l2=0.2000 label_smoothing=0.000
D step=2/5 epoch=1/3 loss=0.3072 l2=0.2000 label_smoothing=0.000
D step=2/5 epoch=2/3 loss=0.3051 l2=0.2000 label_smoothing=0.000
D step=2/5 epoch=3/3 loss=0.3013 l2=0.2000 label_smoothing=0.000
D step=3/5 epoch=1/3 loss=0.2964 l2=0.2000 label_smoothing=0.000
D step=3/5 epoch=2/3 loss=0.3019 l2=0.2000 label_smoothing=0.000
D step=3/5 epoch=3/3 loss=0.2951 l2=0.2000 label_smoothing=0.000
D step=4/5 epoch=1/3 loss=0.2781 l2=0.2000 label_smoothing=0.000
D step=4/5 epoch=2/3 loss=0.2738 l2=0.2000 label_smoothing=0.000
D step=4/5 epoch=3/3 loss=0.2744 l2=0.2000 label_smoothing=0.000
D step=5/5 epoch=1/3 loss=0.2750 l2=0.2000 label_smoothing=0.000
D step=5/5 epoch=2/3 loss=0.2739 l2=0.2000 label_smoothing=0.000
D step=5/5 epoch=3/3 loss=0.2737 l2=0.2000 label_smoothing=0.000
ADV epoch=182/200 g_loss=0.0013 d_loss=0.2831 reward=0.1890 reward_var=0.0013 unique=0.0400
D step=1/5 epoch=1/3 loss=0.2956 l2=0.2000 label_smoothing=0.000
D step=1/5 epoch=2/3 loss=0.2972 l2=0.2000 label_smoothing=0.000
D step=1/5 epoch=3/3 loss=0.2957 l2=0.2000 label_smoothing=0.000
D step=2/5 epoch=1/3 loss=0.3255 l2=0.2000 label_smoothing=0.000
D step=2/5 epoch=2/3 loss=0.3212 l2=0.2000 label_smoothing=0.000
D step=2/5 epoch=3/3 loss=0.3200 l2=0.2000 label_smoothing=0.000
D step=3/5 epoch=1/3 loss=0.2879 l2=0.2000 label_smoothing=0.000
D step=3/5 epoch=2/3 loss=0.2859 l2=0.2000 label_smoothing=0.000
D step=3/5 epoch=3/3 loss=0.2830 l2=0.2000 label_smoothing=0.000
D step=4/5 epoch=1/3 loss=0.3031 l2=0.2000 label_smoothing=0.000
D step=4/5 epoch=2/3 loss=0.3007 l2=0.2000 label_smoothing=0.000
D step=4/5 epoch=3/3 loss=0.2989 l2=0.2000 label_smoothing=0.000
D step=5/5 epoch=1/3 loss=0.2640 l2=0.2000 label_smoothing=0.000
D step=5/5 epoch=2/3 loss=0.2576 l2=0.2000 label_smoothing=0.000
D step=5/5 epoch=3/3 loss=0.2593 l2=0.2000 label_smoothing=0.000
ADV epoch=183/200 g_loss=0.0032 d_loss=0.2930 reward=0.1641 reward_var=0.0000 unique=0.0400
D step=1/5 epoch=1/3 loss=0.2486 l2=0.2000 label_smoothing=0.000
D step=1/5 epoch=2/3 loss=0.2440 l2=0.2000 label_smoothing=0.000
D step=1/5 epoch=3/3 loss=0.2501 l2=0.2000 label_smoothing=0.000
D step=2/5 epoch=1/3 loss=0.2912 l2=0.2000 label_smoothing=0.000
D step=2/5 epoch=2/3 loss=0.2882 l2=0.2000 label_smoothing=0.000
D step=2/5 epoch=3/3 loss=0.2865 l2=0.2000 label_smoothing=0.000
D step=3/5 epoch=1/3 loss=0.2859 l2=0.2000 label_smoothing=0.000
D step=3/5 epoch=2/3 loss=0.2868 l2=0.2000 label_smoothing=0.000
D step=3/5 epoch=3/3 loss=0.2881 l2=0.2000 label_smoothing=0.000
D step=4/5 epoch=1/3 loss=0.2743 l2=0.2000 label_smoothing=0.000
D step=4/5 epoch=2/3 loss=0.2706 l2=0.2000 label_smoothing=0.000
D step=4/5 epoch=3/3 loss=0.2727 l2=0.2000 label_smoothing=0.000
D step=5/5 epoch=1/3 loss=0.2839 l2=0.2000 label_smoothing=0.000
D step=5/5 epoch=2/3 loss=0.2845 l2=0.2000 label_smoothing=0.000
D step=5/5 epoch=3/3 loss=0.2901 l2=0.2000 label_smoothing=0.000
ADV epoch=184/200 g_loss=0.0016 d_loss=0.2764 reward=0.1654 reward_var=0.0000 unique=0.0800
D step=1/5 epoch=1/3 loss=0.2989 l2=0.2000 label_smoothing=0.000
D step=1/5 epoch=2/3 loss=0.2959 l2=0.2000 label_smoothing=0.000
D step=1/5 epoch=3/3 loss=0.2964 l2=0.2000 label_smoothing=0.000
D step=2/5 epoch=1/3 loss=0.3120 l2=0.2000 label_smoothing=0.000
D step=2/5 epoch=2/3 loss=0.3134 l2=0.2000 label_smoothing=0.000
D step=2/5 epoch=3/3 loss=0.3141 l2=0.2000 label_smoothing=0.000
D step=3/5 epoch=1/3 loss=0.3249 l2=0.2000 label_smoothing=0.000
D step=3/5 epoch=2/3 loss=0.3255 l2=0.2000 label_smoothing=0.000
D step=3/5 epoch=3/3 loss=0.3240 l2=0.2000 label_smoothing=0.000
D step=4/5 epoch=1/3 loss=0.2842 l2=0.2000 label_smoothing=0.000
D step=4/5 epoch=2/3 loss=0.2914 l2=0.2000 label_smoothing=0.000
D step=4/5 epoch=3/3 loss=0.2872 l2=0.2000 label_smoothing=0.000
D step=5/5 epoch=1/3 loss=0.2860 l2=0.2000 label_smoothing=0.000
D step=5/5 epoch=2/3 loss=0.2836 l2=0.2000 label_smoothing=0.000
D step=5/5 epoch=3/3 loss=0.2838 l2=0.2000 label_smoothing=0.000
ADV epoch=185/200 g_loss=0.0024 d_loss=0.3014 reward=0.1778 reward_var=0.0006 unique=0.0400
D step=1/5 epoch=1/3 loss=0.2883 l2=0.2000 label_smoothing=0.000
D step=1/5 epoch=2/3 loss=0.2857 l2=0.2000 label_smoothing=0.000
D step=1/5 epoch=3/3 loss=0.2867 l2=0.2000 label_smoothing=0.000
D step=2/5 epoch=1/3 loss=0.2974 l2=0.2000 label_smoothing=0.000
D step=2/5 epoch=2/3 loss=0.2954 l2=0.2000 label_smoothing=0.000
D step=2/5 epoch=3/3 loss=0.2949 l2=0.2000 label_smoothing=0.000
D step=3/5 epoch=1/3 loss=0.3181 l2=0.2000 label_smoothing=0.000
D step=3/5 epoch=2/3 loss=0.3085 l2=0.2000 label_smoothing=0.000
D step=3/5 epoch=3/3 loss=0.3166 l2=0.2000 label_smoothing=0.000
D step=4/5 epoch=1/3 loss=0.2890 l2=0.2000 label_smoothing=0.000
D step=4/5 epoch=2/3 loss=0.2892 l2=0.2000 label_smoothing=0.000
D step=4/5 epoch=3/3 loss=0.2905 l2=0.2000 label_smoothing=0.000
D step=5/5 epoch=1/3 loss=0.3163 l2=0.2000 label_smoothing=0.000
D step=5/5 epoch=2/3 loss=0.3174 l2=0.2000 label_smoothing=0.000
D step=5/5 epoch=3/3 loss=0.3209 l2=0.2000 label_smoothing=0.000
ADV epoch=186/200 g_loss=0.0027 d_loss=0.3010 reward=0.1747 reward_var=0.0011 unique=0.0600
D step=1/5 epoch=1/3 loss=0.2873 l2=0.2000 label_smoothing=0.000
D step=1/5 epoch=2/3 loss=0.2899 l2=0.2000 label_smoothing=0.000
D step=1/5 epoch=3/3 loss=0.2889 l2=0.2000 label_smoothing=0.000
D step=2/5 epoch=1/3 loss=0.3016 l2=0.2000 label_smoothing=0.000
D step=2/5 epoch=2/3 loss=0.2960 l2=0.2000 label_smoothing=0.000
D step=2/5 epoch=3/3 loss=0.3040 l2=0.2000 label_smoothing=0.000
D step=3/5 epoch=1/3 loss=0.2943 l2=0.2000 label_smoothing=0.000
D step=3/5 epoch=2/3 loss=0.3037 l2=0.2000 label_smoothing=0.000
D step=3/5 epoch=3/3 loss=0.2990 l2=0.2000 label_smoothing=0.000
D step=4/5 epoch=1/3 loss=0.2707 l2=0.2000 label_smoothing=0.000
D step=4/5 epoch=2/3 loss=0.2774 l2=0.2000 label_smoothing=0.000
D step=4/5 epoch=3/3 loss=0.2723 l2=0.2000 label_smoothing=0.000
D step=5/5 epoch=1/3 loss=0.2653 l2=0.2000 label_smoothing=0.000
D step=5/5 epoch=2/3 loss=0.2625 l2=0.2000 label_smoothing=0.000
D step=5/5 epoch=3/3 loss=0.2615 l2=0.2000 label_smoothing=0.000
ADV epoch=187/200 g_loss=0.0032 d_loss=0.2850 reward=0.1932 reward_var=0.0011 unique=0.0400
D step=1/5 epoch=1/3 loss=0.2765 l2=0.2000 label_smoothing=0.000
D step=1/5 epoch=2/3 loss=0.2755 l2=0.2000 label_smoothing=0.000
D step=1/5 epoch=3/3 loss=0.2758 l2=0.2000 label_smoothing=0.000
D step=2/5 epoch=1/3 loss=0.3006 l2=0.2000 label_smoothing=0.000
D step=2/5 epoch=2/3 loss=0.3041 l2=0.2000 label_smoothing=0.000
D step=2/5 epoch=3/3 loss=0.2960 l2=0.2000 label_smoothing=0.000
D step=3/5 epoch=1/3 loss=0.2997 l2=0.2000 label_smoothing=0.000
D step=3/5 epoch=2/3 loss=0.2953 l2=0.2000 label_smoothing=0.000
D step=3/5 epoch=3/3 loss=0.2991 l2=0.2000 label_smoothing=0.000
D step=4/5 epoch=1/3 loss=0.3106 l2=0.2000 label_smoothing=0.000
D step=4/5 epoch=2/3 loss=0.3142 l2=0.2000 label_smoothing=0.000
D step=4/5 epoch=3/3 loss=0.3094 l2=0.2000 label_smoothing=0.000
D step=5/5 epoch=1/3 loss=0.2725 l2=0.2000 label_smoothing=0.000
D step=5/5 epoch=2/3 loss=0.2701 l2=0.2000 label_smoothing=0.000
D step=5/5 epoch=3/3 loss=0.2741 l2=0.2000 label_smoothing=0.000
ADV epoch=188/200 g_loss=0.0028 d_loss=0.2916 reward=0.1556 reward_var=0.0000 unique=0.0400
D step=1/5 epoch=1/3 loss=0.2984 l2=0.2000 label_smoothing=0.000
D step=1/5 epoch=2/3 loss=0.3061 l2=0.2000 label_smoothing=0.000
D step=1/5 epoch=3/3 loss=0.3044 l2=0.2000 label_smoothing=0.000
D step=2/5 epoch=1/3 loss=0.2987 l2=0.2000 label_smoothing=0.000
D step=2/5 epoch=2/3 loss=0.2967 l2=0.2000 label_smoothing=0.000
D step=2/5 epoch=3/3 loss=0.2975 l2=0.2000 label_smoothing=0.000
D step=3/5 epoch=1/3 loss=0.2768 l2=0.2000 label_smoothing=0.000
D step=3/5 epoch=2/3 loss=0.2752 l2=0.2000 label_smoothing=0.000
D step=3/5 epoch=3/3 loss=0.2750 l2=0.2000 label_smoothing=0.000
D step=4/5 epoch=1/3 loss=0.3021 l2=0.2000 label_smoothing=0.000
D step=4/5 epoch=2/3 loss=0.2998 l2=0.2000 label_smoothing=0.000
D step=4/5 epoch=3/3 loss=0.2988 l2=0.2000 label_smoothing=0.000
D step=5/5 epoch=1/3 loss=0.2325 l2=0.2000 label_smoothing=0.000
D step=5/5 epoch=2/3 loss=0.2310 l2=0.2000 label_smoothing=0.000
D step=5/5 epoch=3/3 loss=0.2315 l2=0.2000 label_smoothing=0.000
ADV epoch=189/200 g_loss=0.0024 d_loss=0.2816 reward=0.1797 reward_var=0.0005 unique=0.0400
D step=1/5 epoch=1/3 loss=0.2877 l2=0.2000 label_smoothing=0.000
D step=1/5 epoch=2/3 loss=0.2907 l2=0.2000 label_smoothing=0.000
D step=1/5 epoch=3/3 loss=0.2882 l2=0.2000 label_smoothing=0.000
D step=2/5 epoch=1/3 loss=0.3225 l2=0.2000 label_smoothing=0.000
D step=2/5 epoch=2/3 loss=0.3280 l2=0.2000 label_smoothing=0.000
D step=2/5 epoch=3/3 loss=0.3279 l2=0.2000 label_smoothing=0.000
D step=3/5 epoch=1/3 loss=0.2617 l2=0.2000 label_smoothing=0.000
D step=3/5 epoch=2/3 loss=0.2594 l2=0.2000 label_smoothing=0.000
D step=3/5 epoch=3/3 loss=0.2623 l2=0.2000 label_smoothing=0.000
D step=4/5 epoch=1/3 loss=0.2607 l2=0.2000 label_smoothing=0.000
D step=4/5 epoch=2/3 loss=0.2601 l2=0.2000 label_smoothing=0.000
D step=4/5 epoch=3/3 loss=0.2621 l2=0.2000 label_smoothing=0.000
D step=5/5 epoch=1/3 loss=0.2633 l2=0.2000 label_smoothing=0.000
D step=5/5 epoch=2/3 loss=0.2598 l2=0.2000 label_smoothing=0.000
D step=5/5 epoch=3/3 loss=0.2584 l2=0.2000 label_smoothing=0.000
ADV epoch=190/200 g_loss=0.0041 d_loss=0.2795 reward=0.1554 reward_var=0.0003 unique=0.0600
D step=1/5 epoch=1/3 loss=0.3098 l2=0.2000 label_smoothing=0.000
D step=1/5 epoch=2/3 loss=0.3053 l2=0.2000 label_smoothing=0.000
D step=1/5 epoch=3/3 loss=0.3017 l2=0.2000 label_smoothing=0.000
D step=2/5 epoch=1/3 loss=0.3039 l2=0.2000 label_smoothing=0.000
D step=2/5 epoch=2/3 loss=0.3007 l2=0.2000 label_smoothing=0.000
D step=2/5 epoch=3/3 loss=0.3017 l2=0.2000 label_smoothing=0.000
D step=3/5 epoch=1/3 loss=0.2748 l2=0.2000 label_smoothing=0.000
D step=3/5 epoch=2/3 loss=0.2743 l2=0.2000 label_smoothing=0.000
D step=3/5 epoch=3/3 loss=0.2749 l2=0.2000 label_smoothing=0.000
D step=4/5 epoch=1/3 loss=0.3133 l2=0.2000 label_smoothing=0.000
D step=4/5 epoch=2/3 loss=0.3108 l2=0.2000 label_smoothing=0.000
D step=4/5 epoch=3/3 loss=0.3141 l2=0.2000 label_smoothing=0.000
D step=5/5 epoch=1/3 loss=0.2450 l2=0.2000 label_smoothing=0.000
D step=5/5 epoch=2/3 loss=0.2447 l2=0.2000 label_smoothing=0.000
D step=5/5 epoch=3/3 loss=0.2447 l2=0.2000 label_smoothing=0.000
ADV epoch=191/200 g_loss=0.0026 d_loss=0.2880 reward=0.1396 reward_var=0.0003 unique=0.0400
D step=1/5 epoch=1/3 loss=0.3008 l2=0.2000 label_smoothing=0.000
D step=1/5 epoch=2/3 loss=0.3037 l2=0.2000 label_smoothing=0.000
D step=1/5 epoch=3/3 loss=0.2988 l2=0.2000 label_smoothing=0.000
D step=2/5 epoch=1/3 loss=0.2438 l2=0.2000 label_smoothing=0.000
D step=2/5 epoch=2/3 loss=0.2447 l2=0.2000 label_smoothing=0.000
D step=2/5 epoch=3/3 loss=0.2405 l2=0.2000 label_smoothing=0.000
D step=3/5 epoch=1/3 loss=0.3156 l2=0.2000 label_smoothing=0.000
D step=3/5 epoch=2/3 loss=0.3156 l2=0.2000 label_smoothing=0.000
D step=3/5 epoch=3/3 loss=0.3174 l2=0.2000 label_smoothing=0.000
D step=4/5 epoch=1/3 loss=0.3017 l2=0.2000 label_smoothing=0.000
D step=4/5 epoch=2/3 loss=0.2956 l2=0.2000 label_smoothing=0.000
D step=4/5 epoch=3/3 loss=0.3049 l2=0.2000 label_smoothing=0.000
D step=5/5 epoch=1/3 loss=0.2695 l2=0.2000 label_smoothing=0.000
D step=5/5 epoch=2/3 loss=0.2715 l2=0.2000 label_smoothing=0.000
D step=5/5 epoch=3/3 loss=0.2745 l2=0.2000 label_smoothing=0.000
ADV epoch=192/200 g_loss=0.0024 d_loss=0.2866 reward=0.1654 reward_var=0.0009 unique=0.0400
D step=1/5 epoch=1/3 loss=0.2796 l2=0.2000 label_smoothing=0.000
D step=1/5 epoch=2/3 loss=0.2804 l2=0.2000 label_smoothing=0.000
D step=1/5 epoch=3/3 loss=0.2821 l2=0.2000 label_smoothing=0.000
D step=2/5 epoch=1/3 loss=0.3041 l2=0.2000 label_smoothing=0.000
D step=2/5 epoch=2/3 loss=0.2983 l2=0.2000 label_smoothing=0.000
D step=2/5 epoch=3/3 loss=0.3017 l2=0.2000 label_smoothing=0.000
D step=3/5 epoch=1/3 loss=0.3022 l2=0.2000 label_smoothing=0.000
D step=3/5 epoch=2/3 loss=0.2977 l2=0.2000 label_smoothing=0.000
D step=3/5 epoch=3/3 loss=0.3003 l2=0.2000 label_smoothing=0.000
D step=4/5 epoch=1/3 loss=0.2596 l2=0.2000 label_smoothing=0.000
D step=4/5 epoch=2/3 loss=0.2607 l2=0.2000 label_smoothing=0.000
D step=4/5 epoch=3/3 loss=0.2646 l2=0.2000 label_smoothing=0.000
D step=5/5 epoch=1/3 loss=0.2902 l2=0.2000 label_smoothing=0.000
D step=5/5 epoch=2/3 loss=0.2868 l2=0.2000 label_smoothing=0.000
D step=5/5 epoch=3/3 loss=0.2883 l2=0.2000 label_smoothing=0.000
ADV epoch=193/200 g_loss=0.0015 d_loss=0.2864 reward=0.1952 reward_var=0.0001 unique=0.0400
D step=1/5 epoch=1/3 loss=0.2558 l2=0.2000 label_smoothing=0.000
D step=1/5 epoch=2/3 loss=0.2573 l2=0.2000 label_smoothing=0.000
D step=1/5 epoch=3/3 loss=0.2586 l2=0.2000 label_smoothing=0.000
D step=2/5 epoch=1/3 loss=0.2746 l2=0.2000 label_smoothing=0.000
D step=2/5 epoch=2/3 loss=0.2742 l2=0.2000 label_smoothing=0.000
D step=2/5 epoch=3/3 loss=0.2727 l2=0.2000 label_smoothing=0.000
D step=3/5 epoch=1/3 loss=0.3280 l2=0.2000 label_smoothing=0.000
D step=3/5 epoch=2/3 loss=0.3242 l2=0.2000 label_smoothing=0.000
D step=3/5 epoch=3/3 loss=0.3256 l2=0.2000 label_smoothing=0.000
D step=4/5 epoch=1/3 loss=0.2983 l2=0.2000 label_smoothing=0.000
D step=4/5 epoch=2/3 loss=0.3006 l2=0.2000 label_smoothing=0.000
D step=4/5 epoch=3/3 loss=0.3051 l2=0.2000 label_smoothing=0.000
D step=5/5 epoch=1/3 loss=0.2785 l2=0.2000 label_smoothing=0.000
D step=5/5 epoch=2/3 loss=0.2729 l2=0.2000 label_smoothing=0.000
D step=5/5 epoch=3/3 loss=0.2757 l2=0.2000 label_smoothing=0.000
ADV epoch=194/200 g_loss=0.0009 d_loss=0.2868 reward=0.1642 reward_var=0.0000 unique=0.0800
D step=1/5 epoch=1/3 loss=0.2848 l2=0.2000 label_smoothing=0.000
D step=1/5 epoch=2/3 loss=0.2809 l2=0.2000 label_smoothing=0.000
D step=1/5 epoch=3/3 loss=0.2810 l2=0.2000 label_smoothing=0.000
D step=2/5 epoch=1/3 loss=0.2865 l2=0.2000 label_smoothing=0.000
D step=2/5 epoch=2/3 loss=0.2849 l2=0.2000 label_smoothing=0.000
D step=2/5 epoch=3/3 loss=0.2881 l2=0.2000 label_smoothing=0.000
D step=3/5 epoch=1/3 loss=0.2554 l2=0.2000 label_smoothing=0.000
D step=3/5 epoch=2/3 loss=0.2609 l2=0.2000 label_smoothing=0.000
D step=3/5 epoch=3/3 loss=0.2576 l2=0.2000 label_smoothing=0.000
D step=4/5 epoch=1/3 loss=0.3053 l2=0.2000 label_smoothing=0.000
D step=4/5 epoch=2/3 loss=0.2960 l2=0.2000 label_smoothing=0.000
D step=4/5 epoch=3/3 loss=0.3024 l2=0.2000 label_smoothing=0.000
D step=5/5 epoch=1/3 loss=0.2769 l2=0.2000 label_smoothing=0.000
D step=5/5 epoch=2/3 loss=0.2772 l2=0.2000 label_smoothing=0.000
D step=5/5 epoch=3/3 loss=0.2719 l2=0.2000 label_smoothing=0.000
ADV epoch=195/200 g_loss=0.0009 d_loss=0.2806 reward=0.2007 reward_var=0.0006 unique=0.0600
D step=1/5 epoch=1/3 loss=0.2948 l2=0.2000 label_smoothing=0.000
D step=1/5 epoch=2/3 loss=0.3038 l2=0.2000 label_smoothing=0.000
D step=1/5 epoch=3/3 loss=0.2998 l2=0.2000 label_smoothing=0.000
D step=2/5 epoch=1/3 loss=0.3271 l2=0.2000 label_smoothing=0.000
D step=2/5 epoch=2/3 loss=0.3270 l2=0.2000 label_smoothing=0.000
D step=2/5 epoch=3/3 loss=0.3262 l2=0.2000 label_smoothing=0.000
D step=3/5 epoch=1/3 loss=0.2624 l2=0.2000 label_smoothing=0.000
D step=3/5 epoch=2/3 loss=0.2600 l2=0.2000 label_smoothing=0.000
D step=3/5 epoch=3/3 loss=0.2573 l2=0.2000 label_smoothing=0.000
D step=4/5 epoch=1/3 loss=0.2889 l2=0.2000 label_smoothing=0.000
D step=4/5 epoch=2/3 loss=0.2859 l2=0.2000 label_smoothing=0.000
D step=4/5 epoch=3/3 loss=0.2897 l2=0.2000 label_smoothing=0.000
D step=5/5 epoch=1/3 loss=0.2479 l2=0.2000 label_smoothing=0.000
D step=5/5 epoch=2/3 loss=0.2421 l2=0.2000 label_smoothing=0.000
D step=5/5 epoch=3/3 loss=0.2448 l2=0.2000 label_smoothing=0.000
ADV epoch=196/200 g_loss=0.0025 d_loss=0.2839 reward=0.1721 reward_var=0.0008 unique=0.0400
D step=1/5 epoch=1/3 loss=0.2983 l2=0.2000 label_smoothing=0.000
D step=1/5 epoch=2/3 loss=0.3040 l2=0.2000 label_smoothing=0.000
D step=1/5 epoch=3/3 loss=0.3002 l2=0.2000 label_smoothing=0.000
D step=2/5 epoch=1/3 loss=0.2977 l2=0.2000 label_smoothing=0.000
D step=2/5 epoch=2/3 loss=0.3008 l2=0.2000 label_smoothing=0.000
D step=2/5 epoch=3/3 loss=0.2966 l2=0.2000 label_smoothing=0.000
D step=3/5 epoch=1/3 loss=0.2794 l2=0.2000 label_smoothing=0.000
D step=3/5 epoch=2/3 loss=0.2683 l2=0.2000 label_smoothing=0.000
D step=3/5 epoch=3/3 loss=0.2753 l2=0.2000 label_smoothing=0.000
D step=4/5 epoch=1/3 loss=0.2743 l2=0.2000 label_smoothing=0.000
D step=4/5 epoch=2/3 loss=0.2743 l2=0.2000 label_smoothing=0.000
D step=4/5 epoch=3/3 loss=0.2741 l2=0.2000 label_smoothing=0.000
D step=5/5 epoch=1/3 loss=0.2745 l2=0.2000 label_smoothing=0.000
D step=5/5 epoch=2/3 loss=0.2779 l2=0.2000 label_smoothing=0.000
D step=5/5 epoch=3/3 loss=0.2717 l2=0.2000 label_smoothing=0.000
ADV epoch=197/200 g_loss=0.0022 d_loss=0.2845 reward=0.1525 reward_var=0.0000 unique=0.0400
D step=1/5 epoch=1/3 loss=0.2682 l2=0.2000 label_smoothing=0.000
D step=1/5 epoch=2/3 loss=0.2789 l2=0.2000 label_smoothing=0.000
D step=1/5 epoch=3/3 loss=0.2696 l2=0.2000 label_smoothing=0.000
D step=2/5 epoch=1/3 loss=0.2815 l2=0.2000 label_smoothing=0.000
D step=2/5 epoch=2/3 loss=0.2841 l2=0.2000 label_smoothing=0.000
D step=2/5 epoch=3/3 loss=0.2879 l2=0.2000 label_smoothing=0.000
D step=3/5 epoch=1/3 loss=0.3206 l2=0.2000 label_smoothing=0.000
D step=3/5 epoch=2/3 loss=0.3184 l2=0.2000 label_smoothing=0.000
D step=3/5 epoch=3/3 loss=0.3280 l2=0.2000 label_smoothing=0.000
D step=4/5 epoch=1/3 loss=0.3140 l2=0.2000 label_smoothing=0.000
D step=4/5 epoch=2/3 loss=0.3137 l2=0.2000 label_smoothing=0.000
D step=4/5 epoch=3/3 loss=0.3164 l2=0.2000 label_smoothing=0.000
D step=5/5 epoch=1/3 loss=0.3205 l2=0.2000 label_smoothing=0.000
D step=5/5 epoch=2/3 loss=0.3237 l2=0.2000 label_smoothing=0.000
D step=5/5 epoch=3/3 loss=0.3209 l2=0.2000 label_smoothing=0.000
ADV epoch=198/200 g_loss=0.0026 d_loss=0.3031 reward=0.1596 reward_var=0.0001 unique=0.0400
D step=1/5 epoch=1/3 loss=0.2551 l2=0.2000 label_smoothing=0.000
D step=1/5 epoch=2/3 loss=0.2484 l2=0.2000 label_smoothing=0.000
D step=1/5 epoch=3/3 loss=0.2452 l2=0.2000 label_smoothing=0.000
D step=2/5 epoch=1/3 loss=0.2622 l2=0.2000 label_smoothing=0.000
D step=2/5 epoch=2/3 loss=0.2634 l2=0.2000 label_smoothing=0.000
D step=2/5 epoch=3/3 loss=0.2638 l2=0.2000 label_smoothing=0.000
D step=3/5 epoch=1/3 loss=0.2902 l2=0.2000 label_smoothing=0.000
D step=3/5 epoch=2/3 loss=0.2943 l2=0.2000 label_smoothing=0.000
D step=3/5 epoch=3/3 loss=0.2856 l2=0.2000 label_smoothing=0.000
D step=4/5 epoch=1/3 loss=0.3008 l2=0.2000 label_smoothing=0.000
D step=4/5 epoch=2/3 loss=0.2963 l2=0.2000 label_smoothing=0.000
D step=4/5 epoch=3/3 loss=0.2961 l2=0.2000 label_smoothing=0.000
D step=5/5 epoch=1/3 loss=0.2761 l2=0.2000 label_smoothing=0.000
D step=5/5 epoch=2/3 loss=0.2736 l2=0.2000 label_smoothing=0.000
D step=5/5 epoch=3/3 loss=0.2783 l2=0.2000 label_smoothing=0.000
ADV epoch=199/200 g_loss=0.0027 d_loss=0.2753 reward=0.2151 reward_var=0.0000 unique=0.0600
D step=1/5 epoch=1/3 loss=0.2981 l2=0.2000 label_smoothing=0.000
D step=1/5 epoch=2/3 loss=0.2955 l2=0.2000 label_smoothing=0.000
D step=1/5 epoch=3/3 loss=0.2958 l2=0.2000 label_smoothing=0.000
D step=2/5 epoch=1/3 loss=0.2877 l2=0.2000 label_smoothing=0.000
D step=2/5 epoch=2/3 loss=0.2865 l2=0.2000 label_smoothing=0.000
D step=2/5 epoch=3/3 loss=0.2881 l2=0.2000 label_smoothing=0.000
D step=3/5 epoch=1/3 loss=0.2485 l2=0.2000 label_smoothing=0.000
D step=3/5 epoch=2/3 loss=0.2411 l2=0.2000 label_smoothing=0.000
D step=3/5 epoch=3/3 loss=0.2477 l2=0.2000 label_smoothing=0.000
D step=4/5 epoch=1/3 loss=0.2762 l2=0.2000 label_smoothing=0.000
D step=4/5 epoch=2/3 loss=0.2759 l2=0.2000 label_smoothing=0.000
D step=4/5 epoch=3/3 loss=0.2666 l2=0.2000 label_smoothing=0.000
D step=5/5 epoch=1/3 loss=0.2708 l2=0.2000 label_smoothing=0.000
D step=5/5 epoch=2/3 loss=0.2782 l2=0.2000 label_smoothing=0.000
D step=5/5 epoch=3/3 loss=0.2711 l2=0.2000 label_smoothing=0.000
ADV epoch=200/200 g_loss=0.0026 d_loss=0.2752 reward=0.1992 reward_var=0.0007 unique=0.0600
saved 2000 raw samples to /content/drive/MyDrive/GAN_for_SQLi - 2/result/final/seqgan_master/union/F/R200/generated_payloads.csv
