id,label,payload_type,payload,retrieval_method,retrieval_source_id,retrieval_distance,length,num_unique_chars,entropy,alpha_count,digit_count,space_count,punct_count,alpha_ratio,digit_ratio,space_ratio,punct_ratio,single_quote_count,double_quote_count,dash_count,slash_count,star_count,equals_count,semicolon_count,paren_count,percent_count,underscore_count,comma_count,operator_count,has_single_quote,has_double_quote,has_comment_dashdash,has_comment_hash,has_comment_block,has_equal,has_parentheses,has_semicolon,has_percent_encoding,has_hex_literal,has_concat_operator,kw_select,kw_union,kw_where,kw_from,kw_and,kw_or,kw_insert,kw_update,kw_delete,kw_drop,kw_create,kw_alter,kw_sleep,kw_benchmark,kw_waitfor,kw_delay,kw_information_schema,kw_table,kw_column,kw_database,kw_cast,kw_convert,kw_concat,kw_substr,kw_substring,kw_ascii,kw_char,kw_load_file,kw_outfile,kw_exec,kw_order,kw_by,kw_exists,kw_case,kw_when,keyword_total
SMOTE_000001,attack,union,"1' union all select null,null,null,null,null,null,null,null,null--",nearest_attack_euclidean,R000023,1.5116685352532588,63.03187554594811,15.29681244540519,3.0664487194811585,47.625500436758486,1.0,3.999999999999999,10.406375109189621,0.7553271784439001,0.015954579127178514,0.06381831650871417,0.16489992592020722,1.0,0.0,1.406375109189622,0.0,0.0,0.0,0.0,0.0,0.296812445405189,0.0,7.4063751091896215,1.406375109189622,1.0,0.0,0.703187554594811,0.29681244540518903,0.0,0.0,0.0,0.0,0.0,0.0,0.0,1.0,1.0,0.0,0.0,0.0,0.0,0.0,0.0,0.0,0.0,0.0,0.0,0.0,0.0,0.0,0.0,0.0,0.0,0.0,0.0,0.0,0.0,0.0,0.0,0.0,0.0,0.0,0.0,0.0,0.0,0.0,0.0,0.0,0.0,0.0,2.0
SMOTE_000002,attack,union,"1""   )    )     )   union all select null,null,null,null,null,null,null--",nearest_attack_euclidean,R000030,1.8281373864961918,70.82208351118244,18.17791648881755,3.3712582694251942,39.82208351118245,3.4890474157914895,16.755476292104255,10.755476292104255,0.5613293044513606,0.05186350723154759,0.23585559695357544,0.15095159136351624,-5.551115123125783e-17,1.0,2.0,0.0,0.0,0.31113092697393613,0.0,2.3777381460521276,0.0,0.0,5.0666072190781914,2.311130926973936,0.0,1.0,1.0,0.0,0.0,0.31113092697393613,1.0,0.0,0.0,0.0,0.0,1.0,1.0,0.31113092697393613,0.0,0.0,0.0,0.0,0.0,0.0,0.0,0.0,0.0,0.0,0.0,0.0,0.0,0.0,0.0,0.0,0.0,0.0,0.0,0.0,0.0,0.0,0.0,0.0,0.0,0.0,0.0,0.0,0.0,0.0,0.0,0.0,2.311130926973936
SMOTE_000003,attack,union,"1%' union all select null,null,null,null,null,null,null#",nearest_attack_euclidean,R000016,0.7549180839885229,57.589350933566614,16.611288820602542,3.2172440783376843,38.576782604625755,5.76805280069984,3.999999999999999,9.244515528241017,0.6831126000645042,0.08654803465466471,0.0697832806070739,0.16055608467375712,1.0,0.0,0.1222577641205087,0.0,0.0,0.0,0.0,0.0,0.8777422358794913,0.0,6.244515528241017,0.12225776412050893,1.0,0.0,0.0,1.0,0.0,0.0,0.0,0.0,0.0,0.0,0.0,1.0,1.0,0.0,0.0,0.0,0.0,0.0,0.0,0.0,0.0,0.0,0.0,0.0,0.0,0.0,0.0,0.0,0.0,0.0,0.0,0.0,0.0,0.0,0.0,0.0,0.0,0.0,0.0,0.0,0.0,0.0,0.0,0.0,0.0,0.0,2.0
SMOTE_000004,attack,union,"1""  )   as boeh where 2571  =  2571 union all select null#",nearest_attack_euclidean,R000024,1.6624565821241486,60.51516575311512,23.0,3.892226630893693,30.88637431483634,9.0,15.37120856172122,5.257582876557559,0.5095271430042239,0.1492590146870334,0.25582221643939107,0.0853916258693516,-5.551115123125783e-17,1.0,0.6287914382787796,0.0,0.0,1.0,0.0,1.0,0.0,0.0,0.9431871574181696,1.6287914382787796,0.0,1.0,0.3143957191393898,0.6856042808606102,0.0,1.0,1.0,0.0,0.0,0.0,0.0,1.0,1.0,1.0,0.0,0.0,0.0,0.0,0.0,0.0,0.0,0.0,0.0,0.0,0.0,0.0,0.0,0.0,0.0,0.0,0.0,0.0,0.0,0.0,0.0,0.0,0.0,0.0,0.0,0.0,0.0,0.0,0.0,0.0,0.0,0.0,3.0
SMOTE_000005,attack,union,"-9156'   )    )    union all select 9110,9110,9110,9110#",nearest_attack_euclidean,R000013,0.2781401778329651,56.18175840956301,21.060586136521003,3.7344514916702263,13.999999999999998,20.484689092168033,13.636483180873977,8.060586136521003,0.24922983724761436,0.36425769399822927,0.24306853522852923,0.14344393352562715,0.9394138634789961,0.060586136521003864,1.0,0.0,0.0,0.0,0.0,1.939413863478996,0.0,0.0,3.1211722730420077,1.0,0.9394138634789961,0.060586136521003864,0.0,1.0,0.0,0.0,1.0,0.0,0.0,0.0,0.0,1.0,1.0,0.0,0.0,0.0,0.0,0.0,0.0,0.0,0.0,0.0,0.0,0.0,0.0,0.0,0.0,0.0,0.0,0.0,0.0,0.0,0.0,0.0,0.0,0.0,0.0,0.0,0.0,0.0,0.0,0.0,0.0,0.0,0.0,0.0,2.0
SMOTE_000006,attack,union,"1  )   union all select null,null,null,null,null,null,null,null,null--",nearest_attack_euclidean,R000007,1.1544321519715985,68.70692321497168,15.0,3.0411519787075556,50.0,1.0,6.7069232149716855,11.0,0.7282800517860206,0.01456560103572041,0.0969327357853343,0.16022161139292454,0.3232691962570786,0.0,2.0,0.0,0.0,0.0,0.0,0.6767308037429214,0.0,0.0,8.0,2.0,0.3232691962570786,0.0,1.0,0.0,0.0,0.0,0.6767308037429214,0.0,0.0,0.0,0.0,1.0,1.0,0.0,0.0,0.0,0.0,0.0,0.0,0.0,0.0,0.0,0.0,0.0,0.0,0.0,0.0,0.0,0.0,0.0,0.0,0.0,0.0,0.0,0.0,0.0,0.0,0.0,0.0,0.0,0.0,0.0,0.0,0.0,0.0,0.0,2.0
SMOTE_000007,attack,union,"1%'  )   union all select null,null,null,null,null,null#",nearest_attack_euclidean,R000010,1.2224029633762392,58.101562484730024,16.579687503053997,3.2491899174071803,40.521874981676035,1.0,7.159375006107989,9.420312496946005,0.6951746819681053,0.017288538288763533,0.12557156397841102,0.16196521576472026,1.0,0.0,0.4203124969460055,0.0,0.0,0.0,0.0,0.7898437515269973,0.7898437515269973,0.0,5.630468745419008,0.42031249694600525,1.0,0.0,0.21015624847300274,0.7898437515269974,0.0,0.0,0.7898437515269973,0.0,0.0,0.0,0.0,1.0,1.0,0.0,0.0,0.0,0.0,0.0,0.0,0.0,0.0,0.0,0.0,0.0,0.0,0.0,0.0,0.0,0.0,0.0,0.0,0.0,0.0,0.0,0.0,0.0,0.0,0.0,0.0,0.0,0.0,0.0,0.0,0.0,0.0,0.0,2.0
SMOTE_000008,attack,union,"1'   )    )     )   union all select null,null,null,null,null,null,null,null,null#",nearest_attack_euclidean,R000020,1.7764900989632373,77.61236834647525,15.725773021654703,3.0589455660860816,50.0,1.0,14.160822303165848,12.451546043309406,0.6502922362668583,0.01300584472533714,0.1759358460131273,0.1607660729946772,1.0,0.0,0.548453956690593,0.0,0.0,0.0,0.0,2.1773190649641103,0.0,0.0,8.0,0.5484539566905928,1.0,0.0,0.2742269783452965,0.7257730216547036,0.0,0.0,0.7257730216547035,0.0,0.0,0.0,0.0,1.0,1.0,0.0,0.0,0.0,0.0,0.0,0.0,0.0,0.0,0.0,0.0,0.0,0.0,0.0,0.0,0.0,0.0,0.0,0.0,0.0,0.0,0.0,0.0,0.0,0.0,0.0,0.0,0.0,0.0,0.0,0.0,0.0,0.0,0.0,2.0
SMOTE_000009,attack,union,"1'+  (  select vlut where 9517  =  9517 union all select null,null,null--",nearest_attack_euclidean,R000011,2.3679645481843368,73.0,28.14744101475737,4.170188366668208,42.34890329203887,5.8525589852426325,15.899268861359248,8.899268861359248,0.5801219629046421,0.08017204089373467,0.21779820358026367,0.12190779262135956,0.5503655693203761,0.0,2.0,0.0,0.44963443067962394,1.0,0.0,0.5503655693203761,0.0,0.0,1.550365569320376,4.449634430679624,0.5503655693203761,0.0,1.0,0.0,0.0,1.0,0.5503655693203761,0.0,0.0,0.0,0.0,2.0,1.0,1.0,0.4496344306796239,0.0,0.0,0.0,0.0,0.0,0.0,0.0,0.0,0.0,0.0,0.0,0.0,0.0,0.0,0.0,0.0,0.0,0.0,0.0,0.0,0.0,0.0,0.0,0.0,0.0,0.0,0.0,0.0,0.0,0.0,0.0,4.449634430679624
SMOTE_000010,attack,union,"-5945'   )    )     )   union all select 4266,4266,4266,4266,4266--",nearest_attack_euclidean,R000014,1.6758437274046405,67.94322037612741,20.0,3.6521486734798567,13.999999999999998,29.03050867267955,13.598304911405394,11.314406792042472,0.20613964066827636,0.4252466507553244,0.20215532245071813,0.16645838612568103,1.0,0.0,3.0,0.0,0.0,0.0,0.0,2.0567796238725844,0.0,0.0,5.257627168169887,3.0,1.0,0.0,1.0,0.0,0.0,0.0,0.6855932079575282,0.0,0.0,0.0,0.0,1.0,1.0,0.0,0.0,0.0,0.0,0.0,0.0,0.0,0.0,0.0,0.0,0.0,0.0,0.0,0.0,0.0,0.0,0.0,0.0,0.0,0.0,0.0,0.0,0.0,0.0,0.0,0.0,0.0,0.0,0.0,0.0,0.0,0.0,0.0,2.0
SMOTE_000011,attack,union," select * from users where id  =  1 +$ . union select null,@@VERSION -- 1",nearest_attack_euclidean,R000001,0.46754840666864456,73.0,32.11053672683216,4.366557449087285,43.778926546335676,2.1105367268321604,17.0,10.110536726832162,0.5997113225525434,0.028911462011399464,0.2328767123287671,0.13850050310728987,-5.551115123125783e-17,0.0,2.0,0.0,1.0,1.0,0.0,0.0,0.0,0.0,1.0,5.0,0.0,0.0,1.0,0.0,0.0,1.0,0.0,0.0,0.0,0.0,0.0,2.0,1.0,1.0,1.0,0.0,0.11053672683216134,0.0,0.0,0.0,0.0,0.0,0.0,0.0,0.0,0.0,0.0,0.0,0.0,0.0,0.0,0.0,0.0,0.0,0.0,0.0,0.0,0.0,0.0,0.0,0.0,0.0,0.0,0.0,0.0,0.0,5.110536726832161
SMOTE_000012,attack,union,"-3879' union all select 9814,9814,9814,9814,9814,9814,9814,9814,9814--",nearest_attack_euclidean,R000015,0.020967370110984884,70.0,19.91670870321161,3.7091450749197676,13.999999999999998,40.0,3.999999999999999,12.0,0.20000000000000004,0.5714285714285714,0.057142857142857134,0.17142857142857143,1.0,0.0,3.0,0.0,0.0,0.0,0.0,0.0,0.0,0.0,8.0,3.0,1.0,0.0,1.0,0.0,0.0,0.0,0.0,0.0,0.0,0.0,0.0,1.0,1.0,0.0,0.0,0.0,0.0,0.0,0.0,0.0,0.0,0.0,0.0,0.0,0.0,0.0,0.0,0.0,0.0,0.0,0.0,0.0,0.0,0.0,0.0,0.0,0.0,0.0,0.0,0.0,0.0,0.0,0.0,0.0,0.0,0.0,2.0
SMOTE_000013,attack,union,"1  )   union all select null,null,null,null,null,null,null,null,null--",nearest_attack_euclidean,R000007,0.7174205686894786,70.48815701082023,15.162719003606743,3.0679932082458956,48.69824797114605,1.0,9.627190036067436,11.162719003606744,0.6916770073266559,0.014190184537999972,0.13581175077067684,0.15832105736466723,-5.551115123125783e-17,0.16271900360674374,2.0,0.0,0.0,0.0,0.0,1.3254380072134873,0.0,0.0,7.674561992786513,2.0,0.0,0.16271900360674374,1.0,0.0,0.0,0.0,1.0,0.0,0.0,0.0,0.0,1.0,1.0,0.0,0.0,0.0,0.0,0.0,0.0,0.0,0.0,0.0,0.0,0.0,0.0,0.0,0.0,0.0,0.0,0.0,0.0,0.0,0.0,0.0,0.0,0.0,0.0,0.0,0.0,0.0,0.0,0.0,0.0,0.0,0.0,0.0,2.0
SMOTE_000014,attack,union,"-3370""  )   union all select 7845,7845,7845,7845,7845,7845#",nearest_attack_euclidean,R000009,0.23411571670942968,60.138981574485214,21.84813579006864,3.9500229969331495,13.999999999999998,28.911185259588173,8.0,9.227796314897043,0.2336358813461308,0.47958507701102066,0.13350621791207473,0.15327282373077386,-5.551115123125783e-17,1.0,1.0,0.0,0.0,0.0,0.0,1.0,0.0,0.0,5.227796314897043,1.0,0.0,1.0,0.0,1.0,0.0,0.0,1.0,0.0,0.0,0.0,0.0,1.0,1.0,0.0,0.0,0.0,0.0,0.0,0.0,0.0,0.0,0.0,0.0,0.0,0.0,0.0,0.0,0.0,0.0,0.0,0.0,0.0,0.0,0.0,0.0,0.0,0.0,0.0,0.0,0.0,0.0,0.0,0.0,0.0,0.0,0.0,2.0
SMOTE_000015,attack,union,"-5945'   )    )     )   union all select 4266,4266,4266,4266,4266--",nearest_attack_euclidean,R000014,0.631683766614086,66.49537376016906,20.126156559957735,3.6496109497180536,13.999999999999998,24.0,17.495373760169063,11.0,0.21062894275234142,0.3610781875754424,0.262798700366805,0.1654941693054111,0.8738434400422654,0.12615655995773456,3.0,0.0,0.0,0.0,0.0,2.873843440042265,0.12615655995773456,0.0,4.0,3.0,0.8738434400422654,0.12615655995773456,1.0,0.0,0.0,0.0,1.0,0.0,0.0,0.0,0.0,1.0,1.0,0.0,0.0,0.0,0.0,0.0,0.0,0.0,0.0,0.0,0.0,0.0,0.0,0.0,0.0,0.0,0.0,0.0,0.0,0.0,0.0,0.0,0.0,0.0,0.0,0.0,0.0,0.0,0.0,0.0,0.0,0.0,0.0,0.0,2.0
SMOTE_000016,attack,union,"-5575"" union all select 8665,8665,8665,8665,8665,8665,8665--",nearest_attack_euclidean,R000008,0.07101129731708766,60.07350290883169,18.044101745299017,3.5220764917925664,13.999999999999998,32.05880232706535,3.999999999999999,10.014700581766338,0.23306947673752726,0.5336348837285403,0.06659127906786493,0.1667043604660675,-5.551115123125783e-17,1.0,2.9705988364673233,0.0,0.0,0.0,0.0,0.0,0.014700581766338289,0.0,6.014700581766339,2.9705988364673233,0.0,1.0,0.9852994182336617,0.014700581766338316,0.0,0.0,0.0,0.0,0.0,0.0,0.0,1.0,1.0,0.0,0.0,0.0,0.0,0.0,0.0,0.0,0.0,0.0,0.0,0.0,0.0,0.0,0.0,0.0,0.0,0.0,0.0,0.0,0.0,0.0,0.0,0.0,0.0,0.0,0.0,0.0,0.0,0.0,0.0,0.0,0.0,0.0,2.0
SMOTE_000017,attack,union," select * from users where id  =  1 + \+*$ union select null,@@VERSION -- 1",nearest_attack_euclidean,R000003,0.6608756405190755,74.3116123903479,31.655806195173952,4.3755108365995765,44.0,2.0,17.0,11.311612390347904,0.5921989141232314,0.026918132460146904,0.2288041259112485,0.15207882750537313,-5.551115123125783e-17,0.0,2.0,0.0,2.0,1.0,0.0,0.0,0.0,0.0,1.0,6.311612390347904,0.0,0.0,1.0,0.0,0.0,1.0,0.0,0.0,0.0,0.0,0.0,2.0,1.0,1.0,1.0,0.0,0.0,0.0,0.0,0.0,0.0,0.0,0.0,0.0,0.0,0.0,0.0,0.0,0.0,0.0,0.0,0.0,0.0,0.0,0.0,0.0,0.0,0.0,0.0,0.0,0.0,0.0,0.0,0.0,0.0,0.0,5.0
SMOTE_000018,attack,union," select * from users where id  =  1 or \.<$ union select 1,@@VERSION -- 1",nearest_attack_euclidean,R000004,1.9365946359978496,73.0,32.54215471764908,4.382845928657291,42.91569056470184,2.5421547176490815,17.0,10.54215471764908,0.5878861721192032,0.034824037228069565,0.2328767123287671,0.14441307832396,-5.551115123125783e-17,0.0,2.0,0.0,1.0,1.0,0.0,0.0,0.0,0.0,1.0,5.0,0.0,0.0,1.0,0.0,0.0,1.0,0.0,0.0,0.0,0.0,0.0,2.0,1.0,1.0,1.0,0.0,0.5421547176490802,0.0,0.0,0.0,0.0,0.0,0.0,0.0,0.0,0.0,0.0,0.0,0.0,0.0,0.0,0.0,0.0,0.0,0.0,0.0,0.0,0.0,0.0,0.0,0.0,0.0,0.0,0.0,0.0,0.0,5.54215471764908
SMOTE_000019,attack,union,"1' union all select null,null,null,null,null,null,null,null,null--",nearest_attack_euclidean,R000023,1.3902058152979757,68.66707143080556,15.44451190513426,3.027927651490714,51.77804762053704,1.0,3.999999999999999,11.88902381026852,0.7542082431429222,0.01459026274604261,0.05836105098417041,0.17284044312686472,1.0,0.0,2.0,0.0,0.0,0.0,0.0,0.0,0.44451190513426053,0.0,8.44451190513426,2.0,1.0,0.0,1.0,0.0,0.0,0.0,0.0,0.0,0.0,0.0,0.0,1.0,1.0,0.0,0.0,0.0,0.0,0.0,0.0,0.0,0.0,0.0,0.0,0.0,0.0,0.0,0.0,0.0,0.0,0.0,0.0,0.0,0.0,0.0,0.0,0.0,0.0,0.0,0.0,0.0,0.0,0.0,0.0,0.0,0.0,0.0,2.0
SMOTE_000020,attack,union,"-4330' union all select 3059,3059,3059,3059,3059,3059,3059,3059,3059--",nearest_attack_euclidean,R000031,1.5074087887694025,65.36538110163951,19.0,3.6518308219274873,13.999999999999998,36.292304881311615,3.999999999999999,11.073076220327904,0.21685315963040178,0.5521678175652551,0.0619580456086862,0.1690209771956569,0.6910254067759679,0.3089745932240322,3.0,0.0,0.0,0.0,0.0,0.0,0.0,0.0,7.073076220327904,3.0,0.6910254067759678,0.3089745932240322,1.0,0.0,0.0,0.0,0.0,0.0,0.0,0.0,0.0,1.0,1.0,0.0,0.0,0.0,0.0,0.0,0.0,0.0,0.0,0.0,0.0,0.0,0.0,0.0,0.0,0.0,0.0,0.0,0.0,0.0,0.0,0.0,0.0,0.0,0.0,0.0,0.0,0.0,0.0,0.0,0.0,0.0,0.0,0.0,2.0
SMOTE_000021,attack,union," select * from users where id  =  1 or \<\. union select 1,@@VERSION -- 1",nearest_attack_euclidean,R000002,0.06731619159770784,73.0,32.33930229966135,4.382022871747644,42.0,3.0,17.0,11.0,0.5753424657534246,0.0410958904109589,0.2328767123287671,0.1506849315068493,-5.551115123125783e-17,0.0,2.0,0.0,1.0,1.0,0.0,0.0,0.0,0.0,1.0,5.0,0.0,0.0,1.0,0.0,0.0,1.0,0.0,0.0,0.0,0.0,0.0,2.0,1.0,1.0,1.0,0.0,1.0,0.0,0.0,0.0,0.0,0.0,0.0,0.0,0.0,0.0,0.0,0.0,0.0,0.0,0.0,0.0,0.0,0.0,0.0,0.0,0.0,0.0,0.0,0.0,0.0,0.0,0.0,0.0,0.0,0.0,6.0
SMOTE_000022,attack,union,"-4542 union all select 1249,1249,1249,1249,1249,1249,1249,1249,1249--",nearest_attack_euclidean,R000012,1.0580585030065215,69.39124534338382,18.782490686767638,3.638307392515289,13.999999999999998,40.0,3.999999999999999,11.391245343383819,0.2017645062510614,0.5764700178601754,0.057647001786017546,0.16411847410274566,0.3912453433838188,0.0,3.0,0.0,0.0,0.0,0.0,0.0,0.0,0.0,8.0,3.0,0.39124534338381894,0.0,1.0,0.0,0.0,0.0,0.0,0.0,0.0,0.0,0.0,1.0,1.0,0.0,0.0,0.0,0.0,0.0,0.0,0.0,0.0,0.0,0.0,0.0,0.0,0.0,0.0,0.0,0.0,0.0,0.0,0.0,0.0,0.0,0.0,0.0,0.0,0.0,0.0,0.0,0.0,0.0,0.0,0.0,0.0,0.0,2.0
SMOTE_000023,attack,union,"-8073   )    )     )   union all select 4481,4481,4481,4481--",nearest_attack_euclidean,R000027,1.8350775684763903,61.79127035822511,20.395635179112553,3.6963584571702075,13.999999999999998,21.582540716450218,16.417459283549782,9.791270358225109,0.2266256088953548,0.34887056376241504,0.2662560889535479,0.1582477383886822,-5.551115123125783e-17,0.39563517911255464,3.0,0.0,0.0,0.0,0.0,2.6043648208874455,0.39563517911255464,0.0,3.3956351791125545,3.0,0.0,0.39563517911255464,1.0,0.0,0.0,0.0,1.0,0.0,0.0,0.0,0.0,1.0,1.0,0.0,0.0,0.0,0.0,0.0,0.0,0.0,0.0,0.0,0.0,0.0,0.0,0.0,0.0,0.0,0.0,0.0,0.0,0.0,0.0,0.0,0.0,0.0,0.0,0.0,0.0,0.0,0.0,0.0,0.0,0.0,0.0,0.0,2.0
SMOTE_000024,attack,union,"-4330' union all select 3059,3059,3059,3059,3059,3059,3059,3059,3059--",nearest_attack_euclidean,R000031,0.9457695198751196,67.8381636555741,18.78381636555741,3.618703102276642,13.999999999999998,38.27053092445928,3.999999999999999,11.567632731114822,0.20720612114808634,0.5631930044021871,0.05920174889945323,0.1703991255502734,0.7838163655574104,0.21618363444258945,3.0,0.0,0.0,0.0,0.0,0.0,0.0,0.0,7.56763273111482,3.0,0.7838163655574105,0.21618363444258945,1.0,0.0,0.0,0.0,0.0,0.0,0.0,0.0,0.0,1.0,1.0,0.0,0.0,0.0,0.0,0.0,0.0,0.0,0.0,0.0,0.0,0.0,0.0,0.0,0.0,0.0,0.0,0.0,0.0,0.0,0.0,0.0,0.0,0.0,0.0,0.0,0.0,0.0,0.0,0.0,0.0,0.0,0.0,0.0,2.0
SMOTE_000025,attack,union,"-8073   )    )     )   union all select 4481,4481,4481,4481--",nearest_attack_euclidean,R000027,0.33355288074739897,60.65665889371264,20.06866822125747,3.6156042967283994,13.999999999999998,20.0,17.72532711497011,8.931331778742528,0.23091533240281706,0.32987904628973863,0.2919862687138025,0.1472193525936418,0.06866822125747246,0.0,2.862663557485055,0.0,0.0,0.0,0.0,2.9313317787425275,0.0,0.0,3.0,2.862663557485055,0.06866822125747252,0.0,0.9313317787425275,0.06866822125747252,0.0,0.0,1.0,0.0,0.0,0.0,0.0,1.0,1.0,0.0,0.0,0.0,0.0,0.0,0.0,0.0,0.0,0.0,0.0,0.0,0.0,0.0,0.0,0.0,0.0,0.0,0.0,0.0,0.0,0.0,0.0,0.0,0.0,0.0,0.0,0.0,0.0,0.0,0.0,0.0,0.0,0.0,2.0
SMOTE_000026,attack,union," select * from users where id  =  1 or \<\. union select 1,@@VERSION -- 1",nearest_attack_euclidean,R000002,2.189539492385584,73.0,31.522332379276545,4.354700609311454,42.95533524144691,2.522332379276545,17.0,10.522332379276545,0.5884292498828343,0.03455249834625404,0.2328767123287671,0.14414153944214445,-5.551115123125783e-17,0.0,2.0,0.0,1.4776676207234554,1.0,0.0,0.0,0.0,0.0,1.0,5.0,0.0,0.0,1.0,0.0,0.0,1.0,0.0,0.0,0.0,0.0,0.0,2.0,1.0,1.0,1.0,0.0,0.5223323792765449,0.0,0.0,0.0,0.0,0.0,0.0,0.0,0.0,0.0,0.0,0.0,0.0,0.0,0.0,0.0,0.0,0.0,0.0,0.0,0.0,0.0,0.0,0.0,0.0,0.0,0.0,0.0,0.0,0.0,5.522332379276545
SMOTE_000027,attack,union,"1""  )   as boeh where 2571  =  2571 union all select null#",nearest_attack_euclidean,R000024,2.6329107174962503,57.276230326602445,22.276230326602445,3.8436479849480327,23.571727449518345,12.980733203686546,15.276230326602446,5.447539346795107,0.4095287908253058,0.22826245470270862,0.26650297836123854,0.09570577611074704,0.36188483669877675,0.6381151633012232,0.361884836698777,0.0,0.0,0.6381151633012232,0.0,1.3618848366987768,0.0,0.0,1.0856545100963304,1.0,0.36188483669877675,0.6381151633012232,0.0,1.0,0.0,0.6381151633012232,1.0,0.0,0.0,0.0,0.0,1.0,1.0,0.6381151633012232,0.0,0.0,0.0,0.0,0.0,0.0,0.0,0.0,0.0,0.0,0.0,0.0,0.0,0.0,0.0,0.0,0.0,0.0,0.0,0.0,0.0,0.0,0.0,0.0,0.0,0.0,0.0,0.0,0.0,0.0,0.0,0.0,2.638115163301223
SMOTE_000028,attack,union,"1""  )   as boeh where 2571  =  2571 union all select null#",nearest_attack_euclidean,R000024,3.378820881921273,58.47348274982891,22.526517250171093,3.9431256852776184,21.897758752566382,17.996172246749246,12.212138001368738,6.367413749144539,0.3756104640279988,0.3064046304976611,0.20944718880249102,0.10853771667184911,-5.551115123125783e-17,1.0,0.4734827498289078,0.0,0.0,0.5265172501710922,0.0,1.0,0.0,0.0,2.3674137491445393,1.0,0.0,1.0,0.0,1.0,0.0,0.5265172501710922,1.0,0.0,0.0,0.0,0.0,1.0,1.0,0.5265172501710922,0.0,0.0,0.0,0.0,0.0,0.0,0.0,0.0,0.0,0.0,0.0,0.0,0.0,0.0,0.0,0.0,0.0,0.0,0.0,0.0,0.0,0.0,0.0,0.0,0.0,0.0,0.0,0.0,0.0,0.0,0.0,0.0,2.526517250171092
SMOTE_000029,attack,union,"-9156'   )    )    union all select 9110,9110,9110,9110#",nearest_attack_euclidean,R000013,2.276676966220716,61.352879267542676,20.513374612041574,3.6724301525889786,13.999999999999998,21.946501551833702,15.946501551833702,9.459876163875276,0.23002656989722883,0.3576616475351369,0.259078831864896,0.15323295070273826,1.0,0.0,1.9732507759168505,0.0,0.0,0.0,0.0,2.486625387958425,0.0,0.0,3.4866253879584255,1.9732507759168505,1.0,0.0,0.48662538795842514,0.5133746120415749,0.0,0.0,1.0,0.0,0.0,0.0,0.0,1.0,1.0,0.0,0.0,0.0,0.0,0.0,0.0,0.0,0.0,0.0,0.0,0.0,0.0,0.0,0.0,0.0,0.0,0.0,0.0,0.0,0.0,0.0,0.0,0.0,0.0,0.0,0.0,0.0,0.0,0.0,0.0,0.0,0.0,0.0,2.0
SMOTE_000030,attack,union,"-3378%""   )    )    union all select 9357,9357,9357,9357,9357--",nearest_attack_euclidean,R000028,1.1271201129672255,62.51399507526498,20.75699753763249,3.777075577551593,13.999999999999998,23.027990150529952,14.972009849470046,10.513995075264976,0.2239927319662478,0.3680529528173374,0.23992731966247804,0.16802699555393671,-5.551115123125783e-17,0.7569975376324884,3.0,0.0,0.0,0.0,0.0,2.2430024623675116,0.7569975376324884,0.0,3.7569975376324884,3.0,0.0,0.7569975376324884,1.0,0.0,0.0,0.0,1.0,0.0,0.0,0.0,0.0,1.0,1.0,0.0,0.0,0.0,0.0,0.0,0.0,0.0,0.0,0.0,0.0,0.0,0.0,0.0,0.0,0.0,0.0,0.0,0.0,0.0,0.0,0.0,0.0,0.0,0.0,0.0,0.0,0.0,0.0,0.0,0.0,0.0,0.0,0.0,2.0
SMOTE_000031,attack,union,"-5575"" union all select 8665,8665,8665,8665,8665,8665,8665--",nearest_attack_euclidean,R000008,0.6828122481529988,60.7067704481027,18.42406226886162,3.53707300790305,13.999999999999998,32.56541635848216,3.999999999999999,10.14135408962054,0.23079620864783645,0.5362329044024726,0.06594177389938184,0.16702911305030907,-5.551115123125783e-17,1.0,2.71729182075892,0.0,0.0,0.0,0.0,0.0,0.1413540896205402,0.0,6.14135408962054,2.71729182075892,0.0,1.0,0.8586459103794598,0.14135408962054022,0.0,0.0,0.0,0.0,0.0,0.0,0.0,1.0,1.0,0.0,0.0,0.0,0.0,0.0,0.0,0.0,0.0,0.0,0.0,0.0,0.0,0.0,0.0,0.0,0.0,0.0,0.0,0.0,0.0,0.0,0.0,0.0,0.0,0.0,0.0,0.0,0.0,0.0,0.0,0.0,0.0,0.0,2.0
SMOTE_000032,attack,union,"-9156'   )    )    union all select 9110,9110,9110,9110#",nearest_attack_euclidean,R000013,1.5824106648692933,57.6288470573534,20.67423058852932,3.6827888290398847,13.999999999999998,20.0,15.303077645882716,8.325769411470679,0.24332439730592872,0.34760628186561243,0.26468632592695684,0.144382994901502,0.6742305885293209,0.0,1.651538822941358,0.0,0.0,0.0,0.0,2.325769411470679,0.0,0.0,3.0,1.651538822941358,0.674230588529321,0.0,0.32576941147067895,0.6742305885293212,0.0,0.0,1.0,0.0,0.0,0.0,0.0,1.0,1.0,0.0,0.0,0.0,0.0,0.0,0.0,0.0,0.0,0.0,0.0,0.0,0.0,0.0,0.0,0.0,0.0,0.0,0.0,0.0,0.0,0.0,0.0,0.0,0.0,0.0,0.0,0.0,0.0,0.0,0.0,0.0,0.0,0.0,2.0
SMOTE_000033,attack,union,"-5748' union all select 1224,1224,1224,1224,1224,1224,1224,1224,1224#",nearest_attack_euclidean,R000025,0.09222294654136685,69.0,20.940198194388152,3.5362349567423723,13.999999999999998,40.0,3.999999999999999,11.0,0.2028985507246377,0.5797101449275363,0.05797101449275363,0.15942028985507245,0.9800660647960511,0.0,1.0398678704078974,0.0,0.0,0.0,0.0,0.0,0.0,0.0,8.0,1.0398678704078979,0.9800660647960512,0.0,0.019933935203948705,0.9800660647960513,0.0,0.0,0.0,0.0,0.0,0.0,0.0,1.0,1.0,0.0,0.0,0.0,0.0,0.0,0.0,0.0,0.0,0.0,0.0,0.0,0.0,0.0,0.0,0.0,0.0,0.0,0.0,0.0,0.0,0.0,0.0,0.0,0.0,0.0,0.0,0.0,0.0,0.0,0.0,0.0,0.0,0.0,2.0
SMOTE_000034,attack,union,"-4542 union all select 1249,1249,1249,1249,1249,1249,1249,1249,1249--",nearest_attack_euclidean,R000012,2.4139916936244257,69.41545392056031,16.753638238319052,3.3653451350691226,28.95634114017136,23.797297098147688,5.661815682241262,11.0,0.4153563527503063,0.34480234843680707,0.08136717730691632,0.1584741215059703,-5.551115123125783e-17,0.0,2.5845460794396846,0.0,0.0,0.0,0.0,0.41545392056031555,0.0,0.0,8.0,2.584546079439684,0.0,0.0,1.0,0.0,0.0,0.0,0.4154539205603156,0.0,0.0,0.0,0.0,1.0,1.0,0.0,0.0,0.0,0.0,0.0,0.0,0.0,0.0,0.0,0.0,0.0,0.0,0.0,0.0,0.0,0.0,0.0,0.0,0.0,0.0,0.0,0.0,0.0,0.0,0.0,0.0,0.0,0.0,0.0,0.0,0.0,0.0,0.0,2.0
SMOTE_000035,attack,union," select * from users where id  =  '1'<@$$ union select 1,version  (    )   -- 1'",nearest_attack_euclidean,R000006,1.0072608975372874,78.9334061998434,27.542888371361457,4.026675005738529,40.15237054287951,3.9142232572770883,21.781035656963883,13.085776742722912,0.5093927046980523,0.05057151403812274,0.27500248458231374,0.16503329668151118,2.6952589142409704,0.0,2.0,0.0,0.8476294571204853,1.0,0.0,1.8476294571204854,0.0,0.0,1.1523705428795146,4.847629457120485,1.0,0.0,1.0,0.0,0.0,1.0,1.0,0.0,0.0,0.0,0.0,2.0,1.0,1.0,0.8476294571204852,0.0,0.0,0.0,0.0,0.0,0.0,0.0,0.0,0.0,0.0,0.0,0.0,0.0,0.0,0.0,0.0,0.0,0.0,0.0,0.0,0.0,0.0,0.0,0.0,0.0,0.0,0.0,0.0,0.0,0.0,0.0,4.847629457120485
SMOTE_000036,attack,union,"-5575"" union all select 8665,8665,8665,8665,8665,8665,8665--",nearest_attack_euclidean,R000008,0.09687404070626669,59.54357351064091,18.091285297871817,3.5335637950721046,13.999999999999998,31.634858808512725,3.999999999999999,9.908714702128181,0.23526968813667495,0.5311203564152287,0.06721991089619284,0.16639004455190357,-5.551115123125783e-17,1.0,3.0,0.0,0.0,0.0,0.0,0.0,0.0,0.0,5.908714702128181,3.0,0.0,1.0,1.0,0.0,0.0,0.0,0.0,0.0,0.0,0.0,0.0,1.0,1.0,0.0,0.0,0.0,0.0,0.0,0.0,0.0,0.0,0.0,0.0,0.0,0.0,0.0,0.0,0.0,0.0,0.0,0.0,0.0,0.0,0.0,0.0,0.0,0.0,0.0,0.0,0.0,0.0,0.0,0.0,0.0,0.0,0.0,2.0
SMOTE_000037,attack,union,"1  )   union all select null,null,null,null,null,null,null,null,null--",nearest_attack_euclidean,R000007,1.8356152859287123,71.24901419070231,15.416338063567439,3.0951892901708513,46.66929549146049,1.0,12.16338063567439,11.416338063567439,0.6564383512460115,0.014041288808081781,0.16936292191224828,0.16015743803365856,-5.551115123125783e-17,0.416338063567439,2.0,0.0,0.0,0.0,0.0,1.832676127134878,0.0,0.0,7.167323872865122,2.0,0.0,0.416338063567439,1.0,0.0,0.0,0.0,1.0,0.0,0.0,0.0,0.0,1.0,1.0,0.0,0.0,0.0,0.0,0.0,0.0,0.0,0.0,0.0,0.0,0.0,0.0,0.0,0.0,0.0,0.0,0.0,0.0,0.0,0.0,0.0,0.0,0.0,0.0,0.0,0.0,0.0,0.0,0.0,0.0,0.0,0.0,0.0,2.0
SMOTE_000038,attack,union,"-8308""  )   union all select 3084,3084,3084,3084,3084,3084,3084,3084,3084#",nearest_attack_euclidean,R000029,0.7761187960808188,73.16863679302921,20.16627264139416,3.6266580590534034,13.999999999999998,40.0,7.334909434423365,11.833727358605842,0.19146868094351568,0.5470533741243305,0.09977168112085691,0.16170626381129688,0.16627264139415876,0.8337273586058411,1.0,0.0,0.0,0.0,0.0,0.8337273586058412,0.0,0.0,8.0,1.0,0.16627264139415873,0.8337273586058411,0.0,1.0,0.0,0.0,0.8337273586058414,0.0,0.0,0.0,0.0,1.0,1.0,0.0,0.0,0.0,0.0,0.0,0.0,0.0,0.0,0.0,0.0,0.0,0.0,0.0,0.0,0.0,0.0,0.0,0.0,0.0,0.0,0.0,0.0,0.0,0.0,0.0,0.0,0.0,0.0,0.0,0.0,0.0,0.0,0.0,2.0
SMOTE_000039,attack,union,"-4330' union all select 3059,3059,3059,3059,3059,3059,3059,3059,3059--",nearest_attack_euclidean,R000031,1.3182674584835203,69.04280832196197,18.042808321961967,3.496429451663247,22.61472510234229,30.667381139129184,3.999999999999999,11.760702080490493,0.33342671875681673,0.4383126291905983,0.05797159452643985,0.1702890575261452,1.0,0.0,2.760702080490492,0.0,0.0,0.0,0.0,0.0,0.0,0.0,8.0,2.760702080490492,1.0,0.0,1.0,0.0,0.0,0.0,0.0,0.0,0.0,0.0,0.0,1.0,1.0,0.0,0.0,0.0,0.0,0.0,0.0,0.0,0.0,0.0,0.0,0.0,0.0,0.0,0.0,0.0,0.0,0.0,0.0,0.0,0.0,0.0,0.0,0.0,0.0,0.0,0.0,0.0,0.0,0.0,0.0,0.0,0.0,0.0,2.0
SMOTE_000040,attack,union,"1%'  )   union all select null,null,null,null,null,null#",nearest_attack_euclidean,R000010,0.7697284363977315,56.0,16.6986891100592,3.2685518405834797,39.205243559763204,1.0,6.794756440236799,9.0,0.7000936349957715,0.01785714285714285,0.12133493643279997,0.16071428571428573,1.0,0.0,0.0,0.0,0.0,0.0,0.0,0.6986891100591996,1.0,0.0,5.3013108899408,0.0,1.0,0.0,0.0,1.0,0.0,0.0,0.6986891100591996,0.0,0.0,0.0,0.0,1.0,1.0,0.0,0.0,0.0,0.0,0.0,0.0,0.0,0.0,0.0,0.0,0.0,0.0,0.0,0.0,0.0,0.0,0.0,0.0,0.0,0.0,0.0,0.0,0.0,0.0,0.0,0.0,0.0,0.0,0.0,0.0,0.0,0.0,0.0,2.0
SMOTE_000041,attack,union,"1""  )   where 2088  =  2088 union all select null,null,null,null--",nearest_attack_euclidean,R000022,2.295407355387752,68.73458962372273,20.26541037627727,3.5758766838332705,37.73458962372273,5.874754715745452,15.562622642127273,9.562622642127273,0.5478979407088843,0.08844385733202478,0.22558091316900827,0.13807728879008266,-5.551115123125783e-17,1.0,2.0,0.0,0.0,0.6093443394681816,0.0,1.7813113210636369,0.0,0.0,4.171966981595455,2.6093443394681817,0.0,1.0,1.0,0.0,0.0,0.6093443394681816,1.0,0.0,0.0,0.0,0.0,1.0,1.0,0.6093443394681816,0.0,0.0,0.0,0.0,0.0,0.0,0.0,0.0,0.0,0.0,0.0,0.0,0.0,0.0,0.0,0.0,0.0,0.0,0.0,0.0,0.0,0.0,0.0,0.0,0.0,0.0,0.0,0.0,0.0,0.0,0.0,0.0,2.6093443394681817
SMOTE_000042,attack,union,"1%' union all select null,null,null,null,null,null,null#",nearest_attack_euclidean,R000016,0.9071011479542138,57.909746351184644,16.73451782737871,3.2261707241925985,37.886700166679226,6.729239053553938,3.999999999999999,9.293807130951484,0.6696288464245035,0.1003953521345331,0.069451608332107,0.16052419310885646,1.0,0.0,0.14690356547574202,0.0,0.0,0.0,0.0,0.0,0.853096434524258,0.0,6.293807130951484,0.1469035654757418,1.0,0.0,0.0,1.0,0.0,0.0,0.0,0.0,0.0,0.0,0.0,1.0,1.0,0.0,0.0,0.0,0.0,0.0,0.0,0.0,0.0,0.0,0.0,0.0,0.0,0.0,0.0,0.0,0.0,0.0,0.0,0.0,0.0,0.0,0.0,0.0,0.0,0.0,0.0,0.0,0.0,0.0,0.0,0.0,0.0,0.0,2.0
SMOTE_000043,attack,union,"-3370""  )   union all select 7845,7845,7845,7845,7845,7845#",nearest_attack_euclidean,R000009,0.8706668865323683,63.23582643324055,21.435223142234594,3.8818533507748225,13.999999999999998,31.38866114659244,8.0,9.84716528664811,0.22370554968727263,0.4932038175717404,0.1278317426784415,0.15525889006254548,-5.551115123125783e-17,1.0,1.0,0.0,0.0,0.0,0.0,1.0,0.0,0.0,5.847165286648109,1.0,0.0,1.0,0.0,1.0,0.0,0.0,1.0,0.0,0.0,0.0,0.0,1.0,1.0,0.0,0.0,0.0,0.0,0.0,0.0,0.0,0.0,0.0,0.0,0.0,0.0,0.0,0.0,0.0,0.0,0.0,0.0,0.0,0.0,0.0,0.0,0.0,0.0,0.0,0.0,0.0,0.0,0.0,0.0,0.0,0.0,0.0,2.0
SMOTE_000044,attack,union,"-4542 union all select 1249,1249,1249,1249,1249,1249,1249,1249,1249--",nearest_attack_euclidean,R000012,0.6014501308065818,69.22518995609802,18.225189956098017,3.601862758112279,13.999999999999998,40.0,3.999999999999999,11.225189956098017,0.20224582621420864,0.5778452177548818,0.05778452177548819,0.16212443425542133,0.22518995609801792,0.0,3.0,0.0,0.0,0.0,0.0,0.0,0.0,0.0,8.0,3.0,0.22518995609801792,0.0,1.0,0.0,0.0,0.0,0.0,0.0,0.0,0.0,0.0,1.0,1.0,0.0,0.0,0.0,0.0,0.0,0.0,0.0,0.0,0.0,0.0,0.0,0.0,0.0,0.0,0.0,0.0,0.0,0.0,0.0,0.0,0.0,0.0,0.0,0.0,0.0,0.0,0.0,0.0,0.0,0.0,0.0,0.0,0.0,2.0
SMOTE_000045,attack,union,"-5945'   )    )     )   union all select 4266,4266,4266,4266,4266--",nearest_attack_euclidean,R000014,2.224411848715006,69.39265100694642,18.40489932870238,3.437704473812473,25.16570469908333,14.828171140038691,18.0,11.398775167824406,0.35506135774715464,0.2208267925201141,0.2598512128143456,0.1642606369183857,0.6012248321755953,0.3987751678244047,2.6012248321755953,0.0,0.0,0.0,0.0,3.0,0.0,0.0,4.797550335648809,2.6012248321755953,0.6012248321755953,0.3987751678244047,1.0,0.0,0.0,0.0,1.0,0.0,0.0,0.0,0.0,1.0,1.0,0.0,0.0,0.0,0.0,0.0,0.0,0.0,0.0,0.0,0.0,0.0,0.0,0.0,0.0,0.0,0.0,0.0,0.0,0.0,0.0,0.0,0.0,0.0,0.0,0.0,0.0,0.0,0.0,0.0,0.0,0.0,0.0,0.0,2.0
SMOTE_000046,attack,union,"-5575"" union all select 8665,8665,8665,8665,8665,8665,8665--",nearest_attack_euclidean,R000008,1.086924853248747,60.66776624888887,18.667766248888867,3.5895651691368253,13.999999999999998,30.219290002963024,6.225887496296219,10.222588749629622,0.2308601250041153,0.49941504767548617,0.10129158327571897,0.16843324404467952,-5.551115123125783e-17,1.0,3.0,0.0,0.0,0.0,0.0,0.44517749925924416,0.22258874962962202,0.0,5.554822500740756,3.0,0.0,1.0,1.0,0.0,0.0,0.0,0.22258874962962205,0.0,0.0,0.0,0.0,1.0,1.0,0.0,0.0,0.0,0.0,0.0,0.0,0.0,0.0,0.0,0.0,0.0,0.0,0.0,0.0,0.0,0.0,0.0,0.0,0.0,0.0,0.0,0.0,0.0,0.0,0.0,0.0,0.0,0.0,0.0,0.0,0.0,0.0,0.0,2.0
SMOTE_000047,attack,union,"-5575"" union all select 8665,8665,8665,8665,8665,8665,8665--",nearest_attack_euclidean,R000008,1.821887967719285,61.729078354579116,19.0,3.6565361568062578,13.999999999999998,33.3832626836633,3.999999999999999,10.345815670915824,0.23007607871062138,0.5370559100450041,0.06573602248874896,0.16713198875562552,0.4486052236386079,0.5513947763613922,3.0,0.0,0.0,0.0,0.0,0.0,0.0,0.0,6.345815670915823,3.0,0.4486052236386079,0.5513947763613922,1.0,0.0,0.0,0.0,0.0,0.0,0.0,0.0,0.0,1.0,1.0,0.0,0.0,0.0,0.0,0.0,0.0,0.0,0.0,0.0,0.0,0.0,0.0,0.0,0.0,0.0,0.0,0.0,0.0,0.0,0.0,0.0,0.0,0.0,0.0,0.0,0.0,0.0,0.0,0.0,0.0,0.0,0.0,0.0,2.0
SMOTE_000048,attack,union,"-4966%"" union all select 4300,4300,4300,4300,4300,4300,4300,4300#",nearest_attack_euclidean,R000017,1.2593266915245447,63.19222102013065,21.30129649664489,3.7400837620523197,13.999999999999998,33.58962802684087,5.205185986579564,10.397407006710218,0.22198406928765865,0.5299624159113306,0.0838509009249411,0.16420261387606963,-5.551115123125783e-17,1.0,1.0,0.0,0.0,0.0,0.0,0.3012964966448912,0.6987035033551088,0.0,6.397407006710218,1.0,0.0,1.0,0.0,1.0,0.0,0.0,0.3012964966448912,0.0,0.0,0.0,0.0,1.0,1.0,0.0,0.0,0.0,0.0,0.0,0.0,0.0,0.0,0.0,0.0,0.0,0.0,0.0,0.0,0.0,0.0,0.0,0.0,0.0,0.0,0.0,0.0,0.0,0.0,0.0,0.0,0.0,0.0,0.0,0.0,0.0,0.0,0.0,2.0
SMOTE_000049,attack,union,"1""  )   where 2088  =  2088 union all select null,null,null,null--",nearest_attack_euclidean,R000022,1.724753265943294,63.39058427527099,23.0,3.8669040930038956,33.042938206453236,9.0,14.652353931182253,6.695292137635493,0.5204188798305719,0.14249862631205878,0.23291201139086598,0.10417048246650332,-5.551115123125783e-17,1.0,1.3476460688177467,0.0,0.0,1.0,0.0,1.0,0.0,0.0,2.0214691032266203,2.3476460688177463,0.0,1.0,0.6738230344088734,0.3261769655911267,0.0,1.0,1.0,0.0,0.0,0.0,0.0,1.0,1.0,1.0,0.0,0.0,0.0,0.0,0.0,0.0,0.0,0.0,0.0,0.0,0.0,0.0,0.0,0.0,0.0,0.0,0.0,0.0,0.0,0.0,0.0,0.0,0.0,0.0,0.0,0.0,0.0,0.0,0.0,0.0,0.0,0.0,3.0
SMOTE_000050,attack,union," select * from users where id  =  1 or \.<$ union select 1,@@VERSION -- 1",nearest_attack_euclidean,R000004,1.288783728303196,73.54725005050308,32.72637497474846,4.399208713656149,42.54725005050308,2.7263749747484614,17.0,11.273625025251539,0.578441050514264,0.03714769369956683,0.23117748842766167,0.15323376735850747,-5.551115123125783e-17,0.0,2.0,0.0,1.2736250252515389,1.0,0.0,0.0,0.0,0.0,1.0,5.547250050503077,0.0,0.0,1.0,0.0,0.0,1.0,0.0,0.0,0.0,0.0,0.0,2.0,1.0,1.0,1.0,0.0,0.7263749747484614,0.0,0.0,0.0,0.0,0.0,0.0,0.0,0.0,0.0,0.0,0.0,0.0,0.0,0.0,0.0,0.0,0.0,0.0,0.0,0.0,0.0,0.0,0.0,0.0,0.0,0.0,0.0,0.0,0.0,5.726374974748461
SMOTE_000051,attack,union," select * from users where id  =  1 *$ . union select null,@@VERSION -- 1",nearest_attack_euclidean,R000005,0.20681861330558604,73.21542838336906,31.10771419168453,4.341644366737702,44.0,2.0,17.0,10.215428383369057,0.6010084294304587,0.02731856497411178,0.23220780227994994,0.13946520331547954,-5.551115123125783e-17,0.0,2.0,0.0,2.0,1.0,0.0,0.0,0.0,0.0,1.0,5.215428383369057,0.0,0.0,1.0,0.0,0.0,1.0,0.0,0.0,0.0,0.0,0.0,2.0,1.0,1.0,1.0,0.0,0.0,0.0,0.0,0.0,0.0,0.0,0.0,0.0,0.0,0.0,0.0,0.0,0.0,0.0,0.0,0.0,0.0,0.0,0.0,0.0,0.0,0.0,0.0,0.0,0.0,0.0,0.0,0.0,0.0,0.0,5.0
SMOTE_000052,attack,union," select * from users where id  =  1 + \+*$ union select null,@@VERSION -- 1",nearest_attack_euclidean,R000003,2.1646097638893127,74.08019913741839,32.0,4.385717160196788,43.08019913741839,2.459900431290805,17.0,11.540099568709195,0.5814586617826429,0.03330267288985819,0.22952266934500226,0.1557159959824966,-5.551115123125783e-17,0.0,2.0,0.0,1.5400995687091952,1.0,0.0,0.0,0.0,0.0,1.0,6.08019913741839,0.0,0.0,1.0,0.0,0.0,1.0,0.0,0.0,0.0,0.0,0.0,2.0,1.0,1.0,1.0,0.0,0.45990043129080505,0.0,0.0,0.0,0.0,0.0,0.0,0.0,0.0,0.0,0.0,0.0,0.0,0.0,0.0,0.0,0.0,0.0,0.0,0.0,0.0,0.0,0.0,0.0,0.0,0.0,0.0,0.0,0.0,0.0,5.459900431290805
SMOTE_000053,attack,union,"-8073   )    )     )   union all select 4481,4481,4481,4481--",nearest_attack_euclidean,R000027,0.023038675979440024,61.00993408764207,20.004967043821036,3.6090953370304897,13.999999999999998,20.01986817528415,17.980131824715848,9.009934087642074,0.22947200696669554,0.32813252067121823,0.2947200696669554,0.14767540269513085,-5.551115123125783e-17,0.004967043821037631,3.0,0.0,0.0,0.0,0.0,2.9950329561789624,0.004967043821037381,0.0,3.004967043821037,3.0,0.0,0.004967043821037631,1.0,0.0,0.0,0.0,1.0,0.0,0.0,0.0,0.0,1.0,1.0,0.0,0.0,0.0,0.0,0.0,0.0,0.0,0.0,0.0,0.0,0.0,0.0,0.0,0.0,0.0,0.0,0.0,0.0,0.0,0.0,0.0,0.0,0.0,0.0,0.0,0.0,0.0,0.0,0.0,0.0,0.0,0.0,0.0,2.0
SMOTE_000054,attack,union,"1%' union all select null,null,null,null,null,null,null#",nearest_attack_euclidean,R000016,0.09994746159946674,56.31156646922558,16.0,3.170295043679243,42.23367485191918,1.0,3.999999999999999,9.077891617306395,0.75,0.017779869427275413,0.07111947770910161,0.16110065286362302,1.0,0.0,0.0389458086531973,0.0,0.0,0.0,0.0,0.0,1.0,0.0,6.058418712979797,0.0389458086531973,1.0,0.0,0.01947290432659876,0.9805270956734011,0.0,0.0,0.0,0.0,0.0,0.0,0.0,1.0,1.0,0.0,0.0,0.0,0.0,0.0,0.0,0.0,0.0,0.0,0.0,0.0,0.0,0.0,0.0,0.0,0.0,0.0,0.0,0.0,0.0,0.0,0.0,0.0,0.0,0.0,0.0,0.0,0.0,0.0,0.0,0.0,0.0,0.0,2.0
SMOTE_000055,attack,union,"1""   )    )     )   union all select null,null,null,null,null,null,null--",nearest_attack_euclidean,R000030,0.34649703997352155,73.54630028719616,16.0,3.152636541092913,42.485600255285476,1.0,18.0,12.060700031910685,0.5774313743023055,0.013607367142132287,0.24493260855838106,0.1640286499971811,0.06070003191068429,0.9392999680893155,1.8785999361786314,0.0,0.0,0.0,0.0,3.0,0.0,0.0,6.121400063821369,1.8785999361786314,0.06070003191068446,0.9392999680893155,0.9392999680893157,0.06070003191068435,0.0,0.0,1.0,0.0,0.0,0.0,0.0,1.0,1.0,0.0,0.0,0.0,0.0,0.0,0.0,0.0,0.0,0.0,0.0,0.0,0.0,0.0,0.0,0.0,0.0,0.0,0.0,0.0,0.0,0.0,0.0,0.0,0.0,0.0,0.0,0.0,0.0,0.0,0.0,0.0,0.0,0.0,2.0
SMOTE_000056,attack,union,"-4330' union all select 3059,3059,3059,3059,3059,3059,3059,3059,3059--",nearest_attack_euclidean,R000031,1.3124700128383031,69.04701783702643,18.04701783702643,3.4970864980546854,22.576839466762102,30.708423911007717,3.999999999999999,11.761754459256608,0.33283993786904276,0.43889804335270194,0.05796794992465243,0.1702940688536029,1.0,0.0,2.7617544592566086,0.0,0.0,0.0,0.0,0.0,0.0,0.0,8.0,2.761754459256608,1.0,0.0,1.0,0.0,0.0,0.0,0.0,0.0,0.0,0.0,0.0,1.0,1.0,0.0,0.0,0.0,0.0,0.0,0.0,0.0,0.0,0.0,0.0,0.0,0.0,0.0,0.0,0.0,0.0,0.0,0.0,0.0,0.0,0.0,0.0,0.0,0.0,0.0,0.0,0.0,0.0,0.0,0.0,0.0,0.0,0.0,2.0
SMOTE_000057,attack,union,"1  )   union all select null,null,null,null,null,null,null,null,null--",nearest_attack_euclidean,R000007,0.2908360205347325,70.19789458041664,15.06596486013888,3.057618066832081,49.47228111888895,1.0,8.659648601388813,11.065964860138882,0.70512034232904,0.014246987361953706,0.12301218110643518,0.15762048920257116,-5.551115123125783e-17,0.06596486013888148,2.0,0.0,0.0,0.0,0.0,1.131929720277763,0.0,0.0,7.868070279722237,2.0,0.0,0.06596486013888148,1.0,0.0,0.0,0.0,1.0,0.0,0.0,0.0,0.0,1.0,1.0,0.0,0.0,0.0,0.0,0.0,0.0,0.0,0.0,0.0,0.0,0.0,0.0,0.0,0.0,0.0,0.0,0.0,0.0,0.0,0.0,0.0,0.0,0.0,0.0,0.0,0.0,0.0,0.0,0.0,0.0,0.0,0.0,0.0,2.0
SMOTE_000058,attack,union," select * from users where id  =  1 or \<\. union select 1,@@VERSION -- 1",nearest_attack_euclidean,R000002,3.152845784690588,73.0,28.85427919743205,4.21114515367539,41.550611313918864,5.696332116486815,16.10122262783773,9.651833941756593,0.5691864563550529,0.07803194680118924,0.22056469353202365,0.13221690331173414,0.44938868608113586,0.0,2.0,0.0,0.5506113139188641,1.0,0.0,0.4493886860811359,0.0,0.0,1.4493886860811358,4.550611313918864,0.44938868608113586,0.0,1.0,0.0,0.0,1.0,0.44938868608113586,0.0,0.0,0.0,0.0,2.0,1.0,1.0,0.550611313918864,0.0,0.5506113139188642,0.0,0.0,0.0,0.0,0.0,0.0,0.0,0.0,0.0,0.0,0.0,0.0,0.0,0.0,0.0,0.0,0.0,0.0,0.0,0.0,0.0,0.0,0.0,0.0,0.0,0.0,0.0,0.0,0.0,5.101222627837728
SMOTE_000059,attack,union,"-5575"" union all select 8665,8665,8665,8665,8665,8665,8665--",nearest_attack_euclidean,R000008,1.668586861723507,63.8140494546512,18.38140494546512,3.5682013462147695,13.999999999999998,35.051239563720955,3.999999999999999,10.762809890930239,0.22061983515116268,0.5478630455415283,0.0630342386146179,0.16848288069269104,0.3814049454651195,0.6185950545348803,3.0,0.0,0.0,0.0,0.0,0.0,0.0,0.0,6.762809890930239,3.0,0.3814049454651196,0.6185950545348803,1.0,0.0,0.0,0.0,0.0,0.0,0.0,0.0,0.0,1.0,1.0,0.0,0.0,0.0,0.0,0.0,0.0,0.0,0.0,0.0,0.0,0.0,0.0,0.0,0.0,0.0,0.0,0.0,0.0,0.0,0.0,0.0,0.0,0.0,0.0,0.0,0.0,0.0,0.0,0.0,0.0,0.0,0.0,0.0,2.0
SMOTE_000060,attack,union,"-3370""  )   union all select 7845,7845,7845,7845,7845,7845#",nearest_attack_euclidean,R000009,0.5614824638365296,59.57735694764263,22.0,3.9220811283257144,13.999999999999998,26.845286104714752,9.73207084292787,9.0,0.23504223471325458,0.45115473343822643,0.16270445238999814,0.15109857945852082,-5.551115123125783e-17,1.0,1.0,0.0,0.0,0.0,0.0,1.2886784738213115,0.0,0.0,4.711321526178688,1.0,0.0,1.0,0.0,1.0,0.0,0.0,1.0,0.0,0.0,0.0,0.0,1.0,1.0,0.0,0.0,0.0,0.0,0.0,0.0,0.0,0.0,0.0,0.0,0.0,0.0,0.0,0.0,0.0,0.0,0.0,0.0,0.0,0.0,0.0,0.0,0.0,0.0,0.0,0.0,0.0,0.0,0.0,0.0,0.0,0.0,0.0,2.0
SMOTE_000061,attack,union,"1'+  (  select vlut where 9517  =  9517 union all select null,null,null--",nearest_attack_euclidean,R000011,0.6158070120925552,73.69047550717248,24.901360641832504,3.9906646746216268,38.82993412031509,11.663262670522393,14.901360641832504,8.295918074502488,0.5296704957172825,0.1555143656478737,0.20247297846681261,0.11234216016803114,0.901360641832504,0.09863935816749603,2.098639358167496,0.0,0.0,1.0,0.0,1.0,0.0,0.0,2.295918074502488,4.0,0.9013606418325041,0.09863935816749603,1.0,0.0,0.0,1.0,1.0,0.0,0.0,0.0,0.0,1.901360641832504,1.0,1.0,0.0,0.0,0.0,0.0,0.0,0.0,0.0,0.0,0.0,0.0,0.0,0.0,0.0,0.0,0.0,0.0,0.0,0.0,0.0,0.0,0.0,0.0,0.0,0.0,0.0,0.0,0.0,0.0,0.0,0.0,0.0,0.0,3.901360641832504
SMOTE_000062,attack,union," select * from users where id  =  1 *$ . union select null,@@VERSION -- 1",nearest_attack_euclidean,R000005,0.09080225539928276,73.0,31.01980932403537,4.3357363013055235,43.96038135192926,2.0198093240353714,17.0,10.019809324035371,0.6021970048209486,0.027668620877196876,0.2328767123287671,0.13725766197308725,-5.551115123125783e-17,0.0,2.0,0.0,1.9801906759646288,1.0,0.0,0.0,0.0,0.0,1.0,5.0,0.0,0.0,1.0,0.0,0.0,1.0,0.0,0.0,0.0,0.0,0.0,2.0,1.0,1.0,1.0,0.0,0.019809324035371167,0.0,0.0,0.0,0.0,0.0,0.0,0.0,0.0,0.0,0.0,0.0,0.0,0.0,0.0,0.0,0.0,0.0,0.0,0.0,0.0,0.0,0.0,0.0,0.0,0.0,0.0,0.0,0.0,0.0,5.019809324035371
SMOTE_000063,attack,union,"-9110""   )    )    union all select 2263,2263,2263,2263,2263#",nearest_attack_euclidean,R000026,0.021384168286474162,60.978011248926165,22.0,3.7934708334454355,13.999999999999998,24.04397750214767,13.934033746778494,9.0,0.2295937322909235,0.39433463674820224,0.2284756602024234,0.14759597075845082,-5.551115123125783e-17,1.0,1.0,0.0,0.0,0.0,0.0,1.9890056244630823,0.0,0.0,4.010994375536917,1.0,0.0,1.0,0.0,1.0,0.0,0.0,1.0,0.0,0.0,0.0,0.0,1.0,1.0,0.0,0.0,0.0,0.0,0.0,0.0,0.0,0.0,0.0,0.0,0.0,0.0,0.0,0.0,0.0,0.0,0.0,0.0,0.0,0.0,0.0,0.0,0.0,0.0,0.0,0.0,0.0,0.0,0.0,0.0,0.0,0.0,0.0,2.0
SMOTE_000064,attack,union," select * from users where id  =  1 *$ . union select null,@@VERSION -- 1",nearest_attack_euclidean,R000005,0.01900435140950554,73.01979549439862,31.00989774719931,4.335600312732053,44.0,2.0,17.0,10.019795494398616,0.6025806389491253,0.027390029043142056,0.23281524686670746,0.13721408514102518,-5.551115123125783e-17,0.0,2.0,0.0,2.0,1.0,0.0,0.0,0.0,0.0,1.0,5.0197954943986165,0.0,0.0,1.0,0.0,0.0,1.0,0.0,0.0,0.0,0.0,0.0,2.0,1.0,1.0,1.0,0.0,0.0,0.0,0.0,0.0,0.0,0.0,0.0,0.0,0.0,0.0,0.0,0.0,0.0,0.0,0.0,0.0,0.0,0.0,0.0,0.0,0.0,0.0,0.0,0.0,0.0,0.0,0.0,0.0,0.0,0.0,5.0
SMOTE_000065,attack,union,"1'   )    )     )   union all select null,null,null,null,null,null,null,null,null#",nearest_attack_euclidean,R000020,2.0993500760223425,78.69008557895934,16.0,3.1042400485603343,47.057853847963855,1.0,18.0,12.632231730995482,0.5970998557609537,0.012748064554133076,0.2294651619743956,0.16068691771051757,0.6322317309954816,0.3677682690045183,0.7355365380090368,0.0,0.0,0.0,0.0,3.0,0.0,0.0,7.264463461990963,0.7355365380090366,0.6322317309954817,0.3677682690045183,0.3677682690045183,0.6322317309954817,0.0,0.0,1.0,0.0,0.0,0.0,0.0,1.0,1.0,0.0,0.0,0.0,0.0,0.0,0.0,0.0,0.0,0.0,0.0,0.0,0.0,0.0,0.0,0.0,0.0,0.0,0.0,0.0,0.0,0.0,0.0,0.0,0.0,0.0,0.0,0.0,0.0,0.0,0.0,0.0,0.0,0.0,2.0
SMOTE_000066,attack,union,"1%' union all select null,null,null,null,null,null,null,null,null,null--",nearest_attack_euclidean,R000018,0.48859390408603764,70.47690501444372,16.0,3.0490134670710254,52.85767876083278,1.0,3.999999999999999,12.619226253610929,0.75,0.01426664062141772,0.05706656248567092,0.17866679689291134,1.0,0.0,1.8096131268054645,0.0,0.0,0.0,0.0,0.0,1.0,0.0,8.714419690208196,1.8096131268054645,1.0,0.0,0.9048065634027322,0.09519343659726778,0.0,0.0,0.0,0.0,0.0,0.0,0.0,1.0,1.0,0.0,0.0,0.0,0.0,0.0,0.0,0.0,0.0,0.0,0.0,0.0,0.0,0.0,0.0,0.0,0.0,0.0,0.0,0.0,0.0,0.0,0.0,0.0,0.0,0.0,0.0,0.0,0.0,0.0,0.0,0.0,0.0,0.0,2.0
SMOTE_000067,attack,union,"-6294"" union all select 9921,9921,9921,9921,9921,9921--",nearest_attack_euclidean,R000021,1.5235532526283437,56.30073676212951,19.97555257159713,3.7660023010324766,13.999999999999998,28.0,5.300736762129507,9.0,0.2489336472512132,0.49786729450242645,0.09317028501343755,0.16002877323292278,-5.551115123125783e-17,1.0,2.3496316189352466,0.0,0.0,0.0,0.0,0.3251841905323768,0.0,0.0,5.0,2.3496316189352466,0.0,1.0,0.6748158094676231,0.32518419053237685,0.0,0.0,0.3251841905323768,0.0,0.0,0.0,0.0,1.0,1.0,0.0,0.0,0.0,0.0,0.0,0.0,0.0,0.0,0.0,0.0,0.0,0.0,0.0,0.0,0.0,0.0,0.0,0.0,0.0,0.0,0.0,0.0,0.0,0.0,0.0,0.0,0.0,0.0,0.0,0.0,0.0,0.0,0.0,2.0
SMOTE_000068,attack,union,"-5575"" union all select 8665,8665,8665,8665,8665,8665,8665--",nearest_attack_euclidean,R000008,1.517157269794227,61.127434255681315,20.22548685113626,3.6946032859733737,15.225486851136262,29.96077896181802,6.450973702272524,9.490194740454506,0.25036765846203546,0.4946078826683896,0.09779404922778717,0.15723040964178772,-5.551115123125783e-17,1.0,3.0,0.0,0.0,0.24509737022725242,0.0,0.24509737022725242,0.0,0.0,5.0,3.2450973702272528,0.0,1.0,1.0,0.0,0.0,0.24509737022725242,0.24509737022725242,0.0,0.0,0.0,0.0,1.0,1.0,0.24509737022725242,0.0,0.0,0.0,0.0,0.0,0.0,0.0,0.0,0.0,0.0,0.0,0.0,0.0,0.0,0.0,0.0,0.0,0.0,0.0,0.0,0.0,0.0,0.0,0.0,0.0,0.0,0.0,0.0,0.0,0.0,0.0,0.0,2.2450973702272523
SMOTE_000069,attack,union," select * from users where id  =  1 *$ . union select null,@@VERSION -- 1",nearest_attack_euclidean,R000005,1.3427384980180657,73.0,31.58417468334838,4.354013972418611,43.41582531665162,2.29208734167419,17.0,10.292087341674188,0.5947373331048167,0.03139845673526284,0.2328767123287671,0.14098749783115327,-5.551115123125783e-17,0.0,2.0,0.0,1.707912658325811,1.0,0.0,0.0,0.0,0.0,1.0,5.0,0.0,0.0,1.0,0.0,0.0,1.0,0.0,0.0,0.0,0.0,0.0,2.0,1.0,1.0,1.0,0.0,0.29208734167418887,0.0,0.0,0.0,0.0,0.0,0.0,0.0,0.0,0.0,0.0,0.0,0.0,0.0,0.0,0.0,0.0,0.0,0.0,0.0,0.0,0.0,0.0,0.0,0.0,0.0,0.0,0.0,0.0,0.0,5.292087341674189
SMOTE_000070,attack,union,"-8073   )    )     )   union all select 4481,4481,4481,4481--",nearest_attack_euclidean,R000027,2.172406640021131,58.76384332997043,20.447231334005913,3.6576042410032827,13.999999999999998,20.0,16.211074663976344,8.552768665994085,0.2386727732378261,0.34096110462546586,0.2749198988767826,0.14544622325992546,0.4472313340059141,0.0,2.1055373319881716,0.0,0.0,0.0,0.0,2.552768665994086,0.0,0.0,3.0,2.1055373319881716,0.44723133400591425,0.0,0.5527686659940858,0.44723133400591425,0.0,0.0,1.0,0.0,0.0,0.0,0.0,1.0,1.0,0.0,0.0,0.0,0.0,0.0,0.0,0.0,0.0,0.0,0.0,0.0,0.0,0.0,0.0,0.0,0.0,0.0,0.0,0.0,0.0,0.0,0.0,0.0,0.0,0.0,0.0,0.0,0.0,0.0,0.0,0.0,0.0,0.0,2.0
SMOTE_000071,attack,union," select * from users where id  =  1 or \<\. union select 1,@@VERSION -- 1",nearest_attack_euclidean,R000002,1.5580422259893048,73.0,32.32001933397739,4.3779787568899104,42.67998066602261,2.660009666988694,17.0,10.660009666988696,0.58465726939757,0.03643848858888621,0.2328767123287671,0.14602752968477664,-5.551115123125783e-17,0.0,2.0,0.0,1.3399903330113045,1.0,0.0,0.0,0.0,0.0,1.0,5.0,0.0,0.0,1.0,0.0,0.0,1.0,0.0,0.0,0.0,0.0,0.0,2.0,1.0,1.0,1.0,0.0,0.6600096669886955,0.0,0.0,0.0,0.0,0.0,0.0,0.0,0.0,0.0,0.0,0.0,0.0,0.0,0.0,0.0,0.0,0.0,0.0,0.0,0.0,0.0,0.0,0.0,0.0,0.0,0.0,0.0,0.0,0.0,5.660009666988695
SMOTE_000072,attack,union,"1%' union all select null,null,null,null,null,null,null,null,null,null--",nearest_attack_euclidean,R000018,1.2581538633682159,68.57898881165394,16.213813199271627,3.094515409639192,50.57898881165395,1.0,4.8552527970865125,12.144747202913488,0.7347276286234552,0.014737353965363575,0.07422178723799928,0.17631323017318198,1.0,0.0,1.5723736014567435,0.0,0.0,0.0,0.0,0.21381319927162823,1.0,0.0,8.144747202913488,1.5723736014567435,1.0,0.0,0.7861868007283718,0.21381319927162823,0.0,0.0,0.21381319927162817,0.0,0.0,0.0,0.0,1.0,1.0,0.0,0.0,0.0,0.0,0.0,0.0,0.0,0.0,0.0,0.0,0.0,0.0,0.0,0.0,0.0,0.0,0.0,0.0,0.0,0.0,0.0,0.0,0.0,0.0,0.0,0.0,0.0,0.0,0.0,0.0,0.0,0.0,0.0,2.0
SMOTE_000073,attack,union,"1'+  (  select vlut where 9517  =  9517 union all select null,null,null--",nearest_attack_euclidean,R000011,1.8285746599405341,73.0,26.815202470268286,4.110529546681299,41.907601235134145,6.882263784687,15.605067490089429,8.605067490089429,0.5740767292484129,0.09427758609160272,0.21376804780944422,0.1178776368505401,0.6974662549552858,0.0,2.0,0.0,0.6050674900894285,1.0,0.0,0.6974662549552858,0.0,0.0,1.6974662549552861,4.302533745044714,0.6974662549552857,0.0,1.0,0.0,0.0,1.0,0.6974662549552858,0.0,0.0,0.0,0.0,2.0,1.0,1.0,0.3025337450447142,0.0,0.0,0.0,0.0,0.0,0.0,0.0,0.0,0.0,0.0,0.0,0.0,0.0,0.0,0.0,0.0,0.0,0.0,0.0,0.0,0.0,0.0,0.0,0.0,0.0,0.0,0.0,0.0,0.0,0.0,0.0,4.302533745044714
SMOTE_000074,attack,union," select * from users where id  =  1 + \+*$ union select null,@@VERSION -- 1",nearest_attack_euclidean,R000003,0.7369715974278381,74.43293826886229,32.0,4.38702715359041,44.0,2.0,17.0,11.432938268862285,0.5912238750995542,0.026873812504525196,0.2284274062884641,0.15347490610745643,-5.551115123125783e-17,0.0,2.0,0.0,1.7164691344311425,1.0,0.0,0.0,0.0,0.0,1.0,6.432938268862285,0.0,0.0,1.0,0.0,0.0,1.0,0.0,0.0,0.0,0.0,0.0,2.0,1.0,1.0,1.0,0.0,0.0,0.0,0.0,0.0,0.0,0.0,0.0,0.0,0.0,0.0,0.0,0.0,0.0,0.0,0.0,0.0,0.0,0.0,0.0,0.0,0.0,0.0,0.0,0.0,0.0,0.0,0.0,0.0,0.0,0.0,5.0
SMOTE_000075,attack,union,"1  )   union all select null,null,null,null,null,null,null,null,null--",nearest_attack_euclidean,R000007,1.3312415213926256,68.50887944896658,15.0,3.0397134448889203,50.0,1.0,6.508879448966588,11.0,0.7304233825869417,0.014608467651738843,0.0942750055921923,0.16069314416912717,0.372780137758353,0.0,2.0,0.0,0.0,0.0,0.0,0.6272198622416469,0.0,0.0,8.0,2.0,0.37278013775835306,0.0,1.0,0.0,0.0,0.0,0.6272198622416469,0.0,0.0,0.0,0.0,1.0,1.0,0.0,0.0,0.0,0.0,0.0,0.0,0.0,0.0,0.0,0.0,0.0,0.0,0.0,0.0,0.0,0.0,0.0,0.0,0.0,0.0,0.0,0.0,0.0,0.0,0.0,0.0,0.0,0.0,0.0,0.0,0.0,0.0,0.0,2.0
SMOTE_000076,attack,union," select * from users where id  =  1 or \<\. union select 1,@@VERSION -- 1",nearest_attack_euclidean,R000002,1.8902007163545453,73.0,32.0,4.368100267254482,42.894823474253236,2.5525882628733836,17.0,10.552588262873382,0.5876003215651128,0.03496696250511483,0.2328767123287671,0.14455600360100523,-5.551115123125783e-17,0.0,2.0,0.0,1.0,1.0,0.0,0.0,0.0,0.0,1.0,5.0,0.0,0.0,1.0,0.0,0.0,1.0,0.0,0.0,0.0,0.0,0.0,2.0,1.0,1.0,1.0,0.0,0.5525882628733827,0.0,0.0,0.0,0.0,0.0,0.0,0.0,0.0,0.0,0.0,0.0,0.0,0.0,0.0,0.0,0.0,0.0,0.0,0.0,0.0,0.0,0.0,0.0,0.0,0.0,0.0,0.0,0.0,0.0,5.552588262873382
SMOTE_000077,attack,union," select * from users where id  =  1 or \.<$ union select 1,@@VERSION -- 1",nearest_attack_euclidean,R000004,0.052224594214054225,73.0,32.73676578405427,4.3929122822789575,42.0,3.0,17.0,11.0,0.5753424657534246,0.0410958904109589,0.2328767123287671,0.1506849315068493,-5.551115123125783e-17,0.0,2.0,0.0,1.0,1.0,0.0,0.0,0.0,0.0,1.0,5.0,0.0,0.0,1.0,0.0,0.0,1.0,0.0,0.0,0.0,0.0,0.0,2.0,1.0,1.0,1.0,0.0,1.0,0.0,0.0,0.0,0.0,0.0,0.0,0.0,0.0,0.0,0.0,0.0,0.0,0.0,0.0,0.0,0.0,0.0,0.0,0.0,0.0,0.0,0.0,0.0,0.0,0.0,0.0,0.0,0.0,0.0,6.0
SMOTE_000078,attack,union,"1  )   union all select null,null,null,null,null,null,null,null,null--",nearest_attack_euclidean,R000007,0.3019132714292331,69.66182764252508,15.0,3.0480881339842867,50.0,1.0,7.661827642525081,11.0,0.7179455882843606,0.014358911765687238,0.10974747052739285,0.15794802942255934,0.08454308936872978,0.0,2.0,0.0,0.0,0.0,0.0,0.9154569106312702,0.0,0.0,8.0,2.0,0.08454308936872978,0.0,1.0,0.0,0.0,0.0,0.9154569106312702,0.0,0.0,0.0,0.0,1.0,1.0,0.0,0.0,0.0,0.0,0.0,0.0,0.0,0.0,0.0,0.0,0.0,0.0,0.0,0.0,0.0,0.0,0.0,0.0,0.0,0.0,0.0,0.0,0.0,0.0,0.0,0.0,0.0,0.0,0.0,0.0,0.0,0.0,0.0,2.0
SMOTE_000079,attack,union,"-4966%"" union all select 4300,4300,4300,4300,4300,4300,4300,4300#",nearest_attack_euclidean,R000017,1.520245019869796,68.51894658722632,20.60900593475263,3.641151817575932,13.999999999999998,37.56397626098948,5.563976260989476,11.39099406524737,0.2051423592055783,0.5486437380091826,0.07974691696786085,0.1664669858173783,-5.551115123125783e-17,1.0,1.0,0.0,0.0,0.0,0.0,0.3909940652473689,0.6090059347526311,0.0,7.390994065247369,1.0,0.0,1.0,0.0,1.0,0.0,0.0,0.3909940652473689,0.0,0.0,0.0,0.0,1.0,1.0,0.0,0.0,0.0,0.0,0.0,0.0,0.0,0.0,0.0,0.0,0.0,0.0,0.0,0.0,0.0,0.0,0.0,0.0,0.0,0.0,0.0,0.0,0.0,0.0,0.0,0.0,0.0,0.0,0.0,0.0,0.0,0.0,0.0,2.0
SMOTE_000080,attack,union,"1' union all select null,null,null,null,null,null,null,null,null--",nearest_attack_euclidean,R000023,1.332653332561527,67.4927019174604,15.0,3.032332219141218,50.0,1.0,5.492701917460389,11.0,0.7414209749192598,0.014828419498385176,0.08063799110011778,0.16311261448223716,0.6268245206349026,0.0,2.0,0.0,0.0,0.0,0.0,0.3731754793650973,0.0,0.0,8.0,2.0,0.6268245206349027,0.0,1.0,0.0,0.0,0.0,0.3731754793650973,0.0,0.0,0.0,0.0,1.0,1.0,0.0,0.0,0.0,0.0,0.0,0.0,0.0,0.0,0.0,0.0,0.0,0.0,0.0,0.0,0.0,0.0,0.0,0.0,0.0,0.0,0.0,0.0,0.0,0.0,0.0,0.0,0.0,0.0,0.0,0.0,0.0,0.0,0.0,2.0
SMOTE_000081,attack,union,"1' union all select null,null,null,null,null,null,null,null,null--",nearest_attack_euclidean,R000023,0.5855598825072469,66.41929118938316,15.52411398672895,3.094174604112609,46.22637929555155,5.0880890964858185,3.999999999999999,11.10482279734579,0.6991291069344685,0.07346203228975778,0.06024303793126999,0.16716582284450376,1.0,0.0,2.1048227973457903,0.0,0.0,0.0,0.0,0.0,0.0,0.0,8.0,2.1048227973457903,1.0,0.0,1.0,0.0,0.0,0.0,0.0,0.0,0.0,0.0,0.0,1.0,1.0,0.0,0.0,0.0,0.0,0.0,0.0,0.0,0.0,0.0,0.0,0.0,0.0,0.0,0.0,0.0,0.0,0.0,0.0,0.0,0.0,0.0,0.0,0.0,0.0,0.0,0.0,0.0,0.0,0.0,0.0,0.0,0.0,0.0,2.0
SMOTE_000082,attack,union," select * from users where id  =  1 *$ . union select null,@@VERSION -- 1",nearest_attack_euclidean,R000005,0.1822614338692098,73.0,30.819071426372666,4.325284301986613,43.90953571318633,2.2110833358985538,16.939690475457557,9.939690475457557,0.6015004892217306,0.03028881282052817,0.23205055445832268,0.13616014349941857,0.030154762271222102,0.0,2.0,0.0,1.939690475457556,1.0,0.0,0.030154762271222157,0.0,0.0,1.0301547622712222,4.969845237728778,0.030154762271222157,0.0,1.0,0.0,0.0,1.0,0.030154762271222157,0.0,0.0,0.0,0.0,2.0,1.0,1.0,0.9698452377287778,0.0,0.0,0.0,0.0,0.0,0.0,0.0,0.0,0.0,0.0,0.0,0.0,0.0,0.0,0.0,0.0,0.0,0.0,0.0,0.0,0.0,0.0,0.0,0.0,0.0,0.0,0.0,0.0,0.0,0.0,0.0,4.969845237728778
SMOTE_000083,attack,union,"1'   )    )     )   union all select null,null,null,null,null,null,null,null,null#",nearest_attack_euclidean,R000020,2.113905438565338,78.66713704601345,16.0,3.104455965135454,47.03745515201196,1.0,18.0,12.629681894001495,0.5970121066094733,0.012751898254925897,0.22953416858866654,0.16070182654693413,0.6296818940014948,0.3703181059985051,0.7406362119970102,0.0,0.0,0.0,0.0,3.0,0.0,0.0,7.2593637880029895,0.7406362119970102,0.6296818940014949,0.3703181059985051,0.3703181059985052,0.6296818940014949,0.0,0.0,1.0,0.0,0.0,0.0,0.0,1.0,1.0,0.0,0.0,0.0,0.0,0.0,0.0,0.0,0.0,0.0,0.0,0.0,0.0,0.0,0.0,0.0,0.0,0.0,0.0,0.0,0.0,0.0,0.0,0.0,0.0,0.0,0.0,0.0,0.0,0.0,0.0,0.0,0.0,0.0,2.0
SMOTE_000084,attack,union,"-5748' union all select 1224,1224,1224,1224,1224,1224,1224,1224,1224#",nearest_attack_euclidean,R000025,0.7739311900022724,69.19710737678972,20.80289262321028,3.5705876319137038,13.999999999999998,40.0,3.999999999999999,11.197107376789718,0.20232722499481243,0.5780777856994641,0.057807778569946414,0.16178721073577715,1.0,0.0,1.3942147535794374,0.0,0.0,0.0,0.0,0.0,0.0,0.0,8.0,1.3942147535794374,1.0,0.0,0.19710737678971874,0.8028926232102814,0.0,0.0,0.0,0.0,0.0,0.0,0.0,1.0,1.0,0.0,0.0,0.0,0.0,0.0,0.0,0.0,0.0,0.0,0.0,0.0,0.0,0.0,0.0,0.0,0.0,0.0,0.0,0.0,0.0,0.0,0.0,0.0,0.0,0.0,0.0,0.0,0.0,0.0,0.0,0.0,0.0,0.0,2.0
SMOTE_000085,attack,union,"-9156'   )    )    union all select 9110,9110,9110,9110#",nearest_attack_euclidean,R000013,1.9831314473843256,60.66270066725238,20.576118121158874,3.6784258533707743,13.999999999999998,21.695527515364503,15.695527515364502,9.271645636523376,0.23260186318189413,0.35759475680047026,0.25790824400823,0.15189513600940566,1.0,0.0,1.8477637576822508,0.0,0.0,0.0,0.0,2.4238818788411254,0.0,0.0,3.4238818788411254,1.8477637576822508,1.0,0.0,0.42388187884112544,0.5761181211588746,0.0,0.0,1.0,0.0,0.0,0.0,0.0,1.0,1.0,0.0,0.0,0.0,0.0,0.0,0.0,0.0,0.0,0.0,0.0,0.0,0.0,0.0,0.0,0.0,0.0,0.0,0.0,0.0,0.0,0.0,0.0,0.0,0.0,0.0,0.0,0.0,0.0,0.0,0.0,0.0,0.0,0.0,2.0
SMOTE_000086,attack,union,"-4966%"" union all select 4300,4300,4300,4300,4300,4300,4300,4300#",nearest_attack_euclidean,R000017,1.0470466996334065,67.42362340424383,20.730708510639577,3.640401635317909,13.999999999999998,37.07716595744169,5.077165957441698,11.269291489360425,0.208330410050018,0.5502630654222314,0.07407927102219025,0.1673272535055604,-5.551115123125783e-17,1.0,1.0,0.0,0.0,0.0,0.0,0.2692914893604247,0.7307085106395754,0.0,7.269291489360425,1.0,0.0,1.0,0.0,1.0,0.0,0.0,0.26929148936042474,0.0,0.0,0.0,0.0,1.0,1.0,0.0,0.0,0.0,0.0,0.0,0.0,0.0,0.0,0.0,0.0,0.0,0.0,0.0,0.0,0.0,0.0,0.0,0.0,0.0,0.0,0.0,0.0,0.0,0.0,0.0,0.0,0.0,0.0,0.0,0.0,0.0,0.0,0.0,2.0
SMOTE_000087,attack,union," select * from users where id  =  '1'<@$$ union select 1,version  (    )   -- 1'",nearest_attack_euclidean,R000006,2.097047744486566,78.378050358137,29.297559713490397,4.148373263878749,41.2975597134904,2.6756100716274,21.053660429764406,13.351220143254801,0.528113793792292,0.03398577577596351,0.26776627935733355,0.17013415107441102,2.0268302148822026,0.0,2.0,0.0,1.324389928372599,1.0,0.0,1.3512201432548019,0.0,0.0,1.0,5.648779856745199,0.6756100716274009,0.0,1.0,0.0,0.0,1.0,0.6756100716274009,0.0,0.0,0.0,0.0,2.0,1.0,1.0,1.0,0.0,0.0,0.0,0.0,0.0,0.0,0.0,0.0,0.0,0.0,0.0,0.0,0.0,0.0,0.0,0.0,0.0,0.0,0.0,0.0,0.0,0.0,0.0,0.0,0.0,0.0,0.0,0.0,0.0,0.0,0.0,5.0
SMOTE_000088,attack,union,"-3378%""   )    )    union all select 9357,9357,9357,9357,9357--",nearest_attack_euclidean,R000028,2.0095269105296922,62.19220358352156,21.40389820823922,3.8152380317972328,13.999999999999998,24.0,14.0,10.192203583521565,0.225165014267681,0.38599716731602457,0.22516501426768099,0.1636728041486134,-5.551115123125783e-17,1.0,2.192203583521564,0.0,0.0,0.0,0.0,2.0,0.5961017917607822,0.0,4.0,2.192203583521564,0.0,1.0,0.5961017917607822,0.4038982082392179,0.0,0.0,1.0,0.0,0.0,0.0,0.0,1.0,1.0,0.0,0.0,0.0,0.0,0.0,0.0,0.0,0.0,0.0,0.0,0.0,0.0,0.0,0.0,0.0,0.0,0.0,0.0,0.0,0.0,0.0,0.0,0.0,0.0,0.0,0.0,0.0,0.0,0.0,0.0,0.0,0.0,0.0,2.0
SMOTE_000089,attack,union,"-9110""   )    )    union all select 2263,2263,2263,2263,2263#",nearest_attack_euclidean,R000026,1.013186956925512,61.40728431589472,21.79635784205264,3.7995777212954356,13.999999999999998,24.0,14.0,9.40728431589472,0.22802446515156752,0.39089908311697286,0.2280244651515675,0.15305198657989214,-5.551115123125783e-17,1.0,1.4072843158947212,0.0,0.0,0.0,0.0,2.0,0.20364215794736057,0.0,4.0,1.4072843158947215,0.0,1.0,0.2036421579473605,0.7963578420526394,0.0,0.0,1.0,0.0,0.0,0.0,0.0,1.0,1.0,0.0,0.0,0.0,0.0,0.0,0.0,0.0,0.0,0.0,0.0,0.0,0.0,0.0,0.0,0.0,0.0,0.0,0.0,0.0,0.0,0.0,0.0,0.0,0.0,0.0,0.0,0.0,0.0,0.0,0.0,0.0,0.0,0.0,2.0
SMOTE_000090,attack,union," select * from users where id  =  1 or \.<$ union select 1,@@VERSION -- 1",nearest_attack_euclidean,R000004,0.0728410641327769,73.0,32.63284998774591,4.39006527416092,42.0,3.0,17.0,11.0,0.5753424657534246,0.0410958904109589,0.2328767123287671,0.1506849315068493,-5.551115123125783e-17,0.0,2.0,0.0,1.0,1.0,0.0,0.0,0.0,0.0,1.0,5.0,0.0,0.0,1.0,0.0,0.0,1.0,0.0,0.0,0.0,0.0,0.0,2.0,1.0,1.0,1.0,0.0,1.0,0.0,0.0,0.0,0.0,0.0,0.0,0.0,0.0,0.0,0.0,0.0,0.0,0.0,0.0,0.0,0.0,0.0,0.0,0.0,0.0,0.0,0.0,0.0,0.0,0.0,0.0,0.0,0.0,0.0,6.0
SMOTE_000091,attack,union,"-4330' union all select 3059,3059,3059,3059,3059,3059,3059,3059,3059--",nearest_attack_euclidean,R000031,2.4873829479451555,70.8004740898244,17.7992888652634,3.401744821296917,30.009481796487982,24.390755248424213,3.999999999999999,12.400237044912199,0.42013037470170983,0.34828053646760304,0.056507560246171123,0.17508152858451612,1.0,0.0,2.5997629550878005,0.0,0.0,0.0,0.0,0.0,0.4002370449121996,0.0,8.400237044912199,2.5997629550878005,1.0,0.0,1.0,0.0,0.0,0.0,0.0,0.0,0.0,0.0,0.0,1.0,1.0,0.0,0.0,0.0,0.0,0.0,0.0,0.0,0.0,0.0,0.0,0.0,0.0,0.0,0.0,0.0,0.0,0.0,0.0,0.0,0.0,0.0,0.0,0.0,0.0,0.0,0.0,0.0,0.0,0.0,0.0,0.0,0.0,0.0,2.0
SMOTE_000092,attack,union," select * from users where id  =  1 + \+*$ union select null,@@VERSION -- 1",nearest_attack_euclidean,R000003,0.8617793064500348,74.6338068123635,32.0,4.392374726701406,43.633806812363495,2.1830965938182505,17.0,11.81690340618175,0.5845932440517385,0.029308608385687995,0.22780370487485307,0.15829444268772042,-5.551115123125783e-17,0.0,2.0,0.0,1.816903406181749,1.0,0.0,0.0,0.0,0.0,1.0,6.633806812363498,0.0,0.0,1.0,0.0,0.0,1.0,0.0,0.0,0.0,0.0,0.0,2.0,1.0,1.0,1.0,0.0,0.18309659381825108,0.0,0.0,0.0,0.0,0.0,0.0,0.0,0.0,0.0,0.0,0.0,0.0,0.0,0.0,0.0,0.0,0.0,0.0,0.0,0.0,0.0,0.0,0.0,0.0,0.0,0.0,0.0,0.0,0.0,5.1830965938182505
SMOTE_000093,attack,union,"-5945'   )    )     )   union all select 4266,4266,4266,4266,4266--",nearest_attack_euclidean,R000014,1.4317021668255265,64.15725433271598,20.0,3.616082519412768,13.999999999999998,22.104836221810658,18.0,10.052418110905329,0.21869303629605485,0.34383408927725234,0.28117676095207056,0.15629611347462224,0.5262090554526642,0.0,3.0,0.0,0.0,0.0,0.0,3.0,0.0,0.0,3.5262090554526644,3.0,0.5262090554526642,0.0,1.0,0.0,0.0,0.0,1.0,0.0,0.0,0.0,0.0,1.0,1.0,0.0,0.0,0.0,0.0,0.0,0.0,0.0,0.0,0.0,0.0,0.0,0.0,0.0,0.0,0.0,0.0,0.0,0.0,0.0,0.0,0.0,0.0,0.0,0.0,0.0,0.0,0.0,0.0,0.0,0.0,0.0,0.0,0.0,2.0
SMOTE_000094,attack,union,"1""  )   as boeh where 2571  =  2571 union all select null#",nearest_attack_euclidean,R000024,1.7574562160386953,58.246276802160864,22.75372319783914,3.9293301093563384,25.305847967587077,13.67925924105637,14.029785582713107,5.231384010804308,0.43530016214418044,0.2338341743897784,0.24131710548298843,0.08954855798305272,-5.551115123125783e-17,1.0,0.24627680216086145,0.0,0.0,0.7537231978391385,0.0,1.0,0.0,0.0,1.231384010804308,1.0,0.0,1.0,0.0,1.0,0.0,0.7537231978391385,1.0,0.0,0.0,0.0,0.0,1.0,1.0,0.7537231978391385,0.0,0.0,0.0,0.0,0.0,0.0,0.0,0.0,0.0,0.0,0.0,0.0,0.0,0.0,0.0,0.0,0.0,0.0,0.0,0.0,0.0,0.0,0.0,0.0,0.0,0.0,0.0,0.0,0.0,0.0,0.0,0.0,2.7537231978391383
SMOTE_000095,attack,union,"1%'  )   union all select null,null,null,null,null,null#",nearest_attack_euclidean,R000010,0.7286486283239079,57.98124822602843,16.87617198587322,3.275870506961188,39.98124822602843,1.0,7.504687943492892,9.495312056507107,0.6874162867233413,0.017365761848703254,0.13204676067147186,0.16317119075648367,1.0,0.0,0.2476560282535536,0.0,0.0,0.0,0.0,0.876171985873223,1.0,0.0,5.495312056507108,0.24765602825355382,1.0,0.0,0.1238280141267768,0.8761719858732233,0.0,0.0,0.8761719858732231,0.0,0.0,0.0,0.0,1.0,1.0,0.0,0.0,0.0,0.0,0.0,0.0,0.0,0.0,0.0,0.0,0.0,0.0,0.0,0.0,0.0,0.0,0.0,0.0,0.0,0.0,0.0,0.0,0.0,0.0,0.0,0.0,0.0,0.0,0.0,0.0,0.0,0.0,0.0,2.0
SMOTE_000096,attack,union,"-9156'   )    )    union all select 9110,9110,9110,9110#",nearest_attack_euclidean,R000013,0.30722539762966916,56.379963348763965,21.075992669752793,3.7244425474361567,13.999999999999998,20.303970679011172,14.0,8.075992669752793,0.24844277316080343,0.35990137325800536,0.24844277316080343,0.14321308042038777,0.9240073302472074,0.07599266975279262,1.0,0.0,0.0,0.0,0.0,2.0,0.0,0.0,3.0759926697527926,1.0,0.9240073302472074,0.07599266975279262,0.0,1.0,0.0,0.0,1.0,0.0,0.0,0.0,0.0,1.0,1.0,0.0,0.0,0.0,0.0,0.0,0.0,0.0,0.0,0.0,0.0,0.0,0.0,0.0,0.0,0.0,0.0,0.0,0.0,0.0,0.0,0.0,0.0,0.0,0.0,0.0,0.0,0.0,0.0,0.0,0.0,0.0,0.0,0.0,2.0
SMOTE_000097,attack,union,"1%'  )   union all select null,null,null,null,null,null#",nearest_attack_euclidean,R000010,1.488393142929084,60.047048411858476,16.747059474258844,3.240519255369206,42.047048411858476,1.0,6.988237897035381,10.011762102964619,0.6966386089815111,0.016853410612138298,0.12077503346704202,0.16573294693930862,1.0,0.0,0.50588105148231,0.0,0.0,0.0,0.0,0.7470594742588451,1.0,0.0,6.011762102964619,0.50588105148231,1.0,0.0,0.2529405257411549,0.7470594742588452,0.0,0.0,0.7470594742588451,0.0,0.0,0.0,0.0,1.0,1.0,0.0,0.0,0.0,0.0,0.0,0.0,0.0,0.0,0.0,0.0,0.0,0.0,0.0,0.0,0.0,0.0,0.0,0.0,0.0,0.0,0.0,0.0,0.0,0.0,0.0,0.0,0.0,0.0,0.0,0.0,0.0,0.0,0.0,2.0
SMOTE_000098,attack,union," select * from users where id  =  1 +$ . union select null,@@VERSION -- 1",nearest_attack_euclidean,R000001,1.1475012098669857,73.88294314844815,32.0,4.3775693018282205,44.0,2.0,17.0,10.88294314844815,0.5956439272088185,0.027074723964037206,0.23013515369431622,0.14714619513282803,-5.551115123125783e-17,0.0,2.0,0.0,1.4414715742240753,1.0,0.0,0.0,0.0,0.0,1.0,5.882943148448151,0.0,0.0,1.0,0.0,0.0,1.0,0.0,0.0,0.0,0.0,0.0,2.0,1.0,1.0,1.0,0.0,0.0,0.0,0.0,0.0,0.0,0.0,0.0,0.0,0.0,0.0,0.0,0.0,0.0,0.0,0.0,0.0,0.0,0.0,0.0,0.0,0.0,0.0,0.0,0.0,0.0,0.0,0.0,0.0,0.0,0.0,5.0
SMOTE_000099,attack,union,"-4330' union all select 3059,3059,3059,3059,3059,3059,3059,3059,3059--",nearest_attack_euclidean,R000031,2.7587157863720595,70.88779273412831,17.66831089880753,3.375118715273547,31.755854682566277,22.688041684497875,3.999999999999999,12.443896367064157,0.4441430018852863,0.32393873185510297,0.056438259734818794,0.1754800065247919,1.0,0.0,2.556103632935843,0.0,0.0,0.0,0.0,0.0,0.4438963670641569,0.0,8.443896367064157,2.556103632935843,1.0,0.0,1.0,0.0,0.0,0.0,0.0,0.0,0.0,0.0,0.0,1.0,1.0,0.0,0.0,0.0,0.0,0.0,0.0,0.0,0.0,0.0,0.0,0.0,0.0,0.0,0.0,0.0,0.0,0.0,0.0,0.0,0.0,0.0,0.0,0.0,0.0,0.0,0.0,0.0,0.0,0.0,0.0,0.0,0.0,0.0,2.0
SMOTE_000100,attack,union,"1  )   union all select null,null,null,null,null,null,null,null,null--",nearest_attack_euclidean,R000007,1.6761941838964172,71.14053872731839,15.380179575772797,3.091311942796021,46.95856339381763,1.0,11.801795757727962,11.380179575772797,0.6614623290022142,0.014062516883107973,0.1645795290063425,0.1598956251083353,-5.551115123125783e-17,0.3801795757727962,2.0,0.0,0.0,0.0,0.0,1.7603591515455923,0.0,0.0,7.239640848454407,2.0,0.0,0.3801795757727962,1.0,0.0,0.0,0.0,1.0,0.0,0.0,0.0,0.0,1.0,1.0,0.0,0.0,0.0,0.0,0.0,0.0,0.0,0.0,0.0,0.0,0.0,0.0,0.0,0.0,0.0,0.0,0.0,0.0,0.0,0.0,0.0,0.0,0.0,0.0,0.0,0.0,0.0,0.0,0.0,0.0,0.0,0.0,0.0,2.0
SMOTE_000101,attack,union,"-6294"" union all select 9921,9921,9921,9921,9921,9921--",nearest_attack_euclidean,R000021,2.3870048561584025,58.8805591281511,19.970139782037773,3.7458190827341316,13.999999999999998,26.05972043592445,8.850698910188871,9.970139782037775,0.23886642776504605,0.4469347672114326,0.1452427715866619,0.16895603343685936,-5.551115123125783e-17,1.0,3.0,0.0,0.0,0.0,0.0,0.9701397820377744,0.4850698910188872,0.0,4.514930108981113,3.0,0.0,1.0,1.0,0.0,0.0,0.0,0.4850698910188872,0.0,0.0,0.0,0.0,1.0,1.0,0.0,0.0,0.0,0.0,0.0,0.0,0.0,0.0,0.0,0.0,0.0,0.0,0.0,0.0,0.0,0.0,0.0,0.0,0.0,0.0,0.0,0.0,0.0,0.0,0.0,0.0,0.0,0.0,0.0,0.0,0.0,0.0,0.0,2.0
SMOTE_000102,attack,union,"-4966%"" union all select 4300,4300,4300,4300,4300,4300,4300,4300#",nearest_attack_euclidean,R000017,1.106536177342497,63.41155368553088,21.26474105241152,3.727788219532211,13.999999999999998,33.882071580707844,5.058964209646077,10.470517895176961,0.22118337637615848,0.5328601616862838,0.08114379631939284,0.16481266561816502,-5.551115123125783e-17,1.0,1.0,0.0,0.0,0.0,0.0,0.26474105241151935,0.7352589475884805,0.0,6.470517895176961,1.0,0.0,1.0,0.0,1.0,0.0,0.0,0.26474105241151935,0.0,0.0,0.0,0.0,1.0,1.0,0.0,0.0,0.0,0.0,0.0,0.0,0.0,0.0,0.0,0.0,0.0,0.0,0.0,0.0,0.0,0.0,0.0,0.0,0.0,0.0,0.0,0.0,0.0,0.0,0.0,0.0,0.0,0.0,0.0,0.0,0.0,0.0,0.0,2.0
SMOTE_000103,attack,union," select * from users where id  =  1 +$ . union select null,@@VERSION -- 1",nearest_attack_euclidean,R000001,1.2143732870730357,73.0,32.0,4.365358419498525,43.42511410858275,2.2874429457086247,17.0,10.287442945708625,0.5948645768299007,0.031334834872720874,0.2328767123287671,0.1409238759686113,-5.551115123125783e-17,0.0,2.0,0.0,1.0,1.0,0.0,0.0,0.0,0.0,1.0,5.0,0.0,0.0,1.0,0.0,0.0,1.0,0.0,0.0,0.0,0.0,0.0,2.0,1.0,1.0,1.0,0.0,0.2874429457086254,0.0,0.0,0.0,0.0,0.0,0.0,0.0,0.0,0.0,0.0,0.0,0.0,0.0,0.0,0.0,0.0,0.0,0.0,0.0,0.0,0.0,0.0,0.0,0.0,0.0,0.0,0.0,0.0,0.0,5.287442945708625
SMOTE_000104,attack,union,"1'   )    )     )   union all select null,null,null,null,null,null,null,null,null#",nearest_attack_euclidean,R000020,0.5615949595808996,79.47052361286794,16.097287553351233,3.096123670339299,48.832549359785205,1.0,17.027124466487667,12.610849786595066,0.6164509727480378,0.01274596611218029,0.21205461263509712,0.15874844850468475,1.0,0.0,0.0,0.0,0.0,0.0,0.0,2.8054248932975336,0.0972875533512332,0.0,7.7081373399463,0.0,1.0,0.0,0.0,1.0,0.0,0.0,1.0,0.0,0.0,0.0,0.0,1.0,1.0,0.0,0.0,0.0,0.0,0.0,0.0,0.0,0.0,0.0,0.0,0.0,0.0,0.0,0.0,0.0,0.0,0.0,0.0,0.0,0.0,0.0,0.0,0.0,0.0,0.0,0.0,0.0,0.0,0.0,0.0,0.0,0.0,0.0,2.0
SMOTE_000105,attack,union," select * from users where id  =  1 + \+*$ union select null,@@VERSION -- 1",nearest_attack_euclidean,R000003,1.7518895284865943,74.25610355571268,32.37194822214366,4.39802291104513,43.256103555712684,2.3719482221436596,17.0,11.62805177785634,0.5824546502697887,0.03203359078526924,0.22897648211011587,0.15653527683482618,-5.551115123125783e-17,0.0,2.0,0.0,1.6280517778563406,1.0,0.0,0.0,0.0,0.0,1.0,6.256103555712682,0.0,0.0,1.0,0.0,0.0,1.0,0.0,0.0,0.0,0.0,0.0,2.0,1.0,1.0,1.0,0.0,0.3719482221436595,0.0,0.0,0.0,0.0,0.0,0.0,0.0,0.0,0.0,0.0,0.0,0.0,0.0,0.0,0.0,0.0,0.0,0.0,0.0,0.0,0.0,0.0,0.0,0.0,0.0,0.0,0.0,0.0,0.0,5.37194822214366
SMOTE_000106,attack,union,"-9110""   )    )    union all select 2263,2263,2263,2263,2263#",nearest_attack_euclidean,R000026,2.434514277413461,61.97863427399527,21.510682863002366,3.8109770054232106,13.999999999999998,24.0,14.0,9.978634273995269,0.22594304453917935,0.387330933495736,0.22594304453917935,0.16078297742590528,-5.551115123125783e-17,1.0,1.9786342739952696,0.0,0.0,0.0,0.0,2.0,0.4893171369976348,0.0,4.0,1.9786342739952696,0.0,1.0,0.4893171369976347,0.5106828630023653,0.0,0.0,1.0,0.0,0.0,0.0,0.0,1.0,1.0,0.0,0.0,0.0,0.0,0.0,0.0,0.0,0.0,0.0,0.0,0.0,0.0,0.0,0.0,0.0,0.0,0.0,0.0,0.0,0.0,0.0,0.0,0.0,0.0,0.0,0.0,0.0,0.0,0.0,0.0,0.0,0.0,0.0,2.0
SMOTE_000107,attack,union,"-5575"" union all select 8665,8665,8665,8665,8665,8665,8665--",nearest_attack_euclidean,R000008,0.9638745398462425,60.997694523325634,18.598616713995384,3.543962430320044,13.999999999999998,32.79815561866051,3.999999999999999,10.199538904665127,0.22975186581370285,0.5374264390700538,0.06564339023248653,0.16717830488375673,-5.551115123125783e-17,1.0,2.600922190669745,0.0,0.0,0.0,0.0,0.0,0.19953890466512747,0.0,6.199538904665127,2.600922190669745,0.0,1.0,0.8004610953348725,0.19953890466512747,0.0,0.0,0.0,0.0,0.0,0.0,0.0,1.0,1.0,0.0,0.0,0.0,0.0,0.0,0.0,0.0,0.0,0.0,0.0,0.0,0.0,0.0,0.0,0.0,0.0,0.0,0.0,0.0,0.0,0.0,0.0,0.0,0.0,0.0,0.0,0.0,0.0,0.0,0.0,0.0,0.0,0.0,2.0
SMOTE_000108,attack,union,"-3378%""   )    )    union all select 9357,9357,9357,9357,9357--",nearest_attack_euclidean,R000028,1.1645559981746085,65.20781994339859,19.89609002830071,3.682640827945901,20.181895841516038,18.922014130183257,14.883127977359434,11.220781994339859,0.30018481383081763,0.2998693654185647,0.2275989526779874,0.17234686807263028,-5.551115123125783e-17,1.0,2.779218005660142,0.0,0.0,0.0,0.0,2.220781994339858,0.7792180056601417,0.0,4.441563988679717,2.7792180056601414,0.0,1.0,1.0,0.0,0.0,0.0,1.0,0.0,0.0,0.0,0.0,1.0,1.0,0.0,0.0,0.0,0.0,0.0,0.0,0.0,0.0,0.0,0.0,0.0,0.0,0.0,0.0,0.0,0.0,0.0,0.0,0.0,0.0,0.0,0.0,0.0,0.0,0.0,0.0,0.0,0.0,0.0,0.0,0.0,0.0,0.0,2.0
SMOTE_000109,attack,union,"-9156'   )    )    union all select 9110,9110,9110,9110#",nearest_attack_euclidean,R000013,3.4128382734995513,56.93816657973058,21.938166579730577,3.8106115433050407,21.03624934797933,14.840083811481826,14.938166579730577,6.123666840538845,0.36727082246632214,0.2624018971208038,0.2621314643930678,0.10819581601980627,0.5309167101347114,0.46908328986528863,0.5309167101347114,0.0,0.0,0.4690832898652886,0.0,1.5309167101347114,0.0,0.0,1.5927501304041343,1.0,0.5309167101347113,0.46908328986528863,0.0,1.0,0.0,0.4690832898652886,1.0,0.0,0.0,0.0,0.0,1.0,1.0,0.4690832898652886,0.0,0.0,0.0,0.0,0.0,0.0,0.0,0.0,0.0,0.0,0.0,0.0,0.0,0.0,0.0,0.0,0.0,0.0,0.0,0.0,0.0,0.0,0.0,0.0,0.0,0.0,0.0,0.0,0.0,0.0,0.0,0.0,2.4690832898652886
SMOTE_000110,attack,union,"1%'  )   union all select null,null,null,null,null,null#",nearest_attack_euclidean,R000010,0.8509523480546544,58.313800869832356,16.85538744563548,3.2701796602571696,40.313800869832356,1.0,7.421549782541911,9.578450217458089,0.6889008967403231,0.017283283514426512,0.13023223731738298,0.16358358242786752,1.0,0.0,0.2892251087290443,0.0,0.0,0.0,0.0,0.8553874456354779,1.0,0.0,5.578450217458089,0.28922510872904406,1.0,0.0,0.14461255436452214,0.855387445635478,0.0,0.0,0.8553874456354779,0.0,0.0,0.0,0.0,1.0,1.0,0.0,0.0,0.0,0.0,0.0,0.0,0.0,0.0,0.0,0.0,0.0,0.0,0.0,0.0,0.0,0.0,0.0,0.0,0.0,0.0,0.0,0.0,0.0,0.0,0.0,0.0,0.0,0.0,0.0,0.0,0.0,0.0,0.0,2.0
SMOTE_000111,attack,union,"-8308""  )   union all select 3084,3084,3084,3084,3084,3084,3084,3084,3084#",nearest_attack_euclidean,R000029,0.0932948962341908,73.78404812880952,20.0239946523545,3.6447578635581146,13.999999999999998,39.904021390582,7.904021390582008,11.976005347645502,0.18981773933402635,0.5408598041061721,0.1069906856283976,0.16233177093140394,-5.551115123125783e-17,1.0,1.0,0.0,0.0,0.0,0.0,0.976005347645502,0.023994652354498047,0.0,7.9760053476455015,1.0,0.0,1.0,0.0,1.0,0.0,0.0,0.976005347645502,0.0,0.0,0.0,0.0,1.0,1.0,0.0,0.0,0.0,0.0,0.0,0.0,0.0,0.0,0.0,0.0,0.0,0.0,0.0,0.0,0.0,0.0,0.0,0.0,0.0,0.0,0.0,0.0,0.0,0.0,0.0,0.0,0.0,0.0,0.0,0.0,0.0,0.0,0.0,2.0
SMOTE_000112,attack,union,"1%' union all select null,null,null,null,null,null,null,null,null,null--",nearest_attack_euclidean,R000018,0.8907553882113498,69.22324602538832,16.0,3.059747113728064,51.91743451904124,1.0,3.999999999999999,12.305811506347078,0.75,0.014577567950052495,0.05831027180021002,0.1771121602497375,1.0,0.0,1.6529057531735394,0.0,0.0,0.0,0.0,0.0,1.0,0.0,8.47935862976031,1.652905753173539,1.0,0.0,0.8264528765867696,0.17354712341323042,0.0,0.0,0.0,0.0,0.0,0.0,0.0,1.0,1.0,0.0,0.0,0.0,0.0,0.0,0.0,0.0,0.0,0.0,0.0,0.0,0.0,0.0,0.0,0.0,0.0,0.0,0.0,0.0,0.0,0.0,0.0,0.0,0.0,0.0,0.0,0.0,0.0,0.0,0.0,0.0,0.0,0.0,2.0
SMOTE_000113,attack,union,"1""  )   as boeh where 2571  =  2571 union all select null#",nearest_attack_euclidean,R000024,3.4413042516542243,57.054008311892204,22.054008311892204,3.821931889422577,21.90506233919153,14.202954284592877,15.054008311892204,5.891983376215591,0.38175103898652557,0.2507035941192602,0.2636294178261923,0.10391594906802201,0.47299584405389783,0.5270041559461022,0.47299584405389794,0.0,0.0,0.5270041559461022,0.0,1.472995844053898,0.0,0.0,1.4189875321616938,1.0,0.47299584405389783,0.5270041559461022,0.0,1.0,0.0,0.5270041559461022,1.0,0.0,0.0,0.0,0.0,1.0,1.0,0.5270041559461022,0.0,0.0,0.0,0.0,0.0,0.0,0.0,0.0,0.0,0.0,0.0,0.0,0.0,0.0,0.0,0.0,0.0,0.0,0.0,0.0,0.0,0.0,0.0,0.0,0.0,0.0,0.0,0.0,0.0,0.0,0.0,0.0,2.527004155946102
SMOTE_000114,attack,union," select * from users where id  =  1 + \+*$ union select null,@@VERSION -- 1",nearest_attack_euclidean,R000003,1.1770961703942793,75.91041833312038,31.2716653335037,4.329830796706894,43.2716653335037,2.1820836666240755,18.09250199974445,12.36416733324815,0.5708860822259135,0.02863923972176083,0.23774342305296453,0.1627312549993611,0.5462509998722241,0.0,2.0,0.0,1.8179163333759252,1.0,0.0,0.36416733324814954,0.0,0.0,1.0,6.635832666751851,0.18208366662407477,0.0,1.0,0.0,0.0,1.0,0.18208366662407466,0.0,0.0,0.0,0.0,2.0,1.0,1.0,1.0,0.0,0.0,0.0,0.0,0.0,0.0,0.0,0.0,0.0,0.0,0.0,0.0,0.0,0.0,0.0,0.0,0.0,0.0,0.0,0.0,0.0,0.0,0.0,0.0,0.0,0.0,0.0,0.0,0.0,0.0,0.0,5.0
SMOTE_000115,attack,union,"-4330' union all select 3059,3059,3059,3059,3059,3059,3059,3059,3059--",nearest_attack_euclidean,R000031,1.4437238820267506,68.92132209217075,18.651652615213443,3.5279065614434217,23.70810117046321,29.482890398664853,3.999999999999999,11.730330523042689,0.35036116290953123,0.4214176286189848,0.05807677740937596,0.17014443106210803,1.0,0.0,2.7303305230426886,0.0,0.0,0.0,0.0,0.0,0.0,0.0,8.0,2.7303305230426886,1.0,0.0,1.0,0.0,0.0,0.0,0.0,0.0,0.0,0.0,0.0,1.0,1.0,0.0,0.0,0.0,0.0,0.0,0.0,0.0,0.0,0.0,0.0,0.0,0.0,0.0,0.0,0.0,0.0,0.0,0.0,0.0,0.0,0.0,0.0,0.0,0.0,0.0,0.0,0.0,0.0,0.0,0.0,0.0,0.0,0.0,2.0
SMOTE_000116,attack,union,"-5575"" union all select 8665,8665,8665,8665,8665,8665,8665--",nearest_attack_euclidean,R000008,1.6705993059115027,61.190345829084855,19.0,3.6572332706383186,13.999999999999998,32.95227666326788,3.999999999999999,10.23806916581697,0.23203510607605507,0.5348170216273656,0.0662957445931586,0.1668521277034207,0.41268972193899023,0.5873102780610095,3.0,0.0,0.0,0.0,0.0,0.0,0.0,0.0,6.238069165816971,3.0,0.4126897219389904,0.5873102780610095,1.0,0.0,0.0,0.0,0.0,0.0,0.0,0.0,0.0,1.0,1.0,0.0,0.0,0.0,0.0,0.0,0.0,0.0,0.0,0.0,0.0,0.0,0.0,0.0,0.0,0.0,0.0,0.0,0.0,0.0,0.0,0.0,0.0,0.0,0.0,0.0,0.0,0.0,0.0,0.0,0.0,0.0,0.0,0.0,2.0
SMOTE_000117,attack,union,"-9110""   )    )    union all select 2263,2263,2263,2263,2263#",nearest_attack_euclidean,R000026,0.05838171200176555,61.023468477827166,21.988265761086417,3.7919200226663548,13.999999999999998,24.0,14.0,9.023468477827162,0.2294227013558209,0.39329605946712154,0.2294227013558209,0.14785853782123665,-5.551115123125783e-17,1.0,1.0234684778271623,0.0,0.0,0.0,0.0,2.0,0.011734238913581052,0.0,4.0,1.0234684778271623,0.0,1.0,0.011734238913581052,0.988265761086419,0.0,0.0,1.0,0.0,0.0,0.0,0.0,1.0,1.0,0.0,0.0,0.0,0.0,0.0,0.0,0.0,0.0,0.0,0.0,0.0,0.0,0.0,0.0,0.0,0.0,0.0,0.0,0.0,0.0,0.0,0.0,0.0,0.0,0.0,0.0,0.0,0.0,0.0,0.0,0.0,0.0,0.0,2.0
SMOTE_000118,attack,union," select * from users where id  =  1 +$ . union select null,@@VERSION -- 1",nearest_attack_euclidean,R000001,1.6292209527587247,73.0,32.38517669793271,4.376921863114401,43.22964660413458,2.3851766979327103,17.0,10.38517669793271,0.5921869397826655,0.03267365339633849,0.2328767123287671,0.1422626944922289,-5.551115123125783e-17,0.0,2.0,0.0,1.0,1.0,0.0,0.0,0.0,0.0,1.0,5.0,0.0,0.0,1.0,0.0,0.0,1.0,0.0,0.0,0.0,0.0,0.0,2.0,1.0,1.0,1.0,0.0,0.38517669793271,0.0,0.0,0.0,0.0,0.0,0.0,0.0,0.0,0.0,0.0,0.0,0.0,0.0,0.0,0.0,0.0,0.0,0.0,0.0,0.0,0.0,0.0,0.0,0.0,0.0,0.0,0.0,0.0,0.0,5.38517669793271
SMOTE_000119,attack,union,"1""  )   where 2088  =  2088 union all select null,null,null,null--",nearest_attack_euclidean,R000022,2.409926635719938,68.87101997669582,20.128980023304177,3.562503632697557,37.87101997669582,5.7188343123476315,15.640582843826184,9.640582843826184,0.5487757615769138,0.08605311017531783,0.22625242590676353,0.1389187023410049,-5.551115123125783e-17,1.0,2.0,0.0,0.0,0.5898542890434539,0.0,1.8202914219130921,0.0,0.0,4.230437132869638,2.589854289043454,0.0,1.0,1.0,0.0,0.0,0.5898542890434539,1.0,0.0,0.0,0.0,0.0,1.0,1.0,0.5898542890434539,0.0,0.0,0.0,0.0,0.0,0.0,0.0,0.0,0.0,0.0,0.0,0.0,0.0,0.0,0.0,0.0,0.0,0.0,0.0,0.0,0.0,0.0,0.0,0.0,0.0,0.0,0.0,0.0,0.0,0.0,0.0,0.0,2.589854289043454
SMOTE_000120,attack,union,"-5945'   )    )     )   union all select 4266,4266,4266,4266,4266--",nearest_attack_euclidean,R000014,0.44452622655875373,66.64488623885815,20.088778440285463,3.641836968521401,13.999999999999998,24.0,17.64488623885815,11.0,0.21013304730063634,0.3602280810868051,0.26453433444777286,0.16510453716478568,0.9112215597145372,0.08877844028546289,3.0,0.0,0.0,0.0,0.0,2.911221559714537,0.08877844028546265,0.0,4.0,3.0,0.9112215597145371,0.08877844028546289,1.0,0.0,0.0,0.0,1.0,0.0,0.0,0.0,0.0,1.0,1.0,0.0,0.0,0.0,0.0,0.0,0.0,0.0,0.0,0.0,0.0,0.0,0.0,0.0,0.0,0.0,0.0,0.0,0.0,0.0,0.0,0.0,0.0,0.0,0.0,0.0,0.0,0.0,0.0,0.0,0.0,0.0,0.0,0.0,2.0
SMOTE_000121,attack,union," select * from users where id  =  1 or \<\. union select 1,@@VERSION -- 1",nearest_attack_euclidean,R000002,1.9191005403072692,73.81547739541922,32.0,4.382533673618947,42.815477395419215,2.5922613022903906,17.0,11.407738697709608,0.5799597806863919,0.035212537512500613,0.23034463639778507,0.1544830454033224,-5.551115123125783e-17,0.0,2.0,0.0,1.4077386977096085,1.0,0.0,0.0,0.0,0.0,1.0,5.815477395419217,0.0,0.0,1.0,0.0,0.0,1.0,0.0,0.0,0.0,0.0,0.0,2.0,1.0,1.0,1.0,0.0,0.5922613022903918,0.0,0.0,0.0,0.0,0.0,0.0,0.0,0.0,0.0,0.0,0.0,0.0,0.0,0.0,0.0,0.0,0.0,0.0,0.0,0.0,0.0,0.0,0.0,0.0,0.0,0.0,0.0,0.0,0.0,5.592261302290392
SMOTE_000122,attack,union,"-5945'   )    )     )   union all select 4266,4266,4266,4266,4266--",nearest_attack_euclidean,R000014,0.0325866851427027,67.01834478925433,19.993885070248556,3.623509986486341,13.999999999999998,24.097838876023108,17.91439098347978,11.006114929751444,0.2089004633156587,0.35951277819860217,0.26736332402698665,0.16422343445875248,1.0,0.0,3.0,0.0,0.0,0.0,0.0,2.9816552107456675,0.0,0.0,4.024459719005777,3.0,1.0,0.0,1.0,0.0,0.0,0.0,0.9938850702485558,0.0,0.0,0.0,0.0,1.0,1.0,0.0,0.0,0.0,0.0,0.0,0.0,0.0,0.0,0.0,0.0,0.0,0.0,0.0,0.0,0.0,0.0,0.0,0.0,0.0,0.0,0.0,0.0,0.0,0.0,0.0,0.0,0.0,0.0,0.0,0.0,0.0,0.0,0.0,2.0
SMOTE_000123,attack,union," select * from users where id  =  1 or \.<$ union select 1,@@VERSION -- 1",nearest_attack_euclidean,R000004,1.7827997279966399,73.75702169398706,32.62148915300647,4.398857798042791,42.757021693987056,2.6214891530064737,17.0,11.378510846993526,0.5796287986326207,0.03563427271004774,0.230526142685337,0.1542107859719945,-5.551115123125783e-17,0.0,2.0,0.0,1.3785108469935263,1.0,0.0,0.0,0.0,0.0,1.0,5.757021693987053,0.0,0.0,1.0,0.0,0.0,1.0,0.0,0.0,0.0,0.0,0.0,2.0,1.0,1.0,1.0,0.0,0.6214891530064734,0.0,0.0,0.0,0.0,0.0,0.0,0.0,0.0,0.0,0.0,0.0,0.0,0.0,0.0,0.0,0.0,0.0,0.0,0.0,0.0,0.0,0.0,0.0,0.0,0.0,0.0,0.0,0.0,0.0,5.621489153006474
SMOTE_000124,attack,union,"-4966%"" union all select 4300,4300,4300,4300,4300,4300,4300,4300#",nearest_attack_euclidean,R000017,1.1424981306667261,63.817414424020576,20.290448654412348,3.6107366960063927,13.999999999999998,35.053931539216464,3.999999999999999,10.763482884804116,0.21962979437531077,0.5489945207139306,0.06275136982151736,0.16862431508924133,-5.551115123125783e-17,1.0,1.4730342303917683,0.0,0.0,0.0,0.0,0.0,0.7634828848041159,0.0,6.763482884804116,1.4730342303917683,0.0,1.0,0.23651711519588403,0.763482884804116,0.0,0.0,0.0,0.0,0.0,0.0,0.0,1.0,1.0,0.0,0.0,0.0,0.0,0.0,0.0,0.0,0.0,0.0,0.0,0.0,0.0,0.0,0.0,0.0,0.0,0.0,0.0,0.0,0.0,0.0,0.0,0.0,0.0,0.0,0.0,0.0,0.0,0.0,0.0,0.0,0.0,0.0,2.0
SMOTE_000125,attack,union,"-5748' union all select 1224,1224,1224,1224,1224,1224,1224,1224,1224#",nearest_attack_euclidean,R000025,0.05719878217771733,68.95268324152607,21.0,3.5363853453211362,13.999999999999998,39.952683241526074,3.999999999999999,11.0,0.2030462507510892,0.579404194872744,0.0580132145003112,0.15953633987585578,0.988170810381519,0.01182918961848134,1.0,0.0,0.0,0.0,0.0,0.0,0.011829189618481034,0.0,7.9881708103815185,1.0,0.9881708103815189,0.01182918961848134,0.0,1.0,0.0,0.0,0.0,0.0,0.0,0.0,0.0,1.0,1.0,0.0,0.0,0.0,0.0,0.0,0.0,0.0,0.0,0.0,0.0,0.0,0.0,0.0,0.0,0.0,0.0,0.0,0.0,0.0,0.0,0.0,0.0,0.0,0.0,0.0,0.0,0.0,0.0,0.0,0.0,0.0,0.0,0.0,2.0
SMOTE_000126,attack,union," select * from users where id  =  1 + \+*$ union select null,@@VERSION -- 1",nearest_attack_euclidean,R000003,1.0515261614028337,74.55349549168297,32.22325225415851,4.397525420193244,43.55349549168297,2.2232522541585134,17.0,11.776747745841487,0.5841385132862414,0.029888023393337487,0.2280530733591579,0.15792038996126315,-5.551115123125783e-17,0.0,2.0,0.0,1.7767477458414862,1.0,0.0,0.0,0.0,0.0,1.0,6.553495491682972,0.0,0.0,1.0,0.0,0.0,1.0,0.0,0.0,0.0,0.0,0.0,2.0,1.0,1.0,1.0,0.0,0.22325225415851388,0.0,0.0,0.0,0.0,0.0,0.0,0.0,0.0,0.0,0.0,0.0,0.0,0.0,0.0,0.0,0.0,0.0,0.0,0.0,0.0,0.0,0.0,0.0,0.0,0.0,0.0,0.0,0.0,0.0,5.223252254158513
SMOTE_000127,attack,union," select * from users where id  =  1 + \+*$ union select null,@@VERSION -- 1",nearest_attack_euclidean,R000003,0.3774040480400827,74.70960700036892,32.0,4.391784817345414,44.0,2.0,17.0,11.709607000368923,0.5890004186271721,0.02677274630123508,0.22756834356049832,0.15665849151109446,-5.551115123125783e-17,0.0,2.0,0.0,1.8548035001844618,1.0,0.0,0.0,0.0,0.0,1.0,6.7096070003689245,0.0,0.0,1.0,0.0,0.0,1.0,0.0,0.0,0.0,0.0,0.0,2.0,1.0,1.0,1.0,0.0,0.0,0.0,0.0,0.0,0.0,0.0,0.0,0.0,0.0,0.0,0.0,0.0,0.0,0.0,0.0,0.0,0.0,0.0,0.0,0.0,0.0,0.0,0.0,0.0,0.0,0.0,0.0,0.0,0.0,0.0,5.0
SMOTE_000128,attack,union," select * from users where id  =  1 +$ . union select null,@@VERSION -- 1",nearest_attack_euclidean,R000001,0.03173345170914829,73.0,31.982147100285154,4.361896873104961,44.0,2.0,17.0,10.0,0.6027397260273972,0.0273972602739726,0.2328767123287671,0.136986301369863,-5.551115123125783e-17,0.0,2.0,0.0,1.017852899714848,1.0,0.0,0.0,0.0,0.0,1.0,5.0,0.0,0.0,1.0,0.0,0.0,1.0,0.0,0.0,0.0,0.0,0.0,2.0,1.0,1.0,1.0,0.0,0.0,0.0,0.0,0.0,0.0,0.0,0.0,0.0,0.0,0.0,0.0,0.0,0.0,0.0,0.0,0.0,0.0,0.0,0.0,0.0,0.0,0.0,0.0,0.0,0.0,0.0,0.0,0.0,0.0,0.0,5.0
SMOTE_000129,attack,union,"1%' union all select null,null,null,null,null,null,null#",nearest_attack_euclidean,R000016,1.670189308658605,61.206485262451594,16.0,3.128385458058217,45.90486394683869,1.0,3.999999999999999,10.301621315612898,0.75,0.016565851869431658,0.0662634074777266,0.16717074065284176,1.0,0.0,0.650810657806449,0.0,0.0,0.0,0.0,0.0,1.0,0.0,6.976215986709674,0.650810657806449,1.0,0.0,0.3254053289032244,0.6745946710967756,0.0,0.0,0.0,0.0,0.0,0.0,0.0,1.0,1.0,0.0,0.0,0.0,0.0,0.0,0.0,0.0,0.0,0.0,0.0,0.0,0.0,0.0,0.0,0.0,0.0,0.0,0.0,0.0,0.0,0.0,0.0,0.0,0.0,0.0,0.0,0.0,0.0,0.0,0.0,0.0,0.0,0.0,2.0
SMOTE_000130,attack,union,"-8308""  )   union all select 3084,3084,3084,3084,3084,3084,3084,3084,3084#",nearest_attack_euclidean,R000029,2.1580600732831,71.6883284460831,20.46233431078338,3.594166561026263,13.999999999999998,40.0,6.1506627568664785,11.53766568921662,0.19552749740596095,0.5586499925884598,0.08492800948677139,0.1608945005188078,0.4623343107833802,0.5376656892166196,1.0,0.0,0.0,0.0,0.0,0.5376656892166197,0.0,0.0,8.0,1.0,0.4623343107833803,0.5376656892166196,0.0,1.0,0.0,0.0,0.5376656892166196,0.0,0.0,0.0,0.0,1.0,1.0,0.0,0.0,0.0,0.0,0.0,0.0,0.0,0.0,0.0,0.0,0.0,0.0,0.0,0.0,0.0,0.0,0.0,0.0,0.0,0.0,0.0,0.0,0.0,0.0,0.0,0.0,0.0,0.0,0.0,0.0,0.0,0.0,0.0,2.0
SMOTE_000131,attack,union,"1  )   union all select null,null,null,null,null,null,null,null,null--",nearest_attack_euclidean,R000007,1.364843141654826,68.47124235177887,15.0,3.039440059675985,50.0,1.0,6.471242351778862,11.0,0.7308307104785837,0.014616614209571666,0.09376991900655617,0.1607827563052884,0.38218941205528423,0.0,2.0,0.0,0.0,0.0,0.0,0.6178105879447157,0.0,0.0,8.0,2.0,0.38218941205528434,0.0,1.0,0.0,0.0,0.0,0.6178105879447156,0.0,0.0,0.0,0.0,1.0,1.0,0.0,0.0,0.0,0.0,0.0,0.0,0.0,0.0,0.0,0.0,0.0,0.0,0.0,0.0,0.0,0.0,0.0,0.0,0.0,0.0,0.0,0.0,0.0,0.0,0.0,0.0,0.0,0.0,0.0,0.0,0.0,0.0,0.0,2.0
SMOTE_000132,attack,union,"-5575"" union all select 8665,8665,8665,8665,8665,8665,8665--",nearest_attack_euclidean,R000008,0.4260246290719014,57.992765405363855,18.40144691892723,3.5785085872035998,13.999999999999998,30.394212324291082,3.999999999999999,9.59855308107277,0.24184887403785033,0.5236012868138853,0.06909967829652866,0.16545016085173567,-5.551115123125783e-17,1.0,3.0,0.0,0.0,0.0,0.0,0.0,0.0,0.0,5.598553081072771,3.0,0.0,1.0,1.0,0.0,0.0,0.0,0.0,0.0,0.0,0.0,0.0,1.0,1.0,0.0,0.0,0.0,0.0,0.0,0.0,0.0,0.0,0.0,0.0,0.0,0.0,0.0,0.0,0.0,0.0,0.0,0.0,0.0,0.0,0.0,0.0,0.0,0.0,0.0,0.0,0.0,0.0,0.0,0.0,0.0,0.0,0.0,2.0
SMOTE_000133,attack,union,"1%' union all select null,null,null,null,null,null,null,null,null,null--",nearest_attack_euclidean,R000018,0.5484005551346017,70.2904695932213,16.0,3.0506097001401677,52.71785219491598,1.0,3.999999999999999,12.572617398305326,0.75,0.014312879565173298,0.05725151826069315,0.17843560217413354,1.0,0.0,1.7863086991526624,0.0,0.0,0.0,0.0,0.0,1.0,0.0,8.679463048728993,1.786308699152662,1.0,0.0,0.8931543495763312,0.10684565042366889,0.0,0.0,0.0,0.0,0.0,0.0,0.0,1.0,1.0,0.0,0.0,0.0,0.0,0.0,0.0,0.0,0.0,0.0,0.0,0.0,0.0,0.0,0.0,0.0,0.0,0.0,0.0,0.0,0.0,0.0,0.0,0.0,0.0,0.0,0.0,0.0,0.0,0.0,0.0,0.0,0.0,0.0,2.0
SMOTE_000134,attack,union," select * from users where id  =  1 +$ . union select null,@@VERSION -- 1",nearest_attack_euclidean,R000001,2.4344675050798408,73.0,28.764164868744544,4.200955672682319,42.613213515176234,5.235835131255456,16.075475676784155,9.075475676784155,0.5837426508928251,0.0717237689213076,0.2202119955723857,0.12432158461348157,0.4622621616079221,0.0,2.0,0.0,0.5377378383920778,1.0,0.0,0.4622621616079223,0.0,0.0,1.4622621616079226,4.5377378383920774,0.4622621616079223,0.0,1.0,0.0,0.0,1.0,0.4622621616079223,0.0,0.0,0.0,0.0,2.0,1.0,1.0,0.5377378383920778,0.0,0.0,0.0,0.0,0.0,0.0,0.0,0.0,0.0,0.0,0.0,0.0,0.0,0.0,0.0,0.0,0.0,0.0,0.0,0.0,0.0,0.0,0.0,0.0,0.0,0.0,0.0,0.0,0.0,0.0,0.0,4.5377378383920774
SMOTE_000135,attack,union,"1  )   union all select null,null,null,null,null,null,null,null,null--",nearest_attack_euclidean,R000007,0.2986226623223597,69.66551344617965,15.0,3.048114906617997,50.0,1.0,7.665513446179645,11.0,0.7179056986344194,0.01435811397268838,0.1097969336933199,0.15793925369957226,0.08362163845508874,0.0,2.0,0.0,0.0,0.0,0.0,0.9163783615449113,0.0,0.0,8.0,2.0,0.08362163845508869,0.0,1.0,0.0,0.0,0.0,0.9163783615449113,0.0,0.0,0.0,0.0,1.0,1.0,0.0,0.0,0.0,0.0,0.0,0.0,0.0,0.0,0.0,0.0,0.0,0.0,0.0,0.0,0.0,0.0,0.0,0.0,0.0,0.0,0.0,0.0,0.0,0.0,0.0,0.0,0.0,0.0,0.0,0.0,0.0,0.0,0.0,2.0
SMOTE_000136,attack,union,"1  )   union all select null,null,null,null,null,null,null,null,null--",nearest_attack_euclidean,R000007,0.7223308136035643,71.51056968864825,15.125880807387354,3.053383566388353,50.0,1.0,9.258808073873533,11.251761614774708,0.7011274417365136,0.01402254883473028,0.12753170865190966,0.15731830077684647,0.1258808073873533,0.0,1.7482383852252934,0.0,0.0,0.0,0.0,1.251761614774707,0.0,0.0,8.0,1.7482383852252932,0.1258808073873534,0.0,0.8741191926126466,0.1258808073873534,0.0,0.0,1.0,0.0,0.0,0.0,0.0,1.0,1.0,0.0,0.0,0.0,0.0,0.0,0.0,0.0,0.0,0.0,0.0,0.0,0.0,0.0,0.0,0.0,0.0,0.0,0.0,0.0,0.0,0.0,0.0,0.0,0.0,0.0,0.0,0.0,0.0,0.0,0.0,0.0,0.0,0.0,2.0
SMOTE_000137,attack,union,"-3370""  )   union all select 7845,7845,7845,7845,7845,7845#",nearest_attack_euclidean,R000009,1.495087827213964,66.27365728097399,21.030179029203467,3.814982757179097,13.999999999999998,33.81892582477919,8.0,10.454731456194798,0.2139644521452964,0.5065630370578793,0.12226540122588367,0.15720710957094072,-5.551115123125783e-17,1.0,1.0,0.0,0.0,0.0,0.0,1.0,0.0,0.0,6.454731456194798,1.0,0.0,1.0,0.0,1.0,0.0,0.0,1.0,0.0,0.0,0.0,0.0,1.0,1.0,0.0,0.0,0.0,0.0,0.0,0.0,0.0,0.0,0.0,0.0,0.0,0.0,0.0,0.0,0.0,0.0,0.0,0.0,0.0,0.0,0.0,0.0,0.0,0.0,0.0,0.0,0.0,0.0,0.0,0.0,0.0,0.0,0.0,2.0
SMOTE_000138,attack,union,"1""   )    )     )   union all select null,null,null,null,null,null,null--",nearest_attack_euclidean,R000030,0.8555237156400265,71.0850207578777,16.63832641404077,3.2296216588196547,37.53171510171463,4.032050466693644,18.0,11.521255189469425,0.5201536785525049,0.0638344179902893,0.2543161074238045,0.1616957960334012,-5.551115123125783e-17,0.8404183964898082,2.159581603510192,0.0,0.0,0.0,0.0,3.0,0.0,0.0,5.521255189469425,2.159581603510192,0.0,0.8404183964898082,1.0,0.0,0.0,0.0,1.0,0.0,0.0,0.0,0.0,1.0,1.0,0.0,0.0,0.0,0.0,0.0,0.0,0.0,0.0,0.0,0.0,0.0,0.0,0.0,0.0,0.0,0.0,0.0,0.0,0.0,0.0,0.0,0.0,0.0,0.0,0.0,0.0,0.0,0.0,0.0,0.0,0.0,0.0,0.0,2.0
SMOTE_000139,attack,union,"1""   )    )     )   union all select null,null,null,null,null,null,null--",nearest_attack_euclidean,R000030,0.30827106257124376,72.3099750772785,16.230008307573833,3.1836645045326435,40.38994184698316,2.0925394609757095,18.0,11.827493769319625,0.5554562770231471,0.03176407041858262,0.2493645741318183,0.16341507842645195,-5.551115123125783e-17,0.9424979231065416,2.057502076893458,0.0,0.0,0.0,0.0,3.0,0.0,0.0,5.827493769319625,2.0575020768934587,0.0,0.9424979231065416,1.0,0.0,0.0,0.0,1.0,0.0,0.0,0.0,0.0,1.0,1.0,0.0,0.0,0.0,0.0,0.0,0.0,0.0,0.0,0.0,0.0,0.0,0.0,0.0,0.0,0.0,0.0,0.0,0.0,0.0,0.0,0.0,0.0,0.0,0.0,0.0,0.0,0.0,0.0,0.0,0.0,0.0,0.0,0.0,2.0
SMOTE_000140,attack,union,"-5748' union all select 1224,1224,1224,1224,1224,1224,1224,1224,1224#",nearest_attack_euclidean,R000025,0.22289007787443732,69.0567943641369,20.886411271726185,3.5414456961790544,13.999999999999998,40.0,3.999999999999999,11.056794364136907,0.20273392937931334,0.5792397982266095,0.05792397982266097,0.16010229257141625,1.0,0.0,1.1135887282738128,0.0,0.0,0.0,0.0,0.0,0.0,0.0,8.0,1.1135887282738133,1.0,0.0,0.056794364136906306,0.9432056358630936,0.0,0.0,0.0,0.0,0.0,0.0,0.0,1.0,1.0,0.0,0.0,0.0,0.0,0.0,0.0,0.0,0.0,0.0,0.0,0.0,0.0,0.0,0.0,0.0,0.0,0.0,0.0,0.0,0.0,0.0,0.0,0.0,0.0,0.0,0.0,0.0,0.0,0.0,0.0,0.0,0.0,0.0,2.0
SMOTE_000141,attack,union,"1' union all select null,null,null,null,null,null,null,null,null--",nearest_attack_euclidean,R000023,1.3680085878966237,66.9933086244316,15.9933086244316,3.1765312306343296,41.06022238011559,10.684759088208114,3.999999999999999,11.2483271561079,0.6191145553822617,0.15329021454487096,0.05974605313902026,0.16784917693384713,1.0,0.0,2.2483271561079006,0.0,0.0,0.0,0.0,0.0,0.0,0.0,8.0,2.2483271561079006,1.0,0.0,1.0,0.0,0.0,0.0,0.0,0.0,0.0,0.0,0.0,1.0,1.0,0.0,0.0,0.0,0.0,0.0,0.0,0.0,0.0,0.0,0.0,0.0,0.0,0.0,0.0,0.0,0.0,0.0,0.0,0.0,0.0,0.0,0.0,0.0,0.0,0.0,0.0,0.0,0.0,0.0,0.0,0.0,0.0,0.0,2.0
SMOTE_000142,attack,union,"-3879' union all select 9814,9814,9814,9814,9814,9814,9814,9814,9814--",nearest_attack_euclidean,R000015,1.1014225693435922,69.71948602642611,20.28051397357389,3.66447862842371,13.999999999999998,40.0,3.999999999999999,11.71948602642611,0.20081308398137362,0.5737516685182102,0.057375166851821036,0.1680600806485951,1.0,0.0,2.438972052852219,0.0,0.0,0.0,0.0,0.0,0.0,0.0,8.0,2.438972052852219,1.0,0.0,0.7194860264261096,0.2805139735738904,0.0,0.0,0.0,0.0,0.0,0.0,0.0,1.0,1.0,0.0,0.0,0.0,0.0,0.0,0.0,0.0,0.0,0.0,0.0,0.0,0.0,0.0,0.0,0.0,0.0,0.0,0.0,0.0,0.0,0.0,0.0,0.0,0.0,0.0,0.0,0.0,0.0,0.0,0.0,0.0,0.0,0.0,2.0
SMOTE_000143,attack,union,"1""   )    )     )   union all select null,null,null,null,null,null,null--",nearest_attack_euclidean,R000030,1.2182133392824739,71.54870485220705,17.451295147792944,3.3000340576712355,40.54870485220705,2.658623026049078,17.17068848697546,11.170688486975461,0.5660045351636402,0.03913050561423323,0.23943204072425933,0.15543291849786714,-5.551115123125783e-17,1.0,2.0,0.0,0.0,0.20732787825613472,0.0,2.5853442434877305,0.0,0.0,5.378016365231596,2.2073278782561347,0.0,1.0,1.0,0.0,0.0,0.20732787825613472,1.0,0.0,0.0,0.0,0.0,1.0,1.0,0.20732787825613472,0.0,0.0,0.0,0.0,0.0,0.0,0.0,0.0,0.0,0.0,0.0,0.0,0.0,0.0,0.0,0.0,0.0,0.0,0.0,0.0,0.0,0.0,0.0,0.0,0.0,0.0,0.0,0.0,0.0,0.0,0.0,0.0,2.2073278782561347
SMOTE_000144,attack,union,"1%' union all select null,null,null,null,null,null,null,null,null,null--",nearest_attack_euclidean,R000018,0.0004790032629544014,71.99869755558754,16.000081402775777,3.0359952366779703,53.99869755558753,1.0,4.000325611103115,12.999674388896885,0.7499941855160157,0.013889211915776939,0.05556266214709184,0.1805539404211155,1.0,0.0,1.999837194448442,0.0,0.0,0.0,0.0,8.140277577917132e-05,1.0,0.0,8.999674388896883,1.9998371944484417,1.0,0.0,0.999918597224221,8.14027757790603e-05,0.0,0.0,8.140277577894928e-05,0.0,0.0,0.0,0.0,1.0,1.0,0.0,0.0,0.0,0.0,0.0,0.0,0.0,0.0,0.0,0.0,0.0,0.0,0.0,0.0,0.0,0.0,0.0,0.0,0.0,0.0,0.0,0.0,0.0,0.0,0.0,0.0,0.0,0.0,0.0,0.0,0.0,0.0,0.0,2.0
SMOTE_000145,attack,union,"1""  )   as boeh where 2571  =  2571 union all select null#",nearest_attack_euclidean,R000024,0.5144565038977396,58.23358599927144,22.922138000242853,3.9048054121237192,27.832070003642798,10.167929996357202,15.844276000485706,4.389309998785733,0.4789389672788046,0.17372460876067686,0.2722528637760961,0.07508356018442248,-5.551115123125783e-17,1.0,0.07786199975714658,0.0,0.0,0.9221380002428534,0.0,1.0778619997571468,0.0,0.0,0.3114479990285872,1.0,0.0,1.0,0.0,1.0,0.0,0.9221380002428534,1.0,0.0,0.0,0.0,0.0,1.0,1.0,0.9221380002428534,0.0,0.0,0.0,0.0,0.0,0.0,0.0,0.0,0.0,0.0,0.0,0.0,0.0,0.0,0.0,0.0,0.0,0.0,0.0,0.0,0.0,0.0,0.0,0.0,0.0,0.0,0.0,0.0,0.0,0.0,0.0,0.0,2.922138000242853
SMOTE_000146,attack,union,"1""   )    )     )   union all select null,null,null,null,null,null,null--",nearest_attack_euclidean,R000030,0.3362123692387243,72.63835884785834,16.24109410142777,3.185839652237692,40.3123412900056,2.386291083209688,18.0,11.939726474643058,0.5532590150399423,0.0344634819518399,0.24790626471857488,0.1643712382896428,0.060273525356942914,0.9397264746430569,2.060273525356943,0.0,0.0,0.0,0.0,3.0,0.0,0.0,5.879452949286114,2.060273525356943,0.060273525356942914,0.9397264746430569,1.0,0.0,0.0,0.0,1.0,0.0,0.0,0.0,0.0,1.0,1.0,0.0,0.0,0.0,0.0,0.0,0.0,0.0,0.0,0.0,0.0,0.0,0.0,0.0,0.0,0.0,0.0,0.0,0.0,0.0,0.0,0.0,0.0,0.0,0.0,0.0,0.0,0.0,0.0,0.0,0.0,0.0,0.0,0.0,2.0
SMOTE_000147,attack,union," select * from users where id  =  1 or \.<$ union select 1,@@VERSION -- 1",nearest_attack_euclidean,R000004,0.05072476911339983,73.0,32.744325541873025,4.393119398931526,42.0,3.0,17.0,11.0,0.5753424657534246,0.0410958904109589,0.2328767123287671,0.1506849315068493,-5.551115123125783e-17,0.0,2.0,0.0,1.0,1.0,0.0,0.0,0.0,0.0,1.0,5.0,0.0,0.0,1.0,0.0,0.0,1.0,0.0,0.0,0.0,0.0,0.0,2.0,1.0,1.0,1.0,0.0,1.0,0.0,0.0,0.0,0.0,0.0,0.0,0.0,0.0,0.0,0.0,0.0,0.0,0.0,0.0,0.0,0.0,0.0,0.0,0.0,0.0,0.0,0.0,0.0,0.0,0.0,0.0,0.0,0.0,0.0,6.0
SMOTE_000148,attack,union," select * from users where id  =  1 or \.<$ union select 1,@@VERSION -- 1",nearest_attack_euclidean,R000004,0.08247738013086078,73.0,32.58427884756681,4.388734557991629,42.0,3.0,17.0,11.0,0.5753424657534246,0.0410958904109589,0.2328767123287671,0.1506849315068493,-5.551115123125783e-17,0.0,2.0,0.0,1.0,1.0,0.0,0.0,0.0,0.0,1.0,5.0,0.0,0.0,1.0,0.0,0.0,1.0,0.0,0.0,0.0,0.0,0.0,2.0,1.0,1.0,1.0,0.0,1.0,0.0,0.0,0.0,0.0,0.0,0.0,0.0,0.0,0.0,0.0,0.0,0.0,0.0,0.0,0.0,0.0,0.0,0.0,0.0,0.0,0.0,0.0,0.0,0.0,0.0,0.0,0.0,0.0,0.0,6.0
SMOTE_000149,attack,union,"1'+  (  select vlut where 9517  =  9517 union all select null,null,null--",nearest_attack_euclidean,R000011,2.925064181115262,76.27973721361917,24.53146611234012,3.9062783604896274,30.692254471482595,21.650414966816815,14.531466112340118,9.405601662979645,0.4097714641540828,0.2763634687765505,0.19119879588981864,0.12266627117954808,0.5314661123401179,0.46853388765988196,2.4685338876598824,0.0,0.0,1.0,0.0,1.0,0.0,0.0,3.405601662979646,4.0,0.531466112340118,0.46853388765988196,1.0,0.0,0.0,1.0,1.0,0.0,0.0,0.0,0.0,1.5314661123401179,1.0,1.0,0.0,0.0,0.0,0.0,0.0,0.0,0.0,0.0,0.0,0.0,0.0,0.0,0.0,0.0,0.0,0.0,0.0,0.0,0.0,0.0,0.0,0.0,0.0,0.0,0.0,0.0,0.0,0.0,0.0,0.0,0.0,0.0,3.531466112340118
SMOTE_000150,attack,union,"-3879' union all select 9814,9814,9814,9814,9814,9814,9814,9814,9814--",nearest_attack_euclidean,R000015,0.08554385391283204,70.0,19.66018349049068,3.6914284657960144,13.999999999999998,40.0,3.999999999999999,12.0,0.20000000000000004,0.5714285714285714,0.057142857142857134,0.17142857142857143,1.0,0.0,3.0,0.0,0.0,0.0,0.0,0.0,0.0,0.0,8.0,3.0,1.0,0.0,1.0,0.0,0.0,0.0,0.0,0.0,0.0,0.0,0.0,1.0,1.0,0.0,0.0,0.0,0.0,0.0,0.0,0.0,0.0,0.0,0.0,0.0,0.0,0.0,0.0,0.0,0.0,0.0,0.0,0.0,0.0,0.0,0.0,0.0,0.0,0.0,0.0,0.0,0.0,0.0,0.0,0.0,0.0,0.0,2.0
SMOTE_000151,attack,union,"-4966%"" union all select 4300,4300,4300,4300,4300,4300,4300,4300#",nearest_attack_euclidean,R000017,0.12336820135951304,65.28556325162864,20.96827074981904,3.6389372868790213,13.999999999999998,36.12691700072384,4.12691700072384,11.03172925018096,0.21455345415326385,0.5534239767127689,0.06301608150530875,0.1690064876286585,-5.551115123125783e-17,1.0,1.0,0.0,0.0,0.0,0.0,0.03172925018096051,0.9682707498190398,0.0,7.031729250180961,1.0,0.0,1.0,0.0,1.0,0.0,0.0,0.03172925018096051,0.0,0.0,0.0,0.0,1.0,1.0,0.0,0.0,0.0,0.0,0.0,0.0,0.0,0.0,0.0,0.0,0.0,0.0,0.0,0.0,0.0,0.0,0.0,0.0,0.0,0.0,0.0,0.0,0.0,0.0,0.0,0.0,0.0,0.0,0.0,0.0,0.0,0.0,0.0,2.0
SMOTE_000152,attack,union," select * from users where id  =  1 or \.<$ union select 1,@@VERSION -- 1",nearest_attack_euclidean,R000004,0.13587160373821816,73.05769450713468,32.97115274643266,4.40002766459213,42.057694507134684,2.971152746432656,17.0,11.028847253567344,0.5756691378486165,0.04067964693482734,0.2326975695668877,0.1509536456496684,-5.551115123125783e-17,0.0,2.0,0.0,1.0288472535673445,1.0,0.0,0.0,0.0,0.0,1.0,5.0576945071346895,0.0,0.0,1.0,0.0,0.0,1.0,0.0,0.0,0.0,0.0,0.0,2.0,1.0,1.0,1.0,0.0,0.9711527464326553,0.0,0.0,0.0,0.0,0.0,0.0,0.0,0.0,0.0,0.0,0.0,0.0,0.0,0.0,0.0,0.0,0.0,0.0,0.0,0.0,0.0,0.0,0.0,0.0,0.0,0.0,0.0,0.0,0.0,5.971152746432655
SMOTE_000153,attack,union,"-5575"" union all select 8665,8665,8665,8665,8665,8665,8665--",nearest_attack_euclidean,R000008,0.9967367889100324,58.263913510313465,19.0,3.6610200411625846,13.999999999999998,30.61113080825077,3.999999999999999,9.652782702062693,0.24267667814431465,0.522655224977926,0.06933619375551847,0.16533190312224075,0.21759423402089748,0.7824057659791025,3.0,0.0,0.0,0.0,0.0,0.0,0.0,0.0,5.652782702062693,3.0,0.21759423402089748,0.7824057659791025,1.0,0.0,0.0,0.0,0.0,0.0,0.0,0.0,0.0,1.0,1.0,0.0,0.0,0.0,0.0,0.0,0.0,0.0,0.0,0.0,0.0,0.0,0.0,0.0,0.0,0.0,0.0,0.0,0.0,0.0,0.0,0.0,0.0,0.0,0.0,0.0,0.0,0.0,0.0,0.0,0.0,0.0,0.0,0.0,2.0
SMOTE_000154,attack,union,"-5945'   )    )     )   union all select 4266,4266,4266,4266,4266--",nearest_attack_euclidean,R000014,2.3021015827670097,65.16094551289888,20.45976362177528,3.718995259265439,13.999999999999998,24.0,16.160945512898884,11.0,0.21505490708822925,0.368665555008393,0.24730782519119765,0.16897171271218012,0.5402363782247208,0.45976362177527924,3.0,0.0,0.0,0.0,0.0,2.5402363782247206,0.4597636217752792,0.0,4.0,3.0,0.5402363782247208,0.45976362177527924,1.0,0.0,0.0,0.0,1.0,0.0,0.0,0.0,0.0,1.0,1.0,0.0,0.0,0.0,0.0,0.0,0.0,0.0,0.0,0.0,0.0,0.0,0.0,0.0,0.0,0.0,0.0,0.0,0.0,0.0,0.0,0.0,0.0,0.0,0.0,0.0,0.0,0.0,0.0,0.0,0.0,0.0,0.0,0.0,2.0
SMOTE_000155,attack,union,"-9110""   )    )    union all select 2263,2263,2263,2263,2263#",nearest_attack_euclidean,R000026,1.122943814145397,64.9288587460952,21.39556019290843,3.7471626664527307,13.999999999999998,28.835518456732558,12.18668057872529,9.906659710637355,0.2173229901538917,0.4378985414165709,0.1928186736501794,0.15195979477935795,-5.551115123125783e-17,1.0,1.0,0.0,0.0,0.0,0.0,1.6977800964542151,0.0,0.0,5.2088796141831395,1.0,0.0,1.0,0.0,1.0,0.0,0.0,1.0,0.0,0.0,0.0,0.0,1.0,1.0,0.0,0.0,0.0,0.0,0.0,0.0,0.0,0.0,0.0,0.0,0.0,0.0,0.0,0.0,0.0,0.0,0.0,0.0,0.0,0.0,0.0,0.0,0.0,0.0,0.0,0.0,0.0,0.0,0.0,0.0,0.0,0.0,0.0,2.0
SMOTE_000156,attack,union,"1""  )   where 2088  =  2088 union all select null,null,null,null--",nearest_attack_euclidean,R000022,0.9873329986820322,69.37118414609589,23.240798867578278,3.829742901572555,31.147218118747563,15.501569424613487,14.0,8.722396602734833,0.45979639218257257,0.21188691755864153,0.2031824662792912,0.12513422397949467,-5.551115123125783e-17,1.0,2.2407988675782775,0.0,0.0,1.0,0.0,1.0,0.0,0.0,3.481597735156555,3.2407988675782775,0.0,1.0,1.0,0.0,0.0,1.0,1.0,0.0,0.0,0.0,0.0,1.0,1.0,1.0,0.0,0.0,0.0,0.0,0.0,0.0,0.0,0.0,0.0,0.0,0.0,0.0,0.0,0.0,0.0,0.0,0.0,0.0,0.0,0.0,0.0,0.0,0.0,0.0,0.0,0.0,0.0,0.0,0.0,0.0,0.0,0.0,3.0
SMOTE_000157,attack,union,"-5748' union all select 1224,1224,1224,1224,1224,1224,1224,1224,1224#",nearest_attack_euclidean,R000025,0.772118264337475,69.19674256602056,20.60651486795889,3.556934270125848,13.999999999999998,40.0,3.999999999999999,11.196742566020555,0.20232828241733172,0.5780808069066621,0.057808080690666216,0.16178282998534,1.0,0.0,1.3934851320411101,0.0,0.0,0.0,0.0,0.0,0.0,0.0,8.0,1.3934851320411101,1.0,0.0,0.19674256602055495,0.8032574339794449,0.0,0.0,0.0,0.0,0.0,0.0,0.0,1.0,1.0,0.0,0.0,0.0,0.0,0.0,0.0,0.0,0.0,0.0,0.0,0.0,0.0,0.0,0.0,0.0,0.0,0.0,0.0,0.0,0.0,0.0,0.0,0.0,0.0,0.0,0.0,0.0,0.0,0.0,0.0,0.0,0.0,0.0,2.0
SMOTE_000158,attack,union,"-5945'   )    )     )   union all select 4266,4266,4266,4266,4266--",nearest_attack_euclidean,R000014,0.9980988947765713,66.20265975022559,20.199335062443602,3.664830771028283,13.999999999999998,24.0,17.20265975022559,11.0,0.21159980182346405,0.36274251741165264,0.2594006936178758,0.16625698714700746,0.8006649375563971,0.19933506244360277,3.0,0.0,0.0,0.0,0.0,2.8006649375563972,0.19933506244360277,0.0,4.0,3.0,0.8006649375563972,0.19933506244360277,1.0,0.0,0.0,0.0,1.0,0.0,0.0,0.0,0.0,1.0,1.0,0.0,0.0,0.0,0.0,0.0,0.0,0.0,0.0,0.0,0.0,0.0,0.0,0.0,0.0,0.0,0.0,0.0,0.0,0.0,0.0,0.0,0.0,0.0,0.0,0.0,0.0,0.0,0.0,0.0,0.0,0.0,0.0,0.0,2.0
SMOTE_000159,attack,union,"-6294"" union all select 9921,9921,9921,9921,9921,9921--",nearest_attack_euclidean,R000021,1.3885715489308454,56.18549585150737,19.889121888630527,3.7570754102607613,13.999999999999998,28.0,5.185495851507371,9.0,0.2494308345389512,0.49886166907790247,0.0913591027509633,0.16034839363218295,-5.551115123125783e-17,1.0,2.4072520742463146,0.0,0.0,0.0,0.0,0.2963739628768428,0.0,0.0,5.0,2.4072520742463146,0.0,1.0,0.7036260371231571,0.29637396287684287,0.0,0.0,0.2963739628768428,0.0,0.0,0.0,0.0,1.0,1.0,0.0,0.0,0.0,0.0,0.0,0.0,0.0,0.0,0.0,0.0,0.0,0.0,0.0,0.0,0.0,0.0,0.0,0.0,0.0,0.0,0.0,0.0,0.0,0.0,0.0,0.0,0.0,0.0,0.0,0.0,0.0,0.0,0.0,2.0
SMOTE_000160,attack,union,"1%' union all select null,null,null,null,null,null,null,null,null,null--",nearest_attack_euclidean,R000018,0.26664466070467663,71.48844958860292,15.914741598100488,3.034738126009654,53.65896639240195,1.0,3.999999999999999,12.829483196200975,0.7506458969840872,0.013996538386236795,0.05598615354494703,0.17937141108472898,1.0,0.0,2.0,0.0,0.0,0.0,0.0,0.0,0.9147415981004872,0.0,8.914741598100488,2.0,1.0,0.0,1.0,0.0,0.0,0.0,0.0,0.0,0.0,0.0,0.0,1.0,1.0,0.0,0.0,0.0,0.0,0.0,0.0,0.0,0.0,0.0,0.0,0.0,0.0,0.0,0.0,0.0,0.0,0.0,0.0,0.0,0.0,0.0,0.0,0.0,0.0,0.0,0.0,0.0,0.0,0.0,0.0,0.0,0.0,0.0,2.0
SMOTE_000161,attack,union,"-9156'   )    )    union all select 9110,9110,9110,9110#",nearest_attack_euclidean,R000013,1.3255136579420561,57.364411318220604,20.72711773635588,3.688656429941214,13.999999999999998,20.0,15.091529054576483,8.27288226364412,0.24440815033516147,0.3491545004788021,0.26230206926264477,0.14413527992339165,0.7271177363558792,0.0,1.5457645272882414,0.0,0.0,0.0,0.0,2.272882263644121,0.0,0.0,3.0,1.5457645272882414,0.7271177363558794,0.0,0.2728822636441207,0.7271177363558794,0.0,0.0,1.0,0.0,0.0,0.0,0.0,1.0,1.0,0.0,0.0,0.0,0.0,0.0,0.0,0.0,0.0,0.0,0.0,0.0,0.0,0.0,0.0,0.0,0.0,0.0,0.0,0.0,0.0,0.0,0.0,0.0,0.0,0.0,0.0,0.0,0.0,0.0,0.0,0.0,0.0,0.0,2.0
SMOTE_000162,attack,union,"-3370""  )   union all select 7845,7845,7845,7845,7845,7845#",nearest_attack_euclidean,R000009,1.235840509196747,58.82681853134763,22.173181468652373,3.964579659742969,16.5977220297856,24.709552095604906,9.385451749218987,8.134092656738133,0.28278496210358967,0.4192614420698293,0.1598851855503037,0.1380684102762774,-5.551115123125783e-17,1.0,0.8268185313476264,0.0,0.0,0.17318146865237347,0.0,1.0,0.0,0.0,4.134092656738133,1.0,0.0,1.0,0.0,1.0,0.0,0.17318146865237347,1.0,0.0,0.0,0.0,0.0,1.0,1.0,0.17318146865237347,0.0,0.0,0.0,0.0,0.0,0.0,0.0,0.0,0.0,0.0,0.0,0.0,0.0,0.0,0.0,0.0,0.0,0.0,0.0,0.0,0.0,0.0,0.0,0.0,0.0,0.0,0.0,0.0,0.0,0.0,0.0,0.0,2.1731814686523734
SMOTE_000163,attack,union,"-5748' union all select 1224,1224,1224,1224,1224,1224,1224,1224,1224#",nearest_attack_euclidean,R000025,0.18156209737492376,69.04626362900541,20.90747274198917,3.540280221613445,13.999999999999998,40.0,3.999999999999999,11.046263629005415,0.20276445324925968,0.5793270092835991,0.05793270092835992,0.15997583653878136,1.0,0.0,1.0925272580108305,0.0,0.0,0.0,0.0,0.0,0.0,0.0,8.0,1.0925272580108305,1.0,0.0,0.04626362900541503,0.953736370994585,0.0,0.0,0.0,0.0,0.0,0.0,0.0,1.0,1.0,0.0,0.0,0.0,0.0,0.0,0.0,0.0,0.0,0.0,0.0,0.0,0.0,0.0,0.0,0.0,0.0,0.0,0.0,0.0,0.0,0.0,0.0,0.0,0.0,0.0,0.0,0.0,0.0,0.0,0.0,0.0,0.0,0.0,2.0
SMOTE_000164,attack,union,"-3370""  )   union all select 7845,7845,7845,7845,7845,7845#",nearest_attack_euclidean,R000009,1.2031636871035376,58.83139761740192,22.168602382598078,3.9648576944069402,16.529035738971178,24.796554730636505,9.34881906078463,8.156988087009607,0.28158198186898675,0.42072401981890706,0.15924288242170595,0.1384511158904002,-5.551115123125783e-17,1.0,0.8313976174019213,0.0,0.0,0.16860238259807864,0.0,1.0,0.0,0.0,4.156988087009607,1.0,0.0,1.0,0.0,1.0,0.0,0.16860238259807864,1.0,0.0,0.0,0.0,0.0,1.0,1.0,0.16860238259807864,0.0,0.0,0.0,0.0,0.0,0.0,0.0,0.0,0.0,0.0,0.0,0.0,0.0,0.0,0.0,0.0,0.0,0.0,0.0,0.0,0.0,0.0,0.0,0.0,0.0,0.0,0.0,0.0,0.0,0.0,0.0,0.0,2.1686023825980785
SMOTE_000165,attack,union,"1' union all select null,null,null,null,null,null,null,null,null--",nearest_attack_euclidean,R000023,1.3603495358493574,63.6612789429397,15.46774421141206,3.0889115214969185,47.19353473152764,1.0,4.935488422824118,10.53225578858794,0.7390988487916232,0.015784286000286862,0.07984229440872107,0.16527457079936886,1.0,0.0,1.5322557885879404,0.0,0.0,0.0,0.0,0.2338721057060298,0.23387210570602973,0.0,7.29838368288191,1.5322557885879402,1.0,0.0,0.7661278942939703,0.23387210570602973,0.0,0.0,0.23387210570602984,0.0,0.0,0.0,0.0,1.0,1.0,0.0,0.0,0.0,0.0,0.0,0.0,0.0,0.0,0.0,0.0,0.0,0.0,0.0,0.0,0.0,0.0,0.0,0.0,0.0,0.0,0.0,0.0,0.0,0.0,0.0,0.0,0.0,0.0,0.0,0.0,0.0,0.0,0.0,2.0
SMOTE_000166,attack,union,"-3879' union all select 9814,9814,9814,9814,9814,9814,9814,9814,9814--",nearest_attack_euclidean,R000015,1.927027466844052,69.50921821746162,20.490781782538384,3.62668563261235,13.999999999999998,40.0,3.999999999999999,11.509218217461616,0.20142255589141564,0.575493016832616,0.0575493016832616,0.16553512559270678,1.0,0.0,2.018436434923233,0.0,0.0,0.0,0.0,0.0,0.0,0.0,8.0,2.018436434923233,1.0,0.0,0.5092182174616164,0.49078178253838356,0.0,0.0,0.0,0.0,0.0,0.0,0.0,1.0,1.0,0.0,0.0,0.0,0.0,0.0,0.0,0.0,0.0,0.0,0.0,0.0,0.0,0.0,0.0,0.0,0.0,0.0,0.0,0.0,0.0,0.0,0.0,0.0,0.0,0.0,0.0,0.0,0.0,0.0,0.0,0.0,0.0,0.0,2.0
SMOTE_000167,attack,union,"1'+  (  select vlut where 9517  =  9517 union all select null,null,null--",nearest_attack_euclidean,R000011,0.949144434574636,71.63410000474963,24.609742858499896,3.9801435862539223,39.829228575499684,9.0,14.804871429249948,8.0,0.5555283490694773,0.12583916562001934,0.20677544920381935,0.11185703610668388,0.804871429249947,0.19512857075005283,2.0,0.0,0.0,1.0,0.0,1.0,0.0,0.0,2.195128570750053,3.804871429249947,0.8048714292499473,0.19512857075005283,1.0,0.0,0.0,1.0,1.0,0.0,0.0,0.0,0.0,1.804871429249947,1.0,1.0,0.0,0.0,0.0,0.0,0.0,0.0,0.0,0.0,0.0,0.0,0.0,0.0,0.0,0.0,0.0,0.0,0.0,0.0,0.0,0.0,0.0,0.0,0.0,0.0,0.0,0.0,0.0,0.0,0.0,0.0,0.0,0.0,3.804871429249947
SMOTE_000168,attack,union,"1""   )    )     )   union all select null,null,null,null,null,null,null--",nearest_attack_euclidean,R000030,0.37816879552935206,72.15351803787772,16.28216065404076,3.1895343726453973,40.024875421714675,2.3402631066936124,18.0,11.78837950946943,0.5509472598684723,0.035860248989615096,0.2499970077067597,0.16319548343515286,-5.551115123125783e-17,0.9294598364898099,2.07054016351019,0.0,0.0,0.0,0.0,3.0,0.0,0.0,5.788379509469429,2.07054016351019,0.0,0.9294598364898099,1.0,0.0,0.0,0.0,1.0,0.0,0.0,0.0,0.0,1.0,1.0,0.0,0.0,0.0,0.0,0.0,0.0,0.0,0.0,0.0,0.0,0.0,0.0,0.0,0.0,0.0,0.0,0.0,0.0,0.0,0.0,0.0,0.0,0.0,0.0,0.0,0.0,0.0,0.0,0.0,0.0,0.0,0.0,0.0,2.0
SMOTE_000169,attack,union," select * from users where id  =  1 + \+*$ union select null,@@VERSION -- 1",nearest_attack_euclidean,R000003,0.13793577691357253,74.89386551569231,32.0,4.394953372227387,44.0,2.0,17.0,11.893865515692314,0.5875196195999156,0.026705437254541636,0.22699621666360376,0.15877872648193897,-5.551115123125783e-17,0.0,2.0,0.0,1.9469327578461573,1.0,0.0,0.0,0.0,0.0,1.0,6.893865515692315,0.0,0.0,1.0,0.0,0.0,1.0,0.0,0.0,0.0,0.0,0.0,2.0,1.0,1.0,1.0,0.0,0.0,0.0,0.0,0.0,0.0,0.0,0.0,0.0,0.0,0.0,0.0,0.0,0.0,0.0,0.0,0.0,0.0,0.0,0.0,0.0,0.0,0.0,0.0,0.0,0.0,0.0,0.0,0.0,0.0,0.0,5.0
SMOTE_000170,attack,union,"-6294"" union all select 9921,9921,9921,9921,9921,9921--",nearest_attack_euclidean,R000021,1.2657967086811033,57.48418834242765,19.49683766848553,3.6586599616104687,13.999999999999998,29.987350673942117,3.999999999999999,9.49683766848553,0.24481716453315044,0.5202089548192566,0.06994776129518585,0.16502611935240707,-5.551115123125783e-17,1.0,2.5031623315144707,0.0,0.0,0.0,0.0,0.0,0.24841883424276476,0.0,5.496837668485529,2.50316233151447,0.0,1.0,0.7515811657572353,0.24841883424276473,0.0,0.0,0.0,0.0,0.0,0.0,0.0,1.0,1.0,0.0,0.0,0.0,0.0,0.0,0.0,0.0,0.0,0.0,0.0,0.0,0.0,0.0,0.0,0.0,0.0,0.0,0.0,0.0,0.0,0.0,0.0,0.0,0.0,0.0,0.0,0.0,0.0,0.0,0.0,0.0,0.0,0.0,2.0
SMOTE_000171,attack,union,"-9110""   )    )    union all select 2263,2263,2263,2263,2263#",nearest_attack_euclidean,R000026,1.020074902217597,59.73841460104838,21.747682920209677,3.7731536934055807,13.999999999999998,22.990731680838703,14.0,8.747682920209677,0.23467862868422795,0.3842835720450819,0.23467862868422795,0.14635917058646217,0.2523170797903238,0.7476829202096761,1.0,0.0,0.0,0.0,0.0,2.0,0.0,0.0,3.747682920209676,1.0,0.25231707979032386,0.7476829202096761,0.0,1.0,0.0,0.0,1.0,0.0,0.0,0.0,0.0,1.0,1.0,0.0,0.0,0.0,0.0,0.0,0.0,0.0,0.0,0.0,0.0,0.0,0.0,0.0,0.0,0.0,0.0,0.0,0.0,0.0,0.0,0.0,0.0,0.0,0.0,0.0,0.0,0.0,0.0,0.0,0.0,0.0,0.0,0.0,2.0
SMOTE_000172,attack,union,"-3879' union all select 9814,9814,9814,9814,9814,9814,9814,9814,9814--",nearest_attack_euclidean,R000015,1.14130879465408,69.35763359496633,20.0,3.6952999929873362,13.999999999999998,36.574045839820414,6.9977098901571315,11.785877864988777,0.20191751165681696,0.5257735319805492,0.10243265627529509,0.16987630008733867,1.0,0.0,3.0,0.0,0.0,0.0,0.0,0.642366405033671,0.0,0.0,7.143511459955104,3.0,1.0,0.0,1.0,0.0,0.0,0.0,0.21412213501122374,0.0,0.0,0.0,0.0,1.0,1.0,0.0,0.0,0.0,0.0,0.0,0.0,0.0,0.0,0.0,0.0,0.0,0.0,0.0,0.0,0.0,0.0,0.0,0.0,0.0,0.0,0.0,0.0,0.0,0.0,0.0,0.0,0.0,0.0,0.0,0.0,0.0,0.0,0.0,2.0
SMOTE_000173,attack,union,"1""  )   where 2088  =  2088 union all select null,null,null,null--",nearest_attack_euclidean,R000022,1.0110677344232302,67.45501291830827,23.415717976659504,3.8791029594961057,36.247153929978516,9.0,14.207858988329752,8.0,0.536817498388915,0.13364567948012154,0.2107406625930776,0.11879615953788582,0.20785898832975266,0.7921410116702473,2.0,0.0,0.0,1.0,0.0,1.0,0.0,0.0,2.7921410116702474,3.2078589883297526,0.20785898832975266,0.7921410116702473,1.0,0.0,0.0,1.0,1.0,0.0,0.0,0.0,0.0,1.2078589883297528,1.0,1.0,0.0,0.0,0.0,0.0,0.0,0.0,0.0,0.0,0.0,0.0,0.0,0.0,0.0,0.0,0.0,0.0,0.0,0.0,0.0,0.0,0.0,0.0,0.0,0.0,0.0,0.0,0.0,0.0,0.0,0.0,0.0,0.0,3.2078589883297526
SMOTE_000174,attack,union,"-4330' union all select 3059,3059,3059,3059,3059,3059,3059,3059,3059--",nearest_attack_euclidean,R000031,0.01800483006386218,69.98692672462587,18.986926724625867,3.643793121839329,14.117659478367186,39.87253556510221,3.999999999999999,11.996731681156467,0.20182233535518204,0.569610480643316,0.05715417599599491,0.171413008005507,1.0,0.0,2.996731681156467,0.0,0.0,0.0,0.0,0.0,0.0,0.0,8.0,2.996731681156467,1.0,0.0,1.0,0.0,0.0,0.0,0.0,0.0,0.0,0.0,0.0,1.0,1.0,0.0,0.0,0.0,0.0,0.0,0.0,0.0,0.0,0.0,0.0,0.0,0.0,0.0,0.0,0.0,0.0,0.0,0.0,0.0,0.0,0.0,0.0,0.0,0.0,0.0,0.0,0.0,0.0,0.0,0.0,0.0,0.0,0.0,2.0
SMOTE_000175,attack,union,"1%' union all select null,null,null,null,null,null,null,null,null,null--",nearest_attack_euclidean,R000018,1.5920867139906754,71.3255799827725,15.66278999138625,3.040886628954626,52.651159965545,1.0,5.348840034455001,12.3255799827725,0.7379567854066518,0.014022702384370561,0.07535995288683929,0.1726605593221384,0.6627899913862497,0.0,2.0,0.0,0.0,0.0,0.0,0.3372100086137503,0.6627899913862498,0.0,8.66278999138625,2.0,0.6627899913862498,0.0,1.0,0.0,0.0,0.0,0.3372100086137501,0.0,0.0,0.0,0.0,1.0,1.0,0.0,0.0,0.0,0.0,0.0,0.0,0.0,0.0,0.0,0.0,0.0,0.0,0.0,0.0,0.0,0.0,0.0,0.0,0.0,0.0,0.0,0.0,0.0,0.0,0.0,0.0,0.0,0.0,0.0,0.0,0.0,0.0,0.0,2.0
SMOTE_000176,attack,union,"-5575"" union all select 8665,8665,8665,8665,8665,8665,8665--",nearest_attack_euclidean,R000008,1.975302922239075,62.04461143640273,19.22676686184164,3.5687546474789587,13.999999999999998,33.635689149122186,3.999999999999999,10.408922287280546,0.22599370253599022,0.5417214828160113,0.0645696292959972,0.1677151853520014,-5.551115123125783e-17,1.0,2.1821554254389075,0.0,0.0,0.0,0.0,0.0,0.40892228728054625,0.0,6.4089222872805465,2.1821554254389075,0.0,1.0,0.5910777127194538,0.4089222872805463,0.0,0.0,0.0,0.0,0.0,0.0,0.0,1.0,1.0,0.0,0.0,0.0,0.0,0.0,0.0,0.0,0.0,0.0,0.0,0.0,0.0,0.0,0.0,0.0,0.0,0.0,0.0,0.0,0.0,0.0,0.0,0.0,0.0,0.0,0.0,0.0,0.0,0.0,0.0,0.0,0.0,0.0,2.0
SMOTE_000177,attack,union,"1%' union all select null,null,null,null,null,null,null#",nearest_attack_euclidean,R000016,0.4097081551282521,56.86257045983394,16.3317578691669,3.196995000022174,40.14215593266536,3.5877113795018136,3.999999999999999,9.13270314766676,0.7136989577940567,0.05513697380752269,0.0705356413459276,0.16062842705249306,1.0,0.0,0.06635157383337997,0.0,0.0,0.0,0.0,0.0,0.9336484261666201,0.0,6.13270314766676,0.06635157383337997,1.0,0.0,0.0,1.0,0.0,0.0,0.0,0.0,0.0,0.0,0.0,1.0,1.0,0.0,0.0,0.0,0.0,0.0,0.0,0.0,0.0,0.0,0.0,0.0,0.0,0.0,0.0,0.0,0.0,0.0,0.0,0.0,0.0,0.0,0.0,0.0,0.0,0.0,0.0,0.0,0.0,0.0,0.0,0.0,0.0,0.0,2.0
SMOTE_000178,attack,union," select * from users where id  =  1 or \<\. union select 1,@@VERSION -- 1",nearest_attack_euclidean,R000002,0.028238832108486087,73.0,32.14233575083044,4.376626527944057,42.0,3.0,17.0,11.0,0.5753424657534246,0.0410958904109589,0.2328767123287671,0.1506849315068493,-5.551115123125783e-17,0.0,2.0,0.0,1.0,1.0,0.0,0.0,0.0,0.0,1.0,5.0,0.0,0.0,1.0,0.0,0.0,1.0,0.0,0.0,0.0,0.0,0.0,2.0,1.0,1.0,1.0,0.0,1.0,0.0,0.0,0.0,0.0,0.0,0.0,0.0,0.0,0.0,0.0,0.0,0.0,0.0,0.0,0.0,0.0,0.0,0.0,0.0,0.0,0.0,0.0,0.0,0.0,0.0,0.0,0.0,0.0,0.0,6.0
SMOTE_000179,attack,union,"1""  )   as boeh where 2571  =  2571 union all select null#",nearest_attack_euclidean,R000024,1.6730010430116575,57.54010312220318,22.540103122203178,3.86943429978865,25.550773416523825,11.52943282788253,15.540103122203178,4.919793755593647,0.4425128902753971,0.20161520194499943,0.2699151265802135,0.08595678119939003,0.22994843889841174,0.7700515611015882,0.22994843889841188,0.0,0.0,0.7700515611015883,0.0,1.2299484388984117,0.0,0.0,0.6898453166952354,1.0,0.22994843889841174,0.7700515611015882,0.0,1.0,0.0,0.7700515611015883,1.0,0.0,0.0,0.0,0.0,1.0,1.0,0.7700515611015883,0.0,0.0,0.0,0.0,0.0,0.0,0.0,0.0,0.0,0.0,0.0,0.0,0.0,0.0,0.0,0.0,0.0,0.0,0.0,0.0,0.0,0.0,0.0,0.0,0.0,0.0,0.0,0.0,0.0,0.0,0.0,0.0,2.7700515611015883
SMOTE_000180,attack,union,"1""   )    )     )   union all select null,null,null,null,null,null,null--",nearest_attack_euclidean,R000030,0.08114282720125505,73.1279328383507,16.0,3.156572847910841,42.113718078533964,1.0,18.0,12.014214759816745,0.5758316472639908,0.013677258129243142,0.24619064632637608,0.1643004482803899,0.01421475981674497,0.985785240183255,1.97157048036651,0.0,0.0,0.0,0.0,3.0,0.0,0.0,6.02842951963349,1.97157048036651,0.01421475981674497,0.985785240183255,0.985785240183255,0.014214759816745026,0.0,0.0,1.0,0.0,0.0,0.0,0.0,1.0,1.0,0.0,0.0,0.0,0.0,0.0,0.0,0.0,0.0,0.0,0.0,0.0,0.0,0.0,0.0,0.0,0.0,0.0,0.0,0.0,0.0,0.0,0.0,0.0,0.0,0.0,0.0,0.0,0.0,0.0,0.0,0.0,0.0,0.0,2.0
SMOTE_000181,attack,union,"-9156'   )    )    union all select 9110,9110,9110,9110#",nearest_attack_euclidean,R000013,0.14881299978086882,56.09724597997027,21.032415326656754,3.7272351607505025,13.999999999999998,20.25932261325404,13.80550804005947,8.032415326656755,0.24958794076283786,0.36094949961949785,0.24629146686554076,0.14317109275212353,0.9675846733432449,0.03241532665675495,1.0,0.0,0.0,0.0,0.0,1.9675846733432452,0.0,0.0,3.06483065331351,1.0,0.967584673343245,0.03241532665675495,0.0,1.0,0.0,0.0,1.0,0.0,0.0,0.0,0.0,1.0,1.0,0.0,0.0,0.0,0.0,0.0,0.0,0.0,0.0,0.0,0.0,0.0,0.0,0.0,0.0,0.0,0.0,0.0,0.0,0.0,0.0,0.0,0.0,0.0,0.0,0.0,0.0,0.0,0.0,0.0,0.0,0.0,0.0,0.0,2.0
SMOTE_000182,attack,union," select * from users where id  =  1 *$ . union select null,@@VERSION -- 1",nearest_attack_euclidean,R000005,2.117440158005934,75.1800327718976,30.065700240615314,4.239725762313187,42.754266987487085,2.311433253128227,18.868599518769365,11.245733012512911,0.570743158925182,0.0305435893723571,0.24988822050477819,0.14882503119768262,0.9342997593846835,0.0,2.0,0.0,1.6885667468717722,1.0,0.0,0.6228665062564556,0.0,0.0,1.0,5.0,0.3114332531282278,0.0,1.0,0.0,0.0,1.0,0.3114332531282278,0.0,0.0,0.0,0.0,2.0,1.0,1.0,1.0,0.0,0.0,0.0,0.0,0.0,0.0,0.0,0.0,0.0,0.0,0.0,0.0,0.0,0.0,0.0,0.0,0.0,0.0,0.0,0.0,0.0,0.0,0.0,0.0,0.0,0.0,0.0,0.0,0.0,0.0,0.0,5.0
SMOTE_000183,attack,union,"1%'  )   union all select null,null,null,null,null,null#",nearest_attack_euclidean,R000010,0.26505709601371646,56.0,16.89624316095326,3.295579649334637,38.415027356186954,1.0,7.584972643813048,9.0,0.6859826313604813,0.01785714285714285,0.13544594006809013,0.16071428571428573,1.0,0.0,0.0,0.0,0.0,0.0,0.0,0.896243160953262,1.0,0.0,5.103756839046738,0.0,1.0,0.0,0.0,1.0,0.0,0.0,0.896243160953262,0.0,0.0,0.0,0.0,1.0,1.0,0.0,0.0,0.0,0.0,0.0,0.0,0.0,0.0,0.0,0.0,0.0,0.0,0.0,0.0,0.0,0.0,0.0,0.0,0.0,0.0,0.0,0.0,0.0,0.0,0.0,0.0,0.0,0.0,0.0,0.0,0.0,0.0,0.0,2.0
SMOTE_000184,attack,union,"-4542 union all select 1249,1249,1249,1249,1249,1249,1249,1249,1249--",nearest_attack_euclidean,R000012,0.6778959127424394,69.25067008904117,18.50134017808232,3.6206210023860224,13.999999999999998,40.0,3.999999999999999,11.25067008904116,0.20217197075640242,0.5776342021611498,0.05776342021611498,0.16243040686633275,0.2506700890411603,0.0,3.0,0.0,0.0,0.0,0.0,0.0,0.0,0.0,8.0,3.0,0.2506700890411602,0.0,1.0,0.0,0.0,0.0,0.0,0.0,0.0,0.0,0.0,1.0,1.0,0.0,0.0,0.0,0.0,0.0,0.0,0.0,0.0,0.0,0.0,0.0,0.0,0.0,0.0,0.0,0.0,0.0,0.0,0.0,0.0,0.0,0.0,0.0,0.0,0.0,0.0,0.0,0.0,0.0,0.0,0.0,0.0,0.0,2.0
SMOTE_000185,attack,union,"-5575"" union all select 8665,8665,8665,8665,8665,8665,8665--",nearest_attack_euclidean,R000008,2.51572185636065,68.47075500057946,20.54122650017384,3.632444550342304,16.117688750144865,33.694151000115895,8.23537750028973,10.423537750028974,0.23509807395845403,0.49803852083091893,0.1125499229198054,0.15431348229082162,-5.551115123125783e-17,1.0,3.0,0.0,0.0,0.42353775002897287,0.0,0.42353775002897287,0.0,0.0,5.576462249971027,3.4235377500289728,0.0,1.0,1.0,0.0,0.0,0.42353775002897287,0.42353775002897287,0.0,0.0,0.0,0.0,1.0,1.0,0.42353775002897287,0.0,0.0,0.0,0.0,0.0,0.0,0.0,0.0,0.0,0.0,0.0,0.0,0.0,0.0,0.0,0.0,0.0,0.0,0.0,0.0,0.0,0.0,0.0,0.0,0.0,0.0,0.0,0.0,0.0,0.0,0.0,0.0,2.4235377500289728
SMOTE_000186,attack,union,"1' union all select null,null,null,null,null,null,null,null,null--",nearest_attack_euclidean,R000023,0.9710383186568315,66.70506921163296,15.705069211632956,3.1315410920674323,43.65437709530339,7.874424813421333,3.999999999999999,11.17626730290824,0.6592933826208605,0.1132049715312067,0.05999561107217927,0.16750603477575352,1.0,0.0,2.1762673029082396,0.0,0.0,0.0,0.0,0.0,0.0,0.0,8.0,2.176267302908239,1.0,0.0,1.0,0.0,0.0,0.0,0.0,0.0,0.0,0.0,0.0,1.0,1.0,0.0,0.0,0.0,0.0,0.0,0.0,0.0,0.0,0.0,0.0,0.0,0.0,0.0,0.0,0.0,0.0,0.0,0.0,0.0,0.0,0.0,0.0,0.0,0.0,0.0,0.0,0.0,0.0,0.0,0.0,0.0,0.0,0.0,2.0
SMOTE_000187,attack,union," select * from users where id  =  1 *$ . union select null,@@VERSION -- 1",nearest_attack_euclidean,R000005,1.0839418599925326,73.0,31.471582064388436,4.350347087235539,43.528417935611564,2.235791032194218,17.0,10.235791032194218,0.5962796977481035,0.030627274413619426,0.2328767123287671,0.14021631550950983,-5.551115123125783e-17,0.0,2.0,0.0,1.7642089678057815,1.0,0.0,0.0,0.0,0.0,1.0,5.0,0.0,0.0,1.0,0.0,0.0,1.0,0.0,0.0,0.0,0.0,0.0,2.0,1.0,1.0,1.0,0.0,0.2357910321942184,0.0,0.0,0.0,0.0,0.0,0.0,0.0,0.0,0.0,0.0,0.0,0.0,0.0,0.0,0.0,0.0,0.0,0.0,0.0,0.0,0.0,0.0,0.0,0.0,0.0,0.0,0.0,0.0,0.0,5.235791032194218
SMOTE_000188,attack,union," select * from users where id  =  '1'<@$$ union select 1,version  (    )   -- 1'",nearest_attack_euclidean,R000006,0.15346731966713553,79.83749265747949,27.93035399606264,4.028733117178205,40.02321533464578,3.1392920078747224,22.814277322833703,13.860707992125278,0.5014310822726855,0.03949158949615403,0.2855958655316212,0.17348146269953926,2.953569330708426,0.0,2.0,0.0,0.9767846653542128,1.0,0.0,1.9767846653542125,0.0,0.0,1.023215334645787,4.976784665354213,1.0,0.0,1.0,0.0,0.0,1.0,1.0,0.0,0.0,0.0,0.0,2.0,1.0,1.0,0.9767846653542127,0.0,0.0,0.0,0.0,0.0,0.0,0.0,0.0,0.0,0.0,0.0,0.0,0.0,0.0,0.0,0.0,0.0,0.0,0.0,0.0,0.0,0.0,0.0,0.0,0.0,0.0,0.0,0.0,0.0,0.0,0.0,4.976784665354213
SMOTE_000189,attack,union,"1""  )   where 2088  =  2088 union all select null,null,null,null--",nearest_attack_euclidean,R000022,0.9952302535333433,67.18564851599837,21.81435148400163,3.7277055707957785,36.185648515998366,7.644973124573294,14.677513437713355,8.677513437713353,0.5379317359891966,0.11558683884969947,0.21795699619450065,0.12852442896660324,-5.551115123125783e-17,1.0,2.0,0.0,0.0,0.8306216405716618,0.0,1.3387567188566767,0.0,0.0,3.508135078285015,2.8306216405716618,0.0,1.0,1.0,0.0,0.0,0.8306216405716618,1.0,0.0,0.0,0.0,0.0,1.0,1.0,0.8306216405716618,0.0,0.0,0.0,0.0,0.0,0.0,0.0,0.0,0.0,0.0,0.0,0.0,0.0,0.0,0.0,0.0,0.0,0.0,0.0,0.0,0.0,0.0,0.0,0.0,0.0,0.0,0.0,0.0,0.0,0.0,0.0,0.0,2.8306216405716618
SMOTE_000190,attack,union," select * from users where id  =  '1'<@$$ union select 1,version  (    )   -- 1'",nearest_attack_euclidean,R000006,0.569566727265519,79.55947185669271,28.352422514645827,4.0614973325467245,40.35242251464582,2.911894371338544,22.471366228031258,13.823788742677086,0.5076358211506596,0.03654552235616754,0.28214024092309464,0.17367841557007813,2.7356831140156292,0.0,2.0,0.0,1.0881056286614568,1.0,0.0,1.823788742677086,0.0,0.0,1.0,5.1762112573229135,0.9118943713385431,0.0,1.0,0.0,0.0,1.0,0.911894371338543,0.0,0.0,0.0,0.0,2.0,1.0,1.0,1.0,0.0,0.0,0.0,0.0,0.0,0.0,0.0,0.0,0.0,0.0,0.0,0.0,0.0,0.0,0.0,0.0,0.0,0.0,0.0,0.0,0.0,0.0,0.0,0.0,0.0,0.0,0.0,0.0,0.0,0.0,0.0,5.0
SMOTE_000191,attack,union,"1%'  )   union all select null,null,null,null,null,null#",nearest_attack_euclidean,R000010,0.5991105221687196,56.0,16.765477646308135,3.2776893286599655,38.93808941476746,1.0,7.061910585232538,9.0,0.6953230252637047,0.01785714285714285,0.12610554616486674,0.16071428571428573,1.0,0.0,0.0,0.0,0.0,0.0,0.0,0.7654776463081345,1.0,0.0,5.234522353691865,0.0,1.0,0.0,0.0,1.0,0.0,0.0,0.7654776463081345,0.0,0.0,0.0,0.0,1.0,1.0,0.0,0.0,0.0,0.0,0.0,0.0,0.0,0.0,0.0,0.0,0.0,0.0,0.0,0.0,0.0,0.0,0.0,0.0,0.0,0.0,0.0,0.0,0.0,0.0,0.0,0.0,0.0,0.0,0.0,0.0,0.0,0.0,0.0,2.0
SMOTE_000192,attack,union,"-9156'   )    )    union all select 9110,9110,9110,9110#",nearest_attack_euclidean,R000013,0.09049077083197381,56.0,20.928868866216618,3.7116555951476102,14.426786802700287,19.662127114528936,13.893303299324929,8.017782783445845,0.25762119290536234,0.35110941275944535,0.24809470177365944,0.14317469256153295,1.0,0.0,0.9822172165541548,0.0,0.0,0.0,0.0,1.9822172165541545,0.017782783445845135,0.0,3.0355655668916905,0.9822172165541547,1.0,0.0,0.0,1.0,0.0,0.0,1.0,0.0,0.0,0.0,0.0,1.0,1.0,0.0,0.0,0.0,0.0,0.0,0.0,0.0,0.0,0.0,0.0,0.0,0.0,0.0,0.0,0.0,0.0,0.0,0.0,0.0,0.0,0.0,0.0,0.0,0.0,0.0,0.0,0.0,0.0,0.0,0.0,0.0,0.0,0.0,2.0
SMOTE_000193,attack,union,"-3378%""   )    )    union all select 9357,9357,9357,9357,9357--",nearest_attack_euclidean,R000028,2.154236660361867,64.7209312682694,20.56976718293265,3.741874034963635,13.999999999999998,24.0,15.720931268269396,11.0,0.21651432415167693,0.37116741283144616,0.24219986546913064,0.1701183975477462,0.4302328170673493,0.5697671829326507,3.0,0.0,0.0,0.0,0.0,2.430232817067349,0.5697671829326507,0.0,4.0,3.0,0.4302328170673492,0.5697671829326507,1.0,0.0,0.0,0.0,1.0,0.0,0.0,0.0,0.0,1.0,1.0,0.0,0.0,0.0,0.0,0.0,0.0,0.0,0.0,0.0,0.0,0.0,0.0,0.0,0.0,0.0,0.0,0.0,0.0,0.0,0.0,0.0,0.0,0.0,0.0,0.0,0.0,0.0,0.0,0.0,0.0,0.0,0.0,0.0,2.0
SMOTE_000194,attack,union,"-8812""  )   where 1646  =  1646 union all select 1646,1646,1646,1646,1646,1646--",nearest_attack_euclidean,R000019,1.7892779341225848,73.89062716173244,23.563616225838032,3.8107314136795662,25.982140386591503,24.21763809762684,14.0,9.690848677514094,0.36527449144969765,0.31313417992192794,0.19119909464692156,0.13039223398145278,-5.551115123125783e-17,1.0,2.5636162258380315,0.0,0.0,1.0,0.0,1.0,0.0,0.0,4.127232451676062,3.5636162258380315,0.0,1.0,1.0,0.0,0.0,1.0,1.0,0.0,0.0,0.0,0.0,1.0,1.0,1.0,0.0,0.0,0.0,0.0,0.0,0.0,0.0,0.0,0.0,0.0,0.0,0.0,0.0,0.0,0.0,0.0,0.0,0.0,0.0,0.0,0.0,0.0,0.0,0.0,0.0,0.0,0.0,0.0,0.0,0.0,0.0,0.0,3.0
SMOTE_000195,attack,union,"-5748' union all select 1224,1224,1224,1224,1224,1224,1224,1224,1224#",nearest_attack_euclidean,R000025,2.2262245476188016,67.15839209826096,21.0,3.582849253469138,13.999999999999998,38.15839209826096,3.999999999999999,11.0,0.20864715955949756,0.5678023123410407,0.05961347415985645,0.16393705393960523,0.539598024565241,0.46040197543475897,1.0,0.0,0.0,0.0,0.0,0.0,0.46040197543475914,0.0,7.539598024565241,1.0,0.539598024565241,0.46040197543475897,0.0,1.0,0.0,0.0,0.0,0.0,0.0,0.0,0.0,1.0,1.0,0.0,0.0,0.0,0.0,0.0,0.0,0.0,0.0,0.0,0.0,0.0,0.0,0.0,0.0,0.0,0.0,0.0,0.0,0.0,0.0,0.0,0.0,0.0,0.0,0.0,0.0,0.0,0.0,0.0,0.0,0.0,0.0,0.0,2.0
SMOTE_000196,attack,union,"-4330' union all select 3059,3059,3059,3059,3059,3059,3059,3059,3059--",nearest_attack_euclidean,R000031,0.8764499543938326,69.50659940908402,19.164466863638662,3.6421395806385246,13.999999999999998,37.36853018178142,6.302536090941256,11.835533136361338,0.20147283758482387,0.5363610098851468,0.0919298781939343,0.170236274336095,1.0,0.0,3.0,0.0,0.0,0.0,0.0,0.49340059091598365,0.0,0.0,7.342132545445354,3.0,1.0,0.0,1.0,0.0,0.0,0.0,0.1644668636386613,0.0,0.0,0.0,0.0,1.0,1.0,0.0,0.0,0.0,0.0,0.0,0.0,0.0,0.0,0.0,0.0,0.0,0.0,0.0,0.0,0.0,0.0,0.0,0.0,0.0,0.0,0.0,0.0,0.0,0.0,0.0,0.0,0.0,0.0,0.0,0.0,0.0,0.0,0.0,2.0
SMOTE_000197,attack,union,"1""  )   where 2088  =  2088 union all select null,null,null,null--",nearest_attack_euclidean,R000022,0.19239860461755598,65.83836281028904,22.967672562057807,3.8422278279120943,34.321123803213965,9.484911569132883,14.0,8.032327437942193,0.5205791039870853,0.1446743413487752,0.2126832887868737,0.12206326587726588,-5.551115123125783e-17,1.0,1.9676725620578077,0.0,0.0,0.9676725620578079,0.0,1.0323274379421923,0.0,0.0,3.0323274379421923,2.935345124115616,0.0,1.0,0.9676725620578078,0.03232743794219217,0.0,0.9676725620578079,1.0,0.0,0.0,0.0,0.0,1.0,1.0,0.9676725620578079,0.0,0.0,0.0,0.0,0.0,0.0,0.0,0.0,0.0,0.0,0.0,0.0,0.0,0.0,0.0,0.0,0.0,0.0,0.0,0.0,0.0,0.0,0.0,0.0,0.0,0.0,0.0,0.0,0.0,0.0,0.0,0.0,2.9676725620578077
SMOTE_000198,attack,union," select * from users where id  =  '1'<@$$ union select 1,version  (    )   -- 1'",nearest_attack_euclidean,R000006,2.514833467063838,78.05491636898904,29.556066904808766,4.172134949514723,41.556066904808766,2.6109832737978085,20.665899642786847,13.221966547595615,0.5337147829375233,0.033285652132809596,0.26383481582269996,0.1691647491069671,1.8329498213934234,0.0,2.0,0.0,1.3890167262021922,1.0,0.0,1.2219665475956156,0.0,0.0,1.0,5.778033452404385,0.6109832737978078,0.0,1.0,0.0,0.0,1.0,0.6109832737978078,0.0,0.0,0.0,0.0,2.0,1.0,1.0,1.0,0.0,0.0,0.0,0.0,0.0,0.0,0.0,0.0,0.0,0.0,0.0,0.0,0.0,0.0,0.0,0.0,0.0,0.0,0.0,0.0,0.0,0.0,0.0,0.0,0.0,0.0,0.0,0.0,0.0,0.0,0.0,5.0
SMOTE_000199,attack,union,"-5748' union all select 1224,1224,1224,1224,1224,1224,1224,1224,1224#",nearest_attack_euclidean,R000025,0.5081675674847497,69.12948559283357,20.741028814332836,3.549490697513818,13.999999999999998,40.0,3.999999999999999,11.129485592833582,0.20252323016569976,0.5786378004734279,0.057863780047342814,0.16097518931352953,1.0,0.0,1.2589711856671628,0.0,0.0,0.0,0.0,0.0,0.0,0.0,8.0,1.2589711856671628,1.0,0.0,0.1294855928335814,0.8705144071664186,0.0,0.0,0.0,0.0,0.0,0.0,0.0,1.0,1.0,0.0,0.0,0.0,0.0,0.0,0.0,0.0,0.0,0.0,0.0,0.0,0.0,0.0,0.0,0.0,0.0,0.0,0.0,0.0,0.0,0.0,0.0,0.0,0.0,0.0,0.0,0.0,0.0,0.0,0.0,0.0,0.0,0.0,2.0
SMOTE_000200,attack,union,"1' union all select null,null,null,null,null,null,null,null,null--",nearest_attack_euclidean,R000023,1.3981254720129301,63.254814592923196,15.27451854070768,3.0630717954028737,47.80385167433856,1.0,3.999999999999999,10.45096291858464,0.7554960716613055,0.015894260120962317,0.06357704048384935,0.16503262773388286,1.0,0.0,1.4509629185846393,0.0,0.0,0.0,0.0,0.0,0.2745185407076804,0.0,7.450962918584639,1.4509629185846393,1.0,0.0,0.7254814592923197,0.27451854070768034,0.0,0.0,0.0,0.0,0.0,0.0,0.0,1.0,1.0,0.0,0.0,0.0,0.0,0.0,0.0,0.0,0.0,0.0,0.0,0.0,0.0,0.0,0.0,0.0,0.0,0.0,0.0,0.0,0.0,0.0,0.0,0.0,0.0,0.0,0.0,0.0,0.0,0.0,0.0,0.0,0.0,0.0,2.0
SMOTE_000201,attack,union,"1""  )   as boeh where 2571  =  2571 union all select null#",nearest_attack_euclidean,R000024,0.3697834181094693,58.77031169180905,23.10270822557454,3.9194499214966103,29.616249353447238,9.0,15.94864588721273,4.2054164511490795,0.5031656644868865,0.1535350011274725,0.27224763211842073,0.07105170226722021,0.05135411278726981,0.9486458872127301,0.10270822557453974,0.0,0.0,1.0,0.0,1.0,0.0,0.0,0.10270822557454018,1.1540623383618096,0.05135411278726987,0.9486458872127301,0.05135411278726976,0.9486458872127304,0.0,1.0,1.0,0.0,0.0,0.0,0.0,1.0513541127872699,1.0,1.0,0.0,0.0,0.0,0.0,0.0,0.0,0.0,0.0,0.0,0.0,0.0,0.0,0.0,0.0,0.0,0.0,0.0,0.0,0.0,0.0,0.0,0.0,0.0,0.0,0.0,0.0,0.0,0.0,0.0,0.0,0.0,0.0,3.05135411278727
SMOTE_000202,attack,union,"-8073   )    )     )   union all select 4481,4481,4481,4481--",nearest_attack_euclidean,R000027,1.9509331041472726,61.84122631256047,20.420613156280236,3.7019377609974935,13.999999999999998,21.682452625120952,16.317547374879048,9.841226312560476,0.22644361999067222,0.35019648292510236,0.2644361999067222,0.15892369717750318,-5.551115123125783e-17,0.42061315628023765,3.0,0.0,0.0,0.0,0.0,2.5793868437197625,0.42061315628023765,0.0,3.420613156280238,3.0,0.0,0.42061315628023765,1.0,0.0,0.0,0.0,1.0,0.0,0.0,0.0,0.0,1.0,1.0,0.0,0.0,0.0,0.0,0.0,0.0,0.0,0.0,0.0,0.0,0.0,0.0,0.0,0.0,0.0,0.0,0.0,0.0,0.0,0.0,0.0,0.0,0.0,0.0,0.0,0.0,0.0,0.0,0.0,0.0,0.0,0.0,0.0,2.0
SMOTE_000203,attack,union,"1%' union all select null,null,null,null,null,null,null,null,null,null--",nearest_attack_euclidean,R000018,0.1258235173802665,71.75861105971813,15.959768509953022,3.035390263976323,53.83907403981209,1.0,3.999999999999999,12.919537019906043,0.7503047840155075,0.013939686224806791,0.055758744899227164,0.17999678486045861,1.0,0.0,2.0,0.0,0.0,0.0,0.0,0.0,0.9597685099530214,0.0,8.959768509953022,2.0,1.0,0.0,1.0,0.0,0.0,0.0,0.0,0.0,0.0,0.0,0.0,1.0,1.0,0.0,0.0,0.0,0.0,0.0,0.0,0.0,0.0,0.0,0.0,0.0,0.0,0.0,0.0,0.0,0.0,0.0,0.0,0.0,0.0,0.0,0.0,0.0,0.0,0.0,0.0,0.0,0.0,0.0,0.0,0.0,0.0,0.0,2.0
SMOTE_000204,attack,union,"-9110""   )    )    union all select 2263,2263,2263,2263,2263#",nearest_attack_euclidean,R000026,0.4497796732109131,62.573650240244085,21.75789996303937,3.773712392674093,13.999999999999998,25.936800295685025,13.273699889118115,9.363150055440942,0.22462758011444015,0.4112488285934711,0.21481271375117145,0.14931087754091732,-5.551115123125783e-17,1.0,1.0,0.0,0.0,0.0,0.0,1.8789499815196857,0.0,0.0,4.484200073921256,1.0,0.0,1.0,0.0,1.0,0.0,0.0,1.0,0.0,0.0,0.0,0.0,1.0,1.0,0.0,0.0,0.0,0.0,0.0,0.0,0.0,0.0,0.0,0.0,0.0,0.0,0.0,0.0,0.0,0.0,0.0,0.0,0.0,0.0,0.0,0.0,0.0,0.0,0.0,0.0,0.0,0.0,0.0,0.0,0.0,0.0,0.0,2.0
SMOTE_000205,attack,union," select * from users where id  =  1 +$ . union select null,@@VERSION -- 1",nearest_attack_euclidean,R000001,0.40274004441063044,73.0,32.09521488179284,4.365979230465246,43.80957023641431,2.095214881792847,17.0,10.095214881792847,0.6001310991289631,0.028701573723189683,0.2328767123287671,0.1382906148190801,-5.551115123125783e-17,0.0,2.0,0.0,1.0,1.0,0.0,0.0,0.0,0.0,1.0,5.0,0.0,0.0,1.0,0.0,0.0,1.0,0.0,0.0,0.0,0.0,0.0,2.0,1.0,1.0,1.0,0.0,0.09521488179284654,0.0,0.0,0.0,0.0,0.0,0.0,0.0,0.0,0.0,0.0,0.0,0.0,0.0,0.0,0.0,0.0,0.0,0.0,0.0,0.0,0.0,0.0,0.0,0.0,0.0,0.0,0.0,0.0,0.0,5.095214881792846
SMOTE_000206,attack,union,"-4330' union all select 3059,3059,3059,3059,3059,3059,3059,3059,3059--",nearest_attack_euclidean,R000031,0.8423492476674805,67.41014662290347,19.0,3.6491849183283196,13.999999999999998,37.928117298322775,3.999999999999999,11.482029324580694,0.20941764864398743,0.5606655444068716,0.05983361389828211,0.17008319305085895,0.8273431081935646,0.17265689180643545,3.0,0.0,0.0,0.0,0.0,0.0,0.0,0.0,7.482029324580694,3.0,0.8273431081935645,0.17265689180643545,1.0,0.0,0.0,0.0,0.0,0.0,0.0,0.0,0.0,1.0,1.0,0.0,0.0,0.0,0.0,0.0,0.0,0.0,0.0,0.0,0.0,0.0,0.0,0.0,0.0,0.0,0.0,0.0,0.0,0.0,0.0,0.0,0.0,0.0,0.0,0.0,0.0,0.0,0.0,0.0,0.0,0.0,0.0,0.0,2.0
SMOTE_000207,attack,union,"-8308""  )   union all select 3084,3084,3084,3084,3084,3084,3084,3084,3084#",nearest_attack_euclidean,R000029,0.890031009981209,69.66996639380973,20.577337814158703,3.7402211204081257,13.999999999999998,36.535973115047796,8.0,11.133993278761947,0.20307385947930914,0.5214987069998046,0.11604220541674809,0.1593852281041382,-5.551115123125783e-17,1.0,1.0,0.0,0.0,0.0,0.0,1.0,0.0,0.0,7.133993278761947,1.0,0.0,1.0,0.0,1.0,0.0,0.0,1.0,0.0,0.0,0.0,0.0,1.0,1.0,0.0,0.0,0.0,0.0,0.0,0.0,0.0,0.0,0.0,0.0,0.0,0.0,0.0,0.0,0.0,0.0,0.0,0.0,0.0,0.0,0.0,0.0,0.0,0.0,0.0,0.0,0.0,0.0,0.0,0.0,0.0,0.0,0.0,2.0
SMOTE_000208,attack,union,"-3370""  )   union all select 7845,7845,7845,7845,7845,7845#",nearest_attack_euclidean,R000009,0.6225180024293279,59.89363226155368,21.851061289741054,3.9249989376529397,13.999999999999998,29.191509682071572,7.404245158964214,9.297877420517892,0.23402585354321995,0.48638262527215637,0.124563600074696,0.15502792110992766,-5.551115123125783e-17,1.0,1.0,0.0,0.0,0.0,0.0,0.8510612897410534,0.14893871025894642,0.0,5.297877420517893,1.0,0.0,1.0,0.0,1.0,0.0,0.0,0.8510612897410534,0.0,0.0,0.0,0.0,1.0,1.0,0.0,0.0,0.0,0.0,0.0,0.0,0.0,0.0,0.0,0.0,0.0,0.0,0.0,0.0,0.0,0.0,0.0,0.0,0.0,0.0,0.0,0.0,0.0,0.0,0.0,0.0,0.0,0.0,0.0,0.0,0.0,0.0,0.0,2.0
SMOTE_000209,attack,union,"-9156'   )    )    union all select 9110,9110,9110,9110#",nearest_attack_euclidean,R000013,2.1610832325860416,58.22450097325671,20.555099805348657,3.6695717825646357,13.999999999999998,20.0,15.779600778605367,8.444900194651343,0.24088319273255446,0.3441188467607921,0.2700569759883802,0.14494098451827325,0.5550998053486581,0.0,1.8898003893026838,0.0,0.0,0.0,0.0,2.444900194651342,0.0,0.0,3.0,1.889800389302684,0.555099805348658,0.0,0.4449001946513418,0.5550998053486582,0.0,0.0,1.0,0.0,0.0,0.0,0.0,1.0,1.0,0.0,0.0,0.0,0.0,0.0,0.0,0.0,0.0,0.0,0.0,0.0,0.0,0.0,0.0,0.0,0.0,0.0,0.0,0.0,0.0,0.0,0.0,0.0,0.0,0.0,0.0,0.0,0.0,0.0,0.0,0.0,0.0,0.0,2.0
SMOTE_000210,attack,union,"1""   )    )     )   union all select null,null,null,null,null,null,null--",nearest_attack_euclidean,R000030,2.1851711510337672,71.51313627769578,15.504378759231926,3.104630071050619,45.96496992614458,1.0,13.04378759231927,11.504378759231926,0.6442056909873448,0.013989601511214173,0.18100979280641538,0.1607949146950257,-5.551115123125783e-17,0.5043787592319269,2.0,0.0,0.0,0.0,0.0,2.008757518463854,0.0,0.0,6.991242481536146,2.0,0.0,0.5043787592319269,1.0,0.0,0.0,0.0,1.0,0.0,0.0,0.0,0.0,1.0,1.0,0.0,0.0,0.0,0.0,0.0,0.0,0.0,0.0,0.0,0.0,0.0,0.0,0.0,0.0,0.0,0.0,0.0,0.0,0.0,0.0,0.0,0.0,0.0,0.0,0.0,0.0,0.0,0.0,0.0,0.0,0.0,0.0,0.0,2.0
SMOTE_000211,attack,union," select * from users where id  =  1 *$ . union select null,@@VERSION -- 1",nearest_attack_euclidean,R000005,2.166270658951215,73.0,31.94246234699281,4.365682585665476,43.05753765300719,2.4712311734964043,17.0,10.471231173496404,0.5898292829179067,0.03385248182871786,0.2328767123287671,0.14344152292460827,-5.551115123125783e-17,0.0,2.0,0.0,1.528768826503596,1.0,0.0,0.0,0.0,0.0,1.0,5.0,0.0,0.0,1.0,0.0,0.0,1.0,0.0,0.0,0.0,0.0,0.0,2.0,1.0,1.0,1.0,0.0,0.4712311734964042,0.0,0.0,0.0,0.0,0.0,0.0,0.0,0.0,0.0,0.0,0.0,0.0,0.0,0.0,0.0,0.0,0.0,0.0,0.0,0.0,0.0,0.0,0.0,0.0,0.0,0.0,0.0,0.0,0.0,5.471231173496404
SMOTE_000212,attack,union," select * from users where id  =  1 *$ . union select null,@@VERSION -- 1",nearest_attack_euclidean,R000005,1.598392191374782,74.64564148194098,30.29472507916815,4.263077568141517,43.05963343889086,2.2350916402772842,18.410549841663705,10.940366561109137,0.5785864753139776,0.029772329927458874,0.2457181906247352,0.14592300413382825,0.7052749208318525,0.0,2.0,0.0,1.7649083597227158,1.0,0.0,0.4701832805545683,0.0,0.0,1.0,5.0,0.23509164027728413,0.0,1.0,0.0,0.0,1.0,0.2350916402772842,0.0,0.0,0.0,0.0,2.0,1.0,1.0,1.0,0.0,0.0,0.0,0.0,0.0,0.0,0.0,0.0,0.0,0.0,0.0,0.0,0.0,0.0,0.0,0.0,0.0,0.0,0.0,0.0,0.0,0.0,0.0,0.0,0.0,0.0,0.0,0.0,0.0,0.0,0.0,5.0
SMOTE_000213,attack,union,"-4330' union all select 3059,3059,3059,3059,3059,3059,3059,3059,3059--",nearest_attack_euclidean,R000031,2.2253947780949757,63.15789003506367,19.0,3.65468729055308,13.999999999999998,34.52631202805094,3.999999999999999,10.631578007012735,0.22488039987249572,0.5429938287171476,0.06425154282071306,0.16787422858964346,0.5438593356709115,0.45614066432908834,3.0,0.0,0.0,0.0,0.0,0.0,0.0,0.0,6.631578007012735,3.0,0.5438593356709116,0.45614066432908834,1.0,0.0,0.0,0.0,0.0,0.0,0.0,0.0,0.0,1.0,1.0,0.0,0.0,0.0,0.0,0.0,0.0,0.0,0.0,0.0,0.0,0.0,0.0,0.0,0.0,0.0,0.0,0.0,0.0,0.0,0.0,0.0,0.0,0.0,0.0,0.0,0.0,0.0,0.0,0.0,0.0,0.0,0.0,0.0,2.0
SMOTE_000214,attack,union,"-8812""  )   where 1646  =  1646 union all select 1646,1646,1646,1646,1646,1646--",nearest_attack_euclidean,R000019,0.4098033265369785,78.60075326229045,23.900053804449318,3.790917798367814,20.59913912881092,33.30145272013158,14.0,10.700161413347953,0.26676454892449897,0.4186532386681951,0.178710123925745,0.13587208848156088,-5.551115123125783e-17,1.0,2.9000538044493176,0.0,0.0,1.0,0.0,1.0,0.0,0.0,4.800107608898635,3.9000538044493176,0.0,1.0,1.0,0.0,0.0,1.0,1.0,0.0,0.0,0.0,0.0,1.0,1.0,1.0,0.0,0.0,0.0,0.0,0.0,0.0,0.0,0.0,0.0,0.0,0.0,0.0,0.0,0.0,0.0,0.0,0.0,0.0,0.0,0.0,0.0,0.0,0.0,0.0,0.0,0.0,0.0,0.0,0.0,0.0,0.0,0.0,3.0
SMOTE_000215,attack,union,"-4966%"" union all select 4300,4300,4300,4300,4300,4300,4300,4300#",nearest_attack_euclidean,R000017,1.510383653576596,62.035797739814214,20.40715954796284,3.6465973761658232,13.999999999999998,33.628638191851365,3.999999999999999,10.407159547962843,0.22699268017974855,0.5405797940802874,0.06485505147992814,0.16757247426003594,-5.551115123125783e-17,1.0,1.5928404520371573,0.0,0.0,0.0,0.0,0.0,0.7035797739814214,0.0,6.407159547962843,1.5928404520371573,0.0,1.0,0.29642022601857865,0.7035797739814214,0.0,0.0,0.0,0.0,0.0,0.0,0.0,1.0,1.0,0.0,0.0,0.0,0.0,0.0,0.0,0.0,0.0,0.0,0.0,0.0,0.0,0.0,0.0,0.0,0.0,0.0,0.0,0.0,0.0,0.0,0.0,0.0,0.0,0.0,0.0,0.0,0.0,0.0,0.0,0.0,0.0,0.0,2.0
SMOTE_000216,attack,union,"1""  )   where 2088  =  2088 union all select null,null,null,null--",nearest_attack_euclidean,R000022,0.3227034012370835,67.10184972202275,23.078703551573053,3.8392890832102347,33.74074317483115,11.124995892472434,14.0,8.236110654719159,0.5072583919068295,0.1610479320842757,0.20919964088857607,0.12249403512031867,-5.551115123125783e-17,1.0,2.078703551573053,0.0,0.0,1.0,0.0,1.0,0.0,0.0,3.157407103146106,3.078703551573053,0.0,1.0,1.0,0.0,0.0,1.0,1.0,0.0,0.0,0.0,0.0,1.0,1.0,1.0,0.0,0.0,0.0,0.0,0.0,0.0,0.0,0.0,0.0,0.0,0.0,0.0,0.0,0.0,0.0,0.0,0.0,0.0,0.0,0.0,0.0,0.0,0.0,0.0,0.0,0.0,0.0,0.0,0.0,0.0,0.0,0.0,3.0
SMOTE_000217,attack,union,"1%' union all select null,null,null,null,null,null,null#",nearest_attack_euclidean,R000016,2.1477861738566046,60.77520371814417,15.65891402013256,3.13120753017846,44.72868783893953,1.0,5.364343919469763,9.682171959734882,0.7378183578618771,0.016638978643330582,0.0860465419943189,0.15949612150047343,0.658914020132559,0.0,0.6821719597348821,0.0,0.0,0.0,0.0,0.34108597986744094,0.6589140201325591,0.0,6.682171959734882,0.6821719597348819,0.6589140201325592,0.0,0.34108597986744094,0.6589140201325592,0.0,0.0,0.34108597986744094,0.0,0.0,0.0,0.0,1.0,1.0,0.0,0.0,0.0,0.0,0.0,0.0,0.0,0.0,0.0,0.0,0.0,0.0,0.0,0.0,0.0,0.0,0.0,0.0,0.0,0.0,0.0,0.0,0.0,0.0,0.0,0.0,0.0,0.0,0.0,0.0,0.0,0.0,0.0,2.0
SMOTE_000218,attack,union,"-8812""  )   where 1646  =  1646 union all select 1646,1646,1646,1646,1646,1646--",nearest_attack_euclidean,R000019,1.8314870173066682,73.74650699939474,23.553321928528195,3.811337669519487,26.14684914354887,23.93969207026128,14.0,9.659965785584586,0.3682886928968579,0.3099055139474795,0.1915812314409988,0.1302245617146638,-5.551115123125783e-17,1.0,2.5533219285281956,0.0,0.0,1.0,0.0,1.0,0.0,0.0,4.106643857056391,3.5533219285281956,0.0,1.0,1.0,0.0,0.0,1.0,1.0,0.0,0.0,0.0,0.0,1.0,1.0,1.0,0.0,0.0,0.0,0.0,0.0,0.0,0.0,0.0,0.0,0.0,0.0,0.0,0.0,0.0,0.0,0.0,0.0,0.0,0.0,0.0,0.0,0.0,0.0,0.0,0.0,0.0,0.0,0.0,0.0,0.0,0.0,0.0,3.0
SMOTE_000219,attack,union,"-4330' union all select 3059,3059,3059,3059,3059,3059,3059,3059,3059--",nearest_attack_euclidean,R000031,0.1663834864602265,69.61968126421593,18.961968126421592,3.6410607599372833,13.999999999999998,39.69574501137275,3.999999999999999,11.923936252843188,0.20126772911928023,0.5699797381493941,0.05750506546265148,0.17124746726867426,0.9619681264215934,0.03803187357840665,3.0,0.0,0.0,0.0,0.0,0.0,0.0,0.0,7.923936252843187,3.0,0.9619681264215935,0.03803187357840665,1.0,0.0,0.0,0.0,0.0,0.0,0.0,0.0,0.0,1.0,1.0,0.0,0.0,0.0,0.0,0.0,0.0,0.0,0.0,0.0,0.0,0.0,0.0,0.0,0.0,0.0,0.0,0.0,0.0,0.0,0.0,0.0,0.0,0.0,0.0,0.0,0.0,0.0,0.0,0.0,0.0,0.0,0.0,0.0,2.0
SMOTE_000220,attack,union,"-3378%""   )    )    union all select 9357,9357,9357,9357,9357--",nearest_attack_euclidean,R000028,2.431663173207012,59.046839746038984,20.011709936509746,3.7492717182484245,13.999999999999998,25.976580126980508,9.058549682548733,10.011709936509746,0.23819458688469095,0.44427139800716775,0.1483500356583043,0.16918397944983699,-5.551115123125783e-17,1.0,3.0,0.0,0.0,0.0,0.0,1.0117099365097466,0.5058549682548733,0.0,4.494145031745127,3.0,0.0,1.0,1.0,0.0,0.0,0.0,0.5058549682548733,0.0,0.0,0.0,0.0,1.0,1.0,0.0,0.0,0.0,0.0,0.0,0.0,0.0,0.0,0.0,0.0,0.0,0.0,0.0,0.0,0.0,0.0,0.0,0.0,0.0,0.0,0.0,0.0,0.0,0.0,0.0,0.0,0.0,0.0,0.0,0.0,0.0,0.0,0.0,2.0
SMOTE_000221,attack,union,"-8073   )    )     )   union all select 4481,4481,4481,4481--",nearest_attack_euclidean,R000027,1.178292510134582,59.78713008548082,20.242573982903835,3.634898390770473,13.999999999999998,20.0,17.029704068384653,8.757426017096163,0.23447897505950485,0.3349699643707212,0.28414625486908934,0.1464048057006846,0.24257398290383647,0.0,2.514852034192327,0.0,0.0,0.0,0.0,2.7574260170961633,0.0,0.0,3.0,2.514852034192327,0.24257398290383644,0.0,0.7574260170961635,0.24257398290383653,0.0,0.0,1.0,0.0,0.0,0.0,0.0,1.0,1.0,0.0,0.0,0.0,0.0,0.0,0.0,0.0,0.0,0.0,0.0,0.0,0.0,0.0,0.0,0.0,0.0,0.0,0.0,0.0,0.0,0.0,0.0,0.0,0.0,0.0,0.0,0.0,0.0,0.0,0.0,0.0,0.0,0.0,2.0
SMOTE_000222,attack,union,"-9156'   )    )    union all select 9110,9110,9110,9110#",nearest_attack_euclidean,R000013,0.3048497777946715,56.31379570077447,20.937240859845105,3.711968684041566,13.999999999999998,20.0,14.251036560619578,8.062759140154895,0.24871395204600627,0.35530564578000895,0.25282930549878624,0.14315109667519857,0.9372408598451052,0.0,1.1255182803097894,0.0,0.0,0.0,0.0,2.0627591401548946,0.0,0.0,3.0,1.1255182803097894,0.9372408598451054,0.0,0.0627591401548947,0.9372408598451054,0.0,0.0,1.0,0.0,0.0,0.0,0.0,1.0,1.0,0.0,0.0,0.0,0.0,0.0,0.0,0.0,0.0,0.0,0.0,0.0,0.0,0.0,0.0,0.0,0.0,0.0,0.0,0.0,0.0,0.0,0.0,0.0,0.0,0.0,0.0,0.0,0.0,0.0,0.0,0.0,0.0,0.0,2.0
SMOTE_000223,attack,union,"-5945'   )    )     )   union all select 4266,4266,4266,4266,4266--",nearest_attack_euclidean,R000014,1.281942335043996,63.98592174065287,20.274007114486103,3.649556457565852,13.999999999999998,22.903971542055586,16.903971542055586,10.177978656541692,0.22020178454980274,0.3579168367649402,0.2635446433864533,0.15833673529880377,1.0,0.0,2.451985771027794,0.0,0.0,0.0,0.0,2.725992885513897,0.0,0.0,3.725992885513897,2.451985771027794,1.0,0.0,0.7259928855138968,0.2740071144861031,0.0,0.0,1.0,0.0,0.0,0.0,0.0,1.0,1.0,0.0,0.0,0.0,0.0,0.0,0.0,0.0,0.0,0.0,0.0,0.0,0.0,0.0,0.0,0.0,0.0,0.0,0.0,0.0,0.0,0.0,0.0,0.0,0.0,0.0,0.0,0.0,0.0,0.0,0.0,0.0,0.0,0.0,2.0
SMOTE_000224,attack,union,"1%' union all select null,null,null,null,null,null,null#",nearest_attack_euclidean,R000016,0.10375002710373395,56.0,16.04061304158686,3.178518991133473,41.837547833652565,1.0,4.162452166347435,9.0,0.7470990684580815,0.01785714285714285,0.07432950297048994,0.16071428571428573,1.0,0.0,0.0,0.0,0.0,0.0,0.0,0.0406130415868593,1.0,0.0,5.959386958413141,0.0,1.0,0.0,0.0,1.0,0.0,0.0,0.04061304158685919,0.0,0.0,0.0,0.0,1.0,1.0,0.0,0.0,0.0,0.0,0.0,0.0,0.0,0.0,0.0,0.0,0.0,0.0,0.0,0.0,0.0,0.0,0.0,0.0,0.0,0.0,0.0,0.0,0.0,0.0,0.0,0.0,0.0,0.0,0.0,0.0,0.0,0.0,0.0,2.0
SMOTE_000225,attack,union,"-4330' union all select 3059,3059,3059,3059,3059,3059,3059,3059,3059--",nearest_attack_euclidean,R000031,0.10597429021965148,70.0,19.420974877246653,3.6749078070470045,13.999999999999998,40.0,3.999999999999999,12.0,0.20000000000000004,0.5714285714285714,0.057142857142857134,0.17142857142857143,1.0,0.0,3.0,0.0,0.0,0.0,0.0,0.0,0.0,0.0,8.0,3.0,1.0,0.0,1.0,0.0,0.0,0.0,0.0,0.0,0.0,0.0,0.0,1.0,1.0,0.0,0.0,0.0,0.0,0.0,0.0,0.0,0.0,0.0,0.0,0.0,0.0,0.0,0.0,0.0,0.0,0.0,0.0,0.0,0.0,0.0,0.0,0.0,0.0,0.0,0.0,0.0,0.0,0.0,0.0,0.0,0.0,0.0,2.0
SMOTE_000226,attack,union,"-9110""   )    )    union all select 2263,2263,2263,2263,2263#",nearest_attack_euclidean,R000026,0.7650602203296418,61.0,21.699286291921943,3.7638664303008844,13.999999999999998,23.39857258384389,14.60142741615611,9.0,0.22950819672131148,0.38358315711219493,0.23936766255993625,0.14754098360655737,-5.551115123125783e-17,0.8496431459609726,1.3007137080780549,0.0,0.0,0.0,0.0,2.1503568540390274,0.0,0.0,3.8496431459609726,1.3007137080780546,0.0,0.8496431459609726,0.15035685403902743,0.8496431459609728,0.0,0.0,1.0,0.0,0.0,0.0,0.0,1.0,1.0,0.0,0.0,0.0,0.0,0.0,0.0,0.0,0.0,0.0,0.0,0.0,0.0,0.0,0.0,0.0,0.0,0.0,0.0,0.0,0.0,0.0,0.0,0.0,0.0,0.0,0.0,0.0,0.0,0.0,0.0,0.0,0.0,0.0,2.0
SMOTE_000227,attack,union,"1""  )   where 2088  =  2088 union all select null,null,null,null--",nearest_attack_euclidean,R000022,1.3515330179840281,70.61472136476239,23.329622954625886,3.824511838210242,29.726032725985842,17.899819774898894,14.0,8.988868863877656,0.4337884303311329,0.23974538122357303,0.19988520850252395,0.1265809799427701,-5.551115123125783e-17,1.0,2.329622954625885,0.0,0.0,1.0,0.0,1.0,0.0,0.0,3.65924590925177,3.329622954625885,0.0,1.0,1.0,0.0,0.0,1.0,1.0,0.0,0.0,0.0,0.0,1.0,1.0,1.0,0.0,0.0,0.0,0.0,0.0,0.0,0.0,0.0,0.0,0.0,0.0,0.0,0.0,0.0,0.0,0.0,0.0,0.0,0.0,0.0,0.0,0.0,0.0,0.0,0.0,0.0,0.0,0.0,0.0,0.0,0.0,0.0,3.0
SMOTE_000228,attack,union,"-4542 union all select 1249,1249,1249,1249,1249,1249,1249,1249,1249--",nearest_attack_euclidean,R000012,0.942849445567011,69.16226671354896,17.513199859353108,3.501696212839622,19.841601687762722,33.671598171590375,4.6490668541958575,11.0,0.2858796651068204,0.48796058080699334,0.06710901575265392,0.15905073833353237,-5.551115123125783e-17,0.0,2.8377332864510354,0.0,0.0,0.0,0.0,0.1622667135489646,0.0,0.0,8.0,2.8377332864510354,0.0,0.0,1.0,0.0,0.0,0.0,0.16226671354896466,0.0,0.0,0.0,0.0,1.0,1.0,0.0,0.0,0.0,0.0,0.0,0.0,0.0,0.0,0.0,0.0,0.0,0.0,0.0,0.0,0.0,0.0,0.0,0.0,0.0,0.0,0.0,0.0,0.0,0.0,0.0,0.0,0.0,0.0,0.0,0.0,0.0,0.0,0.0,2.0
SMOTE_000229,attack,union,"1""  )   as boeh where 2571  =  2571 union all select null#",nearest_attack_euclidean,R000024,2.6480608169671385,57.27206566485637,22.272065664856374,3.843241003702602,23.5404924864228,13.003638843289947,15.272065664856374,5.455868670287253,0.40900820810704663,0.2286830239923367,0.266449124976591,0.09585964292402561,0.36396716757181335,0.6360328324281866,0.36396716757181347,0.0,0.0,0.6360328324281868,0.0,1.3639671675718132,0.0,0.0,1.0919015027154404,1.0,0.3639671675718133,0.6360328324281866,0.0,1.0,0.0,0.6360328324281868,1.0,0.0,0.0,0.0,0.0,1.0,1.0,0.6360328324281868,0.0,0.0,0.0,0.0,0.0,0.0,0.0,0.0,0.0,0.0,0.0,0.0,0.0,0.0,0.0,0.0,0.0,0.0,0.0,0.0,0.0,0.0,0.0,0.0,0.0,0.0,0.0,0.0,0.0,0.0,0.0,0.0,2.6360328324281865
SMOTE_000230,attack,union,"1%' union all select null,null,null,null,null,null,null,null,null,null--",nearest_attack_euclidean,R000018,0.2278191651924115,71.28981875292263,16.0,3.0420534174022875,53.467364064691964,1.0,3.999999999999999,12.822454688230655,0.75,0.014065025110882284,0.05626010044352915,0.17967487444558858,1.0,0.0,1.9112273441153276,0.0,0.0,0.0,0.0,0.0,1.0,0.0,8.866841016172991,1.9112273441153276,1.0,0.0,0.9556136720576638,0.04438632794233621,0.0,0.0,0.0,0.0,0.0,0.0,0.0,1.0,1.0,0.0,0.0,0.0,0.0,0.0,0.0,0.0,0.0,0.0,0.0,0.0,0.0,0.0,0.0,0.0,0.0,0.0,0.0,0.0,0.0,0.0,0.0,0.0,0.0,0.0,0.0,0.0,0.0,0.0,0.0,0.0,0.0,0.0,2.0
SMOTE_000231,attack,union,"-8308""  )   union all select 3084,3084,3084,3084,3084,3084,3084,3084,3084#",nearest_attack_euclidean,R000029,0.37740121190488396,73.12642061688086,20.097064375902125,3.6443074572310126,13.999999999999998,39.6117424963915,7.611742496391495,11.902935624097873,0.19173183188433846,0.541832041592045,0.10358785442784277,0.16284827209577388,-5.551115123125783e-17,1.0,1.0,0.0,0.0,0.0,0.0,0.9029356240978736,0.09706437590212626,0.0,7.902935624097873,1.0,0.0,1.0,0.0,1.0,0.0,0.0,0.9029356240978736,0.0,0.0,0.0,0.0,1.0,1.0,0.0,0.0,0.0,0.0,0.0,0.0,0.0,0.0,0.0,0.0,0.0,0.0,0.0,0.0,0.0,0.0,0.0,0.0,0.0,0.0,0.0,0.0,0.0,0.0,0.0,0.0,0.0,0.0,0.0,0.0,0.0,0.0,0.0,2.0
SMOTE_000232,attack,union,"-8812""  )   where 1646  =  1646 union all select 1646,1646,1646,1646,1646,1646--",nearest_attack_euclidean,R000019,0.7479511637253452,77.44616952074858,23.817583537196327,3.795774670054838,21.918663404858755,31.074755504300846,14.0,10.452750611588984,0.29091209308607524,0.3927875639388482,0.18177152021013632,0.1345288227649402,-5.551115123125783e-17,1.0,2.817583537196328,0.0,0.0,1.0,0.0,1.0,0.0,0.0,4.635167074392656,3.817583537196328,0.0,1.0,1.0,0.0,0.0,1.0,1.0,0.0,0.0,0.0,0.0,1.0,1.0,1.0,0.0,0.0,0.0,0.0,0.0,0.0,0.0,0.0,0.0,0.0,0.0,0.0,0.0,0.0,0.0,0.0,0.0,0.0,0.0,0.0,0.0,0.0,0.0,0.0,0.0,0.0,0.0,0.0,0.0,0.0,0.0,0.0,3.0
SMOTE_000233,attack,union,"-5575"" union all select 8665,8665,8665,8665,8665,8665,8665--",nearest_attack_euclidean,R000008,0.2817046958044357,58.672735395317545,18.26545292093649,3.5588020163196,13.999999999999998,30.938188316254035,3.999999999999999,9.734547079063509,0.23896415286834977,0.5268981110076002,0.06827547224809993,0.16586226387595002,-5.551115123125783e-17,1.0,3.0,0.0,0.0,0.0,0.0,0.0,0.0,0.0,5.73454707906351,3.0,0.0,1.0,1.0,0.0,0.0,0.0,0.0,0.0,0.0,0.0,0.0,1.0,1.0,0.0,0.0,0.0,0.0,0.0,0.0,0.0,0.0,0.0,0.0,0.0,0.0,0.0,0.0,0.0,0.0,0.0,0.0,0.0,0.0,0.0,0.0,0.0,0.0,0.0,0.0,0.0,0.0,0.0,0.0,0.0,0.0,0.0,2.0
SMOTE_000234,attack,union,"-6294"" union all select 9921,9921,9921,9921,9921,9921--",nearest_attack_euclidean,R000021,1.1738101440499482,57.30366018182374,19.460732036364746,3.6591383937807906,13.999999999999998,29.84292814545899,3.999999999999999,9.460732036364748,0.24552412795929163,0.5194009966179524,0.0701497508455119,0.16492512457724404,-5.551115123125783e-17,1.0,2.5392679636352526,0.0,0.0,0.0,0.0,0.0,0.23036601818237365,0.0,5.460732036364748,2.5392679636352526,0.0,1.0,0.7696339818176264,0.23036601818237362,0.0,0.0,0.0,0.0,0.0,0.0,0.0,1.0,1.0,0.0,0.0,0.0,0.0,0.0,0.0,0.0,0.0,0.0,0.0,0.0,0.0,0.0,0.0,0.0,0.0,0.0,0.0,0.0,0.0,0.0,0.0,0.0,0.0,0.0,0.0,0.0,0.0,0.0,0.0,0.0,0.0,0.0,2.0
SMOTE_000235,attack,union,"-9156'   )    )    union all select 9110,9110,9110,9110#",nearest_attack_euclidean,R000013,3.1766062168070146,68.81487957704452,18.53560008133759,3.400613092532022,31.743679414369332,10.635280309082852,15.971519934929926,10.464399918662407,0.42731657951351465,0.18712502303304646,0.23497317122766825,0.1505852262257706,1.0,0.0,0.5071200162675187,0.0,0.0,0.0,0.0,2.492879983732481,0.0,0.0,5.464399918662407,0.5071200162675185,1.0,0.0,0.0,1.0,0.0,0.0,1.0,0.0,0.0,0.0,0.0,1.0,1.0,0.0,0.0,0.0,0.0,0.0,0.0,0.0,0.0,0.0,0.0,0.0,0.0,0.0,0.0,0.0,0.0,0.0,0.0,0.0,0.0,0.0,0.0,0.0,0.0,0.0,0.0,0.0,0.0,0.0,0.0,0.0,0.0,0.0,2.0
SMOTE_000236,attack,union,"-9156'   )    )    union all select 9110,9110,9110,9110#",nearest_attack_euclidean,R000013,1.680371654733163,58.0782124330428,21.41564248660856,3.749074037614994,13.999999999999998,21.662569946434242,14.0,8.41564248660856,0.24148273593015246,0.3722305820665871,0.24148273593015246,0.144803946073108,0.5843575133914394,0.41564248660856046,1.0,0.0,0.0,0.0,0.0,2.0,0.0,0.0,3.4156424866085606,1.0,0.5843575133914395,0.41564248660856046,0.0,1.0,0.0,0.0,1.0,0.0,0.0,0.0,0.0,1.0,1.0,0.0,0.0,0.0,0.0,0.0,0.0,0.0,0.0,0.0,0.0,0.0,0.0,0.0,0.0,0.0,0.0,0.0,0.0,0.0,0.0,0.0,0.0,0.0,0.0,0.0,0.0,0.0,0.0,0.0,0.0,0.0,0.0,0.0,2.0
SMOTE_000237,attack,union,"-8812""  )   where 1646  =  1646 union all select 1646,1646,1646,1646,1646,1646--",nearest_attack_euclidean,R000019,1.8866806015844813,73.55805210471183,23.539860864622273,3.8121304238337337,26.362226166043612,23.5762433448014,14.0,9.619582593866822,0.3722301331996144,0.3056836348133496,0.1920809224496277,0.13000530953740827,-5.551115123125783e-17,1.0,2.5398608646222742,0.0,0.0,1.0,0.0,1.0,0.0,0.0,4.0797217292445485,3.5398608646222742,0.0,1.0,1.0,0.0,0.0,1.0,1.0,0.0,0.0,0.0,0.0,1.0,1.0,1.0,0.0,0.0,0.0,0.0,0.0,0.0,0.0,0.0,0.0,0.0,0.0,0.0,0.0,0.0,0.0,0.0,0.0,0.0,0.0,0.0,0.0,0.0,0.0,0.0,0.0,0.0,0.0,0.0,0.0,0.0,0.0,0.0,3.0
SMOTE_000238,attack,union,"-5748' union all select 1224,1224,1224,1224,1224,1224,1224,1224,1224#",nearest_attack_euclidean,R000025,1.663775588150546,65.49720500759307,19.652771156766565,3.4375674940593437,21.54448152210724,29.4916150227792,3.999999999999999,10.461108462706626,0.3503127212523542,0.4283212309182304,0.06159709626543161,0.1597689515639838,1.0,0.0,0.7305542313533129,0.0,0.0,0.0,0.0,0.0,0.2694457686466871,0.0,7.461108462706626,0.7305542313533129,1.0,0.0,0.0,1.0,0.0,0.0,0.0,0.0,0.0,0.0,0.0,1.0,1.0,0.0,0.0,0.0,0.0,0.0,0.0,0.0,0.0,0.0,0.0,0.0,0.0,0.0,0.0,0.0,0.0,0.0,0.0,0.0,0.0,0.0,0.0,0.0,0.0,0.0,0.0,0.0,0.0,0.0,0.0,0.0,0.0,0.0,2.0
SMOTE_000239,attack,union,"-9110""   )    )    union all select 2263,2263,2263,2263,2263#",nearest_attack_euclidean,R000026,1.044186194240606,61.41974549403844,21.79012725298078,3.7998263403916885,13.999999999999998,24.0,14.0,9.419745494038436,0.22797906923847566,0.3908212615516725,0.22797906923847563,0.1532205999713762,-5.551115123125783e-17,1.0,1.4197454940384362,0.0,0.0,0.0,0.0,2.0,0.20987274701921815,0.0,4.0,1.419745494038436,0.0,1.0,0.20987274701921815,0.790127252980782,0.0,0.0,1.0,0.0,0.0,0.0,0.0,1.0,1.0,0.0,0.0,0.0,0.0,0.0,0.0,0.0,0.0,0.0,0.0,0.0,0.0,0.0,0.0,0.0,0.0,0.0,0.0,0.0,0.0,0.0,0.0,0.0,0.0,0.0,0.0,0.0,0.0,0.0,0.0,0.0,0.0,0.0,2.0
SMOTE_000240,attack,union,"1'   )    )     )   union all select null,null,null,null,null,null,null,null,null#",nearest_attack_euclidean,R000020,3.1932095608160136,69.11814018066866,18.477280734486797,3.3930801739497887,32.16357871169507,10.413666791049828,16.018175412410564,10.522719265513203,0.4315127276405842,0.1831015977102389,0.23461756545418777,0.15076810919498915,1.0,0.0,0.4954561468973593,0.0,0.0,0.0,0.0,2.5045438531026405,0.0,0.0,5.522719265513203,0.49545614689735906,1.0,0.0,0.0,1.0,0.0,0.0,1.0,0.0,0.0,0.0,0.0,1.0,1.0,0.0,0.0,0.0,0.0,0.0,0.0,0.0,0.0,0.0,0.0,0.0,0.0,0.0,0.0,0.0,0.0,0.0,0.0,0.0,0.0,0.0,0.0,0.0,0.0,0.0,0.0,0.0,0.0,0.0,0.0,0.0,0.0,0.0,2.0
SMOTE_000241,attack,union,"-4966%"" union all select 4300,4300,4300,4300,4300,4300,4300,4300#",nearest_attack_euclidean,R000017,1.415792017384895,62.22143848157552,20.444287696315104,3.6461053947337634,13.999999999999998,33.77715078526042,3.999999999999999,10.444287696315104,0.2262656954567672,0.5414106337636946,0.06464734155907632,0.16767632922046183,-5.551115123125783e-17,1.0,1.5557123036848959,0.0,0.0,0.0,0.0,0.0,0.7221438481575521,0.0,6.444287696315104,1.5557123036848957,0.0,1.0,0.27785615184244794,0.7221438481575521,0.0,0.0,0.0,0.0,0.0,0.0,0.0,1.0,1.0,0.0,0.0,0.0,0.0,0.0,0.0,0.0,0.0,0.0,0.0,0.0,0.0,0.0,0.0,0.0,0.0,0.0,0.0,0.0,0.0,0.0,0.0,0.0,0.0,0.0,0.0,0.0,0.0,0.0,0.0,0.0,0.0,0.0,2.0
SMOTE_000242,attack,union,"-8308""  )   union all select 3084,3084,3084,3084,3084,3084,3084,3084,3084#",nearest_attack_euclidean,R000029,0.2588313952584718,73.40087693555488,20.06656922938279,3.6444954312135507,13.999999999999998,39.733723082468835,7.7337230824688366,11.933430770617209,0.19093299852437248,0.5414262849647606,0.1050080026233378,0.1626327138875291,-5.551115123125783e-17,1.0,1.0,0.0,0.0,0.0,0.0,0.933430770617209,0.06656922938279097,0.0,7.933430770617209,1.0,0.0,1.0,0.0,1.0,0.0,0.0,0.933430770617209,0.0,0.0,0.0,0.0,1.0,1.0,0.0,0.0,0.0,0.0,0.0,0.0,0.0,0.0,0.0,0.0,0.0,0.0,0.0,0.0,0.0,0.0,0.0,0.0,0.0,0.0,0.0,0.0,0.0,0.0,0.0,0.0,0.0,0.0,0.0,0.0,0.0,0.0,0.0,2.0
SMOTE_000243,attack,union,"-9110""   )    )    union all select 2263,2263,2263,2263,2263#",nearest_attack_euclidean,R000026,0.10147861023304816,60.89565234102805,22.0,3.8010331587251907,13.999999999999998,24.2086953179439,13.686957023084148,9.0,0.22991410592542574,0.3976756760794401,0.22460829275736047,0.1478019252377737,-5.551115123125783e-17,1.0,1.0,0.0,0.0,0.0,0.0,1.9478261705140247,0.0,0.0,4.052173829485976,1.0,0.0,1.0,0.0,1.0,0.0,0.0,1.0,0.0,0.0,0.0,0.0,1.0,1.0,0.0,0.0,0.0,0.0,0.0,0.0,0.0,0.0,0.0,0.0,0.0,0.0,0.0,0.0,0.0,0.0,0.0,0.0,0.0,0.0,0.0,0.0,0.0,0.0,0.0,0.0,0.0,0.0,0.0,0.0,0.0,0.0,0.0,2.0
SMOTE_000244,attack,union,"1""  )   where 2088  =  2088 union all select null,null,null,null--",nearest_attack_euclidean,R000022,0.006054802536596841,65.99083956107815,23.0,3.844004795913526,34.993129670808614,9.0,14.002290109730463,7.995419780539075,0.5302683316707506,0.13638517344574103,0.21219419889945568,0.12115229598405272,-5.551115123125783e-17,1.0,1.9977098902695378,0.0,0.0,1.0,0.0,1.0,0.0,0.0,2.996564835404307,2.9977098902695376,0.0,1.0,0.998854945134769,0.0011450548652310877,0.0,1.0,1.0,0.0,0.0,0.0,0.0,1.0,1.0,1.0,0.0,0.0,0.0,0.0,0.0,0.0,0.0,0.0,0.0,0.0,0.0,0.0,0.0,0.0,0.0,0.0,0.0,0.0,0.0,0.0,0.0,0.0,0.0,0.0,0.0,0.0,0.0,0.0,0.0,0.0,0.0,0.0,3.0
SMOTE_000245,attack,union,"-9110""   )    )    union all select 2263,2263,2263,2263,2263#",nearest_attack_euclidean,R000026,0.1369551904229435,60.93781628812546,22.02072790395818,3.7939997647724555,14.310918559372698,23.689081440627298,14.04145580791636,8.8963604802091,0.2351149248411471,0.38850378093930305,0.23046901533327913,0.14591227888627076,-5.551115123125783e-17,1.0,0.97927209604182,0.0,0.0,0.020727903958180027,0.0,1.9792720960418198,0.0,0.0,3.9170883841672794,1.0,0.0,1.0,0.0,1.0,0.0,0.020727903958180027,1.0,0.0,0.0,0.0,0.0,1.0,1.0,0.020727903958180027,0.0,0.0,0.0,0.0,0.0,0.0,0.0,0.0,0.0,0.0,0.0,0.0,0.0,0.0,0.0,0.0,0.0,0.0,0.0,0.0,0.0,0.0,0.0,0.0,0.0,0.0,0.0,0.0,0.0,0.0,0.0,0.0,2.0207279039581802
SMOTE_000246,attack,union,"1  )   union all select null,null,null,null,null,null,null,null,null--",nearest_attack_euclidean,R000007,0.2120679805548981,70.1442981648372,15.048099388279063,3.0557023163502253,49.61520489376748,1.0,8.480993882790642,11.048099388279065,0.7076026290258052,0.014257475897292177,0.120648764476839,0.15749113060006367,-5.551115123125783e-17,0.04809938827906429,2.0,0.0,0.0,0.0,0.0,1.0961987765581285,0.0,0.0,7.903801223441872,2.0,0.0,0.04809938827906429,1.0,0.0,0.0,0.0,1.0,0.0,0.0,0.0,0.0,1.0,1.0,0.0,0.0,0.0,0.0,0.0,0.0,0.0,0.0,0.0,0.0,0.0,0.0,0.0,0.0,0.0,0.0,0.0,0.0,0.0,0.0,0.0,0.0,0.0,0.0,0.0,0.0,0.0,0.0,0.0,0.0,0.0,0.0,0.0,2.0
SMOTE_000247,attack,union," select * from users where id  =  1 + \+*$ union select null,@@VERSION -- 1",nearest_attack_euclidean,R000003,0.1533202013852889,74.93489637857108,32.03255181071446,4.396887395320412,43.93489637857108,2.032551810714457,17.0,11.967448189285541,0.5862980434220463,0.027136364026747434,0.2268688148975875,0.15969677765361873,-5.551115123125783e-17,0.0,2.0,0.0,1.9674481892855409,1.0,0.0,0.0,0.0,0.0,1.0,6.934896378571082,0.0,0.0,1.0,0.0,0.0,1.0,0.0,0.0,0.0,0.0,0.0,2.0,1.0,1.0,1.0,0.0,0.032551810714459256,0.0,0.0,0.0,0.0,0.0,0.0,0.0,0.0,0.0,0.0,0.0,0.0,0.0,0.0,0.0,0.0,0.0,0.0,0.0,0.0,0.0,0.0,0.0,0.0,0.0,0.0,0.0,0.0,0.0,5.032551810714459
SMOTE_000248,attack,union,"-9156'   )    )    union all select 9110,9110,9110,9110#",nearest_attack_euclidean,R000013,3.150373531753253,68.7090532085863,18.555951306041095,3.4032417934180668,31.597150596504108,10.712614962956163,15.955238955167124,10.444048693958903,0.4258522840775309,0.18852904480701638,0.2350972640612262,0.15052140705422654,1.0,0.0,0.5111902612082193,0.0,0.0,0.0,0.0,2.488809738791781,0.0,0.0,5.444048693958904,0.5111902612082191,1.0,0.0,0.0,1.0,0.0,0.0,1.0,0.0,0.0,0.0,0.0,1.0,1.0,0.0,0.0,0.0,0.0,0.0,0.0,0.0,0.0,0.0,0.0,0.0,0.0,0.0,0.0,0.0,0.0,0.0,0.0,0.0,0.0,0.0,0.0,0.0,0.0,0.0,0.0,0.0,0.0,0.0,0.0,0.0,0.0,0.0,2.0
SMOTE_000249,attack,union,"-4542 union all select 1249,1249,1249,1249,1249,1249,1249,1249,1249--",nearest_attack_euclidean,R000012,1.5867141122677226,64.78285418537561,18.0,3.5568700822309762,13.999999999999998,36.2514259425561,3.999999999999999,10.531428242819512,0.21715943029100035,0.5579792808264121,0.0620455515117144,0.1628157373708731,-5.551115123125783e-17,0.46857175718048827,3.0,0.0,0.0,0.0,0.0,0.0,0.0,0.0,7.062856485639024,3.0,0.0,0.46857175718048827,1.0,0.0,0.0,0.0,0.0,0.0,0.0,0.0,0.0,1.0,1.0,0.0,0.0,0.0,0.0,0.0,0.0,0.0,0.0,0.0,0.0,0.0,0.0,0.0,0.0,0.0,0.0,0.0,0.0,0.0,0.0,0.0,0.0,0.0,0.0,0.0,0.0,0.0,0.0,0.0,0.0,0.0,0.0,0.0,2.0
SMOTE_000250,attack,union,"-6294"" union all select 9921,9921,9921,9921,9921,9921--",nearest_attack_euclidean,R000021,1.1510226628816593,55.982687995363165,19.73701599652237,3.7413653332605774,13.999999999999998,28.0,4.98268799536316,9.0,0.25030581450382605,0.5006116290076522,0.08817167573606201,0.16091088075245966,-5.551115123125783e-17,1.0,2.5086560023184195,0.0,0.0,0.0,0.0,0.24567199884079027,0.0,0.0,5.0,2.5086560023184195,0.0,1.0,0.7543280011592098,0.24567199884079025,0.0,0.0,0.24567199884079033,0.0,0.0,0.0,0.0,1.0,1.0,0.0,0.0,0.0,0.0,0.0,0.0,0.0,0.0,0.0,0.0,0.0,0.0,0.0,0.0,0.0,0.0,0.0,0.0,0.0,0.0,0.0,0.0,0.0,0.0,0.0,0.0,0.0,0.0,0.0,0.0,0.0,0.0,0.0,2.0
SMOTE_000251,attack,union,"1  )   union all select null,null,null,null,null,null,null,null,null--",nearest_attack_euclidean,R000007,0.5920433772159608,70.2507940686601,15.125397034330051,3.0487172900642134,50.501588137320205,1.0,7.498411862679795,11.250794068660102,0.7187641797975018,0.014235953557805547,0.10692112655521921,0.16007874008947343,0.12539703433005112,0.0,2.0,0.0,0.0,0.0,0.0,0.8746029656699489,0.12539703433005112,0.0,8.125397034330051,2.0,0.12539703433005112,0.0,1.0,0.0,0.0,0.0,0.8746029656699489,0.0,0.0,0.0,0.0,1.0,1.0,0.0,0.0,0.0,0.0,0.0,0.0,0.0,0.0,0.0,0.0,0.0,0.0,0.0,0.0,0.0,0.0,0.0,0.0,0.0,0.0,0.0,0.0,0.0,0.0,0.0,0.0,0.0,0.0,0.0,0.0,0.0,0.0,0.0,2.0
SMOTE_000252,attack,union,"-9110""   )    )    union all select 2263,2263,2263,2263,2263#",nearest_attack_euclidean,R000026,3.293181080331847,58.50361861437049,22.496381385629512,3.9449554860002833,21.445720784442692,18.56875367303925,11.971051085036105,6.5180930718524355,0.3676934148687704,0.31603014187812456,0.2052200657808785,0.11105637747222655,-5.551115123125783e-17,1.0,0.5036186143704868,0.0,0.0,0.49638138562951306,0.0,1.0,0.0,0.0,2.518093071852435,1.0,0.0,1.0,0.0,1.0,0.0,0.49638138562951306,1.0,0.0,0.0,0.0,0.0,1.0,1.0,0.49638138562951306,0.0,0.0,0.0,0.0,0.0,0.0,0.0,0.0,0.0,0.0,0.0,0.0,0.0,0.0,0.0,0.0,0.0,0.0,0.0,0.0,0.0,0.0,0.0,0.0,0.0,0.0,0.0,0.0,0.0,0.0,0.0,0.0,2.496381385629513
SMOTE_000253,attack,union," select * from users where id  =  1 *$ . union select null,@@VERSION -- 1",nearest_attack_euclidean,R000005,0.6004789553360523,73.0,31.130999854027465,4.339932430092293,43.73800029194507,2.130999854027463,17.0,10.130999854027465,0.5991506889307544,0.02919177882229404,0.2328767123287671,0.13878081991818442,-5.551115123125783e-17,0.0,2.0,0.0,1.869000145972536,1.0,0.0,0.0,0.0,0.0,1.0,5.0,0.0,0.0,1.0,0.0,0.0,1.0,0.0,0.0,0.0,0.0,0.0,2.0,1.0,1.0,1.0,0.0,0.1309998540274641,0.0,0.0,0.0,0.0,0.0,0.0,0.0,0.0,0.0,0.0,0.0,0.0,0.0,0.0,0.0,0.0,0.0,0.0,0.0,0.0,0.0,0.0,0.0,0.0,0.0,0.0,0.0,0.0,0.0,5.130999854027464
SMOTE_000254,attack,union," select * from users where id  =  1 +$ . union select null,@@VERSION -- 1",nearest_attack_euclidean,R000001,0.7536692790692093,73.0,32.17818077023479,4.369110212508733,43.64363845953042,2.1781807702347873,17.0,10.178180770234787,0.5978580610894578,0.029838092742942274,0.2328767123287671,0.13942713383883268,-5.551115123125783e-17,0.0,2.0,0.0,1.0,1.0,0.0,0.0,0.0,0.0,1.0,5.0,0.0,0.0,1.0,0.0,0.0,1.0,0.0,0.0,0.0,0.0,0.0,2.0,1.0,1.0,1.0,0.0,0.17818077023478673,0.0,0.0,0.0,0.0,0.0,0.0,0.0,0.0,0.0,0.0,0.0,0.0,0.0,0.0,0.0,0.0,0.0,0.0,0.0,0.0,0.0,0.0,0.0,0.0,0.0,0.0,0.0,0.0,0.0,5.178180770234787
SMOTE_000255,attack,union,"1'   )    )     )   union all select null,null,null,null,null,null,null,null,null#",nearest_attack_euclidean,R000020,0.24955842533584474,81.47811254101369,15.956509378417808,3.0721170911192344,50.0,1.0,17.56509378417807,12.913018756835614,0.6143021555660828,0.01228604311132167,0.21493583006347658,0.1584759712591189,0.9565093784178071,0.0,0.08698124316438571,0.0,0.0,0.0,0.0,2.9130187568356147,0.0,0.0,8.0,0.08698124316438527,0.9565093784178073,0.0,0.043490621582192746,0.9565093784178074,0.0,0.0,1.0,0.0,0.0,0.0,0.0,1.0,1.0,0.0,0.0,0.0,0.0,0.0,0.0,0.0,0.0,0.0,0.0,0.0,0.0,0.0,0.0,0.0,0.0,0.0,0.0,0.0,0.0,0.0,0.0,0.0,0.0,0.0,0.0,0.0,0.0,0.0,0.0,0.0,0.0,0.0,2.0
SMOTE_000256,attack,union,"-9156'   )    )    union all select 9110,9110,9110,9110#",nearest_attack_euclidean,R000013,1.7997366933028265,60.231506434840675,20.615317596832664,3.682171712189476,13.999999999999998,21.538729612669336,15.538729612669337,9.154047209502002,0.23421079688492286,0.3575529663146773,0.25717691050685326,0.15105932629354657,1.0,0.0,1.7693648063346685,0.0,0.0,0.0,0.0,2.3846824031673344,0.0,0.0,3.3846824031673344,1.7693648063346687,1.0,0.0,0.38468240316733415,0.6153175968326658,0.0,0.0,1.0,0.0,0.0,0.0,0.0,1.0,1.0,0.0,0.0,0.0,0.0,0.0,0.0,0.0,0.0,0.0,0.0,0.0,0.0,0.0,0.0,0.0,0.0,0.0,0.0,0.0,0.0,0.0,0.0,0.0,0.0,0.0,0.0,0.0,0.0,0.0,0.0,0.0,0.0,0.0,2.0
SMOTE_000257,attack,union," select * from users where id  =  1 or \<\. union select 1,@@VERSION -- 1",nearest_attack_euclidean,R000002,0.080616563107568,73.0,32.40634184144946,4.3838595715226605,42.0,3.0,17.0,11.0,0.5753424657534246,0.0410958904109589,0.2328767123287671,0.1506849315068493,-5.551115123125783e-17,0.0,2.0,0.0,1.0,1.0,0.0,0.0,0.0,0.0,1.0,5.0,0.0,0.0,1.0,0.0,0.0,1.0,0.0,0.0,0.0,0.0,0.0,2.0,1.0,1.0,1.0,0.0,1.0,0.0,0.0,0.0,0.0,0.0,0.0,0.0,0.0,0.0,0.0,0.0,0.0,0.0,0.0,0.0,0.0,0.0,0.0,0.0,0.0,0.0,0.0,0.0,0.0,0.0,0.0,0.0,0.0,0.0,6.0
SMOTE_000258,attack,union,"-9110""   )    )    union all select 2263,2263,2263,2263,2263#",nearest_attack_euclidean,R000026,1.516777901048926,59.12411338691321,21.624822677382642,3.7642438376824767,13.999999999999998,22.499290709530566,14.0,8.62482267738264,0.23719625661101146,0.37982377400335116,0.23719625661101146,0.14578371277462596,0.37517732261735875,0.6248226773826411,1.0,0.0,0.0,0.0,0.0,2.0,0.0,0.0,3.6248226773826415,1.0,0.37517732261735887,0.6248226773826411,0.0,1.0,0.0,0.0,1.0,0.0,0.0,0.0,0.0,1.0,1.0,0.0,0.0,0.0,0.0,0.0,0.0,0.0,0.0,0.0,0.0,0.0,0.0,0.0,0.0,0.0,0.0,0.0,0.0,0.0,0.0,0.0,0.0,0.0,0.0,0.0,0.0,0.0,0.0,0.0,0.0,0.0,0.0,0.0,2.0
SMOTE_000259,attack,union,"1' union all select null,null,null,null,null,null,null,null,null--",nearest_attack_euclidean,R000023,0.46102298148719006,66.33011632117463,15.412645401468277,3.0787159660559347,47.0289531094284,4.218634131452562,3.999999999999999,11.082529080293655,0.711559543108992,0.06106054899452262,0.06032024560937263,0.16705966228711264,1.0,0.0,2.0825290802936554,0.0,0.0,0.0,0.0,0.0,0.0,0.0,8.0,2.0825290802936554,1.0,0.0,1.0,0.0,0.0,0.0,0.0,0.0,0.0,0.0,0.0,1.0,1.0,0.0,0.0,0.0,0.0,0.0,0.0,0.0,0.0,0.0,0.0,0.0,0.0,0.0,0.0,0.0,0.0,0.0,0.0,0.0,0.0,0.0,0.0,0.0,0.0,0.0,0.0,0.0,0.0,0.0,0.0,0.0,0.0,0.0,2.0
SMOTE_000260,attack,union,"1%' union all select null,null,null,null,null,null,null,null,null,null--",nearest_attack_euclidean,R000018,0.3532047376150746,71.32238647360545,15.887064412267575,3.0343372692120285,53.5482576490703,1.0,3.999999999999999,12.77412882453515,0.7508555726343366,0.014031484327944987,0.05612593731177992,0.17898700572593854,1.0,0.0,2.0,0.0,0.0,0.0,0.0,0.0,0.8870644122675752,0.0,8.887064412267575,2.0,1.0,0.0,1.0,0.0,0.0,0.0,0.0,0.0,0.0,0.0,0.0,1.0,1.0,0.0,0.0,0.0,0.0,0.0,0.0,0.0,0.0,0.0,0.0,0.0,0.0,0.0,0.0,0.0,0.0,0.0,0.0,0.0,0.0,0.0,0.0,0.0,0.0,0.0,0.0,0.0,0.0,0.0,0.0,0.0,0.0,0.0,2.0
SMOTE_000261,attack,union,"1""  )   where 2088  =  2088 union all select null,null,null,null--",nearest_attack_euclidean,R000022,2.240118480501276,62.6108773331824,23.0,3.873770626843002,32.4581579998868,9.0,14.8472806667044,6.305438666591202,0.5174654444438728,0.14433179310380312,0.23912440996288836,0.09907835248943578,-5.551115123125783e-17,1.0,1.1527193332956012,0.0,0.0,1.0,0.0,1.0,0.0,0.0,1.7290789999434022,2.152719333295601,0.0,1.0,0.5763596666478006,0.4236403333521994,0.0,1.0,1.0,0.0,0.0,0.0,0.0,1.0,1.0,1.0,0.0,0.0,0.0,0.0,0.0,0.0,0.0,0.0,0.0,0.0,0.0,0.0,0.0,0.0,0.0,0.0,0.0,0.0,0.0,0.0,0.0,0.0,0.0,0.0,0.0,0.0,0.0,0.0,0.0,0.0,0.0,0.0,3.0
SMOTE_000262,attack,union,"-9156'   )    )    union all select 9110,9110,9110,9110#",nearest_attack_euclidean,R000013,0.015230342952971744,56.00418672014656,21.004186720146564,3.719340676752846,14.03140040109922,19.976973039193908,14.004186720146564,7.991626559706874,0.25052334001832033,0.35672006028076586,0.25005413862258485,0.14270246107832896,0.9979066399267187,0.0020933600732813695,0.9979066399267188,0.0,0.0,0.0020933600732812585,0.0,1.9979066399267187,0.0,0.0,2.9937199197801565,1.0,0.9979066399267186,0.0020933600732813695,0.0,1.0,0.0,0.0020933600732812585,1.0,0.0,0.0,0.0,0.0,1.0,1.0,0.0020933600732812585,0.0,0.0,0.0,0.0,0.0,0.0,0.0,0.0,0.0,0.0,0.0,0.0,0.0,0.0,0.0,0.0,0.0,0.0,0.0,0.0,0.0,0.0,0.0,0.0,0.0,0.0,0.0,0.0,0.0,0.0,0.0,0.0,2.0020933600732813
SMOTE_000263,attack,union,"-5748' union all select 1224,1224,1224,1224,1224,1224,1224,1224,1224#",nearest_attack_euclidean,R000025,2.94425559573108,62.8013733158827,18.61591281380104,3.3624580091133343,27.35088824271418,21.404119947648105,3.999999999999999,10.046365125520415,0.463766061678292,0.3118088363748477,0.06438781230239886,0.16003728964446143,1.0,0.0,0.523182562760208,0.0,0.0,0.0,0.0,0.0,0.4768174372397921,0.0,7.046365125520415,0.5231825627602076,1.0,0.0,0.0,1.0,0.0,0.0,0.0,0.0,0.0,0.0,0.0,1.0,1.0,0.0,0.0,0.0,0.0,0.0,0.0,0.0,0.0,0.0,0.0,0.0,0.0,0.0,0.0,0.0,0.0,0.0,0.0,0.0,0.0,0.0,0.0,0.0,0.0,0.0,0.0,0.0,0.0,0.0,0.0,0.0,0.0,0.0,2.0
SMOTE_000264,attack,union,"-3370""  )   union all select 7845,7845,7845,7845,7845,7845#",nearest_attack_euclidean,R000009,0.6554537623656187,58.440404985441596,21.580303739081195,3.931747125627328,13.999999999999998,28.0,7.440404985441596,9.0,0.23970241300579898,0.47940482601159795,0.1267983526217323,0.15409440836087077,-5.551115123125783e-17,1.0,1.2797975072792025,0.0,0.0,0.0,0.0,0.8601012463603988,0.0,0.0,5.0,1.2797975072792023,0.0,1.0,0.13989875363960125,0.860101246360399,0.0,0.0,0.8601012463603988,0.0,0.0,0.0,0.0,1.0,1.0,0.0,0.0,0.0,0.0,0.0,0.0,0.0,0.0,0.0,0.0,0.0,0.0,0.0,0.0,0.0,0.0,0.0,0.0,0.0,0.0,0.0,0.0,0.0,0.0,0.0,0.0,0.0,0.0,0.0,0.0,0.0,0.0,0.0,2.0
SMOTE_000265,attack,union,"1%'  )   union all select null,null,null,null,null,null#",nearest_attack_euclidean,R000010,1.9881820342999963,56.0,18.562829457272187,3.469635383780049,28.623023256366885,8.423439922042883,10.344244185908279,8.609292635681953,0.5111254152922659,0.15041857003648004,0.18471864617693357,0.1537373684943206,1.0,0.0,0.3907073643180463,0.0,0.0,0.0,0.0,1.3907073643180463,0.6092926356819537,0.0,4.218585271363907,0.3907073643180463,1.0,0.0,0.0,1.0,0.0,0.0,1.0,0.0,0.0,0.0,0.0,1.0,1.0,0.0,0.0,0.0,0.0,0.0,0.0,0.0,0.0,0.0,0.0,0.0,0.0,0.0,0.0,0.0,0.0,0.0,0.0,0.0,0.0,0.0,0.0,0.0,0.0,0.0,0.0,0.0,0.0,0.0,0.0,0.0,0.0,0.0,2.0
SMOTE_000266,attack,union,"1  )   union all select null,null,null,null,null,null,null,null,null--",nearest_attack_euclidean,R000007,0.055188637006529,69.99050189954038,15.028494301378874,3.0556596156891347,49.658068383453525,1.3704259179253526,7.962007598161502,11.0,0.7094285076324488,0.01965617233027625,0.11375083160972715,0.1571644884275478,-5.551115123125783e-17,0.0,2.0094981004596244,0.0,0.0,0.0,0.0,0.9905018995403756,0.0,0.0,8.0,2.0094981004596244,0.0,0.0,1.0,0.0,0.0,0.0,0.9905018995403756,0.0,0.0,0.0,0.0,1.0,1.0,0.0,0.0,0.0,0.0,0.0,0.0,0.0,0.0,0.0,0.0,0.0,0.0,0.0,0.0,0.0,0.0,0.0,0.0,0.0,0.0,0.0,0.0,0.0,0.0,0.0,0.0,0.0,0.0,0.0,0.0,0.0,0.0,0.0,2.0
SMOTE_000267,attack,union," select * from users where id  =  1 or \.<$ union select 1,@@VERSION -- 1",nearest_attack_euclidean,R000004,0.002186889993161988,73.0,32.98897714228271,4.399822182504393,42.0,3.0,17.0,11.0,0.5753424657534246,0.0410958904109589,0.2328767123287671,0.1506849315068493,-5.551115123125783e-17,0.0,2.0,0.0,1.0,1.0,0.0,0.0,0.0,0.0,1.0,5.0,0.0,0.0,1.0,0.0,0.0,1.0,0.0,0.0,0.0,0.0,0.0,2.0,1.0,1.0,1.0,0.0,1.0,0.0,0.0,0.0,0.0,0.0,0.0,0.0,0.0,0.0,0.0,0.0,0.0,0.0,0.0,0.0,0.0,0.0,0.0,0.0,0.0,0.0,0.0,0.0,0.0,0.0,0.0,0.0,0.0,0.0,6.0
SMOTE_000268,attack,union," select * from users where id  =  1 + \+*$ union select null,@@VERSION -- 1",nearest_attack_euclidean,R000003,2.2462369296330524,74.0461911908199,32.47690440459005,4.398374062063706,43.0461911908199,2.4769044045900532,17.0,11.523095595409947,0.5812661053726789,0.03354802702513501,0.2296282647956277,0.1555576028065584,-5.551115123125783e-17,0.0,2.0,0.0,1.5230955954099465,1.0,0.0,0.0,0.0,0.0,1.0,6.0461911908198935,0.0,0.0,1.0,0.0,0.0,1.0,0.0,0.0,0.0,0.0,0.0,2.0,1.0,1.0,1.0,0.0,0.47690440459005334,0.0,0.0,0.0,0.0,0.0,0.0,0.0,0.0,0.0,0.0,0.0,0.0,0.0,0.0,0.0,0.0,0.0,0.0,0.0,0.0,0.0,0.0,0.0,0.0,0.0,0.0,0.0,0.0,0.0,5.476904404590053
SMOTE_000269,attack,union,"1'+  (  select vlut where 9517  =  9517 union all select null,null,null--",nearest_attack_euclidean,R000011,0.2996144011392181,73.0,25.39824019134097,4.03303540512562,41.17067436771756,8.601759808659027,15.113782911811708,8.113782911811706,0.5639818406536652,0.11783232614601408,0.20703812207961242,0.1111477111207083,0.9431085440941467,0.0,2.0,0.0,0.05689145590585318,1.0,0.0,0.9431085440941468,0.0,0.0,1.9431085440941467,4.056891455905854,0.9431085440941468,0.0,1.0,0.0,0.0,1.0,0.9431085440941469,0.0,0.0,0.0,0.0,2.0,1.0,1.0,0.05689145590585318,0.0,0.0,0.0,0.0,0.0,0.0,0.0,0.0,0.0,0.0,0.0,0.0,0.0,0.0,0.0,0.0,0.0,0.0,0.0,0.0,0.0,0.0,0.0,0.0,0.0,0.0,0.0,0.0,0.0,0.0,0.0,4.056891455905853
SMOTE_000270,attack,union,"-9110""   )    )    union all select 2263,2263,2263,2263,2263#",nearest_attack_euclidean,R000026,2.1716605056241205,61.87297142678647,21.563514286606765,3.808868873970664,13.999999999999998,24.0,14.0,9.872971426786469,0.2263279729443116,0.38799081076167696,0.22632797294431156,0.1593532433496998,-5.551115123125783e-17,1.0,1.8729714267864697,0.0,0.0,0.0,0.0,2.0,0.43648571339323494,0.0,4.0,1.8729714267864694,0.0,1.0,0.4364857133932349,0.5635142866067652,0.0,0.0,1.0,0.0,0.0,0.0,0.0,1.0,1.0,0.0,0.0,0.0,0.0,0.0,0.0,0.0,0.0,0.0,0.0,0.0,0.0,0.0,0.0,0.0,0.0,0.0,0.0,0.0,0.0,0.0,0.0,0.0,0.0,0.0,0.0,0.0,0.0,0.0,0.0,0.0,0.0,0.0,2.0
SMOTE_000271,attack,union,"-3378%""   )    )    union all select 9357,9357,9357,9357,9357--",nearest_attack_euclidean,R000028,1.1734830070522533,61.09226605341912,20.52306651335478,3.791742762681823,13.999999999999998,24.953866973290438,11.615332566773898,10.52306651335478,0.22993023816800354,0.41150915845172836,0.18657264847298352,0.1719879549072845,-5.551115123125783e-17,1.0,3.0,0.0,0.0,0.0,0.0,1.5230665133547796,0.7615332566773898,0.0,4.23846674332261,3.0,0.0,1.0,1.0,0.0,0.0,0.0,0.7615332566773898,0.0,0.0,0.0,0.0,1.0,1.0,0.0,0.0,0.0,0.0,0.0,0.0,0.0,0.0,0.0,0.0,0.0,0.0,0.0,0.0,0.0,0.0,0.0,0.0,0.0,0.0,0.0,0.0,0.0,0.0,0.0,0.0,0.0,0.0,0.0,0.0,0.0,0.0,0.0,2.0
SMOTE_000272,attack,union,"-8812""  )   where 1646  =  1646 union all select 1646,1646,1646,1646,1646,1646--",nearest_attack_euclidean,R000019,1.0605086891513005,76.42913255331734,22.928739765995203,3.737772034027251,18.107283138329336,35.28582651066347,12.21456627665867,10.821456627665867,0.2367560692819411,0.4648786143611777,0.15565780133046891,0.1427075150264122,-5.551115123125783e-17,1.0,3.0,0.0,0.0,0.821456627665867,0.0,0.821456627665867,0.0,0.0,5.178543372334133,3.8214566276658672,0.0,1.0,1.0,0.0,0.0,0.821456627665867,0.821456627665867,0.0,0.0,0.0,0.0,1.0,1.0,0.821456627665867,0.0,0.0,0.0,0.0,0.0,0.0,0.0,0.0,0.0,0.0,0.0,0.0,0.0,0.0,0.0,0.0,0.0,0.0,0.0,0.0,0.0,0.0,0.0,0.0,0.0,0.0,0.0,0.0,0.0,0.0,0.0,0.0,2.821456627665867
SMOTE_000273,attack,union," select * from users where id  =  1 or \.<$ union select 1,@@VERSION -- 1",nearest_attack_euclidean,R000004,2.155998471117225,73.915491285537,32.5422543572315,4.39859270285169,42.915491285537,2.542254357231501,17.0,11.4577456427685,0.5805260693792962,0.034490976113477345,0.23003409098554722,0.15494886352167916,-5.551115123125783e-17,0.0,2.0,0.0,1.4577456427685,1.0,0.0,0.0,0.0,0.0,1.0,5.915491285537,0.0,0.0,1.0,0.0,0.0,1.0,0.0,0.0,0.0,0.0,0.0,2.0,1.0,1.0,1.0,0.0,0.5422543572315,0.0,0.0,0.0,0.0,0.0,0.0,0.0,0.0,0.0,0.0,0.0,0.0,0.0,0.0,0.0,0.0,0.0,0.0,0.0,0.0,0.0,0.0,0.0,0.0,0.0,0.0,0.0,0.0,0.0,5.542254357231499
SMOTE_000274,attack,union,"1'   )    )     )   union all select null,null,null,null,null,null,null,null,null#",nearest_attack_euclidean,R000020,1.9826654418794845,74.00164668040222,17.53814486915342,3.271775077215583,38.92535694209538,6.844950502782998,16.769484104677264,11.46185513084658,0.4990846984389612,0.11831103975344154,0.2288911272509355,0.15371313455666175,1.0,0.0,0.3076289738306841,0.0,0.0,0.0,0.0,2.6923710261693157,0.0,0.0,6.46185513084658,0.3076289738306839,1.0,0.0,0.0,1.0,0.0,0.0,1.0,0.0,0.0,0.0,0.0,1.0,1.0,0.0,0.0,0.0,0.0,0.0,0.0,0.0,0.0,0.0,0.0,0.0,0.0,0.0,0.0,0.0,0.0,0.0,0.0,0.0,0.0,0.0,0.0,0.0,0.0,0.0,0.0,0.0,0.0,0.0,0.0,0.0,0.0,0.0,2.0
SMOTE_000275,attack,union,"-8812""  )   where 1646  =  1646 union all select 1646,1646,1646,1646,1646,1646--",nearest_attack_euclidean,R000019,0.41076504034906103,79.53942843456755,24.06579593791892,3.800042159390527,20.447510634216247,34.22350967618915,14.06579593791892,10.80261218624324,0.2588273476850199,0.4285036558990924,0.17700542413519996,0.13566357228068768,0.0657959379189203,0.9342040620810793,2.9342040620810796,0.0,0.0,1.0,0.0,1.0,0.0,0.0,4.8026121862432385,4.0,0.06579593791892047,0.9342040620810793,1.0,0.0,0.0,1.0,1.0,0.0,0.0,0.0,0.0,1.0657959379189204,1.0,1.0,0.0,0.0,0.0,0.0,0.0,0.0,0.0,0.0,0.0,0.0,0.0,0.0,0.0,0.0,0.0,0.0,0.0,0.0,0.0,0.0,0.0,0.0,0.0,0.0,0.0,0.0,0.0,0.0,0.0,0.0,0.0,0.0,3.0657959379189204
SMOTE_000276,attack,union,"-9156'   )    )    union all select 9110,9110,9110,9110#",nearest_attack_euclidean,R000013,0.18116757079627932,56.425957721738705,20.96127657075103,3.715231171559429,13.999999999999998,20.154893716995893,14.154893716995893,8.116170287746918,0.24841060551590038,0.35718414011647015,0.25072245203822713,0.1436828023294024,1.0,0.0,1.0774468584979457,0.0,0.0,0.0,0.0,2.038723429248973,0.0,0.0,3.0387234292489733,1.0774468584979462,1.0,0.0,0.038723429248972985,0.9612765707510269,0.0,0.0,1.0,0.0,0.0,0.0,0.0,1.0,1.0,0.0,0.0,0.0,0.0,0.0,0.0,0.0,0.0,0.0,0.0,0.0,0.0,0.0,0.0,0.0,0.0,0.0,0.0,0.0,0.0,0.0,0.0,0.0,0.0,0.0,0.0,0.0,0.0,0.0,0.0,0.0,0.0,0.0,2.0
SMOTE_000277,attack,union,"-5945'   )    )     )   union all select 4266,4266,4266,4266,4266--",nearest_attack_euclidean,R000014,1.8566737843723116,68.04499752369733,20.0,3.655253719554691,13.999999999999998,29.573320126385795,13.12334488941243,11.348332507899112,0.20583582828747066,0.4324802788697467,0.19497956336121125,0.16670432948157138,1.0,0.0,3.0,0.0,0.0,0.0,0.0,1.9550024763026639,0.0,0.0,5.393330031596448,3.0,1.0,0.0,1.0,0.0,0.0,0.0,0.6516674921008879,0.0,0.0,0.0,0.0,1.0,1.0,0.0,0.0,0.0,0.0,0.0,0.0,0.0,0.0,0.0,0.0,0.0,0.0,0.0,0.0,0.0,0.0,0.0,0.0,0.0,0.0,0.0,0.0,0.0,0.0,0.0,0.0,0.0,0.0,0.0,0.0,0.0,0.0,0.0,2.0
SMOTE_000278,attack,union,"-4966%"" union all select 4300,4300,4300,4300,4300,4300,4300,4300#",nearest_attack_euclidean,R000017,0.16094078497055073,64.68414578810088,20.936829157620174,3.6395787764068106,13.999999999999998,35.7473166304807,3.999999999999999,10.936829157620174,0.21662152698366094,0.5524325405901018,0.06189186485247454,0.16905406757376273,-5.551115123125783e-17,1.0,1.063170842379825,0.0,0.0,0.0,0.0,0.0,0.9684145788100875,0.0,6.936829157620175,1.063170842379825,0.0,1.0,0.03158542118991248,0.9684145788100875,0.0,0.0,0.0,0.0,0.0,0.0,0.0,1.0,1.0,0.0,0.0,0.0,0.0,0.0,0.0,0.0,0.0,0.0,0.0,0.0,0.0,0.0,0.0,0.0,0.0,0.0,0.0,0.0,0.0,0.0,0.0,0.0,0.0,0.0,0.0,0.0,0.0,0.0,0.0,0.0,0.0,0.0,2.0
SMOTE_000279,attack,union," select * from users where id  =  1 or \<\. union select 1,@@VERSION -- 1",nearest_attack_euclidean,R000002,1.6672689269480667,73.70846737492623,32.0,4.381246794190906,42.70846737492623,2.645766312536887,17.0,11.354233687463115,0.5793538792004955,0.035984573276787946,0.23067690495456694,0.15398464256814956,-5.551115123125783e-17,0.0,2.0,0.0,1.354233687463114,1.0,0.0,0.0,0.0,0.0,1.0,5.708467374926228,0.0,0.0,1.0,0.0,0.0,1.0,0.0,0.0,0.0,0.0,0.0,2.0,1.0,1.0,1.0,0.0,0.645766312536886,0.0,0.0,0.0,0.0,0.0,0.0,0.0,0.0,0.0,0.0,0.0,0.0,0.0,0.0,0.0,0.0,0.0,0.0,0.0,0.0,0.0,0.0,0.0,0.0,0.0,0.0,0.0,0.0,0.0,5.645766312536886
SMOTE_000280,attack,union,"1%' union all select null,null,null,null,null,null,null,null,null,null--",nearest_attack_euclidean,R000018,0.04918093011834857,71.84668816491197,16.0,3.0372855821659206,53.88501612368398,1.0,3.999999999999999,12.961672041227992,0.75,0.01392691265751192,0.05570765063004765,0.18036543671244043,1.0,0.0,1.980836020613996,0.0,0.0,0.0,0.0,0.0,1.0,0.0,8.971254030920996,1.980836020613996,1.0,0.0,0.990418010306998,0.009581989693001947,0.0,0.0,0.0,0.0,0.0,0.0,0.0,1.0,1.0,0.0,0.0,0.0,0.0,0.0,0.0,0.0,0.0,0.0,0.0,0.0,0.0,0.0,0.0,0.0,0.0,0.0,0.0,0.0,0.0,0.0,0.0,0.0,0.0,0.0,0.0,0.0,0.0,0.0,0.0,0.0,0.0,0.0,2.0
SMOTE_000281,attack,union,"-6294"" union all select 9921,9921,9921,9921,9921,9921--",nearest_attack_euclidean,R000021,0.9680344392251888,56.89981523296689,19.379963046593378,3.660208655698426,13.999999999999998,29.519852186373512,3.999999999999999,9.379963046593378,0.24710561866810168,0.5175935786650265,0.07060160533374334,0.16469919733312832,-5.551115123125783e-17,1.0,2.620036953406623,0.0,0.0,0.0,0.0,0.0,0.1899815232966886,0.0,5.379963046593377,2.6200369534066223,0.0,1.0,0.8100184767033114,0.1899815232966887,0.0,0.0,0.0,0.0,0.0,0.0,0.0,1.0,1.0,0.0,0.0,0.0,0.0,0.0,0.0,0.0,0.0,0.0,0.0,0.0,0.0,0.0,0.0,0.0,0.0,0.0,0.0,0.0,0.0,0.0,0.0,0.0,0.0,0.0,0.0,0.0,0.0,0.0,0.0,0.0,0.0,0.0,2.0
SMOTE_000282,attack,union,"-3879' union all select 9814,9814,9814,9814,9814,9814,9814,9814,9814--",nearest_attack_euclidean,R000015,1.1123321513564142,69.71670753769197,20.28329246230803,3.663979229996493,13.999999999999998,40.0,3.999999999999999,11.716707537691972,0.20082113757190734,0.573774678776878,0.05737746787768781,0.16802671577352676,1.0,0.0,2.4334150753839436,0.0,0.0,0.0,0.0,0.0,0.0,0.0,8.0,2.433415075383943,1.0,0.0,0.7167075376919717,0.2832924623080284,0.0,0.0,0.0,0.0,0.0,0.0,0.0,1.0,1.0,0.0,0.0,0.0,0.0,0.0,0.0,0.0,0.0,0.0,0.0,0.0,0.0,0.0,0.0,0.0,0.0,0.0,0.0,0.0,0.0,0.0,0.0,0.0,0.0,0.0,0.0,0.0,0.0,0.0,0.0,0.0,0.0,0.0,2.0
SMOTE_000283,attack,union,"-8308""  )   union all select 3084,3084,3084,3084,3084,3084,3084,3084,3084#",nearest_attack_euclidean,R000029,1.2000309838382268,71.2222603067596,20.308637743693378,3.643003305814081,13.999999999999998,38.76544902522649,6.765449025226488,11.691362256306622,0.19727408642523195,0.5446471550096417,0.09373495746625433,0.16434380109887212,-5.551115123125783e-17,1.0,1.0,0.0,0.0,0.0,0.0,0.691362256306622,0.30863774369337804,0.0,7.691362256306622,1.0,0.0,1.0,0.0,1.0,0.0,0.0,0.691362256306622,0.0,0.0,0.0,0.0,1.0,1.0,0.0,0.0,0.0,0.0,0.0,0.0,0.0,0.0,0.0,0.0,0.0,0.0,0.0,0.0,0.0,0.0,0.0,0.0,0.0,0.0,0.0,0.0,0.0,0.0,0.0,0.0,0.0,0.0,0.0,0.0,0.0,0.0,0.0,2.0
SMOTE_000284,attack,union,"1'+  (  select vlut where 9517  =  9517 union all select null,null,null--",nearest_attack_euclidean,R000011,2.8976623148921505,76.0683496873232,26.315007008852803,4.020152835724884,40.5616643303824,6.369985982294393,18.506685356940814,10.630014017705609,0.5346231436537096,0.08568387491807905,0.2414319838607587,0.1382609975674527,1.8766713392352026,0.0,2.0,0.0,0.4383356696176014,1.0,0.0,1.4383356696176013,0.0,0.0,1.5616643303823987,4.438335669617602,1.0,0.0,1.0,0.0,0.0,1.0,1.0,0.0,0.0,0.0,0.0,2.0,1.0,1.0,0.4383356696176014,0.0,0.0,0.0,0.0,0.0,0.0,0.0,0.0,0.0,0.0,0.0,0.0,0.0,0.0,0.0,0.0,0.0,0.0,0.0,0.0,0.0,0.0,0.0,0.0,0.0,0.0,0.0,0.0,0.0,0.0,0.0,4.438335669617602
SMOTE_000285,attack,union,"-8073   )    )     )   union all select 4481,4481,4481,4481--",nearest_attack_euclidean,R000027,1.2095887078110954,61.0,20.47543957444094,3.6515993374826534,13.999999999999998,20.95087914888188,17.04912085111812,9.0,0.22950819672131148,0.34345703522757176,0.27949378444455936,0.14754098360655737,-5.551115123125783e-17,0.2377197872204701,2.52456042555906,0.0,0.0,0.0,0.0,2.76228021277953,0.0,0.0,3.2377197872204704,2.5245604255590597,0.0,0.2377197872204701,0.76228021277953,0.23771978722047005,0.0,0.0,1.0,0.0,0.0,0.0,0.0,1.0,1.0,0.0,0.0,0.0,0.0,0.0,0.0,0.0,0.0,0.0,0.0,0.0,0.0,0.0,0.0,0.0,0.0,0.0,0.0,0.0,0.0,0.0,0.0,0.0,0.0,0.0,0.0,0.0,0.0,0.0,0.0,0.0,0.0,0.0,2.0
SMOTE_000286,attack,union,"-9110""   )    )    union all select 2263,2263,2263,2263,2263#",nearest_attack_euclidean,R000026,2.7760737054388764,59.73953979467046,22.420153401776513,3.8430990604612667,20.3023010266477,17.697698973352296,14.840306803553027,6.899232991117433,0.34315624802151595,0.2933325840312038,0.24898393383022843,0.11452723411705179,-5.551115123125783e-17,1.0,0.5798465982234864,0.0,0.0,0.42015340177651356,0.0,1.5798465982234864,0.0,0.0,2.319386392893946,1.0,0.0,1.0,0.0,1.0,0.0,0.42015340177651356,1.0,0.0,0.0,0.0,0.0,1.0,1.0,0.42015340177651356,0.0,0.0,0.0,0.0,0.0,0.0,0.0,0.0,0.0,0.0,0.0,0.0,0.0,0.0,0.0,0.0,0.0,0.0,0.0,0.0,0.0,0.0,0.0,0.0,0.0,0.0,0.0,0.0,0.0,0.0,0.0,0.0,2.4201534017765134
SMOTE_000287,attack,union," select * from users where id  =  1 +$ . union select null,@@VERSION -- 1",nearest_attack_euclidean,R000001,2.6736606579307893,73.0,27.80568816328417,4.16365603882404,42.40284408164209,5.726697142835134,15.93522938776139,8.93522938776139,0.5808608778307135,0.0784479060662347,0.21829081353097796,0.12240040257207382,0.5323853061193048,0.0,2.0,0.0,0.9352293877613905,1.0,0.0,0.5323853061193047,0.0,0.0,1.5323853061193047,4.467614693880695,0.5323853061193047,0.0,1.0,0.0,0.0,1.0,0.5323853061193047,0.0,0.0,0.0,0.0,2.0,1.0,1.0,0.4676146938806952,0.0,0.0,0.0,0.0,0.0,0.0,0.0,0.0,0.0,0.0,0.0,0.0,0.0,0.0,0.0,0.0,0.0,0.0,0.0,0.0,0.0,0.0,0.0,0.0,0.0,0.0,0.0,0.0,0.0,0.0,0.0,4.467614693880695
SMOTE_000288,attack,union,"1""  )   where 2088  =  2088 union all select null,null,null,null--",nearest_attack_euclidean,R000022,1.0338775215872222,67.48783815232328,23.425096614949506,3.8798965974724737,36.27528984484852,9.0,14.212548307474753,8.0,0.5369644654272909,0.1335843621064945,0.21070951726044165,0.1187416552057729,0.21254830747475364,0.7874516925252462,2.0,0.0,0.0,1.0,0.0,1.0,0.0,0.0,2.787451692525246,3.212548307474754,0.21254830747475373,0.7874516925252462,1.0,0.0,0.0,1.0,1.0,0.0,0.0,0.0,0.0,1.2125483074747536,1.0,1.0,0.0,0.0,0.0,0.0,0.0,0.0,0.0,0.0,0.0,0.0,0.0,0.0,0.0,0.0,0.0,0.0,0.0,0.0,0.0,0.0,0.0,0.0,0.0,0.0,0.0,0.0,0.0,0.0,0.0,0.0,0.0,0.0,3.2125483074747536
SMOTE_000289,attack,union,"-5945'   )    )     )   union all select 4266,4266,4266,4266,4266--",nearest_attack_euclidean,R000014,1.7675141429464165,68.90119671245046,18.732535525033033,3.475841008048596,22.872251324768765,16.71207926893994,18.0,11.316866118741741,0.3250509271693316,0.24904530564714075,0.26165987715720546,0.16424389002632217,0.6831338812582586,0.31686611874174164,2.6831338812582586,0.0,0.0,0.0,0.0,3.0,0.0,0.0,4.633732237483483,2.6831338812582586,0.6831338812582584,0.31686611874174164,1.0,0.0,0.0,0.0,1.0,0.0,0.0,0.0,0.0,1.0,1.0,0.0,0.0,0.0,0.0,0.0,0.0,0.0,0.0,0.0,0.0,0.0,0.0,0.0,0.0,0.0,0.0,0.0,0.0,0.0,0.0,0.0,0.0,0.0,0.0,0.0,0.0,0.0,0.0,0.0,0.0,0.0,0.0,0.0,2.0
SMOTE_000290,attack,union,"1  )   union all select null,null,null,null,null,null,null,null,null--",nearest_attack_euclidean,R000007,0.572076003929379,71.19635028004359,15.099695856670298,3.052793005891227,50.0,1.0,8.99695856670299,11.199391713340598,0.7038645445989234,0.014077290891978456,0.1247763584370837,0.15728180607201436,0.09969585667029884,0.0,1.8006082866594022,0.0,0.0,0.0,0.0,1.1993917133405978,0.0,0.0,8.0,1.8006082866594022,0.0996958566702989,0.0,0.9003041433297011,0.0996958566702989,0.0,0.0,1.0,0.0,0.0,0.0,0.0,1.0,1.0,0.0,0.0,0.0,0.0,0.0,0.0,0.0,0.0,0.0,0.0,0.0,0.0,0.0,0.0,0.0,0.0,0.0,0.0,0.0,0.0,0.0,0.0,0.0,0.0,0.0,0.0,0.0,0.0,0.0,0.0,0.0,0.0,0.0,2.0
SMOTE_000291,attack,union,"1""  )   where 2088  =  2088 union all select null,null,null,null--",nearest_attack_euclidean,R000022,2.217937670589674,62.644435150009556,23.0,3.8734750980072663,32.48332636250717,9.0,14.838891212497611,6.322217575004779,0.5175925573863999,0.14425289541533803,0.23885703446309,0.09929751273517214,-5.551115123125783e-17,1.0,1.1611087875023893,0.0,0.0,1.0,0.0,1.0,0.0,0.0,1.741663181253584,2.161108787502389,0.0,1.0,0.5805543937511946,0.41944560624880545,0.0,1.0,1.0,0.0,0.0,0.0,0.0,1.0,1.0,1.0,0.0,0.0,0.0,0.0,0.0,0.0,0.0,0.0,0.0,0.0,0.0,0.0,0.0,0.0,0.0,0.0,0.0,0.0,0.0,0.0,0.0,0.0,0.0,0.0,0.0,0.0,0.0,0.0,0.0,0.0,0.0,0.0,3.0
SMOTE_000292,attack,union,"-4966%"" union all select 4300,4300,4300,4300,4300,4300,4300,4300#",nearest_attack_euclidean,R000017,0.5696309358103748,64.18228777411629,21.13628537098062,3.684581733436734,13.999999999999998,34.909717032155044,4.545141483922478,10.727429258038761,0.21836974476202664,0.5430428284802846,0.07163104181447091,0.16695638494321782,-5.551115123125783e-17,1.0,1.0,0.0,0.0,0.0,0.0,0.13628537098061955,0.8637146290193807,0.0,6.727429258038761,1.0,0.0,1.0,0.0,1.0,0.0,0.0,0.1362853709806195,0.0,0.0,0.0,0.0,1.0,1.0,0.0,0.0,0.0,0.0,0.0,0.0,0.0,0.0,0.0,0.0,0.0,0.0,0.0,0.0,0.0,0.0,0.0,0.0,0.0,0.0,0.0,0.0,0.0,0.0,0.0,0.0,0.0,0.0,0.0,0.0,0.0,0.0,0.0,2.0
SMOTE_000293,attack,union," select * from users where id  =  1 + \+*$ union select null,@@VERSION -- 1",nearest_attack_euclidean,R000003,3.081119002741591,77.38307395536079,30.093540835711373,4.221538939084629,42.09354083571137,2.4766147910721568,19.85968874643294,12.953229582144314,0.5453600514404131,0.03182999356994837,0.2556607331235562,0.16714922186608236,1.4298443732164698,0.0,2.0,0.0,1.5233852089278435,1.0,0.0,0.9532295821443132,0.0,0.0,1.0,6.0467704178556865,0.47661479107215665,0.0,1.0,0.0,0.0,1.0,0.4766147910721567,0.0,0.0,0.0,0.0,2.0,1.0,1.0,1.0,0.0,0.0,0.0,0.0,0.0,0.0,0.0,0.0,0.0,0.0,0.0,0.0,0.0,0.0,0.0,0.0,0.0,0.0,0.0,0.0,0.0,0.0,0.0,0.0,0.0,0.0,0.0,0.0,0.0,0.0,0.0,5.0
SMOTE_000294,attack,union," select * from users where id  =  1 or \<\. union select 1,@@VERSION -- 1",nearest_attack_euclidean,R000002,1.349065612971777,73.0,32.0,4.369424805589289,42.63864941344597,2.6806752932770177,17.0,10.680675293277018,0.5840910878554242,0.03672157935995912,0.2328767123287671,0.14631062045584953,-5.551115123125783e-17,0.0,2.0,0.0,1.0,1.0,0.0,0.0,0.0,0.0,1.0,5.0,0.0,0.0,1.0,0.0,0.0,1.0,0.0,0.0,0.0,0.0,0.0,2.0,1.0,1.0,1.0,0.0,0.680675293277017,0.0,0.0,0.0,0.0,0.0,0.0,0.0,0.0,0.0,0.0,0.0,0.0,0.0,0.0,0.0,0.0,0.0,0.0,0.0,0.0,0.0,0.0,0.0,0.0,0.0,0.0,0.0,0.0,0.0,5.680675293277017
SMOTE_000295,attack,union,"-3378%""   )    )    union all select 9357,9357,9357,9357,9357--",nearest_attack_euclidean,R000028,0.483429899527576,62.79154900242527,20.895774501212635,3.8080740382693663,13.999999999999998,23.583098004850545,14.416901995149455,10.791549002425272,0.22298160654854182,0.3754197237177668,0.2298160654854181,0.17178260424827327,-5.551115123125783e-17,0.8957745012126364,3.0,0.0,0.0,0.0,0.0,2.1042254987873634,0.8957745012126367,0.0,3.8957745012126366,3.0,0.0,0.8957745012126364,1.0,0.0,0.0,0.0,1.0,0.0,0.0,0.0,0.0,1.0,1.0,0.0,0.0,0.0,0.0,0.0,0.0,0.0,0.0,0.0,0.0,0.0,0.0,0.0,0.0,0.0,0.0,0.0,0.0,0.0,0.0,0.0,0.0,0.0,0.0,0.0,0.0,0.0,0.0,0.0,0.0,0.0,0.0,0.0,2.0
SMOTE_000296,attack,union,"1%'  )   union all select null,null,null,null,null,null#",nearest_attack_euclidean,R000010,2.390228631584661,66.76581400935699,16.585930230409346,3.2117741039593106,42.96883723508784,1.0,12.140697695906532,10.656279078362612,0.6500770803156258,0.015512671165209713,0.17459768268639153,0.15981256583277298,1.0,0.0,0.0,0.0,0.0,0.0,0.0,1.8281395391813064,0.5859302304093469,0.0,6.24220930877196,0.0,1.0,0.0,0.0,1.0,0.0,0.0,1.0,0.0,0.0,0.0,0.0,1.0,1.0,0.0,0.0,0.0,0.0,0.0,0.0,0.0,0.0,0.0,0.0,0.0,0.0,0.0,0.0,0.0,0.0,0.0,0.0,0.0,0.0,0.0,0.0,0.0,0.0,0.0,0.0,0.0,0.0,0.0,0.0,0.0,0.0,0.0,2.0
SMOTE_000297,attack,union,"-5945'   )    )     )   union all select 4266,4266,4266,4266,4266--",nearest_attack_euclidean,R000014,0.7590047802741547,65.49294245649128,20.0,3.619507843745527,13.999999999999998,22.99529497099418,18.0,10.497647485497092,0.21411764267411848,0.3505882417667775,0.27529411200958087,0.16000000354952315,0.7488237427485456,0.0,3.0,0.0,0.0,0.0,0.0,3.0,0.0,0.0,3.7488237427485456,3.0,0.7488237427485456,0.0,1.0,0.0,0.0,0.0,1.0,0.0,0.0,0.0,0.0,1.0,1.0,0.0,0.0,0.0,0.0,0.0,0.0,0.0,0.0,0.0,0.0,0.0,0.0,0.0,0.0,0.0,0.0,0.0,0.0,0.0,0.0,0.0,0.0,0.0,0.0,0.0,0.0,0.0,0.0,0.0,0.0,0.0,0.0,0.0,2.0
SMOTE_000298,attack,union,"-3370""  )   union all select 7845,7845,7845,7845,7845,7845#",nearest_attack_euclidean,R000009,0.9444615309136832,59.971163770509065,22.0,3.885921162538078,13.999999999999998,26.05767245898187,10.9134913115272,9.0,0.23351033820863382,0.4351792413186097,0.18119663162434907,0.15011378884840745,-5.551115123125783e-17,1.0,1.0,0.0,0.0,0.0,0.0,1.485581885254533,0.0,0.0,4.5144181147454665,1.0,0.0,1.0,0.0,1.0,0.0,0.0,1.0,0.0,0.0,0.0,0.0,1.0,1.0,0.0,0.0,0.0,0.0,0.0,0.0,0.0,0.0,0.0,0.0,0.0,0.0,0.0,0.0,0.0,0.0,0.0,0.0,0.0,0.0,0.0,0.0,0.0,0.0,0.0,0.0,0.0,0.0,0.0,0.0,0.0,0.0,0.0,2.0
SMOTE_000299,attack,union," select * from users where id  =  1 *$ . union select null,@@VERSION -- 1",nearest_attack_euclidean,R000005,2.587013331745217,75.66348676878393,29.858505670521176,4.218599811957342,42.4780075606949,2.3804981098262736,19.28298865895765,11.521992439305102,0.5636474544699033,0.031241333643792862,0.25366077004016807,0.1514504418461358,1.1414943294788253,0.0,2.0,0.0,1.6195018901737248,1.0,0.0,0.7609962196525504,0.0,0.0,1.0,5.0,0.3804981098262752,0.0,1.0,0.0,0.0,1.0,0.3804981098262752,0.0,0.0,0.0,0.0,2.0,1.0,1.0,1.0,0.0,0.0,0.0,0.0,0.0,0.0,0.0,0.0,0.0,0.0,0.0,0.0,0.0,0.0,0.0,0.0,0.0,0.0,0.0,0.0,0.0,0.0,0.0,0.0,0.0,0.0,0.0,0.0,0.0,0.0,0.0,5.0
SMOTE_000300,attack,union,"1' union all select null,null,null,null,null,null,null,null,null--",nearest_attack_euclidean,R000023,2.7109480724428847,67.96841461710709,16.96841461710709,3.3287316299549072,32.284268446036194,20.19204251679412,3.999999999999999,11.492103654276772,0.4831906897365876,0.28889748733578025,0.058901805526314216,0.16901001740131796,1.0,0.0,2.4921036542767725,0.0,0.0,0.0,0.0,0.0,0.0,0.0,8.0,2.4921036542767725,1.0,0.0,1.0,0.0,0.0,0.0,0.0,0.0,0.0,0.0,0.0,1.0,1.0,0.0,0.0,0.0,0.0,0.0,0.0,0.0,0.0,0.0,0.0,0.0,0.0,0.0,0.0,0.0,0.0,0.0,0.0,0.0,0.0,0.0,0.0,0.0,0.0,0.0,0.0,0.0,0.0,0.0,0.0,0.0,0.0,0.0,2.0
SMOTE_000301,attack,union,"-9110""   )    )    union all select 2263,2263,2263,2263,2263#",nearest_attack_euclidean,R000026,0.6441993088488275,63.25386885516204,21.653250945359687,3.766044443975759,13.999999999999998,26.77399243712251,12.959752836079058,9.52012358196047,0.22251790784841194,0.4189456548827169,0.2084605137413722,0.15007592352749896,-5.551115123125783e-17,1.0,1.0,0.0,0.0,0.0,0.0,1.8266254726798432,0.0,0.0,4.693498109280627,1.0,0.0,1.0,0.0,1.0,0.0,0.0,1.0,0.0,0.0,0.0,0.0,1.0,1.0,0.0,0.0,0.0,0.0,0.0,0.0,0.0,0.0,0.0,0.0,0.0,0.0,0.0,0.0,0.0,0.0,0.0,0.0,0.0,0.0,0.0,0.0,0.0,0.0,0.0,0.0,0.0,0.0,0.0,0.0,0.0,0.0,0.0,2.0
SMOTE_000302,attack,union,"-8308""  )   union all select 3084,3084,3084,3084,3084,3084,3084,3084,3084#",nearest_attack_euclidean,R000029,0.058066451412094565,73.8655922312797,20.01493419652448,3.6448137127721822,13.999999999999998,39.940263213902085,7.940263213902089,11.985065803475521,0.18958039683203412,0.5407392491845253,0.10741262785416154,0.16226772612927906,-5.551115123125783e-17,1.0,1.0,0.0,0.0,0.0,0.0,0.9850658034755222,0.014934196524477694,0.0,7.985065803475521,1.0,0.0,1.0,0.0,1.0,0.0,0.0,0.9850658034755222,0.0,0.0,0.0,0.0,1.0,1.0,0.0,0.0,0.0,0.0,0.0,0.0,0.0,0.0,0.0,0.0,0.0,0.0,0.0,0.0,0.0,0.0,0.0,0.0,0.0,0.0,0.0,0.0,0.0,0.0,0.0,0.0,0.0,0.0,0.0,0.0,0.0,0.0,0.0,2.0
SMOTE_000303,attack,union,"-5945'   )    )     )   union all select 4266,4266,4266,4266,4266--",nearest_attack_euclidean,R000014,0.5662876009773958,66.54761607334657,20.113095981663356,3.646894582737367,13.999999999999998,24.0,17.547616073346575,11.0,0.21045566808176921,0.36078114528303296,0.2634051617138077,0.16535802492139012,0.8869040183366433,0.11309598166335666,3.0,0.0,0.0,0.0,0.0,2.8869040183366432,0.11309598166335669,0.0,4.0,3.0,0.8869040183366435,0.11309598166335666,1.0,0.0,0.0,0.0,1.0,0.0,0.0,0.0,0.0,1.0,1.0,0.0,0.0,0.0,0.0,0.0,0.0,0.0,0.0,0.0,0.0,0.0,0.0,0.0,0.0,0.0,0.0,0.0,0.0,0.0,0.0,0.0,0.0,0.0,0.0,0.0,0.0,0.0,0.0,0.0,0.0,0.0,0.0,0.0,2.0
SMOTE_000304,attack,union,"-5945'   )    )     )   union all select 4266,4266,4266,4266,4266--",nearest_attack_euclidean,R000014,2.290101150458318,68.28894480623822,20.0,3.662696132416573,13.999999999999998,30.874372299937207,11.984924237554942,11.429648268746075,0.20510762744406502,0.44981839418892866,0.17778015296458277,0.16729382540242357,1.0,0.0,3.0,0.0,0.0,0.0,0.0,1.7110551937617735,0.0,0.0,5.718593074984302,3.0,1.0,0.0,1.0,0.0,0.0,0.0,0.5703517312539246,0.0,0.0,0.0,0.0,1.0,1.0,0.0,0.0,0.0,0.0,0.0,0.0,0.0,0.0,0.0,0.0,0.0,0.0,0.0,0.0,0.0,0.0,0.0,0.0,0.0,0.0,0.0,0.0,0.0,0.0,0.0,0.0,0.0,0.0,0.0,0.0,0.0,0.0,0.0,2.0
SMOTE_000305,attack,union,"1%' union all select null,null,null,null,null,null,null,null,null,null--",nearest_attack_euclidean,R000018,1.2753305038482192,71.58958107952917,16.61562838070624,3.161122139404,45.79162159058346,9.003168949181118,3.999999999999999,12.794790539764588,0.6371347968705227,0.12830130620268082,0.05588128485751653,0.17868261206927996,1.0,0.0,2.2052094602354133,0.0,0.0,0.0,0.0,0.0,0.7947905397645867,0.0,8.794790539764588,2.2052094602354133,1.0,0.0,1.0,0.0,0.0,0.0,0.0,0.0,0.0,0.0,0.0,1.0,1.0,0.0,0.0,0.0,0.0,0.0,0.0,0.0,0.0,0.0,0.0,0.0,0.0,0.0,0.0,0.0,0.0,0.0,0.0,0.0,0.0,0.0,0.0,0.0,0.0,0.0,0.0,0.0,0.0,0.0,0.0,0.0,0.0,0.0,2.0
SMOTE_000306,attack,union,"-4966%"" union all select 4300,4300,4300,4300,4300,4300,4300,4300#",nearest_attack_euclidean,R000017,2.1364395234269637,62.78859807597,19.673158845581998,3.5863731214008947,13.999999999999998,34.230878460776,3.999999999999999,10.557719615194,0.22332298126574873,0.5447737356962872,0.0638065660759282,0.1680967169620359,-5.551115123125783e-17,1.0,1.8845607696120008,0.0,0.0,0.0,0.0,0.0,0.5577196151939997,0.0,6.557719615193999,1.884560769612001,0.0,1.0,0.44228038480600035,0.5577196151939996,0.0,0.0,0.0,0.0,0.0,0.0,0.0,1.0,1.0,0.0,0.0,0.0,0.0,0.0,0.0,0.0,0.0,0.0,0.0,0.0,0.0,0.0,0.0,0.0,0.0,0.0,0.0,0.0,0.0,0.0,0.0,0.0,0.0,0.0,0.0,0.0,0.0,0.0,0.0,0.0,0.0,0.0,2.0
SMOTE_000307,attack,union,"-4330' union all select 3059,3059,3059,3059,3059,3059,3059,3059,3059--",nearest_attack_euclidean,R000031,0.30431696855799595,69.8286836899705,19.057105436676498,3.6445510297675225,13.999999999999998,39.08631301317601,4.79947611347099,11.9428945633235,0.20051139197023732,0.5592525721372069,0.0692214484398907,0.17101458745266504,1.0,0.0,3.0,0.0,0.0,0.0,0.0,0.1713163100294982,0.0,0.0,7.771578253294001,3.0,1.0,0.0,1.0,0.0,0.0,0.0,0.05710543667649953,0.0,0.0,0.0,0.0,1.0,1.0,0.0,0.0,0.0,0.0,0.0,0.0,0.0,0.0,0.0,0.0,0.0,0.0,0.0,0.0,0.0,0.0,0.0,0.0,0.0,0.0,0.0,0.0,0.0,0.0,0.0,0.0,0.0,0.0,0.0,0.0,0.0,0.0,0.0,2.0
SMOTE_000308,attack,union,"-4966%"" union all select 4300,4300,4300,4300,4300,4300,4300,4300#",nearest_attack_euclidean,R000017,2.053483422974696,62.05219924857643,21.491300125237263,3.8039921002855537,13.999999999999998,32.0695989981019,5.96520050094905,10.017399749525476,0.22614581760623992,0.5149008505678937,0.09792157381157303,0.16103175801429342,-5.551115123125783e-17,1.0,1.0,0.0,0.0,0.0,0.0,0.4913001252372625,0.5086998747627376,0.0,6.017399749525475,1.0,0.0,1.0,0.0,1.0,0.0,0.0,0.4913001252372626,0.0,0.0,0.0,0.0,1.0,1.0,0.0,0.0,0.0,0.0,0.0,0.0,0.0,0.0,0.0,0.0,0.0,0.0,0.0,0.0,0.0,0.0,0.0,0.0,0.0,0.0,0.0,0.0,0.0,0.0,0.0,0.0,0.0,0.0,0.0,0.0,0.0,0.0,0.0,2.0
SMOTE_000309,attack,union,"-4542 union all select 1249,1249,1249,1249,1249,1249,1249,1249,1249--",nearest_attack_euclidean,R000012,0.6570578064998532,69.0,18.426067965659946,3.5814248043804757,13.999999999999998,40.0,3.999999999999999,11.0,0.2028985507246377,0.5797101449275363,0.05797101449275363,0.15942028985507245,0.14202265521998136,0.0,2.715954689560037,0.0,0.0,0.0,0.0,0.0,0.0,0.0,8.0,2.715954689560037,0.14202265521998153,0.0,0.8579773447800186,0.14202265521998142,0.0,0.0,0.0,0.0,0.0,0.0,0.0,1.0,1.0,0.0,0.0,0.0,0.0,0.0,0.0,0.0,0.0,0.0,0.0,0.0,0.0,0.0,0.0,0.0,0.0,0.0,0.0,0.0,0.0,0.0,0.0,0.0,0.0,0.0,0.0,0.0,0.0,0.0,0.0,0.0,0.0,0.0,2.0
SMOTE_000310,attack,union,"-5945'   )    )     )   union all select 4266,4266,4266,4266,4266--",nearest_attack_euclidean,R000014,1.148619960666829,64.29938675316528,20.245510295166792,3.646833332827131,13.999999999999998,23.01795881933283,17.01795881933283,10.263469114499623,0.21903213898072657,0.35794721716933176,0.2640763004633061,0.15894434338663554,1.0,0.0,2.5089794096664146,0.0,0.0,0.0,0.0,2.7544897048332073,0.0,0.0,3.7544897048332073,2.5089794096664146,1.0,0.0,0.7544897048332073,0.2455102951667927,0.0,0.0,1.0,0.0,0.0,0.0,0.0,1.0,1.0,0.0,0.0,0.0,0.0,0.0,0.0,0.0,0.0,0.0,0.0,0.0,0.0,0.0,0.0,0.0,0.0,0.0,0.0,0.0,0.0,0.0,0.0,0.0,0.0,0.0,0.0,0.0,0.0,0.0,0.0,0.0,0.0,0.0,2.0
SMOTE_000311,attack,union,"-8812""  )   where 1646  =  1646 union all select 1646,1646,1646,1646,1646,1646--",nearest_attack_euclidean,R000019,0.4744728178549855,78.37994350088434,23.884281678634597,3.791846656656568,20.85149314184647,32.87560532313408,14.0,10.652845035903788,0.27138267515737025,0.4137065264808505,0.17929560435371575,0.1356151940080635,-5.551115123125783e-17,1.0,2.8842816786345957,0.0,0.0,1.0,0.0,1.0,0.0,0.0,4.7685633572691914,3.8842816786345957,0.0,1.0,1.0,0.0,0.0,1.0,1.0,0.0,0.0,0.0,0.0,1.0,1.0,1.0,0.0,0.0,0.0,0.0,0.0,0.0,0.0,0.0,0.0,0.0,0.0,0.0,0.0,0.0,0.0,0.0,0.0,0.0,0.0,0.0,0.0,0.0,0.0,0.0,0.0,0.0,0.0,0.0,0.0,0.0,0.0,0.0,3.0
SMOTE_000312,attack,union,"-4330' union all select 3059,3059,3059,3059,3059,3059,3059,3059,3059--",nearest_attack_euclidean,R000031,0.6058358579171222,68.61518271748214,18.861518271748213,3.628454522132198,13.999999999999998,38.892146173985715,3.999999999999999,11.723036543496429,0.20461605760839285,0.5661530770189795,0.0584617307452551,0.17076913462737245,0.8615182717482144,0.1384817282517857,3.0,0.0,0.0,0.0,0.0,0.0,0.0,0.0,7.723036543496429,3.0,0.8615182717482144,0.1384817282517857,1.0,0.0,0.0,0.0,0.0,0.0,0.0,0.0,0.0,1.0,1.0,0.0,0.0,0.0,0.0,0.0,0.0,0.0,0.0,0.0,0.0,0.0,0.0,0.0,0.0,0.0,0.0,0.0,0.0,0.0,0.0,0.0,0.0,0.0,0.0,0.0,0.0,0.0,0.0,0.0,0.0,0.0,0.0,0.0,2.0
SMOTE_000313,attack,union,"-8073   )    )     )   union all select 4481,4481,4481,4481--",nearest_attack_euclidean,R000027,0.5953125196702904,60.38721782695349,20.1225564346093,3.6215829615312587,13.999999999999998,20.0,17.50977426156279,8.877443565390697,0.23201959906986275,0.3314565700998039,0.2895568820463019,0.14696694878403135,0.12255643460930238,0.0,2.7548871307813956,0.0,0.0,0.0,0.0,2.877443565390698,0.0,0.0,3.0,2.754887130781395,0.12255643460930243,0.0,0.8774435653906977,0.1225564346093024,0.0,0.0,1.0,0.0,0.0,0.0,0.0,1.0,1.0,0.0,0.0,0.0,0.0,0.0,0.0,0.0,0.0,0.0,0.0,0.0,0.0,0.0,0.0,0.0,0.0,0.0,0.0,0.0,0.0,0.0,0.0,0.0,0.0,0.0,0.0,0.0,0.0,0.0,0.0,0.0,0.0,0.0,2.0
SMOTE_000314,attack,union," select * from users where id  =  1 +$ . union select null,@@VERSION -- 1",nearest_attack_euclidean,R000001,1.2334464234205884,73.9490735688752,32.0,4.3787064968507865,44.0,2.0,17.0,10.949073568875212,0.5951124681222814,0.02705056673283099,0.22992981722906325,0.14790714791582435,-5.551115123125783e-17,0.0,2.0,0.0,1.4745367844376056,1.0,0.0,0.0,0.0,0.0,1.0,5.949073568875212,0.0,0.0,1.0,0.0,0.0,1.0,0.0,0.0,0.0,0.0,0.0,2.0,1.0,1.0,1.0,0.0,0.0,0.0,0.0,0.0,0.0,0.0,0.0,0.0,0.0,0.0,0.0,0.0,0.0,0.0,0.0,0.0,0.0,0.0,0.0,0.0,0.0,0.0,0.0,0.0,0.0,0.0,0.0,0.0,0.0,0.0,5.0
SMOTE_000315,attack,union,"1%' union all select null,null,null,null,null,null,null#",nearest_attack_euclidean,R000016,1.3064463561917157,58.90464086862079,15.792525652241373,3.147564013448936,43.65979478206902,1.0,4.82989739103451,9.414948695517255,0.7425902018657633,0.017116163043719185,0.08032032918965547,0.15997330590086206,0.7925256522413724,0.0,0.4149486955172552,0.0,0.0,0.0,0.0,0.2074743477586276,0.7925256522413724,0.0,6.414948695517255,0.4149486955172552,0.7925256522413724,0.0,0.20747434775862755,0.7925256522413724,0.0,0.0,0.2074743477586276,0.0,0.0,0.0,0.0,1.0,1.0,0.0,0.0,0.0,0.0,0.0,0.0,0.0,0.0,0.0,0.0,0.0,0.0,0.0,0.0,0.0,0.0,0.0,0.0,0.0,0.0,0.0,0.0,0.0,0.0,0.0,0.0,0.0,0.0,0.0,0.0,0.0,0.0,0.0,2.0
SMOTE_000316,attack,union," select * from users where id  =  1 +$ . union select null,@@VERSION -- 1",nearest_attack_euclidean,R000001,0.5862445897414031,73.0,31.670185078982037,4.353349968411725,44.0,2.0,17.0,10.0,0.6027397260273972,0.0273972602739726,0.2328767123287671,0.136986301369863,-5.551115123125783e-17,0.0,2.0,0.0,1.3298149210179655,1.0,0.0,0.0,0.0,0.0,1.0,5.0,0.0,0.0,1.0,0.0,0.0,1.0,0.0,0.0,0.0,0.0,0.0,2.0,1.0,1.0,1.0,0.0,0.0,0.0,0.0,0.0,0.0,0.0,0.0,0.0,0.0,0.0,0.0,0.0,0.0,0.0,0.0,0.0,0.0,0.0,0.0,0.0,0.0,0.0,0.0,0.0,0.0,0.0,0.0,0.0,0.0,0.0,5.0
SMOTE_000317,attack,union,"-6294"" union all select 9921,9921,9921,9921,9921,9921--",nearest_attack_euclidean,R000021,0.8043823332213957,57.47312181727333,19.0,3.6620433167240356,13.999999999999998,29.978497453818665,3.999999999999999,9.494624363454665,0.24555228430082424,0.5193688179419151,0.07015779551452121,0.1649211022427394,0.16487478781822196,0.8351252121817778,3.0,0.0,0.0,0.0,0.0,0.0,0.0,0.0,5.494624363454666,3.0,0.16487478781822212,0.8351252121817778,1.0,0.0,0.0,0.0,0.0,0.0,0.0,0.0,0.0,1.0,1.0,0.0,0.0,0.0,0.0,0.0,0.0,0.0,0.0,0.0,0.0,0.0,0.0,0.0,0.0,0.0,0.0,0.0,0.0,0.0,0.0,0.0,0.0,0.0,0.0,0.0,0.0,0.0,0.0,0.0,0.0,0.0,0.0,0.0,2.0
SMOTE_000318,attack,union,"1'   )    )     )   union all select null,null,null,null,null,null,null,null,null#",nearest_attack_euclidean,R000020,0.026091932888646453,81.95886247561742,16.0,3.073485005786076,49.96343331165993,1.0,18.0,12.99542916395749,0.609598798492356,0.01220199424062518,0.219635896331254,0.15856331093576476,0.995429163957491,0.00457083604250913,0.009141672085017927,0.0,0.0,0.0,0.0,3.0,0.0,0.0,7.990858327914982,0.009141672085017927,0.9954291639574909,0.00457083604250913,0.004570836042508852,0.995429163957491,0.0,0.0,1.0,0.0,0.0,0.0,0.0,1.0,1.0,0.0,0.0,0.0,0.0,0.0,0.0,0.0,0.0,0.0,0.0,0.0,0.0,0.0,0.0,0.0,0.0,0.0,0.0,0.0,0.0,0.0,0.0,0.0,0.0,0.0,0.0,0.0,0.0,0.0,0.0,0.0,0.0,0.0,2.0
SMOTE_000319,attack,union,"-4542 union all select 1249,1249,1249,1249,1249,1249,1249,1249,1249--",nearest_attack_euclidean,R000012,0.49131081517147973,69.18167527414008,18.36335054828015,3.6119404617108994,13.999999999999998,40.0,3.999999999999999,11.181675274140074,0.20237195572713024,0.5782055877918006,0.057820558779180076,0.16160189770188907,0.18167527414007395,0.0,3.0,0.0,0.0,0.0,0.0,0.0,0.0,0.0,8.0,3.0,0.18167527414007398,0.0,1.0,0.0,0.0,0.0,0.0,0.0,0.0,0.0,0.0,1.0,1.0,0.0,0.0,0.0,0.0,0.0,0.0,0.0,0.0,0.0,0.0,0.0,0.0,0.0,0.0,0.0,0.0,0.0,0.0,0.0,0.0,0.0,0.0,0.0,0.0,0.0,0.0,0.0,0.0,0.0,0.0,0.0,0.0,0.0,2.0
SMOTE_000320,attack,union,"1""  )   as boeh where 2571  =  2571 union all select null#",nearest_attack_euclidean,R000024,2.957581394104482,64.16106460101223,23.821475280134965,3.9549538859041684,33.928851680809785,9.0,15.589262359932519,5.642950560269928,0.5253194435658037,0.1420761498797567,0.24695327899383335,0.08565112756060625,0.4107376400674819,0.5892623599325181,0.8214752801349641,0.0,0.0,1.0,0.0,1.0,0.0,0.0,0.8214752801349641,2.232212920202446,0.4107376400674819,0.5892623599325181,0.4107376400674819,0.5892623599325182,0.0,1.0,1.0,0.0,0.0,0.0,0.0,1.410737640067482,1.0,1.0,0.0,0.0,0.0,0.0,0.0,0.0,0.0,0.0,0.0,0.0,0.0,0.0,0.0,0.0,0.0,0.0,0.0,0.0,0.0,0.0,0.0,0.0,0.0,0.0,0.0,0.0,0.0,0.0,0.0,0.0,0.0,0.0,3.410737640067482
SMOTE_000321,attack,union,"-5575"" union all select 8665,8665,8665,8665,8665,8665,8665--",nearest_attack_euclidean,R000008,2.0983785345480945,62.68115157917874,19.0,3.6553041847559458,13.999999999999998,34.14492126334299,3.999999999999999,10.536230315835747,0.22661399425753187,0.5410125779913921,0.06474685550215196,0.16762657224892402,0.5120767719452489,0.48792322805475086,3.0,0.0,0.0,0.0,0.0,0.0,0.0,0.0,6.536230315835747,3.0,0.512076771945249,0.48792322805475086,1.0,0.0,0.0,0.0,0.0,0.0,0.0,0.0,0.0,1.0,1.0,0.0,0.0,0.0,0.0,0.0,0.0,0.0,0.0,0.0,0.0,0.0,0.0,0.0,0.0,0.0,0.0,0.0,0.0,0.0,0.0,0.0,0.0,0.0,0.0,0.0,0.0,0.0,0.0,0.0,0.0,0.0,0.0,0.0,2.0
SMOTE_000322,attack,union," select * from users where id  =  1 *$ . union select null,@@VERSION -- 1",nearest_attack_euclidean,R000005,0.4721557791551991,73.0,31.26562977933655,4.342266261572123,44.0,2.0,17.0,10.0,0.6027397260273972,0.0273972602739726,0.2328767123287671,0.136986301369863,-5.551115123125783e-17,0.0,2.0,0.0,1.734370220663451,1.0,0.0,0.0,0.0,0.0,1.0,5.0,0.0,0.0,1.0,0.0,0.0,1.0,0.0,0.0,0.0,0.0,0.0,2.0,1.0,1.0,1.0,0.0,0.0,0.0,0.0,0.0,0.0,0.0,0.0,0.0,0.0,0.0,0.0,0.0,0.0,0.0,0.0,0.0,0.0,0.0,0.0,0.0,0.0,0.0,0.0,0.0,0.0,0.0,0.0,0.0,0.0,0.0,5.0
SMOTE_000323,attack,union,"-5748' union all select 1224,1224,1224,1224,1224,1224,1224,1224,1224#",nearest_attack_euclidean,R000025,0.10774155734537755,69.02743997917892,20.97256002082107,3.540092049737777,13.999999999999998,40.0,3.999999999999999,11.02743997917893,0.20281901455310458,0.579482898723156,0.05794828987231561,0.159749796851424,1.0,0.0,1.0548799583578585,0.0,0.0,0.0,0.0,0.0,0.0,0.0,8.0,1.0548799583578585,1.0,0.0,0.027439979178929153,0.9725600208210707,0.0,0.0,0.0,0.0,0.0,0.0,0.0,1.0,1.0,0.0,0.0,0.0,0.0,0.0,0.0,0.0,0.0,0.0,0.0,0.0,0.0,0.0,0.0,0.0,0.0,0.0,0.0,0.0,0.0,0.0,0.0,0.0,0.0,0.0,0.0,0.0,0.0,0.0,0.0,0.0,0.0,0.0,2.0
SMOTE_000324,attack,union,"1""   )    )     )   union all select null,null,null,null,null,null,null--",nearest_attack_euclidean,R000030,1.9411352995913742,69.31990455247283,17.840047723763583,3.405659755765184,31.695732746923937,9.46421952931248,16.527961820989134,11.631990455247283,0.44539084568853843,0.1488515157832873,0.23761316177162334,0.16814447675655092,-5.551115123125783e-17,1.0,2.3680095447527165,0.0,0.0,0.0,0.0,2.6319904552472835,0.3680095447527165,0.0,5.263980910494567,2.3680095447527165,0.0,1.0,1.0,0.0,0.0,0.0,1.0,0.0,0.0,0.0,0.0,1.0,1.0,0.0,0.0,0.0,0.0,0.0,0.0,0.0,0.0,0.0,0.0,0.0,0.0,0.0,0.0,0.0,0.0,0.0,0.0,0.0,0.0,0.0,0.0,0.0,0.0,0.0,0.0,0.0,0.0,0.0,0.0,0.0,0.0,0.0,2.0
SMOTE_000325,attack,union,"-8073   )    )     )   union all select 4481,4481,4481,4481--",nearest_attack_euclidean,R000027,0.5155283058615442,62.02361782485781,20.0,3.6106108850412855,13.999999999999998,20.68241188323854,18.0,9.34120594161927,0.22600179849571586,0.3330449641253718,0.2905737409230632,0.15037949645584908,0.17060297080963494,0.0,3.0,0.0,0.0,0.0,0.0,3.0,0.0,0.0,3.170602970809635,3.0,0.1706029708096349,0.0,1.0,0.0,0.0,0.0,1.0,0.0,0.0,0.0,0.0,1.0,1.0,0.0,0.0,0.0,0.0,0.0,0.0,0.0,0.0,0.0,0.0,0.0,0.0,0.0,0.0,0.0,0.0,0.0,0.0,0.0,0.0,0.0,0.0,0.0,0.0,0.0,0.0,0.0,0.0,0.0,0.0,0.0,0.0,0.0,2.0
SMOTE_000326,attack,union,"-4330' union all select 3059,3059,3059,3059,3059,3059,3059,3059,3059--",nearest_attack_euclidean,R000031,1.6146118348405663,65.0357788948693,19.0,3.652257323477967,13.999999999999998,36.02862311589544,3.999999999999999,11.00715577897386,0.21805171310956617,0.5507980421604958,0.06230048945987604,0.16884975527006196,0.66905192632462,0.3309480736753801,3.0,0.0,0.0,0.0,0.0,0.0,0.0,0.0,7.00715577897386,3.0,0.66905192632462,0.3309480736753801,1.0,0.0,0.0,0.0,0.0,0.0,0.0,0.0,0.0,1.0,1.0,0.0,0.0,0.0,0.0,0.0,0.0,0.0,0.0,0.0,0.0,0.0,0.0,0.0,0.0,0.0,0.0,0.0,0.0,0.0,0.0,0.0,0.0,0.0,0.0,0.0,0.0,0.0,0.0,0.0,0.0,0.0,0.0,0.0,2.0
SMOTE_000327,attack,union,"-5748' union all select 1224,1224,1224,1224,1224,1224,1224,1224,1224#",nearest_attack_euclidean,R000025,0.5290281904528931,69.13480106415592,20.73039787168816,3.5500789799606802,13.999999999999998,40.0,3.999999999999999,11.13480106415592,0.20250782300244663,0.5785937800069904,0.057859378000699055,0.16103901898986403,1.0,0.0,1.2696021283118393,0.0,0.0,0.0,0.0,0.0,0.0,0.0,8.0,1.2696021283118395,1.0,0.0,0.13480106415591964,0.8651989358440804,0.0,0.0,0.0,0.0,0.0,0.0,0.0,1.0,1.0,0.0,0.0,0.0,0.0,0.0,0.0,0.0,0.0,0.0,0.0,0.0,0.0,0.0,0.0,0.0,0.0,0.0,0.0,0.0,0.0,0.0,0.0,0.0,0.0,0.0,0.0,0.0,0.0,0.0,0.0,0.0,0.0,0.0,2.0
SMOTE_000328,attack,union," select * from users where id  =  1 +$ . union select null,@@VERSION -- 1",nearest_attack_euclidean,R000001,1.9482240395555772,73.0,32.460594679388635,4.379768000847981,43.07881064122274,2.460594679388631,17.0,10.460594679388631,0.5901206937153799,0.03370677642998124,0.2328767123287671,0.14329581752587164,-5.551115123125783e-17,0.0,2.0,0.0,1.0,1.0,0.0,0.0,0.0,0.0,1.0,5.0,0.0,0.0,1.0,0.0,0.0,1.0,0.0,0.0,0.0,0.0,0.0,2.0,1.0,1.0,1.0,0.0,0.46059467938863125,0.0,0.0,0.0,0.0,0.0,0.0,0.0,0.0,0.0,0.0,0.0,0.0,0.0,0.0,0.0,0.0,0.0,0.0,0.0,0.0,0.0,0.0,0.0,0.0,0.0,0.0,0.0,0.0,0.0,5.460594679388631
SMOTE_000329,attack,union,"1""  )   as boeh where 2571  =  2571 union all select null#",nearest_attack_euclidean,R000024,0.3663370946361896,58.05133574729006,22.94866425270994,3.9174936052936293,28.22996379064908,9.975379198511167,15.58931402167951,4.256678736450307,0.4865134901187127,0.17156924949971863,0.2686612627997576,0.07325599758181109,-5.551115123125783e-17,1.0,0.05133574729006152,0.0,0.0,0.9486642527099387,0.0,1.0,0.0,0.0,0.2566787364503069,1.0,0.0,1.0,0.0,1.0,0.0,0.9486642527099387,1.0,0.0,0.0,0.0,0.0,1.0,1.0,0.9486642527099387,0.0,0.0,0.0,0.0,0.0,0.0,0.0,0.0,0.0,0.0,0.0,0.0,0.0,0.0,0.0,0.0,0.0,0.0,0.0,0.0,0.0,0.0,0.0,0.0,0.0,0.0,0.0,0.0,0.0,0.0,0.0,0.0,2.9486642527099387
SMOTE_000330,attack,union,"-3370""  )   union all select 7845,7845,7845,7845,7845,7845#",nearest_attack_euclidean,R000009,1.402114076113679,58.083749688786824,21.694583229595608,3.896858353518215,13.999999999999998,25.556665836764857,9.832500622426359,8.694583229595606,0.24117055216615754,0.4387101371316875,0.17053496949541785,0.1495843412067371,0.305416770404393,0.6945832295956069,1.0,0.0,0.0,0.0,0.0,1.305416770404393,0.0,0.0,4.389166459191214,1.0,0.30541677040439313,0.6945832295956069,0.0,1.0,0.0,0.0,1.0,0.0,0.0,0.0,0.0,1.0,1.0,0.0,0.0,0.0,0.0,0.0,0.0,0.0,0.0,0.0,0.0,0.0,0.0,0.0,0.0,0.0,0.0,0.0,0.0,0.0,0.0,0.0,0.0,0.0,0.0,0.0,0.0,0.0,0.0,0.0,0.0,0.0,0.0,0.0,2.0
SMOTE_000331,attack,union,"-6294"" union all select 9921,9921,9921,9921,9921,9921--",nearest_attack_euclidean,R000021,0.03383371672004474,55.15940910931201,18.968118178137598,3.6606235886194347,13.999999999999998,28.127527287449606,3.999999999999999,9.031881821862402,0.25386917347564597,0.5098638017421188,0.0725340495644703,0.16373297521776486,-5.551115123125783e-17,1.0,3.0,0.0,0.0,0.0,0.0,0.0,0.0,0.0,5.0318818218624015,3.0,0.0,1.0,1.0,0.0,0.0,0.0,0.0,0.0,0.0,0.0,0.0,1.0,1.0,0.0,0.0,0.0,0.0,0.0,0.0,0.0,0.0,0.0,0.0,0.0,0.0,0.0,0.0,0.0,0.0,0.0,0.0,0.0,0.0,0.0,0.0,0.0,0.0,0.0,0.0,0.0,0.0,0.0,0.0,0.0,0.0,0.0,2.0
SMOTE_000332,attack,union,"-8308""  )   union all select 3084,3084,3084,3084,3084,3084,3084,3084,3084#",nearest_attack_euclidean,R000029,0.36180260951060633,72.73415630521319,20.194745183813357,3.6591753342245967,13.999999999999998,38.44203852949316,8.584235551440067,11.707882224279967,0.19311515545569677,0.5262172350407546,0.11992914939407609,0.1607384601094726,-5.551115123125783e-17,1.0,1.0,0.0,0.0,0.0,0.0,1.097372591906678,0.0,0.0,7.610509632373288,1.0,0.0,1.0,0.0,1.0,0.0,0.0,1.0,0.0,0.0,0.0,0.0,1.0,1.0,0.0,0.0,0.0,0.0,0.0,0.0,0.0,0.0,0.0,0.0,0.0,0.0,0.0,0.0,0.0,0.0,0.0,0.0,0.0,0.0,0.0,0.0,0.0,0.0,0.0,0.0,0.0,0.0,0.0,0.0,0.0,0.0,0.0,2.0
SMOTE_000333,attack,union,"-5575"" union all select 8665,8665,8665,8665,8665,8665,8665--",nearest_attack_euclidean,R000008,2.108443464384872,64.81947199152319,18.48194719915232,3.580819179894682,13.999999999999998,35.85557759321855,3.999999999999999,10.963894398304637,0.21726842669492272,0.551693226634374,0.06207669334140649,0.16896165332929675,0.4819471991523184,0.5180528008476816,3.0,0.0,0.0,0.0,0.0,0.0,0.0,0.0,6.963894398304637,3.0,0.48194719915231843,0.5180528008476816,1.0,0.0,0.0,0.0,0.0,0.0,0.0,0.0,0.0,1.0,1.0,0.0,0.0,0.0,0.0,0.0,0.0,0.0,0.0,0.0,0.0,0.0,0.0,0.0,0.0,0.0,0.0,0.0,0.0,0.0,0.0,0.0,0.0,0.0,0.0,0.0,0.0,0.0,0.0,0.0,0.0,0.0,0.0,0.0,2.0
SMOTE_000334,attack,union,"1'+  (  select vlut where 9517  =  9517 union all select null,null,null--",nearest_attack_euclidean,R000011,2.461297065087523,73.0,28.27149633135274,4.176377275794539,42.402069856294034,5.72850366864726,15.934713237529355,8.934713237529355,0.5808502720040278,0.07847265299516795,0.21828374297985415,0.12239333202095005,0.532643381235323,0.0,2.0,0.0,0.46735661876467705,1.0,0.0,0.532643381235323,0.0,0.0,1.5326433812353226,4.467356618764677,0.5326433812353228,0.0,1.0,0.0,0.0,1.0,0.532643381235323,0.0,0.0,0.0,0.0,2.0,1.0,1.0,0.46735661876467705,0.0,0.0,0.0,0.0,0.0,0.0,0.0,0.0,0.0,0.0,0.0,0.0,0.0,0.0,0.0,0.0,0.0,0.0,0.0,0.0,0.0,0.0,0.0,0.0,0.0,0.0,0.0,0.0,0.0,0.0,0.0,4.467356618764677
SMOTE_000335,attack,union,"1'   )    )     )   union all select null,null,null,null,null,null,null,null,null#",nearest_attack_euclidean,R000020,2.7868381662229544,69.4478194364851,16.482776175519803,3.187359922108757,44.206685893762355,1.0,13.17223824480196,11.068895297920784,0.6429784998833314,0.014928610749894322,0.18250496215527634,0.15958792721149784,1.0,0.0,0.0,0.0,0.0,0.0,0.0,2.034447648960392,0.4827761755198039,0.0,6.551671473440588,0.0,1.0,0.0,0.0,1.0,0.0,0.0,1.0,0.0,0.0,0.0,0.0,1.0,1.0,0.0,0.0,0.0,0.0,0.0,0.0,0.0,0.0,0.0,0.0,0.0,0.0,0.0,0.0,0.0,0.0,0.0,0.0,0.0,0.0,0.0,0.0,0.0,0.0,0.0,0.0,0.0,0.0,0.0,0.0,0.0,0.0,0.0,2.0
SMOTE_000336,attack,union,"-9156'   )    )    union all select 9110,9110,9110,9110#",nearest_attack_euclidean,R000013,1.1207567434217043,57.386104432334875,21.277220886466974,3.739035668343992,13.999999999999998,21.108883545867904,14.0,8.277220886466974,0.2443192441297751,0.3672059103986841,0.24431924412977507,0.1441556013417657,0.7227791135330244,0.27722088646697585,1.0,0.0,0.0,0.0,0.0,2.0,0.0,0.0,3.277220886466976,1.0,0.7227791135330243,0.27722088646697585,0.0,1.0,0.0,0.0,1.0,0.0,0.0,0.0,0.0,1.0,1.0,0.0,0.0,0.0,0.0,0.0,0.0,0.0,0.0,0.0,0.0,0.0,0.0,0.0,0.0,0.0,0.0,0.0,0.0,0.0,0.0,0.0,0.0,0.0,0.0,0.0,0.0,0.0,0.0,0.0,0.0,0.0,0.0,0.0,2.0
SMOTE_000337,attack,union,"1""  )   where 2088  =  2088 union all select null,null,null,null--",nearest_attack_euclidean,R000022,0.6749859279112275,68.30469543917775,23.16462110279841,3.8342291927083063,32.36606235522544,13.444769775557074,14.0,8.49386330839523,0.4821014725518291,0.1879948004231377,0.20601027724460447,0.12389344978042865,-5.551115123125783e-17,1.0,2.16462110279841,0.0,0.0,1.0,0.0,1.0,0.0,0.0,3.3292422055968203,3.16462110279841,0.0,1.0,1.0,0.0,0.0,1.0,1.0,0.0,0.0,0.0,0.0,1.0,1.0,1.0,0.0,0.0,0.0,0.0,0.0,0.0,0.0,0.0,0.0,0.0,0.0,0.0,0.0,0.0,0.0,0.0,0.0,0.0,0.0,0.0,0.0,0.0,0.0,0.0,0.0,0.0,0.0,0.0,0.0,0.0,0.0,0.0,3.0
SMOTE_000338,attack,union,"1  )   union all select null,null,null,null,null,null,null,null,null--",nearest_attack_euclidean,R000007,1.4401655290970954,68.3868739197076,15.0,3.0388272312835145,50.0,1.0,6.3868739197075906,11.0,0.7317437887477534,0.014634875774955064,0.09263770195278584,0.16098363352450573,0.40328152007310236,0.0,2.0,0.0,0.0,0.0,0.0,0.5967184799268976,0.0,0.0,8.0,2.0,0.4032815200731023,0.0,1.0,0.0,0.0,0.0,0.5967184799268976,0.0,0.0,0.0,0.0,1.0,1.0,0.0,0.0,0.0,0.0,0.0,0.0,0.0,0.0,0.0,0.0,0.0,0.0,0.0,0.0,0.0,0.0,0.0,0.0,0.0,0.0,0.0,0.0,0.0,0.0,0.0,0.0,0.0,0.0,0.0,0.0,0.0,0.0,0.0,2.0
SMOTE_000339,attack,union,"-5748' union all select 1224,1224,1224,1224,1224,1224,1224,1224,1224#",nearest_attack_euclidean,R000025,0.8849258749146975,69.22548694339991,20.549026113200174,3.560115514390528,13.999999999999998,40.0,3.999999999999999,11.225486943399913,0.2022449653814495,0.577842758232713,0.05778427582327131,0.1621280005625662,1.0,0.0,1.4509738867998243,0.0,0.0,0.0,0.0,0.0,0.0,0.0,8.0,1.4509738867998245,1.0,0.0,0.22548694339991204,0.774513056600088,0.0,0.0,0.0,0.0,0.0,0.0,0.0,1.0,1.0,0.0,0.0,0.0,0.0,0.0,0.0,0.0,0.0,0.0,0.0,0.0,0.0,0.0,0.0,0.0,0.0,0.0,0.0,0.0,0.0,0.0,0.0,0.0,0.0,0.0,0.0,0.0,0.0,0.0,0.0,0.0,0.0,0.0,2.0
SMOTE_000340,attack,union,"1%' union all select null,null,null,null,null,null,null#",nearest_attack_euclidean,R000016,0.7046724452016252,58.196677156162984,16.0,3.154154999058146,43.64750786712224,1.0,3.999999999999999,9.549169289040748,0.75,0.017312332054523094,0.06924932821809228,0.16343833972738467,1.0,0.0,0.27458464452037346,0.0,0.0,0.0,0.0,0.0,1.0,0.0,6.41187696678056,0.27458464452037346,1.0,0.0,0.13729232226018673,0.8627076777398135,0.0,0.0,0.0,0.0,0.0,0.0,0.0,1.0,1.0,0.0,0.0,0.0,0.0,0.0,0.0,0.0,0.0,0.0,0.0,0.0,0.0,0.0,0.0,0.0,0.0,0.0,0.0,0.0,0.0,0.0,0.0,0.0,0.0,0.0,0.0,0.0,0.0,0.0,0.0,0.0,0.0,0.0,2.0
SMOTE_000341,attack,union," select * from users where id  =  '1'<@$$ union select 1,version  (    )   -- 1'",nearest_attack_euclidean,R000006,2.107304546997823,77.8304024529551,28.929827520162107,4.123910030791117,41.2397700268828,2.6900574932792995,21.140344959675794,12.760229973117195,0.5318434082247296,0.03436873152456826,0.27056992129385204,0.16321793895685005,2.070172479837896,0.0,2.0,0.0,1.3099425067207011,1.0,0.0,1.3801149865585973,0.0,0.0,1.0,5.0,0.6900574932792989,0.0,1.0,0.0,0.0,1.0,0.6900574932792988,0.0,0.0,0.0,0.0,2.0,1.0,1.0,1.0,0.0,0.0,0.0,0.0,0.0,0.0,0.0,0.0,0.0,0.0,0.0,0.0,0.0,0.0,0.0,0.0,0.0,0.0,0.0,0.0,0.0,0.0,0.0,0.0,0.0,0.0,0.0,0.0,0.0,0.0,0.0,5.0
SMOTE_000342,attack,union,"-8308""  )   union all select 3084,3084,3084,3084,3084,3084,3084,3084,3084#",nearest_attack_euclidean,R000029,0.9392156073629804,71.82597573877747,20.241558251246946,3.6434167879835733,13.999999999999998,39.033766995012215,7.033766995012213,11.758441748753054,0.19551691053162482,0.5437546212224127,0.09685882572155591,0.1638696425244067,-5.551115123125783e-17,1.0,1.0,0.0,0.0,0.0,0.0,0.7584417487530531,0.2415582512469469,0.0,7.758441748753053,1.0,0.0,1.0,0.0,1.0,0.0,0.0,0.7584417487530531,0.0,0.0,0.0,0.0,1.0,1.0,0.0,0.0,0.0,0.0,0.0,0.0,0.0,0.0,0.0,0.0,0.0,0.0,0.0,0.0,0.0,0.0,0.0,0.0,0.0,0.0,0.0,0.0,0.0,0.0,0.0,0.0,0.0,0.0,0.0,0.0,0.0,0.0,0.0,2.0
SMOTE_000343,attack,union,"-4542 union all select 1249,1249,1249,1249,1249,1249,1249,1249,1249--",nearest_attack_euclidean,R000012,2.093175609352745,69.0,19.357315999937285,3.564686229623525,13.999999999999998,40.0,3.999999999999999,11.0,0.2028985507246377,0.5797101449275363,0.05797101449275363,0.15942028985507245,0.45243866664576193,0.0,2.095122666708476,0.0,0.0,0.0,0.0,0.0,0.0,0.0,8.0,2.0951226667084764,0.4524386666457619,0.0,0.547561333354238,0.452438666645762,0.0,0.0,0.0,0.0,0.0,0.0,0.0,1.0,1.0,0.0,0.0,0.0,0.0,0.0,0.0,0.0,0.0,0.0,0.0,0.0,0.0,0.0,0.0,0.0,0.0,0.0,0.0,0.0,0.0,0.0,0.0,0.0,0.0,0.0,0.0,0.0,0.0,0.0,0.0,0.0,0.0,0.0,2.0
SMOTE_000344,attack,union,"-5945'   )    )     )   union all select 4266,4266,4266,4266,4266--",nearest_attack_euclidean,R000014,0.42058421298534165,66.16490037041495,20.0,3.6212310557380447,13.999999999999998,23.443266913609968,18.0,10.721633456804984,0.21181585388162238,0.3539861204604622,0.2723346692763716,0.16186335638154378,0.8608167284024923,0.0,3.0,0.0,0.0,0.0,0.0,3.0,0.0,0.0,3.8608167284024923,3.0,0.8608167284024923,0.0,1.0,0.0,0.0,0.0,1.0,0.0,0.0,0.0,0.0,1.0,1.0,0.0,0.0,0.0,0.0,0.0,0.0,0.0,0.0,0.0,0.0,0.0,0.0,0.0,0.0,0.0,0.0,0.0,0.0,0.0,0.0,0.0,0.0,0.0,0.0,0.0,0.0,0.0,0.0,0.0,0.0,0.0,0.0,0.0,2.0
SMOTE_000345,attack,union," select * from users where id  =  1 +$ . union select null,@@VERSION -- 1",nearest_attack_euclidean,R000001,1.9354385889505052,73.0,28.77637858557651,4.215720775807696,42.888189292788255,4.5942249834940725,16.258792861858836,9.258792861858836,0.5875094423669623,0.06293458881498729,0.2227231898884772,0.1268327789295731,0.37060356907058156,0.0,2.0,0.0,1.2587928618588367,1.0,0.0,0.3706035690705817,0.0,0.0,1.3706035690705818,4.629396430929418,0.37060356907058173,0.0,1.0,0.0,0.0,1.0,0.3706035690705817,0.0,0.0,0.0,0.0,2.0,1.0,1.0,0.6293964309294182,0.0,0.0,0.0,0.0,0.0,0.0,0.0,0.0,0.0,0.0,0.0,0.0,0.0,0.0,0.0,0.0,0.0,0.0,0.0,0.0,0.0,0.0,0.0,0.0,0.0,0.0,0.0,0.0,0.0,0.0,0.0,4.629396430929418
SMOTE_000346,attack,union,"-5748' union all select 1224,1224,1224,1224,1224,1224,1224,1224,1224#",nearest_attack_euclidean,R000025,0.1507559813923319,69.038413958058,20.92317208388399,3.5394114701233184,13.999999999999998,40.0,3.999999999999999,11.038413958058005,0.20278720591867244,0.5793920169104927,0.05793920169104928,0.15988157547978554,1.0,0.0,1.0768279161160095,0.0,0.0,0.0,0.0,0.0,0.0,0.0,8.0,1.0768279161160097,1.0,0.0,0.03841395805800463,0.9615860419419953,0.0,0.0,0.0,0.0,0.0,0.0,0.0,1.0,1.0,0.0,0.0,0.0,0.0,0.0,0.0,0.0,0.0,0.0,0.0,0.0,0.0,0.0,0.0,0.0,0.0,0.0,0.0,0.0,0.0,0.0,0.0,0.0,0.0,0.0,0.0,0.0,0.0,0.0,0.0,0.0,0.0,0.0,2.0
SMOTE_000347,attack,union,"-5945'   )    )     )   union all select 4266,4266,4266,4266,4266--",nearest_attack_euclidean,R000014,0.7800080960039505,65.16605990767943,20.166721826574598,3.6393043933498763,13.999999999999998,23.333112693701608,17.333112693701608,10.499834520276206,0.21579828392656933,0.35803121340450467,0.26554623457883214,0.16062426809009386,1.0,0.0,2.6665563468508036,0.0,0.0,0.0,0.0,2.833278173425402,0.0,0.0,3.8332781734254016,2.6665563468508036,1.0,0.0,0.8332781734254019,0.16672182657459816,0.0,0.0,1.0,0.0,0.0,0.0,0.0,1.0,1.0,0.0,0.0,0.0,0.0,0.0,0.0,0.0,0.0,0.0,0.0,0.0,0.0,0.0,0.0,0.0,0.0,0.0,0.0,0.0,0.0,0.0,0.0,0.0,0.0,0.0,0.0,0.0,0.0,0.0,0.0,0.0,0.0,0.0,2.0
SMOTE_000348,attack,union,"-9110""   )    )    union all select 2263,2263,2263,2263,2263#",nearest_attack_euclidean,R000026,2.4756074980630878,58.65101211479522,22.34898788520478,3.953904979824201,19.234818278071714,21.369230181109156,10.79190308163825,7.255060573976094,0.3289713935707476,0.3631081944684904,0.1845453491812668,0.12337506277949521,-5.551115123125783e-17,1.0,0.6510121147952188,0.0,0.0,0.3489878852047812,0.0,1.0,0.0,0.0,3.255060573976094,1.0,0.0,1.0,0.0,1.0,0.0,0.3489878852047812,1.0,0.0,0.0,0.0,0.0,1.0,1.0,0.3489878852047812,0.0,0.0,0.0,0.0,0.0,0.0,0.0,0.0,0.0,0.0,0.0,0.0,0.0,0.0,0.0,0.0,0.0,0.0,0.0,0.0,0.0,0.0,0.0,0.0,0.0,0.0,0.0,0.0,0.0,0.0,0.0,0.0,2.348987885204781
SMOTE_000349,attack,union," select * from users where id  =  1 or \<\. union select 1,@@VERSION -- 1",nearest_attack_euclidean,R000002,1.8544013114810236,73.0,31.59544577049099,4.357459775992241,42.80910845901802,2.5954457704909917,17.0,10.595445770490992,0.5864261432742194,0.035554051650561525,0.2328767123287671,0.14514309274645193,-5.551115123125783e-17,0.0,2.0,0.0,1.404554229509008,1.0,0.0,0.0,0.0,0.0,1.0,5.0,0.0,0.0,1.0,0.0,0.0,1.0,0.0,0.0,0.0,0.0,0.0,2.0,1.0,1.0,1.0,0.0,0.5954457704909919,0.0,0.0,0.0,0.0,0.0,0.0,0.0,0.0,0.0,0.0,0.0,0.0,0.0,0.0,0.0,0.0,0.0,0.0,0.0,0.0,0.0,0.0,0.0,0.0,0.0,0.0,0.0,0.0,0.0,5.595445770490992
SMOTE_000350,attack,union," select * from users where id  =  1 *$ . union select null,@@VERSION -- 1",nearest_attack_euclidean,R000005,0.007074000848837652,73.00728311193122,30.99687866631519,4.334670476283403,43.99583822175359,2.0010404445616032,17.00624266736962,10.004161778246411,0.6026328310381914,0.02740777161457783,0.23293354483136153,0.13702585251586913,0.0031213336848090467,0.0,2.0,0.0,1.9989595554383972,1.0,0.0,0.002080889123205809,0.0,0.0,1.0,5.0,0.001040444561602849,0.0,1.0,0.0,0.0,1.0,0.0010404445616027935,0.0,0.0,0.0,0.0,2.0,1.0,1.0,1.0,0.0,0.0,0.0,0.0,0.0,0.0,0.0,0.0,0.0,0.0,0.0,0.0,0.0,0.0,0.0,0.0,0.0,0.0,0.0,0.0,0.0,0.0,0.0,0.0,0.0,0.0,0.0,0.0,0.0,0.0,0.0,5.0
SMOTE_000351,attack,union,"-8073   )    )     )   union all select 4481,4481,4481,4481--",nearest_attack_euclidean,R000027,2.5926293304214725,66.803265601539,18.065578132820335,3.390262165345089,27.540953070257647,10.811496130896597,18.0,10.450816400384747,0.39675553983026507,0.1759344154399085,0.27162389830952127,0.15568614642030512,-5.551115123125783e-17,0.48360546679491595,2.516394533205084,0.0,0.0,0.0,0.0,3.0,0.0,0.0,4.450816400384747,2.516394533205084,0.0,0.48360546679491595,1.0,0.0,0.0,0.0,1.0,0.0,0.0,0.0,0.0,1.0,1.0,0.0,0.0,0.0,0.0,0.0,0.0,0.0,0.0,0.0,0.0,0.0,0.0,0.0,0.0,0.0,0.0,0.0,0.0,0.0,0.0,0.0,0.0,0.0,0.0,0.0,0.0,0.0,0.0,0.0,0.0,0.0,0.0,0.0,2.0
SMOTE_000352,attack,union,"1'   )    )     )   union all select null,null,null,null,null,null,null,null,null#",nearest_attack_euclidean,R000020,0.38335207771106566,80.45350340074097,16.2974031921652,3.111512547900095,47.85869701641058,2.13013213022775,17.762077446267842,12.702596807834801,0.5883575751978699,0.032712833466449154,0.2213256292205195,0.1576039621151614,1.0,0.0,0.05948063843303952,0.0,0.0,0.0,0.0,2.9405193615669605,0.0,0.0,7.7025968078348015,0.05948063843303952,1.0,0.0,0.0,1.0,0.0,0.0,1.0,0.0,0.0,0.0,0.0,1.0,1.0,0.0,0.0,0.0,0.0,0.0,0.0,0.0,0.0,0.0,0.0,0.0,0.0,0.0,0.0,0.0,0.0,0.0,0.0,0.0,0.0,0.0,0.0,0.0,0.0,0.0,0.0,0.0,0.0,0.0,0.0,0.0,0.0,0.0,2.0
SMOTE_000353,attack,union," select * from users where id  =  1 or \.<$ union select 1,@@VERSION -- 1",nearest_attack_euclidean,R000004,0.0026673610697930594,73.0,32.98655536324219,4.399755832393694,42.0,3.0,17.0,11.0,0.5753424657534246,0.0410958904109589,0.2328767123287671,0.1506849315068493,-5.551115123125783e-17,0.0,2.0,0.0,1.0,1.0,0.0,0.0,0.0,0.0,1.0,5.0,0.0,0.0,1.0,0.0,0.0,1.0,0.0,0.0,0.0,0.0,0.0,2.0,1.0,1.0,1.0,0.0,1.0,0.0,0.0,0.0,0.0,0.0,0.0,0.0,0.0,0.0,0.0,0.0,0.0,0.0,0.0,0.0,0.0,0.0,0.0,0.0,0.0,0.0,0.0,0.0,0.0,0.0,0.0,0.0,0.0,0.0,6.0
SMOTE_000354,attack,union,"-5575"" union all select 8665,8665,8665,8665,8665,8665,8665--",nearest_attack_euclidean,R000008,1.7557912570115723,61.07869291793456,19.07869291793456,3.632167158550022,13.999999999999998,29.123485552174508,7.595643059781869,10.359564305978187,0.22933817437802015,0.47854258194618104,0.12259889204105129,0.16952035163474752,-5.551115123125783e-17,1.0,3.0,0.0,0.0,0.0,0.0,0.7191286119563738,0.3595643059781869,0.0,5.280871388043626,3.0,0.0,1.0,1.0,0.0,0.0,0.0,0.3595643059781869,0.0,0.0,0.0,0.0,1.0,1.0,0.0,0.0,0.0,0.0,0.0,0.0,0.0,0.0,0.0,0.0,0.0,0.0,0.0,0.0,0.0,0.0,0.0,0.0,0.0,0.0,0.0,0.0,0.0,0.0,0.0,0.0,0.0,0.0,0.0,0.0,0.0,0.0,0.0,2.0
SMOTE_000355,attack,union,"-5575"" union all select 8665,8665,8665,8665,8665,8665,8665--",nearest_attack_euclidean,R000008,1.4073452529926078,63.74042185514255,18.0,3.54890737708921,13.999999999999998,35.324819426793375,3.999999999999999,10.415602428349171,0.22068456377488027,0.5526076488509761,0.06305273250710865,0.16365505486703497,-5.551115123125783e-17,0.5843975716508281,3.0,0.0,0.0,0.0,0.0,0.0,0.0,0.0,6.831204856698344,3.0,0.0,0.5843975716508281,1.0,0.0,0.0,0.0,0.0,0.0,0.0,0.0,0.0,1.0,1.0,0.0,0.0,0.0,0.0,0.0,0.0,0.0,0.0,0.0,0.0,0.0,0.0,0.0,0.0,0.0,0.0,0.0,0.0,0.0,0.0,0.0,0.0,0.0,0.0,0.0,0.0,0.0,0.0,0.0,0.0,0.0,0.0,0.0,2.0
SMOTE_000356,attack,union,"-9110""   )    )    union all select 2263,2263,2263,2263,2263#",nearest_attack_euclidean,R000026,1.8172630394285687,60.17488223049402,22.27503925650199,3.825260934536959,18.125588847529876,19.87441115247012,14.550078513003985,7.624803717490041,0.30390406118496505,0.3279089617775073,0.24225733127934615,0.12592964575818152,-5.551115123125783e-17,1.0,0.7249607434980081,0.0,0.0,0.275039256501992,0.0,1.7249607434980079,0.0,0.0,2.8998429739920315,1.0,0.0,1.0,0.0,1.0,0.0,0.275039256501992,1.0,0.0,0.0,0.0,0.0,1.0,1.0,0.275039256501992,0.0,0.0,0.0,0.0,0.0,0.0,0.0,0.0,0.0,0.0,0.0,0.0,0.0,0.0,0.0,0.0,0.0,0.0,0.0,0.0,0.0,0.0,0.0,0.0,0.0,0.0,0.0,0.0,0.0,0.0,0.0,0.0,2.275039256501992
SMOTE_000357,attack,union," select * from users where id  =  1 + \+*$ union select null,@@VERSION -- 1",nearest_attack_euclidean,R000003,0.41247282322384315,74.68262338195814,32.0,4.391320800386964,44.0,2.0,17.0,11.682623381958136,0.589217273277414,0.02678260333079155,0.22765212831172815,0.15634799508006622,-5.551115123125783e-17,0.0,2.0,0.0,1.841311690979068,1.0,0.0,0.0,0.0,0.0,1.0,6.682623381958136,0.0,0.0,1.0,0.0,0.0,1.0,0.0,0.0,0.0,0.0,0.0,2.0,1.0,1.0,1.0,0.0,0.0,0.0,0.0,0.0,0.0,0.0,0.0,0.0,0.0,0.0,0.0,0.0,0.0,0.0,0.0,0.0,0.0,0.0,0.0,0.0,0.0,0.0,0.0,0.0,0.0,0.0,0.0,0.0,0.0,0.0,5.0
SMOTE_000358,attack,union,"-5748' union all select 1224,1224,1224,1224,1224,1224,1224,1224,1224#",nearest_attack_euclidean,R000025,1.748210839025497,70.87264910595206,20.625470178809586,3.576263099409417,13.999999999999998,40.0,5.4981192847616525,11.374529821190414,0.19776398600013145,0.5650399600003755,0.07674885119951935,0.1604472027999737,0.6254701788095866,0.3745298211904133,1.0,0.0,0.0,0.0,0.0,0.37452982119041334,0.0,0.0,8.0,1.0,0.6254701788095867,0.3745298211904133,0.0,1.0,0.0,0.0,0.3745298211904133,0.0,0.0,0.0,0.0,1.0,1.0,0.0,0.0,0.0,0.0,0.0,0.0,0.0,0.0,0.0,0.0,0.0,0.0,0.0,0.0,0.0,0.0,0.0,0.0,0.0,0.0,0.0,0.0,0.0,0.0,0.0,0.0,0.0,0.0,0.0,0.0,0.0,0.0,0.0,2.0
SMOTE_000359,attack,union," select * from users where id  =  1 or \<\. union select 1,@@VERSION -- 1",nearest_attack_euclidean,R000002,1.47659134782684,73.0,31.67786839271448,4.360570256154693,42.64426321457103,2.6778683927144815,17.0,10.677868392714482,0.5841679892406991,0.03668312866732165,0.2328767123287671,0.14627216976321208,-5.551115123125783e-17,0.0,2.0,0.0,1.3221316072855178,1.0,0.0,0.0,0.0,0.0,1.0,5.0,0.0,0.0,1.0,0.0,0.0,1.0,0.0,0.0,0.0,0.0,0.0,2.0,1.0,1.0,1.0,0.0,0.6778683927144824,0.0,0.0,0.0,0.0,0.0,0.0,0.0,0.0,0.0,0.0,0.0,0.0,0.0,0.0,0.0,0.0,0.0,0.0,0.0,0.0,0.0,0.0,0.0,0.0,0.0,0.0,0.0,0.0,0.0,5.6778683927144815
SMOTE_000360,attack,union,"-8812""  )   where 1646  =  1646 union all select 1646,1646,1646,1646,1646,1646--",nearest_attack_euclidean,R000019,1.6634027784229817,78.13490451633396,24.266442211952292,3.8458168280054728,24.86172866295041,28.806060277288132,14.266442211952292,10.200673364143126,0.32386560055234376,0.36295004445120344,0.18312101262457325,0.13006334237187955,0.2664422119522913,0.7335577880477084,2.7335577880477087,0.0,0.0,1.0,0.0,1.0,0.0,0.0,4.200673364143126,4.0,0.2664422119522914,0.7335577880477084,1.0,0.0,0.0,1.0,1.0,0.0,0.0,0.0,0.0,1.2664422119522913,1.0,1.0,0.0,0.0,0.0,0.0,0.0,0.0,0.0,0.0,0.0,0.0,0.0,0.0,0.0,0.0,0.0,0.0,0.0,0.0,0.0,0.0,0.0,0.0,0.0,0.0,0.0,0.0,0.0,0.0,0.0,0.0,0.0,0.0,3.2664422119522913
SMOTE_000361,attack,union," select * from users where id  =  1 or \<\. union select 1,@@VERSION -- 1",nearest_attack_euclidean,R000002,2.6496775076056114,73.0,29.356310385923504,4.236932275432355,41.622330055131926,5.266019669208427,16.244660110263858,9.866990165395787,0.5701689048648209,0.07213725574258117,0.2225295905515597,0.13516424884103817,0.3776699448680711,0.0,2.0,0.0,0.6223300551319288,1.0,0.0,0.37766994486807115,0.0,0.0,1.377669944868071,4.622330055131929,0.37766994486807115,0.0,1.0,0.0,0.0,1.0,0.37766994486807115,0.0,0.0,0.0,0.0,2.0,1.0,1.0,0.6223300551319288,0.0,0.6223300551319288,0.0,0.0,0.0,0.0,0.0,0.0,0.0,0.0,0.0,0.0,0.0,0.0,0.0,0.0,0.0,0.0,0.0,0.0,0.0,0.0,0.0,0.0,0.0,0.0,0.0,0.0,0.0,0.0,0.0,5.244660110263857
SMOTE_000362,attack,union,"-8308""  )   union all select 3084,3084,3084,3084,3084,3084,3084,3084,3084#",nearest_attack_euclidean,R000029,1.2907145148402568,69.48415962894686,20.694744672469714,3.6958118026140596,13.999999999999998,34.44204262024229,10.084234017409141,10.95788299129543,0.20319489703029328,0.48944279325211676,0.1502791405087952,0.15708316920879475,-5.551115123125783e-17,1.0,1.0,0.0,0.0,0.0,0.0,1.3473723362348569,0.0,0.0,6.610510655060572,1.0,0.0,1.0,0.0,1.0,0.0,0.0,1.0,0.0,0.0,0.0,0.0,1.0,1.0,0.0,0.0,0.0,0.0,0.0,0.0,0.0,0.0,0.0,0.0,0.0,0.0,0.0,0.0,0.0,0.0,0.0,0.0,0.0,0.0,0.0,0.0,0.0,0.0,0.0,0.0,0.0,0.0,0.0,0.0,0.0,0.0,0.0,2.0
SMOTE_000363,attack,union,"-8308""  )   union all select 3084,3084,3084,3084,3084,3084,3084,3084,3084#",nearest_attack_euclidean,R000029,2.7526000928497387,76.72932133778797,21.819547558525308,3.7086472298681064,16.274434448156633,38.1804524414747,10.72932133778796,11.545113110368673,0.21116514365448638,0.499354835668515,0.13853635275236575,0.15094366792463285,-5.551115123125783e-17,1.0,1.9097737792626532,0.0,0.0,0.4548868896313267,0.0,1.0,0.0,0.0,6.63533933110602,2.36466066889398,0.0,1.0,0.4548868896313266,0.5451131103686734,0.0,0.4548868896313267,1.0,0.0,0.0,0.0,0.0,1.0,1.0,0.4548868896313267,0.0,0.0,0.0,0.0,0.0,0.0,0.0,0.0,0.0,0.0,0.0,0.0,0.0,0.0,0.0,0.0,0.0,0.0,0.0,0.0,0.0,0.0,0.0,0.0,0.0,0.0,0.0,0.0,0.0,0.0,0.0,0.0,2.4548868896313265
SMOTE_000364,attack,union,"-4330' union all select 3059,3059,3059,3059,3059,3059,3059,3059,3059--",nearest_attack_euclidean,R000031,0.5113965776018643,68.42768049332831,19.0,3.647868240938157,13.999999999999998,38.742144394662645,3.999999999999999,11.685536098665661,0.20571752547880617,0.5648942565956501,0.058776435851087466,0.17061178207445626,0.8951786995552204,0.10482130044477955,3.0,0.0,0.0,0.0,0.0,0.0,0.0,0.0,7.685536098665661,3.0,0.8951786995552204,0.10482130044477955,1.0,0.0,0.0,0.0,0.0,0.0,0.0,0.0,0.0,1.0,1.0,0.0,0.0,0.0,0.0,0.0,0.0,0.0,0.0,0.0,0.0,0.0,0.0,0.0,0.0,0.0,0.0,0.0,0.0,0.0,0.0,0.0,0.0,0.0,0.0,0.0,0.0,0.0,0.0,0.0,0.0,0.0,0.0,0.0,2.0
SMOTE_000365,attack,union,"1""  )   as boeh where 2571  =  2571 union all select null#",nearest_attack_euclidean,R000024,1.6788365619185672,58.235259630394644,22.764740369605352,3.928661164590154,25.471105544080295,13.469932977498294,14.117922956842824,5.176298151973236,0.43819450387937237,0.2303152472300845,0.2428624714817561,0.08862777740878698,-5.551115123125783e-17,1.0,0.23525963039464703,0.0,0.0,0.764740369605353,0.0,1.0,0.0,0.0,1.1762981519732354,1.0,0.0,1.0,0.0,1.0,0.0,0.764740369605353,1.0,0.0,0.0,0.0,0.0,1.0,1.0,0.764740369605353,0.0,0.0,0.0,0.0,0.0,0.0,0.0,0.0,0.0,0.0,0.0,0.0,0.0,0.0,0.0,0.0,0.0,0.0,0.0,0.0,0.0,0.0,0.0,0.0,0.0,0.0,0.0,0.0,0.0,0.0,0.0,0.0,2.7647403696053527
SMOTE_000366,attack,union,"1'+  (  select vlut where 9517  =  9517 union all select null,null,null--",nearest_attack_euclidean,R000011,0.8900833465574381,73.0,25.883574253111586,4.060559981741872,41.441787126555795,7.969163371369815,15.294524751037196,8.294524751037196,0.5676957140624082,0.1091666215256139,0.20951403768544102,0.11362362672653692,0.8527376244814021,0.0,2.0,0.0,0.29452475103719555,1.0,0.0,0.8527376244814022,0.0,0.0,1.852737624481402,4.147262375518598,0.8527376244814022,0.0,1.0,0.0,0.0,1.0,0.8527376244814022,0.0,0.0,0.0,0.0,2.0,1.0,1.0,0.14726237551859778,0.0,0.0,0.0,0.0,0.0,0.0,0.0,0.0,0.0,0.0,0.0,0.0,0.0,0.0,0.0,0.0,0.0,0.0,0.0,0.0,0.0,0.0,0.0,0.0,0.0,0.0,0.0,0.0,0.0,0.0,0.0,4.147262375518598
SMOTE_000367,attack,union,"1%' union all select null,null,null,null,null,null,null,null,null,null--",nearest_attack_euclidean,R000018,1.273153416053797,69.55749036176935,15.592915060294892,3.030077017900088,52.37166024117957,1.0,3.999999999999999,12.185830120589785,0.7530839768159477,0.014402885024880158,0.057611540099520755,0.17490159805965128,1.0,0.0,2.0,0.0,0.0,0.0,0.0,0.0,0.5929150602948929,0.0,8.592915060294892,2.0,1.0,0.0,1.0,0.0,0.0,0.0,0.0,0.0,0.0,0.0,0.0,1.0,1.0,0.0,0.0,0.0,0.0,0.0,0.0,0.0,0.0,0.0,0.0,0.0,0.0,0.0,0.0,0.0,0.0,0.0,0.0,0.0,0.0,0.0,0.0,0.0,0.0,0.0,0.0,0.0,0.0,0.0,0.0,0.0,0.0,0.0,2.0
SMOTE_000368,attack,union,"-5748' union all select 1224,1224,1224,1224,1224,1224,1224,1224,1224#",nearest_attack_euclidean,R000025,0.5027827412398379,69.1281134914575,20.743773017085008,3.5493388420891683,13.999999999999998,40.0,3.999999999999999,11.128113491457496,0.2025272072711377,0.5786491636318221,0.05786491636318222,0.16095871273385812,1.0,0.0,1.2562269829149901,0.0,0.0,0.0,0.0,0.0,0.0,0.0,8.0,1.2562269829149904,1.0,0.0,0.12811349145749507,0.8718865085425049,0.0,0.0,0.0,0.0,0.0,0.0,0.0,1.0,1.0,0.0,0.0,0.0,0.0,0.0,0.0,0.0,0.0,0.0,0.0,0.0,0.0,0.0,0.0,0.0,0.0,0.0,0.0,0.0,0.0,0.0,0.0,0.0,0.0,0.0,0.0,0.0,0.0,0.0,0.0,0.0,0.0,0.0,2.0
SMOTE_000369,attack,union,"1%' union all select null,null,null,null,null,null,null,null,null,null--",nearest_attack_euclidean,R000018,1.2790849597325726,68.01270529170154,16.0,3.0701115881288232,51.00952896877615,1.0,3.999999999999999,12.003176322925386,0.75,0.014877801266939078,0.05951120506775641,0.1756109936653045,1.0,0.0,1.5015881614626925,0.0,0.0,0.0,0.0,0.0,1.0,0.0,8.252382242194038,1.5015881614626925,1.0,0.0,0.7507940807313463,0.24920591926865374,0.0,0.0,0.0,0.0,0.0,0.0,0.0,1.0,1.0,0.0,0.0,0.0,0.0,0.0,0.0,0.0,0.0,0.0,0.0,0.0,0.0,0.0,0.0,0.0,0.0,0.0,0.0,0.0,0.0,0.0,0.0,0.0,0.0,0.0,0.0,0.0,0.0,0.0,0.0,0.0,0.0,0.0,2.0
SMOTE_000370,attack,union,"-5945'   )    )     )   union all select 4266,4266,4266,4266,4266--",nearest_attack_euclidean,R000014,1.105133781177552,64.40163062529405,20.23621539770054,3.6459451226395094,13.999999999999998,23.055138409197838,17.055138409197838,10.291353806898378,0.21865063199517143,0.35795712644168387,0.2642497127294675,0.15914252883367716,1.0,0.0,2.527569204598919,0.0,0.0,0.0,0.0,2.7637846022994594,0.0,0.0,3.7637846022994594,2.527569204598919,1.0,0.0,0.7637846022994595,0.23621539770054054,0.0,0.0,1.0,0.0,0.0,0.0,0.0,1.0,1.0,0.0,0.0,0.0,0.0,0.0,0.0,0.0,0.0,0.0,0.0,0.0,0.0,0.0,0.0,0.0,0.0,0.0,0.0,0.0,0.0,0.0,0.0,0.0,0.0,0.0,0.0,0.0,0.0,0.0,0.0,0.0,0.0,0.0,2.0
SMOTE_000371,attack,union,"-5945'   )    )     )   union all select 4266,4266,4266,4266,4266--",nearest_attack_euclidean,R000014,0.5170632993592793,66.58693934797654,20.103265163005865,3.6448499480671073,13.999999999999998,24.0,17.58693934797654,11.0,0.21032524262694346,0.36055755878904594,0.2638616508056978,0.16525554777831275,0.8967348369941348,0.10326516300586519,3.0,0.0,0.0,0.0,0.0,2.896734836994135,0.10326516300586519,0.0,4.0,3.0,0.8967348369941348,0.10326516300586519,1.0,0.0,0.0,0.0,1.0,0.0,0.0,0.0,0.0,1.0,1.0,0.0,0.0,0.0,0.0,0.0,0.0,0.0,0.0,0.0,0.0,0.0,0.0,0.0,0.0,0.0,0.0,0.0,0.0,0.0,0.0,0.0,0.0,0.0,0.0,0.0,0.0,0.0,0.0,0.0,0.0,0.0,0.0,0.0,2.0
SMOTE_000372,attack,union,"-4966%"" union all select 4300,4300,4300,4300,4300,4300,4300,4300#",nearest_attack_euclidean,R000017,0.3493989375795401,64.63834151430693,20.783004908584157,3.6301772098043736,13.999999999999998,35.71067321144554,3.999999999999999,10.927668302861385,0.2166828766153085,0.5523624267253617,0.061909393318659564,0.16904530334067022,-5.551115123125783e-17,1.0,1.1446633942772293,0.0,0.0,0.0,0.0,0.0,0.9276683028613854,0.0,6.9276683028613855,1.1446633942772293,0.0,1.0,0.07233169713861465,0.9276683028613855,0.0,0.0,0.0,0.0,0.0,0.0,0.0,1.0,1.0,0.0,0.0,0.0,0.0,0.0,0.0,0.0,0.0,0.0,0.0,0.0,0.0,0.0,0.0,0.0,0.0,0.0,0.0,0.0,0.0,0.0,0.0,0.0,0.0,0.0,0.0,0.0,0.0,0.0,0.0,0.0,0.0,0.0,2.0
SMOTE_000373,attack,union,"-6294"" union all select 9921,9921,9921,9921,9921,9921--",nearest_attack_euclidean,R000021,1.5248839531849634,57.4790072498748,19.6197518124687,3.7167173879513804,13.999999999999998,26.7604963750626,7.098759062343501,9.6197518124687,0.24452926363686944,0.46938386656044684,0.1190521556794786,0.167034714123205,-5.551115123125783e-17,1.0,3.0,0.0,0.0,0.0,0.0,0.6197518124687004,0.30987590623435013,0.0,4.690124093765649,3.0,0.0,1.0,1.0,0.0,0.0,0.0,0.30987590623435024,0.0,0.0,0.0,0.0,1.0,1.0,0.0,0.0,0.0,0.0,0.0,0.0,0.0,0.0,0.0,0.0,0.0,0.0,0.0,0.0,0.0,0.0,0.0,0.0,0.0,0.0,0.0,0.0,0.0,0.0,0.0,0.0,0.0,0.0,0.0,0.0,0.0,0.0,0.0,2.0
SMOTE_000374,attack,union,"1'+  (  select vlut where 9517  =  9517 union all select null,null,null--",nearest_attack_euclidean,R000011,0.48667964425442123,73.0,25.48312060307598,4.039080925716974,41.24156030153799,8.436359296411357,15.161040201025326,8.161040201025326,0.5649528808429862,0.11556656570426516,0.2076854822058264,0.11179507124692227,0.9194798994873365,0.0,2.0,0.0,0.16104020102532668,1.0,0.0,0.9194798994873367,0.0,0.0,1.9194798994873365,4.080520100512663,0.9194798994873367,0.0,1.0,0.0,0.0,1.0,0.9194798994873367,0.0,0.0,0.0,0.0,2.0,1.0,1.0,0.08052010051266334,0.0,0.0,0.0,0.0,0.0,0.0,0.0,0.0,0.0,0.0,0.0,0.0,0.0,0.0,0.0,0.0,0.0,0.0,0.0,0.0,0.0,0.0,0.0,0.0,0.0,0.0,0.0,0.0,0.0,0.0,0.0,4.080520100512663
SMOTE_000375,attack,union," select * from users where id  =  1 +$ . union select null,@@VERSION -- 1",nearest_attack_euclidean,R000001,0.0360477382273401,73.02773688011047,32.0,4.362862963877544,44.0,2.0,17.0,10.027736880110469,0.6025168177671487,0.02738712808032495,0.23279058868276198,0.1373054654697643,-5.551115123125783e-17,0.0,2.0,0.0,1.0138684400552345,1.0,0.0,0.0,0.0,0.0,1.0,5.027736880110469,0.0,0.0,1.0,0.0,0.0,1.0,0.0,0.0,0.0,0.0,0.0,2.0,1.0,1.0,1.0,0.0,0.0,0.0,0.0,0.0,0.0,0.0,0.0,0.0,0.0,0.0,0.0,0.0,0.0,0.0,0.0,0.0,0.0,0.0,0.0,0.0,0.0,0.0,0.0,0.0,0.0,0.0,0.0,0.0,0.0,0.0,5.0
SMOTE_000376,attack,union," select * from users where id  =  '1'<@$$ union select 1,version  (    )   -- 1'",nearest_attack_euclidean,R000006,2.984994026735463,76.83917430905461,26.64536041816626,4.02190758269468,40.45154652727791,5.70927916366748,19.387627781776693,11.29072083633252,0.5278350599006933,0.07623712502846483,0.25046390640991084,0.145463908660931,2.0969069454441733,0.0,2.0,0.0,0.5484534727220867,1.0,0.0,1.5484534727220867,0.0,0.0,1.4515465272779133,4.548453472722087,1.0,0.0,1.0,0.0,0.0,1.0,1.0,0.0,0.0,0.0,0.0,2.0,1.0,1.0,0.5484534727220867,0.0,0.0,0.0,0.0,0.0,0.0,0.0,0.0,0.0,0.0,0.0,0.0,0.0,0.0,0.0,0.0,0.0,0.0,0.0,0.0,0.0,0.0,0.0,0.0,0.0,0.0,0.0,0.0,0.0,0.0,0.0,4.548453472722087
SMOTE_000377,attack,union," select * from users where id  =  1 +$ . union select null,@@VERSION -- 1",nearest_attack_euclidean,R000001,1.8321507733694642,73.0,32.43315290280693,4.378732398007678,43.13369419438614,2.4331529028069294,17.0,10.43315290280693,0.590872523210769,0.033330861682286717,0.2328767123287671,0.1429199027781771,-5.551115123125783e-17,0.0,2.0,0.0,1.0,1.0,0.0,0.0,0.0,0.0,1.0,5.0,0.0,0.0,1.0,0.0,0.0,1.0,0.0,0.0,0.0,0.0,0.0,2.0,1.0,1.0,1.0,0.0,0.4331529028069293,0.0,0.0,0.0,0.0,0.0,0.0,0.0,0.0,0.0,0.0,0.0,0.0,0.0,0.0,0.0,0.0,0.0,0.0,0.0,0.0,0.0,0.0,0.0,0.0,0.0,0.0,0.0,0.0,0.0,5.433152902806929
SMOTE_000378,attack,union,"1%'  )   union all select null,null,null,null,null,null#",nearest_attack_euclidean,R000010,0.1590621955715644,56.0,16.937734960231037,3.3012562346060905,38.249060159075846,1.0,7.750939840924152,9.0,0.6830189314120687,0.01785714285714285,0.13840964001650272,0.16071428571428573,1.0,0.0,0.0,0.0,0.0,0.0,0.0,0.9377349602310382,1.0,0.0,5.0622650397689615,0.0,1.0,0.0,0.0,1.0,0.0,0.0,0.9377349602310382,0.0,0.0,0.0,0.0,1.0,1.0,0.0,0.0,0.0,0.0,0.0,0.0,0.0,0.0,0.0,0.0,0.0,0.0,0.0,0.0,0.0,0.0,0.0,0.0,0.0,0.0,0.0,0.0,0.0,0.0,0.0,0.0,0.0,0.0,0.0,0.0,0.0,0.0,0.0,2.0
SMOTE_000379,attack,union,"-8308""  )   union all select 3084,3084,3084,3084,3084,3084,3084,3084,3084#",nearest_attack_euclidean,R000029,1.0759768844029234,70.23546508771689,20.579159217274324,3.6873425082015245,13.999999999999998,35.36672626180541,9.737477651822973,11.131261174088515,0.20086475161097994,0.4979439831335677,0.14326309825723632,0.15792816699821607,-5.551115123125783e-17,1.0,1.0,0.0,0.0,0.0,0.0,1.289579608637162,0.0,0.0,6.841681565451351,1.0,0.0,1.0,0.0,1.0,0.0,0.0,1.0,0.0,0.0,0.0,0.0,1.0,1.0,0.0,0.0,0.0,0.0,0.0,0.0,0.0,0.0,0.0,0.0,0.0,0.0,0.0,0.0,0.0,0.0,0.0,0.0,0.0,0.0,0.0,0.0,0.0,0.0,0.0,0.0,0.0,0.0,0.0,0.0,0.0,0.0,0.0,2.0
SMOTE_000380,attack,union,"-5575"" union all select 8665,8665,8665,8665,8665,8665,8665--",nearest_attack_euclidean,R000008,1.3965920843147008,60.15869032691535,19.0,3.6585682212612167,13.999999999999998,32.12695226153228,3.999999999999999,10.03173806538307,0.23578658062939872,0.53052962213783,0.06736759446554248,0.16631620276722875,0.3439126884610234,0.6560873115389766,3.0,0.0,0.0,0.0,0.0,0.0,0.0,0.0,6.03173806538307,3.0,0.3439126884610234,0.6560873115389766,1.0,0.0,0.0,0.0,0.0,0.0,0.0,0.0,0.0,1.0,1.0,0.0,0.0,0.0,0.0,0.0,0.0,0.0,0.0,0.0,0.0,0.0,0.0,0.0,0.0,0.0,0.0,0.0,0.0,0.0,0.0,0.0,0.0,0.0,0.0,0.0,0.0,0.0,0.0,0.0,0.0,0.0,0.0,0.0,2.0
SMOTE_000381,attack,union," select * from users where id  =  1 +$ . union select null,@@VERSION -- 1",nearest_attack_euclidean,R000001,0.4130982807301955,73.0,32.0,4.363397135789541,43.804438737340064,2.09778063132997,17.0,10.09778063132997,0.6000608046210967,0.028736720977122876,0.2328767123287671,0.13832576207301328,-5.551115123125783e-17,0.0,2.0,0.0,1.0,1.0,0.0,0.0,0.0,0.0,1.0,5.0,0.0,0.0,1.0,0.0,0.0,1.0,0.0,0.0,0.0,0.0,0.0,2.0,1.0,1.0,1.0,0.0,0.09778063132996993,0.0,0.0,0.0,0.0,0.0,0.0,0.0,0.0,0.0,0.0,0.0,0.0,0.0,0.0,0.0,0.0,0.0,0.0,0.0,0.0,0.0,0.0,0.0,0.0,0.0,0.0,0.0,0.0,0.0,5.09778063132997
SMOTE_000382,attack,union,"-9110""   )    )    union all select 2263,2263,2263,2263,2263#",nearest_attack_euclidean,R000026,2.089961130085031,57.608548946103525,21.53618298203451,3.856282004819854,13.999999999999998,24.289463856276072,10.782902107792946,8.536182982034509,0.24318411463515455,0.42010865527523894,0.18865703171639092,0.1480501983732156,0.463817017965491,0.536182982034509,1.0,0.0,0.0,0.0,0.0,1.463817017965491,0.0,0.0,4.072365964069018,1.0,0.46381701796549096,0.536182982034509,0.0,1.0,0.0,0.0,1.0,0.0,0.0,0.0,0.0,1.0,1.0,0.0,0.0,0.0,0.0,0.0,0.0,0.0,0.0,0.0,0.0,0.0,0.0,0.0,0.0,0.0,0.0,0.0,0.0,0.0,0.0,0.0,0.0,0.0,0.0,0.0,0.0,0.0,0.0,0.0,0.0,0.0,0.0,0.0,2.0
SMOTE_000383,attack,union,"-5575"" union all select 8665,8665,8665,8665,8665,8665,8665--",nearest_attack_euclidean,R000008,1.3894722217172435,61.24866753194142,18.553666604861327,3.6312505737526455,13.999999999999998,33.356000741664076,3.999999999999999,9.892666790277346,0.2314937166147088,0.5406106323839696,0.06614106188991681,0.1617545891114048,-5.551115123125783e-17,0.5536666048613268,3.0,0.0,0.0,0.0,0.0,0.0,0.0,0.0,6.339000185416019,3.0,0.0,0.5536666048613268,1.0,0.0,0.0,0.0,0.0,0.0,0.0,0.0,0.0,1.0,1.0,0.0,0.0,0.0,0.0,0.0,0.0,0.0,0.0,0.0,0.0,0.0,0.0,0.0,0.0,0.0,0.0,0.0,0.0,0.0,0.0,0.0,0.0,0.0,0.0,0.0,0.0,0.0,0.0,0.0,0.0,0.0,0.0,0.0,2.0
SMOTE_000384,attack,union,"-4966%"" union all select 4300,4300,4300,4300,4300,4300,4300,4300#",nearest_attack_euclidean,R000017,1.4516485098538974,68.36016464638053,20.626648372624388,3.64104306849003,13.999999999999998,37.49340650950245,5.493406509502455,11.373351627375614,0.20560451038475522,0.5488784814652725,0.07892531487154625,0.16659169327842602,-5.551115123125783e-17,1.0,1.0,0.0,0.0,0.0,0.0,0.3733516273756139,0.6266483726243862,0.0,7.373351627375614,1.0,0.0,1.0,0.0,1.0,0.0,0.0,0.3733516273756138,0.0,0.0,0.0,0.0,1.0,1.0,0.0,0.0,0.0,0.0,0.0,0.0,0.0,0.0,0.0,0.0,0.0,0.0,0.0,0.0,0.0,0.0,0.0,0.0,0.0,0.0,0.0,0.0,0.0,0.0,0.0,0.0,0.0,0.0,0.0,0.0,0.0,0.0,0.0,2.0
SMOTE_000385,attack,union,"-6294"" union all select 9921,9921,9921,9921,9921,9921--",nearest_attack_euclidean,R000021,0.18527742110106898,55.569646564138374,19.0,3.664506392304498,13.999999999999998,28.455717251310695,3.999999999999999,9.113929312827674,0.2524740124940423,0.5114582714353801,0.07213543214115493,0.16393228392942252,0.0379764376092247,0.9620235623907752,3.0,0.0,0.0,0.0,0.0,0.0,0.0,0.0,5.113929312827674,3.0,0.037976437609224756,0.9620235623907752,1.0,0.0,0.0,0.0,0.0,0.0,0.0,0.0,0.0,1.0,1.0,0.0,0.0,0.0,0.0,0.0,0.0,0.0,0.0,0.0,0.0,0.0,0.0,0.0,0.0,0.0,0.0,0.0,0.0,0.0,0.0,0.0,0.0,0.0,0.0,0.0,0.0,0.0,0.0,0.0,0.0,0.0,0.0,0.0,2.0
SMOTE_000386,attack,union,"-9110""   )    )    union all select 2263,2263,2263,2263,2263#",nearest_attack_euclidean,R000026,1.5472193957410865,61.62195647982446,21.68902176008777,3.803860751260284,13.999999999999998,24.0,14.0,9.621956479824465,0.22724241719553928,0.38955842947806735,0.22724241719553928,0.15595673613085406,-5.551115123125783e-17,1.0,1.6219564798244652,0.0,0.0,0.0,0.0,2.0,0.3109782399122326,0.0,4.0,1.6219564798244652,0.0,1.0,0.3109782399122326,0.6890217600877675,0.0,0.0,1.0,0.0,0.0,0.0,0.0,1.0,1.0,0.0,0.0,0.0,0.0,0.0,0.0,0.0,0.0,0.0,0.0,0.0,0.0,0.0,0.0,0.0,0.0,0.0,0.0,0.0,0.0,0.0,0.0,0.0,0.0,0.0,0.0,0.0,0.0,0.0,0.0,0.0,0.0,0.0,2.0
SMOTE_000387,attack,union,"1%' union all select null,null,null,null,null,null,null#",nearest_attack_euclidean,R000016,1.53332897395852,60.7798502026197,16.0,3.1320382456373896,45.58488765196478,1.0,3.999999999999999,10.194962550654925,0.75,0.016671664136255038,0.06668665654502015,0.16664167931872484,1.0,0.0,0.5974812753274619,0.0,0.0,0.0,0.0,0.0,1.0,0.0,6.896221912991193,0.5974812753274623,1.0,0.0,0.29874063766373093,0.7012593623362691,0.0,0.0,0.0,0.0,0.0,0.0,0.0,1.0,1.0,0.0,0.0,0.0,0.0,0.0,0.0,0.0,0.0,0.0,0.0,0.0,0.0,0.0,0.0,0.0,0.0,0.0,0.0,0.0,0.0,0.0,0.0,0.0,0.0,0.0,0.0,0.0,0.0,0.0,0.0,0.0,0.0,0.0,2.0
SMOTE_000388,attack,union,"-8073   )    )     )   union all select 4481,4481,4481,4481--",nearest_attack_euclidean,R000027,1.6659419212833333,64.72899563100047,18.757001456333178,3.4680834714616986,22.70098980566776,14.095756917582591,18.0,9.932248907750116,0.33697606991056067,0.23024057025657507,0.28000855123332397,0.1527748085995403,-5.551115123125783e-17,0.31074963591670574,2.6892503640832945,0.0,0.0,0.0,0.0,3.0,0.0,0.0,3.932248907750117,2.689250364083294,0.0,0.31074963591670574,1.0,0.0,0.0,0.0,1.0,0.0,0.0,0.0,0.0,1.0,1.0,0.0,0.0,0.0,0.0,0.0,0.0,0.0,0.0,0.0,0.0,0.0,0.0,0.0,0.0,0.0,0.0,0.0,0.0,0.0,0.0,0.0,0.0,0.0,0.0,0.0,0.0,0.0,0.0,0.0,0.0,0.0,0.0,0.0,2.0
SMOTE_000389,attack,union,"-4966%"" union all select 4300,4300,4300,4300,4300,4300,4300,4300#",nearest_attack_euclidean,R000017,1.7354501677874101,61.59409362805689,20.318818725611376,3.647767971690207,13.999999999999998,33.27527490244551,3.999999999999999,10.318818725611377,0.22872243054746955,0.5386029365171776,0.06534926587070557,0.1673253670646472,-5.551115123125783e-17,1.0,1.6811812743886225,0.0,0.0,0.0,0.0,0.0,0.6594093628056887,0.0,6.3188187256113775,1.6811812743886225,0.0,1.0,0.34059063719431126,0.6594093628056887,0.0,0.0,0.0,0.0,0.0,0.0,0.0,1.0,1.0,0.0,0.0,0.0,0.0,0.0,0.0,0.0,0.0,0.0,0.0,0.0,0.0,0.0,0.0,0.0,0.0,0.0,0.0,0.0,0.0,0.0,0.0,0.0,0.0,0.0,0.0,0.0,0.0,0.0,0.0,0.0,0.0,0.0,2.0
SMOTE_000390,attack,union,"-6294"" union all select 9921,9921,9921,9921,9921,9921--",nearest_attack_euclidean,R000021,2.151689760366889,56.83700961366369,20.377757210247765,3.8075435309970573,13.999999999999998,28.0,5.837009613663686,9.0,0.24661998934012586,0.4932399786802517,0.10159861026097011,0.15854142171865235,-5.551115123125783e-17,1.0,2.081495193168157,0.0,0.0,0.0,0.0,0.45925240341592166,0.0,0.0,5.0,2.0814951931681565,0.0,1.0,0.5407475965840784,0.45925240341592166,0.0,0.0,0.4592524034159217,0.0,0.0,0.0,0.0,1.0,1.0,0.0,0.0,0.0,0.0,0.0,0.0,0.0,0.0,0.0,0.0,0.0,0.0,0.0,0.0,0.0,0.0,0.0,0.0,0.0,0.0,0.0,0.0,0.0,0.0,0.0,0.0,0.0,0.0,0.0,0.0,0.0,0.0,0.0,2.0
SMOTE_000391,attack,union,"-3370""  )   union all select 7845,7845,7845,7845,7845,7845#",nearest_attack_euclidean,R000009,1.4366466145891192,57.773459961073755,21.08009497080532,3.880083655153788,13.999999999999998,28.0,6.773459961073757,9.0,0.24257983375807932,0.4851596675161587,0.11631631988128247,0.15594417884447956,-5.551115123125783e-17,1.0,1.6132700194631213,0.0,0.0,0.0,0.0,0.6933649902684393,0.0,0.0,5.0,1.613270019463121,0.0,1.0,0.30663500973156066,0.6933649902684393,0.0,0.0,0.6933649902684393,0.0,0.0,0.0,0.0,1.0,1.0,0.0,0.0,0.0,0.0,0.0,0.0,0.0,0.0,0.0,0.0,0.0,0.0,0.0,0.0,0.0,0.0,0.0,0.0,0.0,0.0,0.0,0.0,0.0,0.0,0.0,0.0,0.0,0.0,0.0,0.0,0.0,0.0,0.0,2.0
SMOTE_000392,attack,union," select * from users where id  =  '1'<@$$ union select 1,version  (    )   -- 1'",nearest_attack_euclidean,R000006,1.0755021012383759,79.00052533232795,28.571128381526883,4.07816639254877,40.28556419076344,3.0,22.143307427709676,13.571653713854838,0.5107575551314995,0.03801342876763977,0.27970077252966286,0.17152824357119786,2.571653713854838,0.0,2.0,0.0,1.0,1.0,0.0,1.7144358092365586,0.0,0.0,1.0,5.0,0.8572179046182793,0.0,1.0,0.0,0.0,1.0,0.8572179046182793,0.0,0.0,0.0,0.0,2.0,1.0,1.0,1.0,0.0,0.1427820953817207,0.0,0.0,0.0,0.0,0.0,0.0,0.0,0.0,0.0,0.0,0.0,0.0,0.0,0.0,0.0,0.0,0.0,0.0,0.0,0.0,0.0,0.0,0.0,0.0,0.0,0.0,0.0,0.0,0.0,5.142782095381721
SMOTE_000393,attack,union,"1""  )   as boeh where 2571  =  2571 union all select null#",nearest_attack_euclidean,R000024,1.4153320755925964,57.610934610393905,22.610934610393905,3.876356131389204,26.082009577954295,11.139859642833517,15.610934610393906,4.778130779212188,0.4513668262992383,0.19446226840849717,0.2708310509964729,0.08333985429579163,0.1945326948030469,0.8054673051969531,0.19453269480304702,0.0,0.0,0.8054673051969531,0.0,1.1945326948030468,0.0,0.0,0.5835980844091413,1.0,0.19453269480304688,0.8054673051969531,0.0,1.0,0.0,0.8054673051969531,1.0,0.0,0.0,0.0,0.0,1.0,1.0,0.8054673051969531,0.0,0.0,0.0,0.0,0.0,0.0,0.0,0.0,0.0,0.0,0.0,0.0,0.0,0.0,0.0,0.0,0.0,0.0,0.0,0.0,0.0,0.0,0.0,0.0,0.0,0.0,0.0,0.0,0.0,0.0,0.0,0.0,2.805467305196953
SMOTE_000394,attack,union,"1%'  )   union all select null,null,null,null,null,null#",nearest_attack_euclidean,R000010,1.0976273943604349,56.0,16.570332767533024,3.2509911241005978,39.7186689298679,1.0,6.281331070132103,9.0,0.7092619451762124,0.01785714285714285,0.11216662625235897,0.16071428571428573,1.0,0.0,0.0,0.0,0.0,0.0,0.0,0.5703327675330256,1.0,0.0,5.429667232466974,0.0,1.0,0.0,0.0,1.0,0.0,0.0,0.5703327675330256,0.0,0.0,0.0,0.0,1.0,1.0,0.0,0.0,0.0,0.0,0.0,0.0,0.0,0.0,0.0,0.0,0.0,0.0,0.0,0.0,0.0,0.0,0.0,0.0,0.0,0.0,0.0,0.0,0.0,0.0,0.0,0.0,0.0,0.0,0.0,0.0,0.0,0.0,0.0,2.0
SMOTE_000395,attack,union,"-5748' union all select 1224,1224,1224,1224,1224,1224,1224,1224,1224#",nearest_attack_euclidean,R000025,0.5689866625128787,69.1449828364186,20.710034327162795,3.551205833542773,13.999999999999998,40.0,3.999999999999999,11.144982836418603,0.20247831061907653,0.5785094589116472,0.057850945891164726,0.16116128457811157,1.0,0.0,1.2899656728372066,0.0,0.0,0.0,0.0,0.0,0.0,0.0,8.0,1.2899656728372066,1.0,0.0,0.1449828364186032,0.8550171635813968,0.0,0.0,0.0,0.0,0.0,0.0,0.0,1.0,1.0,0.0,0.0,0.0,0.0,0.0,0.0,0.0,0.0,0.0,0.0,0.0,0.0,0.0,0.0,0.0,0.0,0.0,0.0,0.0,0.0,0.0,0.0,0.0,0.0,0.0,0.0,0.0,0.0,0.0,0.0,0.0,0.0,0.0,2.0
SMOTE_000396,attack,union,"-5748' union all select 1224,1224,1224,1224,1224,1224,1224,1224,1224#",nearest_attack_euclidean,R000025,1.9545856024699673,69.0,19.732552443461778,3.5579415998038866,13.999999999999998,40.0,3.999999999999999,11.0,0.2028985507246377,0.5797101449275363,0.05797101449275363,0.15942028985507245,0.5775174811539254,0.0,1.8449650376921491,0.0,0.0,0.0,0.0,0.0,0.0,0.0,8.0,1.8449650376921491,0.5775174811539253,0.0,0.4224825188460745,0.5775174811539254,0.0,0.0,0.0,0.0,0.0,0.0,0.0,1.0,1.0,0.0,0.0,0.0,0.0,0.0,0.0,0.0,0.0,0.0,0.0,0.0,0.0,0.0,0.0,0.0,0.0,0.0,0.0,0.0,0.0,0.0,0.0,0.0,0.0,0.0,0.0,0.0,0.0,0.0,0.0,0.0,0.0,0.0,2.0
SMOTE_000397,attack,union,"-8073   )    )     )   union all select 4481,4481,4481,4481--",nearest_attack_euclidean,R000027,1.2606894891030593,61.54359894142319,20.271799470711596,3.6686974085113087,13.999999999999998,21.08719788284638,16.912802117153618,9.54359894142319,0.22752787270884084,0.3422969274070167,0.2752787270884084,0.154896472795734,-5.551115123125783e-17,0.27179947071159505,3.0,0.0,0.0,0.0,0.0,2.728200529288405,0.2717994707115949,0.0,3.2717994707115947,3.0,0.0,0.27179947071159505,1.0,0.0,0.0,0.0,1.0,0.0,0.0,0.0,0.0,1.0,1.0,0.0,0.0,0.0,0.0,0.0,0.0,0.0,0.0,0.0,0.0,0.0,0.0,0.0,0.0,0.0,0.0,0.0,0.0,0.0,0.0,0.0,0.0,0.0,0.0,0.0,0.0,0.0,0.0,0.0,0.0,0.0,0.0,0.0,2.0
SMOTE_000398,attack,union,"1'+  (  select vlut where 9517  =  9517 union all select null,null,null--",nearest_attack_euclidean,R000011,1.4138099284717338,70.9654066291292,24.41868760832263,3.9639761323617324,39.25606282496789,9.0,14.709343804161316,8.0,0.5525344363695224,0.12708828151470258,0.20740992076937276,0.11296736134640231,0.709343804161315,0.29065619583868507,2.0,0.0,0.0,1.0,0.0,1.0,0.0,0.0,2.290656195838685,3.709343804161315,0.7093438041613149,0.29065619583868507,1.0,0.0,0.0,1.0,1.0,0.0,0.0,0.0,0.0,1.709343804161315,1.0,1.0,0.0,0.0,0.0,0.0,0.0,0.0,0.0,0.0,0.0,0.0,0.0,0.0,0.0,0.0,0.0,0.0,0.0,0.0,0.0,0.0,0.0,0.0,0.0,0.0,0.0,0.0,0.0,0.0,0.0,0.0,0.0,0.0,3.709343804161315
SMOTE_000399,attack,union,"-4330' union all select 3059,3059,3059,3059,3059,3059,3059,3059,3059--",nearest_attack_euclidean,R000031,1.4340529228157957,66.71435424885233,19.342870849770467,3.650971429294789,13.999999999999998,37.37148339908187,3.999999999999999,11.342870849770465,0.21095215250382557,0.5589118257099136,0.06027204357252158,0.1698639782137392,0.6714354248852328,0.3285645751147672,3.0,0.0,0.0,0.0,0.0,0.0,0.0,0.0,7.342870849770465,3.0,0.6714354248852328,0.3285645751147672,1.0,0.0,0.0,0.0,0.0,0.0,0.0,0.0,0.0,1.0,1.0,0.0,0.0,0.0,0.0,0.0,0.0,0.0,0.0,0.0,0.0,0.0,0.0,0.0,0.0,0.0,0.0,0.0,0.0,0.0,0.0,0.0,0.0,0.0,0.0,0.0,0.0,0.0,0.0,0.0,0.0,0.0,0.0,0.0,2.0
SMOTE_000400,attack,union," select * from users where id  =  1 +$ . union select null,@@VERSION -- 1",nearest_attack_euclidean,R000001,0.15071073840752458,73.11596415997671,32.0,4.364380141945829,44.0,2.0,17.0,10.11596415997671,0.6018077766138858,0.027354898936994804,0.23251664096445587,0.1383206834846635,-5.551115123125783e-17,0.0,2.0,0.0,1.0579820799883546,1.0,0.0,0.0,0.0,0.0,1.0,5.115964159976709,0.0,0.0,1.0,0.0,0.0,1.0,0.0,0.0,0.0,0.0,0.0,2.0,1.0,1.0,1.0,0.0,0.0,0.0,0.0,0.0,0.0,0.0,0.0,0.0,0.0,0.0,0.0,0.0,0.0,0.0,0.0,0.0,0.0,0.0,0.0,0.0,0.0,0.0,0.0,0.0,0.0,0.0,0.0,0.0,0.0,0.0,5.0
SMOTE_000401,attack,union,"1""   )    )     )   union all select null,null,null,null,null,null,null--",nearest_attack_euclidean,R000030,2.524096123601766,67.35013712249611,17.88328762583463,3.3697449440367118,28.81698661915759,9.945616222714492,18.0,10.587534280624027,0.41251611588898884,0.1616168531631848,0.2694133240051808,0.15645370694264554,-5.551115123125783e-17,0.5291780935413426,2.4708219064586574,0.0,0.0,0.0,0.0,3.0,0.0,0.0,4.587534280624028,2.4708219064586574,0.0,0.5291780935413426,1.0,0.0,0.0,0.0,1.0,0.0,0.0,0.0,0.0,1.0,1.0,0.0,0.0,0.0,0.0,0.0,0.0,0.0,0.0,0.0,0.0,0.0,0.0,0.0,0.0,0.0,0.0,0.0,0.0,0.0,0.0,0.0,0.0,0.0,0.0,0.0,0.0,0.0,0.0,0.0,0.0,0.0,0.0,0.0,2.0
SMOTE_000402,attack,union,"-3879' union all select 9814,9814,9814,9814,9814,9814,9814,9814,9814--",nearest_attack_euclidean,R000015,1.013263775420774,69.7419386021015,20.258061397898498,3.6685141966955874,13.999999999999998,40.0,3.999999999999999,11.741938602101502,0.20074800405187973,0.5735657258625134,0.05735657258625135,0.1683296974993555,1.0,0.0,2.4838772042030026,0.0,0.0,0.0,0.0,0.0,0.0,0.0,8.0,2.4838772042030026,1.0,0.0,0.7419386021015013,0.25806139789849875,0.0,0.0,0.0,0.0,0.0,0.0,0.0,1.0,1.0,0.0,0.0,0.0,0.0,0.0,0.0,0.0,0.0,0.0,0.0,0.0,0.0,0.0,0.0,0.0,0.0,0.0,0.0,0.0,0.0,0.0,0.0,0.0,0.0,0.0,0.0,0.0,0.0,0.0,0.0,0.0,0.0,0.0,2.0
SMOTE_000403,attack,union,"1""   )    )     )   union all select null,null,null,null,null,null,null--",nearest_attack_euclidean,R000030,0.7761005602315592,72.47191515533126,15.823971718443754,3.138900666891132,43.40822625244997,1.0,16.239717184437534,11.823971718443753,0.599800407026406,0.013801973550815805,0.22328862654950632,0.1631089928732718,-5.551115123125783e-17,0.8239717184437534,2.0,0.0,0.0,0.0,0.0,2.6479434368875068,0.0,0.0,6.352056563112493,2.0,0.0,0.8239717184437534,1.0,0.0,0.0,0.0,1.0,0.0,0.0,0.0,0.0,1.0,1.0,0.0,0.0,0.0,0.0,0.0,0.0,0.0,0.0,0.0,0.0,0.0,0.0,0.0,0.0,0.0,0.0,0.0,0.0,0.0,0.0,0.0,0.0,0.0,0.0,0.0,0.0,0.0,0.0,0.0,0.0,0.0,0.0,0.0,2.0
SMOTE_000404,attack,union,"1%'  )   union all select null,null,null,null,null,null#",nearest_attack_euclidean,R000010,0.7772439334496666,58.11338236905865,16.867913601933836,3.2736093457093918,40.11338236905865,1.0,7.471654407735338,9.528345592264662,0.6880061712904404,0.017332990483864413,0.1313257906450173,0.1633350475806779,1.0,0.0,0.26417279613233124,0.0,0.0,0.0,0.0,0.8679136019338344,1.0,0.0,5.528345592264662,0.26417279613233147,1.0,0.0,0.1320863980661655,0.8679136019338345,0.0,0.0,0.8679136019338344,0.0,0.0,0.0,0.0,1.0,1.0,0.0,0.0,0.0,0.0,0.0,0.0,0.0,0.0,0.0,0.0,0.0,0.0,0.0,0.0,0.0,0.0,0.0,0.0,0.0,0.0,0.0,0.0,0.0,0.0,0.0,0.0,0.0,0.0,0.0,0.0,0.0,0.0,0.0,2.0
SMOTE_000405,attack,union,"-3370""  )   union all select 7845,7845,7845,7845,7845,7845#",nearest_attack_euclidean,R000009,1.12787977649501,60.6190853139935,21.73015244766775,3.8843308555123253,13.999999999999998,30.158780418658004,6.920609790670999,9.539695104664501,0.23137752427746833,0.49596705499582905,0.11560972493810714,0.1570456957885956,-5.551115123125783e-17,1.0,1.0,0.0,0.0,0.0,0.0,0.7301524476677496,0.2698475523322505,0.0,5.539695104664501,1.0,0.0,1.0,0.0,1.0,0.0,0.0,0.7301524476677496,0.0,0.0,0.0,0.0,1.0,1.0,0.0,0.0,0.0,0.0,0.0,0.0,0.0,0.0,0.0,0.0,0.0,0.0,0.0,0.0,0.0,0.0,0.0,0.0,0.0,0.0,0.0,0.0,0.0,0.0,0.0,0.0,0.0,0.0,0.0,0.0,0.0,0.0,0.0,2.0
SMOTE_000406,attack,union," select * from users where id  =  1 + \+*$ union select null,@@VERSION -- 1",nearest_attack_euclidean,R000003,0.878482191343369,74.08494697225362,31.54247348612681,4.368508036429398,44.0,2.0,17.0,11.084946972253624,0.5940205174832586,0.027000932612875395,0.2295079272094408,0.14947062269442526,-5.551115123125783e-17,0.0,2.0,0.0,2.0,1.0,0.0,0.0,0.0,0.0,1.0,6.084946972253624,0.0,0.0,1.0,0.0,0.0,1.0,0.0,0.0,0.0,0.0,0.0,2.0,1.0,1.0,1.0,0.0,0.0,0.0,0.0,0.0,0.0,0.0,0.0,0.0,0.0,0.0,0.0,0.0,0.0,0.0,0.0,0.0,0.0,0.0,0.0,0.0,0.0,0.0,0.0,0.0,0.0,0.0,0.0,0.0,0.0,0.0,5.0
SMOTE_000407,attack,union,"-6294"" union all select 9921,9921,9921,9921,9921,9921--",nearest_attack_euclidean,R000021,0.44939525823365345,57.117346386656415,18.576530722668718,3.603879570041437,13.999999999999998,29.69387710932513,3.999999999999999,9.423469277331282,0.24556277290509398,0.5193568309656068,0.07016079225859828,0.16491960387070084,-5.551115123125783e-17,1.0,3.0,0.0,0.0,0.0,0.0,0.0,0.0,0.0,5.423469277331282,3.0,0.0,1.0,1.0,0.0,0.0,0.0,0.0,0.0,0.0,0.0,0.0,1.0,1.0,0.0,0.0,0.0,0.0,0.0,0.0,0.0,0.0,0.0,0.0,0.0,0.0,0.0,0.0,0.0,0.0,0.0,0.0,0.0,0.0,0.0,0.0,0.0,0.0,0.0,0.0,0.0,0.0,0.0,0.0,0.0,0.0,0.0,2.0
SMOTE_000408,attack,union,"1""  )   where 2088  =  2088 union all select null,null,null,null--",nearest_attack_euclidean,R000022,1.1630126333447326,64.24045356896397,23.0,3.859419670397206,33.68034017672298,9.0,14.439886607759007,7.1202267844819875,0.5236380817006211,0.14050050101340758,0.22614058676765902,0.10972083051831227,-5.551115123125783e-17,1.0,1.560113392240994,0.0,0.0,1.0,0.0,1.0,0.0,0.0,2.340170088361491,2.5601133922409938,0.0,1.0,0.7800566961204969,0.21994330387950312,0.0,1.0,1.0,0.0,0.0,0.0,0.0,1.0,1.0,1.0,0.0,0.0,0.0,0.0,0.0,0.0,0.0,0.0,0.0,0.0,0.0,0.0,0.0,0.0,0.0,0.0,0.0,0.0,0.0,0.0,0.0,0.0,0.0,0.0,0.0,0.0,0.0,0.0,0.0,0.0,0.0,0.0,3.0
SMOTE_000409,attack,union," select * from users where id  =  '1'<@$$ union select 1,version  (    )   -- 1'",nearest_attack_euclidean,R000006,0.3785955198788645,79.70717745006384,28.234258039948934,4.050635789056317,40.234258039948934,2.9414354900127666,22.648612940076603,13.882870980025535,0.5050755908655602,0.03686555114180498,0.2839373256424433,0.1741215323501915,2.824306470038301,0.0,2.0,0.0,1.058564509987233,1.0,0.0,1.882870980025534,0.0,0.0,1.0,5.117129019974465,0.9414354900127672,0.0,1.0,0.0,0.0,1.0,0.941435490012767,0.0,0.0,0.0,0.0,2.0,1.0,1.0,1.0,0.0,0.0,0.0,0.0,0.0,0.0,0.0,0.0,0.0,0.0,0.0,0.0,0.0,0.0,0.0,0.0,0.0,0.0,0.0,0.0,0.0,0.0,0.0,0.0,0.0,0.0,0.0,0.0,0.0,0.0,0.0,5.0
SMOTE_000410,attack,union,"1%'  )   union all select null,null,null,null,null,null#",nearest_attack_euclidean,R000010,0.43311094964940294,57.177659941033895,16.926396253685382,3.289622007146961,39.177659941033895,1.0,7.705585014741527,9.294414985258472,0.6838288390224727,0.01756506449875153,0.13643141897253333,0.16217467750624243,1.0,0.0,0.14720749262923616,0.0,0.0,0.0,0.0,0.9263962536853818,1.0,0.0,5.294414985258473,0.14720749262923638,1.0,0.0,0.07360374631461808,0.926396253685382,0.0,0.0,0.9263962536853818,0.0,0.0,0.0,0.0,1.0,1.0,0.0,0.0,0.0,0.0,0.0,0.0,0.0,0.0,0.0,0.0,0.0,0.0,0.0,0.0,0.0,0.0,0.0,0.0,0.0,0.0,0.0,0.0,0.0,0.0,0.0,0.0,0.0,0.0,0.0,0.0,0.0,0.0,0.0,2.0
SMOTE_000411,attack,union," select * from users where id  =  1 +$ . union select null,@@VERSION -- 1",nearest_attack_euclidean,R000001,0.2651533190833275,73.2040218383735,32.0,4.365894403505409,44.0,2.0,17.0,10.204021838373512,0.6011000984678658,0.02732273174853936,0.2322432198625845,0.13933394992101028,-5.551115123125783e-17,0.0,2.0,0.0,1.102010919186756,1.0,0.0,0.0,0.0,0.0,1.0,5.204021838373512,0.0,0.0,1.0,0.0,0.0,1.0,0.0,0.0,0.0,0.0,0.0,2.0,1.0,1.0,1.0,0.0,0.0,0.0,0.0,0.0,0.0,0.0,0.0,0.0,0.0,0.0,0.0,0.0,0.0,0.0,0.0,0.0,0.0,0.0,0.0,0.0,0.0,0.0,0.0,0.0,0.0,0.0,0.0,0.0,0.0,0.0,5.0
SMOTE_000412,attack,union,"-5575"" union all select 8665,8665,8665,8665,8665,8665,8665--",nearest_attack_euclidean,R000008,0.04182097783117016,60.11115118990918,18.0,3.5211848944409074,13.999999999999998,32.09880105769705,3.999999999999999,10.01235013221213,0.23295745974426846,0.5339060930880988,0.06655927421264814,0.16657717295498456,-5.551115123125783e-17,0.9876498677878686,3.0,0.0,0.0,0.0,0.0,0.0,0.0,0.0,6.024700264424263,3.0,0.0,0.9876498677878686,1.0,0.0,0.0,0.0,0.0,0.0,0.0,0.0,0.0,1.0,1.0,0.0,0.0,0.0,0.0,0.0,0.0,0.0,0.0,0.0,0.0,0.0,0.0,0.0,0.0,0.0,0.0,0.0,0.0,0.0,0.0,0.0,0.0,0.0,0.0,0.0,0.0,0.0,0.0,0.0,0.0,0.0,0.0,0.0,2.0
SMOTE_000413,attack,union," select * from users where id  =  1 + \+*$ union select null,@@VERSION -- 1",nearest_attack_euclidean,R000003,0.5199411379838699,74.45841393570599,31.729206967852996,4.380046252259625,44.0,2.0,17.0,11.458413935705993,0.5910191391468377,0.026864506324856263,0.22834830376127818,0.15376805076702785,-5.551115123125783e-17,0.0,2.0,0.0,2.0,1.0,0.0,0.0,0.0,0.0,1.0,6.458413935705993,0.0,0.0,1.0,0.0,0.0,1.0,0.0,0.0,0.0,0.0,0.0,2.0,1.0,1.0,1.0,0.0,0.0,0.0,0.0,0.0,0.0,0.0,0.0,0.0,0.0,0.0,0.0,0.0,0.0,0.0,0.0,0.0,0.0,0.0,0.0,0.0,0.0,0.0,0.0,0.0,0.0,0.0,0.0,0.0,0.0,0.0,5.0
SMOTE_000414,attack,union,"-8308""  )   union all select 3084,3084,3084,3084,3084,3084,3084,3084,3084#",nearest_attack_euclidean,R000029,0.09925293645796919,73.7269005478026,19.96098579254323,3.6424757699112997,13.999999999999998,39.84394317017292,7.921971585086458,11.960985792543228,0.1900503135880098,0.5403999488019575,0.1072997056112561,0.16225003199877652,-5.551115123125783e-17,1.0,1.0390142074567712,0.0,0.0,0.0,0.0,0.9804928962716144,0.0,0.0,7.960985792543228,1.039014207456771,0.0,1.0,0.0195071037283856,0.9804928962716144,0.0,0.0,0.9804928962716144,0.0,0.0,0.0,0.0,1.0,1.0,0.0,0.0,0.0,0.0,0.0,0.0,0.0,0.0,0.0,0.0,0.0,0.0,0.0,0.0,0.0,0.0,0.0,0.0,0.0,0.0,0.0,0.0,0.0,0.0,0.0,0.0,0.0,0.0,0.0,0.0,0.0,0.0,0.0,2.0
SMOTE_000415,attack,union,"1' union all select null,null,null,null,null,null,null,null,null--",nearest_attack_euclidean,R000023,0.918775926642228,67.02911879174097,15.0,3.0289648826299604,50.0,1.0,5.029118791740975,11.0,0.7464381083144915,0.014928762166289855,0.07441674569003041,0.16421638382918816,0.7427203020647559,0.0,2.0,0.0,0.0,0.0,0.0,0.2572796979352441,0.0,0.0,8.0,2.0,0.7427203020647559,0.0,1.0,0.0,0.0,0.0,0.2572796979352441,0.0,0.0,0.0,0.0,1.0,1.0,0.0,0.0,0.0,0.0,0.0,0.0,0.0,0.0,0.0,0.0,0.0,0.0,0.0,0.0,0.0,0.0,0.0,0.0,0.0,0.0,0.0,0.0,0.0,0.0,0.0,0.0,0.0,0.0,0.0,0.0,0.0,0.0,0.0,2.0
SMOTE_000416,attack,union,"1""  )   as boeh where 2571  =  2571 union all select null#",nearest_attack_euclidean,R000024,0.14027554428738492,58.21222584023258,23.0,3.9125076031252313,29.15916938017443,9.0,15.946943539941856,4.106112920116288,0.5008038857584567,0.15467345021888892,0.2741711368529014,0.07035152716975296,-5.551115123125783e-17,1.0,0.05305646005814357,0.0,0.0,1.0,0.0,1.0,0.0,0.0,0.07958469008721547,1.0530564600581436,0.0,1.0,0.026528230029071787,0.9734717699709283,0.0,1.0,1.0,0.0,0.0,0.0,0.0,1.0,1.0,1.0,0.0,0.0,0.0,0.0,0.0,0.0,0.0,0.0,0.0,0.0,0.0,0.0,0.0,0.0,0.0,0.0,0.0,0.0,0.0,0.0,0.0,0.0,0.0,0.0,0.0,0.0,0.0,0.0,0.0,0.0,0.0,0.0,3.0
SMOTE_000417,attack,union,"1""  )   as boeh where 2571  =  2571 union all select null#",nearest_attack_euclidean,R000024,2.2268364459813186,61.36902799564514,23.0,3.8847070441543954,31.526770996733855,9.0,15.157743001088715,5.68451399782257,0.512761469680474,0.14725150157763683,0.2490189775686581,0.09096805117323106,-5.551115123125783e-17,1.0,0.8422569989112851,0.0,0.0,1.0,0.0,1.0,0.0,0.0,1.2633854983669282,1.8422569989112851,0.0,1.0,0.42112849945564257,0.5788715005443574,0.0,1.0,1.0,0.0,0.0,0.0,0.0,1.0,1.0,1.0,0.0,0.0,0.0,0.0,0.0,0.0,0.0,0.0,0.0,0.0,0.0,0.0,0.0,0.0,0.0,0.0,0.0,0.0,0.0,0.0,0.0,0.0,0.0,0.0,0.0,0.0,0.0,0.0,0.0,0.0,0.0,0.0,3.0
SMOTE_000418,attack,union," select * from users where id  =  1 or \<\. union select 1,@@VERSION -- 1",nearest_attack_euclidean,R000002,1.0572000652715008,73.0,30.94518905620145,4.31854594539302,41.849312722314494,3.9041236661130423,16.698625444628988,10.54793816694348,0.5732782564700616,0.05348114611113755,0.2287482937620409,0.14449230365675997,0.15068727768550688,0.0,2.0,0.0,0.8493127223144931,1.0,0.0,0.15068727768550694,0.0,0.0,1.150687277685507,4.849312722314493,0.1506872776855069,0.0,1.0,0.0,0.0,1.0,0.15068727768550688,0.0,0.0,0.0,0.0,2.0,1.0,1.0,0.8493127223144932,0.0,0.8493127223144932,0.0,0.0,0.0,0.0,0.0,0.0,0.0,0.0,0.0,0.0,0.0,0.0,0.0,0.0,0.0,0.0,0.0,0.0,0.0,0.0,0.0,0.0,0.0,0.0,0.0,0.0,0.0,0.0,0.0,5.698625444628986
SMOTE_000419,attack,union,"1%'  )   union all select null,null,null,null,null,null#",nearest_attack_euclidean,R000010,0.5473231228719362,56.0,16.78574987042247,3.280462816694472,38.8570005183101,1.0,7.142999481689894,9.0,0.6938750092555377,0.01785714285714285,0.12755356217303382,0.16071428571428573,1.0,0.0,0.0,0.0,0.0,0.0,0.0,0.7857498704224735,1.0,0.0,5.214250129577526,0.0,1.0,0.0,0.0,1.0,0.0,0.0,0.7857498704224735,0.0,0.0,0.0,0.0,1.0,1.0,0.0,0.0,0.0,0.0,0.0,0.0,0.0,0.0,0.0,0.0,0.0,0.0,0.0,0.0,0.0,0.0,0.0,0.0,0.0,0.0,0.0,0.0,0.0,0.0,0.0,0.0,0.0,0.0,0.0,0.0,0.0,0.0,0.0,2.0
SMOTE_000420,attack,union,"1""   )    )     )   union all select null,null,null,null,null,null,null--",nearest_attack_euclidean,R000030,2.5247150188135925,76.98056081509873,16.0,3.1203245073344834,45.53827628008775,1.0,18.0,12.44228453501097,0.590563082895466,0.013033651718159261,0.2346057309268665,0.1617975344595082,0.442284535010969,0.557715464989031,1.115430929978062,0.0,0.0,0.0,0.0,3.0,0.0,0.0,6.8845690700219375,1.1154309299780623,0.4422845350109689,0.557715464989031,0.5577154649890309,0.44228453501096904,0.0,0.0,1.0,0.0,0.0,0.0,0.0,1.0,1.0,0.0,0.0,0.0,0.0,0.0,0.0,0.0,0.0,0.0,0.0,0.0,0.0,0.0,0.0,0.0,0.0,0.0,0.0,0.0,0.0,0.0,0.0,0.0,0.0,0.0,0.0,0.0,0.0,0.0,0.0,0.0,0.0,0.0,2.0
SMOTE_000421,attack,union,"-8308""  )   union all select 3084,3084,3084,3084,3084,3084,3084,3084,3084#",nearest_attack_euclidean,R000029,1.2986362053511022,70.99401650185298,20.33399816646078,3.6428469825885665,13.999999999999998,38.66400733415688,6.664007334156879,11.66600183353922,0.19793841350812025,0.5449845909882516,0.09255393154111959,0.16452306396250865,-5.551115123125783e-17,1.0,1.0,0.0,0.0,0.0,0.0,0.6660018335392197,0.3339981664607803,0.0,7.6660018335392195,1.0,0.0,1.0,0.0,1.0,0.0,0.0,0.6660018335392197,0.0,0.0,0.0,0.0,1.0,1.0,0.0,0.0,0.0,0.0,0.0,0.0,0.0,0.0,0.0,0.0,0.0,0.0,0.0,0.0,0.0,0.0,0.0,0.0,0.0,0.0,0.0,0.0,0.0,0.0,0.0,0.0,0.0,0.0,0.0,0.0,0.0,0.0,0.0,2.0
SMOTE_000422,attack,union,"-9156'   )    )    union all select 9110,9110,9110,9110#",nearest_attack_euclidean,R000013,0.15014254499772772,56.18568993523781,21.03713798704756,3.7216247960700133,13.999999999999998,20.14855194819025,14.0,8.037137987047561,0.24923897567525488,0.3584909573752628,0.24923897567525488,0.14303109127422745,0.9628620129524377,0.037137987047562604,1.0,0.0,0.0,0.0,0.0,2.0,0.0,0.0,3.0371379870475623,1.0,0.9628620129524375,0.037137987047562604,0.0,1.0,0.0,0.0,1.0,0.0,0.0,0.0,0.0,1.0,1.0,0.0,0.0,0.0,0.0,0.0,0.0,0.0,0.0,0.0,0.0,0.0,0.0,0.0,0.0,0.0,0.0,0.0,0.0,0.0,0.0,0.0,0.0,0.0,0.0,0.0,0.0,0.0,0.0,0.0,0.0,0.0,0.0,0.0,2.0
SMOTE_000423,attack,union,"1""   )    )     )   union all select null,null,null,null,null,null,null--",nearest_attack_euclidean,R000030,0.6399421394293945,71.5675722475445,16.477475917485165,3.2115175606416164,38.65766857760383,3.268010608054542,18.0,11.641893061886126,0.5340605820274446,0.05120080892441886,0.25236552875459217,0.16237308029354436,-5.551115123125783e-17,0.8806310206287082,2.1193689793712918,0.0,0.0,0.0,0.0,3.0,0.0,0.0,5.641893061886125,2.1193689793712918,0.0,0.8806310206287082,1.0,0.0,0.0,0.0,1.0,0.0,0.0,0.0,0.0,1.0,1.0,0.0,0.0,0.0,0.0,0.0,0.0,0.0,0.0,0.0,0.0,0.0,0.0,0.0,0.0,0.0,0.0,0.0,0.0,0.0,0.0,0.0,0.0,0.0,0.0,0.0,0.0,0.0,0.0,0.0,0.0,0.0,0.0,0.0,2.0
SMOTE_000424,attack,union,"-4330' union all select 3059,3059,3059,3059,3059,3059,3059,3059,3059--",nearest_attack_euclidean,R000031,1.1573299557070122,67.35457962203034,18.735457962203032,3.612634228065308,13.999999999999998,37.88366369762427,3.999999999999999,11.470915924406068,0.20881806792656557,0.5613507795124966,0.05966230512187587,0.17016884743906208,0.7354579622030337,0.2645420377969663,3.0,0.0,0.0,0.0,0.0,0.0,0.0,0.0,7.470915924406067,3.0,0.7354579622030337,0.2645420377969663,1.0,0.0,0.0,0.0,0.0,0.0,0.0,0.0,0.0,1.0,1.0,0.0,0.0,0.0,0.0,0.0,0.0,0.0,0.0,0.0,0.0,0.0,0.0,0.0,0.0,0.0,0.0,0.0,0.0,0.0,0.0,0.0,0.0,0.0,0.0,0.0,0.0,0.0,0.0,0.0,0.0,0.0,0.0,0.0,2.0
SMOTE_000425,attack,union,"1' union all select null,null,null,null,null,null,null,null,null--",nearest_attack_euclidean,R000023,1.2703592560504615,67.42292646634907,15.0,3.031825390028851,50.0,1.0,5.422926466349062,11.0,0.7421761204940578,0.014843522409881155,0.07970161058736837,0.1632787465086927,0.6442683834127343,0.0,2.0,0.0,0.0,0.0,0.0,0.3557316165872657,0.0,0.0,8.0,2.0,0.6442683834127343,0.0,1.0,0.0,0.0,0.0,0.3557316165872657,0.0,0.0,0.0,0.0,1.0,1.0,0.0,0.0,0.0,0.0,0.0,0.0,0.0,0.0,0.0,0.0,0.0,0.0,0.0,0.0,0.0,0.0,0.0,0.0,0.0,0.0,0.0,0.0,0.0,0.0,0.0,0.0,0.0,0.0,0.0,0.0,0.0,0.0,0.0,2.0
SMOTE_000426,attack,union,"1' union all select null,null,null,null,null,null,null,null,null--",nearest_attack_euclidean,R000023,0.3927136759094848,65.22891623545488,15.077108376454511,3.0331694904450885,49.383132988363904,1.0,3.999999999999999,10.845783247090974,0.7569916032086779,0.015360141711186437,0.0614405668447458,0.1662076882353898,1.0,0.0,1.8457832470909752,0.0,0.0,0.0,0.0,0.0,0.07710837645451242,0.0,7.845783247090975,1.8457832470909752,1.0,0.0,0.9228916235454876,0.07710837645451243,0.0,0.0,0.0,0.0,0.0,0.0,0.0,1.0,1.0,0.0,0.0,0.0,0.0,0.0,0.0,0.0,0.0,0.0,0.0,0.0,0.0,0.0,0.0,0.0,0.0,0.0,0.0,0.0,0.0,0.0,0.0,0.0,0.0,0.0,0.0,0.0,0.0,0.0,0.0,0.0,0.0,0.0,2.0
SMOTE_000427,attack,union,"-9110""   )    )    union all select 2263,2263,2263,2263,2263#",nearest_attack_euclidean,R000026,1.9279127290177926,61.77498887206902,21.61250556396549,3.806913975812445,13.999999999999998,24.0,14.0,9.774988872069013,0.2266849221418251,0.3886027236717001,0.2266849221418251,0.15802743204464967,-5.551115123125783e-17,1.0,1.7749888720690132,0.0,0.0,0.0,0.0,2.0,0.38749443603450673,0.0,4.0,1.7749888720690135,0.0,1.0,0.3874944360345067,0.6125055639654933,0.0,0.0,1.0,0.0,0.0,0.0,0.0,1.0,1.0,0.0,0.0,0.0,0.0,0.0,0.0,0.0,0.0,0.0,0.0,0.0,0.0,0.0,0.0,0.0,0.0,0.0,0.0,0.0,0.0,0.0,0.0,0.0,0.0,0.0,0.0,0.0,0.0,0.0,0.0,0.0,0.0,0.0,2.0
SMOTE_000428,attack,union," select * from users where id  =  1 *$ . union select null,@@VERSION -- 1",nearest_attack_euclidean,R000005,0.6059681398339469,73.63119433329089,31.315597166645446,4.354489404544291,44.0,2.0,17.0,10.631194333290894,0.5976671140338266,0.0271666870015376,0.23091683951306935,0.14424935945156644,-5.551115123125783e-17,0.0,2.0,0.0,2.0,1.0,0.0,0.0,0.0,0.0,1.0,5.631194333290893,0.0,0.0,1.0,0.0,0.0,1.0,0.0,0.0,0.0,0.0,0.0,2.0,1.0,1.0,1.0,0.0,0.0,0.0,0.0,0.0,0.0,0.0,0.0,0.0,0.0,0.0,0.0,0.0,0.0,0.0,0.0,0.0,0.0,0.0,0.0,0.0,0.0,0.0,0.0,0.0,0.0,0.0,0.0,0.0,0.0,0.0,5.0
SMOTE_000429,attack,union," select * from users where id  =  1 + \+*$ union select null,@@VERSION -- 1",nearest_attack_euclidean,R000003,0.5350702095700534,74.77279570436895,32.11360214781553,4.39715856475289,43.77279570436894,2.113602147815527,17.0,11.886397852184471,0.5853802131206278,0.0283058574753291,0.2273721411919138,0.15894178821212931,-5.551115123125783e-17,0.0,2.0,0.0,1.8863978521844709,1.0,0.0,0.0,0.0,0.0,1.0,6.772795704368942,0.0,0.0,1.0,0.0,0.0,1.0,0.0,0.0,0.0,0.0,0.0,2.0,1.0,1.0,1.0,0.0,0.11360214781552935,0.0,0.0,0.0,0.0,0.0,0.0,0.0,0.0,0.0,0.0,0.0,0.0,0.0,0.0,0.0,0.0,0.0,0.0,0.0,0.0,0.0,0.0,0.0,0.0,0.0,0.0,0.0,0.0,0.0,5.113602147815529
SMOTE_000430,attack,union,"1  )   union all select null,null,null,null,null,null,null,null,null--",nearest_attack_euclidean,R000007,0.5105467069203237,70.34739309856923,15.115797699523075,3.0629617424322344,49.073618403815395,1.0,9.157976995230756,11.115797699523075,0.6981964057414122,0.014217731291865127,0.12960454889972584,0.15798131406699684,-5.551115123125783e-17,0.11579769952307561,2.0,0.0,0.0,0.0,0.0,1.2315953990461512,0.0,0.0,7.768404600953849,2.0,0.0,0.11579769952307561,1.0,0.0,0.0,0.0,1.0,0.0,0.0,0.0,0.0,1.0,1.0,0.0,0.0,0.0,0.0,0.0,0.0,0.0,0.0,0.0,0.0,0.0,0.0,0.0,0.0,0.0,0.0,0.0,0.0,0.0,0.0,0.0,0.0,0.0,0.0,0.0,0.0,0.0,0.0,0.0,0.0,0.0,0.0,0.0,2.0
SMOTE_000431,attack,union,"-8308""  )   union all select 3084,3084,3084,3084,3084,3084,3084,3084,3084#",nearest_attack_euclidean,R000029,1.3997216791349174,69.10277478543887,20.753419263778635,3.7001110666303703,13.999999999999998,33.9726458897709,10.26025779133591,10.869871104332045,0.20437774767475764,0.4851273381536315,0.15384069080091858,0.1566542233706923,-5.551115123125783e-17,1.0,1.0,0.0,0.0,0.0,0.0,1.3767096318893184,0.0,0.0,6.4931614724427265,1.0,0.0,1.0,0.0,1.0,0.0,0.0,1.0,0.0,0.0,0.0,0.0,1.0,1.0,0.0,0.0,0.0,0.0,0.0,0.0,0.0,0.0,0.0,0.0,0.0,0.0,0.0,0.0,0.0,0.0,0.0,0.0,0.0,0.0,0.0,0.0,0.0,0.0,0.0,0.0,0.0,0.0,0.0,0.0,0.0,0.0,0.0,2.0
SMOTE_000432,attack,union,"1""  )   as boeh where 2571  =  2571 union all select null#",nearest_attack_euclidean,R000024,1.838889209617806,58.257688214329214,22.742311785670786,3.9300229917590803,25.134676785061803,13.89607607225505,13.938494285366295,5.288441071646066,0.43230224877791856,0.23747902345465519,0.23971643983693094,0.09050228793049532,-5.551115123125783e-17,1.0,0.2576882143292132,0.0,0.0,0.7423117856707868,0.0,1.0,0.0,0.0,1.2884410716460661,1.0,0.0,1.0,0.0,1.0,0.0,0.7423117856707868,1.0,0.0,0.0,0.0,0.0,1.0,1.0,0.7423117856707868,0.0,0.0,0.0,0.0,0.0,0.0,0.0,0.0,0.0,0.0,0.0,0.0,0.0,0.0,0.0,0.0,0.0,0.0,0.0,0.0,0.0,0.0,0.0,0.0,0.0,0.0,0.0,0.0,0.0,0.0,0.0,0.0,2.742311785670787
SMOTE_000433,attack,union," select * from users where id  =  1 *$ . union select null,@@VERSION -- 1",nearest_attack_euclidean,R000005,0.04754100484862923,73.04952011646647,31.024760058233234,4.336518651269203,44.0,2.0,17.0,10.04952011646647,0.6023417561416393,0.027379170733710878,0.23272295123654246,0.1375561218881073,-5.551115123125783e-17,0.0,2.0,0.0,2.0,1.0,0.0,0.0,0.0,0.0,1.0,5.04952011646647,0.0,0.0,1.0,0.0,0.0,1.0,0.0,0.0,0.0,0.0,0.0,2.0,1.0,1.0,1.0,0.0,0.0,0.0,0.0,0.0,0.0,0.0,0.0,0.0,0.0,0.0,0.0,0.0,0.0,0.0,0.0,0.0,0.0,0.0,0.0,0.0,0.0,0.0,0.0,0.0,0.0,0.0,0.0,0.0,0.0,0.0,5.0
SMOTE_000434,attack,union,"-9110""   )    )    union all select 2263,2263,2263,2263,2263#",nearest_attack_euclidean,R000026,1.3339153008870537,61.0,21.475692754984742,3.743355531340799,13.999999999999998,22.951385509969487,15.048614490030513,9.0,0.22950819672131148,0.3762522214749096,0.2466985981972215,0.14754098360655737,-5.551115123125783e-17,0.7378463774923716,1.5243072450152566,0.0,0.0,0.0,0.0,2.262153622507628,0.0,0.0,3.737846377492372,1.5243072450152566,0.0,0.7378463774923716,0.26215362250762814,0.7378463774923718,0.0,0.0,1.0,0.0,0.0,0.0,0.0,1.0,1.0,0.0,0.0,0.0,0.0,0.0,0.0,0.0,0.0,0.0,0.0,0.0,0.0,0.0,0.0,0.0,0.0,0.0,0.0,0.0,0.0,0.0,0.0,0.0,0.0,0.0,0.0,0.0,0.0,0.0,0.0,0.0,0.0,0.0,2.0
SMOTE_000435,attack,union,"-4966%"" union all select 4300,4300,4300,4300,4300,4300,4300,4300#",nearest_attack_euclidean,R000017,1.1034677110044377,63.415958506760916,21.264006915539845,3.727541290208535,13.999999999999998,33.887944675681226,5.056027662159386,10.471986168920306,0.2211672961943539,0.5329183566299573,0.08108942999043454,0.1648249171852542,-5.551115123125783e-17,1.0,1.0,0.0,0.0,0.0,0.0,0.2640069155398468,0.7359930844601533,0.0,6.471986168920306,1.0,0.0,1.0,0.0,1.0,0.0,0.0,0.2640069155398468,0.0,0.0,0.0,0.0,1.0,1.0,0.0,0.0,0.0,0.0,0.0,0.0,0.0,0.0,0.0,0.0,0.0,0.0,0.0,0.0,0.0,0.0,0.0,0.0,0.0,0.0,0.0,0.0,0.0,0.0,0.0,0.0,0.0,0.0,0.0,0.0,0.0,0.0,0.0,2.0
SMOTE_000436,attack,union,"-5575"" union all select 8665,8665,8665,8665,8665,8665,8665--",nearest_attack_euclidean,R000008,1.3791836276349176,64.64388643798904,19.393165931396712,3.5817967350784996,15.16097160949726,32.92877728759781,6.32194321899452,10.232194321899453,0.23430080967458103,0.513983806508379,0.09182105153910732,0.15989433227793265,-5.551115123125783e-17,1.0,3.0,0.0,0.0,0.2321943218994521,0.0,0.2321943218994521,0.0,0.0,5.767805678100547,3.232194321899452,0.0,1.0,1.0,0.0,0.0,0.2321943218994521,0.23219432189945216,0.0,0.0,0.0,0.0,1.0,1.0,0.2321943218994521,0.0,0.0,0.0,0.0,0.0,0.0,0.0,0.0,0.0,0.0,0.0,0.0,0.0,0.0,0.0,0.0,0.0,0.0,0.0,0.0,0.0,0.0,0.0,0.0,0.0,0.0,0.0,0.0,0.0,0.0,0.0,0.0,2.232194321899452
SMOTE_000437,attack,union,"-5575"" union all select 8665,8665,8665,8665,8665,8665,8665--",nearest_attack_euclidean,R000008,0.3492119252562539,60.798227280601715,18.079822728060172,3.5303534353068478,13.999999999999998,32.63858182448137,3.999999999999999,10.159645456120343,0.23067257573132763,0.536374199164197,0.06590645020895075,0.1670467748955246,0.07982272806017127,0.9201772719398286,3.0,0.0,0.0,0.0,0.0,0.0,0.0,0.0,6.159645456120343,3.0,0.07982272806017138,0.9201772719398286,1.0,0.0,0.0,0.0,0.0,0.0,0.0,0.0,0.0,1.0,1.0,0.0,0.0,0.0,0.0,0.0,0.0,0.0,0.0,0.0,0.0,0.0,0.0,0.0,0.0,0.0,0.0,0.0,0.0,0.0,0.0,0.0,0.0,0.0,0.0,0.0,0.0,0.0,0.0,0.0,0.0,0.0,0.0,0.0,2.0
SMOTE_000438,attack,union,"1  )   union all select null,null,null,null,null,null,null,null,null--",nearest_attack_euclidean,R000007,0.04412527184970709,70.01869180010077,15.009345900050384,3.0504083377268127,50.03738360020154,1.0,7.962616399798468,11.018691800100767,0.7146194964303708,0.014282005595218139,0.11373682809227909,0.157361669882132,0.009345900050382938,0.0,2.0,0.0,0.0,0.0,0.0,0.990654099949617,0.009345900050382938,0.0,8.009345900050382,2.0,0.00934590005038305,0.0,1.0,0.0,0.0,0.0,0.990654099949617,0.0,0.0,0.0,0.0,1.0,1.0,0.0,0.0,0.0,0.0,0.0,0.0,0.0,0.0,0.0,0.0,0.0,0.0,0.0,0.0,0.0,0.0,0.0,0.0,0.0,0.0,0.0,0.0,0.0,0.0,0.0,0.0,0.0,0.0,0.0,0.0,0.0,0.0,0.0,2.0
SMOTE_000439,attack,union," select * from users where id  =  1 + \+*$ union select null,@@VERSION -- 1",nearest_attack_euclidean,R000003,0.3916256425598115,74.83370588256005,32.08314705871997,4.397056671416952,43.83370588256005,2.0831470587199767,17.0,11.916852941280023,0.5857250926683766,0.027866414180617027,0.22718301369798705,0.1592254794530194,-5.551115123125783e-17,0.0,2.0,0.0,1.916852941280023,1.0,0.0,0.0,0.0,0.0,1.0,6.8337058825600465,0.0,0.0,1.0,0.0,0.0,1.0,0.0,0.0,0.0,0.0,0.0,2.0,1.0,1.0,1.0,0.0,0.08314705871997702,0.0,0.0,0.0,0.0,0.0,0.0,0.0,0.0,0.0,0.0,0.0,0.0,0.0,0.0,0.0,0.0,0.0,0.0,0.0,0.0,0.0,0.0,0.0,0.0,0.0,0.0,0.0,0.0,0.0,5.083147058719977
SMOTE_000440,attack,union," select * from users where id  =  1 or \.<$ union select 1,@@VERSION -- 1",nearest_attack_euclidean,R000004,0.0008864832120845348,73.0,32.995531746772116,4.400001760709583,42.0,3.0,17.0,11.0,0.5753424657534246,0.0410958904109589,0.2328767123287671,0.1506849315068493,-5.551115123125783e-17,0.0,2.0,0.0,1.0,1.0,0.0,0.0,0.0,0.0,1.0,5.0,0.0,0.0,1.0,0.0,0.0,1.0,0.0,0.0,0.0,0.0,0.0,2.0,1.0,1.0,1.0,0.0,1.0,0.0,0.0,0.0,0.0,0.0,0.0,0.0,0.0,0.0,0.0,0.0,0.0,0.0,0.0,0.0,0.0,0.0,0.0,0.0,0.0,0.0,0.0,0.0,0.0,0.0,0.0,0.0,0.0,0.0,6.0
SMOTE_000441,attack,union,"-5575"" union all select 8665,8665,8665,8665,8665,8665,8665--",nearest_attack_euclidean,R000008,1.838756070968978,61.697920222220354,19.44652801481469,3.6874154020501098,13.999999999999998,33.35833617777628,3.999999999999999,10.339584044444072,0.23018938101010777,0.5369264217027339,0.0657683945743165,0.16711580271284174,0.4465280148146903,0.5534719851853095,3.0,0.0,0.0,0.0,0.0,0.0,0.0,0.0,6.339584044444071,3.0,0.44652801481469045,0.5534719851853095,1.0,0.0,0.0,0.0,0.0,0.0,0.0,0.0,0.0,1.0,1.0,0.0,0.0,0.0,0.0,0.0,0.0,0.0,0.0,0.0,0.0,0.0,0.0,0.0,0.0,0.0,0.0,0.0,0.0,0.0,0.0,0.0,0.0,0.0,0.0,0.0,0.0,0.0,0.0,0.0,0.0,0.0,0.0,0.0,2.0
SMOTE_000442,attack,union,"-9110""   )    )    union all select 2263,2263,2263,2263,2263#",nearest_attack_euclidean,R000026,0.24664241837062229,61.0,21.90305500896961,3.7825587396754834,13.999999999999998,23.80611001793922,14.193889982060782,9.0,0.22950819672131148,0.3902640986547413,0.23268672101738985,0.14754098360655737,-5.551115123125783e-17,0.9515275044848046,1.0969449910303906,0.0,0.0,0.0,0.0,2.048472495515195,0.0,0.0,3.9515275044848046,1.0969449910303906,0.0,0.9515275044848046,0.04847249551519506,0.9515275044848048,0.0,0.0,1.0,0.0,0.0,0.0,0.0,1.0,1.0,0.0,0.0,0.0,0.0,0.0,0.0,0.0,0.0,0.0,0.0,0.0,0.0,0.0,0.0,0.0,0.0,0.0,0.0,0.0,0.0,0.0,0.0,0.0,0.0,0.0,0.0,0.0,0.0,0.0,0.0,0.0,0.0,0.0,2.0
SMOTE_000443,attack,union,"-6294"" union all select 9921,9921,9921,9921,9921,9921--",nearest_attack_euclidean,R000021,0.6851940453270698,55.58498584306889,19.43873938230167,3.7105581862670247,13.999999999999998,28.0,4.5849858430688935,9.0,0.25202163272635913,0.5040432654527183,0.08192119506826304,0.16201390675265948,-5.551115123125783e-17,1.0,2.7075070784655533,0.0,0.0,0.0,0.0,0.14624646076722359,0.0,0.0,5.0,2.707507078465553,0.0,1.0,0.8537535392327765,0.1462464607672235,0.0,0.0,0.14624646076722353,0.0,0.0,0.0,0.0,1.0,1.0,0.0,0.0,0.0,0.0,0.0,0.0,0.0,0.0,0.0,0.0,0.0,0.0,0.0,0.0,0.0,0.0,0.0,0.0,0.0,0.0,0.0,0.0,0.0,0.0,0.0,0.0,0.0,0.0,0.0,0.0,0.0,0.0,0.0,2.0
SMOTE_000444,attack,union," select * from users where id  =  '1'<@$$ union select 1,version  (    )   -- 1'",nearest_attack_euclidean,R000006,0.5418021401561935,79.49649794886214,28.287715457793063,4.053819531797522,40.14385772889653,3.0,22.568426813310406,13.784213406655203,0.5054192980063762,0.037758648313940685,0.28357100894537723,0.17325104473430586,2.784213406655203,0.0,2.0,0.0,1.0,1.0,0.0,1.8561422711034687,0.0,0.0,1.0,5.0,0.9280711355517344,0.0,1.0,0.0,0.0,1.0,0.9280711355517344,0.0,0.0,0.0,0.0,2.0,1.0,1.0,1.0,0.0,0.07192886444826563,0.0,0.0,0.0,0.0,0.0,0.0,0.0,0.0,0.0,0.0,0.0,0.0,0.0,0.0,0.0,0.0,0.0,0.0,0.0,0.0,0.0,0.0,0.0,0.0,0.0,0.0,0.0,0.0,0.0,5.071928864448266
SMOTE_000445,attack,union,"-8812""  )   where 1646  =  1646 union all select 1646,1646,1646,1646,1646,1646--",nearest_attack_euclidean,R000019,2.0417627786184434,73.92002113025417,22.927062552397796,3.8015989717371403,17.211770920662993,31.708250209591178,14.0,11.0,0.2320359667020258,0.42530540795201277,0.1918888301937384,0.15076979515222305,-5.551115123125783e-17,1.0,3.0,0.0,0.0,0.6423541841325984,0.0,1.3576458158674016,0.3576458158674017,0.0,4.642354184132598,3.642354184132598,0.0,1.0,1.0,0.0,0.0,0.6423541841325984,1.0,0.0,0.0,0.0,0.0,1.0,1.0,0.6423541841325984,0.0,0.0,0.0,0.0,0.0,0.0,0.0,0.0,0.0,0.0,0.0,0.0,0.0,0.0,0.0,0.0,0.0,0.0,0.0,0.0,0.0,0.0,0.0,0.0,0.0,0.0,0.0,0.0,0.0,0.0,0.0,0.0,2.642354184132598
SMOTE_000446,attack,union,"1""   )    )     )   union all select null,null,null,null,null,null,null--",nearest_attack_euclidean,R000030,0.8029746384015938,72.4536291314276,15.817876377142532,3.138247051183329,43.45698898285974,1.0,16.178763771425327,11.817876377142532,0.6006473135477106,0.013805552029074852,0.22248227611513738,0.16306485830807704,-5.551115123125783e-17,0.8178763771425326,2.0,0.0,0.0,0.0,0.0,2.6357527542850656,0.0,0.0,6.364247245714934,2.0,0.0,0.8178763771425326,1.0,0.0,0.0,0.0,1.0,0.0,0.0,0.0,0.0,1.0,1.0,0.0,0.0,0.0,0.0,0.0,0.0,0.0,0.0,0.0,0.0,0.0,0.0,0.0,0.0,0.0,0.0,0.0,0.0,0.0,0.0,0.0,0.0,0.0,0.0,0.0,0.0,0.0,0.0,0.0,0.0,0.0,0.0,0.0,2.0
SMOTE_000447,attack,union," select * from users where id  =  1 *$ . union select null,@@VERSION -- 1",nearest_attack_euclidean,R000005,1.2269808995814468,73.0,31.533812934942645,4.352373804965998,43.466187065057355,2.266906467471321,17.0,10.26690646747132,0.5954272200692788,0.031053513253031795,0.2328767123287671,0.1406425543489222,-5.551115123125783e-17,0.0,2.0,0.0,1.7330935325286787,1.0,0.0,0.0,0.0,0.0,1.0,5.0,0.0,0.0,1.0,0.0,0.0,1.0,0.0,0.0,0.0,0.0,0.0,2.0,1.0,1.0,1.0,0.0,0.26690646747132135,0.0,0.0,0.0,0.0,0.0,0.0,0.0,0.0,0.0,0.0,0.0,0.0,0.0,0.0,0.0,0.0,0.0,0.0,0.0,0.0,0.0,0.0,0.0,0.0,0.0,0.0,0.0,0.0,0.0,5.266906467471321
SMOTE_000448,attack,union," select * from users where id  =  1 or \<\. union select 1,@@VERSION -- 1",nearest_attack_euclidean,R000002,1.053355937559635,73.0,31.771832308398785,4.340718275313906,41.846479038549845,3.9211257687009127,16.692958077099696,10.539437115649545,0.5732394388842444,0.05371405162603987,0.22867065859040678,0.14437585089930882,0.15352096145015187,0.0,2.0,0.0,0.8464790385498482,1.0,0.0,0.15352096145015193,0.0,0.0,1.1535209614501518,4.846479038549848,0.1535209614501519,0.0,1.0,0.0,0.0,1.0,0.15352096145015187,0.0,0.0,0.0,0.0,2.0,1.0,1.0,0.8464790385498482,0.0,0.8464790385498482,0.0,0.0,0.0,0.0,0.0,0.0,0.0,0.0,0.0,0.0,0.0,0.0,0.0,0.0,0.0,0.0,0.0,0.0,0.0,0.0,0.0,0.0,0.0,0.0,0.0,0.0,0.0,0.0,0.0,5.692958077099696
SMOTE_000449,attack,union,"1""   )    )     )   union all select null,null,null,null,null,null,null--",nearest_attack_euclidean,R000030,2.506244417586558,70.30420055402222,17.79719963065186,3.366968820671767,29.419602585436987,11.333897876248189,18.0,11.550700092337035,0.41072471181107484,0.1684870873874659,0.256496501743529,0.16429169905793028,0.4492999076629648,0.5507000923370353,2.449299907662965,0.0,0.0,0.0,0.0,3.0,0.0,0.0,5.101400184674071,2.4492999076629647,0.44929990766296474,0.5507000923370353,1.0,0.0,0.0,0.0,1.0,0.0,0.0,0.0,0.0,1.0,1.0,0.0,0.0,0.0,0.0,0.0,0.0,0.0,0.0,0.0,0.0,0.0,0.0,0.0,0.0,0.0,0.0,0.0,0.0,0.0,0.0,0.0,0.0,0.0,0.0,0.0,0.0,0.0,0.0,0.0,0.0,0.0,0.0,0.0,2.0
SMOTE_000450,attack,union,"-9110""   )    )    union all select 2263,2263,2263,2263,2263#",nearest_attack_euclidean,R000026,0.615920764680592,63.15493032931357,21.668472257028682,3.7671597553239886,13.999999999999998,26.65222194377055,13.005416771086043,9.497291614456978,0.22282476193832743,0.4178261432579703,0.2093844480340848,0.14996464676961752,-5.551115123125783e-17,1.0,1.0,0.0,0.0,0.0,0.0,1.8342361285143407,0.0,0.0,4.663055485942637,1.0,0.0,1.0,0.0,1.0,0.0,0.0,1.0,0.0,0.0,0.0,0.0,1.0,1.0,0.0,0.0,0.0,0.0,0.0,0.0,0.0,0.0,0.0,0.0,0.0,0.0,0.0,0.0,0.0,0.0,0.0,0.0,0.0,0.0,0.0,0.0,0.0,0.0,0.0,0.0,0.0,0.0,0.0,0.0,0.0,0.0,0.0,2.0
SMOTE_000451,attack,union,"-4542 union all select 1249,1249,1249,1249,1249,1249,1249,1249,1249--",nearest_attack_euclidean,R000012,1.1681438682047405,69.4373667124229,18.437366712422893,3.613903912007929,13.999999999999998,40.0,3.999999999999999,11.437366712422895,0.2016308211234119,0.5760880603526054,0.05760880603526054,0.16467231248872213,0.437366712422895,0.0,3.0,0.0,0.0,0.0,0.0,0.0,0.0,0.0,8.0,3.0,0.4373667124228951,0.0,1.0,0.0,0.0,0.0,0.0,0.0,0.0,0.0,0.0,1.0,1.0,0.0,0.0,0.0,0.0,0.0,0.0,0.0,0.0,0.0,0.0,0.0,0.0,0.0,0.0,0.0,0.0,0.0,0.0,0.0,0.0,0.0,0.0,0.0,0.0,0.0,0.0,0.0,0.0,0.0,0.0,0.0,0.0,0.0,2.0
SMOTE_000452,attack,union,"1""  )   as boeh where 2571  =  2571 union all select null#",nearest_attack_euclidean,R000024,3.3365673885810883,57.08279978008571,22.082799780085708,3.824745464281141,22.1209983506428,14.044601209528611,15.082799780085708,5.8344004398285865,0.38534997251071335,0.24779608132139413,0.26400172129421173,0.10285222487368077,0.4586001099571465,0.5413998900428535,0.4586001099571466,0.0,0.0,0.5413998900428535,0.0,1.4586001099571466,0.0,0.0,1.3758003298714399,1.0,0.45860010995714645,0.5413998900428535,0.0,1.0,0.0,0.5413998900428535,1.0,0.0,0.0,0.0,0.0,1.0,1.0,0.5413998900428535,0.0,0.0,0.0,0.0,0.0,0.0,0.0,0.0,0.0,0.0,0.0,0.0,0.0,0.0,0.0,0.0,0.0,0.0,0.0,0.0,0.0,0.0,0.0,0.0,0.0,0.0,0.0,0.0,0.0,0.0,0.0,0.0,2.5413998900428534
SMOTE_000453,attack,union,"1'+  (  select vlut where 9517  =  9517 union all select null,null,null--",nearest_attack_euclidean,R000011,0.43037757922478004,73.0,25.572047434461254,4.041706353398463,41.24516318619768,8.427952565538744,15.163442124131787,8.163442124131787,0.5650022354273655,0.11545140500738005,0.20771838526207925,0.11182797430317516,0.9182789379341063,0.0,2.0,0.0,0.08172106206589369,1.0,0.0,0.9182789379341063,0.0,0.0,1.9182789379341063,4.081721062065894,0.9182789379341063,0.0,1.0,0.0,0.0,1.0,0.9182789379341063,0.0,0.0,0.0,0.0,2.0,1.0,1.0,0.08172106206589377,0.0,0.0,0.0,0.0,0.0,0.0,0.0,0.0,0.0,0.0,0.0,0.0,0.0,0.0,0.0,0.0,0.0,0.0,0.0,0.0,0.0,0.0,0.0,0.0,0.0,0.0,0.0,0.0,0.0,0.0,0.0,4.081721062065894
SMOTE_000454,attack,union," select * from users where id  =  1 *$ . union select null,@@VERSION -- 1",nearest_attack_euclidean,R000005,0.23145073299817734,73.0,31.130211700984788,4.338556177233718,44.0,2.0,17.0,10.0,0.6027397260273972,0.0273972602739726,0.2328767123287671,0.136986301369863,-5.551115123125783e-17,0.0,2.0,0.0,1.8697882990152133,1.0,0.0,0.0,0.0,0.0,1.0,5.0,0.0,0.0,1.0,0.0,0.0,1.0,0.0,0.0,0.0,0.0,0.0,2.0,1.0,1.0,1.0,0.0,0.0,0.0,0.0,0.0,0.0,0.0,0.0,0.0,0.0,0.0,0.0,0.0,0.0,0.0,0.0,0.0,0.0,0.0,0.0,0.0,0.0,0.0,0.0,0.0,0.0,0.0,0.0,0.0,0.0,0.0,5.0
SMOTE_000455,attack,union,"-8073   )    )     )   union all select 4481,4481,4481,4481--",nearest_attack_euclidean,R000027,0.441331029212416,61.19029831086144,20.09514915543072,3.6292392180613207,13.999999999999998,20.380596621722866,17.61940337827713,9.190298310861433,0.2288149424012334,0.3329197053624424,0.2881494240123339,0.15011592822399025,-5.551115123125783e-17,0.09514915543071689,3.0,0.0,0.0,0.0,0.0,2.904850844569283,0.0951491554307169,0.0,3.0951491554307173,3.0,0.0,0.09514915543071689,1.0,0.0,0.0,0.0,1.0,0.0,0.0,0.0,0.0,1.0,1.0,0.0,0.0,0.0,0.0,0.0,0.0,0.0,0.0,0.0,0.0,0.0,0.0,0.0,0.0,0.0,0.0,0.0,0.0,0.0,0.0,0.0,0.0,0.0,0.0,0.0,0.0,0.0,0.0,0.0,0.0,0.0,0.0,0.0,2.0
SMOTE_000456,attack,union,"-5575"" union all select 8665,8665,8665,8665,8665,8665,8665--",nearest_attack_euclidean,R000008,1.5241820989595969,64.0509491342246,18.0,3.5512793652654135,13.999999999999998,35.60084367486631,3.999999999999999,10.450105459358289,0.2196344715267767,0.5542077894195149,0.06275270615050764,0.1634050329032008,-5.551115123125783e-17,0.5498945406417108,3.0,0.0,0.0,0.0,0.0,0.0,0.0,0.0,6.900210918716578,3.0,0.0,0.5498945406417108,1.0,0.0,0.0,0.0,0.0,0.0,0.0,0.0,0.0,1.0,1.0,0.0,0.0,0.0,0.0,0.0,0.0,0.0,0.0,0.0,0.0,0.0,0.0,0.0,0.0,0.0,0.0,0.0,0.0,0.0,0.0,0.0,0.0,0.0,0.0,0.0,0.0,0.0,0.0,0.0,0.0,0.0,0.0,0.0,2.0
SMOTE_000457,attack,union,"1  )   union all select null,null,null,null,null,null,null,null,null--",nearest_attack_euclidean,R000007,0.7391321222528745,69.17209981832053,15.0,3.044530889788947,50.0,1.0,7.172099818320537,11.0,0.723245672961899,0.014464913459237977,0.1031753655272453,0.15911404805161777,0.20697504541986578,0.0,2.0,0.0,0.0,0.0,0.0,0.7930249545801342,0.0,0.0,8.0,2.0,0.20697504541986572,0.0,1.0,0.0,0.0,0.0,0.7930249545801342,0.0,0.0,0.0,0.0,1.0,1.0,0.0,0.0,0.0,0.0,0.0,0.0,0.0,0.0,0.0,0.0,0.0,0.0,0.0,0.0,0.0,0.0,0.0,0.0,0.0,0.0,0.0,0.0,0.0,0.0,0.0,0.0,0.0,0.0,0.0,0.0,0.0,0.0,0.0,2.0
SMOTE_000458,attack,union,"-8073   )    )     )   union all select 4481,4481,4481,4481--",nearest_attack_euclidean,R000027,1.4939077843043187,63.96625930976222,20.0,3.6155927195201776,13.999999999999998,21.97750620650815,18.0,9.988753103254075,0.2193472888826349,0.34286828783991985,0.28201794284910203,0.15576648042834318,0.4943765516270372,0.0,3.0,0.0,0.0,0.0,0.0,3.0,0.0,0.0,3.4943765516270373,3.0,0.4943765516270372,0.0,1.0,0.0,0.0,0.0,1.0,0.0,0.0,0.0,0.0,1.0,1.0,0.0,0.0,0.0,0.0,0.0,0.0,0.0,0.0,0.0,0.0,0.0,0.0,0.0,0.0,0.0,0.0,0.0,0.0,0.0,0.0,0.0,0.0,0.0,0.0,0.0,0.0,0.0,0.0,0.0,0.0,0.0,0.0,0.0,2.0
SMOTE_000459,attack,union,"-5748' union all select 1224,1224,1224,1224,1224,1224,1224,1224,1224#",nearest_attack_euclidean,R000025,1.5126888162727468,65.81529236968784,19.775112449879934,3.4464298343932147,20.85937028067236,30.445877109063495,3.999999999999999,10.510044979951974,0.33692610149864466,0.44206879548081474,0.06126781328189665,0.1597372897386439,1.0,0.0,0.7550224899759872,0.0,0.0,0.0,0.0,0.0,0.24497751002401272,0.0,7.510044979951974,0.755022489975987,1.0,0.0,0.0,1.0,0.0,0.0,0.0,0.0,0.0,0.0,0.0,1.0,1.0,0.0,0.0,0.0,0.0,0.0,0.0,0.0,0.0,0.0,0.0,0.0,0.0,0.0,0.0,0.0,0.0,0.0,0.0,0.0,0.0,0.0,0.0,0.0,0.0,0.0,0.0,0.0,0.0,0.0,0.0,0.0,0.0,0.0,2.0
SMOTE_000460,attack,union,"1""   )    )     )   union all select null,null,null,null,null,null,null--",nearest_attack_euclidean,R000030,1.1155030620779591,74.75874415327745,16.0,3.1412289828099236,43.56332813624662,1.0,18.0,12.195416017030826,0.5820674406128217,0.013404820555750513,0.24128677000350918,0.16324096882791864,0.19541601703082695,0.8045839829691728,1.609167965938346,0.0,0.0,0.0,0.0,3.0,0.0,0.0,6.3908320340616545,1.6091679659383458,0.19541601703082712,0.8045839829691728,0.804583982969173,0.1954160170308271,0.0,0.0,1.0,0.0,0.0,0.0,0.0,1.0,1.0,0.0,0.0,0.0,0.0,0.0,0.0,0.0,0.0,0.0,0.0,0.0,0.0,0.0,0.0,0.0,0.0,0.0,0.0,0.0,0.0,0.0,0.0,0.0,0.0,0.0,0.0,0.0,0.0,0.0,0.0,0.0,0.0,0.0,2.0
SMOTE_000461,attack,union,"1""  )   as boeh where 2571  =  2571 union all select null#",nearest_attack_euclidean,R000024,1.4296280134463757,60.97811940655885,23.397082587541178,3.9339907338550075,31.38249552524708,9.0,15.801458706229411,4.794165175082359,0.5122388468762692,0.14884197575365382,0.2618882131451026,0.07703096422497435,0.19854129377058982,0.8014587062294103,0.39708258754117964,0.0,0.0,1.0,0.0,1.0,0.0,0.0,0.3970825875411803,1.5956238813117694,0.1985412937705898,0.8014587062294103,0.19854129377058982,0.8014587062294103,0.0,1.0,1.0,0.0,0.0,0.0,0.0,1.19854129377059,1.0,1.0,0.0,0.0,0.0,0.0,0.0,0.0,0.0,0.0,0.0,0.0,0.0,0.0,0.0,0.0,0.0,0.0,0.0,0.0,0.0,0.0,0.0,0.0,0.0,0.0,0.0,0.0,0.0,0.0,0.0,0.0,0.0,0.0,3.1985412937705897
SMOTE_000462,attack,union," select * from users where id  =  1 *$ . union select null,@@VERSION -- 1",nearest_attack_euclidean,R000005,0.20123623141941577,73.0,31.11321334632844,4.338090468886969,44.0,2.0,17.0,10.0,0.6027397260273972,0.0273972602739726,0.2328767123287671,0.136986301369863,-5.551115123125783e-17,0.0,2.0,0.0,1.8867866536715605,1.0,0.0,0.0,0.0,0.0,1.0,5.0,0.0,0.0,1.0,0.0,0.0,1.0,0.0,0.0,0.0,0.0,0.0,2.0,1.0,1.0,1.0,0.0,0.0,0.0,0.0,0.0,0.0,0.0,0.0,0.0,0.0,0.0,0.0,0.0,0.0,0.0,0.0,0.0,0.0,0.0,0.0,0.0,0.0,0.0,0.0,0.0,0.0,0.0,0.0,0.0,0.0,0.0,5.0
SMOTE_000463,attack,union,"1%' union all select null,null,null,null,null,null,null,null,null,null--",nearest_attack_euclidean,R000018,0.11458716663215579,71.6427971420705,16.0,3.0390312675674758,53.732097856552876,1.0,3.999999999999999,12.910699285517627,0.75,0.013977480867542025,0.055909923470168155,0.18011259566228982,1.0,0.0,1.9553496427588128,0.0,0.0,0.0,0.0,0.0,1.0,0.0,8.933024464138219,1.9553496427588128,1.0,0.0,0.9776748213794064,0.022325178620593578,0.0,0.0,0.0,0.0,0.0,0.0,0.0,1.0,1.0,0.0,0.0,0.0,0.0,0.0,0.0,0.0,0.0,0.0,0.0,0.0,0.0,0.0,0.0,0.0,0.0,0.0,0.0,0.0,0.0,0.0,0.0,0.0,0.0,0.0,0.0,0.0,0.0,0.0,0.0,0.0,0.0,0.0,2.0
SMOTE_000464,attack,union,"-9110""   )    )    union all select 2263,2263,2263,2263,2263#",nearest_attack_euclidean,R000026,2.2294612028075247,62.87300653301387,22.374601306602774,3.8111079958203025,21.86662743865825,18.380980400958393,14.0,8.625398693397226,0.34218633440038726,0.2971404986751438,0.22299500957223195,0.13767815735223696,-5.551115123125783e-17,1.0,1.374601306602774,0.0,0.0,0.3746013066027739,0.0,1.625398693397226,0.0,0.0,3.6253986933972264,1.749202613205548,0.0,1.0,0.37460130660277385,0.6253986933972262,0.0,0.3746013066027739,1.0,0.0,0.0,0.0,0.0,1.0,1.0,0.3746013066027739,0.0,0.0,0.0,0.0,0.0,0.0,0.0,0.0,0.0,0.0,0.0,0.0,0.0,0.0,0.0,0.0,0.0,0.0,0.0,0.0,0.0,0.0,0.0,0.0,0.0,0.0,0.0,0.0,0.0,0.0,0.0,0.0,2.374601306602774
SMOTE_000465,attack,union," select * from users where id  =  1 +$ . union select null,@@VERSION -- 1",nearest_attack_euclidean,R000001,3.1874083803895084,73.0,29.170085750982743,4.214872997476065,41.52126071887284,5.872435686762943,16.042521437745684,9.563782156618528,0.568784393409217,0.0804443244762047,0.21976056764035184,0.1310107144742264,0.4787392811271572,0.0,2.0,0.0,0.5212607188728428,1.0,0.0,0.47873928112715725,0.0,0.0,1.4787392811271571,4.521260718872843,0.4787392811271572,0.0,1.0,0.0,0.0,1.0,0.47873928112715725,0.0,0.0,0.0,0.0,2.0,1.0,1.0,0.5212607188728428,0.0,0.5212607188728429,0.0,0.0,0.0,0.0,0.0,0.0,0.0,0.0,0.0,0.0,0.0,0.0,0.0,0.0,0.0,0.0,0.0,0.0,0.0,0.0,0.0,0.0,0.0,0.0,0.0,0.0,0.0,0.0,0.0,5.042521437745686
SMOTE_000466,attack,union," select * from users where id  =  1 or \.<$ union select 1,@@VERSION -- 1",nearest_attack_euclidean,R000004,1.6769691192788558,73.71208335042041,32.64395832478979,4.398932972962214,42.712083350420414,2.643958324789791,17.0,11.356041675210207,0.5793743532169923,0.03595848541705818,0.230665677268101,0.1540014840978485,-5.551115123125783e-17,0.0,2.0,0.0,1.3560416752102076,1.0,0.0,0.0,0.0,0.0,1.0,5.712083350420415,0.0,0.0,1.0,0.0,0.0,1.0,0.0,0.0,0.0,0.0,0.0,2.0,1.0,1.0,1.0,0.0,0.6439583247897924,0.0,0.0,0.0,0.0,0.0,0.0,0.0,0.0,0.0,0.0,0.0,0.0,0.0,0.0,0.0,0.0,0.0,0.0,0.0,0.0,0.0,0.0,0.0,0.0,0.0,0.0,0.0,0.0,0.0,5.643958324789793
SMOTE_000467,attack,union,"-8308""  )   union all select 3084,3084,3084,3084,3084,3084,3084,3084,3084#",nearest_attack_euclidean,R000029,0.8846552870263116,69.69611948374843,20.57385073550021,3.73964542257101,13.999999999999998,36.55689558699875,8.0,11.139223896749687,0.20298999707455836,0.5216137182977485,0.11599428404260478,0.15940200058508833,-5.551115123125783e-17,1.0,1.0,0.0,0.0,0.0,0.0,1.0,0.0,0.0,7.139223896749687,1.0,0.0,1.0,0.0,1.0,0.0,0.0,1.0,0.0,0.0,0.0,0.0,1.0,1.0,0.0,0.0,0.0,0.0,0.0,0.0,0.0,0.0,0.0,0.0,0.0,0.0,0.0,0.0,0.0,0.0,0.0,0.0,0.0,0.0,0.0,0.0,0.0,0.0,0.0,0.0,0.0,0.0,0.0,0.0,0.0,0.0,0.0,2.0
SMOTE_000468,attack,union,"-4330' union all select 3059,3059,3059,3059,3059,3059,3059,3059,3059--",nearest_attack_euclidean,R000031,1.4164030060880506,70.4558179945953,18.316273008107068,3.50684092999543,23.116359891905756,31.111549105391884,3.999999999999999,12.227908997297645,0.3253499485137042,0.44436026142730567,0.05678109682968628,0.1735086932293039,1.0,0.0,2.772091002702356,0.0,0.0,0.0,0.0,0.0,0.22790899729764383,0.0,8.227908997297643,2.772091002702356,1.0,0.0,1.0,0.0,0.0,0.0,0.0,0.0,0.0,0.0,0.0,1.0,1.0,0.0,0.0,0.0,0.0,0.0,0.0,0.0,0.0,0.0,0.0,0.0,0.0,0.0,0.0,0.0,0.0,0.0,0.0,0.0,0.0,0.0,0.0,0.0,0.0,0.0,0.0,0.0,0.0,0.0,0.0,0.0,0.0,0.0,2.0
SMOTE_000469,attack,union,"1' union all select null,null,null,null,null,null,null,null,null--",nearest_attack_euclidean,R000023,0.08729699691024093,66.16747687564829,15.027912812608047,3.0218939246829355,50.11165125043219,1.0,3.999999999999999,11.055825625216096,0.7573642968741814,0.01511627170125246,0.06046508680500985,0.1670543446195562,1.0,0.0,2.0,0.0,0.0,0.0,0.0,0.0,0.027912812608047732,0.0,8.027912812608047,2.0,1.0,0.0,1.0,0.0,0.0,0.0,0.0,0.0,0.0,0.0,0.0,1.0,1.0,0.0,0.0,0.0,0.0,0.0,0.0,0.0,0.0,0.0,0.0,0.0,0.0,0.0,0.0,0.0,0.0,0.0,0.0,0.0,0.0,0.0,0.0,0.0,0.0,0.0,0.0,0.0,0.0,0.0,0.0,0.0,0.0,0.0,2.0
SMOTE_000470,attack,union,"1  )   union all select null,null,null,null,null,null,null,null,null--",nearest_attack_euclidean,R000007,0.5971424189395172,70.25295406143991,15.126477030719954,3.048701552817162,50.505908122879816,1.0,7.494091877120187,11.252954061439906,0.7188027510971411,0.014235524987809556,0.10685769819581226,0.160104025719237,0.12647703071995325,0.0,2.0,0.0,0.0,0.0,0.0,0.8735229692800467,0.12647703071995325,0.0,8.126477030719954,2.0,0.1264770307199533,0.0,1.0,0.0,0.0,0.0,0.8735229692800467,0.0,0.0,0.0,0.0,1.0,1.0,0.0,0.0,0.0,0.0,0.0,0.0,0.0,0.0,0.0,0.0,0.0,0.0,0.0,0.0,0.0,0.0,0.0,0.0,0.0,0.0,0.0,0.0,0.0,0.0,0.0,0.0,0.0,0.0,0.0,0.0,0.0,0.0,0.0,2.0
SMOTE_000471,attack,union,"-8308""  )   union all select 3084,3084,3084,3084,3084,3084,3084,3084,3084#",nearest_attack_euclidean,R000029,1.8975021457757242,69.60780754887526,20.488021383458307,3.641897573885644,13.999999999999998,38.04791446616678,6.047914466166779,11.511978616541695,0.201973117321361,0.5470339643537072,0.08538112476202488,0.16561179356290695,-5.551115123125783e-17,1.0,1.0,0.0,0.0,0.0,0.0,0.5119786165416951,0.48802138345830504,0.0,7.511978616541695,1.0,0.0,1.0,0.0,1.0,0.0,0.0,0.5119786165416949,0.0,0.0,0.0,0.0,1.0,1.0,0.0,0.0,0.0,0.0,0.0,0.0,0.0,0.0,0.0,0.0,0.0,0.0,0.0,0.0,0.0,0.0,0.0,0.0,0.0,0.0,0.0,0.0,0.0,0.0,0.0,0.0,0.0,0.0,0.0,0.0,0.0,0.0,0.0,2.0
SMOTE_000472,attack,union,"-8308""  )   union all select 3084,3084,3084,3084,3084,3084,3084,3084,3084#",nearest_attack_euclidean,R000029,2.3644121721733575,67.4942008565863,19.070600122369473,3.5870181379953823,13.999999999999998,36.28240048947789,6.141200244738944,11.070600122369472,0.20970297027202514,0.5371913517923224,0.08885027280585393,0.1642554051297985,-5.551115123125783e-17,1.0,1.9293998776305281,0.0,0.0,0.0,0.0,0.535300061184736,0.0,0.0,7.070600122369472,1.9293998776305281,0.0,1.0,0.46469993881526406,0.5353000611847359,0.0,0.0,0.5353000611847359,0.0,0.0,0.0,0.0,1.0,1.0,0.0,0.0,0.0,0.0,0.0,0.0,0.0,0.0,0.0,0.0,0.0,0.0,0.0,0.0,0.0,0.0,0.0,0.0,0.0,0.0,0.0,0.0,0.0,0.0,0.0,0.0,0.0,0.0,0.0,0.0,0.0,0.0,0.0,2.0
SMOTE_000473,attack,union,"1%'  )   union all select null,null,null,null,null,null#",nearest_attack_euclidean,R000010,0.6609102138995778,57.79706258675685,16.887683588327697,3.279022405638602,39.79706258675685,1.0,7.550734353310788,9.449265646689213,0.6865940294051645,0.017411442810824185,0.13305174183813226,0.16294278594587905,1.0,0.0,0.22463282334460621,0.0,0.0,0.0,0.0,0.8876835883276969,1.0,0.0,5.449265646689213,0.224632823344606,1.0,0.0,0.11231641167230311,0.887683588327697,0.0,0.0,0.8876835883276969,0.0,0.0,0.0,0.0,1.0,1.0,0.0,0.0,0.0,0.0,0.0,0.0,0.0,0.0,0.0,0.0,0.0,0.0,0.0,0.0,0.0,0.0,0.0,0.0,0.0,0.0,0.0,0.0,0.0,0.0,0.0,0.0,0.0,0.0,0.0,0.0,0.0,0.0,0.0,2.0
SMOTE_000474,attack,union,"-3370""  )   union all select 7845,7845,7845,7845,7845,7845#",nearest_attack_euclidean,R000009,0.6403198532097376,59.658423263013574,22.0,3.9146374909377015,13.999999999999998,26.683153473972858,9.975269789040713,9.0,0.23472688922417617,0.44786613048069424,0.16651112293673062,0.15089585735839897,-5.551115123125783e-17,1.0,1.0,0.0,0.0,0.0,0.0,1.3292116315067855,0.0,0.0,4.6707883684932145,1.0,0.0,1.0,0.0,1.0,0.0,0.0,1.0,0.0,0.0,0.0,0.0,1.0,1.0,0.0,0.0,0.0,0.0,0.0,0.0,0.0,0.0,0.0,0.0,0.0,0.0,0.0,0.0,0.0,0.0,0.0,0.0,0.0,0.0,0.0,0.0,0.0,0.0,0.0,0.0,0.0,0.0,0.0,0.0,0.0,0.0,0.0,2.0
SMOTE_000475,attack,union,"1' union all select null,null,null,null,null,null,null,null,null--",nearest_attack_euclidean,R000023,1.0673921726398383,68.04776238006384,15.34129373001064,3.026432712395871,51.36517492004256,1.0,3.999999999999999,11.682587460021281,0.7549901990150709,0.01472058872473403,0.05888235489893616,0.1714068573612589,1.0,0.0,2.0,0.0,0.0,0.0,0.0,0.0,0.34129373001064095,0.0,8.34129373001064,2.0,1.0,0.0,1.0,0.0,0.0,0.0,0.0,0.0,0.0,0.0,0.0,1.0,1.0,0.0,0.0,0.0,0.0,0.0,0.0,0.0,0.0,0.0,0.0,0.0,0.0,0.0,0.0,0.0,0.0,0.0,0.0,0.0,0.0,0.0,0.0,0.0,0.0,0.0,0.0,0.0,0.0,0.0,0.0,0.0,0.0,0.0,2.0
SMOTE_000476,attack,union,"1""   )    )     )   union all select null,null,null,null,null,null,null--",nearest_attack_euclidean,R000030,1.0770362105511677,72.26714844815751,15.755716149385837,3.1315814849328785,43.95427080491331,1.0,15.557161493858366,11.755716149385837,0.6092840575217331,0.013842045313472107,0.21425912269761752,0.1626147744671773,-5.551115123125783e-17,0.7557161493858366,2.0,0.0,0.0,0.0,0.0,2.5114322987716733,0.0,0.0,6.488567701228327,2.0,0.0,0.7557161493858366,1.0,0.0,0.0,0.0,1.0,0.0,0.0,0.0,0.0,1.0,1.0,0.0,0.0,0.0,0.0,0.0,0.0,0.0,0.0,0.0,0.0,0.0,0.0,0.0,0.0,0.0,0.0,0.0,0.0,0.0,0.0,0.0,0.0,0.0,0.0,0.0,0.0,0.0,0.0,0.0,0.0,0.0,0.0,0.0,2.0
SMOTE_000477,attack,union," select * from users where id  =  1 *$ . union select null,@@VERSION -- 1",nearest_attack_euclidean,R000005,2.192277962851286,75.25708282052489,30.032678791203622,4.236358832858267,42.71023838827149,2.322440402932127,18.93464241759276,11.289761611728506,0.5696122873699869,0.030654791741951293,0.2504894672149569,0.14924345367310482,0.9673212087963798,0.0,2.0,0.0,1.6775595970678734,1.0,0.0,0.6448808058642532,0.0,0.0,1.0,5.0,0.3224404029321266,0.0,1.0,0.0,0.0,1.0,0.3224404029321266,0.0,0.0,0.0,0.0,2.0,1.0,1.0,1.0,0.0,0.0,0.0,0.0,0.0,0.0,0.0,0.0,0.0,0.0,0.0,0.0,0.0,0.0,0.0,0.0,0.0,0.0,0.0,0.0,0.0,0.0,0.0,0.0,0.0,0.0,0.0,0.0,0.0,0.0,0.0,5.0
SMOTE_000478,attack,union,"-9156'   )    )    union all select 9110,9110,9110,9110#",nearest_attack_euclidean,R000013,1.1135424956933149,56.0,20.12468929697043,3.6293967331055503,19.251864218177417,15.842274160609545,12.687033945455646,8.218827675757392,0.343783289610311,0.2828977528680276,0.22655417759742225,0.14676477992423914,1.0,0.0,0.7811723242426076,0.0,0.0,0.0,0.0,1.7811723242426076,0.2188276757573924,0.0,3.4376553515147847,0.7811723242426074,1.0,0.0,0.0,1.0,0.0,0.0,1.0,0.0,0.0,0.0,0.0,1.0,1.0,0.0,0.0,0.0,0.0,0.0,0.0,0.0,0.0,0.0,0.0,0.0,0.0,0.0,0.0,0.0,0.0,0.0,0.0,0.0,0.0,0.0,0.0,0.0,0.0,0.0,0.0,0.0,0.0,0.0,0.0,0.0,0.0,0.0,2.0
SMOTE_000479,attack,union,"-5575"" union all select 8665,8665,8665,8665,8665,8665,8665--",nearest_attack_euclidean,R000008,1.76552458050632,64.03562932078825,18.403562932078824,3.57098212523573,13.999999999999998,35.2285034566306,3.999999999999999,10.80712586415765,0.21988123559737252,0.5487071593172885,0.06282321017067785,0.16858839491466107,0.4035629320788245,0.5964370679211755,3.0,0.0,0.0,0.0,0.0,0.0,0.0,0.0,6.8071258641576495,3.0,0.40356293207882454,0.5964370679211755,1.0,0.0,0.0,0.0,0.0,0.0,0.0,0.0,0.0,1.0,1.0,0.0,0.0,0.0,0.0,0.0,0.0,0.0,0.0,0.0,0.0,0.0,0.0,0.0,0.0,0.0,0.0,0.0,0.0,0.0,0.0,0.0,0.0,0.0,0.0,0.0,0.0,0.0,0.0,0.0,0.0,0.0,0.0,0.0,2.0
SMOTE_000480,attack,union,"-4330' union all select 3059,3059,3059,3059,3059,3059,3059,3059,3059--",nearest_attack_euclidean,R000031,0.12290854987851042,70.0,19.48824494686802,3.679553734504069,13.999999999999998,40.0,3.999999999999999,12.0,0.20000000000000004,0.5714285714285714,0.057142857142857134,0.17142857142857143,1.0,0.0,3.0,0.0,0.0,0.0,0.0,0.0,0.0,0.0,8.0,3.0,1.0,0.0,1.0,0.0,0.0,0.0,0.0,0.0,0.0,0.0,0.0,1.0,1.0,0.0,0.0,0.0,0.0,0.0,0.0,0.0,0.0,0.0,0.0,0.0,0.0,0.0,0.0,0.0,0.0,0.0,0.0,0.0,0.0,0.0,0.0,0.0,0.0,0.0,0.0,0.0,0.0,0.0,0.0,0.0,0.0,0.0,2.0
SMOTE_000481,attack,union," select * from users where id  =  1 +$ . union select null,@@VERSION -- 1",nearest_attack_euclidean,R000001,1.204119707835796,73.0,32.284675232168205,4.373129120210514,43.43064953566359,2.2846752321682047,17.0,10.284675232168205,0.5949404045981314,0.03129692098860554,0.2328767123287671,0.14088596208449594,-5.551115123125783e-17,0.0,2.0,0.0,1.0,1.0,0.0,0.0,0.0,0.0,1.0,5.0,0.0,0.0,1.0,0.0,0.0,1.0,0.0,0.0,0.0,0.0,0.0,2.0,1.0,1.0,1.0,0.0,0.28467523216820423,0.0,0.0,0.0,0.0,0.0,0.0,0.0,0.0,0.0,0.0,0.0,0.0,0.0,0.0,0.0,0.0,0.0,0.0,0.0,0.0,0.0,0.0,0.0,0.0,0.0,0.0,0.0,0.0,0.0,5.284675232168204
SMOTE_000482,attack,union,"-8812""  )   where 1646  =  1646 union all select 1646,1646,1646,1646,1646,1646--",nearest_attack_euclidean,R000019,5.830537807318416e-05,79.99994218764306,23.9999614584287,3.7850303772118123,18.999951823035875,36.0000385415713,13.99994218764305,11.000009635392825,0.23749953450636013,0.4500008723936747,0.17499935547034481,0.13750023762962035,-5.551115123125783e-17,1.0,2.99998072921435,0.0,0.0,0.9999903646071753,0.0,1.0,0.0,0.0,5.000028906178475,3.9999710938215256,0.0,1.0,0.9999903646071752,9.635392824836053e-06,0.0,0.9999903646071753,1.0,0.0,0.0,0.0,0.0,1.0,1.0,0.9999903646071753,0.0,0.0,0.0,0.0,0.0,0.0,0.0,0.0,0.0,0.0,0.0,0.0,0.0,0.0,0.0,0.0,0.0,0.0,0.0,0.0,0.0,0.0,0.0,0.0,0.0,0.0,0.0,0.0,0.0,0.0,0.0,0.0,2.999990364607175
SMOTE_000483,attack,union,"-9110""   )    )    union all select 2263,2263,2263,2263,2263#",nearest_attack_euclidean,R000026,1.075961407318147,61.43251860154069,21.783740699229654,3.800081182944048,13.999999999999998,24.0,14.0,9.432518601540693,0.22793253697070787,0.3907414919497849,0.22793253697070787,0.15339343410879938,-5.551115123125783e-17,1.0,1.4325186015406937,0.0,0.0,0.0,0.0,2.0,0.21625930077034675,0.0,4.0,1.4325186015406937,0.0,1.0,0.21625930077034672,0.7837406992296533,0.0,0.0,1.0,0.0,0.0,0.0,0.0,1.0,1.0,0.0,0.0,0.0,0.0,0.0,0.0,0.0,0.0,0.0,0.0,0.0,0.0,0.0,0.0,0.0,0.0,0.0,0.0,0.0,0.0,0.0,0.0,0.0,0.0,0.0,0.0,0.0,0.0,0.0,0.0,0.0,0.0,0.0,2.0
SMOTE_000484,attack,union,"-8308""  )   union all select 3084,3084,3084,3084,3084,3084,3084,3084,3084#",nearest_attack_euclidean,R000029,0.9420495718955547,69.41689417642759,20.61108077647632,3.7457919010892016,13.999999999999998,36.333515341142075,8.0,11.083378835285519,0.20388535994732335,0.5203857920722423,0.11650591996989905,0.15922292801053534,-5.551115123125783e-17,1.0,1.0,0.0,0.0,0.0,0.0,1.0,0.0,0.0,7.083378835285519,1.0,0.0,1.0,0.0,1.0,0.0,0.0,1.0,0.0,0.0,0.0,0.0,1.0,1.0,0.0,0.0,0.0,0.0,0.0,0.0,0.0,0.0,0.0,0.0,0.0,0.0,0.0,0.0,0.0,0.0,0.0,0.0,0.0,0.0,0.0,0.0,0.0,0.0,0.0,0.0,0.0,0.0,0.0,0.0,0.0,0.0,0.0,2.0
SMOTE_000485,attack,union,"-8308""  )   union all select 3084,3084,3084,3084,3084,3084,3084,3084,3084#",nearest_attack_euclidean,R000029,1.5467653161475696,70.41966626474218,20.39781485947309,3.6424536125180103,13.999999999999998,38.40874056210764,6.408740562107632,11.602185140526908,0.19961011897996042,0.5458337112279164,0.0895820107022926,0.1649741590898306,-5.551115123125783e-17,1.0,1.0,0.0,0.0,0.0,0.0,0.6021851405269081,0.3978148594730919,0.0,7.602185140526908,1.0,0.0,1.0,0.0,1.0,0.0,0.0,0.6021851405269081,0.0,0.0,0.0,0.0,1.0,1.0,0.0,0.0,0.0,0.0,0.0,0.0,0.0,0.0,0.0,0.0,0.0,0.0,0.0,0.0,0.0,0.0,0.0,0.0,0.0,0.0,0.0,0.0,0.0,0.0,0.0,0.0,0.0,0.0,0.0,0.0,0.0,0.0,0.0,2.0
SMOTE_000486,attack,union,"1  )   union all select null,null,null,null,null,null,null,null,null--",nearest_attack_euclidean,R000007,2.6837510906958584,75.6123772835569,15.467698106963073,3.0610927195024833,50.0,1.0,12.676981069630749,11.93539621392615,0.6653974104219782,0.013307948208439585,0.16349994017520858,0.1577947011943736,0.4676981069630749,0.0,1.06460378607385,0.0,0.0,0.0,0.0,1.9353962139261496,0.0,0.0,8.0,1.06460378607385,0.46769810696307484,0.0,0.532301893036925,0.467698106963075,0.0,0.0,1.0,0.0,0.0,0.0,0.0,1.0,1.0,0.0,0.0,0.0,0.0,0.0,0.0,0.0,0.0,0.0,0.0,0.0,0.0,0.0,0.0,0.0,0.0,0.0,0.0,0.0,0.0,0.0,0.0,0.0,0.0,0.0,0.0,0.0,0.0,0.0,0.0,0.0,0.0,0.0,2.0
SMOTE_000487,attack,union," select * from users where id  =  1 or \.<$ union select 1,@@VERSION -- 1",nearest_attack_euclidean,R000004,0.36287252611912885,73.0,32.91421050585902,4.396886638808622,42.171578988281965,2.9142105058590158,17.0,10.914210505859018,0.5776928628531776,0.03992069186108241,0.2328767123287671,0.1495097329569728,-5.551115123125783e-17,0.0,2.0,0.0,1.0,1.0,0.0,0.0,0.0,0.0,1.0,5.0,0.0,0.0,1.0,0.0,0.0,1.0,0.0,0.0,0.0,0.0,0.0,2.0,1.0,1.0,1.0,0.0,0.9142105058590169,0.0,0.0,0.0,0.0,0.0,0.0,0.0,0.0,0.0,0.0,0.0,0.0,0.0,0.0,0.0,0.0,0.0,0.0,0.0,0.0,0.0,0.0,0.0,0.0,0.0,0.0,0.0,0.0,0.0,5.9142105058590175
SMOTE_000488,attack,union,"-3370""  )   union all select 7845,7845,7845,7845,7845,7845#",nearest_attack_euclidean,R000009,1.7398715216774636,67.09206227616487,21.06275964982079,3.7227773683605436,13.999999999999998,31.49792280143368,11.18827894946237,10.405860525268816,0.2106138963521692,0.46237567484703096,0.17261766593949854,0.15439276286130127,-5.551115123125783e-17,1.0,1.0,0.0,0.0,0.0,0.0,1.531379824910395,0.0,0.0,5.87448070035842,1.0,0.0,1.0,0.0,1.0,0.0,0.0,1.0,0.0,0.0,0.0,0.0,1.0,1.0,0.0,0.0,0.0,0.0,0.0,0.0,0.0,0.0,0.0,0.0,0.0,0.0,0.0,0.0,0.0,0.0,0.0,0.0,0.0,0.0,0.0,0.0,0.0,0.0,0.0,0.0,0.0,0.0,0.0,0.0,0.0,0.0,0.0,2.0
SMOTE_000489,attack,union," select * from users where id  =  1 or \.<$ union select 1,@@VERSION -- 1",nearest_attack_euclidean,R000004,0.07614216588139931,73.0,32.61621102781433,4.389609412244986,42.0,3.0,17.0,11.0,0.5753424657534246,0.0410958904109589,0.2328767123287671,0.1506849315068493,-5.551115123125783e-17,0.0,2.0,0.0,1.0,1.0,0.0,0.0,0.0,0.0,1.0,5.0,0.0,0.0,1.0,0.0,0.0,1.0,0.0,0.0,0.0,0.0,0.0,2.0,1.0,1.0,1.0,0.0,1.0,0.0,0.0,0.0,0.0,0.0,0.0,0.0,0.0,0.0,0.0,0.0,0.0,0.0,0.0,0.0,0.0,0.0,0.0,0.0,0.0,0.0,0.0,0.0,0.0,0.0,0.0,0.0,0.0,0.0,6.0
SMOTE_000490,attack,union,"-5748' union all select 1224,1224,1224,1224,1224,1224,1224,1224,1224#",nearest_attack_euclidean,R000025,0.9816059635826541,69.25012188548867,20.49975622902265,3.5628419525803805,13.999999999999998,40.0,3.999999999999999,11.250121885488674,0.20217355975220674,0.5776387421491621,0.05776387421491623,0.1624238238837149,1.0,0.0,1.500243770977348,0.0,0.0,0.0,0.0,0.0,0.0,0.0,8.0,1.5002437709773482,1.0,0.0,0.2501218854886738,0.7498781145113262,0.0,0.0,0.0,0.0,0.0,0.0,0.0,1.0,1.0,0.0,0.0,0.0,0.0,0.0,0.0,0.0,0.0,0.0,0.0,0.0,0.0,0.0,0.0,0.0,0.0,0.0,0.0,0.0,0.0,0.0,0.0,0.0,0.0,0.0,0.0,0.0,0.0,0.0,0.0,0.0,0.0,0.0,2.0
SMOTE_000491,attack,union,"-3370""  )   union all select 7845,7845,7845,7845,7845,7845#",nearest_attack_euclidean,R000009,0.5382448347287664,59.55346233387243,22.0,3.9242751695821605,13.999999999999998,26.893075332255144,9.660387001617286,9.0,0.2351351840305046,0.45212406203240496,0.1615824213460518,0.15115833259103867,-5.551115123125783e-17,1.0,1.0,0.0,0.0,0.0,0.0,1.2767311669362142,0.0,0.0,4.723268833063786,1.0,0.0,1.0,0.0,1.0,0.0,0.0,1.0,0.0,0.0,0.0,0.0,1.0,1.0,0.0,0.0,0.0,0.0,0.0,0.0,0.0,0.0,0.0,0.0,0.0,0.0,0.0,0.0,0.0,0.0,0.0,0.0,0.0,0.0,0.0,0.0,0.0,0.0,0.0,0.0,0.0,0.0,0.0,0.0,0.0,0.0,0.0,2.0
SMOTE_000492,attack,union,"1'   )    )     )   union all select null,null,null,null,null,null,null,null,null#",nearest_attack_euclidean,R000020,0.7005267640886077,80.53502789028207,15.877918990856838,3.070344608182419,50.0,1.0,16.779189908568384,12.755837981713675,0.6225171786560796,0.012450343573121608,0.20666604015287987,0.15836643761791894,0.8779189908568386,0.0,0.2441620182863229,0.0,0.0,0.0,0.0,2.7558379817136767,0.0,0.0,8.0,0.2441620182863229,0.8779189908568384,0.0,0.12208100914316145,0.8779189908568386,0.0,0.0,1.0,0.0,0.0,0.0,0.0,1.0,1.0,0.0,0.0,0.0,0.0,0.0,0.0,0.0,0.0,0.0,0.0,0.0,0.0,0.0,0.0,0.0,0.0,0.0,0.0,0.0,0.0,0.0,0.0,0.0,0.0,0.0,0.0,0.0,0.0,0.0,0.0,0.0,0.0,0.0,2.0
SMOTE_000493,attack,union," select * from users where id  =  1 +$ . union select null,@@VERSION -- 1",nearest_attack_euclidean,R000001,0.8364859066537379,73.64363287263023,32.0,4.37345406329274,44.0,2.0,17.0,10.64363287263023,0.5975671513432457,0.027162143242874803,0.2308782175644358,0.14439248784944372,-5.551115123125783e-17,0.0,2.0,0.0,1.3218164363151148,1.0,0.0,0.0,0.0,0.0,1.0,5.64363287263023,0.0,0.0,1.0,0.0,0.0,1.0,0.0,0.0,0.0,0.0,0.0,2.0,1.0,1.0,1.0,0.0,0.0,0.0,0.0,0.0,0.0,0.0,0.0,0.0,0.0,0.0,0.0,0.0,0.0,0.0,0.0,0.0,0.0,0.0,0.0,0.0,0.0,0.0,0.0,0.0,0.0,0.0,0.0,0.0,0.0,0.0,5.0
SMOTE_000494,attack,union,"1%'  )   union all select null,null,null,null,null,null#",nearest_attack_euclidean,R000010,1.0287922318503893,60.63377673416522,16.821777817916722,3.267593779652962,40.13866618499933,1.0,9.782221820832776,9.71288872833311,0.6663070101179627,0.01684804513628807,0.15651877353948468,0.16032617120626466,1.0,0.0,0.0,0.0,0.0,0.0,0.0,1.3564443641665551,0.8217778179167224,0.0,5.534666546249833,0.0,1.0,0.0,0.0,1.0,0.0,0.0,1.0,0.0,0.0,0.0,0.0,1.0,1.0,0.0,0.0,0.0,0.0,0.0,0.0,0.0,0.0,0.0,0.0,0.0,0.0,0.0,0.0,0.0,0.0,0.0,0.0,0.0,0.0,0.0,0.0,0.0,0.0,0.0,0.0,0.0,0.0,0.0,0.0,0.0,0.0,0.0,2.0
SMOTE_000495,attack,union," select * from users where id  =  1 or \<\. union select 1,@@VERSION -- 1",nearest_attack_euclidean,R000002,2.241588098706283,73.0,31.510977510351072,4.354272097167734,42.978044979297856,2.510977510351074,17.0,10.510977510351074,0.5887403421821623,0.03439695219659003,0.2328767123287671,0.14398599329248044,-5.551115123125783e-17,0.0,2.0,0.0,1.489022489648927,1.0,0.0,0.0,0.0,0.0,1.0,5.0,0.0,0.0,1.0,0.0,0.0,1.0,0.0,0.0,0.0,0.0,0.0,2.0,1.0,1.0,1.0,0.0,0.5109775103510732,0.0,0.0,0.0,0.0,0.0,0.0,0.0,0.0,0.0,0.0,0.0,0.0,0.0,0.0,0.0,0.0,0.0,0.0,0.0,0.0,0.0,0.0,0.0,0.0,0.0,0.0,0.0,0.0,0.0,5.510977510351073
SMOTE_000496,attack,union,"-5575"" union all select 8665,8665,8665,8665,8665,8665,8665--",nearest_attack_euclidean,R000008,1.493003168141877,63.3917936947295,18.6783587389459,3.5863271487550574,13.999999999999998,34.7134349557836,3.999999999999999,10.6783587389459,0.22202735435090168,0.546254452170398,0.06343638695740048,0.16828180652129976,0.33917936947295,0.66082063052705,3.0,0.0,0.0,0.0,0.0,0.0,0.0,0.0,6.6783587389459,3.0,0.33917936947295,0.66082063052705,1.0,0.0,0.0,0.0,0.0,0.0,0.0,0.0,0.0,1.0,1.0,0.0,0.0,0.0,0.0,0.0,0.0,0.0,0.0,0.0,0.0,0.0,0.0,0.0,0.0,0.0,0.0,0.0,0.0,0.0,0.0,0.0,0.0,0.0,0.0,0.0,0.0,0.0,0.0,0.0,0.0,0.0,0.0,0.0,2.0
SMOTE_000497,attack,union,"-8073   )    )     )   union all select 4481,4481,4481,4481--",nearest_attack_euclidean,R000027,0.8457974117247488,62.89320816814759,19.368930610617472,3.536957523605749,18.4174857256777,17.002420400432985,18.0,9.473302042036897,0.2840695519677237,0.27830304986828214,0.28742920569803354,0.15019819246596056,-5.551115123125783e-17,0.15776734734563239,2.842232652654368,0.0,0.0,0.0,0.0,3.0,0.0,0.0,3.4733020420368965,2.8422326526543675,0.0,0.15776734734563239,1.0,0.0,0.0,0.0,1.0,0.0,0.0,0.0,0.0,1.0,1.0,0.0,0.0,0.0,0.0,0.0,0.0,0.0,0.0,0.0,0.0,0.0,0.0,0.0,0.0,0.0,0.0,0.0,0.0,0.0,0.0,0.0,0.0,0.0,0.0,0.0,0.0,0.0,0.0,0.0,0.0,0.0,0.0,0.0,2.0
SMOTE_000498,attack,union,"1' union all select null,null,null,null,null,null,null,null,null--",nearest_attack_euclidean,R000023,1.522957055229982,63.00971081114575,15.299028918885424,3.0667844553141514,47.607768648916604,1.0,3.999999999999999,10.401942162229151,0.7553103869781407,0.015960576079235428,0.06384230431694182,0.164886732625682,1.0,0.0,1.4019421622291506,0.0,0.0,0.0,0.0,0.0,0.29902891888542477,0.0,7.40194216222915,1.4019421622291506,1.0,0.0,0.7009710811145752,0.29902891888542477,0.0,0.0,0.0,0.0,0.0,0.0,0.0,1.0,1.0,0.0,0.0,0.0,0.0,0.0,0.0,0.0,0.0,0.0,0.0,0.0,0.0,0.0,0.0,0.0,0.0,0.0,0.0,0.0,0.0,0.0,0.0,0.0,0.0,0.0,0.0,0.0,0.0,0.0,0.0,0.0,0.0,0.0,2.0
SMOTE_000499,attack,union,"-4542 union all select 1249,1249,1249,1249,1249,1249,1249,1249,1249--",nearest_attack_euclidean,R000012,0.3272891860149253,69.12102390331381,18.242047806627625,3.6043096463776876,13.999999999999998,40.0,3.999999999999999,11.121023903313812,0.20254775680198894,0.5787078765771113,0.05787078765771113,0.16087357896318863,0.12102390331381258,0.0,3.0,0.0,0.0,0.0,0.0,0.0,0.0,0.0,8.0,3.0,0.1210239033138128,0.0,1.0,0.0,0.0,0.0,0.0,0.0,0.0,0.0,0.0,1.0,1.0,0.0,0.0,0.0,0.0,0.0,0.0,0.0,0.0,0.0,0.0,0.0,0.0,0.0,0.0,0.0,0.0,0.0,0.0,0.0,0.0,0.0,0.0,0.0,0.0,0.0,0.0,0.0,0.0,0.0,0.0,0.0,0.0,0.0,2.0
SMOTE_000500,attack,union,"1' union all select null,null,null,null,null,null,null,null,null--",nearest_attack_euclidean,R000023,0.1523322009926138,66.10907774190754,15.136347177384426,3.0403984954266474,49.018300322832125,2.063507983598532,3.999999999999999,11.027269435476885,0.7423709814310699,0.030320876444934114,0.06051162100267744,0.1667965211213185,1.0,0.0,2.0272694354768857,0.0,0.0,0.0,0.0,0.0,0.0,0.0,8.0,2.027269435476885,1.0,0.0,1.0,0.0,0.0,0.0,0.0,0.0,0.0,0.0,0.0,1.0,1.0,0.0,0.0,0.0,0.0,0.0,0.0,0.0,0.0,0.0,0.0,0.0,0.0,0.0,0.0,0.0,0.0,0.0,0.0,0.0,0.0,0.0,0.0,0.0,0.0,0.0,0.0,0.0,0.0,0.0,0.0,0.0,0.0,0.0,2.0
