
[1/3] pretrain G
G epoch=1/120 loss=4.6072
G epoch=2/120 loss=4.4720
G epoch=3/120 loss=4.3112
G epoch=4/120 loss=4.1197
G epoch=5/120 loss=3.8654
G epoch=6/120 loss=3.5970
G epoch=7/120 loss=3.3180
G epoch=8/120 loss=3.0493
G epoch=9/120 loss=2.7861
G epoch=10/120 loss=2.7411
G epoch=11/120 loss=2.6717
G epoch=12/120 loss=2.4555
G epoch=13/120 loss=2.4998
G epoch=14/120 loss=2.4365
G epoch=15/120 loss=2.3676
G epoch=16/120 loss=2.3320
G epoch=17/120 loss=2.2657
G epoch=18/120 loss=2.2389
G epoch=19/120 loss=2.1297
G epoch=20/120 loss=2.1214
G epoch=21/120 loss=2.0336
G epoch=22/120 loss=1.9404
G epoch=23/120 loss=1.9342
G epoch=24/120 loss=1.9302
G epoch=25/120 loss=1.8375
G epoch=26/120 loss=1.7863
G epoch=27/120 loss=1.7846
G epoch=28/120 loss=1.7186
G epoch=29/120 loss=1.6440
G epoch=30/120 loss=1.6124
G epoch=31/120 loss=1.5668
G epoch=32/120 loss=1.5388
G epoch=33/120 loss=1.4912
G epoch=34/120 loss=1.3915
G epoch=35/120 loss=1.4394
G epoch=36/120 loss=1.4071
G epoch=37/120 loss=1.3607
G epoch=38/120 loss=1.2362
G epoch=39/120 loss=1.2958
G epoch=40/120 loss=1.2768
G epoch=41/120 loss=1.2478
G epoch=42/120 loss=1.2095
G epoch=43/120 loss=1.1400
G epoch=44/120 loss=1.0843
G epoch=45/120 loss=1.1037
G epoch=46/120 loss=1.1135
G epoch=47/120 loss=1.0830
G epoch=48/120 loss=1.0118
G epoch=49/120 loss=1.0222
G epoch=50/120 loss=0.9878
G epoch=51/120 loss=0.9474
G epoch=52/120 loss=0.9678
G epoch=53/120 loss=0.9441
G epoch=54/120 loss=0.9273
G epoch=55/120 loss=0.8774
G epoch=56/120 loss=0.8432
G epoch=57/120 loss=0.8392
G epoch=58/120 loss=0.7975
G epoch=59/120 loss=0.7951
G epoch=60/120 loss=0.8325
G epoch=61/120 loss=0.7744
G epoch=62/120 loss=0.7547
G epoch=63/120 loss=0.7318
G epoch=64/120 loss=0.7307
G epoch=65/120 loss=0.7158
G epoch=66/120 loss=0.7023
G epoch=67/120 loss=0.6905
G epoch=68/120 loss=0.6703
G epoch=69/120 loss=0.7005
G epoch=70/120 loss=0.6284
G epoch=71/120 loss=0.6246
G epoch=72/120 loss=0.6230
G epoch=73/120 loss=0.6040
G epoch=74/120 loss=0.6132
G epoch=75/120 loss=0.5933
G epoch=76/120 loss=0.5739
G epoch=77/120 loss=0.5678
G epoch=78/120 loss=0.5655
G epoch=79/120 loss=0.5549
G epoch=80/120 loss=0.5387
G epoch=81/120 loss=0.5206
G epoch=82/120 loss=0.5034
G epoch=83/120 loss=0.4793
G epoch=84/120 loss=0.4679
G epoch=85/120 loss=0.5181
G epoch=86/120 loss=0.4935
G epoch=87/120 loss=0.4977
G epoch=88/120 loss=0.4534
G epoch=89/120 loss=0.4619
G epoch=90/120 loss=0.4522
G epoch=91/120 loss=0.4535
G epoch=92/120 loss=0.4455
G epoch=93/120 loss=0.4273
G epoch=94/120 loss=0.3903
G epoch=95/120 loss=0.4073
G epoch=96/120 loss=0.4122
G epoch=97/120 loss=0.3828
G epoch=98/120 loss=0.4090
G epoch=99/120 loss=0.3936
G epoch=100/120 loss=0.3702
G epoch=101/120 loss=0.3604
G epoch=102/120 loss=0.3711
G epoch=103/120 loss=0.3676
G epoch=104/120 loss=0.3550
G epoch=105/120 loss=0.3600
G epoch=106/120 loss=0.3489
G epoch=107/120 loss=0.3251
G epoch=108/120 loss=0.3229
G epoch=109/120 loss=0.3450
G epoch=110/120 loss=0.3311
G epoch=111/120 loss=0.3302
G epoch=112/120 loss=0.3343
G epoch=113/120 loss=0.3217
G epoch=114/120 loss=0.3085
G epoch=115/120 loss=0.3249
G epoch=116/120 loss=0.3350
G epoch=117/120 loss=0.2933
G epoch=118/120 loss=0.2909
G epoch=119/120 loss=0.2927
G epoch=120/120 loss=0.2741

[2/3] pretrain D
D step=1/50 epoch=1/3 loss=0.9576 l2=0.2000 label_smoothing=0.000
D step=1/50 epoch=2/3 loss=0.7222 l2=0.2000 label_smoothing=0.000
D step=1/50 epoch=3/3 loss=0.7356 l2=0.2000 label_smoothing=0.000
D step=2/50 epoch=1/3 loss=0.7232 l2=0.2000 label_smoothing=0.000
D step=2/50 epoch=2/3 loss=0.6611 l2=0.2000 label_smoothing=0.000
D step=2/50 epoch=3/3 loss=0.6205 l2=0.2000 label_smoothing=0.000
D step=3/50 epoch=1/3 loss=0.5910 l2=0.2000 label_smoothing=0.000
D step=3/50 epoch=2/3 loss=0.5955 l2=0.2000 label_smoothing=0.000
D step=3/50 epoch=3/3 loss=0.5578 l2=0.2000 label_smoothing=0.000
D step=4/50 epoch=1/3 loss=0.5601 l2=0.2000 label_smoothing=0.000
D step=4/50 epoch=2/3 loss=0.5335 l2=0.2000 label_smoothing=0.000
D step=4/50 epoch=3/3 loss=0.5033 l2=0.2000 label_smoothing=0.000
D step=5/50 epoch=1/3 loss=0.4861 l2=0.2000 label_smoothing=0.000
D step=5/50 epoch=2/3 loss=0.4648 l2=0.2000 label_smoothing=0.000
D step=5/50 epoch=3/3 loss=0.4341 l2=0.2000 label_smoothing=0.000
D step=6/50 epoch=1/3 loss=0.4582 l2=0.2000 label_smoothing=0.000
D step=6/50 epoch=2/3 loss=0.4484 l2=0.2000 label_smoothing=0.000
D step=6/50 epoch=3/3 loss=0.4005 l2=0.2000 label_smoothing=0.000
D step=7/50 epoch=1/3 loss=0.4165 l2=0.2000 label_smoothing=0.000
D step=7/50 epoch=2/3 loss=0.3924 l2=0.2000 label_smoothing=0.000
D step=7/50 epoch=3/3 loss=0.3800 l2=0.2000 label_smoothing=0.000
D step=8/50 epoch=1/3 loss=0.3442 l2=0.2000 label_smoothing=0.000
D step=8/50 epoch=2/3 loss=0.3352 l2=0.2000 label_smoothing=0.000
D step=8/50 epoch=3/3 loss=0.3328 l2=0.2000 label_smoothing=0.000
D step=9/50 epoch=1/3 loss=0.3397 l2=0.2000 label_smoothing=0.000
D step=9/50 epoch=2/3 loss=0.3248 l2=0.2000 label_smoothing=0.000
D step=9/50 epoch=3/3 loss=0.3043 l2=0.2000 label_smoothing=0.000
D step=10/50 epoch=1/3 loss=0.3616 l2=0.2000 label_smoothing=0.000
D step=10/50 epoch=2/3 loss=0.3585 l2=0.2000 label_smoothing=0.000
D step=10/50 epoch=3/3 loss=0.3561 l2=0.2000 label_smoothing=0.000
D step=11/50 epoch=1/3 loss=0.3917 l2=0.2000 label_smoothing=0.000
D step=11/50 epoch=2/3 loss=0.3765 l2=0.2000 label_smoothing=0.000
D step=11/50 epoch=3/3 loss=0.3489 l2=0.2000 label_smoothing=0.000
D step=12/50 epoch=1/3 loss=0.3842 l2=0.2000 label_smoothing=0.000
D step=12/50 epoch=2/3 loss=0.3607 l2=0.2000 label_smoothing=0.000
D step=12/50 epoch=3/3 loss=0.3583 l2=0.2000 label_smoothing=0.000
D step=13/50 epoch=1/3 loss=0.3421 l2=0.2000 label_smoothing=0.000
D step=13/50 epoch=2/3 loss=0.3437 l2=0.2000 label_smoothing=0.000
D step=13/50 epoch=3/3 loss=0.3250 l2=0.2000 label_smoothing=0.000
D step=14/50 epoch=1/3 loss=0.3245 l2=0.2000 label_smoothing=0.000
D step=14/50 epoch=2/3 loss=0.3273 l2=0.2000 label_smoothing=0.000
D step=14/50 epoch=3/3 loss=0.2954 l2=0.2000 label_smoothing=0.000
D step=15/50 epoch=1/3 loss=0.2892 l2=0.2000 label_smoothing=0.000
D step=15/50 epoch=2/3 loss=0.2887 l2=0.2000 label_smoothing=0.000
D step=15/50 epoch=3/3 loss=0.2638 l2=0.2000 label_smoothing=0.000
D step=16/50 epoch=1/3 loss=0.3652 l2=0.2000 label_smoothing=0.000
D step=16/50 epoch=2/3 loss=0.3692 l2=0.2000 label_smoothing=0.000
D step=16/50 epoch=3/3 loss=0.3845 l2=0.2000 label_smoothing=0.000
D step=17/50 epoch=1/3 loss=0.3097 l2=0.2000 label_smoothing=0.000
D step=17/50 epoch=2/3 loss=0.3201 l2=0.2000 label_smoothing=0.000
D step=17/50 epoch=3/3 loss=0.2867 l2=0.2000 label_smoothing=0.000
D step=18/50 epoch=1/3 loss=0.2824 l2=0.2000 label_smoothing=0.000
D step=18/50 epoch=2/3 loss=0.2830 l2=0.2000 label_smoothing=0.000
D step=18/50 epoch=3/3 loss=0.2709 l2=0.2000 label_smoothing=0.000
D step=19/50 epoch=1/3 loss=0.4299 l2=0.2000 label_smoothing=0.000
D step=19/50 epoch=2/3 loss=0.3949 l2=0.2000 label_smoothing=0.000
D step=19/50 epoch=3/3 loss=0.3847 l2=0.2000 label_smoothing=0.000
D step=20/50 epoch=1/3 loss=0.3272 l2=0.2000 label_smoothing=0.000
D step=20/50 epoch=2/3 loss=0.3328 l2=0.2000 label_smoothing=0.000
D step=20/50 epoch=3/3 loss=0.2826 l2=0.2000 label_smoothing=0.000
D step=21/50 epoch=1/3 loss=0.3568 l2=0.2000 label_smoothing=0.000
D step=21/50 epoch=2/3 loss=0.3373 l2=0.2000 label_smoothing=0.000
D step=21/50 epoch=3/3 loss=0.3452 l2=0.2000 label_smoothing=0.000
D step=22/50 epoch=1/3 loss=0.3931 l2=0.2000 label_smoothing=0.000
D step=22/50 epoch=2/3 loss=0.4053 l2=0.2000 label_smoothing=0.000
D step=22/50 epoch=3/3 loss=0.3865 l2=0.2000 label_smoothing=0.000
D step=23/50 epoch=1/3 loss=0.2535 l2=0.2000 label_smoothing=0.000
D step=23/50 epoch=2/3 loss=0.2623 l2=0.2000 label_smoothing=0.000
D step=23/50 epoch=3/3 loss=0.2634 l2=0.2000 label_smoothing=0.000
D step=24/50 epoch=1/3 loss=0.3783 l2=0.2000 label_smoothing=0.000
D step=24/50 epoch=2/3 loss=0.3441 l2=0.2000 label_smoothing=0.000
D step=24/50 epoch=3/3 loss=0.3370 l2=0.2000 label_smoothing=0.000
D step=25/50 epoch=1/3 loss=0.2835 l2=0.2000 label_smoothing=0.000
D step=25/50 epoch=2/3 loss=0.2948 l2=0.2000 label_smoothing=0.000
D step=25/50 epoch=3/3 loss=0.2782 l2=0.2000 label_smoothing=0.000
D step=26/50 epoch=1/3 loss=0.2666 l2=0.2000 label_smoothing=0.000
D step=26/50 epoch=2/3 loss=0.2374 l2=0.2000 label_smoothing=0.000
D step=26/50 epoch=3/3 loss=0.2240 l2=0.2000 label_smoothing=0.000
D step=27/50 epoch=1/3 loss=0.3774 l2=0.2000 label_smoothing=0.000
D step=27/50 epoch=2/3 loss=0.3146 l2=0.2000 label_smoothing=0.000
D step=27/50 epoch=3/3 loss=0.3570 l2=0.2000 label_smoothing=0.000
D step=28/50 epoch=1/3 loss=0.2931 l2=0.2000 label_smoothing=0.000
D step=28/50 epoch=2/3 loss=0.2885 l2=0.2000 label_smoothing=0.000
D step=28/50 epoch=3/3 loss=0.3128 l2=0.2000 label_smoothing=0.000
D step=29/50 epoch=1/3 loss=0.2985 l2=0.2000 label_smoothing=0.000
D step=29/50 epoch=2/3 loss=0.2980 l2=0.2000 label_smoothing=0.000
D step=29/50 epoch=3/3 loss=0.2733 l2=0.2000 label_smoothing=0.000
D step=30/50 epoch=1/3 loss=0.3389 l2=0.2000 label_smoothing=0.000
D step=30/50 epoch=2/3 loss=0.3168 l2=0.2000 label_smoothing=0.000
D step=30/50 epoch=3/3 loss=0.3142 l2=0.2000 label_smoothing=0.000
D step=31/50 epoch=1/3 loss=0.2953 l2=0.2000 label_smoothing=0.000
D step=31/50 epoch=2/3 loss=0.2624 l2=0.2000 label_smoothing=0.000
D step=31/50 epoch=3/3 loss=0.2800 l2=0.2000 label_smoothing=0.000
D step=32/50 epoch=1/3 loss=0.2691 l2=0.2000 label_smoothing=0.000
D step=32/50 epoch=2/3 loss=0.2633 l2=0.2000 label_smoothing=0.000
D step=32/50 epoch=3/3 loss=0.2420 l2=0.2000 label_smoothing=0.000
D step=33/50 epoch=1/3 loss=0.2264 l2=0.2000 label_smoothing=0.000
D step=33/50 epoch=2/3 loss=0.2208 l2=0.2000 label_smoothing=0.000
D step=33/50 epoch=3/3 loss=0.2201 l2=0.2000 label_smoothing=0.000
D step=34/50 epoch=1/3 loss=0.3017 l2=0.2000 label_smoothing=0.000
D step=34/50 epoch=2/3 loss=0.3153 l2=0.2000 label_smoothing=0.000
D step=34/50 epoch=3/3 loss=0.2792 l2=0.2000 label_smoothing=0.000
D step=35/50 epoch=1/3 loss=0.2040 l2=0.2000 label_smoothing=0.000
D step=35/50 epoch=2/3 loss=0.2303 l2=0.2000 label_smoothing=0.000
D step=35/50 epoch=3/3 loss=0.2263 l2=0.2000 label_smoothing=0.000
D step=36/50 epoch=1/3 loss=0.3023 l2=0.2000 label_smoothing=0.000
D step=36/50 epoch=2/3 loss=0.3293 l2=0.2000 label_smoothing=0.000
D step=36/50 epoch=3/3 loss=0.2879 l2=0.2000 label_smoothing=0.000
D step=37/50 epoch=1/3 loss=0.2730 l2=0.2000 label_smoothing=0.000
D step=37/50 epoch=2/3 loss=0.2837 l2=0.2000 label_smoothing=0.000
D step=37/50 epoch=3/3 loss=0.2549 l2=0.2000 label_smoothing=0.000
D step=38/50 epoch=1/3 loss=0.2945 l2=0.2000 label_smoothing=0.000
D step=38/50 epoch=2/3 loss=0.2977 l2=0.2000 label_smoothing=0.000
D step=38/50 epoch=3/3 loss=0.2872 l2=0.2000 label_smoothing=0.000
D step=39/50 epoch=1/3 loss=0.3356 l2=0.2000 label_smoothing=0.000
D step=39/50 epoch=2/3 loss=0.3243 l2=0.2000 label_smoothing=0.000
D step=39/50 epoch=3/3 loss=0.2978 l2=0.2000 label_smoothing=0.000
D step=40/50 epoch=1/3 loss=0.3160 l2=0.2000 label_smoothing=0.000
D step=40/50 epoch=2/3 loss=0.3228 l2=0.2000 label_smoothing=0.000
D step=40/50 epoch=3/3 loss=0.3192 l2=0.2000 label_smoothing=0.000
D step=41/50 epoch=1/3 loss=0.3773 l2=0.2000 label_smoothing=0.000
D step=41/50 epoch=2/3 loss=0.3636 l2=0.2000 label_smoothing=0.000
D step=41/50 epoch=3/3 loss=0.3576 l2=0.2000 label_smoothing=0.000
D step=42/50 epoch=1/3 loss=0.3298 l2=0.2000 label_smoothing=0.000
D step=42/50 epoch=2/3 loss=0.3125 l2=0.2000 label_smoothing=0.000
D step=42/50 epoch=3/3 loss=0.3258 l2=0.2000 label_smoothing=0.000
D step=43/50 epoch=1/3 loss=0.3531 l2=0.2000 label_smoothing=0.000
D step=43/50 epoch=2/3 loss=0.3446 l2=0.2000 label_smoothing=0.000
D step=43/50 epoch=3/3 loss=0.3445 l2=0.2000 label_smoothing=0.000
D step=44/50 epoch=1/3 loss=0.2388 l2=0.2000 label_smoothing=0.000
D step=44/50 epoch=2/3 loss=0.2481 l2=0.2000 label_smoothing=0.000
D step=44/50 epoch=3/3 loss=0.2348 l2=0.2000 label_smoothing=0.000
D step=45/50 epoch=1/3 loss=0.3026 l2=0.2000 label_smoothing=0.000
D step=45/50 epoch=2/3 loss=0.3146 l2=0.2000 label_smoothing=0.000
D step=45/50 epoch=3/3 loss=0.2819 l2=0.2000 label_smoothing=0.000
D step=46/50 epoch=1/3 loss=0.2562 l2=0.2000 label_smoothing=0.000
D step=46/50 epoch=2/3 loss=0.2482 l2=0.2000 label_smoothing=0.000
D step=46/50 epoch=3/3 loss=0.2441 l2=0.2000 label_smoothing=0.000
D step=47/50 epoch=1/3 loss=0.2152 l2=0.2000 label_smoothing=0.000
D step=47/50 epoch=2/3 loss=0.2082 l2=0.2000 label_smoothing=0.000
D step=47/50 epoch=3/3 loss=0.2060 l2=0.2000 label_smoothing=0.000
D step=48/50 epoch=1/3 loss=0.3300 l2=0.2000 label_smoothing=0.000
D step=48/50 epoch=2/3 loss=0.3180 l2=0.2000 label_smoothing=0.000
D step=48/50 epoch=3/3 loss=0.3308 l2=0.2000 label_smoothing=0.000
D step=49/50 epoch=1/3 loss=0.2703 l2=0.2000 label_smoothing=0.000
D step=49/50 epoch=2/3 loss=0.2990 l2=0.2000 label_smoothing=0.000
D step=49/50 epoch=3/3 loss=0.2909 l2=0.2000 label_smoothing=0.000
D step=50/50 epoch=1/3 loss=0.2421 l2=0.2000 label_smoothing=0.000
D step=50/50 epoch=2/3 loss=0.2643 l2=0.2000 label_smoothing=0.000
D step=50/50 epoch=3/3 loss=0.2564 l2=0.2000 label_smoothing=0.000

[3/3] adversarial
generator_reward_mode=off reward_alpha=1.000 d_steps=5 d_epochs=3
D step=1/5 epoch=1/3 loss=0.1316 l2=0.2000 label_smoothing=0.000
D step=1/5 epoch=2/3 loss=0.0872 l2=0.2000 label_smoothing=0.000
D step=1/5 epoch=3/3 loss=0.0665 l2=0.2000 label_smoothing=0.000
D step=2/5 epoch=1/3 loss=0.0914 l2=0.2000 label_smoothing=0.000
D step=2/5 epoch=2/3 loss=0.0801 l2=0.2000 label_smoothing=0.000
D step=2/5 epoch=3/3 loss=0.0758 l2=0.2000 label_smoothing=0.000
D step=3/5 epoch=1/3 loss=0.2294 l2=0.2000 label_smoothing=0.000
D step=3/5 epoch=2/3 loss=0.2083 l2=0.2000 label_smoothing=0.000
D step=3/5 epoch=3/3 loss=0.1825 l2=0.2000 label_smoothing=0.000
D step=4/5 epoch=1/3 loss=0.1118 l2=0.2000 label_smoothing=0.000
D step=4/5 epoch=2/3 loss=0.0756 l2=0.2000 label_smoothing=0.000
D step=4/5 epoch=3/3 loss=0.0917 l2=0.2000 label_smoothing=0.000
D step=5/5 epoch=1/3 loss=0.2557 l2=0.2000 label_smoothing=0.000
D step=5/5 epoch=2/3 loss=0.1983 l2=0.2000 label_smoothing=0.000
D step=5/5 epoch=3/3 loss=0.1222 l2=0.2000 label_smoothing=0.000
ADV epoch=1/200 g_loss=0.0495 d_loss=0.1339 reward=0.1761 reward_var=0.0488 unique=0.9400
D step=1/5 epoch=1/3 loss=0.4784 l2=0.2000 label_smoothing=0.000
D step=1/5 epoch=2/3 loss=0.3744 l2=0.2000 label_smoothing=0.000
D step=1/5 epoch=3/3 loss=0.3561 l2=0.2000 label_smoothing=0.000
D step=2/5 epoch=1/3 loss=0.3780 l2=0.2000 label_smoothing=0.000
D step=2/5 epoch=2/3 loss=0.3774 l2=0.2000 label_smoothing=0.000
D step=2/5 epoch=3/3 loss=0.3343 l2=0.2000 label_smoothing=0.000
D step=3/5 epoch=1/3 loss=0.3340 l2=0.2000 label_smoothing=0.000
D step=3/5 epoch=2/3 loss=0.2957 l2=0.2000 label_smoothing=0.000
D step=3/5 epoch=3/3 loss=0.2660 l2=0.2000 label_smoothing=0.000
D step=4/5 epoch=1/3 loss=0.3118 l2=0.2000 label_smoothing=0.000
D step=4/5 epoch=2/3 loss=0.2955 l2=0.2000 label_smoothing=0.000
D step=4/5 epoch=3/3 loss=0.2870 l2=0.2000 label_smoothing=0.000
D step=5/5 epoch=1/3 loss=0.3082 l2=0.2000 label_smoothing=0.000
D step=5/5 epoch=2/3 loss=0.2967 l2=0.2000 label_smoothing=0.000
D step=5/5 epoch=3/3 loss=0.2897 l2=0.2000 label_smoothing=0.000
ADV epoch=2/200 g_loss=0.0273 d_loss=0.3322 reward=0.1187 reward_var=0.0369 unique=0.6400
D step=1/5 epoch=1/3 loss=0.3251 l2=0.2000 label_smoothing=0.000
D step=1/5 epoch=2/3 loss=0.2852 l2=0.2000 label_smoothing=0.000
D step=1/5 epoch=3/3 loss=0.2412 l2=0.2000 label_smoothing=0.000
D step=2/5 epoch=1/3 loss=0.3456 l2=0.2000 label_smoothing=0.000
D step=2/5 epoch=2/3 loss=0.3253 l2=0.2000 label_smoothing=0.000
D step=2/5 epoch=3/3 loss=0.3086 l2=0.2000 label_smoothing=0.000
D step=3/5 epoch=1/3 loss=0.2991 l2=0.2000 label_smoothing=0.000
D step=3/5 epoch=2/3 loss=0.3095 l2=0.2000 label_smoothing=0.000
D step=3/5 epoch=3/3 loss=0.2979 l2=0.2000 label_smoothing=0.000
D step=4/5 epoch=1/3 loss=0.3141 l2=0.2000 label_smoothing=0.000
D step=4/5 epoch=2/3 loss=0.3232 l2=0.2000 label_smoothing=0.000
D step=4/5 epoch=3/3 loss=0.3114 l2=0.2000 label_smoothing=0.000
D step=5/5 epoch=1/3 loss=0.3115 l2=0.2000 label_smoothing=0.000
D step=5/5 epoch=2/3 loss=0.2996 l2=0.2000 label_smoothing=0.000
D step=5/5 epoch=3/3 loss=0.2905 l2=0.2000 label_smoothing=0.000
ADV epoch=3/200 g_loss=0.0190 d_loss=0.3058 reward=0.1416 reward_var=0.0277 unique=0.5800
D step=1/5 epoch=1/3 loss=0.3188 l2=0.2000 label_smoothing=0.000
D step=1/5 epoch=2/3 loss=0.3066 l2=0.2000 label_smoothing=0.000
D step=1/5 epoch=3/3 loss=0.2898 l2=0.2000 label_smoothing=0.000
D step=2/5 epoch=1/3 loss=0.3365 l2=0.2000 label_smoothing=0.000
D step=2/5 epoch=2/3 loss=0.3097 l2=0.2000 label_smoothing=0.000
D step=2/5 epoch=3/3 loss=0.3185 l2=0.2000 label_smoothing=0.000
D step=3/5 epoch=1/3 loss=0.3662 l2=0.2000 label_smoothing=0.000
D step=3/5 epoch=2/3 loss=0.3500 l2=0.2000 label_smoothing=0.000
D step=3/5 epoch=3/3 loss=0.3248 l2=0.2000 label_smoothing=0.000
D step=4/5 epoch=1/3 loss=0.3879 l2=0.2000 label_smoothing=0.000
D step=4/5 epoch=2/3 loss=0.3580 l2=0.2000 label_smoothing=0.000
D step=4/5 epoch=3/3 loss=0.3791 l2=0.2000 label_smoothing=0.000
D step=5/5 epoch=1/3 loss=0.3304 l2=0.2000 label_smoothing=0.000
D step=5/5 epoch=2/3 loss=0.3176 l2=0.2000 label_smoothing=0.000
D step=5/5 epoch=3/3 loss=0.3230 l2=0.2000 label_smoothing=0.000
ADV epoch=4/200 g_loss=0.0223 d_loss=0.3344 reward=0.1657 reward_var=0.0364 unique=0.7400
D step=1/5 epoch=1/3 loss=0.4161 l2=0.2000 label_smoothing=0.000
D step=1/5 epoch=2/3 loss=0.3323 l2=0.2000 label_smoothing=0.000
D step=1/5 epoch=3/3 loss=0.3603 l2=0.2000 label_smoothing=0.000
D step=2/5 epoch=1/3 loss=0.3682 l2=0.2000 label_smoothing=0.000
D step=2/5 epoch=2/3 loss=0.3638 l2=0.2000 label_smoothing=0.000
D step=2/5 epoch=3/3 loss=0.3441 l2=0.2000 label_smoothing=0.000
D step=3/5 epoch=1/3 loss=0.3313 l2=0.2000 label_smoothing=0.000
D step=3/5 epoch=2/3 loss=0.3454 l2=0.2000 label_smoothing=0.000
D step=3/5 epoch=3/3 loss=0.3078 l2=0.2000 label_smoothing=0.000
D step=4/5 epoch=1/3 loss=0.3403 l2=0.2000 label_smoothing=0.000
D step=4/5 epoch=2/3 loss=0.3433 l2=0.2000 label_smoothing=0.000
D step=4/5 epoch=3/3 loss=0.3308 l2=0.2000 label_smoothing=0.000
D step=5/5 epoch=1/3 loss=0.3159 l2=0.2000 label_smoothing=0.000
D step=5/5 epoch=2/3 loss=0.3172 l2=0.2000 label_smoothing=0.000
D step=5/5 epoch=3/3 loss=0.3219 l2=0.2000 label_smoothing=0.000
ADV epoch=5/200 g_loss=0.0317 d_loss=0.3426 reward=0.2307 reward_var=0.0553 unique=0.6800
D step=1/5 epoch=1/3 loss=0.3320 l2=0.2000 label_smoothing=0.000
D step=1/5 epoch=2/3 loss=0.3807 l2=0.2000 label_smoothing=0.000
D step=1/5 epoch=3/3 loss=0.3341 l2=0.2000 label_smoothing=0.000
D step=2/5 epoch=1/3 loss=0.3391 l2=0.2000 label_smoothing=0.000
D step=2/5 epoch=2/3 loss=0.3395 l2=0.2000 label_smoothing=0.000
D step=2/5 epoch=3/3 loss=0.3436 l2=0.2000 label_smoothing=0.000
D step=3/5 epoch=1/3 loss=0.3080 l2=0.2000 label_smoothing=0.000
D step=3/5 epoch=2/3 loss=0.3101 l2=0.2000 label_smoothing=0.000
D step=3/5 epoch=3/3 loss=0.3171 l2=0.2000 label_smoothing=0.000
D step=4/5 epoch=1/3 loss=0.3266 l2=0.2000 label_smoothing=0.000
D step=4/5 epoch=2/3 loss=0.3298 l2=0.2000 label_smoothing=0.000
D step=4/5 epoch=3/3 loss=0.3382 l2=0.2000 label_smoothing=0.000
D step=5/5 epoch=1/3 loss=0.2898 l2=0.2000 label_smoothing=0.000
D step=5/5 epoch=2/3 loss=0.2924 l2=0.2000 label_smoothing=0.000
D step=5/5 epoch=3/3 loss=0.2978 l2=0.2000 label_smoothing=0.000
ADV epoch=6/200 g_loss=0.0169 d_loss=0.3253 reward=0.1501 reward_var=0.0238 unique=0.6200
D step=1/5 epoch=1/3 loss=0.4190 l2=0.2000 label_smoothing=0.000
D step=1/5 epoch=2/3 loss=0.4012 l2=0.2000 label_smoothing=0.000
D step=1/5 epoch=3/3 loss=0.3820 l2=0.2000 label_smoothing=0.000
D step=2/5 epoch=1/3 loss=0.3933 l2=0.2000 label_smoothing=0.000
D step=2/5 epoch=2/3 loss=0.3844 l2=0.2000 label_smoothing=0.000
D step=2/5 epoch=3/3 loss=0.3336 l2=0.2000 label_smoothing=0.000
D step=3/5 epoch=1/3 loss=0.4447 l2=0.2000 label_smoothing=0.000
D step=3/5 epoch=2/3 loss=0.4037 l2=0.2000 label_smoothing=0.000
D step=3/5 epoch=3/3 loss=0.3899 l2=0.2000 label_smoothing=0.000
D step=4/5 epoch=1/3 loss=0.3424 l2=0.2000 label_smoothing=0.000
D step=4/5 epoch=2/3 loss=0.2994 l2=0.2000 label_smoothing=0.000
D step=4/5 epoch=3/3 loss=0.3326 l2=0.2000 label_smoothing=0.000
D step=5/5 epoch=1/3 loss=0.3060 l2=0.2000 label_smoothing=0.000
D step=5/5 epoch=2/3 loss=0.2848 l2=0.2000 label_smoothing=0.000
D step=5/5 epoch=3/3 loss=0.2973 l2=0.2000 label_smoothing=0.000
ADV epoch=7/200 g_loss=0.0177 d_loss=0.3610 reward=0.2417 reward_var=0.0388 unique=0.5800
D step=1/5 epoch=1/3 loss=0.4030 l2=0.2000 label_smoothing=0.000
D step=1/5 epoch=2/3 loss=0.3836 l2=0.2000 label_smoothing=0.000
D step=1/5 epoch=3/3 loss=0.4047 l2=0.2000 label_smoothing=0.000
D step=2/5 epoch=1/3 loss=0.4010 l2=0.2000 label_smoothing=0.000
D step=2/5 epoch=2/3 loss=0.3964 l2=0.2000 label_smoothing=0.000
D step=2/5 epoch=3/3 loss=0.3866 l2=0.2000 label_smoothing=0.000
D step=3/5 epoch=1/3 loss=0.3489 l2=0.2000 label_smoothing=0.000
D step=3/5 epoch=2/3 loss=0.3395 l2=0.2000 label_smoothing=0.000
D step=3/5 epoch=3/3 loss=0.3442 l2=0.2000 label_smoothing=0.000
D step=4/5 epoch=1/3 loss=0.4406 l2=0.2000 label_smoothing=0.000
D step=4/5 epoch=2/3 loss=0.4174 l2=0.2000 label_smoothing=0.000
D step=4/5 epoch=3/3 loss=0.4031 l2=0.2000 label_smoothing=0.000
D step=5/5 epoch=1/3 loss=0.3835 l2=0.2000 label_smoothing=0.000
D step=5/5 epoch=2/3 loss=0.4090 l2=0.2000 label_smoothing=0.000
D step=5/5 epoch=3/3 loss=0.4037 l2=0.2000 label_smoothing=0.000
ADV epoch=8/200 g_loss=0.0171 d_loss=0.3910 reward=0.2380 reward_var=0.0292 unique=0.4200
D step=1/5 epoch=1/3 loss=0.4489 l2=0.2000 label_smoothing=0.000
D step=1/5 epoch=2/3 loss=0.3474 l2=0.2000 label_smoothing=0.000
D step=1/5 epoch=3/3 loss=0.3876 l2=0.2000 label_smoothing=0.000
D step=2/5 epoch=1/3 loss=0.4165 l2=0.2000 label_smoothing=0.000
D step=2/5 epoch=2/3 loss=0.4192 l2=0.2000 label_smoothing=0.000
D step=2/5 epoch=3/3 loss=0.3944 l2=0.2000 label_smoothing=0.000
D step=3/5 epoch=1/3 loss=0.3937 l2=0.2000 label_smoothing=0.000
D step=3/5 epoch=2/3 loss=0.3777 l2=0.2000 label_smoothing=0.000
D step=3/5 epoch=3/3 loss=0.3866 l2=0.2000 label_smoothing=0.000
D step=4/5 epoch=1/3 loss=0.3621 l2=0.2000 label_smoothing=0.000
D step=4/5 epoch=2/3 loss=0.3819 l2=0.2000 label_smoothing=0.000
D step=4/5 epoch=3/3 loss=0.3678 l2=0.2000 label_smoothing=0.000
D step=5/5 epoch=1/3 loss=0.3667 l2=0.2000 label_smoothing=0.000
D step=5/5 epoch=2/3 loss=0.3677 l2=0.2000 label_smoothing=0.000
D step=5/5 epoch=3/3 loss=0.3795 l2=0.2000 label_smoothing=0.000
ADV epoch=9/200 g_loss=0.0089 d_loss=0.3865 reward=0.1880 reward_var=0.0202 unique=0.4000
D step=1/5 epoch=1/3 loss=0.3727 l2=0.2000 label_smoothing=0.000
D step=1/5 epoch=2/3 loss=0.3625 l2=0.2000 label_smoothing=0.000
D step=1/5 epoch=3/3 loss=0.3643 l2=0.2000 label_smoothing=0.000
D step=2/5 epoch=1/3 loss=0.3443 l2=0.2000 label_smoothing=0.000
D step=2/5 epoch=2/3 loss=0.3351 l2=0.2000 label_smoothing=0.000
D step=2/5 epoch=3/3 loss=0.3511 l2=0.2000 label_smoothing=0.000
D step=3/5 epoch=1/3 loss=0.4038 l2=0.2000 label_smoothing=0.000
D step=3/5 epoch=2/3 loss=0.3753 l2=0.2000 label_smoothing=0.000
D step=3/5 epoch=3/3 loss=0.4030 l2=0.2000 label_smoothing=0.000
D step=4/5 epoch=1/3 loss=0.3959 l2=0.2000 label_smoothing=0.000
D step=4/5 epoch=2/3 loss=0.3948 l2=0.2000 label_smoothing=0.000
D step=4/5 epoch=3/3 loss=0.4009 l2=0.2000 label_smoothing=0.000
D step=5/5 epoch=1/3 loss=0.3593 l2=0.2000 label_smoothing=0.000
D step=5/5 epoch=2/3 loss=0.3493 l2=0.2000 label_smoothing=0.000
D step=5/5 epoch=3/3 loss=0.3502 l2=0.2000 label_smoothing=0.000
ADV epoch=10/200 g_loss=0.0104 d_loss=0.3708 reward=0.2158 reward_var=0.0237 unique=0.3800
D step=1/5 epoch=1/3 loss=0.5182 l2=0.2000 label_smoothing=0.000
D step=1/5 epoch=2/3 loss=0.4100 l2=0.2000 label_smoothing=0.000
D step=1/5 epoch=3/3 loss=0.4302 l2=0.2000 label_smoothing=0.000
D step=2/5 epoch=1/3 loss=0.4680 l2=0.2000 label_smoothing=0.000
D step=2/5 epoch=2/3 loss=0.3824 l2=0.2000 label_smoothing=0.000
D step=2/5 epoch=3/3 loss=0.4150 l2=0.2000 label_smoothing=0.000
D step=3/5 epoch=1/3 loss=0.4453 l2=0.2000 label_smoothing=0.000
D step=3/5 epoch=2/3 loss=0.4034 l2=0.2000 label_smoothing=0.000
D step=3/5 epoch=3/3 loss=0.4191 l2=0.2000 label_smoothing=0.000
D step=4/5 epoch=1/3 loss=0.4109 l2=0.2000 label_smoothing=0.000
D step=4/5 epoch=2/3 loss=0.4165 l2=0.2000 label_smoothing=0.000
D step=4/5 epoch=3/3 loss=0.4057 l2=0.2000 label_smoothing=0.000
D step=5/5 epoch=1/3 loss=0.3602 l2=0.2000 label_smoothing=0.000
D step=5/5 epoch=2/3 loss=0.3357 l2=0.2000 label_smoothing=0.000
D step=5/5 epoch=3/3 loss=0.3516 l2=0.2000 label_smoothing=0.000
ADV epoch=11/200 g_loss=0.0077 d_loss=0.4115 reward=0.2462 reward_var=0.0174 unique=0.3000
D step=1/5 epoch=1/3 loss=0.4028 l2=0.2000 label_smoothing=0.000
D step=1/5 epoch=2/3 loss=0.4108 l2=0.2000 label_smoothing=0.000
D step=1/5 epoch=3/3 loss=0.4086 l2=0.2000 label_smoothing=0.000
D step=2/5 epoch=1/3 loss=0.3634 l2=0.2000 label_smoothing=0.000
D step=2/5 epoch=2/3 loss=0.3825 l2=0.2000 label_smoothing=0.000
D step=2/5 epoch=3/3 loss=0.3476 l2=0.2000 label_smoothing=0.000
D step=3/5 epoch=1/3 loss=0.3682 l2=0.2000 label_smoothing=0.000
D step=3/5 epoch=2/3 loss=0.3600 l2=0.2000 label_smoothing=0.000
D step=3/5 epoch=3/3 loss=0.3628 l2=0.2000 label_smoothing=0.000
D step=4/5 epoch=1/3 loss=0.3467 l2=0.2000 label_smoothing=0.000
D step=4/5 epoch=2/3 loss=0.3494 l2=0.2000 label_smoothing=0.000
D step=4/5 epoch=3/3 loss=0.3423 l2=0.2000 label_smoothing=0.000
D step=5/5 epoch=1/3 loss=0.4126 l2=0.2000 label_smoothing=0.000
D step=5/5 epoch=2/3 loss=0.4006 l2=0.2000 label_smoothing=0.000
D step=5/5 epoch=3/3 loss=0.4079 l2=0.2000 label_smoothing=0.000
ADV epoch=12/200 g_loss=0.0069 d_loss=0.3778 reward=0.2259 reward_var=0.0169 unique=0.4600
D step=1/5 epoch=1/3 loss=0.4863 l2=0.2000 label_smoothing=0.000
D step=1/5 epoch=2/3 loss=0.4255 l2=0.2000 label_smoothing=0.000
D step=1/5 epoch=3/3 loss=0.4464 l2=0.2000 label_smoothing=0.000
D step=2/5 epoch=1/3 loss=0.4423 l2=0.2000 label_smoothing=0.000
D step=2/5 epoch=2/3 loss=0.4421 l2=0.2000 label_smoothing=0.000
D step=2/5 epoch=3/3 loss=0.4317 l2=0.2000 label_smoothing=0.000
D step=3/5 epoch=1/3 loss=0.3947 l2=0.2000 label_smoothing=0.000
D step=3/5 epoch=2/3 loss=0.3977 l2=0.2000 label_smoothing=0.000
D step=3/5 epoch=3/3 loss=0.4044 l2=0.2000 label_smoothing=0.000
D step=4/5 epoch=1/3 loss=0.4062 l2=0.2000 label_smoothing=0.000
D step=4/5 epoch=2/3 loss=0.4138 l2=0.2000 label_smoothing=0.000
D step=4/5 epoch=3/3 loss=0.4067 l2=0.2000 label_smoothing=0.000
D step=5/5 epoch=1/3 loss=0.3533 l2=0.2000 label_smoothing=0.000
D step=5/5 epoch=2/3 loss=0.3643 l2=0.2000 label_smoothing=0.000
D step=5/5 epoch=3/3 loss=0.3756 l2=0.2000 label_smoothing=0.000
ADV epoch=13/200 g_loss=0.0079 d_loss=0.4127 reward=0.2576 reward_var=0.0122 unique=0.2800
D step=1/5 epoch=1/3 loss=0.4506 l2=0.2000 label_smoothing=0.000
D step=1/5 epoch=2/3 loss=0.3969 l2=0.2000 label_smoothing=0.000
D step=1/5 epoch=3/3 loss=0.4033 l2=0.2000 label_smoothing=0.000
D step=2/5 epoch=1/3 loss=0.4487 l2=0.2000 label_smoothing=0.000
D step=2/5 epoch=2/3 loss=0.4516 l2=0.2000 label_smoothing=0.000
D step=2/5 epoch=3/3 loss=0.4398 l2=0.2000 label_smoothing=0.000
D step=3/5 epoch=1/3 loss=0.4464 l2=0.2000 label_smoothing=0.000
D step=3/5 epoch=2/3 loss=0.4296 l2=0.2000 label_smoothing=0.000
D step=3/5 epoch=3/3 loss=0.4283 l2=0.2000 label_smoothing=0.000
D step=4/5 epoch=1/3 loss=0.4342 l2=0.2000 label_smoothing=0.000
D step=4/5 epoch=2/3 loss=0.4143 l2=0.2000 label_smoothing=0.000
D step=4/5 epoch=3/3 loss=0.4163 l2=0.2000 label_smoothing=0.000
D step=5/5 epoch=1/3 loss=0.4008 l2=0.2000 label_smoothing=0.000
D step=5/5 epoch=2/3 loss=0.4214 l2=0.2000 label_smoothing=0.000
D step=5/5 epoch=3/3 loss=0.4017 l2=0.2000 label_smoothing=0.000
ADV epoch=14/200 g_loss=0.0093 d_loss=0.4256 reward=0.2738 reward_var=0.0131 unique=0.2200
D step=1/5 epoch=1/3 loss=0.4144 l2=0.2000 label_smoothing=0.000
D step=1/5 epoch=2/3 loss=0.4076 l2=0.2000 label_smoothing=0.000
D step=1/5 epoch=3/3 loss=0.3998 l2=0.2000 label_smoothing=0.000
D step=2/5 epoch=1/3 loss=0.3987 l2=0.2000 label_smoothing=0.000
D step=2/5 epoch=2/3 loss=0.3936 l2=0.2000 label_smoothing=0.000
D step=2/5 epoch=3/3 loss=0.3967 l2=0.2000 label_smoothing=0.000
D step=3/5 epoch=1/3 loss=0.4129 l2=0.2000 label_smoothing=0.000
D step=3/5 epoch=2/3 loss=0.3976 l2=0.2000 label_smoothing=0.000
D step=3/5 epoch=3/3 loss=0.4131 l2=0.2000 label_smoothing=0.000
D step=4/5 epoch=1/3 loss=0.4057 l2=0.2000 label_smoothing=0.000
D step=4/5 epoch=2/3 loss=0.4144 l2=0.2000 label_smoothing=0.000
D step=4/5 epoch=3/3 loss=0.3940 l2=0.2000 label_smoothing=0.000
D step=5/5 epoch=1/3 loss=0.3991 l2=0.2000 label_smoothing=0.000
D step=5/5 epoch=2/3 loss=0.3986 l2=0.2000 label_smoothing=0.000
D step=5/5 epoch=3/3 loss=0.3808 l2=0.2000 label_smoothing=0.000
ADV epoch=15/200 g_loss=0.0072 d_loss=0.4018 reward=0.2659 reward_var=0.0253 unique=0.2800
D step=1/5 epoch=1/3 loss=0.4685 l2=0.2000 label_smoothing=0.000
D step=1/5 epoch=2/3 loss=0.4252 l2=0.2000 label_smoothing=0.000
D step=1/5 epoch=3/3 loss=0.4341 l2=0.2000 label_smoothing=0.000
D step=2/5 epoch=1/3 loss=0.3742 l2=0.2000 label_smoothing=0.000
D step=2/5 epoch=2/3 loss=0.3743 l2=0.2000 label_smoothing=0.000
D step=2/5 epoch=3/3 loss=0.3681 l2=0.2000 label_smoothing=0.000
D step=3/5 epoch=1/3 loss=0.3831 l2=0.2000 label_smoothing=0.000
D step=3/5 epoch=2/3 loss=0.3912 l2=0.2000 label_smoothing=0.000
D step=3/5 epoch=3/3 loss=0.3736 l2=0.2000 label_smoothing=0.000
D step=4/5 epoch=1/3 loss=0.3822 l2=0.2000 label_smoothing=0.000
D step=4/5 epoch=2/3 loss=0.3921 l2=0.2000 label_smoothing=0.000
D step=4/5 epoch=3/3 loss=0.3996 l2=0.2000 label_smoothing=0.000
D step=5/5 epoch=1/3 loss=0.4215 l2=0.2000 label_smoothing=0.000
D step=5/5 epoch=2/3 loss=0.4197 l2=0.2000 label_smoothing=0.000
D step=5/5 epoch=3/3 loss=0.4120 l2=0.2000 label_smoothing=0.000
ADV epoch=16/200 g_loss=0.0041 d_loss=0.4013 reward=0.2575 reward_var=0.0103 unique=0.2800
D step=1/5 epoch=1/3 loss=0.4388 l2=0.2000 label_smoothing=0.000
D step=1/5 epoch=2/3 loss=0.3935 l2=0.2000 label_smoothing=0.000
D step=1/5 epoch=3/3 loss=0.4178 l2=0.2000 label_smoothing=0.000
D step=2/5 epoch=1/3 loss=0.4177 l2=0.2000 label_smoothing=0.000
D step=2/5 epoch=2/3 loss=0.4112 l2=0.2000 label_smoothing=0.000
D step=2/5 epoch=3/3 loss=0.4249 l2=0.2000 label_smoothing=0.000
D step=3/5 epoch=1/3 loss=0.4166 l2=0.2000 label_smoothing=0.000
D step=3/5 epoch=2/3 loss=0.3994 l2=0.2000 label_smoothing=0.000
D step=3/5 epoch=3/3 loss=0.4138 l2=0.2000 label_smoothing=0.000
D step=4/5 epoch=1/3 loss=0.4046 l2=0.2000 label_smoothing=0.000
D step=4/5 epoch=2/3 loss=0.4126 l2=0.2000 label_smoothing=0.000
D step=4/5 epoch=3/3 loss=0.4232 l2=0.2000 label_smoothing=0.000
D step=5/5 epoch=1/3 loss=0.3947 l2=0.2000 label_smoothing=0.000
D step=5/5 epoch=2/3 loss=0.4104 l2=0.2000 label_smoothing=0.000
D step=5/5 epoch=3/3 loss=0.4077 l2=0.2000 label_smoothing=0.000
ADV epoch=17/200 g_loss=0.0063 d_loss=0.4124 reward=0.2754 reward_var=0.0148 unique=0.2200
D step=1/5 epoch=1/3 loss=0.4775 l2=0.2000 label_smoothing=0.000
D step=1/5 epoch=2/3 loss=0.4341 l2=0.2000 label_smoothing=0.000
D step=1/5 epoch=3/3 loss=0.4119 l2=0.2000 label_smoothing=0.000
D step=2/5 epoch=1/3 loss=0.4308 l2=0.2000 label_smoothing=0.000
D step=2/5 epoch=2/3 loss=0.4343 l2=0.2000 label_smoothing=0.000
D step=2/5 epoch=3/3 loss=0.4257 l2=0.2000 label_smoothing=0.000
D step=3/5 epoch=1/3 loss=0.3892 l2=0.2000 label_smoothing=0.000
D step=3/5 epoch=2/3 loss=0.4044 l2=0.2000 label_smoothing=0.000
D step=3/5 epoch=3/3 loss=0.3894 l2=0.2000 label_smoothing=0.000
D step=4/5 epoch=1/3 loss=0.4016 l2=0.2000 label_smoothing=0.000
D step=4/5 epoch=2/3 loss=0.3994 l2=0.2000 label_smoothing=0.000
D step=4/5 epoch=3/3 loss=0.3870 l2=0.2000 label_smoothing=0.000
D step=5/5 epoch=1/3 loss=0.4146 l2=0.2000 label_smoothing=0.000
D step=5/5 epoch=2/3 loss=0.4315 l2=0.2000 label_smoothing=0.000
D step=5/5 epoch=3/3 loss=0.4198 l2=0.2000 label_smoothing=0.000
ADV epoch=18/200 g_loss=0.0035 d_loss=0.4167 reward=0.2444 reward_var=0.0098 unique=0.1800
D step=1/5 epoch=1/3 loss=0.4281 l2=0.2000 label_smoothing=0.000
D step=1/5 epoch=2/3 loss=0.4061 l2=0.2000 label_smoothing=0.000
D step=1/5 epoch=3/3 loss=0.4232 l2=0.2000 label_smoothing=0.000
D step=2/5 epoch=1/3 loss=0.4323 l2=0.2000 label_smoothing=0.000
D step=2/5 epoch=2/3 loss=0.4281 l2=0.2000 label_smoothing=0.000
D step=2/5 epoch=3/3 loss=0.4216 l2=0.2000 label_smoothing=0.000
D step=3/5 epoch=1/3 loss=0.4083 l2=0.2000 label_smoothing=0.000
D step=3/5 epoch=2/3 loss=0.4056 l2=0.2000 label_smoothing=0.000
D step=3/5 epoch=3/3 loss=0.3935 l2=0.2000 label_smoothing=0.000
D step=4/5 epoch=1/3 loss=0.4304 l2=0.2000 label_smoothing=0.000
D step=4/5 epoch=2/3 loss=0.4269 l2=0.2000 label_smoothing=0.000
D step=4/5 epoch=3/3 loss=0.4423 l2=0.2000 label_smoothing=0.000
D step=5/5 epoch=1/3 loss=0.4076 l2=0.2000 label_smoothing=0.000
D step=5/5 epoch=2/3 loss=0.4002 l2=0.2000 label_smoothing=0.000
D step=5/5 epoch=3/3 loss=0.4180 l2=0.2000 label_smoothing=0.000
ADV epoch=19/200 g_loss=0.0029 d_loss=0.4181 reward=0.2359 reward_var=0.0083 unique=0.1200
D step=1/5 epoch=1/3 loss=0.4106 l2=0.2000 label_smoothing=0.000
D step=1/5 epoch=2/3 loss=0.4160 l2=0.2000 label_smoothing=0.000
D step=1/5 epoch=3/3 loss=0.4195 l2=0.2000 label_smoothing=0.000
D step=2/5 epoch=1/3 loss=0.4397 l2=0.2000 label_smoothing=0.000
D step=2/5 epoch=2/3 loss=0.4192 l2=0.2000 label_smoothing=0.000
D step=2/5 epoch=3/3 loss=0.4236 l2=0.2000 label_smoothing=0.000
D step=3/5 epoch=1/3 loss=0.4044 l2=0.2000 label_smoothing=0.000
D step=3/5 epoch=2/3 loss=0.4161 l2=0.2000 label_smoothing=0.000
D step=3/5 epoch=3/3 loss=0.3971 l2=0.2000 label_smoothing=0.000
D step=4/5 epoch=1/3 loss=0.4082 l2=0.2000 label_smoothing=0.000
D step=4/5 epoch=2/3 loss=0.4226 l2=0.2000 label_smoothing=0.000
D step=4/5 epoch=3/3 loss=0.4017 l2=0.2000 label_smoothing=0.000
D step=5/5 epoch=1/3 loss=0.4101 l2=0.2000 label_smoothing=0.000
D step=5/5 epoch=2/3 loss=0.4237 l2=0.2000 label_smoothing=0.000
D step=5/5 epoch=3/3 loss=0.4292 l2=0.2000 label_smoothing=0.000
ADV epoch=20/200 g_loss=0.0045 d_loss=0.4161 reward=0.2035 reward_var=0.0073 unique=0.1800
D step=1/5 epoch=1/3 loss=0.3980 l2=0.2000 label_smoothing=0.000
D step=1/5 epoch=2/3 loss=0.4078 l2=0.2000 label_smoothing=0.000
D step=1/5 epoch=3/3 loss=0.3897 l2=0.2000 label_smoothing=0.000
D step=2/5 epoch=1/3 loss=0.4005 l2=0.2000 label_smoothing=0.000
D step=2/5 epoch=2/3 loss=0.4038 l2=0.2000 label_smoothing=0.000
D step=2/5 epoch=3/3 loss=0.3939 l2=0.2000 label_smoothing=0.000
D step=3/5 epoch=1/3 loss=0.4057 l2=0.2000 label_smoothing=0.000
D step=3/5 epoch=2/3 loss=0.4216 l2=0.2000 label_smoothing=0.000
D step=3/5 epoch=3/3 loss=0.4085 l2=0.2000 label_smoothing=0.000
D step=4/5 epoch=1/3 loss=0.4507 l2=0.2000 label_smoothing=0.000
D step=4/5 epoch=2/3 loss=0.4530 l2=0.2000 label_smoothing=0.000
D step=4/5 epoch=3/3 loss=0.4595 l2=0.2000 label_smoothing=0.000
D step=5/5 epoch=1/3 loss=0.4185 l2=0.2000 label_smoothing=0.000
D step=5/5 epoch=2/3 loss=0.4144 l2=0.2000 label_smoothing=0.000
D step=5/5 epoch=3/3 loss=0.4045 l2=0.2000 label_smoothing=0.000
ADV epoch=21/200 g_loss=0.0027 d_loss=0.4153 reward=0.2649 reward_var=0.0048 unique=0.1800
D step=1/5 epoch=1/3 loss=0.4039 l2=0.2000 label_smoothing=0.000
D step=1/5 epoch=2/3 loss=0.4074 l2=0.2000 label_smoothing=0.000
D step=1/5 epoch=3/3 loss=0.4076 l2=0.2000 label_smoothing=0.000
D step=2/5 epoch=1/3 loss=0.4382 l2=0.2000 label_smoothing=0.000
D step=2/5 epoch=2/3 loss=0.4359 l2=0.2000 label_smoothing=0.000
D step=2/5 epoch=3/3 loss=0.4520 l2=0.2000 label_smoothing=0.000
D step=3/5 epoch=1/3 loss=0.4109 l2=0.2000 label_smoothing=0.000
D step=3/5 epoch=2/3 loss=0.4074 l2=0.2000 label_smoothing=0.000
D step=3/5 epoch=3/3 loss=0.4168 l2=0.2000 label_smoothing=0.000
D step=4/5 epoch=1/3 loss=0.4630 l2=0.2000 label_smoothing=0.000
D step=4/5 epoch=2/3 loss=0.4253 l2=0.2000 label_smoothing=0.000
D step=4/5 epoch=3/3 loss=0.4539 l2=0.2000 label_smoothing=0.000
D step=5/5 epoch=1/3 loss=0.3989 l2=0.2000 label_smoothing=0.000
D step=5/5 epoch=2/3 loss=0.3868 l2=0.2000 label_smoothing=0.000
D step=5/5 epoch=3/3 loss=0.3827 l2=0.2000 label_smoothing=0.000
ADV epoch=22/200 g_loss=0.0031 d_loss=0.4194 reward=0.2778 reward_var=0.0032 unique=0.1000
D step=1/5 epoch=1/3 loss=0.4430 l2=0.2000 label_smoothing=0.000
D step=1/5 epoch=2/3 loss=0.4347 l2=0.2000 label_smoothing=0.000
D step=1/5 epoch=3/3 loss=0.4277 l2=0.2000 label_smoothing=0.000
D step=2/5 epoch=1/3 loss=0.4045 l2=0.2000 label_smoothing=0.000
D step=2/5 epoch=2/3 loss=0.4208 l2=0.2000 label_smoothing=0.000
D step=2/5 epoch=3/3 loss=0.4000 l2=0.2000 label_smoothing=0.000
D step=3/5 epoch=1/3 loss=0.4243 l2=0.2000 label_smoothing=0.000
D step=3/5 epoch=2/3 loss=0.4069 l2=0.2000 label_smoothing=0.000
D step=3/5 epoch=3/3 loss=0.4090 l2=0.2000 label_smoothing=0.000
D step=4/5 epoch=1/3 loss=0.4062 l2=0.2000 label_smoothing=0.000
D step=4/5 epoch=2/3 loss=0.4120 l2=0.2000 label_smoothing=0.000
D step=4/5 epoch=3/3 loss=0.4169 l2=0.2000 label_smoothing=0.000
D step=5/5 epoch=1/3 loss=0.4267 l2=0.2000 label_smoothing=0.000
D step=5/5 epoch=2/3 loss=0.4226 l2=0.2000 label_smoothing=0.000
D step=5/5 epoch=3/3 loss=0.4317 l2=0.2000 label_smoothing=0.000
ADV epoch=23/200 g_loss=0.0020 d_loss=0.4191 reward=0.2337 reward_var=0.0040 unique=0.1800
D step=1/5 epoch=1/3 loss=0.4191 l2=0.2000 label_smoothing=0.000
D step=1/5 epoch=2/3 loss=0.4046 l2=0.2000 label_smoothing=0.000
D step=1/5 epoch=3/3 loss=0.3877 l2=0.2000 label_smoothing=0.000
D step=2/5 epoch=1/3 loss=0.4131 l2=0.2000 label_smoothing=0.000
D step=2/5 epoch=2/3 loss=0.4074 l2=0.2000 label_smoothing=0.000
D step=2/5 epoch=3/3 loss=0.4140 l2=0.2000 label_smoothing=0.000
D step=3/5 epoch=1/3 loss=0.4090 l2=0.2000 label_smoothing=0.000
D step=3/5 epoch=2/3 loss=0.3853 l2=0.2000 label_smoothing=0.000
D step=3/5 epoch=3/3 loss=0.3898 l2=0.2000 label_smoothing=0.000
D step=4/5 epoch=1/3 loss=0.4368 l2=0.2000 label_smoothing=0.000
D step=4/5 epoch=2/3 loss=0.4476 l2=0.2000 label_smoothing=0.000
D step=4/5 epoch=3/3 loss=0.4475 l2=0.2000 label_smoothing=0.000
D step=5/5 epoch=1/3 loss=0.4279 l2=0.2000 label_smoothing=0.000
D step=5/5 epoch=2/3 loss=0.4193 l2=0.2000 label_smoothing=0.000
D step=5/5 epoch=3/3 loss=0.4262 l2=0.2000 label_smoothing=0.000
ADV epoch=24/200 g_loss=0.0034 d_loss=0.4157 reward=0.3107 reward_var=0.0078 unique=0.2200
D step=1/5 epoch=1/3 loss=0.3666 l2=0.2000 label_smoothing=0.000
D step=1/5 epoch=2/3 loss=0.3901 l2=0.2000 label_smoothing=0.000
D step=1/5 epoch=3/3 loss=0.3785 l2=0.2000 label_smoothing=0.000
D step=2/5 epoch=1/3 loss=0.4118 l2=0.2000 label_smoothing=0.000
D step=2/5 epoch=2/3 loss=0.4146 l2=0.2000 label_smoothing=0.000
D step=2/5 epoch=3/3 loss=0.4169 l2=0.2000 label_smoothing=0.000
D step=3/5 epoch=1/3 loss=0.4366 l2=0.2000 label_smoothing=0.000
D step=3/5 epoch=2/3 loss=0.4319 l2=0.2000 label_smoothing=0.000
D step=3/5 epoch=3/3 loss=0.4232 l2=0.2000 label_smoothing=0.000
D step=4/5 epoch=1/3 loss=0.4297 l2=0.2000 label_smoothing=0.000
D step=4/5 epoch=2/3 loss=0.4424 l2=0.2000 label_smoothing=0.000
D step=4/5 epoch=3/3 loss=0.4255 l2=0.2000 label_smoothing=0.000
D step=5/5 epoch=1/3 loss=0.4193 l2=0.2000 label_smoothing=0.000
D step=5/5 epoch=2/3 loss=0.4291 l2=0.2000 label_smoothing=0.000
D step=5/5 epoch=3/3 loss=0.4175 l2=0.2000 label_smoothing=0.000
ADV epoch=25/200 g_loss=0.0016 d_loss=0.4156 reward=0.2287 reward_var=0.0038 unique=0.1800
D step=1/5 epoch=1/3 loss=0.4322 l2=0.2000 label_smoothing=0.000
D step=1/5 epoch=2/3 loss=0.4158 l2=0.2000 label_smoothing=0.000
D step=1/5 epoch=3/3 loss=0.3954 l2=0.2000 label_smoothing=0.000
D step=2/5 epoch=1/3 loss=0.3834 l2=0.2000 label_smoothing=0.000
D step=2/5 epoch=2/3 loss=0.3934 l2=0.2000 label_smoothing=0.000
D step=2/5 epoch=3/3 loss=0.3900 l2=0.2000 label_smoothing=0.000
D step=3/5 epoch=1/3 loss=0.4280 l2=0.2000 label_smoothing=0.000
D step=3/5 epoch=2/3 loss=0.4220 l2=0.2000 label_smoothing=0.000
D step=3/5 epoch=3/3 loss=0.4029 l2=0.2000 label_smoothing=0.000
D step=4/5 epoch=1/3 loss=0.4222 l2=0.2000 label_smoothing=0.000
D step=4/5 epoch=2/3 loss=0.4198 l2=0.2000 label_smoothing=0.000
D step=4/5 epoch=3/3 loss=0.4193 l2=0.2000 label_smoothing=0.000
D step=5/5 epoch=1/3 loss=0.4173 l2=0.2000 label_smoothing=0.000
D step=5/5 epoch=2/3 loss=0.4252 l2=0.2000 label_smoothing=0.000
D step=5/5 epoch=3/3 loss=0.4231 l2=0.2000 label_smoothing=0.000
ADV epoch=26/200 g_loss=0.0015 d_loss=0.4127 reward=0.2227 reward_var=0.0026 unique=0.1800
D step=1/5 epoch=1/3 loss=0.4376 l2=0.2000 label_smoothing=0.000
D step=1/5 epoch=2/3 loss=0.4149 l2=0.2000 label_smoothing=0.000
D step=1/5 epoch=3/3 loss=0.4298 l2=0.2000 label_smoothing=0.000
D step=2/5 epoch=1/3 loss=0.3816 l2=0.2000 label_smoothing=0.000
D step=2/5 epoch=2/3 loss=0.3777 l2=0.2000 label_smoothing=0.000
D step=2/5 epoch=3/3 loss=0.3822 l2=0.2000 label_smoothing=0.000
D step=3/5 epoch=1/3 loss=0.4055 l2=0.2000 label_smoothing=0.000
D step=3/5 epoch=2/3 loss=0.4121 l2=0.2000 label_smoothing=0.000
D step=3/5 epoch=3/3 loss=0.3972 l2=0.2000 label_smoothing=0.000
D step=4/5 epoch=1/3 loss=0.4267 l2=0.2000 label_smoothing=0.000
D step=4/5 epoch=2/3 loss=0.4290 l2=0.2000 label_smoothing=0.000
D step=4/5 epoch=3/3 loss=0.4321 l2=0.2000 label_smoothing=0.000
D step=5/5 epoch=1/3 loss=0.4102 l2=0.2000 label_smoothing=0.000
D step=5/5 epoch=2/3 loss=0.4159 l2=0.2000 label_smoothing=0.000
D step=5/5 epoch=3/3 loss=0.3984 l2=0.2000 label_smoothing=0.000
ADV epoch=27/200 g_loss=0.0021 d_loss=0.4100 reward=0.3108 reward_var=0.0043 unique=0.1800
D step=1/5 epoch=1/3 loss=0.4022 l2=0.2000 label_smoothing=0.000
D step=1/5 epoch=2/3 loss=0.3877 l2=0.2000 label_smoothing=0.000
D step=1/5 epoch=3/3 loss=0.4026 l2=0.2000 label_smoothing=0.000
D step=2/5 epoch=1/3 loss=0.4552 l2=0.2000 label_smoothing=0.000
D step=2/5 epoch=2/3 loss=0.4727 l2=0.2000 label_smoothing=0.000
D step=2/5 epoch=3/3 loss=0.4650 l2=0.2000 label_smoothing=0.000
D step=3/5 epoch=1/3 loss=0.4126 l2=0.2000 label_smoothing=0.000
D step=3/5 epoch=2/3 loss=0.3924 l2=0.2000 label_smoothing=0.000
D step=3/5 epoch=3/3 loss=0.4043 l2=0.2000 label_smoothing=0.000
D step=4/5 epoch=1/3 loss=0.4518 l2=0.2000 label_smoothing=0.000
D step=4/5 epoch=2/3 loss=0.4404 l2=0.2000 label_smoothing=0.000
D step=4/5 epoch=3/3 loss=0.4203 l2=0.2000 label_smoothing=0.000
D step=5/5 epoch=1/3 loss=0.4410 l2=0.2000 label_smoothing=0.000
D step=5/5 epoch=2/3 loss=0.4358 l2=0.2000 label_smoothing=0.000
D step=5/5 epoch=3/3 loss=0.4288 l2=0.2000 label_smoothing=0.000
ADV epoch=28/200 g_loss=0.0020 d_loss=0.4275 reward=0.2352 reward_var=0.0043 unique=0.1000
D step=1/5 epoch=1/3 loss=0.4351 l2=0.2000 label_smoothing=0.000
D step=1/5 epoch=2/3 loss=0.4166 l2=0.2000 label_smoothing=0.000
D step=1/5 epoch=3/3 loss=0.4183 l2=0.2000 label_smoothing=0.000
D step=2/5 epoch=1/3 loss=0.4256 l2=0.2000 label_smoothing=0.000
D step=2/5 epoch=2/3 loss=0.4299 l2=0.2000 label_smoothing=0.000
D step=2/5 epoch=3/3 loss=0.4221 l2=0.2000 label_smoothing=0.000
D step=3/5 epoch=1/3 loss=0.4461 l2=0.2000 label_smoothing=0.000
D step=3/5 epoch=2/3 loss=0.4567 l2=0.2000 label_smoothing=0.000
D step=3/5 epoch=3/3 loss=0.4691 l2=0.2000 label_smoothing=0.000
D step=4/5 epoch=1/3 loss=0.4301 l2=0.2000 label_smoothing=0.000
D step=4/5 epoch=2/3 loss=0.4231 l2=0.2000 label_smoothing=0.000
D step=4/5 epoch=3/3 loss=0.4142 l2=0.2000 label_smoothing=0.000
D step=5/5 epoch=1/3 loss=0.4071 l2=0.2000 label_smoothing=0.000
D step=5/5 epoch=2/3 loss=0.4247 l2=0.2000 label_smoothing=0.000
D step=5/5 epoch=3/3 loss=0.4175 l2=0.2000 label_smoothing=0.000
ADV epoch=29/200 g_loss=0.0028 d_loss=0.4291 reward=0.2879 reward_var=0.0025 unique=0.1400
D step=1/5 epoch=1/3 loss=0.4287 l2=0.2000 label_smoothing=0.000
D step=1/5 epoch=2/3 loss=0.4278 l2=0.2000 label_smoothing=0.000
D step=1/5 epoch=3/3 loss=0.4293 l2=0.2000 label_smoothing=0.000
D step=2/5 epoch=1/3 loss=0.4156 l2=0.2000 label_smoothing=0.000
D step=2/5 epoch=2/3 loss=0.4062 l2=0.2000 label_smoothing=0.000
D step=2/5 epoch=3/3 loss=0.4111 l2=0.2000 label_smoothing=0.000
D step=3/5 epoch=1/3 loss=0.3939 l2=0.2000 label_smoothing=0.000
D step=3/5 epoch=2/3 loss=0.3872 l2=0.2000 label_smoothing=0.000
D step=3/5 epoch=3/3 loss=0.3980 l2=0.2000 label_smoothing=0.000
D step=4/5 epoch=1/3 loss=0.4011 l2=0.2000 label_smoothing=0.000
D step=4/5 epoch=2/3 loss=0.3892 l2=0.2000 label_smoothing=0.000
D step=4/5 epoch=3/3 loss=0.3910 l2=0.2000 label_smoothing=0.000
D step=5/5 epoch=1/3 loss=0.4224 l2=0.2000 label_smoothing=0.000
D step=5/5 epoch=2/3 loss=0.4348 l2=0.2000 label_smoothing=0.000
D step=5/5 epoch=3/3 loss=0.4308 l2=0.2000 label_smoothing=0.000
ADV epoch=30/200 g_loss=0.0013 d_loss=0.4111 reward=0.2660 reward_var=0.0030 unique=0.1400
D step=1/5 epoch=1/3 loss=0.4186 l2=0.2000 label_smoothing=0.000
D step=1/5 epoch=2/3 loss=0.4240 l2=0.2000 label_smoothing=0.000
D step=1/5 epoch=3/3 loss=0.4159 l2=0.2000 label_smoothing=0.000
D step=2/5 epoch=1/3 loss=0.4069 l2=0.2000 label_smoothing=0.000
D step=2/5 epoch=2/3 loss=0.4091 l2=0.2000 label_smoothing=0.000
D step=2/5 epoch=3/3 loss=0.4093 l2=0.2000 label_smoothing=0.000
D step=3/5 epoch=1/3 loss=0.4456 l2=0.2000 label_smoothing=0.000
D step=3/5 epoch=2/3 loss=0.4396 l2=0.2000 label_smoothing=0.000
D step=3/5 epoch=3/3 loss=0.4340 l2=0.2000 label_smoothing=0.000
D step=4/5 epoch=1/3 loss=0.4055 l2=0.2000 label_smoothing=0.000
D step=4/5 epoch=2/3 loss=0.4094 l2=0.2000 label_smoothing=0.000
D step=4/5 epoch=3/3 loss=0.3907 l2=0.2000 label_smoothing=0.000
D step=5/5 epoch=1/3 loss=0.4170 l2=0.2000 label_smoothing=0.000
D step=5/5 epoch=2/3 loss=0.4125 l2=0.2000 label_smoothing=0.000
D step=5/5 epoch=3/3 loss=0.4245 l2=0.2000 label_smoothing=0.000
ADV epoch=31/200 g_loss=0.0014 d_loss=0.4175 reward=0.2887 reward_var=0.0037 unique=0.1000
D step=1/5 epoch=1/3 loss=0.4465 l2=0.2000 label_smoothing=0.000
D step=1/5 epoch=2/3 loss=0.4611 l2=0.2000 label_smoothing=0.000
D step=1/5 epoch=3/3 loss=0.4566 l2=0.2000 label_smoothing=0.000
D step=2/5 epoch=1/3 loss=0.3998 l2=0.2000 label_smoothing=0.000
D step=2/5 epoch=2/3 loss=0.3934 l2=0.2000 label_smoothing=0.000
D step=2/5 epoch=3/3 loss=0.3829 l2=0.2000 label_smoothing=0.000
D step=3/5 epoch=1/3 loss=0.4114 l2=0.2000 label_smoothing=0.000
D step=3/5 epoch=2/3 loss=0.4143 l2=0.2000 label_smoothing=0.000
D step=3/5 epoch=3/3 loss=0.4059 l2=0.2000 label_smoothing=0.000
D step=4/5 epoch=1/3 loss=0.4226 l2=0.2000 label_smoothing=0.000
D step=4/5 epoch=2/3 loss=0.4344 l2=0.2000 label_smoothing=0.000
D step=4/5 epoch=3/3 loss=0.4274 l2=0.2000 label_smoothing=0.000
D step=5/5 epoch=1/3 loss=0.4118 l2=0.2000 label_smoothing=0.000
D step=5/5 epoch=2/3 loss=0.4184 l2=0.2000 label_smoothing=0.000
D step=5/5 epoch=3/3 loss=0.4202 l2=0.2000 label_smoothing=0.000
ADV epoch=32/200 g_loss=0.0013 d_loss=0.4204 reward=0.2972 reward_var=0.0020 unique=0.1600
D step=1/5 epoch=1/3 loss=0.4278 l2=0.2000 label_smoothing=0.000
D step=1/5 epoch=2/3 loss=0.4186 l2=0.2000 label_smoothing=0.000
D step=1/5 epoch=3/3 loss=0.4306 l2=0.2000 label_smoothing=0.000
D step=2/5 epoch=1/3 loss=0.4253 l2=0.2000 label_smoothing=0.000
D step=2/5 epoch=2/3 loss=0.4288 l2=0.2000 label_smoothing=0.000
D step=2/5 epoch=3/3 loss=0.4294 l2=0.2000 label_smoothing=0.000
D step=3/5 epoch=1/3 loss=0.4031 l2=0.2000 label_smoothing=0.000
D step=3/5 epoch=2/3 loss=0.4056 l2=0.2000 label_smoothing=0.000
D step=3/5 epoch=3/3 loss=0.4340 l2=0.2000 label_smoothing=0.000
D step=4/5 epoch=1/3 loss=0.4542 l2=0.2000 label_smoothing=0.000
D step=4/5 epoch=2/3 loss=0.4495 l2=0.2000 label_smoothing=0.000
D step=4/5 epoch=3/3 loss=0.4609 l2=0.2000 label_smoothing=0.000
D step=5/5 epoch=1/3 loss=0.4317 l2=0.2000 label_smoothing=0.000
D step=5/5 epoch=2/3 loss=0.4229 l2=0.2000 label_smoothing=0.000
D step=5/5 epoch=3/3 loss=0.4359 l2=0.2000 label_smoothing=0.000
ADV epoch=33/200 g_loss=0.0013 d_loss=0.4305 reward=0.3041 reward_var=0.0034 unique=0.1000
D step=1/5 epoch=1/3 loss=0.3885 l2=0.2000 label_smoothing=0.000
D step=1/5 epoch=2/3 loss=0.3957 l2=0.2000 label_smoothing=0.000
D step=1/5 epoch=3/3 loss=0.3903 l2=0.2000 label_smoothing=0.000
D step=2/5 epoch=1/3 loss=0.4523 l2=0.2000 label_smoothing=0.000
D step=2/5 epoch=2/3 loss=0.4350 l2=0.2000 label_smoothing=0.000
D step=2/5 epoch=3/3 loss=0.4364 l2=0.2000 label_smoothing=0.000
D step=3/5 epoch=1/3 loss=0.4271 l2=0.2000 label_smoothing=0.000
D step=3/5 epoch=2/3 loss=0.4068 l2=0.2000 label_smoothing=0.000
D step=3/5 epoch=3/3 loss=0.3976 l2=0.2000 label_smoothing=0.000
D step=4/5 epoch=1/3 loss=0.4322 l2=0.2000 label_smoothing=0.000
D step=4/5 epoch=2/3 loss=0.4293 l2=0.2000 label_smoothing=0.000
D step=4/5 epoch=3/3 loss=0.4334 l2=0.2000 label_smoothing=0.000
D step=5/5 epoch=1/3 loss=0.4409 l2=0.2000 label_smoothing=0.000
D step=5/5 epoch=2/3 loss=0.4484 l2=0.2000 label_smoothing=0.000
D step=5/5 epoch=3/3 loss=0.4505 l2=0.2000 label_smoothing=0.000
ADV epoch=34/200 g_loss=0.0010 d_loss=0.4243 reward=0.2503 reward_var=0.0044 unique=0.1600
D step=1/5 epoch=1/3 loss=0.4301 l2=0.2000 label_smoothing=0.000
D step=1/5 epoch=2/3 loss=0.4136 l2=0.2000 label_smoothing=0.000
D step=1/5 epoch=3/3 loss=0.4249 l2=0.2000 label_smoothing=0.000
D step=2/5 epoch=1/3 loss=0.4184 l2=0.2000 label_smoothing=0.000
D step=2/5 epoch=2/3 loss=0.4239 l2=0.2000 label_smoothing=0.000
D step=2/5 epoch=3/3 loss=0.4135 l2=0.2000 label_smoothing=0.000
D step=3/5 epoch=1/3 loss=0.4133 l2=0.2000 label_smoothing=0.000
D step=3/5 epoch=2/3 loss=0.4153 l2=0.2000 label_smoothing=0.000
D step=3/5 epoch=3/3 loss=0.3968 l2=0.2000 label_smoothing=0.000
D step=4/5 epoch=1/3 loss=0.4430 l2=0.2000 label_smoothing=0.000
D step=4/5 epoch=2/3 loss=0.4295 l2=0.2000 label_smoothing=0.000
D step=4/5 epoch=3/3 loss=0.4320 l2=0.2000 label_smoothing=0.000
D step=5/5 epoch=1/3 loss=0.4240 l2=0.2000 label_smoothing=0.000
D step=5/5 epoch=2/3 loss=0.4264 l2=0.2000 label_smoothing=0.000
D step=5/5 epoch=3/3 loss=0.4204 l2=0.2000 label_smoothing=0.000
ADV epoch=35/200 g_loss=0.0010 d_loss=0.4217 reward=0.2875 reward_var=0.0013 unique=0.0400
D step=1/5 epoch=1/3 loss=0.4240 l2=0.2000 label_smoothing=0.000
D step=1/5 epoch=2/3 loss=0.4227 l2=0.2000 label_smoothing=0.000
D step=1/5 epoch=3/3 loss=0.4164 l2=0.2000 label_smoothing=0.000
D step=2/5 epoch=1/3 loss=0.4307 l2=0.2000 label_smoothing=0.000
D step=2/5 epoch=2/3 loss=0.4310 l2=0.2000 label_smoothing=0.000
D step=2/5 epoch=3/3 loss=0.4234 l2=0.2000 label_smoothing=0.000
D step=3/5 epoch=1/3 loss=0.4553 l2=0.2000 label_smoothing=0.000
D step=3/5 epoch=2/3 loss=0.4594 l2=0.2000 label_smoothing=0.000
D step=3/5 epoch=3/3 loss=0.4512 l2=0.2000 label_smoothing=0.000
D step=4/5 epoch=1/3 loss=0.4294 l2=0.2000 label_smoothing=0.000
D step=4/5 epoch=2/3 loss=0.4234 l2=0.2000 label_smoothing=0.000
D step=4/5 epoch=3/3 loss=0.4238 l2=0.2000 label_smoothing=0.000
D step=5/5 epoch=1/3 loss=0.4071 l2=0.2000 label_smoothing=0.000
D step=5/5 epoch=2/3 loss=0.3973 l2=0.2000 label_smoothing=0.000
D step=5/5 epoch=3/3 loss=0.4112 l2=0.2000 label_smoothing=0.000
ADV epoch=36/200 g_loss=0.0011 d_loss=0.4271 reward=0.3028 reward_var=0.0041 unique=0.0800
D step=1/5 epoch=1/3 loss=0.4565 l2=0.2000 label_smoothing=0.000
D step=1/5 epoch=2/3 loss=0.4495 l2=0.2000 label_smoothing=0.000
D step=1/5 epoch=3/3 loss=0.4421 l2=0.2000 label_smoothing=0.000
D step=2/5 epoch=1/3 loss=0.4086 l2=0.2000 label_smoothing=0.000
D step=2/5 epoch=2/3 loss=0.4061 l2=0.2000 label_smoothing=0.000
D step=2/5 epoch=3/3 loss=0.4088 l2=0.2000 label_smoothing=0.000
D step=3/5 epoch=1/3 loss=0.4238 l2=0.2000 label_smoothing=0.000
D step=3/5 epoch=2/3 loss=0.4281 l2=0.2000 label_smoothing=0.000
D step=3/5 epoch=3/3 loss=0.4311 l2=0.2000 label_smoothing=0.000
D step=4/5 epoch=1/3 loss=0.3976 l2=0.2000 label_smoothing=0.000
D step=4/5 epoch=2/3 loss=0.4158 l2=0.2000 label_smoothing=0.000
D step=4/5 epoch=3/3 loss=0.4070 l2=0.2000 label_smoothing=0.000
D step=5/5 epoch=1/3 loss=0.4514 l2=0.2000 label_smoothing=0.000
D step=5/5 epoch=2/3 loss=0.4516 l2=0.2000 label_smoothing=0.000
D step=5/5 epoch=3/3 loss=0.4493 l2=0.2000 label_smoothing=0.000
ADV epoch=37/200 g_loss=0.0009 d_loss=0.4285 reward=0.2713 reward_var=0.0023 unique=0.0200
D step=1/5 epoch=1/3 loss=0.4154 l2=0.2000 label_smoothing=0.000
D step=1/5 epoch=2/3 loss=0.4213 l2=0.2000 label_smoothing=0.000
D step=1/5 epoch=3/3 loss=0.4252 l2=0.2000 label_smoothing=0.000
D step=2/5 epoch=1/3 loss=0.4440 l2=0.2000 label_smoothing=0.000
D step=2/5 epoch=2/3 loss=0.4485 l2=0.2000 label_smoothing=0.000
D step=2/5 epoch=3/3 loss=0.4585 l2=0.2000 label_smoothing=0.000
D step=3/5 epoch=1/3 loss=0.4311 l2=0.2000 label_smoothing=0.000
D step=3/5 epoch=2/3 loss=0.4404 l2=0.2000 label_smoothing=0.000
D step=3/5 epoch=3/3 loss=0.4494 l2=0.2000 label_smoothing=0.000
D step=4/5 epoch=1/3 loss=0.4106 l2=0.2000 label_smoothing=0.000
D step=4/5 epoch=2/3 loss=0.4070 l2=0.2000 label_smoothing=0.000
D step=4/5 epoch=3/3 loss=0.4077 l2=0.2000 label_smoothing=0.000
D step=5/5 epoch=1/3 loss=0.4214 l2=0.2000 label_smoothing=0.000
D step=5/5 epoch=2/3 loss=0.4342 l2=0.2000 label_smoothing=0.000
D step=5/5 epoch=3/3 loss=0.4279 l2=0.2000 label_smoothing=0.000
ADV epoch=38/200 g_loss=0.0018 d_loss=0.4295 reward=0.2800 reward_var=0.0053 unique=0.0400
D step=1/5 epoch=1/3 loss=0.4358 l2=0.2000 label_smoothing=0.000
D step=1/5 epoch=2/3 loss=0.4264 l2=0.2000 label_smoothing=0.000
D step=1/5 epoch=3/3 loss=0.4253 l2=0.2000 label_smoothing=0.000
D step=2/5 epoch=1/3 loss=0.4491 l2=0.2000 label_smoothing=0.000
D step=2/5 epoch=2/3 loss=0.4498 l2=0.2000 label_smoothing=0.000
D step=2/5 epoch=3/3 loss=0.4323 l2=0.2000 label_smoothing=0.000
D step=3/5 epoch=1/3 loss=0.4432 l2=0.2000 label_smoothing=0.000
D step=3/5 epoch=2/3 loss=0.4421 l2=0.2000 label_smoothing=0.000
D step=3/5 epoch=3/3 loss=0.4548 l2=0.2000 label_smoothing=0.000
D step=4/5 epoch=1/3 loss=0.3866 l2=0.2000 label_smoothing=0.000
D step=4/5 epoch=2/3 loss=0.3811 l2=0.2000 label_smoothing=0.000
D step=4/5 epoch=3/3 loss=0.3764 l2=0.2000 label_smoothing=0.000
D step=5/5 epoch=1/3 loss=0.4441 l2=0.2000 label_smoothing=0.000
D step=5/5 epoch=2/3 loss=0.4401 l2=0.2000 label_smoothing=0.000
D step=5/5 epoch=3/3 loss=0.4319 l2=0.2000 label_smoothing=0.000
ADV epoch=39/200 g_loss=0.0008 d_loss=0.4279 reward=0.2837 reward_var=0.0032 unique=0.0800
D step=1/5 epoch=1/3 loss=0.4337 l2=0.2000 label_smoothing=0.000
D step=1/5 epoch=2/3 loss=0.4433 l2=0.2000 label_smoothing=0.000
D step=1/5 epoch=3/3 loss=0.4414 l2=0.2000 label_smoothing=0.000
D step=2/5 epoch=1/3 loss=0.4504 l2=0.2000 label_smoothing=0.000
D step=2/5 epoch=2/3 loss=0.4497 l2=0.2000 label_smoothing=0.000
D step=2/5 epoch=3/3 loss=0.4533 l2=0.2000 label_smoothing=0.000
D step=3/5 epoch=1/3 loss=0.4264 l2=0.2000 label_smoothing=0.000
D step=3/5 epoch=2/3 loss=0.4247 l2=0.2000 label_smoothing=0.000
D step=3/5 epoch=3/3 loss=0.4204 l2=0.2000 label_smoothing=0.000
D step=4/5 epoch=1/3 loss=0.4093 l2=0.2000 label_smoothing=0.000
D step=4/5 epoch=2/3 loss=0.4188 l2=0.2000 label_smoothing=0.000
D step=4/5 epoch=3/3 loss=0.4127 l2=0.2000 label_smoothing=0.000
D step=5/5 epoch=1/3 loss=0.4404 l2=0.2000 label_smoothing=0.000
D step=5/5 epoch=2/3 loss=0.4395 l2=0.2000 label_smoothing=0.000
D step=5/5 epoch=3/3 loss=0.4334 l2=0.2000 label_smoothing=0.000
ADV epoch=40/200 g_loss=0.0008 d_loss=0.4332 reward=0.2698 reward_var=0.0022 unique=0.0600
D step=1/5 epoch=1/3 loss=0.4423 l2=0.2000 label_smoothing=0.000
D step=1/5 epoch=2/3 loss=0.4358 l2=0.2000 label_smoothing=0.000
D step=1/5 epoch=3/3 loss=0.4378 l2=0.2000 label_smoothing=0.000
D step=2/5 epoch=1/3 loss=0.4038 l2=0.2000 label_smoothing=0.000
D step=2/5 epoch=2/3 loss=0.4097 l2=0.2000 label_smoothing=0.000
D step=2/5 epoch=3/3 loss=0.4132 l2=0.2000 label_smoothing=0.000
D step=3/5 epoch=1/3 loss=0.4392 l2=0.2000 label_smoothing=0.000
D step=3/5 epoch=2/3 loss=0.4160 l2=0.2000 label_smoothing=0.000
D step=3/5 epoch=3/3 loss=0.4299 l2=0.2000 label_smoothing=0.000
D step=4/5 epoch=1/3 loss=0.4091 l2=0.2000 label_smoothing=0.000
D step=4/5 epoch=2/3 loss=0.4006 l2=0.2000 label_smoothing=0.000
D step=4/5 epoch=3/3 loss=0.4121 l2=0.2000 label_smoothing=0.000
D step=5/5 epoch=1/3 loss=0.4315 l2=0.2000 label_smoothing=0.000
D step=5/5 epoch=2/3 loss=0.4310 l2=0.2000 label_smoothing=0.000
D step=5/5 epoch=3/3 loss=0.4433 l2=0.2000 label_smoothing=0.000
ADV epoch=41/200 g_loss=0.0008 d_loss=0.4237 reward=0.2995 reward_var=0.0056 unique=0.0600
D step=1/5 epoch=1/3 loss=0.4475 l2=0.2000 label_smoothing=0.000
D step=1/5 epoch=2/3 loss=0.4453 l2=0.2000 label_smoothing=0.000
D step=1/5 epoch=3/3 loss=0.4473 l2=0.2000 label_smoothing=0.000
D step=2/5 epoch=1/3 loss=0.4029 l2=0.2000 label_smoothing=0.000
D step=2/5 epoch=2/3 loss=0.3996 l2=0.2000 label_smoothing=0.000
D step=2/5 epoch=3/3 loss=0.4101 l2=0.2000 label_smoothing=0.000
D step=3/5 epoch=1/3 loss=0.4417 l2=0.2000 label_smoothing=0.000
D step=3/5 epoch=2/3 loss=0.4366 l2=0.2000 label_smoothing=0.000
D step=3/5 epoch=3/3 loss=0.4266 l2=0.2000 label_smoothing=0.000
D step=4/5 epoch=1/3 loss=0.3989 l2=0.2000 label_smoothing=0.000
D step=4/5 epoch=2/3 loss=0.3972 l2=0.2000 label_smoothing=0.000
D step=4/5 epoch=3/3 loss=0.3961 l2=0.2000 label_smoothing=0.000
D step=5/5 epoch=1/3 loss=0.4274 l2=0.2000 label_smoothing=0.000
D step=5/5 epoch=2/3 loss=0.4274 l2=0.2000 label_smoothing=0.000
D step=5/5 epoch=3/3 loss=0.4230 l2=0.2000 label_smoothing=0.000
ADV epoch=42/200 g_loss=0.0007 d_loss=0.4218 reward=0.2758 reward_var=0.0016 unique=0.0600
D step=1/5 epoch=1/3 loss=0.4472 l2=0.2000 label_smoothing=0.000
D step=1/5 epoch=2/3 loss=0.4525 l2=0.2000 label_smoothing=0.000
D step=1/5 epoch=3/3 loss=0.4582 l2=0.2000 label_smoothing=0.000
D step=2/5 epoch=1/3 loss=0.4483 l2=0.2000 label_smoothing=0.000
D step=2/5 epoch=2/3 loss=0.4336 l2=0.2000 label_smoothing=0.000
D step=2/5 epoch=3/3 loss=0.4349 l2=0.2000 label_smoothing=0.000
D step=3/5 epoch=1/3 loss=0.4397 l2=0.2000 label_smoothing=0.000
D step=3/5 epoch=2/3 loss=0.4313 l2=0.2000 label_smoothing=0.000
D step=3/5 epoch=3/3 loss=0.4233 l2=0.2000 label_smoothing=0.000
D step=4/5 epoch=1/3 loss=0.3981 l2=0.2000 label_smoothing=0.000
D step=4/5 epoch=2/3 loss=0.4046 l2=0.2000 label_smoothing=0.000
D step=4/5 epoch=3/3 loss=0.3910 l2=0.2000 label_smoothing=0.000
D step=5/5 epoch=1/3 loss=0.3854 l2=0.2000 label_smoothing=0.000
D step=5/5 epoch=2/3 loss=0.3878 l2=0.2000 label_smoothing=0.000
D step=5/5 epoch=3/3 loss=0.3762 l2=0.2000 label_smoothing=0.000
ADV epoch=43/200 g_loss=0.0007 d_loss=0.4208 reward=0.2851 reward_var=0.0013 unique=0.1000
D step=1/5 epoch=1/3 loss=0.3817 l2=0.2000 label_smoothing=0.000
D step=1/5 epoch=2/3 loss=0.3804 l2=0.2000 label_smoothing=0.000
D step=1/5 epoch=3/3 loss=0.3732 l2=0.2000 label_smoothing=0.000
D step=2/5 epoch=1/3 loss=0.4288 l2=0.2000 label_smoothing=0.000
D step=2/5 epoch=2/3 loss=0.4410 l2=0.2000 label_smoothing=0.000
D step=2/5 epoch=3/3 loss=0.4460 l2=0.2000 label_smoothing=0.000
D step=3/5 epoch=1/3 loss=0.4385 l2=0.2000 label_smoothing=0.000
D step=3/5 epoch=2/3 loss=0.4322 l2=0.2000 label_smoothing=0.000
D step=3/5 epoch=3/3 loss=0.4300 l2=0.2000 label_smoothing=0.000
D step=4/5 epoch=1/3 loss=0.4160 l2=0.2000 label_smoothing=0.000
D step=4/5 epoch=2/3 loss=0.4103 l2=0.2000 label_smoothing=0.000
D step=4/5 epoch=3/3 loss=0.4097 l2=0.2000 label_smoothing=0.000
D step=5/5 epoch=1/3 loss=0.4277 l2=0.2000 label_smoothing=0.000
D step=5/5 epoch=2/3 loss=0.4266 l2=0.2000 label_smoothing=0.000
D step=5/5 epoch=3/3 loss=0.4283 l2=0.2000 label_smoothing=0.000
ADV epoch=44/200 g_loss=0.0007 d_loss=0.4180 reward=0.2621 reward_var=0.0021 unique=0.0600
D step=1/5 epoch=1/3 loss=0.4070 l2=0.2000 label_smoothing=0.000
D step=1/5 epoch=2/3 loss=0.3921 l2=0.2000 label_smoothing=0.000
D step=1/5 epoch=3/3 loss=0.4120 l2=0.2000 label_smoothing=0.000
D step=2/5 epoch=1/3 loss=0.4054 l2=0.2000 label_smoothing=0.000
D step=2/5 epoch=2/3 loss=0.4147 l2=0.2000 label_smoothing=0.000
D step=2/5 epoch=3/3 loss=0.4137 l2=0.2000 label_smoothing=0.000
D step=3/5 epoch=1/3 loss=0.4498 l2=0.2000 label_smoothing=0.000
D step=3/5 epoch=2/3 loss=0.4577 l2=0.2000 label_smoothing=0.000
D step=3/5 epoch=3/3 loss=0.4661 l2=0.2000 label_smoothing=0.000
D step=4/5 epoch=1/3 loss=0.4230 l2=0.2000 label_smoothing=0.000
D step=4/5 epoch=2/3 loss=0.4249 l2=0.2000 label_smoothing=0.000
D step=4/5 epoch=3/3 loss=0.4115 l2=0.2000 label_smoothing=0.000
D step=5/5 epoch=1/3 loss=0.4335 l2=0.2000 label_smoothing=0.000
D step=5/5 epoch=2/3 loss=0.4301 l2=0.2000 label_smoothing=0.000
D step=5/5 epoch=3/3 loss=0.4394 l2=0.2000 label_smoothing=0.000
ADV epoch=45/200 g_loss=0.0034 d_loss=0.4254 reward=0.3180 reward_var=0.0013 unique=0.0600
D step=1/5 epoch=1/3 loss=0.4343 l2=0.2000 label_smoothing=0.000
D step=1/5 epoch=2/3 loss=0.4168 l2=0.2000 label_smoothing=0.000
D step=1/5 epoch=3/3 loss=0.4182 l2=0.2000 label_smoothing=0.000
D step=2/5 epoch=1/3 loss=0.4069 l2=0.2000 label_smoothing=0.000
D step=2/5 epoch=2/3 loss=0.4028 l2=0.2000 label_smoothing=0.000
D step=2/5 epoch=3/3 loss=0.4050 l2=0.2000 label_smoothing=0.000
D step=3/5 epoch=1/3 loss=0.4163 l2=0.2000 label_smoothing=0.000
D step=3/5 epoch=2/3 loss=0.4222 l2=0.2000 label_smoothing=0.000
D step=3/5 epoch=3/3 loss=0.4250 l2=0.2000 label_smoothing=0.000
D step=4/5 epoch=1/3 loss=0.4272 l2=0.2000 label_smoothing=0.000
D step=4/5 epoch=2/3 loss=0.4275 l2=0.2000 label_smoothing=0.000
D step=4/5 epoch=3/3 loss=0.4368 l2=0.2000 label_smoothing=0.000
D step=5/5 epoch=1/3 loss=0.4216 l2=0.2000 label_smoothing=0.000
D step=5/5 epoch=2/3 loss=0.4286 l2=0.2000 label_smoothing=0.000
D step=5/5 epoch=3/3 loss=0.4317 l2=0.2000 label_smoothing=0.000
ADV epoch=46/200 g_loss=0.0007 d_loss=0.4214 reward=0.2909 reward_var=0.0008 unique=0.0400
D step=1/5 epoch=1/3 loss=0.4292 l2=0.2000 label_smoothing=0.000
D step=1/5 epoch=2/3 loss=0.4379 l2=0.2000 label_smoothing=0.000
D step=1/5 epoch=3/3 loss=0.4304 l2=0.2000 label_smoothing=0.000
D step=2/5 epoch=1/3 loss=0.3930 l2=0.2000 label_smoothing=0.000
D step=2/5 epoch=2/3 loss=0.4052 l2=0.2000 label_smoothing=0.000
D step=2/5 epoch=3/3 loss=0.4032 l2=0.2000 label_smoothing=0.000
D step=3/5 epoch=1/3 loss=0.4414 l2=0.2000 label_smoothing=0.000
D step=3/5 epoch=2/3 loss=0.4472 l2=0.2000 label_smoothing=0.000
D step=3/5 epoch=3/3 loss=0.4640 l2=0.2000 label_smoothing=0.000
D step=4/5 epoch=1/3 loss=0.4484 l2=0.2000 label_smoothing=0.000
D step=4/5 epoch=2/3 loss=0.4526 l2=0.2000 label_smoothing=0.000
D step=4/5 epoch=3/3 loss=0.4398 l2=0.2000 label_smoothing=0.000
D step=5/5 epoch=1/3 loss=0.4274 l2=0.2000 label_smoothing=0.000
D step=5/5 epoch=2/3 loss=0.4252 l2=0.2000 label_smoothing=0.000
D step=5/5 epoch=3/3 loss=0.4233 l2=0.2000 label_smoothing=0.000
ADV epoch=47/200 g_loss=0.0006 d_loss=0.4312 reward=0.2853 reward_var=0.0024 unique=0.1000
D step=1/5 epoch=1/3 loss=0.4330 l2=0.2000 label_smoothing=0.000
D step=1/5 epoch=2/3 loss=0.4153 l2=0.2000 label_smoothing=0.000
D step=1/5 epoch=3/3 loss=0.4226 l2=0.2000 label_smoothing=0.000
D step=2/5 epoch=1/3 loss=0.4424 l2=0.2000 label_smoothing=0.000
D step=2/5 epoch=2/3 loss=0.4340 l2=0.2000 label_smoothing=0.000
D step=2/5 epoch=3/3 loss=0.4391 l2=0.2000 label_smoothing=0.000
D step=3/5 epoch=1/3 loss=0.4188 l2=0.2000 label_smoothing=0.000
D step=3/5 epoch=2/3 loss=0.4161 l2=0.2000 label_smoothing=0.000
D step=3/5 epoch=3/3 loss=0.4184 l2=0.2000 label_smoothing=0.000
D step=4/5 epoch=1/3 loss=0.4307 l2=0.2000 label_smoothing=0.000
D step=4/5 epoch=2/3 loss=0.4278 l2=0.2000 label_smoothing=0.000
D step=4/5 epoch=3/3 loss=0.4308 l2=0.2000 label_smoothing=0.000
D step=5/5 epoch=1/3 loss=0.4216 l2=0.2000 label_smoothing=0.000
D step=5/5 epoch=2/3 loss=0.4135 l2=0.2000 label_smoothing=0.000
D step=5/5 epoch=3/3 loss=0.4161 l2=0.2000 label_smoothing=0.000
ADV epoch=48/200 g_loss=0.0006 d_loss=0.4253 reward=0.3070 reward_var=0.0016 unique=0.1000
D step=1/5 epoch=1/3 loss=0.3765 l2=0.2000 label_smoothing=0.000
D step=1/5 epoch=2/3 loss=0.3704 l2=0.2000 label_smoothing=0.000
D step=1/5 epoch=3/3 loss=0.3821 l2=0.2000 label_smoothing=0.000
D step=2/5 epoch=1/3 loss=0.4094 l2=0.2000 label_smoothing=0.000
D step=2/5 epoch=2/3 loss=0.4099 l2=0.2000 label_smoothing=0.000
D step=2/5 epoch=3/3 loss=0.4229 l2=0.2000 label_smoothing=0.000
D step=3/5 epoch=1/3 loss=0.4209 l2=0.2000 label_smoothing=0.000
D step=3/5 epoch=2/3 loss=0.4174 l2=0.2000 label_smoothing=0.000
D step=3/5 epoch=3/3 loss=0.4146 l2=0.2000 label_smoothing=0.000
D step=4/5 epoch=1/3 loss=0.3967 l2=0.2000 label_smoothing=0.000
D step=4/5 epoch=2/3 loss=0.4081 l2=0.2000 label_smoothing=0.000
D step=4/5 epoch=3/3 loss=0.4030 l2=0.2000 label_smoothing=0.000
D step=5/5 epoch=1/3 loss=0.4322 l2=0.2000 label_smoothing=0.000
D step=5/5 epoch=2/3 loss=0.4244 l2=0.2000 label_smoothing=0.000
D step=5/5 epoch=3/3 loss=0.4220 l2=0.2000 label_smoothing=0.000
ADV epoch=49/200 g_loss=0.0006 d_loss=0.4074 reward=0.2869 reward_var=0.0038 unique=0.0800
D step=1/5 epoch=1/3 loss=0.4744 l2=0.2000 label_smoothing=0.000
D step=1/5 epoch=2/3 loss=0.4649 l2=0.2000 label_smoothing=0.000
D step=1/5 epoch=3/3 loss=0.4510 l2=0.2000 label_smoothing=0.000
D step=2/5 epoch=1/3 loss=0.4224 l2=0.2000 label_smoothing=0.000
D step=2/5 epoch=2/3 loss=0.4350 l2=0.2000 label_smoothing=0.000
D step=2/5 epoch=3/3 loss=0.4332 l2=0.2000 label_smoothing=0.000
D step=3/5 epoch=1/3 loss=0.4502 l2=0.2000 label_smoothing=0.000
D step=3/5 epoch=2/3 loss=0.4541 l2=0.2000 label_smoothing=0.000
D step=3/5 epoch=3/3 loss=0.4485 l2=0.2000 label_smoothing=0.000
D step=4/5 epoch=1/3 loss=0.4022 l2=0.2000 label_smoothing=0.000
D step=4/5 epoch=2/3 loss=0.4052 l2=0.2000 label_smoothing=0.000
D step=4/5 epoch=3/3 loss=0.3974 l2=0.2000 label_smoothing=0.000
D step=5/5 epoch=1/3 loss=0.4067 l2=0.2000 label_smoothing=0.000
D step=5/5 epoch=2/3 loss=0.4046 l2=0.2000 label_smoothing=0.000
D step=5/5 epoch=3/3 loss=0.4058 l2=0.2000 label_smoothing=0.000
ADV epoch=50/200 g_loss=0.0005 d_loss=0.4304 reward=0.2568 reward_var=0.0019 unique=0.0600
D step=1/5 epoch=1/3 loss=0.4532 l2=0.2000 label_smoothing=0.000
D step=1/5 epoch=2/3 loss=0.4484 l2=0.2000 label_smoothing=0.000
D step=1/5 epoch=3/3 loss=0.4561 l2=0.2000 label_smoothing=0.000
D step=2/5 epoch=1/3 loss=0.4661 l2=0.2000 label_smoothing=0.000
D step=2/5 epoch=2/3 loss=0.4666 l2=0.2000 label_smoothing=0.000
D step=2/5 epoch=3/3 loss=0.4691 l2=0.2000 label_smoothing=0.000
D step=3/5 epoch=1/3 loss=0.4237 l2=0.2000 label_smoothing=0.000
D step=3/5 epoch=2/3 loss=0.4261 l2=0.2000 label_smoothing=0.000
D step=3/5 epoch=3/3 loss=0.4245 l2=0.2000 label_smoothing=0.000
D step=4/5 epoch=1/3 loss=0.4154 l2=0.2000 label_smoothing=0.000
D step=4/5 epoch=2/3 loss=0.4176 l2=0.2000 label_smoothing=0.000
D step=4/5 epoch=3/3 loss=0.4172 l2=0.2000 label_smoothing=0.000
D step=5/5 epoch=1/3 loss=0.4124 l2=0.2000 label_smoothing=0.000
D step=5/5 epoch=2/3 loss=0.4175 l2=0.2000 label_smoothing=0.000
D step=5/5 epoch=3/3 loss=0.4216 l2=0.2000 label_smoothing=0.000
ADV epoch=51/200 g_loss=0.0004 d_loss=0.4357 reward=0.2355 reward_var=0.0026 unique=0.1200
D step=1/5 epoch=1/3 loss=0.3964 l2=0.2000 label_smoothing=0.000
D step=1/5 epoch=2/3 loss=0.3936 l2=0.2000 label_smoothing=0.000
D step=1/5 epoch=3/3 loss=0.3926 l2=0.2000 label_smoothing=0.000
D step=2/5 epoch=1/3 loss=0.4307 l2=0.2000 label_smoothing=0.000
D step=2/5 epoch=2/3 loss=0.4370 l2=0.2000 label_smoothing=0.000
D step=2/5 epoch=3/3 loss=0.4297 l2=0.2000 label_smoothing=0.000
D step=3/5 epoch=1/3 loss=0.4081 l2=0.2000 label_smoothing=0.000
D step=3/5 epoch=2/3 loss=0.4180 l2=0.2000 label_smoothing=0.000
D step=3/5 epoch=3/3 loss=0.4202 l2=0.2000 label_smoothing=0.000
D step=4/5 epoch=1/3 loss=0.4070 l2=0.2000 label_smoothing=0.000
D step=4/5 epoch=2/3 loss=0.4216 l2=0.2000 label_smoothing=0.000
D step=4/5 epoch=3/3 loss=0.4201 l2=0.2000 label_smoothing=0.000
D step=5/5 epoch=1/3 loss=0.4272 l2=0.2000 label_smoothing=0.000
D step=5/5 epoch=2/3 loss=0.4272 l2=0.2000 label_smoothing=0.000
D step=5/5 epoch=3/3 loss=0.4231 l2=0.2000 label_smoothing=0.000
ADV epoch=52/200 g_loss=0.0043 d_loss=0.4168 reward=0.2940 reward_var=0.0035 unique=0.0200
D step=1/5 epoch=1/3 loss=0.3761 l2=0.2000 label_smoothing=0.000
D step=1/5 epoch=2/3 loss=0.3843 l2=0.2000 label_smoothing=0.000
D step=1/5 epoch=3/3 loss=0.3840 l2=0.2000 label_smoothing=0.000
D step=2/5 epoch=1/3 loss=0.4233 l2=0.2000 label_smoothing=0.000
D step=2/5 epoch=2/3 loss=0.4203 l2=0.2000 label_smoothing=0.000
D step=2/5 epoch=3/3 loss=0.4225 l2=0.2000 label_smoothing=0.000
D step=3/5 epoch=1/3 loss=0.4414 l2=0.2000 label_smoothing=0.000
D step=3/5 epoch=2/3 loss=0.4283 l2=0.2000 label_smoothing=0.000
D step=3/5 epoch=3/3 loss=0.4361 l2=0.2000 label_smoothing=0.000
D step=4/5 epoch=1/3 loss=0.4330 l2=0.2000 label_smoothing=0.000
D step=4/5 epoch=2/3 loss=0.4240 l2=0.2000 label_smoothing=0.000
D step=4/5 epoch=3/3 loss=0.4257 l2=0.2000 label_smoothing=0.000
D step=5/5 epoch=1/3 loss=0.4178 l2=0.2000 label_smoothing=0.000
D step=5/5 epoch=2/3 loss=0.4183 l2=0.2000 label_smoothing=0.000
D step=5/5 epoch=3/3 loss=0.4160 l2=0.2000 label_smoothing=0.000
ADV epoch=53/200 g_loss=0.0013 d_loss=0.4167 reward=0.3041 reward_var=0.0001 unique=0.0800
D step=1/5 epoch=1/3 loss=0.3974 l2=0.2000 label_smoothing=0.000
D step=1/5 epoch=2/3 loss=0.3960 l2=0.2000 label_smoothing=0.000
D step=1/5 epoch=3/3 loss=0.4004 l2=0.2000 label_smoothing=0.000
D step=2/5 epoch=1/3 loss=0.4489 l2=0.2000 label_smoothing=0.000
D step=2/5 epoch=2/3 loss=0.4629 l2=0.2000 label_smoothing=0.000
D step=2/5 epoch=3/3 loss=0.4503 l2=0.2000 label_smoothing=0.000
D step=3/5 epoch=1/3 loss=0.3970 l2=0.2000 label_smoothing=0.000
D step=3/5 epoch=2/3 loss=0.4038 l2=0.2000 label_smoothing=0.000
D step=3/5 epoch=3/3 loss=0.4136 l2=0.2000 label_smoothing=0.000
D step=4/5 epoch=1/3 loss=0.4346 l2=0.2000 label_smoothing=0.000
D step=4/5 epoch=2/3 loss=0.4239 l2=0.2000 label_smoothing=0.000
D step=4/5 epoch=3/3 loss=0.4252 l2=0.2000 label_smoothing=0.000
D step=5/5 epoch=1/3 loss=0.4253 l2=0.2000 label_smoothing=0.000
D step=5/5 epoch=2/3 loss=0.4230 l2=0.2000 label_smoothing=0.000
D step=5/5 epoch=3/3 loss=0.4265 l2=0.2000 label_smoothing=0.000
ADV epoch=54/200 g_loss=0.0005 d_loss=0.4219 reward=0.2691 reward_var=0.0016 unique=0.1000
D step=1/5 epoch=1/3 loss=0.4164 l2=0.2000 label_smoothing=0.000
D step=1/5 epoch=2/3 loss=0.4053 l2=0.2000 label_smoothing=0.000
D step=1/5 epoch=3/3 loss=0.4137 l2=0.2000 label_smoothing=0.000
D step=2/5 epoch=1/3 loss=0.4320 l2=0.2000 label_smoothing=0.000
D step=2/5 epoch=2/3 loss=0.4288 l2=0.2000 label_smoothing=0.000
D step=2/5 epoch=3/3 loss=0.4224 l2=0.2000 label_smoothing=0.000
D step=3/5 epoch=1/3 loss=0.4397 l2=0.2000 label_smoothing=0.000
D step=3/5 epoch=2/3 loss=0.4366 l2=0.2000 label_smoothing=0.000
D step=3/5 epoch=3/3 loss=0.4474 l2=0.2000 label_smoothing=0.000
D step=4/5 epoch=1/3 loss=0.4171 l2=0.2000 label_smoothing=0.000
D step=4/5 epoch=2/3 loss=0.4155 l2=0.2000 label_smoothing=0.000
D step=4/5 epoch=3/3 loss=0.4120 l2=0.2000 label_smoothing=0.000
D step=5/5 epoch=1/3 loss=0.4095 l2=0.2000 label_smoothing=0.000
D step=5/5 epoch=2/3 loss=0.4177 l2=0.2000 label_smoothing=0.000
D step=5/5 epoch=3/3 loss=0.4159 l2=0.2000 label_smoothing=0.000
ADV epoch=55/200 g_loss=0.0005 d_loss=0.4220 reward=0.2955 reward_var=0.0014 unique=0.0200
D step=1/5 epoch=1/3 loss=0.4082 l2=0.2000 label_smoothing=0.000
D step=1/5 epoch=2/3 loss=0.4015 l2=0.2000 label_smoothing=0.000
D step=1/5 epoch=3/3 loss=0.4037 l2=0.2000 label_smoothing=0.000
D step=2/5 epoch=1/3 loss=0.4191 l2=0.2000 label_smoothing=0.000
D step=2/5 epoch=2/3 loss=0.4216 l2=0.2000 label_smoothing=0.000
D step=2/5 epoch=3/3 loss=0.4335 l2=0.2000 label_smoothing=0.000
D step=3/5 epoch=1/3 loss=0.4308 l2=0.2000 label_smoothing=0.000
D step=3/5 epoch=2/3 loss=0.4324 l2=0.2000 label_smoothing=0.000
D step=3/5 epoch=3/3 loss=0.4330 l2=0.2000 label_smoothing=0.000
D step=4/5 epoch=1/3 loss=0.4032 l2=0.2000 label_smoothing=0.000
D step=4/5 epoch=2/3 loss=0.4001 l2=0.2000 label_smoothing=0.000
D step=4/5 epoch=3/3 loss=0.3965 l2=0.2000 label_smoothing=0.000
D step=5/5 epoch=1/3 loss=0.4162 l2=0.2000 label_smoothing=0.000
D step=5/5 epoch=2/3 loss=0.4183 l2=0.2000 label_smoothing=0.000
D step=5/5 epoch=3/3 loss=0.4191 l2=0.2000 label_smoothing=0.000
ADV epoch=56/200 g_loss=0.0005 d_loss=0.4158 reward=0.2763 reward_var=0.0008 unique=0.0600
D step=1/5 epoch=1/3 loss=0.4229 l2=0.2000 label_smoothing=0.000
D step=1/5 epoch=2/3 loss=0.4256 l2=0.2000 label_smoothing=0.000
D step=1/5 epoch=3/3 loss=0.4187 l2=0.2000 label_smoothing=0.000
D step=2/5 epoch=1/3 loss=0.4187 l2=0.2000 label_smoothing=0.000
D step=2/5 epoch=2/3 loss=0.4201 l2=0.2000 label_smoothing=0.000
D step=2/5 epoch=3/3 loss=0.4212 l2=0.2000 label_smoothing=0.000
D step=3/5 epoch=1/3 loss=0.4221 l2=0.2000 label_smoothing=0.000
D step=3/5 epoch=2/3 loss=0.4273 l2=0.2000 label_smoothing=0.000
D step=3/5 epoch=3/3 loss=0.4272 l2=0.2000 label_smoothing=0.000
D step=4/5 epoch=1/3 loss=0.4501 l2=0.2000 label_smoothing=0.000
D step=4/5 epoch=2/3 loss=0.4542 l2=0.2000 label_smoothing=0.000
D step=4/5 epoch=3/3 loss=0.4402 l2=0.2000 label_smoothing=0.000
D step=5/5 epoch=1/3 loss=0.4153 l2=0.2000 label_smoothing=0.000
D step=5/5 epoch=2/3 loss=0.4186 l2=0.2000 label_smoothing=0.000
D step=5/5 epoch=3/3 loss=0.4145 l2=0.2000 label_smoothing=0.000
ADV epoch=57/200 g_loss=0.0004 d_loss=0.4265 reward=0.2538 reward_var=0.0020 unique=0.0400
D step=1/5 epoch=1/3 loss=0.4253 l2=0.2000 label_smoothing=0.000
D step=1/5 epoch=2/3 loss=0.4204 l2=0.2000 label_smoothing=0.000
D step=1/5 epoch=3/3 loss=0.4234 l2=0.2000 label_smoothing=0.000
D step=2/5 epoch=1/3 loss=0.4512 l2=0.2000 label_smoothing=0.000
D step=2/5 epoch=2/3 loss=0.4439 l2=0.2000 label_smoothing=0.000
D step=2/5 epoch=3/3 loss=0.4373 l2=0.2000 label_smoothing=0.000
D step=3/5 epoch=1/3 loss=0.4259 l2=0.2000 label_smoothing=0.000
D step=3/5 epoch=2/3 loss=0.4293 l2=0.2000 label_smoothing=0.000
D step=3/5 epoch=3/3 loss=0.4286 l2=0.2000 label_smoothing=0.000
D step=4/5 epoch=1/3 loss=0.4447 l2=0.2000 label_smoothing=0.000
D step=4/5 epoch=2/3 loss=0.4452 l2=0.2000 label_smoothing=0.000
D step=4/5 epoch=3/3 loss=0.4454 l2=0.2000 label_smoothing=0.000
D step=5/5 epoch=1/3 loss=0.4143 l2=0.2000 label_smoothing=0.000
D step=5/5 epoch=2/3 loss=0.4174 l2=0.2000 label_smoothing=0.000
D step=5/5 epoch=3/3 loss=0.4145 l2=0.2000 label_smoothing=0.000
ADV epoch=58/200 g_loss=0.0005 d_loss=0.4311 reward=0.2946 reward_var=0.0020 unique=0.0800
D step=1/5 epoch=1/3 loss=0.4186 l2=0.2000 label_smoothing=0.000
D step=1/5 epoch=2/3 loss=0.4234 l2=0.2000 label_smoothing=0.000
D step=1/5 epoch=3/3 loss=0.4185 l2=0.2000 label_smoothing=0.000
D step=2/5 epoch=1/3 loss=0.4230 l2=0.2000 label_smoothing=0.000
D step=2/5 epoch=2/3 loss=0.4308 l2=0.2000 label_smoothing=0.000
D step=2/5 epoch=3/3 loss=0.4346 l2=0.2000 label_smoothing=0.000
D step=3/5 epoch=1/3 loss=0.4501 l2=0.2000 label_smoothing=0.000
D step=3/5 epoch=2/3 loss=0.4552 l2=0.2000 label_smoothing=0.000
D step=3/5 epoch=3/3 loss=0.4542 l2=0.2000 label_smoothing=0.000
D step=4/5 epoch=1/3 loss=0.4416 l2=0.2000 label_smoothing=0.000
D step=4/5 epoch=2/3 loss=0.4402 l2=0.2000 label_smoothing=0.000
D step=4/5 epoch=3/3 loss=0.4427 l2=0.2000 label_smoothing=0.000
D step=5/5 epoch=1/3 loss=0.4353 l2=0.2000 label_smoothing=0.000
D step=5/5 epoch=2/3 loss=0.4286 l2=0.2000 label_smoothing=0.000
D step=5/5 epoch=3/3 loss=0.4249 l2=0.2000 label_smoothing=0.000
ADV epoch=59/200 g_loss=0.0005 d_loss=0.4348 reward=0.3034 reward_var=0.0001 unique=0.0800
D step=1/5 epoch=1/3 loss=0.4100 l2=0.2000 label_smoothing=0.000
D step=1/5 epoch=2/3 loss=0.4167 l2=0.2000 label_smoothing=0.000
D step=1/5 epoch=3/3 loss=0.4226 l2=0.2000 label_smoothing=0.000
D step=2/5 epoch=1/3 loss=0.4405 l2=0.2000 label_smoothing=0.000
D step=2/5 epoch=2/3 loss=0.4369 l2=0.2000 label_smoothing=0.000
D step=2/5 epoch=3/3 loss=0.4408 l2=0.2000 label_smoothing=0.000
D step=3/5 epoch=1/3 loss=0.4097 l2=0.2000 label_smoothing=0.000
D step=3/5 epoch=2/3 loss=0.4108 l2=0.2000 label_smoothing=0.000
D step=3/5 epoch=3/3 loss=0.4141 l2=0.2000 label_smoothing=0.000
D step=4/5 epoch=1/3 loss=0.4221 l2=0.2000 label_smoothing=0.000
D step=4/5 epoch=2/3 loss=0.4200 l2=0.2000 label_smoothing=0.000
D step=4/5 epoch=3/3 loss=0.4146 l2=0.2000 label_smoothing=0.000
D step=5/5 epoch=1/3 loss=0.4484 l2=0.2000 label_smoothing=0.000
D step=5/5 epoch=2/3 loss=0.4531 l2=0.2000 label_smoothing=0.000
D step=5/5 epoch=3/3 loss=0.4520 l2=0.2000 label_smoothing=0.000
ADV epoch=60/200 g_loss=0.0005 d_loss=0.4275 reward=0.2944 reward_var=0.0008 unique=0.0600
D step=1/5 epoch=1/3 loss=0.4648 l2=0.2000 label_smoothing=0.000
D step=1/5 epoch=2/3 loss=0.4557 l2=0.2000 label_smoothing=0.000
D step=1/5 epoch=3/3 loss=0.4625 l2=0.2000 label_smoothing=0.000
D step=2/5 epoch=1/3 loss=0.4374 l2=0.2000 label_smoothing=0.000
D step=2/5 epoch=2/3 loss=0.4327 l2=0.2000 label_smoothing=0.000
D step=2/5 epoch=3/3 loss=0.4304 l2=0.2000 label_smoothing=0.000
D step=3/5 epoch=1/3 loss=0.4508 l2=0.2000 label_smoothing=0.000
D step=3/5 epoch=2/3 loss=0.4497 l2=0.2000 label_smoothing=0.000
D step=3/5 epoch=3/3 loss=0.4482 l2=0.2000 label_smoothing=0.000
D step=4/5 epoch=1/3 loss=0.4193 l2=0.2000 label_smoothing=0.000
D step=4/5 epoch=2/3 loss=0.4195 l2=0.2000 label_smoothing=0.000
D step=4/5 epoch=3/3 loss=0.4138 l2=0.2000 label_smoothing=0.000
D step=5/5 epoch=1/3 loss=0.4199 l2=0.2000 label_smoothing=0.000
D step=5/5 epoch=2/3 loss=0.4216 l2=0.2000 label_smoothing=0.000
D step=5/5 epoch=3/3 loss=0.4283 l2=0.2000 label_smoothing=0.000
ADV epoch=61/200 g_loss=0.0005 d_loss=0.4370 reward=0.3112 reward_var=0.0001 unique=0.0200
D step=1/5 epoch=1/3 loss=0.4250 l2=0.2000 label_smoothing=0.000
D step=1/5 epoch=2/3 loss=0.4164 l2=0.2000 label_smoothing=0.000
D step=1/5 epoch=3/3 loss=0.4158 l2=0.2000 label_smoothing=0.000
D step=2/5 epoch=1/3 loss=0.4338 l2=0.2000 label_smoothing=0.000
D step=2/5 epoch=2/3 loss=0.4315 l2=0.2000 label_smoothing=0.000
D step=2/5 epoch=3/3 loss=0.4261 l2=0.2000 label_smoothing=0.000
D step=3/5 epoch=1/3 loss=0.4216 l2=0.2000 label_smoothing=0.000
D step=3/5 epoch=2/3 loss=0.4212 l2=0.2000 label_smoothing=0.000
D step=3/5 epoch=3/3 loss=0.4211 l2=0.2000 label_smoothing=0.000
D step=4/5 epoch=1/3 loss=0.4326 l2=0.2000 label_smoothing=0.000
D step=4/5 epoch=2/3 loss=0.4336 l2=0.2000 label_smoothing=0.000
D step=4/5 epoch=3/3 loss=0.4279 l2=0.2000 label_smoothing=0.000
D step=5/5 epoch=1/3 loss=0.4168 l2=0.2000 label_smoothing=0.000
D step=5/5 epoch=2/3 loss=0.4191 l2=0.2000 label_smoothing=0.000
D step=5/5 epoch=3/3 loss=0.4201 l2=0.2000 label_smoothing=0.000
ADV epoch=62/200 g_loss=0.0004 d_loss=0.4242 reward=0.2684 reward_var=0.0012 unique=0.0600
D step=1/5 epoch=1/3 loss=0.4284 l2=0.2000 label_smoothing=0.000
D step=1/5 epoch=2/3 loss=0.4308 l2=0.2000 label_smoothing=0.000
D step=1/5 epoch=3/3 loss=0.4235 l2=0.2000 label_smoothing=0.000
D step=2/5 epoch=1/3 loss=0.4357 l2=0.2000 label_smoothing=0.000
D step=2/5 epoch=2/3 loss=0.4280 l2=0.2000 label_smoothing=0.000
D step=2/5 epoch=3/3 loss=0.4320 l2=0.2000 label_smoothing=0.000
D step=3/5 epoch=1/3 loss=0.4315 l2=0.2000 label_smoothing=0.000
D step=3/5 epoch=2/3 loss=0.4291 l2=0.2000 label_smoothing=0.000
D step=3/5 epoch=3/3 loss=0.4381 l2=0.2000 label_smoothing=0.000
D step=4/5 epoch=1/3 loss=0.4356 l2=0.2000 label_smoothing=0.000
D step=4/5 epoch=2/3 loss=0.4239 l2=0.2000 label_smoothing=0.000
D step=4/5 epoch=3/3 loss=0.4287 l2=0.2000 label_smoothing=0.000
D step=5/5 epoch=1/3 loss=0.4240 l2=0.2000 label_smoothing=0.000
D step=5/5 epoch=2/3 loss=0.4341 l2=0.2000 label_smoothing=0.000
D step=5/5 epoch=3/3 loss=0.4239 l2=0.2000 label_smoothing=0.000
ADV epoch=63/200 g_loss=0.0004 d_loss=0.4298 reward=0.2819 reward_var=0.0018 unique=0.0600
D step=1/5 epoch=1/3 loss=0.4384 l2=0.2000 label_smoothing=0.000
D step=1/5 epoch=2/3 loss=0.4384 l2=0.2000 label_smoothing=0.000
D step=1/5 epoch=3/3 loss=0.4500 l2=0.2000 label_smoothing=0.000
D step=2/5 epoch=1/3 loss=0.4214 l2=0.2000 label_smoothing=0.000
D step=2/5 epoch=2/3 loss=0.4170 l2=0.2000 label_smoothing=0.000
D step=2/5 epoch=3/3 loss=0.4238 l2=0.2000 label_smoothing=0.000
D step=3/5 epoch=1/3 loss=0.4244 l2=0.2000 label_smoothing=0.000
D step=3/5 epoch=2/3 loss=0.4218 l2=0.2000 label_smoothing=0.000
D step=3/5 epoch=3/3 loss=0.4222 l2=0.2000 label_smoothing=0.000
D step=4/5 epoch=1/3 loss=0.4202 l2=0.2000 label_smoothing=0.000
D step=4/5 epoch=2/3 loss=0.4204 l2=0.2000 label_smoothing=0.000
D step=4/5 epoch=3/3 loss=0.4153 l2=0.2000 label_smoothing=0.000
D step=5/5 epoch=1/3 loss=0.4249 l2=0.2000 label_smoothing=0.000
D step=5/5 epoch=2/3 loss=0.4151 l2=0.2000 label_smoothing=0.000
D step=5/5 epoch=3/3 loss=0.4226 l2=0.2000 label_smoothing=0.000
ADV epoch=64/200 g_loss=0.0008 d_loss=0.4251 reward=0.2943 reward_var=0.0023 unique=0.0800
D step=1/5 epoch=1/3 loss=0.4419 l2=0.2000 label_smoothing=0.000
D step=1/5 epoch=2/3 loss=0.4390 l2=0.2000 label_smoothing=0.000
D step=1/5 epoch=3/3 loss=0.4341 l2=0.2000 label_smoothing=0.000
D step=2/5 epoch=1/3 loss=0.4370 l2=0.2000 label_smoothing=0.000
D step=2/5 epoch=2/3 loss=0.4371 l2=0.2000 label_smoothing=0.000
D step=2/5 epoch=3/3 loss=0.4368 l2=0.2000 label_smoothing=0.000
D step=3/5 epoch=1/3 loss=0.4471 l2=0.2000 label_smoothing=0.000
D step=3/5 epoch=2/3 loss=0.4593 l2=0.2000 label_smoothing=0.000
D step=3/5 epoch=3/3 loss=0.4517 l2=0.2000 label_smoothing=0.000
D step=4/5 epoch=1/3 loss=0.4456 l2=0.2000 label_smoothing=0.000
D step=4/5 epoch=2/3 loss=0.4535 l2=0.2000 label_smoothing=0.000
D step=4/5 epoch=3/3 loss=0.4470 l2=0.2000 label_smoothing=0.000
D step=5/5 epoch=1/3 loss=0.4472 l2=0.2000 label_smoothing=0.000
D step=5/5 epoch=2/3 loss=0.4485 l2=0.2000 label_smoothing=0.000
D step=5/5 epoch=3/3 loss=0.4495 l2=0.2000 label_smoothing=0.000
ADV epoch=65/200 g_loss=0.0004 d_loss=0.4450 reward=0.3012 reward_var=0.0005 unique=0.1000
D step=1/5 epoch=1/3 loss=0.4285 l2=0.2000 label_smoothing=0.000
D step=1/5 epoch=2/3 loss=0.4292 l2=0.2000 label_smoothing=0.000
D step=1/5 epoch=3/3 loss=0.4366 l2=0.2000 label_smoothing=0.000
D step=2/5 epoch=1/3 loss=0.4577 l2=0.2000 label_smoothing=0.000
D step=2/5 epoch=2/3 loss=0.4601 l2=0.2000 label_smoothing=0.000
D step=2/5 epoch=3/3 loss=0.4626 l2=0.2000 label_smoothing=0.000
D step=3/5 epoch=1/3 loss=0.4406 l2=0.2000 label_smoothing=0.000
D step=3/5 epoch=2/3 loss=0.4360 l2=0.2000 label_smoothing=0.000
D step=3/5 epoch=3/3 loss=0.4328 l2=0.2000 label_smoothing=0.000
D step=4/5 epoch=1/3 loss=0.4051 l2=0.2000 label_smoothing=0.000
D step=4/5 epoch=2/3 loss=0.4113 l2=0.2000 label_smoothing=0.000
D step=4/5 epoch=3/3 loss=0.4064 l2=0.2000 label_smoothing=0.000
D step=5/5 epoch=1/3 loss=0.4075 l2=0.2000 label_smoothing=0.000
D step=5/5 epoch=2/3 loss=0.4107 l2=0.2000 label_smoothing=0.000
D step=5/5 epoch=3/3 loss=0.4163 l2=0.2000 label_smoothing=0.000
ADV epoch=66/200 g_loss=0.0004 d_loss=0.4294 reward=0.3086 reward_var=0.0007 unique=0.0400
D step=1/5 epoch=1/3 loss=0.4294 l2=0.2000 label_smoothing=0.000
D step=1/5 epoch=2/3 loss=0.4250 l2=0.2000 label_smoothing=0.000
D step=1/5 epoch=3/3 loss=0.4307 l2=0.2000 label_smoothing=0.000
D step=2/5 epoch=1/3 loss=0.4265 l2=0.2000 label_smoothing=0.000
D step=2/5 epoch=2/3 loss=0.4228 l2=0.2000 label_smoothing=0.000
D step=2/5 epoch=3/3 loss=0.4292 l2=0.2000 label_smoothing=0.000
D step=3/5 epoch=1/3 loss=0.4265 l2=0.2000 label_smoothing=0.000
D step=3/5 epoch=2/3 loss=0.4316 l2=0.2000 label_smoothing=0.000
D step=3/5 epoch=3/3 loss=0.4326 l2=0.2000 label_smoothing=0.000
D step=4/5 epoch=1/3 loss=0.4447 l2=0.2000 label_smoothing=0.000
D step=4/5 epoch=2/3 loss=0.4320 l2=0.2000 label_smoothing=0.000
D step=4/5 epoch=3/3 loss=0.4446 l2=0.2000 label_smoothing=0.000
D step=5/5 epoch=1/3 loss=0.4084 l2=0.2000 label_smoothing=0.000
D step=5/5 epoch=2/3 loss=0.4023 l2=0.2000 label_smoothing=0.000
D step=5/5 epoch=3/3 loss=0.4075 l2=0.2000 label_smoothing=0.000
ADV epoch=67/200 g_loss=0.0004 d_loss=0.4263 reward=0.2705 reward_var=0.0007 unique=0.0400
D step=1/5 epoch=1/3 loss=0.4332 l2=0.2000 label_smoothing=0.000
D step=1/5 epoch=2/3 loss=0.4349 l2=0.2000 label_smoothing=0.000
D step=1/5 epoch=3/3 loss=0.4371 l2=0.2000 label_smoothing=0.000
D step=2/5 epoch=1/3 loss=0.3978 l2=0.2000 label_smoothing=0.000
D step=2/5 epoch=2/3 loss=0.3954 l2=0.2000 label_smoothing=0.000
D step=2/5 epoch=3/3 loss=0.3972 l2=0.2000 label_smoothing=0.000
D step=3/5 epoch=1/3 loss=0.4327 l2=0.2000 label_smoothing=0.000
D step=3/5 epoch=2/3 loss=0.4320 l2=0.2000 label_smoothing=0.000
D step=3/5 epoch=3/3 loss=0.4367 l2=0.2000 label_smoothing=0.000
D step=4/5 epoch=1/3 loss=0.4169 l2=0.2000 label_smoothing=0.000
D step=4/5 epoch=2/3 loss=0.4183 l2=0.2000 label_smoothing=0.000
D step=4/5 epoch=3/3 loss=0.4099 l2=0.2000 label_smoothing=0.000
D step=5/5 epoch=1/3 loss=0.3938 l2=0.2000 label_smoothing=0.000
D step=5/5 epoch=2/3 loss=0.3921 l2=0.2000 label_smoothing=0.000
D step=5/5 epoch=3/3 loss=0.3851 l2=0.2000 label_smoothing=0.000
ADV epoch=68/200 g_loss=0.0004 d_loss=0.4142 reward=0.3028 reward_var=0.0001 unique=0.0600
D step=1/5 epoch=1/3 loss=0.4205 l2=0.2000 label_smoothing=0.000
D step=1/5 epoch=2/3 loss=0.4113 l2=0.2000 label_smoothing=0.000
D step=1/5 epoch=3/3 loss=0.4027 l2=0.2000 label_smoothing=0.000
D step=2/5 epoch=1/3 loss=0.4509 l2=0.2000 label_smoothing=0.000
D step=2/5 epoch=2/3 loss=0.4426 l2=0.2000 label_smoothing=0.000
D step=2/5 epoch=3/3 loss=0.4482 l2=0.2000 label_smoothing=0.000
D step=3/5 epoch=1/3 loss=0.4216 l2=0.2000 label_smoothing=0.000
D step=3/5 epoch=2/3 loss=0.4168 l2=0.2000 label_smoothing=0.000
D step=3/5 epoch=3/3 loss=0.4211 l2=0.2000 label_smoothing=0.000
D step=4/5 epoch=1/3 loss=0.4568 l2=0.2000 label_smoothing=0.000
D step=4/5 epoch=2/3 loss=0.4556 l2=0.2000 label_smoothing=0.000
D step=4/5 epoch=3/3 loss=0.4576 l2=0.2000 label_smoothing=0.000
D step=5/5 epoch=1/3 loss=0.4248 l2=0.2000 label_smoothing=0.000
D step=5/5 epoch=2/3 loss=0.4120 l2=0.2000 label_smoothing=0.000
D step=5/5 epoch=3/3 loss=0.4198 l2=0.2000 label_smoothing=0.000
ADV epoch=69/200 g_loss=0.0003 d_loss=0.4308 reward=0.2583 reward_var=0.0006 unique=0.0600
D step=1/5 epoch=1/3 loss=0.4552 l2=0.2000 label_smoothing=0.000
D step=1/5 epoch=2/3 loss=0.4409 l2=0.2000 label_smoothing=0.000
D step=1/5 epoch=3/3 loss=0.4430 l2=0.2000 label_smoothing=0.000
D step=2/5 epoch=1/3 loss=0.4347 l2=0.2000 label_smoothing=0.000
D step=2/5 epoch=2/3 loss=0.4357 l2=0.2000 label_smoothing=0.000
D step=2/5 epoch=3/3 loss=0.4380 l2=0.2000 label_smoothing=0.000
D step=3/5 epoch=1/3 loss=0.4495 l2=0.2000 label_smoothing=0.000
D step=3/5 epoch=2/3 loss=0.4512 l2=0.2000 label_smoothing=0.000
D step=3/5 epoch=3/3 loss=0.4418 l2=0.2000 label_smoothing=0.000
D step=4/5 epoch=1/3 loss=0.4001 l2=0.2000 label_smoothing=0.000
D step=4/5 epoch=2/3 loss=0.3951 l2=0.2000 label_smoothing=0.000
D step=4/5 epoch=3/3 loss=0.3964 l2=0.2000 label_smoothing=0.000
D step=5/5 epoch=1/3 loss=0.4398 l2=0.2000 label_smoothing=0.000
D step=5/5 epoch=2/3 loss=0.4403 l2=0.2000 label_smoothing=0.000
D step=5/5 epoch=3/3 loss=0.4439 l2=0.2000 label_smoothing=0.000
ADV epoch=70/200 g_loss=0.0004 d_loss=0.4337 reward=0.2834 reward_var=0.0025 unique=0.0200
D step=1/5 epoch=1/3 loss=0.4238 l2=0.2000 label_smoothing=0.000
D step=1/5 epoch=2/3 loss=0.4238 l2=0.2000 label_smoothing=0.000
D step=1/5 epoch=3/3 loss=0.4234 l2=0.2000 label_smoothing=0.000
D step=2/5 epoch=1/3 loss=0.4346 l2=0.2000 label_smoothing=0.000
D step=2/5 epoch=2/3 loss=0.4300 l2=0.2000 label_smoothing=0.000
D step=2/5 epoch=3/3 loss=0.4349 l2=0.2000 label_smoothing=0.000
D step=3/5 epoch=1/3 loss=0.4112 l2=0.2000 label_smoothing=0.000
D step=3/5 epoch=2/3 loss=0.4113 l2=0.2000 label_smoothing=0.000
D step=3/5 epoch=3/3 loss=0.4104 l2=0.2000 label_smoothing=0.000
D step=4/5 epoch=1/3 loss=0.4122 l2=0.2000 label_smoothing=0.000
D step=4/5 epoch=2/3 loss=0.4111 l2=0.2000 label_smoothing=0.000
D step=4/5 epoch=3/3 loss=0.4075 l2=0.2000 label_smoothing=0.000
D step=5/5 epoch=1/3 loss=0.4194 l2=0.2000 label_smoothing=0.000
D step=5/5 epoch=2/3 loss=0.4175 l2=0.2000 label_smoothing=0.000
D step=5/5 epoch=3/3 loss=0.4140 l2=0.2000 label_smoothing=0.000
ADV epoch=71/200 g_loss=0.0004 d_loss=0.4190 reward=0.2839 reward_var=0.0010 unique=0.0400
D step=1/5 epoch=1/3 loss=0.4324 l2=0.2000 label_smoothing=0.000
D step=1/5 epoch=2/3 loss=0.4281 l2=0.2000 label_smoothing=0.000
D step=1/5 epoch=3/3 loss=0.4313 l2=0.2000 label_smoothing=0.000
D step=2/5 epoch=1/3 loss=0.4304 l2=0.2000 label_smoothing=0.000
D step=2/5 epoch=2/3 loss=0.4323 l2=0.2000 label_smoothing=0.000
D step=2/5 epoch=3/3 loss=0.4311 l2=0.2000 label_smoothing=0.000
D step=3/5 epoch=1/3 loss=0.4124 l2=0.2000 label_smoothing=0.000
D step=3/5 epoch=2/3 loss=0.4115 l2=0.2000 label_smoothing=0.000
D step=3/5 epoch=3/3 loss=0.4181 l2=0.2000 label_smoothing=0.000
D step=4/5 epoch=1/3 loss=0.4413 l2=0.2000 label_smoothing=0.000
D step=4/5 epoch=2/3 loss=0.4437 l2=0.2000 label_smoothing=0.000
D step=4/5 epoch=3/3 loss=0.4358 l2=0.2000 label_smoothing=0.000
D step=5/5 epoch=1/3 loss=0.4046 l2=0.2000 label_smoothing=0.000
D step=5/5 epoch=2/3 loss=0.4095 l2=0.2000 label_smoothing=0.000
D step=5/5 epoch=3/3 loss=0.4055 l2=0.2000 label_smoothing=0.000
ADV epoch=72/200 g_loss=0.0003 d_loss=0.4245 reward=0.2931 reward_var=0.0001 unique=0.0400
D step=1/5 epoch=1/3 loss=0.4303 l2=0.2000 label_smoothing=0.000
D step=1/5 epoch=2/3 loss=0.4317 l2=0.2000 label_smoothing=0.000
D step=1/5 epoch=3/3 loss=0.4350 l2=0.2000 label_smoothing=0.000
D step=2/5 epoch=1/3 loss=0.4195 l2=0.2000 label_smoothing=0.000
D step=2/5 epoch=2/3 loss=0.4108 l2=0.2000 label_smoothing=0.000
D step=2/5 epoch=3/3 loss=0.4176 l2=0.2000 label_smoothing=0.000
D step=3/5 epoch=1/3 loss=0.4366 l2=0.2000 label_smoothing=0.000
D step=3/5 epoch=2/3 loss=0.4261 l2=0.2000 label_smoothing=0.000
D step=3/5 epoch=3/3 loss=0.4286 l2=0.2000 label_smoothing=0.000
D step=4/5 epoch=1/3 loss=0.4131 l2=0.2000 label_smoothing=0.000
D step=4/5 epoch=2/3 loss=0.4017 l2=0.2000 label_smoothing=0.000
D step=4/5 epoch=3/3 loss=0.4093 l2=0.2000 label_smoothing=0.000
D step=5/5 epoch=1/3 loss=0.4359 l2=0.2000 label_smoothing=0.000
D step=5/5 epoch=2/3 loss=0.4298 l2=0.2000 label_smoothing=0.000
D step=5/5 epoch=3/3 loss=0.4247 l2=0.2000 label_smoothing=0.000
ADV epoch=73/200 g_loss=0.0003 d_loss=0.4234 reward=0.2833 reward_var=0.0010 unique=0.0200
D step=1/5 epoch=1/3 loss=0.3986 l2=0.2000 label_smoothing=0.000
D step=1/5 epoch=2/3 loss=0.4081 l2=0.2000 label_smoothing=0.000
D step=1/5 epoch=3/3 loss=0.4049 l2=0.2000 label_smoothing=0.000
D step=2/5 epoch=1/3 loss=0.4333 l2=0.2000 label_smoothing=0.000
D step=2/5 epoch=2/3 loss=0.4239 l2=0.2000 label_smoothing=0.000
D step=2/5 epoch=3/3 loss=0.4281 l2=0.2000 label_smoothing=0.000
D step=3/5 epoch=1/3 loss=0.4237 l2=0.2000 label_smoothing=0.000
D step=3/5 epoch=2/3 loss=0.4265 l2=0.2000 label_smoothing=0.000
D step=3/5 epoch=3/3 loss=0.4237 l2=0.2000 label_smoothing=0.000
D step=4/5 epoch=1/3 loss=0.4390 l2=0.2000 label_smoothing=0.000
D step=4/5 epoch=2/3 loss=0.4436 l2=0.2000 label_smoothing=0.000
D step=4/5 epoch=3/3 loss=0.4440 l2=0.2000 label_smoothing=0.000
D step=5/5 epoch=1/3 loss=0.4336 l2=0.2000 label_smoothing=0.000
D step=5/5 epoch=2/3 loss=0.4320 l2=0.2000 label_smoothing=0.000
D step=5/5 epoch=3/3 loss=0.4348 l2=0.2000 label_smoothing=0.000
ADV epoch=74/200 g_loss=0.0036 d_loss=0.4265 reward=0.2876 reward_var=0.0018 unique=0.0400
D step=1/5 epoch=1/3 loss=0.3863 l2=0.2000 label_smoothing=0.000
D step=1/5 epoch=2/3 loss=0.3880 l2=0.2000 label_smoothing=0.000
D step=1/5 epoch=3/3 loss=0.3854 l2=0.2000 label_smoothing=0.000
D step=2/5 epoch=1/3 loss=0.4194 l2=0.2000 label_smoothing=0.000
D step=2/5 epoch=2/3 loss=0.4135 l2=0.2000 label_smoothing=0.000
D step=2/5 epoch=3/3 loss=0.4082 l2=0.2000 label_smoothing=0.000
D step=3/5 epoch=1/3 loss=0.4279 l2=0.2000 label_smoothing=0.000
D step=3/5 epoch=2/3 loss=0.4388 l2=0.2000 label_smoothing=0.000
D step=3/5 epoch=3/3 loss=0.4008 l2=0.2000 label_smoothing=0.000
D step=4/5 epoch=1/3 loss=0.3931 l2=0.2000 label_smoothing=0.000
D step=4/5 epoch=2/3 loss=0.3902 l2=0.2000 label_smoothing=0.000
D step=4/5 epoch=3/3 loss=0.3925 l2=0.2000 label_smoothing=0.000
D step=5/5 epoch=1/3 loss=0.4397 l2=0.2000 label_smoothing=0.000
D step=5/5 epoch=2/3 loss=0.4357 l2=0.2000 label_smoothing=0.000
D step=5/5 epoch=3/3 loss=0.4314 l2=0.2000 label_smoothing=0.000
ADV epoch=75/200 g_loss=0.0003 d_loss=0.4101 reward=0.3134 reward_var=0.0001 unique=0.0400
D step=1/5 epoch=1/3 loss=0.4181 l2=0.2000 label_smoothing=0.000
D step=1/5 epoch=2/3 loss=0.4164 l2=0.2000 label_smoothing=0.000
D step=1/5 epoch=3/3 loss=0.4030 l2=0.2000 label_smoothing=0.000
D step=2/5 epoch=1/3 loss=0.4102 l2=0.2000 label_smoothing=0.000
D step=2/5 epoch=2/3 loss=0.4152 l2=0.2000 label_smoothing=0.000
D step=2/5 epoch=3/3 loss=0.4137 l2=0.2000 label_smoothing=0.000
D step=3/5 epoch=1/3 loss=0.4612 l2=0.2000 label_smoothing=0.000
D step=3/5 epoch=2/3 loss=0.4519 l2=0.2000 label_smoothing=0.000
D step=3/5 epoch=3/3 loss=0.4570 l2=0.2000 label_smoothing=0.000
D step=4/5 epoch=1/3 loss=0.4160 l2=0.2000 label_smoothing=0.000
D step=4/5 epoch=2/3 loss=0.4252 l2=0.2000 label_smoothing=0.000
D step=4/5 epoch=3/3 loss=0.4256 l2=0.2000 label_smoothing=0.000
D step=5/5 epoch=1/3 loss=0.4049 l2=0.2000 label_smoothing=0.000
D step=5/5 epoch=2/3 loss=0.4055 l2=0.2000 label_smoothing=0.000
D step=5/5 epoch=3/3 loss=0.4018 l2=0.2000 label_smoothing=0.000
ADV epoch=76/200 g_loss=0.0012 d_loss=0.4217 reward=0.2722 reward_var=0.0027 unique=0.0400
D step=1/5 epoch=1/3 loss=0.4214 l2=0.2000 label_smoothing=0.000
D step=1/5 epoch=2/3 loss=0.4188 l2=0.2000 label_smoothing=0.000
D step=1/5 epoch=3/3 loss=0.4264 l2=0.2000 label_smoothing=0.000
D step=2/5 epoch=1/3 loss=0.4133 l2=0.2000 label_smoothing=0.000
D step=2/5 epoch=2/3 loss=0.4064 l2=0.2000 label_smoothing=0.000
D step=2/5 epoch=3/3 loss=0.4043 l2=0.2000 label_smoothing=0.000
D step=3/5 epoch=1/3 loss=0.4097 l2=0.2000 label_smoothing=0.000
D step=3/5 epoch=2/3 loss=0.4043 l2=0.2000 label_smoothing=0.000
D step=3/5 epoch=3/3 loss=0.4023 l2=0.2000 label_smoothing=0.000
D step=4/5 epoch=1/3 loss=0.4400 l2=0.2000 label_smoothing=0.000
D step=4/5 epoch=2/3 loss=0.4399 l2=0.2000 label_smoothing=0.000
D step=4/5 epoch=3/3 loss=0.4415 l2=0.2000 label_smoothing=0.000
D step=5/5 epoch=1/3 loss=0.4267 l2=0.2000 label_smoothing=0.000
D step=5/5 epoch=2/3 loss=0.4304 l2=0.2000 label_smoothing=0.000
D step=5/5 epoch=3/3 loss=0.4290 l2=0.2000 label_smoothing=0.000
ADV epoch=77/200 g_loss=0.0003 d_loss=0.4210 reward=0.2728 reward_var=0.0015 unique=0.1000
D step=1/5 epoch=1/3 loss=0.4369 l2=0.2000 label_smoothing=0.000
D step=1/5 epoch=2/3 loss=0.4358 l2=0.2000 label_smoothing=0.000
D step=1/5 epoch=3/3 loss=0.4361 l2=0.2000 label_smoothing=0.000
D step=2/5 epoch=1/3 loss=0.4331 l2=0.2000 label_smoothing=0.000
D step=2/5 epoch=2/3 loss=0.4346 l2=0.2000 label_smoothing=0.000
D step=2/5 epoch=3/3 loss=0.4342 l2=0.2000 label_smoothing=0.000
D step=3/5 epoch=1/3 loss=0.4118 l2=0.2000 label_smoothing=0.000
D step=3/5 epoch=2/3 loss=0.4107 l2=0.2000 label_smoothing=0.000
D step=3/5 epoch=3/3 loss=0.4131 l2=0.2000 label_smoothing=0.000
D step=4/5 epoch=1/3 loss=0.4539 l2=0.2000 label_smoothing=0.000
D step=4/5 epoch=2/3 loss=0.4542 l2=0.2000 label_smoothing=0.000
D step=4/5 epoch=3/3 loss=0.4488 l2=0.2000 label_smoothing=0.000
D step=5/5 epoch=1/3 loss=0.4173 l2=0.2000 label_smoothing=0.000
D step=5/5 epoch=2/3 loss=0.4288 l2=0.2000 label_smoothing=0.000
D step=5/5 epoch=3/3 loss=0.4209 l2=0.2000 label_smoothing=0.000
ADV epoch=78/200 g_loss=0.0003 d_loss=0.4313 reward=0.3082 reward_var=0.0001 unique=0.0400
D step=1/5 epoch=1/3 loss=0.4237 l2=0.2000 label_smoothing=0.000
D step=1/5 epoch=2/3 loss=0.4295 l2=0.2000 label_smoothing=0.000
D step=1/5 epoch=3/3 loss=0.4241 l2=0.2000 label_smoothing=0.000
D step=2/5 epoch=1/3 loss=0.4527 l2=0.2000 label_smoothing=0.000
D step=2/5 epoch=2/3 loss=0.4522 l2=0.2000 label_smoothing=0.000
D step=2/5 epoch=3/3 loss=0.4488 l2=0.2000 label_smoothing=0.000
D step=3/5 epoch=1/3 loss=0.4102 l2=0.2000 label_smoothing=0.000
D step=3/5 epoch=2/3 loss=0.4191 l2=0.2000 label_smoothing=0.000
D step=3/5 epoch=3/3 loss=0.4163 l2=0.2000 label_smoothing=0.000
D step=4/5 epoch=1/3 loss=0.4195 l2=0.2000 label_smoothing=0.000
D step=4/5 epoch=2/3 loss=0.4268 l2=0.2000 label_smoothing=0.000
D step=4/5 epoch=3/3 loss=0.4238 l2=0.2000 label_smoothing=0.000
D step=5/5 epoch=1/3 loss=0.4217 l2=0.2000 label_smoothing=0.000
D step=5/5 epoch=2/3 loss=0.4244 l2=0.2000 label_smoothing=0.000
D step=5/5 epoch=3/3 loss=0.4247 l2=0.2000 label_smoothing=0.000
ADV epoch=79/200 g_loss=0.0003 d_loss=0.4278 reward=0.3052 reward_var=0.0004 unique=0.0200
D step=1/5 epoch=1/3 loss=0.4329 l2=0.2000 label_smoothing=0.000
D step=1/5 epoch=2/3 loss=0.4332 l2=0.2000 label_smoothing=0.000
D step=1/5 epoch=3/3 loss=0.4269 l2=0.2000 label_smoothing=0.000
D step=2/5 epoch=1/3 loss=0.3889 l2=0.2000 label_smoothing=0.000
D step=2/5 epoch=2/3 loss=0.3902 l2=0.2000 label_smoothing=0.000
D step=2/5 epoch=3/3 loss=0.3976 l2=0.2000 label_smoothing=0.000
D step=3/5 epoch=1/3 loss=0.4091 l2=0.2000 label_smoothing=0.000
D step=3/5 epoch=2/3 loss=0.4092 l2=0.2000 label_smoothing=0.000
D step=3/5 epoch=3/3 loss=0.4074 l2=0.2000 label_smoothing=0.000
D step=4/5 epoch=1/3 loss=0.4325 l2=0.2000 label_smoothing=0.000
D step=4/5 epoch=2/3 loss=0.4302 l2=0.2000 label_smoothing=0.000
D step=4/5 epoch=3/3 loss=0.4371 l2=0.2000 label_smoothing=0.000
D step=5/5 epoch=1/3 loss=0.4192 l2=0.2000 label_smoothing=0.000
D step=5/5 epoch=2/3 loss=0.4197 l2=0.2000 label_smoothing=0.000
D step=5/5 epoch=3/3 loss=0.4175 l2=0.2000 label_smoothing=0.000
ADV epoch=80/200 g_loss=0.0004 d_loss=0.4168 reward=0.2783 reward_var=0.0008 unique=0.0600
D step=1/5 epoch=1/3 loss=0.4370 l2=0.2000 label_smoothing=0.000
D step=1/5 epoch=2/3 loss=0.4339 l2=0.2000 label_smoothing=0.000
D step=1/5 epoch=3/3 loss=0.4368 l2=0.2000 label_smoothing=0.000
D step=2/5 epoch=1/3 loss=0.4069 l2=0.2000 label_smoothing=0.000
D step=2/5 epoch=2/3 loss=0.4110 l2=0.2000 label_smoothing=0.000
D step=2/5 epoch=3/3 loss=0.4131 l2=0.2000 label_smoothing=0.000
D step=3/5 epoch=1/3 loss=0.4405 l2=0.2000 label_smoothing=0.000
D step=3/5 epoch=2/3 loss=0.4483 l2=0.2000 label_smoothing=0.000
D step=3/5 epoch=3/3 loss=0.4339 l2=0.2000 label_smoothing=0.000
D step=4/5 epoch=1/3 loss=0.4062 l2=0.2000 label_smoothing=0.000
D step=4/5 epoch=2/3 loss=0.4067 l2=0.2000 label_smoothing=0.000
D step=4/5 epoch=3/3 loss=0.4103 l2=0.2000 label_smoothing=0.000
D step=5/5 epoch=1/3 loss=0.4376 l2=0.2000 label_smoothing=0.000
D step=5/5 epoch=2/3 loss=0.4351 l2=0.2000 label_smoothing=0.000
D step=5/5 epoch=3/3 loss=0.4377 l2=0.2000 label_smoothing=0.000
ADV epoch=81/200 g_loss=0.0006 d_loss=0.4263 reward=0.2906 reward_var=0.0025 unique=0.0400
D step=1/5 epoch=1/3 loss=0.4406 l2=0.2000 label_smoothing=0.000
D step=1/5 epoch=2/3 loss=0.4455 l2=0.2000 label_smoothing=0.000
D step=1/5 epoch=3/3 loss=0.4434 l2=0.2000 label_smoothing=0.000
D step=2/5 epoch=1/3 loss=0.4508 l2=0.2000 label_smoothing=0.000
D step=2/5 epoch=2/3 loss=0.4493 l2=0.2000 label_smoothing=0.000
D step=2/5 epoch=3/3 loss=0.4530 l2=0.2000 label_smoothing=0.000
D step=3/5 epoch=1/3 loss=0.4203 l2=0.2000 label_smoothing=0.000
D step=3/5 epoch=2/3 loss=0.4280 l2=0.2000 label_smoothing=0.000
D step=3/5 epoch=3/3 loss=0.4284 l2=0.2000 label_smoothing=0.000
D step=4/5 epoch=1/3 loss=0.4418 l2=0.2000 label_smoothing=0.000
D step=4/5 epoch=2/3 loss=0.4479 l2=0.2000 label_smoothing=0.000
D step=4/5 epoch=3/3 loss=0.4415 l2=0.2000 label_smoothing=0.000
D step=5/5 epoch=1/3 loss=0.4237 l2=0.2000 label_smoothing=0.000
D step=5/5 epoch=2/3 loss=0.4218 l2=0.2000 label_smoothing=0.000
D step=5/5 epoch=3/3 loss=0.4182 l2=0.2000 label_smoothing=0.000
ADV epoch=82/200 g_loss=0.0003 d_loss=0.4369 reward=0.2872 reward_var=0.0001 unique=0.0400
D step=1/5 epoch=1/3 loss=0.4268 l2=0.2000 label_smoothing=0.000
D step=1/5 epoch=2/3 loss=0.4245 l2=0.2000 label_smoothing=0.000
D step=1/5 epoch=3/3 loss=0.4206 l2=0.2000 label_smoothing=0.000
D step=2/5 epoch=1/3 loss=0.3949 l2=0.2000 label_smoothing=0.000
D step=2/5 epoch=2/3 loss=0.3945 l2=0.2000 label_smoothing=0.000
D step=2/5 epoch=3/3 loss=0.3918 l2=0.2000 label_smoothing=0.000
D step=3/5 epoch=1/3 loss=0.4025 l2=0.2000 label_smoothing=0.000
D step=3/5 epoch=2/3 loss=0.3970 l2=0.2000 label_smoothing=0.000
D step=3/5 epoch=3/3 loss=0.4060 l2=0.2000 label_smoothing=0.000
D step=4/5 epoch=1/3 loss=0.4439 l2=0.2000 label_smoothing=0.000
D step=4/5 epoch=2/3 loss=0.4489 l2=0.2000 label_smoothing=0.000
D step=4/5 epoch=3/3 loss=0.4421 l2=0.2000 label_smoothing=0.000
D step=5/5 epoch=1/3 loss=0.4312 l2=0.2000 label_smoothing=0.000
D step=5/5 epoch=2/3 loss=0.4381 l2=0.2000 label_smoothing=0.000
D step=5/5 epoch=3/3 loss=0.4361 l2=0.2000 label_smoothing=0.000
ADV epoch=83/200 g_loss=0.0003 d_loss=0.4199 reward=0.2995 reward_var=0.0016 unique=0.0400
D step=1/5 epoch=1/3 loss=0.4009 l2=0.2000 label_smoothing=0.000
D step=1/5 epoch=2/3 loss=0.4046 l2=0.2000 label_smoothing=0.000
D step=1/5 epoch=3/3 loss=0.3984 l2=0.2000 label_smoothing=0.000
D step=2/5 epoch=1/3 loss=0.4252 l2=0.2000 label_smoothing=0.000
D step=2/5 epoch=2/3 loss=0.4183 l2=0.2000 label_smoothing=0.000
D step=2/5 epoch=3/3 loss=0.4164 l2=0.2000 label_smoothing=0.000
D step=3/5 epoch=1/3 loss=0.3989 l2=0.2000 label_smoothing=0.000
D step=3/5 epoch=2/3 loss=0.3957 l2=0.2000 label_smoothing=0.000
D step=3/5 epoch=3/3 loss=0.4003 l2=0.2000 label_smoothing=0.000
D step=4/5 epoch=1/3 loss=0.4066 l2=0.2000 label_smoothing=0.000
D step=4/5 epoch=2/3 loss=0.4097 l2=0.2000 label_smoothing=0.000
D step=4/5 epoch=3/3 loss=0.4089 l2=0.2000 label_smoothing=0.000
D step=5/5 epoch=1/3 loss=0.4150 l2=0.2000 label_smoothing=0.000
D step=5/5 epoch=2/3 loss=0.4166 l2=0.2000 label_smoothing=0.000
D step=5/5 epoch=3/3 loss=0.4096 l2=0.2000 label_smoothing=0.000
ADV epoch=84/200 g_loss=0.0003 d_loss=0.4083 reward=0.3188 reward_var=0.0014 unique=0.0800
D step=1/5 epoch=1/3 loss=0.4315 l2=0.2000 label_smoothing=0.000
D step=1/5 epoch=2/3 loss=0.4277 l2=0.2000 label_smoothing=0.000
D step=1/5 epoch=3/3 loss=0.4371 l2=0.2000 label_smoothing=0.000
D step=2/5 epoch=1/3 loss=0.4143 l2=0.2000 label_smoothing=0.000
D step=2/5 epoch=2/3 loss=0.4191 l2=0.2000 label_smoothing=0.000
D step=2/5 epoch=3/3 loss=0.4107 l2=0.2000 label_smoothing=0.000
D step=3/5 epoch=1/3 loss=0.4026 l2=0.2000 label_smoothing=0.000
D step=3/5 epoch=2/3 loss=0.4061 l2=0.2000 label_smoothing=0.000
D step=3/5 epoch=3/3 loss=0.4035 l2=0.2000 label_smoothing=0.000
D step=4/5 epoch=1/3 loss=0.4137 l2=0.2000 label_smoothing=0.000
D step=4/5 epoch=2/3 loss=0.4095 l2=0.2000 label_smoothing=0.000
D step=4/5 epoch=3/3 loss=0.4193 l2=0.2000 label_smoothing=0.000
D step=5/5 epoch=1/3 loss=0.4218 l2=0.2000 label_smoothing=0.000
D step=5/5 epoch=2/3 loss=0.4243 l2=0.2000 label_smoothing=0.000
D step=5/5 epoch=3/3 loss=0.4137 l2=0.2000 label_smoothing=0.000
ADV epoch=85/200 g_loss=0.0003 d_loss=0.4170 reward=0.2821 reward_var=0.0000 unique=0.0400
D step=1/5 epoch=1/3 loss=0.4178 l2=0.2000 label_smoothing=0.000
D step=1/5 epoch=2/3 loss=0.4224 l2=0.2000 label_smoothing=0.000
D step=1/5 epoch=3/3 loss=0.4243 l2=0.2000 label_smoothing=0.000
D step=2/5 epoch=1/3 loss=0.4215 l2=0.2000 label_smoothing=0.000
D step=2/5 epoch=2/3 loss=0.4262 l2=0.2000 label_smoothing=0.000
D step=2/5 epoch=3/3 loss=0.4245 l2=0.2000 label_smoothing=0.000
D step=3/5 epoch=1/3 loss=0.4194 l2=0.2000 label_smoothing=0.000
D step=3/5 epoch=2/3 loss=0.4186 l2=0.2000 label_smoothing=0.000
D step=3/5 epoch=3/3 loss=0.4124 l2=0.2000 label_smoothing=0.000
D step=4/5 epoch=1/3 loss=0.4316 l2=0.2000 label_smoothing=0.000
D step=4/5 epoch=2/3 loss=0.4297 l2=0.2000 label_smoothing=0.000
D step=4/5 epoch=3/3 loss=0.4302 l2=0.2000 label_smoothing=0.000
D step=5/5 epoch=1/3 loss=0.4461 l2=0.2000 label_smoothing=0.000
D step=5/5 epoch=2/3 loss=0.4383 l2=0.2000 label_smoothing=0.000
D step=5/5 epoch=3/3 loss=0.4459 l2=0.2000 label_smoothing=0.000
ADV epoch=86/200 g_loss=0.0003 d_loss=0.4273 reward=0.2902 reward_var=0.0013 unique=0.0200
D step=1/5 epoch=1/3 loss=0.4134 l2=0.2000 label_smoothing=0.000
D step=1/5 epoch=2/3 loss=0.4128 l2=0.2000 label_smoothing=0.000
D step=1/5 epoch=3/3 loss=0.4129 l2=0.2000 label_smoothing=0.000
D step=2/5 epoch=1/3 loss=0.4481 l2=0.2000 label_smoothing=0.000
D step=2/5 epoch=2/3 loss=0.4456 l2=0.2000 label_smoothing=0.000
D step=2/5 epoch=3/3 loss=0.4531 l2=0.2000 label_smoothing=0.000
D step=3/5 epoch=1/3 loss=0.4294 l2=0.2000 label_smoothing=0.000
D step=3/5 epoch=2/3 loss=0.4264 l2=0.2000 label_smoothing=0.000
D step=3/5 epoch=3/3 loss=0.4235 l2=0.2000 label_smoothing=0.000
D step=4/5 epoch=1/3 loss=0.4240 l2=0.2000 label_smoothing=0.000
D step=4/5 epoch=2/3 loss=0.4223 l2=0.2000 label_smoothing=0.000
D step=4/5 epoch=3/3 loss=0.4194 l2=0.2000 label_smoothing=0.000
D step=5/5 epoch=1/3 loss=0.4264 l2=0.2000 label_smoothing=0.000
D step=5/5 epoch=2/3 loss=0.4347 l2=0.2000 label_smoothing=0.000
D step=5/5 epoch=3/3 loss=0.4269 l2=0.2000 label_smoothing=0.000
ADV epoch=87/200 g_loss=0.0003 d_loss=0.4279 reward=0.2940 reward_var=0.0006 unique=0.0200
D step=1/5 epoch=1/3 loss=0.4031 l2=0.2000 label_smoothing=0.000
D step=1/5 epoch=2/3 loss=0.4008 l2=0.2000 label_smoothing=0.000
D step=1/5 epoch=3/3 loss=0.4047 l2=0.2000 label_smoothing=0.000
D step=2/5 epoch=1/3 loss=0.4229 l2=0.2000 label_smoothing=0.000
D step=2/5 epoch=2/3 loss=0.4243 l2=0.2000 label_smoothing=0.000
D step=2/5 epoch=3/3 loss=0.4207 l2=0.2000 label_smoothing=0.000
D step=3/5 epoch=1/3 loss=0.4343 l2=0.2000 label_smoothing=0.000
D step=3/5 epoch=2/3 loss=0.4310 l2=0.2000 label_smoothing=0.000
D step=3/5 epoch=3/3 loss=0.4324 l2=0.2000 label_smoothing=0.000
D step=4/5 epoch=1/3 loss=0.4071 l2=0.2000 label_smoothing=0.000
D step=4/5 epoch=2/3 loss=0.4026 l2=0.2000 label_smoothing=0.000
D step=4/5 epoch=3/3 loss=0.4054 l2=0.2000 label_smoothing=0.000
D step=5/5 epoch=1/3 loss=0.4449 l2=0.2000 label_smoothing=0.000
D step=5/5 epoch=2/3 loss=0.4324 l2=0.2000 label_smoothing=0.000
D step=5/5 epoch=3/3 loss=0.4187 l2=0.2000 label_smoothing=0.000
ADV epoch=88/200 g_loss=0.0003 d_loss=0.4190 reward=0.2828 reward_var=0.0008 unique=0.0400
D step=1/5 epoch=1/3 loss=0.4329 l2=0.2000 label_smoothing=0.000
D step=1/5 epoch=2/3 loss=0.4304 l2=0.2000 label_smoothing=0.000
D step=1/5 epoch=3/3 loss=0.4310 l2=0.2000 label_smoothing=0.000
D step=2/5 epoch=1/3 loss=0.4183 l2=0.2000 label_smoothing=0.000
D step=2/5 epoch=2/3 loss=0.4058 l2=0.2000 label_smoothing=0.000
D step=2/5 epoch=3/3 loss=0.4111 l2=0.2000 label_smoothing=0.000
D step=3/5 epoch=1/3 loss=0.4252 l2=0.2000 label_smoothing=0.000
D step=3/5 epoch=2/3 loss=0.4225 l2=0.2000 label_smoothing=0.000
D step=3/5 epoch=3/3 loss=0.4277 l2=0.2000 label_smoothing=0.000
D step=4/5 epoch=1/3 loss=0.4350 l2=0.2000 label_smoothing=0.000
D step=4/5 epoch=2/3 loss=0.4422 l2=0.2000 label_smoothing=0.000
D step=4/5 epoch=3/3 loss=0.4368 l2=0.2000 label_smoothing=0.000
D step=5/5 epoch=1/3 loss=0.4249 l2=0.2000 label_smoothing=0.000
D step=5/5 epoch=2/3 loss=0.4193 l2=0.2000 label_smoothing=0.000
D step=5/5 epoch=3/3 loss=0.4184 l2=0.2000 label_smoothing=0.000
ADV epoch=89/200 g_loss=0.0002 d_loss=0.4254 reward=0.2712 reward_var=0.0011 unique=0.0400
D step=1/5 epoch=1/3 loss=0.4262 l2=0.2000 label_smoothing=0.000
D step=1/5 epoch=2/3 loss=0.4222 l2=0.2000 label_smoothing=0.000
D step=1/5 epoch=3/3 loss=0.4209 l2=0.2000 label_smoothing=0.000
D step=2/5 epoch=1/3 loss=0.4491 l2=0.2000 label_smoothing=0.000
D step=2/5 epoch=2/3 loss=0.4399 l2=0.2000 label_smoothing=0.000
D step=2/5 epoch=3/3 loss=0.4440 l2=0.2000 label_smoothing=0.000
D step=3/5 epoch=1/3 loss=0.4129 l2=0.2000 label_smoothing=0.000
D step=3/5 epoch=2/3 loss=0.4122 l2=0.2000 label_smoothing=0.000
D step=3/5 epoch=3/3 loss=0.4135 l2=0.2000 label_smoothing=0.000
D step=4/5 epoch=1/3 loss=0.4246 l2=0.2000 label_smoothing=0.000
D step=4/5 epoch=2/3 loss=0.4326 l2=0.2000 label_smoothing=0.000
D step=4/5 epoch=3/3 loss=0.4267 l2=0.2000 label_smoothing=0.000
D step=5/5 epoch=1/3 loss=0.4350 l2=0.2000 label_smoothing=0.000
D step=5/5 epoch=2/3 loss=0.4329 l2=0.2000 label_smoothing=0.000
D step=5/5 epoch=3/3 loss=0.4327 l2=0.2000 label_smoothing=0.000
ADV epoch=90/200 g_loss=0.0022 d_loss=0.4284 reward=0.3007 reward_var=0.0008 unique=0.0400
D step=1/5 epoch=1/3 loss=0.4346 l2=0.2000 label_smoothing=0.000
D step=1/5 epoch=2/3 loss=0.4338 l2=0.2000 label_smoothing=0.000
D step=1/5 epoch=3/3 loss=0.4338 l2=0.2000 label_smoothing=0.000
D step=2/5 epoch=1/3 loss=0.4344 l2=0.2000 label_smoothing=0.000
D step=2/5 epoch=2/3 loss=0.4312 l2=0.2000 label_smoothing=0.000
D step=2/5 epoch=3/3 loss=0.4338 l2=0.2000 label_smoothing=0.000
D step=3/5 epoch=1/3 loss=0.4242 l2=0.2000 label_smoothing=0.000
D step=3/5 epoch=2/3 loss=0.4265 l2=0.2000 label_smoothing=0.000
D step=3/5 epoch=3/3 loss=0.4246 l2=0.2000 label_smoothing=0.000
D step=4/5 epoch=1/3 loss=0.4296 l2=0.2000 label_smoothing=0.000
D step=4/5 epoch=2/3 loss=0.4325 l2=0.2000 label_smoothing=0.000
D step=4/5 epoch=3/3 loss=0.4328 l2=0.2000 label_smoothing=0.000
D step=5/5 epoch=1/3 loss=0.4097 l2=0.2000 label_smoothing=0.000
D step=5/5 epoch=2/3 loss=0.4159 l2=0.2000 label_smoothing=0.000
D step=5/5 epoch=3/3 loss=0.4106 l2=0.2000 label_smoothing=0.000
ADV epoch=91/200 g_loss=0.0003 d_loss=0.4272 reward=0.2925 reward_var=0.0014 unique=0.0200
D step=1/5 epoch=1/3 loss=0.4334 l2=0.2000 label_smoothing=0.000
D step=1/5 epoch=2/3 loss=0.4366 l2=0.2000 label_smoothing=0.000
D step=1/5 epoch=3/3 loss=0.4318 l2=0.2000 label_smoothing=0.000
D step=2/5 epoch=1/3 loss=0.4359 l2=0.2000 label_smoothing=0.000
D step=2/5 epoch=2/3 loss=0.4376 l2=0.2000 label_smoothing=0.000
D step=2/5 epoch=3/3 loss=0.4371 l2=0.2000 label_smoothing=0.000
D step=3/5 epoch=1/3 loss=0.4288 l2=0.2000 label_smoothing=0.000
D step=3/5 epoch=2/3 loss=0.4256 l2=0.2000 label_smoothing=0.000
D step=3/5 epoch=3/3 loss=0.4311 l2=0.2000 label_smoothing=0.000
D step=4/5 epoch=1/3 loss=0.4291 l2=0.2000 label_smoothing=0.000
D step=4/5 epoch=2/3 loss=0.4223 l2=0.2000 label_smoothing=0.000
D step=4/5 epoch=3/3 loss=0.4194 l2=0.2000 label_smoothing=0.000
D step=5/5 epoch=1/3 loss=0.4306 l2=0.2000 label_smoothing=0.000
D step=5/5 epoch=2/3 loss=0.4269 l2=0.2000 label_smoothing=0.000
D step=5/5 epoch=3/3 loss=0.4310 l2=0.2000 label_smoothing=0.000
ADV epoch=92/200 g_loss=0.0002 d_loss=0.4305 reward=0.2763 reward_var=0.0017 unique=0.0400
D step=1/5 epoch=1/3 loss=0.4314 l2=0.2000 label_smoothing=0.000
D step=1/5 epoch=2/3 loss=0.4292 l2=0.2000 label_smoothing=0.000
D step=1/5 epoch=3/3 loss=0.4319 l2=0.2000 label_smoothing=0.000
D step=2/5 epoch=1/3 loss=0.4282 l2=0.2000 label_smoothing=0.000
D step=2/5 epoch=2/3 loss=0.4419 l2=0.2000 label_smoothing=0.000
D step=2/5 epoch=3/3 loss=0.4342 l2=0.2000 label_smoothing=0.000
D step=3/5 epoch=1/3 loss=0.4093 l2=0.2000 label_smoothing=0.000
D step=3/5 epoch=2/3 loss=0.4147 l2=0.2000 label_smoothing=0.000
D step=3/5 epoch=3/3 loss=0.4147 l2=0.2000 label_smoothing=0.000
D step=4/5 epoch=1/3 loss=0.4191 l2=0.2000 label_smoothing=0.000
D step=4/5 epoch=2/3 loss=0.4218 l2=0.2000 label_smoothing=0.000
D step=4/5 epoch=3/3 loss=0.4226 l2=0.2000 label_smoothing=0.000
D step=5/5 epoch=1/3 loss=0.4393 l2=0.2000 label_smoothing=0.000
D step=5/5 epoch=2/3 loss=0.4472 l2=0.2000 label_smoothing=0.000
D step=5/5 epoch=3/3 loss=0.4368 l2=0.2000 label_smoothing=0.000
ADV epoch=93/200 g_loss=0.0002 d_loss=0.4282 reward=0.2918 reward_var=0.0004 unique=0.0200
D step=1/5 epoch=1/3 loss=0.4064 l2=0.2000 label_smoothing=0.000
D step=1/5 epoch=2/3 loss=0.4033 l2=0.2000 label_smoothing=0.000
D step=1/5 epoch=3/3 loss=0.4060 l2=0.2000 label_smoothing=0.000
D step=2/5 epoch=1/3 loss=0.4506 l2=0.2000 label_smoothing=0.000
D step=2/5 epoch=2/3 loss=0.4447 l2=0.2000 label_smoothing=0.000
D step=2/5 epoch=3/3 loss=0.4406 l2=0.2000 label_smoothing=0.000
D step=3/5 epoch=1/3 loss=0.4261 l2=0.2000 label_smoothing=0.000
D step=3/5 epoch=2/3 loss=0.4249 l2=0.2000 label_smoothing=0.000
D step=3/5 epoch=3/3 loss=0.4262 l2=0.2000 label_smoothing=0.000
D step=4/5 epoch=1/3 loss=0.4691 l2=0.2000 label_smoothing=0.000
D step=4/5 epoch=2/3 loss=0.4646 l2=0.2000 label_smoothing=0.000
D step=4/5 epoch=3/3 loss=0.4655 l2=0.2000 label_smoothing=0.000
D step=5/5 epoch=1/3 loss=0.3962 l2=0.2000 label_smoothing=0.000
D step=5/5 epoch=2/3 loss=0.4003 l2=0.2000 label_smoothing=0.000
D step=5/5 epoch=3/3 loss=0.3932 l2=0.2000 label_smoothing=0.000
ADV epoch=94/200 g_loss=0.0003 d_loss=0.4278 reward=0.2994 reward_var=0.0007 unique=0.0600
D step=1/5 epoch=1/3 loss=0.4137 l2=0.2000 label_smoothing=0.000
D step=1/5 epoch=2/3 loss=0.4155 l2=0.2000 label_smoothing=0.000
D step=1/5 epoch=3/3 loss=0.4059 l2=0.2000 label_smoothing=0.000
D step=2/5 epoch=1/3 loss=0.4057 l2=0.2000 label_smoothing=0.000
D step=2/5 epoch=2/3 loss=0.4099 l2=0.2000 label_smoothing=0.000
D step=2/5 epoch=3/3 loss=0.4137 l2=0.2000 label_smoothing=0.000
D step=3/5 epoch=1/3 loss=0.4664 l2=0.2000 label_smoothing=0.000
D step=3/5 epoch=2/3 loss=0.4619 l2=0.2000 label_smoothing=0.000
D step=3/5 epoch=3/3 loss=0.4693 l2=0.2000 label_smoothing=0.000
D step=4/5 epoch=1/3 loss=0.4206 l2=0.2000 label_smoothing=0.000
D step=4/5 epoch=2/3 loss=0.4159 l2=0.2000 label_smoothing=0.000
D step=4/5 epoch=3/3 loss=0.4240 l2=0.2000 label_smoothing=0.000
D step=5/5 epoch=1/3 loss=0.4148 l2=0.2000 label_smoothing=0.000
D step=5/5 epoch=2/3 loss=0.4079 l2=0.2000 label_smoothing=0.000
D step=5/5 epoch=3/3 loss=0.4150 l2=0.2000 label_smoothing=0.000
ADV epoch=95/200 g_loss=0.0002 d_loss=0.4240 reward=0.2918 reward_var=0.0022 unique=0.0200
D step=1/5 epoch=1/3 loss=0.3924 l2=0.2000 label_smoothing=0.000
D step=1/5 epoch=2/3 loss=0.3879 l2=0.2000 label_smoothing=0.000
D step=1/5 epoch=3/3 loss=0.3917 l2=0.2000 label_smoothing=0.000
D step=2/5 epoch=1/3 loss=0.4580 l2=0.2000 label_smoothing=0.000
D step=2/5 epoch=2/3 loss=0.4558 l2=0.2000 label_smoothing=0.000
D step=2/5 epoch=3/3 loss=0.4567 l2=0.2000 label_smoothing=0.000
D step=3/5 epoch=1/3 loss=0.4186 l2=0.2000 label_smoothing=0.000
D step=3/5 epoch=2/3 loss=0.4234 l2=0.2000 label_smoothing=0.000
D step=3/5 epoch=3/3 loss=0.4180 l2=0.2000 label_smoothing=0.000
D step=4/5 epoch=1/3 loss=0.4479 l2=0.2000 label_smoothing=0.000
D step=4/5 epoch=2/3 loss=0.4462 l2=0.2000 label_smoothing=0.000
D step=4/5 epoch=3/3 loss=0.4502 l2=0.2000 label_smoothing=0.000
D step=5/5 epoch=1/3 loss=0.4054 l2=0.2000 label_smoothing=0.000
D step=5/5 epoch=2/3 loss=0.4048 l2=0.2000 label_smoothing=0.000
D step=5/5 epoch=3/3 loss=0.4002 l2=0.2000 label_smoothing=0.000
ADV epoch=96/200 g_loss=0.0002 d_loss=0.4238 reward=0.2896 reward_var=0.0000 unique=0.0400
D step=1/5 epoch=1/3 loss=0.4093 l2=0.2000 label_smoothing=0.000
D step=1/5 epoch=2/3 loss=0.4067 l2=0.2000 label_smoothing=0.000
D step=1/5 epoch=3/3 loss=0.4060 l2=0.2000 label_smoothing=0.000
D step=2/5 epoch=1/3 loss=0.4553 l2=0.2000 label_smoothing=0.000
D step=2/5 epoch=2/3 loss=0.4528 l2=0.2000 label_smoothing=0.000
D step=2/5 epoch=3/3 loss=0.4468 l2=0.2000 label_smoothing=0.000
D step=3/5 epoch=1/3 loss=0.4343 l2=0.2000 label_smoothing=0.000
D step=3/5 epoch=2/3 loss=0.4332 l2=0.2000 label_smoothing=0.000
D step=3/5 epoch=3/3 loss=0.4325 l2=0.2000 label_smoothing=0.000
D step=4/5 epoch=1/3 loss=0.4295 l2=0.2000 label_smoothing=0.000
D step=4/5 epoch=2/3 loss=0.4318 l2=0.2000 label_smoothing=0.000
D step=4/5 epoch=3/3 loss=0.4393 l2=0.2000 label_smoothing=0.000
D step=5/5 epoch=1/3 loss=0.4006 l2=0.2000 label_smoothing=0.000
D step=5/5 epoch=2/3 loss=0.4026 l2=0.2000 label_smoothing=0.000
D step=5/5 epoch=3/3 loss=0.3989 l2=0.2000 label_smoothing=0.000
ADV epoch=97/200 g_loss=0.0002 d_loss=0.4253 reward=0.2763 reward_var=0.0007 unique=0.0400
D step=1/5 epoch=1/3 loss=0.4135 l2=0.2000 label_smoothing=0.000
D step=1/5 epoch=2/3 loss=0.4175 l2=0.2000 label_smoothing=0.000
D step=1/5 epoch=3/3 loss=0.4144 l2=0.2000 label_smoothing=0.000
D step=2/5 epoch=1/3 loss=0.4258 l2=0.2000 label_smoothing=0.000
D step=2/5 epoch=2/3 loss=0.4243 l2=0.2000 label_smoothing=0.000
D step=2/5 epoch=3/3 loss=0.4298 l2=0.2000 label_smoothing=0.000
D step=3/5 epoch=1/3 loss=0.3983 l2=0.2000 label_smoothing=0.000
D step=3/5 epoch=2/3 loss=0.3944 l2=0.2000 label_smoothing=0.000
D step=3/5 epoch=3/3 loss=0.3896 l2=0.2000 label_smoothing=0.000
D step=4/5 epoch=1/3 loss=0.4161 l2=0.2000 label_smoothing=0.000
D step=4/5 epoch=2/3 loss=0.4151 l2=0.2000 label_smoothing=0.000
D step=4/5 epoch=3/3 loss=0.4188 l2=0.2000 label_smoothing=0.000
D step=5/5 epoch=1/3 loss=0.4283 l2=0.2000 label_smoothing=0.000
D step=5/5 epoch=2/3 loss=0.4288 l2=0.2000 label_smoothing=0.000
D step=5/5 epoch=3/3 loss=0.4311 l2=0.2000 label_smoothing=0.000
ADV epoch=98/200 g_loss=0.0002 d_loss=0.4164 reward=0.2658 reward_var=0.0014 unique=0.0400
D step=1/5 epoch=1/3 loss=0.4314 l2=0.2000 label_smoothing=0.000
D step=1/5 epoch=2/3 loss=0.4271 l2=0.2000 label_smoothing=0.000
D step=1/5 epoch=3/3 loss=0.4361 l2=0.2000 label_smoothing=0.000
D step=2/5 epoch=1/3 loss=0.4514 l2=0.2000 label_smoothing=0.000
D step=2/5 epoch=2/3 loss=0.4471 l2=0.2000 label_smoothing=0.000
D step=2/5 epoch=3/3 loss=0.4505 l2=0.2000 label_smoothing=0.000
D step=3/5 epoch=1/3 loss=0.4007 l2=0.2000 label_smoothing=0.000
D step=3/5 epoch=2/3 loss=0.3955 l2=0.2000 label_smoothing=0.000
D step=3/5 epoch=3/3 loss=0.3890 l2=0.2000 label_smoothing=0.000
D step=4/5 epoch=1/3 loss=0.3807 l2=0.2000 label_smoothing=0.000
D step=4/5 epoch=2/3 loss=0.3827 l2=0.2000 label_smoothing=0.000
D step=4/5 epoch=3/3 loss=0.3742 l2=0.2000 label_smoothing=0.000
D step=5/5 epoch=1/3 loss=0.3873 l2=0.2000 label_smoothing=0.000
D step=5/5 epoch=2/3 loss=0.3822 l2=0.2000 label_smoothing=0.000
D step=5/5 epoch=3/3 loss=0.3822 l2=0.2000 label_smoothing=0.000
ADV epoch=99/200 g_loss=0.0002 d_loss=0.4079 reward=0.2885 reward_var=0.0024 unique=0.0600
D step=1/5 epoch=1/3 loss=0.4050 l2=0.2000 label_smoothing=0.000
D step=1/5 epoch=2/3 loss=0.4030 l2=0.2000 label_smoothing=0.000
D step=1/5 epoch=3/3 loss=0.4063 l2=0.2000 label_smoothing=0.000
D step=2/5 epoch=1/3 loss=0.3967 l2=0.2000 label_smoothing=0.000
D step=2/5 epoch=2/3 loss=0.3993 l2=0.2000 label_smoothing=0.000
D step=2/5 epoch=3/3 loss=0.3994 l2=0.2000 label_smoothing=0.000
D step=3/5 epoch=1/3 loss=0.4431 l2=0.2000 label_smoothing=0.000
D step=3/5 epoch=2/3 loss=0.4427 l2=0.2000 label_smoothing=0.000
D step=3/5 epoch=3/3 loss=0.4413 l2=0.2000 label_smoothing=0.000
D step=4/5 epoch=1/3 loss=0.4307 l2=0.2000 label_smoothing=0.000
D step=4/5 epoch=2/3 loss=0.4242 l2=0.2000 label_smoothing=0.000
D step=4/5 epoch=3/3 loss=0.4301 l2=0.2000 label_smoothing=0.000
D step=5/5 epoch=1/3 loss=0.4242 l2=0.2000 label_smoothing=0.000
D step=5/5 epoch=2/3 loss=0.4200 l2=0.2000 label_smoothing=0.000
D step=5/5 epoch=3/3 loss=0.4223 l2=0.2000 label_smoothing=0.000
ADV epoch=100/200 g_loss=0.0002 d_loss=0.4192 reward=0.2436 reward_var=0.0000 unique=0.0200
D step=1/5 epoch=1/3 loss=0.4239 l2=0.2000 label_smoothing=0.000
D step=1/5 epoch=2/3 loss=0.4217 l2=0.2000 label_smoothing=0.000
D step=1/5 epoch=3/3 loss=0.4202 l2=0.2000 label_smoothing=0.000
D step=2/5 epoch=1/3 loss=0.4099 l2=0.2000 label_smoothing=0.000
D step=2/5 epoch=2/3 loss=0.4104 l2=0.2000 label_smoothing=0.000
D step=2/5 epoch=3/3 loss=0.4181 l2=0.2000 label_smoothing=0.000
D step=3/5 epoch=1/3 loss=0.4465 l2=0.2000 label_smoothing=0.000
D step=3/5 epoch=2/3 loss=0.4493 l2=0.2000 label_smoothing=0.000
D step=3/5 epoch=3/3 loss=0.4469 l2=0.2000 label_smoothing=0.000
D step=4/5 epoch=1/3 loss=0.4444 l2=0.2000 label_smoothing=0.000
D step=4/5 epoch=2/3 loss=0.4446 l2=0.2000 label_smoothing=0.000
D step=4/5 epoch=3/3 loss=0.4483 l2=0.2000 label_smoothing=0.000
D step=5/5 epoch=1/3 loss=0.4238 l2=0.2000 label_smoothing=0.000
D step=5/5 epoch=2/3 loss=0.4249 l2=0.2000 label_smoothing=0.000
D step=5/5 epoch=3/3 loss=0.4245 l2=0.2000 label_smoothing=0.000
ADV epoch=101/200 g_loss=0.0002 d_loss=0.4305 reward=0.2889 reward_var=0.0016 unique=0.0400
D step=1/5 epoch=1/3 loss=0.4195 l2=0.2000 label_smoothing=0.000
D step=1/5 epoch=2/3 loss=0.4146 l2=0.2000 label_smoothing=0.000
D step=1/5 epoch=3/3 loss=0.4187 l2=0.2000 label_smoothing=0.000
D step=2/5 epoch=1/3 loss=0.4140 l2=0.2000 label_smoothing=0.000
D step=2/5 epoch=2/3 loss=0.4152 l2=0.2000 label_smoothing=0.000
D step=2/5 epoch=3/3 loss=0.4198 l2=0.2000 label_smoothing=0.000
D step=3/5 epoch=1/3 loss=0.4060 l2=0.2000 label_smoothing=0.000
D step=3/5 epoch=2/3 loss=0.4040 l2=0.2000 label_smoothing=0.000
D step=3/5 epoch=3/3 loss=0.4056 l2=0.2000 label_smoothing=0.000
D step=4/5 epoch=1/3 loss=0.4295 l2=0.2000 label_smoothing=0.000
D step=4/5 epoch=2/3 loss=0.4266 l2=0.2000 label_smoothing=0.000
D step=4/5 epoch=3/3 loss=0.4238 l2=0.2000 label_smoothing=0.000
D step=5/5 epoch=1/3 loss=0.4373 l2=0.2000 label_smoothing=0.000
D step=5/5 epoch=2/3 loss=0.4362 l2=0.2000 label_smoothing=0.000
D step=5/5 epoch=3/3 loss=0.4371 l2=0.2000 label_smoothing=0.000
ADV epoch=102/200 g_loss=0.0002 d_loss=0.4205 reward=0.3166 reward_var=0.0000 unique=0.0400
D step=1/5 epoch=1/3 loss=0.4271 l2=0.2000 label_smoothing=0.000
D step=1/5 epoch=2/3 loss=0.4177 l2=0.2000 label_smoothing=0.000
D step=1/5 epoch=3/3 loss=0.4235 l2=0.2000 label_smoothing=0.000
D step=2/5 epoch=1/3 loss=0.4130 l2=0.2000 label_smoothing=0.000
D step=2/5 epoch=2/3 loss=0.4207 l2=0.2000 label_smoothing=0.000
D step=2/5 epoch=3/3 loss=0.4133 l2=0.2000 label_smoothing=0.000
D step=3/5 epoch=1/3 loss=0.3986 l2=0.2000 label_smoothing=0.000
D step=3/5 epoch=2/3 loss=0.4057 l2=0.2000 label_smoothing=0.000
D step=3/5 epoch=3/3 loss=0.4049 l2=0.2000 label_smoothing=0.000
D step=4/5 epoch=1/3 loss=0.3895 l2=0.2000 label_smoothing=0.000
D step=4/5 epoch=2/3 loss=0.3890 l2=0.2000 label_smoothing=0.000
D step=4/5 epoch=3/3 loss=0.3920 l2=0.2000 label_smoothing=0.000
D step=5/5 epoch=1/3 loss=0.4464 l2=0.2000 label_smoothing=0.000
D step=5/5 epoch=2/3 loss=0.4469 l2=0.2000 label_smoothing=0.000
D step=5/5 epoch=3/3 loss=0.4443 l2=0.2000 label_smoothing=0.000
ADV epoch=103/200 g_loss=0.0002 d_loss=0.4155 reward=0.2941 reward_var=0.0000 unique=0.0600
D step=1/5 epoch=1/3 loss=0.4366 l2=0.2000 label_smoothing=0.000
D step=1/5 epoch=2/3 loss=0.4318 l2=0.2000 label_smoothing=0.000
D step=1/5 epoch=3/3 loss=0.4338 l2=0.2000 label_smoothing=0.000
D step=2/5 epoch=1/3 loss=0.4116 l2=0.2000 label_smoothing=0.000
D step=2/5 epoch=2/3 loss=0.4188 l2=0.2000 label_smoothing=0.000
D step=2/5 epoch=3/3 loss=0.4177 l2=0.2000 label_smoothing=0.000
D step=3/5 epoch=1/3 loss=0.4228 l2=0.2000 label_smoothing=0.000
D step=3/5 epoch=2/3 loss=0.4343 l2=0.2000 label_smoothing=0.000
D step=3/5 epoch=3/3 loss=0.4339 l2=0.2000 label_smoothing=0.000
D step=4/5 epoch=1/3 loss=0.4075 l2=0.2000 label_smoothing=0.000
D step=4/5 epoch=2/3 loss=0.4225 l2=0.2000 label_smoothing=0.000
D step=4/5 epoch=3/3 loss=0.4151 l2=0.2000 label_smoothing=0.000
D step=5/5 epoch=1/3 loss=0.4334 l2=0.2000 label_smoothing=0.000
D step=5/5 epoch=2/3 loss=0.4282 l2=0.2000 label_smoothing=0.000
D step=5/5 epoch=3/3 loss=0.4239 l2=0.2000 label_smoothing=0.000
ADV epoch=104/200 g_loss=0.0002 d_loss=0.4248 reward=0.2871 reward_var=0.0000 unique=0.0200
D step=1/5 epoch=1/3 loss=0.3870 l2=0.2000 label_smoothing=0.000
D step=1/5 epoch=2/3 loss=0.3938 l2=0.2000 label_smoothing=0.000
D step=1/5 epoch=3/3 loss=0.3859 l2=0.2000 label_smoothing=0.000
D step=2/5 epoch=1/3 loss=0.4134 l2=0.2000 label_smoothing=0.000
D step=2/5 epoch=2/3 loss=0.4037 l2=0.2000 label_smoothing=0.000
D step=2/5 epoch=3/3 loss=0.4058 l2=0.2000 label_smoothing=0.000
D step=3/5 epoch=1/3 loss=0.3996 l2=0.2000 label_smoothing=0.000
D step=3/5 epoch=2/3 loss=0.4075 l2=0.2000 label_smoothing=0.000
D step=3/5 epoch=3/3 loss=0.4065 l2=0.2000 label_smoothing=0.000
D step=4/5 epoch=1/3 loss=0.4361 l2=0.2000 label_smoothing=0.000
D step=4/5 epoch=2/3 loss=0.4414 l2=0.2000 label_smoothing=0.000
D step=4/5 epoch=3/3 loss=0.4385 l2=0.2000 label_smoothing=0.000
D step=5/5 epoch=1/3 loss=0.4279 l2=0.2000 label_smoothing=0.000
D step=5/5 epoch=2/3 loss=0.4295 l2=0.2000 label_smoothing=0.000
D step=5/5 epoch=3/3 loss=0.4328 l2=0.2000 label_smoothing=0.000
ADV epoch=105/200 g_loss=0.0002 d_loss=0.4140 reward=0.2812 reward_var=0.0000 unique=0.0600
D step=1/5 epoch=1/3 loss=0.4359 l2=0.2000 label_smoothing=0.000
D step=1/5 epoch=2/3 loss=0.4374 l2=0.2000 label_smoothing=0.000
D step=1/5 epoch=3/3 loss=0.4330 l2=0.2000 label_smoothing=0.000
D step=2/5 epoch=1/3 loss=0.4339 l2=0.2000 label_smoothing=0.000
D step=2/5 epoch=2/3 loss=0.4294 l2=0.2000 label_smoothing=0.000
D step=2/5 epoch=3/3 loss=0.4316 l2=0.2000 label_smoothing=0.000
D step=3/5 epoch=1/3 loss=0.4186 l2=0.2000 label_smoothing=0.000
D step=3/5 epoch=2/3 loss=0.4093 l2=0.2000 label_smoothing=0.000
D step=3/5 epoch=3/3 loss=0.4166 l2=0.2000 label_smoothing=0.000
D step=4/5 epoch=1/3 loss=0.4190 l2=0.2000 label_smoothing=0.000
D step=4/5 epoch=2/3 loss=0.4213 l2=0.2000 label_smoothing=0.000
D step=4/5 epoch=3/3 loss=0.4189 l2=0.2000 label_smoothing=0.000
D step=5/5 epoch=1/3 loss=0.4167 l2=0.2000 label_smoothing=0.000
D step=5/5 epoch=2/3 loss=0.4119 l2=0.2000 label_smoothing=0.000
D step=5/5 epoch=3/3 loss=0.4133 l2=0.2000 label_smoothing=0.000
ADV epoch=106/200 g_loss=0.0002 d_loss=0.4231 reward=0.3073 reward_var=0.0000 unique=0.0200
D step=1/5 epoch=1/3 loss=0.4425 l2=0.2000 label_smoothing=0.000
D step=1/5 epoch=2/3 loss=0.4456 l2=0.2000 label_smoothing=0.000
D step=1/5 epoch=3/3 loss=0.4420 l2=0.2000 label_smoothing=0.000
D step=2/5 epoch=1/3 loss=0.4176 l2=0.2000 label_smoothing=0.000
D step=2/5 epoch=2/3 loss=0.4112 l2=0.2000 label_smoothing=0.000
D step=2/5 epoch=3/3 loss=0.4168 l2=0.2000 label_smoothing=0.000
D step=3/5 epoch=1/3 loss=0.4468 l2=0.2000 label_smoothing=0.000
D step=3/5 epoch=2/3 loss=0.4453 l2=0.2000 label_smoothing=0.000
D step=3/5 epoch=3/3 loss=0.4412 l2=0.2000 label_smoothing=0.000
D step=4/5 epoch=1/3 loss=0.3925 l2=0.2000 label_smoothing=0.000
D step=4/5 epoch=2/3 loss=0.3933 l2=0.2000 label_smoothing=0.000
D step=4/5 epoch=3/3 loss=0.3940 l2=0.2000 label_smoothing=0.000
D step=5/5 epoch=1/3 loss=0.4331 l2=0.2000 label_smoothing=0.000
D step=5/5 epoch=2/3 loss=0.4357 l2=0.2000 label_smoothing=0.000
D step=5/5 epoch=3/3 loss=0.4307 l2=0.2000 label_smoothing=0.000
ADV epoch=107/200 g_loss=0.0002 d_loss=0.4259 reward=0.2718 reward_var=0.0010 unique=0.0200
D step=1/5 epoch=1/3 loss=0.4331 l2=0.2000 label_smoothing=0.000
D step=1/5 epoch=2/3 loss=0.4302 l2=0.2000 label_smoothing=0.000
D step=1/5 epoch=3/3 loss=0.4293 l2=0.2000 label_smoothing=0.000
D step=2/5 epoch=1/3 loss=0.4297 l2=0.2000 label_smoothing=0.000
D step=2/5 epoch=2/3 loss=0.4285 l2=0.2000 label_smoothing=0.000
D step=2/5 epoch=3/3 loss=0.4324 l2=0.2000 label_smoothing=0.000
D step=3/5 epoch=1/3 loss=0.4444 l2=0.2000 label_smoothing=0.000
D step=3/5 epoch=2/3 loss=0.4415 l2=0.2000 label_smoothing=0.000
D step=3/5 epoch=3/3 loss=0.4469 l2=0.2000 label_smoothing=0.000
D step=4/5 epoch=1/3 loss=0.4168 l2=0.2000 label_smoothing=0.000
D step=4/5 epoch=2/3 loss=0.4219 l2=0.2000 label_smoothing=0.000
D step=4/5 epoch=3/3 loss=0.4188 l2=0.2000 label_smoothing=0.000
D step=5/5 epoch=1/3 loss=0.4246 l2=0.2000 label_smoothing=0.000
D step=5/5 epoch=2/3 loss=0.4305 l2=0.2000 label_smoothing=0.000
D step=5/5 epoch=3/3 loss=0.4202 l2=0.2000 label_smoothing=0.000
ADV epoch=108/200 g_loss=0.0002 d_loss=0.4299 reward=0.2807 reward_var=0.0008 unique=0.0600
D step=1/5 epoch=1/3 loss=0.4551 l2=0.2000 label_smoothing=0.000
D step=1/5 epoch=2/3 loss=0.4469 l2=0.2000 label_smoothing=0.000
D step=1/5 epoch=3/3 loss=0.4433 l2=0.2000 label_smoothing=0.000
D step=2/5 epoch=1/3 loss=0.4071 l2=0.2000 label_smoothing=0.000
D step=2/5 epoch=2/3 loss=0.4036 l2=0.2000 label_smoothing=0.000
D step=2/5 epoch=3/3 loss=0.3998 l2=0.2000 label_smoothing=0.000
D step=3/5 epoch=1/3 loss=0.4112 l2=0.2000 label_smoothing=0.000
D step=3/5 epoch=2/3 loss=0.4132 l2=0.2000 label_smoothing=0.000
D step=3/5 epoch=3/3 loss=0.4094 l2=0.2000 label_smoothing=0.000
D step=4/5 epoch=1/3 loss=0.4261 l2=0.2000 label_smoothing=0.000
D step=4/5 epoch=2/3 loss=0.4334 l2=0.2000 label_smoothing=0.000
D step=4/5 epoch=3/3 loss=0.4273 l2=0.2000 label_smoothing=0.000
D step=5/5 epoch=1/3 loss=0.4426 l2=0.2000 label_smoothing=0.000
D step=5/5 epoch=2/3 loss=0.4354 l2=0.2000 label_smoothing=0.000
D step=5/5 epoch=3/3 loss=0.4307 l2=0.2000 label_smoothing=0.000
ADV epoch=109/200 g_loss=0.0002 d_loss=0.4257 reward=0.2825 reward_var=0.0000 unique=0.0200
D step=1/5 epoch=1/3 loss=0.4412 l2=0.2000 label_smoothing=0.000
D step=1/5 epoch=2/3 loss=0.4436 l2=0.2000 label_smoothing=0.000
D step=1/5 epoch=3/3 loss=0.4419 l2=0.2000 label_smoothing=0.000
D step=2/5 epoch=1/3 loss=0.4178 l2=0.2000 label_smoothing=0.000
D step=2/5 epoch=2/3 loss=0.4095 l2=0.2000 label_smoothing=0.000
D step=2/5 epoch=3/3 loss=0.4170 l2=0.2000 label_smoothing=0.000
D step=3/5 epoch=1/3 loss=0.4064 l2=0.2000 label_smoothing=0.000
D step=3/5 epoch=2/3 loss=0.4085 l2=0.2000 label_smoothing=0.000
D step=3/5 epoch=3/3 loss=0.4111 l2=0.2000 label_smoothing=0.000
D step=4/5 epoch=1/3 loss=0.4271 l2=0.2000 label_smoothing=0.000
D step=4/5 epoch=2/3 loss=0.4244 l2=0.2000 label_smoothing=0.000
D step=4/5 epoch=3/3 loss=0.4266 l2=0.2000 label_smoothing=0.000
D step=5/5 epoch=1/3 loss=0.4289 l2=0.2000 label_smoothing=0.000
D step=5/5 epoch=2/3 loss=0.4345 l2=0.2000 label_smoothing=0.000
D step=5/5 epoch=3/3 loss=0.4319 l2=0.2000 label_smoothing=0.000
ADV epoch=110/200 g_loss=0.0002 d_loss=0.4247 reward=0.2936 reward_var=0.0012 unique=0.1000
D step=1/5 epoch=1/3 loss=0.4310 l2=0.2000 label_smoothing=0.000
D step=1/5 epoch=2/3 loss=0.4312 l2=0.2000 label_smoothing=0.000
D step=1/5 epoch=3/3 loss=0.4338 l2=0.2000 label_smoothing=0.000
D step=2/5 epoch=1/3 loss=0.4263 l2=0.2000 label_smoothing=0.000
D step=2/5 epoch=2/3 loss=0.4275 l2=0.2000 label_smoothing=0.000
D step=2/5 epoch=3/3 loss=0.4212 l2=0.2000 label_smoothing=0.000
D step=3/5 epoch=1/3 loss=0.4250 l2=0.2000 label_smoothing=0.000
D step=3/5 epoch=2/3 loss=0.4286 l2=0.2000 label_smoothing=0.000
D step=3/5 epoch=3/3 loss=0.4262 l2=0.2000 label_smoothing=0.000
D step=4/5 epoch=1/3 loss=0.4261 l2=0.2000 label_smoothing=0.000
D step=4/5 epoch=2/3 loss=0.4289 l2=0.2000 label_smoothing=0.000
D step=4/5 epoch=3/3 loss=0.4269 l2=0.2000 label_smoothing=0.000
D step=5/5 epoch=1/3 loss=0.4139 l2=0.2000 label_smoothing=0.000
D step=5/5 epoch=2/3 loss=0.4126 l2=0.2000 label_smoothing=0.000
D step=5/5 epoch=3/3 loss=0.4067 l2=0.2000 label_smoothing=0.000
ADV epoch=111/200 g_loss=0.0002 d_loss=0.4244 reward=0.2975 reward_var=0.0002 unique=0.0200
D step=1/5 epoch=1/3 loss=0.4280 l2=0.2000 label_smoothing=0.000
D step=1/5 epoch=2/3 loss=0.4280 l2=0.2000 label_smoothing=0.000
D step=1/5 epoch=3/3 loss=0.4223 l2=0.2000 label_smoothing=0.000
D step=2/5 epoch=1/3 loss=0.4200 l2=0.2000 label_smoothing=0.000
D step=2/5 epoch=2/3 loss=0.4242 l2=0.2000 label_smoothing=0.000
D step=2/5 epoch=3/3 loss=0.4233 l2=0.2000 label_smoothing=0.000
D step=3/5 epoch=1/3 loss=0.4183 l2=0.2000 label_smoothing=0.000
D step=3/5 epoch=2/3 loss=0.4233 l2=0.2000 label_smoothing=0.000
D step=3/5 epoch=3/3 loss=0.4216 l2=0.2000 label_smoothing=0.000
D step=4/5 epoch=1/3 loss=0.4255 l2=0.2000 label_smoothing=0.000
D step=4/5 epoch=2/3 loss=0.4236 l2=0.2000 label_smoothing=0.000
D step=4/5 epoch=3/3 loss=0.4138 l2=0.2000 label_smoothing=0.000
D step=5/5 epoch=1/3 loss=0.4299 l2=0.2000 label_smoothing=0.000
D step=5/5 epoch=2/3 loss=0.4278 l2=0.2000 label_smoothing=0.000
D step=5/5 epoch=3/3 loss=0.4264 l2=0.2000 label_smoothing=0.000
ADV epoch=112/200 g_loss=0.0002 d_loss=0.4237 reward=0.2670 reward_var=0.0018 unique=0.0400
D step=1/5 epoch=1/3 loss=0.4345 l2=0.2000 label_smoothing=0.000
D step=1/5 epoch=2/3 loss=0.4368 l2=0.2000 label_smoothing=0.000
D step=1/5 epoch=3/3 loss=0.4363 l2=0.2000 label_smoothing=0.000
D step=2/5 epoch=1/3 loss=0.4259 l2=0.2000 label_smoothing=0.000
D step=2/5 epoch=2/3 loss=0.4190 l2=0.2000 label_smoothing=0.000
D step=2/5 epoch=3/3 loss=0.4209 l2=0.2000 label_smoothing=0.000
D step=3/5 epoch=1/3 loss=0.4383 l2=0.2000 label_smoothing=0.000
D step=3/5 epoch=2/3 loss=0.4349 l2=0.2000 label_smoothing=0.000
D step=3/5 epoch=3/3 loss=0.4308 l2=0.2000 label_smoothing=0.000
D step=4/5 epoch=1/3 loss=0.4082 l2=0.2000 label_smoothing=0.000
D step=4/5 epoch=2/3 loss=0.4024 l2=0.2000 label_smoothing=0.000
D step=4/5 epoch=3/3 loss=0.4055 l2=0.2000 label_smoothing=0.000
D step=5/5 epoch=1/3 loss=0.4190 l2=0.2000 label_smoothing=0.000
D step=5/5 epoch=2/3 loss=0.4178 l2=0.2000 label_smoothing=0.000
D step=5/5 epoch=3/3 loss=0.4136 l2=0.2000 label_smoothing=0.000
ADV epoch=113/200 g_loss=0.0002 d_loss=0.4229 reward=0.3001 reward_var=0.0000 unique=0.0600
D step=1/5 epoch=1/3 loss=0.4422 l2=0.2000 label_smoothing=0.000
D step=1/5 epoch=2/3 loss=0.4404 l2=0.2000 label_smoothing=0.000
D step=1/5 epoch=3/3 loss=0.4426 l2=0.2000 label_smoothing=0.000
D step=2/5 epoch=1/3 loss=0.4107 l2=0.2000 label_smoothing=0.000
D step=2/5 epoch=2/3 loss=0.4139 l2=0.2000 label_smoothing=0.000
D step=2/5 epoch=3/3 loss=0.4074 l2=0.2000 label_smoothing=0.000
D step=3/5 epoch=1/3 loss=0.4251 l2=0.2000 label_smoothing=0.000
D step=3/5 epoch=2/3 loss=0.4253 l2=0.2000 label_smoothing=0.000
D step=3/5 epoch=3/3 loss=0.4198 l2=0.2000 label_smoothing=0.000
D step=4/5 epoch=1/3 loss=0.4025 l2=0.2000 label_smoothing=0.000
D step=4/5 epoch=2/3 loss=0.4097 l2=0.2000 label_smoothing=0.000
D step=4/5 epoch=3/3 loss=0.4036 l2=0.2000 label_smoothing=0.000
D step=5/5 epoch=1/3 loss=0.4365 l2=0.2000 label_smoothing=0.000
D step=5/5 epoch=2/3 loss=0.4373 l2=0.2000 label_smoothing=0.000
D step=5/5 epoch=3/3 loss=0.4397 l2=0.2000 label_smoothing=0.000
ADV epoch=114/200 g_loss=0.0002 d_loss=0.4238 reward=0.2660 reward_var=0.0006 unique=0.0600
D step=1/5 epoch=1/3 loss=0.4092 l2=0.2000 label_smoothing=0.000
D step=1/5 epoch=2/3 loss=0.4028 l2=0.2000 label_smoothing=0.000
D step=1/5 epoch=3/3 loss=0.4037 l2=0.2000 label_smoothing=0.000
D step=2/5 epoch=1/3 loss=0.4521 l2=0.2000 label_smoothing=0.000
D step=2/5 epoch=2/3 loss=0.4328 l2=0.2000 label_smoothing=0.000
D step=2/5 epoch=3/3 loss=0.4154 l2=0.2000 label_smoothing=0.000
D step=3/5 epoch=1/3 loss=0.4251 l2=0.2000 label_smoothing=0.000
D step=3/5 epoch=2/3 loss=0.4240 l2=0.2000 label_smoothing=0.000
D step=3/5 epoch=3/3 loss=0.4204 l2=0.2000 label_smoothing=0.000
D step=4/5 epoch=1/3 loss=0.4261 l2=0.2000 label_smoothing=0.000
D step=4/5 epoch=2/3 loss=0.4277 l2=0.2000 label_smoothing=0.000
D step=4/5 epoch=3/3 loss=0.4218 l2=0.2000 label_smoothing=0.000
D step=5/5 epoch=1/3 loss=0.4219 l2=0.2000 label_smoothing=0.000
D step=5/5 epoch=2/3 loss=0.4266 l2=0.2000 label_smoothing=0.000
D step=5/5 epoch=3/3 loss=0.4230 l2=0.2000 label_smoothing=0.000
ADV epoch=115/200 g_loss=0.0002 d_loss=0.4222 reward=0.2833 reward_var=0.0000 unique=0.0200
D step=1/5 epoch=1/3 loss=0.4256 l2=0.2000 label_smoothing=0.000
D step=1/5 epoch=2/3 loss=0.4270 l2=0.2000 label_smoothing=0.000
D step=1/5 epoch=3/3 loss=0.4207 l2=0.2000 label_smoothing=0.000
D step=2/5 epoch=1/3 loss=0.4367 l2=0.2000 label_smoothing=0.000
D step=2/5 epoch=2/3 loss=0.4301 l2=0.2000 label_smoothing=0.000
D step=2/5 epoch=3/3 loss=0.4285 l2=0.2000 label_smoothing=0.000
D step=3/5 epoch=1/3 loss=0.4141 l2=0.2000 label_smoothing=0.000
D step=3/5 epoch=2/3 loss=0.4100 l2=0.2000 label_smoothing=0.000
D step=3/5 epoch=3/3 loss=0.4100 l2=0.2000 label_smoothing=0.000
D step=4/5 epoch=1/3 loss=0.3959 l2=0.2000 label_smoothing=0.000
D step=4/5 epoch=2/3 loss=0.3961 l2=0.2000 label_smoothing=0.000
D step=4/5 epoch=3/3 loss=0.3963 l2=0.2000 label_smoothing=0.000
D step=5/5 epoch=1/3 loss=0.4124 l2=0.2000 label_smoothing=0.000
D step=5/5 epoch=2/3 loss=0.4122 l2=0.2000 label_smoothing=0.000
D step=5/5 epoch=3/3 loss=0.4119 l2=0.2000 label_smoothing=0.000
ADV epoch=116/200 g_loss=0.0002 d_loss=0.4152 reward=0.3092 reward_var=0.0000 unique=0.0400
D step=1/5 epoch=1/3 loss=0.4207 l2=0.2000 label_smoothing=0.000
D step=1/5 epoch=2/3 loss=0.4127 l2=0.2000 label_smoothing=0.000
D step=1/5 epoch=3/3 loss=0.4115 l2=0.2000 label_smoothing=0.000
D step=2/5 epoch=1/3 loss=0.4143 l2=0.2000 label_smoothing=0.000
D step=2/5 epoch=2/3 loss=0.4113 l2=0.2000 label_smoothing=0.000
D step=2/5 epoch=3/3 loss=0.4150 l2=0.2000 label_smoothing=0.000
D step=3/5 epoch=1/3 loss=0.4440 l2=0.2000 label_smoothing=0.000
D step=3/5 epoch=2/3 loss=0.4363 l2=0.2000 label_smoothing=0.000
D step=3/5 epoch=3/3 loss=0.4355 l2=0.2000 label_smoothing=0.000
D step=4/5 epoch=1/3 loss=0.4388 l2=0.2000 label_smoothing=0.000
D step=4/5 epoch=2/3 loss=0.4426 l2=0.2000 label_smoothing=0.000
D step=4/5 epoch=3/3 loss=0.4418 l2=0.2000 label_smoothing=0.000
D step=5/5 epoch=1/3 loss=0.4124 l2=0.2000 label_smoothing=0.000
D step=5/5 epoch=2/3 loss=0.4125 l2=0.2000 label_smoothing=0.000
D step=5/5 epoch=3/3 loss=0.4121 l2=0.2000 label_smoothing=0.000
ADV epoch=117/200 g_loss=0.0002 d_loss=0.4241 reward=0.2556 reward_var=0.0011 unique=0.0400
D step=1/5 epoch=1/3 loss=0.4218 l2=0.2000 label_smoothing=0.000
D step=1/5 epoch=2/3 loss=0.4171 l2=0.2000 label_smoothing=0.000
D step=1/5 epoch=3/3 loss=0.4173 l2=0.2000 label_smoothing=0.000
D step=2/5 epoch=1/3 loss=0.3985 l2=0.2000 label_smoothing=0.000
D step=2/5 epoch=2/3 loss=0.3999 l2=0.2000 label_smoothing=0.000
D step=2/5 epoch=3/3 loss=0.4009 l2=0.2000 label_smoothing=0.000
D step=3/5 epoch=1/3 loss=0.4128 l2=0.2000 label_smoothing=0.000
D step=3/5 epoch=2/3 loss=0.4168 l2=0.2000 label_smoothing=0.000
D step=3/5 epoch=3/3 loss=0.4141 l2=0.2000 label_smoothing=0.000
D step=4/5 epoch=1/3 loss=0.4226 l2=0.2000 label_smoothing=0.000
D step=4/5 epoch=2/3 loss=0.4204 l2=0.2000 label_smoothing=0.000
D step=4/5 epoch=3/3 loss=0.4192 l2=0.2000 label_smoothing=0.000
D step=5/5 epoch=1/3 loss=0.4185 l2=0.2000 label_smoothing=0.000
D step=5/5 epoch=2/3 loss=0.4260 l2=0.2000 label_smoothing=0.000
D step=5/5 epoch=3/3 loss=0.4223 l2=0.2000 label_smoothing=0.000
ADV epoch=118/200 g_loss=0.0002 d_loss=0.4152 reward=0.2970 reward_var=0.0000 unique=0.0400
D step=1/5 epoch=1/3 loss=0.3955 l2=0.2000 label_smoothing=0.000
D step=1/5 epoch=2/3 loss=0.3938 l2=0.2000 label_smoothing=0.000
D step=1/5 epoch=3/3 loss=0.3938 l2=0.2000 label_smoothing=0.000
D step=2/5 epoch=1/3 loss=0.4740 l2=0.2000 label_smoothing=0.000
D step=2/5 epoch=2/3 loss=0.4722 l2=0.2000 label_smoothing=0.000
D step=2/5 epoch=3/3 loss=0.4691 l2=0.2000 label_smoothing=0.000
D step=3/5 epoch=1/3 loss=0.4392 l2=0.2000 label_smoothing=0.000
D step=3/5 epoch=2/3 loss=0.4401 l2=0.2000 label_smoothing=0.000
D step=3/5 epoch=3/3 loss=0.4435 l2=0.2000 label_smoothing=0.000
D step=4/5 epoch=1/3 loss=0.4090 l2=0.2000 label_smoothing=0.000
D step=4/5 epoch=2/3 loss=0.4063 l2=0.2000 label_smoothing=0.000
D step=4/5 epoch=3/3 loss=0.4041 l2=0.2000 label_smoothing=0.000
D step=5/5 epoch=1/3 loss=0.4187 l2=0.2000 label_smoothing=0.000
D step=5/5 epoch=2/3 loss=0.4143 l2=0.2000 label_smoothing=0.000
D step=5/5 epoch=3/3 loss=0.4194 l2=0.2000 label_smoothing=0.000
ADV epoch=119/200 g_loss=0.0002 d_loss=0.4262 reward=0.2895 reward_var=0.0006 unique=0.0400
D step=1/5 epoch=1/3 loss=0.4451 l2=0.2000 label_smoothing=0.000
D step=1/5 epoch=2/3 loss=0.4443 l2=0.2000 label_smoothing=0.000
D step=1/5 epoch=3/3 loss=0.4420 l2=0.2000 label_smoothing=0.000
D step=2/5 epoch=1/3 loss=0.4321 l2=0.2000 label_smoothing=0.000
D step=2/5 epoch=2/3 loss=0.4373 l2=0.2000 label_smoothing=0.000
D step=2/5 epoch=3/3 loss=0.4366 l2=0.2000 label_smoothing=0.000
D step=3/5 epoch=1/3 loss=0.4086 l2=0.2000 label_smoothing=0.000
D step=3/5 epoch=2/3 loss=0.4070 l2=0.2000 label_smoothing=0.000
D step=3/5 epoch=3/3 loss=0.4079 l2=0.2000 label_smoothing=0.000
D step=4/5 epoch=1/3 loss=0.4412 l2=0.2000 label_smoothing=0.000
D step=4/5 epoch=2/3 loss=0.4356 l2=0.2000 label_smoothing=0.000
D step=4/5 epoch=3/3 loss=0.4407 l2=0.2000 label_smoothing=0.000
D step=5/5 epoch=1/3 loss=0.4131 l2=0.2000 label_smoothing=0.000
D step=5/5 epoch=2/3 loss=0.4108 l2=0.2000 label_smoothing=0.000
D step=5/5 epoch=3/3 loss=0.4154 l2=0.2000 label_smoothing=0.000
ADV epoch=120/200 g_loss=0.0002 d_loss=0.4278 reward=0.2893 reward_var=0.0008 unique=0.0200
D step=1/5 epoch=1/3 loss=0.4186 l2=0.2000 label_smoothing=0.000
D step=1/5 epoch=2/3 loss=0.4203 l2=0.2000 label_smoothing=0.000
D step=1/5 epoch=3/3 loss=0.4190 l2=0.2000 label_smoothing=0.000
D step=2/5 epoch=1/3 loss=0.4001 l2=0.2000 label_smoothing=0.000
D step=2/5 epoch=2/3 loss=0.4039 l2=0.2000 label_smoothing=0.000
D step=2/5 epoch=3/3 loss=0.3990 l2=0.2000 label_smoothing=0.000
D step=3/5 epoch=1/3 loss=0.4263 l2=0.2000 label_smoothing=0.000
D step=3/5 epoch=2/3 loss=0.4243 l2=0.2000 label_smoothing=0.000
D step=3/5 epoch=3/3 loss=0.4215 l2=0.2000 label_smoothing=0.000
D step=4/5 epoch=1/3 loss=0.4153 l2=0.2000 label_smoothing=0.000
D step=4/5 epoch=2/3 loss=0.4170 l2=0.2000 label_smoothing=0.000
D step=4/5 epoch=3/3 loss=0.4168 l2=0.2000 label_smoothing=0.000
D step=5/5 epoch=1/3 loss=0.4056 l2=0.2000 label_smoothing=0.000
D step=5/5 epoch=2/3 loss=0.4091 l2=0.2000 label_smoothing=0.000
D step=5/5 epoch=3/3 loss=0.4076 l2=0.2000 label_smoothing=0.000
ADV epoch=121/200 g_loss=0.0002 d_loss=0.4136 reward=0.2912 reward_var=0.0000 unique=0.0200
D step=1/5 epoch=1/3 loss=0.4330 l2=0.2000 label_smoothing=0.000
D step=1/5 epoch=2/3 loss=0.4340 l2=0.2000 label_smoothing=0.000
D step=1/5 epoch=3/3 loss=0.4316 l2=0.2000 label_smoothing=0.000
D step=2/5 epoch=1/3 loss=0.4291 l2=0.2000 label_smoothing=0.000
D step=2/5 epoch=2/3 loss=0.4283 l2=0.2000 label_smoothing=0.000
D step=2/5 epoch=3/3 loss=0.4290 l2=0.2000 label_smoothing=0.000
D step=3/5 epoch=1/3 loss=0.4166 l2=0.2000 label_smoothing=0.000
D step=3/5 epoch=2/3 loss=0.4106 l2=0.2000 label_smoothing=0.000
D step=3/5 epoch=3/3 loss=0.4061 l2=0.2000 label_smoothing=0.000
D step=4/5 epoch=1/3 loss=0.4475 l2=0.2000 label_smoothing=0.000
D step=4/5 epoch=2/3 loss=0.4505 l2=0.2000 label_smoothing=0.000
D step=4/5 epoch=3/3 loss=0.4517 l2=0.2000 label_smoothing=0.000
D step=5/5 epoch=1/3 loss=0.3852 l2=0.2000 label_smoothing=0.000
D step=5/5 epoch=2/3 loss=0.3823 l2=0.2000 label_smoothing=0.000
D step=5/5 epoch=3/3 loss=0.3849 l2=0.2000 label_smoothing=0.000
ADV epoch=122/200 g_loss=0.0002 d_loss=0.4214 reward=0.2938 reward_var=0.0000 unique=0.0400
D step=1/5 epoch=1/3 loss=0.4342 l2=0.2000 label_smoothing=0.000
D step=1/5 epoch=2/3 loss=0.4345 l2=0.2000 label_smoothing=0.000
D step=1/5 epoch=3/3 loss=0.4383 l2=0.2000 label_smoothing=0.000
D step=2/5 epoch=1/3 loss=0.4445 l2=0.2000 label_smoothing=0.000
D step=2/5 epoch=2/3 loss=0.4414 l2=0.2000 label_smoothing=0.000
D step=2/5 epoch=3/3 loss=0.4391 l2=0.2000 label_smoothing=0.000
D step=3/5 epoch=1/3 loss=0.4035 l2=0.2000 label_smoothing=0.000
D step=3/5 epoch=2/3 loss=0.4077 l2=0.2000 label_smoothing=0.000
D step=3/5 epoch=3/3 loss=0.4014 l2=0.2000 label_smoothing=0.000
D step=4/5 epoch=1/3 loss=0.4240 l2=0.2000 label_smoothing=0.000
D step=4/5 epoch=2/3 loss=0.4252 l2=0.2000 label_smoothing=0.000
D step=4/5 epoch=3/3 loss=0.4215 l2=0.2000 label_smoothing=0.000
D step=5/5 epoch=1/3 loss=0.4397 l2=0.2000 label_smoothing=0.000
D step=5/5 epoch=2/3 loss=0.4381 l2=0.2000 label_smoothing=0.000
D step=5/5 epoch=3/3 loss=0.4391 l2=0.2000 label_smoothing=0.000
ADV epoch=123/200 g_loss=0.0002 d_loss=0.4288 reward=0.2822 reward_var=0.0008 unique=0.0200
D step=1/5 epoch=1/3 loss=0.4341 l2=0.2000 label_smoothing=0.000
D step=1/5 epoch=2/3 loss=0.4377 l2=0.2000 label_smoothing=0.000
D step=1/5 epoch=3/3 loss=0.4370 l2=0.2000 label_smoothing=0.000
D step=2/5 epoch=1/3 loss=0.4115 l2=0.2000 label_smoothing=0.000
D step=2/5 epoch=2/3 loss=0.4166 l2=0.2000 label_smoothing=0.000
D step=2/5 epoch=3/3 loss=0.4139 l2=0.2000 label_smoothing=0.000
D step=3/5 epoch=1/3 loss=0.4197 l2=0.2000 label_smoothing=0.000
D step=3/5 epoch=2/3 loss=0.4187 l2=0.2000 label_smoothing=0.000
D step=3/5 epoch=3/3 loss=0.4145 l2=0.2000 label_smoothing=0.000
D step=4/5 epoch=1/3 loss=0.4165 l2=0.2000 label_smoothing=0.000
D step=4/5 epoch=2/3 loss=0.4151 l2=0.2000 label_smoothing=0.000
D step=4/5 epoch=3/3 loss=0.4137 l2=0.2000 label_smoothing=0.000
D step=5/5 epoch=1/3 loss=0.4181 l2=0.2000 label_smoothing=0.000
D step=5/5 epoch=2/3 loss=0.4151 l2=0.2000 label_smoothing=0.000
D step=5/5 epoch=3/3 loss=0.4120 l2=0.2000 label_smoothing=0.000
ADV epoch=124/200 g_loss=0.0002 d_loss=0.4196 reward=0.2858 reward_var=0.0000 unique=0.0200
D step=1/5 epoch=1/3 loss=0.4290 l2=0.2000 label_smoothing=0.000
D step=1/5 epoch=2/3 loss=0.4265 l2=0.2000 label_smoothing=0.000
D step=1/5 epoch=3/3 loss=0.4295 l2=0.2000 label_smoothing=0.000
D step=2/5 epoch=1/3 loss=0.4392 l2=0.2000 label_smoothing=0.000
D step=2/5 epoch=2/3 loss=0.4374 l2=0.2000 label_smoothing=0.000
D step=2/5 epoch=3/3 loss=0.4327 l2=0.2000 label_smoothing=0.000
D step=3/5 epoch=1/3 loss=0.4464 l2=0.2000 label_smoothing=0.000
D step=3/5 epoch=2/3 loss=0.4421 l2=0.2000 label_smoothing=0.000
D step=3/5 epoch=3/3 loss=0.4438 l2=0.2000 label_smoothing=0.000
D step=4/5 epoch=1/3 loss=0.4257 l2=0.2000 label_smoothing=0.000
D step=4/5 epoch=2/3 loss=0.4204 l2=0.2000 label_smoothing=0.000
D step=4/5 epoch=3/3 loss=0.4206 l2=0.2000 label_smoothing=0.000
D step=5/5 epoch=1/3 loss=0.4350 l2=0.2000 label_smoothing=0.000
D step=5/5 epoch=2/3 loss=0.4365 l2=0.2000 label_smoothing=0.000
D step=5/5 epoch=3/3 loss=0.4344 l2=0.2000 label_smoothing=0.000
ADV epoch=125/200 g_loss=0.0002 d_loss=0.4333 reward=0.2794 reward_var=0.0000 unique=0.0200
D step=1/5 epoch=1/3 loss=0.3880 l2=0.2000 label_smoothing=0.000
D step=1/5 epoch=2/3 loss=0.3910 l2=0.2000 label_smoothing=0.000
D step=1/5 epoch=3/3 loss=0.3949 l2=0.2000 label_smoothing=0.000
D step=2/5 epoch=1/3 loss=0.4149 l2=0.2000 label_smoothing=0.000
D step=2/5 epoch=2/3 loss=0.4170 l2=0.2000 label_smoothing=0.000
D step=2/5 epoch=3/3 loss=0.4178 l2=0.2000 label_smoothing=0.000
D step=3/5 epoch=1/3 loss=0.4537 l2=0.2000 label_smoothing=0.000
D step=3/5 epoch=2/3 loss=0.4467 l2=0.2000 label_smoothing=0.000
D step=3/5 epoch=3/3 loss=0.4529 l2=0.2000 label_smoothing=0.000
D step=4/5 epoch=1/3 loss=0.3969 l2=0.2000 label_smoothing=0.000
D step=4/5 epoch=2/3 loss=0.3888 l2=0.2000 label_smoothing=0.000
D step=4/5 epoch=3/3 loss=0.3972 l2=0.2000 label_smoothing=0.000
D step=5/5 epoch=1/3 loss=0.4240 l2=0.2000 label_smoothing=0.000
D step=5/5 epoch=2/3 loss=0.4204 l2=0.2000 label_smoothing=0.000
D step=5/5 epoch=3/3 loss=0.4192 l2=0.2000 label_smoothing=0.000
ADV epoch=126/200 g_loss=0.0002 d_loss=0.4149 reward=0.2845 reward_var=0.0000 unique=0.0400
D step=1/5 epoch=1/3 loss=0.4570 l2=0.2000 label_smoothing=0.000
D step=1/5 epoch=2/3 loss=0.4524 l2=0.2000 label_smoothing=0.000
D step=1/5 epoch=3/3 loss=0.4501 l2=0.2000 label_smoothing=0.000
D step=2/5 epoch=1/3 loss=0.4100 l2=0.2000 label_smoothing=0.000
D step=2/5 epoch=2/3 loss=0.4091 l2=0.2000 label_smoothing=0.000
D step=2/5 epoch=3/3 loss=0.4070 l2=0.2000 label_smoothing=0.000
D step=3/5 epoch=1/3 loss=0.4045 l2=0.2000 label_smoothing=0.000
D step=3/5 epoch=2/3 loss=0.4046 l2=0.2000 label_smoothing=0.000
D step=3/5 epoch=3/3 loss=0.4080 l2=0.2000 label_smoothing=0.000
D step=4/5 epoch=1/3 loss=0.4299 l2=0.2000 label_smoothing=0.000
D step=4/5 epoch=2/3 loss=0.4335 l2=0.2000 label_smoothing=0.000
D step=4/5 epoch=3/3 loss=0.4277 l2=0.2000 label_smoothing=0.000
D step=5/5 epoch=1/3 loss=0.4138 l2=0.2000 label_smoothing=0.000
D step=5/5 epoch=2/3 loss=0.4166 l2=0.2000 label_smoothing=0.000
D step=5/5 epoch=3/3 loss=0.4068 l2=0.2000 label_smoothing=0.000
ADV epoch=127/200 g_loss=0.0002 d_loss=0.4221 reward=0.2762 reward_var=0.0000 unique=0.0200
D step=1/5 epoch=1/3 loss=0.4243 l2=0.2000 label_smoothing=0.000
D step=1/5 epoch=2/3 loss=0.4209 l2=0.2000 label_smoothing=0.000
D step=1/5 epoch=3/3 loss=0.4212 l2=0.2000 label_smoothing=0.000
D step=2/5 epoch=1/3 loss=0.4259 l2=0.2000 label_smoothing=0.000
D step=2/5 epoch=2/3 loss=0.4226 l2=0.2000 label_smoothing=0.000
D step=2/5 epoch=3/3 loss=0.4277 l2=0.2000 label_smoothing=0.000
D step=3/5 epoch=1/3 loss=0.4119 l2=0.2000 label_smoothing=0.000
D step=3/5 epoch=2/3 loss=0.4133 l2=0.2000 label_smoothing=0.000
D step=3/5 epoch=3/3 loss=0.4133 l2=0.2000 label_smoothing=0.000
D step=4/5 epoch=1/3 loss=0.4447 l2=0.2000 label_smoothing=0.000
D step=4/5 epoch=2/3 loss=0.4427 l2=0.2000 label_smoothing=0.000
D step=4/5 epoch=3/3 loss=0.4405 l2=0.2000 label_smoothing=0.000
D step=5/5 epoch=1/3 loss=0.3991 l2=0.2000 label_smoothing=0.000
D step=5/5 epoch=2/3 loss=0.4054 l2=0.2000 label_smoothing=0.000
D step=5/5 epoch=3/3 loss=0.4047 l2=0.2000 label_smoothing=0.000
ADV epoch=128/200 g_loss=0.0002 d_loss=0.4212 reward=0.2861 reward_var=0.0000 unique=0.0400
D step=1/5 epoch=1/3 loss=0.4169 l2=0.2000 label_smoothing=0.000
D step=1/5 epoch=2/3 loss=0.4149 l2=0.2000 label_smoothing=0.000
D step=1/5 epoch=3/3 loss=0.4133 l2=0.2000 label_smoothing=0.000
D step=2/5 epoch=1/3 loss=0.4149 l2=0.2000 label_smoothing=0.000
D step=2/5 epoch=2/3 loss=0.4143 l2=0.2000 label_smoothing=0.000
D step=2/5 epoch=3/3 loss=0.4114 l2=0.2000 label_smoothing=0.000
D step=3/5 epoch=1/3 loss=0.4460 l2=0.2000 label_smoothing=0.000
D step=3/5 epoch=2/3 loss=0.4473 l2=0.2000 label_smoothing=0.000
D step=3/5 epoch=3/3 loss=0.4454 l2=0.2000 label_smoothing=0.000
D step=4/5 epoch=1/3 loss=0.4440 l2=0.2000 label_smoothing=0.000
D step=4/5 epoch=2/3 loss=0.4430 l2=0.2000 label_smoothing=0.000
D step=4/5 epoch=3/3 loss=0.4387 l2=0.2000 label_smoothing=0.000
D step=5/5 epoch=1/3 loss=0.4181 l2=0.2000 label_smoothing=0.000
D step=5/5 epoch=2/3 loss=0.4145 l2=0.2000 label_smoothing=0.000
D step=5/5 epoch=3/3 loss=0.4124 l2=0.2000 label_smoothing=0.000
ADV epoch=129/200 g_loss=0.0002 d_loss=0.4264 reward=0.2848 reward_var=0.0000 unique=0.0200
D step=1/5 epoch=1/3 loss=0.4325 l2=0.2000 label_smoothing=0.000
D step=1/5 epoch=2/3 loss=0.4313 l2=0.2000 label_smoothing=0.000
D step=1/5 epoch=3/3 loss=0.4291 l2=0.2000 label_smoothing=0.000
D step=2/5 epoch=1/3 loss=0.4448 l2=0.2000 label_smoothing=0.000
D step=2/5 epoch=2/3 loss=0.4510 l2=0.2000 label_smoothing=0.000
D step=2/5 epoch=3/3 loss=0.4480 l2=0.2000 label_smoothing=0.000
D step=3/5 epoch=1/3 loss=0.4259 l2=0.2000 label_smoothing=0.000
D step=3/5 epoch=2/3 loss=0.4265 l2=0.2000 label_smoothing=0.000
D step=3/5 epoch=3/3 loss=0.4276 l2=0.2000 label_smoothing=0.000
D step=4/5 epoch=1/3 loss=0.4296 l2=0.2000 label_smoothing=0.000
D step=4/5 epoch=2/3 loss=0.4368 l2=0.2000 label_smoothing=0.000
D step=4/5 epoch=3/3 loss=0.4355 l2=0.2000 label_smoothing=0.000
D step=5/5 epoch=1/3 loss=0.4386 l2=0.2000 label_smoothing=0.000
D step=5/5 epoch=2/3 loss=0.4315 l2=0.2000 label_smoothing=0.000
D step=5/5 epoch=3/3 loss=0.4336 l2=0.2000 label_smoothing=0.000
ADV epoch=130/200 g_loss=0.0002 d_loss=0.4348 reward=0.3068 reward_var=0.0000 unique=0.0400
D step=1/5 epoch=1/3 loss=0.4262 l2=0.2000 label_smoothing=0.000
D step=1/5 epoch=2/3 loss=0.4183 l2=0.2000 label_smoothing=0.000
D step=1/5 epoch=3/3 loss=0.4192 l2=0.2000 label_smoothing=0.000
D step=2/5 epoch=1/3 loss=0.4366 l2=0.2000 label_smoothing=0.000
D step=2/5 epoch=2/3 loss=0.4359 l2=0.2000 label_smoothing=0.000
D step=2/5 epoch=3/3 loss=0.4316 l2=0.2000 label_smoothing=0.000
D step=3/5 epoch=1/3 loss=0.4519 l2=0.2000 label_smoothing=0.000
D step=3/5 epoch=2/3 loss=0.4528 l2=0.2000 label_smoothing=0.000
D step=3/5 epoch=3/3 loss=0.4479 l2=0.2000 label_smoothing=0.000
D step=4/5 epoch=1/3 loss=0.4556 l2=0.2000 label_smoothing=0.000
D step=4/5 epoch=2/3 loss=0.4503 l2=0.2000 label_smoothing=0.000
D step=4/5 epoch=3/3 loss=0.4508 l2=0.2000 label_smoothing=0.000
D step=5/5 epoch=1/3 loss=0.4230 l2=0.2000 label_smoothing=0.000
D step=5/5 epoch=2/3 loss=0.4245 l2=0.2000 label_smoothing=0.000
D step=5/5 epoch=3/3 loss=0.4202 l2=0.2000 label_smoothing=0.000
ADV epoch=131/200 g_loss=0.0002 d_loss=0.4363 reward=0.3058 reward_var=0.0000 unique=0.0200
D step=1/5 epoch=1/3 loss=0.4180 l2=0.2000 label_smoothing=0.000
D step=1/5 epoch=2/3 loss=0.4195 l2=0.2000 label_smoothing=0.000
D step=1/5 epoch=3/3 loss=0.4216 l2=0.2000 label_smoothing=0.000
D step=2/5 epoch=1/3 loss=0.4471 l2=0.2000 label_smoothing=0.000
D step=2/5 epoch=2/3 loss=0.4401 l2=0.2000 label_smoothing=0.000
D step=2/5 epoch=3/3 loss=0.4425 l2=0.2000 label_smoothing=0.000
D step=3/5 epoch=1/3 loss=0.4177 l2=0.2000 label_smoothing=0.000
D step=3/5 epoch=2/3 loss=0.4252 l2=0.2000 label_smoothing=0.000
D step=3/5 epoch=3/3 loss=0.4215 l2=0.2000 label_smoothing=0.000
D step=4/5 epoch=1/3 loss=0.4155 l2=0.2000 label_smoothing=0.000
D step=4/5 epoch=2/3 loss=0.4112 l2=0.2000 label_smoothing=0.000
D step=4/5 epoch=3/3 loss=0.4136 l2=0.2000 label_smoothing=0.000
D step=5/5 epoch=1/3 loss=0.4412 l2=0.2000 label_smoothing=0.000
D step=5/5 epoch=2/3 loss=0.4434 l2=0.2000 label_smoothing=0.000
D step=5/5 epoch=3/3 loss=0.4416 l2=0.2000 label_smoothing=0.000
ADV epoch=132/200 g_loss=0.0002 d_loss=0.4280 reward=0.3053 reward_var=0.0009 unique=0.0600
D step=1/5 epoch=1/3 loss=0.4356 l2=0.2000 label_smoothing=0.000
D step=1/5 epoch=2/3 loss=0.4351 l2=0.2000 label_smoothing=0.000
D step=1/5 epoch=3/3 loss=0.4283 l2=0.2000 label_smoothing=0.000
D step=2/5 epoch=1/3 loss=0.4258 l2=0.2000 label_smoothing=0.000
D step=2/5 epoch=2/3 loss=0.4227 l2=0.2000 label_smoothing=0.000
D step=2/5 epoch=3/3 loss=0.4251 l2=0.2000 label_smoothing=0.000
D step=3/5 epoch=1/3 loss=0.4200 l2=0.2000 label_smoothing=0.000
D step=3/5 epoch=2/3 loss=0.4228 l2=0.2000 label_smoothing=0.000
D step=3/5 epoch=3/3 loss=0.4199 l2=0.2000 label_smoothing=0.000
D step=4/5 epoch=1/3 loss=0.4065 l2=0.2000 label_smoothing=0.000
D step=4/5 epoch=2/3 loss=0.4041 l2=0.2000 label_smoothing=0.000
D step=4/5 epoch=3/3 loss=0.4051 l2=0.2000 label_smoothing=0.000
D step=5/5 epoch=1/3 loss=0.4222 l2=0.2000 label_smoothing=0.000
D step=5/5 epoch=2/3 loss=0.4237 l2=0.2000 label_smoothing=0.000
D step=5/5 epoch=3/3 loss=0.4232 l2=0.2000 label_smoothing=0.000
ADV epoch=133/200 g_loss=0.0001 d_loss=0.4213 reward=0.2832 reward_var=0.0005 unique=0.0200
D step=1/5 epoch=1/3 loss=0.4139 l2=0.2000 label_smoothing=0.000
D step=1/5 epoch=2/3 loss=0.4159 l2=0.2000 label_smoothing=0.000
D step=1/5 epoch=3/3 loss=0.4098 l2=0.2000 label_smoothing=0.000
D step=2/5 epoch=1/3 loss=0.4093 l2=0.2000 label_smoothing=0.000
D step=2/5 epoch=2/3 loss=0.4111 l2=0.2000 label_smoothing=0.000
D step=2/5 epoch=3/3 loss=0.4063 l2=0.2000 label_smoothing=0.000
D step=3/5 epoch=1/3 loss=0.4068 l2=0.2000 label_smoothing=0.000
D step=3/5 epoch=2/3 loss=0.4048 l2=0.2000 label_smoothing=0.000
D step=3/5 epoch=3/3 loss=0.4051 l2=0.2000 label_smoothing=0.000
D step=4/5 epoch=1/3 loss=0.4017 l2=0.2000 label_smoothing=0.000
D step=4/5 epoch=2/3 loss=0.4039 l2=0.2000 label_smoothing=0.000
D step=4/5 epoch=3/3 loss=0.4009 l2=0.2000 label_smoothing=0.000
D step=5/5 epoch=1/3 loss=0.4304 l2=0.2000 label_smoothing=0.000
D step=5/5 epoch=2/3 loss=0.4384 l2=0.2000 label_smoothing=0.000
D step=5/5 epoch=3/3 loss=0.4318 l2=0.2000 label_smoothing=0.000
ADV epoch=134/200 g_loss=0.0044 d_loss=0.4127 reward=0.2745 reward_var=0.0035 unique=0.0200
D step=1/5 epoch=1/3 loss=0.4287 l2=0.2000 label_smoothing=0.000
D step=1/5 epoch=2/3 loss=0.4314 l2=0.2000 label_smoothing=0.000
D step=1/5 epoch=3/3 loss=0.4321 l2=0.2000 label_smoothing=0.000
D step=2/5 epoch=1/3 loss=0.4664 l2=0.2000 label_smoothing=0.000
D step=2/5 epoch=2/3 loss=0.4718 l2=0.2000 label_smoothing=0.000
D step=2/5 epoch=3/3 loss=0.4705 l2=0.2000 label_smoothing=0.000
D step=3/5 epoch=1/3 loss=0.4281 l2=0.2000 label_smoothing=0.000
D step=3/5 epoch=2/3 loss=0.4288 l2=0.2000 label_smoothing=0.000
D step=3/5 epoch=3/3 loss=0.4262 l2=0.2000 label_smoothing=0.000
D step=4/5 epoch=1/3 loss=0.4225 l2=0.2000 label_smoothing=0.000
D step=4/5 epoch=2/3 loss=0.4209 l2=0.2000 label_smoothing=0.000
D step=4/5 epoch=3/3 loss=0.4195 l2=0.2000 label_smoothing=0.000
D step=5/5 epoch=1/3 loss=0.4091 l2=0.2000 label_smoothing=0.000
D step=5/5 epoch=2/3 loss=0.4069 l2=0.2000 label_smoothing=0.000
D step=5/5 epoch=3/3 loss=0.4089 l2=0.2000 label_smoothing=0.000
ADV epoch=135/200 g_loss=0.0002 d_loss=0.4315 reward=0.2812 reward_var=0.0000 unique=0.0400
D step=1/5 epoch=1/3 loss=0.4217 l2=0.2000 label_smoothing=0.000
D step=1/5 epoch=2/3 loss=0.4214 l2=0.2000 label_smoothing=0.000
D step=1/5 epoch=3/3 loss=0.4225 l2=0.2000 label_smoothing=0.000
D step=2/5 epoch=1/3 loss=0.4246 l2=0.2000 label_smoothing=0.000
D step=2/5 epoch=2/3 loss=0.4254 l2=0.2000 label_smoothing=0.000
D step=2/5 epoch=3/3 loss=0.4291 l2=0.2000 label_smoothing=0.000
D step=3/5 epoch=1/3 loss=0.4204 l2=0.2000 label_smoothing=0.000
D step=3/5 epoch=2/3 loss=0.4203 l2=0.2000 label_smoothing=0.000
D step=3/5 epoch=3/3 loss=0.4241 l2=0.2000 label_smoothing=0.000
D step=4/5 epoch=1/3 loss=0.4200 l2=0.2000 label_smoothing=0.000
D step=4/5 epoch=2/3 loss=0.4228 l2=0.2000 label_smoothing=0.000
D step=4/5 epoch=3/3 loss=0.4206 l2=0.2000 label_smoothing=0.000
D step=5/5 epoch=1/3 loss=0.4343 l2=0.2000 label_smoothing=0.000
D step=5/5 epoch=2/3 loss=0.4347 l2=0.2000 label_smoothing=0.000
D step=5/5 epoch=3/3 loss=0.4313 l2=0.2000 label_smoothing=0.000
ADV epoch=136/200 g_loss=0.0002 d_loss=0.4249 reward=0.2757 reward_var=0.0000 unique=0.0200
D step=1/5 epoch=1/3 loss=0.4045 l2=0.2000 label_smoothing=0.000
D step=1/5 epoch=2/3 loss=0.4024 l2=0.2000 label_smoothing=0.000
D step=1/5 epoch=3/3 loss=0.4045 l2=0.2000 label_smoothing=0.000
D step=2/5 epoch=1/3 loss=0.4184 l2=0.2000 label_smoothing=0.000
D step=2/5 epoch=2/3 loss=0.4114 l2=0.2000 label_smoothing=0.000
D step=2/5 epoch=3/3 loss=0.4156 l2=0.2000 label_smoothing=0.000
D step=3/5 epoch=1/3 loss=0.4239 l2=0.2000 label_smoothing=0.000
D step=3/5 epoch=2/3 loss=0.4225 l2=0.2000 label_smoothing=0.000
D step=3/5 epoch=3/3 loss=0.4232 l2=0.2000 label_smoothing=0.000
D step=4/5 epoch=1/3 loss=0.4585 l2=0.2000 label_smoothing=0.000
D step=4/5 epoch=2/3 loss=0.4532 l2=0.2000 label_smoothing=0.000
D step=4/5 epoch=3/3 loss=0.4541 l2=0.2000 label_smoothing=0.000
D step=5/5 epoch=1/3 loss=0.4263 l2=0.2000 label_smoothing=0.000
D step=5/5 epoch=2/3 loss=0.4277 l2=0.2000 label_smoothing=0.000
D step=5/5 epoch=3/3 loss=0.4249 l2=0.2000 label_smoothing=0.000
ADV epoch=137/200 g_loss=0.0002 d_loss=0.4247 reward=0.2965 reward_var=0.0008 unique=0.0200
D step=1/5 epoch=1/3 loss=0.4008 l2=0.2000 label_smoothing=0.000
D step=1/5 epoch=2/3 loss=0.3955 l2=0.2000 label_smoothing=0.000
D step=1/5 epoch=3/3 loss=0.4000 l2=0.2000 label_smoothing=0.000
D step=2/5 epoch=1/3 loss=0.4129 l2=0.2000 label_smoothing=0.000
D step=2/5 epoch=2/3 loss=0.4122 l2=0.2000 label_smoothing=0.000
D step=2/5 epoch=3/3 loss=0.4125 l2=0.2000 label_smoothing=0.000
D step=3/5 epoch=1/3 loss=0.4337 l2=0.2000 label_smoothing=0.000
D step=3/5 epoch=2/3 loss=0.4269 l2=0.2000 label_smoothing=0.000
D step=3/5 epoch=3/3 loss=0.4254 l2=0.2000 label_smoothing=0.000
D step=4/5 epoch=1/3 loss=0.3976 l2=0.2000 label_smoothing=0.000
D step=4/5 epoch=2/3 loss=0.4030 l2=0.2000 label_smoothing=0.000
D step=4/5 epoch=3/3 loss=0.4046 l2=0.2000 label_smoothing=0.000
D step=5/5 epoch=1/3 loss=0.4223 l2=0.2000 label_smoothing=0.000
D step=5/5 epoch=2/3 loss=0.4239 l2=0.2000 label_smoothing=0.000
D step=5/5 epoch=3/3 loss=0.4211 l2=0.2000 label_smoothing=0.000
ADV epoch=138/200 g_loss=0.0003 d_loss=0.4128 reward=0.3195 reward_var=0.0000 unique=0.0600
D step=1/5 epoch=1/3 loss=0.4351 l2=0.2000 label_smoothing=0.000
D step=1/5 epoch=2/3 loss=0.4357 l2=0.2000 label_smoothing=0.000
D step=1/5 epoch=3/3 loss=0.4257 l2=0.2000 label_smoothing=0.000
D step=2/5 epoch=1/3 loss=0.4248 l2=0.2000 label_smoothing=0.000
D step=2/5 epoch=2/3 loss=0.4265 l2=0.2000 label_smoothing=0.000
D step=2/5 epoch=3/3 loss=0.4230 l2=0.2000 label_smoothing=0.000
D step=3/5 epoch=1/3 loss=0.4256 l2=0.2000 label_smoothing=0.000
D step=3/5 epoch=2/3 loss=0.4232 l2=0.2000 label_smoothing=0.000
D step=3/5 epoch=3/3 loss=0.4255 l2=0.2000 label_smoothing=0.000
D step=4/5 epoch=1/3 loss=0.4114 l2=0.2000 label_smoothing=0.000
D step=4/5 epoch=2/3 loss=0.4154 l2=0.2000 label_smoothing=0.000
D step=4/5 epoch=3/3 loss=0.4120 l2=0.2000 label_smoothing=0.000
D step=5/5 epoch=1/3 loss=0.4137 l2=0.2000 label_smoothing=0.000
D step=5/5 epoch=2/3 loss=0.4074 l2=0.2000 label_smoothing=0.000
D step=5/5 epoch=3/3 loss=0.4123 l2=0.2000 label_smoothing=0.000
ADV epoch=139/200 g_loss=0.0002 d_loss=0.4212 reward=0.2995 reward_var=0.0000 unique=0.0600
D step=1/5 epoch=1/3 loss=0.4248 l2=0.2000 label_smoothing=0.000
D step=1/5 epoch=2/3 loss=0.4259 l2=0.2000 label_smoothing=0.000
D step=1/5 epoch=3/3 loss=0.4254 l2=0.2000 label_smoothing=0.000
D step=2/5 epoch=1/3 loss=0.4431 l2=0.2000 label_smoothing=0.000
D step=2/5 epoch=2/3 loss=0.4470 l2=0.2000 label_smoothing=0.000
D step=2/5 epoch=3/3 loss=0.4466 l2=0.2000 label_smoothing=0.000
D step=3/5 epoch=1/3 loss=0.4258 l2=0.2000 label_smoothing=0.000
D step=3/5 epoch=2/3 loss=0.4282 l2=0.2000 label_smoothing=0.000
D step=3/5 epoch=3/3 loss=0.4312 l2=0.2000 label_smoothing=0.000
D step=4/5 epoch=1/3 loss=0.4339 l2=0.2000 label_smoothing=0.000
D step=4/5 epoch=2/3 loss=0.4339 l2=0.2000 label_smoothing=0.000
D step=4/5 epoch=3/3 loss=0.4326 l2=0.2000 label_smoothing=0.000
D step=5/5 epoch=1/3 loss=0.4402 l2=0.2000 label_smoothing=0.000
D step=5/5 epoch=2/3 loss=0.4352 l2=0.2000 label_smoothing=0.000
D step=5/5 epoch=3/3 loss=0.4364 l2=0.2000 label_smoothing=0.000
ADV epoch=140/200 g_loss=0.0004 d_loss=0.4340 reward=0.2823 reward_var=0.0006 unique=0.0800
D step=1/5 epoch=1/3 loss=0.4113 l2=0.2000 label_smoothing=0.000
D step=1/5 epoch=2/3 loss=0.4137 l2=0.2000 label_smoothing=0.000
D step=1/5 epoch=3/3 loss=0.4150 l2=0.2000 label_smoothing=0.000
D step=2/5 epoch=1/3 loss=0.4475 l2=0.2000 label_smoothing=0.000
D step=2/5 epoch=2/3 loss=0.4391 l2=0.2000 label_smoothing=0.000
D step=2/5 epoch=3/3 loss=0.4373 l2=0.2000 label_smoothing=0.000
D step=3/5 epoch=1/3 loss=0.4170 l2=0.2000 label_smoothing=0.000
D step=3/5 epoch=2/3 loss=0.4109 l2=0.2000 label_smoothing=0.000
D step=3/5 epoch=3/3 loss=0.4125 l2=0.2000 label_smoothing=0.000
D step=4/5 epoch=1/3 loss=0.4209 l2=0.2000 label_smoothing=0.000
D step=4/5 epoch=2/3 loss=0.4283 l2=0.2000 label_smoothing=0.000
D step=4/5 epoch=3/3 loss=0.4239 l2=0.2000 label_smoothing=0.000
D step=5/5 epoch=1/3 loss=0.4127 l2=0.2000 label_smoothing=0.000
D step=5/5 epoch=2/3 loss=0.4174 l2=0.2000 label_smoothing=0.000
D step=5/5 epoch=3/3 loss=0.4148 l2=0.2000 label_smoothing=0.000
ADV epoch=141/200 g_loss=0.0002 d_loss=0.4215 reward=0.2933 reward_var=0.0000 unique=0.0400
D step=1/5 epoch=1/3 loss=0.4053 l2=0.2000 label_smoothing=0.000
D step=1/5 epoch=2/3 loss=0.4035 l2=0.2000 label_smoothing=0.000
D step=1/5 epoch=3/3 loss=0.4034 l2=0.2000 label_smoothing=0.000
D step=2/5 epoch=1/3 loss=0.4255 l2=0.2000 label_smoothing=0.000
D step=2/5 epoch=2/3 loss=0.4200 l2=0.2000 label_smoothing=0.000
D step=2/5 epoch=3/3 loss=0.4228 l2=0.2000 label_smoothing=0.000
D step=3/5 epoch=1/3 loss=0.4314 l2=0.2000 label_smoothing=0.000
D step=3/5 epoch=2/3 loss=0.4254 l2=0.2000 label_smoothing=0.000
D step=3/5 epoch=3/3 loss=0.4248 l2=0.2000 label_smoothing=0.000
D step=4/5 epoch=1/3 loss=0.4246 l2=0.2000 label_smoothing=0.000
D step=4/5 epoch=2/3 loss=0.4188 l2=0.2000 label_smoothing=0.000
D step=4/5 epoch=3/3 loss=0.4181 l2=0.2000 label_smoothing=0.000
D step=5/5 epoch=1/3 loss=0.3883 l2=0.2000 label_smoothing=0.000
D step=5/5 epoch=2/3 loss=0.3896 l2=0.2000 label_smoothing=0.000
D step=5/5 epoch=3/3 loss=0.3890 l2=0.2000 label_smoothing=0.000
ADV epoch=142/200 g_loss=0.0002 d_loss=0.4127 reward=0.2765 reward_var=0.0000 unique=0.0200
D step=1/5 epoch=1/3 loss=0.4247 l2=0.2000 label_smoothing=0.000
D step=1/5 epoch=2/3 loss=0.4242 l2=0.2000 label_smoothing=0.000
D step=1/5 epoch=3/3 loss=0.4230 l2=0.2000 label_smoothing=0.000
D step=2/5 epoch=1/3 loss=0.4496 l2=0.2000 label_smoothing=0.000
D step=2/5 epoch=2/3 loss=0.4502 l2=0.2000 label_smoothing=0.000
D step=2/5 epoch=3/3 loss=0.4551 l2=0.2000 label_smoothing=0.000
D step=3/5 epoch=1/3 loss=0.4113 l2=0.2000 label_smoothing=0.000
D step=3/5 epoch=2/3 loss=0.4161 l2=0.2000 label_smoothing=0.000
D step=3/5 epoch=3/3 loss=0.4125 l2=0.2000 label_smoothing=0.000
D step=4/5 epoch=1/3 loss=0.4174 l2=0.2000 label_smoothing=0.000
D step=4/5 epoch=2/3 loss=0.4241 l2=0.2000 label_smoothing=0.000
D step=4/5 epoch=3/3 loss=0.4189 l2=0.2000 label_smoothing=0.000
D step=5/5 epoch=1/3 loss=0.4128 l2=0.2000 label_smoothing=0.000
D step=5/5 epoch=2/3 loss=0.4192 l2=0.2000 label_smoothing=0.000
D step=5/5 epoch=3/3 loss=0.4156 l2=0.2000 label_smoothing=0.000
ADV epoch=143/200 g_loss=0.0002 d_loss=0.4250 reward=0.2913 reward_var=0.0000 unique=0.0200
D step=1/5 epoch=1/3 loss=0.4183 l2=0.2000 label_smoothing=0.000
D step=1/5 epoch=2/3 loss=0.4163 l2=0.2000 label_smoothing=0.000
D step=1/5 epoch=3/3 loss=0.4178 l2=0.2000 label_smoothing=0.000
D step=2/5 epoch=1/3 loss=0.4251 l2=0.2000 label_smoothing=0.000
D step=2/5 epoch=2/3 loss=0.4229 l2=0.2000 label_smoothing=0.000
D step=2/5 epoch=3/3 loss=0.4241 l2=0.2000 label_smoothing=0.000
D step=3/5 epoch=1/3 loss=0.4099 l2=0.2000 label_smoothing=0.000
D step=3/5 epoch=2/3 loss=0.4120 l2=0.2000 label_smoothing=0.000
D step=3/5 epoch=3/3 loss=0.4091 l2=0.2000 label_smoothing=0.000
D step=4/5 epoch=1/3 loss=0.4394 l2=0.2000 label_smoothing=0.000
D step=4/5 epoch=2/3 loss=0.4406 l2=0.2000 label_smoothing=0.000
D step=4/5 epoch=3/3 loss=0.4413 l2=0.2000 label_smoothing=0.000
D step=5/5 epoch=1/3 loss=0.4707 l2=0.2000 label_smoothing=0.000
D step=5/5 epoch=2/3 loss=0.4684 l2=0.2000 label_smoothing=0.000
D step=5/5 epoch=3/3 loss=0.4677 l2=0.2000 label_smoothing=0.000
ADV epoch=144/200 g_loss=0.0002 d_loss=0.4322 reward=0.2860 reward_var=0.0007 unique=0.0200
D step=1/5 epoch=1/3 loss=0.4177 l2=0.2000 label_smoothing=0.000
D step=1/5 epoch=2/3 loss=0.4193 l2=0.2000 label_smoothing=0.000
D step=1/5 epoch=3/3 loss=0.4225 l2=0.2000 label_smoothing=0.000
D step=2/5 epoch=1/3 loss=0.3932 l2=0.2000 label_smoothing=0.000
D step=2/5 epoch=2/3 loss=0.3928 l2=0.2000 label_smoothing=0.000
D step=2/5 epoch=3/3 loss=0.3938 l2=0.2000 label_smoothing=0.000
D step=3/5 epoch=1/3 loss=0.4229 l2=0.2000 label_smoothing=0.000
D step=3/5 epoch=2/3 loss=0.4238 l2=0.2000 label_smoothing=0.000
D step=3/5 epoch=3/3 loss=0.4218 l2=0.2000 label_smoothing=0.000
D step=4/5 epoch=1/3 loss=0.4585 l2=0.2000 label_smoothing=0.000
D step=4/5 epoch=2/3 loss=0.4537 l2=0.2000 label_smoothing=0.000
D step=4/5 epoch=3/3 loss=0.4525 l2=0.2000 label_smoothing=0.000
D step=5/5 epoch=1/3 loss=0.4204 l2=0.2000 label_smoothing=0.000
D step=5/5 epoch=2/3 loss=0.4234 l2=0.2000 label_smoothing=0.000
D step=5/5 epoch=3/3 loss=0.4191 l2=0.2000 label_smoothing=0.000
ADV epoch=145/200 g_loss=0.0003 d_loss=0.4224 reward=0.3170 reward_var=0.0000 unique=0.0400
D step=1/5 epoch=1/3 loss=0.4519 l2=0.2000 label_smoothing=0.000
D step=1/5 epoch=2/3 loss=0.4484 l2=0.2000 label_smoothing=0.000
D step=1/5 epoch=3/3 loss=0.4485 l2=0.2000 label_smoothing=0.000
D step=2/5 epoch=1/3 loss=0.4275 l2=0.2000 label_smoothing=0.000
D step=2/5 epoch=2/3 loss=0.4286 l2=0.2000 label_smoothing=0.000
D step=2/5 epoch=3/3 loss=0.4290 l2=0.2000 label_smoothing=0.000
D step=3/5 epoch=1/3 loss=0.4214 l2=0.2000 label_smoothing=0.000
D step=3/5 epoch=2/3 loss=0.4184 l2=0.2000 label_smoothing=0.000
D step=3/5 epoch=3/3 loss=0.4240 l2=0.2000 label_smoothing=0.000
D step=4/5 epoch=1/3 loss=0.4401 l2=0.2000 label_smoothing=0.000
D step=4/5 epoch=2/3 loss=0.4382 l2=0.2000 label_smoothing=0.000
D step=4/5 epoch=3/3 loss=0.4388 l2=0.2000 label_smoothing=0.000
D step=5/5 epoch=1/3 loss=0.4162 l2=0.2000 label_smoothing=0.000
D step=5/5 epoch=2/3 loss=0.4177 l2=0.2000 label_smoothing=0.000
D step=5/5 epoch=3/3 loss=0.4226 l2=0.2000 label_smoothing=0.000
ADV epoch=146/200 g_loss=0.0002 d_loss=0.4314 reward=0.2988 reward_var=0.0009 unique=0.0200
D step=1/5 epoch=1/3 loss=0.3899 l2=0.2000 label_smoothing=0.000
D step=1/5 epoch=2/3 loss=0.3902 l2=0.2000 label_smoothing=0.000
D step=1/5 epoch=3/3 loss=0.3909 l2=0.2000 label_smoothing=0.000
D step=2/5 epoch=1/3 loss=0.4326 l2=0.2000 label_smoothing=0.000
D step=2/5 epoch=2/3 loss=0.4317 l2=0.2000 label_smoothing=0.000
D step=2/5 epoch=3/3 loss=0.4335 l2=0.2000 label_smoothing=0.000
D step=3/5 epoch=1/3 loss=0.4385 l2=0.2000 label_smoothing=0.000
D step=3/5 epoch=2/3 loss=0.4366 l2=0.2000 label_smoothing=0.000
D step=3/5 epoch=3/3 loss=0.4332 l2=0.2000 label_smoothing=0.000
D step=4/5 epoch=1/3 loss=0.4338 l2=0.2000 label_smoothing=0.000
D step=4/5 epoch=2/3 loss=0.4348 l2=0.2000 label_smoothing=0.000
D step=4/5 epoch=3/3 loss=0.4349 l2=0.2000 label_smoothing=0.000
D step=5/5 epoch=1/3 loss=0.4256 l2=0.2000 label_smoothing=0.000
D step=5/5 epoch=2/3 loss=0.4237 l2=0.2000 label_smoothing=0.000
D step=5/5 epoch=3/3 loss=0.4181 l2=0.2000 label_smoothing=0.000
ADV epoch=147/200 g_loss=0.0002 d_loss=0.4232 reward=0.3001 reward_var=0.0000 unique=0.0400
D step=1/5 epoch=1/3 loss=0.4370 l2=0.2000 label_smoothing=0.000
D step=1/5 epoch=2/3 loss=0.4380 l2=0.2000 label_smoothing=0.000
D step=1/5 epoch=3/3 loss=0.4390 l2=0.2000 label_smoothing=0.000
D step=2/5 epoch=1/3 loss=0.4403 l2=0.2000 label_smoothing=0.000
D step=2/5 epoch=2/3 loss=0.4461 l2=0.2000 label_smoothing=0.000
D step=2/5 epoch=3/3 loss=0.4423 l2=0.2000 label_smoothing=0.000
D step=3/5 epoch=1/3 loss=0.4321 l2=0.2000 label_smoothing=0.000
D step=3/5 epoch=2/3 loss=0.4285 l2=0.2000 label_smoothing=0.000
D step=3/5 epoch=3/3 loss=0.4343 l2=0.2000 label_smoothing=0.000
D step=4/5 epoch=1/3 loss=0.4272 l2=0.2000 label_smoothing=0.000
D step=4/5 epoch=2/3 loss=0.4307 l2=0.2000 label_smoothing=0.000
D step=4/5 epoch=3/3 loss=0.4321 l2=0.2000 label_smoothing=0.000
D step=5/5 epoch=1/3 loss=0.4052 l2=0.2000 label_smoothing=0.000
D step=5/5 epoch=2/3 loss=0.4077 l2=0.2000 label_smoothing=0.000
D step=5/5 epoch=3/3 loss=0.4047 l2=0.2000 label_smoothing=0.000
ADV epoch=148/200 g_loss=0.0002 d_loss=0.4297 reward=0.3108 reward_var=0.0000 unique=0.0200
D step=1/5 epoch=1/3 loss=0.4199 l2=0.2000 label_smoothing=0.000
D step=1/5 epoch=2/3 loss=0.4192 l2=0.2000 label_smoothing=0.000
D step=1/5 epoch=3/3 loss=0.4198 l2=0.2000 label_smoothing=0.000
D step=2/5 epoch=1/3 loss=0.4183 l2=0.2000 label_smoothing=0.000
D step=2/5 epoch=2/3 loss=0.4236 l2=0.2000 label_smoothing=0.000
D step=2/5 epoch=3/3 loss=0.4166 l2=0.2000 label_smoothing=0.000
D step=3/5 epoch=1/3 loss=0.4021 l2=0.2000 label_smoothing=0.000
D step=3/5 epoch=2/3 loss=0.4039 l2=0.2000 label_smoothing=0.000
D step=3/5 epoch=3/3 loss=0.4048 l2=0.2000 label_smoothing=0.000
D step=4/5 epoch=1/3 loss=0.4316 l2=0.2000 label_smoothing=0.000
D step=4/5 epoch=2/3 loss=0.4352 l2=0.2000 label_smoothing=0.000
D step=4/5 epoch=3/3 loss=0.4300 l2=0.2000 label_smoothing=0.000
D step=5/5 epoch=1/3 loss=0.4191 l2=0.2000 label_smoothing=0.000
D step=5/5 epoch=2/3 loss=0.4193 l2=0.2000 label_smoothing=0.000
D step=5/5 epoch=3/3 loss=0.4192 l2=0.2000 label_smoothing=0.000
ADV epoch=149/200 g_loss=0.0002 d_loss=0.4188 reward=0.2845 reward_var=0.0000 unique=0.0200
D step=1/5 epoch=1/3 loss=0.4182 l2=0.2000 label_smoothing=0.000
D step=1/5 epoch=2/3 loss=0.4161 l2=0.2000 label_smoothing=0.000
D step=1/5 epoch=3/3 loss=0.4141 l2=0.2000 label_smoothing=0.000
D step=2/5 epoch=1/3 loss=0.4272 l2=0.2000 label_smoothing=0.000
D step=2/5 epoch=2/3 loss=0.4244 l2=0.2000 label_smoothing=0.000
D step=2/5 epoch=3/3 loss=0.4234 l2=0.2000 label_smoothing=0.000
D step=3/5 epoch=1/3 loss=0.4296 l2=0.2000 label_smoothing=0.000
D step=3/5 epoch=2/3 loss=0.4328 l2=0.2000 label_smoothing=0.000
D step=3/5 epoch=3/3 loss=0.4309 l2=0.2000 label_smoothing=0.000
D step=4/5 epoch=1/3 loss=0.4449 l2=0.2000 label_smoothing=0.000
D step=4/5 epoch=2/3 loss=0.4440 l2=0.2000 label_smoothing=0.000
D step=4/5 epoch=3/3 loss=0.4417 l2=0.2000 label_smoothing=0.000
D step=5/5 epoch=1/3 loss=0.4332 l2=0.2000 label_smoothing=0.000
D step=5/5 epoch=2/3 loss=0.4312 l2=0.2000 label_smoothing=0.000
D step=5/5 epoch=3/3 loss=0.4289 l2=0.2000 label_smoothing=0.000
ADV epoch=150/200 g_loss=0.0002 d_loss=0.4294 reward=0.2876 reward_var=0.0013 unique=0.0200
D step=1/5 epoch=1/3 loss=0.4512 l2=0.2000 label_smoothing=0.000
D step=1/5 epoch=2/3 loss=0.4514 l2=0.2000 label_smoothing=0.000
D step=1/5 epoch=3/3 loss=0.4485 l2=0.2000 label_smoothing=0.000
D step=2/5 epoch=1/3 loss=0.4431 l2=0.2000 label_smoothing=0.000
D step=2/5 epoch=2/3 loss=0.4413 l2=0.2000 label_smoothing=0.000
D step=2/5 epoch=3/3 loss=0.4391 l2=0.2000 label_smoothing=0.000
D step=3/5 epoch=1/3 loss=0.3962 l2=0.2000 label_smoothing=0.000
D step=3/5 epoch=2/3 loss=0.3957 l2=0.2000 label_smoothing=0.000
D step=3/5 epoch=3/3 loss=0.3931 l2=0.2000 label_smoothing=0.000
D step=4/5 epoch=1/3 loss=0.4396 l2=0.2000 label_smoothing=0.000
D step=4/5 epoch=2/3 loss=0.4415 l2=0.2000 label_smoothing=0.000
D step=4/5 epoch=3/3 loss=0.4424 l2=0.2000 label_smoothing=0.000
D step=5/5 epoch=1/3 loss=0.4185 l2=0.2000 label_smoothing=0.000
D step=5/5 epoch=2/3 loss=0.4217 l2=0.2000 label_smoothing=0.000
D step=5/5 epoch=3/3 loss=0.4208 l2=0.2000 label_smoothing=0.000
ADV epoch=151/200 g_loss=0.0002 d_loss=0.4296 reward=0.3033 reward_var=0.0007 unique=0.0200
D step=1/5 epoch=1/3 loss=0.4308 l2=0.2000 label_smoothing=0.000
D step=1/5 epoch=2/3 loss=0.4327 l2=0.2000 label_smoothing=0.000
D step=1/5 epoch=3/3 loss=0.4274 l2=0.2000 label_smoothing=0.000
D step=2/5 epoch=1/3 loss=0.4163 l2=0.2000 label_smoothing=0.000
D step=2/5 epoch=2/3 loss=0.4107 l2=0.2000 label_smoothing=0.000
D step=2/5 epoch=3/3 loss=0.4100 l2=0.2000 label_smoothing=0.000
D step=3/5 epoch=1/3 loss=0.4512 l2=0.2000 label_smoothing=0.000
D step=3/5 epoch=2/3 loss=0.4498 l2=0.2000 label_smoothing=0.000
D step=3/5 epoch=3/3 loss=0.4500 l2=0.2000 label_smoothing=0.000
D step=4/5 epoch=1/3 loss=0.4343 l2=0.2000 label_smoothing=0.000
D step=4/5 epoch=2/3 loss=0.4324 l2=0.2000 label_smoothing=0.000
D step=4/5 epoch=3/3 loss=0.4350 l2=0.2000 label_smoothing=0.000
D step=5/5 epoch=1/3 loss=0.3974 l2=0.2000 label_smoothing=0.000
D step=5/5 epoch=2/3 loss=0.3951 l2=0.2000 label_smoothing=0.000
D step=5/5 epoch=3/3 loss=0.3944 l2=0.2000 label_smoothing=0.000
ADV epoch=152/200 g_loss=0.0002 d_loss=0.4245 reward=0.2877 reward_var=0.0000 unique=0.0400
D step=1/5 epoch=1/3 loss=0.4310 l2=0.2000 label_smoothing=0.000
D step=1/5 epoch=2/3 loss=0.4294 l2=0.2000 label_smoothing=0.000
D step=1/5 epoch=3/3 loss=0.4274 l2=0.2000 label_smoothing=0.000
D step=2/5 epoch=1/3 loss=0.4149 l2=0.2000 label_smoothing=0.000
D step=2/5 epoch=2/3 loss=0.4149 l2=0.2000 label_smoothing=0.000
D step=2/5 epoch=3/3 loss=0.4134 l2=0.2000 label_smoothing=0.000
D step=3/5 epoch=1/3 loss=0.4161 l2=0.2000 label_smoothing=0.000
D step=3/5 epoch=2/3 loss=0.4193 l2=0.2000 label_smoothing=0.000
D step=3/5 epoch=3/3 loss=0.4225 l2=0.2000 label_smoothing=0.000
D step=4/5 epoch=1/3 loss=0.4114 l2=0.2000 label_smoothing=0.000
D step=4/5 epoch=2/3 loss=0.4092 l2=0.2000 label_smoothing=0.000
D step=4/5 epoch=3/3 loss=0.4077 l2=0.2000 label_smoothing=0.000
D step=5/5 epoch=1/3 loss=0.4137 l2=0.2000 label_smoothing=0.000
D step=5/5 epoch=2/3 loss=0.4137 l2=0.2000 label_smoothing=0.000
D step=5/5 epoch=3/3 loss=0.4138 l2=0.2000 label_smoothing=0.000
ADV epoch=153/200 g_loss=0.0002 d_loss=0.4172 reward=0.2846 reward_var=0.0000 unique=0.0600
D step=1/5 epoch=1/3 loss=0.4256 l2=0.2000 label_smoothing=0.000
D step=1/5 epoch=2/3 loss=0.4239 l2=0.2000 label_smoothing=0.000
D step=1/5 epoch=3/3 loss=0.4244 l2=0.2000 label_smoothing=0.000
D step=2/5 epoch=1/3 loss=0.4106 l2=0.2000 label_smoothing=0.000
D step=2/5 epoch=2/3 loss=0.4120 l2=0.2000 label_smoothing=0.000
D step=2/5 epoch=3/3 loss=0.4110 l2=0.2000 label_smoothing=0.000
D step=3/5 epoch=1/3 loss=0.4293 l2=0.2000 label_smoothing=0.000
D step=3/5 epoch=2/3 loss=0.4314 l2=0.2000 label_smoothing=0.000
D step=3/5 epoch=3/3 loss=0.4357 l2=0.2000 label_smoothing=0.000
D step=4/5 epoch=1/3 loss=0.4074 l2=0.2000 label_smoothing=0.000
D step=4/5 epoch=2/3 loss=0.4066 l2=0.2000 label_smoothing=0.000
D step=4/5 epoch=3/3 loss=0.4073 l2=0.2000 label_smoothing=0.000
D step=5/5 epoch=1/3 loss=0.4598 l2=0.2000 label_smoothing=0.000
D step=5/5 epoch=2/3 loss=0.4625 l2=0.2000 label_smoothing=0.000
D step=5/5 epoch=3/3 loss=0.4642 l2=0.2000 label_smoothing=0.000
ADV epoch=154/200 g_loss=0.0002 d_loss=0.4274 reward=0.2792 reward_var=0.0009 unique=0.0200
D step=1/5 epoch=1/3 loss=0.4225 l2=0.2000 label_smoothing=0.000
D step=1/5 epoch=2/3 loss=0.4213 l2=0.2000 label_smoothing=0.000
D step=1/5 epoch=3/3 loss=0.4181 l2=0.2000 label_smoothing=0.000
D step=2/5 epoch=1/3 loss=0.4326 l2=0.2000 label_smoothing=0.000
D step=2/5 epoch=2/3 loss=0.4318 l2=0.2000 label_smoothing=0.000
D step=2/5 epoch=3/3 loss=0.4318 l2=0.2000 label_smoothing=0.000
D step=3/5 epoch=1/3 loss=0.4129 l2=0.2000 label_smoothing=0.000
D step=3/5 epoch=2/3 loss=0.4128 l2=0.2000 label_smoothing=0.000
D step=3/5 epoch=3/3 loss=0.4186 l2=0.2000 label_smoothing=0.000
D step=4/5 epoch=1/3 loss=0.4104 l2=0.2000 label_smoothing=0.000
D step=4/5 epoch=2/3 loss=0.4105 l2=0.2000 label_smoothing=0.000
D step=4/5 epoch=3/3 loss=0.4120 l2=0.2000 label_smoothing=0.000
D step=5/5 epoch=1/3 loss=0.4099 l2=0.2000 label_smoothing=0.000
D step=5/5 epoch=2/3 loss=0.4146 l2=0.2000 label_smoothing=0.000
D step=5/5 epoch=3/3 loss=0.4137 l2=0.2000 label_smoothing=0.000
ADV epoch=155/200 g_loss=0.0003 d_loss=0.4182 reward=0.3007 reward_var=0.0005 unique=0.0200
D step=1/5 epoch=1/3 loss=0.4360 l2=0.2000 label_smoothing=0.000
D step=1/5 epoch=2/3 loss=0.4321 l2=0.2000 label_smoothing=0.000
D step=1/5 epoch=3/3 loss=0.4338 l2=0.2000 label_smoothing=0.000
D step=2/5 epoch=1/3 loss=0.4342 l2=0.2000 label_smoothing=0.000
D step=2/5 epoch=2/3 loss=0.4325 l2=0.2000 label_smoothing=0.000
D step=2/5 epoch=3/3 loss=0.4332 l2=0.2000 label_smoothing=0.000
D step=3/5 epoch=1/3 loss=0.4237 l2=0.2000 label_smoothing=0.000
D step=3/5 epoch=2/3 loss=0.4224 l2=0.2000 label_smoothing=0.000
D step=3/5 epoch=3/3 loss=0.4195 l2=0.2000 label_smoothing=0.000
D step=4/5 epoch=1/3 loss=0.4346 l2=0.2000 label_smoothing=0.000
D step=4/5 epoch=2/3 loss=0.4319 l2=0.2000 label_smoothing=0.000
D step=4/5 epoch=3/3 loss=0.4324 l2=0.2000 label_smoothing=0.000
D step=5/5 epoch=1/3 loss=0.4225 l2=0.2000 label_smoothing=0.000
D step=5/5 epoch=2/3 loss=0.4246 l2=0.2000 label_smoothing=0.000
D step=5/5 epoch=3/3 loss=0.4214 l2=0.2000 label_smoothing=0.000
ADV epoch=156/200 g_loss=0.0002 d_loss=0.4290 reward=0.2893 reward_var=0.0000 unique=0.0400
D step=1/5 epoch=1/3 loss=0.4436 l2=0.2000 label_smoothing=0.000
D step=1/5 epoch=2/3 loss=0.4474 l2=0.2000 label_smoothing=0.000
D step=1/5 epoch=3/3 loss=0.4386 l2=0.2000 label_smoothing=0.000
D step=2/5 epoch=1/3 loss=0.4253 l2=0.2000 label_smoothing=0.000
D step=2/5 epoch=2/3 loss=0.4269 l2=0.2000 label_smoothing=0.000
D step=2/5 epoch=3/3 loss=0.4215 l2=0.2000 label_smoothing=0.000
D step=3/5 epoch=1/3 loss=0.4460 l2=0.2000 label_smoothing=0.000
D step=3/5 epoch=2/3 loss=0.4416 l2=0.2000 label_smoothing=0.000
D step=3/5 epoch=3/3 loss=0.4435 l2=0.2000 label_smoothing=0.000
D step=4/5 epoch=1/3 loss=0.4482 l2=0.2000 label_smoothing=0.000
D step=4/5 epoch=2/3 loss=0.4508 l2=0.2000 label_smoothing=0.000
D step=4/5 epoch=3/3 loss=0.4517 l2=0.2000 label_smoothing=0.000
D step=5/5 epoch=1/3 loss=0.4312 l2=0.2000 label_smoothing=0.000
D step=5/5 epoch=2/3 loss=0.4303 l2=0.2000 label_smoothing=0.000
D step=5/5 epoch=3/3 loss=0.4299 l2=0.2000 label_smoothing=0.000
ADV epoch=157/200 g_loss=0.0008 d_loss=0.4384 reward=0.2862 reward_var=0.0012 unique=0.0200
D step=1/5 epoch=1/3 loss=0.4166 l2=0.2000 label_smoothing=0.000
D step=1/5 epoch=2/3 loss=0.4118 l2=0.2000 label_smoothing=0.000
D step=1/5 epoch=3/3 loss=0.4165 l2=0.2000 label_smoothing=0.000
D step=2/5 epoch=1/3 loss=0.4252 l2=0.2000 label_smoothing=0.000
D step=2/5 epoch=2/3 loss=0.4230 l2=0.2000 label_smoothing=0.000
D step=2/5 epoch=3/3 loss=0.4273 l2=0.2000 label_smoothing=0.000
D step=3/5 epoch=1/3 loss=0.3950 l2=0.2000 label_smoothing=0.000
D step=3/5 epoch=2/3 loss=0.3900 l2=0.2000 label_smoothing=0.000
D step=3/5 epoch=3/3 loss=0.3954 l2=0.2000 label_smoothing=0.000
D step=4/5 epoch=1/3 loss=0.4312 l2=0.2000 label_smoothing=0.000
D step=4/5 epoch=2/3 loss=0.4271 l2=0.2000 label_smoothing=0.000
D step=4/5 epoch=3/3 loss=0.4258 l2=0.2000 label_smoothing=0.000
D step=5/5 epoch=1/3 loss=0.4430 l2=0.2000 label_smoothing=0.000
D step=5/5 epoch=2/3 loss=0.4423 l2=0.2000 label_smoothing=0.000
D step=5/5 epoch=3/3 loss=0.4464 l2=0.2000 label_smoothing=0.000
ADV epoch=158/200 g_loss=0.0002 d_loss=0.4211 reward=0.3055 reward_var=0.0011 unique=0.0800
D step=1/5 epoch=1/3 loss=0.4237 l2=0.2000 label_smoothing=0.000
D step=1/5 epoch=2/3 loss=0.4195 l2=0.2000 label_smoothing=0.000
D step=1/5 epoch=3/3 loss=0.4268 l2=0.2000 label_smoothing=0.000
D step=2/5 epoch=1/3 loss=0.4174 l2=0.2000 label_smoothing=0.000
D step=2/5 epoch=2/3 loss=0.4202 l2=0.2000 label_smoothing=0.000
D step=2/5 epoch=3/3 loss=0.4210 l2=0.2000 label_smoothing=0.000
D step=3/5 epoch=1/3 loss=0.4262 l2=0.2000 label_smoothing=0.000
D step=3/5 epoch=2/3 loss=0.4246 l2=0.2000 label_smoothing=0.000
D step=3/5 epoch=3/3 loss=0.4229 l2=0.2000 label_smoothing=0.000
D step=4/5 epoch=1/3 loss=0.4426 l2=0.2000 label_smoothing=0.000
D step=4/5 epoch=2/3 loss=0.4402 l2=0.2000 label_smoothing=0.000
D step=4/5 epoch=3/3 loss=0.4402 l2=0.2000 label_smoothing=0.000
D step=5/5 epoch=1/3 loss=0.4412 l2=0.2000 label_smoothing=0.000
D step=5/5 epoch=2/3 loss=0.4409 l2=0.2000 label_smoothing=0.000
D step=5/5 epoch=3/3 loss=0.4428 l2=0.2000 label_smoothing=0.000
ADV epoch=159/200 g_loss=0.0003 d_loss=0.4300 reward=0.2931 reward_var=0.0003 unique=0.0400
D step=1/5 epoch=1/3 loss=0.4196 l2=0.2000 label_smoothing=0.000
D step=1/5 epoch=2/3 loss=0.4170 l2=0.2000 label_smoothing=0.000
D step=1/5 epoch=3/3 loss=0.4199 l2=0.2000 label_smoothing=0.000
D step=2/5 epoch=1/3 loss=0.4204 l2=0.2000 label_smoothing=0.000
D step=2/5 epoch=2/3 loss=0.4202 l2=0.2000 label_smoothing=0.000
D step=2/5 epoch=3/3 loss=0.4154 l2=0.2000 label_smoothing=0.000
D step=3/5 epoch=1/3 loss=0.4083 l2=0.2000 label_smoothing=0.000
D step=3/5 epoch=2/3 loss=0.4036 l2=0.2000 label_smoothing=0.000
D step=3/5 epoch=3/3 loss=0.4056 l2=0.2000 label_smoothing=0.000
D step=4/5 epoch=1/3 loss=0.4296 l2=0.2000 label_smoothing=0.000
D step=4/5 epoch=2/3 loss=0.4325 l2=0.2000 label_smoothing=0.000
D step=4/5 epoch=3/3 loss=0.4307 l2=0.2000 label_smoothing=0.000
D step=5/5 epoch=1/3 loss=0.4171 l2=0.2000 label_smoothing=0.000
D step=5/5 epoch=2/3 loss=0.4208 l2=0.2000 label_smoothing=0.000
D step=5/5 epoch=3/3 loss=0.4165 l2=0.2000 label_smoothing=0.000
ADV epoch=160/200 g_loss=0.0002 d_loss=0.4185 reward=0.2947 reward_var=0.0022 unique=0.0400
D step=1/5 epoch=1/3 loss=0.4171 l2=0.2000 label_smoothing=0.000
D step=1/5 epoch=2/3 loss=0.4119 l2=0.2000 label_smoothing=0.000
D step=1/5 epoch=3/3 loss=0.4164 l2=0.2000 label_smoothing=0.000
D step=2/5 epoch=1/3 loss=0.4435 l2=0.2000 label_smoothing=0.000
D step=2/5 epoch=2/3 loss=0.4426 l2=0.2000 label_smoothing=0.000
D step=2/5 epoch=3/3 loss=0.4433 l2=0.2000 label_smoothing=0.000
D step=3/5 epoch=1/3 loss=0.4317 l2=0.2000 label_smoothing=0.000
D step=3/5 epoch=2/3 loss=0.4356 l2=0.2000 label_smoothing=0.000
D step=3/5 epoch=3/3 loss=0.4341 l2=0.2000 label_smoothing=0.000
D step=4/5 epoch=1/3 loss=0.4306 l2=0.2000 label_smoothing=0.000
D step=4/5 epoch=2/3 loss=0.4295 l2=0.2000 label_smoothing=0.000
D step=4/5 epoch=3/3 loss=0.4305 l2=0.2000 label_smoothing=0.000
D step=5/5 epoch=1/3 loss=0.4315 l2=0.2000 label_smoothing=0.000
D step=5/5 epoch=2/3 loss=0.4290 l2=0.2000 label_smoothing=0.000
D step=5/5 epoch=3/3 loss=0.4295 l2=0.2000 label_smoothing=0.000
ADV epoch=161/200 g_loss=0.0001 d_loss=0.4305 reward=0.2827 reward_var=0.0010 unique=0.0400
D step=1/5 epoch=1/3 loss=0.4234 l2=0.2000 label_smoothing=0.000
D step=1/5 epoch=2/3 loss=0.4233 l2=0.2000 label_smoothing=0.000
D step=1/5 epoch=3/3 loss=0.4197 l2=0.2000 label_smoothing=0.000
D step=2/5 epoch=1/3 loss=0.4410 l2=0.2000 label_smoothing=0.000
D step=2/5 epoch=2/3 loss=0.4491 l2=0.2000 label_smoothing=0.000
D step=2/5 epoch=3/3 loss=0.4465 l2=0.2000 label_smoothing=0.000
D step=3/5 epoch=1/3 loss=0.4246 l2=0.2000 label_smoothing=0.000
D step=3/5 epoch=2/3 loss=0.4269 l2=0.2000 label_smoothing=0.000
D step=3/5 epoch=3/3 loss=0.4274 l2=0.2000 label_smoothing=0.000
D step=4/5 epoch=1/3 loss=0.4183 l2=0.2000 label_smoothing=0.000
D step=4/5 epoch=2/3 loss=0.4238 l2=0.2000 label_smoothing=0.000
D step=4/5 epoch=3/3 loss=0.4182 l2=0.2000 label_smoothing=0.000
D step=5/5 epoch=1/3 loss=0.4109 l2=0.2000 label_smoothing=0.000
D step=5/5 epoch=2/3 loss=0.4141 l2=0.2000 label_smoothing=0.000
D step=5/5 epoch=3/3 loss=0.4128 l2=0.2000 label_smoothing=0.000
ADV epoch=162/200 g_loss=0.0001 d_loss=0.4253 reward=0.2922 reward_var=0.0008 unique=0.0200
D step=1/5 epoch=1/3 loss=0.4237 l2=0.2000 label_smoothing=0.000
D step=1/5 epoch=2/3 loss=0.4187 l2=0.2000 label_smoothing=0.000
D step=1/5 epoch=3/3 loss=0.4232 l2=0.2000 label_smoothing=0.000
D step=2/5 epoch=1/3 loss=0.4109 l2=0.2000 label_smoothing=0.000
D step=2/5 epoch=2/3 loss=0.4152 l2=0.2000 label_smoothing=0.000
D step=2/5 epoch=3/3 loss=0.4130 l2=0.2000 label_smoothing=0.000
D step=3/5 epoch=1/3 loss=0.4514 l2=0.2000 label_smoothing=0.000
D step=3/5 epoch=2/3 loss=0.4452 l2=0.2000 label_smoothing=0.000
D step=3/5 epoch=3/3 loss=0.4462 l2=0.2000 label_smoothing=0.000
D step=4/5 epoch=1/3 loss=0.3748 l2=0.2000 label_smoothing=0.000
D step=4/5 epoch=2/3 loss=0.3724 l2=0.2000 label_smoothing=0.000
D step=4/5 epoch=3/3 loss=0.3754 l2=0.2000 label_smoothing=0.000
D step=5/5 epoch=1/3 loss=0.4197 l2=0.2000 label_smoothing=0.000
D step=5/5 epoch=2/3 loss=0.4252 l2=0.2000 label_smoothing=0.000
D step=5/5 epoch=3/3 loss=0.4242 l2=0.2000 label_smoothing=0.000
ADV epoch=163/200 g_loss=0.0002 d_loss=0.4160 reward=0.2870 reward_var=0.0015 unique=0.0200
D step=1/5 epoch=1/3 loss=0.4161 l2=0.2000 label_smoothing=0.000
D step=1/5 epoch=2/3 loss=0.4170 l2=0.2000 label_smoothing=0.000
D step=1/5 epoch=3/3 loss=0.4149 l2=0.2000 label_smoothing=0.000
D step=2/5 epoch=1/3 loss=0.4453 l2=0.2000 label_smoothing=0.000
D step=2/5 epoch=2/3 loss=0.4472 l2=0.2000 label_smoothing=0.000
D step=2/5 epoch=3/3 loss=0.4416 l2=0.2000 label_smoothing=0.000
D step=3/5 epoch=1/3 loss=0.4297 l2=0.2000 label_smoothing=0.000
D step=3/5 epoch=2/3 loss=0.4289 l2=0.2000 label_smoothing=0.000
D step=3/5 epoch=3/3 loss=0.4290 l2=0.2000 label_smoothing=0.000
D step=4/5 epoch=1/3 loss=0.4330 l2=0.2000 label_smoothing=0.000
D step=4/5 epoch=2/3 loss=0.4358 l2=0.2000 label_smoothing=0.000
D step=4/5 epoch=3/3 loss=0.4312 l2=0.2000 label_smoothing=0.000
D step=5/5 epoch=1/3 loss=0.4141 l2=0.2000 label_smoothing=0.000
D step=5/5 epoch=2/3 loss=0.4118 l2=0.2000 label_smoothing=0.000
D step=5/5 epoch=3/3 loss=0.4116 l2=0.2000 label_smoothing=0.000
ADV epoch=164/200 g_loss=0.0001 d_loss=0.4271 reward=0.2764 reward_var=0.0001 unique=0.0200
D step=1/5 epoch=1/3 loss=0.4358 l2=0.2000 label_smoothing=0.000
D step=1/5 epoch=2/3 loss=0.4317 l2=0.2000 label_smoothing=0.000
D step=1/5 epoch=3/3 loss=0.4312 l2=0.2000 label_smoothing=0.000
D step=2/5 epoch=1/3 loss=0.4533 l2=0.2000 label_smoothing=0.000
D step=2/5 epoch=2/3 loss=0.4584 l2=0.2000 label_smoothing=0.000
D step=2/5 epoch=3/3 loss=0.4571 l2=0.2000 label_smoothing=0.000
D step=3/5 epoch=1/3 loss=0.4217 l2=0.2000 label_smoothing=0.000
D step=3/5 epoch=2/3 loss=0.4143 l2=0.2000 label_smoothing=0.000
D step=3/5 epoch=3/3 loss=0.4169 l2=0.2000 label_smoothing=0.000
D step=4/5 epoch=1/3 loss=0.4370 l2=0.2000 label_smoothing=0.000
D step=4/5 epoch=2/3 loss=0.4355 l2=0.2000 label_smoothing=0.000
D step=4/5 epoch=3/3 loss=0.4338 l2=0.2000 label_smoothing=0.000
D step=5/5 epoch=1/3 loss=0.4283 l2=0.2000 label_smoothing=0.000
D step=5/5 epoch=2/3 loss=0.4313 l2=0.2000 label_smoothing=0.000
D step=5/5 epoch=3/3 loss=0.4266 l2=0.2000 label_smoothing=0.000
ADV epoch=165/200 g_loss=0.0001 d_loss=0.4342 reward=0.2904 reward_var=0.0000 unique=0.0200
D step=1/5 epoch=1/3 loss=0.4043 l2=0.2000 label_smoothing=0.000
D step=1/5 epoch=2/3 loss=0.4035 l2=0.2000 label_smoothing=0.000
D step=1/5 epoch=3/3 loss=0.4054 l2=0.2000 label_smoothing=0.000
D step=2/5 epoch=1/3 loss=0.4415 l2=0.2000 label_smoothing=0.000
D step=2/5 epoch=2/3 loss=0.4431 l2=0.2000 label_smoothing=0.000
D step=2/5 epoch=3/3 loss=0.4456 l2=0.2000 label_smoothing=0.000
D step=3/5 epoch=1/3 loss=0.4701 l2=0.2000 label_smoothing=0.000
D step=3/5 epoch=2/3 loss=0.4715 l2=0.2000 label_smoothing=0.000
D step=3/5 epoch=3/3 loss=0.4713 l2=0.2000 label_smoothing=0.000
D step=4/5 epoch=1/3 loss=0.4362 l2=0.2000 label_smoothing=0.000
D step=4/5 epoch=2/3 loss=0.4345 l2=0.2000 label_smoothing=0.000
D step=4/5 epoch=3/3 loss=0.4370 l2=0.2000 label_smoothing=0.000
D step=5/5 epoch=1/3 loss=0.4233 l2=0.2000 label_smoothing=0.000
D step=5/5 epoch=2/3 loss=0.4275 l2=0.2000 label_smoothing=0.000
D step=5/5 epoch=3/3 loss=0.4194 l2=0.2000 label_smoothing=0.000
ADV epoch=166/200 g_loss=0.0001 d_loss=0.4356 reward=0.2857 reward_var=0.0000 unique=0.0200
D step=1/5 epoch=1/3 loss=0.4106 l2=0.2000 label_smoothing=0.000
D step=1/5 epoch=2/3 loss=0.4088 l2=0.2000 label_smoothing=0.000
D step=1/5 epoch=3/3 loss=0.4120 l2=0.2000 label_smoothing=0.000
D step=2/5 epoch=1/3 loss=0.4239 l2=0.2000 label_smoothing=0.000
D step=2/5 epoch=2/3 loss=0.4189 l2=0.2000 label_smoothing=0.000
D step=2/5 epoch=3/3 loss=0.4250 l2=0.2000 label_smoothing=0.000
D step=3/5 epoch=1/3 loss=0.4588 l2=0.2000 label_smoothing=0.000
D step=3/5 epoch=2/3 loss=0.4274 l2=0.2000 label_smoothing=0.000
D step=3/5 epoch=3/3 loss=0.3960 l2=0.2000 label_smoothing=0.000
D step=4/5 epoch=1/3 loss=0.4343 l2=0.2000 label_smoothing=0.000
D step=4/5 epoch=2/3 loss=0.4313 l2=0.2000 label_smoothing=0.000
D step=4/5 epoch=3/3 loss=0.4332 l2=0.2000 label_smoothing=0.000
D step=5/5 epoch=1/3 loss=0.3820 l2=0.2000 label_smoothing=0.000
D step=5/5 epoch=2/3 loss=0.3819 l2=0.2000 label_smoothing=0.000
D step=5/5 epoch=3/3 loss=0.3816 l2=0.2000 label_smoothing=0.000
ADV epoch=167/200 g_loss=0.0001 d_loss=0.4150 reward=0.2962 reward_var=0.0011 unique=0.0200
D step=1/5 epoch=1/3 loss=0.4263 l2=0.2000 label_smoothing=0.000
D step=1/5 epoch=2/3 loss=0.4171 l2=0.2000 label_smoothing=0.000
D step=1/5 epoch=3/3 loss=0.4275 l2=0.2000 label_smoothing=0.000
D step=2/5 epoch=1/3 loss=0.3981 l2=0.2000 label_smoothing=0.000
D step=2/5 epoch=2/3 loss=0.4003 l2=0.2000 label_smoothing=0.000
D step=2/5 epoch=3/3 loss=0.3980 l2=0.2000 label_smoothing=0.000
D step=3/5 epoch=1/3 loss=0.4114 l2=0.2000 label_smoothing=0.000
D step=3/5 epoch=2/3 loss=0.4159 l2=0.2000 label_smoothing=0.000
D step=3/5 epoch=3/3 loss=0.4113 l2=0.2000 label_smoothing=0.000
D step=4/5 epoch=1/3 loss=0.3895 l2=0.2000 label_smoothing=0.000
D step=4/5 epoch=2/3 loss=0.3906 l2=0.2000 label_smoothing=0.000
D step=4/5 epoch=3/3 loss=0.3948 l2=0.2000 label_smoothing=0.000
D step=5/5 epoch=1/3 loss=0.4438 l2=0.2000 label_smoothing=0.000
D step=5/5 epoch=2/3 loss=0.4386 l2=0.2000 label_smoothing=0.000
D step=5/5 epoch=3/3 loss=0.4469 l2=0.2000 label_smoothing=0.000
ADV epoch=168/200 g_loss=0.0001 d_loss=0.4140 reward=0.2646 reward_var=0.0000 unique=0.0200
D step=1/5 epoch=1/3 loss=0.4442 l2=0.2000 label_smoothing=0.000
D step=1/5 epoch=2/3 loss=0.4379 l2=0.2000 label_smoothing=0.000
D step=1/5 epoch=3/3 loss=0.4401 l2=0.2000 label_smoothing=0.000
D step=2/5 epoch=1/3 loss=0.4332 l2=0.2000 label_smoothing=0.000
D step=2/5 epoch=2/3 loss=0.4334 l2=0.2000 label_smoothing=0.000
D step=2/5 epoch=3/3 loss=0.4304 l2=0.2000 label_smoothing=0.000
D step=3/5 epoch=1/3 loss=0.4270 l2=0.2000 label_smoothing=0.000
D step=3/5 epoch=2/3 loss=0.4303 l2=0.2000 label_smoothing=0.000
D step=3/5 epoch=3/3 loss=0.4307 l2=0.2000 label_smoothing=0.000
D step=4/5 epoch=1/3 loss=0.4354 l2=0.2000 label_smoothing=0.000
D step=4/5 epoch=2/3 loss=0.4281 l2=0.2000 label_smoothing=0.000
D step=4/5 epoch=3/3 loss=0.4296 l2=0.2000 label_smoothing=0.000
D step=5/5 epoch=1/3 loss=0.4353 l2=0.2000 label_smoothing=0.000
D step=5/5 epoch=2/3 loss=0.4303 l2=0.2000 label_smoothing=0.000
D step=5/5 epoch=3/3 loss=0.4315 l2=0.2000 label_smoothing=0.000
ADV epoch=169/200 g_loss=0.0001 d_loss=0.4332 reward=0.2835 reward_var=0.0000 unique=0.0400
D step=1/5 epoch=1/3 loss=0.4516 l2=0.2000 label_smoothing=0.000
D step=1/5 epoch=2/3 loss=0.4512 l2=0.2000 label_smoothing=0.000
D step=1/5 epoch=3/3 loss=0.4512 l2=0.2000 label_smoothing=0.000
D step=2/5 epoch=1/3 loss=0.4174 l2=0.2000 label_smoothing=0.000
D step=2/5 epoch=2/3 loss=0.4150 l2=0.2000 label_smoothing=0.000
D step=2/5 epoch=3/3 loss=0.4119 l2=0.2000 label_smoothing=0.000
D step=3/5 epoch=1/3 loss=0.4442 l2=0.2000 label_smoothing=0.000
D step=3/5 epoch=2/3 loss=0.4465 l2=0.2000 label_smoothing=0.000
D step=3/5 epoch=3/3 loss=0.4426 l2=0.2000 label_smoothing=0.000
D step=4/5 epoch=1/3 loss=0.4214 l2=0.2000 label_smoothing=0.000
D step=4/5 epoch=2/3 loss=0.4218 l2=0.2000 label_smoothing=0.000
D step=4/5 epoch=3/3 loss=0.4230 l2=0.2000 label_smoothing=0.000
D step=5/5 epoch=1/3 loss=0.4317 l2=0.2000 label_smoothing=0.000
D step=5/5 epoch=2/3 loss=0.4247 l2=0.2000 label_smoothing=0.000
D step=5/5 epoch=3/3 loss=0.4301 l2=0.2000 label_smoothing=0.000
ADV epoch=170/200 g_loss=0.0001 d_loss=0.4323 reward=0.2921 reward_var=0.0000 unique=0.0200
D step=1/5 epoch=1/3 loss=0.4281 l2=0.2000 label_smoothing=0.000
D step=1/5 epoch=2/3 loss=0.4341 l2=0.2000 label_smoothing=0.000
D step=1/5 epoch=3/3 loss=0.4279 l2=0.2000 label_smoothing=0.000
D step=2/5 epoch=1/3 loss=0.4318 l2=0.2000 label_smoothing=0.000
D step=2/5 epoch=2/3 loss=0.4328 l2=0.2000 label_smoothing=0.000
D step=2/5 epoch=3/3 loss=0.4296 l2=0.2000 label_smoothing=0.000
D step=3/5 epoch=1/3 loss=0.4396 l2=0.2000 label_smoothing=0.000
D step=3/5 epoch=2/3 loss=0.4359 l2=0.2000 label_smoothing=0.000
D step=3/5 epoch=3/3 loss=0.4379 l2=0.2000 label_smoothing=0.000
D step=4/5 epoch=1/3 loss=0.4441 l2=0.2000 label_smoothing=0.000
D step=4/5 epoch=2/3 loss=0.4432 l2=0.2000 label_smoothing=0.000
D step=4/5 epoch=3/3 loss=0.4419 l2=0.2000 label_smoothing=0.000
D step=5/5 epoch=1/3 loss=0.4252 l2=0.2000 label_smoothing=0.000
D step=5/5 epoch=2/3 loss=0.4267 l2=0.2000 label_smoothing=0.000
D step=5/5 epoch=3/3 loss=0.4200 l2=0.2000 label_smoothing=0.000
ADV epoch=171/200 g_loss=0.0015 d_loss=0.4332 reward=0.2793 reward_var=0.0018 unique=0.0200
D step=1/5 epoch=1/3 loss=0.4189 l2=0.2000 label_smoothing=0.000
D step=1/5 epoch=2/3 loss=0.4223 l2=0.2000 label_smoothing=0.000
D step=1/5 epoch=3/3 loss=0.4226 l2=0.2000 label_smoothing=0.000
D step=2/5 epoch=1/3 loss=0.4397 l2=0.2000 label_smoothing=0.000
D step=2/5 epoch=2/3 loss=0.4452 l2=0.2000 label_smoothing=0.000
D step=2/5 epoch=3/3 loss=0.4369 l2=0.2000 label_smoothing=0.000
D step=3/5 epoch=1/3 loss=0.4565 l2=0.2000 label_smoothing=0.000
D step=3/5 epoch=2/3 loss=0.4526 l2=0.2000 label_smoothing=0.000
D step=3/5 epoch=3/3 loss=0.4473 l2=0.2000 label_smoothing=0.000
D step=4/5 epoch=1/3 loss=0.4266 l2=0.2000 label_smoothing=0.000
D step=4/5 epoch=2/3 loss=0.4258 l2=0.2000 label_smoothing=0.000
D step=4/5 epoch=3/3 loss=0.4257 l2=0.2000 label_smoothing=0.000
D step=5/5 epoch=1/3 loss=0.4448 l2=0.2000 label_smoothing=0.000
D step=5/5 epoch=2/3 loss=0.4416 l2=0.2000 label_smoothing=0.000
D step=5/5 epoch=3/3 loss=0.4438 l2=0.2000 label_smoothing=0.000
ADV epoch=172/200 g_loss=0.0018 d_loss=0.4367 reward=0.2956 reward_var=0.0004 unique=0.0200
D step=1/5 epoch=1/3 loss=0.4290 l2=0.2000 label_smoothing=0.000
D step=1/5 epoch=2/3 loss=0.4317 l2=0.2000 label_smoothing=0.000
D step=1/5 epoch=3/3 loss=0.4288 l2=0.2000 label_smoothing=0.000
D step=2/5 epoch=1/3 loss=0.4313 l2=0.2000 label_smoothing=0.000
D step=2/5 epoch=2/3 loss=0.4327 l2=0.2000 label_smoothing=0.000
D step=2/5 epoch=3/3 loss=0.4313 l2=0.2000 label_smoothing=0.000
D step=3/5 epoch=1/3 loss=0.4237 l2=0.2000 label_smoothing=0.000
D step=3/5 epoch=2/3 loss=0.4172 l2=0.2000 label_smoothing=0.000
D step=3/5 epoch=3/3 loss=0.4249 l2=0.2000 label_smoothing=0.000
D step=4/5 epoch=1/3 loss=0.4076 l2=0.2000 label_smoothing=0.000
D step=4/5 epoch=2/3 loss=0.4013 l2=0.2000 label_smoothing=0.000
D step=4/5 epoch=3/3 loss=0.4035 l2=0.2000 label_smoothing=0.000
D step=5/5 epoch=1/3 loss=0.4488 l2=0.2000 label_smoothing=0.000
D step=5/5 epoch=2/3 loss=0.4433 l2=0.2000 label_smoothing=0.000
D step=5/5 epoch=3/3 loss=0.4440 l2=0.2000 label_smoothing=0.000
ADV epoch=173/200 g_loss=0.0001 d_loss=0.4266 reward=0.3084 reward_var=0.0000 unique=0.0200
D step=1/5 epoch=1/3 loss=0.4359 l2=0.2000 label_smoothing=0.000
D step=1/5 epoch=2/3 loss=0.4335 l2=0.2000 label_smoothing=0.000
D step=1/5 epoch=3/3 loss=0.4336 l2=0.2000 label_smoothing=0.000
D step=2/5 epoch=1/3 loss=0.4192 l2=0.2000 label_smoothing=0.000
D step=2/5 epoch=2/3 loss=0.4217 l2=0.2000 label_smoothing=0.000
D step=2/5 epoch=3/3 loss=0.4247 l2=0.2000 label_smoothing=0.000
D step=3/5 epoch=1/3 loss=0.4036 l2=0.2000 label_smoothing=0.000
D step=3/5 epoch=2/3 loss=0.3994 l2=0.2000 label_smoothing=0.000
D step=3/5 epoch=3/3 loss=0.4045 l2=0.2000 label_smoothing=0.000
D step=4/5 epoch=1/3 loss=0.4264 l2=0.2000 label_smoothing=0.000
D step=4/5 epoch=2/3 loss=0.4257 l2=0.2000 label_smoothing=0.000
D step=4/5 epoch=3/3 loss=0.4238 l2=0.2000 label_smoothing=0.000
D step=5/5 epoch=1/3 loss=0.3901 l2=0.2000 label_smoothing=0.000
D step=5/5 epoch=2/3 loss=0.3919 l2=0.2000 label_smoothing=0.000
D step=5/5 epoch=3/3 loss=0.3897 l2=0.2000 label_smoothing=0.000
ADV epoch=174/200 g_loss=0.0001 d_loss=0.4149 reward=0.2765 reward_var=0.0005 unique=0.0200
D step=1/5 epoch=1/3 loss=0.4170 l2=0.2000 label_smoothing=0.000
D step=1/5 epoch=2/3 loss=0.4119 l2=0.2000 label_smoothing=0.000
D step=1/5 epoch=3/3 loss=0.4100 l2=0.2000 label_smoothing=0.000
D step=2/5 epoch=1/3 loss=0.4431 l2=0.2000 label_smoothing=0.000
D step=2/5 epoch=2/3 loss=0.4475 l2=0.2000 label_smoothing=0.000
D step=2/5 epoch=3/3 loss=0.4420 l2=0.2000 label_smoothing=0.000
D step=3/5 epoch=1/3 loss=0.4156 l2=0.2000 label_smoothing=0.000
D step=3/5 epoch=2/3 loss=0.4137 l2=0.2000 label_smoothing=0.000
D step=3/5 epoch=3/3 loss=0.4147 l2=0.2000 label_smoothing=0.000
D step=4/5 epoch=1/3 loss=0.4348 l2=0.2000 label_smoothing=0.000
D step=4/5 epoch=2/3 loss=0.4322 l2=0.2000 label_smoothing=0.000
D step=4/5 epoch=3/3 loss=0.4316 l2=0.2000 label_smoothing=0.000
D step=5/5 epoch=1/3 loss=0.4163 l2=0.2000 label_smoothing=0.000
D step=5/5 epoch=2/3 loss=0.4121 l2=0.2000 label_smoothing=0.000
D step=5/5 epoch=3/3 loss=0.4123 l2=0.2000 label_smoothing=0.000
ADV epoch=175/200 g_loss=0.0001 d_loss=0.4237 reward=0.2710 reward_var=0.0000 unique=0.0400
D step=1/5 epoch=1/3 loss=0.3756 l2=0.2000 label_smoothing=0.000
D step=1/5 epoch=2/3 loss=0.3721 l2=0.2000 label_smoothing=0.000
D step=1/5 epoch=3/3 loss=0.3682 l2=0.2000 label_smoothing=0.000
D step=2/5 epoch=1/3 loss=0.4494 l2=0.2000 label_smoothing=0.000
D step=2/5 epoch=2/3 loss=0.4487 l2=0.2000 label_smoothing=0.000
D step=2/5 epoch=3/3 loss=0.4463 l2=0.2000 label_smoothing=0.000
D step=3/5 epoch=1/3 loss=0.4234 l2=0.2000 label_smoothing=0.000
D step=3/5 epoch=2/3 loss=0.4176 l2=0.2000 label_smoothing=0.000
D step=3/5 epoch=3/3 loss=0.4224 l2=0.2000 label_smoothing=0.000
D step=4/5 epoch=1/3 loss=0.4098 l2=0.2000 label_smoothing=0.000
D step=4/5 epoch=2/3 loss=0.4147 l2=0.2000 label_smoothing=0.000
D step=4/5 epoch=3/3 loss=0.4092 l2=0.2000 label_smoothing=0.000
D step=5/5 epoch=1/3 loss=0.4159 l2=0.2000 label_smoothing=0.000
D step=5/5 epoch=2/3 loss=0.4145 l2=0.2000 label_smoothing=0.000
D step=5/5 epoch=3/3 loss=0.4121 l2=0.2000 label_smoothing=0.000
ADV epoch=176/200 g_loss=0.0001 d_loss=0.4133 reward=0.2950 reward_var=0.0000 unique=0.0600
D step=1/5 epoch=1/3 loss=0.3986 l2=0.2000 label_smoothing=0.000
D step=1/5 epoch=2/3 loss=0.4063 l2=0.2000 label_smoothing=0.000
D step=1/5 epoch=3/3 loss=0.4027 l2=0.2000 label_smoothing=0.000
D step=2/5 epoch=1/3 loss=0.4495 l2=0.2000 label_smoothing=0.000
D step=2/5 epoch=2/3 loss=0.4435 l2=0.2000 label_smoothing=0.000
D step=2/5 epoch=3/3 loss=0.4454 l2=0.2000 label_smoothing=0.000
D step=3/5 epoch=1/3 loss=0.4610 l2=0.2000 label_smoothing=0.000
D step=3/5 epoch=2/3 loss=0.4610 l2=0.2000 label_smoothing=0.000
D step=3/5 epoch=3/3 loss=0.4609 l2=0.2000 label_smoothing=0.000
D step=4/5 epoch=1/3 loss=0.4547 l2=0.2000 label_smoothing=0.000
D step=4/5 epoch=2/3 loss=0.4515 l2=0.2000 label_smoothing=0.000
D step=4/5 epoch=3/3 loss=0.4530 l2=0.2000 label_smoothing=0.000
D step=5/5 epoch=1/3 loss=0.4323 l2=0.2000 label_smoothing=0.000
D step=5/5 epoch=2/3 loss=0.4303 l2=0.2000 label_smoothing=0.000
D step=5/5 epoch=3/3 loss=0.4306 l2=0.2000 label_smoothing=0.000
ADV epoch=177/200 g_loss=0.0001 d_loss=0.4387 reward=0.2885 reward_var=0.0000 unique=0.0200
D step=1/5 epoch=1/3 loss=0.4339 l2=0.2000 label_smoothing=0.000
D step=1/5 epoch=2/3 loss=0.4317 l2=0.2000 label_smoothing=0.000
D step=1/5 epoch=3/3 loss=0.4331 l2=0.2000 label_smoothing=0.000
D step=2/5 epoch=1/3 loss=0.4386 l2=0.2000 label_smoothing=0.000
D step=2/5 epoch=2/3 loss=0.4324 l2=0.2000 label_smoothing=0.000
D step=2/5 epoch=3/3 loss=0.4295 l2=0.2000 label_smoothing=0.000
D step=3/5 epoch=1/3 loss=0.4046 l2=0.2000 label_smoothing=0.000
D step=3/5 epoch=2/3 loss=0.4029 l2=0.2000 label_smoothing=0.000
D step=3/5 epoch=3/3 loss=0.4061 l2=0.2000 label_smoothing=0.000
D step=4/5 epoch=1/3 loss=0.4207 l2=0.2000 label_smoothing=0.000
D step=4/5 epoch=2/3 loss=0.4196 l2=0.2000 label_smoothing=0.000
D step=4/5 epoch=3/3 loss=0.4169 l2=0.2000 label_smoothing=0.000
D step=5/5 epoch=1/3 loss=0.4318 l2=0.2000 label_smoothing=0.000
D step=5/5 epoch=2/3 loss=0.4337 l2=0.2000 label_smoothing=0.000
D step=5/5 epoch=3/3 loss=0.4321 l2=0.2000 label_smoothing=0.000
ADV epoch=178/200 g_loss=0.0013 d_loss=0.4245 reward=0.3126 reward_var=0.0028 unique=0.0200
D step=1/5 epoch=1/3 loss=0.4570 l2=0.2000 label_smoothing=0.000
D step=1/5 epoch=2/3 loss=0.4478 l2=0.2000 label_smoothing=0.000
D step=1/5 epoch=3/3 loss=0.4493 l2=0.2000 label_smoothing=0.000
D step=2/5 epoch=1/3 loss=0.4308 l2=0.2000 label_smoothing=0.000
D step=2/5 epoch=2/3 loss=0.4333 l2=0.2000 label_smoothing=0.000
D step=2/5 epoch=3/3 loss=0.4336 l2=0.2000 label_smoothing=0.000
D step=3/5 epoch=1/3 loss=0.4151 l2=0.2000 label_smoothing=0.000
D step=3/5 epoch=2/3 loss=0.4177 l2=0.2000 label_smoothing=0.000
D step=3/5 epoch=3/3 loss=0.4160 l2=0.2000 label_smoothing=0.000
D step=4/5 epoch=1/3 loss=0.4072 l2=0.2000 label_smoothing=0.000
D step=4/5 epoch=2/3 loss=0.4050 l2=0.2000 label_smoothing=0.000
D step=4/5 epoch=3/3 loss=0.4063 l2=0.2000 label_smoothing=0.000
D step=5/5 epoch=1/3 loss=0.4243 l2=0.2000 label_smoothing=0.000
D step=5/5 epoch=2/3 loss=0.4228 l2=0.2000 label_smoothing=0.000
D step=5/5 epoch=3/3 loss=0.4230 l2=0.2000 label_smoothing=0.000
ADV epoch=179/200 g_loss=0.0001 d_loss=0.4259 reward=0.2819 reward_var=0.0000 unique=0.0200
D step=1/5 epoch=1/3 loss=0.4111 l2=0.2000 label_smoothing=0.000
D step=1/5 epoch=2/3 loss=0.4111 l2=0.2000 label_smoothing=0.000
D step=1/5 epoch=3/3 loss=0.4109 l2=0.2000 label_smoothing=0.000
D step=2/5 epoch=1/3 loss=0.3995 l2=0.2000 label_smoothing=0.000
D step=2/5 epoch=2/3 loss=0.3957 l2=0.2000 label_smoothing=0.000
D step=2/5 epoch=3/3 loss=0.3994 l2=0.2000 label_smoothing=0.000
D step=3/5 epoch=1/3 loss=0.3920 l2=0.2000 label_smoothing=0.000
D step=3/5 epoch=2/3 loss=0.3958 l2=0.2000 label_smoothing=0.000
D step=3/5 epoch=3/3 loss=0.3910 l2=0.2000 label_smoothing=0.000
D step=4/5 epoch=1/3 loss=0.4207 l2=0.2000 label_smoothing=0.000
D step=4/5 epoch=2/3 loss=0.4228 l2=0.2000 label_smoothing=0.000
D step=4/5 epoch=3/3 loss=0.4271 l2=0.2000 label_smoothing=0.000
D step=5/5 epoch=1/3 loss=0.4225 l2=0.2000 label_smoothing=0.000
D step=5/5 epoch=2/3 loss=0.4242 l2=0.2000 label_smoothing=0.000
D step=5/5 epoch=3/3 loss=0.4234 l2=0.2000 label_smoothing=0.000
ADV epoch=180/200 g_loss=0.0001 d_loss=0.4098 reward=0.2666 reward_var=0.0007 unique=0.0200
D step=1/5 epoch=1/3 loss=0.4042 l2=0.2000 label_smoothing=0.000
D step=1/5 epoch=2/3 loss=0.4041 l2=0.2000 label_smoothing=0.000
D step=1/5 epoch=3/3 loss=0.4042 l2=0.2000 label_smoothing=0.000
D step=2/5 epoch=1/3 loss=0.4319 l2=0.2000 label_smoothing=0.000
D step=2/5 epoch=2/3 loss=0.4331 l2=0.2000 label_smoothing=0.000
D step=2/5 epoch=3/3 loss=0.4330 l2=0.2000 label_smoothing=0.000
D step=3/5 epoch=1/3 loss=0.4212 l2=0.2000 label_smoothing=0.000
D step=3/5 epoch=2/3 loss=0.4139 l2=0.2000 label_smoothing=0.000
D step=3/5 epoch=3/3 loss=0.4195 l2=0.2000 label_smoothing=0.000
D step=4/5 epoch=1/3 loss=0.4458 l2=0.2000 label_smoothing=0.000
D step=4/5 epoch=2/3 loss=0.4388 l2=0.2000 label_smoothing=0.000
D step=4/5 epoch=3/3 loss=0.4440 l2=0.2000 label_smoothing=0.000
D step=5/5 epoch=1/3 loss=0.4320 l2=0.2000 label_smoothing=0.000
D step=5/5 epoch=2/3 loss=0.4335 l2=0.2000 label_smoothing=0.000
D step=5/5 epoch=3/3 loss=0.4359 l2=0.2000 label_smoothing=0.000
ADV epoch=181/200 g_loss=0.0001 d_loss=0.4263 reward=0.2810 reward_var=0.0000 unique=0.0200
D step=1/5 epoch=1/3 loss=0.4346 l2=0.2000 label_smoothing=0.000
D step=1/5 epoch=2/3 loss=0.4326 l2=0.2000 label_smoothing=0.000
D step=1/5 epoch=3/3 loss=0.4302 l2=0.2000 label_smoothing=0.000
D step=2/5 epoch=1/3 loss=0.4450 l2=0.2000 label_smoothing=0.000
D step=2/5 epoch=2/3 loss=0.4526 l2=0.2000 label_smoothing=0.000
D step=2/5 epoch=3/3 loss=0.4474 l2=0.2000 label_smoothing=0.000
D step=3/5 epoch=1/3 loss=0.4164 l2=0.2000 label_smoothing=0.000
D step=3/5 epoch=2/3 loss=0.4142 l2=0.2000 label_smoothing=0.000
D step=3/5 epoch=3/3 loss=0.4149 l2=0.2000 label_smoothing=0.000
D step=4/5 epoch=1/3 loss=0.4454 l2=0.2000 label_smoothing=0.000
D step=4/5 epoch=2/3 loss=0.4434 l2=0.2000 label_smoothing=0.000
D step=4/5 epoch=3/3 loss=0.4427 l2=0.2000 label_smoothing=0.000
D step=5/5 epoch=1/3 loss=0.4296 l2=0.2000 label_smoothing=0.000
D step=5/5 epoch=2/3 loss=0.4303 l2=0.2000 label_smoothing=0.000
D step=5/5 epoch=3/3 loss=0.4327 l2=0.2000 label_smoothing=0.000
ADV epoch=182/200 g_loss=0.0001 d_loss=0.4341 reward=0.3088 reward_var=0.0000 unique=0.0200
D step=1/5 epoch=1/3 loss=0.4382 l2=0.2000 label_smoothing=0.000
D step=1/5 epoch=2/3 loss=0.4388 l2=0.2000 label_smoothing=0.000
D step=1/5 epoch=3/3 loss=0.4375 l2=0.2000 label_smoothing=0.000
D step=2/5 epoch=1/3 loss=0.4201 l2=0.2000 label_smoothing=0.000
D step=2/5 epoch=2/3 loss=0.4213 l2=0.2000 label_smoothing=0.000
D step=2/5 epoch=3/3 loss=0.4204 l2=0.2000 label_smoothing=0.000
D step=3/5 epoch=1/3 loss=0.4360 l2=0.2000 label_smoothing=0.000
D step=3/5 epoch=2/3 loss=0.4341 l2=0.2000 label_smoothing=0.000
D step=3/5 epoch=3/3 loss=0.4306 l2=0.2000 label_smoothing=0.000
D step=4/5 epoch=1/3 loss=0.4322 l2=0.2000 label_smoothing=0.000
D step=4/5 epoch=2/3 loss=0.4312 l2=0.2000 label_smoothing=0.000
D step=4/5 epoch=3/3 loss=0.4328 l2=0.2000 label_smoothing=0.000
D step=5/5 epoch=1/3 loss=0.4279 l2=0.2000 label_smoothing=0.000
D step=5/5 epoch=2/3 loss=0.4300 l2=0.2000 label_smoothing=0.000
D step=5/5 epoch=3/3 loss=0.4332 l2=0.2000 label_smoothing=0.000
ADV epoch=183/200 g_loss=0.0001 d_loss=0.4309 reward=0.3011 reward_var=0.0000 unique=0.0200
D step=1/5 epoch=1/3 loss=0.4133 l2=0.2000 label_smoothing=0.000
D step=1/5 epoch=2/3 loss=0.4108 l2=0.2000 label_smoothing=0.000
D step=1/5 epoch=3/3 loss=0.4121 l2=0.2000 label_smoothing=0.000
D step=2/5 epoch=1/3 loss=0.4018 l2=0.2000 label_smoothing=0.000
D step=2/5 epoch=2/3 loss=0.4054 l2=0.2000 label_smoothing=0.000
D step=2/5 epoch=3/3 loss=0.4047 l2=0.2000 label_smoothing=0.000
D step=3/5 epoch=1/3 loss=0.4315 l2=0.2000 label_smoothing=0.000
D step=3/5 epoch=2/3 loss=0.4296 l2=0.2000 label_smoothing=0.000
D step=3/5 epoch=3/3 loss=0.4274 l2=0.2000 label_smoothing=0.000
D step=4/5 epoch=1/3 loss=0.4216 l2=0.2000 label_smoothing=0.000
D step=4/5 epoch=2/3 loss=0.4175 l2=0.2000 label_smoothing=0.000
D step=4/5 epoch=3/3 loss=0.4205 l2=0.2000 label_smoothing=0.000
D step=5/5 epoch=1/3 loss=0.4372 l2=0.2000 label_smoothing=0.000
D step=5/5 epoch=2/3 loss=0.4345 l2=0.2000 label_smoothing=0.000
D step=5/5 epoch=3/3 loss=0.4324 l2=0.2000 label_smoothing=0.000
ADV epoch=184/200 g_loss=0.0001 d_loss=0.4200 reward=0.2982 reward_var=0.0000 unique=0.0200
D step=1/5 epoch=1/3 loss=0.4331 l2=0.2000 label_smoothing=0.000
D step=1/5 epoch=2/3 loss=0.4289 l2=0.2000 label_smoothing=0.000
D step=1/5 epoch=3/3 loss=0.4282 l2=0.2000 label_smoothing=0.000
D step=2/5 epoch=1/3 loss=0.4214 l2=0.2000 label_smoothing=0.000
D step=2/5 epoch=2/3 loss=0.4245 l2=0.2000 label_smoothing=0.000
D step=2/5 epoch=3/3 loss=0.4261 l2=0.2000 label_smoothing=0.000
D step=3/5 epoch=1/3 loss=0.4182 l2=0.2000 label_smoothing=0.000
D step=3/5 epoch=2/3 loss=0.4219 l2=0.2000 label_smoothing=0.000
D step=3/5 epoch=3/3 loss=0.4172 l2=0.2000 label_smoothing=0.000
D step=4/5 epoch=1/3 loss=0.4120 l2=0.2000 label_smoothing=0.000
D step=4/5 epoch=2/3 loss=0.4147 l2=0.2000 label_smoothing=0.000
D step=4/5 epoch=3/3 loss=0.4129 l2=0.2000 label_smoothing=0.000
D step=5/5 epoch=1/3 loss=0.3940 l2=0.2000 label_smoothing=0.000
D step=5/5 epoch=2/3 loss=0.3969 l2=0.2000 label_smoothing=0.000
D step=5/5 epoch=3/3 loss=0.3914 l2=0.2000 label_smoothing=0.000
ADV epoch=185/200 g_loss=0.0001 d_loss=0.4161 reward=0.2887 reward_var=0.0014 unique=0.0200
D step=1/5 epoch=1/3 loss=0.3866 l2=0.2000 label_smoothing=0.000
D step=1/5 epoch=2/3 loss=0.3864 l2=0.2000 label_smoothing=0.000
D step=1/5 epoch=3/3 loss=0.3924 l2=0.2000 label_smoothing=0.000
D step=2/5 epoch=1/3 loss=0.4017 l2=0.2000 label_smoothing=0.000
D step=2/5 epoch=2/3 loss=0.4035 l2=0.2000 label_smoothing=0.000
D step=2/5 epoch=3/3 loss=0.3996 l2=0.2000 label_smoothing=0.000
D step=3/5 epoch=1/3 loss=0.4331 l2=0.2000 label_smoothing=0.000
D step=3/5 epoch=2/3 loss=0.4319 l2=0.2000 label_smoothing=0.000
D step=3/5 epoch=3/3 loss=0.4318 l2=0.2000 label_smoothing=0.000
D step=4/5 epoch=1/3 loss=0.4338 l2=0.2000 label_smoothing=0.000
D step=4/5 epoch=2/3 loss=0.4318 l2=0.2000 label_smoothing=0.000
D step=4/5 epoch=3/3 loss=0.4332 l2=0.2000 label_smoothing=0.000
D step=5/5 epoch=1/3 loss=0.4084 l2=0.2000 label_smoothing=0.000
D step=5/5 epoch=2/3 loss=0.4116 l2=0.2000 label_smoothing=0.000
D step=5/5 epoch=3/3 loss=0.4073 l2=0.2000 label_smoothing=0.000
ADV epoch=186/200 g_loss=0.0001 d_loss=0.4129 reward=0.2675 reward_var=0.0010 unique=0.0600
D step=1/5 epoch=1/3 loss=0.4270 l2=0.2000 label_smoothing=0.000
D step=1/5 epoch=2/3 loss=0.4252 l2=0.2000 label_smoothing=0.000
D step=1/5 epoch=3/3 loss=0.4236 l2=0.2000 label_smoothing=0.000
D step=2/5 epoch=1/3 loss=0.4211 l2=0.2000 label_smoothing=0.000
D step=2/5 epoch=2/3 loss=0.4216 l2=0.2000 label_smoothing=0.000
D step=2/5 epoch=3/3 loss=0.4198 l2=0.2000 label_smoothing=0.000
D step=3/5 epoch=1/3 loss=0.4112 l2=0.2000 label_smoothing=0.000
D step=3/5 epoch=2/3 loss=0.4139 l2=0.2000 label_smoothing=0.000
D step=3/5 epoch=3/3 loss=0.4131 l2=0.2000 label_smoothing=0.000
D step=4/5 epoch=1/3 loss=0.4318 l2=0.2000 label_smoothing=0.000
D step=4/5 epoch=2/3 loss=0.4323 l2=0.2000 label_smoothing=0.000
D step=4/5 epoch=3/3 loss=0.4318 l2=0.2000 label_smoothing=0.000
D step=5/5 epoch=1/3 loss=0.4032 l2=0.2000 label_smoothing=0.000
D step=5/5 epoch=2/3 loss=0.4035 l2=0.2000 label_smoothing=0.000
D step=5/5 epoch=3/3 loss=0.4036 l2=0.2000 label_smoothing=0.000
ADV epoch=187/200 g_loss=0.0001 d_loss=0.4188 reward=0.2950 reward_var=0.0008 unique=0.0200
D step=1/5 epoch=1/3 loss=0.4059 l2=0.2000 label_smoothing=0.000
D step=1/5 epoch=2/3 loss=0.4044 l2=0.2000 label_smoothing=0.000
D step=1/5 epoch=3/3 loss=0.4029 l2=0.2000 label_smoothing=0.000
D step=2/5 epoch=1/3 loss=0.4161 l2=0.2000 label_smoothing=0.000
D step=2/5 epoch=2/3 loss=0.4189 l2=0.2000 label_smoothing=0.000
D step=2/5 epoch=3/3 loss=0.4190 l2=0.2000 label_smoothing=0.000
D step=3/5 epoch=1/3 loss=0.4356 l2=0.2000 label_smoothing=0.000
D step=3/5 epoch=2/3 loss=0.4342 l2=0.2000 label_smoothing=0.000
D step=3/5 epoch=3/3 loss=0.4306 l2=0.2000 label_smoothing=0.000
D step=4/5 epoch=1/3 loss=0.4114 l2=0.2000 label_smoothing=0.000
D step=4/5 epoch=2/3 loss=0.4072 l2=0.2000 label_smoothing=0.000
D step=4/5 epoch=3/3 loss=0.4090 l2=0.2000 label_smoothing=0.000
D step=5/5 epoch=1/3 loss=0.4219 l2=0.2000 label_smoothing=0.000
D step=5/5 epoch=2/3 loss=0.4216 l2=0.2000 label_smoothing=0.000
D step=5/5 epoch=3/3 loss=0.4228 l2=0.2000 label_smoothing=0.000
ADV epoch=188/200 g_loss=0.0012 d_loss=0.4174 reward=0.2862 reward_var=0.0004 unique=0.0200
D step=1/5 epoch=1/3 loss=0.4095 l2=0.2000 label_smoothing=0.000
D step=1/5 epoch=2/3 loss=0.4085 l2=0.2000 label_smoothing=0.000
D step=1/5 epoch=3/3 loss=0.4105 l2=0.2000 label_smoothing=0.000
D step=2/5 epoch=1/3 loss=0.4146 l2=0.2000 label_smoothing=0.000
D step=2/5 epoch=2/3 loss=0.4128 l2=0.2000 label_smoothing=0.000
D step=2/5 epoch=3/3 loss=0.4150 l2=0.2000 label_smoothing=0.000
D step=3/5 epoch=1/3 loss=0.4318 l2=0.2000 label_smoothing=0.000
D step=3/5 epoch=2/3 loss=0.4270 l2=0.2000 label_smoothing=0.000
D step=3/5 epoch=3/3 loss=0.4262 l2=0.2000 label_smoothing=0.000
D step=4/5 epoch=1/3 loss=0.4330 l2=0.2000 label_smoothing=0.000
D step=4/5 epoch=2/3 loss=0.4317 l2=0.2000 label_smoothing=0.000
D step=4/5 epoch=3/3 loss=0.4312 l2=0.2000 label_smoothing=0.000
D step=5/5 epoch=1/3 loss=0.4519 l2=0.2000 label_smoothing=0.000
D step=5/5 epoch=2/3 loss=0.4505 l2=0.2000 label_smoothing=0.000
D step=5/5 epoch=3/3 loss=0.4491 l2=0.2000 label_smoothing=0.000
ADV epoch=189/200 g_loss=0.0001 d_loss=0.4269 reward=0.2910 reward_var=0.0000 unique=0.0200
D step=1/5 epoch=1/3 loss=0.4017 l2=0.2000 label_smoothing=0.000
D step=1/5 epoch=2/3 loss=0.4024 l2=0.2000 label_smoothing=0.000
D step=1/5 epoch=3/3 loss=0.4014 l2=0.2000 label_smoothing=0.000
D step=2/5 epoch=1/3 loss=0.4306 l2=0.2000 label_smoothing=0.000
D step=2/5 epoch=2/3 loss=0.4309 l2=0.2000 label_smoothing=0.000
D step=2/5 epoch=3/3 loss=0.4324 l2=0.2000 label_smoothing=0.000
D step=3/5 epoch=1/3 loss=0.4228 l2=0.2000 label_smoothing=0.000
D step=3/5 epoch=2/3 loss=0.4186 l2=0.2000 label_smoothing=0.000
D step=3/5 epoch=3/3 loss=0.4167 l2=0.2000 label_smoothing=0.000
D step=4/5 epoch=1/3 loss=0.4224 l2=0.2000 label_smoothing=0.000
D step=4/5 epoch=2/3 loss=0.4194 l2=0.2000 label_smoothing=0.000
D step=4/5 epoch=3/3 loss=0.4265 l2=0.2000 label_smoothing=0.000
D step=5/5 epoch=1/3 loss=0.4344 l2=0.2000 label_smoothing=0.000
D step=5/5 epoch=2/3 loss=0.4363 l2=0.2000 label_smoothing=0.000
D step=5/5 epoch=3/3 loss=0.4303 l2=0.2000 label_smoothing=0.000
ADV epoch=190/200 g_loss=0.0001 d_loss=0.4218 reward=0.3052 reward_var=0.0000 unique=0.0400
D step=1/5 epoch=1/3 loss=0.4405 l2=0.2000 label_smoothing=0.000
D step=1/5 epoch=2/3 loss=0.4423 l2=0.2000 label_smoothing=0.000
D step=1/5 epoch=3/3 loss=0.4411 l2=0.2000 label_smoothing=0.000
D step=2/5 epoch=1/3 loss=0.4414 l2=0.2000 label_smoothing=0.000
D step=2/5 epoch=2/3 loss=0.4466 l2=0.2000 label_smoothing=0.000
D step=2/5 epoch=3/3 loss=0.4425 l2=0.2000 label_smoothing=0.000
D step=3/5 epoch=1/3 loss=0.4089 l2=0.2000 label_smoothing=0.000
D step=3/5 epoch=2/3 loss=0.4086 l2=0.2000 label_smoothing=0.000
D step=3/5 epoch=3/3 loss=0.4091 l2=0.2000 label_smoothing=0.000
D step=4/5 epoch=1/3 loss=0.4183 l2=0.2000 label_smoothing=0.000
D step=4/5 epoch=2/3 loss=0.4214 l2=0.2000 label_smoothing=0.000
D step=4/5 epoch=3/3 loss=0.4255 l2=0.2000 label_smoothing=0.000
D step=5/5 epoch=1/3 loss=0.4441 l2=0.2000 label_smoothing=0.000
D step=5/5 epoch=2/3 loss=0.4429 l2=0.2000 label_smoothing=0.000
D step=5/5 epoch=3/3 loss=0.4447 l2=0.2000 label_smoothing=0.000
ADV epoch=191/200 g_loss=0.0003 d_loss=0.4319 reward=0.2856 reward_var=0.0012 unique=0.0600
D step=1/5 epoch=1/3 loss=0.4532 l2=0.2000 label_smoothing=0.000
D step=1/5 epoch=2/3 loss=0.4526 l2=0.2000 label_smoothing=0.000
D step=1/5 epoch=3/3 loss=0.4476 l2=0.2000 label_smoothing=0.000
D step=2/5 epoch=1/3 loss=0.3968 l2=0.2000 label_smoothing=0.000
D step=2/5 epoch=2/3 loss=0.3978 l2=0.2000 label_smoothing=0.000
D step=2/5 epoch=3/3 loss=0.3898 l2=0.2000 label_smoothing=0.000
D step=3/5 epoch=1/3 loss=0.4475 l2=0.2000 label_smoothing=0.000
D step=3/5 epoch=2/3 loss=0.4413 l2=0.2000 label_smoothing=0.000
D step=3/5 epoch=3/3 loss=0.4291 l2=0.2000 label_smoothing=0.000
D step=4/5 epoch=1/3 loss=0.4154 l2=0.2000 label_smoothing=0.000
D step=4/5 epoch=2/3 loss=0.4266 l2=0.2000 label_smoothing=0.000
D step=4/5 epoch=3/3 loss=0.4248 l2=0.2000 label_smoothing=0.000
D step=5/5 epoch=1/3 loss=0.3955 l2=0.2000 label_smoothing=0.000
D step=5/5 epoch=2/3 loss=0.3948 l2=0.2000 label_smoothing=0.000
D step=5/5 epoch=3/3 loss=0.3976 l2=0.2000 label_smoothing=0.000
ADV epoch=192/200 g_loss=0.0001 d_loss=0.4207 reward=0.2962 reward_var=0.0000 unique=0.0200
D step=1/5 epoch=1/3 loss=0.4351 l2=0.2000 label_smoothing=0.000
D step=1/5 epoch=2/3 loss=0.4328 l2=0.2000 label_smoothing=0.000
D step=1/5 epoch=3/3 loss=0.4341 l2=0.2000 label_smoothing=0.000
D step=2/5 epoch=1/3 loss=0.4196 l2=0.2000 label_smoothing=0.000
D step=2/5 epoch=2/3 loss=0.4189 l2=0.2000 label_smoothing=0.000
D step=2/5 epoch=3/3 loss=0.4278 l2=0.2000 label_smoothing=0.000
D step=3/5 epoch=1/3 loss=0.4389 l2=0.2000 label_smoothing=0.000
D step=3/5 epoch=2/3 loss=0.4408 l2=0.2000 label_smoothing=0.000
D step=3/5 epoch=3/3 loss=0.4388 l2=0.2000 label_smoothing=0.000
D step=4/5 epoch=1/3 loss=0.4274 l2=0.2000 label_smoothing=0.000
D step=4/5 epoch=2/3 loss=0.4295 l2=0.2000 label_smoothing=0.000
D step=4/5 epoch=3/3 loss=0.4286 l2=0.2000 label_smoothing=0.000
D step=5/5 epoch=1/3 loss=0.4275 l2=0.2000 label_smoothing=0.000
D step=5/5 epoch=2/3 loss=0.4228 l2=0.2000 label_smoothing=0.000
D step=5/5 epoch=3/3 loss=0.4275 l2=0.2000 label_smoothing=0.000
ADV epoch=193/200 g_loss=0.0001 d_loss=0.4300 reward=0.3020 reward_var=0.0000 unique=0.0200
D step=1/5 epoch=1/3 loss=0.4364 l2=0.2000 label_smoothing=0.000
D step=1/5 epoch=2/3 loss=0.4398 l2=0.2000 label_smoothing=0.000
D step=1/5 epoch=3/3 loss=0.4339 l2=0.2000 label_smoothing=0.000
D step=2/5 epoch=1/3 loss=0.4098 l2=0.2000 label_smoothing=0.000
D step=2/5 epoch=2/3 loss=0.4075 l2=0.2000 label_smoothing=0.000
D step=2/5 epoch=3/3 loss=0.4092 l2=0.2000 label_smoothing=0.000
D step=3/5 epoch=1/3 loss=0.3960 l2=0.2000 label_smoothing=0.000
D step=3/5 epoch=2/3 loss=0.3878 l2=0.2000 label_smoothing=0.000
D step=3/5 epoch=3/3 loss=0.3886 l2=0.2000 label_smoothing=0.000
D step=4/5 epoch=1/3 loss=0.4277 l2=0.2000 label_smoothing=0.000
D step=4/5 epoch=2/3 loss=0.4294 l2=0.2000 label_smoothing=0.000
D step=4/5 epoch=3/3 loss=0.4273 l2=0.2000 label_smoothing=0.000
D step=5/5 epoch=1/3 loss=0.4148 l2=0.2000 label_smoothing=0.000
D step=5/5 epoch=2/3 loss=0.4144 l2=0.2000 label_smoothing=0.000
D step=5/5 epoch=3/3 loss=0.4127 l2=0.2000 label_smoothing=0.000
ADV epoch=194/200 g_loss=0.0001 d_loss=0.4157 reward=0.3046 reward_var=0.0007 unique=0.0200
D step=1/5 epoch=1/3 loss=0.4227 l2=0.2000 label_smoothing=0.000
D step=1/5 epoch=2/3 loss=0.4247 l2=0.2000 label_smoothing=0.000
D step=1/5 epoch=3/3 loss=0.4209 l2=0.2000 label_smoothing=0.000
D step=2/5 epoch=1/3 loss=0.4060 l2=0.2000 label_smoothing=0.000
D step=2/5 epoch=2/3 loss=0.4006 l2=0.2000 label_smoothing=0.000
D step=2/5 epoch=3/3 loss=0.4046 l2=0.2000 label_smoothing=0.000
D step=3/5 epoch=1/3 loss=0.3958 l2=0.2000 label_smoothing=0.000
D step=3/5 epoch=2/3 loss=0.3916 l2=0.2000 label_smoothing=0.000
D step=3/5 epoch=3/3 loss=0.3938 l2=0.2000 label_smoothing=0.000
D step=4/5 epoch=1/3 loss=0.4277 l2=0.2000 label_smoothing=0.000
D step=4/5 epoch=2/3 loss=0.4215 l2=0.2000 label_smoothing=0.000
D step=4/5 epoch=3/3 loss=0.4226 l2=0.2000 label_smoothing=0.000
D step=5/5 epoch=1/3 loss=0.4334 l2=0.2000 label_smoothing=0.000
D step=5/5 epoch=2/3 loss=0.4357 l2=0.2000 label_smoothing=0.000
D step=5/5 epoch=3/3 loss=0.4359 l2=0.2000 label_smoothing=0.000
ADV epoch=195/200 g_loss=0.0001 d_loss=0.4158 reward=0.2884 reward_var=0.0007 unique=0.0200
D step=1/5 epoch=1/3 loss=0.4063 l2=0.2000 label_smoothing=0.000
D step=1/5 epoch=2/3 loss=0.4102 l2=0.2000 label_smoothing=0.000
D step=1/5 epoch=3/3 loss=0.4108 l2=0.2000 label_smoothing=0.000
D step=2/5 epoch=1/3 loss=0.4392 l2=0.2000 label_smoothing=0.000
D step=2/5 epoch=2/3 loss=0.4385 l2=0.2000 label_smoothing=0.000
D step=2/5 epoch=3/3 loss=0.4412 l2=0.2000 label_smoothing=0.000
D step=3/5 epoch=1/3 loss=0.4400 l2=0.2000 label_smoothing=0.000
D step=3/5 epoch=2/3 loss=0.4395 l2=0.2000 label_smoothing=0.000
D step=3/5 epoch=3/3 loss=0.4351 l2=0.2000 label_smoothing=0.000
D step=4/5 epoch=1/3 loss=0.4263 l2=0.2000 label_smoothing=0.000
D step=4/5 epoch=2/3 loss=0.4250 l2=0.2000 label_smoothing=0.000
D step=4/5 epoch=3/3 loss=0.4236 l2=0.2000 label_smoothing=0.000
D step=5/5 epoch=1/3 loss=0.4514 l2=0.2000 label_smoothing=0.000
D step=5/5 epoch=2/3 loss=0.4545 l2=0.2000 label_smoothing=0.000
D step=5/5 epoch=3/3 loss=0.4522 l2=0.2000 label_smoothing=0.000
ADV epoch=196/200 g_loss=0.0001 d_loss=0.4329 reward=0.2979 reward_var=0.0000 unique=0.0200
D step=1/5 epoch=1/3 loss=0.4034 l2=0.2000 label_smoothing=0.000
D step=1/5 epoch=2/3 loss=0.4065 l2=0.2000 label_smoothing=0.000
D step=1/5 epoch=3/3 loss=0.4057 l2=0.2000 label_smoothing=0.000
D step=2/5 epoch=1/3 loss=0.4192 l2=0.2000 label_smoothing=0.000
D step=2/5 epoch=2/3 loss=0.4100 l2=0.2000 label_smoothing=0.000
D step=2/5 epoch=3/3 loss=0.4115 l2=0.2000 label_smoothing=0.000
D step=3/5 epoch=1/3 loss=0.4206 l2=0.2000 label_smoothing=0.000
D step=3/5 epoch=2/3 loss=0.4252 l2=0.2000 label_smoothing=0.000
D step=3/5 epoch=3/3 loss=0.4248 l2=0.2000 label_smoothing=0.000
D step=4/5 epoch=1/3 loss=0.4221 l2=0.2000 label_smoothing=0.000
D step=4/5 epoch=2/3 loss=0.4228 l2=0.2000 label_smoothing=0.000
D step=4/5 epoch=3/3 loss=0.4230 l2=0.2000 label_smoothing=0.000
D step=5/5 epoch=1/3 loss=0.4537 l2=0.2000 label_smoothing=0.000
D step=5/5 epoch=2/3 loss=0.4554 l2=0.2000 label_smoothing=0.000
D step=5/5 epoch=3/3 loss=0.4488 l2=0.2000 label_smoothing=0.000
ADV epoch=197/200 g_loss=0.0001 d_loss=0.4235 reward=0.3003 reward_var=0.0009 unique=0.0200
D step=1/5 epoch=1/3 loss=0.3885 l2=0.2000 label_smoothing=0.000
D step=1/5 epoch=2/3 loss=0.3882 l2=0.2000 label_smoothing=0.000
D step=1/5 epoch=3/3 loss=0.3834 l2=0.2000 label_smoothing=0.000
D step=2/5 epoch=1/3 loss=0.4477 l2=0.2000 label_smoothing=0.000
D step=2/5 epoch=2/3 loss=0.4490 l2=0.2000 label_smoothing=0.000
D step=2/5 epoch=3/3 loss=0.4427 l2=0.2000 label_smoothing=0.000
D step=3/5 epoch=1/3 loss=0.4139 l2=0.2000 label_smoothing=0.000
D step=3/5 epoch=2/3 loss=0.4160 l2=0.2000 label_smoothing=0.000
D step=3/5 epoch=3/3 loss=0.4155 l2=0.2000 label_smoothing=0.000
D step=4/5 epoch=1/3 loss=0.4106 l2=0.2000 label_smoothing=0.000
D step=4/5 epoch=2/3 loss=0.4105 l2=0.2000 label_smoothing=0.000
D step=4/5 epoch=3/3 loss=0.4109 l2=0.2000 label_smoothing=0.000
D step=5/5 epoch=1/3 loss=0.4231 l2=0.2000 label_smoothing=0.000
D step=5/5 epoch=2/3 loss=0.4238 l2=0.2000 label_smoothing=0.000
D step=5/5 epoch=3/3 loss=0.4242 l2=0.2000 label_smoothing=0.000
ADV epoch=198/200 g_loss=0.0001 d_loss=0.4165 reward=0.3037 reward_var=0.0008 unique=0.0200
D step=1/5 epoch=1/3 loss=0.4420 l2=0.2000 label_smoothing=0.000
D step=1/5 epoch=2/3 loss=0.4482 l2=0.2000 label_smoothing=0.000
D step=1/5 epoch=3/3 loss=0.4432 l2=0.2000 label_smoothing=0.000
D step=2/5 epoch=1/3 loss=0.4234 l2=0.2000 label_smoothing=0.000
D step=2/5 epoch=2/3 loss=0.4202 l2=0.2000 label_smoothing=0.000
D step=2/5 epoch=3/3 loss=0.4261 l2=0.2000 label_smoothing=0.000
D step=3/5 epoch=1/3 loss=0.4117 l2=0.2000 label_smoothing=0.000
D step=3/5 epoch=2/3 loss=0.4168 l2=0.2000 label_smoothing=0.000
D step=3/5 epoch=3/3 loss=0.4110 l2=0.2000 label_smoothing=0.000
D step=4/5 epoch=1/3 loss=0.4258 l2=0.2000 label_smoothing=0.000
D step=4/5 epoch=2/3 loss=0.4243 l2=0.2000 label_smoothing=0.000
D step=4/5 epoch=3/3 loss=0.4208 l2=0.2000 label_smoothing=0.000
D step=5/5 epoch=1/3 loss=0.3897 l2=0.2000 label_smoothing=0.000
D step=5/5 epoch=2/3 loss=0.3901 l2=0.2000 label_smoothing=0.000
D step=5/5 epoch=3/3 loss=0.3921 l2=0.2000 label_smoothing=0.000
ADV epoch=199/200 g_loss=0.0001 d_loss=0.4190 reward=0.2907 reward_var=0.0014 unique=0.0200
D step=1/5 epoch=1/3 loss=0.4017 l2=0.2000 label_smoothing=0.000
D step=1/5 epoch=2/3 loss=0.4008 l2=0.2000 label_smoothing=0.000
D step=1/5 epoch=3/3 loss=0.4014 l2=0.2000 label_smoothing=0.000
D step=2/5 epoch=1/3 loss=0.4335 l2=0.2000 label_smoothing=0.000
D step=2/5 epoch=2/3 loss=0.4284 l2=0.2000 label_smoothing=0.000
D step=2/5 epoch=3/3 loss=0.4311 l2=0.2000 label_smoothing=0.000
D step=3/5 epoch=1/3 loss=0.3818 l2=0.2000 label_smoothing=0.000
D step=3/5 epoch=2/3 loss=0.3853 l2=0.2000 label_smoothing=0.000
D step=3/5 epoch=3/3 loss=0.3821 l2=0.2000 label_smoothing=0.000
D step=4/5 epoch=1/3 loss=0.4417 l2=0.2000 label_smoothing=0.000
D step=4/5 epoch=2/3 loss=0.4398 l2=0.2000 label_smoothing=0.000
D step=4/5 epoch=3/3 loss=0.4385 l2=0.2000 label_smoothing=0.000
D step=5/5 epoch=1/3 loss=0.4385 l2=0.2000 label_smoothing=0.000
D step=5/5 epoch=2/3 loss=0.4391 l2=0.2000 label_smoothing=0.000
D step=5/5 epoch=3/3 loss=0.4398 l2=0.2000 label_smoothing=0.000
ADV epoch=200/200 g_loss=0.0001 d_loss=0.4189 reward=0.2748 reward_var=0.0000 unique=0.0400
saved 2000 raw samples to /content/drive/MyDrive/GAN_for_SQLi - 2/result/final/seqgan_master/error/B/R200/generated_payloads.csv
