id,label,payload_type,payload,retrieval_method,retrieval_source_id,retrieval_distance,length,num_unique_chars,entropy,alpha_count,digit_count,space_count,punct_count,alpha_ratio,digit_ratio,space_ratio,punct_ratio,single_quote_count,double_quote_count,dash_count,slash_count,star_count,equals_count,semicolon_count,paren_count,percent_count,underscore_count,comma_count,operator_count,has_single_quote,has_double_quote,has_comment_dashdash,has_comment_hash,has_comment_block,has_equal,has_parentheses,has_semicolon,has_percent_encoding,has_hex_literal,has_concat_operator,kw_select,kw_union,kw_where,kw_from,kw_and,kw_or,kw_insert,kw_update,kw_delete,kw_drop,kw_create,kw_alter,kw_sleep,kw_benchmark,kw_waitfor,kw_delay,kw_information_schema,kw_table,kw_column,kw_database,kw_cast,kw_convert,kw_concat,kw_substr,kw_substring,kw_ascii,kw_char,kw_load_file,kw_outfile,kw_exec,kw_order,kw_by,kw_exists,kw_case,kw_when,keyword_total
SMOTE_000001,attack,boolean,"1"" and 6537  =  dbms_pipe.receive_message  (  chr  (  76  )  ||chr  (  116  )  ||chr  (  117  )  ||chr  (  65  )  ,5  )   and ""kfps""  =  ""kfps",nearest_attack_euclidean,R000011,2.150961655318146,142.0,30.59362489081038,3.7456357904853785,44.14143820973254,15.70318755459481,56.74899912648303,25.40637510918962,0.3108551986600883,0.11058582784925923,0.3996408389188945,0.1789181345717579,0.5936248908103783,4.0,0.0,0.29681244540518903,0.0,2.0,0.0,10.593624890810379,0.593624890810378,1.406375109189622,1.0,6.515937772974055,0.29681244540518903,1.0,0.0,0.0,0.0,1.0,1.0,0.0,0.0,0.0,0.703187554594811,0.0,0.0,0.0,0.0,2.0,0.0,0.0,0.0,0.0,0.0,0.0,0.0,0.0,0.0,0.0,0.0,0.0,0.0,0.0,0.0,0.0,0.0,0.0,0.0,0.0,0.0,0.0,0.0,0.0,0.0,0.0,0.0,0.0,0.0,0.0,2.0
SMOTE_000002,attack,boolean,"1'||  (  select 'ersu' where 4123  =  4123 and 8312  =  dbms_pipe.receive_message  (  chr  (  69  )  ||chr  (  79  )  ||chr  (  101  )  ||chr  (  68  )  ,5  )  --",nearest_attack_euclidean,R000006,2.892163506805453,163.8667855618436,36.755476292104255,3.994832618814258,54.48904741579149,20.822083511182445,58.86678556184361,29.688869073026062,0.33223665608988656,0.12743391611144742,0.3590539566429152,0.1812754711557508,2.0666072190781914,0.9333927809218084,1.3777381460521276,0.0,0.0,1.6888690730260638,0.0,11.93339278092181,0.3111309269739362,2.0,1.9333927809218083,9.822083511182447,0.6888690730260638,0.31113092697393624,0.6888690730260638,0.0,0.0,1.0,1.0,0.0,0.0,0.0,0.9999999999999998,0.6888690730260637,0.0,0.6888690730260639,0.0,1.0,0.0,0.0,0.0,0.0,0.0,0.0,0.0,0.0,0.0,0.0,0.0,0.0,0.0,0.0,0.0,0.0,0.0,0.0,0.0,0.0,0.0,0.9333927809218086,0.0,0.0,0.0,0.0,0.0,0.0,0.0,0.0,3.311130926973936
SMOTE_000003,attack,boolean,"1%""   )    )    and 3202  =  like  (  'abcdefg',upper  (  hex  (  randomblob  (  500000000/2   )    )      )    )    and    (    (   ""%""  =  """,nearest_attack_euclidean,R000016,0.8998964704399675,135.76485402985406,30.77742235879491,3.349476542546029,32.92161800995135,14.755484471758983,65.3103291893488,22.77742235879491,0.24052777173566012,0.11018464514331873,0.482127895902914,0.16715968721810712,1.7554844717589826,4.0,0.0,0.8777422358794913,0.1222577641205087,1.8777422358794913,0.0,11.510968943517964,1.7554844717589826,0.0,0.8777422358794913,2.877742235879491,0.8777422358794913,1.0,0.0,0.0,0.0,1.0,1.0,0.0,0.0,0.0,0.0,0.0,0.0,0.0,0.0,2.0,0.0,0.0,0.0,0.0,0.0,0.0,0.0,0.0,0.0,0.0,0.0,0.0,0.0,0.0,0.0,0.0,0.0,0.0,0.0,0.0,0.0,0.0,0.0,0.0,0.0,0.0,0.0,0.0,0.0,0.0,2.0
SMOTE_000004,attack,boolean,"select dbms_pipe.receive_message  (  chr  (  66  )  ||chr  (  67  )  ||chr  (  79  )  ||chr  (  101  )  ,5  )   from dual and    (    (   ""vfvh""  =  ""vfvh",nearest_attack_euclidean,R000024,1.3265237429302663,150.22725137032734,32.74241712344244,3.871702778309931,55.541647089466714,11.886374314836338,56.79922996602427,26.0,0.3689411844214634,0.07994462825962698,0.3777974018620096,0.17331678545690002,0.0,3.31439571913939,0.0,0.0,0.0,1.3143957191393898,0.0,11.37120856172122,0.0,2.0,1.0,7.31439571913939,0.0,1.0,0.0,0.0,0.0,1.0,1.0,0.0,0.0,0.0,0.9999999999999998,0.6856042808606102,0.0,0.0,0.6856042808606102,1.3143957191393898,0.0,0.0,0.0,0.0,0.0,0.0,0.0,0.0,0.0,0.0,0.0,0.0,0.0,0.0,0.0,0.0,0.0,0.0,0.0,0.0,0.0,0.0,0.0,0.0,0.0,0.0,0.0,0.0,0.0,0.0,2.6856042808606104
SMOTE_000005,attack,boolean,"-9688%'   )    )     )   or elt  (  3695  =  7995,7995  )   and    (    (     (  '%'  =  '",nearest_attack_euclidean,R000013,0.3396848199124688,89.03062181566393,22.060586136521003,2.9537972168106044,8.787619774773049,15.818241590436989,46.78827726957992,17.636483180873977,0.10069681759823768,0.17765041953283872,0.5239452112778265,0.19770755159109715,4.0,1.1102230246251565e-16,0.9394138634789961,0.0,0.0,2.0,0.0,7.7576554539159845,1.8788277269579923,0.060586136521003864,1.0,2.939413863478996,1.0,0.0,0.0,0.0,0.0,1.0,1.0,0.0,0.0,0.0,0.0,0.0,0.0,0.0,0.0,1.0605861365210039,0.939413863478996,0.0,0.0,0.0,0.0,0.0,0.0,0.0,0.0,0.0,0.0,0.0,0.0,0.0,0.0,0.0,0.0,0.0,0.0,0.0,0.0,0.0,0.0,0.0,0.0,0.0,0.0,0.0,0.0,0.0,2.0
SMOTE_000006,attack,boolean,"1'   )    )    and make_set  (  8245  =  9872,9872  )   and    (    (   'kzgt'  =  'kzgt",nearest_attack_euclidean,R000004,1.8084000517686942,88.96980758877123,23.353461607485844,3.2804428805664743,20.030192411228764,13.0,41.93961517754247,14.0,0.2254359356673246,0.14615290975848824,0.47101571329581515,0.15739544127837196,2.706923214971685,1.2930767850283145,0.0,0.0,0.3232691962570786,1.6767308037429214,0.0,6.646538392514158,0.0,0.6767308037429214,0.6767308037429214,2.0,0.6767308037429214,0.32326919625707873,0.0,0.0,0.0,1.0,1.0,0.0,0.0,0.0,0.0,0.0,0.0,0.0,0.0,2.0,0.0,0.0,0.0,0.0,0.0,0.0,0.0,0.0,0.0,0.0,0.0,0.0,0.0,0.0,0.0,0.0,0.0,0.0,0.0,0.0,0.0,0.0,0.0,0.0,0.0,0.0,0.0,0.0,0.0,0.0,2.0
SMOTE_000007,attack,boolean,"1""   )    )    as gawq where 4728  =  4728 or 7417  =    (  select count  (  *  )   from sysibm.systables as t1,sysibm.systables as t2,sysibm.systables as t3  )  --",nearest_attack_euclidean,R000010,0.6939097001800785,161.89843751526996,34.210156248473005,4.119456094732581,80.73906250916198,16.210156248473,47.73906250916198,17.210156248473,0.4986353490358896,0.10025699336812056,0.29466989282761863,0.10643776476837119,0.21015624847300263,0.7898437515269973,2.0,0.0,1.0,2.0,0.0,5.789843751526997,0.0,0.0,2.2101562484730026,5.0,0.21015624847300268,0.7898437515269973,1.0,0.0,0.0,1.0,1.0,0.0,0.0,0.0,0.0,1.0,0.0,1.0,1.0,0.0,1.0,0.0,0.0,0.0,0.0,0.0,0.0,0.0,0.0,0.0,0.0,0.0,0.0,0.0,0.0,0.0,0.0,0.0,0.0,0.0,0.0,0.0,0.0,0.0,0.0,0.0,0.0,0.0,0.0,0.0,4.0
SMOTE_000008,attack,boolean,"1""  )   where 7471  =  7471 and 8514  =    (  select count  (  *  )   from domain.domains as t1,domain.columns as t2,domain.tables as t3  )  --",nearest_attack_euclidean,R000020,1.2632555844318782,140.80618417323763,33.0,4.203135700600983,70.2742269783453,14.080411151582924,39.90309208661881,16.548453956690594,0.4994965846038199,0.09948717160862762,0.28324727362257174,0.11776897016498072,0.0,1.0,2.0,0.0,1.0,1.7257730216547036,0.0,5.0,0.2742269783452965,0.0,2.2742269783452964,4.725773021654703,0.0,1.0,1.0,0.0,0.0,1.0,1.0,0.0,0.0,0.0,0.0,1.0,0.0,0.7257730216547036,1.0,0.7257730216547035,0.2742269783452965,0.0,0.0,0.0,0.0,0.0,0.0,0.0,0.0,0.0,0.0,0.0,0.0,0.0,0.0,0.0,0.0,0.0,0.0,0.0,0.0,0.0,0.0,0.0,0.0,0.0,0.0,0.0,0.0,0.0,3.7257730216547036
SMOTE_000009,attack,boolean,"1'  )   and 8407  =    (  select count  (  *  )   from generate_series  (  1,5000000   )    )   ",nearest_attack_euclidean,R000025,2.960895058453065,82.06133264893165,26.75182784660188,3.543448808599166,28.402924554563008,8.953290123883384,33.604386831844515,11.100731138640752,0.3494740564859352,0.10219848196421367,0.4103572375879389,0.13797022396191222,0.5503655693203762,1.1102230246251565e-16,0.8992688613592479,0.0,1.0,1.449634430679624,0.0,4.751827846601881,0.0,0.5503655693203761,0.5503655693203762,3.7985377227184958,0.5503655693203761,0.0,0.44963443067962394,0.0,0.0,1.0,1.0,0.0,0.0,0.0,0.0,1.0,0.0,0.44963443067962394,1.0,0.5503655693203762,0.44963443067962405,0.0,0.0,0.0,0.0,0.0,0.0,0.0,0.0,0.0,0.0,0.0,0.0,0.0,0.0,0.0,0.0,0.0,0.0,0.0,0.0,0.0,0.0,0.0,0.0,0.0,0.0,0.0,0.0,0.0,3.449634430679624
SMOTE_000010,attack,boolean,"1'   )    )    and make_set  (  8245  =  9872,9872  )   and    (    (   'kzgt'  =  'kzgt",nearest_attack_euclidean,R000004,1.9308046317091336,79.34491546472202,22.685593207957528,3.4475305198418837,20.056779623872586,13.0,33.65932225676449,12.628813584084943,0.25675058916058935,0.1653573060526602,0.418344552121823,0.15954755266492748,2.742372831830113,1.2576271681698872,0.0,0.0,0.3144067920424718,1.6855932079575282,0.0,5.257627168169887,0.0,0.6855932079575282,0.6855932079575282,2.0,0.6855932079575282,0.31440679204247174,0.0,0.0,0.0,1.0,1.0,0.0,0.0,0.0,0.0,0.0,0.0,0.0,0.0,2.0,0.0,0.0,0.0,0.0,0.0,0.0,0.0,0.0,0.0,0.0,0.0,0.0,0.0,0.0,0.0,0.0,0.0,0.0,0.0,0.0,0.0,0.0,0.0,0.0,0.0,0.0,0.0,0.0,0.0,0.0,2.0
SMOTE_000011,attack,boolean,"1'  )   and 8407  =    (  select count  (  *  )   from generate_series  (  1,5000000   )    )   ",nearest_attack_euclidean,R000025,0.5374381481189987,95.1157061853427,28.447316365839193,3.589215174090677,30.784096004846226,13.0,39.11053672683216,12.221073453664323,0.3228658402621059,0.1367774407659262,0.41158842146632596,0.12876829750564187,1.331610180496484,1.1102230246251565e-16,0.0,0.0,0.8894632731678387,1.1105367268321613,0.0,6.889463273167839,0.0,1.0,1.0,2.0,1.0,0.0,0.0,0.0,0.0,1.0,1.0,0.0,0.0,0.0,0.0,0.8894632731678387,0.0,0.0,0.8894632731678387,1.110536726832161,0.0,0.0,0.0,0.0,0.0,0.0,0.0,0.0,0.0,0.0,0.0,0.0,0.0,0.0,0.0,0.0,0.0,0.0,0.0,0.0,0.0,0.0,0.0,0.0,0.0,0.0,0.0,0.0,0.0,0.0,2.8894632731678387
SMOTE_000012,attack,boolean,"1'   )    )    and make_set  (  8245  =  9872,9872  )   and    (    (   'kzgt'  =  'kzgt",nearest_attack_euclidean,R000004,0.920162965196957,92.08127354263104,24.416456483941943,3.3852440035984737,22.749117232556163,13.0,42.1655737164981,14.166582593576777,0.24429458958773143,0.14332643032065334,0.4568115084063198,0.15556747168529544,4.0,1.1102230246251565e-16,0.0,0.0,0.0,2.0,0.0,6.333165187153553,0.0,0.9167087032116115,0.9167087032116116,2.0,1.0,0.0,0.0,0.0,0.0,1.0,1.0,0.0,0.0,0.0832912967883884,0.0,0.08329129678838854,0.0,0.0,0.0,1.9167087032116115,0.0,0.0,0.0,0.0,0.0,0.0,0.0,0.0,0.0,0.0,0.0,0.0,0.0,0.0,0.0,0.0,0.0,0.0,0.0,0.0,0.0,0.0,0.0,0.0,0.0,0.0,0.0,0.0,0.0832912967883884,0.0832912967883884,2.166582593576777
SMOTE_000013,attack,boolean,"1 where 3902  =  3902 or 9643  =    (  select count  (  *  )   from domain.domains as t1,domain.columns as t2,domain.tables as t3  )  --",nearest_attack_euclidean,R000005,0.10152443962954569,136.8135950180337,32.0,4.224537384600766,69.0,16.0,37.65087601442698,14.162719003606743,0.5044254246847973,0.11696821441966314,0.2751051377917616,0.1035012231037779,0.0,1.1102230246251565e-16,2.0,0.0,1.0,2.0,0.0,4.162719003606744,0.0,0.0,2.0,5.0,0.0,0.0,1.0,0.0,0.0,1.0,1.0,0.0,0.0,0.0,0.0,1.0,0.0,1.0,1.0,0.0,1.0,0.0,0.0,0.0,0.0,0.0,0.0,0.0,0.0,0.0,0.0,0.0,0.0,0.0,0.0,0.0,0.0,0.0,0.0,0.0,0.0,0.0,0.0,0.0,0.0,0.0,0.0,0.0,0.0,0.0,4.0
SMOTE_000014,attack,boolean,"-4641""  )   where 4212  =  4212 or make_set  (  3595  =  4062,4062  )  --",nearest_attack_euclidean,R000009,0.568488846770988,73.07593210496569,25.77220368510296,3.8013514345077724,14.531524734759767,23.16474684537751,24.303728419862725,11.07593210496568,0.198766800475369,0.31714256741824914,0.33253421031669794,0.15155642178968384,0.3037284198627237,0.9240678950343191,2.772203685102957,0.0,0.0,2.0,0.0,3.0759321049656805,0.0,1.0,1.0,4.772203685102957,0.07593210496568087,0.924067895034319,0.9240678950343191,0.0,0.0,1.0,1.0,0.0,0.0,0.0,0.0,0.0,0.0,0.9240678950343191,0.0,0.15186420993136196,0.9240678950343191,0.0,0.0,0.0,0.0,0.0,0.0,0.0,0.0,0.0,0.0,0.0,0.0,0.0,0.0,0.0,0.0,0.0,0.0,0.0,0.0,0.0,0.0,0.0,0.0,0.0,0.0,0.0,0.0,0.0,2.0
SMOTE_000015,attack,boolean,"1'  )   and make_set  (  4551  =  6487,6487  )   and   (  'jnqa'  =  'jnqa",nearest_attack_euclidean,R000014,0.7073147556647073,76.01850495932376,22.873843440042265,3.538127192975957,19.359964720549453,13.378469679873204,30.52313119915469,12.756939359746408,0.2591965142905196,0.1759408696455568,0.39792696244390124,0.16693565362002238,4.0,1.1102230246251565e-16,0.12615655995773456,0.0,0.0,2.0,0.0,4.504626239830938,0.2523131199154691,0.8738434400422654,1.0,2.1261565599577343,1.0,0.0,0.0,0.0,0.0,1.0,1.0,0.0,0.0,0.0,0.0,0.0,0.0,0.0,0.0,1.8738434400422654,0.12615655995773456,0.0,0.0,0.0,0.0,0.0,0.0,0.0,0.0,0.0,0.0,0.0,0.0,0.0,0.0,0.0,0.0,0.0,0.0,0.0,0.0,0.0,0.0,0.0,0.0,0.0,0.0,0.0,0.0,0.0,2.0
SMOTE_000016,attack,boolean,"1'  )   and 8407  =    (  select count  (  *  )   from generate_series  (  1,5000000   )    )   ",nearest_attack_euclidean,R000025,0.08300507308824534,95.77949127350493,28.91179650940197,3.609163602584181,31.79419185527126,13.0,38.98529941823366,12.0,0.3316999353592957,0.13578531551497375,0.4071744578811393,0.12534029124459117,0.9852994182336615,0.05880232706535349,0.0,0.0,1.0,1.0,0.0,6.985299418233661,0.0,0.9852994182336616,0.9852994182336616,2.0,0.9852994182336616,0.014700581766338539,0.0,0.0,0.0,1.0,1.0,0.0,0.0,0.0,0.0,0.9852994182336615,0.0,0.0,0.9852994182336616,1.0147005817663384,0.0,0.0,0.0,0.0,0.0,0.0,0.0,0.0,0.0,0.0,0.0,0.0,0.0,0.0,0.0,0.0,0.0,0.0,0.0,0.0,0.0,0.0,0.0,0.0,0.0,0.0,0.0,0.0,0.0,0.0,2.985299418233662
SMOTE_000017,attack,boolean,"1'  )   where 4297  =  4297 or 2367  =    (  select count  (  *  )   from rdb$fields as t1,rdb$types as t2,rdb$collations as t3,rdb$functions as t4  )  --",nearest_attack_euclidean,R000018,0.9115896569491166,147.80451151313113,33.967418585521855,4.288664374130787,73.59064336621766,16.655806195173952,40.93483717104371,16.623224780695807,0.49827235501334766,0.11288757917940982,0.27675567844137183,0.11208438736587059,0.655806195173952,1.1102230246251565e-16,2.0,0.0,1.0,2.0,0.0,4.655806195173952,0.0,0.0,2.6558061951739522,5.0,0.655806195173952,0.0,1.0,0.0,0.0,1.0,1.0,0.0,0.0,0.0,0.0,1.0,0.0,1.0,1.0,0.0,1.0,0.0,0.0,0.0,0.0,0.0,0.0,0.0,0.0,0.0,0.0,0.0,0.0,0.0,0.0,0.0,0.0,0.0,0.0,0.0,0.0,0.0,0.0,0.0,0.0,0.0,0.0,0.0,0.0,0.0,4.0
SMOTE_000018,attack,boolean,"1'   )    )    and make_set  (  8245  =  9872,9872  )   and    (    (   'kzgt'  =  'kzgt",nearest_attack_euclidean,R000004,2.2260793106830494,91.66276225880736,26.289226411754598,3.4922615013826617,26.03629810586012,13.0,39.54215471764908,13.08430943529816,0.2819929244650492,0.1420909198195436,0.43243360852282486,0.14348254719258227,2.6264641529472406,1.1102230246251565e-16,0.0,0.0,0.45784528235091976,1.5421547176490802,0.0,6.45784528235092,0.0,1.0,1.0,2.0,1.0,0.0,0.0,0.0,0.0,1.0,1.0,0.0,0.0,0.0,0.0,0.4578452823509198,0.0,0.0,0.45784528235091976,1.5421547176490802,0.0,0.0,0.0,0.0,0.0,0.0,0.0,0.0,0.0,0.0,0.0,0.0,0.0,0.0,0.0,0.0,0.0,0.0,0.0,0.0,0.0,0.0,0.0,0.0,0.0,0.0,0.0,0.0,0.0,0.0,2.45784528235092
SMOTE_000019,attack,boolean,"1""   )    )     )   and   (  3020  =  3020  )  *6703 and    (    (     (  ""fqap"" like ""fqap",nearest_attack_euclidean,R000023,0.5670677598668622,86.5548809486574,22.44451190513426,3.1544140437212964,18.0,13.0,42.44390475892592,13.11097618973148,0.208657189380568,0.15069685899707688,0.4893326291444876,0.15131332247786747,0.0,4.0,0.0,0.0,1.0,1.0,0.0,7.110976189731479,0.0,0.0,0.0,2.0,0.0,1.0,0.0,0.0,0.0,1.0,1.0,0.0,0.0,0.0,0.0,0.0,0.0,0.0,0.0,2.0,0.0,0.0,0.0,0.0,0.0,0.0,0.0,0.0,0.0,0.0,0.0,0.0,0.0,0.0,0.0,0.0,0.0,0.0,0.0,0.0,0.0,0.0,0.0,0.0,0.0,0.0,0.0,0.0,0.0,0.0,2.0
SMOTE_000020,attack,boolean,"1  )   where 5333  =  5333 or 9643  =    (  select count  (  *  )   from domain.domains as t1,domain.columns as t2,domain.tables as t3  )  --",nearest_attack_euclidean,R000030,1.3665243326144132,139.39872052546434,32.30897459322403,4.192250928523914,69.61794918644807,13.837177847431775,40.08974593224032,15.853847559344192,0.49982639921468064,0.10021391850956841,0.28678735430884866,0.11317232796690221,0.3089745932240322,1.1102230246251565e-16,2.0,0.0,1.0,1.6910254067759678,0.0,4.926923779672096,0.3089745932240321,0.0,2.308974593224032,4.691025406775968,0.3089745932240321,0.0,1.0,0.0,0.0,1.0,1.0,0.0,0.0,0.0,0.0,1.0,0.0,0.691025406775968,1.0,0.0,1.0,0.0,0.0,0.0,0.0,0.0,0.0,0.0,0.0,0.0,0.0,0.0,0.0,0.0,0.0,0.0,0.0,0.0,0.0,0.0,0.0,0.0,0.0,0.0,0.0,0.0,0.0,0.0,0.0,0.0,3.691025406775968
SMOTE_000021,attack,boolean,"1'  )   and make_set  (  4551  =  6487,6487  )   and   (  'jnqa'  =  'jnqa",nearest_attack_euclidean,R000014,0.5826491760880023,78.7502321952589,23.339302299661348,3.5475577063447927,21.0,13.0,32.0716275959362,12.6786045993227,0.2684651603039869,0.1661927182834205,0.40422204248034854,0.161120078932244,4.0,1.1102230246251565e-16,0.0,0.0,0.0,2.0,0.0,4.6786045993227,0.0,1.0,1.0,2.0,1.0,0.0,0.0,0.0,0.0,1.0,1.0,0.0,0.0,0.0,0.0,0.0,0.0,0.0,0.0,2.0,0.0,0.0,0.0,0.0,0.0,0.0,0.0,0.0,0.0,0.0,0.0,0.0,0.0,0.0,0.0,0.0,0.0,0.0,0.0,0.0,0.0,0.0,0.0,0.0,0.0,0.0,0.0,0.0,0.0,0.0,2.0
SMOTE_000022,attack,boolean,"-9688%'   )    )     )   or elt  (  3695  =  7995,7995  )   and    (    (     (  '%'  =  '",nearest_attack_euclidean,R000013,2.385215941309177,104.86732304858512,25.52120809045437,3.157089788476191,18.563624271363107,15.608754656616181,51.12996274707055,19.564981373535275,0.1610926736140624,0.15407211374289015,0.49583898792571734,0.1889962247173301,4.7824906867676376,1.1102230246251565e-16,0.6087546566161811,0.391245343383819,0.0,2.0,0.0,8.782490686767638,2.0,0.0,1.0,3.0,1.0,0.0,0.0,0.0,0.0,1.0,1.0,0.0,0.0,0.0,0.0,0.0,0.0,0.0,0.0,1.3912453433838188,0.608754656616181,0.0,0.0,0.0,0.0,0.0,0.0,0.0,0.0,0.0,0.0,0.0,0.0,0.0,0.0,0.0,0.0,0.0,0.0,0.0,0.0,0.0,0.0,0.0,0.0,0.0,0.0,0.0,0.0,0.0,2.0
SMOTE_000023,attack,boolean,"select count  (  *  )   from domain.domains as t1,domain.columns as t2,domain.tables as t3 and 'qjle'  =  'qjle",nearest_attack_euclidean,R000027,1.8353106456026824,121.68214983603897,28.79127035822511,4.135982649061518,73.7912703582251,4.978175895562773,28.538892507575763,14.373811074675327,0.6124842715584373,0.03926955705048642,0.23130484541794058,0.11694132597313578,3.3956351791125545,1.1102230246251565e-16,0.0,0.0,1.0,1.3956351791125547,0.0,2.79127035822511,0.7912703582251093,0.0,2.0,2.3956351791125545,1.0,0.0,0.0,0.0,0.0,1.0,1.0,0.0,0.0,0.0,0.0,1.0,0.0,0.0,1.0,1.3956351791125545,0.0,0.0,0.0,0.0,0.0,0.0,0.0,0.0,0.0,0.0,0.0,0.0,0.0,0.0,0.0,0.0,0.0,0.0,0.0,0.0,0.0,0.0,0.0,0.0,0.0,0.0,0.0,0.0,0.0,0.0,3.3956351791125545
SMOTE_000024,attack,boolean,1'   )    )    rlike   (  select   (  case when   (  6205  =  1384  )   then 1 else 0x28 end   )    )    and    (    (   'ahjf'  =  'ahjf,nearest_attack_euclidean,R000031,2.4456326346689368,137.0,30.729469075540717,3.480607422998102,43.08091817221295,14.729469075540717,62.541061848918574,16.64855090332777,0.3144592567314814,0.1075143728141658,0.4565041010869969,0.12152226936735597,4.0,1.1102230246251565e-16,0.0,0.0,0.21618363444258948,2.0,0.0,9.567632731114822,0.0,0.21618363444258942,0.21618363444258937,2.6485509033277683,1.0,0.0,0.0,0.0,0.0,1.0,1.0,0.0,0.0,0.7838163655574104,0.0,1.2161836344425896,0.0,0.21618363444258953,0.21618363444258948,1.0,0.0,0.0,0.0,0.0,0.0,0.0,0.0,0.0,0.0,0.0,0.0,0.0,0.0,0.0,0.0,0.0,0.0,0.0,0.0,0.0,0.0,0.0,0.0,0.0,0.0,0.0,0.0,0.0,0.7838163655574104,0.7838163655574104,4.21618363444259
SMOTE_000025,attack,boolean,"select count  (  *  )   from domain.domains as t1,domain.columns as t2,domain.tables as t3 and 'qjle'  =  'qjle",nearest_attack_euclidean,R000027,0.4080021315254246,113.472055965269,28.34334110628736,4.19478918843204,72.86266355748506,3.412009327544835,24.64803731017934,12.54934577005978,0.645663759846553,0.029375305966885437,0.21493380242867682,0.11002713175788488,2.862663557485055,1.1102230246251565e-16,0.13733644251494503,0.0,1.0,1.0,0.0,2.3433411062873626,0.06866822125747252,0.0,2.0686682212574725,2.137336442514945,1.0,0.0,0.06866822125747252,0.0,0.0,1.0,1.0,0.0,0.0,0.0,0.0,1.0,0.0,0.0,1.0,0.9313317787425275,0.06866822125747252,0.0,0.0,0.0,0.0,0.0,0.0,0.0,0.0,0.0,0.0,0.0,0.0,0.0,0.0,0.0,0.0,0.0,0.0,0.0,0.0,0.0,0.0,0.0,0.0,0.0,0.0,0.0,0.0,0.0,3.0
SMOTE_000026,attack,boolean,"""   )    )    or    (    (   ""x""   )    )     =     (    (   ""x",nearest_attack_euclidean,R000002,4.041969418363611,75.89702575953329,14.687346690128372,2.1900941126646223,5.910670482893821,7.642681931575282,46.95533524144691,15.388338103617276,0.07562330465329409,0.08491868812861425,0.6361416111591929,0.2033163960588987,1.9106704828938201,2.0893295171061794,0.47766762072345514,0.0,0.0,1.4776676207234551,0.0,8.0,0.9553352414469103,0.0,0.47766762072345514,1.9553352414469103,0.4776676207234551,0.5223323792765449,0.0,0.0,0.0,1.0,1.0,0.0,0.0,0.0,0.0,0.0,0.0,0.0,0.0,0.4776676207234552,1.0,0.0,0.0,0.0,0.0,0.0,0.0,0.0,0.0,0.0,0.0,0.0,0.0,0.0,0.0,0.0,0.0,0.0,0.0,0.0,0.0,0.0,0.0,0.0,0.0,0.0,0.0,0.0,0.0,0.0,1.4776676207234554
SMOTE_000027,attack,boolean,"select dbms_pipe.receive_message  (  chr  (  66  )  ||chr  (  67  )  ||chr  (  79  )  ||chr  (  101  )  ,5  )   from dual and    (    (   ""vfvh""  =  ""vfvh",nearest_attack_euclidean,R000024,2.5664259169938743,133.01067947147095,32.19057581650612,3.771531222300778,49.229109409133024,11.08565451009633,51.76230326602446,20.933612286217123,0.36510097133317776,0.09044128786797384,0.3914884073424636,0.15296933345638478,0.3618848366987768,1.9143454899036696,0.0,0.0,0.3618848366987768,1.0,0.0,10.190575816506115,0.0,1.6381151633012232,1.0,5.190575816506116,0.3618848366987768,0.6381151633012232,0.0,0.0,0.0,1.0,1.0,0.0,0.0,0.0,0.6381151633012232,1.0,0.0,0.0,1.0,1.0,0.0,0.0,0.0,0.0,0.0,0.0,0.0,0.0,0.0,0.0,0.0,0.0,0.0,0.0,0.0,0.0,0.0,0.0,0.0,0.0,0.0,0.0,0.0,0.0,0.0,0.0,0.0,0.0,0.0,0.0,3.0
SMOTE_000028,attack,boolean,"select dbms_pipe.receive_message  (  chr  (  66  )  ||chr  (  67  )  ||chr  (  79  )  ||chr  (  101  )  ,5  )   from dual and    (    (   ""vfvh""  =  ""vfvh",nearest_attack_euclidean,R000024,3.1978239454346906,133.16675900752804,32.10606900068437,3.6873362065942445,46.21596575461949,11.420448249486723,54.26517250171092,21.26517250171092,0.3394580841066851,0.09014648408179898,0.4126326908984254,0.15776274091309048,0.4734827498289078,1.5795517505132763,0.9469654996578155,0.0,0.47348274982890776,1.0,0.0,10.579551750513275,0.0,1.5265172501710924,1.0,5.579551750513277,0.47348274982890776,0.5265172501710922,0.4734827498289078,0.0,0.0,1.0,1.0,0.0,0.0,0.0,0.5265172501710922,1.0,0.0,0.0,1.0,1.0,0.0,0.0,0.0,0.0,0.0,0.0,0.0,0.0,0.0,0.0,0.0,0.0,0.0,0.0,0.0,0.0,0.0,0.0,0.0,0.0,0.0,0.0,0.0,0.0,0.0,0.0,0.0,0.0,0.0,0.0,3.0
SMOTE_000029,attack,boolean,"1'  )   and 8407  =    (  select count  (  *  )   from generate_series  (  1,5000000   )    )   ",nearest_attack_euclidean,R000025,2.4808926951813124,85.29424146491465,26.08024767224945,3.621211168982745,26.64712073245732,13.0,33.647120732457324,12.0,0.30922126456061855,0.1550077225444974,0.39268696131534797,0.14308405157953608,2.4598761638752755,1.1102230246251565e-16,0.0,0.0,0.5133746120415748,1.4866253879584252,0.0,5.5401238361247245,0.0,1.0,1.0,2.0,1.0,0.0,0.0,0.0,0.0,1.0,1.0,0.0,0.0,0.0,0.0,0.5133746120415748,0.0,0.0,0.5133746120415748,1.486625387958425,0.0,0.0,0.0,0.0,0.0,0.0,0.0,0.0,0.0,0.0,0.0,0.0,0.0,0.0,0.0,0.0,0.0,0.0,0.0,0.0,0.0,0.0,0.0,0.0,0.0,0.0,0.0,0.0,0.0,0.0,2.513374612041575
SMOTE_000030,attack,boolean,"1%' and 3707  =    (  select count  (  *  )   from sysibm.systables as t1,sysibm.systables as t2,sysibm.systables as t3  )   and '%'  =  '",nearest_attack_euclidean,R000028,1.1272632709031234,131.43893351607719,29.513995075264976,4.074702338954064,74.51399507526497,6.784987688162443,33.597965526854836,16.54198522579493,0.5712241354407088,0.05045154934311266,0.25331496948760357,0.12500934572857494,3.7569975376324884,1.1102230246251565e-16,0.0,0.0,1.0,1.7569975376324884,0.0,3.5139950752649773,1.513995075264977,0.0,2.0,2.7569975376324884,1.0,0.0,0.0,0.0,0.0,1.0,1.0,0.0,0.0,0.0,0.0,1.0,0.0,0.0,1.0,1.7569975376324884,0.0,0.0,0.0,0.0,0.0,0.0,0.0,0.0,0.0,0.0,0.0,0.0,0.0,0.0,0.0,0.0,0.0,0.0,0.0,0.0,0.0,0.0,0.0,0.0,0.0,0.0,0.0,0.0,0.0,0.0,3.7569975376324884
SMOTE_000031,attack,boolean,"1' in boolean mode  )   and 6414  =    (  select count  (  *  )   from rdb$fields as t1,rdb$types as t2,rdb$collations as t3,rdb$functions as t4  )  #",nearest_attack_euclidean,R000008,1.0917616912635304,147.8796886556919,31.28270817924108,4.190208580414168,83.02104274531243,9.0,39.57593773113838,16.28270817924108,0.5609077963487927,0.06094236059747027,0.2677137339971892,0.11043610905654774,0.8586459103794598,0.1413540896205402,0.28270817924108027,0.0,1.0,1.0,0.0,5.0,0.14135408962054016,0.0,3.0,2.28270817924108,0.8586459103794598,0.14135408962054016,0.14135408962054014,0.8586459103794597,0.0,1.0,1.0,0.0,0.0,0.0,0.0,1.0,0.0,0.0,1.0,0.8586459103794598,0.1413540896205402,0.0,0.0,0.0,0.0,0.0,0.0,0.0,0.0,0.0,0.0,0.0,0.0,0.0,0.0,0.0,0.0,0.0,0.0,0.0,0.0,0.0,0.0,0.0,0.0,0.0,0.0,0.0,0.0,0.0,3.0
SMOTE_000032,attack,boolean,"-9688%'   )    )     )   or elt  (  3695  =  7995,7995  )   and    (    (     (  '%'  =  '",nearest_attack_euclidean,R000013,2.259691983894116,90.32576941147067,22.0,2.9565420043712103,11.257694114706787,15.022691765587963,47.34846117705864,16.696922354117284,0.1243695134349018,0.1664017030915001,0.5242642947722449,0.1849644887013533,2.6969223541172846,1.3030776458827158,0.674230588529321,0.0,0.3257694114706789,1.6742305885293212,0.0,8.0,1.348461177058642,0.0,0.674230588529321,2.674230588529321,0.674230588529321,0.3257694114706789,0.0,0.0,0.0,1.0,1.0,0.0,0.0,0.0,0.0,0.0,0.0,0.0,0.0,1.325769411470679,0.6742305885293212,0.0,0.0,0.0,0.0,0.0,0.0,0.0,0.0,0.0,0.0,0.0,0.0,0.0,0.0,0.0,0.0,0.0,0.0,0.0,0.0,0.0,0.0,0.0,0.0,0.0,0.0,0.0,0.0,0.0,2.0
SMOTE_000033,attack,boolean,"1"" and 6537  =  dbms_pipe.receive_message  (  chr  (  76  )  ||chr  (  116  )  ||chr  (  117  )  ||chr  (  65  )  ,5  )   and ""kfps""  =  ""kfps",nearest_attack_euclidean,R000011,0.17578718809960772,142.11960361122368,30.099669676019744,3.8985288747193287,48.29900902805923,15.880396388776308,51.98006606479605,25.960132129592104,0.3397753287326643,0.11177686664572976,0.3657665584991153,0.18268124612249062,0.05980180561184656,3.9202642591842043,0.0,0.0,0.0,1.9601321295921024,0.0,10.019933935203948,0.0,2.0,1.0,7.960132129592102,0.01993393520394887,0.9800660647960512,0.0,0.0,0.0,0.9800660647960512,1.0,0.0,0.0,0.0,0.9999999999999998,0.019933935203948927,0.0,0.0,0.01993393520394887,1.980066064796051,0.0,0.0,0.0,0.0,0.0,0.0,0.0,0.0,0.0,0.0,0.0,0.0,0.0,0.0,0.0,0.0,0.0,0.0,0.0,0.0,0.0,0.0,0.0,0.0,0.0,0.0,0.0,0.0,0.0,0.0,2.019933935203949
SMOTE_000034,attack,boolean,"1""  )   where 7471  =  7471 and 8514  =    (  select count  (  *  )   from domain.domains as t1,domain.columns as t2,domain.tables as t3  )  --",nearest_attack_euclidean,R000020,1.913832433222874,139.67636863551746,33.0,4.210169679377078,70.41545392056031,13.09182255607779,39.33818431775874,16.83090784112063,0.5046394253381975,0.09310068517745893,0.28146227626953035,0.1207976132148133,0.0,1.0,2.0,0.0,1.0,1.5845460794396844,0.0,5.0,0.4154539205603156,0.0,2.4154539205603154,4.584546079439685,0.0,1.0,1.0,0.0,0.0,1.0,1.0,0.0,0.0,0.0,0.0,1.0,0.0,0.5845460794396844,1.0,0.5845460794396844,0.4154539205603157,0.0,0.0,0.0,0.0,0.0,0.0,0.0,0.0,0.0,0.0,0.0,0.0,0.0,0.0,0.0,0.0,0.0,0.0,0.0,0.0,0.0,0.0,0.0,0.0,0.0,0.0,0.0,0.0,0.0,3.5845460794396846
SMOTE_000035,attack,boolean,"1'||  (  select 'ersu' where 4123  =  4123 and 8312  =  dbms_pipe.receive_message  (  chr  (  69  )  ||chr  (  79  )  ||chr  (  101  )  ||chr  (  68  )  ,5  )  --",nearest_attack_euclidean,R000006,1.056368916059688,160.78103565696387,37.39051782848194,4.016745579065711,53.0665938001566,21.01918294256631,57.304741085759034,29.39051782848194,0.3304543186413038,0.13023664488478326,0.3566157216388497,0.18269331483506324,2.542888371361456,0.45711162863854415,1.6952589142409704,0.0,0.0,1.8476294571204854,0.0,11.152370542879515,0.0,2.0,1.0,11.238147285602427,0.8476294571204853,0.15237054287951465,0.8476294571204853,0.0,0.0,1.0,1.0,0.0,0.0,0.0,0.9999999999999998,1.0,0.0,0.8476294571204854,0.15237054287951463,1.0,0.0,0.0,0.0,0.0,0.0,0.0,0.0,0.0,0.0,0.0,0.0,0.0,0.0,0.0,0.0,0.0,0.0,0.0,0.0,0.0,0.0,0.0,0.0,0.0,0.0,0.0,0.0,0.0,0.0,0.0,3.0
SMOTE_000036,attack,boolean,"1' in boolean mode  )   and 6414  =    (  select count  (  *  )   from rdb$fields as t1,rdb$types as t2,rdb$collations as t3,rdb$functions as t4  )  #",nearest_attack_euclidean,R000008,0.5917857364657119,146.43987338299908,30.726144106384545,4.184041620991247,83.90457642553818,8.452288212769089,38.448149936179085,15.634858808512725,0.5749728063829312,0.056990052340442736,0.26123889219861257,0.10679824907801344,1.1825705957436372,1.1102230246251565e-16,0.0,0.0,1.0,1.0,0.0,4.7261441063845435,0.0,0.0,2.908714702128181,2.0,1.0,0.0,0.0,0.9087147021281813,0.0,1.0,1.0,0.0,0.0,0.0,0.0,1.0,0.0,0.0,1.0,1.0,0.0,0.0,0.0,0.0,0.0,0.0,0.0,0.0,0.0,0.0,0.0,0.0,0.0,0.0,0.0,0.0,0.0,0.0,0.0,0.0,0.0,0.0,0.0,0.0,0.0,0.0,0.0,0.0,0.0,0.0,3.0
SMOTE_000037,attack,boolean,"1 where 3902  =  3902 or 9643  =    (  select count  (  *  )   from domain.domains as t1,domain.columns as t2,domain.tables as t3  )  --",nearest_attack_euclidean,R000005,0.25976368871022476,138.0816903178372,32.0,4.198312109060864,69.0,16.0,38.665352254269756,14.416338063567439,0.49986250354970974,0.11591014575065732,0.27985322094392523,0.1043741297557077,0.0,1.1102230246251565e-16,2.0,0.0,1.0,2.0,0.0,4.416338063567439,0.0,0.0,2.0,5.0,0.0,0.0,1.0,0.0,0.0,1.0,1.0,0.0,0.0,0.0,0.0,1.0,0.0,1.0,1.0,0.0,1.0,0.0,0.0,0.0,0.0,0.0,0.0,0.0,0.0,0.0,0.0,0.0,0.0,0.0,0.0,0.0,0.0,0.0,0.0,0.0,0.0,0.0,0.0,0.0,0.0,0.0,0.0,0.0,0.0,0.0,4.0
SMOTE_000038,attack,boolean,"1'+  (  select 'wkbg' where 3921  =  3921 and 8407  =    (  select count  (  *  )   from generate_series  (  1,5000000   )    )     )  +'",nearest_attack_euclidean,R000029,0.994585930738022,137.99763584836495,36.334909434423366,4.025556726698994,50.82427075206565,20.168636793029208,48.503546227452574,18.501182075817525,0.36741545649327967,0.14640155621608583,0.35195263338996247,0.13423035390067206,3.334909434423365,0.16627264139415887,0.3325452827883174,0.0,1.0,2.0,0.0,7.501182075817524,0.0,0.8337273586058412,1.1662726413941589,5.0,0.8337273586058414,0.16627264139415873,0.16627264139415873,0.0,0.0,1.0,1.0,0.0,0.0,0.0,0.0,1.8337273586058416,0.0,1.0,1.0,1.0,0.0,0.0,0.0,0.0,0.0,0.0,0.0,0.0,0.0,0.0,0.0,0.0,0.0,0.0,0.0,0.0,0.0,0.0,0.0,0.0,0.0,0.0,0.0,0.0,0.0,0.0,0.0,0.0,0.0,0.0,4.833727358605842
SMOTE_000039,attack,boolean,"1'  )   and make_set  (  4551  =  6487,6487  )   and   (  'jnqa'  =  'jnqa",nearest_attack_euclidean,R000014,1.469861900696571,78.06806463166164,22.760702080490493,3.490827287492464,20.282106241471478,13.0,32.307362551171146,12.478595839019016,0.26320856914226237,0.16782226905084627,0.40879700313337375,0.1601721586735176,3.0428083219619673,0.9571916780380325,0.0,0.0,0.23929791950950813,1.7607020804904918,0.0,4.957191678038033,0.0,0.7607020804904919,0.7607020804904919,2.0,0.7607020804904918,0.23929791950950816,0.0,0.0,0.0,1.0,1.0,0.0,0.0,0.0,0.0,0.0,0.0,0.0,0.0,2.0,0.0,0.0,0.0,0.0,0.0,0.0,0.0,0.0,0.0,0.0,0.0,0.0,0.0,0.0,0.0,0.0,0.0,0.0,0.0,0.0,0.0,0.0,0.0,0.0,0.0,0.0,0.0,0.0,0.0,0.0,2.0
SMOTE_000040,attack,boolean,"1%'  )   and 3202  =  like  (  'abcdefg',upper  (  hex  (  randomblob  (  500000000/2   )    )      )    )    and   (  '%'  =  '",nearest_attack_euclidean,R000015,1.2878421372528703,132.2183524591712,31.3013108899408,3.4958564567151957,35.0,15.0,59.615730679289605,22.602621779881602,0.26531457217919274,0.11370624521965404,0.44996620759438166,0.17101297500677148,4.794756440236799,1.2052435597632016,0.0,1.0,0.0,2.0,0.0,10.6026217798816,2.0,0.0,1.0,3.0,1.0,0.3013108899408004,0.0,0.0,0.0,1.0,1.0,0.0,0.0,0.0,0.0,0.0,0.0,0.0,0.0,2.0,0.0,0.0,0.0,0.0,0.0,0.0,0.0,0.0,0.0,0.0,0.0,0.0,0.0,0.0,0.0,0.0,0.0,0.0,0.0,0.0,0.0,0.0,0.0,0.0,0.0,0.0,0.0,0.0,0.0,0.0,2.0
SMOTE_000041,attack,boolean,"call regexp_substring  (  repeat  (  left  (  crypt_key  (  char  (  65  )  ||char  (  69  )  ||char  (  83  )  ,null  )  ,0  )  ,500000000  )  ,null  )   and ""%""  =  """,nearest_attack_euclidean,R000022,3.63139741878426,165.65606603680908,35.56262264212727,3.9469680113503616,56.87475471574545,18.73458962372273,60.656066036809094,29.39065566053182,0.34301862250281784,0.11349625221180457,0.3659570448950968,0.17752808039028078,1.1719669815954554,1.8280330184045446,0.7813113210636369,0.0,0.0,1.3906556605318183,0.0,12.828033018404543,0.6093443394681816,2.0,2.828033018404545,7.734589623722728,0.39065566053181844,0.6093443394681816,0.39065566053181844,0.0,0.0,1.0,1.0,0.0,0.0,0.0,0.9999999999999998,0.39065566053181844,0.0,0.3906556605318185,0.0,1.0,0.0,0.0,0.0,0.0,0.0,0.0,0.0,0.0,0.0,0.0,0.0,0.0,0.0,0.0,0.0,0.0,0.0,0.0,0.0,0.0,0.0,1.8280330184045446,0.0,0.0,0.0,0.0,0.0,0.0,0.0,0.0,3.6093443394681817
SMOTE_000042,attack,boolean,"1%""   )    )    and 3202  =  like  (  'abcdefg',upper  (  hex  (  randomblob  (  500000000/2   )    )      )    )    and    (    (   ""%""  =  """,nearest_attack_euclidean,R000016,1.0813055597545456,134.50791816073715,30.53096434524258,3.3411327360017653,32.502639386912385,14.706192869048516,64.76812155953368,22.53096434524258,0.23932809606220076,0.11110204418772883,0.48278399833800145,0.16678586141206891,1.706192869048516,4.0,0.0,0.853096434524258,0.14690356547574202,1.853096434524258,0.0,11.412385738097033,1.706192869048516,0.0,0.853096434524258,2.8530964345242578,0.853096434524258,1.0,0.0,0.0,0.0,1.0,1.0,0.0,0.0,0.0,0.0,0.0,0.0,0.0,0.0,2.0,0.0,0.0,0.0,0.0,0.0,0.0,0.0,0.0,0.0,0.0,0.0,0.0,0.0,0.0,0.0,0.0,0.0,0.0,0.0,0.0,0.0,0.0,0.0,0.0,0.0,0.0,0.0,0.0,0.0,0.0,2.0
SMOTE_000043,attack,boolean,"-4641""  )   where 4212  =  4212 or make_set  (  3595  =  4062,4062  )  --",nearest_attack_euclidean,R000009,2.114187040508832,73.28238842888271,25.15283471335189,3.762793401446025,15.976719002178921,20.893727282290264,25.129553715530815,11.282388428882703,0.21776139377169632,0.2855358699211411,0.34277676766763504,0.1539259686395275,1.1295537155308124,0.717611571117297,2.152834713351891,0.0,0.0,2.0,0.0,3.282388428882703,0.0,1.0,1.0,4.152834713351891,0.2823884288827031,0.7176115711172969,0.7176115711172969,0.0,0.0,1.0,1.0,0.0,0.0,0.0,0.0,0.0,0.0,0.717611571117297,0.0,0.5647768577654063,0.7176115711172969,0.0,0.0,0.0,0.0,0.0,0.0,0.0,0.0,0.0,0.0,0.0,0.0,0.0,0.0,0.0,0.0,0.0,0.0,0.0,0.0,0.0,0.0,0.0,0.0,0.0,0.0,0.0,0.0,0.0,2.0
SMOTE_000044,attack,boolean,"select dbms_pipe.receive_message  (  chr  (  66  )  ||chr  (  67  )  ||chr  (  79  )  ||chr  (  101  )  ,5  )   from dual and   (  'qomf' like 'qomf",nearest_attack_euclidean,R000012,1.6163028807135154,149.3511397365881,34.77481004390198,4.009909565716308,62.09924017560793,10.0,52.801519648784144,24.450379912196034,0.4160918630477765,0.06697475441532638,0.3532694270557239,0.16366395548117316,2.324430131705946,0.675569868294054,0.0,0.0,0.0,0.22518995609801795,0.0,11.225189956098017,0.0,2.0,1.0,6.225189956098018,0.774810043901982,0.2251899560980179,0.0,0.0,0.0,0.22518995609801795,1.0,0.0,0.0,0.0,0.9999999999999998,1.0,0.0,0.0,1.0,1.0,0.0,0.0,0.0,0.0,0.0,0.0,0.0,0.0,0.0,0.0,0.0,0.0,0.0,0.0,0.0,0.0,0.0,0.0,0.0,0.0,0.0,0.0,0.0,0.0,0.0,0.0,0.0,0.0,0.0,0.0,3.0
SMOTE_000045,attack,boolean,"1""  )   where 7471  =  7471 and 8514  =    (  select count  (  *  )   from domain.domains as t1,domain.columns as t2,domain.tables as t3  )  --",nearest_attack_euclidean,R000020,1.3142597992633236,142.2024496643512,32.601224832175596,4.1689332037341025,69.6012248321756,16.0,41.0,15.601224832175596,0.48945115679693135,0.11252099416606562,0.2883350475505431,0.1096928014864599,0.0,0.6012248321755953,2.0,0.0,1.0,2.0,0.0,5.0,0.0,0.0,2.0,5.0,0.0,0.6012248321755952,1.0,0.0,0.0,1.0,1.0,0.0,0.0,0.0,0.0,1.0,0.0,1.0,1.0,0.6012248321755953,0.3987751678244047,0.0,0.0,0.0,0.0,0.0,0.0,0.0,0.0,0.0,0.0,0.0,0.0,0.0,0.0,0.0,0.0,0.0,0.0,0.0,0.0,0.0,0.0,0.0,0.0,0.0,0.0,0.0,0.0,0.0,4.0
SMOTE_000046,attack,boolean,"1%'   )    )     )   or 2367  =    (  select count  (  *  )   from rdb$fields as t1,rdb$types as t2,rdb$collations as t3,rdb$functions as t4  )  --",nearest_attack_euclidean,R000021,1.2646449653448666,144.9967012533334,32.33223375111113,4.0715223262251214,71.89035499851849,8.777411250370378,44.774112503703776,19.554822500740755,0.49645649195482333,0.060500302796236076,0.3082396519342298,0.1348035533147108,1.667766248888866,1.1102230246251565e-16,1.5548225007407557,0.0,1.0,1.2225887496296222,0.0,6.332233751111135,1.222588749629622,0.0,2.7774112503703776,3.777411250370378,1.0,0.0,0.7774112503703778,0.0,0.0,1.0,1.0,0.0,0.0,0.0,0.0,1.0,0.0,0.0,1.0,0.44517749925924394,0.7774112503703778,0.0,0.0,0.0,0.0,0.0,0.0,0.0,0.0,0.0,0.0,0.0,0.0,0.0,0.0,0.0,0.0,0.0,0.0,0.0,0.0,0.0,0.0,0.0,0.0,0.0,0.0,0.0,0.0,0.0,3.222588749629622
SMOTE_000047,attack,boolean,"1%'   )    )     )   or 2367  =    (  select count  (  *  )   from rdb$fields as t1,rdb$types as t2,rdb$collations as t3,rdb$functions as t4  )  --",nearest_attack_euclidean,R000021,2.1743091489518074,142.06534253997532,32.55139477636139,4.153717634250025,70.10278955272278,12.140236565470255,42.51394776361392,17.30836865816835,0.4939211056378552,0.08653594899281461,0.2983432984129855,0.12119964695634462,0.5513947763613921,1.1102230246251565e-16,2.0,0.0,1.0,1.4486052236386078,0.0,5.654184329084177,0.5513947763613921,0.0,2.5513947763613922,4.448605223638608,0.5513947763613921,0.0,1.0,0.0,0.0,1.0,1.0,0.0,0.0,0.0,0.0,1.0,0.0,0.44860522363860794,1.0,0.0,1.0,0.0,0.0,0.0,0.0,0.0,0.0,0.0,0.0,0.0,0.0,0.0,0.0,0.0,0.0,0.0,0.0,0.0,0.0,0.0,0.0,0.0,0.0,0.0,0.0,0.0,0.0,0.0,0.0,0.0,3.4486052236386078
SMOTE_000048,attack,boolean,"1 where 3902  =  3902 or 9643  =    (  select count  (  *  )   from domain.domains as t1,domain.columns as t2,domain.tables as t3  )  --",nearest_attack_euclidean,R000005,2.3152632719274213,117.01832071137186,30.192221020130653,4.113061942850653,52.428692684530986,18.41037197315913,33.08314554361642,13.096110510065326,0.4122721672050318,0.1812567946180189,0.28914483557726367,0.11732620259968557,0.0,0.3012964966448912,2.301296496644891,0.0,0.6987035033551088,2.0,0.0,3.6987035033551092,0.0,0.30129649664489117,1.6987035033551088,5.0,0.0,0.3012964966448913,1.0,0.0,0.0,1.0,1.0,0.0,0.0,0.0,0.0,0.6987035033551087,0.0,1.0,0.6987035033551088,0.0,1.0,0.0,0.0,0.0,0.0,0.0,0.0,0.0,0.0,0.0,0.0,0.0,0.0,0.0,0.0,0.0,0.0,0.0,0.0,0.0,0.0,0.0,0.0,0.0,0.0,0.0,0.0,0.0,0.0,0.0,3.3974070067102176
SMOTE_000049,attack,boolean,"1"" and 6537  =  dbms_pipe.receive_message  (  chr  (  76  )  ||chr  (  116  )  ||chr  (  117  )  ||chr  (  65  )  ,5  )   and ""kfps""  =  ""kfps",nearest_attack_euclidean,R000011,1.376232126944916,145.9141235870935,31.304707862364506,3.8841167282105826,51.5879466215024,14.04293820645324,54.28323875913789,26.0,0.3527350689625412,0.09710404462789755,0.37171599950927003,0.17844488690029123,0.0,3.673823034408873,0.0,0.0,0.0,1.6738230344088731,0.0,10.652353931182253,0.0,2.0,1.0,7.673823034408873,0.0,1.0,0.0,0.0,0.0,1.0,1.0,0.0,0.0,0.0,0.9999999999999998,0.32617696559112686,0.0,0.0,0.3261769655911268,1.6738230344088731,0.0,0.0,0.0,0.0,0.0,0.0,0.0,0.0,0.0,0.0,0.0,0.0,0.0,0.0,0.0,0.0,0.0,0.0,0.0,0.0,0.0,0.0,0.0,0.0,0.0,0.0,0.0,0.0,0.0,0.0,2.326176965591127
SMOTE_000050,attack,boolean,"1'   )    )    and make_set  (  8245  =  9872,9872  )   and    (    (   'kzgt'  =  'kzgt",nearest_attack_euclidean,R000004,1.5043117925104106,86.08462482323922,23.72637497474846,3.3600244138196373,20.179124924245382,13.0,39.45274994949692,13.452749949496923,0.23414504377743686,0.151220521506438,0.45853773886450055,0.15609669585162458,2.905499898993845,1.094500101006155,0.0,0.0,0.2736250252515387,1.7263749747484614,0.0,6.0,0.0,0.7263749747484612,0.7263749747484612,2.0,0.7263749747484612,0.27362502525153876,0.0,0.0,0.0,1.0,1.0,0.0,0.0,0.0,0.0,0.0,0.0,0.0,0.0,2.0,0.0,0.0,0.0,0.0,0.0,0.0,0.0,0.0,0.0,0.0,0.0,0.0,0.0,0.0,0.0,0.0,0.0,0.0,0.0,0.0,0.0,0.0,0.0,0.0,0.0,0.0,0.0,0.0,0.0,0.0,2.0
SMOTE_000051,attack,boolean,"1'  )   and make_set  (  4551  =  6487,6487  )   and   (  'jnqa'  =  'jnqa",nearest_attack_euclidean,R000014,0.8302006602258244,74.10771419168452,22.89228580831547,3.6028087225112535,20.569143233261887,13.10771419168453,28.21542838336906,12.215428383369058,0.27763145968216296,0.17685956138608222,0.3807073338742601,0.16480164505749476,3.5691432332618858,1.1102230246251565e-16,0.0,0.0,0.0,1.8922858083154714,0.0,4.107714191684528,0.0,1.0,1.3231425750535855,1.8922858083154717,0.8922858083154714,0.0,0.0,0.0,0.0,1.0,1.0,0.0,0.0,0.0,0.0,0.0,0.0,0.0,0.0,1.8922858083154717,0.0,0.0,0.0,0.0,0.0,0.0,0.0,0.0,0.0,0.0,0.0,0.0,0.0,0.0,0.0,0.0,0.0,0.0,0.0,0.0,0.0,0.10771419168452846,0.10771419168452842,0.0,0.0,0.0,0.0,0.0,0.0,0.0,2.1077141916845283
SMOTE_000052,attack,boolean,"1'   )    )    and make_set  (  8245  =  9872,9872  )   and    (    (   'kzgt'  =  'kzgt",nearest_attack_euclidean,R000004,4.167229702377799,76.50248921772987,16.64159309934712,2.5349619462928032,13.181692668056314,7.0212943932195335,42.75940258774483,13.540099568709195,0.1580874244618738,0.07978743628658563,0.5813001188694715,0.18082502038206905,2.1603982748367794,1.8396017251632202,0.0,0.0,0.0,1.540099568709195,0.0,6.91980086258161,0.0,0.540099568709195,0.540099568709195,1.540099568709195,0.540099568709195,0.45990043129080505,0.0,0.0,0.0,1.0,1.0,0.0,0.0,0.0,0.0,0.0,0.0,0.0,0.0,1.08019913741839,0.4599004312908051,0.0,0.0,0.0,0.0,0.0,0.0,0.0,0.0,0.0,0.0,0.0,0.0,0.0,0.0,0.0,0.0,0.0,0.0,0.0,0.0,0.0,0.0,0.0,0.0,0.0,0.0,0.0,0.0,0.0,1.540099568709195
SMOTE_000053,attack,boolean,"select count  (  *  )   from domain.domains as t1,domain.columns as t2,domain.tables as t3 and 'qjle'  =  'qjle",nearest_attack_euclidean,R000027,0.02304160217166843,111.134110183168,28.009934087642076,4.202232671830406,73.00993408764208,3.024835219105187,23.069538613494522,12.029802262926225,0.6570905235903517,0.027180727168766933,0.2075097435621509,0.10821900567873058,3.004967043821037,1.1102230246251565e-16,0.0,0.0,1.0,1.0049670438210376,0.0,2.0099340876420753,0.009934087642074874,0.0,2.0,2.004967043821037,1.0,0.0,0.0,0.0,0.0,1.0,1.0,0.0,0.0,0.0,0.0,1.0,0.0,0.0,1.0,1.0049670438210374,0.0,0.0,0.0,0.0,0.0,0.0,0.0,0.0,0.0,0.0,0.0,0.0,0.0,0.0,0.0,0.0,0.0,0.0,0.0,0.0,0.0,0.0,0.0,0.0,0.0,0.0,0.0,0.0,0.0,0.0,3.0049670438210376
SMOTE_000054,attack,boolean,"1""   )    )    as gawq where 4728  =  4728 or 7417  =    (  select count  (  *  )   from sysibm.systables as t1,sysibm.systables as t2,sysibm.systables as t3  )  --",nearest_attack_euclidean,R000010,0.06429709942524583,163.805270956734,34.0194729043266,4.072612621694192,81.8831625740404,16.019472904326598,48.883162574040405,17.019472904326598,0.4998735525693078,0.09781078638746507,0.2983996034709637,0.10391605757226338,0.019472904326599094,0.9805270956734012,2.0,0.0,1.0,2.0,0.0,5.980527095673401,0.0,0.0,2.019472904326599,5.0,0.01947290432659876,0.9805270956734011,1.0,0.0,0.0,1.0,1.0,0.0,0.0,0.0,0.0,1.0,0.0,1.0,1.0,0.0,1.0,0.0,0.0,0.0,0.0,0.0,0.0,0.0,0.0,0.0,0.0,0.0,0.0,0.0,0.0,0.0,0.0,0.0,0.0,0.0,0.0,0.0,0.0,0.0,0.0,0.0,0.0,0.0,0.0,0.0,4.0
SMOTE_000055,attack,boolean,"1""   )    )    as gawq where 4728  =  4728 or 7417  =    (  select count  (  *  )   from sysibm.systables as t1,sysibm.systables as t2,sysibm.systables as t3  )  --",nearest_attack_euclidean,R000010,0.16773054832924786,162.72529932987564,33.939299968089315,4.0752129616271295,81.27159961707179,16.0,48.514399744714524,16.939299968089315,0.4993632863785593,0.09843063323904103,0.29804800831354583,0.10415807206885391,0.0,1.0,2.0,0.0,1.0,2.0,0.0,5.9392999680893155,0.0,0.0,2.0,5.0,0.0,1.0,1.0,0.0,0.0,1.0,1.0,0.0,0.0,0.0,0.0,1.0,0.0,1.0,1.0,0.060700031910684515,0.9392999680893155,0.0,0.0,0.0,0.0,0.0,0.0,0.0,0.0,0.0,0.0,0.0,0.0,0.0,0.0,0.0,0.0,0.0,0.0,0.0,0.0,0.0,0.0,0.0,0.0,0.0,0.0,0.0,0.0,0.0,4.0
SMOTE_000056,attack,boolean,"1'  )   and make_set  (  4551  =  6487,6487  )   and   (  'jnqa'  =  'jnqa",nearest_attack_euclidean,R000014,1.463397776576362,78.05017419263766,22.761754459256608,3.4914339348482337,20.285263377769827,13.0,32.28841973338105,12.476491081486785,0.2632990543376264,0.16785680657791957,0.4086632288203658,0.16018091026408823,3.0470178370264325,0.9529821629735672,0.0,0.0,0.23824554074339177,1.7617544592566081,0.0,4.9529821629735675,0.0,0.7617544592566082,0.7617544592566082,2.0,0.7617544592566082,0.23824554074339185,0.0,0.0,0.0,1.0,1.0,0.0,0.0,0.0,0.0,0.0,0.0,0.0,0.0,2.0,0.0,0.0,0.0,0.0,0.0,0.0,0.0,0.0,0.0,0.0,0.0,0.0,0.0,0.0,0.0,0.0,0.0,0.0,0.0,0.0,0.0,0.0,0.0,0.0,0.0,0.0,0.0,0.0,0.0,0.0,2.0
SMOTE_000057,attack,boolean,"1 where 3902  =  3902 or 9643  =    (  select count  (  *  )   from domain.domains as t1,domain.columns as t2,domain.tables as t3  )  --",nearest_attack_euclidean,R000005,0.041157119404590166,136.3298243006944,32.0,4.234542169227226,69.0,16.0,37.26385944055553,14.06596486013888,0.5061661516088906,0.11737186124264129,0.2732937726736472,0.10316821447482093,0.0,1.1102230246251565e-16,2.0,0.0,1.0,2.0,0.0,4.065964860138882,0.0,0.0,2.0,5.0,0.0,0.0,1.0,0.0,0.0,1.0,1.0,0.0,0.0,0.0,0.0,1.0,0.0,1.0,1.0,0.0,1.0,0.0,0.0,0.0,0.0,0.0,0.0,0.0,0.0,0.0,0.0,0.0,0.0,0.0,0.0,0.0,0.0,0.0,0.0,0.0,0.0,0.0,0.0,0.0,0.0,0.0,0.0,0.0,0.0,0.0,4.0
SMOTE_000058,attack,boolean,"""   )    )    or    (    (   ""x""   )    )     =     (    (   ""x",nearest_attack_euclidean,R000002,4.381863265572645,67.9432755468925,14.74083029121704,2.4739925293759706,11.639607663379316,5.842052919054766,37.911003650539556,12.550611313918864,0.16248867022851277,0.07894666106830767,0.5720726200829981,0.18649204862018148,1.7975547443245434,2.202445255675457,0.0,0.0,0.0,1.4493886860811358,0.0,6.202445255675457,0.0,0.44938868608113586,0.449388686081136,1.4493886860811358,0.44938868608113586,0.5506113139188642,0.0,0.0,0.0,1.0,1.0,0.0,0.0,0.0,0.0,0.0,0.0,0.0,0.0,0.8987773721622718,0.5506113139188641,0.0,0.0,0.0,0.0,0.0,0.0,0.0,0.0,0.0,0.0,0.0,0.0,0.0,0.0,0.0,0.0,0.0,0.0,0.0,0.0,0.0,0.0,0.0,0.0,0.0,0.0,0.0,0.0,0.0,1.449388686081136
SMOTE_000059,attack,boolean,"1'+  (  select 'wkbg' where 3921  =  3921 and 8407  =    (  select count  (  *  )   from generate_series  (  1,5000000   )    )     )  +'",nearest_attack_euclidean,R000029,4.3147409564961,137.0,33.948760436279045,3.7436008029491417,45.0929752726744,17.948760436279045,56.10247912744191,17.85578516360464,0.32914580491003215,0.13101284989984702,0.4095071469156344,0.13033419827448642,4.0,1.1102230246251565e-16,0.0,0.0,0.6185950545348804,2.0,0.0,8.762809890930239,0.0,0.6185950545348804,0.6185950545348804,3.8557851636046414,1.0,0.0,0.0,0.0,0.0,1.0,1.0,0.0,0.0,0.3814049454651196,0.0,1.6185950545348806,0.0,0.6185950545348804,0.6185950545348804,1.0,0.0,0.0,0.0,0.0,0.0,0.0,0.0,0.0,0.0,0.0,0.0,0.0,0.0,0.0,0.0,0.0,0.0,0.0,0.0,0.0,0.0,0.0,0.0,0.0,0.0,0.0,0.0,0.0,0.3814049454651196,0.3814049454651196,4.618595054534881
SMOTE_000060,attack,boolean,"1'||  (  select 'ersu' where 4123  =  4123 and 8312  =  dbms_pipe.receive_message  (  chr  (  69  )  ||chr  (  79  )  ||chr  (  101  )  ||chr  (  68  )  ,5  )  --",nearest_attack_euclidean,R000006,1.4693779886069143,156.22643052357375,36.26792915707213,3.9974944067704,48.82453678796557,23.288678473821314,55.55660763089344,28.556607630893446,0.31167625510452907,0.14978082119269934,0.35599304018262184,0.18254988352014972,2.133964578536065,0.28867847382131173,2.0,0.0,0.0,2.0,0.0,10.711321526178688,0.0,2.0,1.0,11.422643052357376,0.7113215261786884,0.2886784738213117,1.0,0.0,0.0,1.0,1.0,0.0,0.0,0.0,0.9999999999999998,0.7113215261786884,0.0,1.0,0.0,0.7113215261786885,0.28867847382131173,0.0,0.0,0.0,0.0,0.0,0.0,0.0,0.0,0.0,0.0,0.0,0.0,0.0,0.0,0.0,0.0,0.0,0.0,0.0,0.0,0.0,0.0,0.0,0.0,0.0,0.0,0.0,0.0,0.0,2.7113215261786885
SMOTE_000061,attack,boolean,"1"" and 6537  =  dbms_pipe.receive_message  (  chr  (  76  )  ||chr  (  116  )  ||chr  (  117  )  ||chr  (  65  )  ,5  )   and ""kfps""  =  ""kfps",nearest_attack_euclidean,R000011,0.6606753077224302,136.9693927334577,29.210885134660032,3.8122229501869658,45.04081925497512,15.704081925497512,51.408163850995024,24.816327701990048,0.32419636921533024,0.1156530993410713,0.3799373815741753,0.18021314986942322,0.0,4.0,0.0,0.0,0.09863935816749603,1.901360641832504,0.0,9.802721283665008,0.0,1.802721283665008,0.901360641832504,7.408163850995024,0.0,1.0,0.0,0.0,0.0,1.0,1.0,0.0,0.0,0.0,0.9013606418325038,0.0,0.0,0.0,0.0,2.0,0.0,0.0,0.0,0.0,0.0,0.0,0.0,0.0,0.0,0.0,0.0,0.0,0.0,0.0,0.0,0.0,0.0,0.0,0.0,0.0,0.0,0.0,0.0,0.0,0.0,0.0,0.0,0.0,0.0,0.0,2.0
SMOTE_000062,attack,boolean,"1 where 3902  =  3902 or 9643  =    (  select count  (  *  )   from domain.domains as t1,domain.columns as t2,domain.tables as t3  )  --",nearest_attack_euclidean,R000005,0.05573607125054602,136.5546610729904,32.03961864807074,4.237925615015569,69.25752121245984,16.0,37.23771188842446,14.059427972106114,0.5072072843820928,0.11724916709254635,0.27258816163580885,0.10295538688955191,0.0,0.019809324035371167,2.0,0.0,1.0,2.0,0.0,4.039618648070743,0.0,0.0,2.0,5.0,0.0,0.019809324035371167,1.0,0.0,0.0,1.0,1.0,0.0,0.0,0.0,0.0,1.0,0.0,1.0,1.0,0.0,1.0,0.0,0.0,0.0,0.0,0.0,0.0,0.0,0.0,0.0,0.0,0.0,0.0,0.0,0.0,0.0,0.0,0.0,0.0,0.0,0.0,0.0,0.0,0.0,0.0,0.0,0.0,0.0,0.0,0.0,4.0
SMOTE_000063,attack,boolean,"1"" where 3018  =  3018 or 2633  =  dbms_pipe.receive_message  (  chr  (  112  )  ||chr  (  65  )  ||chr  (  65  )  ||chr  (  103  )  ,5  )  --",nearest_attack_euclidean,R000026,0.07478430383192486,141.24138808795269,31.934033746778493,3.8802832829334513,40.703151860503226,24.0,51.6921574849663,24.846078742483154,0.2876664723698049,0.17077046940856028,0.36578566296466103,0.1757773952569738,0.0,1.0,2.0109943755369177,0.0,0.0,2.0,0.0,9.923039371241575,0.0,1.9890056244630823,1.0,9.94502812231541,0.0,1.0,1.0,0.0,0.0,1.0,1.0,0.0,0.0,0.0,0.989005624463082,0.0,0.0,1.0,0.0,0.0,1.0,0.0,0.0,0.0,0.0,0.0,0.0,0.0,0.0,0.0,0.0,0.0,0.0,0.0,0.0,0.0,0.0,0.0,0.0,0.0,0.0,0.0,0.0,0.0,0.0,0.0,0.0,0.0,0.0,0.0,2.0
SMOTE_000064,attack,boolean,"1'  )   and make_set  (  4551  =  6487,6487  )   and   (  'jnqa'  =  'jnqa",nearest_attack_euclidean,R000014,0.07628629181637245,74.00989774719932,22.990102252800693,3.626385711905143,20.960409011202763,13.00989774719931,28.01979549439862,12.019795494398616,0.28321845299780524,0.1757844617259744,0.3785923837232283,0.16240470155299208,3.9604090112027652,1.1102230246251565e-16,0.0,0.0,0.0,1.9901022528006913,0.0,4.009897747199309,0.0,1.0,1.0296932415979256,1.9901022528006913,0.9901022528006913,0.0,0.0,0.0,0.0,1.0,1.0,0.0,0.0,0.0,0.0,0.0,0.0,0.0,0.0,1.9901022528006913,0.0,0.0,0.0,0.0,0.0,0.0,0.0,0.0,0.0,0.0,0.0,0.0,0.0,0.0,0.0,0.0,0.0,0.0,0.0,0.0,0.0,0.009897747199308582,0.009897747199308509,0.0,0.0,0.0,0.0,0.0,0.0,0.0,2.0098977471993087
SMOTE_000065,attack,boolean,"1""  )   where 7471  =  7471 and 8514  =    (  select count  (  *  )   from domain.domains as t1,domain.columns as t2,domain.tables as t3  )  --",nearest_attack_euclidean,R000020,1.0162428499048164,150.72313364909488,33.36776826900452,4.144738996532671,74.41321922805422,16.0,43.942146152036145,16.367768269004518,0.4933681986259215,0.10661904577922915,0.2911512203704707,0.10886153522437864,0.0,1.0,2.0,0.0,1.0,2.0,0.0,5.367768269004518,0.0,0.0,2.0,5.0,0.0,1.0,1.0,0.0,0.0,1.0,1.0,0.0,0.0,0.0,0.0,1.0,0.0,1.0,1.0,0.6322317309954817,0.3677682690045183,0.0,0.0,0.0,0.0,0.0,0.0,0.0,0.0,0.0,0.0,0.0,0.0,0.0,0.0,0.0,0.0,0.0,0.0,0.0,0.0,0.0,0.0,0.0,0.0,0.0,0.0,0.0,0.0,0.0,4.0
SMOTE_000066,attack,boolean,"1'  )   where 4297  =  4297 or 2367  =    (  select count  (  *  )   from rdb$fields as t1,rdb$types as t2,rdb$collations as t3,rdb$functions as t4  )  --",nearest_attack_euclidean,R000018,0.31431684533903026,154.95193436597268,34.90480656340273,4.290104629580681,76.57116061958361,16.904806563402733,43.57116061958361,17.904806563402733,0.49412463270517704,0.10916840855806483,0.28108273509974063,0.11562422363701744,0.9048065634027322,0.09519343659726776,2.0,0.0,1.0,2.0,0.0,5.095193436597268,0.0,0.0,2.9048065634027322,5.0,0.9048065634027322,0.09519343659726776,1.0,0.0,0.0,1.0,1.0,0.0,0.0,0.0,0.0,1.0,0.0,1.0,1.0,0.0,1.0,0.0,0.0,0.0,0.0,0.0,0.0,0.0,0.0,0.0,0.0,0.0,0.0,0.0,0.0,0.0,0.0,0.0,0.0,0.0,0.0,0.0,0.0,0.0,0.0,0.0,0.0,0.0,0.0,0.0,4.0
SMOTE_000067,attack,boolean,"1%'   )    )     )   or 2367  =    (  select count  (  *  )   from rdb$fields as t1,rdb$types as t2,rdb$collations as t3,rdb$functions as t4  )  --",nearest_attack_euclidean,R000021,1.5045360621794008,145.04889485680573,32.674815809467624,4.100474141942558,70.34963161893525,11.276289333726638,45.04889485680574,18.374079047338117,0.4850641343730532,0.07821558731830772,0.31031454072854603,0.12640573758009305,0.6748158094676232,1.1102230246251565e-16,2.0,0.0,1.0,1.3251841905323767,0.0,6.349631618935247,0.6748158094676232,0.0,2.6748158094676233,4.325184190532377,0.6748158094676232,0.0,1.0,0.0,0.0,1.0,1.0,0.0,0.0,0.0,0.0,1.0,0.0,0.32518419053237685,1.0,0.0,1.0,0.0,0.0,0.0,0.0,0.0,0.0,0.0,0.0,0.0,0.0,0.0,0.0,0.0,0.0,0.0,0.0,0.0,0.0,0.0,0.0,0.0,0.0,0.0,0.0,0.0,0.0,0.0,0.0,0.0,3.3251841905323767
SMOTE_000068,attack,boolean,"1""  )   where 7471  =  7471 and 8514  =    (  select count  (  *  )   from domain.domains as t1,domain.columns as t2,domain.tables as t3  )  --",nearest_attack_euclidean,R000020,1.4302956953900992,134.91178678250066,32.264707889318245,4.019114299986724,60.68629993136441,15.264707889318244,42.96077896181802,16.0,0.4408338089898324,0.113430682749682,0.32562035177733306,0.12011515648315253,0.24509737022725253,0.7549026297727476,2.0,0.0,1.0,1.7549026297727475,0.0,5.980389480909009,0.0,0.24509737022725242,1.7549026297727477,4.754902629772747,0.24509737022725242,0.7549026297727475,1.0,0.0,0.0,1.0,1.0,0.0,0.0,0.0,0.0,1.0,0.0,0.7549026297727477,1.0,1.0,0.0,0.0,0.0,0.0,0.0,0.0,0.0,0.0,0.0,0.0,0.0,0.0,0.0,0.0,0.0,0.0,0.0,0.0,0.0,0.0,0.0,0.0,0.0,0.0,0.0,0.0,0.0,0.0,0.0,0.0,3.7549026297727477
SMOTE_000069,attack,boolean,"-9688%'   )    )     )   or elt  (  3695  =  7995,7995  )   and    (    (     (  '%'  =  '",nearest_attack_euclidean,R000013,1.42682722820617,89.41582531665162,22.58417468334838,3.0502195885560006,11.797135441764453,15.123737974977434,45.66330126660649,16.831650633303244,0.13262823071030153,0.16900040564160898,0.5103203912620335,0.18805097238605592,4.0,1.1102230246251565e-16,0.7079126583258112,0.0,0.0,2.0,0.0,7.415825316651622,1.4158253166516221,0.29208734167418887,1.0,2.707912658325811,1.0,0.0,0.0,0.0,0.0,1.0,1.0,0.0,0.0,0.0,0.0,0.0,0.0,0.0,0.0,1.2920873416741887,0.7079126583258111,0.0,0.0,0.0,0.0,0.0,0.0,0.0,0.0,0.0,0.0,0.0,0.0,0.0,0.0,0.0,0.0,0.0,0.0,0.0,0.0,0.0,0.0,0.0,0.0,0.0,0.0,0.0,0.0,0.0,2.0
SMOTE_000070,attack,boolean,"1""   )    )     )   and   (  3020  =  3020  )  *6703 and    (    (     (  ""fqap"" like ""fqap",nearest_attack_euclidean,R000023,3.1022097987563746,90.55276866599408,22.0,2.9887877534611262,13.527686659940855,14.341694002017743,46.894462668011826,15.788925336023656,0.14909275336590042,0.15847474499703193,0.5179449016060255,0.1744876000310422,1.788925336023657,2.2110746639763432,0.4472313340059142,0.0,0.5527686659940858,1.4472313340059142,0.0,8.0,0.8944626680118283,0.0,0.4472313340059142,2.447231334005914,0.4472313340059142,0.5527686659940857,0.0,0.0,0.0,1.0,1.0,0.0,0.0,0.0,0.0,0.0,0.0,0.0,0.0,1.5527686659940858,0.44723133400591425,0.0,0.0,0.0,0.0,0.0,0.0,0.0,0.0,0.0,0.0,0.0,0.0,0.0,0.0,0.0,0.0,0.0,0.0,0.0,0.0,0.0,0.0,0.0,0.0,0.0,0.0,0.0,0.0,0.0,2.0
SMOTE_000071,attack,boolean,"1""  )   where 7471  =  7471 and 8514  =    (  select count  (  *  )   from domain.domains as t1,domain.columns as t2,domain.tables as t3  )  --",nearest_attack_euclidean,R000020,1.1446768483186733,140.62006766892085,32.66000966698869,4.207118136820299,69.6600096669887,16.0,39.640038667954784,15.320019333977392,0.4955767505941445,0.11384609817447892,0.28173091089529917,0.1088462403360774,0.0,0.6600096669886955,2.0,0.0,1.0,2.0,0.0,4.660009666988696,0.0,0.0,2.0,5.0,0.0,0.6600096669886952,1.0,0.0,0.0,1.0,1.0,0.0,0.0,0.0,0.0,1.0,0.0,1.0,1.0,0.6600096669886956,0.33999033301130466,0.0,0.0,0.0,0.0,0.0,0.0,0.0,0.0,0.0,0.0,0.0,0.0,0.0,0.0,0.0,0.0,0.0,0.0,0.0,0.0,0.0,0.0,0.0,0.0,0.0,0.0,0.0,0.0,0.0,4.0
SMOTE_000072,attack,boolean,"1'  )   where 4297  =  4297 or 2367  =    (  select count  (  *  )   from rdb$fields as t1,rdb$types as t2,rdb$collations as t3,rdb$functions as t4  )  --",nearest_attack_euclidean,R000018,0.8447601103898251,152.5033076050986,34.572373601456746,4.264082159213437,74.93093400364185,15.289494405826975,43.855252797086514,18.427626398543257,0.49125861200518384,0.09987745866289768,0.2878817344170016,0.12098219491491681,1.0,1.1102230246251565e-16,2.0,0.0,1.0,1.7861868007283719,0.0,5.427626398543256,0.21381319927162823,0.0,3.0,4.786186800728371,1.0,0.0,1.0,0.0,0.0,1.0,1.0,0.0,0.0,0.0,0.0,1.0,0.0,0.7861868007283719,1.0,0.0,1.0,0.0,0.0,0.0,0.0,0.0,0.0,0.0,0.0,0.0,0.0,0.0,0.0,0.0,0.0,0.0,0.0,0.0,0.0,0.0,0.0,0.0,0.0,0.0,0.0,0.0,0.0,0.0,0.0,0.0,3.786186800728372
SMOTE_000073,attack,boolean,"1%""  )   or 2367  =    (  select count  (  *  )   from rdb$fields as t1,rdb$types as t2,rdb$collations as t3,rdb$functions as t4  )  --",nearest_attack_euclidean,R000007,1.3778887054044016,135.3025337450447,32.69746625495529,4.2399128257684975,70.39493250991057,11.117736215313,37.0,16.789865019821143,0.5203069712930148,0.08208995562973054,0.273464392779594,0.12413868029766065,0.0,0.6974662549552858,2.0,0.0,1.0,1.3025337450447143,0.0,4.697466254955286,0.6974662549552859,0.0,2.6974662549552857,4.302533745044714,0.0,0.6974662549552857,1.0,0.0,0.0,1.0,1.0,0.0,0.0,0.0,0.0,1.0,0.0,0.3025337450447142,1.0,0.0,1.0,0.0,0.0,0.0,0.0,0.0,0.0,0.0,0.0,0.0,0.0,0.0,0.0,0.0,0.0,0.0,0.0,0.0,0.0,0.0,0.0,0.0,0.0,0.0,0.0,0.0,0.0,0.0,0.0,0.0,3.3025337450447143
SMOTE_000074,attack,boolean," and 1  =    (   if   (    (   load_file  (  char  (  110,46,101,120,11 ...",nearest_attack_euclidean,R000003,2.2091169459589914,78.68590125239515,22.567061731137716,3.38821418319164,18.13412346227543,13.716469134431142,32.83530865568858,14.0,0.23006044520908178,0.17562614659830358,0.41546531994011954,0.17884808825249515,1.1341234622754306,1.1102230246251565e-16,0.0,0.0,0.0,1.2835308655688578,0.0,5.283530865568857,0.0,1.0,3.149407403293427,1.2835308655688578,0.2835308655688576,0.0,0.0,0.0,0.0,1.0,1.0,0.0,0.0,0.0,0.0,0.0,0.0,0.0,0.0,1.2835308655688578,0.0,0.0,0.0,0.0,0.0,0.0,0.0,0.0,0.0,0.0,0.0,0.0,0.0,0.0,0.0,0.0,0.0,0.0,0.0,0.0,0.0,0.7164691344311424,0.7164691344311422,0.0,0.0,0.0,0.0,0.0,0.0,0.0,2.7164691344311422
SMOTE_000075,attack,boolean,"1%""  )   or 2367  =    (  select count  (  *  )   from rdb$fields as t1,rdb$types as t2,rdb$collations as t3,rdb$functions as t4  )  --",nearest_attack_euclidean,R000007,1.2255318349034006,139.47336165310023,33.0,4.1808045687096556,71.0,9.0,40.72780137758353,18.745560275516706,0.5099214574265498,0.06463793122308378,0.29109291029524154,0.13434770105512478,0.37278013775835284,0.6272198622416469,2.0,0.0,1.0,1.0,0.0,5.745560275516706,1.0,0.0,3.0,4.0,0.372780137758353,0.6272198622416469,1.0,0.0,0.0,1.0,1.0,0.0,0.0,0.0,0.0,1.0,0.0,0.0,1.0,0.0,1.0,0.0,0.0,0.0,0.0,0.0,0.0,0.0,0.0,0.0,0.0,0.0,0.0,0.0,0.0,0.0,0.0,0.0,0.0,0.0,0.0,0.0,0.0,0.0,0.0,0.0,0.0,0.0,0.0,0.0,3.0
SMOTE_000076,attack,boolean,"1'   )    )     )   and 8635  =    (  select count  (  *  )   from generate_series  (  1,5000000   )    )   --",nearest_attack_euclidean,R000019,2.8173936092683696,89.86647182930221,27.315529577240294,3.47767999463447,28.42070610298706,8.973294365860443,39.15694178321442,13.315529577240294,0.3259511290616651,0.09283891558933147,0.43200090580668216,0.14920904954232125,0.5525882628733827,1.1102230246251565e-16,2.0,0.0,1.0,1.4474117371266173,0.0,5.868117840113678,0.0,0.5525882628733826,0.5525882628733826,4.894823474253235,0.5525882628733826,0.0,1.0,0.0,0.0,1.0,1.0,0.0,0.0,0.0,0.0,1.0,0.0,0.4474117371266174,1.0,0.5525882628733827,0.4474117371266174,0.0,0.0,0.0,0.0,0.0,0.0,0.0,0.0,0.0,0.0,0.0,0.0,0.0,0.0,0.0,0.0,0.0,0.0,0.0,0.0,0.0,0.0,0.0,0.0,0.0,0.0,0.0,0.0,0.0,3.4474117371266173
SMOTE_000077,attack,boolean,"1""   )    )     )   and   (  3020  =  3020  )  *6703 and    (    (     (  ""fqap"" like ""fqap",nearest_attack_euclidean,R000023,1.8857091388579672,83.62944195351965,18.314720976759823,2.6519878279055233,14.314720976759823,9.577955192705549,46.0,13.736765784054274,0.1624471749035043,0.10525225486489613,0.5646338165250473,0.1676667537065522,0.0,4.0,0.0,0.0,0.736765784054273,1.0,0.0,8.0,0.0,0.0,0.0,1.7367657840542732,0.0,1.0,0.0,0.0,0.0,1.0,1.0,0.0,0.0,0.0,0.0,0.0,0.0,0.0,0.0,1.473531568108546,0.26323421594572716,0.0,0.0,0.0,0.0,0.0,0.0,0.0,0.0,0.0,0.0,0.0,0.0,0.0,0.0,0.0,0.0,0.0,0.0,0.0,0.0,0.0,0.0,0.0,0.0,0.0,0.0,0.0,0.0,0.0,1.7367657840542732
SMOTE_000078,attack,boolean,"1%""  )   or 2367  =    (  select count  (  *  )   from rdb$fields as t1,rdb$types as t2,rdb$collations as t3,rdb$functions as t4  )  --",nearest_attack_euclidean,R000007,0.2779392916840924,136.01451707242475,33.0,4.22602117691824,71.0,9.0,37.8454308936873,18.16908617873746,0.5222962604110779,0.06620656822112256,0.2779337888116941,0.1335633825561054,0.08454308936872978,0.9154569106312702,2.0,0.0,1.0,1.0,0.0,5.16908617873746,1.0,0.0,3.0,4.0,0.08454308936872973,0.9154569106312702,1.0,0.0,0.0,1.0,1.0,0.0,0.0,0.0,0.0,1.0,0.0,0.0,1.0,0.0,1.0,0.0,0.0,0.0,0.0,0.0,0.0,0.0,0.0,0.0,0.0,0.0,0.0,0.0,0.0,0.0,0.0,0.0,0.0,0.0,0.0,0.0,0.0,0.0,0.0,0.0,0.0,0.0,0.0,0.0,3.0
SMOTE_000079,attack,boolean,"1""   )    )    and   (  1248  =  8705  )  *8705 and    (    (   ""wvma"" like ""wvma",nearest_attack_euclidean,R000017,0.4987945792680065,84.9099406524737,22.60900593475263,3.1921952507685827,18.0,13.0,41.127952521978955,12.781988130494739,0.21267413760079684,0.15359798826724216,0.4833518395721469,0.15037603455981408,0.0,4.0,0.0,0.0,1.0,1.0,0.0,6.781988130494738,0.0,0.0,0.0,2.0,0.0,1.0,0.0,0.0,0.0,1.0,1.0,0.0,0.0,0.0,0.0,0.0,0.0,0.0,0.0,2.0,0.0,0.0,0.0,0.0,0.0,0.0,0.0,0.0,0.0,0.0,0.0,0.0,0.0,0.0,0.0,0.0,0.0,0.0,0.0,0.0,0.0,0.0,0.0,0.0,0.0,0.0,0.0,0.0,0.0,0.0,2.0
SMOTE_000080,attack,boolean,"1""   )    )     )   and   (  3020  =  3020  )  *6703 and    (    (     (  ""fqap"" like ""fqap",nearest_attack_euclidean,R000023,2.087580765554841,89.8804735619047,22.746350958730194,3.178114843969312,19.119526438095292,13.0,43.760947123809416,14.0,0.2130405072118365,0.14467455590599884,0.4864815689833966,0.155803367898768,1.4927019174603893,2.5072980825396107,0.0,0.0,0.6268245206349027,1.3731754793650972,0.0,7.253649041269806,0.0,0.3731754793650973,0.3731754793650972,2.0,0.3731754793650973,0.6268245206349027,0.0,0.0,0.0,1.0,1.0,0.0,0.0,0.0,0.0,0.0,0.0,0.0,0.0,2.0,0.0,0.0,0.0,0.0,0.0,0.0,0.0,0.0,0.0,0.0,0.0,0.0,0.0,0.0,0.0,0.0,0.0,0.0,0.0,0.0,0.0,0.0,0.0,0.0,0.0,0.0,0.0,0.0,0.0,0.0,2.0
SMOTE_000081,attack,boolean,"1""   )    )     )   and   (  3020  =  3020  )  *6703 and    (    (     (  ""fqap"" like ""fqap",nearest_attack_euclidean,R000023,0.6731173063473093,92.99163314957002,22.838582378766322,3.0986575819589746,19.467519162841068,13.0,46.31446839203737,14.20964559469158,0.20756192278983782,0.14027060629925972,0.4992009489305874,0.15296652198031505,0.10482279734579025,3.580708810616839,0.2096455946915804,0.0,1.0,1.0,0.0,8.10482279734579,0.0,0.10482279734579025,0.10482279734579025,2.2096455946915805,0.10482279734579025,0.8951772026542097,0.1048227973457902,0.0,0.0,1.0,1.0,0.0,0.0,0.0,0.0,0.10482279734579025,0.0,0.0,0.10482279734579025,1.8951772026542097,0.0,0.0,0.0,0.0,0.0,0.0,0.0,0.0,0.0,0.0,0.0,0.0,0.0,0.0,0.0,0.0,0.0,0.0,0.0,0.0,0.0,0.0,0.0,0.0,0.0,0.0,0.0,0.0,0.0,0.0,2.1048227973457903
SMOTE_000082,attack,boolean,"1'||  (  select 'ersu' where 4123  =  4123 and 8312  =  dbms_pipe.receive_message  (  chr  (  69  )  ||chr  (  79  )  ||chr  (  101  )  ||chr  (  68  )  ,5  )  --",nearest_attack_euclidean,R000006,0.20083382650646908,161.39690475457556,37.758761901830226,4.040265778175079,51.87938095091511,22.788916664101443,56.84922618864389,29.879380950915113,0.32150150699053726,0.14109179665402521,0.35228443190529923,0.1851222644501383,2.9095357131863335,0.12061904908488863,1.9396904754575552,0.0,0.0,2.0,0.0,10.969845237728778,0.0,2.0,1.0,11.879380950915113,0.9698452377287778,0.030154762271222213,0.9698452377287777,0.0,0.0,1.0,1.0,0.0,0.0,0.0,0.9999999999999998,0.9698452377287778,0.0,0.9698452377287778,0.0,1.0301547622712222,0.0,0.0,0.0,0.0,0.0,0.0,0.0,0.0,0.0,0.0,0.0,0.0,0.0,0.0,0.0,0.0,0.0,0.0,0.0,0.0,0.0,0.0,0.0,0.0,0.0,0.0,0.0,0.0,0.0,0.0,2.969845237728778
SMOTE_000083,attack,boolean,"1""  )   where 7471  =  7471 and 8514  =    (  select count  (  *  )   from domain.domains as t1,domain.columns as t2,domain.tables as t3  )  --",nearest_attack_euclidean,R000020,1.023288736763344,150.77668022596862,33.37031810599851,4.14442881241492,74.44381727198206,16.0,43.96254484798804,16.370318105998503,0.4933949451678165,0.1065825139171287,0.2911819897662279,0.1088405511488269,0.0,1.0,2.0,0.0,1.0,2.0,0.0,5.370318105998505,0.0,0.0,2.0,5.0,0.0,1.0,1.0,0.0,0.0,1.0,1.0,0.0,0.0,0.0,0.0,1.0,0.0,1.0,1.0,0.6296818940014948,0.3703181059985051,0.0,0.0,0.0,0.0,0.0,0.0,0.0,0.0,0.0,0.0,0.0,0.0,0.0,0.0,0.0,0.0,0.0,0.0,0.0,0.0,0.0,0.0,0.0,0.0,0.0,0.0,0.0,0.0,0.0,4.0
SMOTE_000084,attack,boolean,"1'  )   and 8407  =    (  select count  (  *  )   from generate_series  (  1,5000000   )    )   ",nearest_attack_euclidean,R000025,0.9583513697063627,94.42314098568225,28.014463116051406,3.569768944691807,29.83181885531309,13.0,39.19710737678972,12.394214753579437,0.31466786204642816,0.13784317793396433,0.41576939035632166,0.13171956966328585,1.591322130369156,1.1102230246251565e-16,0.0,0.0,0.8028926232102813,1.1971073767897187,0.0,6.8028926232102815,0.0,1.0,1.0,2.0,1.0,0.0,0.0,0.0,0.0,1.0,1.0,0.0,0.0,0.0,0.0,0.8028926232102813,0.0,0.0,0.8028926232102813,1.1971073767897187,0.0,0.0,0.0,0.0,0.0,0.0,0.0,0.0,0.0,0.0,0.0,0.0,0.0,0.0,0.0,0.0,0.0,0.0,0.0,0.0,0.0,0.0,0.0,0.0,0.0,0.0,0.0,0.0,0.0,0.0,2.8028926232102815
SMOTE_000085,attack,boolean,"-9688%'   )    )     )   or elt  (  3695  =  7995,7995  )   and    (    (     (  '%'  =  '",nearest_attack_euclidean,R000013,2.5841836375598204,106.10751139596276,25.81493690957013,3.1776791248529372,19.444810728710387,15.576118121158874,51.39105503072901,19.695527515364503,0.16711570090418687,0.15209465699382765,0.49271131994439216,0.18807832215759335,4.84776375768225,1.1102230246251565e-16,0.5761181211588746,0.4238818788411254,0.0,2.0,0.0,8.847763757682252,2.0,0.0,1.0,3.0,1.0,0.0,0.0,0.0,0.0,1.0,1.0,0.0,0.0,0.0,0.0,0.0,0.0,0.0,0.0,1.4238818788411254,0.5761181211588746,0.0,0.0,0.0,0.0,0.0,0.0,0.0,0.0,0.0,0.0,0.0,0.0,0.0,0.0,0.0,0.0,0.0,0.0,0.0,0.0,0.0,0.0,0.0,0.0,0.0,0.0,0.0,0.0,0.0,2.0
SMOTE_000086,attack,boolean,"1'   )    )     )   and 8635  =    (  select count  (  *  )   from generate_series  (  1,5000000   )    )   --",nearest_attack_euclidean,R000019,1.5640548179390816,117.27087021273147,31.885040425522973,3.6286279709872917,36.039372340406366,15.154331914883398,49.26929148936043,16.807874468081273,0.3049544200821031,0.12763471784151723,0.42377899292672894,0.14363186914965073,1.8078744680812742,1.1102230246251565e-16,1.4614170212791504,0.0,1.0,1.2692914893604248,0.0,8.730708510639575,0.0,1.0,1.0,4.269291489360425,1.0,0.0,0.7307085106395753,0.0,0.0,1.0,1.0,0.0,0.0,0.0,0.0,1.2692914893604248,0.0,0.26929148936042463,1.0,1.0,0.0,0.0,0.0,0.0,0.0,0.0,0.0,0.0,0.0,0.0,0.0,0.0,0.0,0.0,0.0,0.0,0.0,0.0,0.0,0.0,0.0,0.0,0.0,0.0,0.0,0.0,0.0,0.0,0.0,0.0,3.538582978720849
SMOTE_000087,attack,boolean,"1""   )    )     )   and   (  3020  =  3020  )  *6703 and    (    (     (  ""fqap"" like ""fqap",nearest_attack_euclidean,R000023,2.8022256441434803,85.80976114603843,22.0,3.1611249761391433,17.6756100716274,13.324389928372598,40.80976114603841,14.0,0.20716554078965596,0.15706851114775194,0.4712731504134401,0.16449279764915198,0.0,2.7024402865096038,0.0,0.0,0.6756100716274009,1.0,0.0,7.026830214882203,0.0,0.32438992837259906,1.2975597134903967,1.6756100716274012,0.0,0.6756100716274009,0.0,0.0,0.0,1.0,1.0,0.0,0.0,0.0,0.0,0.0,0.0,0.0,0.0,1.675610071627401,0.0,0.0,0.0,0.0,0.0,0.0,0.0,0.0,0.0,0.0,0.0,0.0,0.0,0.0,0.0,0.0,0.0,0.0,0.0,0.0,0.0,0.3243899283725991,0.32438992837259906,0.0,0.0,0.0,0.0,0.0,0.0,0.0,2.3243899283725993
SMOTE_000088,attack,boolean,"-4641""  )   where 4212  =  4212 or make_set  (  3595  =  4062,4062  )  --",nearest_attack_euclidean,R000009,2.7473362375819628,100.86897636850604,28.423389249435306,3.8419760174139954,24.905251622458884,24.0,35.309149830698104,16.654574915349052,0.23093938831568725,0.26424315716340485,0.3438850573795887,0.16093239714131916,0.0,1.0,2.596101791760782,0.0,0.0,2.0,0.0,5.827287457674526,0.0,1.403898208239218,1.0,7.019491041196089,0.0,1.0,1.0,0.0,0.0,1.0,1.0,0.0,0.0,0.0,0.40389820823921796,0.0,0.0,1.0,0.0,0.0,1.0,0.0,0.0,0.0,0.0,0.0,0.0,0.0,0.0,0.0,0.0,0.0,0.0,0.0,0.0,0.0,0.0,0.0,0.0,0.0,0.0,0.0,0.0,0.0,0.0,0.0,0.0,0.0,0.0,0.0,2.0
SMOTE_000089,attack,boolean,"1'+  (  select 'wkbg' where 3921  =  3921 and 8407  =    (  select count  (  *  )   from generate_series  (  1,5000000   )    )     )  +'",nearest_attack_euclidean,R000029,1.2719892803599222,137.20364215794737,35.574504894368474,4.001139135428402,52.7019804225261,18.35265194668431,47.35265194668431,18.79635784205264,0.3838781411436872,0.13387479273134753,0.34524125720926596,0.13700580891569933,4.0,1.1102230246251565e-16,0.0,0.0,1.0,2.0,0.0,7.1854313682105575,0.40728431589472114,0.7963578420526394,1.2036421579473606,4.592715684105279,1.0,0.0,0.0,0.0,0.0,1.0,1.0,0.0,0.0,0.0,0.0,1.7963578420526396,0.0,0.7963578420526394,1.0,1.2036421579473606,0.0,0.0,0.0,0.0,0.0,0.0,0.0,0.0,0.0,0.0,0.0,0.0,0.0,0.0,0.0,0.0,0.0,0.0,0.0,0.0,0.0,0.0,0.0,0.0,0.0,0.0,0.0,0.0,0.0,0.0,4.79635784205264
SMOTE_000090,attack,boolean,"1""   )    )     )   and   (  3020  =  3020  )  *6703 and    (    (     (  ""fqap"" like ""fqap",nearest_attack_euclidean,R000023,2.6301221174914016,80.7197996568853,16.859899828442654,2.4939512890455537,12.859899828442657,8.227049840696747,46.0,13.632849987745903,0.14849023034438266,0.09040714110655766,0.5879799783330326,0.17312265021602705,0.0,4.0,0.0,0.0,0.6328499877459037,1.0,0.0,8.0,0.0,0.0,0.0,1.632849987745904,0.0,1.0,0.0,0.0,0.0,1.0,1.0,0.0,0.0,0.0,0.0,0.0,0.0,0.0,0.0,1.2656999754918075,0.3671500122540964,0.0,0.0,0.0,0.0,0.0,0.0,0.0,0.0,0.0,0.0,0.0,0.0,0.0,0.0,0.0,0.0,0.0,0.0,0.0,0.0,0.0,0.0,0.0,0.0,0.0,0.0,0.0,0.0,0.0,1.632849987745904
SMOTE_000091,attack,boolean,"1""  )   where 7471  =  7471 and 8514  =    (  select count  (  *  )   from domain.domains as t1,domain.columns as t2,domain.tables as t3  )  --",nearest_attack_euclidean,R000020,1.6239726635087173,147.40260749403419,33.8004740898244,4.239111873125681,72.4014222694732,16.4002370449122,41.8004740898244,16.800474089824398,0.4911098383413075,0.11128835607655514,0.283714507655503,0.11388729792663435,0.4002370449121997,0.5997629550878004,2.0,0.0,1.0,2.0,0.0,5.0,0.0,0.0,2.4002370449121995,5.0,0.40023704491219964,0.5997629550878003,1.0,0.0,0.0,1.0,1.0,0.0,0.0,0.0,0.0,1.0,0.0,1.0,1.0,0.5997629550878005,0.4002370449121996,0.0,0.0,0.0,0.0,0.0,0.0,0.0,0.0,0.0,0.0,0.0,0.0,0.0,0.0,0.0,0.0,0.0,0.0,0.0,0.0,0.0,0.0,0.0,0.0,0.0,0.0,0.0,0.0,0.0,4.0
SMOTE_000092,attack,boolean,"1'   )    )    and make_set  (  8245  =  9872,9872  )   and    (    (   'kzgt'  =  'kzgt",nearest_attack_euclidean,R000004,1.6590668593679887,83.42258515454373,21.070454498907985,3.0492390916357506,17.887357905089733,10.619744280362735,41.09857956290951,13.816903406181748,0.2065680388532609,0.1206789122768493,0.5050093065213361,0.16774374234855371,3.2676136247269953,0.7323863752730044,0.0,0.0,0.0,1.8169034061817488,0.0,6.366193187636502,0.0,0.8169034061817491,0.816903406181749,1.816903406181749,0.8169034061817488,0.18309659381825116,0.0,0.0,0.0,1.0,1.0,0.0,0.0,0.0,0.0,0.0,0.0,0.0,0.0,1.633806812363498,0.1830965938182512,0.0,0.0,0.0,0.0,0.0,0.0,0.0,0.0,0.0,0.0,0.0,0.0,0.0,0.0,0.0,0.0,0.0,0.0,0.0,0.0,0.0,0.0,0.0,0.0,0.0,0.0,0.0,0.0,0.0,1.8169034061817488
SMOTE_000093,attack,boolean,"1'  )   and make_set  (  4551  =  6487,6487  )   and   (  'jnqa'  =  'jnqa",nearest_attack_euclidean,R000014,0.8135927865917284,80.6330732236627,23.473790944547336,3.5153671818388053,21.0,13.0,33.68549133456803,12.947581889094671,0.26239334494826216,0.1624339754441623,0.4144656493389863,0.16070703026858926,4.0,1.1102230246251565e-16,0.0,0.0,0.0,2.0,0.0,4.947581889094672,0.0,1.0,1.0,2.0,1.0,0.0,0.0,0.0,0.0,1.0,1.0,0.0,0.0,0.0,0.0,0.0,0.0,0.0,0.0,2.0,0.0,0.0,0.0,0.0,0.0,0.0,0.0,0.0,0.0,0.0,0.0,0.0,0.0,0.0,0.0,0.0,0.0,0.0,0.0,0.0,0.0,0.0,0.0,0.0,0.0,0.0,0.0,0.0,0.0,0.0,2.0
SMOTE_000094,attack,boolean,"select dbms_pipe.receive_message  (  chr  (  66  )  ||chr  (  67  )  ||chr  (  79  )  ||chr  (  101  )  ,5  )   from dual and    (    (   ""vfvh""  =  ""vfvh",nearest_attack_euclidean,R000024,1.66331266649031,143.1638207049221,33.01489279135655,3.7705959103722924,52.35052634165674,10.738830406482585,56.53723197839138,23.537231978391382,0.36040824291763485,0.07804850505012378,0.3984692032515862,0.16307404878065518,0.24627680216086167,2.2611695935174154,0.49255360432172307,0.0,0.2462768021608615,1.0,0.0,11.261169593517415,0.0,1.7537231978391388,1.0,6.261169593517415,0.2462768021608615,0.7537231978391384,0.24627680216086154,0.0,0.0,1.0,1.0,0.0,0.0,0.0,0.7537231978391383,1.0,0.0,0.0,1.0,1.0,0.0,0.0,0.0,0.0,0.0,0.0,0.0,0.0,0.0,0.0,0.0,0.0,0.0,0.0,0.0,0.0,0.0,0.0,0.0,0.0,0.0,0.0,0.0,0.0,0.0,0.0,0.0,0.0,0.0,0.0,3.0
SMOTE_000095,attack,boolean,"1%'   )    )     )   or 2367  =    (  select count  (  *  )   from rdb$fields as t1,rdb$types as t2,rdb$collations as t3,rdb$functions as t4  )  --",nearest_attack_euclidean,R000021,0.48923531025883427,147.86679609888745,33.24765602825355,4.111024795399636,71.61914007063388,9.990624113014215,46.50468794349289,19.752343971746445,0.48429503787269956,0.06731250904333874,0.31471197592745587,0.13368047715650583,1.0,1.1102230246251565e-16,2.0,0.0,1.0,1.123828014126777,0.0,6.752343971746447,0.8761719858732232,0.0,3.0,4.123828014126777,1.0,0.0,1.0,0.0,0.0,1.0,1.0,0.0,0.0,0.0,0.0,1.0,0.0,0.12382801412677691,1.0,0.0,1.0,0.0,0.0,0.0,0.0,0.0,0.0,0.0,0.0,0.0,0.0,0.0,0.0,0.0,0.0,0.0,0.0,0.0,0.0,0.0,0.0,0.0,0.0,0.0,0.0,0.0,0.0,0.0,0.0,0.0,3.123828014126777
SMOTE_000096,attack,boolean,"-9688%'   )    )     )   or elt  (  3695  =  7995,7995  )   and    (    (     (  '%'  =  '",nearest_attack_euclidean,R000013,0.3712191350911415,89.84801466049441,22.151985339505586,2.9466776755568365,8.987904706786303,15.772021990741623,47.392058641977655,17.696029320988828,0.10026859928368842,0.17549415967157012,0.527346032080083,0.1968912089646585,4.0,1.1102230246251565e-16,0.9240073302472074,0.0,0.0,2.0,0.0,7.848014660494415,1.8480146604944148,0.07599266975279262,1.0,2.9240073302472074,1.0,0.0,0.0,0.0,0.0,1.0,1.0,0.0,0.0,0.0,0.0,0.0,0.0,0.0,0.0,1.0759926697527926,0.9240073302472074,0.0,0.0,0.0,0.0,0.0,0.0,0.0,0.0,0.0,0.0,0.0,0.0,0.0,0.0,0.0,0.0,0.0,0.0,0.0,0.0,0.0,0.0,0.0,0.0,0.0,0.0,0.0,0.0,0.0,2.0
SMOTE_000097,attack,boolean,"1""   )    )    as gawq where 4728  =  4728 or 7417  =    (  select count  (  *  )   from sysibm.systables as t1,sysibm.systables as t2,sysibm.systables as t3  )  --",nearest_attack_euclidean,R000010,1.0535162253090338,156.6647247535065,33.74705947425885,4.111196758866326,79.2176542168473,14.229416319811916,45.96471369110614,17.252940525741156,0.50655771733403,0.0897465528632814,0.29253123452663,0.11116449527605865,0.0,1.0,2.0,0.0,1.0,1.7470594742588452,0.0,5.747059474258845,0.2529405257411549,0.0,2.2529405257411548,4.747059474258845,0.0,1.0,1.0,0.0,0.0,1.0,1.0,0.0,0.0,0.0,0.0,1.0,0.0,0.7470594742588452,1.0,0.0,1.0,0.0,0.0,0.0,0.0,0.0,0.0,0.0,0.0,0.0,0.0,0.0,0.0,0.0,0.0,0.0,0.0,0.0,0.0,0.0,0.0,0.0,0.0,0.0,0.0,0.0,0.0,0.0,0.0,0.0,3.7470594742588452
SMOTE_000098,attack,boolean,select * from users where id  =  1 +   (  \.  )   or 1  =  1 -- 1,nearest_attack_euclidean,R000001,2.3985297782420725,98.55183964102972,27.531772593792603,3.7576448194630876,43.86622084008338,9.2976588906889,33.18060203913706,12.207357871120376,0.42226516128976616,0.08446704520792797,0.3603752822952653,0.13289251120704063,0.0,1.1102230246251565e-16,2.0,0.0,1.0,2.0,0.0,3.324414722672225,0.0,0.0,0.8829431484481503,5.558528425775925,0.0,0.0,1.0,0.0,0.0,1.0,1.0,0.0,0.0,0.0,0.0,1.0,0.0,1.0,1.0,0.0,1.0,0.0,0.0,0.0,0.0,0.0,0.0,0.0,0.0,0.0,0.0,0.0,0.0,0.0,0.0,0.0,0.0,0.0,0.0,0.0,0.0,0.0,0.0,0.0,0.0,0.0,0.0,0.0,0.0,0.0,4.0
SMOTE_000099,attack,boolean,"1""  )   where 7471  =  7471 and 8514  =    (  select count  (  *  )   from domain.domains as t1,domain.columns as t2,domain.tables as t3  )  --",nearest_attack_euclidean,R000020,1.8011215471100643,147.88286003770574,33.88779273412831,4.244526172908424,72.66337820238493,16.443896367064156,41.88779273412831,16.887792734128315,0.49128430116708954,0.11122293251688688,0.28338738985716166,0.11410537645886193,0.4438963670641569,0.5561036329358431,2.0,0.0,1.0,2.0,0.0,5.0,0.0,0.0,2.443896367064157,5.0,0.44389636706415697,0.556103632935843,1.0,0.0,0.0,1.0,1.0,0.0,0.0,0.0,0.0,1.0,0.0,1.0,1.0,0.5561036329358431,0.4438963670641569,0.0,0.0,0.0,0.0,0.0,0.0,0.0,0.0,0.0,0.0,0.0,0.0,0.0,0.0,0.0,0.0,0.0,0.0,0.0,0.0,0.0,0.0,0.0,0.0,0.0,0.0,0.0,0.0,0.0,4.0
SMOTE_000100,attack,boolean,"1%""  )   or 2367  =    (  select count  (  *  )   from rdb$fields as t1,rdb$types as t2,rdb$collations as t3,rdb$functions as t4  )  --",nearest_attack_euclidean,R000007,1.5834763940422198,146.02520769741108,33.3801795757728,4.174100084719052,75.18197533350076,11.661257030409574,41.56215490927356,17.619820424227203,0.5160694184058905,0.07841205193444412,0.2834669479651183,0.1220515816945471,0.0,1.0,2.0,0.0,1.0,1.3801795757727962,0.0,5.380179575772796,0.6198204242272037,0.0,2.619820424227204,4.380179575772797,0.0,1.0,1.0,0.0,0.0,1.0,1.0,0.0,0.0,0.0,0.0,1.0,0.0,0.3801795757727963,1.0,0.0,1.0,0.0,0.0,0.0,0.0,0.0,0.0,0.0,0.0,0.0,0.0,0.0,0.0,0.0,0.0,0.0,0.0,0.0,0.0,0.0,0.0,0.0,0.0,0.0,0.0,0.0,0.0,0.0,0.0,0.0,3.380179575772796
SMOTE_000101,attack,boolean,"1'  )   and 8407  =    (  select count  (  *  )   from generate_series  (  1,5000000   )    )   ",nearest_attack_euclidean,R000025,2.8296519601499215,116.37293542279326,29.485069891018888,3.817506845558075,52.85800531381215,10.574650544905564,38.029860217962224,14.910419346113324,0.43526831043150527,0.09785011260678002,0.3392453275540034,0.12763624940771134,2.4552096730566615,1.1102230246251565e-16,0.0,0.0,1.0,1.4850698910188873,0.0,5.544790326943339,0.9701397820377743,0.5149301089811128,1.4850698910188873,2.4850698910188873,1.0,0.0,0.0,0.0,0.0,1.0,1.0,0.0,0.0,0.0,0.0,1.0,0.0,0.0,1.0,1.4850698910188873,0.0,0.0,0.0,0.0,0.0,0.0,0.0,0.0,0.0,0.0,0.0,0.0,0.0,0.0,0.0,0.0,0.0,0.0,0.0,0.0,0.0,0.0,0.0,0.0,0.0,0.0,0.0,0.0,0.0,0.0,3.4850698910188873
SMOTE_000102,attack,boolean,"1""   )    )    and   (  1248  =  8705  )  *8705 and    (    (   ""wvma"" like ""wvma",nearest_attack_euclidean,R000017,1.4554702616771202,82.85318736688063,23.26474105241152,3.310437015077026,18.794223157234562,13.0,38.52948210482304,12.529482104823039,0.2265677192946335,0.15711399610417393,0.4652731384047702,0.15104514619642234,1.0589642096460774,2.9410357903539226,0.0,0.0,0.7352589475884806,1.2647410524115195,0.0,6.0,0.0,0.26474105241151935,0.26474105241151946,2.0,0.26474105241151935,0.7352589475884806,0.0,0.0,0.0,1.0,1.0,0.0,0.0,0.0,0.0,0.0,0.0,0.0,0.0,2.0,0.0,0.0,0.0,0.0,0.0,0.0,0.0,0.0,0.0,0.0,0.0,0.0,0.0,0.0,0.0,0.0,0.0,0.0,0.0,0.0,0.0,0.0,0.0,0.0,0.0,0.0,0.0,0.0,0.0,0.0,2.0
SMOTE_000103,attack,boolean,select * from users where id  =  1 +   (  \.  )   or 1  =  1 -- 1,nearest_attack_euclidean,R000001,1.8100551484628837,77.93493255688813,25.724657674251752,3.467775073546942,26.299543565669,6.586986511377629,33.323744805589754,11.724657674251752,0.3467177553011426,0.07782019482685221,0.42402800466116847,0.15143404521083673,0.28744294570862516,1.1102230246251565e-16,2.0,0.0,1.0,1.7125570542913746,0.0,4.0121006199603775,0.0,0.2874429457086254,0.2874429457086254,5.425114108582749,0.2874429457086254,0.0,1.0,0.0,0.0,1.0,1.0,0.0,0.0,0.0,0.0,1.0,0.0,0.7125570542913746,1.0,0.2874429457086255,0.7125570542913746,0.0,0.0,0.0,0.0,0.0,0.0,0.0,0.0,0.0,0.0,0.0,0.0,0.0,0.0,0.0,0.0,0.0,0.0,0.0,0.0,0.0,0.0,0.0,0.0,0.0,0.0,0.0,0.0,0.0,3.712557054291375
SMOTE_000104,attack,boolean,"1""  )   where 7471  =  7471 and 8514  =    (  select count  (  *  )   from domain.domains as t1,domain.columns as t2,domain.tables as t3  )  --",nearest_attack_euclidean,R000020,0.3275469892463747,142.31898712654137,32.90271244664876,4.194525328682821,69.90271244664876,16.0,40.61084978659507,15.805424893297534,0.49124633797886047,0.11244838574533825,0.2852875898444518,0.11101768643134952,0.0,0.9027124466487668,2.0,0.0,1.0,2.0,0.0,4.902712446648767,0.0,0.0,2.0,5.0,0.0,0.9027124466487667,1.0,0.0,0.0,1.0,1.0,0.0,0.0,0.0,0.0,1.0,0.0,1.0,1.0,0.9027124466487668,0.09728755335123318,0.0,0.0,0.0,0.0,0.0,0.0,0.0,0.0,0.0,0.0,0.0,0.0,0.0,0.0,0.0,0.0,0.0,0.0,0.0,0.0,0.0,0.0,0.0,0.0,0.0,0.0,0.0,0.0,0.0,4.0
SMOTE_000105,attack,boolean,"1""   )    )    and   (  1248  =  8705  )  *8705 and    (    (   ""wvma"" like ""wvma",nearest_attack_euclidean,R000017,2.0448644865710945,83.6036375550056,23.371948222143658,3.321952903352009,19.11584466643098,13.0,38.74389644428732,12.74389644428732,0.22832743293922672,0.15574532993615697,0.4637089484984651,0.15221828862615114,1.487792888574638,2.5122071114253623,0.0,0.0,0.6280517778563406,1.3719482221436594,0.0,6.0,0.0,0.3719482221436594,0.3719482221436594,2.0,0.3719482221436594,0.6280517778563405,0.0,0.0,0.0,1.0,1.0,0.0,0.0,0.0,0.0,0.0,0.0,0.0,0.0,2.0,0.0,0.0,0.0,0.0,0.0,0.0,0.0,0.0,0.0,0.0,0.0,0.0,0.0,0.0,0.0,0.0,0.0,0.0,0.0,0.0,0.0,0.0,0.0,0.0,0.0,0.0,0.0,0.0,0.0,0.0,2.0
SMOTE_000106,attack,boolean,"1'+  (  select 'wkbg' where 3921  =  3921 and 8407  =    (  select count  (  *  )   from generate_series  (  1,5000000   )    )     )  +'",nearest_attack_euclidean,R000029,3.056371820211626,137.48931713699764,33.57478004101655,4.0127455728652155,60.700879835933776,14.63887721903075,43.638877219030746,18.510682863002366,0.4411309971482089,0.10664606575321392,0.3175743320722168,0.13464860502636036,4.0,1.1102230246251565e-16,0.0,0.0,1.0,2.0,0.0,6.042731452009461,0.9786342739952695,0.5106828630023652,1.4893171369976348,4.02136572600473,1.0,0.0,0.0,0.0,0.0,1.0,1.0,0.0,0.0,0.0,0.0,1.5106828630023652,0.0,0.5106828630023653,1.0,1.4893171369976348,0.0,0.0,0.0,0.0,0.0,0.0,0.0,0.0,0.0,0.0,0.0,0.0,0.0,0.0,0.0,0.0,0.0,0.0,0.0,0.0,0.0,0.0,0.0,0.0,0.0,0.0,0.0,0.0,0.0,0.0,4.510682863002366
SMOTE_000107,attack,boolean,"1' in boolean mode  )   and 6414  =    (  select count  (  *  )   from rdb$fields as t1,rdb$types as t2,rdb$collations as t3,rdb$functions as t4  )  #",nearest_attack_euclidean,R000008,1.541157617829667,147.0069164300231,31.399077809330254,4.193534080451471,82.20645533468821,9.0,39.40138328600462,16.399077809330254,0.5585373038840133,0.06133025936443418,0.2681447326271491,0.1119877041244034,0.8004610953348726,0.19953890466512758,0.39907780933025483,0.0,1.0,1.0,0.0,5.0,0.19953890466512747,0.0,3.0,2.399077809330255,0.8004610953348725,0.19953890466512744,0.19953890466512744,0.8004610953348724,0.0,1.0,1.0,0.0,0.0,0.0,0.0,1.0,0.0,0.0,1.0,0.8004610953348725,0.19953890466512744,0.0,0.0,0.0,0.0,0.0,0.0,0.0,0.0,0.0,0.0,0.0,0.0,0.0,0.0,0.0,0.0,0.0,0.0,0.0,0.0,0.0,0.0,0.0,0.0,0.0,0.0,0.0,0.0,0.0,3.0
SMOTE_000108,attack,boolean,"1'  )   where 4297  =  4297 or 2367  =    (  select count  (  *  )   from rdb$fields as t1,rdb$types as t2,rdb$collations as t3,rdb$functions as t4  )  --",nearest_attack_euclidean,R000018,0.5521312341716568,151.12983407358183,34.33765401698042,4.274735880318294,74.45452603962099,16.77921800566014,42.55843601132028,17.337654016980427,0.4925913981997519,0.11107084800685135,0.2817728783540252,0.11456487543937148,0.7792180056601415,1.1102230246251565e-16,2.0,0.0,1.0,2.0,0.0,5.0,0.0,0.0,2.779218005660142,5.0,0.7792180056601414,0.0,1.0,0.0,0.0,1.0,1.0,0.0,0.0,0.0,0.0,1.0,0.0,1.0,1.0,0.0,1.0,0.0,0.0,0.0,0.0,0.0,0.0,0.0,0.0,0.0,0.0,0.0,0.0,0.0,0.0,0.0,0.0,0.0,0.0,0.0,0.0,0.0,0.0,0.0,0.0,0.0,0.0,0.0,0.0,0.0,4.0
SMOTE_000109,attack,boolean,"1'  )   and 8407  =    (  select count  (  *  )   from generate_series  (  1,5000000   )    )   ",nearest_attack_euclidean,R000025,3.3266591751151293,123.20683081218674,31.345416449326443,3.729814279316419,44.66524882636279,11.592750130404134,48.38166579730577,18.56716605811404,0.3566859646469732,0.1023549250514319,0.3953986414276293,0.14556046887396556,0.5309167101347114,1.4072498695958655,0.0,0.0,0.5309167101347114,1.0,0.0,9.345416449326443,0.0,1.4690832898652886,1.0,4.345416449326443,0.5309167101347114,0.46908328986528863,0.0,0.0,0.0,1.0,1.0,0.0,0.0,0.0,0.4690832898652885,1.0,0.0,0.0,1.0,1.0,0.0,0.0,0.0,0.0,0.0,0.0,0.0,0.0,0.0,0.0,0.0,0.0,0.0,0.0,0.0,0.0,0.0,0.0,0.0,0.0,0.0,0.0,0.0,0.0,0.0,0.0,0.0,0.0,0.0,0.0,3.0
SMOTE_000110,attack,boolean,"1""   )    )    as gawq where 4728  =  4728 or 7417  =    (  select count  (  *  )   from sysibm.systables as t1,sysibm.systables as t2,sysibm.systables as t3  )  --",nearest_attack_euclidean,R000010,0.602322114892396,159.80623592342886,33.85538744563548,4.092623406358902,80.40926190199025,14.987712119448345,47.264649347625735,17.14461255436452,0.5037492143724136,0.09309327067816923,0.29520763020607976,0.10794988474333744,0.0,1.0,2.0,0.0,1.0,1.855387445635478,0.0,5.855387445635477,0.14461255436452214,0.0,2.1446125543645222,4.855387445635477,0.0,1.0,1.0,0.0,0.0,1.0,1.0,0.0,0.0,0.0,0.0,1.0,0.0,0.855387445635478,1.0,0.0,1.0,0.0,0.0,0.0,0.0,0.0,0.0,0.0,0.0,0.0,0.0,0.0,0.0,0.0,0.0,0.0,0.0,0.0,0.0,0.0,0.0,0.0,0.0,0.0,0.0,0.0,0.0,0.0,0.0,0.0,3.855387445635478
SMOTE_000111,attack,boolean,"1'+  (  select 'wkbg' where 3921  =  3921 and 8407  =    (  select count  (  *  )   from generate_series  (  1,5000000   )    )     )  +'",nearest_attack_euclidean,R000029,0.13936181833654623,136.35214438642856,36.832037433518515,3.980904880437092,46.64008021468253,20.808042781164016,49.976005347645504,18.928016042936505,0.34181421388516026,0.15244239077003785,0.36689485821539525,0.13884853712940667,3.928016042936506,1.1102230246251565e-16,0.04798930470899598,0.0,1.0,1.976005347645502,0.0,8.023994652354498,0.0,1.0,1.0,4.9760053476455015,1.0,0.0,0.023994652354498047,0.0,0.0,1.0,1.0,0.0,0.0,0.0,0.0,1.9760053476455024,0.0,0.976005347645502,1.0,1.0,0.0,0.0,0.0,0.0,0.0,0.0,0.0,0.0,0.0,0.0,0.0,0.0,0.0,0.0,0.0,0.0,0.0,0.0,0.0,0.0,0.0,0.0,0.0,0.0,0.0,0.0,0.0,0.0,0.0,0.0,4.952010695291004
SMOTE_000112,attack,boolean,"-9688%'   )    )     )   or elt  (  3695  =  7995,7995  )   and    (    (     (  '%'  =  '",nearest_attack_euclidean,R000013,1.2697274016504945,99.02445041748797,23.735471234132305,2.9936726605882003,12.68577233215722,15.82645287658677,51.47094246826461,19.04128274047938,0.11623817735166245,0.16525739845172155,0.5238819406967443,0.19462248349987174,3.652905753173539,0.6941884936529219,0.8264528765867696,0.1735471234132305,0.0,2.0,0.0,8.694188493652922,2.0,0.0,1.0,3.0,1.0,0.1735471234132305,0.0,0.0,0.0,1.0,1.0,0.0,0.0,0.0,0.0,0.0,0.0,0.0,0.0,1.1735471234132302,0.8264528765867695,0.0,0.0,0.0,0.0,0.0,0.0,0.0,0.0,0.0,0.0,0.0,0.0,0.0,0.0,0.0,0.0,0.0,0.0,0.0,0.0,0.0,0.0,0.0,0.0,0.0,0.0,0.0,0.0,0.0,2.0
SMOTE_000113,attack,boolean,"select dbms_pipe.receive_message  (  chr  (  66  )  ||chr  (  67  )  ||chr  (  79  )  ||chr  (  101  )  ,5  )   from dual and    (    (   ""vfvh""  =  ""vfvh",nearest_attack_euclidean,R000024,3.354406346184494,126.56624104487393,31.63502077973051,3.744109106787605,46.22911221054476,11.418987532161694,49.54008311892204,19.37805818324543,0.35956947096701375,0.09827256963637455,0.3940587512626105,0.14809920813400124,0.47299584405389794,1.5810124678383066,0.0,0.0,0.47299584405389783,1.0,0.0,9.63502077973051,0.0,1.5270041559461025,1.0,4.635020779730511,0.47299584405389783,0.5270041559461022,0.0,0.0,0.0,1.0,1.0,0.0,0.0,0.0,0.5270041559461022,1.0,0.0,0.0,1.0,1.0,0.0,0.0,0.0,0.0,0.0,0.0,0.0,0.0,0.0,0.0,0.0,0.0,0.0,0.0,0.0,0.0,0.0,0.0,0.0,0.0,0.0,0.0,0.0,0.0,0.0,0.0,0.0,0.0,0.0,0.0,3.0
SMOTE_000114,attack,boolean,"1"" where 3018  =  3018 or 2633  =  dbms_pipe.receive_message  (  chr  (  112  )  ||chr  (  65  )  ||chr  (  65  )  ||chr  (  103  )  ,5  )  --",nearest_attack_euclidean,R000026,0.9268087373493081,145.6416733324815,33.09250199974445,3.9108224688826243,43.00292033286482,23.817916333375926,52.910418333120376,25.910418333120376,0.2946055503666781,0.16409076505650433,0.3635851325862483,0.17771855199056927,0.5462509998722243,0.8179163333759252,2.0,0.0,0.0,2.0,0.0,10.182083666624074,0.0,2.0,1.0,10.364167333248147,0.18208366662407466,0.8179163333759252,1.0,0.0,0.0,1.0,1.0,0.0,0.0,0.0,0.9999999999999998,0.18208366662407488,0.0,1.0,0.0,0.1820836666240746,0.8179163333759252,0.0,0.0,0.0,0.0,0.0,0.0,0.0,0.0,0.0,0.0,0.0,0.0,0.0,0.0,0.0,0.0,0.0,0.0,0.0,0.0,0.0,0.0,0.0,0.0,0.0,0.0,0.0,0.0,0.0,2.1820836666240746
SMOTE_000115,attack,boolean,"1'   )    )     )   and 8635  =    (  select count  (  *  )   from generate_series  (  1,5000000   )    )   --",nearest_attack_euclidean,R000019,1.7316766631861076,104.87627993781109,27.84264418434151,3.375179413735394,28.22462732259764,13.0,48.190991569128066,15.460661046085377,0.26580100374383475,0.12483600008076483,0.46164549007505934,0.14771750610034107,0.7303305230426885,1.0786779078292457,1.4606610460853773,0.0,1.0,1.0,0.0,8.730330523042689,0.0,0.7303305230426886,0.7303305230426886,3.4606610460853773,0.7303305230426885,0.26966947695731147,0.7303305230426886,0.0,0.0,1.0,1.0,0.0,0.0,0.0,0.0,0.7303305230426886,0.0,0.0,0.7303305230426885,1.2696694769573114,0.0,0.0,0.0,0.0,0.0,0.0,0.0,0.0,0.0,0.0,0.0,0.0,0.0,0.0,0.0,0.0,0.0,0.0,0.0,0.0,0.0,0.0,0.0,0.0,0.0,0.0,0.0,0.0,0.0,0.0,2.7303305230426886
SMOTE_000116,attack,boolean,"1'   )    )    and make_set  (  8245  =  9872,9872  )   and    (    (   'kzgt'  =  'kzgt",nearest_attack_euclidean,R000004,4.413200763584141,99.9994524821564,25.47613833163394,3.5093186079899685,29.6664841607188,13.0,43.682209433681635,13.650758887755961,0.29318714990805944,0.1423364685077892,0.42103953724522214,0.14343684433892923,4.0,1.1102230246251565e-16,0.0,0.0,0.0,2.0,0.0,6.476138331633942,0.0,0.5873102780610097,0.5873102780610097,2.0,1.0,0.0,0.0,0.0,0.0,1.0,1.0,0.0,0.0,0.41268972193899034,0.0,0.4126897219389904,0.0,0.0,0.0,1.5873102780610098,0.0,0.0,0.0,0.0,0.0,0.0,0.0,0.0,0.0,0.0,0.0,0.0,0.0,0.0,0.0,0.0,0.0,0.0,0.0,0.0,0.0,0.0,0.0,0.0,0.0,0.0,0.0,0.0,0.41268972193899034,0.41268972193899034,2.825379443877981
SMOTE_000117,attack,boolean,"1'+  (  select 'wkbg' where 3921  =  3921 and 8407  =    (  select count  (  *  )   from generate_series  (  1,5000000   )    )     )  +'",nearest_attack_euclidean,R000029,0.0732943819772483,137.0117342389136,36.917860327604934,3.9933422773930936,47.32855868958027,20.847454894123445,49.847454894123445,18.988265761086417,0.3454173823782693,0.15216623830941114,0.36382707122338054,0.13858930808893902,4.0,1.1102230246251565e-16,0.0,0.0,1.0,2.0,0.0,7.953063044345675,0.023468477827162326,0.988265761086419,1.011734238913581,4.976531522172838,1.0,0.0,0.0,0.0,0.0,1.0,1.0,0.0,0.0,0.0,0.0,1.988265761086419,0.0,0.988265761086419,1.0,1.011734238913581,0.0,0.0,0.0,0.0,0.0,0.0,0.0,0.0,0.0,0.0,0.0,0.0,0.0,0.0,0.0,0.0,0.0,0.0,0.0,0.0,0.0,0.0,0.0,0.0,0.0,0.0,0.0,0.0,0.0,0.0,4.988265761086419
SMOTE_000118,attack,boolean,"1'  )   and 8407  =    (  select count  (  *  )   from generate_series  (  1,5000000   )    )   ",nearest_attack_euclidean,R000025,1.8727590111282002,92.91858641653832,27.074116510336452,3.527523227885599,27.76305632274019,13.0,39.38517669793271,12.77035339586542,0.29685826724122066,0.1401584252586413,0.4248522837069775,0.13813102379316056,2.15553009379813,1.1102230246251565e-16,0.0,0.0,0.6148233020672901,1.38517669793271,0.0,6.61482330206729,0.0,1.0,1.0,2.0,1.0,0.0,0.0,0.0,0.0,1.0,1.0,0.0,0.0,0.0,0.0,0.6148233020672901,0.0,0.0,0.6148233020672901,1.3851766979327098,0.0,0.0,0.0,0.0,0.0,0.0,0.0,0.0,0.0,0.0,0.0,0.0,0.0,0.0,0.0,0.0,0.0,0.0,0.0,0.0,0.0,0.0,0.0,0.0,0.0,0.0,0.0,0.0,0.0,0.0,2.61482330206729
SMOTE_000119,attack,boolean,"call regexp_substring  (  repeat  (  left  (  crypt_key  (  char  (  65  )  ||char  (  69  )  ||char  (  83  )  ,null  )  ,0  )  ,500000000  )  ,null  )   and ""%""  =  """,nearest_attack_euclidean,R000022,3.8125700625083514,165.53912573426072,35.64058284382618,3.950096252985198,56.71883431234763,18.871019976695823,60.53912573426072,29.410145710956545,0.34231395577670337,0.11440716285775744,0.36550588632045033,0.17777299504508887,1.2304371328696382,1.7695628671303618,0.820291421913092,0.0,0.0,1.410145710956546,0.0,12.769562867130361,0.5898542890434539,2.0,2.769562867130362,7.8710199766958215,0.41014571095654606,0.5898542890434539,0.41014571095654606,0.0,0.0,1.0,1.0,0.0,0.0,0.0,0.9999999999999998,0.41014571095654606,0.0,0.4101457109565461,0.0,1.0,0.0,0.0,0.0,0.0,0.0,0.0,0.0,0.0,0.0,0.0,0.0,0.0,0.0,0.0,0.0,0.0,0.0,0.0,0.0,0.0,0.0,1.7695628671303618,0.0,0.0,0.0,0.0,0.0,0.0,0.0,0.0,3.589854289043454
SMOTE_000120,attack,boolean,"1%""  )   or 2367  =    (  select count  (  *  )   from rdb$fields as t1,rdb$types as t2,rdb$collations as t3,rdb$functions as t4  )  --",nearest_attack_euclidean,R000007,0.5684854685638022,135.2663353208564,32.733664679143615,4.221013984942662,71.35511376114185,8.911221559714537,37.0,18.0,0.5274841948455902,0.06589468022940177,0.2735451204040963,0.1330760045209117,0.35511376114185156,0.9112215597145372,1.8224431194290742,0.0,1.0,1.0887784402854628,0.0,4.911221559714537,1.0887784402854628,0.0,2.911221559714537,3.911221559714537,0.08877844028546278,0.9112215597145371,0.9112215597145371,0.0,0.0,1.0,1.0,0.0,0.0,0.0,0.0,1.0,0.0,0.0,1.0,0.17755688057092545,0.9112215597145371,0.0,0.0,0.0,0.0,0.0,0.0,0.0,0.0,0.0,0.0,0.0,0.0,0.0,0.0,0.0,0.0,0.0,0.0,0.0,0.0,0.0,0.0,0.0,0.0,0.0,0.0,0.0,0.0,0.0,3.088778440285463
SMOTE_000121,attack,boolean,"""   )    )    or    (    (   ""x""   )    )     =     (    (   ""x",nearest_attack_euclidean,R000002,3.6945840801569485,73.19346744274021,14.523819163353734,2.2890471081377046,10.93155786106334,5.300603070224909,43.55356781374235,13.407738697709608,0.1349051723441612,0.06023412579801033,0.6177805320886938,0.18708016976913466,1.6309547908384332,2.369045209161567,0.0,0.0,0.0,1.4077386977096082,0.0,7.184522604580783,0.0,0.40773869770960836,0.40773869770960847,1.4077386977096085,0.40773869770960836,0.5922613022903916,0.0,0.0,0.0,1.0,1.0,0.0,0.0,0.0,0.0,0.0,0.0,0.0,0.0,0.8154773954192168,0.5922613022903918,0.0,0.0,0.0,0.0,0.0,0.0,0.0,0.0,0.0,0.0,0.0,0.0,0.0,0.0,0.0,0.0,0.0,0.0,0.0,0.0,0.0,0.0,0.0,0.0,0.0,0.0,0.0,0.0,0.0,1.4077386977096085
SMOTE_000122,attack,boolean,"1'  )   and make_set  (  4551  =  6487,6487  )   and   (  'jnqa'  =  'jnqa",nearest_attack_euclidean,R000014,0.03492651693767291,74.0428045082601,23.0,3.6266509083517113,20.981655210745664,13.0,28.061149297514444,12.0,0.2834073391594456,0.17558283973850827,0.3789333536511154,0.1620764674509307,3.975540280994223,0.024459719005777036,0.0,0.0,0.00611492975144412,1.9938850702485558,0.0,4.012229859502888,0.0,0.9938850702485558,0.9938850702485558,2.0,0.9938850702485558,0.006114929751444231,0.0,0.0,0.0,1.0,1.0,0.0,0.0,0.0,0.0,0.0,0.0,0.0,0.0,2.0,0.0,0.0,0.0,0.0,0.0,0.0,0.0,0.0,0.0,0.0,0.0,0.0,0.0,0.0,0.0,0.0,0.0,0.0,0.0,0.0,0.0,0.0,0.0,0.0,0.0,0.0,0.0,0.0,0.0,0.0,2.0
SMOTE_000123,attack,boolean,"1""   )    )    and   (  1248  =  8705  )  *8705 and    (    (   ""wvma"" like ""wvma",nearest_attack_euclidean,R000017,3.1983963386987133,78.72893491803885,22.621489153006475,3.322022692720434,17.621489153006472,13.378510846993526,34.97191322405179,12.757021693987053,0.22390449265330456,0.17040053081020093,0.4429671513189661,0.16272782521752843,0.0,2.4859566120258947,0.0,0.0,0.6214891530064737,1.0,0.0,5.621489153006474,0.0,0.37851084699352633,1.5140433879741058,1.6214891530064741,0.0,0.6214891530064736,0.0,0.0,0.0,1.0,1.0,0.0,0.0,0.0,0.0,0.0,0.0,0.0,0.0,1.6214891530064737,0.0,0.0,0.0,0.0,0.0,0.0,0.0,0.0,0.0,0.0,0.0,0.0,0.0,0.0,0.0,0.0,0.0,0.0,0.0,0.0,0.0,0.37851084699352633,0.37851084699352633,0.0,0.0,0.0,0.0,0.0,0.0,0.0,2.3785108469935263
SMOTE_000124,attack,boolean,"1%""  )   or 2367  =    (  select count  (  *  )   from rdb$fields as t1,rdb$types as t2,rdb$collations as t3,rdb$functions as t4  )  --",nearest_attack_euclidean,R000007,1.8267623270908713,138.54775672793826,32.52696576960823,4.225765784299823,74.31123961274238,9.0,37.709551345587656,17.526965769608232,0.5355618083968694,0.0650898858986941,0.27232209544299346,0.1270262102614431,0.23651711519588403,0.7634828848041159,1.5269657696082315,0.0,1.0,1.0,0.0,5.0,0.763482884804116,0.0,3.0,3.526965769608232,0.23651711519588414,0.7634828848041157,0.7634828848041157,0.23651711519588417,0.0,1.0,1.0,0.0,0.0,0.0,0.0,1.0,0.0,0.0,1.0,0.23651711519588414,0.7634828848041157,0.0,0.0,0.0,0.0,0.0,0.0,0.0,0.0,0.0,0.0,0.0,0.0,0.0,0.0,0.0,0.0,0.0,0.0,0.0,0.0,0.0,0.0,0.0,0.0,0.0,0.0,0.0,0.0,0.0,3.0
SMOTE_000125,attack,boolean,"1'  )   and make_set  (  4551  =  6487,6487  )   and   (  'jnqa'  =  'jnqa",nearest_attack_euclidean,R000014,0.06756453603928367,74.08280432732937,23.0,3.6246693624072974,20.964512431144556,13.0,28.11829189618481,12.0,0.28305556039886226,0.17549608671083053,0.3794519651572329,0.16199638773307434,3.952683241526075,0.04731675847392458,0.0,0.0,0.011829189618481117,1.9881708103815188,0.0,4.023658379236963,0.0,0.9881708103815189,0.9881708103815189,2.0,0.9881708103815188,0.011829189618481117,0.0,0.0,0.0,1.0,1.0,0.0,0.0,0.0,0.0,0.0,0.0,0.0,0.0,2.0,0.0,0.0,0.0,0.0,0.0,0.0,0.0,0.0,0.0,0.0,0.0,0.0,0.0,0.0,0.0,0.0,0.0,0.0,0.0,0.0,0.0,0.0,0.0,0.0,0.0,0.0,0.0,0.0,0.0,0.0,2.0
SMOTE_000126,attack,boolean," and 1  =    (   if   (    (   load_file  (  char  (  110,46,101,120,11 ...",nearest_attack_euclidean,R000003,1.8864695634971793,76.33951352495109,22.223252254158513,3.364131914300046,17.223252254158513,13.776747745841487,31.786018033268114,13.553495491682973,0.22567443442596213,0.18082352124918458,0.41543472374429236,0.17806732058056096,0.0,0.8930090166340556,0.0,0.0,0.2232522541585139,1.0,0.0,5.223252254158513,0.0,0.7767477458414861,3.106990983365945,1.2232522541585138,0.0,0.22325225415851385,0.0,0.0,0.0,1.0,1.0,0.0,0.0,0.0,0.0,0.0,0.0,0.0,0.0,1.2232522541585138,0.0,0.0,0.0,0.0,0.0,0.0,0.0,0.0,0.0,0.0,0.0,0.0,0.0,0.0,0.0,0.0,0.0,0.0,0.0,0.0,0.0,0.7767477458414862,0.7767477458414861,0.0,0.0,0.0,0.0,0.0,0.0,0.0,2.776747745841486
SMOTE_000127,attack,boolean,"1  )   where 5333  =  5333 or 9643  =    (  select count  (  *  )   from domain.domains as t1,domain.columns as t2,domain.tables as t3  )  --",nearest_attack_euclidean,R000030,0.7888574233033737,129.9650660140191,30.838428001475695,4.0390915488599495,62.466157508300775,14.25764200221354,38.96724900258246,14.274017500922309,0.4719191111514558,0.10593414796375382,0.308872275263431,0.11327446562135943,0.0,1.1102230246251565e-16,2.0,0.0,1.0,2.0,0.0,4.564410500553385,0.0,0.0,1.7096070003689234,5.145196499815539,0.0,0.0,1.0,0.0,0.0,1.0,1.0,0.0,0.0,0.0,0.0,1.0,0.0,1.0,1.0,0.0,1.0,0.0,0.0,0.0,0.0,0.0,0.0,0.0,0.0,0.0,0.0,0.0,0.0,0.0,0.0,0.0,0.0,0.0,0.0,0.0,0.0,0.0,0.0,0.0,0.0,0.0,0.0,0.0,0.0,0.0,4.0
SMOTE_000128,attack,boolean,select * from users where id  =  1 +   (  \.  )   or 1  =  1 -- 1,nearest_attack_euclidean,R000001,0.09610699350447907,66.2675558797542,24.142823197718783,3.471039683250317,24.80338048716816,4.214234796578177,27.17852899714848,10.071411598859392,0.37169665051491285,0.06254016269893264,0.4128258343960733,0.15293735239008127,0.0,1.1102230246251565e-16,2.0,0.0,1.0,2.0,0.0,2.035705799429696,0.0,0.0,0.03570579942969587,5.982147100285152,0.0,0.0,1.0,0.0,0.0,1.0,1.0,0.0,0.0,0.0,0.0,1.0,0.0,1.0,1.0,0.0,1.0,0.0,0.0,0.0,0.0,0.0,0.0,0.0,0.0,0.0,0.0,0.0,0.0,0.0,0.0,0.0,0.0,0.0,0.0,0.0,0.0,0.0,0.0,0.0,0.0,0.0,0.0,0.0,0.0,0.0,4.0
SMOTE_000129,attack,boolean,"1""   )    )    as gawq where 4728  =  4728 or 7417  =    (  select count  (  *  )   from sysibm.systables as t1,sysibm.systables as t2,sysibm.systables as t3  )  --",nearest_attack_euclidean,R000010,1.0744477780552184,160.74594671096776,34.32540532890322,4.14776830635232,80.04756802658065,16.325405328903223,47.047568026580656,17.325405328903223,0.4978869783837453,0.10173548172967392,0.29241565439981815,0.10796188548676262,0.3254053289032246,0.6745946710967755,2.0,0.0,1.0,2.0,0.0,5.674594671096775,0.0,0.0,2.3254053289032246,5.0,0.3254053289032245,0.6745946710967754,1.0,0.0,0.0,1.0,1.0,0.0,0.0,0.0,0.0,1.0,0.0,1.0,1.0,0.0,1.0,0.0,0.0,0.0,0.0,0.0,0.0,0.0,0.0,0.0,0.0,0.0,0.0,0.0,0.0,0.0,0.0,0.0,0.0,0.0,0.0,0.0,0.0,0.0,0.0,0.0,0.0,0.0,0.0,0.0,4.0
SMOTE_000130,attack,boolean,"select count  (  *  )   from domain.domains as t1,domain.columns as t2,domain.tables as t3 and 'qjle'  =  'qjle",nearest_attack_euclidean,R000027,2.474397045505156,104.0649853382493,28.46233431078338,3.9307461533428305,54.04429325788141,7.6233431078338025,30.397348972534083,12.0,0.5077113947008857,0.07713927636587876,0.2992315196294622,0.11591780930377332,2.0753313784332397,1.1102230246251565e-16,0.0,0.0,1.0,1.0,0.0,4.311671553916901,0.0,0.4623343107833803,1.5376656892166196,2.0,1.0,0.0,0.0,0.0,0.0,1.0,1.0,0.0,0.0,0.0,0.0,1.0,0.0,0.0,1.0,1.0,0.0,0.0,0.0,0.0,0.0,0.0,0.0,0.0,0.0,0.0,0.0,0.0,0.0,0.0,0.0,0.0,0.0,0.0,0.0,0.0,0.0,0.0,0.0,0.0,0.0,0.0,0.0,0.0,0.0,0.0,3.0
SMOTE_000131,attack,boolean,"1'   )    )    and make_set  (  8245  =  9872,9872  )   and    (    (   'kzgt'  =  'kzgt",nearest_attack_euclidean,R000004,2.1380056019831457,89.14656823616585,23.23562117588943,3.2605809657380354,19.85343176383415,13.0,42.29313647233171,14.0,0.22302997780443581,0.14586596065557492,0.47401764237244703,0.1570864191675422,2.4712423517788626,1.5287576482211376,0.0,0.0,0.3821894120552844,1.6178105879447156,0.0,6.764378824110569,0.0,0.6178105879447157,0.6178105879447158,2.0,0.6178105879447156,0.38218941205528434,0.0,0.0,0.0,1.0,1.0,0.0,0.0,0.0,0.0,0.0,0.0,0.0,0.0,2.0,0.0,0.0,0.0,0.0,0.0,0.0,0.0,0.0,0.0,0.0,0.0,0.0,0.0,0.0,0.0,0.0,0.0,0.0,0.0,0.0,0.0,0.0,0.0,0.0,0.0,0.0,0.0,0.0,0.0,0.0,2.0
SMOTE_000132,attack,boolean,"1' in boolean mode  )   and 6414  =    (  select count  (  *  )   from rdb$fields as t1,rdb$types as t2,rdb$collations as t3,rdb$functions as t4  )  #",nearest_attack_euclidean,R000008,2.6025062754664914,134.34357016183804,29.79565924321831,4.1905380719574055,80.18263697287324,6.591318486436622,33.175402378237095,14.39421232429108,0.6031947196501354,0.046763101592129194,0.24279684986558814,0.10724532889214736,1.8028938378544597,1.1102230246251565e-16,0.0,0.0,1.0,1.0,0.0,3.7956592432183105,0.0,0.0,2.59855308107277,2.0,1.0,0.0,0.0,0.5985530810727703,0.0,1.0,1.0,0.0,0.0,0.0,0.0,1.0,0.0,0.0,1.0,1.0,0.0,0.0,0.0,0.0,0.0,0.0,0.0,0.0,0.0,0.0,0.0,0.0,0.0,0.0,0.0,0.0,0.0,0.0,0.0,0.0,0.0,0.0,0.0,0.0,0.0,0.0,0.0,0.0,0.0,0.0,3.0
SMOTE_000133,attack,boolean,"-9688%'   )    )     )   or elt  (  3695  =  7995,7995  )   and    (    (     (  '%'  =  '",nearest_attack_euclidean,R000013,0.7817176535221192,95.55597382203078,23.06845650423669,2.961615864135844,10.884832561439062,15.893154349576331,50.13691300847338,18.64107390254201,0.10572669326707895,0.17006950784893404,0.5275145091788049,0.1966892897051821,3.786308699152662,0.427382601694676,0.8931543495763311,0.10684565042366899,0.0,2.0,0.0,8.427382601694676,2.0,0.0,1.0,3.0,1.0,0.106845650423669,0.0,0.0,0.0,1.0,1.0,0.0,0.0,0.0,0.0,0.0,0.0,0.0,0.0,1.1068456504236688,0.893154349576331,0.0,0.0,0.0,0.0,0.0,0.0,0.0,0.0,0.0,0.0,0.0,0.0,0.0,0.0,0.0,0.0,0.0,0.0,0.0,0.0,0.0,0.0,0.0,0.0,0.0,0.0,0.0,0.0,0.0,2.0
SMOTE_000134,attack,boolean,"1"" where 3018  =  3018 or 2633  =  dbms_pipe.receive_message  (  chr  (  112  )  ||chr  (  65  )  ||chr  (  65  )  ||chr  (  103  )  ,5  )  --",nearest_attack_euclidean,R000026,2.61152003018541,142.0,31.075475676784155,3.8876500422132283,44.235835131255456,20.301902707136623,52.0,25.46226216160792,0.3115199657130666,0.14297114582490578,0.36619718309859156,0.17931170536343607,0.0,2.3867864848237668,1.0754756767841556,0.0,0.0,2.0,0.0,10.0,0.0,2.0,1.0,9.075475676784155,0.0,1.0,0.5377378383920777,0.0,0.0,1.0,1.0,0.0,0.0,0.0,0.9999999999999998,0.0,0.0,0.5377378383920779,0.0,0.9245243232158443,0.5377378383920778,0.0,0.0,0.0,0.0,0.0,0.0,0.0,0.0,0.0,0.0,0.0,0.0,0.0,0.0,0.0,0.0,0.0,0.0,0.0,0.0,0.0,0.0,0.0,0.0,0.0,0.0,0.0,0.0,0.0,2.0
SMOTE_000135,attack,boolean,"1%""  )   or 2367  =    (  select count  (  *  )   from rdb$fields as t1,rdb$types as t2,rdb$collations as t3,rdb$functions as t4  )  --",nearest_attack_euclidean,R000007,0.274909979457968,136.00345966146108,33.0,4.226165727680116,71.0,9.0,37.83621638455089,18.167243276910177,0.5223358208131148,0.06621158291997231,0.2778917210602323,0.1335608752066805,0.08362163845508874,0.9163783615449113,2.0,0.0,1.0,1.0,0.0,5.1672432769101775,1.0,0.0,3.0,4.0,0.08362163845508869,0.9163783615449111,1.0,0.0,0.0,1.0,1.0,0.0,0.0,0.0,0.0,1.0,0.0,0.0,1.0,0.0,1.0,0.0,0.0,0.0,0.0,0.0,0.0,0.0,0.0,0.0,0.0,0.0,0.0,0.0,0.0,0.0,0.0,0.0,0.0,0.0,0.0,0.0,0.0,0.0,0.0,0.0,0.0,0.0,0.0,0.0,3.0
SMOTE_000136,attack,boolean,"1  )   where 5333  =  5333 or 9643  =    (  select count  (  *  )   from domain.domains as t1,domain.columns as t2,domain.tables as t3  )  --",nearest_attack_euclidean,R000030,0.41487057870378063,141.2517616147747,32.125880807387354,4.144444202313599,69.12588080738735,16.0,41.0,15.125880807387354,0.4893804316035393,0.11327539622891458,0.2902682028365936,0.10707596933095256,0.0,0.12588080738735352,2.0,0.0,1.0,2.0,0.0,5.0,0.0,0.0,2.0,5.0,0.0,0.12588080738735347,1.0,0.0,0.0,1.0,1.0,0.0,0.0,0.0,0.0,1.0,0.0,1.0,1.0,0.1258808073873534,0.8741191926126465,0.0,0.0,0.0,0.0,0.0,0.0,0.0,0.0,0.0,0.0,0.0,0.0,0.0,0.0,0.0,0.0,0.0,0.0,0.0,0.0,0.0,0.0,0.0,0.0,0.0,0.0,0.0,0.0,0.0,4.0
SMOTE_000137,attack,boolean,"-4641""  )   where 4212  =  4212 or make_set  (  3595  =  4062,4062  )  --",nearest_attack_euclidean,R000009,3.6304301422410568,73.48491048539827,24.5452685438052,3.724970136928351,17.394373397787863,18.66598466061907,25.939641941593067,11.484910485398267,0.2363940228143166,0.2545314751158152,0.3528241410749232,0.15625036099494494,1.9396419415930644,0.5150895146017338,1.5452685438052014,0.0,0.0,2.0,0.0,3.484910485398266,0.0,1.0,1.0,3.5452685438052014,0.48491048539826614,0.5150895146017338,0.5150895146017338,0.0,0.0,1.0,1.0,0.0,0.0,0.0,0.0,0.0,0.0,0.5150895146017338,0.0,0.9698209707965325,0.5150895146017339,0.0,0.0,0.0,0.0,0.0,0.0,0.0,0.0,0.0,0.0,0.0,0.0,0.0,0.0,0.0,0.0,0.0,0.0,0.0,0.0,0.0,0.0,0.0,0.0,0.0,0.0,0.0,0.0,0.0,2.0
SMOTE_000138,attack,boolean,"1' in boolean mode  )   and 6414  =    (  select count  (  *  )   from rdb$fields as t1,rdb$types as t2,rdb$collations as t3,rdb$functions as t4  )  #",nearest_attack_euclidean,R000008,1.0345380796397738,143.77631746310252,30.521255189469425,4.185472112614421,83.0850207578777,8.04251037893885,37.28711274032674,15.361673585959233,0.5811871549139904,0.05473812010047476,0.25717803078227686,0.10689669420325794,1.3191632070203834,1.1102230246251565e-16,0.0,0.0,1.0,1.0,0.0,4.521255189469425,0.0,0.0,2.8404183964898087,2.0,1.0,0.0,0.0,0.8404183964898083,0.0,1.0,1.0,0.0,0.0,0.0,0.0,1.0,0.0,0.0,1.0,1.0,0.0,0.0,0.0,0.0,0.0,0.0,0.0,0.0,0.0,0.0,0.0,0.0,0.0,0.0,0.0,0.0,0.0,0.0,0.0,0.0,0.0,0.0,0.0,0.0,0.0,0.0,0.0,0.0,0.0,0.0,3.0
SMOTE_000139,attack,boolean,"1' in boolean mode  )   and 6414  =    (  select count  (  *  )   from rdb$fields as t1,rdb$types as t2,rdb$collations as t3,rdb$functions as t4  )  #",nearest_attack_euclidean,R000008,0.37277535064284134,147.7574190011551,30.827493769319624,4.183334018813332,84.3099750772785,8.65498753863925,39.022464692811205,15.769991692426167,0.5718988376272426,0.05810398557270218,0.26324762425678533,0.10674955254326986,1.1150041537869166,1.1102230246251565e-16,0.0,0.0,1.0,1.0,0.0,4.827493769319625,0.0,0.0,2.942497923106542,2.0,1.0,0.0,0.0,0.9424979231065416,0.0,1.0,1.0,0.0,0.0,0.0,0.0,1.0,0.0,0.0,1.0,1.0,0.0,0.0,0.0,0.0,0.0,0.0,0.0,0.0,0.0,0.0,0.0,0.0,0.0,0.0,0.0,0.0,0.0,0.0,0.0,0.0,0.0,0.0,0.0,0.0,0.0,0.0,0.0,0.0,0.0,0.0,3.0
SMOTE_000140,attack,boolean,"1'   )    )     )   and 8635  =    (  select count  (  *  )   from generate_series  (  1,5000000   )    )   --",nearest_attack_euclidean,R000019,0.6397919851407178,111.53344783169648,29.943205635863094,3.4855865631527188,32.56794364136906,13.0,49.965504190327415,16.0,0.2917985049725488,0.11685900319760754,0.4475160263558652,0.1438264654739785,1.1703830924107197,1.1102230246251565e-16,1.8864112717261867,0.0,0.9432056358630934,1.0567943641369066,0.0,9.056794364136906,0.0,0.9432056358630936,0.9432056358630935,3.886411271726187,1.0,0.0,0.9432056358630934,0.0,0.0,1.0,1.0,0.0,0.0,0.05679436413690651,0.0,1.0,0.0,0.0,0.9432056358630934,1.0,0.0,0.0,0.0,0.0,0.0,0.0,0.0,0.0,0.0,0.0,0.0,0.0,0.0,0.0,0.0,0.0,0.0,0.0,0.0,0.0,0.0,0.0,0.0,0.0,0.0,0.0,0.0,0.0,0.05679436413690651,0.05679436413690651,3.0567943641369064
SMOTE_000141,attack,boolean,"1""   )    )    and   (  1248  =  8705  )  *8705 and    (    (   ""wvma"" like ""wvma",nearest_attack_euclidean,R000017,1.5106356101226066,86.7784383461657,22.2483271561079,3.1954670017786726,18.744981468323704,13.0,41.530111190057795,13.503345687784199,0.21915376052665195,0.15100687577960292,0.47392811915230726,0.15591124454143784,0.9933086244316014,3.0066913755683986,0.0,0.0,0.7516728438920997,1.2483271561079003,0.0,7.006691375568399,0.0,0.24832715610790035,0.24832715610790035,2.0,0.2483271561079003,0.7516728438920997,0.0,0.0,0.0,1.0,1.0,0.0,0.0,0.0,0.0,0.0,0.0,0.0,0.0,2.0,0.0,0.0,0.0,0.0,0.0,0.0,0.0,0.0,0.0,0.0,0.0,0.0,0.0,0.0,0.0,0.0,0.0,0.0,0.0,0.0,0.0,0.0,0.0,0.0,0.0,0.0,0.0,0.0,0.0,0.0,2.0
SMOTE_000142,attack,boolean,"1%'  )   and 3202  =  like  (  'abcdefg',upper  (  hex  (  randomblob  (  500000000/2   )    )      )    )    and   (  '%'  =  '",nearest_attack_euclidean,R000015,1.7204544463973226,116.77944105704438,29.036402184982766,3.498574702804576,31.072804369965535,14.438972052852218,51.51177642281775,19.755888211408877,0.26367529495374953,0.1257543329997708,0.44228148818591856,0.16828888386056107,5.438972052852218,1.1102230246251565e-16,0.0,0.7194860264261096,0.0,2.0,0.0,8.877944105704438,1.4389720528522192,0.2805139735738904,1.0,2.7194860264261096,1.0,0.0,0.0,0.0,0.0,1.0,1.0,0.0,0.0,0.0,0.0,0.0,0.0,0.0,0.0,2.0,0.0,0.0,0.0,0.0,0.0,0.0,0.0,0.0,0.0,0.0,0.0,0.0,0.0,0.0,0.0,0.0,0.0,0.0,0.0,0.0,0.0,0.0,0.0,0.0,0.0,0.0,0.0,0.0,0.0,0.0,2.0
SMOTE_000143,attack,boolean,"1'||  (  select 'ersu' where 4123  =  4123 and 8312  =  dbms_pipe.receive_message  (  chr  (  69  )  ||chr  (  79  )  ||chr  (  101  )  ||chr  (  68  )  ,5  )  --",nearest_attack_euclidean,R000006,1.9272469287054488,163.24396726953682,37.17068848697546,4.011493479702026,53.65862302604908,21.548704852207056,58.24396726953681,29.792672121743866,0.32848363580996603,0.13228538135134466,0.3566511082929661,0.18257987454572316,2.3780163652315958,0.621983634768404,1.5853442434877305,0.0,0.0,1.7926721217438653,0.0,11.621983634768405,0.20732787825613472,2.0,1.6219836347684042,10.548704852207058,0.7926721217438653,0.20732787825613486,0.7926721217438653,0.0,0.0,1.0,1.0,0.0,0.0,0.0,0.9999999999999998,0.7926721217438651,0.0,0.7926721217438653,0.0,1.0,0.0,0.0,0.0,0.0,0.0,0.0,0.0,0.0,0.0,0.0,0.0,0.0,0.0,0.0,0.0,0.0,0.0,0.0,0.0,0.0,0.0,0.621983634768404,0.0,0.0,0.0,0.0,0.0,0.0,0.0,0.0,3.2073278782561347
SMOTE_000144,attack,boolean,"1%""  )   or 2367  =    (  select count  (  *  )   from rdb$fields as t1,rdb$types as t2,rdb$collations as t3,rdb$functions as t4  )  --",nearest_attack_euclidean,R000007,0.00033904863516021777,135.0023606804976,33.00008140277578,4.239269747408999,71.00089543053357,9.000569819430453,37.00097683330935,17.99991859722422,0.5259238154835909,0.06666918154917041,0.2740760852447313,0.13333091772250738,0.0,1.0,2.0,0.0,1.0,1.0000814027757792,0.0,5.000081402775779,0.9999185972242209,0.0,2.9999185972242213,4.000081402775779,0.0,1.0,1.0,0.0,0.0,1.0,1.0,0.0,0.0,0.0,0.0,1.0,0.0,8.14027757790603e-05,1.0,0.0,1.0,0.0,0.0,0.0,0.0,0.0,0.0,0.0,0.0,0.0,0.0,0.0,0.0,0.0,0.0,0.0,0.0,0.0,0.0,0.0,0.0,0.0,0.0,0.0,0.0,0.0,0.0,0.0,0.0,0.0,3.000081402775779
SMOTE_000145,attack,boolean,"select dbms_pipe.receive_message  (  chr  (  66  )  ||chr  (  67  )  ||chr  (  79  )  ||chr  (  101  )  ,5  )   from dual and    (    (   ""vfvh""  =  ""vfvh",nearest_attack_euclidean,R000024,0.5245268986708856,153.06565600291424,33.844276000485706,3.862413752335668,57.59848400437136,11.090067996600053,58.45496600169997,25.922138000242853,0.3757679180766988,0.0730388655317023,0.38179948143816794,0.169393734953431,0.0,2.8442760004857064,0.15572399951429328,0.0,0.0,1.0778619997571468,0.0,11.844276000485706,0.0,2.0,1.0,7.23358599927144,0.0,1.0,0.07786199975714664,0.0,0.0,1.0,1.0,0.0,0.0,0.0,0.9999999999999998,0.9221380002428534,0.0,0.0778619997571467,0.9221380002428533,0.9221380002428533,0.0778619997571467,0.0,0.0,0.0,0.0,0.0,0.0,0.0,0.0,0.0,0.0,0.0,0.0,0.0,0.0,0.0,0.0,0.0,0.0,0.0,0.0,0.0,0.0,0.0,0.0,0.0,0.0,0.0,0.0,0.0,2.922138000242853
SMOTE_000146,attack,boolean,"1  )   where 5333  =  5333 or 9643  =    (  select count  (  *  )   from domain.domains as t1,domain.columns as t2,domain.tables as t3  )  --",nearest_attack_euclidean,R000030,0.19864594821357334,141.1205470507139,32.06027352535694,4.141064214895951,69.06027352535695,16.0,41.0,15.060273525356944,0.48937067006775137,0.11337951927731874,0.29053501814812926,0.1067147925068006,0.0,0.06027352535694297,2.0,0.0,1.0,2.0,0.0,5.0,0.0,0.0,2.0,5.0,0.0,0.06027352535694297,1.0,0.0,0.0,1.0,1.0,0.0,0.0,0.0,0.0,1.0,0.0,1.0,1.0,0.06027352535694308,0.9397264746430569,0.0,0.0,0.0,0.0,0.0,0.0,0.0,0.0,0.0,0.0,0.0,0.0,0.0,0.0,0.0,0.0,0.0,0.0,0.0,0.0,0.0,0.0,0.0,0.0,0.0,0.0,0.0,0.0,0.0,4.0
SMOTE_000147,attack,boolean,"1""   )    )     )   and   (  3020  =  3020  )  *6703 and    (    (     (  ""fqap"" like ""fqap",nearest_attack_euclidean,R000023,1.8315539282400581,83.8411151724448,18.420557586222404,2.6634848091416625,14.420557586222404,9.676232044349375,46.0,13.744325541873028,0.16346252699149347,0.10633222026757555,0.5629354093960472,0.1672698433448837,0.0,4.0,0.0,0.0,0.7443255418730288,1.0,0.0,8.0,0.0,0.0,0.0,1.7443255418730286,0.0,1.0,0.0,0.0,0.0,1.0,1.0,0.0,0.0,0.0,0.0,0.0,0.0,0.0,0.0,1.488651083746058,0.2556744581269712,0.0,0.0,0.0,0.0,0.0,0.0,0.0,0.0,0.0,0.0,0.0,0.0,0.0,0.0,0.0,0.0,0.0,0.0,0.0,0.0,0.0,0.0,0.0,0.0,0.0,0.0,0.0,0.0,0.0,1.7443255418730292
SMOTE_000148,attack,boolean,"1'   )    )    and make_set  (  8245  =  9872,9872  )   and    (    (   'kzgt'  =  'kzgt",nearest_attack_euclidean,R000004,0.7138754650036512,82.1799038659353,23.584278847566807,3.4889213539937955,21.0,13.0,35.01134617080169,13.168557695133615,0.2574051011694347,0.15934601500965007,0.42288118986381085,0.1603676939571044,4.0,1.1102230246251565e-16,0.0,0.0,0.0,2.0,0.0,5.1685576951336145,0.0,1.0,1.0,2.0,1.0,0.0,0.0,0.0,0.0,1.0,1.0,0.0,0.0,0.0,0.0,0.0,0.0,0.0,0.0,2.0,0.0,0.0,0.0,0.0,0.0,0.0,0.0,0.0,0.0,0.0,0.0,0.0,0.0,0.0,0.0,0.0,0.0,0.0,0.0,0.0,0.0,0.0,0.0,0.0,0.0,0.0,0.0,0.0,0.0,0.0,2.0
SMOTE_000149,attack,boolean,"1"" and 6537  =  dbms_pipe.receive_message  (  chr  (  76  )  ||chr  (  116  )  ||chr  (  117  )  ||chr  (  65  )  ,5  )   and ""kfps""  =  ""kfps",nearest_attack_euclidean,R000011,3.138187191794643,118.10477172934601,26.251728898720945,3.5003780725751206,33.94398337020354,14.594398337020355,49.18879667404071,20.377593348081415,0.2723275495712965,0.12681691813862822,0.43146269910136104,0.16939283318871418,0.0,4.0,0.0,0.0,0.46853388765988196,1.531466112340118,0.0,9.062932224680235,0.0,1.062932224680236,0.531466112340118,5.188796674040708,0.0,1.0,0.0,0.0,0.0,1.0,1.0,0.0,0.0,0.0,0.5314661123401179,0.0,0.0,0.0,0.0,2.0,0.0,0.0,0.0,0.0,0.0,0.0,0.0,0.0,0.0,0.0,0.0,0.0,0.0,0.0,0.0,0.0,0.0,0.0,0.0,0.0,0.0,0.0,0.0,0.0,0.0,0.0,0.0,0.0,0.0,0.0,2.0
SMOTE_000150,attack,boolean,"1'   )    )    and make_set  (  8245  =  9872,9872  )   and    (    (   'kzgt'  =  'kzgt",nearest_attack_euclidean,R000004,3.7541325332872804,104.65100896595655,25.699082547546585,3.372393520351972,28.13614669969566,13.0,48.835229247242246,14.679633019018635,0.2617211115866067,0.12977246876597254,0.4637906283277253,0.14471579131969545,4.0,1.1102230246251565e-16,0.0,0.0,0.0,2.0,0.0,7.359266038037269,0.0,0.6601834904906828,0.6601834904906829,2.0,1.0,0.0,0.0,0.0,0.0,1.0,1.0,0.0,0.0,0.3398165095093172,0.0,0.33981650950931724,0.0,0.0,0.0,1.6601834904906827,0.0,0.0,0.0,0.0,0.0,0.0,0.0,0.0,0.0,0.0,0.0,0.0,0.0,0.0,0.0,0.0,0.0,0.0,0.0,0.0,0.0,0.0,0.0,0.0,0.0,0.0,0.0,0.0,0.3398165095093172,0.3398165095093172,2.6796330190186346
SMOTE_000151,attack,boolean,"1'   )    )     )   and 8635  =    (  select count  (  *  )   from generate_series  (  1,5000000   )    )   --",nearest_attack_euclidean,R000019,0.18428464535950925,110.85668975488593,30.222104751266723,3.510209900591455,32.475938752714406,13.253834001447684,49.03172925018096,16.09518775054288,0.2925639807990866,0.11929560539785854,0.4429006250517913,0.14523978875126356,1.0951877505428813,1.1102230246251565e-16,1.936541499638079,0.0,1.0,1.0317292501809605,0.0,8.96827074981904,0.0,1.0,1.0,4.031729250180961,1.0,0.0,0.9682707498190395,0.0,0.0,1.0,1.0,0.0,0.0,0.0,0.0,1.0317292501809605,0.0,0.03172925018096051,1.0,1.0,0.0,0.0,0.0,0.0,0.0,0.0,0.0,0.0,0.0,0.0,0.0,0.0,0.0,0.0,0.0,0.0,0.0,0.0,0.0,0.0,0.0,0.0,0.0,0.0,0.0,0.0,0.0,0.0,0.0,0.0,3.063458500361921
SMOTE_000152,attack,boolean,"1""   )    )    and   (  1248  =  8705  )  *8705 and    (    (   ""wvma"" like ""wvma",nearest_attack_euclidean,R000017,0.24375774412849147,80.82691647859593,22.971152746432654,3.2850495699974998,17.971152746432658,13.028847253567344,37.76922197146124,12.057694507134688,0.22235043223807707,0.1612488416983058,0.4671414244447268,0.1492593016188903,0.0,3.884610985730622,0.0,0.0,0.9711527464326555,1.0,0.0,5.971152746432655,0.0,0.028847253567344633,0.11538901426937831,1.9711527464326557,0.0,0.9711527464326554,0.0,0.0,0.0,1.0,1.0,0.0,0.0,0.0,0.0,0.0,0.0,0.0,0.0,1.9711527464326557,0.0,0.0,0.0,0.0,0.0,0.0,0.0,0.0,0.0,0.0,0.0,0.0,0.0,0.0,0.0,0.0,0.0,0.0,0.0,0.0,0.0,0.028847253567344508,0.028847253567344414,0.0,0.0,0.0,0.0,0.0,0.0,0.0,2.0288472535673447
SMOTE_000153,attack,boolean,"1%'   )    )     )   or 2367  =    (  select count  (  *  )   from rdb$fields as t1,rdb$types as t2,rdb$collations as t3,rdb$functions as t4  )  --",nearest_attack_euclidean,R000021,1.0546402691287822,144.60646342577013,32.7824057659791,4.116997859814423,70.5648115319582,10.523159638146282,44.82405765979102,18.694434595874615,0.48829373709324614,0.07350171548497261,0.3093553768996641,0.12884917052211714,0.7824057659791025,1.1102230246251565e-16,2.0,0.0,1.0,1.2175942340208974,0.0,6.347217297937307,0.7824057659791025,0.0,2.782405765979102,4.217594234020898,0.7824057659791025,0.0,1.0,0.0,0.0,1.0,1.0,0.0,0.0,0.0,0.0,1.0,0.0,0.21759423402089753,1.0,0.0,1.0,0.0,0.0,0.0,0.0,0.0,0.0,0.0,0.0,0.0,0.0,0.0,0.0,0.0,0.0,0.0,0.0,0.0,0.0,0.0,0.0,0.0,0.0,0.0,0.0,0.0,0.0,0.0,0.0,0.0,3.2175942340208974
SMOTE_000154,attack,boolean,"1%""  )   or 2367  =    (  select count  (  *  )   from rdb$fields as t1,rdb$types as t2,rdb$collations as t3,rdb$functions as t4  )  --",nearest_attack_euclidean,R000007,2.944058682638405,136.37929086532583,31.62070913467416,4.144668927152032,72.83905448710112,8.540236378224721,37.0,18.0,0.5339958510102263,0.06266872212949032,0.2713347417060088,0.13200068515427454,1.839054487101117,0.5402363782247208,1.0804727564494414,0.0,1.0,1.4597636217752792,0.0,4.540236378224721,1.4597636217752794,0.0,2.540236378224721,3.540236378224721,0.45976362177527924,0.5402363782247207,0.5402363782247208,0.0,0.0,1.0,1.0,0.0,0.0,0.0,0.0,1.0,0.0,0.0,1.0,0.9195272435505584,0.5402363782247208,0.0,0.0,0.0,0.0,0.0,0.0,0.0,0.0,0.0,0.0,0.0,0.0,0.0,0.0,0.0,0.0,0.0,0.0,0.0,0.0,0.0,0.0,0.0,0.0,0.0,0.0,0.0,0.0,0.0,3.4597636217752794
SMOTE_000155,attack,boolean,"1"" where 3018  =  3018 or 2633  =  dbms_pipe.receive_message  (  chr  (  112  )  ||chr  (  65  )  ||chr  (  65  )  ||chr  (  103  )  ,5  )  --",nearest_attack_euclidean,R000026,1.7073716976643707,142.0,31.39556019290843,3.8853487653036196,43.115539324820496,21.58224077163372,52.0,25.302219903545787,0.3036305586254964,0.1519876110678431,0.36619718309859156,0.1781846472080689,0.0,1.9066597106373546,1.3955601929084303,0.0,0.0,2.0,0.0,10.0,0.0,2.0,1.0,9.39556019290843,0.0,1.0,0.6977800964542151,0.0,0.0,1.0,1.0,0.0,0.0,0.0,0.9999999999999998,0.0,0.0,0.6977800964542151,0.0,0.6044398070915697,0.6977800964542151,0.0,0.0,0.0,0.0,0.0,0.0,0.0,0.0,0.0,0.0,0.0,0.0,0.0,0.0,0.0,0.0,0.0,0.0,0.0,0.0,0.0,0.0,0.0,0.0,0.0,0.0,0.0,0.0,0.0,2.0
SMOTE_000156,attack,boolean,"call regexp_substring  (  repeat  (  left  (  crypt_key  (  char  (  65  )  ||char  (  69  )  ||char  (  83  )  ,null  )  ,0  )  ,500000000  )  ,null  )   and ""%""  =  """,nearest_attack_euclidean,R000022,1.711818791919093,164.62881585390411,34.0,3.8786260440044003,59.75920113242172,14.555206794530337,62.03680452968689,28.277603397265167,0.36339737318385135,0.08794115985693532,0.37695453626281067,0.17170693069640264,0.0,3.0,0.0,0.0,0.0,1.0,0.0,13.518402264843445,0.7592011324217227,2.0,3.2776033972651684,5.481597735156555,0.0,1.0,0.0,0.0,0.0,1.0,1.0,0.0,0.0,0.0,0.9999999999999998,0.2407988675782773,0.0,0.0,0.2407988675782773,1.0,0.0,0.0,0.0,0.0,0.0,0.0,0.0,0.0,0.0,0.0,0.0,0.0,0.0,0.0,0.0,0.0,0.0,0.0,0.0,0.0,0.0,2.2776033972651684,0.0,0.0,0.0,0.0,0.0,0.0,0.0,0.0,3.759201132421723
SMOTE_000157,attack,boolean,"1'   )    )     )   and 8635  =    (  select count  (  *  )   from generate_series  (  1,5000000   )    )   --",nearest_attack_euclidean,R000019,2.216317037594468,115.312049282555,29.803257433979446,3.4638845495167856,33.96742566020555,13.0,52.34462362234944,16.0,0.2939901291029098,0.11359942663084174,0.45259576533598167,0.13981467893026675,1.590227698061665,1.1102230246251565e-16,1.6065148679588896,0.0,0.8032574339794449,1.196742566020555,0.0,9.196742566020555,0.0,0.8032574339794449,0.8032574339794449,3.60651486795889,1.0,0.0,0.8032574339794449,0.0,0.0,1.0,1.0,0.0,0.0,0.19674256602055504,0.0,1.0,0.0,0.0,0.8032574339794449,1.0,0.0,0.0,0.0,0.0,0.0,0.0,0.0,0.0,0.0,0.0,0.0,0.0,0.0,0.0,0.0,0.0,0.0,0.0,0.0,0.0,0.0,0.0,0.0,0.0,0.0,0.0,0.0,0.0,0.19674256602055504,0.19674256602055504,3.1967425660205553
SMOTE_000158,attack,boolean,"1'  )   and make_set  (  4551  =  6487,6487  )   and   (  'jnqa'  =  'jnqa",nearest_attack_euclidean,R000014,1.1176004722619337,77.18936099909764,22.800664937556398,3.485548024700137,18.408644188233165,13.59800518733081,31.986701248872052,13.196010374661617,0.2449343977399705,0.17609469832946104,0.40926633400027,0.16970456993029848,4.0,1.1102230246251565e-16,0.19933506244360277,0.0,0.0,2.0,0.0,4.797340249774411,0.39867012488720555,0.8006649375563972,1.0,2.1993350624436028,1.0,0.0,0.0,0.0,0.0,1.0,1.0,0.0,0.0,0.0,0.0,0.0,0.0,0.0,0.0,1.8006649375563972,0.19933506244360277,0.0,0.0,0.0,0.0,0.0,0.0,0.0,0.0,0.0,0.0,0.0,0.0,0.0,0.0,0.0,0.0,0.0,0.0,0.0,0.0,0.0,0.0,0.0,0.0,0.0,0.0,0.0,0.0,0.0,2.0
SMOTE_000159,attack,boolean,"1%'   )    )     )   or 2367  =    (  select count  (  *  )   from rdb$fields as t1,rdb$types as t2,rdb$collations as t3,rdb$functions as t4  )  --",nearest_attack_euclidean,R000021,1.3712392177160058,145.22175622273895,32.70362603712316,4.098873782707898,70.40725207424632,11.0746177401379,45.22175622273895,18.518130185615785,0.4848806562985354,0.07671023311601394,0.3111485319763543,0.12726057860909645,0.7036260371231572,1.1102230246251565e-16,2.0,0.0,1.0,1.2963739628768427,0.0,6.407252074246315,0.7036260371231572,0.0,2.7036260371231573,4.296373962876843,0.7036260371231572,0.0,1.0,0.0,0.0,1.0,1.0,0.0,0.0,0.0,0.0,1.0,0.0,0.29637396287684287,1.0,0.0,1.0,0.0,0.0,0.0,0.0,0.0,0.0,0.0,0.0,0.0,0.0,0.0,0.0,0.0,0.0,0.0,0.0,0.0,0.0,0.0,0.0,0.0,0.0,0.0,0.0,0.0,0.0,0.0,0.0,0.0,3.2963739628768427
SMOTE_000160,attack,boolean,"1'  )   where 4297  =  4297 or 2367  =    (  select count  (  *  )   from rdb$fields as t1,rdb$types as t2,rdb$collations as t3,rdb$functions as t4  )  --",nearest_attack_euclidean,R000018,0.21321406578026605,152.89164077530634,34.74422479430146,4.298524463336266,75.40319118670341,16.914741598100488,42.829483196200975,17.744224794301463,0.49315311521732724,0.1106526808937675,0.28020631200500956,0.11598789188389569,0.9147415981004872,1.1102230246251565e-16,2.0,0.0,1.0,2.0,0.0,5.0,0.0,0.0,2.914741598100487,5.0,0.9147415981004872,0.0,1.0,0.0,0.0,1.0,1.0,0.0,0.0,0.0,0.0,1.0,0.0,1.0,1.0,0.0,1.0,0.0,0.0,0.0,0.0,0.0,0.0,0.0,0.0,0.0,0.0,0.0,0.0,0.0,0.0,0.0,0.0,0.0,0.0,0.0,0.0,0.0,0.0,0.0,0.0,0.0,0.0,0.0,0.0,0.0,4.0
SMOTE_000161,attack,boolean,"-9688%'   )    )     )   or elt  (  3695  =  7995,7995  )   and    (    (     (  '%'  =  '",nearest_attack_euclidean,R000013,1.892841506879785,90.27288226364412,22.0,2.949029267369157,10.728822636441208,15.181353209067638,47.45423547271176,16.908470945423517,0.11860939916612401,0.16824855587274498,0.525736610975475,0.18740543398565598,2.908470945423517,1.0915290545764829,0.7271177363558793,0.0,0.2728822636441207,1.7271177363558792,0.0,8.0,1.4542354727117588,0.0,0.7271177363558793,2.727117736355879,0.7271177363558793,0.27288226364412066,0.0,0.0,0.0,1.0,1.0,0.0,0.0,0.0,0.0,0.0,0.0,0.0,0.0,1.2728822636441208,0.7271177363558793,0.0,0.0,0.0,0.0,0.0,0.0,0.0,0.0,0.0,0.0,0.0,0.0,0.0,0.0,0.0,0.0,0.0,0.0,0.0,0.0,0.0,0.0,0.0,0.0,0.0,0.0,0.0,0.0,0.0,2.0
SMOTE_000162,attack,boolean,"1'   )    )     )   and 8635  =    (  select count  (  *  )   from generate_series  (  1,5000000   )    )   --",nearest_attack_euclidean,R000019,1.1696389098910638,117.61998462070443,30.692725874609494,3.5578561784287186,36.67589965361408,12.48045559404288,50.731814686523734,17.731814686523734,0.3068777717848292,0.10896046725357492,0.43465881753855334,0.1495029434230425,0.8268185313476264,0.5195444059571204,1.653637062695253,0.0,0.8268185313476264,1.0,0.0,9.51954440595712,0.0,1.1731814686523736,1.0,4.51954440595712,0.8268185313476264,0.17318146865237352,0.8268185313476264,0.0,0.0,1.0,1.0,0.0,0.0,0.0,0.17318146865237358,1.0,0.0,0.0,1.0,1.0,0.0,0.0,0.0,0.0,0.0,0.0,0.0,0.0,0.0,0.0,0.0,0.0,0.0,0.0,0.0,0.0,0.0,0.0,0.0,0.0,0.0,0.0,0.0,0.0,0.0,0.0,0.0,0.0,0.0,0.0,3.0
SMOTE_000163,attack,boolean,"1'   )    )     )   and 8635  =    (  select count  (  *  )   from generate_series  (  1,5000000   )    )   --",nearest_attack_euclidean,R000019,0.5211626098997838,111.2491179831462,29.953736370994584,3.487219582758144,32.46263629005415,13.0,49.78648169309206,16.0,0.2916335910049952,0.11710427778494355,0.4471337893208999,0.1441283418891613,1.1387908870162458,1.1102230246251565e-16,1.9074727419891695,0.0,0.9537363709945847,1.0462636290054155,0.0,9.046263629005415,0.0,0.9537363709945847,0.9537363709945849,3.9074727419891695,1.0,0.0,0.9537363709945846,0.0,0.0,1.0,1.0,0.0,0.0,0.04626362900541518,0.0,1.0,0.0,0.0,0.9537363709945847,1.0,0.0,0.0,0.0,0.0,0.0,0.0,0.0,0.0,0.0,0.0,0.0,0.0,0.0,0.0,0.0,0.0,0.0,0.0,0.0,0.0,0.0,0.0,0.0,0.0,0.0,0.0,0.0,0.0,0.04626362900541518,0.04626362900541518,3.0462636290054155
SMOTE_000164,attack,boolean,"1'   )    )     )   and 8635  =    (  select count  (  *  )   from generate_series  (  1,5000000   )    )   --",nearest_attack_euclidean,R000019,1.1387125223132244,117.41850483431547,30.674409530392314,3.556178170646054,36.55226433014813,12.494192852205764,50.68602382598079,17.686023825980786,0.30645554436943323,0.1092042887188036,0.43494426705882105,0.1493958998529421,0.8313976174019213,0.5058071477942359,1.6627952348038424,0.0,0.8313976174019213,1.0,0.0,9.505807147794236,0.0,1.168602382598079,1.0,4.505807147794236,0.8313976174019213,0.16860238259807875,0.8313976174019212,0.0,0.0,1.0,1.0,0.0,0.0,0.0,0.16860238259807875,1.0,0.0,0.0,1.0,1.0,0.0,0.0,0.0,0.0,0.0,0.0,0.0,0.0,0.0,0.0,0.0,0.0,0.0,0.0,0.0,0.0,0.0,0.0,0.0,0.0,0.0,0.0,0.0,0.0,0.0,0.0,0.0,0.0,0.0,0.0,3.0
SMOTE_000165,attack,boolean,"1'  )   where 4297  =  4297 or 2367  =    (  select count  (  *  )   from rdb$fields as t1,rdb$types as t2,rdb$collations as t3,rdb$functions as t4  )  --",nearest_attack_euclidean,R000018,0.772216500485373,156.3387210570603,34.76612789429397,4.256036680298187,77.40323263423618,16.76612789429397,44.403232634236176,17.76612789429397,0.49502514354354565,0.10738935056031225,0.2837952494543387,0.11379025644180338,0.7661278942939701,0.2338721057060298,2.0,0.0,1.0,2.0,0.0,5.23387210570603,0.0,0.0,2.7661278942939704,5.0,0.7661278942939702,0.23387210570602984,1.0,0.0,0.0,1.0,1.0,0.0,0.0,0.0,0.0,1.0,0.0,1.0,1.0,0.0,1.0,0.0,0.0,0.0,0.0,0.0,0.0,0.0,0.0,0.0,0.0,0.0,0.0,0.0,0.0,0.0,0.0,0.0,0.0,0.0,0.0,0.0,0.0,0.0,0.0,0.0,0.0,0.0,0.0,0.0,4.0
SMOTE_000166,attack,boolean,"1'   )    )    and make_set  (  8245  =  9872,9872  )   and    (    (   'kzgt'  =  'kzgt",nearest_attack_euclidean,R000004,2.386219131840856,91.92625426030708,26.45390891269192,3.499659975791198,26.39859960792222,13.0,39.509218217461616,13.018436434923231,0.2851119112252257,0.14168545154072065,0.4308429252751349,0.14235971195891875,2.5276546523848493,1.1102230246251565e-16,0.0,0.0,0.4907817825383836,1.5092182174616164,0.0,6.490781782538384,0.0,1.0,1.0,2.0,1.0,0.0,0.0,0.0,0.0,1.0,1.0,0.0,0.0,0.0,0.0,0.4907817825383836,0.0,0.0,0.4907817825383836,1.5092182174616164,0.0,0.0,0.0,0.0,0.0,0.0,0.0,0.0,0.0,0.0,0.0,0.0,0.0,0.0,0.0,0.0,0.0,0.0,0.0,0.0,0.0,0.0,0.0,0.0,0.0,0.0,0.0,0.0,0.0,0.0,2.4907817825383836
SMOTE_000167,attack,boolean,"1"" and 6537  =  dbms_pipe.receive_message  (  chr  (  76  )  ||chr  (  116  )  ||chr  (  117  )  ||chr  (  65  )  ,5  )   and ""kfps""  =  ""kfps",nearest_attack_euclidean,R000011,0.8233021834156559,144.34154284900063,30.780514283000212,3.8886428956413974,50.14641427825058,14.829228575499682,53.36589999525037,26.0,0.34682626535392136,0.10336042491937739,0.3694986999806804,0.18031460974602084,0.0,3.804871429249947,0.0,0.0,0.0,1.804871429249947,0.0,10.390257141500106,0.0,2.0,1.0,7.804871429249947,0.0,1.0,0.0,0.0,0.0,1.0,1.0,0.0,0.0,0.0,0.9999999999999998,0.19512857075005285,0.0,0.0,0.19512857075005285,1.804871429249947,0.0,0.0,0.0,0.0,0.0,0.0,0.0,0.0,0.0,0.0,0.0,0.0,0.0,0.0,0.0,0.0,0.0,0.0,0.0,0.0,0.0,0.0,0.0,0.0,0.0,0.0,0.0,0.0,0.0,0.0,2.195128570750053
SMOTE_000168,attack,boolean,"1  )   where 5333  =  5333 or 9643  =    (  select count  (  *  )   from domain.domains as t1,domain.columns as t2,domain.tables as t3  )  --",nearest_attack_euclidean,R000030,0.17841792651170463,142.62242376073436,32.14108032702038,4.133012023872965,69.91702212563247,16.0,41.56432130808152,15.14108032702038,0.4901121293990446,0.1123525869152504,0.291344487556192,0.10619079612951297,0.0,0.07054016351019021,2.0,0.0,1.0,2.0,0.0,5.07054016351019,0.0,0.0,2.0,5.0,0.0,0.0705401635101901,1.0,0.0,0.0,1.0,1.0,0.0,0.0,0.0,0.0,1.0,0.0,1.0,1.0,0.0,1.0,0.0,0.0,0.0,0.0,0.0,0.0,0.0,0.0,0.0,0.0,0.0,0.0,0.0,0.0,0.0,0.0,0.0,0.0,0.0,0.0,0.0,0.0,0.0,0.0,0.0,0.0,0.0,0.0,0.0,4.0
SMOTE_000169,attack,boolean," and 1  =    (   if   (    (   load_file  (  char  (  110,46,101,120,11 ...",nearest_attack_euclidean,R000003,0.41347083564307796,75.68987414799996,22.106134484307685,3.3878274604419736,17.21226896861537,13.946932757846158,30.53067242153843,14.0,0.22730186547426567,0.18460026041916097,0.4028945768447551,0.18520329726181828,0.2122689686153718,1.1102230246251565e-16,0.0,0.0,0.0,1.053067242153843,0.0,5.053067242153842,0.0,1.0,3.8407982735384714,1.0530672421538432,0.0530672421538429,0.0,0.0,0.0,0.0,1.0,1.0,0.0,0.0,0.0,0.0,0.0,0.0,0.0,0.0,1.053067242153843,0.0,0.0,0.0,0.0,0.0,0.0,0.0,0.0,0.0,0.0,0.0,0.0,0.0,0.0,0.0,0.0,0.0,0.0,0.0,0.0,0.0,0.9469327578461572,0.9469327578461569,0.0,0.0,0.0,0.0,0.0,0.0,0.0,2.9469327578461573
SMOTE_000170,attack,boolean,"1'   )    )     )   and 8635  =    (  select count  (  *  )   from generate_series  (  1,5000000   )    )   --",nearest_attack_euclidean,R000019,1.6223639786968391,102.79585380695983,28.261068160300646,3.4416309762964934,28.52213632060129,13.0,46.26739282332959,15.006324663028941,0.2738459790621131,0.1286929181267702,0.4513374157155133,0.1461236870956034,0.7515811657572351,0.9936753369710594,1.5031623315144702,0.0,1.0,1.0,0.0,8.254743497271706,0.0,0.7515811657572352,0.7515811657572352,3.5031623315144707,0.7515811657572352,0.2484188342427648,0.7515811657572351,0.0,0.0,1.0,1.0,0.0,0.0,0.0,0.0,0.7515811657572352,0.0,0.0,0.7515811657572352,1.2484188342427647,0.0,0.0,0.0,0.0,0.0,0.0,0.0,0.0,0.0,0.0,0.0,0.0,0.0,0.0,0.0,0.0,0.0,0.0,0.0,0.0,0.0,0.0,0.0,0.0,0.0,0.0,0.0,0.0,0.0,0.0,2.7515811657572353
SMOTE_000171,attack,boolean,"1'   )    )    and make_set  (  8245  =  9872,9872  )   and    (    (   'kzgt'  =  'kzgt",nearest_attack_euclidean,R000004,1.2325521452685324,88.50463415958065,23.495365840419353,3.2685185282572276,17.71987796272579,13.756951239370972,42.01853663832259,15.009268319161295,0.20085251810210555,0.15530952840784054,0.4744249820440861,0.16941297144596779,4.0,1.1102230246251565e-16,0.2523170797903237,0.0,0.0,2.0,0.0,6.504634159580648,0.5046341595806474,0.7476829202096762,1.0,2.2523170797903234,1.0,0.0,0.0,0.0,0.0,1.0,1.0,0.0,0.0,0.0,0.0,0.0,0.0,0.0,0.0,1.7476829202096762,0.2523170797903239,0.0,0.0,0.0,0.0,0.0,0.0,0.0,0.0,0.0,0.0,0.0,0.0,0.0,0.0,0.0,0.0,0.0,0.0,0.0,0.0,0.0,0.0,0.0,0.0,0.0,0.0,0.0,0.0,0.0,2.0
SMOTE_000172,attack,boolean,"1""   )    )     )   and   (  3020  =  3020  )  *6703 and    (    (     (  ""fqap"" like ""fqap",nearest_attack_euclidean,R000023,1.3152223345439444,87.3599237048092,22.214122135011223,3.1757493998368242,18.642366405033673,13.0,42.145801569797975,13.571755729977554,0.2162127585642261,0.149884317172183,0.47827612896204225,0.15562679530154866,0.8564885400448956,3.143511459955105,0.0,0.0,0.7858778649887762,1.214122135011224,0.0,7.143511459955104,0.0,0.2141221350112238,0.21412213501122368,2.0,0.21412213501122374,0.7858778649887761,0.0,0.0,0.0,1.0,1.0,0.0,0.0,0.0,0.0,0.0,0.0,0.0,0.0,2.0,0.0,0.0,0.0,0.0,0.0,0.0,0.0,0.0,0.0,0.0,0.0,0.0,0.0,0.0,0.0,0.0,0.0,0.0,0.0,0.0,0.0,0.0,0.0,0.0,0.0,0.0,0.0,0.0,0.0,0.0,2.0
SMOTE_000173,attack,boolean,"call regexp_substring  (  repeat  (  left  (  crypt_key  (  char  (  65  )  ||char  (  69  )  ||char  (  83  )  ,null  )  ,0  )  ,500000000  )  ,null  )   and ""%""  =  """,nearest_attack_euclidean,R000022,1.538348878051433,162.5956663034264,33.16856404668099,3.8865766197252265,57.50569214004297,16.0,60.71355112837272,28.376423035010742,0.3531696974061717,0.09886273219086088,0.37317025538442117,0.1747973150185462,0.0,3.2078589883297526,0.0,0.0,0.0,1.2078589883297526,0.0,13.16856404668099,0.7921410116702473,2.0,3.376423035010742,5.623576964989258,0.0,1.0,0.0,0.0,0.0,1.0,1.0,0.0,0.0,0.0,0.9999999999999998,0.0,0.0,0.0,0.0,1.2078589883297526,0.0,0.0,0.0,0.0,0.0,0.0,0.0,0.0,0.0,0.0,0.0,0.0,0.0,0.0,0.0,0.0,0.0,0.0,0.0,0.0,0.0,2.376423035010742,0.0,0.0,0.0,0.0,0.0,0.0,0.0,0.0,3.584282023340495
SMOTE_000174,attack,boolean,"1'  )   and make_set  (  4551  =  6487,6487  )   and   (  'jnqa'  =  'jnqa",nearest_attack_euclidean,R000014,0.0200752992641112,74.05556142034007,22.99673168115647,3.62688736180937,20.990195043469402,13.0,28.058829739183594,12.006536637687066,0.28350276854612333,0.17556841424644776,0.37879383441194897,0.16213498279547997,3.986926724625868,0.013073275374131832,0.0,0.0,0.003268318843532958,1.9967316811564668,0.0,4.013073275374133,0.0,0.996731681156467,0.996731681156467,2.0,0.996731681156467,0.003268318843533069,0.0,0.0,0.0,1.0,1.0,0.0,0.0,0.0,0.0,0.0,0.0,0.0,0.0,2.0,0.0,0.0,0.0,0.0,0.0,0.0,0.0,0.0,0.0,0.0,0.0,0.0,0.0,0.0,0.0,0.0,0.0,0.0,0.0,0.0,0.0,0.0,0.0,0.0,0.0,0.0,0.0,0.0,0.0,0.0,2.0
SMOTE_000175,attack,boolean,"1'  )   where 4297  =  4297 or 2367  =    (  select count  (  *  )   from rdb$fields as t1,rdb$types as t2,rdb$collations as t3,rdb$functions as t4  )  --",nearest_attack_euclidean,R000018,0.8930932275999947,147.9302198449525,33.98836997415875,4.28916809256846,73.63952993970375,16.66278999138625,40.9767399483175,16.651159965545,0.4981756542445563,0.11283689463852607,0.2768056960804019,0.1121817550365157,0.6627899913862498,1.1102230246251565e-16,2.0,0.0,1.0,2.0,0.0,4.66278999138625,0.0,0.0,2.6627899913862496,5.0,0.6627899913862498,0.0,1.0,0.0,0.0,1.0,1.0,0.0,0.0,0.0,0.0,1.0,0.0,1.0,1.0,0.0,1.0,0.0,0.0,0.0,0.0,0.0,0.0,0.0,0.0,0.0,0.0,0.0,0.0,0.0,0.0,0.0,0.0,0.0,0.0,0.0,0.0,0.0,0.0,0.0,0.0,0.0,0.0,0.0,0.0,0.0,4.0
SMOTE_000176,attack,boolean,"1' in boolean mode  )   and 6414  =    (  select count  (  *  )   from rdb$fields as t1,rdb$types as t2,rdb$collations as t3,rdb$functions as t4  )  #",nearest_attack_euclidean,R000008,3.1583499929519396,143.8661656907918,31.817844574561093,4.20550119671994,79.27508797807235,9.0,38.77323313815836,16.817844574561093,0.5500068697774592,0.06272614858187031,0.2696957206465226,0.1175712609941479,0.5910777127194539,0.40892228728054625,0.8178445745610924,0.0,1.0,1.0,0.0,5.0,0.40892228728054625,0.0,3.0,2.8178445745610925,0.5910777127194538,0.4089222872805462,0.4089222872805462,0.5910777127194536,0.0,1.0,1.0,0.0,0.0,0.0,0.0,1.0,0.0,0.0,1.0,0.5910777127194538,0.4089222872805462,0.0,0.0,0.0,0.0,0.0,0.0,0.0,0.0,0.0,0.0,0.0,0.0,0.0,0.0,0.0,0.0,0.0,0.0,0.0,0.0,0.0,0.0,0.0,0.0,0.0,0.0,0.0,0.0,0.0,3.0
SMOTE_000177,attack,boolean,"1%""   )    )    and 3202  =  like  (  'abcdefg',upper  (  hex  (  randomblob  (  500000000/2   )    )      )    )    and    (    (   ""%""  =  """,nearest_attack_euclidean,R000016,0.4883906353950717,138.61606973449761,31.3364842616662,3.368403516340028,33.87202324483254,14.86729685233324,66.54026537566565,23.3364842616662,0.24324909921519922,0.1081036300119065,0.48063960233699754,0.16800766843589673,1.8672968523332403,4.0,0.0,0.9336484261666202,0.0663515738333798,1.93364842616662,0.0,11.73459370466648,1.86729685233324,0.0,0.9336484261666201,2.93364842616662,0.9336484261666201,1.0,0.0,0.0,0.0,1.0,1.0,0.0,0.0,0.0,0.0,0.0,0.0,0.0,0.0,2.0,0.0,0.0,0.0,0.0,0.0,0.0,0.0,0.0,0.0,0.0,0.0,0.0,0.0,0.0,0.0,0.0,0.0,0.0,0.0,0.0,0.0,0.0,0.0,0.0,0.0,0.0,0.0,0.0,0.0,0.0,2.0
SMOTE_000178,attack,boolean,"1'  )   and make_set  (  4551  =  6487,6487  )   and   (  'jnqa'  =  'jnqa",nearest_attack_euclidean,R000014,0.24441864388187812,75.99270051162617,23.14233575083044,3.5947026271845886,21.0,13.0,29.70802900996528,12.284671501660881,0.2773576918390434,0.17169761875750306,0.3892196763531785,0.16172501305027506,4.0,1.1102230246251565e-16,0.0,0.0,0.0,2.0,0.0,4.28467150166088,0.0,1.0,1.0,2.0,1.0,0.0,0.0,0.0,0.0,1.0,1.0,0.0,0.0,0.0,0.0,0.0,0.0,0.0,0.0,2.0,0.0,0.0,0.0,0.0,0.0,0.0,0.0,0.0,0.0,0.0,0.0,0.0,0.0,0.0,0.0,0.0,0.0,0.0,0.0,0.0,0.0,0.0,0.0,0.0,0.0,0.0,0.0,0.0,0.0,0.0,2.0
SMOTE_000179,attack,boolean,"select dbms_pipe.receive_message  (  chr  (  66  )  ||chr  (  67  )  ||chr  (  79  )  ||chr  (  101  )  ,5  )   from dual and    (    (   ""vfvh""  =  ""vfvh",nearest_attack_euclidean,R000024,1.6307553489796716,140.66299054389214,32.850257805507944,3.804093028974983,52.79139214974288,10.689845316695235,54.40103122203176,22.780721855422236,0.37166923356133447,0.08114219922430635,0.38843630723101036,0.15875225998334883,0.22994843889841166,2.3101546833047646,0.0,0.0,0.2299484388984117,1.0,0.0,10.85025780550794,0.0,1.7700515611015883,1.0,5.850257805507941,0.2299484388984117,0.7700515611015882,0.0,0.0,0.0,1.0,1.0,0.0,0.0,0.0,0.7700515611015881,1.0,0.0,0.0,1.0,1.0,0.0,0.0,0.0,0.0,0.0,0.0,0.0,0.0,0.0,0.0,0.0,0.0,0.0,0.0,0.0,0.0,0.0,0.0,0.0,0.0,0.0,0.0,0.0,0.0,0.0,0.0,0.0,0.0,0.0,0.0,3.0
SMOTE_000180,attack,boolean,"1  )   where 5333  =  5333 or 9643  =    (  select count  (  *  )   from domain.domains as t1,domain.columns as t2,domain.tables as t3  )  --",nearest_attack_euclidean,R000030,0.06408291409239693,140.91471144109954,32.014214759816745,4.139399320641349,69.02842951963349,15.900496681282785,40.94314096073302,15.042644279450235,0.4898814537868376,0.11280980556886158,0.29054266910314025,0.1067660715411605,0.0,0.014214759816745137,2.0,0.0,1.0,1.985785240183255,0.0,5.0,0.014214759816745026,0.0,2.014214759816745,4.9857852401832545,0.0,0.01421475981674497,1.0,0.0,0.0,1.0,1.0,0.0,0.0,0.0,0.0,1.0,0.0,0.9857852401832552,1.0,0.0,1.0,0.0,0.0,0.0,0.0,0.0,0.0,0.0,0.0,0.0,0.0,0.0,0.0,0.0,0.0,0.0,0.0,0.0,0.0,0.0,0.0,0.0,0.0,0.0,0.0,0.0,0.0,0.0,0.0,0.0,3.985785240183255
SMOTE_000181,attack,boolean,"-9688%'   )    )     )   or elt  (  3695  =  7995,7995  )   and    (    (     (  '%'  =  '",nearest_attack_euclidean,R000013,0.1817411544963636,89.48135477349192,22.032415326656754,2.933556330457341,8.421399246537817,15.902754020029736,47.3516934668649,17.805508040059472,0.0952064705706408,0.17770963745147228,0.5283104178513858,0.19877347412650118,4.0,1.1102230246251565e-16,0.967584673343245,0.0,0.0,2.0,0.0,7.870338693372981,1.9351693466864899,0.03241532665675495,1.0,2.967584673343245,1.0,0.0,0.0,0.0,0.0,1.0,1.0,0.0,0.0,0.0,0.0,0.0,0.0,0.0,0.0,1.032415326656755,0.967584673343245,0.0,0.0,0.0,0.0,0.0,0.0,0.0,0.0,0.0,0.0,0.0,0.0,0.0,0.0,0.0,0.0,0.0,0.0,0.0,0.0,0.0,0.0,0.0,0.0,0.0,0.0,0.0,0.0,0.0,2.0
SMOTE_000182,attack,boolean,"1'+  (  select 'wkbg' where 3921  =  3921 and 8407  =    (  select count  (  *  )   from generate_series  (  1,5000000   )    )     )  +'",nearest_attack_euclidean,R000029,2.179573127576918,144.7858313282057,37.31143325312823,4.00903048303925,48.557166265641136,21.622866506256457,52.180032771897594,22.42576578441051,0.3361898578880404,0.14976255985693498,0.36088009927636683,0.1531674829786578,3.688566746871772,1.1102230246251565e-16,0.6228665062564556,0.0,0.6885667468717722,2.0,0.0,8.934299759384682,0.0,1.3114332531282278,1.0,7.180032771897595,1.0,0.0,0.3114332531282278,0.0,0.0,1.0,1.0,0.0,0.0,0.0,0.3114332531282278,1.6885667468717722,0.0,1.0,0.6885667468717722,1.0,0.0,0.0,0.0,0.0,0.0,0.0,0.0,0.0,0.0,0.0,0.0,0.0,0.0,0.0,0.0,0.0,0.0,0.0,0.0,0.0,0.0,0.0,0.0,0.0,0.0,0.0,0.0,0.0,0.0,0.0,4.377133493743544
SMOTE_000183,attack,boolean,"1%'  )   and 3202  =  like  (  'abcdefg',upper  (  hex  (  randomblob  (  500000000/2   )    )      )    )    and   (  '%'  =  '",nearest_attack_euclidean,R000015,0.44347029534447246,129.45259574665434,31.10375683904674,3.525542248506229,35.0,15.0,57.24508206856086,22.207513678093477,0.27064035810228315,0.11598872490097849,0.4417927565450675,0.17157816045167087,5.584972643813048,0.41502735618695274,0.0,1.0,0.0,2.0,0.0,10.207513678093477,2.0,0.0,1.0,3.0,1.0,0.10375683904673816,0.0,0.0,0.0,1.0,1.0,0.0,0.0,0.0,0.0,0.0,0.0,0.0,0.0,2.0,0.0,0.0,0.0,0.0,0.0,0.0,0.0,0.0,0.0,0.0,0.0,0.0,0.0,0.0,0.0,0.0,0.0,0.0,0.0,0.0,0.0,0.0,0.0,0.0,0.0,0.0,0.0,0.0,0.0,0.0,2.0
SMOTE_000184,attack,boolean,"select dbms_pipe.receive_message  (  chr  (  66  )  ||chr  (  67  )  ||chr  (  79  )  ||chr  (  101  )  ,5  )   from dual and   (  'qomf' like 'qomf",nearest_attack_euclidean,R000012,2.0652693996866125,138.4745366164359,33.746649554794196,3.913149304880408,55.22922723972403,10.752010267123481,50.49865982191768,21.99463928767072,0.3918937238724628,0.08025504627579337,0.3698771674573455,0.15797406239439832,2.4986598219176797,1.1102230246251565e-16,0.5013401780823206,0.0,0.2506700890411602,0.2506700890411604,0.0,10.49865982191768,0.0,1.7493299109588398,1.0,5.49865982191768,1.0,0.0,0.2506700890411602,0.0,0.0,0.2506700890411603,1.0,0.0,0.0,0.0,0.7493299109588396,1.0,0.0,0.0,1.0,1.0,0.0,0.0,0.0,0.0,0.0,0.0,0.0,0.0,0.0,0.0,0.0,0.0,0.0,0.0,0.0,0.0,0.0,0.0,0.0,0.0,0.0,0.0,0.0,0.0,0.0,0.0,0.0,0.0,0.0,0.0,3.0
SMOTE_000185,attack,boolean,"1'   )    )    and make_set  (  8245  =  9872,9872  )   and    (    (   'kzgt'  =  'kzgt",nearest_attack_euclidean,R000004,2.4309432698871403,97.3178305006374,26.54122650017384,3.43387829617444,25.6589152503187,13.0,43.81183975026076,14.847075500057946,0.26077583693333267,0.1352136573855076,0.4506951113633729,0.15331539431778674,2.7293867499130817,1.1102230246251565e-16,0.8470755000579457,0.0,0.42353775002897287,1.576462249971027,0.0,7.270613250086918,0.0,1.0,1.0,2.8470755000579455,1.0,0.0,0.4235377500289729,0.0,0.0,1.0,1.0,0.0,0.0,0.0,0.0,0.423537750028973,0.0,0.0,0.42353775002897287,1.5764622499710272,0.0,0.0,0.0,0.0,0.0,0.0,0.0,0.0,0.0,0.0,0.0,0.0,0.0,0.0,0.0,0.0,0.0,0.0,0.0,0.0,0.0,0.0,0.0,0.0,0.0,0.0,0.0,0.0,0.0,0.0,2.4235377500289728
SMOTE_000186,attack,boolean,"1""   )    )     )   and   (  3020  =  3020  )  *6703 and    (    (     (  ""fqap"" like ""fqap",nearest_attack_euclidean,R000023,1.082703073283794,88.00345585055993,22.17626730290824,3.1539278517994025,18.52880190872472,13.0,42.827188547651694,13.647465394183522,0.21295794006294483,0.14864197712247118,0.48308808861160485,0.15531199420297914,0.7050692116329573,3.2949307883670427,0.0,0.0,0.8237326970917607,1.1762673029082393,0.0,7.294930788367043,0.0,0.17626730290823933,0.17626730290823933,2.0,0.17626730290823928,0.8237326970917607,0.0,0.0,0.0,1.0,1.0,0.0,0.0,0.0,0.0,0.0,0.0,0.0,0.0,2.0,0.0,0.0,0.0,0.0,0.0,0.0,0.0,0.0,0.0,0.0,0.0,0.0,0.0,0.0,0.0,0.0,0.0,0.0,0.0,0.0,0.0,0.0,0.0,0.0,0.0,0.0,0.0,0.0,0.0,0.0,2.0
SMOTE_000187,attack,boolean,"1 where 3902  =  3902 or 9643  =    (  select count  (  *  )   from domain.domains as t1,domain.columns as t2,domain.tables as t3  )  --",nearest_attack_euclidean,R000005,0.7938594406591885,137.65053722535953,32.23579103219422,4.229129025545148,69.23579103219421,16.0,37.94316412877687,14.471582064388436,0.5031458510812734,0.11628915078127558,0.2755142145297898,0.10505078360766115,0.0,0.2357910321942185,2.0,0.0,1.0,2.0,0.0,4.235791032194219,0.0,0.0,2.0,5.0,0.0,0.23579103219421835,1.0,0.0,0.0,1.0,1.0,0.0,0.0,0.0,0.0,1.0,0.0,1.0,1.0,0.2357910321942185,0.7642089678057816,0.0,0.0,0.0,0.0,0.0,0.0,0.0,0.0,0.0,0.0,0.0,0.0,0.0,0.0,0.0,0.0,0.0,0.0,0.0,0.0,0.0,0.0,0.0,0.0,0.0,0.0,0.0,0.0,0.0,4.0
SMOTE_000188,attack,boolean,"1'||  (  select 'ersu' where 4123  =  4123 and 8312  =  dbms_pipe.receive_message  (  chr  (  69  )  ||chr  (  79  )  ||chr  (  101  )  ||chr  (  68  )  ,5  )  --",nearest_attack_euclidean,R000006,0.16094946852768802,161.8142773228337,37.90713866141685,4.040500632872711,52.16250734252051,22.698200649604765,57.046430669291574,29.90713866141685,0.322430005158769,0.1401867936031264,0.35257768001538053,0.184805521222724,2.930353996062639,0.06964600393736153,1.9535693307084254,0.0,0.0,1.976784665354213,0.0,11.023215334645787,0.0,2.0,1.0,11.883923326771065,0.9767846653542128,0.023215334645787178,0.9767846653542128,0.0,0.0,1.0,1.0,0.0,0.0,0.0,0.9999999999999998,1.0,0.0,0.9767846653542129,0.023215334645787122,1.0,0.0,0.0,0.0,0.0,0.0,0.0,0.0,0.0,0.0,0.0,0.0,0.0,0.0,0.0,0.0,0.0,0.0,0.0,0.0,0.0,0.0,0.0,0.0,0.0,0.0,0.0,0.0,0.0,0.0,0.0,3.0
SMOTE_000189,attack,boolean,"call regexp_substring  (  repeat  (  left  (  crypt_key  (  char  (  65  )  ||char  (  69  )  ||char  (  83  )  ,null  )  ,0  )  ,500000000  )  ,null  )   and ""%""  =  """,nearest_attack_euclidean,R000022,1.574481568726388,166.98372984342996,34.67751343771335,3.911451999278997,58.64497312457329,17.185648515998366,61.98372984342997,29.169378359428336,0.3510189482040901,0.10315436776869659,0.37107920464286254,0.1747474793843508,0.5081350782850151,2.491864921714985,0.3387567188566766,0.0,0.0,1.1693783594283382,0.0,13.491864921714985,0.8306216405716618,2.0,3.4918649217149853,6.185648515998368,0.1693783594283383,0.8306216405716617,0.16937835942833832,0.0,0.0,1.0,1.0,0.0,0.0,0.0,0.9999999999999998,0.16937835942833834,0.0,0.16937835942833834,0.0,1.0,0.0,0.0,0.0,0.0,0.0,0.0,0.0,0.0,0.0,0.0,0.0,0.0,0.0,0.0,0.0,0.0,0.0,0.0,0.0,0.0,0.0,2.491864921714985,0.0,0.0,0.0,0.0,0.0,0.0,0.0,0.0,3.8306216405716618
SMOTE_000190,attack,boolean,"1""   )    )     )   and   (  3020  =  3020  )  *6703 and    (    (     (  ""fqap"" like ""fqap",nearest_attack_euclidean,R000023,0.7610959232523783,89.59030994141669,22.0,3.0818703892614154,17.91189437133854,13.088105628661458,44.59030994141669,14.0,0.20034531997748087,0.14671700849374,0.4961998457675826,0.15673782576119655,0.0,3.647577485354172,0.0,0.0,0.911894371338543,1.0,0.0,7.735683114015629,0.0,0.08810562866145688,0.35242251464582774,1.9118943713385432,0.0,0.911894371338543,0.0,0.0,0.0,1.0,1.0,0.0,0.0,0.0,0.0,0.0,0.0,0.0,0.0,1.9118943713385432,0.0,0.0,0.0,0.0,0.0,0.0,0.0,0.0,0.0,0.0,0.0,0.0,0.0,0.0,0.0,0.0,0.0,0.0,0.0,0.0,0.0,0.08810562866145691,0.08810562866145685,0.0,0.0,0.0,0.0,0.0,0.0,0.0,2.0881056286614568
SMOTE_000191,attack,boolean,"1""   )    )    as gawq where 4728  =  4728 or 7417  =    (  select count  (  *  )   from sysibm.systables as t1,sysibm.systables as t2,sysibm.systables as t3  )  --",nearest_attack_euclidean,R000010,0.5931796863542759,158.6059858650871,33.53095529261627,4.0842759698105695,78.95120940200574,16.0,47.12382117046508,16.53095529261627,0.4975050813437035,0.10129321164844346,0.29690422783977705,0.10429747916807591,0.0,0.7654776463081345,2.0,0.0,1.0,2.0,0.0,5.765477646308135,0.0,0.0,2.0,5.0,0.0,0.7654776463081345,1.0,0.0,0.0,1.0,1.0,0.0,0.0,0.0,0.0,1.0,0.0,1.0,1.0,0.0,1.0,0.0,0.0,0.0,0.0,0.0,0.0,0.0,0.0,0.0,0.0,0.0,0.0,0.0,0.0,0.0,0.0,0.0,0.0,0.0,0.0,0.0,0.0,0.0,0.0,0.0,0.0,0.0,0.0,0.0,4.0
SMOTE_000192,attack,boolean,"1""  )   where 7471  =  7471 and 8514  =    (  select count  (  *  )   from domain.domains as t1,domain.columns as t2,domain.tables as t3  )  --",nearest_attack_euclidean,R000020,0.04913862356096302,143.37343845236276,33.017782783445845,4.187314243232635,70.21339340135015,16.0,41.142262267566764,16.017782783445845,0.48969702220397743,0.11163333552627477,0.28692787513709594,0.11174176713265188,0.0,1.0,2.0,0.0,1.0,2.0,0.0,5.0177827834458455,0.0,0.0,2.0,5.0,0.0,1.0,1.0,0.0,0.0,1.0,1.0,0.0,0.0,0.0,0.0,1.0,0.0,1.0,1.0,0.9822172165541547,0.01778278344584533,0.0,0.0,0.0,0.0,0.0,0.0,0.0,0.0,0.0,0.0,0.0,0.0,0.0,0.0,0.0,0.0,0.0,0.0,0.0,0.0,0.0,0.0,0.0,0.0,0.0,0.0,0.0,0.0,0.0,4.0
SMOTE_000193,attack,boolean,"1%' and 3707  =    (  select count  (  *  )   from sysibm.systables as t1,sysibm.systables as t2,sysibm.systables as t3  )   and '%'  =  '",nearest_attack_euclidean,R000028,2.7549605942120556,136.70930154879795,31.290698451202047,4.122031289174124,73.2790687317306,8.430232817067349,37.0,18.0,0.5359266703606536,0.06171216942377405,0.2706793259632032,0.13168183425236912,2.279068731730603,0.4302328170673494,0.8604656341346985,0.0,1.0,1.5697671829326507,0.0,4.430232817067349,1.569767182932651,0.0,2.430232817067349,3.430232817067349,0.5697671829326507,0.43023281706734917,0.4302328170673492,0.0,0.0,1.0,1.0,0.0,0.0,0.0,0.0,1.0,0.0,0.0,1.0,1.1395343658653014,0.4302328170673493,0.0,0.0,0.0,0.0,0.0,0.0,0.0,0.0,0.0,0.0,0.0,0.0,0.0,0.0,0.0,0.0,0.0,0.0,0.0,0.0,0.0,0.0,0.0,0.0,0.0,0.0,0.0,0.0,0.0,3.569767182932651
SMOTE_000194,attack,boolean,"select dbms_pipe.receive_message  (  chr  (  66  )  ||chr  (  67  )  ||chr  (  79  )  ||chr  (  101  )  ,5  )   from dual and    (    (   ""vfvh""  =  ""vfvh",nearest_attack_euclidean,R000024,3.102215357620824,160.10937283826757,34.0,3.871065058687519,59.43638377416197,12.618302644971813,60.74553509664788,27.309151322485906,0.3717822396321567,0.0781588156672458,0.3795748070279061,0.17048413767269144,0.0,3.0,0.0,0.0,0.0,1.0,0.0,12.872767548323939,0.43638377416196883,2.0,2.3091513224859064,6.127232451676063,0.0,1.0,0.0,0.0,0.0,1.0,1.0,0.0,0.0,0.0,0.9999999999999998,0.5636162258380312,0.0,0.0,0.5636162258380311,1.0,0.0,0.0,0.0,0.0,0.0,0.0,0.0,0.0,0.0,0.0,0.0,0.0,0.0,0.0,0.0,0.0,0.0,0.0,0.0,0.0,0.0,1.3091513224859064,0.0,0.0,0.0,0.0,0.0,0.0,0.0,0.0,3.436383774161969
SMOTE_000195,attack,boolean,"1'  )   and 8407  =    (  select count  (  *  )   from generate_series  (  1,5000000   )    )   ",nearest_attack_euclidean,R000025,2.5019350635107576,114.87648099282512,32.68321580347807,3.788454651288402,38.906029631521385,16.68321580347807,44.064421729782346,15.222813828043314,0.3378141311477835,0.14364313140413384,0.387241615521512,0.13130112192657062,2.3812059263042773,1.1102230246251565e-16,0.0,0.0,1.0,1.460401975434759,0.0,7.460401975434759,0.0,1.0,1.0,3.3812059263042773,1.0,0.0,0.0,0.0,0.0,1.0,1.0,0.0,0.0,0.0,0.0,1.4604019754347592,0.0,0.4604019754347591,1.0,1.0,0.0,0.0,0.0,0.0,0.0,0.0,0.0,0.0,0.0,0.0,0.0,0.0,0.0,0.0,0.0,0.0,0.0,0.0,0.0,0.0,0.0,0.0,0.0,0.0,0.0,0.0,0.0,0.0,0.0,0.0,3.920803950869518
SMOTE_000196,attack,boolean,"1""   )    )    and   (  1248  =  8705  )  *8705 and    (    (   ""wvma"" like ""wvma",nearest_attack_euclidean,R000017,0.9393819605540973,79.84873195452937,23.0,3.339031807755384,18.493400590915982,13.0,36.35533136361339,12.0,0.23234705917295062,0.16299073817002305,0.45420921357700506,0.15045298908002128,0.6578674545546456,3.342132545445355,0.0,0.0,0.8355331363613387,1.1644668636386615,0.0,5.671066272722678,0.0,0.1644668636386613,0.16446686363866125,2.0,0.1644668636386613,0.8355331363613385,0.0,0.0,0.0,1.0,1.0,0.0,0.0,0.0,0.0,0.0,0.0,0.0,0.0,2.0,0.0,0.0,0.0,0.0,0.0,0.0,0.0,0.0,0.0,0.0,0.0,0.0,0.0,0.0,0.0,0.0,0.0,0.0,0.0,0.0,0.0,0.0,0.0,0.0,0.0,0.0,0.0,0.0,0.0,0.0,2.0
SMOTE_000197,attack,boolean,"call regexp_substring  (  repeat  (  left  (  crypt_key  (  char  (  65  )  ||char  (  69  )  ||char  (  83  )  ,null  )  ,0  )  ,500000000  )  ,null  )   and ""%""  =  """,nearest_attack_euclidean,R000022,0.30661151561290356,167.159486613503,33.935345124115614,3.868315669778442,59.19181405144519,15.967672562057809,63.16163718971096,28.838362810289038,0.3535653740707836,0.09557416182971426,0.3783579557017418,0.17250250839776038,0.06465487588438434,3.0323274379421923,0.0,0.03232743794219217,0.0,1.0323274379421923,0.0,13.935345124115617,1.0323274379421923,1.9353451241156159,3.903017686173424,4.935345124115615,0.03232743794219217,1.0,0.0,0.0,0.0,1.0,1.0,0.0,0.0,0.0,0.9676725620578077,0.0,0.0,0.0,0.0,1.0323274379421923,0.0,0.0,0.0,0.0,0.0,0.0,0.0,0.0,0.0,0.0,0.0,0.0,0.0,0.0,0.0,0.0,0.0,0.0,0.0,0.0,0.0,2.903017686173423,0.0,0.0,0.0,0.0,0.0,0.0,0.0,0.0,3.935345124115616
SMOTE_000198,attack,boolean,"1'||  (  select 'ersu' where 4123  =  4123 and 8312  =  dbms_pipe.receive_message  (  chr  (  69  )  ||chr  (  79  )  ||chr  (  101  )  ||chr  (  68  )  ,5  )  --",nearest_attack_euclidean,R000006,1.980101277088101,154.21966547595616,35.66589964278685,3.9810622664366715,47.72081601177589,23.389016726202193,55.05491636898904,28.05491636898904,0.3084398186905744,0.1524938447095185,0.35743242564974453,0.18163391095016257,1.8329498213934234,0.3890167262021922,2.0,0.0,0.0,2.0,0.0,10.610983273797808,0.0,2.0,1.0,11.221966547595617,0.6109832737978078,0.38901672620219213,1.0,0.0,0.0,1.0,1.0,0.0,0.0,0.0,0.9999999999999998,0.6109832737978078,0.0,1.0,0.0,0.6109832737978078,0.38901672620219213,0.0,0.0,0.0,0.0,0.0,0.0,0.0,0.0,0.0,0.0,0.0,0.0,0.0,0.0,0.0,0.0,0.0,0.0,0.0,0.0,0.0,0.0,0.0,0.0,0.0,0.0,0.0,0.0,0.0,2.6109832737978076
SMOTE_000199,attack,boolean,"1'  )   and 8407  =    (  select count  (  *  )   from generate_series  (  1,5000000   )    )   ",nearest_attack_euclidean,R000025,0.43909554481367125,97.81279829967013,29.129485592833582,3.598551772056727,32.0,13.0,40.294855928335814,12.517942371334325,0.3278400051525147,0.1331850020932091,0.4113264238099529,0.12764856894432325,1.0,1.1102230246251565e-16,0.2589711856671627,0.0,1.0,1.0,0.0,7.258971185667162,0.0,1.0,1.0,2.258971185667163,1.0,0.0,0.1294855928335814,0.0,0.0,1.0,1.0,0.0,0.0,0.0,0.0,1.0,0.0,0.0,1.0,1.0,0.0,0.0,0.0,0.0,0.0,0.0,0.0,0.0,0.0,0.0,0.0,0.0,0.0,0.0,0.0,0.0,0.0,0.0,0.0,0.0,0.0,0.0,0.0,0.0,0.0,0.0,0.0,0.0,0.0,0.0,3.0
SMOTE_000200,attack,boolean,"1""   )    )     )   and   (  3020  =  3020  )  *6703 and    (    (     (  ""fqap"" like ""fqap",nearest_attack_euclidean,R000023,1.60738626470091,92.3725927035384,23.921629784953762,3.2065224099928407,21.843259569907524,13.0,44.078370215046235,13.45096291858464,0.23500800734865995,0.14081459419116307,0.47825004867289844,0.14592734978727845,0.2745185407076802,2.901925837169279,0.0,0.0,1.0,1.0,0.0,7.72548145929232,0.0,0.27451854070768034,0.27451854070768045,2.0,0.27451854070768034,0.7254814592923197,0.0,0.0,0.0,1.0,1.0,0.0,0.0,0.0,0.0,0.2745185407076804,0.0,0.0,0.27451854070768034,1.7254814592923196,0.0,0.0,0.0,0.0,0.0,0.0,0.0,0.0,0.0,0.0,0.0,0.0,0.0,0.0,0.0,0.0,0.0,0.0,0.0,0.0,0.0,0.0,0.0,0.0,0.0,0.0,0.0,0.0,0.0,0.0,2.2745185407076804
SMOTE_000201,attack,boolean,"select dbms_pipe.receive_message  (  chr  (  66  )  ||chr  (  67  )  ||chr  (  79  )  ||chr  (  101  )  ,5  )   from dual and    (    (   ""vfvh""  =  ""vfvh",nearest_attack_euclidean,R000024,0.356032651948939,154.41083290229815,34.20541645114908,3.870289513464452,58.64052121048911,10.667603466234509,58.89729177442546,26.205416451149077,0.3799262916939126,0.06889139829954836,0.3815112951750012,0.16967101483153785,0.1540623383618096,2.84593766163819,0.10270822557453962,0.0,0.0,1.0513541127872699,0.0,11.94864588721273,0.0,2.0,1.0,7.25677056393635,0.05135411278726987,0.9486458872127301,0.05135411278726987,0.0,0.0,1.0,1.0,0.0,0.0,0.0,0.9999999999999998,1.0,0.0,0.05135411278726987,0.9486458872127301,1.0,0.0,0.0,0.0,0.0,0.0,0.0,0.0,0.0,0.0,0.0,0.0,0.0,0.0,0.0,0.0,0.0,0.0,0.0,0.0,0.0,0.0,0.0,0.0,0.0,0.0,0.0,0.0,0.0,0.0,0.0,3.0
SMOTE_000202,attack,boolean,"select count  (  *  )   from domain.domains as t1,domain.columns as t2,domain.tables as t3 and 'qjle'  =  'qjle",nearest_attack_euclidean,R000027,1.951180896332912,122.35655521956642,28.841226312560476,4.13174685042172,73.84122631256048,5.103065781401188,28.88858418792333,14.523678937681426,0.6096323011924445,0.040042475262882404,0.23282622240563142,0.11749900113904174,3.420613156280238,1.1102230246251565e-16,0.0,0.0,1.0,1.4206131562802378,0.0,2.841226312560475,0.8412263125604753,0.0,2.0,2.420613156280238,1.0,0.0,0.0,0.0,0.0,1.0,1.0,0.0,0.0,0.0,0.0,1.0,0.0,0.0,1.0,1.4206131562802375,0.0,0.0,0.0,0.0,0.0,0.0,0.0,0.0,0.0,0.0,0.0,0.0,0.0,0.0,0.0,0.0,0.0,0.0,0.0,0.0,0.0,0.0,0.0,0.0,0.0,0.0,0.0,0.0,0.0,0.0,3.4206131562802375
SMOTE_000203,attack,boolean,"1'  )   where 4297  =  4297 or 2367  =    (  select count  (  *  )   from rdb$fields as t1,rdb$types as t2,rdb$collations as t3,rdb$functions as t4  )  --",nearest_attack_euclidean,R000018,0.10061084156167764,153.47699062938926,34.87930552985907,4.306428079314556,75.71837956967116,16.959768509953022,42.919537019906045,17.879305529859064,0.4933397423733892,0.11051374734425475,0.27968582960310356,0.1164606806792525,0.9597685099530214,1.1102230246251565e-16,2.0,0.0,1.0,2.0,0.0,5.0,0.0,0.0,2.9597685099530215,5.0,0.9597685099530214,0.0,1.0,0.0,0.0,1.0,1.0,0.0,0.0,0.0,0.0,1.0,0.0,1.0,1.0,0.0,1.0,0.0,0.0,0.0,0.0,0.0,0.0,0.0,0.0,0.0,0.0,0.0,0.0,0.0,0.0,0.0,0.0,0.0,0.0,0.0,0.0,0.0,0.0,0.0,0.0,0.0,0.0,0.0,0.0,0.0,4.0
SMOTE_000204,attack,boolean,"1'  )   where 4297  =  4297 or 2367  =    (  select count  (  *  )   from rdb$fields as t1,rdb$types as t2,rdb$collations as t3,rdb$functions as t4  )  --",nearest_attack_euclidean,R000018,0.6985717581644842,151.94214968583466,35.24210003696063,4.27467835928509,72.48954946407089,17.484200073921258,43.8473501293622,18.121050018480314,0.47529563187712026,0.11558205833371335,0.2895999375974447,0.1195223721917217,1.3631500554409421,1.1102230246251565e-16,1.7578999630393715,0.0,1.0,2.0,0.0,5.363150055440943,0.0,0.12105001848031421,2.757899963039372,5.0,1.0,0.0,0.878949981519686,0.0,0.0,1.0,1.0,0.0,0.0,0.0,0.0,1.1210500184803143,0.0,1.0,1.0,0.12105001848031416,0.8789499815196857,0.0,0.0,0.0,0.0,0.0,0.0,0.0,0.0,0.0,0.0,0.0,0.0,0.0,0.0,0.0,0.0,0.0,0.0,0.0,0.0,0.0,0.0,0.0,0.0,0.0,0.0,0.0,0.0,0.0,4.1210500184803145
SMOTE_000205,attack,boolean,select * from users where id  =  1 +   (  \.  )   or 1  =  1 -- 1,nearest_attack_euclidean,R000001,0.6119892251749582,72.42676077984203,24.85693393613562,3.526776406440427,28.37988456247094,5.14257858151416,28.333008345099852,10.571289290757079,0.38068318857927946,0.06633249754481466,0.40313319003504633,0.1498511238408596,0.0,0.09521488179284665,2.0,0.0,1.0,2.0,0.0,2.2856446453785395,0.0,0.0,0.19042976358569308,5.904785118207154,0.0,0.09521488179284648,1.0,0.0,0.0,1.0,1.0,0.0,0.0,0.0,0.0,1.0,0.0,1.0,1.0,0.09521488179284665,0.9047851182071535,0.0,0.0,0.0,0.0,0.0,0.0,0.0,0.0,0.0,0.0,0.0,0.0,0.0,0.0,0.0,0.0,0.0,0.0,0.0,0.0,0.0,0.0,0.0,0.0,0.0,0.0,0.0,0.0,0.0,4.0
SMOTE_000206,attack,boolean,"1  )   where 5333  =  5333 or 9643  =    (  select count  (  *  )   from domain.domains as t1,domain.columns as t2,domain.tables as t3  )  --",nearest_attack_euclidean,R000030,0.8138505649304563,137.89922580987079,32.17265689180643,4.213918968022457,69.34531378361288,14.791401757354953,38.72656891806435,15.035941350838613,0.5031470635099172,0.10790531342748805,0.28028921658120914,0.10865840648138556,0.1726568918064355,1.1102230246251565e-16,2.0,0.0,1.0,1.8273431081935645,0.0,4.517970675419306,0.17265689180643543,0.0,2.1726568918064353,4.827343108193564,0.1726568918064354,0.0,1.0,0.0,0.0,1.0,1.0,0.0,0.0,0.0,0.0,1.0,0.0,0.8273431081935647,1.0,0.0,1.0,0.0,0.0,0.0,0.0,0.0,0.0,0.0,0.0,0.0,0.0,0.0,0.0,0.0,0.0,0.0,0.0,0.0,0.0,0.0,0.0,0.0,0.0,0.0,0.0,0.0,0.0,0.0,0.0,0.0,3.8273431081935643
SMOTE_000207,attack,boolean,"1'  )   and make_set  (  4551  =  6487,6487  )   and   (  'jnqa'  =  'jnqa",nearest_attack_euclidean,R000014,2.161207754721829,73.71133109292066,23.86600672123805,3.682683550084841,18.979317650444543,16.17535797787286,26.845324371682597,11.711331092920648,0.2572253893338694,0.21986841654102612,0.36405715159250907,0.15884904253259538,2.845324371682596,0.2886689070793509,0.8660067212380527,0.0,0.0,2.0,0.0,3.711331092920649,0.0,1.0,1.0,2.866006721238053,0.7113310929206491,0.28866890707935094,0.28866890707935094,0.0,0.0,1.0,1.0,0.0,0.0,0.0,0.0,0.0,0.0,0.2886689070793509,0.0,1.4226621858412984,0.28866890707935094,0.0,0.0,0.0,0.0,0.0,0.0,0.0,0.0,0.0,0.0,0.0,0.0,0.0,0.0,0.0,0.0,0.0,0.0,0.0,0.0,0.0,0.0,0.0,0.0,0.0,0.0,0.0,0.0,0.0,2.0
SMOTE_000208,attack,boolean,"1'   )    )    and make_set  (  8245  =  9872,9872  )   and    (    (   'kzgt'  =  'kzgt",nearest_attack_euclidean,R000004,0.8188222477014265,86.95742902818738,23.851061289741054,3.3734178620046946,20.553183869223158,13.0,39.70212257948211,13.702122579482108,0.2361916625841335,0.1496287068790073,0.4567185221474369,0.1574611083894223,3.4042451589642138,0.5957548410357865,0.0,0.0,0.1489387102589465,1.8510612897410534,0.0,6.0,0.0,0.8510612897410534,0.8510612897410536,2.0,0.8510612897410534,0.14893871025894662,0.0,0.0,0.0,1.0,1.0,0.0,0.0,0.0,0.0,0.0,0.0,0.0,0.0,2.0,0.0,0.0,0.0,0.0,0.0,0.0,0.0,0.0,0.0,0.0,0.0,0.0,0.0,0.0,0.0,0.0,0.0,0.0,0.0,0.0,0.0,0.0,0.0,0.0,0.0,0.0,0.0,0.0,0.0,0.0,2.0
SMOTE_000209,attack,boolean,"1%'   )    )     )   or 2367  =    (  select count  (  *  )   from rdb$fields as t1,rdb$types as t2,rdb$collations as t3,rdb$functions as t4  )  --",nearest_attack_euclidean,R000021,2.6434386155601075,130.98359299255168,30.77549902674329,4.136094272780231,71.88980038930268,6.330598832091948,36.32239532836779,16.440798442789266,0.5607014497000873,0.046010031953456584,0.26966741696513674,0.12362110138131938,1.8898003893026838,1.1102230246251565e-16,1.110199610697316,0.0,1.0,1.0,0.0,4.77549902674329,0.5550998053486581,0.0,2.555099805348658,3.1101996106973164,1.0,0.0,0.555099805348658,0.0,0.0,1.0,1.0,0.0,0.0,0.0,0.0,1.0,0.0,0.0,1.0,0.4449001946513419,0.5550998053486581,0.0,0.0,0.0,0.0,0.0,0.0,0.0,0.0,0.0,0.0,0.0,0.0,0.0,0.0,0.0,0.0,0.0,0.0,0.0,0.0,0.0,0.0,0.0,0.0,0.0,0.0,0.0,0.0,0.0,3.0
SMOTE_000210,attack,boolean,"1""   )    )    as gawq where 4728  =  4728 or 7417  =    (  select count  (  *  )   from sysibm.systables as t1,sysibm.systables as t2,sysibm.systables as t3  )  --",nearest_attack_euclidean,R000010,2.0642995709248124,149.62698401772587,33.504378759231926,4.152805536448594,76.5481663515512,12.530651314623489,43.05254511078312,17.495621240768074,0.5128494395754686,0.08224909987870994,0.28653546437668764,0.11836599616913387,0.0,1.0,2.0,0.0,1.0,1.5043787592319269,0.0,5.504378759231927,0.495621240768073,0.0,2.495621240768073,4.504378759231927,0.0,1.0,1.0,0.0,0.0,1.0,1.0,0.0,0.0,0.0,0.0,1.0,0.0,0.5043787592319271,1.0,0.0,1.0,0.0,0.0,0.0,0.0,0.0,0.0,0.0,0.0,0.0,0.0,0.0,0.0,0.0,0.0,0.0,0.0,0.0,0.0,0.0,0.0,0.0,0.0,0.0,0.0,0.0,0.0,0.0,0.0,0.0,3.504378759231927
SMOTE_000211,attack,boolean,"1  )   where 5333  =  5333 or 9643  =    (  select count  (  *  )   from domain.domains as t1,domain.columns as t2,domain.tables as t3  )  --",nearest_attack_euclidean,R000030,1.5810978100775903,139.29861821447483,32.471231173496406,4.2169130446180585,69.4712311734964,16.0,38.88492469398562,14.942462346992809,0.49894502173985744,0.11493326350104908,0.278964463412509,0.10715725134658444,0.0,0.4712311734964042,2.0,0.0,1.0,2.0,0.0,4.471231173496404,0.0,0.0,2.0,5.0,0.0,0.47123117349640414,1.0,0.0,0.0,1.0,1.0,0.0,0.0,0.0,0.0,1.0,0.0,1.0,1.0,0.47123117349640425,0.5287688265035959,0.0,0.0,0.0,0.0,0.0,0.0,0.0,0.0,0.0,0.0,0.0,0.0,0.0,0.0,0.0,0.0,0.0,0.0,0.0,0.0,0.0,0.0,0.0,0.0,0.0,0.0,0.0,0.0,0.0,4.0
SMOTE_000212,attack,boolean,"1'+  (  select 'wkbg' where 3921  =  3921 and 8407  =    (  select count  (  *  )   from generate_series  (  1,5000000   )    )     )  +'",nearest_attack_euclidean,R000029,1.6452945102024,142.8772910069321,37.23509164027728,4.005067970959032,48.17545820138642,21.47018328055457,51.64564148194099,21.58600804305013,0.33787533100225875,0.1506259348603407,0.36188106392174957,0.14961767021565095,3.7649083597227158,1.1102230246251565e-16,0.47018328055456826,0.0,0.7649083597227158,2.0,0.0,8.705274920831853,0.0,1.2350916402772842,1.0,6.64564148194099,1.0,0.0,0.23509164027728413,0.0,0.0,1.0,1.0,0.0,0.0,0.0,0.23509164027728413,1.7649083597227158,0.0,1.0,0.7649083597227158,1.0,0.0,0.0,0.0,0.0,0.0,0.0,0.0,0.0,0.0,0.0,0.0,0.0,0.0,0.0,0.0,0.0,0.0,0.0,0.0,0.0,0.0,0.0,0.0,0.0,0.0,0.0,0.0,0.0,0.0,0.0,4.5298167194454315
SMOTE_000213,attack,boolean,1'   )    )    rlike   (  select   (  case when   (  6205  =  1384  )   then 1 else 0x28 end   )    )    and    (    (   'ahjf'  =  'ahjf,nearest_attack_euclidean,R000031,5.291975536856188,108.26313814726743,26.26315601402547,3.471351643571773,32.42104604908914,13.0,48.66665475549464,14.175437342683647,0.2961759229177333,0.13173990965530907,0.43459899228478155,0.13748517514217604,4.0,1.1102230246251565e-16,0.0,0.0,0.0,2.0,0.0,7.26315601402547,0.0,0.4561406643290884,0.4561406643290884,2.0,1.0,0.0,0.0,0.0,0.0,1.0,1.0,0.0,0.0,0.5438593356709115,0.0,0.5438593356709116,0.0,0.0,0.0,1.4561406643290884,0.0,0.0,0.0,0.0,0.0,0.0,0.0,0.0,0.0,0.0,0.0,0.0,0.0,0.0,0.0,0.0,0.0,0.0,0.0,0.0,0.0,0.0,0.0,0.0,0.0,0.0,0.0,0.0,0.5438593356709115,0.5438593356709115,3.087718671341823
SMOTE_000214,attack,boolean,"1'   )    )     )   and 8635  =    (  select count  (  *  )   from generate_series  (  1,5000000   )    )   --",nearest_attack_euclidean,R000019,0.3389251902625478,108.60075326229045,29.900053804449318,3.5063524373334176,32.0,13.0,48.000538044493176,15.60021521779727,0.2951492325385138,0.11990437571877123,0.44153620028806984,0.14341019145464512,1.0,1.1102230246251565e-16,1.8001076088986352,0.0,1.0,1.0,0.0,8.800107608898635,0.0,1.0,1.0,3.8001076088986356,1.0,0.0,0.9000538044493177,0.0,0.0,1.0,1.0,0.0,0.0,0.0,0.0,1.0,0.0,0.0,1.0,1.0,0.0,0.0,0.0,0.0,0.0,0.0,0.0,0.0,0.0,0.0,0.0,0.0,0.0,0.0,0.0,0.0,0.0,0.0,0.0,0.0,0.0,0.0,0.0,0.0,0.0,0.0,0.0,0.0,0.0,0.0,3.0
SMOTE_000215,attack,boolean,"1""   )    )    and   (  1248  =  8705  )  *8705 and    (    (   ""wvma"" like ""wvma",nearest_attack_euclidean,R000017,1.9358495853006095,89.59618655453878,25.07494158213005,3.344957305913171,22.1498831642601,13.0,41.26062248620437,13.185680904074314,0.24258239936289228,0.14795169189573465,0.46211619891246686,0.1473497098289062,0.29642022601857865,2.8143190959256854,0.5928404520371572,0.0,1.0,1.0,0.0,6.889260678055736,0.0,0.29642022601857865,0.29642022601857865,2.5928404520371573,0.29642022601857865,0.7035797739814214,0.2964202260185786,0.0,0.0,1.0,1.0,0.0,0.0,0.0,0.0,0.2964202260185787,0.0,0.0,0.29642022601857865,1.7035797739814211,0.0,0.0,0.0,0.0,0.0,0.0,0.0,0.0,0.0,0.0,0.0,0.0,0.0,0.0,0.0,0.0,0.0,0.0,0.0,0.0,0.0,0.0,0.0,0.0,0.0,0.0,0.0,0.0,0.0,0.0,2.296420226018579
SMOTE_000216,attack,boolean,"1'  )   and 8407  =    (  select count  (  *  )   from generate_series  (  1,5000000   )    )   ",nearest_attack_euclidean,R000025,0.2668897604782586,97.10184972202273,29.078703551573053,3.604627899191916,32.0,13.0,39.78703551573053,12.314814206292212,0.32999439478174925,0.13406022288008562,0.4093355369650799,0.12660984537308517,1.0,1.1102230246251565e-16,0.15740710314610618,0.0,1.0,1.0,0.0,7.157407103146106,0.0,1.0,1.0,2.157407103146106,1.0,0.0,0.07870355157305309,0.0,0.0,1.0,1.0,0.0,0.0,0.0,0.0,1.0,0.0,0.0,1.0,1.0,0.0,0.0,0.0,0.0,0.0,0.0,0.0,0.0,0.0,0.0,0.0,0.0,0.0,0.0,0.0,0.0,0.0,0.0,0.0,0.0,0.0,0.0,0.0,0.0,0.0,0.0,0.0,0.0,0.0,0.0,3.0
SMOTE_000217,attack,boolean,"1%""   )    )    and 3202  =  like  (  'abcdefg',upper  (  hex  (  randomblob  (  500000000/2   )    )      )    )    and    (    (   ""%""  =  """,nearest_attack_euclidean,R000016,2.59352787728389,123.5813570871582,29.27131216106047,3.390372075361408,30.224796281855827,14.317828040265118,58.449592563711654,20.58914020132559,0.24380390316685266,0.11999129524730105,0.4705753730890123,0.16562942849683399,2.682171959734882,2.6356560805302363,0.0,0.6589140201325592,0.0,2.0,0.0,9.953484120795354,1.3178280402651181,0.34108597986744094,1.0,2.658914020132559,1.0,0.6589140201325591,0.0,0.0,0.0,1.0,1.0,0.0,0.0,0.0,0.0,0.0,0.0,0.0,0.0,2.0,0.0,0.0,0.0,0.0,0.0,0.0,0.0,0.0,0.0,0.0,0.0,0.0,0.0,0.0,0.0,0.0,0.0,0.0,0.0,0.0,0.0,0.0,0.0,0.0,0.0,0.0,0.0,0.0,0.0,0.0,2.0
SMOTE_000218,attack,boolean,"1'   )    )     )   and 8635  =    (  select count  (  *  )   from generate_series  (  1,5000000   )    )   --",nearest_attack_euclidean,R000019,1.514719490077244,103.74650699939474,29.553321928528195,3.54783928795273,32.0,13.0,44.53321928528195,14.213287714112782,0.3098590696988038,0.12588024706513906,0.4279427346979804,0.13631794853807672,1.0,1.1102230246251565e-16,1.1066438570563908,0.0,1.0,1.0,0.0,8.10664385705639,0.0,1.0,1.0,3.1066438570563912,1.0,0.0,0.5533219285281955,0.0,0.0,1.0,1.0,0.0,0.0,0.0,0.0,1.0,0.0,0.0,1.0,1.0,0.0,0.0,0.0,0.0,0.0,0.0,0.0,0.0,0.0,0.0,0.0,0.0,0.0,0.0,0.0,0.0,0.0,0.0,0.0,0.0,0.0,0.0,0.0,0.0,0.0,0.0,0.0,0.0,0.0,0.0,3.0
SMOTE_000219,attack,boolean,"1%'   )    )     )   or 2367  =    (  select count  (  *  )   from rdb$fields as t1,rdb$types as t2,rdb$collations as t3,rdb$functions as t4  )  --",nearest_attack_euclidean,R000021,0.27513972353107197,147.1140956207352,32.923936252843184,4.086203208983705,71.53244623009769,9.0,46.733776884951155,19.847872505686375,0.4861754560885333,0.06117792015480195,0.3177098733747512,0.1349367503819135,1.0,1.1102230246251565e-16,1.9239362528431867,0.0,1.0,1.0,0.0,6.923936252843188,0.9619681264215935,0.0,3.0,3.9239362528431867,1.0,0.0,0.9619681264215935,0.038031873578406476,0.0,1.0,1.0,0.0,0.0,0.0,0.0,1.0,0.0,0.0,1.0,0.03803187357840665,0.9619681264215934,0.0,0.0,0.0,0.0,0.0,0.0,0.0,0.0,0.0,0.0,0.0,0.0,0.0,0.0,0.0,0.0,0.0,0.0,0.0,0.0,0.0,0.0,0.0,0.0,0.0,0.0,0.0,0.0,0.0,3.0
SMOTE_000220,attack,boolean,"1%' and 3707  =    (  select count  (  *  )   from sysibm.systables as t1,sysibm.systables as t2,sysibm.systables as t3  )   and '%'  =  '",nearest_attack_euclidean,R000028,2.882591732789078,117.24590866670468,29.505854968254873,3.826225121094794,53.75176363495955,10.470725158725633,37.988290063490254,15.03512980952924,0.4396361889810965,0.09624039874475393,0.33637420049015565,0.12774921178399387,2.51756490476462,1.1102230246251565e-16,0.0,0.0,1.0,1.5058549682548734,0.0,5.48243509523538,1.0117099365097464,0.4941450317451267,1.5058549682548734,2.505854968254873,1.0,0.0,0.0,0.0,0.0,1.0,1.0,0.0,0.0,0.0,0.0,1.0,0.0,0.0,1.0,1.5058549682548732,0.0,0.0,0.0,0.0,0.0,0.0,0.0,0.0,0.0,0.0,0.0,0.0,0.0,0.0,0.0,0.0,0.0,0.0,0.0,0.0,0.0,0.0,0.0,0.0,0.0,0.0,0.0,0.0,0.0,0.0,3.5058549682548734
SMOTE_000221,attack,boolean,"select count  (  *  )   from domain.domains as t1,domain.columns as t2,domain.tables as t3 and 'qjle'  =  'qjle",nearest_attack_euclidean,R000027,1.4412882737458332,119.73266338453811,29.21286991451918,4.17380497534837,72.51485203419233,4.455443897423018,28.821775589692074,13.940591863230692,0.6152886038318359,0.03532244177608265,0.23450179767184187,0.11488715672023961,2.514852034192327,1.1102230246251565e-16,0.4851479658076729,0.0,1.0,1.0,0.0,3.2128699145191826,0.24257398290383644,0.0,2.2425739829038367,2.485147965807673,1.0,0.0,0.24257398290383644,0.0,0.0,1.0,1.0,0.0,0.0,0.0,0.0,1.0,0.0,0.0,1.0,0.7574260170961635,0.24257398290383647,0.0,0.0,0.0,0.0,0.0,0.0,0.0,0.0,0.0,0.0,0.0,0.0,0.0,0.0,0.0,0.0,0.0,0.0,0.0,0.0,0.0,0.0,0.0,0.0,0.0,0.0,0.0,0.0,0.0,3.0
SMOTE_000222,attack,boolean,"-9688%'   )    )     )   or elt  (  3695  =  7995,7995  )   and    (    (     (  '%'  =  '",nearest_attack_euclidean,R000013,0.43532732334773283,90.0627591401549,22.0,2.9191808102354604,8.62759140154894,15.811722579535317,47.87448171969021,17.74896343938042,0.09572419450771258,0.17558618875649573,0.5315861924352483,0.19710342430054334,3.748963439380421,0.2510365606195789,0.9372408598451053,0.0,0.0627591401548947,1.9372408598451054,0.0,8.0,1.8744817196902108,0.0,0.9372408598451053,2.9372408598451054,0.9372408598451053,0.06275914015489464,0.0,0.0,0.0,1.0,1.0,0.0,0.0,0.0,0.0,0.0,0.0,0.0,0.0,1.0627591401548946,0.9372408598451053,0.0,0.0,0.0,0.0,0.0,0.0,0.0,0.0,0.0,0.0,0.0,0.0,0.0,0.0,0.0,0.0,0.0,0.0,0.0,0.0,0.0,0.0,0.0,0.0,0.0,0.0,0.0,0.0,0.0,2.0
SMOTE_000223,attack,boolean,"1'  )   and make_set  (  4551  =  6487,6487  )   and   (  'jnqa'  =  'jnqa",nearest_attack_euclidean,R000014,1.396931326596474,80.02815651869426,24.64404268691662,3.6247362215366343,24.014078259347134,13.0,31.014078259347134,12.0,0.29736071287994204,0.1646444207850471,0.3860154009949674,0.15197946534004347,3.1779786565416908,1.1102230246251565e-16,0.0,0.0,0.27400711448610304,1.725992885513897,0.0,4.822021343458309,0.0,1.0,1.0,2.0,1.0,0.0,0.0,0.0,0.0,1.0,1.0,0.0,0.0,0.0,0.0,0.27400711448610304,0.0,0.0,0.27400711448610304,1.7259928855138968,0.0,0.0,0.0,0.0,0.0,0.0,0.0,0.0,0.0,0.0,0.0,0.0,0.0,0.0,0.0,0.0,0.0,0.0,0.0,0.0,0.0,0.0,0.0,0.0,0.0,0.0,0.0,0.0,0.0,0.0,2.2740071144861034
SMOTE_000224,attack,boolean,"1  )   where 5333  =  5333 or 9643  =    (  select count  (  *  )   from domain.domains as t1,domain.columns as t2,domain.tables as t3  )  --",nearest_attack_euclidean,R000030,0.10272296389296776,141.93409995649776,32.08122608317372,4.13511081674008,69.52796954062917,16.0,41.32490433269487,15.081226083173718,0.4897937557615623,0.11282885316969538,0.2911050602271912,0.1062723308415511,0.0,0.0406130415868593,2.0,0.0,1.0,2.0,0.0,5.040613041586859,0.0,0.0,2.0,5.0,0.0,0.0406130415868593,1.0,0.0,0.0,1.0,1.0,0.0,0.0,0.0,0.0,1.0,0.0,1.0,1.0,0.0,1.0,0.0,0.0,0.0,0.0,0.0,0.0,0.0,0.0,0.0,0.0,0.0,0.0,0.0,0.0,0.0,0.0,0.0,0.0,0.0,0.0,0.0,0.0,0.0,0.0,0.0,0.0,0.0,0.0,0.0,4.0
SMOTE_000225,attack,boolean,"1%""   )    )    and 3202  =  like  (  'abcdefg',upper  (  hex  (  randomblob  (  500000000/2   )    )      )    )    and    (    (   ""%""  =  """,nearest_attack_euclidean,R000016,1.7993016639711044,136.10635171854685,31.579025122753347,3.454125260339472,35.0,15.0,62.94830147304015,23.158050245506693,0.25782777783070315,0.11049761907030135,0.4614561450434923,0.17021845805550317,3.6838995089866167,2.316100491013383,0.0,1.0,0.0,2.0,0.0,11.158050245506692,2.0,0.0,1.0,3.0,1.0,0.5790251227533456,0.0,0.0,0.0,1.0,1.0,0.0,0.0,0.0,0.0,0.0,0.0,0.0,0.0,2.0,0.0,0.0,0.0,0.0,0.0,0.0,0.0,0.0,0.0,0.0,0.0,0.0,0.0,0.0,0.0,0.0,0.0,0.0,0.0,0.0,0.0,0.0,0.0,0.0,0.0,0.0,0.0,0.0,0.0,0.0,2.0
SMOTE_000226,attack,boolean,"1"" where 3018  =  3018 or 2633  =  dbms_pipe.receive_message  (  chr  (  112  )  ||chr  (  65  )  ||chr  (  65  )  ||chr  (  103  )  ,5  )  --",nearest_attack_euclidean,R000026,1.0982713676533862,145.30785078885862,32.30071370807806,3.909093629152277,47.16463101560012,22.79714516768778,51.54892943788292,23.79714516768778,0.3204979269096537,0.15827061984193827,0.35606062088452106,0.16517083236388697,0.0,1.0,2.0,0.0,0.15035685403902743,2.0,0.0,9.39857258384389,0.0,1.6992862919219451,1.1503568540390274,9.248215729804862,0.0,1.0,1.0,0.0,0.0,1.0,1.0,0.0,0.0,0.0,0.8496431459609726,0.1503568540390275,0.0,1.0,0.15035685403902743,0.0,1.0,0.0,0.0,0.0,0.0,0.0,0.0,0.0,0.0,0.0,0.0,0.0,0.0,0.0,0.0,0.0,0.0,0.0,0.0,0.0,0.0,0.0,0.0,0.0,0.0,0.0,0.0,0.0,0.0,0.0,2.300713708078055
SMOTE_000227,attack,boolean,"call regexp_substring  (  repeat  (  left  (  crypt_key  (  char  (  65  )  ||char  (  69  )  ||char  (  83  )  ,null  )  ,0  )  ,500000000  )  ,null  )   and ""%""  =  """,nearest_attack_euclidean,R000022,2.3432617173461585,163.38527863523763,34.0,3.8765456180273934,59.67037704537412,14.02226227224469,61.68150818149646,28.011131136122344,0.36570449232794505,0.08524952085549266,0.37767551099533997,0.1713704758212223,0.0,3.0,0.0,0.0,0.0,1.0,0.0,13.34075409074823,0.670377045374115,2.0,3.011131136122345,5.65924590925177,0.0,1.0,0.0,0.0,0.0,1.0,1.0,0.0,0.0,0.0,0.9999999999999998,0.329622954625885,0.0,0.0,0.3296229546258849,1.0,0.0,0.0,0.0,0.0,0.0,0.0,0.0,0.0,0.0,0.0,0.0,0.0,0.0,0.0,0.0,0.0,0.0,0.0,0.0,0.0,0.0,2.011131136122345,0.0,0.0,0.0,0.0,0.0,0.0,0.0,0.0,3.6703770453741154
SMOTE_000228,attack,boolean,"1""  )   where 7471  =  7471 and 8514  =    (  select count  (  *  )   from domain.domains as t1,domain.columns as t2,domain.tables as t3  )  --",nearest_attack_euclidean,R000020,0.7474987811010712,141.70186629160827,33.0,4.197559384113551,70.16226671354896,14.864133005157248,40.35093314580414,16.32453342709793,0.4954195027000737,0.10455017659009344,0.28466236321647514,0.11536795749335775,0.0,1.0,2.0,0.0,1.0,1.8377332864510354,0.0,5.0,0.16226671354896463,0.0,2.1622667135489646,4.837733286451035,0.0,1.0,1.0,0.0,0.0,1.0,1.0,0.0,0.0,0.0,0.0,1.0,0.0,0.8377332864510356,1.0,0.8377332864510355,0.16226671354896466,0.0,0.0,0.0,0.0,0.0,0.0,0.0,0.0,0.0,0.0,0.0,0.0,0.0,0.0,0.0,0.0,0.0,0.0,0.0,0.0,0.0,0.0,0.0,0.0,0.0,0.0,0.0,0.0,0.0,3.8377332864510354
SMOTE_000229,attack,boolean,"select dbms_pipe.receive_message  (  chr  (  66  )  ||chr  (  67  )  ||chr  (  79  )  ||chr  (  101  )  ,5  )   from dual and    (    (   ""vfvh""  =  ""vfvh",nearest_attack_euclidean,R000024,2.5811934545593287,132.88990428083483,32.18016416214093,3.771017304561246,49.172886475561036,11.09190150271544,51.72065664856373,20.904459653994614,0.36499730551049414,0.09058805388324062,0.3915365781459389,0.15287806246032637,0.36396716757181324,1.9080984972845596,0.0,0.0,0.3639671675718133,1.0,0.0,10.180164162140933,0.0,1.6360328324281865,1.0,5.180164162140933,0.3639671675718133,0.6360328324281866,0.0,0.0,0.0,1.0,1.0,0.0,0.0,0.0,0.6360328324281866,1.0,0.0,0.0,1.0,1.0,0.0,0.0,0.0,0.0,0.0,0.0,0.0,0.0,0.0,0.0,0.0,0.0,0.0,0.0,0.0,0.0,0.0,0.0,0.0,0.0,0.0,0.0,0.0,0.0,0.0,0.0,0.0,0.0,0.0,0.0,3.0
SMOTE_000230,attack,boolean,"1'  )   where 4297  =  4297 or 2367  =    (  select count  (  *  )   from rdb$fields as t1,rdb$types as t2,rdb$collations as t3,rdb$functions as t4  )  --",nearest_attack_euclidean,R000018,0.14655811444272077,154.44386327942337,34.955613672057666,4.302585957905867,76.26631796765402,16.955613672057666,43.26631796765402,17.955613672057662,0.49379471641521,0.1098201943992193,0.28008896286044954,0.11629612632512115,0.9556136720576638,0.04438632794233621,2.0,0.0,1.0,2.0,0.0,5.044386327942336,0.0,0.0,2.955613672057664,5.0,0.9556136720576638,0.04438632794233616,1.0,0.0,0.0,1.0,1.0,0.0,0.0,0.0,0.0,1.0,0.0,1.0,1.0,0.0,1.0,0.0,0.0,0.0,0.0,0.0,0.0,0.0,0.0,0.0,0.0,0.0,0.0,0.0,0.0,0.0,0.0,0.0,0.0,0.0,0.0,0.0,0.0,0.0,0.0,0.0,0.0,0.0,0.0,0.0,4.0
SMOTE_000231,attack,boolean,"1""   )    )     )   and   (  3020  =  3020  )  *6703 and    (    (     (  ""fqap"" like ""fqap",nearest_attack_euclidean,R000023,0.12382588085930782,90.02935624097873,22.09706437590213,3.074611834057869,18.0,13.0,45.22348499278299,13.805871248195746,0.20017251223204216,0.14456903661203044,0.5019653706767372,0.15329308047919016,0.0,4.0,0.0,0.0,1.0,1.0,0.0,7.805871248195747,0.0,0.0,0.0,2.0,0.0,1.0,0.0,0.0,0.0,1.0,1.0,0.0,0.0,0.0,0.0,0.0,0.0,0.0,0.0,2.0,0.0,0.0,0.0,0.0,0.0,0.0,0.0,0.0,0.0,0.0,0.0,0.0,0.0,0.0,0.0,0.0,0.0,0.0,0.0,0.0,0.0,0.0,0.0,0.0,0.0,0.0,0.0,0.0,0.0,0.0,2.0
SMOTE_000232,attack,boolean,"1'   )    )     )   and 8635  =    (  select count  (  *  )   from generate_series  (  1,5000000   )    )   --",nearest_attack_euclidean,R000019,0.6185881715868253,107.44616952074858,29.817583537196327,3.516220095589441,32.0,13.0,47.175835371963274,15.27033414878531,0.2986479711492467,0.12132573827938146,0.43830299094690145,0.14172329962447033,1.0,1.1102230246251565e-16,1.6351670743926552,0.0,1.0,1.0,0.0,8.635167074392655,0.0,1.0,1.0,3.6351670743926556,1.0,0.0,0.8175835371963278,0.0,0.0,1.0,1.0,0.0,0.0,0.0,0.0,1.0,0.0,0.0,1.0,1.0,0.0,0.0,0.0,0.0,0.0,0.0,0.0,0.0,0.0,0.0,0.0,0.0,0.0,0.0,0.0,0.0,0.0,0.0,0.0,0.0,0.0,0.0,0.0,0.0,0.0,0.0,0.0,0.0,0.0,0.0,3.0
SMOTE_000233,attack,boolean,"1%""  )   or 2367  =    (  select count  (  *  )   from rdb$fields as t1,rdb$types as t2,rdb$collations as t3,rdb$functions as t4  )  --",nearest_attack_euclidean,R000007,0.8726886771168204,138.1854350512379,33.0,4.197641310343895,71.0,9.0,39.65452920936491,18.530905841872983,0.5145293077028021,0.06522202492007352,0.2861930131704944,0.1340556542066299,0.26545292093649087,0.7345470790635094,2.0,0.0,1.0,1.0,0.0,5.530905841872981,1.0,0.0,3.0,4.0,0.2654529209364907,0.7345470790635094,1.0,0.0,0.0,1.0,1.0,0.0,0.0,0.0,0.0,1.0,0.0,0.0,1.0,0.0,1.0,0.0,0.0,0.0,0.0,0.0,0.0,0.0,0.0,0.0,0.0,0.0,0.0,0.0,0.0,0.0,0.0,0.0,0.0,0.0,0.0,0.0,0.0,0.0,0.0,0.0,0.0,0.0,0.0,0.0,3.0
SMOTE_000234,attack,boolean,"1'   )    )     )   and 8635  =    (  select count  (  *  )   from generate_series  (  1,5000000   )    )   --",nearest_attack_euclidean,R000019,1.5044653556729632,103.31938547271116,28.387437872723385,3.44546529474727,28.774875745446767,13.0,46.46597379999389,15.078535927270504,0.27508597046828137,0.12792906721153252,0.45090990233855,0.14607505998163603,0.7696339818176262,0.9214640727294947,1.5392679636352526,0.0,1.0,1.0,0.0,8.30890194545288,0.0,0.7696339818176263,0.7696339818176263,3.5392679636352526,0.7696339818176263,0.2303660181823737,0.7696339818176263,0.0,0.0,1.0,1.0,0.0,0.0,0.0,0.0,0.7696339818176262,0.0,0.0,0.7696339818176263,1.2303660181823735,0.0,0.0,0.0,0.0,0.0,0.0,0.0,0.0,0.0,0.0,0.0,0.0,0.0,0.0,0.0,0.0,0.0,0.0,0.0,0.0,0.0,0.0,0.0,0.0,0.0,0.0,0.0,0.0,0.0,0.0,2.7696339818176265
SMOTE_000235,attack,boolean,"1'  )   where 4297  =  4297 or 2367  =    (  select count  (  *  )   from rdb$fields as t1,rdb$types as t2,rdb$collations as t3,rdb$functions as t4  )  --",nearest_attack_euclidean,R000018,1.9998739000977788,148.5783201789427,34.014240032535035,4.252366692945693,73.04272009760511,16.507120016267518,42.014240032535035,17.01424003253504,0.4915369431219482,0.1111281917838149,0.2829136861918018,0.11442117890243517,0.5071200162675186,0.49287998373248154,2.0,0.0,1.0,2.0,0.0,5.0,0.0,0.0,2.5071200162675185,5.0,0.5071200162675185,0.49287998373248143,1.0,0.0,0.0,1.0,1.0,0.0,0.0,0.0,0.0,1.0,0.0,1.0,1.0,0.49287998373248143,0.5071200162675186,0.0,0.0,0.0,0.0,0.0,0.0,0.0,0.0,0.0,0.0,0.0,0.0,0.0,0.0,0.0,0.0,0.0,0.0,0.0,0.0,0.0,0.0,0.0,0.0,0.0,0.0,0.0,0.0,0.0,4.0
SMOTE_000236,attack,boolean,"-9688%'   )    )     )   or elt  (  3695  =  7995,7995  )   and    (    (     (  '%'  =  '",nearest_attack_euclidean,R000013,2.030385889690264,89.16871502678288,22.831284973217123,3.1094211225579462,13.403352325911285,14.753072540174319,44.674860107131515,16.337430053565758,0.15113030165628194,0.16528751113474277,0.5005857434793255,0.1829964437296498,4.0,1.1102230246251565e-16,0.5843575133914394,0.0,0.0,2.0,0.0,7.168715026782879,1.1687150267828788,0.4156424866085605,1.0,2.5843575133914394,1.0,0.0,0.0,0.0,0.0,1.0,1.0,0.0,0.0,0.0,0.0,0.0,0.0,0.0,0.0,1.4156424866085606,0.5843575133914395,0.0,0.0,0.0,0.0,0.0,0.0,0.0,0.0,0.0,0.0,0.0,0.0,0.0,0.0,0.0,0.0,0.0,0.0,0.0,0.0,0.0,0.0,0.0,0.0,0.0,0.0,0.0,0.0,0.0,2.0
SMOTE_000237,attack,boolean,"select dbms_pipe.receive_message  (  chr  (  66  )  ||chr  (  67  )  ||chr  (  79  )  ||chr  (  101  )  ,5  )   from dual and    (    (   ""vfvh""  =  ""vfvh",nearest_attack_euclidean,R000024,3.2710902121702965,160.44194789528817,34.0,3.8716214536048117,59.46013913537773,12.760834812266355,60.84055654151091,27.380417406133176,0.37116521726291624,0.07887867509802632,0.37938198753751845,0.170574120101539,0.0,3.0,0.0,0.0,0.0,1.0,0.0,12.920278270755452,0.4601391353777259,2.0,2.3804174061331778,6.0797217292445485,0.0,1.0,0.0,0.0,0.0,1.0,1.0,0.0,0.0,0.0,0.9999999999999998,0.5398608646222741,0.0,0.0,0.5398608646222741,1.0,0.0,0.0,0.0,0.0,0.0,0.0,0.0,0.0,0.0,0.0,0.0,0.0,0.0,0.0,0.0,0.0,0.0,0.0,0.0,0.0,0.0,1.3804174061331778,0.0,0.0,0.0,0.0,0.0,0.0,0.0,0.0,3.4601391353777258
SMOTE_000238,attack,boolean,"1""   )    )     )   and   (  3020  =  3020  )  *6703 and    (    (     (  ""fqap"" like ""fqap",nearest_attack_euclidean,R000023,1.9832956861629722,104.74173420098104,24.694457686466873,3.14353850178227,22.580578066993677,13.538891537293374,51.92780691022712,16.69445768646687,0.2109179220305499,0.13282747138840298,0.49832151799919044,0.1579330885818566,0.5388915372933744,4.0,0.0,0.2694457686466871,0.7305542313533129,1.2694457686466871,0.0,9.077783074586748,0.5388915372933744,0.0,0.26944576864668734,2.269445768646687,0.2694457686466872,1.0,0.0,0.0,0.0,1.0,1.0,0.0,0.0,0.0,0.0,0.0,0.0,0.0,0.0,2.0,0.0,0.0,0.0,0.0,0.0,0.0,0.0,0.0,0.0,0.0,0.0,0.0,0.0,0.0,0.0,0.0,0.0,0.0,0.0,0.0,0.0,0.0,0.0,0.0,0.0,0.0,0.0,0.0,0.0,0.0,2.0
SMOTE_000239,attack,boolean,"1"" where 3018  =  3018 or 2633  =  dbms_pipe.receive_message  (  chr  (  112  )  ||chr  (  65  )  ||chr  (  65  )  ||chr  (  103  )  ,5  )  --",nearest_attack_euclidean,R000026,1.4275651424164528,127.51878045567395,30.74076351788469,3.8672626197676734,35.33343583048111,24.0,46.123563083461896,22.061781541730948,0.26838490152862104,0.20254189360060054,0.35834163362498006,0.17073157124579832,0.0,1.0,2.209872747019218,0.0,0.0,2.0,0.0,8.530890770865474,0.0,1.7901272529807821,1.0,8.95063626490391,0.0,1.0,1.0,0.0,0.0,1.0,1.0,0.0,0.0,0.0,0.7901272529807819,0.0,0.0,1.0,0.0,0.0,1.0,0.0,0.0,0.0,0.0,0.0,0.0,0.0,0.0,0.0,0.0,0.0,0.0,0.0,0.0,0.0,0.0,0.0,0.0,0.0,0.0,0.0,0.0,0.0,0.0,0.0,0.0,0.0,0.0,0.0,2.0
SMOTE_000240,attack,boolean,"1""  )   where 7471  =  7471 and 8514  =    (  select count  (  *  )   from domain.domains as t1,domain.columns as t2,domain.tables as t3  )  --",nearest_attack_euclidean,R000020,2.010326752000623,148.45001761587096,33.99091229379472,4.250920227854527,72.97273688138415,16.49545614689736,41.99091229379472,16.990912293794718,0.4914903342533361,0.11114567010954442,0.28300107782044936,0.11436291781667013,0.4954561468973593,0.5045438531026407,2.0,0.0,1.0,2.0,0.0,5.0,0.0,0.0,2.495456146897359,5.0,0.49545614689735923,0.5045438531026407,1.0,0.0,0.0,1.0,1.0,0.0,0.0,0.0,0.0,1.0,0.0,1.0,1.0,0.5045438531026407,0.49545614689735923,0.0,0.0,0.0,0.0,0.0,0.0,0.0,0.0,0.0,0.0,0.0,0.0,0.0,0.0,0.0,0.0,0.0,0.0,0.0,0.0,0.0,0.0,0.0,0.0,0.0,0.0,0.0,0.0,0.0,4.0
SMOTE_000241,attack,boolean,"1""   )    )    and   (  1248  =  8705  )  *8705 and    (    (   ""wvma"" like ""wvma",nearest_attack_euclidean,R000017,1.8146120578280371,89.05782840343099,24.944993062897137,3.3410143990615744,21.88998612579427,13.0,41.056417670266924,13.111424607369791,0.2413072912376631,0.1487371751689559,0.4625558195242697,0.14739971406911123,0.27785615184244783,2.8885753926302082,0.5557123036848958,0.0,1.0,1.0,0.0,6.8335684555273435,0.0,0.27785615184244794,0.27785615184244805,2.5557123036848957,0.27785615184244794,0.7221438481575521,0.2778561518424479,0.0,0.0,1.0,1.0,0.0,0.0,0.0,0.0,0.27785615184244794,0.0,0.0,0.27785615184244794,1.722143848157552,0.0,0.0,0.0,0.0,0.0,0.0,0.0,0.0,0.0,0.0,0.0,0.0,0.0,0.0,0.0,0.0,0.0,0.0,0.0,0.0,0.0,0.0,0.0,0.0,0.0,0.0,0.0,0.0,0.0,0.0,2.277856151842448
SMOTE_000242,attack,boolean,"1'+  (  select 'wkbg' where 3921  =  3921 and 8407  =    (  select count  (  *  )   from generate_series  (  1,5000000   )    )     )  +'",nearest_attack_euclidean,R000029,0.38663651862867837,135.20263080666464,36.53401539432046,3.9596826555707874,46.00146155925813,20.467446164937673,49.93343077061721,18.800292311851628,0.33959366859357176,0.15094790163613164,0.3703217302748059,0.13913669949549068,3.800292311851627,1.1102230246251565e-16,0.13313845876558195,0.0,1.0,1.933430770617209,0.0,8.066569229382791,0.0,1.0,1.0,4.933430770617209,1.0,0.0,0.06656922938279092,0.0,0.0,1.0,1.0,0.0,0.0,0.0,0.0,1.9334307706172091,0.0,0.9334307706172091,1.0,1.0,0.0,0.0,0.0,0.0,0.0,0.0,0.0,0.0,0.0,0.0,0.0,0.0,0.0,0.0,0.0,0.0,0.0,0.0,0.0,0.0,0.0,0.0,0.0,0.0,0.0,0.0,0.0,0.0,0.0,0.0,4.866861541234418
SMOTE_000243,attack,boolean,"1"" where 3018  =  3018 or 2633  =  dbms_pipe.receive_message  (  chr  (  112  )  ||chr  (  65  )  ||chr  (  65  )  ||chr  (  103  )  ,5  )  --",nearest_attack_euclidean,R000026,0.2655656156595484,143.04347658971952,32.31304297691585,3.8895474653427793,41.57391212434573,23.947826170514027,52.26086914742988,25.26086914742988,0.29041527479910423,0.16760336802554873,0.3654487322322043,0.1765326249431427,0.15652148845792602,0.9478261705140246,2.0,0.0,0.0,2.0,0.0,10.052173829485977,0.0,2.0,1.0,10.10434765897195,0.05217382948597532,0.9478261705140246,1.0,0.0,0.0,1.0,1.0,0.0,0.0,0.0,0.9999999999999998,0.05217382948597549,0.0,1.0,0.0,0.05217382948597549,0.9478261705140245,0.0,0.0,0.0,0.0,0.0,0.0,0.0,0.0,0.0,0.0,0.0,0.0,0.0,0.0,0.0,0.0,0.0,0.0,0.0,0.0,0.0,0.0,0.0,0.0,0.0,0.0,0.0,0.0,0.0,2.0521738294859757
SMOTE_000244,attack,boolean,"1"" and 6537  =  dbms_pipe.receive_message  (  chr  (  76  )  ||chr  (  116  )  ||chr  (  117  )  ||chr  (  65  )  ,5  )   and ""kfps""  =  ""kfps",nearest_attack_euclidean,R000011,0.004831307722443322,142.01374065838277,30.004580219460923,3.8953427249126946,48.012595603517546,15.993129670808614,52.00801538405662,26.0,0.3380797980655349,0.11262139028355125,0.3662165570834158,0.18308225456749808,0.0,3.998854945134769,0.0,0.0,0.0,1.9988549451347688,0.0,10.002290109730462,0.0,2.0,1.0,7.998854945134768,0.0,1.0,0.0,0.0,0.0,1.0,1.0,0.0,0.0,0.0,0.9999999999999998,0.0011450548652313097,0.0,0.0,0.0011450548652311987,1.9988549451347688,0.0,0.0,0.0,0.0,0.0,0.0,0.0,0.0,0.0,0.0,0.0,0.0,0.0,0.0,0.0,0.0,0.0,0.0,0.0,0.0,0.0,0.0,0.0,0.0,0.0,0.0,0.0,0.0,0.0,0.0,2.001145054865231
SMOTE_000245,attack,boolean,"1"" where 3018  =  3018 or 2633  =  dbms_pipe.receive_message  (  chr  (  112  )  ||chr  (  65  )  ||chr  (  65  )  ||chr  (  103  )  ,5  )  --",nearest_attack_euclidean,R000026,0.13963606397263292,142.24873484749816,32.041455807916364,3.8805852371512874,41.37310227124724,23.70980934458548,52.14509532770726,25.020727903958182,0.29068878698416334,0.16685674458529276,0.36654789301557195,0.17590657541497198,0.0,1.04145580791636,1.9585441920836395,0.0,0.0,1.9792720960418198,0.0,10.04145580791636,0.0,2.0,1.0,9.937816288125461,0.0,1.0,0.9792720960418198,0.0,0.0,1.0,1.0,0.0,0.0,0.0,0.9999999999999998,0.02072790395818036,0.0,0.97927209604182,0.02072790395818014,0.02072790395818025,0.9792720960418196,0.0,0.0,0.0,0.0,0.0,0.0,0.0,0.0,0.0,0.0,0.0,0.0,0.0,0.0,0.0,0.0,0.0,0.0,0.0,0.0,0.0,0.0,0.0,0.0,0.0,0.0,0.0,0.0,0.0,2.0207279039581802
SMOTE_000246,attack,boolean,"1 where 3902  =  3902 or 9643  =    (  select count  (  *  )   from domain.domains as t1,domain.columns as t2,domain.tables as t3  )  --",nearest_attack_euclidean,R000005,0.030010406488001937,136.24049694139532,32.0,4.236389534020104,69.0,16.0,37.19239755311626,14.048099388279065,0.5064875735838403,0.11744639387451371,0.2729593074881197,0.1031067250535262,0.0,1.1102230246251565e-16,2.0,0.0,1.0,2.0,0.0,4.048099388279065,0.0,0.0,2.0,5.0,0.0,0.0,1.0,0.0,0.0,1.0,1.0,0.0,0.0,0.0,0.0,1.0,0.0,1.0,1.0,0.0,1.0,0.0,0.0,0.0,0.0,0.0,0.0,0.0,0.0,0.0,0.0,0.0,0.0,0.0,0.0,0.0,0.0,0.0,0.0,0.0,0.0,0.0,0.0,0.0,0.0,0.0,0.0,0.0,0.0,0.0,4.0
SMOTE_000247,attack,boolean,"1""   )    )    and   (  1248  =  8705  )  *8705 and    (    (   ""wvma"" like ""wvma",nearest_attack_euclidean,R000017,0.1789605050938319,81.2278626750012,23.03255181071446,3.285495909246911,18.09765543214338,13.0,38.06510362142892,12.065103621428918,0.2227565322465757,0.16007825269710776,0.468660860225266,0.14850435483105048,0.13020724285783758,3.869792757142163,0.0,0.0,0.9674481892855408,1.0325518107144593,0.0,6.0,0.0,0.03255181071445923,0.03255181071445912,2.0,0.03255181071445923,0.9674481892855405,0.0,0.0,0.0,1.0,1.0,0.0,0.0,0.0,0.0,0.0,0.0,0.0,0.0,2.0,0.0,0.0,0.0,0.0,0.0,0.0,0.0,0.0,0.0,0.0,0.0,0.0,0.0,0.0,0.0,0.0,0.0,0.0,0.0,0.0,0.0,0.0,0.0,0.0,0.0,0.0,0.0,0.0,0.0,0.0,2.0
SMOTE_000248,attack,boolean,"1'  )   where 4297  =  4297 or 2367  =    (  select count  (  *  )   from rdb$fields as t1,rdb$types as t2,rdb$collations as t3,rdb$functions as t4  )  --",nearest_attack_euclidean,R000018,1.9833587708724625,148.6230928732904,34.02238052241644,4.252871454018745,73.06714156724931,16.51119026120822,42.02238052241644,17.022380522416437,0.49155320783699585,0.111122092515672,0.28288318985108724,0.11444150979624484,0.5111902612082193,0.4888097387917808,2.0,0.0,1.0,2.0,0.0,5.0,0.0,0.0,2.511190261208219,5.0,0.5111902612082191,0.4888097387917808,1.0,0.0,0.0,1.0,1.0,0.0,0.0,0.0,0.0,1.0,0.0,1.0,1.0,0.48880973879178075,0.5111902612082191,0.0,0.0,0.0,0.0,0.0,0.0,0.0,0.0,0.0,0.0,0.0,0.0,0.0,0.0,0.0,0.0,0.0,0.0,0.0,0.0,0.0,0.0,0.0,0.0,0.0,0.0,0.0,0.0,0.0,4.0
SMOTE_000249,attack,boolean,"1%' and 3707  =    (  select count  (  *  )   from sysibm.systables as t1,sysibm.systables as t2,sysibm.systables as t3  )   and '%'  =  '",nearest_attack_euclidean,R000028,3.3640604873381683,143.62286108616587,30.468571757180488,4.10314027001907,79.68571757180487,8.468571757180488,38.40571527154147,17.062856485639024,0.5543436929201272,0.0589217397971778,0.2674368525258254,0.11929771475686955,2.5942847284585353,1.1102230246251565e-16,0.0,0.0,1.0,1.5314282428195118,0.0,4.468571757180488,1.0628564856390237,0.0,2.468571757180488,2.531428242819512,1.0,0.0,0.0,0.46857175718048816,0.0,1.0,1.0,0.0,0.0,0.0,0.0,1.0,0.0,0.0,1.0,1.5314282428195118,0.0,0.0,0.0,0.0,0.0,0.0,0.0,0.0,0.0,0.0,0.0,0.0,0.0,0.0,0.0,0.0,0.0,0.0,0.0,0.0,0.0,0.0,0.0,0.0,0.0,0.0,0.0,0.0,0.0,0.0,3.5314282428195116
SMOTE_000250,attack,boolean,select * from users where id  =  1 +   (  \.  )   or 1  =  1 -- 1,nearest_attack_euclidean,R000001,1.9195061721694646,66.96537599072633,24.491343997681582,3.5451094750746024,21.543280011592095,8.913439976815805,26.26298400347763,10.245671998840791,0.3256362859802012,0.1271890610179393,0.3941051229665828,0.15306953003527674,0.0,0.24567199884079038,2.24567199884079,0.0,0.7543280011592097,2.0,0.0,2.2456719988407903,0.0,0.24567199884079027,0.24567199884079027,5.75432800115921,0.0,0.24567199884079036,1.0,0.0,0.0,1.0,1.0,0.0,0.0,0.0,0.0,0.7543280011592097,0.0,1.0,0.7543280011592097,0.0,1.0,0.0,0.0,0.0,0.0,0.0,0.0,0.0,0.0,0.0,0.0,0.0,0.0,0.0,0.0,0.0,0.0,0.0,0.0,0.0,0.0,0.0,0.0,0.0,0.0,0.0,0.0,0.0,0.0,0.0,3.5086560023184195
SMOTE_000251,attack,boolean,"1%""  )   or 2367  =    (  select count  (  *  )   from rdb$fields as t1,rdb$types as t2,rdb$collations as t3,rdb$functions as t4  )  --",nearest_attack_euclidean,R000007,0.5653143269401378,135.7523822059803,32.87460296566995,4.226577888702367,70.7492059313399,9.877779240310359,37.501588137320205,17.623808897009848,0.521340880699043,0.07253631508211586,0.27616896542773606,0.129953838791105,0.0,0.8746029656699489,2.0,0.0,1.0,1.125397034330051,0.0,5.0,0.8746029656699489,0.0,2.8746029656699488,4.125397034330051,0.0,0.8746029656699489,1.0,0.0,0.0,1.0,1.0,0.0,0.0,0.0,0.0,1.0,0.0,0.12539703433005114,1.0,0.0,1.0,0.0,0.0,0.0,0.0,0.0,0.0,0.0,0.0,0.0,0.0,0.0,0.0,0.0,0.0,0.0,0.0,0.0,0.0,0.0,0.0,0.0,0.0,0.0,0.0,0.0,0.0,0.0,0.0,0.0,3.1253970343300512
SMOTE_000252,attack,boolean,"1'   )    )     )   and 8635  =    (  select count  (  *  )   from generate_series  (  1,5000000   )    )   --",nearest_attack_euclidean,R000019,3.3524775329358683,131.84078096769858,31.98552554251805,3.676292907857659,45.402297411996855,11.510855843111461,53.96381385629513,20.96381385629513,0.336679322571033,0.09175112102492203,0.41451129024647193,0.15705826615757304,0.5036186143704868,1.489144156888539,1.0072372287409739,0.0,0.5036186143704869,1.0,0.0,10.489144156888539,0.0,1.4963813856295132,1.0,5.489144156888539,0.5036186143704869,0.49638138562951306,0.5036186143704869,0.0,0.0,1.0,1.0,0.0,0.0,0.0,0.496381385629513,1.0,0.0,0.0,1.0,1.0,0.0,0.0,0.0,0.0,0.0,0.0,0.0,0.0,0.0,0.0,0.0,0.0,0.0,0.0,0.0,0.0,0.0,0.0,0.0,0.0,0.0,0.0,0.0,0.0,0.0,0.0,0.0,0.0,0.0,0.0,3.0
SMOTE_000253,attack,boolean,"-9688%'   )    )     )   or elt  (  3695  =  7995,7995  )   and    (    (     (  '%'  =  '",nearest_attack_euclidean,R000013,1.108505958572509,86.46300394125848,20.166002043615503,2.729648217808115,7.476000583890141,13.904002335560577,47.73800029194507,17.34500072986268,0.08556190846914374,0.15448891483956192,0.5591174315863581,0.2008317451049363,3.4760005838901433,0.5239994161098565,0.8690001459725359,0.0,0.0,1.8690001459725358,0.0,8.0,1.7380002919450717,0.0,0.8690001459725359,2.7380002919450717,0.8690001459725359,0.1309998540274641,0.0,0.0,0.0,1.0,1.0,0.0,0.0,0.0,0.0,0.0,0.0,0.0,0.0,0.869000145972536,1.0,0.0,0.0,0.0,0.0,0.0,0.0,0.0,0.0,0.0,0.0,0.0,0.0,0.0,0.0,0.0,0.0,0.0,0.0,0.0,0.0,0.0,0.0,0.0,0.0,0.0,0.0,0.0,0.0,0.0,1.869000145972536
SMOTE_000254,attack,boolean,select * from users where id  =  1 +   (  \.  )   or 1  =  1 -- 1,nearest_attack_euclidean,R000001,1.1452486151724672,78.89810007831336,25.60362693211308,3.587543967046404,32.19631543080019,6.138169242817441,29.494530783287015,11.06908462140872,0.3906623024338345,0.07050980101881443,0.39245785893482465,0.14637003761252643,0.0,0.17818077023478673,2.0,0.0,1.0,2.0,0.0,2.53454231070436,0.0,0.0,0.35636154046957347,5.821819229765214,0.0,0.17818077023478668,1.0,0.0,0.0,1.0,1.0,0.0,0.0,0.0,0.0,1.0,0.0,1.0,1.0,0.17818077023478673,0.8218192297652133,0.0,0.0,0.0,0.0,0.0,0.0,0.0,0.0,0.0,0.0,0.0,0.0,0.0,0.0,0.0,0.0,0.0,0.0,0.0,0.0,0.0,0.0,0.0,0.0,0.0,0.0,0.0,0.0,0.0,4.0
SMOTE_000255,attack,boolean,"1""  )   where 7471  =  7471 and 8514  =    (  select count  (  *  )   from domain.domains as t1,domain.columns as t2,domain.tables as t3  )  --",nearest_attack_euclidean,R000020,0.14333383871995878,142.9130187568356,32.956509378417806,4.187236923364289,69.9565093784178,16.0,41.0,15.956509378417808,0.4895040186547267,0.1119571343495824,0.2868901567708049,0.11164869022488602,0.0,0.9565093784178073,2.0,0.0,1.0,2.0,0.0,5.0,0.0,0.0,2.0,5.0,0.0,0.9565093784178071,1.0,0.0,0.0,1.0,1.0,0.0,0.0,0.0,0.0,1.0,0.0,1.0,1.0,0.9565093784178073,0.043490621582192746,0.0,0.0,0.0,0.0,0.0,0.0,0.0,0.0,0.0,0.0,0.0,0.0,0.0,0.0,0.0,0.0,0.0,0.0,0.0,0.0,0.0,0.0,0.0,0.0,0.0,0.0,0.0,0.0,0.0,4.0
SMOTE_000256,attack,boolean,"1'  )   and 8407  =    (  select count  (  *  )   from generate_series  (  1,5000000   )    )   ",nearest_attack_euclidean,R000025,1.9611713395935022,87.53698713031865,26.691905580995993,3.6197099025929518,27.76849356515932,13.0,34.768493565159325,12.0,0.3142724935367537,0.1509035990013876,0.39552827761442394,0.1392956298474347,2.1540472095020027,1.1102230246251565e-16,0.0,0.0,0.6153175968326657,1.3846824031673344,0.0,5.845952790497997,0.0,1.0,1.0,2.0,1.0,0.0,0.0,0.0,0.0,1.0,1.0,0.0,0.0,0.0,0.0,0.6153175968326656,0.0,0.0,0.6153175968326657,1.3846824031673342,0.0,0.0,0.0,0.0,0.0,0.0,0.0,0.0,0.0,0.0,0.0,0.0,0.0,0.0,0.0,0.0,0.0,0.0,0.0,0.0,0.0,0.0,0.0,0.0,0.0,0.0,0.0,0.0,0.0,0.0,2.6153175968326656
SMOTE_000257,attack,boolean,"1'  )   and make_set  (  4551  =  6487,6487  )   and   (  'jnqa'  =  'jnqa",nearest_attack_euclidean,R000014,0.6977693324416225,79.6887857802924,23.406341841449457,3.5315114593576977,21.0,13.0,32.876102097393485,12.812683682898914,0.2654384979443888,0.16431907015605018,0.4093282483659292,0.1609141835336319,4.0,1.1102230246251565e-16,0.0,0.0,0.0,2.0,0.0,4.812683682898914,0.0,1.0,1.0,2.0,1.0,0.0,0.0,0.0,0.0,1.0,1.0,0.0,0.0,0.0,0.0,0.0,0.0,0.0,0.0,2.0,0.0,0.0,0.0,0.0,0.0,0.0,0.0,0.0,0.0,0.0,0.0,0.0,0.0,0.0,0.0,0.0,0.0,0.0,0.0,0.0,0.0,0.0,0.0,0.0,0.0,0.0,0.0,0.0,0.0,0.0,2.0
SMOTE_000258,attack,boolean,"1'   )    )    and make_set  (  8245  =  9872,9872  )   and    (    (   'kzgt'  =  'kzgt",nearest_attack_euclidean,R000004,1.8327162561979777,88.75035464523472,23.24964535476528,3.2096499570854204,16.122694805974337,14.125531967852076,43.00141858093887,15.500709290469436,0.18245450699189553,0.15900154075542064,0.4841048799637919,0.17443907228889197,4.0,1.1102230246251565e-16,0.3751773226173588,0.0,0.0,2.0,0.0,6.750354645234718,0.7503546452347176,0.6248226773826412,1.0,2.375177322617359,1.0,0.0,0.0,0.0,0.0,1.0,1.0,0.0,0.0,0.0,0.0,0.0,0.0,0.0,0.0,1.6248226773826413,0.37517732261735887,0.0,0.0,0.0,0.0,0.0,0.0,0.0,0.0,0.0,0.0,0.0,0.0,0.0,0.0,0.0,0.0,0.0,0.0,0.0,0.0,0.0,0.0,0.0,0.0,0.0,0.0,0.0,0.0,0.0,2.0
SMOTE_000259,attack,boolean,"1""   )    )     )   and   (  3020  =  3020  )  *6703 and    (    (     (  ""fqap"" like ""fqap",nearest_attack_euclidean,R000023,0.5299586886555864,92.56805252557945,22.660232642349243,3.0888020690322664,19.15540712411118,13.0,46.24758724088097,14.16505816058731,0.20548622405930939,0.14082071100574095,0.5005394628115397,0.1531536021234099,0.08252908029365558,3.669883678825378,0.16505816058731082,0.0,1.0,1.0,0.0,8.082529080293655,0.0,0.08252908029365547,0.08252908029365558,2.1650581605873107,0.08252908029365541,0.9174709197063445,0.08252908029365541,0.0,0.0,1.0,1.0,0.0,0.0,0.0,0.0,0.08252908029365547,0.0,0.0,0.08252908029365541,1.9174709197063444,0.0,0.0,0.0,0.0,0.0,0.0,0.0,0.0,0.0,0.0,0.0,0.0,0.0,0.0,0.0,0.0,0.0,0.0,0.0,0.0,0.0,0.0,0.0,0.0,0.0,0.0,0.0,0.0,0.0,0.0,2.0825290802936554
SMOTE_000260,attack,boolean,"1""   )    )    and   (  1248  =  8705  )  *8705 and    (    (   ""wvma"" like ""wvma",nearest_attack_euclidean,R000017,0.14407292584286632,82.12935587732424,22.887064412267577,3.256060090937055,18.0,13.0,38.9034847018594,12.22587117546485,0.2194643324119066,0.15850201785304363,0.4732419939644946,0.14879165577055511,0.0,4.0,0.0,0.0,1.0,1.0,0.0,6.2258711754648495,0.0,0.0,0.0,2.0,0.0,1.0,0.0,0.0,0.0,1.0,1.0,0.0,0.0,0.0,0.0,0.0,0.0,0.0,0.0,2.0,0.0,0.0,0.0,0.0,0.0,0.0,0.0,0.0,0.0,0.0,0.0,0.0,0.0,0.0,0.0,0.0,0.0,0.0,0.0,0.0,0.0,0.0,0.0,0.0,0.0,0.0,0.0,0.0,0.0,0.0,2.0
SMOTE_000261,attack,boolean,"1"" and 6537  =  dbms_pipe.receive_message  (  chr  (  76  )  ||chr  (  116  )  ||chr  (  117  )  ||chr  (  65  )  ,5  )   and ""kfps""  =  ""kfps",nearest_attack_euclidean,R000011,1.7874574189269827,147.08368400022638,31.694561333408796,3.880750525050348,52.660043666874195,13.458157999886804,54.965482333465395,26.0,0.35712956688701614,0.09245104682551233,0.3733650504545598,0.17705433583291175,0.0,3.5763596666478006,0.0,0.0,0.0,1.5763596666478006,0.0,10.8472806667044,0.0,2.0,1.0,7.5763596666478,0.0,1.0,0.0,0.0,0.0,1.0,1.0,0.0,0.0,0.0,0.9999999999999998,0.4236403333521995,0.0,0.0,0.42364033335219947,1.5763596666478006,0.0,0.0,0.0,0.0,0.0,0.0,0.0,0.0,0.0,0.0,0.0,0.0,0.0,0.0,0.0,0.0,0.0,0.0,0.0,0.0,0.0,0.0,0.0,0.0,0.0,0.0,0.0,0.0,0.0,0.0,2.4236403333521994
SMOTE_000262,attack,boolean,"1'  )   and 8407  =    (  select count  (  *  )   from generate_series  (  1,5000000   )    )   ",nearest_attack_euclidean,R000025,0.014845754783849426,96.12141488425033,29.010466800366405,3.6145615055087217,32.0565207219786,12.993719919780157,39.04186720146563,12.029307041025938,0.33343754822875643,0.1352691232957008,0.40620157405674634,0.1250917544187964,0.9979066399267185,0.006280080219844053,0.0,0.0,0.9979066399267187,1.0,0.0,7.010466800366407,0.0,1.0020933600732813,1.0,2.010466800366407,0.9979066399267187,0.002093360073281425,0.0,0.0,0.0,1.0,1.0,0.0,0.0,0.0,0.0020933600732813973,1.0,0.0,0.0,1.0,1.0,0.0,0.0,0.0,0.0,0.0,0.0,0.0,0.0,0.0,0.0,0.0,0.0,0.0,0.0,0.0,0.0,0.0,0.0,0.0,0.0,0.0,0.0,0.0,0.0,0.0,0.0,0.0,0.0,0.0,0.0,3.0
SMOTE_000263,attack,boolean,"1""   )    )     )   and   (  3020  =  3020  )  *6703 and    (    (     (  ""fqap"" like ""fqap",nearest_attack_euclidean,R000023,3.509685719373761,115.3176892992294,26.768174372397922,3.2137439319309076,26.105896433076467,13.953634874479585,56.48998361927543,18.76817437239792,0.22101208543753514,0.12510840525364958,0.4928010216367057,0.16107848767210953,0.9536348744795844,4.0,0.0,0.47681743723979214,0.5231825627602079,1.4768174372397922,0.0,9.907269748959168,0.9536348744795841,0.0,0.4768174372397922,2.4768174372397924,0.4768174372397921,1.0,0.0,0.0,0.0,1.0,1.0,0.0,0.0,0.0,0.0,0.0,0.0,0.0,0.0,2.0,0.0,0.0,0.0,0.0,0.0,0.0,0.0,0.0,0.0,0.0,0.0,0.0,0.0,0.0,0.0,0.0,0.0,0.0,0.0,0.0,0.0,0.0,0.0,0.0,0.0,0.0,0.0,0.0,0.0,0.0,2.0
SMOTE_000264,attack,boolean,"-4641""  )   where 4212  =  4212 or make_set  (  3595  =  4062,4062  )  --",nearest_attack_euclidean,R000009,1.093069305240827,71.88080997088319,25.720202492720798,3.7653795443613673,15.39898753639601,21.202024927207976,24.419696260918805,10.860101246360397,0.2166058483803044,0.2913821665721782,0.34088480247542174,0.15112718257209568,0.0,0.8601012463603988,2.8601012463603985,0.0,0.1398987536396012,2.0,0.0,2.860101246360399,0.0,0.8601012463603988,0.8601012463603989,5.139898753639601,0.0,0.8601012463603988,1.0,0.0,0.0,1.0,1.0,0.0,0.0,0.0,0.0,0.13989875363960125,0.0,1.0,0.1398987536396012,0.0,1.0,0.0,0.0,0.0,0.0,0.0,0.0,0.0,0.0,0.0,0.0,0.0,0.0,0.0,0.0,0.0,0.0,0.0,0.0,0.0,0.0,0.0,0.0,0.0,0.0,0.0,0.0,0.0,0.0,0.0,2.2797975072792025
SMOTE_000265,attack,boolean,"1'   )    )     )   and 8635  =    (  select count  (  *  )   from generate_series  (  1,5000000   )    )   --",nearest_attack_euclidean,R000019,2.7643899852920395,102.18585271363906,26.87434108545563,3.2661706418934995,22.623023256366885,14.172122092954138,48.60929263568195,16.781414728636094,0.2119783102387785,0.14146639847956033,0.47978943504613136,0.1667658562355298,2.1721220929541394,1.1102230246251565e-16,1.6092926356819535,0.0,0.6092926356819536,1.3907073643180465,0.0,8.609292635681953,0.7814147286360928,0.6092926356819536,1.0,3.6092926356819537,1.0,0.0,0.6092926356819535,0.0,0.0,1.0,1.0,0.0,0.0,0.0,0.0,0.6092926356819536,0.0,0.0,0.6092926356819536,1.0,0.39070736431804653,0.0,0.0,0.0,0.0,0.0,0.0,0.0,0.0,0.0,0.0,0.0,0.0,0.0,0.0,0.0,0.0,0.0,0.0,0.0,0.0,0.0,0.0,0.0,0.0,0.0,0.0,0.0,0.0,0.0,2.6092926356819537
SMOTE_000266,attack,boolean,"1%""  )   or 2367  =    (  select count  (  *  )   from rdb$fields as t1,rdb$types as t2,rdb$collations as t3,rdb$functions as t4  )  --",nearest_attack_euclidean,R000007,0.043754004509353975,135.075984803677,33.0,4.238810639918611,70.99050189954038,9.066486703217372,37.037992401838494,17.98100379908075,0.525580048452571,0.06709618449630936,0.2741941225854519,0.13312964446566772,0.0,1.0,2.0,0.0,1.0,1.0094981004596244,0.0,5.0,0.9905018995403756,0.0,2.9905018995403756,4.009498100459624,0.0,1.0,1.0,0.0,0.0,1.0,1.0,0.0,0.0,0.0,0.0,1.0,0.0,0.009498100459624403,1.0,0.009498100459624403,0.9905018995403755,0.0,0.0,0.0,0.0,0.0,0.0,0.0,0.0,0.0,0.0,0.0,0.0,0.0,0.0,0.0,0.0,0.0,0.0,0.0,0.0,0.0,0.0,0.0,0.0,0.0,0.0,0.0,0.0,0.0,3.0094981004596244
SMOTE_000267,attack,boolean,"1'   )    )    and make_set  (  8245  =  9872,9872  )   and    (    (   'kzgt'  =  'kzgt",nearest_attack_euclidean,R000004,0.01892842746308248,87.84567999195784,23.988977142282703,3.392054808980813,21.0,13.0,39.86772570739244,13.977954284565406,0.23913401722495167,0.14803534399639864,0.4537058757021224,0.15912476307652731,4.0,1.1102230246251565e-16,0.0,0.0,0.0,2.0,0.0,5.977954284565406,0.0,1.0,1.0,2.0,1.0,0.0,0.0,0.0,0.0,1.0,1.0,0.0,0.0,0.0,0.0,0.0,0.0,0.0,0.0,2.0,0.0,0.0,0.0,0.0,0.0,0.0,0.0,0.0,0.0,0.0,0.0,0.0,0.0,0.0,0.0,0.0,0.0,0.0,0.0,0.0,0.0,0.0,0.0,0.0,0.0,0.0,0.0,0.0,0.0,0.0,2.0
SMOTE_000268,attack,boolean," and 1  =    (   if   (    (   load_file  (  char  (  110,46,101,120,11 ...",nearest_attack_euclidean,R000003,4.02981661864027,77.86142642754032,22.476904404590055,3.337310957634389,17.47690440459005,13.523095595409947,33.815235236720426,13.046191190819894,0.2245470915351553,0.1741847242255443,0.4329711687123987,0.16829701552690166,0.0,1.9076176183602134,0.0,0.0,0.47690440459005334,1.0,0.0,5.476904404590053,0.0,0.5230955954099467,2.092382381639787,1.4769044045900532,0.0,0.47690440459005323,0.0,0.0,0.0,1.0,1.0,0.0,0.0,0.0,0.0,0.0,0.0,0.0,0.0,1.4769044045900532,0.0,0.0,0.0,0.0,0.0,0.0,0.0,0.0,0.0,0.0,0.0,0.0,0.0,0.0,0.0,0.0,0.0,0.0,0.0,0.0,0.0,0.5230955954099467,0.5230955954099467,0.0,0.0,0.0,0.0,0.0,0.0,0.0,2.5230955954099468
SMOTE_000269,attack,boolean,"1"" and 6537  =  dbms_pipe.receive_message  (  chr  (  76  )  ||chr  (  116  )  ||chr  (  117  )  ||chr  (  65  )  ,5  )   and ""kfps""  =  ""kfps",nearest_attack_euclidean,R000011,0.32140458160744495,142.0,30.113782911811708,3.8945642203214543,47.601759808659025,16.455131647246827,52.0,25.943108544094144,0.3352236606243593,0.11588120878342835,0.36619718309859156,0.18269794749362075,0.0,3.82932563228244,0.11378291181170641,0.0,0.0,2.0,0.0,10.0,0.0,2.0,1.0,8.113782911811708,0.0,1.0,0.05689145590585315,0.0,0.0,1.0,1.0,0.0,0.0,0.0,0.9999999999999998,0.0,0.0,0.056891455905853205,0.0,1.8862170881882936,0.056891455905853205,0.0,0.0,0.0,0.0,0.0,0.0,0.0,0.0,0.0,0.0,0.0,0.0,0.0,0.0,0.0,0.0,0.0,0.0,0.0,0.0,0.0,0.0,0.0,0.0,0.0,0.0,0.0,0.0,0.0,2.0
SMOTE_000270,attack,boolean,"1"" where 3018  =  3018 or 2633  =  dbms_pipe.receive_message  (  chr  (  112  )  ||chr  (  65  )  ||chr  (  65  )  ||chr  (  103  )  ,5  )  --",nearest_attack_euclidean,R000026,2.9689981117267346,111.8824857758668,29.38108571964059,3.8524261592608737,29.21488573838266,24.0,39.77840002498943,18.88920001249471,0.24641441810146622,0.2387440036059422,0.34985949673967054,0.16498208155292102,0.0,1.0,2.4364857133932345,0.0,0.0,2.0,0.0,6.944600006247356,0.0,1.563514286606765,1.0,7.817571433033826,0.0,1.0,1.0,0.0,0.0,1.0,1.0,0.0,0.0,0.0,0.5635142866067651,0.0,0.0,1.0,0.0,0.0,1.0,0.0,0.0,0.0,0.0,0.0,0.0,0.0,0.0,0.0,0.0,0.0,0.0,0.0,0.0,0.0,0.0,0.0,0.0,0.0,0.0,0.0,0.0,0.0,0.0,0.0,0.0,0.0,0.0,0.0,2.0
SMOTE_000271,attack,boolean,"1%' and 3707  =    (  select count  (  *  )   from sysibm.systables as t1,sysibm.systables as t2,sysibm.systables as t3  )   and '%'  =  '",nearest_attack_euclidean,R000028,1.391094149867814,127.98439678045037,29.76153325667739,3.933469070295277,64.74593003712776,9.192333716613051,37.47693348664522,16.56919954006434,0.4933656843742341,0.07643922695116229,0.30105632097526996,0.12913876769933363,3.2845997700321696,1.1102230246251565e-16,0.0,0.0,1.0,1.7615332566773898,0.0,4.715400229967831,1.5230665133547796,0.2384667433226102,1.7615332566773898,2.7615332566773896,1.0,0.0,0.0,0.0,0.0,1.0,1.0,0.0,0.0,0.0,0.0,1.0,0.0,0.0,1.0,1.7615332566773896,0.0,0.0,0.0,0.0,0.0,0.0,0.0,0.0,0.0,0.0,0.0,0.0,0.0,0.0,0.0,0.0,0.0,0.0,0.0,0.0,0.0,0.0,0.0,0.0,0.0,0.0,0.0,0.0,0.0,0.0,3.7615332566773896
SMOTE_000272,attack,boolean,"1'   )    )     )   and 8635  =    (  select count  (  *  )   from generate_series  (  1,5000000   )    )   --",nearest_attack_euclidean,R000019,1.0247700690881125,106.07204580864908,28.928739765995203,3.4756507581940785,30.036022904324536,13.0,47.393109648992805,15.642913255331734,0.2815761419007158,0.12345696327350847,0.44707766702121937,0.14788922780455635,1.535630117002399,1.1102230246251565e-16,1.642913255331734,0.0,0.821456627665867,1.178543372334133,0.0,8.464369882997602,0.0,1.0,1.0,3.642913255331734,1.0,0.0,0.821456627665867,0.0,0.0,1.0,1.0,0.0,0.0,0.0,0.0,0.821456627665867,0.0,0.0,0.821456627665867,1.178543372334133,0.0,0.0,0.0,0.0,0.0,0.0,0.0,0.0,0.0,0.0,0.0,0.0,0.0,0.0,0.0,0.0,0.0,0.0,0.0,0.0,0.0,0.0,0.0,0.0,0.0,0.0,0.0,0.0,0.0,0.0,2.8214566276658672
SMOTE_000273,attack,boolean,"1""   )    )    and   (  1248  =  8705  )  *8705 and    (    (   ""wvma"" like ""wvma",nearest_attack_euclidean,R000017,3.8679261096871542,78.253526143389,22.5422543572315,3.330400910765411,17.5422543572315,13.4577456427685,34.338034857852,12.915491285537001,0.22425664730119332,0.17247433040332372,0.43748919012958515,0.16577983216589778,0.0,2.169017428926,0.0,0.0,0.5422543572315,1.0,0.0,5.542254357231499,0.0,0.4577456427685,1.8309825710740004,1.5422543572314997,0.0,0.5422543572314998,0.0,0.0,0.0,1.0,1.0,0.0,0.0,0.0,0.0,0.0,0.0,0.0,0.0,1.5422543572315,0.0,0.0,0.0,0.0,0.0,0.0,0.0,0.0,0.0,0.0,0.0,0.0,0.0,0.0,0.0,0.0,0.0,0.0,0.0,0.0,0.0,0.45774564276850005,0.45774564276849994,0.0,0.0,0.0,0.0,0.0,0.0,0.0,2.4577456427685
SMOTE_000274,attack,boolean,"1""  )   where 7471  =  7471 and 8514  =    (  select count  (  *  )   from domain.domains as t1,domain.columns as t2,domain.tables as t3  )  --",nearest_attack_euclidean,R000020,1.2482129037152516,146.38391871213753,33.61525794766137,4.227627318752808,71.8457738429841,16.307628973830685,41.61525794766137,16.61525794766137,0.49073977611920355,0.11142712940984413,0.28440837432194793,0.11342472014900443,0.3076289738306841,0.6923710261693159,2.0,0.0,1.0,2.0,0.0,5.0,0.0,0.0,2.307628973830684,5.0,0.30762897383068405,0.6923710261693159,1.0,0.0,0.0,1.0,1.0,0.0,0.0,0.0,0.0,1.0,0.0,1.0,1.0,0.6923710261693159,0.3076289738306841,0.0,0.0,0.0,0.0,0.0,0.0,0.0,0.0,0.0,0.0,0.0,0.0,0.0,0.0,0.0,0.0,0.0,0.0,0.0,0.0,0.0,0.0,0.0,0.0,0.0,0.0,0.0,0.0,0.0,4.0
SMOTE_000275,attack,boolean,"1""   )    )     )   and   (  3020  =  3020  )  *6703 and    (    (     (  ""fqap"" like ""fqap",nearest_attack_euclidean,R000023,0.4406937792281161,94.35559283386495,22.526367503351363,3.1077881666115235,19.973878137567613,13.19738781375676,46.394775627513525,14.789551255027048,0.2070284970986754,0.14087134996220563,0.4963293075178721,0.15577084542124686,0.0,4.0,0.0,0.0,0.9342040620810794,1.0657959379189206,0.0,8.131591875837842,0.0,0.1315918758378411,0.06579593791892036,2.394775627513523,0.0,1.0,0.0,0.0,0.0,1.0,1.0,0.0,0.0,0.0,0.06579593791892058,0.0,0.0,0.0,0.0,2.0,0.0,0.0,0.0,0.0,0.0,0.0,0.0,0.0,0.0,0.0,0.0,0.0,0.0,0.0,0.0,0.0,0.0,0.0,0.0,0.0,0.0,0.0,0.0,0.0,0.0,0.0,0.0,0.0,0.0,0.0,2.0
SMOTE_000276,attack,boolean,"1'  )   and 8407  =    (  select count  (  *  )   from generate_series  (  1,5000000   )    )   ",nearest_attack_euclidean,R000025,0.19741812723579288,95.14808455652259,28.767659424506164,3.614615127500234,31.574042278261295,13.0,38.574042278261295,12.0,0.33141460485703284,0.1369756335536608,0.405170715232081,0.12643904635722536,1.116170287746919,1.1102230246251565e-16,0.0,0.0,0.9612765707510269,1.0387234292489729,0.0,6.883829712253081,0.0,1.0,1.0,2.0,1.0,0.0,0.0,0.0,0.0,1.0,1.0,0.0,0.0,0.0,0.0,0.961276570751027,0.0,0.0,0.9612765707510269,1.0387234292489729,0.0,0.0,0.0,0.0,0.0,0.0,0.0,0.0,0.0,0.0,0.0,0.0,0.0,0.0,0.0,0.0,0.0,0.0,0.0,0.0,0.0,0.0,0.0,0.0,0.0,0.0,0.0,0.0,0.0,0.0,2.961276570751027
SMOTE_000277,attack,boolean,"1'   )    )    and make_set  (  8245  =  9872,9872  )   and    (    (   'kzgt'  =  'kzgt",nearest_attack_euclidean,R000004,2.063479846510231,79.9216526342849,22.651667492100888,3.427973924365365,19.955002476302663,13.0,34.26998514218402,12.696665015798224,0.2538336023056748,0.16424391383342682,0.42265705773116125,0.15926542612973713,2.606669968403552,1.3933300315964483,0.0,0.0,0.348332507899112,1.6516674921008878,0.0,5.393330031596449,0.0,0.6516674921008879,0.651667492100888,2.0,0.6516674921008879,0.348332507899112,0.0,0.0,0.0,1.0,1.0,0.0,0.0,0.0,0.0,0.0,0.0,0.0,0.0,2.0,0.0,0.0,0.0,0.0,0.0,0.0,0.0,0.0,0.0,0.0,0.0,0.0,0.0,0.0,0.0,0.0,0.0,0.0,0.0,0.0,0.0,0.0,0.0,0.0,0.0,0.0,0.0,0.0,0.0,0.0,2.0
SMOTE_000278,attack,boolean,"1""   )    )    and   (  1248  =  8705  )  *8705 and    (    (   ""wvma"" like ""wvma",nearest_attack_euclidean,R000017,0.20627682980110434,81.91597721450745,23.221097948329387,3.2887078556797253,18.442195896658774,13.0,38.34743963308904,12.126341684759648,0.22439172589991316,0.15915738453551098,0.4683878199920234,0.1480630695725524,0.03158542118991248,3.87365831524035,0.06317084237982495,0.0,1.0,1.0,0.0,6.094756263569737,0.0,0.03158542118991248,0.03158542118991248,2.063170842379825,0.03158542118991242,0.9684145788100874,0.03158542118991242,0.0,0.0,1.0,1.0,0.0,0.0,0.0,0.0,0.03158542118991259,0.0,0.0,0.03158542118991242,1.9684145788100875,0.0,0.0,0.0,0.0,0.0,0.0,0.0,0.0,0.0,0.0,0.0,0.0,0.0,0.0,0.0,0.0,0.0,0.0,0.0,0.0,0.0,0.0,0.0,0.0,0.0,0.0,0.0,0.0,0.0,0.0,2.0315854211899125
SMOTE_000279,attack,boolean,"1'  )   and 8407  =    (  select count  (  *  )   from generate_series  (  1,5000000   )    )   ",nearest_attack_euclidean,R000025,2.9149398520586076,88.5610925632746,26.520364187758204,3.53387949633427,26.686494688053287,13.354233687463115,35.811896812831975,12.708467374926228,0.29554840667060117,0.15357114314915127,0.40403603945335553,0.14684441072689203,0.645766312536886,1.1102230246251565e-16,0.0,0.0,0.6457663125368861,1.0,0.0,6.291532625073772,0.0,1.0,2.0627010623893414,1.6457663125368862,0.6457663125368861,0.0,0.0,0.0,0.0,1.0,1.0,0.0,0.0,0.0,0.0,0.6457663125368861,0.0,0.0,0.6457663125368861,1.0,0.0,0.0,0.0,0.0,0.0,0.0,0.0,0.0,0.0,0.0,0.0,0.0,0.0,0.0,0.0,0.0,0.0,0.0,0.0,0.0,0.0,0.35423368746311396,0.3542336874631139,0.0,0.0,0.0,0.0,0.0,0.0,0.0,3.0
SMOTE_000280,attack,boolean,"1'  )   where 4297  =  4297 or 2367  =    (  select count  (  *  )   from rdb$fields as t1,rdb$types as t2,rdb$collations as t3,rdb$functions as t4  )  --",nearest_attack_euclidean,R000018,0.03163853391609266,154.09581989693,34.990418010306996,4.311136028640677,76.05749193815801,16.990418010306996,43.05749193815801,17.990418010307,0.49356871421878573,0.11026668654337453,0.27940820014683015,0.11675639909100954,0.990418010306998,0.009581989693002058,2.0,0.0,1.0,2.0,0.0,5.009581989693002,0.0,0.0,2.990418010306998,5.0,0.9904180103069982,0.009581989693001947,1.0,0.0,0.0,1.0,1.0,0.0,0.0,0.0,0.0,1.0,0.0,1.0,1.0,0.0,1.0,0.0,0.0,0.0,0.0,0.0,0.0,0.0,0.0,0.0,0.0,0.0,0.0,0.0,0.0,0.0,0.0,0.0,0.0,0.0,0.0,0.0,0.0,0.0,0.0,0.0,0.0,0.0,0.0,0.0,4.0
SMOTE_000281,attack,boolean,"1'   )    )     )   and 8635  =    (  select count  (  *  )   from generate_series  (  1,5000000   )    )   --",nearest_attack_euclidean,R000019,1.240723880514221,104.49053582439603,28.67012933692318,3.4540427384739165,29.34025867384636,13.0,46.910203243736426,15.240073906813246,0.27785985496547994,0.12622031810133014,0.4499535467357577,0.14596628019743216,0.8100184767033112,0.7599260931867553,1.6200369534066223,0.0,1.0,1.0,0.0,8.430055430109935,0.0,0.8100184767033112,0.8100184767033113,3.6200369534066223,0.8100184767033112,0.18998152329668883,0.8100184767033112,0.0,0.0,1.0,1.0,0.0,0.0,0.0,0.0,0.8100184767033112,0.0,0.0,0.8100184767033112,1.1899815232966886,0.0,0.0,0.0,0.0,0.0,0.0,0.0,0.0,0.0,0.0,0.0,0.0,0.0,0.0,0.0,0.0,0.0,0.0,0.0,0.0,0.0,0.0,0.0,0.0,0.0,0.0,0.0,0.0,0.0,0.0,2.8100184767033114
SMOTE_000282,attack,boolean,"1'   )    )    and make_set  (  8245  =  9872,9872  )   and    (    (   'kzgt'  =  'kzgt",nearest_attack_euclidean,R000004,1.3773899470542244,90.26633969846422,25.416462311540144,3.453051975031203,24.116217085388314,13.0,39.716707537691974,13.433415075383945,0.2654633013549269,0.1442397708238595,0.44086371630898724,0.1494332115122263,3.150122613075915,1.1102230246251565e-16,0.0,0.0,0.28329246230802846,1.7167075376919716,0.0,6.283292462308029,0.0,1.0,1.0,2.0,1.0,0.0,0.0,0.0,0.0,1.0,1.0,0.0,0.0,0.0,0.0,0.2832924623080285,0.0,0.0,0.28329246230802846,1.7167075376919714,0.0,0.0,0.0,0.0,0.0,0.0,0.0,0.0,0.0,0.0,0.0,0.0,0.0,0.0,0.0,0.0,0.0,0.0,0.0,0.0,0.0,0.0,0.0,0.0,0.0,0.0,0.0,0.0,0.0,0.0,2.2832924623080286
SMOTE_000283,attack,boolean,"1""   )    )     )   and   (  3020  =  3020  )  *6703 and    (    (     (  ""fqap"" like ""fqap",nearest_attack_euclidean,R000023,0.3937318931282704,87.91362256306621,22.308637743693378,3.1232062859827074,18.0,13.0,43.530898050452976,13.382724512613244,0.20533913904013132,0.1483004893067615,0.49427283742913775,0.15208753422396937,0.0,4.0,0.0,0.0,1.0,1.0,0.0,7.382724512613244,0.0,0.0,0.0,2.0,0.0,1.0,0.0,0.0,0.0,1.0,1.0,0.0,0.0,0.0,0.0,0.0,0.0,0.0,0.0,2.0,0.0,0.0,0.0,0.0,0.0,0.0,0.0,0.0,0.0,0.0,0.0,0.0,0.0,0.0,0.0,0.0,0.0,0.0,0.0,0.0,0.0,0.0,0.0,0.0,0.0,0.0,0.0,0.0,0.0,0.0,2.0
SMOTE_000284,attack,boolean,"select dbms_pipe.receive_message  (  chr  (  66  )  ||chr  (  67  )  ||chr  (  79  )  ||chr  (  101  )  ,5  )   from dual and    (    (   ""vfvh""  =  ""vfvh",nearest_attack_euclidean,R000024,3.0389350030102924,157.5066853569408,35.7533426784704,3.9414656420196814,55.93165031267679,15.698363705028818,58.1233286607648,27.753342678470407,0.3558834260098091,0.09870455174783668,0.3694123047017104,0.17599971754064378,1.3150070088528043,1.684992991147196,0.8766713392352028,0.0,0.0,1.4383356696176015,0.0,11.5616643303824,0.0,2.0,1.0,9.191678348088008,0.43833566961760145,0.5616643303823985,0.4383356696176014,0.0,0.0,1.0,1.0,0.0,0.0,0.0,0.9999999999999998,1.0,0.0,0.4383356696176014,0.5616643303823985,1.0,0.0,0.0,0.0,0.0,0.0,0.0,0.0,0.0,0.0,0.0,0.0,0.0,0.0,0.0,0.0,0.0,0.0,0.0,0.0,0.0,0.0,0.0,0.0,0.0,0.0,0.0,0.0,0.0,0.0,0.0,3.0
SMOTE_000285,attack,boolean,"1""   )    )    as gawq where 4728  =  4728 or 7417  =    (  select count  (  *  )   from sysibm.systables as t1,sysibm.systables as t2,sysibm.systables as t3  )  --",nearest_attack_euclidean,R000010,1.7364079442705633,158.77016468114965,33.52456042555906,4.023416698534577,72.25348872396073,17.90175829776376,49.71315936166141,18.90175829776376,0.44977750974215425,0.11454679345306004,0.31480677026520687,0.12086892653957886,0.0,1.0,2.0,0.0,0.7622802127795298,2.0,0.0,6.95087914888188,0.0,0.4754395744409401,1.76228021277953,6.18859893610235,0.0,1.0,1.0,0.0,0.0,1.0,1.0,0.0,0.0,0.0,0.23771978722047005,0.7622802127795298,0.0,1.0,0.7622802127795298,0.0,1.0,0.0,0.0,0.0,0.0,0.0,0.0,0.0,0.0,0.0,0.0,0.0,0.0,0.0,0.0,0.0,0.0,0.0,0.0,0.0,0.0,0.0,0.0,0.0,0.0,0.0,0.0,0.0,0.0,0.0,3.52456042555906
SMOTE_000286,attack,boolean,"1"" where 3018  =  3018 or 2633  =  dbms_pipe.receive_message  (  chr  (  112  )  ||chr  (  65  )  ||chr  (  65  )  ||chr  (  103  )  ,5  )  --",nearest_attack_euclidean,R000026,2.830414855606525,147.04184082131817,32.84030680355303,3.8725332368481036,48.56276123197724,18.117852375128813,54.94107381243559,25.420153401776513,0.32838835838973496,0.12528493038031166,0.3733060526183149,0.1730206586116385,0.0,1.840306803553027,1.1596931964469728,0.0,0.0,1.5798465982234864,0.0,10.840306803553027,0.0,2.0,1.0,8.73953979467046,0.0,1.0,0.5798465982234865,0.0,0.0,1.0,1.0,0.0,0.0,0.0,0.9999999999999998,0.4201534017765136,0.0,0.5798465982234866,0.42015340177651356,0.4201534017765135,0.5798465982234865,0.0,0.0,0.0,0.0,0.0,0.0,0.0,0.0,0.0,0.0,0.0,0.0,0.0,0.0,0.0,0.0,0.0,0.0,0.0,0.0,0.0,0.0,0.0,0.0,0.0,0.0,0.0,0.0,0.0,2.4201534017765134
SMOTE_000287,attack,boolean,"1%""  )   or 2367  =    (  select count  (  *  )   from rdb$fields as t1,rdb$types as t2,rdb$collations as t3,rdb$functions as t4  )  --",nearest_attack_euclidean,R000007,2.129749212221323,135.4676146938807,32.5323853061193,4.240256112986848,70.06477061223862,12.273302857164866,37.0,16.12954122447722,0.5172409253478585,0.09050584713901583,0.27313171330753894,0.11912151420558671,0.0,0.5323853061193048,2.0,0.0,1.0,1.4676146938806953,0.0,4.532385306119306,0.5323853061193048,0.0,2.5323853061193047,4.467614693880695,0.0,0.5323853061193047,1.0,0.0,0.0,1.0,1.0,0.0,0.0,0.0,0.0,1.0,0.0,0.46761469388069526,1.0,0.0,1.0,0.0,0.0,0.0,0.0,0.0,0.0,0.0,0.0,0.0,0.0,0.0,0.0,0.0,0.0,0.0,0.0,0.0,0.0,0.0,0.0,0.0,0.0,0.0,0.0,0.0,0.0,0.0,0.0,0.0,3.4676146938806953
SMOTE_000288,attack,boolean,"select dbms_pipe.receive_message  (  chr  (  66  )  ||chr  (  67  )  ||chr  (  79  )  ||chr  (  101  )  ,5  )   from dual and    (    (   ""vfvh""  =  ""vfvh",nearest_attack_euclidean,R000024,0.8968009397732862,151.44942031030297,33.14980677010099,3.8681851584402005,56.66196861777771,11.275289844848523,57.51216184767672,26.0,0.3735333532481202,0.07508233185493153,0.3795206295150147,0.17186368538193356,0.0,3.2125483074747536,0.0,0.0,0.0,1.2125483074747538,0.0,11.574903385050494,0.0,2.0,1.0,7.212548307474753,0.0,1.0,0.0,0.0,0.0,1.0,1.0,0.0,0.0,0.0,0.9999999999999998,0.7874516925252463,0.0,0.0,0.7874516925252463,1.2125483074747536,0.0,0.0,0.0,0.0,0.0,0.0,0.0,0.0,0.0,0.0,0.0,0.0,0.0,0.0,0.0,0.0,0.0,0.0,0.0,0.0,0.0,0.0,0.0,0.0,0.0,0.0,0.0,0.0,0.0,0.0,2.7874516925252464
SMOTE_000289,attack,boolean,"1""  )   where 7471  =  7471 and 8514  =    (  select count  (  *  )   from domain.domains as t1,domain.columns as t2,domain.tables as t3  )  --",nearest_attack_euclidean,R000020,1.0443087614578996,142.36626776251651,32.68313388125826,4.173153033404268,69.68313388125826,16.0,41.0,15.683133881258259,0.4894633438299745,0.11239099914693923,0.2880019353140318,0.11014372170905454,0.0,0.6831338812582585,2.0,0.0,1.0,2.0,0.0,5.0,0.0,0.0,2.0,5.0,0.0,0.6831338812582584,1.0,0.0,0.0,1.0,1.0,0.0,0.0,0.0,0.0,1.0,0.0,1.0,1.0,0.6831338812582586,0.31686611874174164,0.0,0.0,0.0,0.0,0.0,0.0,0.0,0.0,0.0,0.0,0.0,0.0,0.0,0.0,0.0,0.0,0.0,0.0,0.0,0.0,0.0,0.0,0.0,0.0,0.0,0.0,0.0,0.0,0.0,4.0
SMOTE_000290,attack,boolean,"1%""  )   or 2367  =    (  select count  (  *  )   from rdb$fields as t1,rdb$types as t2,rdb$collations as t3,rdb$functions as t4  )  --",nearest_attack_euclidean,R000007,0.45406437176559294,135.0996958566703,32.9003041433297,4.239491022677548,70.8006082866594,9.697870996692092,37.0,17.601216573318805,0.5240742763004046,0.07174920053613289,0.2738731619446187,0.13030336121884387,0.0,0.9003041433297011,2.0,0.0,1.0,1.0996958566702988,0.0,4.9003041433297,0.9003041433297011,0.0,2.900304143329701,4.099695856670299,0.0,0.9003041433297011,1.0,0.0,0.0,1.0,1.0,0.0,0.0,0.0,0.0,1.0,0.0,0.0996958566702989,1.0,0.0,1.0,0.0,0.0,0.0,0.0,0.0,0.0,0.0,0.0,0.0,0.0,0.0,0.0,0.0,0.0,0.0,0.0,0.0,0.0,0.0,0.0,0.0,0.0,0.0,0.0,0.0,0.0,0.0,0.0,0.0,3.099695856670299
SMOTE_000291,attack,boolean,"call regexp_substring  (  repeat  (  left  (  crypt_key  (  char  (  65  )  ||char  (  69  )  ||char  (  83  )  ,null  )  ,0  )  ,500000000  )  ,null  )   and ""%""  =  """,nearest_attack_euclidean,R000022,3.742766198310124,157.09441423753105,33.161108787502386,3.882897388554874,52.0305334812727,19.355564849990444,58.38609833126314,27.322217575004778,0.32844838910973967,0.12618310978361408,0.37130769712809153,0.17406080397855475,0.0,2.161108787502389,0.8388912124976106,0.0,0.0,1.4194456062488052,0.0,12.322217575004778,0.5805543937511947,2.0,2.7416631812535837,7.097228031244027,0.0,1.0,0.4194456062488053,0.0,0.0,1.0,1.0,0.0,0.0,0.0,0.9999999999999998,0.0,0.0,0.41944560624880545,0.0,0.5805543937511947,0.4194456062488053,0.0,0.0,0.0,0.0,0.0,0.0,0.0,0.0,0.0,0.0,0.0,0.0,0.0,0.0,0.0,0.0,0.0,0.0,0.0,0.0,1.741663181253584,0.0,0.0,0.0,0.0,0.0,0.0,0.0,0.0,3.1611087875023895
SMOTE_000292,attack,boolean,"1 where 3902  =  3902 or 9643  =    (  select count  (  *  )   from domain.domains as t1,domain.columns as t2,domain.tables as t3  )  --",nearest_attack_euclidean,R000005,1.0472624721698094,127.41402162822098,31.182287774116283,4.1833287305414295,61.504304596065936,17.090282967844956,35.22829017725195,13.591143887058141,0.4643450778321635,0.14641963513047726,0.2797873351996463,0.10944795183771289,0.0,0.13628537098061955,2.1362853709806195,0.0,0.8637146290193805,2.0,0.0,3.8637146290193805,0.0,0.13628537098061944,1.8637146290193807,5.0,0.0,0.1362853709806195,1.0,0.0,0.0,1.0,1.0,0.0,0.0,0.0,0.0,0.8637146290193806,0.0,1.0,0.8637146290193805,0.0,1.0,0.0,0.0,0.0,0.0,0.0,0.0,0.0,0.0,0.0,0.0,0.0,0.0,0.0,0.0,0.0,0.0,0.0,0.0,0.0,0.0,0.0,0.0,0.0,0.0,0.0,0.0,0.0,0.0,0.0,3.727429258038761
SMOTE_000293,attack,boolean,"1"" where 3018  =  3018 or 2633  =  dbms_pipe.receive_message  (  chr  (  112  )  ||chr  (  65  )  ||chr  (  65  )  ||chr  (  103  )  ,5  )  --",nearest_attack_euclidean,R000026,2.4259768100319214,151.53229582144314,34.85968874643294,3.9590570818516664,46.24276270179372,23.52338520892784,54.383073955360786,27.383073955360786,0.30410572835052774,0.15612700399726648,0.35935998604356584,0.18040728160863992,1.42984437321647,0.5233852089278435,2.0,0.0,0.0,2.0,0.0,10.476614791072157,0.0,2.0,1.0,10.953229582144314,0.4766147910721567,0.5233852089278432,1.0,0.0,0.0,1.0,1.0,0.0,0.0,0.0,0.9999999999999998,0.47661479107215665,0.0,1.0,0.0,0.47661479107215665,0.5233852089278432,0.0,0.0,0.0,0.0,0.0,0.0,0.0,0.0,0.0,0.0,0.0,0.0,0.0,0.0,0.0,0.0,0.0,0.0,0.0,0.0,0.0,0.0,0.0,0.0,0.0,0.0,0.0,0.0,0.0,2.4766147910721568
SMOTE_000294,attack,boolean,"1'   )    )     )   and 8635  =    (  select count  (  *  )   from generate_series  (  1,5000000   )    )   --",nearest_attack_euclidean,R000019,2.010817583330908,95.63038819746578,28.084051759662103,3.4824648874700297,29.445402346216138,10.126077639493154,41.97485645209438,14.084051759662103,0.31591913786921266,0.10009419493387299,0.43585247385378445,0.14813419334312994,0.6806752932770169,1.1102230246251565e-16,2.0,0.0,1.0,1.319324706722983,0.0,6.7647270529391195,0.0,0.680675293277017,0.680675293277017,4.638649413445966,0.680675293277017,0.0,1.0,0.0,0.0,1.0,1.0,0.0,0.0,0.0,0.0,1.0,0.0,0.3193247067229829,1.0,0.680675293277017,0.3193247067229831,0.0,0.0,0.0,0.0,0.0,0.0,0.0,0.0,0.0,0.0,0.0,0.0,0.0,0.0,0.0,0.0,0.0,0.0,0.0,0.0,0.0,0.0,0.0,0.0,0.0,0.0,0.0,0.0,0.0,3.319324706722983
SMOTE_000295,attack,boolean,"1'  )   and 8407  =    (  select count  (  *  )   from generate_series  (  1,5000000   )    )   ",nearest_attack_euclidean,R000025,0.5578112206917412,97.56338248181046,28.895774501212635,3.6754368242418907,36.273245450281905,11.957745012126365,37.332392019402185,12.0,0.36713619780491075,0.12411970241184263,0.38550466564114133,0.12323943414210535,1.208450997574727,1.1102230246251565e-16,0.0,0.0,1.0,1.0,0.0,6.478872506063182,0.0,0.8957745012126365,1.1042254987873634,2.0,1.0,0.0,0.0,0.0,0.0,1.0,1.0,0.0,0.0,0.0,0.0,1.0,0.0,0.0,1.0,1.0,0.0,0.0,0.0,0.0,0.0,0.0,0.0,0.0,0.0,0.0,0.0,0.0,0.0,0.0,0.0,0.0,0.0,0.0,0.0,0.0,0.0,0.0,0.0,0.0,0.0,0.0,0.0,0.0,0.0,0.0,3.0
SMOTE_000296,attack,boolean,"1 where 3902  =  3902 or 9643  =    (  select count  (  *  )   from domain.domains as t1,domain.columns as t2,domain.tables as t3  )  --",nearest_attack_euclidean,R000005,1.3940869278283532,138.89848838713456,32.414069769590654,4.219878905137918,69.41406976959065,16.0,38.656279078362616,14.828139539181306,0.4999649213262054,0.11526245299289628,0.2781267937234336,0.10664583195746472,0.0,0.41406976959065334,2.0,0.0,1.0,2.0,0.0,4.414069769590654,0.0,0.0,2.0,5.0,0.0,0.4140697695906532,1.0,0.0,0.0,1.0,1.0,0.0,0.0,0.0,0.0,1.0,0.0,1.0,1.0,0.4140697695906532,0.5859302304093467,0.0,0.0,0.0,0.0,0.0,0.0,0.0,0.0,0.0,0.0,0.0,0.0,0.0,0.0,0.0,0.0,0.0,0.0,0.0,0.0,0.0,0.0,0.0,0.0,0.0,0.0,0.0,0.0,0.0,4.0
SMOTE_000297,attack,boolean,"1%' and 3707  =    (  select count  (  *  )   from sysibm.systables as t1,sysibm.systables as t2,sysibm.systables as t3  )   and '%'  =  '",nearest_attack_euclidean,R000028,1.165180659339415,131.21824105421072,29.49764748549709,4.076088461978316,74.49764748549708,6.744118713742728,33.48353239847964,16.492942456491274,0.572157414410027,0.050198619536676495,0.25281711398252993,0.12482685207076659,3.7488237427485456,1.1102230246251565e-16,0.0,0.0,1.0,1.7488237427485456,0.0,3.497647485497092,1.4976474854970911,0.0,2.0,2.7488237427485456,1.0,0.0,0.0,0.0,0.0,1.0,1.0,0.0,0.0,0.0,0.0,1.0,0.0,0.0,1.0,1.7488237427485456,0.0,0.0,0.0,0.0,0.0,0.0,0.0,0.0,0.0,0.0,0.0,0.0,0.0,0.0,0.0,0.0,0.0,0.0,0.0,0.0,0.0,0.0,0.0,0.0,0.0,0.0,0.0,0.0,0.0,0.0,3.7488237427485456
SMOTE_000298,attack,boolean,"-4641""  )   where 4212  =  4212 or make_set  (  3595  =  4062,4062  )  --",nearest_attack_euclidean,R000009,3.3029527798326352,106.5051500825628,28.9134913115272,3.8473238872533924,27.110710901872398,24.0,37.59629278712693,17.798146393563467,0.2388587492456884,0.2511939415414328,0.34694248229584784,0.1630048269170309,0.0,1.0,2.5144181147454665,0.0,0.0,2.0,0.0,6.399073196781733,0.0,1.485581885254533,1.0,7.427909426272667,0.0,1.0,1.0,0.0,0.0,1.0,1.0,0.0,0.0,0.0,0.48558188525453316,0.0,0.0,1.0,0.0,0.0,1.0,0.0,0.0,0.0,0.0,0.0,0.0,0.0,0.0,0.0,0.0,0.0,0.0,0.0,0.0,0.0,0.0,0.0,0.0,0.0,0.0,0.0,0.0,0.0,0.0,0.0,0.0,0.0,0.0,0.0,2.0
SMOTE_000299,attack,boolean,"1'+  (  select 'wkbg' where 3921  =  3921 and 8407  =    (  select count  (  *  )   from generate_series  (  1,5000000   )    )     )  +'",nearest_attack_euclidean,R000029,2.662925191645155,146.51245274565687,37.38049810982628,4.0126152950279455,48.90249054913138,21.76099621965255,52.663486768783926,23.185479208089028,0.3346650412807572,0.14898148032953074,0.35997454492387826,0.1563789334658338,3.6195018901737246,1.1102230246251565e-16,0.7609962196525503,0.0,0.6195018901737248,2.0,0.0,9.141494329478826,0.0,1.3804981098262754,1.0,7.663486768783926,1.0,0.0,0.3804981098262752,0.0,0.0,1.0,1.0,0.0,0.0,0.0,0.3804981098262752,1.619501890173725,0.0,1.0,0.6195018901737248,1.0,0.0,0.0,0.0,0.0,0.0,0.0,0.0,0.0,0.0,0.0,0.0,0.0,0.0,0.0,0.0,0.0,0.0,0.0,0.0,0.0,0.0,0.0,0.0,0.0,0.0,0.0,0.0,0.0,0.0,0.0,4.239003780347449
SMOTE_000300,attack,boolean,"1""   )    )    and   (  1248  =  8705  )  *8705 and    (    (   ""wvma"" like ""wvma",nearest_attack_euclidean,R000017,2.7295981758122623,82.63423787729486,22.49210365427677,3.3359928017799656,19.476310962830315,13.0,37.1421342230181,13.015792691446455,0.24011405046424877,0.15900726278514504,0.4429401948231486,0.15793849192745757,1.9684146171070893,2.031585382892911,0.0,0.0,0.5078963457232276,1.4921036542767723,0.0,6.031585382892911,0.0,0.4921036542767724,0.4921036542767724,2.0,0.49210365427677233,0.5078963457232276,0.0,0.0,0.0,1.0,1.0,0.0,0.0,0.0,0.0,0.0,0.0,0.0,0.0,2.0,0.0,0.0,0.0,0.0,0.0,0.0,0.0,0.0,0.0,0.0,0.0,0.0,0.0,0.0,0.0,0.0,0.0,0.0,0.0,0.0,0.0,0.0,0.0,0.0,0.0,0.0,0.0,0.0,0.0,0.0,2.0
SMOTE_000301,attack,boolean,"1"" where 3018  =  3018 or 2633  =  dbms_pipe.receive_message  (  chr  (  112  )  ||chr  (  65  )  ||chr  (  65  )  ||chr  (  103  )  ,5  )  --",nearest_attack_euclidean,R000026,0.9794681209589122,142.0,31.653250945359687,3.883496074065642,42.213621691241094,22.613003781438746,52.0,25.173374527320156,0.2972790259946556,0.15924650550308975,0.36619718309859156,0.17727728540366305,0.0,1.5201235819604704,1.6532509453596864,0.0,0.0,2.0,0.0,10.0,0.0,2.0,1.0,9.653250945359687,0.0,1.0,0.8266254726798432,0.0,0.0,1.0,1.0,0.0,0.0,0.0,0.9999999999999998,0.0,0.0,0.8266254726798432,0.0,0.3467490546403136,0.8266254726798432,0.0,0.0,0.0,0.0,0.0,0.0,0.0,0.0,0.0,0.0,0.0,0.0,0.0,0.0,0.0,0.0,0.0,0.0,0.0,0.0,0.0,0.0,0.0,0.0,0.0,0.0,0.0,0.0,0.0,2.0
SMOTE_000302,attack,boolean,"1""   )    )     )   and   (  3020  =  3020  )  *6703 and    (    (     (  ""fqap"" like ""fqap",nearest_attack_euclidean,R000023,0.019051686289474158,90.85065803475521,22.01493419652448,3.055748065451211,18.0,13.0,45.88052642780418,13.970131606951044,0.198166891246019,0.14312053256656926,0.5049515174781495,0.15376105870926224,0.0,4.0,0.0,0.0,1.0,1.0,0.0,7.970131606951044,0.0,0.0,0.0,2.0,0.0,1.0,0.0,0.0,0.0,1.0,1.0,0.0,0.0,0.0,0.0,0.0,0.0,0.0,0.0,2.0,0.0,0.0,0.0,0.0,0.0,0.0,0.0,0.0,0.0,0.0,0.0,0.0,0.0,0.0,0.0,0.0,0.0,0.0,0.0,0.0,0.0,0.0,0.0,0.0,0.0,0.0,0.0,0.0,0.0,0.0,2.0
SMOTE_000303,attack,boolean,"1'  )   and make_set  (  4551  =  6487,6487  )   and   (  'jnqa'  =  'jnqa",nearest_attack_euclidean,R000014,0.6340887597416822,75.80953570661372,22.886904018336644,3.547511292412157,19.52975223837636,13.33928794499007,30.261919633267134,12.67857588998014,0.2617419543244689,0.17591341497646953,0.39590316112261026,0.16644146957645134,4.0,1.1102230246251565e-16,0.11309598166335666,0.0,0.0,2.0,0.0,4.452383926653427,0.2261919633267133,0.8869040183366433,1.0,2.1130959816633568,1.0,0.0,0.0,0.0,0.0,1.0,1.0,0.0,0.0,0.0,0.0,0.0,0.0,0.0,0.0,1.8869040183366432,0.11309598166335666,0.0,0.0,0.0,0.0,0.0,0.0,0.0,0.0,0.0,0.0,0.0,0.0,0.0,0.0,0.0,0.0,0.0,0.0,0.0,0.0,0.0,0.0,0.0,0.0,0.0,0.0,0.0,0.0,0.0,2.0
SMOTE_000304,attack,boolean,"1'   )    )    and make_set  (  8245  =  9872,9872  )   and    (    (   'kzgt'  =  'kzgt",nearest_attack_euclidean,R000004,2.4252242219936377,81.30402056868328,22.570351731253925,3.3810991746189085,19.711055193761773,13.0,35.733668837429356,12.85929653749215,0.24684194422275352,0.1615752498674068,0.43299360232352846,0.15858920358631123,2.2814069250156983,1.7185930749843017,0.0,0.0,0.4296482687460754,1.5703517312539246,0.0,5.718593074984302,0.0,0.5703517312539246,0.5703517312539245,2.0,0.5703517312539246,0.42964826874607537,0.0,0.0,0.0,1.0,1.0,0.0,0.0,0.0,0.0,0.0,0.0,0.0,0.0,2.0,0.0,0.0,0.0,0.0,0.0,0.0,0.0,0.0,0.0,0.0,0.0,0.0,0.0,0.0,0.0,0.0,0.0,0.0,0.0,0.0,0.0,0.0,0.0,0.0,0.0,0.0,0.0,0.0,0.0,0.0,2.0
SMOTE_000305,attack,boolean,"1'  )   where 4297  =  4297 or 2367  =    (  select count  (  *  )   from rdb$fields as t1,rdb$types as t2,rdb$collations as t3,rdb$functions as t4  )  --",nearest_attack_euclidean,R000018,0.8326429498518653,151.74269593741045,34.589581079529175,4.288041421184733,74.76874323858752,16.794790539764588,42.589581079529175,17.58958107952917,0.492686475683375,0.11069711707327984,0.28075831263912643,0.11585809460421871,0.7947905397645868,0.20520946023541342,2.0,0.0,1.0,2.0,0.0,5.0,0.0,0.0,2.7947905397645867,5.0,0.7947905397645867,0.20520946023541325,1.0,0.0,0.0,1.0,1.0,0.0,0.0,0.0,0.0,1.0,0.0,1.0,1.0,0.2052094602354133,0.7947905397645867,0.0,0.0,0.0,0.0,0.0,0.0,0.0,0.0,0.0,0.0,0.0,0.0,0.0,0.0,0.0,0.0,0.0,0.0,0.0,0.0,0.0,0.0,0.0,0.0,0.0,0.0,0.0,0.0,0.0,4.0
SMOTE_000306,attack,boolean,"1%""  )   or 2367  =    (  select count  (  *  )   from rdb$fields as t1,rdb$types as t2,rdb$collations as t3,rdb$functions as t4  )  --",nearest_attack_euclidean,R000007,3.415994416749571,141.63420577209,32.115439230388,4.214005572288504,77.191925387284,9.0,38.326841154418,17.115439230388,0.5439447564180222,0.06371813076796,0.2707979230755111,0.12153918973850666,0.4422803848060006,0.5577196151939996,1.1154392303879992,0.0,1.0,1.0,0.0,5.0,0.5577196151939996,0.0,3.0,3.115439230387999,0.4422803848060004,0.5577196151939995,0.5577196151939996,0.4422803848060003,0.0,1.0,1.0,0.0,0.0,0.0,0.0,1.0,0.0,0.0,1.0,0.44228038480600035,0.5577196151939995,0.0,0.0,0.0,0.0,0.0,0.0,0.0,0.0,0.0,0.0,0.0,0.0,0.0,0.0,0.0,0.0,0.0,0.0,0.0,0.0,0.0,0.0,0.0,0.0,0.0,0.0,0.0,0.0,0.0,3.0
SMOTE_000307,attack,boolean,"1""   )    )    and   (  1248  =  8705  )  *8705 and    (    (   ""wvma"" like ""wvma",nearest_attack_euclidean,R000017,0.32616793362902824,80.6002619432645,23.0,3.3018018593222425,18.171316310029503,13.0,37.428945633235,12.0,0.2257377220776824,0.16136079324950975,0.4639530601347988,0.148948424538009,0.22842174670599835,3.771578253294002,0.0,0.0,0.9428945633235004,1.0571054366764996,0.0,5.885789126647001,0.0,0.05710543667649948,0.057105436676499366,2.0,0.05710543667649953,0.9428945633235004,0.0,0.0,0.0,1.0,1.0,0.0,0.0,0.0,0.0,0.0,0.0,0.0,0.0,2.0,0.0,0.0,0.0,0.0,0.0,0.0,0.0,0.0,0.0,0.0,0.0,0.0,0.0,0.0,0.0,0.0,0.0,0.0,0.0,0.0,0.0,0.0,0.0,0.0,0.0,0.0,0.0,0.0,0.0,0.0,2.0
SMOTE_000308,attack,boolean,"1 where 3902  =  3902 or 9643  =    (  select count  (  *  )   from domain.domains as t1,domain.columns as t2,domain.tables as t3  )  --",nearest_attack_euclidean,R000005,3.7753148414328366,105.04809211005247,29.052199248576425,4.032152582484608,41.97849311195057,19.9304010018981,30.61309837191559,12.52609962428821,0.3523123194633014,0.22137037293486123,0.29991961830263686,0.12639768929920048,0.0,0.49130012523726263,2.491300125237262,0.0,0.5086998747627374,2.0,0.0,3.508699874762738,0.0,0.4913001252372625,1.5086998747627376,5.0,0.0,0.4913001252372625,1.0,0.0,0.0,1.0,1.0,0.0,0.0,0.0,0.0,0.5086998747627375,0.0,1.0,0.5086998747627374,0.0,1.0,0.0,0.0,0.0,0.0,0.0,0.0,0.0,0.0,0.0,0.0,0.0,0.0,0.0,0.0,0.0,0.0,0.0,0.0,0.0,0.0,0.0,0.0,0.0,0.0,0.0,0.0,0.0,0.0,0.0,3.017399749525475
SMOTE_000309,attack,boolean,"1'  )   and make_set  (  4551  =  6487,6487  )   and   (  'jnqa'  =  'jnqa",nearest_attack_euclidean,R000014,0.7240538134759431,77.1244984148396,23.85213593131989,3.626679894591502,22.562249207419796,13.0,29.562249207419796,12.0,0.29082094237576483,0.16995798431969106,0.38233678008636773,0.15688429321817637,3.573932034340056,1.1102230246251565e-16,0.0,0.0,0.14202265521998153,1.8579773447800183,0.0,4.426067965659945,0.0,1.0,1.0,2.0,1.0,0.0,0.0,0.0,0.0,1.0,1.0,0.0,0.0,0.0,0.0,0.1420226552199816,0.0,0.0,0.14202265521998153,1.8579773447800185,0.0,0.0,0.0,0.0,0.0,0.0,0.0,0.0,0.0,0.0,0.0,0.0,0.0,0.0,0.0,0.0,0.0,0.0,0.0,0.0,0.0,0.0,0.0,0.0,0.0,0.0,0.0,0.0,0.0,0.0,2.1420226552199813
SMOTE_000310,attack,boolean,"1%'  )   and 3202  =  like  (  'abcdefg',upper  (  hex  (  randomblob  (  500000000/2   )    )      )    )    and   (  '%'  =  '",nearest_attack_euclidean,R000015,1.4967464269929405,118.67060878366188,28.790407343498867,3.3862489268480096,28.371222030496597,15.245510295166794,54.03591763866566,21.01795881933283,0.2281289160134895,0.13206303698146019,0.46102806995348433,0.17877997705156604,5.508979409666415,1.1102230246251565e-16,0.24551029516679268,0.7544897048332073,0.0,2.0,0.0,9.508979409666415,2.0,0.0,1.0,3.0,1.0,0.0,0.0,0.0,0.0,1.0,1.0,0.0,0.0,0.0,0.0,0.0,0.0,0.0,0.0,1.7544897048332073,0.24551029516679274,0.0,0.0,0.0,0.0,0.0,0.0,0.0,0.0,0.0,0.0,0.0,0.0,0.0,0.0,0.0,0.0,0.0,0.0,0.0,0.0,0.0,0.0,0.0,0.0,0.0,0.0,0.0,0.0,0.0,2.0
SMOTE_000311,attack,boolean,"select dbms_pipe.receive_message  (  chr  (  66  )  ||chr  (  67  )  ||chr  (  79  )  ||chr  (  101  )  ,5  )   from dual and    (    (   ""vfvh""  =  ""vfvh",nearest_attack_euclidean,R000024,0.8226317634913235,155.62005649911566,34.0,3.8635544750147695,59.11571832136541,10.694309928192425,59.46287328546162,26.347154964096212,0.3801112124320674,0.06844168073401657,0.38217761102787823,0.16926949580603778,0.0,3.0,0.0,0.0,0.0,1.0,0.0,12.23143664273081,0.11571832136540428,2.0,1.3471549640962124,6.7685633572691914,0.0,1.0,0.0,0.0,0.0,1.0,1.0,0.0,0.0,0.0,0.9999999999999998,0.8842816786345957,0.0,0.0,0.8842816786345957,1.0,0.0,0.0,0.0,0.0,0.0,0.0,0.0,0.0,0.0,0.0,0.0,0.0,0.0,0.0,0.0,0.0,0.0,0.0,0.0,0.0,0.0,0.34715496409621294,0.0,0.0,0.0,0.0,0.0,0.0,0.0,0.0,3.1157183213654043
SMOTE_000312,attack,boolean,"1%'   )    )     )   or 2367  =    (  select count  (  *  )   from rdb$fields as t1,rdb$types as t2,rdb$collations as t3,rdb$functions as t4  )  --",nearest_attack_euclidean,R000021,1.0018392690213116,147.41544518475536,32.72303654349643,4.096219958410008,72.938744195525,9.0,46.0306279022375,19.446073086992858,0.4945804439285507,0.061054920332752914,0.3123798810859597,0.13198475465273665,1.0,1.1102230246251565e-16,1.7230365434964285,0.0,1.0,1.0,0.0,6.723036543496429,0.8615182717482144,0.0,3.0,3.7230365434964288,1.0,0.0,0.8615182717482144,0.1384817282517855,0.0,1.0,1.0,0.0,0.0,0.0,0.0,1.0,0.0,0.0,1.0,0.13848172825178562,0.8615182717482143,0.0,0.0,0.0,0.0,0.0,0.0,0.0,0.0,0.0,0.0,0.0,0.0,0.0,0.0,0.0,0.0,0.0,0.0,0.0,0.0,0.0,0.0,0.0,0.0,0.0,0.0,0.0,0.0,0.0,3.0
SMOTE_000313,attack,boolean,"1""   )    )     )   and   (  3020  =  3020  )  *6703 and    (    (     (  ""fqap"" like ""fqap",nearest_attack_euclidean,R000023,0.8501098725354451,90.8774435653907,22.0,3.0349085451955204,16.77443565390698,13.367669303827908,46.2451128692186,14.49022573843721,0.1844541709802811,0.14713689136730895,0.5089063329781344,0.1595026046742755,0.49022573843720996,3.50977426156279,0.12255643460930243,0.0,0.8774435653906976,1.1225564346093024,0.0,8.0,0.24511286921860492,0.0,0.12255643460930266,2.1225564346093027,0.12255643460930243,0.8774435653906975,0.0,0.0,0.0,1.0,1.0,0.0,0.0,0.0,0.0,0.0,0.0,0.0,0.0,1.8774435653906978,0.12255643460930249,0.0,0.0,0.0,0.0,0.0,0.0,0.0,0.0,0.0,0.0,0.0,0.0,0.0,0.0,0.0,0.0,0.0,0.0,0.0,0.0,0.0,0.0,0.0,0.0,0.0,0.0,0.0,0.0,0.0,2.0
SMOTE_000314,attack,boolean,"1'   )    )    and make_set  (  8245  =  9872,9872  )   and    (    (   'kzgt'  =  'kzgt",nearest_attack_euclidean,R000004,3.697330270828714,81.83102180231113,23.050926431124786,3.3886201507028524,19.101852862249576,13.474536784437605,35.254632155623945,14.0,0.2329563021256711,0.16620544751522193,0.428661629939767,0.17217662041934004,2.101852862249577,1.1102230246251565e-16,0.0,0.0,0.0,1.5254632155623942,0.0,5.525463215562394,0.0,1.0,2.4236103533128173,1.5254632155623944,0.5254632155623942,0.0,0.0,0.0,0.0,1.0,1.0,0.0,0.0,0.0,0.0,0.0,0.0,0.0,0.0,1.5254632155623944,0.0,0.0,0.0,0.0,0.0,0.0,0.0,0.0,0.0,0.0,0.0,0.0,0.0,0.0,0.0,0.0,0.0,0.0,0.0,0.0,0.0,0.4745367844376058,0.4745367844376056,0.0,0.0,0.0,0.0,0.0,0.0,0.0,2.4745367844376056
SMOTE_000315,attack,boolean,"1%""   )    )    and 3202  =  like  (  'abcdefg',upper  (  hex  (  randomblob  (  500000000/2   )    )      )    )    and    (    (   ""%""  =  """,nearest_attack_euclidean,R000016,1.577580248072399,130.79638522103411,30.34020521793098,3.3905658561781578,32.09535913137921,14.585051304482745,62.19071826275843,21.925256522413726,0.2448517536747483,0.11436711803145311,0.47382584813391304,0.1669552801598856,2.414948695517255,3.1701026089654896,0.0,0.7925256522413724,0.0,2.0,0.0,10.755153913448234,1.5850513044827448,0.2074743477586276,1.0,2.7925256522413724,1.0,0.7925256522413724,0.0,0.0,0.0,1.0,1.0,0.0,0.0,0.0,0.0,0.0,0.0,0.0,0.0,2.0,0.0,0.0,0.0,0.0,0.0,0.0,0.0,0.0,0.0,0.0,0.0,0.0,0.0,0.0,0.0,0.0,0.0,0.0,0.0,0.0,0.0,0.0,0.0,0.0,0.0,0.0,0.0,0.0,0.0,0.0,2.0
SMOTE_000316,attack,boolean,select * from users where id  =  1 +   (  \.  )   or 1  =  1 -- 1,nearest_attack_euclidean,R000001,1.7754830295492166,88.41685939227554,26.638519368143722,3.7157196148350904,38.841671445808444,7.957779052215585,30.298149210179652,11.319259684071863,0.41478552246187056,0.08004391412046502,0.36811363066405406,0.13705693275361036,0.0,1.1102230246251565e-16,2.0,0.0,1.0,2.0,0.0,2.6596298420359306,0.0,0.0,0.6596298420359308,5.670185078982035,0.0,0.0,1.0,0.0,0.0,1.0,1.0,0.0,0.0,0.0,0.0,1.0,0.0,1.0,1.0,0.0,1.0,0.0,0.0,0.0,0.0,0.0,0.0,0.0,0.0,0.0,0.0,0.0,0.0,0.0,0.0,0.0,0.0,0.0,0.0,0.0,0.0,0.0,0.0,0.0,0.0,0.0,0.0,0.0,0.0,0.0,4.0
SMOTE_000317,attack,boolean,"1'  )   and make_set  (  4551  =  6487,6487  )   and   (  'jnqa'  =  'jnqa",nearest_attack_euclidean,R000014,1.912816400751549,84.387111632548,23.98924872690933,3.5810484890071526,24.462370544182665,13.0,34.26524193709244,12.65949915127289,0.28754054803570817,0.16235623878248928,0.39542205342606995,0.15468115975573268,4.0,1.1102230246251565e-16,0.0,0.0,0.0,2.0,0.0,4.989248726909333,0.0,0.8351252121817779,0.835125212181778,2.0,1.0,0.0,0.0,0.0,0.0,1.0,1.0,0.0,0.0,0.1648747878182221,0.0,0.16487478781822223,0.0,0.0,0.0,1.835125212181778,0.0,0.0,0.0,0.0,0.0,0.0,0.0,0.0,0.0,0.0,0.0,0.0,0.0,0.0,0.0,0.0,0.0,0.0,0.0,0.0,0.0,0.0,0.0,0.0,0.0,0.0,0.0,0.0,0.1648747878182221,0.1648747878182221,2.3297495756364444
SMOTE_000318,attack,boolean,"1%""  )   or 2367  =    (  select count  (  *  )   from rdb$fields as t1,rdb$types as t2,rdb$collations as t3,rdb$functions as t4  )  --",nearest_attack_euclidean,R000007,0.02060622178752872,135.02742501625505,32.99542916395749,4.238820565762913,70.99085832791498,9.031995852297563,37.01828334417004,17.986287491872474,0.5257587968539225,0.06688062069418836,0.2741504347707653,0.13321014768112388,0.0,0.9954291639574909,2.0,0.0,1.0,1.0045708360425092,0.0,5.0,0.995429163957491,0.0,2.995429163957491,4.004570836042509,0.0,0.9954291639574909,1.0,0.0,0.0,1.0,1.0,0.0,0.0,0.0,0.0,1.0,0.0,0.004570836042508908,1.0,0.0,1.0,0.0,0.0,0.0,0.0,0.0,0.0,0.0,0.0,0.0,0.0,0.0,0.0,0.0,0.0,0.0,0.0,0.0,0.0,0.0,0.0,0.0,0.0,0.0,0.0,0.0,0.0,0.0,0.0,0.0,3.004570836042509
SMOTE_000319,attack,boolean,"select dbms_pipe.receive_message  (  chr  (  66  )  ||chr  (  67  )  ||chr  (  79  )  ||chr  (  101  )  ,5  )   from dual and   (  'qomf' like 'qomf",nearest_attack_euclidean,R000012,1.4968215226490882,141.0963395826772,34.09162362929963,3.951706368383328,57.36806650165771,10.545025822420222,50.63664945171985,22.546597806879408,0.40119191944328486,0.07676292542330596,0.3629183538168305,0.15912680131657864,2.636649451719852,1.1102230246251565e-16,0.36335054828014796,0.0,0.18167527414007395,0.181675274140074,0.0,10.636649451719853,0.0,1.818324725859926,1.0,5.636649451719852,1.0,0.0,0.18167527414007398,0.0,0.0,0.181675274140074,1.0,0.0,0.0,0.0,0.8183247258599258,1.0,0.0,0.0,1.0,1.0,0.0,0.0,0.0,0.0,0.0,0.0,0.0,0.0,0.0,0.0,0.0,0.0,0.0,0.0,0.0,0.0,0.0,0.0,0.0,0.0,0.0,0.0,0.0,0.0,0.0,0.0,0.0,0.0,0.0,0.0,3.0
SMOTE_000320,attack,boolean,"select dbms_pipe.receive_message  (  chr  (  66  )  ||chr  (  67  )  ||chr  (  79  )  ||chr  (  101  )  ,5  )   from dual and    (    (   ""vfvh""  =  ""vfvh",nearest_attack_euclidean,R000024,2.8476007725856114,157.28590112053985,35.642950560269924,3.936389635516375,56.124836519527626,15.339589320877266,58.17852471986504,27.642950560269927,0.3575980703020444,0.09657839282546496,0.3702751579584482,0.1755483789140425,1.2322129202024457,1.7677870797975541,0.8214752801349637,0.0,0.0,1.4107376400674818,0.0,11.589262359932519,0.0,2.0,1.0,9.05368820033741,0.4107376400674819,0.5892623599325181,0.4107376400674819,0.0,0.0,1.0,1.0,0.0,0.0,0.0,0.9999999999999998,1.0,0.0,0.4107376400674819,0.5892623599325181,1.0,0.0,0.0,0.0,0.0,0.0,0.0,0.0,0.0,0.0,0.0,0.0,0.0,0.0,0.0,0.0,0.0,0.0,0.0,0.0,0.0,0.0,0.0,0.0,0.0,0.0,0.0,0.0,0.0,0.0,0.0,3.0
SMOTE_000321,attack,boolean,"1'   )    )    and make_set  (  8245  =  9872,9872  )   and    (    (   'kzgt'  =  'kzgt",nearest_attack_euclidean,R000004,5.5051640176012775,106.26083663255069,26.072460631671493,3.480551087191066,31.75361221085023,13.0,47.458917333919466,14.048307087780996,0.2954517394278312,0.1343074693013258,0.43131351913578825,0.1389272721350548,4.0,1.1102230246251565e-16,0.0,0.0,0.0,2.0,0.0,7.072460631671494,0.0,0.4879232280547509,0.48792322805475086,2.0,1.0,0.0,0.0,0.0,0.0,1.0,1.0,0.0,0.0,0.512076771945249,0.0,0.512076771945249,0.0,0.0,0.0,1.487923228054751,0.0,0.0,0.0,0.0,0.0,0.0,0.0,0.0,0.0,0.0,0.0,0.0,0.0,0.0,0.0,0.0,0.0,0.0,0.0,0.0,0.0,0.0,0.0,0.0,0.0,0.0,0.0,0.0,0.512076771945249,0.512076771945249,3.024153543890498
SMOTE_000322,attack,boolean,"1 where 3902  =  3902 or 9643  =    (  select count  (  *  )   from domain.domains as t1,domain.columns as t2,domain.tables as t3  )  --",nearest_attack_euclidean,R000005,0.1657330360824965,137.32814889668273,32.0,4.213895978351735,69.0,16.0,38.0625191173462,14.26562977933655,0.5025739323179438,0.11653888285633479,0.2770317631821976,0.1038554216435238,0.0,1.1102230246251565e-16,2.0,0.0,1.0,2.0,0.0,4.26562977933655,0.0,0.0,2.0,5.0,0.0,0.0,1.0,0.0,0.0,1.0,1.0,0.0,0.0,0.0,0.0,1.0,0.0,1.0,1.0,0.0,1.0,0.0,0.0,0.0,0.0,0.0,0.0,0.0,0.0,0.0,0.0,0.0,0.0,0.0,0.0,0.0,0.0,0.0,0.0,0.0,0.0,0.0,0.0,0.0,0.0,0.0,0.0,0.0,0.0,0.0,4.0
SMOTE_000323,attack,boolean,"1'   )    )    and make_set  (  8245  =  9872,9872  )   and    (    (   'kzgt'  =  'kzgt",nearest_attack_euclidean,R000004,0.1682954812766177,89.09759916715717,24.192079854252505,3.393579544917009,21.384159708505006,13.054879958357859,40.43903966686287,14.219519833431434,0.23959130609358492,0.14688926199950714,0.4540777276276319,0.1594417042792761,4.0548799583578585,1.1102230246251565e-16,0.0,0.027439979178929354,0.0,2.0,0.0,6.109759916715717,0.054879958357858305,0.9725600208210707,1.0,2.0274399791789293,1.0,0.0,0.0,0.0,0.0,1.0,1.0,0.0,0.0,0.0,0.0,0.0,0.0,0.0,0.0,2.0,0.0,0.0,0.0,0.0,0.0,0.0,0.0,0.0,0.0,0.0,0.0,0.0,0.0,0.0,0.0,0.0,0.0,0.0,0.0,0.0,0.0,0.0,0.0,0.0,0.0,0.0,0.0,0.0,0.0,0.0,2.0
SMOTE_000324,attack,boolean,"1  )   where 5333  =  5333 or 9643  =    (  select count  (  *  )   from domain.domains as t1,domain.columns as t2,domain.tables as t3  )  --",nearest_attack_euclidean,R000030,0.9203176406609143,145.7841240817853,33.10402863425815,4.2025560743240415,71.57606681326902,16.368009544752717,41.73601908950543,16.10402863425815,0.4908870249160792,0.112339659229141,0.286526186067379,0.11024712978740073,0.3680095447527165,1.1102230246251565e-16,2.0,0.0,1.0,2.0,0.0,5.0,0.0,0.0,2.3680095447527165,5.0,0.36800954475271647,0.0,1.0,0.0,0.0,1.0,1.0,0.0,0.0,0.0,0.0,1.0,0.0,1.0,1.0,0.0,1.0,0.0,0.0,0.0,0.0,0.0,0.0,0.0,0.0,0.0,0.0,0.0,0.0,0.0,0.0,0.0,0.0,0.0,0.0,0.0,0.0,0.0,0.0,0.0,0.0,0.0,0.0,0.0,0.0,0.0,4.0
SMOTE_000325,attack,boolean,"select count  (  *  )   from domain.domains as t1,domain.columns as t2,domain.tables as t3 and 'qjle'  =  'qjle",nearest_attack_euclidean,R000027,0.7914095232903694,115.60628021186014,28.34120594161927,4.174143910697757,73.34120594161926,3.8530148540481743,25.38844159133489,13.023617824857809,0.6381783133603571,0.03230616321737609,0.21759841831605886,0.11191710510620807,3.170602970809635,1.1102230246251565e-16,0.0,0.0,1.0,1.170602970809635,0.0,2.34120594161927,0.34120594161926987,0.0,2.0,2.170602970809635,1.0,0.0,0.0,0.0,0.0,1.0,1.0,0.0,0.0,0.0,0.0,1.0,0.0,0.0,1.0,1.1706029708096348,0.0,0.0,0.0,0.0,0.0,0.0,0.0,0.0,0.0,0.0,0.0,0.0,0.0,0.0,0.0,0.0,0.0,0.0,0.0,0.0,0.0,0.0,0.0,0.0,0.0,0.0,0.0,0.0,0.0,0.0,3.170602970809635
SMOTE_000326,attack,boolean,"1  )   where 5333  =  5333 or 9643  =    (  select count  (  *  )   from domain.domains as t1,domain.columns as t2,domain.tables as t3  )  --",nearest_attack_euclidean,R000030,1.4640154492312394,139.64042881042917,32.33094807367538,4.1887581888621614,69.66189614735076,13.68336348427234,40.3094807367538,15.98568844205228,0.4992911308583478,0.09897411829202538,0.28783480963448566,0.11389994121514113,0.33094807367538026,1.1102230246251565e-16,2.0,0.0,1.0,1.66905192632462,0.0,4.99284422102614,0.3309480736753801,0.0,2.33094807367538,4.66905192632462,0.33094807367538004,0.0,1.0,0.0,0.0,1.0,1.0,0.0,0.0,0.0,0.0,1.0,0.0,0.6690519263246201,1.0,0.0,1.0,0.0,0.0,0.0,0.0,0.0,0.0,0.0,0.0,0.0,0.0,0.0,0.0,0.0,0.0,0.0,0.0,0.0,0.0,0.0,0.0,0.0,0.0,0.0,0.0,0.0,0.0,0.0,0.0,0.0,3.6690519263246197
SMOTE_000327,attack,boolean,"1'   )    )     )   and 8635  =    (  select count  (  *  )   from generate_series  (  1,5000000   )    )   --",nearest_attack_euclidean,R000019,1.51854223118863,113.63962873220983,29.86519893584408,3.4734899270779356,33.3480106415592,13.0,51.29161809065064,16.0,0.29302010956475094,0.11504212518123902,0.4503474573386389,0.1415903079153711,1.4044031924677591,1.1102230246251565e-16,1.7303978716881603,0.0,0.8651989358440803,1.1348010641559196,0.0,9.13480106415592,0.0,0.8651989358440803,0.8651989358440803,3.7303978716881603,1.0,0.0,0.8651989358440803,0.0,0.0,1.0,1.0,0.0,0.0,0.13480106415591972,0.0,1.0,0.0,0.0,0.8651989358440803,1.0,0.0,0.0,0.0,0.0,0.0,0.0,0.0,0.0,0.0,0.0,0.0,0.0,0.0,0.0,0.0,0.0,0.0,0.0,0.0,0.0,0.0,0.0,0.0,0.0,0.0,0.0,0.0,0.0,0.13480106415591972,0.13480106415591972,3.1348010641559196
SMOTE_000328,attack,boolean,"1'  )   and 8407  =    (  select count  (  *  )   from generate_series  (  1,5000000   )    )   ",nearest_attack_euclidean,R000025,2.2394470925483025,92.31524256489095,26.697026603056845,3.510582204930237,26.933458526725058,13.0,39.460594679388635,12.921189358777262,0.28971641293668265,0.14108686631823125,0.4284946294022918,0.14070209134279424,2.3817840381658937,1.1102230246251565e-16,0.0,0.0,0.5394053206113688,1.4605946793886313,0.0,6.539405320611369,0.0,1.0,1.0,2.0,1.0,0.0,0.0,0.0,0.0,1.0,1.0,0.0,0.0,0.0,0.0,0.5394053206113688,0.0,0.0,0.5394053206113688,1.460594679388631,0.0,0.0,0.0,0.0,0.0,0.0,0.0,0.0,0.0,0.0,0.0,0.0,0.0,0.0,0.0,0.0,0.0,0.0,0.0,0.0,0.0,0.0,0.0,0.0,0.0,0.0,0.0,0.0,0.0,0.0,2.539405320611369
SMOTE_000329,attack,boolean,"select dbms_pipe.receive_message  (  chr  (  66  )  ||chr  (  67  )  ||chr  (  79  )  ||chr  (  101  )  ,5  )   from dual and    (    (   ""vfvh""  =  ""vfvh",nearest_attack_euclidean,R000024,0.34671312101708807,151.7412271192373,33.79465701083976,3.842032132219955,57.61393482316834,10.154007241870184,58.486642527099384,25.486642527099384,0.37838332719792944,0.06766852680375651,0.3863170335973025,0.16763111240101156,0.051335747290061295,2.8459927581298157,0.1026714945801227,0.0,0.051335747290061406,1.0,0.0,11.845992758129816,0.0,1.9486642527099387,1.0,6.845992758129816,0.051335747290061406,0.9486642527099386,0.051335747290061406,0.0,0.0,1.0,1.0,0.0,0.0,0.0,0.9486642527099385,1.0,0.0,0.0,1.0,1.0,0.0,0.0,0.0,0.0,0.0,0.0,0.0,0.0,0.0,0.0,0.0,0.0,0.0,0.0,0.0,0.0,0.0,0.0,0.0,0.0,0.0,0.0,0.0,0.0,0.0,0.0,0.0,0.0,0.0,0.0,3.0
SMOTE_000330,attack,boolean,"1'   )    )    and make_set  (  8245  =  9872,9872  )   and    (    (   'kzgt'  =  'kzgt",nearest_attack_euclidean,R000004,1.6333327365288306,78.8866683264703,22.694583229595608,3.409327717036232,17.029581984742894,13.91625031121318,34.10833540808786,13.832500622426359,0.22425961441668135,0.17631769291076,0.42570422027887894,0.17371847239367974,4.0,1.1102230246251565e-16,0.3054167704043931,0.0,0.0,2.0,0.0,5.221667081617573,0.6108335408087862,0.6945832295956069,1.0,2.305416770404393,1.0,0.0,0.0,0.0,0.0,1.0,1.0,0.0,0.0,0.0,0.0,0.0,0.0,0.0,0.0,1.694583229595607,0.30541677040439313,0.0,0.0,0.0,0.0,0.0,0.0,0.0,0.0,0.0,0.0,0.0,0.0,0.0,0.0,0.0,0.0,0.0,0.0,0.0,0.0,0.0,0.0,0.0,0.0,0.0,0.0,0.0,0.0,0.0,2.0
SMOTE_000331,attack,boolean,"1%'   )    )     )   or 2367  =    (  select count  (  *  )   from rdb$fields as t1,rdb$types as t2,rdb$collations as t3,rdb$functions as t4  )  --",nearest_attack_euclidean,R000021,0.10481295457970491,146.61741813765119,33.0,4.087412109017567,71.0,9.0,46.68118178137598,19.9362363562752,0.48436197088570243,0.06139799630945525,0.31827236429290323,0.13596766851193906,0.9681181781375987,0.031881821862401516,2.0,0.0,1.0,1.0,0.0,6.936236356275197,1.0,0.0,3.0,4.0,0.9681181781375986,0.03188182186240135,1.0,0.0,0.0,1.0,1.0,0.0,0.0,0.0,0.0,1.0,0.0,0.0,1.0,0.0,1.0,0.0,0.0,0.0,0.0,0.0,0.0,0.0,0.0,0.0,0.0,0.0,0.0,0.0,0.0,0.0,0.0,0.0,0.0,0.0,0.0,0.0,0.0,0.0,0.0,0.0,0.0,0.0,0.0,0.0,3.0
SMOTE_000332,attack,boolean,"1'+  (  select 'wkbg' where 3921  =  3921 and 8407  =    (  select count  (  *  )   from generate_series  (  1,5000000   )    )     )  +'",nearest_attack_euclidean,R000029,0.5619308743545922,138.65533406241352,36.80525481618665,4.024085567453459,49.823805165293656,20.61050963237329,49.31839185665326,18.902627408093323,0.3577145040625555,0.14910786824933436,0.3566145123348573,0.13656311535325283,3.7078822242799663,1.1102230246251565e-16,0.1947451838133556,0.0,1.0,2.0,0.0,7.707882224279967,0.0,0.9026274080933222,1.1947451838133556,5.0,1.0,0.0,0.0973725919066778,0.0,0.0,1.0,1.0,0.0,0.0,0.0,0.0,1.9026274080933225,0.0,1.0,1.0,0.9026274080933222,0.0973725919066778,0.0,0.0,0.0,0.0,0.0,0.0,0.0,0.0,0.0,0.0,0.0,0.0,0.0,0.0,0.0,0.0,0.0,0.0,0.0,0.0,0.0,0.0,0.0,0.0,0.0,0.0,0.0,0.0,0.0,4.9026274080933225
SMOTE_000333,attack,boolean,"1' in boolean mode  )   and 6414  =    (  select count  (  *  )   from rdb$fields as t1,rdb$types as t2,rdb$collations as t3,rdb$functions as t4  )  #",nearest_attack_euclidean,R000008,3.486623367580637,148.55415840254304,31.96389439830464,4.134070369802125,78.25273921186755,9.0,43.373630394066225,17.927788796609274,0.5263404724518808,0.060590139427533454,0.2922393751931162,0.1208300129274695,1.0,1.1102230246251565e-16,0.9638943983046367,0.0,1.0,1.0,0.0,5.963894398304637,0.48194719915231843,0.0,3.0,2.963894398304637,1.0,0.0,0.48194719915231843,0.5180528008476816,0.0,1.0,1.0,0.0,0.0,0.0,0.0,1.0,0.0,0.0,1.0,0.5180528008476815,0.48194719915231843,0.0,0.0,0.0,0.0,0.0,0.0,0.0,0.0,0.0,0.0,0.0,0.0,0.0,0.0,0.0,0.0,0.0,0.0,0.0,0.0,0.0,0.0,0.0,0.0,0.0,0.0,0.0,0.0,0.0,3.0
SMOTE_000334,attack,boolean,"1'  )   and 8407  =    (  select count  (  *  )   from generate_series  (  1,5000000   )    )   ",nearest_attack_euclidean,R000025,3.0775977296579713,81.511944818295,26.663216906176615,3.5406662890279565,28.261147049882585,8.793790431117907,33.39172057482388,11.065286762470645,0.3501102375966807,0.10088919851754549,0.41051912295986964,0.13848144092590414,0.5326433812353228,1.1102230246251565e-16,0.934713237529354,0.0,1.0,1.4673566187646772,0.0,4.663216906176615,0.0,0.532643381235323,0.532643381235323,3.869426475058708,0.532643381235323,0.0,0.4673566187646771,0.0,0.0,1.0,1.0,0.0,0.0,0.0,0.0,1.0,0.0,0.4673566187646771,1.0,0.5326433812353231,0.46735661876467705,0.0,0.0,0.0,0.0,0.0,0.0,0.0,0.0,0.0,0.0,0.0,0.0,0.0,0.0,0.0,0.0,0.0,0.0,0.0,0.0,0.0,0.0,0.0,0.0,0.0,0.0,0.0,0.0,0.0,3.467356618764677
SMOTE_000335,attack,boolean,"1  )   where 5333  =  5333 or 9643  =    (  select count  (  *  )   from domain.domains as t1,domain.columns as t2,domain.tables as t3  )  --",nearest_attack_euclidean,R000030,1.1458991957220472,149.5177329145545,32.965552351039605,4.157584974768688,75.27609028175745,16.0,42.793314106237645,15.448328526559411,0.503803116356472,0.1079499763884114,0.28495940641184553,0.10328750084327101,0.0,0.4827761755198039,2.0,0.0,1.0,2.0,0.0,4.965552351039608,0.0,0.0,2.0,5.0,0.0,0.48277617551980395,1.0,0.0,0.0,1.0,1.0,0.0,0.0,0.0,0.0,1.0,0.0,1.0,1.0,0.0,1.0,0.0,0.0,0.0,0.0,0.0,0.0,0.0,0.0,0.0,0.0,0.0,0.0,0.0,0.0,0.0,0.0,0.0,0.0,0.0,0.0,0.0,0.0,0.0,0.0,0.0,0.0,0.0,0.0,0.0,4.0
SMOTE_000336,attack,boolean,"select dbms_pipe.receive_message  (  chr  (  66  )  ||chr  (  67  )  ||chr  (  79  )  ||chr  (  101  )  ,5  )   from dual and    (    (   ""vfvh""  =  ""vfvh",nearest_attack_euclidean,R000024,1.8675324584374255,150.6733493623963,33.44555822706605,3.866432618995402,54.010024043594434,13.88109241053766,57.05945379473117,25.722779113533022,0.3569515314766857,0.09378794300342219,0.37842638887905705,0.1708341366408351,0.0,2.4455582270660488,0.5544417729339515,0.0,0.0,1.2772208864669758,0.0,11.445558227066048,0.0,2.0,1.0,7.831662659400927,0.0,1.0,0.27722088646697574,0.0,0.0,1.0,1.0,0.0,0.0,0.0,0.9999999999999998,0.7227791135330243,0.0,0.27722088646697574,0.7227791135330242,0.7227791135330244,0.27722088646697585,0.0,0.0,0.0,0.0,0.0,0.0,0.0,0.0,0.0,0.0,0.0,0.0,0.0,0.0,0.0,0.0,0.0,0.0,0.0,0.0,0.0,0.0,0.0,0.0,0.0,0.0,0.0,0.0,0.0,2.7227791135330244
SMOTE_000337,attack,boolean,"call regexp_substring  (  repeat  (  left  (  crypt_key  (  char  (  65  )  ||char  (  69  )  ||char  (  83  )  ,null  )  ,0  )  ,500000000  )  ,null  )   and ""%""  =  """,nearest_attack_euclidean,R000022,1.1702775023439793,165.69530456082225,34.0,3.8804102694998273,59.835378897201586,15.01227338320954,62.34151558880636,28.50613669160477,0.3614187299428159,0.09024957697147674,0.3763362102499871,0.1719954828357203,0.0,3.0,0.0,0.0,0.0,1.0,0.0,13.67075779440318,0.8353788972015899,2.0,3.50613669160477,5.32924220559682,0.0,1.0,0.0,0.0,0.0,1.0,1.0,0.0,0.0,0.0,0.9999999999999998,0.16462110279841013,0.0,0.0,0.16462110279841008,1.0,0.0,0.0,0.0,0.0,0.0,0.0,0.0,0.0,0.0,0.0,0.0,0.0,0.0,0.0,0.0,0.0,0.0,0.0,0.0,0.0,0.0,2.5061366916047696,0.0,0.0,0.0,0.0,0.0,0.0,0.0,0.0,3.83537889720159
SMOTE_000338,attack,boolean,"1%""  )   or 2367  =    (  select count  (  *  )   from rdb$fields as t1,rdb$types as t2,rdb$collations as t3,rdb$functions as t4  )  --",nearest_attack_euclidean,R000007,1.325806531028751,139.83937824087724,33.0,4.176019725603429,71.0,9.0,41.03281520073102,18.806563040146205,0.5086119498562719,0.06447193730572462,0.2924854148241991,0.13443069801380436,0.40328152007310236,0.5967184799268976,2.0,0.0,1.0,1.0,0.0,5.806563040146205,1.0,0.0,3.0,4.0,0.40328152007310236,0.5967184799268976,1.0,0.0,0.0,1.0,1.0,0.0,0.0,0.0,0.0,1.0,0.0,0.0,1.0,0.0,1.0,0.0,0.0,0.0,0.0,0.0,0.0,0.0,0.0,0.0,0.0,0.0,0.0,0.0,0.0,0.0,0.0,0.0,0.0,0.0,0.0,0.0,0.0,0.0,0.0,0.0,0.0,0.0,0.0,0.0,3.0
SMOTE_000339,attack,boolean,"1'   )    )     )   and 8635  =    (  select count  (  *  )   from generate_series  (  1,5000000   )    )   --",nearest_attack_euclidean,R000019,2.540124206574152,116.08814747179763,29.77451305660009,3.459427108396093,34.25486943399912,13.0,52.83327803779851,16.0,0.29444027330075506,0.11292993250608034,0.4536391080318349,0.13899068616132965,1.6764608301997366,1.1102230246251565e-16,1.5490261132001755,0.0,0.7745130566000877,1.225486943399912,0.0,9.225486943399911,0.0,0.7745130566000878,0.7745130566000878,3.5490261132001755,1.0,0.0,0.7745130566000878,0.0,0.0,1.0,1.0,0.0,0.0,0.22548694339991218,0.0,1.0,0.0,0.0,0.7745130566000877,1.0,0.0,0.0,0.0,0.0,0.0,0.0,0.0,0.0,0.0,0.0,0.0,0.0,0.0,0.0,0.0,0.0,0.0,0.0,0.0,0.0,0.0,0.0,0.0,0.0,0.0,0.0,0.0,0.0,0.22548694339991218,0.22548694339991218,3.225486943399912
SMOTE_000340,attack,boolean,"1%""   )    )    and 3202  =  like  (  'abcdefg',upper  (  hex  (  randomblob  (  500000000/2   )    )      )    )    and    (    (   ""%""  =  """,nearest_attack_euclidean,R000016,1.0044754426433768,134.86079924247028,30.627076777398134,3.3248839310873928,31.29310729897496,15.137292322260187,65.25415355479626,23.17624606643888,0.22484297832300346,0.11553861667636088,0.4863501921982073,0.17326821280242832,2.2745846445203735,3.450830710959253,0.13729232226018673,0.8627076777398133,0.0,2.0,0.0,11.450830710959252,2.0,0.0,1.0,3.0,1.0,0.8627076777398133,0.0,0.0,0.0,1.0,1.0,0.0,0.0,0.0,0.0,0.0,0.0,0.0,0.0,1.8627076777398133,0.1372923222601867,0.0,0.0,0.0,0.0,0.0,0.0,0.0,0.0,0.0,0.0,0.0,0.0,0.0,0.0,0.0,0.0,0.0,0.0,0.0,0.0,0.0,0.0,0.0,0.0,0.0,0.0,0.0,0.0,0.0,2.0
SMOTE_000341,attack,boolean,"1'||  (  select 'ersu' where 4123  =  4123 and 8312  =  dbms_pipe.receive_message  (  chr  (  69  )  ||chr  (  79  )  ||chr  (  101  )  ||chr  (  68  )  ,5  )  --",nearest_attack_euclidean,R000006,2.169140102916769,154.25143733198246,37.6900574932793,4.028682977523365,50.450287466396496,22.380114986558596,54.83040245295509,26.59063242607229,0.32783057710611624,0.14548056092578607,0.35591571007730577,0.17077315189079192,3.3099425067207013,1.1102230246251565e-16,1.3801149865585973,0.0,0.30994250672070117,2.0,0.0,10.070172479837897,0.0,1.690057493279299,1.0,9.830402452955092,1.0,0.0,0.6900574932792989,0.0,0.0,1.0,1.0,0.0,0.0,0.0,0.6900574932792987,1.3099425067207013,0.0,1.0,0.30994250672070117,1.0,0.0,0.0,0.0,0.0,0.0,0.0,0.0,0.0,0.0,0.0,0.0,0.0,0.0,0.0,0.0,0.0,0.0,0.0,0.0,0.0,0.0,0.0,0.0,0.0,0.0,0.0,0.0,0.0,0.0,0.0,3.6198850134414022
SMOTE_000342,attack,boolean,"1'+  (  select 'wkbg' where 3921  =  3921 and 8407  =    (  select count  (  *  )   from generate_series  (  1,5000000   )    )     )  +'",nearest_attack_euclidean,R000029,1.4029791567978487,130.47792721633243,35.30909224127137,3.872455567708755,43.376626231295795,19.067533990024426,49.75844174875305,18.27532524625916,0.33046683573456537,0.14480528766359424,0.3844067789490741,0.14032109765276632,3.2753252462591593,1.1102230246251565e-16,0.48311650249389365,0.0,1.0,1.7584417487530533,0.0,8.241558251246946,0.0,1.0,1.0,4.758441748753053,1.0,0.0,0.24155825124694683,0.0,0.0,1.0,1.0,0.0,0.0,0.0,0.0,1.7584417487530533,0.0,0.7584417487530533,1.0,1.0,0.0,0.0,0.0,0.0,0.0,0.0,0.0,0.0,0.0,0.0,0.0,0.0,0.0,0.0,0.0,0.0,0.0,0.0,0.0,0.0,0.0,0.0,0.0,0.0,0.0,0.0,0.0,0.0,0.0,0.0,4.5168834975061065
SMOTE_000343,attack,boolean,"select dbms_pipe.receive_message  (  chr  (  66  )  ||chr  (  67  )  ||chr  (  79  )  ||chr  (  101  )  ,5  )   from dual and   (  'qomf' like 'qomf",nearest_attack_euclidean,R000012,3.9898253999260045,145.28536800012543,32.73780666677119,3.981815655506815,56.21342000031357,12.714631999874571,51.45243866664576,24.904877333291523,0.38602055462687984,0.0879763920812801,0.35436844093344005,0.17163461235840005,1.642684000062714,1.8097546665830477,0.0,0.0,0.0,0.9048773332915239,0.0,10.547561333354238,0.0,2.0,1.0,6.904877333291523,0.5475613333542381,0.4524386666457618,0.0,0.0,0.0,0.45243866664576193,1.0,0.0,0.0,0.0,0.9999999999999998,0.5475613333542382,0.0,0.0,0.5475613333542381,1.452438666645762,0.0,0.0,0.0,0.0,0.0,0.0,0.0,0.0,0.0,0.0,0.0,0.0,0.0,0.0,0.0,0.0,0.0,0.0,0.0,0.0,0.0,0.0,0.0,0.0,0.0,0.0,0.0,0.0,0.0,0.0,2.547561333354238
SMOTE_000344,attack,boolean,"1'  )   and make_set  (  4551  =  6487,6487  )   and   (  'jnqa'  =  'jnqa",nearest_attack_euclidean,R000014,0.23900521335240824,75.94856580236511,23.13918327159751,3.5954571887320586,21.0,13.0,29.67019925917009,12.278366543195016,0.27750001814347863,0.17178572551739152,0.38897956122732863,0.16173469511180127,4.0,1.1102230246251565e-16,0.0,0.0,0.0,2.0,0.0,4.278366543195016,0.0,1.0,1.0,2.0,1.0,0.0,0.0,0.0,0.0,1.0,1.0,0.0,0.0,0.0,0.0,0.0,0.0,0.0,0.0,2.0,0.0,0.0,0.0,0.0,0.0,0.0,0.0,0.0,0.0,0.0,0.0,0.0,0.0,0.0,0.0,0.0,0.0,0.0,0.0,0.0,0.0,0.0,0.0,0.0,0.0,0.0,0.0,0.0,0.0,0.0,2.0
SMOTE_000345,attack,boolean,"1'||  (  select 'ersu' where 4123  =  4123 and 8312  =  dbms_pipe.receive_message  (  chr  (  69  )  ||chr  (  79  )  ||chr  (  101  )  ||chr  (  68  )  ,5  )  --",nearest_attack_euclidean,R000006,2.4682579893671455,154.58792861858836,35.035171447435346,3.9894067188617504,50.51758572371767,20.405775016505928,55.14698215464709,28.517585723717673,0.327302929885049,0.13111690116703303,0.35716828281139334,0.1844118861365246,1.888189292788255,1.4824142762823267,1.2587928618588364,0.0,0.0,2.0,0.0,10.629396430929418,0.0,2.0,1.0,10.517585723717673,0.6293964309294183,0.37060356907058173,0.6293964309294182,0.0,0.0,1.0,1.0,0.0,0.0,0.0,0.9999999999999998,0.6293964309294182,0.0,0.6293964309294184,0.0,1.3706035690705816,0.0,0.0,0.0,0.0,0.0,0.0,0.0,0.0,0.0,0.0,0.0,0.0,0.0,0.0,0.0,0.0,0.0,0.0,0.0,0.0,0.0,0.0,0.0,0.0,0.0,0.0,0.0,0.0,0.0,0.0,2.629396430929418
SMOTE_000346,attack,boolean,"1'   )    )     )   and 8635  =    (  select count  (  *  )   from generate_series  (  1,5000000   )    )   --",nearest_attack_euclidean,R000019,0.4327355866472762,111.03717686756613,29.961586041941995,3.4884368450283656,32.38413958058005,13.0,49.65303728698608,16.0,0.2915106631786124,0.11728710688265695,0.44684886762161435,0.14435336231711624,1.1152418741740142,1.1102230246251565e-16,1.9231720838839905,0.0,0.9615860419419953,1.0384139580580047,0.0,9.038413958058005,0.0,0.9615860419419952,0.9615860419419953,3.9231720838839905,1.0,0.0,0.9615860419419953,0.0,0.0,1.0,1.0,0.0,0.0,0.03841395805800471,0.0,1.0,0.0,0.0,0.9615860419419953,1.0,0.0,0.0,0.0,0.0,0.0,0.0,0.0,0.0,0.0,0.0,0.0,0.0,0.0,0.0,0.0,0.0,0.0,0.0,0.0,0.0,0.0,0.0,0.0,0.0,0.0,0.0,0.0,0.0,0.03841395805800471,0.03841395805800471,3.0384139580580047
SMOTE_000347,attack,boolean,"1%'  )   and 3202  =  like  (  'abcdefg',upper  (  hex  (  randomblob  (  500000000/2   )    )      )    )    and   (  '%'  =  '",nearest_attack_euclidean,R000015,1.016414802718305,121.66457059016527,29.499503560828618,3.435954027580146,30.49851068248585,15.166721826574598,54.666225387403216,21.333112693701608,0.24266921846375036,0.12728922178377342,0.4534775083800657,0.17656405137241057,5.666556346850802,1.1102230246251565e-16,0.1667218265745981,0.8332781734254018,0.0,2.0,0.0,9.666556346850804,2.0,0.0,1.0,3.0,1.0,0.0,0.0,0.0,0.0,1.0,1.0,0.0,0.0,0.0,0.0,0.0,0.0,0.0,0.0,1.833278173425402,0.1667218265745983,0.0,0.0,0.0,0.0,0.0,0.0,0.0,0.0,0.0,0.0,0.0,0.0,0.0,0.0,0.0,0.0,0.0,0.0,0.0,0.0,0.0,0.0,0.0,0.0,0.0,0.0,0.0,0.0,0.0,2.0
SMOTE_000348,attack,boolean,"1'   )    )     )   and 8635  =    (  select count  (  *  )   from generate_series  (  1,5000000   )    )   --",nearest_attack_euclidean,R000019,2.357006282441605,125.35546694901038,31.395951540819127,3.6222805049688827,41.42267290052909,11.953036344385657,52.48987885204781,19.489878852047813,0.3230884933110902,0.09959934637221295,0.4236994565067149,0.1536127038099819,0.6510121147952187,1.0469636556143436,1.3020242295904374,0.0,0.6510121147952188,1.0,0.0,10.046963655614343,0.0,1.3489878852047812,1.0,5.046963655614344,0.6510121147952188,0.3489878852047813,0.6510121147952188,0.0,0.0,1.0,1.0,0.0,0.0,0.0,0.3489878852047812,1.0,0.0,0.0,1.0,1.0,0.0,0.0,0.0,0.0,0.0,0.0,0.0,0.0,0.0,0.0,0.0,0.0,0.0,0.0,0.0,0.0,0.0,0.0,0.0,0.0,0.0,0.0,0.0,0.0,0.0,0.0,0.0,0.0,0.0,0.0,3.0
SMOTE_000349,attack,boolean,"1""   )    )    as gawq where 4728  =  4728 or 7417  =    (  select count  (  *  )   from sysibm.systables as t1,sysibm.systables as t2,sysibm.systables as t3  )  --",nearest_attack_euclidean,R000010,1.1382651583851136,152.67248157374777,33.19089154098199,4.138032932614227,76.74079501638289,16.0,44.14534924589191,15.786337311472977,0.502974663452272,0.10568688552815798,0.2879701255027184,0.10336832551685149,0.0,0.595445770490992,2.0,0.0,1.0,2.0,0.0,5.190891540981984,0.0,0.0,2.0,5.0,0.0,0.5954457704909919,1.0,0.0,0.0,1.0,1.0,0.0,0.0,0.0,0.0,1.0,0.0,1.0,1.0,0.0,1.0,0.0,0.0,0.0,0.0,0.0,0.0,0.0,0.0,0.0,0.0,0.0,0.0,0.0,0.0,0.0,0.0,0.0,0.0,0.0,0.0,0.0,0.0,0.0,0.0,0.0,0.0,0.0,0.0,0.0,4.0
SMOTE_000350,attack,boolean,"1'+  (  select 'wkbg' where 3921  =  3921 and 8407  =    (  select count  (  *  )   from generate_series  (  1,5000000   )    )     )  +'",nearest_attack_euclidean,R000029,0.007281576338785162,137.02601111404007,37.0010404445616,3.9929195416060463,47.005202222808016,21.002080889123206,50.00728311193122,19.011444890177632,0.34304272245493445,0.15327290476773173,0.3649498617028284,0.13873451107450546,3.998959555438397,1.1102230246251565e-16,0.002080889123205809,0.0,0.9989595554383971,2.0,0.0,8.003121333684808,0.0,1.0010404445616028,1.0,5.007283111931221,1.0,0.0,0.001040444561602849,0.0,0.0,1.0,1.0,0.0,0.0,0.0,0.0010404445616028768,1.9989595554383972,0.0,1.0,0.9989595554383971,1.0,0.0,0.0,0.0,0.0,0.0,0.0,0.0,0.0,0.0,0.0,0.0,0.0,0.0,0.0,0.0,0.0,0.0,0.0,0.0,0.0,0.0,0.0,0.0,0.0,0.0,0.0,0.0,0.0,0.0,0.0,4.9979191108767935
SMOTE_000351,attack,boolean,"1""   )    )    as gawq where 4728  =  4728 or 7417  =    (  select count  (  *  )   from sysibm.systables as t1,sysibm.systables as t2,sysibm.systables as t3  )  --",nearest_attack_euclidean,R000010,1.2231880441108376,152.87707426371693,33.03278906641017,4.101744200215045,75.71312893166609,16.0,45.131156265640676,16.032789066410167,0.4948552609915434,0.10525717054923582,0.2949114767619331,0.10497609169728765,0.0,0.5163945332050841,2.0,0.0,1.0,2.0,0.0,5.516394533205084,0.0,0.0,2.0,5.0,0.0,0.516394533205084,1.0,0.0,0.0,1.0,1.0,0.0,0.0,0.0,0.0,1.0,0.0,1.0,1.0,0.0,1.0,0.0,0.0,0.0,0.0,0.0,0.0,0.0,0.0,0.0,0.0,0.0,0.0,0.0,0.0,0.0,0.0,0.0,0.0,0.0,0.0,0.0,0.0,0.0,0.0,0.0,0.0,0.0,0.0,0.0,4.0
SMOTE_000352,attack,boolean,"1""  )   where 7471  =  7471 and 8514  =    (  select count  (  *  )   from domain.domains as t1,domain.columns as t2,domain.tables as t3  )  --",nearest_attack_euclidean,R000020,0.2413443034602033,143.65428702276344,33.11896127686608,4.196853834140398,70.35688383059824,16.05948063843304,41.11896127686608,16.11896127686608,0.4897481743793528,0.11179898006228815,0.286267627584168,0.11218521797419101,0.05948063843303952,0.9405193615669605,2.0,0.0,1.0,2.0,0.0,5.0,0.0,0.0,2.0594806384330395,5.0,0.05948063843303952,0.9405193615669605,1.0,0.0,0.0,1.0,1.0,0.0,0.0,0.0,0.0,1.0,0.0,1.0,1.0,0.9405193615669605,0.05948063843303952,0.0,0.0,0.0,0.0,0.0,0.0,0.0,0.0,0.0,0.0,0.0,0.0,0.0,0.0,0.0,0.0,0.0,0.0,0.0,0.0,0.0,0.0,0.0,0.0,0.0,0.0,0.0,0.0,0.0,4.0
SMOTE_000353,attack,boolean,"1""   )    )     )   and   (  3020  =  3020  )  *6703 and    (    (     (  ""fqap"" like ""fqap",nearest_attack_euclidean,R000023,0.09631223020056517,90.62355017078116,21.811775085390583,3.031871175197608,17.811775085390586,12.825219722148397,46.0,13.986555363242184,0.19599644683350462,0.1409364804631692,0.5085150343875922,0.15455203831573391,0.0,4.0,0.0,0.0,0.9865553632421845,1.0,0.0,8.0,0.0,0.0,0.0,1.9865553632421848,0.0,1.0,0.0,0.0,0.0,1.0,1.0,0.0,0.0,0.0,0.0,0.0,0.0,0.0,0.0,1.9731107264843692,0.013444636757815653,0.0,0.0,0.0,0.0,0.0,0.0,0.0,0.0,0.0,0.0,0.0,0.0,0.0,0.0,0.0,0.0,0.0,0.0,0.0,0.0,0.0,0.0,0.0,0.0,0.0,0.0,0.0,0.0,0.0,1.9865553632421844
SMOTE_000354,attack,boolean,"1%'   )    )     )   or 2367  =    (  select count  (  *  )   from rdb$fields as t1,rdb$types as t2,rdb$collations as t3,rdb$functions as t4  )  --",nearest_attack_euclidean,R000021,2.0428758867178654,143.7639212461963,31.92130708206544,4.064821885465573,72.43825722391274,8.640435694021814,43.40435694021813,19.280871388043625,0.5047414671909314,0.060054656206518765,0.30117007648825983,0.13403380011429,2.0786929179345606,1.1102230246251565e-16,1.2808713880436262,0.0,1.0,1.359564305978187,0.0,5.921307082065439,1.359564305978187,0.0,2.640435694021813,3.640435694021813,1.0,0.0,0.640435694021813,0.0,0.0,1.0,1.0,0.0,0.0,0.0,0.0,1.0,0.0,0.0,1.0,0.7191286119563737,0.640435694021813,0.0,0.0,0.0,0.0,0.0,0.0,0.0,0.0,0.0,0.0,0.0,0.0,0.0,0.0,0.0,0.0,0.0,0.0,0.0,0.0,0.0,0.0,0.0,0.0,0.0,0.0,0.0,0.0,0.0,3.359564305978187
SMOTE_000355,attack,boolean,"1'  )   and 8407  =    (  select count  (  *  )   from generate_series  (  1,5000000   )    )   ",nearest_attack_euclidean,R000025,3.4439560299254466,117.61132627415694,31.493614570095033,3.796572845691296,44.88367527882433,11.753192714952483,43.98722914019007,16.987229140190063,0.3717110350502614,0.10721841631977747,0.38062586379266083,0.1404446848373003,1.8312048566983439,1.1102230246251565e-16,0.0,0.0,0.5843975716508281,0.5843975716508281,0.0,8.662409713396688,0.0,1.415602428349172,1.0,3.6624097133966877,1.0,0.0,0.0,0.0,0.0,0.5843975716508281,1.0,0.0,0.0,0.0,0.41560242834917194,1.0,0.0,0.0,1.0,1.0,0.0,0.0,0.0,0.0,0.0,0.0,0.0,0.0,0.0,0.0,0.0,0.0,0.0,0.0,0.0,0.0,0.0,0.0,0.0,0.0,0.0,0.0,0.0,0.0,0.0,0.0,0.0,0.0,0.0,0.0,3.0
SMOTE_000356,attack,boolean,"1"" where 3018  =  3018 or 2633  =  dbms_pipe.receive_message  (  chr  (  112  )  ||chr  (  65  )  ||chr  (  65  )  ||chr  (  103  )  ,5  )  --",nearest_attack_euclidean,R000026,1.8528356409507172,145.30047107802392,32.55007851300398,3.875458586251506,45.950706617035856,20.14945040897211,53.92527479551394,25.27503925650199,0.3146918339775065,0.14038826834650933,0.3708507648118592,0.17406913286412498,0.0,1.5500785130039838,1.4499214869960158,0.0,0.0,1.7249607434980079,0.0,10.550078513003983,0.0,2.0,1.0,9.174882230494024,0.0,1.0,0.7249607434980079,0.0,0.0,1.0,1.0,0.0,0.0,0.0,0.9999999999999998,0.275039256501992,0.0,0.7249607434980081,0.27503925650199207,0.275039256501992,0.7249607434980079,0.0,0.0,0.0,0.0,0.0,0.0,0.0,0.0,0.0,0.0,0.0,0.0,0.0,0.0,0.0,0.0,0.0,0.0,0.0,0.0,0.0,0.0,0.0,0.0,0.0,0.0,0.0,0.0,0.0,2.275039256501992
SMOTE_000357,attack,boolean,"1  )   where 5333  =  5333 or 9643  =    (  select count  (  *  )   from domain.domains as t1,domain.columns as t2,domain.tables as t3  )  --",nearest_attack_euclidean,R000030,0.8621588724360235,128.93968851440914,30.730493527832543,4.029904681511917,61.85902609405805,14.095740291748813,38.77836367370695,14.20655845489534,0.47029832752514494,0.10523342770387739,0.31055341504657985,0.11391482972439776,0.0,1.1102230246251565e-16,2.0,0.0,1.0,2.0,0.0,4.523935072937203,0.0,0.0,1.6826233819581355,5.158688309020932,0.0,0.0,1.0,0.0,0.0,1.0,1.0,0.0,0.0,0.0,0.0,1.0,0.0,1.0,1.0,0.0,1.0,0.0,0.0,0.0,0.0,0.0,0.0,0.0,0.0,0.0,0.0,0.0,0.0,0.0,0.0,0.0,0.0,0.0,0.0,0.0,0.0,0.0,0.0,0.0,0.0,0.0,0.0,0.0,0.0,0.0,4.0
SMOTE_000358,attack,boolean,"1'  )   and 8407  =    (  select count  (  *  )   from generate_series  (  1,5000000   )    )   ",nearest_attack_euclidean,R000025,2.004470491140644,101.61794731785619,28.625470178809586,3.8346542127758467,47.35572266880695,9.254701788095867,33.00752286095339,12.0,0.45480246453022416,0.09482151431353908,0.33170253840607483,0.11867348275016194,1.7490596423808267,1.1102230246251565e-16,0.0,0.0,1.0,1.0,0.0,5.127350894047933,0.0,0.6254701788095867,1.3745298211904133,2.0,1.0,0.0,0.0,0.0,0.0,1.0,1.0,0.0,0.0,0.0,0.0,1.0,0.0,0.0,1.0,1.0,0.0,0.0,0.0,0.0,0.0,0.0,0.0,0.0,0.0,0.0,0.0,0.0,0.0,0.0,0.0,0.0,0.0,0.0,0.0,0.0,0.0,0.0,0.0,0.0,0.0,0.0,0.0,0.0,0.0,0.0,3.0
SMOTE_000359,attack,boolean,"""   )    )    or    (    (   ""x""   )    )     =     (    (   ""x",nearest_attack_euclidean,R000002,2.7258412520496167,71.69755339670897,12.509842501997248,1.9756470909286246,5.288526429142067,5.154105716568283,46.64426321457103,14.610658036427589,0.07167318367709252,0.05726784129520315,0.6667550487247552,0.20430392630294908,1.2885264291420706,2.711473570857929,0.3221316072855177,0.0,0.0,1.3221316072855176,0.0,8.0,0.6442632145710354,0.0,0.3221316072855178,1.6442632145710356,0.3221316072855177,0.6778683927144823,0.0,0.0,0.0,1.0,1.0,0.0,0.0,0.0,0.0,0.0,0.0,0.0,0.0,0.3221316072855178,1.0,0.0,0.0,0.0,0.0,0.0,0.0,0.0,0.0,0.0,0.0,0.0,0.0,0.0,0.0,0.0,0.0,0.0,0.0,0.0,0.0,0.0,0.0,0.0,0.0,0.0,0.0,0.0,0.0,0.0,1.3221316072855178
SMOTE_000360,attack,boolean,"1""   )    )     )   and   (  3020  =  3020  )  *6703 and    (    (     (  ""fqap"" like ""fqap",nearest_attack_euclidean,R000023,1.78459991672809,104.58855280956686,24.13153769561833,3.276945879906381,25.993266358568743,13.799326635856874,47.59865327171375,17.197306543427498,0.2351643157450512,0.13481562740586644,0.4683798187963067,0.1616402380527756,0.0,4.0,0.0,0.0,0.7335577880477087,1.2664422119522913,0.0,8.532884423904584,0.0,0.5328844239045828,0.2664422119522911,3.598653271713748,0.0,1.0,0.0,0.0,0.0,1.0,1.0,0.0,0.0,0.0,0.26644221195229134,0.0,0.0,0.0,0.0,2.0,0.0,0.0,0.0,0.0,0.0,0.0,0.0,0.0,0.0,0.0,0.0,0.0,0.0,0.0,0.0,0.0,0.0,0.0,0.0,0.0,0.0,0.0,0.0,0.0,0.0,0.0,0.0,0.0,0.0,0.0,2.0
SMOTE_000361,attack,boolean,"""   )    )    or    (    (   ""x""   )    )     =     (    (   ""x",nearest_attack_euclidean,R000002,3.6825538986298816,67.15436939354879,13.66504917302107,2.323579189584804,10.42038906275721,4.909709283284924,39.201940992374716,12.622330055131929,0.14668962534953,0.06634742274709357,0.597301864096174,0.18966108780720234,1.5106797794722846,2.4893202205277154,0.0,0.0,0.0,1.3776699448680712,0.0,6.489320220527715,0.0,0.37766994486807115,0.37766994486807115,1.3776699448680714,0.37766994486807115,0.6223300551319288,0.0,0.0,0.0,1.0,1.0,0.0,0.0,0.0,0.0,0.0,0.0,0.0,0.0,0.7553398897361424,0.6223300551319288,0.0,0.0,0.0,0.0,0.0,0.0,0.0,0.0,0.0,0.0,0.0,0.0,0.0,0.0,0.0,0.0,0.0,0.0,0.0,0.0,0.0,0.0,0.0,0.0,0.0,0.0,0.0,0.0,0.0,1.3776699448680712
SMOTE_000362,attack,boolean,"1"" and 6537  =  dbms_pipe.receive_message  (  chr  (  76  )  ||chr  (  116  )  ||chr  (  117  )  ||chr  (  65  )  ,5  )   and ""kfps""  =  ""kfps",nearest_attack_euclidean,R000011,1.9624574307664524,142.0,30.694744672469714,3.890387342597545,45.568393646356,18.778978689878855,52.0,25.652627663765145,0.32090418060814085,0.13224632880196377,0.36619718309859156,0.18065230749130384,0.0,2.957882991295429,0.6947446724697138,0.0,0.0,2.0,0.0,10.0,0.0,2.0,1.0,8.694744672469714,0.0,1.0,0.34737233623485697,0.0,0.0,1.0,1.0,0.0,0.0,0.0,0.9999999999999998,0.0,0.0,0.34737233623485697,0.0,1.305255327530286,0.3473723362348571,0.0,0.0,0.0,0.0,0.0,0.0,0.0,0.0,0.0,0.0,0.0,0.0,0.0,0.0,0.0,0.0,0.0,0.0,0.0,0.0,0.0,0.0,0.0,0.0,0.0,0.0,0.0,0.0,0.0,2.0
SMOTE_000363,attack,boolean,"1'+  (  select 'wkbg' where 3921  =  3921 and 8407  =    (  select count  (  *  )   from generate_series  (  1,5000000   )    )     )  +'",nearest_attack_euclidean,R000029,2.641999689759815,124.71805397995418,33.81579177258072,3.766117263250505,40.1766966555301,17.360904882949388,49.545113110368675,17.63533933110602,0.31934033873588435,0.13731684375481276,0.4015778232994558,0.14176499420984706,2.63533933110602,1.1102230246251565e-16,0.9097737792626532,0.0,1.0,1.5451131103686733,0.0,8.454886889631327,0.0,1.0,1.0,4.545113110368673,1.0,0.0,0.4548868896313267,0.0,0.0,1.0,1.0,0.0,0.0,0.0,0.0,1.5451131103686735,0.0,0.5451131103686734,1.0,1.0,0.0,0.0,0.0,0.0,0.0,0.0,0.0,0.0,0.0,0.0,0.0,0.0,0.0,0.0,0.0,0.0,0.0,0.0,0.0,0.0,0.0,0.0,0.0,0.0,0.0,0.0,0.0,0.0,0.0,0.0,4.090226220737347
SMOTE_000364,attack,boolean,1'   )    )    rlike   (  select   (  case when   (  6205  =  1384  )   then 1 else 0x28 end   )    )    and    (    (   'ahjf'  =  'ahjf,nearest_attack_euclidean,R000031,1.2160980177268772,130.39625807197888,28.371072197331323,3.3696624687048,39.798752690659626,13.0,62.016790583098384,15.580714798220882,0.30418093111040206,0.10335851697221093,0.47091608573030885,0.12154446618707818,4.0,1.1102230246251565e-16,0.0,0.0,0.0,2.0,0.0,9.371072197331323,0.0,0.10482130044477955,0.10482130044477955,2.0,1.0,0.0,0.0,0.0,0.0,1.0,1.0,0.0,0.0,0.8951786995552204,0.0,0.8951786995552204,0.0,0.0,0.0,1.1048213004447796,0.0,0.0,0.0,0.0,0.0,0.0,0.0,0.0,0.0,0.0,0.0,0.0,0.0,0.0,0.0,0.0,0.0,0.0,0.0,0.0,0.0,0.0,0.0,0.0,0.0,0.0,0.0,0.0,0.8951786995552204,0.8951786995552204,3.790357399110441
SMOTE_000365,attack,boolean,"select dbms_pipe.receive_message  (  chr  (  66  )  ||chr  (  67  )  ||chr  (  79  )  ||chr  (  101  )  ,5  )   from dual and    (    (   ""vfvh""  =  ""vfvh",nearest_attack_euclidean,R000024,1.5889045160398478,143.64857626263552,33.05896147842141,3.7746331570515346,52.64798997934453,10.70577889118394,56.64740369605353,23.64740369605353,0.3614241120025715,0.07746187642361108,0.39778241851810786,0.16333159305570955,0.23525963039464703,2.2942211088160587,0.470519260789294,0.0,0.23525963039464698,1.0,0.0,11.294221108816059,0.0,1.7647403696053532,1.0,6.294221108816059,0.23525963039464698,0.764740369605353,0.235259630394647,0.0,0.0,1.0,1.0,0.0,0.0,0.0,0.764740369605353,1.0,0.0,0.0,1.0,1.0,0.0,0.0,0.0,0.0,0.0,0.0,0.0,0.0,0.0,0.0,0.0,0.0,0.0,0.0,0.0,0.0,0.0,0.0,0.0,0.0,0.0,0.0,0.0,0.0,0.0,0.0,0.0,0.0,0.0,0.0,3.0
SMOTE_000366,attack,boolean,"1"" and 6537  =  dbms_pipe.receive_message  (  chr  (  76  )  ||chr  (  116  )  ||chr  (  117  )  ||chr  (  65  )  ,5  )   and ""kfps""  =  ""kfps",nearest_attack_euclidean,R000011,0.9807826077296606,144.94524751037196,31.178099004148784,3.9173815449401816,48.58904950207439,17.030836628630183,52.73631187759299,26.58904950207439,0.3355187423403195,0.11699073383322617,0.3640846555415955,0.18340586828485883,0.44178712655579333,3.410950497925609,0.29452475103719544,0.0,0.0,2.0,0.0,10.147262375518597,0.0,2.0,1.0,8.589049502074392,0.14726237551859772,0.8527376244814022,0.14726237551859775,0.0,0.0,1.0,1.0,0.0,0.0,0.0,0.9999999999999998,0.14726237551859783,0.0,0.14726237551859778,0.0,1.852737624481402,0.0,0.0,0.0,0.0,0.0,0.0,0.0,0.0,0.0,0.0,0.0,0.0,0.0,0.0,0.0,0.0,0.0,0.0,0.0,0.0,0.0,0.0,0.0,0.0,0.0,0.0,0.0,0.0,0.0,0.0,2.147262375518598
SMOTE_000367,attack,boolean,"1""   )    )    and   (  1248  =  8705  )  *8705 and    (    (   ""wvma"" like ""wvma",nearest_attack_euclidean,R000017,0.5193218498037493,85.07084939705106,22.592915060294892,3.188499477366532,18.0,13.0,41.256679517640855,12.814169879410215,0.21228119805359935,0.15331419859426618,0.4839368828979743,0.15046772045416015,0.0,4.0,0.0,0.0,1.0,1.0,0.0,6.814169879410215,0.0,0.0,0.0,2.0,0.0,1.0,0.0,0.0,0.0,1.0,1.0,0.0,0.0,0.0,0.0,0.0,0.0,0.0,0.0,2.0,0.0,0.0,0.0,0.0,0.0,0.0,0.0,0.0,0.0,0.0,0.0,0.0,0.0,0.0,0.0,0.0,0.0,0.0,0.0,0.0,0.0,0.0,0.0,0.0,0.0,0.0,0.0,0.0,0.0,0.0,2.0
SMOTE_000368,attack,boolean,"1'   )    )     )   and 8635  =    (  select count  (  *  )   from generate_series  (  1,5000000   )    )   --",nearest_attack_euclidean,R000019,1.443206315776599,113.45906426935237,29.871886508542506,3.474526980730209,33.28113491457495,13.0,51.17792935477742,16.0,0.292915380489978,0.11519788749160048,0.450104716644144,0.1417820153742775,1.3843404743724856,1.1102230246251565e-16,1.7437730170850094,0.0,0.8718865085425047,1.1281134914574953,0.0,9.128113491457494,0.0,0.8718865085425047,0.8718865085425048,3.7437730170850094,1.0,0.0,0.8718865085425047,0.0,0.0,1.0,1.0,0.0,0.0,0.1281134914574951,0.0,1.0,0.0,0.0,0.8718865085425047,1.0,0.0,0.0,0.0,0.0,0.0,0.0,0.0,0.0,0.0,0.0,0.0,0.0,0.0,0.0,0.0,0.0,0.0,0.0,0.0,0.0,0.0,0.0,0.0,0.0,0.0,0.0,0.0,0.0,0.1281134914574951,0.1281134914574951,3.128113491457495
SMOTE_000369,attack,boolean,"-9688%'   )    )     )   or elt  (  3695  =  7995,7995  )   and    (    (     (  '%'  =  '",nearest_attack_euclidean,R000013,1.8232718475861973,102.95870780197,24.492059192686536,3.0300343556132447,14.728559820253647,15.750794080731346,52.98411838537308,19.49523551561192,0.1281612458064999,0.15979907217795786,0.5197615555703456,0.19227812644519665,3.5015881614626925,0.9968236770746152,0.7507940807313462,0.24920591926865387,0.0,2.0,0.0,8.996823677074616,2.0,0.0,1.0,3.0,1.0,0.24920591926865385,0.0,0.0,0.0,1.0,1.0,0.0,0.0,0.0,0.0,0.0,0.0,0.0,0.0,1.2492059192686538,0.7507940807313461,0.0,0.0,0.0,0.0,0.0,0.0,0.0,0.0,0.0,0.0,0.0,0.0,0.0,0.0,0.0,0.0,0.0,0.0,0.0,0.0,0.0,0.0,0.0,0.0,0.0,0.0,0.0,0.0,0.0,2.0
SMOTE_000370,attack,boolean,"1%'  )   and 3202  =  like  (  'abcdefg',upper  (  hex  (  randomblob  (  500000000/2   )    )      )    )    and   (  '%'  =  '",nearest_attack_euclidean,R000015,1.4400803529188306,119.02381488737946,28.874061420695135,3.3921127775245123,28.622184262085405,15.23621539770054,54.110276818395675,21.055138409197838,0.2298442764313065,0.131499856562064,0.4601373089463018,0.1785185580603277,5.527569204598919,1.1102230246251565e-16,0.23621539770054056,0.7637846022994594,0.0,2.0,0.0,9.527569204598919,2.0,0.0,1.0,3.0,1.0,0.0,0.0,0.0,0.0,1.0,1.0,0.0,0.0,0.0,0.0,0.0,0.0,0.0,0.0,1.7637846022994594,0.23621539770054062,0.0,0.0,0.0,0.0,0.0,0.0,0.0,0.0,0.0,0.0,0.0,0.0,0.0,0.0,0.0,0.0,0.0,0.0,0.0,0.0,0.0,0.0,0.0,0.0,0.0,0.0,0.0,0.0,0.0,2.0
SMOTE_000371,attack,boolean,"1'  )   and make_set  (  4551  =  6487,6487  )   and   (  'jnqa'  =  'jnqa",nearest_attack_euclidean,R000014,0.5789708721024083,75.65224260809384,22.896734836994135,3.554574791266634,19.657552880923753,13.309795489017596,30.065303260117304,12.619590978035191,0.2636579306934515,0.17589274959190423,0.39437982706036834,0.16606949265427598,4.0,1.1102230246251565e-16,0.10326516300586508,0.0,0.0,2.0,0.0,4.413060652023461,0.20653032601173038,0.8967348369941348,1.0,2.103265163005865,1.0,0.0,0.0,0.0,0.0,1.0,1.0,0.0,0.0,0.0,0.0,0.0,0.0,0.0,0.0,1.8967348369941348,0.10326516300586519,0.0,0.0,0.0,0.0,0.0,0.0,0.0,0.0,0.0,0.0,0.0,0.0,0.0,0.0,0.0,0.0,0.0,0.0,0.0,0.0,0.0,0.0,0.0,0.0,0.0,0.0,0.0,0.0,0.0,2.0
SMOTE_000372,attack,boolean,"1""   )    )    and   (  1248  =  8705  )  *8705 and    (    (   ""wvma"" like ""wvma",nearest_attack_euclidean,R000017,0.4084122589853337,82.08497545707922,23.43399018283169,3.3060167068883457,19.0126437599406,13.0,38.072331697138615,12.0,0.23025907745984606,0.15867995358255788,0.4645871656506195,0.1464738033069765,0.07233169713861476,3.7106732114455414,0.0,0.0,1.0,1.0,0.0,6.0723316971386145,0.0,0.07233169713861465,0.07233169713861476,2.0,0.07233169713861465,0.9276683028613854,0.0,0.0,0.0,1.0,1.0,0.0,0.0,0.0,0.0,0.07233169713861476,0.0,0.0,0.07233169713861465,1.9276683028613852,0.0,0.0,0.0,0.0,0.0,0.0,0.0,0.0,0.0,0.0,0.0,0.0,0.0,0.0,0.0,0.0,0.0,0.0,0.0,0.0,0.0,0.0,0.0,0.0,0.0,0.0,0.0,0.0,0.0,0.0,2.0723316971386145
SMOTE_000373,attack,boolean,"1'  )   and 8407  =    (  select count  (  *  )   from generate_series  (  1,5000000   )    )   ",nearest_attack_euclidean,R000025,1.8076590233985892,109.01478806184271,29.30987590623435,3.7440219402875328,45.324663968077054,11.45062046882825,38.3802481875313,13.859255437406102,0.398452183194175,0.11141812501536509,0.36344558360440365,0.12668410818605624,1.9296277187030504,1.1102230246251565e-16,0.0,0.0,1.0,1.3098759062343501,0.0,6.07037228129695,0.6197518124687003,0.6901240937656499,1.3098759062343501,2.3098759062343497,1.0,0.0,0.0,0.0,0.0,1.0,1.0,0.0,0.0,0.0,0.0,1.0,0.0,0.0,1.0,1.3098759062343501,0.0,0.0,0.0,0.0,0.0,0.0,0.0,0.0,0.0,0.0,0.0,0.0,0.0,0.0,0.0,0.0,0.0,0.0,0.0,0.0,0.0,0.0,0.0,0.0,0.0,0.0,0.0,0.0,0.0,0.0,3.30987590623435
SMOTE_000374,attack,boolean,"1"" and 6537  =  dbms_pipe.receive_message  (  chr  (  76  )  ||chr  (  116  )  ||chr  (  117  )  ||chr  (  65  )  ,5  )   and ""kfps""  =  ""kfps",nearest_attack_euclidean,R000011,0.5362721732374195,143.61040201025327,30.644160804101308,3.9074110317369035,48.32208040205065,16.563640703588643,52.40260050256332,26.322080402050652,0.33665606505820883,0.11503523507848788,0.3650420955847166,0.18326660427858668,0.24156030153799013,3.6779195979493466,0.16104020102532668,0.0,0.0,2.0,0.0,10.080520100512663,0.0,2.0,1.0,8.322080402050652,0.08052010051266334,0.9194798994873367,0.08052010051266328,0.0,0.0,1.0,1.0,0.0,0.0,0.0,0.9999999999999998,0.08052010051266334,0.0,0.08052010051266334,0.0,1.9194798994873365,0.0,0.0,0.0,0.0,0.0,0.0,0.0,0.0,0.0,0.0,0.0,0.0,0.0,0.0,0.0,0.0,0.0,0.0,0.0,0.0,0.0,0.0,0.0,0.0,0.0,0.0,0.0,0.0,0.0,0.0,2.0805201005126635
SMOTE_000375,attack,boolean,select * from users where id  =  1 +   (  \.  )   or 1  =  1 -- 1,nearest_attack_euclidean,R000001,0.07534769709402434,66.05400144419781,24.110947520441876,3.46648051292655,24.62407980248555,4.166421280662814,27.194158160773284,10.069342200276171,0.3708967978724292,0.06225874276773504,0.41365654571270294,0.1531879136471329,0.0,1.1102230246251565e-16,2.0,0.0,1.0,2.0,0.0,2.0416053201657034,0.0,0.0,0.02773688011046893,5.9861315599447655,0.0,0.0,1.0,0.0,0.0,1.0,1.0,0.0,0.0,0.0,0.0,1.0,0.0,1.0,1.0,0.0,1.0,0.0,0.0,0.0,0.0,0.0,0.0,0.0,0.0,0.0,0.0,0.0,0.0,0.0,0.0,0.0,0.0,0.0,0.0,0.0,0.0,0.0,0.0,0.0,0.0,0.0,0.0,0.0,0.0,0.0,4.0
SMOTE_000376,attack,boolean,"1'||  (  select 'ersu' where 4123  =  4123 and 8312  =  dbms_pipe.receive_message  (  chr  (  69  )  ||chr  (  79  )  ||chr  (  101  )  ||chr  (  68  )  ,5  )  --",nearest_attack_euclidean,R000006,3.1305244869296156,158.3876277817767,36.19381389088835,3.961719214242041,55.160825690945394,17.129895145387124,57.903093054555825,28.193813890888347,0.3490418918262292,0.1071880541354758,0.3659694681448121,0.17780058589348288,1.64536041816626,1.35463958183374,1.096906945444173,0.0,0.0,1.5484534727220867,0.0,11.451546527277912,0.0,2.0,1.0,9.742267363610432,0.5484534727220867,0.4515465272779133,0.5484534727220867,0.0,0.0,1.0,1.0,0.0,0.0,0.0,0.9999999999999998,1.0,0.0,0.5484534727220867,0.4515465272779133,1.0,0.0,0.0,0.0,0.0,0.0,0.0,0.0,0.0,0.0,0.0,0.0,0.0,0.0,0.0,0.0,0.0,0.0,0.0,0.0,0.0,0.0,0.0,0.0,0.0,0.0,0.0,0.0,0.0,0.0,0.0,3.0
SMOTE_000377,attack,boolean,select * from users where id  =  1 +   (  \.  )   or 1  =  1 -- 1,nearest_attack_euclidean,R000001,2.784070140924339,98.78592641894049,27.898376125262363,3.7742958335048185,43.92503352911875,9.197834833683151,33.06414063929701,12.598917416841577,0.42133027921873556,0.08334755874272651,0.3596502558626049,0.13567190617593305,0.0,0.4331529028069293,2.0,0.0,1.0,2.0,0.0,3.299458708420788,0.0,0.0,0.8663058056138587,5.566847097193071,0.0,0.43315290280692925,1.0,0.0,0.0,1.0,1.0,0.0,0.0,0.0,0.0,1.0,0.0,1.0,1.0,0.4331529028069293,0.5668470971930707,0.0,0.0,0.0,0.0,0.0,0.0,0.0,0.0,0.0,0.0,0.0,0.0,0.0,0.0,0.0,0.0,0.0,0.0,0.0,0.0,0.0,0.0,0.0,0.0,0.0,0.0,0.0,0.0,0.0,4.0
SMOTE_000378,attack,boolean,"1""   )    )    as gawq where 4728  =  4728 or 7417  =    (  select count  (  *  )   from sysibm.systables as t1,sysibm.systables as t2,sysibm.systables as t3  )  --",nearest_attack_euclidean,R000010,0.15748757497767232,162.56790408531387,33.87546992046207,4.0721955424745895,81.1905544830035,16.0,48.50187968184831,16.875469920462077,0.4993376059599047,0.09855187401119953,0.2982823459454568,0.10382817408343904,0.0,0.9377349602310382,2.0,0.0,1.0,2.0,0.0,5.9377349602310385,0.0,0.0,2.0,5.0,0.0,0.9377349602310381,1.0,0.0,0.0,1.0,1.0,0.0,0.0,0.0,0.0,1.0,0.0,1.0,1.0,0.0,1.0,0.0,0.0,0.0,0.0,0.0,0.0,0.0,0.0,0.0,0.0,0.0,0.0,0.0,0.0,0.0,0.0,0.0,0.0,0.0,0.0,0.0,0.0,0.0,0.0,0.0,0.0,0.0,0.0,0.0,4.0
SMOTE_000379,attack,boolean,"1"" and 6537  =  dbms_pipe.receive_message  (  chr  (  76  )  ||chr  (  116  )  ||chr  (  117  )  ||chr  (  65  )  ,5  )   and ""kfps""  =  ""kfps",nearest_attack_euclidean,R000011,1.6359611733279291,142.0,30.579159217274324,3.891218354801286,45.97294273953987,18.316636869097294,52.0,25.710420391362838,0.32375311788408356,0.12899040048660068,0.36619718309859156,0.18105929853072422,0.0,3.131261174088514,0.579159217274324,0.0,0.0,2.0,0.0,10.0,0.0,2.0,1.0,8.579159217274324,0.0,1.0,0.2895796086371621,0.0,0.0,1.0,1.0,0.0,0.0,0.0,0.9999999999999998,0.0,0.0,0.28957960863716203,0.0,1.420840782725676,0.28957960863716214,0.0,0.0,0.0,0.0,0.0,0.0,0.0,0.0,0.0,0.0,0.0,0.0,0.0,0.0,0.0,0.0,0.0,0.0,0.0,0.0,0.0,0.0,0.0,0.0,0.0,0.0,0.0,0.0,0.0,2.0
SMOTE_000380,attack,boolean,"1%'   )    )     )   or 2367  =    (  select count  (  *  )   from rdb$fields as t1,rdb$types as t2,rdb$collations as t3,rdb$functions as t4  )  --",nearest_attack_euclidean,R000021,1.6668831871735263,143.21696042692875,32.656087311538975,4.137076494003087,70.31217462307795,11.407388819227164,43.56087311538977,17.93652386923386,0.49137082229294304,0.08062892720008175,0.3033338939524132,0.12466635655456196,0.6560873115389767,1.1102230246251565e-16,2.0,0.0,1.0,1.3439126884610233,0.0,5.96826193461693,0.6560873115389766,0.0,2.6560873115389767,4.343912688461024,0.6560873115389766,0.0,1.0,0.0,0.0,1.0,1.0,0.0,0.0,0.0,0.0,1.0,0.0,0.34391268846102346,1.0,0.0,1.0,0.0,0.0,0.0,0.0,0.0,0.0,0.0,0.0,0.0,0.0,0.0,0.0,0.0,0.0,0.0,0.0,0.0,0.0,0.0,0.0,0.0,0.0,0.0,0.0,0.0,0.0,0.0,0.0,0.0,3.3439126884610233
SMOTE_000381,attack,boolean,"1""   )    )    and   (  1248  =  8705  )  *8705 and    (    (   ""wvma"" like ""wvma",nearest_attack_euclidean,R000017,0.7536051074255318,79.23994863606055,21.533290530050454,3.110834803886886,16.631071161380426,11.72885179271039,38.78224505063976,12.097780631329968,0.20670148709048095,0.14480063941617766,0.4946587891302214,0.15383908436311994,0.0,4.0,0.0,0.0,0.9022193686700302,1.0,0.0,6.19556126265994,0.0,0.0,0.0,1.9022193686700302,0.0,1.0,0.0,0.0,0.0,1.0,1.0,0.0,0.0,0.0,0.0,0.0,0.0,0.0,0.0,1.8044387373400603,0.09778063132996995,0.0,0.0,0.0,0.0,0.0,0.0,0.0,0.0,0.0,0.0,0.0,0.0,0.0,0.0,0.0,0.0,0.0,0.0,0.0,0.0,0.0,0.0,0.0,0.0,0.0,0.0,0.0,0.0,0.0,1.9022193686700304
SMOTE_000382,attack,boolean,"-4641""  )   where 4212  =  4212 or make_set  (  3595  =  4062,4062  )  --",nearest_attack_euclidean,R000009,3.6018701099150454,104.53955722165338,28.782902107792946,3.9650794615136618,39.50993598810201,20.289463856276072,31.884889305413346,12.855268071861964,0.32980389838028745,0.22891105490998465,0.311148114832944,0.13013693187678385,0.0,0.536182982034509,2.536182982034509,0.0,0.463817017965491,2.0,0.0,3.9276340359309825,0.0,0.536182982034509,1.463817017965491,5.0,0.0,0.536182982034509,1.0,0.0,0.0,1.0,1.0,0.0,0.0,0.0,0.0,0.463817017965491,0.0,1.0,0.463817017965491,0.0,1.0,0.0,0.0,0.0,0.0,0.0,0.0,0.0,0.0,0.0,0.0,0.0,0.0,0.0,0.0,0.0,0.0,0.0,0.0,0.0,0.0,0.0,0.0,0.0,0.0,0.0,0.0,0.0,0.0,0.0,2.927634035930982
SMOTE_000383,attack,boolean,"1%'   )    )     )   or 2367  =    (  select count  (  *  )   from rdb$fields as t1,rdb$types as t2,rdb$collations as t3,rdb$functions as t4  )  --",nearest_attack_euclidean,R000021,1.763430178456933,150.1243337659707,33.892666790277346,4.1855490931548,73.23166697569337,12.570667161109386,45.21466641944531,19.107333209722654,0.4876856324782668,0.08316852499290323,0.30164821435894673,0.1274976281698832,1.0,1.1102230246251565e-16,2.0,0.0,1.0,1.4463333951386732,0.0,6.107333209722653,0.5536666048613268,0.0,3.0,4.446333395138673,1.0,0.0,1.0,0.0,0.0,1.0,1.0,0.0,0.0,0.0,0.0,1.0,0.0,0.44633339513867326,1.0,0.0,1.0,0.0,0.0,0.0,0.0,0.0,0.0,0.0,0.0,0.0,0.0,0.0,0.0,0.0,0.0,0.0,0.0,0.0,0.0,0.0,0.0,0.0,0.0,0.0,0.0,0.0,0.0,0.0,0.0,0.0,3.446333395138673
SMOTE_000384,attack,boolean,"1""   )    )    and   (  1248  =  8705  )  *8705 and    (    (   ""wvma"" like ""wvma",nearest_attack_euclidean,R000017,0.4762879655936148,84.73351627375614,22.626648372624388,3.1962473893148755,18.0,13.0,40.98681301900491,12.746703254751228,0.21310496636445386,0.1539091423743278,0.4827103834129242,0.1502755078482941,0.0,4.0,0.0,0.0,1.0,1.0,0.0,6.746703254751227,0.0,0.0,0.0,2.0,0.0,1.0,0.0,0.0,0.0,1.0,1.0,0.0,0.0,0.0,0.0,0.0,0.0,0.0,0.0,2.0,0.0,0.0,0.0,0.0,0.0,0.0,0.0,0.0,0.0,0.0,0.0,0.0,0.0,0.0,0.0,0.0,0.0,0.0,0.0,0.0,0.0,0.0,0.0,0.0,0.0,0.0,0.0,0.0,0.0,0.0,2.0
SMOTE_000385,attack,boolean,"1'  )   and make_set  (  4551  =  6487,6487  )   and   (  'jnqa'  =  'jnqa",nearest_attack_euclidean,R000014,0.44058860461513444,76.39251556938116,23.227858625655347,3.617779138812674,21.797505189793718,13.0,29.443104629150547,12.1519057504369,0.2846490981542445,0.17260774290767855,0.3823041336175249,0.16043902532055204,4.0,1.1102230246251565e-16,0.0,0.0,0.0,2.0,0.0,4.227858625655349,0.0,0.9620235623907754,0.9620235623907752,2.0,1.0,0.0,0.0,0.0,0.0,1.0,1.0,0.0,0.0,0.037976437609224756,0.0,0.03797643760922487,0.0,0.0,0.0,1.9620235623907751,0.0,0.0,0.0,0.0,0.0,0.0,0.0,0.0,0.0,0.0,0.0,0.0,0.0,0.0,0.0,0.0,0.0,0.0,0.0,0.0,0.0,0.0,0.0,0.0,0.0,0.0,0.0,0.0,0.037976437609224756,0.037976437609224756,2.0759528752184497
SMOTE_000386,attack,boolean,"1"" where 3018  =  3018 or 2633  =  dbms_pipe.receive_message  (  chr  (  112  )  ||chr  (  65  )  ||chr  (  65  )  ||chr  (  103  )  ,5  )  --",nearest_attack_euclidean,R000026,2.115289868045959,120.54250144605595,30.134130560526604,3.860643194249665,32.60358752236972,24.0,43.29260928245749,20.646304641228745,0.25858256500947385,0.21869380332767288,0.35455724897878194,0.16816638268407125,0.0,1.0,2.3109782399122323,0.0,0.0,2.0,0.0,7.823152320614372,0.0,1.6890217600877677,1.0,8.445108800438836,0.0,1.0,1.0,0.0,0.0,1.0,1.0,0.0,0.0,0.0,0.6890217600877673,0.0,0.0,1.0,0.0,0.0,1.0,0.0,0.0,0.0,0.0,0.0,0.0,0.0,0.0,0.0,0.0,0.0,0.0,0.0,0.0,0.0,0.0,0.0,0.0,0.0,0.0,0.0,0.0,0.0,0.0,0.0,0.0,0.0,0.0,0.0,2.0
SMOTE_000387,attack,boolean,"1""   )    )    as gawq where 4728  =  4728 or 7417  =    (  select count  (  *  )   from sysibm.systables as t1,sysibm.systables as t2,sysibm.systables as t3  )  --",nearest_attack_euclidean,R000010,0.9864042959421093,161.0125936233627,34.29874063766373,4.141217829955203,80.20755617401761,16.29874063766373,47.20755617401761,17.29874063766373,0.4980601257294563,0.10139341014424488,0.2929372079899476,0.1076092561363512,0.29874063766373116,0.7012593623362691,2.0,0.0,1.0,2.0,0.0,5.701259362336269,0.0,0.0,2.298740637663731,5.0,0.29874063766373105,0.7012593623362688,1.0,0.0,0.0,1.0,1.0,0.0,0.0,0.0,0.0,1.0,0.0,1.0,1.0,0.0,1.0,0.0,0.0,0.0,0.0,0.0,0.0,0.0,0.0,0.0,0.0,0.0,0.0,0.0,0.0,0.0,0.0,0.0,0.0,0.0,0.0,0.0,0.0,0.0,0.0,0.0,0.0,0.0,0.0,0.0,4.0
SMOTE_000388,attack,boolean,"1""   )    )    as gawq where 4728  =  4728 or 7417  =    (  select count  (  *  )   from sysibm.systables as t1,sysibm.systables as t2,sysibm.systables as t3  )  --",nearest_attack_euclidean,R000010,0.7859820979366644,156.85275837391578,33.378500728166586,4.089621798808859,77.96025473308282,16.0,46.514002912666356,16.37850072816659,0.49669415280939677,0.10250630799244714,0.2962943832103187,0.10450515598783741,0.0,0.6892503640832943,2.0,0.0,1.0,2.0,0.0,5.6892503640832945,0.0,0.0,2.0,5.0,0.0,0.6892503640832943,1.0,0.0,0.0,1.0,1.0,0.0,0.0,0.0,0.0,1.0,0.0,1.0,1.0,0.0,1.0,0.0,0.0,0.0,0.0,0.0,0.0,0.0,0.0,0.0,0.0,0.0,0.0,0.0,0.0,0.0,0.0,0.0,0.0,0.0,0.0,0.0,0.0,0.0,0.0,0.0,0.0,0.0,0.0,0.0,4.0
SMOTE_000389,attack,boolean,"1""   )    )    and   (  1248  =  8705  )  *8705 and    (    (   ""wvma"" like ""wvma",nearest_attack_euclidean,R000017,2.2243159740676846,90.87712847863503,25.38413446036018,3.3543388573555033,22.768268920720356,13.0,41.74649700913742,13.362362548777245,0.2456163265951648,0.14608275306147528,0.4610701880529742,0.1472307322903857,0.34059063719431126,2.637637451222755,0.6811812743886225,0.0,1.0,1.0,0.0,7.021771911582934,0.0,0.34059063719431126,0.3405906371943115,2.6811812743886225,0.34059063719431126,0.6594093628056887,0.3405906371943112,0.0,0.0,1.0,1.0,0.0,0.0,0.0,0.0,0.34059063719431126,0.0,0.0,0.34059063719431126,1.6594093628056887,0.0,0.0,0.0,0.0,0.0,0.0,0.0,0.0,0.0,0.0,0.0,0.0,0.0,0.0,0.0,0.0,0.0,0.0,0.0,0.0,0.0,0.0,0.0,0.0,0.0,0.0,0.0,0.0,0.0,0.0,2.3405906371943113
SMOTE_000390,attack,boolean,select * from users where id  =  1 +   (  \.  )   or 1  =  1 -- 1,nearest_attack_euclidean,R000001,3.5882714639848343,68.67401922732736,24.918504806831844,3.6216770712689192,19.40747596584078,13.185048068318434,25.622242789752235,10.45925240341592,0.2877364544412632,0.18426386670840644,0.3756053239612342,0.15239435488909614,0.0,0.45925240341592166,2.4592524034159218,0.0,0.5407475965840783,2.0,0.0,2.459252403415922,0.0,0.45925240341592166,0.4592524034159218,5.540747596584078,0.0,0.4592524034159217,1.0,0.0,0.0,1.0,1.0,0.0,0.0,0.0,0.0,0.5407475965840783,0.0,1.0,0.5407475965840783,0.0,1.0,0.0,0.0,0.0,0.0,0.0,0.0,0.0,0.0,0.0,0.0,0.0,0.0,0.0,0.0,0.0,0.0,0.0,0.0,0.0,0.0,0.0,0.0,0.0,0.0,0.0,0.0,0.0,0.0,0.0,3.0814951931681565
SMOTE_000391,attack,boolean,"-4641""  )   where 4212  =  4212 or make_set  (  3595  =  4062,4062  )  --",nearest_attack_euclidean,R000009,2.3958277563590533,70.54691992214751,25.386729980536877,3.7056053607100274,17.066350097315606,17.867299805368788,24.919905029194684,10.693364990268439,0.24619318823898295,0.24682545999165037,0.35532707881974107,0.15165427294962558,0.0,0.6933649902684393,2.693364990268439,0.0,0.30663500973156066,2.0,0.0,2.6933649902684396,0.0,0.6933649902684393,0.6933649902684395,5.30663500973156,0.0,0.6933649902684393,1.0,0.0,0.0,1.0,1.0,0.0,0.0,0.0,0.0,0.30663500973156066,0.0,1.0,0.30663500973156066,0.0,1.0,0.0,0.0,0.0,0.0,0.0,0.0,0.0,0.0,0.0,0.0,0.0,0.0,0.0,0.0,0.0,0.0,0.0,0.0,0.0,0.0,0.0,0.0,0.0,0.0,0.0,0.0,0.0,0.0,0.0,2.6132700194631213
SMOTE_000392,attack,boolean,"1'||  (  select 'ersu' where 4123  =  4123 and 8312  =  dbms_pipe.receive_message  (  chr  (  69  )  ||chr  (  79  )  ||chr  (  101  )  ||chr  (  68  )  ,5  )  --",nearest_attack_euclidean,R000006,1.0609087246628979,154.57533104015053,36.857743236946234,3.9661865959925073,49.144358092365586,21.572179046182793,55.857743236946234,28.00105066465591,0.3166929740109651,0.13857802421762908,0.3652166405778176,0.17951236119358818,2.7144358092365586,1.1102230246251565e-16,2.0,0.0,0.14278209538172065,1.8572179046182793,0.0,10.714435809236559,0.0,1.8572179046182793,1.0,10.857743236946234,1.0,0.0,1.0,0.0,0.0,1.0,1.0,0.0,0.0,0.0,0.8572179046182791,1.0,0.0,0.8572179046182793,0.14278209538172065,1.0,0.0,0.0,0.0,0.0,0.0,0.0,0.0,0.0,0.0,0.0,0.0,0.0,0.0,0.0,0.0,0.0,0.0,0.0,0.0,0.0,0.0,0.0,0.0,0.0,0.0,0.0,0.0,0.0,0.0,0.0,3.0
SMOTE_000393,attack,boolean,"select dbms_pipe.receive_message  (  chr  (  66  )  ||chr  (  67  )  ||chr  (  79  )  ||chr  (  101  )  ,5  )   from dual and    (    (   ""vfvh""  =  ""vfvh",nearest_attack_euclidean,R000024,1.3795928953518564,142.71710370142327,33.027336525984765,3.8128336087670833,53.74761724031773,10.583598084409141,55.10934610393906,23.276542272757343,0.37343235502062755,0.07864604085394851,0.38761703068334974,0.16030457344207424,0.19453269480304702,2.416401915590859,0.0,0.0,0.1945326948030469,1.0,0.0,11.027336525984765,0.0,1.8054673051969532,1.0,6.027336525984765,0.1945326948030469,0.8054673051969531,0.0,0.0,0.0,1.0,1.0,0.0,0.0,0.0,0.805467305196953,1.0,0.0,0.0,1.0,1.0,0.0,0.0,0.0,0.0,0.0,0.0,0.0,0.0,0.0,0.0,0.0,0.0,0.0,0.0,0.0,0.0,0.0,0.0,0.0,0.0,0.0,0.0,0.0,0.0,0.0,0.0,0.0,0.0,0.0,0.0,3.0
SMOTE_000394,attack,boolean,"1%'  )   and 3202  =  like  (  'abcdefg',upper  (  hex  (  randomblob  (  500000000/2   )    )      )    )    and   (  '%'  =  '",nearest_attack_euclidean,R000015,1.836453926628777,134.01534125453765,31.429667232466976,3.476568774979255,35.0,15.0,61.156006789603694,22.859334464933948,0.2618542614486786,0.11222325490657654,0.45527672528692587,0.17064575835781895,4.281331070132103,1.7186689298678974,0.0,1.0,0.0,2.0,0.0,10.859334464933948,2.0,0.0,1.0,3.0,1.0,0.4296672324669744,0.0,0.0,0.0,1.0,1.0,0.0,0.0,0.0,0.0,0.0,0.0,0.0,0.0,2.0,0.0,0.0,0.0,0.0,0.0,0.0,0.0,0.0,0.0,0.0,0.0,0.0,0.0,0.0,0.0,0.0,0.0,0.0,0.0,0.0,0.0,0.0,0.0,0.0,0.0,0.0,0.0,0.0,0.0,0.0,2.0
SMOTE_000395,attack,boolean,"1'   )    )     )   and 8635  =    (  select count  (  *  )   from generate_series  (  1,5000000   )    )   --",nearest_attack_euclidean,R000019,1.633240518372376,113.9145365833023,29.855017163581397,3.4719110217579057,33.44982836418603,13.0,51.464708219116254,16.0,0.2931795586857857,0.11480497839529331,0.45071702797086766,0.1412984349480533,1.43494850925581,1.1102230246251565e-16,1.7100343271627931,0.0,0.8550171635813967,1.1449828364186034,0.0,9.144982836418603,0.0,0.8550171635813966,0.8550171635813967,3.710034327162793,1.0,0.0,0.8550171635813966,0.0,0.0,1.0,1.0,0.0,0.0,0.14498283641860327,0.0,1.0,0.0,0.0,0.8550171635813967,1.0,0.0,0.0,0.0,0.0,0.0,0.0,0.0,0.0,0.0,0.0,0.0,0.0,0.0,0.0,0.0,0.0,0.0,0.0,0.0,0.0,0.0,0.0,0.0,0.0,0.0,0.0,0.0,0.0,0.14498283641860327,0.14498283641860327,3.1449828364186034
SMOTE_000396,attack,boolean,"select dbms_pipe.receive_message  (  chr  (  66  )  ||chr  (  67  )  ||chr  (  79  )  ||chr  (  101  )  ,5  )   from dual and    (    (   ""vfvh""  =  ""vfvh",nearest_attack_euclidean,R000024,3.6155063939241536,144.53489511307646,32.11241259423037,3.962071775940249,54.33723778269112,13.465104886923553,51.577517481153926,25.15503496230785,0.3750577083990516,0.09361850838094411,0.35707046709382767,0.1742533161261766,1.2674475565382237,2.3100699246157017,0.0,0.0,0.0,1.1550349623078509,0.0,10.422482518846074,0.0,2.0,1.0,7.155034962307851,0.4224825188460746,0.5775174811539253,0.0,0.0,0.0,0.5775174811539255,1.0,0.0,0.0,0.0,0.9999999999999998,0.4224825188460746,0.0,0.0,0.4224825188460746,1.5775174811539254,0.0,0.0,0.0,0.0,0.0,0.0,0.0,0.0,0.0,0.0,0.0,0.0,0.0,0.0,0.0,0.0,0.0,0.0,0.0,0.0,0.0,0.0,0.0,0.0,0.0,0.0,0.0,0.0,0.0,0.0,2.4224825188460746
SMOTE_000397,attack,boolean,"select count  (  *  )   from domain.domains as t1,domain.columns as t2,domain.tables as t3 and 'qjle'  =  'qjle",nearest_attack_euclidean,R000027,1.26084961197105,118.33858570921306,28.54359894142319,4.15698287344645,73.54359894142318,4.358997353557973,26.80519258996233,13.63079682426957,0.626623758044485,0.035437586441917746,0.22376216909347943,0.11417648642011788,3.2717994707115947,1.1102230246251565e-16,0.0,0.0,1.0,1.271799470711595,0.0,2.5435989414231894,0.5435989414231899,0.0,2.0,2.2717994707115947,1.0,0.0,0.0,0.0,0.0,1.0,1.0,0.0,0.0,0.0,0.0,1.0,0.0,0.0,1.0,1.271799470711595,0.0,0.0,0.0,0.0,0.0,0.0,0.0,0.0,0.0,0.0,0.0,0.0,0.0,0.0,0.0,0.0,0.0,0.0,0.0,0.0,0.0,0.0,0.0,0.0,0.0,0.0,0.0,0.0,0.0,0.0,3.2717994707115947
SMOTE_000398,attack,boolean,"1"" and 6537  =  dbms_pipe.receive_message  (  chr  (  76  )  ||chr  (  116  )  ||chr  (  117  )  ||chr  (  65  )  ,5  )   and ""kfps""  =  ""kfps",nearest_attack_euclidean,R000011,2.151124838815237,149.55706109180582,31.16262478335474,3.892151260266498,51.48787435006422,16.0,55.19721815422554,26.871968587516054,0.34358397155023646,0.10760760490153869,0.36875577637181944,0.18005264717640546,0.0,3.709343804161315,0.0,0.0,0.0,1.709343804161315,0.0,11.16262478335474,0.290656195838685,2.0,1.8719685875160548,7.128031412483946,0.0,1.0,0.0,0.0,0.0,1.0,1.0,0.0,0.0,0.0,0.9999999999999998,0.0,0.0,0.0,0.0,1.709343804161315,0.0,0.0,0.0,0.0,0.0,0.0,0.0,0.0,0.0,0.0,0.0,0.0,0.0,0.0,0.0,0.0,0.0,0.0,0.0,0.0,0.0,0.8719685875160549,0.0,0.0,0.0,0.0,0.0,0.0,0.0,0.0,2.58131239167737
SMOTE_000399,attack,boolean,"1'  )   and 8407  =    (  select count  (  *  )   from generate_series  (  1,5000000   )    )   ",nearest_attack_euclidean,R000025,2.4122608181490492,113.74248705619743,29.657129150229533,3.8006973904712,49.41392248108265,11.685741699540932,39.32856457511477,13.31425830045907,0.4099984008601123,0.11063742162676131,0.36038786139023044,0.11897631612289594,1.0,1.1102230246251565e-16,0.0,0.0,1.0,1.0,0.0,6.342870849770466,0.0,0.6714354248852329,1.6571291502295344,2.0,1.0,0.0,0.0,0.3285645751147671,0.0,1.0,1.0,0.0,0.0,0.0,0.0,1.0,0.0,0.0,1.0,1.0,0.0,0.0,0.0,0.0,0.0,0.0,0.0,0.0,0.0,0.0,0.0,0.0,0.0,0.0,0.0,0.0,0.0,0.0,0.0,0.0,0.0,0.0,0.0,0.0,0.0,0.0,0.0,0.0,0.0,0.0,3.0
SMOTE_000400,attack,boolean,"1'   )    )    and make_set  (  8245  =  9872,9872  )   and    (    (   'kzgt'  =  'kzgt",nearest_attack_euclidean,R000004,0.4517645555351994,87.24623296015139,23.88403584002329,3.3893191381539047,20.76807168004658,13.057982079988355,39.42017920011646,14.0,0.23794233570923032,0.14998505978136473,0.45138279563699885,0.16068980887240614,3.7680716800465817,1.1102230246251565e-16,0.0,0.0,0.0,1.9420179200116454,0.0,5.942017920011645,0.0,1.0,1.1739462399650633,1.9420179200116454,0.9420179200116455,0.0,0.0,0.0,0.0,1.0,1.0,0.0,0.0,0.0,0.0,0.0,0.0,0.0,0.0,1.9420179200116454,0.0,0.0,0.0,0.0,0.0,0.0,0.0,0.0,0.0,0.0,0.0,0.0,0.0,0.0,0.0,0.0,0.0,0.0,0.0,0.0,0.0,0.05798207998835443,0.057982079988354474,0.0,0.0,0.0,0.0,0.0,0.0,0.0,2.0579820799883546
SMOTE_000401,attack,boolean,"1  )   where 5333  =  5333 or 9643  =    (  select count  (  *  )   from domain.domains as t1,domain.columns as t2,domain.tables as t3  )  --",nearest_attack_euclidean,R000030,1.190854459736549,151.82890384854912,32.94164381291731,4.1049402143254605,75.12068478396255,16.0,44.76657525166926,15.941643812917315,0.49437044581338996,0.1059824225230589,0.2945468799816144,0.10510025168193671,0.0,0.4708219064586575,2.0,0.0,1.0,2.0,0.0,5.470821906458657,0.0,0.0,2.0,5.0,0.0,0.4708219064586574,1.0,0.0,0.0,1.0,1.0,0.0,0.0,0.0,0.0,1.0,0.0,1.0,1.0,0.0,1.0,0.0,0.0,0.0,0.0,0.0,0.0,0.0,0.0,0.0,0.0,0.0,0.0,0.0,0.0,0.0,0.0,0.0,0.0,0.0,0.0,0.0,0.0,0.0,0.0,0.0,0.0,0.0,0.0,0.0,4.0
SMOTE_000402,attack,boolean,"1%'  )   and 3202  =  like  (  'abcdefg',upper  (  hex  (  randomblob  (  500000000/2   )    )      )    )    and   (  '%'  =  '",nearest_attack_euclidean,R000015,1.5827478175201544,117.67754408406005,29.19357021471051,3.5019811404793484,31.387140429421017,14.483877204203003,51.87101763362402,19.93550881681201,0.2644566701015437,0.12506863644150246,0.4418987738278153,0.1685759196291385,5.483877204203003,1.1102230246251565e-16,0.0,0.7419386021015013,0.0,2.0,0.0,8.967754408406005,1.4838772042030026,0.2580613978984987,1.0,2.7419386021015013,1.0,0.0,0.0,0.0,0.0,1.0,1.0,0.0,0.0,0.0,0.0,0.0,0.0,0.0,0.0,2.0,0.0,0.0,0.0,0.0,0.0,0.0,0.0,0.0,0.0,0.0,0.0,0.0,0.0,0.0,0.0,0.0,0.0,0.0,0.0,0.0,0.0,0.0,0.0,0.0,0.0,0.0,0.0,0.0,0.0,0.0,2.0
SMOTE_000403,attack,boolean,"1""   )    )    as gawq where 4728  =  4728 or 7417  =    (  select count  (  *  )   from sysibm.systables as t1,sysibm.systables as t2,sysibm.systables as t3  )  --",nearest_attack_euclidean,R000010,0.7331709704855713,158.89517983486886,33.82397171844375,4.098009784115209,80.0636889028813,14.767802029106274,46.88766062132504,17.176028281556246,0.5045636961884953,0.09212270349663629,0.29443146025242695,0.10888214006244146,0.0,1.0,2.0,0.0,1.0,1.8239717184437536,0.0,5.823971718443754,0.1760282815562465,0.0,2.1760282815562464,4.823971718443754,0.0,1.0,1.0,0.0,0.0,1.0,1.0,0.0,0.0,0.0,0.0,1.0,0.0,0.8239717184437536,1.0,0.0,1.0,0.0,0.0,0.0,0.0,0.0,0.0,0.0,0.0,0.0,0.0,0.0,0.0,0.0,0.0,0.0,0.0,0.0,0.0,0.0,0.0,0.0,0.0,0.0,0.0,0.0,0.0,0.0,0.0,0.0,3.8239717184437536
SMOTE_000404,attack,boolean,"1""   )    )    as gawq where 4728  =  4728 or 7417  =    (  select count  (  *  )   from sysibm.systables as t1,sysibm.systables as t2,sysibm.systables as t3  )  --",nearest_attack_euclidean,R000010,0.5501497361784422,160.1694944560812,33.867913601933836,4.090475736523162,80.54704962127218,15.07539521353684,47.414963223206016,17.132086398066164,0.5034244621720858,0.0934802576207201,0.2955171066060437,0.10757817360115043,0.0,1.0,2.0,0.0,1.0,1.8679136019338345,0.0,5.867913601933834,0.13208639806616562,0.0,2.1320863980661655,4.867913601933834,0.0,1.0,1.0,0.0,0.0,1.0,1.0,0.0,0.0,0.0,0.0,1.0,0.0,0.8679136019338345,1.0,0.0,1.0,0.0,0.0,0.0,0.0,0.0,0.0,0.0,0.0,0.0,0.0,0.0,0.0,0.0,0.0,0.0,0.0,0.0,0.0,0.0,0.0,0.0,0.0,0.0,0.0,0.0,0.0,0.0,0.0,0.0,3.8679136019338345
SMOTE_000405,attack,boolean,"-4641""  )   where 4212  =  4212 or make_set  (  3595  =  4062,4062  )  --",nearest_attack_euclidean,R000009,2.0735990424433153,90.00039579693177,27.6190853139935,3.9304419532036525,28.841615378273776,21.841219581341996,27.508018180319258,11.80954265699675,0.27693718588405924,0.27179689064379564,0.31346452740098135,0.1378013960711637,0.0,0.7301524476677496,2.7301524476677494,0.0,0.26984755233225044,2.0,0.0,3.2698475523322506,0.0,0.7301524476677496,1.2698475523322506,5.0,0.0,0.7301524476677496,1.0,0.0,0.0,1.0,1.0,0.0,0.0,0.0,0.0,0.26984755233225044,0.0,1.0,0.26984755233225044,0.0,1.0,0.0,0.0,0.0,0.0,0.0,0.0,0.0,0.0,0.0,0.0,0.0,0.0,0.0,0.0,0.0,0.0,0.0,0.0,0.0,0.0,0.0,0.0,0.0,0.0,0.0,0.0,0.0,0.0,0.0,2.539695104664501
SMOTE_000406,attack,boolean,"1'  )   where 4297  =  4297 or 2367  =    (  select count  (  *  )   from rdb$fields as t1,rdb$types as t2,rdb$collations as t3,rdb$functions as t4  )  --",nearest_attack_euclidean,R000018,1.211748822840007,145.76452275028262,33.627420458380435,4.280490055550594,72.79731440288768,16.542473486126813,40.25484091676087,16.169893944507248,0.49984161043846564,0.11371008547119578,0.2759439946007936,0.11050430948954493,0.5424734861268119,1.1102230246251565e-16,2.0,0.0,1.0,2.0,0.0,4.542473486126812,0.0,0.0,2.542473486126812,5.0,0.5424734861268118,0.0,1.0,0.0,0.0,1.0,1.0,0.0,0.0,0.0,0.0,1.0,0.0,1.0,1.0,0.0,1.0,0.0,0.0,0.0,0.0,0.0,0.0,0.0,0.0,0.0,0.0,0.0,0.0,0.0,0.0,0.0,0.0,0.0,0.0,0.0,0.0,0.0,0.0,0.0,0.0,0.0,0.0,0.0,0.0,0.0,4.0
SMOTE_000407,attack,boolean,"1%'   )    )     )   or 2367  =    (  select count  (  *  )   from rdb$fields as t1,rdb$types as t2,rdb$collations as t3,rdb$functions as t4  )  --",nearest_attack_euclidean,R000021,1.3921747107927682,141.9183686720246,33.0,4.148841604817144,71.0,9.0,42.76530722668718,19.153061445337435,0.5011738888529227,0.06352908450248318,0.300394902229169,0.1349021244154251,0.5765307226687176,0.4234692773312825,2.0,0.0,1.0,1.0,0.0,6.153061445337435,1.0,0.0,3.0,4.0,0.5765307226687175,0.42346927733128237,1.0,0.0,0.0,1.0,1.0,0.0,0.0,0.0,0.0,1.0,0.0,0.0,1.0,0.0,1.0,0.0,0.0,0.0,0.0,0.0,0.0,0.0,0.0,0.0,0.0,0.0,0.0,0.0,0.0,0.0,0.0,0.0,0.0,0.0,0.0,0.0,0.0,0.0,0.0,0.0,0.0,0.0,0.0,0.0,3.0
SMOTE_000408,attack,boolean,"1"" and 6537  =  dbms_pipe.receive_message  (  chr  (  76  )  ||chr  (  116  )  ||chr  (  117  )  ||chr  (  65  )  ,5  )   and ""kfps""  =  ""kfps",nearest_attack_euclidean,R000011,0.9280025042749831,144.63931964655404,30.879773215518014,3.887785840985893,50.41937634267453,14.680340176722982,53.539603127156525,26.0,0.34794512976153236,0.10217574495837749,0.3699185578212647,0.17996056745882547,0.0,3.780056696120497,0.0,0.0,0.0,1.7800566961204969,0.0,10.439886607759007,0.0,2.0,1.0,7.780056696120496,0.0,1.0,0.0,0.0,0.0,1.0,1.0,0.0,0.0,0.0,0.9999999999999998,0.21994330387950323,0.0,0.0,0.21994330387950317,1.7800566961204969,0.0,0.0,0.0,0.0,0.0,0.0,0.0,0.0,0.0,0.0,0.0,0.0,0.0,0.0,0.0,0.0,0.0,0.0,0.0,0.0,0.0,0.0,0.0,0.0,0.0,0.0,0.0,0.0,0.0,0.0,2.219943303879503
SMOTE_000409,attack,boolean,"1'||  (  select 'ersu' where 4123  =  4123 and 8312  =  dbms_pipe.receive_message  (  chr  (  69  )  ||chr  (  79  )  ||chr  (  101  )  ||chr  (  68  )  ,5  )  --",nearest_attack_euclidean,R000006,0.29809428028931007,160.82870980025535,37.6486129400766,4.035179585221771,51.355790390140434,23.05856450998723,56.70717745006384,29.70717745006384,0.3190986408272245,0.14355882130116757,0.3526919791469217,0.18465055872468616,2.8243064700383016,0.05856450998723306,2.0,0.0,0.0,2.0,0.0,10.941435490012768,0.0,2.0,1.0,11.882870980025533,0.941435490012767,0.05856450998723295,1.0,0.0,0.0,1.0,1.0,0.0,0.0,0.0,0.9999999999999998,0.941435490012767,0.0,1.0,0.0,0.941435490012767,0.05856450998723295,0.0,0.0,0.0,0.0,0.0,0.0,0.0,0.0,0.0,0.0,0.0,0.0,0.0,0.0,0.0,0.0,0.0,0.0,0.0,0.0,0.0,0.0,0.0,0.0,0.0,0.0,0.0,0.0,0.0,2.941435490012767
SMOTE_000410,attack,boolean,"1%'   )    )     )   or 2367  =    (  select count  (  *  )   from rdb$fields as t1,rdb$types as t2,rdb$collations as t3,rdb$functions as t4  )  --",nearest_attack_euclidean,R000021,0.29080294889955816,147.51522622420234,33.147207492629235,4.099419009855145,71.36801873157309,9.588829970516946,46.70558501474153,19.852792507370765,0.4837670152673769,0.06484322685962408,0.3167464159656107,0.13464334190738828,1.0,1.1102230246251565e-16,2.0,0.0,1.0,1.0736037463146182,0.0,6.852792507370764,0.9263962536853819,0.0,3.0,4.073603746314618,1.0,0.0,1.0,0.0,0.0,1.0,1.0,0.0,0.0,0.0,0.0,1.0,0.0,0.07360374631461819,1.0,0.0,1.0,0.0,0.0,0.0,0.0,0.0,0.0,0.0,0.0,0.0,0.0,0.0,0.0,0.0,0.0,0.0,0.0,0.0,0.0,0.0,0.0,0.0,0.0,0.0,0.0,0.0,0.0,0.0,0.0,0.0,3.0736037463146184
SMOTE_000411,attack,boolean,select * from users where id  =  1 +   (  \.  )   or 1  =  1 -- 1,nearest_attack_euclidean,R000001,0.554228724250963,72.75282985819345,24.816087353494048,3.526498650685585,28.590491363404016,5.224131030241072,28.428152868614582,10.51005459593378,0.3814854361183435,0.0668365736533438,0.4026735985039525,0.1490043917243602,0.0,1.1102230246251565e-16,2.0,0.0,1.0,2.0,0.0,2.306032757560268,0.0,0.0,0.20402183837351173,5.897989080813244,0.0,0.0,1.0,0.0,0.0,1.0,1.0,0.0,0.0,0.0,0.0,1.0,0.0,1.0,1.0,0.0,1.0,0.0,0.0,0.0,0.0,0.0,0.0,0.0,0.0,0.0,0.0,0.0,0.0,0.0,0.0,0.0,0.0,0.0,0.0,0.0,0.0,0.0,0.0,0.0,0.0,0.0,0.0,0.0,0.0,0.0,4.0
SMOTE_000412,attack,boolean,"1'  )   and 8407  =    (  select count  (  *  )   from generate_series  (  1,5000000   )    )   ",nearest_attack_euclidean,R000025,0.10234134692450401,96.64220687503082,29.074100793272788,3.619468906947154,32.38285409857607,12.962949603363606,39.148201586545575,12.148201586545577,0.33447377347003915,0.1345787213223188,0.4054885475916507,0.12545895761599138,1.0247002644242624,1.1102230246251565e-16,0.0,0.0,0.9876498677878687,0.9876498677878687,0.0,7.049400528848525,0.0,1.0123501322121315,1.0,2.0494005288485253,1.0,0.0,0.0,0.0,0.0,0.9876498677878687,1.0,0.0,0.0,0.0,0.012350132212131382,1.0,0.0,0.0,1.0,1.0,0.0,0.0,0.0,0.0,0.0,0.0,0.0,0.0,0.0,0.0,0.0,0.0,0.0,0.0,0.0,0.0,0.0,0.0,0.0,0.0,0.0,0.0,0.0,0.0,0.0,0.0,0.0,0.0,0.0,0.0,3.0
SMOTE_000413,attack,boolean,"1'  )   where 4297  =  4297 or 2367  =    (  select count  (  *  )   from rdb$fields as t1,rdb$types as t2,rdb$collations as t3,rdb$functions as t4  )  --",nearest_attack_euclidean,R000018,0.7171893387327407,149.12572542135393,34.18762090355899,4.293958532410028,74.10444877497098,16.729206967852996,41.37524180711798,16.916827871411986,0.4972560150555114,0.11235487685668184,0.2772813715230113,0.11310773656479539,0.7292069678529962,1.1102230246251565e-16,2.0,0.0,1.0,2.0,0.0,4.729206967852996,0.0,0.0,2.7292069678529964,5.0,0.7292069678529963,0.0,1.0,0.0,0.0,1.0,1.0,0.0,0.0,0.0,0.0,1.0,0.0,1.0,1.0,0.0,1.0,0.0,0.0,0.0,0.0,0.0,0.0,0.0,0.0,0.0,0.0,0.0,0.0,0.0,0.0,0.0,0.0,0.0,0.0,0.0,0.0,0.0,0.0,0.0,0.0,0.0,0.0,0.0,0.0,0.0,4.0
SMOTE_000414,attack,boolean,"1'+  (  select 'wkbg' where 3921  =  3921 and 8407  =    (  select count  (  *  )   from generate_series  (  1,5000000   )    )     )  +'",nearest_attack_euclidean,R000029,0.12000606628719582,137.07802841491355,36.902464481358074,3.995695890831876,47.429156282024486,20.902464481358074,49.82443606644453,18.921971585086457,0.3459195048473582,0.15250810359956884,0.3635164011159716,0.13805599043710137,3.9219715850864576,1.1102230246251565e-16,0.03901420745677109,0.0,1.0,2.0,0.0,7.941478688814843,0.0,0.9804928962716144,1.0195071037283856,5.0,0.9804928962716144,0.0,0.019507103728385544,0.0,0.0,1.0,1.0,0.0,0.0,0.0,0.0,1.9804928962716146,0.0,1.0,1.0,0.9804928962716144,0.0195071037283856,0.0,0.0,0.0,0.0,0.0,0.0,0.0,0.0,0.0,0.0,0.0,0.0,0.0,0.0,0.0,0.0,0.0,0.0,0.0,0.0,0.0,0.0,0.0,0.0,0.0,0.0,0.0,0.0,0.0,4.980492896271614
SMOTE_000415,attack,boolean,"1%'   )    )     )   or 2367  =    (  select count  (  *  )   from rdb$fields as t1,rdb$types as t2,rdb$collations as t3,rdb$functions as t4  )  --",nearest_attack_euclidean,R000021,0.8458188308797753,143.91264362477708,33.0,4.122770948245119,71.0,9.0,44.42720302064756,19.48544060412951,0.4940389167367512,0.06262465141733467,0.30798209088791484,0.13535434095799934,0.7427203020647558,0.2572796979352441,2.0,0.0,1.0,1.0,0.0,6.485440604129512,1.0,0.0,3.0,4.0,0.7427203020647559,0.2572796979352441,1.0,0.0,0.0,1.0,1.0,0.0,0.0,0.0,0.0,1.0,0.0,0.0,1.0,0.0,1.0,0.0,0.0,0.0,0.0,0.0,0.0,0.0,0.0,0.0,0.0,0.0,0.0,0.0,0.0,0.0,0.0,0.0,0.0,0.0,0.0,0.0,0.0,0.0,0.0,0.0,0.0,0.0,0.0,0.0,3.0
SMOTE_000416,attack,boolean,"select dbms_pipe.receive_message  (  chr  (  66  )  ||chr  (  67  )  ||chr  (  79  )  ||chr  (  101  )  ,5  )   from dual and    (    (   ""vfvh""  =  ""vfvh",nearest_attack_euclidean,R000024,0.1119300450012367,153.68166123965113,33.89388707988371,3.861760371497687,58.70818946968021,10.159169380174431,58.814302389796495,26.0,0.381920759337449,0.06620154893681868,0.382668033422775,0.1692096583029573,0.0,3.0265282300290717,0.0,0.0,0.0,1.0265282300290717,0.0,11.946943539941856,0.0,2.0,1.0,7.026528230029072,0.0,1.0,0.0,0.0,0.0,1.0,1.0,0.0,0.0,0.0,0.9999999999999998,0.9734717699709282,0.0,0.0,0.9734717699709282,1.0265282300290717,0.0,0.0,0.0,0.0,0.0,0.0,0.0,0.0,0.0,0.0,0.0,0.0,0.0,0.0,0.0,0.0,0.0,0.0,0.0,0.0,0.0,0.0,0.0,0.0,0.0,0.0,0.0,0.0,0.0,0.0,2.9734717699709283
SMOTE_000417,attack,boolean,"select dbms_pipe.receive_message  (  chr  (  66  )  ||chr  (  67  )  ||chr  (  79  )  ||chr  (  101  )  ,5  )   from dual and    (    (   ""vfvh""  =  ""vfvh",nearest_attack_euclidean,R000024,1.7768592870211137,148.94645800653228,32.31548600217743,3.8753891297120493,54.36758650598793,12.526770996733855,56.0521005038105,26.0,0.3641287406043871,0.08504015700711957,0.3759915152369404,0.17483958715155298,0.0,3.4211284994556426,0.0,0.0,0.0,1.4211284994556426,0.0,11.157743001088715,0.0,2.0,1.0,7.421128499455643,0.0,1.0,0.0,0.0,0.0,1.0,1.0,0.0,0.0,0.0,0.9999999999999998,0.5788715005443574,0.0,0.0,0.5788715005443574,1.4211284994556426,0.0,0.0,0.0,0.0,0.0,0.0,0.0,0.0,0.0,0.0,0.0,0.0,0.0,0.0,0.0,0.0,0.0,0.0,0.0,0.0,0.0,0.0,0.0,0.0,0.0,0.0,0.0,0.0,0.0,0.0,2.5788715005443574
SMOTE_000418,attack,boolean,"""   )    )    or    (    (   ""x""   )    )     =     (    (   ""x",nearest_attack_euclidean,R000002,1.4693094577820673,64.65756005454057,10.260309165282607,1.8475359619965193,6.561683720653619,1.958934609911589,43.287629001660875,12.849312722314494,0.09668722311947997,0.02647208932312961,0.677149906605699,0.19969078095169146,0.6027491107420277,3.3972508892579723,0.0,0.0,0.0,1.150687277685507,0.0,7.397250889257973,0.0,0.15068727768550688,0.15068727768550683,1.150687277685507,0.15068727768550688,0.8493127223144931,0.0,0.0,0.0,1.0,1.0,0.0,0.0,0.0,0.0,0.0,0.0,0.0,0.0,0.3013745553710139,0.8493127223144932,0.0,0.0,0.0,0.0,0.0,0.0,0.0,0.0,0.0,0.0,0.0,0.0,0.0,0.0,0.0,0.0,0.0,0.0,0.0,0.0,0.0,0.0,0.0,0.0,0.0,0.0,0.0,0.0,0.0,1.150687277685507
SMOTE_000419,attack,boolean,"1""   )    )    as gawq where 4728  =  4728 or 7417  =    (  select count  (  *  )   from sysibm.systables as t1,sysibm.systables as t2,sysibm.systables as t3  )  --",nearest_attack_euclidean,R000010,0.5419049513341464,159.07224701971688,33.57149974084495,4.082854276154871,79.21474831549216,16.0,47.28599896337979,16.571499740844946,0.4977207433023667,0.1009705953850774,0.2970664126460888,0.10424224866646706,0.0,0.7857498704224735,2.0,0.0,1.0,2.0,0.0,5.785749870422474,0.0,0.0,2.0,5.0,0.0,0.7857498704224735,1.0,0.0,0.0,1.0,1.0,0.0,0.0,0.0,0.0,1.0,0.0,1.0,1.0,0.0,1.0,0.0,0.0,0.0,0.0,0.0,0.0,0.0,0.0,0.0,0.0,0.0,0.0,0.0,0.0,0.0,0.0,0.0,0.0,0.0,0.0,0.0,0.0,0.0,0.0,0.0,0.0,0.0,0.0,0.0,4.0
SMOTE_000420,attack,boolean,"1  )   where 5333  =  5333 or 9643  =    (  select count  (  *  )   from domain.domains as t1,domain.columns as t2,domain.tables as t3  )  --",nearest_attack_euclidean,R000030,1.9939050836534924,138.34629278993418,32.44228453501097,4.182773357823352,69.88456907002194,12.904008254923218,39.23086185995612,16.32685360503291,0.5055334928483128,0.09277249694274897,0.28339130642850074,0.11830270378043746,0.0,0.442284535010969,2.0,0.0,1.0,1.557715464989031,0.0,5.0,0.442284535010969,0.0,2.4422845350109688,4.557715464989031,0.0,0.44228453501096887,1.0,0.0,0.0,1.0,1.0,0.0,0.0,0.0,0.0,1.0,0.0,0.557715464989031,1.0,0.0,1.0,0.0,0.0,0.0,0.0,0.0,0.0,0.0,0.0,0.0,0.0,0.0,0.0,0.0,0.0,0.0,0.0,0.0,0.0,0.0,0.0,0.0,0.0,0.0,0.0,0.0,0.0,0.0,0.0,0.0,3.5577154649890312
SMOTE_000421,attack,boolean,"1""   )    )     )   and   (  3020  =  3020  )  *6703 and    (    (     (  ""fqap"" like ""fqap",nearest_attack_euclidean,R000023,0.42608440823952115,87.6600183353922,22.33399816646078,3.1290311015435206,18.0,13.0,43.328014668313756,13.332003667078439,0.20595844118341342,0.1487477630769097,0.49335076534913996,0.15194303039053686,0.0,4.0,0.0,0.0,1.0,1.0,0.0,7.332003667078439,0.0,0.0,0.0,2.0,0.0,1.0,0.0,0.0,0.0,1.0,1.0,0.0,0.0,0.0,0.0,0.0,0.0,0.0,0.0,2.0,0.0,0.0,0.0,0.0,0.0,0.0,0.0,0.0,0.0,0.0,0.0,0.0,0.0,0.0,0.0,0.0,0.0,0.0,0.0,0.0,0.0,0.0,0.0,0.0,0.0,0.0,0.0,0.0,0.0,0.0,2.0
SMOTE_000422,attack,boolean,"select dbms_pipe.receive_message  (  chr  (  66  )  ||chr  (  67  )  ||chr  (  79  )  ||chr  (  101  )  ,5  )   from dual and    (    (   ""vfvh""  =  ""vfvh",nearest_attack_euclidean,R000024,0.2501845987733919,153.55434415542925,33.92572402590488,3.8615927988300065,58.33151623314387,10.519931818665874,58.74003409066706,25.962862012952435,0.37961163319616936,0.06880035021585201,0.38248851951675517,0.16909949707122346,0.0,2.925724025904875,0.07427597409512476,0.0,0.0,1.0371379870475625,0.0,11.925724025904874,0.0,2.0,1.0,7.111413961142688,0.0,1.0,0.03713798704756244,0.0,0.0,1.0,1.0,0.0,0.0,0.0,0.9999999999999998,0.9628620129524376,0.0,0.03713798704756238,0.9628620129524375,0.9628620129524377,0.037137987047562604,0.0,0.0,0.0,0.0,0.0,0.0,0.0,0.0,0.0,0.0,0.0,0.0,0.0,0.0,0.0,0.0,0.0,0.0,0.0,0.0,0.0,0.0,0.0,0.0,0.0,0.0,0.0,0.0,0.0,2.9628620129524377
SMOTE_000423,attack,boolean,"1' in boolean mode  )   and 6414  =    (  select count  (  *  )   from rdb$fields as t1,rdb$types as t2,rdb$collations as t3,rdb$functions as t4  )  #",nearest_attack_euclidean,R000008,0.7738470598802499,145.34460980451962,30.641893061886126,4.184629844186593,83.56757224754449,8.28378612377225,37.970727350688044,15.522524082514833,0.5775281683932436,0.056064049869379025,0.25956905167702227,0.10683873006035502,1.2387379587425833,1.1102230246251565e-16,0.0,0.0,1.0,1.0,0.0,4.641893061886124,0.0,0.0,2.8806310206287082,2.0,1.0,0.0,0.0,0.8806310206287082,0.0,1.0,1.0,0.0,0.0,0.0,0.0,1.0,0.0,0.0,1.0,1.0,0.0,0.0,0.0,0.0,0.0,0.0,0.0,0.0,0.0,0.0,0.0,0.0,0.0,0.0,0.0,0.0,0.0,0.0,0.0,0.0,0.0,0.0,0.0,0.0,0.0,0.0,0.0,0.0,0.0,0.0,3.0
SMOTE_000424,attack,boolean,1'   )    )    rlike   (  select   (  case when   (  6205  =  1384  )   then 1 else 0x28 end   )    )    and    (    (   'ahjf'  =  'ahjf,nearest_attack_euclidean,R000031,2.99269943604309,137.0,31.11633630237573,3.51221174462567,43.32271018898483,15.11633630237573,61.76732739524854,16.7936261133909,0.3162241619633929,0.11033822118522431,0.4508564043448799,0.12258121250650292,4.0,1.1102230246251565e-16,0.0,0.0,0.2645420377969662,2.0,0.0,9.470915924406068,0.0,0.2645420377969663,0.2645420377969663,2.793626113390899,1.0,0.0,0.0,0.0,0.0,1.0,1.0,0.0,0.0,0.7354579622030337,0.0,1.2645420377969665,0.0,0.2645420377969663,0.2645420377969662,1.0,0.0,0.0,0.0,0.0,0.0,0.0,0.0,0.0,0.0,0.0,0.0,0.0,0.0,0.0,0.0,0.0,0.0,0.0,0.0,0.0,0.0,0.0,0.0,0.0,0.0,0.0,0.0,0.0,0.7354579622030337,0.7354579622030337,4.264542037796966
SMOTE_000425,attack,boolean,"1""   )    )     )   and   (  3020  =  3020  )  *6703 and    (    (     (  ""fqap"" like ""fqap",nearest_attack_euclidean,R000023,1.9899980613698438,89.93280515023821,22.71146323317453,3.1722345444476865,19.067194849761798,13.0,43.865610300476405,14.0,0.2123282016263781,0.14458960202883409,0.4873703172368126,0.15571187910797518,1.4229264663490628,2.577073533650937,0.0,0.0,0.6442683834127343,1.3557316165872657,0.0,7.288536766825469,0.0,0.3557316165872657,0.3557316165872657,2.0,0.3557316165872657,0.6442683834127343,0.0,0.0,0.0,1.0,1.0,0.0,0.0,0.0,0.0,0.0,0.0,0.0,0.0,2.0,0.0,0.0,0.0,0.0,0.0,0.0,0.0,0.0,0.0,0.0,0.0,0.0,0.0,0.0,0.0,0.0,0.0,0.0,0.0,0.0,0.0,0.0,0.0,0.0,0.0,0.0,0.0,0.0,0.0,0.0,2.0
SMOTE_000426,attack,boolean,"1""   )    )     )   and   (  3020  =  3020  )  *6703 and    (    (     (  ""fqap"" like ""fqap",nearest_attack_euclidean,R000023,0.45149207367508176,91.38554188227256,22.539758635181585,3.0956318091352792,19.079517270363176,13.0,45.460241364818415,13.845783247090974,0.20825278362204014,0.14228341981804676,0.49784192280379325,0.15162187375611985,0.0771083764545124,3.6915664941819504,0.0,0.0,1.0,1.0,0.0,7.922891623545487,0.0,0.0771083764545124,0.0771083764545124,2.0,0.07710837645451235,0.9228916235454876,0.0,0.0,0.0,1.0,1.0,0.0,0.0,0.0,0.0,0.0771083764545124,0.0,0.0,0.07710837645451235,1.9228916235454876,0.0,0.0,0.0,0.0,0.0,0.0,0.0,0.0,0.0,0.0,0.0,0.0,0.0,0.0,0.0,0.0,0.0,0.0,0.0,0.0,0.0,0.0,0.0,0.0,0.0,0.0,0.0,0.0,0.0,0.0,2.0771083764545124
SMOTE_000427,attack,boolean,"1'+  (  select 'wkbg' where 3921  =  3921 and 8407  =    (  select count  (  *  )   from generate_series  (  1,5000000   )    )     )  +'",nearest_attack_euclidean,R000029,2.4203670487640956,137.3874944360345,34.28753894775845,4.008608707913637,57.84984420896619,15.962572331551414,44.962572331551414,18.61250556396549,0.42072444822462424,0.11635115975170945,0.3274356123781243,0.13548877964554198,4.0,1.1102230246251565e-16,0.0,0.0,1.0,2.0,0.0,6.450022255861973,0.7749888720690133,0.6125055639654933,1.3874944360345067,4.225011127930987,1.0,0.0,0.0,0.0,0.0,1.0,1.0,0.0,0.0,0.0,0.0,1.6125055639654933,0.0,0.6125055639654933,1.0,1.3874944360345065,0.0,0.0,0.0,0.0,0.0,0.0,0.0,0.0,0.0,0.0,0.0,0.0,0.0,0.0,0.0,0.0,0.0,0.0,0.0,0.0,0.0,0.0,0.0,0.0,0.0,0.0,0.0,0.0,0.0,0.0,4.6125055639654935
SMOTE_000428,attack,boolean,"1 where 3902  =  3902 or 9643  =    (  select count  (  *  )   from domain.domains as t1,domain.columns as t2,domain.tables as t3  )  --",nearest_attack_euclidean,R000005,0.8358520950771717,141.68074899961803,32.94679149993634,4.264126206761177,71.20918016651814,16.315597166645446,38.89358299987268,15.262388666581787,0.5029830415237213,0.11535662866070913,0.2743191164532475,0.10734121336232191,0.3155971666454467,1.1102230246251565e-16,2.0,0.0,1.0,2.0,0.0,4.315597166645446,0.0,0.0,2.3155971666454467,5.0,0.3155971666454467,0.0,1.0,0.0,0.0,1.0,1.0,0.0,0.0,0.0,0.0,1.0,0.0,1.0,1.0,0.0,1.0,0.0,0.0,0.0,0.0,0.0,0.0,0.0,0.0,0.0,0.0,0.0,0.0,0.0,0.0,0.0,0.0,0.0,0.0,0.0,0.0,0.0,0.0,0.0,0.0,0.0,0.0,0.0,0.0,0.0,4.0
SMOTE_000429,attack,boolean,"1""   )    )    and   (  1248  =  8705  )  *8705 and    (    (   ""wvma"" like ""wvma",nearest_attack_euclidean,R000017,0.6245519774966218,81.7952150347087,23.113602147815527,3.2942021051947914,18.34080644344659,13.0,38.22720429563106,12.227204295631058,0.2240869039414165,0.15904351915667603,0.46747830760762976,0.14939126929427768,0.4544085912621174,3.545591408737883,0.0,0.0,0.8863978521844708,1.1136021478155294,0.0,6.0,0.0,0.1136021478155293,0.11360214781552913,2.0,0.11360214781552924,0.8863978521844706,0.0,0.0,0.0,1.0,1.0,0.0,0.0,0.0,0.0,0.0,0.0,0.0,0.0,2.0,0.0,0.0,0.0,0.0,0.0,0.0,0.0,0.0,0.0,0.0,0.0,0.0,0.0,0.0,0.0,0.0,0.0,0.0,0.0,0.0,0.0,0.0,0.0,0.0,0.0,0.0,0.0,0.0,0.0,0.0,2.0
SMOTE_000430,attack,boolean,"1%""  )   or 2367  =    (  select count  (  *  )   from rdb$fields as t1,rdb$types as t2,rdb$collations as t3,rdb$functions as t4  )  --",nearest_attack_euclidean,R000007,0.48230608734426667,138.3581332861692,33.11579769952308,4.219429630927276,72.27377469475383,9.81058389666153,38.38957239427691,17.884202300476925,0.522923763345698,0.0702441565706316,0.27693501994756653,0.12989706013610386,0.0,1.0,2.0,0.0,1.0,1.1157976995230756,0.0,5.115797699523076,0.8842023004769244,0.0,2.8842023004769244,4.115797699523076,0.0,1.0,1.0,0.0,0.0,1.0,1.0,0.0,0.0,0.0,0.0,1.0,0.0,0.11579769952307564,1.0,0.0,1.0,0.0,0.0,0.0,0.0,0.0,0.0,0.0,0.0,0.0,0.0,0.0,0.0,0.0,0.0,0.0,0.0,0.0,0.0,0.0,0.0,0.0,0.0,0.0,0.0,0.0,0.0,0.0,0.0,0.0,3.1157976995230756
SMOTE_000431,attack,boolean,"1'+  (  select 'wkbg' where 3921  =  3921 and 8407  =    (  select count  (  *  )   from generate_series  (  1,5000000   )    )     )  +'",nearest_attack_euclidean,R000029,2.1739667054178624,143.4040637421184,36.24658073622136,4.1136478419531,57.92457932479023,19.493161472442726,47.36303257677477,18.62329036811068,0.3997381918483599,0.13712568883970835,0.3326633934928535,0.13047272581907826,2.8698711043320446,1.1102230246251565e-16,0.7534192637786368,0.0,1.0,2.0,0.0,6.869871104332045,0.0,0.6232903681106816,1.7534192637786368,5.0,1.0,0.0,0.37670963188931833,0.0,0.0,1.0,1.0,0.0,0.0,0.0,0.0,1.6232903681106818,0.0,1.0,1.0,0.6232903681106816,0.3767096318893184,0.0,0.0,0.0,0.0,0.0,0.0,0.0,0.0,0.0,0.0,0.0,0.0,0.0,0.0,0.0,0.0,0.0,0.0,0.0,0.0,0.0,0.0,0.0,0.0,0.0,0.0,0.0,0.0,0.0,4.623290368110681
SMOTE_000432,attack,boolean,"select dbms_pipe.receive_message  (  chr  (  66  )  ||chr  (  67  )  ||chr  (  79  )  ||chr  (  101  )  ,5  )   from dual and    (    (   ""vfvh""  =  ""vfvh",nearest_attack_euclidean,R000024,1.7403834512155536,142.66171856951462,32.969247142683145,3.7664141941514906,52.04241821311124,10.77306464298764,56.42311785670787,23.42311785670787,0.359356021795618,0.078656125698049,0.3991805640101328,0.16280728849620021,0.2576882143292132,2.2269353570123602,0.5153764286584263,0.0,0.2576882143292132,1.0,0.0,11.22693535701236,0.0,1.742311785670787,1.0,6.22693535701236,0.2576882143292132,0.7423117856707868,0.2576882143292132,0.0,0.0,1.0,1.0,0.0,0.0,0.0,0.7423117856707868,1.0,0.0,0.0,1.0,1.0,0.0,0.0,0.0,0.0,0.0,0.0,0.0,0.0,0.0,0.0,0.0,0.0,0.0,0.0,0.0,0.0,0.0,0.0,0.0,0.0,0.0,0.0,0.0,0.0,0.0,0.0,0.0,0.0,0.0,0.0,3.0
SMOTE_000433,attack,boolean,"1 where 3902  =  3902 or 9643  =    (  select count  (  *  )   from domain.domains as t1,domain.columns as t2,domain.tables as t3  )  --",nearest_attack_euclidean,R000005,0.06557646498685651,136.44568104819822,32.07428017469971,4.243149074924378,69.17332040763264,16.024760058233234,37.14856034939941,14.09904023293294,0.5070101023258384,0.11746736397768087,0.2722361539693939,0.10328637972708674,0.024760058233235016,1.1102230246251565e-16,2.0,0.0,1.0,2.0,0.0,4.024760058233236,0.0,0.0,2.024760058233235,5.0,0.02476005823323496,0.0,1.0,0.0,0.0,1.0,1.0,0.0,0.0,0.0,0.0,1.0,0.0,1.0,1.0,0.0,1.0,0.0,0.0,0.0,0.0,0.0,0.0,0.0,0.0,0.0,0.0,0.0,0.0,0.0,0.0,0.0,0.0,0.0,0.0,0.0,0.0,0.0,0.0,0.0,0.0,0.0,0.0,0.0,0.0,0.0,4.0
SMOTE_000434,attack,boolean,"1%""  )   or 2367  =    (  select count  (  *  )   from rdb$fields as t1,rdb$types as t2,rdb$collations as t3,rdb$functions as t4  )  --",nearest_attack_euclidean,R000007,1.6105734476631746,128.70831305981693,31.689231887461858,4.229791458616379,71.52430724501525,7.42707826495423,33.3298492848932,16.42707826495423,0.5604598765986025,0.056274991540238156,0.2565446826991896,0.12672044916196973,0.7864608675228849,0.7378463774923717,1.4756927549847434,0.0,1.0,1.0,0.0,4.2135391324771145,0.7378463774923716,0.0,2.737846377492372,3.475692754984743,0.26215362250762836,0.7378463774923716,0.7378463774923716,0.0,0.0,1.0,1.0,0.0,0.0,0.0,0.0,1.0,0.0,0.0,1.0,0.2621536225076283,0.7378463774923716,0.0,0.0,0.0,0.0,0.0,0.0,0.0,0.0,0.0,0.0,0.0,0.0,0.0,0.0,0.0,0.0,0.0,0.0,0.0,0.0,0.0,0.0,0.0,0.0,0.0,0.0,0.0,0.0,0.0,3.0
SMOTE_000435,attack,boolean,"1""   )    )    and   (  1248  =  8705  )  *8705 and    (    (   ""wvma"" like ""wvma",nearest_attack_euclidean,R000017,1.451434188030869,82.84804840877894,23.26400691553985,3.3103581561890074,18.79202074661954,13.0,38.5280138310797,12.528013831079694,0.22655566906820454,0.15712336850250758,0.4652838497171515,0.15103711271213635,1.0560276621593871,2.943972337840613,0.0,0.0,0.7359930844601532,1.2640069155398468,0.0,6.0,0.0,0.2640069155398468,0.2640069155398468,2.0,0.2640069155398468,0.7359930844601532,0.0,0.0,0.0,1.0,1.0,0.0,0.0,0.0,0.0,0.0,0.0,0.0,0.0,2.0,0.0,0.0,0.0,0.0,0.0,0.0,0.0,0.0,0.0,0.0,0.0,0.0,0.0,0.0,0.0,0.0,0.0,0.0,0.0,0.0,0.0,0.0,0.0,0.0,0.0,0.0,0.0,0.0,0.0,0.0,2.0
SMOTE_000436,attack,boolean,"1'   )    )    and make_set  (  8245  =  9872,9872  )   and    (    (   'kzgt'  =  'kzgt",nearest_attack_euclidean,R000004,1.33270581923068,93.10827508178795,25.393165931396712,3.413791573645178,23.554137540893976,13.0,42.08974889709507,14.464388643798904,0.25077379409928957,0.14086698594387984,0.4524345970736413,0.15592462288318928,3.303417034301644,1.1102230246251565e-16,0.4643886437989041,0.0,0.23219432189945216,1.7678056781005478,0.0,6.696582965698356,0.0,1.0,1.0,2.4643886437989044,1.0,0.0,0.23219432189945213,0.0,0.0,1.0,1.0,0.0,0.0,0.0,0.0,0.23219432189945222,0.0,0.0,0.23219432189945216,1.7678056781005478,0.0,0.0,0.0,0.0,0.0,0.0,0.0,0.0,0.0,0.0,0.0,0.0,0.0,0.0,0.0,0.0,0.0,0.0,0.0,0.0,0.0,0.0,0.0,0.0,0.0,0.0,0.0,0.0,0.0,0.0,2.232194321899452
SMOTE_000437,attack,boolean,"1'+  (  select 'wkbg' where 3921  =  3921 and 8407  =    (  select count  (  *  )   from generate_series  (  1,5000000   )    )     )  +'",nearest_attack_euclidean,R000029,0.9030150188547265,137.0,36.36141817551863,3.9406979098609347,46.600886359699146,20.36141817551863,51.27716364896274,18.760531815819487,0.34015245518028575,0.14862349033225278,0.3742858660508229,0.13693818843663857,4.0,1.1102230246251565e-16,0.0,0.0,0.9201772719398286,2.0,0.0,8.159645456120343,0.0,0.9201772719398287,0.9201772719398287,4.760531815819486,1.0,0.0,0.0,0.0,0.0,1.0,1.0,0.0,0.0,0.07982272806017124,0.0,1.9201772719398287,0.0,0.9201772719398289,0.9201772719398286,1.0,0.0,0.0,0.0,0.0,0.0,0.0,0.0,0.0,0.0,0.0,0.0,0.0,0.0,0.0,0.0,0.0,0.0,0.0,0.0,0.0,0.0,0.0,0.0,0.0,0.0,0.0,0.0,0.0,0.07982272806017124,0.07982272806017124,4.920177271939829
SMOTE_000438,attack,boolean,"1 where 3902  =  3902 or 9643  =    (  select count  (  *  )   from domain.domains as t1,domain.columns as t2,domain.tables as t3  )  --",nearest_attack_euclidean,R000005,0.02475240896654782,136.1682262009069,32.02803770015115,4.242037301979996,69.06542130035268,16.009345900050384,37.0560754003023,14.037383600201533,0.5072235336604941,0.1175792314358452,0.2721257584514686,0.10307147645219211,0.009345900050383271,1.1102230246251565e-16,2.0,0.0,1.0,2.0,0.0,4.009345900050384,0.0,0.0,2.0093459000503833,5.0,0.00934590005038316,0.0,1.0,0.0,0.0,1.0,1.0,0.0,0.0,0.0,0.0,1.0,0.0,1.0,1.0,0.0,1.0,0.0,0.0,0.0,0.0,0.0,0.0,0.0,0.0,0.0,0.0,0.0,0.0,0.0,0.0,0.0,0.0,0.0,0.0,0.0,0.0,0.0,0.0,0.0,0.0,0.0,0.0,0.0,0.0,0.0,4.0
SMOTE_000439,attack,boolean,"1""   )    )    and   (  1248  =  8705  )  *8705 and    (    (   ""wvma"" like ""wvma",nearest_attack_euclidean,R000017,0.45711864559915766,81.58202941103984,23.083147058719977,3.290930706422626,18.249441176159934,13.0,38.16629411743995,12.166294117439953,0.22358700980222182,0.159432325709383,0.46792265795358057,0.14905800653481455,0.3325882348799081,3.6674117651200917,0.0,0.0,0.916852941280023,1.083147058719977,0.0,6.0,0.0,0.08314705871997696,0.08314705871997696,2.0,0.08314705871997696,0.9168529412800228,0.0,0.0,0.0,1.0,1.0,0.0,0.0,0.0,0.0,0.0,0.0,0.0,0.0,2.0,0.0,0.0,0.0,0.0,0.0,0.0,0.0,0.0,0.0,0.0,0.0,0.0,0.0,0.0,0.0,0.0,0.0,0.0,0.0,0.0,0.0,0.0,0.0,0.0,0.0,0.0,0.0,0.0,0.0,0.0,2.0
SMOTE_000440,attack,boolean,"1'   )    )    and make_set  (  8245  =  9872,9872  )   and    (    (   'kzgt'  =  'kzgt",nearest_attack_euclidean,R000004,0.0076728747916073505,87.93744445480958,23.995531746772112,3.390485931871357,21.0,13.0,39.946380961265355,13.991063493544225,0.23883809374216816,0.14785215326896123,0.45420512076151226,0.15910463222735838,4.0,1.1102230246251565e-16,0.0,0.0,0.0,2.0,0.0,5.9910634935442255,0.0,1.0,1.0,2.0,1.0,0.0,0.0,0.0,0.0,1.0,1.0,0.0,0.0,0.0,0.0,0.0,0.0,0.0,0.0,2.0,0.0,0.0,0.0,0.0,0.0,0.0,0.0,0.0,0.0,0.0,0.0,0.0,0.0,0.0,0.0,0.0,0.0,0.0,0.0,0.0,0.0,0.0,0.0,0.0,0.0,0.0,0.0,0.0,0.0,0.0,2.0
SMOTE_000441,attack,boolean,"1%' and 3707  =    (  select count  (  *  )   from sysibm.systables as t1,sysibm.systables as t2,sysibm.systables as t3  )   and '%'  =  '",nearest_attack_euclidean,R000028,3.351709305654775,133.53471985185308,30.44652801481469,3.813641029110492,57.13887940741238,11.125696103702833,45.48403228147912,19.786112059258762,0.4228974959994297,0.08441283421060723,0.343750669176039,0.14893900061392398,4.89305602962938,1.1102230246251565e-16,0.0,0.44652801481469045,0.5534719851853096,2.0,0.0,6.679168088888143,2.0,0.0,1.5534719851853096,3.0,1.0,0.0,0.0,0.0,0.0,1.0,1.0,0.0,0.0,0.0,0.0,0.5534719851853096,0.0,0.0,0.5534719851853096,2.0,0.0,0.0,0.0,0.0,0.0,0.0,0.0,0.0,0.0,0.0,0.0,0.0,0.0,0.0,0.0,0.0,0.0,0.0,0.0,0.0,0.0,0.0,0.0,0.0,0.0,0.0,0.0,0.0,0.0,0.0,3.106943970370619
SMOTE_000442,attack,boolean,"1%""  )   or 2367  =    (  select count  (  *  )   from rdb$fields as t1,rdb$types as t2,rdb$collations as t3,rdb$functions as t4  )  --",nearest_attack_euclidean,R000007,0.29779681650774564,133.8366601076353,32.75763752242403,4.237528577552459,71.0969449910304,8.709165026908828,36.321385062787265,17.709165026908828,0.5323112917015012,0.06474523441201027,0.2708328701697547,0.1321106037167338,0.14541748654558573,0.9515275044848047,1.9030550089696092,0.0,1.0,1.0,0.0,4.854582513454414,0.9515275044848047,0.0,2.9515275044848046,3.903055008969609,0.04847249551519528,0.9515275044848046,0.9515275044848046,0.0,0.0,1.0,1.0,0.0,0.0,0.0,0.0,1.0,0.0,0.0,1.0,0.04847249551519517,0.9515275044848046,0.0,0.0,0.0,0.0,0.0,0.0,0.0,0.0,0.0,0.0,0.0,0.0,0.0,0.0,0.0,0.0,0.0,0.0,0.0,0.0,0.0,0.0,0.0,0.0,0.0,0.0,0.0,0.0,0.0,3.0
SMOTE_000443,attack,boolean,select * from users where id  =  1 +   (  \.  )   or 1  =  1 -- 1,nearest_attack_euclidean,R000001,1.142665771537712,66.16997168613779,24.292492921534446,3.5094658753456693,22.537535392327765,6.924929215344471,26.56126061769833,10.146246460767223,0.3432793424729184,0.10061970753484496,0.4027171137249044,0.1533838362673323,0.0,0.14624646076722359,2.146246460767223,0.0,0.8537535392327764,2.0,0.0,2.146246460767223,0.0,0.14624646076722353,0.14624646076722359,5.853753539232777,0.0,0.14624646076722359,1.0,0.0,0.0,1.0,1.0,0.0,0.0,0.0,0.0,0.8537535392327764,0.0,1.0,0.8537535392327764,0.0,1.0,0.0,0.0,0.0,0.0,0.0,0.0,0.0,0.0,0.0,0.0,0.0,0.0,0.0,0.0,0.0,0.0,0.0,0.0,0.0,0.0,0.0,0.0,0.0,0.0,0.0,0.0,0.0,0.0,0.0,3.7075070784655533
SMOTE_000444,attack,boolean,"1'||  (  select 'ersu' where 4123  =  4123 and 8312  =  dbms_pipe.receive_message  (  chr  (  69  )  ||chr  (  79  )  ||chr  (  101  )  ||chr  (  68  )  ,5  )  --",nearest_attack_euclidean,R000006,0.5344504830542679,158.25969904869018,37.424569084413875,4.005182569158203,50.56142271103469,22.280711355517344,56.424569084413875,28.992995897724285,0.3188241374105348,0.14026386989191555,0.35858458731199255,0.1823274053855571,2.8561422711034687,1.1102230246251565e-16,2.0,0.0,0.07192886444826563,1.9280711355517344,0.0,10.856142271103469,0.0,1.9280711355517344,1.0,11.424569084413875,1.0,0.0,1.0,0.0,0.0,1.0,1.0,0.0,0.0,0.0,0.9280711355517341,1.0,0.0,0.9280711355517344,0.07192886444826563,1.0,0.0,0.0,0.0,0.0,0.0,0.0,0.0,0.0,0.0,0.0,0.0,0.0,0.0,0.0,0.0,0.0,0.0,0.0,0.0,0.0,0.0,0.0,0.0,0.0,0.0,0.0,0.0,0.0,0.0,0.0,3.0
SMOTE_000445,attack,boolean,"1'   )    )     )   and 8635  =    (  select count  (  *  )   from generate_series  (  1,5000000   )    )   --",nearest_attack_euclidean,R000019,1.7642204971378757,123.23289518709386,31.072937447602204,3.704695565848422,45.94818681882866,11.569416736530393,48.2847083682652,17.430583263469607,0.3596071678468862,0.09781126800161552,0.40048893360182886,0.14209263054966945,1.0,1.1102230246251565e-16,2.0,0.0,1.0,1.0,0.0,8.284708368265196,0.35764581586740163,0.6423541841325984,1.7152916317348033,4.0,1.0,0.0,1.0,0.0,0.0,1.0,1.0,0.0,0.0,0.0,0.0,1.0,0.0,0.0,1.0,0.6423541841325984,0.3576458158674016,0.0,0.0,0.0,0.0,0.0,0.0,0.0,0.0,0.0,0.0,0.0,0.0,0.0,0.0,0.0,0.0,0.0,0.0,0.0,0.0,0.0,0.0,0.0,0.0,0.0,0.0,0.0,0.0,0.0,3.0
SMOTE_000446,attack,boolean,"1""   )    )    as gawq where 4728  =  4728 or 7417  =    (  select count  (  *  )   from sysibm.systables as t1,sysibm.systables as t2,sysibm.systables as t3  )  --",nearest_attack_euclidean,R000010,0.7585585233137161,158.71841493713345,33.81787637714253,4.09905485974251,79.99664014856785,14.72513463999773,46.814516525710395,17.182123622857468,0.504721723555564,0.0919343921393628,0.29428086622840854,0.10906301807666467,0.0,1.0,2.0,0.0,1.0,1.8178763771425328,0.0,5.817876377142532,0.18212362285746733,0.0,2.182123622857467,4.817876377142532,0.0,1.0,1.0,0.0,0.0,1.0,1.0,0.0,0.0,0.0,0.0,1.0,0.0,0.8178763771425328,1.0,0.0,1.0,0.0,0.0,0.0,0.0,0.0,0.0,0.0,0.0,0.0,0.0,0.0,0.0,0.0,0.0,0.0,0.0,0.0,0.0,0.0,0.0,0.0,0.0,0.0,0.0,0.0,0.0,0.0,0.0,0.0,3.8178763771425324
SMOTE_000447,attack,boolean,"-9688%'   )    )     )   or elt  (  3695  =  7995,7995  )   and    (    (     (  '%'  =  '",nearest_attack_euclidean,R000013,1.3038203332933338,89.46618706505737,22.53381293494264,3.038154155092169,11.469784077127173,15.199280597586036,45.864748260229426,16.932374130114717,0.12885745838648824,0.16975710362901839,0.512304338926502,0.18908109905799142,4.0,1.1102230246251565e-16,0.7330935325286787,0.0,0.0,2.0,0.0,7.466187065057357,1.4661870650573574,0.2669064674713213,1.0,2.7330935325286787,1.0,0.0,0.0,0.0,0.0,1.0,1.0,0.0,0.0,0.0,0.0,0.0,0.0,0.0,0.0,1.2669064674713213,0.7330935325286787,0.0,0.0,0.0,0.0,0.0,0.0,0.0,0.0,0.0,0.0,0.0,0.0,0.0,0.0,0.0,0.0,0.0,0.0,0.0,0.0,0.0,0.0,0.0,0.0,0.0,0.0,0.0,0.0,0.0,2.0
SMOTE_000448,attack,boolean,"1'   )    )    and make_set  (  8245  =  9872,9872  )   and    (    (   'kzgt'  =  'kzgt",nearest_attack_euclidean,R000004,0.8588115349328053,88.46056288435045,23.692958077099696,3.3376647514700037,20.539437115649545,13.0,40.92112576870091,14.0,0.23236746323748758,0.1469796057072233,0.4623672018321256,0.15828572922316353,3.3859161541993923,0.6140838458006077,0.0,0.0,0.15352096145015187,1.8464790385498482,0.0,6.307041922900304,0.0,0.8464790385498481,0.8464790385498481,2.0,0.8464790385498481,0.15352096145015187,0.0,0.0,0.0,1.0,1.0,0.0,0.0,0.0,0.0,0.0,0.0,0.0,0.0,2.0,0.0,0.0,0.0,0.0,0.0,0.0,0.0,0.0,0.0,0.0,0.0,0.0,0.0,0.0,0.0,0.0,0.0,0.0,0.0,0.0,0.0,0.0,0.0,0.0,0.0,0.0,0.0,0.0,0.0,0.0,2.0
SMOTE_000449,attack,boolean,"1  )   where 5333  =  5333 or 9643  =    (  select count  (  *  )   from domain.domains as t1,domain.columns as t2,domain.tables as t3  )  --",nearest_attack_euclidean,R000030,1.480776272192989,141.89859981532592,32.44929990766296,4.161106262617388,69.44929990766296,16.0,41.0,15.449299907662965,0.48942855228502646,0.11276210895971756,0.2889529042092762,0.10885643454597972,0.0,0.4492999076629648,2.0,0.0,1.0,2.0,0.0,5.0,0.0,0.0,2.0,5.0,0.0,0.4492999076629647,1.0,0.0,0.0,1.0,1.0,0.0,0.0,0.0,0.0,1.0,0.0,1.0,1.0,0.4492999076629648,0.5507000923370353,0.0,0.0,0.0,0.0,0.0,0.0,0.0,0.0,0.0,0.0,0.0,0.0,0.0,0.0,0.0,0.0,0.0,0.0,0.0,0.0,0.0,0.0,0.0,0.0,0.0,0.0,0.0,0.0,0.0,4.0
SMOTE_000450,attack,boolean,"1'  )   where 4297  =  4297 or 2367  =    (  select count  (  *  )   from rdb$fields as t1,rdb$types as t2,rdb$collations as t3,rdb$functions as t4  )  --",nearest_attack_euclidean,R000018,0.9566124862898858,151.1820141847438,35.33152774297132,4.260342006408113,71.19284772691589,17.663055485942635,44.16034710039961,18.16576387148566,0.46856884405652277,0.1175000617923273,0.2934338251738344,0.12049726897731554,1.497291614456978,1.1102230246251565e-16,1.6684722570286814,0.0,1.0,2.0,0.0,5.497291614456978,0.0,0.16576387148565935,2.6684722570286814,5.0,1.0,0.0,0.8342361285143407,0.0,0.0,1.0,1.0,0.0,0.0,0.0,0.0,1.1657638714856593,0.0,1.0,1.0,0.1657638714856592,0.8342361285143406,0.0,0.0,0.0,0.0,0.0,0.0,0.0,0.0,0.0,0.0,0.0,0.0,0.0,0.0,0.0,0.0,0.0,0.0,0.0,0.0,0.0,0.0,0.0,0.0,0.0,0.0,0.0,0.0,0.0,4.165763871485659
SMOTE_000451,attack,boolean,"1'  )   and 8407  =    (  select count  (  *  )   from generate_series  (  1,5000000   )    )   ",nearest_attack_euclidean,R000025,4.8680031173821625,113.9320352093387,29.0,3.4938902323961236,36.37366712422895,13.0,50.80890123541817,13.74946684969158,0.3216276548986573,0.11769187517325097,0.4392719849023673,0.1214084850257244,2.312100137268685,1.1102230246251565e-16,0.0,0.0,0.562633287577105,1.437366712422895,0.0,8.312100137268684,0.0,0.562633287577105,0.5626332875771051,2.0,1.0,0.0,0.0,0.0,0.0,1.0,1.0,0.0,0.0,0.43736671242289504,0.0,1.0,0.0,0.0,0.562633287577105,1.0,0.0,0.0,0.0,0.0,0.0,0.0,0.0,0.0,0.0,0.0,0.0,0.0,0.0,0.0,0.0,0.0,0.0,0.0,0.0,0.0,0.0,0.0,0.0,0.0,0.0,0.0,0.0,0.0,0.43736671242289504,0.43736671242289504,3.4373667124228953
SMOTE_000452,attack,boolean,"select dbms_pipe.receive_message  (  chr  (  66  )  ||chr  (  67  )  ||chr  (  79  )  ||chr  (  101  )  ,5  )   from dual and    (    (   ""vfvh""  =  ""vfvh",nearest_attack_euclidean,R000024,3.2523142402618377,127.40119362248551,31.70699945021427,3.7476619634549584,46.617797031157046,11.375800329871439,49.82799780085707,19.57959846059995,0.3602861417120901,0.09725793523913329,0.3937257330631321,0.14873018998564455,0.4586001099571466,1.6241996701285604,0.0,0.0,0.4586001099571465,1.0,0.0,9.706999450214267,0.0,1.5413998900428536,1.0,4.706999450214267,0.4586001099571465,0.5413998900428535,0.0,0.0,0.0,1.0,1.0,0.0,0.0,0.0,0.5413998900428534,1.0,0.0,0.0,1.0,1.0,0.0,0.0,0.0,0.0,0.0,0.0,0.0,0.0,0.0,0.0,0.0,0.0,0.0,0.0,0.0,0.0,0.0,0.0,0.0,0.0,0.0,0.0,0.0,0.0,0.0,0.0,0.0,0.0,0.0,0.0,3.0
SMOTE_000453,attack,boolean,"1'  )   and 8407  =    (  select count  (  *  )   from generate_series  (  1,5000000   )    )   ",nearest_attack_euclidean,R000025,0.5381427051231541,93.4666470759573,28.591394689670533,3.6012140317061654,31.34623150347285,12.264510441406957,38.019347255209276,11.836557875868213,0.3362669099203141,0.1293792612800678,0.4069964904707942,0.12735733832882384,0.9182789379341063,1.1102230246251565e-16,0.16344212413178738,0.0,1.0,1.0817210620658937,0.0,6.5913946896705315,0.0,0.9182789379341063,0.9182789379341063,2.3268842482635748,0.9182789379341063,0.0,0.08172106206589375,0.0,0.0,1.0,1.0,0.0,0.0,0.0,0.0,1.0,0.0,0.08172106206589363,1.0,0.9182789379341064,0.08172106206589386,0.0,0.0,0.0,0.0,0.0,0.0,0.0,0.0,0.0,0.0,0.0,0.0,0.0,0.0,0.0,0.0,0.0,0.0,0.0,0.0,0.0,0.0,0.0,0.0,0.0,0.0,0.0,0.0,0.0,3.0817210620658937
SMOTE_000454,attack,boolean,"1 where 3902  =  3902 or 9643  =    (  select count  (  *  )   from domain.domains as t1,domain.columns as t2,domain.tables as t3  )  --",nearest_attack_euclidean,R000005,0.0812423237770211,136.65105850492392,32.0,4.227898776163577,69.0,16.0,37.52084680393915,14.130211700984788,0.505010271337101,0.11710383103469008,0.2744965582318282,0.10338933939638068,0.0,1.1102230246251565e-16,2.0,0.0,1.0,2.0,0.0,4.130211700984788,0.0,0.0,2.0,5.0,0.0,0.0,1.0,0.0,0.0,1.0,1.0,0.0,0.0,0.0,0.0,1.0,0.0,1.0,1.0,0.0,1.0,0.0,0.0,0.0,0.0,0.0,0.0,0.0,0.0,0.0,0.0,0.0,0.0,0.0,0.0,0.0,0.0,0.0,0.0,0.0,0.0,0.0,0.0,0.0,0.0,0.0,0.0,0.0,0.0,0.0,4.0
SMOTE_000455,attack,boolean,"select count  (  *  )   from domain.domains as t1,domain.columns as t2,domain.tables as t3 and 'qjle'  =  'qjle",nearest_attack_euclidean,R000027,0.5092349487996207,109.57276266853924,28.09514915543072,4.14702927091915,69.09888462734061,3.951491554307168,24.52238648689147,12.0,0.6267984721125603,0.03734020969617849,0.22614596083601263,0.10971535735524861,2.809701689138566,1.1102230246251565e-16,0.0,0.0,1.0,1.0,0.0,2.475745777153585,0.0,0.09514915543071689,1.904850844569283,2.0,1.0,0.0,0.0,0.0,0.0,1.0,1.0,0.0,0.0,0.0,0.0,1.0,0.0,0.0,1.0,1.0,0.0,0.0,0.0,0.0,0.0,0.0,0.0,0.0,0.0,0.0,0.0,0.0,0.0,0.0,0.0,0.0,0.0,0.0,0.0,0.0,0.0,0.0,0.0,0.0,0.0,0.0,0.0,0.0,0.0,0.0,3.0
SMOTE_000456,attack,boolean,"1' in boolean mode  )   and 6414  =    (  select count  (  *  )   from rdb$fields as t1,rdb$types as t2,rdb$collations as t3,rdb$functions as t4  )  #",nearest_attack_euclidean,R000008,3.2314836900832966,144.59873448770054,30.54989454064171,4.115227759898534,80.4989454064171,8.549894540641711,38.649683621925135,16.900210918716578,0.5562294386235759,0.05908674254622956,0.26731899341935983,0.1173648254108347,2.3503163780748677,1.1102230246251565e-16,0.0,0.0,1.0,1.4501054593582892,0.0,4.549894540641711,0.9002109187165783,0.0,2.549894540641711,2.450105459358289,1.0,0.0,0.0,0.5498945406417107,0.0,1.0,1.0,0.0,0.0,0.0,0.0,1.0,0.0,0.0,1.0,1.4501054593582892,0.0,0.0,0.0,0.0,0.0,0.0,0.0,0.0,0.0,0.0,0.0,0.0,0.0,0.0,0.0,0.0,0.0,0.0,0.0,0.0,0.0,0.0,0.0,0.0,0.0,0.0,0.0,0.0,0.0,0.0,3.450105459358289
SMOTE_000457,attack,boolean,"1%""  )   or 2367  =    (  select count  (  *  )   from rdb$fields as t1,rdb$types as t2,rdb$collations as t3,rdb$functions as t4  )  --",nearest_attack_euclidean,R000007,0.6804399738621489,137.4837005450384,33.0,4.206814909646548,71.0,9.0,39.069750454198655,18.41395009083973,0.5170399224642113,0.06554027186166059,0.28352327493829166,0.13389653073583638,0.20697504541986578,0.7930249545801342,2.0,0.0,1.0,1.0,0.0,5.413950090839731,1.0,0.0,3.0,4.0,0.20697504541986572,0.7930249545801342,1.0,0.0,0.0,1.0,1.0,0.0,0.0,0.0,0.0,1.0,0.0,0.0,1.0,0.0,1.0,0.0,0.0,0.0,0.0,0.0,0.0,0.0,0.0,0.0,0.0,0.0,0.0,0.0,0.0,0.0,0.0,0.0,0.0,0.0,0.0,0.0,0.0,0.0,0.0,0.0,0.0,0.0,0.0,0.0,3.0
SMOTE_000458,attack,boolean,"select count  (  *  )   from domain.domains as t1,domain.columns as t2,domain.tables as t3 and 'qjle'  =  'qjle",nearest_attack_euclidean,R000027,2.2933616524513343,124.34816689393,28.988753103254073,4.11923795558291,73.98875310325408,5.471882758135186,29.92127172277852,14.966259309762222,0.6012100412067054,0.042325008843923206,0.2373190574923636,0.11914589245700788,3.4943765516270373,1.1102230246251565e-16,0.0,0.0,1.0,1.494376551627037,0.0,2.9887531032540746,0.9887531032540744,0.0,2.0,2.4943765516270373,1.0,0.0,0.0,0.0,0.0,1.0,1.0,0.0,0.0,0.0,0.0,1.0,0.0,0.0,1.0,1.4943765516270373,0.0,0.0,0.0,0.0,0.0,0.0,0.0,0.0,0.0,0.0,0.0,0.0,0.0,0.0,0.0,0.0,0.0,0.0,0.0,0.0,0.0,0.0,0.0,0.0,0.0,0.0,0.0,0.0,0.0,0.0,3.4943765516270373
SMOTE_000459,attack,boolean,"1""   )    )     )   and   (  3020  =  3020  )  *6703 and    (    (     (  ""fqap"" like ""fqap",nearest_attack_euclidean,R000023,1.8031934265579912,103.49385301122466,24.449775100240128,3.13525480211757,22.164617670408216,13.489955020048026,51.389505220528285,16.449775100240128,0.20972688854705956,0.13373826169930736,0.4989728940219579,0.15756195573167517,0.4899550200480257,4.0,0.0,0.24497751002401286,0.7550224899759872,1.2449775100240128,0.0,8.979910040096051,0.4899550200480255,0.0,0.2449775100240128,2.244977510024013,0.24497751002401286,1.0,0.0,0.0,0.0,1.0,1.0,0.0,0.0,0.0,0.0,0.0,0.0,0.0,0.0,2.0,0.0,0.0,0.0,0.0,0.0,0.0,0.0,0.0,0.0,0.0,0.0,0.0,0.0,0.0,0.0,0.0,0.0,0.0,0.0,0.0,0.0,0.0,0.0,0.0,0.0,0.0,0.0,0.0,0.0,0.0,2.0
SMOTE_000460,attack,boolean,"1""   )    )    as gawq where 4728  =  4728 or 7417  =    (  select count  (  *  )   from sysibm.systables as t1,sysibm.systables as t2,sysibm.systables as t3  )  --",nearest_attack_euclidean,R000010,0.5399871245064275,159.89626364235264,33.80458398296917,4.091600973523575,79.65500779563007,16.0,47.43667186375338,16.804583982969174,0.4979501816395368,0.10036072751673025,0.2964223634308492,0.10526672741288373,0.0,1.0,2.0,0.0,1.0,2.0,0.0,5.804583982969173,0.0,0.0,2.0,5.0,0.0,1.0,1.0,0.0,0.0,1.0,1.0,0.0,0.0,0.0,0.0,1.0,0.0,1.0,1.0,0.195416017030827,0.8045839829691728,0.0,0.0,0.0,0.0,0.0,0.0,0.0,0.0,0.0,0.0,0.0,0.0,0.0,0.0,0.0,0.0,0.0,0.0,0.0,0.0,0.0,0.0,0.0,0.0,0.0,0.0,0.0,0.0,0.0,4.0
SMOTE_000461,attack,boolean,"select dbms_pipe.receive_message  (  chr  (  66  )  ||chr  (  67  )  ||chr  (  79  )  ||chr  (  101  )  ,5  )   from dual and    (    (   ""vfvh""  =  ""vfvh",nearest_attack_euclidean,R000024,1.3764658662361444,155.5883303501647,34.794165175082355,3.897361123287821,57.61021094360587,12.581036819017667,58.60291741245882,26.79416517508236,0.3707816656507771,0.08023073459303645,0.3769094833597459,0.1720781163964406,0.5956238813117696,2.4043761186882304,0.3970825875411796,0.0,0.0,1.1985412937705897,0.0,11.801458706229411,0.0,2.0,1.0,7.992706468852949,0.19854129377058977,0.8014587062294102,0.1985412937705898,0.0,0.0,1.0,1.0,0.0,0.0,0.0,0.9999999999999998,1.0,0.0,0.19854129377058985,0.8014587062294102,1.0,0.0,0.0,0.0,0.0,0.0,0.0,0.0,0.0,0.0,0.0,0.0,0.0,0.0,0.0,0.0,0.0,0.0,0.0,0.0,0.0,0.0,0.0,0.0,0.0,0.0,0.0,0.0,0.0,0.0,0.0,3.0
SMOTE_000462,attack,boolean,"1 where 3902  =  3902 or 9643  =    (  select count  (  *  )   from domain.domains as t1,domain.columns as t2,domain.tables as t3  )  --",nearest_attack_euclidean,R000005,0.6094581000283884,127.96185241068078,31.094293229372482,4.152567038989707,63.90539941522022,14.641439844058722,35.8678665367156,13.547146614686241,0.49171566788834553,0.11129481676709206,0.2882852160405128,0.10870429930404954,0.0,1.1102230246251565e-16,2.0,0.0,1.0,2.0,0.0,3.7735733073431206,0.0,0.0,1.7735733073431201,5.11321334632844,0.0,0.0,1.0,0.0,0.0,1.0,1.0,0.0,0.0,0.0,0.0,1.0,0.0,1.0,1.0,0.0,1.0,0.0,0.0,0.0,0.0,0.0,0.0,0.0,0.0,0.0,0.0,0.0,0.0,0.0,0.0,0.0,0.0,0.0,0.0,0.0,0.0,0.0,0.0,0.0,0.0,0.0,0.0,0.0,0.0,0.0,4.0
SMOTE_000463,attack,boolean,"1'  )   where 4297  =  4297 or 2367  =    (  select count  (  *  )   from rdb$fields as t1,rdb$types as t2,rdb$collations as t3,rdb$functions as t4  )  --",nearest_attack_euclidean,R000018,0.07371495311532462,154.22325178620594,34.97767482137941,4.308005523301445,76.13395107172356,16.977674821379406,43.13395107172356,17.977674821379406,0.49365146219883504,0.11010320882669178,0.27965745320868596,0.1165878757657872,0.9776748213794064,0.022325178620593578,2.0,0.0,1.0,2.0,0.0,5.022325178620593,0.0,0.0,2.9776748213794066,5.0,0.9776748213794064,0.022325178620593578,1.0,0.0,0.0,1.0,1.0,0.0,0.0,0.0,0.0,1.0,0.0,1.0,1.0,0.0,1.0,0.0,0.0,0.0,0.0,0.0,0.0,0.0,0.0,0.0,0.0,0.0,0.0,0.0,0.0,0.0,0.0,0.0,0.0,0.0,0.0,0.0,0.0,0.0,0.0,0.0,0.0,0.0,0.0,0.0,4.0
SMOTE_000464,attack,boolean,"1%""   )    )    and 3202  =  like  (  'abcdefg',upper  (  hex  (  randomblob  (  500000000/2   )    )      )    )    and    (    (   ""%""  =  """,nearest_attack_euclidean,R000016,3.552928461989917,151.7396339716721,32.74920261320555,3.57569476254322,44.36503266506935,15.374601306602774,66.12699346698614,25.87300653301387,0.2879337462035263,0.10173955717482025,0.4399621882225992,0.17036450839905426,1.250797386794452,3.625398693397226,0.0,0.625398693397226,0.0,1.6253986933972262,0.0,12.749202613205547,1.625398693397226,0.749202613205548,2.1238039198083216,3.7492026132055476,0.6253986933972261,1.0,0.0,0.0,0.0,1.0,1.0,0.0,0.0,0.0,0.3746013066027739,0.0,0.0,0.0,0.0,1.625398693397226,0.0,0.0,0.0,0.0,0.0,0.0,0.0,0.0,0.0,0.0,0.0,0.0,0.0,0.0,0.0,0.0,0.0,0.0,0.0,0.0,0.0,1.1238039198083216,0.0,0.0,0.0,0.0,0.0,0.0,0.0,0.0,2.749202613205548
SMOTE_000465,attack,boolean,"1'   )    )    and make_set  (  8245  =  9872,9872  )   and    (    (   'kzgt'  =  'kzgt",nearest_attack_euclidean,R000004,2.678115177066153,89.43621784338148,23.042521437745684,3.228034152217015,19.56378215661853,13.0,42.87243568676294,14.0,0.21908744443948797,0.14539575025425086,0.4789367665709141,0.1565800387353471,2.085042875491371,1.914957124508629,0.0,0.0,0.47873928112715725,1.5212607188728429,0.0,6.957478562254314,0.0,0.5212607188728428,0.5212607188728428,2.0,0.5212607188728428,0.47873928112715713,0.0,0.0,0.0,1.0,1.0,0.0,0.0,0.0,0.0,0.0,0.0,0.0,0.0,2.0,0.0,0.0,0.0,0.0,0.0,0.0,0.0,0.0,0.0,0.0,0.0,0.0,0.0,0.0,0.0,0.0,0.0,0.0,0.0,0.0,0.0,0.0,0.0,0.0,0.0,0.0,0.0,0.0,0.0,0.0,2.0
SMOTE_000466,attack,boolean,"1""   )    )    and   (  1248  =  8705  )  *8705 and    (    (   ""wvma"" like ""wvma",nearest_attack_euclidean,R000017,3.008533043270911,78.86374994873876,22.643958324789793,3.3196468221366904,17.643958324789793,13.356041675210207,35.15166659831834,12.712083350420414,0.2238046296676009,0.1698124487832795,0.4445205755410227,0.16186234600809687,0.0,2.5758332991591697,0.0,0.0,0.6439583247897925,1.0,0.0,5.643958324789793,0.0,0.35604167521020746,1.42416670084083,1.6439583247897929,0.0,0.6439583247897924,0.0,0.0,0.0,1.0,1.0,0.0,0.0,0.0,0.0,0.0,0.0,0.0,0.0,1.6439583247897924,0.0,0.0,0.0,0.0,0.0,0.0,0.0,0.0,0.0,0.0,0.0,0.0,0.0,0.0,0.0,0.0,0.0,0.0,0.0,0.0,0.0,0.35604167521020746,0.35604167521020746,0.0,0.0,0.0,0.0,0.0,0.0,0.0,2.3560416752102076
SMOTE_000467,attack,boolean,"1'  )   and make_set  (  4551  =  6487,6487  )   and   (  'jnqa'  =  'jnqa",nearest_attack_euclidean,R000014,2.1481542161292757,73.7130746322499,23.860776103250313,3.682357924568383,18.99152242574927,16.156179045251143,26.852298528999583,11.713074632249896,0.2573858001162899,0.2196014955811433,0.364143650766933,0.15886905353563377,2.852298528999583,0.28692536775010424,0.8607761032503123,0.0,0.0,2.0,0.0,3.7130746322498966,0.0,1.0,1.0,2.8607761032503123,0.7130746322498959,0.28692536775010424,0.28692536775010413,0.0,0.0,1.0,1.0,0.0,0.0,0.0,0.0,0.0,0.0,0.28692536775010413,0.0,1.426149264499792,0.2869253677501042,0.0,0.0,0.0,0.0,0.0,0.0,0.0,0.0,0.0,0.0,0.0,0.0,0.0,0.0,0.0,0.0,0.0,0.0,0.0,0.0,0.0,0.0,0.0,0.0,0.0,0.0,0.0,0.0,0.0,2.0
SMOTE_000468,attack,boolean,"1""  )   where 7471  =  7471 and 8514  =    (  select count  (  *  )   from domain.domains as t1,domain.columns as t2,domain.tables as t3  )  --",nearest_attack_euclidean,R000020,0.9247469370563887,145.50699897027408,33.455817994595286,4.217741048642594,71.36745398378586,16.227908997297643,41.455817994595286,16.45581799459529,0.49042121477441614,0.11154658991413939,0.28500567684342426,0.1130265184680202,0.22790899729764402,0.7720910027023562,2.0,0.0,1.0,2.0,0.0,5.0,0.0,0.0,2.227908997297644,5.0,0.22790899729764397,0.772091002702356,1.0,0.0,0.0,1.0,1.0,0.0,0.0,0.0,0.0,1.0,0.0,1.0,1.0,0.7720910027023562,0.22790899729764397,0.0,0.0,0.0,0.0,0.0,0.0,0.0,0.0,0.0,0.0,0.0,0.0,0.0,0.0,0.0,0.0,0.0,0.0,0.0,0.0,0.0,0.0,0.0,0.0,0.0,0.0,0.0,0.0,0.0,4.0
SMOTE_000469,attack,boolean,"1  )   where 5333  =  5333 or 9643  =    (  select count  (  *  )   from domain.domains as t1,domain.columns as t2,domain.tables as t3  )  --",nearest_attack_euclidean,R000030,0.06980431407258907,141.36286656390462,32.083738437824145,4.142858576633184,69.19538968825634,16.027912812608047,41.055825625216094,15.083738437824143,0.48947739491271636,0.11338905045386666,0.290457487521202,0.10667606711221493,0.0279128126080479,1.1102230246251565e-16,2.0,0.0,1.0,2.0,0.0,5.0,0.0,0.0,2.027912812608048,5.0,0.027912812608047954,0.0,1.0,0.0,0.0,1.0,1.0,0.0,0.0,0.0,0.0,1.0,0.0,1.0,1.0,0.0,1.0,0.0,0.0,0.0,0.0,0.0,0.0,0.0,0.0,0.0,0.0,0.0,0.0,0.0,0.0,0.0,0.0,0.0,0.0,0.0,0.0,0.0,0.0,0.0,0.0,0.0,0.0,0.0,0.0,0.0,4.0
SMOTE_000470,attack,boolean,"1 where 3902  =  3902 or 9643  =    (  select count  (  *  )   from domain.domains as t1,domain.columns as t2,domain.tables as t3  )  --",nearest_attack_euclidean,R000005,0.33497161026536526,138.27658655295915,32.37943109215986,4.250485588320288,69.88533921503966,16.126477030719954,37.75886218431972,14.505908122879813,0.5056016835891527,0.11672915829500416,0.27296464641940377,0.10470451169643938,0.1264770307199532,1.1102230246251565e-16,2.0,0.0,1.0,2.0,0.0,4.126477030719954,0.0,0.0,2.126477030719953,5.0,0.1264770307199533,0.0,1.0,0.0,0.0,1.0,1.0,0.0,0.0,0.0,0.0,1.0,0.0,1.0,1.0,0.0,1.0,0.0,0.0,0.0,0.0,0.0,0.0,0.0,0.0,0.0,0.0,0.0,0.0,0.0,0.0,0.0,0.0,0.0,0.0,0.0,0.0,0.0,0.0,0.0,0.0,0.0,0.0,0.0,0.0,0.0,4.0
SMOTE_000471,attack,boolean,"1""   )    )     )   and   (  3020  =  3020  )  *6703 and    (    (     (  ""fqap"" like ""fqap",nearest_attack_euclidean,R000023,0.6225731853036474,86.11978616541694,22.488021383458307,3.164407358450675,18.0,13.0,42.09582893233356,13.02395723308339,0.2097196919037437,0.15146422193048156,0.48775068094331486,0.15106540522245981,0.0,4.0,0.0,0.0,1.0,1.0,0.0,7.02395723308339,0.0,0.0,0.0,2.0,0.0,1.0,0.0,0.0,0.0,1.0,1.0,0.0,0.0,0.0,0.0,0.0,0.0,0.0,0.0,2.0,0.0,0.0,0.0,0.0,0.0,0.0,0.0,0.0,0.0,0.0,0.0,0.0,0.0,0.0,0.0,0.0,0.0,0.0,0.0,0.0,0.0,0.0,0.0,0.0,0.0,0.0,0.0,0.0,0.0,0.0,2.0
SMOTE_000472,attack,boolean,"1'+  (  select 'wkbg' where 3921  =  3921 and 8407  =    (  select count  (  *  )   from generate_series  (  1,5000000   )    )     )  +'",nearest_attack_euclidean,R000029,2.8587950542336094,138.85879975526106,34.67650030592368,4.060290467294885,57.22339865393581,18.676500305923682,45.81770055066262,17.141200244738943,0.4110494397210714,0.13478520200088326,0.3304904999574326,0.12367485832061269,2.141200244738944,1.1102230246251565e-16,0.929399877630528,0.0,1.0,2.0,0.0,6.6059001835542075,0.0,0.5353000611847359,1.4646999388152642,5.0,0.5353000611847359,0.0,0.464699938815264,0.0,0.0,1.0,1.0,0.0,0.0,0.0,0.0,1.535300061184736,0.0,1.0,1.0,0.5353000611847358,0.46469993881526395,0.0,0.0,0.0,0.0,0.0,0.0,0.0,0.0,0.0,0.0,0.0,0.0,0.0,0.0,0.0,0.0,0.0,0.0,0.0,0.0,0.0,0.0,0.0,0.0,0.0,0.0,0.0,0.0,0.0,4.535300061184736
SMOTE_000473,attack,boolean,"1""   )    )    as gawq where 4728  =  4728 or 7417  =    (  select count  (  *  )   from sysibm.systables as t1,sysibm.systables as t2,sysibm.systables as t3  )  --",nearest_attack_euclidean,R000010,0.4678062628301372,160.7428240615032,33.8876835883277,4.087086077124082,80.76451947160467,15.213785118293877,47.65220305993236,17.112316411672303,0.502911906969282,0.09409103768817276,0.2960055520693428,0.10699150327320248,0.0,1.0,2.0,0.0,1.0,1.8876835883276968,0.0,5.887683588327697,0.11231641167230311,0.0,2.112316411672303,4.887683588327697,0.0,1.0,1.0,0.0,0.0,1.0,1.0,0.0,0.0,0.0,0.0,1.0,0.0,0.887683588327697,1.0,0.0,1.0,0.0,0.0,0.0,0.0,0.0,0.0,0.0,0.0,0.0,0.0,0.0,0.0,0.0,0.0,0.0,0.0,0.0,0.0,0.0,0.0,0.0,0.0,0.0,0.0,0.0,0.0,0.0,0.0,0.0,3.887683588327697
SMOTE_000474,attack,boolean,"-4641""  )   where 4212  =  4212 or make_set  (  3595  =  4062,4062  )  --",nearest_attack_euclidean,R000009,2.2393143287637183,95.7156025739682,27.975269789040713,3.8370862511141715,22.888714050683205,24.0,33.21792568218999,15.608962841094996,0.22369840726069065,0.2761745647525336,0.3410895343454209,0.15903749364135486,0.0,1.0,2.670788368493214,0.0,0.0,2.0,0.0,5.304481420547498,0.0,1.3292116315067855,1.0,6.646058157533927,0.0,1.0,1.0,0.0,0.0,1.0,1.0,0.0,0.0,0.0,0.3292116315067854,0.0,0.0,1.0,0.0,0.0,1.0,0.0,0.0,0.0,0.0,0.0,0.0,0.0,0.0,0.0,0.0,0.0,0.0,0.0,0.0,0.0,0.0,0.0,0.0,0.0,0.0,0.0,0.0,0.0,0.0,0.0,0.0,0.0,0.0,0.0,2.0
SMOTE_000475,attack,boolean,"1  )   where 5333  =  5333 or 9643  =    (  select count  (  *  )   from domain.domains as t1,domain.columns as t2,domain.tables as t3  )  --",nearest_attack_euclidean,R000030,0.853506776806065,145.43681849013834,33.02388119003192,4.197866622358958,71.38905611007449,16.34129373001064,41.68258746002128,16.023881190031922,0.49077629343745777,0.11242209266322589,0.2868350038577567,0.10996661004155964,0.3412937300106411,1.1102230246251565e-16,2.0,0.0,1.0,2.0,0.0,5.0,0.0,0.0,2.341293730010641,5.0,0.341293730010641,0.0,1.0,0.0,0.0,1.0,1.0,0.0,0.0,0.0,0.0,1.0,0.0,1.0,1.0,0.0,1.0,0.0,0.0,0.0,0.0,0.0,0.0,0.0,0.0,0.0,0.0,0.0,0.0,0.0,0.0,0.0,0.0,0.0,0.0,0.0,0.0,0.0,0.0,0.0,0.0,0.0,0.0,0.0,0.0,0.0,4.0
SMOTE_000476,attack,boolean,"1  )   where 5333  =  5333 or 9643  =    (  select count  (  *  )   from domain.domains as t1,domain.columns as t2,domain.tables as t3  )  --",nearest_attack_euclidean,R000030,0.15241477943219753,139.77858074692918,32.0,4.16321899021494,69.0,16.0,40.02286459754335,14.755716149385837,0.49375667127982303,0.11449430058662563,0.28620682611751747,0.10554220201603386,0.0,1.1102230246251565e-16,2.0,0.0,1.0,2.0,0.0,4.755716149385837,0.0,0.0,2.0,5.0,0.0,0.0,1.0,0.0,0.0,1.0,1.0,0.0,0.0,0.0,0.0,1.0,0.0,1.0,1.0,0.0,1.0,0.0,0.0,0.0,0.0,0.0,0.0,0.0,0.0,0.0,0.0,0.0,0.0,0.0,0.0,0.0,0.0,0.0,0.0,0.0,0.0,0.0,0.0,0.0,0.0,0.0,0.0,0.0,0.0,0.0,4.0
SMOTE_000477,attack,boolean,"1'+  (  select 'wkbg' where 3921  =  3921 and 8407  =    (  select count  (  *  )   from generate_series  (  1,5000000   )    )     )  +'",nearest_attack_euclidean,R000029,2.256606930752434,145.06101007330318,37.32244040293213,4.00960180924573,48.61220201466063,21.644880805864254,52.257082820524886,22.546844432253394,0.3359468416041839,0.14963807600540852,0.3607357773608521,0.15367930502955549,3.6775595970678734,1.1102230246251565e-16,0.6448808058642532,0.0,0.6775595970678734,2.0,0.0,8.96732120879638,0.0,1.3224404029321266,1.0,7.257082820524887,1.0,0.0,0.3224404029321266,0.0,0.0,1.0,1.0,0.0,0.0,0.0,0.3224404029321266,1.6775595970678734,0.0,1.0,0.6775595970678734,1.0,0.0,0.0,0.0,0.0,0.0,0.0,0.0,0.0,0.0,0.0,0.0,0.0,0.0,0.0,0.0,0.0,0.0,0.0,0.0,0.0,0.0,0.0,0.0,0.0,0.0,0.0,0.0,0.0,0.0,0.0,4.355119194135747
SMOTE_000478,attack,boolean,"-9688%'   )    )     )   or elt  (  3695  =  7995,7995  )   and    (    (     (  '%'  =  '",nearest_attack_euclidean,R000013,1.548281631251884,94.37655351514785,23.75062140605914,3.0380891139679562,13.251864218177417,15.343516972727823,48.218827675757396,17.562344648485215,0.13309650015300858,0.16473653245486247,0.5141030224334413,0.1880639449586877,3.343516972727823,1.1102230246251565e-16,1.2188276757573924,0.0,0.21882767575739231,1.7811723242426076,0.0,8.218827675757392,1.5623446484852153,0.21882767575739237,1.0,3.2188276757573924,1.0,0.0,0.21882767575739234,0.0,0.0,1.0,1.0,0.0,0.0,0.0,0.0,0.21882767575739237,0.0,0.0,0.21882767575739231,1.0,0.7811723242426076,0.0,0.0,0.0,0.0,0.0,0.0,0.0,0.0,0.0,0.0,0.0,0.0,0.0,0.0,0.0,0.0,0.0,0.0,0.0,0.0,0.0,0.0,0.0,0.0,0.0,0.0,0.0,0.0,0.0,2.2188276757573924
SMOTE_000479,attack,boolean,"1' in boolean mode  )   and 6414  =    (  select count  (  *  )   from rdb$fields as t1,rdb$types as t2,rdb$collations as t3,rdb$functions as t4  )  #",nearest_attack_euclidean,R000008,2.919556233027685,148.78931120376353,31.807125864157648,4.141886763014365,79.35011895089644,9.0,42.82494052455177,17.6142517283153,0.5328991560233365,0.06049415869234141,0.28808021000146145,0.1185264752828607,1.0,1.1102230246251565e-16,0.8071258641576491,0.0,1.0,1.0,0.0,5.8071258641576495,0.40356293207882454,0.0,3.0,2.8071258641576486,1.0,0.0,0.40356293207882454,0.5964370679211753,0.0,1.0,1.0,0.0,0.0,0.0,0.0,1.0,0.0,0.0,1.0,0.5964370679211755,0.4035629320788245,0.0,0.0,0.0,0.0,0.0,0.0,0.0,0.0,0.0,0.0,0.0,0.0,0.0,0.0,0.0,0.0,0.0,0.0,0.0,0.0,0.0,0.0,0.0,0.0,0.0,0.0,0.0,0.0,0.0,3.0
SMOTE_000480,attack,boolean,1'   )    )    rlike   (  select   (  case when   (  6205  =  1384  )   then 1 else 0x28 end   )    )    and    (    (   'ahjf'  =  'ahjf,nearest_attack_euclidean,R000031,5.393899907620857,113.0759976034671,26.558775265659907,3.3637803577282477,31.746856115771614,13.0,53.305631381431525,15.023510106263963,0.27340140913363414,0.12068779289606235,0.4684684520095629,0.13744234596074065,4.0,1.1102230246251565e-16,0.0,0.0,0.0,2.0,0.0,8.047020212527926,0.0,0.48824494686801845,0.48824494686801845,2.0,1.0,0.0,0.0,0.0,0.0,1.0,1.0,0.0,0.0,0.5117550531319816,0.0,0.5117550531319817,0.0,0.0,0.0,1.4882449468680186,0.0,0.0,0.0,0.0,0.0,0.0,0.0,0.0,0.0,0.0,0.0,0.0,0.0,0.0,0.0,0.0,0.0,0.0,0.0,0.0,0.0,0.0,0.0,0.0,0.0,0.0,0.0,0.0,0.5117550531319816,0.5117550531319816,3.0235101062639633
SMOTE_000481,attack,boolean,select * from users where id  =  1 +   (  \.  )   or 1  =  1 -- 1,nearest_attack_euclidean,R000001,1.8297368171937884,87.20466810911992,26.56207708951384,3.6655448031884603,37.095060679737394,7.416102786018451,30.98545325035486,11.708051393009224,0.4034714265265253,0.07587175994133616,0.37875507502171357,0.141901738510425,0.0,0.28467523216820423,2.0,0.0,1.0,2.0,0.0,2.8540256965046122,0.0,0.0,0.5693504643364085,5.715324767831795,0.0,0.2846752321682042,1.0,0.0,0.0,1.0,1.0,0.0,0.0,0.0,0.0,1.0,0.0,1.0,1.0,0.28467523216820423,0.7153247678317958,0.0,0.0,0.0,0.0,0.0,0.0,0.0,0.0,0.0,0.0,0.0,0.0,0.0,0.0,0.0,0.0,0.0,0.0,0.0,0.0,0.0,0.0,0.0,0.0,0.0,0.0,0.0,0.0,0.0,4.0
SMOTE_000482,attack,boolean,"1'   )    )     )   and 8635  =    (  select count  (  *  )   from generate_series  (  1,5000000   )    )   --",nearest_attack_euclidean,R000019,5.596268321762428e-05,110.00026015560627,30.000067447749775,3.494398567991274,32.00014453089237,13.0000770831426,49.00000963539283,16.000028906178475,0.2909095934584446,0.11818215641159949,0.4454537698917388,0.1454544802382171,1.0000289061784744,1.1102230246251565e-16,1.99998072921435,0.0,1.0,1.000009635392825,0.0,8.999990364607175,0.0,1.0,1.0,4.000009635392825,1.0,0.0,0.9999903646071752,0.0,0.0,1.0,1.0,0.0,0.0,0.0,0.0,1.000009635392825,0.0,9.635392824836053e-06,1.0,1.0,0.0,0.0,0.0,0.0,0.0,0.0,0.0,0.0,0.0,0.0,0.0,0.0,0.0,0.0,0.0,0.0,0.0,0.0,0.0,0.0,0.0,0.0,0.0,0.0,0.0,0.0,0.0,0.0,0.0,0.0,3.00001927078565
SMOTE_000483,attack,boolean,"1'+  (  select 'wkbg' where 3921  =  3921 and 8407  =    (  select count  (  *  )   from generate_series  (  1,5000000   )    )     )  +'",nearest_attack_euclidean,R000029,1.3507984551465877,137.21625930077036,35.486184894607575,4.001651746225796,53.05526042156971,18.188629089985493,47.18862908998549,18.783740699229654,0.38640677513058524,0.13267220670749152,0.34401931769224026,0.13690170046968295,4.0,1.1102230246251565e-16,0.0,0.0,1.0,2.0,0.0,7.134962796918613,0.43251860154069355,0.7837406992296532,1.2162593007703468,4.567481398459306,1.0,0.0,0.0,0.0,0.0,1.0,1.0,0.0,0.0,0.0,0.0,1.7837406992296532,0.0,0.7837406992296533,1.0,1.2162593007703468,0.0,0.0,0.0,0.0,0.0,0.0,0.0,0.0,0.0,0.0,0.0,0.0,0.0,0.0,0.0,0.0,0.0,0.0,0.0,0.0,0.0,0.0,0.0,0.0,0.0,0.0,0.0,0.0,0.0,0.0,4.783740699229654
SMOTE_000484,attack,boolean,"1'+  (  select 'wkbg' where 3921  =  3921 and 8407  =    (  select count  (  *  )   from generate_series  (  1,5000000   )    )     )  +'",nearest_attack_euclidean,R000029,1.6603799536912882,124.47284408223543,34.55567689409472,3.877120522263558,42.4168941764276,18.555676894094717,46.63905572938024,16.861217282332877,0.3400920643480471,0.14782527438899273,0.3775781957735189,0.13450446548944123,3.0833788352855187,1.1102230246251565e-16,0.0,0.0,1.0,1.6944596117618396,0.0,7.69445961176184,0.0,1.0,1.0,4.083378835285519,1.0,0.0,0.0,0.0,0.0,1.0,1.0,0.0,0.0,0.0,0.0,1.69445961176184,0.0,0.6944596117618398,1.0,1.0,0.0,0.0,0.0,0.0,0.0,0.0,0.0,0.0,0.0,0.0,0.0,0.0,0.0,0.0,0.0,0.0,0.0,0.0,0.0,0.0,0.0,0.0,0.0,0.0,0.0,0.0,0.0,0.0,0.0,0.0,4.388919223523679
SMOTE_000485,attack,boolean,"1""   )    )     )   and   (  3020  =  3020  )  *6703 and    (    (     (  ""fqap"" like ""fqap",nearest_attack_euclidean,R000023,0.5074959266501948,87.02185140526908,22.397814859473094,3.1436886042952312,18.0,13.0,42.81748112421526,13.204370281053816,0.20751684638517928,0.1498732779448517,0.49103047315984416,0.15157940251012483,0.0,4.0,0.0,0.0,1.0,1.0,0.0,7.204370281053817,0.0,0.0,0.0,2.0,0.0,1.0,0.0,0.0,0.0,1.0,1.0,0.0,0.0,0.0,0.0,0.0,0.0,0.0,0.0,2.0,0.0,0.0,0.0,0.0,0.0,0.0,0.0,0.0,0.0,0.0,0.0,0.0,0.0,0.0,0.0,0.0,0.0,0.0,0.0,0.0,0.0,0.0,0.0,0.0,0.0,0.0,0.0,0.0,0.0,0.0,2.0
SMOTE_000486,attack,boolean,"1%""  )   or 2367  =    (  select count  (  *  )   from rdb$fields as t1,rdb$types as t2,rdb$collations as t3,rdb$functions as t4  )  --",nearest_attack_euclidean,R000007,2.1301291167641287,135.46769810696307,32.53230189303692,4.240256286445053,70.06460378607385,12.273886748741525,37.0,16.1292075721477,0.5172393761179516,0.09051009957066657,0.2731315452092792,0.11911897910210262,0.0,0.5323018930369252,2.0,0.0,1.0,1.4676981069630748,0.0,4.532301893036925,0.5323018930369251,0.0,2.532301893036925,4.467698106963075,0.0,0.5323018930369252,1.0,0.0,0.0,1.0,1.0,0.0,0.0,0.0,0.0,1.0,0.0,0.467698106963075,1.0,0.0,1.0,0.0,0.0,0.0,0.0,0.0,0.0,0.0,0.0,0.0,0.0,0.0,0.0,0.0,0.0,0.0,0.0,0.0,0.0,0.0,0.0,0.0,0.0,0.0,0.0,0.0,0.0,0.0,0.0,0.0,3.467698106963075
SMOTE_000487,attack,boolean,"1'   )    )    and make_set  (  8245  =  9872,9872  )   and    (    (   'kzgt'  =  'kzgt",nearest_attack_euclidean,R000004,0.41711518135689885,88.68631595312786,24.428947470704916,3.4086871928813984,21.943684435550814,13.0,39.91421050585902,13.828421011718033,0.2467603687633507,0.14667115206076442,0.45040221193069113,0.15616626724519375,3.742631517577051,1.1102230246251565e-16,0.0,0.0,0.08578949414098314,1.9142105058590169,0.0,6.085789494140983,0.0,1.0,1.0,2.0,1.0,0.0,0.0,0.0,0.0,1.0,1.0,0.0,0.0,0.0,0.0,0.08578949414098314,0.0,0.0,0.08578949414098314,1.9142105058590169,0.0,0.0,0.0,0.0,0.0,0.0,0.0,0.0,0.0,0.0,0.0,0.0,0.0,0.0,0.0,0.0,0.0,0.0,0.0,0.0,0.0,0.0,0.0,0.0,0.0,0.0,0.0,0.0,0.0,0.0,2.0857894941409834
SMOTE_000488,attack,boolean,"1'  )   where 4297  =  4297 or 2367  =    (  select count  (  *  )   from rdb$fields as t1,rdb$types as t2,rdb$collations as t3,rdb$functions as t4  )  --",nearest_attack_euclidean,R000018,2.7043764530852648,146.03345702347673,35.93724035017921,4.163238881813505,62.41001492240145,18.87448070035842,46.28034122562723,18.468620175089605,0.4230068994343347,0.1304911014530331,0.3194015497552894,0.1271004493573428,2.405860525268815,1.1102230246251565e-16,1.0627596498207896,0.0,1.0,2.0,0.0,6.405860525268815,0.0,0.4686201750896051,2.06275964982079,5.0,1.0,0.0,0.5313798249103949,0.0,0.0,1.0,1.0,0.0,0.0,0.0,0.0,1.468620175089605,0.0,1.0,1.0,0.4686201750896051,0.5313798249103948,0.0,0.0,0.0,0.0,0.0,0.0,0.0,0.0,0.0,0.0,0.0,0.0,0.0,0.0,0.0,0.0,0.0,0.0,0.0,0.0,0.0,0.0,0.0,0.0,0.0,0.0,0.0,0.0,0.0,4.468620175089605
SMOTE_000489,attack,boolean,"1'   )    )    and make_set  (  8245  =  9872,9872  )   and    (    (   'kzgt'  =  'kzgt",nearest_attack_euclidean,R000004,0.659041594055877,82.62695438940065,23.616211027814334,3.4812782281993537,21.0,13.0,35.39453233377199,13.232422055628664,0.2559634456115765,0.15845356156907117,0.42531337066890496,0.16026962215044738,4.0,1.1102230246251565e-16,0.0,0.0,0.0,2.0,0.0,5.232422055628665,0.0,1.0,1.0,2.0,1.0,0.0,0.0,0.0,0.0,1.0,1.0,0.0,0.0,0.0,0.0,0.0,0.0,0.0,0.0,2.0,0.0,0.0,0.0,0.0,0.0,0.0,0.0,0.0,0.0,0.0,0.0,0.0,0.0,0.0,0.0,0.0,0.0,0.0,0.0,0.0,0.0,0.0,0.0,0.0,0.0,0.0,0.0,0.0,0.0,0.0,2.0
SMOTE_000490,attack,boolean,"1'   )    )     )   and 8635  =    (  select count  (  *  )   from generate_series  (  1,5000000   )    )   --",nearest_attack_euclidean,R000019,2.817638335701508,116.7532909081942,29.749878114511326,3.4556069246285643,34.50121885488674,13.0,53.25207205330746,16.0,0.2948260627057284,0.11235615250122596,0.45453328940692134,0.13828449538612428,1.7503656564660217,1.1102230246251565e-16,1.4997562290226518,0.0,0.749878114511326,1.250121885488674,0.0,9.250121885488674,0.0,0.749878114511326,0.749878114511326,3.499756229022652,1.0,0.0,0.749878114511326,0.0,0.0,1.0,1.0,0.0,0.0,0.2501218854886739,0.0,1.0,0.0,0.0,0.749878114511326,1.0,0.0,0.0,0.0,0.0,0.0,0.0,0.0,0.0,0.0,0.0,0.0,0.0,0.0,0.0,0.0,0.0,0.0,0.0,0.0,0.0,0.0,0.0,0.0,0.0,0.0,0.0,0.0,0.0,0.2501218854886739,0.2501218854886739,3.250121885488674
SMOTE_000491,attack,boolean,"1'||  (  select 'ersu' where 4123  =  4123 and 8312  =  dbms_pipe.receive_message  (  chr  (  69  )  ||chr  (  79  )  ||chr  (  101  )  ||chr  (  68  )  ,5  )  --",nearest_attack_euclidean,R000006,1.4085660079707611,156.4653766612757,36.33961299838271,3.999450986825241,48.95595716370164,23.276731166936216,55.61634416531893,28.61634416531893,0.31206161859386755,0.14945778063964202,0.35582165210784866,0.18265894865864174,2.1698064991913575,0.27673116693621436,2.0,0.0,0.0,2.0,0.0,10.723268833063786,0.0,2.0,1.0,11.446537666127572,0.7232688330637858,0.2767311669362143,1.0,0.0,0.0,1.0,1.0,0.0,0.0,0.0,0.9999999999999998,0.7232688330637858,0.0,1.0,0.0,0.7232688330637858,0.27673116693621436,0.0,0.0,0.0,0.0,0.0,0.0,0.0,0.0,0.0,0.0,0.0,0.0,0.0,0.0,0.0,0.0,0.0,0.0,0.0,0.0,0.0,0.0,0.0,0.0,0.0,0.0,0.0,0.0,0.0,2.723268833063786
SMOTE_000492,attack,boolean,"1 where 3902  =  3902 or 9643  =    (  select count  (  *  )   from domain.domains as t1,domain.columns as t2,domain.tables as t3  )  --",nearest_attack_euclidean,R000005,0.5560174572190943,135.87791899085684,32.12208100914316,4.241109344215401,69.24416201828632,15.145432935997869,37.0,14.488324036572646,0.5096203498974846,0.11142332110250548,0.27230484734958044,0.10665148165042941,0.0,0.12208100914316167,2.0,0.0,1.0,1.8779189908568383,0.0,4.1220810091431614,0.12208100914316158,0.0,2.1220810091431614,4.8779189908568386,0.0,0.12208100914316167,1.0,0.0,0.0,1.0,1.0,0.0,0.0,0.0,0.0,1.0,0.0,0.8779189908568386,1.0,0.0,1.0,0.0,0.0,0.0,0.0,0.0,0.0,0.0,0.0,0.0,0.0,0.0,0.0,0.0,0.0,0.0,0.0,0.0,0.0,0.0,0.0,0.0,0.0,0.0,0.0,0.0,0.0,0.0,0.0,0.0,3.8779189908568386
SMOTE_000493,attack,boolean,"1'   )    )    and make_set  (  8245  =  9872,9872  )   and    (    (   'kzgt'  =  'kzgt",nearest_attack_euclidean,R000004,2.507417107923997,83.81638632790352,23.356367127369772,3.38887641862089,19.712734254739537,13.321816436315114,36.781835636848854,14.0,0.23478431841380393,0.16025860971711886,0.43699183074644826,0.16796524112262892,2.7127342547395403,1.1102230246251565e-16,0.0,0.0,0.0,1.6781835636848852,0.0,5.678183563684885,0.0,1.0,1.9654493089453444,1.6781835636848852,0.6781835636848852,0.0,0.0,0.0,0.0,1.0,1.0,0.0,0.0,0.0,0.0,0.0,0.0,0.0,0.0,1.6781835636848852,0.0,0.0,0.0,0.0,0.0,0.0,0.0,0.0,0.0,0.0,0.0,0.0,0.0,0.0,0.0,0.0,0.0,0.0,0.0,0.0,0.0,0.3218164363151148,0.3218164363151148,0.0,0.0,0.0,0.0,0.0,0.0,0.0,2.321816436315115
SMOTE_000494,attack,boolean,"1""   )    )    as gawq where 4728  =  4728 or 7417  =    (  select count  (  *  )   from sysibm.systables as t1,sysibm.systables as t2,sysibm.systables as t3  )  --",nearest_attack_euclidean,R000010,0.5014509440748384,159.00977890166823,33.643555635833444,4.098756553451728,79.68311163291739,16.0,46.86133381500067,16.46533345375017,0.5013104572212006,0.10114076118962106,0.29401809448880767,0.10353068710037067,0.0,0.8217778179167224,2.0,0.0,1.0,2.0,0.0,5.643555635833445,0.0,0.0,2.0,5.0,0.0,0.8217778179167224,1.0,0.0,0.0,1.0,1.0,0.0,0.0,0.0,0.0,1.0,0.0,1.0,1.0,0.0,1.0,0.0,0.0,0.0,0.0,0.0,0.0,0.0,0.0,0.0,0.0,0.0,0.0,0.0,0.0,0.0,0.0,0.0,0.0,0.0,0.0,0.0,0.0,0.0,0.0,0.0,0.0,0.0,0.0,0.0,4.0
SMOTE_000495,attack,boolean,"""   )    )    or    (    (   ""x""   )    )     =     (    (   ""x",nearest_attack_euclidean,R000002,4.138053035831281,76.20360722052102,14.846314855084975,2.205749765458126,5.956089958595705,7.824359834382829,46.978044979297856,15.445112448244634,0.07591168227679812,0.08693733149314253,0.6339066845770367,0.20324430165302268,1.9560899585957068,2.0439100414042928,0.4890224896489268,0.0,0.0,1.4890224896489268,0.0,8.0,0.9780449792978536,0.0,0.4890224896489269,1.9780449792978536,0.48902248964892675,0.5109775103510733,0.0,0.0,0.0,1.0,1.0,0.0,0.0,0.0,0.0,0.0,0.0,0.0,0.0,0.48902248964892686,1.0,0.0,0.0,0.0,0.0,0.0,0.0,0.0,0.0,0.0,0.0,0.0,0.0,0.0,0.0,0.0,0.0,0.0,0.0,0.0,0.0,0.0,0.0,0.0,0.0,0.0,0.0,0.0,0.0,0.0,1.4890224896489268
SMOTE_000496,attack,boolean,"1' in boolean mode  )   and 6414  =    (  select count  (  *  )   from rdb$fields as t1,rdb$types as t2,rdb$collations as t3,rdb$functions as t4  )  #",nearest_attack_euclidean,R000008,2.4901926904880325,131.6843140484607,30.3216412610541,3.9894469888358324,67.02349341793365,10.3567174778918,39.66082063052705,14.6432825221082,0.48752481378964496,0.08557977744775164,0.31401045365559926,0.11288495510700408,1.0,1.1102230246251565e-16,0.0,0.0,1.0,1.0,0.0,5.6783587389459,0.0,0.33917936947295,2.3216412610540997,2.0,1.0,0.0,0.0,0.6608206305270499,0.0,1.0,1.0,0.0,0.0,0.0,0.0,1.0,0.0,0.0,1.0,1.0,0.0,0.0,0.0,0.0,0.0,0.0,0.0,0.0,0.0,0.0,0.0,0.0,0.0,0.0,0.0,0.0,0.0,0.0,0.0,0.0,0.0,0.0,0.0,0.0,0.0,0.0,0.0,0.0,0.0,0.0,3.0
SMOTE_000497,attack,boolean,"1""   )    )    as gawq where 4728  =  4728 or 7417  =    (  select count  (  *  )   from sysibm.systables as t1,sysibm.systables as t2,sysibm.systables as t3  )  --",nearest_attack_euclidean,R000010,0.39904249698255173,160.37135101105048,33.684465305308734,4.0788931314525225,79.94902448450678,16.0,47.737861221234944,16.684465305308734,0.49832162396440816,0.1000717169963325,0.2975182944447785,0.10408836459448083,0.0,0.8422326526543678,2.0,0.0,1.0,2.0,0.0,5.842232652654368,0.0,0.0,2.0,5.0,0.0,0.8422326526543676,1.0,0.0,0.0,1.0,1.0,0.0,0.0,0.0,0.0,1.0,0.0,1.0,1.0,0.0,1.0,0.0,0.0,0.0,0.0,0.0,0.0,0.0,0.0,0.0,0.0,0.0,0.0,0.0,0.0,0.0,0.0,0.0,0.0,0.0,0.0,0.0,0.0,0.0,0.0,0.0,0.0,0.0,0.0,0.0,4.0
SMOTE_000498,attack,boolean,"1""   )    )     )   and   (  3020  =  3020  )  *6703 and    (    (     (  ""fqap"" like ""fqap",nearest_attack_euclidean,R000023,1.7509016903765968,92.49514459442712,24.093202432197973,3.2202905489012834,22.186404864395946,13.0,43.90679756780203,13.401942162229151,0.23832992673538722,0.14063222530591202,0.4758175283111649,0.14522031964753584,0.2990289188854247,2.803884324458301,0.0,0.0,1.0,1.0,0.0,7.7009710811145755,0.0,0.2990289188854247,0.2990289188854247,2.0,0.2990289188854247,0.7009710811145753,0.0,0.0,0.0,1.0,1.0,0.0,0.0,0.0,0.0,0.2990289188854247,0.0,0.0,0.2990289188854247,1.7009710811145753,0.0,0.0,0.0,0.0,0.0,0.0,0.0,0.0,0.0,0.0,0.0,0.0,0.0,0.0,0.0,0.0,0.0,0.0,0.0,0.0,0.0,0.0,0.0,0.0,0.0,0.0,0.0,0.0,0.0,0.0,2.299028918885425
SMOTE_000499,attack,boolean,"-9688%'   )    )     )   or elt  (  3695  =  7995,7995  )   and    (    (     (  '%'  =  '",nearest_attack_euclidean,R000013,0.7378187327852215,94.59890832592488,23.089215129824314,2.986615807465305,11.267645389472946,15.878976096686188,48.9681912265105,18.48409561325525,0.11122368215669842,0.17044490585824296,0.5217352092657596,0.19659620271929903,4.2420478066276255,1.1102230246251565e-16,0.8789760966861873,0.12102390331381284,0.0,2.0,0.0,8.242047806627625,2.0,0.0,1.0,3.0,1.0,0.0,0.0,0.0,0.0,1.0,1.0,0.0,0.0,0.0,0.0,0.0,0.0,0.0,0.0,1.1210239033138127,0.8789760966861871,0.0,0.0,0.0,0.0,0.0,0.0,0.0,0.0,0.0,0.0,0.0,0.0,0.0,0.0,0.0,0.0,0.0,0.0,0.0,0.0,0.0,0.0,0.0,0.0,0.0,0.0,0.0,0.0,0.0,2.0
SMOTE_000500,attack,boolean,"1""   )    )     )   and   (  3020  =  3020  )  *6703 and    (    (     (  ""fqap"" like ""fqap",nearest_attack_euclidean,R000023,0.17511008500626313,91.51811927406082,22.21815548381508,3.064373117030078,18.381772096676396,13.0,46.08180830643066,14.05453887095377,0.2003411702162295,0.14218426068303788,0.503857249678161,0.1536173194225716,0.02726943547688565,3.8909222580924583,0.05453887095377086,0.0,1.0,1.0,0.0,8.027269435476885,0.0,0.02726943547688543,0.02726943547688565,2.054538870953771,0.02726943547688543,0.9727305645231146,0.02726943547688543,0.0,0.0,1.0,1.0,0.0,0.0,0.0,0.0,0.02726943547688554,0.0,0.0,0.02726943547688543,1.9727305645231143,0.0,0.0,0.0,0.0,0.0,0.0,0.0,0.0,0.0,0.0,0.0,0.0,0.0,0.0,0.0,0.0,0.0,0.0,0.0,0.0,0.0,0.0,0.0,0.0,0.0,0.0,0.0,0.0,0.0,0.0,2.0272694354768857
