id,label,payload_type,payload,retrieval_method,retrieval_source_id,retrieval_distance,length,num_unique_chars,entropy,alpha_count,digit_count,space_count,punct_count,alpha_ratio,digit_ratio,space_ratio,punct_ratio,single_quote_count,double_quote_count,dash_count,slash_count,star_count,equals_count,semicolon_count,paren_count,percent_count,underscore_count,comma_count,operator_count,has_single_quote,has_double_quote,has_comment_dashdash,has_comment_hash,has_comment_block,has_equal,has_parentheses,has_semicolon,has_percent_encoding,has_hex_literal,has_concat_operator,kw_select,kw_union,kw_where,kw_from,kw_and,kw_or,kw_insert,kw_update,kw_delete,kw_drop,kw_create,kw_alter,kw_sleep,kw_benchmark,kw_waitfor,kw_delay,kw_information_schema,kw_table,kw_column,kw_database,kw_cast,kw_convert,kw_concat,kw_substr,kw_substring,kw_ascii,kw_char,kw_load_file,kw_outfile,kw_exec,kw_order,kw_by,kw_exists,kw_case,kw_when,keyword_total
SMOTE_000001,attack,union,"-3862'   )    )    union all select 2495,2495,2495,2495,2495,2495,2495--",nearest_attack_euclidean,R000126,0.4244990324652221,74.96812445405189,21.703187554594813,3.770495012628039,14.0,34.374499563241514,14.0,12.593624890810379,0.18740620895041898,0.45731436077637677,0.18740620895041896,0.16787322132278532,1.0,0.0,3.0,0.0,0.0,0.0,0.0,2.0,0.0,0.0,6.5936248908103785,3.0,1.0,0.0,1.0,0.0,0.0,0.0,1.0,0.0,0.0,0.0,0.0,1.0,1.0,0.0,0.0,0.0,0.0,0.0,0.0,0.0,0.0,0.0,0.0,0.0,0.0,0.0,0.0,0.0,0.0,0.0,0.0,0.0,0.0,0.0,0.0,0.0,0.0,0.0,0.0,0.0,0.0,0.0,0.0,0.0,0.0,0.0,2.0
SMOTE_000002,attack,union,"1'+  (  select 'pgje' where 4658  =  4658 union all select null,null,null,null,null,null,null,null,null,null#",nearest_attack_euclidean,R000168,1.179127728483011,106.19982165723457,27.066607219078193,3.8684608533841947,66.51095258420851,9.0,15.0,15.688869073026064,0.625862948378857,0.08488088120044854,0.14146813533408087,0.14778803508661356,3.0,0.0,0.6222618539478724,0.0,0.0,1.0,0.0,1.0,0.0,0.0,8.377738146052128,2.6222618539478724,1.0,0.0,0.3111309269739362,0.6888690730260636,0.0,1.0,1.0,0.0,0.0,0.0,0.0,2.0,1.0,1.0,0.0,0.0,0.0,0.0,0.0,0.0,0.0,0.0,0.0,0.0,0.0,0.0,0.0,0.0,0.0,0.0,0.0,0.0,0.0,0.0,0.0,0.0,0.0,0.0,0.0,0.0,0.0,0.0,0.0,0.0,0.0,0.0,4.0
SMOTE_000003,attack,union,"1' where 7688  =  7688 union all select null,null,null,null,null,null,null,null,null--",nearest_attack_euclidean,R000155,0.42393021011694193,86.48903105648203,22.0,3.5998844619054275,55.0,9.0,10.489031056482034,12.0,0.6360598568337841,0.1040825220273465,0.12108092510240757,0.13877669603646195,0.8777422358794913,0.0,2.0,0.0,0.0,1.0,0.0,0.1222577641205087,0.0,0.0,8.0,3.0,0.8777422358794913,0.0,1.0,0.0,0.0,1.0,0.1222577641205087,0.0,0.0,0.0,0.0,1.0,1.0,1.0,0.0,0.0,0.0,0.0,0.0,0.0,0.0,0.0,0.0,0.0,0.0,0.0,0.0,0.0,0.0,0.0,0.0,0.0,0.0,0.0,0.0,0.0,0.0,0.0,0.0,0.0,0.0,0.0,0.0,0.0,0.0,0.0,3.0
SMOTE_000004,attack,union,"-9240' union all select 6538,6538,6538#",nearest_attack_euclidean,R000234,0.20247411020480952,39.0,22.37120856172122,4.2645064120492115,14.0,16.0,4.0,5.0,0.358974358974359,0.41025641025641024,0.10256410256410255,0.1282051282051282,1.0,0.0,1.0,0.0,0.0,0.0,0.0,0.0,0.0,0.0,2.0,1.0,1.0,0.0,0.0,1.0,0.0,0.0,0.0,0.0,0.0,0.0,0.0,1.0,1.0,0.0,0.0,0.0,0.0,0.0,0.0,0.0,0.0,0.0,0.0,0.0,0.0,0.0,0.0,0.0,0.0,0.0,0.0,0.0,0.0,0.0,0.0,0.0,0.0,0.0,0.0,0.0,0.0,0.0,0.0,0.0,0.0,0.0,2.0
SMOTE_000005,attack,union,"-3790""  )   as ojgb where 5925  =  5925 union all select 5925,5925#",nearest_attack_euclidean,R000129,0.1052721818311158,67.42410295564703,28.939413863478997,4.1412420865789406,25.0,20.0,16.363516819126023,6.060586136521003,0.37099585036482946,0.2967966802918635,0.2423497336811398,0.08985773566216723,0.0,1.0,1.0,0.0,0.0,1.0,0.0,1.0605861365210039,0.0,0.0,1.0,2.0,0.0,1.0,0.0,1.0,0.0,1.0,1.0,0.0,0.0,0.0,0.0,1.0,1.0,1.0,0.0,0.0,0.0,0.0,0.0,0.0,0.0,0.0,0.0,0.0,0.0,0.0,0.0,0.0,0.0,0.0,0.0,0.0,0.0,0.0,0.0,0.0,0.0,0.0,0.0,0.0,0.0,0.0,0.0,0.0,0.0,0.0,3.0
SMOTE_000006,attack,union,"-8735'   )    )    union all select 3262,3262,3262--",nearest_attack_euclidean,R000208,0.4506419846173335,55.23269196257079,21.0,3.8196745967023085,14.0,18.58615357005663,14.0,8.646538392514158,0.2551930249764296,0.3333613257573859,0.2551930249764296,0.15625262428975492,1.0,0.0,3.0,0.0,0.0,0.0,0.0,2.0,0.0,0.0,2.6465383925141577,3.0,1.0,0.0,1.0,0.0,0.0,0.0,1.0,0.0,0.0,0.0,0.0,1.0,1.0,0.0,0.0,0.0,0.0,0.0,0.0,0.0,0.0,0.0,0.0,0.0,0.0,0.0,0.0,0.0,0.0,0.0,0.0,0.0,0.0,0.0,0.0,0.0,0.0,0.0,0.0,0.0,0.0,0.0,0.0,0.0,0.0,0.0,2.0
SMOTE_000007,attack,union,"-3819'   )    )     )   union all select 9014,9014,9014,9014,9014,9014--",nearest_attack_euclidean,R000099,0.33050891317113884,69.89843751526998,21.0,3.7642527041856253,14.0,27.159375006107986,17.15937500610799,11.579687503053995,0.20103536621555118,0.3885122647876828,0.24491557463371766,0.16553679436304836,1.0,0.0,3.0,0.0,0.0,0.0,0.0,2.7898437515269974,0.0,0.0,4.789843751526997,3.0,1.0,0.0,1.0,0.0,0.0,0.0,1.0,0.0,0.0,0.0,0.0,1.0,1.0,0.0,0.0,0.0,0.0,0.0,0.0,0.0,0.0,0.0,0.0,0.0,0.0,0.0,0.0,0.0,0.0,0.0,0.0,0.0,0.0,0.0,0.0,0.0,0.0,0.0,0.0,0.0,0.0,0.0,0.0,0.0,0.0,0.0,2.0
SMOTE_000008,attack,union,"-9997' union all select 9347,9347,9347,9347,9347,9347,9347,9347#",nearest_attack_euclidean,R000134,0.4473947362143857,63.51546043309407,21.0,3.6292051124835933,14.0,35.61236834647525,4.0,9.903092086618814,0.22560885949029372,0.5550532382676812,0.06445967414008391,0.15487822810194124,1.0,0.0,1.0,0.0,0.0,0.0,0.0,0.0,0.0,0.0,6.903092086618814,1.0,1.0,0.0,0.0,1.0,0.0,0.0,0.0,0.0,0.0,0.0,0.0,1.0,1.0,0.0,0.0,0.0,0.0,0.0,0.0,0.0,0.0,0.0,0.0,0.0,0.0,0.0,0.0,0.0,0.0,0.0,0.0,0.0,0.0,0.0,0.0,0.0,0.0,0.0,0.0,0.0,0.0,0.0,0.0,0.0,0.0,0.0,2.0
SMOTE_000009,attack,union," select * from users where id  =  1 union select 1`\`,version  (    )   -- 1",nearest_attack_euclidean,R000032,0.36298628095593727,76.89926886135925,26.449634430679623,3.906374866989068,40.0,3.0,23.449634430679623,10.449634430679623,0.5202478484388714,0.03901858863291535,0.3049070568354232,0.13582650609278996,0.0,0.0,2.0,0.0,1.0000000000000002,1.0,0.0,2.0,0.0,0.0,1.0,4.449634430679624,0.0,0.0,1.0,0.0,0.0,1.0,1.0,0.0,0.0,0.0,0.0,2.0,1.0,1.0,1.0,0.0,0.0,0.0,0.0,0.0,0.0,0.0,0.0,0.0,0.0,0.0,0.0,0.0,0.0,0.0,0.0,0.0,0.0,0.0,0.0,0.0,0.0,0.0,0.0,0.0,0.0,0.0,0.0,0.0,0.0,0.0,5.0
SMOTE_000010,attack,union,"1   )    )    union all select null,null,null--",nearest_attack_euclidean,R000138,0.9300142683726361,50.45847471246719,15.314406792042472,3.2373275327424076,28.515254336339773,1.0,14.0,6.943220376127416,0.5635717576242929,0.020007896290364202,0.28011054806509883,0.1363097980202441,0.31440679204247174,0.0,2.0,0.0,0.0,0.0,0.0,2.0,0.0,0.0,2.6288135840849436,2.0,0.31440679204247185,0.0,1.0,0.0,0.0,0.0,1.0,0.0,0.0,0.0,0.0,1.0,1.0,0.0,0.0,0.0,0.0,0.0,0.0,0.0,0.0,0.0,0.0,0.0,0.0,0.0,0.0,0.0,0.0,0.0,0.0,0.0,0.0,0.0,0.0,0.0,0.0,0.0,0.0,0.0,0.0,0.0,0.0,0.0,0.0,0.0,2.0
SMOTE_000011,attack,union," select * from users where id  =  '1' or $+<$ union select 1,@@VERSION -- 1'",nearest_attack_euclidean,R000015,0.06552159612518685,76.0,33.0,4.439993102099514,42.0,3.0,17.0,14.0,0.5526315789473685,0.03947368421052633,0.2236842105263158,0.18421052631578946,3.0,0.0,2.0,0.0,1.0000000000000002,1.0,0.0,0.0,0.0,0.0,1.0,5.889463273167839,1.0,0.0,1.0,0.0,0.0,1.0,0.0,0.0,0.0,0.0,0.0,2.0,1.0,1.0,1.0,0.0,1.0,0.0,0.0,0.0,0.0,0.0,0.0,0.0,0.0,0.0,0.0,0.0,0.0,0.0,0.0,0.0,0.0,0.0,0.0,0.0,0.0,0.0,0.0,0.0,0.0,0.0,0.0,0.0,0.0,0.0,6.0
SMOTE_000012,attack,union,"1"" where 8672  =  8672 union all select null,null#",nearest_attack_euclidean,R000287,0.18303283043176116,51.24936945182583,22.91670870321161,3.993698636138352,27.99949556146066,9.0,10.0,4.249873890365166,0.5449974778073033,0.17654020767186693,0.1961557863020744,0.08230652821875538,0.0,1.0,0.0,0.0,0.0,1.0,0.0,0.0,0.0,0.0,1.2498738903651652,1.0,0.0,1.0,0.0,1.0,0.0,1.0,0.0,0.0,0.0,0.0,0.0,1.0,1.0,1.0,0.0,0.0,0.0,0.0,0.0,0.0,0.0,0.0,0.0,0.0,0.0,0.0,0.0,0.0,0.0,0.0,0.0,0.0,0.0,0.0,0.0,0.0,0.0,0.0,0.0,0.0,0.0,0.0,0.0,0.0,0.0,0.0,3.0
SMOTE_000013,attack,union,"1%""   )    )     )   union all select null,null,null,null,null,null,null,null,null--",nearest_attack_euclidean,R000175,0.09738736664015253,84.81359501803372,17.0,3.157577389765491,50.65087601442697,1.0,18.0,15.162719003606743,0.5971099296830096,0.011795934320755264,0.21232681777359458,0.17876731822264055,0.0,1.0,2.0,0.0,0.0,0.0,0.0,3.0,1.0,0.0,8.162719003606743,2.0,0.0,1.0,1.0,0.0,0.0,0.0,1.0,0.0,0.0,0.0,0.0,1.0,1.0,0.0,0.0,0.0,0.0,0.0,0.0,0.0,0.0,0.0,0.0,0.0,0.0,0.0,0.0,0.0,0.0,0.0,0.0,0.0,0.0,0.0,0.0,0.0,0.0,0.0,0.0,0.0,0.0,0.0,0.0,0.0,0.0,0.0,2.0
SMOTE_000014,attack,union,"-7235""  )   union all select 4624,4624,4624,4624,4624,4624,4624,4624,4624,4624#",nearest_attack_euclidean,R000089,0.06079147884397928,78.62033947517159,21.84813579006864,3.5402792949380784,14.0,43.69627158013728,8.0,12.92406789503432,0.17812440084632186,0.5557151074107585,0.10178537191218394,0.1643751198307356,0.0,1.0,1.0,0.0,0.0,0.0,0.0,1.0,0.0,0.0,8.92406789503432,1.0,0.0,1.0,0.0,1.0,0.0,0.0,1.0,0.0,0.0,0.0,0.0,1.0,1.0,0.0,0.0,0.0,0.0,0.0,0.0,0.0,0.0,0.0,0.0,0.0,0.0,0.0,0.0,0.0,0.0,0.0,0.0,0.0,0.0,0.0,0.0,0.0,0.0,0.0,0.0,0.0,0.0,0.0,0.0,0.0,0.0,0.0,2.0
SMOTE_000015,attack,union,"1'  )   union all select null,null,null,null,null,null,null--",nearest_attack_euclidean,R000132,0.28849325106662926,60.621530320126794,16.0,3.2228424541218064,40.990747520338125,1.0,8.756939359746408,9.873843440042265,0.6756165419150084,0.016500415398494395,0.1450540018042726,0.16282904088222447,1.0,0.0,2.0,0.0,0.0,0.0,0.0,1.1261565599577346,0.0,0.0,5.747686880084531,2.0,1.0,0.0,1.0,0.0,0.0,0.0,1.0,0.0,0.0,0.0,0.0,1.0,1.0,0.0,0.0,0.0,0.0,0.0,0.0,0.0,0.0,0.0,0.0,0.0,0.0,0.0,0.0,0.0,0.0,0.0,0.0,0.0,0.0,0.0,0.0,0.0,0.0,0.0,0.0,0.0,0.0,0.0,0.0,0.0,0.0,0.0,2.0
SMOTE_000016,attack,union,"1' union all select null,null,null,null,null,null,null,null--",nearest_attack_euclidean,R000179,0.045934803498402385,60.86769476410296,15.014700581766338,3.0794550007296366,45.88239534586929,1.0,4.0,9.985299418233662,0.7537554088743035,0.016435152974746847,0.06574061189898744,0.1640688262519621,1.0,0.0,2.0,0.0,0.0,0.0,0.0,0.0,0.014700581766338428,0.0,6.970598836467323,2.0,1.0,0.0,1.0,0.0,0.0,0.0,0.0,0.0,0.0,0.0,0.0,1.0,1.0,0.0,0.0,0.0,0.0,0.0,0.0,0.0,0.0,0.0,0.0,0.0,0.0,0.0,0.0,0.0,0.0,0.0,0.0,0.0,0.0,0.0,0.0,0.0,0.0,0.0,0.0,0.0,0.0,0.0,0.0,0.0,0.0,0.0,2.0
SMOTE_000017,attack,union,"-7240'   )    )    union all select 8064,8064,8064#",nearest_attack_euclidean,R000127,0.6883581473566567,48.59064336621766,21.655806195173952,3.9345803787820737,14.0,16.0,11.934837171043712,6.655806195173952,0.2895414406742214,0.33090450362768153,0.24260592183430574,0.1369481338637914,1.0,0.0,1.0,0.0,0.0,0.0,0.0,1.6558061951739522,0.0,0.0,2.0,1.0,1.0,0.0,0.0,1.0,0.0,0.0,1.0,0.0,0.0,0.0,0.0,1.0,1.0,0.0,0.0,0.0,0.0,0.0,0.0,0.0,0.0,0.0,0.0,0.0,0.0,0.0,0.0,0.0,0.0,0.0,0.0,0.0,0.0,0.0,0.0,0.0,0.0,0.0,0.0,0.0,0.0,0.0,0.0,0.0,0.0,0.0,2.0
SMOTE_000018,attack,union," select * from users where id  =  '1' + @ 1! union select 1,version  (    )   -- 1'",nearest_attack_euclidean,R000037,0.6188078292051558,81.62646415294724,27.08430943529816,3.9070231298345757,40.0,3.5421547176490797,25.542154717649083,12.54215471764908,0.4902020231750166,0.04329713628811516,0.3129082490343743,0.1535925915024939,3.0,0.0,2.0,0.0,1.0000000000000002,1.0,0.0,2.0,0.0,0.0,1.0,5.08430943529816,1.0,0.0,1.0,0.0,0.0,1.0,1.0,0.0,0.0,0.0,0.0,2.0,1.0,1.0,1.0,0.0,0.0,0.0,0.0,0.0,0.0,0.0,0.0,0.0,0.0,0.0,0.0,0.0,0.0,0.0,0.0,0.0,0.0,0.0,0.0,0.0,0.0,0.0,0.0,0.0,0.0,0.0,0.0,0.0,0.0,0.0,5.0
SMOTE_000019,attack,union,"-4826 union all select 4532,4532,4532,4532,4532--",nearest_attack_euclidean,R000232,0.35291596445585505,51.2225595256713,18.55548809486574,3.8403062462556457,14.0,25.77804762053704,4.0,7.44451190513426,0.27395471150438466,0.5025634560809538,0.07827277471553847,0.14520905769912307,0.0,0.0,3.0,0.0,0.0,0.0,0.0,0.0,0.0,0.0,4.44451190513426,3.0,0.0,0.0,1.0,0.0,0.0,0.0,0.0,0.0,0.0,0.0,0.0,1.0,1.0,0.0,0.0,0.0,0.0,0.0,0.0,0.0,0.0,0.0,0.0,0.0,0.0,0.0,0.0,0.0,0.0,0.0,0.0,0.0,0.0,0.0,0.0,0.0,0.0,0.0,0.0,0.0,0.0,0.0,0.0,0.0,0.0,0.0,2.0
SMOTE_000020,attack,union,"-5207"" where 2050  =  2050 union all select 2050,2050,2050,2050,2050,2050,2050--",nearest_attack_euclidean,R000055,1.0823717081008022,84.32564430513645,22.308974593224033,3.666822583320203,19.0,43.707695118688385,10.0,11.617949186448064,0.22657084550563927,0.5164348187885124,0.11924781342402067,0.13774652228182768,0.0,0.6910254067759678,3.0,0.0,0.0,1.0,0.0,0.0,0.0,0.0,6.926923779672096,4.0,0.0,0.6910254067759678,1.0,0.0,0.0,1.0,0.0,0.0,0.0,0.0,0.0,1.0,1.0,1.0,0.0,0.0,0.0,0.0,0.0,0.0,0.0,0.0,0.0,0.0,0.0,0.0,0.0,0.0,0.0,0.0,0.0,0.0,0.0,0.0,0.0,0.0,0.0,0.0,0.0,0.0,0.0,0.0,0.0,0.0,0.0,0.0,3.0
SMOTE_000021,attack,union," select * from users where id  =  1 union select 1a,banner from v$version where rownum  =  1 -- 1",nearest_attack_euclidean,R000028,0.7090983487646358,97.33930229966134,25.339302299661348,4.0381370988257155,63.0,4.0,23.0,7.33930229966135,0.6472358463203592,0.04109433944891169,0.23629245183124226,0.0753773623994868,0.0,0.0,2.0,0.0,1.0000000000000002,2.0,0.0,0.0,0.0,0.0,1.0,5.0,0.0,0.0,1.0,0.3393022996613503,0.0,1.0,0.0,0.0,0.0,0.0,0.0,2.0,1.0,2.0,1.9999999999999998,0.0,0.0,0.0,0.0,0.0,0.0,0.0,0.0,0.0,0.0,0.0,0.0,0.0,0.0,0.0,0.0,0.0,0.0,0.0,0.0,0.0,0.0,0.0,0.0,0.0,0.0,0.0,0.0,0.0,0.0,0.0,7.0
SMOTE_000022,attack,union,"-7007  )   union all select 6704,6704--",nearest_attack_euclidean,R000240,0.8803894640791018,44.868680150757285,18.782490686767638,3.862470701747151,14.0,16.694944120605825,8.0,6.173736030151456,0.31996129054577305,0.3611959443943684,0.18283502316901315,0.13600774189084539,0.0,0.0,3.0,0.0,0.0,0.0,0.0,1.0,0.0,0.0,2.1737360301514568,3.0,0.0,0.0,1.0,0.0,0.0,0.0,1.0,0.0,0.0,0.0,0.0,1.0,1.0,0.0,0.0,0.0,0.0,0.0,0.0,0.0,0.0,0.0,0.0,0.0,0.0,0.0,0.0,0.0,0.0,0.0,0.0,0.0,0.0,0.0,0.0,0.0,0.0,0.0,0.0,0.0,0.0,0.0,0.0,0.0,0.0,0.0,2.0
SMOTE_000023,attack,union,"-2085""  )   as hkev where 7730  =  7730 union all select 7730,7730--",nearest_attack_euclidean,R000103,1.207388132745487,60.87856677597402,25.417459283549782,4.097370893033584,22.626188925324673,18.417459283549782,13.626188925324673,6.208729641774891,0.37253431691844924,0.30435761640056025,0.22133052309014511,0.10177754359084543,0.0,1.0,3.0,0.0,0.0,1.0,0.0,0.6043648208874454,0.0,0.0,0.6043648208874459,4.0,0.0,1.0,1.0,0.0,0.0,1.0,0.6043648208874453,0.0,0.0,0.0,0.0,1.0,1.0,1.0,0.0,0.0,0.0,0.0,0.0,0.0,0.0,0.0,0.0,0.0,0.0,0.0,0.0,0.0,0.0,0.0,0.0,0.0,0.0,0.0,0.0,0.0,0.0,0.0,0.0,0.0,0.0,0.0,0.0,0.0,0.0,0.0,3.0
SMOTE_000024,attack,union,"1"" where 2878  =  2878 union all select null,null,null,null,null#",nearest_attack_euclidean,R000308,0.9014337935650374,67.1618363444259,22.43236726888518,3.802953707453139,38.56763273111482,9.0,12.594203613311073,7.0,0.5769404123261238,0.13447045597952142,0.18400099926583813,0.10458813242851667,0.0,1.0,0.0,0.0,0.0,1.0,0.0,0.43236726888517896,0.0,0.0,3.5676327311148213,1.0,0.0,1.0,0.0,1.0,0.0,1.0,0.21618363444258942,0.0,0.0,0.0,0.0,1.0,1.0,1.0,0.0,0.0,0.0,0.0,0.0,0.0,0.0,0.0,0.0,0.0,0.0,0.0,0.0,0.0,0.0,0.0,0.0,0.0,0.0,0.0,0.0,0.0,0.0,0.0,0.0,0.0,0.0,0.0,0.0,0.0,0.0,0.0,3.0
SMOTE_000025,attack,union,"1%""  )   union all select null,null,null,null,null,null#",nearest_attack_euclidean,R000264,0.21997836395073725,56.824018655089674,17.0,3.3029128395482714,38.0,1.0,8.686682212574725,9.137336442514945,0.6703485533368153,0.017640751403600413,0.15122427906078445,0.16078641619879988,0.0,1.0,0.0,0.0,0.0,0.0,0.0,1.137336442514945,1.0,0.0,5.0,0.0,0.0,1.0,0.0,1.0,0.0,0.0,1.0,0.0,0.0,0.0,0.0,1.0,1.0,0.0,0.0,0.0,0.0,0.0,0.0,0.0,0.0,0.0,0.0,0.0,0.0,0.0,0.0,0.0,0.0,0.0,0.0,0.0,0.0,0.0,0.0,0.0,0.0,0.0,0.0,0.0,0.0,0.0,0.0,0.0,0.0,0.0,2.0
SMOTE_000026,attack,union," select * from users where id  =  '1' union select @ @1,version  (    )   --  1'",nearest_attack_euclidean,R000018,1.146431426068579,79.52233237927655,29.82134096578764,4.062234316556098,40.0,2.522332379276545,24.04466475855309,12.95533524144691,0.503023212789389,0.03168031538042626,0.30229665683581225,0.1629998149943725,3.0,0.0,2.0,0.0,1.0000000000000002,1.0,0.0,2.0,0.0,0.0,1.0,4.0,1.0,0.0,1.0,0.0,0.0,1.0,1.0,0.0,0.0,0.0,0.0,2.0,1.0,1.0,1.0,0.0,0.0,0.0,0.0,0.0,0.0,0.0,0.0,0.0,0.0,0.0,0.0,0.0,0.0,0.0,0.0,0.0,0.0,0.0,0.0,0.0,0.0,0.0,0.0,0.0,0.0,0.0,0.0,0.0,0.0,0.0,5.0
SMOTE_000027,attack,union,"-7007  )   union all select 6704,6704--",nearest_attack_euclidean,R000240,1.1472187155343248,35.743036469711015,16.552460653204893,3.64816652511405,15.447539346795107,8.019266796313454,8.0,4.2762303266024455,0.4461978837171411,0.20840595505956636,0.22739804123274523,0.11799811999054732,0.0,0.0,2.638115163301223,0.0,0.0,0.0,0.0,1.0,0.0,0.0,0.6381151633012228,2.638115163301223,0.0,0.0,1.0,0.0,0.0,0.0,1.0,0.0,0.0,0.0,0.0,1.0,1.0,0.0,0.0,0.0,0.0,0.0,0.0,0.0,0.0,0.0,0.0,0.0,0.0,0.0,0.0,0.0,0.0,0.0,0.0,0.0,0.0,0.0,0.0,0.0,0.0,0.0,0.0,0.0,0.0,0.0,0.0,0.0,0.0,0.0,2.0
SMOTE_000028,attack,union,-5970' where 2769  =  2769 union all select 2769--,nearest_attack_euclidean,R000237,1.3289146354340455,54.73482749828908,23.473482749828907,4.029651933860045,19.0,17.893930999315632,11.89393099931563,5.946965499657816,0.3500127591775025,0.3263131033310521,0.21578275832763028,0.10789137916381514,1.0,0.0,3.0,0.0,0.0,1.0,0.0,0.4734827498289077,0.0,0.0,0.4734827498289076,4.0,1.0,0.0,1.0,0.0,0.0,1.0,0.4734827498289078,0.0,0.0,0.0,0.0,1.0,1.0,1.0,0.0,0.0,0.0,0.0,0.0,0.0,0.0,0.0,0.0,0.0,0.0,0.0,0.0,0.0,0.0,0.0,0.0,0.0,0.0,0.0,0.0,0.0,0.0,0.0,0.0,0.0,0.0,0.0,0.0,0.0,0.0,0.0,3.0
SMOTE_000029,attack,union,"-3620'||  (  select 'kmei' where 8533  =  8533 union all select 8533,8533,8533,8533--",nearest_attack_euclidean,R000190,2.2609041927636415,97.65226008691906,27.513374612041574,4.030848495779356,48.46501551833701,18.75411762878992,15.0,15.433126939792126,0.4776482010109161,0.2085677494449825,0.15635570733399196,0.15742834221010948,3.0,0.0,2.5133746120415745,0.0,0.0,1.0,0.0,1.0,0.0,0.0,5.919752327750551,5.5133746120415745,1.0,0.0,1.0,0.0,0.0,1.0,1.0,0.0,0.0,0.0,1.0,2.0,1.0,1.0,0.0,0.0,0.0,0.0,0.0,0.0,0.0,0.0,0.0,0.0,0.0,0.0,0.0,0.0,0.0,0.0,0.0,0.0,0.0,0.0,0.0,0.0,0.0,0.0,0.0,0.0,0.0,0.0,0.0,0.0,0.0,0.0,4.0
SMOTE_000030,attack,union,"-9098'||  (  select 'xodn' from dual where 8202  =  8202 union all select 8202,8202,8202,8202,8202,8202,8202--",nearest_attack_euclidean,R000281,0.3186523992653475,108.78498768816245,28.972009849470048,4.205456583854899,37.0,39.02799015052996,17.0,15.75699753763249,0.3402558835963627,0.35858696182093486,0.15633378435508558,0.14482337022761685,3.0,0.0,3.0,0.0,0.0,1.0,0.0,1.0,0.0,0.0,5.756997537632488,6.0,1.0,0.0,1.0,0.0,0.0,1.0,1.0,0.0,0.0,0.0,1.0,2.0,1.0,1.0,1.0,0.0,0.0,0.0,0.0,0.0,0.0,0.0,0.0,0.0,0.0,0.0,0.0,0.0,0.0,0.0,0.0,0.0,0.0,0.0,0.0,0.0,0.0,0.0,0.0,0.0,0.0,0.0,0.0,0.0,0.0,0.0,5.0
SMOTE_000031,attack,union,"-8098%'  )   union all select 5697,5697,5697,5697,5697,5697,5697,5697,5697,5697#",nearest_attack_euclidean,R000072,0.5147258941581857,79.43458364151783,22.858645910379458,3.786441006638893,14.0,42.86916728303568,8.84812453772324,13.71729182075892,0.1763019455622944,0.5392124510552746,0.11190350228383497,0.172582101098596,1.0,0.0,1.0,0.0,0.0,0.0,0.0,1.14135408962054,0.8586459103794599,0.0,8.71729182075892,1.0,1.0,0.0,0.0,1.0,0.0,0.0,1.0,0.0,0.0,0.0,0.0,1.0,1.0,0.0,0.0,0.0,0.0,0.0,0.0,0.0,0.0,0.0,0.0,0.0,0.0,0.0,0.0,0.0,0.0,0.0,0.0,0.0,0.0,0.0,0.0,0.0,0.0,0.0,0.0,0.0,0.0,0.0,0.0,0.0,0.0,0.0,2.0
SMOTE_000032,attack,union,"-7824""   )    )     )   union all select 3800,3800,3800,3800,3800,3800,3800,3800,3800--",nearest_attack_euclidean,R000124,0.4989329582531239,83.7423058852932,20.67423058852932,3.5256071582316335,14.0,38.696922354117284,16.696922354117284,14.348461177058642,0.16772767840064118,0.46229885197738096,0.19872678591923063,0.17124668370274723,0.0,1.0,3.0,0.0,0.0,0.0,0.0,2.674230588529321,0.0,0.0,7.674230588529321,3.0,0.0,1.0,1.0,0.0,0.0,0.0,1.0,0.0,0.0,0.0,0.0,1.0,1.0,0.0,0.0,0.0,0.0,0.0,0.0,0.0,0.0,0.0,0.0,0.0,0.0,0.0,0.0,0.0,0.0,0.0,0.0,0.0,0.0,0.0,0.0,0.0,0.0,0.0,0.0,0.0,0.0,0.0,0.0,0.0,0.0,0.0,2.0
SMOTE_000033,attack,union,"1'||  (  select 'xhqy' where 4531  =  4531 union all select null,null--",nearest_attack_euclidean,R000102,0.0931376943976502,71.67775379693425,27.099669676019744,4.204969324961046,37.0,9.538216250506618,15.039867870407898,10.099669676019744,0.5177629925571338,0.13106821859336842,0.21028360990542547,0.14088517894407235,3.0,0.0,2.019933935203949,0.0,0.0,1.0,0.0,1.0,0.0,0.0,1.0797357408157953,5.019933935203949,1.0,0.0,1.0,0.0,0.0,1.0,1.0,0.0,0.0,0.0,1.0,2.0,1.0,1.0,0.01993393520394887,0.0,0.0,0.0,0.0,0.0,0.0,0.0,0.0,0.0,0.0,0.0,0.0,0.0,0.0,0.0,0.0,0.0,0.0,0.0,0.0,0.0,0.0,0.0,0.0,0.0,0.0,0.0,0.0,0.0,0.0,0.0,4.019933935203949
SMOTE_000034,attack,union,"-5934' union all select 6096,6096,6096,6096,6096#",nearest_attack_euclidean,R000174,1.285442061893982,44.43000687383653,20.584546079439683,3.9331391291483455,14.0,20.676368635517473,4.0,5.753638238319054,0.3200751362869434,0.4612362503589042,0.09145003893912668,0.12723857441502573,0.5845460794396843,0.0,1.0,0.0,0.0,0.0,0.0,0.0,0.0,0.0,3.169092158879369,1.0,0.5845460794396844,0.0,0.0,1.0,0.0,0.0,0.0,0.0,0.0,0.0,0.0,1.0,1.0,0.0,0.0,0.0,0.0,0.0,0.0,0.0,0.0,0.0,0.0,0.0,0.0,0.0,0.0,0.0,0.0,0.0,0.0,0.0,0.0,0.0,0.0,0.0,0.0,0.0,0.0,0.0,0.0,0.0,0.0,0.0,0.0,0.0,2.0
SMOTE_000035,attack,union,"-8950""   )    )    as uahs where 2113  =  2113 union all select 2113,2113,2113,2113,2113,2113,2113,2113,2113,2113#",nearest_attack_euclidean,R000054,0.5518722984209067,114.15237054287951,26.847629457120483,3.7322102807069606,25.0,52.0,22.0,15.152370542879515,0.21900768393806344,0.455535982591172,0.19272676186549584,0.13272957160526863,0.0,1.0,1.3047410857590294,0.0,0.0,1.0,0.0,2.0,0.0,0.0,9.0,2.3047410857590296,0.0,1.0,0.15237054287951468,0.8476294571204852,0.0,1.0,1.0,0.0,0.0,0.0,0.0,1.0,1.0,1.0,0.0,0.0,0.0,0.0,0.0,0.0,0.0,0.0,0.0,0.0,0.0,0.0,0.0,0.0,0.0,0.0,0.0,0.0,0.0,0.0,0.0,0.0,0.0,0.0,0.0,0.0,0.0,0.0,0.0,0.0,0.0,0.0,3.0
SMOTE_000036,attack,union,"1' union all select null,null#",nearest_attack_euclidean,R000078,0.30146611883037583,29.45228821276909,14.817429404256362,3.4851074888227442,21.634858808512725,1.0,4.0,2.8174294042563615,0.7348547549645302,0.03409404414893183,0.1363761765957273,0.09467502429081058,0.9087147021281814,0.0,0.0,0.0,0.0,0.0,0.0,0.0,0.0,0.0,0.9087147021281816,0.0,0.9087147021281814,0.0,0.0,1.0,0.0,0.0,0.0,0.0,0.0,0.0,0.0,1.0,1.0,0.0,0.0,0.0,0.0,0.0,0.0,0.0,0.0,0.0,0.0,0.0,0.0,0.0,0.0,0.0,0.0,0.0,0.0,0.0,0.0,0.0,0.0,0.0,0.0,0.0,0.0,0.0,0.0,0.0,0.0,0.0,0.0,0.0,2.0
SMOTE_000037,attack,union,"1 where 4477  =  4477 union all select null,null,null,null,null,null,null,null,null,null--",nearest_attack_euclidean,R000139,1.339399748953105,90.41633806356744,21.24901419070232,3.5171420098679054,59.0,9.0,10.0,12.416338063567439,0.6525562947801613,0.09954248564443138,0.11060276182714598,0.13729845774826133,0.0,0.4163380635674389,2.0,0.0,0.0,1.0,0.0,0.0,0.0,0.0,9.0,3.0,0.0,0.4163380635674389,1.0,0.0,0.0,1.0,0.0,0.0,0.0,0.0,0.0,1.0,1.0,1.0,0.0,0.0,0.0,0.0,0.0,0.0,0.0,0.0,0.0,0.0,0.0,0.0,0.0,0.0,0.0,0.0,0.0,0.0,0.0,0.0,0.0,0.0,0.0,0.0,0.0,0.0,0.0,0.0,0.0,0.0,0.0,0.0,3.0
SMOTE_000038,attack,union,"-4135'   )    )     )   union all select 4413,4413,4413#",nearest_attack_euclidean,R000291,0.35380075566686814,53.50591037908762,20.0,3.5611788234655553,14.0,14.66981886884673,17.334909434423366,7.501182075817523,0.26520786354214865,0.27065125896777653,0.3247598177282802,0.13938105976179457,1.0,0.0,1.0,0.0,0.0,0.0,0.0,2.833727358605841,0.0,0.0,1.6674547172116827,1.0,1.0,0.0,0.0,1.0,0.0,0.0,1.0,0.0,0.0,0.0,0.0,1.0,1.0,0.0,0.0,0.0,0.0,0.0,0.0,0.0,0.0,0.0,0.0,0.0,0.0,0.0,0.0,0.0,0.0,0.0,0.0,0.0,0.0,0.0,0.0,0.0,0.0,0.0,0.0,0.0,0.0,0.0,0.0,0.0,0.0,0.0,2.0
SMOTE_000039,attack,union,"-4596"" union all select 5761#",nearest_attack_euclidean,R000136,1.047239461070515,30.435787517057044,20.717893758528525,4.140857280858871,14.0,8.0,4.957191678038033,3.4785958390190164,0.46295465493714416,0.2645455171069395,0.15962109221169926,0.11287873574421707,0.0,1.0,1.0,0.0,0.0,0.0,0.0,0.23929791950950807,0.23929791950950807,0.0,0.0,1.0,0.0,1.0,0.0,1.0,0.0,0.0,0.23929791950950813,0.0,0.0,0.0,0.0,1.0,1.0,0.0,0.0,0.0,0.0,0.0,0.0,0.0,0.0,0.0,0.0,0.0,0.0,0.0,0.0,0.0,0.0,0.0,0.0,0.0,0.0,0.0,0.0,0.0,0.0,0.0,0.0,0.0,0.0,0.0,0.0,0.0,0.0,0.0,2.0
SMOTE_000040,attack,union,"1'  )   where 8628  =  8628 union all select null,null,null--",nearest_attack_euclidean,R000273,0.6322805393212891,60.6986891100592,23.3013108899408,3.9045564917598194,27.384269320710395,12.314419789348804,14.0,7.0,0.45048663009603795,0.20352224184692466,0.2306607520380249,0.11533037601901246,1.0,0.0,2.3013108899408,0.0,0.0,1.0,0.0,1.0,0.0,0.0,1.6986891100591999,3.3013108899408,1.0,0.0,1.0,0.0,0.0,1.0,1.0,0.0,0.0,0.0,0.0,1.0,1.0,1.0,0.0,0.0,0.0,0.0,0.0,0.0,0.0,0.0,0.0,0.0,0.0,0.0,0.0,0.0,0.0,0.0,0.0,0.0,0.0,0.0,0.0,0.0,0.0,0.0,0.0,0.0,0.0,0.0,0.0,0.0,0.0,0.0,3.0
SMOTE_000041,attack,union,"1%""   )    )     )   union all select null,null,null,null,null,null,null,null--",nearest_attack_euclidean,R000213,1.1346244557819973,69.23360848670454,17.0,3.2575805243771927,39.74950943149091,1.0,16.437377357872727,12.046721697340907,0.5718390189168713,0.014947583570861567,0.240119047939818,0.17309434957244918,0.0,1.0,2.0,0.0,0.0,0.0,0.0,2.6093443394681817,1.0,0.0,5.437377357872726,2.0,0.0,1.0,1.0,0.0,0.0,0.0,1.0,0.0,0.0,0.0,0.0,1.0,1.0,0.0,0.0,0.0,0.0,0.0,0.0,0.0,0.0,0.0,0.0,0.0,0.0,0.0,0.0,0.0,0.0,0.0,0.0,0.0,0.0,0.0,0.0,0.0,0.0,0.0,0.0,0.0,0.0,0.0,0.0,0.0,0.0,0.0,2.0
SMOTE_000042,attack,union,"1' where 7688  =  7688 union all select null,null,null,null,null,null,null,null,null--",nearest_attack_euclidean,R000155,0.5093898111671161,86.58761426190297,22.0,3.5990928047010935,55.0,9.0,10.587614261902967,12.0,0.6353593301802761,0.10396789039313609,0.12204892556907307,0.13862385385751477,0.853096434524258,0.0,2.0,0.0,0.0,1.0,0.0,0.14690356547574202,0.0,0.0,8.0,3.0,0.853096434524258,0.0,1.0,0.0,0.0,1.0,0.14690356547574202,0.0,0.0,0.0,0.0,1.0,1.0,1.0,0.0,0.0,0.0,0.0,0.0,0.0,0.0,0.0,0.0,0.0,0.0,0.0,0.0,0.0,0.0,0.0,0.0,0.0,0.0,0.0,0.0,0.0,0.0,0.0,0.0,0.0,0.0,0.0,0.0,0.0,0.0,0.0,3.0
SMOTE_000043,attack,union,"1%' union all select null,null,null,null,null,null,null,null--",nearest_attack_euclidean,R000087,0.8312493381225564,60.588057855586484,16.282388428882705,3.2018946194549684,43.74089256893837,1.0,5.129553715530813,10.717611571117297,0.7206804408367857,0.016528563142165692,0.08593098442008049,0.17686001160096804,1.0,0.0,2.0,0.0,0.0,0.0,0.0,0.282388428882703,1.0,0.0,6.4352231422345945,2.0,1.0,0.0,1.0,0.0,0.0,0.0,0.28238842888270305,0.0,0.0,0.0,0.0,1.0,1.0,0.0,0.0,0.0,0.0,0.0,0.0,0.0,0.0,0.0,0.0,0.0,0.0,0.0,0.0,0.0,0.0,0.0,0.0,0.0,0.0,0.0,0.0,0.0,0.0,0.0,0.0,0.0,0.0,0.0,0.0,0.0,0.0,0.0,2.0
SMOTE_000044,attack,union,"-5776%' union all select 3075,3075,3075,3075,3075--",nearest_attack_euclidean,R000113,0.6442068532141381,46.496200878039645,20.0,3.9901187034927648,14.0,20.396960702431713,4.0,8.099240175607928,0.31439164307871287,0.42273002830554457,0.0898261837367751,0.17305214487896747,1.0,0.0,3.0,0.0,0.0,0.0,0.0,0.0,1.0,0.0,3.099240175607928,3.0,1.0,0.0,1.0,0.0,0.0,0.0,0.0,0.0,0.0,0.0,0.0,1.0,1.0,0.0,0.0,0.0,0.0,0.0,0.0,0.0,0.0,0.0,0.0,0.0,0.0,0.0,0.0,0.0,0.0,0.0,0.0,0.0,0.0,0.0,0.0,0.0,0.0,0.0,0.0,0.0,0.0,0.0,0.0,0.0,0.0,0.0,2.0
SMOTE_000045,attack,union,"1'   )    )    union all select null,null,null,null,null,null,null,null--",nearest_attack_euclidean,R000216,1.1689542954130563,73.39877516782441,16.398775167824404,3.180932640154535,46.0,1.0,14.0,12.398775167824404,0.6267412703221172,0.013624810224393852,0.19074734314151395,0.16888657631197496,1.0,0.0,2.0,0.0,0.0,0.0,0.0,2.0,0.39877516782440475,0.0,7.0,2.0,1.0,0.0,1.0,0.0,0.0,0.0,1.0,0.0,0.0,0.0,0.0,1.0,1.0,0.0,0.0,0.0,0.0,0.0,0.0,0.0,0.0,0.0,0.0,0.0,0.0,0.0,0.0,0.0,0.0,0.0,0.0,0.0,0.0,0.0,0.0,0.0,0.0,0.0,0.0,0.0,0.0,0.0,0.0,0.0,0.0,0.0,2.0
SMOTE_000046,attack,union,"-6659'  )   where 1256  =  1256 union all select 1256,1256--",nearest_attack_euclidean,R000160,0.4670874480849986,60.22258874962962,23.777411250370378,3.9523454251557912,21.671064995555465,17.551523754074157,14.0,7.0,0.3592991020465478,0.2919780465169008,0.23248190095770088,0.11624095047885045,1.0,0.0,2.777411250370378,0.0,0.0,1.0,0.0,1.0,0.0,0.0,1.222588749629622,3.777411250370378,1.0,0.0,1.0,0.0,0.0,1.0,1.0,0.0,0.0,0.0,0.0,1.0,1.0,1.0,0.0,0.0,0.0,0.0,0.0,0.0,0.0,0.0,0.0,0.0,0.0,0.0,0.0,0.0,0.0,0.0,0.0,0.0,0.0,0.0,0.0,0.0,0.0,0.0,0.0,0.0,0.0,0.0,0.0,0.0,0.0,0.0,3.0
SMOTE_000047,attack,union,"1%'   )    )    union all select null,null,null,null,null,null,null,null#",nearest_attack_euclidean,R000205,0.823632262928666,72.10278955272278,17.0,3.165487840514399,47.794420894554435,1.0,11.308368658168353,12.0,0.6633734142151698,0.013871736532370671,0.15629401086401135,0.1664608383884481,1.0,0.0,0.0,0.0,0.0,0.0,0.0,1.5513947763613922,1.0,0.0,7.448605223638608,0.0,1.0,0.0,0.0,1.0,0.0,0.0,1.0,0.0,0.0,0.0,0.0,1.0,1.0,0.0,0.0,0.0,0.0,0.0,0.0,0.0,0.0,0.0,0.0,0.0,0.0,0.0,0.0,0.0,0.0,0.0,0.0,0.0,0.0,0.0,0.0,0.0,0.0,0.0,0.0,0.0,0.0,0.0,0.0,0.0,0.0,0.0,2.0
SMOTE_000048,attack,union,"-7122""  )   union all select 4002,4002,4002,4002,4002,4002,4002,4002#",nearest_attack_euclidean,R000092,0.36662438257382995,72.01296496644892,21.30129649664489,3.5739735695413164,14.0,38.41037197315913,8.0,11.602592993289782,0.1951602440780986,0.5323516652643219,0.11152013947319918,0.1609679511843803,0.0,1.0,1.0,0.0,0.0,0.0,0.0,1.0,0.0,0.0,7.602592993289782,1.0,0.0,1.0,0.0,1.0,0.0,0.0,1.0,0.0,0.0,0.0,0.0,1.0,1.0,0.0,0.0,0.0,0.0,0.0,0.0,0.0,0.0,0.0,0.0,0.0,0.0,0.0,0.0,0.0,0.0,0.0,0.0,0.0,0.0,0.0,0.0,0.0,0.0,0.0,0.0,0.0,0.0,0.0,0.0,0.0,0.0,0.0,2.0
SMOTE_000049,attack,union,"-6440   )    )     )   union all select 3316,3316,3316,3316,3316,3316,3316,3316,3316,3316--",nearest_attack_euclidean,R000218,0.19560683323370587,89.36911517204436,19.0,3.414126224953176,14.0,42.69529213763549,18.0,14.673823034408873,0.15676365801065412,0.4775147606637973,0.20155327458512667,0.16416830674042193,0.0,0.0,3.0,0.0,0.0,0.0,0.0,3.0,0.0,0.0,8.673823034408873,3.0,0.0,0.0,1.0,0.0,0.0,0.0,1.0,0.0,0.0,0.0,0.0,1.0,1.0,0.0,0.0,0.0,0.0,0.0,0.0,0.0,0.0,0.0,0.0,0.0,0.0,0.0,0.0,0.0,0.0,0.0,0.0,0.0,0.0,0.0,0.0,0.0,0.0,0.0,0.0,0.0,0.0,0.0,0.0,0.0,0.0,0.0,2.0
SMOTE_000050,attack,union," select * from users where id  =  1  <@. union select version  (    )  ,version  (    )   -- 1",nearest_attack_euclidean,R000035,0.8099057410420749,89.34837457072385,27.27362502525154,3.8071146435476555,45.08462482323923,2.2736250252515386,30.263749747484614,11.726374974748461,0.5053303576347702,0.026115501966316262,0.3367361308966105,0.13181800950230302,0.0,0.0,2.0,0.0,1.0000000000000002,1.0,0.0,3.4527499494969223,0.0,0.0,1.0,5.0,0.0,0.0,1.0,0.0,0.0,1.0,1.0,0.0,0.0,0.0,0.0,2.0,1.0,1.0,1.0,0.0,0.0,0.0,0.0,0.0,0.0,0.0,0.0,0.0,0.0,0.0,0.0,0.0,0.0,0.0,0.0,0.0,0.0,0.0,0.0,0.0,0.0,0.0,0.0,0.0,0.0,0.0,0.0,0.0,0.0,0.0,5.0
SMOTE_000051,attack,union," select * from users where id  =  1 union select 1 $$,version  (    )   -- 1",nearest_attack_euclidean,R000036,1.905872886915666,75.89228580831548,25.10771419168453,3.8193624940400164,40.0,2.8922858083154708,24.0,9.0,0.5270716785381371,0.038094186667899904,0.3162430071228822,0.11859112767108082,0.0,0.0,2.0,0.0,1.0000000000000002,1.0,0.0,2.0,0.0,0.10771419168452841,1.0,4.0,0.0,0.0,1.0,0.0,0.0,1.0,1.0,0.0,0.0,0.0,0.0,2.0,1.0,1.0,1.0,0.0,0.0,0.0,0.0,0.0,0.0,0.0,0.0,0.0,0.0,0.0,0.0,0.0,0.0,0.0,0.0,0.0,0.0,0.0,0.0,0.0,0.0,0.0,0.0,0.0,0.0,0.0,0.0,0.0,0.0,0.0,5.0
SMOTE_000052,attack,union," select * from users where id  =  1 or $+<$ union select 1,@@VERSION -- 1",nearest_attack_euclidean,R000020,1.9512460095014332,74.37970129387242,32.459900431290805,4.403662665258109,42.0,3.0,17.0,12.379701293872415,0.5648977191163227,0.04034983707973733,0.22864907678517823,0.16610336701876166,1.3797012938724151,0.0,2.0,0.0,1.0000000000000002,1.0,0.0,0.0,0.0,0.0,1.0,6.0,0.459900431290805,0.0,1.0,0.0,0.0,1.0,0.0,0.0,0.0,0.0,0.0,2.0,1.0,1.0,1.0,0.0,1.0,0.0,0.0,0.0,0.0,0.0,0.0,0.0,0.0,0.0,0.0,0.0,0.0,0.0,0.0,0.0,0.0,0.0,0.0,0.0,0.0,0.0,0.0,0.0,0.0,0.0,0.0,0.0,0.0,0.0,6.0
SMOTE_000053,attack,union,"1""   )    )    as xhat where 6674  =  6674 union all select null,null,null#",nearest_attack_euclidean,R000170,0.003523029161164988,75.02483521910519,24.004967043821036,3.8155988027679504,37.01986817528415,9.0,22.0,7.004967043821038,0.4934285350065699,0.11996274717134221,0.293242270863281,0.09336644695880691,0.0,1.0,0.0,0.0,0.0,1.0,0.0,2.0,0.0,0.0,2.004967043821037,1.0,0.0,1.0,0.0,1.0,0.0,1.0,1.0,0.0,0.0,0.0,0.0,1.0,1.0,1.0,0.0,0.0,0.0,0.0,0.0,0.0,0.0,0.0,0.0,0.0,0.0,0.0,0.0,0.0,0.0,0.0,0.0,0.0,0.0,0.0,0.0,0.0,0.0,0.0,0.0,0.0,0.0,0.0,0.0,0.0,0.0,0.0,3.0
SMOTE_000054,attack,union,"-9959""  )   where 7073  =  7073 union all select 7073,7073,7073,7073,7073,7073,7073,7073#",nearest_attack_euclidean,R000192,0.038907082012979675,88.70790643510102,25.038945808653196,3.7232002197261345,19.0,43.76632514808081,14.0,11.941581287020202,0.21432580894823575,0.49317568403199935,0.15792428027764738,0.1345742267421175,0.0,1.0,1.0,0.0,0.0,1.0,0.0,1.0,0.0,0.0,6.941581287020204,2.0,0.0,1.0,0.0,1.0,0.0,1.0,1.0,0.0,0.0,0.0,0.0,1.0,1.0,1.0,0.0,0.0,0.0,0.0,0.0,0.0,0.0,0.0,0.0,0.0,0.0,0.0,0.0,0.0,0.0,0.0,0.0,0.0,0.0,0.0,0.0,0.0,0.0,0.0,0.0,0.0,0.0,0.0,0.0,0.0,0.0,0.0,3.0
SMOTE_000055,attack,union,"-2787' union all select 3622,3622,3622,3622,3622,3622,3622,3622,3622,3622#",nearest_attack_euclidean,R000090,0.04238607252521514,73.69649984044658,20.060700031910685,3.4328051050102832,14.0,43.75719987235726,4.0,11.939299968089315,0.19002134787186603,0.5936911080248313,0.05429181367767602,0.16199573042562682,1.0,0.0,1.0,0.0,0.0,0.0,0.0,0.0,0.0,0.0,8.939299968089315,1.0,1.0,0.0,0.0,1.0,0.0,0.0,0.0,0.0,0.0,0.0,0.0,1.0,1.0,0.0,0.0,0.0,0.0,0.0,0.0,0.0,0.0,0.0,0.0,0.0,0.0,0.0,0.0,0.0,0.0,0.0,0.0,0.0,0.0,0.0,0.0,0.0,0.0,0.0,0.0,0.0,0.0,0.0,0.0,0.0,0.0,0.0,2.0
SMOTE_000056,attack,union,"-4596"" union all select 5761#",nearest_attack_euclidean,R000136,1.0426339359822479,30.429473244460354,20.714736622230177,4.140863604590271,14.0,8.0,4.952982162973566,3.476491081486783,0.463041748352271,0.2645952847727263,0.15952570418560794,0.11283726268939476,0.0,1.0,1.0,0.0,0.0,0.0,0.0,0.23824554074339166,0.23824554074339188,0.0,0.0,1.0,0.0,1.0,0.0,1.0,0.0,0.0,0.23824554074339183,0.0,0.0,0.0,0.0,1.0,1.0,0.0,0.0,0.0,0.0,0.0,0.0,0.0,0.0,0.0,0.0,0.0,0.0,0.0,0.0,0.0,0.0,0.0,0.0,0.0,0.0,0.0,0.0,0.0,0.0,0.0,0.0,0.0,0.0,0.0,0.0,0.0,0.0,0.0,2.0
SMOTE_000057,attack,union,"1%""   )    )     )   union all select null,null,null,null,null,null,null,null,null--",nearest_attack_euclidean,R000175,0.03947998621750274,84.32982430069441,17.0,3.160358818108393,50.26385944055552,1.0,18.0,15.06596486013888,0.5959969205419935,0.01186064415453525,0.21349159478163465,0.17865084052183655,0.0,1.0,2.0,0.0,0.0,0.0,0.0,3.0,1.0,0.0,8.065964860138882,2.0,0.0,1.0,1.0,0.0,0.0,0.0,1.0,0.0,0.0,0.0,0.0,1.0,1.0,0.0,0.0,0.0,0.0,0.0,0.0,0.0,0.0,0.0,0.0,0.0,0.0,0.0,0.0,0.0,0.0,0.0,0.0,0.0,0.0,0.0,0.0,0.0,0.0,0.0,0.0,0.0,0.0,0.0,0.0,0.0,0.0,0.0,2.0
SMOTE_000058,attack,union,1 union all select null#,nearest_attack_euclidean,R000283,2.0639290072088143,31.72860401283976,14.595109488649086,3.4798757975633707,23.437162407703855,0.4493886860811358,6.044498174730223,1.7975547443245432,0.790188899930766,0.00881154286433597,0.165753385747554,0.035246171457344,0.44938868608113586,0.0,0.0,0.0,0.0,0.0,0.0,0.4493886860811358,0.0,0.0,0.4493886860811358,0.0,0.44938868608113597,0.0,0.0,0.4493886860811358,0.0,0.0,0.44938868608113586,0.0,0.0,0.0,0.0,1.0,1.0,0.0,0.0,0.0,0.0,0.0,0.0,0.0,0.0,0.0,0.0,0.0,0.0,0.0,0.0,0.0,0.0,0.0,0.0,0.0,0.0,0.0,0.0,0.0,0.0,0.0,0.0,0.0,0.0,0.0,0.0,0.0,0.0,0.0,2.0
SMOTE_000059,attack,union,"-8034""  )   where 1292  =  1292 union all select 1292,1292,1292,1292,1292#",nearest_attack_euclidean,R000178,1.2542517583988286,78.57685934558144,26.61859505453488,3.9203079330634503,21.28842967279072,33.52561978186048,14.762809890930239,9.0,0.26970199060660993,0.42715844827138116,0.1879905564253139,0.11514900469669502,0.0,0.6185950545348804,1.0,0.0,0.0,1.0,0.0,1.0,0.0,0.0,4.381404945465119,2.0,0.0,0.6185950545348804,0.0,1.0,0.0,1.0,1.0,0.0,0.0,0.0,0.0,1.0,1.0,1.0,0.0,0.0,0.0,0.0,0.0,0.0,0.0,0.0,0.0,0.0,0.0,0.0,0.0,0.0,0.0,0.0,0.0,0.0,0.0,0.0,0.0,0.0,0.0,0.0,0.0,0.0,0.0,0.0,0.0,0.0,0.0,0.0,3.0
SMOTE_000060,attack,union,"-7371'  )   union all select 4531,4531,4531#",nearest_attack_euclidean,R000046,0.21893558786488113,45.44339236910656,21.28867847382131,4.055103433392555,14.0,17.154713895285248,8.0,6.288678473821312,0.308809140460347,0.37649032165438123,0.17646236597734116,0.13823817190793058,1.0,0.0,1.0,0.0,0.0,0.0,0.0,1.0,0.0,0.0,2.288678473821312,1.0,1.0,0.0,0.0,1.0,0.0,0.0,1.0,0.0,0.0,0.0,0.0,1.0,1.0,0.0,0.0,0.0,0.0,0.0,0.0,0.0,0.0,0.0,0.0,0.0,0.0,0.0,0.0,0.0,0.0,0.0,0.0,0.0,0.0,0.0,0.0,0.0,0.0,0.0,0.0,0.0,0.0,0.0,0.0,0.0,0.0,0.0,2.0
SMOTE_000061,attack,union,"1  )   union all select null,null--",nearest_attack_euclidean,R000108,0.24320662802066703,34.605442567330016,15.0,3.4088295655531082,21.605442567330016,1.0,8.0,4.0,0.6238440123274565,0.02893507597481107,0.23148060779848836,0.11574030389924418,0.09863935816749603,0.0,2.0,0.0,0.0,0.0,0.0,1.0,0.0,0.0,0.901360641832504,2.0,0.09863935816749603,0.0,1.0,0.0,0.0,0.0,1.0,0.0,0.0,0.0,0.0,1.0,1.0,0.0,0.0,0.0,0.0,0.0,0.0,0.0,0.0,0.0,0.0,0.0,0.0,0.0,0.0,0.0,0.0,0.0,0.0,0.0,0.0,0.0,0.0,0.0,0.0,0.0,0.0,0.0,0.0,0.0,0.0,0.0,0.0,0.0,2.0
SMOTE_000062,attack,union,"1""   )    )    union all select null,null,null,null,null,null,null,null#",nearest_attack_euclidean,R000043,0.06477147121511759,72.11885594421223,16.01980932403537,3.1232190613844684,46.0,1.0,14.079237296141486,11.039618648070743,0.6379153537333044,0.0138677250811588,0.19516401390726776,0.15305290727826906,0.0,1.0,0.0,0.0,0.0,0.0,0.0,2.0198093240353714,0.01980932403537118,0.0,7.0,0.0,0.0,1.0,0.0,1.0,0.0,0.0,1.0,0.0,0.0,0.0,0.0,1.0,1.0,0.0,0.0,0.0,0.0,0.0,0.0,0.0,0.0,0.0,0.0,0.0,0.0,0.0,0.0,0.0,0.0,0.0,0.0,0.0,0.0,0.0,0.0,0.0,0.0,0.0,0.0,0.0,0.0,0.0,0.0,0.0,0.0,0.0,2.0
SMOTE_000063,attack,union,"-2246""   )    )    union all select 4613,4613,4613,4613,4613,4613#",nearest_attack_euclidean,R000097,0.016066359210503995,65.89005624463083,21.021988751073835,3.8036663938125175,14.0,27.912044995704658,14.0,9.978011248926164,0.2125376657400348,0.423504706403367,0.21253766574003477,0.1514199621165635,0.0,1.0,1.0,0.0,0.0,0.0,0.0,2.0,0.0,0.0,4.9780112489261645,1.0,0.0,1.0,0.0,1.0,0.0,0.0,1.0,0.0,0.0,0.0,0.0,1.0,1.0,0.0,0.0,0.0,0.0,0.0,0.0,0.0,0.0,0.0,0.0,0.0,0.0,0.0,0.0,0.0,0.0,0.0,0.0,0.0,0.0,0.0,0.0,0.0,0.0,0.0,0.0,0.0,0.0,0.0,0.0,0.0,0.0,0.0,2.0
SMOTE_000064,attack,union," select * from users where id  =  1 <@$$ union select 1,version  (    )   -- 1",nearest_attack_euclidean,R000005,0.0026765383885235835,77.98020450560138,27.0,3.9180122629874776,40.0,2.990102252800691,23.990102252800693,11.0,0.5129540856572106,0.03834132290851042,0.307642217878546,0.14106237355573292,0.0,0.0,2.0,0.0,1.0000000000000002,1.0,0.0,2.0,0.0,0.0,1.0,5.0,0.0,0.0,1.0,0.0,0.0,1.0,1.0,0.0,0.0,0.0,0.0,2.0,1.0,1.0,1.0,0.0,0.0,0.0,0.0,0.0,0.0,0.0,0.0,0.0,0.0,0.0,0.0,0.0,0.0,0.0,0.0,0.0,0.0,0.0,0.0,0.0,0.0,0.0,0.0,0.0,0.0,0.0,0.0,0.0,0.0,0.0,5.0
SMOTE_000065,attack,union,"-9032   )    )    union all select 8377,8377,8377,8377,8377,8377,8377,8377,8377#",nearest_attack_euclidean,R000196,0.8904413766367651,78.52892692398193,21.367768269004518,3.5609006824886453,14.0,38.52892692398193,14.0,12.0,0.1783873393197784,0.4903218876577758,0.17838733931977846,0.15290343370266724,0.3677682690045183,0.0,1.0,0.0,0.0,0.0,0.0,2.0,0.0,0.0,7.632231730995481,1.0,0.3677682690045183,0.0,0.0,1.0,0.0,0.0,1.0,0.0,0.0,0.0,0.0,1.0,1.0,0.0,0.0,0.0,0.0,0.0,0.0,0.0,0.0,0.0,0.0,0.0,0.0,0.0,0.0,0.0,0.0,0.0,0.0,0.0,0.0,0.0,0.0,0.0,0.0,0.0,0.0,0.0,0.0,0.0,0.0,0.0,0.0,0.0,2.0
SMOTE_000066,attack,union,"1' in boolean mode  )   union all select null,null,null,null#",nearest_attack_euclidean,R000173,0.2313325459465422,60.42883938041639,18.714419690208196,3.576509206525601,42.52403281701366,1.0,10.714419690208196,6.1903868731945355,0.7035844734664467,0.016563684238325938,0.17700815735264372,0.1028436849425837,1.0,0.0,0.0,0.0,0.0,0.0,0.0,1.0,0.0,0.0,3.1903868731945355,0.0,1.0,0.0,0.0,1.0,0.0,0.0,1.0,0.0,0.0,0.0,0.0,1.0,1.0,0.0,0.0,0.0,0.0,0.0,0.0,0.0,0.0,0.0,0.0,0.0,0.0,0.0,0.0,0.0,0.0,0.0,0.0,0.0,0.0,0.0,0.0,0.0,0.0,0.0,0.0,0.0,0.0,0.0,0.0,0.0,0.0,0.0,2.0
SMOTE_000067,attack,union,"1  )   union all select null,null,null,null,null,null,null,null,null,null#",nearest_attack_euclidean,R000202,0.9647411138255986,76.60147352425902,15.325184190532376,2.997776340532676,54.0,1.0,9.95110514319426,11.650368381064753,0.7065788447083081,0.013084793420524238,0.1284723125250994,0.15186404934606834,0.3251841905323768,0.0,0.0,0.0,0.0,0.0,0.0,1.3251841905323767,0.0,0.0,9.0,0.0,0.3251841905323768,0.0,0.0,1.0,0.0,0.0,1.0,0.0,0.0,0.0,0.0,1.0,1.0,0.0,0.0,0.0,0.0,0.0,0.0,0.0,0.0,0.0,0.0,0.0,0.0,0.0,0.0,0.0,0.0,0.0,0.0,0.0,0.0,0.0,0.0,0.0,0.0,0.0,0.0,0.0,0.0,0.0,0.0,0.0,0.0,0.0,2.0
SMOTE_000068,attack,union,"-7078'||  (  select 'lcza' where 5076  =  5076 union all select 5076,5076,5076,5076,5076,5076,5076,5076,5076,5076--",nearest_attack_euclidean,R000154,1.155344368165153,110.09805259545496,27.22548685113626,4.09172537672845,30.96077896181802,46.117663114545934,15.490194740454506,17.529415778636487,0.2858257258893253,0.4135865009802403,0.14232508981422826,0.1582626833162061,3.0,0.0,3.0,0.0,0.0,1.0,0.0,1.0,0.0,0.0,7.529415778636485,6.0,1.0,0.0,1.0,0.0,0.0,1.0,1.0,0.0,0.0,0.0,1.0,2.0,1.0,1.0,0.24509737022725242,0.0,0.0,0.0,0.0,0.0,0.0,0.0,0.0,0.0,0.0,0.0,0.0,0.0,0.0,0.0,0.0,0.0,0.0,0.0,0.0,0.0,0.0,0.0,0.0,0.0,0.0,0.0,0.0,0.0,0.0,0.0,4.245097370227253
SMOTE_000069,attack,union," select * from users where id  =  1.<@$ union select 1,version  (    )   -- 1",nearest_attack_euclidean,R000002,1.3430060810867117,75.24747594995486,28.876262025022566,4.096083146426519,41.16834936669675,2.707912658325812,20.66330126660649,10.707912658325812,0.5487587092075097,0.03580882510357106,0.27316302372045687,0.1422694419684624,0.0,0.0,2.0,0.0,1.292087341674189,1.0,0.0,1.4158253166516224,0.0,0.0,1.0,5.0,0.0,0.0,1.0,0.0,0.0,1.0,0.7079126583258111,0.0,0.0,0.0,0.0,2.0,1.0,1.0,1.0,0.0,0.0,0.0,0.0,0.0,0.0,0.0,0.0,0.0,0.0,0.0,0.0,0.0,0.0,0.0,0.0,0.0,0.0,0.0,0.0,0.0,0.0,0.0,0.0,0.0,0.0,0.0,0.0,0.0,0.0,0.0,5.0
SMOTE_000070,attack,union,"-4045 union all select 6857,6857,6857,6857,6857,6857,6857--",nearest_attack_euclidean,R000095,0.1846251587227654,57.94462668011829,19.0,3.7944171209585447,14.0,31.155701344094627,4.0,8.788925336023658,0.24867649407818518,0.5300083778579704,0.07105042687948147,0.15026470118436297,0.0,0.0,3.0,0.0,0.0,0.0,0.0,0.0,0.0,0.0,5.788925336023657,3.0,0.0,0.0,1.0,0.0,0.0,0.0,0.0,0.0,0.0,0.0,0.0,1.0,1.0,0.0,0.0,0.0,0.0,0.0,0.0,0.0,0.0,0.0,0.0,0.0,0.0,0.0,0.0,0.0,0.0,0.0,0.0,0.0,0.0,0.0,0.0,0.0,0.0,0.0,0.0,0.0,0.0,0.0,0.0,0.0,0.0,0.0,2.0
SMOTE_000071,attack,union,"-3952'  )   union all select 6644,6644,6644--",nearest_attack_euclidean,R000259,0.47226132960410544,45.099854995169565,22.0,4.068706174330084,14.0,16.079883996135656,8.0,7.019970999033914,0.31754637730346635,0.3463623181379052,0.18145507274483794,0.15463623181379052,1.0,0.0,3.0,0.0,0.0,0.0,0.0,1.0,0.0,0.0,2.0199709990339136,3.0,1.0,0.0,1.0,0.0,0.0,0.0,1.0,0.0,0.0,0.0,0.0,1.0,1.0,0.0,0.0,0.0,0.0,0.0,0.0,0.0,0.0,0.0,0.0,0.0,0.0,0.0,0.0,0.0,0.0,0.0,0.0,0.0,0.0,0.0,0.0,0.0,0.0,0.0,0.0,0.0,0.0,0.0,0.0,0.0,0.0,0.0,2.0
SMOTE_000072,attack,union,"1%"" union all select null,null,null,null,null,null,null,null,null,null--",nearest_attack_euclidean,R000172,0.9721411645960746,67.72373601456744,16.0,3.0881424980286156,50.57898881165394,1.0,4.0,12.144747202913488,0.7458882077063148,0.015031053414912537,0.06012421365965018,0.17895652521912242,0.21381319927162823,0.7861868007283717,2.0,0.0,0.0,0.0,0.0,0.0,1.0,0.0,8.144747202913488,2.0,0.21381319927162826,0.7861868007283717,1.0,0.0,0.0,0.0,0.0,0.0,0.0,0.0,0.0,1.0,1.0,0.0,0.0,0.0,0.0,0.0,0.0,0.0,0.0,0.0,0.0,0.0,0.0,0.0,0.0,0.0,0.0,0.0,0.0,0.0,0.0,0.0,0.0,0.0,0.0,0.0,0.0,0.0,0.0,0.0,0.0,0.0,0.0,0.0,2.0
SMOTE_000073,attack,union,"-2006'   )    )    union all select 7852,7852,7852,7852,7852--",nearest_attack_euclidean,R000224,0.588124410517896,66.53800617567072,21.60506749008943,3.859432249222182,14.0,26.420269960357714,15.210134980178857,10.907601235134143,0.2124985156138689,0.39571524703101824,0.22821455431749038,0.16357168303762248,1.0,0.0,3.0,0.0,0.0,0.0,0.0,2.3025337450447143,0.0,0.0,4.605067490089429,3.0,1.0,0.0,1.0,0.0,0.0,0.0,1.0,0.0,0.0,0.0,0.0,1.0,1.0,0.0,0.0,0.0,0.0,0.0,0.0,0.0,0.0,0.0,0.0,0.0,0.0,0.0,0.0,0.0,0.0,0.0,0.0,0.0,0.0,0.0,0.0,0.0,0.0,0.0,0.0,0.0,0.0,0.0,0.0,0.0,0.0,0.0,2.0
SMOTE_000074,attack,union," select * from users where id  =  1 or 1#""1 union select 'a',version  (    )   -- 1",nearest_attack_euclidean,R000026,0.9267314551965767,83.28353086556885,27.432938268862287,3.9347677215241186,43.850592596706576,4.0,25.0,10.432938268862285,0.5264497071582308,0.04803010277362657,0.3001881423351662,0.12533204773297651,1.4329382688622847,1.0,2.0,0.0,1.0000000000000002,1.0,0.0,2.0,0.0,0.0,1.0,4.0,0.7164691344311424,1.0,1.0,1.0,0.0,1.0,1.0,0.0,0.0,0.0,0.0,2.0,1.0,1.0,1.0,0.0,1.0,0.0,0.0,0.0,0.0,0.0,0.0,0.0,0.0,0.0,0.0,0.0,0.0,0.0,0.0,0.0,0.0,0.0,0.0,0.0,0.0,0.0,0.0,0.0,0.0,0.0,0.0,0.0,0.0,0.0,6.0
SMOTE_000075,attack,union,"1'  )   where 8211  =  8211 union all select null,null,null,null,null#",nearest_attack_euclidean,R000063,0.45955523028365236,74.84614179085858,22.745560275516706,3.7697520945833163,42.72780137758353,9.0,14.745560275516706,8.372780137758353,0.5695260871923171,0.12106449636527929,0.1973052038234336,0.11210421261897005,1.0,0.0,0.0,0.0,0.0,1.0,0.0,1.0,0.0,0.0,4.372780137758353,1.0,1.0,0.0,0.0,1.0,0.0,1.0,1.0,0.0,0.0,0.0,0.0,1.0,1.0,1.0,0.0,0.0,0.0,0.0,0.0,0.0,0.0,0.0,0.0,0.0,0.0,0.0,0.0,0.0,0.0,0.0,0.0,0.0,0.0,0.0,0.0,0.0,0.0,0.0,0.0,0.0,0.0,0.0,0.0,0.0,0.0,0.0,3.0
SMOTE_000076,attack,union," select * from users where id  =  1<@<@ union select 1,version  (    )   -- 1",nearest_attack_euclidean,R000024,0.335828797202454,77.0,26.894823474253236,3.9436505858391153,40.0,3.0,23.0,11.0,0.5194805194805194,0.038961038961038974,0.2987012987012987,0.14285714285714285,0.0,0.0,2.0,0.0,1.0000000000000002,1.0,0.0,2.0,0.0,0.0,1.0,5.552588262873383,0.0,0.0,1.0,0.0,0.0,1.0,1.0,0.0,0.0,0.0,0.0,2.0,1.0,1.0,1.0,0.0,0.0,0.0,0.0,0.0,0.0,0.0,0.0,0.0,0.0,0.0,0.0,0.0,0.0,0.0,0.0,0.0,0.0,0.0,0.0,0.0,0.0,0.0,0.0,0.0,0.0,0.0,0.0,0.0,0.0,0.0,5.0
SMOTE_000077,attack,union," select * from users where id  =  1 *1 union select 1,banner from v$version where rownum  =  1 -- 1",nearest_attack_euclidean,R000003,0.9121953230021761,101.63234215945727,25.526468431891455,3.987817638349236,62.0,5.0,26.105873727565818,8.526468431891454,0.611138428886447,0.04928535716826185,0.2558896568623892,0.08368655708290204,0.0,0.0,2.0,0.0,2.0000000000000004,2.0,0.0,0.5264684318914539,0.0,0.0,1.0,6.0,0.0,0.0,1.0,0.0,0.0,1.0,0.26323421594572716,0.0,0.0,0.0,0.0,2.0,1.0,2.0,1.9999999999999998,0.0,0.0,0.0,0.0,0.0,0.0,0.0,0.0,0.0,0.0,0.0,0.0,0.0,0.0,0.0,0.0,0.0,0.0,0.0,0.0,0.0,0.0,0.0,0.0,0.0,0.0,0.0,0.0,0.0,0.0,0.0,7.0
SMOTE_000078,attack,union,"1%""   )    )    union all select null,null,null,null--",nearest_attack_euclidean,R000071,0.05578679646313472,54.422715446843654,17.0,3.359090302932042,30.338172357474917,1.0,14.0,9.08454308936873,0.5573069189888061,0.01838583947054498,0.2574017525876299,0.166905488953019,0.0,1.0,2.0,0.0,0.0,0.0,0.0,2.0,1.0,0.0,3.08454308936873,2.0,0.0,1.0,1.0,0.0,0.0,0.0,1.0,0.0,0.0,0.0,0.0,1.0,1.0,0.0,0.0,0.0,0.0,0.0,0.0,0.0,0.0,0.0,0.0,0.0,0.0,0.0,0.0,0.0,0.0,0.0,0.0,0.0,0.0,0.0,0.0,0.0,0.0,0.0,0.0,0.0,0.0,0.0,0.0,0.0,0.0,0.0,2.0
SMOTE_000079,attack,union,"1'   )    )    as bwjl where 8538  =  8538 union all select null,null,null,null,null,null,null#",nearest_attack_euclidean,R000167,0.49477066598592595,98.9099406524737,24.60900593475263,3.69621289421481,56.127952521978955,9.0,22.0,11.781988130494739,0.566910138847809,0.09120907610303128,0.22295551936296532,0.11892526568619444,1.0,0.0,0.0,0.0,0.0,1.0,0.0,2.0,0.0,0.0,6.781988130494737,1.0,1.0,0.0,0.0,1.0,0.0,1.0,1.0,0.0,0.0,0.0,0.0,1.0,1.0,1.0,0.0,0.0,0.0,0.0,0.0,0.0,0.0,0.0,0.0,0.0,0.0,0.0,0.0,0.0,0.0,0.0,0.0,0.0,0.0,0.0,0.0,0.0,0.0,0.0,0.0,0.0,0.0,0.0,0.0,0.0,0.0,0.0,3.0
SMOTE_000080,attack,union,"1""  )   union all select null,null,null#",nearest_attack_euclidean,R000223,0.7682312961522126,42.612228355555686,16.0,3.362528495808879,26.0,1.0,10.239052876190584,5.373175479365097,0.613873437635932,0.023610516832151207,0.23652355755488186,0.12599248797703483,0.0,1.0,0.0,0.0,0.0,0.0,0.0,1.3731754793650972,0.0,0.0,2.0,0.0,0.0,1.0,0.0,1.0,0.0,0.0,1.0,0.0,0.0,0.0,0.0,1.0,1.0,0.0,0.0,0.0,0.0,0.0,0.0,0.0,0.0,0.0,0.0,0.0,0.0,0.0,0.0,0.0,0.0,0.0,0.0,0.0,0.0,0.0,0.0,0.0,0.0,0.0,0.0,0.0,0.0,0.0,0.0,0.0,0.0,0.0,2.0
SMOTE_000081,attack,union,"-4802 union all select 7381,7381,7381,7381,7381,7381,7381,7381,7381,7381--",nearest_attack_euclidean,R000231,0.2977084557309795,73.47588601327105,20.0,3.6850583319769674,14.0,43.16141762123368,4.419291189383161,11.89517720265421,0.19062624281515972,0.5869576810394372,0.060541324708435124,0.16187475143696808,0.0,0.0,3.0,0.0,0.0,0.0,0.0,0.10482279734579025,0.0,0.0,8.79035440530842,3.0,0.0,0.0,1.0,0.0,0.0,0.0,0.10482279734579025,0.0,0.0,0.0,0.0,1.0,1.0,0.0,0.0,0.0,0.0,0.0,0.0,0.0,0.0,0.0,0.0,0.0,0.0,0.0,0.0,0.0,0.0,0.0,0.0,0.0,0.0,0.0,0.0,0.0,0.0,0.0,0.0,0.0,0.0,0.0,0.0,0.0,0.0,0.0,2.0
SMOTE_000082,attack,union,"1   )    )    union all select null,null--",nearest_attack_euclidean,R000298,0.09303329805455438,41.668297615016556,15.0,3.2162944888628315,21.879380950915113,1.0,13.819071426372668,4.969845237728778,0.5255233889462907,0.024064287546070234,0.3310636200441015,0.11934870346353754,0.03015476227122238,0.0,2.0,0.0,0.0,0.0,0.0,1.9698452377287778,0.0,0.0,0.9698452377287778,2.0,0.030154762271222102,0.0,1.0,0.0,0.0,0.0,1.0,0.0,0.0,0.0,0.0,1.0,1.0,0.0,0.0,0.0,0.0,0.0,0.0,0.0,0.0,0.0,0.0,0.0,0.0,0.0,0.0,0.0,0.0,0.0,0.0,0.0,0.0,0.0,0.0,0.0,0.0,0.0,0.0,0.0,0.0,0.0,0.0,0.0,0.0,0.0,2.0
SMOTE_000083,attack,union,"-9032   )    )    union all select 8377,8377,8377,8377,8377,8377,8377,8377,8377#",nearest_attack_euclidean,R000196,0.8966150478163666,78.51872757600597,21.370318105998503,3.5612458657230244,14.0,38.51872757600598,14.0,12.0,0.1784108246605125,0.4902547866842499,0.17841082466051253,0.15292356399472504,0.3703181059985051,0.0,1.0,0.0,0.0,0.0,0.0,2.0,0.0,0.0,7.629681894001495,1.0,0.3703181059985052,0.0,0.0,1.0,0.0,0.0,1.0,0.0,0.0,0.0,0.0,1.0,1.0,0.0,0.0,0.0,0.0,0.0,0.0,0.0,0.0,0.0,0.0,0.0,0.0,0.0,0.0,0.0,0.0,0.0,0.0,0.0,0.0,0.0,0.0,0.0,0.0,0.0,0.0,0.0,0.0,0.0,0.0,0.0,0.0,0.0,2.0
SMOTE_000084,attack,union,"1%"" union all select null,null,null#",nearest_attack_euclidean,R000247,0.3964396697689611,38.95661065184578,16.0,3.4490001499513085,28.365288521476625,1.0,4.0,5.591322130369155,0.7267312145017256,0.026167423392240874,0.10466969356896343,0.14243166853707012,0.0,1.0,0.0,0.0,0.0,0.0,0.0,0.0,1.0,0.0,2.5913221303691563,0.0,0.0,1.0,0.0,1.0,0.0,0.0,0.0,0.0,0.0,0.0,0.0,1.0,1.0,0.0,0.0,0.0,0.0,0.0,0.0,0.0,0.0,0.0,0.0,0.0,0.0,0.0,0.0,0.0,0.0,0.0,0.0,0.0,0.0,0.0,0.0,0.0,0.0,0.0,0.0,0.0,0.0,0.0,0.0,0.0,0.0,0.0,2.0
SMOTE_000085,attack,union,"-7240'   )    )    union all select 8064,8064,8064#",nearest_attack_euclidean,R000127,0.8477274742484099,48.03282684811212,21.576118121158874,3.9479157049281617,14.0,16.0,11.456708726953247,6.576118121158874,0.29302157937897966,0.3348818050045481,0.23521950499155347,0.13687711062491878,1.0,0.0,1.0,0.0,0.0,0.0,0.0,1.5761181211588746,0.0,0.0,2.0,1.0,1.0,0.0,0.0,1.0,0.0,0.0,1.0,0.0,0.0,0.0,0.0,1.0,1.0,0.0,0.0,0.0,0.0,0.0,0.0,0.0,0.0,0.0,0.0,0.0,0.0,0.0,0.0,0.0,0.0,0.0,0.0,0.0,0.0,0.0,0.0,0.0,0.0,0.0,0.0,0.0,0.0,0.0,0.0,0.0,0.0,0.0,2.0
SMOTE_000086,attack,union,"1'  )   where 5799  =  5799 union all select null,null,null,null,null--",nearest_attack_euclidean,R000299,0.6672924081877918,76.3858297872085,23.0,3.757834561327046,43.30866382976679,9.0,14.0,10.077165957441698,0.5641336898641559,0.11925824669789872,0.18551282819673132,0.13109523524121408,1.0,0.0,2.0,0.0,0.0,1.0,0.0,1.0,0.0,0.0,5.077165957441699,3.0,1.0,0.0,1.0,0.0,0.0,1.0,1.0,0.0,0.0,0.0,0.0,1.0,1.0,1.0,0.0,0.0,0.0,0.0,0.0,0.0,0.0,0.0,0.0,0.0,0.0,0.0,0.0,0.0,0.0,0.0,0.0,0.0,0.0,0.0,0.0,0.0,0.0,0.0,0.0,0.0,0.0,0.0,0.0,0.0,0.0,0.0,3.0
SMOTE_000087,attack,union," select * from users where id  =  1 or $ 1  =  1 union select 1,@@VERSION -- 1",nearest_attack_euclidean,R000033,1.710577897632133,79.9463395702356,29.378050358137006,4.080957427666461,43.297559713490394,4.0,22.973169785117797,9.675610071627402,0.5414321422012143,0.05009380978618094,0.28710130840873094,0.12137273960387382,0.0,0.324389928372599,2.0,0.0,1.0000000000000002,1.675610071627401,0.0,0.648779856745198,0.0,0.0,1.0,4.675610071627401,0.0,0.324389928372599,1.0,0.32438992837259917,0.0,1.0,0.32438992837259917,0.0,0.0,0.0,0.0,2.0,1.0,1.0,1.0,0.0,1.0,0.0,0.0,0.0,0.0,0.0,0.0,0.0,0.0,0.0,0.0,0.0,0.0,0.0,0.0,0.0,0.0,0.0,0.0,0.0,0.0,0.0,0.0,0.0,0.0,0.0,0.0,0.0,0.0,0.0,6.0
SMOTE_000088,attack,union,"1%' union all select null,null,null,null,null,null--",nearest_attack_euclidean,R000171,1.0950198910337734,54.01949104119609,16.40389820823922,3.3058468531327074,38.0,1.0,5.615592832956871,9.403898208239218,0.7048783199846655,0.01854942947328067,0.10254145180464676,0.17403079873740707,1.0,0.0,2.0,0.0,0.0,0.0,0.0,0.40389820823921796,1.0,0.0,5.0,2.0,1.0,0.0,1.0,0.0,0.0,0.0,0.403898208239218,0.0,0.0,0.0,0.0,1.0,1.0,0.0,0.0,0.0,0.0,0.0,0.0,0.0,0.0,0.0,0.0,0.0,0.0,0.0,0.0,0.0,0.0,0.0,0.0,0.0,0.0,0.0,0.0,0.0,0.0,0.0,0.0,0.0,0.0,0.0,0.0,0.0,0.0,0.0,2.0
SMOTE_000089,attack,union,"-2246""   )    )    union all select 4613,4613,4613,4613,4613,4613#",nearest_attack_euclidean,R000097,0.710782981070855,64.77814705231583,21.40728431589472,3.841488982025809,14.0,28.0,12.778147052315836,10.0,0.21644089425948948,0.43288178851897896,0.1960766784647534,0.1546006387567782,0.0,1.0,1.0,0.0,0.0,0.0,0.0,1.7963578420526394,0.20364215794736062,0.0,5.0,1.0,0.0,1.0,0.0,1.0,0.0,0.0,1.0,0.0,0.0,0.0,0.0,1.0,1.0,0.0,0.0,0.0,0.0,0.0,0.0,0.0,0.0,0.0,0.0,0.0,0.0,0.0,0.0,0.0,0.0,0.0,0.0,0.0,0.0,0.0,0.0,0.0,0.0,0.0,0.0,0.0,0.0,0.0,0.0,0.0,0.0,0.0,2.0
SMOTE_000090,attack,union," select * from users where id  =  1 or $+<1 union select 1,@@VERSION -- 1",nearest_attack_euclidean,R000004,0.27882412094619613,73.73430002450819,31.632849987745903,4.351182016309575,43.46860004901639,3.265699975491808,17.0,10.0,0.5892908132509318,0.04446737865075237,0.23059669398782842,0.13564511411048732,0.0,0.0,2.0,0.0,1.0000000000000002,1.0,0.0,0.0,0.0,0.0,1.0,5.632849987745903,0.0,0.0,1.0,0.0,0.0,1.0,0.0,0.0,0.0,0.0,0.0,2.0,1.0,1.0,1.0,0.0,1.0,0.0,0.0,0.0,0.0,0.0,0.0,0.0,0.0,0.0,0.0,0.0,0.0,0.0,0.0,0.0,0.0,0.0,0.0,0.0,0.0,0.0,0.0,0.0,0.0,0.0,0.0,0.0,0.0,0.0,6.0
SMOTE_000091,attack,union,"1   )    )     )   union all select null,null#",nearest_attack_euclidean,R000161,1.3627028119607612,48.401422269473194,15.400237044912199,3.089497908058458,23.6009481796488,1.0,18.0,5.800474089824399,0.4869616748893957,0.020735191358915883,0.373233444460486,0.11906968929120249,0.0,0.4002370449121995,0.0,0.0,0.0,0.0,0.0,3.0,0.0,0.0,1.4002370449121995,0.0,0.0,0.4002370449121995,0.0,1.0,0.0,0.0,1.0,0.0,0.0,0.0,0.0,1.0,1.0,0.0,0.0,0.0,0.0,0.0,0.0,0.0,0.0,0.0,0.0,0.0,0.0,0.0,0.0,0.0,0.0,0.0,0.0,0.0,0.0,0.0,0.0,0.0,0.0,0.0,0.0,0.0,0.0,0.0,0.0,0.0,0.0,0.0,2.0
SMOTE_000092,attack,union," select * from users where id  =  1.<@$ union select 1,version  (    )   -- 1",nearest_attack_euclidean,R000002,0.6409148285027176,75.26761362472699,27.915482969091254,4.017477836275638,40.732386375273,2.0,21.718323843272245,10.81690340618175,0.5418415240372201,0.02658347455236587,0.2879088996198775,0.14366610179053654,0.0,0.0,2.0,0.0,1.0000000000000002,1.0,0.0,1.6338068123634981,0.0,0.0,1.0,5.0,0.0,0.0,1.0,0.0,0.0,1.0,0.8169034061817488,0.0,0.0,0.0,0.0,2.0,1.0,1.0,1.0,0.0,0.0,0.0,0.0,0.0,0.0,0.0,0.0,0.0,0.0,0.0,0.0,0.0,0.0,0.0,0.0,0.0,0.0,0.0,0.0,0.0,0.0,0.0,0.0,0.0,0.0,0.0,0.0,0.0,0.0,0.0,5.0
SMOTE_000093,attack,union,"1 where 4477  =  4477 union all select null,null,null,null,null,null,null,null,null,null--",nearest_attack_euclidean,R000139,0.2927267662586769,87.63104527726333,20.0,3.489071036135111,57.10483622181066,9.0,10.0,11.526209055452664,0.6515298808633233,0.1027870055561608,0.11420778395128978,0.13147532962922615,0.0,0.0,2.0,0.0,0.0,1.0,0.0,0.0,0.0,0.0,8.526209055452664,3.0,0.0,0.0,1.0,0.0,0.0,1.0,0.0,0.0,0.0,0.0,0.0,1.0,1.0,1.0,0.0,0.0,0.0,0.0,0.0,0.0,0.0,0.0,0.0,0.0,0.0,0.0,0.0,0.0,0.0,0.0,0.0,0.0,0.0,0.0,0.0,0.0,0.0,0.0,0.0,0.0,0.0,0.0,0.0,0.0,0.0,0.0,3.0
SMOTE_000094,attack,union,"-5957   )    )     )   union all select 8485,8485,8485,8485,8485,8485,8485,8485,8485--",nearest_attack_euclidean,R000238,0.6312797384327936,83.78350878055224,19.0,3.4307758290790806,14.0,38.0297855827131,18.0,13.753723197839138,0.16747672562251115,0.4529177301255266,0.21532721865751428,0.164278325594448,0.24627680216086156,0.0,3.0,0.0,0.0,0.0,0.0,3.0,0.0,0.0,7.507446395678276,3.0,0.2462768021608616,0.0,1.0,0.0,0.0,0.0,1.0,0.0,0.0,0.0,0.0,1.0,1.0,0.0,0.0,0.0,0.0,0.0,0.0,0.0,0.0,0.0,0.0,0.0,0.0,0.0,0.0,0.0,0.0,0.0,0.0,0.0,0.0,0.0,0.0,0.0,0.0,0.0,0.0,0.0,0.0,0.0,0.0,0.0,0.0,0.0,2.0
SMOTE_000095,attack,union,"1%' union all select null,null,null,null,null,null--",nearest_attack_euclidean,R000171,0.5630069157231744,54.476560282535544,16.0,3.249755343628642,39.98124822602843,1.0,4.0,9.495312056507109,0.7331505387332071,0.01856929479633132,0.07427717918532528,0.17400298728513613,0.876171985873223,0.12382801412677688,2.0,0.0,0.0,0.0,0.0,0.0,1.0,0.0,5.495312056507108,2.0,0.8761719858732231,0.12382801412677688,1.0,0.0,0.0,0.0,0.0,0.0,0.0,0.0,0.0,1.0,1.0,0.0,0.0,0.0,0.0,0.0,0.0,0.0,0.0,0.0,0.0,0.0,0.0,0.0,0.0,0.0,0.0,0.0,0.0,0.0,0.0,0.0,0.0,0.0,0.0,0.0,0.0,0.0,0.0,0.0,0.0,0.0,0.0,0.0,2.0
SMOTE_000096,attack,union,"-9734'   )    )    as izbx where 6273  =  6273 union all select 6273,6273,6273,6273,6273,6273,6273,6273,6273--",nearest_attack_euclidean,R000123,0.18103381219857348,108.48014660494414,27.69602932098883,3.9376826261126094,24.544043981483245,47.69602932098883,21.39205864197766,14.848014660494414,0.2260445629130862,0.44035517053246986,0.196622548010987,0.1369777185434569,1.0,0.0,3.0,0.0,0.0,1.0,0.0,1.9240073302472074,0.0,0.0,7.924007330247207,4.0,1.0,0.0,1.0,0.0,0.0,1.0,1.0,0.0,0.0,0.0,0.0,1.0,1.0,1.0,0.0,0.0,0.0,0.0,0.0,0.0,0.0,0.0,0.0,0.0,0.0,0.0,0.0,0.0,0.0,0.0,0.0,0.0,0.0,0.0,0.0,0.0,0.0,0.0,0.0,0.0,0.0,0.0,0.0,0.0,0.0,0.0,3.0
SMOTE_000097,attack,union,"-3819'   )    )     )   union all select 9014,9014,9014,9014,9014,9014--",nearest_attack_euclidean,R000099,0.570099488268472,74.52940525741155,21.0,3.69896556913338,14.0,31.03528630889386,16.98823789703538,12.505881051482309,0.18844653224868538,0.4139087511911983,0.22994983637417676,0.16769488018593964,1.0,0.0,3.0,0.0,0.0,0.0,0.0,2.747059474258845,0.0,0.0,5.758821577223465,3.0,1.0,0.0,1.0,0.0,0.0,0.0,1.0,0.0,0.0,0.0,0.0,1.0,1.0,0.0,0.0,0.0,0.0,0.0,0.0,0.0,0.0,0.0,0.0,0.0,0.0,0.0,0.0,0.0,0.0,0.0,0.0,0.0,0.0,0.0,0.0,0.0,0.0,0.0,0.0,0.0,0.0,0.0,0.0,0.0,0.0,0.0,2.0
SMOTE_000098,attack,union," select * from users where id  =  1 <@$$ union select 1,version  (    )   -- 1",nearest_attack_euclidean,R000005,0.15256177699947937,77.55852842577592,27.441471574224074,3.941918660643823,40.0,3.0,23.558528425775926,11.0,0.5157607164450487,0.03868205373337866,0.3037230327991841,0.14183419702238842,0.0,0.0,2.0,0.0,1.0000000000000002,1.0,0.0,2.0,0.0,0.0,1.0,5.0,0.0,0.0,1.0,0.0,0.0,1.0,1.0,0.0,0.0,0.0,0.0,2.0,1.0,1.0,1.0,0.0,0.0,0.0,0.0,0.0,0.0,0.0,0.0,0.0,0.0,0.0,0.0,0.0,0.0,0.0,0.0,0.0,0.0,0.0,0.0,0.0,0.0,0.0,0.0,0.0,0.0,0.0,0.0,0.0,0.0,0.0,5.0
SMOTE_000099,attack,union,"1%' union all select null,null,null,null,null,null,null,null--",nearest_attack_euclidean,R000087,1.3896520762974303,58.2145491388982,15.556103632935844,3.165230888174194,43.32675640476988,1.0,4.0,9.887792734128313,0.7426685506322559,0.017420003164656667,0.0696800126586268,0.17023143354446052,1.0,0.0,2.0,0.0,0.0,0.0,0.0,0.0,0.5561036329358431,0.0,6.33168910119247,2.0,1.0,0.0,1.0,0.0,0.0,0.0,0.0,0.0,0.0,0.0,0.0,1.0,1.0,0.0,0.0,0.0,0.0,0.0,0.0,0.0,0.0,0.0,0.0,0.0,0.0,0.0,0.0,0.0,0.0,0.0,0.0,0.0,0.0,0.0,0.0,0.0,0.0,0.0,0.0,0.0,0.0,0.0,0.0,0.0,0.0,0.0,2.0
SMOTE_000100,attack,union,"-7272""  )   union all select 9163,9163,9163,9163,9163,9163,9163--",nearest_attack_euclidean,R000068,0.47640903720517525,68.80179575772796,21.0,3.8833962605637837,14.0,35.04143660618237,8.0,11.760359151545593,0.2044666378239607,0.5079048031086275,0.11683807875654899,0.17079048031086277,0.0,1.0,3.0,0.0,0.0,0.0,0.0,1.0,0.0,0.0,6.760359151545592,3.0,0.0,1.0,1.0,0.0,0.0,0.0,1.0,0.0,0.0,0.0,0.0,1.0,1.0,0.0,0.0,0.0,0.0,0.0,0.0,0.0,0.0,0.0,0.0,0.0,0.0,0.0,0.0,0.0,0.0,0.0,0.0,0.0,0.0,0.0,0.0,0.0,0.0,0.0,0.0,0.0,0.0,0.0,0.0,0.0,0.0,0.0,2.0
SMOTE_000101,attack,union,"1' where 4245  =  4245 union all select null,null--",nearest_attack_euclidean,R000284,1.3512103263960444,55.850698910188875,22.485069891018888,3.915487592083751,28.94027956407555,9.0,11.94027956407555,5.970139782037775,0.5191209859185965,0.1624377080708133,0.2122942040070602,0.1061471020035301,1.0,0.0,2.0,0.0,0.0,1.0,0.0,0.4850698910188872,0.0,0.0,1.4850698910188873,3.0,1.0,0.0,1.0,0.0,0.0,1.0,0.4850698910188873,0.0,0.0,0.0,0.0,1.0,1.0,1.0,0.0,0.0,0.0,0.0,0.0,0.0,0.0,0.0,0.0,0.0,0.0,0.0,0.0,0.0,0.0,0.0,0.0,0.0,0.0,0.0,0.0,0.0,0.0,0.0,0.0,0.0,0.0,0.0,0.0,0.0,0.0,0.0,3.0
SMOTE_000102,attack,union,"1'+  (  select 'pgje' where 4658  =  4658 union all select null,null,null,null,null,null,null,null,null,null#",nearest_attack_euclidean,R000168,0.9588090107805595,109.26474105241152,27.73525894758848,3.8654988480558465,69.0,9.0,15.0,16.26474105241152,0.63150399227553,0.08237008594898218,0.13728347658163698,0.14884244519385081,3.0,0.0,0.5294821048230389,0.0,0.0,1.0,0.0,1.0,0.0,0.0,9.0,2.529482104823039,1.0,0.0,0.26474105241151935,0.7352589475884805,0.0,1.0,1.0,0.0,0.0,0.0,0.0,2.0,1.0,1.0,0.0,0.0,0.0,0.0,0.0,0.0,0.0,0.0,0.0,0.0,0.0,0.0,0.0,0.0,0.0,0.0,0.0,0.0,0.0,0.0,0.0,0.0,0.0,0.0,0.0,0.0,0.0,0.0,0.0,0.0,0.0,0.0,4.0
SMOTE_000103,attack,union," select * from users where id  =  1.<@$ union select 1,version  (    )   -- 1",nearest_attack_euclidean,R000002,0.21575566913291228,77.0,27.42511410858275,3.957424368548973,40.0,3.0,23.0,11.0,0.5194805194805194,0.038961038961038974,0.2987012987012987,0.14285714285714285,0.0,0.0,2.0,0.0,1.0000000000000002,1.0,0.0,2.0,0.0,0.0,1.0,5.287442945708625,0.0,0.0,1.0,0.0,0.0,1.0,1.0,0.0,0.0,0.0,0.0,2.0,1.0,1.0,1.0,0.0,0.0,0.0,0.0,0.0,0.0,0.0,0.0,0.0,0.0,0.0,0.0,0.0,0.0,0.0,0.0,0.0,0.0,0.0,0.0,0.0,0.0,0.0,0.0,0.0,0.0,0.0,0.0,0.0,0.0,0.0,5.0
SMOTE_000104,attack,union,"1""  )   as qwyt where 4236  =  4236 union all select null,null,null,null,null--",nearest_attack_euclidean,R000197,0.2724165011486484,78.90271244664876,25.805424893297534,4.011744217972097,43.05424893297534,10.84846351367343,16.0,9.0,0.5453852005202624,0.1377643955794161,0.20278425849620574,0.11406614540411572,0.0,1.0,2.097287553351233,0.0,0.0,1.0,0.0,1.0,0.0,0.0,3.902712446648767,3.097287553351233,0.0,1.0,1.0,0.0,0.0,1.0,1.0,0.0,0.0,0.0,0.0,1.0,1.0,1.0,0.0,0.0,0.0,0.0,0.0,0.0,0.0,0.0,0.0,0.0,0.0,0.0,0.0,0.0,0.0,0.0,0.0,0.0,0.0,0.0,0.0,0.0,0.0,0.0,0.0,0.0,0.0,0.0,0.0,0.0,0.0,0.0,3.0
SMOTE_000105,attack,union," select * from users where id  =  1.<@$ union select 1,version  (    )   -- 1",nearest_attack_euclidean,R000002,0.3425994497566799,76.62805177785634,27.25610355571268,3.9443247086244333,40.0,3.0,23.0,10.62805177785634,0.5220228860023489,0.039151716450176205,0.30016315945135064,0.13866223809612413,0.0,0.0,2.0,0.0,1.0000000000000002,1.0,0.0,2.0,0.0,0.0,1.0,4.62805177785634,0.0,0.0,1.0,0.0,0.0,1.0,1.0,0.0,0.0,0.0,0.0,2.0,1.0,1.0,1.0,0.0,0.0,0.0,0.0,0.0,0.0,0.0,0.0,0.0,0.0,0.0,0.0,0.0,0.0,0.0,0.0,0.0,0.0,0.0,0.0,0.0,0.0,0.0,0.0,0.0,0.0,0.0,0.0,0.0,0.0,0.0,5.0
SMOTE_000106,attack,union,-5970' where 2769  =  2769 union all select 2769--,nearest_attack_euclidean,R000237,1.8898269044858498,50.0,23.0,4.103449765931428,19.0,16.0,10.0,5.0,0.38,0.32,0.2,0.1,0.5106828630023652,0.48931713699763474,3.0,0.0,0.0,1.0,0.0,0.0,0.0,0.0,0.0,4.0,0.5106828630023652,0.48931713699763474,1.0,0.0,0.0,1.0,0.0,0.0,0.0,0.0,0.0,1.0,1.0,1.0,0.0,0.0,0.0,0.0,0.0,0.0,0.0,0.0,0.0,0.0,0.0,0.0,0.0,0.0,0.0,0.0,0.0,0.0,0.0,0.0,0.0,0.0,0.0,0.0,0.0,0.0,0.0,0.0,0.0,0.0,0.0,0.0,3.0
SMOTE_000107,attack,union,"1'+  (  select vlut where 9517  =  9517 union all select null,null,null--",nearest_attack_euclidean,R000076,0.7442045630700327,70.40599423935335,24.80046109533487,4.005489633218772,36.6101440973672,11.194927951316402,14.800461095334873,7.800461095334873,0.512761359656237,0.1651999525780633,0.21103738501578664,0.11100130274991299,1.0,0.0,2.1995389046651272,0.0,0.0,1.0,0.0,1.0,0.0,0.0,1.8004610953348723,4.0,1.0,0.0,1.0,0.0,0.0,1.0,1.0,0.0,0.0,0.0,0.0,1.8004610953348728,1.0,1.0,0.0,0.0,0.0,0.0,0.0,0.0,0.0,0.0,0.0,0.0,0.0,0.0,0.0,0.0,0.0,0.0,0.0,0.0,0.0,0.0,0.0,0.0,0.0,0.0,0.0,0.0,0.0,0.0,0.0,0.0,0.0,0.0,3.8004610953348728
SMOTE_000108,attack,union,"1%""   )    )     )   union all select null,null,null,null,null,null,null,null--",nearest_attack_euclidean,R000213,0.2657482765662101,81.20781994339859,17.0,3.178163019842317,47.766255954718865,1.0,18.0,14.441563988679718,0.5876794912567851,0.012344215624605526,0.22219588124289935,0.17778041187571006,0.0,1.0,2.0,0.0,0.0,0.0,0.0,3.0,1.0,0.0,7.441563988679717,2.0,0.0,1.0,1.0,0.0,0.0,0.0,1.0,0.0,0.0,0.0,0.0,1.0,1.0,0.0,0.0,0.0,0.0,0.0,0.0,0.0,0.0,0.0,0.0,0.0,0.0,0.0,0.0,0.0,0.0,0.0,0.0,0.0,0.0,0.0,0.0,0.0,0.0,0.0,0.0,0.0,0.0,0.0,0.0,0.0,0.0,0.0,2.0
SMOTE_000109,attack,union,"-4045 union all select 6857,6857,6857,6857,6857,6857,6857--",nearest_attack_euclidean,R000095,0.14653064083386932,59.61833420269423,19.0,3.773621209008925,14.0,32.49466736215538,4.0,9.123666840538846,0.24174602814619367,0.5375328837269897,0.06907029375605533,0.15165079437076126,0.0,0.0,3.0,0.0,0.0,0.0,0.0,0.0,0.0,0.0,6.123666840538846,3.0,0.0,0.0,1.0,0.0,0.0,0.0,0.0,0.0,0.0,0.0,0.0,1.0,1.0,0.0,0.0,0.0,0.0,0.0,0.0,0.0,0.0,0.0,0.0,0.0,0.0,0.0,0.0,0.0,0.0,0.0,0.0,0.0,0.0,0.0,0.0,0.0,0.0,0.0,0.0,0.0,0.0,0.0,0.0,0.0,0.0,0.0,2.0
SMOTE_000110,attack,union,"-5706""   )    )    union all select 2013,2013,2013,2013#",nearest_attack_euclidean,R000091,0.48549310959402014,57.879963206738786,22.710774891270955,3.891988738511678,14.0,22.313800869832352,13.132324673812867,8.433837663093566,0.24318853910601887,0.3809455446624834,0.23061353437866913,0.14525238185282852,0.0,1.0,1.0,0.0,0.0,0.0,0.0,1.8553874456354778,0.0,0.0,3.5784502174580886,1.0,0.0,1.0,0.0,1.0,0.0,0.0,1.0,0.0,0.0,0.0,0.0,1.0,1.0,0.0,0.0,0.0,0.0,0.0,0.0,0.0,0.0,0.0,0.0,0.0,0.0,0.0,0.0,0.0,0.0,0.0,0.0,0.0,0.0,0.0,0.0,0.0,0.0,0.0,0.0,0.0,0.0,0.0,0.0,0.0,0.0,0.0,2.0
SMOTE_000111,attack,union,-2797'   )    )     )   union all select 5711#,nearest_attack_euclidean,R000285,0.06277155133393764,46.119973261772486,20.047989304708995,3.4615297285049933,14.0,8.191957218835984,17.90402139058201,6.023994652354498,0.30363187311815226,0.1772677945320867,0.3885019033481959,0.1305984290015652,1.0,0.0,1.0,0.0,0.0,0.0,0.0,2.9760053476455015,0.0,0.0,0.047989304708996094,1.0,1.0,0.0,0.0,1.0,0.0,0.0,1.0,0.0,0.0,0.0,0.0,1.0,1.0,0.0,0.0,0.0,0.0,0.0,0.0,0.0,0.0,0.0,0.0,0.0,0.0,0.0,0.0,0.0,0.0,0.0,0.0,0.0,0.0,0.0,0.0,0.0,0.0,0.0,0.0,0.0,0.0,0.0,0.0,0.0,0.0,0.0,2.0
SMOTE_000112,attack,union,"1%"" union all select null,null,null,null,null,null#",nearest_attack_euclidean,R000212,0.613650146637868,46.661321914669244,15.826452876586771,3.3071911430731675,34.52905753173539,1.0,4.0,7.1322643829338475,0.7359364263658175,0.022879847726493763,0.09151939090597515,0.14966433500171367,0.0,1.0,0.0,0.0,0.0,0.0,0.0,0.0,1.0,0.0,4.132264382933848,0.0,0.0,1.0,0.0,1.0,0.0,0.0,0.0,0.0,0.0,0.0,0.0,1.0,1.0,0.0,0.0,0.0,0.0,0.0,0.0,0.0,0.0,0.0,0.0,0.0,0.0,0.0,0.0,0.0,0.0,0.0,0.0,0.0,0.0,0.0,0.0,0.0,0.0,0.0,0.0,0.0,0.0,0.0,0.0,0.0,0.0,0.0,2.0
SMOTE_000113,attack,union,"-7007  )   union all select 6704,6704--",nearest_attack_euclidean,R000240,1.4994540517879111,34.743037403514926,16.10801662378441,3.5982347635578074,15.891983376215592,6.797045715407124,8.0,4.054008311892204,0.47297848548991384,0.17792165304162288,0.23423564168536806,0.11486421978309519,0.0,0.0,2.527004155946102,0.0,0.0,0.0,0.0,1.0,0.0,0.0,0.5270041559461025,2.527004155946102,0.0,0.0,1.0,0.0,0.0,0.0,1.0,0.0,0.0,0.0,0.0,1.0,1.0,0.0,0.0,0.0,0.0,0.0,0.0,0.0,0.0,0.0,0.0,0.0,0.0,0.0,0.0,0.0,0.0,0.0,0.0,0.0,0.0,0.0,0.0,0.0,0.0,0.0,0.0,0.0,0.0,0.0,0.0,0.0,0.0,0.0,2.0
SMOTE_000114,attack,union,"-7235""  )   union all select 4624,4624,4624,4624,4624,4624,4624,4624,4624,4624#",nearest_attack_euclidean,R000089,0.11814565423260623,79.0,22.0,3.5731693916259375,14.0,44.0,8.0,13.0,0.17721518987341772,0.5569620253164557,0.10126582278481013,0.16455696202531644,0.0,1.0,1.0,0.0,0.0,0.0,0.0,1.0,0.0,0.0,9.0,1.0,0.0,1.0,0.0,1.0,0.0,0.0,1.0,0.0,0.0,0.0,0.0,1.0,1.0,0.0,0.0,0.0,0.0,0.0,0.0,0.0,0.0,0.0,0.0,0.0,0.0,0.0,0.0,0.0,0.0,0.0,0.0,0.0,0.0,0.0,0.0,0.0,0.0,0.0,0.0,0.0,0.0,0.0,0.0,0.0,0.0,0.0,2.0
SMOTE_000115,attack,union,"1"" union all select null,null,null,null,null,null#",nearest_attack_euclidean,R000204,0.9400244000794233,47.303305230426886,15.269669476957311,3.2344928681109395,34.763966276512264,1.0,5.078677907829245,6.460661046085377,0.7303363575346957,0.021348347384786526,0.11236033723487737,0.13595495784564035,0.0,1.0,0.0,0.0,0.0,0.0,0.0,0.26966947695731125,0.0,0.0,4.190991569128066,0.0,0.0,1.0,0.0,1.0,0.0,0.0,0.2696694769573114,0.0,0.0,0.0,0.0,1.0,1.0,0.0,0.0,0.0,0.0,0.0,0.0,0.0,0.0,0.0,0.0,0.0,0.0,0.0,0.0,0.0,0.0,0.0,0.0,0.0,0.0,0.0,0.0,0.0,0.0,0.0,0.0,0.0,0.0,0.0,0.0,0.0,0.0,0.0,2.0
SMOTE_000116,attack,union,"-7043""  )   where 9755  =  9755 union all select 9755,9755,9755,9755,9755,9755#",nearest_attack_euclidean,R000276,1.3581279177205707,81.88882805357294,26.0,3.8549287994117925,21.47613833163394,36.0,14.825379443877981,9.58731027806101,0.2612197814514565,0.4403889005109471,0.18085978559263166,0.11753153244496475,0.0,0.5873102780610095,1.0,0.0,0.0,1.0,0.0,1.0,0.0,0.0,5.0,2.0,0.0,0.5873102780610095,0.0,1.0,0.0,1.0,1.0,0.0,0.0,0.0,0.0,1.0,1.0,1.0,0.0,0.0,0.0,0.0,0.0,0.0,0.0,0.0,0.0,0.0,0.0,0.0,0.0,0.0,0.0,0.0,0.0,0.0,0.0,0.0,0.0,0.0,0.0,0.0,0.0,0.0,0.0,0.0,0.0,0.0,0.0,0.0,3.0
SMOTE_000117,attack,union,"-2246""   )    )    union all select 4613,4613,4613,4613,4613,4613#",nearest_attack_euclidean,R000097,0.04095663392907115,65.92959456651852,21.023468477827162,3.8043896000075796,14.0,28.0,13.929594566518514,10.0,0.212370120219379,0.424740240438758,0.2111966963280209,0.15169294301384215,0.0,1.0,1.0,0.0,0.0,0.0,0.0,1.988265761086419,0.011734238913581274,0.0,5.0,1.0,0.0,1.0,0.0,1.0,0.0,0.0,1.0,0.0,0.0,0.0,0.0,1.0,1.0,0.0,0.0,0.0,0.0,0.0,0.0,0.0,0.0,0.0,0.0,0.0,0.0,0.0,0.0,0.0,0.0,0.0,0.0,0.0,0.0,0.0,0.0,0.0,0.0,0.0,0.0,0.0,0.0,0.0,0.0,0.0,0.0,0.0,2.0
SMOTE_000118,attack,union," select * from users where id  =  1 *1 union select 1,banner from v$version where rownum  =  1 -- 1",nearest_attack_euclidean,R000003,1.3062835465537206,98.6148233020673,25.38517669793271,4.030454878226689,62.38517669793271,4.61482330206729,23.614823302067293,8.0,0.6326544473682918,0.0467731797973949,0.23944668600855978,0.08112568682575362,0.0,0.0,2.0,0.0,1.6148233020672902,2.0,0.0,0.0,0.0,0.0,1.0,5.61482330206729,0.0,0.0,1.0,0.3851766979327099,0.0,1.0,0.0,0.0,0.0,0.0,0.0,2.0,1.0,2.0,1.9999999999999998,0.0,0.0,0.0,0.0,0.0,0.0,0.0,0.0,0.0,0.0,0.0,0.0,0.0,0.0,0.0,0.0,0.0,0.0,0.0,0.0,0.0,0.0,0.0,0.0,0.0,0.0,0.0,0.0,0.0,0.0,0.0,7.0
SMOTE_000119,attack,union,"-6550'  )   where 1675  =  1675 union all select 1675,1675,1675,1675,1675,1675,1675--",nearest_attack_euclidean,R000219,1.1180373363896956,85.8202914219131,24.0,3.9158549908095965,21.460874265739278,38.35941715617382,14.820291421913092,11.179708578086908,0.24970774517531977,0.44729395556433404,0.17258156740443942,0.13041673185590671,0.5898542890434539,0.0,3.0,0.0,0.0,1.0,0.0,1.0,0.0,0.0,5.589854289043454,4.0,0.5898542890434539,0.0,1.0,0.0,0.0,1.0,1.0,0.0,0.0,0.0,0.0,1.0,1.0,1.0,0.0,0.0,0.0,0.0,0.0,0.0,0.0,0.0,0.0,0.0,0.0,0.0,0.0,0.0,0.0,0.0,0.0,0.0,0.0,0.0,0.0,0.0,0.0,0.0,0.0,0.0,0.0,0.0,0.0,0.0,0.0,0.0,3.0
SMOTE_000120,attack,union,"1'||  (  select 'hfbt' where 7204  =  7204 union all select null,null,null,null,null,null,null,null,null,null--",nearest_attack_euclidean,R000133,0.4235919259715696,110.91122155971453,27.088778440285463,3.921367118553028,66.15908991086519,11.752131648849346,15.177556880570926,17.822443119429074,0.5962968626114442,0.10616589836075727,0.13685835301782595,0.16067888600997263,3.0,0.0,2.088778440285463,0.0,0.0,1.0,0.0,1.0,0.0,0.0,8.733664679143612,5.088778440285463,1.0,0.0,1.0,0.0,0.0,1.0,1.0,0.0,0.0,0.0,1.0,2.0,1.0,1.0,0.08877844028546276,0.0,0.0,0.0,0.0,0.0,0.0,0.0,0.0,0.0,0.0,0.0,0.0,0.0,0.0,0.0,0.0,0.0,0.0,0.0,0.0,0.0,0.0,0.0,0.0,0.0,0.0,0.0,0.0,0.0,0.0,0.0,4.088778440285463
SMOTE_000121,attack,union," select * from users where id  =  '1' + $ . union select 1,@@VERSION -- 1'",nearest_attack_euclidean,R000012,1.6701826690515016,76.44643218625765,30.145829116032743,4.178726710039702,40.0,3.0,20.854170883967257,12.592261302290392,0.524010593336097,0.039300794500207265,0.27148190305083436,0.1652067091128614,3.0,0.0,2.0,0.0,1.0000000000000002,1.0,0.0,0.8154773954192167,0.0,0.0,1.0,4.592261302290392,1.0,0.0,1.0,0.0,0.0,1.0,0.40773869770960836,0.0,0.0,0.0,0.0,2.0,1.0,1.0,1.0,0.0,0.0,0.0,0.0,0.0,0.0,0.0,0.0,0.0,0.0,0.0,0.0,0.0,0.0,0.0,0.0,0.0,0.0,0.0,0.0,0.0,0.0,0.0,0.0,0.0,0.0,0.0,0.0,0.0,0.0,0.0,5.0
SMOTE_000122,attack,union,"-9574%'   )    )    union all select 5645,5645,5645,5645,5645,5645,5645--",nearest_attack_euclidean,R000141,0.018816729000780272,73.055034367763,21.0,3.6337020931256045,14.0,32.04891943801155,14.0,13.006114929751444,0.1916521080606946,0.43865853979392366,0.1916521080606946,0.17803724408468702,1.0,0.0,3.0,0.0,0.0,0.0,0.0,2.0,0.9938850702485558,0.0,6.012229859502888,3.0,1.0,0.0,1.0,0.0,0.0,0.0,1.0,0.0,0.0,0.0,0.0,1.0,1.0,0.0,0.0,0.0,0.0,0.0,0.0,0.0,0.0,0.0,0.0,0.0,0.0,0.0,0.0,0.0,0.0,0.0,0.0,0.0,0.0,0.0,0.0,0.0,0.0,0.0,0.0,0.0,0.0,0.0,0.0,0.0,0.0,0.0,2.0
SMOTE_000123,attack,union," select * from users where id  =  1 union select !<@,version  (    )   -- 1",nearest_attack_euclidean,R000041,0.29817803941548887,75.37851084699352,27.0,3.9187567146176336,40.0,2.0,23.0,10.378510846993526,0.5306771168632033,0.026533855843160176,0.30513934219634187,0.1376496850972946,0.0,0.0,2.0,0.0,1.0000000000000002,1.0,0.0,2.0,0.0,0.0,1.0,5.621489153006474,0.0,0.0,1.0,0.0,0.0,1.0,1.0,0.0,0.0,0.0,0.0,2.0,1.0,1.0,1.0,0.0,0.0,0.0,0.0,0.0,0.0,0.0,0.0,0.0,0.0,0.0,0.0,0.0,0.0,0.0,0.0,0.0,0.0,0.0,0.0,0.0,0.0,0.0,0.0,0.0,0.0,0.0,0.0,0.0,0.0,0.0,5.0
SMOTE_000124,attack,union,"-6659'  )   where 1256  =  1256 union all select 1256,1256--",nearest_attack_euclidean,R000160,0.8821192873055831,63.074722497546496,24.236517115195884,3.98378910324845,24.20337653430945,17.398311732845276,14.236517115195884,7.236517115195884,0.3746079599555214,0.2836539392739239,0.2267454136863247,0.11499268708423005,1.0,0.0,2.763482884804116,0.0,0.0,1.0,0.0,1.0,0.0,0.0,1.2365171151958845,4.0,1.0,0.0,1.0,0.0,0.0,1.0,1.0,0.0,0.0,0.0,0.0,1.2365171151958843,1.0,1.0,0.0,0.0,0.0,0.0,0.0,0.0,0.0,0.0,0.0,0.0,0.0,0.0,0.0,0.0,0.0,0.0,0.0,0.0,0.0,0.0,0.0,0.0,0.0,0.0,0.0,0.0,0.0,0.0,0.0,0.0,0.0,0.0,3.236517115195884
SMOTE_000125,attack,union,"1'   )    )    union all select null,null,null,null,null,null#",nearest_attack_euclidean,R000225,0.028188323190447704,62.23658379236962,16.0,3.192007501353372,38.14195027542178,1.0,14.047316758473924,9.047316758473926,0.6128659978296822,0.016082497287102787,0.2257319956593644,0.14531950922385067,1.0,0.0,0.0,0.0,0.0,0.0,0.0,2.011829189618481,0.0,0.0,5.0354875688554435,0.0,1.0,0.0,0.0,1.0,0.0,0.0,1.0,0.0,0.0,0.0,0.0,1.0,1.0,0.0,0.0,0.0,0.0,0.0,0.0,0.0,0.0,0.0,0.0,0.0,0.0,0.0,0.0,0.0,0.0,0.0,0.0,0.0,0.0,0.0,0.0,0.0,0.0,0.0,0.0,0.0,0.0,0.0,0.0,0.0,0.0,0.0,2.0
SMOTE_000126,attack,union," select * from users where id  =  1 union select 1a,banner from v$version where rownum  =  1 -- 1",nearest_attack_euclidean,R000028,1.2251850977377794,91.41869364603716,26.562765779109597,4.106603986834282,58.75820717098824,3.5534954916829715,21.437234220890403,7.669756762475542,0.6409175824578348,0.03823228638446444,0.23378891259557766,0.08706121856212307,0.0,0.0,2.0,0.0,1.0000000000000002,1.776747745841486,0.0,0.0,0.0,0.0,1.0,5.0,0.0,0.0,1.0,0.0,0.0,1.0,0.0,0.0,0.0,0.0,0.0,2.0,1.0,1.776747745841486,1.7767477458414858,0.0,0.0,0.0,0.0,0.0,0.0,0.0,0.0,0.0,0.0,0.0,0.0,0.0,0.0,0.0,0.0,0.0,0.0,0.0,0.0,0.0,0.0,0.0,0.0,0.0,0.0,0.0,0.0,0.0,0.0,0.0,6.553495491682972
SMOTE_000127,attack,union," select * from users where id  =  '1' union select @ @1,version  (    )   --  1'",nearest_attack_euclidean,R000018,0.20551674963334035,80.14519649981554,26.290392999631077,3.8940304565049106,40.0,3.1451964998155386,24.85480350018446,12.145196499815539,0.49910372530978064,0.0392253287786723,0.3101472789381741,0.15152366697337294,3.0,0.0,2.0,0.0,1.0000000000000002,1.0,0.0,2.0,0.0,0.0,1.0,4.290392999631076,1.0,0.0,1.0,0.0,0.0,1.0,1.0,0.0,0.0,0.0,0.0,2.0,1.0,1.0,1.0,0.0,0.0,0.0,0.0,0.0,0.0,0.0,0.0,0.0,0.0,0.0,0.0,0.0,0.0,0.0,0.0,0.0,0.0,0.0,0.0,0.0,0.0,0.0,0.0,0.0,0.0,0.0,0.0,0.0,0.0,0.0,5.0
SMOTE_000128,attack,union," select * from users where id  =  '1' ||1 union select 1,banner from v$version where rownum  =  1 -- 1'",nearest_attack_euclidean,R000006,0.11462004366655992,102.85717680228122,27.07141159885939,4.125302230798901,61.55367750712881,5.410616693441501,23.875029701996063,12.017852899714848,0.5981485765450005,0.05293895098753898,0.23204453919783807,0.11686793326962236,3.0,0.0,2.017852899714848,0.0,0.9821471002851521,1.982147100285152,0.0,0.017852899714847714,0.0,0.0,1.0357057994296959,6.982147100285152,1.0,0.0,1.0,0.0,0.0,1.0,0.017852899714847936,0.0,0.0,0.0,1.0,2.0,1.0,1.982147100285152,1.982147100285152,0.0,0.0,0.0,0.0,0.0,0.0,0.0,0.0,0.0,0.0,0.0,0.0,0.0,0.0,0.0,0.0,0.0,0.0,0.0,0.0,0.0,0.0,0.0,0.0,0.0,0.0,0.0,0.0,0.0,0.0,0.0,6.964294200570304
SMOTE_000129,attack,union,"1'  )   union all select null,null,null,null,null,null#",nearest_attack_euclidean,R000070,0.7907776616808284,56.952431973419344,16.976215986709676,3.3599780667947843,39.62702664451612,1.0,8.976215986709674,7.349189342193551,0.6954676752484208,0.017599871244882465,0.15680251072479204,0.13012994278190476,1.0,0.0,0.0,0.0,0.0,0.0,0.0,1.0,0.0,0.0,4.349189342193551,0.0,1.0,0.0,0.0,1.0,0.0,0.0,1.0,0.0,0.0,0.0,0.0,1.0,1.0,0.0,0.0,0.0,0.0,0.0,0.0,0.0,0.0,0.0,0.0,0.0,0.0,0.0,0.0,0.0,0.0,0.0,0.0,0.0,0.0,0.0,0.0,0.0,0.0,0.0,0.0,0.0,0.0,0.0,0.0,0.0,0.0,0.0,2.0
SMOTE_000130,attack,union,"-4347' union all select 6074,6074,6074,6074,6074,6074,6074--",nearest_attack_euclidean,R000080,0.7110558044605658,55.376656892166196,19.92466862156676,3.8922934135147464,14.0,28.301325513732955,4.0,9.075331378433239,0.25490893450322444,0.5086755034248864,0.0728311241437784,0.16358443792811078,1.0,0.0,3.0,0.0,0.0,0.0,0.0,0.0,0.0,0.0,5.07533137843324,3.0,1.0,0.0,1.0,0.0,0.0,0.0,0.0,0.0,0.0,0.0,0.0,1.0,1.0,0.0,0.0,0.0,0.0,0.0,0.0,0.0,0.0,0.0,0.0,0.0,0.0,0.0,0.0,0.0,0.0,0.0,0.0,0.0,0.0,0.0,0.0,0.0,0.0,0.0,0.0,0.0,0.0,0.0,0.0,0.0,0.0,0.0,2.0
SMOTE_000131,attack,union,"-5706""   )    )    union all select 2013,2013,2013,2013#",nearest_attack_euclidean,R000091,1.4814565689426198,47.97402234683902,23.0,4.016667756349382,14.0,15.413727055336588,11.706863527668293,6.853431763834147,0.3073284118082926,0.3080042184500349,0.24181022688452963,0.14285714285714285,0.0,1.0,1.0,0.0,0.0,0.0,0.0,1.6178105879447156,0.3821894120552844,0.0,1.853431763834147,1.0,0.0,1.0,0.0,1.0,0.0,0.0,1.0,0.0,0.0,0.0,0.0,1.0,1.0,0.0,0.0,0.0,0.0,0.0,0.0,0.0,0.0,0.0,0.0,0.0,0.0,0.0,0.0,0.0,0.0,0.0,0.0,0.0,0.0,0.0,0.0,0.0,0.0,0.0,0.0,0.0,0.0,0.0,0.0,0.0,0.0,0.0,2.0
SMOTE_000132,attack,union,"-8098%'  )   union all select 5697,5697,5697,5697,5697,5697,5697,5697,5697,5697#",nearest_attack_euclidean,R000072,1.1163775883082903,75.9855308107277,22.59855308107277,3.7378738074823046,14.0,42.39421232429108,6.3942123242910816,13.197106162145541,0.18503617297318073,0.5586024339770121,0.08279513204597588,0.17356626100383132,1.0,0.0,1.0,0.0,0.0,0.0,0.0,0.5985530810727702,1.0,0.0,8.59855308107277,1.0,1.0,0.0,0.0,1.0,0.0,0.0,0.5985530810727703,0.0,0.0,0.0,0.0,1.0,1.0,0.0,0.0,0.0,0.0,0.0,0.0,0.0,0.0,0.0,0.0,0.0,0.0,0.0,0.0,0.0,0.0,0.0,0.0,0.0,0.0,0.0,0.0,0.0,0.0,0.0,0.0,0.0,0.0,0.0,0.0,0.0,0.0,0.0,2.0
SMOTE_000133,attack,union,-5970' where 2769  =  2769 union all select 2769--,nearest_attack_euclidean,R000237,0.29988156618543976,51.06845650423669,23.10684565042367,4.067925778852718,19.0,16.427382601694674,10.427382601694676,5.213691300847338,0.37323310880650096,0.3214246086723156,0.20356152168078898,0.10178076084039449,1.0,0.0,3.0,0.0,0.0,1.0,0.0,0.10684565042366878,0.0,0.0,0.10684565042366856,4.0,1.0,0.0,1.0,0.0,0.0,1.0,0.10684565042366889,0.0,0.0,0.0,0.0,1.0,1.0,1.0,0.0,0.0,0.0,0.0,0.0,0.0,0.0,0.0,0.0,0.0,0.0,0.0,0.0,0.0,0.0,0.0,0.0,0.0,0.0,0.0,0.0,0.0,0.0,0.0,0.0,0.0,0.0,0.0,0.0,0.0,0.0,0.0,3.0
SMOTE_000134,attack,union,"1""   )    )     )   union all select null,null,null#",nearest_attack_euclidean,R000181,1.1973365044324238,49.22642703035247,18.31131080803961,3.316317646970232,20.452854060704933,4.235835131255456,18.0,6.5377378383920774,0.4095574031636674,0.09073453168684414,0.3670252146545383,0.13268285049495016,0.0,1.0,0.46226216160792233,0.0,0.0,0.0,0.0,3.0,0.0,0.0,1.0754756767841553,0.46226216160792255,0.0,1.0,0.0,1.0,0.0,0.0,1.0,0.0,0.0,0.0,0.0,1.0,1.0,0.0,0.0,0.0,0.0,0.0,0.0,0.0,0.0,0.0,0.0,0.0,0.0,0.0,0.0,0.0,0.0,0.0,0.0,0.0,0.0,0.0,0.0,0.0,0.0,0.0,0.0,0.0,0.0,0.0,0.0,0.0,0.0,0.0,2.0
SMOTE_000135,attack,union,"-8080""  )   as nlos where 8917  =  8917 union all select 8917,8917,8917,8917--",nearest_attack_euclidean,R000065,0.12561147056932112,77.1637836154491,24.250864915365266,4.03828486615936,25.0,27.33102689235929,16.0,8.832756723089823,0.3244542627476946,0.3535509344591722,0.20765072815852453,0.11434407463460863,0.0,1.0,3.0,0.0,0.0,1.0,0.0,1.0,0.0,0.0,2.8327567230898225,4.0,0.0,1.0,1.0,0.0,0.0,1.0,1.0,0.0,0.0,0.0,0.0,1.0,1.0,1.0,0.0,0.0,0.0,0.0,0.0,0.0,0.0,0.0,0.0,0.0,0.0,0.0,0.0,0.0,0.0,0.0,0.0,0.0,0.0,0.0,0.0,0.0,0.0,0.0,0.0,0.0,0.0,0.0,0.0,0.0,0.0,0.0,3.0
SMOTE_000136,attack,union,"-6253' union all select 5756,5756,5756,5756,5756,5756,5756,5756,5756,5756#",nearest_attack_euclidean,R000177,0.09480436179563412,73.37059596306324,20.125880807387354,3.406425897671004,14.0,43.496476770450585,4.0,11.874119192612646,0.1909149346880366,0.5927209280529888,0.05454712419658189,0.16181701306239268,1.0,0.0,1.0,0.0,0.0,0.0,0.0,0.0,0.0,0.0,8.874119192612646,1.0,1.0,0.0,0.0,1.0,0.0,0.0,0.0,0.0,0.0,0.0,0.0,1.0,1.0,0.0,0.0,0.0,0.0,0.0,0.0,0.0,0.0,0.0,0.0,0.0,0.0,0.0,0.0,0.0,0.0,0.0,0.0,0.0,0.0,0.0,0.0,0.0,0.0,0.0,0.0,0.0,0.0,0.0,0.0,0.0,0.0,0.0,2.0
SMOTE_000137,attack,union,"-3179'+  (  select 'tzzz' where 3191  =  3191 union all select 3191,3191,3191,3191,3191#",nearest_attack_euclidean,R000081,1.5437200002596982,82.1810741752208,27.939641941593067,4.083267779132544,29.0,28.120716116813867,15.0,10.060358058406935,0.35477704080720646,0.3404349050048676,0.18350536593476194,0.12128268825316396,2.0301790292034676,0.0,1.0,0.0,0.0,1.0,0.0,1.0,0.0,0.0,3.0301790292034676,3.0,1.0,0.0,0.0,1.0,0.0,1.0,1.0,0.0,0.0,0.0,0.0,2.0,1.0,1.0,0.0,0.0,0.0,0.0,0.0,0.0,0.0,0.0,0.0,0.0,0.0,0.0,0.0,0.0,0.0,0.0,0.0,0.0,0.0,0.0,0.0,0.0,0.0,0.0,0.0,0.0,0.0,0.0,0.0,0.0,0.0,0.0,4.0
SMOTE_000138,attack,union,"1%"" union all select null,null,null#",nearest_attack_euclidean,R000247,0.539365939944424,39.19163207020384,16.15958160351019,3.4691377873993163,27.9149792421223,1.0,4.638326414040765,5.638326414040767,0.715256358576936,0.02619462694930369,0.1161771937622283,0.14237182071153198,0.0,1.0,0.0,0.0,0.0,0.0,0.0,0.15958160351019157,1.0,0.0,2.478744810530575,0.0,0.0,1.0,0.0,1.0,0.0,0.0,0.15958160351019168,0.0,0.0,0.0,0.0,1.0,1.0,0.0,0.0,0.0,0.0,0.0,0.0,0.0,0.0,0.0,0.0,0.0,0.0,0.0,0.0,0.0,0.0,0.0,0.0,0.0,0.0,0.0,0.0,0.0,0.0,0.0,0.0,0.0,0.0,0.0,0.0,0.0,0.0,0.0,2.0
SMOTE_000139,attack,union,"-1134 union all select 1297,1297,1297,1297,1297,1297,1297,1297,1297--",nearest_attack_euclidean,R000130,0.18254335142469744,68.76999169242616,19.057502076893456,3.663710906984221,14.0,39.76999169242617,4.0,11.0,0.20361652537481242,0.5782229117236029,0.058176150107089264,0.15998441279449546,0.0,0.05750207689345829,3.0,0.0,0.0,0.0,0.0,0.0,0.0,0.0,7.942497923106542,3.0,0.0,0.05750207689345829,1.0,0.0,0.0,0.0,0.0,0.0,0.0,0.0,0.0,1.0,1.0,0.0,0.0,0.0,0.0,0.0,0.0,0.0,0.0,0.0,0.0,0.0,0.0,0.0,0.0,0.0,0.0,0.0,0.0,0.0,0.0,0.0,0.0,0.0,0.0,0.0,0.0,0.0,0.0,0.0,0.0,0.0,0.0,0.0,2.0
SMOTE_000140,attack,union,"-4964""   )    )    union all select 4750,4750,4750,4750,4750--",nearest_attack_euclidean,R000098,0.10973578384901105,61.31846763035712,20.943205635863094,3.8315335390067413,14.0,23.772822543452374,13.659233815178561,9.886411271726187,0.22888433973387107,0.3878296046985407,0.22206901603744228,0.16121703953014593,0.0,1.0,3.0,0.0,0.0,0.0,0.0,1.9432056358630934,0.0,0.0,3.9432056358630936,3.0,0.0,1.0,1.0,0.0,0.0,0.0,1.0,0.0,0.0,0.0,0.0,1.0,1.0,0.0,0.0,0.0,0.0,0.0,0.0,0.0,0.0,0.0,0.0,0.0,0.0,0.0,0.0,0.0,0.0,0.0,0.0,0.0,0.0,0.0,0.0,0.0,0.0,0.0,0.0,0.0,0.0,0.0,0.0,0.0,0.0,0.0,2.0
SMOTE_000141,attack,union,"1%' union all select null,null,null,null,null,null,null,null,null#",nearest_attack_euclidean,R000230,0.9751752260051108,67.7382900927553,16.2483271561079,3.084662508444467,49.006691375568394,1.0,6.483271561079004,11.248327156107901,0.7259292499273037,0.014790724347705425,0.09318031603573952,0.16609970968925136,1.0,0.0,0.0,0.0,0.0,0.0,0.0,0.4966543122158006,1.0,0.0,7.751672843892099,0.0,1.0,0.0,0.0,1.0,0.0,0.0,0.2483271561079003,0.0,0.0,0.0,0.0,1.0,1.0,0.0,0.0,0.0,0.0,0.0,0.0,0.0,0.0,0.0,0.0,0.0,0.0,0.0,0.0,0.0,0.0,0.0,0.0,0.0,0.0,0.0,0.0,0.0,0.0,0.0,0.0,0.0,0.0,0.0,0.0,0.0,0.0,0.0,2.0
SMOTE_000142,attack,union,"-2434  )   union all select 8310,8310,8310,8310,8310--",nearest_attack_euclidean,R000146,0.6877631608599399,54.28051397357389,20.56102794714778,3.969746810162174,14.0,24.0,8.0,8.28051397357389,0.2579369711683386,0.442177664860009,0.1473925549533363,0.15249280901831613,0.2805139735738904,0.0,3.0,0.0,0.0,0.0,0.0,1.0,0.0,0.0,4.0,3.0,0.2805139735738904,0.0,1.0,0.0,0.0,0.0,1.0,0.0,0.0,0.0,0.0,1.0,1.0,0.0,0.0,0.0,0.0,0.0,0.0,0.0,0.0,0.0,0.0,0.0,0.0,0.0,0.0,0.0,0.0,0.0,0.0,0.0,0.0,0.0,0.0,0.0,0.0,0.0,0.0,0.0,0.0,0.0,0.0,0.0,0.0,0.0,2.0
SMOTE_000143,attack,union,"1'   )    )     )   union all select null,null,null,null,null,null,null,null,null,null#",nearest_attack_euclidean,R000236,0.5738113630155843,84.71939333918252,15.792672121743866,3.0451163107522867,52.34137697395092,1.0,18.0,13.378016365231595,0.617491312222909,0.011839172211254939,0.21310509980258843,0.15756441576324767,0.7926721217438651,0.0,0.0,0.0,0.0,0.0,0.0,3.0,0.0,0.0,8.58534424348773,0.0,0.7926721217438653,0.0,0.0,1.0,0.0,0.0,1.0,0.0,0.0,0.0,0.0,1.0,1.0,0.0,0.0,0.0,0.0,0.0,0.0,0.0,0.0,0.0,0.0,0.0,0.0,0.0,0.0,0.0,0.0,0.0,0.0,0.0,0.0,0.0,0.0,0.0,0.0,0.0,0.0,0.0,0.0,0.0,0.0,0.0,0.0,0.0,2.0
SMOTE_000144,attack,union,"-9997' union all select 9347,9347,9347,9347,9347,9347,9347,9347#",nearest_attack_euclidean,R000134,0.0002523666290831917,64.00048841665468,19.000244208327338,3.64078913733593,14.0,36.000325611103115,4.0,10.000162805551557,0.2187484736979541,0.562500726810498,0.06249956391370118,0.15625123557784665,1.0,0.0,1.0,0.0,0.0,0.0,0.0,0.0,8.140277577914357e-05,0.0,7.000081402775779,1.0,1.0,0.0,0.0,1.0,0.0,0.0,0.0,0.0,0.0,0.0,0.0,1.0,1.0,0.0,0.0,0.0,0.0,0.0,0.0,0.0,0.0,0.0,0.0,0.0,0.0,0.0,0.0,0.0,0.0,0.0,0.0,0.0,0.0,0.0,0.0,0.0,0.0,0.0,0.0,0.0,0.0,0.0,0.0,0.0,0.0,0.0,2.0
SMOTE_000145,attack,union,-5970' where 2769  =  2769 union all select 2769--,nearest_attack_euclidean,R000237,0.20884331981761795,50.70075799781432,22.922138000242853,4.062188509629879,19.0,16.622895998057174,10.0,5.077861999757147,0.37548664340390775,0.32675683794502697,0.19762454915995148,0.1001319694911138,0.9221380002428533,0.0,3.0,0.0,0.0,1.0,0.0,0.0,0.0,0.0,0.1557239995142936,4.0,0.9221380002428533,0.0,1.0,0.0,0.0,1.0,0.0,0.0,0.0,0.0,0.0,1.0,1.0,1.0,0.0,0.0,0.0,0.0,0.0,0.0,0.0,0.0,0.0,0.0,0.0,0.0,0.0,0.0,0.0,0.0,0.0,0.0,0.0,0.0,0.0,0.0,0.0,0.0,0.0,0.0,0.0,0.0,0.0,0.0,0.0,0.0,3.0
SMOTE_000146,attack,union,"1'  )   union all select null,null,null,null,null,null,null#",nearest_attack_euclidean,R000295,0.1178092750261469,60.12054705071389,16.0,3.182179454428084,41.75890589857222,1.0,8.361641152141658,9.0,0.6947503703721372,0.016634261545507012,0.13890701417279258,0.14970835390956316,1.0,0.0,0.0,0.0,0.0,0.0,0.0,1.0602735253569429,0.0,0.0,5.939726474643057,0.0,1.0,0.0,0.0,1.0,0.0,0.0,1.0,0.0,0.0,0.0,0.0,1.0,1.0,0.0,0.0,0.0,0.0,0.0,0.0,0.0,0.0,0.0,0.0,0.0,0.0,0.0,0.0,0.0,0.0,0.0,0.0,0.0,0.0,0.0,0.0,0.0,0.0,0.0,0.0,0.0,0.0,0.0,0.0,0.0,0.0,0.0,2.0
SMOTE_000147,attack,union," select * from users where id  =  1.*\ union select null,@@VERSION -- 1",nearest_attack_euclidean,R000040,0.6776911139396635,71.25567445812698,31.255674458126972,4.395276431436767,44.0,2.0,15.255674458126972,10.0,0.6175176689832577,0.02806898495378446,0.21406842129403567,0.1403449247689222,0.0,0.0,2.0,0.0,1.744325541873029,1.0,0.0,0.0,0.0,0.0,1.0,5.0,0.0,0.0,1.0,0.0,0.0,1.0,0.0,0.0,0.0,0.0,0.0,2.0,1.0,1.0,1.0,0.0,0.0,0.0,0.0,0.0,0.0,0.0,0.0,0.0,0.0,0.0,0.0,0.0,0.0,0.0,0.0,0.0,0.0,0.0,0.0,0.0,0.0,0.0,0.0,0.0,0.0,0.0,0.0,0.0,0.0,0.0,5.0
SMOTE_000148,attack,union," select * from users where id  =  '1' + @ 1! union select 1,version  (    )   -- 1'",nearest_attack_euclidean,R000037,0.19063208936565396,82.16855769513361,28.0,3.9539347358686556,40.0,4.0,25.168557695133615,13.0,0.48687456376538085,0.04868745637653807,0.3062037466343323,0.15823423322374877,3.0,0.0,2.0,0.0,1.0000000000000002,1.0,0.0,2.0,0.0,0.0,1.0,6.0,1.0,0.0,1.0,0.0,0.0,1.0,1.0,0.0,0.0,0.0,0.0,2.0,1.0,1.0,1.0,0.0,0.0,0.0,0.0,0.0,0.0,0.0,0.0,0.0,0.0,0.0,0.0,0.0,0.0,0.0,0.0,0.0,0.0,0.0,0.0,0.0,0.0,0.0,0.0,0.0,0.0,0.0,0.0,0.0,0.0,0.0,5.0
SMOTE_000149,attack,union,"-2384'||  (  select 'vhcp' from dual where 1266  =  1266 union all select 1266,1266,1266,1266--",nearest_attack_euclidean,R000183,1.746406975026371,86.93015218043598,29.34266943829941,4.299605768529249,37.0,21.650414966816815,15.937067775319765,12.34266943829941,0.4420636310293586,0.22800913387257812,0.18813944055548806,0.1417877945425752,3.0,0.0,2.4685338876598824,0.0,0.0,1.0,0.0,1.0,0.0,0.0,2.874135550639528,5.468533887659882,1.0,0.0,1.0,0.0,0.0,1.0,1.0,0.0,0.0,0.0,1.0,2.0,1.0,1.0,0.468533887659882,0.0,0.0,0.0,0.0,0.0,0.0,0.0,0.0,0.0,0.0,0.0,0.0,0.0,0.0,0.0,0.0,0.0,0.0,0.0,0.0,0.0,0.0,0.0,0.0,0.0,0.0,0.0,0.0,0.0,0.0,0.0,4.468533887659882
SMOTE_000150,attack,union,"-4694%""   )    )     )   union all select 9178,9178,9178,9178,9178--",nearest_attack_euclidean,R000222,0.5312426341803987,68.0,21.660183490490684,3.782337452829321,14.0,25.35926603803727,16.64073396196273,12.0,0.20588235294117643,0.3729303829123128,0.24471667591121665,0.17647058823529413,0.0,1.0,3.0,0.0,0.0,0.0,0.0,2.6601834904906827,1.0,0.0,4.339816509509317,3.0,0.0,1.0,1.0,0.0,0.0,0.0,1.0,0.0,0.0,0.0,0.0,1.0,1.0,0.0,0.0,0.0,0.0,0.0,0.0,0.0,0.0,0.0,0.0,0.0,0.0,0.0,0.0,0.0,0.0,0.0,0.0,0.0,0.0,0.0,0.0,0.0,0.0,0.0,0.0,0.0,0.0,0.0,0.0,0.0,0.0,0.0,2.0
SMOTE_000151,attack,union,"-4135'   )    )     )   union all select 4413,4413,4413#",nearest_attack_euclidean,R000291,0.06751461092240939,55.524061247285594,20.0,3.5549070369078826,14.0,15.746165998552316,17.873082999276157,7.904812249457118,0.25290206556533174,0.2828398588686238,0.3220642619809775,0.14219381358506702,1.0,0.0,1.0,0.0,0.0,0.0,0.0,2.9682707498190393,0.0,0.0,1.936541499638079,1.0,1.0,0.0,0.0,1.0,0.0,0.0,1.0,0.0,0.0,0.0,0.0,1.0,1.0,0.0,0.0,0.0,0.0,0.0,0.0,0.0,0.0,0.0,0.0,0.0,0.0,0.0,0.0,0.0,0.0,0.0,0.0,0.0,0.0,0.0,0.0,0.0,0.0,0.0,0.0,0.0,0.0,0.0,0.0,0.0,0.0,0.0,2.0
SMOTE_000152,attack,union," select * from users where id  =  '1' or \<   =  1 union select 1,@@VERSION -- 1'",nearest_attack_euclidean,R000029,0.16237996415170045,81.05769450713468,31.88461098573062,4.241612248913567,42.02884725356735,4.0,22.086541760702033,12.94230549286531,0.5185056460269668,0.04934838940524486,0.2724588135445339,0.15968715102325437,2.9711527464326557,0.028847253567344522,2.0,0.0,1.0000000000000002,1.9711527464326555,0.0,0.05769450713468882,0.0,0.0,1.0,5.9423054928653105,1.0,0.028847253567344522,1.0,0.028847253567344633,0.0,1.0,0.028847253567344633,0.0,0.0,0.0,0.0,2.0,1.0,1.0,1.0,0.0,1.0,0.0,0.0,0.0,0.0,0.0,0.0,0.0,0.0,0.0,0.0,0.0,0.0,0.0,0.0,0.0,0.0,0.0,0.0,0.0,0.0,0.0,0.0,0.0,0.0,0.0,0.0,0.0,0.0,0.0,6.0
SMOTE_000153,attack,union,"-1040 where 3058  =  3058 union all select 3058,3058,3058,3058,3058,3058,3058,3058,3058,3058--",nearest_attack_euclidean,R000210,0.7622563405377274,90.95368072370744,22.782405765979103,3.7238913346238225,19.0,49.38886919174922,10.0,12.564811531958206,0.20982447689488812,0.5416173279776119,0.11043393520783586,0.13812425991966418,0.0,0.21759423402089748,3.0,0.0,0.0,1.0,0.0,0.0,0.0,0.0,8.347217297937307,4.0,0.0,0.21759423402089748,1.0,0.0,0.0,1.0,0.0,0.0,0.0,0.0,0.0,1.0,1.0,1.0,0.0,0.0,0.0,0.0,0.0,0.0,0.0,0.0,0.0,0.0,0.0,0.0,0.0,0.0,0.0,0.0,0.0,0.0,0.0,0.0,0.0,0.0,0.0,0.0,0.0,0.0,0.0,0.0,0.0,0.0,0.0,0.0,3.0
SMOTE_000154,attack,union,"-7794""  )   union all select 3910,3910,3910,3910,3910,3910,3910,3910,3910,3910#",nearest_attack_euclidean,R000057,0.8449815449522433,79.51716346130335,21.37929086532584,3.692475803419425,14.0,41.839054487101116,10.758581730651674,12.919527243550558,0.1770521231209543,0.5272475634181881,0.1332491735351661,0.16245113992569157,0.0,1.0,1.0,0.0,0.0,0.0,0.0,1.4597636217752792,0.0,0.0,8.459763621775279,1.0,0.0,1.0,0.0,1.0,0.0,0.0,1.0,0.0,0.0,0.0,0.0,1.0,1.0,0.0,0.0,0.0,0.0,0.0,0.0,0.0,0.0,0.0,0.0,0.0,0.0,0.0,0.0,0.0,0.0,0.0,0.0,0.0,0.0,0.0,0.0,0.0,0.0,0.0,0.0,0.0,0.0,0.0,0.0,0.0,0.0,0.0,2.0
SMOTE_000155,attack,union,"1%'  )   union all select null,null,null,null,null,null--",nearest_attack_euclidean,R000257,0.5751266259010523,60.62663884254942,17.0,3.3174113513117693,39.20887961418314,1.0,9.81331942127471,10.60443980709157,0.6491466722582153,0.01662175468025695,0.15925402905473254,0.17497754400679513,1.0,0.0,2.0,0.0,0.0,0.0,0.0,1.3022199035457849,1.0,0.0,5.302219903545785,2.0,1.0,0.0,1.0,0.0,0.0,0.0,1.0,0.0,0.0,0.0,0.0,1.0,1.0,0.0,0.0,0.0,0.0,0.0,0.0,0.0,0.0,0.0,0.0,0.0,0.0,0.0,0.0,0.0,0.0,0.0,0.0,0.0,0.0,0.0,0.0,0.0,0.0,0.0,0.0,0.0,0.0,0.0,0.0,0.0,0.0,0.0,2.0
SMOTE_000156,attack,union,"1%"" union all select null,null,null,null,null,null#",nearest_attack_euclidean,R000212,0.48431583382754395,47.38801698632584,16.0,3.3052794035878077,35.11041358906067,1.0,4.0,7.2776033972651675,0.7395895683887322,0.021575154146881353,0.0863006165875254,0.15253466087686102,0.0,1.0,0.0,0.0,0.0,0.0,0.0,0.0,1.0,0.0,4.277603397265168,0.0,0.0,1.0,0.0,1.0,0.0,0.0,0.0,0.0,0.0,0.0,0.0,1.0,1.0,0.0,0.0,0.0,0.0,0.0,0.0,0.0,0.0,0.0,0.0,0.0,0.0,0.0,0.0,0.0,0.0,0.0,0.0,0.0,0.0,0.0,0.0,0.0,0.0,0.0,0.0,0.0,0.0,0.0,0.0,0.0,0.0,0.0,2.0
SMOTE_000157,attack,union,-6947'   )    )    as qqjp where 6700  =  6700 union all select 6700#,nearest_attack_euclidean,R000279,0.550717681912359,65.26189124560945,25.81954460387667,3.8683759766664076,24.60651486795889,14.622802037856115,20.426059471835558,5.606514867958889,0.3815368825359209,0.22167625527023788,0.3111989843922451,0.08558787780159614,1.0,0.0,0.8032574339794449,0.0,0.0,1.0,0.0,1.803257433979445,0.0,0.0,0.0,1.803257433979445,1.0,0.0,0.0,1.0,0.0,1.0,1.0,0.0,0.0,0.0,0.0,1.0,1.0,1.0,0.0,0.0,0.0,0.0,0.0,0.0,0.0,0.0,0.0,0.0,0.0,0.0,0.0,0.0,0.0,0.0,0.0,0.0,0.0,0.0,0.0,0.0,0.0,0.0,0.0,0.0,0.0,0.0,0.0,0.0,0.0,0.0,3.0
SMOTE_000158,attack,union,"-4596"" union all select 5761#",nearest_attack_euclidean,R000136,0.8000849445352383,28.401994812669187,19.003324687781987,4.036089720226347,14.797340249774413,6.6046545628947815,4.0,2.999999999999999,0.5245290979656356,0.2285398193933622,0.1411034757948584,0.1058276068461438,0.0,1.0,0.8006649375563972,0.0,0.0,0.0,0.0,0.0,0.19933506244360277,0.0,0.0,0.8006649375563972,0.0,1.0,0.0,1.0,0.0,0.0,0.0,0.0,0.0,0.0,0.0,1.0,1.0,0.0,0.0,0.0,0.0,0.0,0.0,0.0,0.0,0.0,0.0,0.0,0.0,0.0,0.0,0.0,0.0,0.0,0.0,0.0,0.0,0.0,0.0,0.0,0.0,0.0,0.0,0.0,0.0,0.0,0.0,0.0,0.0,0.0,2.0
SMOTE_000159,attack,union,"1%'   )    )    union all select null,null,null,null,null,null,null,null#",nearest_attack_euclidean,R000205,0.436619756163345,73.0,17.0,3.1844588304398997,44.81450414849263,1.0,15.18549585150737,12.0,0.6138973171026387,0.0136986301369863,0.2080204911165393,0.1643835616438356,1.0,0.0,0.0,0.0,0.0,0.0,0.0,2.2963739628768427,1.0,0.0,6.703626037123158,0.0,1.0,0.0,0.0,1.0,0.0,0.0,1.0,0.0,0.0,0.0,0.0,1.0,1.0,0.0,0.0,0.0,0.0,0.0,0.0,0.0,0.0,0.0,0.0,0.0,0.0,0.0,0.0,0.0,0.0,0.0,0.0,0.0,0.0,0.0,0.0,0.0,0.0,0.0,0.0,0.0,0.0,0.0,0.0,0.0,0.0,0.0,2.0
SMOTE_000160,attack,union,"-6253' union all select 5756,5756,5756,5756,5756,5756,5756,5756,5756,5756#",nearest_attack_euclidean,R000177,0.009299898289891759,74.0,20.0,3.3911527570750204,14.0,44.0,4.0,12.0,0.1891891891891892,0.5945945945945946,0.05405405405405406,0.16216216216216217,1.0,0.0,1.0,0.0,0.0,0.0,0.0,0.0,0.0,0.0,9.0,1.0,1.0,0.0,0.0,1.0,0.0,0.0,0.0,0.0,0.0,0.0,0.0,1.0,1.0,0.0,0.0,0.0,0.0,0.0,0.0,0.0,0.0,0.0,0.0,0.0,0.0,0.0,0.0,0.0,0.0,0.0,0.0,0.0,0.0,0.0,0.0,0.0,0.0,0.0,0.0,0.0,0.0,0.0,0.0,0.0,0.0,0.0,2.0
SMOTE_000161,attack,union,"-4028  )   where 3244  =  3244 union all select 3244,3244,3244,3244,3244,3244,3244,3244--",nearest_attack_euclidean,R000125,0.6045027470225939,84.90676604533819,23.54576452728824,3.707874690037954,19.0,40.72541283627055,14.0,11.181353209067638,0.22529174690837753,0.4774770781101122,0.16600444509038345,0.13122672989112685,0.0,0.0,3.0,0.0,0.0,1.0,0.0,1.0,0.0,0.0,6.1813532090676375,4.0,0.0,0.0,1.0,0.0,0.0,1.0,1.0,0.0,0.0,0.0,0.0,1.0,1.0,1.0,0.0,0.0,0.0,0.0,0.0,0.0,0.0,0.0,0.0,0.0,0.0,0.0,0.0,0.0,0.0,0.0,0.0,0.0,0.0,0.0,0.0,0.0,0.0,0.0,0.0,0.0,0.0,0.0,0.0,0.0,0.0,0.0,3.0
SMOTE_000162,attack,union,"-6659'  )   where 1256  =  1256 union all select 1256,1256--",nearest_attack_euclidean,R000160,0.4860649904590289,58.268185313476266,23.826818531347627,3.992766635143274,19.0,19.307274125390506,13.307274125390506,6.653637062695253,0.32763482634798363,0.331024247084635,0.22756061771158756,0.11378030885579378,1.0,0.0,3.0,0.0,0.0,1.0,0.0,0.8268185313476265,0.0,0.0,0.8268185313476266,4.0,1.0,0.0,1.0,0.0,0.0,1.0,0.8268185313476264,0.0,0.0,0.0,0.0,1.0,1.0,1.0,0.0,0.0,0.0,0.0,0.0,0.0,0.0,0.0,0.0,0.0,0.0,0.0,0.0,0.0,0.0,0.0,0.0,0.0,0.0,0.0,0.0,0.0,0.0,0.0,0.0,0.0,0.0,0.0,0.0,0.0,0.0,0.0,3.0
SMOTE_000163,attack,union,"-4964""   )    )    union all select 4750,4750,4750,4750,4750--",nearest_attack_euclidean,R000098,0.08938872139443373,61.44483645193502,20.953736370994584,3.8324664402225657,14.0,23.814945483978338,13.722418225967509,9.907472741989169,0.2283136418299709,0.38769372424523113,0.22276200634932106,0.16123062757547688,0.0,1.0,3.0,0.0,0.0,0.0,0.0,1.9537363709945847,0.0,0.0,3.953736370994585,3.0,0.0,1.0,1.0,0.0,0.0,0.0,1.0,0.0,0.0,0.0,0.0,1.0,1.0,0.0,0.0,0.0,0.0,0.0,0.0,0.0,0.0,0.0,0.0,0.0,0.0,0.0,0.0,0.0,0.0,0.0,0.0,0.0,0.0,0.0,0.0,0.0,0.0,0.0,0.0,0.0,0.0,0.0,0.0,0.0,0.0,0.0,2.0
SMOTE_000164,attack,union,"-3819'   )    )     )   union all select 9014,9014,9014,9014,9014,9014--",nearest_attack_euclidean,R000099,0.4842307883338655,70.14537379142114,20.831397617401922,3.7142678765999593,14.0,26.651180939215372,18.0,11.494192852205764,0.20035627662115302,0.37860076536059084,0.2576009270843396,0.16344203093391652,0.8313976174019212,0.0,3.0,0.0,0.0,0.0,0.0,3.0,0.0,0.0,4.662795234803843,3.0,0.8313976174019214,0.0,1.0,0.0,0.0,0.0,1.0,0.0,0.0,0.0,0.0,1.0,1.0,0.0,0.0,0.0,0.0,0.0,0.0,0.0,0.0,0.0,0.0,0.0,0.0,0.0,0.0,0.0,0.0,0.0,0.0,0.0,0.0,0.0,0.0,0.0,0.0,0.0,0.0,0.0,0.0,0.0,0.0,0.0,0.0,0.0,2.0
SMOTE_000165,attack,union,"-3819'   )    )     )   union all select 9014,9014,9014,9014,9014,9014--",nearest_attack_euclidean,R000099,0.6940615602922012,72.23387210570603,21.46774421141206,3.761542289623788,14.0,28.0,18.0,12.23387210570603,0.19382149743533403,0.387642994870668,0.24919906813114373,0.1693364395628542,1.0,0.0,3.0,0.0,0.0,0.0,0.0,3.0,0.23387210570602984,0.0,5.0,3.0,1.0,0.0,1.0,0.0,0.0,0.0,1.0,0.0,0.0,0.0,0.0,1.0,1.0,0.0,0.0,0.0,0.0,0.0,0.0,0.0,0.0,0.0,0.0,0.0,0.0,0.0,0.0,0.0,0.0,0.0,0.0,0.0,0.0,0.0,0.0,0.0,0.0,0.0,0.0,0.0,0.0,0.0,0.0,0.0,0.0,0.0,2.0
SMOTE_000166,attack,union,1'+  (  select 'wyxu' where 2555  =  2555 union all select null#,nearest_attack_euclidean,R000207,1.6810992745121773,69.8893813904606,26.944690695230303,4.076423187649885,31.036872869846466,16.361726738075753,15.0,7.490781782538384,0.4498376393472397,0.2265925326321346,0.2162128452185631,0.10735698280206257,2.018436434923233,0.0,0.49078178253838356,0.0,0.0,1.0,0.0,1.0,0.0,0.0,0.9815635650767676,2.4907817825383836,1.0,0.0,0.0,1.0,0.0,1.0,1.0,0.0,0.0,0.0,0.0,2.0,1.0,1.0,0.0,0.0,0.0,0.0,0.0,0.0,0.0,0.0,0.0,0.0,0.0,0.0,0.0,0.0,0.0,0.0,0.0,0.0,0.0,0.0,0.0,0.0,0.0,0.0,0.0,0.0,0.0,0.0,0.0,0.0,0.0,0.0,4.0
SMOTE_000167,attack,union,"-2085""  )   as hkev where 7730  =  7730 union all select 7730,7730--",nearest_attack_euclidean,R000103,0.2931105772960045,69.95128570750053,26.414614287749842,4.068552700837807,25.0,21.561028566000424,16.0,7.390257141500106,0.3584498222685684,0.3067730445584499,0.22940788625188377,0.10536924692109795,0.0,1.0,3.0,0.0,0.0,1.0,0.0,1.0,0.0,0.0,1.3902571415001055,4.0,0.0,1.0,1.0,0.0,0.0,1.0,1.0,0.0,0.0,0.0,0.0,1.0,1.0,1.0,0.0,0.0,0.0,0.0,0.0,0.0,0.0,0.0,0.0,0.0,0.0,0.0,0.0,0.0,0.0,0.0,0.0,0.0,0.0,0.0,0.0,0.0,0.0,0.0,0.0,0.0,0.0,0.0,0.0,0.0,0.0,0.0,3.0
SMOTE_000168,attack,union,"1 union all select null,null,null,null,null,null,null,null,null,null--",nearest_attack_euclidean,R000302,0.1911867003867212,70.0,14.070540163510191,2.9160005212942233,53.717839345959234,1.0,4.28216065404076,11.0,0.7673977049422749,0.01428571428571429,0.061173723629153715,0.15714285714285714,0.0,0.0,2.0,0.0,0.0,0.0,0.0,0.0705401635101901,0.0,0.0,8.929459836489809,2.0,0.0,0.0,1.0,0.0,0.0,0.0,0.0705401635101901,0.0,0.0,0.0,0.0,1.0,1.0,0.0,0.0,0.0,0.0,0.0,0.0,0.0,0.0,0.0,0.0,0.0,0.0,0.0,0.0,0.0,0.0,0.0,0.0,0.0,0.0,0.0,0.0,0.0,0.0,0.0,0.0,0.0,0.0,0.0,0.0,0.0,0.0,0.0,2.0
SMOTE_000169,attack,union," select * from users where id  =  1<@<@ union select 1,version  (    )   -- 1",nearest_attack_euclidean,R000024,0.03437264951195241,76.94693275784616,26.053067242153844,3.921089370458827,40.0,2.9469327578461577,23.0,11.0,0.5198432484084337,0.038289990444397765,0.2989098678348493,0.14295689331231926,0.0,0.0,2.0,0.0,1.0000000000000002,1.0,0.0,2.0,0.0,0.0,1.0,5.946932757846157,0.0,0.0,1.0,0.0,0.0,1.0,1.0,0.0,0.0,0.0,0.0,2.0,1.0,1.0,1.0,0.0,0.0,0.0,0.0,0.0,0.0,0.0,0.0,0.0,0.0,0.0,0.0,0.0,0.0,0.0,0.0,0.0,0.0,0.0,0.0,0.0,0.0,0.0,0.0,0.0,0.0,0.0,0.0,0.0,0.0,0.0,5.0
SMOTE_000170,attack,union,"1   )    )     )   union all select null,null,null,null,null,null,null,null#",nearest_attack_euclidean,R000217,0.6238043672863862,77.49051300545659,15.248418834242766,3.0470180461611824,46.99367533697106,1.0,18.0,11.49683766848553,0.606379288728947,0.012918723843797053,0.23253702918834745,0.14816495823890852,0.2484188342427649,0.0,0.0,0.0,0.0,0.0,0.0,3.0,0.0,0.0,7.248418834242765,0.0,0.2484188342427647,0.0,0.0,1.0,0.0,0.0,1.0,0.0,0.0,0.0,0.0,1.0,1.0,0.0,0.0,0.0,0.0,0.0,0.0,0.0,0.0,0.0,0.0,0.0,0.0,0.0,0.0,0.0,0.0,0.0,0.0,0.0,0.0,0.0,0.0,0.0,0.0,0.0,0.0,0.0,0.0,0.0,0.0,0.0,0.0,0.0,2.0
SMOTE_000171,attack,union,"-5524  )   as eoyk where 6928  =  6928 union all select 6928,6928,6928,6928,6928,6928,6928,6928,6928--",nearest_attack_euclidean,R000077,0.4027558268324705,98.71987796272579,25.24304876062903,3.871756271803198,23.486097521258056,46.99073168083871,15.495365840419353,12.747682920209677,0.23712106169863154,0.4765918141919707,0.1569739224850365,0.12931320162436127,0.0,0.0,3.0,0.0,0.0,1.0,0.0,1.0,0.0,0.0,7.747682920209676,4.0,0.0,0.0,1.0,0.0,0.0,1.0,1.0,0.0,0.0,0.0,0.0,1.0,1.0,1.0,0.0,0.0,0.0,0.0,0.0,0.0,0.0,0.0,0.0,0.0,0.0,0.0,0.0,0.0,0.0,0.0,0.0,0.0,0.0,0.0,0.0,0.0,0.0,0.0,0.0,0.0,0.0,0.0,0.0,0.0,0.0,0.0,3.0
SMOTE_000172,attack,union,"1'||  (  select 'xhqy' where 4531  =  4531 union all select null,null--",nearest_attack_euclidean,R000102,1.0313417568853855,79.56488540044896,27.0,4.136393782579506,43.85190832035916,9.0,15.0,11.71297708008979,0.5426449347708272,0.11697957510416945,0.1949659585069491,0.14540953161805426,3.0,0.0,2.0,0.0,0.0,1.0,0.0,1.0,0.0,0.0,2.7129770800897894,5.0,1.0,0.0,1.0,0.0,0.0,1.0,1.0,0.0,0.0,0.0,1.0,2.0,1.0,1.0,0.0,0.0,0.0,0.0,0.0,0.0,0.0,0.0,0.0,0.0,0.0,0.0,0.0,0.0,0.0,0.0,0.0,0.0,0.0,0.0,0.0,0.0,0.0,0.0,0.0,0.0,0.0,0.0,0.0,0.0,0.0,0.0,4.0
SMOTE_000173,attack,union,"-6405  )   as ilah where 5145  =  5145 union all select 5145,5145,5145,5145,5145--",nearest_attack_euclidean,R000215,0.2223391535908955,80.33712809336198,23.415717976659504,3.8597023802581383,23.752846070021484,32.0,15.584282023340496,9.0,0.29487560570331445,0.39901316760257366,0.19388877330588808,0.11222245338822383,0.0,0.0,3.0,0.0,0.0,1.0,0.0,1.0,0.0,0.0,4.0,4.0,0.0,0.0,1.0,0.0,0.0,1.0,1.0,0.0,0.0,0.0,0.0,1.0,1.0,1.0,0.0,0.0,0.0,0.0,0.0,0.0,0.0,0.0,0.0,0.0,0.0,0.0,0.0,0.0,0.0,0.0,0.0,0.0,0.0,0.0,0.0,0.0,0.0,0.0,0.0,0.0,0.0,0.0,0.0,0.0,0.0,0.0,3.0
SMOTE_000174,attack,union,"1'   )    )     )   union all select null,null,null,null,null,null,null,null,null#",nearest_attack_euclidean,R000166,0.007788228173244229,81.93463362312934,16.0,3.0734912404581105,49.9607801738776,1.0,17.986926724625867,12.986926724625867,0.6097663833795233,0.012207979224404142,0.21953276675904662,0.1584928706370259,1.0,0.0,0.0,0.0,0.0,0.0,0.0,2.996731681156467,0.0,0.0,7.9901950434694005,0.0,1.0,0.0,0.0,1.0,0.0,0.0,1.0,0.0,0.0,0.0,0.0,1.0,1.0,0.0,0.0,0.0,0.0,0.0,0.0,0.0,0.0,0.0,0.0,0.0,0.0,0.0,0.0,0.0,0.0,0.0,0.0,0.0,0.0,0.0,0.0,0.0,0.0,0.0,0.0,0.0,0.0,0.0,0.0,0.0,0.0,0.0,2.0
SMOTE_000175,attack,union,"1' in boolean mode  )   union all select null,null,null,null#",nearest_attack_euclidean,R000173,0.4839440958606271,57.6278999138625,19.0,3.630326689969264,40.30231993109,1.0,11.0,5.3255799827725,0.6986312502412094,0.017477370648067342,0.19225107712874076,0.09164030198198247,1.0,0.0,0.0,0.0,0.0,0.0,0.0,1.0,0.0,0.0,2.3255799827724997,0.0,1.0,0.0,0.0,1.0,0.0,0.0,1.0,0.0,0.0,0.0,0.0,1.0,1.0,0.0,0.0,0.0,0.0,0.0,0.0,0.0,0.0,0.0,0.0,0.0,0.0,0.0,0.0,0.0,0.0,0.0,0.0,0.0,0.0,0.0,0.0,0.0,0.0,0.0,0.0,0.0,0.0,0.0,0.0,0.0,0.0,0.0,2.0
SMOTE_000176,attack,union,"-9795  )   as wrgs where 5427  =  5427 union all select 5427,5427,5427,5427,5427,5427--",nearest_attack_euclidean,R000048,0.9628653720229402,90.5501759561447,25.591077712719454,3.977005614188209,22.54646627631672,41.45724340351126,15.182155425438907,11.364310850877816,0.2498655486593386,0.4549854771148917,0.17008174855543895,0.12506722567033068,0.0,0.0,3.0,0.0,0.0,1.0,0.0,1.0,0.0,0.0,6.364310850877815,4.0,0.0,0.0,1.0,0.0,0.0,1.0,1.0,0.0,0.0,0.0,0.0,1.0,1.0,1.0,0.0,0.0,0.0,0.0,0.0,0.0,0.0,0.0,0.0,0.0,0.0,0.0,0.0,0.0,0.0,0.0,0.0,0.0,0.0,0.0,0.0,0.0,0.0,0.0,0.0,0.0,0.0,0.0,0.0,0.0,0.0,0.0,3.0
SMOTE_000177,attack,union,"1   )    )     )   union all select null,null#",nearest_attack_euclidean,R000161,0.2468087938237905,46.06635157383339,15.06635157383338,3.055653235825636,22.26540629533352,1.0,17.73459370466648,5.06635157383338,0.4832326341170248,0.021708440530141787,0.38510498708864815,0.10995393826418527,0.0,0.06635157383337983,0.0,0.0,0.0,0.0,0.0,2.93364842616662,0.0,0.0,1.0663515738333795,0.0,0.0,0.06635157383337983,0.0,1.0,0.0,0.0,1.0,0.0,0.0,0.0,0.0,1.0,1.0,0.0,0.0,0.0,0.0,0.0,0.0,0.0,0.0,0.0,0.0,0.0,0.0,0.0,0.0,0.0,0.0,0.0,0.0,0.0,0.0,0.0,0.0,0.0,0.0,0.0,0.0,0.0,0.0,0.0,0.0,0.0,0.0,0.0,2.0
SMOTE_000178,attack,union," select * from users where id  =  '1' or \.<$ union select 1,@@VERSION -- 1'",nearest_attack_euclidean,R000034,0.03281622345917322,76.0,33.85766424916956,4.462563213919766,42.0,3.0,17.0,14.0,0.5526315789473685,0.03947368421052633,0.2236842105263158,0.18421052631578946,3.0,0.0,2.0,0.0,1.0000000000000002,1.0,0.0,0.0,0.0,0.0,1.0,5.0,1.0,0.0,1.0,0.0,0.0,1.0,0.0,0.0,0.0,0.0,0.0,2.0,1.0,1.0,1.0,0.0,1.0,0.0,0.0,0.0,0.0,0.0,0.0,0.0,0.0,0.0,0.0,0.0,0.0,0.0,0.0,0.0,0.0,0.0,0.0,0.0,0.0,0.0,0.0,0.0,0.0,0.0,0.0,0.0,0.0,0.0,6.0
SMOTE_000179,attack,union,"-7007  )   union all select 6704,6704--",nearest_attack_euclidean,R000240,0.7289643719770997,36.93046404991429,17.08020624440635,3.7074569312796797,14.919793755593647,9.47056717211747,8.0,4.540103122203176,0.4143978288626941,0.24460388984069217,0.2192788782911843,0.12171940300542941,0.0,0.0,2.7700515611015883,0.0,0.0,0.0,0.0,1.0,0.0,0.0,0.7700515611015879,2.7700515611015883,0.0,0.0,1.0,0.0,0.0,0.0,1.0,0.0,0.0,0.0,0.0,1.0,1.0,0.0,0.0,0.0,0.0,0.0,0.0,0.0,0.0,0.0,0.0,0.0,0.0,0.0,0.0,0.0,0.0,0.0,0.0,0.0,0.0,0.0,0.0,0.0,0.0,0.0,0.0,0.0,0.0,0.0,0.0,0.0,0.0,0.0,2.0
SMOTE_000180,attack,union,"1"" where 7249  =  7249 union all select null,null,null,null,null,null,null,null,null,null--",nearest_attack_euclidean,R000293,0.05707337182002521,91.28429519633491,23.042644279450236,3.5990451028740194,59.08528855890047,9.0,10.17057711780094,13.028429519633491,0.647459443844786,0.0986477916278572,0.11114538815528527,0.14274737637207147,0.0,1.0,2.0,0.0,0.0,1.0,0.0,0.028429519633490052,0.0,0.0,9.0,3.0,0.0,1.0,1.0,0.0,0.0,1.0,0.014214759816745026,0.0,0.0,0.0,0.0,1.0,1.0,1.0,0.0,0.0,0.0,0.0,0.0,0.0,0.0,0.0,0.0,0.0,0.0,0.0,0.0,0.0,0.0,0.0,0.0,0.0,0.0,0.0,0.0,0.0,0.0,0.0,0.0,0.0,0.0,0.0,0.0,0.0,0.0,0.0,3.0
SMOTE_000181,attack,union,"-3862'   )    )    union all select 2495,2495,2495,2495,2495,2495,2495--",nearest_attack_euclidean,R000126,0.044552215171674,72.16207663328377,22.032415326656754,3.846176007716183,14.0,32.0,14.12966130662702,12.032415326656755,0.19403516001696017,0.4435089371816232,0.19571907309003836,0.16673682971137826,1.0,0.0,3.0,0.0,0.0,0.0,0.0,2.032415326656755,0.0,0.0,6.0,3.0,1.0,0.0,1.0,0.0,0.0,0.0,1.0,0.0,0.0,0.0,0.0,1.0,1.0,0.0,0.0,0.0,0.0,0.0,0.0,0.0,0.0,0.0,0.0,0.0,0.0,0.0,0.0,0.0,0.0,0.0,0.0,0.0,0.0,0.0,0.0,0.0,0.0,0.0,0.0,0.0,0.0,0.0,0.0,0.0,0.0,0.0,2.0
SMOTE_000182,attack,union,"-2787'   )    )    union all select 1996,1996,1996,1996,1996,1996,1996,1996#",nearest_attack_euclidean,R000307,0.9940811642401689,75.68856674687177,23.24573301251291,3.82908110498063,18.048632290666962,33.50853397497418,13.065700240615316,11.065700240615316,0.23895721397096212,0.44243161038783396,0.17251811997027355,0.1460930556709303,1.0,0.0,1.0,0.0,0.0,0.0,0.0,1.6885667468717722,0.0,0.0,6.377133493743544,1.0,1.0,0.0,0.0,1.0,0.0,0.0,1.0,0.0,0.0,0.0,0.0,1.0,1.0,0.0,0.0,0.0,0.0,0.0,0.0,0.0,0.0,0.0,0.0,0.0,0.0,0.0,0.0,0.0,0.0,0.0,0.0,0.0,0.0,0.0,0.0,0.0,0.0,0.0,0.0,0.0,0.0,0.0,0.0,0.0,0.0,0.0,2.0
SMOTE_000183,attack,union,"-3794'  )   union all select 2485,2485,2485,2485,2485--",nearest_attack_euclidean,R000042,0.06921673229847003,54.48121580476631,22.0,4.043610461069524,14.0,23.584972643813046,8.0,8.896243160953262,0.25718653772118966,0.4325906603983004,0.14696373584067982,0.16325906603983004,1.0,0.0,3.0,0.0,0.0,0.0,0.0,1.0,0.0,0.0,3.896243160953262,3.0,1.0,0.0,1.0,0.0,0.0,0.0,1.0,0.0,0.0,0.0,0.0,1.0,1.0,0.0,0.0,0.0,0.0,0.0,0.0,0.0,0.0,0.0,0.0,0.0,0.0,0.0,0.0,0.0,0.0,0.0,0.0,0.0,0.0,0.0,0.0,0.0,0.0,0.0,0.0,0.0,0.0,0.0,0.0,0.0,0.0,0.0,2.0
SMOTE_000184,attack,union,"-6478""   )    )    union all select 7087,7087,7087,7087,7087,7087,7087,7087--",nearest_attack_euclidean,R000119,0.3088884882653417,79.50670089041161,19.74932991095884,3.514064164264082,14.0,38.00536071232928,14.0,13.50134017808232,0.17657951747040418,0.4771117394826895,0.17657951747040418,0.16972922557650214,0.0,1.0,3.0,0.0,0.0,0.0,0.0,2.0,0.0,0.0,7.50134017808232,3.0,0.0,1.0,1.0,0.0,0.0,0.0,1.0,0.0,0.0,0.0,0.0,1.0,1.0,0.0,0.0,0.0,0.0,0.0,0.0,0.0,0.0,0.0,0.0,0.0,0.0,0.0,0.0,0.0,0.0,0.0,0.0,0.0,0.0,0.0,0.0,0.0,0.0,0.0,0.0,0.0,0.0,0.0,0.0,0.0,0.0,0.0,2.0
SMOTE_000185,attack,union,"-4028  )   where 3244  =  3244 union all select 3244,3244,3244,3244,3244,3244,3244,3244--",nearest_attack_euclidean,R000125,1.5935088514164157,92.81183975026076,23.847075500057947,3.589785789885192,19.0,47.38830200023178,14.0,12.423537750028974,0.20517943645322698,0.5097268893612882,0.15118484791290407,0.13390882627258077,0.0,0.0,2.1529244999420545,0.0,0.0,1.0,0.0,1.0,0.0,0.0,7.8470755000579455,3.1529244999420545,0.0,0.0,0.5764622499710271,0.4235377500289729,0.0,1.0,1.0,0.0,0.0,0.0,0.0,1.0,1.0,1.0,0.0,0.0,0.0,0.0,0.0,0.0,0.0,0.0,0.0,0.0,0.0,0.0,0.0,0.0,0.0,0.0,0.0,0.0,0.0,0.0,0.0,0.0,0.0,0.0,0.0,0.0,0.0,0.0,0.0,0.0,0.0,0.0,3.0
SMOTE_000186,attack,union,"-4694%""   )    )     )   union all select 9178,9178,9178,9178,9178--",nearest_attack_euclidean,R000222,0.5785727999290087,67.82373269709176,22.0,3.836585623640453,14.0,24.705069211632956,17.294930788367044,11.82373269709176,0.20642399961385324,0.364393134692897,0.2548788641486627,0.17430400154458706,0.0,1.0,3.0,0.0,0.0,0.0,0.0,2.823732697091761,0.8237326970917607,0.0,4.176267302908239,3.0,0.0,1.0,1.0,0.0,0.0,0.0,1.0,0.0,0.0,0.0,0.0,1.0,1.0,0.0,0.0,0.0,0.0,0.0,0.0,0.0,0.0,0.0,0.0,0.0,0.0,0.0,0.0,0.0,0.0,0.0,0.0,0.0,0.0,0.0,0.0,0.0,0.0,0.0,0.0,0.0,0.0,0.0,0.0,0.0,0.0,0.0,2.0
SMOTE_000187,attack,union,"-3721'  )   union all select 9050,9050--",nearest_attack_euclidean,R000045,0.4942972438592773,43.53686548291327,22.0,4.07344968982912,14.0,14.829492386330621,8.0,6.707373096582655,0.3274926741996428,0.33215332257193886,0.18713867097122447,0.1532153322571939,1.0,0.0,3.0,0.0,0.0,0.0,0.0,1.0,0.0,0.0,1.7073730965826552,3.0,1.0,0.0,1.0,0.0,0.0,0.0,1.0,0.0,0.0,0.0,0.0,1.0,1.0,0.0,0.0,0.0,0.0,0.0,0.0,0.0,0.0,0.0,0.0,0.0,0.0,0.0,0.0,0.0,0.0,0.0,0.0,0.0,0.0,0.0,0.0,0.0,0.0,0.0,0.0,0.0,0.0,0.0,0.0,0.0,0.0,0.0,2.0
SMOTE_000188,attack,union,"-7794""  )   union all select 3910,3910,3910,3910,3910,3910,3910,3910,3910,3910#",nearest_attack_euclidean,R000057,0.030072435644504434,78.76784665354214,21.976784665354213,3.7556456986516618,14.0,43.8142773228337,8.0,12.953569330708426,0.1778114376904073,0.5561443140245843,0.10160653582308989,0.16443771246191852,0.0,1.0,1.0,0.0,0.0,0.0,0.0,1.0,0.0,0.0,8.953569330708426,1.0,0.0,1.0,0.0,1.0,0.0,0.0,1.0,0.0,0.0,0.0,0.0,1.0,1.0,0.0,0.0,0.0,0.0,0.0,0.0,0.0,0.0,0.0,0.0,0.0,0.0,0.0,0.0,0.0,0.0,0.0,0.0,0.0,0.0,0.0,0.0,0.0,0.0,0.0,0.0,0.0,0.0,0.0,0.0,0.0,0.0,0.0,2.0
SMOTE_000189,attack,union,"1'   )    )    as ticp where 9794  =  9794 union all select null,null,null,null,null,null,null,null--",nearest_attack_euclidean,R000221,0.526629708824391,99.13683804628828,23.661243281143324,3.71577789025045,56.66124328114332,9.0,20.64497312457329,12.830621640571662,0.5722756658698618,0.09095362569674428,0.20727523086507815,0.12949547756831575,0.8306216405716617,0.0,2.0,0.0,0.0,1.0,0.0,1.8306216405716618,0.0,0.0,7.169378359428338,3.0,0.8306216405716618,0.0,1.0,0.0,0.0,1.0,1.0,0.0,0.0,0.0,0.0,1.0,1.0,1.0,0.0,0.0,0.0,0.0,0.0,0.0,0.0,0.0,0.0,0.0,0.0,0.0,0.0,0.0,0.0,0.0,0.0,0.0,0.0,0.0,0.0,0.0,0.0,0.0,0.0,0.0,0.0,0.0,0.0,0.0,0.0,0.0,3.0
SMOTE_000190,attack,union," select * from users where id  =  '1' or \<\. union select 1,@@VERSION -- 1'",nearest_attack_euclidean,R000038,0.5165217781551166,76.6167394006302,32.55947185669272,4.397302618005384,42.08810562866146,3.0881056286614577,17.704845029291654,13.735683114015629,0.5495867109942617,0.040241884840897274,0.2305142124945232,0.17965719167031785,2.9118943713385432,0.08810562866145691,2.0,0.0,1.0000000000000002,1.0,0.0,0.17621125732291354,0.0,0.0,1.0,4.911894371338543,1.0,0.08810562866145691,1.0,0.08810562866145699,0.0,1.0,0.08810562866145699,0.0,0.0,0.0,0.0,2.0,1.0,1.0,1.0,0.0,1.0,0.0,0.0,0.0,0.0,0.0,0.0,0.0,0.0,0.0,0.0,0.0,0.0,0.0,0.0,0.0,0.0,0.0,0.0,0.0,0.0,0.0,0.0,0.0,0.0,0.0,0.0,0.0,0.0,0.0,6.0
SMOTE_000191,attack,union,"-3819'   )    )     )   union all select 9014,9014,9014,9014,9014,9014--",nearest_attack_euclidean,R000099,0.19065766565657596,73.17261176845933,21.46904470738373,3.758497720980342,14.0,28.93808941476746,18.0,12.234522353691865,0.1914833036150017,0.39514958664256783,0.24619281893357362,0.16717429080885685,1.0,0.0,3.0,0.0,0.0,0.0,0.0,3.0,0.0,0.0,5.234522353691865,3.0,1.0,0.0,1.0,0.0,0.0,0.0,1.0,0.0,0.0,0.0,0.0,1.0,1.0,0.0,0.0,0.0,0.0,0.0,0.0,0.0,0.0,0.0,0.0,0.0,0.0,0.0,0.0,0.0,0.0,0.0,0.0,0.0,0.0,0.0,0.0,0.0,0.0,0.0,0.0,0.0,0.0,0.0,0.0,0.0,0.0,0.0,2.0
SMOTE_000192,attack,union,"-9904""   )    )    union all select 9080,9080,9080,9080,9080--",nearest_attack_euclidean,R000148,0.014385602711898671,62.0,19.03556556689169,3.601554075945803,14.0,24.0,14.0,10.0,0.22580645161290322,0.3870967741935484,0.22580645161290322,0.16129032258064516,0.0,1.0,3.0,0.0,0.0,0.0,0.0,2.0,0.0,0.0,4.0,3.0,0.0,1.0,1.0,0.0,0.0,0.0,1.0,0.0,0.0,0.0,0.0,1.0,1.0,0.0,0.0,0.0,0.0,0.0,0.0,0.0,0.0,0.0,0.0,0.0,0.0,0.0,0.0,0.0,0.0,0.0,0.0,0.0,0.0,0.0,0.0,0.0,0.0,0.0,0.0,0.0,0.0,0.0,0.0,0.0,0.0,0.0,2.0
SMOTE_000193,attack,union,-6947'   )    )    as qqjp where 6700  =  6700 union all select 6700#,nearest_attack_euclidean,R000279,1.5548690438002157,69.43023281706735,24.848835914663255,3.8255805507805776,31.02325943894289,12.988370280528555,18.558137463461208,6.860465634134698,0.44613852605804877,0.18743557438579558,0.26771146231953236,0.09871443723662321,1.0,0.0,0.5697671829326507,0.0,0.0,1.0,0.0,1.5697671829326507,0.0,0.0,1.7209312682693971,1.5697671829326507,1.0,0.0,0.0,1.0,0.0,1.0,1.0,0.0,0.0,0.0,0.0,1.0,1.0,1.0,0.0,0.0,0.0,0.0,0.0,0.0,0.0,0.0,0.0,0.0,0.0,0.0,0.0,0.0,0.0,0.0,0.0,0.0,0.0,0.0,0.0,0.0,0.0,0.0,0.0,0.0,0.0,0.0,0.0,0.0,0.0,0.0,3.0
SMOTE_000194,attack,union,"1'  )   union all select null,null,null,null,null,null,null--",nearest_attack_euclidean,R000132,0.821689191431916,66.23660528994363,16.0,3.1908233860708037,43.74553509664787,1.0,10.618302644971813,10.872767548323937,0.6630451872261145,0.015217470179666792,0.15760692095749643,0.1641304216367222,1.0,0.0,2.0,0.0,0.0,0.0,0.0,1.436383774161969,0.0,0.0,6.436383774161969,2.0,1.0,0.0,1.0,0.0,0.0,0.0,1.0,0.0,0.0,0.0,0.0,1.0,1.0,0.0,0.0,0.0,0.0,0.0,0.0,0.0,0.0,0.0,0.0,0.0,0.0,0.0,0.0,0.0,0.0,0.0,0.0,0.0,0.0,0.0,0.0,0.0,0.0,0.0,0.0,0.0,0.0,0.0,0.0,0.0,0.0,0.0,2.0
SMOTE_000195,attack,union,"1""  )   union all select null,null,null,null,null,null#",nearest_attack_euclidean,R000244,1.3615867015241958,55.460401975434756,16.46040197543476,3.2712444486050254,38.0,1.0,8.0,8.46040197543476,0.6852288067965842,0.018032337020962713,0.14425869616770193,0.1524801600147512,0.0,1.0,0.0,0.0,0.0,0.0,0.0,1.0,0.460401975434759,0.0,5.0,0.0,0.0,1.0,0.0,1.0,0.0,0.0,1.0,0.0,0.0,0.0,0.0,1.0,1.0,0.0,0.0,0.0,0.0,0.0,0.0,0.0,0.0,0.0,0.0,0.0,0.0,0.0,0.0,0.0,0.0,0.0,0.0,0.0,0.0,0.0,0.0,0.0,0.0,0.0,0.0,0.0,0.0,0.0,0.0,0.0,0.0,0.0,2.0
SMOTE_000196,attack,union,"-2787' union all select 3622,3622,3622,3622,3622,3622,3622,3622,3622,3622#",nearest_attack_euclidean,R000090,0.19744196132238243,72.35533136361339,19.835533136361338,3.4294811950834565,14.0,42.68426509089071,4.0,11.671066272722678,0.1940509630298591,0.5893160972818674,0.05544313229424547,0.1611898073940282,1.0,0.0,1.0,0.0,0.0,0.0,0.0,0.0,0.0,0.0,8.671066272722676,1.0,1.0,0.0,0.0,1.0,0.0,0.0,0.0,0.0,0.0,0.0,0.0,1.0,1.0,0.0,0.0,0.0,0.0,0.0,0.0,0.0,0.0,0.0,0.0,0.0,0.0,0.0,0.0,0.0,0.0,0.0,0.0,0.0,0.0,0.0,0.0,0.0,0.0,0.0,0.0,0.0,0.0,0.0,0.0,0.0,0.0,0.0,2.0
SMOTE_000197,attack,union,"1%""   )    )     )   union all select null,null,null,null,null,null,null,null--",nearest_attack_euclidean,R000213,0.1172133701030578,78.96767256205781,17.0,3.1897601454307862,46.0,1.0,18.0,13.967672562057807,0.5825198088518891,0.012663474105475858,0.2279425338985653,0.17687418314406972,0.0,1.0,1.9353451241156157,0.0,0.0,0.0,0.0,3.0,1.0,0.0,7.0,1.9353451241156159,0.0,1.0,0.9676725620578079,0.03232743794219217,0.0,0.0,1.0,0.0,0.0,0.0,0.0,1.0,1.0,0.0,0.0,0.0,0.0,0.0,0.0,0.0,0.0,0.0,0.0,0.0,0.0,0.0,0.0,0.0,0.0,0.0,0.0,0.0,0.0,0.0,0.0,0.0,0.0,0.0,0.0,0.0,0.0,0.0,0.0,0.0,0.0,0.0,2.0
SMOTE_000198,attack,union,"-4076'   )    )    union all select 9030,9030,9030,9030,9030,9030,9030,9030,9030,9030--",nearest_attack_euclidean,R000053,0.2512619192720673,85.05491636898904,21.0,3.535173142728629,14.0,42.44393309519123,14.0,14.610983273797807,0.16473663734709193,0.49876729170817485,0.16473663734709187,0.1717594335976414,1.0,0.0,3.0,0.0,0.0,0.0,0.0,2.0,0.0,0.0,8.610983273797807,3.0,1.0,0.0,1.0,0.0,0.0,0.0,1.0,0.0,0.0,0.0,0.0,1.0,1.0,0.0,0.0,0.0,0.0,0.0,0.0,0.0,0.0,0.0,0.0,0.0,0.0,0.0,0.0,0.0,0.0,0.0,0.0,0.0,0.0,0.0,0.0,0.0,0.0,0.0,0.0,0.0,0.0,0.0,0.0,0.0,0.0,0.0,2.0
SMOTE_000199,attack,union,1'+  (  select gguu where 7809  =  7809 union all select null--,nearest_attack_euclidean,R000249,0.17438782853879942,64.2948559283358,25.0,4.059612756810676,34.03588474266865,9.0,15.0,6.258971185667162,0.5287085221032928,0.14032317822243479,0.233871963704058,0.09709633597021447,1.0,0.0,2.0,0.0,0.0,1.0,0.0,1.0,0.0,0.0,0.2589711856671624,4.0,1.0,0.0,1.0,0.0,0.0,1.0,1.0,0.0,0.0,0.0,0.0,2.0,1.0,1.0,0.0,0.0,0.0,0.0,0.0,0.0,0.0,0.0,0.0,0.0,0.0,0.0,0.0,0.0,0.0,0.0,0.0,0.0,0.0,0.0,0.0,0.0,0.0,0.0,0.0,0.0,0.0,0.0,0.0,0.0,0.0,0.0,4.0
SMOTE_000200,attack,union,"1'   )    )    union all select null,null,null,null,null,null#",nearest_attack_euclidean,R000225,0.5365677562490876,61.450962918584636,16.0,3.1901440906655743,39.09807416283072,1.0,12.352888755753918,9.0,0.6368129051584108,0.016276622871348206,0.20042086612810697,0.14648960584213394,1.0,0.0,0.0,0.0,0.0,0.0,0.0,1.7254814592923196,0.0,0.0,5.27451854070768,0.0,1.0,0.0,0.0,1.0,0.0,0.0,1.0,0.0,0.0,0.0,0.0,1.0,1.0,0.0,0.0,0.0,0.0,0.0,0.0,0.0,0.0,0.0,0.0,0.0,0.0,0.0,0.0,0.0,0.0,0.0,0.0,0.0,0.0,0.0,0.0,0.0,0.0,0.0,0.0,0.0,0.0,0.0,0.0,0.0,0.0,0.0,2.0
