
[1/3] pretrain G
G epoch=1/160 loss=5.8658
G epoch=2/160 loss=5.6344
G epoch=3/160 loss=5.2391
G epoch=4/160 loss=4.6734
G epoch=5/160 loss=4.1208
G epoch=6/160 loss=3.9044
G epoch=7/160 loss=3.7699
G epoch=8/160 loss=3.7074
G epoch=9/160 loss=3.6506
G epoch=10/160 loss=3.5282
G epoch=11/160 loss=3.4220
G epoch=12/160 loss=3.3118
G epoch=13/160 loss=3.2340
G epoch=14/160 loss=3.1596
G epoch=15/160 loss=3.0243
G epoch=16/160 loss=2.9123
G epoch=17/160 loss=2.8448
G epoch=18/160 loss=2.7652
G epoch=19/160 loss=2.6350
G epoch=20/160 loss=2.6020
G epoch=21/160 loss=2.5173
G epoch=22/160 loss=2.4133
G epoch=23/160 loss=2.3224
G epoch=24/160 loss=2.3036
G epoch=25/160 loss=2.2240
G epoch=26/160 loss=2.1677
G epoch=27/160 loss=2.1114
G epoch=28/160 loss=2.0725
G epoch=29/160 loss=1.9859
G epoch=30/160 loss=2.0080
G epoch=31/160 loss=1.8963
G epoch=32/160 loss=1.9058
G epoch=33/160 loss=1.8541
G epoch=34/160 loss=1.8208
G epoch=35/160 loss=1.7613
G epoch=36/160 loss=1.6940
G epoch=37/160 loss=1.7055
G epoch=38/160 loss=1.6687
G epoch=39/160 loss=1.6537
G epoch=40/160 loss=1.6030
G epoch=41/160 loss=1.6007
G epoch=42/160 loss=1.5407
G epoch=43/160 loss=1.5489
G epoch=44/160 loss=1.5034
G epoch=45/160 loss=1.4883
G epoch=46/160 loss=1.4612
G epoch=47/160 loss=1.4357
G epoch=48/160 loss=1.4298
G epoch=49/160 loss=1.4073
G epoch=50/160 loss=1.3374
G epoch=51/160 loss=1.3358
G epoch=52/160 loss=1.3226
G epoch=53/160 loss=1.3454
G epoch=54/160 loss=1.3108
G epoch=55/160 loss=1.2871
G epoch=56/160 loss=1.2987
G epoch=57/160 loss=1.2412
G epoch=58/160 loss=1.2688
G epoch=59/160 loss=1.2086
G epoch=60/160 loss=1.1969
G epoch=61/160 loss=1.1972
G epoch=62/160 loss=1.1768
G epoch=63/160 loss=1.1351
G epoch=64/160 loss=1.1400
G epoch=65/160 loss=1.1255
G epoch=66/160 loss=1.1120
G epoch=67/160 loss=1.0887
G epoch=68/160 loss=1.0854
G epoch=69/160 loss=1.0657
G epoch=70/160 loss=1.0356
G epoch=71/160 loss=1.0347
G epoch=72/160 loss=1.0160
G epoch=73/160 loss=1.0061
G epoch=74/160 loss=0.9826
G epoch=75/160 loss=1.0016
G epoch=76/160 loss=0.9572
G epoch=77/160 loss=0.9610
G epoch=78/160 loss=0.9458
G epoch=79/160 loss=0.9626
G epoch=80/160 loss=0.8896
G epoch=81/160 loss=0.9423
G epoch=82/160 loss=0.8998
G epoch=83/160 loss=0.8735
G epoch=84/160 loss=0.9210
G epoch=85/160 loss=0.8801
G epoch=86/160 loss=0.9045
G epoch=87/160 loss=0.8383
G epoch=88/160 loss=0.8822
G epoch=89/160 loss=0.8765
G epoch=90/160 loss=0.8656
G epoch=91/160 loss=0.8202
G epoch=92/160 loss=0.8133
G epoch=93/160 loss=0.7997
G epoch=94/160 loss=0.8016
G epoch=95/160 loss=0.8036
G epoch=96/160 loss=0.8108
G epoch=97/160 loss=0.7849
G epoch=98/160 loss=0.7895
G epoch=99/160 loss=0.7798
G epoch=100/160 loss=0.7647
G epoch=101/160 loss=0.7610
G epoch=102/160 loss=0.7364
G epoch=103/160 loss=0.7541
G epoch=104/160 loss=0.7281
G epoch=105/160 loss=0.7072
G epoch=106/160 loss=0.7510
G epoch=107/160 loss=0.7275
G epoch=108/160 loss=0.7433
G epoch=109/160 loss=0.7281
G epoch=110/160 loss=0.7361
G epoch=111/160 loss=0.7133
G epoch=112/160 loss=0.6972
G epoch=113/160 loss=0.7113
G epoch=114/160 loss=0.6998
G epoch=115/160 loss=0.6868
G epoch=116/160 loss=0.6883
G epoch=117/160 loss=0.7074
G epoch=118/160 loss=0.6637
G epoch=119/160 loss=0.6905
G epoch=120/160 loss=0.6846
G epoch=121/160 loss=0.6722
G epoch=122/160 loss=0.6572
G epoch=123/160 loss=0.6223
G epoch=124/160 loss=0.6402
G epoch=125/160 loss=0.6515
G epoch=126/160 loss=0.6222
G epoch=127/160 loss=0.6271
G epoch=128/160 loss=0.6423
G epoch=129/160 loss=0.6286
G epoch=130/160 loss=0.6236
G epoch=131/160 loss=0.6154
G epoch=132/160 loss=0.6032
G epoch=133/160 loss=0.6141
G epoch=134/160 loss=0.5990
G epoch=135/160 loss=0.6038
G epoch=136/160 loss=0.6052
G epoch=137/160 loss=0.6117
G epoch=138/160 loss=0.6072
G epoch=139/160 loss=0.5756
G epoch=140/160 loss=0.5787
G epoch=141/160 loss=0.5864
G epoch=142/160 loss=0.5832
G epoch=143/160 loss=0.5806
G epoch=144/160 loss=0.5822
G epoch=145/160 loss=0.5807
G epoch=146/160 loss=0.5710
G epoch=147/160 loss=0.5800
G epoch=148/160 loss=0.5763
G epoch=149/160 loss=0.5877
G epoch=150/160 loss=0.5672
G epoch=151/160 loss=0.6039
G epoch=152/160 loss=0.5886
G epoch=153/160 loss=0.5864
G epoch=154/160 loss=0.5683
G epoch=155/160 loss=0.5680
G epoch=156/160 loss=0.5429
G epoch=157/160 loss=0.5680
G epoch=158/160 loss=0.5519
G epoch=159/160 loss=0.5402
G epoch=160/160 loss=0.5429

[2/3] pretrain D
D step=1/50 epoch=1/3 loss=0.8035 l2=0.2000 label_smoothing=0.050
D step=1/50 epoch=2/3 loss=0.7616 l2=0.2000 label_smoothing=0.050
D step=1/50 epoch=3/3 loss=0.7436 l2=0.2000 label_smoothing=0.050
D step=2/50 epoch=1/3 loss=0.7521 l2=0.2000 label_smoothing=0.050
D step=2/50 epoch=2/3 loss=0.7284 l2=0.2000 label_smoothing=0.050
D step=2/50 epoch=3/3 loss=0.7233 l2=0.2000 label_smoothing=0.050
D step=3/50 epoch=1/3 loss=0.7331 l2=0.2000 label_smoothing=0.050
D step=3/50 epoch=2/3 loss=0.7022 l2=0.2000 label_smoothing=0.050
D step=3/50 epoch=3/3 loss=0.6987 l2=0.2000 label_smoothing=0.050
D step=4/50 epoch=1/3 loss=0.6957 l2=0.2000 label_smoothing=0.050
D step=4/50 epoch=2/3 loss=0.6943 l2=0.2000 label_smoothing=0.050
D step=4/50 epoch=3/3 loss=0.6647 l2=0.2000 label_smoothing=0.050
D step=5/50 epoch=1/3 loss=0.6492 l2=0.2000 label_smoothing=0.050
D step=5/50 epoch=2/3 loss=0.6333 l2=0.2000 label_smoothing=0.050
D step=5/50 epoch=3/3 loss=0.6161 l2=0.2000 label_smoothing=0.050
D step=6/50 epoch=1/3 loss=0.6298 l2=0.2000 label_smoothing=0.050
D step=6/50 epoch=2/3 loss=0.6131 l2=0.2000 label_smoothing=0.050
D step=6/50 epoch=3/3 loss=0.5806 l2=0.2000 label_smoothing=0.050
D step=7/50 epoch=1/3 loss=0.6171 l2=0.2000 label_smoothing=0.050
D step=7/50 epoch=2/3 loss=0.5936 l2=0.2000 label_smoothing=0.050
D step=7/50 epoch=3/3 loss=0.5863 l2=0.2000 label_smoothing=0.050
D step=8/50 epoch=1/3 loss=0.5578 l2=0.2000 label_smoothing=0.050
D step=8/50 epoch=2/3 loss=0.5260 l2=0.2000 label_smoothing=0.050
D step=8/50 epoch=3/3 loss=0.5210 l2=0.2000 label_smoothing=0.050
D step=9/50 epoch=1/3 loss=0.5528 l2=0.2000 label_smoothing=0.050
D step=9/50 epoch=2/3 loss=0.5532 l2=0.2000 label_smoothing=0.050
D step=9/50 epoch=3/3 loss=0.5400 l2=0.2000 label_smoothing=0.050
D step=10/50 epoch=1/3 loss=0.5279 l2=0.2000 label_smoothing=0.050
D step=10/50 epoch=2/3 loss=0.5095 l2=0.2000 label_smoothing=0.050
D step=10/50 epoch=3/3 loss=0.4946 l2=0.2000 label_smoothing=0.050
D step=11/50 epoch=1/3 loss=0.5247 l2=0.2000 label_smoothing=0.050
D step=11/50 epoch=2/3 loss=0.5170 l2=0.2000 label_smoothing=0.050
D step=11/50 epoch=3/3 loss=0.5206 l2=0.2000 label_smoothing=0.050
D step=12/50 epoch=1/3 loss=0.5083 l2=0.2000 label_smoothing=0.050
D step=12/50 epoch=2/3 loss=0.5097 l2=0.2000 label_smoothing=0.050
D step=12/50 epoch=3/3 loss=0.4993 l2=0.2000 label_smoothing=0.050
D step=13/50 epoch=1/3 loss=0.4991 l2=0.2000 label_smoothing=0.050
D step=13/50 epoch=2/3 loss=0.4903 l2=0.2000 label_smoothing=0.050
D step=13/50 epoch=3/3 loss=0.4772 l2=0.2000 label_smoothing=0.050
D step=14/50 epoch=1/3 loss=0.4724 l2=0.2000 label_smoothing=0.050
D step=14/50 epoch=2/3 loss=0.4746 l2=0.2000 label_smoothing=0.050
D step=14/50 epoch=3/3 loss=0.4571 l2=0.2000 label_smoothing=0.050
D step=15/50 epoch=1/3 loss=0.4891 l2=0.2000 label_smoothing=0.050
D step=15/50 epoch=2/3 loss=0.4791 l2=0.2000 label_smoothing=0.050
D step=15/50 epoch=3/3 loss=0.4593 l2=0.2000 label_smoothing=0.050
D step=16/50 epoch=1/3 loss=0.4787 l2=0.2000 label_smoothing=0.050
D step=16/50 epoch=2/3 loss=0.4940 l2=0.2000 label_smoothing=0.050
D step=16/50 epoch=3/3 loss=0.4594 l2=0.2000 label_smoothing=0.050
D step=17/50 epoch=1/3 loss=0.4411 l2=0.2000 label_smoothing=0.050
D step=17/50 epoch=2/3 loss=0.4378 l2=0.2000 label_smoothing=0.050
D step=17/50 epoch=3/3 loss=0.4209 l2=0.2000 label_smoothing=0.050
D step=18/50 epoch=1/3 loss=0.4478 l2=0.2000 label_smoothing=0.050
D step=18/50 epoch=2/3 loss=0.4274 l2=0.2000 label_smoothing=0.050
D step=18/50 epoch=3/3 loss=0.4248 l2=0.2000 label_smoothing=0.050
D step=19/50 epoch=1/3 loss=0.4749 l2=0.2000 label_smoothing=0.050
D step=19/50 epoch=2/3 loss=0.4604 l2=0.2000 label_smoothing=0.050
D step=19/50 epoch=3/3 loss=0.4685 l2=0.2000 label_smoothing=0.050
D step=20/50 epoch=1/3 loss=0.4211 l2=0.2000 label_smoothing=0.050
D step=20/50 epoch=2/3 loss=0.4050 l2=0.2000 label_smoothing=0.050
D step=20/50 epoch=3/3 loss=0.4061 l2=0.2000 label_smoothing=0.050
D step=21/50 epoch=1/3 loss=0.4216 l2=0.2000 label_smoothing=0.050
D step=21/50 epoch=2/3 loss=0.4036 l2=0.2000 label_smoothing=0.050
D step=21/50 epoch=3/3 loss=0.4120 l2=0.2000 label_smoothing=0.050
D step=22/50 epoch=1/3 loss=0.4199 l2=0.2000 label_smoothing=0.050
D step=22/50 epoch=2/3 loss=0.4159 l2=0.2000 label_smoothing=0.050
D step=22/50 epoch=3/3 loss=0.4133 l2=0.2000 label_smoothing=0.050
D step=23/50 epoch=1/3 loss=0.4281 l2=0.2000 label_smoothing=0.050
D step=23/50 epoch=2/3 loss=0.4113 l2=0.2000 label_smoothing=0.050
D step=23/50 epoch=3/3 loss=0.4040 l2=0.2000 label_smoothing=0.050
D step=24/50 epoch=1/3 loss=0.4191 l2=0.2000 label_smoothing=0.050
D step=24/50 epoch=2/3 loss=0.4225 l2=0.2000 label_smoothing=0.050
D step=24/50 epoch=3/3 loss=0.3952 l2=0.2000 label_smoothing=0.050
D step=25/50 epoch=1/3 loss=0.4387 l2=0.2000 label_smoothing=0.050
D step=25/50 epoch=2/3 loss=0.4376 l2=0.2000 label_smoothing=0.050
D step=25/50 epoch=3/3 loss=0.4277 l2=0.2000 label_smoothing=0.050
D step=26/50 epoch=1/3 loss=0.4411 l2=0.2000 label_smoothing=0.050
D step=26/50 epoch=2/3 loss=0.4263 l2=0.2000 label_smoothing=0.050
D step=26/50 epoch=3/3 loss=0.4056 l2=0.2000 label_smoothing=0.050
D step=27/50 epoch=1/3 loss=0.4379 l2=0.2000 label_smoothing=0.050
D step=27/50 epoch=2/3 loss=0.4318 l2=0.2000 label_smoothing=0.050
D step=27/50 epoch=3/3 loss=0.4233 l2=0.2000 label_smoothing=0.050
D step=28/50 epoch=1/3 loss=0.3924 l2=0.2000 label_smoothing=0.050
D step=28/50 epoch=2/3 loss=0.3842 l2=0.2000 label_smoothing=0.050
D step=28/50 epoch=3/3 loss=0.3801 l2=0.2000 label_smoothing=0.050
D step=29/50 epoch=1/3 loss=0.3913 l2=0.2000 label_smoothing=0.050
D step=29/50 epoch=2/3 loss=0.3772 l2=0.2000 label_smoothing=0.050
D step=29/50 epoch=3/3 loss=0.3674 l2=0.2000 label_smoothing=0.050
D step=30/50 epoch=1/3 loss=0.4080 l2=0.2000 label_smoothing=0.050
D step=30/50 epoch=2/3 loss=0.3907 l2=0.2000 label_smoothing=0.050
D step=30/50 epoch=3/3 loss=0.3830 l2=0.2000 label_smoothing=0.050
D step=31/50 epoch=1/3 loss=0.3908 l2=0.2000 label_smoothing=0.050
D step=31/50 epoch=2/3 loss=0.3856 l2=0.2000 label_smoothing=0.050
D step=31/50 epoch=3/3 loss=0.3819 l2=0.2000 label_smoothing=0.050
D step=32/50 epoch=1/3 loss=0.3919 l2=0.2000 label_smoothing=0.050
D step=32/50 epoch=2/3 loss=0.3668 l2=0.2000 label_smoothing=0.050
D step=32/50 epoch=3/3 loss=0.3716 l2=0.2000 label_smoothing=0.050
D step=33/50 epoch=1/3 loss=0.4243 l2=0.2000 label_smoothing=0.050
D step=33/50 epoch=2/3 loss=0.4004 l2=0.2000 label_smoothing=0.050
D step=33/50 epoch=3/3 loss=0.3986 l2=0.2000 label_smoothing=0.050
D step=34/50 epoch=1/3 loss=0.3730 l2=0.2000 label_smoothing=0.050
D step=34/50 epoch=2/3 loss=0.3600 l2=0.2000 label_smoothing=0.050
D step=34/50 epoch=3/3 loss=0.3470 l2=0.2000 label_smoothing=0.050
D step=35/50 epoch=1/3 loss=0.3879 l2=0.2000 label_smoothing=0.050
D step=35/50 epoch=2/3 loss=0.4018 l2=0.2000 label_smoothing=0.050
D step=35/50 epoch=3/3 loss=0.3786 l2=0.2000 label_smoothing=0.050
D step=36/50 epoch=1/3 loss=0.3767 l2=0.2000 label_smoothing=0.050
D step=36/50 epoch=2/3 loss=0.3701 l2=0.2000 label_smoothing=0.050
D step=36/50 epoch=3/3 loss=0.3512 l2=0.2000 label_smoothing=0.050
D step=37/50 epoch=1/3 loss=0.4145 l2=0.2000 label_smoothing=0.050
D step=37/50 epoch=2/3 loss=0.4050 l2=0.2000 label_smoothing=0.050
D step=37/50 epoch=3/3 loss=0.3829 l2=0.2000 label_smoothing=0.050
D step=38/50 epoch=1/3 loss=0.3966 l2=0.2000 label_smoothing=0.050
D step=38/50 epoch=2/3 loss=0.4000 l2=0.2000 label_smoothing=0.050
D step=38/50 epoch=3/3 loss=0.3805 l2=0.2000 label_smoothing=0.050
D step=39/50 epoch=1/3 loss=0.3600 l2=0.2000 label_smoothing=0.050
D step=39/50 epoch=2/3 loss=0.3452 l2=0.2000 label_smoothing=0.050
D step=39/50 epoch=3/3 loss=0.3355 l2=0.2000 label_smoothing=0.050
D step=40/50 epoch=1/3 loss=0.3886 l2=0.2000 label_smoothing=0.050
D step=40/50 epoch=2/3 loss=0.3792 l2=0.2000 label_smoothing=0.050
D step=40/50 epoch=3/3 loss=0.3648 l2=0.2000 label_smoothing=0.050
D step=41/50 epoch=1/3 loss=0.3403 l2=0.2000 label_smoothing=0.050
D step=41/50 epoch=2/3 loss=0.3295 l2=0.2000 label_smoothing=0.050
D step=41/50 epoch=3/3 loss=0.3099 l2=0.2000 label_smoothing=0.050
D step=42/50 epoch=1/3 loss=0.3303 l2=0.2000 label_smoothing=0.050
D step=42/50 epoch=2/3 loss=0.3249 l2=0.2000 label_smoothing=0.050
D step=42/50 epoch=3/3 loss=0.3167 l2=0.2000 label_smoothing=0.050
D step=43/50 epoch=1/3 loss=0.3672 l2=0.2000 label_smoothing=0.050
D step=43/50 epoch=2/3 loss=0.3556 l2=0.2000 label_smoothing=0.050
D step=43/50 epoch=3/3 loss=0.3425 l2=0.2000 label_smoothing=0.050
D step=44/50 epoch=1/3 loss=0.3754 l2=0.2000 label_smoothing=0.050
D step=44/50 epoch=2/3 loss=0.3651 l2=0.2000 label_smoothing=0.050
D step=44/50 epoch=3/3 loss=0.3473 l2=0.2000 label_smoothing=0.050
D step=45/50 epoch=1/3 loss=0.3784 l2=0.2000 label_smoothing=0.050
D step=45/50 epoch=2/3 loss=0.3640 l2=0.2000 label_smoothing=0.050
D step=45/50 epoch=3/3 loss=0.3464 l2=0.2000 label_smoothing=0.050
D step=46/50 epoch=1/3 loss=0.3651 l2=0.2000 label_smoothing=0.050
D step=46/50 epoch=2/3 loss=0.3547 l2=0.2000 label_smoothing=0.050
D step=46/50 epoch=3/3 loss=0.3526 l2=0.2000 label_smoothing=0.050
D step=47/50 epoch=1/3 loss=0.3743 l2=0.2000 label_smoothing=0.050
D step=47/50 epoch=2/3 loss=0.3563 l2=0.2000 label_smoothing=0.050
D step=47/50 epoch=3/3 loss=0.3475 l2=0.2000 label_smoothing=0.050
D step=48/50 epoch=1/3 loss=0.3657 l2=0.2000 label_smoothing=0.050
D step=48/50 epoch=2/3 loss=0.3567 l2=0.2000 label_smoothing=0.050
D step=48/50 epoch=3/3 loss=0.3419 l2=0.2000 label_smoothing=0.050
D step=49/50 epoch=1/3 loss=0.3727 l2=0.2000 label_smoothing=0.050
D step=49/50 epoch=2/3 loss=0.3662 l2=0.2000 label_smoothing=0.050
D step=49/50 epoch=3/3 loss=0.3559 l2=0.2000 label_smoothing=0.050
D step=50/50 epoch=1/3 loss=0.3500 l2=0.2000 label_smoothing=0.050
D step=50/50 epoch=2/3 loss=0.3444 l2=0.2000 label_smoothing=0.050
D step=50/50 epoch=3/3 loss=0.3354 l2=0.2000 label_smoothing=0.050

[3/3] adversarial
generator_reward_mode=off reward_alpha=1.000 d_steps=5 d_epochs=3
D step=1/5 epoch=1/3 loss=0.3415 l2=0.2000 label_smoothing=0.050
D step=1/5 epoch=2/3 loss=0.3272 l2=0.2000 label_smoothing=0.050
D step=1/5 epoch=3/3 loss=0.3263 l2=0.2000 label_smoothing=0.050
D step=2/5 epoch=1/3 loss=0.3288 l2=0.2000 label_smoothing=0.050
D step=2/5 epoch=2/3 loss=0.3071 l2=0.2000 label_smoothing=0.050
D step=2/5 epoch=3/3 loss=0.3043 l2=0.2000 label_smoothing=0.050
D step=3/5 epoch=1/3 loss=0.3648 l2=0.2000 label_smoothing=0.050
D step=3/5 epoch=2/3 loss=0.3572 l2=0.2000 label_smoothing=0.050
D step=3/5 epoch=3/3 loss=0.3431 l2=0.2000 label_smoothing=0.050
D step=4/5 epoch=1/3 loss=0.3314 l2=0.2000 label_smoothing=0.050
D step=4/5 epoch=2/3 loss=0.3243 l2=0.2000 label_smoothing=0.050
D step=4/5 epoch=3/3 loss=0.3138 l2=0.2000 label_smoothing=0.050
D step=5/5 epoch=1/3 loss=0.3351 l2=0.2000 label_smoothing=0.050
D step=5/5 epoch=2/3 loss=0.3215 l2=0.2000 label_smoothing=0.050
D step=5/5 epoch=3/3 loss=0.3183 l2=0.2000 label_smoothing=0.050
ADV epoch=1/200 g_loss=0.1080 d_loss=0.3296 reward=0.1572 reward_var=0.0310 unique=0.9400
D step=1/5 epoch=1/3 loss=0.3101 l2=0.2000 label_smoothing=0.050
D step=1/5 epoch=2/3 loss=0.2852 l2=0.2000 label_smoothing=0.050
D step=1/5 epoch=3/3 loss=0.2784 l2=0.2000 label_smoothing=0.050
D step=2/5 epoch=1/3 loss=0.2974 l2=0.2000 label_smoothing=0.050
D step=2/5 epoch=2/3 loss=0.2879 l2=0.2000 label_smoothing=0.050
D step=2/5 epoch=3/3 loss=0.2791 l2=0.2000 label_smoothing=0.050
D step=3/5 epoch=1/3 loss=0.2659 l2=0.2000 label_smoothing=0.050
D step=3/5 epoch=2/3 loss=0.2565 l2=0.2000 label_smoothing=0.050
D step=3/5 epoch=3/3 loss=0.2484 l2=0.2000 label_smoothing=0.050
D step=4/5 epoch=1/3 loss=0.2523 l2=0.2000 label_smoothing=0.050
D step=4/5 epoch=2/3 loss=0.2496 l2=0.2000 label_smoothing=0.050
D step=4/5 epoch=3/3 loss=0.2485 l2=0.2000 label_smoothing=0.050
D step=5/5 epoch=1/3 loss=0.2806 l2=0.2000 label_smoothing=0.050
D step=5/5 epoch=2/3 loss=0.2699 l2=0.2000 label_smoothing=0.050
D step=5/5 epoch=3/3 loss=0.2604 l2=0.2000 label_smoothing=0.050
ADV epoch=2/200 g_loss=0.0883 d_loss=0.2714 reward=0.1775 reward_var=0.0360 unique=0.9200
D step=1/5 epoch=1/3 loss=0.3351 l2=0.2000 label_smoothing=0.050
D step=1/5 epoch=2/3 loss=0.3186 l2=0.2000 label_smoothing=0.050
D step=1/5 epoch=3/3 loss=0.3049 l2=0.2000 label_smoothing=0.050
D step=2/5 epoch=1/3 loss=0.3513 l2=0.2000 label_smoothing=0.050
D step=2/5 epoch=2/3 loss=0.3407 l2=0.2000 label_smoothing=0.050
D step=2/5 epoch=3/3 loss=0.3357 l2=0.2000 label_smoothing=0.050
D step=3/5 epoch=1/3 loss=0.3560 l2=0.2000 label_smoothing=0.050
D step=3/5 epoch=2/3 loss=0.3469 l2=0.2000 label_smoothing=0.050
D step=3/5 epoch=3/3 loss=0.3330 l2=0.2000 label_smoothing=0.050
D step=4/5 epoch=1/3 loss=0.3347 l2=0.2000 label_smoothing=0.050
D step=4/5 epoch=2/3 loss=0.3274 l2=0.2000 label_smoothing=0.050
D step=4/5 epoch=3/3 loss=0.3258 l2=0.2000 label_smoothing=0.050
D step=5/5 epoch=1/3 loss=0.3818 l2=0.2000 label_smoothing=0.050
D step=5/5 epoch=2/3 loss=0.3713 l2=0.2000 label_smoothing=0.050
D step=5/5 epoch=3/3 loss=0.3607 l2=0.2000 label_smoothing=0.050
ADV epoch=3/200 g_loss=0.0948 d_loss=0.3416 reward=0.2093 reward_var=0.0565 unique=0.8200
D step=1/5 epoch=1/3 loss=0.3585 l2=0.2000 label_smoothing=0.050
D step=1/5 epoch=2/3 loss=0.3454 l2=0.2000 label_smoothing=0.050
D step=1/5 epoch=3/3 loss=0.3368 l2=0.2000 label_smoothing=0.050
D step=2/5 epoch=1/3 loss=0.3509 l2=0.2000 label_smoothing=0.050
D step=2/5 epoch=2/3 loss=0.3394 l2=0.2000 label_smoothing=0.050
D step=2/5 epoch=3/3 loss=0.3388 l2=0.2000 label_smoothing=0.050
D step=3/5 epoch=1/3 loss=0.3443 l2=0.2000 label_smoothing=0.050
D step=3/5 epoch=2/3 loss=0.3321 l2=0.2000 label_smoothing=0.050
D step=3/5 epoch=3/3 loss=0.3295 l2=0.2000 label_smoothing=0.050
D step=4/5 epoch=1/3 loss=0.3732 l2=0.2000 label_smoothing=0.050
D step=4/5 epoch=2/3 loss=0.3655 l2=0.2000 label_smoothing=0.050
D step=4/5 epoch=3/3 loss=0.3635 l2=0.2000 label_smoothing=0.050
D step=5/5 epoch=1/3 loss=0.3796 l2=0.2000 label_smoothing=0.050
D step=5/5 epoch=2/3 loss=0.3607 l2=0.2000 label_smoothing=0.050
D step=5/5 epoch=3/3 loss=0.3633 l2=0.2000 label_smoothing=0.050
ADV epoch=4/200 g_loss=0.0691 d_loss=0.3521 reward=0.1708 reward_var=0.0295 unique=0.8400
D step=1/5 epoch=1/3 loss=0.3499 l2=0.2000 label_smoothing=0.050
D step=1/5 epoch=2/3 loss=0.3324 l2=0.2000 label_smoothing=0.050
D step=1/5 epoch=3/3 loss=0.3249 l2=0.2000 label_smoothing=0.050
D step=2/5 epoch=1/3 loss=0.3789 l2=0.2000 label_smoothing=0.050
D step=2/5 epoch=2/3 loss=0.3637 l2=0.2000 label_smoothing=0.050
D step=2/5 epoch=3/3 loss=0.3671 l2=0.2000 label_smoothing=0.050
D step=3/5 epoch=1/3 loss=0.3430 l2=0.2000 label_smoothing=0.050
D step=3/5 epoch=2/3 loss=0.3401 l2=0.2000 label_smoothing=0.050
D step=3/5 epoch=3/3 loss=0.3262 l2=0.2000 label_smoothing=0.050
D step=4/5 epoch=1/3 loss=0.3751 l2=0.2000 label_smoothing=0.050
D step=4/5 epoch=2/3 loss=0.3661 l2=0.2000 label_smoothing=0.050
D step=4/5 epoch=3/3 loss=0.3603 l2=0.2000 label_smoothing=0.050
D step=5/5 epoch=1/3 loss=0.3589 l2=0.2000 label_smoothing=0.050
D step=5/5 epoch=2/3 loss=0.3563 l2=0.2000 label_smoothing=0.050
D step=5/5 epoch=3/3 loss=0.3555 l2=0.2000 label_smoothing=0.050
ADV epoch=5/200 g_loss=0.0747 d_loss=0.3532 reward=0.1764 reward_var=0.0258 unique=0.6400
D step=1/5 epoch=1/3 loss=0.3836 l2=0.2000 label_smoothing=0.050
D step=1/5 epoch=2/3 loss=0.3574 l2=0.2000 label_smoothing=0.050
D step=1/5 epoch=3/3 loss=0.3591 l2=0.2000 label_smoothing=0.050
D step=2/5 epoch=1/3 loss=0.3603 l2=0.2000 label_smoothing=0.050
D step=2/5 epoch=2/3 loss=0.3490 l2=0.2000 label_smoothing=0.050
D step=2/5 epoch=3/3 loss=0.3491 l2=0.2000 label_smoothing=0.050
D step=3/5 epoch=1/3 loss=0.3667 l2=0.2000 label_smoothing=0.050
D step=3/5 epoch=2/3 loss=0.3631 l2=0.2000 label_smoothing=0.050
D step=3/5 epoch=3/3 loss=0.3610 l2=0.2000 label_smoothing=0.050
D step=4/5 epoch=1/3 loss=0.3467 l2=0.2000 label_smoothing=0.050
D step=4/5 epoch=2/3 loss=0.3338 l2=0.2000 label_smoothing=0.050
D step=4/5 epoch=3/3 loss=0.3310 l2=0.2000 label_smoothing=0.050
D step=5/5 epoch=1/3 loss=0.3490 l2=0.2000 label_smoothing=0.050
D step=5/5 epoch=2/3 loss=0.3448 l2=0.2000 label_smoothing=0.050
D step=5/5 epoch=3/3 loss=0.3438 l2=0.2000 label_smoothing=0.050
ADV epoch=6/200 g_loss=0.0489 d_loss=0.3532 reward=0.2084 reward_var=0.0270 unique=0.7400
D step=1/5 epoch=1/3 loss=0.3750 l2=0.2000 label_smoothing=0.050
D step=1/5 epoch=2/3 loss=0.3536 l2=0.2000 label_smoothing=0.050
D step=1/5 epoch=3/3 loss=0.3471 l2=0.2000 label_smoothing=0.050
D step=2/5 epoch=1/3 loss=0.3269 l2=0.2000 label_smoothing=0.050
D step=2/5 epoch=2/3 loss=0.3287 l2=0.2000 label_smoothing=0.050
D step=2/5 epoch=3/3 loss=0.3214 l2=0.2000 label_smoothing=0.050
D step=3/5 epoch=1/3 loss=0.3450 l2=0.2000 label_smoothing=0.050
D step=3/5 epoch=2/3 loss=0.3345 l2=0.2000 label_smoothing=0.050
D step=3/5 epoch=3/3 loss=0.3338 l2=0.2000 label_smoothing=0.050
D step=4/5 epoch=1/3 loss=0.3438 l2=0.2000 label_smoothing=0.050
D step=4/5 epoch=2/3 loss=0.3378 l2=0.2000 label_smoothing=0.050
D step=4/5 epoch=3/3 loss=0.3403 l2=0.2000 label_smoothing=0.050
D step=5/5 epoch=1/3 loss=0.3452 l2=0.2000 label_smoothing=0.050
D step=5/5 epoch=2/3 loss=0.3383 l2=0.2000 label_smoothing=0.050
D step=5/5 epoch=3/3 loss=0.3363 l2=0.2000 label_smoothing=0.050
ADV epoch=7/200 g_loss=0.0445 d_loss=0.3405 reward=0.1818 reward_var=0.0156 unique=0.5800
D step=1/5 epoch=1/3 loss=0.3697 l2=0.2000 label_smoothing=0.050
D step=1/5 epoch=2/3 loss=0.3484 l2=0.2000 label_smoothing=0.050
D step=1/5 epoch=3/3 loss=0.3502 l2=0.2000 label_smoothing=0.050
D step=2/5 epoch=1/3 loss=0.3569 l2=0.2000 label_smoothing=0.050
D step=2/5 epoch=2/3 loss=0.3426 l2=0.2000 label_smoothing=0.050
D step=2/5 epoch=3/3 loss=0.3487 l2=0.2000 label_smoothing=0.050
D step=3/5 epoch=1/3 loss=0.3428 l2=0.2000 label_smoothing=0.050
D step=3/5 epoch=2/3 loss=0.3380 l2=0.2000 label_smoothing=0.050
D step=3/5 epoch=3/3 loss=0.3358 l2=0.2000 label_smoothing=0.050
D step=4/5 epoch=1/3 loss=0.3525 l2=0.2000 label_smoothing=0.050
D step=4/5 epoch=2/3 loss=0.3477 l2=0.2000 label_smoothing=0.050
D step=4/5 epoch=3/3 loss=0.3440 l2=0.2000 label_smoothing=0.050
D step=5/5 epoch=1/3 loss=0.3497 l2=0.2000 label_smoothing=0.050
D step=5/5 epoch=2/3 loss=0.3492 l2=0.2000 label_smoothing=0.050
D step=5/5 epoch=3/3 loss=0.3438 l2=0.2000 label_smoothing=0.050
ADV epoch=8/200 g_loss=0.0474 d_loss=0.3480 reward=0.2433 reward_var=0.0231 unique=0.5000
D step=1/5 epoch=1/3 loss=0.3503 l2=0.2000 label_smoothing=0.050
D step=1/5 epoch=2/3 loss=0.3493 l2=0.2000 label_smoothing=0.050
D step=1/5 epoch=3/3 loss=0.3436 l2=0.2000 label_smoothing=0.050
D step=2/5 epoch=1/3 loss=0.3796 l2=0.2000 label_smoothing=0.050
D step=2/5 epoch=2/3 loss=0.3781 l2=0.2000 label_smoothing=0.050
D step=2/5 epoch=3/3 loss=0.3677 l2=0.2000 label_smoothing=0.050
D step=3/5 epoch=1/3 loss=0.3792 l2=0.2000 label_smoothing=0.050
D step=3/5 epoch=2/3 loss=0.3726 l2=0.2000 label_smoothing=0.050
D step=3/5 epoch=3/3 loss=0.3655 l2=0.2000 label_smoothing=0.050
D step=4/5 epoch=1/3 loss=0.3955 l2=0.2000 label_smoothing=0.050
D step=4/5 epoch=2/3 loss=0.3858 l2=0.2000 label_smoothing=0.050
D step=4/5 epoch=3/3 loss=0.3794 l2=0.2000 label_smoothing=0.050
D step=5/5 epoch=1/3 loss=0.3960 l2=0.2000 label_smoothing=0.050
D step=5/5 epoch=2/3 loss=0.3894 l2=0.2000 label_smoothing=0.050
D step=5/5 epoch=3/3 loss=0.3884 l2=0.2000 label_smoothing=0.050
ADV epoch=9/200 g_loss=0.0558 d_loss=0.3747 reward=0.2385 reward_var=0.0262 unique=0.3000
D step=1/5 epoch=1/3 loss=0.3954 l2=0.2000 label_smoothing=0.050
D step=1/5 epoch=2/3 loss=0.3543 l2=0.2000 label_smoothing=0.050
D step=1/5 epoch=3/3 loss=0.3698 l2=0.2000 label_smoothing=0.050
D step=2/5 epoch=1/3 loss=0.3562 l2=0.2000 label_smoothing=0.050
D step=2/5 epoch=2/3 loss=0.3580 l2=0.2000 label_smoothing=0.050
D step=2/5 epoch=3/3 loss=0.3525 l2=0.2000 label_smoothing=0.050
D step=3/5 epoch=1/3 loss=0.3472 l2=0.2000 label_smoothing=0.050
D step=3/5 epoch=2/3 loss=0.3471 l2=0.2000 label_smoothing=0.050
D step=3/5 epoch=3/3 loss=0.3432 l2=0.2000 label_smoothing=0.050
D step=4/5 epoch=1/3 loss=0.3873 l2=0.2000 label_smoothing=0.050
D step=4/5 epoch=2/3 loss=0.3711 l2=0.2000 label_smoothing=0.050
D step=4/5 epoch=3/3 loss=0.3685 l2=0.2000 label_smoothing=0.050
D step=5/5 epoch=1/3 loss=0.3480 l2=0.2000 label_smoothing=0.050
D step=5/5 epoch=2/3 loss=0.3471 l2=0.2000 label_smoothing=0.050
D step=5/5 epoch=3/3 loss=0.3471 l2=0.2000 label_smoothing=0.050
ADV epoch=10/200 g_loss=0.0329 d_loss=0.3595 reward=0.1951 reward_var=0.0114 unique=0.3400
D step=1/5 epoch=1/3 loss=0.3602 l2=0.2000 label_smoothing=0.050
D step=1/5 epoch=2/3 loss=0.3547 l2=0.2000 label_smoothing=0.050
D step=1/5 epoch=3/3 loss=0.3509 l2=0.2000 label_smoothing=0.050
D step=2/5 epoch=1/3 loss=0.3806 l2=0.2000 label_smoothing=0.050
D step=2/5 epoch=2/3 loss=0.3777 l2=0.2000 label_smoothing=0.050
D step=2/5 epoch=3/3 loss=0.3696 l2=0.2000 label_smoothing=0.050
D step=3/5 epoch=1/3 loss=0.3474 l2=0.2000 label_smoothing=0.050
D step=3/5 epoch=2/3 loss=0.3460 l2=0.2000 label_smoothing=0.050
D step=3/5 epoch=3/3 loss=0.3455 l2=0.2000 label_smoothing=0.050
D step=4/5 epoch=1/3 loss=0.3558 l2=0.2000 label_smoothing=0.050
D step=4/5 epoch=2/3 loss=0.3565 l2=0.2000 label_smoothing=0.050
D step=4/5 epoch=3/3 loss=0.3513 l2=0.2000 label_smoothing=0.050
D step=5/5 epoch=1/3 loss=0.3795 l2=0.2000 label_smoothing=0.050
D step=5/5 epoch=2/3 loss=0.3710 l2=0.2000 label_smoothing=0.050
D step=5/5 epoch=3/3 loss=0.3681 l2=0.2000 label_smoothing=0.050
ADV epoch=11/200 g_loss=0.0325 d_loss=0.3610 reward=0.2082 reward_var=0.0147 unique=0.3800
D step=1/5 epoch=1/3 loss=0.3691 l2=0.2000 label_smoothing=0.050
D step=1/5 epoch=2/3 loss=0.3573 l2=0.2000 label_smoothing=0.050
D step=1/5 epoch=3/3 loss=0.3539 l2=0.2000 label_smoothing=0.050
D step=2/5 epoch=1/3 loss=0.3773 l2=0.2000 label_smoothing=0.050
D step=2/5 epoch=2/3 loss=0.3695 l2=0.2000 label_smoothing=0.050
D step=2/5 epoch=3/3 loss=0.3616 l2=0.2000 label_smoothing=0.050
D step=3/5 epoch=1/3 loss=0.3459 l2=0.2000 label_smoothing=0.050
D step=3/5 epoch=2/3 loss=0.3416 l2=0.2000 label_smoothing=0.050
D step=3/5 epoch=3/3 loss=0.3388 l2=0.2000 label_smoothing=0.050
D step=4/5 epoch=1/3 loss=0.3440 l2=0.2000 label_smoothing=0.050
D step=4/5 epoch=2/3 loss=0.3456 l2=0.2000 label_smoothing=0.050
D step=4/5 epoch=3/3 loss=0.3369 l2=0.2000 label_smoothing=0.050
D step=5/5 epoch=1/3 loss=0.3809 l2=0.2000 label_smoothing=0.050
D step=5/5 epoch=2/3 loss=0.3622 l2=0.2000 label_smoothing=0.050
D step=5/5 epoch=3/3 loss=0.3621 l2=0.2000 label_smoothing=0.050
ADV epoch=12/200 g_loss=0.0143 d_loss=0.3564 reward=0.2081 reward_var=0.0095 unique=0.3200
D step=1/5 epoch=1/3 loss=0.3598 l2=0.2000 label_smoothing=0.050
D step=1/5 epoch=2/3 loss=0.3413 l2=0.2000 label_smoothing=0.050
D step=1/5 epoch=3/3 loss=0.3324 l2=0.2000 label_smoothing=0.050
D step=2/5 epoch=1/3 loss=0.3509 l2=0.2000 label_smoothing=0.050
D step=2/5 epoch=2/3 loss=0.3503 l2=0.2000 label_smoothing=0.050
D step=2/5 epoch=3/3 loss=0.3436 l2=0.2000 label_smoothing=0.050
D step=3/5 epoch=1/3 loss=0.3468 l2=0.2000 label_smoothing=0.050
D step=3/5 epoch=2/3 loss=0.3393 l2=0.2000 label_smoothing=0.050
D step=3/5 epoch=3/3 loss=0.3408 l2=0.2000 label_smoothing=0.050
D step=4/5 epoch=1/3 loss=0.3349 l2=0.2000 label_smoothing=0.050
D step=4/5 epoch=2/3 loss=0.3324 l2=0.2000 label_smoothing=0.050
D step=4/5 epoch=3/3 loss=0.3277 l2=0.2000 label_smoothing=0.050
D step=5/5 epoch=1/3 loss=0.3410 l2=0.2000 label_smoothing=0.050
D step=5/5 epoch=2/3 loss=0.3408 l2=0.2000 label_smoothing=0.050
D step=5/5 epoch=3/3 loss=0.3398 l2=0.2000 label_smoothing=0.050
ADV epoch=13/200 g_loss=0.0176 d_loss=0.3415 reward=0.2137 reward_var=0.0081 unique=0.2600
D step=1/5 epoch=1/3 loss=0.3851 l2=0.2000 label_smoothing=0.050
D step=1/5 epoch=2/3 loss=0.3612 l2=0.2000 label_smoothing=0.050
D step=1/5 epoch=3/3 loss=0.3716 l2=0.2000 label_smoothing=0.050
D step=2/5 epoch=1/3 loss=0.3589 l2=0.2000 label_smoothing=0.050
D step=2/5 epoch=2/3 loss=0.3532 l2=0.2000 label_smoothing=0.050
D step=2/5 epoch=3/3 loss=0.3547 l2=0.2000 label_smoothing=0.050
D step=3/5 epoch=1/3 loss=0.3400 l2=0.2000 label_smoothing=0.050
D step=3/5 epoch=2/3 loss=0.3397 l2=0.2000 label_smoothing=0.050
D step=3/5 epoch=3/3 loss=0.3426 l2=0.2000 label_smoothing=0.050
D step=4/5 epoch=1/3 loss=0.3435 l2=0.2000 label_smoothing=0.050
D step=4/5 epoch=2/3 loss=0.3374 l2=0.2000 label_smoothing=0.050
D step=4/5 epoch=3/3 loss=0.3461 l2=0.2000 label_smoothing=0.050
D step=5/5 epoch=1/3 loss=0.3741 l2=0.2000 label_smoothing=0.050
D step=5/5 epoch=2/3 loss=0.3652 l2=0.2000 label_smoothing=0.050
D step=5/5 epoch=3/3 loss=0.3622 l2=0.2000 label_smoothing=0.050
ADV epoch=14/200 g_loss=0.0157 d_loss=0.3557 reward=0.2041 reward_var=0.0033 unique=0.2000
D step=1/5 epoch=1/3 loss=0.3621 l2=0.2000 label_smoothing=0.050
D step=1/5 epoch=2/3 loss=0.3483 l2=0.2000 label_smoothing=0.050
D step=1/5 epoch=3/3 loss=0.3467 l2=0.2000 label_smoothing=0.050
D step=2/5 epoch=1/3 loss=0.3685 l2=0.2000 label_smoothing=0.050
D step=2/5 epoch=2/3 loss=0.3593 l2=0.2000 label_smoothing=0.050
D step=2/5 epoch=3/3 loss=0.3624 l2=0.2000 label_smoothing=0.050
D step=3/5 epoch=1/3 loss=0.3527 l2=0.2000 label_smoothing=0.050
D step=3/5 epoch=2/3 loss=0.3533 l2=0.2000 label_smoothing=0.050
D step=3/5 epoch=3/3 loss=0.3499 l2=0.2000 label_smoothing=0.050
D step=4/5 epoch=1/3 loss=0.3638 l2=0.2000 label_smoothing=0.050
D step=4/5 epoch=2/3 loss=0.3491 l2=0.2000 label_smoothing=0.050
D step=4/5 epoch=3/3 loss=0.3550 l2=0.2000 label_smoothing=0.050
D step=5/5 epoch=1/3 loss=0.3702 l2=0.2000 label_smoothing=0.050
D step=5/5 epoch=2/3 loss=0.3661 l2=0.2000 label_smoothing=0.050
D step=5/5 epoch=3/3 loss=0.3619 l2=0.2000 label_smoothing=0.050
ADV epoch=15/200 g_loss=0.0146 d_loss=0.3580 reward=0.1818 reward_var=0.0073 unique=0.1400
D step=1/5 epoch=1/3 loss=0.3515 l2=0.2000 label_smoothing=0.050
D step=1/5 epoch=2/3 loss=0.3447 l2=0.2000 label_smoothing=0.050
D step=1/5 epoch=3/3 loss=0.3453 l2=0.2000 label_smoothing=0.050
D step=2/5 epoch=1/3 loss=0.3264 l2=0.2000 label_smoothing=0.050
D step=2/5 epoch=2/3 loss=0.3259 l2=0.2000 label_smoothing=0.050
D step=2/5 epoch=3/3 loss=0.3262 l2=0.2000 label_smoothing=0.050
D step=3/5 epoch=1/3 loss=0.3727 l2=0.2000 label_smoothing=0.050
D step=3/5 epoch=2/3 loss=0.3703 l2=0.2000 label_smoothing=0.050
D step=3/5 epoch=3/3 loss=0.3638 l2=0.2000 label_smoothing=0.050
D step=4/5 epoch=1/3 loss=0.3826 l2=0.2000 label_smoothing=0.050
D step=4/5 epoch=2/3 loss=0.3729 l2=0.2000 label_smoothing=0.050
D step=4/5 epoch=3/3 loss=0.3749 l2=0.2000 label_smoothing=0.050
D step=5/5 epoch=1/3 loss=0.3437 l2=0.2000 label_smoothing=0.050
D step=5/5 epoch=2/3 loss=0.3431 l2=0.2000 label_smoothing=0.050
D step=5/5 epoch=3/3 loss=0.3398 l2=0.2000 label_smoothing=0.050
ADV epoch=16/200 g_loss=0.0099 d_loss=0.3522 reward=0.1860 reward_var=0.0059 unique=0.2600
D step=1/5 epoch=1/3 loss=0.3703 l2=0.2000 label_smoothing=0.050
D step=1/5 epoch=2/3 loss=0.3446 l2=0.2000 label_smoothing=0.050
D step=1/5 epoch=3/3 loss=0.3567 l2=0.2000 label_smoothing=0.050
D step=2/5 epoch=1/3 loss=0.3507 l2=0.2000 label_smoothing=0.050
D step=2/5 epoch=2/3 loss=0.3506 l2=0.2000 label_smoothing=0.050
D step=2/5 epoch=3/3 loss=0.3458 l2=0.2000 label_smoothing=0.050
D step=3/5 epoch=1/3 loss=0.3561 l2=0.2000 label_smoothing=0.050
D step=3/5 epoch=2/3 loss=0.3550 l2=0.2000 label_smoothing=0.050
D step=3/5 epoch=3/3 loss=0.3515 l2=0.2000 label_smoothing=0.050
D step=4/5 epoch=1/3 loss=0.3517 l2=0.2000 label_smoothing=0.050
D step=4/5 epoch=2/3 loss=0.3465 l2=0.2000 label_smoothing=0.050
D step=4/5 epoch=3/3 loss=0.3459 l2=0.2000 label_smoothing=0.050
D step=5/5 epoch=1/3 loss=0.3611 l2=0.2000 label_smoothing=0.050
D step=5/5 epoch=2/3 loss=0.3569 l2=0.2000 label_smoothing=0.050
D step=5/5 epoch=3/3 loss=0.3542 l2=0.2000 label_smoothing=0.050
ADV epoch=17/200 g_loss=0.0053 d_loss=0.3532 reward=0.1699 reward_var=0.0027 unique=0.2000
D step=1/5 epoch=1/3 loss=0.3476 l2=0.2000 label_smoothing=0.050
D step=1/5 epoch=2/3 loss=0.3433 l2=0.2000 label_smoothing=0.050
D step=1/5 epoch=3/3 loss=0.3438 l2=0.2000 label_smoothing=0.050
D step=2/5 epoch=1/3 loss=0.3786 l2=0.2000 label_smoothing=0.050
D step=2/5 epoch=2/3 loss=0.3720 l2=0.2000 label_smoothing=0.050
D step=2/5 epoch=3/3 loss=0.3743 l2=0.2000 label_smoothing=0.050
D step=3/5 epoch=1/3 loss=0.3498 l2=0.2000 label_smoothing=0.050
D step=3/5 epoch=2/3 loss=0.3485 l2=0.2000 label_smoothing=0.050
D step=3/5 epoch=3/3 loss=0.3485 l2=0.2000 label_smoothing=0.050
D step=4/5 epoch=1/3 loss=0.3415 l2=0.2000 label_smoothing=0.050
D step=4/5 epoch=2/3 loss=0.3405 l2=0.2000 label_smoothing=0.050
D step=4/5 epoch=3/3 loss=0.3392 l2=0.2000 label_smoothing=0.050
D step=5/5 epoch=1/3 loss=0.3462 l2=0.2000 label_smoothing=0.050
D step=5/5 epoch=2/3 loss=0.3448 l2=0.2000 label_smoothing=0.050
D step=5/5 epoch=3/3 loss=0.3451 l2=0.2000 label_smoothing=0.050
ADV epoch=18/200 g_loss=0.0046 d_loss=0.3509 reward=0.2330 reward_var=0.0032 unique=0.2000
D step=1/5 epoch=1/3 loss=0.3643 l2=0.2000 label_smoothing=0.050
D step=1/5 epoch=2/3 loss=0.3562 l2=0.2000 label_smoothing=0.050
D step=1/5 epoch=3/3 loss=0.3588 l2=0.2000 label_smoothing=0.050
D step=2/5 epoch=1/3 loss=0.3512 l2=0.2000 label_smoothing=0.050
D step=2/5 epoch=2/3 loss=0.3505 l2=0.2000 label_smoothing=0.050
D step=2/5 epoch=3/3 loss=0.3449 l2=0.2000 label_smoothing=0.050
D step=3/5 epoch=1/3 loss=0.3329 l2=0.2000 label_smoothing=0.050
D step=3/5 epoch=2/3 loss=0.3302 l2=0.2000 label_smoothing=0.050
D step=3/5 epoch=3/3 loss=0.3315 l2=0.2000 label_smoothing=0.050
D step=4/5 epoch=1/3 loss=0.3509 l2=0.2000 label_smoothing=0.050
D step=4/5 epoch=2/3 loss=0.3438 l2=0.2000 label_smoothing=0.050
D step=4/5 epoch=3/3 loss=0.3507 l2=0.2000 label_smoothing=0.050
D step=5/5 epoch=1/3 loss=0.3523 l2=0.2000 label_smoothing=0.050
D step=5/5 epoch=2/3 loss=0.3510 l2=0.2000 label_smoothing=0.050
D step=5/5 epoch=3/3 loss=0.3447 l2=0.2000 label_smoothing=0.050
ADV epoch=19/200 g_loss=0.0114 d_loss=0.3476 reward=0.2055 reward_var=0.0042 unique=0.1800
D step=1/5 epoch=1/3 loss=0.3485 l2=0.2000 label_smoothing=0.050
D step=1/5 epoch=2/3 loss=0.3399 l2=0.2000 label_smoothing=0.050
D step=1/5 epoch=3/3 loss=0.3436 l2=0.2000 label_smoothing=0.050
D step=2/5 epoch=1/3 loss=0.3251 l2=0.2000 label_smoothing=0.050
D step=2/5 epoch=2/3 loss=0.3293 l2=0.2000 label_smoothing=0.050
D step=2/5 epoch=3/3 loss=0.3268 l2=0.2000 label_smoothing=0.050
D step=3/5 epoch=1/3 loss=0.3621 l2=0.2000 label_smoothing=0.050
D step=3/5 epoch=2/3 loss=0.3534 l2=0.2000 label_smoothing=0.050
D step=3/5 epoch=3/3 loss=0.3510 l2=0.2000 label_smoothing=0.050
D step=4/5 epoch=1/3 loss=0.3584 l2=0.2000 label_smoothing=0.050
D step=4/5 epoch=2/3 loss=0.3532 l2=0.2000 label_smoothing=0.050
D step=4/5 epoch=3/3 loss=0.3545 l2=0.2000 label_smoothing=0.050
D step=5/5 epoch=1/3 loss=0.3609 l2=0.2000 label_smoothing=0.050
D step=5/5 epoch=2/3 loss=0.3572 l2=0.2000 label_smoothing=0.050
D step=5/5 epoch=3/3 loss=0.3564 l2=0.2000 label_smoothing=0.050
ADV epoch=20/200 g_loss=0.0095 d_loss=0.3480 reward=0.1933 reward_var=0.0021 unique=0.1400
D step=1/5 epoch=1/3 loss=0.3489 l2=0.2000 label_smoothing=0.050
D step=1/5 epoch=2/3 loss=0.3366 l2=0.2000 label_smoothing=0.050
D step=1/5 epoch=3/3 loss=0.3359 l2=0.2000 label_smoothing=0.050
D step=2/5 epoch=1/3 loss=0.3303 l2=0.2000 label_smoothing=0.050
D step=2/5 epoch=2/3 loss=0.3288 l2=0.2000 label_smoothing=0.050
D step=2/5 epoch=3/3 loss=0.3272 l2=0.2000 label_smoothing=0.050
D step=3/5 epoch=1/3 loss=0.3517 l2=0.2000 label_smoothing=0.050
D step=3/5 epoch=2/3 loss=0.3499 l2=0.2000 label_smoothing=0.050
D step=3/5 epoch=3/3 loss=0.3450 l2=0.2000 label_smoothing=0.050
D step=4/5 epoch=1/3 loss=0.3381 l2=0.2000 label_smoothing=0.050
D step=4/5 epoch=2/3 loss=0.3360 l2=0.2000 label_smoothing=0.050
D step=4/5 epoch=3/3 loss=0.3325 l2=0.2000 label_smoothing=0.050
D step=5/5 epoch=1/3 loss=0.3505 l2=0.2000 label_smoothing=0.050
D step=5/5 epoch=2/3 loss=0.3484 l2=0.2000 label_smoothing=0.050
D step=5/5 epoch=3/3 loss=0.3456 l2=0.2000 label_smoothing=0.050
ADV epoch=21/200 g_loss=0.0047 d_loss=0.3404 reward=0.1942 reward_var=0.0032 unique=0.2200
D step=1/5 epoch=1/3 loss=0.3312 l2=0.2000 label_smoothing=0.050
D step=1/5 epoch=2/3 loss=0.3232 l2=0.2000 label_smoothing=0.050
D step=1/5 epoch=3/3 loss=0.3271 l2=0.2000 label_smoothing=0.050
D step=2/5 epoch=1/3 loss=0.3576 l2=0.2000 label_smoothing=0.050
D step=2/5 epoch=2/3 loss=0.3592 l2=0.2000 label_smoothing=0.050
D step=2/5 epoch=3/3 loss=0.3565 l2=0.2000 label_smoothing=0.050
D step=3/5 epoch=1/3 loss=0.3592 l2=0.2000 label_smoothing=0.050
D step=3/5 epoch=2/3 loss=0.3562 l2=0.2000 label_smoothing=0.050
D step=3/5 epoch=3/3 loss=0.3532 l2=0.2000 label_smoothing=0.050
D step=4/5 epoch=1/3 loss=0.3214 l2=0.2000 label_smoothing=0.050
D step=4/5 epoch=2/3 loss=0.3168 l2=0.2000 label_smoothing=0.050
D step=4/5 epoch=3/3 loss=0.3200 l2=0.2000 label_smoothing=0.050
D step=5/5 epoch=1/3 loss=0.3413 l2=0.2000 label_smoothing=0.050
D step=5/5 epoch=2/3 loss=0.3377 l2=0.2000 label_smoothing=0.050
D step=5/5 epoch=3/3 loss=0.3402 l2=0.2000 label_smoothing=0.050
ADV epoch=22/200 g_loss=0.0035 d_loss=0.3401 reward=0.2183 reward_var=0.0012 unique=0.2000
D step=1/5 epoch=1/3 loss=0.3431 l2=0.2000 label_smoothing=0.050
D step=1/5 epoch=2/3 loss=0.3290 l2=0.2000 label_smoothing=0.050
D step=1/5 epoch=3/3 loss=0.3364 l2=0.2000 label_smoothing=0.050
D step=2/5 epoch=1/3 loss=0.3647 l2=0.2000 label_smoothing=0.050
D step=2/5 epoch=2/3 loss=0.3684 l2=0.2000 label_smoothing=0.050
D step=2/5 epoch=3/3 loss=0.3655 l2=0.2000 label_smoothing=0.050
D step=3/5 epoch=1/3 loss=0.3416 l2=0.2000 label_smoothing=0.050
D step=3/5 epoch=2/3 loss=0.3427 l2=0.2000 label_smoothing=0.050
D step=3/5 epoch=3/3 loss=0.3394 l2=0.2000 label_smoothing=0.050
D step=4/5 epoch=1/3 loss=0.3252 l2=0.2000 label_smoothing=0.050
D step=4/5 epoch=2/3 loss=0.3238 l2=0.2000 label_smoothing=0.050
D step=4/5 epoch=3/3 loss=0.3251 l2=0.2000 label_smoothing=0.050
D step=5/5 epoch=1/3 loss=0.3628 l2=0.2000 label_smoothing=0.050
D step=5/5 epoch=2/3 loss=0.3613 l2=0.2000 label_smoothing=0.050
D step=5/5 epoch=3/3 loss=0.3600 l2=0.2000 label_smoothing=0.050
ADV epoch=23/200 g_loss=0.0037 d_loss=0.3459 reward=0.2036 reward_var=0.0017 unique=0.1600
D step=1/5 epoch=1/3 loss=0.3285 l2=0.2000 label_smoothing=0.050
D step=1/5 epoch=2/3 loss=0.3243 l2=0.2000 label_smoothing=0.050
D step=1/5 epoch=3/3 loss=0.3285 l2=0.2000 label_smoothing=0.050
D step=2/5 epoch=1/3 loss=0.3439 l2=0.2000 label_smoothing=0.050
D step=2/5 epoch=2/3 loss=0.3392 l2=0.2000 label_smoothing=0.050
D step=2/5 epoch=3/3 loss=0.3404 l2=0.2000 label_smoothing=0.050
D step=3/5 epoch=1/3 loss=0.3475 l2=0.2000 label_smoothing=0.050
D step=3/5 epoch=2/3 loss=0.3449 l2=0.2000 label_smoothing=0.050
D step=3/5 epoch=3/3 loss=0.3466 l2=0.2000 label_smoothing=0.050
D step=4/5 epoch=1/3 loss=0.3302 l2=0.2000 label_smoothing=0.050
D step=4/5 epoch=2/3 loss=0.3286 l2=0.2000 label_smoothing=0.050
D step=4/5 epoch=3/3 loss=0.3256 l2=0.2000 label_smoothing=0.050
D step=5/5 epoch=1/3 loss=0.3337 l2=0.2000 label_smoothing=0.050
D step=5/5 epoch=2/3 loss=0.3314 l2=0.2000 label_smoothing=0.050
D step=5/5 epoch=3/3 loss=0.3273 l2=0.2000 label_smoothing=0.050
ADV epoch=24/200 g_loss=0.0128 d_loss=0.3347 reward=0.2379 reward_var=0.0044 unique=0.0800
D step=1/5 epoch=1/3 loss=0.3410 l2=0.2000 label_smoothing=0.050
D step=1/5 epoch=2/3 loss=0.3329 l2=0.2000 label_smoothing=0.050
D step=1/5 epoch=3/3 loss=0.3403 l2=0.2000 label_smoothing=0.050
D step=2/5 epoch=1/3 loss=0.3524 l2=0.2000 label_smoothing=0.050
D step=2/5 epoch=2/3 loss=0.3504 l2=0.2000 label_smoothing=0.050
D step=2/5 epoch=3/3 loss=0.3493 l2=0.2000 label_smoothing=0.050
D step=3/5 epoch=1/3 loss=0.3384 l2=0.2000 label_smoothing=0.050
D step=3/5 epoch=2/3 loss=0.3324 l2=0.2000 label_smoothing=0.050
D step=3/5 epoch=3/3 loss=0.3329 l2=0.2000 label_smoothing=0.050
D step=4/5 epoch=1/3 loss=0.3419 l2=0.2000 label_smoothing=0.050
D step=4/5 epoch=2/3 loss=0.3396 l2=0.2000 label_smoothing=0.050
D step=4/5 epoch=3/3 loss=0.3379 l2=0.2000 label_smoothing=0.050
D step=5/5 epoch=1/3 loss=0.3184 l2=0.2000 label_smoothing=0.050
D step=5/5 epoch=2/3 loss=0.3174 l2=0.2000 label_smoothing=0.050
D step=5/5 epoch=3/3 loss=0.3142 l2=0.2000 label_smoothing=0.050
ADV epoch=25/200 g_loss=0.0063 d_loss=0.3360 reward=0.1811 reward_var=0.0063 unique=0.0800
D step=1/5 epoch=1/3 loss=0.3536 l2=0.2000 label_smoothing=0.050
D step=1/5 epoch=2/3 loss=0.3553 l2=0.2000 label_smoothing=0.050
D step=1/5 epoch=3/3 loss=0.3499 l2=0.2000 label_smoothing=0.050
D step=2/5 epoch=1/3 loss=0.3435 l2=0.2000 label_smoothing=0.050
D step=2/5 epoch=2/3 loss=0.3422 l2=0.2000 label_smoothing=0.050
D step=2/5 epoch=3/3 loss=0.3442 l2=0.2000 label_smoothing=0.050
D step=3/5 epoch=1/3 loss=0.3436 l2=0.2000 label_smoothing=0.050
D step=3/5 epoch=2/3 loss=0.3413 l2=0.2000 label_smoothing=0.050
D step=3/5 epoch=3/3 loss=0.3440 l2=0.2000 label_smoothing=0.050
D step=4/5 epoch=1/3 loss=0.3421 l2=0.2000 label_smoothing=0.050
D step=4/5 epoch=2/3 loss=0.3413 l2=0.2000 label_smoothing=0.050
D step=4/5 epoch=3/3 loss=0.3407 l2=0.2000 label_smoothing=0.050
D step=5/5 epoch=1/3 loss=0.3552 l2=0.2000 label_smoothing=0.050
D step=5/5 epoch=2/3 loss=0.3570 l2=0.2000 label_smoothing=0.050
D step=5/5 epoch=3/3 loss=0.3571 l2=0.2000 label_smoothing=0.050
ADV epoch=26/200 g_loss=0.0045 d_loss=0.3474 reward=0.1643 reward_var=0.0015 unique=0.0200
D step=1/5 epoch=1/3 loss=0.3559 l2=0.2000 label_smoothing=0.050
D step=1/5 epoch=2/3 loss=0.3538 l2=0.2000 label_smoothing=0.050
D step=1/5 epoch=3/3 loss=0.3524 l2=0.2000 label_smoothing=0.050
D step=2/5 epoch=1/3 loss=0.3463 l2=0.2000 label_smoothing=0.050
D step=2/5 epoch=2/3 loss=0.3439 l2=0.2000 label_smoothing=0.050
D step=2/5 epoch=3/3 loss=0.3407 l2=0.2000 label_smoothing=0.050
D step=3/5 epoch=1/3 loss=0.3352 l2=0.2000 label_smoothing=0.050
D step=3/5 epoch=2/3 loss=0.3316 l2=0.2000 label_smoothing=0.050
D step=3/5 epoch=3/3 loss=0.3268 l2=0.2000 label_smoothing=0.050
D step=4/5 epoch=1/3 loss=0.3406 l2=0.2000 label_smoothing=0.050
D step=4/5 epoch=2/3 loss=0.3411 l2=0.2000 label_smoothing=0.050
D step=4/5 epoch=3/3 loss=0.3404 l2=0.2000 label_smoothing=0.050
D step=5/5 epoch=1/3 loss=0.3500 l2=0.2000 label_smoothing=0.050
D step=5/5 epoch=2/3 loss=0.3504 l2=0.2000 label_smoothing=0.050
D step=5/5 epoch=3/3 loss=0.3494 l2=0.2000 label_smoothing=0.050
ADV epoch=27/200 g_loss=0.0059 d_loss=0.3439 reward=0.2091 reward_var=0.0026 unique=0.1800
D step=1/5 epoch=1/3 loss=0.3436 l2=0.2000 label_smoothing=0.050
D step=1/5 epoch=2/3 loss=0.3396 l2=0.2000 label_smoothing=0.050
D step=1/5 epoch=3/3 loss=0.3443 l2=0.2000 label_smoothing=0.050
D step=2/5 epoch=1/3 loss=0.3391 l2=0.2000 label_smoothing=0.050
D step=2/5 epoch=2/3 loss=0.3365 l2=0.2000 label_smoothing=0.050
D step=2/5 epoch=3/3 loss=0.3340 l2=0.2000 label_smoothing=0.050
D step=3/5 epoch=1/3 loss=0.3270 l2=0.2000 label_smoothing=0.050
D step=3/5 epoch=2/3 loss=0.3301 l2=0.2000 label_smoothing=0.050
D step=3/5 epoch=3/3 loss=0.3256 l2=0.2000 label_smoothing=0.050
D step=4/5 epoch=1/3 loss=0.3415 l2=0.2000 label_smoothing=0.050
D step=4/5 epoch=2/3 loss=0.3419 l2=0.2000 label_smoothing=0.050
D step=4/5 epoch=3/3 loss=0.3401 l2=0.2000 label_smoothing=0.050
D step=5/5 epoch=1/3 loss=0.3579 l2=0.2000 label_smoothing=0.050
D step=5/5 epoch=2/3 loss=0.3592 l2=0.2000 label_smoothing=0.050
D step=5/5 epoch=3/3 loss=0.3571 l2=0.2000 label_smoothing=0.050
ADV epoch=28/200 g_loss=0.0037 d_loss=0.3412 reward=0.1926 reward_var=0.0018 unique=0.0800
D step=1/5 epoch=1/3 loss=0.3342 l2=0.2000 label_smoothing=0.050
D step=1/5 epoch=2/3 loss=0.3288 l2=0.2000 label_smoothing=0.050
D step=1/5 epoch=3/3 loss=0.3303 l2=0.2000 label_smoothing=0.050
D step=2/5 epoch=1/3 loss=0.3380 l2=0.2000 label_smoothing=0.050
D step=2/5 epoch=2/3 loss=0.3391 l2=0.2000 label_smoothing=0.050
D step=2/5 epoch=3/3 loss=0.3395 l2=0.2000 label_smoothing=0.050
D step=3/5 epoch=1/3 loss=0.3255 l2=0.2000 label_smoothing=0.050
D step=3/5 epoch=2/3 loss=0.3240 l2=0.2000 label_smoothing=0.050
D step=3/5 epoch=3/3 loss=0.3222 l2=0.2000 label_smoothing=0.050
D step=4/5 epoch=1/3 loss=0.3216 l2=0.2000 label_smoothing=0.050
D step=4/5 epoch=2/3 loss=0.3230 l2=0.2000 label_smoothing=0.050
D step=4/5 epoch=3/3 loss=0.3222 l2=0.2000 label_smoothing=0.050
D step=5/5 epoch=1/3 loss=0.3296 l2=0.2000 label_smoothing=0.050
D step=5/5 epoch=2/3 loss=0.3296 l2=0.2000 label_smoothing=0.050
D step=5/5 epoch=3/3 loss=0.3263 l2=0.2000 label_smoothing=0.050
ADV epoch=29/200 g_loss=0.0081 d_loss=0.3289 reward=0.2133 reward_var=0.0017 unique=0.1200
D step=1/5 epoch=1/3 loss=0.3508 l2=0.2000 label_smoothing=0.050
D step=1/5 epoch=2/3 loss=0.3410 l2=0.2000 label_smoothing=0.050
D step=1/5 epoch=3/3 loss=0.3453 l2=0.2000 label_smoothing=0.050
D step=2/5 epoch=1/3 loss=0.3424 l2=0.2000 label_smoothing=0.050
D step=2/5 epoch=2/3 loss=0.3431 l2=0.2000 label_smoothing=0.050
D step=2/5 epoch=3/3 loss=0.3399 l2=0.2000 label_smoothing=0.050
D step=3/5 epoch=1/3 loss=0.3363 l2=0.2000 label_smoothing=0.050
D step=3/5 epoch=2/3 loss=0.3344 l2=0.2000 label_smoothing=0.050
D step=3/5 epoch=3/3 loss=0.3362 l2=0.2000 label_smoothing=0.050
D step=4/5 epoch=1/3 loss=0.3361 l2=0.2000 label_smoothing=0.050
D step=4/5 epoch=2/3 loss=0.3304 l2=0.2000 label_smoothing=0.050
D step=4/5 epoch=3/3 loss=0.3277 l2=0.2000 label_smoothing=0.050
D step=5/5 epoch=1/3 loss=0.3328 l2=0.2000 label_smoothing=0.050
D step=5/5 epoch=2/3 loss=0.3352 l2=0.2000 label_smoothing=0.050
D step=5/5 epoch=3/3 loss=0.3349 l2=0.2000 label_smoothing=0.050
ADV epoch=30/200 g_loss=0.0061 d_loss=0.3378 reward=0.1817 reward_var=0.0017 unique=0.0600
D step=1/5 epoch=1/3 loss=0.3538 l2=0.2000 label_smoothing=0.050
D step=1/5 epoch=2/3 loss=0.3441 l2=0.2000 label_smoothing=0.050
D step=1/5 epoch=3/3 loss=0.3472 l2=0.2000 label_smoothing=0.050
D step=2/5 epoch=1/3 loss=0.3449 l2=0.2000 label_smoothing=0.050
D step=2/5 epoch=2/3 loss=0.3428 l2=0.2000 label_smoothing=0.050
D step=2/5 epoch=3/3 loss=0.3437 l2=0.2000 label_smoothing=0.050
D step=3/5 epoch=1/3 loss=0.3146 l2=0.2000 label_smoothing=0.050
D step=3/5 epoch=2/3 loss=0.3125 l2=0.2000 label_smoothing=0.050
D step=3/5 epoch=3/3 loss=0.3110 l2=0.2000 label_smoothing=0.050
D step=4/5 epoch=1/3 loss=0.3468 l2=0.2000 label_smoothing=0.050
D step=4/5 epoch=2/3 loss=0.3415 l2=0.2000 label_smoothing=0.050
D step=4/5 epoch=3/3 loss=0.3434 l2=0.2000 label_smoothing=0.050
D step=5/5 epoch=1/3 loss=0.3232 l2=0.2000 label_smoothing=0.050
D step=5/5 epoch=2/3 loss=0.3199 l2=0.2000 label_smoothing=0.050
D step=5/5 epoch=3/3 loss=0.3172 l2=0.2000 label_smoothing=0.050
ADV epoch=31/200 g_loss=0.0110 d_loss=0.3338 reward=0.1958 reward_var=0.0020 unique=0.1600
D step=1/5 epoch=1/3 loss=0.3433 l2=0.2000 label_smoothing=0.050
D step=1/5 epoch=2/3 loss=0.3348 l2=0.2000 label_smoothing=0.050
D step=1/5 epoch=3/3 loss=0.3361 l2=0.2000 label_smoothing=0.050
D step=2/5 epoch=1/3 loss=0.3469 l2=0.2000 label_smoothing=0.050
D step=2/5 epoch=2/3 loss=0.3444 l2=0.2000 label_smoothing=0.050
D step=2/5 epoch=3/3 loss=0.3455 l2=0.2000 label_smoothing=0.050
D step=3/5 epoch=1/3 loss=0.3503 l2=0.2000 label_smoothing=0.050
D step=3/5 epoch=2/3 loss=0.3532 l2=0.2000 label_smoothing=0.050
D step=3/5 epoch=3/3 loss=0.3525 l2=0.2000 label_smoothing=0.050
D step=4/5 epoch=1/3 loss=0.3656 l2=0.2000 label_smoothing=0.050
D step=4/5 epoch=2/3 loss=0.3625 l2=0.2000 label_smoothing=0.050
D step=4/5 epoch=3/3 loss=0.3633 l2=0.2000 label_smoothing=0.050
D step=5/5 epoch=1/3 loss=0.3467 l2=0.2000 label_smoothing=0.050
D step=5/5 epoch=2/3 loss=0.3513 l2=0.2000 label_smoothing=0.050
D step=5/5 epoch=3/3 loss=0.3480 l2=0.2000 label_smoothing=0.050
ADV epoch=32/200 g_loss=0.0042 d_loss=0.3496 reward=0.1433 reward_var=0.0013 unique=0.1000
D step=1/5 epoch=1/3 loss=0.3552 l2=0.2000 label_smoothing=0.050
D step=1/5 epoch=2/3 loss=0.3448 l2=0.2000 label_smoothing=0.050
D step=1/5 epoch=3/3 loss=0.3459 l2=0.2000 label_smoothing=0.050
D step=2/5 epoch=1/3 loss=0.3608 l2=0.2000 label_smoothing=0.050
D step=2/5 epoch=2/3 loss=0.3609 l2=0.2000 label_smoothing=0.050
D step=2/5 epoch=3/3 loss=0.3612 l2=0.2000 label_smoothing=0.050
D step=3/5 epoch=1/3 loss=0.3583 l2=0.2000 label_smoothing=0.050
D step=3/5 epoch=2/3 loss=0.3538 l2=0.2000 label_smoothing=0.050
D step=3/5 epoch=3/3 loss=0.3518 l2=0.2000 label_smoothing=0.050
D step=4/5 epoch=1/3 loss=0.3313 l2=0.2000 label_smoothing=0.050
D step=4/5 epoch=2/3 loss=0.3305 l2=0.2000 label_smoothing=0.050
D step=4/5 epoch=3/3 loss=0.3307 l2=0.2000 label_smoothing=0.050
D step=5/5 epoch=1/3 loss=0.3491 l2=0.2000 label_smoothing=0.050
D step=5/5 epoch=2/3 loss=0.3480 l2=0.2000 label_smoothing=0.050
D step=5/5 epoch=3/3 loss=0.3481 l2=0.2000 label_smoothing=0.050
ADV epoch=33/200 g_loss=0.0048 d_loss=0.3487 reward=0.2171 reward_var=0.0016 unique=0.1000
D step=1/5 epoch=1/3 loss=0.3543 l2=0.2000 label_smoothing=0.050
D step=1/5 epoch=2/3 loss=0.3462 l2=0.2000 label_smoothing=0.050
D step=1/5 epoch=3/3 loss=0.3452 l2=0.2000 label_smoothing=0.050
D step=2/5 epoch=1/3 loss=0.3603 l2=0.2000 label_smoothing=0.050
D step=2/5 epoch=2/3 loss=0.3592 l2=0.2000 label_smoothing=0.050
D step=2/5 epoch=3/3 loss=0.3560 l2=0.2000 label_smoothing=0.050
D step=3/5 epoch=1/3 loss=0.3134 l2=0.2000 label_smoothing=0.050
D step=3/5 epoch=2/3 loss=0.3195 l2=0.2000 label_smoothing=0.050
D step=3/5 epoch=3/3 loss=0.3152 l2=0.2000 label_smoothing=0.050
D step=4/5 epoch=1/3 loss=0.3369 l2=0.2000 label_smoothing=0.050
D step=4/5 epoch=2/3 loss=0.3390 l2=0.2000 label_smoothing=0.050
D step=4/5 epoch=3/3 loss=0.3341 l2=0.2000 label_smoothing=0.050
D step=5/5 epoch=1/3 loss=0.3383 l2=0.2000 label_smoothing=0.050
D step=5/5 epoch=2/3 loss=0.3407 l2=0.2000 label_smoothing=0.050
D step=5/5 epoch=3/3 loss=0.3398 l2=0.2000 label_smoothing=0.050
ADV epoch=34/200 g_loss=0.0027 d_loss=0.3399 reward=0.1881 reward_var=0.0012 unique=0.0200
D step=1/5 epoch=1/3 loss=0.3338 l2=0.2000 label_smoothing=0.050
D step=1/5 epoch=2/3 loss=0.3306 l2=0.2000 label_smoothing=0.050
D step=1/5 epoch=3/3 loss=0.3282 l2=0.2000 label_smoothing=0.050
D step=2/5 epoch=1/3 loss=0.3318 l2=0.2000 label_smoothing=0.050
D step=2/5 epoch=2/3 loss=0.3322 l2=0.2000 label_smoothing=0.050
D step=2/5 epoch=3/3 loss=0.3336 l2=0.2000 label_smoothing=0.050
D step=3/5 epoch=1/3 loss=0.3663 l2=0.2000 label_smoothing=0.050
D step=3/5 epoch=2/3 loss=0.3645 l2=0.2000 label_smoothing=0.050
D step=3/5 epoch=3/3 loss=0.3662 l2=0.2000 label_smoothing=0.050
D step=4/5 epoch=1/3 loss=0.3337 l2=0.2000 label_smoothing=0.050
D step=4/5 epoch=2/3 loss=0.3344 l2=0.2000 label_smoothing=0.050
D step=4/5 epoch=3/3 loss=0.3333 l2=0.2000 label_smoothing=0.050
D step=5/5 epoch=1/3 loss=0.3418 l2=0.2000 label_smoothing=0.050
D step=5/5 epoch=2/3 loss=0.3439 l2=0.2000 label_smoothing=0.050
D step=5/5 epoch=3/3 loss=0.3480 l2=0.2000 label_smoothing=0.050
ADV epoch=35/200 g_loss=0.0023 d_loss=0.3415 reward=0.1932 reward_var=0.0009 unique=0.1400
D step=1/5 epoch=1/3 loss=0.3488 l2=0.2000 label_smoothing=0.050
D step=1/5 epoch=2/3 loss=0.3466 l2=0.2000 label_smoothing=0.050
D step=1/5 epoch=3/3 loss=0.3440 l2=0.2000 label_smoothing=0.050
D step=2/5 epoch=1/3 loss=0.3259 l2=0.2000 label_smoothing=0.050
D step=2/5 epoch=2/3 loss=0.3243 l2=0.2000 label_smoothing=0.050
D step=2/5 epoch=3/3 loss=0.3208 l2=0.2000 label_smoothing=0.050
D step=3/5 epoch=1/3 loss=0.3338 l2=0.2000 label_smoothing=0.050
D step=3/5 epoch=2/3 loss=0.3301 l2=0.2000 label_smoothing=0.050
D step=3/5 epoch=3/3 loss=0.3296 l2=0.2000 label_smoothing=0.050
D step=4/5 epoch=1/3 loss=0.3368 l2=0.2000 label_smoothing=0.050
D step=4/5 epoch=2/3 loss=0.3377 l2=0.2000 label_smoothing=0.050
D step=4/5 epoch=3/3 loss=0.3395 l2=0.2000 label_smoothing=0.050
D step=5/5 epoch=1/3 loss=0.3594 l2=0.2000 label_smoothing=0.050
D step=5/5 epoch=2/3 loss=0.3571 l2=0.2000 label_smoothing=0.050
D step=5/5 epoch=3/3 loss=0.3533 l2=0.2000 label_smoothing=0.050
ADV epoch=36/200 g_loss=0.0085 d_loss=0.3392 reward=0.1924 reward_var=0.0019 unique=0.1200
D step=1/5 epoch=1/3 loss=0.3354 l2=0.2000 label_smoothing=0.050
D step=1/5 epoch=2/3 loss=0.3351 l2=0.2000 label_smoothing=0.050
D step=1/5 epoch=3/3 loss=0.3328 l2=0.2000 label_smoothing=0.050
D step=2/5 epoch=1/3 loss=0.3584 l2=0.2000 label_smoothing=0.050
D step=2/5 epoch=2/3 loss=0.3560 l2=0.2000 label_smoothing=0.050
D step=2/5 epoch=3/3 loss=0.3549 l2=0.2000 label_smoothing=0.050
D step=3/5 epoch=1/3 loss=0.3457 l2=0.2000 label_smoothing=0.050
D step=3/5 epoch=2/3 loss=0.3458 l2=0.2000 label_smoothing=0.050
D step=3/5 epoch=3/3 loss=0.3426 l2=0.2000 label_smoothing=0.050
D step=4/5 epoch=1/3 loss=0.3653 l2=0.2000 label_smoothing=0.050
D step=4/5 epoch=2/3 loss=0.3606 l2=0.2000 label_smoothing=0.050
D step=4/5 epoch=3/3 loss=0.3604 l2=0.2000 label_smoothing=0.050
D step=5/5 epoch=1/3 loss=0.3364 l2=0.2000 label_smoothing=0.050
D step=5/5 epoch=2/3 loss=0.3378 l2=0.2000 label_smoothing=0.050
D step=5/5 epoch=3/3 loss=0.3347 l2=0.2000 label_smoothing=0.050
ADV epoch=37/200 g_loss=0.0039 d_loss=0.3468 reward=0.2044 reward_var=0.0018 unique=0.1000
D step=1/5 epoch=1/3 loss=0.3172 l2=0.2000 label_smoothing=0.050
D step=1/5 epoch=2/3 loss=0.3116 l2=0.2000 label_smoothing=0.050
D step=1/5 epoch=3/3 loss=0.3115 l2=0.2000 label_smoothing=0.050
D step=2/5 epoch=1/3 loss=0.3399 l2=0.2000 label_smoothing=0.050
D step=2/5 epoch=2/3 loss=0.3386 l2=0.2000 label_smoothing=0.050
D step=2/5 epoch=3/3 loss=0.3382 l2=0.2000 label_smoothing=0.050
D step=3/5 epoch=1/3 loss=0.3460 l2=0.2000 label_smoothing=0.050
D step=3/5 epoch=2/3 loss=0.3469 l2=0.2000 label_smoothing=0.050
D step=3/5 epoch=3/3 loss=0.3495 l2=0.2000 label_smoothing=0.050
D step=4/5 epoch=1/3 loss=0.3602 l2=0.2000 label_smoothing=0.050
D step=4/5 epoch=2/3 loss=0.3595 l2=0.2000 label_smoothing=0.050
D step=4/5 epoch=3/3 loss=0.3595 l2=0.2000 label_smoothing=0.050
D step=5/5 epoch=1/3 loss=0.3353 l2=0.2000 label_smoothing=0.050
D step=5/5 epoch=2/3 loss=0.3318 l2=0.2000 label_smoothing=0.050
D step=5/5 epoch=3/3 loss=0.3319 l2=0.2000 label_smoothing=0.050
ADV epoch=38/200 g_loss=0.0007 d_loss=0.3385 reward=0.1810 reward_var=0.0001 unique=0.1000
D step=1/5 epoch=1/3 loss=0.3404 l2=0.2000 label_smoothing=0.050
D step=1/5 epoch=2/3 loss=0.3322 l2=0.2000 label_smoothing=0.050
D step=1/5 epoch=3/3 loss=0.3326 l2=0.2000 label_smoothing=0.050
D step=2/5 epoch=1/3 loss=0.3252 l2=0.2000 label_smoothing=0.050
D step=2/5 epoch=2/3 loss=0.3233 l2=0.2000 label_smoothing=0.050
D step=2/5 epoch=3/3 loss=0.3270 l2=0.2000 label_smoothing=0.050
D step=3/5 epoch=1/3 loss=0.3174 l2=0.2000 label_smoothing=0.050
D step=3/5 epoch=2/3 loss=0.3209 l2=0.2000 label_smoothing=0.050
D step=3/5 epoch=3/3 loss=0.3132 l2=0.2000 label_smoothing=0.050
D step=4/5 epoch=1/3 loss=0.3238 l2=0.2000 label_smoothing=0.050
D step=4/5 epoch=2/3 loss=0.3258 l2=0.2000 label_smoothing=0.050
D step=4/5 epoch=3/3 loss=0.3255 l2=0.2000 label_smoothing=0.050
D step=5/5 epoch=1/3 loss=0.3542 l2=0.2000 label_smoothing=0.050
D step=5/5 epoch=2/3 loss=0.3548 l2=0.2000 label_smoothing=0.050
D step=5/5 epoch=3/3 loss=0.3545 l2=0.2000 label_smoothing=0.050
ADV epoch=39/200 g_loss=0.0008 d_loss=0.3314 reward=0.1742 reward_var=0.0003 unique=0.0800
D step=1/5 epoch=1/3 loss=0.3706 l2=0.2000 label_smoothing=0.050
D step=1/5 epoch=2/3 loss=0.3637 l2=0.2000 label_smoothing=0.050
D step=1/5 epoch=3/3 loss=0.3637 l2=0.2000 label_smoothing=0.050
D step=2/5 epoch=1/3 loss=0.3429 l2=0.2000 label_smoothing=0.050
D step=2/5 epoch=2/3 loss=0.3387 l2=0.2000 label_smoothing=0.050
D step=2/5 epoch=3/3 loss=0.3380 l2=0.2000 label_smoothing=0.050
D step=3/5 epoch=1/3 loss=0.3334 l2=0.2000 label_smoothing=0.050
D step=3/5 epoch=2/3 loss=0.3360 l2=0.2000 label_smoothing=0.050
D step=3/5 epoch=3/3 loss=0.3342 l2=0.2000 label_smoothing=0.050
D step=4/5 epoch=1/3 loss=0.3576 l2=0.2000 label_smoothing=0.050
D step=4/5 epoch=2/3 loss=0.3575 l2=0.2000 label_smoothing=0.050
D step=4/5 epoch=3/3 loss=0.3559 l2=0.2000 label_smoothing=0.050
D step=5/5 epoch=1/3 loss=0.3477 l2=0.2000 label_smoothing=0.050
D step=5/5 epoch=2/3 loss=0.3467 l2=0.2000 label_smoothing=0.050
D step=5/5 epoch=3/3 loss=0.3499 l2=0.2000 label_smoothing=0.050
ADV epoch=40/200 g_loss=0.0130 d_loss=0.3491 reward=0.2210 reward_var=0.0028 unique=0.1400
D step=1/5 epoch=1/3 loss=0.3320 l2=0.2000 label_smoothing=0.050
D step=1/5 epoch=2/3 loss=0.3313 l2=0.2000 label_smoothing=0.050
D step=1/5 epoch=3/3 loss=0.3355 l2=0.2000 label_smoothing=0.050
D step=2/5 epoch=1/3 loss=0.3393 l2=0.2000 label_smoothing=0.050
D step=2/5 epoch=2/3 loss=0.3381 l2=0.2000 label_smoothing=0.050
D step=2/5 epoch=3/3 loss=0.3358 l2=0.2000 label_smoothing=0.050
D step=3/5 epoch=1/3 loss=0.3373 l2=0.2000 label_smoothing=0.050
D step=3/5 epoch=2/3 loss=0.3349 l2=0.2000 label_smoothing=0.050
D step=3/5 epoch=3/3 loss=0.3340 l2=0.2000 label_smoothing=0.050
D step=4/5 epoch=1/3 loss=0.3263 l2=0.2000 label_smoothing=0.050
D step=4/5 epoch=2/3 loss=0.3277 l2=0.2000 label_smoothing=0.050
D step=4/5 epoch=3/3 loss=0.3233 l2=0.2000 label_smoothing=0.050
D step=5/5 epoch=1/3 loss=0.3446 l2=0.2000 label_smoothing=0.050
D step=5/5 epoch=2/3 loss=0.3440 l2=0.2000 label_smoothing=0.050
D step=5/5 epoch=3/3 loss=0.3436 l2=0.2000 label_smoothing=0.050
ADV epoch=41/200 g_loss=0.0024 d_loss=0.3352 reward=0.1969 reward_var=0.0006 unique=0.0600
D step=1/5 epoch=1/3 loss=0.3600 l2=0.2000 label_smoothing=0.050
D step=1/5 epoch=2/3 loss=0.3580 l2=0.2000 label_smoothing=0.050
D step=1/5 epoch=3/3 loss=0.3572 l2=0.2000 label_smoothing=0.050
D step=2/5 epoch=1/3 loss=0.3487 l2=0.2000 label_smoothing=0.050
D step=2/5 epoch=2/3 loss=0.3474 l2=0.2000 label_smoothing=0.050
D step=2/5 epoch=3/3 loss=0.3473 l2=0.2000 label_smoothing=0.050
D step=3/5 epoch=1/3 loss=0.3418 l2=0.2000 label_smoothing=0.050
D step=3/5 epoch=2/3 loss=0.3434 l2=0.2000 label_smoothing=0.050
D step=3/5 epoch=3/3 loss=0.3420 l2=0.2000 label_smoothing=0.050
D step=4/5 epoch=1/3 loss=0.3407 l2=0.2000 label_smoothing=0.050
D step=4/5 epoch=2/3 loss=0.3424 l2=0.2000 label_smoothing=0.050
D step=4/5 epoch=3/3 loss=0.3444 l2=0.2000 label_smoothing=0.050
D step=5/5 epoch=1/3 loss=0.3344 l2=0.2000 label_smoothing=0.050
D step=5/5 epoch=2/3 loss=0.3314 l2=0.2000 label_smoothing=0.050
D step=5/5 epoch=3/3 loss=0.3290 l2=0.2000 label_smoothing=0.050
ADV epoch=42/200 g_loss=0.0017 d_loss=0.3445 reward=0.2163 reward_var=0.0012 unique=0.1000
D step=1/5 epoch=1/3 loss=0.3399 l2=0.2000 label_smoothing=0.050
D step=1/5 epoch=2/3 loss=0.3393 l2=0.2000 label_smoothing=0.050
D step=1/5 epoch=3/3 loss=0.3410 l2=0.2000 label_smoothing=0.050
D step=2/5 epoch=1/3 loss=0.3584 l2=0.2000 label_smoothing=0.050
D step=2/5 epoch=2/3 loss=0.3579 l2=0.2000 label_smoothing=0.050
D step=2/5 epoch=3/3 loss=0.3584 l2=0.2000 label_smoothing=0.050
D step=3/5 epoch=1/3 loss=0.3487 l2=0.2000 label_smoothing=0.050
D step=3/5 epoch=2/3 loss=0.3487 l2=0.2000 label_smoothing=0.050
D step=3/5 epoch=3/3 loss=0.3495 l2=0.2000 label_smoothing=0.050
D step=4/5 epoch=1/3 loss=0.3522 l2=0.2000 label_smoothing=0.050
D step=4/5 epoch=2/3 loss=0.3537 l2=0.2000 label_smoothing=0.050
D step=4/5 epoch=3/3 loss=0.3488 l2=0.2000 label_smoothing=0.050
D step=5/5 epoch=1/3 loss=0.3379 l2=0.2000 label_smoothing=0.050
D step=5/5 epoch=2/3 loss=0.3362 l2=0.2000 label_smoothing=0.050
D step=5/5 epoch=3/3 loss=0.3368 l2=0.2000 label_smoothing=0.050
ADV epoch=43/200 g_loss=0.0058 d_loss=0.3472 reward=0.2007 reward_var=0.0014 unique=0.1600
D step=1/5 epoch=1/3 loss=0.3521 l2=0.2000 label_smoothing=0.050
D step=1/5 epoch=2/3 loss=0.3494 l2=0.2000 label_smoothing=0.050
D step=1/5 epoch=3/3 loss=0.3489 l2=0.2000 label_smoothing=0.050
D step=2/5 epoch=1/3 loss=0.3590 l2=0.2000 label_smoothing=0.050
D step=2/5 epoch=2/3 loss=0.3591 l2=0.2000 label_smoothing=0.050
D step=2/5 epoch=3/3 loss=0.3587 l2=0.2000 label_smoothing=0.050
D step=3/5 epoch=1/3 loss=0.3454 l2=0.2000 label_smoothing=0.050
D step=3/5 epoch=2/3 loss=0.3439 l2=0.2000 label_smoothing=0.050
D step=3/5 epoch=3/3 loss=0.3441 l2=0.2000 label_smoothing=0.050
D step=4/5 epoch=1/3 loss=0.3448 l2=0.2000 label_smoothing=0.050
D step=4/5 epoch=2/3 loss=0.3440 l2=0.2000 label_smoothing=0.050
D step=4/5 epoch=3/3 loss=0.3459 l2=0.2000 label_smoothing=0.050
D step=5/5 epoch=1/3 loss=0.3493 l2=0.2000 label_smoothing=0.050
D step=5/5 epoch=2/3 loss=0.3456 l2=0.2000 label_smoothing=0.050
D step=5/5 epoch=3/3 loss=0.3457 l2=0.2000 label_smoothing=0.050
ADV epoch=44/200 g_loss=0.0006 d_loss=0.3491 reward=0.1877 reward_var=0.0001 unique=0.0800
D step=1/5 epoch=1/3 loss=0.3477 l2=0.2000 label_smoothing=0.050
D step=1/5 epoch=2/3 loss=0.3475 l2=0.2000 label_smoothing=0.050
D step=1/5 epoch=3/3 loss=0.3452 l2=0.2000 label_smoothing=0.050
D step=2/5 epoch=1/3 loss=0.3541 l2=0.2000 label_smoothing=0.050
D step=2/5 epoch=2/3 loss=0.3569 l2=0.2000 label_smoothing=0.050
D step=2/5 epoch=3/3 loss=0.3525 l2=0.2000 label_smoothing=0.050
D step=3/5 epoch=1/3 loss=0.3474 l2=0.2000 label_smoothing=0.050
D step=3/5 epoch=2/3 loss=0.3507 l2=0.2000 label_smoothing=0.050
D step=3/5 epoch=3/3 loss=0.3472 l2=0.2000 label_smoothing=0.050
D step=4/5 epoch=1/3 loss=0.3000 l2=0.2000 label_smoothing=0.050
D step=4/5 epoch=2/3 loss=0.3001 l2=0.2000 label_smoothing=0.050
D step=4/5 epoch=3/3 loss=0.2990 l2=0.2000 label_smoothing=0.050
D step=5/5 epoch=1/3 loss=0.3398 l2=0.2000 label_smoothing=0.050
D step=5/5 epoch=2/3 loss=0.3366 l2=0.2000 label_smoothing=0.050
D step=5/5 epoch=3/3 loss=0.3325 l2=0.2000 label_smoothing=0.050
ADV epoch=45/200 g_loss=0.0026 d_loss=0.3372 reward=0.1841 reward_var=0.0003 unique=0.0800
D step=1/5 epoch=1/3 loss=0.3412 l2=0.2000 label_smoothing=0.050
D step=1/5 epoch=2/3 loss=0.3328 l2=0.2000 label_smoothing=0.050
D step=1/5 epoch=3/3 loss=0.3326 l2=0.2000 label_smoothing=0.050
D step=2/5 epoch=1/3 loss=0.3528 l2=0.2000 label_smoothing=0.050
D step=2/5 epoch=2/3 loss=0.3497 l2=0.2000 label_smoothing=0.050
D step=2/5 epoch=3/3 loss=0.3495 l2=0.2000 label_smoothing=0.050
D step=3/5 epoch=1/3 loss=0.3361 l2=0.2000 label_smoothing=0.050
D step=3/5 epoch=2/3 loss=0.3375 l2=0.2000 label_smoothing=0.050
D step=3/5 epoch=3/3 loss=0.3367 l2=0.2000 label_smoothing=0.050
D step=4/5 epoch=1/3 loss=0.3417 l2=0.2000 label_smoothing=0.050
D step=4/5 epoch=2/3 loss=0.3428 l2=0.2000 label_smoothing=0.050
D step=4/5 epoch=3/3 loss=0.3408 l2=0.2000 label_smoothing=0.050
D step=5/5 epoch=1/3 loss=0.3379 l2=0.2000 label_smoothing=0.050
D step=5/5 epoch=2/3 loss=0.3422 l2=0.2000 label_smoothing=0.050
D step=5/5 epoch=3/3 loss=0.3382 l2=0.2000 label_smoothing=0.050
ADV epoch=46/200 g_loss=0.0025 d_loss=0.3408 reward=0.1903 reward_var=0.0009 unique=0.0800
D step=1/5 epoch=1/3 loss=0.3393 l2=0.2000 label_smoothing=0.050
D step=1/5 epoch=2/3 loss=0.3383 l2=0.2000 label_smoothing=0.050
D step=1/5 epoch=3/3 loss=0.3391 l2=0.2000 label_smoothing=0.050
D step=2/5 epoch=1/3 loss=0.3378 l2=0.2000 label_smoothing=0.050
D step=2/5 epoch=2/3 loss=0.3340 l2=0.2000 label_smoothing=0.050
D step=2/5 epoch=3/3 loss=0.3343 l2=0.2000 label_smoothing=0.050
D step=3/5 epoch=1/3 loss=0.3445 l2=0.2000 label_smoothing=0.050
D step=3/5 epoch=2/3 loss=0.3445 l2=0.2000 label_smoothing=0.050
D step=3/5 epoch=3/3 loss=0.3432 l2=0.2000 label_smoothing=0.050
D step=4/5 epoch=1/3 loss=0.3256 l2=0.2000 label_smoothing=0.050
D step=4/5 epoch=2/3 loss=0.3220 l2=0.2000 label_smoothing=0.050
D step=4/5 epoch=3/3 loss=0.3221 l2=0.2000 label_smoothing=0.050
D step=5/5 epoch=1/3 loss=0.3225 l2=0.2000 label_smoothing=0.050
D step=5/5 epoch=2/3 loss=0.3226 l2=0.2000 label_smoothing=0.050
D step=5/5 epoch=3/3 loss=0.3222 l2=0.2000 label_smoothing=0.050
ADV epoch=47/200 g_loss=0.0052 d_loss=0.3328 reward=0.1942 reward_var=0.0007 unique=0.1000
D step=1/5 epoch=1/3 loss=0.3252 l2=0.2000 label_smoothing=0.050
D step=1/5 epoch=2/3 loss=0.3246 l2=0.2000 label_smoothing=0.050
D step=1/5 epoch=3/3 loss=0.3228 l2=0.2000 label_smoothing=0.050
D step=2/5 epoch=1/3 loss=0.3402 l2=0.2000 label_smoothing=0.050
D step=2/5 epoch=2/3 loss=0.3450 l2=0.2000 label_smoothing=0.050
D step=2/5 epoch=3/3 loss=0.3414 l2=0.2000 label_smoothing=0.050
D step=3/5 epoch=1/3 loss=0.3568 l2=0.2000 label_smoothing=0.050
D step=3/5 epoch=2/3 loss=0.3559 l2=0.2000 label_smoothing=0.050
D step=3/5 epoch=3/3 loss=0.3537 l2=0.2000 label_smoothing=0.050
D step=4/5 epoch=1/3 loss=0.3451 l2=0.2000 label_smoothing=0.050
D step=4/5 epoch=2/3 loss=0.3470 l2=0.2000 label_smoothing=0.050
D step=4/5 epoch=3/3 loss=0.3471 l2=0.2000 label_smoothing=0.050
D step=5/5 epoch=1/3 loss=0.3625 l2=0.2000 label_smoothing=0.050
D step=5/5 epoch=2/3 loss=0.3597 l2=0.2000 label_smoothing=0.050
D step=5/5 epoch=3/3 loss=0.3617 l2=0.2000 label_smoothing=0.050
ADV epoch=48/200 g_loss=0.0022 d_loss=0.3459 reward=0.1614 reward_var=0.0006 unique=0.0800
D step=1/5 epoch=1/3 loss=0.3516 l2=0.2000 label_smoothing=0.050
D step=1/5 epoch=2/3 loss=0.3509 l2=0.2000 label_smoothing=0.050
D step=1/5 epoch=3/3 loss=0.3435 l2=0.2000 label_smoothing=0.050
D step=2/5 epoch=1/3 loss=0.3499 l2=0.2000 label_smoothing=0.050
D step=2/5 epoch=2/3 loss=0.3466 l2=0.2000 label_smoothing=0.050
D step=2/5 epoch=3/3 loss=0.3458 l2=0.2000 label_smoothing=0.050
D step=3/5 epoch=1/3 loss=0.3349 l2=0.2000 label_smoothing=0.050
D step=3/5 epoch=2/3 loss=0.3384 l2=0.2000 label_smoothing=0.050
D step=3/5 epoch=3/3 loss=0.3366 l2=0.2000 label_smoothing=0.050
D step=4/5 epoch=1/3 loss=0.3338 l2=0.2000 label_smoothing=0.050
D step=4/5 epoch=2/3 loss=0.3331 l2=0.2000 label_smoothing=0.050
D step=4/5 epoch=3/3 loss=0.3383 l2=0.2000 label_smoothing=0.050
D step=5/5 epoch=1/3 loss=0.3131 l2=0.2000 label_smoothing=0.050
D step=5/5 epoch=2/3 loss=0.3120 l2=0.2000 label_smoothing=0.050
D step=5/5 epoch=3/3 loss=0.3156 l2=0.2000 label_smoothing=0.050
ADV epoch=49/200 g_loss=0.0023 d_loss=0.3363 reward=0.2042 reward_var=0.0018 unique=0.0400
D step=1/5 epoch=1/3 loss=0.3319 l2=0.2000 label_smoothing=0.050
D step=1/5 epoch=2/3 loss=0.3284 l2=0.2000 label_smoothing=0.050
D step=1/5 epoch=3/3 loss=0.3282 l2=0.2000 label_smoothing=0.050
D step=2/5 epoch=1/3 loss=0.3392 l2=0.2000 label_smoothing=0.050
D step=2/5 epoch=2/3 loss=0.3400 l2=0.2000 label_smoothing=0.050
D step=2/5 epoch=3/3 loss=0.3401 l2=0.2000 label_smoothing=0.050
D step=3/5 epoch=1/3 loss=0.3619 l2=0.2000 label_smoothing=0.050
D step=3/5 epoch=2/3 loss=0.3654 l2=0.2000 label_smoothing=0.050
D step=3/5 epoch=3/3 loss=0.3643 l2=0.2000 label_smoothing=0.050
D step=4/5 epoch=1/3 loss=0.3497 l2=0.2000 label_smoothing=0.050
D step=4/5 epoch=2/3 loss=0.3516 l2=0.2000 label_smoothing=0.050
D step=4/5 epoch=3/3 loss=0.3504 l2=0.2000 label_smoothing=0.050
D step=5/5 epoch=1/3 loss=0.3248 l2=0.2000 label_smoothing=0.050
D step=5/5 epoch=2/3 loss=0.3299 l2=0.2000 label_smoothing=0.050
D step=5/5 epoch=3/3 loss=0.3257 l2=0.2000 label_smoothing=0.050
ADV epoch=50/200 g_loss=0.0043 d_loss=0.3421 reward=0.1711 reward_var=0.0008 unique=0.1200
D step=1/5 epoch=1/3 loss=0.3498 l2=0.2000 label_smoothing=0.050
D step=1/5 epoch=2/3 loss=0.3434 l2=0.2000 label_smoothing=0.050
D step=1/5 epoch=3/3 loss=0.3481 l2=0.2000 label_smoothing=0.050
D step=2/5 epoch=1/3 loss=0.3397 l2=0.2000 label_smoothing=0.050
D step=2/5 epoch=2/3 loss=0.3390 l2=0.2000 label_smoothing=0.050
D step=2/5 epoch=3/3 loss=0.3407 l2=0.2000 label_smoothing=0.050
D step=3/5 epoch=1/3 loss=0.3421 l2=0.2000 label_smoothing=0.050
D step=3/5 epoch=2/3 loss=0.3405 l2=0.2000 label_smoothing=0.050
D step=3/5 epoch=3/3 loss=0.3401 l2=0.2000 label_smoothing=0.050
D step=4/5 epoch=1/3 loss=0.3151 l2=0.2000 label_smoothing=0.050
D step=4/5 epoch=2/3 loss=0.3167 l2=0.2000 label_smoothing=0.050
D step=4/5 epoch=3/3 loss=0.3155 l2=0.2000 label_smoothing=0.050
D step=5/5 epoch=1/3 loss=0.3462 l2=0.2000 label_smoothing=0.050
D step=5/5 epoch=2/3 loss=0.3451 l2=0.2000 label_smoothing=0.050
D step=5/5 epoch=3/3 loss=0.3456 l2=0.2000 label_smoothing=0.050
ADV epoch=51/200 g_loss=0.0038 d_loss=0.3378 reward=0.1738 reward_var=0.0009 unique=0.1000
D step=1/5 epoch=1/3 loss=0.3524 l2=0.2000 label_smoothing=0.050
D step=1/5 epoch=2/3 loss=0.3493 l2=0.2000 label_smoothing=0.050
D step=1/5 epoch=3/3 loss=0.3484 l2=0.2000 label_smoothing=0.050
D step=2/5 epoch=1/3 loss=0.3306 l2=0.2000 label_smoothing=0.050
D step=2/5 epoch=2/3 loss=0.3325 l2=0.2000 label_smoothing=0.050
D step=2/5 epoch=3/3 loss=0.3350 l2=0.2000 label_smoothing=0.050
D step=3/5 epoch=1/3 loss=0.3381 l2=0.2000 label_smoothing=0.050
D step=3/5 epoch=2/3 loss=0.3336 l2=0.2000 label_smoothing=0.050
D step=3/5 epoch=3/3 loss=0.3313 l2=0.2000 label_smoothing=0.050
D step=4/5 epoch=1/3 loss=0.3409 l2=0.2000 label_smoothing=0.050
D step=4/5 epoch=2/3 loss=0.3380 l2=0.2000 label_smoothing=0.050
D step=4/5 epoch=3/3 loss=0.3364 l2=0.2000 label_smoothing=0.050
D step=5/5 epoch=1/3 loss=0.3418 l2=0.2000 label_smoothing=0.050
D step=5/5 epoch=2/3 loss=0.3427 l2=0.2000 label_smoothing=0.050
D step=5/5 epoch=3/3 loss=0.3441 l2=0.2000 label_smoothing=0.050
ADV epoch=52/200 g_loss=0.0017 d_loss=0.3397 reward=0.2110 reward_var=0.0009 unique=0.0200
D step=1/5 epoch=1/3 loss=0.3311 l2=0.2000 label_smoothing=0.050
D step=1/5 epoch=2/3 loss=0.3330 l2=0.2000 label_smoothing=0.050
D step=1/5 epoch=3/3 loss=0.3319 l2=0.2000 label_smoothing=0.050
D step=2/5 epoch=1/3 loss=0.3288 l2=0.2000 label_smoothing=0.050
D step=2/5 epoch=2/3 loss=0.3270 l2=0.2000 label_smoothing=0.050
D step=2/5 epoch=3/3 loss=0.3289 l2=0.2000 label_smoothing=0.050
D step=3/5 epoch=1/3 loss=0.3168 l2=0.2000 label_smoothing=0.050
D step=3/5 epoch=2/3 loss=0.3162 l2=0.2000 label_smoothing=0.050
D step=3/5 epoch=3/3 loss=0.3136 l2=0.2000 label_smoothing=0.050
D step=4/5 epoch=1/3 loss=0.3628 l2=0.2000 label_smoothing=0.050
D step=4/5 epoch=2/3 loss=0.3603 l2=0.2000 label_smoothing=0.050
D step=4/5 epoch=3/3 loss=0.3596 l2=0.2000 label_smoothing=0.050
D step=5/5 epoch=1/3 loss=0.3431 l2=0.2000 label_smoothing=0.050
D step=5/5 epoch=2/3 loss=0.3415 l2=0.2000 label_smoothing=0.050
D step=5/5 epoch=3/3 loss=0.3394 l2=0.2000 label_smoothing=0.050
ADV epoch=53/200 g_loss=0.0027 d_loss=0.3356 reward=0.2036 reward_var=0.0015 unique=0.0600
D step=1/5 epoch=1/3 loss=0.3579 l2=0.2000 label_smoothing=0.050
D step=1/5 epoch=2/3 loss=0.3531 l2=0.2000 label_smoothing=0.050
D step=1/5 epoch=3/3 loss=0.3519 l2=0.2000 label_smoothing=0.050
D step=2/5 epoch=1/3 loss=0.3451 l2=0.2000 label_smoothing=0.050
D step=2/5 epoch=2/3 loss=0.3461 l2=0.2000 label_smoothing=0.050
D step=2/5 epoch=3/3 loss=0.3447 l2=0.2000 label_smoothing=0.050
D step=3/5 epoch=1/3 loss=0.3404 l2=0.2000 label_smoothing=0.050
D step=3/5 epoch=2/3 loss=0.3417 l2=0.2000 label_smoothing=0.050
D step=3/5 epoch=3/3 loss=0.3386 l2=0.2000 label_smoothing=0.050
D step=4/5 epoch=1/3 loss=0.3344 l2=0.2000 label_smoothing=0.050
D step=4/5 epoch=2/3 loss=0.3366 l2=0.2000 label_smoothing=0.050
D step=4/5 epoch=3/3 loss=0.3388 l2=0.2000 label_smoothing=0.050
D step=5/5 epoch=1/3 loss=0.3100 l2=0.2000 label_smoothing=0.050
D step=5/5 epoch=2/3 loss=0.3083 l2=0.2000 label_smoothing=0.050
D step=5/5 epoch=3/3 loss=0.3093 l2=0.2000 label_smoothing=0.050
ADV epoch=54/200 g_loss=0.0012 d_loss=0.3371 reward=0.1797 reward_var=0.0007 unique=0.0600
D step=1/5 epoch=1/3 loss=0.3279 l2=0.2000 label_smoothing=0.050
D step=1/5 epoch=2/3 loss=0.3278 l2=0.2000 label_smoothing=0.050
D step=1/5 epoch=3/3 loss=0.3261 l2=0.2000 label_smoothing=0.050
D step=2/5 epoch=1/3 loss=0.3253 l2=0.2000 label_smoothing=0.050
D step=2/5 epoch=2/3 loss=0.3290 l2=0.2000 label_smoothing=0.050
D step=2/5 epoch=3/3 loss=0.3262 l2=0.2000 label_smoothing=0.050
D step=3/5 epoch=1/3 loss=0.3360 l2=0.2000 label_smoothing=0.050
D step=3/5 epoch=2/3 loss=0.3366 l2=0.2000 label_smoothing=0.050
D step=3/5 epoch=3/3 loss=0.3321 l2=0.2000 label_smoothing=0.050
D step=4/5 epoch=1/3 loss=0.3520 l2=0.2000 label_smoothing=0.050
D step=4/5 epoch=2/3 loss=0.3477 l2=0.2000 label_smoothing=0.050
D step=4/5 epoch=3/3 loss=0.3527 l2=0.2000 label_smoothing=0.050
D step=5/5 epoch=1/3 loss=0.3430 l2=0.2000 label_smoothing=0.050
D step=5/5 epoch=2/3 loss=0.3432 l2=0.2000 label_smoothing=0.050
D step=5/5 epoch=3/3 loss=0.3419 l2=0.2000 label_smoothing=0.050
ADV epoch=55/200 g_loss=0.0006 d_loss=0.3365 reward=0.1613 reward_var=0.0001 unique=0.0400
D step=1/5 epoch=1/3 loss=0.3491 l2=0.2000 label_smoothing=0.050
D step=1/5 epoch=2/3 loss=0.3498 l2=0.2000 label_smoothing=0.050
D step=1/5 epoch=3/3 loss=0.3516 l2=0.2000 label_smoothing=0.050
D step=2/5 epoch=1/3 loss=0.3203 l2=0.2000 label_smoothing=0.050
D step=2/5 epoch=2/3 loss=0.3241 l2=0.2000 label_smoothing=0.050
D step=2/5 epoch=3/3 loss=0.3209 l2=0.2000 label_smoothing=0.050
D step=3/5 epoch=1/3 loss=0.3490 l2=0.2000 label_smoothing=0.050
D step=3/5 epoch=2/3 loss=0.3454 l2=0.2000 label_smoothing=0.050
D step=3/5 epoch=3/3 loss=0.3466 l2=0.2000 label_smoothing=0.050
D step=4/5 epoch=1/3 loss=0.3389 l2=0.2000 label_smoothing=0.050
D step=4/5 epoch=2/3 loss=0.3387 l2=0.2000 label_smoothing=0.050
D step=4/5 epoch=3/3 loss=0.3385 l2=0.2000 label_smoothing=0.050
D step=5/5 epoch=1/3 loss=0.3269 l2=0.2000 label_smoothing=0.050
D step=5/5 epoch=2/3 loss=0.3267 l2=0.2000 label_smoothing=0.050
D step=5/5 epoch=3/3 loss=0.3268 l2=0.2000 label_smoothing=0.050
ADV epoch=56/200 g_loss=0.0064 d_loss=0.3369 reward=0.1970 reward_var=0.0006 unique=0.0600
D step=1/5 epoch=1/3 loss=0.3223 l2=0.2000 label_smoothing=0.050
D step=1/5 epoch=2/3 loss=0.3195 l2=0.2000 label_smoothing=0.050
D step=1/5 epoch=3/3 loss=0.3209 l2=0.2000 label_smoothing=0.050
D step=2/5 epoch=1/3 loss=0.3431 l2=0.2000 label_smoothing=0.050
D step=2/5 epoch=2/3 loss=0.3432 l2=0.2000 label_smoothing=0.050
D step=2/5 epoch=3/3 loss=0.3430 l2=0.2000 label_smoothing=0.050
D step=3/5 epoch=1/3 loss=0.3361 l2=0.2000 label_smoothing=0.050
D step=3/5 epoch=2/3 loss=0.3349 l2=0.2000 label_smoothing=0.050
D step=3/5 epoch=3/3 loss=0.3340 l2=0.2000 label_smoothing=0.050
D step=4/5 epoch=1/3 loss=0.3349 l2=0.2000 label_smoothing=0.050
D step=4/5 epoch=2/3 loss=0.3361 l2=0.2000 label_smoothing=0.050
D step=4/5 epoch=3/3 loss=0.3332 l2=0.2000 label_smoothing=0.050
D step=5/5 epoch=1/3 loss=0.3457 l2=0.2000 label_smoothing=0.050
D step=5/5 epoch=2/3 loss=0.3458 l2=0.2000 label_smoothing=0.050
D step=5/5 epoch=3/3 loss=0.3478 l2=0.2000 label_smoothing=0.050
ADV epoch=57/200 g_loss=0.0018 d_loss=0.3360 reward=0.1671 reward_var=0.0008 unique=0.1600
D step=1/5 epoch=1/3 loss=0.3351 l2=0.2000 label_smoothing=0.050
D step=1/5 epoch=2/3 loss=0.3346 l2=0.2000 label_smoothing=0.050
D step=1/5 epoch=3/3 loss=0.3312 l2=0.2000 label_smoothing=0.050
D step=2/5 epoch=1/3 loss=0.3440 l2=0.2000 label_smoothing=0.050
D step=2/5 epoch=2/3 loss=0.3423 l2=0.2000 label_smoothing=0.050
D step=2/5 epoch=3/3 loss=0.3417 l2=0.2000 label_smoothing=0.050
D step=3/5 epoch=1/3 loss=0.3369 l2=0.2000 label_smoothing=0.050
D step=3/5 epoch=2/3 loss=0.3332 l2=0.2000 label_smoothing=0.050
D step=3/5 epoch=3/3 loss=0.3340 l2=0.2000 label_smoothing=0.050
D step=4/5 epoch=1/3 loss=0.3371 l2=0.2000 label_smoothing=0.050
D step=4/5 epoch=2/3 loss=0.3362 l2=0.2000 label_smoothing=0.050
D step=4/5 epoch=3/3 loss=0.3340 l2=0.2000 label_smoothing=0.050
D step=5/5 epoch=1/3 loss=0.3197 l2=0.2000 label_smoothing=0.050
D step=5/5 epoch=2/3 loss=0.3233 l2=0.2000 label_smoothing=0.050
D step=5/5 epoch=3/3 loss=0.3237 l2=0.2000 label_smoothing=0.050
ADV epoch=58/200 g_loss=0.0022 d_loss=0.3338 reward=0.1873 reward_var=0.0012 unique=0.0200
D step=1/5 epoch=1/3 loss=0.3364 l2=0.2000 label_smoothing=0.050
D step=1/5 epoch=2/3 loss=0.3325 l2=0.2000 label_smoothing=0.050
D step=1/5 epoch=3/3 loss=0.3387 l2=0.2000 label_smoothing=0.050
D step=2/5 epoch=1/3 loss=0.3409 l2=0.2000 label_smoothing=0.050
D step=2/5 epoch=2/3 loss=0.3388 l2=0.2000 label_smoothing=0.050
D step=2/5 epoch=3/3 loss=0.3408 l2=0.2000 label_smoothing=0.050
D step=3/5 epoch=1/3 loss=0.3390 l2=0.2000 label_smoothing=0.050
D step=3/5 epoch=2/3 loss=0.3441 l2=0.2000 label_smoothing=0.050
D step=3/5 epoch=3/3 loss=0.3399 l2=0.2000 label_smoothing=0.050
D step=4/5 epoch=1/3 loss=0.3298 l2=0.2000 label_smoothing=0.050
D step=4/5 epoch=2/3 loss=0.3299 l2=0.2000 label_smoothing=0.050
D step=4/5 epoch=3/3 loss=0.3289 l2=0.2000 label_smoothing=0.050
D step=5/5 epoch=1/3 loss=0.3310 l2=0.2000 label_smoothing=0.050
D step=5/5 epoch=2/3 loss=0.3320 l2=0.2000 label_smoothing=0.050
D step=5/5 epoch=3/3 loss=0.3310 l2=0.2000 label_smoothing=0.050
ADV epoch=59/200 g_loss=0.0004 d_loss=0.3356 reward=0.1821 reward_var=0.0000 unique=0.0400
D step=1/5 epoch=1/3 loss=0.3065 l2=0.2000 label_smoothing=0.050
D step=1/5 epoch=2/3 loss=0.3029 l2=0.2000 label_smoothing=0.050
D step=1/5 epoch=3/3 loss=0.3027 l2=0.2000 label_smoothing=0.050
D step=2/5 epoch=1/3 loss=0.3538 l2=0.2000 label_smoothing=0.050
D step=2/5 epoch=2/3 loss=0.3528 l2=0.2000 label_smoothing=0.050
D step=2/5 epoch=3/3 loss=0.3502 l2=0.2000 label_smoothing=0.050
D step=3/5 epoch=1/3 loss=0.3481 l2=0.2000 label_smoothing=0.050
D step=3/5 epoch=2/3 loss=0.3452 l2=0.2000 label_smoothing=0.050
D step=3/5 epoch=3/3 loss=0.3464 l2=0.2000 label_smoothing=0.050
D step=4/5 epoch=1/3 loss=0.3464 l2=0.2000 label_smoothing=0.050
D step=4/5 epoch=2/3 loss=0.3473 l2=0.2000 label_smoothing=0.050
D step=4/5 epoch=3/3 loss=0.3504 l2=0.2000 label_smoothing=0.050
D step=5/5 epoch=1/3 loss=0.3411 l2=0.2000 label_smoothing=0.050
D step=5/5 epoch=2/3 loss=0.3387 l2=0.2000 label_smoothing=0.050
D step=5/5 epoch=3/3 loss=0.3387 l2=0.2000 label_smoothing=0.050
ADV epoch=60/200 g_loss=0.0031 d_loss=0.3381 reward=0.1790 reward_var=0.0013 unique=0.1400
D step=1/5 epoch=1/3 loss=0.3399 l2=0.2000 label_smoothing=0.050
D step=1/5 epoch=2/3 loss=0.3353 l2=0.2000 label_smoothing=0.050
D step=1/5 epoch=3/3 loss=0.3326 l2=0.2000 label_smoothing=0.050
D step=2/5 epoch=1/3 loss=0.3266 l2=0.2000 label_smoothing=0.050
D step=2/5 epoch=2/3 loss=0.3267 l2=0.2000 label_smoothing=0.050
D step=2/5 epoch=3/3 loss=0.3250 l2=0.2000 label_smoothing=0.050
D step=3/5 epoch=1/3 loss=0.3575 l2=0.2000 label_smoothing=0.050
D step=3/5 epoch=2/3 loss=0.3606 l2=0.2000 label_smoothing=0.050
D step=3/5 epoch=3/3 loss=0.3569 l2=0.2000 label_smoothing=0.050
D step=4/5 epoch=1/3 loss=0.3288 l2=0.2000 label_smoothing=0.050
D step=4/5 epoch=2/3 loss=0.3283 l2=0.2000 label_smoothing=0.050
D step=4/5 epoch=3/3 loss=0.3295 l2=0.2000 label_smoothing=0.050
D step=5/5 epoch=1/3 loss=0.3454 l2=0.2000 label_smoothing=0.050
D step=5/5 epoch=2/3 loss=0.3487 l2=0.2000 label_smoothing=0.050
D step=5/5 epoch=3/3 loss=0.3450 l2=0.2000 label_smoothing=0.050
ADV epoch=61/200 g_loss=0.0028 d_loss=0.3391 reward=0.1852 reward_var=0.0013 unique=0.0400
D step=1/5 epoch=1/3 loss=0.3206 l2=0.2000 label_smoothing=0.050
D step=1/5 epoch=2/3 loss=0.3211 l2=0.2000 label_smoothing=0.050
D step=1/5 epoch=3/3 loss=0.3217 l2=0.2000 label_smoothing=0.050
D step=2/5 epoch=1/3 loss=0.3463 l2=0.2000 label_smoothing=0.050
D step=2/5 epoch=2/3 loss=0.3438 l2=0.2000 label_smoothing=0.050
D step=2/5 epoch=3/3 loss=0.3443 l2=0.2000 label_smoothing=0.050
D step=3/5 epoch=1/3 loss=0.3443 l2=0.2000 label_smoothing=0.050
D step=3/5 epoch=2/3 loss=0.3477 l2=0.2000 label_smoothing=0.050
D step=3/5 epoch=3/3 loss=0.3449 l2=0.2000 label_smoothing=0.050
D step=4/5 epoch=1/3 loss=0.3307 l2=0.2000 label_smoothing=0.050
D step=4/5 epoch=2/3 loss=0.3300 l2=0.2000 label_smoothing=0.050
D step=4/5 epoch=3/3 loss=0.3292 l2=0.2000 label_smoothing=0.050
D step=5/5 epoch=1/3 loss=0.3466 l2=0.2000 label_smoothing=0.050
D step=5/5 epoch=2/3 loss=0.3481 l2=0.2000 label_smoothing=0.050
D step=5/5 epoch=3/3 loss=0.3449 l2=0.2000 label_smoothing=0.050
ADV epoch=62/200 g_loss=0.0012 d_loss=0.3376 reward=0.1965 reward_var=0.0007 unique=0.0400
D step=1/5 epoch=1/3 loss=0.3428 l2=0.2000 label_smoothing=0.050
D step=1/5 epoch=2/3 loss=0.3400 l2=0.2000 label_smoothing=0.050
D step=1/5 epoch=3/3 loss=0.3386 l2=0.2000 label_smoothing=0.050
D step=2/5 epoch=1/3 loss=0.3498 l2=0.2000 label_smoothing=0.050
D step=2/5 epoch=2/3 loss=0.3497 l2=0.2000 label_smoothing=0.050
D step=2/5 epoch=3/3 loss=0.3536 l2=0.2000 label_smoothing=0.050
D step=3/5 epoch=1/3 loss=0.3511 l2=0.2000 label_smoothing=0.050
D step=3/5 epoch=2/3 loss=0.3498 l2=0.2000 label_smoothing=0.050
D step=3/5 epoch=3/3 loss=0.3484 l2=0.2000 label_smoothing=0.050
D step=4/5 epoch=1/3 loss=0.3400 l2=0.2000 label_smoothing=0.050
D step=4/5 epoch=2/3 loss=0.3386 l2=0.2000 label_smoothing=0.050
D step=4/5 epoch=3/3 loss=0.3436 l2=0.2000 label_smoothing=0.050
D step=5/5 epoch=1/3 loss=0.3413 l2=0.2000 label_smoothing=0.050
D step=5/5 epoch=2/3 loss=0.3402 l2=0.2000 label_smoothing=0.050
D step=5/5 epoch=3/3 loss=0.3416 l2=0.2000 label_smoothing=0.050
ADV epoch=63/200 g_loss=0.0038 d_loss=0.3446 reward=0.1930 reward_var=0.0013 unique=0.0600
D step=1/5 epoch=1/3 loss=0.3180 l2=0.2000 label_smoothing=0.050
D step=1/5 epoch=2/3 loss=0.3155 l2=0.2000 label_smoothing=0.050
D step=1/5 epoch=3/3 loss=0.3122 l2=0.2000 label_smoothing=0.050
D step=2/5 epoch=1/3 loss=0.3484 l2=0.2000 label_smoothing=0.050
D step=2/5 epoch=2/3 loss=0.3472 l2=0.2000 label_smoothing=0.050
D step=2/5 epoch=3/3 loss=0.3479 l2=0.2000 label_smoothing=0.050
D step=3/5 epoch=1/3 loss=0.3369 l2=0.2000 label_smoothing=0.050
D step=3/5 epoch=2/3 loss=0.3322 l2=0.2000 label_smoothing=0.050
D step=3/5 epoch=3/3 loss=0.3332 l2=0.2000 label_smoothing=0.050
D step=4/5 epoch=1/3 loss=0.3519 l2=0.2000 label_smoothing=0.050
D step=4/5 epoch=2/3 loss=0.3510 l2=0.2000 label_smoothing=0.050
D step=4/5 epoch=3/3 loss=0.3494 l2=0.2000 label_smoothing=0.050
D step=5/5 epoch=1/3 loss=0.3177 l2=0.2000 label_smoothing=0.050
D step=5/5 epoch=2/3 loss=0.3170 l2=0.2000 label_smoothing=0.050
D step=5/5 epoch=3/3 loss=0.3133 l2=0.2000 label_smoothing=0.050
ADV epoch=64/200 g_loss=0.0010 d_loss=0.3328 reward=0.1897 reward_var=0.0008 unique=0.1000
D step=1/5 epoch=1/3 loss=0.3521 l2=0.2000 label_smoothing=0.050
D step=1/5 epoch=2/3 loss=0.3430 l2=0.2000 label_smoothing=0.050
D step=1/5 epoch=3/3 loss=0.3479 l2=0.2000 label_smoothing=0.050
D step=2/5 epoch=1/3 loss=0.3569 l2=0.2000 label_smoothing=0.050
D step=2/5 epoch=2/3 loss=0.3552 l2=0.2000 label_smoothing=0.050
D step=2/5 epoch=3/3 loss=0.3567 l2=0.2000 label_smoothing=0.050
D step=3/5 epoch=1/3 loss=0.3404 l2=0.2000 label_smoothing=0.050
D step=3/5 epoch=2/3 loss=0.3366 l2=0.2000 label_smoothing=0.050
D step=3/5 epoch=3/3 loss=0.3349 l2=0.2000 label_smoothing=0.050
D step=4/5 epoch=1/3 loss=0.3535 l2=0.2000 label_smoothing=0.050
D step=4/5 epoch=2/3 loss=0.3523 l2=0.2000 label_smoothing=0.050
D step=4/5 epoch=3/3 loss=0.3483 l2=0.2000 label_smoothing=0.050
D step=5/5 epoch=1/3 loss=0.3584 l2=0.2000 label_smoothing=0.050
D step=5/5 epoch=2/3 loss=0.3560 l2=0.2000 label_smoothing=0.050
D step=5/5 epoch=3/3 loss=0.3552 l2=0.2000 label_smoothing=0.050
ADV epoch=65/200 g_loss=0.0007 d_loss=0.3498 reward=0.1759 reward_var=0.0003 unique=0.0400
D step=1/5 epoch=1/3 loss=0.3430 l2=0.2000 label_smoothing=0.050
D step=1/5 epoch=2/3 loss=0.3470 l2=0.2000 label_smoothing=0.050
D step=1/5 epoch=3/3 loss=0.3481 l2=0.2000 label_smoothing=0.050
D step=2/5 epoch=1/3 loss=0.3471 l2=0.2000 label_smoothing=0.050
D step=2/5 epoch=2/3 loss=0.3454 l2=0.2000 label_smoothing=0.050
D step=2/5 epoch=3/3 loss=0.3438 l2=0.2000 label_smoothing=0.050
D step=3/5 epoch=1/3 loss=0.3581 l2=0.2000 label_smoothing=0.050
D step=3/5 epoch=2/3 loss=0.3588 l2=0.2000 label_smoothing=0.050
D step=3/5 epoch=3/3 loss=0.3595 l2=0.2000 label_smoothing=0.050
D step=4/5 epoch=1/3 loss=0.3491 l2=0.2000 label_smoothing=0.050
D step=4/5 epoch=2/3 loss=0.3517 l2=0.2000 label_smoothing=0.050
D step=4/5 epoch=3/3 loss=0.3517 l2=0.2000 label_smoothing=0.050
D step=5/5 epoch=1/3 loss=0.3178 l2=0.2000 label_smoothing=0.050
D step=5/5 epoch=2/3 loss=0.3147 l2=0.2000 label_smoothing=0.050
D step=5/5 epoch=3/3 loss=0.3170 l2=0.2000 label_smoothing=0.050
ADV epoch=66/200 g_loss=0.0017 d_loss=0.3435 reward=0.2034 reward_var=0.0010 unique=0.0600
D step=1/5 epoch=1/3 loss=0.3434 l2=0.2000 label_smoothing=0.050
D step=1/5 epoch=2/3 loss=0.3469 l2=0.2000 label_smoothing=0.050
D step=1/5 epoch=3/3 loss=0.3442 l2=0.2000 label_smoothing=0.050
D step=2/5 epoch=1/3 loss=0.3442 l2=0.2000 label_smoothing=0.050
D step=2/5 epoch=2/3 loss=0.3464 l2=0.2000 label_smoothing=0.050
D step=2/5 epoch=3/3 loss=0.3430 l2=0.2000 label_smoothing=0.050
D step=3/5 epoch=1/3 loss=0.3509 l2=0.2000 label_smoothing=0.050
D step=3/5 epoch=2/3 loss=0.3523 l2=0.2000 label_smoothing=0.050
D step=3/5 epoch=3/3 loss=0.3508 l2=0.2000 label_smoothing=0.050
D step=4/5 epoch=1/3 loss=0.3233 l2=0.2000 label_smoothing=0.050
D step=4/5 epoch=2/3 loss=0.3225 l2=0.2000 label_smoothing=0.050
D step=4/5 epoch=3/3 loss=0.3221 l2=0.2000 label_smoothing=0.050
D step=5/5 epoch=1/3 loss=0.3373 l2=0.2000 label_smoothing=0.050
D step=5/5 epoch=2/3 loss=0.3377 l2=0.2000 label_smoothing=0.050
D step=5/5 epoch=3/3 loss=0.3337 l2=0.2000 label_smoothing=0.050
ADV epoch=67/200 g_loss=0.0016 d_loss=0.3399 reward=0.1591 reward_var=0.0006 unique=0.0400
D step=1/5 epoch=1/3 loss=0.3414 l2=0.2000 label_smoothing=0.050
D step=1/5 epoch=2/3 loss=0.3377 l2=0.2000 label_smoothing=0.050
D step=1/5 epoch=3/3 loss=0.3371 l2=0.2000 label_smoothing=0.050
D step=2/5 epoch=1/3 loss=0.3578 l2=0.2000 label_smoothing=0.050
D step=2/5 epoch=2/3 loss=0.3579 l2=0.2000 label_smoothing=0.050
D step=2/5 epoch=3/3 loss=0.3595 l2=0.2000 label_smoothing=0.050
D step=3/5 epoch=1/3 loss=0.3342 l2=0.2000 label_smoothing=0.050
D step=3/5 epoch=2/3 loss=0.3384 l2=0.2000 label_smoothing=0.050
D step=3/5 epoch=3/3 loss=0.3350 l2=0.2000 label_smoothing=0.050
D step=4/5 epoch=1/3 loss=0.3598 l2=0.2000 label_smoothing=0.050
D step=4/5 epoch=2/3 loss=0.3570 l2=0.2000 label_smoothing=0.050
D step=4/5 epoch=3/3 loss=0.3593 l2=0.2000 label_smoothing=0.050
D step=5/5 epoch=1/3 loss=0.3433 l2=0.2000 label_smoothing=0.050
D step=5/5 epoch=2/3 loss=0.3430 l2=0.2000 label_smoothing=0.050
D step=5/5 epoch=3/3 loss=0.3482 l2=0.2000 label_smoothing=0.050
ADV epoch=68/200 g_loss=0.0008 d_loss=0.3473 reward=0.1906 reward_var=0.0009 unique=0.0600
D step=1/5 epoch=1/3 loss=0.3387 l2=0.2000 label_smoothing=0.050
D step=1/5 epoch=2/3 loss=0.3368 l2=0.2000 label_smoothing=0.050
D step=1/5 epoch=3/3 loss=0.3363 l2=0.2000 label_smoothing=0.050
D step=2/5 epoch=1/3 loss=0.3468 l2=0.2000 label_smoothing=0.050
D step=2/5 epoch=2/3 loss=0.3512 l2=0.2000 label_smoothing=0.050
D step=2/5 epoch=3/3 loss=0.3472 l2=0.2000 label_smoothing=0.050
D step=3/5 epoch=1/3 loss=0.3524 l2=0.2000 label_smoothing=0.050
D step=3/5 epoch=2/3 loss=0.3531 l2=0.2000 label_smoothing=0.050
D step=3/5 epoch=3/3 loss=0.3546 l2=0.2000 label_smoothing=0.050
D step=4/5 epoch=1/3 loss=0.3511 l2=0.2000 label_smoothing=0.050
D step=4/5 epoch=2/3 loss=0.3504 l2=0.2000 label_smoothing=0.050
D step=4/5 epoch=3/3 loss=0.3529 l2=0.2000 label_smoothing=0.050
D step=5/5 epoch=1/3 loss=0.3404 l2=0.2000 label_smoothing=0.050
D step=5/5 epoch=2/3 loss=0.3403 l2=0.2000 label_smoothing=0.050
D step=5/5 epoch=3/3 loss=0.3363 l2=0.2000 label_smoothing=0.050
ADV epoch=69/200 g_loss=0.0007 d_loss=0.3459 reward=0.2018 reward_var=0.0004 unique=0.0200
D step=1/5 epoch=1/3 loss=0.3331 l2=0.2000 label_smoothing=0.050
D step=1/5 epoch=2/3 loss=0.3355 l2=0.2000 label_smoothing=0.050
D step=1/5 epoch=3/3 loss=0.3359 l2=0.2000 label_smoothing=0.050
D step=2/5 epoch=1/3 loss=0.3386 l2=0.2000 label_smoothing=0.050
D step=2/5 epoch=2/3 loss=0.3383 l2=0.2000 label_smoothing=0.050
D step=2/5 epoch=3/3 loss=0.3415 l2=0.2000 label_smoothing=0.050
D step=3/5 epoch=1/3 loss=0.3544 l2=0.2000 label_smoothing=0.050
D step=3/5 epoch=2/3 loss=0.3517 l2=0.2000 label_smoothing=0.050
D step=3/5 epoch=3/3 loss=0.3558 l2=0.2000 label_smoothing=0.050
D step=4/5 epoch=1/3 loss=0.3349 l2=0.2000 label_smoothing=0.050
D step=4/5 epoch=2/3 loss=0.3363 l2=0.2000 label_smoothing=0.050
D step=4/5 epoch=3/3 loss=0.3355 l2=0.2000 label_smoothing=0.050
D step=5/5 epoch=1/3 loss=0.3134 l2=0.2000 label_smoothing=0.050
D step=5/5 epoch=2/3 loss=0.3113 l2=0.2000 label_smoothing=0.050
D step=5/5 epoch=3/3 loss=0.3124 l2=0.2000 label_smoothing=0.050
ADV epoch=70/200 g_loss=0.0021 d_loss=0.3352 reward=0.1973 reward_var=0.0012 unique=0.0400
D step=1/5 epoch=1/3 loss=0.3420 l2=0.2000 label_smoothing=0.050
D step=1/5 epoch=2/3 loss=0.3384 l2=0.2000 label_smoothing=0.050
D step=1/5 epoch=3/3 loss=0.3367 l2=0.2000 label_smoothing=0.050
D step=2/5 epoch=1/3 loss=0.3384 l2=0.2000 label_smoothing=0.050
D step=2/5 epoch=2/3 loss=0.3385 l2=0.2000 label_smoothing=0.050
D step=2/5 epoch=3/3 loss=0.3425 l2=0.2000 label_smoothing=0.050
D step=3/5 epoch=1/3 loss=0.3381 l2=0.2000 label_smoothing=0.050
D step=3/5 epoch=2/3 loss=0.3360 l2=0.2000 label_smoothing=0.050
D step=3/5 epoch=3/3 loss=0.3344 l2=0.2000 label_smoothing=0.050
D step=4/5 epoch=1/3 loss=0.3627 l2=0.2000 label_smoothing=0.050
D step=4/5 epoch=2/3 loss=0.3662 l2=0.2000 label_smoothing=0.050
D step=4/5 epoch=3/3 loss=0.3633 l2=0.2000 label_smoothing=0.050
D step=5/5 epoch=1/3 loss=0.3449 l2=0.2000 label_smoothing=0.050
D step=5/5 epoch=2/3 loss=0.3454 l2=0.2000 label_smoothing=0.050
D step=5/5 epoch=3/3 loss=0.3423 l2=0.2000 label_smoothing=0.050
ADV epoch=71/200 g_loss=0.0006 d_loss=0.3447 reward=0.1536 reward_var=0.0004 unique=0.0200
D step=1/5 epoch=1/3 loss=0.3016 l2=0.2000 label_smoothing=0.050
D step=1/5 epoch=2/3 loss=0.3028 l2=0.2000 label_smoothing=0.050
D step=1/5 epoch=3/3 loss=0.3025 l2=0.2000 label_smoothing=0.050
D step=2/5 epoch=1/3 loss=0.3098 l2=0.2000 label_smoothing=0.050
D step=2/5 epoch=2/3 loss=0.3083 l2=0.2000 label_smoothing=0.050
D step=2/5 epoch=3/3 loss=0.3070 l2=0.2000 label_smoothing=0.050
D step=3/5 epoch=1/3 loss=0.3423 l2=0.2000 label_smoothing=0.050
D step=3/5 epoch=2/3 loss=0.3436 l2=0.2000 label_smoothing=0.050
D step=3/5 epoch=3/3 loss=0.3400 l2=0.2000 label_smoothing=0.050
D step=4/5 epoch=1/3 loss=0.3259 l2=0.2000 label_smoothing=0.050
D step=4/5 epoch=2/3 loss=0.3298 l2=0.2000 label_smoothing=0.050
D step=4/5 epoch=3/3 loss=0.3280 l2=0.2000 label_smoothing=0.050
D step=5/5 epoch=1/3 loss=0.3183 l2=0.2000 label_smoothing=0.050
D step=5/5 epoch=2/3 loss=0.3141 l2=0.2000 label_smoothing=0.050
D step=5/5 epoch=3/3 loss=0.3179 l2=0.2000 label_smoothing=0.050
ADV epoch=72/200 g_loss=0.0014 d_loss=0.3195 reward=0.2003 reward_var=0.0010 unique=0.0400
D step=1/5 epoch=1/3 loss=0.3068 l2=0.2000 label_smoothing=0.050
D step=1/5 epoch=2/3 loss=0.3096 l2=0.2000 label_smoothing=0.050
D step=1/5 epoch=3/3 loss=0.3105 l2=0.2000 label_smoothing=0.050
D step=2/5 epoch=1/3 loss=0.3486 l2=0.2000 label_smoothing=0.050
D step=2/5 epoch=2/3 loss=0.3521 l2=0.2000 label_smoothing=0.050
D step=2/5 epoch=3/3 loss=0.3487 l2=0.2000 label_smoothing=0.050
D step=3/5 epoch=1/3 loss=0.3446 l2=0.2000 label_smoothing=0.050
D step=3/5 epoch=2/3 loss=0.3488 l2=0.2000 label_smoothing=0.050
D step=3/5 epoch=3/3 loss=0.3492 l2=0.2000 label_smoothing=0.050
D step=4/5 epoch=1/3 loss=0.3533 l2=0.2000 label_smoothing=0.050
D step=4/5 epoch=2/3 loss=0.3513 l2=0.2000 label_smoothing=0.050
D step=4/5 epoch=3/3 loss=0.3533 l2=0.2000 label_smoothing=0.050
D step=5/5 epoch=1/3 loss=0.3524 l2=0.2000 label_smoothing=0.050
D step=5/5 epoch=2/3 loss=0.3482 l2=0.2000 label_smoothing=0.050
D step=5/5 epoch=3/3 loss=0.3528 l2=0.2000 label_smoothing=0.050
ADV epoch=73/200 g_loss=0.0007 d_loss=0.3420 reward=0.1657 reward_var=0.0004 unique=0.0600
D step=1/5 epoch=1/3 loss=0.3238 l2=0.2000 label_smoothing=0.050
D step=1/5 epoch=2/3 loss=0.3216 l2=0.2000 label_smoothing=0.050
D step=1/5 epoch=3/3 loss=0.3241 l2=0.2000 label_smoothing=0.050
D step=2/5 epoch=1/3 loss=0.3413 l2=0.2000 label_smoothing=0.050
D step=2/5 epoch=2/3 loss=0.3405 l2=0.2000 label_smoothing=0.050
D step=2/5 epoch=3/3 loss=0.3389 l2=0.2000 label_smoothing=0.050
D step=3/5 epoch=1/3 loss=0.3552 l2=0.2000 label_smoothing=0.050
D step=3/5 epoch=2/3 loss=0.3582 l2=0.2000 label_smoothing=0.050
D step=3/5 epoch=3/3 loss=0.3598 l2=0.2000 label_smoothing=0.050
D step=4/5 epoch=1/3 loss=0.3386 l2=0.2000 label_smoothing=0.050
D step=4/5 epoch=2/3 loss=0.3414 l2=0.2000 label_smoothing=0.050
D step=4/5 epoch=3/3 loss=0.3383 l2=0.2000 label_smoothing=0.050
D step=5/5 epoch=1/3 loss=0.3644 l2=0.2000 label_smoothing=0.050
D step=5/5 epoch=2/3 loss=0.3662 l2=0.2000 label_smoothing=0.050
D step=5/5 epoch=3/3 loss=0.3603 l2=0.2000 label_smoothing=0.050
ADV epoch=74/200 g_loss=0.0016 d_loss=0.3448 reward=0.1951 reward_var=0.0006 unique=0.0600
D step=1/5 epoch=1/3 loss=0.3449 l2=0.2000 label_smoothing=0.050
D step=1/5 epoch=2/3 loss=0.3453 l2=0.2000 label_smoothing=0.050
D step=1/5 epoch=3/3 loss=0.3425 l2=0.2000 label_smoothing=0.050
D step=2/5 epoch=1/3 loss=0.3271 l2=0.2000 label_smoothing=0.050
D step=2/5 epoch=2/3 loss=0.3263 l2=0.2000 label_smoothing=0.050
D step=2/5 epoch=3/3 loss=0.3299 l2=0.2000 label_smoothing=0.050
D step=3/5 epoch=1/3 loss=0.3380 l2=0.2000 label_smoothing=0.050
D step=3/5 epoch=2/3 loss=0.3383 l2=0.2000 label_smoothing=0.050
D step=3/5 epoch=3/3 loss=0.3331 l2=0.2000 label_smoothing=0.050
D step=4/5 epoch=1/3 loss=0.3466 l2=0.2000 label_smoothing=0.050
D step=4/5 epoch=2/3 loss=0.3487 l2=0.2000 label_smoothing=0.050
D step=4/5 epoch=3/3 loss=0.3416 l2=0.2000 label_smoothing=0.050
D step=5/5 epoch=1/3 loss=0.3429 l2=0.2000 label_smoothing=0.050
D step=5/5 epoch=2/3 loss=0.3370 l2=0.2000 label_smoothing=0.050
D step=5/5 epoch=3/3 loss=0.3395 l2=0.2000 label_smoothing=0.050
ADV epoch=75/200 g_loss=0.0013 d_loss=0.3388 reward=0.2081 reward_var=0.0009 unique=0.0600
D step=1/5 epoch=1/3 loss=0.3386 l2=0.2000 label_smoothing=0.050
D step=1/5 epoch=2/3 loss=0.3355 l2=0.2000 label_smoothing=0.050
D step=1/5 epoch=3/3 loss=0.3374 l2=0.2000 label_smoothing=0.050
D step=2/5 epoch=1/3 loss=0.3336 l2=0.2000 label_smoothing=0.050
D step=2/5 epoch=2/3 loss=0.3347 l2=0.2000 label_smoothing=0.050
D step=2/5 epoch=3/3 loss=0.3343 l2=0.2000 label_smoothing=0.050
D step=3/5 epoch=1/3 loss=0.3565 l2=0.2000 label_smoothing=0.050
D step=3/5 epoch=2/3 loss=0.3576 l2=0.2000 label_smoothing=0.050
D step=3/5 epoch=3/3 loss=0.3538 l2=0.2000 label_smoothing=0.050
D step=4/5 epoch=1/3 loss=0.3389 l2=0.2000 label_smoothing=0.050
D step=4/5 epoch=2/3 loss=0.3392 l2=0.2000 label_smoothing=0.050
D step=4/5 epoch=3/3 loss=0.3345 l2=0.2000 label_smoothing=0.050
D step=5/5 epoch=1/3 loss=0.3524 l2=0.2000 label_smoothing=0.050
D step=5/5 epoch=2/3 loss=0.3536 l2=0.2000 label_smoothing=0.050
D step=5/5 epoch=3/3 loss=0.3536 l2=0.2000 label_smoothing=0.050
ADV epoch=76/200 g_loss=0.0003 d_loss=0.3436 reward=0.1933 reward_var=0.0000 unique=0.0200
D step=1/5 epoch=1/3 loss=0.3466 l2=0.2000 label_smoothing=0.050
D step=1/5 epoch=2/3 loss=0.3388 l2=0.2000 label_smoothing=0.050
D step=1/5 epoch=3/3 loss=0.3400 l2=0.2000 label_smoothing=0.050
D step=2/5 epoch=1/3 loss=0.3256 l2=0.2000 label_smoothing=0.050
D step=2/5 epoch=2/3 loss=0.3252 l2=0.2000 label_smoothing=0.050
D step=2/5 epoch=3/3 loss=0.3258 l2=0.2000 label_smoothing=0.050
D step=3/5 epoch=1/3 loss=0.3214 l2=0.2000 label_smoothing=0.050
D step=3/5 epoch=2/3 loss=0.3231 l2=0.2000 label_smoothing=0.050
D step=3/5 epoch=3/3 loss=0.3250 l2=0.2000 label_smoothing=0.050
D step=4/5 epoch=1/3 loss=0.3373 l2=0.2000 label_smoothing=0.050
D step=4/5 epoch=2/3 loss=0.3369 l2=0.2000 label_smoothing=0.050
D step=4/5 epoch=3/3 loss=0.3369 l2=0.2000 label_smoothing=0.050
D step=5/5 epoch=1/3 loss=0.3372 l2=0.2000 label_smoothing=0.050
D step=5/5 epoch=2/3 loss=0.3350 l2=0.2000 label_smoothing=0.050
D step=5/5 epoch=3/3 loss=0.3337 l2=0.2000 label_smoothing=0.050
ADV epoch=77/200 g_loss=0.0036 d_loss=0.3326 reward=0.2051 reward_var=0.0008 unique=0.0400
D step=1/5 epoch=1/3 loss=0.3585 l2=0.2000 label_smoothing=0.050
D step=1/5 epoch=2/3 loss=0.3585 l2=0.2000 label_smoothing=0.050
D step=1/5 epoch=3/3 loss=0.3585 l2=0.2000 label_smoothing=0.050
D step=2/5 epoch=1/3 loss=0.3239 l2=0.2000 label_smoothing=0.050
D step=2/5 epoch=2/3 loss=0.3223 l2=0.2000 label_smoothing=0.050
D step=2/5 epoch=3/3 loss=0.3209 l2=0.2000 label_smoothing=0.050
D step=3/5 epoch=1/3 loss=0.3757 l2=0.2000 label_smoothing=0.050
D step=3/5 epoch=2/3 loss=0.3659 l2=0.2000 label_smoothing=0.050
D step=3/5 epoch=3/3 loss=0.3635 l2=0.2000 label_smoothing=0.050
D step=4/5 epoch=1/3 loss=0.3561 l2=0.2000 label_smoothing=0.050
D step=4/5 epoch=2/3 loss=0.3563 l2=0.2000 label_smoothing=0.050
D step=4/5 epoch=3/3 loss=0.3538 l2=0.2000 label_smoothing=0.050
D step=5/5 epoch=1/3 loss=0.3368 l2=0.2000 label_smoothing=0.050
D step=5/5 epoch=2/3 loss=0.3344 l2=0.2000 label_smoothing=0.050
D step=5/5 epoch=3/3 loss=0.3323 l2=0.2000 label_smoothing=0.050
ADV epoch=78/200 g_loss=0.0005 d_loss=0.3478 reward=0.1773 reward_var=0.0003 unique=0.0400
D step=1/5 epoch=1/3 loss=0.3569 l2=0.2000 label_smoothing=0.050
D step=1/5 epoch=2/3 loss=0.3522 l2=0.2000 label_smoothing=0.050
D step=1/5 epoch=3/3 loss=0.3497 l2=0.2000 label_smoothing=0.050
D step=2/5 epoch=1/3 loss=0.3530 l2=0.2000 label_smoothing=0.050
D step=2/5 epoch=2/3 loss=0.3503 l2=0.2000 label_smoothing=0.050
D step=2/5 epoch=3/3 loss=0.3538 l2=0.2000 label_smoothing=0.050
D step=3/5 epoch=1/3 loss=0.3420 l2=0.2000 label_smoothing=0.050
D step=3/5 epoch=2/3 loss=0.3404 l2=0.2000 label_smoothing=0.050
D step=3/5 epoch=3/3 loss=0.3406 l2=0.2000 label_smoothing=0.050
D step=4/5 epoch=1/3 loss=0.3509 l2=0.2000 label_smoothing=0.050
D step=4/5 epoch=2/3 loss=0.3508 l2=0.2000 label_smoothing=0.050
D step=4/5 epoch=3/3 loss=0.3511 l2=0.2000 label_smoothing=0.050
D step=5/5 epoch=1/3 loss=0.3342 l2=0.2000 label_smoothing=0.050
D step=5/5 epoch=2/3 loss=0.3342 l2=0.2000 label_smoothing=0.050
D step=5/5 epoch=3/3 loss=0.3331 l2=0.2000 label_smoothing=0.050
ADV epoch=79/200 g_loss=0.0004 d_loss=0.3462 reward=0.1696 reward_var=0.0003 unique=0.0600
D step=1/5 epoch=1/3 loss=0.3485 l2=0.2000 label_smoothing=0.050
D step=1/5 epoch=2/3 loss=0.3486 l2=0.2000 label_smoothing=0.050
D step=1/5 epoch=3/3 loss=0.3459 l2=0.2000 label_smoothing=0.050
D step=2/5 epoch=1/3 loss=0.3347 l2=0.2000 label_smoothing=0.050
D step=2/5 epoch=2/3 loss=0.3323 l2=0.2000 label_smoothing=0.050
D step=2/5 epoch=3/3 loss=0.3347 l2=0.2000 label_smoothing=0.050
D step=3/5 epoch=1/3 loss=0.3331 l2=0.2000 label_smoothing=0.050
D step=3/5 epoch=2/3 loss=0.3372 l2=0.2000 label_smoothing=0.050
D step=3/5 epoch=3/3 loss=0.3372 l2=0.2000 label_smoothing=0.050
D step=4/5 epoch=1/3 loss=0.3304 l2=0.2000 label_smoothing=0.050
D step=4/5 epoch=2/3 loss=0.3311 l2=0.2000 label_smoothing=0.050
D step=4/5 epoch=3/3 loss=0.3287 l2=0.2000 label_smoothing=0.050
D step=5/5 epoch=1/3 loss=0.3592 l2=0.2000 label_smoothing=0.050
D step=5/5 epoch=2/3 loss=0.3591 l2=0.2000 label_smoothing=0.050
D step=5/5 epoch=3/3 loss=0.3539 l2=0.2000 label_smoothing=0.050
ADV epoch=80/200 g_loss=0.0018 d_loss=0.3410 reward=0.1825 reward_var=0.0003 unique=0.0400
D step=1/5 epoch=1/3 loss=0.3420 l2=0.2000 label_smoothing=0.050
D step=1/5 epoch=2/3 loss=0.3381 l2=0.2000 label_smoothing=0.050
D step=1/5 epoch=3/3 loss=0.3405 l2=0.2000 label_smoothing=0.050
D step=2/5 epoch=1/3 loss=0.3481 l2=0.2000 label_smoothing=0.050
D step=2/5 epoch=2/3 loss=0.3496 l2=0.2000 label_smoothing=0.050
D step=2/5 epoch=3/3 loss=0.3473 l2=0.2000 label_smoothing=0.050
D step=3/5 epoch=1/3 loss=0.3402 l2=0.2000 label_smoothing=0.050
D step=3/5 epoch=2/3 loss=0.3410 l2=0.2000 label_smoothing=0.050
D step=3/5 epoch=3/3 loss=0.3400 l2=0.2000 label_smoothing=0.050
D step=4/5 epoch=1/3 loss=0.3393 l2=0.2000 label_smoothing=0.050
D step=4/5 epoch=2/3 loss=0.3418 l2=0.2000 label_smoothing=0.050
D step=4/5 epoch=3/3 loss=0.3389 l2=0.2000 label_smoothing=0.050
D step=5/5 epoch=1/3 loss=0.3423 l2=0.2000 label_smoothing=0.050
D step=5/5 epoch=2/3 loss=0.3407 l2=0.2000 label_smoothing=0.050
D step=5/5 epoch=3/3 loss=0.3406 l2=0.2000 label_smoothing=0.050
ADV epoch=81/200 g_loss=0.0007 d_loss=0.3420 reward=0.2065 reward_var=0.0004 unique=0.0400
D step=1/5 epoch=1/3 loss=0.3559 l2=0.2000 label_smoothing=0.050
D step=1/5 epoch=2/3 loss=0.3540 l2=0.2000 label_smoothing=0.050
D step=1/5 epoch=3/3 loss=0.3497 l2=0.2000 label_smoothing=0.050
D step=2/5 epoch=1/3 loss=0.3460 l2=0.2000 label_smoothing=0.050
D step=2/5 epoch=2/3 loss=0.3509 l2=0.2000 label_smoothing=0.050
D step=2/5 epoch=3/3 loss=0.3482 l2=0.2000 label_smoothing=0.050
D step=3/5 epoch=1/3 loss=0.3225 l2=0.2000 label_smoothing=0.050
D step=3/5 epoch=2/3 loss=0.3224 l2=0.2000 label_smoothing=0.050
D step=3/5 epoch=3/3 loss=0.3236 l2=0.2000 label_smoothing=0.050
D step=4/5 epoch=1/3 loss=0.3420 l2=0.2000 label_smoothing=0.050
D step=4/5 epoch=2/3 loss=0.3400 l2=0.2000 label_smoothing=0.050
D step=4/5 epoch=3/3 loss=0.3398 l2=0.2000 label_smoothing=0.050
D step=5/5 epoch=1/3 loss=0.3330 l2=0.2000 label_smoothing=0.050
D step=5/5 epoch=2/3 loss=0.3326 l2=0.2000 label_smoothing=0.050
D step=5/5 epoch=3/3 loss=0.3315 l2=0.2000 label_smoothing=0.050
ADV epoch=82/200 g_loss=0.0005 d_loss=0.3395 reward=0.1992 reward_var=0.0001 unique=0.0200
D step=1/5 epoch=1/3 loss=0.3567 l2=0.2000 label_smoothing=0.050
D step=1/5 epoch=2/3 loss=0.3595 l2=0.2000 label_smoothing=0.050
D step=1/5 epoch=3/3 loss=0.3562 l2=0.2000 label_smoothing=0.050
D step=2/5 epoch=1/3 loss=0.3457 l2=0.2000 label_smoothing=0.050
D step=2/5 epoch=2/3 loss=0.3483 l2=0.2000 label_smoothing=0.050
D step=2/5 epoch=3/3 loss=0.3465 l2=0.2000 label_smoothing=0.050
D step=3/5 epoch=1/3 loss=0.3330 l2=0.2000 label_smoothing=0.050
D step=3/5 epoch=2/3 loss=0.3295 l2=0.2000 label_smoothing=0.050
D step=3/5 epoch=3/3 loss=0.3262 l2=0.2000 label_smoothing=0.050
D step=4/5 epoch=1/3 loss=0.3475 l2=0.2000 label_smoothing=0.050
D step=4/5 epoch=2/3 loss=0.3480 l2=0.2000 label_smoothing=0.050
D step=4/5 epoch=3/3 loss=0.3505 l2=0.2000 label_smoothing=0.050
D step=5/5 epoch=1/3 loss=0.3533 l2=0.2000 label_smoothing=0.050
D step=5/5 epoch=2/3 loss=0.3502 l2=0.2000 label_smoothing=0.050
D step=5/5 epoch=3/3 loss=0.3518 l2=0.2000 label_smoothing=0.050
ADV epoch=83/200 g_loss=0.0003 d_loss=0.3469 reward=0.2007 reward_var=0.0000 unique=0.0400
D step=1/5 epoch=1/3 loss=0.3221 l2=0.2000 label_smoothing=0.050
D step=1/5 epoch=2/3 loss=0.3203 l2=0.2000 label_smoothing=0.050
D step=1/5 epoch=3/3 loss=0.3257 l2=0.2000 label_smoothing=0.050
D step=2/5 epoch=1/3 loss=0.3269 l2=0.2000 label_smoothing=0.050
D step=2/5 epoch=2/3 loss=0.3279 l2=0.2000 label_smoothing=0.050
D step=2/5 epoch=3/3 loss=0.3287 l2=0.2000 label_smoothing=0.050
D step=3/5 epoch=1/3 loss=0.3270 l2=0.2000 label_smoothing=0.050
D step=3/5 epoch=2/3 loss=0.3294 l2=0.2000 label_smoothing=0.050
D step=3/5 epoch=3/3 loss=0.3269 l2=0.2000 label_smoothing=0.050
D step=4/5 epoch=1/3 loss=0.3171 l2=0.2000 label_smoothing=0.050
D step=4/5 epoch=2/3 loss=0.3183 l2=0.2000 label_smoothing=0.050
D step=4/5 epoch=3/3 loss=0.3193 l2=0.2000 label_smoothing=0.050
D step=5/5 epoch=1/3 loss=0.3269 l2=0.2000 label_smoothing=0.050
D step=5/5 epoch=2/3 loss=0.3288 l2=0.2000 label_smoothing=0.050
D step=5/5 epoch=3/3 loss=0.3286 l2=0.2000 label_smoothing=0.050
ADV epoch=84/200 g_loss=0.0005 d_loss=0.3249 reward=0.2038 reward_var=0.0003 unique=0.0200
D step=1/5 epoch=1/3 loss=0.3537 l2=0.2000 label_smoothing=0.050
D step=1/5 epoch=2/3 loss=0.3525 l2=0.2000 label_smoothing=0.050
D step=1/5 epoch=3/3 loss=0.3523 l2=0.2000 label_smoothing=0.050
D step=2/5 epoch=1/3 loss=0.3347 l2=0.2000 label_smoothing=0.050
D step=2/5 epoch=2/3 loss=0.3336 l2=0.2000 label_smoothing=0.050
D step=2/5 epoch=3/3 loss=0.3335 l2=0.2000 label_smoothing=0.050
D step=3/5 epoch=1/3 loss=0.3361 l2=0.2000 label_smoothing=0.050
D step=3/5 epoch=2/3 loss=0.3359 l2=0.2000 label_smoothing=0.050
D step=3/5 epoch=3/3 loss=0.3347 l2=0.2000 label_smoothing=0.050
D step=4/5 epoch=1/3 loss=0.3310 l2=0.2000 label_smoothing=0.050
D step=4/5 epoch=2/3 loss=0.3309 l2=0.2000 label_smoothing=0.050
D step=4/5 epoch=3/3 loss=0.3269 l2=0.2000 label_smoothing=0.050
D step=5/5 epoch=1/3 loss=0.3414 l2=0.2000 label_smoothing=0.050
D step=5/5 epoch=2/3 loss=0.3396 l2=0.2000 label_smoothing=0.050
D step=5/5 epoch=3/3 loss=0.3415 l2=0.2000 label_smoothing=0.050
ADV epoch=85/200 g_loss=0.0005 d_loss=0.3385 reward=0.1819 reward_var=0.0003 unique=0.0400
D step=1/5 epoch=1/3 loss=0.3382 l2=0.2000 label_smoothing=0.050
D step=1/5 epoch=2/3 loss=0.3346 l2=0.2000 label_smoothing=0.050
D step=1/5 epoch=3/3 loss=0.3335 l2=0.2000 label_smoothing=0.050
D step=2/5 epoch=1/3 loss=0.3416 l2=0.2000 label_smoothing=0.050
D step=2/5 epoch=2/3 loss=0.3412 l2=0.2000 label_smoothing=0.050
D step=2/5 epoch=3/3 loss=0.3384 l2=0.2000 label_smoothing=0.050
D step=3/5 epoch=1/3 loss=0.3460 l2=0.2000 label_smoothing=0.050
D step=3/5 epoch=2/3 loss=0.3472 l2=0.2000 label_smoothing=0.050
D step=3/5 epoch=3/3 loss=0.3474 l2=0.2000 label_smoothing=0.050
D step=4/5 epoch=1/3 loss=0.3368 l2=0.2000 label_smoothing=0.050
D step=4/5 epoch=2/3 loss=0.3368 l2=0.2000 label_smoothing=0.050
D step=4/5 epoch=3/3 loss=0.3389 l2=0.2000 label_smoothing=0.050
D step=5/5 epoch=1/3 loss=0.3333 l2=0.2000 label_smoothing=0.050
D step=5/5 epoch=2/3 loss=0.3359 l2=0.2000 label_smoothing=0.050
D step=5/5 epoch=3/3 loss=0.3347 l2=0.2000 label_smoothing=0.050
ADV epoch=86/200 g_loss=0.0004 d_loss=0.3390 reward=0.1829 reward_var=0.0002 unique=0.0800
D step=1/5 epoch=1/3 loss=0.3326 l2=0.2000 label_smoothing=0.050
D step=1/5 epoch=2/3 loss=0.3321 l2=0.2000 label_smoothing=0.050
D step=1/5 epoch=3/3 loss=0.3263 l2=0.2000 label_smoothing=0.050
D step=2/5 epoch=1/3 loss=0.3412 l2=0.2000 label_smoothing=0.050
D step=2/5 epoch=2/3 loss=0.3417 l2=0.2000 label_smoothing=0.050
D step=2/5 epoch=3/3 loss=0.3399 l2=0.2000 label_smoothing=0.050
D step=3/5 epoch=1/3 loss=0.3569 l2=0.2000 label_smoothing=0.050
D step=3/5 epoch=2/3 loss=0.3522 l2=0.2000 label_smoothing=0.050
D step=3/5 epoch=3/3 loss=0.3514 l2=0.2000 label_smoothing=0.050
D step=4/5 epoch=1/3 loss=0.3275 l2=0.2000 label_smoothing=0.050
D step=4/5 epoch=2/3 loss=0.3283 l2=0.2000 label_smoothing=0.050
D step=4/5 epoch=3/3 loss=0.3291 l2=0.2000 label_smoothing=0.050
D step=5/5 epoch=1/3 loss=0.3591 l2=0.2000 label_smoothing=0.050
D step=5/5 epoch=2/3 loss=0.3599 l2=0.2000 label_smoothing=0.050
D step=5/5 epoch=3/3 loss=0.3581 l2=0.2000 label_smoothing=0.050
ADV epoch=87/200 g_loss=0.0002 d_loss=0.3424 reward=0.1844 reward_var=0.0000 unique=0.0400
D step=1/5 epoch=1/3 loss=0.3228 l2=0.2000 label_smoothing=0.050
D step=1/5 epoch=2/3 loss=0.3228 l2=0.2000 label_smoothing=0.050
D step=1/5 epoch=3/3 loss=0.3220 l2=0.2000 label_smoothing=0.050
D step=2/5 epoch=1/3 loss=0.3456 l2=0.2000 label_smoothing=0.050
D step=2/5 epoch=2/3 loss=0.3439 l2=0.2000 label_smoothing=0.050
D step=2/5 epoch=3/3 loss=0.3464 l2=0.2000 label_smoothing=0.050
D step=3/5 epoch=1/3 loss=0.3566 l2=0.2000 label_smoothing=0.050
D step=3/5 epoch=2/3 loss=0.3587 l2=0.2000 label_smoothing=0.050
D step=3/5 epoch=3/3 loss=0.3606 l2=0.2000 label_smoothing=0.050
D step=4/5 epoch=1/3 loss=0.3257 l2=0.2000 label_smoothing=0.050
D step=4/5 epoch=2/3 loss=0.3251 l2=0.2000 label_smoothing=0.050
D step=4/5 epoch=3/3 loss=0.3250 l2=0.2000 label_smoothing=0.050
D step=5/5 epoch=1/3 loss=0.3589 l2=0.2000 label_smoothing=0.050
D step=5/5 epoch=2/3 loss=0.3558 l2=0.2000 label_smoothing=0.050
D step=5/5 epoch=3/3 loss=0.3547 l2=0.2000 label_smoothing=0.050
ADV epoch=88/200 g_loss=0.0012 d_loss=0.3416 reward=0.2060 reward_var=0.0005 unique=0.0200
D step=1/5 epoch=1/3 loss=0.3361 l2=0.2000 label_smoothing=0.050
D step=1/5 epoch=2/3 loss=0.3359 l2=0.2000 label_smoothing=0.050
D step=1/5 epoch=3/3 loss=0.3337 l2=0.2000 label_smoothing=0.050
D step=2/5 epoch=1/3 loss=0.3428 l2=0.2000 label_smoothing=0.050
D step=2/5 epoch=2/3 loss=0.3415 l2=0.2000 label_smoothing=0.050
D step=2/5 epoch=3/3 loss=0.3439 l2=0.2000 label_smoothing=0.050
D step=3/5 epoch=1/3 loss=0.3435 l2=0.2000 label_smoothing=0.050
D step=3/5 epoch=2/3 loss=0.3438 l2=0.2000 label_smoothing=0.050
D step=3/5 epoch=3/3 loss=0.3410 l2=0.2000 label_smoothing=0.050
D step=4/5 epoch=1/3 loss=0.3297 l2=0.2000 label_smoothing=0.050
D step=4/5 epoch=2/3 loss=0.3284 l2=0.2000 label_smoothing=0.050
D step=4/5 epoch=3/3 loss=0.3318 l2=0.2000 label_smoothing=0.050
D step=5/5 epoch=1/3 loss=0.3394 l2=0.2000 label_smoothing=0.050
D step=5/5 epoch=2/3 loss=0.3404 l2=0.2000 label_smoothing=0.050
D step=5/5 epoch=3/3 loss=0.3422 l2=0.2000 label_smoothing=0.050
ADV epoch=89/200 g_loss=0.0006 d_loss=0.3383 reward=0.2035 reward_var=0.0002 unique=0.0400
D step=1/5 epoch=1/3 loss=0.3285 l2=0.2000 label_smoothing=0.050
D step=1/5 epoch=2/3 loss=0.3317 l2=0.2000 label_smoothing=0.050
D step=1/5 epoch=3/3 loss=0.3313 l2=0.2000 label_smoothing=0.050
D step=2/5 epoch=1/3 loss=0.3394 l2=0.2000 label_smoothing=0.050
D step=2/5 epoch=2/3 loss=0.3442 l2=0.2000 label_smoothing=0.050
D step=2/5 epoch=3/3 loss=0.3444 l2=0.2000 label_smoothing=0.050
D step=3/5 epoch=1/3 loss=0.3523 l2=0.2000 label_smoothing=0.050
D step=3/5 epoch=2/3 loss=0.3537 l2=0.2000 label_smoothing=0.050
D step=3/5 epoch=3/3 loss=0.3548 l2=0.2000 label_smoothing=0.050
D step=4/5 epoch=1/3 loss=0.3463 l2=0.2000 label_smoothing=0.050
D step=4/5 epoch=2/3 loss=0.3454 l2=0.2000 label_smoothing=0.050
D step=4/5 epoch=3/3 loss=0.3456 l2=0.2000 label_smoothing=0.050
D step=5/5 epoch=1/3 loss=0.3306 l2=0.2000 label_smoothing=0.050
D step=5/5 epoch=2/3 loss=0.3326 l2=0.2000 label_smoothing=0.050
D step=5/5 epoch=3/3 loss=0.3294 l2=0.2000 label_smoothing=0.050
ADV epoch=90/200 g_loss=0.0010 d_loss=0.3407 reward=0.1933 reward_var=0.0006 unique=0.0400
D step=1/5 epoch=1/3 loss=0.3489 l2=0.2000 label_smoothing=0.050
D step=1/5 epoch=2/3 loss=0.3420 l2=0.2000 label_smoothing=0.050
D step=1/5 epoch=3/3 loss=0.3466 l2=0.2000 label_smoothing=0.050
D step=2/5 epoch=1/3 loss=0.3334 l2=0.2000 label_smoothing=0.050
D step=2/5 epoch=2/3 loss=0.3351 l2=0.2000 label_smoothing=0.050
D step=2/5 epoch=3/3 loss=0.3359 l2=0.2000 label_smoothing=0.050
D step=3/5 epoch=1/3 loss=0.3342 l2=0.2000 label_smoothing=0.050
D step=3/5 epoch=2/3 loss=0.3347 l2=0.2000 label_smoothing=0.050
D step=3/5 epoch=3/3 loss=0.3365 l2=0.2000 label_smoothing=0.050
D step=4/5 epoch=1/3 loss=0.3229 l2=0.2000 label_smoothing=0.050
D step=4/5 epoch=2/3 loss=0.3203 l2=0.2000 label_smoothing=0.050
D step=4/5 epoch=3/3 loss=0.3223 l2=0.2000 label_smoothing=0.050
D step=5/5 epoch=1/3 loss=0.3443 l2=0.2000 label_smoothing=0.050
D step=5/5 epoch=2/3 loss=0.3436 l2=0.2000 label_smoothing=0.050
D step=5/5 epoch=3/3 loss=0.3460 l2=0.2000 label_smoothing=0.050
ADV epoch=91/200 g_loss=0.0007 d_loss=0.3365 reward=0.1837 reward_var=0.0000 unique=0.0600
D step=1/5 epoch=1/3 loss=0.3566 l2=0.2000 label_smoothing=0.050
D step=1/5 epoch=2/3 loss=0.3548 l2=0.2000 label_smoothing=0.050
D step=1/5 epoch=3/3 loss=0.3494 l2=0.2000 label_smoothing=0.050
D step=2/5 epoch=1/3 loss=0.3532 l2=0.2000 label_smoothing=0.050
D step=2/5 epoch=2/3 loss=0.3536 l2=0.2000 label_smoothing=0.050
D step=2/5 epoch=3/3 loss=0.3524 l2=0.2000 label_smoothing=0.050
D step=3/5 epoch=1/3 loss=0.3338 l2=0.2000 label_smoothing=0.050
D step=3/5 epoch=2/3 loss=0.3334 l2=0.2000 label_smoothing=0.050
D step=3/5 epoch=3/3 loss=0.3365 l2=0.2000 label_smoothing=0.050
D step=4/5 epoch=1/3 loss=0.3474 l2=0.2000 label_smoothing=0.050
D step=4/5 epoch=2/3 loss=0.3477 l2=0.2000 label_smoothing=0.050
D step=4/5 epoch=3/3 loss=0.3449 l2=0.2000 label_smoothing=0.050
D step=5/5 epoch=1/3 loss=0.3508 l2=0.2000 label_smoothing=0.050
D step=5/5 epoch=2/3 loss=0.3527 l2=0.2000 label_smoothing=0.050
D step=5/5 epoch=3/3 loss=0.3510 l2=0.2000 label_smoothing=0.050
ADV epoch=92/200 g_loss=0.0006 d_loss=0.3479 reward=0.1946 reward_var=0.0004 unique=0.0400
D step=1/5 epoch=1/3 loss=0.3234 l2=0.2000 label_smoothing=0.050
D step=1/5 epoch=2/3 loss=0.3255 l2=0.2000 label_smoothing=0.050
D step=1/5 epoch=3/3 loss=0.3221 l2=0.2000 label_smoothing=0.050
D step=2/5 epoch=1/3 loss=0.3453 l2=0.2000 label_smoothing=0.050
D step=2/5 epoch=2/3 loss=0.3398 l2=0.2000 label_smoothing=0.050
D step=2/5 epoch=3/3 loss=0.3428 l2=0.2000 label_smoothing=0.050
D step=3/5 epoch=1/3 loss=0.3180 l2=0.2000 label_smoothing=0.050
D step=3/5 epoch=2/3 loss=0.3178 l2=0.2000 label_smoothing=0.050
D step=3/5 epoch=3/3 loss=0.3186 l2=0.2000 label_smoothing=0.050
D step=4/5 epoch=1/3 loss=0.3372 l2=0.2000 label_smoothing=0.050
D step=4/5 epoch=2/3 loss=0.3415 l2=0.2000 label_smoothing=0.050
D step=4/5 epoch=3/3 loss=0.3412 l2=0.2000 label_smoothing=0.050
D step=5/5 epoch=1/3 loss=0.3778 l2=0.2000 label_smoothing=0.050
D step=5/5 epoch=2/3 loss=0.3744 l2=0.2000 label_smoothing=0.050
D step=5/5 epoch=3/3 loss=0.3717 l2=0.2000 label_smoothing=0.050
ADV epoch=93/200 g_loss=0.0020 d_loss=0.3398 reward=0.1851 reward_var=0.0017 unique=0.0600
D step=1/5 epoch=1/3 loss=0.3250 l2=0.2000 label_smoothing=0.050
D step=1/5 epoch=2/3 loss=0.3244 l2=0.2000 label_smoothing=0.050
D step=1/5 epoch=3/3 loss=0.3225 l2=0.2000 label_smoothing=0.050
D step=2/5 epoch=1/3 loss=0.3486 l2=0.2000 label_smoothing=0.050
D step=2/5 epoch=2/3 loss=0.3489 l2=0.2000 label_smoothing=0.050
D step=2/5 epoch=3/3 loss=0.3465 l2=0.2000 label_smoothing=0.050
D step=3/5 epoch=1/3 loss=0.3521 l2=0.2000 label_smoothing=0.050
D step=3/5 epoch=2/3 loss=0.3527 l2=0.2000 label_smoothing=0.050
D step=3/5 epoch=3/3 loss=0.3516 l2=0.2000 label_smoothing=0.050
D step=4/5 epoch=1/3 loss=0.3471 l2=0.2000 label_smoothing=0.050
D step=4/5 epoch=2/3 loss=0.3467 l2=0.2000 label_smoothing=0.050
D step=4/5 epoch=3/3 loss=0.3495 l2=0.2000 label_smoothing=0.050
D step=5/5 epoch=1/3 loss=0.3412 l2=0.2000 label_smoothing=0.050
D step=5/5 epoch=2/3 loss=0.3448 l2=0.2000 label_smoothing=0.050
D step=5/5 epoch=3/3 loss=0.3412 l2=0.2000 label_smoothing=0.050
ADV epoch=94/200 g_loss=0.0011 d_loss=0.3428 reward=0.2183 reward_var=0.0003 unique=0.0200
D step=1/5 epoch=1/3 loss=0.3368 l2=0.2000 label_smoothing=0.050
D step=1/5 epoch=2/3 loss=0.3399 l2=0.2000 label_smoothing=0.050
D step=1/5 epoch=3/3 loss=0.3353 l2=0.2000 label_smoothing=0.050
D step=2/5 epoch=1/3 loss=0.3231 l2=0.2000 label_smoothing=0.050
D step=2/5 epoch=2/3 loss=0.3217 l2=0.2000 label_smoothing=0.050
D step=2/5 epoch=3/3 loss=0.3238 l2=0.2000 label_smoothing=0.050
D step=3/5 epoch=1/3 loss=0.3279 l2=0.2000 label_smoothing=0.050
D step=3/5 epoch=2/3 loss=0.3261 l2=0.2000 label_smoothing=0.050
D step=3/5 epoch=3/3 loss=0.3284 l2=0.2000 label_smoothing=0.050
D step=4/5 epoch=1/3 loss=0.3284 l2=0.2000 label_smoothing=0.050
D step=4/5 epoch=2/3 loss=0.3265 l2=0.2000 label_smoothing=0.050
D step=4/5 epoch=3/3 loss=0.3290 l2=0.2000 label_smoothing=0.050
D step=5/5 epoch=1/3 loss=0.3723 l2=0.2000 label_smoothing=0.050
D step=5/5 epoch=2/3 loss=0.3681 l2=0.2000 label_smoothing=0.050
D step=5/5 epoch=3/3 loss=0.3679 l2=0.2000 label_smoothing=0.050
ADV epoch=95/200 g_loss=0.0004 d_loss=0.3370 reward=0.1904 reward_var=0.0004 unique=0.0400
D step=1/5 epoch=1/3 loss=0.3555 l2=0.2000 label_smoothing=0.050
D step=1/5 epoch=2/3 loss=0.3584 l2=0.2000 label_smoothing=0.050
D step=1/5 epoch=3/3 loss=0.3569 l2=0.2000 label_smoothing=0.050
D step=2/5 epoch=1/3 loss=0.3457 l2=0.2000 label_smoothing=0.050
D step=2/5 epoch=2/3 loss=0.3496 l2=0.2000 label_smoothing=0.050
D step=2/5 epoch=3/3 loss=0.3483 l2=0.2000 label_smoothing=0.050
D step=3/5 epoch=1/3 loss=0.3321 l2=0.2000 label_smoothing=0.050
D step=3/5 epoch=2/3 loss=0.3372 l2=0.2000 label_smoothing=0.050
D step=3/5 epoch=3/3 loss=0.3354 l2=0.2000 label_smoothing=0.050
D step=4/5 epoch=1/3 loss=0.3488 l2=0.2000 label_smoothing=0.050
D step=4/5 epoch=2/3 loss=0.3483 l2=0.2000 label_smoothing=0.050
D step=4/5 epoch=3/3 loss=0.3479 l2=0.2000 label_smoothing=0.050
D step=5/5 epoch=1/3 loss=0.3317 l2=0.2000 label_smoothing=0.050
D step=5/5 epoch=2/3 loss=0.3350 l2=0.2000 label_smoothing=0.050
D step=5/5 epoch=3/3 loss=0.3339 l2=0.2000 label_smoothing=0.050
ADV epoch=96/200 g_loss=0.0008 d_loss=0.3443 reward=0.2127 reward_var=0.0004 unique=0.0800
D step=1/5 epoch=1/3 loss=0.3465 l2=0.2000 label_smoothing=0.050
D step=1/5 epoch=2/3 loss=0.3455 l2=0.2000 label_smoothing=0.050
D step=1/5 epoch=3/3 loss=0.3447 l2=0.2000 label_smoothing=0.050
D step=2/5 epoch=1/3 loss=0.3603 l2=0.2000 label_smoothing=0.050
D step=2/5 epoch=2/3 loss=0.3575 l2=0.2000 label_smoothing=0.050
D step=2/5 epoch=3/3 loss=0.3606 l2=0.2000 label_smoothing=0.050
D step=3/5 epoch=1/3 loss=0.3592 l2=0.2000 label_smoothing=0.050
D step=3/5 epoch=2/3 loss=0.3577 l2=0.2000 label_smoothing=0.050
D step=3/5 epoch=3/3 loss=0.3569 l2=0.2000 label_smoothing=0.050
D step=4/5 epoch=1/3 loss=0.3539 l2=0.2000 label_smoothing=0.050
D step=4/5 epoch=2/3 loss=0.3539 l2=0.2000 label_smoothing=0.050
D step=4/5 epoch=3/3 loss=0.3509 l2=0.2000 label_smoothing=0.050
D step=5/5 epoch=1/3 loss=0.3505 l2=0.2000 label_smoothing=0.050
D step=5/5 epoch=2/3 loss=0.3529 l2=0.2000 label_smoothing=0.050
D step=5/5 epoch=3/3 loss=0.3511 l2=0.2000 label_smoothing=0.050
ADV epoch=97/200 g_loss=0.0002 d_loss=0.3535 reward=0.2001 reward_var=0.0000 unique=0.0400
D step=1/5 epoch=1/3 loss=0.3355 l2=0.2000 label_smoothing=0.050
D step=1/5 epoch=2/3 loss=0.3364 l2=0.2000 label_smoothing=0.050
D step=1/5 epoch=3/3 loss=0.3342 l2=0.2000 label_smoothing=0.050
D step=2/5 epoch=1/3 loss=0.3345 l2=0.2000 label_smoothing=0.050
D step=2/5 epoch=2/3 loss=0.3332 l2=0.2000 label_smoothing=0.050
D step=2/5 epoch=3/3 loss=0.3341 l2=0.2000 label_smoothing=0.050
D step=3/5 epoch=1/3 loss=0.3420 l2=0.2000 label_smoothing=0.050
D step=3/5 epoch=2/3 loss=0.3396 l2=0.2000 label_smoothing=0.050
D step=3/5 epoch=3/3 loss=0.3435 l2=0.2000 label_smoothing=0.050
D step=4/5 epoch=1/3 loss=0.3282 l2=0.2000 label_smoothing=0.050
D step=4/5 epoch=2/3 loss=0.3313 l2=0.2000 label_smoothing=0.050
D step=4/5 epoch=3/3 loss=0.3307 l2=0.2000 label_smoothing=0.050
D step=5/5 epoch=1/3 loss=0.3411 l2=0.2000 label_smoothing=0.050
D step=5/5 epoch=2/3 loss=0.3395 l2=0.2000 label_smoothing=0.050
D step=5/5 epoch=3/3 loss=0.3374 l2=0.2000 label_smoothing=0.050
ADV epoch=98/200 g_loss=0.0013 d_loss=0.3361 reward=0.2036 reward_var=0.0001 unique=0.0600
D step=1/5 epoch=1/3 loss=0.3408 l2=0.2000 label_smoothing=0.050
D step=1/5 epoch=2/3 loss=0.3358 l2=0.2000 label_smoothing=0.050
D step=1/5 epoch=3/3 loss=0.3365 l2=0.2000 label_smoothing=0.050
D step=2/5 epoch=1/3 loss=0.3306 l2=0.2000 label_smoothing=0.050
D step=2/5 epoch=2/3 loss=0.3283 l2=0.2000 label_smoothing=0.050
D step=2/5 epoch=3/3 loss=0.3307 l2=0.2000 label_smoothing=0.050
D step=3/5 epoch=1/3 loss=0.3465 l2=0.2000 label_smoothing=0.050
D step=3/5 epoch=2/3 loss=0.3479 l2=0.2000 label_smoothing=0.050
D step=3/5 epoch=3/3 loss=0.3467 l2=0.2000 label_smoothing=0.050
D step=4/5 epoch=1/3 loss=0.3314 l2=0.2000 label_smoothing=0.050
D step=4/5 epoch=2/3 loss=0.3280 l2=0.2000 label_smoothing=0.050
D step=4/5 epoch=3/3 loss=0.3278 l2=0.2000 label_smoothing=0.050
D step=5/5 epoch=1/3 loss=0.3550 l2=0.2000 label_smoothing=0.050
D step=5/5 epoch=2/3 loss=0.3532 l2=0.2000 label_smoothing=0.050
D step=5/5 epoch=3/3 loss=0.3529 l2=0.2000 label_smoothing=0.050
ADV epoch=99/200 g_loss=0.0003 d_loss=0.3395 reward=0.1808 reward_var=0.0001 unique=0.0400
D step=1/5 epoch=1/3 loss=0.3538 l2=0.2000 label_smoothing=0.050
D step=1/5 epoch=2/3 loss=0.3505 l2=0.2000 label_smoothing=0.050
D step=1/5 epoch=3/3 loss=0.3541 l2=0.2000 label_smoothing=0.050
D step=2/5 epoch=1/3 loss=0.3363 l2=0.2000 label_smoothing=0.050
D step=2/5 epoch=2/3 loss=0.3347 l2=0.2000 label_smoothing=0.050
D step=2/5 epoch=3/3 loss=0.3335 l2=0.2000 label_smoothing=0.050
D step=3/5 epoch=1/3 loss=0.3430 l2=0.2000 label_smoothing=0.050
D step=3/5 epoch=2/3 loss=0.3412 l2=0.2000 label_smoothing=0.050
D step=3/5 epoch=3/3 loss=0.3424 l2=0.2000 label_smoothing=0.050
D step=4/5 epoch=1/3 loss=0.3449 l2=0.2000 label_smoothing=0.050
D step=4/5 epoch=2/3 loss=0.3484 l2=0.2000 label_smoothing=0.050
D step=4/5 epoch=3/3 loss=0.3465 l2=0.2000 label_smoothing=0.050
D step=5/5 epoch=1/3 loss=0.3260 l2=0.2000 label_smoothing=0.050
D step=5/5 epoch=2/3 loss=0.3303 l2=0.2000 label_smoothing=0.050
D step=5/5 epoch=3/3 loss=0.3285 l2=0.2000 label_smoothing=0.050
ADV epoch=100/200 g_loss=0.0006 d_loss=0.3409 reward=0.1900 reward_var=0.0003 unique=0.0600
D step=1/5 epoch=1/3 loss=0.3352 l2=0.2000 label_smoothing=0.050
D step=1/5 epoch=2/3 loss=0.3350 l2=0.2000 label_smoothing=0.050
D step=1/5 epoch=3/3 loss=0.3354 l2=0.2000 label_smoothing=0.050
D step=2/5 epoch=1/3 loss=0.3645 l2=0.2000 label_smoothing=0.050
D step=2/5 epoch=2/3 loss=0.3617 l2=0.2000 label_smoothing=0.050
D step=2/5 epoch=3/3 loss=0.3645 l2=0.2000 label_smoothing=0.050
D step=3/5 epoch=1/3 loss=0.3498 l2=0.2000 label_smoothing=0.050
D step=3/5 epoch=2/3 loss=0.3529 l2=0.2000 label_smoothing=0.050
D step=3/5 epoch=3/3 loss=0.3523 l2=0.2000 label_smoothing=0.050
D step=4/5 epoch=1/3 loss=0.3321 l2=0.2000 label_smoothing=0.050
D step=4/5 epoch=2/3 loss=0.3342 l2=0.2000 label_smoothing=0.050
D step=4/5 epoch=3/3 loss=0.3330 l2=0.2000 label_smoothing=0.050
D step=5/5 epoch=1/3 loss=0.3376 l2=0.2000 label_smoothing=0.050
D step=5/5 epoch=2/3 loss=0.3357 l2=0.2000 label_smoothing=0.050
D step=5/5 epoch=3/3 loss=0.3364 l2=0.2000 label_smoothing=0.050
ADV epoch=101/200 g_loss=0.0003 d_loss=0.3440 reward=0.1846 reward_var=0.0003 unique=0.0200
D step=1/5 epoch=1/3 loss=0.3284 l2=0.2000 label_smoothing=0.050
D step=1/5 epoch=2/3 loss=0.3254 l2=0.2000 label_smoothing=0.050
D step=1/5 epoch=3/3 loss=0.3242 l2=0.2000 label_smoothing=0.050
D step=2/5 epoch=1/3 loss=0.3465 l2=0.2000 label_smoothing=0.050
D step=2/5 epoch=2/3 loss=0.3498 l2=0.2000 label_smoothing=0.050
D step=2/5 epoch=3/3 loss=0.3467 l2=0.2000 label_smoothing=0.050
D step=3/5 epoch=1/3 loss=0.3415 l2=0.2000 label_smoothing=0.050
D step=3/5 epoch=2/3 loss=0.3426 l2=0.2000 label_smoothing=0.050
D step=3/5 epoch=3/3 loss=0.3410 l2=0.2000 label_smoothing=0.050
D step=4/5 epoch=1/3 loss=0.3644 l2=0.2000 label_smoothing=0.050
D step=4/5 epoch=2/3 loss=0.3633 l2=0.2000 label_smoothing=0.050
D step=4/5 epoch=3/3 loss=0.3604 l2=0.2000 label_smoothing=0.050
D step=5/5 epoch=1/3 loss=0.3303 l2=0.2000 label_smoothing=0.050
D step=5/5 epoch=2/3 loss=0.3351 l2=0.2000 label_smoothing=0.050
D step=5/5 epoch=3/3 loss=0.3290 l2=0.2000 label_smoothing=0.050
ADV epoch=102/200 g_loss=0.0010 d_loss=0.3419 reward=0.1909 reward_var=0.0001 unique=0.0200
D step=1/5 epoch=1/3 loss=0.3395 l2=0.2000 label_smoothing=0.050
D step=1/5 epoch=2/3 loss=0.3398 l2=0.2000 label_smoothing=0.050
D step=1/5 epoch=3/3 loss=0.3398 l2=0.2000 label_smoothing=0.050
D step=2/5 epoch=1/3 loss=0.3532 l2=0.2000 label_smoothing=0.050
D step=2/5 epoch=2/3 loss=0.3510 l2=0.2000 label_smoothing=0.050
D step=2/5 epoch=3/3 loss=0.3502 l2=0.2000 label_smoothing=0.050
D step=3/5 epoch=1/3 loss=0.3408 l2=0.2000 label_smoothing=0.050
D step=3/5 epoch=2/3 loss=0.3402 l2=0.2000 label_smoothing=0.050
D step=3/5 epoch=3/3 loss=0.3384 l2=0.2000 label_smoothing=0.050
D step=4/5 epoch=1/3 loss=0.3225 l2=0.2000 label_smoothing=0.050
D step=4/5 epoch=2/3 loss=0.3258 l2=0.2000 label_smoothing=0.050
D step=4/5 epoch=3/3 loss=0.3213 l2=0.2000 label_smoothing=0.050
D step=5/5 epoch=1/3 loss=0.3506 l2=0.2000 label_smoothing=0.050
D step=5/5 epoch=2/3 loss=0.3486 l2=0.2000 label_smoothing=0.050
D step=5/5 epoch=3/3 loss=0.3467 l2=0.2000 label_smoothing=0.050
ADV epoch=103/200 g_loss=0.0002 d_loss=0.3406 reward=0.1868 reward_var=0.0000 unique=0.0600
D step=1/5 epoch=1/3 loss=0.3425 l2=0.2000 label_smoothing=0.050
D step=1/5 epoch=2/3 loss=0.3387 l2=0.2000 label_smoothing=0.050
D step=1/5 epoch=3/3 loss=0.3402 l2=0.2000 label_smoothing=0.050
D step=2/5 epoch=1/3 loss=0.3450 l2=0.2000 label_smoothing=0.050
D step=2/5 epoch=2/3 loss=0.3463 l2=0.2000 label_smoothing=0.050
D step=2/5 epoch=3/3 loss=0.3479 l2=0.2000 label_smoothing=0.050
D step=3/5 epoch=1/3 loss=0.3587 l2=0.2000 label_smoothing=0.050
D step=3/5 epoch=2/3 loss=0.3583 l2=0.2000 label_smoothing=0.050
D step=3/5 epoch=3/3 loss=0.3587 l2=0.2000 label_smoothing=0.050
D step=4/5 epoch=1/3 loss=0.3517 l2=0.2000 label_smoothing=0.050
D step=4/5 epoch=2/3 loss=0.3523 l2=0.2000 label_smoothing=0.050
D step=4/5 epoch=3/3 loss=0.3520 l2=0.2000 label_smoothing=0.050
D step=5/5 epoch=1/3 loss=0.3577 l2=0.2000 label_smoothing=0.050
D step=5/5 epoch=2/3 loss=0.3602 l2=0.2000 label_smoothing=0.050
D step=5/5 epoch=3/3 loss=0.3588 l2=0.2000 label_smoothing=0.050
ADV epoch=104/200 g_loss=0.0002 d_loss=0.3513 reward=0.1991 reward_var=0.0000 unique=0.0200
D step=1/5 epoch=1/3 loss=0.3314 l2=0.2000 label_smoothing=0.050
D step=1/5 epoch=2/3 loss=0.3311 l2=0.2000 label_smoothing=0.050
D step=1/5 epoch=3/3 loss=0.3304 l2=0.2000 label_smoothing=0.050
D step=2/5 epoch=1/3 loss=0.3461 l2=0.2000 label_smoothing=0.050
D step=2/5 epoch=2/3 loss=0.3417 l2=0.2000 label_smoothing=0.050
D step=2/5 epoch=3/3 loss=0.3469 l2=0.2000 label_smoothing=0.050
D step=3/5 epoch=1/3 loss=0.3349 l2=0.2000 label_smoothing=0.050
D step=3/5 epoch=2/3 loss=0.3351 l2=0.2000 label_smoothing=0.050
D step=3/5 epoch=3/3 loss=0.3360 l2=0.2000 label_smoothing=0.050
D step=4/5 epoch=1/3 loss=0.3478 l2=0.2000 label_smoothing=0.050
D step=4/5 epoch=2/3 loss=0.3474 l2=0.2000 label_smoothing=0.050
D step=4/5 epoch=3/3 loss=0.3469 l2=0.2000 label_smoothing=0.050
D step=5/5 epoch=1/3 loss=0.3509 l2=0.2000 label_smoothing=0.050
D step=5/5 epoch=2/3 loss=0.3473 l2=0.2000 label_smoothing=0.050
D step=5/5 epoch=3/3 loss=0.3485 l2=0.2000 label_smoothing=0.050
ADV epoch=105/200 g_loss=0.0037 d_loss=0.3415 reward=0.2033 reward_var=0.0002 unique=0.0400
D step=1/5 epoch=1/3 loss=0.3546 l2=0.2000 label_smoothing=0.050
D step=1/5 epoch=2/3 loss=0.3552 l2=0.2000 label_smoothing=0.050
D step=1/5 epoch=3/3 loss=0.3533 l2=0.2000 label_smoothing=0.050
D step=2/5 epoch=1/3 loss=0.3354 l2=0.2000 label_smoothing=0.050
D step=2/5 epoch=2/3 loss=0.3370 l2=0.2000 label_smoothing=0.050
D step=2/5 epoch=3/3 loss=0.3381 l2=0.2000 label_smoothing=0.050
D step=3/5 epoch=1/3 loss=0.3416 l2=0.2000 label_smoothing=0.050
D step=3/5 epoch=2/3 loss=0.3406 l2=0.2000 label_smoothing=0.050
D step=3/5 epoch=3/3 loss=0.3404 l2=0.2000 label_smoothing=0.050
D step=4/5 epoch=1/3 loss=0.3327 l2=0.2000 label_smoothing=0.050
D step=4/5 epoch=2/3 loss=0.3342 l2=0.2000 label_smoothing=0.050
D step=4/5 epoch=3/3 loss=0.3375 l2=0.2000 label_smoothing=0.050
D step=5/5 epoch=1/3 loss=0.3348 l2=0.2000 label_smoothing=0.050
D step=5/5 epoch=2/3 loss=0.3363 l2=0.2000 label_smoothing=0.050
D step=5/5 epoch=3/3 loss=0.3368 l2=0.2000 label_smoothing=0.050
ADV epoch=106/200 g_loss=0.0050 d_loss=0.3406 reward=0.2126 reward_var=0.0011 unique=0.0200
D step=1/5 epoch=1/3 loss=0.3545 l2=0.2000 label_smoothing=0.050
D step=1/5 epoch=2/3 loss=0.3530 l2=0.2000 label_smoothing=0.050
D step=1/5 epoch=3/3 loss=0.3505 l2=0.2000 label_smoothing=0.050
D step=2/5 epoch=1/3 loss=0.3489 l2=0.2000 label_smoothing=0.050
D step=2/5 epoch=2/3 loss=0.3449 l2=0.2000 label_smoothing=0.050
D step=2/5 epoch=3/3 loss=0.3490 l2=0.2000 label_smoothing=0.050
D step=3/5 epoch=1/3 loss=0.3324 l2=0.2000 label_smoothing=0.050
D step=3/5 epoch=2/3 loss=0.3352 l2=0.2000 label_smoothing=0.050
D step=3/5 epoch=3/3 loss=0.3367 l2=0.2000 label_smoothing=0.050
D step=4/5 epoch=1/3 loss=0.3465 l2=0.2000 label_smoothing=0.050
D step=4/5 epoch=2/3 loss=0.3471 l2=0.2000 label_smoothing=0.050
D step=4/5 epoch=3/3 loss=0.3423 l2=0.2000 label_smoothing=0.050
D step=5/5 epoch=1/3 loss=0.3472 l2=0.2000 label_smoothing=0.050
D step=5/5 epoch=2/3 loss=0.3454 l2=0.2000 label_smoothing=0.050
D step=5/5 epoch=3/3 loss=0.3484 l2=0.2000 label_smoothing=0.050
ADV epoch=107/200 g_loss=0.0016 d_loss=0.3455 reward=0.1875 reward_var=0.0004 unique=0.0200
D step=1/5 epoch=1/3 loss=0.3579 l2=0.2000 label_smoothing=0.050
D step=1/5 epoch=2/3 loss=0.3559 l2=0.2000 label_smoothing=0.050
D step=1/5 epoch=3/3 loss=0.3574 l2=0.2000 label_smoothing=0.050
D step=2/5 epoch=1/3 loss=0.3280 l2=0.2000 label_smoothing=0.050
D step=2/5 epoch=2/3 loss=0.3228 l2=0.2000 label_smoothing=0.050
D step=2/5 epoch=3/3 loss=0.3266 l2=0.2000 label_smoothing=0.050
D step=3/5 epoch=1/3 loss=0.3233 l2=0.2000 label_smoothing=0.050
D step=3/5 epoch=2/3 loss=0.3263 l2=0.2000 label_smoothing=0.050
D step=3/5 epoch=3/3 loss=0.3220 l2=0.2000 label_smoothing=0.050
D step=4/5 epoch=1/3 loss=0.3259 l2=0.2000 label_smoothing=0.050
D step=4/5 epoch=2/3 loss=0.3282 l2=0.2000 label_smoothing=0.050
D step=4/5 epoch=3/3 loss=0.3296 l2=0.2000 label_smoothing=0.050
D step=5/5 epoch=1/3 loss=0.3435 l2=0.2000 label_smoothing=0.050
D step=5/5 epoch=2/3 loss=0.3463 l2=0.2000 label_smoothing=0.050
D step=5/5 epoch=3/3 loss=0.3474 l2=0.2000 label_smoothing=0.050
ADV epoch=108/200 g_loss=0.0004 d_loss=0.3361 reward=0.2056 reward_var=0.0003 unique=0.0200
D step=1/5 epoch=1/3 loss=0.3429 l2=0.2000 label_smoothing=0.050
D step=1/5 epoch=2/3 loss=0.3387 l2=0.2000 label_smoothing=0.050
D step=1/5 epoch=3/3 loss=0.3399 l2=0.2000 label_smoothing=0.050
D step=2/5 epoch=1/3 loss=0.3486 l2=0.2000 label_smoothing=0.050
D step=2/5 epoch=2/3 loss=0.3467 l2=0.2000 label_smoothing=0.050
D step=2/5 epoch=3/3 loss=0.3473 l2=0.2000 label_smoothing=0.050
D step=3/5 epoch=1/3 loss=0.3503 l2=0.2000 label_smoothing=0.050
D step=3/5 epoch=2/3 loss=0.3459 l2=0.2000 label_smoothing=0.050
D step=3/5 epoch=3/3 loss=0.3463 l2=0.2000 label_smoothing=0.050
D step=4/5 epoch=1/3 loss=0.3522 l2=0.2000 label_smoothing=0.050
D step=4/5 epoch=2/3 loss=0.3536 l2=0.2000 label_smoothing=0.050
D step=4/5 epoch=3/3 loss=0.3535 l2=0.2000 label_smoothing=0.050
D step=5/5 epoch=1/3 loss=0.3300 l2=0.2000 label_smoothing=0.050
D step=5/5 epoch=2/3 loss=0.3279 l2=0.2000 label_smoothing=0.050
D step=5/5 epoch=3/3 loss=0.3289 l2=0.2000 label_smoothing=0.050
ADV epoch=109/200 g_loss=0.0035 d_loss=0.3435 reward=0.1937 reward_var=0.0010 unique=0.0400
D step=1/5 epoch=1/3 loss=0.3528 l2=0.2000 label_smoothing=0.050
D step=1/5 epoch=2/3 loss=0.3552 l2=0.2000 label_smoothing=0.050
D step=1/5 epoch=3/3 loss=0.3524 l2=0.2000 label_smoothing=0.050
D step=2/5 epoch=1/3 loss=0.3475 l2=0.2000 label_smoothing=0.050
D step=2/5 epoch=2/3 loss=0.3460 l2=0.2000 label_smoothing=0.050
D step=2/5 epoch=3/3 loss=0.3481 l2=0.2000 label_smoothing=0.050
D step=3/5 epoch=1/3 loss=0.3221 l2=0.2000 label_smoothing=0.050
D step=3/5 epoch=2/3 loss=0.3261 l2=0.2000 label_smoothing=0.050
D step=3/5 epoch=3/3 loss=0.3277 l2=0.2000 label_smoothing=0.050
D step=4/5 epoch=1/3 loss=0.3413 l2=0.2000 label_smoothing=0.050
D step=4/5 epoch=2/3 loss=0.3406 l2=0.2000 label_smoothing=0.050
D step=4/5 epoch=3/3 loss=0.3407 l2=0.2000 label_smoothing=0.050
D step=5/5 epoch=1/3 loss=0.3499 l2=0.2000 label_smoothing=0.050
D step=5/5 epoch=2/3 loss=0.3510 l2=0.2000 label_smoothing=0.050
D step=5/5 epoch=3/3 loss=0.3566 l2=0.2000 label_smoothing=0.050
ADV epoch=110/200 g_loss=0.0005 d_loss=0.3439 reward=0.1800 reward_var=0.0004 unique=0.0200
D step=1/5 epoch=1/3 loss=0.3468 l2=0.2000 label_smoothing=0.050
D step=1/5 epoch=2/3 loss=0.3459 l2=0.2000 label_smoothing=0.050
D step=1/5 epoch=3/3 loss=0.3451 l2=0.2000 label_smoothing=0.050
D step=2/5 epoch=1/3 loss=0.3400 l2=0.2000 label_smoothing=0.050
D step=2/5 epoch=2/3 loss=0.3381 l2=0.2000 label_smoothing=0.050
D step=2/5 epoch=3/3 loss=0.3406 l2=0.2000 label_smoothing=0.050
D step=3/5 epoch=1/3 loss=0.3426 l2=0.2000 label_smoothing=0.050
D step=3/5 epoch=2/3 loss=0.3473 l2=0.2000 label_smoothing=0.050
D step=3/5 epoch=3/3 loss=0.3487 l2=0.2000 label_smoothing=0.050
D step=4/5 epoch=1/3 loss=0.3533 l2=0.2000 label_smoothing=0.050
D step=4/5 epoch=2/3 loss=0.3524 l2=0.2000 label_smoothing=0.050
D step=4/5 epoch=3/3 loss=0.3526 l2=0.2000 label_smoothing=0.050
D step=5/5 epoch=1/3 loss=0.3593 l2=0.2000 label_smoothing=0.050
D step=5/5 epoch=2/3 loss=0.3609 l2=0.2000 label_smoothing=0.050
D step=5/5 epoch=3/3 loss=0.3576 l2=0.2000 label_smoothing=0.050
ADV epoch=111/200 g_loss=0.0006 d_loss=0.3488 reward=0.2029 reward_var=0.0005 unique=0.0600
D step=1/5 epoch=1/3 loss=0.3366 l2=0.2000 label_smoothing=0.050
D step=1/5 epoch=2/3 loss=0.3346 l2=0.2000 label_smoothing=0.050
D step=1/5 epoch=3/3 loss=0.3319 l2=0.2000 label_smoothing=0.050
D step=2/5 epoch=1/3 loss=0.3286 l2=0.2000 label_smoothing=0.050
D step=2/5 epoch=2/3 loss=0.3285 l2=0.2000 label_smoothing=0.050
D step=2/5 epoch=3/3 loss=0.3296 l2=0.2000 label_smoothing=0.050
D step=3/5 epoch=1/3 loss=0.3146 l2=0.2000 label_smoothing=0.050
D step=3/5 epoch=2/3 loss=0.3174 l2=0.2000 label_smoothing=0.050
D step=3/5 epoch=3/3 loss=0.3138 l2=0.2000 label_smoothing=0.050
D step=4/5 epoch=1/3 loss=0.3332 l2=0.2000 label_smoothing=0.050
D step=4/5 epoch=2/3 loss=0.3367 l2=0.2000 label_smoothing=0.050
D step=4/5 epoch=3/3 loss=0.3338 l2=0.2000 label_smoothing=0.050
D step=5/5 epoch=1/3 loss=0.3376 l2=0.2000 label_smoothing=0.050
D step=5/5 epoch=2/3 loss=0.3395 l2=0.2000 label_smoothing=0.050
D step=5/5 epoch=3/3 loss=0.3422 l2=0.2000 label_smoothing=0.050
ADV epoch=112/200 g_loss=0.0008 d_loss=0.3306 reward=0.2088 reward_var=0.0006 unique=0.0200
D step=1/5 epoch=1/3 loss=0.3258 l2=0.2000 label_smoothing=0.050
D step=1/5 epoch=2/3 loss=0.3241 l2=0.2000 label_smoothing=0.050
D step=1/5 epoch=3/3 loss=0.3230 l2=0.2000 label_smoothing=0.050
D step=2/5 epoch=1/3 loss=0.3550 l2=0.2000 label_smoothing=0.050
D step=2/5 epoch=2/3 loss=0.3537 l2=0.2000 label_smoothing=0.050
D step=2/5 epoch=3/3 loss=0.3528 l2=0.2000 label_smoothing=0.050
D step=3/5 epoch=1/3 loss=0.3410 l2=0.2000 label_smoothing=0.050
D step=3/5 epoch=2/3 loss=0.3375 l2=0.2000 label_smoothing=0.050
D step=3/5 epoch=3/3 loss=0.3413 l2=0.2000 label_smoothing=0.050
D step=4/5 epoch=1/3 loss=0.3509 l2=0.2000 label_smoothing=0.050
D step=4/5 epoch=2/3 loss=0.3531 l2=0.2000 label_smoothing=0.050
D step=4/5 epoch=3/3 loss=0.3515 l2=0.2000 label_smoothing=0.050
D step=5/5 epoch=1/3 loss=0.3544 l2=0.2000 label_smoothing=0.050
D step=5/5 epoch=2/3 loss=0.3556 l2=0.2000 label_smoothing=0.050
D step=5/5 epoch=3/3 loss=0.3516 l2=0.2000 label_smoothing=0.050
ADV epoch=113/200 g_loss=0.0021 d_loss=0.3448 reward=0.1856 reward_var=0.0006 unique=0.0200
D step=1/5 epoch=1/3 loss=0.3501 l2=0.2000 label_smoothing=0.050
D step=1/5 epoch=2/3 loss=0.3484 l2=0.2000 label_smoothing=0.050
D step=1/5 epoch=3/3 loss=0.3490 l2=0.2000 label_smoothing=0.050
D step=2/5 epoch=1/3 loss=0.3457 l2=0.2000 label_smoothing=0.050
D step=2/5 epoch=2/3 loss=0.3416 l2=0.2000 label_smoothing=0.050
D step=2/5 epoch=3/3 loss=0.3383 l2=0.2000 label_smoothing=0.050
D step=3/5 epoch=1/3 loss=0.3386 l2=0.2000 label_smoothing=0.050
D step=3/5 epoch=2/3 loss=0.3370 l2=0.2000 label_smoothing=0.050
D step=3/5 epoch=3/3 loss=0.3362 l2=0.2000 label_smoothing=0.050
D step=4/5 epoch=1/3 loss=0.3653 l2=0.2000 label_smoothing=0.050
D step=4/5 epoch=2/3 loss=0.3625 l2=0.2000 label_smoothing=0.050
D step=4/5 epoch=3/3 loss=0.3666 l2=0.2000 label_smoothing=0.050
D step=5/5 epoch=1/3 loss=0.3359 l2=0.2000 label_smoothing=0.050
D step=5/5 epoch=2/3 loss=0.3362 l2=0.2000 label_smoothing=0.050
D step=5/5 epoch=3/3 loss=0.3356 l2=0.2000 label_smoothing=0.050
ADV epoch=114/200 g_loss=0.0002 d_loss=0.3458 reward=0.2066 reward_var=0.0000 unique=0.0200
D step=1/5 epoch=1/3 loss=0.3399 l2=0.2000 label_smoothing=0.050
D step=1/5 epoch=2/3 loss=0.3380 l2=0.2000 label_smoothing=0.050
D step=1/5 epoch=3/3 loss=0.3403 l2=0.2000 label_smoothing=0.050
D step=2/5 epoch=1/3 loss=0.3468 l2=0.2000 label_smoothing=0.050
D step=2/5 epoch=2/3 loss=0.3482 l2=0.2000 label_smoothing=0.050
D step=2/5 epoch=3/3 loss=0.3485 l2=0.2000 label_smoothing=0.050
D step=3/5 epoch=1/3 loss=0.3415 l2=0.2000 label_smoothing=0.050
D step=3/5 epoch=2/3 loss=0.3423 l2=0.2000 label_smoothing=0.050
D step=3/5 epoch=3/3 loss=0.3435 l2=0.2000 label_smoothing=0.050
D step=4/5 epoch=1/3 loss=0.3344 l2=0.2000 label_smoothing=0.050
D step=4/5 epoch=2/3 loss=0.3382 l2=0.2000 label_smoothing=0.050
D step=4/5 epoch=3/3 loss=0.3354 l2=0.2000 label_smoothing=0.050
D step=5/5 epoch=1/3 loss=0.3386 l2=0.2000 label_smoothing=0.050
D step=5/5 epoch=2/3 loss=0.3396 l2=0.2000 label_smoothing=0.050
D step=5/5 epoch=3/3 loss=0.3416 l2=0.2000 label_smoothing=0.050
ADV epoch=115/200 g_loss=0.0002 d_loss=0.3411 reward=0.1955 reward_var=0.0000 unique=0.0200
D step=1/5 epoch=1/3 loss=0.3668 l2=0.2000 label_smoothing=0.050
D step=1/5 epoch=2/3 loss=0.3626 l2=0.2000 label_smoothing=0.050
D step=1/5 epoch=3/3 loss=0.3636 l2=0.2000 label_smoothing=0.050
D step=2/5 epoch=1/3 loss=0.3634 l2=0.2000 label_smoothing=0.050
D step=2/5 epoch=2/3 loss=0.3633 l2=0.2000 label_smoothing=0.050
D step=2/5 epoch=3/3 loss=0.3663 l2=0.2000 label_smoothing=0.050
D step=3/5 epoch=1/3 loss=0.3416 l2=0.2000 label_smoothing=0.050
D step=3/5 epoch=2/3 loss=0.3406 l2=0.2000 label_smoothing=0.050
D step=3/5 epoch=3/3 loss=0.3388 l2=0.2000 label_smoothing=0.050
D step=4/5 epoch=1/3 loss=0.3399 l2=0.2000 label_smoothing=0.050
D step=4/5 epoch=2/3 loss=0.3433 l2=0.2000 label_smoothing=0.050
D step=4/5 epoch=3/3 loss=0.3417 l2=0.2000 label_smoothing=0.050
D step=5/5 epoch=1/3 loss=0.3442 l2=0.2000 label_smoothing=0.050
D step=5/5 epoch=2/3 loss=0.3496 l2=0.2000 label_smoothing=0.050
D step=5/5 epoch=3/3 loss=0.3463 l2=0.2000 label_smoothing=0.050
ADV epoch=116/200 g_loss=0.0006 d_loss=0.3515 reward=0.1929 reward_var=0.0005 unique=0.0400
D step=1/5 epoch=1/3 loss=0.3361 l2=0.2000 label_smoothing=0.050
D step=1/5 epoch=2/3 loss=0.3354 l2=0.2000 label_smoothing=0.050
D step=1/5 epoch=3/3 loss=0.3375 l2=0.2000 label_smoothing=0.050
D step=2/5 epoch=1/3 loss=0.3364 l2=0.2000 label_smoothing=0.050
D step=2/5 epoch=2/3 loss=0.3385 l2=0.2000 label_smoothing=0.050
D step=2/5 epoch=3/3 loss=0.3337 l2=0.2000 label_smoothing=0.050
D step=3/5 epoch=1/3 loss=0.3490 l2=0.2000 label_smoothing=0.050
D step=3/5 epoch=2/3 loss=0.3498 l2=0.2000 label_smoothing=0.050
D step=3/5 epoch=3/3 loss=0.3464 l2=0.2000 label_smoothing=0.050
D step=4/5 epoch=1/3 loss=0.3277 l2=0.2000 label_smoothing=0.050
D step=4/5 epoch=2/3 loss=0.3264 l2=0.2000 label_smoothing=0.050
D step=4/5 epoch=3/3 loss=0.3273 l2=0.2000 label_smoothing=0.050
D step=5/5 epoch=1/3 loss=0.3480 l2=0.2000 label_smoothing=0.050
D step=5/5 epoch=2/3 loss=0.3498 l2=0.2000 label_smoothing=0.050
D step=5/5 epoch=3/3 loss=0.3445 l2=0.2000 label_smoothing=0.050
ADV epoch=117/200 g_loss=0.0002 d_loss=0.3391 reward=0.2038 reward_var=0.0000 unique=0.0400
D step=1/5 epoch=1/3 loss=0.3370 l2=0.2000 label_smoothing=0.050
D step=1/5 epoch=2/3 loss=0.3338 l2=0.2000 label_smoothing=0.050
D step=1/5 epoch=3/3 loss=0.3328 l2=0.2000 label_smoothing=0.050
D step=2/5 epoch=1/3 loss=0.3353 l2=0.2000 label_smoothing=0.050
D step=2/5 epoch=2/3 loss=0.3355 l2=0.2000 label_smoothing=0.050
D step=2/5 epoch=3/3 loss=0.3354 l2=0.2000 label_smoothing=0.050
D step=3/5 epoch=1/3 loss=0.3385 l2=0.2000 label_smoothing=0.050
D step=3/5 epoch=2/3 loss=0.3423 l2=0.2000 label_smoothing=0.050
D step=3/5 epoch=3/3 loss=0.3393 l2=0.2000 label_smoothing=0.050
D step=4/5 epoch=1/3 loss=0.3272 l2=0.2000 label_smoothing=0.050
D step=4/5 epoch=2/3 loss=0.3273 l2=0.2000 label_smoothing=0.050
D step=4/5 epoch=3/3 loss=0.3307 l2=0.2000 label_smoothing=0.050
D step=5/5 epoch=1/3 loss=0.3252 l2=0.2000 label_smoothing=0.050
D step=5/5 epoch=2/3 loss=0.3202 l2=0.2000 label_smoothing=0.050
D step=5/5 epoch=3/3 loss=0.3231 l2=0.2000 label_smoothing=0.050
ADV epoch=118/200 g_loss=0.0004 d_loss=0.3322 reward=0.1991 reward_var=0.0001 unique=0.0200
D step=1/5 epoch=1/3 loss=0.3361 l2=0.2000 label_smoothing=0.050
D step=1/5 epoch=2/3 loss=0.3361 l2=0.2000 label_smoothing=0.050
D step=1/5 epoch=3/3 loss=0.3332 l2=0.2000 label_smoothing=0.050
D step=2/5 epoch=1/3 loss=0.3350 l2=0.2000 label_smoothing=0.050
D step=2/5 epoch=2/3 loss=0.3345 l2=0.2000 label_smoothing=0.050
D step=2/5 epoch=3/3 loss=0.3348 l2=0.2000 label_smoothing=0.050
D step=3/5 epoch=1/3 loss=0.3386 l2=0.2000 label_smoothing=0.050
D step=3/5 epoch=2/3 loss=0.3363 l2=0.2000 label_smoothing=0.050
D step=3/5 epoch=3/3 loss=0.3362 l2=0.2000 label_smoothing=0.050
D step=4/5 epoch=1/3 loss=0.3463 l2=0.2000 label_smoothing=0.050
D step=4/5 epoch=2/3 loss=0.3473 l2=0.2000 label_smoothing=0.050
D step=4/5 epoch=3/3 loss=0.3468 l2=0.2000 label_smoothing=0.050
D step=5/5 epoch=1/3 loss=0.3299 l2=0.2000 label_smoothing=0.050
D step=5/5 epoch=2/3 loss=0.3298 l2=0.2000 label_smoothing=0.050
D step=5/5 epoch=3/3 loss=0.3301 l2=0.2000 label_smoothing=0.050
ADV epoch=119/200 g_loss=0.0005 d_loss=0.3367 reward=0.1736 reward_var=0.0004 unique=0.0600
D step=1/5 epoch=1/3 loss=0.3407 l2=0.2000 label_smoothing=0.050
D step=1/5 epoch=2/3 loss=0.3431 l2=0.2000 label_smoothing=0.050
D step=1/5 epoch=3/3 loss=0.3405 l2=0.2000 label_smoothing=0.050
D step=2/5 epoch=1/3 loss=0.3426 l2=0.2000 label_smoothing=0.050
D step=2/5 epoch=2/3 loss=0.3420 l2=0.2000 label_smoothing=0.050
D step=2/5 epoch=3/3 loss=0.3410 l2=0.2000 label_smoothing=0.050
D step=3/5 epoch=1/3 loss=0.3351 l2=0.2000 label_smoothing=0.050
D step=3/5 epoch=2/3 loss=0.3323 l2=0.2000 label_smoothing=0.050
D step=3/5 epoch=3/3 loss=0.3341 l2=0.2000 label_smoothing=0.050
D step=4/5 epoch=1/3 loss=0.3251 l2=0.2000 label_smoothing=0.050
D step=4/5 epoch=2/3 loss=0.3266 l2=0.2000 label_smoothing=0.050
D step=4/5 epoch=3/3 loss=0.3304 l2=0.2000 label_smoothing=0.050
D step=5/5 epoch=1/3 loss=0.3411 l2=0.2000 label_smoothing=0.050
D step=5/5 epoch=2/3 loss=0.3416 l2=0.2000 label_smoothing=0.050
D step=5/5 epoch=3/3 loss=0.3433 l2=0.2000 label_smoothing=0.050
ADV epoch=120/200 g_loss=0.0004 d_loss=0.3373 reward=0.1774 reward_var=0.0001 unique=0.0200
D step=1/5 epoch=1/3 loss=0.3623 l2=0.2000 label_smoothing=0.050
D step=1/5 epoch=2/3 loss=0.3582 l2=0.2000 label_smoothing=0.050
D step=1/5 epoch=3/3 loss=0.3565 l2=0.2000 label_smoothing=0.050
D step=2/5 epoch=1/3 loss=0.3245 l2=0.2000 label_smoothing=0.050
D step=2/5 epoch=2/3 loss=0.3237 l2=0.2000 label_smoothing=0.050
D step=2/5 epoch=3/3 loss=0.3210 l2=0.2000 label_smoothing=0.050
D step=3/5 epoch=1/3 loss=0.3475 l2=0.2000 label_smoothing=0.050
D step=3/5 epoch=2/3 loss=0.3496 l2=0.2000 label_smoothing=0.050
D step=3/5 epoch=3/3 loss=0.3508 l2=0.2000 label_smoothing=0.050
D step=4/5 epoch=1/3 loss=0.3477 l2=0.2000 label_smoothing=0.050
D step=4/5 epoch=2/3 loss=0.3458 l2=0.2000 label_smoothing=0.050
D step=4/5 epoch=3/3 loss=0.3477 l2=0.2000 label_smoothing=0.050
D step=5/5 epoch=1/3 loss=0.3569 l2=0.2000 label_smoothing=0.050
D step=5/5 epoch=2/3 loss=0.3589 l2=0.2000 label_smoothing=0.050
D step=5/5 epoch=3/3 loss=0.3599 l2=0.2000 label_smoothing=0.050
ADV epoch=121/200 g_loss=0.0002 d_loss=0.3474 reward=0.1840 reward_var=0.0000 unique=0.1000
D step=1/5 epoch=1/3 loss=0.3323 l2=0.2000 label_smoothing=0.050
D step=1/5 epoch=2/3 loss=0.3319 l2=0.2000 label_smoothing=0.050
D step=1/5 epoch=3/3 loss=0.3296 l2=0.2000 label_smoothing=0.050
D step=2/5 epoch=1/3 loss=0.3306 l2=0.2000 label_smoothing=0.050
D step=2/5 epoch=2/3 loss=0.3307 l2=0.2000 label_smoothing=0.050
D step=2/5 epoch=3/3 loss=0.3300 l2=0.2000 label_smoothing=0.050
D step=3/5 epoch=1/3 loss=0.3380 l2=0.2000 label_smoothing=0.050
D step=3/5 epoch=2/3 loss=0.3412 l2=0.2000 label_smoothing=0.050
D step=3/5 epoch=3/3 loss=0.3389 l2=0.2000 label_smoothing=0.050
D step=4/5 epoch=1/3 loss=0.3374 l2=0.2000 label_smoothing=0.050
D step=4/5 epoch=2/3 loss=0.3398 l2=0.2000 label_smoothing=0.050
D step=4/5 epoch=3/3 loss=0.3445 l2=0.2000 label_smoothing=0.050
D step=5/5 epoch=1/3 loss=0.3220 l2=0.2000 label_smoothing=0.050
D step=5/5 epoch=2/3 loss=0.3235 l2=0.2000 label_smoothing=0.050
D step=5/5 epoch=3/3 loss=0.3250 l2=0.2000 label_smoothing=0.050
ADV epoch=122/200 g_loss=0.0009 d_loss=0.3330 reward=0.2047 reward_var=0.0006 unique=0.0600
D step=1/5 epoch=1/3 loss=0.3420 l2=0.2000 label_smoothing=0.050
D step=1/5 epoch=2/3 loss=0.3434 l2=0.2000 label_smoothing=0.050
D step=1/5 epoch=3/3 loss=0.3421 l2=0.2000 label_smoothing=0.050
D step=2/5 epoch=1/3 loss=0.3609 l2=0.2000 label_smoothing=0.050
D step=2/5 epoch=2/3 loss=0.3581 l2=0.2000 label_smoothing=0.050
D step=2/5 epoch=3/3 loss=0.3590 l2=0.2000 label_smoothing=0.050
D step=3/5 epoch=1/3 loss=0.3327 l2=0.2000 label_smoothing=0.050
D step=3/5 epoch=2/3 loss=0.3267 l2=0.2000 label_smoothing=0.050
D step=3/5 epoch=3/3 loss=0.3305 l2=0.2000 label_smoothing=0.050
D step=4/5 epoch=1/3 loss=0.3581 l2=0.2000 label_smoothing=0.050
D step=4/5 epoch=2/3 loss=0.3610 l2=0.2000 label_smoothing=0.050
D step=4/5 epoch=3/3 loss=0.3579 l2=0.2000 label_smoothing=0.050
D step=5/5 epoch=1/3 loss=0.3527 l2=0.2000 label_smoothing=0.050
D step=5/5 epoch=2/3 loss=0.3510 l2=0.2000 label_smoothing=0.050
D step=5/5 epoch=3/3 loss=0.3516 l2=0.2000 label_smoothing=0.050
ADV epoch=123/200 g_loss=0.0004 d_loss=0.3485 reward=0.1762 reward_var=0.0003 unique=0.0600
D step=1/5 epoch=1/3 loss=0.3338 l2=0.2000 label_smoothing=0.050
D step=1/5 epoch=2/3 loss=0.3391 l2=0.2000 label_smoothing=0.050
D step=1/5 epoch=3/3 loss=0.3342 l2=0.2000 label_smoothing=0.050
D step=2/5 epoch=1/3 loss=0.3361 l2=0.2000 label_smoothing=0.050
D step=2/5 epoch=2/3 loss=0.3335 l2=0.2000 label_smoothing=0.050
D step=2/5 epoch=3/3 loss=0.3344 l2=0.2000 label_smoothing=0.050
D step=3/5 epoch=1/3 loss=0.3377 l2=0.2000 label_smoothing=0.050
D step=3/5 epoch=2/3 loss=0.3362 l2=0.2000 label_smoothing=0.050
D step=3/5 epoch=3/3 loss=0.3322 l2=0.2000 label_smoothing=0.050
D step=4/5 epoch=1/3 loss=0.3307 l2=0.2000 label_smoothing=0.050
D step=4/5 epoch=2/3 loss=0.3375 l2=0.2000 label_smoothing=0.050
D step=4/5 epoch=3/3 loss=0.3332 l2=0.2000 label_smoothing=0.050
D step=5/5 epoch=1/3 loss=0.3432 l2=0.2000 label_smoothing=0.050
D step=5/5 epoch=2/3 loss=0.3472 l2=0.2000 label_smoothing=0.050
D step=5/5 epoch=3/3 loss=0.3485 l2=0.2000 label_smoothing=0.050
ADV epoch=124/200 g_loss=0.0006 d_loss=0.3372 reward=0.2107 reward_var=0.0004 unique=0.0400
D step=1/5 epoch=1/3 loss=0.3345 l2=0.2000 label_smoothing=0.050
D step=1/5 epoch=2/3 loss=0.3338 l2=0.2000 label_smoothing=0.050
D step=1/5 epoch=3/3 loss=0.3320 l2=0.2000 label_smoothing=0.050
D step=2/5 epoch=1/3 loss=0.3386 l2=0.2000 label_smoothing=0.050
D step=2/5 epoch=2/3 loss=0.3354 l2=0.2000 label_smoothing=0.050
D step=2/5 epoch=3/3 loss=0.3365 l2=0.2000 label_smoothing=0.050
D step=3/5 epoch=1/3 loss=0.3408 l2=0.2000 label_smoothing=0.050
D step=3/5 epoch=2/3 loss=0.3392 l2=0.2000 label_smoothing=0.050
D step=3/5 epoch=3/3 loss=0.3400 l2=0.2000 label_smoothing=0.050
D step=4/5 epoch=1/3 loss=0.3453 l2=0.2000 label_smoothing=0.050
D step=4/5 epoch=2/3 loss=0.3451 l2=0.2000 label_smoothing=0.050
D step=4/5 epoch=3/3 loss=0.3391 l2=0.2000 label_smoothing=0.050
D step=5/5 epoch=1/3 loss=0.3420 l2=0.2000 label_smoothing=0.050
D step=5/5 epoch=2/3 loss=0.3415 l2=0.2000 label_smoothing=0.050
D step=5/5 epoch=3/3 loss=0.3408 l2=0.2000 label_smoothing=0.050
ADV epoch=125/200 g_loss=0.0002 d_loss=0.3390 reward=0.1939 reward_var=0.0000 unique=0.0400
D step=1/5 epoch=1/3 loss=0.3255 l2=0.2000 label_smoothing=0.050
D step=1/5 epoch=2/3 loss=0.3283 l2=0.2000 label_smoothing=0.050
D step=1/5 epoch=3/3 loss=0.3219 l2=0.2000 label_smoothing=0.050
D step=2/5 epoch=1/3 loss=0.3466 l2=0.2000 label_smoothing=0.050
D step=2/5 epoch=2/3 loss=0.3470 l2=0.2000 label_smoothing=0.050
D step=2/5 epoch=3/3 loss=0.3434 l2=0.2000 label_smoothing=0.050
D step=3/5 epoch=1/3 loss=0.3396 l2=0.2000 label_smoothing=0.050
D step=3/5 epoch=2/3 loss=0.3385 l2=0.2000 label_smoothing=0.050
D step=3/5 epoch=3/3 loss=0.3378 l2=0.2000 label_smoothing=0.050
D step=4/5 epoch=1/3 loss=0.3442 l2=0.2000 label_smoothing=0.050
D step=4/5 epoch=2/3 loss=0.3494 l2=0.2000 label_smoothing=0.050
D step=4/5 epoch=3/3 loss=0.3490 l2=0.2000 label_smoothing=0.050
D step=5/5 epoch=1/3 loss=0.3415 l2=0.2000 label_smoothing=0.050
D step=5/5 epoch=2/3 loss=0.3405 l2=0.2000 label_smoothing=0.050
D step=5/5 epoch=3/3 loss=0.3414 l2=0.2000 label_smoothing=0.050
ADV epoch=126/200 g_loss=0.0005 d_loss=0.3396 reward=0.1809 reward_var=0.0000 unique=0.0400
D step=1/5 epoch=1/3 loss=0.3302 l2=0.2000 label_smoothing=0.050
D step=1/5 epoch=2/3 loss=0.3301 l2=0.2000 label_smoothing=0.050
D step=1/5 epoch=3/3 loss=0.3322 l2=0.2000 label_smoothing=0.050
D step=2/5 epoch=1/3 loss=0.3284 l2=0.2000 label_smoothing=0.050
D step=2/5 epoch=2/3 loss=0.3292 l2=0.2000 label_smoothing=0.050
D step=2/5 epoch=3/3 loss=0.3331 l2=0.2000 label_smoothing=0.050
D step=3/5 epoch=1/3 loss=0.3457 l2=0.2000 label_smoothing=0.050
D step=3/5 epoch=2/3 loss=0.3436 l2=0.2000 label_smoothing=0.050
D step=3/5 epoch=3/3 loss=0.3412 l2=0.2000 label_smoothing=0.050
D step=4/5 epoch=1/3 loss=0.3341 l2=0.2000 label_smoothing=0.050
D step=4/5 epoch=2/3 loss=0.3316 l2=0.2000 label_smoothing=0.050
D step=4/5 epoch=3/3 loss=0.3340 l2=0.2000 label_smoothing=0.050
D step=5/5 epoch=1/3 loss=0.3297 l2=0.2000 label_smoothing=0.050
D step=5/5 epoch=2/3 loss=0.3285 l2=0.2000 label_smoothing=0.050
D step=5/5 epoch=3/3 loss=0.3309 l2=0.2000 label_smoothing=0.050
ADV epoch=127/200 g_loss=0.0008 d_loss=0.3335 reward=0.1926 reward_var=0.0005 unique=0.0400
D step=1/5 epoch=1/3 loss=0.3436 l2=0.2000 label_smoothing=0.050
D step=1/5 epoch=2/3 loss=0.3375 l2=0.2000 label_smoothing=0.050
D step=1/5 epoch=3/3 loss=0.3434 l2=0.2000 label_smoothing=0.050
D step=2/5 epoch=1/3 loss=0.3391 l2=0.2000 label_smoothing=0.050
D step=2/5 epoch=2/3 loss=0.3393 l2=0.2000 label_smoothing=0.050
D step=2/5 epoch=3/3 loss=0.3418 l2=0.2000 label_smoothing=0.050
D step=3/5 epoch=1/3 loss=0.3100 l2=0.2000 label_smoothing=0.050
D step=3/5 epoch=2/3 loss=0.3109 l2=0.2000 label_smoothing=0.050
D step=3/5 epoch=3/3 loss=0.3124 l2=0.2000 label_smoothing=0.050
D step=4/5 epoch=1/3 loss=0.3434 l2=0.2000 label_smoothing=0.050
D step=4/5 epoch=2/3 loss=0.3425 l2=0.2000 label_smoothing=0.050
D step=4/5 epoch=3/3 loss=0.3381 l2=0.2000 label_smoothing=0.050
D step=5/5 epoch=1/3 loss=0.3420 l2=0.2000 label_smoothing=0.050
D step=5/5 epoch=2/3 loss=0.3404 l2=0.2000 label_smoothing=0.050
D step=5/5 epoch=3/3 loss=0.3401 l2=0.2000 label_smoothing=0.050
ADV epoch=128/200 g_loss=0.0005 d_loss=0.3350 reward=0.1693 reward_var=0.0003 unique=0.0200
D step=1/5 epoch=1/3 loss=0.3466 l2=0.2000 label_smoothing=0.050
D step=1/5 epoch=2/3 loss=0.3482 l2=0.2000 label_smoothing=0.050
D step=1/5 epoch=3/3 loss=0.3492 l2=0.2000 label_smoothing=0.050
D step=2/5 epoch=1/3 loss=0.3560 l2=0.2000 label_smoothing=0.050
D step=2/5 epoch=2/3 loss=0.3547 l2=0.2000 label_smoothing=0.050
D step=2/5 epoch=3/3 loss=0.3601 l2=0.2000 label_smoothing=0.050
D step=3/5 epoch=1/3 loss=0.3414 l2=0.2000 label_smoothing=0.050
D step=3/5 epoch=2/3 loss=0.3408 l2=0.2000 label_smoothing=0.050
D step=3/5 epoch=3/3 loss=0.3432 l2=0.2000 label_smoothing=0.050
D step=4/5 epoch=1/3 loss=0.3315 l2=0.2000 label_smoothing=0.050
D step=4/5 epoch=2/3 loss=0.3290 l2=0.2000 label_smoothing=0.050
D step=4/5 epoch=3/3 loss=0.3302 l2=0.2000 label_smoothing=0.050
D step=5/5 epoch=1/3 loss=0.3359 l2=0.2000 label_smoothing=0.050
D step=5/5 epoch=2/3 loss=0.3349 l2=0.2000 label_smoothing=0.050
D step=5/5 epoch=3/3 loss=0.3353 l2=0.2000 label_smoothing=0.050
ADV epoch=129/200 g_loss=0.0004 d_loss=0.3425 reward=0.2025 reward_var=0.0003 unique=0.0400
D step=1/5 epoch=1/3 loss=0.3452 l2=0.2000 label_smoothing=0.050
D step=1/5 epoch=2/3 loss=0.3423 l2=0.2000 label_smoothing=0.050
D step=1/5 epoch=3/3 loss=0.3416 l2=0.2000 label_smoothing=0.050
D step=2/5 epoch=1/3 loss=0.3474 l2=0.2000 label_smoothing=0.050
D step=2/5 epoch=2/3 loss=0.3465 l2=0.2000 label_smoothing=0.050
D step=2/5 epoch=3/3 loss=0.3460 l2=0.2000 label_smoothing=0.050
D step=3/5 epoch=1/3 loss=0.3291 l2=0.2000 label_smoothing=0.050
D step=3/5 epoch=2/3 loss=0.3304 l2=0.2000 label_smoothing=0.050
D step=3/5 epoch=3/3 loss=0.3289 l2=0.2000 label_smoothing=0.050
D step=4/5 epoch=1/3 loss=0.3272 l2=0.2000 label_smoothing=0.050
D step=4/5 epoch=2/3 loss=0.3284 l2=0.2000 label_smoothing=0.050
D step=4/5 epoch=3/3 loss=0.3265 l2=0.2000 label_smoothing=0.050
D step=5/5 epoch=1/3 loss=0.3482 l2=0.2000 label_smoothing=0.050
D step=5/5 epoch=2/3 loss=0.3455 l2=0.2000 label_smoothing=0.050
D step=5/5 epoch=3/3 loss=0.3460 l2=0.2000 label_smoothing=0.050
ADV epoch=130/200 g_loss=0.0001 d_loss=0.3386 reward=0.1790 reward_var=0.0000 unique=0.0400
D step=1/5 epoch=1/3 loss=0.3344 l2=0.2000 label_smoothing=0.050
D step=1/5 epoch=2/3 loss=0.3337 l2=0.2000 label_smoothing=0.050
D step=1/5 epoch=3/3 loss=0.3359 l2=0.2000 label_smoothing=0.050
D step=2/5 epoch=1/3 loss=0.3355 l2=0.2000 label_smoothing=0.050
D step=2/5 epoch=2/3 loss=0.3362 l2=0.2000 label_smoothing=0.050
D step=2/5 epoch=3/3 loss=0.3340 l2=0.2000 label_smoothing=0.050
D step=3/5 epoch=1/3 loss=0.3513 l2=0.2000 label_smoothing=0.050
D step=3/5 epoch=2/3 loss=0.3517 l2=0.2000 label_smoothing=0.050
D step=3/5 epoch=3/3 loss=0.3537 l2=0.2000 label_smoothing=0.050
D step=4/5 epoch=1/3 loss=0.3253 l2=0.2000 label_smoothing=0.050
D step=4/5 epoch=2/3 loss=0.3243 l2=0.2000 label_smoothing=0.050
D step=4/5 epoch=3/3 loss=0.3233 l2=0.2000 label_smoothing=0.050
D step=5/5 epoch=1/3 loss=0.3611 l2=0.2000 label_smoothing=0.050
D step=5/5 epoch=2/3 loss=0.3606 l2=0.2000 label_smoothing=0.050
D step=5/5 epoch=3/3 loss=0.3595 l2=0.2000 label_smoothing=0.050
ADV epoch=131/200 g_loss=0.0007 d_loss=0.3414 reward=0.1889 reward_var=0.0006 unique=0.0200
D step=1/5 epoch=1/3 loss=0.3252 l2=0.2000 label_smoothing=0.050
D step=1/5 epoch=2/3 loss=0.3229 l2=0.2000 label_smoothing=0.050
D step=1/5 epoch=3/3 loss=0.3237 l2=0.2000 label_smoothing=0.050
D step=2/5 epoch=1/3 loss=0.3461 l2=0.2000 label_smoothing=0.050
D step=2/5 epoch=2/3 loss=0.3472 l2=0.2000 label_smoothing=0.050
D step=2/5 epoch=3/3 loss=0.3465 l2=0.2000 label_smoothing=0.050
D step=3/5 epoch=1/3 loss=0.3329 l2=0.2000 label_smoothing=0.050
D step=3/5 epoch=2/3 loss=0.3384 l2=0.2000 label_smoothing=0.050
D step=3/5 epoch=3/3 loss=0.3354 l2=0.2000 label_smoothing=0.050
D step=4/5 epoch=1/3 loss=0.3408 l2=0.2000 label_smoothing=0.050
D step=4/5 epoch=2/3 loss=0.3410 l2=0.2000 label_smoothing=0.050
D step=4/5 epoch=3/3 loss=0.3425 l2=0.2000 label_smoothing=0.050
D step=5/5 epoch=1/3 loss=0.3403 l2=0.2000 label_smoothing=0.050
D step=5/5 epoch=2/3 loss=0.3420 l2=0.2000 label_smoothing=0.050
D step=5/5 epoch=3/3 loss=0.3400 l2=0.2000 label_smoothing=0.050
ADV epoch=132/200 g_loss=0.0002 d_loss=0.3377 reward=0.1905 reward_var=0.0000 unique=0.0400
D step=1/5 epoch=1/3 loss=0.3317 l2=0.2000 label_smoothing=0.050
D step=1/5 epoch=2/3 loss=0.3306 l2=0.2000 label_smoothing=0.050
D step=1/5 epoch=3/3 loss=0.3272 l2=0.2000 label_smoothing=0.050
D step=2/5 epoch=1/3 loss=0.3356 l2=0.2000 label_smoothing=0.050
D step=2/5 epoch=2/3 loss=0.3371 l2=0.2000 label_smoothing=0.050
D step=2/5 epoch=3/3 loss=0.3369 l2=0.2000 label_smoothing=0.050
D step=3/5 epoch=1/3 loss=0.3387 l2=0.2000 label_smoothing=0.050
D step=3/5 epoch=2/3 loss=0.3413 l2=0.2000 label_smoothing=0.050
D step=3/5 epoch=3/3 loss=0.3431 l2=0.2000 label_smoothing=0.050
D step=4/5 epoch=1/3 loss=0.3648 l2=0.2000 label_smoothing=0.050
D step=4/5 epoch=2/3 loss=0.3622 l2=0.2000 label_smoothing=0.050
D step=4/5 epoch=3/3 loss=0.3637 l2=0.2000 label_smoothing=0.050
D step=5/5 epoch=1/3 loss=0.3382 l2=0.2000 label_smoothing=0.050
D step=5/5 epoch=2/3 loss=0.3369 l2=0.2000 label_smoothing=0.050
D step=5/5 epoch=3/3 loss=0.3339 l2=0.2000 label_smoothing=0.050
ADV epoch=133/200 g_loss=0.0018 d_loss=0.3415 reward=0.1955 reward_var=0.0004 unique=0.0400
D step=1/5 epoch=1/3 loss=0.3448 l2=0.2000 label_smoothing=0.050
D step=1/5 epoch=2/3 loss=0.3436 l2=0.2000 label_smoothing=0.050
D step=1/5 epoch=3/3 loss=0.3415 l2=0.2000 label_smoothing=0.050
D step=2/5 epoch=1/3 loss=0.3316 l2=0.2000 label_smoothing=0.050
D step=2/5 epoch=2/3 loss=0.3345 l2=0.2000 label_smoothing=0.050
D step=2/5 epoch=3/3 loss=0.3366 l2=0.2000 label_smoothing=0.050
D step=3/5 epoch=1/3 loss=0.3469 l2=0.2000 label_smoothing=0.050
D step=3/5 epoch=2/3 loss=0.3452 l2=0.2000 label_smoothing=0.050
D step=3/5 epoch=3/3 loss=0.3466 l2=0.2000 label_smoothing=0.050
D step=4/5 epoch=1/3 loss=0.3418 l2=0.2000 label_smoothing=0.050
D step=4/5 epoch=2/3 loss=0.3349 l2=0.2000 label_smoothing=0.050
D step=4/5 epoch=3/3 loss=0.3414 l2=0.2000 label_smoothing=0.050
D step=5/5 epoch=1/3 loss=0.3369 l2=0.2000 label_smoothing=0.050
D step=5/5 epoch=2/3 loss=0.3363 l2=0.2000 label_smoothing=0.050
D step=5/5 epoch=3/3 loss=0.3318 l2=0.2000 label_smoothing=0.050
ADV epoch=134/200 g_loss=0.0007 d_loss=0.3396 reward=0.1921 reward_var=0.0004 unique=0.0200
D step=1/5 epoch=1/3 loss=0.3319 l2=0.2000 label_smoothing=0.050
D step=1/5 epoch=2/3 loss=0.3356 l2=0.2000 label_smoothing=0.050
D step=1/5 epoch=3/3 loss=0.3341 l2=0.2000 label_smoothing=0.050
D step=2/5 epoch=1/3 loss=0.3358 l2=0.2000 label_smoothing=0.050
D step=2/5 epoch=2/3 loss=0.3349 l2=0.2000 label_smoothing=0.050
D step=2/5 epoch=3/3 loss=0.3346 l2=0.2000 label_smoothing=0.050
D step=3/5 epoch=1/3 loss=0.3487 l2=0.2000 label_smoothing=0.050
D step=3/5 epoch=2/3 loss=0.3458 l2=0.2000 label_smoothing=0.050
D step=3/5 epoch=3/3 loss=0.3467 l2=0.2000 label_smoothing=0.050
D step=4/5 epoch=1/3 loss=0.3330 l2=0.2000 label_smoothing=0.050
D step=4/5 epoch=2/3 loss=0.3346 l2=0.2000 label_smoothing=0.050
D step=4/5 epoch=3/3 loss=0.3340 l2=0.2000 label_smoothing=0.050
D step=5/5 epoch=1/3 loss=0.3485 l2=0.2000 label_smoothing=0.050
D step=5/5 epoch=2/3 loss=0.3463 l2=0.2000 label_smoothing=0.050
D step=5/5 epoch=3/3 loss=0.3530 l2=0.2000 label_smoothing=0.050
ADV epoch=135/200 g_loss=0.0003 d_loss=0.3398 reward=0.1873 reward_var=0.0003 unique=0.0400
D step=1/5 epoch=1/3 loss=0.3391 l2=0.2000 label_smoothing=0.050
D step=1/5 epoch=2/3 loss=0.3420 l2=0.2000 label_smoothing=0.050
D step=1/5 epoch=3/3 loss=0.3387 l2=0.2000 label_smoothing=0.050
D step=2/5 epoch=1/3 loss=0.3445 l2=0.2000 label_smoothing=0.050
D step=2/5 epoch=2/3 loss=0.3456 l2=0.2000 label_smoothing=0.050
D step=2/5 epoch=3/3 loss=0.3461 l2=0.2000 label_smoothing=0.050
D step=3/5 epoch=1/3 loss=0.3642 l2=0.2000 label_smoothing=0.050
D step=3/5 epoch=2/3 loss=0.3647 l2=0.2000 label_smoothing=0.050
D step=3/5 epoch=3/3 loss=0.3641 l2=0.2000 label_smoothing=0.050
D step=4/5 epoch=1/3 loss=0.3366 l2=0.2000 label_smoothing=0.050
D step=4/5 epoch=2/3 loss=0.3362 l2=0.2000 label_smoothing=0.050
D step=4/5 epoch=3/3 loss=0.3358 l2=0.2000 label_smoothing=0.050
D step=5/5 epoch=1/3 loss=0.3347 l2=0.2000 label_smoothing=0.050
D step=5/5 epoch=2/3 loss=0.3331 l2=0.2000 label_smoothing=0.050
D step=5/5 epoch=3/3 loss=0.3335 l2=0.2000 label_smoothing=0.050
ADV epoch=136/200 g_loss=0.0016 d_loss=0.3439 reward=0.1897 reward_var=0.0009 unique=0.0400
D step=1/5 epoch=1/3 loss=0.3313 l2=0.2000 label_smoothing=0.050
D step=1/5 epoch=2/3 loss=0.3270 l2=0.2000 label_smoothing=0.050
D step=1/5 epoch=3/3 loss=0.3272 l2=0.2000 label_smoothing=0.050
D step=2/5 epoch=1/3 loss=0.3369 l2=0.2000 label_smoothing=0.050
D step=2/5 epoch=2/3 loss=0.3345 l2=0.2000 label_smoothing=0.050
D step=2/5 epoch=3/3 loss=0.3343 l2=0.2000 label_smoothing=0.050
D step=3/5 epoch=1/3 loss=0.3206 l2=0.2000 label_smoothing=0.050
D step=3/5 epoch=2/3 loss=0.3232 l2=0.2000 label_smoothing=0.050
D step=3/5 epoch=3/3 loss=0.3221 l2=0.2000 label_smoothing=0.050
D step=4/5 epoch=1/3 loss=0.3136 l2=0.2000 label_smoothing=0.050
D step=4/5 epoch=2/3 loss=0.3122 l2=0.2000 label_smoothing=0.050
D step=4/5 epoch=3/3 loss=0.3116 l2=0.2000 label_smoothing=0.050
D step=5/5 epoch=1/3 loss=0.3290 l2=0.2000 label_smoothing=0.050
D step=5/5 epoch=2/3 loss=0.3273 l2=0.2000 label_smoothing=0.050
D step=5/5 epoch=3/3 loss=0.3291 l2=0.2000 label_smoothing=0.050
ADV epoch=137/200 g_loss=0.0001 d_loss=0.3253 reward=0.1745 reward_var=0.0000 unique=0.0400
D step=1/5 epoch=1/3 loss=0.3646 l2=0.2000 label_smoothing=0.050
D step=1/5 epoch=2/3 loss=0.3605 l2=0.2000 label_smoothing=0.050
D step=1/5 epoch=3/3 loss=0.3664 l2=0.2000 label_smoothing=0.050
D step=2/5 epoch=1/3 loss=0.3578 l2=0.2000 label_smoothing=0.050
D step=2/5 epoch=2/3 loss=0.3588 l2=0.2000 label_smoothing=0.050
D step=2/5 epoch=3/3 loss=0.3575 l2=0.2000 label_smoothing=0.050
D step=3/5 epoch=1/3 loss=0.3546 l2=0.2000 label_smoothing=0.050
D step=3/5 epoch=2/3 loss=0.3510 l2=0.2000 label_smoothing=0.050
D step=3/5 epoch=3/3 loss=0.3536 l2=0.2000 label_smoothing=0.050
D step=4/5 epoch=1/3 loss=0.3237 l2=0.2000 label_smoothing=0.050
D step=4/5 epoch=2/3 loss=0.3244 l2=0.2000 label_smoothing=0.050
D step=4/5 epoch=3/3 loss=0.3238 l2=0.2000 label_smoothing=0.050
D step=5/5 epoch=1/3 loss=0.3349 l2=0.2000 label_smoothing=0.050
D step=5/5 epoch=2/3 loss=0.3346 l2=0.2000 label_smoothing=0.050
D step=5/5 epoch=3/3 loss=0.3358 l2=0.2000 label_smoothing=0.050
ADV epoch=138/200 g_loss=0.0003 d_loss=0.3468 reward=0.1741 reward_var=0.0001 unique=0.0200
D step=1/5 epoch=1/3 loss=0.3245 l2=0.2000 label_smoothing=0.050
D step=1/5 epoch=2/3 loss=0.3223 l2=0.2000 label_smoothing=0.050
D step=1/5 epoch=3/3 loss=0.3264 l2=0.2000 label_smoothing=0.050
D step=2/5 epoch=1/3 loss=0.3353 l2=0.2000 label_smoothing=0.050
D step=2/5 epoch=2/3 loss=0.3362 l2=0.2000 label_smoothing=0.050
D step=2/5 epoch=3/3 loss=0.3363 l2=0.2000 label_smoothing=0.050
D step=3/5 epoch=1/3 loss=0.3507 l2=0.2000 label_smoothing=0.050
D step=3/5 epoch=2/3 loss=0.3526 l2=0.2000 label_smoothing=0.050
D step=3/5 epoch=3/3 loss=0.3490 l2=0.2000 label_smoothing=0.050
D step=4/5 epoch=1/3 loss=0.3188 l2=0.2000 label_smoothing=0.050
D step=4/5 epoch=2/3 loss=0.3210 l2=0.2000 label_smoothing=0.050
D step=4/5 epoch=3/3 loss=0.3158 l2=0.2000 label_smoothing=0.050
D step=5/5 epoch=1/3 loss=0.3180 l2=0.2000 label_smoothing=0.050
D step=5/5 epoch=2/3 loss=0.3168 l2=0.2000 label_smoothing=0.050
D step=5/5 epoch=3/3 loss=0.3150 l2=0.2000 label_smoothing=0.050
ADV epoch=139/200 g_loss=0.0001 d_loss=0.3292 reward=0.1738 reward_var=0.0000 unique=0.0200
D step=1/5 epoch=1/3 loss=0.3547 l2=0.2000 label_smoothing=0.050
D step=1/5 epoch=2/3 loss=0.3509 l2=0.2000 label_smoothing=0.050
D step=1/5 epoch=3/3 loss=0.3463 l2=0.2000 label_smoothing=0.050
D step=2/5 epoch=1/3 loss=0.3421 l2=0.2000 label_smoothing=0.050
D step=2/5 epoch=2/3 loss=0.3431 l2=0.2000 label_smoothing=0.050
D step=2/5 epoch=3/3 loss=0.3445 l2=0.2000 label_smoothing=0.050
D step=3/5 epoch=1/3 loss=0.3463 l2=0.2000 label_smoothing=0.050
D step=3/5 epoch=2/3 loss=0.3464 l2=0.2000 label_smoothing=0.050
D step=3/5 epoch=3/3 loss=0.3449 l2=0.2000 label_smoothing=0.050
D step=4/5 epoch=1/3 loss=0.3399 l2=0.2000 label_smoothing=0.050
D step=4/5 epoch=2/3 loss=0.3436 l2=0.2000 label_smoothing=0.050
D step=4/5 epoch=3/3 loss=0.3404 l2=0.2000 label_smoothing=0.050
D step=5/5 epoch=1/3 loss=0.3440 l2=0.2000 label_smoothing=0.050
D step=5/5 epoch=2/3 loss=0.3425 l2=0.2000 label_smoothing=0.050
D step=5/5 epoch=3/3 loss=0.3436 l2=0.2000 label_smoothing=0.050
ADV epoch=140/200 g_loss=0.0001 d_loss=0.3449 reward=0.1582 reward_var=0.0000 unique=0.0600
D step=1/5 epoch=1/3 loss=0.3577 l2=0.2000 label_smoothing=0.050
D step=1/5 epoch=2/3 loss=0.3575 l2=0.2000 label_smoothing=0.050
D step=1/5 epoch=3/3 loss=0.3589 l2=0.2000 label_smoothing=0.050
D step=2/5 epoch=1/3 loss=0.3683 l2=0.2000 label_smoothing=0.050
D step=2/5 epoch=2/3 loss=0.3676 l2=0.2000 label_smoothing=0.050
D step=2/5 epoch=3/3 loss=0.3710 l2=0.2000 label_smoothing=0.050
D step=3/5 epoch=1/3 loss=0.3281 l2=0.2000 label_smoothing=0.050
D step=3/5 epoch=2/3 loss=0.3221 l2=0.2000 label_smoothing=0.050
D step=3/5 epoch=3/3 loss=0.3232 l2=0.2000 label_smoothing=0.050
D step=4/5 epoch=1/3 loss=0.3342 l2=0.2000 label_smoothing=0.050
D step=4/5 epoch=2/3 loss=0.3340 l2=0.2000 label_smoothing=0.050
D step=4/5 epoch=3/3 loss=0.3343 l2=0.2000 label_smoothing=0.050
D step=5/5 epoch=1/3 loss=0.3287 l2=0.2000 label_smoothing=0.050
D step=5/5 epoch=2/3 loss=0.3314 l2=0.2000 label_smoothing=0.050
D step=5/5 epoch=3/3 loss=0.3320 l2=0.2000 label_smoothing=0.050
ADV epoch=141/200 g_loss=0.0001 d_loss=0.3433 reward=0.2012 reward_var=0.0000 unique=0.0200
D step=1/5 epoch=1/3 loss=0.3326 l2=0.2000 label_smoothing=0.050
D step=1/5 epoch=2/3 loss=0.3303 l2=0.2000 label_smoothing=0.050
D step=1/5 epoch=3/3 loss=0.3269 l2=0.2000 label_smoothing=0.050
D step=2/5 epoch=1/3 loss=0.3474 l2=0.2000 label_smoothing=0.050
D step=2/5 epoch=2/3 loss=0.3497 l2=0.2000 label_smoothing=0.050
D step=2/5 epoch=3/3 loss=0.3477 l2=0.2000 label_smoothing=0.050
D step=3/5 epoch=1/3 loss=0.3289 l2=0.2000 label_smoothing=0.050
D step=3/5 epoch=2/3 loss=0.3288 l2=0.2000 label_smoothing=0.050
D step=3/5 epoch=3/3 loss=0.3284 l2=0.2000 label_smoothing=0.050
D step=4/5 epoch=1/3 loss=0.3323 l2=0.2000 label_smoothing=0.050
D step=4/5 epoch=2/3 loss=0.3295 l2=0.2000 label_smoothing=0.050
D step=4/5 epoch=3/3 loss=0.3302 l2=0.2000 label_smoothing=0.050
D step=5/5 epoch=1/3 loss=0.3496 l2=0.2000 label_smoothing=0.050
D step=5/5 epoch=2/3 loss=0.3450 l2=0.2000 label_smoothing=0.050
D step=5/5 epoch=3/3 loss=0.3468 l2=0.2000 label_smoothing=0.050
ADV epoch=142/200 g_loss=0.0013 d_loss=0.3369 reward=0.1853 reward_var=0.0004 unique=0.0400
D step=1/5 epoch=1/3 loss=0.3614 l2=0.2000 label_smoothing=0.050
D step=1/5 epoch=2/3 loss=0.3596 l2=0.2000 label_smoothing=0.050
D step=1/5 epoch=3/3 loss=0.3609 l2=0.2000 label_smoothing=0.050
D step=2/5 epoch=1/3 loss=0.3394 l2=0.2000 label_smoothing=0.050
D step=2/5 epoch=2/3 loss=0.3436 l2=0.2000 label_smoothing=0.050
D step=2/5 epoch=3/3 loss=0.3420 l2=0.2000 label_smoothing=0.050
D step=3/5 epoch=1/3 loss=0.3447 l2=0.2000 label_smoothing=0.050
D step=3/5 epoch=2/3 loss=0.3452 l2=0.2000 label_smoothing=0.050
D step=3/5 epoch=3/3 loss=0.3481 l2=0.2000 label_smoothing=0.050
D step=4/5 epoch=1/3 loss=0.3337 l2=0.2000 label_smoothing=0.050
D step=4/5 epoch=2/3 loss=0.3364 l2=0.2000 label_smoothing=0.050
D step=4/5 epoch=3/3 loss=0.3355 l2=0.2000 label_smoothing=0.050
D step=5/5 epoch=1/3 loss=0.3276 l2=0.2000 label_smoothing=0.050
D step=5/5 epoch=2/3 loss=0.3260 l2=0.2000 label_smoothing=0.050
D step=5/5 epoch=3/3 loss=0.3299 l2=0.2000 label_smoothing=0.050
ADV epoch=143/200 g_loss=0.0001 d_loss=0.3423 reward=0.2027 reward_var=0.0000 unique=0.0200
D step=1/5 epoch=1/3 loss=0.3304 l2=0.2000 label_smoothing=0.050
D step=1/5 epoch=2/3 loss=0.3292 l2=0.2000 label_smoothing=0.050
D step=1/5 epoch=3/3 loss=0.3302 l2=0.2000 label_smoothing=0.050
D step=2/5 epoch=1/3 loss=0.3326 l2=0.2000 label_smoothing=0.050
D step=2/5 epoch=2/3 loss=0.3358 l2=0.2000 label_smoothing=0.050
D step=2/5 epoch=3/3 loss=0.3366 l2=0.2000 label_smoothing=0.050
D step=3/5 epoch=1/3 loss=0.3527 l2=0.2000 label_smoothing=0.050
D step=3/5 epoch=2/3 loss=0.3489 l2=0.2000 label_smoothing=0.050
D step=3/5 epoch=3/3 loss=0.3509 l2=0.2000 label_smoothing=0.050
D step=4/5 epoch=1/3 loss=0.3421 l2=0.2000 label_smoothing=0.050
D step=4/5 epoch=2/3 loss=0.3411 l2=0.2000 label_smoothing=0.050
D step=4/5 epoch=3/3 loss=0.3428 l2=0.2000 label_smoothing=0.050
D step=5/5 epoch=1/3 loss=0.3392 l2=0.2000 label_smoothing=0.050
D step=5/5 epoch=2/3 loss=0.3398 l2=0.2000 label_smoothing=0.050
D step=5/5 epoch=3/3 loss=0.3401 l2=0.2000 label_smoothing=0.050
ADV epoch=144/200 g_loss=0.0001 d_loss=0.3395 reward=0.1833 reward_var=0.0000 unique=0.0400
D step=1/5 epoch=1/3 loss=0.3424 l2=0.2000 label_smoothing=0.050
D step=1/5 epoch=2/3 loss=0.3399 l2=0.2000 label_smoothing=0.050
D step=1/5 epoch=3/3 loss=0.3416 l2=0.2000 label_smoothing=0.050
D step=2/5 epoch=1/3 loss=0.3466 l2=0.2000 label_smoothing=0.050
D step=2/5 epoch=2/3 loss=0.3458 l2=0.2000 label_smoothing=0.050
D step=2/5 epoch=3/3 loss=0.3462 l2=0.2000 label_smoothing=0.050
D step=3/5 epoch=1/3 loss=0.3211 l2=0.2000 label_smoothing=0.050
D step=3/5 epoch=2/3 loss=0.3166 l2=0.2000 label_smoothing=0.050
D step=3/5 epoch=3/3 loss=0.3183 l2=0.2000 label_smoothing=0.050
D step=4/5 epoch=1/3 loss=0.3298 l2=0.2000 label_smoothing=0.050
D step=4/5 epoch=2/3 loss=0.3276 l2=0.2000 label_smoothing=0.050
D step=4/5 epoch=3/3 loss=0.3279 l2=0.2000 label_smoothing=0.050
D step=5/5 epoch=1/3 loss=0.3509 l2=0.2000 label_smoothing=0.050
D step=5/5 epoch=2/3 loss=0.3494 l2=0.2000 label_smoothing=0.050
D step=5/5 epoch=3/3 loss=0.3507 l2=0.2000 label_smoothing=0.050
ADV epoch=145/200 g_loss=0.0014 d_loss=0.3370 reward=0.1848 reward_var=0.0014 unique=0.0200
D step=1/5 epoch=1/3 loss=0.3691 l2=0.2000 label_smoothing=0.050
D step=1/5 epoch=2/3 loss=0.3684 l2=0.2000 label_smoothing=0.050
D step=1/5 epoch=3/3 loss=0.3666 l2=0.2000 label_smoothing=0.050
D step=2/5 epoch=1/3 loss=0.3408 l2=0.2000 label_smoothing=0.050
D step=2/5 epoch=2/3 loss=0.3411 l2=0.2000 label_smoothing=0.050
D step=2/5 epoch=3/3 loss=0.3416 l2=0.2000 label_smoothing=0.050
D step=3/5 epoch=1/3 loss=0.3419 l2=0.2000 label_smoothing=0.050
D step=3/5 epoch=2/3 loss=0.3422 l2=0.2000 label_smoothing=0.050
D step=3/5 epoch=3/3 loss=0.3434 l2=0.2000 label_smoothing=0.050
D step=4/5 epoch=1/3 loss=0.3488 l2=0.2000 label_smoothing=0.050
D step=4/5 epoch=2/3 loss=0.3470 l2=0.2000 label_smoothing=0.050
D step=4/5 epoch=3/3 loss=0.3477 l2=0.2000 label_smoothing=0.050
D step=5/5 epoch=1/3 loss=0.3484 l2=0.2000 label_smoothing=0.050
D step=5/5 epoch=2/3 loss=0.3483 l2=0.2000 label_smoothing=0.050
D step=5/5 epoch=3/3 loss=0.3490 l2=0.2000 label_smoothing=0.050
ADV epoch=146/200 g_loss=0.0003 d_loss=0.3496 reward=0.1889 reward_var=0.0001 unique=0.0600
D step=1/5 epoch=1/3 loss=0.3522 l2=0.2000 label_smoothing=0.050
D step=1/5 epoch=2/3 loss=0.3540 l2=0.2000 label_smoothing=0.050
D step=1/5 epoch=3/3 loss=0.3512 l2=0.2000 label_smoothing=0.050
D step=2/5 epoch=1/3 loss=0.3396 l2=0.2000 label_smoothing=0.050
D step=2/5 epoch=2/3 loss=0.3413 l2=0.2000 label_smoothing=0.050
D step=2/5 epoch=3/3 loss=0.3409 l2=0.2000 label_smoothing=0.050
D step=3/5 epoch=1/3 loss=0.3657 l2=0.2000 label_smoothing=0.050
D step=3/5 epoch=2/3 loss=0.3635 l2=0.2000 label_smoothing=0.050
D step=3/5 epoch=3/3 loss=0.3664 l2=0.2000 label_smoothing=0.050
D step=4/5 epoch=1/3 loss=0.3535 l2=0.2000 label_smoothing=0.050
D step=4/5 epoch=2/3 loss=0.3509 l2=0.2000 label_smoothing=0.050
D step=4/5 epoch=3/3 loss=0.3517 l2=0.2000 label_smoothing=0.050
D step=5/5 epoch=1/3 loss=0.3170 l2=0.2000 label_smoothing=0.050
D step=5/5 epoch=2/3 loss=0.3171 l2=0.2000 label_smoothing=0.050
D step=5/5 epoch=3/3 loss=0.3195 l2=0.2000 label_smoothing=0.050
ADV epoch=147/200 g_loss=0.0003 d_loss=0.3456 reward=0.2010 reward_var=0.0004 unique=0.0600
D step=1/5 epoch=1/3 loss=0.3398 l2=0.2000 label_smoothing=0.050
D step=1/5 epoch=2/3 loss=0.3377 l2=0.2000 label_smoothing=0.050
D step=1/5 epoch=3/3 loss=0.3363 l2=0.2000 label_smoothing=0.050
D step=2/5 epoch=1/3 loss=0.3365 l2=0.2000 label_smoothing=0.050
D step=2/5 epoch=2/3 loss=0.3343 l2=0.2000 label_smoothing=0.050
D step=2/5 epoch=3/3 loss=0.3399 l2=0.2000 label_smoothing=0.050
D step=3/5 epoch=1/3 loss=0.3303 l2=0.2000 label_smoothing=0.050
D step=3/5 epoch=2/3 loss=0.3319 l2=0.2000 label_smoothing=0.050
D step=3/5 epoch=3/3 loss=0.3303 l2=0.2000 label_smoothing=0.050
D step=4/5 epoch=1/3 loss=0.3482 l2=0.2000 label_smoothing=0.050
D step=4/5 epoch=2/3 loss=0.3485 l2=0.2000 label_smoothing=0.050
D step=4/5 epoch=3/3 loss=0.3479 l2=0.2000 label_smoothing=0.050
D step=5/5 epoch=1/3 loss=0.3244 l2=0.2000 label_smoothing=0.050
D step=5/5 epoch=2/3 loss=0.3255 l2=0.2000 label_smoothing=0.050
D step=5/5 epoch=3/3 loss=0.3197 l2=0.2000 label_smoothing=0.050
ADV epoch=148/200 g_loss=0.0002 d_loss=0.3354 reward=0.1734 reward_var=0.0002 unique=0.0400
D step=1/5 epoch=1/3 loss=0.3295 l2=0.2000 label_smoothing=0.050
D step=1/5 epoch=2/3 loss=0.3286 l2=0.2000 label_smoothing=0.050
D step=1/5 epoch=3/3 loss=0.3283 l2=0.2000 label_smoothing=0.050
D step=2/5 epoch=1/3 loss=0.3551 l2=0.2000 label_smoothing=0.050
D step=2/5 epoch=2/3 loss=0.3526 l2=0.2000 label_smoothing=0.050
D step=2/5 epoch=3/3 loss=0.3511 l2=0.2000 label_smoothing=0.050
D step=3/5 epoch=1/3 loss=0.3363 l2=0.2000 label_smoothing=0.050
D step=3/5 epoch=2/3 loss=0.3353 l2=0.2000 label_smoothing=0.050
D step=3/5 epoch=3/3 loss=0.3352 l2=0.2000 label_smoothing=0.050
D step=4/5 epoch=1/3 loss=0.3460 l2=0.2000 label_smoothing=0.050
D step=4/5 epoch=2/3 loss=0.3445 l2=0.2000 label_smoothing=0.050
D step=4/5 epoch=3/3 loss=0.3487 l2=0.2000 label_smoothing=0.050
D step=5/5 epoch=1/3 loss=0.3590 l2=0.2000 label_smoothing=0.050
D step=5/5 epoch=2/3 loss=0.3596 l2=0.2000 label_smoothing=0.050
D step=5/5 epoch=3/3 loss=0.3574 l2=0.2000 label_smoothing=0.050
ADV epoch=149/200 g_loss=0.0001 d_loss=0.3445 reward=0.1889 reward_var=0.0000 unique=0.0200
D step=1/5 epoch=1/3 loss=0.3345 l2=0.2000 label_smoothing=0.050
D step=1/5 epoch=2/3 loss=0.3379 l2=0.2000 label_smoothing=0.050
D step=1/5 epoch=3/3 loss=0.3348 l2=0.2000 label_smoothing=0.050
D step=2/5 epoch=1/3 loss=0.3437 l2=0.2000 label_smoothing=0.050
D step=2/5 epoch=2/3 loss=0.3457 l2=0.2000 label_smoothing=0.050
D step=2/5 epoch=3/3 loss=0.3460 l2=0.2000 label_smoothing=0.050
D step=3/5 epoch=1/3 loss=0.3385 l2=0.2000 label_smoothing=0.050
D step=3/5 epoch=2/3 loss=0.3339 l2=0.2000 label_smoothing=0.050
D step=3/5 epoch=3/3 loss=0.3366 l2=0.2000 label_smoothing=0.050
D step=4/5 epoch=1/3 loss=0.3525 l2=0.2000 label_smoothing=0.050
D step=4/5 epoch=2/3 loss=0.3558 l2=0.2000 label_smoothing=0.050
D step=4/5 epoch=3/3 loss=0.3509 l2=0.2000 label_smoothing=0.050
D step=5/5 epoch=1/3 loss=0.3402 l2=0.2000 label_smoothing=0.050
D step=5/5 epoch=2/3 loss=0.3392 l2=0.2000 label_smoothing=0.050
D step=5/5 epoch=3/3 loss=0.3413 l2=0.2000 label_smoothing=0.050
ADV epoch=150/200 g_loss=0.0001 d_loss=0.3421 reward=0.2061 reward_var=0.0000 unique=0.0200
D step=1/5 epoch=1/3 loss=0.3617 l2=0.2000 label_smoothing=0.050
D step=1/5 epoch=2/3 loss=0.3579 l2=0.2000 label_smoothing=0.050
D step=1/5 epoch=3/3 loss=0.3590 l2=0.2000 label_smoothing=0.050
D step=2/5 epoch=1/3 loss=0.3664 l2=0.2000 label_smoothing=0.050
D step=2/5 epoch=2/3 loss=0.3643 l2=0.2000 label_smoothing=0.050
D step=2/5 epoch=3/3 loss=0.3631 l2=0.2000 label_smoothing=0.050
D step=3/5 epoch=1/3 loss=0.3371 l2=0.2000 label_smoothing=0.050
D step=3/5 epoch=2/3 loss=0.3350 l2=0.2000 label_smoothing=0.050
D step=3/5 epoch=3/3 loss=0.3338 l2=0.2000 label_smoothing=0.050
D step=4/5 epoch=1/3 loss=0.3465 l2=0.2000 label_smoothing=0.050
D step=4/5 epoch=2/3 loss=0.3431 l2=0.2000 label_smoothing=0.050
D step=4/5 epoch=3/3 loss=0.3416 l2=0.2000 label_smoothing=0.050
D step=5/5 epoch=1/3 loss=0.3302 l2=0.2000 label_smoothing=0.050
D step=5/5 epoch=2/3 loss=0.3299 l2=0.2000 label_smoothing=0.050
D step=5/5 epoch=3/3 loss=0.3252 l2=0.2000 label_smoothing=0.050
ADV epoch=151/200 g_loss=0.0001 d_loss=0.3463 reward=0.1914 reward_var=0.0000 unique=0.0200
D step=1/5 epoch=1/3 loss=0.3411 l2=0.2000 label_smoothing=0.050
D step=1/5 epoch=2/3 loss=0.3441 l2=0.2000 label_smoothing=0.050
D step=1/5 epoch=3/3 loss=0.3403 l2=0.2000 label_smoothing=0.050
D step=2/5 epoch=1/3 loss=0.3407 l2=0.2000 label_smoothing=0.050
D step=2/5 epoch=2/3 loss=0.3400 l2=0.2000 label_smoothing=0.050
D step=2/5 epoch=3/3 loss=0.3422 l2=0.2000 label_smoothing=0.050
D step=3/5 epoch=1/3 loss=0.3489 l2=0.2000 label_smoothing=0.050
D step=3/5 epoch=2/3 loss=0.3461 l2=0.2000 label_smoothing=0.050
D step=3/5 epoch=3/3 loss=0.3490 l2=0.2000 label_smoothing=0.050
D step=4/5 epoch=1/3 loss=0.3528 l2=0.2000 label_smoothing=0.050
D step=4/5 epoch=2/3 loss=0.3515 l2=0.2000 label_smoothing=0.050
D step=4/5 epoch=3/3 loss=0.3488 l2=0.2000 label_smoothing=0.050
D step=5/5 epoch=1/3 loss=0.3420 l2=0.2000 label_smoothing=0.050
D step=5/5 epoch=2/3 loss=0.3440 l2=0.2000 label_smoothing=0.050
D step=5/5 epoch=3/3 loss=0.3415 l2=0.2000 label_smoothing=0.050
ADV epoch=152/200 g_loss=0.0009 d_loss=0.3449 reward=0.1850 reward_var=0.0007 unique=0.0200
D step=1/5 epoch=1/3 loss=0.3435 l2=0.2000 label_smoothing=0.050
D step=1/5 epoch=2/3 loss=0.3422 l2=0.2000 label_smoothing=0.050
D step=1/5 epoch=3/3 loss=0.3396 l2=0.2000 label_smoothing=0.050
D step=2/5 epoch=1/3 loss=0.3492 l2=0.2000 label_smoothing=0.050
D step=2/5 epoch=2/3 loss=0.3476 l2=0.2000 label_smoothing=0.050
D step=2/5 epoch=3/3 loss=0.3463 l2=0.2000 label_smoothing=0.050
D step=3/5 epoch=1/3 loss=0.3382 l2=0.2000 label_smoothing=0.050
D step=3/5 epoch=2/3 loss=0.3356 l2=0.2000 label_smoothing=0.050
D step=3/5 epoch=3/3 loss=0.3390 l2=0.2000 label_smoothing=0.050
D step=4/5 epoch=1/3 loss=0.3466 l2=0.2000 label_smoothing=0.050
D step=4/5 epoch=2/3 loss=0.3479 l2=0.2000 label_smoothing=0.050
D step=4/5 epoch=3/3 loss=0.3473 l2=0.2000 label_smoothing=0.050
D step=5/5 epoch=1/3 loss=0.3264 l2=0.2000 label_smoothing=0.050
D step=5/5 epoch=2/3 loss=0.3268 l2=0.2000 label_smoothing=0.050
D step=5/5 epoch=3/3 loss=0.3292 l2=0.2000 label_smoothing=0.050
ADV epoch=153/200 g_loss=0.0002 d_loss=0.3404 reward=0.1861 reward_var=0.0002 unique=0.0200
D step=1/5 epoch=1/3 loss=0.3422 l2=0.2000 label_smoothing=0.050
D step=1/5 epoch=2/3 loss=0.3417 l2=0.2000 label_smoothing=0.050
D step=1/5 epoch=3/3 loss=0.3423 l2=0.2000 label_smoothing=0.050
D step=2/5 epoch=1/3 loss=0.3551 l2=0.2000 label_smoothing=0.050
D step=2/5 epoch=2/3 loss=0.3529 l2=0.2000 label_smoothing=0.050
D step=2/5 epoch=3/3 loss=0.3532 l2=0.2000 label_smoothing=0.050
D step=3/5 epoch=1/3 loss=0.3465 l2=0.2000 label_smoothing=0.050
D step=3/5 epoch=2/3 loss=0.3465 l2=0.2000 label_smoothing=0.050
D step=3/5 epoch=3/3 loss=0.3451 l2=0.2000 label_smoothing=0.050
D step=4/5 epoch=1/3 loss=0.3479 l2=0.2000 label_smoothing=0.050
D step=4/5 epoch=2/3 loss=0.3481 l2=0.2000 label_smoothing=0.050
D step=4/5 epoch=3/3 loss=0.3492 l2=0.2000 label_smoothing=0.050
D step=5/5 epoch=1/3 loss=0.3357 l2=0.2000 label_smoothing=0.050
D step=5/5 epoch=2/3 loss=0.3351 l2=0.2000 label_smoothing=0.050
D step=5/5 epoch=3/3 loss=0.3354 l2=0.2000 label_smoothing=0.050
ADV epoch=154/200 g_loss=0.0001 d_loss=0.3451 reward=0.1831 reward_var=0.0000 unique=0.0200
D step=1/5 epoch=1/3 loss=0.3520 l2=0.2000 label_smoothing=0.050
D step=1/5 epoch=2/3 loss=0.3554 l2=0.2000 label_smoothing=0.050
D step=1/5 epoch=3/3 loss=0.3540 l2=0.2000 label_smoothing=0.050
D step=2/5 epoch=1/3 loss=0.3295 l2=0.2000 label_smoothing=0.050
D step=2/5 epoch=2/3 loss=0.3294 l2=0.2000 label_smoothing=0.050
D step=2/5 epoch=3/3 loss=0.3284 l2=0.2000 label_smoothing=0.050
D step=3/5 epoch=1/3 loss=0.3363 l2=0.2000 label_smoothing=0.050
D step=3/5 epoch=2/3 loss=0.3343 l2=0.2000 label_smoothing=0.050
D step=3/5 epoch=3/3 loss=0.3352 l2=0.2000 label_smoothing=0.050
D step=4/5 epoch=1/3 loss=0.3315 l2=0.2000 label_smoothing=0.050
D step=4/5 epoch=2/3 loss=0.3312 l2=0.2000 label_smoothing=0.050
D step=4/5 epoch=3/3 loss=0.3325 l2=0.2000 label_smoothing=0.050
D step=5/5 epoch=1/3 loss=0.3212 l2=0.2000 label_smoothing=0.050
D step=5/5 epoch=2/3 loss=0.3212 l2=0.2000 label_smoothing=0.050
D step=5/5 epoch=3/3 loss=0.3235 l2=0.2000 label_smoothing=0.050
ADV epoch=155/200 g_loss=0.0001 d_loss=0.3344 reward=0.1884 reward_var=0.0000 unique=0.0400
D step=1/5 epoch=1/3 loss=0.3557 l2=0.2000 label_smoothing=0.050
D step=1/5 epoch=2/3 loss=0.3532 l2=0.2000 label_smoothing=0.050
D step=1/5 epoch=3/3 loss=0.3543 l2=0.2000 label_smoothing=0.050
D step=2/5 epoch=1/3 loss=0.3352 l2=0.2000 label_smoothing=0.050
D step=2/5 epoch=2/3 loss=0.3367 l2=0.2000 label_smoothing=0.050
D step=2/5 epoch=3/3 loss=0.3353 l2=0.2000 label_smoothing=0.050
D step=3/5 epoch=1/3 loss=0.3470 l2=0.2000 label_smoothing=0.050
D step=3/5 epoch=2/3 loss=0.3423 l2=0.2000 label_smoothing=0.050
D step=3/5 epoch=3/3 loss=0.3440 l2=0.2000 label_smoothing=0.050
D step=4/5 epoch=1/3 loss=0.3532 l2=0.2000 label_smoothing=0.050
D step=4/5 epoch=2/3 loss=0.3541 l2=0.2000 label_smoothing=0.050
D step=4/5 epoch=3/3 loss=0.3506 l2=0.2000 label_smoothing=0.050
D step=5/5 epoch=1/3 loss=0.3305 l2=0.2000 label_smoothing=0.050
D step=5/5 epoch=2/3 loss=0.3286 l2=0.2000 label_smoothing=0.050
D step=5/5 epoch=3/3 loss=0.3284 l2=0.2000 label_smoothing=0.050
ADV epoch=156/200 g_loss=0.0001 d_loss=0.3433 reward=0.1766 reward_var=0.0000 unique=0.0600
D step=1/5 epoch=1/3 loss=0.3392 l2=0.2000 label_smoothing=0.050
D step=1/5 epoch=2/3 loss=0.3360 l2=0.2000 label_smoothing=0.050
D step=1/5 epoch=3/3 loss=0.3381 l2=0.2000 label_smoothing=0.050
D step=2/5 epoch=1/3 loss=0.3362 l2=0.2000 label_smoothing=0.050
D step=2/5 epoch=2/3 loss=0.3339 l2=0.2000 label_smoothing=0.050
D step=2/5 epoch=3/3 loss=0.3340 l2=0.2000 label_smoothing=0.050
D step=3/5 epoch=1/3 loss=0.3354 l2=0.2000 label_smoothing=0.050
D step=3/5 epoch=2/3 loss=0.3359 l2=0.2000 label_smoothing=0.050
D step=3/5 epoch=3/3 loss=0.3337 l2=0.2000 label_smoothing=0.050
D step=4/5 epoch=1/3 loss=0.3643 l2=0.2000 label_smoothing=0.050
D step=4/5 epoch=2/3 loss=0.3649 l2=0.2000 label_smoothing=0.050
D step=4/5 epoch=3/3 loss=0.3639 l2=0.2000 label_smoothing=0.050
D step=5/5 epoch=1/3 loss=0.3619 l2=0.2000 label_smoothing=0.050
D step=5/5 epoch=2/3 loss=0.3636 l2=0.2000 label_smoothing=0.050
D step=5/5 epoch=3/3 loss=0.3626 l2=0.2000 label_smoothing=0.050
ADV epoch=157/200 g_loss=0.0003 d_loss=0.3469 reward=0.1825 reward_var=0.0003 unique=0.0400
D step=1/5 epoch=1/3 loss=0.3599 l2=0.2000 label_smoothing=0.050
D step=1/5 epoch=2/3 loss=0.3577 l2=0.2000 label_smoothing=0.050
D step=1/5 epoch=3/3 loss=0.3550 l2=0.2000 label_smoothing=0.050
D step=2/5 epoch=1/3 loss=0.3340 l2=0.2000 label_smoothing=0.050
D step=2/5 epoch=2/3 loss=0.3385 l2=0.2000 label_smoothing=0.050
D step=2/5 epoch=3/3 loss=0.3346 l2=0.2000 label_smoothing=0.050
D step=3/5 epoch=1/3 loss=0.3636 l2=0.2000 label_smoothing=0.050
D step=3/5 epoch=2/3 loss=0.3620 l2=0.2000 label_smoothing=0.050
D step=3/5 epoch=3/3 loss=0.3626 l2=0.2000 label_smoothing=0.050
D step=4/5 epoch=1/3 loss=0.3424 l2=0.2000 label_smoothing=0.050
D step=4/5 epoch=2/3 loss=0.3444 l2=0.2000 label_smoothing=0.050
D step=4/5 epoch=3/3 loss=0.3386 l2=0.2000 label_smoothing=0.050
D step=5/5 epoch=1/3 loss=0.3444 l2=0.2000 label_smoothing=0.050
D step=5/5 epoch=2/3 loss=0.3484 l2=0.2000 label_smoothing=0.050
D step=5/5 epoch=3/3 loss=0.3465 l2=0.2000 label_smoothing=0.050
ADV epoch=158/200 g_loss=0.0003 d_loss=0.3488 reward=0.2104 reward_var=0.0004 unique=0.0600
D step=1/5 epoch=1/3 loss=0.3701 l2=0.2000 label_smoothing=0.050
D step=1/5 epoch=2/3 loss=0.3617 l2=0.2000 label_smoothing=0.050
D step=1/5 epoch=3/3 loss=0.3648 l2=0.2000 label_smoothing=0.050
D step=2/5 epoch=1/3 loss=0.3286 l2=0.2000 label_smoothing=0.050
D step=2/5 epoch=2/3 loss=0.3307 l2=0.2000 label_smoothing=0.050
D step=2/5 epoch=3/3 loss=0.3274 l2=0.2000 label_smoothing=0.050
D step=3/5 epoch=1/3 loss=0.3387 l2=0.2000 label_smoothing=0.050
D step=3/5 epoch=2/3 loss=0.3331 l2=0.2000 label_smoothing=0.050
D step=3/5 epoch=3/3 loss=0.3331 l2=0.2000 label_smoothing=0.050
D step=4/5 epoch=1/3 loss=0.3356 l2=0.2000 label_smoothing=0.050
D step=4/5 epoch=2/3 loss=0.3394 l2=0.2000 label_smoothing=0.050
D step=4/5 epoch=3/3 loss=0.3374 l2=0.2000 label_smoothing=0.050
D step=5/5 epoch=1/3 loss=0.3467 l2=0.2000 label_smoothing=0.050
D step=5/5 epoch=2/3 loss=0.3447 l2=0.2000 label_smoothing=0.050
D step=5/5 epoch=3/3 loss=0.3465 l2=0.2000 label_smoothing=0.050
ADV epoch=159/200 g_loss=0.0001 d_loss=0.3426 reward=0.1841 reward_var=0.0000 unique=0.0200
D step=1/5 epoch=1/3 loss=0.3484 l2=0.2000 label_smoothing=0.050
D step=1/5 epoch=2/3 loss=0.3466 l2=0.2000 label_smoothing=0.050
D step=1/5 epoch=3/3 loss=0.3479 l2=0.2000 label_smoothing=0.050
D step=2/5 epoch=1/3 loss=0.3228 l2=0.2000 label_smoothing=0.050
D step=2/5 epoch=2/3 loss=0.3250 l2=0.2000 label_smoothing=0.050
D step=2/5 epoch=3/3 loss=0.3223 l2=0.2000 label_smoothing=0.050
D step=3/5 epoch=1/3 loss=0.3296 l2=0.2000 label_smoothing=0.050
D step=3/5 epoch=2/3 loss=0.3337 l2=0.2000 label_smoothing=0.050
D step=3/5 epoch=3/3 loss=0.3315 l2=0.2000 label_smoothing=0.050
D step=4/5 epoch=1/3 loss=0.3289 l2=0.2000 label_smoothing=0.050
D step=4/5 epoch=2/3 loss=0.3307 l2=0.2000 label_smoothing=0.050
D step=4/5 epoch=3/3 loss=0.3278 l2=0.2000 label_smoothing=0.050
D step=5/5 epoch=1/3 loss=0.3549 l2=0.2000 label_smoothing=0.050
D step=5/5 epoch=2/3 loss=0.3545 l2=0.2000 label_smoothing=0.050
D step=5/5 epoch=3/3 loss=0.3534 l2=0.2000 label_smoothing=0.050
ADV epoch=160/200 g_loss=0.0003 d_loss=0.3372 reward=0.1958 reward_var=0.0002 unique=0.0400
D step=1/5 epoch=1/3 loss=0.3220 l2=0.2000 label_smoothing=0.050
D step=1/5 epoch=2/3 loss=0.3220 l2=0.2000 label_smoothing=0.050
D step=1/5 epoch=3/3 loss=0.3223 l2=0.2000 label_smoothing=0.050
D step=2/5 epoch=1/3 loss=0.3335 l2=0.2000 label_smoothing=0.050
D step=2/5 epoch=2/3 loss=0.3296 l2=0.2000 label_smoothing=0.050
D step=2/5 epoch=3/3 loss=0.3285 l2=0.2000 label_smoothing=0.050
D step=3/5 epoch=1/3 loss=0.3327 l2=0.2000 label_smoothing=0.050
D step=3/5 epoch=2/3 loss=0.3348 l2=0.2000 label_smoothing=0.050
D step=3/5 epoch=3/3 loss=0.3335 l2=0.2000 label_smoothing=0.050
D step=4/5 epoch=1/3 loss=0.3378 l2=0.2000 label_smoothing=0.050
D step=4/5 epoch=2/3 loss=0.3390 l2=0.2000 label_smoothing=0.050
D step=4/5 epoch=3/3 loss=0.3313 l2=0.2000 label_smoothing=0.050
D step=5/5 epoch=1/3 loss=0.3305 l2=0.2000 label_smoothing=0.050
D step=5/5 epoch=2/3 loss=0.3278 l2=0.2000 label_smoothing=0.050
D step=5/5 epoch=3/3 loss=0.3280 l2=0.2000 label_smoothing=0.050
ADV epoch=161/200 g_loss=0.0001 d_loss=0.3302 reward=0.1987 reward_var=0.0000 unique=0.0600
D step=1/5 epoch=1/3 loss=0.3664 l2=0.2000 label_smoothing=0.050
D step=1/5 epoch=2/3 loss=0.3572 l2=0.2000 label_smoothing=0.050
D step=1/5 epoch=3/3 loss=0.3597 l2=0.2000 label_smoothing=0.050
D step=2/5 epoch=1/3 loss=0.3308 l2=0.2000 label_smoothing=0.050
D step=2/5 epoch=2/3 loss=0.3297 l2=0.2000 label_smoothing=0.050
D step=2/5 epoch=3/3 loss=0.3275 l2=0.2000 label_smoothing=0.050
D step=3/5 epoch=1/3 loss=0.3382 l2=0.2000 label_smoothing=0.050
D step=3/5 epoch=2/3 loss=0.3379 l2=0.2000 label_smoothing=0.050
D step=3/5 epoch=3/3 loss=0.3386 l2=0.2000 label_smoothing=0.050
D step=4/5 epoch=1/3 loss=0.3434 l2=0.2000 label_smoothing=0.050
D step=4/5 epoch=2/3 loss=0.3422 l2=0.2000 label_smoothing=0.050
D step=4/5 epoch=3/3 loss=0.3407 l2=0.2000 label_smoothing=0.050
D step=5/5 epoch=1/3 loss=0.3525 l2=0.2000 label_smoothing=0.050
D step=5/5 epoch=2/3 loss=0.3515 l2=0.2000 label_smoothing=0.050
D step=5/5 epoch=3/3 loss=0.3534 l2=0.2000 label_smoothing=0.050
ADV epoch=162/200 g_loss=0.0006 d_loss=0.3447 reward=0.1728 reward_var=0.0006 unique=0.0200
D step=1/5 epoch=1/3 loss=0.3476 l2=0.2000 label_smoothing=0.050
D step=1/5 epoch=2/3 loss=0.3462 l2=0.2000 label_smoothing=0.050
D step=1/5 epoch=3/3 loss=0.3454 l2=0.2000 label_smoothing=0.050
D step=2/5 epoch=1/3 loss=0.3520 l2=0.2000 label_smoothing=0.050
D step=2/5 epoch=2/3 loss=0.3528 l2=0.2000 label_smoothing=0.050
D step=2/5 epoch=3/3 loss=0.3532 l2=0.2000 label_smoothing=0.050
D step=3/5 epoch=1/3 loss=0.3317 l2=0.2000 label_smoothing=0.050
D step=3/5 epoch=2/3 loss=0.3307 l2=0.2000 label_smoothing=0.050
D step=3/5 epoch=3/3 loss=0.3288 l2=0.2000 label_smoothing=0.050
D step=4/5 epoch=1/3 loss=0.3466 l2=0.2000 label_smoothing=0.050
D step=4/5 epoch=2/3 loss=0.3471 l2=0.2000 label_smoothing=0.050
D step=4/5 epoch=3/3 loss=0.3475 l2=0.2000 label_smoothing=0.050
D step=5/5 epoch=1/3 loss=0.3364 l2=0.2000 label_smoothing=0.050
D step=5/5 epoch=2/3 loss=0.3344 l2=0.2000 label_smoothing=0.050
D step=5/5 epoch=3/3 loss=0.3356 l2=0.2000 label_smoothing=0.050
ADV epoch=163/200 g_loss=0.0001 d_loss=0.3424 reward=0.2045 reward_var=0.0000 unique=0.0400
D step=1/5 epoch=1/3 loss=0.3587 l2=0.2000 label_smoothing=0.050
D step=1/5 epoch=2/3 loss=0.3562 l2=0.2000 label_smoothing=0.050
D step=1/5 epoch=3/3 loss=0.3578 l2=0.2000 label_smoothing=0.050
D step=2/5 epoch=1/3 loss=0.3568 l2=0.2000 label_smoothing=0.050
D step=2/5 epoch=2/3 loss=0.3518 l2=0.2000 label_smoothing=0.050
D step=2/5 epoch=3/3 loss=0.3509 l2=0.2000 label_smoothing=0.050
D step=3/5 epoch=1/3 loss=0.3402 l2=0.2000 label_smoothing=0.050
D step=3/5 epoch=2/3 loss=0.3417 l2=0.2000 label_smoothing=0.050
D step=3/5 epoch=3/3 loss=0.3383 l2=0.2000 label_smoothing=0.050
D step=4/5 epoch=1/3 loss=0.3665 l2=0.2000 label_smoothing=0.050
D step=4/5 epoch=2/3 loss=0.3653 l2=0.2000 label_smoothing=0.050
D step=4/5 epoch=3/3 loss=0.3643 l2=0.2000 label_smoothing=0.050
D step=5/5 epoch=1/3 loss=0.3531 l2=0.2000 label_smoothing=0.050
D step=5/5 epoch=2/3 loss=0.3510 l2=0.2000 label_smoothing=0.050
D step=5/5 epoch=3/3 loss=0.3563 l2=0.2000 label_smoothing=0.050
ADV epoch=164/200 g_loss=0.0008 d_loss=0.3539 reward=0.1819 reward_var=0.0003 unique=0.0600
D step=1/5 epoch=1/3 loss=0.3331 l2=0.2000 label_smoothing=0.050
D step=1/5 epoch=2/3 loss=0.3342 l2=0.2000 label_smoothing=0.050
D step=1/5 epoch=3/3 loss=0.3307 l2=0.2000 label_smoothing=0.050
D step=2/5 epoch=1/3 loss=0.3313 l2=0.2000 label_smoothing=0.050
D step=2/5 epoch=2/3 loss=0.3284 l2=0.2000 label_smoothing=0.050
D step=2/5 epoch=3/3 loss=0.3321 l2=0.2000 label_smoothing=0.050
D step=3/5 epoch=1/3 loss=0.3397 l2=0.2000 label_smoothing=0.050
D step=3/5 epoch=2/3 loss=0.3396 l2=0.2000 label_smoothing=0.050
D step=3/5 epoch=3/3 loss=0.3400 l2=0.2000 label_smoothing=0.050
D step=4/5 epoch=1/3 loss=0.3433 l2=0.2000 label_smoothing=0.050
D step=4/5 epoch=2/3 loss=0.3420 l2=0.2000 label_smoothing=0.050
D step=4/5 epoch=3/3 loss=0.3430 l2=0.2000 label_smoothing=0.050
D step=5/5 epoch=1/3 loss=0.3401 l2=0.2000 label_smoothing=0.050
D step=5/5 epoch=2/3 loss=0.3404 l2=0.2000 label_smoothing=0.050
D step=5/5 epoch=3/3 loss=0.3389 l2=0.2000 label_smoothing=0.050
ADV epoch=165/200 g_loss=0.0007 d_loss=0.3371 reward=0.2152 reward_var=0.0004 unique=0.0200
D step=1/5 epoch=1/3 loss=0.3557 l2=0.2000 label_smoothing=0.050
D step=1/5 epoch=2/3 loss=0.3540 l2=0.2000 label_smoothing=0.050
D step=1/5 epoch=3/3 loss=0.3538 l2=0.2000 label_smoothing=0.050
D step=2/5 epoch=1/3 loss=0.3470 l2=0.2000 label_smoothing=0.050
D step=2/5 epoch=2/3 loss=0.3476 l2=0.2000 label_smoothing=0.050
D step=2/5 epoch=3/3 loss=0.3495 l2=0.2000 label_smoothing=0.050
D step=3/5 epoch=1/3 loss=0.3645 l2=0.2000 label_smoothing=0.050
D step=3/5 epoch=2/3 loss=0.3610 l2=0.2000 label_smoothing=0.050
D step=3/5 epoch=3/3 loss=0.3625 l2=0.2000 label_smoothing=0.050
D step=4/5 epoch=1/3 loss=0.3304 l2=0.2000 label_smoothing=0.050
D step=4/5 epoch=2/3 loss=0.3308 l2=0.2000 label_smoothing=0.050
D step=4/5 epoch=3/3 loss=0.3287 l2=0.2000 label_smoothing=0.050
D step=5/5 epoch=1/3 loss=0.3411 l2=0.2000 label_smoothing=0.050
D step=5/5 epoch=2/3 loss=0.3384 l2=0.2000 label_smoothing=0.050
D step=5/5 epoch=3/3 loss=0.3404 l2=0.2000 label_smoothing=0.050
ADV epoch=166/200 g_loss=0.0015 d_loss=0.3470 reward=0.1880 reward_var=0.0001 unique=0.0400
D step=1/5 epoch=1/3 loss=0.3404 l2=0.2000 label_smoothing=0.050
D step=1/5 epoch=2/3 loss=0.3413 l2=0.2000 label_smoothing=0.050
D step=1/5 epoch=3/3 loss=0.3395 l2=0.2000 label_smoothing=0.050
D step=2/5 epoch=1/3 loss=0.3276 l2=0.2000 label_smoothing=0.050
D step=2/5 epoch=2/3 loss=0.3313 l2=0.2000 label_smoothing=0.050
D step=2/5 epoch=3/3 loss=0.3300 l2=0.2000 label_smoothing=0.050
D step=3/5 epoch=1/3 loss=0.3307 l2=0.2000 label_smoothing=0.050
D step=3/5 epoch=2/3 loss=0.3294 l2=0.2000 label_smoothing=0.050
D step=3/5 epoch=3/3 loss=0.3301 l2=0.2000 label_smoothing=0.050
D step=4/5 epoch=1/3 loss=0.3452 l2=0.2000 label_smoothing=0.050
D step=4/5 epoch=2/3 loss=0.3459 l2=0.2000 label_smoothing=0.050
D step=4/5 epoch=3/3 loss=0.3464 l2=0.2000 label_smoothing=0.050
D step=5/5 epoch=1/3 loss=0.3372 l2=0.2000 label_smoothing=0.050
D step=5/5 epoch=2/3 loss=0.3446 l2=0.2000 label_smoothing=0.050
D step=5/5 epoch=3/3 loss=0.3373 l2=0.2000 label_smoothing=0.050
ADV epoch=167/200 g_loss=0.0006 d_loss=0.3371 reward=0.1785 reward_var=0.0005 unique=0.0400
D step=1/5 epoch=1/3 loss=0.3321 l2=0.2000 label_smoothing=0.050
D step=1/5 epoch=2/3 loss=0.3336 l2=0.2000 label_smoothing=0.050
D step=1/5 epoch=3/3 loss=0.3325 l2=0.2000 label_smoothing=0.050
D step=2/5 epoch=1/3 loss=0.3473 l2=0.2000 label_smoothing=0.050
D step=2/5 epoch=2/3 loss=0.3410 l2=0.2000 label_smoothing=0.050
D step=2/5 epoch=3/3 loss=0.3445 l2=0.2000 label_smoothing=0.050
D step=3/5 epoch=1/3 loss=0.3503 l2=0.2000 label_smoothing=0.050
D step=3/5 epoch=2/3 loss=0.3540 l2=0.2000 label_smoothing=0.050
D step=3/5 epoch=3/3 loss=0.3556 l2=0.2000 label_smoothing=0.050
D step=4/5 epoch=1/3 loss=0.3579 l2=0.2000 label_smoothing=0.050
D step=4/5 epoch=2/3 loss=0.3590 l2=0.2000 label_smoothing=0.050
D step=4/5 epoch=3/3 loss=0.3588 l2=0.2000 label_smoothing=0.050
D step=5/5 epoch=1/3 loss=0.3435 l2=0.2000 label_smoothing=0.050
D step=5/5 epoch=2/3 loss=0.3410 l2=0.2000 label_smoothing=0.050
D step=5/5 epoch=3/3 loss=0.3412 l2=0.2000 label_smoothing=0.050
ADV epoch=168/200 g_loss=0.0001 d_loss=0.3462 reward=0.1967 reward_var=0.0000 unique=0.0400
D step=1/5 epoch=1/3 loss=0.3462 l2=0.2000 label_smoothing=0.050
D step=1/5 epoch=2/3 loss=0.3481 l2=0.2000 label_smoothing=0.050
D step=1/5 epoch=3/3 loss=0.3476 l2=0.2000 label_smoothing=0.050
D step=2/5 epoch=1/3 loss=0.3404 l2=0.2000 label_smoothing=0.050
D step=2/5 epoch=2/3 loss=0.3414 l2=0.2000 label_smoothing=0.050
D step=2/5 epoch=3/3 loss=0.3364 l2=0.2000 label_smoothing=0.050
D step=3/5 epoch=1/3 loss=0.3639 l2=0.2000 label_smoothing=0.050
D step=3/5 epoch=2/3 loss=0.3629 l2=0.2000 label_smoothing=0.050
D step=3/5 epoch=3/3 loss=0.3621 l2=0.2000 label_smoothing=0.050
D step=4/5 epoch=1/3 loss=0.3667 l2=0.2000 label_smoothing=0.050
D step=4/5 epoch=2/3 loss=0.3664 l2=0.2000 label_smoothing=0.050
D step=4/5 epoch=3/3 loss=0.3680 l2=0.2000 label_smoothing=0.050
D step=5/5 epoch=1/3 loss=0.3444 l2=0.2000 label_smoothing=0.050
D step=5/5 epoch=2/3 loss=0.3408 l2=0.2000 label_smoothing=0.050
D step=5/5 epoch=3/3 loss=0.3416 l2=0.2000 label_smoothing=0.050
ADV epoch=169/200 g_loss=0.0003 d_loss=0.3518 reward=0.1926 reward_var=0.0001 unique=0.0400
D step=1/5 epoch=1/3 loss=0.3111 l2=0.2000 label_smoothing=0.050
D step=1/5 epoch=2/3 loss=0.3082 l2=0.2000 label_smoothing=0.050
D step=1/5 epoch=3/3 loss=0.3109 l2=0.2000 label_smoothing=0.050
D step=2/5 epoch=1/3 loss=0.3190 l2=0.2000 label_smoothing=0.050
D step=2/5 epoch=2/3 loss=0.3180 l2=0.2000 label_smoothing=0.050
D step=2/5 epoch=3/3 loss=0.3173 l2=0.2000 label_smoothing=0.050
D step=3/5 epoch=1/3 loss=0.3292 l2=0.2000 label_smoothing=0.050
D step=3/5 epoch=2/3 loss=0.3273 l2=0.2000 label_smoothing=0.050
D step=3/5 epoch=3/3 loss=0.3271 l2=0.2000 label_smoothing=0.050
D step=4/5 epoch=1/3 loss=0.3409 l2=0.2000 label_smoothing=0.050
D step=4/5 epoch=2/3 loss=0.3406 l2=0.2000 label_smoothing=0.050
D step=4/5 epoch=3/3 loss=0.3448 l2=0.2000 label_smoothing=0.050
D step=5/5 epoch=1/3 loss=0.3414 l2=0.2000 label_smoothing=0.050
D step=5/5 epoch=2/3 loss=0.3423 l2=0.2000 label_smoothing=0.050
D step=5/5 epoch=3/3 loss=0.3415 l2=0.2000 label_smoothing=0.050
ADV epoch=170/200 g_loss=0.0009 d_loss=0.3280 reward=0.1949 reward_var=0.0005 unique=0.0200
D step=1/5 epoch=1/3 loss=0.3703 l2=0.2000 label_smoothing=0.050
D step=1/5 epoch=2/3 loss=0.3676 l2=0.2000 label_smoothing=0.050
D step=1/5 epoch=3/3 loss=0.3720 l2=0.2000 label_smoothing=0.050
D step=2/5 epoch=1/3 loss=0.3349 l2=0.2000 label_smoothing=0.050
D step=2/5 epoch=2/3 loss=0.3380 l2=0.2000 label_smoothing=0.050
D step=2/5 epoch=3/3 loss=0.3368 l2=0.2000 label_smoothing=0.050
D step=3/5 epoch=1/3 loss=0.3366 l2=0.2000 label_smoothing=0.050
D step=3/5 epoch=2/3 loss=0.3323 l2=0.2000 label_smoothing=0.050
D step=3/5 epoch=3/3 loss=0.3379 l2=0.2000 label_smoothing=0.050
D step=4/5 epoch=1/3 loss=0.3354 l2=0.2000 label_smoothing=0.050
D step=4/5 epoch=2/3 loss=0.3365 l2=0.2000 label_smoothing=0.050
D step=4/5 epoch=3/3 loss=0.3306 l2=0.2000 label_smoothing=0.050
D step=5/5 epoch=1/3 loss=0.3428 l2=0.2000 label_smoothing=0.050
D step=5/5 epoch=2/3 loss=0.3447 l2=0.2000 label_smoothing=0.050
D step=5/5 epoch=3/3 loss=0.3418 l2=0.2000 label_smoothing=0.050
ADV epoch=171/200 g_loss=0.0001 d_loss=0.3439 reward=0.1986 reward_var=0.0000 unique=0.0200
D step=1/5 epoch=1/3 loss=0.3714 l2=0.2000 label_smoothing=0.050
D step=1/5 epoch=2/3 loss=0.3652 l2=0.2000 label_smoothing=0.050
D step=1/5 epoch=3/3 loss=0.3623 l2=0.2000 label_smoothing=0.050
D step=2/5 epoch=1/3 loss=0.3490 l2=0.2000 label_smoothing=0.050
D step=2/5 epoch=2/3 loss=0.3489 l2=0.2000 label_smoothing=0.050
D step=2/5 epoch=3/3 loss=0.3461 l2=0.2000 label_smoothing=0.050
D step=3/5 epoch=1/3 loss=0.3399 l2=0.2000 label_smoothing=0.050
D step=3/5 epoch=2/3 loss=0.3417 l2=0.2000 label_smoothing=0.050
D step=3/5 epoch=3/3 loss=0.3419 l2=0.2000 label_smoothing=0.050
D step=4/5 epoch=1/3 loss=0.3316 l2=0.2000 label_smoothing=0.050
D step=4/5 epoch=2/3 loss=0.3337 l2=0.2000 label_smoothing=0.050
D step=4/5 epoch=3/3 loss=0.3311 l2=0.2000 label_smoothing=0.050
D step=5/5 epoch=1/3 loss=0.3448 l2=0.2000 label_smoothing=0.050
D step=5/5 epoch=2/3 loss=0.3511 l2=0.2000 label_smoothing=0.050
D step=5/5 epoch=3/3 loss=0.3456 l2=0.2000 label_smoothing=0.050
ADV epoch=172/200 g_loss=0.0001 d_loss=0.3470 reward=0.1991 reward_var=0.0000 unique=0.0200
D step=1/5 epoch=1/3 loss=0.3315 l2=0.2000 label_smoothing=0.050
D step=1/5 epoch=2/3 loss=0.3292 l2=0.2000 label_smoothing=0.050
D step=1/5 epoch=3/3 loss=0.3291 l2=0.2000 label_smoothing=0.050
D step=2/5 epoch=1/3 loss=0.3418 l2=0.2000 label_smoothing=0.050
D step=2/5 epoch=2/3 loss=0.3455 l2=0.2000 label_smoothing=0.050
D step=2/5 epoch=3/3 loss=0.3422 l2=0.2000 label_smoothing=0.050
D step=3/5 epoch=1/3 loss=0.3421 l2=0.2000 label_smoothing=0.050
D step=3/5 epoch=2/3 loss=0.3439 l2=0.2000 label_smoothing=0.050
D step=3/5 epoch=3/3 loss=0.3422 l2=0.2000 label_smoothing=0.050
D step=4/5 epoch=1/3 loss=0.3475 l2=0.2000 label_smoothing=0.050
D step=4/5 epoch=2/3 loss=0.3426 l2=0.2000 label_smoothing=0.050
D step=4/5 epoch=3/3 loss=0.3473 l2=0.2000 label_smoothing=0.050
D step=5/5 epoch=1/3 loss=0.3511 l2=0.2000 label_smoothing=0.050
D step=5/5 epoch=2/3 loss=0.3476 l2=0.2000 label_smoothing=0.050
D step=5/5 epoch=3/3 loss=0.3507 l2=0.2000 label_smoothing=0.050
ADV epoch=173/200 g_loss=0.0003 d_loss=0.3423 reward=0.1913 reward_var=0.0001 unique=0.0200
D step=1/5 epoch=1/3 loss=0.3407 l2=0.2000 label_smoothing=0.050
D step=1/5 epoch=2/3 loss=0.3392 l2=0.2000 label_smoothing=0.050
D step=1/5 epoch=3/3 loss=0.3428 l2=0.2000 label_smoothing=0.050
D step=2/5 epoch=1/3 loss=0.3541 l2=0.2000 label_smoothing=0.050
D step=2/5 epoch=2/3 loss=0.3510 l2=0.2000 label_smoothing=0.050
D step=2/5 epoch=3/3 loss=0.3550 l2=0.2000 label_smoothing=0.050
D step=3/5 epoch=1/3 loss=0.3104 l2=0.2000 label_smoothing=0.050
D step=3/5 epoch=2/3 loss=0.3059 l2=0.2000 label_smoothing=0.050
D step=3/5 epoch=3/3 loss=0.3079 l2=0.2000 label_smoothing=0.050
D step=4/5 epoch=1/3 loss=0.3339 l2=0.2000 label_smoothing=0.050
D step=4/5 epoch=2/3 loss=0.3359 l2=0.2000 label_smoothing=0.050
D step=4/5 epoch=3/3 loss=0.3376 l2=0.2000 label_smoothing=0.050
D step=5/5 epoch=1/3 loss=0.3518 l2=0.2000 label_smoothing=0.050
D step=5/5 epoch=2/3 loss=0.3477 l2=0.2000 label_smoothing=0.050
D step=5/5 epoch=3/3 loss=0.3501 l2=0.2000 label_smoothing=0.050
ADV epoch=174/200 g_loss=0.0001 d_loss=0.3376 reward=0.1987 reward_var=0.0000 unique=0.0400
D step=1/5 epoch=1/3 loss=0.3309 l2=0.2000 label_smoothing=0.050
D step=1/5 epoch=2/3 loss=0.3330 l2=0.2000 label_smoothing=0.050
D step=1/5 epoch=3/3 loss=0.3328 l2=0.2000 label_smoothing=0.050
D step=2/5 epoch=1/3 loss=0.3390 l2=0.2000 label_smoothing=0.050
D step=2/5 epoch=2/3 loss=0.3416 l2=0.2000 label_smoothing=0.050
D step=2/5 epoch=3/3 loss=0.3416 l2=0.2000 label_smoothing=0.050
D step=3/5 epoch=1/3 loss=0.3426 l2=0.2000 label_smoothing=0.050
D step=3/5 epoch=2/3 loss=0.3373 l2=0.2000 label_smoothing=0.050
D step=3/5 epoch=3/3 loss=0.3409 l2=0.2000 label_smoothing=0.050
D step=4/5 epoch=1/3 loss=0.3697 l2=0.2000 label_smoothing=0.050
D step=4/5 epoch=2/3 loss=0.3703 l2=0.2000 label_smoothing=0.050
D step=4/5 epoch=3/3 loss=0.3691 l2=0.2000 label_smoothing=0.050
D step=5/5 epoch=1/3 loss=0.3410 l2=0.2000 label_smoothing=0.050
D step=5/5 epoch=2/3 loss=0.3392 l2=0.2000 label_smoothing=0.050
D step=5/5 epoch=3/3 loss=0.3375 l2=0.2000 label_smoothing=0.050
ADV epoch=175/200 g_loss=0.0005 d_loss=0.3444 reward=0.1885 reward_var=0.0007 unique=0.0400
D step=1/5 epoch=1/3 loss=0.3470 l2=0.2000 label_smoothing=0.050
D step=1/5 epoch=2/3 loss=0.3473 l2=0.2000 label_smoothing=0.050
D step=1/5 epoch=3/3 loss=0.3453 l2=0.2000 label_smoothing=0.050
D step=2/5 epoch=1/3 loss=0.3458 l2=0.2000 label_smoothing=0.050
D step=2/5 epoch=2/3 loss=0.3480 l2=0.2000 label_smoothing=0.050
D step=2/5 epoch=3/3 loss=0.3517 l2=0.2000 label_smoothing=0.050
D step=3/5 epoch=1/3 loss=0.3407 l2=0.2000 label_smoothing=0.050
D step=3/5 epoch=2/3 loss=0.3397 l2=0.2000 label_smoothing=0.050
D step=3/5 epoch=3/3 loss=0.3375 l2=0.2000 label_smoothing=0.050
D step=4/5 epoch=1/3 loss=0.3590 l2=0.2000 label_smoothing=0.050
D step=4/5 epoch=2/3 loss=0.3570 l2=0.2000 label_smoothing=0.050
D step=4/5 epoch=3/3 loss=0.3614 l2=0.2000 label_smoothing=0.050
D step=5/5 epoch=1/3 loss=0.3416 l2=0.2000 label_smoothing=0.050
D step=5/5 epoch=2/3 loss=0.3382 l2=0.2000 label_smoothing=0.050
D step=5/5 epoch=3/3 loss=0.3414 l2=0.2000 label_smoothing=0.050
ADV epoch=176/200 g_loss=0.0003 d_loss=0.3468 reward=0.2029 reward_var=0.0003 unique=0.0200
D step=1/5 epoch=1/3 loss=0.3318 l2=0.2000 label_smoothing=0.050
D step=1/5 epoch=2/3 loss=0.3298 l2=0.2000 label_smoothing=0.050
D step=1/5 epoch=3/3 loss=0.3291 l2=0.2000 label_smoothing=0.050
D step=2/5 epoch=1/3 loss=0.3519 l2=0.2000 label_smoothing=0.050
D step=2/5 epoch=2/3 loss=0.3474 l2=0.2000 label_smoothing=0.050
D step=2/5 epoch=3/3 loss=0.3478 l2=0.2000 label_smoothing=0.050
D step=3/5 epoch=1/3 loss=0.3610 l2=0.2000 label_smoothing=0.050
D step=3/5 epoch=2/3 loss=0.3609 l2=0.2000 label_smoothing=0.050
D step=3/5 epoch=3/3 loss=0.3608 l2=0.2000 label_smoothing=0.050
D step=4/5 epoch=1/3 loss=0.3749 l2=0.2000 label_smoothing=0.050
D step=4/5 epoch=2/3 loss=0.3700 l2=0.2000 label_smoothing=0.050
D step=4/5 epoch=3/3 loss=0.3724 l2=0.2000 label_smoothing=0.050
D step=5/5 epoch=1/3 loss=0.3427 l2=0.2000 label_smoothing=0.050
D step=5/5 epoch=2/3 loss=0.3461 l2=0.2000 label_smoothing=0.050
D step=5/5 epoch=3/3 loss=0.3450 l2=0.2000 label_smoothing=0.050
ADV epoch=177/200 g_loss=0.0001 d_loss=0.3514 reward=0.1936 reward_var=0.0000 unique=0.0400
D step=1/5 epoch=1/3 loss=0.3233 l2=0.2000 label_smoothing=0.050
D step=1/5 epoch=2/3 loss=0.3227 l2=0.2000 label_smoothing=0.050
D step=1/5 epoch=3/3 loss=0.3219 l2=0.2000 label_smoothing=0.050
D step=2/5 epoch=1/3 loss=0.3558 l2=0.2000 label_smoothing=0.050
D step=2/5 epoch=2/3 loss=0.3542 l2=0.2000 label_smoothing=0.050
D step=2/5 epoch=3/3 loss=0.3529 l2=0.2000 label_smoothing=0.050
D step=3/5 epoch=1/3 loss=0.3280 l2=0.2000 label_smoothing=0.050
D step=3/5 epoch=2/3 loss=0.3310 l2=0.2000 label_smoothing=0.050
D step=3/5 epoch=3/3 loss=0.3311 l2=0.2000 label_smoothing=0.050
D step=4/5 epoch=1/3 loss=0.3539 l2=0.2000 label_smoothing=0.050
D step=4/5 epoch=2/3 loss=0.3565 l2=0.2000 label_smoothing=0.050
D step=4/5 epoch=3/3 loss=0.3510 l2=0.2000 label_smoothing=0.050
D step=5/5 epoch=1/3 loss=0.3463 l2=0.2000 label_smoothing=0.050
D step=5/5 epoch=2/3 loss=0.3456 l2=0.2000 label_smoothing=0.050
D step=5/5 epoch=3/3 loss=0.3448 l2=0.2000 label_smoothing=0.050
ADV epoch=178/200 g_loss=0.0001 d_loss=0.3413 reward=0.1947 reward_var=0.0000 unique=0.0600
D step=1/5 epoch=1/3 loss=0.3607 l2=0.2000 label_smoothing=0.050
D step=1/5 epoch=2/3 loss=0.3555 l2=0.2000 label_smoothing=0.050
D step=1/5 epoch=3/3 loss=0.3551 l2=0.2000 label_smoothing=0.050
D step=2/5 epoch=1/3 loss=0.3241 l2=0.2000 label_smoothing=0.050
D step=2/5 epoch=2/3 loss=0.3265 l2=0.2000 label_smoothing=0.050
D step=2/5 epoch=3/3 loss=0.3248 l2=0.2000 label_smoothing=0.050
D step=3/5 epoch=1/3 loss=0.3292 l2=0.2000 label_smoothing=0.050
D step=3/5 epoch=2/3 loss=0.3280 l2=0.2000 label_smoothing=0.050
D step=3/5 epoch=3/3 loss=0.3303 l2=0.2000 label_smoothing=0.050
D step=4/5 epoch=1/3 loss=0.3380 l2=0.2000 label_smoothing=0.050
D step=4/5 epoch=2/3 loss=0.3336 l2=0.2000 label_smoothing=0.050
D step=4/5 epoch=3/3 loss=0.3319 l2=0.2000 label_smoothing=0.050
D step=5/5 epoch=1/3 loss=0.3453 l2=0.2000 label_smoothing=0.050
D step=5/5 epoch=2/3 loss=0.3477 l2=0.2000 label_smoothing=0.050
D step=5/5 epoch=3/3 loss=0.3470 l2=0.2000 label_smoothing=0.050
ADV epoch=179/200 g_loss=0.0001 d_loss=0.3385 reward=0.2026 reward_var=0.0000 unique=0.0200
D step=1/5 epoch=1/3 loss=0.3315 l2=0.2000 label_smoothing=0.050
D step=1/5 epoch=2/3 loss=0.3289 l2=0.2000 label_smoothing=0.050
D step=1/5 epoch=3/3 loss=0.3314 l2=0.2000 label_smoothing=0.050
D step=2/5 epoch=1/3 loss=0.3410 l2=0.2000 label_smoothing=0.050
D step=2/5 epoch=2/3 loss=0.3408 l2=0.2000 label_smoothing=0.050
D step=2/5 epoch=3/3 loss=0.3426 l2=0.2000 label_smoothing=0.050
D step=3/5 epoch=1/3 loss=0.3405 l2=0.2000 label_smoothing=0.050
D step=3/5 epoch=2/3 loss=0.3378 l2=0.2000 label_smoothing=0.050
D step=3/5 epoch=3/3 loss=0.3392 l2=0.2000 label_smoothing=0.050
D step=4/5 epoch=1/3 loss=0.3482 l2=0.2000 label_smoothing=0.050
D step=4/5 epoch=2/3 loss=0.3480 l2=0.2000 label_smoothing=0.050
D step=4/5 epoch=3/3 loss=0.3443 l2=0.2000 label_smoothing=0.050
D step=5/5 epoch=1/3 loss=0.3414 l2=0.2000 label_smoothing=0.050
D step=5/5 epoch=2/3 loss=0.3422 l2=0.2000 label_smoothing=0.050
D step=5/5 epoch=3/3 loss=0.3407 l2=0.2000 label_smoothing=0.050
ADV epoch=180/200 g_loss=0.0012 d_loss=0.3399 reward=0.1955 reward_var=0.0000 unique=0.0200
D step=1/5 epoch=1/3 loss=0.3530 l2=0.2000 label_smoothing=0.050
D step=1/5 epoch=2/3 loss=0.3571 l2=0.2000 label_smoothing=0.050
D step=1/5 epoch=3/3 loss=0.3521 l2=0.2000 label_smoothing=0.050
D step=2/5 epoch=1/3 loss=0.3548 l2=0.2000 label_smoothing=0.050
D step=2/5 epoch=2/3 loss=0.3527 l2=0.2000 label_smoothing=0.050
D step=2/5 epoch=3/3 loss=0.3557 l2=0.2000 label_smoothing=0.050
D step=3/5 epoch=1/3 loss=0.3478 l2=0.2000 label_smoothing=0.050
D step=3/5 epoch=2/3 loss=0.3490 l2=0.2000 label_smoothing=0.050
D step=3/5 epoch=3/3 loss=0.3479 l2=0.2000 label_smoothing=0.050
D step=4/5 epoch=1/3 loss=0.3401 l2=0.2000 label_smoothing=0.050
D step=4/5 epoch=2/3 loss=0.3433 l2=0.2000 label_smoothing=0.050
D step=4/5 epoch=3/3 loss=0.3396 l2=0.2000 label_smoothing=0.050
D step=5/5 epoch=1/3 loss=0.3406 l2=0.2000 label_smoothing=0.050
D step=5/5 epoch=2/3 loss=0.3381 l2=0.2000 label_smoothing=0.050
D step=5/5 epoch=3/3 loss=0.3414 l2=0.2000 label_smoothing=0.050
ADV epoch=181/200 g_loss=0.0001 d_loss=0.3475 reward=0.1941 reward_var=0.0000 unique=0.0400
D step=1/5 epoch=1/3 loss=0.3366 l2=0.2000 label_smoothing=0.050
D step=1/5 epoch=2/3 loss=0.3382 l2=0.2000 label_smoothing=0.050
D step=1/5 epoch=3/3 loss=0.3330 l2=0.2000 label_smoothing=0.050
D step=2/5 epoch=1/3 loss=0.3190 l2=0.2000 label_smoothing=0.050
D step=2/5 epoch=2/3 loss=0.3172 l2=0.2000 label_smoothing=0.050
D step=2/5 epoch=3/3 loss=0.3154 l2=0.2000 label_smoothing=0.050
D step=3/5 epoch=1/3 loss=0.3378 l2=0.2000 label_smoothing=0.050
D step=3/5 epoch=2/3 loss=0.3335 l2=0.2000 label_smoothing=0.050
D step=3/5 epoch=3/3 loss=0.3389 l2=0.2000 label_smoothing=0.050
D step=4/5 epoch=1/3 loss=0.3202 l2=0.2000 label_smoothing=0.050
D step=4/5 epoch=2/3 loss=0.3273 l2=0.2000 label_smoothing=0.050
D step=4/5 epoch=3/3 loss=0.3245 l2=0.2000 label_smoothing=0.050
D step=5/5 epoch=1/3 loss=0.3456 l2=0.2000 label_smoothing=0.050
D step=5/5 epoch=2/3 loss=0.3508 l2=0.2000 label_smoothing=0.050
D step=5/5 epoch=3/3 loss=0.3444 l2=0.2000 label_smoothing=0.050
ADV epoch=182/200 g_loss=0.0001 d_loss=0.3321 reward=0.1868 reward_var=0.0000 unique=0.0200
D step=1/5 epoch=1/3 loss=0.3562 l2=0.2000 label_smoothing=0.050
D step=1/5 epoch=2/3 loss=0.3554 l2=0.2000 label_smoothing=0.050
D step=1/5 epoch=3/3 loss=0.3553 l2=0.2000 label_smoothing=0.050
D step=2/5 epoch=1/3 loss=0.3377 l2=0.2000 label_smoothing=0.050
D step=2/5 epoch=2/3 loss=0.3349 l2=0.2000 label_smoothing=0.050
D step=2/5 epoch=3/3 loss=0.3362 l2=0.2000 label_smoothing=0.050
D step=3/5 epoch=1/3 loss=0.3304 l2=0.2000 label_smoothing=0.050
D step=3/5 epoch=2/3 loss=0.3294 l2=0.2000 label_smoothing=0.050
D step=3/5 epoch=3/3 loss=0.3289 l2=0.2000 label_smoothing=0.050
D step=4/5 epoch=1/3 loss=0.3527 l2=0.2000 label_smoothing=0.050
D step=4/5 epoch=2/3 loss=0.3523 l2=0.2000 label_smoothing=0.050
D step=4/5 epoch=3/3 loss=0.3489 l2=0.2000 label_smoothing=0.050
D step=5/5 epoch=1/3 loss=0.3436 l2=0.2000 label_smoothing=0.050
D step=5/5 epoch=2/3 loss=0.3456 l2=0.2000 label_smoothing=0.050
D step=5/5 epoch=3/3 loss=0.3465 l2=0.2000 label_smoothing=0.050
ADV epoch=183/200 g_loss=0.0020 d_loss=0.3436 reward=0.1871 reward_var=0.0004 unique=0.0200
D step=1/5 epoch=1/3 loss=0.3540 l2=0.2000 label_smoothing=0.050
D step=1/5 epoch=2/3 loss=0.3501 l2=0.2000 label_smoothing=0.050
D step=1/5 epoch=3/3 loss=0.3532 l2=0.2000 label_smoothing=0.050
D step=2/5 epoch=1/3 loss=0.3233 l2=0.2000 label_smoothing=0.050
D step=2/5 epoch=2/3 loss=0.3218 l2=0.2000 label_smoothing=0.050
D step=2/5 epoch=3/3 loss=0.3244 l2=0.2000 label_smoothing=0.050
D step=3/5 epoch=1/3 loss=0.3194 l2=0.2000 label_smoothing=0.050
D step=3/5 epoch=2/3 loss=0.3252 l2=0.2000 label_smoothing=0.050
D step=3/5 epoch=3/3 loss=0.3248 l2=0.2000 label_smoothing=0.050
D step=4/5 epoch=1/3 loss=0.3376 l2=0.2000 label_smoothing=0.050
D step=4/5 epoch=2/3 loss=0.3351 l2=0.2000 label_smoothing=0.050
D step=4/5 epoch=3/3 loss=0.3344 l2=0.2000 label_smoothing=0.050
D step=5/5 epoch=1/3 loss=0.3348 l2=0.2000 label_smoothing=0.050
D step=5/5 epoch=2/3 loss=0.3374 l2=0.2000 label_smoothing=0.050
D step=5/5 epoch=3/3 loss=0.3350 l2=0.2000 label_smoothing=0.050
ADV epoch=184/200 g_loss=0.0001 d_loss=0.3340 reward=0.2061 reward_var=0.0000 unique=0.0200
D step=1/5 epoch=1/3 loss=0.3277 l2=0.2000 label_smoothing=0.050
D step=1/5 epoch=2/3 loss=0.3222 l2=0.2000 label_smoothing=0.050
D step=1/5 epoch=3/3 loss=0.3258 l2=0.2000 label_smoothing=0.050
D step=2/5 epoch=1/3 loss=0.3429 l2=0.2000 label_smoothing=0.050
D step=2/5 epoch=2/3 loss=0.3399 l2=0.2000 label_smoothing=0.050
D step=2/5 epoch=3/3 loss=0.3447 l2=0.2000 label_smoothing=0.050
D step=3/5 epoch=1/3 loss=0.3361 l2=0.2000 label_smoothing=0.050
D step=3/5 epoch=2/3 loss=0.3351 l2=0.2000 label_smoothing=0.050
D step=3/5 epoch=3/3 loss=0.3353 l2=0.2000 label_smoothing=0.050
D step=4/5 epoch=1/3 loss=0.3340 l2=0.2000 label_smoothing=0.050
D step=4/5 epoch=2/3 loss=0.3261 l2=0.2000 label_smoothing=0.050
D step=4/5 epoch=3/3 loss=0.3301 l2=0.2000 label_smoothing=0.050
D step=5/5 epoch=1/3 loss=0.3342 l2=0.2000 label_smoothing=0.050
D step=5/5 epoch=2/3 loss=0.3312 l2=0.2000 label_smoothing=0.050
D step=5/5 epoch=3/3 loss=0.3412 l2=0.2000 label_smoothing=0.050
ADV epoch=185/200 g_loss=0.0005 d_loss=0.3338 reward=0.1844 reward_var=0.0003 unique=0.0200
D step=1/5 epoch=1/3 loss=0.3615 l2=0.2000 label_smoothing=0.050
D step=1/5 epoch=2/3 loss=0.3590 l2=0.2000 label_smoothing=0.050
D step=1/5 epoch=3/3 loss=0.3596 l2=0.2000 label_smoothing=0.050
D step=2/5 epoch=1/3 loss=0.3387 l2=0.2000 label_smoothing=0.050
D step=2/5 epoch=2/3 loss=0.3368 l2=0.2000 label_smoothing=0.050
D step=2/5 epoch=3/3 loss=0.3373 l2=0.2000 label_smoothing=0.050
D step=3/5 epoch=1/3 loss=0.3528 l2=0.2000 label_smoothing=0.050
D step=3/5 epoch=2/3 loss=0.3538 l2=0.2000 label_smoothing=0.050
D step=3/5 epoch=3/3 loss=0.3539 l2=0.2000 label_smoothing=0.050
D step=4/5 epoch=1/3 loss=0.3283 l2=0.2000 label_smoothing=0.050
D step=4/5 epoch=2/3 loss=0.3263 l2=0.2000 label_smoothing=0.050
D step=4/5 epoch=3/3 loss=0.3318 l2=0.2000 label_smoothing=0.050
D step=5/5 epoch=1/3 loss=0.3269 l2=0.2000 label_smoothing=0.050
D step=5/5 epoch=2/3 loss=0.3230 l2=0.2000 label_smoothing=0.050
D step=5/5 epoch=3/3 loss=0.3219 l2=0.2000 label_smoothing=0.050
ADV epoch=186/200 g_loss=0.0001 d_loss=0.3408 reward=0.1832 reward_var=0.0000 unique=0.0200
D step=1/5 epoch=1/3 loss=0.3287 l2=0.2000 label_smoothing=0.050
D step=1/5 epoch=2/3 loss=0.3285 l2=0.2000 label_smoothing=0.050
D step=1/5 epoch=3/3 loss=0.3299 l2=0.2000 label_smoothing=0.050
D step=2/5 epoch=1/3 loss=0.3552 l2=0.2000 label_smoothing=0.050
D step=2/5 epoch=2/3 loss=0.3556 l2=0.2000 label_smoothing=0.050
D step=2/5 epoch=3/3 loss=0.3533 l2=0.2000 label_smoothing=0.050
D step=3/5 epoch=1/3 loss=0.3531 l2=0.2000 label_smoothing=0.050
D step=3/5 epoch=2/3 loss=0.3549 l2=0.2000 label_smoothing=0.050
D step=3/5 epoch=3/3 loss=0.3564 l2=0.2000 label_smoothing=0.050
D step=4/5 epoch=1/3 loss=0.3519 l2=0.2000 label_smoothing=0.050
D step=4/5 epoch=2/3 loss=0.3533 l2=0.2000 label_smoothing=0.050
D step=4/5 epoch=3/3 loss=0.3522 l2=0.2000 label_smoothing=0.050
D step=5/5 epoch=1/3 loss=0.3497 l2=0.2000 label_smoothing=0.050
D step=5/5 epoch=2/3 loss=0.3486 l2=0.2000 label_smoothing=0.050
D step=5/5 epoch=3/3 loss=0.3457 l2=0.2000 label_smoothing=0.050
ADV epoch=187/200 g_loss=0.0006 d_loss=0.3478 reward=0.1759 reward_var=0.0004 unique=0.0200
D step=1/5 epoch=1/3 loss=0.3358 l2=0.2000 label_smoothing=0.050
D step=1/5 epoch=2/3 loss=0.3375 l2=0.2000 label_smoothing=0.050
D step=1/5 epoch=3/3 loss=0.3348 l2=0.2000 label_smoothing=0.050
D step=2/5 epoch=1/3 loss=0.3384 l2=0.2000 label_smoothing=0.050
D step=2/5 epoch=2/3 loss=0.3381 l2=0.2000 label_smoothing=0.050
D step=2/5 epoch=3/3 loss=0.3375 l2=0.2000 label_smoothing=0.050
D step=3/5 epoch=1/3 loss=0.3423 l2=0.2000 label_smoothing=0.050
D step=3/5 epoch=2/3 loss=0.3441 l2=0.2000 label_smoothing=0.050
D step=3/5 epoch=3/3 loss=0.3397 l2=0.2000 label_smoothing=0.050
D step=4/5 epoch=1/3 loss=0.3506 l2=0.2000 label_smoothing=0.050
D step=4/5 epoch=2/3 loss=0.3499 l2=0.2000 label_smoothing=0.050
D step=4/5 epoch=3/3 loss=0.3478 l2=0.2000 label_smoothing=0.050
D step=5/5 epoch=1/3 loss=0.3447 l2=0.2000 label_smoothing=0.050
D step=5/5 epoch=2/3 loss=0.3475 l2=0.2000 label_smoothing=0.050
D step=5/5 epoch=3/3 loss=0.3486 l2=0.2000 label_smoothing=0.050
ADV epoch=188/200 g_loss=0.0016 d_loss=0.3425 reward=0.1917 reward_var=0.0007 unique=0.0200
D step=1/5 epoch=1/3 loss=0.3434 l2=0.2000 label_smoothing=0.050
D step=1/5 epoch=2/3 loss=0.3394 l2=0.2000 label_smoothing=0.050
D step=1/5 epoch=3/3 loss=0.3397 l2=0.2000 label_smoothing=0.050
D step=2/5 epoch=1/3 loss=0.3324 l2=0.2000 label_smoothing=0.050
D step=2/5 epoch=2/3 loss=0.3357 l2=0.2000 label_smoothing=0.050
D step=2/5 epoch=3/3 loss=0.3308 l2=0.2000 label_smoothing=0.050
D step=3/5 epoch=1/3 loss=0.3342 l2=0.2000 label_smoothing=0.050
D step=3/5 epoch=2/3 loss=0.3354 l2=0.2000 label_smoothing=0.050
D step=3/5 epoch=3/3 loss=0.3355 l2=0.2000 label_smoothing=0.050
D step=4/5 epoch=1/3 loss=0.3530 l2=0.2000 label_smoothing=0.050
D step=4/5 epoch=2/3 loss=0.3552 l2=0.2000 label_smoothing=0.050
D step=4/5 epoch=3/3 loss=0.3539 l2=0.2000 label_smoothing=0.050
D step=5/5 epoch=1/3 loss=0.3465 l2=0.2000 label_smoothing=0.050
D step=5/5 epoch=2/3 loss=0.3493 l2=0.2000 label_smoothing=0.050
D step=5/5 epoch=3/3 loss=0.3454 l2=0.2000 label_smoothing=0.050
ADV epoch=189/200 g_loss=0.0003 d_loss=0.3420 reward=0.1896 reward_var=0.0004 unique=0.0200
D step=1/5 epoch=1/3 loss=0.3607 l2=0.2000 label_smoothing=0.050
D step=1/5 epoch=2/3 loss=0.3570 l2=0.2000 label_smoothing=0.050
D step=1/5 epoch=3/3 loss=0.3621 l2=0.2000 label_smoothing=0.050
D step=2/5 epoch=1/3 loss=0.3494 l2=0.2000 label_smoothing=0.050
D step=2/5 epoch=2/3 loss=0.3467 l2=0.2000 label_smoothing=0.050
D step=2/5 epoch=3/3 loss=0.3486 l2=0.2000 label_smoothing=0.050
D step=3/5 epoch=1/3 loss=0.3414 l2=0.2000 label_smoothing=0.050
D step=3/5 epoch=2/3 loss=0.3434 l2=0.2000 label_smoothing=0.050
D step=3/5 epoch=3/3 loss=0.3428 l2=0.2000 label_smoothing=0.050
D step=4/5 epoch=1/3 loss=0.3370 l2=0.2000 label_smoothing=0.050
D step=4/5 epoch=2/3 loss=0.3334 l2=0.2000 label_smoothing=0.050
D step=4/5 epoch=3/3 loss=0.3357 l2=0.2000 label_smoothing=0.050
D step=5/5 epoch=1/3 loss=0.3429 l2=0.2000 label_smoothing=0.050
D step=5/5 epoch=2/3 loss=0.3482 l2=0.2000 label_smoothing=0.050
D step=5/5 epoch=3/3 loss=0.3477 l2=0.2000 label_smoothing=0.050
ADV epoch=190/200 g_loss=0.0001 d_loss=0.3465 reward=0.2032 reward_var=0.0000 unique=0.0400
D step=1/5 epoch=1/3 loss=0.3430 l2=0.2000 label_smoothing=0.050
D step=1/5 epoch=2/3 loss=0.3408 l2=0.2000 label_smoothing=0.050
D step=1/5 epoch=3/3 loss=0.3398 l2=0.2000 label_smoothing=0.050
D step=2/5 epoch=1/3 loss=0.3509 l2=0.2000 label_smoothing=0.050
D step=2/5 epoch=2/3 loss=0.3504 l2=0.2000 label_smoothing=0.050
D step=2/5 epoch=3/3 loss=0.3535 l2=0.2000 label_smoothing=0.050
D step=3/5 epoch=1/3 loss=0.3303 l2=0.2000 label_smoothing=0.050
D step=3/5 epoch=2/3 loss=0.3297 l2=0.2000 label_smoothing=0.050
D step=3/5 epoch=3/3 loss=0.3272 l2=0.2000 label_smoothing=0.050
D step=4/5 epoch=1/3 loss=0.3529 l2=0.2000 label_smoothing=0.050
D step=4/5 epoch=2/3 loss=0.3510 l2=0.2000 label_smoothing=0.050
D step=4/5 epoch=3/3 loss=0.3487 l2=0.2000 label_smoothing=0.050
D step=5/5 epoch=1/3 loss=0.3343 l2=0.2000 label_smoothing=0.050
D step=5/5 epoch=2/3 loss=0.3389 l2=0.2000 label_smoothing=0.050
D step=5/5 epoch=3/3 loss=0.3370 l2=0.2000 label_smoothing=0.050
ADV epoch=191/200 g_loss=0.0001 d_loss=0.3419 reward=0.1936 reward_var=0.0000 unique=0.0200
D step=1/5 epoch=1/3 loss=0.3585 l2=0.2000 label_smoothing=0.050
D step=1/5 epoch=2/3 loss=0.3619 l2=0.2000 label_smoothing=0.050
D step=1/5 epoch=3/3 loss=0.3599 l2=0.2000 label_smoothing=0.050
D step=2/5 epoch=1/3 loss=0.3317 l2=0.2000 label_smoothing=0.050
D step=2/5 epoch=2/3 loss=0.3335 l2=0.2000 label_smoothing=0.050
D step=2/5 epoch=3/3 loss=0.3328 l2=0.2000 label_smoothing=0.050
D step=3/5 epoch=1/3 loss=0.3680 l2=0.2000 label_smoothing=0.050
D step=3/5 epoch=2/3 loss=0.3657 l2=0.2000 label_smoothing=0.050
D step=3/5 epoch=3/3 loss=0.3627 l2=0.2000 label_smoothing=0.050
D step=4/5 epoch=1/3 loss=0.3362 l2=0.2000 label_smoothing=0.050
D step=4/5 epoch=2/3 loss=0.3376 l2=0.2000 label_smoothing=0.050
D step=4/5 epoch=3/3 loss=0.3369 l2=0.2000 label_smoothing=0.050
D step=5/5 epoch=1/3 loss=0.3502 l2=0.2000 label_smoothing=0.050
D step=5/5 epoch=2/3 loss=0.3473 l2=0.2000 label_smoothing=0.050
D step=5/5 epoch=3/3 loss=0.3448 l2=0.2000 label_smoothing=0.050
ADV epoch=192/200 g_loss=0.0002 d_loss=0.3485 reward=0.1885 reward_var=0.0002 unique=0.0400
D step=1/5 epoch=1/3 loss=0.3244 l2=0.2000 label_smoothing=0.050
D step=1/5 epoch=2/3 loss=0.3261 l2=0.2000 label_smoothing=0.050
D step=1/5 epoch=3/3 loss=0.3263 l2=0.2000 label_smoothing=0.050
D step=2/5 epoch=1/3 loss=0.3289 l2=0.2000 label_smoothing=0.050
D step=2/5 epoch=2/3 loss=0.3330 l2=0.2000 label_smoothing=0.050
D step=2/5 epoch=3/3 loss=0.3297 l2=0.2000 label_smoothing=0.050
D step=3/5 epoch=1/3 loss=0.3384 l2=0.2000 label_smoothing=0.050
D step=3/5 epoch=2/3 loss=0.3351 l2=0.2000 label_smoothing=0.050
D step=3/5 epoch=3/3 loss=0.3366 l2=0.2000 label_smoothing=0.050
D step=4/5 epoch=1/3 loss=0.3332 l2=0.2000 label_smoothing=0.050
D step=4/5 epoch=2/3 loss=0.3378 l2=0.2000 label_smoothing=0.050
D step=4/5 epoch=3/3 loss=0.3346 l2=0.2000 label_smoothing=0.050
D step=5/5 epoch=1/3 loss=0.3506 l2=0.2000 label_smoothing=0.050
D step=5/5 epoch=2/3 loss=0.3519 l2=0.2000 label_smoothing=0.050
D step=5/5 epoch=3/3 loss=0.3518 l2=0.2000 label_smoothing=0.050
ADV epoch=193/200 g_loss=0.0001 d_loss=0.3359 reward=0.1938 reward_var=0.0000 unique=0.0200
D step=1/5 epoch=1/3 loss=0.3149 l2=0.2000 label_smoothing=0.050
D step=1/5 epoch=2/3 loss=0.3167 l2=0.2000 label_smoothing=0.050
D step=1/5 epoch=3/3 loss=0.3187 l2=0.2000 label_smoothing=0.050
D step=2/5 epoch=1/3 loss=0.3483 l2=0.2000 label_smoothing=0.050
D step=2/5 epoch=2/3 loss=0.3475 l2=0.2000 label_smoothing=0.050
D step=2/5 epoch=3/3 loss=0.3461 l2=0.2000 label_smoothing=0.050
D step=3/5 epoch=1/3 loss=0.3263 l2=0.2000 label_smoothing=0.050
D step=3/5 epoch=2/3 loss=0.3269 l2=0.2000 label_smoothing=0.050
D step=3/5 epoch=3/3 loss=0.3243 l2=0.2000 label_smoothing=0.050
D step=4/5 epoch=1/3 loss=0.3514 l2=0.2000 label_smoothing=0.050
D step=4/5 epoch=2/3 loss=0.3523 l2=0.2000 label_smoothing=0.050
D step=4/5 epoch=3/3 loss=0.3515 l2=0.2000 label_smoothing=0.050
D step=5/5 epoch=1/3 loss=0.3273 l2=0.2000 label_smoothing=0.050
D step=5/5 epoch=2/3 loss=0.3228 l2=0.2000 label_smoothing=0.050
D step=5/5 epoch=3/3 loss=0.3223 l2=0.2000 label_smoothing=0.050
ADV epoch=194/200 g_loss=0.0005 d_loss=0.3331 reward=0.1943 reward_var=0.0001 unique=0.0400
D step=1/5 epoch=1/3 loss=0.3301 l2=0.2000 label_smoothing=0.050
D step=1/5 epoch=2/3 loss=0.3300 l2=0.2000 label_smoothing=0.050
D step=1/5 epoch=3/3 loss=0.3250 l2=0.2000 label_smoothing=0.050
D step=2/5 epoch=1/3 loss=0.3434 l2=0.2000 label_smoothing=0.050
D step=2/5 epoch=2/3 loss=0.3436 l2=0.2000 label_smoothing=0.050
D step=2/5 epoch=3/3 loss=0.3430 l2=0.2000 label_smoothing=0.050
D step=3/5 epoch=1/3 loss=0.3362 l2=0.2000 label_smoothing=0.050
D step=3/5 epoch=2/3 loss=0.3355 l2=0.2000 label_smoothing=0.050
D step=3/5 epoch=3/3 loss=0.3370 l2=0.2000 label_smoothing=0.050
D step=4/5 epoch=1/3 loss=0.3349 l2=0.2000 label_smoothing=0.050
D step=4/5 epoch=2/3 loss=0.3344 l2=0.2000 label_smoothing=0.050
D step=4/5 epoch=3/3 loss=0.3369 l2=0.2000 label_smoothing=0.050
D step=5/5 epoch=1/3 loss=0.3483 l2=0.2000 label_smoothing=0.050
D step=5/5 epoch=2/3 loss=0.3471 l2=0.2000 label_smoothing=0.050
D step=5/5 epoch=3/3 loss=0.3436 l2=0.2000 label_smoothing=0.050
ADV epoch=195/200 g_loss=0.0001 d_loss=0.3379 reward=0.1860 reward_var=0.0000 unique=0.0200
D step=1/5 epoch=1/3 loss=0.3612 l2=0.2000 label_smoothing=0.050
D step=1/5 epoch=2/3 loss=0.3553 l2=0.2000 label_smoothing=0.050
D step=1/5 epoch=3/3 loss=0.3588 l2=0.2000 label_smoothing=0.050
D step=2/5 epoch=1/3 loss=0.3501 l2=0.2000 label_smoothing=0.050
D step=2/5 epoch=2/3 loss=0.3493 l2=0.2000 label_smoothing=0.050
D step=2/5 epoch=3/3 loss=0.3480 l2=0.2000 label_smoothing=0.050
D step=3/5 epoch=1/3 loss=0.3418 l2=0.2000 label_smoothing=0.050
D step=3/5 epoch=2/3 loss=0.3390 l2=0.2000 label_smoothing=0.050
D step=3/5 epoch=3/3 loss=0.3426 l2=0.2000 label_smoothing=0.050
D step=4/5 epoch=1/3 loss=0.3409 l2=0.2000 label_smoothing=0.050
D step=4/5 epoch=2/3 loss=0.3401 l2=0.2000 label_smoothing=0.050
D step=4/5 epoch=3/3 loss=0.3415 l2=0.2000 label_smoothing=0.050
D step=5/5 epoch=1/3 loss=0.3490 l2=0.2000 label_smoothing=0.050
D step=5/5 epoch=2/3 loss=0.3437 l2=0.2000 label_smoothing=0.050
D step=5/5 epoch=3/3 loss=0.3484 l2=0.2000 label_smoothing=0.050
ADV epoch=196/200 g_loss=0.0001 d_loss=0.3473 reward=0.1977 reward_var=0.0000 unique=0.0200
D step=1/5 epoch=1/3 loss=0.3499 l2=0.2000 label_smoothing=0.050
D step=1/5 epoch=2/3 loss=0.3508 l2=0.2000 label_smoothing=0.050
D step=1/5 epoch=3/3 loss=0.3556 l2=0.2000 label_smoothing=0.050
D step=2/5 epoch=1/3 loss=0.3374 l2=0.2000 label_smoothing=0.050
D step=2/5 epoch=2/3 loss=0.3358 l2=0.2000 label_smoothing=0.050
D step=2/5 epoch=3/3 loss=0.3372 l2=0.2000 label_smoothing=0.050
D step=3/5 epoch=1/3 loss=0.3590 l2=0.2000 label_smoothing=0.050
D step=3/5 epoch=2/3 loss=0.3567 l2=0.2000 label_smoothing=0.050
D step=3/5 epoch=3/3 loss=0.3599 l2=0.2000 label_smoothing=0.050
D step=4/5 epoch=1/3 loss=0.3546 l2=0.2000 label_smoothing=0.050
D step=4/5 epoch=2/3 loss=0.3533 l2=0.2000 label_smoothing=0.050
D step=4/5 epoch=3/3 loss=0.3552 l2=0.2000 label_smoothing=0.050
D step=5/5 epoch=1/3 loss=0.3522 l2=0.2000 label_smoothing=0.050
D step=5/5 epoch=2/3 loss=0.3540 l2=0.2000 label_smoothing=0.050
D step=5/5 epoch=3/3 loss=0.3515 l2=0.2000 label_smoothing=0.050
ADV epoch=197/200 g_loss=0.0001 d_loss=0.3509 reward=0.1960 reward_var=0.0000 unique=0.0200
D step=1/5 epoch=1/3 loss=0.3281 l2=0.2000 label_smoothing=0.050
D step=1/5 epoch=2/3 loss=0.3284 l2=0.2000 label_smoothing=0.050
D step=1/5 epoch=3/3 loss=0.3285 l2=0.2000 label_smoothing=0.050
D step=2/5 epoch=1/3 loss=0.3569 l2=0.2000 label_smoothing=0.050
D step=2/5 epoch=2/3 loss=0.3516 l2=0.2000 label_smoothing=0.050
D step=2/5 epoch=3/3 loss=0.3523 l2=0.2000 label_smoothing=0.050
D step=3/5 epoch=1/3 loss=0.3597 l2=0.2000 label_smoothing=0.050
D step=3/5 epoch=2/3 loss=0.3581 l2=0.2000 label_smoothing=0.050
D step=3/5 epoch=3/3 loss=0.3573 l2=0.2000 label_smoothing=0.050
D step=4/5 epoch=1/3 loss=0.3229 l2=0.2000 label_smoothing=0.050
D step=4/5 epoch=2/3 loss=0.3247 l2=0.2000 label_smoothing=0.050
D step=4/5 epoch=3/3 loss=0.3227 l2=0.2000 label_smoothing=0.050
D step=5/5 epoch=1/3 loss=0.3134 l2=0.2000 label_smoothing=0.050
D step=5/5 epoch=2/3 loss=0.3167 l2=0.2000 label_smoothing=0.050
D step=5/5 epoch=3/3 loss=0.3153 l2=0.2000 label_smoothing=0.050
ADV epoch=198/200 g_loss=0.0003 d_loss=0.3358 reward=0.2044 reward_var=0.0004 unique=0.0200
D step=1/5 epoch=1/3 loss=0.3398 l2=0.2000 label_smoothing=0.050
D step=1/5 epoch=2/3 loss=0.3412 l2=0.2000 label_smoothing=0.050
D step=1/5 epoch=3/3 loss=0.3404 l2=0.2000 label_smoothing=0.050
D step=2/5 epoch=1/3 loss=0.3441 l2=0.2000 label_smoothing=0.050
D step=2/5 epoch=2/3 loss=0.3452 l2=0.2000 label_smoothing=0.050
D step=2/5 epoch=3/3 loss=0.3449 l2=0.2000 label_smoothing=0.050
D step=3/5 epoch=1/3 loss=0.3395 l2=0.2000 label_smoothing=0.050
D step=3/5 epoch=2/3 loss=0.3391 l2=0.2000 label_smoothing=0.050
D step=3/5 epoch=3/3 loss=0.3437 l2=0.2000 label_smoothing=0.050
D step=4/5 epoch=1/3 loss=0.3544 l2=0.2000 label_smoothing=0.050
D step=4/5 epoch=2/3 loss=0.3547 l2=0.2000 label_smoothing=0.050
D step=4/5 epoch=3/3 loss=0.3555 l2=0.2000 label_smoothing=0.050
D step=5/5 epoch=1/3 loss=0.3254 l2=0.2000 label_smoothing=0.050
D step=5/5 epoch=2/3 loss=0.3218 l2=0.2000 label_smoothing=0.050
D step=5/5 epoch=3/3 loss=0.3273 l2=0.2000 label_smoothing=0.050
ADV epoch=199/200 g_loss=0.0001 d_loss=0.3411 reward=0.1668 reward_var=0.0000 unique=0.0600
D step=1/5 epoch=1/3 loss=0.3525 l2=0.2000 label_smoothing=0.050
D step=1/5 epoch=2/3 loss=0.3529 l2=0.2000 label_smoothing=0.050
D step=1/5 epoch=3/3 loss=0.3529 l2=0.2000 label_smoothing=0.050
D step=2/5 epoch=1/3 loss=0.3282 l2=0.2000 label_smoothing=0.050
D step=2/5 epoch=2/3 loss=0.3284 l2=0.2000 label_smoothing=0.050
D step=2/5 epoch=3/3 loss=0.3325 l2=0.2000 label_smoothing=0.050
D step=3/5 epoch=1/3 loss=0.3338 l2=0.2000 label_smoothing=0.050
D step=3/5 epoch=2/3 loss=0.3375 l2=0.2000 label_smoothing=0.050
D step=3/5 epoch=3/3 loss=0.3331 l2=0.2000 label_smoothing=0.050
D step=4/5 epoch=1/3 loss=0.3535 l2=0.2000 label_smoothing=0.050
D step=4/5 epoch=2/3 loss=0.3526 l2=0.2000 label_smoothing=0.050
D step=4/5 epoch=3/3 loss=0.3562 l2=0.2000 label_smoothing=0.050
D step=5/5 epoch=1/3 loss=0.3417 l2=0.2000 label_smoothing=0.050
D step=5/5 epoch=2/3 loss=0.3414 l2=0.2000 label_smoothing=0.050
D step=5/5 epoch=3/3 loss=0.3390 l2=0.2000 label_smoothing=0.050
ADV epoch=200/200 g_loss=0.0004 d_loss=0.3424 reward=0.1754 reward_var=0.0007 unique=0.0200
saved 2000 raw samples to /content/drive/MyDrive/GAN/GAN_for_SQLi/result/phase3/seqgan_improved/union/F/R100/V3/generated_payloads.csv
