
[1/3] pretrain G
G epoch=1/120 loss=4.4937
G epoch=2/120 loss=4.0846
G epoch=3/120 loss=3.5302
G epoch=4/120 loss=3.0105
G epoch=5/120 loss=2.8225
G epoch=6/120 loss=2.6899
G epoch=7/120 loss=2.5893
G epoch=8/120 loss=2.5328
G epoch=9/120 loss=2.4329
G epoch=10/120 loss=2.3917
G epoch=11/120 loss=2.3374
G epoch=12/120 loss=2.2902
G epoch=13/120 loss=2.1547
G epoch=14/120 loss=2.1013
G epoch=15/120 loss=2.0187
G epoch=16/120 loss=2.0015
G epoch=17/120 loss=1.9044
G epoch=18/120 loss=1.8703
G epoch=19/120 loss=1.8369
G epoch=20/120 loss=1.8210
G epoch=21/120 loss=1.7990
G epoch=22/120 loss=1.7317
G epoch=23/120 loss=1.6572
G epoch=24/120 loss=1.6747
G epoch=25/120 loss=1.5680
G epoch=26/120 loss=1.5572
G epoch=27/120 loss=1.5443
G epoch=28/120 loss=1.4926
G epoch=29/120 loss=1.4519
G epoch=30/120 loss=1.4630
G epoch=31/120 loss=1.3810
G epoch=32/120 loss=1.4096
G epoch=33/120 loss=1.3447
G epoch=34/120 loss=1.3483
G epoch=35/120 loss=1.3244
G epoch=36/120 loss=1.2723
G epoch=37/120 loss=1.2756
G epoch=38/120 loss=1.2313
G epoch=39/120 loss=1.2283
G epoch=40/120 loss=1.2180
G epoch=41/120 loss=1.2013
G epoch=42/120 loss=1.1524
G epoch=43/120 loss=1.1276
G epoch=44/120 loss=1.1393
G epoch=45/120 loss=1.1021
G epoch=46/120 loss=1.0769
G epoch=47/120 loss=1.0871
G epoch=48/120 loss=1.0657
G epoch=49/120 loss=1.0545
G epoch=50/120 loss=1.0320
G epoch=51/120 loss=1.0162
G epoch=52/120 loss=1.0188
G epoch=53/120 loss=1.0004
G epoch=54/120 loss=0.9930
G epoch=55/120 loss=0.9640
G epoch=56/120 loss=0.9654
G epoch=57/120 loss=0.9114
G epoch=58/120 loss=0.9134
G epoch=59/120 loss=0.9169
G epoch=60/120 loss=0.9177
G epoch=61/120 loss=0.9145
G epoch=62/120 loss=0.8811
G epoch=63/120 loss=0.8764
G epoch=64/120 loss=0.8686
G epoch=65/120 loss=0.8459
G epoch=66/120 loss=0.8532
G epoch=67/120 loss=0.8152
G epoch=68/120 loss=0.8494
G epoch=69/120 loss=0.8277
G epoch=70/120 loss=0.7995
G epoch=71/120 loss=0.8108
G epoch=72/120 loss=0.8134
G epoch=73/120 loss=0.8092
G epoch=74/120 loss=0.7774
G epoch=75/120 loss=0.7955
G epoch=76/120 loss=0.7767
G epoch=77/120 loss=0.7476
G epoch=78/120 loss=0.7387
G epoch=79/120 loss=0.7347
G epoch=80/120 loss=0.7369
G epoch=81/120 loss=0.7163
G epoch=82/120 loss=0.7054
G epoch=83/120 loss=0.7167
G epoch=84/120 loss=0.7157
G epoch=85/120 loss=0.7082
G epoch=86/120 loss=0.6807
G epoch=87/120 loss=0.6963
G epoch=88/120 loss=0.6822
G epoch=89/120 loss=0.6928
G epoch=90/120 loss=0.6627
G epoch=91/120 loss=0.6671
G epoch=92/120 loss=0.6588
G epoch=93/120 loss=0.6611
G epoch=94/120 loss=0.6625
G epoch=95/120 loss=0.6453
G epoch=96/120 loss=0.6469
G epoch=97/120 loss=0.6317
G epoch=98/120 loss=0.6465
G epoch=99/120 loss=0.6373
G epoch=100/120 loss=0.6047
G epoch=101/120 loss=0.6123
G epoch=102/120 loss=0.6182
G epoch=103/120 loss=0.6251
G epoch=104/120 loss=0.6141
G epoch=105/120 loss=0.5838
G epoch=106/120 loss=0.5985
G epoch=107/120 loss=0.5930
G epoch=108/120 loss=0.5740
G epoch=109/120 loss=0.5730
G epoch=110/120 loss=0.5698
G epoch=111/120 loss=0.5774
G epoch=112/120 loss=0.5679
G epoch=113/120 loss=0.5667
G epoch=114/120 loss=0.5567
G epoch=115/120 loss=0.5541
G epoch=116/120 loss=0.5606
G epoch=117/120 loss=0.5600
G epoch=118/120 loss=0.5430
G epoch=119/120 loss=0.5306
G epoch=120/120 loss=0.5416

[2/3] pretrain D
D step=1/50 epoch=1/3 loss=0.7933 l2=0.2000 label_smoothing=0.000
D step=1/50 epoch=2/3 loss=0.7548 l2=0.2000 label_smoothing=0.000
D step=1/50 epoch=3/3 loss=0.7222 l2=0.2000 label_smoothing=0.000
D step=2/50 epoch=1/3 loss=0.7325 l2=0.2000 label_smoothing=0.000
D step=2/50 epoch=2/3 loss=0.7017 l2=0.2000 label_smoothing=0.000
D step=2/50 epoch=3/3 loss=0.6553 l2=0.2000 label_smoothing=0.000
D step=3/50 epoch=1/3 loss=0.6699 l2=0.2000 label_smoothing=0.000
D step=3/50 epoch=2/3 loss=0.6432 l2=0.2000 label_smoothing=0.000
D step=3/50 epoch=3/3 loss=0.6075 l2=0.2000 label_smoothing=0.000
D step=4/50 epoch=1/3 loss=0.6219 l2=0.2000 label_smoothing=0.000
D step=4/50 epoch=2/3 loss=0.5821 l2=0.2000 label_smoothing=0.000
D step=4/50 epoch=3/3 loss=0.5429 l2=0.2000 label_smoothing=0.000
D step=5/50 epoch=1/3 loss=0.5382 l2=0.2000 label_smoothing=0.000
D step=5/50 epoch=2/3 loss=0.4884 l2=0.2000 label_smoothing=0.000
D step=5/50 epoch=3/3 loss=0.4527 l2=0.2000 label_smoothing=0.000
D step=6/50 epoch=1/3 loss=0.4821 l2=0.2000 label_smoothing=0.000
D step=6/50 epoch=2/3 loss=0.4617 l2=0.2000 label_smoothing=0.000
D step=6/50 epoch=3/3 loss=0.4248 l2=0.2000 label_smoothing=0.000
D step=7/50 epoch=1/3 loss=0.4433 l2=0.2000 label_smoothing=0.000
D step=7/50 epoch=2/3 loss=0.4052 l2=0.2000 label_smoothing=0.000
D step=7/50 epoch=3/3 loss=0.3588 l2=0.2000 label_smoothing=0.000
D step=8/50 epoch=1/3 loss=0.3983 l2=0.2000 label_smoothing=0.000
D step=8/50 epoch=2/3 loss=0.3872 l2=0.2000 label_smoothing=0.000
D step=8/50 epoch=3/3 loss=0.3461 l2=0.2000 label_smoothing=0.000
D step=9/50 epoch=1/3 loss=0.3746 l2=0.2000 label_smoothing=0.000
D step=9/50 epoch=2/3 loss=0.3496 l2=0.2000 label_smoothing=0.000
D step=9/50 epoch=3/3 loss=0.3091 l2=0.2000 label_smoothing=0.000
D step=10/50 epoch=1/3 loss=0.3314 l2=0.2000 label_smoothing=0.000
D step=10/50 epoch=2/3 loss=0.3032 l2=0.2000 label_smoothing=0.000
D step=10/50 epoch=3/3 loss=0.2741 l2=0.2000 label_smoothing=0.000
D step=11/50 epoch=1/3 loss=0.3324 l2=0.2000 label_smoothing=0.000
D step=11/50 epoch=2/3 loss=0.2997 l2=0.2000 label_smoothing=0.000
D step=11/50 epoch=3/3 loss=0.2691 l2=0.2000 label_smoothing=0.000
D step=12/50 epoch=1/3 loss=0.3348 l2=0.2000 label_smoothing=0.000
D step=12/50 epoch=2/3 loss=0.3130 l2=0.2000 label_smoothing=0.000
D step=12/50 epoch=3/3 loss=0.2744 l2=0.2000 label_smoothing=0.000
D step=13/50 epoch=1/3 loss=0.2863 l2=0.2000 label_smoothing=0.000
D step=13/50 epoch=2/3 loss=0.2846 l2=0.2000 label_smoothing=0.000
D step=13/50 epoch=3/3 loss=0.2438 l2=0.2000 label_smoothing=0.000
D step=14/50 epoch=1/3 loss=0.2390 l2=0.2000 label_smoothing=0.000
D step=14/50 epoch=2/3 loss=0.2345 l2=0.2000 label_smoothing=0.000
D step=14/50 epoch=3/3 loss=0.2173 l2=0.2000 label_smoothing=0.000
D step=15/50 epoch=1/3 loss=0.3214 l2=0.2000 label_smoothing=0.000
D step=15/50 epoch=2/3 loss=0.2710 l2=0.2000 label_smoothing=0.000
D step=15/50 epoch=3/3 loss=0.2380 l2=0.2000 label_smoothing=0.000
D step=16/50 epoch=1/3 loss=0.2734 l2=0.2000 label_smoothing=0.000
D step=16/50 epoch=2/3 loss=0.2332 l2=0.2000 label_smoothing=0.000
D step=16/50 epoch=3/3 loss=0.2187 l2=0.2000 label_smoothing=0.000
D step=17/50 epoch=1/3 loss=0.2643 l2=0.2000 label_smoothing=0.000
D step=17/50 epoch=2/3 loss=0.2530 l2=0.2000 label_smoothing=0.000
D step=17/50 epoch=3/3 loss=0.2203 l2=0.2000 label_smoothing=0.000
D step=18/50 epoch=1/3 loss=0.2497 l2=0.2000 label_smoothing=0.000
D step=18/50 epoch=2/3 loss=0.2228 l2=0.2000 label_smoothing=0.000
D step=18/50 epoch=3/3 loss=0.2018 l2=0.2000 label_smoothing=0.000
D step=19/50 epoch=1/3 loss=0.2341 l2=0.2000 label_smoothing=0.000
D step=19/50 epoch=2/3 loss=0.2103 l2=0.2000 label_smoothing=0.000
D step=19/50 epoch=3/3 loss=0.2033 l2=0.2000 label_smoothing=0.000
D step=20/50 epoch=1/3 loss=0.2281 l2=0.2000 label_smoothing=0.000
D step=20/50 epoch=2/3 loss=0.2304 l2=0.2000 label_smoothing=0.000
D step=20/50 epoch=3/3 loss=0.1855 l2=0.2000 label_smoothing=0.000
D step=21/50 epoch=1/3 loss=0.2962 l2=0.2000 label_smoothing=0.000
D step=21/50 epoch=2/3 loss=0.2640 l2=0.2000 label_smoothing=0.000
D step=21/50 epoch=3/3 loss=0.2203 l2=0.2000 label_smoothing=0.000
D step=22/50 epoch=1/3 loss=0.2654 l2=0.2000 label_smoothing=0.000
D step=22/50 epoch=2/3 loss=0.3170 l2=0.2000 label_smoothing=0.000
D step=22/50 epoch=3/3 loss=0.2623 l2=0.2000 label_smoothing=0.000
D step=23/50 epoch=1/3 loss=0.2578 l2=0.2000 label_smoothing=0.000
D step=23/50 epoch=2/3 loss=0.2369 l2=0.2000 label_smoothing=0.000
D step=23/50 epoch=3/3 loss=0.2187 l2=0.2000 label_smoothing=0.000
D step=24/50 epoch=1/3 loss=0.2449 l2=0.2000 label_smoothing=0.000
D step=24/50 epoch=2/3 loss=0.2080 l2=0.2000 label_smoothing=0.000
D step=24/50 epoch=3/3 loss=0.1969 l2=0.2000 label_smoothing=0.000
D step=25/50 epoch=1/3 loss=0.2393 l2=0.2000 label_smoothing=0.000
D step=25/50 epoch=2/3 loss=0.2071 l2=0.2000 label_smoothing=0.000
D step=25/50 epoch=3/3 loss=0.2248 l2=0.2000 label_smoothing=0.000
D step=26/50 epoch=1/3 loss=0.2104 l2=0.2000 label_smoothing=0.000
D step=26/50 epoch=2/3 loss=0.1904 l2=0.2000 label_smoothing=0.000
D step=26/50 epoch=3/3 loss=0.1784 l2=0.2000 label_smoothing=0.000
D step=27/50 epoch=1/3 loss=0.2036 l2=0.2000 label_smoothing=0.000
D step=27/50 epoch=2/3 loss=0.1669 l2=0.2000 label_smoothing=0.000
D step=27/50 epoch=3/3 loss=0.1670 l2=0.2000 label_smoothing=0.000
D step=28/50 epoch=1/3 loss=0.2118 l2=0.2000 label_smoothing=0.000
D step=28/50 epoch=2/3 loss=0.1945 l2=0.2000 label_smoothing=0.000
D step=28/50 epoch=3/3 loss=0.1737 l2=0.2000 label_smoothing=0.000
D step=29/50 epoch=1/3 loss=0.2130 l2=0.2000 label_smoothing=0.000
D step=29/50 epoch=2/3 loss=0.2034 l2=0.2000 label_smoothing=0.000
D step=29/50 epoch=3/3 loss=0.1938 l2=0.2000 label_smoothing=0.000
D step=30/50 epoch=1/3 loss=0.2818 l2=0.2000 label_smoothing=0.000
D step=30/50 epoch=2/3 loss=0.2172 l2=0.2000 label_smoothing=0.000
D step=30/50 epoch=3/3 loss=0.2178 l2=0.2000 label_smoothing=0.000
D step=31/50 epoch=1/3 loss=0.2274 l2=0.2000 label_smoothing=0.000
D step=31/50 epoch=2/3 loss=0.2180 l2=0.2000 label_smoothing=0.000
D step=31/50 epoch=3/3 loss=0.1945 l2=0.2000 label_smoothing=0.000
D step=32/50 epoch=1/3 loss=0.1807 l2=0.2000 label_smoothing=0.000
D step=32/50 epoch=2/3 loss=0.1840 l2=0.2000 label_smoothing=0.000
D step=32/50 epoch=3/3 loss=0.1733 l2=0.2000 label_smoothing=0.000
D step=33/50 epoch=1/3 loss=0.2322 l2=0.2000 label_smoothing=0.000
D step=33/50 epoch=2/3 loss=0.2065 l2=0.2000 label_smoothing=0.000
D step=33/50 epoch=3/3 loss=0.1925 l2=0.2000 label_smoothing=0.000
D step=34/50 epoch=1/3 loss=0.2218 l2=0.2000 label_smoothing=0.000
D step=34/50 epoch=2/3 loss=0.2003 l2=0.2000 label_smoothing=0.000
D step=34/50 epoch=3/3 loss=0.1780 l2=0.2000 label_smoothing=0.000
D step=35/50 epoch=1/3 loss=0.2132 l2=0.2000 label_smoothing=0.000
D step=35/50 epoch=2/3 loss=0.1941 l2=0.2000 label_smoothing=0.000
D step=35/50 epoch=3/3 loss=0.1840 l2=0.2000 label_smoothing=0.000
D step=36/50 epoch=1/3 loss=0.1768 l2=0.2000 label_smoothing=0.000
D step=36/50 epoch=2/3 loss=0.1532 l2=0.2000 label_smoothing=0.000
D step=36/50 epoch=3/3 loss=0.1437 l2=0.2000 label_smoothing=0.000
D step=37/50 epoch=1/3 loss=0.2273 l2=0.2000 label_smoothing=0.000
D step=37/50 epoch=2/3 loss=0.1786 l2=0.2000 label_smoothing=0.000
D step=37/50 epoch=3/3 loss=0.1852 l2=0.2000 label_smoothing=0.000
D step=38/50 epoch=1/3 loss=0.1765 l2=0.2000 label_smoothing=0.000
D step=38/50 epoch=2/3 loss=0.1669 l2=0.2000 label_smoothing=0.000
D step=38/50 epoch=3/3 loss=0.1533 l2=0.2000 label_smoothing=0.000
D step=39/50 epoch=1/3 loss=0.2204 l2=0.2000 label_smoothing=0.000
D step=39/50 epoch=2/3 loss=0.1918 l2=0.2000 label_smoothing=0.000
D step=39/50 epoch=3/3 loss=0.1919 l2=0.2000 label_smoothing=0.000
D step=40/50 epoch=1/3 loss=0.2294 l2=0.2000 label_smoothing=0.000
D step=40/50 epoch=2/3 loss=0.2112 l2=0.2000 label_smoothing=0.000
D step=40/50 epoch=3/3 loss=0.1840 l2=0.2000 label_smoothing=0.000
D step=41/50 epoch=1/3 loss=0.2074 l2=0.2000 label_smoothing=0.000
D step=41/50 epoch=2/3 loss=0.2095 l2=0.2000 label_smoothing=0.000
D step=41/50 epoch=3/3 loss=0.1801 l2=0.2000 label_smoothing=0.000
D step=42/50 epoch=1/3 loss=0.1410 l2=0.2000 label_smoothing=0.000
D step=42/50 epoch=2/3 loss=0.1286 l2=0.2000 label_smoothing=0.000
D step=42/50 epoch=3/3 loss=0.1175 l2=0.2000 label_smoothing=0.000
D step=43/50 epoch=1/3 loss=0.1814 l2=0.2000 label_smoothing=0.000
D step=43/50 epoch=2/3 loss=0.1657 l2=0.2000 label_smoothing=0.000
D step=43/50 epoch=3/3 loss=0.1555 l2=0.2000 label_smoothing=0.000
D step=44/50 epoch=1/3 loss=0.1553 l2=0.2000 label_smoothing=0.000
D step=44/50 epoch=2/3 loss=0.1488 l2=0.2000 label_smoothing=0.000
D step=44/50 epoch=3/3 loss=0.1372 l2=0.2000 label_smoothing=0.000
D step=45/50 epoch=1/3 loss=0.2107 l2=0.2000 label_smoothing=0.000
D step=45/50 epoch=2/3 loss=0.2258 l2=0.2000 label_smoothing=0.000
D step=45/50 epoch=3/3 loss=0.1711 l2=0.2000 label_smoothing=0.000
D step=46/50 epoch=1/3 loss=0.1628 l2=0.2000 label_smoothing=0.000
D step=46/50 epoch=2/3 loss=0.1529 l2=0.2000 label_smoothing=0.000
D step=46/50 epoch=3/3 loss=0.1279 l2=0.2000 label_smoothing=0.000
D step=47/50 epoch=1/3 loss=0.1972 l2=0.2000 label_smoothing=0.000
D step=47/50 epoch=2/3 loss=0.1719 l2=0.2000 label_smoothing=0.000
D step=47/50 epoch=3/3 loss=0.1571 l2=0.2000 label_smoothing=0.000
D step=48/50 epoch=1/3 loss=0.2057 l2=0.2000 label_smoothing=0.000
D step=48/50 epoch=2/3 loss=0.2064 l2=0.2000 label_smoothing=0.000
D step=48/50 epoch=3/3 loss=0.1694 l2=0.2000 label_smoothing=0.000
D step=49/50 epoch=1/3 loss=0.2187 l2=0.2000 label_smoothing=0.000
D step=49/50 epoch=2/3 loss=0.1783 l2=0.2000 label_smoothing=0.000
D step=49/50 epoch=3/3 loss=0.1559 l2=0.2000 label_smoothing=0.000
D step=50/50 epoch=1/3 loss=0.1520 l2=0.2000 label_smoothing=0.000
D step=50/50 epoch=2/3 loss=0.1339 l2=0.2000 label_smoothing=0.000
D step=50/50 epoch=3/3 loss=0.1178 l2=0.2000 label_smoothing=0.000

[3/3] adversarial
generator_reward_mode=off reward_alpha=1.000 d_steps=5 d_epochs=3
D step=1/5 epoch=1/3 loss=0.1091 l2=0.2000 label_smoothing=0.000
D step=1/5 epoch=2/3 loss=0.1236 l2=0.2000 label_smoothing=0.000
D step=1/5 epoch=3/3 loss=0.0864 l2=0.2000 label_smoothing=0.000
D step=2/5 epoch=1/3 loss=0.0757 l2=0.2000 label_smoothing=0.000
D step=2/5 epoch=2/3 loss=0.0650 l2=0.2000 label_smoothing=0.000
D step=2/5 epoch=3/3 loss=0.0612 l2=0.2000 label_smoothing=0.000
D step=3/5 epoch=1/3 loss=0.0472 l2=0.2000 label_smoothing=0.000
D step=3/5 epoch=2/3 loss=0.0482 l2=0.2000 label_smoothing=0.000
D step=3/5 epoch=3/3 loss=0.0449 l2=0.2000 label_smoothing=0.000
D step=4/5 epoch=1/3 loss=0.0452 l2=0.2000 label_smoothing=0.000
D step=4/5 epoch=2/3 loss=0.0438 l2=0.2000 label_smoothing=0.000
D step=4/5 epoch=3/3 loss=0.0427 l2=0.2000 label_smoothing=0.000
D step=5/5 epoch=1/3 loss=0.0650 l2=0.2000 label_smoothing=0.000
D step=5/5 epoch=2/3 loss=0.0588 l2=0.2000 label_smoothing=0.000
D step=5/5 epoch=3/3 loss=0.0575 l2=0.2000 label_smoothing=0.000
ADV epoch=1/200 g_loss=0.0436 d_loss=0.0650 reward=0.1009 reward_var=0.0250 unique=0.8800
D step=1/5 epoch=1/3 loss=0.1803 l2=0.2000 label_smoothing=0.000
D step=1/5 epoch=2/3 loss=0.1222 l2=0.2000 label_smoothing=0.000
D step=1/5 epoch=3/3 loss=0.1168 l2=0.2000 label_smoothing=0.000
D step=2/5 epoch=1/3 loss=0.1287 l2=0.2000 label_smoothing=0.000
D step=2/5 epoch=2/3 loss=0.1090 l2=0.2000 label_smoothing=0.000
D step=2/5 epoch=3/3 loss=0.0983 l2=0.2000 label_smoothing=0.000
D step=3/5 epoch=1/3 loss=0.1393 l2=0.2000 label_smoothing=0.000
D step=3/5 epoch=2/3 loss=0.1146 l2=0.2000 label_smoothing=0.000
D step=3/5 epoch=3/3 loss=0.1119 l2=0.2000 label_smoothing=0.000
D step=4/5 epoch=1/3 loss=0.1331 l2=0.2000 label_smoothing=0.000
D step=4/5 epoch=2/3 loss=0.1156 l2=0.2000 label_smoothing=0.000
D step=4/5 epoch=3/3 loss=0.1262 l2=0.2000 label_smoothing=0.000
D step=5/5 epoch=1/3 loss=0.1211 l2=0.2000 label_smoothing=0.000
D step=5/5 epoch=2/3 loss=0.1135 l2=0.2000 label_smoothing=0.000
D step=5/5 epoch=3/3 loss=0.1219 l2=0.2000 label_smoothing=0.000
ADV epoch=2/200 g_loss=0.0327 d_loss=0.1235 reward=0.1034 reward_var=0.0242 unique=0.8000
D step=1/5 epoch=1/3 loss=0.0783 l2=0.2000 label_smoothing=0.000
D step=1/5 epoch=2/3 loss=0.0805 l2=0.2000 label_smoothing=0.000
D step=1/5 epoch=3/3 loss=0.0596 l2=0.2000 label_smoothing=0.000
D step=2/5 epoch=1/3 loss=0.0758 l2=0.2000 label_smoothing=0.000
D step=2/5 epoch=2/3 loss=0.0643 l2=0.2000 label_smoothing=0.000
D step=2/5 epoch=3/3 loss=0.0541 l2=0.2000 label_smoothing=0.000
D step=3/5 epoch=1/3 loss=0.0608 l2=0.2000 label_smoothing=0.000
D step=3/5 epoch=2/3 loss=0.0551 l2=0.2000 label_smoothing=0.000
D step=3/5 epoch=3/3 loss=0.0488 l2=0.2000 label_smoothing=0.000
D step=4/5 epoch=1/3 loss=0.0744 l2=0.2000 label_smoothing=0.000
D step=4/5 epoch=2/3 loss=0.0659 l2=0.2000 label_smoothing=0.000
D step=4/5 epoch=3/3 loss=0.0650 l2=0.2000 label_smoothing=0.000
D step=5/5 epoch=1/3 loss=0.0539 l2=0.2000 label_smoothing=0.000
D step=5/5 epoch=2/3 loss=0.0593 l2=0.2000 label_smoothing=0.000
D step=5/5 epoch=3/3 loss=0.0583 l2=0.2000 label_smoothing=0.000
ADV epoch=3/200 g_loss=0.0289 d_loss=0.0636 reward=0.0822 reward_var=0.0151 unique=0.8200
D step=1/5 epoch=1/3 loss=0.1175 l2=0.2000 label_smoothing=0.000
D step=1/5 epoch=2/3 loss=0.0878 l2=0.2000 label_smoothing=0.000
D step=1/5 epoch=3/3 loss=0.0889 l2=0.2000 label_smoothing=0.000
D step=2/5 epoch=1/3 loss=0.0855 l2=0.2000 label_smoothing=0.000
D step=2/5 epoch=2/3 loss=0.0782 l2=0.2000 label_smoothing=0.000
D step=2/5 epoch=3/3 loss=0.0836 l2=0.2000 label_smoothing=0.000
D step=3/5 epoch=1/3 loss=0.1113 l2=0.2000 label_smoothing=0.000
D step=3/5 epoch=2/3 loss=0.1188 l2=0.2000 label_smoothing=0.000
D step=3/5 epoch=3/3 loss=0.1103 l2=0.2000 label_smoothing=0.000
D step=4/5 epoch=1/3 loss=0.1337 l2=0.2000 label_smoothing=0.000
D step=4/5 epoch=2/3 loss=0.1213 l2=0.2000 label_smoothing=0.000
D step=4/5 epoch=3/3 loss=0.1120 l2=0.2000 label_smoothing=0.000
D step=5/5 epoch=1/3 loss=0.1004 l2=0.2000 label_smoothing=0.000
D step=5/5 epoch=2/3 loss=0.0882 l2=0.2000 label_smoothing=0.000
D step=5/5 epoch=3/3 loss=0.0849 l2=0.2000 label_smoothing=0.000
ADV epoch=4/200 g_loss=0.0412 d_loss=0.1015 reward=0.1231 reward_var=0.0315 unique=0.7600
D step=1/5 epoch=1/3 loss=0.1437 l2=0.2000 label_smoothing=0.000
D step=1/5 epoch=2/3 loss=0.1460 l2=0.2000 label_smoothing=0.000
D step=1/5 epoch=3/3 loss=0.1276 l2=0.2000 label_smoothing=0.000
D step=2/5 epoch=1/3 loss=0.1369 l2=0.2000 label_smoothing=0.000
D step=2/5 epoch=2/3 loss=0.1352 l2=0.2000 label_smoothing=0.000
D step=2/5 epoch=3/3 loss=0.1177 l2=0.2000 label_smoothing=0.000
D step=3/5 epoch=1/3 loss=0.1255 l2=0.2000 label_smoothing=0.000
D step=3/5 epoch=2/3 loss=0.1149 l2=0.2000 label_smoothing=0.000
D step=3/5 epoch=3/3 loss=0.1227 l2=0.2000 label_smoothing=0.000
D step=4/5 epoch=1/3 loss=0.1258 l2=0.2000 label_smoothing=0.000
D step=4/5 epoch=2/3 loss=0.1248 l2=0.2000 label_smoothing=0.000
D step=4/5 epoch=3/3 loss=0.1136 l2=0.2000 label_smoothing=0.000
D step=5/5 epoch=1/3 loss=0.1101 l2=0.2000 label_smoothing=0.000
D step=5/5 epoch=2/3 loss=0.1057 l2=0.2000 label_smoothing=0.000
D step=5/5 epoch=3/3 loss=0.1047 l2=0.2000 label_smoothing=0.000
ADV epoch=5/200 g_loss=0.0272 d_loss=0.1237 reward=0.1099 reward_var=0.0194 unique=0.7600
D step=1/5 epoch=1/3 loss=0.0976 l2=0.2000 label_smoothing=0.000
D step=1/5 epoch=2/3 loss=0.0757 l2=0.2000 label_smoothing=0.000
D step=1/5 epoch=3/3 loss=0.0736 l2=0.2000 label_smoothing=0.000
D step=2/5 epoch=1/3 loss=0.0776 l2=0.2000 label_smoothing=0.000
D step=2/5 epoch=2/3 loss=0.0734 l2=0.2000 label_smoothing=0.000
D step=2/5 epoch=3/3 loss=0.0715 l2=0.2000 label_smoothing=0.000
D step=3/5 epoch=1/3 loss=0.0745 l2=0.2000 label_smoothing=0.000
D step=3/5 epoch=2/3 loss=0.0682 l2=0.2000 label_smoothing=0.000
D step=3/5 epoch=3/3 loss=0.0795 l2=0.2000 label_smoothing=0.000
D step=4/5 epoch=1/3 loss=0.0713 l2=0.2000 label_smoothing=0.000
D step=4/5 epoch=2/3 loss=0.0652 l2=0.2000 label_smoothing=0.000
D step=4/5 epoch=3/3 loss=0.0678 l2=0.2000 label_smoothing=0.000
D step=5/5 epoch=1/3 loss=0.0603 l2=0.2000 label_smoothing=0.000
D step=5/5 epoch=2/3 loss=0.0517 l2=0.2000 label_smoothing=0.000
D step=5/5 epoch=3/3 loss=0.0444 l2=0.2000 label_smoothing=0.000
ADV epoch=6/200 g_loss=0.0211 d_loss=0.0702 reward=0.1249 reward_var=0.0207 unique=0.5800
D step=1/5 epoch=1/3 loss=0.1241 l2=0.2000 label_smoothing=0.000
D step=1/5 epoch=2/3 loss=0.0895 l2=0.2000 label_smoothing=0.000
D step=1/5 epoch=3/3 loss=0.0855 l2=0.2000 label_smoothing=0.000
D step=2/5 epoch=1/3 loss=0.1109 l2=0.2000 label_smoothing=0.000
D step=2/5 epoch=2/3 loss=0.0930 l2=0.2000 label_smoothing=0.000
D step=2/5 epoch=3/3 loss=0.0844 l2=0.2000 label_smoothing=0.000
D step=3/5 epoch=1/3 loss=0.0747 l2=0.2000 label_smoothing=0.000
D step=3/5 epoch=2/3 loss=0.0684 l2=0.2000 label_smoothing=0.000
D step=3/5 epoch=3/3 loss=0.0666 l2=0.2000 label_smoothing=0.000
D step=4/5 epoch=1/3 loss=0.0743 l2=0.2000 label_smoothing=0.000
D step=4/5 epoch=2/3 loss=0.0755 l2=0.2000 label_smoothing=0.000
D step=4/5 epoch=3/3 loss=0.0718 l2=0.2000 label_smoothing=0.000
D step=5/5 epoch=1/3 loss=0.0639 l2=0.2000 label_smoothing=0.000
D step=5/5 epoch=2/3 loss=0.0616 l2=0.2000 label_smoothing=0.000
D step=5/5 epoch=3/3 loss=0.0607 l2=0.2000 label_smoothing=0.000
ADV epoch=7/200 g_loss=0.0223 d_loss=0.0803 reward=0.1131 reward_var=0.0259 unique=0.6600
D step=1/5 epoch=1/3 loss=0.1410 l2=0.2000 label_smoothing=0.000
D step=1/5 epoch=2/3 loss=0.1163 l2=0.2000 label_smoothing=0.000
D step=1/5 epoch=3/3 loss=0.1081 l2=0.2000 label_smoothing=0.000
D step=2/5 epoch=1/3 loss=0.1467 l2=0.2000 label_smoothing=0.000
D step=2/5 epoch=2/3 loss=0.1235 l2=0.2000 label_smoothing=0.000
D step=2/5 epoch=3/3 loss=0.1112 l2=0.2000 label_smoothing=0.000
D step=3/5 epoch=1/3 loss=0.1465 l2=0.2000 label_smoothing=0.000
D step=3/5 epoch=2/3 loss=0.1400 l2=0.2000 label_smoothing=0.000
D step=3/5 epoch=3/3 loss=0.1264 l2=0.2000 label_smoothing=0.000
D step=4/5 epoch=1/3 loss=0.1007 l2=0.2000 label_smoothing=0.000
D step=4/5 epoch=2/3 loss=0.0957 l2=0.2000 label_smoothing=0.000
D step=4/5 epoch=3/3 loss=0.0977 l2=0.2000 label_smoothing=0.000
D step=5/5 epoch=1/3 loss=0.1184 l2=0.2000 label_smoothing=0.000
D step=5/5 epoch=2/3 loss=0.1110 l2=0.2000 label_smoothing=0.000
D step=5/5 epoch=3/3 loss=0.1103 l2=0.2000 label_smoothing=0.000
ADV epoch=8/200 g_loss=0.0193 d_loss=0.1196 reward=0.1118 reward_var=0.0198 unique=0.5400
D step=1/5 epoch=1/3 loss=0.1200 l2=0.2000 label_smoothing=0.000
D step=1/5 epoch=2/3 loss=0.1289 l2=0.2000 label_smoothing=0.000
D step=1/5 epoch=3/3 loss=0.1209 l2=0.2000 label_smoothing=0.000
D step=2/5 epoch=1/3 loss=0.1181 l2=0.2000 label_smoothing=0.000
D step=2/5 epoch=2/3 loss=0.1013 l2=0.2000 label_smoothing=0.000
D step=2/5 epoch=3/3 loss=0.1045 l2=0.2000 label_smoothing=0.000
D step=3/5 epoch=1/3 loss=0.1271 l2=0.2000 label_smoothing=0.000
D step=3/5 epoch=2/3 loss=0.1244 l2=0.2000 label_smoothing=0.000
D step=3/5 epoch=3/3 loss=0.1242 l2=0.2000 label_smoothing=0.000
D step=4/5 epoch=1/3 loss=0.1106 l2=0.2000 label_smoothing=0.000
D step=4/5 epoch=2/3 loss=0.1177 l2=0.2000 label_smoothing=0.000
D step=4/5 epoch=3/3 loss=0.1132 l2=0.2000 label_smoothing=0.000
D step=5/5 epoch=1/3 loss=0.1272 l2=0.2000 label_smoothing=0.000
D step=5/5 epoch=2/3 loss=0.1275 l2=0.2000 label_smoothing=0.000
D step=5/5 epoch=3/3 loss=0.1264 l2=0.2000 label_smoothing=0.000
ADV epoch=9/200 g_loss=0.0243 d_loss=0.1195 reward=0.0769 reward_var=0.0092 unique=0.6800
D step=1/5 epoch=1/3 loss=0.1091 l2=0.2000 label_smoothing=0.000
D step=1/5 epoch=2/3 loss=0.1025 l2=0.2000 label_smoothing=0.000
D step=1/5 epoch=3/3 loss=0.0987 l2=0.2000 label_smoothing=0.000
D step=2/5 epoch=1/3 loss=0.0995 l2=0.2000 label_smoothing=0.000
D step=2/5 epoch=2/3 loss=0.1072 l2=0.2000 label_smoothing=0.000
D step=2/5 epoch=3/3 loss=0.1092 l2=0.2000 label_smoothing=0.000
D step=3/5 epoch=1/3 loss=0.1090 l2=0.2000 label_smoothing=0.000
D step=3/5 epoch=2/3 loss=0.1106 l2=0.2000 label_smoothing=0.000
D step=3/5 epoch=3/3 loss=0.1145 l2=0.2000 label_smoothing=0.000
D step=4/5 epoch=1/3 loss=0.1180 l2=0.2000 label_smoothing=0.000
D step=4/5 epoch=2/3 loss=0.1129 l2=0.2000 label_smoothing=0.000
D step=4/5 epoch=3/3 loss=0.1085 l2=0.2000 label_smoothing=0.000
D step=5/5 epoch=1/3 loss=0.1024 l2=0.2000 label_smoothing=0.000
D step=5/5 epoch=2/3 loss=0.0983 l2=0.2000 label_smoothing=0.000
D step=5/5 epoch=3/3 loss=0.1003 l2=0.2000 label_smoothing=0.000
ADV epoch=10/200 g_loss=0.0136 d_loss=0.1067 reward=0.0710 reward_var=0.0067 unique=0.5600
D step=1/5 epoch=1/3 loss=0.1211 l2=0.2000 label_smoothing=0.000
D step=1/5 epoch=2/3 loss=0.1171 l2=0.2000 label_smoothing=0.000
D step=1/5 epoch=3/3 loss=0.1077 l2=0.2000 label_smoothing=0.000
D step=2/5 epoch=1/3 loss=0.1241 l2=0.2000 label_smoothing=0.000
D step=2/5 epoch=2/3 loss=0.1025 l2=0.2000 label_smoothing=0.000
D step=2/5 epoch=3/3 loss=0.1123 l2=0.2000 label_smoothing=0.000
D step=3/5 epoch=1/3 loss=0.1083 l2=0.2000 label_smoothing=0.000
D step=3/5 epoch=2/3 loss=0.1020 l2=0.2000 label_smoothing=0.000
D step=3/5 epoch=3/3 loss=0.1004 l2=0.2000 label_smoothing=0.000
D step=4/5 epoch=1/3 loss=0.1409 l2=0.2000 label_smoothing=0.000
D step=4/5 epoch=2/3 loss=0.1377 l2=0.2000 label_smoothing=0.000
D step=4/5 epoch=3/3 loss=0.1263 l2=0.2000 label_smoothing=0.000
D step=5/5 epoch=1/3 loss=0.1333 l2=0.2000 label_smoothing=0.000
D step=5/5 epoch=2/3 loss=0.1263 l2=0.2000 label_smoothing=0.000
D step=5/5 epoch=3/3 loss=0.1251 l2=0.2000 label_smoothing=0.000
ADV epoch=11/200 g_loss=0.0165 d_loss=0.1190 reward=0.0991 reward_var=0.0144 unique=0.4600
D step=1/5 epoch=1/3 loss=0.1290 l2=0.2000 label_smoothing=0.000
D step=1/5 epoch=2/3 loss=0.1165 l2=0.2000 label_smoothing=0.000
D step=1/5 epoch=3/3 loss=0.1131 l2=0.2000 label_smoothing=0.000
D step=2/5 epoch=1/3 loss=0.1293 l2=0.2000 label_smoothing=0.000
D step=2/5 epoch=2/3 loss=0.1327 l2=0.2000 label_smoothing=0.000
D step=2/5 epoch=3/3 loss=0.1277 l2=0.2000 label_smoothing=0.000
D step=3/5 epoch=1/3 loss=0.1614 l2=0.2000 label_smoothing=0.000
D step=3/5 epoch=2/3 loss=0.1572 l2=0.2000 label_smoothing=0.000
D step=3/5 epoch=3/3 loss=0.1487 l2=0.2000 label_smoothing=0.000
D step=4/5 epoch=1/3 loss=0.1196 l2=0.2000 label_smoothing=0.000
D step=4/5 epoch=2/3 loss=0.1183 l2=0.2000 label_smoothing=0.000
D step=4/5 epoch=3/3 loss=0.1183 l2=0.2000 label_smoothing=0.000
D step=5/5 epoch=1/3 loss=0.1239 l2=0.2000 label_smoothing=0.000
D step=5/5 epoch=2/3 loss=0.1141 l2=0.2000 label_smoothing=0.000
D step=5/5 epoch=3/3 loss=0.1155 l2=0.2000 label_smoothing=0.000
ADV epoch=12/200 g_loss=0.0340 d_loss=0.1284 reward=0.0818 reward_var=0.0103 unique=0.4400
D step=1/5 epoch=1/3 loss=0.1302 l2=0.2000 label_smoothing=0.000
D step=1/5 epoch=2/3 loss=0.1142 l2=0.2000 label_smoothing=0.000
D step=1/5 epoch=3/3 loss=0.1099 l2=0.2000 label_smoothing=0.000
D step=2/5 epoch=1/3 loss=0.1218 l2=0.2000 label_smoothing=0.000
D step=2/5 epoch=2/3 loss=0.1155 l2=0.2000 label_smoothing=0.000
D step=2/5 epoch=3/3 loss=0.1142 l2=0.2000 label_smoothing=0.000
D step=3/5 epoch=1/3 loss=0.1116 l2=0.2000 label_smoothing=0.000
D step=3/5 epoch=2/3 loss=0.1097 l2=0.2000 label_smoothing=0.000
D step=3/5 epoch=3/3 loss=0.1036 l2=0.2000 label_smoothing=0.000
D step=4/5 epoch=1/3 loss=0.1293 l2=0.2000 label_smoothing=0.000
D step=4/5 epoch=2/3 loss=0.1217 l2=0.2000 label_smoothing=0.000
D step=4/5 epoch=3/3 loss=0.1217 l2=0.2000 label_smoothing=0.000
D step=5/5 epoch=1/3 loss=0.1172 l2=0.2000 label_smoothing=0.000
D step=5/5 epoch=2/3 loss=0.1105 l2=0.2000 label_smoothing=0.000
D step=5/5 epoch=3/3 loss=0.0956 l2=0.2000 label_smoothing=0.000
ADV epoch=13/200 g_loss=0.0096 d_loss=0.1151 reward=0.0870 reward_var=0.0090 unique=0.5800
D step=1/5 epoch=1/3 loss=0.1680 l2=0.2000 label_smoothing=0.000
D step=1/5 epoch=2/3 loss=0.1151 l2=0.2000 label_smoothing=0.000
D step=1/5 epoch=3/3 loss=0.1259 l2=0.2000 label_smoothing=0.000
D step=2/5 epoch=1/3 loss=0.1290 l2=0.2000 label_smoothing=0.000
D step=2/5 epoch=2/3 loss=0.1273 l2=0.2000 label_smoothing=0.000
D step=2/5 epoch=3/3 loss=0.1230 l2=0.2000 label_smoothing=0.000
D step=3/5 epoch=1/3 loss=0.1292 l2=0.2000 label_smoothing=0.000
D step=3/5 epoch=2/3 loss=0.1231 l2=0.2000 label_smoothing=0.000
D step=3/5 epoch=3/3 loss=0.1222 l2=0.2000 label_smoothing=0.000
D step=4/5 epoch=1/3 loss=0.1205 l2=0.2000 label_smoothing=0.000
D step=4/5 epoch=2/3 loss=0.1177 l2=0.2000 label_smoothing=0.000
D step=4/5 epoch=3/3 loss=0.1203 l2=0.2000 label_smoothing=0.000
D step=5/5 epoch=1/3 loss=0.1547 l2=0.2000 label_smoothing=0.000
D step=5/5 epoch=2/3 loss=0.1439 l2=0.2000 label_smoothing=0.000
D step=5/5 epoch=3/3 loss=0.1326 l2=0.2000 label_smoothing=0.000
ADV epoch=14/200 g_loss=0.0140 d_loss=0.1302 reward=0.1117 reward_var=0.0098 unique=0.4800
D step=1/5 epoch=1/3 loss=0.1386 l2=0.2000 label_smoothing=0.000
D step=1/5 epoch=2/3 loss=0.1194 l2=0.2000 label_smoothing=0.000
D step=1/5 epoch=3/3 loss=0.1252 l2=0.2000 label_smoothing=0.000
D step=2/5 epoch=1/3 loss=0.1380 l2=0.2000 label_smoothing=0.000
D step=2/5 epoch=2/3 loss=0.1252 l2=0.2000 label_smoothing=0.000
D step=2/5 epoch=3/3 loss=0.1232 l2=0.2000 label_smoothing=0.000
D step=3/5 epoch=1/3 loss=0.1548 l2=0.2000 label_smoothing=0.000
D step=3/5 epoch=2/3 loss=0.1473 l2=0.2000 label_smoothing=0.000
D step=3/5 epoch=3/3 loss=0.1388 l2=0.2000 label_smoothing=0.000
D step=4/5 epoch=1/3 loss=0.1350 l2=0.2000 label_smoothing=0.000
D step=4/5 epoch=2/3 loss=0.1405 l2=0.2000 label_smoothing=0.000
D step=4/5 epoch=3/3 loss=0.1346 l2=0.2000 label_smoothing=0.000
D step=5/5 epoch=1/3 loss=0.1305 l2=0.2000 label_smoothing=0.000
D step=5/5 epoch=2/3 loss=0.1235 l2=0.2000 label_smoothing=0.000
D step=5/5 epoch=3/3 loss=0.1230 l2=0.2000 label_smoothing=0.000
ADV epoch=15/200 g_loss=0.0068 d_loss=0.1332 reward=0.0620 reward_var=0.0037 unique=0.5000
D step=1/5 epoch=1/3 loss=0.1236 l2=0.2000 label_smoothing=0.000
D step=1/5 epoch=2/3 loss=0.1070 l2=0.2000 label_smoothing=0.000
D step=1/5 epoch=3/3 loss=0.1022 l2=0.2000 label_smoothing=0.000
D step=2/5 epoch=1/3 loss=0.1268 l2=0.2000 label_smoothing=0.000
D step=2/5 epoch=2/3 loss=0.1238 l2=0.2000 label_smoothing=0.000
D step=2/5 epoch=3/3 loss=0.1220 l2=0.2000 label_smoothing=0.000
D step=3/5 epoch=1/3 loss=0.1183 l2=0.2000 label_smoothing=0.000
D step=3/5 epoch=2/3 loss=0.1146 l2=0.2000 label_smoothing=0.000
D step=3/5 epoch=3/3 loss=0.1153 l2=0.2000 label_smoothing=0.000
D step=4/5 epoch=1/3 loss=0.1410 l2=0.2000 label_smoothing=0.000
D step=4/5 epoch=2/3 loss=0.1447 l2=0.2000 label_smoothing=0.000
D step=4/5 epoch=3/3 loss=0.1393 l2=0.2000 label_smoothing=0.000
D step=5/5 epoch=1/3 loss=0.1024 l2=0.2000 label_smoothing=0.000
D step=5/5 epoch=2/3 loss=0.1009 l2=0.2000 label_smoothing=0.000
D step=5/5 epoch=3/3 loss=0.0993 l2=0.2000 label_smoothing=0.000
ADV epoch=16/200 g_loss=0.0090 d_loss=0.1187 reward=0.0852 reward_var=0.0069 unique=0.4000
D step=1/5 epoch=1/3 loss=0.1380 l2=0.2000 label_smoothing=0.000
D step=1/5 epoch=2/3 loss=0.1331 l2=0.2000 label_smoothing=0.000
D step=1/5 epoch=3/3 loss=0.1270 l2=0.2000 label_smoothing=0.000
D step=2/5 epoch=1/3 loss=0.1265 l2=0.2000 label_smoothing=0.000
D step=2/5 epoch=2/3 loss=0.1206 l2=0.2000 label_smoothing=0.000
D step=2/5 epoch=3/3 loss=0.1158 l2=0.2000 label_smoothing=0.000
D step=3/5 epoch=1/3 loss=0.1435 l2=0.2000 label_smoothing=0.000
D step=3/5 epoch=2/3 loss=0.1394 l2=0.2000 label_smoothing=0.000
D step=3/5 epoch=3/3 loss=0.1354 l2=0.2000 label_smoothing=0.000
D step=4/5 epoch=1/3 loss=0.1486 l2=0.2000 label_smoothing=0.000
D step=4/5 epoch=2/3 loss=0.1417 l2=0.2000 label_smoothing=0.000
D step=4/5 epoch=3/3 loss=0.1401 l2=0.2000 label_smoothing=0.000
D step=5/5 epoch=1/3 loss=0.1324 l2=0.2000 label_smoothing=0.000
D step=5/5 epoch=2/3 loss=0.1324 l2=0.2000 label_smoothing=0.000
D step=5/5 epoch=3/3 loss=0.1271 l2=0.2000 label_smoothing=0.000
ADV epoch=17/200 g_loss=0.0132 d_loss=0.1334 reward=0.0838 reward_var=0.0081 unique=0.6600
D step=1/5 epoch=1/3 loss=0.1601 l2=0.2000 label_smoothing=0.000
D step=1/5 epoch=2/3 loss=0.1403 l2=0.2000 label_smoothing=0.000
D step=1/5 epoch=3/3 loss=0.1359 l2=0.2000 label_smoothing=0.000
D step=2/5 epoch=1/3 loss=0.1396 l2=0.2000 label_smoothing=0.000
D step=2/5 epoch=2/3 loss=0.1375 l2=0.2000 label_smoothing=0.000
D step=2/5 epoch=3/3 loss=0.1338 l2=0.2000 label_smoothing=0.000
D step=3/5 epoch=1/3 loss=0.1321 l2=0.2000 label_smoothing=0.000
D step=3/5 epoch=2/3 loss=0.1252 l2=0.2000 label_smoothing=0.000
D step=3/5 epoch=3/3 loss=0.1265 l2=0.2000 label_smoothing=0.000
D step=4/5 epoch=1/3 loss=0.1250 l2=0.2000 label_smoothing=0.000
D step=4/5 epoch=2/3 loss=0.1235 l2=0.2000 label_smoothing=0.000
D step=4/5 epoch=3/3 loss=0.1261 l2=0.2000 label_smoothing=0.000
D step=5/5 epoch=1/3 loss=0.1322 l2=0.2000 label_smoothing=0.000
D step=5/5 epoch=2/3 loss=0.1228 l2=0.2000 label_smoothing=0.000
D step=5/5 epoch=3/3 loss=0.1145 l2=0.2000 label_smoothing=0.000
ADV epoch=18/200 g_loss=0.0082 d_loss=0.1317 reward=0.0784 reward_var=0.0040 unique=0.4600
D step=1/5 epoch=1/3 loss=0.1452 l2=0.2000 label_smoothing=0.000
D step=1/5 epoch=2/3 loss=0.1220 l2=0.2000 label_smoothing=0.000
D step=1/5 epoch=3/3 loss=0.1248 l2=0.2000 label_smoothing=0.000
D step=2/5 epoch=1/3 loss=0.1423 l2=0.2000 label_smoothing=0.000
D step=2/5 epoch=2/3 loss=0.1342 l2=0.2000 label_smoothing=0.000
D step=2/5 epoch=3/3 loss=0.1320 l2=0.2000 label_smoothing=0.000
D step=3/5 epoch=1/3 loss=0.1477 l2=0.2000 label_smoothing=0.000
D step=3/5 epoch=2/3 loss=0.1370 l2=0.2000 label_smoothing=0.000
D step=3/5 epoch=3/3 loss=0.1375 l2=0.2000 label_smoothing=0.000
D step=4/5 epoch=1/3 loss=0.1368 l2=0.2000 label_smoothing=0.000
D step=4/5 epoch=2/3 loss=0.1313 l2=0.2000 label_smoothing=0.000
D step=4/5 epoch=3/3 loss=0.1286 l2=0.2000 label_smoothing=0.000
D step=5/5 epoch=1/3 loss=0.1106 l2=0.2000 label_smoothing=0.000
D step=5/5 epoch=2/3 loss=0.1074 l2=0.2000 label_smoothing=0.000
D step=5/5 epoch=3/3 loss=0.1028 l2=0.2000 label_smoothing=0.000
ADV epoch=19/200 g_loss=0.0114 d_loss=0.1294 reward=0.0673 reward_var=0.0057 unique=0.5000
D step=1/5 epoch=1/3 loss=0.1520 l2=0.2000 label_smoothing=0.000
D step=1/5 epoch=2/3 loss=0.1494 l2=0.2000 label_smoothing=0.000
D step=1/5 epoch=3/3 loss=0.1463 l2=0.2000 label_smoothing=0.000
D step=2/5 epoch=1/3 loss=0.1636 l2=0.2000 label_smoothing=0.000
D step=2/5 epoch=2/3 loss=0.1539 l2=0.2000 label_smoothing=0.000
D step=2/5 epoch=3/3 loss=0.1480 l2=0.2000 label_smoothing=0.000
D step=3/5 epoch=1/3 loss=0.1515 l2=0.2000 label_smoothing=0.000
D step=3/5 epoch=2/3 loss=0.1460 l2=0.2000 label_smoothing=0.000
D step=3/5 epoch=3/3 loss=0.1498 l2=0.2000 label_smoothing=0.000
D step=4/5 epoch=1/3 loss=0.1236 l2=0.2000 label_smoothing=0.000
D step=4/5 epoch=2/3 loss=0.1205 l2=0.2000 label_smoothing=0.000
D step=4/5 epoch=3/3 loss=0.1177 l2=0.2000 label_smoothing=0.000
D step=5/5 epoch=1/3 loss=0.1485 l2=0.2000 label_smoothing=0.000
D step=5/5 epoch=2/3 loss=0.1463 l2=0.2000 label_smoothing=0.000
D step=5/5 epoch=3/3 loss=0.1441 l2=0.2000 label_smoothing=0.000
ADV epoch=20/200 g_loss=0.0114 d_loss=0.1441 reward=0.0873 reward_var=0.0089 unique=0.3800
D step=1/5 epoch=1/3 loss=0.1557 l2=0.2000 label_smoothing=0.000
D step=1/5 epoch=2/3 loss=0.1392 l2=0.2000 label_smoothing=0.000
D step=1/5 epoch=3/3 loss=0.1452 l2=0.2000 label_smoothing=0.000
D step=2/5 epoch=1/3 loss=0.1280 l2=0.2000 label_smoothing=0.000
D step=2/5 epoch=2/3 loss=0.1289 l2=0.2000 label_smoothing=0.000
D step=2/5 epoch=3/3 loss=0.1288 l2=0.2000 label_smoothing=0.000
D step=3/5 epoch=1/3 loss=0.1511 l2=0.2000 label_smoothing=0.000
D step=3/5 epoch=2/3 loss=0.1407 l2=0.2000 label_smoothing=0.000
D step=3/5 epoch=3/3 loss=0.1391 l2=0.2000 label_smoothing=0.000
D step=4/5 epoch=1/3 loss=0.1272 l2=0.2000 label_smoothing=0.000
D step=4/5 epoch=2/3 loss=0.1304 l2=0.2000 label_smoothing=0.000
D step=4/5 epoch=3/3 loss=0.1306 l2=0.2000 label_smoothing=0.000
D step=5/5 epoch=1/3 loss=0.1600 l2=0.2000 label_smoothing=0.000
D step=5/5 epoch=2/3 loss=0.1548 l2=0.2000 label_smoothing=0.000
D step=5/5 epoch=3/3 loss=0.1532 l2=0.2000 label_smoothing=0.000
ADV epoch=21/200 g_loss=0.0093 d_loss=0.1409 reward=0.0916 reward_var=0.0057 unique=0.2600
D step=1/5 epoch=1/3 loss=0.1596 l2=0.2000 label_smoothing=0.000
D step=1/5 epoch=2/3 loss=0.1435 l2=0.2000 label_smoothing=0.000
D step=1/5 epoch=3/3 loss=0.1473 l2=0.2000 label_smoothing=0.000
D step=2/5 epoch=1/3 loss=0.1388 l2=0.2000 label_smoothing=0.000
D step=2/5 epoch=2/3 loss=0.1348 l2=0.2000 label_smoothing=0.000
D step=2/5 epoch=3/3 loss=0.1373 l2=0.2000 label_smoothing=0.000
D step=3/5 epoch=1/3 loss=0.1449 l2=0.2000 label_smoothing=0.000
D step=3/5 epoch=2/3 loss=0.1404 l2=0.2000 label_smoothing=0.000
D step=3/5 epoch=3/3 loss=0.1438 l2=0.2000 label_smoothing=0.000
D step=4/5 epoch=1/3 loss=0.1427 l2=0.2000 label_smoothing=0.000
D step=4/5 epoch=2/3 loss=0.1315 l2=0.2000 label_smoothing=0.000
D step=4/5 epoch=3/3 loss=0.1285 l2=0.2000 label_smoothing=0.000
D step=5/5 epoch=1/3 loss=0.1436 l2=0.2000 label_smoothing=0.000
D step=5/5 epoch=2/3 loss=0.1379 l2=0.2000 label_smoothing=0.000
D step=5/5 epoch=3/3 loss=0.1390 l2=0.2000 label_smoothing=0.000
ADV epoch=22/200 g_loss=0.0126 d_loss=0.1409 reward=0.0998 reward_var=0.0065 unique=0.4000
D step=1/5 epoch=1/3 loss=0.1337 l2=0.2000 label_smoothing=0.000
D step=1/5 epoch=2/3 loss=0.1292 l2=0.2000 label_smoothing=0.000
D step=1/5 epoch=3/3 loss=0.1260 l2=0.2000 label_smoothing=0.000
D step=2/5 epoch=1/3 loss=0.1396 l2=0.2000 label_smoothing=0.000
D step=2/5 epoch=2/3 loss=0.1344 l2=0.2000 label_smoothing=0.000
D step=2/5 epoch=3/3 loss=0.1364 l2=0.2000 label_smoothing=0.000
D step=3/5 epoch=1/3 loss=0.1341 l2=0.2000 label_smoothing=0.000
D step=3/5 epoch=2/3 loss=0.1300 l2=0.2000 label_smoothing=0.000
D step=3/5 epoch=3/3 loss=0.1272 l2=0.2000 label_smoothing=0.000
D step=4/5 epoch=1/3 loss=0.1651 l2=0.2000 label_smoothing=0.000
D step=4/5 epoch=2/3 loss=0.1629 l2=0.2000 label_smoothing=0.000
D step=4/5 epoch=3/3 loss=0.1591 l2=0.2000 label_smoothing=0.000
D step=5/5 epoch=1/3 loss=0.1254 l2=0.2000 label_smoothing=0.000
D step=5/5 epoch=2/3 loss=0.1267 l2=0.2000 label_smoothing=0.000
D step=5/5 epoch=3/3 loss=0.1248 l2=0.2000 label_smoothing=0.000
ADV epoch=23/200 g_loss=0.0166 d_loss=0.1370 reward=0.1084 reward_var=0.0060 unique=0.5400
D step=1/5 epoch=1/3 loss=0.1428 l2=0.2000 label_smoothing=0.000
D step=1/5 epoch=2/3 loss=0.1353 l2=0.2000 label_smoothing=0.000
D step=1/5 epoch=3/3 loss=0.1373 l2=0.2000 label_smoothing=0.000
D step=2/5 epoch=1/3 loss=0.1186 l2=0.2000 label_smoothing=0.000
D step=2/5 epoch=2/3 loss=0.1095 l2=0.2000 label_smoothing=0.000
D step=2/5 epoch=3/3 loss=0.1080 l2=0.2000 label_smoothing=0.000
D step=3/5 epoch=1/3 loss=0.1401 l2=0.2000 label_smoothing=0.000
D step=3/5 epoch=2/3 loss=0.1402 l2=0.2000 label_smoothing=0.000
D step=3/5 epoch=3/3 loss=0.1405 l2=0.2000 label_smoothing=0.000
D step=4/5 epoch=1/3 loss=0.1423 l2=0.2000 label_smoothing=0.000
D step=4/5 epoch=2/3 loss=0.1407 l2=0.2000 label_smoothing=0.000
D step=4/5 epoch=3/3 loss=0.1361 l2=0.2000 label_smoothing=0.000
D step=5/5 epoch=1/3 loss=0.1809 l2=0.2000 label_smoothing=0.000
D step=5/5 epoch=2/3 loss=0.1544 l2=0.2000 label_smoothing=0.000
D step=5/5 epoch=3/3 loss=0.1445 l2=0.2000 label_smoothing=0.000
ADV epoch=24/200 g_loss=0.0088 d_loss=0.1381 reward=0.0821 reward_var=0.0033 unique=0.4000
D step=1/5 epoch=1/3 loss=0.1506 l2=0.2000 label_smoothing=0.000
D step=1/5 epoch=2/3 loss=0.1392 l2=0.2000 label_smoothing=0.000
D step=1/5 epoch=3/3 loss=0.1405 l2=0.2000 label_smoothing=0.000
D step=2/5 epoch=1/3 loss=0.1451 l2=0.2000 label_smoothing=0.000
D step=2/5 epoch=2/3 loss=0.1369 l2=0.2000 label_smoothing=0.000
D step=2/5 epoch=3/3 loss=0.1406 l2=0.2000 label_smoothing=0.000
D step=3/5 epoch=1/3 loss=0.1447 l2=0.2000 label_smoothing=0.000
D step=3/5 epoch=2/3 loss=0.1418 l2=0.2000 label_smoothing=0.000
D step=3/5 epoch=3/3 loss=0.1387 l2=0.2000 label_smoothing=0.000
D step=4/5 epoch=1/3 loss=0.1651 l2=0.2000 label_smoothing=0.000
D step=4/5 epoch=2/3 loss=0.1490 l2=0.2000 label_smoothing=0.000
D step=4/5 epoch=3/3 loss=0.1488 l2=0.2000 label_smoothing=0.000
D step=5/5 epoch=1/3 loss=0.1563 l2=0.2000 label_smoothing=0.000
D step=5/5 epoch=2/3 loss=0.1514 l2=0.2000 label_smoothing=0.000
D step=5/5 epoch=3/3 loss=0.1477 l2=0.2000 label_smoothing=0.000
ADV epoch=25/200 g_loss=0.0097 d_loss=0.1464 reward=0.0987 reward_var=0.0073 unique=0.3000
D step=1/5 epoch=1/3 loss=0.1623 l2=0.2000 label_smoothing=0.000
D step=1/5 epoch=2/3 loss=0.1530 l2=0.2000 label_smoothing=0.000
D step=1/5 epoch=3/3 loss=0.1515 l2=0.2000 label_smoothing=0.000
D step=2/5 epoch=1/3 loss=0.1470 l2=0.2000 label_smoothing=0.000
D step=2/5 epoch=2/3 loss=0.1453 l2=0.2000 label_smoothing=0.000
D step=2/5 epoch=3/3 loss=0.1418 l2=0.2000 label_smoothing=0.000
D step=3/5 epoch=1/3 loss=0.1562 l2=0.2000 label_smoothing=0.000
D step=3/5 epoch=2/3 loss=0.1553 l2=0.2000 label_smoothing=0.000
D step=3/5 epoch=3/3 loss=0.1543 l2=0.2000 label_smoothing=0.000
D step=4/5 epoch=1/3 loss=0.1369 l2=0.2000 label_smoothing=0.000
D step=4/5 epoch=2/3 loss=0.1370 l2=0.2000 label_smoothing=0.000
D step=4/5 epoch=3/3 loss=0.1334 l2=0.2000 label_smoothing=0.000
D step=5/5 epoch=1/3 loss=0.1466 l2=0.2000 label_smoothing=0.000
D step=5/5 epoch=2/3 loss=0.1432 l2=0.2000 label_smoothing=0.000
D step=5/5 epoch=3/3 loss=0.1434 l2=0.2000 label_smoothing=0.000
ADV epoch=26/200 g_loss=0.0172 d_loss=0.1471 reward=0.1002 reward_var=0.0083 unique=0.4800
D step=1/5 epoch=1/3 loss=0.1461 l2=0.2000 label_smoothing=0.000
D step=1/5 epoch=2/3 loss=0.1478 l2=0.2000 label_smoothing=0.000
D step=1/5 epoch=3/3 loss=0.1450 l2=0.2000 label_smoothing=0.000
D step=2/5 epoch=1/3 loss=0.1737 l2=0.2000 label_smoothing=0.000
D step=2/5 epoch=2/3 loss=0.1629 l2=0.2000 label_smoothing=0.000
D step=2/5 epoch=3/3 loss=0.1510 l2=0.2000 label_smoothing=0.000
D step=3/5 epoch=1/3 loss=0.1620 l2=0.2000 label_smoothing=0.000
D step=3/5 epoch=2/3 loss=0.1621 l2=0.2000 label_smoothing=0.000
D step=3/5 epoch=3/3 loss=0.1661 l2=0.2000 label_smoothing=0.000
D step=4/5 epoch=1/3 loss=0.1588 l2=0.2000 label_smoothing=0.000
D step=4/5 epoch=2/3 loss=0.1530 l2=0.2000 label_smoothing=0.000
D step=4/5 epoch=3/3 loss=0.1607 l2=0.2000 label_smoothing=0.000
D step=5/5 epoch=1/3 loss=0.1674 l2=0.2000 label_smoothing=0.000
D step=5/5 epoch=2/3 loss=0.1513 l2=0.2000 label_smoothing=0.000
D step=5/5 epoch=3/3 loss=0.1517 l2=0.2000 label_smoothing=0.000
ADV epoch=27/200 g_loss=0.0092 d_loss=0.1573 reward=0.0934 reward_var=0.0039 unique=0.4400
D step=1/5 epoch=1/3 loss=0.1250 l2=0.2000 label_smoothing=0.000
D step=1/5 epoch=2/3 loss=0.1198 l2=0.2000 label_smoothing=0.000
D step=1/5 epoch=3/3 loss=0.1240 l2=0.2000 label_smoothing=0.000
D step=2/5 epoch=1/3 loss=0.1534 l2=0.2000 label_smoothing=0.000
D step=2/5 epoch=2/3 loss=0.1553 l2=0.2000 label_smoothing=0.000
D step=2/5 epoch=3/3 loss=0.1519 l2=0.2000 label_smoothing=0.000
D step=3/5 epoch=1/3 loss=0.1758 l2=0.2000 label_smoothing=0.000
D step=3/5 epoch=2/3 loss=0.1652 l2=0.2000 label_smoothing=0.000
D step=3/5 epoch=3/3 loss=0.1571 l2=0.2000 label_smoothing=0.000
D step=4/5 epoch=1/3 loss=0.1446 l2=0.2000 label_smoothing=0.000
D step=4/5 epoch=2/3 loss=0.1403 l2=0.2000 label_smoothing=0.000
D step=4/5 epoch=3/3 loss=0.1361 l2=0.2000 label_smoothing=0.000
D step=5/5 epoch=1/3 loss=0.1415 l2=0.2000 label_smoothing=0.000
D step=5/5 epoch=2/3 loss=0.1416 l2=0.2000 label_smoothing=0.000
D step=5/5 epoch=3/3 loss=0.1419 l2=0.2000 label_smoothing=0.000
ADV epoch=28/200 g_loss=0.0075 d_loss=0.1449 reward=0.0908 reward_var=0.0030 unique=0.3600
D step=1/5 epoch=1/3 loss=0.1454 l2=0.2000 label_smoothing=0.000
D step=1/5 epoch=2/3 loss=0.1407 l2=0.2000 label_smoothing=0.000
D step=1/5 epoch=3/3 loss=0.1375 l2=0.2000 label_smoothing=0.000
D step=2/5 epoch=1/3 loss=0.1591 l2=0.2000 label_smoothing=0.000
D step=2/5 epoch=2/3 loss=0.1562 l2=0.2000 label_smoothing=0.000
D step=2/5 epoch=3/3 loss=0.1563 l2=0.2000 label_smoothing=0.000
D step=3/5 epoch=1/3 loss=0.1498 l2=0.2000 label_smoothing=0.000
D step=3/5 epoch=2/3 loss=0.1445 l2=0.2000 label_smoothing=0.000
D step=3/5 epoch=3/3 loss=0.1422 l2=0.2000 label_smoothing=0.000
D step=4/5 epoch=1/3 loss=0.1569 l2=0.2000 label_smoothing=0.000
D step=4/5 epoch=2/3 loss=0.1583 l2=0.2000 label_smoothing=0.000
D step=4/5 epoch=3/3 loss=0.1554 l2=0.2000 label_smoothing=0.000
D step=5/5 epoch=1/3 loss=0.1514 l2=0.2000 label_smoothing=0.000
D step=5/5 epoch=2/3 loss=0.1510 l2=0.2000 label_smoothing=0.000
D step=5/5 epoch=3/3 loss=0.1504 l2=0.2000 label_smoothing=0.000
ADV epoch=29/200 g_loss=0.0091 d_loss=0.1503 reward=0.0971 reward_var=0.0034 unique=0.4800
D step=1/5 epoch=1/3 loss=0.1507 l2=0.2000 label_smoothing=0.000
D step=1/5 epoch=2/3 loss=0.1416 l2=0.2000 label_smoothing=0.000
D step=1/5 epoch=3/3 loss=0.1404 l2=0.2000 label_smoothing=0.000
D step=2/5 epoch=1/3 loss=0.1567 l2=0.2000 label_smoothing=0.000
D step=2/5 epoch=2/3 loss=0.1505 l2=0.2000 label_smoothing=0.000
D step=2/5 epoch=3/3 loss=0.1494 l2=0.2000 label_smoothing=0.000
D step=3/5 epoch=1/3 loss=0.1346 l2=0.2000 label_smoothing=0.000
D step=3/5 epoch=2/3 loss=0.1371 l2=0.2000 label_smoothing=0.000
D step=3/5 epoch=3/3 loss=0.1328 l2=0.2000 label_smoothing=0.000
D step=4/5 epoch=1/3 loss=0.1418 l2=0.2000 label_smoothing=0.000
D step=4/5 epoch=2/3 loss=0.1400 l2=0.2000 label_smoothing=0.000
D step=4/5 epoch=3/3 loss=0.1442 l2=0.2000 label_smoothing=0.000
D step=5/5 epoch=1/3 loss=0.1459 l2=0.2000 label_smoothing=0.000
D step=5/5 epoch=2/3 loss=0.1464 l2=0.2000 label_smoothing=0.000
D step=5/5 epoch=3/3 loss=0.1480 l2=0.2000 label_smoothing=0.000
ADV epoch=30/200 g_loss=0.0125 d_loss=0.1440 reward=0.1160 reward_var=0.0052 unique=0.3600
D step=1/5 epoch=1/3 loss=0.1567 l2=0.2000 label_smoothing=0.000
D step=1/5 epoch=2/3 loss=0.1493 l2=0.2000 label_smoothing=0.000
D step=1/5 epoch=3/3 loss=0.1520 l2=0.2000 label_smoothing=0.000
D step=2/5 epoch=1/3 loss=0.1544 l2=0.2000 label_smoothing=0.000
D step=2/5 epoch=2/3 loss=0.1521 l2=0.2000 label_smoothing=0.000
D step=2/5 epoch=3/3 loss=0.1511 l2=0.2000 label_smoothing=0.000
D step=3/5 epoch=1/3 loss=0.1609 l2=0.2000 label_smoothing=0.000
D step=3/5 epoch=2/3 loss=0.1497 l2=0.2000 label_smoothing=0.000
D step=3/5 epoch=3/3 loss=0.1506 l2=0.2000 label_smoothing=0.000
D step=4/5 epoch=1/3 loss=0.1568 l2=0.2000 label_smoothing=0.000
D step=4/5 epoch=2/3 loss=0.1561 l2=0.2000 label_smoothing=0.000
D step=4/5 epoch=3/3 loss=0.1554 l2=0.2000 label_smoothing=0.000
D step=5/5 epoch=1/3 loss=0.1616 l2=0.2000 label_smoothing=0.000
D step=5/5 epoch=2/3 loss=0.1592 l2=0.2000 label_smoothing=0.000
D step=5/5 epoch=3/3 loss=0.1586 l2=0.2000 label_smoothing=0.000
ADV epoch=31/200 g_loss=0.0081 d_loss=0.1550 reward=0.0865 reward_var=0.0036 unique=0.4200
D step=1/5 epoch=1/3 loss=0.1480 l2=0.2000 label_smoothing=0.000
D step=1/5 epoch=2/3 loss=0.1352 l2=0.2000 label_smoothing=0.000
D step=1/5 epoch=3/3 loss=0.1307 l2=0.2000 label_smoothing=0.000
D step=2/5 epoch=1/3 loss=0.1556 l2=0.2000 label_smoothing=0.000
D step=2/5 epoch=2/3 loss=0.1562 l2=0.2000 label_smoothing=0.000
D step=2/5 epoch=3/3 loss=0.1561 l2=0.2000 label_smoothing=0.000
D step=3/5 epoch=1/3 loss=0.1487 l2=0.2000 label_smoothing=0.000
D step=3/5 epoch=2/3 loss=0.1462 l2=0.2000 label_smoothing=0.000
D step=3/5 epoch=3/3 loss=0.1446 l2=0.2000 label_smoothing=0.000
D step=4/5 epoch=1/3 loss=0.1531 l2=0.2000 label_smoothing=0.000
D step=4/5 epoch=2/3 loss=0.1540 l2=0.2000 label_smoothing=0.000
D step=4/5 epoch=3/3 loss=0.1510 l2=0.2000 label_smoothing=0.000
D step=5/5 epoch=1/3 loss=0.1042 l2=0.2000 label_smoothing=0.000
D step=5/5 epoch=2/3 loss=0.1015 l2=0.2000 label_smoothing=0.000
D step=5/5 epoch=3/3 loss=0.1014 l2=0.2000 label_smoothing=0.000
ADV epoch=32/200 g_loss=0.0161 d_loss=0.1391 reward=0.1099 reward_var=0.0062 unique=0.4200
D step=1/5 epoch=1/3 loss=0.1421 l2=0.2000 label_smoothing=0.000
D step=1/5 epoch=2/3 loss=0.1255 l2=0.2000 label_smoothing=0.000
D step=1/5 epoch=3/3 loss=0.1266 l2=0.2000 label_smoothing=0.000
D step=2/5 epoch=1/3 loss=0.1557 l2=0.2000 label_smoothing=0.000
D step=2/5 epoch=2/3 loss=0.1413 l2=0.2000 label_smoothing=0.000
D step=2/5 epoch=3/3 loss=0.1379 l2=0.2000 label_smoothing=0.000
D step=3/5 epoch=1/3 loss=0.1646 l2=0.2000 label_smoothing=0.000
D step=3/5 epoch=2/3 loss=0.1589 l2=0.2000 label_smoothing=0.000
D step=3/5 epoch=3/3 loss=0.1501 l2=0.2000 label_smoothing=0.000
D step=4/5 epoch=1/3 loss=0.1342 l2=0.2000 label_smoothing=0.000
D step=4/5 epoch=2/3 loss=0.1347 l2=0.2000 label_smoothing=0.000
D step=4/5 epoch=3/3 loss=0.1322 l2=0.2000 label_smoothing=0.000
D step=5/5 epoch=1/3 loss=0.1835 l2=0.2000 label_smoothing=0.000
D step=5/5 epoch=2/3 loss=0.1582 l2=0.2000 label_smoothing=0.000
D step=5/5 epoch=3/3 loss=0.1573 l2=0.2000 label_smoothing=0.000
ADV epoch=33/200 g_loss=0.0110 d_loss=0.1468 reward=0.0745 reward_var=0.0033 unique=0.4200
D step=1/5 epoch=1/3 loss=0.1709 l2=0.2000 label_smoothing=0.000
D step=1/5 epoch=2/3 loss=0.1636 l2=0.2000 label_smoothing=0.000
D step=1/5 epoch=3/3 loss=0.1609 l2=0.2000 label_smoothing=0.000
D step=2/5 epoch=1/3 loss=0.1478 l2=0.2000 label_smoothing=0.000
D step=2/5 epoch=2/3 loss=0.1449 l2=0.2000 label_smoothing=0.000
D step=2/5 epoch=3/3 loss=0.1440 l2=0.2000 label_smoothing=0.000
D step=3/5 epoch=1/3 loss=0.1318 l2=0.2000 label_smoothing=0.000
D step=3/5 epoch=2/3 loss=0.1282 l2=0.2000 label_smoothing=0.000
D step=3/5 epoch=3/3 loss=0.1309 l2=0.2000 label_smoothing=0.000
D step=4/5 epoch=1/3 loss=0.1370 l2=0.2000 label_smoothing=0.000
D step=4/5 epoch=2/3 loss=0.1387 l2=0.2000 label_smoothing=0.000
D step=4/5 epoch=3/3 loss=0.1387 l2=0.2000 label_smoothing=0.000
D step=5/5 epoch=1/3 loss=0.1514 l2=0.2000 label_smoothing=0.000
D step=5/5 epoch=2/3 loss=0.1522 l2=0.2000 label_smoothing=0.000
D step=5/5 epoch=3/3 loss=0.1522 l2=0.2000 label_smoothing=0.000
ADV epoch=34/200 g_loss=0.0091 d_loss=0.1462 reward=0.0935 reward_var=0.0041 unique=0.4000
D step=1/5 epoch=1/3 loss=0.1397 l2=0.2000 label_smoothing=0.000
D step=1/5 epoch=2/3 loss=0.1304 l2=0.2000 label_smoothing=0.000
D step=1/5 epoch=3/3 loss=0.1311 l2=0.2000 label_smoothing=0.000
D step=2/5 epoch=1/3 loss=0.1110 l2=0.2000 label_smoothing=0.000
D step=2/5 epoch=2/3 loss=0.1149 l2=0.2000 label_smoothing=0.000
D step=2/5 epoch=3/3 loss=0.1100 l2=0.2000 label_smoothing=0.000
D step=3/5 epoch=1/3 loss=0.1709 l2=0.2000 label_smoothing=0.000
D step=3/5 epoch=2/3 loss=0.1514 l2=0.2000 label_smoothing=0.000
D step=3/5 epoch=3/3 loss=0.1456 l2=0.2000 label_smoothing=0.000
D step=4/5 epoch=1/3 loss=0.1386 l2=0.2000 label_smoothing=0.000
D step=4/5 epoch=2/3 loss=0.1347 l2=0.2000 label_smoothing=0.000
D step=4/5 epoch=3/3 loss=0.1346 l2=0.2000 label_smoothing=0.000
D step=5/5 epoch=1/3 loss=0.1197 l2=0.2000 label_smoothing=0.000
D step=5/5 epoch=2/3 loss=0.1205 l2=0.2000 label_smoothing=0.000
D step=5/5 epoch=3/3 loss=0.1184 l2=0.2000 label_smoothing=0.000
ADV epoch=35/200 g_loss=0.0091 d_loss=0.1314 reward=0.1081 reward_var=0.0034 unique=0.4800
D step=1/5 epoch=1/3 loss=0.1836 l2=0.2000 label_smoothing=0.000
D step=1/5 epoch=2/3 loss=0.1671 l2=0.2000 label_smoothing=0.000
D step=1/5 epoch=3/3 loss=0.1655 l2=0.2000 label_smoothing=0.000
D step=2/5 epoch=1/3 loss=0.1396 l2=0.2000 label_smoothing=0.000
D step=2/5 epoch=2/3 loss=0.1370 l2=0.2000 label_smoothing=0.000
D step=2/5 epoch=3/3 loss=0.1328 l2=0.2000 label_smoothing=0.000
D step=3/5 epoch=1/3 loss=0.1676 l2=0.2000 label_smoothing=0.000
D step=3/5 epoch=2/3 loss=0.1622 l2=0.2000 label_smoothing=0.000
D step=3/5 epoch=3/3 loss=0.1542 l2=0.2000 label_smoothing=0.000
D step=4/5 epoch=1/3 loss=0.1790 l2=0.2000 label_smoothing=0.000
D step=4/5 epoch=2/3 loss=0.1739 l2=0.2000 label_smoothing=0.000
D step=4/5 epoch=3/3 loss=0.1697 l2=0.2000 label_smoothing=0.000
D step=5/5 epoch=1/3 loss=0.1695 l2=0.2000 label_smoothing=0.000
D step=5/5 epoch=2/3 loss=0.1600 l2=0.2000 label_smoothing=0.000
D step=5/5 epoch=3/3 loss=0.1576 l2=0.2000 label_smoothing=0.000
ADV epoch=36/200 g_loss=0.0064 d_loss=0.1613 reward=0.0677 reward_var=0.0019 unique=0.3600
D step=1/5 epoch=1/3 loss=0.1888 l2=0.2000 label_smoothing=0.000
D step=1/5 epoch=2/3 loss=0.1683 l2=0.2000 label_smoothing=0.000
D step=1/5 epoch=3/3 loss=0.1657 l2=0.2000 label_smoothing=0.000
D step=2/5 epoch=1/3 loss=0.1475 l2=0.2000 label_smoothing=0.000
D step=2/5 epoch=2/3 loss=0.1447 l2=0.2000 label_smoothing=0.000
D step=2/5 epoch=3/3 loss=0.1420 l2=0.2000 label_smoothing=0.000
D step=3/5 epoch=1/3 loss=0.1460 l2=0.2000 label_smoothing=0.000
D step=3/5 epoch=2/3 loss=0.1481 l2=0.2000 label_smoothing=0.000
D step=3/5 epoch=3/3 loss=0.1447 l2=0.2000 label_smoothing=0.000
D step=4/5 epoch=1/3 loss=0.1766 l2=0.2000 label_smoothing=0.000
D step=4/5 epoch=2/3 loss=0.1697 l2=0.2000 label_smoothing=0.000
D step=4/5 epoch=3/3 loss=0.1609 l2=0.2000 label_smoothing=0.000
D step=5/5 epoch=1/3 loss=0.1491 l2=0.2000 label_smoothing=0.000
D step=5/5 epoch=2/3 loss=0.1425 l2=0.2000 label_smoothing=0.000
D step=5/5 epoch=3/3 loss=0.1458 l2=0.2000 label_smoothing=0.000
ADV epoch=37/200 g_loss=0.0156 d_loss=0.1560 reward=0.0821 reward_var=0.0056 unique=0.3800
D step=1/5 epoch=1/3 loss=0.1988 l2=0.2000 label_smoothing=0.000
D step=1/5 epoch=2/3 loss=0.1754 l2=0.2000 label_smoothing=0.000
D step=1/5 epoch=3/3 loss=0.1768 l2=0.2000 label_smoothing=0.000
D step=2/5 epoch=1/3 loss=0.1738 l2=0.2000 label_smoothing=0.000
D step=2/5 epoch=2/3 loss=0.1689 l2=0.2000 label_smoothing=0.000
D step=2/5 epoch=3/3 loss=0.1662 l2=0.2000 label_smoothing=0.000
D step=3/5 epoch=1/3 loss=0.1647 l2=0.2000 label_smoothing=0.000
D step=3/5 epoch=2/3 loss=0.1645 l2=0.2000 label_smoothing=0.000
D step=3/5 epoch=3/3 loss=0.1561 l2=0.2000 label_smoothing=0.000
D step=4/5 epoch=1/3 loss=0.1472 l2=0.2000 label_smoothing=0.000
D step=4/5 epoch=2/3 loss=0.1464 l2=0.2000 label_smoothing=0.000
D step=4/5 epoch=3/3 loss=0.1442 l2=0.2000 label_smoothing=0.000
D step=5/5 epoch=1/3 loss=0.1433 l2=0.2000 label_smoothing=0.000
D step=5/5 epoch=2/3 loss=0.1391 l2=0.2000 label_smoothing=0.000
D step=5/5 epoch=3/3 loss=0.1359 l2=0.2000 label_smoothing=0.000
ADV epoch=38/200 g_loss=0.0144 d_loss=0.1601 reward=0.1288 reward_var=0.0073 unique=0.4000
D step=1/5 epoch=1/3 loss=0.1686 l2=0.2000 label_smoothing=0.000
D step=1/5 epoch=2/3 loss=0.1615 l2=0.2000 label_smoothing=0.000
D step=1/5 epoch=3/3 loss=0.1652 l2=0.2000 label_smoothing=0.000
D step=2/5 epoch=1/3 loss=0.1463 l2=0.2000 label_smoothing=0.000
D step=2/5 epoch=2/3 loss=0.1460 l2=0.2000 label_smoothing=0.000
D step=2/5 epoch=3/3 loss=0.1490 l2=0.2000 label_smoothing=0.000
D step=3/5 epoch=1/3 loss=0.1532 l2=0.2000 label_smoothing=0.000
D step=3/5 epoch=2/3 loss=0.1536 l2=0.2000 label_smoothing=0.000
D step=3/5 epoch=3/3 loss=0.1505 l2=0.2000 label_smoothing=0.000
D step=4/5 epoch=1/3 loss=0.1399 l2=0.2000 label_smoothing=0.000
D step=4/5 epoch=2/3 loss=0.1407 l2=0.2000 label_smoothing=0.000
D step=4/5 epoch=3/3 loss=0.1368 l2=0.2000 label_smoothing=0.000
D step=5/5 epoch=1/3 loss=0.1631 l2=0.2000 label_smoothing=0.000
D step=5/5 epoch=2/3 loss=0.1635 l2=0.2000 label_smoothing=0.000
D step=5/5 epoch=3/3 loss=0.1608 l2=0.2000 label_smoothing=0.000
ADV epoch=39/200 g_loss=0.0105 d_loss=0.1532 reward=0.0885 reward_var=0.0044 unique=0.3200
D step=1/5 epoch=1/3 loss=0.1835 l2=0.2000 label_smoothing=0.000
D step=1/5 epoch=2/3 loss=0.1743 l2=0.2000 label_smoothing=0.000
D step=1/5 epoch=3/3 loss=0.1670 l2=0.2000 label_smoothing=0.000
D step=2/5 epoch=1/3 loss=0.1671 l2=0.2000 label_smoothing=0.000
D step=2/5 epoch=2/3 loss=0.1631 l2=0.2000 label_smoothing=0.000
D step=2/5 epoch=3/3 loss=0.1615 l2=0.2000 label_smoothing=0.000
D step=3/5 epoch=1/3 loss=0.1486 l2=0.2000 label_smoothing=0.000
D step=3/5 epoch=2/3 loss=0.1481 l2=0.2000 label_smoothing=0.000
D step=3/5 epoch=3/3 loss=0.1469 l2=0.2000 label_smoothing=0.000
D step=4/5 epoch=1/3 loss=0.1550 l2=0.2000 label_smoothing=0.000
D step=4/5 epoch=2/3 loss=0.1487 l2=0.2000 label_smoothing=0.000
D step=4/5 epoch=3/3 loss=0.1431 l2=0.2000 label_smoothing=0.000
D step=5/5 epoch=1/3 loss=0.1622 l2=0.2000 label_smoothing=0.000
D step=5/5 epoch=2/3 loss=0.1615 l2=0.2000 label_smoothing=0.000
D step=5/5 epoch=3/3 loss=0.1627 l2=0.2000 label_smoothing=0.000
ADV epoch=40/200 g_loss=0.0080 d_loss=0.1596 reward=0.1041 reward_var=0.0026 unique=0.3000
D step=1/5 epoch=1/3 loss=0.1854 l2=0.2000 label_smoothing=0.000
D step=1/5 epoch=2/3 loss=0.1588 l2=0.2000 label_smoothing=0.000
D step=1/5 epoch=3/3 loss=0.1592 l2=0.2000 label_smoothing=0.000
D step=2/5 epoch=1/3 loss=0.1730 l2=0.2000 label_smoothing=0.000
D step=2/5 epoch=2/3 loss=0.1702 l2=0.2000 label_smoothing=0.000
D step=2/5 epoch=3/3 loss=0.1652 l2=0.2000 label_smoothing=0.000
D step=3/5 epoch=1/3 loss=0.1476 l2=0.2000 label_smoothing=0.000
D step=3/5 epoch=2/3 loss=0.1476 l2=0.2000 label_smoothing=0.000
D step=3/5 epoch=3/3 loss=0.1452 l2=0.2000 label_smoothing=0.000
D step=4/5 epoch=1/3 loss=0.2163 l2=0.2000 label_smoothing=0.000
D step=4/5 epoch=2/3 loss=0.1841 l2=0.2000 label_smoothing=0.000
D step=4/5 epoch=3/3 loss=0.1822 l2=0.2000 label_smoothing=0.000
D step=5/5 epoch=1/3 loss=0.1453 l2=0.2000 label_smoothing=0.000
D step=5/5 epoch=2/3 loss=0.1417 l2=0.2000 label_smoothing=0.000
D step=5/5 epoch=3/3 loss=0.1430 l2=0.2000 label_smoothing=0.000
ADV epoch=41/200 g_loss=0.0101 d_loss=0.1643 reward=0.1219 reward_var=0.0045 unique=0.3600
D step=1/5 epoch=1/3 loss=0.1719 l2=0.2000 label_smoothing=0.000
D step=1/5 epoch=2/3 loss=0.1612 l2=0.2000 label_smoothing=0.000
D step=1/5 epoch=3/3 loss=0.1615 l2=0.2000 label_smoothing=0.000
D step=2/5 epoch=1/3 loss=0.1571 l2=0.2000 label_smoothing=0.000
D step=2/5 epoch=2/3 loss=0.1454 l2=0.2000 label_smoothing=0.000
D step=2/5 epoch=3/3 loss=0.1369 l2=0.2000 label_smoothing=0.000
D step=3/5 epoch=1/3 loss=0.1622 l2=0.2000 label_smoothing=0.000
D step=3/5 epoch=2/3 loss=0.1606 l2=0.2000 label_smoothing=0.000
D step=3/5 epoch=3/3 loss=0.1607 l2=0.2000 label_smoothing=0.000
D step=4/5 epoch=1/3 loss=0.1537 l2=0.2000 label_smoothing=0.000
D step=4/5 epoch=2/3 loss=0.1466 l2=0.2000 label_smoothing=0.000
D step=4/5 epoch=3/3 loss=0.1485 l2=0.2000 label_smoothing=0.000
D step=5/5 epoch=1/3 loss=0.1770 l2=0.2000 label_smoothing=0.000
D step=5/5 epoch=2/3 loss=0.1676 l2=0.2000 label_smoothing=0.000
D step=5/5 epoch=3/3 loss=0.1674 l2=0.2000 label_smoothing=0.000
ADV epoch=42/200 g_loss=0.0121 d_loss=0.1585 reward=0.1024 reward_var=0.0033 unique=0.3600
D step=1/5 epoch=1/3 loss=0.1655 l2=0.2000 label_smoothing=0.000
D step=1/5 epoch=2/3 loss=0.1633 l2=0.2000 label_smoothing=0.000
D step=1/5 epoch=3/3 loss=0.1580 l2=0.2000 label_smoothing=0.000
D step=2/5 epoch=1/3 loss=0.1671 l2=0.2000 label_smoothing=0.000
D step=2/5 epoch=2/3 loss=0.1602 l2=0.2000 label_smoothing=0.000
D step=2/5 epoch=3/3 loss=0.1579 l2=0.2000 label_smoothing=0.000
D step=3/5 epoch=1/3 loss=0.1516 l2=0.2000 label_smoothing=0.000
D step=3/5 epoch=2/3 loss=0.1509 l2=0.2000 label_smoothing=0.000
D step=3/5 epoch=3/3 loss=0.1519 l2=0.2000 label_smoothing=0.000
D step=4/5 epoch=1/3 loss=0.1469 l2=0.2000 label_smoothing=0.000
D step=4/5 epoch=2/3 loss=0.1476 l2=0.2000 label_smoothing=0.000
D step=4/5 epoch=3/3 loss=0.1517 l2=0.2000 label_smoothing=0.000
D step=5/5 epoch=1/3 loss=0.1927 l2=0.2000 label_smoothing=0.000
D step=5/5 epoch=2/3 loss=0.1824 l2=0.2000 label_smoothing=0.000
D step=5/5 epoch=3/3 loss=0.1753 l2=0.2000 label_smoothing=0.000
ADV epoch=43/200 g_loss=0.0101 d_loss=0.1615 reward=0.1194 reward_var=0.0050 unique=0.3400
D step=1/5 epoch=1/3 loss=0.1696 l2=0.2000 label_smoothing=0.000
D step=1/5 epoch=2/3 loss=0.1614 l2=0.2000 label_smoothing=0.000
D step=1/5 epoch=3/3 loss=0.1607 l2=0.2000 label_smoothing=0.000
D step=2/5 epoch=1/3 loss=0.1515 l2=0.2000 label_smoothing=0.000
D step=2/5 epoch=2/3 loss=0.1506 l2=0.2000 label_smoothing=0.000
D step=2/5 epoch=3/3 loss=0.1471 l2=0.2000 label_smoothing=0.000
D step=3/5 epoch=1/3 loss=0.1345 l2=0.2000 label_smoothing=0.000
D step=3/5 epoch=2/3 loss=0.1331 l2=0.2000 label_smoothing=0.000
D step=3/5 epoch=3/3 loss=0.1324 l2=0.2000 label_smoothing=0.000
D step=4/5 epoch=1/3 loss=0.1610 l2=0.2000 label_smoothing=0.000
D step=4/5 epoch=2/3 loss=0.1524 l2=0.2000 label_smoothing=0.000
D step=4/5 epoch=3/3 loss=0.1528 l2=0.2000 label_smoothing=0.000
D step=5/5 epoch=1/3 loss=0.1766 l2=0.2000 label_smoothing=0.000
D step=5/5 epoch=2/3 loss=0.1631 l2=0.2000 label_smoothing=0.000
D step=5/5 epoch=3/3 loss=0.1750 l2=0.2000 label_smoothing=0.000
ADV epoch=44/200 g_loss=0.0088 d_loss=0.1548 reward=0.0911 reward_var=0.0027 unique=0.4200
D step=1/5 epoch=1/3 loss=0.1632 l2=0.2000 label_smoothing=0.000
D step=1/5 epoch=2/3 loss=0.1590 l2=0.2000 label_smoothing=0.000
D step=1/5 epoch=3/3 loss=0.1524 l2=0.2000 label_smoothing=0.000
D step=2/5 epoch=1/3 loss=0.1715 l2=0.2000 label_smoothing=0.000
D step=2/5 epoch=2/3 loss=0.1704 l2=0.2000 label_smoothing=0.000
D step=2/5 epoch=3/3 loss=0.1680 l2=0.2000 label_smoothing=0.000
D step=3/5 epoch=1/3 loss=0.1471 l2=0.2000 label_smoothing=0.000
D step=3/5 epoch=2/3 loss=0.1473 l2=0.2000 label_smoothing=0.000
D step=3/5 epoch=3/3 loss=0.1460 l2=0.2000 label_smoothing=0.000
D step=4/5 epoch=1/3 loss=0.1530 l2=0.2000 label_smoothing=0.000
D step=4/5 epoch=2/3 loss=0.1538 l2=0.2000 label_smoothing=0.000
D step=4/5 epoch=3/3 loss=0.1490 l2=0.2000 label_smoothing=0.000
D step=5/5 epoch=1/3 loss=0.1681 l2=0.2000 label_smoothing=0.000
D step=5/5 epoch=2/3 loss=0.1646 l2=0.2000 label_smoothing=0.000
D step=5/5 epoch=3/3 loss=0.1423 l2=0.2000 label_smoothing=0.000
ADV epoch=45/200 g_loss=0.0064 d_loss=0.1570 reward=0.0840 reward_var=0.0024 unique=0.3600
D step=1/5 epoch=1/3 loss=0.1611 l2=0.2000 label_smoothing=0.000
D step=1/5 epoch=2/3 loss=0.1580 l2=0.2000 label_smoothing=0.000
D step=1/5 epoch=3/3 loss=0.1616 l2=0.2000 label_smoothing=0.000
D step=2/5 epoch=1/3 loss=0.1933 l2=0.2000 label_smoothing=0.000
D step=2/5 epoch=2/3 loss=0.1631 l2=0.2000 label_smoothing=0.000
D step=2/5 epoch=3/3 loss=0.1628 l2=0.2000 label_smoothing=0.000
D step=3/5 epoch=1/3 loss=0.1407 l2=0.2000 label_smoothing=0.000
D step=3/5 epoch=2/3 loss=0.1368 l2=0.2000 label_smoothing=0.000
D step=3/5 epoch=3/3 loss=0.1387 l2=0.2000 label_smoothing=0.000
D step=4/5 epoch=1/3 loss=0.1539 l2=0.2000 label_smoothing=0.000
D step=4/5 epoch=2/3 loss=0.1508 l2=0.2000 label_smoothing=0.000
D step=4/5 epoch=3/3 loss=0.1476 l2=0.2000 label_smoothing=0.000
D step=5/5 epoch=1/3 loss=0.1692 l2=0.2000 label_smoothing=0.000
D step=5/5 epoch=2/3 loss=0.1666 l2=0.2000 label_smoothing=0.000
D step=5/5 epoch=3/3 loss=0.1694 l2=0.2000 label_smoothing=0.000
ADV epoch=46/200 g_loss=0.0117 d_loss=0.1582 reward=0.1001 reward_var=0.0052 unique=0.3200
D step=1/5 epoch=1/3 loss=0.1558 l2=0.2000 label_smoothing=0.000
D step=1/5 epoch=2/3 loss=0.1516 l2=0.2000 label_smoothing=0.000
D step=1/5 epoch=3/3 loss=0.1550 l2=0.2000 label_smoothing=0.000
D step=2/5 epoch=1/3 loss=0.1501 l2=0.2000 label_smoothing=0.000
D step=2/5 epoch=2/3 loss=0.1417 l2=0.2000 label_smoothing=0.000
D step=2/5 epoch=3/3 loss=0.1414 l2=0.2000 label_smoothing=0.000
D step=3/5 epoch=1/3 loss=0.1641 l2=0.2000 label_smoothing=0.000
D step=3/5 epoch=2/3 loss=0.1626 l2=0.2000 label_smoothing=0.000
D step=3/5 epoch=3/3 loss=0.1632 l2=0.2000 label_smoothing=0.000
D step=4/5 epoch=1/3 loss=0.1574 l2=0.2000 label_smoothing=0.000
D step=4/5 epoch=2/3 loss=0.1574 l2=0.2000 label_smoothing=0.000
D step=4/5 epoch=3/3 loss=0.1565 l2=0.2000 label_smoothing=0.000
D step=5/5 epoch=1/3 loss=0.1369 l2=0.2000 label_smoothing=0.000
D step=5/5 epoch=2/3 loss=0.1365 l2=0.2000 label_smoothing=0.000
D step=5/5 epoch=3/3 loss=0.1361 l2=0.2000 label_smoothing=0.000
ADV epoch=47/200 g_loss=0.0066 d_loss=0.1511 reward=0.0908 reward_var=0.0025 unique=0.4400
D step=1/5 epoch=1/3 loss=0.1854 l2=0.2000 label_smoothing=0.000
D step=1/5 epoch=2/3 loss=0.1680 l2=0.2000 label_smoothing=0.000
D step=1/5 epoch=3/3 loss=0.1573 l2=0.2000 label_smoothing=0.000
D step=2/5 epoch=1/3 loss=0.1433 l2=0.2000 label_smoothing=0.000
D step=2/5 epoch=2/3 loss=0.1471 l2=0.2000 label_smoothing=0.000
D step=2/5 epoch=3/3 loss=0.1475 l2=0.2000 label_smoothing=0.000
D step=3/5 epoch=1/3 loss=0.1276 l2=0.2000 label_smoothing=0.000
D step=3/5 epoch=2/3 loss=0.1249 l2=0.2000 label_smoothing=0.000
D step=3/5 epoch=3/3 loss=0.1249 l2=0.2000 label_smoothing=0.000
D step=4/5 epoch=1/3 loss=0.1741 l2=0.2000 label_smoothing=0.000
D step=4/5 epoch=2/3 loss=0.1691 l2=0.2000 label_smoothing=0.000
D step=4/5 epoch=3/3 loss=0.1680 l2=0.2000 label_smoothing=0.000
D step=5/5 epoch=1/3 loss=0.1467 l2=0.2000 label_smoothing=0.000
D step=5/5 epoch=2/3 loss=0.1385 l2=0.2000 label_smoothing=0.000
D step=5/5 epoch=3/3 loss=0.1417 l2=0.2000 label_smoothing=0.000
ADV epoch=48/200 g_loss=0.0114 d_loss=0.1509 reward=0.0960 reward_var=0.0054 unique=0.3000
D step=1/5 epoch=1/3 loss=0.1762 l2=0.2000 label_smoothing=0.000
D step=1/5 epoch=2/3 loss=0.1701 l2=0.2000 label_smoothing=0.000
D step=1/5 epoch=3/3 loss=0.1726 l2=0.2000 label_smoothing=0.000
D step=2/5 epoch=1/3 loss=0.1665 l2=0.2000 label_smoothing=0.000
D step=2/5 epoch=2/3 loss=0.1652 l2=0.2000 label_smoothing=0.000
D step=2/5 epoch=3/3 loss=0.1641 l2=0.2000 label_smoothing=0.000
D step=3/5 epoch=1/3 loss=0.1775 l2=0.2000 label_smoothing=0.000
D step=3/5 epoch=2/3 loss=0.1525 l2=0.2000 label_smoothing=0.000
D step=3/5 epoch=3/3 loss=0.1580 l2=0.2000 label_smoothing=0.000
D step=4/5 epoch=1/3 loss=0.1861 l2=0.2000 label_smoothing=0.000
D step=4/5 epoch=2/3 loss=0.1786 l2=0.2000 label_smoothing=0.000
D step=4/5 epoch=3/3 loss=0.1786 l2=0.2000 label_smoothing=0.000
D step=5/5 epoch=1/3 loss=0.1393 l2=0.2000 label_smoothing=0.000
D step=5/5 epoch=2/3 loss=0.1360 l2=0.2000 label_smoothing=0.000
D step=5/5 epoch=3/3 loss=0.1362 l2=0.2000 label_smoothing=0.000
ADV epoch=49/200 g_loss=0.0124 d_loss=0.1638 reward=0.0951 reward_var=0.0041 unique=0.4000
D step=1/5 epoch=1/3 loss=0.1522 l2=0.2000 label_smoothing=0.000
D step=1/5 epoch=2/3 loss=0.1439 l2=0.2000 label_smoothing=0.000
D step=1/5 epoch=3/3 loss=0.1453 l2=0.2000 label_smoothing=0.000
D step=2/5 epoch=1/3 loss=0.1391 l2=0.2000 label_smoothing=0.000
D step=2/5 epoch=2/3 loss=0.1266 l2=0.2000 label_smoothing=0.000
D step=2/5 epoch=3/3 loss=0.1316 l2=0.2000 label_smoothing=0.000
D step=3/5 epoch=1/3 loss=0.1264 l2=0.2000 label_smoothing=0.000
D step=3/5 epoch=2/3 loss=0.1247 l2=0.2000 label_smoothing=0.000
D step=3/5 epoch=3/3 loss=0.1281 l2=0.2000 label_smoothing=0.000
D step=4/5 epoch=1/3 loss=0.1808 l2=0.2000 label_smoothing=0.000
D step=4/5 epoch=2/3 loss=0.1660 l2=0.2000 label_smoothing=0.000
D step=4/5 epoch=3/3 loss=0.1665 l2=0.2000 label_smoothing=0.000
D step=5/5 epoch=1/3 loss=0.1648 l2=0.2000 label_smoothing=0.000
D step=5/5 epoch=2/3 loss=0.1366 l2=0.2000 label_smoothing=0.000
D step=5/5 epoch=3/3 loss=0.1374 l2=0.2000 label_smoothing=0.000
ADV epoch=50/200 g_loss=0.0060 d_loss=0.1447 reward=0.0730 reward_var=0.0013 unique=0.2800
D step=1/5 epoch=1/3 loss=0.1435 l2=0.2000 label_smoothing=0.000
D step=1/5 epoch=2/3 loss=0.1346 l2=0.2000 label_smoothing=0.000
D step=1/5 epoch=3/3 loss=0.1298 l2=0.2000 label_smoothing=0.000
D step=2/5 epoch=1/3 loss=0.2211 l2=0.2000 label_smoothing=0.000
D step=2/5 epoch=2/3 loss=0.1823 l2=0.2000 label_smoothing=0.000
D step=2/5 epoch=3/3 loss=0.1747 l2=0.2000 label_smoothing=0.000
D step=3/5 epoch=1/3 loss=0.1569 l2=0.2000 label_smoothing=0.000
D step=3/5 epoch=2/3 loss=0.1582 l2=0.2000 label_smoothing=0.000
D step=3/5 epoch=3/3 loss=0.1563 l2=0.2000 label_smoothing=0.000
D step=4/5 epoch=1/3 loss=0.1621 l2=0.2000 label_smoothing=0.000
D step=4/5 epoch=2/3 loss=0.1568 l2=0.2000 label_smoothing=0.000
D step=4/5 epoch=3/3 loss=0.1578 l2=0.2000 label_smoothing=0.000
D step=5/5 epoch=1/3 loss=0.1737 l2=0.2000 label_smoothing=0.000
D step=5/5 epoch=2/3 loss=0.1706 l2=0.2000 label_smoothing=0.000
D step=5/5 epoch=3/3 loss=0.1688 l2=0.2000 label_smoothing=0.000
ADV epoch=51/200 g_loss=0.0115 d_loss=0.1632 reward=0.1176 reward_var=0.0041 unique=0.3000
D step=1/5 epoch=1/3 loss=0.1562 l2=0.2000 label_smoothing=0.000
D step=1/5 epoch=2/3 loss=0.1539 l2=0.2000 label_smoothing=0.000
D step=1/5 epoch=3/3 loss=0.1504 l2=0.2000 label_smoothing=0.000
D step=2/5 epoch=1/3 loss=0.1760 l2=0.2000 label_smoothing=0.000
D step=2/5 epoch=2/3 loss=0.1787 l2=0.2000 label_smoothing=0.000
D step=2/5 epoch=3/3 loss=0.1785 l2=0.2000 label_smoothing=0.000
D step=3/5 epoch=1/3 loss=0.2075 l2=0.2000 label_smoothing=0.000
D step=3/5 epoch=2/3 loss=0.1443 l2=0.2000 label_smoothing=0.000
D step=3/5 epoch=3/3 loss=0.1627 l2=0.2000 label_smoothing=0.000
D step=4/5 epoch=1/3 loss=0.1524 l2=0.2000 label_smoothing=0.000
D step=4/5 epoch=2/3 loss=0.1413 l2=0.2000 label_smoothing=0.000
D step=4/5 epoch=3/3 loss=0.1410 l2=0.2000 label_smoothing=0.000
D step=5/5 epoch=1/3 loss=0.1924 l2=0.2000 label_smoothing=0.000
D step=5/5 epoch=2/3 loss=0.1671 l2=0.2000 label_smoothing=0.000
D step=5/5 epoch=3/3 loss=0.1612 l2=0.2000 label_smoothing=0.000
ADV epoch=52/200 g_loss=0.0132 d_loss=0.1642 reward=0.1001 reward_var=0.0046 unique=0.3600
D step=1/5 epoch=1/3 loss=0.1813 l2=0.2000 label_smoothing=0.000
D step=1/5 epoch=2/3 loss=0.1840 l2=0.2000 label_smoothing=0.000
D step=1/5 epoch=3/3 loss=0.1732 l2=0.2000 label_smoothing=0.000
D step=2/5 epoch=1/3 loss=0.1572 l2=0.2000 label_smoothing=0.000
D step=2/5 epoch=2/3 loss=0.1503 l2=0.2000 label_smoothing=0.000
D step=2/5 epoch=3/3 loss=0.1441 l2=0.2000 label_smoothing=0.000
D step=3/5 epoch=1/3 loss=0.1453 l2=0.2000 label_smoothing=0.000
D step=3/5 epoch=2/3 loss=0.1453 l2=0.2000 label_smoothing=0.000
D step=3/5 epoch=3/3 loss=0.1433 l2=0.2000 label_smoothing=0.000
D step=4/5 epoch=1/3 loss=0.1372 l2=0.2000 label_smoothing=0.000
D step=4/5 epoch=2/3 loss=0.1395 l2=0.2000 label_smoothing=0.000
D step=4/5 epoch=3/3 loss=0.1374 l2=0.2000 label_smoothing=0.000
D step=5/5 epoch=1/3 loss=0.1520 l2=0.2000 label_smoothing=0.000
D step=5/5 epoch=2/3 loss=0.1537 l2=0.2000 label_smoothing=0.000
D step=5/5 epoch=3/3 loss=0.1543 l2=0.2000 label_smoothing=0.000
ADV epoch=53/200 g_loss=0.0050 d_loss=0.1532 reward=0.0649 reward_var=0.0011 unique=0.2800
D step=1/5 epoch=1/3 loss=0.1396 l2=0.2000 label_smoothing=0.000
D step=1/5 epoch=2/3 loss=0.1326 l2=0.2000 label_smoothing=0.000
D step=1/5 epoch=3/3 loss=0.1247 l2=0.2000 label_smoothing=0.000
D step=2/5 epoch=1/3 loss=0.1404 l2=0.2000 label_smoothing=0.000
D step=2/5 epoch=2/3 loss=0.1302 l2=0.2000 label_smoothing=0.000
D step=2/5 epoch=3/3 loss=0.1245 l2=0.2000 label_smoothing=0.000
D step=3/5 epoch=1/3 loss=0.1779 l2=0.2000 label_smoothing=0.000
D step=3/5 epoch=2/3 loss=0.1662 l2=0.2000 label_smoothing=0.000
D step=3/5 epoch=3/3 loss=0.1615 l2=0.2000 label_smoothing=0.000
D step=4/5 epoch=1/3 loss=0.1803 l2=0.2000 label_smoothing=0.000
D step=4/5 epoch=2/3 loss=0.1484 l2=0.2000 label_smoothing=0.000
D step=4/5 epoch=3/3 loss=0.1467 l2=0.2000 label_smoothing=0.000
D step=5/5 epoch=1/3 loss=0.1876 l2=0.2000 label_smoothing=0.000
D step=5/5 epoch=2/3 loss=0.1804 l2=0.2000 label_smoothing=0.000
D step=5/5 epoch=3/3 loss=0.1789 l2=0.2000 label_smoothing=0.000
ADV epoch=54/200 g_loss=0.0106 d_loss=0.1547 reward=0.1094 reward_var=0.0040 unique=0.3800
D step=1/5 epoch=1/3 loss=0.1431 l2=0.2000 label_smoothing=0.000
D step=1/5 epoch=2/3 loss=0.1352 l2=0.2000 label_smoothing=0.000
D step=1/5 epoch=3/3 loss=0.1377 l2=0.2000 label_smoothing=0.000
D step=2/5 epoch=1/3 loss=0.1866 l2=0.2000 label_smoothing=0.000
D step=2/5 epoch=2/3 loss=0.1775 l2=0.2000 label_smoothing=0.000
D step=2/5 epoch=3/3 loss=0.1744 l2=0.2000 label_smoothing=0.000
D step=3/5 epoch=1/3 loss=0.1974 l2=0.2000 label_smoothing=0.000
D step=3/5 epoch=2/3 loss=0.1607 l2=0.2000 label_smoothing=0.000
D step=3/5 epoch=3/3 loss=0.1595 l2=0.2000 label_smoothing=0.000
D step=4/5 epoch=1/3 loss=0.1558 l2=0.2000 label_smoothing=0.000
D step=4/5 epoch=2/3 loss=0.1515 l2=0.2000 label_smoothing=0.000
D step=4/5 epoch=3/3 loss=0.1499 l2=0.2000 label_smoothing=0.000
D step=5/5 epoch=1/3 loss=0.1706 l2=0.2000 label_smoothing=0.000
D step=5/5 epoch=2/3 loss=0.1709 l2=0.2000 label_smoothing=0.000
D step=5/5 epoch=3/3 loss=0.1634 l2=0.2000 label_smoothing=0.000
ADV epoch=55/200 g_loss=0.0090 d_loss=0.1623 reward=0.1188 reward_var=0.0034 unique=0.3200
D step=1/5 epoch=1/3 loss=0.1501 l2=0.2000 label_smoothing=0.000
D step=1/5 epoch=2/3 loss=0.1444 l2=0.2000 label_smoothing=0.000
D step=1/5 epoch=3/3 loss=0.1430 l2=0.2000 label_smoothing=0.000
D step=2/5 epoch=1/3 loss=0.1549 l2=0.2000 label_smoothing=0.000
D step=2/5 epoch=2/3 loss=0.1515 l2=0.2000 label_smoothing=0.000
D step=2/5 epoch=3/3 loss=0.1521 l2=0.2000 label_smoothing=0.000
D step=3/5 epoch=1/3 loss=0.1586 l2=0.2000 label_smoothing=0.000
D step=3/5 epoch=2/3 loss=0.1545 l2=0.2000 label_smoothing=0.000
D step=3/5 epoch=3/3 loss=0.1546 l2=0.2000 label_smoothing=0.000
D step=4/5 epoch=1/3 loss=0.1945 l2=0.2000 label_smoothing=0.000
D step=4/5 epoch=2/3 loss=0.1713 l2=0.2000 label_smoothing=0.000
D step=4/5 epoch=3/3 loss=0.1515 l2=0.2000 label_smoothing=0.000
D step=5/5 epoch=1/3 loss=0.1512 l2=0.2000 label_smoothing=0.000
D step=5/5 epoch=2/3 loss=0.1487 l2=0.2000 label_smoothing=0.000
D step=5/5 epoch=3/3 loss=0.1502 l2=0.2000 label_smoothing=0.000
ADV epoch=56/200 g_loss=0.0175 d_loss=0.1554 reward=0.1013 reward_var=0.0041 unique=0.4600
D step=1/5 epoch=1/3 loss=0.1817 l2=0.2000 label_smoothing=0.000
D step=1/5 epoch=2/3 loss=0.1727 l2=0.2000 label_smoothing=0.000
D step=1/5 epoch=3/3 loss=0.1572 l2=0.2000 label_smoothing=0.000
D step=2/5 epoch=1/3 loss=0.1369 l2=0.2000 label_smoothing=0.000
D step=2/5 epoch=2/3 loss=0.1418 l2=0.2000 label_smoothing=0.000
D step=2/5 epoch=3/3 loss=0.1380 l2=0.2000 label_smoothing=0.000
D step=3/5 epoch=1/3 loss=0.2066 l2=0.2000 label_smoothing=0.000
D step=3/5 epoch=2/3 loss=0.1758 l2=0.2000 label_smoothing=0.000
D step=3/5 epoch=3/3 loss=0.1817 l2=0.2000 label_smoothing=0.000
D step=4/5 epoch=1/3 loss=0.1929 l2=0.2000 label_smoothing=0.000
D step=4/5 epoch=2/3 loss=0.1886 l2=0.2000 label_smoothing=0.000
D step=4/5 epoch=3/3 loss=0.1914 l2=0.2000 label_smoothing=0.000
D step=5/5 epoch=1/3 loss=0.1575 l2=0.2000 label_smoothing=0.000
D step=5/5 epoch=2/3 loss=0.1615 l2=0.2000 label_smoothing=0.000
D step=5/5 epoch=3/3 loss=0.1617 l2=0.2000 label_smoothing=0.000
ADV epoch=57/200 g_loss=0.0116 d_loss=0.1697 reward=0.0999 reward_var=0.0029 unique=0.3000
D step=1/5 epoch=1/3 loss=0.2035 l2=0.2000 label_smoothing=0.000
D step=1/5 epoch=2/3 loss=0.1778 l2=0.2000 label_smoothing=0.000
D step=1/5 epoch=3/3 loss=0.1697 l2=0.2000 label_smoothing=0.000
D step=2/5 epoch=1/3 loss=0.1520 l2=0.2000 label_smoothing=0.000
D step=2/5 epoch=2/3 loss=0.1473 l2=0.2000 label_smoothing=0.000
D step=2/5 epoch=3/3 loss=0.1447 l2=0.2000 label_smoothing=0.000
D step=3/5 epoch=1/3 loss=0.1791 l2=0.2000 label_smoothing=0.000
D step=3/5 epoch=2/3 loss=0.1809 l2=0.2000 label_smoothing=0.000
D step=3/5 epoch=3/3 loss=0.1751 l2=0.2000 label_smoothing=0.000
D step=4/5 epoch=1/3 loss=0.1819 l2=0.2000 label_smoothing=0.000
D step=4/5 epoch=2/3 loss=0.1676 l2=0.2000 label_smoothing=0.000
D step=4/5 epoch=3/3 loss=0.1672 l2=0.2000 label_smoothing=0.000
D step=5/5 epoch=1/3 loss=0.1626 l2=0.2000 label_smoothing=0.000
D step=5/5 epoch=2/3 loss=0.1569 l2=0.2000 label_smoothing=0.000
D step=5/5 epoch=3/3 loss=0.1564 l2=0.2000 label_smoothing=0.000
ADV epoch=58/200 g_loss=0.0110 d_loss=0.1682 reward=0.1179 reward_var=0.0028 unique=0.4200
D step=1/5 epoch=1/3 loss=0.1741 l2=0.2000 label_smoothing=0.000
D step=1/5 epoch=2/3 loss=0.1596 l2=0.2000 label_smoothing=0.000
D step=1/5 epoch=3/3 loss=0.1623 l2=0.2000 label_smoothing=0.000
D step=2/5 epoch=1/3 loss=0.1845 l2=0.2000 label_smoothing=0.000
D step=2/5 epoch=2/3 loss=0.1856 l2=0.2000 label_smoothing=0.000
D step=2/5 epoch=3/3 loss=0.1820 l2=0.2000 label_smoothing=0.000
D step=3/5 epoch=1/3 loss=0.1429 l2=0.2000 label_smoothing=0.000
D step=3/5 epoch=2/3 loss=0.1445 l2=0.2000 label_smoothing=0.000
D step=3/5 epoch=3/3 loss=0.1388 l2=0.2000 label_smoothing=0.000
D step=4/5 epoch=1/3 loss=0.1581 l2=0.2000 label_smoothing=0.000
D step=4/5 epoch=2/3 loss=0.1566 l2=0.2000 label_smoothing=0.000
D step=4/5 epoch=3/3 loss=0.1535 l2=0.2000 label_smoothing=0.000
D step=5/5 epoch=1/3 loss=0.1453 l2=0.2000 label_smoothing=0.000
D step=5/5 epoch=2/3 loss=0.1445 l2=0.2000 label_smoothing=0.000
D step=5/5 epoch=3/3 loss=0.1453 l2=0.2000 label_smoothing=0.000
ADV epoch=59/200 g_loss=0.0085 d_loss=0.1585 reward=0.1097 reward_var=0.0027 unique=0.3000
D step=1/5 epoch=1/3 loss=0.1591 l2=0.2000 label_smoothing=0.000
D step=1/5 epoch=2/3 loss=0.1459 l2=0.2000 label_smoothing=0.000
D step=1/5 epoch=3/3 loss=0.1432 l2=0.2000 label_smoothing=0.000
D step=2/5 epoch=1/3 loss=0.1773 l2=0.2000 label_smoothing=0.000
D step=2/5 epoch=2/3 loss=0.1697 l2=0.2000 label_smoothing=0.000
D step=2/5 epoch=3/3 loss=0.1700 l2=0.2000 label_smoothing=0.000
D step=3/5 epoch=1/3 loss=0.1669 l2=0.2000 label_smoothing=0.000
D step=3/5 epoch=2/3 loss=0.1515 l2=0.2000 label_smoothing=0.000
D step=3/5 epoch=3/3 loss=0.1555 l2=0.2000 label_smoothing=0.000
D step=4/5 epoch=1/3 loss=0.1609 l2=0.2000 label_smoothing=0.000
D step=4/5 epoch=2/3 loss=0.1566 l2=0.2000 label_smoothing=0.000
D step=4/5 epoch=3/3 loss=0.1520 l2=0.2000 label_smoothing=0.000
D step=5/5 epoch=1/3 loss=0.1599 l2=0.2000 label_smoothing=0.000
D step=5/5 epoch=2/3 loss=0.1648 l2=0.2000 label_smoothing=0.000
D step=5/5 epoch=3/3 loss=0.1627 l2=0.2000 label_smoothing=0.000
ADV epoch=60/200 g_loss=0.0093 d_loss=0.1597 reward=0.1008 reward_var=0.0033 unique=0.2600
D step=1/5 epoch=1/3 loss=0.1593 l2=0.2000 label_smoothing=0.000
D step=1/5 epoch=2/3 loss=0.1510 l2=0.2000 label_smoothing=0.000
D step=1/5 epoch=3/3 loss=0.1501 l2=0.2000 label_smoothing=0.000
D step=2/5 epoch=1/3 loss=0.1582 l2=0.2000 label_smoothing=0.000
D step=2/5 epoch=2/3 loss=0.1556 l2=0.2000 label_smoothing=0.000
D step=2/5 epoch=3/3 loss=0.1539 l2=0.2000 label_smoothing=0.000
D step=3/5 epoch=1/3 loss=0.1591 l2=0.2000 label_smoothing=0.000
D step=3/5 epoch=2/3 loss=0.1561 l2=0.2000 label_smoothing=0.000
D step=3/5 epoch=3/3 loss=0.1553 l2=0.2000 label_smoothing=0.000
D step=4/5 epoch=1/3 loss=0.1618 l2=0.2000 label_smoothing=0.000
D step=4/5 epoch=2/3 loss=0.1605 l2=0.2000 label_smoothing=0.000
D step=4/5 epoch=3/3 loss=0.1615 l2=0.2000 label_smoothing=0.000
D step=5/5 epoch=1/3 loss=0.1687 l2=0.2000 label_smoothing=0.000
D step=5/5 epoch=2/3 loss=0.1658 l2=0.2000 label_smoothing=0.000
D step=5/5 epoch=3/3 loss=0.1683 l2=0.2000 label_smoothing=0.000
ADV epoch=61/200 g_loss=0.0144 d_loss=0.1590 reward=0.1059 reward_var=0.0037 unique=0.3400
D step=1/5 epoch=1/3 loss=0.1682 l2=0.2000 label_smoothing=0.000
D step=1/5 epoch=2/3 loss=0.1642 l2=0.2000 label_smoothing=0.000
D step=1/5 epoch=3/3 loss=0.1666 l2=0.2000 label_smoothing=0.000
D step=2/5 epoch=1/3 loss=0.1656 l2=0.2000 label_smoothing=0.000
D step=2/5 epoch=2/3 loss=0.1603 l2=0.2000 label_smoothing=0.000
D step=2/5 epoch=3/3 loss=0.1618 l2=0.2000 label_smoothing=0.000
D step=3/5 epoch=1/3 loss=0.1818 l2=0.2000 label_smoothing=0.000
D step=3/5 epoch=2/3 loss=0.1778 l2=0.2000 label_smoothing=0.000
D step=3/5 epoch=3/3 loss=0.1699 l2=0.2000 label_smoothing=0.000
D step=4/5 epoch=1/3 loss=0.1627 l2=0.2000 label_smoothing=0.000
D step=4/5 epoch=2/3 loss=0.1647 l2=0.2000 label_smoothing=0.000
D step=4/5 epoch=3/3 loss=0.1678 l2=0.2000 label_smoothing=0.000
D step=5/5 epoch=1/3 loss=0.1666 l2=0.2000 label_smoothing=0.000
D step=5/5 epoch=2/3 loss=0.1634 l2=0.2000 label_smoothing=0.000
D step=5/5 epoch=3/3 loss=0.1575 l2=0.2000 label_smoothing=0.000
ADV epoch=62/200 g_loss=0.0138 d_loss=0.1666 reward=0.1105 reward_var=0.0036 unique=0.3600
D step=1/5 epoch=1/3 loss=0.1551 l2=0.2000 label_smoothing=0.000
D step=1/5 epoch=2/3 loss=0.1462 l2=0.2000 label_smoothing=0.000
D step=1/5 epoch=3/3 loss=0.1461 l2=0.2000 label_smoothing=0.000
D step=2/5 epoch=1/3 loss=0.1772 l2=0.2000 label_smoothing=0.000
D step=2/5 epoch=2/3 loss=0.1472 l2=0.2000 label_smoothing=0.000
D step=2/5 epoch=3/3 loss=0.1469 l2=0.2000 label_smoothing=0.000
D step=3/5 epoch=1/3 loss=0.1984 l2=0.2000 label_smoothing=0.000
D step=3/5 epoch=2/3 loss=0.1873 l2=0.2000 label_smoothing=0.000
D step=3/5 epoch=3/3 loss=0.1813 l2=0.2000 label_smoothing=0.000
D step=4/5 epoch=1/3 loss=0.1609 l2=0.2000 label_smoothing=0.000
D step=4/5 epoch=2/3 loss=0.1605 l2=0.2000 label_smoothing=0.000
D step=4/5 epoch=3/3 loss=0.1577 l2=0.2000 label_smoothing=0.000
D step=5/5 epoch=1/3 loss=0.1538 l2=0.2000 label_smoothing=0.000
D step=5/5 epoch=2/3 loss=0.1528 l2=0.2000 label_smoothing=0.000
D step=5/5 epoch=3/3 loss=0.1522 l2=0.2000 label_smoothing=0.000
ADV epoch=63/200 g_loss=0.0087 d_loss=0.1616 reward=0.0856 reward_var=0.0014 unique=0.3600
D step=1/5 epoch=1/3 loss=0.1521 l2=0.2000 label_smoothing=0.000
D step=1/5 epoch=2/3 loss=0.1502 l2=0.2000 label_smoothing=0.000
D step=1/5 epoch=3/3 loss=0.1531 l2=0.2000 label_smoothing=0.000
D step=2/5 epoch=1/3 loss=0.1438 l2=0.2000 label_smoothing=0.000
D step=2/5 epoch=2/3 loss=0.1448 l2=0.2000 label_smoothing=0.000
D step=2/5 epoch=3/3 loss=0.1449 l2=0.2000 label_smoothing=0.000
D step=3/5 epoch=1/3 loss=0.2075 l2=0.2000 label_smoothing=0.000
D step=3/5 epoch=2/3 loss=0.1872 l2=0.2000 label_smoothing=0.000
D step=3/5 epoch=3/3 loss=0.1876 l2=0.2000 label_smoothing=0.000
D step=4/5 epoch=1/3 loss=0.1685 l2=0.2000 label_smoothing=0.000
D step=4/5 epoch=2/3 loss=0.1632 l2=0.2000 label_smoothing=0.000
D step=4/5 epoch=3/3 loss=0.1661 l2=0.2000 label_smoothing=0.000
D step=5/5 epoch=1/3 loss=0.1653 l2=0.2000 label_smoothing=0.000
D step=5/5 epoch=2/3 loss=0.1641 l2=0.2000 label_smoothing=0.000
D step=5/5 epoch=3/3 loss=0.1620 l2=0.2000 label_smoothing=0.000
ADV epoch=64/200 g_loss=0.0097 d_loss=0.1640 reward=0.1018 reward_var=0.0034 unique=0.2800
D step=1/5 epoch=1/3 loss=0.1666 l2=0.2000 label_smoothing=0.000
D step=1/5 epoch=2/3 loss=0.1620 l2=0.2000 label_smoothing=0.000
D step=1/5 epoch=3/3 loss=0.1617 l2=0.2000 label_smoothing=0.000
D step=2/5 epoch=1/3 loss=0.2075 l2=0.2000 label_smoothing=0.000
D step=2/5 epoch=2/3 loss=0.1875 l2=0.2000 label_smoothing=0.000
D step=2/5 epoch=3/3 loss=0.1784 l2=0.2000 label_smoothing=0.000
D step=3/5 epoch=1/3 loss=0.1621 l2=0.2000 label_smoothing=0.000
D step=3/5 epoch=2/3 loss=0.1586 l2=0.2000 label_smoothing=0.000
D step=3/5 epoch=3/3 loss=0.1543 l2=0.2000 label_smoothing=0.000
D step=4/5 epoch=1/3 loss=0.1596 l2=0.2000 label_smoothing=0.000
D step=4/5 epoch=2/3 loss=0.1631 l2=0.2000 label_smoothing=0.000
D step=4/5 epoch=3/3 loss=0.1584 l2=0.2000 label_smoothing=0.000
D step=5/5 epoch=1/3 loss=0.1665 l2=0.2000 label_smoothing=0.000
D step=5/5 epoch=2/3 loss=0.1585 l2=0.2000 label_smoothing=0.000
D step=5/5 epoch=3/3 loss=0.1553 l2=0.2000 label_smoothing=0.000
ADV epoch=65/200 g_loss=0.0085 d_loss=0.1667 reward=0.1017 reward_var=0.0018 unique=0.4200
D step=1/5 epoch=1/3 loss=0.1441 l2=0.2000 label_smoothing=0.000
D step=1/5 epoch=2/3 loss=0.1388 l2=0.2000 label_smoothing=0.000
D step=1/5 epoch=3/3 loss=0.1377 l2=0.2000 label_smoothing=0.000
D step=2/5 epoch=1/3 loss=0.1442 l2=0.2000 label_smoothing=0.000
D step=2/5 epoch=2/3 loss=0.1370 l2=0.2000 label_smoothing=0.000
D step=2/5 epoch=3/3 loss=0.1395 l2=0.2000 label_smoothing=0.000
D step=3/5 epoch=1/3 loss=0.1674 l2=0.2000 label_smoothing=0.000
D step=3/5 epoch=2/3 loss=0.1546 l2=0.2000 label_smoothing=0.000
D step=3/5 epoch=3/3 loss=0.1587 l2=0.2000 label_smoothing=0.000
D step=4/5 epoch=1/3 loss=0.1627 l2=0.2000 label_smoothing=0.000
D step=4/5 epoch=2/3 loss=0.1594 l2=0.2000 label_smoothing=0.000
D step=4/5 epoch=3/3 loss=0.1612 l2=0.2000 label_smoothing=0.000
D step=5/5 epoch=1/3 loss=0.1699 l2=0.2000 label_smoothing=0.000
D step=5/5 epoch=2/3 loss=0.1652 l2=0.2000 label_smoothing=0.000
D step=5/5 epoch=3/3 loss=0.1659 l2=0.2000 label_smoothing=0.000
ADV epoch=66/200 g_loss=0.0121 d_loss=0.1537 reward=0.0975 reward_var=0.0046 unique=0.4200
D step=1/5 epoch=1/3 loss=0.1661 l2=0.2000 label_smoothing=0.000
D step=1/5 epoch=2/3 loss=0.1614 l2=0.2000 label_smoothing=0.000
D step=1/5 epoch=3/3 loss=0.1608 l2=0.2000 label_smoothing=0.000
D step=2/5 epoch=1/3 loss=0.1555 l2=0.2000 label_smoothing=0.000
D step=2/5 epoch=2/3 loss=0.1462 l2=0.2000 label_smoothing=0.000
D step=2/5 epoch=3/3 loss=0.1374 l2=0.2000 label_smoothing=0.000
D step=3/5 epoch=1/3 loss=0.1692 l2=0.2000 label_smoothing=0.000
D step=3/5 epoch=2/3 loss=0.1567 l2=0.2000 label_smoothing=0.000
D step=3/5 epoch=3/3 loss=0.1553 l2=0.2000 label_smoothing=0.000
D step=4/5 epoch=1/3 loss=0.1596 l2=0.2000 label_smoothing=0.000
D step=4/5 epoch=2/3 loss=0.1598 l2=0.2000 label_smoothing=0.000
D step=4/5 epoch=3/3 loss=0.1563 l2=0.2000 label_smoothing=0.000
D step=5/5 epoch=1/3 loss=0.1581 l2=0.2000 label_smoothing=0.000
D step=5/5 epoch=2/3 loss=0.1528 l2=0.2000 label_smoothing=0.000
D step=5/5 epoch=3/3 loss=0.1520 l2=0.2000 label_smoothing=0.000
ADV epoch=67/200 g_loss=0.0062 d_loss=0.1565 reward=0.0920 reward_var=0.0014 unique=0.2600
D step=1/5 epoch=1/3 loss=0.1601 l2=0.2000 label_smoothing=0.000
D step=1/5 epoch=2/3 loss=0.1555 l2=0.2000 label_smoothing=0.000
D step=1/5 epoch=3/3 loss=0.1536 l2=0.2000 label_smoothing=0.000
D step=2/5 epoch=1/3 loss=0.1831 l2=0.2000 label_smoothing=0.000
D step=2/5 epoch=2/3 loss=0.1655 l2=0.2000 label_smoothing=0.000
D step=2/5 epoch=3/3 loss=0.1668 l2=0.2000 label_smoothing=0.000
D step=3/5 epoch=1/3 loss=0.1466 l2=0.2000 label_smoothing=0.000
D step=3/5 epoch=2/3 loss=0.1473 l2=0.2000 label_smoothing=0.000
D step=3/5 epoch=3/3 loss=0.1454 l2=0.2000 label_smoothing=0.000
D step=4/5 epoch=1/3 loss=0.1532 l2=0.2000 label_smoothing=0.000
D step=4/5 epoch=2/3 loss=0.1504 l2=0.2000 label_smoothing=0.000
D step=4/5 epoch=3/3 loss=0.1486 l2=0.2000 label_smoothing=0.000
D step=5/5 epoch=1/3 loss=0.1771 l2=0.2000 label_smoothing=0.000
D step=5/5 epoch=2/3 loss=0.1701 l2=0.2000 label_smoothing=0.000
D step=5/5 epoch=3/3 loss=0.1710 l2=0.2000 label_smoothing=0.000
ADV epoch=68/200 g_loss=0.0069 d_loss=0.1596 reward=0.0875 reward_var=0.0016 unique=0.2800
D step=1/5 epoch=1/3 loss=0.2176 l2=0.2000 label_smoothing=0.000
D step=1/5 epoch=2/3 loss=0.1741 l2=0.2000 label_smoothing=0.000
D step=1/5 epoch=3/3 loss=0.1669 l2=0.2000 label_smoothing=0.000
D step=2/5 epoch=1/3 loss=0.1496 l2=0.2000 label_smoothing=0.000
D step=2/5 epoch=2/3 loss=0.1424 l2=0.2000 label_smoothing=0.000
D step=2/5 epoch=3/3 loss=0.1372 l2=0.2000 label_smoothing=0.000
D step=3/5 epoch=1/3 loss=0.1515 l2=0.2000 label_smoothing=0.000
D step=3/5 epoch=2/3 loss=0.1508 l2=0.2000 label_smoothing=0.000
D step=3/5 epoch=3/3 loss=0.1480 l2=0.2000 label_smoothing=0.000
D step=4/5 epoch=1/3 loss=0.1296 l2=0.2000 label_smoothing=0.000
D step=4/5 epoch=2/3 loss=0.1274 l2=0.2000 label_smoothing=0.000
D step=4/5 epoch=3/3 loss=0.1276 l2=0.2000 label_smoothing=0.000
D step=5/5 epoch=1/3 loss=0.1747 l2=0.2000 label_smoothing=0.000
D step=5/5 epoch=2/3 loss=0.1741 l2=0.2000 label_smoothing=0.000
D step=5/5 epoch=3/3 loss=0.1712 l2=0.2000 label_smoothing=0.000
ADV epoch=69/200 g_loss=0.0107 d_loss=0.1562 reward=0.1169 reward_var=0.0025 unique=0.2600
D step=1/5 epoch=1/3 loss=0.1963 l2=0.2000 label_smoothing=0.000
D step=1/5 epoch=2/3 loss=0.1721 l2=0.2000 label_smoothing=0.000
D step=1/5 epoch=3/3 loss=0.1770 l2=0.2000 label_smoothing=0.000
D step=2/5 epoch=1/3 loss=0.1777 l2=0.2000 label_smoothing=0.000
D step=2/5 epoch=2/3 loss=0.1745 l2=0.2000 label_smoothing=0.000
D step=2/5 epoch=3/3 loss=0.1798 l2=0.2000 label_smoothing=0.000
D step=3/5 epoch=1/3 loss=0.1888 l2=0.2000 label_smoothing=0.000
D step=3/5 epoch=2/3 loss=0.1941 l2=0.2000 label_smoothing=0.000
D step=3/5 epoch=3/3 loss=0.1912 l2=0.2000 label_smoothing=0.000
D step=4/5 epoch=1/3 loss=0.1613 l2=0.2000 label_smoothing=0.000
D step=4/5 epoch=2/3 loss=0.1614 l2=0.2000 label_smoothing=0.000
D step=4/5 epoch=3/3 loss=0.1560 l2=0.2000 label_smoothing=0.000
D step=5/5 epoch=1/3 loss=0.1658 l2=0.2000 label_smoothing=0.000
D step=5/5 epoch=2/3 loss=0.1676 l2=0.2000 label_smoothing=0.000
D step=5/5 epoch=3/3 loss=0.1637 l2=0.2000 label_smoothing=0.000
ADV epoch=70/200 g_loss=0.0074 d_loss=0.1751 reward=0.1011 reward_var=0.0017 unique=0.2600
D step=1/5 epoch=1/3 loss=0.1627 l2=0.2000 label_smoothing=0.000
D step=1/5 epoch=2/3 loss=0.1505 l2=0.2000 label_smoothing=0.000
D step=1/5 epoch=3/3 loss=0.1459 l2=0.2000 label_smoothing=0.000
D step=2/5 epoch=1/3 loss=0.1638 l2=0.2000 label_smoothing=0.000
D step=2/5 epoch=2/3 loss=0.1562 l2=0.2000 label_smoothing=0.000
D step=2/5 epoch=3/3 loss=0.1567 l2=0.2000 label_smoothing=0.000
D step=3/5 epoch=1/3 loss=0.1957 l2=0.2000 label_smoothing=0.000
D step=3/5 epoch=2/3 loss=0.1894 l2=0.2000 label_smoothing=0.000
D step=3/5 epoch=3/3 loss=0.1896 l2=0.2000 label_smoothing=0.000
D step=4/5 epoch=1/3 loss=0.1786 l2=0.2000 label_smoothing=0.000
D step=4/5 epoch=2/3 loss=0.1728 l2=0.2000 label_smoothing=0.000
D step=4/5 epoch=3/3 loss=0.1703 l2=0.2000 label_smoothing=0.000
D step=5/5 epoch=1/3 loss=0.1818 l2=0.2000 label_smoothing=0.000
D step=5/5 epoch=2/3 loss=0.1770 l2=0.2000 label_smoothing=0.000
D step=5/5 epoch=3/3 loss=0.1758 l2=0.2000 label_smoothing=0.000
ADV epoch=71/200 g_loss=0.0110 d_loss=0.1711 reward=0.0997 reward_var=0.0043 unique=0.3400
D step=1/5 epoch=1/3 loss=0.1538 l2=0.2000 label_smoothing=0.000
D step=1/5 epoch=2/3 loss=0.1535 l2=0.2000 label_smoothing=0.000
D step=1/5 epoch=3/3 loss=0.1504 l2=0.2000 label_smoothing=0.000
D step=2/5 epoch=1/3 loss=0.2020 l2=0.2000 label_smoothing=0.000
D step=2/5 epoch=2/3 loss=0.1921 l2=0.2000 label_smoothing=0.000
D step=2/5 epoch=3/3 loss=0.1821 l2=0.2000 label_smoothing=0.000
D step=3/5 epoch=1/3 loss=0.1660 l2=0.2000 label_smoothing=0.000
D step=3/5 epoch=2/3 loss=0.1696 l2=0.2000 label_smoothing=0.000
D step=3/5 epoch=3/3 loss=0.1686 l2=0.2000 label_smoothing=0.000
D step=4/5 epoch=1/3 loss=0.1776 l2=0.2000 label_smoothing=0.000
D step=4/5 epoch=2/3 loss=0.1596 l2=0.2000 label_smoothing=0.000
D step=4/5 epoch=3/3 loss=0.1535 l2=0.2000 label_smoothing=0.000
D step=5/5 epoch=1/3 loss=0.1583 l2=0.2000 label_smoothing=0.000
D step=5/5 epoch=2/3 loss=0.1500 l2=0.2000 label_smoothing=0.000
D step=5/5 epoch=3/3 loss=0.1477 l2=0.2000 label_smoothing=0.000
ADV epoch=72/200 g_loss=0.0093 d_loss=0.1657 reward=0.1147 reward_var=0.0025 unique=0.2800
D step=1/5 epoch=1/3 loss=0.1767 l2=0.2000 label_smoothing=0.000
D step=1/5 epoch=2/3 loss=0.1738 l2=0.2000 label_smoothing=0.000
D step=1/5 epoch=3/3 loss=0.1709 l2=0.2000 label_smoothing=0.000
D step=2/5 epoch=1/3 loss=0.1560 l2=0.2000 label_smoothing=0.000
D step=2/5 epoch=2/3 loss=0.1539 l2=0.2000 label_smoothing=0.000
D step=2/5 epoch=3/3 loss=0.1494 l2=0.2000 label_smoothing=0.000
D step=3/5 epoch=1/3 loss=0.1432 l2=0.2000 label_smoothing=0.000
D step=3/5 epoch=2/3 loss=0.1427 l2=0.2000 label_smoothing=0.000
D step=3/5 epoch=3/3 loss=0.1403 l2=0.2000 label_smoothing=0.000
D step=4/5 epoch=1/3 loss=0.1800 l2=0.2000 label_smoothing=0.000
D step=4/5 epoch=2/3 loss=0.1692 l2=0.2000 label_smoothing=0.000
D step=4/5 epoch=3/3 loss=0.1580 l2=0.2000 label_smoothing=0.000
D step=5/5 epoch=1/3 loss=0.1515 l2=0.2000 label_smoothing=0.000
D step=5/5 epoch=2/3 loss=0.1435 l2=0.2000 label_smoothing=0.000
D step=5/5 epoch=3/3 loss=0.1438 l2=0.2000 label_smoothing=0.000
ADV epoch=73/200 g_loss=0.0042 d_loss=0.1569 reward=0.0639 reward_var=0.0007 unique=0.2800
D step=1/5 epoch=1/3 loss=0.1661 l2=0.2000 label_smoothing=0.000
D step=1/5 epoch=2/3 loss=0.1636 l2=0.2000 label_smoothing=0.000
D step=1/5 epoch=3/3 loss=0.1615 l2=0.2000 label_smoothing=0.000
D step=2/5 epoch=1/3 loss=0.1507 l2=0.2000 label_smoothing=0.000
D step=2/5 epoch=2/3 loss=0.1571 l2=0.2000 label_smoothing=0.000
D step=2/5 epoch=3/3 loss=0.1555 l2=0.2000 label_smoothing=0.000
D step=3/5 epoch=1/3 loss=0.1460 l2=0.2000 label_smoothing=0.000
D step=3/5 epoch=2/3 loss=0.1467 l2=0.2000 label_smoothing=0.000
D step=3/5 epoch=3/3 loss=0.1456 l2=0.2000 label_smoothing=0.000
D step=4/5 epoch=1/3 loss=0.1503 l2=0.2000 label_smoothing=0.000
D step=4/5 epoch=2/3 loss=0.1517 l2=0.2000 label_smoothing=0.000
D step=4/5 epoch=3/3 loss=0.1475 l2=0.2000 label_smoothing=0.000
D step=5/5 epoch=1/3 loss=0.1472 l2=0.2000 label_smoothing=0.000
D step=5/5 epoch=2/3 loss=0.1449 l2=0.2000 label_smoothing=0.000
D step=5/5 epoch=3/3 loss=0.1456 l2=0.2000 label_smoothing=0.000
ADV epoch=74/200 g_loss=0.0066 d_loss=0.1520 reward=0.0853 reward_var=0.0013 unique=0.3400
D step=1/5 epoch=1/3 loss=0.1692 l2=0.2000 label_smoothing=0.000
D step=1/5 epoch=2/3 loss=0.1683 l2=0.2000 label_smoothing=0.000
D step=1/5 epoch=3/3 loss=0.1696 l2=0.2000 label_smoothing=0.000
D step=2/5 epoch=1/3 loss=0.1632 l2=0.2000 label_smoothing=0.000
D step=2/5 epoch=2/3 loss=0.1583 l2=0.2000 label_smoothing=0.000
D step=2/5 epoch=3/3 loss=0.1594 l2=0.2000 label_smoothing=0.000
D step=3/5 epoch=1/3 loss=0.1642 l2=0.2000 label_smoothing=0.000
D step=3/5 epoch=2/3 loss=0.1664 l2=0.2000 label_smoothing=0.000
D step=3/5 epoch=3/3 loss=0.1636 l2=0.2000 label_smoothing=0.000
D step=4/5 epoch=1/3 loss=0.1646 l2=0.2000 label_smoothing=0.000
D step=4/5 epoch=2/3 loss=0.1462 l2=0.2000 label_smoothing=0.000
D step=4/5 epoch=3/3 loss=0.1399 l2=0.2000 label_smoothing=0.000
D step=5/5 epoch=1/3 loss=0.1775 l2=0.2000 label_smoothing=0.000
D step=5/5 epoch=2/3 loss=0.1803 l2=0.2000 label_smoothing=0.000
D step=5/5 epoch=3/3 loss=0.1772 l2=0.2000 label_smoothing=0.000
ADV epoch=75/200 g_loss=0.0125 d_loss=0.1645 reward=0.0970 reward_var=0.0027 unique=0.2800
D step=1/5 epoch=1/3 loss=0.1533 l2=0.2000 label_smoothing=0.000
D step=1/5 epoch=2/3 loss=0.1507 l2=0.2000 label_smoothing=0.000
D step=1/5 epoch=3/3 loss=0.1499 l2=0.2000 label_smoothing=0.000
D step=2/5 epoch=1/3 loss=0.1439 l2=0.2000 label_smoothing=0.000
D step=2/5 epoch=2/3 loss=0.1389 l2=0.2000 label_smoothing=0.000
D step=2/5 epoch=3/3 loss=0.1392 l2=0.2000 label_smoothing=0.000
D step=3/5 epoch=1/3 loss=0.1603 l2=0.2000 label_smoothing=0.000
D step=3/5 epoch=2/3 loss=0.1537 l2=0.2000 label_smoothing=0.000
D step=3/5 epoch=3/3 loss=0.1528 l2=0.2000 label_smoothing=0.000
D step=4/5 epoch=1/3 loss=0.1476 l2=0.2000 label_smoothing=0.000
D step=4/5 epoch=2/3 loss=0.1472 l2=0.2000 label_smoothing=0.000
D step=4/5 epoch=3/3 loss=0.1460 l2=0.2000 label_smoothing=0.000
D step=5/5 epoch=1/3 loss=0.1678 l2=0.2000 label_smoothing=0.000
D step=5/5 epoch=2/3 loss=0.1627 l2=0.2000 label_smoothing=0.000
D step=5/5 epoch=3/3 loss=0.1658 l2=0.2000 label_smoothing=0.000
ADV epoch=76/200 g_loss=0.0074 d_loss=0.1520 reward=0.0961 reward_var=0.0018 unique=0.2600
D step=1/5 epoch=1/3 loss=0.1798 l2=0.2000 label_smoothing=0.000
D step=1/5 epoch=2/3 loss=0.1545 l2=0.2000 label_smoothing=0.000
D step=1/5 epoch=3/3 loss=0.1695 l2=0.2000 label_smoothing=0.000
D step=2/5 epoch=1/3 loss=0.1696 l2=0.2000 label_smoothing=0.000
D step=2/5 epoch=2/3 loss=0.1666 l2=0.2000 label_smoothing=0.000
D step=2/5 epoch=3/3 loss=0.1687 l2=0.2000 label_smoothing=0.000
D step=3/5 epoch=1/3 loss=0.1635 l2=0.2000 label_smoothing=0.000
D step=3/5 epoch=2/3 loss=0.1675 l2=0.2000 label_smoothing=0.000
D step=3/5 epoch=3/3 loss=0.1649 l2=0.2000 label_smoothing=0.000
D step=4/5 epoch=1/3 loss=0.1619 l2=0.2000 label_smoothing=0.000
D step=4/5 epoch=2/3 loss=0.1591 l2=0.2000 label_smoothing=0.000
D step=4/5 epoch=3/3 loss=0.1581 l2=0.2000 label_smoothing=0.000
D step=5/5 epoch=1/3 loss=0.1674 l2=0.2000 label_smoothing=0.000
D step=5/5 epoch=2/3 loss=0.1667 l2=0.2000 label_smoothing=0.000
D step=5/5 epoch=3/3 loss=0.1660 l2=0.2000 label_smoothing=0.000
ADV epoch=77/200 g_loss=0.0064 d_loss=0.1656 reward=0.0842 reward_var=0.0015 unique=0.3200
D step=1/5 epoch=1/3 loss=0.1823 l2=0.2000 label_smoothing=0.000
D step=1/5 epoch=2/3 loss=0.1732 l2=0.2000 label_smoothing=0.000
D step=1/5 epoch=3/3 loss=0.1730 l2=0.2000 label_smoothing=0.000
D step=2/5 epoch=1/3 loss=0.1961 l2=0.2000 label_smoothing=0.000
D step=2/5 epoch=2/3 loss=0.1853 l2=0.2000 label_smoothing=0.000
D step=2/5 epoch=3/3 loss=0.1816 l2=0.2000 label_smoothing=0.000
D step=3/5 epoch=1/3 loss=0.1629 l2=0.2000 label_smoothing=0.000
D step=3/5 epoch=2/3 loss=0.1596 l2=0.2000 label_smoothing=0.000
D step=3/5 epoch=3/3 loss=0.1600 l2=0.2000 label_smoothing=0.000
D step=4/5 epoch=1/3 loss=0.1272 l2=0.2000 label_smoothing=0.000
D step=4/5 epoch=2/3 loss=0.1232 l2=0.2000 label_smoothing=0.000
D step=4/5 epoch=3/3 loss=0.1247 l2=0.2000 label_smoothing=0.000
D step=5/5 epoch=1/3 loss=0.1551 l2=0.2000 label_smoothing=0.000
D step=5/5 epoch=2/3 loss=0.1506 l2=0.2000 label_smoothing=0.000
D step=5/5 epoch=3/3 loss=0.1542 l2=0.2000 label_smoothing=0.000
ADV epoch=78/200 g_loss=0.0101 d_loss=0.1606 reward=0.0948 reward_var=0.0024 unique=0.3400
D step=1/5 epoch=1/3 loss=0.1620 l2=0.2000 label_smoothing=0.000
D step=1/5 epoch=2/3 loss=0.1618 l2=0.2000 label_smoothing=0.000
D step=1/5 epoch=3/3 loss=0.1615 l2=0.2000 label_smoothing=0.000
D step=2/5 epoch=1/3 loss=0.1833 l2=0.2000 label_smoothing=0.000
D step=2/5 epoch=2/3 loss=0.1692 l2=0.2000 label_smoothing=0.000
D step=2/5 epoch=3/3 loss=0.1703 l2=0.2000 label_smoothing=0.000
D step=3/5 epoch=1/3 loss=0.1480 l2=0.2000 label_smoothing=0.000
D step=3/5 epoch=2/3 loss=0.1495 l2=0.2000 label_smoothing=0.000
D step=3/5 epoch=3/3 loss=0.1482 l2=0.2000 label_smoothing=0.000
D step=4/5 epoch=1/3 loss=0.1917 l2=0.2000 label_smoothing=0.000
D step=4/5 epoch=2/3 loss=0.1715 l2=0.2000 label_smoothing=0.000
D step=4/5 epoch=3/3 loss=0.1773 l2=0.2000 label_smoothing=0.000
D step=5/5 epoch=1/3 loss=0.1726 l2=0.2000 label_smoothing=0.000
D step=5/5 epoch=2/3 loss=0.1708 l2=0.2000 label_smoothing=0.000
D step=5/5 epoch=3/3 loss=0.1692 l2=0.2000 label_smoothing=0.000
ADV epoch=79/200 g_loss=0.0051 d_loss=0.1671 reward=0.0752 reward_var=0.0010 unique=0.3000
D step=1/5 epoch=1/3 loss=0.1789 l2=0.2000 label_smoothing=0.000
D step=1/5 epoch=2/3 loss=0.1733 l2=0.2000 label_smoothing=0.000
D step=1/5 epoch=3/3 loss=0.1764 l2=0.2000 label_smoothing=0.000
D step=2/5 epoch=1/3 loss=0.1598 l2=0.2000 label_smoothing=0.000
D step=2/5 epoch=2/3 loss=0.1576 l2=0.2000 label_smoothing=0.000
D step=2/5 epoch=3/3 loss=0.1616 l2=0.2000 label_smoothing=0.000
D step=3/5 epoch=1/3 loss=0.1595 l2=0.2000 label_smoothing=0.000
D step=3/5 epoch=2/3 loss=0.1607 l2=0.2000 label_smoothing=0.000
D step=3/5 epoch=3/3 loss=0.1585 l2=0.2000 label_smoothing=0.000
D step=4/5 epoch=1/3 loss=0.1445 l2=0.2000 label_smoothing=0.000
D step=4/5 epoch=2/3 loss=0.1440 l2=0.2000 label_smoothing=0.000
D step=4/5 epoch=3/3 loss=0.1448 l2=0.2000 label_smoothing=0.000
D step=5/5 epoch=1/3 loss=0.1572 l2=0.2000 label_smoothing=0.000
D step=5/5 epoch=2/3 loss=0.1553 l2=0.2000 label_smoothing=0.000
D step=5/5 epoch=3/3 loss=0.1538 l2=0.2000 label_smoothing=0.000
ADV epoch=80/200 g_loss=0.0088 d_loss=0.1591 reward=0.1278 reward_var=0.0025 unique=0.2600
D step=1/5 epoch=1/3 loss=0.1490 l2=0.2000 label_smoothing=0.000
D step=1/5 epoch=2/3 loss=0.1408 l2=0.2000 label_smoothing=0.000
D step=1/5 epoch=3/3 loss=0.1393 l2=0.2000 label_smoothing=0.000
D step=2/5 epoch=1/3 loss=0.1678 l2=0.2000 label_smoothing=0.000
D step=2/5 epoch=2/3 loss=0.1681 l2=0.2000 label_smoothing=0.000
D step=2/5 epoch=3/3 loss=0.1677 l2=0.2000 label_smoothing=0.000
D step=3/5 epoch=1/3 loss=0.1645 l2=0.2000 label_smoothing=0.000
D step=3/5 epoch=2/3 loss=0.1660 l2=0.2000 label_smoothing=0.000
D step=3/5 epoch=3/3 loss=0.1653 l2=0.2000 label_smoothing=0.000
D step=4/5 epoch=1/3 loss=0.1375 l2=0.2000 label_smoothing=0.000
D step=4/5 epoch=2/3 loss=0.1372 l2=0.2000 label_smoothing=0.000
D step=4/5 epoch=3/3 loss=0.1337 l2=0.2000 label_smoothing=0.000
D step=5/5 epoch=1/3 loss=0.1617 l2=0.2000 label_smoothing=0.000
D step=5/5 epoch=2/3 loss=0.1598 l2=0.2000 label_smoothing=0.000
D step=5/5 epoch=3/3 loss=0.1593 l2=0.2000 label_smoothing=0.000
ADV epoch=81/200 g_loss=0.0071 d_loss=0.1545 reward=0.0892 reward_var=0.0014 unique=0.2800
D step=1/5 epoch=1/3 loss=0.1644 l2=0.2000 label_smoothing=0.000
D step=1/5 epoch=2/3 loss=0.1645 l2=0.2000 label_smoothing=0.000
D step=1/5 epoch=3/3 loss=0.1629 l2=0.2000 label_smoothing=0.000
D step=2/5 epoch=1/3 loss=0.1594 l2=0.2000 label_smoothing=0.000
D step=2/5 epoch=2/3 loss=0.1548 l2=0.2000 label_smoothing=0.000
D step=2/5 epoch=3/3 loss=0.1576 l2=0.2000 label_smoothing=0.000
D step=3/5 epoch=1/3 loss=0.1794 l2=0.2000 label_smoothing=0.000
D step=3/5 epoch=2/3 loss=0.1785 l2=0.2000 label_smoothing=0.000
D step=3/5 epoch=3/3 loss=0.1748 l2=0.2000 label_smoothing=0.000
D step=4/5 epoch=1/3 loss=0.1736 l2=0.2000 label_smoothing=0.000
D step=4/5 epoch=2/3 loss=0.1698 l2=0.2000 label_smoothing=0.000
D step=4/5 epoch=3/3 loss=0.1668 l2=0.2000 label_smoothing=0.000
D step=5/5 epoch=1/3 loss=0.1716 l2=0.2000 label_smoothing=0.000
D step=5/5 epoch=2/3 loss=0.1714 l2=0.2000 label_smoothing=0.000
D step=5/5 epoch=3/3 loss=0.1712 l2=0.2000 label_smoothing=0.000
ADV epoch=82/200 g_loss=0.0063 d_loss=0.1680 reward=0.0872 reward_var=0.0009 unique=0.3200
D step=1/5 epoch=1/3 loss=0.1642 l2=0.2000 label_smoothing=0.000
D step=1/5 epoch=2/3 loss=0.1600 l2=0.2000 label_smoothing=0.000
D step=1/5 epoch=3/3 loss=0.1618 l2=0.2000 label_smoothing=0.000
D step=2/5 epoch=1/3 loss=0.1736 l2=0.2000 label_smoothing=0.000
D step=2/5 epoch=2/3 loss=0.1787 l2=0.2000 label_smoothing=0.000
D step=2/5 epoch=3/3 loss=0.1773 l2=0.2000 label_smoothing=0.000
D step=3/5 epoch=1/3 loss=0.1637 l2=0.2000 label_smoothing=0.000
D step=3/5 epoch=2/3 loss=0.1602 l2=0.2000 label_smoothing=0.000
D step=3/5 epoch=3/3 loss=0.1608 l2=0.2000 label_smoothing=0.000
D step=4/5 epoch=1/3 loss=0.1588 l2=0.2000 label_smoothing=0.000
D step=4/5 epoch=2/3 loss=0.1548 l2=0.2000 label_smoothing=0.000
D step=4/5 epoch=3/3 loss=0.1526 l2=0.2000 label_smoothing=0.000
D step=5/5 epoch=1/3 loss=0.1505 l2=0.2000 label_smoothing=0.000
D step=5/5 epoch=2/3 loss=0.1504 l2=0.2000 label_smoothing=0.000
D step=5/5 epoch=3/3 loss=0.1496 l2=0.2000 label_smoothing=0.000
ADV epoch=83/200 g_loss=0.0065 d_loss=0.1611 reward=0.0957 reward_var=0.0015 unique=0.2600
D step=1/5 epoch=1/3 loss=0.1772 l2=0.2000 label_smoothing=0.000
D step=1/5 epoch=2/3 loss=0.1769 l2=0.2000 label_smoothing=0.000
D step=1/5 epoch=3/3 loss=0.1758 l2=0.2000 label_smoothing=0.000
D step=2/5 epoch=1/3 loss=0.1874 l2=0.2000 label_smoothing=0.000
D step=2/5 epoch=2/3 loss=0.1769 l2=0.2000 label_smoothing=0.000
D step=2/5 epoch=3/3 loss=0.1772 l2=0.2000 label_smoothing=0.000
D step=3/5 epoch=1/3 loss=0.1889 l2=0.2000 label_smoothing=0.000
D step=3/5 epoch=2/3 loss=0.1834 l2=0.2000 label_smoothing=0.000
D step=3/5 epoch=3/3 loss=0.1854 l2=0.2000 label_smoothing=0.000
D step=4/5 epoch=1/3 loss=0.1562 l2=0.2000 label_smoothing=0.000
D step=4/5 epoch=2/3 loss=0.1527 l2=0.2000 label_smoothing=0.000
D step=4/5 epoch=3/3 loss=0.1531 l2=0.2000 label_smoothing=0.000
D step=5/5 epoch=1/3 loss=0.1706 l2=0.2000 label_smoothing=0.000
D step=5/5 epoch=2/3 loss=0.1712 l2=0.2000 label_smoothing=0.000
D step=5/5 epoch=3/3 loss=0.1715 l2=0.2000 label_smoothing=0.000
ADV epoch=84/200 g_loss=0.0067 d_loss=0.1736 reward=0.0993 reward_var=0.0010 unique=0.2000
D step=1/5 epoch=1/3 loss=0.1622 l2=0.2000 label_smoothing=0.000
D step=1/5 epoch=2/3 loss=0.1523 l2=0.2000 label_smoothing=0.000
D step=1/5 epoch=3/3 loss=0.1495 l2=0.2000 label_smoothing=0.000
D step=2/5 epoch=1/3 loss=0.1622 l2=0.2000 label_smoothing=0.000
D step=2/5 epoch=2/3 loss=0.1603 l2=0.2000 label_smoothing=0.000
D step=2/5 epoch=3/3 loss=0.1636 l2=0.2000 label_smoothing=0.000
D step=3/5 epoch=1/3 loss=0.1552 l2=0.2000 label_smoothing=0.000
D step=3/5 epoch=2/3 loss=0.1536 l2=0.2000 label_smoothing=0.000
D step=3/5 epoch=3/3 loss=0.1546 l2=0.2000 label_smoothing=0.000
D step=4/5 epoch=1/3 loss=0.1767 l2=0.2000 label_smoothing=0.000
D step=4/5 epoch=2/3 loss=0.1758 l2=0.2000 label_smoothing=0.000
D step=4/5 epoch=3/3 loss=0.1736 l2=0.2000 label_smoothing=0.000
D step=5/5 epoch=1/3 loss=0.1627 l2=0.2000 label_smoothing=0.000
D step=5/5 epoch=2/3 loss=0.1631 l2=0.2000 label_smoothing=0.000
D step=5/5 epoch=3/3 loss=0.1585 l2=0.2000 label_smoothing=0.000
ADV epoch=85/200 g_loss=0.0059 d_loss=0.1616 reward=0.0874 reward_var=0.0008 unique=0.1600
D step=1/5 epoch=1/3 loss=0.1551 l2=0.2000 label_smoothing=0.000
D step=1/5 epoch=2/3 loss=0.1542 l2=0.2000 label_smoothing=0.000
D step=1/5 epoch=3/3 loss=0.1523 l2=0.2000 label_smoothing=0.000
D step=2/5 epoch=1/3 loss=0.1694 l2=0.2000 label_smoothing=0.000
D step=2/5 epoch=2/3 loss=0.1690 l2=0.2000 label_smoothing=0.000
D step=2/5 epoch=3/3 loss=0.1658 l2=0.2000 label_smoothing=0.000
D step=3/5 epoch=1/3 loss=0.1792 l2=0.2000 label_smoothing=0.000
D step=3/5 epoch=2/3 loss=0.1759 l2=0.2000 label_smoothing=0.000
D step=3/5 epoch=3/3 loss=0.1731 l2=0.2000 label_smoothing=0.000
D step=4/5 epoch=1/3 loss=0.1628 l2=0.2000 label_smoothing=0.000
D step=4/5 epoch=2/3 loss=0.1640 l2=0.2000 label_smoothing=0.000
D step=4/5 epoch=3/3 loss=0.1628 l2=0.2000 label_smoothing=0.000
D step=5/5 epoch=1/3 loss=0.1683 l2=0.2000 label_smoothing=0.000
D step=5/5 epoch=2/3 loss=0.1305 l2=0.2000 label_smoothing=0.000
D step=5/5 epoch=3/3 loss=0.1341 l2=0.2000 label_smoothing=0.000
ADV epoch=86/200 g_loss=0.0064 d_loss=0.1611 reward=0.0937 reward_var=0.0010 unique=0.3400
D step=1/5 epoch=1/3 loss=0.1709 l2=0.2000 label_smoothing=0.000
D step=1/5 epoch=2/3 loss=0.1664 l2=0.2000 label_smoothing=0.000
D step=1/5 epoch=3/3 loss=0.1659 l2=0.2000 label_smoothing=0.000
D step=2/5 epoch=1/3 loss=0.1463 l2=0.2000 label_smoothing=0.000
D step=2/5 epoch=2/3 loss=0.1445 l2=0.2000 label_smoothing=0.000
D step=2/5 epoch=3/3 loss=0.1408 l2=0.2000 label_smoothing=0.000
D step=3/5 epoch=1/3 loss=0.1955 l2=0.2000 label_smoothing=0.000
D step=3/5 epoch=2/3 loss=0.1710 l2=0.2000 label_smoothing=0.000
D step=3/5 epoch=3/3 loss=0.1668 l2=0.2000 label_smoothing=0.000
D step=4/5 epoch=1/3 loss=0.1724 l2=0.2000 label_smoothing=0.000
D step=4/5 epoch=2/3 loss=0.1736 l2=0.2000 label_smoothing=0.000
D step=4/5 epoch=3/3 loss=0.1735 l2=0.2000 label_smoothing=0.000
D step=5/5 epoch=1/3 loss=0.2194 l2=0.2000 label_smoothing=0.000
D step=5/5 epoch=2/3 loss=0.1852 l2=0.2000 label_smoothing=0.000
D step=5/5 epoch=3/3 loss=0.1761 l2=0.2000 label_smoothing=0.000
ADV epoch=87/200 g_loss=0.0048 d_loss=0.1712 reward=0.0647 reward_var=0.0006 unique=0.2400
D step=1/5 epoch=1/3 loss=0.1810 l2=0.2000 label_smoothing=0.000
D step=1/5 epoch=2/3 loss=0.1756 l2=0.2000 label_smoothing=0.000
D step=1/5 epoch=3/3 loss=0.1801 l2=0.2000 label_smoothing=0.000
D step=2/5 epoch=1/3 loss=0.1705 l2=0.2000 label_smoothing=0.000
D step=2/5 epoch=2/3 loss=0.1567 l2=0.2000 label_smoothing=0.000
D step=2/5 epoch=3/3 loss=0.1562 l2=0.2000 label_smoothing=0.000
D step=3/5 epoch=1/3 loss=0.1741 l2=0.2000 label_smoothing=0.000
D step=3/5 epoch=2/3 loss=0.1746 l2=0.2000 label_smoothing=0.000
D step=3/5 epoch=3/3 loss=0.1703 l2=0.2000 label_smoothing=0.000
D step=4/5 epoch=1/3 loss=0.1557 l2=0.2000 label_smoothing=0.000
D step=4/5 epoch=2/3 loss=0.1573 l2=0.2000 label_smoothing=0.000
D step=4/5 epoch=3/3 loss=0.1568 l2=0.2000 label_smoothing=0.000
D step=5/5 epoch=1/3 loss=0.1719 l2=0.2000 label_smoothing=0.000
D step=5/5 epoch=2/3 loss=0.1720 l2=0.2000 label_smoothing=0.000
D step=5/5 epoch=3/3 loss=0.1703 l2=0.2000 label_smoothing=0.000
ADV epoch=88/200 g_loss=0.0062 d_loss=0.1682 reward=0.0834 reward_var=0.0015 unique=0.3000
D step=1/5 epoch=1/3 loss=0.1561 l2=0.2000 label_smoothing=0.000
D step=1/5 epoch=2/3 loss=0.1575 l2=0.2000 label_smoothing=0.000
D step=1/5 epoch=3/3 loss=0.1545 l2=0.2000 label_smoothing=0.000
D step=2/5 epoch=1/3 loss=0.1781 l2=0.2000 label_smoothing=0.000
D step=2/5 epoch=2/3 loss=0.1721 l2=0.2000 label_smoothing=0.000
D step=2/5 epoch=3/3 loss=0.1698 l2=0.2000 label_smoothing=0.000
D step=3/5 epoch=1/3 loss=0.1782 l2=0.2000 label_smoothing=0.000
D step=3/5 epoch=2/3 loss=0.1783 l2=0.2000 label_smoothing=0.000
D step=3/5 epoch=3/3 loss=0.1817 l2=0.2000 label_smoothing=0.000
D step=4/5 epoch=1/3 loss=0.1730 l2=0.2000 label_smoothing=0.000
D step=4/5 epoch=2/3 loss=0.1734 l2=0.2000 label_smoothing=0.000
D step=4/5 epoch=3/3 loss=0.1732 l2=0.2000 label_smoothing=0.000
D step=5/5 epoch=1/3 loss=0.1636 l2=0.2000 label_smoothing=0.000
D step=5/5 epoch=2/3 loss=0.1614 l2=0.2000 label_smoothing=0.000
D step=5/5 epoch=3/3 loss=0.1611 l2=0.2000 label_smoothing=0.000
ADV epoch=89/200 g_loss=0.0055 d_loss=0.1688 reward=0.0905 reward_var=0.0009 unique=0.2600
D step=1/5 epoch=1/3 loss=0.1571 l2=0.2000 label_smoothing=0.000
D step=1/5 epoch=2/3 loss=0.1587 l2=0.2000 label_smoothing=0.000
D step=1/5 epoch=3/3 loss=0.1551 l2=0.2000 label_smoothing=0.000
D step=2/5 epoch=1/3 loss=0.1756 l2=0.2000 label_smoothing=0.000
D step=2/5 epoch=2/3 loss=0.1718 l2=0.2000 label_smoothing=0.000
D step=2/5 epoch=3/3 loss=0.1722 l2=0.2000 label_smoothing=0.000
D step=3/5 epoch=1/3 loss=0.1724 l2=0.2000 label_smoothing=0.000
D step=3/5 epoch=2/3 loss=0.1680 l2=0.2000 label_smoothing=0.000
D step=3/5 epoch=3/3 loss=0.1719 l2=0.2000 label_smoothing=0.000
D step=4/5 epoch=1/3 loss=0.1422 l2=0.2000 label_smoothing=0.000
D step=4/5 epoch=2/3 loss=0.1414 l2=0.2000 label_smoothing=0.000
D step=4/5 epoch=3/3 loss=0.1455 l2=0.2000 label_smoothing=0.000
D step=5/5 epoch=1/3 loss=0.1596 l2=0.2000 label_smoothing=0.000
D step=5/5 epoch=2/3 loss=0.1604 l2=0.2000 label_smoothing=0.000
D step=5/5 epoch=3/3 loss=0.1622 l2=0.2000 label_smoothing=0.000
ADV epoch=90/200 g_loss=0.0057 d_loss=0.1609 reward=0.0812 reward_var=0.0012 unique=0.2000
D step=1/5 epoch=1/3 loss=0.1671 l2=0.2000 label_smoothing=0.000
D step=1/5 epoch=2/3 loss=0.1655 l2=0.2000 label_smoothing=0.000
D step=1/5 epoch=3/3 loss=0.1607 l2=0.2000 label_smoothing=0.000
D step=2/5 epoch=1/3 loss=0.1627 l2=0.2000 label_smoothing=0.000
D step=2/5 epoch=2/3 loss=0.1603 l2=0.2000 label_smoothing=0.000
D step=2/5 epoch=3/3 loss=0.1593 l2=0.2000 label_smoothing=0.000
D step=3/5 epoch=1/3 loss=0.1669 l2=0.2000 label_smoothing=0.000
D step=3/5 epoch=2/3 loss=0.1711 l2=0.2000 label_smoothing=0.000
D step=3/5 epoch=3/3 loss=0.1683 l2=0.2000 label_smoothing=0.000
D step=4/5 epoch=1/3 loss=0.1889 l2=0.2000 label_smoothing=0.000
D step=4/5 epoch=2/3 loss=0.1822 l2=0.2000 label_smoothing=0.000
D step=4/5 epoch=3/3 loss=0.1828 l2=0.2000 label_smoothing=0.000
D step=5/5 epoch=1/3 loss=0.1650 l2=0.2000 label_smoothing=0.000
D step=5/5 epoch=2/3 loss=0.1640 l2=0.2000 label_smoothing=0.000
D step=5/5 epoch=3/3 loss=0.1607 l2=0.2000 label_smoothing=0.000
ADV epoch=91/200 g_loss=0.0070 d_loss=0.1684 reward=0.0992 reward_var=0.0008 unique=0.2200
D step=1/5 epoch=1/3 loss=0.1650 l2=0.2000 label_smoothing=0.000
D step=1/5 epoch=2/3 loss=0.1673 l2=0.2000 label_smoothing=0.000
D step=1/5 epoch=3/3 loss=0.1633 l2=0.2000 label_smoothing=0.000
D step=2/5 epoch=1/3 loss=0.1757 l2=0.2000 label_smoothing=0.000
D step=2/5 epoch=2/3 loss=0.1705 l2=0.2000 label_smoothing=0.000
D step=2/5 epoch=3/3 loss=0.1699 l2=0.2000 label_smoothing=0.000
D step=3/5 epoch=1/3 loss=0.1611 l2=0.2000 label_smoothing=0.000
D step=3/5 epoch=2/3 loss=0.1662 l2=0.2000 label_smoothing=0.000
D step=3/5 epoch=3/3 loss=0.1651 l2=0.2000 label_smoothing=0.000
D step=4/5 epoch=1/3 loss=0.1861 l2=0.2000 label_smoothing=0.000
D step=4/5 epoch=2/3 loss=0.1789 l2=0.2000 label_smoothing=0.000
D step=4/5 epoch=3/3 loss=0.1856 l2=0.2000 label_smoothing=0.000
D step=5/5 epoch=1/3 loss=0.1630 l2=0.2000 label_smoothing=0.000
D step=5/5 epoch=2/3 loss=0.1639 l2=0.2000 label_smoothing=0.000
D step=5/5 epoch=3/3 loss=0.1639 l2=0.2000 label_smoothing=0.000
ADV epoch=92/200 g_loss=0.0078 d_loss=0.1697 reward=0.0987 reward_var=0.0008 unique=0.1800
D step=1/5 epoch=1/3 loss=0.1635 l2=0.2000 label_smoothing=0.000
D step=1/5 epoch=2/3 loss=0.1616 l2=0.2000 label_smoothing=0.000
D step=1/5 epoch=3/3 loss=0.1595 l2=0.2000 label_smoothing=0.000
D step=2/5 epoch=1/3 loss=0.1567 l2=0.2000 label_smoothing=0.000
D step=2/5 epoch=2/3 loss=0.1549 l2=0.2000 label_smoothing=0.000
D step=2/5 epoch=3/3 loss=0.1539 l2=0.2000 label_smoothing=0.000
D step=3/5 epoch=1/3 loss=0.1681 l2=0.2000 label_smoothing=0.000
D step=3/5 epoch=2/3 loss=0.1567 l2=0.2000 label_smoothing=0.000
D step=3/5 epoch=3/3 loss=0.1629 l2=0.2000 label_smoothing=0.000
D step=4/5 epoch=1/3 loss=0.1618 l2=0.2000 label_smoothing=0.000
D step=4/5 epoch=2/3 loss=0.1652 l2=0.2000 label_smoothing=0.000
D step=4/5 epoch=3/3 loss=0.1595 l2=0.2000 label_smoothing=0.000
D step=5/5 epoch=1/3 loss=0.1730 l2=0.2000 label_smoothing=0.000
D step=5/5 epoch=2/3 loss=0.1710 l2=0.2000 label_smoothing=0.000
D step=5/5 epoch=3/3 loss=0.1688 l2=0.2000 label_smoothing=0.000
ADV epoch=93/200 g_loss=0.0088 d_loss=0.1625 reward=0.0952 reward_var=0.0014 unique=0.2600
D step=1/5 epoch=1/3 loss=0.1723 l2=0.2000 label_smoothing=0.000
D step=1/5 epoch=2/3 loss=0.1739 l2=0.2000 label_smoothing=0.000
D step=1/5 epoch=3/3 loss=0.1727 l2=0.2000 label_smoothing=0.000
D step=2/5 epoch=1/3 loss=0.1554 l2=0.2000 label_smoothing=0.000
D step=2/5 epoch=2/3 loss=0.1562 l2=0.2000 label_smoothing=0.000
D step=2/5 epoch=3/3 loss=0.1539 l2=0.2000 label_smoothing=0.000
D step=3/5 epoch=1/3 loss=0.1525 l2=0.2000 label_smoothing=0.000
D step=3/5 epoch=2/3 loss=0.1541 l2=0.2000 label_smoothing=0.000
D step=3/5 epoch=3/3 loss=0.1546 l2=0.2000 label_smoothing=0.000
D step=4/5 epoch=1/3 loss=0.1744 l2=0.2000 label_smoothing=0.000
D step=4/5 epoch=2/3 loss=0.1741 l2=0.2000 label_smoothing=0.000
D step=4/5 epoch=3/3 loss=0.1718 l2=0.2000 label_smoothing=0.000
D step=5/5 epoch=1/3 loss=0.1657 l2=0.2000 label_smoothing=0.000
D step=5/5 epoch=2/3 loss=0.1677 l2=0.2000 label_smoothing=0.000
D step=5/5 epoch=3/3 loss=0.1657 l2=0.2000 label_smoothing=0.000
ADV epoch=94/200 g_loss=0.0066 d_loss=0.1643 reward=0.1047 reward_var=0.0011 unique=0.2400
D step=1/5 epoch=1/3 loss=0.1739 l2=0.2000 label_smoothing=0.000
D step=1/5 epoch=2/3 loss=0.1725 l2=0.2000 label_smoothing=0.000
D step=1/5 epoch=3/3 loss=0.1717 l2=0.2000 label_smoothing=0.000
D step=2/5 epoch=1/3 loss=0.1774 l2=0.2000 label_smoothing=0.000
D step=2/5 epoch=2/3 loss=0.1584 l2=0.2000 label_smoothing=0.000
D step=2/5 epoch=3/3 loss=0.1571 l2=0.2000 label_smoothing=0.000
D step=3/5 epoch=1/3 loss=0.1771 l2=0.2000 label_smoothing=0.000
D step=3/5 epoch=2/3 loss=0.1714 l2=0.2000 label_smoothing=0.000
D step=3/5 epoch=3/3 loss=0.1721 l2=0.2000 label_smoothing=0.000
D step=4/5 epoch=1/3 loss=0.1550 l2=0.2000 label_smoothing=0.000
D step=4/5 epoch=2/3 loss=0.1538 l2=0.2000 label_smoothing=0.000
D step=4/5 epoch=3/3 loss=0.1538 l2=0.2000 label_smoothing=0.000
D step=5/5 epoch=1/3 loss=0.1670 l2=0.2000 label_smoothing=0.000
D step=5/5 epoch=2/3 loss=0.1671 l2=0.2000 label_smoothing=0.000
D step=5/5 epoch=3/3 loss=0.1663 l2=0.2000 label_smoothing=0.000
ADV epoch=95/200 g_loss=0.0054 d_loss=0.1663 reward=0.0830 reward_var=0.0006 unique=0.2400
D step=1/5 epoch=1/3 loss=0.1710 l2=0.2000 label_smoothing=0.000
D step=1/5 epoch=2/3 loss=0.1693 l2=0.2000 label_smoothing=0.000
D step=1/5 epoch=3/3 loss=0.1629 l2=0.2000 label_smoothing=0.000
D step=2/5 epoch=1/3 loss=0.1479 l2=0.2000 label_smoothing=0.000
D step=2/5 epoch=2/3 loss=0.1426 l2=0.2000 label_smoothing=0.000
D step=2/5 epoch=3/3 loss=0.1416 l2=0.2000 label_smoothing=0.000
D step=3/5 epoch=1/3 loss=0.1852 l2=0.2000 label_smoothing=0.000
D step=3/5 epoch=2/3 loss=0.1770 l2=0.2000 label_smoothing=0.000
D step=3/5 epoch=3/3 loss=0.1714 l2=0.2000 label_smoothing=0.000
D step=4/5 epoch=1/3 loss=0.1758 l2=0.2000 label_smoothing=0.000
D step=4/5 epoch=2/3 loss=0.1792 l2=0.2000 label_smoothing=0.000
D step=4/5 epoch=3/3 loss=0.1768 l2=0.2000 label_smoothing=0.000
D step=5/5 epoch=1/3 loss=0.1702 l2=0.2000 label_smoothing=0.000
D step=5/5 epoch=2/3 loss=0.1688 l2=0.2000 label_smoothing=0.000
D step=5/5 epoch=3/3 loss=0.1694 l2=0.2000 label_smoothing=0.000
ADV epoch=96/200 g_loss=0.0052 d_loss=0.1673 reward=0.0787 reward_var=0.0010 unique=0.2200
D step=1/5 epoch=1/3 loss=0.1614 l2=0.2000 label_smoothing=0.000
D step=1/5 epoch=2/3 loss=0.1598 l2=0.2000 label_smoothing=0.000
D step=1/5 epoch=3/3 loss=0.1637 l2=0.2000 label_smoothing=0.000
D step=2/5 epoch=1/3 loss=0.1738 l2=0.2000 label_smoothing=0.000
D step=2/5 epoch=2/3 loss=0.1725 l2=0.2000 label_smoothing=0.000
D step=2/5 epoch=3/3 loss=0.1706 l2=0.2000 label_smoothing=0.000
D step=3/5 epoch=1/3 loss=0.1558 l2=0.2000 label_smoothing=0.000
D step=3/5 epoch=2/3 loss=0.1542 l2=0.2000 label_smoothing=0.000
D step=3/5 epoch=3/3 loss=0.1563 l2=0.2000 label_smoothing=0.000
D step=4/5 epoch=1/3 loss=0.1639 l2=0.2000 label_smoothing=0.000
D step=4/5 epoch=2/3 loss=0.1659 l2=0.2000 label_smoothing=0.000
D step=4/5 epoch=3/3 loss=0.1611 l2=0.2000 label_smoothing=0.000
D step=5/5 epoch=1/3 loss=0.1698 l2=0.2000 label_smoothing=0.000
D step=5/5 epoch=2/3 loss=0.1721 l2=0.2000 label_smoothing=0.000
D step=5/5 epoch=3/3 loss=0.1706 l2=0.2000 label_smoothing=0.000
ADV epoch=97/200 g_loss=0.0062 d_loss=0.1648 reward=0.0982 reward_var=0.0007 unique=0.1800
D step=1/5 epoch=1/3 loss=0.1449 l2=0.2000 label_smoothing=0.000
D step=1/5 epoch=2/3 loss=0.1454 l2=0.2000 label_smoothing=0.000
D step=1/5 epoch=3/3 loss=0.1445 l2=0.2000 label_smoothing=0.000
D step=2/5 epoch=1/3 loss=0.1494 l2=0.2000 label_smoothing=0.000
D step=2/5 epoch=2/3 loss=0.1446 l2=0.2000 label_smoothing=0.000
D step=2/5 epoch=3/3 loss=0.1476 l2=0.2000 label_smoothing=0.000
D step=3/5 epoch=1/3 loss=0.1556 l2=0.2000 label_smoothing=0.000
D step=3/5 epoch=2/3 loss=0.1551 l2=0.2000 label_smoothing=0.000
D step=3/5 epoch=3/3 loss=0.1548 l2=0.2000 label_smoothing=0.000
D step=4/5 epoch=1/3 loss=0.1694 l2=0.2000 label_smoothing=0.000
D step=4/5 epoch=2/3 loss=0.1748 l2=0.2000 label_smoothing=0.000
D step=4/5 epoch=3/3 loss=0.1708 l2=0.2000 label_smoothing=0.000
D step=5/5 epoch=1/3 loss=0.1574 l2=0.2000 label_smoothing=0.000
D step=5/5 epoch=2/3 loss=0.1586 l2=0.2000 label_smoothing=0.000
D step=5/5 epoch=3/3 loss=0.1579 l2=0.2000 label_smoothing=0.000
ADV epoch=98/200 g_loss=0.0062 d_loss=0.1554 reward=0.1060 reward_var=0.0009 unique=0.1400
D step=1/5 epoch=1/3 loss=0.1751 l2=0.2000 label_smoothing=0.000
D step=1/5 epoch=2/3 loss=0.1724 l2=0.2000 label_smoothing=0.000
D step=1/5 epoch=3/3 loss=0.1694 l2=0.2000 label_smoothing=0.000
D step=2/5 epoch=1/3 loss=0.1692 l2=0.2000 label_smoothing=0.000
D step=2/5 epoch=2/3 loss=0.1653 l2=0.2000 label_smoothing=0.000
D step=2/5 epoch=3/3 loss=0.1665 l2=0.2000 label_smoothing=0.000
D step=3/5 epoch=1/3 loss=0.1692 l2=0.2000 label_smoothing=0.000
D step=3/5 epoch=2/3 loss=0.1729 l2=0.2000 label_smoothing=0.000
D step=3/5 epoch=3/3 loss=0.1732 l2=0.2000 label_smoothing=0.000
D step=4/5 epoch=1/3 loss=0.1435 l2=0.2000 label_smoothing=0.000
D step=4/5 epoch=2/3 loss=0.1467 l2=0.2000 label_smoothing=0.000
D step=4/5 epoch=3/3 loss=0.1436 l2=0.2000 label_smoothing=0.000
D step=5/5 epoch=1/3 loss=0.1669 l2=0.2000 label_smoothing=0.000
D step=5/5 epoch=2/3 loss=0.1644 l2=0.2000 label_smoothing=0.000
D step=5/5 epoch=3/3 loss=0.1578 l2=0.2000 label_smoothing=0.000
ADV epoch=99/200 g_loss=0.0040 d_loss=0.1637 reward=0.0727 reward_var=0.0007 unique=0.2200
D step=1/5 epoch=1/3 loss=0.1575 l2=0.2000 label_smoothing=0.000
D step=1/5 epoch=2/3 loss=0.1572 l2=0.2000 label_smoothing=0.000
D step=1/5 epoch=3/3 loss=0.1513 l2=0.2000 label_smoothing=0.000
D step=2/5 epoch=1/3 loss=0.1558 l2=0.2000 label_smoothing=0.000
D step=2/5 epoch=2/3 loss=0.1549 l2=0.2000 label_smoothing=0.000
D step=2/5 epoch=3/3 loss=0.1525 l2=0.2000 label_smoothing=0.000
D step=3/5 epoch=1/3 loss=0.1560 l2=0.2000 label_smoothing=0.000
D step=3/5 epoch=2/3 loss=0.1537 l2=0.2000 label_smoothing=0.000
D step=3/5 epoch=3/3 loss=0.1557 l2=0.2000 label_smoothing=0.000
D step=4/5 epoch=1/3 loss=0.1303 l2=0.2000 label_smoothing=0.000
D step=4/5 epoch=2/3 loss=0.1270 l2=0.2000 label_smoothing=0.000
D step=4/5 epoch=3/3 loss=0.1286 l2=0.2000 label_smoothing=0.000
D step=5/5 epoch=1/3 loss=0.1865 l2=0.2000 label_smoothing=0.000
D step=5/5 epoch=2/3 loss=0.1802 l2=0.2000 label_smoothing=0.000
D step=5/5 epoch=3/3 loss=0.1739 l2=0.2000 label_smoothing=0.000
ADV epoch=100/200 g_loss=0.0054 d_loss=0.1547 reward=0.0836 reward_var=0.0006 unique=0.2400
D step=1/5 epoch=1/3 loss=0.2311 l2=0.2000 label_smoothing=0.000
D step=1/5 epoch=2/3 loss=0.1942 l2=0.2000 label_smoothing=0.000
D step=1/5 epoch=3/3 loss=0.1822 l2=0.2000 label_smoothing=0.000
D step=2/5 epoch=1/3 loss=0.1837 l2=0.2000 label_smoothing=0.000
D step=2/5 epoch=2/3 loss=0.1786 l2=0.2000 label_smoothing=0.000
D step=2/5 epoch=3/3 loss=0.1770 l2=0.2000 label_smoothing=0.000
D step=3/5 epoch=1/3 loss=0.1697 l2=0.2000 label_smoothing=0.000
D step=3/5 epoch=2/3 loss=0.1683 l2=0.2000 label_smoothing=0.000
D step=3/5 epoch=3/3 loss=0.1698 l2=0.2000 label_smoothing=0.000
D step=4/5 epoch=1/3 loss=0.1596 l2=0.2000 label_smoothing=0.000
D step=4/5 epoch=2/3 loss=0.1594 l2=0.2000 label_smoothing=0.000
D step=4/5 epoch=3/3 loss=0.1618 l2=0.2000 label_smoothing=0.000
D step=5/5 epoch=1/3 loss=0.1723 l2=0.2000 label_smoothing=0.000
D step=5/5 epoch=2/3 loss=0.1695 l2=0.2000 label_smoothing=0.000
D step=5/5 epoch=3/3 loss=0.1669 l2=0.2000 label_smoothing=0.000
ADV epoch=101/200 g_loss=0.0063 d_loss=0.1763 reward=0.1055 reward_var=0.0007 unique=0.1600
D step=1/5 epoch=1/3 loss=0.1890 l2=0.2000 label_smoothing=0.000
D step=1/5 epoch=2/3 loss=0.1851 l2=0.2000 label_smoothing=0.000
D step=1/5 epoch=3/3 loss=0.1851 l2=0.2000 label_smoothing=0.000
D step=2/5 epoch=1/3 loss=0.1725 l2=0.2000 label_smoothing=0.000
D step=2/5 epoch=2/3 loss=0.1728 l2=0.2000 label_smoothing=0.000
D step=2/5 epoch=3/3 loss=0.1697 l2=0.2000 label_smoothing=0.000
D step=3/5 epoch=1/3 loss=0.1605 l2=0.2000 label_smoothing=0.000
D step=3/5 epoch=2/3 loss=0.1598 l2=0.2000 label_smoothing=0.000
D step=3/5 epoch=3/3 loss=0.1593 l2=0.2000 label_smoothing=0.000
D step=4/5 epoch=1/3 loss=0.1462 l2=0.2000 label_smoothing=0.000
D step=4/5 epoch=2/3 loss=0.1433 l2=0.2000 label_smoothing=0.000
D step=4/5 epoch=3/3 loss=0.1478 l2=0.2000 label_smoothing=0.000
D step=5/5 epoch=1/3 loss=0.1631 l2=0.2000 label_smoothing=0.000
D step=5/5 epoch=2/3 loss=0.1612 l2=0.2000 label_smoothing=0.000
D step=5/5 epoch=3/3 loss=0.1558 l2=0.2000 label_smoothing=0.000
ADV epoch=102/200 g_loss=0.0080 d_loss=0.1647 reward=0.1131 reward_var=0.0002 unique=0.1400
D step=1/5 epoch=1/3 loss=0.1664 l2=0.2000 label_smoothing=0.000
D step=1/5 epoch=2/3 loss=0.1631 l2=0.2000 label_smoothing=0.000
D step=1/5 epoch=3/3 loss=0.1652 l2=0.2000 label_smoothing=0.000
D step=2/5 epoch=1/3 loss=0.1791 l2=0.2000 label_smoothing=0.000
D step=2/5 epoch=2/3 loss=0.1814 l2=0.2000 label_smoothing=0.000
D step=2/5 epoch=3/3 loss=0.1803 l2=0.2000 label_smoothing=0.000
D step=3/5 epoch=1/3 loss=0.1771 l2=0.2000 label_smoothing=0.000
D step=3/5 epoch=2/3 loss=0.1734 l2=0.2000 label_smoothing=0.000
D step=3/5 epoch=3/3 loss=0.1757 l2=0.2000 label_smoothing=0.000
D step=4/5 epoch=1/3 loss=0.1855 l2=0.2000 label_smoothing=0.000
D step=4/5 epoch=2/3 loss=0.1844 l2=0.2000 label_smoothing=0.000
D step=4/5 epoch=3/3 loss=0.1813 l2=0.2000 label_smoothing=0.000
D step=5/5 epoch=1/3 loss=0.1764 l2=0.2000 label_smoothing=0.000
D step=5/5 epoch=2/3 loss=0.1797 l2=0.2000 label_smoothing=0.000
D step=5/5 epoch=3/3 loss=0.1776 l2=0.2000 label_smoothing=0.000
ADV epoch=103/200 g_loss=0.0044 d_loss=0.1764 reward=0.0782 reward_var=0.0003 unique=0.1800
D step=1/5 epoch=1/3 loss=0.1811 l2=0.2000 label_smoothing=0.000
D step=1/5 epoch=2/3 loss=0.1803 l2=0.2000 label_smoothing=0.000
D step=1/5 epoch=3/3 loss=0.1796 l2=0.2000 label_smoothing=0.000
D step=2/5 epoch=1/3 loss=0.1906 l2=0.2000 label_smoothing=0.000
D step=2/5 epoch=2/3 loss=0.1924 l2=0.2000 label_smoothing=0.000
D step=2/5 epoch=3/3 loss=0.1886 l2=0.2000 label_smoothing=0.000
D step=3/5 epoch=1/3 loss=0.1687 l2=0.2000 label_smoothing=0.000
D step=3/5 epoch=2/3 loss=0.1634 l2=0.2000 label_smoothing=0.000
D step=3/5 epoch=3/3 loss=0.1646 l2=0.2000 label_smoothing=0.000
D step=4/5 epoch=1/3 loss=0.1763 l2=0.2000 label_smoothing=0.000
D step=4/5 epoch=2/3 loss=0.1827 l2=0.2000 label_smoothing=0.000
D step=4/5 epoch=3/3 loss=0.1812 l2=0.2000 label_smoothing=0.000
D step=5/5 epoch=1/3 loss=0.1555 l2=0.2000 label_smoothing=0.000
D step=5/5 epoch=2/3 loss=0.1521 l2=0.2000 label_smoothing=0.000
D step=5/5 epoch=3/3 loss=0.1512 l2=0.2000 label_smoothing=0.000
ADV epoch=104/200 g_loss=0.0064 d_loss=0.1739 reward=0.1152 reward_var=0.0010 unique=0.1600
D step=1/5 epoch=1/3 loss=0.1745 l2=0.2000 label_smoothing=0.000
D step=1/5 epoch=2/3 loss=0.1742 l2=0.2000 label_smoothing=0.000
D step=1/5 epoch=3/3 loss=0.1721 l2=0.2000 label_smoothing=0.000
D step=2/5 epoch=1/3 loss=0.1646 l2=0.2000 label_smoothing=0.000
D step=2/5 epoch=2/3 loss=0.1638 l2=0.2000 label_smoothing=0.000
D step=2/5 epoch=3/3 loss=0.1651 l2=0.2000 label_smoothing=0.000
D step=3/5 epoch=1/3 loss=0.1536 l2=0.2000 label_smoothing=0.000
D step=3/5 epoch=2/3 loss=0.1487 l2=0.2000 label_smoothing=0.000
D step=3/5 epoch=3/3 loss=0.1478 l2=0.2000 label_smoothing=0.000
D step=4/5 epoch=1/3 loss=0.1699 l2=0.2000 label_smoothing=0.000
D step=4/5 epoch=2/3 loss=0.1702 l2=0.2000 label_smoothing=0.000
D step=4/5 epoch=3/3 loss=0.1642 l2=0.2000 label_smoothing=0.000
D step=5/5 epoch=1/3 loss=0.1637 l2=0.2000 label_smoothing=0.000
D step=5/5 epoch=2/3 loss=0.1653 l2=0.2000 label_smoothing=0.000
D step=5/5 epoch=3/3 loss=0.1663 l2=0.2000 label_smoothing=0.000
ADV epoch=105/200 g_loss=0.0049 d_loss=0.1643 reward=0.0882 reward_var=0.0006 unique=0.2000
D step=1/5 epoch=1/3 loss=0.1654 l2=0.2000 label_smoothing=0.000
D step=1/5 epoch=2/3 loss=0.1663 l2=0.2000 label_smoothing=0.000
D step=1/5 epoch=3/3 loss=0.1654 l2=0.2000 label_smoothing=0.000
D step=2/5 epoch=1/3 loss=0.1795 l2=0.2000 label_smoothing=0.000
D step=2/5 epoch=2/3 loss=0.1733 l2=0.2000 label_smoothing=0.000
D step=2/5 epoch=3/3 loss=0.1713 l2=0.2000 label_smoothing=0.000
D step=3/5 epoch=1/3 loss=0.1541 l2=0.2000 label_smoothing=0.000
D step=3/5 epoch=2/3 loss=0.1558 l2=0.2000 label_smoothing=0.000
D step=3/5 epoch=3/3 loss=0.1540 l2=0.2000 label_smoothing=0.000
D step=4/5 epoch=1/3 loss=0.1643 l2=0.2000 label_smoothing=0.000
D step=4/5 epoch=2/3 loss=0.1686 l2=0.2000 label_smoothing=0.000
D step=4/5 epoch=3/3 loss=0.1639 l2=0.2000 label_smoothing=0.000
D step=5/5 epoch=1/3 loss=0.1721 l2=0.2000 label_smoothing=0.000
D step=5/5 epoch=2/3 loss=0.1690 l2=0.2000 label_smoothing=0.000
D step=5/5 epoch=3/3 loss=0.1723 l2=0.2000 label_smoothing=0.000
ADV epoch=106/200 g_loss=0.0077 d_loss=0.1664 reward=0.1098 reward_var=0.0010 unique=0.1600
D step=1/5 epoch=1/3 loss=0.1897 l2=0.2000 label_smoothing=0.000
D step=1/5 epoch=2/3 loss=0.1868 l2=0.2000 label_smoothing=0.000
D step=1/5 epoch=3/3 loss=0.1884 l2=0.2000 label_smoothing=0.000
D step=2/5 epoch=1/3 loss=0.1592 l2=0.2000 label_smoothing=0.000
D step=2/5 epoch=2/3 loss=0.1624 l2=0.2000 label_smoothing=0.000
D step=2/5 epoch=3/3 loss=0.1654 l2=0.2000 label_smoothing=0.000
D step=3/5 epoch=1/3 loss=0.1746 l2=0.2000 label_smoothing=0.000
D step=3/5 epoch=2/3 loss=0.1769 l2=0.2000 label_smoothing=0.000
D step=3/5 epoch=3/3 loss=0.1735 l2=0.2000 label_smoothing=0.000
D step=4/5 epoch=1/3 loss=0.1536 l2=0.2000 label_smoothing=0.000
D step=4/5 epoch=2/3 loss=0.1532 l2=0.2000 label_smoothing=0.000
D step=4/5 epoch=3/3 loss=0.1542 l2=0.2000 label_smoothing=0.000
D step=5/5 epoch=1/3 loss=0.1670 l2=0.2000 label_smoothing=0.000
D step=5/5 epoch=2/3 loss=0.1668 l2=0.2000 label_smoothing=0.000
D step=5/5 epoch=3/3 loss=0.1670 l2=0.2000 label_smoothing=0.000
ADV epoch=107/200 g_loss=0.0043 d_loss=0.1692 reward=0.0916 reward_var=0.0004 unique=0.1800
D step=1/5 epoch=1/3 loss=0.1480 l2=0.2000 label_smoothing=0.000
D step=1/5 epoch=2/3 loss=0.1424 l2=0.2000 label_smoothing=0.000
D step=1/5 epoch=3/3 loss=0.1457 l2=0.2000 label_smoothing=0.000
D step=2/5 epoch=1/3 loss=0.1478 l2=0.2000 label_smoothing=0.000
D step=2/5 epoch=2/3 loss=0.1475 l2=0.2000 label_smoothing=0.000
D step=2/5 epoch=3/3 loss=0.1427 l2=0.2000 label_smoothing=0.000
D step=3/5 epoch=1/3 loss=0.1831 l2=0.2000 label_smoothing=0.000
D step=3/5 epoch=2/3 loss=0.1815 l2=0.2000 label_smoothing=0.000
D step=3/5 epoch=3/3 loss=0.1837 l2=0.2000 label_smoothing=0.000
D step=4/5 epoch=1/3 loss=0.1617 l2=0.2000 label_smoothing=0.000
D step=4/5 epoch=2/3 loss=0.1615 l2=0.2000 label_smoothing=0.000
D step=4/5 epoch=3/3 loss=0.1613 l2=0.2000 label_smoothing=0.000
D step=5/5 epoch=1/3 loss=0.1645 l2=0.2000 label_smoothing=0.000
D step=5/5 epoch=2/3 loss=0.1670 l2=0.2000 label_smoothing=0.000
D step=5/5 epoch=3/3 loss=0.1657 l2=0.2000 label_smoothing=0.000
ADV epoch=108/200 g_loss=0.0051 d_loss=0.1603 reward=0.0829 reward_var=0.0010 unique=0.1800
D step=1/5 epoch=1/3 loss=0.1703 l2=0.2000 label_smoothing=0.000
D step=1/5 epoch=2/3 loss=0.1654 l2=0.2000 label_smoothing=0.000
D step=1/5 epoch=3/3 loss=0.1653 l2=0.2000 label_smoothing=0.000
D step=2/5 epoch=1/3 loss=0.1756 l2=0.2000 label_smoothing=0.000
D step=2/5 epoch=2/3 loss=0.1733 l2=0.2000 label_smoothing=0.000
D step=2/5 epoch=3/3 loss=0.1772 l2=0.2000 label_smoothing=0.000
D step=3/5 epoch=1/3 loss=0.1618 l2=0.2000 label_smoothing=0.000
D step=3/5 epoch=2/3 loss=0.1638 l2=0.2000 label_smoothing=0.000
D step=3/5 epoch=3/3 loss=0.1619 l2=0.2000 label_smoothing=0.000
D step=4/5 epoch=1/3 loss=0.1812 l2=0.2000 label_smoothing=0.000
D step=4/5 epoch=2/3 loss=0.1654 l2=0.2000 label_smoothing=0.000
D step=4/5 epoch=3/3 loss=0.1500 l2=0.2000 label_smoothing=0.000
D step=5/5 epoch=1/3 loss=0.1651 l2=0.2000 label_smoothing=0.000
D step=5/5 epoch=2/3 loss=0.1614 l2=0.2000 label_smoothing=0.000
D step=5/5 epoch=3/3 loss=0.1604 l2=0.2000 label_smoothing=0.000
ADV epoch=109/200 g_loss=0.0050 d_loss=0.1665 reward=0.0766 reward_var=0.0009 unique=0.1800
D step=1/5 epoch=1/3 loss=0.1777 l2=0.2000 label_smoothing=0.000
D step=1/5 epoch=2/3 loss=0.1785 l2=0.2000 label_smoothing=0.000
D step=1/5 epoch=3/3 loss=0.1767 l2=0.2000 label_smoothing=0.000
D step=2/5 epoch=1/3 loss=0.1663 l2=0.2000 label_smoothing=0.000
D step=2/5 epoch=2/3 loss=0.1680 l2=0.2000 label_smoothing=0.000
D step=2/5 epoch=3/3 loss=0.1676 l2=0.2000 label_smoothing=0.000
D step=3/5 epoch=1/3 loss=0.1800 l2=0.2000 label_smoothing=0.000
D step=3/5 epoch=2/3 loss=0.1830 l2=0.2000 label_smoothing=0.000
D step=3/5 epoch=3/3 loss=0.1812 l2=0.2000 label_smoothing=0.000
D step=4/5 epoch=1/3 loss=0.1641 l2=0.2000 label_smoothing=0.000
D step=4/5 epoch=2/3 loss=0.1627 l2=0.2000 label_smoothing=0.000
D step=4/5 epoch=3/3 loss=0.1661 l2=0.2000 label_smoothing=0.000
D step=5/5 epoch=1/3 loss=0.1656 l2=0.2000 label_smoothing=0.000
D step=5/5 epoch=2/3 loss=0.1659 l2=0.2000 label_smoothing=0.000
D step=5/5 epoch=3/3 loss=0.1633 l2=0.2000 label_smoothing=0.000
ADV epoch=110/200 g_loss=0.0064 d_loss=0.1711 reward=0.0858 reward_var=0.0004 unique=0.1800
D step=1/5 epoch=1/3 loss=0.1795 l2=0.2000 label_smoothing=0.000
D step=1/5 epoch=2/3 loss=0.1770 l2=0.2000 label_smoothing=0.000
D step=1/5 epoch=3/3 loss=0.1755 l2=0.2000 label_smoothing=0.000
D step=2/5 epoch=1/3 loss=0.1805 l2=0.2000 label_smoothing=0.000
D step=2/5 epoch=2/3 loss=0.1836 l2=0.2000 label_smoothing=0.000
D step=2/5 epoch=3/3 loss=0.1809 l2=0.2000 label_smoothing=0.000
D step=3/5 epoch=1/3 loss=0.1881 l2=0.2000 label_smoothing=0.000
D step=3/5 epoch=2/3 loss=0.1853 l2=0.2000 label_smoothing=0.000
D step=3/5 epoch=3/3 loss=0.1877 l2=0.2000 label_smoothing=0.000
D step=4/5 epoch=1/3 loss=0.1756 l2=0.2000 label_smoothing=0.000
D step=4/5 epoch=2/3 loss=0.1749 l2=0.2000 label_smoothing=0.000
D step=4/5 epoch=3/3 loss=0.1755 l2=0.2000 label_smoothing=0.000
D step=5/5 epoch=1/3 loss=0.1621 l2=0.2000 label_smoothing=0.000
D step=5/5 epoch=2/3 loss=0.1629 l2=0.2000 label_smoothing=0.000
D step=5/5 epoch=3/3 loss=0.1605 l2=0.2000 label_smoothing=0.000
ADV epoch=111/200 g_loss=0.0059 d_loss=0.1766 reward=0.0845 reward_var=0.0012 unique=0.2200
D step=1/5 epoch=1/3 loss=0.1578 l2=0.2000 label_smoothing=0.000
D step=1/5 epoch=2/3 loss=0.1556 l2=0.2000 label_smoothing=0.000
D step=1/5 epoch=3/3 loss=0.1575 l2=0.2000 label_smoothing=0.000
D step=2/5 epoch=1/3 loss=0.1665 l2=0.2000 label_smoothing=0.000
D step=2/5 epoch=2/3 loss=0.1665 l2=0.2000 label_smoothing=0.000
D step=2/5 epoch=3/3 loss=0.1664 l2=0.2000 label_smoothing=0.000
D step=3/5 epoch=1/3 loss=0.1480 l2=0.2000 label_smoothing=0.000
D step=3/5 epoch=2/3 loss=0.1498 l2=0.2000 label_smoothing=0.000
D step=3/5 epoch=3/3 loss=0.1462 l2=0.2000 label_smoothing=0.000
D step=4/5 epoch=1/3 loss=0.1553 l2=0.2000 label_smoothing=0.000
D step=4/5 epoch=2/3 loss=0.1513 l2=0.2000 label_smoothing=0.000
D step=4/5 epoch=3/3 loss=0.1545 l2=0.2000 label_smoothing=0.000
D step=5/5 epoch=1/3 loss=0.1551 l2=0.2000 label_smoothing=0.000
D step=5/5 epoch=2/3 loss=0.1559 l2=0.2000 label_smoothing=0.000
D step=5/5 epoch=3/3 loss=0.1536 l2=0.2000 label_smoothing=0.000
ADV epoch=112/200 g_loss=0.0055 d_loss=0.1560 reward=0.0940 reward_var=0.0008 unique=0.2400
D step=1/5 epoch=1/3 loss=0.1625 l2=0.2000 label_smoothing=0.000
D step=1/5 epoch=2/3 loss=0.1577 l2=0.2000 label_smoothing=0.000
D step=1/5 epoch=3/3 loss=0.1558 l2=0.2000 label_smoothing=0.000
D step=2/5 epoch=1/3 loss=0.1773 l2=0.2000 label_smoothing=0.000
D step=2/5 epoch=2/3 loss=0.1705 l2=0.2000 label_smoothing=0.000
D step=2/5 epoch=3/3 loss=0.1761 l2=0.2000 label_smoothing=0.000
D step=3/5 epoch=1/3 loss=0.1772 l2=0.2000 label_smoothing=0.000
D step=3/5 epoch=2/3 loss=0.1747 l2=0.2000 label_smoothing=0.000
D step=3/5 epoch=3/3 loss=0.1748 l2=0.2000 label_smoothing=0.000
D step=4/5 epoch=1/3 loss=0.2040 l2=0.2000 label_smoothing=0.000
D step=4/5 epoch=2/3 loss=0.1850 l2=0.2000 label_smoothing=0.000
D step=4/5 epoch=3/3 loss=0.1820 l2=0.2000 label_smoothing=0.000
D step=5/5 epoch=1/3 loss=0.1757 l2=0.2000 label_smoothing=0.000
D step=5/5 epoch=2/3 loss=0.1778 l2=0.2000 label_smoothing=0.000
D step=5/5 epoch=3/3 loss=0.1773 l2=0.2000 label_smoothing=0.000
ADV epoch=113/200 g_loss=0.0055 d_loss=0.1752 reward=0.0860 reward_var=0.0003 unique=0.1800
D step=1/5 epoch=1/3 loss=0.1638 l2=0.2000 label_smoothing=0.000
D step=1/5 epoch=2/3 loss=0.1591 l2=0.2000 label_smoothing=0.000
D step=1/5 epoch=3/3 loss=0.1629 l2=0.2000 label_smoothing=0.000
D step=2/5 epoch=1/3 loss=0.1635 l2=0.2000 label_smoothing=0.000
D step=2/5 epoch=2/3 loss=0.1651 l2=0.2000 label_smoothing=0.000
D step=2/5 epoch=3/3 loss=0.1667 l2=0.2000 label_smoothing=0.000
D step=3/5 epoch=1/3 loss=0.1756 l2=0.2000 label_smoothing=0.000
D step=3/5 epoch=2/3 loss=0.1759 l2=0.2000 label_smoothing=0.000
D step=3/5 epoch=3/3 loss=0.1752 l2=0.2000 label_smoothing=0.000
D step=4/5 epoch=1/3 loss=0.1660 l2=0.2000 label_smoothing=0.000
D step=4/5 epoch=2/3 loss=0.1633 l2=0.2000 label_smoothing=0.000
D step=4/5 epoch=3/3 loss=0.1638 l2=0.2000 label_smoothing=0.000
D step=5/5 epoch=1/3 loss=0.1567 l2=0.2000 label_smoothing=0.000
D step=5/5 epoch=2/3 loss=0.1552 l2=0.2000 label_smoothing=0.000
D step=5/5 epoch=3/3 loss=0.1540 l2=0.2000 label_smoothing=0.000
ADV epoch=114/200 g_loss=0.0051 d_loss=0.1645 reward=0.0955 reward_var=0.0006 unique=0.2000
D step=1/5 epoch=1/3 loss=0.1705 l2=0.2000 label_smoothing=0.000
D step=1/5 epoch=2/3 loss=0.1670 l2=0.2000 label_smoothing=0.000
D step=1/5 epoch=3/3 loss=0.1695 l2=0.2000 label_smoothing=0.000
D step=2/5 epoch=1/3 loss=0.2071 l2=0.2000 label_smoothing=0.000
D step=2/5 epoch=2/3 loss=0.1783 l2=0.2000 label_smoothing=0.000
D step=2/5 epoch=3/3 loss=0.1752 l2=0.2000 label_smoothing=0.000
D step=3/5 epoch=1/3 loss=0.1369 l2=0.2000 label_smoothing=0.000
D step=3/5 epoch=2/3 loss=0.1375 l2=0.2000 label_smoothing=0.000
D step=3/5 epoch=3/3 loss=0.1382 l2=0.2000 label_smoothing=0.000
D step=4/5 epoch=1/3 loss=0.1659 l2=0.2000 label_smoothing=0.000
D step=4/5 epoch=2/3 loss=0.1666 l2=0.2000 label_smoothing=0.000
D step=4/5 epoch=3/3 loss=0.1660 l2=0.2000 label_smoothing=0.000
D step=5/5 epoch=1/3 loss=0.1486 l2=0.2000 label_smoothing=0.000
D step=5/5 epoch=2/3 loss=0.1498 l2=0.2000 label_smoothing=0.000
D step=5/5 epoch=3/3 loss=0.1480 l2=0.2000 label_smoothing=0.000
ADV epoch=115/200 g_loss=0.0057 d_loss=0.1617 reward=0.0830 reward_var=0.0007 unique=0.1800
D step=1/5 epoch=1/3 loss=0.1647 l2=0.2000 label_smoothing=0.000
D step=1/5 epoch=2/3 loss=0.1669 l2=0.2000 label_smoothing=0.000
D step=1/5 epoch=3/3 loss=0.1679 l2=0.2000 label_smoothing=0.000
D step=2/5 epoch=1/3 loss=0.1871 l2=0.2000 label_smoothing=0.000
D step=2/5 epoch=2/3 loss=0.1857 l2=0.2000 label_smoothing=0.000
D step=2/5 epoch=3/3 loss=0.1831 l2=0.2000 label_smoothing=0.000
D step=3/5 epoch=1/3 loss=0.1746 l2=0.2000 label_smoothing=0.000
D step=3/5 epoch=2/3 loss=0.1755 l2=0.2000 label_smoothing=0.000
D step=3/5 epoch=3/3 loss=0.1739 l2=0.2000 label_smoothing=0.000
D step=4/5 epoch=1/3 loss=0.1650 l2=0.2000 label_smoothing=0.000
D step=4/5 epoch=2/3 loss=0.1657 l2=0.2000 label_smoothing=0.000
D step=4/5 epoch=3/3 loss=0.1692 l2=0.2000 label_smoothing=0.000
D step=5/5 epoch=1/3 loss=0.1650 l2=0.2000 label_smoothing=0.000
D step=5/5 epoch=2/3 loss=0.1650 l2=0.2000 label_smoothing=0.000
D step=5/5 epoch=3/3 loss=0.1651 l2=0.2000 label_smoothing=0.000
ADV epoch=116/200 g_loss=0.0048 d_loss=0.1716 reward=0.0846 reward_var=0.0004 unique=0.2000
D step=1/5 epoch=1/3 loss=0.1923 l2=0.2000 label_smoothing=0.000
D step=1/5 epoch=2/3 loss=0.1885 l2=0.2000 label_smoothing=0.000
D step=1/5 epoch=3/3 loss=0.1880 l2=0.2000 label_smoothing=0.000
D step=2/5 epoch=1/3 loss=0.1719 l2=0.2000 label_smoothing=0.000
D step=2/5 epoch=2/3 loss=0.1719 l2=0.2000 label_smoothing=0.000
D step=2/5 epoch=3/3 loss=0.1660 l2=0.2000 label_smoothing=0.000
D step=3/5 epoch=1/3 loss=0.1553 l2=0.2000 label_smoothing=0.000
D step=3/5 epoch=2/3 loss=0.1531 l2=0.2000 label_smoothing=0.000
D step=3/5 epoch=3/3 loss=0.1554 l2=0.2000 label_smoothing=0.000
D step=4/5 epoch=1/3 loss=0.1831 l2=0.2000 label_smoothing=0.000
D step=4/5 epoch=2/3 loss=0.1786 l2=0.2000 label_smoothing=0.000
D step=4/5 epoch=3/3 loss=0.1860 l2=0.2000 label_smoothing=0.000
D step=5/5 epoch=1/3 loss=0.1742 l2=0.2000 label_smoothing=0.000
D step=5/5 epoch=2/3 loss=0.1732 l2=0.2000 label_smoothing=0.000
D step=5/5 epoch=3/3 loss=0.1763 l2=0.2000 label_smoothing=0.000
ADV epoch=117/200 g_loss=0.0051 d_loss=0.1743 reward=0.0892 reward_var=0.0004 unique=0.1600
D step=1/5 epoch=1/3 loss=0.1670 l2=0.2000 label_smoothing=0.000
D step=1/5 epoch=2/3 loss=0.1735 l2=0.2000 label_smoothing=0.000
D step=1/5 epoch=3/3 loss=0.1688 l2=0.2000 label_smoothing=0.000
D step=2/5 epoch=1/3 loss=0.1583 l2=0.2000 label_smoothing=0.000
D step=2/5 epoch=2/3 loss=0.1574 l2=0.2000 label_smoothing=0.000
D step=2/5 epoch=3/3 loss=0.1571 l2=0.2000 label_smoothing=0.000
D step=3/5 epoch=1/3 loss=0.2113 l2=0.2000 label_smoothing=0.000
D step=3/5 epoch=2/3 loss=0.1758 l2=0.2000 label_smoothing=0.000
D step=3/5 epoch=3/3 loss=0.1591 l2=0.2000 label_smoothing=0.000
D step=4/5 epoch=1/3 loss=0.1771 l2=0.2000 label_smoothing=0.000
D step=4/5 epoch=2/3 loss=0.1781 l2=0.2000 label_smoothing=0.000
D step=4/5 epoch=3/3 loss=0.1772 l2=0.2000 label_smoothing=0.000
D step=5/5 epoch=1/3 loss=0.1756 l2=0.2000 label_smoothing=0.000
D step=5/5 epoch=2/3 loss=0.1751 l2=0.2000 label_smoothing=0.000
D step=5/5 epoch=3/3 loss=0.1721 l2=0.2000 label_smoothing=0.000
ADV epoch=118/200 g_loss=0.0055 d_loss=0.1722 reward=0.0936 reward_var=0.0008 unique=0.2000
D step=1/5 epoch=1/3 loss=0.1482 l2=0.2000 label_smoothing=0.000
D step=1/5 epoch=2/3 loss=0.1514 l2=0.2000 label_smoothing=0.000
D step=1/5 epoch=3/3 loss=0.1534 l2=0.2000 label_smoothing=0.000
D step=2/5 epoch=1/3 loss=0.1783 l2=0.2000 label_smoothing=0.000
D step=2/5 epoch=2/3 loss=0.1746 l2=0.2000 label_smoothing=0.000
D step=2/5 epoch=3/3 loss=0.1731 l2=0.2000 label_smoothing=0.000
D step=3/5 epoch=1/3 loss=0.1525 l2=0.2000 label_smoothing=0.000
D step=3/5 epoch=2/3 loss=0.1523 l2=0.2000 label_smoothing=0.000
D step=3/5 epoch=3/3 loss=0.1546 l2=0.2000 label_smoothing=0.000
D step=4/5 epoch=1/3 loss=0.1671 l2=0.2000 label_smoothing=0.000
D step=4/5 epoch=2/3 loss=0.1645 l2=0.2000 label_smoothing=0.000
D step=4/5 epoch=3/3 loss=0.1656 l2=0.2000 label_smoothing=0.000
D step=5/5 epoch=1/3 loss=0.1849 l2=0.2000 label_smoothing=0.000
D step=5/5 epoch=2/3 loss=0.1879 l2=0.2000 label_smoothing=0.000
D step=5/5 epoch=3/3 loss=0.1833 l2=0.2000 label_smoothing=0.000
ADV epoch=119/200 g_loss=0.0056 d_loss=0.1661 reward=0.0941 reward_var=0.0008 unique=0.1200
D step=1/5 epoch=1/3 loss=0.1456 l2=0.2000 label_smoothing=0.000
D step=1/5 epoch=2/3 loss=0.1415 l2=0.2000 label_smoothing=0.000
D step=1/5 epoch=3/3 loss=0.1379 l2=0.2000 label_smoothing=0.000
D step=2/5 epoch=1/3 loss=0.1548 l2=0.2000 label_smoothing=0.000
D step=2/5 epoch=2/3 loss=0.1525 l2=0.2000 label_smoothing=0.000
D step=2/5 epoch=3/3 loss=0.1543 l2=0.2000 label_smoothing=0.000
D step=3/5 epoch=1/3 loss=0.1422 l2=0.2000 label_smoothing=0.000
D step=3/5 epoch=2/3 loss=0.1382 l2=0.2000 label_smoothing=0.000
D step=3/5 epoch=3/3 loss=0.1354 l2=0.2000 label_smoothing=0.000
D step=4/5 epoch=1/3 loss=0.1681 l2=0.2000 label_smoothing=0.000
D step=4/5 epoch=2/3 loss=0.1656 l2=0.2000 label_smoothing=0.000
D step=4/5 epoch=3/3 loss=0.1664 l2=0.2000 label_smoothing=0.000
D step=5/5 epoch=1/3 loss=0.1726 l2=0.2000 label_smoothing=0.000
D step=5/5 epoch=2/3 loss=0.1770 l2=0.2000 label_smoothing=0.000
D step=5/5 epoch=3/3 loss=0.1715 l2=0.2000 label_smoothing=0.000
ADV epoch=120/200 g_loss=0.0070 d_loss=0.1549 reward=0.1184 reward_var=0.0007 unique=0.2000
D step=1/5 epoch=1/3 loss=0.1967 l2=0.2000 label_smoothing=0.000
D step=1/5 epoch=2/3 loss=0.1678 l2=0.2000 label_smoothing=0.000
D step=1/5 epoch=3/3 loss=0.1646 l2=0.2000 label_smoothing=0.000
D step=2/5 epoch=1/3 loss=0.1950 l2=0.2000 label_smoothing=0.000
D step=2/5 epoch=2/3 loss=0.1847 l2=0.2000 label_smoothing=0.000
D step=2/5 epoch=3/3 loss=0.1860 l2=0.2000 label_smoothing=0.000
D step=3/5 epoch=1/3 loss=0.1621 l2=0.2000 label_smoothing=0.000
D step=3/5 epoch=2/3 loss=0.1612 l2=0.2000 label_smoothing=0.000
D step=3/5 epoch=3/3 loss=0.1593 l2=0.2000 label_smoothing=0.000
D step=4/5 epoch=1/3 loss=0.1676 l2=0.2000 label_smoothing=0.000
D step=4/5 epoch=2/3 loss=0.1695 l2=0.2000 label_smoothing=0.000
D step=4/5 epoch=3/3 loss=0.1700 l2=0.2000 label_smoothing=0.000
D step=5/5 epoch=1/3 loss=0.1664 l2=0.2000 label_smoothing=0.000
D step=5/5 epoch=2/3 loss=0.1646 l2=0.2000 label_smoothing=0.000
D step=5/5 epoch=3/3 loss=0.1695 l2=0.2000 label_smoothing=0.000
ADV epoch=121/200 g_loss=0.0066 d_loss=0.1723 reward=0.1160 reward_var=0.0003 unique=0.1600
D step=1/5 epoch=1/3 loss=0.1651 l2=0.2000 label_smoothing=0.000
D step=1/5 epoch=2/3 loss=0.1607 l2=0.2000 label_smoothing=0.000
D step=1/5 epoch=3/3 loss=0.1614 l2=0.2000 label_smoothing=0.000
D step=2/5 epoch=1/3 loss=0.1526 l2=0.2000 label_smoothing=0.000
D step=2/5 epoch=2/3 loss=0.1545 l2=0.2000 label_smoothing=0.000
D step=2/5 epoch=3/3 loss=0.1533 l2=0.2000 label_smoothing=0.000
D step=3/5 epoch=1/3 loss=0.1737 l2=0.2000 label_smoothing=0.000
D step=3/5 epoch=2/3 loss=0.1714 l2=0.2000 label_smoothing=0.000
D step=3/5 epoch=3/3 loss=0.1717 l2=0.2000 label_smoothing=0.000
D step=4/5 epoch=1/3 loss=0.1776 l2=0.2000 label_smoothing=0.000
D step=4/5 epoch=2/3 loss=0.1838 l2=0.2000 label_smoothing=0.000
D step=4/5 epoch=3/3 loss=0.1832 l2=0.2000 label_smoothing=0.000
D step=5/5 epoch=1/3 loss=0.1702 l2=0.2000 label_smoothing=0.000
D step=5/5 epoch=2/3 loss=0.1550 l2=0.2000 label_smoothing=0.000
D step=5/5 epoch=3/3 loss=0.1477 l2=0.2000 label_smoothing=0.000
ADV epoch=122/200 g_loss=0.0152 d_loss=0.1655 reward=0.0855 reward_var=0.0035 unique=0.2000
D step=1/5 epoch=1/3 loss=0.1857 l2=0.2000 label_smoothing=0.000
D step=1/5 epoch=2/3 loss=0.1810 l2=0.2000 label_smoothing=0.000
D step=1/5 epoch=3/3 loss=0.1803 l2=0.2000 label_smoothing=0.000
D step=2/5 epoch=1/3 loss=0.1669 l2=0.2000 label_smoothing=0.000
D step=2/5 epoch=2/3 loss=0.1602 l2=0.2000 label_smoothing=0.000
D step=2/5 epoch=3/3 loss=0.1623 l2=0.2000 label_smoothing=0.000
D step=3/5 epoch=1/3 loss=0.1819 l2=0.2000 label_smoothing=0.000
D step=3/5 epoch=2/3 loss=0.1833 l2=0.2000 label_smoothing=0.000
D step=3/5 epoch=3/3 loss=0.1812 l2=0.2000 label_smoothing=0.000
D step=4/5 epoch=1/3 loss=0.1769 l2=0.2000 label_smoothing=0.000
D step=4/5 epoch=2/3 loss=0.1745 l2=0.2000 label_smoothing=0.000
D step=4/5 epoch=3/3 loss=0.1753 l2=0.2000 label_smoothing=0.000
D step=5/5 epoch=1/3 loss=0.1493 l2=0.2000 label_smoothing=0.000
D step=5/5 epoch=2/3 loss=0.1499 l2=0.2000 label_smoothing=0.000
D step=5/5 epoch=3/3 loss=0.1475 l2=0.2000 label_smoothing=0.000
ADV epoch=123/200 g_loss=0.0050 d_loss=0.1704 reward=0.0857 reward_var=0.0005 unique=0.2600
D step=1/5 epoch=1/3 loss=0.1741 l2=0.2000 label_smoothing=0.000
D step=1/5 epoch=2/3 loss=0.1742 l2=0.2000 label_smoothing=0.000
D step=1/5 epoch=3/3 loss=0.1743 l2=0.2000 label_smoothing=0.000
D step=2/5 epoch=1/3 loss=0.1767 l2=0.2000 label_smoothing=0.000
D step=2/5 epoch=2/3 loss=0.1729 l2=0.2000 label_smoothing=0.000
D step=2/5 epoch=3/3 loss=0.1720 l2=0.2000 label_smoothing=0.000
D step=3/5 epoch=1/3 loss=0.1512 l2=0.2000 label_smoothing=0.000
D step=3/5 epoch=2/3 loss=0.1491 l2=0.2000 label_smoothing=0.000
D step=3/5 epoch=3/3 loss=0.1468 l2=0.2000 label_smoothing=0.000
D step=4/5 epoch=1/3 loss=0.1452 l2=0.2000 label_smoothing=0.000
D step=4/5 epoch=2/3 loss=0.1471 l2=0.2000 label_smoothing=0.000
D step=4/5 epoch=3/3 loss=0.1488 l2=0.2000 label_smoothing=0.000
D step=5/5 epoch=1/3 loss=0.1401 l2=0.2000 label_smoothing=0.000
D step=5/5 epoch=2/3 loss=0.1369 l2=0.2000 label_smoothing=0.000
D step=5/5 epoch=3/3 loss=0.1356 l2=0.2000 label_smoothing=0.000
ADV epoch=124/200 g_loss=0.0075 d_loss=0.1563 reward=0.0811 reward_var=0.0017 unique=0.1200
D step=1/5 epoch=1/3 loss=0.1773 l2=0.2000 label_smoothing=0.000
D step=1/5 epoch=2/3 loss=0.1745 l2=0.2000 label_smoothing=0.000
D step=1/5 epoch=3/3 loss=0.1754 l2=0.2000 label_smoothing=0.000
D step=2/5 epoch=1/3 loss=0.1791 l2=0.2000 label_smoothing=0.000
D step=2/5 epoch=2/3 loss=0.1840 l2=0.2000 label_smoothing=0.000
D step=2/5 epoch=3/3 loss=0.1811 l2=0.2000 label_smoothing=0.000
D step=3/5 epoch=1/3 loss=0.1905 l2=0.2000 label_smoothing=0.000
D step=3/5 epoch=2/3 loss=0.1899 l2=0.2000 label_smoothing=0.000
D step=3/5 epoch=3/3 loss=0.1902 l2=0.2000 label_smoothing=0.000
D step=4/5 epoch=1/3 loss=0.1775 l2=0.2000 label_smoothing=0.000
D step=4/5 epoch=2/3 loss=0.1723 l2=0.2000 label_smoothing=0.000
D step=4/5 epoch=3/3 loss=0.1775 l2=0.2000 label_smoothing=0.000
D step=5/5 epoch=1/3 loss=0.1610 l2=0.2000 label_smoothing=0.000
D step=5/5 epoch=2/3 loss=0.1613 l2=0.2000 label_smoothing=0.000
D step=5/5 epoch=3/3 loss=0.1584 l2=0.2000 label_smoothing=0.000
ADV epoch=125/200 g_loss=0.0037 d_loss=0.1767 reward=0.0719 reward_var=0.0003 unique=0.1800
D step=1/5 epoch=1/3 loss=0.1553 l2=0.2000 label_smoothing=0.000
D step=1/5 epoch=2/3 loss=0.1564 l2=0.2000 label_smoothing=0.000
D step=1/5 epoch=3/3 loss=0.1515 l2=0.2000 label_smoothing=0.000
D step=2/5 epoch=1/3 loss=0.1597 l2=0.2000 label_smoothing=0.000
D step=2/5 epoch=2/3 loss=0.1550 l2=0.2000 label_smoothing=0.000
D step=2/5 epoch=3/3 loss=0.1550 l2=0.2000 label_smoothing=0.000
D step=3/5 epoch=1/3 loss=0.1724 l2=0.2000 label_smoothing=0.000
D step=3/5 epoch=2/3 loss=0.1725 l2=0.2000 label_smoothing=0.000
D step=3/5 epoch=3/3 loss=0.1676 l2=0.2000 label_smoothing=0.000
D step=4/5 epoch=1/3 loss=0.1697 l2=0.2000 label_smoothing=0.000
D step=4/5 epoch=2/3 loss=0.1711 l2=0.2000 label_smoothing=0.000
D step=4/5 epoch=3/3 loss=0.1679 l2=0.2000 label_smoothing=0.000
D step=5/5 epoch=1/3 loss=0.1649 l2=0.2000 label_smoothing=0.000
D step=5/5 epoch=2/3 loss=0.1677 l2=0.2000 label_smoothing=0.000
D step=5/5 epoch=3/3 loss=0.1659 l2=0.2000 label_smoothing=0.000
ADV epoch=126/200 g_loss=0.0060 d_loss=0.1635 reward=0.0903 reward_var=0.0005 unique=0.1000
D step=1/5 epoch=1/3 loss=0.1665 l2=0.2000 label_smoothing=0.000
D step=1/5 epoch=2/3 loss=0.1673 l2=0.2000 label_smoothing=0.000
D step=1/5 epoch=3/3 loss=0.1649 l2=0.2000 label_smoothing=0.000
D step=2/5 epoch=1/3 loss=0.1662 l2=0.2000 label_smoothing=0.000
D step=2/5 epoch=2/3 loss=0.1647 l2=0.2000 label_smoothing=0.000
D step=2/5 epoch=3/3 loss=0.1635 l2=0.2000 label_smoothing=0.000
D step=3/5 epoch=1/3 loss=0.1626 l2=0.2000 label_smoothing=0.000
D step=3/5 epoch=2/3 loss=0.1635 l2=0.2000 label_smoothing=0.000
D step=3/5 epoch=3/3 loss=0.1638 l2=0.2000 label_smoothing=0.000
D step=4/5 epoch=1/3 loss=0.1856 l2=0.2000 label_smoothing=0.000
D step=4/5 epoch=2/3 loss=0.1865 l2=0.2000 label_smoothing=0.000
D step=4/5 epoch=3/3 loss=0.1853 l2=0.2000 label_smoothing=0.000
D step=5/5 epoch=1/3 loss=0.1888 l2=0.2000 label_smoothing=0.000
D step=5/5 epoch=2/3 loss=0.1703 l2=0.2000 label_smoothing=0.000
D step=5/5 epoch=3/3 loss=0.1742 l2=0.2000 label_smoothing=0.000
ADV epoch=127/200 g_loss=0.0055 d_loss=0.1716 reward=0.0892 reward_var=0.0006 unique=0.1400
D step=1/5 epoch=1/3 loss=0.1677 l2=0.2000 label_smoothing=0.000
D step=1/5 epoch=2/3 loss=0.1662 l2=0.2000 label_smoothing=0.000
D step=1/5 epoch=3/3 loss=0.1622 l2=0.2000 label_smoothing=0.000
D step=2/5 epoch=1/3 loss=0.1838 l2=0.2000 label_smoothing=0.000
D step=2/5 epoch=2/3 loss=0.1868 l2=0.2000 label_smoothing=0.000
D step=2/5 epoch=3/3 loss=0.1824 l2=0.2000 label_smoothing=0.000
D step=3/5 epoch=1/3 loss=0.1642 l2=0.2000 label_smoothing=0.000
D step=3/5 epoch=2/3 loss=0.1639 l2=0.2000 label_smoothing=0.000
D step=3/5 epoch=3/3 loss=0.1601 l2=0.2000 label_smoothing=0.000
D step=4/5 epoch=1/3 loss=0.1736 l2=0.2000 label_smoothing=0.000
D step=4/5 epoch=2/3 loss=0.1749 l2=0.2000 label_smoothing=0.000
D step=4/5 epoch=3/3 loss=0.1760 l2=0.2000 label_smoothing=0.000
D step=5/5 epoch=1/3 loss=0.1842 l2=0.2000 label_smoothing=0.000
D step=5/5 epoch=2/3 loss=0.1602 l2=0.2000 label_smoothing=0.000
D step=5/5 epoch=3/3 loss=0.1568 l2=0.2000 label_smoothing=0.000
ADV epoch=128/200 g_loss=0.0076 d_loss=0.1709 reward=0.0993 reward_var=0.0008 unique=0.1600
D step=1/5 epoch=1/3 loss=0.1579 l2=0.2000 label_smoothing=0.000
D step=1/5 epoch=2/3 loss=0.1492 l2=0.2000 label_smoothing=0.000
D step=1/5 epoch=3/3 loss=0.1567 l2=0.2000 label_smoothing=0.000
D step=2/5 epoch=1/3 loss=0.1480 l2=0.2000 label_smoothing=0.000
D step=2/5 epoch=2/3 loss=0.1496 l2=0.2000 label_smoothing=0.000
D step=2/5 epoch=3/3 loss=0.1495 l2=0.2000 label_smoothing=0.000
D step=3/5 epoch=1/3 loss=0.1656 l2=0.2000 label_smoothing=0.000
D step=3/5 epoch=2/3 loss=0.1630 l2=0.2000 label_smoothing=0.000
D step=3/5 epoch=3/3 loss=0.1650 l2=0.2000 label_smoothing=0.000
D step=4/5 epoch=1/3 loss=0.1927 l2=0.2000 label_smoothing=0.000
D step=4/5 epoch=2/3 loss=0.1935 l2=0.2000 label_smoothing=0.000
D step=4/5 epoch=3/3 loss=0.1911 l2=0.2000 label_smoothing=0.000
D step=5/5 epoch=1/3 loss=0.1676 l2=0.2000 label_smoothing=0.000
D step=5/5 epoch=2/3 loss=0.1647 l2=0.2000 label_smoothing=0.000
D step=5/5 epoch=3/3 loss=0.1676 l2=0.2000 label_smoothing=0.000
ADV epoch=129/200 g_loss=0.0068 d_loss=0.1655 reward=0.1038 reward_var=0.0009 unique=0.1000
D step=1/5 epoch=1/3 loss=0.1725 l2=0.2000 label_smoothing=0.000
D step=1/5 epoch=2/3 loss=0.1650 l2=0.2000 label_smoothing=0.000
D step=1/5 epoch=3/3 loss=0.1628 l2=0.2000 label_smoothing=0.000
D step=2/5 epoch=1/3 loss=0.1591 l2=0.2000 label_smoothing=0.000
D step=2/5 epoch=2/3 loss=0.1572 l2=0.2000 label_smoothing=0.000
D step=2/5 epoch=3/3 loss=0.1609 l2=0.2000 label_smoothing=0.000
D step=3/5 epoch=1/3 loss=0.1856 l2=0.2000 label_smoothing=0.000
D step=3/5 epoch=2/3 loss=0.1869 l2=0.2000 label_smoothing=0.000
D step=3/5 epoch=3/3 loss=0.1819 l2=0.2000 label_smoothing=0.000
D step=4/5 epoch=1/3 loss=0.1745 l2=0.2000 label_smoothing=0.000
D step=4/5 epoch=2/3 loss=0.1760 l2=0.2000 label_smoothing=0.000
D step=4/5 epoch=3/3 loss=0.1771 l2=0.2000 label_smoothing=0.000
D step=5/5 epoch=1/3 loss=0.1724 l2=0.2000 label_smoothing=0.000
D step=5/5 epoch=2/3 loss=0.1778 l2=0.2000 label_smoothing=0.000
D step=5/5 epoch=3/3 loss=0.1733 l2=0.2000 label_smoothing=0.000
ADV epoch=130/200 g_loss=0.0068 d_loss=0.1722 reward=0.0890 reward_var=0.0018 unique=0.1600
D step=1/5 epoch=1/3 loss=0.1586 l2=0.2000 label_smoothing=0.000
D step=1/5 epoch=2/3 loss=0.1570 l2=0.2000 label_smoothing=0.000
D step=1/5 epoch=3/3 loss=0.1540 l2=0.2000 label_smoothing=0.000
D step=2/5 epoch=1/3 loss=0.1943 l2=0.2000 label_smoothing=0.000
D step=2/5 epoch=2/3 loss=0.1970 l2=0.2000 label_smoothing=0.000
D step=2/5 epoch=3/3 loss=0.1943 l2=0.2000 label_smoothing=0.000
D step=3/5 epoch=1/3 loss=0.1747 l2=0.2000 label_smoothing=0.000
D step=3/5 epoch=2/3 loss=0.1760 l2=0.2000 label_smoothing=0.000
D step=3/5 epoch=3/3 loss=0.1767 l2=0.2000 label_smoothing=0.000
D step=4/5 epoch=1/3 loss=0.1497 l2=0.2000 label_smoothing=0.000
D step=4/5 epoch=2/3 loss=0.1486 l2=0.2000 label_smoothing=0.000
D step=4/5 epoch=3/3 loss=0.1476 l2=0.2000 label_smoothing=0.000
D step=5/5 epoch=1/3 loss=0.1333 l2=0.2000 label_smoothing=0.000
D step=5/5 epoch=2/3 loss=0.1370 l2=0.2000 label_smoothing=0.000
D step=5/5 epoch=3/3 loss=0.1331 l2=0.2000 label_smoothing=0.000
ADV epoch=131/200 g_loss=0.0077 d_loss=0.1621 reward=0.1051 reward_var=0.0014 unique=0.2200
D step=1/5 epoch=1/3 loss=0.1788 l2=0.2000 label_smoothing=0.000
D step=1/5 epoch=2/3 loss=0.1763 l2=0.2000 label_smoothing=0.000
D step=1/5 epoch=3/3 loss=0.1781 l2=0.2000 label_smoothing=0.000
D step=2/5 epoch=1/3 loss=0.1566 l2=0.2000 label_smoothing=0.000
D step=2/5 epoch=2/3 loss=0.1594 l2=0.2000 label_smoothing=0.000
D step=2/5 epoch=3/3 loss=0.1534 l2=0.2000 label_smoothing=0.000
D step=3/5 epoch=1/3 loss=0.1860 l2=0.2000 label_smoothing=0.000
D step=3/5 epoch=2/3 loss=0.1852 l2=0.2000 label_smoothing=0.000
D step=3/5 epoch=3/3 loss=0.1823 l2=0.2000 label_smoothing=0.000
D step=4/5 epoch=1/3 loss=0.1460 l2=0.2000 label_smoothing=0.000
D step=4/5 epoch=2/3 loss=0.1443 l2=0.2000 label_smoothing=0.000
D step=4/5 epoch=3/3 loss=0.1412 l2=0.2000 label_smoothing=0.000
D step=5/5 epoch=1/3 loss=0.1817 l2=0.2000 label_smoothing=0.000
D step=5/5 epoch=2/3 loss=0.1810 l2=0.2000 label_smoothing=0.000
D step=5/5 epoch=3/3 loss=0.1724 l2=0.2000 label_smoothing=0.000
ADV epoch=132/200 g_loss=0.0042 d_loss=0.1682 reward=0.0700 reward_var=0.0006 unique=0.1800
D step=1/5 epoch=1/3 loss=0.1565 l2=0.2000 label_smoothing=0.000
D step=1/5 epoch=2/3 loss=0.1567 l2=0.2000 label_smoothing=0.000
D step=1/5 epoch=3/3 loss=0.1600 l2=0.2000 label_smoothing=0.000
D step=2/5 epoch=1/3 loss=0.1680 l2=0.2000 label_smoothing=0.000
D step=2/5 epoch=2/3 loss=0.1641 l2=0.2000 label_smoothing=0.000
D step=2/5 epoch=3/3 loss=0.1615 l2=0.2000 label_smoothing=0.000
D step=3/5 epoch=1/3 loss=0.1657 l2=0.2000 label_smoothing=0.000
D step=3/5 epoch=2/3 loss=0.1683 l2=0.2000 label_smoothing=0.000
D step=3/5 epoch=3/3 loss=0.1686 l2=0.2000 label_smoothing=0.000
D step=4/5 epoch=1/3 loss=0.2188 l2=0.2000 label_smoothing=0.000
D step=4/5 epoch=2/3 loss=0.1725 l2=0.2000 label_smoothing=0.000
D step=4/5 epoch=3/3 loss=0.1693 l2=0.2000 label_smoothing=0.000
D step=5/5 epoch=1/3 loss=0.1593 l2=0.2000 label_smoothing=0.000
D step=5/5 epoch=2/3 loss=0.1532 l2=0.2000 label_smoothing=0.000
D step=5/5 epoch=3/3 loss=0.1556 l2=0.2000 label_smoothing=0.000
ADV epoch=133/200 g_loss=0.0056 d_loss=0.1665 reward=0.0882 reward_var=0.0005 unique=0.1800
D step=1/5 epoch=1/3 loss=0.1794 l2=0.2000 label_smoothing=0.000
D step=1/5 epoch=2/3 loss=0.1777 l2=0.2000 label_smoothing=0.000
D step=1/5 epoch=3/3 loss=0.1734 l2=0.2000 label_smoothing=0.000
D step=2/5 epoch=1/3 loss=0.1613 l2=0.2000 label_smoothing=0.000
D step=2/5 epoch=2/3 loss=0.1618 l2=0.2000 label_smoothing=0.000
D step=2/5 epoch=3/3 loss=0.1608 l2=0.2000 label_smoothing=0.000
D step=3/5 epoch=1/3 loss=0.1658 l2=0.2000 label_smoothing=0.000
D step=3/5 epoch=2/3 loss=0.1660 l2=0.2000 label_smoothing=0.000
D step=3/5 epoch=3/3 loss=0.1677 l2=0.2000 label_smoothing=0.000
D step=4/5 epoch=1/3 loss=0.1828 l2=0.2000 label_smoothing=0.000
D step=4/5 epoch=2/3 loss=0.1805 l2=0.2000 label_smoothing=0.000
D step=4/5 epoch=3/3 loss=0.1839 l2=0.2000 label_smoothing=0.000
D step=5/5 epoch=1/3 loss=0.1843 l2=0.2000 label_smoothing=0.000
D step=5/5 epoch=2/3 loss=0.1869 l2=0.2000 label_smoothing=0.000
D step=5/5 epoch=3/3 loss=0.1865 l2=0.2000 label_smoothing=0.000
ADV epoch=134/200 g_loss=0.0045 d_loss=0.1746 reward=0.0809 reward_var=0.0003 unique=0.1200
D step=1/5 epoch=1/3 loss=0.1592 l2=0.2000 label_smoothing=0.000
D step=1/5 epoch=2/3 loss=0.1625 l2=0.2000 label_smoothing=0.000
D step=1/5 epoch=3/3 loss=0.1581 l2=0.2000 label_smoothing=0.000
D step=2/5 epoch=1/3 loss=0.2075 l2=0.2000 label_smoothing=0.000
D step=2/5 epoch=2/3 loss=0.1948 l2=0.2000 label_smoothing=0.000
D step=2/5 epoch=3/3 loss=0.1733 l2=0.2000 label_smoothing=0.000
D step=3/5 epoch=1/3 loss=0.1760 l2=0.2000 label_smoothing=0.000
D step=3/5 epoch=2/3 loss=0.1657 l2=0.2000 label_smoothing=0.000
D step=3/5 epoch=3/3 loss=0.1676 l2=0.2000 label_smoothing=0.000
D step=4/5 epoch=1/3 loss=0.1774 l2=0.2000 label_smoothing=0.000
D step=4/5 epoch=2/3 loss=0.1746 l2=0.2000 label_smoothing=0.000
D step=4/5 epoch=3/3 loss=0.1768 l2=0.2000 label_smoothing=0.000
D step=5/5 epoch=1/3 loss=0.1788 l2=0.2000 label_smoothing=0.000
D step=5/5 epoch=2/3 loss=0.1761 l2=0.2000 label_smoothing=0.000
D step=5/5 epoch=3/3 loss=0.1791 l2=0.2000 label_smoothing=0.000
ADV epoch=135/200 g_loss=0.0054 d_loss=0.1751 reward=0.1117 reward_var=0.0010 unique=0.1800
D step=1/5 epoch=1/3 loss=0.1753 l2=0.2000 label_smoothing=0.000
D step=1/5 epoch=2/3 loss=0.1745 l2=0.2000 label_smoothing=0.000
D step=1/5 epoch=3/3 loss=0.1709 l2=0.2000 label_smoothing=0.000
D step=2/5 epoch=1/3 loss=0.1690 l2=0.2000 label_smoothing=0.000
D step=2/5 epoch=2/3 loss=0.1631 l2=0.2000 label_smoothing=0.000
D step=2/5 epoch=3/3 loss=0.1632 l2=0.2000 label_smoothing=0.000
D step=3/5 epoch=1/3 loss=0.1479 l2=0.2000 label_smoothing=0.000
D step=3/5 epoch=2/3 loss=0.1475 l2=0.2000 label_smoothing=0.000
D step=3/5 epoch=3/3 loss=0.1473 l2=0.2000 label_smoothing=0.000
D step=4/5 epoch=1/3 loss=0.1807 l2=0.2000 label_smoothing=0.000
D step=4/5 epoch=2/3 loss=0.1793 l2=0.2000 label_smoothing=0.000
D step=4/5 epoch=3/3 loss=0.1785 l2=0.2000 label_smoothing=0.000
D step=5/5 epoch=1/3 loss=0.1690 l2=0.2000 label_smoothing=0.000
D step=5/5 epoch=2/3 loss=0.1686 l2=0.2000 label_smoothing=0.000
D step=5/5 epoch=3/3 loss=0.1671 l2=0.2000 label_smoothing=0.000
ADV epoch=136/200 g_loss=0.0070 d_loss=0.1668 reward=0.1088 reward_var=0.0012 unique=0.1600
D step=1/5 epoch=1/3 loss=0.1620 l2=0.2000 label_smoothing=0.000
D step=1/5 epoch=2/3 loss=0.1570 l2=0.2000 label_smoothing=0.000
D step=1/5 epoch=3/3 loss=0.1587 l2=0.2000 label_smoothing=0.000
D step=2/5 epoch=1/3 loss=0.1751 l2=0.2000 label_smoothing=0.000
D step=2/5 epoch=2/3 loss=0.1747 l2=0.2000 label_smoothing=0.000
D step=2/5 epoch=3/3 loss=0.1751 l2=0.2000 label_smoothing=0.000
D step=3/5 epoch=1/3 loss=0.1732 l2=0.2000 label_smoothing=0.000
D step=3/5 epoch=2/3 loss=0.1750 l2=0.2000 label_smoothing=0.000
D step=3/5 epoch=3/3 loss=0.1744 l2=0.2000 label_smoothing=0.000
D step=4/5 epoch=1/3 loss=0.1550 l2=0.2000 label_smoothing=0.000
D step=4/5 epoch=2/3 loss=0.1518 l2=0.2000 label_smoothing=0.000
D step=4/5 epoch=3/3 loss=0.1558 l2=0.2000 label_smoothing=0.000
D step=5/5 epoch=1/3 loss=0.1482 l2=0.2000 label_smoothing=0.000
D step=5/5 epoch=2/3 loss=0.1497 l2=0.2000 label_smoothing=0.000
D step=5/5 epoch=3/3 loss=0.1488 l2=0.2000 label_smoothing=0.000
ADV epoch=137/200 g_loss=0.0053 d_loss=0.1623 reward=0.0974 reward_var=0.0006 unique=0.2000
D step=1/5 epoch=1/3 loss=0.1719 l2=0.2000 label_smoothing=0.000
D step=1/5 epoch=2/3 loss=0.1657 l2=0.2000 label_smoothing=0.000
D step=1/5 epoch=3/3 loss=0.1650 l2=0.2000 label_smoothing=0.000
D step=2/5 epoch=1/3 loss=0.1621 l2=0.2000 label_smoothing=0.000
D step=2/5 epoch=2/3 loss=0.1410 l2=0.2000 label_smoothing=0.000
D step=2/5 epoch=3/3 loss=0.1402 l2=0.2000 label_smoothing=0.000
D step=3/5 epoch=1/3 loss=0.1986 l2=0.2000 label_smoothing=0.000
D step=3/5 epoch=2/3 loss=0.1954 l2=0.2000 label_smoothing=0.000
D step=3/5 epoch=3/3 loss=0.1921 l2=0.2000 label_smoothing=0.000
D step=4/5 epoch=1/3 loss=0.1910 l2=0.2000 label_smoothing=0.000
D step=4/5 epoch=2/3 loss=0.1924 l2=0.2000 label_smoothing=0.000
D step=4/5 epoch=3/3 loss=0.1916 l2=0.2000 label_smoothing=0.000
D step=5/5 epoch=1/3 loss=0.1697 l2=0.2000 label_smoothing=0.000
D step=5/5 epoch=2/3 loss=0.1703 l2=0.2000 label_smoothing=0.000
D step=5/5 epoch=3/3 loss=0.1703 l2=0.2000 label_smoothing=0.000
ADV epoch=138/200 g_loss=0.0052 d_loss=0.1745 reward=0.0787 reward_var=0.0005 unique=0.1200
D step=1/5 epoch=1/3 loss=0.2523 l2=0.2000 label_smoothing=0.000
D step=1/5 epoch=2/3 loss=0.2318 l2=0.2000 label_smoothing=0.000
D step=1/5 epoch=3/3 loss=0.1882 l2=0.2000 label_smoothing=0.000
D step=2/5 epoch=1/3 loss=0.1639 l2=0.2000 label_smoothing=0.000
D step=2/5 epoch=2/3 loss=0.1606 l2=0.2000 label_smoothing=0.000
D step=2/5 epoch=3/3 loss=0.1594 l2=0.2000 label_smoothing=0.000
D step=3/5 epoch=1/3 loss=0.1930 l2=0.2000 label_smoothing=0.000
D step=3/5 epoch=2/3 loss=0.1911 l2=0.2000 label_smoothing=0.000
D step=3/5 epoch=3/3 loss=0.1913 l2=0.2000 label_smoothing=0.000
D step=4/5 epoch=1/3 loss=0.1903 l2=0.2000 label_smoothing=0.000
D step=4/5 epoch=2/3 loss=0.1915 l2=0.2000 label_smoothing=0.000
D step=4/5 epoch=3/3 loss=0.1902 l2=0.2000 label_smoothing=0.000
D step=5/5 epoch=1/3 loss=0.1792 l2=0.2000 label_smoothing=0.000
D step=5/5 epoch=2/3 loss=0.1725 l2=0.2000 label_smoothing=0.000
D step=5/5 epoch=3/3 loss=0.1780 l2=0.2000 label_smoothing=0.000
ADV epoch=139/200 g_loss=0.0049 d_loss=0.1889 reward=0.0882 reward_var=0.0003 unique=0.0800
D step=1/5 epoch=1/3 loss=0.1631 l2=0.2000 label_smoothing=0.000
D step=1/5 epoch=2/3 loss=0.1628 l2=0.2000 label_smoothing=0.000
D step=1/5 epoch=3/3 loss=0.1615 l2=0.2000 label_smoothing=0.000
D step=2/5 epoch=1/3 loss=0.1727 l2=0.2000 label_smoothing=0.000
D step=2/5 epoch=2/3 loss=0.1719 l2=0.2000 label_smoothing=0.000
D step=2/5 epoch=3/3 loss=0.1724 l2=0.2000 label_smoothing=0.000
D step=3/5 epoch=1/3 loss=0.1527 l2=0.2000 label_smoothing=0.000
D step=3/5 epoch=2/3 loss=0.1530 l2=0.2000 label_smoothing=0.000
D step=3/5 epoch=3/3 loss=0.1490 l2=0.2000 label_smoothing=0.000
D step=4/5 epoch=1/3 loss=0.1558 l2=0.2000 label_smoothing=0.000
D step=4/5 epoch=2/3 loss=0.1534 l2=0.2000 label_smoothing=0.000
D step=4/5 epoch=3/3 loss=0.1559 l2=0.2000 label_smoothing=0.000
D step=5/5 epoch=1/3 loss=0.1811 l2=0.2000 label_smoothing=0.000
D step=5/5 epoch=2/3 loss=0.1572 l2=0.2000 label_smoothing=0.000
D step=5/5 epoch=3/3 loss=0.1565 l2=0.2000 label_smoothing=0.000
ADV epoch=140/200 g_loss=0.0052 d_loss=0.1613 reward=0.0903 reward_var=0.0008 unique=0.1400
D step=1/5 epoch=1/3 loss=0.1728 l2=0.2000 label_smoothing=0.000
D step=1/5 epoch=2/3 loss=0.1704 l2=0.2000 label_smoothing=0.000
D step=1/5 epoch=3/3 loss=0.1724 l2=0.2000 label_smoothing=0.000
D step=2/5 epoch=1/3 loss=0.1828 l2=0.2000 label_smoothing=0.000
D step=2/5 epoch=2/3 loss=0.1830 l2=0.2000 label_smoothing=0.000
D step=2/5 epoch=3/3 loss=0.1814 l2=0.2000 label_smoothing=0.000
D step=3/5 epoch=1/3 loss=0.1928 l2=0.2000 label_smoothing=0.000
D step=3/5 epoch=2/3 loss=0.1946 l2=0.2000 label_smoothing=0.000
D step=3/5 epoch=3/3 loss=0.1936 l2=0.2000 label_smoothing=0.000
D step=4/5 epoch=1/3 loss=0.1671 l2=0.2000 label_smoothing=0.000
D step=4/5 epoch=2/3 loss=0.1638 l2=0.2000 label_smoothing=0.000
D step=4/5 epoch=3/3 loss=0.1646 l2=0.2000 label_smoothing=0.000
D step=5/5 epoch=1/3 loss=0.1668 l2=0.2000 label_smoothing=0.000
D step=5/5 epoch=2/3 loss=0.1691 l2=0.2000 label_smoothing=0.000
D step=5/5 epoch=3/3 loss=0.1657 l2=0.2000 label_smoothing=0.000
ADV epoch=141/200 g_loss=0.0068 d_loss=0.1761 reward=0.0958 reward_var=0.0012 unique=0.0800
D step=1/5 epoch=1/3 loss=0.1634 l2=0.2000 label_smoothing=0.000
D step=1/5 epoch=2/3 loss=0.1656 l2=0.2000 label_smoothing=0.000
D step=1/5 epoch=3/3 loss=0.1686 l2=0.2000 label_smoothing=0.000
D step=2/5 epoch=1/3 loss=0.1623 l2=0.2000 label_smoothing=0.000
D step=2/5 epoch=2/3 loss=0.1636 l2=0.2000 label_smoothing=0.000
D step=2/5 epoch=3/3 loss=0.1587 l2=0.2000 label_smoothing=0.000
D step=3/5 epoch=1/3 loss=0.1895 l2=0.2000 label_smoothing=0.000
D step=3/5 epoch=2/3 loss=0.1777 l2=0.2000 label_smoothing=0.000
D step=3/5 epoch=3/3 loss=0.1745 l2=0.2000 label_smoothing=0.000
D step=4/5 epoch=1/3 loss=0.1590 l2=0.2000 label_smoothing=0.000
D step=4/5 epoch=2/3 loss=0.1564 l2=0.2000 label_smoothing=0.000
D step=4/5 epoch=3/3 loss=0.1568 l2=0.2000 label_smoothing=0.000
D step=5/5 epoch=1/3 loss=0.1745 l2=0.2000 label_smoothing=0.000
D step=5/5 epoch=2/3 loss=0.1763 l2=0.2000 label_smoothing=0.000
D step=5/5 epoch=3/3 loss=0.1741 l2=0.2000 label_smoothing=0.000
ADV epoch=142/200 g_loss=0.0047 d_loss=0.1681 reward=0.0893 reward_var=0.0004 unique=0.1400
D step=1/5 epoch=1/3 loss=0.1760 l2=0.2000 label_smoothing=0.000
D step=1/5 epoch=2/3 loss=0.1768 l2=0.2000 label_smoothing=0.000
D step=1/5 epoch=3/3 loss=0.1711 l2=0.2000 label_smoothing=0.000
D step=2/5 epoch=1/3 loss=0.1839 l2=0.2000 label_smoothing=0.000
D step=2/5 epoch=2/3 loss=0.1603 l2=0.2000 label_smoothing=0.000
D step=2/5 epoch=3/3 loss=0.1624 l2=0.2000 label_smoothing=0.000
D step=3/5 epoch=1/3 loss=0.1670 l2=0.2000 label_smoothing=0.000
D step=3/5 epoch=2/3 loss=0.1698 l2=0.2000 label_smoothing=0.000
D step=3/5 epoch=3/3 loss=0.1646 l2=0.2000 label_smoothing=0.000
D step=4/5 epoch=1/3 loss=0.1735 l2=0.2000 label_smoothing=0.000
D step=4/5 epoch=2/3 loss=0.1743 l2=0.2000 label_smoothing=0.000
D step=4/5 epoch=3/3 loss=0.1714 l2=0.2000 label_smoothing=0.000
D step=5/5 epoch=1/3 loss=0.1439 l2=0.2000 label_smoothing=0.000
D step=5/5 epoch=2/3 loss=0.1407 l2=0.2000 label_smoothing=0.000
D step=5/5 epoch=3/3 loss=0.1392 l2=0.2000 label_smoothing=0.000
ADV epoch=143/200 g_loss=0.0061 d_loss=0.1650 reward=0.1031 reward_var=0.0010 unique=0.1600
D step=1/5 epoch=1/3 loss=0.1782 l2=0.2000 label_smoothing=0.000
D step=1/5 epoch=2/3 loss=0.1744 l2=0.2000 label_smoothing=0.000
D step=1/5 epoch=3/3 loss=0.1688 l2=0.2000 label_smoothing=0.000
D step=2/5 epoch=1/3 loss=0.1931 l2=0.2000 label_smoothing=0.000
D step=2/5 epoch=2/3 loss=0.1934 l2=0.2000 label_smoothing=0.000
D step=2/5 epoch=3/3 loss=0.1942 l2=0.2000 label_smoothing=0.000
D step=3/5 epoch=1/3 loss=0.1731 l2=0.2000 label_smoothing=0.000
D step=3/5 epoch=2/3 loss=0.1702 l2=0.2000 label_smoothing=0.000
D step=3/5 epoch=3/3 loss=0.1702 l2=0.2000 label_smoothing=0.000
D step=4/5 epoch=1/3 loss=0.1897 l2=0.2000 label_smoothing=0.000
D step=4/5 epoch=2/3 loss=0.1893 l2=0.2000 label_smoothing=0.000
D step=4/5 epoch=3/3 loss=0.1897 l2=0.2000 label_smoothing=0.000
D step=5/5 epoch=1/3 loss=0.1537 l2=0.2000 label_smoothing=0.000
D step=5/5 epoch=2/3 loss=0.1547 l2=0.2000 label_smoothing=0.000
D step=5/5 epoch=3/3 loss=0.1549 l2=0.2000 label_smoothing=0.000
ADV epoch=144/200 g_loss=0.0060 d_loss=0.1765 reward=0.0739 reward_var=0.0006 unique=0.1200
D step=1/5 epoch=1/3 loss=0.1818 l2=0.2000 label_smoothing=0.000
D step=1/5 epoch=2/3 loss=0.1778 l2=0.2000 label_smoothing=0.000
D step=1/5 epoch=3/3 loss=0.1788 l2=0.2000 label_smoothing=0.000
D step=2/5 epoch=1/3 loss=0.1601 l2=0.2000 label_smoothing=0.000
D step=2/5 epoch=2/3 loss=0.1558 l2=0.2000 label_smoothing=0.000
D step=2/5 epoch=3/3 loss=0.1583 l2=0.2000 label_smoothing=0.000
D step=3/5 epoch=1/3 loss=0.1841 l2=0.2000 label_smoothing=0.000
D step=3/5 epoch=2/3 loss=0.1846 l2=0.2000 label_smoothing=0.000
D step=3/5 epoch=3/3 loss=0.1861 l2=0.2000 label_smoothing=0.000
D step=4/5 epoch=1/3 loss=0.1717 l2=0.2000 label_smoothing=0.000
D step=4/5 epoch=2/3 loss=0.1690 l2=0.2000 label_smoothing=0.000
D step=4/5 epoch=3/3 loss=0.1669 l2=0.2000 label_smoothing=0.000
D step=5/5 epoch=1/3 loss=0.1703 l2=0.2000 label_smoothing=0.000
D step=5/5 epoch=2/3 loss=0.1568 l2=0.2000 label_smoothing=0.000
D step=5/5 epoch=3/3 loss=0.1579 l2=0.2000 label_smoothing=0.000
ADV epoch=145/200 g_loss=0.0055 d_loss=0.1707 reward=0.0867 reward_var=0.0005 unique=0.1200
D step=1/5 epoch=1/3 loss=0.1913 l2=0.2000 label_smoothing=0.000
D step=1/5 epoch=2/3 loss=0.1889 l2=0.2000 label_smoothing=0.000
D step=1/5 epoch=3/3 loss=0.1851 l2=0.2000 label_smoothing=0.000
D step=2/5 epoch=1/3 loss=0.1574 l2=0.2000 label_smoothing=0.000
D step=2/5 epoch=2/3 loss=0.1581 l2=0.2000 label_smoothing=0.000
D step=2/5 epoch=3/3 loss=0.1603 l2=0.2000 label_smoothing=0.000
D step=3/5 epoch=1/3 loss=0.1761 l2=0.2000 label_smoothing=0.000
D step=3/5 epoch=2/3 loss=0.1728 l2=0.2000 label_smoothing=0.000
D step=3/5 epoch=3/3 loss=0.1740 l2=0.2000 label_smoothing=0.000
D step=4/5 epoch=1/3 loss=0.1847 l2=0.2000 label_smoothing=0.000
D step=4/5 epoch=2/3 loss=0.1852 l2=0.2000 label_smoothing=0.000
D step=4/5 epoch=3/3 loss=0.1830 l2=0.2000 label_smoothing=0.000
D step=5/5 epoch=1/3 loss=0.1710 l2=0.2000 label_smoothing=0.000
D step=5/5 epoch=2/3 loss=0.1711 l2=0.2000 label_smoothing=0.000
D step=5/5 epoch=3/3 loss=0.1678 l2=0.2000 label_smoothing=0.000
ADV epoch=146/200 g_loss=0.0038 d_loss=0.1751 reward=0.0751 reward_var=0.0002 unique=0.1600
D step=1/5 epoch=1/3 loss=0.1839 l2=0.2000 label_smoothing=0.000
D step=1/5 epoch=2/3 loss=0.1829 l2=0.2000 label_smoothing=0.000
D step=1/5 epoch=3/3 loss=0.1786 l2=0.2000 label_smoothing=0.000
D step=2/5 epoch=1/3 loss=0.1689 l2=0.2000 label_smoothing=0.000
D step=2/5 epoch=2/3 loss=0.1683 l2=0.2000 label_smoothing=0.000
D step=2/5 epoch=3/3 loss=0.1674 l2=0.2000 label_smoothing=0.000
D step=3/5 epoch=1/3 loss=0.1567 l2=0.2000 label_smoothing=0.000
D step=3/5 epoch=2/3 loss=0.1623 l2=0.2000 label_smoothing=0.000
D step=3/5 epoch=3/3 loss=0.1603 l2=0.2000 label_smoothing=0.000
D step=4/5 epoch=1/3 loss=0.1855 l2=0.2000 label_smoothing=0.000
D step=4/5 epoch=2/3 loss=0.1842 l2=0.2000 label_smoothing=0.000
D step=4/5 epoch=3/3 loss=0.1827 l2=0.2000 label_smoothing=0.000
D step=5/5 epoch=1/3 loss=0.1622 l2=0.2000 label_smoothing=0.000
D step=5/5 epoch=2/3 loss=0.1645 l2=0.2000 label_smoothing=0.000
D step=5/5 epoch=3/3 loss=0.1643 l2=0.2000 label_smoothing=0.000
ADV epoch=147/200 g_loss=0.0052 d_loss=0.1715 reward=0.0894 reward_var=0.0004 unique=0.1000
D step=1/5 epoch=1/3 loss=0.1901 l2=0.2000 label_smoothing=0.000
D step=1/5 epoch=2/3 loss=0.1867 l2=0.2000 label_smoothing=0.000
D step=1/5 epoch=3/3 loss=0.1879 l2=0.2000 label_smoothing=0.000
D step=2/5 epoch=1/3 loss=0.1635 l2=0.2000 label_smoothing=0.000
D step=2/5 epoch=2/3 loss=0.1578 l2=0.2000 label_smoothing=0.000
D step=2/5 epoch=3/3 loss=0.1605 l2=0.2000 label_smoothing=0.000
D step=3/5 epoch=1/3 loss=0.1396 l2=0.2000 label_smoothing=0.000
D step=3/5 epoch=2/3 loss=0.1432 l2=0.2000 label_smoothing=0.000
D step=3/5 epoch=3/3 loss=0.1429 l2=0.2000 label_smoothing=0.000
D step=4/5 epoch=1/3 loss=0.1813 l2=0.2000 label_smoothing=0.000
D step=4/5 epoch=2/3 loss=0.1811 l2=0.2000 label_smoothing=0.000
D step=4/5 epoch=3/3 loss=0.1780 l2=0.2000 label_smoothing=0.000
D step=5/5 epoch=1/3 loss=0.1680 l2=0.2000 label_smoothing=0.000
D step=5/5 epoch=2/3 loss=0.1699 l2=0.2000 label_smoothing=0.000
D step=5/5 epoch=3/3 loss=0.1680 l2=0.2000 label_smoothing=0.000
ADV epoch=148/200 g_loss=0.0061 d_loss=0.1679 reward=0.1011 reward_var=0.0002 unique=0.1000
D step=1/5 epoch=1/3 loss=0.1887 l2=0.2000 label_smoothing=0.000
D step=1/5 epoch=2/3 loss=0.1901 l2=0.2000 label_smoothing=0.000
D step=1/5 epoch=3/3 loss=0.1854 l2=0.2000 label_smoothing=0.000
D step=2/5 epoch=1/3 loss=0.1767 l2=0.2000 label_smoothing=0.000
D step=2/5 epoch=2/3 loss=0.1746 l2=0.2000 label_smoothing=0.000
D step=2/5 epoch=3/3 loss=0.1758 l2=0.2000 label_smoothing=0.000
D step=3/5 epoch=1/3 loss=0.1671 l2=0.2000 label_smoothing=0.000
D step=3/5 epoch=2/3 loss=0.1637 l2=0.2000 label_smoothing=0.000
D step=3/5 epoch=3/3 loss=0.1679 l2=0.2000 label_smoothing=0.000
D step=4/5 epoch=1/3 loss=0.1532 l2=0.2000 label_smoothing=0.000
D step=4/5 epoch=2/3 loss=0.1604 l2=0.2000 label_smoothing=0.000
D step=4/5 epoch=3/3 loss=0.1603 l2=0.2000 label_smoothing=0.000
D step=5/5 epoch=1/3 loss=0.1728 l2=0.2000 label_smoothing=0.000
D step=5/5 epoch=2/3 loss=0.1669 l2=0.2000 label_smoothing=0.000
D step=5/5 epoch=3/3 loss=0.1680 l2=0.2000 label_smoothing=0.000
ADV epoch=149/200 g_loss=0.0060 d_loss=0.1714 reward=0.0968 reward_var=0.0004 unique=0.1600
D step=1/5 epoch=1/3 loss=0.1606 l2=0.2000 label_smoothing=0.000
D step=1/5 epoch=2/3 loss=0.1570 l2=0.2000 label_smoothing=0.000
D step=1/5 epoch=3/3 loss=0.1545 l2=0.2000 label_smoothing=0.000
D step=2/5 epoch=1/3 loss=0.1547 l2=0.2000 label_smoothing=0.000
D step=2/5 epoch=2/3 loss=0.1564 l2=0.2000 label_smoothing=0.000
D step=2/5 epoch=3/3 loss=0.1527 l2=0.2000 label_smoothing=0.000
D step=3/5 epoch=1/3 loss=0.1610 l2=0.2000 label_smoothing=0.000
D step=3/5 epoch=2/3 loss=0.1594 l2=0.2000 label_smoothing=0.000
D step=3/5 epoch=3/3 loss=0.1602 l2=0.2000 label_smoothing=0.000
D step=4/5 epoch=1/3 loss=0.1773 l2=0.2000 label_smoothing=0.000
D step=4/5 epoch=2/3 loss=0.1781 l2=0.2000 label_smoothing=0.000
D step=4/5 epoch=3/3 loss=0.1725 l2=0.2000 label_smoothing=0.000
D step=5/5 epoch=1/3 loss=0.1853 l2=0.2000 label_smoothing=0.000
D step=5/5 epoch=2/3 loss=0.1843 l2=0.2000 label_smoothing=0.000
D step=5/5 epoch=3/3 loss=0.1872 l2=0.2000 label_smoothing=0.000
ADV epoch=150/200 g_loss=0.0052 d_loss=0.1668 reward=0.0911 reward_var=0.0007 unique=0.0800
D step=1/5 epoch=1/3 loss=0.1720 l2=0.2000 label_smoothing=0.000
D step=1/5 epoch=2/3 loss=0.1661 l2=0.2000 label_smoothing=0.000
D step=1/5 epoch=3/3 loss=0.1707 l2=0.2000 label_smoothing=0.000
D step=2/5 epoch=1/3 loss=0.1662 l2=0.2000 label_smoothing=0.000
D step=2/5 epoch=2/3 loss=0.1696 l2=0.2000 label_smoothing=0.000
D step=2/5 epoch=3/3 loss=0.1717 l2=0.2000 label_smoothing=0.000
D step=3/5 epoch=1/3 loss=0.1437 l2=0.2000 label_smoothing=0.000
D step=3/5 epoch=2/3 loss=0.1453 l2=0.2000 label_smoothing=0.000
D step=3/5 epoch=3/3 loss=0.1359 l2=0.2000 label_smoothing=0.000
D step=4/5 epoch=1/3 loss=0.1568 l2=0.2000 label_smoothing=0.000
D step=4/5 epoch=2/3 loss=0.1590 l2=0.2000 label_smoothing=0.000
D step=4/5 epoch=3/3 loss=0.1603 l2=0.2000 label_smoothing=0.000
D step=5/5 epoch=1/3 loss=0.1496 l2=0.2000 label_smoothing=0.000
D step=5/5 epoch=2/3 loss=0.1467 l2=0.2000 label_smoothing=0.000
D step=5/5 epoch=3/3 loss=0.1454 l2=0.2000 label_smoothing=0.000
ADV epoch=151/200 g_loss=0.0064 d_loss=0.1573 reward=0.1042 reward_var=0.0005 unique=0.1000
D step=1/5 epoch=1/3 loss=0.1831 l2=0.2000 label_smoothing=0.000
D step=1/5 epoch=2/3 loss=0.1799 l2=0.2000 label_smoothing=0.000
D step=1/5 epoch=3/3 loss=0.1765 l2=0.2000 label_smoothing=0.000
D step=2/5 epoch=1/3 loss=0.1825 l2=0.2000 label_smoothing=0.000
D step=2/5 epoch=2/3 loss=0.1765 l2=0.2000 label_smoothing=0.000
D step=2/5 epoch=3/3 loss=0.1764 l2=0.2000 label_smoothing=0.000
D step=3/5 epoch=1/3 loss=0.1792 l2=0.2000 label_smoothing=0.000
D step=3/5 epoch=2/3 loss=0.1804 l2=0.2000 label_smoothing=0.000
D step=3/5 epoch=3/3 loss=0.1790 l2=0.2000 label_smoothing=0.000
D step=4/5 epoch=1/3 loss=0.1438 l2=0.2000 label_smoothing=0.000
D step=4/5 epoch=2/3 loss=0.1445 l2=0.2000 label_smoothing=0.000
D step=4/5 epoch=3/3 loss=0.1447 l2=0.2000 label_smoothing=0.000
D step=5/5 epoch=1/3 loss=0.2211 l2=0.2000 label_smoothing=0.000
D step=5/5 epoch=2/3 loss=0.1745 l2=0.2000 label_smoothing=0.000
D step=5/5 epoch=3/3 loss=0.1718 l2=0.2000 label_smoothing=0.000
ADV epoch=152/200 g_loss=0.0047 d_loss=0.1743 reward=0.0808 reward_var=0.0004 unique=0.1800
D step=1/5 epoch=1/3 loss=0.1907 l2=0.2000 label_smoothing=0.000
D step=1/5 epoch=2/3 loss=0.1682 l2=0.2000 label_smoothing=0.000
D step=1/5 epoch=3/3 loss=0.1691 l2=0.2000 label_smoothing=0.000
D step=2/5 epoch=1/3 loss=0.1564 l2=0.2000 label_smoothing=0.000
D step=2/5 epoch=2/3 loss=0.1556 l2=0.2000 label_smoothing=0.000
D step=2/5 epoch=3/3 loss=0.1574 l2=0.2000 label_smoothing=0.000
D step=3/5 epoch=1/3 loss=0.1473 l2=0.2000 label_smoothing=0.000
D step=3/5 epoch=2/3 loss=0.1527 l2=0.2000 label_smoothing=0.000
D step=3/5 epoch=3/3 loss=0.1483 l2=0.2000 label_smoothing=0.000
D step=4/5 epoch=1/3 loss=0.1722 l2=0.2000 label_smoothing=0.000
D step=4/5 epoch=2/3 loss=0.1706 l2=0.2000 label_smoothing=0.000
D step=4/5 epoch=3/3 loss=0.1674 l2=0.2000 label_smoothing=0.000
D step=5/5 epoch=1/3 loss=0.1855 l2=0.2000 label_smoothing=0.000
D step=5/5 epoch=2/3 loss=0.1857 l2=0.2000 label_smoothing=0.000
D step=5/5 epoch=3/3 loss=0.1865 l2=0.2000 label_smoothing=0.000
ADV epoch=153/200 g_loss=0.0057 d_loss=0.1676 reward=0.0907 reward_var=0.0004 unique=0.1400
D step=1/5 epoch=1/3 loss=0.1715 l2=0.2000 label_smoothing=0.000
D step=1/5 epoch=2/3 loss=0.1656 l2=0.2000 label_smoothing=0.000
D step=1/5 epoch=3/3 loss=0.1652 l2=0.2000 label_smoothing=0.000
D step=2/5 epoch=1/3 loss=0.1626 l2=0.2000 label_smoothing=0.000
D step=2/5 epoch=2/3 loss=0.1631 l2=0.2000 label_smoothing=0.000
D step=2/5 epoch=3/3 loss=0.1624 l2=0.2000 label_smoothing=0.000
D step=3/5 epoch=1/3 loss=0.1694 l2=0.2000 label_smoothing=0.000
D step=3/5 epoch=2/3 loss=0.1703 l2=0.2000 label_smoothing=0.000
D step=3/5 epoch=3/3 loss=0.1677 l2=0.2000 label_smoothing=0.000
D step=4/5 epoch=1/3 loss=0.1867 l2=0.2000 label_smoothing=0.000
D step=4/5 epoch=2/3 loss=0.1881 l2=0.2000 label_smoothing=0.000
D step=4/5 epoch=3/3 loss=0.1872 l2=0.2000 label_smoothing=0.000
D step=5/5 epoch=1/3 loss=0.1561 l2=0.2000 label_smoothing=0.000
D step=5/5 epoch=2/3 loss=0.1565 l2=0.2000 label_smoothing=0.000
D step=5/5 epoch=3/3 loss=0.1608 l2=0.2000 label_smoothing=0.000
ADV epoch=154/200 g_loss=0.0064 d_loss=0.1689 reward=0.1109 reward_var=0.0002 unique=0.1200
D step=1/5 epoch=1/3 loss=0.1572 l2=0.2000 label_smoothing=0.000
D step=1/5 epoch=2/3 loss=0.1619 l2=0.2000 label_smoothing=0.000
D step=1/5 epoch=3/3 loss=0.1565 l2=0.2000 label_smoothing=0.000
D step=2/5 epoch=1/3 loss=0.1418 l2=0.2000 label_smoothing=0.000
D step=2/5 epoch=2/3 loss=0.1371 l2=0.2000 label_smoothing=0.000
D step=2/5 epoch=3/3 loss=0.1368 l2=0.2000 label_smoothing=0.000
D step=3/5 epoch=1/3 loss=0.1706 l2=0.2000 label_smoothing=0.000
D step=3/5 epoch=2/3 loss=0.1693 l2=0.2000 label_smoothing=0.000
D step=3/5 epoch=3/3 loss=0.1674 l2=0.2000 label_smoothing=0.000
D step=4/5 epoch=1/3 loss=0.2451 l2=0.2000 label_smoothing=0.000
D step=4/5 epoch=2/3 loss=0.2353 l2=0.2000 label_smoothing=0.000
D step=4/5 epoch=3/3 loss=0.2076 l2=0.2000 label_smoothing=0.000
D step=5/5 epoch=1/3 loss=0.1548 l2=0.2000 label_smoothing=0.000
D step=5/5 epoch=2/3 loss=0.1493 l2=0.2000 label_smoothing=0.000
D step=5/5 epoch=3/3 loss=0.1507 l2=0.2000 label_smoothing=0.000
ADV epoch=155/200 g_loss=0.0052 d_loss=0.1694 reward=0.0881 reward_var=0.0004 unique=0.0800
D step=1/5 epoch=1/3 loss=0.1515 l2=0.2000 label_smoothing=0.000
D step=1/5 epoch=2/3 loss=0.1549 l2=0.2000 label_smoothing=0.000
D step=1/5 epoch=3/3 loss=0.1505 l2=0.2000 label_smoothing=0.000
D step=2/5 epoch=1/3 loss=0.1876 l2=0.2000 label_smoothing=0.000
D step=2/5 epoch=2/3 loss=0.1840 l2=0.2000 label_smoothing=0.000
D step=2/5 epoch=3/3 loss=0.1857 l2=0.2000 label_smoothing=0.000
D step=3/5 epoch=1/3 loss=0.1768 l2=0.2000 label_smoothing=0.000
D step=3/5 epoch=2/3 loss=0.1786 l2=0.2000 label_smoothing=0.000
D step=3/5 epoch=3/3 loss=0.1777 l2=0.2000 label_smoothing=0.000
D step=4/5 epoch=1/3 loss=0.1648 l2=0.2000 label_smoothing=0.000
D step=4/5 epoch=2/3 loss=0.1642 l2=0.2000 label_smoothing=0.000
D step=4/5 epoch=3/3 loss=0.1649 l2=0.2000 label_smoothing=0.000
D step=5/5 epoch=1/3 loss=0.1771 l2=0.2000 label_smoothing=0.000
D step=5/5 epoch=2/3 loss=0.1714 l2=0.2000 label_smoothing=0.000
D step=5/5 epoch=3/3 loss=0.1750 l2=0.2000 label_smoothing=0.000
ADV epoch=156/200 g_loss=0.0046 d_loss=0.1710 reward=0.0949 reward_var=0.0002 unique=0.1000
D step=1/5 epoch=1/3 loss=0.1391 l2=0.2000 label_smoothing=0.000
D step=1/5 epoch=2/3 loss=0.1380 l2=0.2000 label_smoothing=0.000
D step=1/5 epoch=3/3 loss=0.1361 l2=0.2000 label_smoothing=0.000
D step=2/5 epoch=1/3 loss=0.1502 l2=0.2000 label_smoothing=0.000
D step=2/5 epoch=2/3 loss=0.1489 l2=0.2000 label_smoothing=0.000
D step=2/5 epoch=3/3 loss=0.1481 l2=0.2000 label_smoothing=0.000
D step=3/5 epoch=1/3 loss=0.1776 l2=0.2000 label_smoothing=0.000
D step=3/5 epoch=2/3 loss=0.1794 l2=0.2000 label_smoothing=0.000
D step=3/5 epoch=3/3 loss=0.1734 l2=0.2000 label_smoothing=0.000
D step=4/5 epoch=1/3 loss=0.1702 l2=0.2000 label_smoothing=0.000
D step=4/5 epoch=2/3 loss=0.1687 l2=0.2000 label_smoothing=0.000
D step=4/5 epoch=3/3 loss=0.1743 l2=0.2000 label_smoothing=0.000
D step=5/5 epoch=1/3 loss=0.1723 l2=0.2000 label_smoothing=0.000
D step=5/5 epoch=2/3 loss=0.1721 l2=0.2000 label_smoothing=0.000
D step=5/5 epoch=3/3 loss=0.1754 l2=0.2000 label_smoothing=0.000
ADV epoch=157/200 g_loss=0.0053 d_loss=0.1616 reward=0.0915 reward_var=0.0004 unique=0.1400
D step=1/5 epoch=1/3 loss=0.1785 l2=0.2000 label_smoothing=0.000
D step=1/5 epoch=2/3 loss=0.1780 l2=0.2000 label_smoothing=0.000
D step=1/5 epoch=3/3 loss=0.1794 l2=0.2000 label_smoothing=0.000
D step=2/5 epoch=1/3 loss=0.1581 l2=0.2000 label_smoothing=0.000
D step=2/5 epoch=2/3 loss=0.1558 l2=0.2000 label_smoothing=0.000
D step=2/5 epoch=3/3 loss=0.1573 l2=0.2000 label_smoothing=0.000
D step=3/5 epoch=1/3 loss=0.1877 l2=0.2000 label_smoothing=0.000
D step=3/5 epoch=2/3 loss=0.1819 l2=0.2000 label_smoothing=0.000
D step=3/5 epoch=3/3 loss=0.1918 l2=0.2000 label_smoothing=0.000
D step=4/5 epoch=1/3 loss=0.1769 l2=0.2000 label_smoothing=0.000
D step=4/5 epoch=2/3 loss=0.1793 l2=0.2000 label_smoothing=0.000
D step=4/5 epoch=3/3 loss=0.1780 l2=0.2000 label_smoothing=0.000
D step=5/5 epoch=1/3 loss=0.2062 l2=0.2000 label_smoothing=0.000
D step=5/5 epoch=2/3 loss=0.1831 l2=0.2000 label_smoothing=0.000
D step=5/5 epoch=3/3 loss=0.1654 l2=0.2000 label_smoothing=0.000
ADV epoch=158/200 g_loss=0.0059 d_loss=0.1772 reward=0.0959 reward_var=0.0006 unique=0.1000
D step=1/5 epoch=1/3 loss=0.1681 l2=0.2000 label_smoothing=0.000
D step=1/5 epoch=2/3 loss=0.1659 l2=0.2000 label_smoothing=0.000
D step=1/5 epoch=3/3 loss=0.1666 l2=0.2000 label_smoothing=0.000
D step=2/5 epoch=1/3 loss=0.2549 l2=0.2000 label_smoothing=0.000
D step=2/5 epoch=2/3 loss=0.2373 l2=0.2000 label_smoothing=0.000
D step=2/5 epoch=3/3 loss=0.2157 l2=0.2000 label_smoothing=0.000
D step=3/5 epoch=1/3 loss=0.1392 l2=0.2000 label_smoothing=0.000
D step=3/5 epoch=2/3 loss=0.1412 l2=0.2000 label_smoothing=0.000
D step=3/5 epoch=3/3 loss=0.1369 l2=0.2000 label_smoothing=0.000
D step=4/5 epoch=1/3 loss=0.1568 l2=0.2000 label_smoothing=0.000
D step=4/5 epoch=2/3 loss=0.1590 l2=0.2000 label_smoothing=0.000
D step=4/5 epoch=3/3 loss=0.1561 l2=0.2000 label_smoothing=0.000
D step=5/5 epoch=1/3 loss=0.2089 l2=0.2000 label_smoothing=0.000
D step=5/5 epoch=2/3 loss=0.1888 l2=0.2000 label_smoothing=0.000
D step=5/5 epoch=3/3 loss=0.1911 l2=0.2000 label_smoothing=0.000
ADV epoch=159/200 g_loss=0.0053 d_loss=0.1791 reward=0.0924 reward_var=0.0004 unique=0.1400
D step=1/5 epoch=1/3 loss=0.1877 l2=0.2000 label_smoothing=0.000
D step=1/5 epoch=2/3 loss=0.1892 l2=0.2000 label_smoothing=0.000
D step=1/5 epoch=3/3 loss=0.1883 l2=0.2000 label_smoothing=0.000
D step=2/5 epoch=1/3 loss=0.1877 l2=0.2000 label_smoothing=0.000
D step=2/5 epoch=2/3 loss=0.1886 l2=0.2000 label_smoothing=0.000
D step=2/5 epoch=3/3 loss=0.1852 l2=0.2000 label_smoothing=0.000
D step=3/5 epoch=1/3 loss=0.1772 l2=0.2000 label_smoothing=0.000
D step=3/5 epoch=2/3 loss=0.1753 l2=0.2000 label_smoothing=0.000
D step=3/5 epoch=3/3 loss=0.1740 l2=0.2000 label_smoothing=0.000
D step=4/5 epoch=1/3 loss=0.1709 l2=0.2000 label_smoothing=0.000
D step=4/5 epoch=2/3 loss=0.1697 l2=0.2000 label_smoothing=0.000
D step=4/5 epoch=3/3 loss=0.1704 l2=0.2000 label_smoothing=0.000
D step=5/5 epoch=1/3 loss=0.1665 l2=0.2000 label_smoothing=0.000
D step=5/5 epoch=2/3 loss=0.1644 l2=0.2000 label_smoothing=0.000
D step=5/5 epoch=3/3 loss=0.1691 l2=0.2000 label_smoothing=0.000
ADV epoch=160/200 g_loss=0.0060 d_loss=0.1776 reward=0.0980 reward_var=0.0002 unique=0.1200
D step=1/5 epoch=1/3 loss=0.1684 l2=0.2000 label_smoothing=0.000
D step=1/5 epoch=2/3 loss=0.1651 l2=0.2000 label_smoothing=0.000
D step=1/5 epoch=3/3 loss=0.1698 l2=0.2000 label_smoothing=0.000
D step=2/5 epoch=1/3 loss=0.1833 l2=0.2000 label_smoothing=0.000
D step=2/5 epoch=2/3 loss=0.1885 l2=0.2000 label_smoothing=0.000
D step=2/5 epoch=3/3 loss=0.1797 l2=0.2000 label_smoothing=0.000
D step=3/5 epoch=1/3 loss=0.1778 l2=0.2000 label_smoothing=0.000
D step=3/5 epoch=2/3 loss=0.1756 l2=0.2000 label_smoothing=0.000
D step=3/5 epoch=3/3 loss=0.1786 l2=0.2000 label_smoothing=0.000
D step=4/5 epoch=1/3 loss=0.1754 l2=0.2000 label_smoothing=0.000
D step=4/5 epoch=2/3 loss=0.1741 l2=0.2000 label_smoothing=0.000
D step=4/5 epoch=3/3 loss=0.1702 l2=0.2000 label_smoothing=0.000
D step=5/5 epoch=1/3 loss=0.1668 l2=0.2000 label_smoothing=0.000
D step=5/5 epoch=2/3 loss=0.1698 l2=0.2000 label_smoothing=0.000
D step=5/5 epoch=3/3 loss=0.1690 l2=0.2000 label_smoothing=0.000
ADV epoch=161/200 g_loss=0.0041 d_loss=0.1741 reward=0.0892 reward_var=0.0003 unique=0.1000
D step=1/5 epoch=1/3 loss=0.1466 l2=0.2000 label_smoothing=0.000
D step=1/5 epoch=2/3 loss=0.1526 l2=0.2000 label_smoothing=0.000
D step=1/5 epoch=3/3 loss=0.1496 l2=0.2000 label_smoothing=0.000
D step=2/5 epoch=1/3 loss=0.1375 l2=0.2000 label_smoothing=0.000
D step=2/5 epoch=2/3 loss=0.1403 l2=0.2000 label_smoothing=0.000
D step=2/5 epoch=3/3 loss=0.1374 l2=0.2000 label_smoothing=0.000
D step=3/5 epoch=1/3 loss=0.1895 l2=0.2000 label_smoothing=0.000
D step=3/5 epoch=2/3 loss=0.1878 l2=0.2000 label_smoothing=0.000
D step=3/5 epoch=3/3 loss=0.1898 l2=0.2000 label_smoothing=0.000
D step=4/5 epoch=1/3 loss=0.1937 l2=0.2000 label_smoothing=0.000
D step=4/5 epoch=2/3 loss=0.1939 l2=0.2000 label_smoothing=0.000
D step=4/5 epoch=3/3 loss=0.1899 l2=0.2000 label_smoothing=0.000
D step=5/5 epoch=1/3 loss=0.1726 l2=0.2000 label_smoothing=0.000
D step=5/5 epoch=2/3 loss=0.1787 l2=0.2000 label_smoothing=0.000
D step=5/5 epoch=3/3 loss=0.1808 l2=0.2000 label_smoothing=0.000
ADV epoch=162/200 g_loss=0.0053 d_loss=0.1694 reward=0.0878 reward_var=0.0003 unique=0.1000
D step=1/5 epoch=1/3 loss=0.1530 l2=0.2000 label_smoothing=0.000
D step=1/5 epoch=2/3 loss=0.1475 l2=0.2000 label_smoothing=0.000
D step=1/5 epoch=3/3 loss=0.1494 l2=0.2000 label_smoothing=0.000
D step=2/5 epoch=1/3 loss=0.1588 l2=0.2000 label_smoothing=0.000
D step=2/5 epoch=2/3 loss=0.1593 l2=0.2000 label_smoothing=0.000
D step=2/5 epoch=3/3 loss=0.1597 l2=0.2000 label_smoothing=0.000
D step=3/5 epoch=1/3 loss=0.1717 l2=0.2000 label_smoothing=0.000
D step=3/5 epoch=2/3 loss=0.1666 l2=0.2000 label_smoothing=0.000
D step=3/5 epoch=3/3 loss=0.1665 l2=0.2000 label_smoothing=0.000
D step=4/5 epoch=1/3 loss=0.1751 l2=0.2000 label_smoothing=0.000
D step=4/5 epoch=2/3 loss=0.1747 l2=0.2000 label_smoothing=0.000
D step=4/5 epoch=3/3 loss=0.1762 l2=0.2000 label_smoothing=0.000
D step=5/5 epoch=1/3 loss=0.1707 l2=0.2000 label_smoothing=0.000
D step=5/5 epoch=2/3 loss=0.1660 l2=0.2000 label_smoothing=0.000
D step=5/5 epoch=3/3 loss=0.1679 l2=0.2000 label_smoothing=0.000
ADV epoch=163/200 g_loss=0.0063 d_loss=0.1642 reward=0.1018 reward_var=0.0004 unique=0.1200
D step=1/5 epoch=1/3 loss=0.1598 l2=0.2000 label_smoothing=0.000
D step=1/5 epoch=2/3 loss=0.1597 l2=0.2000 label_smoothing=0.000
D step=1/5 epoch=3/3 loss=0.1610 l2=0.2000 label_smoothing=0.000
D step=2/5 epoch=1/3 loss=0.1725 l2=0.2000 label_smoothing=0.000
D step=2/5 epoch=2/3 loss=0.1703 l2=0.2000 label_smoothing=0.000
D step=2/5 epoch=3/3 loss=0.1670 l2=0.2000 label_smoothing=0.000
D step=3/5 epoch=1/3 loss=0.1698 l2=0.2000 label_smoothing=0.000
D step=3/5 epoch=2/3 loss=0.1708 l2=0.2000 label_smoothing=0.000
D step=3/5 epoch=3/3 loss=0.1691 l2=0.2000 label_smoothing=0.000
D step=4/5 epoch=1/3 loss=0.1874 l2=0.2000 label_smoothing=0.000
D step=4/5 epoch=2/3 loss=0.1880 l2=0.2000 label_smoothing=0.000
D step=4/5 epoch=3/3 loss=0.1864 l2=0.2000 label_smoothing=0.000
D step=5/5 epoch=1/3 loss=0.1866 l2=0.2000 label_smoothing=0.000
D step=5/5 epoch=2/3 loss=0.1883 l2=0.2000 label_smoothing=0.000
D step=5/5 epoch=3/3 loss=0.1919 l2=0.2000 label_smoothing=0.000
ADV epoch=164/200 g_loss=0.0053 d_loss=0.1752 reward=0.0939 reward_var=0.0005 unique=0.1400
D step=1/5 epoch=1/3 loss=0.1616 l2=0.2000 label_smoothing=0.000
D step=1/5 epoch=2/3 loss=0.1632 l2=0.2000 label_smoothing=0.000
D step=1/5 epoch=3/3 loss=0.1610 l2=0.2000 label_smoothing=0.000
D step=2/5 epoch=1/3 loss=0.1825 l2=0.2000 label_smoothing=0.000
D step=2/5 epoch=2/3 loss=0.1641 l2=0.2000 label_smoothing=0.000
D step=2/5 epoch=3/3 loss=0.1668 l2=0.2000 label_smoothing=0.000
D step=3/5 epoch=1/3 loss=0.1507 l2=0.2000 label_smoothing=0.000
D step=3/5 epoch=2/3 loss=0.1488 l2=0.2000 label_smoothing=0.000
D step=3/5 epoch=3/3 loss=0.1513 l2=0.2000 label_smoothing=0.000
D step=4/5 epoch=1/3 loss=0.1858 l2=0.2000 label_smoothing=0.000
D step=4/5 epoch=2/3 loss=0.1884 l2=0.2000 label_smoothing=0.000
D step=4/5 epoch=3/3 loss=0.1872 l2=0.2000 label_smoothing=0.000
D step=5/5 epoch=1/3 loss=0.1894 l2=0.2000 label_smoothing=0.000
D step=5/5 epoch=2/3 loss=0.1867 l2=0.2000 label_smoothing=0.000
D step=5/5 epoch=3/3 loss=0.1851 l2=0.2000 label_smoothing=0.000
ADV epoch=165/200 g_loss=0.0067 d_loss=0.1715 reward=0.1074 reward_var=0.0005 unique=0.1000
D step=1/5 epoch=1/3 loss=0.1518 l2=0.2000 label_smoothing=0.000
D step=1/5 epoch=2/3 loss=0.1487 l2=0.2000 label_smoothing=0.000
D step=1/5 epoch=3/3 loss=0.1476 l2=0.2000 label_smoothing=0.000
D step=2/5 epoch=1/3 loss=0.1890 l2=0.2000 label_smoothing=0.000
D step=2/5 epoch=2/3 loss=0.1861 l2=0.2000 label_smoothing=0.000
D step=2/5 epoch=3/3 loss=0.1919 l2=0.2000 label_smoothing=0.000
D step=3/5 epoch=1/3 loss=0.1793 l2=0.2000 label_smoothing=0.000
D step=3/5 epoch=2/3 loss=0.1792 l2=0.2000 label_smoothing=0.000
D step=3/5 epoch=3/3 loss=0.1806 l2=0.2000 label_smoothing=0.000
D step=4/5 epoch=1/3 loss=0.1744 l2=0.2000 label_smoothing=0.000
D step=4/5 epoch=2/3 loss=0.1784 l2=0.2000 label_smoothing=0.000
D step=4/5 epoch=3/3 loss=0.1804 l2=0.2000 label_smoothing=0.000
D step=5/5 epoch=1/3 loss=0.1407 l2=0.2000 label_smoothing=0.000
D step=5/5 epoch=2/3 loss=0.1407 l2=0.2000 label_smoothing=0.000
D step=5/5 epoch=3/3 loss=0.1371 l2=0.2000 label_smoothing=0.000
ADV epoch=166/200 g_loss=0.0068 d_loss=0.1671 reward=0.1116 reward_var=0.0007 unique=0.0800
D step=1/5 epoch=1/3 loss=0.2004 l2=0.2000 label_smoothing=0.000
D step=1/5 epoch=2/3 loss=0.1876 l2=0.2000 label_smoothing=0.000
D step=1/5 epoch=3/3 loss=0.1874 l2=0.2000 label_smoothing=0.000
D step=2/5 epoch=1/3 loss=0.1762 l2=0.2000 label_smoothing=0.000
D step=2/5 epoch=2/3 loss=0.1765 l2=0.2000 label_smoothing=0.000
D step=2/5 epoch=3/3 loss=0.1802 l2=0.2000 label_smoothing=0.000
D step=3/5 epoch=1/3 loss=0.1516 l2=0.2000 label_smoothing=0.000
D step=3/5 epoch=2/3 loss=0.1507 l2=0.2000 label_smoothing=0.000
D step=3/5 epoch=3/3 loss=0.1493 l2=0.2000 label_smoothing=0.000
D step=4/5 epoch=1/3 loss=0.1683 l2=0.2000 label_smoothing=0.000
D step=4/5 epoch=2/3 loss=0.1709 l2=0.2000 label_smoothing=0.000
D step=4/5 epoch=3/3 loss=0.1658 l2=0.2000 label_smoothing=0.000
D step=5/5 epoch=1/3 loss=0.2311 l2=0.2000 label_smoothing=0.000
D step=5/5 epoch=2/3 loss=0.2131 l2=0.2000 label_smoothing=0.000
D step=5/5 epoch=3/3 loss=0.1935 l2=0.2000 label_smoothing=0.000
ADV epoch=167/200 g_loss=0.0046 d_loss=0.1802 reward=0.0770 reward_var=0.0001 unique=0.1200
D step=1/5 epoch=1/3 loss=0.1581 l2=0.2000 label_smoothing=0.000
D step=1/5 epoch=2/3 loss=0.1612 l2=0.2000 label_smoothing=0.000
D step=1/5 epoch=3/3 loss=0.1612 l2=0.2000 label_smoothing=0.000
D step=2/5 epoch=1/3 loss=0.1702 l2=0.2000 label_smoothing=0.000
D step=2/5 epoch=2/3 loss=0.1647 l2=0.2000 label_smoothing=0.000
D step=2/5 epoch=3/3 loss=0.1700 l2=0.2000 label_smoothing=0.000
D step=3/5 epoch=1/3 loss=0.1663 l2=0.2000 label_smoothing=0.000
D step=3/5 epoch=2/3 loss=0.1676 l2=0.2000 label_smoothing=0.000
D step=3/5 epoch=3/3 loss=0.1669 l2=0.2000 label_smoothing=0.000
D step=4/5 epoch=1/3 loss=0.1868 l2=0.2000 label_smoothing=0.000
D step=4/5 epoch=2/3 loss=0.1864 l2=0.2000 label_smoothing=0.000
D step=4/5 epoch=3/3 loss=0.1877 l2=0.2000 label_smoothing=0.000
D step=5/5 epoch=1/3 loss=0.1566 l2=0.2000 label_smoothing=0.000
D step=5/5 epoch=2/3 loss=0.1622 l2=0.2000 label_smoothing=0.000
D step=5/5 epoch=3/3 loss=0.1600 l2=0.2000 label_smoothing=0.000
ADV epoch=168/200 g_loss=0.0048 d_loss=0.1684 reward=0.0903 reward_var=0.0003 unique=0.1200
D step=1/5 epoch=1/3 loss=0.1276 l2=0.2000 label_smoothing=0.000
D step=1/5 epoch=2/3 loss=0.1219 l2=0.2000 label_smoothing=0.000
D step=1/5 epoch=3/3 loss=0.1265 l2=0.2000 label_smoothing=0.000
D step=2/5 epoch=1/3 loss=0.1470 l2=0.2000 label_smoothing=0.000
D step=2/5 epoch=2/3 loss=0.1430 l2=0.2000 label_smoothing=0.000
D step=2/5 epoch=3/3 loss=0.1440 l2=0.2000 label_smoothing=0.000
D step=3/5 epoch=1/3 loss=0.1461 l2=0.2000 label_smoothing=0.000
D step=3/5 epoch=2/3 loss=0.1463 l2=0.2000 label_smoothing=0.000
D step=3/5 epoch=3/3 loss=0.1489 l2=0.2000 label_smoothing=0.000
D step=4/5 epoch=1/3 loss=0.1477 l2=0.2000 label_smoothing=0.000
D step=4/5 epoch=2/3 loss=0.1455 l2=0.2000 label_smoothing=0.000
D step=4/5 epoch=3/3 loss=0.1443 l2=0.2000 label_smoothing=0.000
D step=5/5 epoch=1/3 loss=0.1544 l2=0.2000 label_smoothing=0.000
D step=5/5 epoch=2/3 loss=0.1559 l2=0.2000 label_smoothing=0.000
D step=5/5 epoch=3/3 loss=0.1584 l2=0.2000 label_smoothing=0.000
ADV epoch=169/200 g_loss=0.0113 d_loss=0.1438 reward=0.0978 reward_var=0.0026 unique=0.2200
D step=1/5 epoch=1/3 loss=0.0937 l2=0.2000 label_smoothing=0.000
D step=1/5 epoch=2/3 loss=0.0750 l2=0.2000 label_smoothing=0.000
D step=1/5 epoch=3/3 loss=0.0638 l2=0.2000 label_smoothing=0.000
D step=2/5 epoch=1/3 loss=0.0527 l2=0.2000 label_smoothing=0.000
D step=2/5 epoch=2/3 loss=0.0408 l2=0.2000 label_smoothing=0.000
D step=2/5 epoch=3/3 loss=0.0297 l2=0.2000 label_smoothing=0.000
D step=3/5 epoch=1/3 loss=0.0206 l2=0.2000 label_smoothing=0.000
D step=3/5 epoch=2/3 loss=0.0125 l2=0.2000 label_smoothing=0.000
D step=3/5 epoch=3/3 loss=0.0051 l2=0.2000 label_smoothing=0.000
D step=4/5 epoch=1/3 loss=0.0010 l2=0.2000 label_smoothing=0.000
D step=4/5 epoch=2/3 loss=0.0008 l2=0.2000 label_smoothing=0.000
D step=4/5 epoch=3/3 loss=0.0007 l2=0.2000 label_smoothing=0.000
D step=5/5 epoch=1/3 loss=0.0007 l2=0.2000 label_smoothing=0.000
D step=5/5 epoch=2/3 loss=0.0007 l2=0.2000 label_smoothing=0.000
D step=5/5 epoch=3/3 loss=0.0007 l2=0.2000 label_smoothing=0.000
ADV epoch=170/200 g_loss=0.0126 d_loss=0.0266 reward=0.1438 reward_var=0.0025 unique=0.2600
D step=1/5 epoch=1/3 loss=0.0007 l2=0.2000 label_smoothing=0.000
D step=1/5 epoch=2/3 loss=0.0038 l2=0.2000 label_smoothing=0.000
D step=1/5 epoch=3/3 loss=0.0006 l2=0.2000 label_smoothing=0.000
D step=2/5 epoch=1/3 loss=0.0006 l2=0.2000 label_smoothing=0.000
D step=2/5 epoch=2/3 loss=0.0006 l2=0.2000 label_smoothing=0.000
D step=2/5 epoch=3/3 loss=0.0005 l2=0.2000 label_smoothing=0.000
D step=3/5 epoch=1/3 loss=0.0052 l2=0.2000 label_smoothing=0.000
D step=3/5 epoch=2/3 loss=0.0005 l2=0.2000 label_smoothing=0.000
D step=3/5 epoch=3/3 loss=0.0005 l2=0.2000 label_smoothing=0.000
D step=4/5 epoch=1/3 loss=0.0006 l2=0.2000 label_smoothing=0.000
D step=4/5 epoch=2/3 loss=0.0005 l2=0.2000 label_smoothing=0.000
D step=4/5 epoch=3/3 loss=0.0007 l2=0.2000 label_smoothing=0.000
D step=5/5 epoch=1/3 loss=0.0005 l2=0.2000 label_smoothing=0.000
D step=5/5 epoch=2/3 loss=0.0005 l2=0.2000 label_smoothing=0.000
D step=5/5 epoch=3/3 loss=0.0005 l2=0.2000 label_smoothing=0.000
ADV epoch=171/200 g_loss=0.0570 d_loss=0.0011 reward=0.4744 reward_var=0.2178 unique=0.2800
D step=1/5 epoch=1/3 loss=0.0004 l2=0.2000 label_smoothing=0.000
D step=1/5 epoch=2/3 loss=0.0004 l2=0.2000 label_smoothing=0.000
D step=1/5 epoch=3/3 loss=0.0003 l2=0.2000 label_smoothing=0.000
D step=2/5 epoch=1/3 loss=0.0003 l2=0.2000 label_smoothing=0.000
D step=2/5 epoch=2/3 loss=0.0003 l2=0.2000 label_smoothing=0.000
D step=2/5 epoch=3/3 loss=0.0003 l2=0.2000 label_smoothing=0.000
D step=3/5 epoch=1/3 loss=0.0003 l2=0.2000 label_smoothing=0.000
D step=3/5 epoch=2/3 loss=0.0002 l2=0.2000 label_smoothing=0.000
D step=3/5 epoch=3/3 loss=0.0002 l2=0.2000 label_smoothing=0.000
D step=4/5 epoch=1/3 loss=0.0002 l2=0.2000 label_smoothing=0.000
D step=4/5 epoch=2/3 loss=0.0002 l2=0.2000 label_smoothing=0.000
D step=4/5 epoch=3/3 loss=0.0002 l2=0.2000 label_smoothing=0.000
D step=5/5 epoch=1/3 loss=0.0002 l2=0.2000 label_smoothing=0.000
D step=5/5 epoch=2/3 loss=0.0002 l2=0.2000 label_smoothing=0.000
D step=5/5 epoch=3/3 loss=0.0002 l2=0.2000 label_smoothing=0.000
ADV epoch=172/200 g_loss=0.0009 d_loss=0.0003 reward=0.0043 reward_var=0.0003 unique=0.1400
D step=1/5 epoch=1/3 loss=0.0002 l2=0.2000 label_smoothing=0.000
D step=1/5 epoch=2/3 loss=0.0001 l2=0.2000 label_smoothing=0.000
D step=1/5 epoch=3/3 loss=0.0001 l2=0.2000 label_smoothing=0.000
D step=2/5 epoch=1/3 loss=0.0001 l2=0.2000 label_smoothing=0.000
D step=2/5 epoch=2/3 loss=0.0001 l2=0.2000 label_smoothing=0.000
D step=2/5 epoch=3/3 loss=0.0001 l2=0.2000 label_smoothing=0.000
D step=3/5 epoch=1/3 loss=0.0001 l2=0.2000 label_smoothing=0.000
D step=3/5 epoch=2/3 loss=0.0001 l2=0.2000 label_smoothing=0.000
D step=3/5 epoch=3/3 loss=0.0001 l2=0.2000 label_smoothing=0.000
D step=4/5 epoch=1/3 loss=0.0001 l2=0.2000 label_smoothing=0.000
D step=4/5 epoch=2/3 loss=0.0001 l2=0.2000 label_smoothing=0.000
D step=4/5 epoch=3/3 loss=0.0001 l2=0.2000 label_smoothing=0.000
D step=5/5 epoch=1/3 loss=0.0001 l2=0.2000 label_smoothing=0.000
D step=5/5 epoch=2/3 loss=0.0001 l2=0.2000 label_smoothing=0.000
D step=5/5 epoch=3/3 loss=0.0001 l2=0.2000 label_smoothing=0.000
ADV epoch=173/200 g_loss=0.0001 d_loss=0.0001 reward=0.0002 reward_var=0.0000 unique=0.1800
D step=1/5 epoch=1/3 loss=0.0003 l2=0.2000 label_smoothing=0.000
D step=1/5 epoch=2/3 loss=0.0001 l2=0.2000 label_smoothing=0.000
D step=1/5 epoch=3/3 loss=0.0001 l2=0.2000 label_smoothing=0.000
D step=2/5 epoch=1/3 loss=0.0001 l2=0.2000 label_smoothing=0.000
D step=2/5 epoch=2/3 loss=0.0001 l2=0.2000 label_smoothing=0.000
D step=2/5 epoch=3/3 loss=0.0001 l2=0.2000 label_smoothing=0.000
D step=3/5 epoch=1/3 loss=0.0908 l2=0.2000 label_smoothing=0.000
D step=3/5 epoch=2/3 loss=0.0258 l2=0.2000 label_smoothing=0.000
D step=3/5 epoch=3/3 loss=0.0005 l2=0.2000 label_smoothing=0.000
D step=4/5 epoch=1/3 loss=0.0004 l2=0.2000 label_smoothing=0.000
D step=4/5 epoch=2/3 loss=0.0002 l2=0.2000 label_smoothing=0.000
D step=4/5 epoch=3/3 loss=0.0001 l2=0.2000 label_smoothing=0.000
D step=5/5 epoch=1/3 loss=0.0001 l2=0.2000 label_smoothing=0.000
D step=5/5 epoch=2/3 loss=0.0001 l2=0.2000 label_smoothing=0.000
D step=5/5 epoch=3/3 loss=0.0001 l2=0.2000 label_smoothing=0.000
ADV epoch=174/200 g_loss=0.0000 d_loss=0.0079 reward=0.0001 reward_var=0.0000 unique=0.2400
saved 2000 raw samples to /content/drive/MyDrive/GAN_for_SQLi - 1/result/final/seqgan_master/error/D/R100/generated_payloads.csv
