label,payload,family,payload_type,method,run_id,sample_index,length,num_unique_chars,entropy,alpha_count,digit_count,space_count,punct_count,alpha_ratio,digit_ratio,space_ratio,punct_ratio,single_quote_count,double_quote_count,dash_count,slash_count,star_count,equals_count,semicolon_count,paren_count,percent_count,underscore_count,comma_count,operator_count,has_single_quote,has_double_quote,has_comment_dashdash,has_comment_hash,has_comment_block,has_equal,has_parentheses,has_semicolon,has_percent_encoding,has_hex_literal,has_concat_operator,kw_select,kw_union,kw_where,kw_from,kw_and,kw_or,kw_insert,kw_update,kw_delete,kw_drop,kw_create,kw_alter,kw_sleep,kw_benchmark,kw_waitfor,kw_delay,kw_information_schema,kw_table,kw_column,kw_database,kw_cast,kw_convert,kw_concat,kw_substr,kw_substring,kw_ascii,kw_char,kw_load_file,kw_outfile,kw_exec,keyword_total
attack,"""gbeeleleleTTTTIIIpg",time,time,seqgan_master,seqgan_master__final__time__A__500__MASTER__raw_character__len20__gpre120__reward_off__seed88,0,20.0,8.0,2.765957320949175,19.0,0.0,0.0,1.0,0.95,0.0,0.0,0.05,0.0,1.0,0.0,0.0,0.0,0.0,0.0,0.0,0.0,0.0,0.0,0.0,0.0,1.0,0.0,0.0,0.0,0.0,0.0,0.0,0.0,0.0,0.0,0.0,0.0,0.0,0.0,0.0,0.0,0.0,0.0,0.0,0.0,0.0,0.0,0.0,0.0,0.0,0.0,0.0,0.0,0.0,0.0,0.0,0.0,0.0,0.0,0.0,0.0,0.0,0.0,0.0,0.0,0.0
attack,"""gbeleeeleTe0TTTpgTT",time,time,seqgan_master,seqgan_master__final__time__A__500__MASTER__raw_character__len20__gpre120__reward_off__seed88,1,20.0,8.0,2.570950594454669,18.0,1.0,0.0,1.0,0.9,0.05,0.0,0.05,0.0,1.0,0.0,0.0,0.0,0.0,0.0,0.0,0.0,0.0,0.0,0.0,0.0,1.0,0.0,0.0,0.0,0.0,0.0,0.0,0.0,0.0,0.0,0.0,0.0,0.0,0.0,0.0,0.0,0.0,0.0,0.0,0.0,0.0,0.0,0.0,0.0,0.0,0.0,0.0,0.0,0.0,0.0,0.0,0.0,0.0,0.0,0.0,0.0,0.0,0.0,0.0,0.0,0.0
attack,"""gbeleeeTTIIMeleleTT",time,time,seqgan_master,seqgan_master__final__time__A__500__MASTER__raw_character__len20__gpre120__reward_off__seed88,2,20.0,8.0,2.6016094970590276,19.0,0.0,0.0,1.0,0.95,0.0,0.0,0.05,0.0,1.0,0.0,0.0,0.0,0.0,0.0,0.0,0.0,0.0,0.0,0.0,0.0,1.0,0.0,0.0,0.0,0.0,0.0,0.0,0.0,0.0,0.0,0.0,0.0,0.0,0.0,0.0,0.0,0.0,0.0,0.0,0.0,0.0,0.0,0.0,0.0,0.0,0.0,0.0,0.0,0.0,0.0,0.0,0.0,0.0,0.0,0.0,0.0,0.0,0.0,0.0,0.0,0.0
attack,"""gbeleeTTTTpgTle0TaM",time,time,seqgan_master,seqgan_master__final__time__A__500__MASTER__raw_character__len20__gpre120__reward_off__seed88,3,20.0,10.0,2.9464393446710155,18.0,1.0,0.0,1.0,0.9,0.05,0.0,0.05,0.0,1.0,0.0,0.0,0.0,0.0,0.0,0.0,0.0,0.0,0.0,0.0,0.0,1.0,0.0,0.0,0.0,0.0,0.0,0.0,0.0,0.0,0.0,0.0,0.0,0.0,0.0,0.0,0.0,0.0,0.0,0.0,0.0,0.0,0.0,0.0,0.0,0.0,0.0,0.0,0.0,0.0,0.0,0.0,0.0,0.0,0.0,0.0,0.0,0.0,0.0,0.0,0.0,0.0
attack,"""gbeleeTleTIIs(5leTT",time,time,seqgan_master,seqgan_master__final__time__A__500__MASTER__raw_character__len20__gpre120__reward_off__seed88,4,20.0,10.0,3.0037016960573486,17.0,1.0,0.0,2.0,0.85,0.05,0.0,0.1,0.0,1.0,0.0,0.0,0.0,0.0,0.0,1.0,0.0,0.0,0.0,0.0,0.0,1.0,0.0,0.0,0.0,0.0,1.0,0.0,0.0,0.0,0.0,0.0,0.0,0.0,0.0,0.0,0.0,0.0,0.0,0.0,0.0,0.0,0.0,0.0,0.0,0.0,0.0,0.0,0.0,0.0,0.0,0.0,0.0,0.0,0.0,0.0,0.0,0.0,0.0,0.0,0.0,0.0
attack,"""gbeleeeTITTTT(TIpgT",time,time,seqgan_master,seqgan_master__final__time__A__500__MASTER__raw_character__len20__gpre120__reward_off__seed88,5,20.0,9.0,2.739353872167201,18.0,0.0,0.0,2.0,0.9,0.0,0.0,0.1,0.0,1.0,0.0,0.0,0.0,0.0,0.0,1.0,0.0,0.0,0.0,0.0,0.0,1.0,0.0,0.0,0.0,0.0,1.0,0.0,0.0,0.0,0.0,0.0,0.0,0.0,0.0,0.0,0.0,0.0,0.0,0.0,0.0,0.0,0.0,0.0,0.0,0.0,0.0,0.0,0.0,0.0,0.0,0.0,0.0,0.0,0.0,0.0,0.0,0.0,0.0,0.0,0.0,0.0
attack,"""gbeleeleTbeTneleTTI",time,time,seqgan_master,seqgan_master__final__time__A__500__MASTER__raw_character__len20__gpre120__reward_off__seed88,6,20.0,8.0,2.6016094970590276,19.0,0.0,0.0,1.0,0.95,0.0,0.0,0.05,0.0,1.0,0.0,0.0,0.0,0.0,0.0,0.0,0.0,0.0,0.0,0.0,0.0,1.0,0.0,0.0,0.0,0.0,0.0,0.0,0.0,0.0,0.0,0.0,0.0,0.0,0.0,0.0,0.0,0.0,0.0,0.0,0.0,0.0,0.0,0.0,0.0,0.0,0.0,0.0,0.0,0.0,0.0,0.0,0.0,0.0,0.0,0.0,0.0,0.0,0.0,0.0,0.0,0.0
attack,"""gbeleeTIleleleTbebe",time,time,seqgan_master,seqgan_master__final__time__A__500__MASTER__raw_character__len20__gpre120__reward_off__seed88,7,20.0,7.0,2.384183719779189,19.0,0.0,0.0,1.0,0.95,0.0,0.0,0.05,0.0,1.0,0.0,0.0,0.0,0.0,0.0,0.0,0.0,0.0,0.0,0.0,0.0,1.0,0.0,0.0,0.0,0.0,0.0,0.0,0.0,0.0,0.0,0.0,0.0,0.0,0.0,0.0,0.0,0.0,0.0,0.0,0.0,0.0,0.0,0.0,0.0,0.0,0.0,0.0,0.0,0.0,0.0,0.0,0.0,0.0,0.0,0.0,0.0,0.0,0.0,0.0,0.0,0.0
attack,"""gbeleeleeleTITTIpgT",time,time,seqgan_master,seqgan_master__final__time__A__500__MASTER__raw_character__len20__gpre120__reward_off__seed88,8,20.0,8.0,2.708694969562842,19.0,0.0,0.0,1.0,0.95,0.0,0.0,0.05,0.0,1.0,0.0,0.0,0.0,0.0,0.0,0.0,0.0,0.0,0.0,0.0,0.0,1.0,0.0,0.0,0.0,0.0,0.0,0.0,0.0,0.0,0.0,0.0,0.0,0.0,0.0,0.0,0.0,0.0,0.0,0.0,0.0,0.0,0.0,0.0,0.0,0.0,0.0,0.0,0.0,0.0,0.0,0.0,0.0,0.0,0.0,0.0,0.0,0.0,0.0,0.0,0.0,0.0
attack,"""gbeleeleTbeleTTbele",time,time,seqgan_master,seqgan_master__final__time__A__500__MASTER__raw_character__len20__gpre120__reward_off__seed88,9,20.0,6.0,2.2464393446710154,19.0,0.0,0.0,1.0,0.95,0.0,0.0,0.05,0.0,1.0,0.0,0.0,0.0,0.0,0.0,0.0,0.0,0.0,0.0,0.0,0.0,1.0,0.0,0.0,0.0,0.0,0.0,0.0,0.0,0.0,0.0,0.0,0.0,0.0,0.0,0.0,0.0,0.0,0.0,0.0,0.0,0.0,0.0,0.0,0.0,0.0,0.0,0.0,0.0,0.0,0.0,0.0,0.0,0.0,0.0,0.0,0.0,0.0,0.0,0.0,0.0,0.0
attack,"""gbeleeleleeTTTTIIIM",time,time,seqgan_master,seqgan_master__final__time__A__500__MASTER__raw_character__len20__gpre120__reward_off__seed88,10,20.0,8.0,2.6709505944546685,19.0,0.0,0.0,1.0,0.95,0.0,0.0,0.05,0.0,1.0,0.0,0.0,0.0,0.0,0.0,0.0,0.0,0.0,0.0,0.0,0.0,1.0,0.0,0.0,0.0,0.0,0.0,0.0,0.0,0.0,0.0,0.0,0.0,0.0,0.0,0.0,0.0,0.0,0.0,0.0,0.0,0.0,0.0,0.0,0.0,0.0,0.0,0.0,0.0,0.0,0.0,0.0,0.0,0.0,0.0,0.0,0.0,0.0,0.0,0.0,0.0,0.0
attack,"""gbelee0gTbeleleeleT",time,time,seqgan_master,seqgan_master__final__time__A__500__MASTER__raw_character__len20__gpre120__reward_off__seed88,11,20.0,7.0,2.4219280948873623,18.0,1.0,0.0,1.0,0.9,0.05,0.0,0.05,0.0,1.0,0.0,0.0,0.0,0.0,0.0,0.0,0.0,0.0,0.0,0.0,0.0,1.0,0.0,0.0,0.0,0.0,0.0,0.0,0.0,0.0,0.0,0.0,0.0,0.0,0.0,0.0,0.0,0.0,0.0,0.0,0.0,0.0,0.0,0.0,0.0,0.0,0.0,0.0,0.0,0.0,0.0,0.0,0.0,0.0,0.0,0.0,0.0,0.0,0.0,0.0,0.0,0.0
attack,"""gbeeleTbeleTTITTTeT",time,time,seqgan_master,seqgan_master__final__time__A__500__MASTER__raw_character__len20__gpre120__reward_off__seed88,12,20.0,7.0,2.363865121950854,19.0,0.0,0.0,1.0,0.95,0.0,0.0,0.05,0.0,1.0,0.0,0.0,0.0,0.0,0.0,0.0,0.0,0.0,0.0,0.0,0.0,1.0,0.0,0.0,0.0,0.0,0.0,0.0,0.0,0.0,0.0,0.0,0.0,0.0,0.0,0.0,0.0,0.0,0.0,0.0,0.0,0.0,0.0,0.0,0.0,0.0,0.0,0.0,0.0,0.0,0.0,0.0,0.0,0.0,0.0,0.0,0.0,0.0,0.0,0.0,0.0,0.0
attack,"""gbeleeleteleleTbeTT",time,time,seqgan_master,seqgan_master__final__time__A__500__MASTER__raw_character__len20__gpre120__reward_off__seed88,13,20.0,7.0,2.384183719779189,19.0,0.0,0.0,1.0,0.95,0.0,0.0,0.05,0.0,1.0,0.0,0.0,0.0,0.0,0.0,0.0,0.0,0.0,0.0,0.0,0.0,1.0,0.0,0.0,0.0,0.0,0.0,0.0,0.0,0.0,0.0,0.0,0.0,0.0,0.0,0.0,0.0,0.0,0.0,0.0,0.0,0.0,0.0,0.0,0.0,0.0,0.0,0.0,0.0,0.0,0.0,0.0,0.0,0.0,0.0,0.0,0.0,0.0,0.0,0.0,0.0,0.0
attack,"""gbeleeleTIIIMbeeTTT",time,time,seqgan_master,seqgan_master__final__time__A__500__MASTER__raw_character__len20__gpre120__reward_off__seed88,14,20.0,8.0,2.708694969562842,19.0,0.0,0.0,1.0,0.95,0.0,0.0,0.05,0.0,1.0,0.0,0.0,0.0,0.0,0.0,0.0,0.0,0.0,0.0,0.0,0.0,1.0,0.0,0.0,0.0,0.0,0.0,0.0,0.0,0.0,0.0,0.0,0.0,0.0,0.0,0.0,0.0,0.0,0.0,0.0,0.0,0.0,0.0,0.0,0.0,0.0,0.0,0.0,0.0,0.0,0.0,0.0,0.0,0.0,0.0,0.0,0.0,0.0,0.0,0.0,0.0,0.0
attack,"""gbrbeleeleleeTIlele",time,time,seqgan_master,seqgan_master__final__time__A__500__MASTER__raw_character__len20__gpre120__reward_off__seed88,15,20.0,8.0,2.441446071165522,19.0,0.0,0.0,1.0,0.95,0.0,0.0,0.05,0.0,1.0,0.0,0.0,0.0,0.0,0.0,0.0,0.0,0.0,0.0,0.0,0.0,1.0,0.0,0.0,0.0,0.0,0.0,0.0,0.0,0.0,0.0,0.0,0.0,0.0,0.0,0.0,0.0,0.0,0.0,0.0,0.0,0.0,0.0,0.0,0.0,0.0,0.0,0.0,0.0,0.0,0.0,0.0,0.0,0.0,0.0,0.0,0.0,0.0,0.0,0.0,0.0,0.0
attack,"""gbeleeeTbeleleTIIII",time,time,seqgan_master,seqgan_master__final__time__A__500__MASTER__raw_character__len20__gpre120__reward_off__seed88,16,20.0,7.0,2.5016094970590275,19.0,0.0,0.0,1.0,0.95,0.0,0.0,0.05,0.0,1.0,0.0,0.0,0.0,0.0,0.0,0.0,0.0,0.0,0.0,0.0,0.0,1.0,0.0,0.0,0.0,0.0,0.0,0.0,0.0,0.0,0.0,0.0,0.0,0.0,0.0,0.0,0.0,0.0,0.0,0.0,0.0,0.0,0.0,0.0,0.0,0.0,0.0,0.0,0.0,0.0,0.0,0.0,0.0,0.0,0.0,0.0,0.0,0.0,0.0,0.0,0.0,0.0
attack,"""gbeeleTleleleTIITTI",time,time,seqgan_master,seqgan_master__final__time__A__500__MASTER__raw_character__len20__gpre120__reward_off__seed88,17,20.0,7.0,2.508694969562842,19.0,0.0,0.0,1.0,0.95,0.0,0.0,0.05,0.0,1.0,0.0,0.0,0.0,0.0,0.0,0.0,0.0,0.0,0.0,0.0,0.0,1.0,0.0,0.0,0.0,0.0,0.0,0.0,0.0,0.0,0.0,0.0,0.0,0.0,0.0,0.0,0.0,0.0,0.0,0.0,0.0,0.0,0.0,0.0,0.0,0.0,0.0,0.0,0.0,0.0,0.0,0.0,0.0,0.0,0.0,0.0,0.0,0.0,0.0,0.0,0.0,0.0
attack,"""gbeelelegTbelele0eT",time,time,seqgan_master,seqgan_master__final__time__A__500__MASTER__raw_character__len20__gpre120__reward_off__seed88,18,20.0,7.0,2.4219280948873623,18.0,1.0,0.0,1.0,0.9,0.05,0.0,0.05,0.0,1.0,0.0,0.0,0.0,0.0,0.0,0.0,0.0,0.0,0.0,0.0,0.0,1.0,0.0,0.0,0.0,0.0,0.0,0.0,0.0,0.0,0.0,0.0,0.0,0.0,0.0,0.0,0.0,0.0,0.0,0.0,0.0,0.0,0.0,0.0,0.0,0.0,0.0,0.0,0.0,0.0,0.0,0.0,0.0,0.0,0.0,0.0,0.0,0.0,0.0,0.0,0.0,0.0
attack,"""begbeleeeTIMeTIpgbe",time,time,seqgan_master,seqgan_master__final__time__A__500__MASTER__raw_character__len20__gpre120__reward_off__seed88,19,20.0,9.0,2.8016094970590277,19.0,0.0,0.0,1.0,0.95,0.0,0.0,0.05,0.0,1.0,0.0,0.0,0.0,0.0,0.0,0.0,0.0,0.0,0.0,0.0,0.0,1.0,0.0,0.0,0.0,0.0,0.0,0.0,0.0,0.0,0.0,0.0,0.0,0.0,0.0,0.0,0.0,0.0,0.0,0.0,0.0,0.0,0.0,0.0,0.0,0.0,0.0,0.0,0.0,0.0,0.0,0.0,0.0,0.0,0.0,0.0,0.0,0.0,0.0,0.0,0.0,0.0
attack,"""gbelegbeleeleeTTIMe",time,time,seqgan_master,seqgan_master__final__time__A__500__MASTER__raw_character__len20__gpre120__reward_off__seed88,20,20.0,8.0,2.584183719779189,19.0,0.0,0.0,1.0,0.95,0.0,0.0,0.05,0.0,1.0,0.0,0.0,0.0,0.0,0.0,0.0,0.0,0.0,0.0,0.0,0.0,1.0,0.0,0.0,0.0,0.0,0.0,0.0,0.0,0.0,0.0,0.0,0.0,0.0,0.0,0.0,0.0,0.0,0.0,0.0,0.0,0.0,0.0,0.0,0.0,0.0,0.0,0.0,0.0,0.0,0.0,0.0,0.0,0.0,0.0,0.0,0.0,0.0,0.0,0.0,0.0,0.0
attack,"""gbeleeleTbelelelele",time,time,seqgan_master,seqgan_master__final__time__A__500__MASTER__raw_character__len20__gpre120__reward_off__seed88,21,20.0,6.0,2.0199730940219753,19.0,0.0,0.0,1.0,0.95,0.0,0.0,0.05,0.0,1.0,0.0,0.0,0.0,0.0,0.0,0.0,0.0,0.0,0.0,0.0,0.0,1.0,0.0,0.0,0.0,0.0,0.0,0.0,0.0,0.0,0.0,0.0,0.0,0.0,0.0,0.0,0.0,0.0,0.0,0.0,0.0,0.0,0.0,0.0,0.0,0.0,0.0,0.0,0.0,0.0,0.0,0.0,0.0,0.0,0.0,0.0,0.0,0.0,0.0,0.0,0.0,0.0
attack,"""gbeeleTTTbeTTIpgTTI",time,time,seqgan_master,seqgan_master__final__time__A__500__MASTER__raw_character__len20__gpre120__reward_off__seed88,22,20.0,8.0,2.639353872167201,19.0,0.0,0.0,1.0,0.95,0.0,0.0,0.05,0.0,1.0,0.0,0.0,0.0,0.0,0.0,0.0,0.0,0.0,0.0,0.0,0.0,1.0,0.0,0.0,0.0,0.0,0.0,0.0,0.0,0.0,0.0,0.0,0.0,0.0,0.0,0.0,0.0,0.0,0.0,0.0,0.0,0.0,0.0,0.0,0.0,0.0,0.0,0.0,0.0,0.0,0.0,0.0,0.0,0.0,0.0,0.0,0.0,0.0,0.0,0.0,0.0,0.0
attack, )gTneleleTTbeTTIpgb,time,time,seqgan_master,seqgan_master__final__time__A__500__MASTER__raw_character__len20__gpre120__reward_off__seed88,23,20.0,10.0,3.041446071165522,18.0,0.0,1.0,1.0,0.9,0.0,0.05,0.05,0.0,0.0,0.0,0.0,0.0,0.0,0.0,1.0,0.0,0.0,0.0,0.0,0.0,0.0,0.0,0.0,0.0,0.0,1.0,0.0,0.0,0.0,0.0,0.0,0.0,0.0,0.0,0.0,0.0,0.0,0.0,0.0,0.0,0.0,0.0,0.0,0.0,0.0,0.0,0.0,0.0,0.0,0.0,0.0,0.0,0.0,0.0,0.0,0.0,0.0,0.0,0.0,0.0,0.0
attack,"""gbeelelebebeleleTTT",time,time,seqgan_master,seqgan_master__final__time__A__500__MASTER__raw_character__len20__gpre120__reward_off__seed88,24,20.0,6.0,2.2464393446710154,19.0,0.0,0.0,1.0,0.95,0.0,0.0,0.05,0.0,1.0,0.0,0.0,0.0,0.0,0.0,0.0,0.0,0.0,0.0,0.0,0.0,1.0,0.0,0.0,0.0,0.0,0.0,0.0,0.0,0.0,0.0,0.0,0.0,0.0,0.0,0.0,0.0,0.0,0.0,0.0,0.0,0.0,0.0,0.0,0.0,0.0,0.0,0.0,0.0,0.0,0.0,0.0,0.0,0.0,0.0,0.0,0.0,0.0,0.0,0.0,0.0,0.0
attack,"""gbeleeleleeTTTIneTT",time,time,seqgan_master,seqgan_master__final__time__A__500__MASTER__raw_character__len20__gpre120__reward_off__seed88,25,20.0,8.0,2.521127473337187,19.0,0.0,0.0,1.0,0.95,0.0,0.0,0.05,0.0,1.0,0.0,0.0,0.0,0.0,0.0,0.0,0.0,0.0,0.0,0.0,0.0,1.0,0.0,0.0,0.0,0.0,0.0,0.0,0.0,0.0,0.0,0.0,0.0,0.0,0.0,0.0,0.0,0.0,0.0,0.0,0.0,0.0,0.0,0.0,0.0,0.0,0.0,0.0,0.0,0.0,0.0,0.0,0.0,0.0,0.0,0.0,0.0,0.0,0.0,0.0,0.0,0.0
attack,"""gbeeleeTTTTITTIpgTr",time,time,seqgan_master,seqgan_master__final__time__A__500__MASTER__raw_character__len20__gpre120__reward_off__seed88,26,20.0,9.0,2.739353872167201,19.0,0.0,0.0,1.0,0.95,0.0,0.0,0.05,0.0,1.0,0.0,0.0,0.0,0.0,0.0,0.0,0.0,0.0,0.0,0.0,0.0,1.0,0.0,0.0,0.0,0.0,0.0,0.0,0.0,0.0,0.0,0.0,0.0,0.0,0.0,0.0,0.0,0.0,0.0,0.0,0.0,0.0,0.0,0.0,0.0,0.0,0.0,0.0,0.0,0.0,0.0,0.0,0.0,0.0,0.0,0.0,0.0,0.0,0.0,0.0,0.0,0.0
attack,"""gbegbeleelee0eleTTI",time,time,seqgan_master,seqgan_master__final__time__A__500__MASTER__raw_character__len20__gpre120__reward_off__seed88,27,20.0,8.0,2.584183719779189,18.0,1.0,0.0,1.0,0.9,0.05,0.0,0.05,0.0,1.0,0.0,0.0,0.0,0.0,0.0,0.0,0.0,0.0,0.0,0.0,0.0,1.0,0.0,0.0,0.0,0.0,0.0,0.0,0.0,0.0,0.0,0.0,0.0,0.0,0.0,0.0,0.0,0.0,0.0,0.0,0.0,0.0,0.0,0.0,0.0,0.0,0.0,0.0,0.0,0.0,0.0,0.0,0.0,0.0,0.0,0.0,0.0,0.0,0.0,0.0,0.0,0.0
attack,"""gbeleeleeTbeTbeleTT",time,time,seqgan_master,seqgan_master__final__time__A__500__MASTER__raw_character__len20__gpre120__reward_off__seed88,28,20.0,6.0,2.2464393446710154,19.0,0.0,0.0,1.0,0.95,0.0,0.0,0.05,0.0,1.0,0.0,0.0,0.0,0.0,0.0,0.0,0.0,0.0,0.0,0.0,0.0,1.0,0.0,0.0,0.0,0.0,0.0,0.0,0.0,0.0,0.0,0.0,0.0,0.0,0.0,0.0,0.0,0.0,0.0,0.0,0.0,0.0,0.0,0.0,0.0,0.0,0.0,0.0,0.0,0.0,0.0,0.0,0.0,0.0,0.0,0.0,0.0,0.0,0.0,0.0,0.0,0.0
attack,"""gbeleeeTIpgTTTIpgTb",time,time,seqgan_master,seqgan_master__final__time__A__500__MASTER__raw_character__len20__gpre120__reward_off__seed88,29,20.0,8.0,2.8037016960573484,19.0,0.0,0.0,1.0,0.95,0.0,0.0,0.05,0.0,1.0,0.0,0.0,0.0,0.0,0.0,0.0,0.0,0.0,0.0,0.0,0.0,1.0,0.0,0.0,0.0,0.0,0.0,0.0,0.0,0.0,0.0,0.0,0.0,0.0,0.0,0.0,0.0,0.0,0.0,0.0,0.0,0.0,0.0,0.0,0.0,0.0,0.0,0.0,0.0,0.0,0.0,0.0,0.0,0.0,0.0,0.0,0.0,0.0,0.0,0.0,0.0,0.0
attack,"""gbeleeleTTeleTTTITI",time,time,seqgan_master,seqgan_master__final__time__A__500__MASTER__raw_character__len20__gpre120__reward_off__seed88,30,20.0,7.0,2.4332062193464954,19.0,0.0,0.0,1.0,0.95,0.0,0.0,0.05,0.0,1.0,0.0,0.0,0.0,0.0,0.0,0.0,0.0,0.0,0.0,0.0,0.0,1.0,0.0,0.0,0.0,0.0,0.0,0.0,0.0,0.0,0.0,0.0,0.0,0.0,0.0,0.0,0.0,0.0,0.0,0.0,0.0,0.0,0.0,0.0,0.0,0.0,0.0,0.0,0.0,0.0,0.0,0.0,0.0,0.0,0.0,0.0,0.0,0.0,0.0,0.0,0.0,0.0
attack,"""gbeleeleTbeTbeTTbel",time,time,seqgan_master,seqgan_master__final__time__A__500__MASTER__raw_character__len20__gpre120__reward_off__seed88,31,20.0,6.0,2.3016094970590273,19.0,0.0,0.0,1.0,0.95,0.0,0.0,0.05,0.0,1.0,0.0,0.0,0.0,0.0,0.0,0.0,0.0,0.0,0.0,0.0,0.0,1.0,0.0,0.0,0.0,0.0,0.0,0.0,0.0,0.0,0.0,0.0,0.0,0.0,0.0,0.0,0.0,0.0,0.0,0.0,0.0,0.0,0.0,0.0,0.0,0.0,0.0,0.0,0.0,0.0,0.0,0.0,0.0,0.0,0.0,0.0,0.0,0.0,0.0,0.0,0.0,0.0
attack,"""gbeeleleeTTTTIpgTbe",time,time,seqgan_master,seqgan_master__final__time__A__500__MASTER__raw_character__len20__gpre120__reward_off__seed88,32,20.0,8.0,2.665957320949175,19.0,0.0,0.0,1.0,0.95,0.0,0.0,0.05,0.0,1.0,0.0,0.0,0.0,0.0,0.0,0.0,0.0,0.0,0.0,0.0,0.0,1.0,0.0,0.0,0.0,0.0,0.0,0.0,0.0,0.0,0.0,0.0,0.0,0.0,0.0,0.0,0.0,0.0,0.0,0.0,0.0,0.0,0.0,0.0,0.0,0.0,0.0,0.0,0.0,0.0,0.0,0.0,0.0,0.0,0.0,0.0,0.0,0.0,0.0,0.0,0.0,0.0
attack,"""gbeeeleeleleleleTTI",time,time,seqgan_master,seqgan_master__final__time__A__500__MASTER__raw_character__len20__gpre120__reward_off__seed88,33,20.0,7.0,2.2149798205164815,19.0,0.0,0.0,1.0,0.95,0.0,0.0,0.05,0.0,1.0,0.0,0.0,0.0,0.0,0.0,0.0,0.0,0.0,0.0,0.0,0.0,1.0,0.0,0.0,0.0,0.0,0.0,0.0,0.0,0.0,0.0,0.0,0.0,0.0,0.0,0.0,0.0,0.0,0.0,0.0,0.0,0.0,0.0,0.0,0.0,0.0,0.0,0.0,0.0,0.0,0.0,0.0,0.0,0.0,0.0,0.0,0.0,0.0,0.0,0.0,0.0,0.0
attack,"""gbeelelelelebeleele",time,time,seqgan_master,seqgan_master__final__time__A__500__MASTER__raw_character__len20__gpre120__reward_off__seed88,34,20.0,5.0,1.7854752972273344,19.0,0.0,0.0,1.0,0.95,0.0,0.0,0.05,0.0,1.0,0.0,0.0,0.0,0.0,0.0,0.0,0.0,0.0,0.0,0.0,0.0,1.0,0.0,0.0,0.0,0.0,0.0,0.0,0.0,0.0,0.0,0.0,0.0,0.0,0.0,0.0,0.0,0.0,0.0,0.0,0.0,0.0,0.0,0.0,0.0,0.0,0.0,0.0,0.0,0.0,0.0,0.0,0.0,0.0,0.0,0.0,0.0,0.0,0.0,0.0,0.0,0.0
attack,"""gbeleeTTTIIIdeleTTT",time,time,seqgan_master,seqgan_master__final__time__A__500__MASTER__raw_character__len20__gpre120__reward_off__seed88,35,20.0,8.0,2.6282129458410015,19.0,0.0,0.0,1.0,0.95,0.0,0.0,0.05,0.0,1.0,0.0,0.0,0.0,0.0,0.0,0.0,0.0,0.0,0.0,0.0,0.0,1.0,0.0,0.0,0.0,0.0,0.0,0.0,0.0,0.0,0.0,0.0,0.0,0.0,0.0,0.0,0.0,0.0,0.0,0.0,0.0,0.0,0.0,0.0,0.0,0.0,0.0,0.0,0.0,0.0,0.0,0.0,0.0,0.0,0.0,0.0,0.0,0.0,0.0,0.0,0.0,0.0
attack,"""gbeleTeleTTTIIpgTbe",time,time,seqgan_master,seqgan_master__final__time__A__500__MASTER__raw_character__len20__gpre120__reward_off__seed88,36,20.0,8.0,2.7609640474436814,19.0,0.0,0.0,1.0,0.95,0.0,0.0,0.05,0.0,1.0,0.0,0.0,0.0,0.0,0.0,0.0,0.0,0.0,0.0,0.0,0.0,1.0,0.0,0.0,0.0,0.0,0.0,0.0,0.0,0.0,0.0,0.0,0.0,0.0,0.0,0.0,0.0,0.0,0.0,0.0,0.0,0.0,0.0,0.0,0.0,0.0,0.0,0.0,0.0,0.0,0.0,0.0,0.0,0.0,0.0,0.0,0.0,0.0,0.0,0.0,0.0,0.0
attack,"""gbeleeTleTIIIMelele",time,time,seqgan_master,seqgan_master__final__time__A__500__MASTER__raw_character__len20__gpre120__reward_off__seed88,37,20.0,8.0,2.6016094970590276,19.0,0.0,0.0,1.0,0.95,0.0,0.0,0.05,0.0,1.0,0.0,0.0,0.0,0.0,0.0,0.0,0.0,0.0,0.0,0.0,0.0,1.0,0.0,0.0,0.0,0.0,0.0,0.0,0.0,0.0,0.0,0.0,0.0,0.0,0.0,0.0,0.0,0.0,0.0,0.0,0.0,0.0,0.0,0.0,0.0,0.0,0.0,0.0,0.0,0.0,0.0,0.0,0.0,0.0,0.0,0.0,0.0,0.0,0.0,0.0,0.0,0.0
attack,"""gbeeleleleleTTpgTTT",time,time,seqgan_master,seqgan_master__final__time__A__500__MASTER__raw_character__len20__gpre120__reward_off__seed88,38,20.0,7.0,2.465957320949175,19.0,0.0,0.0,1.0,0.95,0.0,0.0,0.05,0.0,1.0,0.0,0.0,0.0,0.0,0.0,0.0,0.0,0.0,0.0,0.0,0.0,1.0,0.0,0.0,0.0,0.0,0.0,0.0,0.0,0.0,0.0,0.0,0.0,0.0,0.0,0.0,0.0,0.0,0.0,0.0,0.0,0.0,0.0,0.0,0.0,0.0,0.0,0.0,0.0,0.0,0.0,0.0,0.0,0.0,0.0,0.0,0.0,0.0,0.0,0.0,0.0,0.0
attack,"""gbeleeleTIIpgTbelel",time,time,seqgan_master,seqgan_master__final__time__A__500__MASTER__raw_character__len20__gpre120__reward_off__seed88,39,20.0,8.0,2.746439344671016,19.0,0.0,0.0,1.0,0.95,0.0,0.0,0.05,0.0,1.0,0.0,0.0,0.0,0.0,0.0,0.0,0.0,0.0,0.0,0.0,0.0,1.0,0.0,0.0,0.0,0.0,0.0,0.0,0.0,0.0,0.0,0.0,0.0,0.0,0.0,0.0,0.0,0.0,0.0,0.0,0.0,0.0,0.0,0.0,0.0,0.0,0.0,0.0,0.0,0.0,0.0,0.0,0.0,0.0,0.0,0.0,0.0,0.0,0.0,0.0,0.0,0.0
attack,"""gbeleeTTTpgTbeeleTT",time,time,seqgan_master,seqgan_master__final__time__A__500__MASTER__raw_character__len20__gpre120__reward_off__seed88,40,20.0,7.0,2.470950594454669,19.0,0.0,0.0,1.0,0.95,0.0,0.0,0.05,0.0,1.0,0.0,0.0,0.0,0.0,0.0,0.0,0.0,0.0,0.0,0.0,0.0,1.0,0.0,0.0,0.0,0.0,0.0,0.0,0.0,0.0,0.0,0.0,0.0,0.0,0.0,0.0,0.0,0.0,0.0,0.0,0.0,0.0,0.0,0.0,0.0,0.0,0.0,0.0,0.0,0.0,0.0,0.0,0.0,0.0,0.0,0.0,0.0,0.0,0.0,0.0,0.0,0.0
attack,"""gbelee0eleTbTIMe0tr",time,time,seqgan_master,seqgan_master__final__time__A__500__MASTER__raw_character__len20__gpre120__reward_off__seed88,41,20.0,11.0,3.1464393446710157,17.0,2.0,0.0,1.0,0.85,0.1,0.0,0.05,0.0,1.0,0.0,0.0,0.0,0.0,0.0,0.0,0.0,0.0,0.0,0.0,0.0,1.0,0.0,0.0,0.0,0.0,0.0,0.0,0.0,0.0,0.0,0.0,0.0,0.0,0.0,0.0,0.0,0.0,0.0,0.0,0.0,0.0,0.0,0.0,0.0,0.0,0.0,0.0,0.0,0.0,0.0,0.0,0.0,0.0,0.0,0.0,0.0,0.0,0.0,0.0,0.0,0.0
attack,"""gbeleeleleleTbeleeT",time,time,seqgan_master,seqgan_master__final__time__A__500__MASTER__raw_character__len20__gpre120__reward_off__seed88,42,20.0,6.0,2.1149798205164814,19.0,0.0,0.0,1.0,0.95,0.0,0.0,0.05,0.0,1.0,0.0,0.0,0.0,0.0,0.0,0.0,0.0,0.0,0.0,0.0,0.0,1.0,0.0,0.0,0.0,0.0,0.0,0.0,0.0,0.0,0.0,0.0,0.0,0.0,0.0,0.0,0.0,0.0,0.0,0.0,0.0,0.0,0.0,0.0,0.0,0.0,0.0,0.0,0.0,0.0,0.0,0.0,0.0,0.0,0.0,0.0,0.0,0.0,0.0,0.0,0.0,0.0
attack,"""gberbeleeTMeleleTTT",time,time,seqgan_master,seqgan_master__final__time__A__500__MASTER__raw_character__len20__gpre120__reward_off__seed88,43,20.0,8.0,2.6016094970590276,19.0,0.0,0.0,1.0,0.95,0.0,0.0,0.05,0.0,1.0,0.0,0.0,0.0,0.0,0.0,0.0,0.0,0.0,0.0,0.0,0.0,1.0,0.0,0.0,0.0,0.0,0.0,0.0,0.0,0.0,0.0,0.0,0.0,0.0,0.0,0.0,0.0,0.0,0.0,0.0,0.0,0.0,0.0,0.0,0.0,0.0,0.0,0.0,0.0,0.0,0.0,0.0,0.0,0.0,0.0,0.0,0.0,0.0,0.0,0.0,0.0,0.0
attack,gTpgTTIMneleleleae0r,time,time,seqgan_master,seqgan_master__final__time__A__500__MASTER__raw_character__len20__gpre120__reward_off__seed88,44,20.0,11.0,3.165957320949175,19.0,1.0,0.0,0.0,0.95,0.05,0.0,0.0,0.0,0.0,0.0,0.0,0.0,0.0,0.0,0.0,0.0,0.0,0.0,0.0,0.0,0.0,0.0,0.0,0.0,0.0,0.0,0.0,0.0,0.0,0.0,0.0,0.0,0.0,0.0,0.0,0.0,0.0,0.0,0.0,0.0,0.0,0.0,0.0,0.0,0.0,0.0,0.0,0.0,0.0,0.0,0.0,0.0,0.0,0.0,0.0,0.0,0.0,0.0,0.0,0.0,0.0
attack,"""gbebeleeTTTIMleleTe",time,time,seqgan_master,seqgan_master__final__time__A__500__MASTER__raw_character__len20__gpre120__reward_off__seed88,45,20.0,8.0,2.6016094970590276,19.0,0.0,0.0,1.0,0.95,0.0,0.0,0.05,0.0,1.0,0.0,0.0,0.0,0.0,0.0,0.0,0.0,0.0,0.0,0.0,0.0,1.0,0.0,0.0,0.0,0.0,0.0,0.0,0.0,0.0,0.0,0.0,0.0,0.0,0.0,0.0,0.0,0.0,0.0,0.0,0.0,0.0,0.0,0.0,0.0,0.0,0.0,0.0,0.0,0.0,0.0,0.0,0.0,0.0,0.0,0.0,0.0,0.0,0.0,0.0,0.0,0.0
attack,"""gbeeleelelelleTlele",time,time,seqgan_master,seqgan_master__final__time__A__500__MASTER__raw_character__len20__gpre120__reward_off__seed88,46,20.0,6.0,1.9128876215181605,19.0,0.0,0.0,1.0,0.95,0.0,0.0,0.05,0.0,1.0,0.0,0.0,0.0,0.0,0.0,0.0,0.0,0.0,0.0,0.0,0.0,1.0,0.0,0.0,0.0,0.0,0.0,0.0,0.0,0.0,0.0,0.0,0.0,0.0,0.0,0.0,0.0,0.0,0.0,0.0,0.0,0.0,0.0,0.0,0.0,0.0,0.0,0.0,0.0,0.0,0.0,0.0,0.0,0.0,0.0,0.0,0.0,0.0,0.0,0.0,0.0,0.0
attack,"""gbeleeTTIIMeTTIIdpg",time,time,seqgan_master,seqgan_master__final__time__A__500__MASTER__raw_character__len20__gpre120__reward_off__seed88,47,20.0,10.0,3.0219280948873624,19.0,0.0,0.0,1.0,0.95,0.0,0.0,0.05,0.0,1.0,0.0,0.0,0.0,0.0,0.0,0.0,0.0,0.0,0.0,0.0,0.0,1.0,0.0,0.0,0.0,0.0,0.0,0.0,0.0,0.0,0.0,0.0,0.0,0.0,0.0,0.0,0.0,0.0,0.0,0.0,0.0,0.0,0.0,0.0,0.0,0.0,0.0,0.0,0.0,0.0,0.0,0.0,0.0,0.0,0.0,0.0,0.0,0.0,0.0,0.0,0.0,0.0
attack,"""gbeleleeleTleTTTIpg",time,time,seqgan_master,seqgan_master__final__time__A__500__MASTER__raw_character__len20__gpre120__reward_off__seed88,48,20.0,8.0,2.6464393446710157,19.0,0.0,0.0,1.0,0.95,0.0,0.0,0.05,0.0,1.0,0.0,0.0,0.0,0.0,0.0,0.0,0.0,0.0,0.0,0.0,0.0,1.0,0.0,0.0,0.0,0.0,0.0,0.0,0.0,0.0,0.0,0.0,0.0,0.0,0.0,0.0,0.0,0.0,0.0,0.0,0.0,0.0,0.0,0.0,0.0,0.0,0.0,0.0,0.0,0.0,0.0,0.0,0.0,0.0,0.0,0.0,0.0,0.0,0.0,0.0,0.0,0.0
attack,"""gbeleeTbeTTTTIpgTbe",time,time,seqgan_master,seqgan_master__final__time__A__500__MASTER__raw_character__len20__gpre120__reward_off__seed88,49,20.0,8.0,2.6282129458410015,19.0,0.0,0.0,1.0,0.95,0.0,0.0,0.05,0.0,1.0,0.0,0.0,0.0,0.0,0.0,0.0,0.0,0.0,0.0,0.0,0.0,1.0,0.0,0.0,0.0,0.0,0.0,0.0,0.0,0.0,0.0,0.0,0.0,0.0,0.0,0.0,0.0,0.0,0.0,0.0,0.0,0.0,0.0,0.0,0.0,0.0,0.0,0.0,0.0,0.0,0.0,0.0,0.0,0.0,0.0,0.0,0.0,0.0,0.0,0.0,0.0,0.0
attack,"""beeTbeneTTbeeleTTIb",time,time,seqgan_master,seqgan_master__final__time__A__500__MASTER__raw_character__len20__gpre120__reward_off__seed88,50,20.0,7.0,2.3588718484453604,19.0,0.0,0.0,1.0,0.95,0.0,0.0,0.05,0.0,1.0,0.0,0.0,0.0,0.0,0.0,0.0,0.0,0.0,0.0,0.0,0.0,1.0,0.0,0.0,0.0,0.0,0.0,0.0,0.0,0.0,0.0,0.0,0.0,0.0,0.0,0.0,0.0,0.0,0.0,0.0,0.0,0.0,0.0,0.0,0.0,0.0,0.0,0.0,0.0,0.0,0.0,0.0,0.0,0.0,0.0,0.0,0.0,0.0,0.0,0.0,0.0,0.0
attack,"""gbeeleTeleTTTITTneT",time,time,seqgan_master,seqgan_master__final__time__A__500__MASTER__raw_character__len20__gpre120__reward_off__seed88,51,20.0,8.0,2.463865121950854,19.0,0.0,0.0,1.0,0.95,0.0,0.0,0.05,0.0,1.0,0.0,0.0,0.0,0.0,0.0,0.0,0.0,0.0,0.0,0.0,0.0,1.0,0.0,0.0,0.0,0.0,0.0,0.0,0.0,0.0,0.0,0.0,0.0,0.0,0.0,0.0,0.0,0.0,0.0,0.0,0.0,0.0,0.0,0.0,0.0,0.0,0.0,0.0,0.0,0.0,0.0,0.0,0.0,0.0,0.0,0.0,0.0,0.0,0.0,0.0,0.0,0.0
attack,"""gbeleeleleeTIIlel0e",time,time,seqgan_master,seqgan_master__final__time__A__500__MASTER__raw_character__len20__gpre120__reward_off__seed88,52,20.0,8.0,2.441446071165522,18.0,1.0,0.0,1.0,0.9,0.05,0.0,0.05,0.0,1.0,0.0,0.0,0.0,0.0,0.0,0.0,0.0,0.0,0.0,0.0,0.0,1.0,0.0,0.0,0.0,0.0,0.0,0.0,0.0,0.0,0.0,0.0,0.0,0.0,0.0,0.0,0.0,0.0,0.0,0.0,0.0,0.0,0.0,0.0,0.0,0.0,0.0,0.0,0.0,0.0,0.0,0.0,0.0,0.0,0.0,0.0,0.0,0.0,0.0,0.0,0.0,0.0
attack,"""gbeleleeeleleTbeTII",time,time,seqgan_master,seqgan_master__final__time__A__500__MASTER__raw_character__len20__gpre120__reward_off__seed88,53,20.0,7.0,2.4219280948873623,19.0,0.0,0.0,1.0,0.95,0.0,0.0,0.05,0.0,1.0,0.0,0.0,0.0,0.0,0.0,0.0,0.0,0.0,0.0,0.0,0.0,1.0,0.0,0.0,0.0,0.0,0.0,0.0,0.0,0.0,0.0,0.0,0.0,0.0,0.0,0.0,0.0,0.0,0.0,0.0,0.0,0.0,0.0,0.0,0.0,0.0,0.0,0.0,0.0,0.0,0.0,0.0,0.0,0.0,0.0,0.0,0.0,0.0,0.0,0.0,0.0,0.0
attack,"""gbeleeTleelecbeleTT",time,time,seqgan_master,seqgan_master__final__time__A__500__MASTER__raw_character__len20__gpre120__reward_off__seed88,54,20.0,7.0,2.384183719779189,19.0,0.0,0.0,1.0,0.95,0.0,0.0,0.05,0.0,1.0,0.0,0.0,0.0,0.0,0.0,0.0,0.0,0.0,0.0,0.0,0.0,1.0,0.0,0.0,0.0,0.0,0.0,0.0,0.0,0.0,0.0,0.0,0.0,0.0,0.0,0.0,0.0,0.0,0.0,0.0,0.0,0.0,0.0,0.0,0.0,0.0,0.0,0.0,0.0,0.0,0.0,0.0,0.0,0.0,0.0,0.0,0.0,0.0,0.0,0.0,0.0,0.0
attack,"""gbeleeleleleTIITTIp",time,time,seqgan_master,seqgan_master__final__time__A__500__MASTER__raw_character__len20__gpre120__reward_off__seed88,55,20.0,8.0,2.6709505944546685,19.0,0.0,0.0,1.0,0.95,0.0,0.0,0.05,0.0,1.0,0.0,0.0,0.0,0.0,0.0,0.0,0.0,0.0,0.0,0.0,0.0,1.0,0.0,0.0,0.0,0.0,0.0,0.0,0.0,0.0,0.0,0.0,0.0,0.0,0.0,0.0,0.0,0.0,0.0,0.0,0.0,0.0,0.0,0.0,0.0,0.0,0.0,0.0,0.0,0.0,0.0,0.0,0.0,0.0,0.0,0.0,0.0,0.0,0.0,0.0,0.0,0.0
attack,""" iibeleegbeleleeTbe",time,time,seqgan_master,seqgan_master__final__time__A__500__MASTER__raw_character__len20__gpre120__reward_off__seed88,56,20.0,8.0,2.5464393446710156,18.0,0.0,1.0,1.0,0.9,0.0,0.05,0.05,0.0,1.0,0.0,0.0,0.0,0.0,0.0,0.0,0.0,0.0,0.0,0.0,0.0,1.0,0.0,0.0,0.0,0.0,0.0,0.0,0.0,0.0,0.0,0.0,0.0,0.0,0.0,0.0,0.0,0.0,0.0,0.0,0.0,0.0,0.0,0.0,0.0,0.0,0.0,0.0,0.0,0.0,0.0,0.0,0.0,0.0,0.0,0.0,0.0,0.0,0.0,0.0,0.0,0.0
attack,"""gbeleleeleeTeTTTTTI",time,time,seqgan_master,seqgan_master__final__time__A__500__MASTER__raw_character__len20__gpre120__reward_off__seed88,57,20.0,7.0,2.3261207468426806,19.0,0.0,0.0,1.0,0.95,0.0,0.0,0.05,0.0,1.0,0.0,0.0,0.0,0.0,0.0,0.0,0.0,0.0,0.0,0.0,0.0,1.0,0.0,0.0,0.0,0.0,0.0,0.0,0.0,0.0,0.0,0.0,0.0,0.0,0.0,0.0,0.0,0.0,0.0,0.0,0.0,0.0,0.0,0.0,0.0,0.0,0.0,0.0,0.0,0.0,0.0,0.0,0.0,0.0,0.0,0.0,0.0,0.0,0.0,0.0,0.0,0.0
attack,"""gbeeleeTTTpgTTpgTbe",time,time,seqgan_master,seqgan_master__final__time__A__500__MASTER__raw_character__len20__gpre120__reward_off__seed88,58,20.0,7.0,2.5282129458410014,19.0,0.0,0.0,1.0,0.95,0.0,0.0,0.05,0.0,1.0,0.0,0.0,0.0,0.0,0.0,0.0,0.0,0.0,0.0,0.0,0.0,1.0,0.0,0.0,0.0,0.0,0.0,0.0,0.0,0.0,0.0,0.0,0.0,0.0,0.0,0.0,0.0,0.0,0.0,0.0,0.0,0.0,0.0,0.0,0.0,0.0,0.0,0.0,0.0,0.0,0.0,0.0,0.0,0.0,0.0,0.0,0.0,0.0,0.0,0.0,0.0,0.0
attack,"""gbeleeTTIpgleeTIsMe",time,time,seqgan_master,seqgan_master__final__time__A__500__MASTER__raw_character__len20__gpre120__reward_off__seed88,59,20.0,10.0,3.008694969562842,19.0,0.0,0.0,1.0,0.95,0.0,0.0,0.05,0.0,1.0,0.0,0.0,0.0,0.0,0.0,0.0,0.0,0.0,0.0,0.0,0.0,1.0,0.0,0.0,0.0,0.0,0.0,0.0,0.0,0.0,0.0,0.0,0.0,0.0,0.0,0.0,0.0,0.0,0.0,0.0,0.0,0.0,0.0,0.0,0.0,0.0,0.0,0.0,0.0,0.0,0.0,0.0,0.0,0.0,0.0,0.0,0.0,0.0,0.0,0.0,0.0,0.0
attack,"""gbeleelelelele0rbel",time,time,seqgan_master,seqgan_master__final__time__A__500__MASTER__raw_character__len20__gpre120__reward_off__seed88,60,20.0,7.0,2.2464393446710154,18.0,1.0,0.0,1.0,0.9,0.05,0.0,0.05,0.0,1.0,0.0,0.0,0.0,0.0,0.0,0.0,0.0,0.0,0.0,0.0,0.0,1.0,0.0,0.0,0.0,0.0,0.0,0.0,0.0,0.0,0.0,0.0,0.0,0.0,0.0,0.0,0.0,0.0,0.0,0.0,0.0,0.0,0.0,0.0,0.0,0.0,0.0,0.0,0.0,0.0,0.0,0.0,0.0,0.0,0.0,0.0,0.0,0.0,0.0,0.0,0.0,0.0
attack,"""gbgbeeleeleleleleTl",time,time,seqgan_master,seqgan_master__final__time__A__500__MASTER__raw_character__len20__gpre120__reward_off__seed88,61,20.0,6.0,2.1464393446710153,19.0,0.0,0.0,1.0,0.95,0.0,0.0,0.05,0.0,1.0,0.0,0.0,0.0,0.0,0.0,0.0,0.0,0.0,0.0,0.0,0.0,1.0,0.0,0.0,0.0,0.0,0.0,0.0,0.0,0.0,0.0,0.0,0.0,0.0,0.0,0.0,0.0,0.0,0.0,0.0,0.0,0.0,0.0,0.0,0.0,0.0,0.0,0.0,0.0,0.0,0.0,0.0,0.0,0.0,0.0,0.0,0.0,0.0,0.0,0.0,0.0,0.0
attack,"""gbeeleTMbeleTbeleeT",time,time,seqgan_master,seqgan_master__final__time__A__500__MASTER__raw_character__len20__gpre120__reward_off__seed88,62,20.0,7.0,2.408694969562842,19.0,0.0,0.0,1.0,0.95,0.0,0.0,0.05,0.0,1.0,0.0,0.0,0.0,0.0,0.0,0.0,0.0,0.0,0.0,0.0,0.0,1.0,0.0,0.0,0.0,0.0,0.0,0.0,0.0,0.0,0.0,0.0,0.0,0.0,0.0,0.0,0.0,0.0,0.0,0.0,0.0,0.0,0.0,0.0,0.0,0.0,0.0,0.0,0.0,0.0,0.0,0.0,0.0,0.0,0.0,0.0,0.0,0.0,0.0,0.0,0.0,0.0
attack,",waiiibeleeTTTIpgrbe",time,time,seqgan_master,seqgan_master__final__time__A__500__MASTER__raw_character__len20__gpre120__reward_off__seed88,63,20.0,12.0,3.3464393446710154,19.0,0.0,0.0,1.0,0.95,0.0,0.0,0.05,0.0,0.0,0.0,0.0,0.0,0.0,0.0,0.0,0.0,0.0,1.0,0.0,0.0,0.0,0.0,0.0,0.0,0.0,0.0,0.0,0.0,0.0,0.0,0.0,0.0,0.0,0.0,0.0,0.0,0.0,0.0,0.0,0.0,0.0,0.0,0.0,0.0,0.0,0.0,0.0,0.0,0.0,0.0,0.0,0.0,0.0,0.0,0.0,0.0,0.0,0.0,0.0,0.0,0.0
attack,"""gbelele0ebeeTTTIMel",time,time,seqgan_master,seqgan_master__final__time__A__500__MASTER__raw_character__len20__gpre120__reward_off__seed88,64,20.0,9.0,2.763865121950854,18.0,1.0,0.0,1.0,0.9,0.05,0.0,0.05,0.0,1.0,0.0,0.0,0.0,0.0,0.0,0.0,0.0,0.0,0.0,0.0,0.0,1.0,0.0,0.0,0.0,0.0,0.0,0.0,0.0,0.0,0.0,0.0,0.0,0.0,0.0,0.0,0.0,0.0,0.0,0.0,0.0,0.0,0.0,0.0,0.0,0.0,0.0,0.0,0.0,0.0,0.0,0.0,0.0,0.0,0.0,0.0,0.0,0.0,0.0,0.0,0.0,0.0
attack,"""gbeleleleeTTIMbelee",time,time,seqgan_master,seqgan_master__final__time__A__500__MASTER__raw_character__len20__gpre120__reward_off__seed88,65,20.0,8.0,2.5219280948873624,19.0,0.0,0.0,1.0,0.95,0.0,0.0,0.05,0.0,1.0,0.0,0.0,0.0,0.0,0.0,0.0,0.0,0.0,0.0,0.0,0.0,1.0,0.0,0.0,0.0,0.0,0.0,0.0,0.0,0.0,0.0,0.0,0.0,0.0,0.0,0.0,0.0,0.0,0.0,0.0,0.0,0.0,0.0,0.0,0.0,0.0,0.0,0.0,0.0,0.0,0.0,0.0,0.0,0.0,0.0,0.0,0.0,0.0,0.0,0.0,0.0,0.0
attack,"""gbeleleeleleelelele",time,time,seqgan_master,seqgan_master__final__time__A__500__MASTER__raw_character__len20__gpre120__reward_off__seed88,66,20.0,5.0,1.6783898247235198,19.0,0.0,0.0,1.0,0.95,0.0,0.0,0.05,0.0,1.0,0.0,0.0,0.0,0.0,0.0,0.0,0.0,0.0,0.0,0.0,0.0,1.0,0.0,0.0,0.0,0.0,0.0,0.0,0.0,0.0,0.0,0.0,0.0,0.0,0.0,0.0,0.0,0.0,0.0,0.0,0.0,0.0,0.0,0.0,0.0,0.0,0.0,0.0,0.0,0.0,0.0,0.0,0.0,0.0,0.0,0.0,0.0,0.0,0.0,0.0,0.0,0.0
attack,"""gbeleleeeleleeTneTI",time,time,seqgan_master,seqgan_master__final__time__A__500__MASTER__raw_character__len20__gpre120__reward_off__seed88,67,20.0,8.0,2.395461844238322,19.0,0.0,0.0,1.0,0.95,0.0,0.0,0.05,0.0,1.0,0.0,0.0,0.0,0.0,0.0,0.0,0.0,0.0,0.0,0.0,0.0,1.0,0.0,0.0,0.0,0.0,0.0,0.0,0.0,0.0,0.0,0.0,0.0,0.0,0.0,0.0,0.0,0.0,0.0,0.0,0.0,0.0,0.0,0.0,0.0,0.0,0.0,0.0,0.0,0.0,0.0,0.0,0.0,0.0,0.0,0.0,0.0,0.0,0.0,0.0,0.0,0.0
attack,"""gbeleeTIMbeleeTTTTI",time,time,seqgan_master,seqgan_master__final__time__A__500__MASTER__raw_character__len20__gpre120__reward_off__seed88,68,20.0,8.0,2.665957320949175,19.0,0.0,0.0,1.0,0.95,0.0,0.0,0.05,0.0,1.0,0.0,0.0,0.0,0.0,0.0,0.0,0.0,0.0,0.0,0.0,0.0,1.0,0.0,0.0,0.0,0.0,0.0,0.0,0.0,0.0,0.0,0.0,0.0,0.0,0.0,0.0,0.0,0.0,0.0,0.0,0.0,0.0,0.0,0.0,0.0,0.0,0.0,0.0,0.0,0.0,0.0,0.0,0.0,0.0,0.0,0.0,0.0,0.0,0.0,0.0,0.0,0.0
attack,1 iiiiibeleleeleTTTI,time,time,seqgan_master,seqgan_master__final__time__A__500__MASTER__raw_character__len20__gpre120__reward_off__seed88,69,20.0,8.0,2.6854752972273346,18.0,1.0,1.0,0.0,0.9,0.05,0.05,0.0,0.0,0.0,0.0,0.0,0.0,0.0,0.0,0.0,0.0,0.0,0.0,0.0,0.0,0.0,0.0,0.0,0.0,0.0,0.0,0.0,0.0,0.0,0.0,0.0,0.0,0.0,0.0,0.0,0.0,0.0,0.0,0.0,0.0,0.0,0.0,0.0,0.0,0.0,0.0,0.0,0.0,0.0,0.0,0.0,0.0,0.0,0.0,0.0,0.0,0.0,0.0,0.0,0.0,0.0
attack,"""gbeleleTTTITTTTTpgT",time,time,seqgan_master,seqgan_master__final__time__A__500__MASTER__raw_character__len20__gpre120__reward_off__seed88,70,20.0,8.0,2.4577174691301487,19.0,0.0,0.0,1.0,0.95,0.0,0.0,0.05,0.0,1.0,0.0,0.0,0.0,0.0,0.0,0.0,0.0,0.0,0.0,0.0,0.0,1.0,0.0,0.0,0.0,0.0,0.0,0.0,0.0,0.0,0.0,0.0,0.0,0.0,0.0,0.0,0.0,0.0,0.0,0.0,0.0,0.0,0.0,0.0,0.0,0.0,0.0,0.0,0.0,0.0,0.0,0.0,0.0,0.0,0.0,0.0,0.0,0.0,0.0,0.0,0.0,0.0
attack,"""gbeeleleleleleTTIMe",time,time,seqgan_master,seqgan_master__final__time__A__500__MASTER__raw_character__len20__gpre120__reward_off__seed88,71,20.0,8.0,2.441446071165522,19.0,0.0,0.0,1.0,0.95,0.0,0.0,0.05,0.0,1.0,0.0,0.0,0.0,0.0,0.0,0.0,0.0,0.0,0.0,0.0,0.0,1.0,0.0,0.0,0.0,0.0,0.0,0.0,0.0,0.0,0.0,0.0,0.0,0.0,0.0,0.0,0.0,0.0,0.0,0.0,0.0,0.0,0.0,0.0,0.0,0.0,0.0,0.0,0.0,0.0,0.0,0.0,0.0,0.0,0.0,0.0,0.0,0.0,0.0,0.0,0.0,0.0
attack,aoribeleTTTTIIpgTbel,time,time,seqgan_master,seqgan_master__final__time__A__500__MASTER__raw_character__len20__gpre120__reward_off__seed88,72,20.0,11.0,3.2037016960573483,20.0,0.0,0.0,0.0,1.0,0.0,0.0,0.0,0.0,0.0,0.0,0.0,0.0,0.0,0.0,0.0,0.0,0.0,0.0,0.0,0.0,0.0,0.0,0.0,0.0,0.0,0.0,0.0,0.0,0.0,0.0,0.0,0.0,0.0,0.0,0.0,0.0,0.0,0.0,0.0,0.0,0.0,0.0,0.0,0.0,0.0,0.0,0.0,0.0,0.0,0.0,0.0,0.0,0.0,0.0,0.0,0.0,0.0,0.0,0.0,0.0,0.0
attack,"""gbeleeleeTIeleTTInl",time,time,seqgan_master,seqgan_master__final__time__A__500__MASTER__raw_character__len20__gpre120__reward_off__seed88,73,20.0,8.0,2.6016094970590276,19.0,0.0,0.0,1.0,0.95,0.0,0.0,0.05,0.0,1.0,0.0,0.0,0.0,0.0,0.0,0.0,0.0,0.0,0.0,0.0,0.0,1.0,0.0,0.0,0.0,0.0,0.0,0.0,0.0,0.0,0.0,0.0,0.0,0.0,0.0,0.0,0.0,0.0,0.0,0.0,0.0,0.0,0.0,0.0,0.0,0.0,0.0,0.0,0.0,0.0,0.0,0.0,0.0,0.0,0.0,0.0,0.0,0.0,0.0,0.0,0.0,0.0
attack,"""gribeeeleTbeTbbeeTe",time,time,seqgan_master,seqgan_master__final__time__A__500__MASTER__raw_character__len20__gpre120__reward_off__seed88,74,20.0,8.0,2.484183719779189,19.0,0.0,0.0,1.0,0.95,0.0,0.0,0.05,0.0,1.0,0.0,0.0,0.0,0.0,0.0,0.0,0.0,0.0,0.0,0.0,0.0,1.0,0.0,0.0,0.0,0.0,0.0,0.0,0.0,0.0,0.0,0.0,0.0,0.0,0.0,0.0,0.0,0.0,0.0,0.0,0.0,0.0,0.0,0.0,0.0,0.0,0.0,0.0,0.0,0.0,0.0,0.0,0.0,0.0,0.0,0.0,0.0,0.0,0.0,0.0,0.0,0.0
attack,"""gbeleleebeTelele0TT",time,time,seqgan_master,seqgan_master__final__time__A__500__MASTER__raw_character__len20__gpre120__reward_off__seed88,75,20.0,7.0,2.384183719779189,18.0,1.0,0.0,1.0,0.9,0.05,0.0,0.05,0.0,1.0,0.0,0.0,0.0,0.0,0.0,0.0,0.0,0.0,0.0,0.0,0.0,1.0,0.0,0.0,0.0,0.0,0.0,0.0,0.0,0.0,0.0,0.0,0.0,0.0,0.0,0.0,0.0,0.0,0.0,0.0,0.0,0.0,0.0,0.0,0.0,0.0,0.0,0.0,0.0,0.0,0.0,0.0,0.0,0.0,0.0,0.0,0.0,0.0,0.0,0.0,0.0,0.0
attack,"""gbeleeleeTITTTTTITT",time,time,seqgan_master,seqgan_master__final__time__A__500__MASTER__raw_character__len20__gpre120__reward_off__seed88,76,20.0,7.0,2.341446071165522,19.0,0.0,0.0,1.0,0.95,0.0,0.0,0.05,0.0,1.0,0.0,0.0,0.0,0.0,0.0,0.0,0.0,0.0,0.0,0.0,0.0,1.0,0.0,0.0,0.0,0.0,0.0,0.0,0.0,0.0,0.0,0.0,0.0,0.0,0.0,0.0,0.0,0.0,0.0,0.0,0.0,0.0,0.0,0.0,0.0,0.0,0.0,0.0,0.0,0.0,0.0,0.0,0.0,0.0,0.0,0.0,0.0,0.0,0.0,0.0,0.0,0.0
attack,"""bgbeeleleeleeTI(TIb",time,time,seqgan_master,seqgan_master__final__time__A__500__MASTER__raw_character__len20__gpre120__reward_off__seed88,77,20.0,8.0,2.6638651219508542,18.0,0.0,0.0,2.0,0.9,0.0,0.0,0.1,0.0,1.0,0.0,0.0,0.0,0.0,0.0,1.0,0.0,0.0,0.0,0.0,0.0,1.0,0.0,0.0,0.0,0.0,1.0,0.0,0.0,0.0,0.0,0.0,0.0,0.0,0.0,0.0,0.0,0.0,0.0,0.0,0.0,0.0,0.0,0.0,0.0,0.0,0.0,0.0,0.0,0.0,0.0,0.0,0.0,0.0,0.0,0.0,0.0,0.0,0.0,0.0,0.0,0.0
attack,"""gbeleleeleTbeTTTpgT",time,time,seqgan_master,seqgan_master__final__time__A__500__MASTER__raw_character__len20__gpre120__reward_off__seed88,78,20.0,7.0,2.5282129458410014,19.0,0.0,0.0,1.0,0.95,0.0,0.0,0.05,0.0,1.0,0.0,0.0,0.0,0.0,0.0,0.0,0.0,0.0,0.0,0.0,0.0,1.0,0.0,0.0,0.0,0.0,0.0,0.0,0.0,0.0,0.0,0.0,0.0,0.0,0.0,0.0,0.0,0.0,0.0,0.0,0.0,0.0,0.0,0.0,0.0,0.0,0.0,0.0,0.0,0.0,0.0,0.0,0.0,0.0,0.0,0.0,0.0,0.0,0.0,0.0,0.0,0.0
attack,"""gbeleeleleZTIII'TIp",time,time,seqgan_master,seqgan_master__final__time__A__500__MASTER__raw_character__len20__gpre120__reward_off__seed88,79,20.0,10.0,3.0037016960573486,18.0,0.0,0.0,2.0,0.9,0.0,0.0,0.1,1.0,1.0,0.0,0.0,0.0,0.0,0.0,0.0,0.0,0.0,0.0,0.0,1.0,1.0,0.0,0.0,0.0,0.0,0.0,0.0,0.0,0.0,0.0,0.0,0.0,0.0,0.0,0.0,0.0,0.0,0.0,0.0,0.0,0.0,0.0,0.0,0.0,0.0,0.0,0.0,0.0,0.0,0.0,0.0,0.0,0.0,0.0,0.0,0.0,0.0,0.0,0.0,0.0,0.0
attack,"""gbeleeTeTIMbeleleTb",time,time,seqgan_master,seqgan_master__final__time__A__500__MASTER__raw_character__len20__gpre120__reward_off__seed88,80,20.0,8.0,2.6261207468426804,19.0,0.0,0.0,1.0,0.95,0.0,0.0,0.05,0.0,1.0,0.0,0.0,0.0,0.0,0.0,0.0,0.0,0.0,0.0,0.0,0.0,1.0,0.0,0.0,0.0,0.0,0.0,0.0,0.0,0.0,0.0,0.0,0.0,0.0,0.0,0.0,0.0,0.0,0.0,0.0,0.0,0.0,0.0,0.0,0.0,0.0,0.0,0.0,0.0,0.0,0.0,0.0,0.0,0.0,0.0,0.0,0.0,0.0,0.0,0.0,0.0,0.0
attack,"""gbeleeeleTTIe0_TTIp",time,time,seqgan_master,seqgan_master__final__time__A__500__MASTER__raw_character__len20__gpre120__reward_off__seed88,81,20.0,10.0,2.9464393446710155,17.0,1.0,0.0,2.0,0.85,0.05,0.0,0.1,0.0,1.0,0.0,0.0,0.0,0.0,0.0,0.0,0.0,1.0,0.0,0.0,0.0,1.0,0.0,0.0,0.0,0.0,0.0,0.0,0.0,0.0,0.0,0.0,0.0,0.0,0.0,0.0,0.0,0.0,0.0,0.0,0.0,0.0,0.0,0.0,0.0,0.0,0.0,0.0,0.0,0.0,0.0,0.0,0.0,0.0,0.0,0.0,0.0,0.0,0.0,0.0,0.0,0.0
attack,"""gbeeleleTTIIpgTlele",time,time,seqgan_master,seqgan_master__final__time__A__500__MASTER__raw_character__len20__gpre120__reward_off__seed88,82,20.0,8.0,2.708694969562842,19.0,0.0,0.0,1.0,0.95,0.0,0.0,0.05,0.0,1.0,0.0,0.0,0.0,0.0,0.0,0.0,0.0,0.0,0.0,0.0,0.0,1.0,0.0,0.0,0.0,0.0,0.0,0.0,0.0,0.0,0.0,0.0,0.0,0.0,0.0,0.0,0.0,0.0,0.0,0.0,0.0,0.0,0.0,0.0,0.0,0.0,0.0,0.0,0.0,0.0,0.0,0.0,0.0,0.0,0.0,0.0,0.0,0.0,0.0,0.0,0.0,0.0
attack,"""gbeleeTleTpgTleleTT",time,time,seqgan_master,seqgan_master__final__time__A__500__MASTER__raw_character__len20__gpre120__reward_off__seed88,83,20.0,7.0,2.465957320949175,19.0,0.0,0.0,1.0,0.95,0.0,0.0,0.05,0.0,1.0,0.0,0.0,0.0,0.0,0.0,0.0,0.0,0.0,0.0,0.0,0.0,1.0,0.0,0.0,0.0,0.0,0.0,0.0,0.0,0.0,0.0,0.0,0.0,0.0,0.0,0.0,0.0,0.0,0.0,0.0,0.0,0.0,0.0,0.0,0.0,0.0,0.0,0.0,0.0,0.0,0.0,0.0,0.0,0.0,0.0,0.0,0.0,0.0,0.0,0.0,0.0,0.0
attack,"""gbeleeleleleleleTTb",time,time,seqgan_master,seqgan_master__final__time__A__500__MASTER__raw_character__len20__gpre120__reward_off__seed88,84,20.0,6.0,2.1464393446710153,19.0,0.0,0.0,1.0,0.95,0.0,0.0,0.05,0.0,1.0,0.0,0.0,0.0,0.0,0.0,0.0,0.0,0.0,0.0,0.0,0.0,1.0,0.0,0.0,0.0,0.0,0.0,0.0,0.0,0.0,0.0,0.0,0.0,0.0,0.0,0.0,0.0,0.0,0.0,0.0,0.0,0.0,0.0,0.0,0.0,0.0,0.0,0.0,0.0,0.0,0.0,0.0,0.0,0.0,0.0,0.0,0.0,0.0,0.0,0.0,0.0,0.0
attack,"""gbeleeleeTleleTITTT",time,time,seqgan_master,seqgan_master__final__time__A__500__MASTER__raw_character__len20__gpre120__reward_off__seed88,85,20.0,7.0,2.3588718484453604,19.0,0.0,0.0,1.0,0.95,0.0,0.0,0.05,0.0,1.0,0.0,0.0,0.0,0.0,0.0,0.0,0.0,0.0,0.0,0.0,0.0,1.0,0.0,0.0,0.0,0.0,0.0,0.0,0.0,0.0,0.0,0.0,0.0,0.0,0.0,0.0,0.0,0.0,0.0,0.0,0.0,0.0,0.0,0.0,0.0,0.0,0.0,0.0,0.0,0.0,0.0,0.0,0.0,0.0,0.0,0.0,0.0,0.0,0.0,0.0,0.0,0.0
attack,"""gbeleleeleeTbeTIMeT",time,time,seqgan_master,seqgan_master__final__time__A__500__MASTER__raw_character__len20__gpre120__reward_off__seed88,86,20.0,8.0,2.5464393446710156,19.0,0.0,0.0,1.0,0.95,0.0,0.0,0.05,0.0,1.0,0.0,0.0,0.0,0.0,0.0,0.0,0.0,0.0,0.0,0.0,0.0,1.0,0.0,0.0,0.0,0.0,0.0,0.0,0.0,0.0,0.0,0.0,0.0,0.0,0.0,0.0,0.0,0.0,0.0,0.0,0.0,0.0,0.0,0.0,0.0,0.0,0.0,0.0,0.0,0.0,0.0,0.0,0.0,0.0,0.0,0.0,0.0,0.0,0.0,0.0,0.0,0.0
attack,"""gbeleeeleTleleleleT",time,time,seqgan_master,seqgan_master__final__time__A__500__MASTER__raw_character__len20__gpre120__reward_off__seed88,87,20.0,6.0,2.0199730940219753,19.0,0.0,0.0,1.0,0.95,0.0,0.0,0.05,0.0,1.0,0.0,0.0,0.0,0.0,0.0,0.0,0.0,0.0,0.0,0.0,0.0,1.0,0.0,0.0,0.0,0.0,0.0,0.0,0.0,0.0,0.0,0.0,0.0,0.0,0.0,0.0,0.0,0.0,0.0,0.0,0.0,0.0,0.0,0.0,0.0,0.0,0.0,0.0,0.0,0.0,0.0,0.0,0.0,0.0,0.0,0.0,0.0,0.0,0.0,0.0,0.0,0.0
attack,"""gbeleeleTleTTMbelel",time,time,seqgan_master,seqgan_master__final__time__A__500__MASTER__raw_character__len20__gpre120__reward_off__seed88,88,20.0,7.0,2.421127473337187,19.0,0.0,0.0,1.0,0.95,0.0,0.0,0.05,0.0,1.0,0.0,0.0,0.0,0.0,0.0,0.0,0.0,0.0,0.0,0.0,0.0,1.0,0.0,0.0,0.0,0.0,0.0,0.0,0.0,0.0,0.0,0.0,0.0,0.0,0.0,0.0,0.0,0.0,0.0,0.0,0.0,0.0,0.0,0.0,0.0,0.0,0.0,0.0,0.0,0.0,0.0,0.0,0.0,0.0,0.0,0.0,0.0,0.0,0.0,0.0,0.0,0.0
attack,"""gbegbeeleleleele0TT",time,time,seqgan_master,seqgan_master__final__time__A__500__MASTER__raw_character__len20__gpre120__reward_off__seed88,89,20.0,7.0,2.4219280948873623,18.0,1.0,0.0,1.0,0.9,0.05,0.0,0.05,0.0,1.0,0.0,0.0,0.0,0.0,0.0,0.0,0.0,0.0,0.0,0.0,0.0,1.0,0.0,0.0,0.0,0.0,0.0,0.0,0.0,0.0,0.0,0.0,0.0,0.0,0.0,0.0,0.0,0.0,0.0,0.0,0.0,0.0,0.0,0.0,0.0,0.0,0.0,0.0,0.0,0.0,0.0,0.0,0.0,0.0,0.0,0.0,0.0,0.0,0.0,0.0,0.0,0.0
attack,",waibeeTIMbeTeTMbeTI",time,time,seqgan_master,seqgan_master__final__time__A__500__MASTER__raw_character__len20__gpre120__reward_off__seed88,90,20.0,9.0,2.9037016960573485,19.0,0.0,0.0,1.0,0.95,0.0,0.0,0.05,0.0,0.0,0.0,0.0,0.0,0.0,0.0,0.0,0.0,0.0,1.0,0.0,0.0,0.0,0.0,0.0,0.0,0.0,0.0,0.0,0.0,0.0,0.0,0.0,0.0,0.0,0.0,0.0,0.0,0.0,0.0,0.0,0.0,0.0,0.0,0.0,0.0,0.0,0.0,0.0,0.0,0.0,0.0,0.0,0.0,0.0,0.0,0.0,0.0,0.0,0.0,0.0,0.0,0.0
attack,"""gbeeleebeleleTbTTTT",time,time,seqgan_master,seqgan_master__final__time__A__500__MASTER__raw_character__len20__gpre120__reward_off__seed88,91,20.0,6.0,2.2833830982290135,19.0,0.0,0.0,1.0,0.95,0.0,0.0,0.05,0.0,1.0,0.0,0.0,0.0,0.0,0.0,0.0,0.0,0.0,0.0,0.0,0.0,1.0,0.0,0.0,0.0,0.0,0.0,0.0,0.0,0.0,0.0,0.0,0.0,0.0,0.0,0.0,0.0,0.0,0.0,0.0,0.0,0.0,0.0,0.0,0.0,0.0,0.0,0.0,0.0,0.0,0.0,0.0,0.0,0.0,0.0,0.0,0.0,0.0,0.0,0.0,0.0,0.0
attack,"""gbelelee0yTTTIbeTbe",time,time,seqgan_master,seqgan_master__final__time__A__500__MASTER__raw_character__len20__gpre120__reward_off__seed88,92,20.0,9.0,2.808694969562842,18.0,1.0,0.0,1.0,0.9,0.05,0.0,0.05,0.0,1.0,0.0,0.0,0.0,0.0,0.0,0.0,0.0,0.0,0.0,0.0,0.0,1.0,0.0,0.0,0.0,0.0,0.0,0.0,0.0,0.0,0.0,0.0,0.0,0.0,0.0,0.0,0.0,0.0,0.0,0.0,0.0,0.0,0.0,0.0,0.0,0.0,0.0,0.0,0.0,0.0,0.0,0.0,0.0,0.0,0.0,0.0,0.0,0.0,0.0,0.0,0.0,0.0
attack,"""gbeelelelee0tTTTIde",time,time,seqgan_master,seqgan_master__final__time__A__500__MASTER__raw_character__len20__gpre120__reward_off__seed88,93,20.0,10.0,2.863865121950854,18.0,1.0,0.0,1.0,0.9,0.05,0.0,0.05,0.0,1.0,0.0,0.0,0.0,0.0,0.0,0.0,0.0,0.0,0.0,0.0,0.0,1.0,0.0,0.0,0.0,0.0,0.0,0.0,0.0,0.0,0.0,0.0,0.0,0.0,0.0,0.0,0.0,0.0,0.0,0.0,0.0,0.0,0.0,0.0,0.0,0.0,0.0,0.0,0.0,0.0,0.0,0.0,0.0,0.0,0.0,0.0,0.0,0.0,0.0,0.0,0.0,0.0
attack,"""gbeleleeTIMbelegbee",time,time,seqgan_master,seqgan_master__final__time__A__500__MASTER__raw_character__len20__gpre120__reward_off__seed88,94,20.0,8.0,2.5464393446710156,19.0,0.0,0.0,1.0,0.95,0.0,0.0,0.05,0.0,1.0,0.0,0.0,0.0,0.0,0.0,0.0,0.0,0.0,0.0,0.0,0.0,1.0,0.0,0.0,0.0,0.0,0.0,0.0,0.0,0.0,0.0,0.0,0.0,0.0,0.0,0.0,0.0,0.0,0.0,0.0,0.0,0.0,0.0,0.0,0.0,0.0,0.0,0.0,0.0,0.0,0.0,0.0,0.0,0.0,0.0,0.0,0.0,0.0,0.0,0.0,0.0,0.0
attack,"""gbeleeeTIbeTIIMbeTT",time,time,seqgan_master,seqgan_master__final__time__A__500__MASTER__raw_character__len20__gpre120__reward_off__seed88,95,20.0,8.0,2.6709505944546685,19.0,0.0,0.0,1.0,0.95,0.0,0.0,0.05,0.0,1.0,0.0,0.0,0.0,0.0,0.0,0.0,0.0,0.0,0.0,0.0,0.0,1.0,0.0,0.0,0.0,0.0,0.0,0.0,0.0,0.0,0.0,0.0,0.0,0.0,0.0,0.0,0.0,0.0,0.0,0.0,0.0,0.0,0.0,0.0,0.0,0.0,0.0,0.0,0.0,0.0,0.0,0.0,0.0,0.0,0.0,0.0,0.0,0.0,0.0,0.0,0.0,0.0
attack,"""gbeleleeTbeleleTIIp",time,time,seqgan_master,seqgan_master__final__time__A__500__MASTER__raw_character__len20__gpre120__reward_off__seed88,96,20.0,8.0,2.639353872167201,19.0,0.0,0.0,1.0,0.95,0.0,0.0,0.05,0.0,1.0,0.0,0.0,0.0,0.0,0.0,0.0,0.0,0.0,0.0,0.0,0.0,1.0,0.0,0.0,0.0,0.0,0.0,0.0,0.0,0.0,0.0,0.0,0.0,0.0,0.0,0.0,0.0,0.0,0.0,0.0,0.0,0.0,0.0,0.0,0.0,0.0,0.0,0.0,0.0,0.0,0.0,0.0,0.0,0.0,0.0,0.0,0.0,0.0,0.0,0.0,0.0,0.0
attack,"""gbeglelee0rbeTbeleT",time,time,seqgan_master,seqgan_master__final__time__A__500__MASTER__raw_character__len20__gpre120__reward_off__seed88,97,20.0,8.0,2.6638651219508542,18.0,1.0,0.0,1.0,0.9,0.05,0.0,0.05,0.0,1.0,0.0,0.0,0.0,0.0,0.0,0.0,0.0,0.0,0.0,0.0,0.0,1.0,0.0,0.0,0.0,0.0,0.0,0.0,0.0,0.0,0.0,0.0,0.0,0.0,0.0,0.0,0.0,0.0,0.0,0.0,0.0,0.0,0.0,0.0,0.0,0.0,0.0,0.0,0.0,0.0,0.0,0.0,0.0,0.0,0.0,0.0,0.0,0.0,0.0,0.0,0.0,0.0
attack,"""gbeleeleTIelleTlele",time,time,seqgan_master,seqgan_master__final__time__A__500__MASTER__raw_character__len20__gpre120__reward_off__seed88,98,20.0,7.0,2.2464393446710154,19.0,0.0,0.0,1.0,0.95,0.0,0.0,0.05,0.0,1.0,0.0,0.0,0.0,0.0,0.0,0.0,0.0,0.0,0.0,0.0,0.0,1.0,0.0,0.0,0.0,0.0,0.0,0.0,0.0,0.0,0.0,0.0,0.0,0.0,0.0,0.0,0.0,0.0,0.0,0.0,0.0,0.0,0.0,0.0,0.0,0.0,0.0,0.0,0.0,0.0,0.0,0.0,0.0,0.0,0.0,0.0,0.0,0.0,0.0,0.0,0.0,0.0
attack,"""gbgbeleleleleelebel",time,time,seqgan_master,seqgan_master__final__time__A__500__MASTER__raw_character__len20__gpre120__reward_off__seed88,99,20.0,5.0,2.0086949695628418,19.0,0.0,0.0,1.0,0.95,0.0,0.0,0.05,0.0,1.0,0.0,0.0,0.0,0.0,0.0,0.0,0.0,0.0,0.0,0.0,0.0,1.0,0.0,0.0,0.0,0.0,0.0,0.0,0.0,0.0,0.0,0.0,0.0,0.0,0.0,0.0,0.0,0.0,0.0,0.0,0.0,0.0,0.0,0.0,0.0,0.0,0.0,0.0,0.0,0.0,0.0,0.0,0.0,0.0,0.0,0.0,0.0,0.0,0.0,0.0,0.0,0.0
attack,"""gbeleeeTTIITTTTTIpg",time,time,seqgan_master,seqgan_master__final__time__A__500__MASTER__raw_character__len20__gpre120__reward_off__seed88,100,20.0,8.0,2.6016094970590276,19.0,0.0,0.0,1.0,0.95,0.0,0.0,0.05,0.0,1.0,0.0,0.0,0.0,0.0,0.0,0.0,0.0,0.0,0.0,0.0,0.0,1.0,0.0,0.0,0.0,0.0,0.0,0.0,0.0,0.0,0.0,0.0,0.0,0.0,0.0,0.0,0.0,0.0,0.0,0.0,0.0,0.0,0.0,0.0,0.0,0.0,0.0,0.0,0.0,0.0,0.0,0.0,0.0,0.0,0.0,0.0,0.0,0.0,0.0,0.0,0.0,0.0
attack,"""gbeleeeleTIIbeTTTTT",time,time,seqgan_master,seqgan_master__final__time__A__500__MASTER__raw_character__len20__gpre120__reward_off__seed88,101,20.0,7.0,2.470950594454669,19.0,0.0,0.0,1.0,0.95,0.0,0.0,0.05,0.0,1.0,0.0,0.0,0.0,0.0,0.0,0.0,0.0,0.0,0.0,0.0,0.0,1.0,0.0,0.0,0.0,0.0,0.0,0.0,0.0,0.0,0.0,0.0,0.0,0.0,0.0,0.0,0.0,0.0,0.0,0.0,0.0,0.0,0.0,0.0,0.0,0.0,0.0,0.0,0.0,0.0,0.0,0.0,0.0,0.0,0.0,0.0,0.0,0.0,0.0,0.0,0.0,0.0
attack,"""gbeeleleTTTTTTTTIMb",time,time,seqgan_master,seqgan_master__final__time__A__500__MASTER__raw_character__len20__gpre120__reward_off__seed88,102,20.0,8.0,2.5219280948873624,19.0,0.0,0.0,1.0,0.95,0.0,0.0,0.05,0.0,1.0,0.0,0.0,0.0,0.0,0.0,0.0,0.0,0.0,0.0,0.0,0.0,1.0,0.0,0.0,0.0,0.0,0.0,0.0,0.0,0.0,0.0,0.0,0.0,0.0,0.0,0.0,0.0,0.0,0.0,0.0,0.0,0.0,0.0,0.0,0.0,0.0,0.0,0.0,0.0,0.0,0.0,0.0,0.0,0.0,0.0,0.0,0.0,0.0,0.0,0.0,0.0,0.0
attack,"""gbeleeeTTTpgTIpgTng",time,time,seqgan_master,seqgan_master__final__time__A__500__MASTER__raw_character__len20__gpre120__reward_off__seed88,103,20.0,9.0,2.841446071165522,19.0,0.0,0.0,1.0,0.95,0.0,0.0,0.05,0.0,1.0,0.0,0.0,0.0,0.0,0.0,0.0,0.0,0.0,0.0,0.0,0.0,1.0,0.0,0.0,0.0,0.0,0.0,0.0,0.0,0.0,0.0,0.0,0.0,0.0,0.0,0.0,0.0,0.0,0.0,0.0,0.0,0.0,0.0,0.0,0.0,0.0,0.0,0.0,0.0,0.0,0.0,0.0,0.0,0.0,0.0,0.0,0.0,0.0,0.0,0.0,0.0,0.0
attack,"""gbeleleeTsleTITeleT",time,time,seqgan_master,seqgan_master__final__time__A__500__MASTER__raw_character__len20__gpre120__reward_off__seed88,104,20.0,8.0,2.539353872167201,19.0,0.0,0.0,1.0,0.95,0.0,0.0,0.05,0.0,1.0,0.0,0.0,0.0,0.0,0.0,0.0,0.0,0.0,0.0,0.0,0.0,1.0,0.0,0.0,0.0,0.0,0.0,0.0,0.0,0.0,0.0,0.0,0.0,0.0,0.0,0.0,0.0,0.0,0.0,0.0,0.0,0.0,0.0,0.0,0.0,0.0,0.0,0.0,0.0,0.0,0.0,0.0,0.0,0.0,0.0,0.0,0.0,0.0,0.0,0.0,0.0,0.0
attack,"""gbeleeTleeTIIpgTlri",time,time,seqgan_master,seqgan_master__final__time__A__500__MASTER__raw_character__len20__gpre120__reward_off__seed88,105,20.0,10.0,3.065957320949175,19.0,0.0,0.0,1.0,0.95,0.0,0.0,0.05,0.0,1.0,0.0,0.0,0.0,0.0,0.0,0.0,0.0,0.0,0.0,0.0,0.0,1.0,0.0,0.0,0.0,0.0,0.0,0.0,0.0,0.0,0.0,0.0,0.0,0.0,0.0,0.0,0.0,0.0,0.0,0.0,0.0,0.0,0.0,0.0,0.0,0.0,0.0,0.0,0.0,0.0,0.0,0.0,0.0,0.0,0.0,0.0,0.0,0.0,0.0,0.0,0.0,0.0
attack,"""gnebeeleeTTTIpgTTng",time,time,seqgan_master,seqgan_master__final__time__A__500__MASTER__raw_character__len20__gpre120__reward_off__seed88,106,20.0,9.0,2.823219672335508,19.0,0.0,0.0,1.0,0.95,0.0,0.0,0.05,0.0,1.0,0.0,0.0,0.0,0.0,0.0,0.0,0.0,0.0,0.0,0.0,0.0,1.0,0.0,0.0,0.0,0.0,0.0,0.0,0.0,0.0,0.0,0.0,0.0,0.0,0.0,0.0,0.0,0.0,0.0,0.0,0.0,0.0,0.0,0.0,0.0,0.0,0.0,0.0,0.0,0.0,0.0,0.0,0.0,0.0,0.0,0.0,0.0,0.0,0.0,0.0,0.0,0.0
attack,"""gbeleeeeTIIMeTIeleT",time,time,seqgan_master,seqgan_master__final__time__A__500__MASTER__raw_character__len20__gpre120__reward_off__seed88,107,20.0,8.0,2.5464393446710156,19.0,0.0,0.0,1.0,0.95,0.0,0.0,0.05,0.0,1.0,0.0,0.0,0.0,0.0,0.0,0.0,0.0,0.0,0.0,0.0,0.0,1.0,0.0,0.0,0.0,0.0,0.0,0.0,0.0,0.0,0.0,0.0,0.0,0.0,0.0,0.0,0.0,0.0,0.0,0.0,0.0,0.0,0.0,0.0,0.0,0.0,0.0,0.0,0.0,0.0,0.0,0.0,0.0,0.0,0.0,0.0,0.0,0.0,0.0,0.0,0.0,0.0
attack,"""gbeleeleleeTbeTTTTT",time,time,seqgan_master,seqgan_master__final__time__A__500__MASTER__raw_character__len20__gpre120__reward_off__seed88,108,20.0,6.0,2.2261207468426805,19.0,0.0,0.0,1.0,0.95,0.0,0.0,0.05,0.0,1.0,0.0,0.0,0.0,0.0,0.0,0.0,0.0,0.0,0.0,0.0,0.0,1.0,0.0,0.0,0.0,0.0,0.0,0.0,0.0,0.0,0.0,0.0,0.0,0.0,0.0,0.0,0.0,0.0,0.0,0.0,0.0,0.0,0.0,0.0,0.0,0.0,0.0,0.0,0.0,0.0,0.0,0.0,0.0,0.0,0.0,0.0,0.0,0.0,0.0,0.0,0.0,0.0
attack,"""gbeleelelembeleeTTI",time,time,seqgan_master,seqgan_master__final__time__A__500__MASTER__raw_character__len20__gpre120__reward_off__seed88,109,20.0,8.0,2.5219280948873624,19.0,0.0,0.0,1.0,0.95,0.0,0.0,0.05,0.0,1.0,0.0,0.0,0.0,0.0,0.0,0.0,0.0,0.0,0.0,0.0,0.0,1.0,0.0,0.0,0.0,0.0,0.0,0.0,0.0,0.0,0.0,0.0,0.0,0.0,0.0,0.0,0.0,0.0,0.0,0.0,0.0,0.0,0.0,0.0,0.0,0.0,0.0,0.0,0.0,0.0,0.0,0.0,0.0,0.0,0.0,0.0,0.0,0.0,0.0,0.0,0.0,0.0
attack,g_TIpgTneleTbeeTTIId,time,time,seqgan_master,seqgan_master__final__time__A__500__MASTER__raw_character__len20__gpre120__reward_off__seed88,110,20.0,10.0,3.0037016960573486,19.0,0.0,0.0,1.0,0.95,0.0,0.0,0.05,0.0,0.0,0.0,0.0,0.0,0.0,0.0,0.0,0.0,1.0,0.0,0.0,0.0,0.0,0.0,0.0,0.0,0.0,0.0,0.0,0.0,0.0,0.0,0.0,0.0,0.0,0.0,0.0,0.0,0.0,0.0,0.0,0.0,0.0,0.0,0.0,0.0,0.0,0.0,0.0,0.0,0.0,0.0,0.0,0.0,0.0,0.0,0.0,0.0,0.0,0.0,0.0,0.0,0.0
attack,"""gbeleeleleleeTTITTI",time,time,seqgan_master,seqgan_master__final__time__A__500__MASTER__raw_character__len20__gpre120__reward_off__seed88,111,20.0,7.0,2.439353872167201,19.0,0.0,0.0,1.0,0.95,0.0,0.0,0.05,0.0,1.0,0.0,0.0,0.0,0.0,0.0,0.0,0.0,0.0,0.0,0.0,0.0,1.0,0.0,0.0,0.0,0.0,0.0,0.0,0.0,0.0,0.0,0.0,0.0,0.0,0.0,0.0,0.0,0.0,0.0,0.0,0.0,0.0,0.0,0.0,0.0,0.0,0.0,0.0,0.0,0.0,0.0,0.0,0.0,0.0,0.0,0.0,0.0,0.0,0.0,0.0,0.0,0.0
attack,"""gbeleeeTTTTITTInele",time,time,seqgan_master,seqgan_master__final__time__A__500__MASTER__raw_character__len20__gpre120__reward_off__seed88,112,20.0,8.0,2.570950594454669,19.0,0.0,0.0,1.0,0.95,0.0,0.0,0.05,0.0,1.0,0.0,0.0,0.0,0.0,0.0,0.0,0.0,0.0,0.0,0.0,0.0,1.0,0.0,0.0,0.0,0.0,0.0,0.0,0.0,0.0,0.0,0.0,0.0,0.0,0.0,0.0,0.0,0.0,0.0,0.0,0.0,0.0,0.0,0.0,0.0,0.0,0.0,0.0,0.0,0.0,0.0,0.0,0.0,0.0,0.0,0.0,0.0,0.0,0.0,0.0,0.0,0.0
attack,"""gbeleleeleeTleleTTI",time,time,seqgan_master,seqgan_master__final__time__A__500__MASTER__raw_character__len20__gpre120__reward_off__seed88,113,20.0,7.0,2.3037016960573484,19.0,0.0,0.0,1.0,0.95,0.0,0.0,0.05,0.0,1.0,0.0,0.0,0.0,0.0,0.0,0.0,0.0,0.0,0.0,0.0,0.0,1.0,0.0,0.0,0.0,0.0,0.0,0.0,0.0,0.0,0.0,0.0,0.0,0.0,0.0,0.0,0.0,0.0,0.0,0.0,0.0,0.0,0.0,0.0,0.0,0.0,0.0,0.0,0.0,0.0,0.0,0.0,0.0,0.0,0.0,0.0,0.0,0.0,0.0,0.0,0.0,0.0
attack,"""gbeleeleeleTneTTIpg",time,time,seqgan_master,seqgan_master__final__time__A__500__MASTER__raw_character__len20__gpre120__reward_off__seed88,114,20.0,9.0,2.763865121950854,19.0,0.0,0.0,1.0,0.95,0.0,0.0,0.05,0.0,1.0,0.0,0.0,0.0,0.0,0.0,0.0,0.0,0.0,0.0,0.0,0.0,1.0,0.0,0.0,0.0,0.0,0.0,0.0,0.0,0.0,0.0,0.0,0.0,0.0,0.0,0.0,0.0,0.0,0.0,0.0,0.0,0.0,0.0,0.0,0.0,0.0,0.0,0.0,0.0,0.0,0.0,0.0,0.0,0.0,0.0,0.0,0.0,0.0,0.0,0.0,0.0,0.0
attack,"""gbeelegbeleeTbeTbTT",time,time,seqgan_master,seqgan_master__final__time__A__500__MASTER__raw_character__len20__gpre120__reward_off__seed88,115,20.0,6.0,2.3393538721672007,19.0,0.0,0.0,1.0,0.95,0.0,0.0,0.05,0.0,1.0,0.0,0.0,0.0,0.0,0.0,0.0,0.0,0.0,0.0,0.0,0.0,1.0,0.0,0.0,0.0,0.0,0.0,0.0,0.0,0.0,0.0,0.0,0.0,0.0,0.0,0.0,0.0,0.0,0.0,0.0,0.0,0.0,0.0,0.0,0.0,0.0,0.0,0.0,0.0,0.0,0.0,0.0,0.0,0.0,0.0,0.0,0.0,0.0,0.0,0.0,0.0,0.0
attack,"""gbebeleeTTIs(TTTIpg",time,time,seqgan_master,seqgan_master__final__time__A__500__MASTER__raw_character__len20__gpre120__reward_off__seed88,116,20.0,10.0,3.041446071165522,18.0,0.0,0.0,2.0,0.9,0.0,0.0,0.1,0.0,1.0,0.0,0.0,0.0,0.0,0.0,1.0,0.0,0.0,0.0,0.0,0.0,1.0,0.0,0.0,0.0,0.0,1.0,0.0,0.0,0.0,0.0,0.0,0.0,0.0,0.0,0.0,0.0,0.0,0.0,0.0,0.0,0.0,0.0,0.0,0.0,0.0,0.0,0.0,0.0,0.0,0.0,0.0,0.0,0.0,0.0,0.0,0.0,0.0,0.0,0.0,0.0,0.0
attack,"""gbeleeTITMeleTbeleT",time,time,seqgan_master,seqgan_master__final__time__A__500__MASTER__raw_character__len20__gpre120__reward_off__seed88,117,20.0,8.0,2.6016094970590276,19.0,0.0,0.0,1.0,0.95,0.0,0.0,0.05,0.0,1.0,0.0,0.0,0.0,0.0,0.0,0.0,0.0,0.0,0.0,0.0,0.0,1.0,0.0,0.0,0.0,0.0,0.0,0.0,0.0,0.0,0.0,0.0,0.0,0.0,0.0,0.0,0.0,0.0,0.0,0.0,0.0,0.0,0.0,0.0,0.0,0.0,0.0,0.0,0.0,0.0,0.0,0.0,0.0,0.0,0.0,0.0,0.0,0.0,0.0,0.0,0.0,0.0
attack,"""gbeeleTTTIITTbeTTTI",time,time,seqgan_master,seqgan_master__final__time__A__500__MASTER__raw_character__len20__gpre120__reward_off__seed88,118,20.0,7.0,2.384183719779189,19.0,0.0,0.0,1.0,0.95,0.0,0.0,0.05,0.0,1.0,0.0,0.0,0.0,0.0,0.0,0.0,0.0,0.0,0.0,0.0,0.0,1.0,0.0,0.0,0.0,0.0,0.0,0.0,0.0,0.0,0.0,0.0,0.0,0.0,0.0,0.0,0.0,0.0,0.0,0.0,0.0,0.0,0.0,0.0,0.0,0.0,0.0,0.0,0.0,0.0,0.0,0.0,0.0,0.0,0.0,0.0,0.0,0.0,0.0,0.0,0.0,0.0
attack,gbeeleleleTpgTI(tr n,time,time,seqgan_master,seqgan_master__final__time__A__500__MASTER__raw_character__len20__gpre120__reward_off__seed88,119,20.0,12.0,3.3037016960573484,18.0,0.0,1.0,1.0,0.9,0.0,0.05,0.05,0.0,0.0,0.0,0.0,0.0,0.0,0.0,1.0,0.0,0.0,0.0,0.0,0.0,0.0,0.0,0.0,0.0,0.0,1.0,0.0,0.0,0.0,0.0,0.0,0.0,0.0,0.0,0.0,0.0,0.0,0.0,0.0,0.0,0.0,0.0,0.0,0.0,0.0,0.0,0.0,0.0,0.0,0.0,0.0,0.0,0.0,0.0,0.0,0.0,0.0,0.0,0.0,0.0,0.0
attack,"""gbeleeleleleleTbele",time,time,seqgan_master,seqgan_master__final__time__A__500__MASTER__raw_character__len20__gpre120__reward_off__seed88,120,20.0,6.0,2.0199730940219753,19.0,0.0,0.0,1.0,0.95,0.0,0.0,0.05,0.0,1.0,0.0,0.0,0.0,0.0,0.0,0.0,0.0,0.0,0.0,0.0,0.0,1.0,0.0,0.0,0.0,0.0,0.0,0.0,0.0,0.0,0.0,0.0,0.0,0.0,0.0,0.0,0.0,0.0,0.0,0.0,0.0,0.0,0.0,0.0,0.0,0.0,0.0,0.0,0.0,0.0,0.0,0.0,0.0,0.0,0.0,0.0,0.0,0.0,0.0,0.0,0.0,0.0
attack, )gTbeleleTTTTpgTleT,time,time,seqgan_master,seqgan_master__final__time__A__500__MASTER__raw_character__len20__gpre120__reward_off__seed88,121,20.0,8.0,2.6016094970590276,18.0,0.0,1.0,1.0,0.9,0.0,0.05,0.05,0.0,0.0,0.0,0.0,0.0,0.0,0.0,1.0,0.0,0.0,0.0,0.0,0.0,0.0,0.0,0.0,0.0,0.0,1.0,0.0,0.0,0.0,0.0,0.0,0.0,0.0,0.0,0.0,0.0,0.0,0.0,0.0,0.0,0.0,0.0,0.0,0.0,0.0,0.0,0.0,0.0,0.0,0.0,0.0,0.0,0.0,0.0,0.0,0.0,0.0,0.0,0.0,0.0,0.0
attack,",waibeeTTIIbeTITTIpg",time,time,seqgan_master,seqgan_master__final__time__A__500__MASTER__raw_character__len20__gpre120__reward_off__seed88,122,20.0,10.0,3.0037016960573486,19.0,0.0,0.0,1.0,0.95,0.0,0.0,0.05,0.0,0.0,0.0,0.0,0.0,0.0,0.0,0.0,0.0,0.0,1.0,0.0,0.0,0.0,0.0,0.0,0.0,0.0,0.0,0.0,0.0,0.0,0.0,0.0,0.0,0.0,0.0,0.0,0.0,0.0,0.0,0.0,0.0,0.0,0.0,0.0,0.0,0.0,0.0,0.0,0.0,0.0,0.0,0.0,0.0,0.0,0.0,0.0,0.0,0.0,0.0,0.0,0.0,0.0
attack,"""gbeleeTITpgTlelelel",time,time,seqgan_master,seqgan_master__final__time__A__500__MASTER__raw_character__len20__gpre120__reward_off__seed88,123,20.0,8.0,2.6282129458410015,19.0,0.0,0.0,1.0,0.95,0.0,0.0,0.05,0.0,1.0,0.0,0.0,0.0,0.0,0.0,0.0,0.0,0.0,0.0,0.0,0.0,1.0,0.0,0.0,0.0,0.0,0.0,0.0,0.0,0.0,0.0,0.0,0.0,0.0,0.0,0.0,0.0,0.0,0.0,0.0,0.0,0.0,0.0,0.0,0.0,0.0,0.0,0.0,0.0,0.0,0.0,0.0,0.0,0.0,0.0,0.0,0.0,0.0,0.0,0.0,0.0,0.0
attack,"""gbeleeeTIpgTTT5lelm",time,time,seqgan_master,seqgan_master__final__time__A__500__MASTER__raw_character__len20__gpre120__reward_off__seed88,124,20.0,10.0,3.0037016960573486,18.0,1.0,0.0,1.0,0.9,0.05,0.0,0.05,0.0,1.0,0.0,0.0,0.0,0.0,0.0,0.0,0.0,0.0,0.0,0.0,0.0,1.0,0.0,0.0,0.0,0.0,0.0,0.0,0.0,0.0,0.0,0.0,0.0,0.0,0.0,0.0,0.0,0.0,0.0,0.0,0.0,0.0,0.0,0.0,0.0,0.0,0.0,0.0,0.0,0.0,0.0,0.0,0.0,0.0,0.0,0.0,0.0,0.0,0.0,0.0,0.0,0.0
attack,"""gbeleleeeTeTIIMbeeT",time,time,seqgan_master,seqgan_master__final__time__A__500__MASTER__raw_character__len20__gpre120__reward_off__seed88,125,20.0,8.0,2.584183719779189,19.0,0.0,0.0,1.0,0.95,0.0,0.0,0.05,0.0,1.0,0.0,0.0,0.0,0.0,0.0,0.0,0.0,0.0,0.0,0.0,0.0,1.0,0.0,0.0,0.0,0.0,0.0,0.0,0.0,0.0,0.0,0.0,0.0,0.0,0.0,0.0,0.0,0.0,0.0,0.0,0.0,0.0,0.0,0.0,0.0,0.0,0.0,0.0,0.0,0.0,0.0,0.0,0.0,0.0,0.0,0.0,0.0,0.0,0.0,0.0,0.0,0.0
attack,",waribeleeTTTIpgT( p",time,time,seqgan_master,seqgan_master__final__time__A__500__MASTER__raw_character__len20__gpre120__reward_off__seed88,126,20.0,14.0,3.584183719779189,17.0,0.0,1.0,2.0,0.85,0.0,0.05,0.1,0.0,0.0,0.0,0.0,0.0,0.0,0.0,1.0,0.0,0.0,1.0,0.0,0.0,0.0,0.0,0.0,0.0,0.0,1.0,0.0,0.0,0.0,0.0,0.0,0.0,0.0,0.0,0.0,0.0,0.0,0.0,0.0,0.0,0.0,0.0,0.0,0.0,0.0,0.0,0.0,0.0,0.0,0.0,0.0,0.0,0.0,0.0,0.0,0.0,0.0,0.0,0.0,0.0,0.0
attack,"""gbeleeleebeTTMbe0rt",time,time,seqgan_master,seqgan_master__final__time__A__500__MASTER__raw_character__len20__gpre120__reward_off__seed88,127,20.0,10.0,2.9016094970590274,18.0,1.0,0.0,1.0,0.9,0.05,0.0,0.05,0.0,1.0,0.0,0.0,0.0,0.0,0.0,0.0,0.0,0.0,0.0,0.0,0.0,1.0,0.0,0.0,0.0,0.0,0.0,0.0,0.0,0.0,0.0,0.0,0.0,0.0,0.0,0.0,0.0,0.0,0.0,0.0,0.0,0.0,0.0,0.0,0.0,0.0,0.0,0.0,0.0,0.0,0.0,0.0,0.0,0.0,0.0,0.0,0.0,0.0,0.0,0.0,0.0,0.0
attack,"""gbeleeleleeTbTIMeTT",time,time,seqgan_master,seqgan_master__final__time__A__500__MASTER__raw_character__len20__gpre120__reward_off__seed88,128,20.0,8.0,2.6016094970590276,19.0,0.0,0.0,1.0,0.95,0.0,0.0,0.05,0.0,1.0,0.0,0.0,0.0,0.0,0.0,0.0,0.0,0.0,0.0,0.0,0.0,1.0,0.0,0.0,0.0,0.0,0.0,0.0,0.0,0.0,0.0,0.0,0.0,0.0,0.0,0.0,0.0,0.0,0.0,0.0,0.0,0.0,0.0,0.0,0.0,0.0,0.0,0.0,0.0,0.0,0.0,0.0,0.0,0.0,0.0,0.0,0.0,0.0,0.0,0.0,0.0,0.0
attack,"""gbeleeTTTIpgTlelele",time,time,seqgan_master,seqgan_master__final__time__A__500__MASTER__raw_character__len20__gpre120__reward_off__seed88,129,20.0,8.0,2.6464393446710157,19.0,0.0,0.0,1.0,0.95,0.0,0.0,0.05,0.0,1.0,0.0,0.0,0.0,0.0,0.0,0.0,0.0,0.0,0.0,0.0,0.0,1.0,0.0,0.0,0.0,0.0,0.0,0.0,0.0,0.0,0.0,0.0,0.0,0.0,0.0,0.0,0.0,0.0,0.0,0.0,0.0,0.0,0.0,0.0,0.0,0.0,0.0,0.0,0.0,0.0,0.0,0.0,0.0,0.0,0.0,0.0,0.0,0.0,0.0,0.0,0.0,0.0
attack,"""gbeleeleTITTTTTbele",time,time,seqgan_master,seqgan_master__final__time__A__500__MASTER__raw_character__len20__gpre120__reward_off__seed88,130,20.0,7.0,2.4332062193464954,19.0,0.0,0.0,1.0,0.95,0.0,0.0,0.05,0.0,1.0,0.0,0.0,0.0,0.0,0.0,0.0,0.0,0.0,0.0,0.0,0.0,1.0,0.0,0.0,0.0,0.0,0.0,0.0,0.0,0.0,0.0,0.0,0.0,0.0,0.0,0.0,0.0,0.0,0.0,0.0,0.0,0.0,0.0,0.0,0.0,0.0,0.0,0.0,0.0,0.0,0.0,0.0,0.0,0.0,0.0,0.0,0.0,0.0,0.0,0.0,0.0,0.0
attack,"""gbeele_sri(elelelel",time,time,seqgan_master,seqgan_master__final__time__A__500__MASTER__raw_character__len20__gpre120__reward_off__seed88,131,20.0,10.0,2.7588718484453603,17.0,0.0,0.0,3.0,0.85,0.0,0.0,0.15,0.0,1.0,0.0,0.0,0.0,0.0,0.0,1.0,0.0,1.0,0.0,0.0,0.0,1.0,0.0,0.0,0.0,0.0,1.0,0.0,0.0,0.0,0.0,0.0,0.0,0.0,0.0,0.0,0.0,0.0,0.0,0.0,0.0,0.0,0.0,0.0,0.0,0.0,0.0,0.0,0.0,0.0,0.0,0.0,0.0,0.0,0.0,0.0,0.0,0.0,0.0,0.0,0.0,0.0
attack,"""gbegbeleeleletleele",time,time,seqgan_master,seqgan_master__final__time__A__500__MASTER__raw_character__len20__gpre120__reward_off__seed88,132,20.0,6.0,2.1149798205164814,19.0,0.0,0.0,1.0,0.95,0.0,0.0,0.05,0.0,1.0,0.0,0.0,0.0,0.0,0.0,0.0,0.0,0.0,0.0,0.0,0.0,1.0,0.0,0.0,0.0,0.0,0.0,0.0,0.0,0.0,0.0,0.0,0.0,0.0,0.0,0.0,0.0,0.0,0.0,0.0,0.0,0.0,0.0,0.0,0.0,0.0,0.0,0.0,0.0,0.0,0.0,0.0,0.0,0.0,0.0,0.0,0.0,0.0,0.0,0.0,0.0,0.0
attack,"""beleeTITTIIneleTbe0",time,time,seqgan_master,seqgan_master__final__time__A__500__MASTER__raw_character__len20__gpre120__reward_off__seed88,133,20.0,8.0,2.708694969562842,18.0,1.0,0.0,1.0,0.9,0.05,0.0,0.05,0.0,1.0,0.0,0.0,0.0,0.0,0.0,0.0,0.0,0.0,0.0,0.0,0.0,1.0,0.0,0.0,0.0,0.0,0.0,0.0,0.0,0.0,0.0,0.0,0.0,0.0,0.0,0.0,0.0,0.0,0.0,0.0,0.0,0.0,0.0,0.0,0.0,0.0,0.0,0.0,0.0,0.0,0.0,0.0,0.0,0.0,0.0,0.0,0.0,0.0,0.0,0.0,0.0,0.0
attack,"""gbeleeeTTbembelele0",time,time,seqgan_master,seqgan_master__final__time__A__500__MASTER__raw_character__len20__gpre120__reward_off__seed88,134,20.0,8.0,2.5464393446710156,18.0,1.0,0.0,1.0,0.9,0.05,0.0,0.05,0.0,1.0,0.0,0.0,0.0,0.0,0.0,0.0,0.0,0.0,0.0,0.0,0.0,1.0,0.0,0.0,0.0,0.0,0.0,0.0,0.0,0.0,0.0,0.0,0.0,0.0,0.0,0.0,0.0,0.0,0.0,0.0,0.0,0.0,0.0,0.0,0.0,0.0,0.0,0.0,0.0,0.0,0.0,0.0,0.0,0.0,0.0,0.0,0.0,0.0,0.0,0.0,0.0,0.0
attack,"""gbeleleeTTTIMpgbrbe",time,time,seqgan_master,seqgan_master__final__time__A__500__MASTER__raw_character__len20__gpre120__reward_off__seed88,135,20.0,10.0,3.065957320949175,19.0,0.0,0.0,1.0,0.95,0.0,0.0,0.05,0.0,1.0,0.0,0.0,0.0,0.0,0.0,0.0,0.0,0.0,0.0,0.0,0.0,1.0,0.0,0.0,0.0,0.0,0.0,0.0,0.0,0.0,0.0,0.0,0.0,0.0,0.0,0.0,0.0,0.0,0.0,0.0,0.0,0.0,0.0,0.0,0.0,0.0,0.0,0.0,0.0,0.0,0.0,0.0,0.0,0.0,0.0,0.0,0.0,0.0,0.0,0.0,0.0,0.0
attack,;waiibeeleTeTITTTIII,time,time,seqgan_master,seqgan_master__final__time__A__500__MASTER__raw_character__len20__gpre120__reward_off__seed88,136,20.0,9.0,2.841446071165522,19.0,0.0,0.0,1.0,0.95,0.0,0.0,0.05,0.0,0.0,0.0,0.0,0.0,0.0,1.0,0.0,0.0,0.0,0.0,0.0,0.0,0.0,0.0,0.0,0.0,0.0,0.0,1.0,0.0,0.0,0.0,0.0,0.0,0.0,0.0,0.0,0.0,0.0,0.0,0.0,0.0,0.0,0.0,0.0,0.0,0.0,0.0,0.0,0.0,0.0,0.0,0.0,0.0,0.0,0.0,0.0,0.0,0.0,0.0,0.0,0.0,0.0
attack,",waibeeleTleTTTTIrnb",time,time,seqgan_master,seqgan_master__final__time__A__500__MASTER__raw_character__len20__gpre120__reward_off__seed88,137,20.0,11.0,3.141446071165522,19.0,0.0,0.0,1.0,0.95,0.0,0.0,0.05,0.0,0.0,0.0,0.0,0.0,0.0,0.0,0.0,0.0,0.0,1.0,0.0,0.0,0.0,0.0,0.0,0.0,0.0,0.0,0.0,0.0,0.0,0.0,0.0,0.0,0.0,0.0,0.0,0.0,0.0,0.0,0.0,0.0,0.0,0.0,0.0,0.0,0.0,0.0,0.0,0.0,0.0,0.0,0.0,0.0,0.0,0.0,0.0,0.0,0.0,0.0,0.0,0.0,0.0
attack,"""wbeelelee0TTTInpgTt",time,time,seqgan_master,seqgan_master__final__time__A__500__MASTER__raw_character__len20__gpre120__reward_off__seed88,138,20.0,12.0,3.241446071165522,18.0,1.0,0.0,1.0,0.9,0.05,0.0,0.05,0.0,1.0,0.0,0.0,0.0,0.0,0.0,0.0,0.0,0.0,0.0,0.0,0.0,1.0,0.0,0.0,0.0,0.0,0.0,0.0,0.0,0.0,0.0,0.0,0.0,0.0,0.0,0.0,0.0,0.0,0.0,0.0,0.0,0.0,0.0,0.0,0.0,0.0,0.0,0.0,0.0,0.0,0.0,0.0,0.0,0.0,0.0,0.0,0.0,0.0,0.0,0.0,0.0,0.0
attack,"""gbeleeTleTleTTTIIpg",time,time,seqgan_master,seqgan_master__final__time__A__500__MASTER__raw_character__len20__gpre120__reward_off__seed88,139,20.0,8.0,2.723219672335508,19.0,0.0,0.0,1.0,0.95,0.0,0.0,0.05,0.0,1.0,0.0,0.0,0.0,0.0,0.0,0.0,0.0,0.0,0.0,0.0,0.0,1.0,0.0,0.0,0.0,0.0,0.0,0.0,0.0,0.0,0.0,0.0,0.0,0.0,0.0,0.0,0.0,0.0,0.0,0.0,0.0,0.0,0.0,0.0,0.0,0.0,0.0,0.0,0.0,0.0,0.0,0.0,0.0,0.0,0.0,0.0,0.0,0.0,0.0,0.0,0.0,0.0
attack,"""gbribeeeTbeTmeleleT",time,time,seqgan_master,seqgan_master__final__time__A__500__MASTER__raw_character__len20__gpre120__reward_off__seed88,140,20.0,9.0,2.763865121950854,19.0,0.0,0.0,1.0,0.95,0.0,0.0,0.05,0.0,1.0,0.0,0.0,0.0,0.0,0.0,0.0,0.0,0.0,0.0,0.0,0.0,1.0,0.0,0.0,0.0,0.0,0.0,0.0,0.0,0.0,0.0,0.0,0.0,0.0,0.0,0.0,0.0,0.0,0.0,0.0,0.0,0.0,0.0,0.0,0.0,0.0,0.0,0.0,0.0,0.0,0.0,0.0,0.0,0.0,0.0,0.0,0.0,0.0,0.0,0.0,0.0,0.0
attack,"""gbeleeleeTbeTTTnleT",time,time,seqgan_master,seqgan_master__final__time__A__500__MASTER__raw_character__len20__gpre120__reward_off__seed88,141,20.0,7.0,2.421127473337187,19.0,0.0,0.0,1.0,0.95,0.0,0.0,0.05,0.0,1.0,0.0,0.0,0.0,0.0,0.0,0.0,0.0,0.0,0.0,0.0,0.0,1.0,0.0,0.0,0.0,0.0,0.0,0.0,0.0,0.0,0.0,0.0,0.0,0.0,0.0,0.0,0.0,0.0,0.0,0.0,0.0,0.0,0.0,0.0,0.0,0.0,0.0,0.0,0.0,0.0,0.0,0.0,0.0,0.0,0.0,0.0,0.0,0.0,0.0,0.0,0.0,0.0
attack,"""gneleeTleleTIIs(pgT",time,time,seqgan_master,seqgan_master__final__time__A__500__MASTER__raw_character__len20__gpre120__reward_off__seed88,142,20.0,10.0,3.065957320949175,18.0,0.0,0.0,2.0,0.9,0.0,0.0,0.1,0.0,1.0,0.0,0.0,0.0,0.0,0.0,1.0,0.0,0.0,0.0,0.0,0.0,1.0,0.0,0.0,0.0,0.0,1.0,0.0,0.0,0.0,0.0,0.0,0.0,0.0,0.0,0.0,0.0,0.0,0.0,0.0,0.0,0.0,0.0,0.0,0.0,0.0,0.0,0.0,0.0,0.0,0.0,0.0,0.0,0.0,0.0,0.0,0.0,0.0,0.0,0.0,0.0,0.0
attack,"""gbeeleleeTbelele0le",time,time,seqgan_master,seqgan_master__final__time__A__500__MASTER__raw_character__len20__gpre120__reward_off__seed88,143,20.0,7.0,2.2149798205164815,18.0,1.0,0.0,1.0,0.9,0.05,0.0,0.05,0.0,1.0,0.0,0.0,0.0,0.0,0.0,0.0,0.0,0.0,0.0,0.0,0.0,1.0,0.0,0.0,0.0,0.0,0.0,0.0,0.0,0.0,0.0,0.0,0.0,0.0,0.0,0.0,0.0,0.0,0.0,0.0,0.0,0.0,0.0,0.0,0.0,0.0,0.0,0.0,0.0,0.0,0.0,0.0,0.0,0.0,0.0,0.0,0.0,0.0,0.0,0.0,0.0,0.0
attack,gbeleeTTIMbebeTTIIde,time,time,seqgan_master,seqgan_master__final__time__A__500__MASTER__raw_character__len20__gpre120__reward_off__seed88,144,20.0,8.0,2.6709505944546685,20.0,0.0,0.0,0.0,1.0,0.0,0.0,0.0,0.0,0.0,0.0,0.0,0.0,0.0,0.0,0.0,0.0,0.0,0.0,0.0,0.0,0.0,0.0,0.0,0.0,0.0,0.0,0.0,0.0,0.0,0.0,0.0,0.0,0.0,0.0,0.0,0.0,0.0,0.0,0.0,0.0,0.0,0.0,0.0,0.0,0.0,0.0,0.0,0.0,0.0,0.0,0.0,0.0,0.0,0.0,0.0,0.0,0.0,0.0,0.0,0.0,0.0
attack,"""gbeleTneTleleTleleT",time,time,seqgan_master,seqgan_master__final__time__A__500__MASTER__raw_character__len20__gpre120__reward_off__seed88,145,20.0,7.0,2.3588718484453604,19.0,0.0,0.0,1.0,0.95,0.0,0.0,0.05,0.0,1.0,0.0,0.0,0.0,0.0,0.0,0.0,0.0,0.0,0.0,0.0,0.0,1.0,0.0,0.0,0.0,0.0,0.0,0.0,0.0,0.0,0.0,0.0,0.0,0.0,0.0,0.0,0.0,0.0,0.0,0.0,0.0,0.0,0.0,0.0,0.0,0.0,0.0,0.0,0.0,0.0,0.0,0.0,0.0,0.0,0.0,0.0,0.0,0.0,0.0,0.0,0.0,0.0
attack,"""gbeleTeleTIMbeeTbel",time,time,seqgan_master,seqgan_master__final__time__A__500__MASTER__raw_character__len20__gpre120__reward_off__seed88,146,20.0,8.0,2.6261207468426804,19.0,0.0,0.0,1.0,0.95,0.0,0.0,0.05,0.0,1.0,0.0,0.0,0.0,0.0,0.0,0.0,0.0,0.0,0.0,0.0,0.0,1.0,0.0,0.0,0.0,0.0,0.0,0.0,0.0,0.0,0.0,0.0,0.0,0.0,0.0,0.0,0.0,0.0,0.0,0.0,0.0,0.0,0.0,0.0,0.0,0.0,0.0,0.0,0.0,0.0,0.0,0.0,0.0,0.0,0.0,0.0,0.0,0.0,0.0,0.0,0.0,0.0
attack,"""gbebeleeleTbelelele",time,time,seqgan_master,seqgan_master__final__time__A__500__MASTER__raw_character__len20__gpre120__reward_off__seed88,147,20.0,6.0,2.077235445408308,19.0,0.0,0.0,1.0,0.95,0.0,0.0,0.05,0.0,1.0,0.0,0.0,0.0,0.0,0.0,0.0,0.0,0.0,0.0,0.0,0.0,1.0,0.0,0.0,0.0,0.0,0.0,0.0,0.0,0.0,0.0,0.0,0.0,0.0,0.0,0.0,0.0,0.0,0.0,0.0,0.0,0.0,0.0,0.0,0.0,0.0,0.0,0.0,0.0,0.0,0.0,0.0,0.0,0.0,0.0,0.0,0.0,0.0,0.0,0.0,0.0,0.0
attack,"""gbelebeeleTTIIMbe0e",time,time,seqgan_master,seqgan_master__final__time__A__500__MASTER__raw_character__len20__gpre120__reward_off__seed88,148,20.0,9.0,2.8016094970590277,18.0,1.0,0.0,1.0,0.9,0.05,0.0,0.05,0.0,1.0,0.0,0.0,0.0,0.0,0.0,0.0,0.0,0.0,0.0,0.0,0.0,1.0,0.0,0.0,0.0,0.0,0.0,0.0,0.0,0.0,0.0,0.0,0.0,0.0,0.0,0.0,0.0,0.0,0.0,0.0,0.0,0.0,0.0,0.0,0.0,0.0,0.0,0.0,0.0,0.0,0.0,0.0,0.0,0.0,0.0,0.0,0.0,0.0,0.0,0.0,0.0,0.0
attack,"""gbeelelebeleeTTs(TT",time,time,seqgan_master,seqgan_master__final__time__A__500__MASTER__raw_character__len20__gpre120__reward_off__seed88,149,20.0,8.0,2.6016094970590276,18.0,0.0,0.0,2.0,0.9,0.0,0.0,0.1,0.0,1.0,0.0,0.0,0.0,0.0,0.0,1.0,0.0,0.0,0.0,0.0,0.0,1.0,0.0,0.0,0.0,0.0,1.0,0.0,0.0,0.0,0.0,0.0,0.0,0.0,0.0,0.0,0.0,0.0,0.0,0.0,0.0,0.0,0.0,0.0,0.0,0.0,0.0,0.0,0.0,0.0,0.0,0.0,0.0,0.0,0.0,0.0,0.0,0.0,0.0,0.0,0.0,0.0
attack,"""gbeleeTTIbeeTTIMemb",time,time,seqgan_master,seqgan_master__final__time__A__500__MASTER__raw_character__len20__gpre120__reward_off__seed88,150,20.0,9.0,2.808694969562842,19.0,0.0,0.0,1.0,0.95,0.0,0.0,0.05,0.0,1.0,0.0,0.0,0.0,0.0,0.0,0.0,0.0,0.0,0.0,0.0,0.0,1.0,0.0,0.0,0.0,0.0,0.0,0.0,0.0,0.0,0.0,0.0,0.0,0.0,0.0,0.0,0.0,0.0,0.0,0.0,0.0,0.0,0.0,0.0,0.0,0.0,0.0,0.0,0.0,0.0,0.0,0.0,0.0,0.0,0.0,0.0,0.0,0.0,0.0,0.0,0.0,0.0
attack,"""gbedeleeleleTIpgTbe",time,time,seqgan_master,seqgan_master__final__time__A__500__MASTER__raw_character__len20__gpre120__reward_off__seed88,151,20.0,9.0,2.8016094970590277,19.0,0.0,0.0,1.0,0.95,0.0,0.0,0.05,0.0,1.0,0.0,0.0,0.0,0.0,0.0,0.0,0.0,0.0,0.0,0.0,0.0,1.0,0.0,0.0,0.0,0.0,0.0,0.0,0.0,0.0,0.0,0.0,0.0,0.0,0.0,0.0,0.0,0.0,0.0,0.0,0.0,0.0,0.0,0.0,0.0,0.0,0.0,0.0,0.0,0.0,0.0,0.0,0.0,0.0,0.0,0.0,0.0,0.0,0.0,0.0,0.0,0.0
attack,gTTbeeleTTTTITIdeleT,time,time,seqgan_master,seqgan_master__final__time__A__500__MASTER__raw_character__len20__gpre120__reward_off__seed88,152,20.0,7.0,2.341446071165522,20.0,0.0,0.0,0.0,1.0,0.0,0.0,0.0,0.0,0.0,0.0,0.0,0.0,0.0,0.0,0.0,0.0,0.0,0.0,0.0,0.0,0.0,0.0,0.0,0.0,0.0,0.0,0.0,0.0,0.0,0.0,0.0,0.0,0.0,0.0,0.0,0.0,0.0,0.0,0.0,0.0,0.0,0.0,0.0,0.0,0.0,0.0,0.0,0.0,0.0,0.0,0.0,0.0,0.0,0.0,0.0,0.0,0.0,0.0,0.0,0.0,0.0
attack,"""gbeleebeTTIbmeleeTT",time,time,seqgan_master,seqgan_master__final__time__A__500__MASTER__raw_character__len20__gpre120__reward_off__seed88,153,20.0,8.0,2.6016094970590276,19.0,0.0,0.0,1.0,0.95,0.0,0.0,0.05,0.0,1.0,0.0,0.0,0.0,0.0,0.0,0.0,0.0,0.0,0.0,0.0,0.0,1.0,0.0,0.0,0.0,0.0,0.0,0.0,0.0,0.0,0.0,0.0,0.0,0.0,0.0,0.0,0.0,0.0,0.0,0.0,0.0,0.0,0.0,0.0,0.0,0.0,0.0,0.0,0.0,0.0,0.0,0.0,0.0,0.0,0.0,0.0,0.0,0.0,0.0,0.0,0.0,0.0
attack,1w0gTbeleTbe0TTIbeTI,time,time,seqgan_master,seqgan_master__final__time__A__500__MASTER__raw_character__len20__gpre120__reward_off__seed88,154,20.0,9.0,2.9037016960573485,17.0,3.0,0.0,0.0,0.85,0.15,0.0,0.0,0.0,0.0,0.0,0.0,0.0,0.0,0.0,0.0,0.0,0.0,0.0,0.0,0.0,0.0,0.0,0.0,0.0,0.0,0.0,0.0,0.0,0.0,0.0,0.0,0.0,0.0,0.0,0.0,0.0,0.0,0.0,0.0,0.0,0.0,0.0,0.0,0.0,0.0,0.0,0.0,0.0,0.0,0.0,0.0,0.0,0.0,0.0,0.0,0.0,0.0,0.0,0.0,0.0,0.0
attack,",wariiibeeleleeTTTTT",time,time,seqgan_master,seqgan_master__final__time__A__500__MASTER__raw_character__len20__gpre120__reward_off__seed88,155,20.0,9.0,2.823219672335508,19.0,0.0,0.0,1.0,0.95,0.0,0.0,0.05,0.0,0.0,0.0,0.0,0.0,0.0,0.0,0.0,0.0,0.0,1.0,0.0,0.0,0.0,0.0,0.0,0.0,0.0,0.0,0.0,0.0,0.0,0.0,0.0,0.0,0.0,0.0,0.0,0.0,0.0,0.0,0.0,0.0,0.0,0.0,0.0,0.0,0.0,0.0,0.0,0.0,0.0,0.0,0.0,0.0,0.0,0.0,0.0,0.0,0.0,0.0,0.0,0.0,0.0
attack,"""gbeleelelelele0eTIM",time,time,seqgan_master,seqgan_master__final__time__A__500__MASTER__raw_character__len20__gpre120__reward_off__seed88,156,20.0,9.0,2.541446071165522,18.0,1.0,0.0,1.0,0.9,0.05,0.0,0.05,0.0,1.0,0.0,0.0,0.0,0.0,0.0,0.0,0.0,0.0,0.0,0.0,0.0,1.0,0.0,0.0,0.0,0.0,0.0,0.0,0.0,0.0,0.0,0.0,0.0,0.0,0.0,0.0,0.0,0.0,0.0,0.0,0.0,0.0,0.0,0.0,0.0,0.0,0.0,0.0,0.0,0.0,0.0,0.0,0.0,0.0,0.0,0.0,0.0,0.0,0.0,0.0,0.0,0.0
attack,"""gbeleeleleTeTTTTTTI",time,time,seqgan_master,seqgan_master__final__time__A__500__MASTER__raw_character__len20__gpre120__reward_off__seed88,157,20.0,7.0,2.3261207468426806,19.0,0.0,0.0,1.0,0.95,0.0,0.0,0.05,0.0,1.0,0.0,0.0,0.0,0.0,0.0,0.0,0.0,0.0,0.0,0.0,0.0,1.0,0.0,0.0,0.0,0.0,0.0,0.0,0.0,0.0,0.0,0.0,0.0,0.0,0.0,0.0,0.0,0.0,0.0,0.0,0.0,0.0,0.0,0.0,0.0,0.0,0.0,0.0,0.0,0.0,0.0,0.0,0.0,0.0,0.0,0.0,0.0,0.0,0.0,0.0,0.0,0.0
attack,"""gbeelelele0eTneleme",time,time,seqgan_master,seqgan_master__final__time__A__500__MASTER__raw_character__len20__gpre120__reward_off__seed88,158,20.0,9.0,2.495461844238322,18.0,1.0,0.0,1.0,0.9,0.05,0.0,0.05,0.0,1.0,0.0,0.0,0.0,0.0,0.0,0.0,0.0,0.0,0.0,0.0,0.0,1.0,0.0,0.0,0.0,0.0,0.0,0.0,0.0,0.0,0.0,0.0,0.0,0.0,0.0,0.0,0.0,0.0,0.0,0.0,0.0,0.0,0.0,0.0,0.0,0.0,0.0,0.0,0.0,0.0,0.0,0.0,0.0,0.0,0.0,0.0,0.0,0.0,0.0,0.0,0.0,0.0
attack,"""gbegbelelectribelel",time,time,seqgan_master,seqgan_master__final__time__A__500__MASTER__raw_character__len20__gpre120__reward_off__seed88,159,20.0,9.0,2.808694969562842,19.0,0.0,0.0,1.0,0.95,0.0,0.0,0.05,0.0,1.0,0.0,0.0,0.0,0.0,0.0,0.0,0.0,0.0,0.0,0.0,0.0,1.0,0.0,0.0,0.0,0.0,0.0,0.0,0.0,0.0,0.0,0.0,0.0,0.0,0.0,0.0,0.0,0.0,0.0,0.0,0.0,0.0,0.0,0.0,0.0,0.0,0.0,0.0,0.0,0.0,0.0,0.0,0.0,0.0,0.0,0.0,0.0,0.0,0.0,0.0,0.0,0.0
attack,"""gbeedeeTITIpgTpgTTb",time,time,seqgan_master,seqgan_master__final__time__A__500__MASTER__raw_character__len20__gpre120__reward_off__seed88,160,20.0,8.0,2.8037016960573484,19.0,0.0,0.0,1.0,0.95,0.0,0.0,0.05,0.0,1.0,0.0,0.0,0.0,0.0,0.0,0.0,0.0,0.0,0.0,0.0,0.0,1.0,0.0,0.0,0.0,0.0,0.0,0.0,0.0,0.0,0.0,0.0,0.0,0.0,0.0,0.0,0.0,0.0,0.0,0.0,0.0,0.0,0.0,0.0,0.0,0.0,0.0,0.0,0.0,0.0,0.0,0.0,0.0,0.0,0.0,0.0,0.0,0.0,0.0,0.0,0.0,0.0
attack,"""gbeleeTbeTbeTTbelee",time,time,seqgan_master,seqgan_master__final__time__A__500__MASTER__raw_character__len20__gpre120__reward_off__seed88,161,20.0,6.0,2.221928094887362,19.0,0.0,0.0,1.0,0.95,0.0,0.0,0.05,0.0,1.0,0.0,0.0,0.0,0.0,0.0,0.0,0.0,0.0,0.0,0.0,0.0,1.0,0.0,0.0,0.0,0.0,0.0,0.0,0.0,0.0,0.0,0.0,0.0,0.0,0.0,0.0,0.0,0.0,0.0,0.0,0.0,0.0,0.0,0.0,0.0,0.0,0.0,0.0,0.0,0.0,0.0,0.0,0.0,0.0,0.0,0.0,0.0,0.0,0.0,0.0,0.0,0.0
attack,"""gbelebeTITIpgbelele",time,time,seqgan_master,seqgan_master__final__time__A__500__MASTER__raw_character__len20__gpre120__reward_off__seed88,162,20.0,8.0,2.7709505944546686,19.0,0.0,0.0,1.0,0.95,0.0,0.0,0.05,0.0,1.0,0.0,0.0,0.0,0.0,0.0,0.0,0.0,0.0,0.0,0.0,0.0,1.0,0.0,0.0,0.0,0.0,0.0,0.0,0.0,0.0,0.0,0.0,0.0,0.0,0.0,0.0,0.0,0.0,0.0,0.0,0.0,0.0,0.0,0.0,0.0,0.0,0.0,0.0,0.0,0.0,0.0,0.0,0.0,0.0,0.0,0.0,0.0,0.0,0.0,0.0,0.0,0.0
attack,"""gbeleeeleTTpgTIpgTb",time,time,seqgan_master,seqgan_master__final__time__A__500__MASTER__raw_character__len20__gpre120__reward_off__seed88,163,20.0,8.0,2.8037016960573484,19.0,0.0,0.0,1.0,0.95,0.0,0.0,0.05,0.0,1.0,0.0,0.0,0.0,0.0,0.0,0.0,0.0,0.0,0.0,0.0,0.0,1.0,0.0,0.0,0.0,0.0,0.0,0.0,0.0,0.0,0.0,0.0,0.0,0.0,0.0,0.0,0.0,0.0,0.0,0.0,0.0,0.0,0.0,0.0,0.0,0.0,0.0,0.0,0.0,0.0,0.0,0.0,0.0,0.0,0.0,0.0,0.0,0.0,0.0,0.0,0.0,0.0
attack,wabeeTTTITIpgTrbgbeg,time,time,seqgan_master,seqgan_master__final__time__A__500__MASTER__raw_character__len20__gpre120__reward_off__seed88,164,20.0,9.0,2.9282129458410013,20.0,0.0,0.0,0.0,1.0,0.0,0.0,0.0,0.0,0.0,0.0,0.0,0.0,0.0,0.0,0.0,0.0,0.0,0.0,0.0,0.0,0.0,0.0,0.0,0.0,0.0,0.0,0.0,0.0,0.0,0.0,0.0,0.0,0.0,0.0,0.0,0.0,0.0,0.0,0.0,0.0,0.0,0.0,0.0,0.0,0.0,0.0,0.0,0.0,0.0,0.0,0.0,0.0,0.0,0.0,0.0,0.0,0.0,0.0,0.0,0.0,0.0
attack,"""gbegbeleleleeTbeleT",time,time,seqgan_master,seqgan_master__final__time__A__500__MASTER__raw_character__len20__gpre120__reward_off__seed88,165,20.0,6.0,2.2841837197791888,19.0,0.0,0.0,1.0,0.95,0.0,0.0,0.05,0.0,1.0,0.0,0.0,0.0,0.0,0.0,0.0,0.0,0.0,0.0,0.0,0.0,1.0,0.0,0.0,0.0,0.0,0.0,0.0,0.0,0.0,0.0,0.0,0.0,0.0,0.0,0.0,0.0,0.0,0.0,0.0,0.0,0.0,0.0,0.0,0.0,0.0,0.0,0.0,0.0,0.0,0.0,0.0,0.0,0.0,0.0,0.0,0.0,0.0,0.0,0.0,0.0,0.0
attack,"""gbgbeleeleleeTTTIpg",time,time,seqgan_master,seqgan_master__final__time__A__500__MASTER__raw_character__len20__gpre120__reward_off__seed88,166,20.0,8.0,2.733206219346495,19.0,0.0,0.0,1.0,0.95,0.0,0.0,0.05,0.0,1.0,0.0,0.0,0.0,0.0,0.0,0.0,0.0,0.0,0.0,0.0,0.0,1.0,0.0,0.0,0.0,0.0,0.0,0.0,0.0,0.0,0.0,0.0,0.0,0.0,0.0,0.0,0.0,0.0,0.0,0.0,0.0,0.0,0.0,0.0,0.0,0.0,0.0,0.0,0.0,0.0,0.0,0.0,0.0,0.0,0.0,0.0,0.0,0.0,0.0,0.0,0.0,0.0
attack,"""gbeeleeTIpgTbeleleT",time,time,seqgan_master,seqgan_master__final__time__A__500__MASTER__raw_character__len20__gpre120__reward_off__seed88,167,20.0,8.0,2.6638651219508542,19.0,0.0,0.0,1.0,0.95,0.0,0.0,0.05,0.0,1.0,0.0,0.0,0.0,0.0,0.0,0.0,0.0,0.0,0.0,0.0,0.0,1.0,0.0,0.0,0.0,0.0,0.0,0.0,0.0,0.0,0.0,0.0,0.0,0.0,0.0,0.0,0.0,0.0,0.0,0.0,0.0,0.0,0.0,0.0,0.0,0.0,0.0,0.0,0.0,0.0,0.0,0.0,0.0,0.0,0.0,0.0,0.0,0.0,0.0,0.0,0.0,0.0
attack,"""gbebeleeleleleleeTT",time,time,seqgan_master,seqgan_master__final__time__A__500__MASTER__raw_character__len20__gpre120__reward_off__seed88,168,20.0,6.0,2.1149798205164814,19.0,0.0,0.0,1.0,0.95,0.0,0.0,0.05,0.0,1.0,0.0,0.0,0.0,0.0,0.0,0.0,0.0,0.0,0.0,0.0,0.0,1.0,0.0,0.0,0.0,0.0,0.0,0.0,0.0,0.0,0.0,0.0,0.0,0.0,0.0,0.0,0.0,0.0,0.0,0.0,0.0,0.0,0.0,0.0,0.0,0.0,0.0,0.0,0.0,0.0,0.0,0.0,0.0,0.0,0.0,0.0,0.0,0.0,0.0,0.0,0.0,0.0
attack,"""gbeleleeleTbeleeTII",time,time,seqgan_master,seqgan_master__final__time__A__500__MASTER__raw_character__len20__gpre120__reward_off__seed88,169,20.0,7.0,2.4219280948873623,19.0,0.0,0.0,1.0,0.95,0.0,0.0,0.05,0.0,1.0,0.0,0.0,0.0,0.0,0.0,0.0,0.0,0.0,0.0,0.0,0.0,1.0,0.0,0.0,0.0,0.0,0.0,0.0,0.0,0.0,0.0,0.0,0.0,0.0,0.0,0.0,0.0,0.0,0.0,0.0,0.0,0.0,0.0,0.0,0.0,0.0,0.0,0.0,0.0,0.0,0.0,0.0,0.0,0.0,0.0,0.0,0.0,0.0,0.0,0.0,0.0,0.0
attack,"""gbeleeleleleleleleT",time,time,seqgan_master,seqgan_master__final__time__A__500__MASTER__raw_character__len20__gpre120__reward_off__seed88,170,20.0,6.0,1.9128876215181605,19.0,0.0,0.0,1.0,0.95,0.0,0.0,0.05,0.0,1.0,0.0,0.0,0.0,0.0,0.0,0.0,0.0,0.0,0.0,0.0,0.0,1.0,0.0,0.0,0.0,0.0,0.0,0.0,0.0,0.0,0.0,0.0,0.0,0.0,0.0,0.0,0.0,0.0,0.0,0.0,0.0,0.0,0.0,0.0,0.0,0.0,0.0,0.0,0.0,0.0,0.0,0.0,0.0,0.0,0.0,0.0,0.0,0.0,0.0,0.0,0.0,0.0
attack,aribeleTTTTTTTIMEbel,time,time,seqgan_master,seqgan_master__final__time__A__500__MASTER__raw_character__len20__gpre120__reward_off__seed88,171,20.0,10.0,2.9016094970590274,20.0,0.0,0.0,0.0,1.0,0.0,0.0,0.0,0.0,0.0,0.0,0.0,0.0,0.0,0.0,0.0,0.0,0.0,0.0,0.0,0.0,0.0,0.0,0.0,0.0,0.0,0.0,0.0,0.0,0.0,0.0,0.0,0.0,0.0,0.0,0.0,0.0,0.0,0.0,0.0,0.0,0.0,0.0,0.0,0.0,0.0,0.0,0.0,0.0,0.0,0.0,0.0,0.0,0.0,0.0,0.0,0.0,0.0,0.0,0.0,0.0,0.0
attack,"""gbeleeleeleTTIpr be",time,time,seqgan_master,seqgan_master__final__time__A__500__MASTER__raw_character__len20__gpre120__reward_off__seed88,172,20.0,10.0,2.9016094970590274,18.0,0.0,1.0,1.0,0.9,0.0,0.05,0.05,0.0,1.0,0.0,0.0,0.0,0.0,0.0,0.0,0.0,0.0,0.0,0.0,0.0,1.0,0.0,0.0,0.0,0.0,0.0,0.0,0.0,0.0,0.0,0.0,0.0,0.0,0.0,0.0,0.0,0.0,0.0,0.0,0.0,0.0,0.0,0.0,0.0,0.0,0.0,0.0,0.0,0.0,0.0,0.0,0.0,0.0,0.0,0.0,0.0,0.0,0.0,0.0,0.0,0.0
attack,"""gbeleeleeTIITIpgTTb",time,time,seqgan_master,seqgan_master__final__time__A__500__MASTER__raw_character__len20__gpre120__reward_off__seed88,173,20.0,8.0,2.8037016960573484,19.0,0.0,0.0,1.0,0.95,0.0,0.0,0.05,0.0,1.0,0.0,0.0,0.0,0.0,0.0,0.0,0.0,0.0,0.0,0.0,0.0,1.0,0.0,0.0,0.0,0.0,0.0,0.0,0.0,0.0,0.0,0.0,0.0,0.0,0.0,0.0,0.0,0.0,0.0,0.0,0.0,0.0,0.0,0.0,0.0,0.0,0.0,0.0,0.0,0.0,0.0,0.0,0.0,0.0,0.0,0.0,0.0,0.0,0.0,0.0,0.0,0.0
attack,"""gbeele0TIpgTTIMbeeT",time,time,seqgan_master,seqgan_master__final__time__A__500__MASTER__raw_character__len20__gpre120__reward_off__seed88,174,20.0,10.0,3.041446071165522,18.0,1.0,0.0,1.0,0.9,0.05,0.0,0.05,0.0,1.0,0.0,0.0,0.0,0.0,0.0,0.0,0.0,0.0,0.0,0.0,0.0,1.0,0.0,0.0,0.0,0.0,0.0,0.0,0.0,0.0,0.0,0.0,0.0,0.0,0.0,0.0,0.0,0.0,0.0,0.0,0.0,0.0,0.0,0.0,0.0,0.0,0.0,0.0,0.0,0.0,0.0,0.0,0.0,0.0,0.0,0.0,0.0,0.0,0.0,0.0,0.0,0.0
attack,"""gbeleeleleTe0TIIpgT",time,time,seqgan_master,seqgan_master__final__time__A__500__MASTER__raw_character__len20__gpre120__reward_off__seed88,175,20.0,9.0,2.8709505944546687,18.0,1.0,0.0,1.0,0.9,0.05,0.0,0.05,0.0,1.0,0.0,0.0,0.0,0.0,0.0,0.0,0.0,0.0,0.0,0.0,0.0,1.0,0.0,0.0,0.0,0.0,0.0,0.0,0.0,0.0,0.0,0.0,0.0,0.0,0.0,0.0,0.0,0.0,0.0,0.0,0.0,0.0,0.0,0.0,0.0,0.0,0.0,0.0,0.0,0.0,0.0,0.0,0.0,0.0,0.0,0.0,0.0,0.0,0.0,0.0,0.0,0.0
attack,"""gbeeeTITIpgTTTTI)TT",time,time,seqgan_master,seqgan_master__final__time__A__500__MASTER__raw_character__len20__gpre120__reward_off__seed88,176,20.0,8.0,2.5464393446710156,18.0,0.0,0.0,2.0,0.9,0.0,0.0,0.1,0.0,1.0,0.0,0.0,0.0,0.0,0.0,1.0,0.0,0.0,0.0,0.0,0.0,1.0,0.0,0.0,0.0,0.0,1.0,0.0,0.0,0.0,0.0,0.0,0.0,0.0,0.0,0.0,0.0,0.0,0.0,0.0,0.0,0.0,0.0,0.0,0.0,0.0,0.0,0.0,0.0,0.0,0.0,0.0,0.0,0.0,0.0,0.0,0.0,0.0,0.0,0.0,0.0,0.0
attack,"""gbeleeTbeTectbeTTTI",time,time,seqgan_master,seqgan_master__final__time__A__500__MASTER__raw_character__len20__gpre120__reward_off__seed88,177,20.0,9.0,2.7282129458410016,19.0,0.0,0.0,1.0,0.95,0.0,0.0,0.05,0.0,1.0,0.0,0.0,0.0,0.0,0.0,0.0,0.0,0.0,0.0,0.0,0.0,1.0,0.0,0.0,0.0,0.0,0.0,0.0,0.0,0.0,0.0,0.0,0.0,0.0,0.0,0.0,0.0,0.0,0.0,0.0,0.0,0.0,0.0,0.0,0.0,0.0,0.0,0.0,0.0,0.0,0.0,0.0,0.0,0.0,0.0,0.0,0.0,0.0,0.0,0.0,0.0,0.0
attack,"""gbeleeleTTbeTTTTITT",time,time,seqgan_master,seqgan_master__final__time__A__500__MASTER__raw_character__len20__gpre120__reward_off__seed88,178,20.0,7.0,2.341446071165522,19.0,0.0,0.0,1.0,0.95,0.0,0.0,0.05,0.0,1.0,0.0,0.0,0.0,0.0,0.0,0.0,0.0,0.0,0.0,0.0,0.0,1.0,0.0,0.0,0.0,0.0,0.0,0.0,0.0,0.0,0.0,0.0,0.0,0.0,0.0,0.0,0.0,0.0,0.0,0.0,0.0,0.0,0.0,0.0,0.0,0.0,0.0,0.0,0.0,0.0,0.0,0.0,0.0,0.0,0.0,0.0,0.0,0.0,0.0,0.0,0.0,0.0
attack,""" bribrneeleeelelele",time,time,seqgan_master,seqgan_master__final__time__A__500__MASTER__raw_character__len20__gpre120__reward_off__seed88,179,20.0,8.0,2.5219280948873624,18.0,0.0,1.0,1.0,0.9,0.0,0.05,0.05,0.0,1.0,0.0,0.0,0.0,0.0,0.0,0.0,0.0,0.0,0.0,0.0,0.0,1.0,0.0,0.0,0.0,0.0,0.0,0.0,0.0,0.0,0.0,0.0,0.0,0.0,0.0,0.0,0.0,0.0,0.0,0.0,0.0,0.0,0.0,0.0,0.0,0.0,0.0,0.0,0.0,0.0,0.0,0.0,0.0,0.0,0.0,0.0,0.0,0.0,0.0,0.0,0.0,0.0
attack,"""gbeleeleeTsleTbeleT",time,time,seqgan_master,seqgan_master__final__time__A__500__MASTER__raw_character__len20__gpre120__reward_off__seed88,180,20.0,7.0,2.384183719779189,19.0,0.0,0.0,1.0,0.95,0.0,0.0,0.05,0.0,1.0,0.0,0.0,0.0,0.0,0.0,0.0,0.0,0.0,0.0,0.0,0.0,1.0,0.0,0.0,0.0,0.0,0.0,0.0,0.0,0.0,0.0,0.0,0.0,0.0,0.0,0.0,0.0,0.0,0.0,0.0,0.0,0.0,0.0,0.0,0.0,0.0,0.0,0.0,0.0,0.0,0.0,0.0,0.0,0.0,0.0,0.0,0.0,0.0,0.0,0.0,0.0,0.0
attack,"""gbeleeleTTTIIsdelee",time,time,seqgan_master,seqgan_master__final__time__A__500__MASTER__raw_character__len20__gpre120__reward_off__seed88,181,20.0,9.0,2.763865121950854,19.0,0.0,0.0,1.0,0.95,0.0,0.0,0.05,0.0,1.0,0.0,0.0,0.0,0.0,0.0,0.0,0.0,0.0,0.0,0.0,0.0,1.0,0.0,0.0,0.0,0.0,0.0,0.0,0.0,0.0,0.0,0.0,0.0,0.0,0.0,0.0,0.0,0.0,0.0,0.0,0.0,0.0,0.0,0.0,0.0,0.0,0.0,0.0,0.0,0.0,0.0,0.0,0.0,0.0,0.0,0.0,0.0,0.0,0.0,0.0,0.0,0.0
attack,"""gbegbeleelebeleeTbe",time,time,seqgan_master,seqgan_master__final__time__A__500__MASTER__raw_character__len20__gpre120__reward_off__seed88,182,20.0,6.0,2.1577174691301484,19.0,0.0,0.0,1.0,0.95,0.0,0.0,0.05,0.0,1.0,0.0,0.0,0.0,0.0,0.0,0.0,0.0,0.0,0.0,0.0,0.0,1.0,0.0,0.0,0.0,0.0,0.0,0.0,0.0,0.0,0.0,0.0,0.0,0.0,0.0,0.0,0.0,0.0,0.0,0.0,0.0,0.0,0.0,0.0,0.0,0.0,0.0,0.0,0.0,0.0,0.0,0.0,0.0,0.0,0.0,0.0,0.0,0.0,0.0,0.0,0.0,0.0
attack,_TIriribele0ribeeTTT,time,time,seqgan_master,seqgan_master__final__time__A__500__MASTER__raw_character__len20__gpre120__reward_off__seed88,183,20.0,9.0,2.9464393446710155,18.0,1.0,0.0,1.0,0.9,0.05,0.0,0.05,0.0,0.0,0.0,0.0,0.0,0.0,0.0,0.0,0.0,1.0,0.0,0.0,0.0,0.0,0.0,0.0,0.0,0.0,0.0,0.0,0.0,0.0,0.0,0.0,0.0,0.0,0.0,0.0,0.0,0.0,0.0,0.0,0.0,0.0,0.0,0.0,0.0,0.0,0.0,0.0,0.0,0.0,0.0,0.0,0.0,0.0,0.0,0.0,0.0,0.0,0.0,0.0,0.0,0.0
attack,gneleele0beTTIpgTTbe,time,time,seqgan_master,seqgan_master__final__time__A__500__MASTER__raw_character__len20__gpre120__reward_off__seed88,184,20.0,9.0,2.8464393446710154,19.0,1.0,0.0,0.0,0.95,0.05,0.0,0.0,0.0,0.0,0.0,0.0,0.0,0.0,0.0,0.0,0.0,0.0,0.0,0.0,0.0,0.0,0.0,0.0,0.0,0.0,0.0,0.0,0.0,0.0,0.0,0.0,0.0,0.0,0.0,0.0,0.0,0.0,0.0,0.0,0.0,0.0,0.0,0.0,0.0,0.0,0.0,0.0,0.0,0.0,0.0,0.0,0.0,0.0,0.0,0.0,0.0,0.0,0.0,0.0,0.0,0.0
attack,"""gbeleeTTIMeTTTTIdel",time,time,seqgan_master,seqgan_master__final__time__A__500__MASTER__raw_character__len20__gpre120__reward_off__seed88,185,20.0,9.0,2.765957320949175,19.0,0.0,0.0,1.0,0.95,0.0,0.0,0.05,0.0,1.0,0.0,0.0,0.0,0.0,0.0,0.0,0.0,0.0,0.0,0.0,0.0,1.0,0.0,0.0,0.0,0.0,0.0,0.0,0.0,0.0,0.0,0.0,0.0,0.0,0.0,0.0,0.0,0.0,0.0,0.0,0.0,0.0,0.0,0.0,0.0,0.0,0.0,0.0,0.0,0.0,0.0,0.0,0.0,0.0,0.0,0.0,0.0,0.0,0.0,0.0,0.0,0.0
attack,"""gbelleeeleleeTTTIMe",time,time,seqgan_master,seqgan_master__final__time__A__500__MASTER__raw_character__len20__gpre120__reward_off__seed88,186,20.0,8.0,2.484183719779189,19.0,0.0,0.0,1.0,0.95,0.0,0.0,0.05,0.0,1.0,0.0,0.0,0.0,0.0,0.0,0.0,0.0,0.0,0.0,0.0,0.0,1.0,0.0,0.0,0.0,0.0,0.0,0.0,0.0,0.0,0.0,0.0,0.0,0.0,0.0,0.0,0.0,0.0,0.0,0.0,0.0,0.0,0.0,0.0,0.0,0.0,0.0,0.0,0.0,0.0,0.0,0.0,0.0,0.0,0.0,0.0,0.0,0.0,0.0,0.0,0.0,0.0
attack,"""gbeeleeTTbeleleTTTT",time,time,seqgan_master,seqgan_master__final__time__A__500__MASTER__raw_character__len20__gpre120__reward_off__seed88,187,20.0,6.0,2.2261207468426805,19.0,0.0,0.0,1.0,0.95,0.0,0.0,0.05,0.0,1.0,0.0,0.0,0.0,0.0,0.0,0.0,0.0,0.0,0.0,0.0,0.0,1.0,0.0,0.0,0.0,0.0,0.0,0.0,0.0,0.0,0.0,0.0,0.0,0.0,0.0,0.0,0.0,0.0,0.0,0.0,0.0,0.0,0.0,0.0,0.0,0.0,0.0,0.0,0.0,0.0,0.0,0.0,0.0,0.0,0.0,0.0,0.0,0.0,0.0,0.0,0.0,0.0
attack,"""gbeeleeTleTIpgTgbel",time,time,seqgan_master,seqgan_master__final__time__A__500__MASTER__raw_character__len20__gpre120__reward_off__seed88,188,20.0,8.0,2.733206219346495,19.0,0.0,0.0,1.0,0.95,0.0,0.0,0.05,0.0,1.0,0.0,0.0,0.0,0.0,0.0,0.0,0.0,0.0,0.0,0.0,0.0,1.0,0.0,0.0,0.0,0.0,0.0,0.0,0.0,0.0,0.0,0.0,0.0,0.0,0.0,0.0,0.0,0.0,0.0,0.0,0.0,0.0,0.0,0.0,0.0,0.0,0.0,0.0,0.0,0.0,0.0,0.0,0.0,0.0,0.0,0.0,0.0,0.0,0.0,0.0,0.0,0.0
attack,"""gbeleeTIneTTTIpgTbe",time,time,seqgan_master,seqgan_master__final__time__A__500__MASTER__raw_character__len20__gpre120__reward_off__seed88,189,20.0,9.0,2.8609640474436815,19.0,0.0,0.0,1.0,0.95,0.0,0.0,0.05,0.0,1.0,0.0,0.0,0.0,0.0,0.0,0.0,0.0,0.0,0.0,0.0,0.0,1.0,0.0,0.0,0.0,0.0,0.0,0.0,0.0,0.0,0.0,0.0,0.0,0.0,0.0,0.0,0.0,0.0,0.0,0.0,0.0,0.0,0.0,0.0,0.0,0.0,0.0,0.0,0.0,0.0,0.0,0.0,0.0,0.0,0.0,0.0,0.0,0.0,0.0,0.0,0.0,0.0
attack,"""gbeleleleeleleTeTIb",time,time,seqgan_master,seqgan_master__final__time__A__500__MASTER__raw_character__len20__gpre120__reward_off__seed88,190,20.0,7.0,2.341446071165522,19.0,0.0,0.0,1.0,0.95,0.0,0.0,0.05,0.0,1.0,0.0,0.0,0.0,0.0,0.0,0.0,0.0,0.0,0.0,0.0,0.0,1.0,0.0,0.0,0.0,0.0,0.0,0.0,0.0,0.0,0.0,0.0,0.0,0.0,0.0,0.0,0.0,0.0,0.0,0.0,0.0,0.0,0.0,0.0,0.0,0.0,0.0,0.0,0.0,0.0,0.0,0.0,0.0,0.0,0.0,0.0,0.0,0.0,0.0,0.0,0.0,0.0
attack,"""gbeleeTbeleTIpgTTpg",time,time,seqgan_master,seqgan_master__final__time__A__500__MASTER__raw_character__len20__gpre120__reward_off__seed88,191,20.0,8.0,2.8037016960573484,19.0,0.0,0.0,1.0,0.95,0.0,0.0,0.05,0.0,1.0,0.0,0.0,0.0,0.0,0.0,0.0,0.0,0.0,0.0,0.0,0.0,1.0,0.0,0.0,0.0,0.0,0.0,0.0,0.0,0.0,0.0,0.0,0.0,0.0,0.0,0.0,0.0,0.0,0.0,0.0,0.0,0.0,0.0,0.0,0.0,0.0,0.0,0.0,0.0,0.0,0.0,0.0,0.0,0.0,0.0,0.0,0.0,0.0,0.0,0.0,0.0,0.0
attack,"""gbeeleeTITIMbegbebe",time,time,seqgan_master,seqgan_master__final__time__A__500__MASTER__raw_character__len20__gpre120__reward_off__seed88,192,20.0,8.0,2.639353872167201,19.0,0.0,0.0,1.0,0.95,0.0,0.0,0.05,0.0,1.0,0.0,0.0,0.0,0.0,0.0,0.0,0.0,0.0,0.0,0.0,0.0,1.0,0.0,0.0,0.0,0.0,0.0,0.0,0.0,0.0,0.0,0.0,0.0,0.0,0.0,0.0,0.0,0.0,0.0,0.0,0.0,0.0,0.0,0.0,0.0,0.0,0.0,0.0,0.0,0.0,0.0,0.0,0.0,0.0,0.0,0.0,0.0,0.0,0.0,0.0,0.0,0.0
attack,"""gbegbeleeleeTeTbleT",time,time,seqgan_master,seqgan_master__final__time__A__500__MASTER__raw_character__len20__gpre120__reward_off__seed88,193,20.0,6.0,2.308694969562842,19.0,0.0,0.0,1.0,0.95,0.0,0.0,0.05,0.0,1.0,0.0,0.0,0.0,0.0,0.0,0.0,0.0,0.0,0.0,0.0,0.0,1.0,0.0,0.0,0.0,0.0,0.0,0.0,0.0,0.0,0.0,0.0,0.0,0.0,0.0,0.0,0.0,0.0,0.0,0.0,0.0,0.0,0.0,0.0,0.0,0.0,0.0,0.0,0.0,0.0,0.0,0.0,0.0,0.0,0.0,0.0,0.0,0.0,0.0,0.0,0.0,0.0
attack,"""gbeleeleTIMbeleTTId",time,time,seqgan_master,seqgan_master__final__time__A__500__MASTER__raw_character__len20__gpre120__reward_off__seed88,194,20.0,9.0,2.8709505944546687,19.0,0.0,0.0,1.0,0.95,0.0,0.0,0.05,0.0,1.0,0.0,0.0,0.0,0.0,0.0,0.0,0.0,0.0,0.0,0.0,0.0,1.0,0.0,0.0,0.0,0.0,0.0,0.0,0.0,0.0,0.0,0.0,0.0,0.0,0.0,0.0,0.0,0.0,0.0,0.0,0.0,0.0,0.0,0.0,0.0,0.0,0.0,0.0,0.0,0.0,0.0,0.0,0.0,0.0,0.0,0.0,0.0,0.0,0.0,0.0,0.0,0.0
attack,"""gbgbeeeleTTbeleeTTI",time,time,seqgan_master,seqgan_master__final__time__A__500__MASTER__raw_character__len20__gpre120__reward_off__seed88,195,20.0,7.0,2.5016094970590275,19.0,0.0,0.0,1.0,0.95,0.0,0.0,0.05,0.0,1.0,0.0,0.0,0.0,0.0,0.0,0.0,0.0,0.0,0.0,0.0,0.0,1.0,0.0,0.0,0.0,0.0,0.0,0.0,0.0,0.0,0.0,0.0,0.0,0.0,0.0,0.0,0.0,0.0,0.0,0.0,0.0,0.0,0.0,0.0,0.0,0.0,0.0,0.0,0.0,0.0,0.0,0.0,0.0,0.0,0.0,0.0,0.0,0.0,0.0,0.0,0.0,0.0
attack,"""gbeleeleTbeTTIIdeTT",time,time,seqgan_master,seqgan_master__final__time__A__500__MASTER__raw_character__len20__gpre120__reward_off__seed88,196,20.0,8.0,2.665957320949175,19.0,0.0,0.0,1.0,0.95,0.0,0.0,0.05,0.0,1.0,0.0,0.0,0.0,0.0,0.0,0.0,0.0,0.0,0.0,0.0,0.0,1.0,0.0,0.0,0.0,0.0,0.0,0.0,0.0,0.0,0.0,0.0,0.0,0.0,0.0,0.0,0.0,0.0,0.0,0.0,0.0,0.0,0.0,0.0,0.0,0.0,0.0,0.0,0.0,0.0,0.0,0.0,0.0,0.0,0.0,0.0,0.0,0.0,0.0,0.0,0.0,0.0
attack,"""gbeletribeleeleTTIT",time,time,seqgan_master,seqgan_master__final__time__A__500__MASTER__raw_character__len20__gpre120__reward_off__seed88,197,20.0,10.0,2.970950594454669,19.0,0.0,0.0,1.0,0.95,0.0,0.0,0.05,0.0,1.0,0.0,0.0,0.0,0.0,0.0,0.0,0.0,0.0,0.0,0.0,0.0,1.0,0.0,0.0,0.0,0.0,0.0,0.0,0.0,0.0,0.0,0.0,0.0,0.0,0.0,0.0,0.0,0.0,0.0,0.0,0.0,0.0,0.0,0.0,0.0,0.0,0.0,0.0,0.0,0.0,0.0,0.0,0.0,0.0,0.0,0.0,0.0,0.0,0.0,0.0,0.0,0.0
attack,"""gbeleeTIpgTbeleTbel",time,time,seqgan_master,seqgan_master__final__time__A__500__MASTER__raw_character__len20__gpre120__reward_off__seed88,198,20.0,8.0,2.733206219346495,19.0,0.0,0.0,1.0,0.95,0.0,0.0,0.05,0.0,1.0,0.0,0.0,0.0,0.0,0.0,0.0,0.0,0.0,0.0,0.0,0.0,1.0,0.0,0.0,0.0,0.0,0.0,0.0,0.0,0.0,0.0,0.0,0.0,0.0,0.0,0.0,0.0,0.0,0.0,0.0,0.0,0.0,0.0,0.0,0.0,0.0,0.0,0.0,0.0,0.0,0.0,0.0,0.0,0.0,0.0,0.0,0.0,0.0,0.0,0.0,0.0,0.0
attack,"""gbgbeleleeeleleleel",time,time,seqgan_master,seqgan_master__final__time__A__500__MASTER__raw_character__len20__gpre120__reward_off__seed88,199,20.0,5.0,1.919973094021975,19.0,0.0,0.0,1.0,0.95,0.0,0.0,0.05,0.0,1.0,0.0,0.0,0.0,0.0,0.0,0.0,0.0,0.0,0.0,0.0,0.0,1.0,0.0,0.0,0.0,0.0,0.0,0.0,0.0,0.0,0.0,0.0,0.0,0.0,0.0,0.0,0.0,0.0,0.0,0.0,0.0,0.0,0.0,0.0,0.0,0.0,0.0,0.0,0.0,0.0,0.0,0.0,0.0,0.0,0.0,0.0,0.0,0.0,0.0,0.0,0.0,0.0
attack,"""gbeleleeleeTTTTTTTT",time,time,seqgan_master,seqgan_master__final__time__A__500__MASTER__raw_character__len20__gpre120__reward_off__seed88,200,20.0,6.0,2.108694969562842,19.0,0.0,0.0,1.0,0.95,0.0,0.0,0.05,0.0,1.0,0.0,0.0,0.0,0.0,0.0,0.0,0.0,0.0,0.0,0.0,0.0,1.0,0.0,0.0,0.0,0.0,0.0,0.0,0.0,0.0,0.0,0.0,0.0,0.0,0.0,0.0,0.0,0.0,0.0,0.0,0.0,0.0,0.0,0.0,0.0,0.0,0.0,0.0,0.0,0.0,0.0,0.0,0.0,0.0,0.0,0.0,0.0,0.0,0.0,0.0,0.0,0.0
attack,"""gbeleeleTTITTITpgTT",time,time,seqgan_master,seqgan_master__final__time__A__500__MASTER__raw_character__len20__gpre120__reward_off__seed88,201,20.0,8.0,2.639353872167201,19.0,0.0,0.0,1.0,0.95,0.0,0.0,0.05,0.0,1.0,0.0,0.0,0.0,0.0,0.0,0.0,0.0,0.0,0.0,0.0,0.0,1.0,0.0,0.0,0.0,0.0,0.0,0.0,0.0,0.0,0.0,0.0,0.0,0.0,0.0,0.0,0.0,0.0,0.0,0.0,0.0,0.0,0.0,0.0,0.0,0.0,0.0,0.0,0.0,0.0,0.0,0.0,0.0,0.0,0.0,0.0,0.0,0.0,0.0,0.0,0.0,0.0
attack,"""gbeleecle TTTTIIpgT",time,time,seqgan_master,seqgan_master__final__time__A__500__MASTER__raw_character__len20__gpre120__reward_off__seed88,202,20.0,10.0,3.041446071165522,18.0,0.0,1.0,1.0,0.9,0.0,0.05,0.05,0.0,1.0,0.0,0.0,0.0,0.0,0.0,0.0,0.0,0.0,0.0,0.0,0.0,1.0,0.0,0.0,0.0,0.0,0.0,0.0,0.0,0.0,0.0,0.0,0.0,0.0,0.0,0.0,0.0,0.0,0.0,0.0,0.0,0.0,0.0,0.0,0.0,0.0,0.0,0.0,0.0,0.0,0.0,0.0,0.0,0.0,0.0,0.0,0.0,0.0,0.0,0.0,0.0,0.0
attack,"""gbeleelecbeeTTneTTT",time,time,seqgan_master,seqgan_master__final__time__A__500__MASTER__raw_character__len20__gpre120__reward_off__seed88,203,20.0,8.0,2.5588718484453605,19.0,0.0,0.0,1.0,0.95,0.0,0.0,0.05,0.0,1.0,0.0,0.0,0.0,0.0,0.0,0.0,0.0,0.0,0.0,0.0,0.0,1.0,0.0,0.0,0.0,0.0,0.0,0.0,0.0,0.0,0.0,0.0,0.0,0.0,0.0,0.0,0.0,0.0,0.0,0.0,0.0,0.0,0.0,0.0,0.0,0.0,0.0,0.0,0.0,0.0,0.0,0.0,0.0,0.0,0.0,0.0,0.0,0.0,0.0,0.0,0.0,0.0
attack,"""gbeleeTTTIpgTrkrbel",time,time,seqgan_master,seqgan_master__final__time__A__500__MASTER__raw_character__len20__gpre120__reward_off__seed88,204,20.0,10.0,3.1219280948873624,19.0,0.0,0.0,1.0,0.95,0.0,0.0,0.05,0.0,1.0,0.0,0.0,0.0,0.0,0.0,0.0,0.0,0.0,0.0,0.0,0.0,1.0,0.0,0.0,0.0,0.0,0.0,0.0,0.0,0.0,0.0,0.0,0.0,0.0,0.0,0.0,0.0,0.0,0.0,0.0,0.0,0.0,0.0,0.0,0.0,0.0,0.0,0.0,0.0,0.0,0.0,0.0,0.0,0.0,0.0,0.0,0.0,0.0,0.0,0.0,0.0,0.0
attack,"""gbelebeetrbeleleTTT",time,time,seqgan_master,seqgan_master__final__time__A__500__MASTER__raw_character__len20__gpre120__reward_off__seed88,205,20.0,8.0,2.6261207468426804,19.0,0.0,0.0,1.0,0.95,0.0,0.0,0.05,0.0,1.0,0.0,0.0,0.0,0.0,0.0,0.0,0.0,0.0,0.0,0.0,0.0,1.0,0.0,0.0,0.0,0.0,0.0,0.0,0.0,0.0,0.0,0.0,0.0,0.0,0.0,0.0,0.0,0.0,0.0,0.0,0.0,0.0,0.0,0.0,0.0,0.0,0.0,0.0,0.0,0.0,0.0,0.0,0.0,0.0,0.0,0.0,0.0,0.0,0.0,0.0,0.0,0.0
attack,"""gbegbeleeleleeTTTTI",time,time,seqgan_master,seqgan_master__final__time__A__500__MASTER__raw_character__len20__gpre120__reward_off__seed88,206,20.0,7.0,2.5016094970590275,19.0,0.0,0.0,1.0,0.95,0.0,0.0,0.05,0.0,1.0,0.0,0.0,0.0,0.0,0.0,0.0,0.0,0.0,0.0,0.0,0.0,1.0,0.0,0.0,0.0,0.0,0.0,0.0,0.0,0.0,0.0,0.0,0.0,0.0,0.0,0.0,0.0,0.0,0.0,0.0,0.0,0.0,0.0,0.0,0.0,0.0,0.0,0.0,0.0,0.0,0.0,0.0,0.0,0.0,0.0,0.0,0.0,0.0,0.0,0.0,0.0,0.0
attack,"""gbeleeTIIIdr0gbeeTT",time,time,seqgan_master,seqgan_master__final__time__A__500__MASTER__raw_character__len20__gpre120__reward_off__seed88,207,20.0,10.0,3.065957320949175,18.0,1.0,0.0,1.0,0.9,0.05,0.0,0.05,0.0,1.0,0.0,0.0,0.0,0.0,0.0,0.0,0.0,0.0,0.0,0.0,0.0,1.0,0.0,0.0,0.0,0.0,0.0,0.0,0.0,0.0,0.0,0.0,0.0,0.0,0.0,0.0,0.0,0.0,0.0,0.0,0.0,0.0,0.0,0.0,0.0,0.0,0.0,0.0,0.0,0.0,0.0,0.0,0.0,0.0,0.0,0.0,0.0,0.0,0.0,0.0,0.0,0.0
attack,"""gbeleeleTbeTTTTIMbe",time,time,seqgan_master,seqgan_master__final__time__A__500__MASTER__raw_character__len20__gpre120__reward_off__seed88,208,20.0,8.0,2.6282129458410015,19.0,0.0,0.0,1.0,0.95,0.0,0.0,0.05,0.0,1.0,0.0,0.0,0.0,0.0,0.0,0.0,0.0,0.0,0.0,0.0,0.0,1.0,0.0,0.0,0.0,0.0,0.0,0.0,0.0,0.0,0.0,0.0,0.0,0.0,0.0,0.0,0.0,0.0,0.0,0.0,0.0,0.0,0.0,0.0,0.0,0.0,0.0,0.0,0.0,0.0,0.0,0.0,0.0,0.0,0.0,0.0,0.0,0.0,0.0,0.0,0.0,0.0
attack,"""gbeleleeTbeleTTIpgT",time,time,seqgan_master,seqgan_master__final__time__A__500__MASTER__raw_character__len20__gpre120__reward_off__seed88,209,20.0,8.0,2.708694969562842,19.0,0.0,0.0,1.0,0.95,0.0,0.0,0.05,0.0,1.0,0.0,0.0,0.0,0.0,0.0,0.0,0.0,0.0,0.0,0.0,0.0,1.0,0.0,0.0,0.0,0.0,0.0,0.0,0.0,0.0,0.0,0.0,0.0,0.0,0.0,0.0,0.0,0.0,0.0,0.0,0.0,0.0,0.0,0.0,0.0,0.0,0.0,0.0,0.0,0.0,0.0,0.0,0.0,0.0,0.0,0.0,0.0,0.0,0.0,0.0,0.0,0.0
attack,"""gbeleeleleeTpgTbele",time,time,seqgan_master,seqgan_master__final__time__A__500__MASTER__raw_character__len20__gpre120__reward_off__seed88,210,20.0,7.0,2.4219280948873623,19.0,0.0,0.0,1.0,0.95,0.0,0.0,0.05,0.0,1.0,0.0,0.0,0.0,0.0,0.0,0.0,0.0,0.0,0.0,0.0,0.0,1.0,0.0,0.0,0.0,0.0,0.0,0.0,0.0,0.0,0.0,0.0,0.0,0.0,0.0,0.0,0.0,0.0,0.0,0.0,0.0,0.0,0.0,0.0,0.0,0.0,0.0,0.0,0.0,0.0,0.0,0.0,0.0,0.0,0.0,0.0,0.0,0.0,0.0,0.0,0.0,0.0
attack,"""gbeleelelele0rbeleb",time,time,seqgan_master,seqgan_master__final__time__A__500__MASTER__raw_character__len20__gpre120__reward_off__seed88,211,20.0,7.0,2.3037016960573484,18.0,1.0,0.0,1.0,0.9,0.05,0.0,0.05,0.0,1.0,0.0,0.0,0.0,0.0,0.0,0.0,0.0,0.0,0.0,0.0,0.0,1.0,0.0,0.0,0.0,0.0,0.0,0.0,0.0,0.0,0.0,0.0,0.0,0.0,0.0,0.0,0.0,0.0,0.0,0.0,0.0,0.0,0.0,0.0,0.0,0.0,0.0,0.0,0.0,0.0,0.0,0.0,0.0,0.0,0.0,0.0,0.0,0.0,0.0,0.0,0.0,0.0
attack,"""gbeleeeTTTIMbeleTTb",time,time,seqgan_master,seqgan_master__final__time__A__500__MASTER__raw_character__len20__gpre120__reward_off__seed88,212,20.0,8.0,2.6282129458410015,19.0,0.0,0.0,1.0,0.95,0.0,0.0,0.05,0.0,1.0,0.0,0.0,0.0,0.0,0.0,0.0,0.0,0.0,0.0,0.0,0.0,1.0,0.0,0.0,0.0,0.0,0.0,0.0,0.0,0.0,0.0,0.0,0.0,0.0,0.0,0.0,0.0,0.0,0.0,0.0,0.0,0.0,0.0,0.0,0.0,0.0,0.0,0.0,0.0,0.0,0.0,0.0,0.0,0.0,0.0,0.0,0.0,0.0,0.0,0.0,0.0,0.0
attack,"""gbeleeeleleleTIbele",time,time,seqgan_master,seqgan_master__final__time__A__500__MASTER__raw_character__len20__gpre120__reward_off__seed88,213,20.0,7.0,2.2149798205164815,19.0,0.0,0.0,1.0,0.95,0.0,0.0,0.05,0.0,1.0,0.0,0.0,0.0,0.0,0.0,0.0,0.0,0.0,0.0,0.0,0.0,1.0,0.0,0.0,0.0,0.0,0.0,0.0,0.0,0.0,0.0,0.0,0.0,0.0,0.0,0.0,0.0,0.0,0.0,0.0,0.0,0.0,0.0,0.0,0.0,0.0,0.0,0.0,0.0,0.0,0.0,0.0,0.0,0.0,0.0,0.0,0.0,0.0,0.0,0.0,0.0,0.0
attack,"""gbegbeleleelelelele",time,time,seqgan_master,seqgan_master__final__time__A__500__MASTER__raw_character__len20__gpre120__reward_off__seed88,214,20.0,5.0,1.919973094021975,19.0,0.0,0.0,1.0,0.95,0.0,0.0,0.05,0.0,1.0,0.0,0.0,0.0,0.0,0.0,0.0,0.0,0.0,0.0,0.0,0.0,1.0,0.0,0.0,0.0,0.0,0.0,0.0,0.0,0.0,0.0,0.0,0.0,0.0,0.0,0.0,0.0,0.0,0.0,0.0,0.0,0.0,0.0,0.0,0.0,0.0,0.0,0.0,0.0,0.0,0.0,0.0,0.0,0.0,0.0,0.0,0.0,0.0,0.0,0.0,0.0,0.0
attack,"""gbeleeTmbeeTbeTIleT",time,time,seqgan_master,seqgan_master__final__time__A__500__MASTER__raw_character__len20__gpre120__reward_off__seed88,215,20.0,8.0,2.6016094970590276,19.0,0.0,0.0,1.0,0.95,0.0,0.0,0.05,0.0,1.0,0.0,0.0,0.0,0.0,0.0,0.0,0.0,0.0,0.0,0.0,0.0,1.0,0.0,0.0,0.0,0.0,0.0,0.0,0.0,0.0,0.0,0.0,0.0,0.0,0.0,0.0,0.0,0.0,0.0,0.0,0.0,0.0,0.0,0.0,0.0,0.0,0.0,0.0,0.0,0.0,0.0,0.0,0.0,0.0,0.0,0.0,0.0,0.0,0.0,0.0,0.0,0.0
attack,""" beleleTbeTTTTIIele",time,time,seqgan_master,seqgan_master__final__time__A__500__MASTER__raw_character__len20__gpre120__reward_off__seed88,216,20.0,7.0,2.5282129458410014,18.0,0.0,1.0,1.0,0.9,0.0,0.05,0.05,0.0,1.0,0.0,0.0,0.0,0.0,0.0,0.0,0.0,0.0,0.0,0.0,0.0,1.0,0.0,0.0,0.0,0.0,0.0,0.0,0.0,0.0,0.0,0.0,0.0,0.0,0.0,0.0,0.0,0.0,0.0,0.0,0.0,0.0,0.0,0.0,0.0,0.0,0.0,0.0,0.0,0.0,0.0,0.0,0.0,0.0,0.0,0.0,0.0,0.0,0.0,0.0,0.0,0.0
attack,"""gbeelee0TTIMelelele",time,time,seqgan_master,seqgan_master__final__time__A__500__MASTER__raw_character__len20__gpre120__reward_off__seed88,217,20.0,9.0,2.6219280948873624,18.0,1.0,0.0,1.0,0.9,0.05,0.0,0.05,0.0,1.0,0.0,0.0,0.0,0.0,0.0,0.0,0.0,0.0,0.0,0.0,0.0,1.0,0.0,0.0,0.0,0.0,0.0,0.0,0.0,0.0,0.0,0.0,0.0,0.0,0.0,0.0,0.0,0.0,0.0,0.0,0.0,0.0,0.0,0.0,0.0,0.0,0.0,0.0,0.0,0.0,0.0,0.0,0.0,0.0,0.0,0.0,0.0,0.0,0.0,0.0,0.0,0.0
attack,"""gbeleeleleleTIIIlel",time,time,seqgan_master,seqgan_master__final__time__A__500__MASTER__raw_character__len20__gpre120__reward_off__seed88,218,20.0,7.0,2.3261207468426806,19.0,0.0,0.0,1.0,0.95,0.0,0.0,0.05,0.0,1.0,0.0,0.0,0.0,0.0,0.0,0.0,0.0,0.0,0.0,0.0,0.0,1.0,0.0,0.0,0.0,0.0,0.0,0.0,0.0,0.0,0.0,0.0,0.0,0.0,0.0,0.0,0.0,0.0,0.0,0.0,0.0,0.0,0.0,0.0,0.0,0.0,0.0,0.0,0.0,0.0,0.0,0.0,0.0,0.0,0.0,0.0,0.0,0.0,0.0,0.0,0.0,0.0
attack,"""gbleelelelee0TIpTTI",time,time,seqgan_master,seqgan_master__final__time__A__500__MASTER__raw_character__len20__gpre120__reward_off__seed88,219,20.0,9.0,2.808694969562842,18.0,1.0,0.0,1.0,0.9,0.05,0.0,0.05,0.0,1.0,0.0,0.0,0.0,0.0,0.0,0.0,0.0,0.0,0.0,0.0,0.0,1.0,0.0,0.0,0.0,0.0,0.0,0.0,0.0,0.0,0.0,0.0,0.0,0.0,0.0,0.0,0.0,0.0,0.0,0.0,0.0,0.0,0.0,0.0,0.0,0.0,0.0,0.0,0.0,0.0,0.0,0.0,0.0,0.0,0.0,0.0,0.0,0.0,0.0,0.0,0.0,0.0
attack,"""gbeleleeleleleTeTTT",time,time,seqgan_master,seqgan_master__final__time__A__500__MASTER__raw_character__len20__gpre120__reward_off__seed88,220,20.0,6.0,2.1414460711655217,19.0,0.0,0.0,1.0,0.95,0.0,0.0,0.05,0.0,1.0,0.0,0.0,0.0,0.0,0.0,0.0,0.0,0.0,0.0,0.0,0.0,1.0,0.0,0.0,0.0,0.0,0.0,0.0,0.0,0.0,0.0,0.0,0.0,0.0,0.0,0.0,0.0,0.0,0.0,0.0,0.0,0.0,0.0,0.0,0.0,0.0,0.0,0.0,0.0,0.0,0.0,0.0,0.0,0.0,0.0,0.0,0.0,0.0,0.0,0.0,0.0,0.0
attack,"""gbeleeleTIeTTTTTTTT",time,time,seqgan_master,seqgan_master__final__time__A__500__MASTER__raw_character__len20__gpre120__reward_off__seed88,221,20.0,7.0,2.2149798205164815,19.0,0.0,0.0,1.0,0.95,0.0,0.0,0.05,0.0,1.0,0.0,0.0,0.0,0.0,0.0,0.0,0.0,0.0,0.0,0.0,0.0,1.0,0.0,0.0,0.0,0.0,0.0,0.0,0.0,0.0,0.0,0.0,0.0,0.0,0.0,0.0,0.0,0.0,0.0,0.0,0.0,0.0,0.0,0.0,0.0,0.0,0.0,0.0,0.0,0.0,0.0,0.0,0.0,0.0,0.0,0.0,0.0,0.0,0.0,0.0,0.0,0.0
attack,"""gbeeleleeTbeTIITTTb",time,time,seqgan_master,seqgan_master__final__time__A__500__MASTER__raw_character__len20__gpre120__reward_off__seed88,222,20.0,7.0,2.5282129458410014,19.0,0.0,0.0,1.0,0.95,0.0,0.0,0.05,0.0,1.0,0.0,0.0,0.0,0.0,0.0,0.0,0.0,0.0,0.0,0.0,0.0,1.0,0.0,0.0,0.0,0.0,0.0,0.0,0.0,0.0,0.0,0.0,0.0,0.0,0.0,0.0,0.0,0.0,0.0,0.0,0.0,0.0,0.0,0.0,0.0,0.0,0.0,0.0,0.0,0.0,0.0,0.0,0.0,0.0,0.0,0.0,0.0,0.0,0.0,0.0,0.0,0.0
attack,"""gbeleeeTeTIMbeTbeTI",time,time,seqgan_master,seqgan_master__final__time__A__500__MASTER__raw_character__len20__gpre120__reward_off__seed88,223,20.0,8.0,2.6016094970590276,19.0,0.0,0.0,1.0,0.95,0.0,0.0,0.05,0.0,1.0,0.0,0.0,0.0,0.0,0.0,0.0,0.0,0.0,0.0,0.0,0.0,1.0,0.0,0.0,0.0,0.0,0.0,0.0,0.0,0.0,0.0,0.0,0.0,0.0,0.0,0.0,0.0,0.0,0.0,0.0,0.0,0.0,0.0,0.0,0.0,0.0,0.0,0.0,0.0,0.0,0.0,0.0,0.0,0.0,0.0,0.0,0.0,0.0,0.0,0.0,0.0,0.0
attack,"""gbelemeeleTeTTTIIpg",time,time,seqgan_master,seqgan_master__final__time__A__500__MASTER__raw_character__len20__gpre120__reward_off__seed88,224,20.0,9.0,2.8464393446710154,19.0,0.0,0.0,1.0,0.95,0.0,0.0,0.05,0.0,1.0,0.0,0.0,0.0,0.0,0.0,0.0,0.0,0.0,0.0,0.0,0.0,1.0,0.0,0.0,0.0,0.0,0.0,0.0,0.0,0.0,0.0,0.0,0.0,0.0,0.0,0.0,0.0,0.0,0.0,0.0,0.0,0.0,0.0,0.0,0.0,0.0,0.0,0.0,0.0,0.0,0.0,0.0,0.0,0.0,0.0,0.0,0.0,0.0,0.0,0.0,0.0,0.0
attack,"""gbeleleeleeleTTTIIp",time,time,seqgan_master,seqgan_master__final__time__A__500__MASTER__raw_character__len20__gpre120__reward_off__seed88,225,20.0,8.0,2.6016094970590276,19.0,0.0,0.0,1.0,0.95,0.0,0.0,0.05,0.0,1.0,0.0,0.0,0.0,0.0,0.0,0.0,0.0,0.0,0.0,0.0,0.0,1.0,0.0,0.0,0.0,0.0,0.0,0.0,0.0,0.0,0.0,0.0,0.0,0.0,0.0,0.0,0.0,0.0,0.0,0.0,0.0,0.0,0.0,0.0,0.0,0.0,0.0,0.0,0.0,0.0,0.0,0.0,0.0,0.0,0.0,0.0,0.0,0.0,0.0,0.0,0.0,0.0
attack,"""gbeleeleleleTTTITTI",time,time,seqgan_master,seqgan_master__final__time__A__500__MASTER__raw_character__len20__gpre120__reward_off__seed88,226,20.0,7.0,2.465957320949175,19.0,0.0,0.0,1.0,0.95,0.0,0.0,0.05,0.0,1.0,0.0,0.0,0.0,0.0,0.0,0.0,0.0,0.0,0.0,0.0,0.0,1.0,0.0,0.0,0.0,0.0,0.0,0.0,0.0,0.0,0.0,0.0,0.0,0.0,0.0,0.0,0.0,0.0,0.0,0.0,0.0,0.0,0.0,0.0,0.0,0.0,0.0,0.0,0.0,0.0,0.0,0.0,0.0,0.0,0.0,0.0,0.0,0.0,0.0,0.0,0.0,0.0
attack,"""gbeleeTbeelbe0TITTT",time,time,seqgan_master,seqgan_master__final__time__A__500__MASTER__raw_character__len20__gpre120__reward_off__seed88,227,20.0,8.0,2.6282129458410015,18.0,1.0,0.0,1.0,0.9,0.05,0.0,0.05,0.0,1.0,0.0,0.0,0.0,0.0,0.0,0.0,0.0,0.0,0.0,0.0,0.0,1.0,0.0,0.0,0.0,0.0,0.0,0.0,0.0,0.0,0.0,0.0,0.0,0.0,0.0,0.0,0.0,0.0,0.0,0.0,0.0,0.0,0.0,0.0,0.0,0.0,0.0,0.0,0.0,0.0,0.0,0.0,0.0,0.0,0.0,0.0,0.0,0.0,0.0,0.0,0.0,0.0
attack,"""gbeleelebeTeTIepgTT",time,time,seqgan_master,seqgan_master__final__time__A__500__MASTER__raw_character__len20__gpre120__reward_off__seed88,228,20.0,8.0,2.639353872167201,19.0,0.0,0.0,1.0,0.95,0.0,0.0,0.05,0.0,1.0,0.0,0.0,0.0,0.0,0.0,0.0,0.0,0.0,0.0,0.0,0.0,1.0,0.0,0.0,0.0,0.0,0.0,0.0,0.0,0.0,0.0,0.0,0.0,0.0,0.0,0.0,0.0,0.0,0.0,0.0,0.0,0.0,0.0,0.0,0.0,0.0,0.0,0.0,0.0,0.0,0.0,0.0,0.0,0.0,0.0,0.0,0.0,0.0,0.0,0.0,0.0,0.0
attack,"""gbeleeleleTTIIpgTde",time,time,seqgan_master,seqgan_master__final__time__A__500__MASTER__raw_character__len20__gpre120__reward_off__seed88,229,20.0,9.0,2.8709505944546687,19.0,0.0,0.0,1.0,0.95,0.0,0.0,0.05,0.0,1.0,0.0,0.0,0.0,0.0,0.0,0.0,0.0,0.0,0.0,0.0,0.0,1.0,0.0,0.0,0.0,0.0,0.0,0.0,0.0,0.0,0.0,0.0,0.0,0.0,0.0,0.0,0.0,0.0,0.0,0.0,0.0,0.0,0.0,0.0,0.0,0.0,0.0,0.0,0.0,0.0,0.0,0.0,0.0,0.0,0.0,0.0,0.0,0.0,0.0,0.0,0.0,0.0
attack,"""gbegbeleeleleleTTTI",time,time,seqgan_master,seqgan_master__final__time__A__500__MASTER__raw_character__len20__gpre120__reward_off__seed88,230,20.0,7.0,2.5016094970590275,19.0,0.0,0.0,1.0,0.95,0.0,0.0,0.05,0.0,1.0,0.0,0.0,0.0,0.0,0.0,0.0,0.0,0.0,0.0,0.0,0.0,1.0,0.0,0.0,0.0,0.0,0.0,0.0,0.0,0.0,0.0,0.0,0.0,0.0,0.0,0.0,0.0,0.0,0.0,0.0,0.0,0.0,0.0,0.0,0.0,0.0,0.0,0.0,0.0,0.0,0.0,0.0,0.0,0.0,0.0,0.0,0.0,0.0,0.0,0.0,0.0,0.0
attack,"""gbeeleleeleTTIIpgTl",time,time,seqgan_master,seqgan_master__final__time__A__500__MASTER__raw_character__len20__gpre120__reward_off__seed88,231,20.0,8.0,2.708694969562842,19.0,0.0,0.0,1.0,0.95,0.0,0.0,0.05,0.0,1.0,0.0,0.0,0.0,0.0,0.0,0.0,0.0,0.0,0.0,0.0,0.0,1.0,0.0,0.0,0.0,0.0,0.0,0.0,0.0,0.0,0.0,0.0,0.0,0.0,0.0,0.0,0.0,0.0,0.0,0.0,0.0,0.0,0.0,0.0,0.0,0.0,0.0,0.0,0.0,0.0,0.0,0.0,0.0,0.0,0.0,0.0,0.0,0.0,0.0,0.0,0.0,0.0
attack,"""gbgbeleleeelecbeleT",time,time,seqgan_master,seqgan_master__final__time__A__500__MASTER__raw_character__len20__gpre120__reward_off__seed88,232,20.0,7.0,2.384183719779189,19.0,0.0,0.0,1.0,0.95,0.0,0.0,0.05,0.0,1.0,0.0,0.0,0.0,0.0,0.0,0.0,0.0,0.0,0.0,0.0,0.0,1.0,0.0,0.0,0.0,0.0,0.0,0.0,0.0,0.0,0.0,0.0,0.0,0.0,0.0,0.0,0.0,0.0,0.0,0.0,0.0,0.0,0.0,0.0,0.0,0.0,0.0,0.0,0.0,0.0,0.0,0.0,0.0,0.0,0.0,0.0,0.0,0.0,0.0,0.0,0.0,0.0
attack,"""gbeleleleeleTTIIpgT",time,time,seqgan_master,seqgan_master__final__time__A__500__MASTER__raw_character__len20__gpre120__reward_off__seed88,233,20.0,8.0,2.708694969562842,19.0,0.0,0.0,1.0,0.95,0.0,0.0,0.05,0.0,1.0,0.0,0.0,0.0,0.0,0.0,0.0,0.0,0.0,0.0,0.0,0.0,1.0,0.0,0.0,0.0,0.0,0.0,0.0,0.0,0.0,0.0,0.0,0.0,0.0,0.0,0.0,0.0,0.0,0.0,0.0,0.0,0.0,0.0,0.0,0.0,0.0,0.0,0.0,0.0,0.0,0.0,0.0,0.0,0.0,0.0,0.0,0.0,0.0,0.0,0.0,0.0,0.0
attack,"""gbeeleleleleleleele",time,time,seqgan_master,seqgan_master__final__time__A__500__MASTER__raw_character__len20__gpre120__reward_off__seed88,234,20.0,5.0,1.6783898247235198,19.0,0.0,0.0,1.0,0.95,0.0,0.0,0.05,0.0,1.0,0.0,0.0,0.0,0.0,0.0,0.0,0.0,0.0,0.0,0.0,0.0,1.0,0.0,0.0,0.0,0.0,0.0,0.0,0.0,0.0,0.0,0.0,0.0,0.0,0.0,0.0,0.0,0.0,0.0,0.0,0.0,0.0,0.0,0.0,0.0,0.0,0.0,0.0,0.0,0.0,0.0,0.0,0.0,0.0,0.0,0.0,0.0,0.0,0.0,0.0,0.0,0.0
attack,"""gbeleleleeTbeTTTIpg",time,time,seqgan_master,seqgan_master__final__time__A__500__MASTER__raw_character__len20__gpre120__reward_off__seed88,235,20.0,8.0,2.708694969562842,19.0,0.0,0.0,1.0,0.95,0.0,0.0,0.05,0.0,1.0,0.0,0.0,0.0,0.0,0.0,0.0,0.0,0.0,0.0,0.0,0.0,1.0,0.0,0.0,0.0,0.0,0.0,0.0,0.0,0.0,0.0,0.0,0.0,0.0,0.0,0.0,0.0,0.0,0.0,0.0,0.0,0.0,0.0,0.0,0.0,0.0,0.0,0.0,0.0,0.0,0.0,0.0,0.0,0.0,0.0,0.0,0.0,0.0,0.0,0.0,0.0,0.0
attack,"""gbeeleelelebeTIMeTI",time,time,seqgan_master,seqgan_master__final__time__A__500__MASTER__raw_character__len20__gpre120__reward_off__seed88,236,20.0,8.0,2.584183719779189,19.0,0.0,0.0,1.0,0.95,0.0,0.0,0.05,0.0,1.0,0.0,0.0,0.0,0.0,0.0,0.0,0.0,0.0,0.0,0.0,0.0,1.0,0.0,0.0,0.0,0.0,0.0,0.0,0.0,0.0,0.0,0.0,0.0,0.0,0.0,0.0,0.0,0.0,0.0,0.0,0.0,0.0,0.0,0.0,0.0,0.0,0.0,0.0,0.0,0.0,0.0,0.0,0.0,0.0,0.0,0.0,0.0,0.0,0.0,0.0,0.0,0.0
attack,"""gbeleeleeTInelelele",time,time,seqgan_master,seqgan_master__final__time__A__500__MASTER__raw_character__len20__gpre120__reward_off__seed88,237,20.0,8.0,2.3149798205164815,19.0,0.0,0.0,1.0,0.95,0.0,0.0,0.05,0.0,1.0,0.0,0.0,0.0,0.0,0.0,0.0,0.0,0.0,0.0,0.0,0.0,1.0,0.0,0.0,0.0,0.0,0.0,0.0,0.0,0.0,0.0,0.0,0.0,0.0,0.0,0.0,0.0,0.0,0.0,0.0,0.0,0.0,0.0,0.0,0.0,0.0,0.0,0.0,0.0,0.0,0.0,0.0,0.0,0.0,0.0,0.0,0.0,0.0,0.0,0.0,0.0,0.0
attack,"""gbeleeleeTTTbeleTTT",time,time,seqgan_master,seqgan_master__final__time__A__500__MASTER__raw_character__len20__gpre120__reward_off__seed88,238,20.0,6.0,2.2261207468426805,19.0,0.0,0.0,1.0,0.95,0.0,0.0,0.05,0.0,1.0,0.0,0.0,0.0,0.0,0.0,0.0,0.0,0.0,0.0,0.0,0.0,1.0,0.0,0.0,0.0,0.0,0.0,0.0,0.0,0.0,0.0,0.0,0.0,0.0,0.0,0.0,0.0,0.0,0.0,0.0,0.0,0.0,0.0,0.0,0.0,0.0,0.0,0.0,0.0,0.0,0.0,0.0,0.0,0.0,0.0,0.0,0.0,0.0,0.0,0.0,0.0,0.0
attack,"""gbbeleeleeeTbeleTle",time,time,seqgan_master,seqgan_master__final__time__A__500__MASTER__raw_character__len20__gpre120__reward_off__seed88,239,20.0,6.0,2.1577174691301484,19.0,0.0,0.0,1.0,0.95,0.0,0.0,0.05,0.0,1.0,0.0,0.0,0.0,0.0,0.0,0.0,0.0,0.0,0.0,0.0,0.0,1.0,0.0,0.0,0.0,0.0,0.0,0.0,0.0,0.0,0.0,0.0,0.0,0.0,0.0,0.0,0.0,0.0,0.0,0.0,0.0,0.0,0.0,0.0,0.0,0.0,0.0,0.0,0.0,0.0,0.0,0.0,0.0,0.0,0.0,0.0,0.0,0.0,0.0,0.0,0.0,0.0
attack,"""gbeleeeleTTIpT1wbee",time,time,seqgan_master,seqgan_master__final__time__A__500__MASTER__raw_character__len20__gpre120__reward_off__seed88,240,20.0,10.0,2.9016094970590274,18.0,1.0,0.0,1.0,0.9,0.05,0.0,0.05,0.0,1.0,0.0,0.0,0.0,0.0,0.0,0.0,0.0,0.0,0.0,0.0,0.0,1.0,0.0,0.0,0.0,0.0,0.0,0.0,0.0,0.0,0.0,0.0,0.0,0.0,0.0,0.0,0.0,0.0,0.0,0.0,0.0,0.0,0.0,0.0,0.0,0.0,0.0,0.0,0.0,0.0,0.0,0.0,0.0,0.0,0.0,0.0,0.0,0.0,0.0,0.0,0.0,0.0
attack,"""gbeeleeTIpgTleeleTT",time,time,seqgan_master,seqgan_master__final__time__A__500__MASTER__raw_character__len20__gpre120__reward_off__seed88,241,20.0,8.0,2.6016094970590276,19.0,0.0,0.0,1.0,0.95,0.0,0.0,0.05,0.0,1.0,0.0,0.0,0.0,0.0,0.0,0.0,0.0,0.0,0.0,0.0,0.0,1.0,0.0,0.0,0.0,0.0,0.0,0.0,0.0,0.0,0.0,0.0,0.0,0.0,0.0,0.0,0.0,0.0,0.0,0.0,0.0,0.0,0.0,0.0,0.0,0.0,0.0,0.0,0.0,0.0,0.0,0.0,0.0,0.0,0.0,0.0,0.0,0.0,0.0,0.0,0.0,0.0
attack,"""gbeleeeTbeleleTTTII",time,time,seqgan_master,seqgan_master__final__time__A__500__MASTER__raw_character__len20__gpre120__reward_off__seed88,242,20.0,7.0,2.5016094970590275,19.0,0.0,0.0,1.0,0.95,0.0,0.0,0.05,0.0,1.0,0.0,0.0,0.0,0.0,0.0,0.0,0.0,0.0,0.0,0.0,0.0,1.0,0.0,0.0,0.0,0.0,0.0,0.0,0.0,0.0,0.0,0.0,0.0,0.0,0.0,0.0,0.0,0.0,0.0,0.0,0.0,0.0,0.0,0.0,0.0,0.0,0.0,0.0,0.0,0.0,0.0,0.0,0.0,0.0,0.0,0.0,0.0,0.0,0.0,0.0,0.0,0.0
attack,""" bgbeeleleTITpg(TTT",time,time,seqgan_master,seqgan_master__final__time__A__500__MASTER__raw_character__len20__gpre120__reward_off__seed88,243,20.0,10.0,3.041446071165522,17.0,0.0,1.0,2.0,0.85,0.0,0.05,0.1,0.0,1.0,0.0,0.0,0.0,0.0,0.0,1.0,0.0,0.0,0.0,0.0,0.0,1.0,0.0,0.0,0.0,0.0,1.0,0.0,0.0,0.0,0.0,0.0,0.0,0.0,0.0,0.0,0.0,0.0,0.0,0.0,0.0,0.0,0.0,0.0,0.0,0.0,0.0,0.0,0.0,0.0,0.0,0.0,0.0,0.0,0.0,0.0,0.0,0.0,0.0,0.0,0.0,0.0
attack,"""gbeleleeleleleTeTIM",time,time,seqgan_master,seqgan_master__final__time__A__500__MASTER__raw_character__len20__gpre120__reward_off__seed88,244,20.0,8.0,2.441446071165522,19.0,0.0,0.0,1.0,0.95,0.0,0.0,0.05,0.0,1.0,0.0,0.0,0.0,0.0,0.0,0.0,0.0,0.0,0.0,0.0,0.0,1.0,0.0,0.0,0.0,0.0,0.0,0.0,0.0,0.0,0.0,0.0,0.0,0.0,0.0,0.0,0.0,0.0,0.0,0.0,0.0,0.0,0.0,0.0,0.0,0.0,0.0,0.0,0.0,0.0,0.0,0.0,0.0,0.0,0.0,0.0,0.0,0.0,0.0,0.0,0.0,0.0
attack,"""gbeeleleeleTbeleTeT",time,time,seqgan_master,seqgan_master__final__time__A__500__MASTER__raw_character__len20__gpre120__reward_off__seed88,245,20.0,6.0,2.1577174691301484,19.0,0.0,0.0,1.0,0.95,0.0,0.0,0.05,0.0,1.0,0.0,0.0,0.0,0.0,0.0,0.0,0.0,0.0,0.0,0.0,0.0,1.0,0.0,0.0,0.0,0.0,0.0,0.0,0.0,0.0,0.0,0.0,0.0,0.0,0.0,0.0,0.0,0.0,0.0,0.0,0.0,0.0,0.0,0.0,0.0,0.0,0.0,0.0,0.0,0.0,0.0,0.0,0.0,0.0,0.0,0.0,0.0,0.0,0.0,0.0,0.0,0.0
attack,"""gbgbeleeleelelelele",time,time,seqgan_master,seqgan_master__final__time__A__500__MASTER__raw_character__len20__gpre120__reward_off__seed88,246,20.0,5.0,1.919973094021975,19.0,0.0,0.0,1.0,0.95,0.0,0.0,0.05,0.0,1.0,0.0,0.0,0.0,0.0,0.0,0.0,0.0,0.0,0.0,0.0,0.0,1.0,0.0,0.0,0.0,0.0,0.0,0.0,0.0,0.0,0.0,0.0,0.0,0.0,0.0,0.0,0.0,0.0,0.0,0.0,0.0,0.0,0.0,0.0,0.0,0.0,0.0,0.0,0.0,0.0,0.0,0.0,0.0,0.0,0.0,0.0,0.0,0.0,0.0,0.0,0.0,0.0
attack,"""gbeleleeTTIbeleTTIM",time,time,seqgan_master,seqgan_master__final__time__A__500__MASTER__raw_character__len20__gpre120__reward_off__seed88,247,20.0,8.0,2.708694969562842,19.0,0.0,0.0,1.0,0.95,0.0,0.0,0.05,0.0,1.0,0.0,0.0,0.0,0.0,0.0,0.0,0.0,0.0,0.0,0.0,0.0,1.0,0.0,0.0,0.0,0.0,0.0,0.0,0.0,0.0,0.0,0.0,0.0,0.0,0.0,0.0,0.0,0.0,0.0,0.0,0.0,0.0,0.0,0.0,0.0,0.0,0.0,0.0,0.0,0.0,0.0,0.0,0.0,0.0,0.0,0.0,0.0,0.0,0.0,0.0,0.0,0.0
attack,"""gbgbeeletribeleeTIT",time,time,seqgan_master,seqgan_master__final__time__A__500__MASTER__raw_character__len20__gpre120__reward_off__seed88,248,20.0,10.0,3.008694969562842,19.0,0.0,0.0,1.0,0.95,0.0,0.0,0.05,0.0,1.0,0.0,0.0,0.0,0.0,0.0,0.0,0.0,0.0,0.0,0.0,0.0,1.0,0.0,0.0,0.0,0.0,0.0,0.0,0.0,0.0,0.0,0.0,0.0,0.0,0.0,0.0,0.0,0.0,0.0,0.0,0.0,0.0,0.0,0.0,0.0,0.0,0.0,0.0,0.0,0.0,0.0,0.0,0.0,0.0,0.0,0.0,0.0,0.0,0.0,0.0,0.0,0.0
attack,"""gbeleleeTyTIslelele",time,time,seqgan_master,seqgan_master__final__time__A__500__MASTER__raw_character__len20__gpre120__reward_off__seed88,249,20.0,9.0,2.6588718484453606,19.0,0.0,0.0,1.0,0.95,0.0,0.0,0.05,0.0,1.0,0.0,0.0,0.0,0.0,0.0,0.0,0.0,0.0,0.0,0.0,0.0,1.0,0.0,0.0,0.0,0.0,0.0,0.0,0.0,0.0,0.0,0.0,0.0,0.0,0.0,0.0,0.0,0.0,0.0,0.0,0.0,0.0,0.0,0.0,0.0,0.0,0.0,0.0,0.0,0.0,0.0,0.0,0.0,0.0,0.0,0.0,0.0,0.0,0.0,0.0,0.0,0.0
attack,$rbeleleleeleleTTIbe,time,time,seqgan_master,seqgan_master__final__time__A__500__MASTER__raw_character__len20__gpre120__reward_off__seed88,250,20.0,7.0,2.341446071165522,19.0,0.0,0.0,1.0,0.95,0.0,0.0,0.05,0.0,0.0,0.0,0.0,0.0,0.0,0.0,0.0,0.0,0.0,0.0,0.0,0.0,0.0,0.0,0.0,0.0,0.0,0.0,0.0,0.0,0.0,0.0,0.0,0.0,0.0,0.0,0.0,0.0,0.0,0.0,0.0,0.0,0.0,0.0,0.0,0.0,0.0,0.0,0.0,0.0,0.0,0.0,0.0,0.0,0.0,0.0,0.0,0.0,0.0,0.0,0.0,0.0,0.0
attack,"""gbeleleleeTbelelele",time,time,seqgan_master,seqgan_master__final__time__A__500__MASTER__raw_character__len20__gpre120__reward_off__seed88,251,20.0,6.0,2.0199730940219753,19.0,0.0,0.0,1.0,0.95,0.0,0.0,0.05,0.0,1.0,0.0,0.0,0.0,0.0,0.0,0.0,0.0,0.0,0.0,0.0,0.0,1.0,0.0,0.0,0.0,0.0,0.0,0.0,0.0,0.0,0.0,0.0,0.0,0.0,0.0,0.0,0.0,0.0,0.0,0.0,0.0,0.0,0.0,0.0,0.0,0.0,0.0,0.0,0.0,0.0,0.0,0.0,0.0,0.0,0.0,0.0,0.0,0.0,0.0,0.0,0.0,0.0
attack,"""gbelegribeleeTbeTTT",time,time,seqgan_master,seqgan_master__final__time__A__500__MASTER__raw_character__len20__gpre120__reward_off__seed88,252,20.0,8.0,2.708694969562842,19.0,0.0,0.0,1.0,0.95,0.0,0.0,0.05,0.0,1.0,0.0,0.0,0.0,0.0,0.0,0.0,0.0,0.0,0.0,0.0,0.0,1.0,0.0,0.0,0.0,0.0,0.0,0.0,0.0,0.0,0.0,0.0,0.0,0.0,0.0,0.0,0.0,0.0,0.0,0.0,0.0,0.0,0.0,0.0,0.0,0.0,0.0,0.0,0.0,0.0,0.0,0.0,0.0,0.0,0.0,0.0,0.0,0.0,0.0,0.0,0.0,0.0
attack,"""gbegbeeleleleeTctr0",time,time,seqgan_master,seqgan_master__final__time__A__500__MASTER__raw_character__len20__gpre120__reward_off__seed88,253,20.0,10.0,2.9016094970590274,18.0,1.0,0.0,1.0,0.9,0.05,0.0,0.05,0.0,1.0,0.0,0.0,0.0,0.0,0.0,0.0,0.0,0.0,0.0,0.0,0.0,1.0,0.0,0.0,0.0,0.0,0.0,0.0,0.0,0.0,0.0,0.0,0.0,0.0,0.0,0.0,0.0,0.0,0.0,0.0,0.0,0.0,0.0,0.0,0.0,0.0,0.0,0.0,0.0,0.0,0.0,0.0,0.0,0.0,0.0,0.0,0.0,0.0,0.0,0.0,0.0,0.0
attack,"""gbeleeleleleTbelele",time,time,seqgan_master,seqgan_master__final__time__A__500__MASTER__raw_character__len20__gpre120__reward_off__seed88,254,20.0,6.0,2.0199730940219753,19.0,0.0,0.0,1.0,0.95,0.0,0.0,0.05,0.0,1.0,0.0,0.0,0.0,0.0,0.0,0.0,0.0,0.0,0.0,0.0,0.0,1.0,0.0,0.0,0.0,0.0,0.0,0.0,0.0,0.0,0.0,0.0,0.0,0.0,0.0,0.0,0.0,0.0,0.0,0.0,0.0,0.0,0.0,0.0,0.0,0.0,0.0,0.0,0.0,0.0,0.0,0.0,0.0,0.0,0.0,0.0,0.0,0.0,0.0,0.0,0.0,0.0
attack,"""gbeleleTbeleTIMbe0T",time,time,seqgan_master,seqgan_master__final__time__A__500__MASTER__raw_character__len20__gpre120__reward_off__seed88,255,20.0,9.0,2.8332062193464953,18.0,1.0,0.0,1.0,0.9,0.05,0.0,0.05,0.0,1.0,0.0,0.0,0.0,0.0,0.0,0.0,0.0,0.0,0.0,0.0,0.0,1.0,0.0,0.0,0.0,0.0,0.0,0.0,0.0,0.0,0.0,0.0,0.0,0.0,0.0,0.0,0.0,0.0,0.0,0.0,0.0,0.0,0.0,0.0,0.0,0.0,0.0,0.0,0.0,0.0,0.0,0.0,0.0,0.0,0.0,0.0,0.0,0.0,0.0,0.0,0.0,0.0
attack,"""gbeeleTIbelegbeTTIp",time,time,seqgan_master,seqgan_master__final__time__A__500__MASTER__raw_character__len20__gpre120__reward_off__seed88,256,20.0,8.0,2.7709505944546686,19.0,0.0,0.0,1.0,0.95,0.0,0.0,0.05,0.0,1.0,0.0,0.0,0.0,0.0,0.0,0.0,0.0,0.0,0.0,0.0,0.0,1.0,0.0,0.0,0.0,0.0,0.0,0.0,0.0,0.0,0.0,0.0,0.0,0.0,0.0,0.0,0.0,0.0,0.0,0.0,0.0,0.0,0.0,0.0,0.0,0.0,0.0,0.0,0.0,0.0,0.0,0.0,0.0,0.0,0.0,0.0,0.0,0.0,0.0,0.0,0.0,0.0
attack,"""gbeleeleleTleTITITT",time,time,seqgan_master,seqgan_master__final__time__A__500__MASTER__raw_character__len20__gpre120__reward_off__seed88,257,20.0,7.0,2.465957320949175,19.0,0.0,0.0,1.0,0.95,0.0,0.0,0.05,0.0,1.0,0.0,0.0,0.0,0.0,0.0,0.0,0.0,0.0,0.0,0.0,0.0,1.0,0.0,0.0,0.0,0.0,0.0,0.0,0.0,0.0,0.0,0.0,0.0,0.0,0.0,0.0,0.0,0.0,0.0,0.0,0.0,0.0,0.0,0.0,0.0,0.0,0.0,0.0,0.0,0.0,0.0,0.0,0.0,0.0,0.0,0.0,0.0,0.0,0.0,0.0,0.0,0.0
attack,;iiibeleeTbeleTbeTTT,time,time,seqgan_master,seqgan_master__final__time__A__500__MASTER__raw_character__len20__gpre120__reward_off__seed88,258,20.0,6.0,2.390468570732828,19.0,0.0,0.0,1.0,0.95,0.0,0.0,0.05,0.0,0.0,0.0,0.0,0.0,0.0,1.0,0.0,0.0,0.0,0.0,0.0,0.0,0.0,0.0,0.0,0.0,0.0,0.0,1.0,0.0,0.0,0.0,0.0,0.0,0.0,0.0,0.0,0.0,0.0,0.0,0.0,0.0,0.0,0.0,0.0,0.0,0.0,0.0,0.0,0.0,0.0,0.0,0.0,0.0,0.0,0.0,0.0,0.0,0.0,0.0,0.0,0.0,0.0
attack,"""gbeegbeleeTbele0TTM",time,time,seqgan_master,seqgan_master__final__time__A__500__MASTER__raw_character__len20__gpre120__reward_off__seed88,259,20.0,8.0,2.6638651219508542,18.0,1.0,0.0,1.0,0.9,0.05,0.0,0.05,0.0,1.0,0.0,0.0,0.0,0.0,0.0,0.0,0.0,0.0,0.0,0.0,0.0,1.0,0.0,0.0,0.0,0.0,0.0,0.0,0.0,0.0,0.0,0.0,0.0,0.0,0.0,0.0,0.0,0.0,0.0,0.0,0.0,0.0,0.0,0.0,0.0,0.0,0.0,0.0,0.0,0.0,0.0,0.0,0.0,0.0,0.0,0.0,0.0,0.0,0.0,0.0,0.0,0.0
attack,1 iii(eleleleeTTpgTT,time,time,seqgan_master,seqgan_master__final__time__A__500__MASTER__raw_character__len20__gpre120__reward_off__seed88,260,20.0,9.0,2.865957320949175,17.0,1.0,1.0,1.0,0.85,0.05,0.05,0.05,0.0,0.0,0.0,0.0,0.0,0.0,0.0,1.0,0.0,0.0,0.0,0.0,0.0,0.0,0.0,0.0,0.0,0.0,1.0,0.0,0.0,0.0,0.0,0.0,0.0,0.0,0.0,0.0,0.0,0.0,0.0,0.0,0.0,0.0,0.0,0.0,0.0,0.0,0.0,0.0,0.0,0.0,0.0,0.0,0.0,0.0,0.0,0.0,0.0,0.0,0.0,0.0,0.0,0.0
attack,"""gberibeleeleeleTEbe",time,time,seqgan_master,seqgan_master__final__time__A__500__MASTER__raw_character__len20__gpre120__reward_off__seed88,261,20.0,9.0,2.6464393446710153,19.0,0.0,0.0,1.0,0.95,0.0,0.0,0.05,0.0,1.0,0.0,0.0,0.0,0.0,0.0,0.0,0.0,0.0,0.0,0.0,0.0,1.0,0.0,0.0,0.0,0.0,0.0,0.0,0.0,0.0,0.0,0.0,0.0,0.0,0.0,0.0,0.0,0.0,0.0,0.0,0.0,0.0,0.0,0.0,0.0,0.0,0.0,0.0,0.0,0.0,0.0,0.0,0.0,0.0,0.0,0.0,0.0,0.0,0.0,0.0,0.0,0.0
attack,"""gbeleeleeTIbele0leT",time,time,seqgan_master,seqgan_master__final__time__A__500__MASTER__raw_character__len20__gpre120__reward_off__seed88,262,20.0,8.0,2.5219280948873624,18.0,1.0,0.0,1.0,0.9,0.05,0.0,0.05,0.0,1.0,0.0,0.0,0.0,0.0,0.0,0.0,0.0,0.0,0.0,0.0,0.0,1.0,0.0,0.0,0.0,0.0,0.0,0.0,0.0,0.0,0.0,0.0,0.0,0.0,0.0,0.0,0.0,0.0,0.0,0.0,0.0,0.0,0.0,0.0,0.0,0.0,0.0,0.0,0.0,0.0,0.0,0.0,0.0,0.0,0.0,0.0,0.0,0.0,0.0,0.0,0.0,0.0
attack,"""gbeleleeeTbeTTITIMe",time,time,seqgan_master,seqgan_master__final__time__A__500__MASTER__raw_character__len20__gpre120__reward_off__seed88,263,20.0,8.0,2.639353872167201,19.0,0.0,0.0,1.0,0.95,0.0,0.0,0.05,0.0,1.0,0.0,0.0,0.0,0.0,0.0,0.0,0.0,0.0,0.0,0.0,0.0,1.0,0.0,0.0,0.0,0.0,0.0,0.0,0.0,0.0,0.0,0.0,0.0,0.0,0.0,0.0,0.0,0.0,0.0,0.0,0.0,0.0,0.0,0.0,0.0,0.0,0.0,0.0,0.0,0.0,0.0,0.0,0.0,0.0,0.0,0.0,0.0,0.0,0.0,0.0,0.0,0.0
attack,"""gb(beleeTTIMelelele",time,time,seqgan_master,seqgan_master__final__time__A__500__MASTER__raw_character__len20__gpre120__reward_off__seed88,264,20.0,9.0,2.739353872167201,18.0,0.0,0.0,2.0,0.9,0.0,0.0,0.1,0.0,1.0,0.0,0.0,0.0,0.0,0.0,1.0,0.0,0.0,0.0,0.0,0.0,1.0,0.0,0.0,0.0,0.0,1.0,0.0,0.0,0.0,0.0,0.0,0.0,0.0,0.0,0.0,0.0,0.0,0.0,0.0,0.0,0.0,0.0,0.0,0.0,0.0,0.0,0.0,0.0,0.0,0.0,0.0,0.0,0.0,0.0,0.0,0.0,0.0,0.0,0.0,0.0,0.0
attack,"""gbelegbeleeleeTTpgT",time,time,seqgan_master,seqgan_master__final__time__A__500__MASTER__raw_character__len20__gpre120__reward_off__seed88,265,20.0,7.0,2.5261207468426807,19.0,0.0,0.0,1.0,0.95,0.0,0.0,0.05,0.0,1.0,0.0,0.0,0.0,0.0,0.0,0.0,0.0,0.0,0.0,0.0,0.0,1.0,0.0,0.0,0.0,0.0,0.0,0.0,0.0,0.0,0.0,0.0,0.0,0.0,0.0,0.0,0.0,0.0,0.0,0.0,0.0,0.0,0.0,0.0,0.0,0.0,0.0,0.0,0.0,0.0,0.0,0.0,0.0,0.0,0.0,0.0,0.0,0.0,0.0,0.0,0.0,0.0
attack,"""gbeleleeleeTIpgnele",time,time,seqgan_master,seqgan_master__final__time__A__500__MASTER__raw_character__len20__gpre120__reward_off__seed88,266,20.0,9.0,2.6219280948873624,19.0,0.0,0.0,1.0,0.95,0.0,0.0,0.05,0.0,1.0,0.0,0.0,0.0,0.0,0.0,0.0,0.0,0.0,0.0,0.0,0.0,1.0,0.0,0.0,0.0,0.0,0.0,0.0,0.0,0.0,0.0,0.0,0.0,0.0,0.0,0.0,0.0,0.0,0.0,0.0,0.0,0.0,0.0,0.0,0.0,0.0,0.0,0.0,0.0,0.0,0.0,0.0,0.0,0.0,0.0,0.0,0.0,0.0,0.0,0.0,0.0,0.0
attack,"""gbeleeTIMeleTTITpgT",time,time,seqgan_master,seqgan_master__final__time__A__500__MASTER__raw_character__len20__gpre120__reward_off__seed88,267,20.0,9.0,2.8609640474436815,19.0,0.0,0.0,1.0,0.95,0.0,0.0,0.05,0.0,1.0,0.0,0.0,0.0,0.0,0.0,0.0,0.0,0.0,0.0,0.0,0.0,1.0,0.0,0.0,0.0,0.0,0.0,0.0,0.0,0.0,0.0,0.0,0.0,0.0,0.0,0.0,0.0,0.0,0.0,0.0,0.0,0.0,0.0,0.0,0.0,0.0,0.0,0.0,0.0,0.0,0.0,0.0,0.0,0.0,0.0,0.0,0.0,0.0,0.0,0.0,0.0,0.0
attack,1wibeeTTTpgleeTIbele,time,time,seqgan_master,seqgan_master__final__time__A__500__MASTER__raw_character__len20__gpre120__reward_off__seed88,268,20.0,10.0,2.9464393446710155,19.0,1.0,0.0,0.0,0.95,0.05,0.0,0.0,0.0,0.0,0.0,0.0,0.0,0.0,0.0,0.0,0.0,0.0,0.0,0.0,0.0,0.0,0.0,0.0,0.0,0.0,0.0,0.0,0.0,0.0,0.0,0.0,0.0,0.0,0.0,0.0,0.0,0.0,0.0,0.0,0.0,0.0,0.0,0.0,0.0,0.0,0.0,0.0,0.0,0.0,0.0,0.0,0.0,0.0,0.0,0.0,0.0,0.0,0.0,0.0,0.0,0.0
attack,gbeleleeleTbelele0gT,time,time,seqgan_master,seqgan_master__final__time__A__500__MASTER__raw_character__len20__gpre120__reward_off__seed88,269,20.0,6.0,2.2414460711655217,19.0,1.0,0.0,0.0,0.95,0.05,0.0,0.0,0.0,0.0,0.0,0.0,0.0,0.0,0.0,0.0,0.0,0.0,0.0,0.0,0.0,0.0,0.0,0.0,0.0,0.0,0.0,0.0,0.0,0.0,0.0,0.0,0.0,0.0,0.0,0.0,0.0,0.0,0.0,0.0,0.0,0.0,0.0,0.0,0.0,0.0,0.0,0.0,0.0,0.0,0.0,0.0,0.0,0.0,0.0,0.0,0.0,0.0,0.0,0.0,0.0,0.0
attack,"""gbgbeleeleleeTTITIT",time,time,seqgan_master,seqgan_master__final__time__A__500__MASTER__raw_character__len20__gpre120__reward_off__seed88,270,20.0,7.0,2.6086949695628423,19.0,0.0,0.0,1.0,0.95,0.0,0.0,0.05,0.0,1.0,0.0,0.0,0.0,0.0,0.0,0.0,0.0,0.0,0.0,0.0,0.0,1.0,0.0,0.0,0.0,0.0,0.0,0.0,0.0,0.0,0.0,0.0,0.0,0.0,0.0,0.0,0.0,0.0,0.0,0.0,0.0,0.0,0.0,0.0,0.0,0.0,0.0,0.0,0.0,0.0,0.0,0.0,0.0,0.0,0.0,0.0,0.0,0.0,0.0,0.0,0.0,0.0
attack,"""gbeleeleleleleTbeTl",time,time,seqgan_master,seqgan_master__final__time__A__500__MASTER__raw_character__len20__gpre120__reward_off__seed88,271,20.0,6.0,2.1464393446710153,19.0,0.0,0.0,1.0,0.95,0.0,0.0,0.05,0.0,1.0,0.0,0.0,0.0,0.0,0.0,0.0,0.0,0.0,0.0,0.0,0.0,1.0,0.0,0.0,0.0,0.0,0.0,0.0,0.0,0.0,0.0,0.0,0.0,0.0,0.0,0.0,0.0,0.0,0.0,0.0,0.0,0.0,0.0,0.0,0.0,0.0,0.0,0.0,0.0,0.0,0.0,0.0,0.0,0.0,0.0,0.0,0.0,0.0,0.0,0.0,0.0,0.0
attack,"""gbeleeTTTTIIpgTTmle",time,time,seqgan_master,seqgan_master__final__time__A__500__MASTER__raw_character__len20__gpre120__reward_off__seed88,272,20.0,9.0,2.8464393446710154,19.0,0.0,0.0,1.0,0.95,0.0,0.0,0.05,0.0,1.0,0.0,0.0,0.0,0.0,0.0,0.0,0.0,0.0,0.0,0.0,0.0,1.0,0.0,0.0,0.0,0.0,0.0,0.0,0.0,0.0,0.0,0.0,0.0,0.0,0.0,0.0,0.0,0.0,0.0,0.0,0.0,0.0,0.0,0.0,0.0,0.0,0.0,0.0,0.0,0.0,0.0,0.0,0.0,0.0,0.0,0.0,0.0,0.0,0.0,0.0,0.0,0.0
attack,"""gbeleeeTIMbetrbele0",time,time,seqgan_master,seqgan_master__final__time__A__500__MASTER__raw_character__len20__gpre120__reward_off__seed88,273,20.0,11.0,3.0016094970590275,18.0,1.0,0.0,1.0,0.9,0.05,0.0,0.05,0.0,1.0,0.0,0.0,0.0,0.0,0.0,0.0,0.0,0.0,0.0,0.0,0.0,1.0,0.0,0.0,0.0,0.0,0.0,0.0,0.0,0.0,0.0,0.0,0.0,0.0,0.0,0.0,0.0,0.0,0.0,0.0,0.0,0.0,0.0,0.0,0.0,0.0,0.0,0.0,0.0,0.0,0.0,0.0,0.0,0.0,0.0,0.0,0.0,0.0,0.0,0.0,0.0,0.0
attack,"""gbgbeeleeTbTTTTTIpg",time,time,seqgan_master,seqgan_master__final__time__A__500__MASTER__raw_character__len20__gpre120__reward_off__seed88,274,20.0,8.0,2.6709505944546685,19.0,0.0,0.0,1.0,0.95,0.0,0.0,0.05,0.0,1.0,0.0,0.0,0.0,0.0,0.0,0.0,0.0,0.0,0.0,0.0,0.0,1.0,0.0,0.0,0.0,0.0,0.0,0.0,0.0,0.0,0.0,0.0,0.0,0.0,0.0,0.0,0.0,0.0,0.0,0.0,0.0,0.0,0.0,0.0,0.0,0.0,0.0,0.0,0.0,0.0,0.0,0.0,0.0,0.0,0.0,0.0,0.0,0.0,0.0,0.0,0.0,0.0
attack,"""gbeeleleeTTIIMeeTbe",time,time,seqgan_master,seqgan_master__final__time__A__500__MASTER__raw_character__len20__gpre120__reward_off__seed88,275,20.0,8.0,2.584183719779189,19.0,0.0,0.0,1.0,0.95,0.0,0.0,0.05,0.0,1.0,0.0,0.0,0.0,0.0,0.0,0.0,0.0,0.0,0.0,0.0,0.0,1.0,0.0,0.0,0.0,0.0,0.0,0.0,0.0,0.0,0.0,0.0,0.0,0.0,0.0,0.0,0.0,0.0,0.0,0.0,0.0,0.0,0.0,0.0,0.0,0.0,0.0,0.0,0.0,0.0,0.0,0.0,0.0,0.0,0.0,0.0,0.0,0.0,0.0,0.0,0.0,0.0
attack,gTTTIbeleTeTbeTTTTIp,time,time,seqgan_master,seqgan_master__final__time__A__500__MASTER__raw_character__len20__gpre120__reward_off__seed88,276,20.0,7.0,2.295461844238322,20.0,0.0,0.0,0.0,1.0,0.0,0.0,0.0,0.0,0.0,0.0,0.0,0.0,0.0,0.0,0.0,0.0,0.0,0.0,0.0,0.0,0.0,0.0,0.0,0.0,0.0,0.0,0.0,0.0,0.0,0.0,0.0,0.0,0.0,0.0,0.0,0.0,0.0,0.0,0.0,0.0,0.0,0.0,0.0,0.0,0.0,0.0,0.0,0.0,0.0,0.0,0.0,0.0,0.0,0.0,0.0,0.0,0.0,0.0,0.0,0.0,0.0
attack,gbeleleeTbeTIMbeleeT,time,time,seqgan_master,seqgan_master__final__time__A__500__MASTER__raw_character__len20__gpre120__reward_off__seed88,277,20.0,7.0,2.408694969562842,20.0,0.0,0.0,0.0,1.0,0.0,0.0,0.0,0.0,0.0,0.0,0.0,0.0,0.0,0.0,0.0,0.0,0.0,0.0,0.0,0.0,0.0,0.0,0.0,0.0,0.0,0.0,0.0,0.0,0.0,0.0,0.0,0.0,0.0,0.0,0.0,0.0,0.0,0.0,0.0,0.0,0.0,0.0,0.0,0.0,0.0,0.0,0.0,0.0,0.0,0.0,0.0,0.0,0.0,0.0,0.0,0.0,0.0,0.0,0.0,0.0,0.0
attack,"""gbeeleeTTITITIIITIp",time,time,seqgan_master,seqgan_master__final__time__A__500__MASTER__raw_character__len20__gpre120__reward_off__seed88,278,20.0,8.0,2.565957320949175,19.0,0.0,0.0,1.0,0.95,0.0,0.0,0.05,0.0,1.0,0.0,0.0,0.0,0.0,0.0,0.0,0.0,0.0,0.0,0.0,0.0,1.0,0.0,0.0,0.0,0.0,0.0,0.0,0.0,0.0,0.0,0.0,0.0,0.0,0.0,0.0,0.0,0.0,0.0,0.0,0.0,0.0,0.0,0.0,0.0,0.0,0.0,0.0,0.0,0.0,0.0,0.0,0.0,0.0,0.0,0.0,0.0,0.0,0.0,0.0,0.0,0.0
attack,"""gbeleleeleleleTTIbe",time,time,seqgan_master,seqgan_master__final__time__A__500__MASTER__raw_character__len20__gpre120__reward_off__seed88,279,20.0,7.0,2.341446071165522,19.0,0.0,0.0,1.0,0.95,0.0,0.0,0.05,0.0,1.0,0.0,0.0,0.0,0.0,0.0,0.0,0.0,0.0,0.0,0.0,0.0,1.0,0.0,0.0,0.0,0.0,0.0,0.0,0.0,0.0,0.0,0.0,0.0,0.0,0.0,0.0,0.0,0.0,0.0,0.0,0.0,0.0,0.0,0.0,0.0,0.0,0.0,0.0,0.0,0.0,0.0,0.0,0.0,0.0,0.0,0.0,0.0,0.0,0.0,0.0,0.0,0.0
attack,"""gbeleeleTITbeTbeleT",time,time,seqgan_master,seqgan_master__final__time__A__500__MASTER__raw_character__len20__gpre120__reward_off__seed88,280,20.0,7.0,2.463865121950854,19.0,0.0,0.0,1.0,0.95,0.0,0.0,0.05,0.0,1.0,0.0,0.0,0.0,0.0,0.0,0.0,0.0,0.0,0.0,0.0,0.0,1.0,0.0,0.0,0.0,0.0,0.0,0.0,0.0,0.0,0.0,0.0,0.0,0.0,0.0,0.0,0.0,0.0,0.0,0.0,0.0,0.0,0.0,0.0,0.0,0.0,0.0,0.0,0.0,0.0,0.0,0.0,0.0,0.0,0.0,0.0,0.0,0.0,0.0,0.0,0.0,0.0
attack,"""gbeeleleleleTTTTpgT",time,time,seqgan_master,seqgan_master__final__time__A__500__MASTER__raw_character__len20__gpre120__reward_off__seed88,281,20.0,7.0,2.465957320949175,19.0,0.0,0.0,1.0,0.95,0.0,0.0,0.05,0.0,1.0,0.0,0.0,0.0,0.0,0.0,0.0,0.0,0.0,0.0,0.0,0.0,1.0,0.0,0.0,0.0,0.0,0.0,0.0,0.0,0.0,0.0,0.0,0.0,0.0,0.0,0.0,0.0,0.0,0.0,0.0,0.0,0.0,0.0,0.0,0.0,0.0,0.0,0.0,0.0,0.0,0.0,0.0,0.0,0.0,0.0,0.0,0.0,0.0,0.0,0.0,0.0,0.0
attack,"""gbeleebeTbeTTTTIleT",time,time,seqgan_master,seqgan_master__final__time__A__500__MASTER__raw_character__len20__gpre120__reward_off__seed88,282,20.0,7.0,2.4332062193464954,19.0,0.0,0.0,1.0,0.95,0.0,0.0,0.05,0.0,1.0,0.0,0.0,0.0,0.0,0.0,0.0,0.0,0.0,0.0,0.0,0.0,1.0,0.0,0.0,0.0,0.0,0.0,0.0,0.0,0.0,0.0,0.0,0.0,0.0,0.0,0.0,0.0,0.0,0.0,0.0,0.0,0.0,0.0,0.0,0.0,0.0,0.0,0.0,0.0,0.0,0.0,0.0,0.0,0.0,0.0,0.0,0.0,0.0,0.0,0.0,0.0,0.0
attack,",wygbeleTTIpgTTITII(",time,time,seqgan_master,seqgan_master__final__time__A__500__MASTER__raw_character__len20__gpre120__reward_off__seed88,283,20.0,11.0,3.141446071165522,18.0,0.0,0.0,2.0,0.9,0.0,0.0,0.1,0.0,0.0,0.0,0.0,0.0,0.0,0.0,1.0,0.0,0.0,1.0,0.0,0.0,0.0,0.0,0.0,0.0,0.0,1.0,0.0,0.0,0.0,0.0,0.0,0.0,0.0,0.0,0.0,0.0,0.0,0.0,0.0,0.0,0.0,0.0,0.0,0.0,0.0,0.0,0.0,0.0,0.0,0.0,0.0,0.0,0.0,0.0,0.0,0.0,0.0,0.0,0.0,0.0,0.0
attack,"""gbeleeleeTTIMdeleeT",time,time,seqgan_master,seqgan_master__final__time__A__500__MASTER__raw_character__len20__gpre120__reward_off__seed88,284,20.0,9.0,2.6464393446710153,19.0,0.0,0.0,1.0,0.95,0.0,0.0,0.05,0.0,1.0,0.0,0.0,0.0,0.0,0.0,0.0,0.0,0.0,0.0,0.0,0.0,1.0,0.0,0.0,0.0,0.0,0.0,0.0,0.0,0.0,0.0,0.0,0.0,0.0,0.0,0.0,0.0,0.0,0.0,0.0,0.0,0.0,0.0,0.0,0.0,0.0,0.0,0.0,0.0,0.0,0.0,0.0,0.0,0.0,0.0,0.0,0.0,0.0,0.0,0.0,0.0,0.0
attack,"""gbeleeTbeleleTTriTb",time,time,seqgan_master,seqgan_master__final__time__A__500__MASTER__raw_character__len20__gpre120__reward_off__seed88,285,20.0,8.0,2.6709505944546685,19.0,0.0,0.0,1.0,0.95,0.0,0.0,0.05,0.0,1.0,0.0,0.0,0.0,0.0,0.0,0.0,0.0,0.0,0.0,0.0,0.0,1.0,0.0,0.0,0.0,0.0,0.0,0.0,0.0,0.0,0.0,0.0,0.0,0.0,0.0,0.0,0.0,0.0,0.0,0.0,0.0,0.0,0.0,0.0,0.0,0.0,0.0,0.0,0.0,0.0,0.0,0.0,0.0,0.0,0.0,0.0,0.0,0.0,0.0,0.0,0.0,0.0
attack,"""gbeleleeleeleleTTTT",time,time,seqgan_master,seqgan_master__final__time__A__500__MASTER__raw_character__len20__gpre120__reward_off__seed88,286,20.0,6.0,2.1414460711655217,19.0,0.0,0.0,1.0,0.95,0.0,0.0,0.05,0.0,1.0,0.0,0.0,0.0,0.0,0.0,0.0,0.0,0.0,0.0,0.0,0.0,1.0,0.0,0.0,0.0,0.0,0.0,0.0,0.0,0.0,0.0,0.0,0.0,0.0,0.0,0.0,0.0,0.0,0.0,0.0,0.0,0.0,0.0,0.0,0.0,0.0,0.0,0.0,0.0,0.0,0.0,0.0,0.0,0.0,0.0,0.0,0.0,0.0,0.0,0.0,0.0,0.0
attack,"""gbeeleeTTIbleaelebe",time,time,seqgan_master,seqgan_master__final__time__A__500__MASTER__raw_character__len20__gpre120__reward_off__seed88,287,20.0,8.0,2.5464393446710156,19.0,0.0,0.0,1.0,0.95,0.0,0.0,0.05,0.0,1.0,0.0,0.0,0.0,0.0,0.0,0.0,0.0,0.0,0.0,0.0,0.0,1.0,0.0,0.0,0.0,0.0,0.0,0.0,0.0,0.0,0.0,0.0,0.0,0.0,0.0,0.0,0.0,0.0,0.0,0.0,0.0,0.0,0.0,0.0,0.0,0.0,0.0,0.0,0.0,0.0,0.0,0.0,0.0,0.0,0.0,0.0,0.0,0.0,0.0,0.0,0.0,0.0
attack,"""gbeleeleTITTbelelee",time,time,seqgan_master,seqgan_master__final__time__A__500__MASTER__raw_character__len20__gpre120__reward_off__seed88,288,20.0,7.0,2.384183719779189,19.0,0.0,0.0,1.0,0.95,0.0,0.0,0.05,0.0,1.0,0.0,0.0,0.0,0.0,0.0,0.0,0.0,0.0,0.0,0.0,0.0,1.0,0.0,0.0,0.0,0.0,0.0,0.0,0.0,0.0,0.0,0.0,0.0,0.0,0.0,0.0,0.0,0.0,0.0,0.0,0.0,0.0,0.0,0.0,0.0,0.0,0.0,0.0,0.0,0.0,0.0,0.0,0.0,0.0,0.0,0.0,0.0,0.0,0.0,0.0,0.0,0.0
attack,"""gbeleeTITTTIpgTIpgT",time,time,seqgan_master,seqgan_master__final__time__A__500__MASTER__raw_character__len20__gpre120__reward_off__seed88,289,20.0,8.0,2.733206219346495,19.0,0.0,0.0,1.0,0.95,0.0,0.0,0.05,0.0,1.0,0.0,0.0,0.0,0.0,0.0,0.0,0.0,0.0,0.0,0.0,0.0,1.0,0.0,0.0,0.0,0.0,0.0,0.0,0.0,0.0,0.0,0.0,0.0,0.0,0.0,0.0,0.0,0.0,0.0,0.0,0.0,0.0,0.0,0.0,0.0,0.0,0.0,0.0,0.0,0.0,0.0,0.0,0.0,0.0,0.0,0.0,0.0,0.0,0.0,0.0,0.0,0.0
attack,"""gbelegbeleeleTbeleT",time,time,seqgan_master,seqgan_master__final__time__A__500__MASTER__raw_character__len20__gpre120__reward_off__seed88,290,20.0,6.0,2.2841837197791888,19.0,0.0,0.0,1.0,0.95,0.0,0.0,0.05,0.0,1.0,0.0,0.0,0.0,0.0,0.0,0.0,0.0,0.0,0.0,0.0,0.0,1.0,0.0,0.0,0.0,0.0,0.0,0.0,0.0,0.0,0.0,0.0,0.0,0.0,0.0,0.0,0.0,0.0,0.0,0.0,0.0,0.0,0.0,0.0,0.0,0.0,0.0,0.0,0.0,0.0,0.0,0.0,0.0,0.0,0.0,0.0,0.0,0.0,0.0,0.0,0.0,0.0
attack,"""gngbeleleeleeeleTTT",time,time,seqgan_master,seqgan_master__final__time__A__500__MASTER__raw_character__len20__gpre120__reward_off__seed88,291,20.0,7.0,2.384183719779189,19.0,0.0,0.0,1.0,0.95,0.0,0.0,0.05,0.0,1.0,0.0,0.0,0.0,0.0,0.0,0.0,0.0,0.0,0.0,0.0,0.0,1.0,0.0,0.0,0.0,0.0,0.0,0.0,0.0,0.0,0.0,0.0,0.0,0.0,0.0,0.0,0.0,0.0,0.0,0.0,0.0,0.0,0.0,0.0,0.0,0.0,0.0,0.0,0.0,0.0,0.0,0.0,0.0,0.0,0.0,0.0,0.0,0.0,0.0,0.0,0.0,0.0
attack,""" beleleleeTbeTTIpgn",time,time,seqgan_master,seqgan_master__final__time__A__500__MASTER__raw_character__len20__gpre120__reward_off__seed88,292,20.0,10.0,2.970950594454669,18.0,0.0,1.0,1.0,0.9,0.0,0.05,0.05,0.0,1.0,0.0,0.0,0.0,0.0,0.0,0.0,0.0,0.0,0.0,0.0,0.0,1.0,0.0,0.0,0.0,0.0,0.0,0.0,0.0,0.0,0.0,0.0,0.0,0.0,0.0,0.0,0.0,0.0,0.0,0.0,0.0,0.0,0.0,0.0,0.0,0.0,0.0,0.0,0.0,0.0,0.0,0.0,0.0,0.0,0.0,0.0,0.0,0.0,0.0,0.0,0.0,0.0
attack,"""gbeleelelebeleeTITI",time,time,seqgan_master,seqgan_master__final__time__A__500__MASTER__raw_character__len20__gpre120__reward_off__seed88,293,20.0,7.0,2.4219280948873623,19.0,0.0,0.0,1.0,0.95,0.0,0.0,0.05,0.0,1.0,0.0,0.0,0.0,0.0,0.0,0.0,0.0,0.0,0.0,0.0,0.0,1.0,0.0,0.0,0.0,0.0,0.0,0.0,0.0,0.0,0.0,0.0,0.0,0.0,0.0,0.0,0.0,0.0,0.0,0.0,0.0,0.0,0.0,0.0,0.0,0.0,0.0,0.0,0.0,0.0,0.0,0.0,0.0,0.0,0.0,0.0,0.0,0.0,0.0,0.0,0.0,0.0
attack,""";waygneelembeleleTb",time,time,seqgan_master,seqgan_master__final__time__A__500__MASTER__raw_character__len20__gpre120__reward_off__seed88,294,20.0,12.0,3.2086949695628424,18.0,0.0,0.0,2.0,0.9,0.0,0.0,0.1,0.0,1.0,0.0,0.0,0.0,0.0,1.0,0.0,0.0,0.0,0.0,0.0,0.0,1.0,0.0,0.0,0.0,0.0,0.0,1.0,0.0,0.0,0.0,0.0,0.0,0.0,0.0,0.0,0.0,0.0,0.0,0.0,0.0,0.0,0.0,0.0,0.0,0.0,0.0,0.0,0.0,0.0,0.0,0.0,0.0,0.0,0.0,0.0,0.0,0.0,0.0,0.0,0.0,0.0
attack,"""gbeele0triribeeTTTI",time,time,seqgan_master,seqgan_master__final__time__A__500__MASTER__raw_character__len20__gpre120__reward_off__seed88,295,20.0,11.0,3.2037016960573483,18.0,1.0,0.0,1.0,0.9,0.05,0.0,0.05,0.0,1.0,0.0,0.0,0.0,0.0,0.0,0.0,0.0,0.0,0.0,0.0,0.0,1.0,0.0,0.0,0.0,0.0,0.0,0.0,0.0,0.0,0.0,0.0,0.0,0.0,0.0,0.0,0.0,0.0,0.0,0.0,0.0,0.0,0.0,0.0,0.0,0.0,0.0,0.0,0.0,0.0,0.0,0.0,0.0,0.0,0.0,0.0,0.0,0.0,0.0,0.0,0.0,0.0
attack,"""gbeleeleTTbeTbeleTI",time,time,seqgan_master,seqgan_master__final__time__A__500__MASTER__raw_character__len20__gpre120__reward_off__seed88,296,20.0,7.0,2.463865121950854,19.0,0.0,0.0,1.0,0.95,0.0,0.0,0.05,0.0,1.0,0.0,0.0,0.0,0.0,0.0,0.0,0.0,0.0,0.0,0.0,0.0,1.0,0.0,0.0,0.0,0.0,0.0,0.0,0.0,0.0,0.0,0.0,0.0,0.0,0.0,0.0,0.0,0.0,0.0,0.0,0.0,0.0,0.0,0.0,0.0,0.0,0.0,0.0,0.0,0.0,0.0,0.0,0.0,0.0,0.0,0.0,0.0,0.0,0.0,0.0,0.0,0.0
attack,"""gbeleeleleeTIMbeTAe",time,time,seqgan_master,seqgan_master__final__time__A__500__MASTER__raw_character__len20__gpre120__reward_off__seed88,297,20.0,9.0,2.684183719779189,19.0,0.0,0.0,1.0,0.95,0.0,0.0,0.05,0.0,1.0,0.0,0.0,0.0,0.0,0.0,0.0,0.0,0.0,0.0,0.0,0.0,1.0,0.0,0.0,0.0,0.0,0.0,0.0,0.0,0.0,0.0,0.0,0.0,0.0,0.0,0.0,0.0,0.0,0.0,0.0,0.0,0.0,0.0,0.0,0.0,0.0,0.0,0.0,0.0,0.0,0.0,0.0,0.0,0.0,0.0,0.0,0.0,0.0,0.0,0.0,0.0,0.0
attack,1 iiiibeleeTbeTTTIIM,time,time,seqgan_master,seqgan_master__final__time__A__500__MASTER__raw_character__len20__gpre120__reward_off__seed88,298,20.0,9.0,2.9219280948873623,18.0,1.0,1.0,0.0,0.9,0.05,0.05,0.0,0.0,0.0,0.0,0.0,0.0,0.0,0.0,0.0,0.0,0.0,0.0,0.0,0.0,0.0,0.0,0.0,0.0,0.0,0.0,0.0,0.0,0.0,0.0,0.0,0.0,0.0,0.0,0.0,0.0,0.0,0.0,0.0,0.0,0.0,0.0,0.0,0.0,0.0,0.0,0.0,0.0,0.0,0.0,0.0,0.0,0.0,0.0,0.0,0.0,0.0,0.0,0.0,0.0,0.0
attack,"""gbeTbeleleTTTTTIbme",time,time,seqgan_master,seqgan_master__final__time__A__500__MASTER__raw_character__len20__gpre120__reward_off__seed88,299,20.0,8.0,2.6282129458410015,19.0,0.0,0.0,1.0,0.95,0.0,0.0,0.05,0.0,1.0,0.0,0.0,0.0,0.0,0.0,0.0,0.0,0.0,0.0,0.0,0.0,1.0,0.0,0.0,0.0,0.0,0.0,0.0,0.0,0.0,0.0,0.0,0.0,0.0,0.0,0.0,0.0,0.0,0.0,0.0,0.0,0.0,0.0,0.0,0.0,0.0,0.0,0.0,0.0,0.0,0.0,0.0,0.0,0.0,0.0,0.0,0.0,0.0,0.0,0.0,0.0,0.0
attack,"""gbeleeTTTIMbeleleTT",time,time,seqgan_master,seqgan_master__final__time__A__500__MASTER__raw_character__len20__gpre120__reward_off__seed88,300,20.0,8.0,2.6282129458410015,19.0,0.0,0.0,1.0,0.95,0.0,0.0,0.05,0.0,1.0,0.0,0.0,0.0,0.0,0.0,0.0,0.0,0.0,0.0,0.0,0.0,1.0,0.0,0.0,0.0,0.0,0.0,0.0,0.0,0.0,0.0,0.0,0.0,0.0,0.0,0.0,0.0,0.0,0.0,0.0,0.0,0.0,0.0,0.0,0.0,0.0,0.0,0.0,0.0,0.0,0.0,0.0,0.0,0.0,0.0,0.0,0.0,0.0,0.0,0.0,0.0,0.0
attack,"""gbeleeleTTIelleTTTT",time,time,seqgan_master,seqgan_master__final__time__A__500__MASTER__raw_character__len20__gpre120__reward_off__seed88,301,20.0,7.0,2.3709505944546687,19.0,0.0,0.0,1.0,0.95,0.0,0.0,0.05,0.0,1.0,0.0,0.0,0.0,0.0,0.0,0.0,0.0,0.0,0.0,0.0,0.0,1.0,0.0,0.0,0.0,0.0,0.0,0.0,0.0,0.0,0.0,0.0,0.0,0.0,0.0,0.0,0.0,0.0,0.0,0.0,0.0,0.0,0.0,0.0,0.0,0.0,0.0,0.0,0.0,0.0,0.0,0.0,0.0,0.0,0.0,0.0,0.0,0.0,0.0,0.0,0.0,0.0
attack,gbelelee_TTIMbeeTTTr,time,time,seqgan_master,seqgan_master__final__time__A__500__MASTER__raw_character__len20__gpre120__reward_off__seed88,302,20.0,9.0,2.765957320949175,19.0,0.0,0.0,1.0,0.95,0.0,0.0,0.05,0.0,0.0,0.0,0.0,0.0,0.0,0.0,0.0,0.0,1.0,0.0,0.0,0.0,0.0,0.0,0.0,0.0,0.0,0.0,0.0,0.0,0.0,0.0,0.0,0.0,0.0,0.0,0.0,0.0,0.0,0.0,0.0,0.0,0.0,0.0,0.0,0.0,0.0,0.0,0.0,0.0,0.0,0.0,0.0,0.0,0.0,0.0,0.0,0.0,0.0,0.0,0.0,0.0,0.0
attack,"""gngbeleeleeleleleeT",time,time,seqgan_master,seqgan_master__final__time__A__500__MASTER__raw_character__len20__gpre120__reward_off__seed88,303,20.0,7.0,2.2149798205164815,19.0,0.0,0.0,1.0,0.95,0.0,0.0,0.05,0.0,1.0,0.0,0.0,0.0,0.0,0.0,0.0,0.0,0.0,0.0,0.0,0.0,1.0,0.0,0.0,0.0,0.0,0.0,0.0,0.0,0.0,0.0,0.0,0.0,0.0,0.0,0.0,0.0,0.0,0.0,0.0,0.0,0.0,0.0,0.0,0.0,0.0,0.0,0.0,0.0,0.0,0.0,0.0,0.0,0.0,0.0,0.0,0.0,0.0,0.0,0.0,0.0,0.0
attack,"""gbeeleTbeTIpgTbelee",time,time,seqgan_master,seqgan_master__final__time__A__500__MASTER__raw_character__len20__gpre120__reward_off__seed88,304,20.0,8.0,2.6638651219508542,19.0,0.0,0.0,1.0,0.95,0.0,0.0,0.05,0.0,1.0,0.0,0.0,0.0,0.0,0.0,0.0,0.0,0.0,0.0,0.0,0.0,1.0,0.0,0.0,0.0,0.0,0.0,0.0,0.0,0.0,0.0,0.0,0.0,0.0,0.0,0.0,0.0,0.0,0.0,0.0,0.0,0.0,0.0,0.0,0.0,0.0,0.0,0.0,0.0,0.0,0.0,0.0,0.0,0.0,0.0,0.0,0.0,0.0,0.0,0.0,0.0,0.0
attack,"""gbeleeTTTITbele0eTI",time,time,seqgan_master,seqgan_master__final__time__A__500__MASTER__raw_character__len20__gpre120__reward_off__seed88,305,20.0,8.0,2.665957320949175,18.0,1.0,0.0,1.0,0.9,0.05,0.0,0.05,0.0,1.0,0.0,0.0,0.0,0.0,0.0,0.0,0.0,0.0,0.0,0.0,0.0,1.0,0.0,0.0,0.0,0.0,0.0,0.0,0.0,0.0,0.0,0.0,0.0,0.0,0.0,0.0,0.0,0.0,0.0,0.0,0.0,0.0,0.0,0.0,0.0,0.0,0.0,0.0,0.0,0.0,0.0,0.0,0.0,0.0,0.0,0.0,0.0,0.0,0.0,0.0,0.0,0.0
attack,"""gbeleleeTTTbeeTITbe",time,time,seqgan_master,seqgan_master__final__time__A__500__MASTER__raw_character__len20__gpre120__reward_off__seed88,306,20.0,7.0,2.421127473337187,19.0,0.0,0.0,1.0,0.95,0.0,0.0,0.05,0.0,1.0,0.0,0.0,0.0,0.0,0.0,0.0,0.0,0.0,0.0,0.0,0.0,1.0,0.0,0.0,0.0,0.0,0.0,0.0,0.0,0.0,0.0,0.0,0.0,0.0,0.0,0.0,0.0,0.0,0.0,0.0,0.0,0.0,0.0,0.0,0.0,0.0,0.0,0.0,0.0,0.0,0.0,0.0,0.0,0.0,0.0,0.0,0.0,0.0,0.0,0.0,0.0,0.0
attack,"""gbgTbelegbeeleleTeT",time,time,seqgan_master,seqgan_master__final__time__A__500__MASTER__raw_character__len20__gpre120__reward_off__seed88,307,20.0,6.0,2.3883763717345072,19.0,0.0,0.0,1.0,0.95,0.0,0.0,0.05,0.0,1.0,0.0,0.0,0.0,0.0,0.0,0.0,0.0,0.0,0.0,0.0,0.0,1.0,0.0,0.0,0.0,0.0,0.0,0.0,0.0,0.0,0.0,0.0,0.0,0.0,0.0,0.0,0.0,0.0,0.0,0.0,0.0,0.0,0.0,0.0,0.0,0.0,0.0,0.0,0.0,0.0,0.0,0.0,0.0,0.0,0.0,0.0,0.0,0.0,0.0,0.0,0.0,0.0
attack,",wbeeTITIpgbeleeapgt",time,time,seqgan_master,seqgan_master__final__time__A__500__MASTER__raw_character__len20__gpre120__reward_off__seed88,308,20.0,11.0,3.241446071165522,19.0,0.0,0.0,1.0,0.95,0.0,0.0,0.05,0.0,0.0,0.0,0.0,0.0,0.0,0.0,0.0,0.0,0.0,1.0,0.0,0.0,0.0,0.0,0.0,0.0,0.0,0.0,0.0,0.0,0.0,0.0,0.0,0.0,0.0,0.0,0.0,0.0,0.0,0.0,0.0,0.0,0.0,0.0,0.0,0.0,0.0,0.0,0.0,0.0,0.0,0.0,0.0,0.0,0.0,0.0,0.0,0.0,0.0,0.0,0.0,0.0,0.0
attack,"""gbeleeTbe0TIpgTleTI",time,time,seqgan_master,seqgan_master__final__time__A__500__MASTER__raw_character__len20__gpre120__reward_off__seed88,309,20.0,9.0,2.941446071165522,18.0,1.0,0.0,1.0,0.9,0.05,0.0,0.05,0.0,1.0,0.0,0.0,0.0,0.0,0.0,0.0,0.0,0.0,0.0,0.0,0.0,1.0,0.0,0.0,0.0,0.0,0.0,0.0,0.0,0.0,0.0,0.0,0.0,0.0,0.0,0.0,0.0,0.0,0.0,0.0,0.0,0.0,0.0,0.0,0.0,0.0,0.0,0.0,0.0,0.0,0.0,0.0,0.0,0.0,0.0,0.0,0.0,0.0,0.0,0.0,0.0,0.0
attack,"""gbeleele0rgtribelel",time,time,seqgan_master,seqgan_master__final__time__A__500__MASTER__raw_character__len20__gpre120__reward_off__seed88,310,20.0,9.0,2.8464393446710154,18.0,1.0,0.0,1.0,0.9,0.05,0.0,0.05,0.0,1.0,0.0,0.0,0.0,0.0,0.0,0.0,0.0,0.0,0.0,0.0,0.0,1.0,0.0,0.0,0.0,0.0,0.0,0.0,0.0,0.0,0.0,0.0,0.0,0.0,0.0,0.0,0.0,0.0,0.0,0.0,0.0,0.0,0.0,0.0,0.0,0.0,0.0,0.0,0.0,0.0,0.0,0.0,0.0,0.0,0.0,0.0,0.0,0.0,0.0,0.0,0.0,0.0
attack,"""gberbeleeleleTbelel",time,time,seqgan_master,seqgan_master__final__time__A__500__MASTER__raw_character__len20__gpre120__reward_off__seed88,311,20.0,7.0,2.3037016960573484,19.0,0.0,0.0,1.0,0.95,0.0,0.0,0.05,0.0,1.0,0.0,0.0,0.0,0.0,0.0,0.0,0.0,0.0,0.0,0.0,0.0,1.0,0.0,0.0,0.0,0.0,0.0,0.0,0.0,0.0,0.0,0.0,0.0,0.0,0.0,0.0,0.0,0.0,0.0,0.0,0.0,0.0,0.0,0.0,0.0,0.0,0.0,0.0,0.0,0.0,0.0,0.0,0.0,0.0,0.0,0.0,0.0,0.0,0.0,0.0,0.0,0.0
attack,"""gbeleTbeTbeleleTIIM",time,time,seqgan_master,seqgan_master__final__time__A__500__MASTER__raw_character__len20__gpre120__reward_off__seed88,312,20.0,8.0,2.733206219346495,19.0,0.0,0.0,1.0,0.95,0.0,0.0,0.05,0.0,1.0,0.0,0.0,0.0,0.0,0.0,0.0,0.0,0.0,0.0,0.0,0.0,1.0,0.0,0.0,0.0,0.0,0.0,0.0,0.0,0.0,0.0,0.0,0.0,0.0,0.0,0.0,0.0,0.0,0.0,0.0,0.0,0.0,0.0,0.0,0.0,0.0,0.0,0.0,0.0,0.0,0.0,0.0,0.0,0.0,0.0,0.0,0.0,0.0,0.0,0.0,0.0,0.0
attack,"""gbeeleleTTIpgTTTTTI",time,time,seqgan_master,seqgan_master__final__time__A__500__MASTER__raw_character__len20__gpre120__reward_off__seed88,313,20.0,8.0,2.639353872167201,19.0,0.0,0.0,1.0,0.95,0.0,0.0,0.05,0.0,1.0,0.0,0.0,0.0,0.0,0.0,0.0,0.0,0.0,0.0,0.0,0.0,1.0,0.0,0.0,0.0,0.0,0.0,0.0,0.0,0.0,0.0,0.0,0.0,0.0,0.0,0.0,0.0,0.0,0.0,0.0,0.0,0.0,0.0,0.0,0.0,0.0,0.0,0.0,0.0,0.0,0.0,0.0,0.0,0.0,0.0,0.0,0.0,0.0,0.0,0.0,0.0,0.0
attack,"""gbeleeleeTIpgTbelel",time,time,seqgan_master,seqgan_master__final__time__A__500__MASTER__raw_character__len20__gpre120__reward_off__seed88,314,20.0,8.0,2.639353872167201,19.0,0.0,0.0,1.0,0.95,0.0,0.0,0.05,0.0,1.0,0.0,0.0,0.0,0.0,0.0,0.0,0.0,0.0,0.0,0.0,0.0,1.0,0.0,0.0,0.0,0.0,0.0,0.0,0.0,0.0,0.0,0.0,0.0,0.0,0.0,0.0,0.0,0.0,0.0,0.0,0.0,0.0,0.0,0.0,0.0,0.0,0.0,0.0,0.0,0.0,0.0,0.0,0.0,0.0,0.0,0.0,0.0,0.0,0.0,0.0,0.0,0.0
attack,"""gbeleelleeTleTlemle",time,time,seqgan_master,seqgan_master__final__time__A__500__MASTER__raw_character__len20__gpre120__reward_off__seed88,315,20.0,7.0,2.2464393446710154,19.0,0.0,0.0,1.0,0.95,0.0,0.0,0.05,0.0,1.0,0.0,0.0,0.0,0.0,0.0,0.0,0.0,0.0,0.0,0.0,0.0,1.0,0.0,0.0,0.0,0.0,0.0,0.0,0.0,0.0,0.0,0.0,0.0,0.0,0.0,0.0,0.0,0.0,0.0,0.0,0.0,0.0,0.0,0.0,0.0,0.0,0.0,0.0,0.0,0.0,0.0,0.0,0.0,0.0,0.0,0.0,0.0,0.0,0.0,0.0,0.0,0.0
attack,"""gbeleTbeeTleTTIpgTg",time,time,seqgan_master,seqgan_master__final__time__A__500__MASTER__raw_character__len20__gpre120__reward_off__seed88,316,20.0,8.0,2.723219672335508,19.0,0.0,0.0,1.0,0.95,0.0,0.0,0.05,0.0,1.0,0.0,0.0,0.0,0.0,0.0,0.0,0.0,0.0,0.0,0.0,0.0,1.0,0.0,0.0,0.0,0.0,0.0,0.0,0.0,0.0,0.0,0.0,0.0,0.0,0.0,0.0,0.0,0.0,0.0,0.0,0.0,0.0,0.0,0.0,0.0,0.0,0.0,0.0,0.0,0.0,0.0,0.0,0.0,0.0,0.0,0.0,0.0,0.0,0.0,0.0,0.0,0.0
attack,"""gbeleeleleTIbeTTIMb",time,time,seqgan_master,seqgan_master__final__time__A__500__MASTER__raw_character__len20__gpre120__reward_off__seed88,317,20.0,8.0,2.733206219346495,19.0,0.0,0.0,1.0,0.95,0.0,0.0,0.05,0.0,1.0,0.0,0.0,0.0,0.0,0.0,0.0,0.0,0.0,0.0,0.0,0.0,1.0,0.0,0.0,0.0,0.0,0.0,0.0,0.0,0.0,0.0,0.0,0.0,0.0,0.0,0.0,0.0,0.0,0.0,0.0,0.0,0.0,0.0,0.0,0.0,0.0,0.0,0.0,0.0,0.0,0.0,0.0,0.0,0.0,0.0,0.0,0.0,0.0,0.0,0.0,0.0,0.0
attack,"""gbeleTTeT0leTIbeTbe",time,time,seqgan_master,seqgan_master__final__time__A__500__MASTER__raw_character__len20__gpre120__reward_off__seed88,318,20.0,8.0,2.6282129458410015,18.0,1.0,0.0,1.0,0.9,0.05,0.0,0.05,0.0,1.0,0.0,0.0,0.0,0.0,0.0,0.0,0.0,0.0,0.0,0.0,0.0,1.0,0.0,0.0,0.0,0.0,0.0,0.0,0.0,0.0,0.0,0.0,0.0,0.0,0.0,0.0,0.0,0.0,0.0,0.0,0.0,0.0,0.0,0.0,0.0,0.0,0.0,0.0,0.0,0.0,0.0,0.0,0.0,0.0,0.0,0.0,0.0,0.0,0.0,0.0,0.0,0.0
attack,"""gbeleeleTIMeleTTTTT",time,time,seqgan_master,seqgan_master__final__time__A__500__MASTER__raw_character__len20__gpre120__reward_off__seed88,319,20.0,8.0,2.5332062193464955,19.0,0.0,0.0,1.0,0.95,0.0,0.0,0.05,0.0,1.0,0.0,0.0,0.0,0.0,0.0,0.0,0.0,0.0,0.0,0.0,0.0,1.0,0.0,0.0,0.0,0.0,0.0,0.0,0.0,0.0,0.0,0.0,0.0,0.0,0.0,0.0,0.0,0.0,0.0,0.0,0.0,0.0,0.0,0.0,0.0,0.0,0.0,0.0,0.0,0.0,0.0,0.0,0.0,0.0,0.0,0.0,0.0,0.0,0.0,0.0,0.0,0.0
attack,"""gbgbelegtribeleeTeT",time,time,seqgan_master,seqgan_master__final__time__A__500__MASTER__raw_character__len20__gpre120__reward_off__seed88,320,20.0,9.0,2.8709505944546687,19.0,0.0,0.0,1.0,0.95,0.0,0.0,0.05,0.0,1.0,0.0,0.0,0.0,0.0,0.0,0.0,0.0,0.0,0.0,0.0,0.0,1.0,0.0,0.0,0.0,0.0,0.0,0.0,0.0,0.0,0.0,0.0,0.0,0.0,0.0,0.0,0.0,0.0,0.0,0.0,0.0,0.0,0.0,0.0,0.0,0.0,0.0,0.0,0.0,0.0,0.0,0.0,0.0,0.0,0.0,0.0,0.0,0.0,0.0,0.0,0.0,0.0
attack,"""gbeeleleleeTTTIpgTT",time,time,seqgan_master,seqgan_master__final__time__A__500__MASTER__raw_character__len20__gpre120__reward_off__seed88,321,20.0,8.0,2.6282129458410015,19.0,0.0,0.0,1.0,0.95,0.0,0.0,0.05,0.0,1.0,0.0,0.0,0.0,0.0,0.0,0.0,0.0,0.0,0.0,0.0,0.0,1.0,0.0,0.0,0.0,0.0,0.0,0.0,0.0,0.0,0.0,0.0,0.0,0.0,0.0,0.0,0.0,0.0,0.0,0.0,0.0,0.0,0.0,0.0,0.0,0.0,0.0,0.0,0.0,0.0,0.0,0.0,0.0,0.0,0.0,0.0,0.0,0.0,0.0,0.0,0.0,0.0
attack,"""gbegbegbegbeleleele",time,time,seqgan_master,seqgan_master__final__time__A__500__MASTER__raw_character__len20__gpre120__reward_off__seed88,322,20.0,5.0,2.0841837197791886,19.0,0.0,0.0,1.0,0.95,0.0,0.0,0.05,0.0,1.0,0.0,0.0,0.0,0.0,0.0,0.0,0.0,0.0,0.0,0.0,0.0,1.0,0.0,0.0,0.0,0.0,0.0,0.0,0.0,0.0,0.0,0.0,0.0,0.0,0.0,0.0,0.0,0.0,0.0,0.0,0.0,0.0,0.0,0.0,0.0,0.0,0.0,0.0,0.0,0.0,0.0,0.0,0.0,0.0,0.0,0.0,0.0,0.0,0.0,0.0,0.0,0.0
attack,"""gbeeleTeTTITTTTIMbe",time,time,seqgan_master,seqgan_master__final__time__A__500__MASTER__raw_character__len20__gpre120__reward_off__seed88,323,20.0,8.0,2.5588718484453605,19.0,0.0,0.0,1.0,0.95,0.0,0.0,0.05,0.0,1.0,0.0,0.0,0.0,0.0,0.0,0.0,0.0,0.0,0.0,0.0,0.0,1.0,0.0,0.0,0.0,0.0,0.0,0.0,0.0,0.0,0.0,0.0,0.0,0.0,0.0,0.0,0.0,0.0,0.0,0.0,0.0,0.0,0.0,0.0,0.0,0.0,0.0,0.0,0.0,0.0,0.0,0.0,0.0,0.0,0.0,0.0,0.0,0.0,0.0,0.0,0.0,0.0
attack,"""gbeleelebeTTIleeTTI",time,time,seqgan_master,seqgan_master__final__time__A__500__MASTER__raw_character__len20__gpre120__reward_off__seed88,324,20.0,7.0,2.5016094970590275,19.0,0.0,0.0,1.0,0.95,0.0,0.0,0.05,0.0,1.0,0.0,0.0,0.0,0.0,0.0,0.0,0.0,0.0,0.0,0.0,0.0,1.0,0.0,0.0,0.0,0.0,0.0,0.0,0.0,0.0,0.0,0.0,0.0,0.0,0.0,0.0,0.0,0.0,0.0,0.0,0.0,0.0,0.0,0.0,0.0,0.0,0.0,0.0,0.0,0.0,0.0,0.0,0.0,0.0,0.0,0.0,0.0,0.0,0.0,0.0,0.0,0.0
attack,"""gbegbeleeleeleTIIpg",time,time,seqgan_master,seqgan_master__final__time__A__500__MASTER__raw_character__len20__gpre120__reward_off__seed88,325,20.0,8.0,2.6638651219508542,19.0,0.0,0.0,1.0,0.95,0.0,0.0,0.05,0.0,1.0,0.0,0.0,0.0,0.0,0.0,0.0,0.0,0.0,0.0,0.0,0.0,1.0,0.0,0.0,0.0,0.0,0.0,0.0,0.0,0.0,0.0,0.0,0.0,0.0,0.0,0.0,0.0,0.0,0.0,0.0,0.0,0.0,0.0,0.0,0.0,0.0,0.0,0.0,0.0,0.0,0.0,0.0,0.0,0.0,0.0,0.0,0.0,0.0,0.0,0.0,0.0,0.0
attack,"""gbeleTeleTTTTITTTTT",time,time,seqgan_master,seqgan_master__final__time__A__500__MASTER__raw_character__len20__gpre120__reward_off__seed88,326,20.0,7.0,2.1609640474436813,19.0,0.0,0.0,1.0,0.95,0.0,0.0,0.05,0.0,1.0,0.0,0.0,0.0,0.0,0.0,0.0,0.0,0.0,0.0,0.0,0.0,1.0,0.0,0.0,0.0,0.0,0.0,0.0,0.0,0.0,0.0,0.0,0.0,0.0,0.0,0.0,0.0,0.0,0.0,0.0,0.0,0.0,0.0,0.0,0.0,0.0,0.0,0.0,0.0,0.0,0.0,0.0,0.0,0.0,0.0,0.0,0.0,0.0,0.0,0.0,0.0,0.0
attack,"""gbeleleeTleTeleTleT",time,time,seqgan_master,seqgan_master__final__time__A__500__MASTER__raw_character__len20__gpre120__reward_off__seed88,327,20.0,6.0,2.1414460711655217,19.0,0.0,0.0,1.0,0.95,0.0,0.0,0.05,0.0,1.0,0.0,0.0,0.0,0.0,0.0,0.0,0.0,0.0,0.0,0.0,0.0,1.0,0.0,0.0,0.0,0.0,0.0,0.0,0.0,0.0,0.0,0.0,0.0,0.0,0.0,0.0,0.0,0.0,0.0,0.0,0.0,0.0,0.0,0.0,0.0,0.0,0.0,0.0,0.0,0.0,0.0,0.0,0.0,0.0,0.0,0.0,0.0,0.0,0.0,0.0,0.0,0.0
attack,"""gbgbelebegbeyTelele",time,time,seqgan_master,seqgan_master__final__time__A__500__MASTER__raw_character__len20__gpre120__reward_off__seed88,328,20.0,7.0,2.463865121950854,19.0,0.0,0.0,1.0,0.95,0.0,0.0,0.05,0.0,1.0,0.0,0.0,0.0,0.0,0.0,0.0,0.0,0.0,0.0,0.0,0.0,1.0,0.0,0.0,0.0,0.0,0.0,0.0,0.0,0.0,0.0,0.0,0.0,0.0,0.0,0.0,0.0,0.0,0.0,0.0,0.0,0.0,0.0,0.0,0.0,0.0,0.0,0.0,0.0,0.0,0.0,0.0,0.0,0.0,0.0,0.0,0.0,0.0,0.0,0.0,0.0,0.0
attack,"""gbeleeTTTIIMbelelee",time,time,seqgan_master,seqgan_master__final__time__A__500__MASTER__raw_character__len20__gpre120__reward_off__seed88,329,20.0,8.0,2.6638651219508542,19.0,0.0,0.0,1.0,0.95,0.0,0.0,0.05,0.0,1.0,0.0,0.0,0.0,0.0,0.0,0.0,0.0,0.0,0.0,0.0,0.0,1.0,0.0,0.0,0.0,0.0,0.0,0.0,0.0,0.0,0.0,0.0,0.0,0.0,0.0,0.0,0.0,0.0,0.0,0.0,0.0,0.0,0.0,0.0,0.0,0.0,0.0,0.0,0.0,0.0,0.0,0.0,0.0,0.0,0.0,0.0,0.0,0.0,0.0,0.0,0.0,0.0
attack,"""gbeleeTbeTTTTbebele",time,time,seqgan_master,seqgan_master__final__time__A__500__MASTER__raw_character__len20__gpre120__reward_off__seed88,330,20.0,6.0,2.2588718484453603,19.0,0.0,0.0,1.0,0.95,0.0,0.0,0.05,0.0,1.0,0.0,0.0,0.0,0.0,0.0,0.0,0.0,0.0,0.0,0.0,0.0,1.0,0.0,0.0,0.0,0.0,0.0,0.0,0.0,0.0,0.0,0.0,0.0,0.0,0.0,0.0,0.0,0.0,0.0,0.0,0.0,0.0,0.0,0.0,0.0,0.0,0.0,0.0,0.0,0.0,0.0,0.0,0.0,0.0,0.0,0.0,0.0,0.0,0.0,0.0,0.0,0.0
attack,"""gbelegbeleleeeTInel",time,time,seqgan_master,seqgan_master__final__time__A__500__MASTER__raw_character__len20__gpre120__reward_off__seed88,331,20.0,8.0,2.5219280948873624,19.0,0.0,0.0,1.0,0.95,0.0,0.0,0.05,0.0,1.0,0.0,0.0,0.0,0.0,0.0,0.0,0.0,0.0,0.0,0.0,0.0,1.0,0.0,0.0,0.0,0.0,0.0,0.0,0.0,0.0,0.0,0.0,0.0,0.0,0.0,0.0,0.0,0.0,0.0,0.0,0.0,0.0,0.0,0.0,0.0,0.0,0.0,0.0,0.0,0.0,0.0,0.0,0.0,0.0,0.0,0.0,0.0,0.0,0.0,0.0,0.0,0.0
attack,"""gbeleeTeTTTIIpgTbel",time,time,seqgan_master,seqgan_master__final__time__A__500__MASTER__raw_character__len20__gpre120__reward_off__seed88,332,20.0,8.0,2.7609640474436814,19.0,0.0,0.0,1.0,0.95,0.0,0.0,0.05,0.0,1.0,0.0,0.0,0.0,0.0,0.0,0.0,0.0,0.0,0.0,0.0,0.0,1.0,0.0,0.0,0.0,0.0,0.0,0.0,0.0,0.0,0.0,0.0,0.0,0.0,0.0,0.0,0.0,0.0,0.0,0.0,0.0,0.0,0.0,0.0,0.0,0.0,0.0,0.0,0.0,0.0,0.0,0.0,0.0,0.0,0.0,0.0,0.0,0.0,0.0,0.0,0.0,0.0
attack,1;waygbleleleeleTTIT,time,time,seqgan_master,seqgan_master__final__time__A__500__MASTER__raw_character__len20__gpre120__reward_off__seed88,333,20.0,11.0,3.1037016960573487,18.0,1.0,0.0,1.0,0.9,0.05,0.0,0.05,0.0,0.0,0.0,0.0,0.0,0.0,1.0,0.0,0.0,0.0,0.0,0.0,0.0,0.0,0.0,0.0,0.0,0.0,0.0,1.0,0.0,0.0,0.0,0.0,0.0,0.0,0.0,0.0,0.0,0.0,0.0,0.0,0.0,0.0,0.0,0.0,0.0,0.0,0.0,0.0,0.0,0.0,0.0,0.0,0.0,0.0,0.0,0.0,0.0,0.0,0.0,0.0,0.0,0.0
attack,"""gbeleeleleleleTTTTT",time,time,seqgan_master,seqgan_master__final__time__A__500__MASTER__raw_character__len20__gpre120__reward_off__seed88,334,20.0,6.0,2.17838982472352,19.0,0.0,0.0,1.0,0.95,0.0,0.0,0.05,0.0,1.0,0.0,0.0,0.0,0.0,0.0,0.0,0.0,0.0,0.0,0.0,0.0,1.0,0.0,0.0,0.0,0.0,0.0,0.0,0.0,0.0,0.0,0.0,0.0,0.0,0.0,0.0,0.0,0.0,0.0,0.0,0.0,0.0,0.0,0.0,0.0,0.0,0.0,0.0,0.0,0.0,0.0,0.0,0.0,0.0,0.0,0.0,0.0,0.0,0.0,0.0,0.0,0.0
attack,"""gbeleeleeeTTTIMbeTb",time,time,seqgan_master,seqgan_master__final__time__A__500__MASTER__raw_character__len20__gpre120__reward_off__seed88,335,20.0,8.0,2.6016094970590276,19.0,0.0,0.0,1.0,0.95,0.0,0.0,0.05,0.0,1.0,0.0,0.0,0.0,0.0,0.0,0.0,0.0,0.0,0.0,0.0,0.0,1.0,0.0,0.0,0.0,0.0,0.0,0.0,0.0,0.0,0.0,0.0,0.0,0.0,0.0,0.0,0.0,0.0,0.0,0.0,0.0,0.0,0.0,0.0,0.0,0.0,0.0,0.0,0.0,0.0,0.0,0.0,0.0,0.0,0.0,0.0,0.0,0.0,0.0,0.0,0.0,0.0
attack,"""gbeleleleeTITIIpgTb",time,time,seqgan_master,seqgan_master__final__time__A__500__MASTER__raw_character__len20__gpre120__reward_off__seed88,336,20.0,8.0,2.8282129458410017,19.0,0.0,0.0,1.0,0.95,0.0,0.0,0.05,0.0,1.0,0.0,0.0,0.0,0.0,0.0,0.0,0.0,0.0,0.0,0.0,0.0,1.0,0.0,0.0,0.0,0.0,0.0,0.0,0.0,0.0,0.0,0.0,0.0,0.0,0.0,0.0,0.0,0.0,0.0,0.0,0.0,0.0,0.0,0.0,0.0,0.0,0.0,0.0,0.0,0.0,0.0,0.0,0.0,0.0,0.0,0.0,0.0,0.0,0.0,0.0,0.0,0.0
attack,"""gbeleeleeTleTTIMbel",time,time,seqgan_master,seqgan_master__final__time__A__500__MASTER__raw_character__len20__gpre120__reward_off__seed88,337,20.0,8.0,2.6016094970590276,19.0,0.0,0.0,1.0,0.95,0.0,0.0,0.05,0.0,1.0,0.0,0.0,0.0,0.0,0.0,0.0,0.0,0.0,0.0,0.0,0.0,1.0,0.0,0.0,0.0,0.0,0.0,0.0,0.0,0.0,0.0,0.0,0.0,0.0,0.0,0.0,0.0,0.0,0.0,0.0,0.0,0.0,0.0,0.0,0.0,0.0,0.0,0.0,0.0,0.0,0.0,0.0,0.0,0.0,0.0,0.0,0.0,0.0,0.0,0.0,0.0,0.0
attack,"""gbeleeeleepgTTTbele",time,time,seqgan_master,seqgan_master__final__time__A__500__MASTER__raw_character__len20__gpre120__reward_off__seed88,338,20.0,7.0,2.4464393446710155,19.0,0.0,0.0,1.0,0.95,0.0,0.0,0.05,0.0,1.0,0.0,0.0,0.0,0.0,0.0,0.0,0.0,0.0,0.0,0.0,0.0,1.0,0.0,0.0,0.0,0.0,0.0,0.0,0.0,0.0,0.0,0.0,0.0,0.0,0.0,0.0,0.0,0.0,0.0,0.0,0.0,0.0,0.0,0.0,0.0,0.0,0.0,0.0,0.0,0.0,0.0,0.0,0.0,0.0,0.0,0.0,0.0,0.0,0.0,0.0,0.0,0.0
attack,"""gbeleeleleeTTTTIMbe",time,time,seqgan_master,seqgan_master__final__time__A__500__MASTER__raw_character__len20__gpre120__reward_off__seed88,339,20.0,8.0,2.6016094970590276,19.0,0.0,0.0,1.0,0.95,0.0,0.0,0.05,0.0,1.0,0.0,0.0,0.0,0.0,0.0,0.0,0.0,0.0,0.0,0.0,0.0,1.0,0.0,0.0,0.0,0.0,0.0,0.0,0.0,0.0,0.0,0.0,0.0,0.0,0.0,0.0,0.0,0.0,0.0,0.0,0.0,0.0,0.0,0.0,0.0,0.0,0.0,0.0,0.0,0.0,0.0,0.0,0.0,0.0,0.0,0.0,0.0,0.0,0.0,0.0,0.0,0.0
attack,"""gbeleembeeleTITTTTI",time,time,seqgan_master,seqgan_master__final__time__A__500__MASTER__raw_character__len20__gpre120__reward_off__seed88,340,20.0,8.0,2.665957320949175,19.0,0.0,0.0,1.0,0.95,0.0,0.0,0.05,0.0,1.0,0.0,0.0,0.0,0.0,0.0,0.0,0.0,0.0,0.0,0.0,0.0,1.0,0.0,0.0,0.0,0.0,0.0,0.0,0.0,0.0,0.0,0.0,0.0,0.0,0.0,0.0,0.0,0.0,0.0,0.0,0.0,0.0,0.0,0.0,0.0,0.0,0.0,0.0,0.0,0.0,0.0,0.0,0.0,0.0,0.0,0.0,0.0,0.0,0.0,0.0,0.0,0.0
attack,"""gbeleleeTMbeTbeleTT",time,time,seqgan_master,seqgan_master__final__time__A__500__MASTER__raw_character__len20__gpre120__reward_off__seed88,341,20.0,7.0,2.463865121950854,19.0,0.0,0.0,1.0,0.95,0.0,0.0,0.05,0.0,1.0,0.0,0.0,0.0,0.0,0.0,0.0,0.0,0.0,0.0,0.0,0.0,1.0,0.0,0.0,0.0,0.0,0.0,0.0,0.0,0.0,0.0,0.0,0.0,0.0,0.0,0.0,0.0,0.0,0.0,0.0,0.0,0.0,0.0,0.0,0.0,0.0,0.0,0.0,0.0,0.0,0.0,0.0,0.0,0.0,0.0,0.0,0.0,0.0,0.0,0.0,0.0,0.0
attack,"""gbeleleeTTTIpgTbele",time,time,seqgan_master,seqgan_master__final__time__A__500__MASTER__raw_character__len20__gpre120__reward_off__seed88,342,20.0,8.0,2.708694969562842,19.0,0.0,0.0,1.0,0.95,0.0,0.0,0.05,0.0,1.0,0.0,0.0,0.0,0.0,0.0,0.0,0.0,0.0,0.0,0.0,0.0,1.0,0.0,0.0,0.0,0.0,0.0,0.0,0.0,0.0,0.0,0.0,0.0,0.0,0.0,0.0,0.0,0.0,0.0,0.0,0.0,0.0,0.0,0.0,0.0,0.0,0.0,0.0,0.0,0.0,0.0,0.0,0.0,0.0,0.0,0.0,0.0,0.0,0.0,0.0,0.0,0.0
attack,"""gbeleleeTpTTTIbeTTT",time,time,seqgan_master,seqgan_master__final__time__A__500__MASTER__raw_character__len20__gpre120__reward_off__seed88,343,20.0,8.0,2.5588718484453605,19.0,0.0,0.0,1.0,0.95,0.0,0.0,0.05,0.0,1.0,0.0,0.0,0.0,0.0,0.0,0.0,0.0,0.0,0.0,0.0,0.0,1.0,0.0,0.0,0.0,0.0,0.0,0.0,0.0,0.0,0.0,0.0,0.0,0.0,0.0,0.0,0.0,0.0,0.0,0.0,0.0,0.0,0.0,0.0,0.0,0.0,0.0,0.0,0.0,0.0,0.0,0.0,0.0,0.0,0.0,0.0,0.0,0.0,0.0,0.0,0.0,0.0
attack,"""gbelegbeleeleepgTle",time,time,seqgan_master,seqgan_master__final__time__A__500__MASTER__raw_character__len20__gpre120__reward_off__seed88,344,20.0,7.0,2.384183719779189,19.0,0.0,0.0,1.0,0.95,0.0,0.0,0.05,0.0,1.0,0.0,0.0,0.0,0.0,0.0,0.0,0.0,0.0,0.0,0.0,0.0,1.0,0.0,0.0,0.0,0.0,0.0,0.0,0.0,0.0,0.0,0.0,0.0,0.0,0.0,0.0,0.0,0.0,0.0,0.0,0.0,0.0,0.0,0.0,0.0,0.0,0.0,0.0,0.0,0.0,0.0,0.0,0.0,0.0,0.0,0.0,0.0,0.0,0.0,0.0,0.0,0.0
attack,"""gbeeleeTII(pgT",time,time,seqgan_master,seqgan_master__final__time__A__500__MASTER__raw_character__len20__gpre120__reward_off__seed88,345,15.0,9.0,2.9735572622751856,13.0,0.0,0.0,2.0,0.8666666666666667,0.0,0.0,0.13333333333333333,0.0,1.0,0.0,0.0,0.0,0.0,0.0,1.0,0.0,0.0,0.0,0.0,0.0,1.0,0.0,0.0,0.0,0.0,1.0,0.0,0.0,0.0,0.0,0.0,0.0,0.0,0.0,0.0,0.0,0.0,0.0,0.0,0.0,0.0,0.0,0.0,0.0,0.0,0.0,0.0,0.0,0.0,0.0,0.0,0.0,0.0,0.0,0.0,0.0,0.0,0.0,0.0,0.0,0.0
attack,"""gbeleeeTbeTleleTIMb",time,time,seqgan_master,seqgan_master__final__time__A__500__MASTER__raw_character__len20__gpre120__reward_off__seed88,346,20.0,8.0,2.6261207468426804,19.0,0.0,0.0,1.0,0.95,0.0,0.0,0.05,0.0,1.0,0.0,0.0,0.0,0.0,0.0,0.0,0.0,0.0,0.0,0.0,0.0,1.0,0.0,0.0,0.0,0.0,0.0,0.0,0.0,0.0,0.0,0.0,0.0,0.0,0.0,0.0,0.0,0.0,0.0,0.0,0.0,0.0,0.0,0.0,0.0,0.0,0.0,0.0,0.0,0.0,0.0,0.0,0.0,0.0,0.0,0.0,0.0,0.0,0.0,0.0,0.0,0.0
attack,"""gbebetribeleleeTTIp",time,time,seqgan_master,seqgan_master__final__time__A__500__MASTER__raw_character__len20__gpre120__reward_off__seed88,347,20.0,11.0,3.1086949695628423,19.0,0.0,0.0,1.0,0.95,0.0,0.0,0.05,0.0,1.0,0.0,0.0,0.0,0.0,0.0,0.0,0.0,0.0,0.0,0.0,0.0,1.0,0.0,0.0,0.0,0.0,0.0,0.0,0.0,0.0,0.0,0.0,0.0,0.0,0.0,0.0,0.0,0.0,0.0,0.0,0.0,0.0,0.0,0.0,0.0,0.0,0.0,0.0,0.0,0.0,0.0,0.0,0.0,0.0,0.0,0.0,0.0,0.0,0.0,0.0,0.0,0.0
attack,"""gbeleleeleleTeTIMbe",time,time,seqgan_master,seqgan_master__final__time__A__500__MASTER__raw_character__len20__gpre120__reward_off__seed88,348,20.0,8.0,2.5219280948873624,19.0,0.0,0.0,1.0,0.95,0.0,0.0,0.05,0.0,1.0,0.0,0.0,0.0,0.0,0.0,0.0,0.0,0.0,0.0,0.0,0.0,1.0,0.0,0.0,0.0,0.0,0.0,0.0,0.0,0.0,0.0,0.0,0.0,0.0,0.0,0.0,0.0,0.0,0.0,0.0,0.0,0.0,0.0,0.0,0.0,0.0,0.0,0.0,0.0,0.0,0.0,0.0,0.0,0.0,0.0,0.0,0.0,0.0,0.0,0.0,0.0,0.0
attack,"""gbelegbeeleeTIIpgTb",time,time,seqgan_master,seqgan_master__final__time__A__500__MASTER__raw_character__len20__gpre120__reward_off__seed88,349,20.0,8.0,2.7709505944546686,19.0,0.0,0.0,1.0,0.95,0.0,0.0,0.05,0.0,1.0,0.0,0.0,0.0,0.0,0.0,0.0,0.0,0.0,0.0,0.0,0.0,1.0,0.0,0.0,0.0,0.0,0.0,0.0,0.0,0.0,0.0,0.0,0.0,0.0,0.0,0.0,0.0,0.0,0.0,0.0,0.0,0.0,0.0,0.0,0.0,0.0,0.0,0.0,0.0,0.0,0.0,0.0,0.0,0.0,0.0,0.0,0.0,0.0,0.0,0.0,0.0,0.0
attack,"""gbeleeleleeTTTnTTTI",time,time,seqgan_master,seqgan_master__final__time__A__500__MASTER__raw_character__len20__gpre120__reward_off__seed88,350,20.0,8.0,2.5332062193464955,19.0,0.0,0.0,1.0,0.95,0.0,0.0,0.05,0.0,1.0,0.0,0.0,0.0,0.0,0.0,0.0,0.0,0.0,0.0,0.0,0.0,1.0,0.0,0.0,0.0,0.0,0.0,0.0,0.0,0.0,0.0,0.0,0.0,0.0,0.0,0.0,0.0,0.0,0.0,0.0,0.0,0.0,0.0,0.0,0.0,0.0,0.0,0.0,0.0,0.0,0.0,0.0,0.0,0.0,0.0,0.0,0.0,0.0,0.0,0.0,0.0,0.0
attack,"""gbeleelebetTTIIIMeb",time,time,seqgan_master,seqgan_master__final__time__A__500__MASTER__raw_character__len20__gpre120__reward_off__seed88,351,20.0,9.0,2.8709505944546687,19.0,0.0,0.0,1.0,0.95,0.0,0.0,0.05,0.0,1.0,0.0,0.0,0.0,0.0,0.0,0.0,0.0,0.0,0.0,0.0,0.0,1.0,0.0,0.0,0.0,0.0,0.0,0.0,0.0,0.0,0.0,0.0,0.0,0.0,0.0,0.0,0.0,0.0,0.0,0.0,0.0,0.0,0.0,0.0,0.0,0.0,0.0,0.0,0.0,0.0,0.0,0.0,0.0,0.0,0.0,0.0,0.0,0.0,0.0,0.0,0.0,0.0
attack,gbeleTeTTTIMbeleleeT,time,time,seqgan_master,seqgan_master__final__time__A__500__MASTER__raw_character__len20__gpre120__reward_off__seed88,352,20.0,7.0,2.421127473337187,20.0,0.0,0.0,0.0,1.0,0.0,0.0,0.0,0.0,0.0,0.0,0.0,0.0,0.0,0.0,0.0,0.0,0.0,0.0,0.0,0.0,0.0,0.0,0.0,0.0,0.0,0.0,0.0,0.0,0.0,0.0,0.0,0.0,0.0,0.0,0.0,0.0,0.0,0.0,0.0,0.0,0.0,0.0,0.0,0.0,0.0,0.0,0.0,0.0,0.0,0.0,0.0,0.0,0.0,0.0,0.0,0.0,0.0,0.0,0.0,0.0,0.0
attack,"""gbeleeleTTbeleTTTIn",time,time,seqgan_master,seqgan_master__final__time__A__500__MASTER__raw_character__len20__gpre120__reward_off__seed88,353,20.0,8.0,2.6282129458410015,19.0,0.0,0.0,1.0,0.95,0.0,0.0,0.05,0.0,1.0,0.0,0.0,0.0,0.0,0.0,0.0,0.0,0.0,0.0,0.0,0.0,1.0,0.0,0.0,0.0,0.0,0.0,0.0,0.0,0.0,0.0,0.0,0.0,0.0,0.0,0.0,0.0,0.0,0.0,0.0,0.0,0.0,0.0,0.0,0.0,0.0,0.0,0.0,0.0,0.0,0.0,0.0,0.0,0.0,0.0,0.0,0.0,0.0,0.0,0.0,0.0,0.0
attack,"""gberneeTTTIpgleleel",time,time,seqgan_master,seqgan_master__final__time__A__500__MASTER__raw_character__len20__gpre120__reward_off__seed88,354,20.0,10.0,2.970950594454669,19.0,0.0,0.0,1.0,0.95,0.0,0.0,0.05,0.0,1.0,0.0,0.0,0.0,0.0,0.0,0.0,0.0,0.0,0.0,0.0,0.0,1.0,0.0,0.0,0.0,0.0,0.0,0.0,0.0,0.0,0.0,0.0,0.0,0.0,0.0,0.0,0.0,0.0,0.0,0.0,0.0,0.0,0.0,0.0,0.0,0.0,0.0,0.0,0.0,0.0,0.0,0.0,0.0,0.0,0.0,0.0,0.0,0.0,0.0,0.0,0.0,0.0
attack,"""gbeleeeTpgTbeleTI50",time,time,seqgan_master,seqgan_master__final__time__A__500__MASTER__raw_character__len20__gpre120__reward_off__seed88,355,20.0,10.0,3.008694969562842,17.0,2.0,0.0,1.0,0.85,0.1,0.0,0.05,0.0,1.0,0.0,0.0,0.0,0.0,0.0,0.0,0.0,0.0,0.0,0.0,0.0,1.0,0.0,0.0,0.0,0.0,0.0,0.0,0.0,0.0,0.0,0.0,0.0,0.0,0.0,0.0,0.0,0.0,0.0,0.0,0.0,0.0,0.0,0.0,0.0,0.0,0.0,0.0,0.0,0.0,0.0,0.0,0.0,0.0,0.0,0.0,0.0,0.0,0.0,0.0,0.0,0.0
attack,"""gbeleeleTs_leeleTle",time,time,seqgan_master,seqgan_master__final__time__A__500__MASTER__raw_character__len20__gpre120__reward_off__seed88,356,20.0,8.0,2.441446071165522,18.0,0.0,0.0,2.0,0.9,0.0,0.0,0.1,0.0,1.0,0.0,0.0,0.0,0.0,0.0,0.0,0.0,1.0,0.0,0.0,0.0,1.0,0.0,0.0,0.0,0.0,0.0,0.0,0.0,0.0,0.0,0.0,0.0,0.0,0.0,0.0,0.0,0.0,0.0,0.0,0.0,0.0,0.0,0.0,0.0,0.0,0.0,0.0,0.0,0.0,0.0,0.0,0.0,0.0,0.0,0.0,0.0,0.0,0.0,0.0,0.0,0.0
attack,"""gbrbeleTbeTTTTITIIb",time,time,seqgan_master,seqgan_master__final__time__A__500__MASTER__raw_character__len20__gpre120__reward_off__seed88,357,20.0,8.0,2.6709505944546685,19.0,0.0,0.0,1.0,0.95,0.0,0.0,0.05,0.0,1.0,0.0,0.0,0.0,0.0,0.0,0.0,0.0,0.0,0.0,0.0,0.0,1.0,0.0,0.0,0.0,0.0,0.0,0.0,0.0,0.0,0.0,0.0,0.0,0.0,0.0,0.0,0.0,0.0,0.0,0.0,0.0,0.0,0.0,0.0,0.0,0.0,0.0,0.0,0.0,0.0,0.0,0.0,0.0,0.0,0.0,0.0,0.0,0.0,0.0,0.0,0.0,0.0
attack,;wibeleTTIMbeleleele,time,time,seqgan_master,seqgan_master__final__time__A__500__MASTER__raw_character__len20__gpre120__reward_off__seed88,358,20.0,9.0,2.739353872167201,19.0,0.0,0.0,1.0,0.95,0.0,0.0,0.05,0.0,0.0,0.0,0.0,0.0,0.0,1.0,0.0,0.0,0.0,0.0,0.0,0.0,0.0,0.0,0.0,0.0,0.0,0.0,1.0,0.0,0.0,0.0,0.0,0.0,0.0,0.0,0.0,0.0,0.0,0.0,0.0,0.0,0.0,0.0,0.0,0.0,0.0,0.0,0.0,0.0,0.0,0.0,0.0,0.0,0.0,0.0,0.0,0.0,0.0,0.0,0.0,0.0,0.0
attack,"""gbeleleeTTTIneleTTT",time,time,seqgan_master,seqgan_master__final__time__A__500__MASTER__raw_character__len20__gpre120__reward_off__seed88,359,20.0,8.0,2.5332062193464955,19.0,0.0,0.0,1.0,0.95,0.0,0.0,0.05,0.0,1.0,0.0,0.0,0.0,0.0,0.0,0.0,0.0,0.0,0.0,0.0,0.0,1.0,0.0,0.0,0.0,0.0,0.0,0.0,0.0,0.0,0.0,0.0,0.0,0.0,0.0,0.0,0.0,0.0,0.0,0.0,0.0,0.0,0.0,0.0,0.0,0.0,0.0,0.0,0.0,0.0,0.0,0.0,0.0,0.0,0.0,0.0,0.0,0.0,0.0,0.0,0.0,0.0
attack,"""gbeleeTbeTlecbTbeTI",time,time,seqgan_master,seqgan_master__final__time__A__500__MASTER__raw_character__len20__gpre120__reward_off__seed88,360,20.0,8.0,2.6464393446710157,19.0,0.0,0.0,1.0,0.95,0.0,0.0,0.05,0.0,1.0,0.0,0.0,0.0,0.0,0.0,0.0,0.0,0.0,0.0,0.0,0.0,1.0,0.0,0.0,0.0,0.0,0.0,0.0,0.0,0.0,0.0,0.0,0.0,0.0,0.0,0.0,0.0,0.0,0.0,0.0,0.0,0.0,0.0,0.0,0.0,0.0,0.0,0.0,0.0,0.0,0.0,0.0,0.0,0.0,0.0,0.0,0.0,0.0,0.0,0.0,0.0,0.0
attack,"""gbeleeTbeleeTTIIbel",time,time,seqgan_master,seqgan_master__final__time__A__500__MASTER__raw_character__len20__gpre120__reward_off__seed88,361,20.0,7.0,2.5261207468426807,19.0,0.0,0.0,1.0,0.95,0.0,0.0,0.05,0.0,1.0,0.0,0.0,0.0,0.0,0.0,0.0,0.0,0.0,0.0,0.0,0.0,1.0,0.0,0.0,0.0,0.0,0.0,0.0,0.0,0.0,0.0,0.0,0.0,0.0,0.0,0.0,0.0,0.0,0.0,0.0,0.0,0.0,0.0,0.0,0.0,0.0,0.0,0.0,0.0,0.0,0.0,0.0,0.0,0.0,0.0,0.0,0.0,0.0,0.0,0.0,0.0,0.0
attack,"""gbelelebeleeeTIMbel",time,time,seqgan_master,seqgan_master__final__time__A__500__MASTER__raw_character__len20__gpre120__reward_off__seed88,362,20.0,8.0,2.484183719779189,19.0,0.0,0.0,1.0,0.95,0.0,0.0,0.05,0.0,1.0,0.0,0.0,0.0,0.0,0.0,0.0,0.0,0.0,0.0,0.0,0.0,1.0,0.0,0.0,0.0,0.0,0.0,0.0,0.0,0.0,0.0,0.0,0.0,0.0,0.0,0.0,0.0,0.0,0.0,0.0,0.0,0.0,0.0,0.0,0.0,0.0,0.0,0.0,0.0,0.0,0.0,0.0,0.0,0.0,0.0,0.0,0.0,0.0,0.0,0.0,0.0,0.0
attack,"""gbeleeleTITIpgTTTr ",time,time,seqgan_master,seqgan_master__final__time__A__500__MASTER__raw_character__len20__gpre120__reward_off__seed88,363,20.0,10.0,3.041446071165522,18.0,0.0,1.0,1.0,0.9,0.0,0.05,0.05,0.0,1.0,0.0,0.0,0.0,0.0,0.0,0.0,0.0,0.0,0.0,0.0,0.0,1.0,0.0,0.0,0.0,0.0,0.0,0.0,0.0,0.0,0.0,0.0,0.0,0.0,0.0,0.0,0.0,0.0,0.0,0.0,0.0,0.0,0.0,0.0,0.0,0.0,0.0,0.0,0.0,0.0,0.0,0.0,0.0,0.0,0.0,0.0,0.0,0.0,0.0,0.0,0.0,0.0
attack,"""gbeleeleleTeTTIIMbe",time,time,seqgan_master,seqgan_master__final__time__A__500__MASTER__raw_character__len20__gpre120__reward_off__seed88,364,20.0,8.0,2.6638651219508542,19.0,0.0,0.0,1.0,0.95,0.0,0.0,0.05,0.0,1.0,0.0,0.0,0.0,0.0,0.0,0.0,0.0,0.0,0.0,0.0,0.0,1.0,0.0,0.0,0.0,0.0,0.0,0.0,0.0,0.0,0.0,0.0,0.0,0.0,0.0,0.0,0.0,0.0,0.0,0.0,0.0,0.0,0.0,0.0,0.0,0.0,0.0,0.0,0.0,0.0,0.0,0.0,0.0,0.0,0.0,0.0,0.0,0.0,0.0,0.0,0.0,0.0
attack,"""gberbeleeleTbeTbeTb",time,time,seqgan_master,seqgan_master__final__time__A__500__MASTER__raw_character__len20__gpre120__reward_off__seed88,365,20.0,7.0,2.421127473337187,19.0,0.0,0.0,1.0,0.95,0.0,0.0,0.05,0.0,1.0,0.0,0.0,0.0,0.0,0.0,0.0,0.0,0.0,0.0,0.0,0.0,1.0,0.0,0.0,0.0,0.0,0.0,0.0,0.0,0.0,0.0,0.0,0.0,0.0,0.0,0.0,0.0,0.0,0.0,0.0,0.0,0.0,0.0,0.0,0.0,0.0,0.0,0.0,0.0,0.0,0.0,0.0,0.0,0.0,0.0,0.0,0.0,0.0,0.0,0.0,0.0,0.0
attack,"""gbeeleleTTTTIpgnele",time,time,seqgan_master,seqgan_master__final__time__A__500__MASTER__raw_character__len20__gpre120__reward_off__seed88,366,20.0,9.0,2.808694969562842,19.0,0.0,0.0,1.0,0.95,0.0,0.0,0.05,0.0,1.0,0.0,0.0,0.0,0.0,0.0,0.0,0.0,0.0,0.0,0.0,0.0,1.0,0.0,0.0,0.0,0.0,0.0,0.0,0.0,0.0,0.0,0.0,0.0,0.0,0.0,0.0,0.0,0.0,0.0,0.0,0.0,0.0,0.0,0.0,0.0,0.0,0.0,0.0,0.0,0.0,0.0,0.0,0.0,0.0,0.0,0.0,0.0,0.0,0.0,0.0,0.0,0.0
attack,"""gbeleeTITITIpgTbeTI",time,time,seqgan_master,seqgan_master__final__time__A__500__MASTER__raw_character__len20__gpre120__reward_off__seed88,367,20.0,8.0,2.7414460711655217,19.0,0.0,0.0,1.0,0.95,0.0,0.0,0.05,0.0,1.0,0.0,0.0,0.0,0.0,0.0,0.0,0.0,0.0,0.0,0.0,0.0,1.0,0.0,0.0,0.0,0.0,0.0,0.0,0.0,0.0,0.0,0.0,0.0,0.0,0.0,0.0,0.0,0.0,0.0,0.0,0.0,0.0,0.0,0.0,0.0,0.0,0.0,0.0,0.0,0.0,0.0,0.0,0.0,0.0,0.0,0.0,0.0,0.0,0.0,0.0,0.0,0.0
attack,"""gbeleeeTbeleTIbeTTI",time,time,seqgan_master,seqgan_master__final__time__A__500__MASTER__raw_character__len20__gpre120__reward_off__seed88,368,20.0,7.0,2.5016094970590275,19.0,0.0,0.0,1.0,0.95,0.0,0.0,0.05,0.0,1.0,0.0,0.0,0.0,0.0,0.0,0.0,0.0,0.0,0.0,0.0,0.0,1.0,0.0,0.0,0.0,0.0,0.0,0.0,0.0,0.0,0.0,0.0,0.0,0.0,0.0,0.0,0.0,0.0,0.0,0.0,0.0,0.0,0.0,0.0,0.0,0.0,0.0,0.0,0.0,0.0,0.0,0.0,0.0,0.0,0.0,0.0,0.0,0.0,0.0,0.0,0.0,0.0
attack,"""gbelelelebeeTbeleTT",time,time,seqgan_master,seqgan_master__final__time__A__500__MASTER__raw_character__len20__gpre120__reward_off__seed88,369,20.0,6.0,2.2464393446710154,19.0,0.0,0.0,1.0,0.95,0.0,0.0,0.05,0.0,1.0,0.0,0.0,0.0,0.0,0.0,0.0,0.0,0.0,0.0,0.0,0.0,1.0,0.0,0.0,0.0,0.0,0.0,0.0,0.0,0.0,0.0,0.0,0.0,0.0,0.0,0.0,0.0,0.0,0.0,0.0,0.0,0.0,0.0,0.0,0.0,0.0,0.0,0.0,0.0,0.0,0.0,0.0,0.0,0.0,0.0,0.0,0.0,0.0,0.0,0.0,0.0,0.0
attack,"""gbeleeTTeTTTTTIIITb",time,time,seqgan_master,seqgan_master__final__time__A__500__MASTER__raw_character__len20__gpre120__reward_off__seed88,370,20.0,7.0,2.384183719779189,19.0,0.0,0.0,1.0,0.95,0.0,0.0,0.05,0.0,1.0,0.0,0.0,0.0,0.0,0.0,0.0,0.0,0.0,0.0,0.0,0.0,1.0,0.0,0.0,0.0,0.0,0.0,0.0,0.0,0.0,0.0,0.0,0.0,0.0,0.0,0.0,0.0,0.0,0.0,0.0,0.0,0.0,0.0,0.0,0.0,0.0,0.0,0.0,0.0,0.0,0.0,0.0,0.0,0.0,0.0,0.0,0.0,0.0,0.0,0.0,0.0,0.0
attack,"""gbeleelegTbeTbeTTIT",time,time,seqgan_master,seqgan_master__final__time__A__500__MASTER__raw_character__len20__gpre120__reward_off__seed88,371,20.0,7.0,2.5282129458410014,19.0,0.0,0.0,1.0,0.95,0.0,0.0,0.05,0.0,1.0,0.0,0.0,0.0,0.0,0.0,0.0,0.0,0.0,0.0,0.0,0.0,1.0,0.0,0.0,0.0,0.0,0.0,0.0,0.0,0.0,0.0,0.0,0.0,0.0,0.0,0.0,0.0,0.0,0.0,0.0,0.0,0.0,0.0,0.0,0.0,0.0,0.0,0.0,0.0,0.0,0.0,0.0,0.0,0.0,0.0,0.0,0.0,0.0,0.0,0.0,0.0,0.0
attack,"""gbeleeTTITbeleTTIMe",time,time,seqgan_master,seqgan_master__final__time__A__500__MASTER__raw_character__len20__gpre120__reward_off__seed88,372,20.0,8.0,2.665957320949175,19.0,0.0,0.0,1.0,0.95,0.0,0.0,0.05,0.0,1.0,0.0,0.0,0.0,0.0,0.0,0.0,0.0,0.0,0.0,0.0,0.0,1.0,0.0,0.0,0.0,0.0,0.0,0.0,0.0,0.0,0.0,0.0,0.0,0.0,0.0,0.0,0.0,0.0,0.0,0.0,0.0,0.0,0.0,0.0,0.0,0.0,0.0,0.0,0.0,0.0,0.0,0.0,0.0,0.0,0.0,0.0,0.0,0.0,0.0,0.0,0.0,0.0
attack,"""gbeleeleeTbeTbeTIII",time,time,seqgan_master,seqgan_master__final__time__A__500__MASTER__raw_character__len20__gpre120__reward_off__seed88,373,20.0,7.0,2.5261207468426807,19.0,0.0,0.0,1.0,0.95,0.0,0.0,0.05,0.0,1.0,0.0,0.0,0.0,0.0,0.0,0.0,0.0,0.0,0.0,0.0,0.0,1.0,0.0,0.0,0.0,0.0,0.0,0.0,0.0,0.0,0.0,0.0,0.0,0.0,0.0,0.0,0.0,0.0,0.0,0.0,0.0,0.0,0.0,0.0,0.0,0.0,0.0,0.0,0.0,0.0,0.0,0.0,0.0,0.0,0.0,0.0,0.0,0.0,0.0,0.0,0.0,0.0
attack,"""gbeleleeeTIIpglelec",time,time,seqgan_master,seqgan_master__final__time__A__500__MASTER__raw_character__len20__gpre120__reward_off__seed88,374,20.0,9.0,2.739353872167201,19.0,0.0,0.0,1.0,0.95,0.0,0.0,0.05,0.0,1.0,0.0,0.0,0.0,0.0,0.0,0.0,0.0,0.0,0.0,0.0,0.0,1.0,0.0,0.0,0.0,0.0,0.0,0.0,0.0,0.0,0.0,0.0,0.0,0.0,0.0,0.0,0.0,0.0,0.0,0.0,0.0,0.0,0.0,0.0,0.0,0.0,0.0,0.0,0.0,0.0,0.0,0.0,0.0,0.0,0.0,0.0,0.0,0.0,0.0,0.0,0.0,0.0
attack,"""gbribeleeTbeTeTTTIp",time,time,seqgan_master,seqgan_master__final__time__A__500__MASTER__raw_character__len20__gpre120__reward_off__seed88,375,20.0,10.0,2.9232196723355077,19.0,0.0,0.0,1.0,0.95,0.0,0.0,0.05,0.0,1.0,0.0,0.0,0.0,0.0,0.0,0.0,0.0,0.0,0.0,0.0,0.0,1.0,0.0,0.0,0.0,0.0,0.0,0.0,0.0,0.0,0.0,0.0,0.0,0.0,0.0,0.0,0.0,0.0,0.0,0.0,0.0,0.0,0.0,0.0,0.0,0.0,0.0,0.0,0.0,0.0,0.0,0.0,0.0,0.0,0.0,0.0,0.0,0.0,0.0,0.0,0.0,0.0
attack,"""gbeleleeTTTIMfneTTb",time,time,seqgan_master,seqgan_master__final__time__A__500__MASTER__raw_character__len20__gpre120__reward_off__seed88,376,20.0,10.0,2.9609640474436816,19.0,0.0,0.0,1.0,0.95,0.0,0.0,0.05,0.0,1.0,0.0,0.0,0.0,0.0,0.0,0.0,0.0,0.0,0.0,0.0,0.0,1.0,0.0,0.0,0.0,0.0,0.0,0.0,0.0,0.0,0.0,0.0,0.0,0.0,0.0,0.0,0.0,0.0,0.0,0.0,0.0,0.0,0.0,0.0,0.0,0.0,0.0,0.0,0.0,0.0,0.0,0.0,0.0,0.0,0.0,0.0,0.0,0.0,0.0,0.0,0.0,0.0
attack,"""gbeleeeleleTbeTTbeT",time,time,seqgan_master,seqgan_master__final__time__A__500__MASTER__raw_character__len20__gpre120__reward_off__seed88,377,20.0,6.0,2.2464393446710154,19.0,0.0,0.0,1.0,0.95,0.0,0.0,0.05,0.0,1.0,0.0,0.0,0.0,0.0,0.0,0.0,0.0,0.0,0.0,0.0,0.0,1.0,0.0,0.0,0.0,0.0,0.0,0.0,0.0,0.0,0.0,0.0,0.0,0.0,0.0,0.0,0.0,0.0,0.0,0.0,0.0,0.0,0.0,0.0,0.0,0.0,0.0,0.0,0.0,0.0,0.0,0.0,0.0,0.0,0.0,0.0,0.0,0.0,0.0,0.0,0.0,0.0
attack,"""gbeleeleTIleleleTTI",time,time,seqgan_master,seqgan_master__final__time__A__500__MASTER__raw_character__len20__gpre120__reward_off__seed88,378,20.0,7.0,2.421127473337187,19.0,0.0,0.0,1.0,0.95,0.0,0.0,0.05,0.0,1.0,0.0,0.0,0.0,0.0,0.0,0.0,0.0,0.0,0.0,0.0,0.0,1.0,0.0,0.0,0.0,0.0,0.0,0.0,0.0,0.0,0.0,0.0,0.0,0.0,0.0,0.0,0.0,0.0,0.0,0.0,0.0,0.0,0.0,0.0,0.0,0.0,0.0,0.0,0.0,0.0,0.0,0.0,0.0,0.0,0.0,0.0,0.0,0.0,0.0,0.0,0.0,0.0
attack,"""gbeleeeTITbelebeT0l",time,time,seqgan_master,seqgan_master__final__time__A__500__MASTER__raw_character__len20__gpre120__reward_off__seed88,379,20.0,8.0,2.6261207468426804,18.0,1.0,0.0,1.0,0.9,0.05,0.0,0.05,0.0,1.0,0.0,0.0,0.0,0.0,0.0,0.0,0.0,0.0,0.0,0.0,0.0,1.0,0.0,0.0,0.0,0.0,0.0,0.0,0.0,0.0,0.0,0.0,0.0,0.0,0.0,0.0,0.0,0.0,0.0,0.0,0.0,0.0,0.0,0.0,0.0,0.0,0.0,0.0,0.0,0.0,0.0,0.0,0.0,0.0,0.0,0.0,0.0,0.0,0.0,0.0,0.0,0.0
attack,"""gbeleeleleleleelele",time,time,seqgan_master,seqgan_master__final__time__A__500__MASTER__raw_character__len20__gpre120__reward_off__seed88,380,20.0,5.0,1.6783898247235198,19.0,0.0,0.0,1.0,0.95,0.0,0.0,0.05,0.0,1.0,0.0,0.0,0.0,0.0,0.0,0.0,0.0,0.0,0.0,0.0,0.0,1.0,0.0,0.0,0.0,0.0,0.0,0.0,0.0,0.0,0.0,0.0,0.0,0.0,0.0,0.0,0.0,0.0,0.0,0.0,0.0,0.0,0.0,0.0,0.0,0.0,0.0,0.0,0.0,0.0,0.0,0.0,0.0,0.0,0.0,0.0,0.0,0.0,0.0,0.0,0.0,0.0
attack,"""gbeleTbeleleleleleT",time,time,seqgan_master,seqgan_master__final__time__A__500__MASTER__raw_character__len20__gpre120__reward_off__seed88,381,20.0,6.0,2.1464393446710153,19.0,0.0,0.0,1.0,0.95,0.0,0.0,0.05,0.0,1.0,0.0,0.0,0.0,0.0,0.0,0.0,0.0,0.0,0.0,0.0,0.0,1.0,0.0,0.0,0.0,0.0,0.0,0.0,0.0,0.0,0.0,0.0,0.0,0.0,0.0,0.0,0.0,0.0,0.0,0.0,0.0,0.0,0.0,0.0,0.0,0.0,0.0,0.0,0.0,0.0,0.0,0.0,0.0,0.0,0.0,0.0,0.0,0.0,0.0,0.0,0.0,0.0
attack,"""gbeeeTTTmelelleeTTI",time,time,seqgan_master,seqgan_master__final__time__A__500__MASTER__raw_character__len20__gpre120__reward_off__seed88,382,20.0,8.0,2.521127473337187,19.0,0.0,0.0,1.0,0.95,0.0,0.0,0.05,0.0,1.0,0.0,0.0,0.0,0.0,0.0,0.0,0.0,0.0,0.0,0.0,0.0,1.0,0.0,0.0,0.0,0.0,0.0,0.0,0.0,0.0,0.0,0.0,0.0,0.0,0.0,0.0,0.0,0.0,0.0,0.0,0.0,0.0,0.0,0.0,0.0,0.0,0.0,0.0,0.0,0.0,0.0,0.0,0.0,0.0,0.0,0.0,0.0,0.0,0.0,0.0,0.0,0.0
attack,"""gbeeleTTIpgTbeleleT",time,time,seqgan_master,seqgan_master__final__time__A__500__MASTER__raw_character__len20__gpre120__reward_off__seed88,383,20.0,8.0,2.708694969562842,19.0,0.0,0.0,1.0,0.95,0.0,0.0,0.05,0.0,1.0,0.0,0.0,0.0,0.0,0.0,0.0,0.0,0.0,0.0,0.0,0.0,1.0,0.0,0.0,0.0,0.0,0.0,0.0,0.0,0.0,0.0,0.0,0.0,0.0,0.0,0.0,0.0,0.0,0.0,0.0,0.0,0.0,0.0,0.0,0.0,0.0,0.0,0.0,0.0,0.0,0.0,0.0,0.0,0.0,0.0,0.0,0.0,0.0,0.0,0.0,0.0,0.0
attack,"""gbeleeleTbeTTITrbel",time,time,seqgan_master,seqgan_master__final__time__A__500__MASTER__raw_character__len20__gpre120__reward_off__seed88,384,20.0,8.0,2.6709505944546685,19.0,0.0,0.0,1.0,0.95,0.0,0.0,0.05,0.0,1.0,0.0,0.0,0.0,0.0,0.0,0.0,0.0,0.0,0.0,0.0,0.0,1.0,0.0,0.0,0.0,0.0,0.0,0.0,0.0,0.0,0.0,0.0,0.0,0.0,0.0,0.0,0.0,0.0,0.0,0.0,0.0,0.0,0.0,0.0,0.0,0.0,0.0,0.0,0.0,0.0,0.0,0.0,0.0,0.0,0.0,0.0,0.0,0.0,0.0,0.0,0.0,0.0
attack,"""gbgbeleleeTTTIMelel",time,time,seqgan_master,seqgan_master__final__time__A__500__MASTER__raw_character__len20__gpre120__reward_off__seed88,385,20.0,8.0,2.708694969562842,19.0,0.0,0.0,1.0,0.95,0.0,0.0,0.05,0.0,1.0,0.0,0.0,0.0,0.0,0.0,0.0,0.0,0.0,0.0,0.0,0.0,1.0,0.0,0.0,0.0,0.0,0.0,0.0,0.0,0.0,0.0,0.0,0.0,0.0,0.0,0.0,0.0,0.0,0.0,0.0,0.0,0.0,0.0,0.0,0.0,0.0,0.0,0.0,0.0,0.0,0.0,0.0,0.0,0.0,0.0,0.0,0.0,0.0,0.0,0.0,0.0,0.0
attack,"""gbeleleeT0TTIbeleTT",time,time,seqgan_master,seqgan_master__final__time__A__500__MASTER__raw_character__len20__gpre120__reward_off__seed88,386,20.0,8.0,2.6282129458410015,18.0,1.0,0.0,1.0,0.9,0.05,0.0,0.05,0.0,1.0,0.0,0.0,0.0,0.0,0.0,0.0,0.0,0.0,0.0,0.0,0.0,1.0,0.0,0.0,0.0,0.0,0.0,0.0,0.0,0.0,0.0,0.0,0.0,0.0,0.0,0.0,0.0,0.0,0.0,0.0,0.0,0.0,0.0,0.0,0.0,0.0,0.0,0.0,0.0,0.0,0.0,0.0,0.0,0.0,0.0,0.0,0.0,0.0,0.0,0.0,0.0,0.0
attack,"""gbeeleleTTTIMeTbele",time,time,seqgan_master,seqgan_master__final__time__A__500__MASTER__raw_character__len20__gpre120__reward_off__seed88,387,20.0,8.0,2.6016094970590276,19.0,0.0,0.0,1.0,0.95,0.0,0.0,0.05,0.0,1.0,0.0,0.0,0.0,0.0,0.0,0.0,0.0,0.0,0.0,0.0,0.0,1.0,0.0,0.0,0.0,0.0,0.0,0.0,0.0,0.0,0.0,0.0,0.0,0.0,0.0,0.0,0.0,0.0,0.0,0.0,0.0,0.0,0.0,0.0,0.0,0.0,0.0,0.0,0.0,0.0,0.0,0.0,0.0,0.0,0.0,0.0,0.0,0.0,0.0,0.0,0.0,0.0
attack,"""gbeleeTbneeTTIdeTId",time,time,seqgan_master,seqgan_master__final__time__A__500__MASTER__raw_character__len20__gpre120__reward_off__seed88,388,20.0,9.0,2.8464393446710154,19.0,0.0,0.0,1.0,0.95,0.0,0.0,0.05,0.0,1.0,0.0,0.0,0.0,0.0,0.0,0.0,0.0,0.0,0.0,0.0,0.0,1.0,0.0,0.0,0.0,0.0,0.0,0.0,0.0,0.0,0.0,0.0,0.0,0.0,0.0,0.0,0.0,0.0,0.0,0.0,0.0,0.0,0.0,0.0,0.0,0.0,0.0,0.0,0.0,0.0,0.0,0.0,0.0,0.0,0.0,0.0,0.0,0.0,0.0,0.0,0.0,0.0
attack,"""gbeleeleeTTIIMbTele",time,time,seqgan_master,seqgan_master__final__time__A__500__MASTER__raw_character__len20__gpre120__reward_off__seed88,389,20.0,8.0,2.6638651219508542,19.0,0.0,0.0,1.0,0.95,0.0,0.0,0.05,0.0,1.0,0.0,0.0,0.0,0.0,0.0,0.0,0.0,0.0,0.0,0.0,0.0,1.0,0.0,0.0,0.0,0.0,0.0,0.0,0.0,0.0,0.0,0.0,0.0,0.0,0.0,0.0,0.0,0.0,0.0,0.0,0.0,0.0,0.0,0.0,0.0,0.0,0.0,0.0,0.0,0.0,0.0,0.0,0.0,0.0,0.0,0.0,0.0,0.0,0.0,0.0,0.0,0.0
attack,"""gbeleeeleleTIri)5le",time,time,seqgan_master,seqgan_master__final__time__A__500__MASTER__raw_character__len20__gpre120__reward_off__seed88,390,20.0,11.0,2.9393538721672012,17.0,1.0,0.0,2.0,0.85,0.05,0.0,0.1,0.0,1.0,0.0,0.0,0.0,0.0,0.0,1.0,0.0,0.0,0.0,0.0,0.0,1.0,0.0,0.0,0.0,0.0,1.0,0.0,0.0,0.0,0.0,0.0,0.0,0.0,0.0,0.0,0.0,0.0,0.0,0.0,0.0,0.0,0.0,0.0,0.0,0.0,0.0,0.0,0.0,0.0,0.0,0.0,0.0,0.0,0.0,0.0,0.0,0.0,0.0,0.0,0.0,0.0
attack,"""gbeeleleleTTITpgTTT",time,time,seqgan_master,seqgan_master__final__time__A__500__MASTER__raw_character__len20__gpre120__reward_off__seed88,391,20.0,8.0,2.6282129458410015,19.0,0.0,0.0,1.0,0.95,0.0,0.0,0.05,0.0,1.0,0.0,0.0,0.0,0.0,0.0,0.0,0.0,0.0,0.0,0.0,0.0,1.0,0.0,0.0,0.0,0.0,0.0,0.0,0.0,0.0,0.0,0.0,0.0,0.0,0.0,0.0,0.0,0.0,0.0,0.0,0.0,0.0,0.0,0.0,0.0,0.0,0.0,0.0,0.0,0.0,0.0,0.0,0.0,0.0,0.0,0.0,0.0,0.0,0.0,0.0,0.0,0.0
attack,"""gbrbeleeeTlembelele",time,time,seqgan_master,seqgan_master__final__time__A__500__MASTER__raw_character__len20__gpre120__reward_off__seed88,392,20.0,8.0,2.484183719779189,19.0,0.0,0.0,1.0,0.95,0.0,0.0,0.05,0.0,1.0,0.0,0.0,0.0,0.0,0.0,0.0,0.0,0.0,0.0,0.0,0.0,1.0,0.0,0.0,0.0,0.0,0.0,0.0,0.0,0.0,0.0,0.0,0.0,0.0,0.0,0.0,0.0,0.0,0.0,0.0,0.0,0.0,0.0,0.0,0.0,0.0,0.0,0.0,0.0,0.0,0.0,0.0,0.0,0.0,0.0,0.0,0.0,0.0,0.0,0.0,0.0,0.0
attack,""" beleeTIIIpgTIpgTbr",time,time,seqgan_master,seqgan_master__final__time__A__500__MASTER__raw_character__len20__gpre120__reward_off__seed88,393,20.0,10.0,3.1464393446710157,18.0,0.0,1.0,1.0,0.9,0.0,0.05,0.05,0.0,1.0,0.0,0.0,0.0,0.0,0.0,0.0,0.0,0.0,0.0,0.0,0.0,1.0,0.0,0.0,0.0,0.0,0.0,0.0,0.0,0.0,0.0,0.0,0.0,0.0,0.0,0.0,0.0,0.0,0.0,0.0,0.0,0.0,0.0,0.0,0.0,0.0,0.0,0.0,0.0,0.0,0.0,0.0,0.0,0.0,0.0,0.0,0.0,0.0,0.0,0.0,0.0,0.0
attack,"""gbeleeleTleleleleee",time,time,seqgan_master,seqgan_master__final__time__A__500__MASTER__raw_character__len20__gpre120__reward_off__seed88,394,20.0,6.0,1.8854752972273343,19.0,0.0,0.0,1.0,0.95,0.0,0.0,0.05,0.0,1.0,0.0,0.0,0.0,0.0,0.0,0.0,0.0,0.0,0.0,0.0,0.0,1.0,0.0,0.0,0.0,0.0,0.0,0.0,0.0,0.0,0.0,0.0,0.0,0.0,0.0,0.0,0.0,0.0,0.0,0.0,0.0,0.0,0.0,0.0,0.0,0.0,0.0,0.0,0.0,0.0,0.0,0.0,0.0,0.0,0.0,0.0,0.0,0.0,0.0,0.0,0.0,0.0
attack,"""gbgbeleeleelebelele",time,time,seqgan_master,seqgan_master__final__time__A__500__MASTER__raw_character__len20__gpre120__reward_off__seed88,395,20.0,5.0,1.9772354454083079,19.0,0.0,0.0,1.0,0.95,0.0,0.0,0.05,0.0,1.0,0.0,0.0,0.0,0.0,0.0,0.0,0.0,0.0,0.0,0.0,0.0,1.0,0.0,0.0,0.0,0.0,0.0,0.0,0.0,0.0,0.0,0.0,0.0,0.0,0.0,0.0,0.0,0.0,0.0,0.0,0.0,0.0,0.0,0.0,0.0,0.0,0.0,0.0,0.0,0.0,0.0,0.0,0.0,0.0,0.0,0.0,0.0,0.0,0.0,0.0,0.0,0.0
attack,"""or beleeTleTleTbeTT",time,time,seqgan_master,seqgan_master__final__time__A__500__MASTER__raw_character__len20__gpre120__reward_off__seed88,396,20.0,8.0,2.6282129458410015,18.0,0.0,1.0,1.0,0.9,0.0,0.05,0.05,0.0,1.0,0.0,0.0,0.0,0.0,0.0,0.0,0.0,0.0,0.0,0.0,0.0,1.0,0.0,0.0,0.0,0.0,0.0,0.0,0.0,0.0,0.0,0.0,0.0,0.0,0.0,0.0,1.0,0.0,0.0,0.0,0.0,0.0,0.0,0.0,0.0,0.0,0.0,0.0,0.0,0.0,0.0,0.0,0.0,0.0,0.0,0.0,0.0,0.0,0.0,0.0,0.0,1.0
attack,"""gbeleleeleeTTTIIIMb",time,time,seqgan_master,seqgan_master__final__time__A__500__MASTER__raw_character__len20__gpre120__reward_off__seed88,397,20.0,8.0,2.733206219346495,19.0,0.0,0.0,1.0,0.95,0.0,0.0,0.05,0.0,1.0,0.0,0.0,0.0,0.0,0.0,0.0,0.0,0.0,0.0,0.0,0.0,1.0,0.0,0.0,0.0,0.0,0.0,0.0,0.0,0.0,0.0,0.0,0.0,0.0,0.0,0.0,0.0,0.0,0.0,0.0,0.0,0.0,0.0,0.0,0.0,0.0,0.0,0.0,0.0,0.0,0.0,0.0,0.0,0.0,0.0,0.0,0.0,0.0,0.0,0.0,0.0,0.0
attack,"""gbeleeleleleeleTbeT",time,time,seqgan_master,seqgan_master__final__time__A__500__MASTER__raw_character__len20__gpre120__reward_off__seed88,398,20.0,6.0,2.1149798205164814,19.0,0.0,0.0,1.0,0.95,0.0,0.0,0.05,0.0,1.0,0.0,0.0,0.0,0.0,0.0,0.0,0.0,0.0,0.0,0.0,0.0,1.0,0.0,0.0,0.0,0.0,0.0,0.0,0.0,0.0,0.0,0.0,0.0,0.0,0.0,0.0,0.0,0.0,0.0,0.0,0.0,0.0,0.0,0.0,0.0,0.0,0.0,0.0,0.0,0.0,0.0,0.0,0.0,0.0,0.0,0.0,0.0,0.0,0.0,0.0,0.0,0.0
attack,"""gbeleeleTTTpgTror b",time,time,seqgan_master,seqgan_master__final__time__A__500__MASTER__raw_character__len20__gpre120__reward_off__seed88,399,20.0,10.0,3.1219280948873624,18.0,0.0,1.0,1.0,0.9,0.0,0.05,0.05,0.0,1.0,0.0,0.0,0.0,0.0,0.0,0.0,0.0,0.0,0.0,0.0,0.0,1.0,0.0,0.0,0.0,0.0,0.0,0.0,0.0,0.0,0.0,0.0,0.0,0.0,0.0,0.0,0.0,0.0,0.0,0.0,0.0,0.0,0.0,0.0,0.0,0.0,0.0,0.0,0.0,0.0,0.0,0.0,0.0,0.0,0.0,0.0,0.0,0.0,0.0,0.0,0.0,0.0
attack,"""gbeleeTTTIMbeleeTTI",time,time,seqgan_master,seqgan_master__final__time__A__500__MASTER__raw_character__len20__gpre120__reward_off__seed88,400,20.0,8.0,2.665957320949175,19.0,0.0,0.0,1.0,0.95,0.0,0.0,0.05,0.0,1.0,0.0,0.0,0.0,0.0,0.0,0.0,0.0,0.0,0.0,0.0,0.0,1.0,0.0,0.0,0.0,0.0,0.0,0.0,0.0,0.0,0.0,0.0,0.0,0.0,0.0,0.0,0.0,0.0,0.0,0.0,0.0,0.0,0.0,0.0,0.0,0.0,0.0,0.0,0.0,0.0,0.0,0.0,0.0,0.0,0.0,0.0,0.0,0.0,0.0,0.0,0.0,0.0
attack,"""gbeleleeleTTTTTpgTb",time,time,seqgan_master,seqgan_master__final__time__A__500__MASTER__raw_character__len20__gpre120__reward_off__seed88,401,20.0,7.0,2.5282129458410014,19.0,0.0,0.0,1.0,0.95,0.0,0.0,0.05,0.0,1.0,0.0,0.0,0.0,0.0,0.0,0.0,0.0,0.0,0.0,0.0,0.0,1.0,0.0,0.0,0.0,0.0,0.0,0.0,0.0,0.0,0.0,0.0,0.0,0.0,0.0,0.0,0.0,0.0,0.0,0.0,0.0,0.0,0.0,0.0,0.0,0.0,0.0,0.0,0.0,0.0,0.0,0.0,0.0,0.0,0.0,0.0,0.0,0.0,0.0,0.0,0.0,0.0
attack,"""gbeleeTTMeleleTTITI",time,time,seqgan_master,seqgan_master__final__time__A__500__MASTER__raw_character__len20__gpre120__reward_off__seed88,402,20.0,8.0,2.6282129458410015,19.0,0.0,0.0,1.0,0.95,0.0,0.0,0.05,0.0,1.0,0.0,0.0,0.0,0.0,0.0,0.0,0.0,0.0,0.0,0.0,0.0,1.0,0.0,0.0,0.0,0.0,0.0,0.0,0.0,0.0,0.0,0.0,0.0,0.0,0.0,0.0,0.0,0.0,0.0,0.0,0.0,0.0,0.0,0.0,0.0,0.0,0.0,0.0,0.0,0.0,0.0,0.0,0.0,0.0,0.0,0.0,0.0,0.0,0.0,0.0,0.0,0.0
attack,"""gbeleeTbeTTIIpgTleT",time,time,seqgan_master,seqgan_master__final__time__A__500__MASTER__raw_character__len20__gpre120__reward_off__seed88,403,20.0,8.0,2.7609640474436814,19.0,0.0,0.0,1.0,0.95,0.0,0.0,0.05,0.0,1.0,0.0,0.0,0.0,0.0,0.0,0.0,0.0,0.0,0.0,0.0,0.0,1.0,0.0,0.0,0.0,0.0,0.0,0.0,0.0,0.0,0.0,0.0,0.0,0.0,0.0,0.0,0.0,0.0,0.0,0.0,0.0,0.0,0.0,0.0,0.0,0.0,0.0,0.0,0.0,0.0,0.0,0.0,0.0,0.0,0.0,0.0,0.0,0.0,0.0,0.0,0.0,0.0
attack,"""gbeleeleTbebeTbTTTT",time,time,seqgan_master,seqgan_master__final__time__A__500__MASTER__raw_character__len20__gpre120__reward_off__seed88,404,20.0,6.0,2.2709505944546686,19.0,0.0,0.0,1.0,0.95,0.0,0.0,0.05,0.0,1.0,0.0,0.0,0.0,0.0,0.0,0.0,0.0,0.0,0.0,0.0,0.0,1.0,0.0,0.0,0.0,0.0,0.0,0.0,0.0,0.0,0.0,0.0,0.0,0.0,0.0,0.0,0.0,0.0,0.0,0.0,0.0,0.0,0.0,0.0,0.0,0.0,0.0,0.0,0.0,0.0,0.0,0.0,0.0,0.0,0.0,0.0,0.0,0.0,0.0,0.0,0.0,0.0
attack,"""gbeeleTTIeleTpgTIle",time,time,seqgan_master,seqgan_master__final__time__A__500__MASTER__raw_character__len20__gpre120__reward_off__seed88,405,20.0,8.0,2.708694969562842,19.0,0.0,0.0,1.0,0.95,0.0,0.0,0.05,0.0,1.0,0.0,0.0,0.0,0.0,0.0,0.0,0.0,0.0,0.0,0.0,0.0,1.0,0.0,0.0,0.0,0.0,0.0,0.0,0.0,0.0,0.0,0.0,0.0,0.0,0.0,0.0,0.0,0.0,0.0,0.0,0.0,0.0,0.0,0.0,0.0,0.0,0.0,0.0,0.0,0.0,0.0,0.0,0.0,0.0,0.0,0.0,0.0,0.0,0.0,0.0,0.0,0.0
attack,"""gbeleeeTTIleTeTTTTT",time,time,seqgan_master,seqgan_master__final__time__A__500__MASTER__raw_character__len20__gpre120__reward_off__seed88,406,20.0,7.0,2.2464393446710154,19.0,0.0,0.0,1.0,0.95,0.0,0.0,0.05,0.0,1.0,0.0,0.0,0.0,0.0,0.0,0.0,0.0,0.0,0.0,0.0,0.0,1.0,0.0,0.0,0.0,0.0,0.0,0.0,0.0,0.0,0.0,0.0,0.0,0.0,0.0,0.0,0.0,0.0,0.0,0.0,0.0,0.0,0.0,0.0,0.0,0.0,0.0,0.0,0.0,0.0,0.0,0.0,0.0,0.0,0.0,0.0,0.0,0.0,0.0,0.0,0.0,0.0
attack,"""gbeleleeTTTTMeleTTI",time,time,seqgan_master,seqgan_master__final__time__A__500__MASTER__raw_character__len20__gpre120__reward_off__seed88,407,20.0,8.0,2.5332062193464955,19.0,0.0,0.0,1.0,0.95,0.0,0.0,0.05,0.0,1.0,0.0,0.0,0.0,0.0,0.0,0.0,0.0,0.0,0.0,0.0,0.0,1.0,0.0,0.0,0.0,0.0,0.0,0.0,0.0,0.0,0.0,0.0,0.0,0.0,0.0,0.0,0.0,0.0,0.0,0.0,0.0,0.0,0.0,0.0,0.0,0.0,0.0,0.0,0.0,0.0,0.0,0.0,0.0,0.0,0.0,0.0,0.0,0.0,0.0,0.0,0.0,0.0
attack,"""gbeleeleleleTIMeeTT",time,time,seqgan_master,seqgan_master__final__time__A__500__MASTER__raw_character__len20__gpre120__reward_off__seed88,408,20.0,8.0,2.484183719779189,19.0,0.0,0.0,1.0,0.95,0.0,0.0,0.05,0.0,1.0,0.0,0.0,0.0,0.0,0.0,0.0,0.0,0.0,0.0,0.0,0.0,1.0,0.0,0.0,0.0,0.0,0.0,0.0,0.0,0.0,0.0,0.0,0.0,0.0,0.0,0.0,0.0,0.0,0.0,0.0,0.0,0.0,0.0,0.0,0.0,0.0,0.0,0.0,0.0,0.0,0.0,0.0,0.0,0.0,0.0,0.0,0.0,0.0,0.0,0.0,0.0,0.0
attack,"""gbeeeTTIIIIdlbeelel",time,time,seqgan_master,seqgan_master__final__time__A__500__MASTER__raw_character__len20__gpre120__reward_off__seed88,409,20.0,8.0,2.708694969562842,19.0,0.0,0.0,1.0,0.95,0.0,0.0,0.05,0.0,1.0,0.0,0.0,0.0,0.0,0.0,0.0,0.0,0.0,0.0,0.0,0.0,1.0,0.0,0.0,0.0,0.0,0.0,0.0,0.0,0.0,0.0,0.0,0.0,0.0,0.0,0.0,0.0,0.0,0.0,0.0,0.0,0.0,0.0,0.0,0.0,0.0,0.0,0.0,0.0,0.0,0.0,0.0,0.0,0.0,0.0,0.0,0.0,0.0,0.0,0.0,0.0,0.0
attack,"""gbeleleeeTpgTbeleTT",time,time,seqgan_master,seqgan_master__final__time__A__500__MASTER__raw_character__len20__gpre120__reward_off__seed88,410,20.0,7.0,2.5016094970590275,19.0,0.0,0.0,1.0,0.95,0.0,0.0,0.05,0.0,1.0,0.0,0.0,0.0,0.0,0.0,0.0,0.0,0.0,0.0,0.0,0.0,1.0,0.0,0.0,0.0,0.0,0.0,0.0,0.0,0.0,0.0,0.0,0.0,0.0,0.0,0.0,0.0,0.0,0.0,0.0,0.0,0.0,0.0,0.0,0.0,0.0,0.0,0.0,0.0,0.0,0.0,0.0,0.0,0.0,0.0,0.0,0.0,0.0,0.0,0.0,0.0,0.0
attack,"""gbeleee0TTIIIMeTTTm",time,time,seqgan_master,seqgan_master__final__time__A__500__MASTER__raw_character__len20__gpre120__reward_off__seed88,411,20.0,10.0,2.9232196723355077,18.0,1.0,0.0,1.0,0.9,0.05,0.0,0.05,0.0,1.0,0.0,0.0,0.0,0.0,0.0,0.0,0.0,0.0,0.0,0.0,0.0,1.0,0.0,0.0,0.0,0.0,0.0,0.0,0.0,0.0,0.0,0.0,0.0,0.0,0.0,0.0,0.0,0.0,0.0,0.0,0.0,0.0,0.0,0.0,0.0,0.0,0.0,0.0,0.0,0.0,0.0,0.0,0.0,0.0,0.0,0.0,0.0,0.0,0.0,0.0,0.0,0.0
attack,"""gbeleeleeTTTIpgTTTT",time,time,seqgan_master,seqgan_master__final__time__A__500__MASTER__raw_character__len20__gpre120__reward_off__seed88,412,20.0,8.0,2.5588718484453605,19.0,0.0,0.0,1.0,0.95,0.0,0.0,0.05,0.0,1.0,0.0,0.0,0.0,0.0,0.0,0.0,0.0,0.0,0.0,0.0,0.0,1.0,0.0,0.0,0.0,0.0,0.0,0.0,0.0,0.0,0.0,0.0,0.0,0.0,0.0,0.0,0.0,0.0,0.0,0.0,0.0,0.0,0.0,0.0,0.0,0.0,0.0,0.0,0.0,0.0,0.0,0.0,0.0,0.0,0.0,0.0,0.0,0.0,0.0,0.0,0.0,0.0
attack,"""gbeleleeTbeleTTIIbe",time,time,seqgan_master,seqgan_master__final__time__A__500__MASTER__raw_character__len20__gpre120__reward_off__seed88,413,20.0,7.0,2.5261207468426807,19.0,0.0,0.0,1.0,0.95,0.0,0.0,0.05,0.0,1.0,0.0,0.0,0.0,0.0,0.0,0.0,0.0,0.0,0.0,0.0,0.0,1.0,0.0,0.0,0.0,0.0,0.0,0.0,0.0,0.0,0.0,0.0,0.0,0.0,0.0,0.0,0.0,0.0,0.0,0.0,0.0,0.0,0.0,0.0,0.0,0.0,0.0,0.0,0.0,0.0,0.0,0.0,0.0,0.0,0.0,0.0,0.0,0.0,0.0,0.0,0.0,0.0
attack,"""gbeleleele0eleTTTIT",time,time,seqgan_master,seqgan_master__final__time__A__500__MASTER__raw_character__len20__gpre120__reward_off__seed88,414,20.0,8.0,2.539353872167201,18.0,1.0,0.0,1.0,0.9,0.05,0.0,0.05,0.0,1.0,0.0,0.0,0.0,0.0,0.0,0.0,0.0,0.0,0.0,0.0,0.0,1.0,0.0,0.0,0.0,0.0,0.0,0.0,0.0,0.0,0.0,0.0,0.0,0.0,0.0,0.0,0.0,0.0,0.0,0.0,0.0,0.0,0.0,0.0,0.0,0.0,0.0,0.0,0.0,0.0,0.0,0.0,0.0,0.0,0.0,0.0,0.0,0.0,0.0,0.0,0.0,0.0
attack,"""gbeleeTTIpgTbelelel",time,time,seqgan_master,seqgan_master__final__time__A__500__MASTER__raw_character__len20__gpre120__reward_off__seed88,415,20.0,8.0,2.708694969562842,19.0,0.0,0.0,1.0,0.95,0.0,0.0,0.05,0.0,1.0,0.0,0.0,0.0,0.0,0.0,0.0,0.0,0.0,0.0,0.0,0.0,1.0,0.0,0.0,0.0,0.0,0.0,0.0,0.0,0.0,0.0,0.0,0.0,0.0,0.0,0.0,0.0,0.0,0.0,0.0,0.0,0.0,0.0,0.0,0.0,0.0,0.0,0.0,0.0,0.0,0.0,0.0,0.0,0.0,0.0,0.0,0.0,0.0,0.0,0.0,0.0,0.0
attack,gneleeTTIITIdelecbTI,time,time,seqgan_master,seqgan_master__final__time__A__500__MASTER__raw_character__len20__gpre120__reward_off__seed88,416,20.0,9.0,2.841446071165522,20.0,0.0,0.0,0.0,1.0,0.0,0.0,0.0,0.0,0.0,0.0,0.0,0.0,0.0,0.0,0.0,0.0,0.0,0.0,0.0,0.0,0.0,0.0,0.0,0.0,0.0,0.0,0.0,0.0,0.0,0.0,0.0,0.0,0.0,0.0,0.0,0.0,0.0,0.0,0.0,0.0,0.0,0.0,0.0,0.0,0.0,0.0,0.0,0.0,0.0,0.0,0.0,0.0,0.0,0.0,0.0,0.0,0.0,0.0,0.0,0.0,0.0
attack,"""gbeleleTIpgtrbeleeT",time,time,seqgan_master,seqgan_master__final__time__A__500__MASTER__raw_character__len20__gpre120__reward_off__seed88,417,20.0,10.0,3.008694969562842,19.0,0.0,0.0,1.0,0.95,0.0,0.0,0.05,0.0,1.0,0.0,0.0,0.0,0.0,0.0,0.0,0.0,0.0,0.0,0.0,0.0,1.0,0.0,0.0,0.0,0.0,0.0,0.0,0.0,0.0,0.0,0.0,0.0,0.0,0.0,0.0,0.0,0.0,0.0,0.0,0.0,0.0,0.0,0.0,0.0,0.0,0.0,0.0,0.0,0.0,0.0,0.0,0.0,0.0,0.0,0.0,0.0,0.0,0.0,0.0,0.0,0.0
attack,",wieeleTTIpgTbeleTTp",time,time,seqgan_master,seqgan_master__final__time__A__500__MASTER__raw_character__len20__gpre120__reward_off__seed88,418,20.0,10.0,2.9609640474436816,19.0,0.0,0.0,1.0,0.95,0.0,0.0,0.05,0.0,0.0,0.0,0.0,0.0,0.0,0.0,0.0,0.0,0.0,1.0,0.0,0.0,0.0,0.0,0.0,0.0,0.0,0.0,0.0,0.0,0.0,0.0,0.0,0.0,0.0,0.0,0.0,0.0,0.0,0.0,0.0,0.0,0.0,0.0,0.0,0.0,0.0,0.0,0.0,0.0,0.0,0.0,0.0,0.0,0.0,0.0,0.0,0.0,0.0,0.0,0.0,0.0,0.0
attack,"""gbeleeleabpgbeeelel",time,time,seqgan_master,seqgan_master__final__time__A__500__MASTER__raw_character__len20__gpre120__reward_off__seed88,419,20.0,7.0,2.384183719779189,19.0,0.0,0.0,1.0,0.95,0.0,0.0,0.05,0.0,1.0,0.0,0.0,0.0,0.0,0.0,0.0,0.0,0.0,0.0,0.0,0.0,1.0,0.0,0.0,0.0,0.0,0.0,0.0,0.0,0.0,0.0,0.0,0.0,0.0,0.0,0.0,0.0,0.0,0.0,0.0,0.0,0.0,0.0,0.0,0.0,0.0,0.0,0.0,0.0,0.0,0.0,0.0,0.0,0.0,0.0,0.0,0.0,0.0,0.0,0.0,0.0,0.0
attack,"""gbeleleeTTIIIpgTrib",time,time,seqgan_master,seqgan_master__final__time__A__500__MASTER__raw_character__len20__gpre120__reward_off__seed88,420,20.0,10.0,3.1464393446710157,19.0,0.0,0.0,1.0,0.95,0.0,0.0,0.05,0.0,1.0,0.0,0.0,0.0,0.0,0.0,0.0,0.0,0.0,0.0,0.0,0.0,1.0,0.0,0.0,0.0,0.0,0.0,0.0,0.0,0.0,0.0,0.0,0.0,0.0,0.0,0.0,0.0,0.0,0.0,0.0,0.0,0.0,0.0,0.0,0.0,0.0,0.0,0.0,0.0,0.0,0.0,0.0,0.0,0.0,0.0,0.0,0.0,0.0,0.0,0.0,0.0,0.0
attack,"""gbgbeleleeelelelele",time,time,seqgan_master,seqgan_master__final__time__A__500__MASTER__raw_character__len20__gpre120__reward_off__seed88,421,20.0,5.0,1.919973094021975,19.0,0.0,0.0,1.0,0.95,0.0,0.0,0.05,0.0,1.0,0.0,0.0,0.0,0.0,0.0,0.0,0.0,0.0,0.0,0.0,0.0,1.0,0.0,0.0,0.0,0.0,0.0,0.0,0.0,0.0,0.0,0.0,0.0,0.0,0.0,0.0,0.0,0.0,0.0,0.0,0.0,0.0,0.0,0.0,0.0,0.0,0.0,0.0,0.0,0.0,0.0,0.0,0.0,0.0,0.0,0.0,0.0,0.0,0.0,0.0,0.0,0.0
attack,"""gbgbeleeleleleleTbe",time,time,seqgan_master,seqgan_master__final__time__A__500__MASTER__raw_character__len20__gpre120__reward_off__seed88,422,20.0,6.0,2.2037016960573483,19.0,0.0,0.0,1.0,0.95,0.0,0.0,0.05,0.0,1.0,0.0,0.0,0.0,0.0,0.0,0.0,0.0,0.0,0.0,0.0,0.0,1.0,0.0,0.0,0.0,0.0,0.0,0.0,0.0,0.0,0.0,0.0,0.0,0.0,0.0,0.0,0.0,0.0,0.0,0.0,0.0,0.0,0.0,0.0,0.0,0.0,0.0,0.0,0.0,0.0,0.0,0.0,0.0,0.0,0.0,0.0,0.0,0.0,0.0,0.0,0.0,0.0
attack,gTbegbeleleeTTIITTTI,time,time,seqgan_master,seqgan_master__final__time__A__500__MASTER__raw_character__len20__gpre120__reward_off__seed88,423,20.0,6.0,2.4282129458410013,20.0,0.0,0.0,0.0,1.0,0.0,0.0,0.0,0.0,0.0,0.0,0.0,0.0,0.0,0.0,0.0,0.0,0.0,0.0,0.0,0.0,0.0,0.0,0.0,0.0,0.0,0.0,0.0,0.0,0.0,0.0,0.0,0.0,0.0,0.0,0.0,0.0,0.0,0.0,0.0,0.0,0.0,0.0,0.0,0.0,0.0,0.0,0.0,0.0,0.0,0.0,0.0,0.0,0.0,0.0,0.0,0.0,0.0,0.0,0.0,0.0,0.0
attack,gngbeleeleeTTIIMeTbb,time,time,seqgan_master,seqgan_master__final__time__A__500__MASTER__raw_character__len20__gpre120__reward_off__seed88,424,20.0,8.0,2.7709505944546686,20.0,0.0,0.0,0.0,1.0,0.0,0.0,0.0,0.0,0.0,0.0,0.0,0.0,0.0,0.0,0.0,0.0,0.0,0.0,0.0,0.0,0.0,0.0,0.0,0.0,0.0,0.0,0.0,0.0,0.0,0.0,0.0,0.0,0.0,0.0,0.0,0.0,0.0,0.0,0.0,0.0,0.0,0.0,0.0,0.0,0.0,0.0,0.0,0.0,0.0,0.0,0.0,0.0,0.0,0.0,0.0,0.0,0.0,0.0,0.0,0.0,0.0
attack,"""gbeeleTbe0gTIpgTbel",time,time,seqgan_master,seqgan_master__final__time__A__500__MASTER__raw_character__len20__gpre120__reward_off__seed88,425,20.0,9.0,2.9282129458410013,18.0,1.0,0.0,1.0,0.9,0.05,0.0,0.05,0.0,1.0,0.0,0.0,0.0,0.0,0.0,0.0,0.0,0.0,0.0,0.0,0.0,1.0,0.0,0.0,0.0,0.0,0.0,0.0,0.0,0.0,0.0,0.0,0.0,0.0,0.0,0.0,0.0,0.0,0.0,0.0,0.0,0.0,0.0,0.0,0.0,0.0,0.0,0.0,0.0,0.0,0.0,0.0,0.0,0.0,0.0,0.0,0.0,0.0,0.0,0.0,0.0,0.0
attack,"""gbeleTleeTTpgTTIbel",time,time,seqgan_master,seqgan_master__final__time__A__500__MASTER__raw_character__len20__gpre120__reward_off__seed88,426,20.0,8.0,2.723219672335508,19.0,0.0,0.0,1.0,0.95,0.0,0.0,0.05,0.0,1.0,0.0,0.0,0.0,0.0,0.0,0.0,0.0,0.0,0.0,0.0,0.0,1.0,0.0,0.0,0.0,0.0,0.0,0.0,0.0,0.0,0.0,0.0,0.0,0.0,0.0,0.0,0.0,0.0,0.0,0.0,0.0,0.0,0.0,0.0,0.0,0.0,0.0,0.0,0.0,0.0,0.0,0.0,0.0,0.0,0.0,0.0,0.0,0.0,0.0,0.0,0.0,0.0
attack,"""gbeleleeeTTTTTTTIMb",time,time,seqgan_master,seqgan_master__final__time__A__500__MASTER__raw_character__len20__gpre120__reward_off__seed88,427,20.0,8.0,2.5588718484453605,19.0,0.0,0.0,1.0,0.95,0.0,0.0,0.05,0.0,1.0,0.0,0.0,0.0,0.0,0.0,0.0,0.0,0.0,0.0,0.0,0.0,1.0,0.0,0.0,0.0,0.0,0.0,0.0,0.0,0.0,0.0,0.0,0.0,0.0,0.0,0.0,0.0,0.0,0.0,0.0,0.0,0.0,0.0,0.0,0.0,0.0,0.0,0.0,0.0,0.0,0.0,0.0,0.0,0.0,0.0,0.0,0.0,0.0,0.0,0.0,0.0,0.0
attack, )TTTpgTbeleTTTInele,time,time,seqgan_master,seqgan_master__final__time__A__500__MASTER__raw_character__len20__gpre120__reward_off__seed88,428,20.0,10.0,2.839353872167201,18.0,0.0,1.0,1.0,0.9,0.0,0.05,0.05,0.0,0.0,0.0,0.0,0.0,0.0,0.0,1.0,0.0,0.0,0.0,0.0,0.0,0.0,0.0,0.0,0.0,0.0,1.0,0.0,0.0,0.0,0.0,0.0,0.0,0.0,0.0,0.0,0.0,0.0,0.0,0.0,0.0,0.0,0.0,0.0,0.0,0.0,0.0,0.0,0.0,0.0,0.0,0.0,0.0,0.0,0.0,0.0,0.0,0.0,0.0,0.0,0.0,0.0
attack,"""gbeeleleeTleleTITIM",time,time,seqgan_master,seqgan_master__final__time__A__500__MASTER__raw_character__len20__gpre120__reward_off__seed88,429,20.0,8.0,2.6016094970590276,19.0,0.0,0.0,1.0,0.95,0.0,0.0,0.05,0.0,1.0,0.0,0.0,0.0,0.0,0.0,0.0,0.0,0.0,0.0,0.0,0.0,1.0,0.0,0.0,0.0,0.0,0.0,0.0,0.0,0.0,0.0,0.0,0.0,0.0,0.0,0.0,0.0,0.0,0.0,0.0,0.0,0.0,0.0,0.0,0.0,0.0,0.0,0.0,0.0,0.0,0.0,0.0,0.0,0.0,0.0,0.0,0.0,0.0,0.0,0.0,0.0,0.0
attack,"""gbeleleeeleTTTTIleT",time,time,seqgan_master,seqgan_master__final__time__A__500__MASTER__raw_character__len20__gpre120__reward_off__seed88,430,20.0,7.0,2.3588718484453604,19.0,0.0,0.0,1.0,0.95,0.0,0.0,0.05,0.0,1.0,0.0,0.0,0.0,0.0,0.0,0.0,0.0,0.0,0.0,0.0,0.0,1.0,0.0,0.0,0.0,0.0,0.0,0.0,0.0,0.0,0.0,0.0,0.0,0.0,0.0,0.0,0.0,0.0,0.0,0.0,0.0,0.0,0.0,0.0,0.0,0.0,0.0,0.0,0.0,0.0,0.0,0.0,0.0,0.0,0.0,0.0,0.0,0.0,0.0,0.0,0.0,0.0
attack,"""gbeleleeleTbeleTIel",time,time,seqgan_master,seqgan_master__final__time__A__500__MASTER__raw_character__len20__gpre120__reward_off__seed88,431,20.0,7.0,2.341446071165522,19.0,0.0,0.0,1.0,0.95,0.0,0.0,0.05,0.0,1.0,0.0,0.0,0.0,0.0,0.0,0.0,0.0,0.0,0.0,0.0,0.0,1.0,0.0,0.0,0.0,0.0,0.0,0.0,0.0,0.0,0.0,0.0,0.0,0.0,0.0,0.0,0.0,0.0,0.0,0.0,0.0,0.0,0.0,0.0,0.0,0.0,0.0,0.0,0.0,0.0,0.0,0.0,0.0,0.0,0.0,0.0,0.0,0.0,0.0,0.0,0.0,0.0
attack,"""gbeeleleeTeTIpgTTbe",time,time,seqgan_master,seqgan_master__final__time__A__500__MASTER__raw_character__len20__gpre120__reward_off__seed88,432,20.0,8.0,2.639353872167201,19.0,0.0,0.0,1.0,0.95,0.0,0.0,0.05,0.0,1.0,0.0,0.0,0.0,0.0,0.0,0.0,0.0,0.0,0.0,0.0,0.0,1.0,0.0,0.0,0.0,0.0,0.0,0.0,0.0,0.0,0.0,0.0,0.0,0.0,0.0,0.0,0.0,0.0,0.0,0.0,0.0,0.0,0.0,0.0,0.0,0.0,0.0,0.0,0.0,0.0,0.0,0.0,0.0,0.0,0.0,0.0,0.0,0.0,0.0,0.0,0.0,0.0
attack,"""gbeleleeleTITTTIpgT",time,time,seqgan_master,seqgan_master__final__time__A__500__MASTER__raw_character__len20__gpre120__reward_off__seed88,433,20.0,8.0,2.723219672335508,19.0,0.0,0.0,1.0,0.95,0.0,0.0,0.05,0.0,1.0,0.0,0.0,0.0,0.0,0.0,0.0,0.0,0.0,0.0,0.0,0.0,1.0,0.0,0.0,0.0,0.0,0.0,0.0,0.0,0.0,0.0,0.0,0.0,0.0,0.0,0.0,0.0,0.0,0.0,0.0,0.0,0.0,0.0,0.0,0.0,0.0,0.0,0.0,0.0,0.0,0.0,0.0,0.0,0.0,0.0,0.0,0.0,0.0,0.0,0.0,0.0,0.0
attack,"""gbeleelelelebebelel",time,time,seqgan_master,seqgan_master__final__time__A__500__MASTER__raw_character__len20__gpre120__reward_off__seed88,434,20.0,5.0,1.8822287189138016,19.0,0.0,0.0,1.0,0.95,0.0,0.0,0.05,0.0,1.0,0.0,0.0,0.0,0.0,0.0,0.0,0.0,0.0,0.0,0.0,0.0,1.0,0.0,0.0,0.0,0.0,0.0,0.0,0.0,0.0,0.0,0.0,0.0,0.0,0.0,0.0,0.0,0.0,0.0,0.0,0.0,0.0,0.0,0.0,0.0,0.0,0.0,0.0,0.0,0.0,0.0,0.0,0.0,0.0,0.0,0.0,0.0,0.0,0.0,0.0,0.0,0.0
attack,"""gbeeleleeTITIsTbele",time,time,seqgan_master,seqgan_master__final__time__A__500__MASTER__raw_character__len20__gpre120__reward_off__seed88,435,20.0,8.0,2.6638651219508542,19.0,0.0,0.0,1.0,0.95,0.0,0.0,0.05,0.0,1.0,0.0,0.0,0.0,0.0,0.0,0.0,0.0,0.0,0.0,0.0,0.0,1.0,0.0,0.0,0.0,0.0,0.0,0.0,0.0,0.0,0.0,0.0,0.0,0.0,0.0,0.0,0.0,0.0,0.0,0.0,0.0,0.0,0.0,0.0,0.0,0.0,0.0,0.0,0.0,0.0,0.0,0.0,0.0,0.0,0.0,0.0,0.0,0.0,0.0,0.0,0.0,0.0
attack,"""gbeleeleeleTIIbelel",time,time,seqgan_master,seqgan_master__final__time__A__500__MASTER__raw_character__len20__gpre120__reward_off__seed88,436,20.0,7.0,2.341446071165522,19.0,0.0,0.0,1.0,0.95,0.0,0.0,0.05,0.0,1.0,0.0,0.0,0.0,0.0,0.0,0.0,0.0,0.0,0.0,0.0,0.0,1.0,0.0,0.0,0.0,0.0,0.0,0.0,0.0,0.0,0.0,0.0,0.0,0.0,0.0,0.0,0.0,0.0,0.0,0.0,0.0,0.0,0.0,0.0,0.0,0.0,0.0,0.0,0.0,0.0,0.0,0.0,0.0,0.0,0.0,0.0,0.0,0.0,0.0,0.0,0.0,0.0
attack,"""gbeleeleTTIIpgTnele",time,time,seqgan_master,seqgan_master__final__time__A__500__MASTER__raw_character__len20__gpre120__reward_off__seed88,437,20.0,9.0,2.8709505944546687,19.0,0.0,0.0,1.0,0.95,0.0,0.0,0.05,0.0,1.0,0.0,0.0,0.0,0.0,0.0,0.0,0.0,0.0,0.0,0.0,0.0,1.0,0.0,0.0,0.0,0.0,0.0,0.0,0.0,0.0,0.0,0.0,0.0,0.0,0.0,0.0,0.0,0.0,0.0,0.0,0.0,0.0,0.0,0.0,0.0,0.0,0.0,0.0,0.0,0.0,0.0,0.0,0.0,0.0,0.0,0.0,0.0,0.0,0.0,0.0,0.0,0.0
attack,"""gbleeleleleeleleTTI",time,time,seqgan_master,seqgan_master__final__time__A__500__MASTER__raw_character__len20__gpre120__reward_off__seed88,438,20.0,7.0,2.2464393446710154,19.0,0.0,0.0,1.0,0.95,0.0,0.0,0.05,0.0,1.0,0.0,0.0,0.0,0.0,0.0,0.0,0.0,0.0,0.0,0.0,0.0,1.0,0.0,0.0,0.0,0.0,0.0,0.0,0.0,0.0,0.0,0.0,0.0,0.0,0.0,0.0,0.0,0.0,0.0,0.0,0.0,0.0,0.0,0.0,0.0,0.0,0.0,0.0,0.0,0.0,0.0,0.0,0.0,0.0,0.0,0.0,0.0,0.0,0.0,0.0,0.0,0.0
attack,"""gbeleleeleleleele7_",time,time,seqgan_master,seqgan_master__final__time__A__500__MASTER__raw_character__len20__gpre120__reward_off__seed88,439,20.0,7.0,2.119973094021975,17.0,1.0,0.0,2.0,0.85,0.05,0.0,0.1,0.0,1.0,0.0,0.0,0.0,0.0,0.0,0.0,0.0,1.0,0.0,0.0,0.0,1.0,0.0,0.0,0.0,0.0,0.0,0.0,0.0,0.0,0.0,0.0,0.0,0.0,0.0,0.0,0.0,0.0,0.0,0.0,0.0,0.0,0.0,0.0,0.0,0.0,0.0,0.0,0.0,0.0,0.0,0.0,0.0,0.0,0.0,0.0,0.0,0.0,0.0,0.0,0.0,0.0
attack,""" belegbeeTTTIpgTTTn",time,time,seqgan_master,seqgan_master__final__time__A__500__MASTER__raw_character__len20__gpre120__reward_off__seed88,440,20.0,10.0,2.9464393446710155,18.0,0.0,1.0,1.0,0.9,0.0,0.05,0.05,0.0,1.0,0.0,0.0,0.0,0.0,0.0,0.0,0.0,0.0,0.0,0.0,0.0,1.0,0.0,0.0,0.0,0.0,0.0,0.0,0.0,0.0,0.0,0.0,0.0,0.0,0.0,0.0,0.0,0.0,0.0,0.0,0.0,0.0,0.0,0.0,0.0,0.0,0.0,0.0,0.0,0.0,0.0,0.0,0.0,0.0,0.0,0.0,0.0,0.0,0.0,0.0,0.0,0.0
attack,"""gbeleele0beeTleTTIb",time,time,seqgan_master,seqgan_master__final__time__A__500__MASTER__raw_character__len20__gpre120__reward_off__seed88,441,20.0,8.0,2.6261207468426804,18.0,1.0,0.0,1.0,0.9,0.05,0.0,0.05,0.0,1.0,0.0,0.0,0.0,0.0,0.0,0.0,0.0,0.0,0.0,0.0,0.0,1.0,0.0,0.0,0.0,0.0,0.0,0.0,0.0,0.0,0.0,0.0,0.0,0.0,0.0,0.0,0.0,0.0,0.0,0.0,0.0,0.0,0.0,0.0,0.0,0.0,0.0,0.0,0.0,0.0,0.0,0.0,0.0,0.0,0.0,0.0,0.0,0.0,0.0,0.0,0.0,0.0
attack,"""gbeleeTTTIleTTIpgTl",time,time,seqgan_master,seqgan_master__final__time__A__500__MASTER__raw_character__len20__gpre120__reward_off__seed88,442,20.0,8.0,2.708694969562842,19.0,0.0,0.0,1.0,0.95,0.0,0.0,0.05,0.0,1.0,0.0,0.0,0.0,0.0,0.0,0.0,0.0,0.0,0.0,0.0,0.0,1.0,0.0,0.0,0.0,0.0,0.0,0.0,0.0,0.0,0.0,0.0,0.0,0.0,0.0,0.0,0.0,0.0,0.0,0.0,0.0,0.0,0.0,0.0,0.0,0.0,0.0,0.0,0.0,0.0,0.0,0.0,0.0,0.0,0.0,0.0,0.0,0.0,0.0,0.0,0.0,0.0
attack,"""gbeleeTTIMeleleleTI",time,time,seqgan_master,seqgan_master__final__time__A__500__MASTER__raw_character__len20__gpre120__reward_off__seed88,443,20.0,8.0,2.6016094970590276,19.0,0.0,0.0,1.0,0.95,0.0,0.0,0.05,0.0,1.0,0.0,0.0,0.0,0.0,0.0,0.0,0.0,0.0,0.0,0.0,0.0,1.0,0.0,0.0,0.0,0.0,0.0,0.0,0.0,0.0,0.0,0.0,0.0,0.0,0.0,0.0,0.0,0.0,0.0,0.0,0.0,0.0,0.0,0.0,0.0,0.0,0.0,0.0,0.0,0.0,0.0,0.0,0.0,0.0,0.0,0.0,0.0,0.0,0.0,0.0,0.0,0.0
attack,"""gbelegleeTIdeleleTI",time,time,seqgan_master,seqgan_master__final__time__A__500__MASTER__raw_character__len20__gpre120__reward_off__seed88,444,20.0,8.0,2.639353872167201,19.0,0.0,0.0,1.0,0.95,0.0,0.0,0.05,0.0,1.0,0.0,0.0,0.0,0.0,0.0,0.0,0.0,0.0,0.0,0.0,0.0,1.0,0.0,0.0,0.0,0.0,0.0,0.0,0.0,0.0,0.0,0.0,0.0,0.0,0.0,0.0,0.0,0.0,0.0,0.0,0.0,0.0,0.0,0.0,0.0,0.0,0.0,0.0,0.0,0.0,0.0,0.0,0.0,0.0,0.0,0.0,0.0,0.0,0.0,0.0,0.0,0.0
attack,"""gbelelegbebeeleTTII",time,time,seqgan_master,seqgan_master__final__time__A__500__MASTER__raw_character__len20__gpre120__reward_off__seed88,445,20.0,7.0,2.563865121950854,19.0,0.0,0.0,1.0,0.95,0.0,0.0,0.05,0.0,1.0,0.0,0.0,0.0,0.0,0.0,0.0,0.0,0.0,0.0,0.0,0.0,1.0,0.0,0.0,0.0,0.0,0.0,0.0,0.0,0.0,0.0,0.0,0.0,0.0,0.0,0.0,0.0,0.0,0.0,0.0,0.0,0.0,0.0,0.0,0.0,0.0,0.0,0.0,0.0,0.0,0.0,0.0,0.0,0.0,0.0,0.0,0.0,0.0,0.0,0.0,0.0,0.0
attack,"""gbeleeleleleTIIpgrb",time,time,seqgan_master,seqgan_master__final__time__A__500__MASTER__raw_character__len20__gpre120__reward_off__seed88,446,20.0,9.0,2.8464393446710154,19.0,0.0,0.0,1.0,0.95,0.0,0.0,0.05,0.0,1.0,0.0,0.0,0.0,0.0,0.0,0.0,0.0,0.0,0.0,0.0,0.0,1.0,0.0,0.0,0.0,0.0,0.0,0.0,0.0,0.0,0.0,0.0,0.0,0.0,0.0,0.0,0.0,0.0,0.0,0.0,0.0,0.0,0.0,0.0,0.0,0.0,0.0,0.0,0.0,0.0,0.0,0.0,0.0,0.0,0.0,0.0,0.0,0.0,0.0,0.0,0.0,0.0
attack,"""gbegbeleeleeTselele",time,time,seqgan_master,seqgan_master__final__time__A__500__MASTER__raw_character__len20__gpre120__reward_off__seed88,447,20.0,7.0,2.295461844238322,19.0,0.0,0.0,1.0,0.95,0.0,0.0,0.05,0.0,1.0,0.0,0.0,0.0,0.0,0.0,0.0,0.0,0.0,0.0,0.0,0.0,1.0,0.0,0.0,0.0,0.0,0.0,0.0,0.0,0.0,0.0,0.0,0.0,0.0,0.0,0.0,0.0,0.0,0.0,0.0,0.0,0.0,0.0,0.0,0.0,0.0,0.0,0.0,0.0,0.0,0.0,0.0,0.0,0.0,0.0,0.0,0.0,0.0,0.0,0.0,0.0,0.0
attack,"""gbeleeeleTTIIbeleel",time,time,seqgan_master,seqgan_master__final__time__A__500__MASTER__raw_character__len20__gpre120__reward_off__seed88,448,20.0,7.0,2.4219280948873623,19.0,0.0,0.0,1.0,0.95,0.0,0.0,0.05,0.0,1.0,0.0,0.0,0.0,0.0,0.0,0.0,0.0,0.0,0.0,0.0,0.0,1.0,0.0,0.0,0.0,0.0,0.0,0.0,0.0,0.0,0.0,0.0,0.0,0.0,0.0,0.0,0.0,0.0,0.0,0.0,0.0,0.0,0.0,0.0,0.0,0.0,0.0,0.0,0.0,0.0,0.0,0.0,0.0,0.0,0.0,0.0,0.0,0.0,0.0,0.0,0.0,0.0
attack,"""gbeleleeTIMbeleTIIp",time,time,seqgan_master,seqgan_master__final__time__A__500__MASTER__raw_character__len20__gpre120__reward_off__seed88,449,20.0,9.0,2.8709505944546687,19.0,0.0,0.0,1.0,0.95,0.0,0.0,0.05,0.0,1.0,0.0,0.0,0.0,0.0,0.0,0.0,0.0,0.0,0.0,0.0,0.0,1.0,0.0,0.0,0.0,0.0,0.0,0.0,0.0,0.0,0.0,0.0,0.0,0.0,0.0,0.0,0.0,0.0,0.0,0.0,0.0,0.0,0.0,0.0,0.0,0.0,0.0,0.0,0.0,0.0,0.0,0.0,0.0,0.0,0.0,0.0,0.0,0.0,0.0,0.0,0.0,0.0
attack,"""gbeeleelebeTIpgrbel",time,time,seqgan_master,seqgan_master__final__time__A__500__MASTER__raw_character__len20__gpre120__reward_off__seed88,450,20.0,9.0,2.763865121950854,19.0,0.0,0.0,1.0,0.95,0.0,0.0,0.05,0.0,1.0,0.0,0.0,0.0,0.0,0.0,0.0,0.0,0.0,0.0,0.0,0.0,1.0,0.0,0.0,0.0,0.0,0.0,0.0,0.0,0.0,0.0,0.0,0.0,0.0,0.0,0.0,0.0,0.0,0.0,0.0,0.0,0.0,0.0,0.0,0.0,0.0,0.0,0.0,0.0,0.0,0.0,0.0,0.0,0.0,0.0,0.0,0.0,0.0,0.0,0.0,0.0,0.0
attack,gbelegbeTIIMtrbeleel,time,time,seqgan_master,seqgan_master__final__time__A__500__MASTER__raw_character__len20__gpre120__reward_off__seed88,451,20.0,9.0,2.8709505944546687,20.0,0.0,0.0,0.0,1.0,0.0,0.0,0.0,0.0,0.0,0.0,0.0,0.0,0.0,0.0,0.0,0.0,0.0,0.0,0.0,0.0,0.0,0.0,0.0,0.0,0.0,0.0,0.0,0.0,0.0,0.0,0.0,0.0,0.0,0.0,0.0,0.0,0.0,0.0,0.0,0.0,0.0,0.0,0.0,0.0,0.0,0.0,0.0,0.0,0.0,0.0,0.0,0.0,0.0,0.0,0.0,0.0,0.0,0.0,0.0,0.0,0.0
attack,"""gbeleeTTTIIT",time,time,seqgan_master,seqgan_master__final__time__A__500__MASTER__raw_character__len20__gpre120__reward_off__seed88,452,13.0,7.0,2.5654483718208256,12.0,0.0,0.0,1.0,0.9230769230769231,0.0,0.0,0.07692307692307693,0.0,1.0,0.0,0.0,0.0,0.0,0.0,0.0,0.0,0.0,0.0,0.0,0.0,1.0,0.0,0.0,0.0,0.0,0.0,0.0,0.0,0.0,0.0,0.0,0.0,0.0,0.0,0.0,0.0,0.0,0.0,0.0,0.0,0.0,0.0,0.0,0.0,0.0,0.0,0.0,0.0,0.0,0.0,0.0,0.0,0.0,0.0,0.0,0.0,0.0,0.0,0.0,0.0,0.0
attack,"""gbleeelelebeleeTTTT",time,time,seqgan_master,seqgan_master__final__time__A__500__MASTER__raw_character__len20__gpre120__reward_off__seed88,453,20.0,6.0,2.221928094887362,19.0,0.0,0.0,1.0,0.95,0.0,0.0,0.05,0.0,1.0,0.0,0.0,0.0,0.0,0.0,0.0,0.0,0.0,0.0,0.0,0.0,1.0,0.0,0.0,0.0,0.0,0.0,0.0,0.0,0.0,0.0,0.0,0.0,0.0,0.0,0.0,0.0,0.0,0.0,0.0,0.0,0.0,0.0,0.0,0.0,0.0,0.0,0.0,0.0,0.0,0.0,0.0,0.0,0.0,0.0,0.0,0.0,0.0,0.0,0.0,0.0,0.0
attack, (gbeleleeTleTTTIpgT,time,time,seqgan_master,seqgan_master__final__time__A__500__MASTER__raw_character__len20__gpre120__reward_off__seed88,454,20.0,9.0,2.823219672335508,18.0,0.0,1.0,1.0,0.9,0.0,0.05,0.05,0.0,0.0,0.0,0.0,0.0,0.0,0.0,1.0,0.0,0.0,0.0,0.0,0.0,0.0,0.0,0.0,0.0,0.0,1.0,0.0,0.0,0.0,0.0,0.0,0.0,0.0,0.0,0.0,0.0,0.0,0.0,0.0,0.0,0.0,0.0,0.0,0.0,0.0,0.0,0.0,0.0,0.0,0.0,0.0,0.0,0.0,0.0,0.0,0.0,0.0,0.0,0.0,0.0,0.0
attack,"""gbeleleeleleTTIrnle",time,time,seqgan_master,seqgan_master__final__time__A__500__MASTER__raw_character__len20__gpre120__reward_off__seed88,455,20.0,9.0,2.6588718484453606,19.0,0.0,0.0,1.0,0.95,0.0,0.0,0.05,0.0,1.0,0.0,0.0,0.0,0.0,0.0,0.0,0.0,0.0,0.0,0.0,0.0,1.0,0.0,0.0,0.0,0.0,0.0,0.0,0.0,0.0,0.0,0.0,0.0,0.0,0.0,0.0,0.0,0.0,0.0,0.0,0.0,0.0,0.0,0.0,0.0,0.0,0.0,0.0,0.0,0.0,0.0,0.0,0.0,0.0,0.0,0.0,0.0,0.0,0.0,0.0,0.0,0.0
attack,"""gbeleleeleTbeTbTIHT",time,time,seqgan_master,seqgan_master__final__time__A__500__MASTER__raw_character__len20__gpre120__reward_off__seed88,456,20.0,8.0,2.6709505944546685,19.0,0.0,0.0,1.0,0.95,0.0,0.0,0.05,0.0,1.0,0.0,0.0,0.0,0.0,0.0,0.0,0.0,0.0,0.0,0.0,0.0,1.0,0.0,0.0,0.0,0.0,0.0,0.0,0.0,0.0,0.0,0.0,0.0,0.0,0.0,0.0,0.0,0.0,0.0,0.0,0.0,0.0,0.0,0.0,0.0,0.0,0.0,0.0,0.0,0.0,0.0,0.0,0.0,0.0,0.0,0.0,0.0,0.0,0.0,0.0,0.0,0.0
attack,"""gbeleele0TbeTbeleTb",time,time,seqgan_master,seqgan_master__final__time__A__500__MASTER__raw_character__len20__gpre120__reward_off__seed88,457,20.0,7.0,2.463865121950854,18.0,1.0,0.0,1.0,0.9,0.05,0.0,0.05,0.0,1.0,0.0,0.0,0.0,0.0,0.0,0.0,0.0,0.0,0.0,0.0,0.0,1.0,0.0,0.0,0.0,0.0,0.0,0.0,0.0,0.0,0.0,0.0,0.0,0.0,0.0,0.0,0.0,0.0,0.0,0.0,0.0,0.0,0.0,0.0,0.0,0.0,0.0,0.0,0.0,0.0,0.0,0.0,0.0,0.0,0.0,0.0,0.0,0.0,0.0,0.0,0.0,0.0
attack,"""gbelegbeelleeTbeTTp",time,time,seqgan_master,seqgan_master__final__time__A__500__MASTER__raw_character__len20__gpre120__reward_off__seed88,458,20.0,7.0,2.5261207468426807,19.0,0.0,0.0,1.0,0.95,0.0,0.0,0.05,0.0,1.0,0.0,0.0,0.0,0.0,0.0,0.0,0.0,0.0,0.0,0.0,0.0,1.0,0.0,0.0,0.0,0.0,0.0,0.0,0.0,0.0,0.0,0.0,0.0,0.0,0.0,0.0,0.0,0.0,0.0,0.0,0.0,0.0,0.0,0.0,0.0,0.0,0.0,0.0,0.0,0.0,0.0,0.0,0.0,0.0,0.0,0.0,0.0,0.0,0.0,0.0,0.0,0.0
attack,gTpgTbrbeleleeTeTTTT,time,time,seqgan_master,seqgan_master__final__time__A__500__MASTER__raw_character__len20__gpre120__reward_off__seed88,459,20.0,7.0,2.4588718484453604,20.0,0.0,0.0,0.0,1.0,0.0,0.0,0.0,0.0,0.0,0.0,0.0,0.0,0.0,0.0,0.0,0.0,0.0,0.0,0.0,0.0,0.0,0.0,0.0,0.0,0.0,0.0,0.0,0.0,0.0,0.0,0.0,0.0,0.0,0.0,0.0,0.0,0.0,0.0,0.0,0.0,0.0,0.0,0.0,0.0,0.0,0.0,0.0,0.0,0.0,0.0,0.0,0.0,0.0,0.0,0.0,0.0,0.0,0.0,0.0,0.0,0.0
attack,"""gbeleleelebeleeTTTT",time,time,seqgan_master,seqgan_master__final__time__A__500__MASTER__raw_character__len20__gpre120__reward_off__seed88,460,20.0,6.0,2.221928094887362,19.0,0.0,0.0,1.0,0.95,0.0,0.0,0.05,0.0,1.0,0.0,0.0,0.0,0.0,0.0,0.0,0.0,0.0,0.0,0.0,0.0,1.0,0.0,0.0,0.0,0.0,0.0,0.0,0.0,0.0,0.0,0.0,0.0,0.0,0.0,0.0,0.0,0.0,0.0,0.0,0.0,0.0,0.0,0.0,0.0,0.0,0.0,0.0,0.0,0.0,0.0,0.0,0.0,0.0,0.0,0.0,0.0,0.0,0.0,0.0,0.0,0.0
attack,"""gbeleeTbele0TIIbeme",time,time,seqgan_master,seqgan_master__final__time__A__500__MASTER__raw_character__len20__gpre120__reward_off__seed88,461,20.0,9.0,2.8016094970590277,18.0,1.0,0.0,1.0,0.9,0.05,0.0,0.05,0.0,1.0,0.0,0.0,0.0,0.0,0.0,0.0,0.0,0.0,0.0,0.0,0.0,1.0,0.0,0.0,0.0,0.0,0.0,0.0,0.0,0.0,0.0,0.0,0.0,0.0,0.0,0.0,0.0,0.0,0.0,0.0,0.0,0.0,0.0,0.0,0.0,0.0,0.0,0.0,0.0,0.0,0.0,0.0,0.0,0.0,0.0,0.0,0.0,0.0,0.0,0.0,0.0,0.0
attack,"""gbeleeleleleeTIpgTb",time,time,seqgan_master,seqgan_master__final__time__A__500__MASTER__raw_character__len20__gpre120__reward_off__seed88,462,20.0,8.0,2.639353872167201,19.0,0.0,0.0,1.0,0.95,0.0,0.0,0.05,0.0,1.0,0.0,0.0,0.0,0.0,0.0,0.0,0.0,0.0,0.0,0.0,0.0,1.0,0.0,0.0,0.0,0.0,0.0,0.0,0.0,0.0,0.0,0.0,0.0,0.0,0.0,0.0,0.0,0.0,0.0,0.0,0.0,0.0,0.0,0.0,0.0,0.0,0.0,0.0,0.0,0.0,0.0,0.0,0.0,0.0,0.0,0.0,0.0,0.0,0.0,0.0,0.0,0.0
attack,"""gbeleleeTMbeleeleTT",time,time,seqgan_master,seqgan_master__final__time__A__500__MASTER__raw_character__len20__gpre120__reward_off__seed88,463,20.0,7.0,2.384183719779189,19.0,0.0,0.0,1.0,0.95,0.0,0.0,0.05,0.0,1.0,0.0,0.0,0.0,0.0,0.0,0.0,0.0,0.0,0.0,0.0,0.0,1.0,0.0,0.0,0.0,0.0,0.0,0.0,0.0,0.0,0.0,0.0,0.0,0.0,0.0,0.0,0.0,0.0,0.0,0.0,0.0,0.0,0.0,0.0,0.0,0.0,0.0,0.0,0.0,0.0,0.0,0.0,0.0,0.0,0.0,0.0,0.0,0.0,0.0,0.0,0.0,0.0
attack,"""gbeleeebeleTTTTIpgT",time,time,seqgan_master,seqgan_master__final__time__A__500__MASTER__raw_character__len20__gpre120__reward_off__seed88,464,20.0,8.0,2.665957320949175,19.0,0.0,0.0,1.0,0.95,0.0,0.0,0.05,0.0,1.0,0.0,0.0,0.0,0.0,0.0,0.0,0.0,0.0,0.0,0.0,0.0,1.0,0.0,0.0,0.0,0.0,0.0,0.0,0.0,0.0,0.0,0.0,0.0,0.0,0.0,0.0,0.0,0.0,0.0,0.0,0.0,0.0,0.0,0.0,0.0,0.0,0.0,0.0,0.0,0.0,0.0,0.0,0.0,0.0,0.0,0.0,0.0,0.0,0.0,0.0,0.0,0.0
attack,"""g(gbeeleT",time,time,seqgan_master,seqgan_master__final__time__A__500__MASTER__raw_character__len20__gpre120__reward_off__seed88,465,10.0,7.0,2.6464393446710157,8.0,0.0,0.0,2.0,0.8,0.0,0.0,0.2,0.0,1.0,0.0,0.0,0.0,0.0,0.0,1.0,0.0,0.0,0.0,0.0,0.0,1.0,0.0,0.0,0.0,0.0,1.0,0.0,0.0,0.0,0.0,0.0,0.0,0.0,0.0,0.0,0.0,0.0,0.0,0.0,0.0,0.0,0.0,0.0,0.0,0.0,0.0,0.0,0.0,0.0,0.0,0.0,0.0,0.0,0.0,0.0,0.0,0.0,0.0,0.0,0.0,0.0
attack,"""gbeeleeTTTIpgTleleT",time,time,seqgan_master,seqgan_master__final__time__A__500__MASTER__raw_character__len20__gpre120__reward_off__seed88,466,20.0,8.0,2.6282129458410015,19.0,0.0,0.0,1.0,0.95,0.0,0.0,0.05,0.0,1.0,0.0,0.0,0.0,0.0,0.0,0.0,0.0,0.0,0.0,0.0,0.0,1.0,0.0,0.0,0.0,0.0,0.0,0.0,0.0,0.0,0.0,0.0,0.0,0.0,0.0,0.0,0.0,0.0,0.0,0.0,0.0,0.0,0.0,0.0,0.0,0.0,0.0,0.0,0.0,0.0,0.0,0.0,0.0,0.0,0.0,0.0,0.0,0.0,0.0,0.0,0.0,0.0
attack,"""gbeeleleeTIs(TIribe",time,time,seqgan_master,seqgan_master__final__time__A__500__MASTER__raw_character__len20__gpre120__reward_off__seed88,467,20.0,11.0,3.1464393446710157,18.0,0.0,0.0,2.0,0.9,0.0,0.0,0.1,0.0,1.0,0.0,0.0,0.0,0.0,0.0,1.0,0.0,0.0,0.0,0.0,0.0,1.0,0.0,0.0,0.0,0.0,1.0,0.0,0.0,0.0,0.0,0.0,0.0,0.0,0.0,0.0,0.0,0.0,0.0,0.0,0.0,0.0,0.0,0.0,0.0,0.0,0.0,0.0,0.0,0.0,0.0,0.0,0.0,0.0,0.0,0.0,0.0,0.0,0.0,0.0,0.0,0.0
attack,"""gbeleeleleeTTTTIInb",time,time,seqgan_master,seqgan_master__final__time__A__500__MASTER__raw_character__len20__gpre120__reward_off__seed88,468,20.0,8.0,2.708694969562842,19.0,0.0,0.0,1.0,0.95,0.0,0.0,0.05,0.0,1.0,0.0,0.0,0.0,0.0,0.0,0.0,0.0,0.0,0.0,0.0,0.0,1.0,0.0,0.0,0.0,0.0,0.0,0.0,0.0,0.0,0.0,0.0,0.0,0.0,0.0,0.0,0.0,0.0,0.0,0.0,0.0,0.0,0.0,0.0,0.0,0.0,0.0,0.0,0.0,0.0,0.0,0.0,0.0,0.0,0.0,0.0,0.0,0.0,0.0,0.0,0.0,0.0
attack,"""gbeleeleTTTIpgTTTTT",time,time,seqgan_master,seqgan_master__final__time__A__500__MASTER__raw_character__len20__gpre120__reward_off__seed88,469,20.0,8.0,2.5219280948873624,19.0,0.0,0.0,1.0,0.95,0.0,0.0,0.05,0.0,1.0,0.0,0.0,0.0,0.0,0.0,0.0,0.0,0.0,0.0,0.0,0.0,1.0,0.0,0.0,0.0,0.0,0.0,0.0,0.0,0.0,0.0,0.0,0.0,0.0,0.0,0.0,0.0,0.0,0.0,0.0,0.0,0.0,0.0,0.0,0.0,0.0,0.0,0.0,0.0,0.0,0.0,0.0,0.0,0.0,0.0,0.0,0.0,0.0,0.0,0.0,0.0,0.0
attack,"""gbeleeleTbleTIITIMe",time,time,seqgan_master,seqgan_master__final__time__A__500__MASTER__raw_character__len20__gpre120__reward_off__seed88,470,20.0,8.0,2.733206219346495,19.0,0.0,0.0,1.0,0.95,0.0,0.0,0.05,0.0,1.0,0.0,0.0,0.0,0.0,0.0,0.0,0.0,0.0,0.0,0.0,0.0,1.0,0.0,0.0,0.0,0.0,0.0,0.0,0.0,0.0,0.0,0.0,0.0,0.0,0.0,0.0,0.0,0.0,0.0,0.0,0.0,0.0,0.0,0.0,0.0,0.0,0.0,0.0,0.0,0.0,0.0,0.0,0.0,0.0,0.0,0.0,0.0,0.0,0.0,0.0,0.0,0.0
attack,"""beeTleleTITIneleTTp",time,time,seqgan_master,seqgan_master__final__time__A__500__MASTER__raw_character__len20__gpre120__reward_off__seed88,471,20.0,8.0,2.6282129458410015,19.0,0.0,0.0,1.0,0.95,0.0,0.0,0.05,0.0,1.0,0.0,0.0,0.0,0.0,0.0,0.0,0.0,0.0,0.0,0.0,0.0,1.0,0.0,0.0,0.0,0.0,0.0,0.0,0.0,0.0,0.0,0.0,0.0,0.0,0.0,0.0,0.0,0.0,0.0,0.0,0.0,0.0,0.0,0.0,0.0,0.0,0.0,0.0,0.0,0.0,0.0,0.0,0.0,0.0,0.0,0.0,0.0,0.0,0.0,0.0,0.0,0.0
attack,gtrbeleTTbeTTnepgTTI,time,time,seqgan_master,seqgan_master__final__time__A__500__MASTER__raw_character__len20__gpre120__reward_off__seed88,472,20.0,10.0,2.9464393446710155,20.0,0.0,0.0,0.0,1.0,0.0,0.0,0.0,0.0,0.0,0.0,0.0,0.0,0.0,0.0,0.0,0.0,0.0,0.0,0.0,0.0,0.0,0.0,0.0,0.0,0.0,0.0,0.0,0.0,0.0,0.0,0.0,0.0,0.0,0.0,0.0,0.0,0.0,0.0,0.0,0.0,0.0,0.0,0.0,0.0,0.0,0.0,0.0,0.0,0.0,0.0,0.0,0.0,0.0,0.0,0.0,0.0,0.0,0.0,0.0,0.0,0.0
attack,"""gbeleeleTITTbleTIMb",time,time,seqgan_master,seqgan_master__final__time__A__500__MASTER__raw_character__len20__gpre120__reward_off__seed88,473,20.0,8.0,2.765957320949175,19.0,0.0,0.0,1.0,0.95,0.0,0.0,0.05,0.0,1.0,0.0,0.0,0.0,0.0,0.0,0.0,0.0,0.0,0.0,0.0,0.0,1.0,0.0,0.0,0.0,0.0,0.0,0.0,0.0,0.0,0.0,0.0,0.0,0.0,0.0,0.0,0.0,0.0,0.0,0.0,0.0,0.0,0.0,0.0,0.0,0.0,0.0,0.0,0.0,0.0,0.0,0.0,0.0,0.0,0.0,0.0,0.0,0.0,0.0,0.0,0.0,0.0
attack,"""gbeleelelelee0TIbel",time,time,seqgan_master,seqgan_master__final__time__A__500__MASTER__raw_character__len20__gpre120__reward_off__seed88,474,20.0,8.0,2.441446071165522,18.0,1.0,0.0,1.0,0.9,0.05,0.0,0.05,0.0,1.0,0.0,0.0,0.0,0.0,0.0,0.0,0.0,0.0,0.0,0.0,0.0,1.0,0.0,0.0,0.0,0.0,0.0,0.0,0.0,0.0,0.0,0.0,0.0,0.0,0.0,0.0,0.0,0.0,0.0,0.0,0.0,0.0,0.0,0.0,0.0,0.0,0.0,0.0,0.0,0.0,0.0,0.0,0.0,0.0,0.0,0.0,0.0,0.0,0.0,0.0,0.0,0.0
attack,gleleleTIpgr beleeTT,time,time,seqgan_master,seqgan_master__final__time__A__500__MASTER__raw_character__len20__gpre120__reward_off__seed88,475,20.0,9.0,2.808694969562842,19.0,0.0,1.0,0.0,0.95,0.0,0.05,0.0,0.0,0.0,0.0,0.0,0.0,0.0,0.0,0.0,0.0,0.0,0.0,0.0,0.0,0.0,0.0,0.0,0.0,0.0,0.0,0.0,0.0,0.0,0.0,0.0,0.0,0.0,0.0,0.0,0.0,0.0,0.0,0.0,0.0,0.0,0.0,0.0,0.0,0.0,0.0,0.0,0.0,0.0,0.0,0.0,0.0,0.0,0.0,0.0,0.0,0.0,0.0,0.0,0.0,0.0
attack,"""gbeelebeleleTbeTTTT",time,time,seqgan_master,seqgan_master__final__time__A__500__MASTER__raw_character__len20__gpre120__reward_off__seed88,476,20.0,6.0,2.2833830982290135,19.0,0.0,0.0,1.0,0.95,0.0,0.0,0.05,0.0,1.0,0.0,0.0,0.0,0.0,0.0,0.0,0.0,0.0,0.0,0.0,0.0,1.0,0.0,0.0,0.0,0.0,0.0,0.0,0.0,0.0,0.0,0.0,0.0,0.0,0.0,0.0,0.0,0.0,0.0,0.0,0.0,0.0,0.0,0.0,0.0,0.0,0.0,0.0,0.0,0.0,0.0,0.0,0.0,0.0,0.0,0.0,0.0,0.0,0.0,0.0,0.0,0.0
attack,"""gbeeele0TTIpgbeleTb",time,time,seqgan_master,seqgan_master__final__time__A__500__MASTER__raw_character__len20__gpre120__reward_off__seed88,477,20.0,9.0,2.8709505944546687,18.0,1.0,0.0,1.0,0.9,0.05,0.0,0.05,0.0,1.0,0.0,0.0,0.0,0.0,0.0,0.0,0.0,0.0,0.0,0.0,0.0,1.0,0.0,0.0,0.0,0.0,0.0,0.0,0.0,0.0,0.0,0.0,0.0,0.0,0.0,0.0,0.0,0.0,0.0,0.0,0.0,0.0,0.0,0.0,0.0,0.0,0.0,0.0,0.0,0.0,0.0,0.0,0.0,0.0,0.0,0.0,0.0,0.0,0.0,0.0,0.0,0.0
attack,gngbeleeeTleleTIlele,time,time,seqgan_master,seqgan_master__final__time__A__500__MASTER__raw_character__len20__gpre120__reward_off__seed88,478,20.0,7.0,2.341446071165522,20.0,0.0,0.0,0.0,1.0,0.0,0.0,0.0,0.0,0.0,0.0,0.0,0.0,0.0,0.0,0.0,0.0,0.0,0.0,0.0,0.0,0.0,0.0,0.0,0.0,0.0,0.0,0.0,0.0,0.0,0.0,0.0,0.0,0.0,0.0,0.0,0.0,0.0,0.0,0.0,0.0,0.0,0.0,0.0,0.0,0.0,0.0,0.0,0.0,0.0,0.0,0.0,0.0,0.0,0.0,0.0,0.0,0.0,0.0,0.0,0.0,0.0
attack,"""gbeleeleleleTTTTIII",time,time,seqgan_master,seqgan_master__final__time__A__500__MASTER__raw_character__len20__gpre120__reward_off__seed88,479,20.0,7.0,2.508694969562842,19.0,0.0,0.0,1.0,0.95,0.0,0.0,0.05,0.0,1.0,0.0,0.0,0.0,0.0,0.0,0.0,0.0,0.0,0.0,0.0,0.0,1.0,0.0,0.0,0.0,0.0,0.0,0.0,0.0,0.0,0.0,0.0,0.0,0.0,0.0,0.0,0.0,0.0,0.0,0.0,0.0,0.0,0.0,0.0,0.0,0.0,0.0,0.0,0.0,0.0,0.0,0.0,0.0,0.0,0.0,0.0,0.0,0.0,0.0,0.0,0.0,0.0
attack,"""gbeleeTeTIneleTTTTI",time,time,seqgan_master,seqgan_master__final__time__A__500__MASTER__raw_character__len20__gpre120__reward_off__seed88,480,20.0,8.0,2.570950594454669,19.0,0.0,0.0,1.0,0.95,0.0,0.0,0.05,0.0,1.0,0.0,0.0,0.0,0.0,0.0,0.0,0.0,0.0,0.0,0.0,0.0,1.0,0.0,0.0,0.0,0.0,0.0,0.0,0.0,0.0,0.0,0.0,0.0,0.0,0.0,0.0,0.0,0.0,0.0,0.0,0.0,0.0,0.0,0.0,0.0,0.0,0.0,0.0,0.0,0.0,0.0,0.0,0.0,0.0,0.0,0.0,0.0,0.0,0.0,0.0,0.0,0.0
attack,"""gbelebeleeTTIMeleTe",time,time,seqgan_master,seqgan_master__final__time__A__500__MASTER__raw_character__len20__gpre120__reward_off__seed88,481,20.0,8.0,2.5464393446710156,19.0,0.0,0.0,1.0,0.95,0.0,0.0,0.05,0.0,1.0,0.0,0.0,0.0,0.0,0.0,0.0,0.0,0.0,0.0,0.0,0.0,1.0,0.0,0.0,0.0,0.0,0.0,0.0,0.0,0.0,0.0,0.0,0.0,0.0,0.0,0.0,0.0,0.0,0.0,0.0,0.0,0.0,0.0,0.0,0.0,0.0,0.0,0.0,0.0,0.0,0.0,0.0,0.0,0.0,0.0,0.0,0.0,0.0,0.0,0.0,0.0,0.0
attack,"""gbeleleeeTITIITIMbe",time,time,seqgan_master,seqgan_master__final__time__A__500__MASTER__raw_character__len20__gpre120__reward_off__seed88,482,20.0,8.0,2.708694969562842,19.0,0.0,0.0,1.0,0.95,0.0,0.0,0.05,0.0,1.0,0.0,0.0,0.0,0.0,0.0,0.0,0.0,0.0,0.0,0.0,0.0,1.0,0.0,0.0,0.0,0.0,0.0,0.0,0.0,0.0,0.0,0.0,0.0,0.0,0.0,0.0,0.0,0.0,0.0,0.0,0.0,0.0,0.0,0.0,0.0,0.0,0.0,0.0,0.0,0.0,0.0,0.0,0.0,0.0,0.0,0.0,0.0,0.0,0.0,0.0,0.0,0.0
attack,"""gbeleeleleleleleleT",time,time,seqgan_master,seqgan_master__final__time__A__500__MASTER__raw_character__len20__gpre120__reward_off__seed88,483,20.0,6.0,1.9128876215181605,19.0,0.0,0.0,1.0,0.95,0.0,0.0,0.05,0.0,1.0,0.0,0.0,0.0,0.0,0.0,0.0,0.0,0.0,0.0,0.0,0.0,1.0,0.0,0.0,0.0,0.0,0.0,0.0,0.0,0.0,0.0,0.0,0.0,0.0,0.0,0.0,0.0,0.0,0.0,0.0,0.0,0.0,0.0,0.0,0.0,0.0,0.0,0.0,0.0,0.0,0.0,0.0,0.0,0.0,0.0,0.0,0.0,0.0,0.0,0.0,0.0,0.0
attack,",wbeleeTIITTIdeTTTTT",time,time,seqgan_master,seqgan_master__final__time__A__500__MASTER__raw_character__len20__gpre120__reward_off__seed88,484,20.0,8.0,2.484183719779189,19.0,0.0,0.0,1.0,0.95,0.0,0.0,0.05,0.0,0.0,0.0,0.0,0.0,0.0,0.0,0.0,0.0,0.0,1.0,0.0,0.0,0.0,0.0,0.0,0.0,0.0,0.0,0.0,0.0,0.0,0.0,0.0,0.0,0.0,0.0,0.0,0.0,0.0,0.0,0.0,0.0,0.0,0.0,0.0,0.0,0.0,0.0,0.0,0.0,0.0,0.0,0.0,0.0,0.0,0.0,0.0,0.0,0.0,0.0,0.0,0.0,0.0
attack,"""gbeleeTIbeleeTpgTbe",time,time,seqgan_master,seqgan_master__final__time__A__500__MASTER__raw_character__len20__gpre120__reward_off__seed88,485,20.0,8.0,2.6638651219508542,19.0,0.0,0.0,1.0,0.95,0.0,0.0,0.05,0.0,1.0,0.0,0.0,0.0,0.0,0.0,0.0,0.0,0.0,0.0,0.0,0.0,1.0,0.0,0.0,0.0,0.0,0.0,0.0,0.0,0.0,0.0,0.0,0.0,0.0,0.0,0.0,0.0,0.0,0.0,0.0,0.0,0.0,0.0,0.0,0.0,0.0,0.0,0.0,0.0,0.0,0.0,0.0,0.0,0.0,0.0,0.0,0.0,0.0,0.0,0.0,0.0,0.0
attack,"""gbeleeleTTIpgTlee0T",time,time,seqgan_master,seqgan_master__final__time__A__500__MASTER__raw_character__len20__gpre120__reward_off__seed88,486,20.0,9.0,2.808694969562842,18.0,1.0,0.0,1.0,0.9,0.05,0.0,0.05,0.0,1.0,0.0,0.0,0.0,0.0,0.0,0.0,0.0,0.0,0.0,0.0,0.0,1.0,0.0,0.0,0.0,0.0,0.0,0.0,0.0,0.0,0.0,0.0,0.0,0.0,0.0,0.0,0.0,0.0,0.0,0.0,0.0,0.0,0.0,0.0,0.0,0.0,0.0,0.0,0.0,0.0,0.0,0.0,0.0,0.0,0.0,0.0,0.0,0.0,0.0,0.0,0.0,0.0
attack,"""gbelegtegbeleeleeTT",time,time,seqgan_master,seqgan_master__final__time__A__500__MASTER__raw_character__len20__gpre120__reward_off__seed88,487,20.0,7.0,2.4464393446710155,19.0,0.0,0.0,1.0,0.95,0.0,0.0,0.05,0.0,1.0,0.0,0.0,0.0,0.0,0.0,0.0,0.0,0.0,0.0,0.0,0.0,1.0,0.0,0.0,0.0,0.0,0.0,0.0,0.0,0.0,0.0,0.0,0.0,0.0,0.0,0.0,0.0,0.0,0.0,0.0,0.0,0.0,0.0,0.0,0.0,0.0,0.0,0.0,0.0,0.0,0.0,0.0,0.0,0.0,0.0,0.0,0.0,0.0,0.0,0.0,0.0,0.0
attack,"""gbegbeleeleeTTIInel",time,time,seqgan_master,seqgan_master__final__time__A__500__MASTER__raw_character__len20__gpre120__reward_off__seed88,488,20.0,8.0,2.7016094970590276,19.0,0.0,0.0,1.0,0.95,0.0,0.0,0.05,0.0,1.0,0.0,0.0,0.0,0.0,0.0,0.0,0.0,0.0,0.0,0.0,0.0,1.0,0.0,0.0,0.0,0.0,0.0,0.0,0.0,0.0,0.0,0.0,0.0,0.0,0.0,0.0,0.0,0.0,0.0,0.0,0.0,0.0,0.0,0.0,0.0,0.0,0.0,0.0,0.0,0.0,0.0,0.0,0.0,0.0,0.0,0.0,0.0,0.0,0.0,0.0,0.0,0.0
attack,1 iiitribeleeeTbeTIb,time,time,seqgan_master,seqgan_master__final__time__A__500__MASTER__raw_character__len20__gpre120__reward_off__seed88,489,20.0,10.0,3.0037016960573486,18.0,1.0,1.0,0.0,0.9,0.05,0.05,0.0,0.0,0.0,0.0,0.0,0.0,0.0,0.0,0.0,0.0,0.0,0.0,0.0,0.0,0.0,0.0,0.0,0.0,0.0,0.0,0.0,0.0,0.0,0.0,0.0,0.0,0.0,0.0,0.0,0.0,0.0,0.0,0.0,0.0,0.0,0.0,0.0,0.0,0.0,0.0,0.0,0.0,0.0,0.0,0.0,0.0,0.0,0.0,0.0,0.0,0.0,0.0,0.0,0.0,0.0
attack,"""gbeleeTIpgTbelelebe",time,time,seqgan_master,seqgan_master__final__time__A__500__MASTER__raw_character__len20__gpre120__reward_off__seed88,490,20.0,8.0,2.6638651219508542,19.0,0.0,0.0,1.0,0.95,0.0,0.0,0.05,0.0,1.0,0.0,0.0,0.0,0.0,0.0,0.0,0.0,0.0,0.0,0.0,0.0,1.0,0.0,0.0,0.0,0.0,0.0,0.0,0.0,0.0,0.0,0.0,0.0,0.0,0.0,0.0,0.0,0.0,0.0,0.0,0.0,0.0,0.0,0.0,0.0,0.0,0.0,0.0,0.0,0.0,0.0,0.0,0.0,0.0,0.0,0.0,0.0,0.0,0.0,0.0,0.0,0.0
attack,"""gbeleeleTTTTTIIpgle",time,time,seqgan_master,seqgan_master__final__time__A__500__MASTER__raw_character__len20__gpre120__reward_off__seed88,491,20.0,8.0,2.723219672335508,19.0,0.0,0.0,1.0,0.95,0.0,0.0,0.05,0.0,1.0,0.0,0.0,0.0,0.0,0.0,0.0,0.0,0.0,0.0,0.0,0.0,1.0,0.0,0.0,0.0,0.0,0.0,0.0,0.0,0.0,0.0,0.0,0.0,0.0,0.0,0.0,0.0,0.0,0.0,0.0,0.0,0.0,0.0,0.0,0.0,0.0,0.0,0.0,0.0,0.0,0.0,0.0,0.0,0.0,0.0,0.0,0.0,0.0,0.0,0.0,0.0,0.0
attack,"""gbeleebeleTbeleepgT",time,time,seqgan_master,seqgan_master__final__time__A__500__MASTER__raw_character__len20__gpre120__reward_off__seed88,492,20.0,7.0,2.4464393446710155,19.0,0.0,0.0,1.0,0.95,0.0,0.0,0.05,0.0,1.0,0.0,0.0,0.0,0.0,0.0,0.0,0.0,0.0,0.0,0.0,0.0,1.0,0.0,0.0,0.0,0.0,0.0,0.0,0.0,0.0,0.0,0.0,0.0,0.0,0.0,0.0,0.0,0.0,0.0,0.0,0.0,0.0,0.0,0.0,0.0,0.0,0.0,0.0,0.0,0.0,0.0,0.0,0.0,0.0,0.0,0.0,0.0,0.0,0.0,0.0,0.0,0.0
attack,"""gbeleriberiTbelelee",time,time,seqgan_master,seqgan_master__final__time__A__500__MASTER__raw_character__len20__gpre120__reward_off__seed88,493,20.0,8.0,2.6638651219508542,19.0,0.0,0.0,1.0,0.95,0.0,0.0,0.05,0.0,1.0,0.0,0.0,0.0,0.0,0.0,0.0,0.0,0.0,0.0,0.0,0.0,1.0,0.0,0.0,0.0,0.0,0.0,0.0,0.0,0.0,0.0,0.0,0.0,0.0,0.0,0.0,0.0,0.0,0.0,0.0,0.0,0.0,0.0,0.0,0.0,0.0,0.0,0.0,0.0,0.0,0.0,0.0,0.0,0.0,0.0,0.0,0.0,0.0,0.0,0.0,0.0,0.0
attack,"""gbeleeleTTTTeTbleeT",time,time,seqgan_master,seqgan_master__final__time__A__500__MASTER__raw_character__len20__gpre120__reward_off__seed88,494,20.0,6.0,2.2261207468426805,19.0,0.0,0.0,1.0,0.95,0.0,0.0,0.05,0.0,1.0,0.0,0.0,0.0,0.0,0.0,0.0,0.0,0.0,0.0,0.0,0.0,1.0,0.0,0.0,0.0,0.0,0.0,0.0,0.0,0.0,0.0,0.0,0.0,0.0,0.0,0.0,0.0,0.0,0.0,0.0,0.0,0.0,0.0,0.0,0.0,0.0,0.0,0.0,0.0,0.0,0.0,0.0,0.0,0.0,0.0,0.0,0.0,0.0,0.0,0.0,0.0,0.0
attack, )TTIdeleTbeTIMelele,time,time,seqgan_master,seqgan_master__final__time__A__500__MASTER__raw_character__len20__gpre120__reward_off__seed88,495,20.0,9.0,2.808694969562842,18.0,0.0,1.0,1.0,0.9,0.0,0.05,0.05,0.0,0.0,0.0,0.0,0.0,0.0,0.0,1.0,0.0,0.0,0.0,0.0,0.0,0.0,0.0,0.0,0.0,0.0,1.0,0.0,0.0,0.0,0.0,0.0,0.0,0.0,0.0,0.0,0.0,0.0,0.0,0.0,0.0,0.0,0.0,0.0,0.0,0.0,0.0,0.0,0.0,0.0,0.0,0.0,0.0,0.0,0.0,0.0,0.0,0.0,0.0,0.0,0.0,0.0
attack,"""gbeleeTTMbelebeleel",time,time,seqgan_master,seqgan_master__final__time__A__500__MASTER__raw_character__len20__gpre120__reward_off__seed88,496,20.0,7.0,2.384183719779189,19.0,0.0,0.0,1.0,0.95,0.0,0.0,0.05,0.0,1.0,0.0,0.0,0.0,0.0,0.0,0.0,0.0,0.0,0.0,0.0,0.0,1.0,0.0,0.0,0.0,0.0,0.0,0.0,0.0,0.0,0.0,0.0,0.0,0.0,0.0,0.0,0.0,0.0,0.0,0.0,0.0,0.0,0.0,0.0,0.0,0.0,0.0,0.0,0.0,0.0,0.0,0.0,0.0,0.0,0.0,0.0,0.0,0.0,0.0,0.0,0.0,0.0
attack,"""gbeleleeleneleeTTMe",time,time,seqgan_master,seqgan_master__final__time__A__500__MASTER__raw_character__len20__gpre120__reward_off__seed88,497,20.0,8.0,2.395461844238322,19.0,0.0,0.0,1.0,0.95,0.0,0.0,0.05,0.0,1.0,0.0,0.0,0.0,0.0,0.0,0.0,0.0,0.0,0.0,0.0,0.0,1.0,0.0,0.0,0.0,0.0,0.0,0.0,0.0,0.0,0.0,0.0,0.0,0.0,0.0,0.0,0.0,0.0,0.0,0.0,0.0,0.0,0.0,0.0,0.0,0.0,0.0,0.0,0.0,0.0,0.0,0.0,0.0,0.0,0.0,0.0,0.0,0.0,0.0,0.0,0.0,0.0
attack,"""gbeeleleleeTTTTIIId",time,time,seqgan_master,seqgan_master__final__time__A__500__MASTER__raw_character__len20__gpre120__reward_off__seed88,498,20.0,8.0,2.6709505944546685,19.0,0.0,0.0,1.0,0.95,0.0,0.0,0.05,0.0,1.0,0.0,0.0,0.0,0.0,0.0,0.0,0.0,0.0,0.0,0.0,0.0,1.0,0.0,0.0,0.0,0.0,0.0,0.0,0.0,0.0,0.0,0.0,0.0,0.0,0.0,0.0,0.0,0.0,0.0,0.0,0.0,0.0,0.0,0.0,0.0,0.0,0.0,0.0,0.0,0.0,0.0,0.0,0.0,0.0,0.0,0.0,0.0,0.0,0.0,0.0,0.0,0.0
attack,"""gbelegbeleeleeleTTI",time,time,seqgan_master,seqgan_master__final__time__A__500__MASTER__raw_character__len20__gpre120__reward_off__seed88,499,20.0,7.0,2.4219280948873623,19.0,0.0,0.0,1.0,0.95,0.0,0.0,0.05,0.0,1.0,0.0,0.0,0.0,0.0,0.0,0.0,0.0,0.0,0.0,0.0,0.0,1.0,0.0,0.0,0.0,0.0,0.0,0.0,0.0,0.0,0.0,0.0,0.0,0.0,0.0,0.0,0.0,0.0,0.0,0.0,0.0,0.0,0.0,0.0,0.0,0.0,0.0,0.0,0.0,0.0,0.0,0.0,0.0,0.0,0.0,0.0,0.0,0.0,0.0,0.0,0.0,0.0
attack,"""gbeleeleleeTeTTIIIb",time,time,seqgan_master,seqgan_master__final__time__A__500__MASTER__raw_character__len20__gpre120__reward_off__seed88,500,20.0,7.0,2.5261207468426807,19.0,0.0,0.0,1.0,0.95,0.0,0.0,0.05,0.0,1.0,0.0,0.0,0.0,0.0,0.0,0.0,0.0,0.0,0.0,0.0,0.0,1.0,0.0,0.0,0.0,0.0,0.0,0.0,0.0,0.0,0.0,0.0,0.0,0.0,0.0,0.0,0.0,0.0,0.0,0.0,0.0,0.0,0.0,0.0,0.0,0.0,0.0,0.0,0.0,0.0,0.0,0.0,0.0,0.0,0.0,0.0,0.0,0.0,0.0,0.0,0.0,0.0
attack,"""gbeleleeTneTbeTTITI",time,time,seqgan_master,seqgan_master__final__time__A__500__MASTER__raw_character__len20__gpre120__reward_off__seed88,501,20.0,8.0,2.665957320949175,19.0,0.0,0.0,1.0,0.95,0.0,0.0,0.05,0.0,1.0,0.0,0.0,0.0,0.0,0.0,0.0,0.0,0.0,0.0,0.0,0.0,1.0,0.0,0.0,0.0,0.0,0.0,0.0,0.0,0.0,0.0,0.0,0.0,0.0,0.0,0.0,0.0,0.0,0.0,0.0,0.0,0.0,0.0,0.0,0.0,0.0,0.0,0.0,0.0,0.0,0.0,0.0,0.0,0.0,0.0,0.0,0.0,0.0,0.0,0.0,0.0,0.0
attack,"""gbeeleTTTpgTTTMbele",time,time,seqgan_master,seqgan_master__final__time__A__500__MASTER__raw_character__len20__gpre120__reward_off__seed88,502,20.0,8.0,2.665957320949175,19.0,0.0,0.0,1.0,0.95,0.0,0.0,0.05,0.0,1.0,0.0,0.0,0.0,0.0,0.0,0.0,0.0,0.0,0.0,0.0,0.0,1.0,0.0,0.0,0.0,0.0,0.0,0.0,0.0,0.0,0.0,0.0,0.0,0.0,0.0,0.0,0.0,0.0,0.0,0.0,0.0,0.0,0.0,0.0,0.0,0.0,0.0,0.0,0.0,0.0,0.0,0.0,0.0,0.0,0.0,0.0,0.0,0.0,0.0,0.0,0.0,0.0
attack,"""gbeeleeTTbeTMeTTIMb",time,time,seqgan_master,seqgan_master__final__time__A__500__MASTER__raw_character__len20__gpre120__reward_off__seed88,503,20.0,8.0,2.6282129458410015,19.0,0.0,0.0,1.0,0.95,0.0,0.0,0.05,0.0,1.0,0.0,0.0,0.0,0.0,0.0,0.0,0.0,0.0,0.0,0.0,0.0,1.0,0.0,0.0,0.0,0.0,0.0,0.0,0.0,0.0,0.0,0.0,0.0,0.0,0.0,0.0,0.0,0.0,0.0,0.0,0.0,0.0,0.0,0.0,0.0,0.0,0.0,0.0,0.0,0.0,0.0,0.0,0.0,0.0,0.0,0.0,0.0,0.0,0.0,0.0,0.0,0.0
attack,"""gbeleeleeTbeTTbeTTT",time,time,seqgan_master,seqgan_master__final__time__A__500__MASTER__raw_character__len20__gpre120__reward_off__seed88,504,20.0,6.0,2.2261207468426805,19.0,0.0,0.0,1.0,0.95,0.0,0.0,0.05,0.0,1.0,0.0,0.0,0.0,0.0,0.0,0.0,0.0,0.0,0.0,0.0,0.0,1.0,0.0,0.0,0.0,0.0,0.0,0.0,0.0,0.0,0.0,0.0,0.0,0.0,0.0,0.0,0.0,0.0,0.0,0.0,0.0,0.0,0.0,0.0,0.0,0.0,0.0,0.0,0.0,0.0,0.0,0.0,0.0,0.0,0.0,0.0,0.0,0.0,0.0,0.0,0.0,0.0
attack,""" bleebe0rbebeleleeT",time,time,seqgan_master,seqgan_master__final__time__A__500__MASTER__raw_character__len20__gpre120__reward_off__seed88,505,20.0,8.0,2.484183719779189,17.0,1.0,1.0,1.0,0.85,0.05,0.05,0.05,0.0,1.0,0.0,0.0,0.0,0.0,0.0,0.0,0.0,0.0,0.0,0.0,0.0,1.0,0.0,0.0,0.0,0.0,0.0,0.0,0.0,0.0,0.0,0.0,0.0,0.0,0.0,0.0,0.0,0.0,0.0,0.0,0.0,0.0,0.0,0.0,0.0,0.0,0.0,0.0,0.0,0.0,0.0,0.0,0.0,0.0,0.0,0.0,0.0,0.0,0.0,0.0,0.0,0.0
attack,"""gbeeleTbeTITTIIIbel",time,time,seqgan_master,seqgan_master__final__time__A__500__MASTER__raw_character__len20__gpre120__reward_off__seed88,506,20.0,7.0,2.6037016960573482,19.0,0.0,0.0,1.0,0.95,0.0,0.0,0.05,0.0,1.0,0.0,0.0,0.0,0.0,0.0,0.0,0.0,0.0,0.0,0.0,0.0,1.0,0.0,0.0,0.0,0.0,0.0,0.0,0.0,0.0,0.0,0.0,0.0,0.0,0.0,0.0,0.0,0.0,0.0,0.0,0.0,0.0,0.0,0.0,0.0,0.0,0.0,0.0,0.0,0.0,0.0,0.0,0.0,0.0,0.0,0.0,0.0,0.0,0.0,0.0,0.0,0.0
attack,"""gbeleelee0TTTITIIMb",time,time,seqgan_master,seqgan_master__final__time__A__500__MASTER__raw_character__len20__gpre120__reward_off__seed88,507,20.0,9.0,2.9037016960573485,18.0,1.0,0.0,1.0,0.9,0.05,0.0,0.05,0.0,1.0,0.0,0.0,0.0,0.0,0.0,0.0,0.0,0.0,0.0,0.0,0.0,1.0,0.0,0.0,0.0,0.0,0.0,0.0,0.0,0.0,0.0,0.0,0.0,0.0,0.0,0.0,0.0,0.0,0.0,0.0,0.0,0.0,0.0,0.0,0.0,0.0,0.0,0.0,0.0,0.0,0.0,0.0,0.0,0.0,0.0,0.0,0.0,0.0,0.0,0.0,0.0,0.0
attack,"""gbeleeleeTbeTTIMbep",time,time,seqgan_master,seqgan_master__final__time__A__500__MASTER__raw_character__len20__gpre120__reward_off__seed88,508,20.0,9.0,2.763865121950854,19.0,0.0,0.0,1.0,0.95,0.0,0.0,0.05,0.0,1.0,0.0,0.0,0.0,0.0,0.0,0.0,0.0,0.0,0.0,0.0,0.0,1.0,0.0,0.0,0.0,0.0,0.0,0.0,0.0,0.0,0.0,0.0,0.0,0.0,0.0,0.0,0.0,0.0,0.0,0.0,0.0,0.0,0.0,0.0,0.0,0.0,0.0,0.0,0.0,0.0,0.0,0.0,0.0,0.0,0.0,0.0,0.0,0.0,0.0,0.0,0.0,0.0
attack,"""gbeleeleeTIbeleTTII",time,time,seqgan_master,seqgan_master__final__time__A__500__MASTER__raw_character__len20__gpre120__reward_off__seed88,509,20.0,7.0,2.5261207468426807,19.0,0.0,0.0,1.0,0.95,0.0,0.0,0.05,0.0,1.0,0.0,0.0,0.0,0.0,0.0,0.0,0.0,0.0,0.0,0.0,0.0,1.0,0.0,0.0,0.0,0.0,0.0,0.0,0.0,0.0,0.0,0.0,0.0,0.0,0.0,0.0,0.0,0.0,0.0,0.0,0.0,0.0,0.0,0.0,0.0,0.0,0.0,0.0,0.0,0.0,0.0,0.0,0.0,0.0,0.0,0.0,0.0,0.0,0.0,0.0,0.0,0.0
attack,"""gbele0eeTbeleTTIpgb",time,time,seqgan_master,seqgan_master__final__time__A__500__MASTER__raw_character__len20__gpre120__reward_off__seed88,510,20.0,9.0,2.8709505944546687,18.0,1.0,0.0,1.0,0.9,0.05,0.0,0.05,0.0,1.0,0.0,0.0,0.0,0.0,0.0,0.0,0.0,0.0,0.0,0.0,0.0,1.0,0.0,0.0,0.0,0.0,0.0,0.0,0.0,0.0,0.0,0.0,0.0,0.0,0.0,0.0,0.0,0.0,0.0,0.0,0.0,0.0,0.0,0.0,0.0,0.0,0.0,0.0,0.0,0.0,0.0,0.0,0.0,0.0,0.0,0.0,0.0,0.0,0.0,0.0,0.0,0.0
attack,"""gbelebeleeTbeTIlele",time,time,seqgan_master,seqgan_master__final__time__A__500__MASTER__raw_character__len20__gpre120__reward_off__seed88,511,20.0,7.0,2.384183719779189,19.0,0.0,0.0,1.0,0.95,0.0,0.0,0.05,0.0,1.0,0.0,0.0,0.0,0.0,0.0,0.0,0.0,0.0,0.0,0.0,0.0,1.0,0.0,0.0,0.0,0.0,0.0,0.0,0.0,0.0,0.0,0.0,0.0,0.0,0.0,0.0,0.0,0.0,0.0,0.0,0.0,0.0,0.0,0.0,0.0,0.0,0.0,0.0,0.0,0.0,0.0,0.0,0.0,0.0,0.0,0.0,0.0,0.0,0.0,0.0,0.0,0.0
attack,"""gbeleleeTIpgTbeleeT",time,time,seqgan_master,seqgan_master__final__time__A__500__MASTER__raw_character__len20__gpre120__reward_off__seed88,512,20.0,8.0,2.6638651219508542,19.0,0.0,0.0,1.0,0.95,0.0,0.0,0.05,0.0,1.0,0.0,0.0,0.0,0.0,0.0,0.0,0.0,0.0,0.0,0.0,0.0,1.0,0.0,0.0,0.0,0.0,0.0,0.0,0.0,0.0,0.0,0.0,0.0,0.0,0.0,0.0,0.0,0.0,0.0,0.0,0.0,0.0,0.0,0.0,0.0,0.0,0.0,0.0,0.0,0.0,0.0,0.0,0.0,0.0,0.0,0.0,0.0,0.0,0.0,0.0,0.0,0.0
attack,"""gbeletrbelebeeTTTTT",time,time,seqgan_master,seqgan_master__final__time__A__500__MASTER__raw_character__len20__gpre120__reward_off__seed88,513,20.0,8.0,2.6282129458410015,19.0,0.0,0.0,1.0,0.95,0.0,0.0,0.05,0.0,1.0,0.0,0.0,0.0,0.0,0.0,0.0,0.0,0.0,0.0,0.0,0.0,1.0,0.0,0.0,0.0,0.0,0.0,0.0,0.0,0.0,0.0,0.0,0.0,0.0,0.0,0.0,0.0,0.0,0.0,0.0,0.0,0.0,0.0,0.0,0.0,0.0,0.0,0.0,0.0,0.0,0.0,0.0,0.0,0.0,0.0,0.0,0.0,0.0,0.0,0.0,0.0,0.0
attack, )0gbeleleTbeTTTIpgb,time,time,seqgan_master,seqgan_master__final__time__A__500__MASTER__raw_character__len20__gpre120__reward_off__seed88,514,20.0,10.0,3.084183719779189,17.0,1.0,1.0,1.0,0.85,0.05,0.05,0.05,0.0,0.0,0.0,0.0,0.0,0.0,0.0,1.0,0.0,0.0,0.0,0.0,0.0,0.0,0.0,0.0,0.0,0.0,1.0,0.0,0.0,0.0,0.0,0.0,0.0,0.0,0.0,0.0,0.0,0.0,0.0,0.0,0.0,0.0,0.0,0.0,0.0,0.0,0.0,0.0,0.0,0.0,0.0,0.0,0.0,0.0,0.0,0.0,0.0,0.0,0.0,0.0,0.0,0.0
attack,"""gbeleeleeTIITIITlel",time,time,seqgan_master,seqgan_master__final__time__A__500__MASTER__raw_character__len20__gpre120__reward_off__seed88,515,20.0,7.0,2.508694969562842,19.0,0.0,0.0,1.0,0.95,0.0,0.0,0.05,0.0,1.0,0.0,0.0,0.0,0.0,0.0,0.0,0.0,0.0,0.0,0.0,0.0,1.0,0.0,0.0,0.0,0.0,0.0,0.0,0.0,0.0,0.0,0.0,0.0,0.0,0.0,0.0,0.0,0.0,0.0,0.0,0.0,0.0,0.0,0.0,0.0,0.0,0.0,0.0,0.0,0.0,0.0,0.0,0.0,0.0,0.0,0.0,0.0,0.0,0.0,0.0,0.0,0.0
attack, )TTI(leleTTTIIdele0,time,time,seqgan_master,seqgan_master__final__time__A__500__MASTER__raw_character__len20__gpre120__reward_off__seed88,516,20.0,9.0,2.865957320949175,16.0,1.0,1.0,2.0,0.8,0.05,0.05,0.1,0.0,0.0,0.0,0.0,0.0,0.0,0.0,2.0,0.0,0.0,0.0,0.0,0.0,0.0,0.0,0.0,0.0,0.0,1.0,0.0,0.0,0.0,0.0,0.0,0.0,0.0,0.0,0.0,0.0,0.0,0.0,0.0,0.0,0.0,0.0,0.0,0.0,0.0,0.0,0.0,0.0,0.0,0.0,0.0,0.0,0.0,0.0,0.0,0.0,0.0,0.0,0.0,0.0,0.0
attack,"""gbeeleleeTIpgTbelel",time,time,seqgan_master,seqgan_master__final__time__A__500__MASTER__raw_character__len20__gpre120__reward_off__seed88,517,20.0,8.0,2.639353872167201,19.0,0.0,0.0,1.0,0.95,0.0,0.0,0.05,0.0,1.0,0.0,0.0,0.0,0.0,0.0,0.0,0.0,0.0,0.0,0.0,0.0,1.0,0.0,0.0,0.0,0.0,0.0,0.0,0.0,0.0,0.0,0.0,0.0,0.0,0.0,0.0,0.0,0.0,0.0,0.0,0.0,0.0,0.0,0.0,0.0,0.0,0.0,0.0,0.0,0.0,0.0,0.0,0.0,0.0,0.0,0.0,0.0,0.0,0.0,0.0,0.0,0.0
attack,"""gbegleeleeleTTTIdel",time,time,seqgan_master,seqgan_master__final__time__A__500__MASTER__raw_character__len20__gpre120__reward_off__seed88,518,20.0,8.0,2.6016094970590276,19.0,0.0,0.0,1.0,0.95,0.0,0.0,0.05,0.0,1.0,0.0,0.0,0.0,0.0,0.0,0.0,0.0,0.0,0.0,0.0,0.0,1.0,0.0,0.0,0.0,0.0,0.0,0.0,0.0,0.0,0.0,0.0,0.0,0.0,0.0,0.0,0.0,0.0,0.0,0.0,0.0,0.0,0.0,0.0,0.0,0.0,0.0,0.0,0.0,0.0,0.0,0.0,0.0,0.0,0.0,0.0,0.0,0.0,0.0,0.0,0.0,0.0
attack,"""gbeleeleleeTTTIpgTb",time,time,seqgan_master,seqgan_master__final__time__A__500__MASTER__raw_character__len20__gpre120__reward_off__seed88,519,20.0,8.0,2.708694969562842,19.0,0.0,0.0,1.0,0.95,0.0,0.0,0.05,0.0,1.0,0.0,0.0,0.0,0.0,0.0,0.0,0.0,0.0,0.0,0.0,0.0,1.0,0.0,0.0,0.0,0.0,0.0,0.0,0.0,0.0,0.0,0.0,0.0,0.0,0.0,0.0,0.0,0.0,0.0,0.0,0.0,0.0,0.0,0.0,0.0,0.0,0.0,0.0,0.0,0.0,0.0,0.0,0.0,0.0,0.0,0.0,0.0,0.0,0.0,0.0,0.0,0.0
attack,"""gbeleele0eTTbelelel",time,time,seqgan_master,seqgan_master__final__time__A__500__MASTER__raw_character__len20__gpre120__reward_off__seed88,520,20.0,7.0,2.341446071165522,18.0,1.0,0.0,1.0,0.9,0.05,0.0,0.05,0.0,1.0,0.0,0.0,0.0,0.0,0.0,0.0,0.0,0.0,0.0,0.0,0.0,1.0,0.0,0.0,0.0,0.0,0.0,0.0,0.0,0.0,0.0,0.0,0.0,0.0,0.0,0.0,0.0,0.0,0.0,0.0,0.0,0.0,0.0,0.0,0.0,0.0,0.0,0.0,0.0,0.0,0.0,0.0,0.0,0.0,0.0,0.0,0.0,0.0,0.0,0.0,0.0,0.0
attack,"""gberbeeleeTTImTetTI",time,time,seqgan_master,seqgan_master__final__time__A__500__MASTER__raw_character__len20__gpre120__reward_off__seed88,521,20.0,10.0,2.9464393446710155,19.0,0.0,0.0,1.0,0.95,0.0,0.0,0.05,0.0,1.0,0.0,0.0,0.0,0.0,0.0,0.0,0.0,0.0,0.0,0.0,0.0,1.0,0.0,0.0,0.0,0.0,0.0,0.0,0.0,0.0,0.0,0.0,0.0,0.0,0.0,0.0,0.0,0.0,0.0,0.0,0.0,0.0,0.0,0.0,0.0,0.0,0.0,0.0,0.0,0.0,0.0,0.0,0.0,0.0,0.0,0.0,0.0,0.0,0.0,0.0,0.0,0.0
attack,pgbeleeleleeTTITITTI,time,time,seqgan_master,seqgan_master__final__time__A__500__MASTER__raw_character__len20__gpre120__reward_off__seed88,522,20.0,7.0,2.490468570732828,20.0,0.0,0.0,0.0,1.0,0.0,0.0,0.0,0.0,0.0,0.0,0.0,0.0,0.0,0.0,0.0,0.0,0.0,0.0,0.0,0.0,0.0,0.0,0.0,0.0,0.0,0.0,0.0,0.0,0.0,0.0,0.0,0.0,0.0,0.0,0.0,0.0,0.0,0.0,0.0,0.0,0.0,0.0,0.0,0.0,0.0,0.0,0.0,0.0,0.0,0.0,0.0,0.0,0.0,0.0,0.0,0.0,0.0,0.0,0.0,0.0,0.0
attack,"""gbeleeleleeTIMelele",time,time,seqgan_master,seqgan_master__final__time__A__500__MASTER__raw_character__len20__gpre120__reward_off__seed88,523,20.0,8.0,2.3149798205164815,19.0,0.0,0.0,1.0,0.95,0.0,0.0,0.05,0.0,1.0,0.0,0.0,0.0,0.0,0.0,0.0,0.0,0.0,0.0,0.0,0.0,1.0,0.0,0.0,0.0,0.0,0.0,0.0,0.0,0.0,0.0,0.0,0.0,0.0,0.0,0.0,0.0,0.0,0.0,0.0,0.0,0.0,0.0,0.0,0.0,0.0,0.0,0.0,0.0,0.0,0.0,0.0,0.0,0.0,0.0,0.0,0.0,0.0,0.0,0.0,0.0,0.0
attack,"""gbrbeleeeTTeTTIMbel",time,time,seqgan_master,seqgan_master__final__time__A__500__MASTER__raw_character__len20__gpre120__reward_off__seed88,524,20.0,9.0,2.808694969562842,19.0,0.0,0.0,1.0,0.95,0.0,0.0,0.05,0.0,1.0,0.0,0.0,0.0,0.0,0.0,0.0,0.0,0.0,0.0,0.0,0.0,1.0,0.0,0.0,0.0,0.0,0.0,0.0,0.0,0.0,0.0,0.0,0.0,0.0,0.0,0.0,0.0,0.0,0.0,0.0,0.0,0.0,0.0,0.0,0.0,0.0,0.0,0.0,0.0,0.0,0.0,0.0,0.0,0.0,0.0,0.0,0.0,0.0,0.0,0.0,0.0,0.0
attack,"""gbeleeleTTITTTIMbep",time,time,seqgan_master,seqgan_master__final__time__A__500__MASTER__raw_character__len20__gpre120__reward_off__seed88,525,20.0,9.0,2.8609640474436815,19.0,0.0,0.0,1.0,0.95,0.0,0.0,0.05,0.0,1.0,0.0,0.0,0.0,0.0,0.0,0.0,0.0,0.0,0.0,0.0,0.0,1.0,0.0,0.0,0.0,0.0,0.0,0.0,0.0,0.0,0.0,0.0,0.0,0.0,0.0,0.0,0.0,0.0,0.0,0.0,0.0,0.0,0.0,0.0,0.0,0.0,0.0,0.0,0.0,0.0,0.0,0.0,0.0,0.0,0.0,0.0,0.0,0.0,0.0,0.0,0.0,0.0
attack,gTIpgTTMr belebeeTbT,time,time,seqgan_master,seqgan_master__final__time__A__500__MASTER__raw_character__len20__gpre120__reward_off__seed88,526,20.0,10.0,3.0037016960573486,19.0,0.0,1.0,0.0,0.95,0.0,0.05,0.0,0.0,0.0,0.0,0.0,0.0,0.0,0.0,0.0,0.0,0.0,0.0,0.0,0.0,0.0,0.0,0.0,0.0,0.0,0.0,0.0,0.0,0.0,0.0,0.0,0.0,0.0,0.0,0.0,0.0,0.0,0.0,0.0,0.0,0.0,0.0,0.0,0.0,0.0,0.0,0.0,0.0,0.0,0.0,0.0,0.0,0.0,0.0,0.0,0.0,0.0,0.0,0.0,0.0,0.0
attack,"""gbeleleeeTTTITIlebe",time,time,seqgan_master,seqgan_master__final__time__A__500__MASTER__raw_character__len20__gpre120__reward_off__seed88,527,20.0,7.0,2.5016094970590275,19.0,0.0,0.0,1.0,0.95,0.0,0.0,0.05,0.0,1.0,0.0,0.0,0.0,0.0,0.0,0.0,0.0,0.0,0.0,0.0,0.0,1.0,0.0,0.0,0.0,0.0,0.0,0.0,0.0,0.0,0.0,0.0,0.0,0.0,0.0,0.0,0.0,0.0,0.0,0.0,0.0,0.0,0.0,0.0,0.0,0.0,0.0,0.0,0.0,0.0,0.0,0.0,0.0,0.0,0.0,0.0,0.0,0.0,0.0,0.0,0.0,0.0
attack,"""gbeeleeTbelleeTbeTT",time,time,seqgan_master,seqgan_master__final__time__A__500__MASTER__raw_character__len20__gpre120__reward_off__seed88,528,20.0,6.0,2.2464393446710154,19.0,0.0,0.0,1.0,0.95,0.0,0.0,0.05,0.0,1.0,0.0,0.0,0.0,0.0,0.0,0.0,0.0,0.0,0.0,0.0,0.0,1.0,0.0,0.0,0.0,0.0,0.0,0.0,0.0,0.0,0.0,0.0,0.0,0.0,0.0,0.0,0.0,0.0,0.0,0.0,0.0,0.0,0.0,0.0,0.0,0.0,0.0,0.0,0.0,0.0,0.0,0.0,0.0,0.0,0.0,0.0,0.0,0.0,0.0,0.0,0.0,0.0
attack,"""gbeleeleleeTbeleTII",time,time,seqgan_master,seqgan_master__final__time__A__500__MASTER__raw_character__len20__gpre120__reward_off__seed88,529,20.0,7.0,2.4219280948873623,19.0,0.0,0.0,1.0,0.95,0.0,0.0,0.05,0.0,1.0,0.0,0.0,0.0,0.0,0.0,0.0,0.0,0.0,0.0,0.0,0.0,1.0,0.0,0.0,0.0,0.0,0.0,0.0,0.0,0.0,0.0,0.0,0.0,0.0,0.0,0.0,0.0,0.0,0.0,0.0,0.0,0.0,0.0,0.0,0.0,0.0,0.0,0.0,0.0,0.0,0.0,0.0,0.0,0.0,0.0,0.0,0.0,0.0,0.0,0.0,0.0,0.0
attack,"""gbeleleeTTIMbele0TI",time,time,seqgan_master,seqgan_master__final__time__A__500__MASTER__raw_character__len20__gpre120__reward_off__seed88,530,20.0,9.0,2.8709505944546687,18.0,1.0,0.0,1.0,0.9,0.05,0.0,0.05,0.0,1.0,0.0,0.0,0.0,0.0,0.0,0.0,0.0,0.0,0.0,0.0,0.0,1.0,0.0,0.0,0.0,0.0,0.0,0.0,0.0,0.0,0.0,0.0,0.0,0.0,0.0,0.0,0.0,0.0,0.0,0.0,0.0,0.0,0.0,0.0,0.0,0.0,0.0,0.0,0.0,0.0,0.0,0.0,0.0,0.0,0.0,0.0,0.0,0.0,0.0,0.0,0.0,0.0
attack,"""gbeleeleleTbeTTlele",time,time,seqgan_master,seqgan_master__final__time__A__500__MASTER__raw_character__len20__gpre120__reward_off__seed88,531,20.0,6.0,2.2037016960573483,19.0,0.0,0.0,1.0,0.95,0.0,0.0,0.05,0.0,1.0,0.0,0.0,0.0,0.0,0.0,0.0,0.0,0.0,0.0,0.0,0.0,1.0,0.0,0.0,0.0,0.0,0.0,0.0,0.0,0.0,0.0,0.0,0.0,0.0,0.0,0.0,0.0,0.0,0.0,0.0,0.0,0.0,0.0,0.0,0.0,0.0,0.0,0.0,0.0,0.0,0.0,0.0,0.0,0.0,0.0,0.0,0.0,0.0,0.0,0.0,0.0,0.0
attack,"""gbeleeTTTTIpgTreleT",time,time,seqgan_master,seqgan_master__final__time__A__500__MASTER__raw_character__len20__gpre120__reward_off__seed88,532,20.0,9.0,2.765957320949175,19.0,0.0,0.0,1.0,0.95,0.0,0.0,0.05,0.0,1.0,0.0,0.0,0.0,0.0,0.0,0.0,0.0,0.0,0.0,0.0,0.0,1.0,0.0,0.0,0.0,0.0,0.0,0.0,0.0,0.0,0.0,0.0,0.0,0.0,0.0,0.0,0.0,0.0,0.0,0.0,0.0,0.0,0.0,0.0,0.0,0.0,0.0,0.0,0.0,0.0,0.0,0.0,0.0,0.0,0.0,0.0,0.0,0.0,0.0,0.0,0.0,0.0
attack,"""gbeleeleTleTITTTITM",time,time,seqgan_master,seqgan_master__final__time__A__500__MASTER__raw_character__len20__gpre120__reward_off__seed88,533,20.0,8.0,2.6282129458410015,19.0,0.0,0.0,1.0,0.95,0.0,0.0,0.05,0.0,1.0,0.0,0.0,0.0,0.0,0.0,0.0,0.0,0.0,0.0,0.0,0.0,1.0,0.0,0.0,0.0,0.0,0.0,0.0,0.0,0.0,0.0,0.0,0.0,0.0,0.0,0.0,0.0,0.0,0.0,0.0,0.0,0.0,0.0,0.0,0.0,0.0,0.0,0.0,0.0,0.0,0.0,0.0,0.0,0.0,0.0,0.0,0.0,0.0,0.0,0.0,0.0,0.0
attack,"""gbeleeleeleleleTlle",time,time,seqgan_master,seqgan_master__final__time__A__500__MASTER__raw_character__len20__gpre120__reward_off__seed88,534,20.0,6.0,1.9128876215181605,19.0,0.0,0.0,1.0,0.95,0.0,0.0,0.05,0.0,1.0,0.0,0.0,0.0,0.0,0.0,0.0,0.0,0.0,0.0,0.0,0.0,1.0,0.0,0.0,0.0,0.0,0.0,0.0,0.0,0.0,0.0,0.0,0.0,0.0,0.0,0.0,0.0,0.0,0.0,0.0,0.0,0.0,0.0,0.0,0.0,0.0,0.0,0.0,0.0,0.0,0.0,0.0,0.0,0.0,0.0,0.0,0.0,0.0,0.0,0.0,0.0,0.0
attack,",wbeeeTbrbeleelTemeT",time,time,seqgan_master,seqgan_master__final__time__A__500__MASTER__raw_character__len20__gpre120__reward_off__seed88,535,20.0,8.0,2.5464393446710156,19.0,0.0,0.0,1.0,0.95,0.0,0.0,0.05,0.0,0.0,0.0,0.0,0.0,0.0,0.0,0.0,0.0,0.0,1.0,0.0,0.0,0.0,0.0,0.0,0.0,0.0,0.0,0.0,0.0,0.0,0.0,0.0,0.0,0.0,0.0,0.0,0.0,0.0,0.0,0.0,0.0,0.0,0.0,0.0,0.0,0.0,0.0,0.0,0.0,0.0,0.0,0.0,0.0,0.0,0.0,0.0,0.0,0.0,0.0,0.0,0.0,0.0
attack,"""gbeeleeTTTIMeTbeleT",time,time,seqgan_master,seqgan_master__final__time__A__500__MASTER__raw_character__len20__gpre120__reward_off__seed88,536,20.0,8.0,2.5588718484453605,19.0,0.0,0.0,1.0,0.95,0.0,0.0,0.05,0.0,1.0,0.0,0.0,0.0,0.0,0.0,0.0,0.0,0.0,0.0,0.0,0.0,1.0,0.0,0.0,0.0,0.0,0.0,0.0,0.0,0.0,0.0,0.0,0.0,0.0,0.0,0.0,0.0,0.0,0.0,0.0,0.0,0.0,0.0,0.0,0.0,0.0,0.0,0.0,0.0,0.0,0.0,0.0,0.0,0.0,0.0,0.0,0.0,0.0,0.0,0.0,0.0,0.0
attack,"""gbeleeTTTITTTTITIIM",time,time,seqgan_master,seqgan_master__final__time__A__500__MASTER__raw_character__len20__gpre120__reward_off__seed88,537,20.0,8.0,2.484183719779189,19.0,0.0,0.0,1.0,0.95,0.0,0.0,0.05,0.0,1.0,0.0,0.0,0.0,0.0,0.0,0.0,0.0,0.0,0.0,0.0,0.0,1.0,0.0,0.0,0.0,0.0,0.0,0.0,0.0,0.0,0.0,0.0,0.0,0.0,0.0,0.0,0.0,0.0,0.0,0.0,0.0,0.0,0.0,0.0,0.0,0.0,0.0,0.0,0.0,0.0,0.0,0.0,0.0,0.0,0.0,0.0,0.0,0.0,0.0,0.0,0.0,0.0
attack,"""gbeleeTITeleleTTTT(",time,time,seqgan_master,seqgan_master__final__time__A__500__MASTER__raw_character__len20__gpre120__reward_off__seed88,538,20.0,8.0,2.5332062193464955,18.0,0.0,0.0,2.0,0.9,0.0,0.0,0.1,0.0,1.0,0.0,0.0,0.0,0.0,0.0,1.0,0.0,0.0,0.0,0.0,0.0,1.0,0.0,0.0,0.0,0.0,1.0,0.0,0.0,0.0,0.0,0.0,0.0,0.0,0.0,0.0,0.0,0.0,0.0,0.0,0.0,0.0,0.0,0.0,0.0,0.0,0.0,0.0,0.0,0.0,0.0,0.0,0.0,0.0,0.0,0.0,0.0,0.0,0.0,0.0,0.0,0.0
attack,"""gbeleeleleTTbeleele",time,time,seqgan_master,seqgan_master__final__time__A__500__MASTER__raw_character__len20__gpre120__reward_off__seed88,539,20.0,6.0,2.1149798205164814,19.0,0.0,0.0,1.0,0.95,0.0,0.0,0.05,0.0,1.0,0.0,0.0,0.0,0.0,0.0,0.0,0.0,0.0,0.0,0.0,0.0,1.0,0.0,0.0,0.0,0.0,0.0,0.0,0.0,0.0,0.0,0.0,0.0,0.0,0.0,0.0,0.0,0.0,0.0,0.0,0.0,0.0,0.0,0.0,0.0,0.0,0.0,0.0,0.0,0.0,0.0,0.0,0.0,0.0,0.0,0.0,0.0,0.0,0.0,0.0,0.0,0.0
attack,"""gbrbeleeTnele0gTTIp",time,time,seqgan_master,seqgan_master__final__time__A__500__MASTER__raw_character__len20__gpre120__reward_off__seed88,540,20.0,11.0,3.2037016960573483,18.0,1.0,0.0,1.0,0.9,0.05,0.0,0.05,0.0,1.0,0.0,0.0,0.0,0.0,0.0,0.0,0.0,0.0,0.0,0.0,0.0,1.0,0.0,0.0,0.0,0.0,0.0,0.0,0.0,0.0,0.0,0.0,0.0,0.0,0.0,0.0,0.0,0.0,0.0,0.0,0.0,0.0,0.0,0.0,0.0,0.0,0.0,0.0,0.0,0.0,0.0,0.0,0.0,0.0,0.0,0.0,0.0,0.0,0.0,0.0,0.0,0.0
attack,"""gbeleeTleTTTTpgTIMb",time,time,seqgan_master,seqgan_master__final__time__A__500__MASTER__raw_character__len20__gpre120__reward_off__seed88,541,20.0,9.0,2.8464393446710154,19.0,0.0,0.0,1.0,0.95,0.0,0.0,0.05,0.0,1.0,0.0,0.0,0.0,0.0,0.0,0.0,0.0,0.0,0.0,0.0,0.0,1.0,0.0,0.0,0.0,0.0,0.0,0.0,0.0,0.0,0.0,0.0,0.0,0.0,0.0,0.0,0.0,0.0,0.0,0.0,0.0,0.0,0.0,0.0,0.0,0.0,0.0,0.0,0.0,0.0,0.0,0.0,0.0,0.0,0.0,0.0,0.0,0.0,0.0,0.0,0.0,0.0
attack,"""gbeeleleleleeTTTITT",time,time,seqgan_master,seqgan_master__final__time__A__500__MASTER__raw_character__len20__gpre120__reward_off__seed88,542,20.0,7.0,2.3588718484453604,19.0,0.0,0.0,1.0,0.95,0.0,0.0,0.05,0.0,1.0,0.0,0.0,0.0,0.0,0.0,0.0,0.0,0.0,0.0,0.0,0.0,1.0,0.0,0.0,0.0,0.0,0.0,0.0,0.0,0.0,0.0,0.0,0.0,0.0,0.0,0.0,0.0,0.0,0.0,0.0,0.0,0.0,0.0,0.0,0.0,0.0,0.0,0.0,0.0,0.0,0.0,0.0,0.0,0.0,0.0,0.0,0.0,0.0,0.0,0.0,0.0,0.0
attack,"""gbrbeleeleleleleTTT",time,time,seqgan_master,seqgan_master__final__time__A__500__MASTER__raw_character__len20__gpre120__reward_off__seed88,543,20.0,7.0,2.421127473337187,19.0,0.0,0.0,1.0,0.95,0.0,0.0,0.05,0.0,1.0,0.0,0.0,0.0,0.0,0.0,0.0,0.0,0.0,0.0,0.0,0.0,1.0,0.0,0.0,0.0,0.0,0.0,0.0,0.0,0.0,0.0,0.0,0.0,0.0,0.0,0.0,0.0,0.0,0.0,0.0,0.0,0.0,0.0,0.0,0.0,0.0,0.0,0.0,0.0,0.0,0.0,0.0,0.0,0.0,0.0,0.0,0.0,0.0,0.0,0.0,0.0,0.0
attack,"""gbribeeleeTTbeleleT",time,time,seqgan_master,seqgan_master__final__time__A__500__MASTER__raw_character__len20__gpre120__reward_off__seed88,544,20.0,8.0,2.6261207468426804,19.0,0.0,0.0,1.0,0.95,0.0,0.0,0.05,0.0,1.0,0.0,0.0,0.0,0.0,0.0,0.0,0.0,0.0,0.0,0.0,0.0,1.0,0.0,0.0,0.0,0.0,0.0,0.0,0.0,0.0,0.0,0.0,0.0,0.0,0.0,0.0,0.0,0.0,0.0,0.0,0.0,0.0,0.0,0.0,0.0,0.0,0.0,0.0,0.0,0.0,0.0,0.0,0.0,0.0,0.0,0.0,0.0,0.0,0.0,0.0,0.0,0.0
attack,"""gbeleeTITpgTneleTbe",time,time,seqgan_master,seqgan_master__final__time__A__500__MASTER__raw_character__len20__gpre120__reward_off__seed88,545,20.0,9.0,2.8464393446710154,19.0,0.0,0.0,1.0,0.95,0.0,0.0,0.05,0.0,1.0,0.0,0.0,0.0,0.0,0.0,0.0,0.0,0.0,0.0,0.0,0.0,1.0,0.0,0.0,0.0,0.0,0.0,0.0,0.0,0.0,0.0,0.0,0.0,0.0,0.0,0.0,0.0,0.0,0.0,0.0,0.0,0.0,0.0,0.0,0.0,0.0,0.0,0.0,0.0,0.0,0.0,0.0,0.0,0.0,0.0,0.0,0.0,0.0,0.0,0.0,0.0,0.0
attack,"""gbeeleTbeTbeleTTIpg",time,time,seqgan_master,seqgan_master__final__time__A__500__MASTER__raw_character__len20__gpre120__reward_off__seed88,546,20.0,8.0,2.708694969562842,19.0,0.0,0.0,1.0,0.95,0.0,0.0,0.05,0.0,1.0,0.0,0.0,0.0,0.0,0.0,0.0,0.0,0.0,0.0,0.0,0.0,1.0,0.0,0.0,0.0,0.0,0.0,0.0,0.0,0.0,0.0,0.0,0.0,0.0,0.0,0.0,0.0,0.0,0.0,0.0,0.0,0.0,0.0,0.0,0.0,0.0,0.0,0.0,0.0,0.0,0.0,0.0,0.0,0.0,0.0,0.0,0.0,0.0,0.0,0.0,0.0,0.0
attack,"""gbeleeeTTTTTIpgTTTT",time,time,seqgan_master,seqgan_master__final__time__A__500__MASTER__raw_character__len20__gpre120__reward_off__seed88,547,20.0,8.0,2.395461844238322,19.0,0.0,0.0,1.0,0.95,0.0,0.0,0.05,0.0,1.0,0.0,0.0,0.0,0.0,0.0,0.0,0.0,0.0,0.0,0.0,0.0,1.0,0.0,0.0,0.0,0.0,0.0,0.0,0.0,0.0,0.0,0.0,0.0,0.0,0.0,0.0,0.0,0.0,0.0,0.0,0.0,0.0,0.0,0.0,0.0,0.0,0.0,0.0,0.0,0.0,0.0,0.0,0.0,0.0,0.0,0.0,0.0,0.0,0.0,0.0,0.0,0.0
attack,"""gbeleeleleleTIMeTIM",time,time,seqgan_master,seqgan_master__final__time__A__500__MASTER__raw_character__len20__gpre120__reward_off__seed88,548,20.0,8.0,2.639353872167201,19.0,0.0,0.0,1.0,0.95,0.0,0.0,0.05,0.0,1.0,0.0,0.0,0.0,0.0,0.0,0.0,0.0,0.0,0.0,0.0,0.0,1.0,0.0,0.0,0.0,0.0,0.0,0.0,0.0,0.0,0.0,0.0,0.0,0.0,0.0,0.0,0.0,0.0,0.0,0.0,0.0,0.0,0.0,0.0,0.0,0.0,0.0,0.0,0.0,0.0,0.0,0.0,0.0,0.0,0.0,0.0,0.0,0.0,0.0,0.0,0.0,0.0
attack,"""gbeeTbeeTITTIMbelel",time,time,seqgan_master,seqgan_master__final__time__A__500__MASTER__raw_character__len20__gpre120__reward_off__seed88,549,20.0,8.0,2.708694969562842,19.0,0.0,0.0,1.0,0.95,0.0,0.0,0.05,0.0,1.0,0.0,0.0,0.0,0.0,0.0,0.0,0.0,0.0,0.0,0.0,0.0,1.0,0.0,0.0,0.0,0.0,0.0,0.0,0.0,0.0,0.0,0.0,0.0,0.0,0.0,0.0,0.0,0.0,0.0,0.0,0.0,0.0,0.0,0.0,0.0,0.0,0.0,0.0,0.0,0.0,0.0,0.0,0.0,0.0,0.0,0.0,0.0,0.0,0.0,0.0,0.0,0.0
attack,"""gbeleeeTIMeleTbelel",time,time,seqgan_master,seqgan_master__final__time__A__500__MASTER__raw_character__len20__gpre120__reward_off__seed88,550,20.0,8.0,2.5219280948873624,19.0,0.0,0.0,1.0,0.95,0.0,0.0,0.05,0.0,1.0,0.0,0.0,0.0,0.0,0.0,0.0,0.0,0.0,0.0,0.0,0.0,1.0,0.0,0.0,0.0,0.0,0.0,0.0,0.0,0.0,0.0,0.0,0.0,0.0,0.0,0.0,0.0,0.0,0.0,0.0,0.0,0.0,0.0,0.0,0.0,0.0,0.0,0.0,0.0,0.0,0.0,0.0,0.0,0.0,0.0,0.0,0.0,0.0,0.0,0.0,0.0,0.0
attack,"""bee05be0TTTTTIIbele",time,time,seqgan_master,seqgan_master__final__time__A__500__MASTER__raw_character__len20__gpre120__reward_off__seed88,551,20.0,8.0,2.723219672335508,16.0,3.0,0.0,1.0,0.8,0.15,0.0,0.05,0.0,1.0,0.0,0.0,0.0,0.0,0.0,0.0,0.0,0.0,0.0,0.0,0.0,1.0,0.0,0.0,0.0,0.0,0.0,0.0,0.0,0.0,0.0,0.0,0.0,0.0,0.0,0.0,0.0,0.0,0.0,0.0,0.0,0.0,0.0,0.0,0.0,0.0,0.0,0.0,0.0,0.0,0.0,0.0,0.0,0.0,0.0,0.0,0.0,0.0,0.0,0.0,0.0,0.0
attack,"""gbebeleleeleTITTIpg",time,time,seqgan_master,seqgan_master__final__time__A__500__MASTER__raw_character__len20__gpre120__reward_off__seed88,552,20.0,8.0,2.7709505944546686,19.0,0.0,0.0,1.0,0.95,0.0,0.0,0.05,0.0,1.0,0.0,0.0,0.0,0.0,0.0,0.0,0.0,0.0,0.0,0.0,0.0,1.0,0.0,0.0,0.0,0.0,0.0,0.0,0.0,0.0,0.0,0.0,0.0,0.0,0.0,0.0,0.0,0.0,0.0,0.0,0.0,0.0,0.0,0.0,0.0,0.0,0.0,0.0,0.0,0.0,0.0,0.0,0.0,0.0,0.0,0.0,0.0,0.0,0.0,0.0,0.0,0.0
attack,"""gbeleeTTTbeTIbelele",time,time,seqgan_master,seqgan_master__final__time__A__500__MASTER__raw_character__len20__gpre120__reward_off__seed88,553,20.0,7.0,2.463865121950854,19.0,0.0,0.0,1.0,0.95,0.0,0.0,0.05,0.0,1.0,0.0,0.0,0.0,0.0,0.0,0.0,0.0,0.0,0.0,0.0,0.0,1.0,0.0,0.0,0.0,0.0,0.0,0.0,0.0,0.0,0.0,0.0,0.0,0.0,0.0,0.0,0.0,0.0,0.0,0.0,0.0,0.0,0.0,0.0,0.0,0.0,0.0,0.0,0.0,0.0,0.0,0.0,0.0,0.0,0.0,0.0,0.0,0.0,0.0,0.0,0.0,0.0
attack,"""gbeleeTbeTbeleleleT",time,time,seqgan_master,seqgan_master__final__time__A__500__MASTER__raw_character__len20__gpre120__reward_off__seed88,554,20.0,6.0,2.2464393446710154,19.0,0.0,0.0,1.0,0.95,0.0,0.0,0.05,0.0,1.0,0.0,0.0,0.0,0.0,0.0,0.0,0.0,0.0,0.0,0.0,0.0,1.0,0.0,0.0,0.0,0.0,0.0,0.0,0.0,0.0,0.0,0.0,0.0,0.0,0.0,0.0,0.0,0.0,0.0,0.0,0.0,0.0,0.0,0.0,0.0,0.0,0.0,0.0,0.0,0.0,0.0,0.0,0.0,0.0,0.0,0.0,0.0,0.0,0.0,0.0,0.0,0.0
attack,"""gbeelelelelelegTTIp",time,time,seqgan_master,seqgan_master__final__time__A__500__MASTER__raw_character__len20__gpre120__reward_off__seed88,555,20.0,8.0,2.5588718484453605,19.0,0.0,0.0,1.0,0.95,0.0,0.0,0.05,0.0,1.0,0.0,0.0,0.0,0.0,0.0,0.0,0.0,0.0,0.0,0.0,0.0,1.0,0.0,0.0,0.0,0.0,0.0,0.0,0.0,0.0,0.0,0.0,0.0,0.0,0.0,0.0,0.0,0.0,0.0,0.0,0.0,0.0,0.0,0.0,0.0,0.0,0.0,0.0,0.0,0.0,0.0,0.0,0.0,0.0,0.0,0.0,0.0,0.0,0.0,0.0,0.0,0.0
attack,"""gbeeleleTeTTIIpgTbe",time,time,seqgan_master,seqgan_master__final__time__A__500__MASTER__raw_character__len20__gpre120__reward_off__seed88,556,20.0,8.0,2.746439344671016,19.0,0.0,0.0,1.0,0.95,0.0,0.0,0.05,0.0,1.0,0.0,0.0,0.0,0.0,0.0,0.0,0.0,0.0,0.0,0.0,0.0,1.0,0.0,0.0,0.0,0.0,0.0,0.0,0.0,0.0,0.0,0.0,0.0,0.0,0.0,0.0,0.0,0.0,0.0,0.0,0.0,0.0,0.0,0.0,0.0,0.0,0.0,0.0,0.0,0.0,0.0,0.0,0.0,0.0,0.0,0.0,0.0,0.0,0.0,0.0,0.0,0.0
attack,"""gtrbeleelebeTleTTTI",time,time,seqgan_master,seqgan_master__final__time__A__500__MASTER__raw_character__len20__gpre120__reward_off__seed88,557,20.0,9.0,2.808694969562842,19.0,0.0,0.0,1.0,0.95,0.0,0.0,0.05,0.0,1.0,0.0,0.0,0.0,0.0,0.0,0.0,0.0,0.0,0.0,0.0,0.0,1.0,0.0,0.0,0.0,0.0,0.0,0.0,0.0,0.0,0.0,0.0,0.0,0.0,0.0,0.0,0.0,0.0,0.0,0.0,0.0,0.0,0.0,0.0,0.0,0.0,0.0,0.0,0.0,0.0,0.0,0.0,0.0,0.0,0.0,0.0,0.0,0.0,0.0,0.0,0.0,0.0
attack,"""gbeleeTTrneTIMbee0T",time,time,seqgan_master,seqgan_master__final__time__A__500__MASTER__raw_character__len20__gpre120__reward_off__seed88,558,20.0,11.0,3.0464393446710156,18.0,1.0,0.0,1.0,0.9,0.05,0.0,0.05,0.0,1.0,0.0,0.0,0.0,0.0,0.0,0.0,0.0,0.0,0.0,0.0,0.0,1.0,0.0,0.0,0.0,0.0,0.0,0.0,0.0,0.0,0.0,0.0,0.0,0.0,0.0,0.0,0.0,0.0,0.0,0.0,0.0,0.0,0.0,0.0,0.0,0.0,0.0,0.0,0.0,0.0,0.0,0.0,0.0,0.0,0.0,0.0,0.0,0.0,0.0,0.0,0.0,0.0
attack,"""gbeeTleTIMbelelelee",time,time,seqgan_master,seqgan_master__final__time__A__500__MASTER__raw_character__len20__gpre120__reward_off__seed88,559,20.0,8.0,2.5219280948873624,19.0,0.0,0.0,1.0,0.95,0.0,0.0,0.05,0.0,1.0,0.0,0.0,0.0,0.0,0.0,0.0,0.0,0.0,0.0,0.0,0.0,1.0,0.0,0.0,0.0,0.0,0.0,0.0,0.0,0.0,0.0,0.0,0.0,0.0,0.0,0.0,0.0,0.0,0.0,0.0,0.0,0.0,0.0,0.0,0.0,0.0,0.0,0.0,0.0,0.0,0.0,0.0,0.0,0.0,0.0,0.0,0.0,0.0,0.0,0.0,0.0,0.0
attack,"""gbeelelelelelebelee",time,time,seqgan_master,seqgan_master__final__time__A__500__MASTER__raw_character__len20__gpre120__reward_off__seed88,560,20.0,5.0,1.7854752972273344,19.0,0.0,0.0,1.0,0.95,0.0,0.0,0.05,0.0,1.0,0.0,0.0,0.0,0.0,0.0,0.0,0.0,0.0,0.0,0.0,0.0,1.0,0.0,0.0,0.0,0.0,0.0,0.0,0.0,0.0,0.0,0.0,0.0,0.0,0.0,0.0,0.0,0.0,0.0,0.0,0.0,0.0,0.0,0.0,0.0,0.0,0.0,0.0,0.0,0.0,0.0,0.0,0.0,0.0,0.0,0.0,0.0,0.0,0.0,0.0,0.0,0.0
attack,"""gbeeleeTITbeleTbele",time,time,seqgan_master,seqgan_master__final__time__A__500__MASTER__raw_character__len20__gpre120__reward_off__seed88,561,20.0,7.0,2.408694969562842,19.0,0.0,0.0,1.0,0.95,0.0,0.0,0.05,0.0,1.0,0.0,0.0,0.0,0.0,0.0,0.0,0.0,0.0,0.0,0.0,0.0,1.0,0.0,0.0,0.0,0.0,0.0,0.0,0.0,0.0,0.0,0.0,0.0,0.0,0.0,0.0,0.0,0.0,0.0,0.0,0.0,0.0,0.0,0.0,0.0,0.0,0.0,0.0,0.0,0.0,0.0,0.0,0.0,0.0,0.0,0.0,0.0,0.0,0.0,0.0,0.0,0.0
attack,"""gbeeebelee0TIpgTTTI",time,time,seqgan_master,seqgan_master__final__time__A__500__MASTER__raw_character__len20__gpre120__reward_off__seed88,562,20.0,9.0,2.8464393446710154,18.0,1.0,0.0,1.0,0.9,0.05,0.0,0.05,0.0,1.0,0.0,0.0,0.0,0.0,0.0,0.0,0.0,0.0,0.0,0.0,0.0,1.0,0.0,0.0,0.0,0.0,0.0,0.0,0.0,0.0,0.0,0.0,0.0,0.0,0.0,0.0,0.0,0.0,0.0,0.0,0.0,0.0,0.0,0.0,0.0,0.0,0.0,0.0,0.0,0.0,0.0,0.0,0.0,0.0,0.0,0.0,0.0,0.0,0.0,0.0,0.0,0.0
attack,"""gbeleleee0TTTTTIMIe",time,time,seqgan_master,seqgan_master__final__time__A__500__MASTER__raw_character__len20__gpre120__reward_off__seed88,563,20.0,9.0,2.765957320949175,18.0,1.0,0.0,1.0,0.9,0.05,0.0,0.05,0.0,1.0,0.0,0.0,0.0,0.0,0.0,0.0,0.0,0.0,0.0,0.0,0.0,1.0,0.0,0.0,0.0,0.0,0.0,0.0,0.0,0.0,0.0,0.0,0.0,0.0,0.0,0.0,0.0,0.0,0.0,0.0,0.0,0.0,0.0,0.0,0.0,0.0,0.0,0.0,0.0,0.0,0.0,0.0,0.0,0.0,0.0,0.0,0.0,0.0,0.0,0.0,0.0,0.0
attack,"""gbeeleleele0TIleleT",time,time,seqgan_master,seqgan_master__final__time__A__500__MASTER__raw_character__len20__gpre120__reward_off__seed88,564,20.0,8.0,2.441446071165522,18.0,1.0,0.0,1.0,0.9,0.05,0.0,0.05,0.0,1.0,0.0,0.0,0.0,0.0,0.0,0.0,0.0,0.0,0.0,0.0,0.0,1.0,0.0,0.0,0.0,0.0,0.0,0.0,0.0,0.0,0.0,0.0,0.0,0.0,0.0,0.0,0.0,0.0,0.0,0.0,0.0,0.0,0.0,0.0,0.0,0.0,0.0,0.0,0.0,0.0,0.0,0.0,0.0,0.0,0.0,0.0,0.0,0.0,0.0,0.0,0.0,0.0
attack,",waiibeeTTTTIpgTTTTm",time,time,seqgan_master,seqgan_master__final__time__A__500__MASTER__raw_character__len20__gpre120__reward_off__seed88,565,20.0,11.0,2.9219280948873623,19.0,0.0,0.0,1.0,0.95,0.0,0.0,0.05,0.0,0.0,0.0,0.0,0.0,0.0,0.0,0.0,0.0,0.0,1.0,0.0,0.0,0.0,0.0,0.0,0.0,0.0,0.0,0.0,0.0,0.0,0.0,0.0,0.0,0.0,0.0,0.0,0.0,0.0,0.0,0.0,0.0,0.0,0.0,0.0,0.0,0.0,0.0,0.0,0.0,0.0,0.0,0.0,0.0,0.0,0.0,0.0,0.0,0.0,0.0,0.0,0.0,0.0
attack,"""gbeleeleeleTTTIITIp",time,time,seqgan_master,seqgan_master__final__time__A__500__MASTER__raw_character__len20__gpre120__reward_off__seed88,566,20.0,8.0,2.6709505944546685,19.0,0.0,0.0,1.0,0.95,0.0,0.0,0.05,0.0,1.0,0.0,0.0,0.0,0.0,0.0,0.0,0.0,0.0,0.0,0.0,0.0,1.0,0.0,0.0,0.0,0.0,0.0,0.0,0.0,0.0,0.0,0.0,0.0,0.0,0.0,0.0,0.0,0.0,0.0,0.0,0.0,0.0,0.0,0.0,0.0,0.0,0.0,0.0,0.0,0.0,0.0,0.0,0.0,0.0,0.0,0.0,0.0,0.0,0.0,0.0,0.0,0.0
attack,"""gbeleleeTTTTIMbelee",time,time,seqgan_master,seqgan_master__final__time__A__500__MASTER__raw_character__len20__gpre120__reward_off__seed88,567,20.0,8.0,2.6016094970590276,19.0,0.0,0.0,1.0,0.95,0.0,0.0,0.05,0.0,1.0,0.0,0.0,0.0,0.0,0.0,0.0,0.0,0.0,0.0,0.0,0.0,1.0,0.0,0.0,0.0,0.0,0.0,0.0,0.0,0.0,0.0,0.0,0.0,0.0,0.0,0.0,0.0,0.0,0.0,0.0,0.0,0.0,0.0,0.0,0.0,0.0,0.0,0.0,0.0,0.0,0.0,0.0,0.0,0.0,0.0,0.0,0.0,0.0,0.0,0.0,0.0,0.0
attack,"""gbeleeleTbeleTTTTIM",time,time,seqgan_master,seqgan_master__final__time__A__500__MASTER__raw_character__len20__gpre120__reward_off__seed88,568,20.0,8.0,2.6282129458410015,19.0,0.0,0.0,1.0,0.95,0.0,0.0,0.05,0.0,1.0,0.0,0.0,0.0,0.0,0.0,0.0,0.0,0.0,0.0,0.0,0.0,1.0,0.0,0.0,0.0,0.0,0.0,0.0,0.0,0.0,0.0,0.0,0.0,0.0,0.0,0.0,0.0,0.0,0.0,0.0,0.0,0.0,0.0,0.0,0.0,0.0,0.0,0.0,0.0,0.0,0.0,0.0,0.0,0.0,0.0,0.0,0.0,0.0,0.0,0.0,0.0,0.0
attack,"""gbelegleeleeTTIIMIb",time,time,seqgan_master,seqgan_master__final__time__A__500__MASTER__raw_character__len20__gpre120__reward_off__seed88,569,20.0,8.0,2.7709505944546686,19.0,0.0,0.0,1.0,0.95,0.0,0.0,0.05,0.0,1.0,0.0,0.0,0.0,0.0,0.0,0.0,0.0,0.0,0.0,0.0,0.0,1.0,0.0,0.0,0.0,0.0,0.0,0.0,0.0,0.0,0.0,0.0,0.0,0.0,0.0,0.0,0.0,0.0,0.0,0.0,0.0,0.0,0.0,0.0,0.0,0.0,0.0,0.0,0.0,0.0,0.0,0.0,0.0,0.0,0.0,0.0,0.0,0.0,0.0,0.0,0.0,0.0
attack,"""gbeleelee0TIbeleeTb",time,time,seqgan_master,seqgan_master__final__time__A__500__MASTER__raw_character__len20__gpre120__reward_off__seed88,570,20.0,8.0,2.5464393446710156,18.0,1.0,0.0,1.0,0.9,0.05,0.0,0.05,0.0,1.0,0.0,0.0,0.0,0.0,0.0,0.0,0.0,0.0,0.0,0.0,0.0,1.0,0.0,0.0,0.0,0.0,0.0,0.0,0.0,0.0,0.0,0.0,0.0,0.0,0.0,0.0,0.0,0.0,0.0,0.0,0.0,0.0,0.0,0.0,0.0,0.0,0.0,0.0,0.0,0.0,0.0,0.0,0.0,0.0,0.0,0.0,0.0,0.0,0.0,0.0,0.0,0.0
attack,"""gbeleleeTIleTTIITIT",time,time,seqgan_master,seqgan_master__final__time__A__500__MASTER__raw_character__len20__gpre120__reward_off__seed88,571,20.0,7.0,2.523219672335508,19.0,0.0,0.0,1.0,0.95,0.0,0.0,0.05,0.0,1.0,0.0,0.0,0.0,0.0,0.0,0.0,0.0,0.0,0.0,0.0,0.0,1.0,0.0,0.0,0.0,0.0,0.0,0.0,0.0,0.0,0.0,0.0,0.0,0.0,0.0,0.0,0.0,0.0,0.0,0.0,0.0,0.0,0.0,0.0,0.0,0.0,0.0,0.0,0.0,0.0,0.0,0.0,0.0,0.0,0.0,0.0,0.0,0.0,0.0,0.0,0.0,0.0
attack,"""gbeleeleleleTTTIpgT",time,time,seqgan_master,seqgan_master__final__time__A__500__MASTER__raw_character__len20__gpre120__reward_off__seed88,572,20.0,8.0,2.6464393446710157,19.0,0.0,0.0,1.0,0.95,0.0,0.0,0.05,0.0,1.0,0.0,0.0,0.0,0.0,0.0,0.0,0.0,0.0,0.0,0.0,0.0,1.0,0.0,0.0,0.0,0.0,0.0,0.0,0.0,0.0,0.0,0.0,0.0,0.0,0.0,0.0,0.0,0.0,0.0,0.0,0.0,0.0,0.0,0.0,0.0,0.0,0.0,0.0,0.0,0.0,0.0,0.0,0.0,0.0,0.0,0.0,0.0,0.0,0.0,0.0,0.0,0.0
attack,"""gbeleeTbeTTIMeleleT",time,time,seqgan_master,seqgan_master__final__time__A__500__MASTER__raw_character__len20__gpre120__reward_off__seed88,573,20.0,8.0,2.6016094970590276,19.0,0.0,0.0,1.0,0.95,0.0,0.0,0.05,0.0,1.0,0.0,0.0,0.0,0.0,0.0,0.0,0.0,0.0,0.0,0.0,0.0,1.0,0.0,0.0,0.0,0.0,0.0,0.0,0.0,0.0,0.0,0.0,0.0,0.0,0.0,0.0,0.0,0.0,0.0,0.0,0.0,0.0,0.0,0.0,0.0,0.0,0.0,0.0,0.0,0.0,0.0,0.0,0.0,0.0,0.0,0.0,0.0,0.0,0.0,0.0,0.0,0.0
attack,"""gbeleelelele0gTeTIT",time,time,seqgan_master,seqgan_master__final__time__A__500__MASTER__raw_character__len20__gpre120__reward_off__seed88,574,20.0,8.0,2.6016094970590276,18.0,1.0,0.0,1.0,0.9,0.05,0.0,0.05,0.0,1.0,0.0,0.0,0.0,0.0,0.0,0.0,0.0,0.0,0.0,0.0,0.0,1.0,0.0,0.0,0.0,0.0,0.0,0.0,0.0,0.0,0.0,0.0,0.0,0.0,0.0,0.0,0.0,0.0,0.0,0.0,0.0,0.0,0.0,0.0,0.0,0.0,0.0,0.0,0.0,0.0,0.0,0.0,0.0,0.0,0.0,0.0,0.0,0.0,0.0,0.0,0.0,0.0
attack,"""gbeeleleleeTeTTIpgb",time,time,seqgan_master,seqgan_master__final__time__A__500__MASTER__raw_character__len20__gpre120__reward_off__seed88,575,20.0,8.0,2.6638651219508542,19.0,0.0,0.0,1.0,0.95,0.0,0.0,0.05,0.0,1.0,0.0,0.0,0.0,0.0,0.0,0.0,0.0,0.0,0.0,0.0,0.0,1.0,0.0,0.0,0.0,0.0,0.0,0.0,0.0,0.0,0.0,0.0,0.0,0.0,0.0,0.0,0.0,0.0,0.0,0.0,0.0,0.0,0.0,0.0,0.0,0.0,0.0,0.0,0.0,0.0,0.0,0.0,0.0,0.0,0.0,0.0,0.0,0.0,0.0,0.0,0.0,0.0
attack,"""gberbeleeleleTITbyT",time,time,seqgan_master,seqgan_master__final__time__A__500__MASTER__raw_character__len20__gpre120__reward_off__seed88,576,20.0,9.0,2.8332062193464953,19.0,0.0,0.0,1.0,0.95,0.0,0.0,0.05,0.0,1.0,0.0,0.0,0.0,0.0,0.0,0.0,0.0,0.0,0.0,0.0,0.0,1.0,0.0,0.0,0.0,0.0,0.0,0.0,0.0,0.0,0.0,0.0,0.0,0.0,0.0,0.0,0.0,0.0,0.0,0.0,0.0,0.0,0.0,0.0,0.0,0.0,0.0,0.0,0.0,0.0,0.0,0.0,0.0,0.0,0.0,0.0,0.0,0.0,0.0,0.0,0.0,0.0
attack,"""gbegbeleeTbTbeTIIle",time,time,seqgan_master,seqgan_master__final__time__A__500__MASTER__raw_character__len20__gpre120__reward_off__seed88,577,20.0,7.0,2.6086949695628423,19.0,0.0,0.0,1.0,0.95,0.0,0.0,0.05,0.0,1.0,0.0,0.0,0.0,0.0,0.0,0.0,0.0,0.0,0.0,0.0,0.0,1.0,0.0,0.0,0.0,0.0,0.0,0.0,0.0,0.0,0.0,0.0,0.0,0.0,0.0,0.0,0.0,0.0,0.0,0.0,0.0,0.0,0.0,0.0,0.0,0.0,0.0,0.0,0.0,0.0,0.0,0.0,0.0,0.0,0.0,0.0,0.0,0.0,0.0,0.0,0.0,0.0
attack,"""gbeeleeleTIpgtrbeel",time,time,seqgan_master,seqgan_master__final__time__A__500__MASTER__raw_character__len20__gpre120__reward_off__seed88,578,20.0,10.0,2.9016094970590274,19.0,0.0,0.0,1.0,0.95,0.0,0.0,0.05,0.0,1.0,0.0,0.0,0.0,0.0,0.0,0.0,0.0,0.0,0.0,0.0,0.0,1.0,0.0,0.0,0.0,0.0,0.0,0.0,0.0,0.0,0.0,0.0,0.0,0.0,0.0,0.0,0.0,0.0,0.0,0.0,0.0,0.0,0.0,0.0,0.0,0.0,0.0,0.0,0.0,0.0,0.0,0.0,0.0,0.0,0.0,0.0,0.0,0.0,0.0,0.0,0.0,0.0
attack,"""gbeleeleTTITTTIITr0",time,time,seqgan_master,seqgan_master__final__time__A__500__MASTER__raw_character__len20__gpre120__reward_off__seed88,579,20.0,9.0,2.808694969562842,18.0,1.0,0.0,1.0,0.9,0.05,0.0,0.05,0.0,1.0,0.0,0.0,0.0,0.0,0.0,0.0,0.0,0.0,0.0,0.0,0.0,1.0,0.0,0.0,0.0,0.0,0.0,0.0,0.0,0.0,0.0,0.0,0.0,0.0,0.0,0.0,0.0,0.0,0.0,0.0,0.0,0.0,0.0,0.0,0.0,0.0,0.0,0.0,0.0,0.0,0.0,0.0,0.0,0.0,0.0,0.0,0.0,0.0,0.0,0.0,0.0,0.0
attack,"""gbeeleleeleTITTbeTT",time,time,seqgan_master,seqgan_master__final__time__A__500__MASTER__raw_character__len20__gpre120__reward_off__seed88,580,20.0,7.0,2.421127473337187,19.0,0.0,0.0,1.0,0.95,0.0,0.0,0.05,0.0,1.0,0.0,0.0,0.0,0.0,0.0,0.0,0.0,0.0,0.0,0.0,0.0,1.0,0.0,0.0,0.0,0.0,0.0,0.0,0.0,0.0,0.0,0.0,0.0,0.0,0.0,0.0,0.0,0.0,0.0,0.0,0.0,0.0,0.0,0.0,0.0,0.0,0.0,0.0,0.0,0.0,0.0,0.0,0.0,0.0,0.0,0.0,0.0,0.0,0.0,0.0,0.0,0.0
attack,"""gbeleeleeTTTTIpgbel",time,time,seqgan_master,seqgan_master__final__time__A__500__MASTER__raw_character__len20__gpre120__reward_off__seed88,581,20.0,8.0,2.708694969562842,19.0,0.0,0.0,1.0,0.95,0.0,0.0,0.05,0.0,1.0,0.0,0.0,0.0,0.0,0.0,0.0,0.0,0.0,0.0,0.0,0.0,1.0,0.0,0.0,0.0,0.0,0.0,0.0,0.0,0.0,0.0,0.0,0.0,0.0,0.0,0.0,0.0,0.0,0.0,0.0,0.0,0.0,0.0,0.0,0.0,0.0,0.0,0.0,0.0,0.0,0.0,0.0,0.0,0.0,0.0,0.0,0.0,0.0,0.0,0.0,0.0,0.0
attack,"""gbeleeleTIIIdeleTbe",time,time,seqgan_master,seqgan_master__final__time__A__500__MASTER__raw_character__len20__gpre120__reward_off__seed88,582,20.0,8.0,2.6638651219508542,19.0,0.0,0.0,1.0,0.95,0.0,0.0,0.05,0.0,1.0,0.0,0.0,0.0,0.0,0.0,0.0,0.0,0.0,0.0,0.0,0.0,1.0,0.0,0.0,0.0,0.0,0.0,0.0,0.0,0.0,0.0,0.0,0.0,0.0,0.0,0.0,0.0,0.0,0.0,0.0,0.0,0.0,0.0,0.0,0.0,0.0,0.0,0.0,0.0,0.0,0.0,0.0,0.0,0.0,0.0,0.0,0.0,0.0,0.0,0.0,0.0,0.0
attack,"""gbeleeeTTIMbeleTIIT",time,time,seqgan_master,seqgan_master__final__time__A__500__MASTER__raw_character__len20__gpre120__reward_off__seed88,583,20.0,8.0,2.708694969562842,19.0,0.0,0.0,1.0,0.95,0.0,0.0,0.05,0.0,1.0,0.0,0.0,0.0,0.0,0.0,0.0,0.0,0.0,0.0,0.0,0.0,1.0,0.0,0.0,0.0,0.0,0.0,0.0,0.0,0.0,0.0,0.0,0.0,0.0,0.0,0.0,0.0,0.0,0.0,0.0,0.0,0.0,0.0,0.0,0.0,0.0,0.0,0.0,0.0,0.0,0.0,0.0,0.0,0.0,0.0,0.0,0.0,0.0,0.0,0.0,0.0,0.0
attack,"""gbgleeeleTIIbeleTIs",time,time,seqgan_master,seqgan_master__final__time__A__500__MASTER__raw_character__len20__gpre120__reward_off__seed88,584,20.0,8.0,2.7709505944546686,19.0,0.0,0.0,1.0,0.95,0.0,0.0,0.05,0.0,1.0,0.0,0.0,0.0,0.0,0.0,0.0,0.0,0.0,0.0,0.0,0.0,1.0,0.0,0.0,0.0,0.0,0.0,0.0,0.0,0.0,0.0,0.0,0.0,0.0,0.0,0.0,0.0,0.0,0.0,0.0,0.0,0.0,0.0,0.0,0.0,0.0,0.0,0.0,0.0,0.0,0.0,0.0,0.0,0.0,0.0,0.0,0.0,0.0,0.0,0.0,0.0,0.0
attack,5gTTpgTIIdeleleTleTI,time,time,seqgan_master,seqgan_master__final__time__A__500__MASTER__raw_character__len20__gpre120__reward_off__seed88,585,20.0,8.0,2.765957320949175,19.0,1.0,0.0,0.0,0.95,0.05,0.0,0.0,0.0,0.0,0.0,0.0,0.0,0.0,0.0,0.0,0.0,0.0,0.0,0.0,0.0,0.0,0.0,0.0,0.0,0.0,0.0,0.0,0.0,0.0,0.0,0.0,0.0,0.0,0.0,0.0,0.0,0.0,0.0,0.0,0.0,0.0,0.0,0.0,0.0,0.0,0.0,0.0,0.0,0.0,0.0,0.0,0.0,0.0,0.0,0.0,0.0,0.0,0.0,0.0,0.0,0.0
attack,"""gbrbeleeTTTITTIMele",time,time,seqgan_master,seqgan_master__final__time__A__500__MASTER__raw_character__len20__gpre120__reward_off__seed88,586,20.0,9.0,2.8609640474436815,19.0,0.0,0.0,1.0,0.95,0.0,0.0,0.05,0.0,1.0,0.0,0.0,0.0,0.0,0.0,0.0,0.0,0.0,0.0,0.0,0.0,1.0,0.0,0.0,0.0,0.0,0.0,0.0,0.0,0.0,0.0,0.0,0.0,0.0,0.0,0.0,0.0,0.0,0.0,0.0,0.0,0.0,0.0,0.0,0.0,0.0,0.0,0.0,0.0,0.0,0.0,0.0,0.0,0.0,0.0,0.0,0.0,0.0,0.0,0.0,0.0,0.0
attack, )g(pgTTTbeTTTTIplee,time,time,seqgan_master,seqgan_master__final__time__A__500__MASTER__raw_character__len20__gpre120__reward_off__seed88,587,20.0,10.0,2.9016094970590274,17.0,0.0,1.0,2.0,0.85,0.0,0.05,0.1,0.0,0.0,0.0,0.0,0.0,0.0,0.0,2.0,0.0,0.0,0.0,0.0,0.0,0.0,0.0,0.0,0.0,0.0,1.0,0.0,0.0,0.0,0.0,0.0,0.0,0.0,0.0,0.0,0.0,0.0,0.0,0.0,0.0,0.0,0.0,0.0,0.0,0.0,0.0,0.0,0.0,0.0,0.0,0.0,0.0,0.0,0.0,0.0,0.0,0.0,0.0,0.0,0.0,0.0
attack,"""gbeeleeTIIIpgT_TIle",time,time,seqgan_master,seqgan_master__final__time__A__500__MASTER__raw_character__len20__gpre120__reward_off__seed88,588,20.0,9.0,2.9037016960573485,18.0,0.0,0.0,2.0,0.9,0.0,0.0,0.1,0.0,1.0,0.0,0.0,0.0,0.0,0.0,0.0,0.0,1.0,0.0,0.0,0.0,1.0,0.0,0.0,0.0,0.0,0.0,0.0,0.0,0.0,0.0,0.0,0.0,0.0,0.0,0.0,0.0,0.0,0.0,0.0,0.0,0.0,0.0,0.0,0.0,0.0,0.0,0.0,0.0,0.0,0.0,0.0,0.0,0.0,0.0,0.0,0.0,0.0,0.0,0.0,0.0,0.0
attack,"""gbeleeleleTIpgbeele",time,time,seqgan_master,seqgan_master__final__time__A__500__MASTER__raw_character__len20__gpre120__reward_off__seed88,589,20.0,8.0,2.5219280948873624,19.0,0.0,0.0,1.0,0.95,0.0,0.0,0.05,0.0,1.0,0.0,0.0,0.0,0.0,0.0,0.0,0.0,0.0,0.0,0.0,0.0,1.0,0.0,0.0,0.0,0.0,0.0,0.0,0.0,0.0,0.0,0.0,0.0,0.0,0.0,0.0,0.0,0.0,0.0,0.0,0.0,0.0,0.0,0.0,0.0,0.0,0.0,0.0,0.0,0.0,0.0,0.0,0.0,0.0,0.0,0.0,0.0,0.0,0.0,0.0,0.0,0.0
attack,"""gbeleeleleeleTpgTTI",time,time,seqgan_master,seqgan_master__final__time__A__500__MASTER__raw_character__len20__gpre120__reward_off__seed88,590,20.0,8.0,2.6016094970590276,19.0,0.0,0.0,1.0,0.95,0.0,0.0,0.05,0.0,1.0,0.0,0.0,0.0,0.0,0.0,0.0,0.0,0.0,0.0,0.0,0.0,1.0,0.0,0.0,0.0,0.0,0.0,0.0,0.0,0.0,0.0,0.0,0.0,0.0,0.0,0.0,0.0,0.0,0.0,0.0,0.0,0.0,0.0,0.0,0.0,0.0,0.0,0.0,0.0,0.0,0.0,0.0,0.0,0.0,0.0,0.0,0.0,0.0,0.0,0.0,0.0,0.0
attack,"""gbeleleeTeTTTIpgTIl",time,time,seqgan_master,seqgan_master__final__time__A__500__MASTER__raw_character__len20__gpre120__reward_off__seed88,591,20.0,8.0,2.723219672335508,19.0,0.0,0.0,1.0,0.95,0.0,0.0,0.05,0.0,1.0,0.0,0.0,0.0,0.0,0.0,0.0,0.0,0.0,0.0,0.0,0.0,1.0,0.0,0.0,0.0,0.0,0.0,0.0,0.0,0.0,0.0,0.0,0.0,0.0,0.0,0.0,0.0,0.0,0.0,0.0,0.0,0.0,0.0,0.0,0.0,0.0,0.0,0.0,0.0,0.0,0.0,0.0,0.0,0.0,0.0,0.0,0.0,0.0,0.0,0.0,0.0,0.0
attack,"""gbeeleepgTTbeleTbeT",time,time,seqgan_master,seqgan_master__final__time__A__500__MASTER__raw_character__len20__gpre120__reward_off__seed88,592,20.0,7.0,2.5016094970590275,19.0,0.0,0.0,1.0,0.95,0.0,0.0,0.05,0.0,1.0,0.0,0.0,0.0,0.0,0.0,0.0,0.0,0.0,0.0,0.0,0.0,1.0,0.0,0.0,0.0,0.0,0.0,0.0,0.0,0.0,0.0,0.0,0.0,0.0,0.0,0.0,0.0,0.0,0.0,0.0,0.0,0.0,0.0,0.0,0.0,0.0,0.0,0.0,0.0,0.0,0.0,0.0,0.0,0.0,0.0,0.0,0.0,0.0,0.0,0.0,0.0,0.0
attack,"""gbeleeleleTTTIpgTTI",time,time,seqgan_master,seqgan_master__final__time__A__500__MASTER__raw_character__len20__gpre120__reward_off__seed88,593,20.0,8.0,2.723219672335508,19.0,0.0,0.0,1.0,0.95,0.0,0.0,0.05,0.0,1.0,0.0,0.0,0.0,0.0,0.0,0.0,0.0,0.0,0.0,0.0,0.0,1.0,0.0,0.0,0.0,0.0,0.0,0.0,0.0,0.0,0.0,0.0,0.0,0.0,0.0,0.0,0.0,0.0,0.0,0.0,0.0,0.0,0.0,0.0,0.0,0.0,0.0,0.0,0.0,0.0,0.0,0.0,0.0,0.0,0.0,0.0,0.0,0.0,0.0,0.0,0.0,0.0
attack,"""gbeleleeleTTTTTTIpg",time,time,seqgan_master,seqgan_master__final__time__A__500__MASTER__raw_character__len20__gpre120__reward_off__seed88,594,20.0,8.0,2.6282129458410015,19.0,0.0,0.0,1.0,0.95,0.0,0.0,0.05,0.0,1.0,0.0,0.0,0.0,0.0,0.0,0.0,0.0,0.0,0.0,0.0,0.0,1.0,0.0,0.0,0.0,0.0,0.0,0.0,0.0,0.0,0.0,0.0,0.0,0.0,0.0,0.0,0.0,0.0,0.0,0.0,0.0,0.0,0.0,0.0,0.0,0.0,0.0,0.0,0.0,0.0,0.0,0.0,0.0,0.0,0.0,0.0,0.0,0.0,0.0,0.0,0.0,0.0
attack,"""gbeleeTIIeleeTIIIsM",time,time,seqgan_master,seqgan_master__final__time__A__500__MASTER__raw_character__len20__gpre120__reward_off__seed88,595,20.0,9.0,2.765957320949175,19.0,0.0,0.0,1.0,0.95,0.0,0.0,0.05,0.0,1.0,0.0,0.0,0.0,0.0,0.0,0.0,0.0,0.0,0.0,0.0,0.0,1.0,0.0,0.0,0.0,0.0,0.0,0.0,0.0,0.0,0.0,0.0,0.0,0.0,0.0,0.0,0.0,0.0,0.0,0.0,0.0,0.0,0.0,0.0,0.0,0.0,0.0,0.0,0.0,0.0,0.0,0.0,0.0,0.0,0.0,0.0,0.0,0.0,0.0,0.0,0.0,0.0
attack,"""gbeTTItr( ngbelelel",time,time,seqgan_master,seqgan_master__final__time__A__500__MASTER__raw_character__len20__gpre120__reward_off__seed88,596,20.0,12.0,3.3841837197791893,17.0,0.0,1.0,2.0,0.85,0.0,0.05,0.1,0.0,1.0,0.0,0.0,0.0,0.0,0.0,1.0,0.0,0.0,0.0,0.0,0.0,1.0,0.0,0.0,0.0,0.0,1.0,0.0,0.0,0.0,0.0,0.0,0.0,0.0,0.0,0.0,0.0,0.0,0.0,0.0,0.0,0.0,0.0,0.0,0.0,0.0,0.0,0.0,0.0,0.0,0.0,0.0,0.0,0.0,0.0,0.0,0.0,0.0,0.0,0.0,0.0,0.0
attack,"""gbeleeTbeleleTTTTTT",time,time,seqgan_master,seqgan_master__final__time__A__500__MASTER__raw_character__len20__gpre120__reward_off__seed88,597,20.0,6.0,2.2261207468426805,19.0,0.0,0.0,1.0,0.95,0.0,0.0,0.05,0.0,1.0,0.0,0.0,0.0,0.0,0.0,0.0,0.0,0.0,0.0,0.0,0.0,1.0,0.0,0.0,0.0,0.0,0.0,0.0,0.0,0.0,0.0,0.0,0.0,0.0,0.0,0.0,0.0,0.0,0.0,0.0,0.0,0.0,0.0,0.0,0.0,0.0,0.0,0.0,0.0,0.0,0.0,0.0,0.0,0.0,0.0,0.0,0.0,0.0,0.0,0.0,0.0,0.0
attack,"""gbeleleeeleTbeleT0T",time,time,seqgan_master,seqgan_master__final__time__A__500__MASTER__raw_character__len20__gpre120__reward_off__seed88,598,20.0,7.0,2.384183719779189,18.0,1.0,0.0,1.0,0.9,0.05,0.0,0.05,0.0,1.0,0.0,0.0,0.0,0.0,0.0,0.0,0.0,0.0,0.0,0.0,0.0,1.0,0.0,0.0,0.0,0.0,0.0,0.0,0.0,0.0,0.0,0.0,0.0,0.0,0.0,0.0,0.0,0.0,0.0,0.0,0.0,0.0,0.0,0.0,0.0,0.0,0.0,0.0,0.0,0.0,0.0,0.0,0.0,0.0,0.0,0.0,0.0,0.0,0.0,0.0,0.0,0.0
attack,"""gbeelebeeTITIIIpgTT",time,time,seqgan_master,seqgan_master__final__time__A__500__MASTER__raw_character__len20__gpre120__reward_off__seed88,599,20.0,8.0,2.7414460711655217,19.0,0.0,0.0,1.0,0.95,0.0,0.0,0.05,0.0,1.0,0.0,0.0,0.0,0.0,0.0,0.0,0.0,0.0,0.0,0.0,0.0,1.0,0.0,0.0,0.0,0.0,0.0,0.0,0.0,0.0,0.0,0.0,0.0,0.0,0.0,0.0,0.0,0.0,0.0,0.0,0.0,0.0,0.0,0.0,0.0,0.0,0.0,0.0,0.0,0.0,0.0,0.0,0.0,0.0,0.0,0.0,0.0,0.0,0.0,0.0,0.0,0.0
attack,w)gTbeTITbeleTTTIIpg,time,time,seqgan_master,seqgan_master__final__time__A__500__MASTER__raw_character__len20__gpre120__reward_off__seed88,600,20.0,9.0,2.8709505944546687,19.0,0.0,0.0,1.0,0.95,0.0,0.0,0.05,0.0,0.0,0.0,0.0,0.0,0.0,0.0,1.0,0.0,0.0,0.0,0.0,0.0,0.0,0.0,0.0,0.0,0.0,1.0,0.0,0.0,0.0,0.0,0.0,0.0,0.0,0.0,0.0,0.0,0.0,0.0,0.0,0.0,0.0,0.0,0.0,0.0,0.0,0.0,0.0,0.0,0.0,0.0,0.0,0.0,0.0,0.0,0.0,0.0,0.0,0.0,0.0,0.0,0.0
attack,"""gbeleeeTbeleleTTTTI",time,time,seqgan_master,seqgan_master__final__time__A__500__MASTER__raw_character__len20__gpre120__reward_off__seed88,601,20.0,7.0,2.421127473337187,19.0,0.0,0.0,1.0,0.95,0.0,0.0,0.05,0.0,1.0,0.0,0.0,0.0,0.0,0.0,0.0,0.0,0.0,0.0,0.0,0.0,1.0,0.0,0.0,0.0,0.0,0.0,0.0,0.0,0.0,0.0,0.0,0.0,0.0,0.0,0.0,0.0,0.0,0.0,0.0,0.0,0.0,0.0,0.0,0.0,0.0,0.0,0.0,0.0,0.0,0.0,0.0,0.0,0.0,0.0,0.0,0.0,0.0,0.0,0.0,0.0,0.0
attack,gTTITIdeleleTmdeleTT,time,time,seqgan_master,seqgan_master__final__time__A__500__MASTER__raw_character__len20__gpre120__reward_off__seed88,602,20.0,7.0,2.5282129458410014,20.0,0.0,0.0,0.0,1.0,0.0,0.0,0.0,0.0,0.0,0.0,0.0,0.0,0.0,0.0,0.0,0.0,0.0,0.0,0.0,0.0,0.0,0.0,0.0,0.0,0.0,0.0,0.0,0.0,0.0,0.0,0.0,0.0,0.0,0.0,0.0,0.0,0.0,0.0,0.0,0.0,0.0,0.0,0.0,0.0,0.0,0.0,0.0,0.0,0.0,0.0,0.0,0.0,0.0,0.0,0.0,0.0,0.0,0.0,0.0,0.0,0.0
attack,"""gbeeleleleleeTTTIIp",time,time,seqgan_master,seqgan_master__final__time__A__500__MASTER__raw_character__len20__gpre120__reward_off__seed88,603,20.0,8.0,2.6016094970590276,19.0,0.0,0.0,1.0,0.95,0.0,0.0,0.05,0.0,1.0,0.0,0.0,0.0,0.0,0.0,0.0,0.0,0.0,0.0,0.0,0.0,1.0,0.0,0.0,0.0,0.0,0.0,0.0,0.0,0.0,0.0,0.0,0.0,0.0,0.0,0.0,0.0,0.0,0.0,0.0,0.0,0.0,0.0,0.0,0.0,0.0,0.0,0.0,0.0,0.0,0.0,0.0,0.0,0.0,0.0,0.0,0.0,0.0,0.0,0.0,0.0,0.0
attack,"""gbeeleleTIleeTbeleT",time,time,seqgan_master,seqgan_master__final__time__A__500__MASTER__raw_character__len20__gpre120__reward_off__seed88,604,20.0,7.0,2.384183719779189,19.0,0.0,0.0,1.0,0.95,0.0,0.0,0.05,0.0,1.0,0.0,0.0,0.0,0.0,0.0,0.0,0.0,0.0,0.0,0.0,0.0,1.0,0.0,0.0,0.0,0.0,0.0,0.0,0.0,0.0,0.0,0.0,0.0,0.0,0.0,0.0,0.0,0.0,0.0,0.0,0.0,0.0,0.0,0.0,0.0,0.0,0.0,0.0,0.0,0.0,0.0,0.0,0.0,0.0,0.0,0.0,0.0,0.0,0.0,0.0,0.0,0.0
attack,"""gbeeleleTbeTTTIIMee",time,time,seqgan_master,seqgan_master__final__time__A__500__MASTER__raw_character__len20__gpre120__reward_off__seed88,605,20.0,8.0,2.639353872167201,19.0,0.0,0.0,1.0,0.95,0.0,0.0,0.05,0.0,1.0,0.0,0.0,0.0,0.0,0.0,0.0,0.0,0.0,0.0,0.0,0.0,1.0,0.0,0.0,0.0,0.0,0.0,0.0,0.0,0.0,0.0,0.0,0.0,0.0,0.0,0.0,0.0,0.0,0.0,0.0,0.0,0.0,0.0,0.0,0.0,0.0,0.0,0.0,0.0,0.0,0.0,0.0,0.0,0.0,0.0,0.0,0.0,0.0,0.0,0.0,0.0,0.0
attack,"""gbeleeleeTTIdeTbeTT",time,time,seqgan_master,seqgan_master__final__time__A__500__MASTER__raw_character__len20__gpre120__reward_off__seed88,606,20.0,8.0,2.5588718484453605,19.0,0.0,0.0,1.0,0.95,0.0,0.0,0.05,0.0,1.0,0.0,0.0,0.0,0.0,0.0,0.0,0.0,0.0,0.0,0.0,0.0,1.0,0.0,0.0,0.0,0.0,0.0,0.0,0.0,0.0,0.0,0.0,0.0,0.0,0.0,0.0,0.0,0.0,0.0,0.0,0.0,0.0,0.0,0.0,0.0,0.0,0.0,0.0,0.0,0.0,0.0,0.0,0.0,0.0,0.0,0.0,0.0,0.0,0.0,0.0,0.0,0.0
attack,"""gbeelelleele0TITITp",time,time,seqgan_master,seqgan_master__final__time__A__500__MASTER__raw_character__len20__gpre120__reward_off__seed88,607,20.0,9.0,2.808694969562842,18.0,1.0,0.0,1.0,0.9,0.05,0.0,0.05,0.0,1.0,0.0,0.0,0.0,0.0,0.0,0.0,0.0,0.0,0.0,0.0,0.0,1.0,0.0,0.0,0.0,0.0,0.0,0.0,0.0,0.0,0.0,0.0,0.0,0.0,0.0,0.0,0.0,0.0,0.0,0.0,0.0,0.0,0.0,0.0,0.0,0.0,0.0,0.0,0.0,0.0,0.0,0.0,0.0,0.0,0.0,0.0,0.0,0.0,0.0,0.0,0.0,0.0
attack,a ibeleleeTeTTeTITIp,time,time,seqgan_master,seqgan_master__final__time__A__500__MASTER__raw_character__len20__gpre120__reward_off__seed88,608,20.0,9.0,2.765957320949175,19.0,0.0,1.0,0.0,0.95,0.0,0.05,0.0,0.0,0.0,0.0,0.0,0.0,0.0,0.0,0.0,0.0,0.0,0.0,0.0,0.0,0.0,0.0,0.0,0.0,0.0,0.0,0.0,0.0,0.0,0.0,0.0,0.0,0.0,0.0,0.0,0.0,0.0,0.0,0.0,0.0,0.0,0.0,0.0,0.0,0.0,0.0,0.0,0.0,0.0,0.0,0.0,0.0,0.0,0.0,0.0,0.0,0.0,0.0,0.0,0.0,0.0
attack,"""gbeleleeleTTTIpTeTI",time,time,seqgan_master,seqgan_master__final__time__A__500__MASTER__raw_character__len20__gpre120__reward_off__seed88,609,20.0,8.0,2.6282129458410015,19.0,0.0,0.0,1.0,0.95,0.0,0.0,0.05,0.0,1.0,0.0,0.0,0.0,0.0,0.0,0.0,0.0,0.0,0.0,0.0,0.0,1.0,0.0,0.0,0.0,0.0,0.0,0.0,0.0,0.0,0.0,0.0,0.0,0.0,0.0,0.0,0.0,0.0,0.0,0.0,0.0,0.0,0.0,0.0,0.0,0.0,0.0,0.0,0.0,0.0,0.0,0.0,0.0,0.0,0.0,0.0,0.0,0.0,0.0,0.0,0.0,0.0
attack,"""gbeleleeTTITTTTbele",time,time,seqgan_master,seqgan_master__final__time__A__500__MASTER__raw_character__len20__gpre120__reward_off__seed88,610,20.0,7.0,2.4332062193464954,19.0,0.0,0.0,1.0,0.95,0.0,0.0,0.05,0.0,1.0,0.0,0.0,0.0,0.0,0.0,0.0,0.0,0.0,0.0,0.0,0.0,1.0,0.0,0.0,0.0,0.0,0.0,0.0,0.0,0.0,0.0,0.0,0.0,0.0,0.0,0.0,0.0,0.0,0.0,0.0,0.0,0.0,0.0,0.0,0.0,0.0,0.0,0.0,0.0,0.0,0.0,0.0,0.0,0.0,0.0,0.0,0.0,0.0,0.0,0.0,0.0,0.0
attack,"""gbeleeleTbeleTTITIT",time,time,seqgan_master,seqgan_master__final__time__A__500__MASTER__raw_character__len20__gpre120__reward_off__seed88,611,20.0,7.0,2.5282129458410014,19.0,0.0,0.0,1.0,0.95,0.0,0.0,0.05,0.0,1.0,0.0,0.0,0.0,0.0,0.0,0.0,0.0,0.0,0.0,0.0,0.0,1.0,0.0,0.0,0.0,0.0,0.0,0.0,0.0,0.0,0.0,0.0,0.0,0.0,0.0,0.0,0.0,0.0,0.0,0.0,0.0,0.0,0.0,0.0,0.0,0.0,0.0,0.0,0.0,0.0,0.0,0.0,0.0,0.0,0.0,0.0,0.0,0.0,0.0,0.0,0.0,0.0
attack,"""gbeleleeTbeTpgTnlel",time,time,seqgan_master,seqgan_master__final__time__A__500__MASTER__raw_character__len20__gpre120__reward_off__seed88,612,20.0,8.0,2.708694969562842,19.0,0.0,0.0,1.0,0.95,0.0,0.0,0.05,0.0,1.0,0.0,0.0,0.0,0.0,0.0,0.0,0.0,0.0,0.0,0.0,0.0,1.0,0.0,0.0,0.0,0.0,0.0,0.0,0.0,0.0,0.0,0.0,0.0,0.0,0.0,0.0,0.0,0.0,0.0,0.0,0.0,0.0,0.0,0.0,0.0,0.0,0.0,0.0,0.0,0.0,0.0,0.0,0.0,0.0,0.0,0.0,0.0,0.0,0.0,0.0,0.0,0.0
attack,"""gbeeleTTIpgTbelelel",time,time,seqgan_master,seqgan_master__final__time__A__500__MASTER__raw_character__len20__gpre120__reward_off__seed88,613,20.0,8.0,2.708694969562842,19.0,0.0,0.0,1.0,0.95,0.0,0.0,0.05,0.0,1.0,0.0,0.0,0.0,0.0,0.0,0.0,0.0,0.0,0.0,0.0,0.0,1.0,0.0,0.0,0.0,0.0,0.0,0.0,0.0,0.0,0.0,0.0,0.0,0.0,0.0,0.0,0.0,0.0,0.0,0.0,0.0,0.0,0.0,0.0,0.0,0.0,0.0,0.0,0.0,0.0,0.0,0.0,0.0,0.0,0.0,0.0,0.0,0.0,0.0,0.0,0.0,0.0
attack,"""gbeneleeTIITTIIpgT(",time,time,seqgan_master,seqgan_master__final__time__A__500__MASTER__raw_character__len20__gpre120__reward_off__seed88,614,20.0,10.0,3.0219280948873624,18.0,0.0,0.0,2.0,0.9,0.0,0.0,0.1,0.0,1.0,0.0,0.0,0.0,0.0,0.0,1.0,0.0,0.0,0.0,0.0,0.0,1.0,0.0,0.0,0.0,0.0,1.0,0.0,0.0,0.0,0.0,0.0,0.0,0.0,0.0,0.0,0.0,0.0,0.0,0.0,0.0,0.0,0.0,0.0,0.0,0.0,0.0,0.0,0.0,0.0,0.0,0.0,0.0,0.0,0.0,0.0,0.0,0.0,0.0,0.0,0.0,0.0
attack,"""gbeleeleleeTTIpgTbr",time,time,seqgan_master,seqgan_master__final__time__A__500__MASTER__raw_character__len20__gpre120__reward_off__seed88,615,20.0,9.0,2.8709505944546687,19.0,0.0,0.0,1.0,0.95,0.0,0.0,0.05,0.0,1.0,0.0,0.0,0.0,0.0,0.0,0.0,0.0,0.0,0.0,0.0,0.0,1.0,0.0,0.0,0.0,0.0,0.0,0.0,0.0,0.0,0.0,0.0,0.0,0.0,0.0,0.0,0.0,0.0,0.0,0.0,0.0,0.0,0.0,0.0,0.0,0.0,0.0,0.0,0.0,0.0,0.0,0.0,0.0,0.0,0.0,0.0,0.0,0.0,0.0,0.0,0.0,0.0
attack,"""gbeleleele0TTbeTTTb",time,time,seqgan_master,seqgan_master__final__time__A__500__MASTER__raw_character__len20__gpre120__reward_off__seed88,616,20.0,7.0,2.490468570732828,18.0,1.0,0.0,1.0,0.9,0.05,0.0,0.05,0.0,1.0,0.0,0.0,0.0,0.0,0.0,0.0,0.0,0.0,0.0,0.0,0.0,1.0,0.0,0.0,0.0,0.0,0.0,0.0,0.0,0.0,0.0,0.0,0.0,0.0,0.0,0.0,0.0,0.0,0.0,0.0,0.0,0.0,0.0,0.0,0.0,0.0,0.0,0.0,0.0,0.0,0.0,0.0,0.0,0.0,0.0,0.0,0.0,0.0,0.0,0.0,0.0,0.0
attack,"""gbeleeTletTTTIITIMb",time,time,seqgan_master,seqgan_master__final__time__A__500__MASTER__raw_character__len20__gpre120__reward_off__seed88,617,20.0,9.0,2.9037016960573485,19.0,0.0,0.0,1.0,0.95,0.0,0.0,0.05,0.0,1.0,0.0,0.0,0.0,0.0,0.0,0.0,0.0,0.0,0.0,0.0,0.0,1.0,0.0,0.0,0.0,0.0,0.0,0.0,0.0,0.0,0.0,0.0,0.0,0.0,0.0,0.0,0.0,0.0,0.0,0.0,0.0,0.0,0.0,0.0,0.0,0.0,0.0,0.0,0.0,0.0,0.0,0.0,0.0,0.0,0.0,0.0,0.0,0.0,0.0,0.0,0.0,0.0
attack,"""gbeTleleleleleeTIde",time,time,seqgan_master,seqgan_master__final__time__A__500__MASTER__raw_character__len20__gpre120__reward_off__seed88,618,20.0,8.0,2.441446071165522,19.0,0.0,0.0,1.0,0.95,0.0,0.0,0.05,0.0,1.0,0.0,0.0,0.0,0.0,0.0,0.0,0.0,0.0,0.0,0.0,0.0,1.0,0.0,0.0,0.0,0.0,0.0,0.0,0.0,0.0,0.0,0.0,0.0,0.0,0.0,0.0,0.0,0.0,0.0,0.0,0.0,0.0,0.0,0.0,0.0,0.0,0.0,0.0,0.0,0.0,0.0,0.0,0.0,0.0,0.0,0.0,0.0,0.0,0.0,0.0,0.0,0.0
attack,"""gbeleelelegbeeleTIT",time,time,seqgan_master,seqgan_master__final__time__A__500__MASTER__raw_character__len20__gpre120__reward_off__seed88,619,20.0,7.0,2.4219280948873623,19.0,0.0,0.0,1.0,0.95,0.0,0.0,0.05,0.0,1.0,0.0,0.0,0.0,0.0,0.0,0.0,0.0,0.0,0.0,0.0,0.0,1.0,0.0,0.0,0.0,0.0,0.0,0.0,0.0,0.0,0.0,0.0,0.0,0.0,0.0,0.0,0.0,0.0,0.0,0.0,0.0,0.0,0.0,0.0,0.0,0.0,0.0,0.0,0.0,0.0,0.0,0.0,0.0,0.0,0.0,0.0,0.0,0.0,0.0,0.0,0.0,0.0
attack,"""gbeeleleTeTTIpgTleT",time,time,seqgan_master,seqgan_master__final__time__A__500__MASTER__raw_character__len20__gpre120__reward_off__seed88,620,20.0,8.0,2.6282129458410015,19.0,0.0,0.0,1.0,0.95,0.0,0.0,0.05,0.0,1.0,0.0,0.0,0.0,0.0,0.0,0.0,0.0,0.0,0.0,0.0,0.0,1.0,0.0,0.0,0.0,0.0,0.0,0.0,0.0,0.0,0.0,0.0,0.0,0.0,0.0,0.0,0.0,0.0,0.0,0.0,0.0,0.0,0.0,0.0,0.0,0.0,0.0,0.0,0.0,0.0,0.0,0.0,0.0,0.0,0.0,0.0,0.0,0.0,0.0,0.0,0.0,0.0
attack,"""gbeleeTTIIpgT5leTTT",time,time,seqgan_master,seqgan_master__final__time__A__500__MASTER__raw_character__len20__gpre120__reward_off__seed88,621,20.0,9.0,2.8464393446710154,18.0,1.0,0.0,1.0,0.9,0.05,0.0,0.05,0.0,1.0,0.0,0.0,0.0,0.0,0.0,0.0,0.0,0.0,0.0,0.0,0.0,1.0,0.0,0.0,0.0,0.0,0.0,0.0,0.0,0.0,0.0,0.0,0.0,0.0,0.0,0.0,0.0,0.0,0.0,0.0,0.0,0.0,0.0,0.0,0.0,0.0,0.0,0.0,0.0,0.0,0.0,0.0,0.0,0.0,0.0,0.0,0.0,0.0,0.0,0.0,0.0,0.0
attack,"""gbegbeleeTleTIIMeTT",time,time,seqgan_master,seqgan_master__final__time__A__500__MASTER__raw_character__len20__gpre120__reward_off__seed88,622,20.0,8.0,2.746439344671016,19.0,0.0,0.0,1.0,0.95,0.0,0.0,0.05,0.0,1.0,0.0,0.0,0.0,0.0,0.0,0.0,0.0,0.0,0.0,0.0,0.0,1.0,0.0,0.0,0.0,0.0,0.0,0.0,0.0,0.0,0.0,0.0,0.0,0.0,0.0,0.0,0.0,0.0,0.0,0.0,0.0,0.0,0.0,0.0,0.0,0.0,0.0,0.0,0.0,0.0,0.0,0.0,0.0,0.0,0.0,0.0,0.0,0.0,0.0,0.0,0.0,0.0
attack,"""gbeleeleTbeTTTelleT",time,time,seqgan_master,seqgan_master__final__time__A__500__MASTER__raw_character__len20__gpre120__reward_off__seed88,623,20.0,6.0,2.2588718484453603,19.0,0.0,0.0,1.0,0.95,0.0,0.0,0.05,0.0,1.0,0.0,0.0,0.0,0.0,0.0,0.0,0.0,0.0,0.0,0.0,0.0,1.0,0.0,0.0,0.0,0.0,0.0,0.0,0.0,0.0,0.0,0.0,0.0,0.0,0.0,0.0,0.0,0.0,0.0,0.0,0.0,0.0,0.0,0.0,0.0,0.0,0.0,0.0,0.0,0.0,0.0,0.0,0.0,0.0,0.0,0.0,0.0,0.0,0.0,0.0,0.0,0.0
attack,"""gngbeleeleleleelele",time,time,seqgan_master,seqgan_master__final__time__A__500__MASTER__raw_character__len20__gpre120__reward_off__seed88,624,20.0,6.0,2.0199730940219753,19.0,0.0,0.0,1.0,0.95,0.0,0.0,0.05,0.0,1.0,0.0,0.0,0.0,0.0,0.0,0.0,0.0,0.0,0.0,0.0,0.0,1.0,0.0,0.0,0.0,0.0,0.0,0.0,0.0,0.0,0.0,0.0,0.0,0.0,0.0,0.0,0.0,0.0,0.0,0.0,0.0,0.0,0.0,0.0,0.0,0.0,0.0,0.0,0.0,0.0,0.0,0.0,0.0,0.0,0.0,0.0,0.0,0.0,0.0,0.0,0.0,0.0
attack,",wabeeTbeleleeTITIpg",time,time,seqgan_master,seqgan_master__final__time__A__500__MASTER__raw_character__len20__gpre120__reward_off__seed88,625,20.0,10.0,3.008694969562842,19.0,0.0,0.0,1.0,0.95,0.0,0.0,0.05,0.0,0.0,0.0,0.0,0.0,0.0,0.0,0.0,0.0,0.0,1.0,0.0,0.0,0.0,0.0,0.0,0.0,0.0,0.0,0.0,0.0,0.0,0.0,0.0,0.0,0.0,0.0,0.0,0.0,0.0,0.0,0.0,0.0,0.0,0.0,0.0,0.0,0.0,0.0,0.0,0.0,0.0,0.0,0.0,0.0,0.0,0.0,0.0,0.0,0.0,0.0,0.0,0.0,0.0
attack,"""gbeeleleleTeTbeleTI",time,time,seqgan_master,seqgan_master__final__time__A__500__MASTER__raw_character__len20__gpre120__reward_off__seed88,626,20.0,7.0,2.384183719779189,19.0,0.0,0.0,1.0,0.95,0.0,0.0,0.05,0.0,1.0,0.0,0.0,0.0,0.0,0.0,0.0,0.0,0.0,0.0,0.0,0.0,1.0,0.0,0.0,0.0,0.0,0.0,0.0,0.0,0.0,0.0,0.0,0.0,0.0,0.0,0.0,0.0,0.0,0.0,0.0,0.0,0.0,0.0,0.0,0.0,0.0,0.0,0.0,0.0,0.0,0.0,0.0,0.0,0.0,0.0,0.0,0.0,0.0,0.0,0.0,0.0,0.0
attack,"""gbeleebeTbeleTTTIbe",time,time,seqgan_master,seqgan_master__final__time__A__500__MASTER__raw_character__len20__gpre120__reward_off__seed88,627,20.0,7.0,2.439353872167201,19.0,0.0,0.0,1.0,0.95,0.0,0.0,0.05,0.0,1.0,0.0,0.0,0.0,0.0,0.0,0.0,0.0,0.0,0.0,0.0,0.0,1.0,0.0,0.0,0.0,0.0,0.0,0.0,0.0,0.0,0.0,0.0,0.0,0.0,0.0,0.0,0.0,0.0,0.0,0.0,0.0,0.0,0.0,0.0,0.0,0.0,0.0,0.0,0.0,0.0,0.0,0.0,0.0,0.0,0.0,0.0,0.0,0.0,0.0,0.0,0.0,0.0
attack,"""gbeleeTbeTTIMeleTIM",time,time,seqgan_master,seqgan_master__final__time__A__500__MASTER__raw_character__len20__gpre120__reward_off__seed88,628,20.0,8.0,2.746439344671016,19.0,0.0,0.0,1.0,0.95,0.0,0.0,0.05,0.0,1.0,0.0,0.0,0.0,0.0,0.0,0.0,0.0,0.0,0.0,0.0,0.0,1.0,0.0,0.0,0.0,0.0,0.0,0.0,0.0,0.0,0.0,0.0,0.0,0.0,0.0,0.0,0.0,0.0,0.0,0.0,0.0,0.0,0.0,0.0,0.0,0.0,0.0,0.0,0.0,0.0,0.0,0.0,0.0,0.0,0.0,0.0,0.0,0.0,0.0,0.0,0.0,0.0
attack,"""gbegbeeleeTTIri0del",time,time,seqgan_master,seqgan_master__final__time__A__500__MASTER__raw_character__len20__gpre120__reward_off__seed88,629,20.0,11.0,3.1464393446710157,18.0,1.0,0.0,1.0,0.9,0.05,0.0,0.05,0.0,1.0,0.0,0.0,0.0,0.0,0.0,0.0,0.0,0.0,0.0,0.0,0.0,1.0,0.0,0.0,0.0,0.0,0.0,0.0,0.0,0.0,0.0,0.0,0.0,0.0,0.0,0.0,0.0,0.0,0.0,0.0,0.0,0.0,0.0,0.0,0.0,0.0,0.0,0.0,0.0,0.0,0.0,0.0,0.0,0.0,0.0,0.0,0.0,0.0,0.0,0.0,0.0,0.0
attack,"""gbeleeleleeTbleeleT",time,time,seqgan_master,seqgan_master__final__time__A__500__MASTER__raw_character__len20__gpre120__reward_off__seed88,630,20.0,6.0,2.1149798205164814,19.0,0.0,0.0,1.0,0.95,0.0,0.0,0.05,0.0,1.0,0.0,0.0,0.0,0.0,0.0,0.0,0.0,0.0,0.0,0.0,0.0,1.0,0.0,0.0,0.0,0.0,0.0,0.0,0.0,0.0,0.0,0.0,0.0,0.0,0.0,0.0,0.0,0.0,0.0,0.0,0.0,0.0,0.0,0.0,0.0,0.0,0.0,0.0,0.0,0.0,0.0,0.0,0.0,0.0,0.0,0.0,0.0,0.0,0.0,0.0,0.0,0.0
attack,"""gbeeleeleeleTTIIMbe",time,time,seqgan_master,seqgan_master__final__time__A__500__MASTER__raw_character__len20__gpre120__reward_off__seed88,631,20.0,8.0,2.584183719779189,19.0,0.0,0.0,1.0,0.95,0.0,0.0,0.05,0.0,1.0,0.0,0.0,0.0,0.0,0.0,0.0,0.0,0.0,0.0,0.0,0.0,1.0,0.0,0.0,0.0,0.0,0.0,0.0,0.0,0.0,0.0,0.0,0.0,0.0,0.0,0.0,0.0,0.0,0.0,0.0,0.0,0.0,0.0,0.0,0.0,0.0,0.0,0.0,0.0,0.0,0.0,0.0,0.0,0.0,0.0,0.0,0.0,0.0,0.0,0.0,0.0,0.0
attack,"""gbeleleeleleTleleTl",time,time,seqgan_master,seqgan_master__final__time__A__500__MASTER__raw_character__len20__gpre120__reward_off__seed88,632,20.0,6.0,2.039353872167201,19.0,0.0,0.0,1.0,0.95,0.0,0.0,0.05,0.0,1.0,0.0,0.0,0.0,0.0,0.0,0.0,0.0,0.0,0.0,0.0,0.0,1.0,0.0,0.0,0.0,0.0,0.0,0.0,0.0,0.0,0.0,0.0,0.0,0.0,0.0,0.0,0.0,0.0,0.0,0.0,0.0,0.0,0.0,0.0,0.0,0.0,0.0,0.0,0.0,0.0,0.0,0.0,0.0,0.0,0.0,0.0,0.0,0.0,0.0,0.0,0.0,0.0
attack,"""gbeeleeleleTTTTpgTT",time,time,seqgan_master,seqgan_master__final__time__A__500__MASTER__raw_character__len20__gpre120__reward_off__seed88,633,20.0,7.0,2.4332062193464954,19.0,0.0,0.0,1.0,0.95,0.0,0.0,0.05,0.0,1.0,0.0,0.0,0.0,0.0,0.0,0.0,0.0,0.0,0.0,0.0,0.0,1.0,0.0,0.0,0.0,0.0,0.0,0.0,0.0,0.0,0.0,0.0,0.0,0.0,0.0,0.0,0.0,0.0,0.0,0.0,0.0,0.0,0.0,0.0,0.0,0.0,0.0,0.0,0.0,0.0,0.0,0.0,0.0,0.0,0.0,0.0,0.0,0.0,0.0,0.0,0.0,0.0
attack,"""gbgbeleeleleleeTTII",time,time,seqgan_master,seqgan_master__final__time__A__500__MASTER__raw_character__len20__gpre120__reward_off__seed88,634,20.0,7.0,2.539353872167201,19.0,0.0,0.0,1.0,0.95,0.0,0.0,0.05,0.0,1.0,0.0,0.0,0.0,0.0,0.0,0.0,0.0,0.0,0.0,0.0,0.0,1.0,0.0,0.0,0.0,0.0,0.0,0.0,0.0,0.0,0.0,0.0,0.0,0.0,0.0,0.0,0.0,0.0,0.0,0.0,0.0,0.0,0.0,0.0,0.0,0.0,0.0,0.0,0.0,0.0,0.0,0.0,0.0,0.0,0.0,0.0,0.0,0.0,0.0,0.0,0.0,0.0
attack,"""gbeleleeTTIMbelelee",time,time,seqgan_master,seqgan_master__final__time__A__500__MASTER__raw_character__len20__gpre120__reward_off__seed88,635,20.0,8.0,2.5219280948873624,19.0,0.0,0.0,1.0,0.95,0.0,0.0,0.05,0.0,1.0,0.0,0.0,0.0,0.0,0.0,0.0,0.0,0.0,0.0,0.0,0.0,1.0,0.0,0.0,0.0,0.0,0.0,0.0,0.0,0.0,0.0,0.0,0.0,0.0,0.0,0.0,0.0,0.0,0.0,0.0,0.0,0.0,0.0,0.0,0.0,0.0,0.0,0.0,0.0,0.0,0.0,0.0,0.0,0.0,0.0,0.0,0.0,0.0,0.0,0.0,0.0,0.0
attack,"""gbeleeleTbeTeT",time,time,seqgan_master,seqgan_master__final__time__A__500__MASTER__raw_character__len20__gpre120__reward_off__seed88,636,15.0,6.0,2.2892464285091583,14.0,0.0,0.0,1.0,0.9333333333333333,0.0,0.0,0.06666666666666667,0.0,1.0,0.0,0.0,0.0,0.0,0.0,0.0,0.0,0.0,0.0,0.0,0.0,1.0,0.0,0.0,0.0,0.0,0.0,0.0,0.0,0.0,0.0,0.0,0.0,0.0,0.0,0.0,0.0,0.0,0.0,0.0,0.0,0.0,0.0,0.0,0.0,0.0,0.0,0.0,0.0,0.0,0.0,0.0,0.0,0.0,0.0,0.0,0.0,0.0,0.0,0.0,0.0,0.0
attack,"""gbeleeleleTIbeeTbeT",time,time,seqgan_master,seqgan_master__final__time__A__500__MASTER__raw_character__len20__gpre120__reward_off__seed88,637,20.0,7.0,2.408694969562842,19.0,0.0,0.0,1.0,0.95,0.0,0.0,0.05,0.0,1.0,0.0,0.0,0.0,0.0,0.0,0.0,0.0,0.0,0.0,0.0,0.0,1.0,0.0,0.0,0.0,0.0,0.0,0.0,0.0,0.0,0.0,0.0,0.0,0.0,0.0,0.0,0.0,0.0,0.0,0.0,0.0,0.0,0.0,0.0,0.0,0.0,0.0,0.0,0.0,0.0,0.0,0.0,0.0,0.0,0.0,0.0,0.0,0.0,0.0,0.0,0.0,0.0
attack,"""gbeleeelecTTIMbeeTT",time,time,seqgan_master,seqgan_master__final__time__A__500__MASTER__raw_character__len20__gpre120__reward_off__seed88,638,20.0,9.0,2.739353872167201,19.0,0.0,0.0,1.0,0.95,0.0,0.0,0.05,0.0,1.0,0.0,0.0,0.0,0.0,0.0,0.0,0.0,0.0,0.0,0.0,0.0,1.0,0.0,0.0,0.0,0.0,0.0,0.0,0.0,0.0,0.0,0.0,0.0,0.0,0.0,0.0,0.0,0.0,0.0,0.0,0.0,0.0,0.0,0.0,0.0,0.0,0.0,0.0,0.0,0.0,0.0,0.0,0.0,0.0,0.0,0.0,0.0,0.0,0.0,0.0,0.0,0.0
attack,"""gbrbeeleleleleTTITp",time,time,seqgan_master,seqgan_master__final__time__A__500__MASTER__raw_character__len20__gpre120__reward_off__seed88,639,20.0,9.0,2.808694969562842,19.0,0.0,0.0,1.0,0.95,0.0,0.0,0.05,0.0,1.0,0.0,0.0,0.0,0.0,0.0,0.0,0.0,0.0,0.0,0.0,0.0,1.0,0.0,0.0,0.0,0.0,0.0,0.0,0.0,0.0,0.0,0.0,0.0,0.0,0.0,0.0,0.0,0.0,0.0,0.0,0.0,0.0,0.0,0.0,0.0,0.0,0.0,0.0,0.0,0.0,0.0,0.0,0.0,0.0,0.0,0.0,0.0,0.0,0.0,0.0,0.0,0.0
attack,"""gbeleleelelecleTIpg",time,time,seqgan_master,seqgan_master__final__time__A__500__MASTER__raw_character__len20__gpre120__reward_off__seed88,640,20.0,9.0,2.6588718484453606,19.0,0.0,0.0,1.0,0.95,0.0,0.0,0.05,0.0,1.0,0.0,0.0,0.0,0.0,0.0,0.0,0.0,0.0,0.0,0.0,0.0,1.0,0.0,0.0,0.0,0.0,0.0,0.0,0.0,0.0,0.0,0.0,0.0,0.0,0.0,0.0,0.0,0.0,0.0,0.0,0.0,0.0,0.0,0.0,0.0,0.0,0.0,0.0,0.0,0.0,0.0,0.0,0.0,0.0,0.0,0.0,0.0,0.0,0.0,0.0,0.0,0.0
attack,"""gbeelelebeleTbeeTTT",time,time,seqgan_master,seqgan_master__final__time__A__500__MASTER__raw_character__len20__gpre120__reward_off__seed88,641,20.0,6.0,2.2464393446710154,19.0,0.0,0.0,1.0,0.95,0.0,0.0,0.05,0.0,1.0,0.0,0.0,0.0,0.0,0.0,0.0,0.0,0.0,0.0,0.0,0.0,1.0,0.0,0.0,0.0,0.0,0.0,0.0,0.0,0.0,0.0,0.0,0.0,0.0,0.0,0.0,0.0,0.0,0.0,0.0,0.0,0.0,0.0,0.0,0.0,0.0,0.0,0.0,0.0,0.0,0.0,0.0,0.0,0.0,0.0,0.0,0.0,0.0,0.0,0.0,0.0,0.0
attack,"""gbeleeleleeTTTleTTT",time,time,seqgan_master,seqgan_master__final__time__A__500__MASTER__raw_character__len20__gpre120__reward_off__seed88,642,20.0,6.0,2.1638651219508542,19.0,0.0,0.0,1.0,0.95,0.0,0.0,0.05,0.0,1.0,0.0,0.0,0.0,0.0,0.0,0.0,0.0,0.0,0.0,0.0,0.0,1.0,0.0,0.0,0.0,0.0,0.0,0.0,0.0,0.0,0.0,0.0,0.0,0.0,0.0,0.0,0.0,0.0,0.0,0.0,0.0,0.0,0.0,0.0,0.0,0.0,0.0,0.0,0.0,0.0,0.0,0.0,0.0,0.0,0.0,0.0,0.0,0.0,0.0,0.0,0.0,0.0
attack,"""gbeeleeleleTIsdelel",time,time,seqgan_master,seqgan_master__final__time__A__500__MASTER__raw_character__len20__gpre120__reward_off__seed88,643,20.0,9.0,2.541446071165522,19.0,0.0,0.0,1.0,0.95,0.0,0.0,0.05,0.0,1.0,0.0,0.0,0.0,0.0,0.0,0.0,0.0,0.0,0.0,0.0,0.0,1.0,0.0,0.0,0.0,0.0,0.0,0.0,0.0,0.0,0.0,0.0,0.0,0.0,0.0,0.0,0.0,0.0,0.0,0.0,0.0,0.0,0.0,0.0,0.0,0.0,0.0,0.0,0.0,0.0,0.0,0.0,0.0,0.0,0.0,0.0,0.0,0.0,0.0,0.0,0.0,0.0
attack,"""gbeleeleleeTTTTTIpg",time,time,seqgan_master,seqgan_master__final__time__A__500__MASTER__raw_character__len20__gpre120__reward_off__seed88,644,20.0,8.0,2.6282129458410015,19.0,0.0,0.0,1.0,0.95,0.0,0.0,0.05,0.0,1.0,0.0,0.0,0.0,0.0,0.0,0.0,0.0,0.0,0.0,0.0,0.0,1.0,0.0,0.0,0.0,0.0,0.0,0.0,0.0,0.0,0.0,0.0,0.0,0.0,0.0,0.0,0.0,0.0,0.0,0.0,0.0,0.0,0.0,0.0,0.0,0.0,0.0,0.0,0.0,0.0,0.0,0.0,0.0,0.0,0.0,0.0,0.0,0.0,0.0,0.0,0.0,0.0
attack,"""gbeleelebeleTbeTTIM",time,time,seqgan_master,seqgan_master__final__time__A__500__MASTER__raw_character__len20__gpre120__reward_off__seed88,645,20.0,8.0,2.6261207468426804,19.0,0.0,0.0,1.0,0.95,0.0,0.0,0.05,0.0,1.0,0.0,0.0,0.0,0.0,0.0,0.0,0.0,0.0,0.0,0.0,0.0,1.0,0.0,0.0,0.0,0.0,0.0,0.0,0.0,0.0,0.0,0.0,0.0,0.0,0.0,0.0,0.0,0.0,0.0,0.0,0.0,0.0,0.0,0.0,0.0,0.0,0.0,0.0,0.0,0.0,0.0,0.0,0.0,0.0,0.0,0.0,0.0,0.0,0.0,0.0,0.0,0.0
attack,"""gbeleeleleeleTTTTTT",time,time,seqgan_master,seqgan_master__final__time__A__500__MASTER__raw_character__len20__gpre120__reward_off__seed88,646,20.0,6.0,2.1638651219508542,19.0,0.0,0.0,1.0,0.95,0.0,0.0,0.05,0.0,1.0,0.0,0.0,0.0,0.0,0.0,0.0,0.0,0.0,0.0,0.0,0.0,1.0,0.0,0.0,0.0,0.0,0.0,0.0,0.0,0.0,0.0,0.0,0.0,0.0,0.0,0.0,0.0,0.0,0.0,0.0,0.0,0.0,0.0,0.0,0.0,0.0,0.0,0.0,0.0,0.0,0.0,0.0,0.0,0.0,0.0,0.0,0.0,0.0,0.0,0.0,0.0,0.0
attack,"""gbeleeleneTbeTTTTpg",time,time,seqgan_master,seqgan_master__final__time__A__500__MASTER__raw_character__len20__gpre120__reward_off__seed88,647,20.0,8.0,2.665957320949175,19.0,0.0,0.0,1.0,0.95,0.0,0.0,0.05,0.0,1.0,0.0,0.0,0.0,0.0,0.0,0.0,0.0,0.0,0.0,0.0,0.0,1.0,0.0,0.0,0.0,0.0,0.0,0.0,0.0,0.0,0.0,0.0,0.0,0.0,0.0,0.0,0.0,0.0,0.0,0.0,0.0,0.0,0.0,0.0,0.0,0.0,0.0,0.0,0.0,0.0,0.0,0.0,0.0,0.0,0.0,0.0,0.0,0.0,0.0,0.0,0.0,0.0
attack,"""gbelee0TTTITTIIdeTI",time,time,seqgan_master,seqgan_master__final__time__A__500__MASTER__raw_character__len20__gpre120__reward_off__seed88,648,20.0,9.0,2.746439344671016,18.0,1.0,0.0,1.0,0.9,0.05,0.0,0.05,0.0,1.0,0.0,0.0,0.0,0.0,0.0,0.0,0.0,0.0,0.0,0.0,0.0,1.0,0.0,0.0,0.0,0.0,0.0,0.0,0.0,0.0,0.0,0.0,0.0,0.0,0.0,0.0,0.0,0.0,0.0,0.0,0.0,0.0,0.0,0.0,0.0,0.0,0.0,0.0,0.0,0.0,0.0,0.0,0.0,0.0,0.0,0.0,0.0,0.0,0.0,0.0,0.0,0.0
attack,"""gbeelelelegbebelele",time,time,seqgan_master,seqgan_master__final__time__A__500__MASTER__raw_character__len20__gpre120__reward_off__seed88,649,20.0,5.0,1.9772354454083079,19.0,0.0,0.0,1.0,0.95,0.0,0.0,0.05,0.0,1.0,0.0,0.0,0.0,0.0,0.0,0.0,0.0,0.0,0.0,0.0,0.0,1.0,0.0,0.0,0.0,0.0,0.0,0.0,0.0,0.0,0.0,0.0,0.0,0.0,0.0,0.0,0.0,0.0,0.0,0.0,0.0,0.0,0.0,0.0,0.0,0.0,0.0,0.0,0.0,0.0,0.0,0.0,0.0,0.0,0.0,0.0,0.0,0.0,0.0,0.0,0.0,0.0
attack,"""gbeleeTbeTTIelelele",time,time,seqgan_master,seqgan_master__final__time__A__500__MASTER__raw_character__len20__gpre120__reward_off__seed88,650,20.0,7.0,2.384183719779189,19.0,0.0,0.0,1.0,0.95,0.0,0.0,0.05,0.0,1.0,0.0,0.0,0.0,0.0,0.0,0.0,0.0,0.0,0.0,0.0,0.0,1.0,0.0,0.0,0.0,0.0,0.0,0.0,0.0,0.0,0.0,0.0,0.0,0.0,0.0,0.0,0.0,0.0,0.0,0.0,0.0,0.0,0.0,0.0,0.0,0.0,0.0,0.0,0.0,0.0,0.0,0.0,0.0,0.0,0.0,0.0,0.0,0.0,0.0,0.0,0.0,0.0
attack,"""gbrbeleeeleTITTTIII",time,time,seqgan_master,seqgan_master__final__time__A__500__MASTER__raw_character__len20__gpre120__reward_off__seed88,651,20.0,8.0,2.7414460711655217,19.0,0.0,0.0,1.0,0.95,0.0,0.0,0.05,0.0,1.0,0.0,0.0,0.0,0.0,0.0,0.0,0.0,0.0,0.0,0.0,0.0,1.0,0.0,0.0,0.0,0.0,0.0,0.0,0.0,0.0,0.0,0.0,0.0,0.0,0.0,0.0,0.0,0.0,0.0,0.0,0.0,0.0,0.0,0.0,0.0,0.0,0.0,0.0,0.0,0.0,0.0,0.0,0.0,0.0,0.0,0.0,0.0,0.0,0.0,0.0,0.0,0.0
attack,"""gbeleeTIpgTbeleleTT",time,time,seqgan_master,seqgan_master__final__time__A__500__MASTER__raw_character__len20__gpre120__reward_off__seed88,652,20.0,8.0,2.708694969562842,19.0,0.0,0.0,1.0,0.95,0.0,0.0,0.05,0.0,1.0,0.0,0.0,0.0,0.0,0.0,0.0,0.0,0.0,0.0,0.0,0.0,1.0,0.0,0.0,0.0,0.0,0.0,0.0,0.0,0.0,0.0,0.0,0.0,0.0,0.0,0.0,0.0,0.0,0.0,0.0,0.0,0.0,0.0,0.0,0.0,0.0,0.0,0.0,0.0,0.0,0.0,0.0,0.0,0.0,0.0,0.0,0.0,0.0,0.0,0.0,0.0,0.0
attack,"""gbebeleTbelebeeTIbe",time,time,seqgan_master,seqgan_master__final__time__A__500__MASTER__raw_character__len20__gpre120__reward_off__seed88,653,20.0,7.0,2.341446071165522,19.0,0.0,0.0,1.0,0.95,0.0,0.0,0.05,0.0,1.0,0.0,0.0,0.0,0.0,0.0,0.0,0.0,0.0,0.0,0.0,0.0,1.0,0.0,0.0,0.0,0.0,0.0,0.0,0.0,0.0,0.0,0.0,0.0,0.0,0.0,0.0,0.0,0.0,0.0,0.0,0.0,0.0,0.0,0.0,0.0,0.0,0.0,0.0,0.0,0.0,0.0,0.0,0.0,0.0,0.0,0.0,0.0,0.0,0.0,0.0,0.0,0.0
attack,"""gbeleeleeleTneTle0T",time,time,seqgan_master,seqgan_master__final__time__A__500__MASTER__raw_character__len20__gpre120__reward_off__seed88,654,20.0,8.0,2.484183719779189,18.0,1.0,0.0,1.0,0.9,0.05,0.0,0.05,0.0,1.0,0.0,0.0,0.0,0.0,0.0,0.0,0.0,0.0,0.0,0.0,0.0,1.0,0.0,0.0,0.0,0.0,0.0,0.0,0.0,0.0,0.0,0.0,0.0,0.0,0.0,0.0,0.0,0.0,0.0,0.0,0.0,0.0,0.0,0.0,0.0,0.0,0.0,0.0,0.0,0.0,0.0,0.0,0.0,0.0,0.0,0.0,0.0,0.0,0.0,0.0,0.0,0.0
attack,"""gbeleTeleTTTTTTTTTI",time,time,seqgan_master,seqgan_master__final__time__A__500__MASTER__raw_character__len20__gpre120__reward_off__seed88,655,20.0,7.0,2.1609640474436813,19.0,0.0,0.0,1.0,0.95,0.0,0.0,0.05,0.0,1.0,0.0,0.0,0.0,0.0,0.0,0.0,0.0,0.0,0.0,0.0,0.0,1.0,0.0,0.0,0.0,0.0,0.0,0.0,0.0,0.0,0.0,0.0,0.0,0.0,0.0,0.0,0.0,0.0,0.0,0.0,0.0,0.0,0.0,0.0,0.0,0.0,0.0,0.0,0.0,0.0,0.0,0.0,0.0,0.0,0.0,0.0,0.0,0.0,0.0,0.0,0.0,0.0
attack,"""gbeeleleleleeTbeleT",time,time,seqgan_master,seqgan_master__final__time__A__500__MASTER__raw_character__len20__gpre120__reward_off__seed88,656,20.0,6.0,2.1149798205164814,19.0,0.0,0.0,1.0,0.95,0.0,0.0,0.05,0.0,1.0,0.0,0.0,0.0,0.0,0.0,0.0,0.0,0.0,0.0,0.0,0.0,1.0,0.0,0.0,0.0,0.0,0.0,0.0,0.0,0.0,0.0,0.0,0.0,0.0,0.0,0.0,0.0,0.0,0.0,0.0,0.0,0.0,0.0,0.0,0.0,0.0,0.0,0.0,0.0,0.0,0.0,0.0,0.0,0.0,0.0,0.0,0.0,0.0,0.0,0.0,0.0,0.0
attack,"""gbeleeTTIMeTpgTT(le",time,time,seqgan_master,seqgan_master__final__time__A__500__MASTER__raw_character__len20__gpre120__reward_off__seed88,657,20.0,10.0,2.9609640474436816,18.0,0.0,0.0,2.0,0.9,0.0,0.0,0.1,0.0,1.0,0.0,0.0,0.0,0.0,0.0,1.0,0.0,0.0,0.0,0.0,0.0,1.0,0.0,0.0,0.0,0.0,1.0,0.0,0.0,0.0,0.0,0.0,0.0,0.0,0.0,0.0,0.0,0.0,0.0,0.0,0.0,0.0,0.0,0.0,0.0,0.0,0.0,0.0,0.0,0.0,0.0,0.0,0.0,0.0,0.0,0.0,0.0,0.0,0.0,0.0,0.0,0.0
attack,"""gbeleleeeleTbeleleT",time,time,seqgan_master,seqgan_master__final__time__A__500__MASTER__raw_character__len20__gpre120__reward_off__seed88,658,20.0,6.0,2.1149798205164814,19.0,0.0,0.0,1.0,0.95,0.0,0.0,0.05,0.0,1.0,0.0,0.0,0.0,0.0,0.0,0.0,0.0,0.0,0.0,0.0,0.0,1.0,0.0,0.0,0.0,0.0,0.0,0.0,0.0,0.0,0.0,0.0,0.0,0.0,0.0,0.0,0.0,0.0,0.0,0.0,0.0,0.0,0.0,0.0,0.0,0.0,0.0,0.0,0.0,0.0,0.0,0.0,0.0,0.0,0.0,0.0,0.0,0.0,0.0,0.0,0.0,0.0
attack,"""gbeleeleTITpgTTTT(T",time,time,seqgan_master,seqgan_master__final__time__A__500__MASTER__raw_character__len20__gpre120__reward_off__seed88,659,20.0,9.0,2.739353872167201,18.0,0.0,0.0,2.0,0.9,0.0,0.0,0.1,0.0,1.0,0.0,0.0,0.0,0.0,0.0,1.0,0.0,0.0,0.0,0.0,0.0,1.0,0.0,0.0,0.0,0.0,1.0,0.0,0.0,0.0,0.0,0.0,0.0,0.0,0.0,0.0,0.0,0.0,0.0,0.0,0.0,0.0,0.0,0.0,0.0,0.0,0.0,0.0,0.0,0.0,0.0,0.0,0.0,0.0,0.0,0.0,0.0,0.0,0.0,0.0,0.0,0.0
attack,"""gbelelebeeTTTIIMbeb",time,time,seqgan_master,seqgan_master__final__time__A__500__MASTER__raw_character__len20__gpre120__reward_off__seed88,660,20.0,8.0,2.708694969562842,19.0,0.0,0.0,1.0,0.95,0.0,0.0,0.05,0.0,1.0,0.0,0.0,0.0,0.0,0.0,0.0,0.0,0.0,0.0,0.0,0.0,1.0,0.0,0.0,0.0,0.0,0.0,0.0,0.0,0.0,0.0,0.0,0.0,0.0,0.0,0.0,0.0,0.0,0.0,0.0,0.0,0.0,0.0,0.0,0.0,0.0,0.0,0.0,0.0,0.0,0.0,0.0,0.0,0.0,0.0,0.0,0.0,0.0,0.0,0.0,0.0,0.0
attack,"""gbelebeeTTTIIIeTbel",time,time,seqgan_master,seqgan_master__final__time__A__500__MASTER__raw_character__len20__gpre120__reward_off__seed88,661,20.0,7.0,2.5709505944546684,19.0,0.0,0.0,1.0,0.95,0.0,0.0,0.05,0.0,1.0,0.0,0.0,0.0,0.0,0.0,0.0,0.0,0.0,0.0,0.0,0.0,1.0,0.0,0.0,0.0,0.0,0.0,0.0,0.0,0.0,0.0,0.0,0.0,0.0,0.0,0.0,0.0,0.0,0.0,0.0,0.0,0.0,0.0,0.0,0.0,0.0,0.0,0.0,0.0,0.0,0.0,0.0,0.0,0.0,0.0,0.0,0.0,0.0,0.0,0.0,0.0,0.0
attack,"""gnegrirbeeeleleTIbe",time,time,seqgan_master,seqgan_master__final__time__A__500__MASTER__raw_character__len20__gpre120__reward_off__seed88,662,20.0,10.0,2.9393538721672012,19.0,0.0,0.0,1.0,0.95,0.0,0.0,0.05,0.0,1.0,0.0,0.0,0.0,0.0,0.0,0.0,0.0,0.0,0.0,0.0,0.0,1.0,0.0,0.0,0.0,0.0,0.0,0.0,0.0,0.0,0.0,0.0,0.0,0.0,0.0,0.0,0.0,0.0,0.0,0.0,0.0,0.0,0.0,0.0,0.0,0.0,0.0,0.0,0.0,0.0,0.0,0.0,0.0,0.0,0.0,0.0,0.0,0.0,0.0,0.0,0.0,0.0
attack,"""gbeleeeleTTepgTIpgT",time,time,seqgan_master,seqgan_master__final__time__A__500__MASTER__raw_character__len20__gpre120__reward_off__seed88,663,20.0,8.0,2.708694969562842,19.0,0.0,0.0,1.0,0.95,0.0,0.0,0.05,0.0,1.0,0.0,0.0,0.0,0.0,0.0,0.0,0.0,0.0,0.0,0.0,0.0,1.0,0.0,0.0,0.0,0.0,0.0,0.0,0.0,0.0,0.0,0.0,0.0,0.0,0.0,0.0,0.0,0.0,0.0,0.0,0.0,0.0,0.0,0.0,0.0,0.0,0.0,0.0,0.0,0.0,0.0,0.0,0.0,0.0,0.0,0.0,0.0,0.0,0.0,0.0,0.0,0.0
attack,;wibeeleleleeTIIsrng,time,time,seqgan_master,seqgan_master__final__time__A__500__MASTER__raw_character__len20__gpre120__reward_off__seed88,664,20.0,12.0,3.2086949695628424,19.0,0.0,0.0,1.0,0.95,0.0,0.0,0.05,0.0,0.0,0.0,0.0,0.0,0.0,1.0,0.0,0.0,0.0,0.0,0.0,0.0,0.0,0.0,0.0,0.0,0.0,0.0,1.0,0.0,0.0,0.0,0.0,0.0,0.0,0.0,0.0,0.0,0.0,0.0,0.0,0.0,0.0,0.0,0.0,0.0,0.0,0.0,0.0,0.0,0.0,0.0,0.0,0.0,0.0,0.0,0.0,0.0,0.0,0.0,0.0,0.0,0.0
attack,"""gbeleeTTMbeleleTTIp",time,time,seqgan_master,seqgan_master__final__time__A__500__MASTER__raw_character__len20__gpre120__reward_off__seed88,665,20.0,9.0,2.808694969562842,19.0,0.0,0.0,1.0,0.95,0.0,0.0,0.05,0.0,1.0,0.0,0.0,0.0,0.0,0.0,0.0,0.0,0.0,0.0,0.0,0.0,1.0,0.0,0.0,0.0,0.0,0.0,0.0,0.0,0.0,0.0,0.0,0.0,0.0,0.0,0.0,0.0,0.0,0.0,0.0,0.0,0.0,0.0,0.0,0.0,0.0,0.0,0.0,0.0,0.0,0.0,0.0,0.0,0.0,0.0,0.0,0.0,0.0,0.0,0.0,0.0,0.0
attack,"""gbeeeleTbeTbeTbebel",time,time,seqgan_master,seqgan_master__final__time__A__500__MASTER__raw_character__len20__gpre120__reward_off__seed88,666,20.0,6.0,2.2037016960573483,19.0,0.0,0.0,1.0,0.95,0.0,0.0,0.05,0.0,1.0,0.0,0.0,0.0,0.0,0.0,0.0,0.0,0.0,0.0,0.0,0.0,1.0,0.0,0.0,0.0,0.0,0.0,0.0,0.0,0.0,0.0,0.0,0.0,0.0,0.0,0.0,0.0,0.0,0.0,0.0,0.0,0.0,0.0,0.0,0.0,0.0,0.0,0.0,0.0,0.0,0.0,0.0,0.0,0.0,0.0,0.0,0.0,0.0,0.0,0.0,0.0,0.0
attack,"""gbeleeTeTbeTIIIpgTl",time,time,seqgan_master,seqgan_master__final__time__A__500__MASTER__raw_character__len20__gpre120__reward_off__seed88,667,20.0,8.0,2.8037016960573484,19.0,0.0,0.0,1.0,0.95,0.0,0.0,0.05,0.0,1.0,0.0,0.0,0.0,0.0,0.0,0.0,0.0,0.0,0.0,0.0,0.0,1.0,0.0,0.0,0.0,0.0,0.0,0.0,0.0,0.0,0.0,0.0,0.0,0.0,0.0,0.0,0.0,0.0,0.0,0.0,0.0,0.0,0.0,0.0,0.0,0.0,0.0,0.0,0.0,0.0,0.0,0.0,0.0,0.0,0.0,0.0,0.0,0.0,0.0,0.0,0.0,0.0
attack,"""gbeleleeleleleeTTTT",time,time,seqgan_master,seqgan_master__final__time__A__500__MASTER__raw_character__len20__gpre120__reward_off__seed88,668,20.0,6.0,2.1414460711655217,19.0,0.0,0.0,1.0,0.95,0.0,0.0,0.05,0.0,1.0,0.0,0.0,0.0,0.0,0.0,0.0,0.0,0.0,0.0,0.0,0.0,1.0,0.0,0.0,0.0,0.0,0.0,0.0,0.0,0.0,0.0,0.0,0.0,0.0,0.0,0.0,0.0,0.0,0.0,0.0,0.0,0.0,0.0,0.0,0.0,0.0,0.0,0.0,0.0,0.0,0.0,0.0,0.0,0.0,0.0,0.0,0.0,0.0,0.0,0.0,0.0,0.0
attack,"""gbeleeneeTTTTIpgTTI",time,time,seqgan_master,seqgan_master__final__time__A__500__MASTER__raw_character__len20__gpre120__reward_off__seed88,669,20.0,9.0,2.765957320949175,19.0,0.0,0.0,1.0,0.95,0.0,0.0,0.05,0.0,1.0,0.0,0.0,0.0,0.0,0.0,0.0,0.0,0.0,0.0,0.0,0.0,1.0,0.0,0.0,0.0,0.0,0.0,0.0,0.0,0.0,0.0,0.0,0.0,0.0,0.0,0.0,0.0,0.0,0.0,0.0,0.0,0.0,0.0,0.0,0.0,0.0,0.0,0.0,0.0,0.0,0.0,0.0,0.0,0.0,0.0,0.0,0.0,0.0,0.0,0.0,0.0,0.0
attack,"""gbeleleeTmbeleTmbeT",time,time,seqgan_master,seqgan_master__final__time__A__500__MASTER__raw_character__len20__gpre120__reward_off__seed88,670,20.0,7.0,2.5261207468426807,19.0,0.0,0.0,1.0,0.95,0.0,0.0,0.05,0.0,1.0,0.0,0.0,0.0,0.0,0.0,0.0,0.0,0.0,0.0,0.0,0.0,1.0,0.0,0.0,0.0,0.0,0.0,0.0,0.0,0.0,0.0,0.0,0.0,0.0,0.0,0.0,0.0,0.0,0.0,0.0,0.0,0.0,0.0,0.0,0.0,0.0,0.0,0.0,0.0,0.0,0.0,0.0,0.0,0.0,0.0,0.0,0.0,0.0,0.0,0.0,0.0,0.0
attack,"""gbeeleleeleTTIpgTTb",time,time,seqgan_master,seqgan_master__final__time__A__500__MASTER__raw_character__len20__gpre120__reward_off__seed88,671,20.0,8.0,2.708694969562842,19.0,0.0,0.0,1.0,0.95,0.0,0.0,0.05,0.0,1.0,0.0,0.0,0.0,0.0,0.0,0.0,0.0,0.0,0.0,0.0,0.0,1.0,0.0,0.0,0.0,0.0,0.0,0.0,0.0,0.0,0.0,0.0,0.0,0.0,0.0,0.0,0.0,0.0,0.0,0.0,0.0,0.0,0.0,0.0,0.0,0.0,0.0,0.0,0.0,0.0,0.0,0.0,0.0,0.0,0.0,0.0,0.0,0.0,0.0,0.0,0.0,0.0
attack,"""gbeleeTTIMbeeTTbele",time,time,seqgan_master,seqgan_master__final__time__A__500__MASTER__raw_character__len20__gpre120__reward_off__seed88,672,20.0,8.0,2.6016094970590276,19.0,0.0,0.0,1.0,0.95,0.0,0.0,0.05,0.0,1.0,0.0,0.0,0.0,0.0,0.0,0.0,0.0,0.0,0.0,0.0,0.0,1.0,0.0,0.0,0.0,0.0,0.0,0.0,0.0,0.0,0.0,0.0,0.0,0.0,0.0,0.0,0.0,0.0,0.0,0.0,0.0,0.0,0.0,0.0,0.0,0.0,0.0,0.0,0.0,0.0,0.0,0.0,0.0,0.0,0.0,0.0,0.0,0.0,0.0,0.0,0.0,0.0
attack,"""gbeeleleTbeTTTTIIpg",time,time,seqgan_master,seqgan_master__final__time__A__500__MASTER__raw_character__len20__gpre120__reward_off__seed88,673,20.0,8.0,2.7609640474436814,19.0,0.0,0.0,1.0,0.95,0.0,0.0,0.05,0.0,1.0,0.0,0.0,0.0,0.0,0.0,0.0,0.0,0.0,0.0,0.0,0.0,1.0,0.0,0.0,0.0,0.0,0.0,0.0,0.0,0.0,0.0,0.0,0.0,0.0,0.0,0.0,0.0,0.0,0.0,0.0,0.0,0.0,0.0,0.0,0.0,0.0,0.0,0.0,0.0,0.0,0.0,0.0,0.0,0.0,0.0,0.0,0.0,0.0,0.0,0.0,0.0,0.0
attack,"""gbeeleTbeleTIIITebe",time,time,seqgan_master,seqgan_master__final__time__A__500__MASTER__raw_character__len20__gpre120__reward_off__seed88,674,20.0,7.0,2.5261207468426807,19.0,0.0,0.0,1.0,0.95,0.0,0.0,0.05,0.0,1.0,0.0,0.0,0.0,0.0,0.0,0.0,0.0,0.0,0.0,0.0,0.0,1.0,0.0,0.0,0.0,0.0,0.0,0.0,0.0,0.0,0.0,0.0,0.0,0.0,0.0,0.0,0.0,0.0,0.0,0.0,0.0,0.0,0.0,0.0,0.0,0.0,0.0,0.0,0.0,0.0,0.0,0.0,0.0,0.0,0.0,0.0,0.0,0.0,0.0,0.0,0.0,0.0
attack,;waribeleeTTTpgTTpgT,time,time,seqgan_master,seqgan_master__final__time__A__500__MASTER__raw_character__len20__gpre120__reward_off__seed88,675,20.0,11.0,3.1086949695628423,19.0,0.0,0.0,1.0,0.95,0.0,0.0,0.05,0.0,0.0,0.0,0.0,0.0,0.0,1.0,0.0,0.0,0.0,0.0,0.0,0.0,0.0,0.0,0.0,0.0,0.0,0.0,1.0,0.0,0.0,0.0,0.0,0.0,0.0,0.0,0.0,0.0,0.0,0.0,0.0,0.0,0.0,0.0,0.0,0.0,0.0,0.0,0.0,0.0,0.0,0.0,0.0,0.0,0.0,0.0,0.0,0.0,0.0,0.0,0.0,0.0,0.0
attack,"""gbgbeleelelelee0bel",time,time,seqgan_master,seqgan_master__final__time__A__500__MASTER__raw_character__len20__gpre120__reward_off__seed88,676,20.0,6.0,2.2037016960573483,18.0,1.0,0.0,1.0,0.9,0.05,0.0,0.05,0.0,1.0,0.0,0.0,0.0,0.0,0.0,0.0,0.0,0.0,0.0,0.0,0.0,1.0,0.0,0.0,0.0,0.0,0.0,0.0,0.0,0.0,0.0,0.0,0.0,0.0,0.0,0.0,0.0,0.0,0.0,0.0,0.0,0.0,0.0,0.0,0.0,0.0,0.0,0.0,0.0,0.0,0.0,0.0,0.0,0.0,0.0,0.0,0.0,0.0,0.0,0.0,0.0,0.0
attack,"""gbeeleTTI-leTTTIbel",time,time,seqgan_master,seqgan_master__final__time__A__500__MASTER__raw_character__len20__gpre120__reward_off__seed88,677,20.0,8.0,2.723219672335508,18.0,0.0,0.0,2.0,0.9,0.0,0.0,0.1,0.0,1.0,1.0,0.0,0.0,0.0,0.0,0.0,0.0,0.0,0.0,1.0,0.0,1.0,0.0,0.0,0.0,0.0,0.0,0.0,0.0,0.0,0.0,0.0,0.0,0.0,0.0,0.0,0.0,0.0,0.0,0.0,0.0,0.0,0.0,0.0,0.0,0.0,0.0,0.0,0.0,0.0,0.0,0.0,0.0,0.0,0.0,0.0,0.0,0.0,0.0,0.0,0.0,0.0
attack,"""gbeleeleeTTTTIIpgTl",time,time,seqgan_master,seqgan_master__final__time__A__500__MASTER__raw_character__len20__gpre120__reward_off__seed88,678,20.0,8.0,2.723219672335508,19.0,0.0,0.0,1.0,0.95,0.0,0.0,0.05,0.0,1.0,0.0,0.0,0.0,0.0,0.0,0.0,0.0,0.0,0.0,0.0,0.0,1.0,0.0,0.0,0.0,0.0,0.0,0.0,0.0,0.0,0.0,0.0,0.0,0.0,0.0,0.0,0.0,0.0,0.0,0.0,0.0,0.0,0.0,0.0,0.0,0.0,0.0,0.0,0.0,0.0,0.0,0.0,0.0,0.0,0.0,0.0,0.0,0.0,0.0,0.0,0.0,0.0
attack,"""gbelecbeeTTbeTIMeTb",time,time,seqgan_master,seqgan_master__final__time__A__500__MASTER__raw_character__len20__gpre120__reward_off__seed88,679,20.0,9.0,2.746439344671016,19.0,0.0,0.0,1.0,0.95,0.0,0.0,0.05,0.0,1.0,0.0,0.0,0.0,0.0,0.0,0.0,0.0,0.0,0.0,0.0,0.0,1.0,0.0,0.0,0.0,0.0,0.0,0.0,0.0,0.0,0.0,0.0,0.0,0.0,0.0,0.0,0.0,0.0,0.0,0.0,0.0,0.0,0.0,0.0,0.0,0.0,0.0,0.0,0.0,0.0,0.0,0.0,0.0,0.0,0.0,0.0,0.0,0.0,0.0,0.0,0.0,0.0
attack,"""gbgrbeeleeTIIIleleT",time,time,seqgan_master,seqgan_master__final__time__A__500__MASTER__raw_character__len20__gpre120__reward_off__seed88,680,20.0,8.0,2.7709505944546686,19.0,0.0,0.0,1.0,0.95,0.0,0.0,0.05,0.0,1.0,0.0,0.0,0.0,0.0,0.0,0.0,0.0,0.0,0.0,0.0,0.0,1.0,0.0,0.0,0.0,0.0,0.0,0.0,0.0,0.0,0.0,0.0,0.0,0.0,0.0,0.0,0.0,0.0,0.0,0.0,0.0,0.0,0.0,0.0,0.0,0.0,0.0,0.0,0.0,0.0,0.0,0.0,0.0,0.0,0.0,0.0,0.0,0.0,0.0,0.0,0.0,0.0
attack,"""gbeleleeTIMbeTTTIMe",time,time,seqgan_master,seqgan_master__final__time__A__500__MASTER__raw_character__len20__gpre120__reward_off__seed88,681,20.0,8.0,2.746439344671016,19.0,0.0,0.0,1.0,0.95,0.0,0.0,0.05,0.0,1.0,0.0,0.0,0.0,0.0,0.0,0.0,0.0,0.0,0.0,0.0,0.0,1.0,0.0,0.0,0.0,0.0,0.0,0.0,0.0,0.0,0.0,0.0,0.0,0.0,0.0,0.0,0.0,0.0,0.0,0.0,0.0,0.0,0.0,0.0,0.0,0.0,0.0,0.0,0.0,0.0,0.0,0.0,0.0,0.0,0.0,0.0,0.0,0.0,0.0,0.0,0.0,0.0
attack,"""gbeeleleleleeleleTT",time,time,seqgan_master,seqgan_master__final__time__A__500__MASTER__raw_character__len20__gpre120__reward_off__seed88,682,20.0,6.0,2.0199730940219753,19.0,0.0,0.0,1.0,0.95,0.0,0.0,0.05,0.0,1.0,0.0,0.0,0.0,0.0,0.0,0.0,0.0,0.0,0.0,0.0,0.0,1.0,0.0,0.0,0.0,0.0,0.0,0.0,0.0,0.0,0.0,0.0,0.0,0.0,0.0,0.0,0.0,0.0,0.0,0.0,0.0,0.0,0.0,0.0,0.0,0.0,0.0,0.0,0.0,0.0,0.0,0.0,0.0,0.0,0.0,0.0,0.0,0.0,0.0,0.0,0.0,0.0
attack,",wbeeTTIpgTrbelelele",time,time,seqgan_master,seqgan_master__final__time__A__500__MASTER__raw_character__len20__gpre120__reward_off__seed88,683,20.0,10.0,2.970950594454669,19.0,0.0,0.0,1.0,0.95,0.0,0.0,0.05,0.0,0.0,0.0,0.0,0.0,0.0,0.0,0.0,0.0,0.0,1.0,0.0,0.0,0.0,0.0,0.0,0.0,0.0,0.0,0.0,0.0,0.0,0.0,0.0,0.0,0.0,0.0,0.0,0.0,0.0,0.0,0.0,0.0,0.0,0.0,0.0,0.0,0.0,0.0,0.0,0.0,0.0,0.0,0.0,0.0,0.0,0.0,0.0,0.0,0.0,0.0,0.0,0.0,0.0
attack,"""gbeleleeleTeTTTTTIT",time,time,seqgan_master,seqgan_master__final__time__A__500__MASTER__raw_character__len20__gpre120__reward_off__seed88,684,20.0,7.0,2.3261207468426806,19.0,0.0,0.0,1.0,0.95,0.0,0.0,0.05,0.0,1.0,0.0,0.0,0.0,0.0,0.0,0.0,0.0,0.0,0.0,0.0,0.0,1.0,0.0,0.0,0.0,0.0,0.0,0.0,0.0,0.0,0.0,0.0,0.0,0.0,0.0,0.0,0.0,0.0,0.0,0.0,0.0,0.0,0.0,0.0,0.0,0.0,0.0,0.0,0.0,0.0,0.0,0.0,0.0,0.0,0.0,0.0,0.0,0.0,0.0,0.0,0.0,0.0
attack,"""gbelebeleeleleTTIMe",time,time,seqgan_master,seqgan_master__final__time__A__500__MASTER__raw_character__len20__gpre120__reward_off__seed88,685,20.0,8.0,2.5219280948873624,19.0,0.0,0.0,1.0,0.95,0.0,0.0,0.05,0.0,1.0,0.0,0.0,0.0,0.0,0.0,0.0,0.0,0.0,0.0,0.0,0.0,1.0,0.0,0.0,0.0,0.0,0.0,0.0,0.0,0.0,0.0,0.0,0.0,0.0,0.0,0.0,0.0,0.0,0.0,0.0,0.0,0.0,0.0,0.0,0.0,0.0,0.0,0.0,0.0,0.0,0.0,0.0,0.0,0.0,0.0,0.0,0.0,0.0,0.0,0.0,0.0,0.0
attack,"""gbeleeTTpgTTTIdlele",time,time,seqgan_master,seqgan_master__final__time__A__500__MASTER__raw_character__len20__gpre120__reward_off__seed88,686,20.0,9.0,2.823219672335508,19.0,0.0,0.0,1.0,0.95,0.0,0.0,0.05,0.0,1.0,0.0,0.0,0.0,0.0,0.0,0.0,0.0,0.0,0.0,0.0,0.0,1.0,0.0,0.0,0.0,0.0,0.0,0.0,0.0,0.0,0.0,0.0,0.0,0.0,0.0,0.0,0.0,0.0,0.0,0.0,0.0,0.0,0.0,0.0,0.0,0.0,0.0,0.0,0.0,0.0,0.0,0.0,0.0,0.0,0.0,0.0,0.0,0.0,0.0,0.0,0.0,0.0
attack,"""gbeleeleTTTTIIIIbbe",time,time,seqgan_master,seqgan_master__final__time__A__500__MASTER__raw_character__len20__gpre120__reward_off__seed88,687,20.0,7.0,2.6037016960573482,19.0,0.0,0.0,1.0,0.95,0.0,0.0,0.05,0.0,1.0,0.0,0.0,0.0,0.0,0.0,0.0,0.0,0.0,0.0,0.0,0.0,1.0,0.0,0.0,0.0,0.0,0.0,0.0,0.0,0.0,0.0,0.0,0.0,0.0,0.0,0.0,0.0,0.0,0.0,0.0,0.0,0.0,0.0,0.0,0.0,0.0,0.0,0.0,0.0,0.0,0.0,0.0,0.0,0.0,0.0,0.0,0.0,0.0,0.0,0.0,0.0,0.0
attack,"""gbeleelemeleTTlemII",time,time,seqgan_master,seqgan_master__final__time__A__500__MASTER__raw_character__len20__gpre120__reward_off__seed88,688,20.0,8.0,2.639353872167201,19.0,0.0,0.0,1.0,0.95,0.0,0.0,0.05,0.0,1.0,0.0,0.0,0.0,0.0,0.0,0.0,0.0,0.0,0.0,0.0,0.0,1.0,0.0,0.0,0.0,0.0,0.0,0.0,0.0,0.0,0.0,0.0,0.0,0.0,0.0,0.0,0.0,0.0,0.0,0.0,0.0,0.0,0.0,0.0,0.0,0.0,0.0,0.0,0.0,0.0,0.0,0.0,0.0,0.0,0.0,0.0,0.0,0.0,0.0,0.0,0.0,0.0
attack,"""gbgbeleeleeleTTTIpg",time,time,seqgan_master,seqgan_master__final__time__A__500__MASTER__raw_character__len20__gpre120__reward_off__seed88,689,20.0,8.0,2.733206219346495,19.0,0.0,0.0,1.0,0.95,0.0,0.0,0.05,0.0,1.0,0.0,0.0,0.0,0.0,0.0,0.0,0.0,0.0,0.0,0.0,0.0,1.0,0.0,0.0,0.0,0.0,0.0,0.0,0.0,0.0,0.0,0.0,0.0,0.0,0.0,0.0,0.0,0.0,0.0,0.0,0.0,0.0,0.0,0.0,0.0,0.0,0.0,0.0,0.0,0.0,0.0,0.0,0.0,0.0,0.0,0.0,0.0,0.0,0.0,0.0,0.0,0.0
attack,"""gneeTTbeleTTTTITITI",time,time,seqgan_master,seqgan_master__final__time__A__500__MASTER__raw_character__len20__gpre120__reward_off__seed88,690,20.0,8.0,2.484183719779189,19.0,0.0,0.0,1.0,0.95,0.0,0.0,0.05,0.0,1.0,0.0,0.0,0.0,0.0,0.0,0.0,0.0,0.0,0.0,0.0,0.0,1.0,0.0,0.0,0.0,0.0,0.0,0.0,0.0,0.0,0.0,0.0,0.0,0.0,0.0,0.0,0.0,0.0,0.0,0.0,0.0,0.0,0.0,0.0,0.0,0.0,0.0,0.0,0.0,0.0,0.0,0.0,0.0,0.0,0.0,0.0,0.0,0.0,0.0,0.0,0.0,0.0
attack,"""gbgbrbribecbeeeTIle",time,time,seqgan_master,seqgan_master__final__time__A__500__MASTER__raw_character__len20__gpre120__reward_off__seed88,691,20.0,10.0,2.9609640474436816,19.0,0.0,0.0,1.0,0.95,0.0,0.0,0.05,0.0,1.0,0.0,0.0,0.0,0.0,0.0,0.0,0.0,0.0,0.0,0.0,0.0,1.0,0.0,0.0,0.0,0.0,0.0,0.0,0.0,0.0,0.0,0.0,0.0,0.0,0.0,0.0,0.0,0.0,0.0,0.0,0.0,0.0,0.0,0.0,0.0,0.0,0.0,0.0,0.0,0.0,0.0,0.0,0.0,0.0,0.0,0.0,0.0,0.0,0.0,0.0,0.0,0.0
attack,"""gbrbeeleleeleTTpgTI",time,time,seqgan_master,seqgan_master__final__time__A__500__MASTER__raw_character__len20__gpre120__reward_off__seed88,692,20.0,9.0,2.8709505944546687,19.0,0.0,0.0,1.0,0.95,0.0,0.0,0.05,0.0,1.0,0.0,0.0,0.0,0.0,0.0,0.0,0.0,0.0,0.0,0.0,0.0,1.0,0.0,0.0,0.0,0.0,0.0,0.0,0.0,0.0,0.0,0.0,0.0,0.0,0.0,0.0,0.0,0.0,0.0,0.0,0.0,0.0,0.0,0.0,0.0,0.0,0.0,0.0,0.0,0.0,0.0,0.0,0.0,0.0,0.0,0.0,0.0,0.0,0.0,0.0,0.0,0.0
attack,gTI(pgTneleeTTIMbele,time,time,seqgan_master,seqgan_master__final__time__A__500__MASTER__raw_character__len20__gpre120__reward_off__seed88,693,20.0,10.0,3.041446071165522,19.0,0.0,0.0,1.0,0.95,0.0,0.0,0.05,0.0,0.0,0.0,0.0,0.0,0.0,0.0,1.0,0.0,0.0,0.0,0.0,0.0,0.0,0.0,0.0,0.0,0.0,1.0,0.0,0.0,0.0,0.0,0.0,0.0,0.0,0.0,0.0,0.0,0.0,0.0,0.0,0.0,0.0,0.0,0.0,0.0,0.0,0.0,0.0,0.0,0.0,0.0,0.0,0.0,0.0,0.0,0.0,0.0,0.0,0.0,0.0,0.0,0.0
attack,"""gbeeleleleTeleTIMbe",time,time,seqgan_master,seqgan_master__final__time__A__500__MASTER__raw_character__len20__gpre120__reward_off__seed88,694,20.0,8.0,2.5219280948873624,19.0,0.0,0.0,1.0,0.95,0.0,0.0,0.05,0.0,1.0,0.0,0.0,0.0,0.0,0.0,0.0,0.0,0.0,0.0,0.0,0.0,1.0,0.0,0.0,0.0,0.0,0.0,0.0,0.0,0.0,0.0,0.0,0.0,0.0,0.0,0.0,0.0,0.0,0.0,0.0,0.0,0.0,0.0,0.0,0.0,0.0,0.0,0.0,0.0,0.0,0.0,0.0,0.0,0.0,0.0,0.0,0.0,0.0,0.0,0.0,0.0,0.0
attack, )gTbeleTIpgTTbeleTT,time,time,seqgan_master,seqgan_master__final__time__A__500__MASTER__raw_character__len20__gpre120__reward_off__seed88,695,20.0,9.0,2.8464393446710154,18.0,0.0,1.0,1.0,0.9,0.0,0.05,0.05,0.0,0.0,0.0,0.0,0.0,0.0,0.0,1.0,0.0,0.0,0.0,0.0,0.0,0.0,0.0,0.0,0.0,0.0,1.0,0.0,0.0,0.0,0.0,0.0,0.0,0.0,0.0,0.0,0.0,0.0,0.0,0.0,0.0,0.0,0.0,0.0,0.0,0.0,0.0,0.0,0.0,0.0,0.0,0.0,0.0,0.0,0.0,0.0,0.0,0.0,0.0,0.0,0.0,0.0
attack,"""gneleeleeTIIpgTImyw",time,time,seqgan_master,seqgan_master__final__time__A__500__MASTER__raw_character__len20__gpre120__reward_off__seed88,696,20.0,11.0,3.2037016960573483,19.0,0.0,0.0,1.0,0.95,0.0,0.0,0.05,0.0,1.0,0.0,0.0,0.0,0.0,0.0,0.0,0.0,0.0,0.0,0.0,0.0,1.0,0.0,0.0,0.0,0.0,0.0,0.0,0.0,0.0,0.0,0.0,0.0,0.0,0.0,0.0,0.0,0.0,0.0,0.0,0.0,0.0,0.0,0.0,0.0,0.0,0.0,0.0,0.0,0.0,0.0,0.0,0.0,0.0,0.0,0.0,0.0,0.0,0.0,0.0,0.0,0.0
attack,"""gbeleeleebTTIIMee0l",time,time,seqgan_master,seqgan_master__final__time__A__500__MASTER__raw_character__len20__gpre120__reward_off__seed88,697,20.0,9.0,2.8016094970590277,18.0,1.0,0.0,1.0,0.9,0.05,0.0,0.05,0.0,1.0,0.0,0.0,0.0,0.0,0.0,0.0,0.0,0.0,0.0,0.0,0.0,1.0,0.0,0.0,0.0,0.0,0.0,0.0,0.0,0.0,0.0,0.0,0.0,0.0,0.0,0.0,0.0,0.0,0.0,0.0,0.0,0.0,0.0,0.0,0.0,0.0,0.0,0.0,0.0,0.0,0.0,0.0,0.0,0.0,0.0,0.0,0.0,0.0,0.0,0.0,0.0,0.0
attack,"""gbeleleeleTIdeTleTT",time,time,seqgan_master,seqgan_master__final__time__A__500__MASTER__raw_character__len20__gpre120__reward_off__seed88,698,20.0,8.0,2.539353872167201,19.0,0.0,0.0,1.0,0.95,0.0,0.0,0.05,0.0,1.0,0.0,0.0,0.0,0.0,0.0,0.0,0.0,0.0,0.0,0.0,0.0,1.0,0.0,0.0,0.0,0.0,0.0,0.0,0.0,0.0,0.0,0.0,0.0,0.0,0.0,0.0,0.0,0.0,0.0,0.0,0.0,0.0,0.0,0.0,0.0,0.0,0.0,0.0,0.0,0.0,0.0,0.0,0.0,0.0,0.0,0.0,0.0,0.0,0.0,0.0,0.0,0.0
attack,"""gbeleeTTIdeeleleTTI",time,time,seqgan_master,seqgan_master__final__time__A__500__MASTER__raw_character__len20__gpre120__reward_off__seed88,699,20.0,8.0,2.6016094970590276,19.0,0.0,0.0,1.0,0.95,0.0,0.0,0.05,0.0,1.0,0.0,0.0,0.0,0.0,0.0,0.0,0.0,0.0,0.0,0.0,0.0,1.0,0.0,0.0,0.0,0.0,0.0,0.0,0.0,0.0,0.0,0.0,0.0,0.0,0.0,0.0,0.0,0.0,0.0,0.0,0.0,0.0,0.0,0.0,0.0,0.0,0.0,0.0,0.0,0.0,0.0,0.0,0.0,0.0,0.0,0.0,0.0,0.0,0.0,0.0,0.0,0.0
attack,"""gbegbelegbeleleTele",time,time,seqgan_master,seqgan_master__final__time__A__500__MASTER__raw_character__len20__gpre120__reward_off__seed88,700,20.0,6.0,2.2464393446710154,19.0,0.0,0.0,1.0,0.95,0.0,0.0,0.05,0.0,1.0,0.0,0.0,0.0,0.0,0.0,0.0,0.0,0.0,0.0,0.0,0.0,1.0,0.0,0.0,0.0,0.0,0.0,0.0,0.0,0.0,0.0,0.0,0.0,0.0,0.0,0.0,0.0,0.0,0.0,0.0,0.0,0.0,0.0,0.0,0.0,0.0,0.0,0.0,0.0,0.0,0.0,0.0,0.0,0.0,0.0,0.0,0.0,0.0,0.0,0.0,0.0,0.0
attack,"""gbeleelelebebeTbe0T",time,time,seqgan_master,seqgan_master__final__time__A__500__MASTER__raw_character__len20__gpre120__reward_off__seed88,701,20.0,7.0,2.384183719779189,18.0,1.0,0.0,1.0,0.9,0.05,0.0,0.05,0.0,1.0,0.0,0.0,0.0,0.0,0.0,0.0,0.0,0.0,0.0,0.0,0.0,1.0,0.0,0.0,0.0,0.0,0.0,0.0,0.0,0.0,0.0,0.0,0.0,0.0,0.0,0.0,0.0,0.0,0.0,0.0,0.0,0.0,0.0,0.0,0.0,0.0,0.0,0.0,0.0,0.0,0.0,0.0,0.0,0.0,0.0,0.0,0.0,0.0,0.0,0.0,0.0,0.0
attack,"""gbeleele0rbelee0TTT",time,time,seqgan_master,seqgan_master__final__time__A__500__MASTER__raw_character__len20__gpre120__reward_off__seed88,702,20.0,8.0,2.6638651219508542,17.0,2.0,0.0,1.0,0.85,0.1,0.0,0.05,0.0,1.0,0.0,0.0,0.0,0.0,0.0,0.0,0.0,0.0,0.0,0.0,0.0,1.0,0.0,0.0,0.0,0.0,0.0,0.0,0.0,0.0,0.0,0.0,0.0,0.0,0.0,0.0,0.0,0.0,0.0,0.0,0.0,0.0,0.0,0.0,0.0,0.0,0.0,0.0,0.0,0.0,0.0,0.0,0.0,0.0,0.0,0.0,0.0,0.0,0.0,0.0,0.0,0.0
attack,"""gbeleeleleTbeTTTTTT",time,time,seqgan_master,seqgan_master__final__time__A__500__MASTER__raw_character__len20__gpre120__reward_off__seed88,703,20.0,6.0,2.2261207468426805,19.0,0.0,0.0,1.0,0.95,0.0,0.0,0.05,0.0,1.0,0.0,0.0,0.0,0.0,0.0,0.0,0.0,0.0,0.0,0.0,0.0,1.0,0.0,0.0,0.0,0.0,0.0,0.0,0.0,0.0,0.0,0.0,0.0,0.0,0.0,0.0,0.0,0.0,0.0,0.0,0.0,0.0,0.0,0.0,0.0,0.0,0.0,0.0,0.0,0.0,0.0,0.0,0.0,0.0,0.0,0.0,0.0,0.0,0.0,0.0,0.0,0.0
attack,"""gbeleeleleleTleeTMl",time,time,seqgan_master,seqgan_master__final__time__A__500__MASTER__raw_character__len20__gpre120__reward_off__seed88,704,20.0,7.0,2.2464393446710154,19.0,0.0,0.0,1.0,0.95,0.0,0.0,0.05,0.0,1.0,0.0,0.0,0.0,0.0,0.0,0.0,0.0,0.0,0.0,0.0,0.0,1.0,0.0,0.0,0.0,0.0,0.0,0.0,0.0,0.0,0.0,0.0,0.0,0.0,0.0,0.0,0.0,0.0,0.0,0.0,0.0,0.0,0.0,0.0,0.0,0.0,0.0,0.0,0.0,0.0,0.0,0.0,0.0,0.0,0.0,0.0,0.0,0.0,0.0,0.0,0.0,0.0
attack,"""gbeleeleleleTIMdeel",time,time,seqgan_master,seqgan_master__final__time__A__500__MASTER__raw_character__len20__gpre120__reward_off__seed88,705,20.0,9.0,2.541446071165522,19.0,0.0,0.0,1.0,0.95,0.0,0.0,0.05,0.0,1.0,0.0,0.0,0.0,0.0,0.0,0.0,0.0,0.0,0.0,0.0,0.0,1.0,0.0,0.0,0.0,0.0,0.0,0.0,0.0,0.0,0.0,0.0,0.0,0.0,0.0,0.0,0.0,0.0,0.0,0.0,0.0,0.0,0.0,0.0,0.0,0.0,0.0,0.0,0.0,0.0,0.0,0.0,0.0,0.0,0.0,0.0,0.0,0.0,0.0,0.0,0.0,0.0
attack,"""gngbegbeeleeTbelele",time,time,seqgan_master,seqgan_master__final__time__A__500__MASTER__raw_character__len20__gpre120__reward_off__seed88,706,20.0,7.0,2.408694969562842,19.0,0.0,0.0,1.0,0.95,0.0,0.0,0.05,0.0,1.0,0.0,0.0,0.0,0.0,0.0,0.0,0.0,0.0,0.0,0.0,0.0,1.0,0.0,0.0,0.0,0.0,0.0,0.0,0.0,0.0,0.0,0.0,0.0,0.0,0.0,0.0,0.0,0.0,0.0,0.0,0.0,0.0,0.0,0.0,0.0,0.0,0.0,0.0,0.0,0.0,0.0,0.0,0.0,0.0,0.0,0.0,0.0,0.0,0.0,0.0,0.0,0.0
attack,"""gbeeleleeleeleTbell",time,time,seqgan_master,seqgan_master__final__time__A__500__MASTER__raw_character__len20__gpre120__reward_off__seed88,707,20.0,6.0,2.0199730940219753,19.0,0.0,0.0,1.0,0.95,0.0,0.0,0.05,0.0,1.0,0.0,0.0,0.0,0.0,0.0,0.0,0.0,0.0,0.0,0.0,0.0,1.0,0.0,0.0,0.0,0.0,0.0,0.0,0.0,0.0,0.0,0.0,0.0,0.0,0.0,0.0,0.0,0.0,0.0,0.0,0.0,0.0,0.0,0.0,0.0,0.0,0.0,0.0,0.0,0.0,0.0,0.0,0.0,0.0,0.0,0.0,0.0,0.0,0.0,0.0,0.0,0.0
attack,"""gbeleeTTIleleTbTTTT",time,time,seqgan_master,seqgan_master__final__time__A__500__MASTER__raw_character__len20__gpre120__reward_off__seed88,708,20.0,7.0,2.421127473337187,19.0,0.0,0.0,1.0,0.95,0.0,0.0,0.05,0.0,1.0,0.0,0.0,0.0,0.0,0.0,0.0,0.0,0.0,0.0,0.0,0.0,1.0,0.0,0.0,0.0,0.0,0.0,0.0,0.0,0.0,0.0,0.0,0.0,0.0,0.0,0.0,0.0,0.0,0.0,0.0,0.0,0.0,0.0,0.0,0.0,0.0,0.0,0.0,0.0,0.0,0.0,0.0,0.0,0.0,0.0,0.0,0.0,0.0,0.0,0.0,0.0,0.0
attack,"""gbeleelelekTTTTTTIp",time,time,seqgan_master,seqgan_master__final__time__A__500__MASTER__raw_character__len20__gpre120__reward_off__seed88,709,20.0,9.0,2.7282129458410016,19.0,0.0,0.0,1.0,0.95,0.0,0.0,0.05,0.0,1.0,0.0,0.0,0.0,0.0,0.0,0.0,0.0,0.0,0.0,0.0,0.0,1.0,0.0,0.0,0.0,0.0,0.0,0.0,0.0,0.0,0.0,0.0,0.0,0.0,0.0,0.0,0.0,0.0,0.0,0.0,0.0,0.0,0.0,0.0,0.0,0.0,0.0,0.0,0.0,0.0,0.0,0.0,0.0,0.0,0.0,0.0,0.0,0.0,0.0,0.0,0.0,0.0
attack,"""gbeleeleeleleTITIpg",time,time,seqgan_master,seqgan_master__final__time__A__500__MASTER__raw_character__len20__gpre120__reward_off__seed88,710,20.0,8.0,2.639353872167201,19.0,0.0,0.0,1.0,0.95,0.0,0.0,0.05,0.0,1.0,0.0,0.0,0.0,0.0,0.0,0.0,0.0,0.0,0.0,0.0,0.0,1.0,0.0,0.0,0.0,0.0,0.0,0.0,0.0,0.0,0.0,0.0,0.0,0.0,0.0,0.0,0.0,0.0,0.0,0.0,0.0,0.0,0.0,0.0,0.0,0.0,0.0,0.0,0.0,0.0,0.0,0.0,0.0,0.0,0.0,0.0,0.0,0.0,0.0,0.0,0.0,0.0
attack,"""gbeleeeTbeTMbeleTeT",time,time,seqgan_master,seqgan_master__final__time__A__500__MASTER__raw_character__len20__gpre120__reward_off__seed88,711,20.0,7.0,2.384183719779189,19.0,0.0,0.0,1.0,0.95,0.0,0.0,0.05,0.0,1.0,0.0,0.0,0.0,0.0,0.0,0.0,0.0,0.0,0.0,0.0,0.0,1.0,0.0,0.0,0.0,0.0,0.0,0.0,0.0,0.0,0.0,0.0,0.0,0.0,0.0,0.0,0.0,0.0,0.0,0.0,0.0,0.0,0.0,0.0,0.0,0.0,0.0,0.0,0.0,0.0,0.0,0.0,0.0,0.0,0.0,0.0,0.0,0.0,0.0,0.0,0.0,0.0
attack,""" beribegbeeleleelel",time,time,seqgan_master,seqgan_master__final__time__A__500__MASTER__raw_character__len20__gpre120__reward_off__seed88,712,20.0,8.0,2.484183719779189,18.0,0.0,1.0,1.0,0.9,0.0,0.05,0.05,0.0,1.0,0.0,0.0,0.0,0.0,0.0,0.0,0.0,0.0,0.0,0.0,0.0,1.0,0.0,0.0,0.0,0.0,0.0,0.0,0.0,0.0,0.0,0.0,0.0,0.0,0.0,0.0,0.0,0.0,0.0,0.0,0.0,0.0,0.0,0.0,0.0,0.0,0.0,0.0,0.0,0.0,0.0,0.0,0.0,0.0,0.0,0.0,0.0,0.0,0.0,0.0,0.0,0.0
attack,"""gbeeleleTMbeTIbeTIT",time,time,seqgan_master,seqgan_master__final__time__A__500__MASTER__raw_character__len20__gpre120__reward_off__seed88,713,20.0,8.0,2.708694969562842,19.0,0.0,0.0,1.0,0.95,0.0,0.0,0.05,0.0,1.0,0.0,0.0,0.0,0.0,0.0,0.0,0.0,0.0,0.0,0.0,0.0,1.0,0.0,0.0,0.0,0.0,0.0,0.0,0.0,0.0,0.0,0.0,0.0,0.0,0.0,0.0,0.0,0.0,0.0,0.0,0.0,0.0,0.0,0.0,0.0,0.0,0.0,0.0,0.0,0.0,0.0,0.0,0.0,0.0,0.0,0.0,0.0,0.0,0.0,0.0,0.0,0.0
attack,"""gneleleeleleleeTTTT",time,time,seqgan_master,seqgan_master__final__time__A__500__MASTER__raw_character__len20__gpre120__reward_off__seed88,714,20.0,6.0,2.1414460711655217,19.0,0.0,0.0,1.0,0.95,0.0,0.0,0.05,0.0,1.0,0.0,0.0,0.0,0.0,0.0,0.0,0.0,0.0,0.0,0.0,0.0,1.0,0.0,0.0,0.0,0.0,0.0,0.0,0.0,0.0,0.0,0.0,0.0,0.0,0.0,0.0,0.0,0.0,0.0,0.0,0.0,0.0,0.0,0.0,0.0,0.0,0.0,0.0,0.0,0.0,0.0,0.0,0.0,0.0,0.0,0.0,0.0,0.0,0.0,0.0,0.0,0.0
attack,"""gbeleeTbeTleTTIIMbe",time,time,seqgan_master,seqgan_master__final__time__A__500__MASTER__raw_character__len20__gpre120__reward_off__seed88,715,20.0,8.0,2.708694969562842,19.0,0.0,0.0,1.0,0.95,0.0,0.0,0.05,0.0,1.0,0.0,0.0,0.0,0.0,0.0,0.0,0.0,0.0,0.0,0.0,0.0,1.0,0.0,0.0,0.0,0.0,0.0,0.0,0.0,0.0,0.0,0.0,0.0,0.0,0.0,0.0,0.0,0.0,0.0,0.0,0.0,0.0,0.0,0.0,0.0,0.0,0.0,0.0,0.0,0.0,0.0,0.0,0.0,0.0,0.0,0.0,0.0,0.0,0.0,0.0,0.0,0.0
attack,"""gbeleleeeTIMeeTIIpg",time,time,seqgan_master,seqgan_master__final__time__A__500__MASTER__raw_character__len20__gpre120__reward_off__seed88,716,20.0,9.0,2.8016094970590277,19.0,0.0,0.0,1.0,0.95,0.0,0.0,0.05,0.0,1.0,0.0,0.0,0.0,0.0,0.0,0.0,0.0,0.0,0.0,0.0,0.0,1.0,0.0,0.0,0.0,0.0,0.0,0.0,0.0,0.0,0.0,0.0,0.0,0.0,0.0,0.0,0.0,0.0,0.0,0.0,0.0,0.0,0.0,0.0,0.0,0.0,0.0,0.0,0.0,0.0,0.0,0.0,0.0,0.0,0.0,0.0,0.0,0.0,0.0,0.0,0.0,0.0
attack,"""gbeeleeTpgT[leTTIpg",time,time,seqgan_master,seqgan_master__final__time__A__500__MASTER__raw_character__len20__gpre120__reward_off__seed88,717,20.0,9.0,2.9037016960573485,18.0,0.0,0.0,2.0,0.9,0.0,0.0,0.1,0.0,1.0,0.0,0.0,0.0,0.0,0.0,0.0,0.0,0.0,0.0,0.0,0.0,1.0,0.0,0.0,0.0,0.0,0.0,0.0,0.0,0.0,0.0,0.0,0.0,0.0,0.0,0.0,0.0,0.0,0.0,0.0,0.0,0.0,0.0,0.0,0.0,0.0,0.0,0.0,0.0,0.0,0.0,0.0,0.0,0.0,0.0,0.0,0.0,0.0,0.0,0.0,0.0,0.0
attack,"""gbeleeleletTITeleTT",time,time,seqgan_master,seqgan_master__final__time__A__500__MASTER__raw_character__len20__gpre120__reward_off__seed88,718,20.0,8.0,2.539353872167201,19.0,0.0,0.0,1.0,0.95,0.0,0.0,0.05,0.0,1.0,0.0,0.0,0.0,0.0,0.0,0.0,0.0,0.0,0.0,0.0,0.0,1.0,0.0,0.0,0.0,0.0,0.0,0.0,0.0,0.0,0.0,0.0,0.0,0.0,0.0,0.0,0.0,0.0,0.0,0.0,0.0,0.0,0.0,0.0,0.0,0.0,0.0,0.0,0.0,0.0,0.0,0.0,0.0,0.0,0.0,0.0,0.0,0.0,0.0,0.0,0.0,0.0
attack,"""gbeleeeT0TTIIpgTbel",time,time,seqgan_master,seqgan_master__final__time__A__500__MASTER__raw_character__len20__gpre120__reward_off__seed88,719,20.0,9.0,2.941446071165522,18.0,1.0,0.0,1.0,0.9,0.05,0.0,0.05,0.0,1.0,0.0,0.0,0.0,0.0,0.0,0.0,0.0,0.0,0.0,0.0,0.0,1.0,0.0,0.0,0.0,0.0,0.0,0.0,0.0,0.0,0.0,0.0,0.0,0.0,0.0,0.0,0.0,0.0,0.0,0.0,0.0,0.0,0.0,0.0,0.0,0.0,0.0,0.0,0.0,0.0,0.0,0.0,0.0,0.0,0.0,0.0,0.0,0.0,0.0,0.0,0.0,0.0
attack,"""gbeeleleleleTTTTTIp",time,time,seqgan_master,seqgan_master__final__time__A__500__MASTER__raw_character__len20__gpre120__reward_off__seed88,720,20.0,8.0,2.565957320949175,19.0,0.0,0.0,1.0,0.95,0.0,0.0,0.05,0.0,1.0,0.0,0.0,0.0,0.0,0.0,0.0,0.0,0.0,0.0,0.0,0.0,1.0,0.0,0.0,0.0,0.0,0.0,0.0,0.0,0.0,0.0,0.0,0.0,0.0,0.0,0.0,0.0,0.0,0.0,0.0,0.0,0.0,0.0,0.0,0.0,0.0,0.0,0.0,0.0,0.0,0.0,0.0,0.0,0.0,0.0,0.0,0.0,0.0,0.0,0.0,0.0,0.0
attack,"""gbeeleTTTTpgle0gTIb",time,time,seqgan_master,seqgan_master__final__time__A__500__MASTER__raw_character__len20__gpre120__reward_off__seed88,721,20.0,9.0,2.9037016960573485,18.0,1.0,0.0,1.0,0.9,0.05,0.0,0.05,0.0,1.0,0.0,0.0,0.0,0.0,0.0,0.0,0.0,0.0,0.0,0.0,0.0,1.0,0.0,0.0,0.0,0.0,0.0,0.0,0.0,0.0,0.0,0.0,0.0,0.0,0.0,0.0,0.0,0.0,0.0,0.0,0.0,0.0,0.0,0.0,0.0,0.0,0.0,0.0,0.0,0.0,0.0,0.0,0.0,0.0,0.0,0.0,0.0,0.0,0.0,0.0,0.0,0.0
attack,"""gbeleeleleleeTITTTT",time,time,seqgan_master,seqgan_master__final__time__A__500__MASTER__raw_character__len20__gpre120__reward_off__seed88,722,20.0,7.0,2.3588718484453604,19.0,0.0,0.0,1.0,0.95,0.0,0.0,0.05,0.0,1.0,0.0,0.0,0.0,0.0,0.0,0.0,0.0,0.0,0.0,0.0,0.0,1.0,0.0,0.0,0.0,0.0,0.0,0.0,0.0,0.0,0.0,0.0,0.0,0.0,0.0,0.0,0.0,0.0,0.0,0.0,0.0,0.0,0.0,0.0,0.0,0.0,0.0,0.0,0.0,0.0,0.0,0.0,0.0,0.0,0.0,0.0,0.0,0.0,0.0,0.0,0.0,0.0
attack,",waiiibeleeTTpgTle0T",time,time,seqgan_master,seqgan_master__final__time__A__500__MASTER__raw_character__len20__gpre120__reward_off__seed88,723,20.0,11.0,3.184183719779189,18.0,1.0,0.0,1.0,0.9,0.05,0.0,0.05,0.0,0.0,0.0,0.0,0.0,0.0,0.0,0.0,0.0,0.0,1.0,0.0,0.0,0.0,0.0,0.0,0.0,0.0,0.0,0.0,0.0,0.0,0.0,0.0,0.0,0.0,0.0,0.0,0.0,0.0,0.0,0.0,0.0,0.0,0.0,0.0,0.0,0.0,0.0,0.0,0.0,0.0,0.0,0.0,0.0,0.0,0.0,0.0,0.0,0.0,0.0,0.0,0.0,0.0
attack,"""gbgbeleeleeeTeTIpgT",time,time,seqgan_master,seqgan_master__final__time__A__500__MASTER__raw_character__len20__gpre120__reward_off__seed88,724,20.0,8.0,2.6638651219508542,19.0,0.0,0.0,1.0,0.95,0.0,0.0,0.05,0.0,1.0,0.0,0.0,0.0,0.0,0.0,0.0,0.0,0.0,0.0,0.0,0.0,1.0,0.0,0.0,0.0,0.0,0.0,0.0,0.0,0.0,0.0,0.0,0.0,0.0,0.0,0.0,0.0,0.0,0.0,0.0,0.0,0.0,0.0,0.0,0.0,0.0,0.0,0.0,0.0,0.0,0.0,0.0,0.0,0.0,0.0,0.0,0.0,0.0,0.0,0.0,0.0,0.0
attack,"""gbeleeTTTTTTTTTTITT",time,time,seqgan_master,seqgan_master__final__time__A__500__MASTER__raw_character__len20__gpre120__reward_off__seed88,725,20.0,7.0,1.9332062193464954,19.0,0.0,0.0,1.0,0.95,0.0,0.0,0.05,0.0,1.0,0.0,0.0,0.0,0.0,0.0,0.0,0.0,0.0,0.0,0.0,0.0,1.0,0.0,0.0,0.0,0.0,0.0,0.0,0.0,0.0,0.0,0.0,0.0,0.0,0.0,0.0,0.0,0.0,0.0,0.0,0.0,0.0,0.0,0.0,0.0,0.0,0.0,0.0,0.0,0.0,0.0,0.0,0.0,0.0,0.0,0.0,0.0,0.0,0.0,0.0,0.0,0.0
attack,"""gbebeleeeTbeTIbTIMe",time,time,seqgan_master,seqgan_master__final__time__A__500__MASTER__raw_character__len20__gpre120__reward_off__seed88,726,20.0,8.0,2.6016094970590276,19.0,0.0,0.0,1.0,0.95,0.0,0.0,0.05,0.0,1.0,0.0,0.0,0.0,0.0,0.0,0.0,0.0,0.0,0.0,0.0,0.0,1.0,0.0,0.0,0.0,0.0,0.0,0.0,0.0,0.0,0.0,0.0,0.0,0.0,0.0,0.0,0.0,0.0,0.0,0.0,0.0,0.0,0.0,0.0,0.0,0.0,0.0,0.0,0.0,0.0,0.0,0.0,0.0,0.0,0.0,0.0,0.0,0.0,0.0,0.0,0.0,0.0
attack,"""gbeleeleeTIImfpgbel",time,time,seqgan_master,seqgan_master__final__time__A__500__MASTER__raw_character__len20__gpre120__reward_off__seed88,727,20.0,10.0,3.008694969562842,19.0,0.0,0.0,1.0,0.95,0.0,0.0,0.05,0.0,1.0,0.0,0.0,0.0,0.0,0.0,0.0,0.0,0.0,0.0,0.0,0.0,1.0,0.0,0.0,0.0,0.0,0.0,0.0,0.0,0.0,0.0,0.0,0.0,0.0,0.0,0.0,0.0,0.0,0.0,0.0,0.0,0.0,0.0,0.0,0.0,0.0,0.0,0.0,0.0,0.0,0.0,0.0,0.0,0.0,0.0,0.0,0.0,0.0,0.0,0.0,0.0,0.0
attack,"""gbeleleleele0TTIMbe",time,time,seqgan_master,seqgan_master__final__time__A__500__MASTER__raw_character__len20__gpre120__reward_off__seed88,728,20.0,9.0,2.739353872167201,18.0,1.0,0.0,1.0,0.9,0.05,0.0,0.05,0.0,1.0,0.0,0.0,0.0,0.0,0.0,0.0,0.0,0.0,0.0,0.0,0.0,1.0,0.0,0.0,0.0,0.0,0.0,0.0,0.0,0.0,0.0,0.0,0.0,0.0,0.0,0.0,0.0,0.0,0.0,0.0,0.0,0.0,0.0,0.0,0.0,0.0,0.0,0.0,0.0,0.0,0.0,0.0,0.0,0.0,0.0,0.0,0.0,0.0,0.0,0.0,0.0,0.0
attack,"""gbeleleeTTpgTIpgTTn",time,time,seqgan_master,seqgan_master__final__time__A__500__MASTER__raw_character__len20__gpre120__reward_off__seed88,729,20.0,9.0,2.9037016960573485,19.0,0.0,0.0,1.0,0.95,0.0,0.0,0.05,0.0,1.0,0.0,0.0,0.0,0.0,0.0,0.0,0.0,0.0,0.0,0.0,0.0,1.0,0.0,0.0,0.0,0.0,0.0,0.0,0.0,0.0,0.0,0.0,0.0,0.0,0.0,0.0,0.0,0.0,0.0,0.0,0.0,0.0,0.0,0.0,0.0,0.0,0.0,0.0,0.0,0.0,0.0,0.0,0.0,0.0,0.0,0.0,0.0,0.0,0.0,0.0,0.0,0.0
attack,"""gbeleeTTIMbeeleTbel",time,time,seqgan_master,seqgan_master__final__time__A__500__MASTER__raw_character__len20__gpre120__reward_off__seed88,730,20.0,8.0,2.6261207468426804,19.0,0.0,0.0,1.0,0.95,0.0,0.0,0.05,0.0,1.0,0.0,0.0,0.0,0.0,0.0,0.0,0.0,0.0,0.0,0.0,0.0,1.0,0.0,0.0,0.0,0.0,0.0,0.0,0.0,0.0,0.0,0.0,0.0,0.0,0.0,0.0,0.0,0.0,0.0,0.0,0.0,0.0,0.0,0.0,0.0,0.0,0.0,0.0,0.0,0.0,0.0,0.0,0.0,0.0,0.0,0.0,0.0,0.0,0.0,0.0,0.0,0.0
attack,"""gbrbeeleTIIleleTITT",time,time,seqgan_master,seqgan_master__final__time__A__500__MASTER__raw_character__len20__gpre120__reward_off__seed88,731,20.0,8.0,2.765957320949175,19.0,0.0,0.0,1.0,0.95,0.0,0.0,0.05,0.0,1.0,0.0,0.0,0.0,0.0,0.0,0.0,0.0,0.0,0.0,0.0,0.0,1.0,0.0,0.0,0.0,0.0,0.0,0.0,0.0,0.0,0.0,0.0,0.0,0.0,0.0,0.0,0.0,0.0,0.0,0.0,0.0,0.0,0.0,0.0,0.0,0.0,0.0,0.0,0.0,0.0,0.0,0.0,0.0,0.0,0.0,0.0,0.0,0.0,0.0,0.0,0.0,0.0
attack,;wibeeTIpgTMbeleleeT,time,time,seqgan_master,seqgan_master__final__time__A__500__MASTER__raw_character__len20__gpre120__reward_off__seed88,732,20.0,11.0,3.1086949695628423,19.0,0.0,0.0,1.0,0.95,0.0,0.0,0.05,0.0,0.0,0.0,0.0,0.0,0.0,1.0,0.0,0.0,0.0,0.0,0.0,0.0,0.0,0.0,0.0,0.0,0.0,0.0,1.0,0.0,0.0,0.0,0.0,0.0,0.0,0.0,0.0,0.0,0.0,0.0,0.0,0.0,0.0,0.0,0.0,0.0,0.0,0.0,0.0,0.0,0.0,0.0,0.0,0.0,0.0,0.0,0.0,0.0,0.0,0.0,0.0,0.0,0.0
attack,"""gbelelebeeTTITIelTT",time,time,seqgan_master,seqgan_master__final__time__A__500__MASTER__raw_character__len20__gpre120__reward_off__seed88,733,20.0,7.0,2.5282129458410014,19.0,0.0,0.0,1.0,0.95,0.0,0.0,0.05,0.0,1.0,0.0,0.0,0.0,0.0,0.0,0.0,0.0,0.0,0.0,0.0,0.0,1.0,0.0,0.0,0.0,0.0,0.0,0.0,0.0,0.0,0.0,0.0,0.0,0.0,0.0,0.0,0.0,0.0,0.0,0.0,0.0,0.0,0.0,0.0,0.0,0.0,0.0,0.0,0.0,0.0,0.0,0.0,0.0,0.0,0.0,0.0,0.0,0.0,0.0,0.0,0.0,0.0
attack,"""gbeleeleeTTTII0TITI",time,time,seqgan_master,seqgan_master__final__time__A__500__MASTER__raw_character__len20__gpre120__reward_off__seed88,734,20.0,8.0,2.6609640474436813,18.0,1.0,0.0,1.0,0.9,0.05,0.0,0.05,0.0,1.0,0.0,0.0,0.0,0.0,0.0,0.0,0.0,0.0,0.0,0.0,0.0,1.0,0.0,0.0,0.0,0.0,0.0,0.0,0.0,0.0,0.0,0.0,0.0,0.0,0.0,0.0,0.0,0.0,0.0,0.0,0.0,0.0,0.0,0.0,0.0,0.0,0.0,0.0,0.0,0.0,0.0,0.0,0.0,0.0,0.0,0.0,0.0,0.0,0.0,0.0,0.0,0.0
attack,"""gbeeleTleTTTTITTTTT",time,time,seqgan_master,seqgan_master__final__time__A__500__MASTER__raw_character__len20__gpre120__reward_off__seed88,735,20.0,7.0,2.1609640474436813,19.0,0.0,0.0,1.0,0.95,0.0,0.0,0.05,0.0,1.0,0.0,0.0,0.0,0.0,0.0,0.0,0.0,0.0,0.0,0.0,0.0,1.0,0.0,0.0,0.0,0.0,0.0,0.0,0.0,0.0,0.0,0.0,0.0,0.0,0.0,0.0,0.0,0.0,0.0,0.0,0.0,0.0,0.0,0.0,0.0,0.0,0.0,0.0,0.0,0.0,0.0,0.0,0.0,0.0,0.0,0.0,0.0,0.0,0.0,0.0,0.0,0.0
attack,""" begbeeleTbeTTIMMbe",time,time,seqgan_master,seqgan_master__final__time__A__500__MASTER__raw_character__len20__gpre120__reward_off__seed88,736,20.0,9.0,2.808694969562842,18.0,0.0,1.0,1.0,0.9,0.0,0.05,0.05,0.0,1.0,0.0,0.0,0.0,0.0,0.0,0.0,0.0,0.0,0.0,0.0,0.0,1.0,0.0,0.0,0.0,0.0,0.0,0.0,0.0,0.0,0.0,0.0,0.0,0.0,0.0,0.0,0.0,0.0,0.0,0.0,0.0,0.0,0.0,0.0,0.0,0.0,0.0,0.0,0.0,0.0,0.0,0.0,0.0,0.0,0.0,0.0,0.0,0.0,0.0,0.0,0.0,0.0
attack,"""gbeeleleleleTleTeTI",time,time,seqgan_master,seqgan_master__final__time__A__500__MASTER__raw_character__len20__gpre120__reward_off__seed88,737,20.0,7.0,2.3037016960573484,19.0,0.0,0.0,1.0,0.95,0.0,0.0,0.05,0.0,1.0,0.0,0.0,0.0,0.0,0.0,0.0,0.0,0.0,0.0,0.0,0.0,1.0,0.0,0.0,0.0,0.0,0.0,0.0,0.0,0.0,0.0,0.0,0.0,0.0,0.0,0.0,0.0,0.0,0.0,0.0,0.0,0.0,0.0,0.0,0.0,0.0,0.0,0.0,0.0,0.0,0.0,0.0,0.0,0.0,0.0,0.0,0.0,0.0,0.0,0.0,0.0,0.0
attack,"""aiibeeleleleleleeTT",time,time,seqgan_master,seqgan_master__final__time__A__500__MASTER__raw_character__len20__gpre120__reward_off__seed88,738,20.0,7.0,2.341446071165522,19.0,0.0,0.0,1.0,0.95,0.0,0.0,0.05,0.0,1.0,0.0,0.0,0.0,0.0,0.0,0.0,0.0,0.0,0.0,0.0,0.0,1.0,0.0,0.0,0.0,0.0,0.0,0.0,0.0,0.0,0.0,0.0,0.0,0.0,0.0,0.0,0.0,0.0,0.0,0.0,0.0,0.0,0.0,0.0,0.0,0.0,0.0,0.0,0.0,0.0,0.0,0.0,0.0,0.0,0.0,0.0,0.0,0.0,0.0,0.0,0.0,0.0
attack,"""gbegbegbegbeleleele",time,time,seqgan_master,seqgan_master__final__time__A__500__MASTER__raw_character__len20__gpre120__reward_off__seed88,739,20.0,5.0,2.0841837197791886,19.0,0.0,0.0,1.0,0.95,0.0,0.0,0.05,0.0,1.0,0.0,0.0,0.0,0.0,0.0,0.0,0.0,0.0,0.0,0.0,0.0,1.0,0.0,0.0,0.0,0.0,0.0,0.0,0.0,0.0,0.0,0.0,0.0,0.0,0.0,0.0,0.0,0.0,0.0,0.0,0.0,0.0,0.0,0.0,0.0,0.0,0.0,0.0,0.0,0.0,0.0,0.0,0.0,0.0,0.0,0.0,0.0,0.0,0.0,0.0,0.0,0.0
attack,",waibeeleTIIMeTIIlel",time,time,seqgan_master,seqgan_master__final__time__A__500__MASTER__raw_character__len20__gpre120__reward_off__seed88,740,20.0,10.0,3.0037016960573486,19.0,0.0,0.0,1.0,0.95,0.0,0.0,0.05,0.0,0.0,0.0,0.0,0.0,0.0,0.0,0.0,0.0,0.0,1.0,0.0,0.0,0.0,0.0,0.0,0.0,0.0,0.0,0.0,0.0,0.0,0.0,0.0,0.0,0.0,0.0,0.0,0.0,0.0,0.0,0.0,0.0,0.0,0.0,0.0,0.0,0.0,0.0,0.0,0.0,0.0,0.0,0.0,0.0,0.0,0.0,0.0,0.0,0.0,0.0,0.0,0.0,0.0
attack,"""gbeleeleeTleTTpgTTb",time,time,seqgan_master,seqgan_master__final__time__A__500__MASTER__raw_character__len20__gpre120__reward_off__seed88,741,20.0,7.0,2.5282129458410014,19.0,0.0,0.0,1.0,0.95,0.0,0.0,0.05,0.0,1.0,0.0,0.0,0.0,0.0,0.0,0.0,0.0,0.0,0.0,0.0,0.0,1.0,0.0,0.0,0.0,0.0,0.0,0.0,0.0,0.0,0.0,0.0,0.0,0.0,0.0,0.0,0.0,0.0,0.0,0.0,0.0,0.0,0.0,0.0,0.0,0.0,0.0,0.0,0.0,0.0,0.0,0.0,0.0,0.0,0.0,0.0,0.0,0.0,0.0,0.0,0.0,0.0
attack,"""gbeleeTbele0rb(tele",time,time,seqgan_master,seqgan_master__final__time__A__500__MASTER__raw_character__len20__gpre120__reward_off__seed88,742,20.0,10.0,2.863865121950854,17.0,1.0,0.0,2.0,0.85,0.05,0.0,0.1,0.0,1.0,0.0,0.0,0.0,0.0,0.0,1.0,0.0,0.0,0.0,0.0,0.0,1.0,0.0,0.0,0.0,0.0,1.0,0.0,0.0,0.0,0.0,0.0,0.0,0.0,0.0,0.0,0.0,0.0,0.0,0.0,0.0,0.0,0.0,0.0,0.0,0.0,0.0,0.0,0.0,0.0,0.0,0.0,0.0,0.0,0.0,0.0,0.0,0.0,0.0,0.0,0.0,0.0
attack,"""gbeeleeTleTTIpgTbel",time,time,seqgan_master,seqgan_master__final__time__A__500__MASTER__raw_character__len20__gpre120__reward_off__seed88,743,20.0,8.0,2.708694969562842,19.0,0.0,0.0,1.0,0.95,0.0,0.0,0.05,0.0,1.0,0.0,0.0,0.0,0.0,0.0,0.0,0.0,0.0,0.0,0.0,0.0,1.0,0.0,0.0,0.0,0.0,0.0,0.0,0.0,0.0,0.0,0.0,0.0,0.0,0.0,0.0,0.0,0.0,0.0,0.0,0.0,0.0,0.0,0.0,0.0,0.0,0.0,0.0,0.0,0.0,0.0,0.0,0.0,0.0,0.0,0.0,0.0,0.0,0.0,0.0,0.0,0.0
attack,"""gbeleeleTTTTeleTTIb",time,time,seqgan_master,seqgan_master__final__time__A__500__MASTER__raw_character__len20__gpre120__reward_off__seed88,744,20.0,7.0,2.4332062193464954,19.0,0.0,0.0,1.0,0.95,0.0,0.0,0.05,0.0,1.0,0.0,0.0,0.0,0.0,0.0,0.0,0.0,0.0,0.0,0.0,0.0,1.0,0.0,0.0,0.0,0.0,0.0,0.0,0.0,0.0,0.0,0.0,0.0,0.0,0.0,0.0,0.0,0.0,0.0,0.0,0.0,0.0,0.0,0.0,0.0,0.0,0.0,0.0,0.0,0.0,0.0,0.0,0.0,0.0,0.0,0.0,0.0,0.0,0.0,0.0,0.0,0.0
attack,"""gbeleleTbeleTleTbel",time,time,seqgan_master,seqgan_master__final__time__A__500__MASTER__raw_character__len20__gpre120__reward_off__seed88,745,20.0,6.0,2.2833830982290135,19.0,0.0,0.0,1.0,0.95,0.0,0.0,0.05,0.0,1.0,0.0,0.0,0.0,0.0,0.0,0.0,0.0,0.0,0.0,0.0,0.0,1.0,0.0,0.0,0.0,0.0,0.0,0.0,0.0,0.0,0.0,0.0,0.0,0.0,0.0,0.0,0.0,0.0,0.0,0.0,0.0,0.0,0.0,0.0,0.0,0.0,0.0,0.0,0.0,0.0,0.0,0.0,0.0,0.0,0.0,0.0,0.0,0.0,0.0,0.0,0.0,0.0
attack,"""gbeleeleTbeTTIITIle",time,time,seqgan_master,seqgan_master__final__time__A__500__MASTER__raw_character__len20__gpre120__reward_off__seed88,746,20.0,7.0,2.5709505944546684,19.0,0.0,0.0,1.0,0.95,0.0,0.0,0.05,0.0,1.0,0.0,0.0,0.0,0.0,0.0,0.0,0.0,0.0,0.0,0.0,0.0,1.0,0.0,0.0,0.0,0.0,0.0,0.0,0.0,0.0,0.0,0.0,0.0,0.0,0.0,0.0,0.0,0.0,0.0,0.0,0.0,0.0,0.0,0.0,0.0,0.0,0.0,0.0,0.0,0.0,0.0,0.0,0.0,0.0,0.0,0.0,0.0,0.0,0.0,0.0,0.0,0.0
attack,"""gbeleleeTITbeTIMbeT",time,time,seqgan_master,seqgan_master__final__time__A__500__MASTER__raw_character__len20__gpre120__reward_off__seed88,747,20.0,8.0,2.708694969562842,19.0,0.0,0.0,1.0,0.95,0.0,0.0,0.05,0.0,1.0,0.0,0.0,0.0,0.0,0.0,0.0,0.0,0.0,0.0,0.0,0.0,1.0,0.0,0.0,0.0,0.0,0.0,0.0,0.0,0.0,0.0,0.0,0.0,0.0,0.0,0.0,0.0,0.0,0.0,0.0,0.0,0.0,0.0,0.0,0.0,0.0,0.0,0.0,0.0,0.0,0.0,0.0,0.0,0.0,0.0,0.0,0.0,0.0,0.0,0.0,0.0,0.0
attack,"""gbribeelelemeleeTMe",time,time,seqgan_master,seqgan_master__final__time__A__500__MASTER__raw_character__len20__gpre120__reward_off__seed88,748,20.0,10.0,2.7841837197791888,19.0,0.0,0.0,1.0,0.95,0.0,0.0,0.05,0.0,1.0,0.0,0.0,0.0,0.0,0.0,0.0,0.0,0.0,0.0,0.0,0.0,1.0,0.0,0.0,0.0,0.0,0.0,0.0,0.0,0.0,0.0,0.0,0.0,0.0,0.0,0.0,0.0,0.0,0.0,0.0,0.0,0.0,0.0,0.0,0.0,0.0,0.0,0.0,0.0,0.0,0.0,0.0,0.0,0.0,0.0,0.0,0.0,0.0,0.0,0.0,0.0,0.0
attack,"""gbeleeTIITI",time,time,seqgan_master,seqgan_master__final__time__A__500__MASTER__raw_character__len20__gpre120__reward_off__seed88,749,12.0,7.0,2.6258145836939115,11.0,0.0,0.0,1.0,0.9166666666666666,0.0,0.0,0.08333333333333333,0.0,1.0,0.0,0.0,0.0,0.0,0.0,0.0,0.0,0.0,0.0,0.0,0.0,1.0,0.0,0.0,0.0,0.0,0.0,0.0,0.0,0.0,0.0,0.0,0.0,0.0,0.0,0.0,0.0,0.0,0.0,0.0,0.0,0.0,0.0,0.0,0.0,0.0,0.0,0.0,0.0,0.0,0.0,0.0,0.0,0.0,0.0,0.0,0.0,0.0,0.0,0.0,0.0,0.0
attack,"""gbeTleeTbeleleTTTIb",time,time,seqgan_master,seqgan_master__final__time__A__500__MASTER__raw_character__len20__gpre120__reward_off__seed88,750,20.0,7.0,2.490468570732828,19.0,0.0,0.0,1.0,0.95,0.0,0.0,0.05,0.0,1.0,0.0,0.0,0.0,0.0,0.0,0.0,0.0,0.0,0.0,0.0,0.0,1.0,0.0,0.0,0.0,0.0,0.0,0.0,0.0,0.0,0.0,0.0,0.0,0.0,0.0,0.0,0.0,0.0,0.0,0.0,0.0,0.0,0.0,0.0,0.0,0.0,0.0,0.0,0.0,0.0,0.0,0.0,0.0,0.0,0.0,0.0,0.0,0.0,0.0,0.0,0.0,0.0
attack,"""gbelelelelelebeleTb",time,time,seqgan_master,seqgan_master__final__time__A__500__MASTER__raw_character__len20__gpre120__reward_off__seed88,751,20.0,6.0,2.108694969562842,19.0,0.0,0.0,1.0,0.95,0.0,0.0,0.05,0.0,1.0,0.0,0.0,0.0,0.0,0.0,0.0,0.0,0.0,0.0,0.0,0.0,1.0,0.0,0.0,0.0,0.0,0.0,0.0,0.0,0.0,0.0,0.0,0.0,0.0,0.0,0.0,0.0,0.0,0.0,0.0,0.0,0.0,0.0,0.0,0.0,0.0,0.0,0.0,0.0,0.0,0.0,0.0,0.0,0.0,0.0,0.0,0.0,0.0,0.0,0.0,0.0,0.0
attack,"""gbrineleeleeleTbele",time,time,seqgan_master,seqgan_master__final__time__A__500__MASTER__raw_character__len20__gpre120__reward_off__seed88,752,20.0,9.0,2.6219280948873624,19.0,0.0,0.0,1.0,0.95,0.0,0.0,0.05,0.0,1.0,0.0,0.0,0.0,0.0,0.0,0.0,0.0,0.0,0.0,0.0,0.0,1.0,0.0,0.0,0.0,0.0,0.0,0.0,0.0,0.0,0.0,0.0,0.0,0.0,0.0,0.0,0.0,0.0,0.0,0.0,0.0,0.0,0.0,0.0,0.0,0.0,0.0,0.0,0.0,0.0,0.0,0.0,0.0,0.0,0.0,0.0,0.0,0.0,0.0,0.0,0.0,0.0
attack,"""gbeleeele0T0TTTIsde",time,time,seqgan_master,seqgan_master__final__time__A__500__MASTER__raw_character__len20__gpre120__reward_off__seed88,753,20.0,10.0,2.9464393446710155,17.0,2.0,0.0,1.0,0.85,0.1,0.0,0.05,0.0,1.0,0.0,0.0,0.0,0.0,0.0,0.0,0.0,0.0,0.0,0.0,0.0,1.0,0.0,0.0,0.0,0.0,0.0,0.0,0.0,0.0,0.0,0.0,0.0,0.0,0.0,0.0,0.0,0.0,0.0,0.0,0.0,0.0,0.0,0.0,0.0,0.0,0.0,0.0,0.0,0.0,0.0,0.0,0.0,0.0,0.0,0.0,0.0,0.0,0.0,0.0,0.0,0.0
attack,"""gbeleeleleeTTIIIpgT",time,time,seqgan_master,seqgan_master__final__time__A__500__MASTER__raw_character__len20__gpre120__reward_off__seed88,754,20.0,8.0,2.733206219346495,19.0,0.0,0.0,1.0,0.95,0.0,0.0,0.05,0.0,1.0,0.0,0.0,0.0,0.0,0.0,0.0,0.0,0.0,0.0,0.0,0.0,1.0,0.0,0.0,0.0,0.0,0.0,0.0,0.0,0.0,0.0,0.0,0.0,0.0,0.0,0.0,0.0,0.0,0.0,0.0,0.0,0.0,0.0,0.0,0.0,0.0,0.0,0.0,0.0,0.0,0.0,0.0,0.0,0.0,0.0,0.0,0.0,0.0,0.0,0.0,0.0,0.0
attack,"""gbeleeleeTbeleeTTTI",time,time,seqgan_master,seqgan_master__final__time__A__500__MASTER__raw_character__len20__gpre120__reward_off__seed88,755,20.0,7.0,2.384183719779189,19.0,0.0,0.0,1.0,0.95,0.0,0.0,0.05,0.0,1.0,0.0,0.0,0.0,0.0,0.0,0.0,0.0,0.0,0.0,0.0,0.0,1.0,0.0,0.0,0.0,0.0,0.0,0.0,0.0,0.0,0.0,0.0,0.0,0.0,0.0,0.0,0.0,0.0,0.0,0.0,0.0,0.0,0.0,0.0,0.0,0.0,0.0,0.0,0.0,0.0,0.0,0.0,0.0,0.0,0.0,0.0,0.0,0.0,0.0,0.0,0.0,0.0
attack,"""gngbeeeleleeTTbeTTI",time,time,seqgan_master,seqgan_master__final__time__A__500__MASTER__raw_character__len20__gpre120__reward_off__seed88,756,20.0,8.0,2.639353872167201,19.0,0.0,0.0,1.0,0.95,0.0,0.0,0.05,0.0,1.0,0.0,0.0,0.0,0.0,0.0,0.0,0.0,0.0,0.0,0.0,0.0,1.0,0.0,0.0,0.0,0.0,0.0,0.0,0.0,0.0,0.0,0.0,0.0,0.0,0.0,0.0,0.0,0.0,0.0,0.0,0.0,0.0,0.0,0.0,0.0,0.0,0.0,0.0,0.0,0.0,0.0,0.0,0.0,0.0,0.0,0.0,0.0,0.0,0.0,0.0,0.0,0.0
attack,"""gbeleeTIleTIbeleTbe",time,time,seqgan_master,seqgan_master__final__time__A__500__MASTER__raw_character__len20__gpre120__reward_off__seed88,757,20.0,7.0,2.5261207468426807,19.0,0.0,0.0,1.0,0.95,0.0,0.0,0.05,0.0,1.0,0.0,0.0,0.0,0.0,0.0,0.0,0.0,0.0,0.0,0.0,0.0,1.0,0.0,0.0,0.0,0.0,0.0,0.0,0.0,0.0,0.0,0.0,0.0,0.0,0.0,0.0,0.0,0.0,0.0,0.0,0.0,0.0,0.0,0.0,0.0,0.0,0.0,0.0,0.0,0.0,0.0,0.0,0.0,0.0,0.0,0.0,0.0,0.0,0.0,0.0,0.0,0.0
attack,"""gbele(eTleleTTpgTTl",time,time,seqgan_master,seqgan_master__final__time__A__500__MASTER__raw_character__len20__gpre120__reward_off__seed88,758,20.0,8.0,2.6609640474436813,18.0,0.0,0.0,2.0,0.9,0.0,0.0,0.1,0.0,1.0,0.0,0.0,0.0,0.0,0.0,1.0,0.0,0.0,0.0,0.0,0.0,1.0,0.0,0.0,0.0,0.0,1.0,0.0,0.0,0.0,0.0,0.0,0.0,0.0,0.0,0.0,0.0,0.0,0.0,0.0,0.0,0.0,0.0,0.0,0.0,0.0,0.0,0.0,0.0,0.0,0.0,0.0,0.0,0.0,0.0,0.0,0.0,0.0,0.0,0.0,0.0,0.0
attack,"""gbeleeleleTTTTIpgTI",time,time,seqgan_master,seqgan_master__final__time__A__500__MASTER__raw_character__len20__gpre120__reward_off__seed88,759,20.0,8.0,2.723219672335508,19.0,0.0,0.0,1.0,0.95,0.0,0.0,0.05,0.0,1.0,0.0,0.0,0.0,0.0,0.0,0.0,0.0,0.0,0.0,0.0,0.0,1.0,0.0,0.0,0.0,0.0,0.0,0.0,0.0,0.0,0.0,0.0,0.0,0.0,0.0,0.0,0.0,0.0,0.0,0.0,0.0,0.0,0.0,0.0,0.0,0.0,0.0,0.0,0.0,0.0,0.0,0.0,0.0,0.0,0.0,0.0,0.0,0.0,0.0,0.0,0.0,0.0
attack,"""gbeleleeleelelelele",time,time,seqgan_master,seqgan_master__final__time__A__500__MASTER__raw_character__len20__gpre120__reward_off__seed88,760,20.0,5.0,1.6783898247235198,19.0,0.0,0.0,1.0,0.95,0.0,0.0,0.05,0.0,1.0,0.0,0.0,0.0,0.0,0.0,0.0,0.0,0.0,0.0,0.0,0.0,1.0,0.0,0.0,0.0,0.0,0.0,0.0,0.0,0.0,0.0,0.0,0.0,0.0,0.0,0.0,0.0,0.0,0.0,0.0,0.0,0.0,0.0,0.0,0.0,0.0,0.0,0.0,0.0,0.0,0.0,0.0,0.0,0.0,0.0,0.0,0.0,0.0,0.0,0.0,0.0,0.0
attack,"""gbeleeTTTIMbeeTTIpg",time,time,seqgan_master,seqgan_master__final__time__A__500__MASTER__raw_character__len20__gpre120__reward_off__seed88,761,20.0,9.0,2.8609640474436815,19.0,0.0,0.0,1.0,0.95,0.0,0.0,0.05,0.0,1.0,0.0,0.0,0.0,0.0,0.0,0.0,0.0,0.0,0.0,0.0,0.0,1.0,0.0,0.0,0.0,0.0,0.0,0.0,0.0,0.0,0.0,0.0,0.0,0.0,0.0,0.0,0.0,0.0,0.0,0.0,0.0,0.0,0.0,0.0,0.0,0.0,0.0,0.0,0.0,0.0,0.0,0.0,0.0,0.0,0.0,0.0,0.0,0.0,0.0,0.0,0.0,0.0
attack,"""gbgbecelelelebelele",time,time,seqgan_master,seqgan_master__final__time__A__500__MASTER__raw_character__len20__gpre120__reward_off__seed88,762,20.0,6.0,2.2037016960573483,19.0,0.0,0.0,1.0,0.95,0.0,0.0,0.05,0.0,1.0,0.0,0.0,0.0,0.0,0.0,0.0,0.0,0.0,0.0,0.0,0.0,1.0,0.0,0.0,0.0,0.0,0.0,0.0,0.0,0.0,0.0,0.0,0.0,0.0,0.0,0.0,0.0,0.0,0.0,0.0,0.0,0.0,0.0,0.0,0.0,0.0,0.0,0.0,0.0,0.0,0.0,0.0,0.0,0.0,0.0,0.0,0.0,0.0,0.0,0.0,0.0,0.0
attack,gbeleeTTTTTIsriielel,time,time,seqgan_master,seqgan_master__final__time__A__500__MASTER__raw_character__len20__gpre120__reward_off__seed88,763,20.0,9.0,2.823219672335508,20.0,0.0,0.0,0.0,1.0,0.0,0.0,0.0,0.0,0.0,0.0,0.0,0.0,0.0,0.0,0.0,0.0,0.0,0.0,0.0,0.0,0.0,0.0,0.0,0.0,0.0,0.0,0.0,0.0,0.0,0.0,0.0,0.0,0.0,0.0,0.0,0.0,0.0,0.0,0.0,0.0,0.0,0.0,0.0,0.0,0.0,0.0,0.0,0.0,0.0,0.0,0.0,0.0,0.0,0.0,0.0,0.0,0.0,0.0,0.0,0.0,0.0
attack,"""gbeleleeTTIIpgTbele",time,time,seqgan_master,seqgan_master__final__time__A__500__MASTER__raw_character__len20__gpre120__reward_off__seed88,764,20.0,8.0,2.7709505944546686,19.0,0.0,0.0,1.0,0.95,0.0,0.0,0.05,0.0,1.0,0.0,0.0,0.0,0.0,0.0,0.0,0.0,0.0,0.0,0.0,0.0,1.0,0.0,0.0,0.0,0.0,0.0,0.0,0.0,0.0,0.0,0.0,0.0,0.0,0.0,0.0,0.0,0.0,0.0,0.0,0.0,0.0,0.0,0.0,0.0,0.0,0.0,0.0,0.0,0.0,0.0,0.0,0.0,0.0,0.0,0.0,0.0,0.0,0.0,0.0,0.0,0.0
attack,"""gbeleeTTTIITTTIneTT",time,time,seqgan_master,seqgan_master__final__time__A__500__MASTER__raw_character__len20__gpre120__reward_off__seed88,765,20.0,8.0,2.484183719779189,19.0,0.0,0.0,1.0,0.95,0.0,0.0,0.05,0.0,1.0,0.0,0.0,0.0,0.0,0.0,0.0,0.0,0.0,0.0,0.0,0.0,1.0,0.0,0.0,0.0,0.0,0.0,0.0,0.0,0.0,0.0,0.0,0.0,0.0,0.0,0.0,0.0,0.0,0.0,0.0,0.0,0.0,0.0,0.0,0.0,0.0,0.0,0.0,0.0,0.0,0.0,0.0,0.0,0.0,0.0,0.0,0.0,0.0,0.0,0.0,0.0,0.0
attack,"""gbeleeleeTpgTTbeleT",time,time,seqgan_master,seqgan_master__final__time__A__500__MASTER__raw_character__len20__gpre120__reward_off__seed88,766,20.0,7.0,2.5016094970590275,19.0,0.0,0.0,1.0,0.95,0.0,0.0,0.05,0.0,1.0,0.0,0.0,0.0,0.0,0.0,0.0,0.0,0.0,0.0,0.0,0.0,1.0,0.0,0.0,0.0,0.0,0.0,0.0,0.0,0.0,0.0,0.0,0.0,0.0,0.0,0.0,0.0,0.0,0.0,0.0,0.0,0.0,0.0,0.0,0.0,0.0,0.0,0.0,0.0,0.0,0.0,0.0,0.0,0.0,0.0,0.0,0.0,0.0,0.0,0.0,0.0,0.0
attack,"""gbeleeleleTTTITTTIM",time,time,seqgan_master,seqgan_master__final__time__A__500__MASTER__raw_character__len20__gpre120__reward_off__seed88,767,20.0,8.0,2.6282129458410015,19.0,0.0,0.0,1.0,0.95,0.0,0.0,0.05,0.0,1.0,0.0,0.0,0.0,0.0,0.0,0.0,0.0,0.0,0.0,0.0,0.0,1.0,0.0,0.0,0.0,0.0,0.0,0.0,0.0,0.0,0.0,0.0,0.0,0.0,0.0,0.0,0.0,0.0,0.0,0.0,0.0,0.0,0.0,0.0,0.0,0.0,0.0,0.0,0.0,0.0,0.0,0.0,0.0,0.0,0.0,0.0,0.0,0.0,0.0,0.0,0.0,0.0
attack,"""gbeeleTTIpgTneTbemb",time,time,seqgan_master,seqgan_master__final__time__A__500__MASTER__raw_character__len20__gpre120__reward_off__seed88,768,20.0,10.0,3.0037016960573486,19.0,0.0,0.0,1.0,0.95,0.0,0.0,0.05,0.0,1.0,0.0,0.0,0.0,0.0,0.0,0.0,0.0,0.0,0.0,0.0,0.0,1.0,0.0,0.0,0.0,0.0,0.0,0.0,0.0,0.0,0.0,0.0,0.0,0.0,0.0,0.0,0.0,0.0,0.0,0.0,0.0,0.0,0.0,0.0,0.0,0.0,0.0,0.0,0.0,0.0,0.0,0.0,0.0,0.0,0.0,0.0,0.0,0.0,0.0,0.0,0.0,0.0
attack,"""gbeleeeTTTTTIdelele",time,time,seqgan_master,seqgan_master__final__time__A__500__MASTER__raw_character__len20__gpre120__reward_off__seed88,769,20.0,8.0,2.521127473337187,19.0,0.0,0.0,1.0,0.95,0.0,0.0,0.05,0.0,1.0,0.0,0.0,0.0,0.0,0.0,0.0,0.0,0.0,0.0,0.0,0.0,1.0,0.0,0.0,0.0,0.0,0.0,0.0,0.0,0.0,0.0,0.0,0.0,0.0,0.0,0.0,0.0,0.0,0.0,0.0,0.0,0.0,0.0,0.0,0.0,0.0,0.0,0.0,0.0,0.0,0.0,0.0,0.0,0.0,0.0,0.0,0.0,0.0,0.0,0.0,0.0,0.0
attack,"""gbeleeleTIMe0ribele",time,time,seqgan_master,seqgan_master__final__time__A__500__MASTER__raw_character__len20__gpre120__reward_off__seed88,770,20.0,11.0,3.0016094970590275,18.0,1.0,0.0,1.0,0.9,0.05,0.0,0.05,0.0,1.0,0.0,0.0,0.0,0.0,0.0,0.0,0.0,0.0,0.0,0.0,0.0,1.0,0.0,0.0,0.0,0.0,0.0,0.0,0.0,0.0,0.0,0.0,0.0,0.0,0.0,0.0,0.0,0.0,0.0,0.0,0.0,0.0,0.0,0.0,0.0,0.0,0.0,0.0,0.0,0.0,0.0,0.0,0.0,0.0,0.0,0.0,0.0,0.0,0.0,0.0,0.0,0.0
attack,""" belebeeleTTIITTMbe",time,time,seqgan_master,seqgan_master__final__time__A__500__MASTER__raw_character__len20__gpre120__reward_off__seed88,771,20.0,8.0,2.708694969562842,18.0,0.0,1.0,1.0,0.9,0.0,0.05,0.05,0.0,1.0,0.0,0.0,0.0,0.0,0.0,0.0,0.0,0.0,0.0,0.0,0.0,1.0,0.0,0.0,0.0,0.0,0.0,0.0,0.0,0.0,0.0,0.0,0.0,0.0,0.0,0.0,0.0,0.0,0.0,0.0,0.0,0.0,0.0,0.0,0.0,0.0,0.0,0.0,0.0,0.0,0.0,0.0,0.0,0.0,0.0,0.0,0.0,0.0,0.0,0.0,0.0,0.0
attack,"""gbeleelelebeleTTTTI",time,time,seqgan_master,seqgan_master__final__time__A__500__MASTER__raw_character__len20__gpre120__reward_off__seed88,772,20.0,7.0,2.439353872167201,19.0,0.0,0.0,1.0,0.95,0.0,0.0,0.05,0.0,1.0,0.0,0.0,0.0,0.0,0.0,0.0,0.0,0.0,0.0,0.0,0.0,1.0,0.0,0.0,0.0,0.0,0.0,0.0,0.0,0.0,0.0,0.0,0.0,0.0,0.0,0.0,0.0,0.0,0.0,0.0,0.0,0.0,0.0,0.0,0.0,0.0,0.0,0.0,0.0,0.0,0.0,0.0,0.0,0.0,0.0,0.0,0.0,0.0,0.0,0.0,0.0,0.0
attack,"""gbeleeTMeTbeleblele",time,time,seqgan_master,seqgan_master__final__time__A__500__MASTER__raw_character__len20__gpre120__reward_off__seed88,773,20.0,7.0,2.384183719779189,19.0,0.0,0.0,1.0,0.95,0.0,0.0,0.05,0.0,1.0,0.0,0.0,0.0,0.0,0.0,0.0,0.0,0.0,0.0,0.0,0.0,1.0,0.0,0.0,0.0,0.0,0.0,0.0,0.0,0.0,0.0,0.0,0.0,0.0,0.0,0.0,0.0,0.0,0.0,0.0,0.0,0.0,0.0,0.0,0.0,0.0,0.0,0.0,0.0,0.0,0.0,0.0,0.0,0.0,0.0,0.0,0.0,0.0,0.0,0.0,0.0,0.0
attack,"""gbeelelele0tgbriele",time,time,seqgan_master,seqgan_master__final__time__A__500__MASTER__raw_character__len20__gpre120__reward_off__seed88,774,20.0,9.0,2.739353872167201,18.0,1.0,0.0,1.0,0.9,0.05,0.0,0.05,0.0,1.0,0.0,0.0,0.0,0.0,0.0,0.0,0.0,0.0,0.0,0.0,0.0,1.0,0.0,0.0,0.0,0.0,0.0,0.0,0.0,0.0,0.0,0.0,0.0,0.0,0.0,0.0,0.0,0.0,0.0,0.0,0.0,0.0,0.0,0.0,0.0,0.0,0.0,0.0,0.0,0.0,0.0,0.0,0.0,0.0,0.0,0.0,0.0,0.0,0.0,0.0,0.0,0.0
attack,"""gbeleeTIleleleTbele",time,time,seqgan_master,seqgan_master__final__time__A__500__MASTER__raw_character__len20__gpre120__reward_off__seed88,775,20.0,7.0,2.341446071165522,19.0,0.0,0.0,1.0,0.95,0.0,0.0,0.05,0.0,1.0,0.0,0.0,0.0,0.0,0.0,0.0,0.0,0.0,0.0,0.0,0.0,1.0,0.0,0.0,0.0,0.0,0.0,0.0,0.0,0.0,0.0,0.0,0.0,0.0,0.0,0.0,0.0,0.0,0.0,0.0,0.0,0.0,0.0,0.0,0.0,0.0,0.0,0.0,0.0,0.0,0.0,0.0,0.0,0.0,0.0,0.0,0.0,0.0,0.0,0.0,0.0,0.0
attack,"""gbeeeTIMbeleeTTIITp",time,time,seqgan_master,seqgan_master__final__time__A__500__MASTER__raw_character__len20__gpre120__reward_off__seed88,776,20.0,9.0,2.808694969562842,19.0,0.0,0.0,1.0,0.95,0.0,0.0,0.05,0.0,1.0,0.0,0.0,0.0,0.0,0.0,0.0,0.0,0.0,0.0,0.0,0.0,1.0,0.0,0.0,0.0,0.0,0.0,0.0,0.0,0.0,0.0,0.0,0.0,0.0,0.0,0.0,0.0,0.0,0.0,0.0,0.0,0.0,0.0,0.0,0.0,0.0,0.0,0.0,0.0,0.0,0.0,0.0,0.0,0.0,0.0,0.0,0.0,0.0,0.0,0.0,0.0,0.0
attack,FgbeleTbeTTTTTIpgTbe,time,time,seqgan_master,seqgan_master__final__time__A__500__MASTER__raw_character__len20__gpre120__reward_off__seed88,777,20.0,8.0,2.6016094970590276,20.0,0.0,0.0,0.0,1.0,0.0,0.0,0.0,0.0,0.0,0.0,0.0,0.0,0.0,0.0,0.0,0.0,0.0,0.0,0.0,0.0,0.0,0.0,0.0,0.0,0.0,0.0,0.0,0.0,0.0,0.0,0.0,0.0,0.0,0.0,0.0,0.0,0.0,0.0,0.0,0.0,0.0,0.0,0.0,0.0,0.0,0.0,0.0,0.0,0.0,0.0,0.0,0.0,0.0,0.0,0.0,0.0,0.0,0.0,0.0,0.0,0.0
attack,"""gbeleeleTleleleleTT",time,time,seqgan_master,seqgan_master__final__time__A__500__MASTER__raw_character__len20__gpre120__reward_off__seed88,778,20.0,6.0,2.108694969562842,19.0,0.0,0.0,1.0,0.95,0.0,0.0,0.05,0.0,1.0,0.0,0.0,0.0,0.0,0.0,0.0,0.0,0.0,0.0,0.0,0.0,1.0,0.0,0.0,0.0,0.0,0.0,0.0,0.0,0.0,0.0,0.0,0.0,0.0,0.0,0.0,0.0,0.0,0.0,0.0,0.0,0.0,0.0,0.0,0.0,0.0,0.0,0.0,0.0,0.0,0.0,0.0,0.0,0.0,0.0,0.0,0.0,0.0,0.0,0.0,0.0,0.0
attack,""" bgbeleeeleTTTIIpgT",time,time,seqgan_master,seqgan_master__final__time__A__500__MASTER__raw_character__len20__gpre120__reward_off__seed88,779,20.0,9.0,2.941446071165522,18.0,0.0,1.0,1.0,0.9,0.0,0.05,0.05,0.0,1.0,0.0,0.0,0.0,0.0,0.0,0.0,0.0,0.0,0.0,0.0,0.0,1.0,0.0,0.0,0.0,0.0,0.0,0.0,0.0,0.0,0.0,0.0,0.0,0.0,0.0,0.0,0.0,0.0,0.0,0.0,0.0,0.0,0.0,0.0,0.0,0.0,0.0,0.0,0.0,0.0,0.0,0.0,0.0,0.0,0.0,0.0,0.0,0.0,0.0,0.0,0.0,0.0
attack,"""gbribeleeleleleetTe",time,time,seqgan_master,seqgan_master__final__time__A__500__MASTER__raw_character__len20__gpre120__reward_off__seed88,780,20.0,9.0,2.6219280948873624,19.0,0.0,0.0,1.0,0.95,0.0,0.0,0.05,0.0,1.0,0.0,0.0,0.0,0.0,0.0,0.0,0.0,0.0,0.0,0.0,0.0,1.0,0.0,0.0,0.0,0.0,0.0,0.0,0.0,0.0,0.0,0.0,0.0,0.0,0.0,0.0,0.0,0.0,0.0,0.0,0.0,0.0,0.0,0.0,0.0,0.0,0.0,0.0,0.0,0.0,0.0,0.0,0.0,0.0,0.0,0.0,0.0,0.0,0.0,0.0,0.0,0.0
attack,"""gbeleeeleTleTeTIMbe",time,time,seqgan_master,seqgan_master__final__time__A__500__MASTER__raw_character__len20__gpre120__reward_off__seed88,781,20.0,8.0,2.5464393446710156,19.0,0.0,0.0,1.0,0.95,0.0,0.0,0.05,0.0,1.0,0.0,0.0,0.0,0.0,0.0,0.0,0.0,0.0,0.0,0.0,0.0,1.0,0.0,0.0,0.0,0.0,0.0,0.0,0.0,0.0,0.0,0.0,0.0,0.0,0.0,0.0,0.0,0.0,0.0,0.0,0.0,0.0,0.0,0.0,0.0,0.0,0.0,0.0,0.0,0.0,0.0,0.0,0.0,0.0,0.0,0.0,0.0,0.0,0.0,0.0,0.0,0.0
attack,"""gbeleleepgTTTbele0r",time,time,seqgan_master,seqgan_master__final__time__A__500__MASTER__raw_character__len20__gpre120__reward_off__seed88,782,20.0,9.0,2.8709505944546687,18.0,1.0,0.0,1.0,0.9,0.05,0.0,0.05,0.0,1.0,0.0,0.0,0.0,0.0,0.0,0.0,0.0,0.0,0.0,0.0,0.0,1.0,0.0,0.0,0.0,0.0,0.0,0.0,0.0,0.0,0.0,0.0,0.0,0.0,0.0,0.0,0.0,0.0,0.0,0.0,0.0,0.0,0.0,0.0,0.0,0.0,0.0,0.0,0.0,0.0,0.0,0.0,0.0,0.0,0.0,0.0,0.0,0.0,0.0,0.0,0.0,0.0
attack,gTbeleTIITTTTTTpgTbe,time,time,seqgan_master,seqgan_master__final__time__A__500__MASTER__raw_character__len20__gpre120__reward_off__seed88,783,20.0,7.0,2.3577174691301486,20.0,0.0,0.0,0.0,1.0,0.0,0.0,0.0,0.0,0.0,0.0,0.0,0.0,0.0,0.0,0.0,0.0,0.0,0.0,0.0,0.0,0.0,0.0,0.0,0.0,0.0,0.0,0.0,0.0,0.0,0.0,0.0,0.0,0.0,0.0,0.0,0.0,0.0,0.0,0.0,0.0,0.0,0.0,0.0,0.0,0.0,0.0,0.0,0.0,0.0,0.0,0.0,0.0,0.0,0.0,0.0,0.0,0.0,0.0,0.0,0.0,0.0
attack,"""gbrbeleeleTbeTTIMeT",time,time,seqgan_master,seqgan_master__final__time__A__500__MASTER__raw_character__len20__gpre120__reward_off__seed88,784,20.0,9.0,2.808694969562842,19.0,0.0,0.0,1.0,0.95,0.0,0.0,0.05,0.0,1.0,0.0,0.0,0.0,0.0,0.0,0.0,0.0,0.0,0.0,0.0,0.0,1.0,0.0,0.0,0.0,0.0,0.0,0.0,0.0,0.0,0.0,0.0,0.0,0.0,0.0,0.0,0.0,0.0,0.0,0.0,0.0,0.0,0.0,0.0,0.0,0.0,0.0,0.0,0.0,0.0,0.0,0.0,0.0,0.0,0.0,0.0,0.0,0.0,0.0,0.0,0.0,0.0
attack,"""gbeleleeleleleleTbe",time,time,seqgan_master,seqgan_master__final__time__A__500__MASTER__raw_character__len20__gpre120__reward_off__seed88,785,20.0,6.0,2.0199730940219753,19.0,0.0,0.0,1.0,0.95,0.0,0.0,0.05,0.0,1.0,0.0,0.0,0.0,0.0,0.0,0.0,0.0,0.0,0.0,0.0,0.0,1.0,0.0,0.0,0.0,0.0,0.0,0.0,0.0,0.0,0.0,0.0,0.0,0.0,0.0,0.0,0.0,0.0,0.0,0.0,0.0,0.0,0.0,0.0,0.0,0.0,0.0,0.0,0.0,0.0,0.0,0.0,0.0,0.0,0.0,0.0,0.0,0.0,0.0,0.0,0.0,0.0
attack,"""gbeleeleTTTTTIpgTTI",time,time,seqgan_master,seqgan_master__final__time__A__500__MASTER__raw_character__len20__gpre120__reward_off__seed88,786,20.0,8.0,2.639353872167201,19.0,0.0,0.0,1.0,0.95,0.0,0.0,0.05,0.0,1.0,0.0,0.0,0.0,0.0,0.0,0.0,0.0,0.0,0.0,0.0,0.0,1.0,0.0,0.0,0.0,0.0,0.0,0.0,0.0,0.0,0.0,0.0,0.0,0.0,0.0,0.0,0.0,0.0,0.0,0.0,0.0,0.0,0.0,0.0,0.0,0.0,0.0,0.0,0.0,0.0,0.0,0.0,0.0,0.0,0.0,0.0,0.0,0.0,0.0,0.0,0.0,0.0
attack,"""gbeleeeleeleTlelele",time,time,seqgan_master,seqgan_master__final__time__A__500__MASTER__raw_character__len20__gpre120__reward_off__seed88,787,20.0,6.0,1.8854752972273343,19.0,0.0,0.0,1.0,0.95,0.0,0.0,0.05,0.0,1.0,0.0,0.0,0.0,0.0,0.0,0.0,0.0,0.0,0.0,0.0,0.0,1.0,0.0,0.0,0.0,0.0,0.0,0.0,0.0,0.0,0.0,0.0,0.0,0.0,0.0,0.0,0.0,0.0,0.0,0.0,0.0,0.0,0.0,0.0,0.0,0.0,0.0,0.0,0.0,0.0,0.0,0.0,0.0,0.0,0.0,0.0,0.0,0.0,0.0,0.0,0.0,0.0
attack,"""begbeleeleeTIIpgTrn",time,time,seqgan_master,seqgan_master__final__time__A__500__MASTER__raw_character__len20__gpre120__reward_off__seed88,788,20.0,10.0,3.0464393446710156,19.0,0.0,0.0,1.0,0.95,0.0,0.0,0.05,0.0,1.0,0.0,0.0,0.0,0.0,0.0,0.0,0.0,0.0,0.0,0.0,0.0,1.0,0.0,0.0,0.0,0.0,0.0,0.0,0.0,0.0,0.0,0.0,0.0,0.0,0.0,0.0,0.0,0.0,0.0,0.0,0.0,0.0,0.0,0.0,0.0,0.0,0.0,0.0,0.0,0.0,0.0,0.0,0.0,0.0,0.0,0.0,0.0,0.0,0.0,0.0,0.0,0.0
attack,"""gbeleeTTIpgleeTInle",time,time,seqgan_master,seqgan_master__final__time__A__500__MASTER__raw_character__len20__gpre120__reward_off__seed88,789,20.0,9.0,2.8709505944546687,19.0,0.0,0.0,1.0,0.95,0.0,0.0,0.05,0.0,1.0,0.0,0.0,0.0,0.0,0.0,0.0,0.0,0.0,0.0,0.0,0.0,1.0,0.0,0.0,0.0,0.0,0.0,0.0,0.0,0.0,0.0,0.0,0.0,0.0,0.0,0.0,0.0,0.0,0.0,0.0,0.0,0.0,0.0,0.0,0.0,0.0,0.0,0.0,0.0,0.0,0.0,0.0,0.0,0.0,0.0,0.0,0.0,0.0,0.0,0.0,0.0,0.0
attack,"""gbeleeeTTIMeleleTTT",time,time,seqgan_master,seqgan_master__final__time__A__500__MASTER__raw_character__len20__gpre120__reward_off__seed88,790,20.0,8.0,2.521127473337187,19.0,0.0,0.0,1.0,0.95,0.0,0.0,0.05,0.0,1.0,0.0,0.0,0.0,0.0,0.0,0.0,0.0,0.0,0.0,0.0,0.0,1.0,0.0,0.0,0.0,0.0,0.0,0.0,0.0,0.0,0.0,0.0,0.0,0.0,0.0,0.0,0.0,0.0,0.0,0.0,0.0,0.0,0.0,0.0,0.0,0.0,0.0,0.0,0.0,0.0,0.0,0.0,0.0,0.0,0.0,0.0,0.0,0.0,0.0,0.0,0.0,0.0
attack,"""TbeleleeTTIpgTbeleT",time,time,seqgan_master,seqgan_master__final__time__A__500__MASTER__raw_character__len20__gpre120__reward_off__seed88,791,20.0,8.0,2.6282129458410015,19.0,0.0,0.0,1.0,0.95,0.0,0.0,0.05,0.0,1.0,0.0,0.0,0.0,0.0,0.0,0.0,0.0,0.0,0.0,0.0,0.0,1.0,0.0,0.0,0.0,0.0,0.0,0.0,0.0,0.0,0.0,0.0,0.0,0.0,0.0,0.0,0.0,0.0,0.0,0.0,0.0,0.0,0.0,0.0,0.0,0.0,0.0,0.0,0.0,0.0,0.0,0.0,0.0,0.0,0.0,0.0,0.0,0.0,0.0,0.0,0.0,0.0
attack,"""gbdeleeeleeTIpgbele",time,time,seqgan_master,seqgan_master__final__time__A__500__MASTER__raw_character__len20__gpre120__reward_off__seed88,792,20.0,9.0,2.684183719779189,19.0,0.0,0.0,1.0,0.95,0.0,0.0,0.05,0.0,1.0,0.0,0.0,0.0,0.0,0.0,0.0,0.0,0.0,0.0,0.0,0.0,1.0,0.0,0.0,0.0,0.0,0.0,0.0,0.0,0.0,0.0,0.0,0.0,0.0,0.0,0.0,0.0,0.0,0.0,0.0,0.0,0.0,0.0,0.0,0.0,0.0,0.0,0.0,0.0,0.0,0.0,0.0,0.0,0.0,0.0,0.0,0.0,0.0,0.0,0.0,0.0,0.0
attack,"""gbeleeeleeTbele0leT",time,time,seqgan_master,seqgan_master__final__time__A__500__MASTER__raw_character__len20__gpre120__reward_off__seed88,793,20.0,7.0,2.295461844238322,18.0,1.0,0.0,1.0,0.9,0.05,0.0,0.05,0.0,1.0,0.0,0.0,0.0,0.0,0.0,0.0,0.0,0.0,0.0,0.0,0.0,1.0,0.0,0.0,0.0,0.0,0.0,0.0,0.0,0.0,0.0,0.0,0.0,0.0,0.0,0.0,0.0,0.0,0.0,0.0,0.0,0.0,0.0,0.0,0.0,0.0,0.0,0.0,0.0,0.0,0.0,0.0,0.0,0.0,0.0,0.0,0.0,0.0,0.0,0.0,0.0,0.0
attack,"""gbeleeeTTIpgTInelec",time,time,seqgan_master,seqgan_master__final__time__A__500__MASTER__raw_character__len20__gpre120__reward_off__seed88,794,20.0,10.0,3.008694969562842,19.0,0.0,0.0,1.0,0.95,0.0,0.0,0.05,0.0,1.0,0.0,0.0,0.0,0.0,0.0,0.0,0.0,0.0,0.0,0.0,0.0,1.0,0.0,0.0,0.0,0.0,0.0,0.0,0.0,0.0,0.0,0.0,0.0,0.0,0.0,0.0,0.0,0.0,0.0,0.0,0.0,0.0,0.0,0.0,0.0,0.0,0.0,0.0,0.0,0.0,0.0,0.0,0.0,0.0,0.0,0.0,0.0,0.0,0.0,0.0,0.0,0.0
attack,"""gbeeleeTTIMbele0lee",time,time,seqgan_master,seqgan_master__final__time__A__500__MASTER__raw_character__len20__gpre120__reward_off__seed88,795,20.0,9.0,2.684183719779189,18.0,1.0,0.0,1.0,0.9,0.05,0.0,0.05,0.0,1.0,0.0,0.0,0.0,0.0,0.0,0.0,0.0,0.0,0.0,0.0,0.0,1.0,0.0,0.0,0.0,0.0,0.0,0.0,0.0,0.0,0.0,0.0,0.0,0.0,0.0,0.0,0.0,0.0,0.0,0.0,0.0,0.0,0.0,0.0,0.0,0.0,0.0,0.0,0.0,0.0,0.0,0.0,0.0,0.0,0.0,0.0,0.0,0.0,0.0,0.0,0.0,0.0
attack,"""gneeleleeeTITITTITI",time,time,seqgan_master,seqgan_master__final__time__A__500__MASTER__raw_character__len20__gpre120__reward_off__seed88,796,20.0,7.0,2.465957320949175,19.0,0.0,0.0,1.0,0.95,0.0,0.0,0.05,0.0,1.0,0.0,0.0,0.0,0.0,0.0,0.0,0.0,0.0,0.0,0.0,0.0,1.0,0.0,0.0,0.0,0.0,0.0,0.0,0.0,0.0,0.0,0.0,0.0,0.0,0.0,0.0,0.0,0.0,0.0,0.0,0.0,0.0,0.0,0.0,0.0,0.0,0.0,0.0,0.0,0.0,0.0,0.0,0.0,0.0,0.0,0.0,0.0,0.0,0.0,0.0,0.0,0.0
attack,"""gbeelebeleTTITTTleg",time,time,seqgan_master,seqgan_master__final__time__A__500__MASTER__raw_character__len20__gpre120__reward_off__seed88,797,20.0,7.0,2.5282129458410014,19.0,0.0,0.0,1.0,0.95,0.0,0.0,0.05,0.0,1.0,0.0,0.0,0.0,0.0,0.0,0.0,0.0,0.0,0.0,0.0,0.0,1.0,0.0,0.0,0.0,0.0,0.0,0.0,0.0,0.0,0.0,0.0,0.0,0.0,0.0,0.0,0.0,0.0,0.0,0.0,0.0,0.0,0.0,0.0,0.0,0.0,0.0,0.0,0.0,0.0,0.0,0.0,0.0,0.0,0.0,0.0,0.0,0.0,0.0,0.0,0.0,0.0
attack,"""gbeleleleeTeTTTTIMb",time,time,seqgan_master,seqgan_master__final__time__A__500__MASTER__raw_character__len20__gpre120__reward_off__seed88,798,20.0,8.0,2.6282129458410015,19.0,0.0,0.0,1.0,0.95,0.0,0.0,0.05,0.0,1.0,0.0,0.0,0.0,0.0,0.0,0.0,0.0,0.0,0.0,0.0,0.0,1.0,0.0,0.0,0.0,0.0,0.0,0.0,0.0,0.0,0.0,0.0,0.0,0.0,0.0,0.0,0.0,0.0,0.0,0.0,0.0,0.0,0.0,0.0,0.0,0.0,0.0,0.0,0.0,0.0,0.0,0.0,0.0,0.0,0.0,0.0,0.0,0.0,0.0,0.0,0.0,0.0
attack,"""gbeleeTeTI(TIMeebeT",time,time,seqgan_master,seqgan_master__final__time__A__500__MASTER__raw_character__len20__gpre120__reward_off__seed88,799,20.0,9.0,2.739353872167201,18.0,0.0,0.0,2.0,0.9,0.0,0.0,0.1,0.0,1.0,0.0,0.0,0.0,0.0,0.0,1.0,0.0,0.0,0.0,0.0,0.0,1.0,0.0,0.0,0.0,0.0,1.0,0.0,0.0,0.0,0.0,0.0,0.0,0.0,0.0,0.0,0.0,0.0,0.0,0.0,0.0,0.0,0.0,0.0,0.0,0.0,0.0,0.0,0.0,0.0,0.0,0.0,0.0,0.0,0.0,0.0,0.0,0.0,0.0,0.0,0.0,0.0
attack,"""gbeleeleleeleTITITI",time,time,seqgan_master,seqgan_master__final__time__A__500__MASTER__raw_character__len20__gpre120__reward_off__seed88,800,20.0,7.0,2.463865121950854,19.0,0.0,0.0,1.0,0.95,0.0,0.0,0.05,0.0,1.0,0.0,0.0,0.0,0.0,0.0,0.0,0.0,0.0,0.0,0.0,0.0,1.0,0.0,0.0,0.0,0.0,0.0,0.0,0.0,0.0,0.0,0.0,0.0,0.0,0.0,0.0,0.0,0.0,0.0,0.0,0.0,0.0,0.0,0.0,0.0,0.0,0.0,0.0,0.0,0.0,0.0,0.0,0.0,0.0,0.0,0.0,0.0,0.0,0.0,0.0,0.0,0.0
attack,"""gbeleleeleTTTTIMbel",time,time,seqgan_master,seqgan_master__final__time__A__500__MASTER__raw_character__len20__gpre120__reward_off__seed88,801,20.0,8.0,2.6464393446710157,19.0,0.0,0.0,1.0,0.95,0.0,0.0,0.05,0.0,1.0,0.0,0.0,0.0,0.0,0.0,0.0,0.0,0.0,0.0,0.0,0.0,1.0,0.0,0.0,0.0,0.0,0.0,0.0,0.0,0.0,0.0,0.0,0.0,0.0,0.0,0.0,0.0,0.0,0.0,0.0,0.0,0.0,0.0,0.0,0.0,0.0,0.0,0.0,0.0,0.0,0.0,0.0,0.0,0.0,0.0,0.0,0.0,0.0,0.0,0.0,0.0,0.0
attack,$rbgbeleleeTITTIpgTb,time,time,seqgan_master,seqgan_master__final__time__A__500__MASTER__raw_character__len20__gpre120__reward_off__seed88,802,20.0,9.0,2.984183719779189,19.0,0.0,0.0,1.0,0.95,0.0,0.0,0.05,0.0,0.0,0.0,0.0,0.0,0.0,0.0,0.0,0.0,0.0,0.0,0.0,0.0,0.0,0.0,0.0,0.0,0.0,0.0,0.0,0.0,0.0,0.0,0.0,0.0,0.0,0.0,0.0,0.0,0.0,0.0,0.0,0.0,0.0,0.0,0.0,0.0,0.0,0.0,0.0,0.0,0.0,0.0,0.0,0.0,0.0,0.0,0.0,0.0,0.0,0.0,0.0,0.0,0.0
attack,"""gbelebecbeeTeTTIsle",time,time,seqgan_master,seqgan_master__final__time__A__500__MASTER__raw_character__len20__gpre120__reward_off__seed88,803,20.0,9.0,2.763865121950854,19.0,0.0,0.0,1.0,0.95,0.0,0.0,0.05,0.0,1.0,0.0,0.0,0.0,0.0,0.0,0.0,0.0,0.0,0.0,0.0,0.0,1.0,0.0,0.0,0.0,0.0,0.0,0.0,0.0,0.0,0.0,0.0,0.0,0.0,0.0,0.0,0.0,0.0,0.0,0.0,0.0,0.0,0.0,0.0,0.0,0.0,0.0,0.0,0.0,0.0,0.0,0.0,0.0,0.0,0.0,0.0,0.0,0.0,0.0,0.0,0.0,0.0
attack,"""gbeleleleleTTTITTII",time,time,seqgan_master,seqgan_master__final__time__A__500__MASTER__raw_character__len20__gpre120__reward_off__seed88,804,20.0,7.0,2.523219672335508,19.0,0.0,0.0,1.0,0.95,0.0,0.0,0.05,0.0,1.0,0.0,0.0,0.0,0.0,0.0,0.0,0.0,0.0,0.0,0.0,0.0,1.0,0.0,0.0,0.0,0.0,0.0,0.0,0.0,0.0,0.0,0.0,0.0,0.0,0.0,0.0,0.0,0.0,0.0,0.0,0.0,0.0,0.0,0.0,0.0,0.0,0.0,0.0,0.0,0.0,0.0,0.0,0.0,0.0,0.0,0.0,0.0,0.0,0.0,0.0,0.0,0.0
attack,"""gbeeleleleTpgTTTTIr",time,time,seqgan_master,seqgan_master__final__time__A__500__MASTER__raw_character__len20__gpre120__reward_off__seed88,805,20.0,9.0,2.823219672335508,19.0,0.0,0.0,1.0,0.95,0.0,0.0,0.05,0.0,1.0,0.0,0.0,0.0,0.0,0.0,0.0,0.0,0.0,0.0,0.0,0.0,1.0,0.0,0.0,0.0,0.0,0.0,0.0,0.0,0.0,0.0,0.0,0.0,0.0,0.0,0.0,0.0,0.0,0.0,0.0,0.0,0.0,0.0,0.0,0.0,0.0,0.0,0.0,0.0,0.0,0.0,0.0,0.0,0.0,0.0,0.0,0.0,0.0,0.0,0.0,0.0,0.0
attack,"""gbeleleeTTTTTITIdel",time,time,seqgan_master,seqgan_master__final__time__A__500__MASTER__raw_character__len20__gpre120__reward_off__seed88,806,20.0,8.0,2.6282129458410015,19.0,0.0,0.0,1.0,0.95,0.0,0.0,0.05,0.0,1.0,0.0,0.0,0.0,0.0,0.0,0.0,0.0,0.0,0.0,0.0,0.0,1.0,0.0,0.0,0.0,0.0,0.0,0.0,0.0,0.0,0.0,0.0,0.0,0.0,0.0,0.0,0.0,0.0,0.0,0.0,0.0,0.0,0.0,0.0,0.0,0.0,0.0,0.0,0.0,0.0,0.0,0.0,0.0,0.0,0.0,0.0,0.0,0.0,0.0,0.0,0.0,0.0
attack,"""gbeleeleeleTTIMbeeT",time,time,seqgan_master,seqgan_master__final__time__A__500__MASTER__raw_character__len20__gpre120__reward_off__seed88,807,20.0,8.0,2.5464393446710156,19.0,0.0,0.0,1.0,0.95,0.0,0.0,0.05,0.0,1.0,0.0,0.0,0.0,0.0,0.0,0.0,0.0,0.0,0.0,0.0,0.0,1.0,0.0,0.0,0.0,0.0,0.0,0.0,0.0,0.0,0.0,0.0,0.0,0.0,0.0,0.0,0.0,0.0,0.0,0.0,0.0,0.0,0.0,0.0,0.0,0.0,0.0,0.0,0.0,0.0,0.0,0.0,0.0,0.0,0.0,0.0,0.0,0.0,0.0,0.0,0.0,0.0
attack,"""gbgbeeleleleemelele",time,time,seqgan_master,seqgan_master__final__time__A__500__MASTER__raw_character__len20__gpre120__reward_off__seed88,808,20.0,6.0,2.1149798205164814,19.0,0.0,0.0,1.0,0.95,0.0,0.0,0.05,0.0,1.0,0.0,0.0,0.0,0.0,0.0,0.0,0.0,0.0,0.0,0.0,0.0,1.0,0.0,0.0,0.0,0.0,0.0,0.0,0.0,0.0,0.0,0.0,0.0,0.0,0.0,0.0,0.0,0.0,0.0,0.0,0.0,0.0,0.0,0.0,0.0,0.0,0.0,0.0,0.0,0.0,0.0,0.0,0.0,0.0,0.0,0.0,0.0,0.0,0.0,0.0,0.0,0.0
attack,"""gbeeleelele0TTTIITT",time,time,seqgan_master,seqgan_master__final__time__A__500__MASTER__raw_character__len20__gpre120__reward_off__seed88,809,20.0,8.0,2.6282129458410015,18.0,1.0,0.0,1.0,0.9,0.05,0.0,0.05,0.0,1.0,0.0,0.0,0.0,0.0,0.0,0.0,0.0,0.0,0.0,0.0,0.0,1.0,0.0,0.0,0.0,0.0,0.0,0.0,0.0,0.0,0.0,0.0,0.0,0.0,0.0,0.0,0.0,0.0,0.0,0.0,0.0,0.0,0.0,0.0,0.0,0.0,0.0,0.0,0.0,0.0,0.0,0.0,0.0,0.0,0.0,0.0,0.0,0.0,0.0,0.0,0.0,0.0
attack,"""gbeleleeleTbeTTTTTT",time,time,seqgan_master,seqgan_master__final__time__A__500__MASTER__raw_character__len20__gpre120__reward_off__seed88,810,20.0,6.0,2.2261207468426805,19.0,0.0,0.0,1.0,0.95,0.0,0.0,0.05,0.0,1.0,0.0,0.0,0.0,0.0,0.0,0.0,0.0,0.0,0.0,0.0,0.0,1.0,0.0,0.0,0.0,0.0,0.0,0.0,0.0,0.0,0.0,0.0,0.0,0.0,0.0,0.0,0.0,0.0,0.0,0.0,0.0,0.0,0.0,0.0,0.0,0.0,0.0,0.0,0.0,0.0,0.0,0.0,0.0,0.0,0.0,0.0,0.0,0.0,0.0,0.0,0.0,0.0
attack,"""gbeleeleTTIMbeeTTTI",time,time,seqgan_master,seqgan_master__final__time__A__500__MASTER__raw_character__len20__gpre120__reward_off__seed88,811,20.0,8.0,2.665957320949175,19.0,0.0,0.0,1.0,0.95,0.0,0.0,0.05,0.0,1.0,0.0,0.0,0.0,0.0,0.0,0.0,0.0,0.0,0.0,0.0,0.0,1.0,0.0,0.0,0.0,0.0,0.0,0.0,0.0,0.0,0.0,0.0,0.0,0.0,0.0,0.0,0.0,0.0,0.0,0.0,0.0,0.0,0.0,0.0,0.0,0.0,0.0,0.0,0.0,0.0,0.0,0.0,0.0,0.0,0.0,0.0,0.0,0.0,0.0,0.0,0.0,0.0
attack,"""gbeleleeleleTTITIpg",time,time,seqgan_master,seqgan_master__final__time__A__500__MASTER__raw_character__len20__gpre120__reward_off__seed88,812,20.0,8.0,2.708694969562842,19.0,0.0,0.0,1.0,0.95,0.0,0.0,0.05,0.0,1.0,0.0,0.0,0.0,0.0,0.0,0.0,0.0,0.0,0.0,0.0,0.0,1.0,0.0,0.0,0.0,0.0,0.0,0.0,0.0,0.0,0.0,0.0,0.0,0.0,0.0,0.0,0.0,0.0,0.0,0.0,0.0,0.0,0.0,0.0,0.0,0.0,0.0,0.0,0.0,0.0,0.0,0.0,0.0,0.0,0.0,0.0,0.0,0.0,0.0,0.0,0.0,0.0
attack,"""gbeleeeTIbeleeleTIM",time,time,seqgan_master,seqgan_master__final__time__A__500__MASTER__raw_character__len20__gpre120__reward_off__seed88,813,20.0,8.0,2.584183719779189,19.0,0.0,0.0,1.0,0.95,0.0,0.0,0.05,0.0,1.0,0.0,0.0,0.0,0.0,0.0,0.0,0.0,0.0,0.0,0.0,0.0,1.0,0.0,0.0,0.0,0.0,0.0,0.0,0.0,0.0,0.0,0.0,0.0,0.0,0.0,0.0,0.0,0.0,0.0,0.0,0.0,0.0,0.0,0.0,0.0,0.0,0.0,0.0,0.0,0.0,0.0,0.0,0.0,0.0,0.0,0.0,0.0,0.0,0.0,0.0,0.0,0.0
attack,"""gbeleleeTbeTITbeTIp",time,time,seqgan_master,seqgan_master__final__time__A__500__MASTER__raw_character__len20__gpre120__reward_off__seed88,814,20.0,8.0,2.708694969562842,19.0,0.0,0.0,1.0,0.95,0.0,0.0,0.05,0.0,1.0,0.0,0.0,0.0,0.0,0.0,0.0,0.0,0.0,0.0,0.0,0.0,1.0,0.0,0.0,0.0,0.0,0.0,0.0,0.0,0.0,0.0,0.0,0.0,0.0,0.0,0.0,0.0,0.0,0.0,0.0,0.0,0.0,0.0,0.0,0.0,0.0,0.0,0.0,0.0,0.0,0.0,0.0,0.0,0.0,0.0,0.0,0.0,0.0,0.0,0.0,0.0,0.0
attack,"""gbeeleleTMbeleeTIIM",time,time,seqgan_master,seqgan_master__final__time__A__500__MASTER__raw_character__len20__gpre120__reward_off__seed88,815,20.0,8.0,2.7016094970590276,19.0,0.0,0.0,1.0,0.95,0.0,0.0,0.05,0.0,1.0,0.0,0.0,0.0,0.0,0.0,0.0,0.0,0.0,0.0,0.0,0.0,1.0,0.0,0.0,0.0,0.0,0.0,0.0,0.0,0.0,0.0,0.0,0.0,0.0,0.0,0.0,0.0,0.0,0.0,0.0,0.0,0.0,0.0,0.0,0.0,0.0,0.0,0.0,0.0,0.0,0.0,0.0,0.0,0.0,0.0,0.0,0.0,0.0,0.0,0.0,0.0,0.0
attack,"""gbeleele0eeleTTTIpg",time,time,seqgan_master,seqgan_master__final__time__A__500__MASTER__raw_character__len20__gpre120__reward_off__seed88,816,20.0,9.0,2.763865121950854,18.0,1.0,0.0,1.0,0.9,0.05,0.0,0.05,0.0,1.0,0.0,0.0,0.0,0.0,0.0,0.0,0.0,0.0,0.0,0.0,0.0,1.0,0.0,0.0,0.0,0.0,0.0,0.0,0.0,0.0,0.0,0.0,0.0,0.0,0.0,0.0,0.0,0.0,0.0,0.0,0.0,0.0,0.0,0.0,0.0,0.0,0.0,0.0,0.0,0.0,0.0,0.0,0.0,0.0,0.0,0.0,0.0,0.0,0.0,0.0,0.0,0.0
attack,"""gbeleeTITITTITTIpgT",time,time,seqgan_master,seqgan_master__final__time__A__500__MASTER__raw_character__len20__gpre120__reward_off__seed88,817,20.0,8.0,2.6016094970590276,19.0,0.0,0.0,1.0,0.95,0.0,0.0,0.05,0.0,1.0,0.0,0.0,0.0,0.0,0.0,0.0,0.0,0.0,0.0,0.0,0.0,1.0,0.0,0.0,0.0,0.0,0.0,0.0,0.0,0.0,0.0,0.0,0.0,0.0,0.0,0.0,0.0,0.0,0.0,0.0,0.0,0.0,0.0,0.0,0.0,0.0,0.0,0.0,0.0,0.0,0.0,0.0,0.0,0.0,0.0,0.0,0.0,0.0,0.0,0.0,0.0,0.0
attack,"""gbeleleeleTITIIpgTI",time,time,seqgan_master,seqgan_master__final__time__A__500__MASTER__raw_character__len20__gpre120__reward_off__seed88,818,20.0,8.0,2.765957320949175,19.0,0.0,0.0,1.0,0.95,0.0,0.0,0.05,0.0,1.0,0.0,0.0,0.0,0.0,0.0,0.0,0.0,0.0,0.0,0.0,0.0,1.0,0.0,0.0,0.0,0.0,0.0,0.0,0.0,0.0,0.0,0.0,0.0,0.0,0.0,0.0,0.0,0.0,0.0,0.0,0.0,0.0,0.0,0.0,0.0,0.0,0.0,0.0,0.0,0.0,0.0,0.0,0.0,0.0,0.0,0.0,0.0,0.0,0.0,0.0,0.0,0.0
attack,"""gbgbeleleleeeTbeTTI",time,time,seqgan_master,seqgan_master__final__time__A__500__MASTER__raw_character__len20__gpre120__reward_off__seed88,819,20.0,7.0,2.5261207468426807,19.0,0.0,0.0,1.0,0.95,0.0,0.0,0.05,0.0,1.0,0.0,0.0,0.0,0.0,0.0,0.0,0.0,0.0,0.0,0.0,0.0,1.0,0.0,0.0,0.0,0.0,0.0,0.0,0.0,0.0,0.0,0.0,0.0,0.0,0.0,0.0,0.0,0.0,0.0,0.0,0.0,0.0,0.0,0.0,0.0,0.0,0.0,0.0,0.0,0.0,0.0,0.0,0.0,0.0,0.0,0.0,0.0,0.0,0.0,0.0,0.0,0.0
attack,"""gbeleeleleleleTTTII",time,time,seqgan_master,seqgan_master__final__time__A__500__MASTER__raw_character__len20__gpre120__reward_off__seed88,820,20.0,7.0,2.421127473337187,19.0,0.0,0.0,1.0,0.95,0.0,0.0,0.05,0.0,1.0,0.0,0.0,0.0,0.0,0.0,0.0,0.0,0.0,0.0,0.0,0.0,1.0,0.0,0.0,0.0,0.0,0.0,0.0,0.0,0.0,0.0,0.0,0.0,0.0,0.0,0.0,0.0,0.0,0.0,0.0,0.0,0.0,0.0,0.0,0.0,0.0,0.0,0.0,0.0,0.0,0.0,0.0,0.0,0.0,0.0,0.0,0.0,0.0,0.0,0.0,0.0,0.0
attack,"""gbeneeleleTbeTTTTTI",time,time,seqgan_master,seqgan_master__final__time__A__500__MASTER__raw_character__len20__gpre120__reward_off__seed88,821,20.0,8.0,2.570950594454669,19.0,0.0,0.0,1.0,0.95,0.0,0.0,0.05,0.0,1.0,0.0,0.0,0.0,0.0,0.0,0.0,0.0,0.0,0.0,0.0,0.0,1.0,0.0,0.0,0.0,0.0,0.0,0.0,0.0,0.0,0.0,0.0,0.0,0.0,0.0,0.0,0.0,0.0,0.0,0.0,0.0,0.0,0.0,0.0,0.0,0.0,0.0,0.0,0.0,0.0,0.0,0.0,0.0,0.0,0.0,0.0,0.0,0.0,0.0,0.0,0.0,0.0
attack,"""gbeleeleTITTTTTIpgT",time,time,seqgan_master,seqgan_master__final__time__A__500__MASTER__raw_character__len20__gpre120__reward_off__seed88,822,20.0,8.0,2.639353872167201,19.0,0.0,0.0,1.0,0.95,0.0,0.0,0.05,0.0,1.0,0.0,0.0,0.0,0.0,0.0,0.0,0.0,0.0,0.0,0.0,0.0,1.0,0.0,0.0,0.0,0.0,0.0,0.0,0.0,0.0,0.0,0.0,0.0,0.0,0.0,0.0,0.0,0.0,0.0,0.0,0.0,0.0,0.0,0.0,0.0,0.0,0.0,0.0,0.0,0.0,0.0,0.0,0.0,0.0,0.0,0.0,0.0,0.0,0.0,0.0,0.0,0.0
attack,"""gbeleeleleleeTbeTTT",time,time,seqgan_master,seqgan_master__final__time__A__500__MASTER__raw_character__len20__gpre120__reward_off__seed88,823,20.0,6.0,2.221928094887362,19.0,0.0,0.0,1.0,0.95,0.0,0.0,0.05,0.0,1.0,0.0,0.0,0.0,0.0,0.0,0.0,0.0,0.0,0.0,0.0,0.0,1.0,0.0,0.0,0.0,0.0,0.0,0.0,0.0,0.0,0.0,0.0,0.0,0.0,0.0,0.0,0.0,0.0,0.0,0.0,0.0,0.0,0.0,0.0,0.0,0.0,0.0,0.0,0.0,0.0,0.0,0.0,0.0,0.0,0.0,0.0,0.0,0.0,0.0,0.0,0.0,0.0
attack,"""gbeeleleeTIbelemeTI",time,time,seqgan_master,seqgan_master__final__time__A__500__MASTER__raw_character__len20__gpre120__reward_off__seed88,824,20.0,8.0,2.584183719779189,19.0,0.0,0.0,1.0,0.95,0.0,0.0,0.05,0.0,1.0,0.0,0.0,0.0,0.0,0.0,0.0,0.0,0.0,0.0,0.0,0.0,1.0,0.0,0.0,0.0,0.0,0.0,0.0,0.0,0.0,0.0,0.0,0.0,0.0,0.0,0.0,0.0,0.0,0.0,0.0,0.0,0.0,0.0,0.0,0.0,0.0,0.0,0.0,0.0,0.0,0.0,0.0,0.0,0.0,0.0,0.0,0.0,0.0,0.0,0.0,0.0,0.0
attack,or beleeleleTTTIIs0b,time,time,seqgan_master,seqgan_master__final__time__A__500__MASTER__raw_character__len20__gpre120__reward_off__seed88,825,20.0,10.0,3.065957320949175,18.0,1.0,1.0,0.0,0.9,0.05,0.05,0.0,0.0,0.0,0.0,0.0,0.0,0.0,0.0,0.0,0.0,0.0,0.0,0.0,0.0,0.0,0.0,0.0,0.0,0.0,0.0,0.0,0.0,0.0,0.0,0.0,0.0,0.0,0.0,0.0,1.0,0.0,0.0,0.0,0.0,0.0,0.0,0.0,0.0,0.0,0.0,0.0,0.0,0.0,0.0,0.0,0.0,0.0,0.0,0.0,0.0,0.0,0.0,0.0,0.0,1.0
attack,"""gbeleleelelebeTbeTT",time,time,seqgan_master,seqgan_master__final__time__A__500__MASTER__raw_character__len20__gpre120__reward_off__seed88,826,20.0,6.0,2.2464393446710154,19.0,0.0,0.0,1.0,0.95,0.0,0.0,0.05,0.0,1.0,0.0,0.0,0.0,0.0,0.0,0.0,0.0,0.0,0.0,0.0,0.0,1.0,0.0,0.0,0.0,0.0,0.0,0.0,0.0,0.0,0.0,0.0,0.0,0.0,0.0,0.0,0.0,0.0,0.0,0.0,0.0,0.0,0.0,0.0,0.0,0.0,0.0,0.0,0.0,0.0,0.0,0.0,0.0,0.0,0.0,0.0,0.0,0.0,0.0,0.0,0.0,0.0
attack,"""gbeleelelelebeTlele",time,time,seqgan_master,seqgan_master__final__time__A__500__MASTER__raw_character__len20__gpre120__reward_off__seed88,827,20.0,6.0,2.0199730940219753,19.0,0.0,0.0,1.0,0.95,0.0,0.0,0.05,0.0,1.0,0.0,0.0,0.0,0.0,0.0,0.0,0.0,0.0,0.0,0.0,0.0,1.0,0.0,0.0,0.0,0.0,0.0,0.0,0.0,0.0,0.0,0.0,0.0,0.0,0.0,0.0,0.0,0.0,0.0,0.0,0.0,0.0,0.0,0.0,0.0,0.0,0.0,0.0,0.0,0.0,0.0,0.0,0.0,0.0,0.0,0.0,0.0,0.0,0.0,0.0,0.0,0.0
attack,"""gbeleeTTIIMeleTTIIT",time,time,seqgan_master,seqgan_master__final__time__A__500__MASTER__raw_character__len20__gpre120__reward_off__seed88,828,20.0,8.0,2.6609640474436813,19.0,0.0,0.0,1.0,0.95,0.0,0.0,0.05,0.0,1.0,0.0,0.0,0.0,0.0,0.0,0.0,0.0,0.0,0.0,0.0,0.0,1.0,0.0,0.0,0.0,0.0,0.0,0.0,0.0,0.0,0.0,0.0,0.0,0.0,0.0,0.0,0.0,0.0,0.0,0.0,0.0,0.0,0.0,0.0,0.0,0.0,0.0,0.0,0.0,0.0,0.0,0.0,0.0,0.0,0.0,0.0,0.0,0.0,0.0,0.0,0.0,0.0
attack,"""gbeleeleleTleTTTTII",time,time,seqgan_master,seqgan_master__final__time__A__500__MASTER__raw_character__len20__gpre120__reward_off__seed88,829,20.0,7.0,2.465957320949175,19.0,0.0,0.0,1.0,0.95,0.0,0.0,0.05,0.0,1.0,0.0,0.0,0.0,0.0,0.0,0.0,0.0,0.0,0.0,0.0,0.0,1.0,0.0,0.0,0.0,0.0,0.0,0.0,0.0,0.0,0.0,0.0,0.0,0.0,0.0,0.0,0.0,0.0,0.0,0.0,0.0,0.0,0.0,0.0,0.0,0.0,0.0,0.0,0.0,0.0,0.0,0.0,0.0,0.0,0.0,0.0,0.0,0.0,0.0,0.0,0.0,0.0
attack,"""gbeeeTbeTbeTTTIdele",time,time,seqgan_master,seqgan_master__final__time__A__500__MASTER__raw_character__len20__gpre120__reward_off__seed88,830,20.0,8.0,2.521127473337187,19.0,0.0,0.0,1.0,0.95,0.0,0.0,0.05,0.0,1.0,0.0,0.0,0.0,0.0,0.0,0.0,0.0,0.0,0.0,0.0,0.0,1.0,0.0,0.0,0.0,0.0,0.0,0.0,0.0,0.0,0.0,0.0,0.0,0.0,0.0,0.0,0.0,0.0,0.0,0.0,0.0,0.0,0.0,0.0,0.0,0.0,0.0,0.0,0.0,0.0,0.0,0.0,0.0,0.0,0.0,0.0,0.0,0.0,0.0,0.0,0.0,0.0
attack,"""gbeleeTTTpgTIIdelrk",time,time,seqgan_master,seqgan_master__final__time__A__500__MASTER__raw_character__len20__gpre120__reward_off__seed88,831,20.0,11.0,3.2219280948873625,19.0,0.0,0.0,1.0,0.95,0.0,0.0,0.05,0.0,1.0,0.0,0.0,0.0,0.0,0.0,0.0,0.0,0.0,0.0,0.0,0.0,1.0,0.0,0.0,0.0,0.0,0.0,0.0,0.0,0.0,0.0,0.0,0.0,0.0,0.0,0.0,0.0,0.0,0.0,0.0,0.0,0.0,0.0,0.0,0.0,0.0,0.0,0.0,0.0,0.0,0.0,0.0,0.0,0.0,0.0,0.0,0.0,0.0,0.0,0.0,0.0,0.0
attack,;iiiibegbeleeleeTTTI,time,time,seqgan_master,seqgan_master__final__time__A__500__MASTER__raw_character__len20__gpre120__reward_off__seed88,832,20.0,8.0,2.708694969562842,19.0,0.0,0.0,1.0,0.95,0.0,0.0,0.05,0.0,0.0,0.0,0.0,0.0,0.0,1.0,0.0,0.0,0.0,0.0,0.0,0.0,0.0,0.0,0.0,0.0,0.0,0.0,1.0,0.0,0.0,0.0,0.0,0.0,0.0,0.0,0.0,0.0,0.0,0.0,0.0,0.0,0.0,0.0,0.0,0.0,0.0,0.0,0.0,0.0,0.0,0.0,0.0,0.0,0.0,0.0,0.0,0.0,0.0,0.0,0.0,0.0,0.0
attack,"""gbeelelegbeleelelee",time,time,seqgan_master,seqgan_master__final__time__A__500__MASTER__raw_character__len20__gpre120__reward_off__seed88,833,20.0,5.0,1.8804820237218407,19.0,0.0,0.0,1.0,0.95,0.0,0.0,0.05,0.0,1.0,0.0,0.0,0.0,0.0,0.0,0.0,0.0,0.0,0.0,0.0,0.0,1.0,0.0,0.0,0.0,0.0,0.0,0.0,0.0,0.0,0.0,0.0,0.0,0.0,0.0,0.0,0.0,0.0,0.0,0.0,0.0,0.0,0.0,0.0,0.0,0.0,0.0,0.0,0.0,0.0,0.0,0.0,0.0,0.0,0.0,0.0,0.0,0.0,0.0,0.0,0.0,0.0
attack,"""gngbelebeeeleelelec",time,time,seqgan_master,seqgan_master__final__time__A__500__MASTER__raw_character__len20__gpre120__reward_off__seed88,834,20.0,7.0,2.295461844238322,19.0,0.0,0.0,1.0,0.95,0.0,0.0,0.05,0.0,1.0,0.0,0.0,0.0,0.0,0.0,0.0,0.0,0.0,0.0,0.0,0.0,1.0,0.0,0.0,0.0,0.0,0.0,0.0,0.0,0.0,0.0,0.0,0.0,0.0,0.0,0.0,0.0,0.0,0.0,0.0,0.0,0.0,0.0,0.0,0.0,0.0,0.0,0.0,0.0,0.0,0.0,0.0,0.0,0.0,0.0,0.0,0.0,0.0,0.0,0.0,0.0,0.0
attack,"""gngbeelegbeleleleeT",time,time,seqgan_master,seqgan_master__final__time__A__500__MASTER__raw_character__len20__gpre120__reward_off__seed88,835,20.0,7.0,2.384183719779189,19.0,0.0,0.0,1.0,0.95,0.0,0.0,0.05,0.0,1.0,0.0,0.0,0.0,0.0,0.0,0.0,0.0,0.0,0.0,0.0,0.0,1.0,0.0,0.0,0.0,0.0,0.0,0.0,0.0,0.0,0.0,0.0,0.0,0.0,0.0,0.0,0.0,0.0,0.0,0.0,0.0,0.0,0.0,0.0,0.0,0.0,0.0,0.0,0.0,0.0,0.0,0.0,0.0,0.0,0.0,0.0,0.0,0.0,0.0,0.0,0.0,0.0
attack,"""gbeleeeTTInleeTrpgn",time,time,seqgan_master,seqgan_master__final__time__A__500__MASTER__raw_character__len20__gpre120__reward_off__seed88,836,20.0,10.0,3.008694969562842,19.0,0.0,0.0,1.0,0.95,0.0,0.0,0.05,0.0,1.0,0.0,0.0,0.0,0.0,0.0,0.0,0.0,0.0,0.0,0.0,0.0,1.0,0.0,0.0,0.0,0.0,0.0,0.0,0.0,0.0,0.0,0.0,0.0,0.0,0.0,0.0,0.0,0.0,0.0,0.0,0.0,0.0,0.0,0.0,0.0,0.0,0.0,0.0,0.0,0.0,0.0,0.0,0.0,0.0,0.0,0.0,0.0,0.0,0.0,0.0,0.0,0.0
attack,"""gbeleleleeleTTIMbee",time,time,seqgan_master,seqgan_master__final__time__A__500__MASTER__raw_character__len20__gpre120__reward_off__seed88,837,20.0,8.0,2.5219280948873624,19.0,0.0,0.0,1.0,0.95,0.0,0.0,0.05,0.0,1.0,0.0,0.0,0.0,0.0,0.0,0.0,0.0,0.0,0.0,0.0,0.0,1.0,0.0,0.0,0.0,0.0,0.0,0.0,0.0,0.0,0.0,0.0,0.0,0.0,0.0,0.0,0.0,0.0,0.0,0.0,0.0,0.0,0.0,0.0,0.0,0.0,0.0,0.0,0.0,0.0,0.0,0.0,0.0,0.0,0.0,0.0,0.0,0.0,0.0,0.0,0.0,0.0
attack,"""gbegleleelebeleTTbe",time,time,seqgan_master,seqgan_master__final__time__A__500__MASTER__raw_character__len20__gpre120__reward_off__seed88,838,20.0,6.0,2.2841837197791888,19.0,0.0,0.0,1.0,0.95,0.0,0.0,0.05,0.0,1.0,0.0,0.0,0.0,0.0,0.0,0.0,0.0,0.0,0.0,0.0,0.0,1.0,0.0,0.0,0.0,0.0,0.0,0.0,0.0,0.0,0.0,0.0,0.0,0.0,0.0,0.0,0.0,0.0,0.0,0.0,0.0,0.0,0.0,0.0,0.0,0.0,0.0,0.0,0.0,0.0,0.0,0.0,0.0,0.0,0.0,0.0,0.0,0.0,0.0,0.0,0.0,0.0
attack,"""gbelelebeeTbeTbe0TI",time,time,seqgan_master,seqgan_master__final__time__A__500__MASTER__raw_character__len20__gpre120__reward_off__seed88,839,20.0,8.0,2.6016094970590276,18.0,1.0,0.0,1.0,0.9,0.05,0.0,0.05,0.0,1.0,0.0,0.0,0.0,0.0,0.0,0.0,0.0,0.0,0.0,0.0,0.0,1.0,0.0,0.0,0.0,0.0,0.0,0.0,0.0,0.0,0.0,0.0,0.0,0.0,0.0,0.0,0.0,0.0,0.0,0.0,0.0,0.0,0.0,0.0,0.0,0.0,0.0,0.0,0.0,0.0,0.0,0.0,0.0,0.0,0.0,0.0,0.0,0.0,0.0,0.0,0.0,0.0
attack,gTbeTTITIpgTIneleTTI,time,time,seqgan_master,seqgan_master__final__time__A__500__MASTER__raw_character__len20__gpre120__reward_off__seed88,840,20.0,8.0,2.6016094970590276,20.0,0.0,0.0,0.0,1.0,0.0,0.0,0.0,0.0,0.0,0.0,0.0,0.0,0.0,0.0,0.0,0.0,0.0,0.0,0.0,0.0,0.0,0.0,0.0,0.0,0.0,0.0,0.0,0.0,0.0,0.0,0.0,0.0,0.0,0.0,0.0,0.0,0.0,0.0,0.0,0.0,0.0,0.0,0.0,0.0,0.0,0.0,0.0,0.0,0.0,0.0,0.0,0.0,0.0,0.0,0.0,0.0,0.0,0.0,0.0,0.0,0.0
attack,"""gbeleeleeTIbeleleTb",time,time,seqgan_master,seqgan_master__final__time__A__500__MASTER__raw_character__len20__gpre120__reward_off__seed88,841,20.0,7.0,2.384183719779189,19.0,0.0,0.0,1.0,0.95,0.0,0.0,0.05,0.0,1.0,0.0,0.0,0.0,0.0,0.0,0.0,0.0,0.0,0.0,0.0,0.0,1.0,0.0,0.0,0.0,0.0,0.0,0.0,0.0,0.0,0.0,0.0,0.0,0.0,0.0,0.0,0.0,0.0,0.0,0.0,0.0,0.0,0.0,0.0,0.0,0.0,0.0,0.0,0.0,0.0,0.0,0.0,0.0,0.0,0.0,0.0,0.0,0.0,0.0,0.0,0.0,0.0
attack,"""gbeleeTbeTIITTTTITI",time,time,seqgan_master,seqgan_master__final__time__A__500__MASTER__raw_character__len20__gpre120__reward_off__seed88,842,20.0,7.0,2.439353872167201,19.0,0.0,0.0,1.0,0.95,0.0,0.0,0.05,0.0,1.0,0.0,0.0,0.0,0.0,0.0,0.0,0.0,0.0,0.0,0.0,0.0,1.0,0.0,0.0,0.0,0.0,0.0,0.0,0.0,0.0,0.0,0.0,0.0,0.0,0.0,0.0,0.0,0.0,0.0,0.0,0.0,0.0,0.0,0.0,0.0,0.0,0.0,0.0,0.0,0.0,0.0,0.0,0.0,0.0,0.0,0.0,0.0,0.0,0.0,0.0,0.0,0.0
attack,"""gbeleembeeleTTTTIpg",time,time,seqgan_master,seqgan_master__final__time__A__500__MASTER__raw_character__len20__gpre120__reward_off__seed88,843,20.0,9.0,2.8464393446710154,19.0,0.0,0.0,1.0,0.95,0.0,0.0,0.05,0.0,1.0,0.0,0.0,0.0,0.0,0.0,0.0,0.0,0.0,0.0,0.0,0.0,1.0,0.0,0.0,0.0,0.0,0.0,0.0,0.0,0.0,0.0,0.0,0.0,0.0,0.0,0.0,0.0,0.0,0.0,0.0,0.0,0.0,0.0,0.0,0.0,0.0,0.0,0.0,0.0,0.0,0.0,0.0,0.0,0.0,0.0,0.0,0.0,0.0,0.0,0.0,0.0,0.0
attack,"""gbeleeleTbeleleTTTI",time,time,seqgan_master,seqgan_master__final__time__A__500__MASTER__raw_character__len20__gpre120__reward_off__seed88,844,20.0,7.0,2.439353872167201,19.0,0.0,0.0,1.0,0.95,0.0,0.0,0.05,0.0,1.0,0.0,0.0,0.0,0.0,0.0,0.0,0.0,0.0,0.0,0.0,0.0,1.0,0.0,0.0,0.0,0.0,0.0,0.0,0.0,0.0,0.0,0.0,0.0,0.0,0.0,0.0,0.0,0.0,0.0,0.0,0.0,0.0,0.0,0.0,0.0,0.0,0.0,0.0,0.0,0.0,0.0,0.0,0.0,0.0,0.0,0.0,0.0,0.0,0.0,0.0,0.0,0.0
attack,"""gbeleeleleTITTTIsle",time,time,seqgan_master,seqgan_master__final__time__A__500__MASTER__raw_character__len20__gpre120__reward_off__seed88,845,20.0,8.0,2.6464393446710157,19.0,0.0,0.0,1.0,0.95,0.0,0.0,0.05,0.0,1.0,0.0,0.0,0.0,0.0,0.0,0.0,0.0,0.0,0.0,0.0,0.0,1.0,0.0,0.0,0.0,0.0,0.0,0.0,0.0,0.0,0.0,0.0,0.0,0.0,0.0,0.0,0.0,0.0,0.0,0.0,0.0,0.0,0.0,0.0,0.0,0.0,0.0,0.0,0.0,0.0,0.0,0.0,0.0,0.0,0.0,0.0,0.0,0.0,0.0,0.0,0.0,0.0
attack,"""gbeleeleeTbbeleeTbe",time,time,seqgan_master,seqgan_master__final__time__A__500__MASTER__raw_character__len20__gpre120__reward_off__seed88,846,20.0,6.0,2.1577174691301484,19.0,0.0,0.0,1.0,0.95,0.0,0.0,0.05,0.0,1.0,0.0,0.0,0.0,0.0,0.0,0.0,0.0,0.0,0.0,0.0,0.0,1.0,0.0,0.0,0.0,0.0,0.0,0.0,0.0,0.0,0.0,0.0,0.0,0.0,0.0,0.0,0.0,0.0,0.0,0.0,0.0,0.0,0.0,0.0,0.0,0.0,0.0,0.0,0.0,0.0,0.0,0.0,0.0,0.0,0.0,0.0,0.0,0.0,0.0,0.0,0.0,0.0
attack,"""gbeleeeTIMeeleleTIT",time,time,seqgan_master,seqgan_master__final__time__A__500__MASTER__raw_character__len20__gpre120__reward_off__seed88,847,20.0,8.0,2.5464393446710156,19.0,0.0,0.0,1.0,0.95,0.0,0.0,0.05,0.0,1.0,0.0,0.0,0.0,0.0,0.0,0.0,0.0,0.0,0.0,0.0,0.0,1.0,0.0,0.0,0.0,0.0,0.0,0.0,0.0,0.0,0.0,0.0,0.0,0.0,0.0,0.0,0.0,0.0,0.0,0.0,0.0,0.0,0.0,0.0,0.0,0.0,0.0,0.0,0.0,0.0,0.0,0.0,0.0,0.0,0.0,0.0,0.0,0.0,0.0,0.0,0.0,0.0
attack,"""gbngbeeleleeleeleTT",time,time,seqgan_master,seqgan_master__final__time__A__500__MASTER__raw_character__len20__gpre120__reward_off__seed88,848,20.0,7.0,2.4219280948873623,19.0,0.0,0.0,1.0,0.95,0.0,0.0,0.05,0.0,1.0,0.0,0.0,0.0,0.0,0.0,0.0,0.0,0.0,0.0,0.0,0.0,1.0,0.0,0.0,0.0,0.0,0.0,0.0,0.0,0.0,0.0,0.0,0.0,0.0,0.0,0.0,0.0,0.0,0.0,0.0,0.0,0.0,0.0,0.0,0.0,0.0,0.0,0.0,0.0,0.0,0.0,0.0,0.0,0.0,0.0,0.0,0.0,0.0,0.0,0.0,0.0,0.0
attack,"""gbeleeeTTITITTTITIM",time,time,seqgan_master,seqgan_master__final__time__A__500__MASTER__raw_character__len20__gpre120__reward_off__seed88,849,20.0,8.0,2.539353872167201,19.0,0.0,0.0,1.0,0.95,0.0,0.0,0.05,0.0,1.0,0.0,0.0,0.0,0.0,0.0,0.0,0.0,0.0,0.0,0.0,0.0,1.0,0.0,0.0,0.0,0.0,0.0,0.0,0.0,0.0,0.0,0.0,0.0,0.0,0.0,0.0,0.0,0.0,0.0,0.0,0.0,0.0,0.0,0.0,0.0,0.0,0.0,0.0,0.0,0.0,0.0,0.0,0.0,0.0,0.0,0.0,0.0,0.0,0.0,0.0,0.0,0.0
attack,"""gbeleelemleeleleleT",time,time,seqgan_master,seqgan_master__final__time__A__500__MASTER__raw_character__len20__gpre120__reward_off__seed88,850,20.0,7.0,2.119973094021975,19.0,0.0,0.0,1.0,0.95,0.0,0.0,0.05,0.0,1.0,0.0,0.0,0.0,0.0,0.0,0.0,0.0,0.0,0.0,0.0,0.0,1.0,0.0,0.0,0.0,0.0,0.0,0.0,0.0,0.0,0.0,0.0,0.0,0.0,0.0,0.0,0.0,0.0,0.0,0.0,0.0,0.0,0.0,0.0,0.0,0.0,0.0,0.0,0.0,0.0,0.0,0.0,0.0,0.0,0.0,0.0,0.0,0.0,0.0,0.0,0.0,0.0
attack,""" bgbeeleleeTTIpgTng",time,time,seqgan_master,seqgan_master__final__time__A__500__MASTER__raw_character__len20__gpre120__reward_off__seed88,851,20.0,10.0,3.065957320949175,18.0,0.0,1.0,1.0,0.9,0.0,0.05,0.05,0.0,1.0,0.0,0.0,0.0,0.0,0.0,0.0,0.0,0.0,0.0,0.0,0.0,1.0,0.0,0.0,0.0,0.0,0.0,0.0,0.0,0.0,0.0,0.0,0.0,0.0,0.0,0.0,0.0,0.0,0.0,0.0,0.0,0.0,0.0,0.0,0.0,0.0,0.0,0.0,0.0,0.0,0.0,0.0,0.0,0.0,0.0,0.0,0.0,0.0,0.0,0.0,0.0,0.0
attack,"""gbeleelebeleleyTTTI",time,time,seqgan_master,seqgan_master__final__time__A__500__MASTER__raw_character__len20__gpre120__reward_off__seed88,852,20.0,8.0,2.6016094970590276,19.0,0.0,0.0,1.0,0.95,0.0,0.0,0.05,0.0,1.0,0.0,0.0,0.0,0.0,0.0,0.0,0.0,0.0,0.0,0.0,0.0,1.0,0.0,0.0,0.0,0.0,0.0,0.0,0.0,0.0,0.0,0.0,0.0,0.0,0.0,0.0,0.0,0.0,0.0,0.0,0.0,0.0,0.0,0.0,0.0,0.0,0.0,0.0,0.0,0.0,0.0,0.0,0.0,0.0,0.0,0.0,0.0,0.0,0.0,0.0,0.0,0.0
attack,"""gbeeleeTbeTbeleleTT",time,time,seqgan_master,seqgan_master__final__time__A__500__MASTER__raw_character__len20__gpre120__reward_off__seed88,853,20.0,6.0,2.2464393446710154,19.0,0.0,0.0,1.0,0.95,0.0,0.0,0.05,0.0,1.0,0.0,0.0,0.0,0.0,0.0,0.0,0.0,0.0,0.0,0.0,0.0,1.0,0.0,0.0,0.0,0.0,0.0,0.0,0.0,0.0,0.0,0.0,0.0,0.0,0.0,0.0,0.0,0.0,0.0,0.0,0.0,0.0,0.0,0.0,0.0,0.0,0.0,0.0,0.0,0.0,0.0,0.0,0.0,0.0,0.0,0.0,0.0,0.0,0.0,0.0,0.0,0.0
attack,"""gbeleeleTleTTTbeTIM",time,time,seqgan_master,seqgan_master__final__time__A__500__MASTER__raw_character__len20__gpre120__reward_off__seed88,854,20.0,8.0,2.6282129458410015,19.0,0.0,0.0,1.0,0.95,0.0,0.0,0.05,0.0,1.0,0.0,0.0,0.0,0.0,0.0,0.0,0.0,0.0,0.0,0.0,0.0,1.0,0.0,0.0,0.0,0.0,0.0,0.0,0.0,0.0,0.0,0.0,0.0,0.0,0.0,0.0,0.0,0.0,0.0,0.0,0.0,0.0,0.0,0.0,0.0,0.0,0.0,0.0,0.0,0.0,0.0,0.0,0.0,0.0,0.0,0.0,0.0,0.0,0.0,0.0,0.0,0.0
attack,"""gbeleeleele0leTITTb",time,time,seqgan_master,seqgan_master__final__time__A__500__MASTER__raw_character__len20__gpre120__reward_off__seed88,855,20.0,8.0,2.6016094970590276,18.0,1.0,0.0,1.0,0.9,0.05,0.0,0.05,0.0,1.0,0.0,0.0,0.0,0.0,0.0,0.0,0.0,0.0,0.0,0.0,0.0,1.0,0.0,0.0,0.0,0.0,0.0,0.0,0.0,0.0,0.0,0.0,0.0,0.0,0.0,0.0,0.0,0.0,0.0,0.0,0.0,0.0,0.0,0.0,0.0,0.0,0.0,0.0,0.0,0.0,0.0,0.0,0.0,0.0,0.0,0.0,0.0,0.0,0.0,0.0,0.0,0.0
attack,"""gbeleelectrnbeelele",time,time,seqgan_master,seqgan_master__final__time__A__500__MASTER__raw_character__len20__gpre120__reward_off__seed88,856,20.0,9.0,2.6219280948873624,19.0,0.0,0.0,1.0,0.95,0.0,0.0,0.05,0.0,1.0,0.0,0.0,0.0,0.0,0.0,0.0,0.0,0.0,0.0,0.0,0.0,1.0,0.0,0.0,0.0,0.0,0.0,0.0,0.0,0.0,0.0,0.0,0.0,0.0,0.0,0.0,0.0,0.0,0.0,0.0,0.0,0.0,0.0,0.0,0.0,0.0,0.0,0.0,0.0,0.0,0.0,0.0,0.0,0.0,0.0,0.0,0.0,0.0,0.0,0.0,0.0,0.0
attack,"""gbeleeleleTTIpgbele",time,time,seqgan_master,seqgan_master__final__time__A__500__MASTER__raw_character__len20__gpre120__reward_off__seed88,857,20.0,8.0,2.639353872167201,19.0,0.0,0.0,1.0,0.95,0.0,0.0,0.05,0.0,1.0,0.0,0.0,0.0,0.0,0.0,0.0,0.0,0.0,0.0,0.0,0.0,1.0,0.0,0.0,0.0,0.0,0.0,0.0,0.0,0.0,0.0,0.0,0.0,0.0,0.0,0.0,0.0,0.0,0.0,0.0,0.0,0.0,0.0,0.0,0.0,0.0,0.0,0.0,0.0,0.0,0.0,0.0,0.0,0.0,0.0,0.0,0.0,0.0,0.0,0.0,0.0,0.0
attack,"""gbeleelebeleeleTbem",time,time,seqgan_master,seqgan_master__final__time__A__500__MASTER__raw_character__len20__gpre120__reward_off__seed88,858,20.0,7.0,2.2577174691301485,19.0,0.0,0.0,1.0,0.95,0.0,0.0,0.05,0.0,1.0,0.0,0.0,0.0,0.0,0.0,0.0,0.0,0.0,0.0,0.0,0.0,1.0,0.0,0.0,0.0,0.0,0.0,0.0,0.0,0.0,0.0,0.0,0.0,0.0,0.0,0.0,0.0,0.0,0.0,0.0,0.0,0.0,0.0,0.0,0.0,0.0,0.0,0.0,0.0,0.0,0.0,0.0,0.0,0.0,0.0,0.0,0.0,0.0,0.0,0.0,0.0,0.0
attack,gTTIpgTTTIdeleleT0Ml,time,time,seqgan_master,seqgan_master__final__time__A__500__MASTER__raw_character__len20__gpre120__reward_off__seed88,859,20.0,9.0,2.8709505944546687,19.0,1.0,0.0,0.0,0.95,0.05,0.0,0.0,0.0,0.0,0.0,0.0,0.0,0.0,0.0,0.0,0.0,0.0,0.0,0.0,0.0,0.0,0.0,0.0,0.0,0.0,0.0,0.0,0.0,0.0,0.0,0.0,0.0,0.0,0.0,0.0,0.0,0.0,0.0,0.0,0.0,0.0,0.0,0.0,0.0,0.0,0.0,0.0,0.0,0.0,0.0,0.0,0.0,0.0,0.0,0.0,0.0,0.0,0.0,0.0,0.0,0.0
attack,"""gbeleeleeTITTTTTIpg",time,time,seqgan_master,seqgan_master__final__time__A__500__MASTER__raw_character__len20__gpre120__reward_off__seed88,860,20.0,8.0,2.665957320949175,19.0,0.0,0.0,1.0,0.95,0.0,0.0,0.05,0.0,1.0,0.0,0.0,0.0,0.0,0.0,0.0,0.0,0.0,0.0,0.0,0.0,1.0,0.0,0.0,0.0,0.0,0.0,0.0,0.0,0.0,0.0,0.0,0.0,0.0,0.0,0.0,0.0,0.0,0.0,0.0,0.0,0.0,0.0,0.0,0.0,0.0,0.0,0.0,0.0,0.0,0.0,0.0,0.0,0.0,0.0,0.0,0.0,0.0,0.0,0.0,0.0,0.0
attack,"""gbeleleleeTbeleelle",time,time,seqgan_master,seqgan_master__final__time__A__500__MASTER__raw_character__len20__gpre120__reward_off__seed88,861,20.0,6.0,2.0199730940219753,19.0,0.0,0.0,1.0,0.95,0.0,0.0,0.05,0.0,1.0,0.0,0.0,0.0,0.0,0.0,0.0,0.0,0.0,0.0,0.0,0.0,1.0,0.0,0.0,0.0,0.0,0.0,0.0,0.0,0.0,0.0,0.0,0.0,0.0,0.0,0.0,0.0,0.0,0.0,0.0,0.0,0.0,0.0,0.0,0.0,0.0,0.0,0.0,0.0,0.0,0.0,0.0,0.0,0.0,0.0,0.0,0.0,0.0,0.0,0.0,0.0,0.0
attack,"""gbeleeeTbeTbeleTITT",time,time,seqgan_master,seqgan_master__final__time__A__500__MASTER__raw_character__len20__gpre120__reward_off__seed88,862,20.0,7.0,2.421127473337187,19.0,0.0,0.0,1.0,0.95,0.0,0.0,0.05,0.0,1.0,0.0,0.0,0.0,0.0,0.0,0.0,0.0,0.0,0.0,0.0,0.0,1.0,0.0,0.0,0.0,0.0,0.0,0.0,0.0,0.0,0.0,0.0,0.0,0.0,0.0,0.0,0.0,0.0,0.0,0.0,0.0,0.0,0.0,0.0,0.0,0.0,0.0,0.0,0.0,0.0,0.0,0.0,0.0,0.0,0.0,0.0,0.0,0.0,0.0,0.0,0.0,0.0
attack,"""gbeleeleeTleTIleTI",time,time,seqgan_master,seqgan_master__final__time__A__500__MASTER__raw_character__len20__gpre120__reward_off__seed88,863,19.0,7.0,2.4370658315190226,18.0,0.0,0.0,1.0,0.9473684210526315,0.0,0.0,0.05263157894736842,0.0,1.0,0.0,0.0,0.0,0.0,0.0,0.0,0.0,0.0,0.0,0.0,0.0,1.0,0.0,0.0,0.0,0.0,0.0,0.0,0.0,0.0,0.0,0.0,0.0,0.0,0.0,0.0,0.0,0.0,0.0,0.0,0.0,0.0,0.0,0.0,0.0,0.0,0.0,0.0,0.0,0.0,0.0,0.0,0.0,0.0,0.0,0.0,0.0,0.0,0.0,0.0,0.0,0.0
attack,"""gbeleeTlelele0TTTIM",time,time,seqgan_master,seqgan_master__final__time__A__500__MASTER__raw_character__len20__gpre120__reward_off__seed88,864,20.0,9.0,2.746439344671016,18.0,1.0,0.0,1.0,0.9,0.05,0.0,0.05,0.0,1.0,0.0,0.0,0.0,0.0,0.0,0.0,0.0,0.0,0.0,0.0,0.0,1.0,0.0,0.0,0.0,0.0,0.0,0.0,0.0,0.0,0.0,0.0,0.0,0.0,0.0,0.0,0.0,0.0,0.0,0.0,0.0,0.0,0.0,0.0,0.0,0.0,0.0,0.0,0.0,0.0,0.0,0.0,0.0,0.0,0.0,0.0,0.0,0.0,0.0,0.0,0.0,0.0
attack,"""gbeleeTTIleTbeleleT",time,time,seqgan_master,seqgan_master__final__time__A__500__MASTER__raw_character__len20__gpre120__reward_off__seed88,865,20.0,7.0,2.439353872167201,19.0,0.0,0.0,1.0,0.95,0.0,0.0,0.05,0.0,1.0,0.0,0.0,0.0,0.0,0.0,0.0,0.0,0.0,0.0,0.0,0.0,1.0,0.0,0.0,0.0,0.0,0.0,0.0,0.0,0.0,0.0,0.0,0.0,0.0,0.0,0.0,0.0,0.0,0.0,0.0,0.0,0.0,0.0,0.0,0.0,0.0,0.0,0.0,0.0,0.0,0.0,0.0,0.0,0.0,0.0,0.0,0.0,0.0,0.0,0.0,0.0,0.0
attack,"""gbeleeTTTTTIpgTlele",time,time,seqgan_master,seqgan_master__final__time__A__500__MASTER__raw_character__len20__gpre120__reward_off__seed88,866,20.0,8.0,2.6282129458410015,19.0,0.0,0.0,1.0,0.95,0.0,0.0,0.05,0.0,1.0,0.0,0.0,0.0,0.0,0.0,0.0,0.0,0.0,0.0,0.0,0.0,1.0,0.0,0.0,0.0,0.0,0.0,0.0,0.0,0.0,0.0,0.0,0.0,0.0,0.0,0.0,0.0,0.0,0.0,0.0,0.0,0.0,0.0,0.0,0.0,0.0,0.0,0.0,0.0,0.0,0.0,0.0,0.0,0.0,0.0,0.0,0.0,0.0,0.0,0.0,0.0,0.0
attack,"""gbeleeleTTTIIIIInel",time,time,seqgan_master,seqgan_master__final__time__A__500__MASTER__raw_character__len20__gpre120__reward_off__seed88,867,20.0,8.0,2.6854752972273346,19.0,0.0,0.0,1.0,0.95,0.0,0.0,0.05,0.0,1.0,0.0,0.0,0.0,0.0,0.0,0.0,0.0,0.0,0.0,0.0,0.0,1.0,0.0,0.0,0.0,0.0,0.0,0.0,0.0,0.0,0.0,0.0,0.0,0.0,0.0,0.0,0.0,0.0,0.0,0.0,0.0,0.0,0.0,0.0,0.0,0.0,0.0,0.0,0.0,0.0,0.0,0.0,0.0,0.0,0.0,0.0,0.0,0.0,0.0,0.0,0.0,0.0
attack,"""gbeeleleTTTIpgTlele",time,time,seqgan_master,seqgan_master__final__time__A__500__MASTER__raw_character__len20__gpre120__reward_off__seed88,868,20.0,8.0,2.6464393446710157,19.0,0.0,0.0,1.0,0.95,0.0,0.0,0.05,0.0,1.0,0.0,0.0,0.0,0.0,0.0,0.0,0.0,0.0,0.0,0.0,0.0,1.0,0.0,0.0,0.0,0.0,0.0,0.0,0.0,0.0,0.0,0.0,0.0,0.0,0.0,0.0,0.0,0.0,0.0,0.0,0.0,0.0,0.0,0.0,0.0,0.0,0.0,0.0,0.0,0.0,0.0,0.0,0.0,0.0,0.0,0.0,0.0,0.0,0.0,0.0,0.0,0.0
attack,"""gbeleeleTT0TTEbeleT",time,time,seqgan_master,seqgan_master__final__time__A__500__MASTER__raw_character__len20__gpre120__reward_off__seed88,869,20.0,8.0,2.6282129458410015,18.0,1.0,0.0,1.0,0.9,0.05,0.0,0.05,0.0,1.0,0.0,0.0,0.0,0.0,0.0,0.0,0.0,0.0,0.0,0.0,0.0,1.0,0.0,0.0,0.0,0.0,0.0,0.0,0.0,0.0,0.0,0.0,0.0,0.0,0.0,0.0,0.0,0.0,0.0,0.0,0.0,0.0,0.0,0.0,0.0,0.0,0.0,0.0,0.0,0.0,0.0,0.0,0.0,0.0,0.0,0.0,0.0,0.0,0.0,0.0,0.0,0.0
attack,"""gbeeleTTr55TTTbeTTT",time,time,seqgan_master,seqgan_master__final__time__A__500__MASTER__raw_character__len20__gpre120__reward_off__seed88,870,20.0,8.0,2.5219280948873624,17.0,2.0,0.0,1.0,0.85,0.1,0.0,0.05,0.0,1.0,0.0,0.0,0.0,0.0,0.0,0.0,0.0,0.0,0.0,0.0,0.0,1.0,0.0,0.0,0.0,0.0,0.0,0.0,0.0,0.0,0.0,0.0,0.0,0.0,0.0,0.0,0.0,0.0,0.0,0.0,0.0,0.0,0.0,0.0,0.0,0.0,0.0,0.0,0.0,0.0,0.0,0.0,0.0,0.0,0.0,0.0,0.0,0.0,0.0,0.0,0.0,0.0
attack,"""gbeeleeeTThTIMbeTTT",time,time,seqgan_master,seqgan_master__final__time__A__500__MASTER__raw_character__len20__gpre120__reward_off__seed88,871,20.0,9.0,2.670950594454669,19.0,0.0,0.0,1.0,0.95,0.0,0.0,0.05,0.0,1.0,0.0,0.0,0.0,0.0,0.0,0.0,0.0,0.0,0.0,0.0,0.0,1.0,0.0,0.0,0.0,0.0,0.0,0.0,0.0,0.0,0.0,0.0,0.0,0.0,0.0,0.0,0.0,0.0,0.0,0.0,0.0,0.0,0.0,0.0,0.0,0.0,0.0,0.0,0.0,0.0,0.0,0.0,0.0,0.0,0.0,0.0,0.0,0.0,0.0,0.0,0.0,0.0
attack,"""gbeleeeTITTIubbeele",time,time,seqgan_master,seqgan_master__final__time__A__500__MASTER__raw_character__len20__gpre120__reward_off__seed88,872,20.0,8.0,2.6638651219508542,19.0,0.0,0.0,1.0,0.95,0.0,0.0,0.05,0.0,1.0,0.0,0.0,0.0,0.0,0.0,0.0,0.0,0.0,0.0,0.0,0.0,1.0,0.0,0.0,0.0,0.0,0.0,0.0,0.0,0.0,0.0,0.0,0.0,0.0,0.0,0.0,0.0,0.0,0.0,0.0,0.0,0.0,0.0,0.0,0.0,0.0,0.0,0.0,0.0,0.0,0.0,0.0,0.0,0.0,0.0,0.0,0.0,0.0,0.0,0.0,0.0,0.0
attack,gtr beleleeTTIIMbele,time,time,seqgan_master,seqgan_master__final__time__A__500__MASTER__raw_character__len20__gpre120__reward_off__seed88,873,20.0,10.0,3.008694969562842,19.0,0.0,1.0,0.0,0.95,0.0,0.05,0.0,0.0,0.0,0.0,0.0,0.0,0.0,0.0,0.0,0.0,0.0,0.0,0.0,0.0,0.0,0.0,0.0,0.0,0.0,0.0,0.0,0.0,0.0,0.0,0.0,0.0,0.0,0.0,0.0,0.0,0.0,0.0,0.0,0.0,0.0,0.0,0.0,0.0,0.0,0.0,0.0,0.0,0.0,0.0,0.0,0.0,0.0,0.0,0.0,0.0,0.0,0.0,0.0,0.0,0.0
attack,"""gbeleleeleTbeTTTTTI",time,time,seqgan_master,seqgan_master__final__time__A__500__MASTER__raw_character__len20__gpre120__reward_off__seed88,874,20.0,7.0,2.4332062193464954,19.0,0.0,0.0,1.0,0.95,0.0,0.0,0.05,0.0,1.0,0.0,0.0,0.0,0.0,0.0,0.0,0.0,0.0,0.0,0.0,0.0,1.0,0.0,0.0,0.0,0.0,0.0,0.0,0.0,0.0,0.0,0.0,0.0,0.0,0.0,0.0,0.0,0.0,0.0,0.0,0.0,0.0,0.0,0.0,0.0,0.0,0.0,0.0,0.0,0.0,0.0,0.0,0.0,0.0,0.0,0.0,0.0,0.0,0.0,0.0,0.0,0.0
attack, )ribelele0gTbeTTTpg,time,time,seqgan_master,seqgan_master__final__time__A__500__MASTER__raw_character__len20__gpre120__reward_off__seed88,875,20.0,11.0,3.2219280948873625,17.0,1.0,1.0,1.0,0.85,0.05,0.05,0.05,0.0,0.0,0.0,0.0,0.0,0.0,0.0,1.0,0.0,0.0,0.0,0.0,0.0,0.0,0.0,0.0,0.0,0.0,1.0,0.0,0.0,0.0,0.0,0.0,0.0,0.0,0.0,0.0,0.0,0.0,0.0,0.0,0.0,0.0,0.0,0.0,0.0,0.0,0.0,0.0,0.0,0.0,0.0,0.0,0.0,0.0,0.0,0.0,0.0,0.0,0.0,0.0,0.0,0.0
attack,"""gbeleeleleTTTTTbeTb",time,time,seqgan_master,seqgan_master__final__time__A__500__MASTER__raw_character__len20__gpre120__reward_off__seed88,876,20.0,6.0,2.295461844238322,19.0,0.0,0.0,1.0,0.95,0.0,0.0,0.05,0.0,1.0,0.0,0.0,0.0,0.0,0.0,0.0,0.0,0.0,0.0,0.0,0.0,1.0,0.0,0.0,0.0,0.0,0.0,0.0,0.0,0.0,0.0,0.0,0.0,0.0,0.0,0.0,0.0,0.0,0.0,0.0,0.0,0.0,0.0,0.0,0.0,0.0,0.0,0.0,0.0,0.0,0.0,0.0,0.0,0.0,0.0,0.0,0.0,0.0,0.0,0.0,0.0,0.0
attack,"""gbeleeTTTIIITTTIIpg",time,time,seqgan_master,seqgan_master__final__time__A__500__MASTER__raw_character__len20__gpre120__reward_off__seed88,877,20.0,8.0,2.6282129458410015,19.0,0.0,0.0,1.0,0.95,0.0,0.0,0.05,0.0,1.0,0.0,0.0,0.0,0.0,0.0,0.0,0.0,0.0,0.0,0.0,0.0,1.0,0.0,0.0,0.0,0.0,0.0,0.0,0.0,0.0,0.0,0.0,0.0,0.0,0.0,0.0,0.0,0.0,0.0,0.0,0.0,0.0,0.0,0.0,0.0,0.0,0.0,0.0,0.0,0.0,0.0,0.0,0.0,0.0,0.0,0.0,0.0,0.0,0.0,0.0,0.0,0.0
attack,"""gbeleeleleTITTTIMeT",time,time,seqgan_master,seqgan_master__final__time__A__500__MASTER__raw_character__len20__gpre120__reward_off__seed88,878,20.0,8.0,2.6282129458410015,19.0,0.0,0.0,1.0,0.95,0.0,0.0,0.05,0.0,1.0,0.0,0.0,0.0,0.0,0.0,0.0,0.0,0.0,0.0,0.0,0.0,1.0,0.0,0.0,0.0,0.0,0.0,0.0,0.0,0.0,0.0,0.0,0.0,0.0,0.0,0.0,0.0,0.0,0.0,0.0,0.0,0.0,0.0,0.0,0.0,0.0,0.0,0.0,0.0,0.0,0.0,0.0,0.0,0.0,0.0,0.0,0.0,0.0,0.0,0.0,0.0,0.0
attack, beleTTbeleTbeTbeTTI,time,time,seqgan_master,seqgan_master__final__time__A__500__MASTER__raw_character__len20__gpre120__reward_off__seed88,879,20.0,6.0,2.2709505944546686,19.0,0.0,1.0,0.0,0.95,0.0,0.05,0.0,0.0,0.0,0.0,0.0,0.0,0.0,0.0,0.0,0.0,0.0,0.0,0.0,0.0,0.0,0.0,0.0,0.0,0.0,0.0,0.0,0.0,0.0,0.0,0.0,0.0,0.0,0.0,0.0,0.0,0.0,0.0,0.0,0.0,0.0,0.0,0.0,0.0,0.0,0.0,0.0,0.0,0.0,0.0,0.0,0.0,0.0,0.0,0.0,0.0,0.0,0.0,0.0,0.0,0.0
attack,"""gbeleleeleleTTIpgle",time,time,seqgan_master,seqgan_master__final__time__A__500__MASTER__raw_character__len20__gpre120__reward_off__seed88,880,20.0,8.0,2.5588718484453605,19.0,0.0,0.0,1.0,0.95,0.0,0.0,0.05,0.0,1.0,0.0,0.0,0.0,0.0,0.0,0.0,0.0,0.0,0.0,0.0,0.0,1.0,0.0,0.0,0.0,0.0,0.0,0.0,0.0,0.0,0.0,0.0,0.0,0.0,0.0,0.0,0.0,0.0,0.0,0.0,0.0,0.0,0.0,0.0,0.0,0.0,0.0,0.0,0.0,0.0,0.0,0.0,0.0,0.0,0.0,0.0,0.0,0.0,0.0,0.0,0.0,0.0
attack,"""gbeleeTIbeeTMeTTIIl",time,time,seqgan_master,seqgan_master__final__time__A__500__MASTER__raw_character__len20__gpre120__reward_off__seed88,881,20.0,8.0,2.708694969562842,19.0,0.0,0.0,1.0,0.95,0.0,0.0,0.05,0.0,1.0,0.0,0.0,0.0,0.0,0.0,0.0,0.0,0.0,0.0,0.0,0.0,1.0,0.0,0.0,0.0,0.0,0.0,0.0,0.0,0.0,0.0,0.0,0.0,0.0,0.0,0.0,0.0,0.0,0.0,0.0,0.0,0.0,0.0,0.0,0.0,0.0,0.0,0.0,0.0,0.0,0.0,0.0,0.0,0.0,0.0,0.0,0.0,0.0,0.0,0.0,0.0,0.0
attack,"""gbegbeleeleeTbeTleT",time,time,seqgan_master,seqgan_master__final__time__A__500__MASTER__raw_character__len20__gpre120__reward_off__seed88,882,20.0,6.0,2.308694969562842,19.0,0.0,0.0,1.0,0.95,0.0,0.0,0.05,0.0,1.0,0.0,0.0,0.0,0.0,0.0,0.0,0.0,0.0,0.0,0.0,0.0,1.0,0.0,0.0,0.0,0.0,0.0,0.0,0.0,0.0,0.0,0.0,0.0,0.0,0.0,0.0,0.0,0.0,0.0,0.0,0.0,0.0,0.0,0.0,0.0,0.0,0.0,0.0,0.0,0.0,0.0,0.0,0.0,0.0,0.0,0.0,0.0,0.0,0.0,0.0,0.0,0.0
attack,"""gbeleeTTITIIpgTle0T",time,time,seqgan_master,seqgan_master__final__time__A__500__MASTER__raw_character__len20__gpre120__reward_off__seed88,883,20.0,9.0,2.9037016960573485,18.0,1.0,0.0,1.0,0.9,0.05,0.0,0.05,0.0,1.0,0.0,0.0,0.0,0.0,0.0,0.0,0.0,0.0,0.0,0.0,0.0,1.0,0.0,0.0,0.0,0.0,0.0,0.0,0.0,0.0,0.0,0.0,0.0,0.0,0.0,0.0,0.0,0.0,0.0,0.0,0.0,0.0,0.0,0.0,0.0,0.0,0.0,0.0,0.0,0.0,0.0,0.0,0.0,0.0,0.0,0.0,0.0,0.0,0.0,0.0,0.0,0.0
attack,"""gbeeleele0TIIMbeele",time,time,seqgan_master,seqgan_master__final__time__A__500__MASTER__raw_character__len20__gpre120__reward_off__seed88,884,20.0,9.0,2.684183719779189,18.0,1.0,0.0,1.0,0.9,0.05,0.0,0.05,0.0,1.0,0.0,0.0,0.0,0.0,0.0,0.0,0.0,0.0,0.0,0.0,0.0,1.0,0.0,0.0,0.0,0.0,0.0,0.0,0.0,0.0,0.0,0.0,0.0,0.0,0.0,0.0,0.0,0.0,0.0,0.0,0.0,0.0,0.0,0.0,0.0,0.0,0.0,0.0,0.0,0.0,0.0,0.0,0.0,0.0,0.0,0.0,0.0,0.0,0.0,0.0,0.0,0.0
attack,"""gbeleeleTTpgTbleele",time,time,seqgan_master,seqgan_master__final__time__A__500__MASTER__raw_character__len20__gpre120__reward_off__seed88,885,20.0,7.0,2.5016094970590275,19.0,0.0,0.0,1.0,0.95,0.0,0.0,0.05,0.0,1.0,0.0,0.0,0.0,0.0,0.0,0.0,0.0,0.0,0.0,0.0,0.0,1.0,0.0,0.0,0.0,0.0,0.0,0.0,0.0,0.0,0.0,0.0,0.0,0.0,0.0,0.0,0.0,0.0,0.0,0.0,0.0,0.0,0.0,0.0,0.0,0.0,0.0,0.0,0.0,0.0,0.0,0.0,0.0,0.0,0.0,0.0,0.0,0.0,0.0,0.0,0.0,0.0
attack,"""gbgbeeleeleeTTIpgTb",time,time,seqgan_master,seqgan_master__final__time__A__500__MASTER__raw_character__len20__gpre120__reward_off__seed88,886,20.0,8.0,2.733206219346495,19.0,0.0,0.0,1.0,0.95,0.0,0.0,0.05,0.0,1.0,0.0,0.0,0.0,0.0,0.0,0.0,0.0,0.0,0.0,0.0,0.0,1.0,0.0,0.0,0.0,0.0,0.0,0.0,0.0,0.0,0.0,0.0,0.0,0.0,0.0,0.0,0.0,0.0,0.0,0.0,0.0,0.0,0.0,0.0,0.0,0.0,0.0,0.0,0.0,0.0,0.0,0.0,0.0,0.0,0.0,0.0,0.0,0.0,0.0,0.0,0.0,0.0
attack,"""gbeleleeTbeleTTIpgt",time,time,seqgan_master,seqgan_master__final__time__A__500__MASTER__raw_character__len20__gpre120__reward_off__seed88,887,20.0,9.0,2.8709505944546687,19.0,0.0,0.0,1.0,0.95,0.0,0.0,0.05,0.0,1.0,0.0,0.0,0.0,0.0,0.0,0.0,0.0,0.0,0.0,0.0,0.0,1.0,0.0,0.0,0.0,0.0,0.0,0.0,0.0,0.0,0.0,0.0,0.0,0.0,0.0,0.0,0.0,0.0,0.0,0.0,0.0,0.0,0.0,0.0,0.0,0.0,0.0,0.0,0.0,0.0,0.0,0.0,0.0,0.0,0.0,0.0,0.0,0.0,0.0,0.0,0.0,0.0
attack,"""gbeleleeleTTIIIpgTl",time,time,seqgan_master,seqgan_master__final__time__A__500__MASTER__raw_character__len20__gpre120__reward_off__seed88,888,20.0,8.0,2.765957320949175,19.0,0.0,0.0,1.0,0.95,0.0,0.0,0.05,0.0,1.0,0.0,0.0,0.0,0.0,0.0,0.0,0.0,0.0,0.0,0.0,0.0,1.0,0.0,0.0,0.0,0.0,0.0,0.0,0.0,0.0,0.0,0.0,0.0,0.0,0.0,0.0,0.0,0.0,0.0,0.0,0.0,0.0,0.0,0.0,0.0,0.0,0.0,0.0,0.0,0.0,0.0,0.0,0.0,0.0,0.0,0.0,0.0,0.0,0.0,0.0,0.0,0.0
attack,"""gbeeeleTTTTTTmbelel",time,time,seqgan_master,seqgan_master__final__time__A__500__MASTER__raw_character__len20__gpre120__reward_off__seed88,889,20.0,7.0,2.4332062193464954,19.0,0.0,0.0,1.0,0.95,0.0,0.0,0.05,0.0,1.0,0.0,0.0,0.0,0.0,0.0,0.0,0.0,0.0,0.0,0.0,0.0,1.0,0.0,0.0,0.0,0.0,0.0,0.0,0.0,0.0,0.0,0.0,0.0,0.0,0.0,0.0,0.0,0.0,0.0,0.0,0.0,0.0,0.0,0.0,0.0,0.0,0.0,0.0,0.0,0.0,0.0,0.0,0.0,0.0,0.0,0.0,0.0,0.0,0.0,0.0,0.0,0.0
attack,"""gbrbeleeleTbeleTTTI",time,time,seqgan_master,seqgan_master__final__time__A__500__MASTER__raw_character__len20__gpre120__reward_off__seed88,890,20.0,8.0,2.6709505944546685,19.0,0.0,0.0,1.0,0.95,0.0,0.0,0.05,0.0,1.0,0.0,0.0,0.0,0.0,0.0,0.0,0.0,0.0,0.0,0.0,0.0,1.0,0.0,0.0,0.0,0.0,0.0,0.0,0.0,0.0,0.0,0.0,0.0,0.0,0.0,0.0,0.0,0.0,0.0,0.0,0.0,0.0,0.0,0.0,0.0,0.0,0.0,0.0,0.0,0.0,0.0,0.0,0.0,0.0,0.0,0.0,0.0,0.0,0.0,0.0,0.0,0.0
attack,"""gbebeleeleeTMbebeTI",time,time,seqgan_master,seqgan_master__final__time__A__500__MASTER__raw_character__len20__gpre120__reward_off__seed88,891,20.0,8.0,2.5219280948873624,19.0,0.0,0.0,1.0,0.95,0.0,0.0,0.05,0.0,1.0,0.0,0.0,0.0,0.0,0.0,0.0,0.0,0.0,0.0,0.0,0.0,1.0,0.0,0.0,0.0,0.0,0.0,0.0,0.0,0.0,0.0,0.0,0.0,0.0,0.0,0.0,0.0,0.0,0.0,0.0,0.0,0.0,0.0,0.0,0.0,0.0,0.0,0.0,0.0,0.0,0.0,0.0,0.0,0.0,0.0,0.0,0.0,0.0,0.0,0.0,0.0,0.0
attack,"""bebeleeTTIIIITTTTIM",time,time,seqgan_master,seqgan_master__final__time__A__500__MASTER__raw_character__len20__gpre120__reward_off__seed88,892,20.0,7.0,2.465957320949175,19.0,0.0,0.0,1.0,0.95,0.0,0.0,0.05,0.0,1.0,0.0,0.0,0.0,0.0,0.0,0.0,0.0,0.0,0.0,0.0,0.0,1.0,0.0,0.0,0.0,0.0,0.0,0.0,0.0,0.0,0.0,0.0,0.0,0.0,0.0,0.0,0.0,0.0,0.0,0.0,0.0,0.0,0.0,0.0,0.0,0.0,0.0,0.0,0.0,0.0,0.0,0.0,0.0,0.0,0.0,0.0,0.0,0.0,0.0,0.0,0.0,0.0
attack,"""gbeleelelelelelelel",time,time,seqgan_master,seqgan_master__final__time__A__500__MASTER__raw_character__len20__gpre120__reward_off__seed88,893,20.0,5.0,1.6954618442383218,19.0,0.0,0.0,1.0,0.95,0.0,0.0,0.05,0.0,1.0,0.0,0.0,0.0,0.0,0.0,0.0,0.0,0.0,0.0,0.0,0.0,1.0,0.0,0.0,0.0,0.0,0.0,0.0,0.0,0.0,0.0,0.0,0.0,0.0,0.0,0.0,0.0,0.0,0.0,0.0,0.0,0.0,0.0,0.0,0.0,0.0,0.0,0.0,0.0,0.0,0.0,0.0,0.0,0.0,0.0,0.0,0.0,0.0,0.0,0.0,0.0,0.0
attack,"""gbeleeTbeeleTIMbe0T",time,time,seqgan_master,seqgan_master__final__time__A__500__MASTER__raw_character__len20__gpre120__reward_off__seed88,894,20.0,9.0,2.763865121950854,18.0,1.0,0.0,1.0,0.9,0.05,0.0,0.05,0.0,1.0,0.0,0.0,0.0,0.0,0.0,0.0,0.0,0.0,0.0,0.0,0.0,1.0,0.0,0.0,0.0,0.0,0.0,0.0,0.0,0.0,0.0,0.0,0.0,0.0,0.0,0.0,0.0,0.0,0.0,0.0,0.0,0.0,0.0,0.0,0.0,0.0,0.0,0.0,0.0,0.0,0.0,0.0,0.0,0.0,0.0,0.0,0.0,0.0,0.0,0.0,0.0,0.0
attack,"""gbeleeleleeTIIpgTTI",time,time,seqgan_master,seqgan_master__final__time__A__500__MASTER__raw_character__len20__gpre120__reward_off__seed88,895,20.0,8.0,2.733206219346495,19.0,0.0,0.0,1.0,0.95,0.0,0.0,0.05,0.0,1.0,0.0,0.0,0.0,0.0,0.0,0.0,0.0,0.0,0.0,0.0,0.0,1.0,0.0,0.0,0.0,0.0,0.0,0.0,0.0,0.0,0.0,0.0,0.0,0.0,0.0,0.0,0.0,0.0,0.0,0.0,0.0,0.0,0.0,0.0,0.0,0.0,0.0,0.0,0.0,0.0,0.0,0.0,0.0,0.0,0.0,0.0,0.0,0.0,0.0,0.0,0.0,0.0
attack,"""gbeeleeTTIpgTTT(pgT",time,time,seqgan_master,seqgan_master__final__time__A__500__MASTER__raw_character__len20__gpre120__reward_off__seed88,896,20.0,9.0,2.808694969562842,18.0,0.0,0.0,2.0,0.9,0.0,0.0,0.1,0.0,1.0,0.0,0.0,0.0,0.0,0.0,1.0,0.0,0.0,0.0,0.0,0.0,1.0,0.0,0.0,0.0,0.0,1.0,0.0,0.0,0.0,0.0,0.0,0.0,0.0,0.0,0.0,0.0,0.0,0.0,0.0,0.0,0.0,0.0,0.0,0.0,0.0,0.0,0.0,0.0,0.0,0.0,0.0,0.0,0.0,0.0,0.0,0.0,0.0,0.0,0.0,0.0,0.0
attack,"""gbeleleleeleeTTTIIT",time,time,seqgan_master,seqgan_master__final__time__A__500__MASTER__raw_character__len20__gpre120__reward_off__seed88,897,20.0,7.0,2.439353872167201,19.0,0.0,0.0,1.0,0.95,0.0,0.0,0.05,0.0,1.0,0.0,0.0,0.0,0.0,0.0,0.0,0.0,0.0,0.0,0.0,0.0,1.0,0.0,0.0,0.0,0.0,0.0,0.0,0.0,0.0,0.0,0.0,0.0,0.0,0.0,0.0,0.0,0.0,0.0,0.0,0.0,0.0,0.0,0.0,0.0,0.0,0.0,0.0,0.0,0.0,0.0,0.0,0.0,0.0,0.0,0.0,0.0,0.0,0.0,0.0,0.0,0.0
attack,"""gbelebeleeeleleTTIp",time,time,seqgan_master,seqgan_master__final__time__A__500__MASTER__raw_character__len20__gpre120__reward_off__seed88,898,20.0,8.0,2.5219280948873624,19.0,0.0,0.0,1.0,0.95,0.0,0.0,0.05,0.0,1.0,0.0,0.0,0.0,0.0,0.0,0.0,0.0,0.0,0.0,0.0,0.0,1.0,0.0,0.0,0.0,0.0,0.0,0.0,0.0,0.0,0.0,0.0,0.0,0.0,0.0,0.0,0.0,0.0,0.0,0.0,0.0,0.0,0.0,0.0,0.0,0.0,0.0,0.0,0.0,0.0,0.0,0.0,0.0,0.0,0.0,0.0,0.0,0.0,0.0,0.0,0.0,0.0
attack,"""gbneelebeleleTTITTI",time,time,seqgan_master,seqgan_master__final__time__A__500__MASTER__raw_character__len20__gpre120__reward_off__seed88,899,20.0,8.0,2.708694969562842,19.0,0.0,0.0,1.0,0.95,0.0,0.0,0.05,0.0,1.0,0.0,0.0,0.0,0.0,0.0,0.0,0.0,0.0,0.0,0.0,0.0,1.0,0.0,0.0,0.0,0.0,0.0,0.0,0.0,0.0,0.0,0.0,0.0,0.0,0.0,0.0,0.0,0.0,0.0,0.0,0.0,0.0,0.0,0.0,0.0,0.0,0.0,0.0,0.0,0.0,0.0,0.0,0.0,0.0,0.0,0.0,0.0,0.0,0.0,0.0,0.0,0.0
attack,"""gbeleeleleTTIIpgtri",time,time,seqgan_master,seqgan_master__final__time__A__500__MASTER__raw_character__len20__gpre120__reward_off__seed88,900,20.0,11.0,3.2037016960573483,19.0,0.0,0.0,1.0,0.95,0.0,0.0,0.05,0.0,1.0,0.0,0.0,0.0,0.0,0.0,0.0,0.0,0.0,0.0,0.0,0.0,1.0,0.0,0.0,0.0,0.0,0.0,0.0,0.0,0.0,0.0,0.0,0.0,0.0,0.0,0.0,0.0,0.0,0.0,0.0,0.0,0.0,0.0,0.0,0.0,0.0,0.0,0.0,0.0,0.0,0.0,0.0,0.0,0.0,0.0,0.0,0.0,0.0,0.0,0.0,0.0,0.0
attack,"""gbeeleebeTTTTIpglel",time,time,seqgan_master,seqgan_master__final__time__A__500__MASTER__raw_character__len20__gpre120__reward_off__seed88,901,20.0,8.0,2.708694969562842,19.0,0.0,0.0,1.0,0.95,0.0,0.0,0.05,0.0,1.0,0.0,0.0,0.0,0.0,0.0,0.0,0.0,0.0,0.0,0.0,0.0,1.0,0.0,0.0,0.0,0.0,0.0,0.0,0.0,0.0,0.0,0.0,0.0,0.0,0.0,0.0,0.0,0.0,0.0,0.0,0.0,0.0,0.0,0.0,0.0,0.0,0.0,0.0,0.0,0.0,0.0,0.0,0.0,0.0,0.0,0.0,0.0,0.0,0.0,0.0,0.0,0.0
attack,"""gbeeleleTbeTTIpgTbe",time,time,seqgan_master,seqgan_master__final__time__A__500__MASTER__raw_character__len20__gpre120__reward_off__seed88,902,20.0,8.0,2.708694969562842,19.0,0.0,0.0,1.0,0.95,0.0,0.0,0.05,0.0,1.0,0.0,0.0,0.0,0.0,0.0,0.0,0.0,0.0,0.0,0.0,0.0,1.0,0.0,0.0,0.0,0.0,0.0,0.0,0.0,0.0,0.0,0.0,0.0,0.0,0.0,0.0,0.0,0.0,0.0,0.0,0.0,0.0,0.0,0.0,0.0,0.0,0.0,0.0,0.0,0.0,0.0,0.0,0.0,0.0,0.0,0.0,0.0,0.0,0.0,0.0,0.0,0.0
attack,"""gngnleeeeelelebeTTI",time,time,seqgan_master,seqgan_master__final__time__A__500__MASTER__raw_character__len20__gpre120__reward_off__seed88,903,20.0,8.0,2.584183719779189,19.0,0.0,0.0,1.0,0.95,0.0,0.0,0.05,0.0,1.0,0.0,0.0,0.0,0.0,0.0,0.0,0.0,0.0,0.0,0.0,0.0,1.0,0.0,0.0,0.0,0.0,0.0,0.0,0.0,0.0,0.0,0.0,0.0,0.0,0.0,0.0,0.0,0.0,0.0,0.0,0.0,0.0,0.0,0.0,0.0,0.0,0.0,0.0,0.0,0.0,0.0,0.0,0.0,0.0,0.0,0.0,0.0,0.0,0.0,0.0,0.0,0.0
attack,"""gbeleeeTTpgTbeleTTT",time,time,seqgan_master,seqgan_master__final__time__A__500__MASTER__raw_character__len20__gpre120__reward_off__seed88,904,20.0,7.0,2.470950594454669,19.0,0.0,0.0,1.0,0.95,0.0,0.0,0.05,0.0,1.0,0.0,0.0,0.0,0.0,0.0,0.0,0.0,0.0,0.0,0.0,0.0,1.0,0.0,0.0,0.0,0.0,0.0,0.0,0.0,0.0,0.0,0.0,0.0,0.0,0.0,0.0,0.0,0.0,0.0,0.0,0.0,0.0,0.0,0.0,0.0,0.0,0.0,0.0,0.0,0.0,0.0,0.0,0.0,0.0,0.0,0.0,0.0,0.0,0.0,0.0,0.0,0.0
attack,"""gbeleeeTIsMbelebele",time,time,seqgan_master,seqgan_master__final__time__A__500__MASTER__raw_character__len20__gpre120__reward_off__seed88,905,20.0,9.0,2.6464393446710153,19.0,0.0,0.0,1.0,0.95,0.0,0.0,0.05,0.0,1.0,0.0,0.0,0.0,0.0,0.0,0.0,0.0,0.0,0.0,0.0,0.0,1.0,0.0,0.0,0.0,0.0,0.0,0.0,0.0,0.0,0.0,0.0,0.0,0.0,0.0,0.0,0.0,0.0,0.0,0.0,0.0,0.0,0.0,0.0,0.0,0.0,0.0,0.0,0.0,0.0,0.0,0.0,0.0,0.0,0.0,0.0,0.0,0.0,0.0,0.0,0.0,0.0
attack,"""gbeleeTITbeleleTbeT",time,time,seqgan_master,seqgan_master__final__time__A__500__MASTER__raw_character__len20__gpre120__reward_off__seed88,906,20.0,7.0,2.463865121950854,19.0,0.0,0.0,1.0,0.95,0.0,0.0,0.05,0.0,1.0,0.0,0.0,0.0,0.0,0.0,0.0,0.0,0.0,0.0,0.0,0.0,1.0,0.0,0.0,0.0,0.0,0.0,0.0,0.0,0.0,0.0,0.0,0.0,0.0,0.0,0.0,0.0,0.0,0.0,0.0,0.0,0.0,0.0,0.0,0.0,0.0,0.0,0.0,0.0,0.0,0.0,0.0,0.0,0.0,0.0,0.0,0.0,0.0,0.0,0.0,0.0,0.0
attack,"""gbeleeTTTTTIITTpgTb",time,time,seqgan_master,seqgan_master__final__time__A__500__MASTER__raw_character__len20__gpre120__reward_off__seed88,907,20.0,8.0,2.584183719779189,19.0,0.0,0.0,1.0,0.95,0.0,0.0,0.05,0.0,1.0,0.0,0.0,0.0,0.0,0.0,0.0,0.0,0.0,0.0,0.0,0.0,1.0,0.0,0.0,0.0,0.0,0.0,0.0,0.0,0.0,0.0,0.0,0.0,0.0,0.0,0.0,0.0,0.0,0.0,0.0,0.0,0.0,0.0,0.0,0.0,0.0,0.0,0.0,0.0,0.0,0.0,0.0,0.0,0.0,0.0,0.0,0.0,0.0,0.0,0.0,0.0,0.0
attack,"""gbrbeeleeTIpgIteleT",time,time,seqgan_master,seqgan_master__final__time__A__500__MASTER__raw_character__len20__gpre120__reward_off__seed88,908,20.0,10.0,3.0464393446710156,19.0,0.0,0.0,1.0,0.95,0.0,0.0,0.05,0.0,1.0,0.0,0.0,0.0,0.0,0.0,0.0,0.0,0.0,0.0,0.0,0.0,1.0,0.0,0.0,0.0,0.0,0.0,0.0,0.0,0.0,0.0,0.0,0.0,0.0,0.0,0.0,0.0,0.0,0.0,0.0,0.0,0.0,0.0,0.0,0.0,0.0,0.0,0.0,0.0,0.0,0.0,0.0,0.0,0.0,0.0,0.0,0.0,0.0,0.0,0.0,0.0,0.0
attack,"""gbeleeleleeTbeTIlel",time,time,seqgan_master,seqgan_master__final__time__A__500__MASTER__raw_character__len20__gpre120__reward_off__seed88,909,20.0,7.0,2.341446071165522,19.0,0.0,0.0,1.0,0.95,0.0,0.0,0.05,0.0,1.0,0.0,0.0,0.0,0.0,0.0,0.0,0.0,0.0,0.0,0.0,0.0,1.0,0.0,0.0,0.0,0.0,0.0,0.0,0.0,0.0,0.0,0.0,0.0,0.0,0.0,0.0,0.0,0.0,0.0,0.0,0.0,0.0,0.0,0.0,0.0,0.0,0.0,0.0,0.0,0.0,0.0,0.0,0.0,0.0,0.0,0.0,0.0,0.0,0.0,0.0,0.0,0.0
attack,"""gbeleleeTIIMbeleeTT",time,time,seqgan_master,seqgan_master__final__time__A__500__MASTER__raw_character__len20__gpre120__reward_off__seed88,910,20.0,8.0,2.6638651219508542,19.0,0.0,0.0,1.0,0.95,0.0,0.0,0.05,0.0,1.0,0.0,0.0,0.0,0.0,0.0,0.0,0.0,0.0,0.0,0.0,0.0,1.0,0.0,0.0,0.0,0.0,0.0,0.0,0.0,0.0,0.0,0.0,0.0,0.0,0.0,0.0,0.0,0.0,0.0,0.0,0.0,0.0,0.0,0.0,0.0,0.0,0.0,0.0,0.0,0.0,0.0,0.0,0.0,0.0,0.0,0.0,0.0,0.0,0.0,0.0,0.0,0.0
attack,"""gbeeleTTTTTTIIeleTI",time,time,seqgan_master,seqgan_master__final__time__A__500__MASTER__raw_character__len20__gpre120__reward_off__seed88,911,20.0,7.0,2.421127473337187,19.0,0.0,0.0,1.0,0.95,0.0,0.0,0.05,0.0,1.0,0.0,0.0,0.0,0.0,0.0,0.0,0.0,0.0,0.0,0.0,0.0,1.0,0.0,0.0,0.0,0.0,0.0,0.0,0.0,0.0,0.0,0.0,0.0,0.0,0.0,0.0,0.0,0.0,0.0,0.0,0.0,0.0,0.0,0.0,0.0,0.0,0.0,0.0,0.0,0.0,0.0,0.0,0.0,0.0,0.0,0.0,0.0,0.0,0.0,0.0,0.0,0.0
attack,"""gbeeleleleleeTbeTTT",time,time,seqgan_master,seqgan_master__final__time__A__500__MASTER__raw_character__len20__gpre120__reward_off__seed88,912,20.0,6.0,2.221928094887362,19.0,0.0,0.0,1.0,0.95,0.0,0.0,0.05,0.0,1.0,0.0,0.0,0.0,0.0,0.0,0.0,0.0,0.0,0.0,0.0,0.0,1.0,0.0,0.0,0.0,0.0,0.0,0.0,0.0,0.0,0.0,0.0,0.0,0.0,0.0,0.0,0.0,0.0,0.0,0.0,0.0,0.0,0.0,0.0,0.0,0.0,0.0,0.0,0.0,0.0,0.0,0.0,0.0,0.0,0.0,0.0,0.0,0.0,0.0,0.0,0.0,0.0
attack,"""gbeleelebeeTbeTTTTI",time,time,seqgan_master,seqgan_master__final__time__A__500__MASTER__raw_character__len20__gpre120__reward_off__seed88,913,20.0,7.0,2.421127473337187,19.0,0.0,0.0,1.0,0.95,0.0,0.0,0.05,0.0,1.0,0.0,0.0,0.0,0.0,0.0,0.0,0.0,0.0,0.0,0.0,0.0,1.0,0.0,0.0,0.0,0.0,0.0,0.0,0.0,0.0,0.0,0.0,0.0,0.0,0.0,0.0,0.0,0.0,0.0,0.0,0.0,0.0,0.0,0.0,0.0,0.0,0.0,0.0,0.0,0.0,0.0,0.0,0.0,0.0,0.0,0.0,0.0,0.0,0.0,0.0,0.0,0.0
attack,"""gbeleeTbelelelelele",time,time,seqgan_master,seqgan_master__final__time__A__500__MASTER__raw_character__len20__gpre120__reward_off__seed88,914,20.0,6.0,2.0199730940219753,19.0,0.0,0.0,1.0,0.95,0.0,0.0,0.05,0.0,1.0,0.0,0.0,0.0,0.0,0.0,0.0,0.0,0.0,0.0,0.0,0.0,1.0,0.0,0.0,0.0,0.0,0.0,0.0,0.0,0.0,0.0,0.0,0.0,0.0,0.0,0.0,0.0,0.0,0.0,0.0,0.0,0.0,0.0,0.0,0.0,0.0,0.0,0.0,0.0,0.0,0.0,0.0,0.0,0.0,0.0,0.0,0.0,0.0,0.0,0.0,0.0,0.0
attack,"""gbeleeleleleleTbele",time,time,seqgan_master,seqgan_master__final__time__A__500__MASTER__raw_character__len20__gpre120__reward_off__seed88,915,20.0,6.0,2.0199730940219753,19.0,0.0,0.0,1.0,0.95,0.0,0.0,0.05,0.0,1.0,0.0,0.0,0.0,0.0,0.0,0.0,0.0,0.0,0.0,0.0,0.0,1.0,0.0,0.0,0.0,0.0,0.0,0.0,0.0,0.0,0.0,0.0,0.0,0.0,0.0,0.0,0.0,0.0,0.0,0.0,0.0,0.0,0.0,0.0,0.0,0.0,0.0,0.0,0.0,0.0,0.0,0.0,0.0,0.0,0.0,0.0,0.0,0.0,0.0,0.0,0.0,0.0
attack,",wa ibeleeTTMbelelel",time,time,seqgan_master,seqgan_master__final__time__A__500__MASTER__raw_character__len20__gpre120__reward_off__seed88,916,20.0,10.0,2.9464393446710155,18.0,0.0,1.0,1.0,0.9,0.0,0.05,0.05,0.0,0.0,0.0,0.0,0.0,0.0,0.0,0.0,0.0,0.0,1.0,0.0,0.0,0.0,0.0,0.0,0.0,0.0,0.0,0.0,0.0,0.0,0.0,0.0,0.0,0.0,0.0,0.0,0.0,0.0,0.0,0.0,0.0,0.0,0.0,0.0,0.0,0.0,0.0,0.0,0.0,0.0,0.0,0.0,0.0,0.0,0.0,0.0,0.0,0.0,0.0,0.0,0.0,0.0
attack,"""gbeleelelebeleeleTI",time,time,seqgan_master,seqgan_master__final__time__A__500__MASTER__raw_character__len20__gpre120__reward_off__seed88,917,20.0,7.0,2.2149798205164815,19.0,0.0,0.0,1.0,0.95,0.0,0.0,0.05,0.0,1.0,0.0,0.0,0.0,0.0,0.0,0.0,0.0,0.0,0.0,0.0,0.0,1.0,0.0,0.0,0.0,0.0,0.0,0.0,0.0,0.0,0.0,0.0,0.0,0.0,0.0,0.0,0.0,0.0,0.0,0.0,0.0,0.0,0.0,0.0,0.0,0.0,0.0,0.0,0.0,0.0,0.0,0.0,0.0,0.0,0.0,0.0,0.0,0.0,0.0,0.0,0.0,0.0
attack,"""gbelelegbeleleeTTTT",time,time,seqgan_master,seqgan_master__final__time__A__500__MASTER__raw_character__len20__gpre120__reward_off__seed88,918,20.0,6.0,2.3393538721672007,19.0,0.0,0.0,1.0,0.95,0.0,0.0,0.05,0.0,1.0,0.0,0.0,0.0,0.0,0.0,0.0,0.0,0.0,0.0,0.0,0.0,1.0,0.0,0.0,0.0,0.0,0.0,0.0,0.0,0.0,0.0,0.0,0.0,0.0,0.0,0.0,0.0,0.0,0.0,0.0,0.0,0.0,0.0,0.0,0.0,0.0,0.0,0.0,0.0,0.0,0.0,0.0,0.0,0.0,0.0,0.0,0.0,0.0,0.0,0.0,0.0,0.0
attack,"""gbeleeleTbeleTTTTIM",time,time,seqgan_master,seqgan_master__final__time__A__500__MASTER__raw_character__len20__gpre120__reward_off__seed88,919,20.0,8.0,2.6282129458410015,19.0,0.0,0.0,1.0,0.95,0.0,0.0,0.05,0.0,1.0,0.0,0.0,0.0,0.0,0.0,0.0,0.0,0.0,0.0,0.0,0.0,1.0,0.0,0.0,0.0,0.0,0.0,0.0,0.0,0.0,0.0,0.0,0.0,0.0,0.0,0.0,0.0,0.0,0.0,0.0,0.0,0.0,0.0,0.0,0.0,0.0,0.0,0.0,0.0,0.0,0.0,0.0,0.0,0.0,0.0,0.0,0.0,0.0,0.0,0.0,0.0,0.0
attack,"""gbeleeTbeTTTMbelele",time,time,seqgan_master,seqgan_master__final__time__A__500__MASTER__raw_character__len20__gpre120__reward_off__seed88,920,20.0,7.0,2.463865121950854,19.0,0.0,0.0,1.0,0.95,0.0,0.0,0.05,0.0,1.0,0.0,0.0,0.0,0.0,0.0,0.0,0.0,0.0,0.0,0.0,0.0,1.0,0.0,0.0,0.0,0.0,0.0,0.0,0.0,0.0,0.0,0.0,0.0,0.0,0.0,0.0,0.0,0.0,0.0,0.0,0.0,0.0,0.0,0.0,0.0,0.0,0.0,0.0,0.0,0.0,0.0,0.0,0.0,0.0,0.0,0.0,0.0,0.0,0.0,0.0,0.0,0.0
attack,"""gbetribeleeleTpgTTT",time,time,seqgan_master,seqgan_master__final__time__A__500__MASTER__raw_character__len20__gpre120__reward_off__seed88,921,20.0,10.0,3.041446071165522,19.0,0.0,0.0,1.0,0.95,0.0,0.0,0.05,0.0,1.0,0.0,0.0,0.0,0.0,0.0,0.0,0.0,0.0,0.0,0.0,0.0,1.0,0.0,0.0,0.0,0.0,0.0,0.0,0.0,0.0,0.0,0.0,0.0,0.0,0.0,0.0,0.0,0.0,0.0,0.0,0.0,0.0,0.0,0.0,0.0,0.0,0.0,0.0,0.0,0.0,0.0,0.0,0.0,0.0,0.0,0.0,0.0,0.0,0.0,0.0,0.0,0.0
attack,"""gbeleeceTlelelelele",time,time,seqgan_master,seqgan_master__final__time__A__500__MASTER__raw_character__len20__gpre120__reward_off__seed88,922,20.0,7.0,2.119973094021975,19.0,0.0,0.0,1.0,0.95,0.0,0.0,0.05,0.0,1.0,0.0,0.0,0.0,0.0,0.0,0.0,0.0,0.0,0.0,0.0,0.0,1.0,0.0,0.0,0.0,0.0,0.0,0.0,0.0,0.0,0.0,0.0,0.0,0.0,0.0,0.0,0.0,0.0,0.0,0.0,0.0,0.0,0.0,0.0,0.0,0.0,0.0,0.0,0.0,0.0,0.0,0.0,0.0,0.0,0.0,0.0,0.0,0.0,0.0,0.0,0.0,0.0
attack,"""gbeleleeTeTTIleeTIp",time,time,seqgan_master,seqgan_master__final__time__A__500__MASTER__raw_character__len20__gpre120__reward_off__seed88,923,20.0,8.0,2.6016094970590276,19.0,0.0,0.0,1.0,0.95,0.0,0.0,0.05,0.0,1.0,0.0,0.0,0.0,0.0,0.0,0.0,0.0,0.0,0.0,0.0,0.0,1.0,0.0,0.0,0.0,0.0,0.0,0.0,0.0,0.0,0.0,0.0,0.0,0.0,0.0,0.0,0.0,0.0,0.0,0.0,0.0,0.0,0.0,0.0,0.0,0.0,0.0,0.0,0.0,0.0,0.0,0.0,0.0,0.0,0.0,0.0,0.0,0.0,0.0,0.0,0.0,0.0
attack,"""gbeeeTIpgTTInlele0t",time,time,seqgan_master,seqgan_master__final__time__A__500__MASTER__raw_character__len20__gpre120__reward_off__seed88,924,20.0,11.0,3.2037016960573483,18.0,1.0,0.0,1.0,0.9,0.05,0.0,0.05,0.0,1.0,0.0,0.0,0.0,0.0,0.0,0.0,0.0,0.0,0.0,0.0,0.0,1.0,0.0,0.0,0.0,0.0,0.0,0.0,0.0,0.0,0.0,0.0,0.0,0.0,0.0,0.0,0.0,0.0,0.0,0.0,0.0,0.0,0.0,0.0,0.0,0.0,0.0,0.0,0.0,0.0,0.0,0.0,0.0,0.0,0.0,0.0,0.0,0.0,0.0,0.0,0.0,0.0
attack,"""gbeleleeleeTbeTTTTT",time,time,seqgan_master,seqgan_master__final__time__A__500__MASTER__raw_character__len20__gpre120__reward_off__seed88,925,20.0,6.0,2.2261207468426805,19.0,0.0,0.0,1.0,0.95,0.0,0.0,0.05,0.0,1.0,0.0,0.0,0.0,0.0,0.0,0.0,0.0,0.0,0.0,0.0,0.0,1.0,0.0,0.0,0.0,0.0,0.0,0.0,0.0,0.0,0.0,0.0,0.0,0.0,0.0,0.0,0.0,0.0,0.0,0.0,0.0,0.0,0.0,0.0,0.0,0.0,0.0,0.0,0.0,0.0,0.0,0.0,0.0,0.0,0.0,0.0,0.0,0.0,0.0,0.0,0.0,0.0
attack,"""gbe(leleeTIpgTIbele",time,time,seqgan_master,seqgan_master__final__time__A__500__MASTER__raw_character__len20__gpre120__reward_off__seed88,926,20.0,9.0,2.908694969562842,18.0,0.0,0.0,2.0,0.9,0.0,0.0,0.1,0.0,1.0,0.0,0.0,0.0,0.0,0.0,1.0,0.0,0.0,0.0,0.0,0.0,1.0,0.0,0.0,0.0,0.0,1.0,0.0,0.0,0.0,0.0,0.0,0.0,0.0,0.0,0.0,0.0,0.0,0.0,0.0,0.0,0.0,0.0,0.0,0.0,0.0,0.0,0.0,0.0,0.0,0.0,0.0,0.0,0.0,0.0,0.0,0.0,0.0,0.0,0.0,0.0,0.0
attack,"""gbeleeelembeTeTIel0",time,time,seqgan_master,seqgan_master__final__time__A__500__MASTER__raw_character__len20__gpre120__reward_off__seed88,927,20.0,9.0,2.684183719779189,18.0,1.0,0.0,1.0,0.9,0.05,0.0,0.05,0.0,1.0,0.0,0.0,0.0,0.0,0.0,0.0,0.0,0.0,0.0,0.0,0.0,1.0,0.0,0.0,0.0,0.0,0.0,0.0,0.0,0.0,0.0,0.0,0.0,0.0,0.0,0.0,0.0,0.0,0.0,0.0,0.0,0.0,0.0,0.0,0.0,0.0,0.0,0.0,0.0,0.0,0.0,0.0,0.0,0.0,0.0,0.0,0.0,0.0,0.0,0.0,0.0,0.0
attack,"""gbegbeleelegbelelee",time,time,seqgan_master,seqgan_master__final__time__A__500__MASTER__raw_character__len20__gpre120__reward_off__seed88,928,20.0,5.0,2.019973094021975,19.0,0.0,0.0,1.0,0.95,0.0,0.0,0.05,0.0,1.0,0.0,0.0,0.0,0.0,0.0,0.0,0.0,0.0,0.0,0.0,0.0,1.0,0.0,0.0,0.0,0.0,0.0,0.0,0.0,0.0,0.0,0.0,0.0,0.0,0.0,0.0,0.0,0.0,0.0,0.0,0.0,0.0,0.0,0.0,0.0,0.0,0.0,0.0,0.0,0.0,0.0,0.0,0.0,0.0,0.0,0.0,0.0,0.0,0.0,0.0,0.0,0.0
attack,"""gbeleeTleTTTIMbeleT",time,time,seqgan_master,seqgan_master__final__time__A__500__MASTER__raw_character__len20__gpre120__reward_off__seed88,929,20.0,8.0,2.6282129458410015,19.0,0.0,0.0,1.0,0.95,0.0,0.0,0.05,0.0,1.0,0.0,0.0,0.0,0.0,0.0,0.0,0.0,0.0,0.0,0.0,0.0,1.0,0.0,0.0,0.0,0.0,0.0,0.0,0.0,0.0,0.0,0.0,0.0,0.0,0.0,0.0,0.0,0.0,0.0,0.0,0.0,0.0,0.0,0.0,0.0,0.0,0.0,0.0,0.0,0.0,0.0,0.0,0.0,0.0,0.0,0.0,0.0,0.0,0.0,0.0,0.0,0.0
attack,gbeele0TTTTITITTTIIT,time,time,seqgan_master,seqgan_master__final__time__A__500__MASTER__raw_character__len20__gpre120__reward_off__seed88,930,20.0,7.0,2.2577174691301485,19.0,1.0,0.0,0.0,0.95,0.05,0.0,0.0,0.0,0.0,0.0,0.0,0.0,0.0,0.0,0.0,0.0,0.0,0.0,0.0,0.0,0.0,0.0,0.0,0.0,0.0,0.0,0.0,0.0,0.0,0.0,0.0,0.0,0.0,0.0,0.0,0.0,0.0,0.0,0.0,0.0,0.0,0.0,0.0,0.0,0.0,0.0,0.0,0.0,0.0,0.0,0.0,0.0,0.0,0.0,0.0,0.0,0.0,0.0,0.0,0.0,0.0
attack,"""gneeleleeleTIpgTTTI",time,time,seqgan_master,seqgan_master__final__time__A__500__MASTER__raw_character__len20__gpre120__reward_off__seed88,931,20.0,8.0,2.708694969562842,19.0,0.0,0.0,1.0,0.95,0.0,0.0,0.05,0.0,1.0,0.0,0.0,0.0,0.0,0.0,0.0,0.0,0.0,0.0,0.0,0.0,1.0,0.0,0.0,0.0,0.0,0.0,0.0,0.0,0.0,0.0,0.0,0.0,0.0,0.0,0.0,0.0,0.0,0.0,0.0,0.0,0.0,0.0,0.0,0.0,0.0,0.0,0.0,0.0,0.0,0.0,0.0,0.0,0.0,0.0,0.0,0.0,0.0,0.0,0.0,0.0,0.0
attack,1wibeleeTIbeleeTbeTb,time,time,seqgan_master,seqgan_master__final__time__A__500__MASTER__raw_character__len20__gpre120__reward_off__seed88,932,20.0,8.0,2.6016094970590276,19.0,1.0,0.0,0.0,0.95,0.05,0.0,0.0,0.0,0.0,0.0,0.0,0.0,0.0,0.0,0.0,0.0,0.0,0.0,0.0,0.0,0.0,0.0,0.0,0.0,0.0,0.0,0.0,0.0,0.0,0.0,0.0,0.0,0.0,0.0,0.0,0.0,0.0,0.0,0.0,0.0,0.0,0.0,0.0,0.0,0.0,0.0,0.0,0.0,0.0,0.0,0.0,0.0,0.0,0.0,0.0,0.0,0.0,0.0,0.0,0.0,0.0
attack,"""gbeleeeleTbeTTIpgTb",time,time,seqgan_master,seqgan_master__final__time__A__500__MASTER__raw_character__len20__gpre120__reward_off__seed88,933,20.0,8.0,2.708694969562842,19.0,0.0,0.0,1.0,0.95,0.0,0.0,0.05,0.0,1.0,0.0,0.0,0.0,0.0,0.0,0.0,0.0,0.0,0.0,0.0,0.0,1.0,0.0,0.0,0.0,0.0,0.0,0.0,0.0,0.0,0.0,0.0,0.0,0.0,0.0,0.0,0.0,0.0,0.0,0.0,0.0,0.0,0.0,0.0,0.0,0.0,0.0,0.0,0.0,0.0,0.0,0.0,0.0,0.0,0.0,0.0,0.0,0.0,0.0,0.0,0.0,0.0
attack,"""gbeleele0gbeelelele",time,time,seqgan_master,seqgan_master__final__time__A__500__MASTER__raw_character__len20__gpre120__reward_off__seed88,934,20.0,6.0,2.1149798205164814,18.0,1.0,0.0,1.0,0.9,0.05,0.0,0.05,0.0,1.0,0.0,0.0,0.0,0.0,0.0,0.0,0.0,0.0,0.0,0.0,0.0,1.0,0.0,0.0,0.0,0.0,0.0,0.0,0.0,0.0,0.0,0.0,0.0,0.0,0.0,0.0,0.0,0.0,0.0,0.0,0.0,0.0,0.0,0.0,0.0,0.0,0.0,0.0,0.0,0.0,0.0,0.0,0.0,0.0,0.0,0.0,0.0,0.0,0.0,0.0,0.0,0.0
attack,"""gbeleelegTTIIMbeTIp",time,time,seqgan_master,seqgan_master__final__time__A__500__MASTER__raw_character__len20__gpre120__reward_off__seed88,935,20.0,9.0,2.965957320949175,19.0,0.0,0.0,1.0,0.95,0.0,0.0,0.05,0.0,1.0,0.0,0.0,0.0,0.0,0.0,0.0,0.0,0.0,0.0,0.0,0.0,1.0,0.0,0.0,0.0,0.0,0.0,0.0,0.0,0.0,0.0,0.0,0.0,0.0,0.0,0.0,0.0,0.0,0.0,0.0,0.0,0.0,0.0,0.0,0.0,0.0,0.0,0.0,0.0,0.0,0.0,0.0,0.0,0.0,0.0,0.0,0.0,0.0,0.0,0.0,0.0,0.0
attack,"""gbeeleleTTITIITTIMb",time,time,seqgan_master,seqgan_master__final__time__A__500__MASTER__raw_character__len20__gpre120__reward_off__seed88,936,20.0,8.0,2.7414460711655217,19.0,0.0,0.0,1.0,0.95,0.0,0.0,0.05,0.0,1.0,0.0,0.0,0.0,0.0,0.0,0.0,0.0,0.0,0.0,0.0,0.0,1.0,0.0,0.0,0.0,0.0,0.0,0.0,0.0,0.0,0.0,0.0,0.0,0.0,0.0,0.0,0.0,0.0,0.0,0.0,0.0,0.0,0.0,0.0,0.0,0.0,0.0,0.0,0.0,0.0,0.0,0.0,0.0,0.0,0.0,0.0,0.0,0.0,0.0,0.0,0.0,0.0
attack,"""gbeleeleleTbeTbeleT",time,time,seqgan_master,seqgan_master__final__time__A__500__MASTER__raw_character__len20__gpre120__reward_off__seed88,937,20.0,6.0,2.2464393446710154,19.0,0.0,0.0,1.0,0.95,0.0,0.0,0.05,0.0,1.0,0.0,0.0,0.0,0.0,0.0,0.0,0.0,0.0,0.0,0.0,0.0,1.0,0.0,0.0,0.0,0.0,0.0,0.0,0.0,0.0,0.0,0.0,0.0,0.0,0.0,0.0,0.0,0.0,0.0,0.0,0.0,0.0,0.0,0.0,0.0,0.0,0.0,0.0,0.0,0.0,0.0,0.0,0.0,0.0,0.0,0.0,0.0,0.0,0.0,0.0,0.0,0.0
attack,"""gbeleTbebeTbeTbelee",time,time,seqgan_master,seqgan_master__final__time__A__500__MASTER__raw_character__len20__gpre120__reward_off__seed88,938,20.0,6.0,2.2037016960573483,19.0,0.0,0.0,1.0,0.95,0.0,0.0,0.05,0.0,1.0,0.0,0.0,0.0,0.0,0.0,0.0,0.0,0.0,0.0,0.0,0.0,1.0,0.0,0.0,0.0,0.0,0.0,0.0,0.0,0.0,0.0,0.0,0.0,0.0,0.0,0.0,0.0,0.0,0.0,0.0,0.0,0.0,0.0,0.0,0.0,0.0,0.0,0.0,0.0,0.0,0.0,0.0,0.0,0.0,0.0,0.0,0.0,0.0,0.0,0.0,0.0,0.0
attack,"""gbeleleeTeTTTpgTtrb",time,time,seqgan_master,seqgan_master__final__time__A__500__MASTER__raw_character__len20__gpre120__reward_off__seed88,939,20.0,9.0,2.8609640474436815,19.0,0.0,0.0,1.0,0.95,0.0,0.0,0.05,0.0,1.0,0.0,0.0,0.0,0.0,0.0,0.0,0.0,0.0,0.0,0.0,0.0,1.0,0.0,0.0,0.0,0.0,0.0,0.0,0.0,0.0,0.0,0.0,0.0,0.0,0.0,0.0,0.0,0.0,0.0,0.0,0.0,0.0,0.0,0.0,0.0,0.0,0.0,0.0,0.0,0.0,0.0,0.0,0.0,0.0,0.0,0.0,0.0,0.0,0.0,0.0,0.0,0.0
attack,"""gbelelebeTITTIpgTr0",time,time,seqgan_master,seqgan_master__final__time__A__500__MASTER__raw_character__len20__gpre120__reward_off__seed88,940,20.0,10.0,3.1219280948873624,18.0,1.0,0.0,1.0,0.9,0.05,0.0,0.05,0.0,1.0,0.0,0.0,0.0,0.0,0.0,0.0,0.0,0.0,0.0,0.0,0.0,1.0,0.0,0.0,0.0,0.0,0.0,0.0,0.0,0.0,0.0,0.0,0.0,0.0,0.0,0.0,0.0,0.0,0.0,0.0,0.0,0.0,0.0,0.0,0.0,0.0,0.0,0.0,0.0,0.0,0.0,0.0,0.0,0.0,0.0,0.0,0.0,0.0,0.0,0.0,0.0,0.0
attack,"""gbeleeleTbelelelele",time,time,seqgan_master,seqgan_master__final__time__A__500__MASTER__raw_character__len20__gpre120__reward_off__seed88,941,20.0,6.0,2.0199730940219753,19.0,0.0,0.0,1.0,0.95,0.0,0.0,0.05,0.0,1.0,0.0,0.0,0.0,0.0,0.0,0.0,0.0,0.0,0.0,0.0,0.0,1.0,0.0,0.0,0.0,0.0,0.0,0.0,0.0,0.0,0.0,0.0,0.0,0.0,0.0,0.0,0.0,0.0,0.0,0.0,0.0,0.0,0.0,0.0,0.0,0.0,0.0,0.0,0.0,0.0,0.0,0.0,0.0,0.0,0.0,0.0,0.0,0.0,0.0,0.0,0.0,0.0
attack,"""gbleeTle0rbeeleTTIM",time,time,seqgan_master,seqgan_master__final__time__A__500__MASTER__raw_character__len20__gpre120__reward_off__seed88,942,20.0,10.0,2.970950594454669,18.0,1.0,0.0,1.0,0.9,0.05,0.0,0.05,0.0,1.0,0.0,0.0,0.0,0.0,0.0,0.0,0.0,0.0,0.0,0.0,0.0,1.0,0.0,0.0,0.0,0.0,0.0,0.0,0.0,0.0,0.0,0.0,0.0,0.0,0.0,0.0,0.0,0.0,0.0,0.0,0.0,0.0,0.0,0.0,0.0,0.0,0.0,0.0,0.0,0.0,0.0,0.0,0.0,0.0,0.0,0.0,0.0,0.0,0.0,0.0,0.0,0.0
attack,"""gbebeeleleeTTTTIpri",time,time,seqgan_master,seqgan_master__final__time__A__500__MASTER__raw_character__len20__gpre120__reward_off__seed88,943,20.0,10.0,2.9464393446710155,19.0,0.0,0.0,1.0,0.95,0.0,0.0,0.05,0.0,1.0,0.0,0.0,0.0,0.0,0.0,0.0,0.0,0.0,0.0,0.0,0.0,1.0,0.0,0.0,0.0,0.0,0.0,0.0,0.0,0.0,0.0,0.0,0.0,0.0,0.0,0.0,0.0,0.0,0.0,0.0,0.0,0.0,0.0,0.0,0.0,0.0,0.0,0.0,0.0,0.0,0.0,0.0,0.0,0.0,0.0,0.0,0.0,0.0,0.0,0.0,0.0,0.0
attack,"""gbeleleTeTTTIMbele",time,time,seqgan_master,seqgan_master__final__time__A__500__MASTER__raw_character__len20__gpre120__reward_off__seed88,944,19.0,8.0,2.6550505394177746,18.0,0.0,0.0,1.0,0.9473684210526315,0.0,0.0,0.05263157894736842,0.0,1.0,0.0,0.0,0.0,0.0,0.0,0.0,0.0,0.0,0.0,0.0,0.0,1.0,0.0,0.0,0.0,0.0,0.0,0.0,0.0,0.0,0.0,0.0,0.0,0.0,0.0,0.0,0.0,0.0,0.0,0.0,0.0,0.0,0.0,0.0,0.0,0.0,0.0,0.0,0.0,0.0,0.0,0.0,0.0,0.0,0.0,0.0,0.0,0.0,0.0,0.0,0.0,0.0
attack,"""gbelee0TITTTIs( pgT",time,time,seqgan_master,seqgan_master__final__time__A__500__MASTER__raw_character__len20__gpre120__reward_off__seed88,945,20.0,12.0,3.3037016960573484,16.0,1.0,1.0,2.0,0.8,0.05,0.05,0.1,0.0,1.0,0.0,0.0,0.0,0.0,0.0,1.0,0.0,0.0,0.0,0.0,0.0,1.0,0.0,0.0,0.0,0.0,1.0,0.0,0.0,0.0,0.0,0.0,0.0,0.0,0.0,0.0,0.0,0.0,0.0,0.0,0.0,0.0,0.0,0.0,0.0,0.0,0.0,0.0,0.0,0.0,0.0,0.0,0.0,0.0,0.0,0.0,0.0,0.0,0.0,0.0,0.0,0.0
attack,"""gbeeleeTTITTTITTbeT",time,time,seqgan_master,seqgan_master__final__time__A__500__MASTER__raw_character__len20__gpre120__reward_off__seed88,946,20.0,7.0,2.341446071165522,19.0,0.0,0.0,1.0,0.95,0.0,0.0,0.05,0.0,1.0,0.0,0.0,0.0,0.0,0.0,0.0,0.0,0.0,0.0,0.0,0.0,1.0,0.0,0.0,0.0,0.0,0.0,0.0,0.0,0.0,0.0,0.0,0.0,0.0,0.0,0.0,0.0,0.0,0.0,0.0,0.0,0.0,0.0,0.0,0.0,0.0,0.0,0.0,0.0,0.0,0.0,0.0,0.0,0.0,0.0,0.0,0.0,0.0,0.0,0.0,0.0,0.0
attack,"""gbeleeeTTITTTIMbele",time,time,seqgan_master,seqgan_master__final__time__A__500__MASTER__raw_character__len20__gpre120__reward_off__seed88,947,20.0,8.0,2.665957320949175,19.0,0.0,0.0,1.0,0.95,0.0,0.0,0.05,0.0,1.0,0.0,0.0,0.0,0.0,0.0,0.0,0.0,0.0,0.0,0.0,0.0,1.0,0.0,0.0,0.0,0.0,0.0,0.0,0.0,0.0,0.0,0.0,0.0,0.0,0.0,0.0,0.0,0.0,0.0,0.0,0.0,0.0,0.0,0.0,0.0,0.0,0.0,0.0,0.0,0.0,0.0,0.0,0.0,0.0,0.0,0.0,0.0,0.0,0.0,0.0,0.0,0.0
attack,"""gbeleeTbeTIMeeTTTTT",time,time,seqgan_master,seqgan_master__final__time__A__500__MASTER__raw_character__len20__gpre120__reward_off__seed88,948,20.0,8.0,2.463865121950854,19.0,0.0,0.0,1.0,0.95,0.0,0.0,0.05,0.0,1.0,0.0,0.0,0.0,0.0,0.0,0.0,0.0,0.0,0.0,0.0,0.0,1.0,0.0,0.0,0.0,0.0,0.0,0.0,0.0,0.0,0.0,0.0,0.0,0.0,0.0,0.0,0.0,0.0,0.0,0.0,0.0,0.0,0.0,0.0,0.0,0.0,0.0,0.0,0.0,0.0,0.0,0.0,0.0,0.0,0.0,0.0,0.0,0.0,0.0,0.0,0.0,0.0
attack,"""gbrbeleebeTbeTIpgTb",time,time,seqgan_master,seqgan_master__final__time__A__500__MASTER__raw_character__len20__gpre120__reward_off__seed88,949,20.0,9.0,2.823219672335508,19.0,0.0,0.0,1.0,0.95,0.0,0.0,0.05,0.0,1.0,0.0,0.0,0.0,0.0,0.0,0.0,0.0,0.0,0.0,0.0,0.0,1.0,0.0,0.0,0.0,0.0,0.0,0.0,0.0,0.0,0.0,0.0,0.0,0.0,0.0,0.0,0.0,0.0,0.0,0.0,0.0,0.0,0.0,0.0,0.0,0.0,0.0,0.0,0.0,0.0,0.0,0.0,0.0,0.0,0.0,0.0,0.0,0.0,0.0,0.0,0.0,0.0
attack,"""gbeleeleleleTTpgTbe",time,time,seqgan_master,seqgan_master__final__time__A__500__MASTER__raw_character__len20__gpre120__reward_off__seed88,950,20.0,7.0,2.5016094970590275,19.0,0.0,0.0,1.0,0.95,0.0,0.0,0.05,0.0,1.0,0.0,0.0,0.0,0.0,0.0,0.0,0.0,0.0,0.0,0.0,0.0,1.0,0.0,0.0,0.0,0.0,0.0,0.0,0.0,0.0,0.0,0.0,0.0,0.0,0.0,0.0,0.0,0.0,0.0,0.0,0.0,0.0,0.0,0.0,0.0,0.0,0.0,0.0,0.0,0.0,0.0,0.0,0.0,0.0,0.0,0.0,0.0,0.0,0.0,0.0,0.0,0.0
attack,"""gbeleetTTTIIrnele0T",time,time,seqgan_master,seqgan_master__final__time__A__500__MASTER__raw_character__len20__gpre120__reward_off__seed88,951,20.0,11.0,3.141446071165522,18.0,1.0,0.0,1.0,0.9,0.05,0.0,0.05,0.0,1.0,0.0,0.0,0.0,0.0,0.0,0.0,0.0,0.0,0.0,0.0,0.0,1.0,0.0,0.0,0.0,0.0,0.0,0.0,0.0,0.0,0.0,0.0,0.0,0.0,0.0,0.0,0.0,0.0,0.0,0.0,0.0,0.0,0.0,0.0,0.0,0.0,0.0,0.0,0.0,0.0,0.0,0.0,0.0,0.0,0.0,0.0,0.0,0.0,0.0,0.0,0.0,0.0
attack,"""gbeleeleleeTITTTTI-",time,time,seqgan_master,seqgan_master__final__time__A__500__MASTER__raw_character__len20__gpre120__reward_off__seed88,952,20.0,8.0,2.6282129458410015,18.0,0.0,0.0,2.0,0.9,0.0,0.0,0.1,0.0,1.0,1.0,0.0,0.0,0.0,0.0,0.0,0.0,0.0,0.0,1.0,0.0,1.0,0.0,0.0,0.0,0.0,0.0,0.0,0.0,0.0,0.0,0.0,0.0,0.0,0.0,0.0,0.0,0.0,0.0,0.0,0.0,0.0,0.0,0.0,0.0,0.0,0.0,0.0,0.0,0.0,0.0,0.0,0.0,0.0,0.0,0.0,0.0,0.0,0.0,0.0,0.0,0.0
attack,"""gbeleleeTTTITITTTTT",time,time,seqgan_master,seqgan_master__final__time__A__500__MASTER__raw_character__len20__gpre120__reward_off__seed88,953,20.0,7.0,2.295461844238322,19.0,0.0,0.0,1.0,0.95,0.0,0.0,0.05,0.0,1.0,0.0,0.0,0.0,0.0,0.0,0.0,0.0,0.0,0.0,0.0,0.0,1.0,0.0,0.0,0.0,0.0,0.0,0.0,0.0,0.0,0.0,0.0,0.0,0.0,0.0,0.0,0.0,0.0,0.0,0.0,0.0,0.0,0.0,0.0,0.0,0.0,0.0,0.0,0.0,0.0,0.0,0.0,0.0,0.0,0.0,0.0,0.0,0.0,0.0,0.0,0.0,0.0
attack,"""gbelebeeleTIMbeeleT",time,time,seqgan_master,seqgan_master__final__time__A__500__MASTER__raw_character__len20__gpre120__reward_off__seed88,954,20.0,8.0,2.5464393446710156,19.0,0.0,0.0,1.0,0.95,0.0,0.0,0.05,0.0,1.0,0.0,0.0,0.0,0.0,0.0,0.0,0.0,0.0,0.0,0.0,0.0,1.0,0.0,0.0,0.0,0.0,0.0,0.0,0.0,0.0,0.0,0.0,0.0,0.0,0.0,0.0,0.0,0.0,0.0,0.0,0.0,0.0,0.0,0.0,0.0,0.0,0.0,0.0,0.0,0.0,0.0,0.0,0.0,0.0,0.0,0.0,0.0,0.0,0.0,0.0,0.0,0.0
attack,"""gbeleleeleleleTTbel",time,time,seqgan_master,seqgan_master__final__time__A__500__MASTER__raw_character__len20__gpre120__reward_off__seed88,955,20.0,6.0,2.1464393446710153,19.0,0.0,0.0,1.0,0.95,0.0,0.0,0.05,0.0,1.0,0.0,0.0,0.0,0.0,0.0,0.0,0.0,0.0,0.0,0.0,0.0,1.0,0.0,0.0,0.0,0.0,0.0,0.0,0.0,0.0,0.0,0.0,0.0,0.0,0.0,0.0,0.0,0.0,0.0,0.0,0.0,0.0,0.0,0.0,0.0,0.0,0.0,0.0,0.0,0.0,0.0,0.0,0.0,0.0,0.0,0.0,0.0,0.0,0.0,0.0,0.0,0.0
attack,"""gbegbeleeTle0beelel",time,time,seqgan_master,seqgan_master__final__time__A__500__MASTER__raw_character__len20__gpre120__reward_off__seed88,956,20.0,7.0,2.384183719779189,18.0,1.0,0.0,1.0,0.9,0.05,0.0,0.05,0.0,1.0,0.0,0.0,0.0,0.0,0.0,0.0,0.0,0.0,0.0,0.0,0.0,1.0,0.0,0.0,0.0,0.0,0.0,0.0,0.0,0.0,0.0,0.0,0.0,0.0,0.0,0.0,0.0,0.0,0.0,0.0,0.0,0.0,0.0,0.0,0.0,0.0,0.0,0.0,0.0,0.0,0.0,0.0,0.0,0.0,0.0,0.0,0.0,0.0,0.0,0.0,0.0,0.0
attack,"""gbeeleleTTTTpgTTTTT",time,time,seqgan_master,seqgan_master__final__time__A__500__MASTER__raw_character__len20__gpre120__reward_off__seed88,957,20.0,7.0,2.295461844238322,19.0,0.0,0.0,1.0,0.95,0.0,0.0,0.05,0.0,1.0,0.0,0.0,0.0,0.0,0.0,0.0,0.0,0.0,0.0,0.0,0.0,1.0,0.0,0.0,0.0,0.0,0.0,0.0,0.0,0.0,0.0,0.0,0.0,0.0,0.0,0.0,0.0,0.0,0.0,0.0,0.0,0.0,0.0,0.0,0.0,0.0,0.0,0.0,0.0,0.0,0.0,0.0,0.0,0.0,0.0,0.0,0.0,0.0,0.0,0.0,0.0,0.0
attack,"""gbeleeleleeTbeTIlep",time,time,seqgan_master,seqgan_master__final__time__A__500__MASTER__raw_character__len20__gpre120__reward_off__seed88,958,20.0,8.0,2.5219280948873624,19.0,0.0,0.0,1.0,0.95,0.0,0.0,0.05,0.0,1.0,0.0,0.0,0.0,0.0,0.0,0.0,0.0,0.0,0.0,0.0,0.0,1.0,0.0,0.0,0.0,0.0,0.0,0.0,0.0,0.0,0.0,0.0,0.0,0.0,0.0,0.0,0.0,0.0,0.0,0.0,0.0,0.0,0.0,0.0,0.0,0.0,0.0,0.0,0.0,0.0,0.0,0.0,0.0,0.0,0.0,0.0,0.0,0.0,0.0,0.0,0.0,0.0
attack,"""gbeleeTeTpgTIdelele",time,time,seqgan_master,seqgan_master__final__time__A__500__MASTER__raw_character__len20__gpre120__reward_off__seed88,959,20.0,9.0,2.763865121950854,19.0,0.0,0.0,1.0,0.95,0.0,0.0,0.05,0.0,1.0,0.0,0.0,0.0,0.0,0.0,0.0,0.0,0.0,0.0,0.0,0.0,1.0,0.0,0.0,0.0,0.0,0.0,0.0,0.0,0.0,0.0,0.0,0.0,0.0,0.0,0.0,0.0,0.0,0.0,0.0,0.0,0.0,0.0,0.0,0.0,0.0,0.0,0.0,0.0,0.0,0.0,0.0,0.0,0.0,0.0,0.0,0.0,0.0,0.0,0.0,0.0,0.0
attack,"""gbeeleleeTTbeTmbeeT",time,time,seqgan_master,seqgan_master__final__time__A__500__MASTER__raw_character__len20__gpre120__reward_off__seed88,960,20.0,7.0,2.384183719779189,19.0,0.0,0.0,1.0,0.95,0.0,0.0,0.05,0.0,1.0,0.0,0.0,0.0,0.0,0.0,0.0,0.0,0.0,0.0,0.0,0.0,1.0,0.0,0.0,0.0,0.0,0.0,0.0,0.0,0.0,0.0,0.0,0.0,0.0,0.0,0.0,0.0,0.0,0.0,0.0,0.0,0.0,0.0,0.0,0.0,0.0,0.0,0.0,0.0,0.0,0.0,0.0,0.0,0.0,0.0,0.0,0.0,0.0,0.0,0.0,0.0,0.0
attack,"""gbeeleeTbeleTTIpgTd",time,time,seqgan_master,seqgan_master__final__time__A__500__MASTER__raw_character__len20__gpre120__reward_off__seed88,961,20.0,9.0,2.8464393446710154,19.0,0.0,0.0,1.0,0.95,0.0,0.0,0.05,0.0,1.0,0.0,0.0,0.0,0.0,0.0,0.0,0.0,0.0,0.0,0.0,0.0,1.0,0.0,0.0,0.0,0.0,0.0,0.0,0.0,0.0,0.0,0.0,0.0,0.0,0.0,0.0,0.0,0.0,0.0,0.0,0.0,0.0,0.0,0.0,0.0,0.0,0.0,0.0,0.0,0.0,0.0,0.0,0.0,0.0,0.0,0.0,0.0,0.0,0.0,0.0,0.0,0.0
attack,"""gbeleleeTTTTTTTpgTb",time,time,seqgan_master,seqgan_master__final__time__A__500__MASTER__raw_character__len20__gpre120__reward_off__seed88,962,20.0,7.0,2.4219280948873623,19.0,0.0,0.0,1.0,0.95,0.0,0.0,0.05,0.0,1.0,0.0,0.0,0.0,0.0,0.0,0.0,0.0,0.0,0.0,0.0,0.0,1.0,0.0,0.0,0.0,0.0,0.0,0.0,0.0,0.0,0.0,0.0,0.0,0.0,0.0,0.0,0.0,0.0,0.0,0.0,0.0,0.0,0.0,0.0,0.0,0.0,0.0,0.0,0.0,0.0,0.0,0.0,0.0,0.0,0.0,0.0,0.0,0.0,0.0,0.0,0.0,0.0
attack,"""gbeeeTTITTTITTbebe",time,time,seqgan_master,seqgan_master__final__time__A__500__MASTER__raw_character__len20__gpre120__reward_off__seed88,963,19.0,6.0,2.247084753917085,18.0,0.0,0.0,1.0,0.9473684210526315,0.0,0.0,0.05263157894736842,0.0,1.0,0.0,0.0,0.0,0.0,0.0,0.0,0.0,0.0,0.0,0.0,0.0,1.0,0.0,0.0,0.0,0.0,0.0,0.0,0.0,0.0,0.0,0.0,0.0,0.0,0.0,0.0,0.0,0.0,0.0,0.0,0.0,0.0,0.0,0.0,0.0,0.0,0.0,0.0,0.0,0.0,0.0,0.0,0.0,0.0,0.0,0.0,0.0,0.0,0.0,0.0,0.0,0.0
attack,"""gbeleleeleTIbelelel",time,time,seqgan_master,seqgan_master__final__time__A__500__MASTER__raw_character__len20__gpre120__reward_off__seed88,964,20.0,7.0,2.2464393446710154,19.0,0.0,0.0,1.0,0.95,0.0,0.0,0.05,0.0,1.0,0.0,0.0,0.0,0.0,0.0,0.0,0.0,0.0,0.0,0.0,0.0,1.0,0.0,0.0,0.0,0.0,0.0,0.0,0.0,0.0,0.0,0.0,0.0,0.0,0.0,0.0,0.0,0.0,0.0,0.0,0.0,0.0,0.0,0.0,0.0,0.0,0.0,0.0,0.0,0.0,0.0,0.0,0.0,0.0,0.0,0.0,0.0,0.0,0.0,0.0,0.0,0.0
attack,"""gbeleeTbeTTleTmbeel",time,time,seqgan_master,seqgan_master__final__time__A__500__MASTER__raw_character__len20__gpre120__reward_off__seed88,965,20.0,7.0,2.463865121950854,19.0,0.0,0.0,1.0,0.95,0.0,0.0,0.05,0.0,1.0,0.0,0.0,0.0,0.0,0.0,0.0,0.0,0.0,0.0,0.0,0.0,1.0,0.0,0.0,0.0,0.0,0.0,0.0,0.0,0.0,0.0,0.0,0.0,0.0,0.0,0.0,0.0,0.0,0.0,0.0,0.0,0.0,0.0,0.0,0.0,0.0,0.0,0.0,0.0,0.0,0.0,0.0,0.0,0.0,0.0,0.0,0.0,0.0,0.0,0.0,0.0,0.0
attack,"""gbeleeleleleleleele",time,time,seqgan_master,seqgan_master__final__time__A__500__MASTER__raw_character__len20__gpre120__reward_off__seed88,966,20.0,5.0,1.6783898247235198,19.0,0.0,0.0,1.0,0.95,0.0,0.0,0.05,0.0,1.0,0.0,0.0,0.0,0.0,0.0,0.0,0.0,0.0,0.0,0.0,0.0,1.0,0.0,0.0,0.0,0.0,0.0,0.0,0.0,0.0,0.0,0.0,0.0,0.0,0.0,0.0,0.0,0.0,0.0,0.0,0.0,0.0,0.0,0.0,0.0,0.0,0.0,0.0,0.0,0.0,0.0,0.0,0.0,0.0,0.0,0.0,0.0,0.0,0.0,0.0,0.0,0.0
attack,"""gleleleveeTITIpgTT_",time,time,seqgan_master,seqgan_master__final__time__A__500__MASTER__raw_character__len20__gpre120__reward_off__seed88,967,20.0,9.0,2.9037016960573485,18.0,0.0,0.0,2.0,0.9,0.0,0.0,0.1,0.0,1.0,0.0,0.0,0.0,0.0,0.0,0.0,0.0,1.0,0.0,0.0,0.0,1.0,0.0,0.0,0.0,0.0,0.0,0.0,0.0,0.0,0.0,0.0,0.0,0.0,0.0,0.0,0.0,0.0,0.0,0.0,0.0,0.0,0.0,0.0,0.0,0.0,0.0,0.0,0.0,0.0,0.0,0.0,0.0,0.0,0.0,0.0,0.0,0.0,0.0,0.0,0.0,0.0
attack,"""gbeleeleeTIIrnleeTT",time,time,seqgan_master,seqgan_master__final__time__A__500__MASTER__raw_character__len20__gpre120__reward_off__seed88,968,20.0,9.0,2.763865121950854,19.0,0.0,0.0,1.0,0.95,0.0,0.0,0.05,0.0,1.0,0.0,0.0,0.0,0.0,0.0,0.0,0.0,0.0,0.0,0.0,0.0,1.0,0.0,0.0,0.0,0.0,0.0,0.0,0.0,0.0,0.0,0.0,0.0,0.0,0.0,0.0,0.0,0.0,0.0,0.0,0.0,0.0,0.0,0.0,0.0,0.0,0.0,0.0,0.0,0.0,0.0,0.0,0.0,0.0,0.0,0.0,0.0,0.0,0.0,0.0,0.0,0.0
attack,"""gbeeleeleTTTTIIIMel",time,time,seqgan_master,seqgan_master__final__time__A__500__MASTER__raw_character__len20__gpre120__reward_off__seed88,969,20.0,8.0,2.6709505944546685,19.0,0.0,0.0,1.0,0.95,0.0,0.0,0.05,0.0,1.0,0.0,0.0,0.0,0.0,0.0,0.0,0.0,0.0,0.0,0.0,0.0,1.0,0.0,0.0,0.0,0.0,0.0,0.0,0.0,0.0,0.0,0.0,0.0,0.0,0.0,0.0,0.0,0.0,0.0,0.0,0.0,0.0,0.0,0.0,0.0,0.0,0.0,0.0,0.0,0.0,0.0,0.0,0.0,0.0,0.0,0.0,0.0,0.0,0.0,0.0,0.0,0.0
attack,"""gbeleepgTleeTbeTleT",time,time,seqgan_master,seqgan_master__final__time__A__500__MASTER__raw_character__len20__gpre120__reward_off__seed88,970,20.0,7.0,2.5016094970590275,19.0,0.0,0.0,1.0,0.95,0.0,0.0,0.05,0.0,1.0,0.0,0.0,0.0,0.0,0.0,0.0,0.0,0.0,0.0,0.0,0.0,1.0,0.0,0.0,0.0,0.0,0.0,0.0,0.0,0.0,0.0,0.0,0.0,0.0,0.0,0.0,0.0,0.0,0.0,0.0,0.0,0.0,0.0,0.0,0.0,0.0,0.0,0.0,0.0,0.0,0.0,0.0,0.0,0.0,0.0,0.0,0.0,0.0,0.0,0.0,0.0,0.0
attack,"""gbgbeleeleleleeTTpg",time,time,seqgan_master,seqgan_master__final__time__A__500__MASTER__raw_character__len20__gpre120__reward_off__seed88,971,20.0,7.0,2.5016094970590275,19.0,0.0,0.0,1.0,0.95,0.0,0.0,0.05,0.0,1.0,0.0,0.0,0.0,0.0,0.0,0.0,0.0,0.0,0.0,0.0,0.0,1.0,0.0,0.0,0.0,0.0,0.0,0.0,0.0,0.0,0.0,0.0,0.0,0.0,0.0,0.0,0.0,0.0,0.0,0.0,0.0,0.0,0.0,0.0,0.0,0.0,0.0,0.0,0.0,0.0,0.0,0.0,0.0,0.0,0.0,0.0,0.0,0.0,0.0,0.0,0.0,0.0
attack,"""gbeeleetTTTITIIIlel",time,time,seqgan_master,seqgan_master__final__time__A__500__MASTER__raw_character__len20__gpre120__reward_off__seed88,972,20.0,8.0,2.7037016960573483,19.0,0.0,0.0,1.0,0.95,0.0,0.0,0.05,0.0,1.0,0.0,0.0,0.0,0.0,0.0,0.0,0.0,0.0,0.0,0.0,0.0,1.0,0.0,0.0,0.0,0.0,0.0,0.0,0.0,0.0,0.0,0.0,0.0,0.0,0.0,0.0,0.0,0.0,0.0,0.0,0.0,0.0,0.0,0.0,0.0,0.0,0.0,0.0,0.0,0.0,0.0,0.0,0.0,0.0,0.0,0.0,0.0,0.0,0.0,0.0,0.0,0.0
attack,"""gbeleeeTITTTIpgTTTT",time,time,seqgan_master,seqgan_master__final__time__A__500__MASTER__raw_character__len20__gpre120__reward_off__seed88,973,20.0,8.0,2.5219280948873624,19.0,0.0,0.0,1.0,0.95,0.0,0.0,0.05,0.0,1.0,0.0,0.0,0.0,0.0,0.0,0.0,0.0,0.0,0.0,0.0,0.0,1.0,0.0,0.0,0.0,0.0,0.0,0.0,0.0,0.0,0.0,0.0,0.0,0.0,0.0,0.0,0.0,0.0,0.0,0.0,0.0,0.0,0.0,0.0,0.0,0.0,0.0,0.0,0.0,0.0,0.0,0.0,0.0,0.0,0.0,0.0,0.0,0.0,0.0,0.0,0.0,0.0
attack,"""gbeleeleTIMelegnebe",time,time,seqgan_master,seqgan_master__final__time__A__500__MASTER__raw_character__len20__gpre120__reward_off__seed88,974,20.0,9.0,2.684183719779189,19.0,0.0,0.0,1.0,0.95,0.0,0.0,0.05,0.0,1.0,0.0,0.0,0.0,0.0,0.0,0.0,0.0,0.0,0.0,0.0,0.0,1.0,0.0,0.0,0.0,0.0,0.0,0.0,0.0,0.0,0.0,0.0,0.0,0.0,0.0,0.0,0.0,0.0,0.0,0.0,0.0,0.0,0.0,0.0,0.0,0.0,0.0,0.0,0.0,0.0,0.0,0.0,0.0,0.0,0.0,0.0,0.0,0.0,0.0,0.0,0.0,0.0
attack,"""gbeleeTTbeleTTTTTId",time,time,seqgan_master,seqgan_master__final__time__A__500__MASTER__raw_character__len20__gpre120__reward_off__seed88,975,20.0,8.0,2.5588718484453605,19.0,0.0,0.0,1.0,0.95,0.0,0.0,0.05,0.0,1.0,0.0,0.0,0.0,0.0,0.0,0.0,0.0,0.0,0.0,0.0,0.0,1.0,0.0,0.0,0.0,0.0,0.0,0.0,0.0,0.0,0.0,0.0,0.0,0.0,0.0,0.0,0.0,0.0,0.0,0.0,0.0,0.0,0.0,0.0,0.0,0.0,0.0,0.0,0.0,0.0,0.0,0.0,0.0,0.0,0.0,0.0,0.0,0.0,0.0,0.0,0.0,0.0
attack,"""gbeleeleleleleleTbe",time,time,seqgan_master,seqgan_master__final__time__A__500__MASTER__raw_character__len20__gpre120__reward_off__seed88,976,20.0,6.0,2.0199730940219753,19.0,0.0,0.0,1.0,0.95,0.0,0.0,0.05,0.0,1.0,0.0,0.0,0.0,0.0,0.0,0.0,0.0,0.0,0.0,0.0,0.0,1.0,0.0,0.0,0.0,0.0,0.0,0.0,0.0,0.0,0.0,0.0,0.0,0.0,0.0,0.0,0.0,0.0,0.0,0.0,0.0,0.0,0.0,0.0,0.0,0.0,0.0,0.0,0.0,0.0,0.0,0.0,0.0,0.0,0.0,0.0,0.0,0.0,0.0,0.0,0.0,0.0
attack,"""gbeleeTeTTIbelelele",time,time,seqgan_master,seqgan_master__final__time__A__500__MASTER__raw_character__len20__gpre120__reward_off__seed88,977,20.0,7.0,2.384183719779189,19.0,0.0,0.0,1.0,0.95,0.0,0.0,0.05,0.0,1.0,0.0,0.0,0.0,0.0,0.0,0.0,0.0,0.0,0.0,0.0,0.0,1.0,0.0,0.0,0.0,0.0,0.0,0.0,0.0,0.0,0.0,0.0,0.0,0.0,0.0,0.0,0.0,0.0,0.0,0.0,0.0,0.0,0.0,0.0,0.0,0.0,0.0,0.0,0.0,0.0,0.0,0.0,0.0,0.0,0.0,0.0,0.0,0.0,0.0,0.0,0.0,0.0
attack,"""gbeleeleleTMbelelel",time,time,seqgan_master,seqgan_master__final__time__A__500__MASTER__raw_character__len20__gpre120__reward_off__seed88,978,20.0,7.0,2.2464393446710154,19.0,0.0,0.0,1.0,0.95,0.0,0.0,0.05,0.0,1.0,0.0,0.0,0.0,0.0,0.0,0.0,0.0,0.0,0.0,0.0,0.0,1.0,0.0,0.0,0.0,0.0,0.0,0.0,0.0,0.0,0.0,0.0,0.0,0.0,0.0,0.0,0.0,0.0,0.0,0.0,0.0,0.0,0.0,0.0,0.0,0.0,0.0,0.0,0.0,0.0,0.0,0.0,0.0,0.0,0.0,0.0,0.0,0.0,0.0,0.0,0.0,0.0
attack,"""gngbeleeleeleeTeT0I",time,time,seqgan_master,seqgan_master__final__time__A__500__MASTER__raw_character__len20__gpre120__reward_off__seed88,979,20.0,9.0,2.684183719779189,18.0,1.0,0.0,1.0,0.9,0.05,0.0,0.05,0.0,1.0,0.0,0.0,0.0,0.0,0.0,0.0,0.0,0.0,0.0,0.0,0.0,1.0,0.0,0.0,0.0,0.0,0.0,0.0,0.0,0.0,0.0,0.0,0.0,0.0,0.0,0.0,0.0,0.0,0.0,0.0,0.0,0.0,0.0,0.0,0.0,0.0,0.0,0.0,0.0,0.0,0.0,0.0,0.0,0.0,0.0,0.0,0.0,0.0,0.0,0.0,0.0,0.0
attack,"""gbeeleeTTbeTTbeleTT",time,time,seqgan_master,seqgan_master__final__time__A__500__MASTER__raw_character__len20__gpre120__reward_off__seed88,980,20.0,6.0,2.2261207468426805,19.0,0.0,0.0,1.0,0.95,0.0,0.0,0.05,0.0,1.0,0.0,0.0,0.0,0.0,0.0,0.0,0.0,0.0,0.0,0.0,0.0,1.0,0.0,0.0,0.0,0.0,0.0,0.0,0.0,0.0,0.0,0.0,0.0,0.0,0.0,0.0,0.0,0.0,0.0,0.0,0.0,0.0,0.0,0.0,0.0,0.0,0.0,0.0,0.0,0.0,0.0,0.0,0.0,0.0,0.0,0.0,0.0,0.0,0.0,0.0,0.0,0.0
attack,"""gbeeleleleTIMbelele",time,time,seqgan_master,seqgan_master__final__time__A__500__MASTER__raw_character__len20__gpre120__reward_off__seed88,981,20.0,8.0,2.441446071165522,19.0,0.0,0.0,1.0,0.95,0.0,0.0,0.05,0.0,1.0,0.0,0.0,0.0,0.0,0.0,0.0,0.0,0.0,0.0,0.0,0.0,1.0,0.0,0.0,0.0,0.0,0.0,0.0,0.0,0.0,0.0,0.0,0.0,0.0,0.0,0.0,0.0,0.0,0.0,0.0,0.0,0.0,0.0,0.0,0.0,0.0,0.0,0.0,0.0,0.0,0.0,0.0,0.0,0.0,0.0,0.0,0.0,0.0,0.0,0.0,0.0,0.0
attack,"""gbeleeTTIMbelelebeT",time,time,seqgan_master,seqgan_master__final__time__A__500__MASTER__raw_character__len20__gpre120__reward_off__seed88,982,20.0,8.0,2.6261207468426804,19.0,0.0,0.0,1.0,0.95,0.0,0.0,0.05,0.0,1.0,0.0,0.0,0.0,0.0,0.0,0.0,0.0,0.0,0.0,0.0,0.0,1.0,0.0,0.0,0.0,0.0,0.0,0.0,0.0,0.0,0.0,0.0,0.0,0.0,0.0,0.0,0.0,0.0,0.0,0.0,0.0,0.0,0.0,0.0,0.0,0.0,0.0,0.0,0.0,0.0,0.0,0.0,0.0,0.0,0.0,0.0,0.0,0.0,0.0,0.0,0.0,0.0
attack,"""gbeleeTTIpgTbeleeTT",time,time,seqgan_master,seqgan_master__final__time__A__500__MASTER__raw_character__len20__gpre120__reward_off__seed88,983,20.0,8.0,2.665957320949175,19.0,0.0,0.0,1.0,0.95,0.0,0.0,0.05,0.0,1.0,0.0,0.0,0.0,0.0,0.0,0.0,0.0,0.0,0.0,0.0,0.0,1.0,0.0,0.0,0.0,0.0,0.0,0.0,0.0,0.0,0.0,0.0,0.0,0.0,0.0,0.0,0.0,0.0,0.0,0.0,0.0,0.0,0.0,0.0,0.0,0.0,0.0,0.0,0.0,0.0,0.0,0.0,0.0,0.0,0.0,0.0,0.0,0.0,0.0,0.0,0.0,0.0
attack,"""gbeeleleeleTIMbeele",time,time,seqgan_master,seqgan_master__final__time__A__500__MASTER__raw_character__len20__gpre120__reward_off__seed88,984,20.0,8.0,2.395461844238322,19.0,0.0,0.0,1.0,0.95,0.0,0.0,0.05,0.0,1.0,0.0,0.0,0.0,0.0,0.0,0.0,0.0,0.0,0.0,0.0,0.0,1.0,0.0,0.0,0.0,0.0,0.0,0.0,0.0,0.0,0.0,0.0,0.0,0.0,0.0,0.0,0.0,0.0,0.0,0.0,0.0,0.0,0.0,0.0,0.0,0.0,0.0,0.0,0.0,0.0,0.0,0.0,0.0,0.0,0.0,0.0,0.0,0.0,0.0,0.0,0.0,0.0
attack,"""bgbelebeleleelele0T",time,time,seqgan_master,seqgan_master__final__time__A__500__MASTER__raw_character__len20__gpre120__reward_off__seed88,985,20.0,7.0,2.3037016960573484,18.0,1.0,0.0,1.0,0.9,0.05,0.0,0.05,0.0,1.0,0.0,0.0,0.0,0.0,0.0,0.0,0.0,0.0,0.0,0.0,0.0,1.0,0.0,0.0,0.0,0.0,0.0,0.0,0.0,0.0,0.0,0.0,0.0,0.0,0.0,0.0,0.0,0.0,0.0,0.0,0.0,0.0,0.0,0.0,0.0,0.0,0.0,0.0,0.0,0.0,0.0,0.0,0.0,0.0,0.0,0.0,0.0,0.0,0.0,0.0,0.0,0.0
attack,"""gbeleeebe0TTTIdeTbe",time,time,seqgan_master,seqgan_master__final__time__A__500__MASTER__raw_character__len20__gpre120__reward_off__seed88,986,20.0,9.0,2.7016094970590276,18.0,1.0,0.0,1.0,0.9,0.05,0.0,0.05,0.0,1.0,0.0,0.0,0.0,0.0,0.0,0.0,0.0,0.0,0.0,0.0,0.0,1.0,0.0,0.0,0.0,0.0,0.0,0.0,0.0,0.0,0.0,0.0,0.0,0.0,0.0,0.0,0.0,0.0,0.0,0.0,0.0,0.0,0.0,0.0,0.0,0.0,0.0,0.0,0.0,0.0,0.0,0.0,0.0,0.0,0.0,0.0,0.0,0.0,0.0,0.0,0.0,0.0
attack,"""gbeeleleleleTTneTbe",time,time,seqgan_master,seqgan_master__final__time__A__500__MASTER__raw_character__len20__gpre120__reward_off__seed88,987,20.0,7.0,2.384183719779189,19.0,0.0,0.0,1.0,0.95,0.0,0.0,0.05,0.0,1.0,0.0,0.0,0.0,0.0,0.0,0.0,0.0,0.0,0.0,0.0,0.0,1.0,0.0,0.0,0.0,0.0,0.0,0.0,0.0,0.0,0.0,0.0,0.0,0.0,0.0,0.0,0.0,0.0,0.0,0.0,0.0,0.0,0.0,0.0,0.0,0.0,0.0,0.0,0.0,0.0,0.0,0.0,0.0,0.0,0.0,0.0,0.0,0.0,0.0,0.0,0.0,0.0
attack,"""gbeleeTTTTIIleele0I",time,time,seqgan_master,seqgan_master__final__time__A__500__MASTER__raw_character__len20__gpre120__reward_off__seed88,988,20.0,8.0,2.6709505944546685,18.0,1.0,0.0,1.0,0.9,0.05,0.0,0.05,0.0,1.0,0.0,0.0,0.0,0.0,0.0,0.0,0.0,0.0,0.0,0.0,0.0,1.0,0.0,0.0,0.0,0.0,0.0,0.0,0.0,0.0,0.0,0.0,0.0,0.0,0.0,0.0,0.0,0.0,0.0,0.0,0.0,0.0,0.0,0.0,0.0,0.0,0.0,0.0,0.0,0.0,0.0,0.0,0.0,0.0,0.0,0.0,0.0,0.0,0.0,0.0,0.0,0.0
attack,"""gbeleeleeTTTIpgTlle",time,time,seqgan_master,seqgan_master__final__time__A__500__MASTER__raw_character__len20__gpre120__reward_off__seed88,989,20.0,8.0,2.6464393446710157,19.0,0.0,0.0,1.0,0.95,0.0,0.0,0.05,0.0,1.0,0.0,0.0,0.0,0.0,0.0,0.0,0.0,0.0,0.0,0.0,0.0,1.0,0.0,0.0,0.0,0.0,0.0,0.0,0.0,0.0,0.0,0.0,0.0,0.0,0.0,0.0,0.0,0.0,0.0,0.0,0.0,0.0,0.0,0.0,0.0,0.0,0.0,0.0,0.0,0.0,0.0,0.0,0.0,0.0,0.0,0.0,0.0,0.0,0.0,0.0,0.0,0.0
attack,"""gbeleeTTTpgTIngTbel",time,time,seqgan_master,seqgan_master__final__time__A__500__MASTER__raw_character__len20__gpre120__reward_off__seed88,990,20.0,9.0,2.9037016960573485,19.0,0.0,0.0,1.0,0.95,0.0,0.0,0.05,0.0,1.0,0.0,0.0,0.0,0.0,0.0,0.0,0.0,0.0,0.0,0.0,0.0,1.0,0.0,0.0,0.0,0.0,0.0,0.0,0.0,0.0,0.0,0.0,0.0,0.0,0.0,0.0,0.0,0.0,0.0,0.0,0.0,0.0,0.0,0.0,0.0,0.0,0.0,0.0,0.0,0.0,0.0,0.0,0.0,0.0,0.0,0.0,0.0,0.0,0.0,0.0,0.0,0.0
attack,"""gbgbeleeeTbeleTIIMb",time,time,seqgan_master,seqgan_master__final__time__A__500__MASTER__raw_character__len20__gpre120__reward_off__seed88,991,20.0,8.0,2.746439344671016,19.0,0.0,0.0,1.0,0.95,0.0,0.0,0.05,0.0,1.0,0.0,0.0,0.0,0.0,0.0,0.0,0.0,0.0,0.0,0.0,0.0,1.0,0.0,0.0,0.0,0.0,0.0,0.0,0.0,0.0,0.0,0.0,0.0,0.0,0.0,0.0,0.0,0.0,0.0,0.0,0.0,0.0,0.0,0.0,0.0,0.0,0.0,0.0,0.0,0.0,0.0,0.0,0.0,0.0,0.0,0.0,0.0,0.0,0.0,0.0,0.0,0.0
attack,"""gbelegbeleele_leeTb",time,time,seqgan_master,seqgan_master__final__time__A__500__MASTER__raw_character__len20__gpre120__reward_off__seed88,992,20.0,7.0,2.384183719779189,18.0,0.0,0.0,2.0,0.9,0.0,0.0,0.1,0.0,1.0,0.0,0.0,0.0,0.0,0.0,0.0,0.0,1.0,0.0,0.0,0.0,1.0,0.0,0.0,0.0,0.0,0.0,0.0,0.0,0.0,0.0,0.0,0.0,0.0,0.0,0.0,0.0,0.0,0.0,0.0,0.0,0.0,0.0,0.0,0.0,0.0,0.0,0.0,0.0,0.0,0.0,0.0,0.0,0.0,0.0,0.0,0.0,0.0,0.0,0.0,0.0,0.0
attack,"""gbeleeleTbeTleTbTpg",time,time,seqgan_master,seqgan_master__final__time__A__500__MASTER__raw_character__len20__gpre120__reward_off__seed88,993,20.0,7.0,2.5709505944546684,19.0,0.0,0.0,1.0,0.95,0.0,0.0,0.05,0.0,1.0,0.0,0.0,0.0,0.0,0.0,0.0,0.0,0.0,0.0,0.0,0.0,1.0,0.0,0.0,0.0,0.0,0.0,0.0,0.0,0.0,0.0,0.0,0.0,0.0,0.0,0.0,0.0,0.0,0.0,0.0,0.0,0.0,0.0,0.0,0.0,0.0,0.0,0.0,0.0,0.0,0.0,0.0,0.0,0.0,0.0,0.0,0.0,0.0,0.0,0.0,0.0,0.0
attack,"""gbeleelebeTTTTTIpgT",time,time,seqgan_master,seqgan_master__final__time__A__500__MASTER__raw_character__len20__gpre120__reward_off__seed88,994,20.0,8.0,2.665957320949175,19.0,0.0,0.0,1.0,0.95,0.0,0.0,0.05,0.0,1.0,0.0,0.0,0.0,0.0,0.0,0.0,0.0,0.0,0.0,0.0,0.0,1.0,0.0,0.0,0.0,0.0,0.0,0.0,0.0,0.0,0.0,0.0,0.0,0.0,0.0,0.0,0.0,0.0,0.0,0.0,0.0,0.0,0.0,0.0,0.0,0.0,0.0,0.0,0.0,0.0,0.0,0.0,0.0,0.0,0.0,0.0,0.0,0.0,0.0,0.0,0.0,0.0
attack,"""gbeleleeeTTbe0leTeT",time,time,seqgan_master,seqgan_master__final__time__A__500__MASTER__raw_character__len20__gpre120__reward_off__seed88,995,20.0,7.0,2.384183719779189,18.0,1.0,0.0,1.0,0.9,0.05,0.0,0.05,0.0,1.0,0.0,0.0,0.0,0.0,0.0,0.0,0.0,0.0,0.0,0.0,0.0,1.0,0.0,0.0,0.0,0.0,0.0,0.0,0.0,0.0,0.0,0.0,0.0,0.0,0.0,0.0,0.0,0.0,0.0,0.0,0.0,0.0,0.0,0.0,0.0,0.0,0.0,0.0,0.0,0.0,0.0,0.0,0.0,0.0,0.0,0.0,0.0,0.0,0.0,0.0,0.0,0.0
attack,"""gbelelebeelele0rbee",time,time,seqgan_master,seqgan_master__final__time__A__500__MASTER__raw_character__len20__gpre120__reward_off__seed88,996,20.0,7.0,2.2577174691301485,18.0,1.0,0.0,1.0,0.9,0.05,0.0,0.05,0.0,1.0,0.0,0.0,0.0,0.0,0.0,0.0,0.0,0.0,0.0,0.0,0.0,1.0,0.0,0.0,0.0,0.0,0.0,0.0,0.0,0.0,0.0,0.0,0.0,0.0,0.0,0.0,0.0,0.0,0.0,0.0,0.0,0.0,0.0,0.0,0.0,0.0,0.0,0.0,0.0,0.0,0.0,0.0,0.0,0.0,0.0,0.0,0.0,0.0,0.0,0.0,0.0,0.0
attack,"""g_beleeeTleTbTTTTTT",time,time,seqgan_master,seqgan_master__final__time__A__500__MASTER__raw_character__len20__gpre120__reward_off__seed88,997,20.0,7.0,2.341446071165522,18.0,0.0,0.0,2.0,0.9,0.0,0.0,0.1,0.0,1.0,0.0,0.0,0.0,0.0,0.0,0.0,0.0,1.0,0.0,0.0,0.0,1.0,0.0,0.0,0.0,0.0,0.0,0.0,0.0,0.0,0.0,0.0,0.0,0.0,0.0,0.0,0.0,0.0,0.0,0.0,0.0,0.0,0.0,0.0,0.0,0.0,0.0,0.0,0.0,0.0,0.0,0.0,0.0,0.0,0.0,0.0,0.0,0.0,0.0,0.0,0.0,0.0
attack,"""gbeleT5leTTMbelebel",time,time,seqgan_master,seqgan_master__final__time__A__500__MASTER__raw_character__len20__gpre120__reward_off__seed88,998,20.0,8.0,2.6709505944546685,18.0,1.0,0.0,1.0,0.9,0.05,0.0,0.05,0.0,1.0,0.0,0.0,0.0,0.0,0.0,0.0,0.0,0.0,0.0,0.0,0.0,1.0,0.0,0.0,0.0,0.0,0.0,0.0,0.0,0.0,0.0,0.0,0.0,0.0,0.0,0.0,0.0,0.0,0.0,0.0,0.0,0.0,0.0,0.0,0.0,0.0,0.0,0.0,0.0,0.0,0.0,0.0,0.0,0.0,0.0,0.0,0.0,0.0,0.0,0.0,0.0,0.0
attack,"""gbeleeleleleleleTbe",time,time,seqgan_master,seqgan_master__final__time__A__500__MASTER__raw_character__len20__gpre120__reward_off__seed88,999,20.0,6.0,2.0199730940219753,19.0,0.0,0.0,1.0,0.95,0.0,0.0,0.05,0.0,1.0,0.0,0.0,0.0,0.0,0.0,0.0,0.0,0.0,0.0,0.0,0.0,1.0,0.0,0.0,0.0,0.0,0.0,0.0,0.0,0.0,0.0,0.0,0.0,0.0,0.0,0.0,0.0,0.0,0.0,0.0,0.0,0.0,0.0,0.0,0.0,0.0,0.0,0.0,0.0,0.0,0.0,0.0,0.0,0.0,0.0,0.0,0.0,0.0,0.0,0.0,0.0,0.0
attack,",wibeleleeTTIMbeelri",time,time,seqgan_master,seqgan_master__final__time__A__500__MASTER__raw_character__len20__gpre120__reward_off__seed88,1000,20.0,10.0,3.008694969562842,19.0,0.0,0.0,1.0,0.95,0.0,0.0,0.05,0.0,0.0,0.0,0.0,0.0,0.0,0.0,0.0,0.0,0.0,1.0,0.0,0.0,0.0,0.0,0.0,0.0,0.0,0.0,0.0,0.0,0.0,0.0,0.0,0.0,0.0,0.0,0.0,0.0,0.0,0.0,0.0,0.0,0.0,0.0,0.0,0.0,0.0,0.0,0.0,0.0,0.0,0.0,0.0,0.0,0.0,0.0,0.0,0.0,0.0,0.0,0.0,0.0,0.0
attack,gnelee0TTTTTIIITTIIs,time,time,seqgan_master,seqgan_master__final__time__A__500__MASTER__raw_character__len20__gpre120__reward_off__seed88,1001,20.0,8.0,2.521127473337187,19.0,1.0,0.0,0.0,0.95,0.05,0.0,0.0,0.0,0.0,0.0,0.0,0.0,0.0,0.0,0.0,0.0,0.0,0.0,0.0,0.0,0.0,0.0,0.0,0.0,0.0,0.0,0.0,0.0,0.0,0.0,0.0,0.0,0.0,0.0,0.0,0.0,0.0,0.0,0.0,0.0,0.0,0.0,0.0,0.0,0.0,0.0,0.0,0.0,0.0,0.0,0.0,0.0,0.0,0.0,0.0,0.0,0.0,0.0,0.0,0.0,0.0
attack,"""gbeele0eTTTTTTTIIMb",time,time,seqgan_master,seqgan_master__final__time__A__500__MASTER__raw_character__len20__gpre120__reward_off__seed88,1002,20.0,9.0,2.739353872167201,18.0,1.0,0.0,1.0,0.9,0.05,0.0,0.05,0.0,1.0,0.0,0.0,0.0,0.0,0.0,0.0,0.0,0.0,0.0,0.0,0.0,1.0,0.0,0.0,0.0,0.0,0.0,0.0,0.0,0.0,0.0,0.0,0.0,0.0,0.0,0.0,0.0,0.0,0.0,0.0,0.0,0.0,0.0,0.0,0.0,0.0,0.0,0.0,0.0,0.0,0.0,0.0,0.0,0.0,0.0,0.0,0.0,0.0,0.0,0.0,0.0,0.0
attack,"""gbeeleeTIMeleTTIble",time,time,seqgan_master,seqgan_master__final__time__A__500__MASTER__raw_character__len20__gpre120__reward_off__seed88,1003,20.0,8.0,2.6638651219508542,19.0,0.0,0.0,1.0,0.95,0.0,0.0,0.05,0.0,1.0,0.0,0.0,0.0,0.0,0.0,0.0,0.0,0.0,0.0,0.0,0.0,1.0,0.0,0.0,0.0,0.0,0.0,0.0,0.0,0.0,0.0,0.0,0.0,0.0,0.0,0.0,0.0,0.0,0.0,0.0,0.0,0.0,0.0,0.0,0.0,0.0,0.0,0.0,0.0,0.0,0.0,0.0,0.0,0.0,0.0,0.0,0.0,0.0,0.0,0.0,0.0,0.0
attack,"""gbeleeTIIMbeTTMbele",time,time,seqgan_master,seqgan_master__final__time__A__500__MASTER__raw_character__len20__gpre120__reward_off__seed88,1004,20.0,8.0,2.7709505944546686,19.0,0.0,0.0,1.0,0.95,0.0,0.0,0.05,0.0,1.0,0.0,0.0,0.0,0.0,0.0,0.0,0.0,0.0,0.0,0.0,0.0,1.0,0.0,0.0,0.0,0.0,0.0,0.0,0.0,0.0,0.0,0.0,0.0,0.0,0.0,0.0,0.0,0.0,0.0,0.0,0.0,0.0,0.0,0.0,0.0,0.0,0.0,0.0,0.0,0.0,0.0,0.0,0.0,0.0,0.0,0.0,0.0,0.0,0.0,0.0,0.0,0.0
attack,"""gbeleleeTIMbeleleTT",time,time,seqgan_master,seqgan_master__final__time__A__500__MASTER__raw_character__len20__gpre120__reward_off__seed88,1005,20.0,8.0,2.6016094970590276,19.0,0.0,0.0,1.0,0.95,0.0,0.0,0.05,0.0,1.0,0.0,0.0,0.0,0.0,0.0,0.0,0.0,0.0,0.0,0.0,0.0,1.0,0.0,0.0,0.0,0.0,0.0,0.0,0.0,0.0,0.0,0.0,0.0,0.0,0.0,0.0,0.0,0.0,0.0,0.0,0.0,0.0,0.0,0.0,0.0,0.0,0.0,0.0,0.0,0.0,0.0,0.0,0.0,0.0,0.0,0.0,0.0,0.0,0.0,0.0,0.0,0.0
attack,"""gbeelele0eTTIIIIIIy",time,time,seqgan_master,seqgan_master__final__time__A__500__MASTER__raw_character__len20__gpre120__reward_off__seed88,1006,20.0,9.0,2.765957320949175,18.0,1.0,0.0,1.0,0.9,0.05,0.0,0.05,0.0,1.0,0.0,0.0,0.0,0.0,0.0,0.0,0.0,0.0,0.0,0.0,0.0,1.0,0.0,0.0,0.0,0.0,0.0,0.0,0.0,0.0,0.0,0.0,0.0,0.0,0.0,0.0,0.0,0.0,0.0,0.0,0.0,0.0,0.0,0.0,0.0,0.0,0.0,0.0,0.0,0.0,0.0,0.0,0.0,0.0,0.0,0.0,0.0,0.0,0.0,0.0,0.0,0.0
attack,"""gbeleeTbeleleTbeTTT",time,time,seqgan_master,seqgan_master__final__time__A__500__MASTER__raw_character__len20__gpre120__reward_off__seed88,1007,20.0,6.0,2.2833830982290135,19.0,0.0,0.0,1.0,0.95,0.0,0.0,0.05,0.0,1.0,0.0,0.0,0.0,0.0,0.0,0.0,0.0,0.0,0.0,0.0,0.0,1.0,0.0,0.0,0.0,0.0,0.0,0.0,0.0,0.0,0.0,0.0,0.0,0.0,0.0,0.0,0.0,0.0,0.0,0.0,0.0,0.0,0.0,0.0,0.0,0.0,0.0,0.0,0.0,0.0,0.0,0.0,0.0,0.0,0.0,0.0,0.0,0.0,0.0,0.0,0.0,0.0
attack,"""gbeleeleTbeTTIMbele",time,time,seqgan_master,seqgan_master__final__time__A__500__MASTER__raw_character__len20__gpre120__reward_off__seed88,1008,20.0,8.0,2.6261207468426804,19.0,0.0,0.0,1.0,0.95,0.0,0.0,0.05,0.0,1.0,0.0,0.0,0.0,0.0,0.0,0.0,0.0,0.0,0.0,0.0,0.0,1.0,0.0,0.0,0.0,0.0,0.0,0.0,0.0,0.0,0.0,0.0,0.0,0.0,0.0,0.0,0.0,0.0,0.0,0.0,0.0,0.0,0.0,0.0,0.0,0.0,0.0,0.0,0.0,0.0,0.0,0.0,0.0,0.0,0.0,0.0,0.0,0.0,0.0,0.0,0.0,0.0
attack,"""gbeleeleeleleTTTIMb",time,time,seqgan_master,seqgan_master__final__time__A__500__MASTER__raw_character__len20__gpre120__reward_off__seed88,1009,20.0,8.0,2.6016094970590276,19.0,0.0,0.0,1.0,0.95,0.0,0.0,0.05,0.0,1.0,0.0,0.0,0.0,0.0,0.0,0.0,0.0,0.0,0.0,0.0,0.0,1.0,0.0,0.0,0.0,0.0,0.0,0.0,0.0,0.0,0.0,0.0,0.0,0.0,0.0,0.0,0.0,0.0,0.0,0.0,0.0,0.0,0.0,0.0,0.0,0.0,0.0,0.0,0.0,0.0,0.0,0.0,0.0,0.0,0.0,0.0,0.0,0.0,0.0,0.0,0.0,0.0
attack,"""gbeleeleleeTITITTTI",time,time,seqgan_master,seqgan_master__final__time__A__500__MASTER__raw_character__len20__gpre120__reward_off__seed88,1010,20.0,7.0,2.490468570732828,19.0,0.0,0.0,1.0,0.95,0.0,0.0,0.05,0.0,1.0,0.0,0.0,0.0,0.0,0.0,0.0,0.0,0.0,0.0,0.0,0.0,1.0,0.0,0.0,0.0,0.0,0.0,0.0,0.0,0.0,0.0,0.0,0.0,0.0,0.0,0.0,0.0,0.0,0.0,0.0,0.0,0.0,0.0,0.0,0.0,0.0,0.0,0.0,0.0,0.0,0.0,0.0,0.0,0.0,0.0,0.0,0.0,0.0,0.0,0.0,0.0,0.0
attack,"""gbeleeTTTTTTTTTTIpg",time,time,seqgan_master,seqgan_master__final__time__A__500__MASTER__raw_character__len20__gpre120__reward_off__seed88,1011,20.0,8.0,2.323219672335508,19.0,0.0,0.0,1.0,0.95,0.0,0.0,0.05,0.0,1.0,0.0,0.0,0.0,0.0,0.0,0.0,0.0,0.0,0.0,0.0,0.0,1.0,0.0,0.0,0.0,0.0,0.0,0.0,0.0,0.0,0.0,0.0,0.0,0.0,0.0,0.0,0.0,0.0,0.0,0.0,0.0,0.0,0.0,0.0,0.0,0.0,0.0,0.0,0.0,0.0,0.0,0.0,0.0,0.0,0.0,0.0,0.0,0.0,0.0,0.0,0.0,0.0
attack,"""gbegleeele0leTITTTT",time,time,seqgan_master,seqgan_master__final__time__A__500__MASTER__raw_character__len20__gpre120__reward_off__seed88,1012,20.0,8.0,2.6282129458410015,18.0,1.0,0.0,1.0,0.9,0.05,0.0,0.05,0.0,1.0,0.0,0.0,0.0,0.0,0.0,0.0,0.0,0.0,0.0,0.0,0.0,1.0,0.0,0.0,0.0,0.0,0.0,0.0,0.0,0.0,0.0,0.0,0.0,0.0,0.0,0.0,0.0,0.0,0.0,0.0,0.0,0.0,0.0,0.0,0.0,0.0,0.0,0.0,0.0,0.0,0.0,0.0,0.0,0.0,0.0,0.0,0.0,0.0,0.0,0.0,0.0,0.0
attack,"""eleTbeTTTTTITpTdele",time,time,seqgan_master,seqgan_master__final__time__A__500__MASTER__raw_character__len20__gpre120__reward_off__seed88,1013,20.0,8.0,2.441446071165522,19.0,0.0,0.0,1.0,0.95,0.0,0.0,0.05,0.0,1.0,0.0,0.0,0.0,0.0,0.0,0.0,0.0,0.0,0.0,0.0,0.0,1.0,0.0,0.0,0.0,0.0,0.0,0.0,0.0,0.0,0.0,0.0,0.0,0.0,0.0,0.0,0.0,0.0,0.0,0.0,0.0,0.0,0.0,0.0,0.0,0.0,0.0,0.0,0.0,0.0,0.0,0.0,0.0,0.0,0.0,0.0,0.0,0.0,0.0,0.0,0.0,0.0
attack,"""gbeleeleleeTTITIpgT",time,time,seqgan_master,seqgan_master__final__time__A__500__MASTER__raw_character__len20__gpre120__reward_off__seed88,1014,20.0,8.0,2.708694969562842,19.0,0.0,0.0,1.0,0.95,0.0,0.0,0.05,0.0,1.0,0.0,0.0,0.0,0.0,0.0,0.0,0.0,0.0,0.0,0.0,0.0,1.0,0.0,0.0,0.0,0.0,0.0,0.0,0.0,0.0,0.0,0.0,0.0,0.0,0.0,0.0,0.0,0.0,0.0,0.0,0.0,0.0,0.0,0.0,0.0,0.0,0.0,0.0,0.0,0.0,0.0,0.0,0.0,0.0,0.0,0.0,0.0,0.0,0.0,0.0,0.0,0.0
attack,"""gbeleeleeleleleTTIb",time,time,seqgan_master,seqgan_master__final__time__A__500__MASTER__raw_character__len20__gpre120__reward_off__seed88,1015,20.0,7.0,2.341446071165522,19.0,0.0,0.0,1.0,0.95,0.0,0.0,0.05,0.0,1.0,0.0,0.0,0.0,0.0,0.0,0.0,0.0,0.0,0.0,0.0,0.0,1.0,0.0,0.0,0.0,0.0,0.0,0.0,0.0,0.0,0.0,0.0,0.0,0.0,0.0,0.0,0.0,0.0,0.0,0.0,0.0,0.0,0.0,0.0,0.0,0.0,0.0,0.0,0.0,0.0,0.0,0.0,0.0,0.0,0.0,0.0,0.0,0.0,0.0,0.0,0.0,0.0
attack,"""gbeleeleTTTIpgTIbel",time,time,seqgan_master,seqgan_master__final__time__A__500__MASTER__raw_character__len20__gpre120__reward_off__seed88,1016,20.0,8.0,2.8037016960573484,19.0,0.0,0.0,1.0,0.95,0.0,0.0,0.05,0.0,1.0,0.0,0.0,0.0,0.0,0.0,0.0,0.0,0.0,0.0,0.0,0.0,1.0,0.0,0.0,0.0,0.0,0.0,0.0,0.0,0.0,0.0,0.0,0.0,0.0,0.0,0.0,0.0,0.0,0.0,0.0,0.0,0.0,0.0,0.0,0.0,0.0,0.0,0.0,0.0,0.0,0.0,0.0,0.0,0.0,0.0,0.0,0.0,0.0,0.0,0.0,0.0,0.0
attack,"""gbeeleTpgbeleleTIbe",time,time,seqgan_master,seqgan_master__final__time__A__500__MASTER__raw_character__len20__gpre120__reward_off__seed88,1017,20.0,8.0,2.6638651219508542,19.0,0.0,0.0,1.0,0.95,0.0,0.0,0.05,0.0,1.0,0.0,0.0,0.0,0.0,0.0,0.0,0.0,0.0,0.0,0.0,0.0,1.0,0.0,0.0,0.0,0.0,0.0,0.0,0.0,0.0,0.0,0.0,0.0,0.0,0.0,0.0,0.0,0.0,0.0,0.0,0.0,0.0,0.0,0.0,0.0,0.0,0.0,0.0,0.0,0.0,0.0,0.0,0.0,0.0,0.0,0.0,0.0,0.0,0.0,0.0,0.0,0.0
attack,"""gbeleleeeTTIpgTlele",time,time,seqgan_master,seqgan_master__final__time__A__500__MASTER__raw_character__len20__gpre120__reward_off__seed88,1018,20.0,8.0,2.6016094970590276,19.0,0.0,0.0,1.0,0.95,0.0,0.0,0.05,0.0,1.0,0.0,0.0,0.0,0.0,0.0,0.0,0.0,0.0,0.0,0.0,0.0,1.0,0.0,0.0,0.0,0.0,0.0,0.0,0.0,0.0,0.0,0.0,0.0,0.0,0.0,0.0,0.0,0.0,0.0,0.0,0.0,0.0,0.0,0.0,0.0,0.0,0.0,0.0,0.0,0.0,0.0,0.0,0.0,0.0,0.0,0.0,0.0,0.0,0.0,0.0,0.0,0.0
attack,"""gbeleebeleTIITTIbel",time,time,seqgan_master,seqgan_master__final__time__A__500__MASTER__raw_character__len20__gpre120__reward_off__seed88,1019,20.0,7.0,2.5954618442383217,19.0,0.0,0.0,1.0,0.95,0.0,0.0,0.05,0.0,1.0,0.0,0.0,0.0,0.0,0.0,0.0,0.0,0.0,0.0,0.0,0.0,1.0,0.0,0.0,0.0,0.0,0.0,0.0,0.0,0.0,0.0,0.0,0.0,0.0,0.0,0.0,0.0,0.0,0.0,0.0,0.0,0.0,0.0,0.0,0.0,0.0,0.0,0.0,0.0,0.0,0.0,0.0,0.0,0.0,0.0,0.0,0.0,0.0,0.0,0.0,0.0,0.0
attack,"""gbeleeTTIpgTbeleleT",time,time,seqgan_master,seqgan_master__final__time__A__500__MASTER__raw_character__len20__gpre120__reward_off__seed88,1020,20.0,8.0,2.708694969562842,19.0,0.0,0.0,1.0,0.95,0.0,0.0,0.05,0.0,1.0,0.0,0.0,0.0,0.0,0.0,0.0,0.0,0.0,0.0,0.0,0.0,1.0,0.0,0.0,0.0,0.0,0.0,0.0,0.0,0.0,0.0,0.0,0.0,0.0,0.0,0.0,0.0,0.0,0.0,0.0,0.0,0.0,0.0,0.0,0.0,0.0,0.0,0.0,0.0,0.0,0.0,0.0,0.0,0.0,0.0,0.0,0.0,0.0,0.0,0.0,0.0,0.0
attack,"""gbeleeleeTTbeleleTT",time,time,seqgan_master,seqgan_master__final__time__A__500__MASTER__raw_character__len20__gpre120__reward_off__seed88,1021,20.0,6.0,2.221928094887362,19.0,0.0,0.0,1.0,0.95,0.0,0.0,0.05,0.0,1.0,0.0,0.0,0.0,0.0,0.0,0.0,0.0,0.0,0.0,0.0,0.0,1.0,0.0,0.0,0.0,0.0,0.0,0.0,0.0,0.0,0.0,0.0,0.0,0.0,0.0,0.0,0.0,0.0,0.0,0.0,0.0,0.0,0.0,0.0,0.0,0.0,0.0,0.0,0.0,0.0,0.0,0.0,0.0,0.0,0.0,0.0,0.0,0.0,0.0,0.0,0.0,0.0
attack,"""gbeleleeeleTIdelele",time,time,seqgan_master,seqgan_master__final__time__A__500__MASTER__raw_character__len20__gpre120__reward_off__seed88,1022,20.0,8.0,2.3149798205164815,19.0,0.0,0.0,1.0,0.95,0.0,0.0,0.05,0.0,1.0,0.0,0.0,0.0,0.0,0.0,0.0,0.0,0.0,0.0,0.0,0.0,1.0,0.0,0.0,0.0,0.0,0.0,0.0,0.0,0.0,0.0,0.0,0.0,0.0,0.0,0.0,0.0,0.0,0.0,0.0,0.0,0.0,0.0,0.0,0.0,0.0,0.0,0.0,0.0,0.0,0.0,0.0,0.0,0.0,0.0,0.0,0.0,0.0,0.0,0.0,0.0,0.0
attack,"""gbeleleeleTpgT5TTTI",time,time,seqgan_master,seqgan_master__final__time__A__500__MASTER__raw_character__len20__gpre120__reward_off__seed88,1023,20.0,9.0,2.823219672335508,18.0,1.0,0.0,1.0,0.9,0.05,0.0,0.05,0.0,1.0,0.0,0.0,0.0,0.0,0.0,0.0,0.0,0.0,0.0,0.0,0.0,1.0,0.0,0.0,0.0,0.0,0.0,0.0,0.0,0.0,0.0,0.0,0.0,0.0,0.0,0.0,0.0,0.0,0.0,0.0,0.0,0.0,0.0,0.0,0.0,0.0,0.0,0.0,0.0,0.0,0.0,0.0,0.0,0.0,0.0,0.0,0.0,0.0,0.0,0.0,0.0,0.0
attack,"""gbeleeleTbelemeTbeT",time,time,seqgan_master,seqgan_master__final__time__A__500__MASTER__raw_character__len20__gpre120__reward_off__seed88,1024,20.0,7.0,2.408694969562842,19.0,0.0,0.0,1.0,0.95,0.0,0.0,0.05,0.0,1.0,0.0,0.0,0.0,0.0,0.0,0.0,0.0,0.0,0.0,0.0,0.0,1.0,0.0,0.0,0.0,0.0,0.0,0.0,0.0,0.0,0.0,0.0,0.0,0.0,0.0,0.0,0.0,0.0,0.0,0.0,0.0,0.0,0.0,0.0,0.0,0.0,0.0,0.0,0.0,0.0,0.0,0.0,0.0,0.0,0.0,0.0,0.0,0.0,0.0,0.0,0.0,0.0
attack,"""gbeleleleeTIlele Tp",time,time,seqgan_master,seqgan_master__final__time__A__500__MASTER__raw_character__len20__gpre120__reward_off__seed88,1025,20.0,9.0,2.6588718484453606,18.0,0.0,1.0,1.0,0.9,0.0,0.05,0.05,0.0,1.0,0.0,0.0,0.0,0.0,0.0,0.0,0.0,0.0,0.0,0.0,0.0,1.0,0.0,0.0,0.0,0.0,0.0,0.0,0.0,0.0,0.0,0.0,0.0,0.0,0.0,0.0,0.0,0.0,0.0,0.0,0.0,0.0,0.0,0.0,0.0,0.0,0.0,0.0,0.0,0.0,0.0,0.0,0.0,0.0,0.0,0.0,0.0,0.0,0.0,0.0,0.0,0.0
attack,"""gbeleeleTbeleleTI",time,time,seqgan_master,seqgan_master__final__time__A__500__MASTER__raw_character__len20__gpre120__reward_off__seed88,1026,18.0,7.0,2.411509198419911,17.0,0.0,0.0,1.0,0.9444444444444444,0.0,0.0,0.05555555555555555,0.0,1.0,0.0,0.0,0.0,0.0,0.0,0.0,0.0,0.0,0.0,0.0,0.0,1.0,0.0,0.0,0.0,0.0,0.0,0.0,0.0,0.0,0.0,0.0,0.0,0.0,0.0,0.0,0.0,0.0,0.0,0.0,0.0,0.0,0.0,0.0,0.0,0.0,0.0,0.0,0.0,0.0,0.0,0.0,0.0,0.0,0.0,0.0,0.0,0.0,0.0,0.0,0.0,0.0
attack,"""gbegbeelelebeeTITIM",time,time,seqgan_master,seqgan_master__final__time__A__500__MASTER__raw_character__len20__gpre120__reward_off__seed88,1027,20.0,8.0,2.7016094970590276,19.0,0.0,0.0,1.0,0.95,0.0,0.0,0.05,0.0,1.0,0.0,0.0,0.0,0.0,0.0,0.0,0.0,0.0,0.0,0.0,0.0,1.0,0.0,0.0,0.0,0.0,0.0,0.0,0.0,0.0,0.0,0.0,0.0,0.0,0.0,0.0,0.0,0.0,0.0,0.0,0.0,0.0,0.0,0.0,0.0,0.0,0.0,0.0,0.0,0.0,0.0,0.0,0.0,0.0,0.0,0.0,0.0,0.0,0.0,0.0,0.0,0.0
attack,gngbeleeleeTInleleTe,time,time,seqgan_master,seqgan_master__final__time__A__500__MASTER__raw_character__len20__gpre120__reward_off__seed88,1028,20.0,7.0,2.4219280948873623,20.0,0.0,0.0,0.0,1.0,0.0,0.0,0.0,0.0,0.0,0.0,0.0,0.0,0.0,0.0,0.0,0.0,0.0,0.0,0.0,0.0,0.0,0.0,0.0,0.0,0.0,0.0,0.0,0.0,0.0,0.0,0.0,0.0,0.0,0.0,0.0,0.0,0.0,0.0,0.0,0.0,0.0,0.0,0.0,0.0,0.0,0.0,0.0,0.0,0.0,0.0,0.0,0.0,0.0,0.0,0.0,0.0,0.0,0.0,0.0,0.0,0.0
attack,"""gbeleeleleleTeTTTIp",time,time,seqgan_master,seqgan_master__final__time__A__500__MASTER__raw_character__len20__gpre120__reward_off__seed88,1029,20.0,8.0,2.539353872167201,19.0,0.0,0.0,1.0,0.95,0.0,0.0,0.05,0.0,1.0,0.0,0.0,0.0,0.0,0.0,0.0,0.0,0.0,0.0,0.0,0.0,1.0,0.0,0.0,0.0,0.0,0.0,0.0,0.0,0.0,0.0,0.0,0.0,0.0,0.0,0.0,0.0,0.0,0.0,0.0,0.0,0.0,0.0,0.0,0.0,0.0,0.0,0.0,0.0,0.0,0.0,0.0,0.0,0.0,0.0,0.0,0.0,0.0,0.0,0.0,0.0,0.0
attack,"""gbeleTleTIIIleleleT",time,time,seqgan_master,seqgan_master__final__time__A__500__MASTER__raw_character__len20__gpre120__reward_off__seed88,1030,20.0,7.0,2.490468570732828,19.0,0.0,0.0,1.0,0.95,0.0,0.0,0.05,0.0,1.0,0.0,0.0,0.0,0.0,0.0,0.0,0.0,0.0,0.0,0.0,0.0,1.0,0.0,0.0,0.0,0.0,0.0,0.0,0.0,0.0,0.0,0.0,0.0,0.0,0.0,0.0,0.0,0.0,0.0,0.0,0.0,0.0,0.0,0.0,0.0,0.0,0.0,0.0,0.0,0.0,0.0,0.0,0.0,0.0,0.0,0.0,0.0,0.0,0.0,0.0,0.0,0.0
attack,"""gbeglegbeeleTIeTTTI",time,time,seqgan_master,seqgan_master__final__time__A__500__MASTER__raw_character__len20__gpre120__reward_off__seed88,1031,20.0,7.0,2.6086949695628423,19.0,0.0,0.0,1.0,0.95,0.0,0.0,0.05,0.0,1.0,0.0,0.0,0.0,0.0,0.0,0.0,0.0,0.0,0.0,0.0,0.0,1.0,0.0,0.0,0.0,0.0,0.0,0.0,0.0,0.0,0.0,0.0,0.0,0.0,0.0,0.0,0.0,0.0,0.0,0.0,0.0,0.0,0.0,0.0,0.0,0.0,0.0,0.0,0.0,0.0,0.0,0.0,0.0,0.0,0.0,0.0,0.0,0.0,0.0,0.0,0.0,0.0
attack,"""gbegbeleeleleeleTIT",time,time,seqgan_master,seqgan_master__final__time__A__500__MASTER__raw_character__len20__gpre120__reward_off__seed88,1032,20.0,7.0,2.4219280948873623,19.0,0.0,0.0,1.0,0.95,0.0,0.0,0.05,0.0,1.0,0.0,0.0,0.0,0.0,0.0,0.0,0.0,0.0,0.0,0.0,0.0,1.0,0.0,0.0,0.0,0.0,0.0,0.0,0.0,0.0,0.0,0.0,0.0,0.0,0.0,0.0,0.0,0.0,0.0,0.0,0.0,0.0,0.0,0.0,0.0,0.0,0.0,0.0,0.0,0.0,0.0,0.0,0.0,0.0,0.0,0.0,0.0,0.0,0.0,0.0,0.0,0.0
attack,"""gbeleeTbeTIMbeleTTT",time,time,seqgan_master,seqgan_master__final__time__A__500__MASTER__raw_character__len20__gpre120__reward_off__seed88,1033,20.0,8.0,2.6282129458410015,19.0,0.0,0.0,1.0,0.95,0.0,0.0,0.05,0.0,1.0,0.0,0.0,0.0,0.0,0.0,0.0,0.0,0.0,0.0,0.0,0.0,1.0,0.0,0.0,0.0,0.0,0.0,0.0,0.0,0.0,0.0,0.0,0.0,0.0,0.0,0.0,0.0,0.0,0.0,0.0,0.0,0.0,0.0,0.0,0.0,0.0,0.0,0.0,0.0,0.0,0.0,0.0,0.0,0.0,0.0,0.0,0.0,0.0,0.0,0.0,0.0,0.0
attack,"""gbeeleleleleTIe0leT",time,time,seqgan_master,seqgan_master__final__time__A__500__MASTER__raw_character__len20__gpre120__reward_off__seed88,1034,20.0,8.0,2.441446071165522,18.0,1.0,0.0,1.0,0.9,0.05,0.0,0.05,0.0,1.0,0.0,0.0,0.0,0.0,0.0,0.0,0.0,0.0,0.0,0.0,0.0,1.0,0.0,0.0,0.0,0.0,0.0,0.0,0.0,0.0,0.0,0.0,0.0,0.0,0.0,0.0,0.0,0.0,0.0,0.0,0.0,0.0,0.0,0.0,0.0,0.0,0.0,0.0,0.0,0.0,0.0,0.0,0.0,0.0,0.0,0.0,0.0,0.0,0.0,0.0,0.0,0.0
attack,"""gbeleeTbeTTTTTTITTT",time,time,seqgan_master,seqgan_master__final__time__A__500__MASTER__raw_character__len20__gpre120__reward_off__seed88,1035,20.0,7.0,2.1609640474436813,19.0,0.0,0.0,1.0,0.95,0.0,0.0,0.05,0.0,1.0,0.0,0.0,0.0,0.0,0.0,0.0,0.0,0.0,0.0,0.0,0.0,1.0,0.0,0.0,0.0,0.0,0.0,0.0,0.0,0.0,0.0,0.0,0.0,0.0,0.0,0.0,0.0,0.0,0.0,0.0,0.0,0.0,0.0,0.0,0.0,0.0,0.0,0.0,0.0,0.0,0.0,0.0,0.0,0.0,0.0,0.0,0.0,0.0,0.0,0.0,0.0,0.0
attack,"""gbegbeleleleeleeTeT",time,time,seqgan_master,seqgan_master__final__time__A__500__MASTER__raw_character__len20__gpre120__reward_off__seed88,1036,20.0,6.0,2.195461844238322,19.0,0.0,0.0,1.0,0.95,0.0,0.0,0.05,0.0,1.0,0.0,0.0,0.0,0.0,0.0,0.0,0.0,0.0,0.0,0.0,0.0,1.0,0.0,0.0,0.0,0.0,0.0,0.0,0.0,0.0,0.0,0.0,0.0,0.0,0.0,0.0,0.0,0.0,0.0,0.0,0.0,0.0,0.0,0.0,0.0,0.0,0.0,0.0,0.0,0.0,0.0,0.0,0.0,0.0,0.0,0.0,0.0,0.0,0.0,0.0,0.0,0.0
attack,"""gbeleleeleleleeTIbe",time,time,seqgan_master,seqgan_master__final__time__A__500__MASTER__raw_character__len20__gpre120__reward_off__seed88,1037,20.0,7.0,2.2149798205164815,19.0,0.0,0.0,1.0,0.95,0.0,0.0,0.05,0.0,1.0,0.0,0.0,0.0,0.0,0.0,0.0,0.0,0.0,0.0,0.0,0.0,1.0,0.0,0.0,0.0,0.0,0.0,0.0,0.0,0.0,0.0,0.0,0.0,0.0,0.0,0.0,0.0,0.0,0.0,0.0,0.0,0.0,0.0,0.0,0.0,0.0,0.0,0.0,0.0,0.0,0.0,0.0,0.0,0.0,0.0,0.0,0.0,0.0,0.0,0.0,0.0,0.0
attack,"""gbelelee0pgTIbelele",time,time,seqgan_master,seqgan_master__final__time__A__500__MASTER__raw_character__len20__gpre120__reward_off__seed88,1038,20.0,9.0,2.739353872167201,18.0,1.0,0.0,1.0,0.9,0.05,0.0,0.05,0.0,1.0,0.0,0.0,0.0,0.0,0.0,0.0,0.0,0.0,0.0,0.0,0.0,1.0,0.0,0.0,0.0,0.0,0.0,0.0,0.0,0.0,0.0,0.0,0.0,0.0,0.0,0.0,0.0,0.0,0.0,0.0,0.0,0.0,0.0,0.0,0.0,0.0,0.0,0.0,0.0,0.0,0.0,0.0,0.0,0.0,0.0,0.0,0.0,0.0,0.0,0.0,0.0,0.0
attack,"""gbeleeleleleleTbeTe",time,time,seqgan_master,seqgan_master__final__time__A__500__MASTER__raw_character__len20__gpre120__reward_off__seed88,1039,20.0,6.0,2.1149798205164814,19.0,0.0,0.0,1.0,0.95,0.0,0.0,0.05,0.0,1.0,0.0,0.0,0.0,0.0,0.0,0.0,0.0,0.0,0.0,0.0,0.0,1.0,0.0,0.0,0.0,0.0,0.0,0.0,0.0,0.0,0.0,0.0,0.0,0.0,0.0,0.0,0.0,0.0,0.0,0.0,0.0,0.0,0.0,0.0,0.0,0.0,0.0,0.0,0.0,0.0,0.0,0.0,0.0,0.0,0.0,0.0,0.0,0.0,0.0,0.0,0.0,0.0
attack,"""gbeleleleTbeeleTITI",time,time,seqgan_master,seqgan_master__final__time__A__500__MASTER__raw_character__len20__gpre120__reward_off__seed88,1040,20.0,7.0,2.5016094970590275,19.0,0.0,0.0,1.0,0.95,0.0,0.0,0.05,0.0,1.0,0.0,0.0,0.0,0.0,0.0,0.0,0.0,0.0,0.0,0.0,0.0,1.0,0.0,0.0,0.0,0.0,0.0,0.0,0.0,0.0,0.0,0.0,0.0,0.0,0.0,0.0,0.0,0.0,0.0,0.0,0.0,0.0,0.0,0.0,0.0,0.0,0.0,0.0,0.0,0.0,0.0,0.0,0.0,0.0,0.0,0.0,0.0,0.0,0.0,0.0,0.0,0.0
attack,""" beleTbeTeTTTTIpgTI",time,time,seqgan_master,seqgan_master__final__time__A__500__MASTER__raw_character__len20__gpre120__reward_off__seed88,1041,20.0,9.0,2.739353872167201,18.0,0.0,1.0,1.0,0.9,0.0,0.05,0.05,0.0,1.0,0.0,0.0,0.0,0.0,0.0,0.0,0.0,0.0,0.0,0.0,0.0,1.0,0.0,0.0,0.0,0.0,0.0,0.0,0.0,0.0,0.0,0.0,0.0,0.0,0.0,0.0,0.0,0.0,0.0,0.0,0.0,0.0,0.0,0.0,0.0,0.0,0.0,0.0,0.0,0.0,0.0,0.0,0.0,0.0,0.0,0.0,0.0,0.0,0.0,0.0,0.0,0.0
attack,"""gbeleeTTmeleTbbeele",time,time,seqgan_master,seqgan_master__final__time__A__500__MASTER__raw_character__len20__gpre120__reward_off__seed88,1042,20.0,7.0,2.408694969562842,19.0,0.0,0.0,1.0,0.95,0.0,0.0,0.05,0.0,1.0,0.0,0.0,0.0,0.0,0.0,0.0,0.0,0.0,0.0,0.0,0.0,1.0,0.0,0.0,0.0,0.0,0.0,0.0,0.0,0.0,0.0,0.0,0.0,0.0,0.0,0.0,0.0,0.0,0.0,0.0,0.0,0.0,0.0,0.0,0.0,0.0,0.0,0.0,0.0,0.0,0.0,0.0,0.0,0.0,0.0,0.0,0.0,0.0,0.0,0.0,0.0,0.0
attack,"""gbeeleeTTIMbeeTTTTI",time,time,seqgan_master,seqgan_master__final__time__A__500__MASTER__raw_character__len20__gpre120__reward_off__seed88,1043,20.0,8.0,2.570950594454669,19.0,0.0,0.0,1.0,0.95,0.0,0.0,0.05,0.0,1.0,0.0,0.0,0.0,0.0,0.0,0.0,0.0,0.0,0.0,0.0,0.0,1.0,0.0,0.0,0.0,0.0,0.0,0.0,0.0,0.0,0.0,0.0,0.0,0.0,0.0,0.0,0.0,0.0,0.0,0.0,0.0,0.0,0.0,0.0,0.0,0.0,0.0,0.0,0.0,0.0,0.0,0.0,0.0,0.0,0.0,0.0,0.0,0.0,0.0,0.0,0.0,0.0
attack,"""gbeeleleeTIMeeTTTTI",time,time,seqgan_master,seqgan_master__final__time__A__500__MASTER__raw_character__len20__gpre120__reward_off__seed88,1044,20.0,8.0,2.5588718484453605,19.0,0.0,0.0,1.0,0.95,0.0,0.0,0.05,0.0,1.0,0.0,0.0,0.0,0.0,0.0,0.0,0.0,0.0,0.0,0.0,0.0,1.0,0.0,0.0,0.0,0.0,0.0,0.0,0.0,0.0,0.0,0.0,0.0,0.0,0.0,0.0,0.0,0.0,0.0,0.0,0.0,0.0,0.0,0.0,0.0,0.0,0.0,0.0,0.0,0.0,0.0,0.0,0.0,0.0,0.0,0.0,0.0,0.0,0.0,0.0,0.0,0.0
attack,"""gbeleeleleberbelele",time,time,seqgan_master,seqgan_master__final__time__A__500__MASTER__raw_character__len20__gpre120__reward_off__seed88,1045,20.0,6.0,2.077235445408308,19.0,0.0,0.0,1.0,0.95,0.0,0.0,0.05,0.0,1.0,0.0,0.0,0.0,0.0,0.0,0.0,0.0,0.0,0.0,0.0,0.0,1.0,0.0,0.0,0.0,0.0,0.0,0.0,0.0,0.0,0.0,0.0,0.0,0.0,0.0,0.0,0.0,0.0,0.0,0.0,0.0,0.0,0.0,0.0,0.0,0.0,0.0,0.0,0.0,0.0,0.0,0.0,0.0,0.0,0.0,0.0,0.0,0.0,0.0,0.0,0.0,0.0
attack,"""gbeleeTTTTbeTIIIpgT",time,time,seqgan_master,seqgan_master__final__time__A__500__MASTER__raw_character__len20__gpre120__reward_off__seed88,1046,20.0,8.0,2.708694969562842,19.0,0.0,0.0,1.0,0.95,0.0,0.0,0.05,0.0,1.0,0.0,0.0,0.0,0.0,0.0,0.0,0.0,0.0,0.0,0.0,0.0,1.0,0.0,0.0,0.0,0.0,0.0,0.0,0.0,0.0,0.0,0.0,0.0,0.0,0.0,0.0,0.0,0.0,0.0,0.0,0.0,0.0,0.0,0.0,0.0,0.0,0.0,0.0,0.0,0.0,0.0,0.0,0.0,0.0,0.0,0.0,0.0,0.0,0.0,0.0,0.0,0.0
attack,"""gbeleebelelebelelee",time,time,seqgan_master,seqgan_master__final__time__A__500__MASTER__raw_character__len20__gpre120__reward_off__seed88,1047,20.0,5.0,1.8427376486136673,19.0,0.0,0.0,1.0,0.95,0.0,0.0,0.05,0.0,1.0,0.0,0.0,0.0,0.0,0.0,0.0,0.0,0.0,0.0,0.0,0.0,1.0,0.0,0.0,0.0,0.0,0.0,0.0,0.0,0.0,0.0,0.0,0.0,0.0,0.0,0.0,0.0,0.0,0.0,0.0,0.0,0.0,0.0,0.0,0.0,0.0,0.0,0.0,0.0,0.0,0.0,0.0,0.0,0.0,0.0,0.0,0.0,0.0,0.0,0.0,0.0,0.0
attack,"""gbeleeleTITTTTTTTII",time,time,seqgan_master,seqgan_master__final__time__A__500__MASTER__raw_character__len20__gpre120__reward_off__seed88,1048,20.0,7.0,2.384183719779189,19.0,0.0,0.0,1.0,0.95,0.0,0.0,0.05,0.0,1.0,0.0,0.0,0.0,0.0,0.0,0.0,0.0,0.0,0.0,0.0,0.0,1.0,0.0,0.0,0.0,0.0,0.0,0.0,0.0,0.0,0.0,0.0,0.0,0.0,0.0,0.0,0.0,0.0,0.0,0.0,0.0,0.0,0.0,0.0,0.0,0.0,0.0,0.0,0.0,0.0,0.0,0.0,0.0,0.0,0.0,0.0,0.0,0.0,0.0,0.0,0.0,0.0
attack,"""gbeleeleleTleTITTTI",time,time,seqgan_master,seqgan_master__final__time__A__500__MASTER__raw_character__len20__gpre120__reward_off__seed88,1049,20.0,7.0,2.465957320949175,19.0,0.0,0.0,1.0,0.95,0.0,0.0,0.05,0.0,1.0,0.0,0.0,0.0,0.0,0.0,0.0,0.0,0.0,0.0,0.0,0.0,1.0,0.0,0.0,0.0,0.0,0.0,0.0,0.0,0.0,0.0,0.0,0.0,0.0,0.0,0.0,0.0,0.0,0.0,0.0,0.0,0.0,0.0,0.0,0.0,0.0,0.0,0.0,0.0,0.0,0.0,0.0,0.0,0.0,0.0,0.0,0.0,0.0,0.0,0.0,0.0,0.0
attack,"""gbeleeTleTIIr0gbeIn",time,time,seqgan_master,seqgan_master__final__time__A__500__MASTER__raw_character__len20__gpre120__reward_off__seed88,1050,20.0,10.0,3.1037016960573487,18.0,1.0,0.0,1.0,0.9,0.05,0.0,0.05,0.0,1.0,0.0,0.0,0.0,0.0,0.0,0.0,0.0,0.0,0.0,0.0,0.0,1.0,0.0,0.0,0.0,0.0,0.0,0.0,0.0,0.0,0.0,0.0,0.0,0.0,0.0,0.0,0.0,0.0,0.0,0.0,0.0,0.0,0.0,0.0,0.0,0.0,0.0,0.0,0.0,0.0,0.0,0.0,0.0,0.0,0.0,0.0,0.0,0.0,0.0,0.0,0.0,0.0
attack,"""gbeleeleeTTIMeTTele",time,time,seqgan_master,seqgan_master__final__time__A__500__MASTER__raw_character__len20__gpre120__reward_off__seed88,1051,20.0,8.0,2.484183719779189,19.0,0.0,0.0,1.0,0.95,0.0,0.0,0.05,0.0,1.0,0.0,0.0,0.0,0.0,0.0,0.0,0.0,0.0,0.0,0.0,0.0,1.0,0.0,0.0,0.0,0.0,0.0,0.0,0.0,0.0,0.0,0.0,0.0,0.0,0.0,0.0,0.0,0.0,0.0,0.0,0.0,0.0,0.0,0.0,0.0,0.0,0.0,0.0,0.0,0.0,0.0,0.0,0.0,0.0,0.0,0.0,0.0,0.0,0.0,0.0,0.0,0.0
attack,"""gbeleeTTTIIIpgTyTde",time,time,seqgan_master,seqgan_master__final__time__A__500__MASTER__raw_character__len20__gpre120__reward_off__seed88,1052,20.0,10.0,3.0037016960573486,19.0,0.0,0.0,1.0,0.95,0.0,0.0,0.05,0.0,1.0,0.0,0.0,0.0,0.0,0.0,0.0,0.0,0.0,0.0,0.0,0.0,1.0,0.0,0.0,0.0,0.0,0.0,0.0,0.0,0.0,0.0,0.0,0.0,0.0,0.0,0.0,0.0,0.0,0.0,0.0,0.0,0.0,0.0,0.0,0.0,0.0,0.0,0.0,0.0,0.0,0.0,0.0,0.0,0.0,0.0,0.0,0.0,0.0,0.0,0.0,0.0,0.0
attack,"""gbeleeleleleleTTIMb",time,time,seqgan_master,seqgan_master__final__time__A__500__MASTER__raw_character__len20__gpre120__reward_off__seed88,1053,20.0,8.0,2.5588718484453605,19.0,0.0,0.0,1.0,0.95,0.0,0.0,0.05,0.0,1.0,0.0,0.0,0.0,0.0,0.0,0.0,0.0,0.0,0.0,0.0,0.0,1.0,0.0,0.0,0.0,0.0,0.0,0.0,0.0,0.0,0.0,0.0,0.0,0.0,0.0,0.0,0.0,0.0,0.0,0.0,0.0,0.0,0.0,0.0,0.0,0.0,0.0,0.0,0.0,0.0,0.0,0.0,0.0,0.0,0.0,0.0,0.0,0.0,0.0,0.0,0.0,0.0
attack,"""egbeleeTbeTleTTIMbe",time,time,seqgan_master,seqgan_master__final__time__A__500__MASTER__raw_character__len20__gpre120__reward_off__seed88,1054,20.0,8.0,2.6016094970590276,19.0,0.0,0.0,1.0,0.95,0.0,0.0,0.05,0.0,1.0,0.0,0.0,0.0,0.0,0.0,0.0,0.0,0.0,0.0,0.0,0.0,1.0,0.0,0.0,0.0,0.0,0.0,0.0,0.0,0.0,0.0,0.0,0.0,0.0,0.0,0.0,0.0,0.0,0.0,0.0,0.0,0.0,0.0,0.0,0.0,0.0,0.0,0.0,0.0,0.0,0.0,0.0,0.0,0.0,0.0,0.0,0.0,0.0,0.0,0.0,0.0,0.0
attack,"""gbeleeleTTITTTpgTtr",time,time,seqgan_master,seqgan_master__final__time__A__500__MASTER__raw_character__len20__gpre120__reward_off__seed88,1055,20.0,10.0,2.9464393446710155,19.0,0.0,0.0,1.0,0.95,0.0,0.0,0.05,0.0,1.0,0.0,0.0,0.0,0.0,0.0,0.0,0.0,0.0,0.0,0.0,0.0,1.0,0.0,0.0,0.0,0.0,0.0,0.0,0.0,0.0,0.0,0.0,0.0,0.0,0.0,0.0,0.0,0.0,0.0,0.0,0.0,0.0,0.0,0.0,0.0,0.0,0.0,0.0,0.0,0.0,0.0,0.0,0.0,0.0,0.0,0.0,0.0,0.0,0.0,0.0,0.0,0.0
attack,"""gbeeleleTTTTTIpgTbe",time,time,seqgan_master,seqgan_master__final__time__A__500__MASTER__raw_character__len20__gpre120__reward_off__seed88,1056,20.0,8.0,2.665957320949175,19.0,0.0,0.0,1.0,0.95,0.0,0.0,0.05,0.0,1.0,0.0,0.0,0.0,0.0,0.0,0.0,0.0,0.0,0.0,0.0,0.0,1.0,0.0,0.0,0.0,0.0,0.0,0.0,0.0,0.0,0.0,0.0,0.0,0.0,0.0,0.0,0.0,0.0,0.0,0.0,0.0,0.0,0.0,0.0,0.0,0.0,0.0,0.0,0.0,0.0,0.0,0.0,0.0,0.0,0.0,0.0,0.0,0.0,0.0,0.0,0.0,0.0
attack,"""gbelegTbeleeleTTTTT",time,time,seqgan_master,seqgan_master__final__time__A__500__MASTER__raw_character__len20__gpre120__reward_off__seed88,1057,20.0,6.0,2.3332062193464953,19.0,0.0,0.0,1.0,0.95,0.0,0.0,0.05,0.0,1.0,0.0,0.0,0.0,0.0,0.0,0.0,0.0,0.0,0.0,0.0,0.0,1.0,0.0,0.0,0.0,0.0,0.0,0.0,0.0,0.0,0.0,0.0,0.0,0.0,0.0,0.0,0.0,0.0,0.0,0.0,0.0,0.0,0.0,0.0,0.0,0.0,0.0,0.0,0.0,0.0,0.0,0.0,0.0,0.0,0.0,0.0,0.0,0.0,0.0,0.0,0.0,0.0
attack,"""gbeleleeTleeTTTIpg(",time,time,seqgan_master,seqgan_master__final__time__A__500__MASTER__raw_character__len20__gpre120__reward_off__seed88,1058,20.0,9.0,2.808694969562842,18.0,0.0,0.0,2.0,0.9,0.0,0.0,0.1,0.0,1.0,0.0,0.0,0.0,0.0,0.0,1.0,0.0,0.0,0.0,0.0,0.0,1.0,0.0,0.0,0.0,0.0,1.0,0.0,0.0,0.0,0.0,0.0,0.0,0.0,0.0,0.0,0.0,0.0,0.0,0.0,0.0,0.0,0.0,0.0,0.0,0.0,0.0,0.0,0.0,0.0,0.0,0.0,0.0,0.0,0.0,0.0,0.0,0.0,0.0,0.0,0.0,0.0
attack,"""gleeleleleeTbTIdele",time,time,seqgan_master,seqgan_master__final__time__A__500__MASTER__raw_character__len20__gpre120__reward_off__seed88,1059,20.0,8.0,2.441446071165522,19.0,0.0,0.0,1.0,0.95,0.0,0.0,0.05,0.0,1.0,0.0,0.0,0.0,0.0,0.0,0.0,0.0,0.0,0.0,0.0,0.0,1.0,0.0,0.0,0.0,0.0,0.0,0.0,0.0,0.0,0.0,0.0,0.0,0.0,0.0,0.0,0.0,0.0,0.0,0.0,0.0,0.0,0.0,0.0,0.0,0.0,0.0,0.0,0.0,0.0,0.0,0.0,0.0,0.0,0.0,0.0,0.0,0.0,0.0,0.0,0.0,0.0
attack,"""gbeeeleleleTIsneeTT",time,time,seqgan_master,seqgan_master__final__time__A__500__MASTER__raw_character__len20__gpre120__reward_off__seed88,1060,20.0,9.0,2.6464393446710153,19.0,0.0,0.0,1.0,0.95,0.0,0.0,0.05,0.0,1.0,0.0,0.0,0.0,0.0,0.0,0.0,0.0,0.0,0.0,0.0,0.0,1.0,0.0,0.0,0.0,0.0,0.0,0.0,0.0,0.0,0.0,0.0,0.0,0.0,0.0,0.0,0.0,0.0,0.0,0.0,0.0,0.0,0.0,0.0,0.0,0.0,0.0,0.0,0.0,0.0,0.0,0.0,0.0,0.0,0.0,0.0,0.0,0.0,0.0,0.0,0.0,0.0
attack,"""gbeleleeeTTTIIpgTbe",time,time,seqgan_master,seqgan_master__final__time__A__500__MASTER__raw_character__len20__gpre120__reward_off__seed88,1061,20.0,8.0,2.746439344671016,19.0,0.0,0.0,1.0,0.95,0.0,0.0,0.05,0.0,1.0,0.0,0.0,0.0,0.0,0.0,0.0,0.0,0.0,0.0,0.0,0.0,1.0,0.0,0.0,0.0,0.0,0.0,0.0,0.0,0.0,0.0,0.0,0.0,0.0,0.0,0.0,0.0,0.0,0.0,0.0,0.0,0.0,0.0,0.0,0.0,0.0,0.0,0.0,0.0,0.0,0.0,0.0,0.0,0.0,0.0,0.0,0.0,0.0,0.0,0.0,0.0,0.0
attack,"""gbelegbeeTIMbeleleT",time,time,seqgan_master,seqgan_master__final__time__A__500__MASTER__raw_character__len20__gpre120__reward_off__seed88,1062,20.0,8.0,2.6638651219508542,19.0,0.0,0.0,1.0,0.95,0.0,0.0,0.05,0.0,1.0,0.0,0.0,0.0,0.0,0.0,0.0,0.0,0.0,0.0,0.0,0.0,1.0,0.0,0.0,0.0,0.0,0.0,0.0,0.0,0.0,0.0,0.0,0.0,0.0,0.0,0.0,0.0,0.0,0.0,0.0,0.0,0.0,0.0,0.0,0.0,0.0,0.0,0.0,0.0,0.0,0.0,0.0,0.0,0.0,0.0,0.0,0.0,0.0,0.0,0.0,0.0,0.0
attack,"""gneeleeleTTIpglegtr",time,time,seqgan_master,seqgan_master__final__time__A__500__MASTER__raw_character__len20__gpre120__reward_off__seed88,1063,20.0,10.0,2.970950594454669,19.0,0.0,0.0,1.0,0.95,0.0,0.0,0.05,0.0,1.0,0.0,0.0,0.0,0.0,0.0,0.0,0.0,0.0,0.0,0.0,0.0,1.0,0.0,0.0,0.0,0.0,0.0,0.0,0.0,0.0,0.0,0.0,0.0,0.0,0.0,0.0,0.0,0.0,0.0,0.0,0.0,0.0,0.0,0.0,0.0,0.0,0.0,0.0,0.0,0.0,0.0,0.0,0.0,0.0,0.0,0.0,0.0,0.0,0.0,0.0,0.0,0.0
attack,"""gbbeleeleTTTIMleTTI",time,time,seqgan_master,seqgan_master__final__time__A__500__MASTER__raw_character__len20__gpre120__reward_off__seed88,1064,20.0,8.0,2.723219672335508,19.0,0.0,0.0,1.0,0.95,0.0,0.0,0.05,0.0,1.0,0.0,0.0,0.0,0.0,0.0,0.0,0.0,0.0,0.0,0.0,0.0,1.0,0.0,0.0,0.0,0.0,0.0,0.0,0.0,0.0,0.0,0.0,0.0,0.0,0.0,0.0,0.0,0.0,0.0,0.0,0.0,0.0,0.0,0.0,0.0,0.0,0.0,0.0,0.0,0.0,0.0,0.0,0.0,0.0,0.0,0.0,0.0,0.0,0.0,0.0,0.0,0.0
attack,"""gbeeleleleTe0TTTIMb",time,time,seqgan_master,seqgan_master__final__time__A__500__MASTER__raw_character__len20__gpre120__reward_off__seed88,1065,20.0,9.0,2.808694969562842,18.0,1.0,0.0,1.0,0.9,0.05,0.0,0.05,0.0,1.0,0.0,0.0,0.0,0.0,0.0,0.0,0.0,0.0,0.0,0.0,0.0,1.0,0.0,0.0,0.0,0.0,0.0,0.0,0.0,0.0,0.0,0.0,0.0,0.0,0.0,0.0,0.0,0.0,0.0,0.0,0.0,0.0,0.0,0.0,0.0,0.0,0.0,0.0,0.0,0.0,0.0,0.0,0.0,0.0,0.0,0.0,0.0,0.0,0.0,0.0,0.0,0.0
attack,"""gbeleleeleTITTTIbel",time,time,seqgan_master,seqgan_master__final__time__A__500__MASTER__raw_character__len20__gpre120__reward_off__seed88,1066,20.0,7.0,2.5464393446710156,19.0,0.0,0.0,1.0,0.95,0.0,0.0,0.05,0.0,1.0,0.0,0.0,0.0,0.0,0.0,0.0,0.0,0.0,0.0,0.0,0.0,1.0,0.0,0.0,0.0,0.0,0.0,0.0,0.0,0.0,0.0,0.0,0.0,0.0,0.0,0.0,0.0,0.0,0.0,0.0,0.0,0.0,0.0,0.0,0.0,0.0,0.0,0.0,0.0,0.0,0.0,0.0,0.0,0.0,0.0,0.0,0.0,0.0,0.0,0.0,0.0,0.0
attack,"""gbele0eleleepgTrine",time,time,seqgan_master,seqgan_master__final__time__A__500__MASTER__raw_character__len20__gpre120__reward_off__seed88,1067,20.0,11.0,3.0016094970590275,18.0,1.0,0.0,1.0,0.9,0.05,0.0,0.05,0.0,1.0,0.0,0.0,0.0,0.0,0.0,0.0,0.0,0.0,0.0,0.0,0.0,1.0,0.0,0.0,0.0,0.0,0.0,0.0,0.0,0.0,0.0,0.0,0.0,0.0,0.0,0.0,0.0,0.0,0.0,0.0,0.0,0.0,0.0,0.0,0.0,0.0,0.0,0.0,0.0,0.0,0.0,0.0,0.0,0.0,0.0,0.0,0.0,0.0,0.0,0.0,0.0,0.0
attack,"""gbeleeeTITdTIMeleTT",time,time,seqgan_master,seqgan_master__final__time__A__500__MASTER__raw_character__len20__gpre120__reward_off__seed88,1068,20.0,9.0,2.765957320949175,19.0,0.0,0.0,1.0,0.95,0.0,0.0,0.05,0.0,1.0,0.0,0.0,0.0,0.0,0.0,0.0,0.0,0.0,0.0,0.0,0.0,1.0,0.0,0.0,0.0,0.0,0.0,0.0,0.0,0.0,0.0,0.0,0.0,0.0,0.0,0.0,0.0,0.0,0.0,0.0,0.0,0.0,0.0,0.0,0.0,0.0,0.0,0.0,0.0,0.0,0.0,0.0,0.0,0.0,0.0,0.0,0.0,0.0,0.0,0.0,0.0,0.0
attack,"""gngbeleeleelebeleTI",time,time,seqgan_master,seqgan_master__final__time__A__500__MASTER__raw_character__len20__gpre120__reward_off__seed88,1069,20.0,8.0,2.5219280948873624,19.0,0.0,0.0,1.0,0.95,0.0,0.0,0.05,0.0,1.0,0.0,0.0,0.0,0.0,0.0,0.0,0.0,0.0,0.0,0.0,0.0,1.0,0.0,0.0,0.0,0.0,0.0,0.0,0.0,0.0,0.0,0.0,0.0,0.0,0.0,0.0,0.0,0.0,0.0,0.0,0.0,0.0,0.0,0.0,0.0,0.0,0.0,0.0,0.0,0.0,0.0,0.0,0.0,0.0,0.0,0.0,0.0,0.0,0.0,0.0,0.0,0.0
attack,"""gbeleeleeTIleleTIle",time,time,seqgan_master,seqgan_master__final__time__A__500__MASTER__raw_character__len20__gpre120__reward_off__seed88,1070,20.0,7.0,2.341446071165522,19.0,0.0,0.0,1.0,0.95,0.0,0.0,0.05,0.0,1.0,0.0,0.0,0.0,0.0,0.0,0.0,0.0,0.0,0.0,0.0,0.0,1.0,0.0,0.0,0.0,0.0,0.0,0.0,0.0,0.0,0.0,0.0,0.0,0.0,0.0,0.0,0.0,0.0,0.0,0.0,0.0,0.0,0.0,0.0,0.0,0.0,0.0,0.0,0.0,0.0,0.0,0.0,0.0,0.0,0.0,0.0,0.0,0.0,0.0,0.0,0.0,0.0
attack,"""gbeleeleleeTIMbeTTI",time,time,seqgan_master,seqgan_master__final__time__A__500__MASTER__raw_character__len20__gpre120__reward_off__seed88,1071,20.0,8.0,2.6638651219508542,19.0,0.0,0.0,1.0,0.95,0.0,0.0,0.05,0.0,1.0,0.0,0.0,0.0,0.0,0.0,0.0,0.0,0.0,0.0,0.0,0.0,1.0,0.0,0.0,0.0,0.0,0.0,0.0,0.0,0.0,0.0,0.0,0.0,0.0,0.0,0.0,0.0,0.0,0.0,0.0,0.0,0.0,0.0,0.0,0.0,0.0,0.0,0.0,0.0,0.0,0.0,0.0,0.0,0.0,0.0,0.0,0.0,0.0,0.0,0.0,0.0,0.0
attack,"""gbeeleTbebeTIbeleTb",time,time,seqgan_master,seqgan_master__final__time__A__500__MASTER__raw_character__len20__gpre120__reward_off__seed88,1072,20.0,7.0,2.421127473337187,19.0,0.0,0.0,1.0,0.95,0.0,0.0,0.05,0.0,1.0,0.0,0.0,0.0,0.0,0.0,0.0,0.0,0.0,0.0,0.0,0.0,1.0,0.0,0.0,0.0,0.0,0.0,0.0,0.0,0.0,0.0,0.0,0.0,0.0,0.0,0.0,0.0,0.0,0.0,0.0,0.0,0.0,0.0,0.0,0.0,0.0,0.0,0.0,0.0,0.0,0.0,0.0,0.0,0.0,0.0,0.0,0.0,0.0,0.0,0.0,0.0,0.0
attack,"""gbeleeleleTbelebeTb",time,time,seqgan_master,seqgan_master__final__time__A__500__MASTER__raw_character__len20__gpre120__reward_off__seed88,1073,20.0,6.0,2.221928094887362,19.0,0.0,0.0,1.0,0.95,0.0,0.0,0.05,0.0,1.0,0.0,0.0,0.0,0.0,0.0,0.0,0.0,0.0,0.0,0.0,0.0,1.0,0.0,0.0,0.0,0.0,0.0,0.0,0.0,0.0,0.0,0.0,0.0,0.0,0.0,0.0,0.0,0.0,0.0,0.0,0.0,0.0,0.0,0.0,0.0,0.0,0.0,0.0,0.0,0.0,0.0,0.0,0.0,0.0,0.0,0.0,0.0,0.0,0.0,0.0,0.0,0.0
attack,"""gbebeleTbelelelecbe",time,time,seqgan_master,seqgan_master__final__time__A__500__MASTER__raw_character__len20__gpre120__reward_off__seed88,1074,20.0,7.0,2.321928094887362,19.0,0.0,0.0,1.0,0.95,0.0,0.0,0.05,0.0,1.0,0.0,0.0,0.0,0.0,0.0,0.0,0.0,0.0,0.0,0.0,0.0,1.0,0.0,0.0,0.0,0.0,0.0,0.0,0.0,0.0,0.0,0.0,0.0,0.0,0.0,0.0,0.0,0.0,0.0,0.0,0.0,0.0,0.0,0.0,0.0,0.0,0.0,0.0,0.0,0.0,0.0,0.0,0.0,0.0,0.0,0.0,0.0,0.0,0.0,0.0,0.0,0.0
attack,"""gbeelelelelelelelee",time,time,seqgan_master,seqgan_master__final__time__A__500__MASTER__raw_character__len20__gpre120__reward_off__seed88,1075,20.0,5.0,1.6783898247235198,19.0,0.0,0.0,1.0,0.95,0.0,0.0,0.05,0.0,1.0,0.0,0.0,0.0,0.0,0.0,0.0,0.0,0.0,0.0,0.0,0.0,1.0,0.0,0.0,0.0,0.0,0.0,0.0,0.0,0.0,0.0,0.0,0.0,0.0,0.0,0.0,0.0,0.0,0.0,0.0,0.0,0.0,0.0,0.0,0.0,0.0,0.0,0.0,0.0,0.0,0.0,0.0,0.0,0.0,0.0,0.0,0.0,0.0,0.0,0.0,0.0,0.0
attack,"""gbeleeleTIMbeleTTMb",time,time,seqgan_master,seqgan_master__final__time__A__500__MASTER__raw_character__len20__gpre120__reward_off__seed88,1076,20.0,8.0,2.733206219346495,19.0,0.0,0.0,1.0,0.95,0.0,0.0,0.05,0.0,1.0,0.0,0.0,0.0,0.0,0.0,0.0,0.0,0.0,0.0,0.0,0.0,1.0,0.0,0.0,0.0,0.0,0.0,0.0,0.0,0.0,0.0,0.0,0.0,0.0,0.0,0.0,0.0,0.0,0.0,0.0,0.0,0.0,0.0,0.0,0.0,0.0,0.0,0.0,0.0,0.0,0.0,0.0,0.0,0.0,0.0,0.0,0.0,0.0,0.0,0.0,0.0,0.0
attack,"""gbeleleeleleTTIbele",time,time,seqgan_master,seqgan_master__final__time__A__500__MASTER__raw_character__len20__gpre120__reward_off__seed88,1077,20.0,7.0,2.341446071165522,19.0,0.0,0.0,1.0,0.95,0.0,0.0,0.05,0.0,1.0,0.0,0.0,0.0,0.0,0.0,0.0,0.0,0.0,0.0,0.0,0.0,1.0,0.0,0.0,0.0,0.0,0.0,0.0,0.0,0.0,0.0,0.0,0.0,0.0,0.0,0.0,0.0,0.0,0.0,0.0,0.0,0.0,0.0,0.0,0.0,0.0,0.0,0.0,0.0,0.0,0.0,0.0,0.0,0.0,0.0,0.0,0.0,0.0,0.0,0.0,0.0,0.0
attack,"""gbeleeTbeTITTTTITTI",time,time,seqgan_master,seqgan_master__final__time__A__500__MASTER__raw_character__len20__gpre120__reward_off__seed88,1078,20.0,7.0,2.384183719779189,19.0,0.0,0.0,1.0,0.95,0.0,0.0,0.05,0.0,1.0,0.0,0.0,0.0,0.0,0.0,0.0,0.0,0.0,0.0,0.0,0.0,1.0,0.0,0.0,0.0,0.0,0.0,0.0,0.0,0.0,0.0,0.0,0.0,0.0,0.0,0.0,0.0,0.0,0.0,0.0,0.0,0.0,0.0,0.0,0.0,0.0,0.0,0.0,0.0,0.0,0.0,0.0,0.0,0.0,0.0,0.0,0.0,0.0,0.0,0.0,0.0,0.0
attack,"""gbeleelebeTITTTITbe",time,time,seqgan_master,seqgan_master__final__time__A__500__MASTER__raw_character__len20__gpre120__reward_off__seed88,1079,20.0,7.0,2.5282129458410014,19.0,0.0,0.0,1.0,0.95,0.0,0.0,0.05,0.0,1.0,0.0,0.0,0.0,0.0,0.0,0.0,0.0,0.0,0.0,0.0,0.0,1.0,0.0,0.0,0.0,0.0,0.0,0.0,0.0,0.0,0.0,0.0,0.0,0.0,0.0,0.0,0.0,0.0,0.0,0.0,0.0,0.0,0.0,0.0,0.0,0.0,0.0,0.0,0.0,0.0,0.0,0.0,0.0,0.0,0.0,0.0,0.0,0.0,0.0,0.0,0.0,0.0
attack,"""gbeleneeleTTITTIbel",time,time,seqgan_master,seqgan_master__final__time__A__500__MASTER__raw_character__len20__gpre120__reward_off__seed88,1080,20.0,8.0,2.708694969562842,19.0,0.0,0.0,1.0,0.95,0.0,0.0,0.05,0.0,1.0,0.0,0.0,0.0,0.0,0.0,0.0,0.0,0.0,0.0,0.0,0.0,1.0,0.0,0.0,0.0,0.0,0.0,0.0,0.0,0.0,0.0,0.0,0.0,0.0,0.0,0.0,0.0,0.0,0.0,0.0,0.0,0.0,0.0,0.0,0.0,0.0,0.0,0.0,0.0,0.0,0.0,0.0,0.0,0.0,0.0,0.0,0.0,0.0,0.0,0.0,0.0,0.0
attack,"""gbeleeeTTTbelebeleT",time,time,seqgan_master,seqgan_master__final__time__A__500__MASTER__raw_character__len20__gpre120__reward_off__seed88,1081,20.0,6.0,2.2464393446710154,19.0,0.0,0.0,1.0,0.95,0.0,0.0,0.05,0.0,1.0,0.0,0.0,0.0,0.0,0.0,0.0,0.0,0.0,0.0,0.0,0.0,1.0,0.0,0.0,0.0,0.0,0.0,0.0,0.0,0.0,0.0,0.0,0.0,0.0,0.0,0.0,0.0,0.0,0.0,0.0,0.0,0.0,0.0,0.0,0.0,0.0,0.0,0.0,0.0,0.0,0.0,0.0,0.0,0.0,0.0,0.0,0.0,0.0,0.0,0.0,0.0,0.0
attack,"""gbeleeTTeTTTTpgTtbe",time,time,seqgan_master,seqgan_master__final__time__A__500__MASTER__raw_character__len20__gpre120__reward_off__seed88,1082,20.0,8.0,2.5588718484453605,19.0,0.0,0.0,1.0,0.95,0.0,0.0,0.05,0.0,1.0,0.0,0.0,0.0,0.0,0.0,0.0,0.0,0.0,0.0,0.0,0.0,1.0,0.0,0.0,0.0,0.0,0.0,0.0,0.0,0.0,0.0,0.0,0.0,0.0,0.0,0.0,0.0,0.0,0.0,0.0,0.0,0.0,0.0,0.0,0.0,0.0,0.0,0.0,0.0,0.0,0.0,0.0,0.0,0.0,0.0,0.0,0.0,0.0,0.0,0.0,0.0,0.0
attack, )pgTngbeleleleeleTI,time,time,seqgan_master,seqgan_master__final__time__A__500__MASTER__raw_character__len20__gpre120__reward_off__seed88,1083,20.0,10.0,2.9464393446710155,18.0,0.0,1.0,1.0,0.9,0.0,0.05,0.05,0.0,0.0,0.0,0.0,0.0,0.0,0.0,1.0,0.0,0.0,0.0,0.0,0.0,0.0,0.0,0.0,0.0,0.0,1.0,0.0,0.0,0.0,0.0,0.0,0.0,0.0,0.0,0.0,0.0,0.0,0.0,0.0,0.0,0.0,0.0,0.0,0.0,0.0,0.0,0.0,0.0,0.0,0.0,0.0,0.0,0.0,0.0,0.0,0.0,0.0,0.0,0.0,0.0,0.0
attack,"""gbeleleTTIMeTTIMbel",time,time,seqgan_master,seqgan_master__final__time__A__500__MASTER__raw_character__len20__gpre120__reward_off__seed88,1084,20.0,8.0,2.8037016960573484,19.0,0.0,0.0,1.0,0.95,0.0,0.0,0.05,0.0,1.0,0.0,0.0,0.0,0.0,0.0,0.0,0.0,0.0,0.0,0.0,0.0,1.0,0.0,0.0,0.0,0.0,0.0,0.0,0.0,0.0,0.0,0.0,0.0,0.0,0.0,0.0,0.0,0.0,0.0,0.0,0.0,0.0,0.0,0.0,0.0,0.0,0.0,0.0,0.0,0.0,0.0,0.0,0.0,0.0,0.0,0.0,0.0,0.0,0.0,0.0,0.0,0.0
attack,"""gbeleleleeleTTIITTI",time,time,seqgan_master,seqgan_master__final__time__A__500__MASTER__raw_character__len20__gpre120__reward_off__seed88,1085,20.0,7.0,2.508694969562842,19.0,0.0,0.0,1.0,0.95,0.0,0.0,0.05,0.0,1.0,0.0,0.0,0.0,0.0,0.0,0.0,0.0,0.0,0.0,0.0,0.0,1.0,0.0,0.0,0.0,0.0,0.0,0.0,0.0,0.0,0.0,0.0,0.0,0.0,0.0,0.0,0.0,0.0,0.0,0.0,0.0,0.0,0.0,0.0,0.0,0.0,0.0,0.0,0.0,0.0,0.0,0.0,0.0,0.0,0.0,0.0,0.0,0.0,0.0,0.0,0.0,0.0
attack,"""gbeleeleeTleTbembel",time,time,seqgan_master,seqgan_master__final__time__A__500__MASTER__raw_character__len20__gpre120__reward_off__seed88,1086,20.0,7.0,2.384183719779189,19.0,0.0,0.0,1.0,0.95,0.0,0.0,0.05,0.0,1.0,0.0,0.0,0.0,0.0,0.0,0.0,0.0,0.0,0.0,0.0,0.0,1.0,0.0,0.0,0.0,0.0,0.0,0.0,0.0,0.0,0.0,0.0,0.0,0.0,0.0,0.0,0.0,0.0,0.0,0.0,0.0,0.0,0.0,0.0,0.0,0.0,0.0,0.0,0.0,0.0,0.0,0.0,0.0,0.0,0.0,0.0,0.0,0.0,0.0,0.0,0.0,0.0
attack,"""gbeleeTbeeleTbeTMbe",time,time,seqgan_master,seqgan_master__final__time__A__500__MASTER__raw_character__len20__gpre120__reward_off__seed88,1087,20.0,7.0,2.384183719779189,19.0,0.0,0.0,1.0,0.95,0.0,0.0,0.05,0.0,1.0,0.0,0.0,0.0,0.0,0.0,0.0,0.0,0.0,0.0,0.0,0.0,1.0,0.0,0.0,0.0,0.0,0.0,0.0,0.0,0.0,0.0,0.0,0.0,0.0,0.0,0.0,0.0,0.0,0.0,0.0,0.0,0.0,0.0,0.0,0.0,0.0,0.0,0.0,0.0,0.0,0.0,0.0,0.0,0.0,0.0,0.0,0.0,0.0,0.0,0.0,0.0,0.0
attack,"""gbeeleleeTIpgTTdele",time,time,seqgan_master,seqgan_master__final__time__A__500__MASTER__raw_character__len20__gpre120__reward_off__seed88,1088,20.0,9.0,2.763865121950854,19.0,0.0,0.0,1.0,0.95,0.0,0.0,0.05,0.0,1.0,0.0,0.0,0.0,0.0,0.0,0.0,0.0,0.0,0.0,0.0,0.0,1.0,0.0,0.0,0.0,0.0,0.0,0.0,0.0,0.0,0.0,0.0,0.0,0.0,0.0,0.0,0.0,0.0,0.0,0.0,0.0,0.0,0.0,0.0,0.0,0.0,0.0,0.0,0.0,0.0,0.0,0.0,0.0,0.0,0.0,0.0,0.0,0.0,0.0,0.0,0.0,0.0
attack,"""gbeleleeTTTTpgTribe",time,time,seqgan_master,seqgan_master__final__time__A__500__MASTER__raw_character__len20__gpre120__reward_off__seed88,1089,20.0,9.0,2.8609640474436815,19.0,0.0,0.0,1.0,0.95,0.0,0.0,0.05,0.0,1.0,0.0,0.0,0.0,0.0,0.0,0.0,0.0,0.0,0.0,0.0,0.0,1.0,0.0,0.0,0.0,0.0,0.0,0.0,0.0,0.0,0.0,0.0,0.0,0.0,0.0,0.0,0.0,0.0,0.0,0.0,0.0,0.0,0.0,0.0,0.0,0.0,0.0,0.0,0.0,0.0,0.0,0.0,0.0,0.0,0.0,0.0,0.0,0.0,0.0,0.0,0.0,0.0
attack,"""gbeleeleleTTTTTIpgT",time,time,seqgan_master,seqgan_master__final__time__A__500__MASTER__raw_character__len20__gpre120__reward_off__seed88,1090,20.0,8.0,2.6282129458410015,19.0,0.0,0.0,1.0,0.95,0.0,0.0,0.05,0.0,1.0,0.0,0.0,0.0,0.0,0.0,0.0,0.0,0.0,0.0,0.0,0.0,1.0,0.0,0.0,0.0,0.0,0.0,0.0,0.0,0.0,0.0,0.0,0.0,0.0,0.0,0.0,0.0,0.0,0.0,0.0,0.0,0.0,0.0,0.0,0.0,0.0,0.0,0.0,0.0,0.0,0.0,0.0,0.0,0.0,0.0,0.0,0.0,0.0,0.0,0.0,0.0,0.0
attack,"""gbeleeleleeleleTIle",time,time,seqgan_master,seqgan_master__final__time__A__500__MASTER__raw_character__len20__gpre120__reward_off__seed88,1091,20.0,7.0,2.119973094021975,19.0,0.0,0.0,1.0,0.95,0.0,0.0,0.05,0.0,1.0,0.0,0.0,0.0,0.0,0.0,0.0,0.0,0.0,0.0,0.0,0.0,1.0,0.0,0.0,0.0,0.0,0.0,0.0,0.0,0.0,0.0,0.0,0.0,0.0,0.0,0.0,0.0,0.0,0.0,0.0,0.0,0.0,0.0,0.0,0.0,0.0,0.0,0.0,0.0,0.0,0.0,0.0,0.0,0.0,0.0,0.0,0.0,0.0,0.0,0.0,0.0,0.0
attack,"""gbelebeeeTIIIpgTpgT",time,time,seqgan_master,seqgan_master__final__time__A__500__MASTER__raw_character__len20__gpre120__reward_off__seed88,1092,20.0,8.0,2.8282129458410017,19.0,0.0,0.0,1.0,0.95,0.0,0.0,0.05,0.0,1.0,0.0,0.0,0.0,0.0,0.0,0.0,0.0,0.0,0.0,0.0,0.0,1.0,0.0,0.0,0.0,0.0,0.0,0.0,0.0,0.0,0.0,0.0,0.0,0.0,0.0,0.0,0.0,0.0,0.0,0.0,0.0,0.0,0.0,0.0,0.0,0.0,0.0,0.0,0.0,0.0,0.0,0.0,0.0,0.0,0.0,0.0,0.0,0.0,0.0,0.0,0.0,0.0
attack,"""gbeeleleTleTTIMbele",time,time,seqgan_master,seqgan_master__final__time__A__500__MASTER__raw_character__len20__gpre120__reward_off__seed88,1093,20.0,8.0,2.6016094970590276,19.0,0.0,0.0,1.0,0.95,0.0,0.0,0.05,0.0,1.0,0.0,0.0,0.0,0.0,0.0,0.0,0.0,0.0,0.0,0.0,0.0,1.0,0.0,0.0,0.0,0.0,0.0,0.0,0.0,0.0,0.0,0.0,0.0,0.0,0.0,0.0,0.0,0.0,0.0,0.0,0.0,0.0,0.0,0.0,0.0,0.0,0.0,0.0,0.0,0.0,0.0,0.0,0.0,0.0,0.0,0.0,0.0,0.0,0.0,0.0,0.0,0.0
attack,"""gbeleeleleleeTleTTT",time,time,seqgan_master,seqgan_master__final__time__A__500__MASTER__raw_character__len20__gpre120__reward_off__seed88,1094,20.0,6.0,2.1414460711655217,19.0,0.0,0.0,1.0,0.95,0.0,0.0,0.05,0.0,1.0,0.0,0.0,0.0,0.0,0.0,0.0,0.0,0.0,0.0,0.0,0.0,1.0,0.0,0.0,0.0,0.0,0.0,0.0,0.0,0.0,0.0,0.0,0.0,0.0,0.0,0.0,0.0,0.0,0.0,0.0,0.0,0.0,0.0,0.0,0.0,0.0,0.0,0.0,0.0,0.0,0.0,0.0,0.0,0.0,0.0,0.0,0.0,0.0,0.0,0.0,0.0,0.0
attack,"""gbeeleleTbeleele0TI",time,time,seqgan_master,seqgan_master__final__time__A__500__MASTER__raw_character__len20__gpre120__reward_off__seed88,1095,20.0,8.0,2.5219280948873624,18.0,1.0,0.0,1.0,0.9,0.05,0.0,0.05,0.0,1.0,0.0,0.0,0.0,0.0,0.0,0.0,0.0,0.0,0.0,0.0,0.0,1.0,0.0,0.0,0.0,0.0,0.0,0.0,0.0,0.0,0.0,0.0,0.0,0.0,0.0,0.0,0.0,0.0,0.0,0.0,0.0,0.0,0.0,0.0,0.0,0.0,0.0,0.0,0.0,0.0,0.0,0.0,0.0,0.0,0.0,0.0,0.0,0.0,0.0,0.0,0.0,0.0
attack,"""gbeleleeleeT0TITITT",time,time,seqgan_master,seqgan_master__final__time__A__500__MASTER__raw_character__len20__gpre120__reward_off__seed88,1096,20.0,8.0,2.6282129458410015,18.0,1.0,0.0,1.0,0.9,0.05,0.0,0.05,0.0,1.0,0.0,0.0,0.0,0.0,0.0,0.0,0.0,0.0,0.0,0.0,0.0,1.0,0.0,0.0,0.0,0.0,0.0,0.0,0.0,0.0,0.0,0.0,0.0,0.0,0.0,0.0,0.0,0.0,0.0,0.0,0.0,0.0,0.0,0.0,0.0,0.0,0.0,0.0,0.0,0.0,0.0,0.0,0.0,0.0,0.0,0.0,0.0,0.0,0.0,0.0,0.0,0.0
attack,"""gbeleeTbeleTTTIpgTb",time,time,seqgan_master,seqgan_master__final__time__A__500__MASTER__raw_character__len20__gpre120__reward_off__seed88,1097,20.0,8.0,2.723219672335508,19.0,0.0,0.0,1.0,0.95,0.0,0.0,0.05,0.0,1.0,0.0,0.0,0.0,0.0,0.0,0.0,0.0,0.0,0.0,0.0,0.0,1.0,0.0,0.0,0.0,0.0,0.0,0.0,0.0,0.0,0.0,0.0,0.0,0.0,0.0,0.0,0.0,0.0,0.0,0.0,0.0,0.0,0.0,0.0,0.0,0.0,0.0,0.0,0.0,0.0,0.0,0.0,0.0,0.0,0.0,0.0,0.0,0.0,0.0,0.0,0.0,0.0
attack,"""gbeleeleeTTTbeleTIM",time,time,seqgan_master,seqgan_master__final__time__A__500__MASTER__raw_character__len20__gpre120__reward_off__seed88,1098,20.0,8.0,2.6016094970590276,19.0,0.0,0.0,1.0,0.95,0.0,0.0,0.05,0.0,1.0,0.0,0.0,0.0,0.0,0.0,0.0,0.0,0.0,0.0,0.0,0.0,1.0,0.0,0.0,0.0,0.0,0.0,0.0,0.0,0.0,0.0,0.0,0.0,0.0,0.0,0.0,0.0,0.0,0.0,0.0,0.0,0.0,0.0,0.0,0.0,0.0,0.0,0.0,0.0,0.0,0.0,0.0,0.0,0.0,0.0,0.0,0.0,0.0,0.0,0.0,0.0,0.0
attack,"""gbeleeTbeTTIbeleTIp",time,time,seqgan_master,seqgan_master__final__time__A__500__MASTER__raw_character__len20__gpre120__reward_off__seed88,1099,20.0,8.0,2.708694969562842,19.0,0.0,0.0,1.0,0.95,0.0,0.0,0.05,0.0,1.0,0.0,0.0,0.0,0.0,0.0,0.0,0.0,0.0,0.0,0.0,0.0,1.0,0.0,0.0,0.0,0.0,0.0,0.0,0.0,0.0,0.0,0.0,0.0,0.0,0.0,0.0,0.0,0.0,0.0,0.0,0.0,0.0,0.0,0.0,0.0,0.0,0.0,0.0,0.0,0.0,0.0,0.0,0.0,0.0,0.0,0.0,0.0,0.0,0.0,0.0,0.0,0.0
attack,"""gbeleeTTTTTTTIMbeTT",time,time,seqgan_master,seqgan_master__final__time__A__500__MASTER__raw_character__len20__gpre120__reward_off__seed88,1100,20.0,8.0,2.395461844238322,19.0,0.0,0.0,1.0,0.95,0.0,0.0,0.05,0.0,1.0,0.0,0.0,0.0,0.0,0.0,0.0,0.0,0.0,0.0,0.0,0.0,1.0,0.0,0.0,0.0,0.0,0.0,0.0,0.0,0.0,0.0,0.0,0.0,0.0,0.0,0.0,0.0,0.0,0.0,0.0,0.0,0.0,0.0,0.0,0.0,0.0,0.0,0.0,0.0,0.0,0.0,0.0,0.0,0.0,0.0,0.0,0.0,0.0,0.0,0.0,0.0,0.0
attack,"""gbeleeeleleTeTbec b",time,time,seqgan_master,seqgan_master__final__time__A__500__MASTER__raw_character__len20__gpre120__reward_off__seed88,1101,20.0,8.0,2.5464393446710156,18.0,0.0,1.0,1.0,0.9,0.0,0.05,0.05,0.0,1.0,0.0,0.0,0.0,0.0,0.0,0.0,0.0,0.0,0.0,0.0,0.0,1.0,0.0,0.0,0.0,0.0,0.0,0.0,0.0,0.0,0.0,0.0,0.0,0.0,0.0,0.0,0.0,0.0,0.0,0.0,0.0,0.0,0.0,0.0,0.0,0.0,0.0,0.0,0.0,0.0,0.0,0.0,0.0,0.0,0.0,0.0,0.0,0.0,0.0,0.0,0.0,0.0
attack,"""gbeleeleleelembelel",time,time,seqgan_master,seqgan_master__final__time__A__500__MASTER__raw_character__len20__gpre120__reward_off__seed88,1102,20.0,6.0,2.0199730940219753,19.0,0.0,0.0,1.0,0.95,0.0,0.0,0.05,0.0,1.0,0.0,0.0,0.0,0.0,0.0,0.0,0.0,0.0,0.0,0.0,0.0,1.0,0.0,0.0,0.0,0.0,0.0,0.0,0.0,0.0,0.0,0.0,0.0,0.0,0.0,0.0,0.0,0.0,0.0,0.0,0.0,0.0,0.0,0.0,0.0,0.0,0.0,0.0,0.0,0.0,0.0,0.0,0.0,0.0,0.0,0.0,0.0,0.0,0.0,0.0,0.0,0.0
attack,"""gbeleeTIIleleleTTTT",time,time,seqgan_master,seqgan_master__final__time__A__500__MASTER__raw_character__len20__gpre120__reward_off__seed88,1103,20.0,7.0,2.465957320949175,19.0,0.0,0.0,1.0,0.95,0.0,0.0,0.05,0.0,1.0,0.0,0.0,0.0,0.0,0.0,0.0,0.0,0.0,0.0,0.0,0.0,1.0,0.0,0.0,0.0,0.0,0.0,0.0,0.0,0.0,0.0,0.0,0.0,0.0,0.0,0.0,0.0,0.0,0.0,0.0,0.0,0.0,0.0,0.0,0.0,0.0,0.0,0.0,0.0,0.0,0.0,0.0,0.0,0.0,0.0,0.0,0.0,0.0,0.0,0.0,0.0,0.0
attack,"""gbeelebeeTTIIITIpgT",time,time,seqgan_master,seqgan_master__final__time__A__500__MASTER__raw_character__len20__gpre120__reward_off__seed88,1104,20.0,8.0,2.7414460711655217,19.0,0.0,0.0,1.0,0.95,0.0,0.0,0.05,0.0,1.0,0.0,0.0,0.0,0.0,0.0,0.0,0.0,0.0,0.0,0.0,0.0,1.0,0.0,0.0,0.0,0.0,0.0,0.0,0.0,0.0,0.0,0.0,0.0,0.0,0.0,0.0,0.0,0.0,0.0,0.0,0.0,0.0,0.0,0.0,0.0,0.0,0.0,0.0,0.0,0.0,0.0,0.0,0.0,0.0,0.0,0.0,0.0,0.0,0.0,0.0,0.0,0.0
attack,"""gbeleeTbele05TIleTI",time,time,seqgan_master,seqgan_master__final__time__A__500__MASTER__raw_character__len20__gpre120__reward_off__seed88,1105,20.0,9.0,2.8709505944546687,17.0,2.0,0.0,1.0,0.85,0.1,0.0,0.05,0.0,1.0,0.0,0.0,0.0,0.0,0.0,0.0,0.0,0.0,0.0,0.0,0.0,1.0,0.0,0.0,0.0,0.0,0.0,0.0,0.0,0.0,0.0,0.0,0.0,0.0,0.0,0.0,0.0,0.0,0.0,0.0,0.0,0.0,0.0,0.0,0.0,0.0,0.0,0.0,0.0,0.0,0.0,0.0,0.0,0.0,0.0,0.0,0.0,0.0,0.0,0.0,0.0,0.0
attack,"""gbrbeeleleleTbeTbeT",time,time,seqgan_master,seqgan_master__final__time__A__500__MASTER__raw_character__len20__gpre120__reward_off__seed88,1106,20.0,7.0,2.463865121950854,19.0,0.0,0.0,1.0,0.95,0.0,0.0,0.05,0.0,1.0,0.0,0.0,0.0,0.0,0.0,0.0,0.0,0.0,0.0,0.0,0.0,1.0,0.0,0.0,0.0,0.0,0.0,0.0,0.0,0.0,0.0,0.0,0.0,0.0,0.0,0.0,0.0,0.0,0.0,0.0,0.0,0.0,0.0,0.0,0.0,0.0,0.0,0.0,0.0,0.0,0.0,0.0,0.0,0.0,0.0,0.0,0.0,0.0,0.0,0.0,0.0,0.0
attack,"""gbeleeleeTIIMeleTbe",time,time,seqgan_master,seqgan_master__final__time__A__500__MASTER__raw_character__len20__gpre120__reward_off__seed88,1107,20.0,8.0,2.584183719779189,19.0,0.0,0.0,1.0,0.95,0.0,0.0,0.05,0.0,1.0,0.0,0.0,0.0,0.0,0.0,0.0,0.0,0.0,0.0,0.0,0.0,1.0,0.0,0.0,0.0,0.0,0.0,0.0,0.0,0.0,0.0,0.0,0.0,0.0,0.0,0.0,0.0,0.0,0.0,0.0,0.0,0.0,0.0,0.0,0.0,0.0,0.0,0.0,0.0,0.0,0.0,0.0,0.0,0.0,0.0,0.0,0.0,0.0,0.0,0.0,0.0,0.0
attack,"""gbeleeTMeleT0eTTTIM",time,time,seqgan_master,seqgan_master__final__time__A__500__MASTER__raw_character__len20__gpre120__reward_off__seed88,1108,20.0,9.0,2.765957320949175,18.0,1.0,0.0,1.0,0.9,0.05,0.0,0.05,0.0,1.0,0.0,0.0,0.0,0.0,0.0,0.0,0.0,0.0,0.0,0.0,0.0,1.0,0.0,0.0,0.0,0.0,0.0,0.0,0.0,0.0,0.0,0.0,0.0,0.0,0.0,0.0,0.0,0.0,0.0,0.0,0.0,0.0,0.0,0.0,0.0,0.0,0.0,0.0,0.0,0.0,0.0,0.0,0.0,0.0,0.0,0.0,0.0,0.0,0.0,0.0,0.0,0.0
attack,"""gbeleeleeTInleeleTI",time,time,seqgan_master,seqgan_master__final__time__A__500__MASTER__raw_character__len20__gpre120__reward_off__seed88,1109,20.0,8.0,2.5219280948873624,19.0,0.0,0.0,1.0,0.95,0.0,0.0,0.05,0.0,1.0,0.0,0.0,0.0,0.0,0.0,0.0,0.0,0.0,0.0,0.0,0.0,1.0,0.0,0.0,0.0,0.0,0.0,0.0,0.0,0.0,0.0,0.0,0.0,0.0,0.0,0.0,0.0,0.0,0.0,0.0,0.0,0.0,0.0,0.0,0.0,0.0,0.0,0.0,0.0,0.0,0.0,0.0,0.0,0.0,0.0,0.0,0.0,0.0,0.0,0.0,0.0,0.0
attack,"""gbeleeleleeTeTITIel",time,time,seqgan_master,seqgan_master__final__time__A__500__MASTER__raw_character__len20__gpre120__reward_off__seed88,1110,20.0,7.0,2.384183719779189,19.0,0.0,0.0,1.0,0.95,0.0,0.0,0.05,0.0,1.0,0.0,0.0,0.0,0.0,0.0,0.0,0.0,0.0,0.0,0.0,0.0,1.0,0.0,0.0,0.0,0.0,0.0,0.0,0.0,0.0,0.0,0.0,0.0,0.0,0.0,0.0,0.0,0.0,0.0,0.0,0.0,0.0,0.0,0.0,0.0,0.0,0.0,0.0,0.0,0.0,0.0,0.0,0.0,0.0,0.0,0.0,0.0,0.0,0.0,0.0,0.0,0.0
attack,"""gbeleeleeTTTTIMbeeT",time,time,seqgan_master,seqgan_master__final__time__A__500__MASTER__raw_character__len20__gpre120__reward_off__seed88,1111,20.0,8.0,2.5588718484453605,19.0,0.0,0.0,1.0,0.95,0.0,0.0,0.05,0.0,1.0,0.0,0.0,0.0,0.0,0.0,0.0,0.0,0.0,0.0,0.0,0.0,1.0,0.0,0.0,0.0,0.0,0.0,0.0,0.0,0.0,0.0,0.0,0.0,0.0,0.0,0.0,0.0,0.0,0.0,0.0,0.0,0.0,0.0,0.0,0.0,0.0,0.0,0.0,0.0,0.0,0.0,0.0,0.0,0.0,0.0,0.0,0.0,0.0,0.0,0.0,0.0,0.0
attack,"""gbeeleleepTpgleTIr ",time,time,seqgan_master,seqgan_master__final__time__A__500__MASTER__raw_character__len20__gpre120__reward_off__seed88,1112,20.0,10.0,3.008694969562842,18.0,0.0,1.0,1.0,0.9,0.0,0.05,0.05,0.0,1.0,0.0,0.0,0.0,0.0,0.0,0.0,0.0,0.0,0.0,0.0,0.0,1.0,0.0,0.0,0.0,0.0,0.0,0.0,0.0,0.0,0.0,0.0,0.0,0.0,0.0,0.0,0.0,0.0,0.0,0.0,0.0,0.0,0.0,0.0,0.0,0.0,0.0,0.0,0.0,0.0,0.0,0.0,0.0,0.0,0.0,0.0,0.0,0.0,0.0,0.0,0.0,0.0
attack,"""gbeleelelelelee0TIb",time,time,seqgan_master,seqgan_master__final__time__A__500__MASTER__raw_character__len20__gpre120__reward_off__seed88,1113,20.0,8.0,2.441446071165522,18.0,1.0,0.0,1.0,0.9,0.05,0.0,0.05,0.0,1.0,0.0,0.0,0.0,0.0,0.0,0.0,0.0,0.0,0.0,0.0,0.0,1.0,0.0,0.0,0.0,0.0,0.0,0.0,0.0,0.0,0.0,0.0,0.0,0.0,0.0,0.0,0.0,0.0,0.0,0.0,0.0,0.0,0.0,0.0,0.0,0.0,0.0,0.0,0.0,0.0,0.0,0.0,0.0,0.0,0.0,0.0,0.0,0.0,0.0,0.0,0.0,0.0
attack,"""gbeleeleleclelelell",time,time,seqgan_master,seqgan_master__final__time__A__500__MASTER__raw_character__len20__gpre120__reward_off__seed88,1114,20.0,6.0,1.9219280948873623,19.0,0.0,0.0,1.0,0.95,0.0,0.0,0.05,0.0,1.0,0.0,0.0,0.0,0.0,0.0,0.0,0.0,0.0,0.0,0.0,0.0,1.0,0.0,0.0,0.0,0.0,0.0,0.0,0.0,0.0,0.0,0.0,0.0,0.0,0.0,0.0,0.0,0.0,0.0,0.0,0.0,0.0,0.0,0.0,0.0,0.0,0.0,0.0,0.0,0.0,0.0,0.0,0.0,0.0,0.0,0.0,0.0,0.0,0.0,0.0,0.0,0.0
attack,"""gbeleeeTeTTTTpgTlel",time,time,seqgan_master,seqgan_master__final__time__A__500__MASTER__raw_character__len20__gpre120__reward_off__seed88,1115,20.0,7.0,2.4332062193464954,19.0,0.0,0.0,1.0,0.95,0.0,0.0,0.05,0.0,1.0,0.0,0.0,0.0,0.0,0.0,0.0,0.0,0.0,0.0,0.0,0.0,1.0,0.0,0.0,0.0,0.0,0.0,0.0,0.0,0.0,0.0,0.0,0.0,0.0,0.0,0.0,0.0,0.0,0.0,0.0,0.0,0.0,0.0,0.0,0.0,0.0,0.0,0.0,0.0,0.0,0.0,0.0,0.0,0.0,0.0,0.0,0.0,0.0,0.0,0.0,0.0,0.0
attack,"""gbeleeleTTTIbeleTTl",time,time,seqgan_master,seqgan_master__final__time__A__500__MASTER__raw_character__len20__gpre120__reward_off__seed88,1116,20.0,7.0,2.465957320949175,19.0,0.0,0.0,1.0,0.95,0.0,0.0,0.05,0.0,1.0,0.0,0.0,0.0,0.0,0.0,0.0,0.0,0.0,0.0,0.0,0.0,1.0,0.0,0.0,0.0,0.0,0.0,0.0,0.0,0.0,0.0,0.0,0.0,0.0,0.0,0.0,0.0,0.0,0.0,0.0,0.0,0.0,0.0,0.0,0.0,0.0,0.0,0.0,0.0,0.0,0.0,0.0,0.0,0.0,0.0,0.0,0.0,0.0,0.0,0.0,0.0,0.0
attack,"""gbeleeleeTmbeelel0T",time,time,seqgan_master,seqgan_master__final__time__A__500__MASTER__raw_character__len20__gpre120__reward_off__seed88,1117,20.0,8.0,2.5219280948873624,18.0,1.0,0.0,1.0,0.9,0.05,0.0,0.05,0.0,1.0,0.0,0.0,0.0,0.0,0.0,0.0,0.0,0.0,0.0,0.0,0.0,1.0,0.0,0.0,0.0,0.0,0.0,0.0,0.0,0.0,0.0,0.0,0.0,0.0,0.0,0.0,0.0,0.0,0.0,0.0,0.0,0.0,0.0,0.0,0.0,0.0,0.0,0.0,0.0,0.0,0.0,0.0,0.0,0.0,0.0,0.0,0.0,0.0,0.0,0.0,0.0,0.0
attack,"""gbeleebeleTIMbeleeT",time,time,seqgan_master,seqgan_master__final__time__A__500__MASTER__raw_character__len20__gpre120__reward_off__seed88,1118,20.0,8.0,2.5464393446710156,19.0,0.0,0.0,1.0,0.95,0.0,0.0,0.05,0.0,1.0,0.0,0.0,0.0,0.0,0.0,0.0,0.0,0.0,0.0,0.0,0.0,1.0,0.0,0.0,0.0,0.0,0.0,0.0,0.0,0.0,0.0,0.0,0.0,0.0,0.0,0.0,0.0,0.0,0.0,0.0,0.0,0.0,0.0,0.0,0.0,0.0,0.0,0.0,0.0,0.0,0.0,0.0,0.0,0.0,0.0,0.0,0.0,0.0,0.0,0.0,0.0,0.0
attack,"""gbegberibeleee0lele",time,time,seqgan_master,seqgan_master__final__time__A__500__MASTER__raw_character__len20__gpre120__reward_off__seed88,1119,20.0,8.0,2.5464393446710156,18.0,1.0,0.0,1.0,0.9,0.05,0.0,0.05,0.0,1.0,0.0,0.0,0.0,0.0,0.0,0.0,0.0,0.0,0.0,0.0,0.0,1.0,0.0,0.0,0.0,0.0,0.0,0.0,0.0,0.0,0.0,0.0,0.0,0.0,0.0,0.0,0.0,0.0,0.0,0.0,0.0,0.0,0.0,0.0,0.0,0.0,0.0,0.0,0.0,0.0,0.0,0.0,0.0,0.0,0.0,0.0,0.0,0.0,0.0,0.0,0.0,0.0
attack,",waibeemriberibeleel",time,time,seqgan_master,seqgan_master__final__time__A__500__MASTER__raw_character__len20__gpre120__reward_off__seed88,1120,20.0,9.0,2.8709505944546687,19.0,0.0,0.0,1.0,0.95,0.0,0.0,0.05,0.0,0.0,0.0,0.0,0.0,0.0,0.0,0.0,0.0,0.0,1.0,0.0,0.0,0.0,0.0,0.0,0.0,0.0,0.0,0.0,0.0,0.0,0.0,0.0,0.0,0.0,0.0,0.0,0.0,0.0,0.0,0.0,0.0,0.0,0.0,0.0,0.0,0.0,0.0,0.0,0.0,0.0,0.0,0.0,0.0,0.0,0.0,0.0,0.0,0.0,0.0,0.0,0.0,0.0
attack,"""gbelegbeeleeleeleTI",time,time,seqgan_master,seqgan_master__final__time__A__500__MASTER__raw_character__len20__gpre120__reward_off__seed88,1121,20.0,7.0,2.295461844238322,19.0,0.0,0.0,1.0,0.95,0.0,0.0,0.05,0.0,1.0,0.0,0.0,0.0,0.0,0.0,0.0,0.0,0.0,0.0,0.0,0.0,1.0,0.0,0.0,0.0,0.0,0.0,0.0,0.0,0.0,0.0,0.0,0.0,0.0,0.0,0.0,0.0,0.0,0.0,0.0,0.0,0.0,0.0,0.0,0.0,0.0,0.0,0.0,0.0,0.0,0.0,0.0,0.0,0.0,0.0,0.0,0.0,0.0,0.0,0.0,0.0,0.0
attack,"""gbeleeeTIIMbebeeTTT",time,time,seqgan_master,seqgan_master__final__time__A__500__MASTER__raw_character__len20__gpre120__reward_off__seed88,1122,20.0,8.0,2.6016094970590276,19.0,0.0,0.0,1.0,0.95,0.0,0.0,0.05,0.0,1.0,0.0,0.0,0.0,0.0,0.0,0.0,0.0,0.0,0.0,0.0,0.0,1.0,0.0,0.0,0.0,0.0,0.0,0.0,0.0,0.0,0.0,0.0,0.0,0.0,0.0,0.0,0.0,0.0,0.0,0.0,0.0,0.0,0.0,0.0,0.0,0.0,0.0,0.0,0.0,0.0,0.0,0.0,0.0,0.0,0.0,0.0,0.0,0.0,0.0,0.0,0.0,0.0
attack,"""gbeleeleleTbeTTIbel",time,time,seqgan_master,seqgan_master__final__time__A__500__MASTER__raw_character__len20__gpre120__reward_off__seed88,1123,20.0,7.0,2.463865121950854,19.0,0.0,0.0,1.0,0.95,0.0,0.0,0.05,0.0,1.0,0.0,0.0,0.0,0.0,0.0,0.0,0.0,0.0,0.0,0.0,0.0,1.0,0.0,0.0,0.0,0.0,0.0,0.0,0.0,0.0,0.0,0.0,0.0,0.0,0.0,0.0,0.0,0.0,0.0,0.0,0.0,0.0,0.0,0.0,0.0,0.0,0.0,0.0,0.0,0.0,0.0,0.0,0.0,0.0,0.0,0.0,0.0,0.0,0.0,0.0,0.0,0.0
attack,""" ibeleeleTbeleTbeTT",time,time,seqgan_master,seqgan_master__final__time__A__500__MASTER__raw_character__len20__gpre120__reward_off__seed88,1124,20.0,7.0,2.463865121950854,18.0,0.0,1.0,1.0,0.9,0.0,0.05,0.05,0.0,1.0,0.0,0.0,0.0,0.0,0.0,0.0,0.0,0.0,0.0,0.0,0.0,1.0,0.0,0.0,0.0,0.0,0.0,0.0,0.0,0.0,0.0,0.0,0.0,0.0,0.0,0.0,0.0,0.0,0.0,0.0,0.0,0.0,0.0,0.0,0.0,0.0,0.0,0.0,0.0,0.0,0.0,0.0,0.0,0.0,0.0,0.0,0.0,0.0,0.0,0.0,0.0,0.0
attack,"""gbeleeTTTTIITTTTIIT",time,time,seqgan_master,seqgan_master__final__time__A__500__MASTER__raw_character__len20__gpre120__reward_off__seed88,1125,20.0,7.0,2.2577174691301485,19.0,0.0,0.0,1.0,0.95,0.0,0.0,0.05,0.0,1.0,0.0,0.0,0.0,0.0,0.0,0.0,0.0,0.0,0.0,0.0,0.0,1.0,0.0,0.0,0.0,0.0,0.0,0.0,0.0,0.0,0.0,0.0,0.0,0.0,0.0,0.0,0.0,0.0,0.0,0.0,0.0,0.0,0.0,0.0,0.0,0.0,0.0,0.0,0.0,0.0,0.0,0.0,0.0,0.0,0.0,0.0,0.0,0.0,0.0,0.0,0.0,0.0
attack,"""gbeee0eTTITIIpgTlel",time,time,seqgan_master,seqgan_master__final__time__A__500__MASTER__raw_character__len20__gpre120__reward_off__seed88,1126,20.0,9.0,2.9037016960573485,18.0,1.0,0.0,1.0,0.9,0.05,0.0,0.05,0.0,1.0,0.0,0.0,0.0,0.0,0.0,0.0,0.0,0.0,0.0,0.0,0.0,1.0,0.0,0.0,0.0,0.0,0.0,0.0,0.0,0.0,0.0,0.0,0.0,0.0,0.0,0.0,0.0,0.0,0.0,0.0,0.0,0.0,0.0,0.0,0.0,0.0,0.0,0.0,0.0,0.0,0.0,0.0,0.0,0.0,0.0,0.0,0.0,0.0,0.0,0.0,0.0,0.0
attack,"""gbeeelepgTTTTpTTTIM",time,time,seqgan_master,seqgan_master__final__time__A__500__MASTER__raw_character__len20__gpre120__reward_off__seed88,1127,20.0,9.0,2.739353872167201,19.0,0.0,0.0,1.0,0.95,0.0,0.0,0.05,0.0,1.0,0.0,0.0,0.0,0.0,0.0,0.0,0.0,0.0,0.0,0.0,0.0,1.0,0.0,0.0,0.0,0.0,0.0,0.0,0.0,0.0,0.0,0.0,0.0,0.0,0.0,0.0,0.0,0.0,0.0,0.0,0.0,0.0,0.0,0.0,0.0,0.0,0.0,0.0,0.0,0.0,0.0,0.0,0.0,0.0,0.0,0.0,0.0,0.0,0.0,0.0,0.0,0.0
attack,"""gbeeleleeTTTeTTpgri",time,time,seqgan_master,seqgan_master__final__time__A__500__MASTER__raw_character__len20__gpre120__reward_off__seed88,1128,20.0,9.0,2.765957320949175,19.0,0.0,0.0,1.0,0.95,0.0,0.0,0.05,0.0,1.0,0.0,0.0,0.0,0.0,0.0,0.0,0.0,0.0,0.0,0.0,0.0,1.0,0.0,0.0,0.0,0.0,0.0,0.0,0.0,0.0,0.0,0.0,0.0,0.0,0.0,0.0,0.0,0.0,0.0,0.0,0.0,0.0,0.0,0.0,0.0,0.0,0.0,0.0,0.0,0.0,0.0,0.0,0.0,0.0,0.0,0.0,0.0,0.0,0.0,0.0,0.0,0.0
attack,"""gbegbeelribebeleele",time,time,seqgan_master,seqgan_master__final__time__A__500__MASTER__raw_character__len20__gpre120__reward_off__seed88,1129,20.0,7.0,2.384183719779189,19.0,0.0,0.0,1.0,0.95,0.0,0.0,0.05,0.0,1.0,0.0,0.0,0.0,0.0,0.0,0.0,0.0,0.0,0.0,0.0,0.0,1.0,0.0,0.0,0.0,0.0,0.0,0.0,0.0,0.0,0.0,0.0,0.0,0.0,0.0,0.0,0.0,0.0,0.0,0.0,0.0,0.0,0.0,0.0,0.0,0.0,0.0,0.0,0.0,0.0,0.0,0.0,0.0,0.0,0.0,0.0,0.0,0.0,0.0,0.0,0.0,0.0
attack,"""gbeeeleTbleele0TTTI",time,time,seqgan_master,seqgan_master__final__time__A__500__MASTER__raw_character__len20__gpre120__reward_off__seed88,1130,20.0,8.0,2.6016094970590276,18.0,1.0,0.0,1.0,0.9,0.05,0.0,0.05,0.0,1.0,0.0,0.0,0.0,0.0,0.0,0.0,0.0,0.0,0.0,0.0,0.0,1.0,0.0,0.0,0.0,0.0,0.0,0.0,0.0,0.0,0.0,0.0,0.0,0.0,0.0,0.0,0.0,0.0,0.0,0.0,0.0,0.0,0.0,0.0,0.0,0.0,0.0,0.0,0.0,0.0,0.0,0.0,0.0,0.0,0.0,0.0,0.0,0.0,0.0,0.0,0.0,0.0
attack,"""gbeleeleleeTTTTTIpg",time,time,seqgan_master,seqgan_master__final__time__A__500__MASTER__raw_character__len20__gpre120__reward_off__seed88,1131,20.0,8.0,2.6282129458410015,19.0,0.0,0.0,1.0,0.95,0.0,0.0,0.05,0.0,1.0,0.0,0.0,0.0,0.0,0.0,0.0,0.0,0.0,0.0,0.0,0.0,1.0,0.0,0.0,0.0,0.0,0.0,0.0,0.0,0.0,0.0,0.0,0.0,0.0,0.0,0.0,0.0,0.0,0.0,0.0,0.0,0.0,0.0,0.0,0.0,0.0,0.0,0.0,0.0,0.0,0.0,0.0,0.0,0.0,0.0,0.0,0.0,0.0,0.0,0.0,0.0,0.0
attack,"""gbgbeleleleeeTTle0t",time,time,seqgan_master,seqgan_master__final__time__A__500__MASTER__raw_character__len20__gpre120__reward_off__seed88,1132,20.0,8.0,2.639353872167201,18.0,1.0,0.0,1.0,0.9,0.05,0.0,0.05,0.0,1.0,0.0,0.0,0.0,0.0,0.0,0.0,0.0,0.0,0.0,0.0,0.0,1.0,0.0,0.0,0.0,0.0,0.0,0.0,0.0,0.0,0.0,0.0,0.0,0.0,0.0,0.0,0.0,0.0,0.0,0.0,0.0,0.0,0.0,0.0,0.0,0.0,0.0,0.0,0.0,0.0,0.0,0.0,0.0,0.0,0.0,0.0,0.0,0.0,0.0,0.0,0.0,0.0
attack,"""gbeleleeleTTpgTbrbe",time,time,seqgan_master,seqgan_master__final__time__A__500__MASTER__raw_character__len20__gpre120__reward_off__seed88,1133,20.0,8.0,2.733206219346495,19.0,0.0,0.0,1.0,0.95,0.0,0.0,0.05,0.0,1.0,0.0,0.0,0.0,0.0,0.0,0.0,0.0,0.0,0.0,0.0,0.0,1.0,0.0,0.0,0.0,0.0,0.0,0.0,0.0,0.0,0.0,0.0,0.0,0.0,0.0,0.0,0.0,0.0,0.0,0.0,0.0,0.0,0.0,0.0,0.0,0.0,0.0,0.0,0.0,0.0,0.0,0.0,0.0,0.0,0.0,0.0,0.0,0.0,0.0,0.0,0.0,0.0
attack,"""gbeleleeleleTleeTTT",time,time,seqgan_master,seqgan_master__final__time__A__500__MASTER__raw_character__len20__gpre120__reward_off__seed88,1134,20.0,6.0,2.1414460711655217,19.0,0.0,0.0,1.0,0.95,0.0,0.0,0.05,0.0,1.0,0.0,0.0,0.0,0.0,0.0,0.0,0.0,0.0,0.0,0.0,0.0,1.0,0.0,0.0,0.0,0.0,0.0,0.0,0.0,0.0,0.0,0.0,0.0,0.0,0.0,0.0,0.0,0.0,0.0,0.0,0.0,0.0,0.0,0.0,0.0,0.0,0.0,0.0,0.0,0.0,0.0,0.0,0.0,0.0,0.0,0.0,0.0,0.0,0.0,0.0,0.0,0.0
attack,"""gbeleeleeTIMbee0TII",time,time,seqgan_master,seqgan_master__final__time__A__500__MASTER__raw_character__len20__gpre120__reward_off__seed88,1135,20.0,9.0,2.8016094970590277,18.0,1.0,0.0,1.0,0.9,0.05,0.0,0.05,0.0,1.0,0.0,0.0,0.0,0.0,0.0,0.0,0.0,0.0,0.0,0.0,0.0,1.0,0.0,0.0,0.0,0.0,0.0,0.0,0.0,0.0,0.0,0.0,0.0,0.0,0.0,0.0,0.0,0.0,0.0,0.0,0.0,0.0,0.0,0.0,0.0,0.0,0.0,0.0,0.0,0.0,0.0,0.0,0.0,0.0,0.0,0.0,0.0,0.0,0.0,0.0,0.0,0.0
attack,"""gbeeleleTTIpgTleele",time,time,seqgan_master,seqgan_master__final__time__A__500__MASTER__raw_character__len20__gpre120__reward_off__seed88,1136,20.0,8.0,2.6016094970590276,19.0,0.0,0.0,1.0,0.95,0.0,0.0,0.05,0.0,1.0,0.0,0.0,0.0,0.0,0.0,0.0,0.0,0.0,0.0,0.0,0.0,1.0,0.0,0.0,0.0,0.0,0.0,0.0,0.0,0.0,0.0,0.0,0.0,0.0,0.0,0.0,0.0,0.0,0.0,0.0,0.0,0.0,0.0,0.0,0.0,0.0,0.0,0.0,0.0,0.0,0.0,0.0,0.0,0.0,0.0,0.0,0.0,0.0,0.0,0.0,0.0,0.0
attack,"""gbeleele0rbeeTIIpgT",time,time,seqgan_master,seqgan_master__final__time__A__500__MASTER__raw_character__len20__gpre120__reward_off__seed88,1137,20.0,10.0,3.0464393446710156,18.0,1.0,0.0,1.0,0.9,0.05,0.0,0.05,0.0,1.0,0.0,0.0,0.0,0.0,0.0,0.0,0.0,0.0,0.0,0.0,0.0,1.0,0.0,0.0,0.0,0.0,0.0,0.0,0.0,0.0,0.0,0.0,0.0,0.0,0.0,0.0,0.0,0.0,0.0,0.0,0.0,0.0,0.0,0.0,0.0,0.0,0.0,0.0,0.0,0.0,0.0,0.0,0.0,0.0,0.0,0.0,0.0,0.0,0.0,0.0,0.0,0.0
attack,"""gbeleeTbe_TIMeleTbe",time,time,seqgan_master,seqgan_master__final__time__A__500__MASTER__raw_character__len20__gpre120__reward_off__seed88,1138,20.0,9.0,2.763865121950854,18.0,0.0,0.0,2.0,0.9,0.0,0.0,0.1,0.0,1.0,0.0,0.0,0.0,0.0,0.0,0.0,0.0,1.0,0.0,0.0,0.0,1.0,0.0,0.0,0.0,0.0,0.0,0.0,0.0,0.0,0.0,0.0,0.0,0.0,0.0,0.0,0.0,0.0,0.0,0.0,0.0,0.0,0.0,0.0,0.0,0.0,0.0,0.0,0.0,0.0,0.0,0.0,0.0,0.0,0.0,0.0,0.0,0.0,0.0,0.0,0.0,0.0
attack,"""gbeleeTbeleleTIIr0g",time,time,seqgan_master,seqgan_master__final__time__A__500__MASTER__raw_character__len20__gpre120__reward_off__seed88,1139,20.0,9.0,2.908694969562842,18.0,1.0,0.0,1.0,0.9,0.05,0.0,0.05,0.0,1.0,0.0,0.0,0.0,0.0,0.0,0.0,0.0,0.0,0.0,0.0,0.0,1.0,0.0,0.0,0.0,0.0,0.0,0.0,0.0,0.0,0.0,0.0,0.0,0.0,0.0,0.0,0.0,0.0,0.0,0.0,0.0,0.0,0.0,0.0,0.0,0.0,0.0,0.0,0.0,0.0,0.0,0.0,0.0,0.0,0.0,0.0,0.0,0.0,0.0,0.0,0.0,0.0
attack,"""gbrbeleleeleTIIMele",time,time,seqgan_master,seqgan_master__final__time__A__500__MASTER__raw_character__len20__gpre120__reward_off__seed88,1140,20.0,9.0,2.739353872167201,19.0,0.0,0.0,1.0,0.95,0.0,0.0,0.05,0.0,1.0,0.0,0.0,0.0,0.0,0.0,0.0,0.0,0.0,0.0,0.0,0.0,1.0,0.0,0.0,0.0,0.0,0.0,0.0,0.0,0.0,0.0,0.0,0.0,0.0,0.0,0.0,0.0,0.0,0.0,0.0,0.0,0.0,0.0,0.0,0.0,0.0,0.0,0.0,0.0,0.0,0.0,0.0,0.0,0.0,0.0,0.0,0.0,0.0,0.0,0.0,0.0,0.0
attack,"""gbeleele0eTmTTIpgTT",time,time,seqgan_master,seqgan_master__final__time__A__500__MASTER__raw_character__len20__gpre120__reward_off__seed88,1141,20.0,10.0,2.9609640474436816,18.0,1.0,0.0,1.0,0.9,0.05,0.0,0.05,0.0,1.0,0.0,0.0,0.0,0.0,0.0,0.0,0.0,0.0,0.0,0.0,0.0,1.0,0.0,0.0,0.0,0.0,0.0,0.0,0.0,0.0,0.0,0.0,0.0,0.0,0.0,0.0,0.0,0.0,0.0,0.0,0.0,0.0,0.0,0.0,0.0,0.0,0.0,0.0,0.0,0.0,0.0,0.0,0.0,0.0,0.0,0.0,0.0,0.0,0.0,0.0,0.0,0.0
attack,"""gbeleelebeelelelele",time,time,seqgan_master,seqgan_master__final__time__A__500__MASTER__raw_character__len20__gpre120__reward_off__seed88,1142,20.0,5.0,1.7854752972273344,19.0,0.0,0.0,1.0,0.95,0.0,0.0,0.05,0.0,1.0,0.0,0.0,0.0,0.0,0.0,0.0,0.0,0.0,0.0,0.0,0.0,1.0,0.0,0.0,0.0,0.0,0.0,0.0,0.0,0.0,0.0,0.0,0.0,0.0,0.0,0.0,0.0,0.0,0.0,0.0,0.0,0.0,0.0,0.0,0.0,0.0,0.0,0.0,0.0,0.0,0.0,0.0,0.0,0.0,0.0,0.0,0.0,0.0,0.0,0.0,0.0,0.0
attack,"""gbelee0eTITbeleTTTI",time,time,seqgan_master,seqgan_master__final__time__A__500__MASTER__raw_character__len20__gpre120__reward_off__seed88,1143,20.0,8.0,2.665957320949175,18.0,1.0,0.0,1.0,0.9,0.05,0.0,0.05,0.0,1.0,0.0,0.0,0.0,0.0,0.0,0.0,0.0,0.0,0.0,0.0,0.0,1.0,0.0,0.0,0.0,0.0,0.0,0.0,0.0,0.0,0.0,0.0,0.0,0.0,0.0,0.0,0.0,0.0,0.0,0.0,0.0,0.0,0.0,0.0,0.0,0.0,0.0,0.0,0.0,0.0,0.0,0.0,0.0,0.0,0.0,0.0,0.0,0.0,0.0,0.0,0.0,0.0
attack,"""gbeleeTleTIpgbeleeT",time,time,seqgan_master,seqgan_master__final__time__A__500__MASTER__raw_character__len20__gpre120__reward_off__seed88,1144,20.0,8.0,2.6638651219508542,19.0,0.0,0.0,1.0,0.95,0.0,0.0,0.05,0.0,1.0,0.0,0.0,0.0,0.0,0.0,0.0,0.0,0.0,0.0,0.0,0.0,1.0,0.0,0.0,0.0,0.0,0.0,0.0,0.0,0.0,0.0,0.0,0.0,0.0,0.0,0.0,0.0,0.0,0.0,0.0,0.0,0.0,0.0,0.0,0.0,0.0,0.0,0.0,0.0,0.0,0.0,0.0,0.0,0.0,0.0,0.0,0.0,0.0,0.0,0.0,0.0,0.0
attack,"""gbeelebeleTbele0lel",time,time,seqgan_master,seqgan_master__final__time__A__500__MASTER__raw_character__len20__gpre120__reward_off__seed88,1145,20.0,7.0,2.3037016960573484,18.0,1.0,0.0,1.0,0.9,0.05,0.0,0.05,0.0,1.0,0.0,0.0,0.0,0.0,0.0,0.0,0.0,0.0,0.0,0.0,0.0,1.0,0.0,0.0,0.0,0.0,0.0,0.0,0.0,0.0,0.0,0.0,0.0,0.0,0.0,0.0,0.0,0.0,0.0,0.0,0.0,0.0,0.0,0.0,0.0,0.0,0.0,0.0,0.0,0.0,0.0,0.0,0.0,0.0,0.0,0.0,0.0,0.0,0.0,0.0,0.0,0.0
attack,"""gbeleeleTbrleeeTeTl",time,time,seqgan_master,seqgan_master__final__time__A__500__MASTER__raw_character__len20__gpre120__reward_off__seed88,1146,20.0,7.0,2.384183719779189,19.0,0.0,0.0,1.0,0.95,0.0,0.0,0.05,0.0,1.0,0.0,0.0,0.0,0.0,0.0,0.0,0.0,0.0,0.0,0.0,0.0,1.0,0.0,0.0,0.0,0.0,0.0,0.0,0.0,0.0,0.0,0.0,0.0,0.0,0.0,0.0,0.0,0.0,0.0,0.0,0.0,0.0,0.0,0.0,0.0,0.0,0.0,0.0,0.0,0.0,0.0,0.0,0.0,0.0,0.0,0.0,0.0,0.0,0.0,0.0,0.0,0.0
attack,"""gbeleeleeleTTIpgTne",time,time,seqgan_master,seqgan_master__final__time__A__500__MASTER__raw_character__len20__gpre120__reward_off__seed88,1147,20.0,9.0,2.763865121950854,19.0,0.0,0.0,1.0,0.95,0.0,0.0,0.05,0.0,1.0,0.0,0.0,0.0,0.0,0.0,0.0,0.0,0.0,0.0,0.0,0.0,1.0,0.0,0.0,0.0,0.0,0.0,0.0,0.0,0.0,0.0,0.0,0.0,0.0,0.0,0.0,0.0,0.0,0.0,0.0,0.0,0.0,0.0,0.0,0.0,0.0,0.0,0.0,0.0,0.0,0.0,0.0,0.0,0.0,0.0,0.0,0.0,0.0,0.0,0.0,0.0,0.0
attack,"""gbeleleeTbeleTleTTI",time,time,seqgan_master,seqgan_master__final__time__A__500__MASTER__raw_character__len20__gpre120__reward_off__seed88,1148,20.0,7.0,2.439353872167201,19.0,0.0,0.0,1.0,0.95,0.0,0.0,0.05,0.0,1.0,0.0,0.0,0.0,0.0,0.0,0.0,0.0,0.0,0.0,0.0,0.0,1.0,0.0,0.0,0.0,0.0,0.0,0.0,0.0,0.0,0.0,0.0,0.0,0.0,0.0,0.0,0.0,0.0,0.0,0.0,0.0,0.0,0.0,0.0,0.0,0.0,0.0,0.0,0.0,0.0,0.0,0.0,0.0,0.0,0.0,0.0,0.0,0.0,0.0,0.0,0.0,0.0
attack,"""gbeeleTTIIpgTneleeT",time,time,seqgan_master,seqgan_master__final__time__A__500__MASTER__raw_character__len20__gpre120__reward_off__seed88,1149,20.0,9.0,2.8464393446710154,19.0,0.0,0.0,1.0,0.95,0.0,0.0,0.05,0.0,1.0,0.0,0.0,0.0,0.0,0.0,0.0,0.0,0.0,0.0,0.0,0.0,1.0,0.0,0.0,0.0,0.0,0.0,0.0,0.0,0.0,0.0,0.0,0.0,0.0,0.0,0.0,0.0,0.0,0.0,0.0,0.0,0.0,0.0,0.0,0.0,0.0,0.0,0.0,0.0,0.0,0.0,0.0,0.0,0.0,0.0,0.0,0.0,0.0,0.0,0.0,0.0,0.0
attack,( rinbeeleeTTTIIleTT,time,time,seqgan_master,seqgan_master__final__time__A__500__MASTER__raw_character__len20__gpre120__reward_off__seed88,1150,20.0,10.0,2.9609640474436816,18.0,0.0,1.0,1.0,0.9,0.0,0.05,0.05,0.0,0.0,0.0,0.0,0.0,0.0,0.0,1.0,0.0,0.0,0.0,0.0,0.0,0.0,0.0,0.0,0.0,0.0,1.0,0.0,0.0,0.0,0.0,0.0,0.0,0.0,0.0,0.0,0.0,0.0,0.0,0.0,0.0,0.0,0.0,0.0,0.0,0.0,0.0,0.0,0.0,0.0,0.0,0.0,0.0,0.0,0.0,0.0,0.0,0.0,0.0,0.0,0.0,0.0
attack,"""gbeleeTeleTbeTIMdee",time,time,seqgan_master,seqgan_master__final__time__A__500__MASTER__raw_character__len20__gpre120__reward_off__seed88,1151,20.0,9.0,2.684183719779189,19.0,0.0,0.0,1.0,0.95,0.0,0.0,0.05,0.0,1.0,0.0,0.0,0.0,0.0,0.0,0.0,0.0,0.0,0.0,0.0,0.0,1.0,0.0,0.0,0.0,0.0,0.0,0.0,0.0,0.0,0.0,0.0,0.0,0.0,0.0,0.0,0.0,0.0,0.0,0.0,0.0,0.0,0.0,0.0,0.0,0.0,0.0,0.0,0.0,0.0,0.0,0.0,0.0,0.0,0.0,0.0,0.0,0.0,0.0,0.0,0.0,0.0
attack,"""gbeleeleTIMeTTIITIb",time,time,seqgan_master,seqgan_master__final__time__A__500__MASTER__raw_character__len20__gpre120__reward_off__seed88,1152,20.0,8.0,2.7414460711655217,19.0,0.0,0.0,1.0,0.95,0.0,0.0,0.05,0.0,1.0,0.0,0.0,0.0,0.0,0.0,0.0,0.0,0.0,0.0,0.0,0.0,1.0,0.0,0.0,0.0,0.0,0.0,0.0,0.0,0.0,0.0,0.0,0.0,0.0,0.0,0.0,0.0,0.0,0.0,0.0,0.0,0.0,0.0,0.0,0.0,0.0,0.0,0.0,0.0,0.0,0.0,0.0,0.0,0.0,0.0,0.0,0.0,0.0,0.0,0.0,0.0,0.0
attack,"""gbebeleelelele0leeT",time,time,seqgan_master,seqgan_master__final__time__A__500__MASTER__raw_character__len20__gpre120__reward_off__seed88,1153,20.0,7.0,2.2149798205164815,18.0,1.0,0.0,1.0,0.9,0.05,0.0,0.05,0.0,1.0,0.0,0.0,0.0,0.0,0.0,0.0,0.0,0.0,0.0,0.0,0.0,1.0,0.0,0.0,0.0,0.0,0.0,0.0,0.0,0.0,0.0,0.0,0.0,0.0,0.0,0.0,0.0,0.0,0.0,0.0,0.0,0.0,0.0,0.0,0.0,0.0,0.0,0.0,0.0,0.0,0.0,0.0,0.0,0.0,0.0,0.0,0.0,0.0,0.0,0.0,0.0,0.0
attack,"""gneobeleeTbeTTIpgTb",time,time,seqgan_master,seqgan_master__final__time__A__500__MASTER__raw_character__len20__gpre120__reward_off__seed88,1154,20.0,10.0,3.0037016960573486,19.0,0.0,0.0,1.0,0.95,0.0,0.0,0.05,0.0,1.0,0.0,0.0,0.0,0.0,0.0,0.0,0.0,0.0,0.0,0.0,0.0,1.0,0.0,0.0,0.0,0.0,0.0,0.0,0.0,0.0,0.0,0.0,0.0,0.0,0.0,0.0,0.0,0.0,0.0,0.0,0.0,0.0,0.0,0.0,0.0,0.0,0.0,0.0,0.0,0.0,0.0,0.0,0.0,0.0,0.0,0.0,0.0,0.0,0.0,0.0,0.0,0.0
attack,"""gbelelee0leleTIIpgl",time,time,seqgan_master,seqgan_master__final__time__A__500__MASTER__raw_character__len20__gpre120__reward_off__seed88,1155,20.0,9.0,2.765957320949175,18.0,1.0,0.0,1.0,0.9,0.05,0.0,0.05,0.0,1.0,0.0,0.0,0.0,0.0,0.0,0.0,0.0,0.0,0.0,0.0,0.0,1.0,0.0,0.0,0.0,0.0,0.0,0.0,0.0,0.0,0.0,0.0,0.0,0.0,0.0,0.0,0.0,0.0,0.0,0.0,0.0,0.0,0.0,0.0,0.0,0.0,0.0,0.0,0.0,0.0,0.0,0.0,0.0,0.0,0.0,0.0,0.0,0.0,0.0,0.0,0.0,0.0
attack,"""gbeleeleeleleTTITTT",time,time,seqgan_master,seqgan_master__final__time__A__500__MASTER__raw_character__len20__gpre120__reward_off__seed88,1156,20.0,7.0,2.3588718484453604,19.0,0.0,0.0,1.0,0.95,0.0,0.0,0.05,0.0,1.0,0.0,0.0,0.0,0.0,0.0,0.0,0.0,0.0,0.0,0.0,0.0,1.0,0.0,0.0,0.0,0.0,0.0,0.0,0.0,0.0,0.0,0.0,0.0,0.0,0.0,0.0,0.0,0.0,0.0,0.0,0.0,0.0,0.0,0.0,0.0,0.0,0.0,0.0,0.0,0.0,0.0,0.0,0.0,0.0,0.0,0.0,0.0,0.0,0.0,0.0,0.0,0.0
attack,"""gbeleeeTTTIpgTTiwle",time,time,seqgan_master,seqgan_master__final__time__A__500__MASTER__raw_character__len20__gpre120__reward_off__seed88,1157,20.0,10.0,2.9609640474436816,19.0,0.0,0.0,1.0,0.95,0.0,0.0,0.05,0.0,1.0,0.0,0.0,0.0,0.0,0.0,0.0,0.0,0.0,0.0,0.0,0.0,1.0,0.0,0.0,0.0,0.0,0.0,0.0,0.0,0.0,0.0,0.0,0.0,0.0,0.0,0.0,0.0,0.0,0.0,0.0,0.0,0.0,0.0,0.0,0.0,0.0,0.0,0.0,0.0,0.0,0.0,0.0,0.0,0.0,0.0,0.0,0.0,0.0,0.0,0.0,0.0,0.0
attack,"""gbeeleeleTTTTbeTTII",time,time,seqgan_master,seqgan_master__final__time__A__500__MASTER__raw_character__len20__gpre120__reward_off__seed88,1158,20.0,7.0,2.470950594454669,19.0,0.0,0.0,1.0,0.95,0.0,0.0,0.05,0.0,1.0,0.0,0.0,0.0,0.0,0.0,0.0,0.0,0.0,0.0,0.0,0.0,1.0,0.0,0.0,0.0,0.0,0.0,0.0,0.0,0.0,0.0,0.0,0.0,0.0,0.0,0.0,0.0,0.0,0.0,0.0,0.0,0.0,0.0,0.0,0.0,0.0,0.0,0.0,0.0,0.0,0.0,0.0,0.0,0.0,0.0,0.0,0.0,0.0,0.0,0.0,0.0,0.0
attack,"""gbele0ee0TIMelelele",time,time,seqgan_master,seqgan_master__final__time__A__500__MASTER__raw_character__len20__gpre120__reward_off__seed88,1159,20.0,9.0,2.6219280948873624,17.0,2.0,0.0,1.0,0.85,0.1,0.0,0.05,0.0,1.0,0.0,0.0,0.0,0.0,0.0,0.0,0.0,0.0,0.0,0.0,0.0,1.0,0.0,0.0,0.0,0.0,0.0,0.0,0.0,0.0,0.0,0.0,0.0,0.0,0.0,0.0,0.0,0.0,0.0,0.0,0.0,0.0,0.0,0.0,0.0,0.0,0.0,0.0,0.0,0.0,0.0,0.0,0.0,0.0,0.0,0.0,0.0,0.0,0.0,0.0,0.0,0.0
attack,"""gbeleeTTbeleleTIIMb",time,time,seqgan_master,seqgan_master__final__time__A__500__MASTER__raw_character__len20__gpre120__reward_off__seed88,1160,20.0,8.0,2.733206219346495,19.0,0.0,0.0,1.0,0.95,0.0,0.0,0.05,0.0,1.0,0.0,0.0,0.0,0.0,0.0,0.0,0.0,0.0,0.0,0.0,0.0,1.0,0.0,0.0,0.0,0.0,0.0,0.0,0.0,0.0,0.0,0.0,0.0,0.0,0.0,0.0,0.0,0.0,0.0,0.0,0.0,0.0,0.0,0.0,0.0,0.0,0.0,0.0,0.0,0.0,0.0,0.0,0.0,0.0,0.0,0.0,0.0,0.0,0.0,0.0,0.0,0.0
attack,"""gbrbeleleeleTleleTI",time,time,seqgan_master,seqgan_master__final__time__A__500__MASTER__raw_character__len20__gpre120__reward_off__seed88,1161,20.0,8.0,2.5588718484453605,19.0,0.0,0.0,1.0,0.95,0.0,0.0,0.05,0.0,1.0,0.0,0.0,0.0,0.0,0.0,0.0,0.0,0.0,0.0,0.0,0.0,1.0,0.0,0.0,0.0,0.0,0.0,0.0,0.0,0.0,0.0,0.0,0.0,0.0,0.0,0.0,0.0,0.0,0.0,0.0,0.0,0.0,0.0,0.0,0.0,0.0,0.0,0.0,0.0,0.0,0.0,0.0,0.0,0.0,0.0,0.0,0.0,0.0,0.0,0.0,0.0,0.0
attack,"""gbrbeleeleTbeTTTIMe",time,time,seqgan_master,seqgan_master__final__time__A__500__MASTER__raw_character__len20__gpre120__reward_off__seed88,1162,20.0,9.0,2.808694969562842,19.0,0.0,0.0,1.0,0.95,0.0,0.0,0.05,0.0,1.0,0.0,0.0,0.0,0.0,0.0,0.0,0.0,0.0,0.0,0.0,0.0,1.0,0.0,0.0,0.0,0.0,0.0,0.0,0.0,0.0,0.0,0.0,0.0,0.0,0.0,0.0,0.0,0.0,0.0,0.0,0.0,0.0,0.0,0.0,0.0,0.0,0.0,0.0,0.0,0.0,0.0,0.0,0.0,0.0,0.0,0.0,0.0,0.0,0.0,0.0,0.0,0.0
attack,"""gbeleeleleleTTTIpgT",time,time,seqgan_master,seqgan_master__final__time__A__500__MASTER__raw_character__len20__gpre120__reward_off__seed88,1163,20.0,8.0,2.6464393446710157,19.0,0.0,0.0,1.0,0.95,0.0,0.0,0.05,0.0,1.0,0.0,0.0,0.0,0.0,0.0,0.0,0.0,0.0,0.0,0.0,0.0,1.0,0.0,0.0,0.0,0.0,0.0,0.0,0.0,0.0,0.0,0.0,0.0,0.0,0.0,0.0,0.0,0.0,0.0,0.0,0.0,0.0,0.0,0.0,0.0,0.0,0.0,0.0,0.0,0.0,0.0,0.0,0.0,0.0,0.0,0.0,0.0,0.0,0.0,0.0,0.0,0.0
attack,"""gbeleeleTTeTTTITTTI",time,time,seqgan_master,seqgan_master__final__time__A__500__MASTER__raw_character__len20__gpre120__reward_off__seed88,1164,20.0,7.0,2.341446071165522,19.0,0.0,0.0,1.0,0.95,0.0,0.0,0.05,0.0,1.0,0.0,0.0,0.0,0.0,0.0,0.0,0.0,0.0,0.0,0.0,0.0,1.0,0.0,0.0,0.0,0.0,0.0,0.0,0.0,0.0,0.0,0.0,0.0,0.0,0.0,0.0,0.0,0.0,0.0,0.0,0.0,0.0,0.0,0.0,0.0,0.0,0.0,0.0,0.0,0.0,0.0,0.0,0.0,0.0,0.0,0.0,0.0,0.0,0.0,0.0,0.0,0.0
attack,"""gbeleeeTTIIbeTIMbel",time,time,seqgan_master,seqgan_master__final__time__A__500__MASTER__raw_character__len20__gpre120__reward_off__seed88,1165,20.0,8.0,2.733206219346495,19.0,0.0,0.0,1.0,0.95,0.0,0.0,0.05,0.0,1.0,0.0,0.0,0.0,0.0,0.0,0.0,0.0,0.0,0.0,0.0,0.0,1.0,0.0,0.0,0.0,0.0,0.0,0.0,0.0,0.0,0.0,0.0,0.0,0.0,0.0,0.0,0.0,0.0,0.0,0.0,0.0,0.0,0.0,0.0,0.0,0.0,0.0,0.0,0.0,0.0,0.0,0.0,0.0,0.0,0.0,0.0,0.0,0.0,0.0,0.0,0.0,0.0
attack,"""gbeleeleeleleTTIMbe",time,time,seqgan_master,seqgan_master__final__time__A__500__MASTER__raw_character__len20__gpre120__reward_off__seed88,1166,20.0,8.0,2.5219280948873624,19.0,0.0,0.0,1.0,0.95,0.0,0.0,0.05,0.0,1.0,0.0,0.0,0.0,0.0,0.0,0.0,0.0,0.0,0.0,0.0,0.0,1.0,0.0,0.0,0.0,0.0,0.0,0.0,0.0,0.0,0.0,0.0,0.0,0.0,0.0,0.0,0.0,0.0,0.0,0.0,0.0,0.0,0.0,0.0,0.0,0.0,0.0,0.0,0.0,0.0,0.0,0.0,0.0,0.0,0.0,0.0,0.0,0.0,0.0,0.0,0.0,0.0
attack,"""gbeelee0TITIIpgTbel",time,time,seqgan_master,seqgan_master__final__time__A__500__MASTER__raw_character__len20__gpre120__reward_off__seed88,1167,20.0,9.0,2.965957320949175,18.0,1.0,0.0,1.0,0.9,0.05,0.0,0.05,0.0,1.0,0.0,0.0,0.0,0.0,0.0,0.0,0.0,0.0,0.0,0.0,0.0,1.0,0.0,0.0,0.0,0.0,0.0,0.0,0.0,0.0,0.0,0.0,0.0,0.0,0.0,0.0,0.0,0.0,0.0,0.0,0.0,0.0,0.0,0.0,0.0,0.0,0.0,0.0,0.0,0.0,0.0,0.0,0.0,0.0,0.0,0.0,0.0,0.0,0.0,0.0,0.0,0.0
attack,"""gbeleeTbeleeTpgTbel",time,time,seqgan_master,seqgan_master__final__time__A__500__MASTER__raw_character__len20__gpre120__reward_off__seed88,1168,20.0,7.0,2.5261207468426807,19.0,0.0,0.0,1.0,0.95,0.0,0.0,0.05,0.0,1.0,0.0,0.0,0.0,0.0,0.0,0.0,0.0,0.0,0.0,0.0,0.0,1.0,0.0,0.0,0.0,0.0,0.0,0.0,0.0,0.0,0.0,0.0,0.0,0.0,0.0,0.0,0.0,0.0,0.0,0.0,0.0,0.0,0.0,0.0,0.0,0.0,0.0,0.0,0.0,0.0,0.0,0.0,0.0,0.0,0.0,0.0,0.0,0.0,0.0,0.0,0.0,0.0
attack,"""gbeleleeTleTTbeTTpg",time,time,seqgan_master,seqgan_master__final__time__A__500__MASTER__raw_character__len20__gpre120__reward_off__seed88,1169,20.0,7.0,2.5282129458410014,19.0,0.0,0.0,1.0,0.95,0.0,0.0,0.05,0.0,1.0,0.0,0.0,0.0,0.0,0.0,0.0,0.0,0.0,0.0,0.0,0.0,1.0,0.0,0.0,0.0,0.0,0.0,0.0,0.0,0.0,0.0,0.0,0.0,0.0,0.0,0.0,0.0,0.0,0.0,0.0,0.0,0.0,0.0,0.0,0.0,0.0,0.0,0.0,0.0,0.0,0.0,0.0,0.0,0.0,0.0,0.0,0.0,0.0,0.0,0.0,0.0,0.0
attack,"""gbedeleelebeTbeTIII",time,time,seqgan_master,seqgan_master__final__time__A__500__MASTER__raw_character__len20__gpre120__reward_off__seed88,1170,20.0,8.0,2.6638651219508542,19.0,0.0,0.0,1.0,0.95,0.0,0.0,0.05,0.0,1.0,0.0,0.0,0.0,0.0,0.0,0.0,0.0,0.0,0.0,0.0,0.0,1.0,0.0,0.0,0.0,0.0,0.0,0.0,0.0,0.0,0.0,0.0,0.0,0.0,0.0,0.0,0.0,0.0,0.0,0.0,0.0,0.0,0.0,0.0,0.0,0.0,0.0,0.0,0.0,0.0,0.0,0.0,0.0,0.0,0.0,0.0,0.0,0.0,0.0,0.0,0.0,0.0
attack,aygTpgbeleeeleTIMbel,time,time,seqgan_master,seqgan_master__final__time__A__500__MASTER__raw_character__len20__gpre120__reward_off__seed88,1171,20.0,10.0,3.008694969562842,20.0,0.0,0.0,0.0,1.0,0.0,0.0,0.0,0.0,0.0,0.0,0.0,0.0,0.0,0.0,0.0,0.0,0.0,0.0,0.0,0.0,0.0,0.0,0.0,0.0,0.0,0.0,0.0,0.0,0.0,0.0,0.0,0.0,0.0,0.0,0.0,0.0,0.0,0.0,0.0,0.0,0.0,0.0,0.0,0.0,0.0,0.0,0.0,0.0,0.0,0.0,0.0,0.0,0.0,0.0,0.0,0.0,0.0,0.0,0.0,0.0,0.0
attack,"""gbeeeleTIIpgbeeleTI",time,time,seqgan_master,seqgan_master__final__time__A__500__MASTER__raw_character__len20__gpre120__reward_off__seed88,1172,20.0,8.0,2.7016094970590276,19.0,0.0,0.0,1.0,0.95,0.0,0.0,0.05,0.0,1.0,0.0,0.0,0.0,0.0,0.0,0.0,0.0,0.0,0.0,0.0,0.0,1.0,0.0,0.0,0.0,0.0,0.0,0.0,0.0,0.0,0.0,0.0,0.0,0.0,0.0,0.0,0.0,0.0,0.0,0.0,0.0,0.0,0.0,0.0,0.0,0.0,0.0,0.0,0.0,0.0,0.0,0.0,0.0,0.0,0.0,0.0,0.0,0.0,0.0,0.0,0.0,0.0
attack,"""gbeleleeleleeleleTT",time,time,seqgan_master,seqgan_master__final__time__A__500__MASTER__raw_character__len20__gpre120__reward_off__seed88,1173,20.0,6.0,2.0199730940219753,19.0,0.0,0.0,1.0,0.95,0.0,0.0,0.05,0.0,1.0,0.0,0.0,0.0,0.0,0.0,0.0,0.0,0.0,0.0,0.0,0.0,1.0,0.0,0.0,0.0,0.0,0.0,0.0,0.0,0.0,0.0,0.0,0.0,0.0,0.0,0.0,0.0,0.0,0.0,0.0,0.0,0.0,0.0,0.0,0.0,0.0,0.0,0.0,0.0,0.0,0.0,0.0,0.0,0.0,0.0,0.0,0.0,0.0,0.0,0.0,0.0,0.0
attack,"""gbeleebeleeTTIpgTle",time,time,seqgan_master,seqgan_master__final__time__A__500__MASTER__raw_character__len20__gpre120__reward_off__seed88,1174,20.0,8.0,2.6638651219508542,19.0,0.0,0.0,1.0,0.95,0.0,0.0,0.05,0.0,1.0,0.0,0.0,0.0,0.0,0.0,0.0,0.0,0.0,0.0,0.0,0.0,1.0,0.0,0.0,0.0,0.0,0.0,0.0,0.0,0.0,0.0,0.0,0.0,0.0,0.0,0.0,0.0,0.0,0.0,0.0,0.0,0.0,0.0,0.0,0.0,0.0,0.0,0.0,0.0,0.0,0.0,0.0,0.0,0.0,0.0,0.0,0.0,0.0,0.0,0.0,0.0,0.0
attack,"""gbrbeleeeleleleTTIe",time,time,seqgan_master,seqgan_master__final__time__A__500__MASTER__raw_character__len20__gpre120__reward_off__seed88,1175,20.0,8.0,2.5219280948873624,19.0,0.0,0.0,1.0,0.95,0.0,0.0,0.05,0.0,1.0,0.0,0.0,0.0,0.0,0.0,0.0,0.0,0.0,0.0,0.0,0.0,1.0,0.0,0.0,0.0,0.0,0.0,0.0,0.0,0.0,0.0,0.0,0.0,0.0,0.0,0.0,0.0,0.0,0.0,0.0,0.0,0.0,0.0,0.0,0.0,0.0,0.0,0.0,0.0,0.0,0.0,0.0,0.0,0.0,0.0,0.0,0.0,0.0,0.0,0.0,0.0,0.0
attack,"""gbeleeTIITe0lle0TTT",time,time,seqgan_master,seqgan_master__final__time__A__500__MASTER__raw_character__len20__gpre120__reward_off__seed88,1176,20.0,8.0,2.723219672335508,17.0,2.0,0.0,1.0,0.85,0.1,0.0,0.05,0.0,1.0,0.0,0.0,0.0,0.0,0.0,0.0,0.0,0.0,0.0,0.0,0.0,1.0,0.0,0.0,0.0,0.0,0.0,0.0,0.0,0.0,0.0,0.0,0.0,0.0,0.0,0.0,0.0,0.0,0.0,0.0,0.0,0.0,0.0,0.0,0.0,0.0,0.0,0.0,0.0,0.0,0.0,0.0,0.0,0.0,0.0,0.0,0.0,0.0,0.0,0.0,0.0,0.0
attack,",witbeleeleleeleeTIT",time,time,seqgan_master,seqgan_master__final__time__A__500__MASTER__raw_character__len20__gpre120__reward_off__seed88,1177,20.0,9.0,2.6219280948873624,19.0,0.0,0.0,1.0,0.95,0.0,0.0,0.05,0.0,0.0,0.0,0.0,0.0,0.0,0.0,0.0,0.0,0.0,1.0,0.0,0.0,0.0,0.0,0.0,0.0,0.0,0.0,0.0,0.0,0.0,0.0,0.0,0.0,0.0,0.0,0.0,0.0,0.0,0.0,0.0,0.0,0.0,0.0,0.0,0.0,0.0,0.0,0.0,0.0,0.0,0.0,0.0,0.0,0.0,0.0,0.0,0.0,0.0,0.0,0.0,0.0,0.0
attack, )gTeleleTbeTTITIIde,time,time,seqgan_master,seqgan_master__final__time__A__500__MASTER__raw_character__len20__gpre120__reward_off__seed88,1178,20.0,9.0,2.823219672335508,18.0,0.0,1.0,1.0,0.9,0.0,0.05,0.05,0.0,0.0,0.0,0.0,0.0,0.0,0.0,1.0,0.0,0.0,0.0,0.0,0.0,0.0,0.0,0.0,0.0,0.0,1.0,0.0,0.0,0.0,0.0,0.0,0.0,0.0,0.0,0.0,0.0,0.0,0.0,0.0,0.0,0.0,0.0,0.0,0.0,0.0,0.0,0.0,0.0,0.0,0.0,0.0,0.0,0.0,0.0,0.0,0.0,0.0,0.0,0.0,0.0,0.0
attack,"""gbeleeTbepgTTIdelel",time,time,seqgan_master,seqgan_master__final__time__A__500__MASTER__raw_character__len20__gpre120__reward_off__seed88,1179,20.0,9.0,2.8709505944546687,19.0,0.0,0.0,1.0,0.95,0.0,0.0,0.05,0.0,1.0,0.0,0.0,0.0,0.0,0.0,0.0,0.0,0.0,0.0,0.0,0.0,1.0,0.0,0.0,0.0,0.0,0.0,0.0,0.0,0.0,0.0,0.0,0.0,0.0,0.0,0.0,0.0,0.0,0.0,0.0,0.0,0.0,0.0,0.0,0.0,0.0,0.0,0.0,0.0,0.0,0.0,0.0,0.0,0.0,0.0,0.0,0.0,0.0,0.0,0.0,0.0,0.0
attack,"""gbeeleleleTpgTTIpgT",time,time,seqgan_master,seqgan_master__final__time__A__500__MASTER__raw_character__len20__gpre120__reward_off__seed88,1180,20.0,8.0,2.765957320949175,19.0,0.0,0.0,1.0,0.95,0.0,0.0,0.05,0.0,1.0,0.0,0.0,0.0,0.0,0.0,0.0,0.0,0.0,0.0,0.0,0.0,1.0,0.0,0.0,0.0,0.0,0.0,0.0,0.0,0.0,0.0,0.0,0.0,0.0,0.0,0.0,0.0,0.0,0.0,0.0,0.0,0.0,0.0,0.0,0.0,0.0,0.0,0.0,0.0,0.0,0.0,0.0,0.0,0.0,0.0,0.0,0.0,0.0,0.0,0.0,0.0,0.0
attack,"""gbeleeTbeTTTITIpgT5",time,time,seqgan_master,seqgan_master__final__time__A__500__MASTER__raw_character__len20__gpre120__reward_off__seed88,1181,20.0,9.0,2.8464393446710154,18.0,1.0,0.0,1.0,0.9,0.05,0.0,0.05,0.0,1.0,0.0,0.0,0.0,0.0,0.0,0.0,0.0,0.0,0.0,0.0,0.0,1.0,0.0,0.0,0.0,0.0,0.0,0.0,0.0,0.0,0.0,0.0,0.0,0.0,0.0,0.0,0.0,0.0,0.0,0.0,0.0,0.0,0.0,0.0,0.0,0.0,0.0,0.0,0.0,0.0,0.0,0.0,0.0,0.0,0.0,0.0,0.0,0.0,0.0,0.0,0.0,0.0
attack,"""gbeleeTTIIIneleleTl",time,time,seqgan_master,seqgan_master__final__time__A__500__MASTER__raw_character__len20__gpre120__reward_off__seed88,1182,20.0,8.0,2.6709505944546685,19.0,0.0,0.0,1.0,0.95,0.0,0.0,0.05,0.0,1.0,0.0,0.0,0.0,0.0,0.0,0.0,0.0,0.0,0.0,0.0,0.0,1.0,0.0,0.0,0.0,0.0,0.0,0.0,0.0,0.0,0.0,0.0,0.0,0.0,0.0,0.0,0.0,0.0,0.0,0.0,0.0,0.0,0.0,0.0,0.0,0.0,0.0,0.0,0.0,0.0,0.0,0.0,0.0,0.0,0.0,0.0,0.0,0.0,0.0,0.0,0.0,0.0
attack,"""gbribeeleeleTTTpgTt",time,time,seqgan_master,seqgan_master__final__time__A__500__MASTER__raw_character__len20__gpre120__reward_off__seed88,1183,20.0,10.0,3.041446071165522,19.0,0.0,0.0,1.0,0.95,0.0,0.0,0.05,0.0,1.0,0.0,0.0,0.0,0.0,0.0,0.0,0.0,0.0,0.0,0.0,0.0,1.0,0.0,0.0,0.0,0.0,0.0,0.0,0.0,0.0,0.0,0.0,0.0,0.0,0.0,0.0,0.0,0.0,0.0,0.0,0.0,0.0,0.0,0.0,0.0,0.0,0.0,0.0,0.0,0.0,0.0,0.0,0.0,0.0,0.0,0.0,0.0,0.0,0.0,0.0,0.0,0.0
attack,"""gbeebeleleeTIII",time,time,seqgan_master,seqgan_master__final__time__A__500__MASTER__raw_character__len20__gpre120__reward_off__seed88,1184,16.0,7.0,2.48345859334435,15.0,0.0,0.0,1.0,0.9375,0.0,0.0,0.0625,0.0,1.0,0.0,0.0,0.0,0.0,0.0,0.0,0.0,0.0,0.0,0.0,0.0,1.0,0.0,0.0,0.0,0.0,0.0,0.0,0.0,0.0,0.0,0.0,0.0,0.0,0.0,0.0,0.0,0.0,0.0,0.0,0.0,0.0,0.0,0.0,0.0,0.0,0.0,0.0,0.0,0.0,0.0,0.0,0.0,0.0,0.0,0.0,0.0,0.0,0.0,0.0,0.0,0.0
attack,"""gbeleebeleleTTITIII",time,time,seqgan_master,seqgan_master__final__time__A__500__MASTER__raw_character__len20__gpre120__reward_off__seed88,1185,20.0,7.0,2.5709505944546684,19.0,0.0,0.0,1.0,0.95,0.0,0.0,0.05,0.0,1.0,0.0,0.0,0.0,0.0,0.0,0.0,0.0,0.0,0.0,0.0,0.0,1.0,0.0,0.0,0.0,0.0,0.0,0.0,0.0,0.0,0.0,0.0,0.0,0.0,0.0,0.0,0.0,0.0,0.0,0.0,0.0,0.0,0.0,0.0,0.0,0.0,0.0,0.0,0.0,0.0,0.0,0.0,0.0,0.0,0.0,0.0,0.0,0.0,0.0,0.0,0.0,0.0
attack,"""gbeebeleTbeleleTtTI",time,time,seqgan_master,seqgan_master__final__time__A__500__MASTER__raw_character__len20__gpre120__reward_off__seed88,1186,20.0,8.0,2.6261207468426804,19.0,0.0,0.0,1.0,0.95,0.0,0.0,0.05,0.0,1.0,0.0,0.0,0.0,0.0,0.0,0.0,0.0,0.0,0.0,0.0,0.0,1.0,0.0,0.0,0.0,0.0,0.0,0.0,0.0,0.0,0.0,0.0,0.0,0.0,0.0,0.0,0.0,0.0,0.0,0.0,0.0,0.0,0.0,0.0,0.0,0.0,0.0,0.0,0.0,0.0,0.0,0.0,0.0,0.0,0.0,0.0,0.0,0.0,0.0,0.0,0.0,0.0
attack,"""gbeeleTTTITTIIslle0",time,time,seqgan_master,seqgan_master__final__time__A__500__MASTER__raw_character__len20__gpre120__reward_off__seed88,1187,20.0,9.0,2.865957320949175,18.0,1.0,0.0,1.0,0.9,0.05,0.0,0.05,0.0,1.0,0.0,0.0,0.0,0.0,0.0,0.0,0.0,0.0,0.0,0.0,0.0,1.0,0.0,0.0,0.0,0.0,0.0,0.0,0.0,0.0,0.0,0.0,0.0,0.0,0.0,0.0,0.0,0.0,0.0,0.0,0.0,0.0,0.0,0.0,0.0,0.0,0.0,0.0,0.0,0.0,0.0,0.0,0.0,0.0,0.0,0.0,0.0,0.0,0.0,0.0,0.0,0.0
attack,"""gbeeleTTIIMeleTII(T",time,time,seqgan_master,seqgan_master__final__time__A__500__MASTER__raw_character__len20__gpre120__reward_off__seed88,1188,20.0,9.0,2.841446071165522,18.0,0.0,0.0,2.0,0.9,0.0,0.0,0.1,0.0,1.0,0.0,0.0,0.0,0.0,0.0,1.0,0.0,0.0,0.0,0.0,0.0,1.0,0.0,0.0,0.0,0.0,1.0,0.0,0.0,0.0,0.0,0.0,0.0,0.0,0.0,0.0,0.0,0.0,0.0,0.0,0.0,0.0,0.0,0.0,0.0,0.0,0.0,0.0,0.0,0.0,0.0,0.0,0.0,0.0,0.0,0.0,0.0,0.0,0.0,0.0,0.0,0.0
attack,"""gbeleelee0TTTITIIbe",time,time,seqgan_master,seqgan_master__final__time__A__500__MASTER__raw_character__len20__gpre120__reward_off__seed88,1189,20.0,8.0,2.708694969562842,18.0,1.0,0.0,1.0,0.9,0.05,0.0,0.05,0.0,1.0,0.0,0.0,0.0,0.0,0.0,0.0,0.0,0.0,0.0,0.0,0.0,1.0,0.0,0.0,0.0,0.0,0.0,0.0,0.0,0.0,0.0,0.0,0.0,0.0,0.0,0.0,0.0,0.0,0.0,0.0,0.0,0.0,0.0,0.0,0.0,0.0,0.0,0.0,0.0,0.0,0.0,0.0,0.0,0.0,0.0,0.0,0.0,0.0,0.0,0.0,0.0,0.0
attack,"""gbeleeeTTbeTIIIMbee",time,time,seqgan_master,seqgan_master__final__time__A__500__MASTER__raw_character__len20__gpre120__reward_off__seed88,1190,20.0,8.0,2.6261207468426804,19.0,0.0,0.0,1.0,0.95,0.0,0.0,0.05,0.0,1.0,0.0,0.0,0.0,0.0,0.0,0.0,0.0,0.0,0.0,0.0,0.0,1.0,0.0,0.0,0.0,0.0,0.0,0.0,0.0,0.0,0.0,0.0,0.0,0.0,0.0,0.0,0.0,0.0,0.0,0.0,0.0,0.0,0.0,0.0,0.0,0.0,0.0,0.0,0.0,0.0,0.0,0.0,0.0,0.0,0.0,0.0,0.0,0.0,0.0,0.0,0.0,0.0
attack,"""gbeleeTTTpgTbeleleT",time,time,seqgan_master,seqgan_master__final__time__A__500__MASTER__raw_character__len20__gpre120__reward_off__seed88,1191,20.0,7.0,2.5282129458410014,19.0,0.0,0.0,1.0,0.95,0.0,0.0,0.05,0.0,1.0,0.0,0.0,0.0,0.0,0.0,0.0,0.0,0.0,0.0,0.0,0.0,1.0,0.0,0.0,0.0,0.0,0.0,0.0,0.0,0.0,0.0,0.0,0.0,0.0,0.0,0.0,0.0,0.0,0.0,0.0,0.0,0.0,0.0,0.0,0.0,0.0,0.0,0.0,0.0,0.0,0.0,0.0,0.0,0.0,0.0,0.0,0.0,0.0,0.0,0.0,0.0,0.0
attack,"""gbeleeleTTTIIneleTI",time,time,seqgan_master,seqgan_master__final__time__A__500__MASTER__raw_character__len20__gpre120__reward_off__seed88,1192,20.0,8.0,2.6709505944546685,19.0,0.0,0.0,1.0,0.95,0.0,0.0,0.05,0.0,1.0,0.0,0.0,0.0,0.0,0.0,0.0,0.0,0.0,0.0,0.0,0.0,1.0,0.0,0.0,0.0,0.0,0.0,0.0,0.0,0.0,0.0,0.0,0.0,0.0,0.0,0.0,0.0,0.0,0.0,0.0,0.0,0.0,0.0,0.0,0.0,0.0,0.0,0.0,0.0,0.0,0.0,0.0,0.0,0.0,0.0,0.0,0.0,0.0,0.0,0.0,0.0,0.0
attack,"""gbeleTeTIIpgT(pgTTI",time,time,seqgan_master,seqgan_master__final__time__A__500__MASTER__raw_character__len20__gpre120__reward_off__seed88,1193,20.0,9.0,2.9282129458410013,18.0,0.0,0.0,2.0,0.9,0.0,0.0,0.1,0.0,1.0,0.0,0.0,0.0,0.0,0.0,1.0,0.0,0.0,0.0,0.0,0.0,1.0,0.0,0.0,0.0,0.0,1.0,0.0,0.0,0.0,0.0,0.0,0.0,0.0,0.0,0.0,0.0,0.0,0.0,0.0,0.0,0.0,0.0,0.0,0.0,0.0,0.0,0.0,0.0,0.0,0.0,0.0,0.0,0.0,0.0,0.0,0.0,0.0,0.0,0.0,0.0,0.0
attack,"""gbeleeTbbeeleTbelec",time,time,seqgan_master,seqgan_master__final__time__A__500__MASTER__raw_character__len20__gpre120__reward_off__seed88,1194,20.0,7.0,2.384183719779189,19.0,0.0,0.0,1.0,0.95,0.0,0.0,0.05,0.0,1.0,0.0,0.0,0.0,0.0,0.0,0.0,0.0,0.0,0.0,0.0,0.0,1.0,0.0,0.0,0.0,0.0,0.0,0.0,0.0,0.0,0.0,0.0,0.0,0.0,0.0,0.0,0.0,0.0,0.0,0.0,0.0,0.0,0.0,0.0,0.0,0.0,0.0,0.0,0.0,0.0,0.0,0.0,0.0,0.0,0.0,0.0,0.0,0.0,0.0,0.0,0.0,0.0
attack,"""gbeleeleleeleTTITTT",time,time,seqgan_master,seqgan_master__final__time__A__500__MASTER__raw_character__len20__gpre120__reward_off__seed88,1195,20.0,7.0,2.3588718484453604,19.0,0.0,0.0,1.0,0.95,0.0,0.0,0.05,0.0,1.0,0.0,0.0,0.0,0.0,0.0,0.0,0.0,0.0,0.0,0.0,0.0,1.0,0.0,0.0,0.0,0.0,0.0,0.0,0.0,0.0,0.0,0.0,0.0,0.0,0.0,0.0,0.0,0.0,0.0,0.0,0.0,0.0,0.0,0.0,0.0,0.0,0.0,0.0,0.0,0.0,0.0,0.0,0.0,0.0,0.0,0.0,0.0,0.0,0.0,0.0,0.0,0.0
attack,""" beleeTleTITTIIIIpg",time,time,seqgan_master,seqgan_master__final__time__A__500__MASTER__raw_character__len20__gpre120__reward_off__seed88,1196,20.0,9.0,2.841446071165522,18.0,0.0,1.0,1.0,0.9,0.0,0.05,0.05,0.0,1.0,0.0,0.0,0.0,0.0,0.0,0.0,0.0,0.0,0.0,0.0,0.0,1.0,0.0,0.0,0.0,0.0,0.0,0.0,0.0,0.0,0.0,0.0,0.0,0.0,0.0,0.0,0.0,0.0,0.0,0.0,0.0,0.0,0.0,0.0,0.0,0.0,0.0,0.0,0.0,0.0,0.0,0.0,0.0,0.0,0.0,0.0,0.0,0.0,0.0,0.0,0.0,0.0
attack,"""gbeleeTbelelebelele",time,time,seqgan_master,seqgan_master__final__time__A__500__MASTER__raw_character__len20__gpre120__reward_off__seed88,1197,20.0,6.0,2.077235445408308,19.0,0.0,0.0,1.0,0.95,0.0,0.0,0.05,0.0,1.0,0.0,0.0,0.0,0.0,0.0,0.0,0.0,0.0,0.0,0.0,0.0,1.0,0.0,0.0,0.0,0.0,0.0,0.0,0.0,0.0,0.0,0.0,0.0,0.0,0.0,0.0,0.0,0.0,0.0,0.0,0.0,0.0,0.0,0.0,0.0,0.0,0.0,0.0,0.0,0.0,0.0,0.0,0.0,0.0,0.0,0.0,0.0,0.0,0.0,0.0,0.0,0.0
attack,"""gbeeleeTbelegTbeTTI",time,time,seqgan_master,seqgan_master__final__time__A__500__MASTER__raw_character__len20__gpre120__reward_off__seed88,1198,20.0,7.0,2.5016094970590275,19.0,0.0,0.0,1.0,0.95,0.0,0.0,0.05,0.0,1.0,0.0,0.0,0.0,0.0,0.0,0.0,0.0,0.0,0.0,0.0,0.0,1.0,0.0,0.0,0.0,0.0,0.0,0.0,0.0,0.0,0.0,0.0,0.0,0.0,0.0,0.0,0.0,0.0,0.0,0.0,0.0,0.0,0.0,0.0,0.0,0.0,0.0,0.0,0.0,0.0,0.0,0.0,0.0,0.0,0.0,0.0,0.0,0.0,0.0,0.0,0.0,0.0
attack,"""gbeeleTlele_TIdeeT0",time,time,seqgan_master,seqgan_master__final__time__A__500__MASTER__raw_character__len20__gpre120__reward_off__seed88,1199,20.0,10.0,2.863865121950854,17.0,1.0,0.0,2.0,0.85,0.05,0.0,0.1,0.0,1.0,0.0,0.0,0.0,0.0,0.0,0.0,0.0,1.0,0.0,0.0,0.0,1.0,0.0,0.0,0.0,0.0,0.0,0.0,0.0,0.0,0.0,0.0,0.0,0.0,0.0,0.0,0.0,0.0,0.0,0.0,0.0,0.0,0.0,0.0,0.0,0.0,0.0,0.0,0.0,0.0,0.0,0.0,0.0,0.0,0.0,0.0,0.0,0.0,0.0,0.0,0.0,0.0
attack,"""gbeleeleeTIIIMbeTbe",time,time,seqgan_master,seqgan_master__final__time__A__500__MASTER__raw_character__len20__gpre120__reward_off__seed88,1200,20.0,8.0,2.6638651219508542,19.0,0.0,0.0,1.0,0.95,0.0,0.0,0.05,0.0,1.0,0.0,0.0,0.0,0.0,0.0,0.0,0.0,0.0,0.0,0.0,0.0,1.0,0.0,0.0,0.0,0.0,0.0,0.0,0.0,0.0,0.0,0.0,0.0,0.0,0.0,0.0,0.0,0.0,0.0,0.0,0.0,0.0,0.0,0.0,0.0,0.0,0.0,0.0,0.0,0.0,0.0,0.0,0.0,0.0,0.0,0.0,0.0,0.0,0.0,0.0,0.0,0.0
attack,"""gbeleebele0eTTIITTI",time,time,seqgan_master,seqgan_master__final__time__A__500__MASTER__raw_character__len20__gpre120__reward_off__seed88,1201,20.0,8.0,2.708694969562842,18.0,1.0,0.0,1.0,0.9,0.05,0.0,0.05,0.0,1.0,0.0,0.0,0.0,0.0,0.0,0.0,0.0,0.0,0.0,0.0,0.0,1.0,0.0,0.0,0.0,0.0,0.0,0.0,0.0,0.0,0.0,0.0,0.0,0.0,0.0,0.0,0.0,0.0,0.0,0.0,0.0,0.0,0.0,0.0,0.0,0.0,0.0,0.0,0.0,0.0,0.0,0.0,0.0,0.0,0.0,0.0,0.0,0.0,0.0,0.0,0.0,0.0
attack,"""gbeeleleeTIIdelelel",time,time,seqgan_master,seqgan_master__final__time__A__500__MASTER__raw_character__len20__gpre120__reward_off__seed88,1202,20.0,8.0,2.441446071165522,19.0,0.0,0.0,1.0,0.95,0.0,0.0,0.05,0.0,1.0,0.0,0.0,0.0,0.0,0.0,0.0,0.0,0.0,0.0,0.0,0.0,1.0,0.0,0.0,0.0,0.0,0.0,0.0,0.0,0.0,0.0,0.0,0.0,0.0,0.0,0.0,0.0,0.0,0.0,0.0,0.0,0.0,0.0,0.0,0.0,0.0,0.0,0.0,0.0,0.0,0.0,0.0,0.0,0.0,0.0,0.0,0.0,0.0,0.0,0.0,0.0,0.0
attack,"""gbelelesvribeleelel",time,time,seqgan_master,seqgan_master__final__time__A__500__MASTER__raw_character__len20__gpre120__reward_off__seed88,1203,20.0,9.0,2.6588718484453606,19.0,0.0,0.0,1.0,0.95,0.0,0.0,0.05,0.0,1.0,0.0,0.0,0.0,0.0,0.0,0.0,0.0,0.0,0.0,0.0,0.0,1.0,0.0,0.0,0.0,0.0,0.0,0.0,0.0,0.0,0.0,0.0,0.0,0.0,0.0,0.0,0.0,0.0,0.0,0.0,0.0,0.0,0.0,0.0,0.0,0.0,0.0,0.0,0.0,0.0,0.0,0.0,0.0,0.0,0.0,0.0,0.0,0.0,0.0,0.0,0.0,0.0
attack,"""gbeleeeTTTTTTTInpgT",time,time,seqgan_master,seqgan_master__final__time__A__500__MASTER__raw_character__len20__gpre120__reward_off__seed88,1204,20.0,9.0,2.6219280948873624,19.0,0.0,0.0,1.0,0.95,0.0,0.0,0.05,0.0,1.0,0.0,0.0,0.0,0.0,0.0,0.0,0.0,0.0,0.0,0.0,0.0,1.0,0.0,0.0,0.0,0.0,0.0,0.0,0.0,0.0,0.0,0.0,0.0,0.0,0.0,0.0,0.0,0.0,0.0,0.0,0.0,0.0,0.0,0.0,0.0,0.0,0.0,0.0,0.0,0.0,0.0,0.0,0.0,0.0,0.0,0.0,0.0,0.0,0.0,0.0,0.0,0.0
attack,"""gbleleeleeleeTbeTII",time,time,seqgan_master,seqgan_master__final__time__A__500__MASTER__raw_character__len20__gpre120__reward_off__seed88,1205,20.0,7.0,2.4219280948873623,19.0,0.0,0.0,1.0,0.95,0.0,0.0,0.05,0.0,1.0,0.0,0.0,0.0,0.0,0.0,0.0,0.0,0.0,0.0,0.0,0.0,1.0,0.0,0.0,0.0,0.0,0.0,0.0,0.0,0.0,0.0,0.0,0.0,0.0,0.0,0.0,0.0,0.0,0.0,0.0,0.0,0.0,0.0,0.0,0.0,0.0,0.0,0.0,0.0,0.0,0.0,0.0,0.0,0.0,0.0,0.0,0.0,0.0,0.0,0.0,0.0,0.0
attack,"""gbeeleTTTbeTTTTIIMb",time,time,seqgan_master,seqgan_master__final__time__A__500__MASTER__raw_character__len20__gpre120__reward_off__seed88,1206,20.0,8.0,2.6016094970590276,19.0,0.0,0.0,1.0,0.95,0.0,0.0,0.05,0.0,1.0,0.0,0.0,0.0,0.0,0.0,0.0,0.0,0.0,0.0,0.0,0.0,1.0,0.0,0.0,0.0,0.0,0.0,0.0,0.0,0.0,0.0,0.0,0.0,0.0,0.0,0.0,0.0,0.0,0.0,0.0,0.0,0.0,0.0,0.0,0.0,0.0,0.0,0.0,0.0,0.0,0.0,0.0,0.0,0.0,0.0,0.0,0.0,0.0,0.0,0.0,0.0,0.0
attack,"""gbgbegbeleeelebelel",time,time,seqgan_master,seqgan_master__final__time__A__500__MASTER__raw_character__len20__gpre120__reward_off__seed88,1207,20.0,5.0,2.0841837197791886,19.0,0.0,0.0,1.0,0.95,0.0,0.0,0.05,0.0,1.0,0.0,0.0,0.0,0.0,0.0,0.0,0.0,0.0,0.0,0.0,0.0,1.0,0.0,0.0,0.0,0.0,0.0,0.0,0.0,0.0,0.0,0.0,0.0,0.0,0.0,0.0,0.0,0.0,0.0,0.0,0.0,0.0,0.0,0.0,0.0,0.0,0.0,0.0,0.0,0.0,0.0,0.0,0.0,0.0,0.0,0.0,0.0,0.0,0.0,0.0,0.0,0.0
attack,"""gbeeleleebelelelele",time,time,seqgan_master,seqgan_master__final__time__A__500__MASTER__raw_character__len20__gpre120__reward_off__seed88,1208,20.0,5.0,1.7854752972273344,19.0,0.0,0.0,1.0,0.95,0.0,0.0,0.05,0.0,1.0,0.0,0.0,0.0,0.0,0.0,0.0,0.0,0.0,0.0,0.0,0.0,1.0,0.0,0.0,0.0,0.0,0.0,0.0,0.0,0.0,0.0,0.0,0.0,0.0,0.0,0.0,0.0,0.0,0.0,0.0,0.0,0.0,0.0,0.0,0.0,0.0,0.0,0.0,0.0,0.0,0.0,0.0,0.0,0.0,0.0,0.0,0.0,0.0,0.0,0.0,0.0,0.0
attack,"""gbeleeleTTIITIMbele",time,time,seqgan_master,seqgan_master__final__time__A__500__MASTER__raw_character__len20__gpre120__reward_off__seed88,1209,20.0,8.0,2.733206219346495,19.0,0.0,0.0,1.0,0.95,0.0,0.0,0.05,0.0,1.0,0.0,0.0,0.0,0.0,0.0,0.0,0.0,0.0,0.0,0.0,0.0,1.0,0.0,0.0,0.0,0.0,0.0,0.0,0.0,0.0,0.0,0.0,0.0,0.0,0.0,0.0,0.0,0.0,0.0,0.0,0.0,0.0,0.0,0.0,0.0,0.0,0.0,0.0,0.0,0.0,0.0,0.0,0.0,0.0,0.0,0.0,0.0,0.0,0.0,0.0,0.0,0.0
attack,"""gbeleleeleleTTTTTII",time,time,seqgan_master,seqgan_master__final__time__A__500__MASTER__raw_character__len20__gpre120__reward_off__seed88,1210,20.0,7.0,2.465957320949175,19.0,0.0,0.0,1.0,0.95,0.0,0.0,0.05,0.0,1.0,0.0,0.0,0.0,0.0,0.0,0.0,0.0,0.0,0.0,0.0,0.0,1.0,0.0,0.0,0.0,0.0,0.0,0.0,0.0,0.0,0.0,0.0,0.0,0.0,0.0,0.0,0.0,0.0,0.0,0.0,0.0,0.0,0.0,0.0,0.0,0.0,0.0,0.0,0.0,0.0,0.0,0.0,0.0,0.0,0.0,0.0,0.0,0.0,0.0,0.0,0.0,0.0
attack,"""gbeleeTIMbeleleTTel",time,time,seqgan_master,seqgan_master__final__time__A__500__MASTER__raw_character__len20__gpre120__reward_off__seed88,1211,20.0,8.0,2.6016094970590276,19.0,0.0,0.0,1.0,0.95,0.0,0.0,0.05,0.0,1.0,0.0,0.0,0.0,0.0,0.0,0.0,0.0,0.0,0.0,0.0,0.0,1.0,0.0,0.0,0.0,0.0,0.0,0.0,0.0,0.0,0.0,0.0,0.0,0.0,0.0,0.0,0.0,0.0,0.0,0.0,0.0,0.0,0.0,0.0,0.0,0.0,0.0,0.0,0.0,0.0,0.0,0.0,0.0,0.0,0.0,0.0,0.0,0.0,0.0,0.0,0.0,0.0
attack,"""gbelelebeleeTTTTIId",time,time,seqgan_master,seqgan_master__final__time__A__500__MASTER__raw_character__len20__gpre120__reward_off__seed88,1212,20.0,8.0,2.708694969562842,19.0,0.0,0.0,1.0,0.95,0.0,0.0,0.05,0.0,1.0,0.0,0.0,0.0,0.0,0.0,0.0,0.0,0.0,0.0,0.0,0.0,1.0,0.0,0.0,0.0,0.0,0.0,0.0,0.0,0.0,0.0,0.0,0.0,0.0,0.0,0.0,0.0,0.0,0.0,0.0,0.0,0.0,0.0,0.0,0.0,0.0,0.0,0.0,0.0,0.0,0.0,0.0,0.0,0.0,0.0,0.0,0.0,0.0,0.0,0.0,0.0,0.0
attack,"""gbeleleeTTnTbeTIIMb",time,time,seqgan_master,seqgan_master__final__time__A__500__MASTER__raw_character__len20__gpre120__reward_off__seed88,1213,20.0,9.0,2.9037016960573485,19.0,0.0,0.0,1.0,0.95,0.0,0.0,0.05,0.0,1.0,0.0,0.0,0.0,0.0,0.0,0.0,0.0,0.0,0.0,0.0,0.0,1.0,0.0,0.0,0.0,0.0,0.0,0.0,0.0,0.0,0.0,0.0,0.0,0.0,0.0,0.0,0.0,0.0,0.0,0.0,0.0,0.0,0.0,0.0,0.0,0.0,0.0,0.0,0.0,0.0,0.0,0.0,0.0,0.0,0.0,0.0,0.0,0.0,0.0,0.0,0.0,0.0
attack,"""gbegbeleeTITleTTIbe",time,time,seqgan_master,seqgan_master__final__time__A__500__MASTER__raw_character__len20__gpre120__reward_off__seed88,1214,20.0,7.0,2.6086949695628423,19.0,0.0,0.0,1.0,0.95,0.0,0.0,0.05,0.0,1.0,0.0,0.0,0.0,0.0,0.0,0.0,0.0,0.0,0.0,0.0,0.0,1.0,0.0,0.0,0.0,0.0,0.0,0.0,0.0,0.0,0.0,0.0,0.0,0.0,0.0,0.0,0.0,0.0,0.0,0.0,0.0,0.0,0.0,0.0,0.0,0.0,0.0,0.0,0.0,0.0,0.0,0.0,0.0,0.0,0.0,0.0,0.0,0.0,0.0,0.0,0.0,0.0
attack,"""gbeleebeleleTIIIIMd",time,time,seqgan_master,seqgan_master__final__time__A__500__MASTER__raw_character__len20__gpre120__reward_off__seed88,1215,20.0,9.0,2.808694969562842,19.0,0.0,0.0,1.0,0.95,0.0,0.0,0.05,0.0,1.0,0.0,0.0,0.0,0.0,0.0,0.0,0.0,0.0,0.0,0.0,0.0,1.0,0.0,0.0,0.0,0.0,0.0,0.0,0.0,0.0,0.0,0.0,0.0,0.0,0.0,0.0,0.0,0.0,0.0,0.0,0.0,0.0,0.0,0.0,0.0,0.0,0.0,0.0,0.0,0.0,0.0,0.0,0.0,0.0,0.0,0.0,0.0,0.0,0.0,0.0,0.0,0.0
attack,"""gbeleeleeleTTTTTIbe",time,time,seqgan_master,seqgan_master__final__time__A__500__MASTER__raw_character__len20__gpre120__reward_off__seed88,1216,20.0,7.0,2.421127473337187,19.0,0.0,0.0,1.0,0.95,0.0,0.0,0.05,0.0,1.0,0.0,0.0,0.0,0.0,0.0,0.0,0.0,0.0,0.0,0.0,0.0,1.0,0.0,0.0,0.0,0.0,0.0,0.0,0.0,0.0,0.0,0.0,0.0,0.0,0.0,0.0,0.0,0.0,0.0,0.0,0.0,0.0,0.0,0.0,0.0,0.0,0.0,0.0,0.0,0.0,0.0,0.0,0.0,0.0,0.0,0.0,0.0,0.0,0.0,0.0,0.0,0.0
attack,"""gbeleeleTIdeTIslele",time,time,seqgan_master,seqgan_master__final__time__A__500__MASTER__raw_character__len20__gpre120__reward_off__seed88,1217,20.0,9.0,2.739353872167201,19.0,0.0,0.0,1.0,0.95,0.0,0.0,0.05,0.0,1.0,0.0,0.0,0.0,0.0,0.0,0.0,0.0,0.0,0.0,0.0,0.0,1.0,0.0,0.0,0.0,0.0,0.0,0.0,0.0,0.0,0.0,0.0,0.0,0.0,0.0,0.0,0.0,0.0,0.0,0.0,0.0,0.0,0.0,0.0,0.0,0.0,0.0,0.0,0.0,0.0,0.0,0.0,0.0,0.0,0.0,0.0,0.0,0.0,0.0,0.0,0.0,0.0
attack,"""gbeleeTbeTbeleTTTII",time,time,seqgan_master,seqgan_master__final__time__A__500__MASTER__raw_character__len20__gpre120__reward_off__seed88,1218,20.0,7.0,2.5282129458410014,19.0,0.0,0.0,1.0,0.95,0.0,0.0,0.05,0.0,1.0,0.0,0.0,0.0,0.0,0.0,0.0,0.0,0.0,0.0,0.0,0.0,1.0,0.0,0.0,0.0,0.0,0.0,0.0,0.0,0.0,0.0,0.0,0.0,0.0,0.0,0.0,0.0,0.0,0.0,0.0,0.0,0.0,0.0,0.0,0.0,0.0,0.0,0.0,0.0,0.0,0.0,0.0,0.0,0.0,0.0,0.0,0.0,0.0,0.0,0.0,0.0,0.0
attack,"""gbeebeleleTTTbebeTT",time,time,seqgan_master,seqgan_master__final__time__A__500__MASTER__raw_character__len20__gpre120__reward_off__seed88,1219,20.0,6.0,2.2588718484453603,19.0,0.0,0.0,1.0,0.95,0.0,0.0,0.05,0.0,1.0,0.0,0.0,0.0,0.0,0.0,0.0,0.0,0.0,0.0,0.0,0.0,1.0,0.0,0.0,0.0,0.0,0.0,0.0,0.0,0.0,0.0,0.0,0.0,0.0,0.0,0.0,0.0,0.0,0.0,0.0,0.0,0.0,0.0,0.0,0.0,0.0,0.0,0.0,0.0,0.0,0.0,0.0,0.0,0.0,0.0,0.0,0.0,0.0,0.0,0.0,0.0,0.0
attack,"""gbeleeTIneleT0TbeTT",time,time,seqgan_master,seqgan_master__final__time__A__500__MASTER__raw_character__len20__gpre120__reward_off__seed88,1220,20.0,9.0,2.765957320949175,18.0,1.0,0.0,1.0,0.9,0.05,0.0,0.05,0.0,1.0,0.0,0.0,0.0,0.0,0.0,0.0,0.0,0.0,0.0,0.0,0.0,1.0,0.0,0.0,0.0,0.0,0.0,0.0,0.0,0.0,0.0,0.0,0.0,0.0,0.0,0.0,0.0,0.0,0.0,0.0,0.0,0.0,0.0,0.0,0.0,0.0,0.0,0.0,0.0,0.0,0.0,0.0,0.0,0.0,0.0,0.0,0.0,0.0,0.0,0.0,0.0,0.0
attack,"""gbeleeTeTIMbeTIpgor",time,time,seqgan_master,seqgan_master__final__time__A__500__MASTER__raw_character__len20__gpre120__reward_off__seed88,1221,20.0,11.0,3.2037016960573483,19.0,0.0,0.0,1.0,0.95,0.0,0.0,0.05,0.0,1.0,0.0,0.0,0.0,0.0,0.0,0.0,0.0,0.0,0.0,0.0,0.0,1.0,0.0,0.0,0.0,0.0,0.0,0.0,0.0,0.0,0.0,0.0,0.0,0.0,0.0,0.0,0.0,0.0,0.0,0.0,0.0,0.0,0.0,0.0,0.0,0.0,0.0,0.0,0.0,0.0,0.0,0.0,0.0,0.0,0.0,0.0,0.0,0.0,0.0,0.0,0.0,0.0
attack,"""gbrbele0eeTTngTIde0",time,time,seqgan_master,seqgan_master__final__time__A__500__MASTER__raw_character__len20__gpre120__reward_off__seed88,1222,20.0,11.0,3.2037016960573483,17.0,2.0,0.0,1.0,0.85,0.1,0.0,0.05,0.0,1.0,0.0,0.0,0.0,0.0,0.0,0.0,0.0,0.0,0.0,0.0,0.0,1.0,0.0,0.0,0.0,0.0,0.0,0.0,0.0,0.0,0.0,0.0,0.0,0.0,0.0,0.0,0.0,0.0,0.0,0.0,0.0,0.0,0.0,0.0,0.0,0.0,0.0,0.0,0.0,0.0,0.0,0.0,0.0,0.0,0.0,0.0,0.0,0.0,0.0,0.0,0.0,0.0
attack,"""gbeleeeTIleletTIMel",time,time,seqgan_master,seqgan_master__final__time__A__500__MASTER__raw_character__len20__gpre120__reward_off__seed88,1223,20.0,9.0,2.739353872167201,19.0,0.0,0.0,1.0,0.95,0.0,0.0,0.05,0.0,1.0,0.0,0.0,0.0,0.0,0.0,0.0,0.0,0.0,0.0,0.0,0.0,1.0,0.0,0.0,0.0,0.0,0.0,0.0,0.0,0.0,0.0,0.0,0.0,0.0,0.0,0.0,0.0,0.0,0.0,0.0,0.0,0.0,0.0,0.0,0.0,0.0,0.0,0.0,0.0,0.0,0.0,0.0,0.0,0.0,0.0,0.0,0.0,0.0,0.0,0.0,0.0,0.0
attack,"""gbebeleeeTTIITIIleT",time,time,seqgan_master,seqgan_master__final__time__A__500__MASTER__raw_character__len20__gpre120__reward_off__seed88,1224,20.0,7.0,2.5464393446710156,19.0,0.0,0.0,1.0,0.95,0.0,0.0,0.05,0.0,1.0,0.0,0.0,0.0,0.0,0.0,0.0,0.0,0.0,0.0,0.0,0.0,1.0,0.0,0.0,0.0,0.0,0.0,0.0,0.0,0.0,0.0,0.0,0.0,0.0,0.0,0.0,0.0,0.0,0.0,0.0,0.0,0.0,0.0,0.0,0.0,0.0,0.0,0.0,0.0,0.0,0.0,0.0,0.0,0.0,0.0,0.0,0.0,0.0,0.0,0.0,0.0,0.0
attack,:0wweleTleTTTIle0gTb,time,time,seqgan_master,seqgan_master__final__time__A__500__MASTER__raw_character__len20__gpre120__reward_off__seed88,1225,20.0,9.0,2.9037016960573485,17.0,2.0,0.0,1.0,0.85,0.1,0.0,0.05,0.0,0.0,0.0,0.0,0.0,0.0,0.0,0.0,0.0,0.0,0.0,0.0,0.0,0.0,0.0,0.0,0.0,0.0,0.0,0.0,0.0,0.0,0.0,0.0,0.0,0.0,0.0,0.0,0.0,0.0,0.0,0.0,0.0,0.0,0.0,0.0,0.0,0.0,0.0,0.0,0.0,0.0,0.0,0.0,0.0,0.0,0.0,0.0,0.0,0.0,0.0,0.0,0.0,0.0
attack,"""gbeeleleTTTmbeTTTTT",time,time,seqgan_master,seqgan_master__final__time__A__500__MASTER__raw_character__len20__gpre120__reward_off__seed88,1226,20.0,7.0,2.341446071165522,19.0,0.0,0.0,1.0,0.95,0.0,0.0,0.05,0.0,1.0,0.0,0.0,0.0,0.0,0.0,0.0,0.0,0.0,0.0,0.0,0.0,1.0,0.0,0.0,0.0,0.0,0.0,0.0,0.0,0.0,0.0,0.0,0.0,0.0,0.0,0.0,0.0,0.0,0.0,0.0,0.0,0.0,0.0,0.0,0.0,0.0,0.0,0.0,0.0,0.0,0.0,0.0,0.0,0.0,0.0,0.0,0.0,0.0,0.0,0.0,0.0,0.0
attack,"""gbeeleleTMbeeTbleel",time,time,seqgan_master,seqgan_master__final__time__A__500__MASTER__raw_character__len20__gpre120__reward_off__seed88,1227,20.0,7.0,2.384183719779189,19.0,0.0,0.0,1.0,0.95,0.0,0.0,0.05,0.0,1.0,0.0,0.0,0.0,0.0,0.0,0.0,0.0,0.0,0.0,0.0,0.0,1.0,0.0,0.0,0.0,0.0,0.0,0.0,0.0,0.0,0.0,0.0,0.0,0.0,0.0,0.0,0.0,0.0,0.0,0.0,0.0,0.0,0.0,0.0,0.0,0.0,0.0,0.0,0.0,0.0,0.0,0.0,0.0,0.0,0.0,0.0,0.0,0.0,0.0,0.0,0.0,0.0
attack,"""gneelemeleeTTTITIpg",time,time,seqgan_master,seqgan_master__final__time__A__500__MASTER__raw_character__len20__gpre120__reward_off__seed88,1228,20.0,9.0,2.8464393446710154,19.0,0.0,0.0,1.0,0.95,0.0,0.0,0.05,0.0,1.0,0.0,0.0,0.0,0.0,0.0,0.0,0.0,0.0,0.0,0.0,0.0,1.0,0.0,0.0,0.0,0.0,0.0,0.0,0.0,0.0,0.0,0.0,0.0,0.0,0.0,0.0,0.0,0.0,0.0,0.0,0.0,0.0,0.0,0.0,0.0,0.0,0.0,0.0,0.0,0.0,0.0,0.0,0.0,0.0,0.0,0.0,0.0,0.0,0.0,0.0,0.0,0.0
attack,"""gneleeleeTTIMeeTIpg",time,time,seqgan_master,seqgan_master__final__time__A__500__MASTER__raw_character__len20__gpre120__reward_off__seed88,1229,20.0,9.0,2.8016094970590277,19.0,0.0,0.0,1.0,0.95,0.0,0.0,0.05,0.0,1.0,0.0,0.0,0.0,0.0,0.0,0.0,0.0,0.0,0.0,0.0,0.0,1.0,0.0,0.0,0.0,0.0,0.0,0.0,0.0,0.0,0.0,0.0,0.0,0.0,0.0,0.0,0.0,0.0,0.0,0.0,0.0,0.0,0.0,0.0,0.0,0.0,0.0,0.0,0.0,0.0,0.0,0.0,0.0,0.0,0.0,0.0,0.0,0.0,0.0,0.0,0.0,0.0
attack,"""gbeleelelleeTTITIIp",time,time,seqgan_master,seqgan_master__final__time__A__500__MASTER__raw_character__len20__gpre120__reward_off__seed88,1230,20.0,8.0,2.6709505944546685,19.0,0.0,0.0,1.0,0.95,0.0,0.0,0.05,0.0,1.0,0.0,0.0,0.0,0.0,0.0,0.0,0.0,0.0,0.0,0.0,0.0,1.0,0.0,0.0,0.0,0.0,0.0,0.0,0.0,0.0,0.0,0.0,0.0,0.0,0.0,0.0,0.0,0.0,0.0,0.0,0.0,0.0,0.0,0.0,0.0,0.0,0.0,0.0,0.0,0.0,0.0,0.0,0.0,0.0,0.0,0.0,0.0,0.0,0.0,0.0,0.0,0.0
attack,"""gbeleeleeleTTIpgTtr",time,time,seqgan_master,seqgan_master__final__time__A__500__MASTER__raw_character__len20__gpre120__reward_off__seed88,1231,20.0,10.0,2.970950594454669,19.0,0.0,0.0,1.0,0.95,0.0,0.0,0.05,0.0,1.0,0.0,0.0,0.0,0.0,0.0,0.0,0.0,0.0,0.0,0.0,0.0,1.0,0.0,0.0,0.0,0.0,0.0,0.0,0.0,0.0,0.0,0.0,0.0,0.0,0.0,0.0,0.0,0.0,0.0,0.0,0.0,0.0,0.0,0.0,0.0,0.0,0.0,0.0,0.0,0.0,0.0,0.0,0.0,0.0,0.0,0.0,0.0,0.0,0.0,0.0,0.0,0.0
attack,"""gbeleleeleTTMe0pgTb",time,time,seqgan_master,seqgan_master__final__time__A__500__MASTER__raw_character__len20__gpre120__reward_off__seed88,1232,20.0,9.0,2.8709505944546687,18.0,1.0,0.0,1.0,0.9,0.05,0.0,0.05,0.0,1.0,0.0,0.0,0.0,0.0,0.0,0.0,0.0,0.0,0.0,0.0,0.0,1.0,0.0,0.0,0.0,0.0,0.0,0.0,0.0,0.0,0.0,0.0,0.0,0.0,0.0,0.0,0.0,0.0,0.0,0.0,0.0,0.0,0.0,0.0,0.0,0.0,0.0,0.0,0.0,0.0,0.0,0.0,0.0,0.0,0.0,0.0,0.0,0.0,0.0,0.0,0.0,0.0
attack,"""gbeleeleleleTITITTI",time,time,seqgan_master,seqgan_master__final__time__A__500__MASTER__raw_character__len20__gpre120__reward_off__seed88,1233,20.0,7.0,2.508694969562842,19.0,0.0,0.0,1.0,0.95,0.0,0.0,0.05,0.0,1.0,0.0,0.0,0.0,0.0,0.0,0.0,0.0,0.0,0.0,0.0,0.0,1.0,0.0,0.0,0.0,0.0,0.0,0.0,0.0,0.0,0.0,0.0,0.0,0.0,0.0,0.0,0.0,0.0,0.0,0.0,0.0,0.0,0.0,0.0,0.0,0.0,0.0,0.0,0.0,0.0,0.0,0.0,0.0,0.0,0.0,0.0,0.0,0.0,0.0,0.0,0.0,0.0
attack,"""gbeleeleeleTbeeTTTI",time,time,seqgan_master,seqgan_master__final__time__A__500__MASTER__raw_character__len20__gpre120__reward_off__seed88,1234,20.0,7.0,2.384183719779189,19.0,0.0,0.0,1.0,0.95,0.0,0.0,0.05,0.0,1.0,0.0,0.0,0.0,0.0,0.0,0.0,0.0,0.0,0.0,0.0,0.0,1.0,0.0,0.0,0.0,0.0,0.0,0.0,0.0,0.0,0.0,0.0,0.0,0.0,0.0,0.0,0.0,0.0,0.0,0.0,0.0,0.0,0.0,0.0,0.0,0.0,0.0,0.0,0.0,0.0,0.0,0.0,0.0,0.0,0.0,0.0,0.0,0.0,0.0,0.0,0.0,0.0
attack,"""gbeleeleeleTbele0TI",time,time,seqgan_master,seqgan_master__final__time__A__500__MASTER__raw_character__len20__gpre120__reward_off__seed88,1235,20.0,8.0,2.5219280948873624,18.0,1.0,0.0,1.0,0.9,0.05,0.0,0.05,0.0,1.0,0.0,0.0,0.0,0.0,0.0,0.0,0.0,0.0,0.0,0.0,0.0,1.0,0.0,0.0,0.0,0.0,0.0,0.0,0.0,0.0,0.0,0.0,0.0,0.0,0.0,0.0,0.0,0.0,0.0,0.0,0.0,0.0,0.0,0.0,0.0,0.0,0.0,0.0,0.0,0.0,0.0,0.0,0.0,0.0,0.0,0.0,0.0,0.0,0.0,0.0,0.0,0.0
attack,"""gbeleeleleleeTIMbel",time,time,seqgan_master,seqgan_master__final__time__A__500__MASTER__raw_character__len20__gpre120__reward_off__seed88,1236,20.0,8.0,2.441446071165522,19.0,0.0,0.0,1.0,0.95,0.0,0.0,0.05,0.0,1.0,0.0,0.0,0.0,0.0,0.0,0.0,0.0,0.0,0.0,0.0,0.0,1.0,0.0,0.0,0.0,0.0,0.0,0.0,0.0,0.0,0.0,0.0,0.0,0.0,0.0,0.0,0.0,0.0,0.0,0.0,0.0,0.0,0.0,0.0,0.0,0.0,0.0,0.0,0.0,0.0,0.0,0.0,0.0,0.0,0.0,0.0,0.0,0.0,0.0,0.0,0.0,0.0
attack,"""beeleleTpgTIdgTIMbe",time,time,seqgan_master,seqgan_master__final__time__A__500__MASTER__raw_character__len20__gpre120__reward_off__seed88,1237,20.0,10.0,3.1037016960573487,19.0,0.0,0.0,1.0,0.95,0.0,0.0,0.05,0.0,1.0,0.0,0.0,0.0,0.0,0.0,0.0,0.0,0.0,0.0,0.0,0.0,1.0,0.0,0.0,0.0,0.0,0.0,0.0,0.0,0.0,0.0,0.0,0.0,0.0,0.0,0.0,0.0,0.0,0.0,0.0,0.0,0.0,0.0,0.0,0.0,0.0,0.0,0.0,0.0,0.0,0.0,0.0,0.0,0.0,0.0,0.0,0.0,0.0,0.0,0.0,0.0,0.0
attack,"""gbelebeeleeleTTTbeT",time,time,seqgan_master,seqgan_master__final__time__A__500__MASTER__raw_character__len20__gpre120__reward_off__seed88,1238,20.0,6.0,2.2464393446710154,19.0,0.0,0.0,1.0,0.95,0.0,0.0,0.05,0.0,1.0,0.0,0.0,0.0,0.0,0.0,0.0,0.0,0.0,0.0,0.0,0.0,1.0,0.0,0.0,0.0,0.0,0.0,0.0,0.0,0.0,0.0,0.0,0.0,0.0,0.0,0.0,0.0,0.0,0.0,0.0,0.0,0.0,0.0,0.0,0.0,0.0,0.0,0.0,0.0,0.0,0.0,0.0,0.0,0.0,0.0,0.0,0.0,0.0,0.0,0.0,0.0,0.0
attack,"""gbeeleeTTIpgTbelele",time,time,seqgan_master,seqgan_master__final__time__A__500__MASTER__raw_character__len20__gpre120__reward_off__seed88,1239,20.0,8.0,2.6638651219508542,19.0,0.0,0.0,1.0,0.95,0.0,0.0,0.05,0.0,1.0,0.0,0.0,0.0,0.0,0.0,0.0,0.0,0.0,0.0,0.0,0.0,1.0,0.0,0.0,0.0,0.0,0.0,0.0,0.0,0.0,0.0,0.0,0.0,0.0,0.0,0.0,0.0,0.0,0.0,0.0,0.0,0.0,0.0,0.0,0.0,0.0,0.0,0.0,0.0,0.0,0.0,0.0,0.0,0.0,0.0,0.0,0.0,0.0,0.0,0.0,0.0,0.0
attack,"""gbeeleTbeTIMeleeTIT",time,time,seqgan_master,seqgan_master__final__time__A__500__MASTER__raw_character__len20__gpre120__reward_off__seed88,1240,20.0,8.0,2.639353872167201,19.0,0.0,0.0,1.0,0.95,0.0,0.0,0.05,0.0,1.0,0.0,0.0,0.0,0.0,0.0,0.0,0.0,0.0,0.0,0.0,0.0,1.0,0.0,0.0,0.0,0.0,0.0,0.0,0.0,0.0,0.0,0.0,0.0,0.0,0.0,0.0,0.0,0.0,0.0,0.0,0.0,0.0,0.0,0.0,0.0,0.0,0.0,0.0,0.0,0.0,0.0,0.0,0.0,0.0,0.0,0.0,0.0,0.0,0.0,0.0,0.0,0.0
attack,"""gbeleleeTnTbeleTbeT",time,time,seqgan_master,seqgan_master__final__time__A__500__MASTER__raw_character__len20__gpre120__reward_off__seed88,1241,20.0,7.0,2.463865121950854,19.0,0.0,0.0,1.0,0.95,0.0,0.0,0.05,0.0,1.0,0.0,0.0,0.0,0.0,0.0,0.0,0.0,0.0,0.0,0.0,0.0,1.0,0.0,0.0,0.0,0.0,0.0,0.0,0.0,0.0,0.0,0.0,0.0,0.0,0.0,0.0,0.0,0.0,0.0,0.0,0.0,0.0,0.0,0.0,0.0,0.0,0.0,0.0,0.0,0.0,0.0,0.0,0.0,0.0,0.0,0.0,0.0,0.0,0.0,0.0,0.0,0.0
attack,"""gbeelelebeleleeTTIT",time,time,seqgan_master,seqgan_master__final__time__A__500__MASTER__raw_character__len20__gpre120__reward_off__seed88,1242,20.0,7.0,2.384183719779189,19.0,0.0,0.0,1.0,0.95,0.0,0.0,0.05,0.0,1.0,0.0,0.0,0.0,0.0,0.0,0.0,0.0,0.0,0.0,0.0,0.0,1.0,0.0,0.0,0.0,0.0,0.0,0.0,0.0,0.0,0.0,0.0,0.0,0.0,0.0,0.0,0.0,0.0,0.0,0.0,0.0,0.0,0.0,0.0,0.0,0.0,0.0,0.0,0.0,0.0,0.0,0.0,0.0,0.0,0.0,0.0,0.0,0.0,0.0,0.0,0.0,0.0
attack,"""gbeleleeleeleTbeleT",time,time,seqgan_master,seqgan_master__final__time__A__500__MASTER__raw_character__len20__gpre120__reward_off__seed88,1243,20.0,6.0,2.1149798205164814,19.0,0.0,0.0,1.0,0.95,0.0,0.0,0.05,0.0,1.0,0.0,0.0,0.0,0.0,0.0,0.0,0.0,0.0,0.0,0.0,0.0,1.0,0.0,0.0,0.0,0.0,0.0,0.0,0.0,0.0,0.0,0.0,0.0,0.0,0.0,0.0,0.0,0.0,0.0,0.0,0.0,0.0,0.0,0.0,0.0,0.0,0.0,0.0,0.0,0.0,0.0,0.0,0.0,0.0,0.0,0.0,0.0,0.0,0.0,0.0,0.0,0.0
attack,"""gbeleeeTTTTpgTTTbeT",time,time,seqgan_master,seqgan_master__final__time__A__500__MASTER__raw_character__len20__gpre120__reward_off__seed88,1244,20.0,7.0,2.341446071165522,19.0,0.0,0.0,1.0,0.95,0.0,0.0,0.05,0.0,1.0,0.0,0.0,0.0,0.0,0.0,0.0,0.0,0.0,0.0,0.0,0.0,1.0,0.0,0.0,0.0,0.0,0.0,0.0,0.0,0.0,0.0,0.0,0.0,0.0,0.0,0.0,0.0,0.0,0.0,0.0,0.0,0.0,0.0,0.0,0.0,0.0,0.0,0.0,0.0,0.0,0.0,0.0,0.0,0.0,0.0,0.0,0.0,0.0,0.0,0.0,0.0,0.0
attack,"""gbegbeleelee0TIIMde",time,time,seqgan_master,seqgan_master__final__time__A__500__MASTER__raw_character__len20__gpre120__reward_off__seed88,1245,20.0,10.0,2.9393538721672012,18.0,1.0,0.0,1.0,0.9,0.05,0.0,0.05,0.0,1.0,0.0,0.0,0.0,0.0,0.0,0.0,0.0,0.0,0.0,0.0,0.0,1.0,0.0,0.0,0.0,0.0,0.0,0.0,0.0,0.0,0.0,0.0,0.0,0.0,0.0,0.0,0.0,0.0,0.0,0.0,0.0,0.0,0.0,0.0,0.0,0.0,0.0,0.0,0.0,0.0,0.0,0.0,0.0,0.0,0.0,0.0,0.0,0.0,0.0,0.0,0.0,0.0
attack,"""gbeeleleeTTITpgTble",time,time,seqgan_master,seqgan_master__final__time__A__500__MASTER__raw_character__len20__gpre120__reward_off__seed88,1246,20.0,8.0,2.708694969562842,19.0,0.0,0.0,1.0,0.95,0.0,0.0,0.05,0.0,1.0,0.0,0.0,0.0,0.0,0.0,0.0,0.0,0.0,0.0,0.0,0.0,1.0,0.0,0.0,0.0,0.0,0.0,0.0,0.0,0.0,0.0,0.0,0.0,0.0,0.0,0.0,0.0,0.0,0.0,0.0,0.0,0.0,0.0,0.0,0.0,0.0,0.0,0.0,0.0,0.0,0.0,0.0,0.0,0.0,0.0,0.0,0.0,0.0,0.0,0.0,0.0,0.0
attack,"""gbeleeleTbeleTTIpgl",time,time,seqgan_master,seqgan_master__final__time__A__500__MASTER__raw_character__len20__gpre120__reward_off__seed88,1247,20.0,8.0,2.708694969562842,19.0,0.0,0.0,1.0,0.95,0.0,0.0,0.05,0.0,1.0,0.0,0.0,0.0,0.0,0.0,0.0,0.0,0.0,0.0,0.0,0.0,1.0,0.0,0.0,0.0,0.0,0.0,0.0,0.0,0.0,0.0,0.0,0.0,0.0,0.0,0.0,0.0,0.0,0.0,0.0,0.0,0.0,0.0,0.0,0.0,0.0,0.0,0.0,0.0,0.0,0.0,0.0,0.0,0.0,0.0,0.0,0.0,0.0,0.0,0.0,0.0,0.0
attack,"""gbeleeleTITTTTTTIpg",time,time,seqgan_master,seqgan_master__final__time__A__500__MASTER__raw_character__len20__gpre120__reward_off__seed88,1248,20.0,8.0,2.639353872167201,19.0,0.0,0.0,1.0,0.95,0.0,0.0,0.05,0.0,1.0,0.0,0.0,0.0,0.0,0.0,0.0,0.0,0.0,0.0,0.0,0.0,1.0,0.0,0.0,0.0,0.0,0.0,0.0,0.0,0.0,0.0,0.0,0.0,0.0,0.0,0.0,0.0,0.0,0.0,0.0,0.0,0.0,0.0,0.0,0.0,0.0,0.0,0.0,0.0,0.0,0.0,0.0,0.0,0.0,0.0,0.0,0.0,0.0,0.0,0.0,0.0,0.0
attack,"""gbeleeTTIMeleleTTTT",time,time,seqgan_master,seqgan_master__final__time__A__500__MASTER__raw_character__len20__gpre120__reward_off__seed88,1249,20.0,8.0,2.5332062193464955,19.0,0.0,0.0,1.0,0.95,0.0,0.0,0.05,0.0,1.0,0.0,0.0,0.0,0.0,0.0,0.0,0.0,0.0,0.0,0.0,0.0,1.0,0.0,0.0,0.0,0.0,0.0,0.0,0.0,0.0,0.0,0.0,0.0,0.0,0.0,0.0,0.0,0.0,0.0,0.0,0.0,0.0,0.0,0.0,0.0,0.0,0.0,0.0,0.0,0.0,0.0,0.0,0.0,0.0,0.0,0.0,0.0,0.0,0.0,0.0,0.0,0.0
attack,"""ribeleeeTIbeTeTIMbe",time,time,seqgan_master,seqgan_master__final__time__A__500__MASTER__raw_character__len20__gpre120__reward_off__seed88,1250,20.0,9.0,2.763865121950854,19.0,0.0,0.0,1.0,0.95,0.0,0.0,0.05,0.0,1.0,0.0,0.0,0.0,0.0,0.0,0.0,0.0,0.0,0.0,0.0,0.0,1.0,0.0,0.0,0.0,0.0,0.0,0.0,0.0,0.0,0.0,0.0,0.0,0.0,0.0,0.0,0.0,0.0,0.0,0.0,0.0,0.0,0.0,0.0,0.0,0.0,0.0,0.0,0.0,0.0,0.0,0.0,0.0,0.0,0.0,0.0,0.0,0.0,0.0,0.0,0.0,0.0
attack,"""gbeleeTIbeTTIbeTTIT",time,time,seqgan_master,seqgan_master__final__time__A__500__MASTER__raw_character__len20__gpre120__reward_off__seed88,1251,20.0,7.0,2.490468570732828,19.0,0.0,0.0,1.0,0.95,0.0,0.0,0.05,0.0,1.0,0.0,0.0,0.0,0.0,0.0,0.0,0.0,0.0,0.0,0.0,0.0,1.0,0.0,0.0,0.0,0.0,0.0,0.0,0.0,0.0,0.0,0.0,0.0,0.0,0.0,0.0,0.0,0.0,0.0,0.0,0.0,0.0,0.0,0.0,0.0,0.0,0.0,0.0,0.0,0.0,0.0,0.0,0.0,0.0,0.0,0.0,0.0,0.0,0.0,0.0,0.0,0.0
attack,"""gbeleeeleTbeleTchTT",time,time,seqgan_master,seqgan_master__final__time__A__500__MASTER__raw_character__len20__gpre120__reward_off__seed88,1252,20.0,8.0,2.6016094970590276,19.0,0.0,0.0,1.0,0.95,0.0,0.0,0.05,0.0,1.0,0.0,0.0,0.0,0.0,0.0,0.0,0.0,0.0,0.0,0.0,0.0,1.0,0.0,0.0,0.0,0.0,0.0,0.0,0.0,0.0,0.0,0.0,0.0,0.0,0.0,0.0,0.0,0.0,0.0,0.0,0.0,0.0,0.0,0.0,0.0,0.0,0.0,0.0,0.0,0.0,0.0,0.0,0.0,0.0,0.0,0.0,0.0,0.0,0.0,0.0,0.0,0.0
attack,"""gbeleeleTTTeTTTTTTI",time,time,seqgan_master,seqgan_master__final__time__A__500__MASTER__raw_character__len20__gpre120__reward_off__seed88,1253,20.0,7.0,2.2149798205164815,19.0,0.0,0.0,1.0,0.95,0.0,0.0,0.05,0.0,1.0,0.0,0.0,0.0,0.0,0.0,0.0,0.0,0.0,0.0,0.0,0.0,1.0,0.0,0.0,0.0,0.0,0.0,0.0,0.0,0.0,0.0,0.0,0.0,0.0,0.0,0.0,0.0,0.0,0.0,0.0,0.0,0.0,0.0,0.0,0.0,0.0,0.0,0.0,0.0,0.0,0.0,0.0,0.0,0.0,0.0,0.0,0.0,0.0,0.0,0.0,0.0,0.0
attack,"""gbeleeleleleTbelele",time,time,seqgan_master,seqgan_master__final__time__A__500__MASTER__raw_character__len20__gpre120__reward_off__seed88,1254,20.0,6.0,2.0199730940219753,19.0,0.0,0.0,1.0,0.95,0.0,0.0,0.05,0.0,1.0,0.0,0.0,0.0,0.0,0.0,0.0,0.0,0.0,0.0,0.0,0.0,1.0,0.0,0.0,0.0,0.0,0.0,0.0,0.0,0.0,0.0,0.0,0.0,0.0,0.0,0.0,0.0,0.0,0.0,0.0,0.0,0.0,0.0,0.0,0.0,0.0,0.0,0.0,0.0,0.0,0.0,0.0,0.0,0.0,0.0,0.0,0.0,0.0,0.0,0.0,0.0,0.0
attack,"""gbeleTeTTTmbelelele",time,time,seqgan_master,seqgan_master__final__time__A__500__MASTER__raw_character__len20__gpre120__reward_off__seed88,1255,20.0,7.0,2.439353872167201,19.0,0.0,0.0,1.0,0.95,0.0,0.0,0.05,0.0,1.0,0.0,0.0,0.0,0.0,0.0,0.0,0.0,0.0,0.0,0.0,0.0,1.0,0.0,0.0,0.0,0.0,0.0,0.0,0.0,0.0,0.0,0.0,0.0,0.0,0.0,0.0,0.0,0.0,0.0,0.0,0.0,0.0,0.0,0.0,0.0,0.0,0.0,0.0,0.0,0.0,0.0,0.0,0.0,0.0,0.0,0.0,0.0,0.0,0.0,0.0,0.0,0.0
attack,",waibeleleeeTTTTTIrw",time,time,seqgan_master,seqgan_master__final__time__A__500__MASTER__raw_character__len20__gpre120__reward_off__seed88,1256,20.0,10.0,2.9609640474436816,19.0,0.0,0.0,1.0,0.95,0.0,0.0,0.05,0.0,0.0,0.0,0.0,0.0,0.0,0.0,0.0,0.0,0.0,1.0,0.0,0.0,0.0,0.0,0.0,0.0,0.0,0.0,0.0,0.0,0.0,0.0,0.0,0.0,0.0,0.0,0.0,0.0,0.0,0.0,0.0,0.0,0.0,0.0,0.0,0.0,0.0,0.0,0.0,0.0,0.0,0.0,0.0,0.0,0.0,0.0,0.0,0.0,0.0,0.0,0.0,0.0,0.0
attack,"""gbeleeleleleleleTTT",time,time,seqgan_master,seqgan_master__final__time__A__500__MASTER__raw_character__len20__gpre120__reward_off__seed88,1257,20.0,6.0,2.108694969562842,19.0,0.0,0.0,1.0,0.95,0.0,0.0,0.05,0.0,1.0,0.0,0.0,0.0,0.0,0.0,0.0,0.0,0.0,0.0,0.0,0.0,1.0,0.0,0.0,0.0,0.0,0.0,0.0,0.0,0.0,0.0,0.0,0.0,0.0,0.0,0.0,0.0,0.0,0.0,0.0,0.0,0.0,0.0,0.0,0.0,0.0,0.0,0.0,0.0,0.0,0.0,0.0,0.0,0.0,0.0,0.0,0.0,0.0,0.0,0.0,0.0,0.0
attack,1gibeleleeleleTbelel,time,time,seqgan_master,seqgan_master__final__time__A__500__MASTER__raw_character__len20__gpre120__reward_off__seed88,1258,20.0,7.0,2.2464393446710154,19.0,1.0,0.0,0.0,0.95,0.05,0.0,0.0,0.0,0.0,0.0,0.0,0.0,0.0,0.0,0.0,0.0,0.0,0.0,0.0,0.0,0.0,0.0,0.0,0.0,0.0,0.0,0.0,0.0,0.0,0.0,0.0,0.0,0.0,0.0,0.0,0.0,0.0,0.0,0.0,0.0,0.0,0.0,0.0,0.0,0.0,0.0,0.0,0.0,0.0,0.0,0.0,0.0,0.0,0.0,0.0,0.0,0.0,0.0,0.0,0.0,0.0
attack,"""gbeleeleeTleleleeTe",time,time,seqgan_master,seqgan_master__final__time__A__500__MASTER__raw_character__len20__gpre120__reward_off__seed88,1259,20.0,6.0,1.9804820237218408,19.0,0.0,0.0,1.0,0.95,0.0,0.0,0.05,0.0,1.0,0.0,0.0,0.0,0.0,0.0,0.0,0.0,0.0,0.0,0.0,0.0,1.0,0.0,0.0,0.0,0.0,0.0,0.0,0.0,0.0,0.0,0.0,0.0,0.0,0.0,0.0,0.0,0.0,0.0,0.0,0.0,0.0,0.0,0.0,0.0,0.0,0.0,0.0,0.0,0.0,0.0,0.0,0.0,0.0,0.0,0.0,0.0,0.0,0.0,0.0,0.0,0.0
attack,"""gbeleeTTITIr0velele",time,time,seqgan_master,seqgan_master__final__time__A__500__MASTER__raw_character__len20__gpre120__reward_off__seed88,1260,20.0,10.0,2.970950594454669,18.0,1.0,0.0,1.0,0.9,0.05,0.0,0.05,0.0,1.0,0.0,0.0,0.0,0.0,0.0,0.0,0.0,0.0,0.0,0.0,0.0,1.0,0.0,0.0,0.0,0.0,0.0,0.0,0.0,0.0,0.0,0.0,0.0,0.0,0.0,0.0,0.0,0.0,0.0,0.0,0.0,0.0,0.0,0.0,0.0,0.0,0.0,0.0,0.0,0.0,0.0,0.0,0.0,0.0,0.0,0.0,0.0,0.0,0.0,0.0,0.0,0.0
attack,"""gbeelee0Tlelelelebe",time,time,seqgan_master,seqgan_master__final__time__A__500__MASTER__raw_character__len20__gpre120__reward_off__seed88,1261,20.0,7.0,2.2149798205164815,18.0,1.0,0.0,1.0,0.9,0.05,0.0,0.05,0.0,1.0,0.0,0.0,0.0,0.0,0.0,0.0,0.0,0.0,0.0,0.0,0.0,1.0,0.0,0.0,0.0,0.0,0.0,0.0,0.0,0.0,0.0,0.0,0.0,0.0,0.0,0.0,0.0,0.0,0.0,0.0,0.0,0.0,0.0,0.0,0.0,0.0,0.0,0.0,0.0,0.0,0.0,0.0,0.0,0.0,0.0,0.0,0.0,0.0,0.0,0.0,0.0,0.0
attack,"""gbeleelee0TIIMlelec",time,time,seqgan_master,seqgan_master__final__time__A__500__MASTER__raw_character__len20__gpre120__reward_off__seed88,1262,20.0,10.0,2.839353872167201,18.0,1.0,0.0,1.0,0.9,0.05,0.0,0.05,0.0,1.0,0.0,0.0,0.0,0.0,0.0,0.0,0.0,0.0,0.0,0.0,0.0,1.0,0.0,0.0,0.0,0.0,0.0,0.0,0.0,0.0,0.0,0.0,0.0,0.0,0.0,0.0,0.0,0.0,0.0,0.0,0.0,0.0,0.0,0.0,0.0,0.0,0.0,0.0,0.0,0.0,0.0,0.0,0.0,0.0,0.0,0.0,0.0,0.0,0.0,0.0,0.0,0.0
attack,"""gbeleemeTITIdeTIpgT",time,time,seqgan_master,seqgan_master__final__time__A__500__MASTER__raw_character__len20__gpre120__reward_off__seed88,1263,20.0,10.0,3.0037016960573486,19.0,0.0,0.0,1.0,0.95,0.0,0.0,0.05,0.0,1.0,0.0,0.0,0.0,0.0,0.0,0.0,0.0,0.0,0.0,0.0,0.0,1.0,0.0,0.0,0.0,0.0,0.0,0.0,0.0,0.0,0.0,0.0,0.0,0.0,0.0,0.0,0.0,0.0,0.0,0.0,0.0,0.0,0.0,0.0,0.0,0.0,0.0,0.0,0.0,0.0,0.0,0.0,0.0,0.0,0.0,0.0,0.0,0.0,0.0,0.0,0.0,0.0
attack,"""gbeleleelelelecbeTb",time,time,seqgan_master,seqgan_master__final__time__A__500__MASTER__raw_character__len20__gpre120__reward_off__seed88,1264,20.0,7.0,2.3037016960573484,19.0,0.0,0.0,1.0,0.95,0.0,0.0,0.05,0.0,1.0,0.0,0.0,0.0,0.0,0.0,0.0,0.0,0.0,0.0,0.0,0.0,1.0,0.0,0.0,0.0,0.0,0.0,0.0,0.0,0.0,0.0,0.0,0.0,0.0,0.0,0.0,0.0,0.0,0.0,0.0,0.0,0.0,0.0,0.0,0.0,0.0,0.0,0.0,0.0,0.0,0.0,0.0,0.0,0.0,0.0,0.0,0.0,0.0,0.0,0.0,0.0,0.0
attack,"""gbeeleleTIdeleleTeT",time,time,seqgan_master,seqgan_master__final__time__A__500__MASTER__raw_character__len20__gpre120__reward_off__seed88,1265,20.0,8.0,2.484183719779189,19.0,0.0,0.0,1.0,0.95,0.0,0.0,0.05,0.0,1.0,0.0,0.0,0.0,0.0,0.0,0.0,0.0,0.0,0.0,0.0,0.0,1.0,0.0,0.0,0.0,0.0,0.0,0.0,0.0,0.0,0.0,0.0,0.0,0.0,0.0,0.0,0.0,0.0,0.0,0.0,0.0,0.0,0.0,0.0,0.0,0.0,0.0,0.0,0.0,0.0,0.0,0.0,0.0,0.0,0.0,0.0,0.0,0.0,0.0,0.0,0.0,0.0
attack,"""gbeleeleeleTeTTTTTT",time,time,seqgan_master,seqgan_master__final__time__A__500__MASTER__raw_character__len20__gpre120__reward_off__seed88,1266,20.0,6.0,2.119035274338866,19.0,0.0,0.0,1.0,0.95,0.0,0.0,0.05,0.0,1.0,0.0,0.0,0.0,0.0,0.0,0.0,0.0,0.0,0.0,0.0,0.0,1.0,0.0,0.0,0.0,0.0,0.0,0.0,0.0,0.0,0.0,0.0,0.0,0.0,0.0,0.0,0.0,0.0,0.0,0.0,0.0,0.0,0.0,0.0,0.0,0.0,0.0,0.0,0.0,0.0,0.0,0.0,0.0,0.0,0.0,0.0,0.0,0.0,0.0,0.0,0.0,0.0
attack,"""gtribeeleebeTleleTT",time,time,seqgan_master,seqgan_master__final__time__A__500__MASTER__raw_character__len20__gpre120__reward_off__seed88,1267,20.0,9.0,2.763865121950854,19.0,0.0,0.0,1.0,0.95,0.0,0.0,0.05,0.0,1.0,0.0,0.0,0.0,0.0,0.0,0.0,0.0,0.0,0.0,0.0,0.0,1.0,0.0,0.0,0.0,0.0,0.0,0.0,0.0,0.0,0.0,0.0,0.0,0.0,0.0,0.0,0.0,0.0,0.0,0.0,0.0,0.0,0.0,0.0,0.0,0.0,0.0,0.0,0.0,0.0,0.0,0.0,0.0,0.0,0.0,0.0,0.0,0.0,0.0,0.0,0.0,0.0
attack,"""gbeeleeTITTIIIMbele",time,time,seqgan_master,seqgan_master__final__time__A__500__MASTER__raw_character__len20__gpre120__reward_off__seed88,1268,20.0,8.0,2.708694969562842,19.0,0.0,0.0,1.0,0.95,0.0,0.0,0.05,0.0,1.0,0.0,0.0,0.0,0.0,0.0,0.0,0.0,0.0,0.0,0.0,0.0,1.0,0.0,0.0,0.0,0.0,0.0,0.0,0.0,0.0,0.0,0.0,0.0,0.0,0.0,0.0,0.0,0.0,0.0,0.0,0.0,0.0,0.0,0.0,0.0,0.0,0.0,0.0,0.0,0.0,0.0,0.0,0.0,0.0,0.0,0.0,0.0,0.0,0.0,0.0,0.0,0.0
attack,"""gbeleebelelelelelel",time,time,seqgan_master,seqgan_master__final__time__A__500__MASTER__raw_character__len20__gpre120__reward_off__seed88,1269,20.0,5.0,1.8128876215181604,19.0,0.0,0.0,1.0,0.95,0.0,0.0,0.05,0.0,1.0,0.0,0.0,0.0,0.0,0.0,0.0,0.0,0.0,0.0,0.0,0.0,1.0,0.0,0.0,0.0,0.0,0.0,0.0,0.0,0.0,0.0,0.0,0.0,0.0,0.0,0.0,0.0,0.0,0.0,0.0,0.0,0.0,0.0,0.0,0.0,0.0,0.0,0.0,0.0,0.0,0.0,0.0,0.0,0.0,0.0,0.0,0.0,0.0,0.0,0.0,0.0,0.0
attack,"""gbeleleeleTTTIleTTT",time,time,seqgan_master,seqgan_master__final__time__A__500__MASTER__raw_character__len20__gpre120__reward_off__seed88,1270,20.0,7.0,2.3709505944546687,19.0,0.0,0.0,1.0,0.95,0.0,0.0,0.05,0.0,1.0,0.0,0.0,0.0,0.0,0.0,0.0,0.0,0.0,0.0,0.0,0.0,1.0,0.0,0.0,0.0,0.0,0.0,0.0,0.0,0.0,0.0,0.0,0.0,0.0,0.0,0.0,0.0,0.0,0.0,0.0,0.0,0.0,0.0,0.0,0.0,0.0,0.0,0.0,0.0,0.0,0.0,0.0,0.0,0.0,0.0,0.0,0.0,0.0,0.0,0.0,0.0,0.0
attack,"""gbeleeleleeTmbelebe",time,time,seqgan_master,seqgan_master__final__time__A__500__MASTER__raw_character__len20__gpre120__reward_off__seed88,1271,20.0,7.0,2.2577174691301485,19.0,0.0,0.0,1.0,0.95,0.0,0.0,0.05,0.0,1.0,0.0,0.0,0.0,0.0,0.0,0.0,0.0,0.0,0.0,0.0,0.0,1.0,0.0,0.0,0.0,0.0,0.0,0.0,0.0,0.0,0.0,0.0,0.0,0.0,0.0,0.0,0.0,0.0,0.0,0.0,0.0,0.0,0.0,0.0,0.0,0.0,0.0,0.0,0.0,0.0,0.0,0.0,0.0,0.0,0.0,0.0,0.0,0.0,0.0,0.0,0.0,0.0
attack,"""gbeelelee0TTeleTIII",time,time,seqgan_master,seqgan_master__final__time__A__500__MASTER__raw_character__len20__gpre120__reward_off__seed88,1272,20.0,8.0,2.6261207468426804,18.0,1.0,0.0,1.0,0.9,0.05,0.0,0.05,0.0,1.0,0.0,0.0,0.0,0.0,0.0,0.0,0.0,0.0,0.0,0.0,0.0,1.0,0.0,0.0,0.0,0.0,0.0,0.0,0.0,0.0,0.0,0.0,0.0,0.0,0.0,0.0,0.0,0.0,0.0,0.0,0.0,0.0,0.0,0.0,0.0,0.0,0.0,0.0,0.0,0.0,0.0,0.0,0.0,0.0,0.0,0.0,0.0,0.0,0.0,0.0,0.0,0.0
attack,"""gbelegbeeleeleTIITI",time,time,seqgan_master,seqgan_master__final__time__A__500__MASTER__raw_character__len20__gpre120__reward_off__seed88,1273,20.0,7.0,2.563865121950854,19.0,0.0,0.0,1.0,0.95,0.0,0.0,0.05,0.0,1.0,0.0,0.0,0.0,0.0,0.0,0.0,0.0,0.0,0.0,0.0,0.0,1.0,0.0,0.0,0.0,0.0,0.0,0.0,0.0,0.0,0.0,0.0,0.0,0.0,0.0,0.0,0.0,0.0,0.0,0.0,0.0,0.0,0.0,0.0,0.0,0.0,0.0,0.0,0.0,0.0,0.0,0.0,0.0,0.0,0.0,0.0,0.0,0.0,0.0,0.0,0.0,0.0
attack,"""gbgbegbeleeleelelel",time,time,seqgan_master,seqgan_master__final__time__A__500__MASTER__raw_character__len20__gpre120__reward_off__seed88,1274,20.0,5.0,2.065957320949175,19.0,0.0,0.0,1.0,0.95,0.0,0.0,0.05,0.0,1.0,0.0,0.0,0.0,0.0,0.0,0.0,0.0,0.0,0.0,0.0,0.0,1.0,0.0,0.0,0.0,0.0,0.0,0.0,0.0,0.0,0.0,0.0,0.0,0.0,0.0,0.0,0.0,0.0,0.0,0.0,0.0,0.0,0.0,0.0,0.0,0.0,0.0,0.0,0.0,0.0,0.0,0.0,0.0,0.0,0.0,0.0,0.0,0.0,0.0,0.0,0.0,0.0
attack, )  ibpgTleeleleTTTT,time,time,seqgan_master,seqgan_master__final__time__A__500__MASTER__raw_character__len20__gpre120__reward_off__seed88,1275,20.0,9.0,2.865957320949175,16.0,0.0,3.0,1.0,0.8,0.0,0.15,0.05,0.0,0.0,0.0,0.0,0.0,0.0,0.0,1.0,0.0,0.0,0.0,0.0,0.0,0.0,0.0,0.0,0.0,0.0,1.0,0.0,0.0,0.0,0.0,0.0,0.0,0.0,0.0,0.0,0.0,0.0,0.0,0.0,0.0,0.0,0.0,0.0,0.0,0.0,0.0,0.0,0.0,0.0,0.0,0.0,0.0,0.0,0.0,0.0,0.0,0.0,0.0,0.0,0.0,0.0
attack,"""gbeleribeleeTTbeTMe",time,time,seqgan_master,seqgan_master__final__time__A__500__MASTER__raw_character__len20__gpre120__reward_off__seed88,1276,20.0,9.0,2.763865121950854,19.0,0.0,0.0,1.0,0.95,0.0,0.0,0.05,0.0,1.0,0.0,0.0,0.0,0.0,0.0,0.0,0.0,0.0,0.0,0.0,0.0,1.0,0.0,0.0,0.0,0.0,0.0,0.0,0.0,0.0,0.0,0.0,0.0,0.0,0.0,0.0,0.0,0.0,0.0,0.0,0.0,0.0,0.0,0.0,0.0,0.0,0.0,0.0,0.0,0.0,0.0,0.0,0.0,0.0,0.0,0.0,0.0,0.0,0.0,0.0,0.0,0.0
attack,"""gbeleleeTTITdeTTIIM",time,time,seqgan_master,seqgan_master__final__time__A__500__MASTER__raw_character__len20__gpre120__reward_off__seed88,1277,20.0,9.0,2.823219672335508,19.0,0.0,0.0,1.0,0.95,0.0,0.0,0.05,0.0,1.0,0.0,0.0,0.0,0.0,0.0,0.0,0.0,0.0,0.0,0.0,0.0,1.0,0.0,0.0,0.0,0.0,0.0,0.0,0.0,0.0,0.0,0.0,0.0,0.0,0.0,0.0,0.0,0.0,0.0,0.0,0.0,0.0,0.0,0.0,0.0,0.0,0.0,0.0,0.0,0.0,0.0,0.0,0.0,0.0,0.0,0.0,0.0,0.0,0.0,0.0,0.0,0.0
attack,"""begbeleleeTbeTTTTIb",time,time,seqgan_master,seqgan_master__final__time__A__500__MASTER__raw_character__len20__gpre120__reward_off__seed88,1278,20.0,7.0,2.465957320949175,19.0,0.0,0.0,1.0,0.95,0.0,0.0,0.05,0.0,1.0,0.0,0.0,0.0,0.0,0.0,0.0,0.0,0.0,0.0,0.0,0.0,1.0,0.0,0.0,0.0,0.0,0.0,0.0,0.0,0.0,0.0,0.0,0.0,0.0,0.0,0.0,0.0,0.0,0.0,0.0,0.0,0.0,0.0,0.0,0.0,0.0,0.0,0.0,0.0,0.0,0.0,0.0,0.0,0.0,0.0,0.0,0.0,0.0,0.0,0.0,0.0,0.0
attack,"""gbeleeTMele0TpgTIpg",time,time,seqgan_master,seqgan_master__final__time__A__500__MASTER__raw_character__len20__gpre120__reward_off__seed88,1279,20.0,10.0,3.065957320949175,18.0,1.0,0.0,1.0,0.9,0.05,0.0,0.05,0.0,1.0,0.0,0.0,0.0,0.0,0.0,0.0,0.0,0.0,0.0,0.0,0.0,1.0,0.0,0.0,0.0,0.0,0.0,0.0,0.0,0.0,0.0,0.0,0.0,0.0,0.0,0.0,0.0,0.0,0.0,0.0,0.0,0.0,0.0,0.0,0.0,0.0,0.0,0.0,0.0,0.0,0.0,0.0,0.0,0.0,0.0,0.0,0.0,0.0,0.0,0.0,0.0,0.0
attack,"""gbebeleeleleeTTIpgT",time,time,seqgan_master,seqgan_master__final__time__A__500__MASTER__raw_character__len20__gpre120__reward_off__seed88,1280,20.0,8.0,2.6638651219508542,19.0,0.0,0.0,1.0,0.95,0.0,0.0,0.05,0.0,1.0,0.0,0.0,0.0,0.0,0.0,0.0,0.0,0.0,0.0,0.0,0.0,1.0,0.0,0.0,0.0,0.0,0.0,0.0,0.0,0.0,0.0,0.0,0.0,0.0,0.0,0.0,0.0,0.0,0.0,0.0,0.0,0.0,0.0,0.0,0.0,0.0,0.0,0.0,0.0,0.0,0.0,0.0,0.0,0.0,0.0,0.0,0.0,0.0,0.0,0.0,0.0,0.0
attack,"""gbeleeleTeTInleTbeT",time,time,seqgan_master,seqgan_master__final__time__A__500__MASTER__raw_character__len20__gpre120__reward_off__seed88,1281,20.0,8.0,2.6016094970590276,19.0,0.0,0.0,1.0,0.95,0.0,0.0,0.05,0.0,1.0,0.0,0.0,0.0,0.0,0.0,0.0,0.0,0.0,0.0,0.0,0.0,1.0,0.0,0.0,0.0,0.0,0.0,0.0,0.0,0.0,0.0,0.0,0.0,0.0,0.0,0.0,0.0,0.0,0.0,0.0,0.0,0.0,0.0,0.0,0.0,0.0,0.0,0.0,0.0,0.0,0.0,0.0,0.0,0.0,0.0,0.0,0.0,0.0,0.0,0.0,0.0,0.0
attack,"""gbeleeTTdeleTTIIMbe",time,time,seqgan_master,seqgan_master__final__time__A__500__MASTER__raw_character__len20__gpre120__reward_off__seed88,1282,20.0,9.0,2.8464393446710154,19.0,0.0,0.0,1.0,0.95,0.0,0.0,0.05,0.0,1.0,0.0,0.0,0.0,0.0,0.0,0.0,0.0,0.0,0.0,0.0,0.0,1.0,0.0,0.0,0.0,0.0,0.0,0.0,0.0,0.0,0.0,0.0,0.0,0.0,0.0,0.0,0.0,0.0,0.0,0.0,0.0,0.0,0.0,0.0,0.0,0.0,0.0,0.0,0.0,0.0,0.0,0.0,0.0,0.0,0.0,0.0,0.0,0.0,0.0,0.0,0.0,0.0
attack,"""gbegbeleleeleeTTITT",time,time,seqgan_master,seqgan_master__final__time__A__500__MASTER__raw_character__len20__gpre120__reward_off__seed88,1283,20.0,7.0,2.5016094970590275,19.0,0.0,0.0,1.0,0.95,0.0,0.0,0.05,0.0,1.0,0.0,0.0,0.0,0.0,0.0,0.0,0.0,0.0,0.0,0.0,0.0,1.0,0.0,0.0,0.0,0.0,0.0,0.0,0.0,0.0,0.0,0.0,0.0,0.0,0.0,0.0,0.0,0.0,0.0,0.0,0.0,0.0,0.0,0.0,0.0,0.0,0.0,0.0,0.0,0.0,0.0,0.0,0.0,0.0,0.0,0.0,0.0,0.0,0.0,0.0,0.0,0.0
attack,;gbeleeTTTTTIIMbelee,time,time,seqgan_master,seqgan_master__final__time__A__500__MASTER__raw_character__len20__gpre120__reward_off__seed88,1284,20.0,8.0,2.665957320949175,19.0,0.0,0.0,1.0,0.95,0.0,0.0,0.05,0.0,0.0,0.0,0.0,0.0,0.0,1.0,0.0,0.0,0.0,0.0,0.0,0.0,0.0,0.0,0.0,0.0,0.0,0.0,1.0,0.0,0.0,0.0,0.0,0.0,0.0,0.0,0.0,0.0,0.0,0.0,0.0,0.0,0.0,0.0,0.0,0.0,0.0,0.0,0.0,0.0,0.0,0.0,0.0,0.0,0.0,0.0,0.0,0.0,0.0,0.0,0.0,0.0,0.0
attack,"""gbeleeTIMbeeTTbeleT",time,time,seqgan_master,seqgan_master__final__time__A__500__MASTER__raw_character__len20__gpre120__reward_off__seed88,1285,20.0,8.0,2.6016094970590276,19.0,0.0,0.0,1.0,0.95,0.0,0.0,0.05,0.0,1.0,0.0,0.0,0.0,0.0,0.0,0.0,0.0,0.0,0.0,0.0,0.0,1.0,0.0,0.0,0.0,0.0,0.0,0.0,0.0,0.0,0.0,0.0,0.0,0.0,0.0,0.0,0.0,0.0,0.0,0.0,0.0,0.0,0.0,0.0,0.0,0.0,0.0,0.0,0.0,0.0,0.0,0.0,0.0,0.0,0.0,0.0,0.0,0.0,0.0,0.0,0.0,0.0
attack,"""gbeleeleleTTITTTTIp",time,time,seqgan_master,seqgan_master__final__time__A__500__MASTER__raw_character__len20__gpre120__reward_off__seed88,1286,20.0,8.0,2.6282129458410015,19.0,0.0,0.0,1.0,0.95,0.0,0.0,0.05,0.0,1.0,0.0,0.0,0.0,0.0,0.0,0.0,0.0,0.0,0.0,0.0,0.0,1.0,0.0,0.0,0.0,0.0,0.0,0.0,0.0,0.0,0.0,0.0,0.0,0.0,0.0,0.0,0.0,0.0,0.0,0.0,0.0,0.0,0.0,0.0,0.0,0.0,0.0,0.0,0.0,0.0,0.0,0.0,0.0,0.0,0.0,0.0,0.0,0.0,0.0,0.0,0.0,0.0
attack,"""gbeleeTIMbeleleeTbe",time,time,seqgan_master,seqgan_master__final__time__A__500__MASTER__raw_character__len20__gpre120__reward_off__seed88,1287,20.0,8.0,2.5464393446710156,19.0,0.0,0.0,1.0,0.95,0.0,0.0,0.05,0.0,1.0,0.0,0.0,0.0,0.0,0.0,0.0,0.0,0.0,0.0,0.0,0.0,1.0,0.0,0.0,0.0,0.0,0.0,0.0,0.0,0.0,0.0,0.0,0.0,0.0,0.0,0.0,0.0,0.0,0.0,0.0,0.0,0.0,0.0,0.0,0.0,0.0,0.0,0.0,0.0,0.0,0.0,0.0,0.0,0.0,0.0,0.0,0.0,0.0,0.0,0.0,0.0,0.0
attack,",iweleeTbeTTIMbeleTb",time,time,seqgan_master,seqgan_master__final__time__A__500__MASTER__raw_character__len20__gpre120__reward_off__seed88,1288,20.0,9.0,2.808694969562842,19.0,0.0,0.0,1.0,0.95,0.0,0.0,0.05,0.0,0.0,0.0,0.0,0.0,0.0,0.0,0.0,0.0,0.0,1.0,0.0,0.0,0.0,0.0,0.0,0.0,0.0,0.0,0.0,0.0,0.0,0.0,0.0,0.0,0.0,0.0,0.0,0.0,0.0,0.0,0.0,0.0,0.0,0.0,0.0,0.0,0.0,0.0,0.0,0.0,0.0,0.0,0.0,0.0,0.0,0.0,0.0,0.0,0.0,0.0,0.0,0.0,0.0
attack,"""gbeleelelectriribel",time,time,seqgan_master,seqgan_master__final__time__A__500__MASTER__raw_character__len20__gpre120__reward_off__seed88,1289,20.0,9.0,2.8464393446710154,19.0,0.0,0.0,1.0,0.95,0.0,0.0,0.05,0.0,1.0,0.0,0.0,0.0,0.0,0.0,0.0,0.0,0.0,0.0,0.0,0.0,1.0,0.0,0.0,0.0,0.0,0.0,0.0,0.0,0.0,0.0,0.0,0.0,0.0,0.0,0.0,0.0,0.0,0.0,0.0,0.0,0.0,0.0,0.0,0.0,0.0,0.0,0.0,0.0,0.0,0.0,0.0,0.0,0.0,0.0,0.0,0.0,0.0,0.0,0.0,0.0,0.0
attack,"""gbeleeleleeleTTTIsd",time,time,seqgan_master,seqgan_master__final__time__A__500__MASTER__raw_character__len20__gpre120__reward_off__seed88,1290,20.0,9.0,2.7016094970590276,19.0,0.0,0.0,1.0,0.95,0.0,0.0,0.05,0.0,1.0,0.0,0.0,0.0,0.0,0.0,0.0,0.0,0.0,0.0,0.0,0.0,1.0,0.0,0.0,0.0,0.0,0.0,0.0,0.0,0.0,0.0,0.0,0.0,0.0,0.0,0.0,0.0,0.0,0.0,0.0,0.0,0.0,0.0,0.0,0.0,0.0,0.0,0.0,0.0,0.0,0.0,0.0,0.0,0.0,0.0,0.0,0.0,0.0,0.0,0.0,0.0,0.0
attack,"""gbeleeleTbeleleeTbe",time,time,seqgan_master,seqgan_master__final__time__A__500__MASTER__raw_character__len20__gpre120__reward_off__seed88,1291,20.0,6.0,2.1577174691301484,19.0,0.0,0.0,1.0,0.95,0.0,0.0,0.05,0.0,1.0,0.0,0.0,0.0,0.0,0.0,0.0,0.0,0.0,0.0,0.0,0.0,1.0,0.0,0.0,0.0,0.0,0.0,0.0,0.0,0.0,0.0,0.0,0.0,0.0,0.0,0.0,0.0,0.0,0.0,0.0,0.0,0.0,0.0,0.0,0.0,0.0,0.0,0.0,0.0,0.0,0.0,0.0,0.0,0.0,0.0,0.0,0.0,0.0,0.0,0.0,0.0,0.0
attack,"""gbeleeleTMeTITTTIbe",time,time,seqgan_master,seqgan_master__final__time__A__500__MASTER__raw_character__len20__gpre120__reward_off__seed88,1292,20.0,8.0,2.665957320949175,19.0,0.0,0.0,1.0,0.95,0.0,0.0,0.05,0.0,1.0,0.0,0.0,0.0,0.0,0.0,0.0,0.0,0.0,0.0,0.0,0.0,1.0,0.0,0.0,0.0,0.0,0.0,0.0,0.0,0.0,0.0,0.0,0.0,0.0,0.0,0.0,0.0,0.0,0.0,0.0,0.0,0.0,0.0,0.0,0.0,0.0,0.0,0.0,0.0,0.0,0.0,0.0,0.0,0.0,0.0,0.0,0.0,0.0,0.0,0.0,0.0,0.0
attack,"""gbeleeleeTIIpgTIleT",time,time,seqgan_master,seqgan_master__final__time__A__500__MASTER__raw_character__len20__gpre120__reward_off__seed88,1293,20.0,8.0,2.733206219346495,19.0,0.0,0.0,1.0,0.95,0.0,0.0,0.05,0.0,1.0,0.0,0.0,0.0,0.0,0.0,0.0,0.0,0.0,0.0,0.0,0.0,1.0,0.0,0.0,0.0,0.0,0.0,0.0,0.0,0.0,0.0,0.0,0.0,0.0,0.0,0.0,0.0,0.0,0.0,0.0,0.0,0.0,0.0,0.0,0.0,0.0,0.0,0.0,0.0,0.0,0.0,0.0,0.0,0.0,0.0,0.0,0.0,0.0,0.0,0.0,0.0,0.0
attack,"""gbneeleleeleleTbele",time,time,seqgan_master,seqgan_master__final__time__A__500__MASTER__raw_character__len20__gpre120__reward_off__seed88,1294,20.0,7.0,2.2149798205164815,19.0,0.0,0.0,1.0,0.95,0.0,0.0,0.05,0.0,1.0,0.0,0.0,0.0,0.0,0.0,0.0,0.0,0.0,0.0,0.0,0.0,1.0,0.0,0.0,0.0,0.0,0.0,0.0,0.0,0.0,0.0,0.0,0.0,0.0,0.0,0.0,0.0,0.0,0.0,0.0,0.0,0.0,0.0,0.0,0.0,0.0,0.0,0.0,0.0,0.0,0.0,0.0,0.0,0.0,0.0,0.0,0.0,0.0,0.0,0.0,0.0,0.0
attack,"""gbelelee_TsleleleTM",time,time,seqgan_master,seqgan_master__final__time__A__500__MASTER__raw_character__len20__gpre120__reward_off__seed88,1295,20.0,9.0,2.6588718484453606,18.0,0.0,0.0,2.0,0.9,0.0,0.0,0.1,0.0,1.0,0.0,0.0,0.0,0.0,0.0,0.0,0.0,1.0,0.0,0.0,0.0,1.0,0.0,0.0,0.0,0.0,0.0,0.0,0.0,0.0,0.0,0.0,0.0,0.0,0.0,0.0,0.0,0.0,0.0,0.0,0.0,0.0,0.0,0.0,0.0,0.0,0.0,0.0,0.0,0.0,0.0,0.0,0.0,0.0,0.0,0.0,0.0,0.0,0.0,0.0,0.0,0.0
attack,"""gbgTbeleleeleeleTIs",time,time,seqgan_master,seqgan_master__final__time__A__500__MASTER__raw_character__len20__gpre120__reward_off__seed88,1296,20.0,8.0,2.639353872167201,19.0,0.0,0.0,1.0,0.95,0.0,0.0,0.05,0.0,1.0,0.0,0.0,0.0,0.0,0.0,0.0,0.0,0.0,0.0,0.0,0.0,1.0,0.0,0.0,0.0,0.0,0.0,0.0,0.0,0.0,0.0,0.0,0.0,0.0,0.0,0.0,0.0,0.0,0.0,0.0,0.0,0.0,0.0,0.0,0.0,0.0,0.0,0.0,0.0,0.0,0.0,0.0,0.0,0.0,0.0,0.0,0.0,0.0,0.0,0.0,0.0,0.0
attack,"""gbeleeeeTTTTIMbe0TT",time,time,seqgan_master,seqgan_master__final__time__A__500__MASTER__raw_character__len20__gpre120__reward_off__seed88,1297,20.0,9.0,2.670950594454669,18.0,1.0,0.0,1.0,0.9,0.05,0.0,0.05,0.0,1.0,0.0,0.0,0.0,0.0,0.0,0.0,0.0,0.0,0.0,0.0,0.0,1.0,0.0,0.0,0.0,0.0,0.0,0.0,0.0,0.0,0.0,0.0,0.0,0.0,0.0,0.0,0.0,0.0,0.0,0.0,0.0,0.0,0.0,0.0,0.0,0.0,0.0,0.0,0.0,0.0,0.0,0.0,0.0,0.0,0.0,0.0,0.0,0.0,0.0,0.0,0.0,0.0
attack,""";riweleeleTTTTIMbel",time,time,seqgan_master,seqgan_master__final__time__A__500__MASTER__raw_character__len20__gpre120__reward_off__seed88,1298,20.0,11.0,3.1037016960573487,18.0,0.0,0.0,2.0,0.9,0.0,0.0,0.1,0.0,1.0,0.0,0.0,0.0,0.0,1.0,0.0,0.0,0.0,0.0,0.0,0.0,1.0,0.0,0.0,0.0,0.0,0.0,1.0,0.0,0.0,0.0,0.0,0.0,0.0,0.0,0.0,0.0,0.0,0.0,0.0,0.0,0.0,0.0,0.0,0.0,0.0,0.0,0.0,0.0,0.0,0.0,0.0,0.0,0.0,0.0,0.0,0.0,0.0,0.0,0.0,0.0,0.0
attack,"""gbeleeleleleeTIIMbe",time,time,seqgan_master,seqgan_master__final__time__A__500__MASTER__raw_character__len20__gpre120__reward_off__seed88,1299,20.0,8.0,2.5219280948873624,19.0,0.0,0.0,1.0,0.95,0.0,0.0,0.05,0.0,1.0,0.0,0.0,0.0,0.0,0.0,0.0,0.0,0.0,0.0,0.0,0.0,1.0,0.0,0.0,0.0,0.0,0.0,0.0,0.0,0.0,0.0,0.0,0.0,0.0,0.0,0.0,0.0,0.0,0.0,0.0,0.0,0.0,0.0,0.0,0.0,0.0,0.0,0.0,0.0,0.0,0.0,0.0,0.0,0.0,0.0,0.0,0.0,0.0,0.0,0.0,0.0,0.0
attack,"""gbeleeleeTTIIMbeleg",time,time,seqgan_master,seqgan_master__final__time__A__500__MASTER__raw_character__len20__gpre120__reward_off__seed88,1300,20.0,8.0,2.7016094970590276,19.0,0.0,0.0,1.0,0.95,0.0,0.0,0.05,0.0,1.0,0.0,0.0,0.0,0.0,0.0,0.0,0.0,0.0,0.0,0.0,0.0,1.0,0.0,0.0,0.0,0.0,0.0,0.0,0.0,0.0,0.0,0.0,0.0,0.0,0.0,0.0,0.0,0.0,0.0,0.0,0.0,0.0,0.0,0.0,0.0,0.0,0.0,0.0,0.0,0.0,0.0,0.0,0.0,0.0,0.0,0.0,0.0,0.0,0.0,0.0,0.0,0.0
attack,"""gbeeleeTTTbeleTIeTT",time,time,seqgan_master,seqgan_master__final__time__A__500__MASTER__raw_character__len20__gpre120__reward_off__seed88,1301,20.0,7.0,2.363865121950854,19.0,0.0,0.0,1.0,0.95,0.0,0.0,0.05,0.0,1.0,0.0,0.0,0.0,0.0,0.0,0.0,0.0,0.0,0.0,0.0,0.0,1.0,0.0,0.0,0.0,0.0,0.0,0.0,0.0,0.0,0.0,0.0,0.0,0.0,0.0,0.0,0.0,0.0,0.0,0.0,0.0,0.0,0.0,0.0,0.0,0.0,0.0,0.0,0.0,0.0,0.0,0.0,0.0,0.0,0.0,0.0,0.0,0.0,0.0,0.0,0.0,0.0
attack,"""gbeleeleTTMbeleeTIM",time,time,seqgan_master,seqgan_master__final__time__A__500__MASTER__raw_character__len20__gpre120__reward_off__seed88,1302,20.0,8.0,2.6638651219508542,19.0,0.0,0.0,1.0,0.95,0.0,0.0,0.05,0.0,1.0,0.0,0.0,0.0,0.0,0.0,0.0,0.0,0.0,0.0,0.0,0.0,1.0,0.0,0.0,0.0,0.0,0.0,0.0,0.0,0.0,0.0,0.0,0.0,0.0,0.0,0.0,0.0,0.0,0.0,0.0,0.0,0.0,0.0,0.0,0.0,0.0,0.0,0.0,0.0,0.0,0.0,0.0,0.0,0.0,0.0,0.0,0.0,0.0,0.0,0.0,0.0,0.0
attack,"""gbeleeTleTbeleTbTIM",time,time,seqgan_master,seqgan_master__final__time__A__500__MASTER__raw_character__len20__gpre120__reward_off__seed88,1303,20.0,8.0,2.6709505944546685,19.0,0.0,0.0,1.0,0.95,0.0,0.0,0.05,0.0,1.0,0.0,0.0,0.0,0.0,0.0,0.0,0.0,0.0,0.0,0.0,0.0,1.0,0.0,0.0,0.0,0.0,0.0,0.0,0.0,0.0,0.0,0.0,0.0,0.0,0.0,0.0,0.0,0.0,0.0,0.0,0.0,0.0,0.0,0.0,0.0,0.0,0.0,0.0,0.0,0.0,0.0,0.0,0.0,0.0,0.0,0.0,0.0,0.0,0.0,0.0,0.0,0.0
attack,"""gbeleeTbeleleTTTTTE",time,time,seqgan_master,seqgan_master__final__time__A__500__MASTER__raw_character__len20__gpre120__reward_off__seed88,1304,20.0,7.0,2.4332062193464954,19.0,0.0,0.0,1.0,0.95,0.0,0.0,0.05,0.0,1.0,0.0,0.0,0.0,0.0,0.0,0.0,0.0,0.0,0.0,0.0,0.0,1.0,0.0,0.0,0.0,0.0,0.0,0.0,0.0,0.0,0.0,0.0,0.0,0.0,0.0,0.0,0.0,0.0,0.0,0.0,0.0,0.0,0.0,0.0,0.0,0.0,0.0,0.0,0.0,0.0,0.0,0.0,0.0,0.0,0.0,0.0,0.0,0.0,0.0,0.0,0.0,0.0
attack,"""gbeleleeleTIMbelele",time,time,seqgan_master,seqgan_master__final__time__A__500__MASTER__raw_character__len20__gpre120__reward_off__seed88,1305,20.0,8.0,2.441446071165522,19.0,0.0,0.0,1.0,0.95,0.0,0.0,0.05,0.0,1.0,0.0,0.0,0.0,0.0,0.0,0.0,0.0,0.0,0.0,0.0,0.0,1.0,0.0,0.0,0.0,0.0,0.0,0.0,0.0,0.0,0.0,0.0,0.0,0.0,0.0,0.0,0.0,0.0,0.0,0.0,0.0,0.0,0.0,0.0,0.0,0.0,0.0,0.0,0.0,0.0,0.0,0.0,0.0,0.0,0.0,0.0,0.0,0.0,0.0,0.0,0.0,0.0
attack,"""gbeleleeleTTTITIIMb",time,time,seqgan_master,seqgan_master__final__time__A__500__MASTER__raw_character__len20__gpre120__reward_off__seed88,1306,20.0,8.0,2.765957320949175,19.0,0.0,0.0,1.0,0.95,0.0,0.0,0.05,0.0,1.0,0.0,0.0,0.0,0.0,0.0,0.0,0.0,0.0,0.0,0.0,0.0,1.0,0.0,0.0,0.0,0.0,0.0,0.0,0.0,0.0,0.0,0.0,0.0,0.0,0.0,0.0,0.0,0.0,0.0,0.0,0.0,0.0,0.0,0.0,0.0,0.0,0.0,0.0,0.0,0.0,0.0,0.0,0.0,0.0,0.0,0.0,0.0,0.0,0.0,0.0,0.0,0.0
attack,"""gbeleeTTIdeleTTbele",time,time,seqgan_master,seqgan_master__final__time__A__500__MASTER__raw_character__len20__gpre120__reward_off__seed88,1307,20.0,8.0,2.6016094970590276,19.0,0.0,0.0,1.0,0.95,0.0,0.0,0.05,0.0,1.0,0.0,0.0,0.0,0.0,0.0,0.0,0.0,0.0,0.0,0.0,0.0,1.0,0.0,0.0,0.0,0.0,0.0,0.0,0.0,0.0,0.0,0.0,0.0,0.0,0.0,0.0,0.0,0.0,0.0,0.0,0.0,0.0,0.0,0.0,0.0,0.0,0.0,0.0,0.0,0.0,0.0,0.0,0.0,0.0,0.0,0.0,0.0,0.0,0.0,0.0,0.0,0.0
attack,gTTTpgTTpgTIleleTTTI,time,time,seqgan_master,seqgan_master__final__time__A__500__MASTER__raw_character__len20__gpre120__reward_off__seed88,1308,20.0,6.0,2.2577174691301485,20.0,0.0,0.0,0.0,1.0,0.0,0.0,0.0,0.0,0.0,0.0,0.0,0.0,0.0,0.0,0.0,0.0,0.0,0.0,0.0,0.0,0.0,0.0,0.0,0.0,0.0,0.0,0.0,0.0,0.0,0.0,0.0,0.0,0.0,0.0,0.0,0.0,0.0,0.0,0.0,0.0,0.0,0.0,0.0,0.0,0.0,0.0,0.0,0.0,0.0,0.0,0.0,0.0,0.0,0.0,0.0,0.0,0.0,0.0,0.0,0.0,0.0
attack,"""gbeleleeTTIpgTbele|",time,time,seqgan_master,seqgan_master__final__time__A__500__MASTER__raw_character__len20__gpre120__reward_off__seed88,1309,20.0,9.0,2.8709505944546687,18.0,0.0,0.0,2.0,0.9,0.0,0.0,0.1,0.0,1.0,0.0,0.0,0.0,0.0,0.0,0.0,0.0,0.0,0.0,1.0,0.0,1.0,0.0,0.0,0.0,0.0,0.0,0.0,0.0,0.0,0.0,0.0,0.0,0.0,0.0,0.0,0.0,0.0,0.0,0.0,0.0,0.0,0.0,0.0,0.0,0.0,0.0,0.0,0.0,0.0,0.0,0.0,0.0,0.0,0.0,0.0,0.0,0.0,0.0,0.0,0.0,0.0
attack,gTTTpgTTbeleTTTIMbeg,time,time,seqgan_master,seqgan_master__final__time__A__500__MASTER__raw_character__len20__gpre120__reward_off__seed88,1310,20.0,8.0,2.5464393446710156,20.0,0.0,0.0,0.0,1.0,0.0,0.0,0.0,0.0,0.0,0.0,0.0,0.0,0.0,0.0,0.0,0.0,0.0,0.0,0.0,0.0,0.0,0.0,0.0,0.0,0.0,0.0,0.0,0.0,0.0,0.0,0.0,0.0,0.0,0.0,0.0,0.0,0.0,0.0,0.0,0.0,0.0,0.0,0.0,0.0,0.0,0.0,0.0,0.0,0.0,0.0,0.0,0.0,0.0,0.0,0.0,0.0,0.0,0.0,0.0,0.0,0.0
attack,"""gbeleeleleleTbeeTTI",time,time,seqgan_master,seqgan_master__final__time__A__500__MASTER__raw_character__len20__gpre120__reward_off__seed88,1311,20.0,7.0,2.384183719779189,19.0,0.0,0.0,1.0,0.95,0.0,0.0,0.05,0.0,1.0,0.0,0.0,0.0,0.0,0.0,0.0,0.0,0.0,0.0,0.0,0.0,1.0,0.0,0.0,0.0,0.0,0.0,0.0,0.0,0.0,0.0,0.0,0.0,0.0,0.0,0.0,0.0,0.0,0.0,0.0,0.0,0.0,0.0,0.0,0.0,0.0,0.0,0.0,0.0,0.0,0.0,0.0,0.0,0.0,0.0,0.0,0.0,0.0,0.0,0.0,0.0,0.0
attack,"""gbeeleleeTTTIpgTTTb",time,time,seqgan_master,seqgan_master__final__time__A__500__MASTER__raw_character__len20__gpre120__reward_off__seed88,1312,20.0,8.0,2.665957320949175,19.0,0.0,0.0,1.0,0.95,0.0,0.0,0.05,0.0,1.0,0.0,0.0,0.0,0.0,0.0,0.0,0.0,0.0,0.0,0.0,0.0,1.0,0.0,0.0,0.0,0.0,0.0,0.0,0.0,0.0,0.0,0.0,0.0,0.0,0.0,0.0,0.0,0.0,0.0,0.0,0.0,0.0,0.0,0.0,0.0,0.0,0.0,0.0,0.0,0.0,0.0,0.0,0.0,0.0,0.0,0.0,0.0,0.0,0.0,0.0,0.0,0.0
attack,"""gbeleeTTbeleTTTITId",time,time,seqgan_master,seqgan_master__final__time__A__500__MASTER__raw_character__len20__gpre120__reward_off__seed88,1313,20.0,8.0,2.665957320949175,19.0,0.0,0.0,1.0,0.95,0.0,0.0,0.05,0.0,1.0,0.0,0.0,0.0,0.0,0.0,0.0,0.0,0.0,0.0,0.0,0.0,1.0,0.0,0.0,0.0,0.0,0.0,0.0,0.0,0.0,0.0,0.0,0.0,0.0,0.0,0.0,0.0,0.0,0.0,0.0,0.0,0.0,0.0,0.0,0.0,0.0,0.0,0.0,0.0,0.0,0.0,0.0,0.0,0.0,0.0,0.0,0.0,0.0,0.0,0.0,0.0,0.0
attack,"""gbeeleeTbeTTTMbelee",time,time,seqgan_master,seqgan_master__final__time__A__500__MASTER__raw_character__len20__gpre120__reward_off__seed88,1314,20.0,7.0,2.384183719779189,19.0,0.0,0.0,1.0,0.95,0.0,0.0,0.05,0.0,1.0,0.0,0.0,0.0,0.0,0.0,0.0,0.0,0.0,0.0,0.0,0.0,1.0,0.0,0.0,0.0,0.0,0.0,0.0,0.0,0.0,0.0,0.0,0.0,0.0,0.0,0.0,0.0,0.0,0.0,0.0,0.0,0.0,0.0,0.0,0.0,0.0,0.0,0.0,0.0,0.0,0.0,0.0,0.0,0.0,0.0,0.0,0.0,0.0,0.0,0.0,0.0,0.0
attack,"""gbeeleTbeleTeleleTT",time,time,seqgan_master,seqgan_master__final__time__A__500__MASTER__raw_character__len20__gpre120__reward_off__seed88,1315,20.0,6.0,2.221928094887362,19.0,0.0,0.0,1.0,0.95,0.0,0.0,0.05,0.0,1.0,0.0,0.0,0.0,0.0,0.0,0.0,0.0,0.0,0.0,0.0,0.0,1.0,0.0,0.0,0.0,0.0,0.0,0.0,0.0,0.0,0.0,0.0,0.0,0.0,0.0,0.0,0.0,0.0,0.0,0.0,0.0,0.0,0.0,0.0,0.0,0.0,0.0,0.0,0.0,0.0,0.0,0.0,0.0,0.0,0.0,0.0,0.0,0.0,0.0,0.0,0.0,0.0
attack,"""gbgbeeleeleeTITIMbe",time,time,seqgan_master,seqgan_master__final__time__A__500__MASTER__raw_character__len20__gpre120__reward_off__seed88,1316,20.0,8.0,2.7016094970590276,19.0,0.0,0.0,1.0,0.95,0.0,0.0,0.05,0.0,1.0,0.0,0.0,0.0,0.0,0.0,0.0,0.0,0.0,0.0,0.0,0.0,1.0,0.0,0.0,0.0,0.0,0.0,0.0,0.0,0.0,0.0,0.0,0.0,0.0,0.0,0.0,0.0,0.0,0.0,0.0,0.0,0.0,0.0,0.0,0.0,0.0,0.0,0.0,0.0,0.0,0.0,0.0,0.0,0.0,0.0,0.0,0.0,0.0,0.0,0.0,0.0,0.0
attack,"""gbeleleeTleTbeleTTT",time,time,seqgan_master,seqgan_master__final__time__A__500__MASTER__raw_character__len20__gpre120__reward_off__seed88,1317,20.0,6.0,2.2588718484453603,19.0,0.0,0.0,1.0,0.95,0.0,0.0,0.05,0.0,1.0,0.0,0.0,0.0,0.0,0.0,0.0,0.0,0.0,0.0,0.0,0.0,1.0,0.0,0.0,0.0,0.0,0.0,0.0,0.0,0.0,0.0,0.0,0.0,0.0,0.0,0.0,0.0,0.0,0.0,0.0,0.0,0.0,0.0,0.0,0.0,0.0,0.0,0.0,0.0,0.0,0.0,0.0,0.0,0.0,0.0,0.0,0.0,0.0,0.0,0.0,0.0,0.0
attack,",waiibelekTIleleeleT",time,time,seqgan_master,seqgan_master__final__time__A__500__MASTER__raw_character__len20__gpre120__reward_off__seed88,1318,20.0,10.0,2.9464393446710155,19.0,0.0,0.0,1.0,0.95,0.0,0.0,0.05,0.0,0.0,0.0,0.0,0.0,0.0,0.0,0.0,0.0,0.0,1.0,0.0,0.0,0.0,0.0,0.0,0.0,0.0,0.0,0.0,0.0,0.0,0.0,0.0,0.0,0.0,0.0,0.0,0.0,0.0,0.0,0.0,0.0,0.0,0.0,0.0,0.0,0.0,0.0,0.0,0.0,0.0,0.0,0.0,0.0,0.0,0.0,0.0,0.0,0.0,0.0,0.0,0.0,0.0
attack,"""gbeeleleleTbeTbeTTT",time,time,seqgan_master,seqgan_master__final__time__A__500__MASTER__raw_character__len20__gpre120__reward_off__seed88,1319,20.0,6.0,2.2833830982290135,19.0,0.0,0.0,1.0,0.95,0.0,0.0,0.05,0.0,1.0,0.0,0.0,0.0,0.0,0.0,0.0,0.0,0.0,0.0,0.0,0.0,1.0,0.0,0.0,0.0,0.0,0.0,0.0,0.0,0.0,0.0,0.0,0.0,0.0,0.0,0.0,0.0,0.0,0.0,0.0,0.0,0.0,0.0,0.0,0.0,0.0,0.0,0.0,0.0,0.0,0.0,0.0,0.0,0.0,0.0,0.0,0.0,0.0,0.0,0.0,0.0,0.0
attack,"""gngbeleeleeeeTIMeTT",time,time,seqgan_master,seqgan_master__final__time__A__500__MASTER__raw_character__len20__gpre120__reward_off__seed88,1320,20.0,9.0,2.684183719779189,19.0,0.0,0.0,1.0,0.95,0.0,0.0,0.05,0.0,1.0,0.0,0.0,0.0,0.0,0.0,0.0,0.0,0.0,0.0,0.0,0.0,1.0,0.0,0.0,0.0,0.0,0.0,0.0,0.0,0.0,0.0,0.0,0.0,0.0,0.0,0.0,0.0,0.0,0.0,0.0,0.0,0.0,0.0,0.0,0.0,0.0,0.0,0.0,0.0,0.0,0.0,0.0,0.0,0.0,0.0,0.0,0.0,0.0,0.0,0.0,0.0,0.0
attack,"""gbeleleleeleTInele0",time,time,seqgan_master,seqgan_master__final__time__A__500__MASTER__raw_character__len20__gpre120__reward_off__seed88,1321,20.0,9.0,2.541446071165522,18.0,1.0,0.0,1.0,0.9,0.05,0.0,0.05,0.0,1.0,0.0,0.0,0.0,0.0,0.0,0.0,0.0,0.0,0.0,0.0,0.0,1.0,0.0,0.0,0.0,0.0,0.0,0.0,0.0,0.0,0.0,0.0,0.0,0.0,0.0,0.0,0.0,0.0,0.0,0.0,0.0,0.0,0.0,0.0,0.0,0.0,0.0,0.0,0.0,0.0,0.0,0.0,0.0,0.0,0.0,0.0,0.0,0.0,0.0,0.0,0.0,0.0
attack,TTTITIIIdeleleTTTTII,time,time,seqgan_master,seqgan_master__final__time__A__500__MASTER__raw_character__len20__gpre120__reward_off__seed88,1322,20.0,5.0,2.0086949695628418,20.0,0.0,0.0,0.0,1.0,0.0,0.0,0.0,0.0,0.0,0.0,0.0,0.0,0.0,0.0,0.0,0.0,0.0,0.0,0.0,0.0,0.0,0.0,0.0,0.0,0.0,0.0,0.0,0.0,0.0,0.0,0.0,0.0,0.0,0.0,0.0,0.0,0.0,0.0,0.0,0.0,0.0,0.0,0.0,0.0,0.0,0.0,0.0,0.0,0.0,0.0,0.0,0.0,0.0,0.0,0.0,0.0,0.0,0.0,0.0,0.0,0.0
attack,"""gbebeleeleeTTTIIpgT",time,time,seqgan_master,seqgan_master__final__time__A__500__MASTER__raw_character__len20__gpre120__reward_off__seed88,1323,20.0,8.0,2.746439344671016,19.0,0.0,0.0,1.0,0.95,0.0,0.0,0.05,0.0,1.0,0.0,0.0,0.0,0.0,0.0,0.0,0.0,0.0,0.0,0.0,0.0,1.0,0.0,0.0,0.0,0.0,0.0,0.0,0.0,0.0,0.0,0.0,0.0,0.0,0.0,0.0,0.0,0.0,0.0,0.0,0.0,0.0,0.0,0.0,0.0,0.0,0.0,0.0,0.0,0.0,0.0,0.0,0.0,0.0,0.0,0.0,0.0,0.0,0.0,0.0,0.0,0.0
attack,"""gbeleleelembeelele0",time,time,seqgan_master,seqgan_master__final__time__A__500__MASTER__raw_character__len20__gpre120__reward_off__seed88,1324,20.0,7.0,2.2149798205164815,18.0,1.0,0.0,1.0,0.9,0.05,0.0,0.05,0.0,1.0,0.0,0.0,0.0,0.0,0.0,0.0,0.0,0.0,0.0,0.0,0.0,1.0,0.0,0.0,0.0,0.0,0.0,0.0,0.0,0.0,0.0,0.0,0.0,0.0,0.0,0.0,0.0,0.0,0.0,0.0,0.0,0.0,0.0,0.0,0.0,0.0,0.0,0.0,0.0,0.0,0.0,0.0,0.0,0.0,0.0,0.0,0.0,0.0,0.0,0.0,0.0,0.0
attack,"""gbeleleelebeTTIMe0T",time,time,seqgan_master,seqgan_master__final__time__A__500__MASTER__raw_character__len20__gpre120__reward_off__seed88,1325,20.0,9.0,2.763865121950854,18.0,1.0,0.0,1.0,0.9,0.05,0.0,0.05,0.0,1.0,0.0,0.0,0.0,0.0,0.0,0.0,0.0,0.0,0.0,0.0,0.0,1.0,0.0,0.0,0.0,0.0,0.0,0.0,0.0,0.0,0.0,0.0,0.0,0.0,0.0,0.0,0.0,0.0,0.0,0.0,0.0,0.0,0.0,0.0,0.0,0.0,0.0,0.0,0.0,0.0,0.0,0.0,0.0,0.0,0.0,0.0,0.0,0.0,0.0,0.0,0.0,0.0
attack,aegbeTTTTTpgTbeleTbe,time,time,seqgan_master,seqgan_master__final__time__A__500__MASTER__raw_character__len20__gpre120__reward_off__seed88,1326,20.0,7.0,2.421127473337187,20.0,0.0,0.0,0.0,1.0,0.0,0.0,0.0,0.0,0.0,0.0,0.0,0.0,0.0,0.0,0.0,0.0,0.0,0.0,0.0,0.0,0.0,0.0,0.0,0.0,0.0,0.0,0.0,0.0,0.0,0.0,0.0,0.0,0.0,0.0,0.0,0.0,0.0,0.0,0.0,0.0,0.0,0.0,0.0,0.0,0.0,0.0,0.0,0.0,0.0,0.0,0.0,0.0,0.0,0.0,0.0,0.0,0.0,0.0,0.0,0.0,0.0
attack,"""gbeleleleeleleT0r5p",time,time,seqgan_master,seqgan_master__final__time__A__500__MASTER__raw_character__len20__gpre120__reward_off__seed88,1327,20.0,10.0,2.7588718484453603,17.0,2.0,0.0,1.0,0.85,0.1,0.0,0.05,0.0,1.0,0.0,0.0,0.0,0.0,0.0,0.0,0.0,0.0,0.0,0.0,0.0,1.0,0.0,0.0,0.0,0.0,0.0,0.0,0.0,0.0,0.0,0.0,0.0,0.0,0.0,0.0,0.0,0.0,0.0,0.0,0.0,0.0,0.0,0.0,0.0,0.0,0.0,0.0,0.0,0.0,0.0,0.0,0.0,0.0,0.0,0.0,0.0,0.0,0.0,0.0,0.0,0.0
attack,"""gbeleeeenleeleleTTT",time,time,seqgan_master,seqgan_master__final__time__A__500__MASTER__raw_character__len20__gpre120__reward_off__seed88,1328,20.0,7.0,2.2577174691301485,19.0,0.0,0.0,1.0,0.95,0.0,0.0,0.05,0.0,1.0,0.0,0.0,0.0,0.0,0.0,0.0,0.0,0.0,0.0,0.0,0.0,1.0,0.0,0.0,0.0,0.0,0.0,0.0,0.0,0.0,0.0,0.0,0.0,0.0,0.0,0.0,0.0,0.0,0.0,0.0,0.0,0.0,0.0,0.0,0.0,0.0,0.0,0.0,0.0,0.0,0.0,0.0,0.0,0.0,0.0,0.0,0.0,0.0,0.0,0.0,0.0,0.0
attack,"""gbgbeeleleleleeeTTl",time,time,seqgan_master,seqgan_master__final__time__A__500__MASTER__raw_character__len20__gpre120__reward_off__seed88,1329,20.0,6.0,2.2414460711655217,19.0,0.0,0.0,1.0,0.95,0.0,0.0,0.05,0.0,1.0,0.0,0.0,0.0,0.0,0.0,0.0,0.0,0.0,0.0,0.0,0.0,1.0,0.0,0.0,0.0,0.0,0.0,0.0,0.0,0.0,0.0,0.0,0.0,0.0,0.0,0.0,0.0,0.0,0.0,0.0,0.0,0.0,0.0,0.0,0.0,0.0,0.0,0.0,0.0,0.0,0.0,0.0,0.0,0.0,0.0,0.0,0.0,0.0,0.0,0.0,0.0,0.0
attack,"""gbeleleeTIIITIMeTTT",time,time,seqgan_master,seqgan_master__final__time__A__500__MASTER__raw_character__len20__gpre120__reward_off__seed88,1330,20.0,8.0,2.6609640474436813,19.0,0.0,0.0,1.0,0.95,0.0,0.0,0.05,0.0,1.0,0.0,0.0,0.0,0.0,0.0,0.0,0.0,0.0,0.0,0.0,0.0,1.0,0.0,0.0,0.0,0.0,0.0,0.0,0.0,0.0,0.0,0.0,0.0,0.0,0.0,0.0,0.0,0.0,0.0,0.0,0.0,0.0,0.0,0.0,0.0,0.0,0.0,0.0,0.0,0.0,0.0,0.0,0.0,0.0,0.0,0.0,0.0,0.0,0.0,0.0,0.0,0.0
attack,"""gbeleeTleTIbelelele",time,time,seqgan_master,seqgan_master__final__time__A__500__MASTER__raw_character__len20__gpre120__reward_off__seed88,1331,20.0,7.0,2.341446071165522,19.0,0.0,0.0,1.0,0.95,0.0,0.0,0.05,0.0,1.0,0.0,0.0,0.0,0.0,0.0,0.0,0.0,0.0,0.0,0.0,0.0,1.0,0.0,0.0,0.0,0.0,0.0,0.0,0.0,0.0,0.0,0.0,0.0,0.0,0.0,0.0,0.0,0.0,0.0,0.0,0.0,0.0,0.0,0.0,0.0,0.0,0.0,0.0,0.0,0.0,0.0,0.0,0.0,0.0,0.0,0.0,0.0,0.0,0.0,0.0,0.0,0.0
attack,"""gbeleeleleleleTTTTT",time,time,seqgan_master,seqgan_master__final__time__A__500__MASTER__raw_character__len20__gpre120__reward_off__seed88,1332,20.0,6.0,2.17838982472352,19.0,0.0,0.0,1.0,0.95,0.0,0.0,0.05,0.0,1.0,0.0,0.0,0.0,0.0,0.0,0.0,0.0,0.0,0.0,0.0,0.0,1.0,0.0,0.0,0.0,0.0,0.0,0.0,0.0,0.0,0.0,0.0,0.0,0.0,0.0,0.0,0.0,0.0,0.0,0.0,0.0,0.0,0.0,0.0,0.0,0.0,0.0,0.0,0.0,0.0,0.0,0.0,0.0,0.0,0.0,0.0,0.0,0.0,0.0,0.0,0.0,0.0
attack,"""gbeleleeTbeleTTTTTT",time,time,seqgan_master,seqgan_master__final__time__A__500__MASTER__raw_character__len20__gpre120__reward_off__seed88,1333,20.0,6.0,2.2261207468426805,19.0,0.0,0.0,1.0,0.95,0.0,0.0,0.05,0.0,1.0,0.0,0.0,0.0,0.0,0.0,0.0,0.0,0.0,0.0,0.0,0.0,1.0,0.0,0.0,0.0,0.0,0.0,0.0,0.0,0.0,0.0,0.0,0.0,0.0,0.0,0.0,0.0,0.0,0.0,0.0,0.0,0.0,0.0,0.0,0.0,0.0,0.0,0.0,0.0,0.0,0.0,0.0,0.0,0.0,0.0,0.0,0.0,0.0,0.0,0.0,0.0,0.0
attack,"""gbeleeTeTnleTTTInTT",time,time,seqgan_master,seqgan_master__final__time__A__500__MASTER__raw_character__len20__gpre120__reward_off__seed88,1334,20.0,8.0,2.5588718484453605,19.0,0.0,0.0,1.0,0.95,0.0,0.0,0.05,0.0,1.0,0.0,0.0,0.0,0.0,0.0,0.0,0.0,0.0,0.0,0.0,0.0,1.0,0.0,0.0,0.0,0.0,0.0,0.0,0.0,0.0,0.0,0.0,0.0,0.0,0.0,0.0,0.0,0.0,0.0,0.0,0.0,0.0,0.0,0.0,0.0,0.0,0.0,0.0,0.0,0.0,0.0,0.0,0.0,0.0,0.0,0.0,0.0,0.0,0.0,0.0,0.0,0.0
attack,"""gbelribeleeeleleleT",time,time,seqgan_master,seqgan_master__final__time__A__500__MASTER__raw_character__len20__gpre120__reward_off__seed88,1335,20.0,8.0,2.441446071165522,19.0,0.0,0.0,1.0,0.95,0.0,0.0,0.05,0.0,1.0,0.0,0.0,0.0,0.0,0.0,0.0,0.0,0.0,0.0,0.0,0.0,1.0,0.0,0.0,0.0,0.0,0.0,0.0,0.0,0.0,0.0,0.0,0.0,0.0,0.0,0.0,0.0,0.0,0.0,0.0,0.0,0.0,0.0,0.0,0.0,0.0,0.0,0.0,0.0,0.0,0.0,0.0,0.0,0.0,0.0,0.0,0.0,0.0,0.0,0.0,0.0,0.0
attack,"""gbeleleeeleTIIMbeTT",time,time,seqgan_master,seqgan_master__final__time__A__500__MASTER__raw_character__len20__gpre120__reward_off__seed88,1336,20.0,8.0,2.6638651219508542,19.0,0.0,0.0,1.0,0.95,0.0,0.0,0.05,0.0,1.0,0.0,0.0,0.0,0.0,0.0,0.0,0.0,0.0,0.0,0.0,0.0,1.0,0.0,0.0,0.0,0.0,0.0,0.0,0.0,0.0,0.0,0.0,0.0,0.0,0.0,0.0,0.0,0.0,0.0,0.0,0.0,0.0,0.0,0.0,0.0,0.0,0.0,0.0,0.0,0.0,0.0,0.0,0.0,0.0,0.0,0.0,0.0,0.0,0.0,0.0,0.0,0.0
attack,"""gbeleeleleTTTIMbele",time,time,seqgan_master,seqgan_master__final__time__A__500__MASTER__raw_character__len20__gpre120__reward_off__seed88,1337,20.0,8.0,2.6016094970590276,19.0,0.0,0.0,1.0,0.95,0.0,0.0,0.05,0.0,1.0,0.0,0.0,0.0,0.0,0.0,0.0,0.0,0.0,0.0,0.0,0.0,1.0,0.0,0.0,0.0,0.0,0.0,0.0,0.0,0.0,0.0,0.0,0.0,0.0,0.0,0.0,0.0,0.0,0.0,0.0,0.0,0.0,0.0,0.0,0.0,0.0,0.0,0.0,0.0,0.0,0.0,0.0,0.0,0.0,0.0,0.0,0.0,0.0,0.0,0.0,0.0,0.0
attack,"""gbeleTbelebeleeTTIp",time,time,seqgan_master,seqgan_master__final__time__A__500__MASTER__raw_character__len20__gpre120__reward_off__seed88,1338,20.0,8.0,2.6261207468426804,19.0,0.0,0.0,1.0,0.95,0.0,0.0,0.05,0.0,1.0,0.0,0.0,0.0,0.0,0.0,0.0,0.0,0.0,0.0,0.0,0.0,1.0,0.0,0.0,0.0,0.0,0.0,0.0,0.0,0.0,0.0,0.0,0.0,0.0,0.0,0.0,0.0,0.0,0.0,0.0,0.0,0.0,0.0,0.0,0.0,0.0,0.0,0.0,0.0,0.0,0.0,0.0,0.0,0.0,0.0,0.0,0.0,0.0,0.0,0.0,0.0,0.0
attack,"""gbeleeTMeTTTTIMbele",time,time,seqgan_master,seqgan_master__final__time__A__500__MASTER__raw_character__len20__gpre120__reward_off__seed88,1339,20.0,8.0,2.665957320949175,19.0,0.0,0.0,1.0,0.95,0.0,0.0,0.05,0.0,1.0,0.0,0.0,0.0,0.0,0.0,0.0,0.0,0.0,0.0,0.0,0.0,1.0,0.0,0.0,0.0,0.0,0.0,0.0,0.0,0.0,0.0,0.0,0.0,0.0,0.0,0.0,0.0,0.0,0.0,0.0,0.0,0.0,0.0,0.0,0.0,0.0,0.0,0.0,0.0,0.0,0.0,0.0,0.0,0.0,0.0,0.0,0.0,0.0,0.0,0.0,0.0,0.0
attack,"""gbegbeeleebeTIMslee",time,time,seqgan_master,seqgan_master__final__time__A__500__MASTER__raw_character__len20__gpre120__reward_off__seed88,1340,20.0,9.0,2.684183719779189,19.0,0.0,0.0,1.0,0.95,0.0,0.0,0.05,0.0,1.0,0.0,0.0,0.0,0.0,0.0,0.0,0.0,0.0,0.0,0.0,0.0,1.0,0.0,0.0,0.0,0.0,0.0,0.0,0.0,0.0,0.0,0.0,0.0,0.0,0.0,0.0,0.0,0.0,0.0,0.0,0.0,0.0,0.0,0.0,0.0,0.0,0.0,0.0,0.0,0.0,0.0,0.0,0.0,0.0,0.0,0.0,0.0,0.0,0.0,0.0,0.0,0.0
attack,"""gbeeleeTIneTbeTIITT",time,time,seqgan_master,seqgan_master__final__time__A__500__MASTER__raw_character__len20__gpre120__reward_off__seed88,1341,20.0,8.0,2.6282129458410015,19.0,0.0,0.0,1.0,0.95,0.0,0.0,0.05,0.0,1.0,0.0,0.0,0.0,0.0,0.0,0.0,0.0,0.0,0.0,0.0,0.0,1.0,0.0,0.0,0.0,0.0,0.0,0.0,0.0,0.0,0.0,0.0,0.0,0.0,0.0,0.0,0.0,0.0,0.0,0.0,0.0,0.0,0.0,0.0,0.0,0.0,0.0,0.0,0.0,0.0,0.0,0.0,0.0,0.0,0.0,0.0,0.0,0.0,0.0,0.0,0.0,0.0
attack,"""gbeeleleTTTTTIMbele",time,time,seqgan_master,seqgan_master__final__time__A__500__MASTER__raw_character__len20__gpre120__reward_off__seed88,1342,20.0,8.0,2.6282129458410015,19.0,0.0,0.0,1.0,0.95,0.0,0.0,0.05,0.0,1.0,0.0,0.0,0.0,0.0,0.0,0.0,0.0,0.0,0.0,0.0,0.0,1.0,0.0,0.0,0.0,0.0,0.0,0.0,0.0,0.0,0.0,0.0,0.0,0.0,0.0,0.0,0.0,0.0,0.0,0.0,0.0,0.0,0.0,0.0,0.0,0.0,0.0,0.0,0.0,0.0,0.0,0.0,0.0,0.0,0.0,0.0,0.0,0.0,0.0,0.0,0.0,0.0
attack,"""gbeeleleeTITIMbelel",time,time,seqgan_master,seqgan_master__final__time__A__500__MASTER__raw_character__len20__gpre120__reward_off__seed88,1343,20.0,8.0,2.639353872167201,19.0,0.0,0.0,1.0,0.95,0.0,0.0,0.05,0.0,1.0,0.0,0.0,0.0,0.0,0.0,0.0,0.0,0.0,0.0,0.0,0.0,1.0,0.0,0.0,0.0,0.0,0.0,0.0,0.0,0.0,0.0,0.0,0.0,0.0,0.0,0.0,0.0,0.0,0.0,0.0,0.0,0.0,0.0,0.0,0.0,0.0,0.0,0.0,0.0,0.0,0.0,0.0,0.0,0.0,0.0,0.0,0.0,0.0,0.0,0.0,0.0,0.0
attack,"""gbeleleleeTTTIleTbe",time,time,seqgan_master,seqgan_master__final__time__A__500__MASTER__raw_character__len20__gpre120__reward_off__seed88,1344,20.0,7.0,2.439353872167201,19.0,0.0,0.0,1.0,0.95,0.0,0.0,0.05,0.0,1.0,0.0,0.0,0.0,0.0,0.0,0.0,0.0,0.0,0.0,0.0,0.0,1.0,0.0,0.0,0.0,0.0,0.0,0.0,0.0,0.0,0.0,0.0,0.0,0.0,0.0,0.0,0.0,0.0,0.0,0.0,0.0,0.0,0.0,0.0,0.0,0.0,0.0,0.0,0.0,0.0,0.0,0.0,0.0,0.0,0.0,0.0,0.0,0.0,0.0,0.0,0.0,0.0
attack,"""gbeleeeleTbeleTIMbe",time,time,seqgan_master,seqgan_master__final__time__A__500__MASTER__raw_character__len20__gpre120__reward_off__seed88,1345,20.0,8.0,2.5464393446710156,19.0,0.0,0.0,1.0,0.95,0.0,0.0,0.05,0.0,1.0,0.0,0.0,0.0,0.0,0.0,0.0,0.0,0.0,0.0,0.0,0.0,1.0,0.0,0.0,0.0,0.0,0.0,0.0,0.0,0.0,0.0,0.0,0.0,0.0,0.0,0.0,0.0,0.0,0.0,0.0,0.0,0.0,0.0,0.0,0.0,0.0,0.0,0.0,0.0,0.0,0.0,0.0,0.0,0.0,0.0,0.0,0.0,0.0,0.0,0.0,0.0,0.0
attack,"""gbeleeleTIs5lelelel",time,time,seqgan_master,seqgan_master__final__time__A__500__MASTER__raw_character__len20__gpre120__reward_off__seed88,1346,20.0,9.0,2.563865121950854,18.0,1.0,0.0,1.0,0.9,0.05,0.0,0.05,0.0,1.0,0.0,0.0,0.0,0.0,0.0,0.0,0.0,0.0,0.0,0.0,0.0,1.0,0.0,0.0,0.0,0.0,0.0,0.0,0.0,0.0,0.0,0.0,0.0,0.0,0.0,0.0,0.0,0.0,0.0,0.0,0.0,0.0,0.0,0.0,0.0,0.0,0.0,0.0,0.0,0.0,0.0,0.0,0.0,0.0,0.0,0.0,0.0,0.0,0.0,0.0,0.0,0.0
attack,"""gbeleeleleleleeTIMl",time,time,seqgan_master,seqgan_master__final__time__A__500__MASTER__raw_character__len20__gpre120__reward_off__seed88,1347,20.0,8.0,2.3464393446710154,19.0,0.0,0.0,1.0,0.95,0.0,0.0,0.05,0.0,1.0,0.0,0.0,0.0,0.0,0.0,0.0,0.0,0.0,0.0,0.0,0.0,1.0,0.0,0.0,0.0,0.0,0.0,0.0,0.0,0.0,0.0,0.0,0.0,0.0,0.0,0.0,0.0,0.0,0.0,0.0,0.0,0.0,0.0,0.0,0.0,0.0,0.0,0.0,0.0,0.0,0.0,0.0,0.0,0.0,0.0,0.0,0.0,0.0,0.0,0.0,0.0,0.0
attack,"""gbeeleTTbeTneTbeTTT",time,time,seqgan_master,seqgan_master__final__time__A__500__MASTER__raw_character__len20__gpre120__reward_off__seed88,1348,20.0,7.0,2.3261207468426806,19.0,0.0,0.0,1.0,0.95,0.0,0.0,0.05,0.0,1.0,0.0,0.0,0.0,0.0,0.0,0.0,0.0,0.0,0.0,0.0,0.0,1.0,0.0,0.0,0.0,0.0,0.0,0.0,0.0,0.0,0.0,0.0,0.0,0.0,0.0,0.0,0.0,0.0,0.0,0.0,0.0,0.0,0.0,0.0,0.0,0.0,0.0,0.0,0.0,0.0,0.0,0.0,0.0,0.0,0.0,0.0,0.0,0.0,0.0,0.0,0.0,0.0
attack,"""gbeeleeleleTITeTTTT",time,time,seqgan_master,seqgan_master__final__time__A__500__MASTER__raw_character__len20__gpre120__reward_off__seed88,1349,20.0,7.0,2.3261207468426806,19.0,0.0,0.0,1.0,0.95,0.0,0.0,0.05,0.0,1.0,0.0,0.0,0.0,0.0,0.0,0.0,0.0,0.0,0.0,0.0,0.0,1.0,0.0,0.0,0.0,0.0,0.0,0.0,0.0,0.0,0.0,0.0,0.0,0.0,0.0,0.0,0.0,0.0,0.0,0.0,0.0,0.0,0.0,0.0,0.0,0.0,0.0,0.0,0.0,0.0,0.0,0.0,0.0,0.0,0.0,0.0,0.0,0.0,0.0,0.0,0.0,0.0
attack,"""gbeeleleTITTIMbele0",time,time,seqgan_master,seqgan_master__final__time__A__500__MASTER__raw_character__len20__gpre120__reward_off__seed88,1350,20.0,9.0,2.8709505944546687,18.0,1.0,0.0,1.0,0.9,0.05,0.0,0.05,0.0,1.0,0.0,0.0,0.0,0.0,0.0,0.0,0.0,0.0,0.0,0.0,0.0,1.0,0.0,0.0,0.0,0.0,0.0,0.0,0.0,0.0,0.0,0.0,0.0,0.0,0.0,0.0,0.0,0.0,0.0,0.0,0.0,0.0,0.0,0.0,0.0,0.0,0.0,0.0,0.0,0.0,0.0,0.0,0.0,0.0,0.0,0.0,0.0,0.0,0.0,0.0,0.0,0.0
attack,"""gbeeleleTIdeTTTTTTI",time,time,seqgan_master,seqgan_master__final__time__A__500__MASTER__raw_character__len20__gpre120__reward_off__seed88,1351,20.0,8.0,2.5588718484453605,19.0,0.0,0.0,1.0,0.95,0.0,0.0,0.05,0.0,1.0,0.0,0.0,0.0,0.0,0.0,0.0,0.0,0.0,0.0,0.0,0.0,1.0,0.0,0.0,0.0,0.0,0.0,0.0,0.0,0.0,0.0,0.0,0.0,0.0,0.0,0.0,0.0,0.0,0.0,0.0,0.0,0.0,0.0,0.0,0.0,0.0,0.0,0.0,0.0,0.0,0.0,0.0,0.0,0.0,0.0,0.0,0.0,0.0,0.0,0.0,0.0,0.0
attack,"""gbeleeeTTTTIMbelele",time,time,seqgan_master,seqgan_master__final__time__A__500__MASTER__raw_character__len20__gpre120__reward_off__seed88,1352,20.0,8.0,2.6016094970590276,19.0,0.0,0.0,1.0,0.95,0.0,0.0,0.05,0.0,1.0,0.0,0.0,0.0,0.0,0.0,0.0,0.0,0.0,0.0,0.0,0.0,1.0,0.0,0.0,0.0,0.0,0.0,0.0,0.0,0.0,0.0,0.0,0.0,0.0,0.0,0.0,0.0,0.0,0.0,0.0,0.0,0.0,0.0,0.0,0.0,0.0,0.0,0.0,0.0,0.0,0.0,0.0,0.0,0.0,0.0,0.0,0.0,0.0,0.0,0.0,0.0,0.0
attack,"""gbeleleeleeleT#beeT",time,time,seqgan_master,seqgan_master__final__time__A__500__MASTER__raw_character__len20__gpre120__reward_off__seed88,1353,20.0,7.0,2.295461844238322,18.0,0.0,0.0,2.0,0.9,0.0,0.0,0.1,0.0,1.0,0.0,0.0,0.0,0.0,0.0,0.0,0.0,0.0,0.0,0.0,0.0,1.0,0.0,1.0,0.0,0.0,0.0,0.0,0.0,0.0,0.0,0.0,0.0,0.0,0.0,0.0,0.0,0.0,0.0,0.0,0.0,0.0,0.0,0.0,0.0,0.0,0.0,0.0,0.0,0.0,0.0,0.0,0.0,0.0,0.0,0.0,0.0,0.0,0.0,0.0,0.0,0.0
attack,"""gbeeleleleelembeeTb",time,time,seqgan_master,seqgan_master__final__time__A__500__MASTER__raw_character__len20__gpre120__reward_off__seed88,1354,20.0,7.0,2.2577174691301485,19.0,0.0,0.0,1.0,0.95,0.0,0.0,0.05,0.0,1.0,0.0,0.0,0.0,0.0,0.0,0.0,0.0,0.0,0.0,0.0,0.0,1.0,0.0,0.0,0.0,0.0,0.0,0.0,0.0,0.0,0.0,0.0,0.0,0.0,0.0,0.0,0.0,0.0,0.0,0.0,0.0,0.0,0.0,0.0,0.0,0.0,0.0,0.0,0.0,0.0,0.0,0.0,0.0,0.0,0.0,0.0,0.0,0.0,0.0,0.0,0.0,0.0
attack,"""gbeleeleeTTTTITITIb",time,time,seqgan_master,seqgan_master__final__time__A__500__MASTER__raw_character__len20__gpre120__reward_off__seed88,1355,20.0,7.0,2.5282129458410014,19.0,0.0,0.0,1.0,0.95,0.0,0.0,0.05,0.0,1.0,0.0,0.0,0.0,0.0,0.0,0.0,0.0,0.0,0.0,0.0,0.0,1.0,0.0,0.0,0.0,0.0,0.0,0.0,0.0,0.0,0.0,0.0,0.0,0.0,0.0,0.0,0.0,0.0,0.0,0.0,0.0,0.0,0.0,0.0,0.0,0.0,0.0,0.0,0.0,0.0,0.0,0.0,0.0,0.0,0.0,0.0,0.0,0.0,0.0,0.0,0.0,0.0
attack,"""gbeeleeTTTTpgTleleT",time,time,seqgan_master,seqgan_master__final__time__A__500__MASTER__raw_character__len20__gpre120__reward_off__seed88,1356,20.0,7.0,2.4332062193464954,19.0,0.0,0.0,1.0,0.95,0.0,0.0,0.05,0.0,1.0,0.0,0.0,0.0,0.0,0.0,0.0,0.0,0.0,0.0,0.0,0.0,1.0,0.0,0.0,0.0,0.0,0.0,0.0,0.0,0.0,0.0,0.0,0.0,0.0,0.0,0.0,0.0,0.0,0.0,0.0,0.0,0.0,0.0,0.0,0.0,0.0,0.0,0.0,0.0,0.0,0.0,0.0,0.0,0.0,0.0,0.0,0.0,0.0,0.0,0.0,0.0,0.0
attack,"""gbeleeleleleleeTTIT",time,time,seqgan_master,seqgan_master__final__time__A__500__MASTER__raw_character__len20__gpre120__reward_off__seed88,1357,20.0,7.0,2.3037016960573484,19.0,0.0,0.0,1.0,0.95,0.0,0.0,0.05,0.0,1.0,0.0,0.0,0.0,0.0,0.0,0.0,0.0,0.0,0.0,0.0,0.0,1.0,0.0,0.0,0.0,0.0,0.0,0.0,0.0,0.0,0.0,0.0,0.0,0.0,0.0,0.0,0.0,0.0,0.0,0.0,0.0,0.0,0.0,0.0,0.0,0.0,0.0,0.0,0.0,0.0,0.0,0.0,0.0,0.0,0.0,0.0,0.0,0.0,0.0,0.0,0.0,0.0
attack,"""b begbeleleeleleTTT",time,time,seqgan_master,seqgan_master__final__time__A__500__MASTER__raw_character__len20__gpre120__reward_off__seed88,1358,20.0,7.0,2.463865121950854,18.0,0.0,1.0,1.0,0.9,0.0,0.05,0.05,0.0,1.0,0.0,0.0,0.0,0.0,0.0,0.0,0.0,0.0,0.0,0.0,0.0,1.0,0.0,0.0,0.0,0.0,0.0,0.0,0.0,0.0,0.0,0.0,0.0,0.0,0.0,0.0,0.0,0.0,0.0,0.0,0.0,0.0,0.0,0.0,0.0,0.0,0.0,0.0,0.0,0.0,0.0,0.0,0.0,0.0,0.0,0.0,0.0,0.0,0.0,0.0,0.0,0.0
attack,"""gbeeleTTIIbeleTlele",time,time,seqgan_master,seqgan_master__final__time__A__500__MASTER__raw_character__len20__gpre120__reward_off__seed88,1359,20.0,7.0,2.5016094970590275,19.0,0.0,0.0,1.0,0.95,0.0,0.0,0.05,0.0,1.0,0.0,0.0,0.0,0.0,0.0,0.0,0.0,0.0,0.0,0.0,0.0,1.0,0.0,0.0,0.0,0.0,0.0,0.0,0.0,0.0,0.0,0.0,0.0,0.0,0.0,0.0,0.0,0.0,0.0,0.0,0.0,0.0,0.0,0.0,0.0,0.0,0.0,0.0,0.0,0.0,0.0,0.0,0.0,0.0,0.0,0.0,0.0,0.0,0.0,0.0,0.0,0.0
attack, ) pgneeleleTITIpgTT,time,time,seqgan_master,seqgan_master__final__time__A__500__MASTER__raw_character__len20__gpre120__reward_off__seed88,1360,20.0,9.0,3.0219280948873624,17.0,0.0,2.0,1.0,0.85,0.0,0.1,0.05,0.0,0.0,0.0,0.0,0.0,0.0,0.0,1.0,0.0,0.0,0.0,0.0,0.0,0.0,0.0,0.0,0.0,0.0,1.0,0.0,0.0,0.0,0.0,0.0,0.0,0.0,0.0,0.0,0.0,0.0,0.0,0.0,0.0,0.0,0.0,0.0,0.0,0.0,0.0,0.0,0.0,0.0,0.0,0.0,0.0,0.0,0.0,0.0,0.0,0.0,0.0,0.0,0.0,0.0
attack,"""gbeneleeTTTbeTTIdTb",time,time,seqgan_master,seqgan_master__final__time__A__500__MASTER__raw_character__len20__gpre120__reward_off__seed88,1361,20.0,9.0,2.7282129458410016,19.0,0.0,0.0,1.0,0.95,0.0,0.0,0.05,0.0,1.0,0.0,0.0,0.0,0.0,0.0,0.0,0.0,0.0,0.0,0.0,0.0,1.0,0.0,0.0,0.0,0.0,0.0,0.0,0.0,0.0,0.0,0.0,0.0,0.0,0.0,0.0,0.0,0.0,0.0,0.0,0.0,0.0,0.0,0.0,0.0,0.0,0.0,0.0,0.0,0.0,0.0,0.0,0.0,0.0,0.0,0.0,0.0,0.0,0.0,0.0,0.0,0.0
attack,"""gbeeleeTITIIIMbeeTb",time,time,seqgan_master,seqgan_master__final__time__A__500__MASTER__raw_character__len20__gpre120__reward_off__seed88,1362,20.0,8.0,2.6709505944546685,19.0,0.0,0.0,1.0,0.95,0.0,0.0,0.05,0.0,1.0,0.0,0.0,0.0,0.0,0.0,0.0,0.0,0.0,0.0,0.0,0.0,1.0,0.0,0.0,0.0,0.0,0.0,0.0,0.0,0.0,0.0,0.0,0.0,0.0,0.0,0.0,0.0,0.0,0.0,0.0,0.0,0.0,0.0,0.0,0.0,0.0,0.0,0.0,0.0,0.0,0.0,0.0,0.0,0.0,0.0,0.0,0.0,0.0,0.0,0.0,0.0,0.0
attack,"""gbeleleeTIMeTIlelel",time,time,seqgan_master,seqgan_master__final__time__A__500__MASTER__raw_character__len20__gpre120__reward_off__seed88,1363,20.0,8.0,2.5588718484453605,19.0,0.0,0.0,1.0,0.95,0.0,0.0,0.05,0.0,1.0,0.0,0.0,0.0,0.0,0.0,0.0,0.0,0.0,0.0,0.0,0.0,1.0,0.0,0.0,0.0,0.0,0.0,0.0,0.0,0.0,0.0,0.0,0.0,0.0,0.0,0.0,0.0,0.0,0.0,0.0,0.0,0.0,0.0,0.0,0.0,0.0,0.0,0.0,0.0,0.0,0.0,0.0,0.0,0.0,0.0,0.0,0.0,0.0,0.0,0.0,0.0,0.0
attack,"""gbeeleeTTIIbeTleTTI",time,time,seqgan_master,seqgan_master__final__time__A__500__MASTER__raw_character__len20__gpre120__reward_off__seed88,1364,20.0,7.0,2.5282129458410014,19.0,0.0,0.0,1.0,0.95,0.0,0.0,0.05,0.0,1.0,0.0,0.0,0.0,0.0,0.0,0.0,0.0,0.0,0.0,0.0,0.0,1.0,0.0,0.0,0.0,0.0,0.0,0.0,0.0,0.0,0.0,0.0,0.0,0.0,0.0,0.0,0.0,0.0,0.0,0.0,0.0,0.0,0.0,0.0,0.0,0.0,0.0,0.0,0.0,0.0,0.0,0.0,0.0,0.0,0.0,0.0,0.0,0.0,0.0,0.0,0.0,0.0
attack,"""gbeleeeTIIIpgTTbele",time,time,seqgan_master,seqgan_master__final__time__A__500__MASTER__raw_character__len20__gpre120__reward_off__seed88,1365,20.0,8.0,2.7709505944546686,19.0,0.0,0.0,1.0,0.95,0.0,0.0,0.05,0.0,1.0,0.0,0.0,0.0,0.0,0.0,0.0,0.0,0.0,0.0,0.0,0.0,1.0,0.0,0.0,0.0,0.0,0.0,0.0,0.0,0.0,0.0,0.0,0.0,0.0,0.0,0.0,0.0,0.0,0.0,0.0,0.0,0.0,0.0,0.0,0.0,0.0,0.0,0.0,0.0,0.0,0.0,0.0,0.0,0.0,0.0,0.0,0.0,0.0,0.0,0.0,0.0,0.0
attack,""";iibeeleTTTIbeleTTI",time,time,seqgan_master,seqgan_master__final__time__A__500__MASTER__raw_character__len20__gpre120__reward_off__seed88,1366,20.0,8.0,2.7609640474436814,18.0,0.0,0.0,2.0,0.9,0.0,0.0,0.1,0.0,1.0,0.0,0.0,0.0,0.0,1.0,0.0,0.0,0.0,0.0,0.0,0.0,1.0,0.0,0.0,0.0,0.0,0.0,1.0,0.0,0.0,0.0,0.0,0.0,0.0,0.0,0.0,0.0,0.0,0.0,0.0,0.0,0.0,0.0,0.0,0.0,0.0,0.0,0.0,0.0,0.0,0.0,0.0,0.0,0.0,0.0,0.0,0.0,0.0,0.0,0.0,0.0,0.0
attack,"""gbeeleeTIsMeTleleTT",time,time,seqgan_master,seqgan_master__final__time__A__500__MASTER__raw_character__len20__gpre120__reward_off__seed88,1367,20.0,9.0,2.7016094970590276,19.0,0.0,0.0,1.0,0.95,0.0,0.0,0.05,0.0,1.0,0.0,0.0,0.0,0.0,0.0,0.0,0.0,0.0,0.0,0.0,0.0,1.0,0.0,0.0,0.0,0.0,0.0,0.0,0.0,0.0,0.0,0.0,0.0,0.0,0.0,0.0,0.0,0.0,0.0,0.0,0.0,0.0,0.0,0.0,0.0,0.0,0.0,0.0,0.0,0.0,0.0,0.0,0.0,0.0,0.0,0.0,0.0,0.0,0.0,0.0,0.0,0.0
attack,"""gbelelegbeTbeleeTIT",time,time,seqgan_master,seqgan_master__final__time__A__500__MASTER__raw_character__len20__gpre120__reward_off__seed88,1368,20.0,7.0,2.5261207468426807,19.0,0.0,0.0,1.0,0.95,0.0,0.0,0.05,0.0,1.0,0.0,0.0,0.0,0.0,0.0,0.0,0.0,0.0,0.0,0.0,0.0,1.0,0.0,0.0,0.0,0.0,0.0,0.0,0.0,0.0,0.0,0.0,0.0,0.0,0.0,0.0,0.0,0.0,0.0,0.0,0.0,0.0,0.0,0.0,0.0,0.0,0.0,0.0,0.0,0.0,0.0,0.0,0.0,0.0,0.0,0.0,0.0,0.0,0.0,0.0,0.0,0.0
attack,"""gbeleeleleleeleeTTI",time,time,seqgan_master,seqgan_master__final__time__A__500__MASTER__raw_character__len20__gpre120__reward_off__seed88,1369,20.0,7.0,2.2149798205164815,19.0,0.0,0.0,1.0,0.95,0.0,0.0,0.05,0.0,1.0,0.0,0.0,0.0,0.0,0.0,0.0,0.0,0.0,0.0,0.0,0.0,1.0,0.0,0.0,0.0,0.0,0.0,0.0,0.0,0.0,0.0,0.0,0.0,0.0,0.0,0.0,0.0,0.0,0.0,0.0,0.0,0.0,0.0,0.0,0.0,0.0,0.0,0.0,0.0,0.0,0.0,0.0,0.0,0.0,0.0,0.0,0.0,0.0,0.0,0.0,0.0,0.0
attack,"""gbeleeleeTIIpgTtrbe",time,time,seqgan_master,seqgan_master__final__time__A__500__MASTER__raw_character__len20__gpre120__reward_off__seed88,1370,20.0,10.0,3.0464393446710156,19.0,0.0,0.0,1.0,0.95,0.0,0.0,0.05,0.0,1.0,0.0,0.0,0.0,0.0,0.0,0.0,0.0,0.0,0.0,0.0,0.0,1.0,0.0,0.0,0.0,0.0,0.0,0.0,0.0,0.0,0.0,0.0,0.0,0.0,0.0,0.0,0.0,0.0,0.0,0.0,0.0,0.0,0.0,0.0,0.0,0.0,0.0,0.0,0.0,0.0,0.0,0.0,0.0,0.0,0.0,0.0,0.0,0.0,0.0,0.0,0.0,0.0
attack,"""gbeleleeTbeTeTTIITT",time,time,seqgan_master,seqgan_master__final__time__A__500__MASTER__raw_character__len20__gpre120__reward_off__seed88,1371,20.0,7.0,2.470950594454669,19.0,0.0,0.0,1.0,0.95,0.0,0.0,0.05,0.0,1.0,0.0,0.0,0.0,0.0,0.0,0.0,0.0,0.0,0.0,0.0,0.0,1.0,0.0,0.0,0.0,0.0,0.0,0.0,0.0,0.0,0.0,0.0,0.0,0.0,0.0,0.0,0.0,0.0,0.0,0.0,0.0,0.0,0.0,0.0,0.0,0.0,0.0,0.0,0.0,0.0,0.0,0.0,0.0,0.0,0.0,0.0,0.0,0.0,0.0,0.0,0.0,0.0
attack,"""gbeleeleleleleleTbe",time,time,seqgan_master,seqgan_master__final__time__A__500__MASTER__raw_character__len20__gpre120__reward_off__seed88,1372,20.0,6.0,2.0199730940219753,19.0,0.0,0.0,1.0,0.95,0.0,0.0,0.05,0.0,1.0,0.0,0.0,0.0,0.0,0.0,0.0,0.0,0.0,0.0,0.0,0.0,1.0,0.0,0.0,0.0,0.0,0.0,0.0,0.0,0.0,0.0,0.0,0.0,0.0,0.0,0.0,0.0,0.0,0.0,0.0,0.0,0.0,0.0,0.0,0.0,0.0,0.0,0.0,0.0,0.0,0.0,0.0,0.0,0.0,0.0,0.0,0.0,0.0,0.0,0.0,0.0,0.0
attack,"""gbeeleleleleTTIIIMb",time,time,seqgan_master,seqgan_master__final__time__A__500__MASTER__raw_character__len20__gpre120__reward_off__seed88,1373,20.0,8.0,2.708694969562842,19.0,0.0,0.0,1.0,0.95,0.0,0.0,0.05,0.0,1.0,0.0,0.0,0.0,0.0,0.0,0.0,0.0,0.0,0.0,0.0,0.0,1.0,0.0,0.0,0.0,0.0,0.0,0.0,0.0,0.0,0.0,0.0,0.0,0.0,0.0,0.0,0.0,0.0,0.0,0.0,0.0,0.0,0.0,0.0,0.0,0.0,0.0,0.0,0.0,0.0,0.0,0.0,0.0,0.0,0.0,0.0,0.0,0.0,0.0,0.0,0.0,0.0
attack,"""gbeeleleleleeTTIdel",time,time,seqgan_master,seqgan_master__final__time__A__500__MASTER__raw_character__len20__gpre120__reward_off__seed88,1374,20.0,8.0,2.441446071165522,19.0,0.0,0.0,1.0,0.95,0.0,0.0,0.05,0.0,1.0,0.0,0.0,0.0,0.0,0.0,0.0,0.0,0.0,0.0,0.0,0.0,1.0,0.0,0.0,0.0,0.0,0.0,0.0,0.0,0.0,0.0,0.0,0.0,0.0,0.0,0.0,0.0,0.0,0.0,0.0,0.0,0.0,0.0,0.0,0.0,0.0,0.0,0.0,0.0,0.0,0.0,0.0,0.0,0.0,0.0,0.0,0.0,0.0,0.0,0.0,0.0,0.0
attack,"""gbeleeTIpgTIIcleTIM",time,time,seqgan_master,seqgan_master__final__time__A__500__MASTER__raw_character__len20__gpre120__reward_off__seed88,1375,20.0,10.0,3.084183719779189,19.0,0.0,0.0,1.0,0.95,0.0,0.0,0.05,0.0,1.0,0.0,0.0,0.0,0.0,0.0,0.0,0.0,0.0,0.0,0.0,0.0,1.0,0.0,0.0,0.0,0.0,0.0,0.0,0.0,0.0,0.0,0.0,0.0,0.0,0.0,0.0,0.0,0.0,0.0,0.0,0.0,0.0,0.0,0.0,0.0,0.0,0.0,0.0,0.0,0.0,0.0,0.0,0.0,0.0,0.0,0.0,0.0,0.0,0.0,0.0,0.0,0.0
attack,"""gbeelelelele0bee0tg",time,time,seqgan_master,seqgan_master__final__time__A__500__MASTER__raw_character__len20__gpre120__reward_off__seed88,1376,20.0,7.0,2.4219280948873623,17.0,2.0,0.0,1.0,0.85,0.1,0.0,0.05,0.0,1.0,0.0,0.0,0.0,0.0,0.0,0.0,0.0,0.0,0.0,0.0,0.0,1.0,0.0,0.0,0.0,0.0,0.0,0.0,0.0,0.0,0.0,0.0,0.0,0.0,0.0,0.0,0.0,0.0,0.0,0.0,0.0,0.0,0.0,0.0,0.0,0.0,0.0,0.0,0.0,0.0,0.0,0.0,0.0,0.0,0.0,0.0,0.0,0.0,0.0,0.0,0.0,0.0
attack,"""gbeleeleleleleleTIb",time,time,seqgan_master,seqgan_master__final__time__A__500__MASTER__raw_character__len20__gpre120__reward_off__seed88,1377,20.0,7.0,2.2464393446710154,19.0,0.0,0.0,1.0,0.95,0.0,0.0,0.05,0.0,1.0,0.0,0.0,0.0,0.0,0.0,0.0,0.0,0.0,0.0,0.0,0.0,1.0,0.0,0.0,0.0,0.0,0.0,0.0,0.0,0.0,0.0,0.0,0.0,0.0,0.0,0.0,0.0,0.0,0.0,0.0,0.0,0.0,0.0,0.0,0.0,0.0,0.0,0.0,0.0,0.0,0.0,0.0,0.0,0.0,0.0,0.0,0.0,0.0,0.0,0.0,0.0,0.0
attack,"""eleeTTIITIpgTbeleTT",time,time,seqgan_master,seqgan_master__final__time__A__500__MASTER__raw_character__len20__gpre120__reward_off__seed88,1378,20.0,8.0,2.6282129458410015,19.0,0.0,0.0,1.0,0.95,0.0,0.0,0.05,0.0,1.0,0.0,0.0,0.0,0.0,0.0,0.0,0.0,0.0,0.0,0.0,0.0,1.0,0.0,0.0,0.0,0.0,0.0,0.0,0.0,0.0,0.0,0.0,0.0,0.0,0.0,0.0,0.0,0.0,0.0,0.0,0.0,0.0,0.0,0.0,0.0,0.0,0.0,0.0,0.0,0.0,0.0,0.0,0.0,0.0,0.0,0.0,0.0,0.0,0.0,0.0,0.0,0.0
attack,"""gbeleelelelebeleTII",time,time,seqgan_master,seqgan_master__final__time__A__500__MASTER__raw_character__len20__gpre120__reward_off__seed88,1379,20.0,7.0,2.341446071165522,19.0,0.0,0.0,1.0,0.95,0.0,0.0,0.05,0.0,1.0,0.0,0.0,0.0,0.0,0.0,0.0,0.0,0.0,0.0,0.0,0.0,1.0,0.0,0.0,0.0,0.0,0.0,0.0,0.0,0.0,0.0,0.0,0.0,0.0,0.0,0.0,0.0,0.0,0.0,0.0,0.0,0.0,0.0,0.0,0.0,0.0,0.0,0.0,0.0,0.0,0.0,0.0,0.0,0.0,0.0,0.0,0.0,0.0,0.0,0.0,0.0,0.0
attack,$rpgbeleeeTTTIpgbele,time,time,seqgan_master,seqgan_master__final__time__A__500__MASTER__raw_character__len20__gpre120__reward_off__seed88,1380,20.0,9.0,2.908694969562842,19.0,0.0,0.0,1.0,0.95,0.0,0.0,0.05,0.0,0.0,0.0,0.0,0.0,0.0,0.0,0.0,0.0,0.0,0.0,0.0,0.0,0.0,0.0,0.0,0.0,0.0,0.0,0.0,0.0,0.0,0.0,0.0,0.0,0.0,0.0,0.0,0.0,0.0,0.0,0.0,0.0,0.0,0.0,0.0,0.0,0.0,0.0,0.0,0.0,0.0,0.0,0.0,0.0,0.0,0.0,0.0,0.0,0.0,0.0,0.0,0.0,0.0
attack,"""gbgbegbeleleeleeleb",time,time,seqgan_master,seqgan_master__final__time__A__500__MASTER__raw_character__len20__gpre120__reward_off__seed88,1381,20.0,5.0,2.0841837197791886,19.0,0.0,0.0,1.0,0.95,0.0,0.0,0.05,0.0,1.0,0.0,0.0,0.0,0.0,0.0,0.0,0.0,0.0,0.0,0.0,0.0,1.0,0.0,0.0,0.0,0.0,0.0,0.0,0.0,0.0,0.0,0.0,0.0,0.0,0.0,0.0,0.0,0.0,0.0,0.0,0.0,0.0,0.0,0.0,0.0,0.0,0.0,0.0,0.0,0.0,0.0,0.0,0.0,0.0,0.0,0.0,0.0,0.0,0.0,0.0,0.0,0.0
attack, )gbelerbeleTImbele0,time,time,seqgan_master,seqgan_master__final__time__A__500__MASTER__raw_character__len20__gpre120__reward_off__seed88,1382,20.0,11.0,3.070950594454669,17.0,1.0,1.0,1.0,0.85,0.05,0.05,0.05,0.0,0.0,0.0,0.0,0.0,0.0,0.0,1.0,0.0,0.0,0.0,0.0,0.0,0.0,0.0,0.0,0.0,0.0,1.0,0.0,0.0,0.0,0.0,0.0,0.0,0.0,0.0,0.0,0.0,0.0,0.0,0.0,0.0,0.0,0.0,0.0,0.0,0.0,0.0,0.0,0.0,0.0,0.0,0.0,0.0,0.0,0.0,0.0,0.0,0.0,0.0,0.0,0.0,0.0
attack,"""gbeleelelelelele0TT",time,time,seqgan_master,seqgan_master__final__time__A__500__MASTER__raw_character__len20__gpre120__reward_off__seed88,1383,20.0,7.0,2.2464393446710154,18.0,1.0,0.0,1.0,0.9,0.05,0.0,0.05,0.0,1.0,0.0,0.0,0.0,0.0,0.0,0.0,0.0,0.0,0.0,0.0,0.0,1.0,0.0,0.0,0.0,0.0,0.0,0.0,0.0,0.0,0.0,0.0,0.0,0.0,0.0,0.0,0.0,0.0,0.0,0.0,0.0,0.0,0.0,0.0,0.0,0.0,0.0,0.0,0.0,0.0,0.0,0.0,0.0,0.0,0.0,0.0,0.0,0.0,0.0,0.0,0.0,0.0
attack,"""gbeeleTTTIIpgTleleT",time,time,seqgan_master,seqgan_master__final__time__A__500__MASTER__raw_character__len20__gpre120__reward_off__seed88,1384,20.0,8.0,2.723219672335508,19.0,0.0,0.0,1.0,0.95,0.0,0.0,0.05,0.0,1.0,0.0,0.0,0.0,0.0,0.0,0.0,0.0,0.0,0.0,0.0,0.0,1.0,0.0,0.0,0.0,0.0,0.0,0.0,0.0,0.0,0.0,0.0,0.0,0.0,0.0,0.0,0.0,0.0,0.0,0.0,0.0,0.0,0.0,0.0,0.0,0.0,0.0,0.0,0.0,0.0,0.0,0.0,0.0,0.0,0.0,0.0,0.0,0.0,0.0,0.0,0.0,0.0
attack,"""gbeleeTbeleleleleTI",time,time,seqgan_master,seqgan_master__final__time__A__500__MASTER__raw_character__len20__gpre120__reward_off__seed88,1385,20.0,7.0,2.341446071165522,19.0,0.0,0.0,1.0,0.95,0.0,0.0,0.05,0.0,1.0,0.0,0.0,0.0,0.0,0.0,0.0,0.0,0.0,0.0,0.0,0.0,1.0,0.0,0.0,0.0,0.0,0.0,0.0,0.0,0.0,0.0,0.0,0.0,0.0,0.0,0.0,0.0,0.0,0.0,0.0,0.0,0.0,0.0,0.0,0.0,0.0,0.0,0.0,0.0,0.0,0.0,0.0,0.0,0.0,0.0,0.0,0.0,0.0,0.0,0.0,0.0,0.0
attack,"""gbribeleelebeleleeT",time,time,seqgan_master,seqgan_master__final__time__A__500__MASTER__raw_character__len20__gpre120__reward_off__seed88,1386,20.0,8.0,2.484183719779189,19.0,0.0,0.0,1.0,0.95,0.0,0.0,0.05,0.0,1.0,0.0,0.0,0.0,0.0,0.0,0.0,0.0,0.0,0.0,0.0,0.0,1.0,0.0,0.0,0.0,0.0,0.0,0.0,0.0,0.0,0.0,0.0,0.0,0.0,0.0,0.0,0.0,0.0,0.0,0.0,0.0,0.0,0.0,0.0,0.0,0.0,0.0,0.0,0.0,0.0,0.0,0.0,0.0,0.0,0.0,0.0,0.0,0.0,0.0,0.0,0.0,0.0
attack,"""gbeleeleTTTIMeeTITT",time,time,seqgan_master,seqgan_master__final__time__A__500__MASTER__raw_character__len20__gpre120__reward_off__seed88,1387,20.0,8.0,2.570950594454669,19.0,0.0,0.0,1.0,0.95,0.0,0.0,0.05,0.0,1.0,0.0,0.0,0.0,0.0,0.0,0.0,0.0,0.0,0.0,0.0,0.0,1.0,0.0,0.0,0.0,0.0,0.0,0.0,0.0,0.0,0.0,0.0,0.0,0.0,0.0,0.0,0.0,0.0,0.0,0.0,0.0,0.0,0.0,0.0,0.0,0.0,0.0,0.0,0.0,0.0,0.0,0.0,0.0,0.0,0.0,0.0,0.0,0.0,0.0,0.0,0.0,0.0
attack,"""gbeleeleTTTIpgTbele",time,time,seqgan_master,seqgan_master__final__time__A__500__MASTER__raw_character__len20__gpre120__reward_off__seed88,1388,20.0,8.0,2.708694969562842,19.0,0.0,0.0,1.0,0.95,0.0,0.0,0.05,0.0,1.0,0.0,0.0,0.0,0.0,0.0,0.0,0.0,0.0,0.0,0.0,0.0,1.0,0.0,0.0,0.0,0.0,0.0,0.0,0.0,0.0,0.0,0.0,0.0,0.0,0.0,0.0,0.0,0.0,0.0,0.0,0.0,0.0,0.0,0.0,0.0,0.0,0.0,0.0,0.0,0.0,0.0,0.0,0.0,0.0,0.0,0.0,0.0,0.0,0.0,0.0,0.0,0.0
attack,"""gbeeleleleTeTMbeeTI",time,time,seqgan_master,seqgan_master__final__time__A__500__MASTER__raw_character__len20__gpre120__reward_off__seed88,1389,20.0,8.0,2.5464393446710156,19.0,0.0,0.0,1.0,0.95,0.0,0.0,0.05,0.0,1.0,0.0,0.0,0.0,0.0,0.0,0.0,0.0,0.0,0.0,0.0,0.0,1.0,0.0,0.0,0.0,0.0,0.0,0.0,0.0,0.0,0.0,0.0,0.0,0.0,0.0,0.0,0.0,0.0,0.0,0.0,0.0,0.0,0.0,0.0,0.0,0.0,0.0,0.0,0.0,0.0,0.0,0.0,0.0,0.0,0.0,0.0,0.0,0.0,0.0,0.0,0.0,0.0
attack,"""gbeleeTIMbeTbeeTTII",time,time,seqgan_master,seqgan_master__final__time__A__500__MASTER__raw_character__len20__gpre120__reward_off__seed88,1390,20.0,8.0,2.6709505944546685,19.0,0.0,0.0,1.0,0.95,0.0,0.0,0.05,0.0,1.0,0.0,0.0,0.0,0.0,0.0,0.0,0.0,0.0,0.0,0.0,0.0,1.0,0.0,0.0,0.0,0.0,0.0,0.0,0.0,0.0,0.0,0.0,0.0,0.0,0.0,0.0,0.0,0.0,0.0,0.0,0.0,0.0,0.0,0.0,0.0,0.0,0.0,0.0,0.0,0.0,0.0,0.0,0.0,0.0,0.0,0.0,0.0,0.0,0.0,0.0,0.0,0.0
attack,""" beleleeTTTTTIbe0TT",time,time,seqgan_master,seqgan_master__final__time__A__500__MASTER__raw_character__len20__gpre120__reward_off__seed88,1391,20.0,8.0,2.5588718484453605,17.0,1.0,1.0,1.0,0.85,0.05,0.05,0.05,0.0,1.0,0.0,0.0,0.0,0.0,0.0,0.0,0.0,0.0,0.0,0.0,0.0,1.0,0.0,0.0,0.0,0.0,0.0,0.0,0.0,0.0,0.0,0.0,0.0,0.0,0.0,0.0,0.0,0.0,0.0,0.0,0.0,0.0,0.0,0.0,0.0,0.0,0.0,0.0,0.0,0.0,0.0,0.0,0.0,0.0,0.0,0.0,0.0,0.0,0.0,0.0,0.0,0.0
attack,"""gbeleeleleTITTIMbel",time,time,seqgan_master,seqgan_master__final__time__A__500__MASTER__raw_character__len20__gpre120__reward_off__seed88,1392,20.0,8.0,2.708694969562842,19.0,0.0,0.0,1.0,0.95,0.0,0.0,0.05,0.0,1.0,0.0,0.0,0.0,0.0,0.0,0.0,0.0,0.0,0.0,0.0,0.0,1.0,0.0,0.0,0.0,0.0,0.0,0.0,0.0,0.0,0.0,0.0,0.0,0.0,0.0,0.0,0.0,0.0,0.0,0.0,0.0,0.0,0.0,0.0,0.0,0.0,0.0,0.0,0.0,0.0,0.0,0.0,0.0,0.0,0.0,0.0,0.0,0.0,0.0,0.0,0.0,0.0
attack,"""gbelelelelee0yTTTTI",time,time,seqgan_master,seqgan_master__final__time__A__500__MASTER__raw_character__len20__gpre120__reward_off__seed88,1393,20.0,9.0,2.746439344671016,18.0,1.0,0.0,1.0,0.9,0.05,0.0,0.05,0.0,1.0,0.0,0.0,0.0,0.0,0.0,0.0,0.0,0.0,0.0,0.0,0.0,1.0,0.0,0.0,0.0,0.0,0.0,0.0,0.0,0.0,0.0,0.0,0.0,0.0,0.0,0.0,0.0,0.0,0.0,0.0,0.0,0.0,0.0,0.0,0.0,0.0,0.0,0.0,0.0,0.0,0.0,0.0,0.0,0.0,0.0,0.0,0.0,0.0,0.0,0.0,0.0,0.0
attack,"""gbeleeelIMelembeeTT",time,time,seqgan_master,seqgan_master__final__time__A__500__MASTER__raw_character__len20__gpre120__reward_off__seed88,1394,20.0,9.0,2.684183719779189,19.0,0.0,0.0,1.0,0.95,0.0,0.0,0.05,0.0,1.0,0.0,0.0,0.0,0.0,0.0,0.0,0.0,0.0,0.0,0.0,0.0,1.0,0.0,0.0,0.0,0.0,0.0,0.0,0.0,0.0,0.0,0.0,0.0,0.0,0.0,0.0,0.0,0.0,0.0,0.0,0.0,0.0,0.0,0.0,0.0,0.0,0.0,0.0,0.0,0.0,0.0,0.0,0.0,0.0,0.0,0.0,0.0,0.0,0.0,0.0,0.0,0.0
attack,"""gbgleeleleeleleleTb",time,time,seqgan_master,seqgan_master__final__time__A__500__MASTER__raw_character__len20__gpre120__reward_off__seed88,1395,20.0,6.0,2.1464393446710153,19.0,0.0,0.0,1.0,0.95,0.0,0.0,0.05,0.0,1.0,0.0,0.0,0.0,0.0,0.0,0.0,0.0,0.0,0.0,0.0,0.0,1.0,0.0,0.0,0.0,0.0,0.0,0.0,0.0,0.0,0.0,0.0,0.0,0.0,0.0,0.0,0.0,0.0,0.0,0.0,0.0,0.0,0.0,0.0,0.0,0.0,0.0,0.0,0.0,0.0,0.0,0.0,0.0,0.0,0.0,0.0,0.0,0.0,0.0,0.0,0.0,0.0
attack,",weleeeTbeTleTbeTITn",time,time,seqgan_master,seqgan_master__final__time__A__500__MASTER__raw_character__len20__gpre120__reward_off__seed88,1396,20.0,8.0,2.5588718484453605,19.0,0.0,0.0,1.0,0.95,0.0,0.0,0.05,0.0,0.0,0.0,0.0,0.0,0.0,0.0,0.0,0.0,0.0,1.0,0.0,0.0,0.0,0.0,0.0,0.0,0.0,0.0,0.0,0.0,0.0,0.0,0.0,0.0,0.0,0.0,0.0,0.0,0.0,0.0,0.0,0.0,0.0,0.0,0.0,0.0,0.0,0.0,0.0,0.0,0.0,0.0,0.0,0.0,0.0,0.0,0.0,0.0,0.0,0.0,0.0,0.0,0.0
attack,"""gbeleeeTIrkrieleTII",time,time,seqgan_master,seqgan_master__final__time__A__500__MASTER__raw_character__len20__gpre120__reward_off__seed88,1397,20.0,10.0,3.008694969562842,19.0,0.0,0.0,1.0,0.95,0.0,0.0,0.05,0.0,1.0,0.0,0.0,0.0,0.0,0.0,0.0,0.0,0.0,0.0,0.0,0.0,1.0,0.0,0.0,0.0,0.0,0.0,0.0,0.0,0.0,0.0,0.0,0.0,0.0,0.0,0.0,0.0,0.0,0.0,0.0,0.0,0.0,0.0,0.0,0.0,0.0,0.0,0.0,0.0,0.0,0.0,0.0,0.0,0.0,0.0,0.0,0.0,0.0,0.0,0.0,0.0,0.0
attack,waiibeleeTTTTIIpg be,time,time,seqgan_master,seqgan_master__final__time__A__500__MASTER__raw_character__len20__gpre120__reward_off__seed88,1398,20.0,11.0,3.2219280948873625,19.0,0.0,1.0,0.0,0.95,0.0,0.05,0.0,0.0,0.0,0.0,0.0,0.0,0.0,0.0,0.0,0.0,0.0,0.0,0.0,0.0,0.0,0.0,0.0,0.0,0.0,0.0,0.0,0.0,0.0,0.0,0.0,0.0,0.0,0.0,0.0,0.0,0.0,0.0,0.0,0.0,0.0,0.0,0.0,0.0,0.0,0.0,0.0,0.0,0.0,0.0,0.0,0.0,0.0,0.0,0.0,0.0,0.0,0.0,0.0,0.0,0.0
attack,"""gbeleeTTIIIIdeleleT",time,time,seqgan_master,seqgan_master__final__time__A__500__MASTER__raw_character__len20__gpre120__reward_off__seed88,1399,20.0,8.0,2.6709505944546685,19.0,0.0,0.0,1.0,0.95,0.0,0.0,0.05,0.0,1.0,0.0,0.0,0.0,0.0,0.0,0.0,0.0,0.0,0.0,0.0,0.0,1.0,0.0,0.0,0.0,0.0,0.0,0.0,0.0,0.0,0.0,0.0,0.0,0.0,0.0,0.0,0.0,0.0,0.0,0.0,0.0,0.0,0.0,0.0,0.0,0.0,0.0,0.0,0.0,0.0,0.0,0.0,0.0,0.0,0.0,0.0,0.0,0.0,0.0,0.0,0.0,0.0
attack,"""gbeneeleleTI(TTTpgT",time,time,seqgan_master,seqgan_master__final__time__A__500__MASTER__raw_character__len20__gpre120__reward_off__seed88,1400,20.0,10.0,2.9609640474436816,18.0,0.0,0.0,2.0,0.9,0.0,0.0,0.1,0.0,1.0,0.0,0.0,0.0,0.0,0.0,1.0,0.0,0.0,0.0,0.0,0.0,1.0,0.0,0.0,0.0,0.0,1.0,0.0,0.0,0.0,0.0,0.0,0.0,0.0,0.0,0.0,0.0,0.0,0.0,0.0,0.0,0.0,0.0,0.0,0.0,0.0,0.0,0.0,0.0,0.0,0.0,0.0,0.0,0.0,0.0,0.0,0.0,0.0,0.0,0.0,0.0,0.0
attack,"""gbeleeleleeTTTIMpgT",time,time,seqgan_master,seqgan_master__final__time__A__500__MASTER__raw_character__len20__gpre120__reward_off__seed88,1401,20.0,9.0,2.808694969562842,19.0,0.0,0.0,1.0,0.95,0.0,0.0,0.05,0.0,1.0,0.0,0.0,0.0,0.0,0.0,0.0,0.0,0.0,0.0,0.0,0.0,1.0,0.0,0.0,0.0,0.0,0.0,0.0,0.0,0.0,0.0,0.0,0.0,0.0,0.0,0.0,0.0,0.0,0.0,0.0,0.0,0.0,0.0,0.0,0.0,0.0,0.0,0.0,0.0,0.0,0.0,0.0,0.0,0.0,0.0,0.0,0.0,0.0,0.0,0.0,0.0,0.0
attack,"""gbeleeleTTTTIIpgTTT",time,time,seqgan_master,seqgan_master__final__time__A__500__MASTER__raw_character__len20__gpre120__reward_off__seed88,1402,20.0,8.0,2.639353872167201,19.0,0.0,0.0,1.0,0.95,0.0,0.0,0.05,0.0,1.0,0.0,0.0,0.0,0.0,0.0,0.0,0.0,0.0,0.0,0.0,0.0,1.0,0.0,0.0,0.0,0.0,0.0,0.0,0.0,0.0,0.0,0.0,0.0,0.0,0.0,0.0,0.0,0.0,0.0,0.0,0.0,0.0,0.0,0.0,0.0,0.0,0.0,0.0,0.0,0.0,0.0,0.0,0.0,0.0,0.0,0.0,0.0,0.0,0.0,0.0,0.0,0.0
attack,"""gbrbelelebeeTTTIIII",time,time,seqgan_master,seqgan_master__final__time__A__500__MASTER__raw_character__len20__gpre120__reward_off__seed88,1403,20.0,8.0,2.765957320949175,19.0,0.0,0.0,1.0,0.95,0.0,0.0,0.05,0.0,1.0,0.0,0.0,0.0,0.0,0.0,0.0,0.0,0.0,0.0,0.0,0.0,1.0,0.0,0.0,0.0,0.0,0.0,0.0,0.0,0.0,0.0,0.0,0.0,0.0,0.0,0.0,0.0,0.0,0.0,0.0,0.0,0.0,0.0,0.0,0.0,0.0,0.0,0.0,0.0,0.0,0.0,0.0,0.0,0.0,0.0,0.0,0.0,0.0,0.0,0.0,0.0,0.0
attack,"""gbeeleleTbeleleetTT",time,time,seqgan_master,seqgan_master__final__time__A__500__MASTER__raw_character__len20__gpre120__reward_off__seed88,1404,20.0,7.0,2.384183719779189,19.0,0.0,0.0,1.0,0.95,0.0,0.0,0.05,0.0,1.0,0.0,0.0,0.0,0.0,0.0,0.0,0.0,0.0,0.0,0.0,0.0,1.0,0.0,0.0,0.0,0.0,0.0,0.0,0.0,0.0,0.0,0.0,0.0,0.0,0.0,0.0,0.0,0.0,0.0,0.0,0.0,0.0,0.0,0.0,0.0,0.0,0.0,0.0,0.0,0.0,0.0,0.0,0.0,0.0,0.0,0.0,0.0,0.0,0.0,0.0,0.0,0.0
attack,"""gbeleeleleleTTbeleT",time,time,seqgan_master,seqgan_master__final__time__A__500__MASTER__raw_character__len20__gpre120__reward_off__seed88,1405,20.0,6.0,2.2037016960573483,19.0,0.0,0.0,1.0,0.95,0.0,0.0,0.05,0.0,1.0,0.0,0.0,0.0,0.0,0.0,0.0,0.0,0.0,0.0,0.0,0.0,1.0,0.0,0.0,0.0,0.0,0.0,0.0,0.0,0.0,0.0,0.0,0.0,0.0,0.0,0.0,0.0,0.0,0.0,0.0,0.0,0.0,0.0,0.0,0.0,0.0,0.0,0.0,0.0,0.0,0.0,0.0,0.0,0.0,0.0,0.0,0.0,0.0,0.0,0.0,0.0,0.0
attack,"""gbeleeTMbeTITIIbele",time,time,seqgan_master,seqgan_master__final__time__A__500__MASTER__raw_character__len20__gpre120__reward_off__seed88,1406,20.0,8.0,2.733206219346495,19.0,0.0,0.0,1.0,0.95,0.0,0.0,0.05,0.0,1.0,0.0,0.0,0.0,0.0,0.0,0.0,0.0,0.0,0.0,0.0,0.0,1.0,0.0,0.0,0.0,0.0,0.0,0.0,0.0,0.0,0.0,0.0,0.0,0.0,0.0,0.0,0.0,0.0,0.0,0.0,0.0,0.0,0.0,0.0,0.0,0.0,0.0,0.0,0.0,0.0,0.0,0.0,0.0,0.0,0.0,0.0,0.0,0.0,0.0,0.0,0.0,0.0
attack,"""gbrbeleTbeeleteTTIM",time,time,seqgan_master,seqgan_master__final__time__A__500__MASTER__raw_character__len20__gpre120__reward_off__seed88,1407,20.0,10.0,2.970950594454669,19.0,0.0,0.0,1.0,0.95,0.0,0.0,0.05,0.0,1.0,0.0,0.0,0.0,0.0,0.0,0.0,0.0,0.0,0.0,0.0,0.0,1.0,0.0,0.0,0.0,0.0,0.0,0.0,0.0,0.0,0.0,0.0,0.0,0.0,0.0,0.0,0.0,0.0,0.0,0.0,0.0,0.0,0.0,0.0,0.0,0.0,0.0,0.0,0.0,0.0,0.0,0.0,0.0,0.0,0.0,0.0,0.0,0.0,0.0,0.0,0.0,0.0
attack,"""bgbeeleeTIeleT0eTIp",time,time,seqgan_master,seqgan_master__final__time__A__500__MASTER__raw_character__len20__gpre120__reward_off__seed88,1408,20.0,9.0,2.8016094970590277,18.0,1.0,0.0,1.0,0.9,0.05,0.0,0.05,0.0,1.0,0.0,0.0,0.0,0.0,0.0,0.0,0.0,0.0,0.0,0.0,0.0,1.0,0.0,0.0,0.0,0.0,0.0,0.0,0.0,0.0,0.0,0.0,0.0,0.0,0.0,0.0,0.0,0.0,0.0,0.0,0.0,0.0,0.0,0.0,0.0,0.0,0.0,0.0,0.0,0.0,0.0,0.0,0.0,0.0,0.0,0.0,0.0,0.0,0.0,0.0,0.0,0.0
attack,"""gbeleeleeTTTTTTIuMb",time,time,seqgan_master,seqgan_master__final__time__A__500__MASTER__raw_character__len20__gpre120__reward_off__seed88,1409,20.0,9.0,2.765957320949175,19.0,0.0,0.0,1.0,0.95,0.0,0.0,0.05,0.0,1.0,0.0,0.0,0.0,0.0,0.0,0.0,0.0,0.0,0.0,0.0,0.0,1.0,0.0,0.0,0.0,0.0,0.0,0.0,0.0,0.0,0.0,0.0,0.0,0.0,0.0,0.0,0.0,0.0,0.0,0.0,0.0,0.0,0.0,0.0,0.0,0.0,0.0,0.0,0.0,0.0,0.0,0.0,0.0,0.0,0.0,0.0,0.0,0.0,0.0,0.0,0.0,0.0
attack,"""gbergbeleegbelebeel",time,time,seqgan_master,seqgan_master__final__time__A__500__MASTER__raw_character__len20__gpre120__reward_off__seed88,1410,20.0,6.0,2.2464393446710154,19.0,0.0,0.0,1.0,0.95,0.0,0.0,0.05,0.0,1.0,0.0,0.0,0.0,0.0,0.0,0.0,0.0,0.0,0.0,0.0,0.0,1.0,0.0,0.0,0.0,0.0,0.0,0.0,0.0,0.0,0.0,0.0,0.0,0.0,0.0,0.0,0.0,0.0,0.0,0.0,0.0,0.0,0.0,0.0,0.0,0.0,0.0,0.0,0.0,0.0,0.0,0.0,0.0,0.0,0.0,0.0,0.0,0.0,0.0,0.0,0.0,0.0
attack,"""gbeleelelebTeTTbeTb",time,time,seqgan_master,seqgan_master__final__time__A__500__MASTER__raw_character__len20__gpre120__reward_off__seed88,1411,20.0,6.0,2.3016094970590273,19.0,0.0,0.0,1.0,0.95,0.0,0.0,0.05,0.0,1.0,0.0,0.0,0.0,0.0,0.0,0.0,0.0,0.0,0.0,0.0,0.0,1.0,0.0,0.0,0.0,0.0,0.0,0.0,0.0,0.0,0.0,0.0,0.0,0.0,0.0,0.0,0.0,0.0,0.0,0.0,0.0,0.0,0.0,0.0,0.0,0.0,0.0,0.0,0.0,0.0,0.0,0.0,0.0,0.0,0.0,0.0,0.0,0.0,0.0,0.0,0.0,0.0
attack,"""gbeleeleleleeleTTTT",time,time,seqgan_master,seqgan_master__final__time__A__500__MASTER__raw_character__len20__gpre120__reward_off__seed88,1412,20.0,6.0,2.1414460711655217,19.0,0.0,0.0,1.0,0.95,0.0,0.0,0.05,0.0,1.0,0.0,0.0,0.0,0.0,0.0,0.0,0.0,0.0,0.0,0.0,0.0,1.0,0.0,0.0,0.0,0.0,0.0,0.0,0.0,0.0,0.0,0.0,0.0,0.0,0.0,0.0,0.0,0.0,0.0,0.0,0.0,0.0,0.0,0.0,0.0,0.0,0.0,0.0,0.0,0.0,0.0,0.0,0.0,0.0,0.0,0.0,0.0,0.0,0.0,0.0,0.0,0.0
attack,"""gbeleleeTIpgTlele0T",time,time,seqgan_master,seqgan_master__final__time__A__500__MASTER__raw_character__len20__gpre120__reward_off__seed88,1413,20.0,9.0,2.808694969562842,18.0,1.0,0.0,1.0,0.9,0.05,0.0,0.05,0.0,1.0,0.0,0.0,0.0,0.0,0.0,0.0,0.0,0.0,0.0,0.0,0.0,1.0,0.0,0.0,0.0,0.0,0.0,0.0,0.0,0.0,0.0,0.0,0.0,0.0,0.0,0.0,0.0,0.0,0.0,0.0,0.0,0.0,0.0,0.0,0.0,0.0,0.0,0.0,0.0,0.0,0.0,0.0,0.0,0.0,0.0,0.0,0.0,0.0,0.0,0.0,0.0,0.0
attack,"""gbeleeTTTTTIpgTTele",time,time,seqgan_master,seqgan_master__final__time__A__500__MASTER__raw_character__len20__gpre120__reward_off__seed88,1414,20.0,8.0,2.5588718484453605,19.0,0.0,0.0,1.0,0.95,0.0,0.0,0.05,0.0,1.0,0.0,0.0,0.0,0.0,0.0,0.0,0.0,0.0,0.0,0.0,0.0,1.0,0.0,0.0,0.0,0.0,0.0,0.0,0.0,0.0,0.0,0.0,0.0,0.0,0.0,0.0,0.0,0.0,0.0,0.0,0.0,0.0,0.0,0.0,0.0,0.0,0.0,0.0,0.0,0.0,0.0,0.0,0.0,0.0,0.0,0.0,0.0,0.0,0.0,0.0,0.0,0.0
attack,",w;iwaeeeleTIbeTbele",time,time,seqgan_master,seqgan_master__final__time__A__500__MASTER__raw_character__len20__gpre120__reward_off__seed88,1415,20.0,10.0,2.9393538721672012,18.0,0.0,0.0,2.0,0.9,0.0,0.0,0.1,0.0,0.0,0.0,0.0,0.0,0.0,1.0,0.0,0.0,0.0,1.0,0.0,0.0,0.0,0.0,0.0,0.0,0.0,0.0,1.0,0.0,0.0,0.0,0.0,0.0,0.0,0.0,0.0,0.0,0.0,0.0,0.0,0.0,0.0,0.0,0.0,0.0,0.0,0.0,0.0,0.0,0.0,0.0,0.0,0.0,0.0,0.0,0.0,0.0,0.0,0.0,0.0,0.0,0.0
attack,"""gbeleleeTbeTeTIspgT",time,time,seqgan_master,seqgan_master__final__time__A__500__MASTER__raw_character__len20__gpre120__reward_off__seed88,1416,20.0,9.0,2.8464393446710154,19.0,0.0,0.0,1.0,0.95,0.0,0.0,0.05,0.0,1.0,0.0,0.0,0.0,0.0,0.0,0.0,0.0,0.0,0.0,0.0,0.0,1.0,0.0,0.0,0.0,0.0,0.0,0.0,0.0,0.0,0.0,0.0,0.0,0.0,0.0,0.0,0.0,0.0,0.0,0.0,0.0,0.0,0.0,0.0,0.0,0.0,0.0,0.0,0.0,0.0,0.0,0.0,0.0,0.0,0.0,0.0,0.0,0.0,0.0,0.0,0.0,0.0
attack,"""gbeleeleleTIITIpgTb",time,time,seqgan_master,seqgan_master__final__time__A__500__MASTER__raw_character__len20__gpre120__reward_off__seed88,1417,20.0,8.0,2.8282129458410017,19.0,0.0,0.0,1.0,0.95,0.0,0.0,0.05,0.0,1.0,0.0,0.0,0.0,0.0,0.0,0.0,0.0,0.0,0.0,0.0,0.0,1.0,0.0,0.0,0.0,0.0,0.0,0.0,0.0,0.0,0.0,0.0,0.0,0.0,0.0,0.0,0.0,0.0,0.0,0.0,0.0,0.0,0.0,0.0,0.0,0.0,0.0,0.0,0.0,0.0,0.0,0.0,0.0,0.0,0.0,0.0,0.0,0.0,0.0,0.0,0.0,0.0
attack,"""gbeleeele0tTTTTIIIM",time,time,seqgan_master,seqgan_master__final__time__A__500__MASTER__raw_character__len20__gpre120__reward_off__seed88,1418,20.0,10.0,3.0037016960573486,18.0,1.0,0.0,1.0,0.9,0.05,0.0,0.05,0.0,1.0,0.0,0.0,0.0,0.0,0.0,0.0,0.0,0.0,0.0,0.0,0.0,1.0,0.0,0.0,0.0,0.0,0.0,0.0,0.0,0.0,0.0,0.0,0.0,0.0,0.0,0.0,0.0,0.0,0.0,0.0,0.0,0.0,0.0,0.0,0.0,0.0,0.0,0.0,0.0,0.0,0.0,0.0,0.0,0.0,0.0,0.0,0.0,0.0,0.0,0.0,0.0,0.0
attack,"""gbeleleemeTIbeleTeT",time,time,seqgan_master,seqgan_master__final__time__A__500__MASTER__raw_character__len20__gpre120__reward_off__seed88,1419,20.0,8.0,2.5464393446710156,19.0,0.0,0.0,1.0,0.95,0.0,0.0,0.05,0.0,1.0,0.0,0.0,0.0,0.0,0.0,0.0,0.0,0.0,0.0,0.0,0.0,1.0,0.0,0.0,0.0,0.0,0.0,0.0,0.0,0.0,0.0,0.0,0.0,0.0,0.0,0.0,0.0,0.0,0.0,0.0,0.0,0.0,0.0,0.0,0.0,0.0,0.0,0.0,0.0,0.0,0.0,0.0,0.0,0.0,0.0,0.0,0.0,0.0,0.0,0.0,0.0,0.0
attack,"""gbbeleleeleleeTIIII",time,time,seqgan_master,seqgan_master__final__time__A__500__MASTER__raw_character__len20__gpre120__reward_off__seed88,1420,20.0,7.0,2.439353872167201,19.0,0.0,0.0,1.0,0.95,0.0,0.0,0.05,0.0,1.0,0.0,0.0,0.0,0.0,0.0,0.0,0.0,0.0,0.0,0.0,0.0,1.0,0.0,0.0,0.0,0.0,0.0,0.0,0.0,0.0,0.0,0.0,0.0,0.0,0.0,0.0,0.0,0.0,0.0,0.0,0.0,0.0,0.0,0.0,0.0,0.0,0.0,0.0,0.0,0.0,0.0,0.0,0.0,0.0,0.0,0.0,0.0,0.0,0.0,0.0,0.0,0.0
attack,"""gbeleeTTIMbelelelel",time,time,seqgan_master,seqgan_master__final__time__A__500__MASTER__raw_character__len20__gpre120__reward_off__seed88,1421,20.0,8.0,2.5588718484453605,19.0,0.0,0.0,1.0,0.95,0.0,0.0,0.05,0.0,1.0,0.0,0.0,0.0,0.0,0.0,0.0,0.0,0.0,0.0,0.0,0.0,1.0,0.0,0.0,0.0,0.0,0.0,0.0,0.0,0.0,0.0,0.0,0.0,0.0,0.0,0.0,0.0,0.0,0.0,0.0,0.0,0.0,0.0,0.0,0.0,0.0,0.0,0.0,0.0,0.0,0.0,0.0,0.0,0.0,0.0,0.0,0.0,0.0,0.0,0.0,0.0,0.0
attack,"""gbeetrweTTTTTTTTTId",time,time,seqgan_master,seqgan_master__final__time__A__500__MASTER__raw_character__len20__gpre120__reward_off__seed88,1422,20.0,10.0,2.657717469130149,19.0,0.0,0.0,1.0,0.95,0.0,0.0,0.05,0.0,1.0,0.0,0.0,0.0,0.0,0.0,0.0,0.0,0.0,0.0,0.0,0.0,1.0,0.0,0.0,0.0,0.0,0.0,0.0,0.0,0.0,0.0,0.0,0.0,0.0,0.0,0.0,0.0,0.0,0.0,0.0,0.0,0.0,0.0,0.0,0.0,0.0,0.0,0.0,0.0,0.0,0.0,0.0,0.0,0.0,0.0,0.0,0.0,0.0,0.0,0.0,0.0,0.0
attack,"""gbeleeleleleTIIMele",time,time,seqgan_master,seqgan_master__final__time__A__500__MASTER__raw_character__len20__gpre120__reward_off__seed88,1423,20.0,8.0,2.441446071165522,19.0,0.0,0.0,1.0,0.95,0.0,0.0,0.05,0.0,1.0,0.0,0.0,0.0,0.0,0.0,0.0,0.0,0.0,0.0,0.0,0.0,1.0,0.0,0.0,0.0,0.0,0.0,0.0,0.0,0.0,0.0,0.0,0.0,0.0,0.0,0.0,0.0,0.0,0.0,0.0,0.0,0.0,0.0,0.0,0.0,0.0,0.0,0.0,0.0,0.0,0.0,0.0,0.0,0.0,0.0,0.0,0.0,0.0,0.0,0.0,0.0,0.0
attack,"""gbelegbeleleeleribe",time,time,seqgan_master,seqgan_master__final__time__A__500__MASTER__raw_character__len20__gpre120__reward_off__seed88,1424,20.0,7.0,2.384183719779189,19.0,0.0,0.0,1.0,0.95,0.0,0.0,0.05,0.0,1.0,0.0,0.0,0.0,0.0,0.0,0.0,0.0,0.0,0.0,0.0,0.0,1.0,0.0,0.0,0.0,0.0,0.0,0.0,0.0,0.0,0.0,0.0,0.0,0.0,0.0,0.0,0.0,0.0,0.0,0.0,0.0,0.0,0.0,0.0,0.0,0.0,0.0,0.0,0.0,0.0,0.0,0.0,0.0,0.0,0.0,0.0,0.0,0.0,0.0,0.0,0.0,0.0
attack,"""gbeleleeTTTIIIbelee",time,time,seqgan_master,seqgan_master__final__time__A__500__MASTER__raw_character__len20__gpre120__reward_off__seed88,1425,20.0,7.0,2.5261207468426807,19.0,0.0,0.0,1.0,0.95,0.0,0.0,0.05,0.0,1.0,0.0,0.0,0.0,0.0,0.0,0.0,0.0,0.0,0.0,0.0,0.0,1.0,0.0,0.0,0.0,0.0,0.0,0.0,0.0,0.0,0.0,0.0,0.0,0.0,0.0,0.0,0.0,0.0,0.0,0.0,0.0,0.0,0.0,0.0,0.0,0.0,0.0,0.0,0.0,0.0,0.0,0.0,0.0,0.0,0.0,0.0,0.0,0.0,0.0,0.0,0.0,0.0
attack,"""gbeleeleeTTTITITTTI",time,time,seqgan_master,seqgan_master__final__time__A__500__MASTER__raw_character__len20__gpre120__reward_off__seed88,1426,20.0,7.0,2.421127473337187,19.0,0.0,0.0,1.0,0.95,0.0,0.0,0.05,0.0,1.0,0.0,0.0,0.0,0.0,0.0,0.0,0.0,0.0,0.0,0.0,0.0,1.0,0.0,0.0,0.0,0.0,0.0,0.0,0.0,0.0,0.0,0.0,0.0,0.0,0.0,0.0,0.0,0.0,0.0,0.0,0.0,0.0,0.0,0.0,0.0,0.0,0.0,0.0,0.0,0.0,0.0,0.0,0.0,0.0,0.0,0.0,0.0,0.0,0.0,0.0,0.0,0.0
attack,"""gbeeleleTbeleleeTel",time,time,seqgan_master,seqgan_master__final__time__A__500__MASTER__raw_character__len20__gpre120__reward_off__seed88,1427,20.0,6.0,2.1149798205164814,19.0,0.0,0.0,1.0,0.95,0.0,0.0,0.05,0.0,1.0,0.0,0.0,0.0,0.0,0.0,0.0,0.0,0.0,0.0,0.0,0.0,1.0,0.0,0.0,0.0,0.0,0.0,0.0,0.0,0.0,0.0,0.0,0.0,0.0,0.0,0.0,0.0,0.0,0.0,0.0,0.0,0.0,0.0,0.0,0.0,0.0,0.0,0.0,0.0,0.0,0.0,0.0,0.0,0.0,0.0,0.0,0.0,0.0,0.0,0.0,0.0,0.0
attack,"""gbeleeeTTpgTTTTITIp",time,time,seqgan_master,seqgan_master__final__time__A__500__MASTER__raw_character__len20__gpre120__reward_off__seed88,1428,20.0,8.0,2.639353872167201,19.0,0.0,0.0,1.0,0.95,0.0,0.0,0.05,0.0,1.0,0.0,0.0,0.0,0.0,0.0,0.0,0.0,0.0,0.0,0.0,0.0,1.0,0.0,0.0,0.0,0.0,0.0,0.0,0.0,0.0,0.0,0.0,0.0,0.0,0.0,0.0,0.0,0.0,0.0,0.0,0.0,0.0,0.0,0.0,0.0,0.0,0.0,0.0,0.0,0.0,0.0,0.0,0.0,0.0,0.0,0.0,0.0,0.0,0.0,0.0,0.0,0.0
attack,"""gbeleleeleeTIMleTIT",time,time,seqgan_master,seqgan_master__final__time__A__500__MASTER__raw_character__len20__gpre120__reward_off__seed88,1429,20.0,8.0,2.6016094970590276,19.0,0.0,0.0,1.0,0.95,0.0,0.0,0.05,0.0,1.0,0.0,0.0,0.0,0.0,0.0,0.0,0.0,0.0,0.0,0.0,0.0,1.0,0.0,0.0,0.0,0.0,0.0,0.0,0.0,0.0,0.0,0.0,0.0,0.0,0.0,0.0,0.0,0.0,0.0,0.0,0.0,0.0,0.0,0.0,0.0,0.0,0.0,0.0,0.0,0.0,0.0,0.0,0.0,0.0,0.0,0.0,0.0,0.0,0.0,0.0,0.0,0.0
attack,"""gbeeleeTTTTTIMbeTTI",time,time,seqgan_master,seqgan_master__final__time__A__500__MASTER__raw_character__len20__gpre120__reward_off__seed88,1430,20.0,8.0,2.5588718484453605,19.0,0.0,0.0,1.0,0.95,0.0,0.0,0.05,0.0,1.0,0.0,0.0,0.0,0.0,0.0,0.0,0.0,0.0,0.0,0.0,0.0,1.0,0.0,0.0,0.0,0.0,0.0,0.0,0.0,0.0,0.0,0.0,0.0,0.0,0.0,0.0,0.0,0.0,0.0,0.0,0.0,0.0,0.0,0.0,0.0,0.0,0.0,0.0,0.0,0.0,0.0,0.0,0.0,0.0,0.0,0.0,0.0,0.0,0.0,0.0,0.0,0.0
attack,"""gbeleeleeTbeTbe0TTT",time,time,seqgan_master,seqgan_master__final__time__A__500__MASTER__raw_character__len20__gpre120__reward_off__seed88,1431,20.0,7.0,2.421127473337187,18.0,1.0,0.0,1.0,0.9,0.05,0.0,0.05,0.0,1.0,0.0,0.0,0.0,0.0,0.0,0.0,0.0,0.0,0.0,0.0,0.0,1.0,0.0,0.0,0.0,0.0,0.0,0.0,0.0,0.0,0.0,0.0,0.0,0.0,0.0,0.0,0.0,0.0,0.0,0.0,0.0,0.0,0.0,0.0,0.0,0.0,0.0,0.0,0.0,0.0,0.0,0.0,0.0,0.0,0.0,0.0,0.0,0.0,0.0,0.0,0.0,0.0
attack, ririeleleeTTIMelele,time,time,seqgan_master,seqgan_master__final__time__A__500__MASTER__raw_character__len20__gpre120__reward_off__seed88,1432,20.0,8.0,2.639353872167201,19.0,0.0,1.0,0.0,0.95,0.0,0.05,0.0,0.0,0.0,0.0,0.0,0.0,0.0,0.0,0.0,0.0,0.0,0.0,0.0,0.0,0.0,0.0,0.0,0.0,0.0,0.0,0.0,0.0,0.0,0.0,0.0,0.0,0.0,0.0,0.0,0.0,0.0,0.0,0.0,0.0,0.0,0.0,0.0,0.0,0.0,0.0,0.0,0.0,0.0,0.0,0.0,0.0,0.0,0.0,0.0,0.0,0.0,0.0,0.0,0.0,0.0
attack,"""gbeeleleeTbeTTTIpgT",time,time,seqgan_master,seqgan_master__final__time__A__500__MASTER__raw_character__len20__gpre120__reward_off__seed88,1433,20.0,8.0,2.665957320949175,19.0,0.0,0.0,1.0,0.95,0.0,0.0,0.05,0.0,1.0,0.0,0.0,0.0,0.0,0.0,0.0,0.0,0.0,0.0,0.0,0.0,1.0,0.0,0.0,0.0,0.0,0.0,0.0,0.0,0.0,0.0,0.0,0.0,0.0,0.0,0.0,0.0,0.0,0.0,0.0,0.0,0.0,0.0,0.0,0.0,0.0,0.0,0.0,0.0,0.0,0.0,0.0,0.0,0.0,0.0,0.0,0.0,0.0,0.0,0.0,0.0,0.0
attack,"""gngbeleleleebe0gTbe",time,time,seqgan_master,seqgan_master__final__time__A__500__MASTER__raw_character__len20__gpre120__reward_off__seed88,1434,20.0,8.0,2.6261207468426804,18.0,1.0,0.0,1.0,0.9,0.05,0.0,0.05,0.0,1.0,0.0,0.0,0.0,0.0,0.0,0.0,0.0,0.0,0.0,0.0,0.0,1.0,0.0,0.0,0.0,0.0,0.0,0.0,0.0,0.0,0.0,0.0,0.0,0.0,0.0,0.0,0.0,0.0,0.0,0.0,0.0,0.0,0.0,0.0,0.0,0.0,0.0,0.0,0.0,0.0,0.0,0.0,0.0,0.0,0.0,0.0,0.0,0.0,0.0,0.0,0.0,0.0
attack,"""gbeeleeTIMabeleeTTT",time,time,seqgan_master,seqgan_master__final__time__A__500__MASTER__raw_character__len20__gpre120__reward_off__seed88,1435,20.0,9.0,2.739353872167201,19.0,0.0,0.0,1.0,0.95,0.0,0.0,0.05,0.0,1.0,0.0,0.0,0.0,0.0,0.0,0.0,0.0,0.0,0.0,0.0,0.0,1.0,0.0,0.0,0.0,0.0,0.0,0.0,0.0,0.0,0.0,0.0,0.0,0.0,0.0,0.0,0.0,0.0,0.0,0.0,0.0,0.0,0.0,0.0,0.0,0.0,0.0,0.0,0.0,0.0,0.0,0.0,0.0,0.0,0.0,0.0,0.0,0.0,0.0,0.0,0.0,0.0
attack,"""gbeelelebeTTTTTIMbe",time,time,seqgan_master,seqgan_master__final__time__A__500__MASTER__raw_character__len20__gpre120__reward_off__seed88,1436,20.0,8.0,2.6282129458410015,19.0,0.0,0.0,1.0,0.95,0.0,0.0,0.05,0.0,1.0,0.0,0.0,0.0,0.0,0.0,0.0,0.0,0.0,0.0,0.0,0.0,1.0,0.0,0.0,0.0,0.0,0.0,0.0,0.0,0.0,0.0,0.0,0.0,0.0,0.0,0.0,0.0,0.0,0.0,0.0,0.0,0.0,0.0,0.0,0.0,0.0,0.0,0.0,0.0,0.0,0.0,0.0,0.0,0.0,0.0,0.0,0.0,0.0,0.0,0.0,0.0,0.0
attack,"""gbeleeeTTIITTIIMbee",time,time,seqgan_master,seqgan_master__final__time__A__500__MASTER__raw_character__len20__gpre120__reward_off__seed88,1437,20.0,8.0,2.6464393446710157,19.0,0.0,0.0,1.0,0.95,0.0,0.0,0.05,0.0,1.0,0.0,0.0,0.0,0.0,0.0,0.0,0.0,0.0,0.0,0.0,0.0,1.0,0.0,0.0,0.0,0.0,0.0,0.0,0.0,0.0,0.0,0.0,0.0,0.0,0.0,0.0,0.0,0.0,0.0,0.0,0.0,0.0,0.0,0.0,0.0,0.0,0.0,0.0,0.0,0.0,0.0,0.0,0.0,0.0,0.0,0.0,0.0,0.0,0.0,0.0,0.0,0.0
attack,"""gbeleeleleleeTTTTTT",time,time,seqgan_master,seqgan_master__final__time__A__500__MASTER__raw_character__len20__gpre120__reward_off__seed88,1438,20.0,6.0,2.1638651219508542,19.0,0.0,0.0,1.0,0.95,0.0,0.0,0.05,0.0,1.0,0.0,0.0,0.0,0.0,0.0,0.0,0.0,0.0,0.0,0.0,0.0,1.0,0.0,0.0,0.0,0.0,0.0,0.0,0.0,0.0,0.0,0.0,0.0,0.0,0.0,0.0,0.0,0.0,0.0,0.0,0.0,0.0,0.0,0.0,0.0,0.0,0.0,0.0,0.0,0.0,0.0,0.0,0.0,0.0,0.0,0.0,0.0,0.0,0.0,0.0,0.0,0.0
attack,"""gbebeeTneTIde0gTTIb",time,time,seqgan_master,seqgan_master__final__time__A__500__MASTER__raw_character__len20__gpre120__reward_off__seed88,1439,20.0,9.0,2.9037016960573485,18.0,1.0,0.0,1.0,0.9,0.05,0.0,0.05,0.0,1.0,0.0,0.0,0.0,0.0,0.0,0.0,0.0,0.0,0.0,0.0,0.0,1.0,0.0,0.0,0.0,0.0,0.0,0.0,0.0,0.0,0.0,0.0,0.0,0.0,0.0,0.0,0.0,0.0,0.0,0.0,0.0,0.0,0.0,0.0,0.0,0.0,0.0,0.0,0.0,0.0,0.0,0.0,0.0,0.0,0.0,0.0,0.0,0.0,0.0,0.0,0.0,0.0
attack,"""gbeleeTIbeTTTsleTTT",time,time,seqgan_master,seqgan_master__final__time__A__500__MASTER__raw_character__len20__gpre120__reward_off__seed88,1440,20.0,8.0,2.5588718484453605,19.0,0.0,0.0,1.0,0.95,0.0,0.0,0.05,0.0,1.0,0.0,0.0,0.0,0.0,0.0,0.0,0.0,0.0,0.0,0.0,0.0,1.0,0.0,0.0,0.0,0.0,0.0,0.0,0.0,0.0,0.0,0.0,0.0,0.0,0.0,0.0,0.0,0.0,0.0,0.0,0.0,0.0,0.0,0.0,0.0,0.0,0.0,0.0,0.0,0.0,0.0,0.0,0.0,0.0,0.0,0.0,0.0,0.0,0.0,0.0,0.0,0.0
attack,"""gbeleeleTTTTITTIIpg",time,time,seqgan_master,seqgan_master__final__time__A__500__MASTER__raw_character__len20__gpre120__reward_off__seed88,1441,20.0,8.0,2.708694969562842,19.0,0.0,0.0,1.0,0.95,0.0,0.0,0.05,0.0,1.0,0.0,0.0,0.0,0.0,0.0,0.0,0.0,0.0,0.0,0.0,0.0,1.0,0.0,0.0,0.0,0.0,0.0,0.0,0.0,0.0,0.0,0.0,0.0,0.0,0.0,0.0,0.0,0.0,0.0,0.0,0.0,0.0,0.0,0.0,0.0,0.0,0.0,0.0,0.0,0.0,0.0,0.0,0.0,0.0,0.0,0.0,0.0,0.0,0.0,0.0,0.0,0.0
attack,"""gbeleeleleleTTTTIII",time,time,seqgan_master,seqgan_master__final__time__A__500__MASTER__raw_character__len20__gpre120__reward_off__seed88,1442,20.0,7.0,2.508694969562842,19.0,0.0,0.0,1.0,0.95,0.0,0.0,0.05,0.0,1.0,0.0,0.0,0.0,0.0,0.0,0.0,0.0,0.0,0.0,0.0,0.0,1.0,0.0,0.0,0.0,0.0,0.0,0.0,0.0,0.0,0.0,0.0,0.0,0.0,0.0,0.0,0.0,0.0,0.0,0.0,0.0,0.0,0.0,0.0,0.0,0.0,0.0,0.0,0.0,0.0,0.0,0.0,0.0,0.0,0.0,0.0,0.0,0.0,0.0,0.0,0.0,0.0
attack,"""gbeeleleeTbeleTTIpg",time,time,seqgan_master,seqgan_master__final__time__A__500__MASTER__raw_character__len20__gpre120__reward_off__seed88,1443,20.0,8.0,2.6638651219508542,19.0,0.0,0.0,1.0,0.95,0.0,0.0,0.05,0.0,1.0,0.0,0.0,0.0,0.0,0.0,0.0,0.0,0.0,0.0,0.0,0.0,1.0,0.0,0.0,0.0,0.0,0.0,0.0,0.0,0.0,0.0,0.0,0.0,0.0,0.0,0.0,0.0,0.0,0.0,0.0,0.0,0.0,0.0,0.0,0.0,0.0,0.0,0.0,0.0,0.0,0.0,0.0,0.0,0.0,0.0,0.0,0.0,0.0,0.0,0.0,0.0,0.0
attack,"""gbeleeleTTIneleTIMs",time,time,seqgan_master,seqgan_master__final__time__A__500__MASTER__raw_character__len20__gpre120__reward_off__seed88,1444,20.0,10.0,2.970950594454669,19.0,0.0,0.0,1.0,0.95,0.0,0.0,0.05,0.0,1.0,0.0,0.0,0.0,0.0,0.0,0.0,0.0,0.0,0.0,0.0,0.0,1.0,0.0,0.0,0.0,0.0,0.0,0.0,0.0,0.0,0.0,0.0,0.0,0.0,0.0,0.0,0.0,0.0,0.0,0.0,0.0,0.0,0.0,0.0,0.0,0.0,0.0,0.0,0.0,0.0,0.0,0.0,0.0,0.0,0.0,0.0,0.0,0.0,0.0,0.0,0.0,0.0
attack,"""gbeleeTIneleTbeTIII",time,time,seqgan_master,seqgan_master__final__time__A__500__MASTER__raw_character__len20__gpre120__reward_off__seed88,1445,20.0,8.0,2.708694969562842,19.0,0.0,0.0,1.0,0.95,0.0,0.0,0.05,0.0,1.0,0.0,0.0,0.0,0.0,0.0,0.0,0.0,0.0,0.0,0.0,0.0,1.0,0.0,0.0,0.0,0.0,0.0,0.0,0.0,0.0,0.0,0.0,0.0,0.0,0.0,0.0,0.0,0.0,0.0,0.0,0.0,0.0,0.0,0.0,0.0,0.0,0.0,0.0,0.0,0.0,0.0,0.0,0.0,0.0,0.0,0.0,0.0,0.0,0.0,0.0,0.0,0.0
attack,"""gbeleleele0eTTITTTI",time,time,seqgan_master,seqgan_master__final__time__A__500__MASTER__raw_character__len20__gpre120__reward_off__seed88,1446,20.0,8.0,2.6282129458410015,18.0,1.0,0.0,1.0,0.9,0.05,0.0,0.05,0.0,1.0,0.0,0.0,0.0,0.0,0.0,0.0,0.0,0.0,0.0,0.0,0.0,1.0,0.0,0.0,0.0,0.0,0.0,0.0,0.0,0.0,0.0,0.0,0.0,0.0,0.0,0.0,0.0,0.0,0.0,0.0,0.0,0.0,0.0,0.0,0.0,0.0,0.0,0.0,0.0,0.0,0.0,0.0,0.0,0.0,0.0,0.0,0.0,0.0,0.0,0.0,0.0,0.0
attack,"""gbeleleeTTIIpg(leTI",time,time,seqgan_master,seqgan_master__final__time__A__500__MASTER__raw_character__len20__gpre120__reward_off__seed88,1447,20.0,9.0,2.9282129458410013,18.0,0.0,0.0,2.0,0.9,0.0,0.0,0.1,0.0,1.0,0.0,0.0,0.0,0.0,0.0,1.0,0.0,0.0,0.0,0.0,0.0,1.0,0.0,0.0,0.0,0.0,1.0,0.0,0.0,0.0,0.0,0.0,0.0,0.0,0.0,0.0,0.0,0.0,0.0,0.0,0.0,0.0,0.0,0.0,0.0,0.0,0.0,0.0,0.0,0.0,0.0,0.0,0.0,0.0,0.0,0.0,0.0,0.0,0.0,0.0,0.0,0.0
attack,"""gbeeleeTleleleeTTIp",time,time,seqgan_master,seqgan_master__final__time__A__500__MASTER__raw_character__len20__gpre120__reward_off__seed88,1448,20.0,8.0,2.484183719779189,19.0,0.0,0.0,1.0,0.95,0.0,0.0,0.05,0.0,1.0,0.0,0.0,0.0,0.0,0.0,0.0,0.0,0.0,0.0,0.0,0.0,1.0,0.0,0.0,0.0,0.0,0.0,0.0,0.0,0.0,0.0,0.0,0.0,0.0,0.0,0.0,0.0,0.0,0.0,0.0,0.0,0.0,0.0,0.0,0.0,0.0,0.0,0.0,0.0,0.0,0.0,0.0,0.0,0.0,0.0,0.0,0.0,0.0,0.0,0.0,0.0,0.0
attack,"""gbelembeeeTbelele0T",time,time,seqgan_master,seqgan_master__final__time__A__500__MASTER__raw_character__len20__gpre120__reward_off__seed88,1449,20.0,8.0,2.5464393446710156,18.0,1.0,0.0,1.0,0.9,0.05,0.0,0.05,0.0,1.0,0.0,0.0,0.0,0.0,0.0,0.0,0.0,0.0,0.0,0.0,0.0,1.0,0.0,0.0,0.0,0.0,0.0,0.0,0.0,0.0,0.0,0.0,0.0,0.0,0.0,0.0,0.0,0.0,0.0,0.0,0.0,0.0,0.0,0.0,0.0,0.0,0.0,0.0,0.0,0.0,0.0,0.0,0.0,0.0,0.0,0.0,0.0,0.0,0.0,0.0,0.0,0.0
attack,"""gbeleeleleleleTIMeT",time,time,seqgan_master,seqgan_master__final__time__A__500__MASTER__raw_character__len20__gpre120__reward_off__seed88,1450,20.0,8.0,2.441446071165522,19.0,0.0,0.0,1.0,0.95,0.0,0.0,0.05,0.0,1.0,0.0,0.0,0.0,0.0,0.0,0.0,0.0,0.0,0.0,0.0,0.0,1.0,0.0,0.0,0.0,0.0,0.0,0.0,0.0,0.0,0.0,0.0,0.0,0.0,0.0,0.0,0.0,0.0,0.0,0.0,0.0,0.0,0.0,0.0,0.0,0.0,0.0,0.0,0.0,0.0,0.0,0.0,0.0,0.0,0.0,0.0,0.0,0.0,0.0,0.0,0.0,0.0
attack,"""gbeleeTeTIMbeleTIII",time,time,seqgan_master,seqgan_master__final__time__A__500__MASTER__raw_character__len20__gpre120__reward_off__seed88,1451,20.0,8.0,2.708694969562842,19.0,0.0,0.0,1.0,0.95,0.0,0.0,0.05,0.0,1.0,0.0,0.0,0.0,0.0,0.0,0.0,0.0,0.0,0.0,0.0,0.0,1.0,0.0,0.0,0.0,0.0,0.0,0.0,0.0,0.0,0.0,0.0,0.0,0.0,0.0,0.0,0.0,0.0,0.0,0.0,0.0,0.0,0.0,0.0,0.0,0.0,0.0,0.0,0.0,0.0,0.0,0.0,0.0,0.0,0.0,0.0,0.0,0.0,0.0,0.0,0.0,0.0
attack,"""gbrbeeleTneeTTITTIp",time,time,seqgan_master,seqgan_master__final__time__A__500__MASTER__raw_character__len20__gpre120__reward_off__seed88,1452,20.0,10.0,2.9609640474436816,19.0,0.0,0.0,1.0,0.95,0.0,0.0,0.05,0.0,1.0,0.0,0.0,0.0,0.0,0.0,0.0,0.0,0.0,0.0,0.0,0.0,1.0,0.0,0.0,0.0,0.0,0.0,0.0,0.0,0.0,0.0,0.0,0.0,0.0,0.0,0.0,0.0,0.0,0.0,0.0,0.0,0.0,0.0,0.0,0.0,0.0,0.0,0.0,0.0,0.0,0.0,0.0,0.0,0.0,0.0,0.0,0.0,0.0,0.0,0.0,0.0,0.0
attack,"""gbeleeleeleTTTTTTIb",time,time,seqgan_master,seqgan_master__final__time__A__500__MASTER__raw_character__len20__gpre120__reward_off__seed88,1453,20.0,7.0,2.4332062193464954,19.0,0.0,0.0,1.0,0.95,0.0,0.0,0.05,0.0,1.0,0.0,0.0,0.0,0.0,0.0,0.0,0.0,0.0,0.0,0.0,0.0,1.0,0.0,0.0,0.0,0.0,0.0,0.0,0.0,0.0,0.0,0.0,0.0,0.0,0.0,0.0,0.0,0.0,0.0,0.0,0.0,0.0,0.0,0.0,0.0,0.0,0.0,0.0,0.0,0.0,0.0,0.0,0.0,0.0,0.0,0.0,0.0,0.0,0.0,0.0,0.0,0.0
attack,"""gbrbeleeTTIleTTTTTT",time,time,seqgan_master,seqgan_master__final__time__A__500__MASTER__raw_character__len20__gpre120__reward_off__seed88,1454,20.0,8.0,2.5219280948873624,19.0,0.0,0.0,1.0,0.95,0.0,0.0,0.05,0.0,1.0,0.0,0.0,0.0,0.0,0.0,0.0,0.0,0.0,0.0,0.0,0.0,1.0,0.0,0.0,0.0,0.0,0.0,0.0,0.0,0.0,0.0,0.0,0.0,0.0,0.0,0.0,0.0,0.0,0.0,0.0,0.0,0.0,0.0,0.0,0.0,0.0,0.0,0.0,0.0,0.0,0.0,0.0,0.0,0.0,0.0,0.0,0.0,0.0,0.0,0.0,0.0,0.0
attack,"""gbeleeleTTTIroleTTT",time,time,seqgan_master,seqgan_master__final__time__A__500__MASTER__raw_character__len20__gpre120__reward_off__seed88,1455,20.0,9.0,2.7282129458410016,19.0,0.0,0.0,1.0,0.95,0.0,0.0,0.05,0.0,1.0,0.0,0.0,0.0,0.0,0.0,0.0,0.0,0.0,0.0,0.0,0.0,1.0,0.0,0.0,0.0,0.0,0.0,0.0,0.0,0.0,0.0,0.0,0.0,0.0,0.0,0.0,0.0,0.0,0.0,0.0,0.0,0.0,0.0,0.0,0.0,0.0,0.0,0.0,0.0,0.0,0.0,0.0,0.0,0.0,0.0,0.0,0.0,0.0,0.0,0.0,0.0,0.0
attack,"""gbeleeTbeleTbeTbeTI",time,time,seqgan_master,seqgan_master__final__time__A__500__MASTER__raw_character__len20__gpre120__reward_off__seed88,1456,20.0,7.0,2.439353872167201,19.0,0.0,0.0,1.0,0.95,0.0,0.0,0.05,0.0,1.0,0.0,0.0,0.0,0.0,0.0,0.0,0.0,0.0,0.0,0.0,0.0,1.0,0.0,0.0,0.0,0.0,0.0,0.0,0.0,0.0,0.0,0.0,0.0,0.0,0.0,0.0,0.0,0.0,0.0,0.0,0.0,0.0,0.0,0.0,0.0,0.0,0.0,0.0,0.0,0.0,0.0,0.0,0.0,0.0,0.0,0.0,0.0,0.0,0.0,0.0,0.0,0.0
attack,"""gbeleeTTTIIIpgTbele",time,time,seqgan_master,seqgan_master__final__time__A__500__MASTER__raw_character__len20__gpre120__reward_off__seed88,1457,20.0,8.0,2.8037016960573484,19.0,0.0,0.0,1.0,0.95,0.0,0.0,0.05,0.0,1.0,0.0,0.0,0.0,0.0,0.0,0.0,0.0,0.0,0.0,0.0,0.0,1.0,0.0,0.0,0.0,0.0,0.0,0.0,0.0,0.0,0.0,0.0,0.0,0.0,0.0,0.0,0.0,0.0,0.0,0.0,0.0,0.0,0.0,0.0,0.0,0.0,0.0,0.0,0.0,0.0,0.0,0.0,0.0,0.0,0.0,0.0,0.0,0.0,0.0,0.0,0.0,0.0
attack,"""gbeeleleleleleTTMeT",time,time,seqgan_master,seqgan_master__final__time__A__500__MASTER__raw_character__len20__gpre120__reward_off__seed88,1458,20.0,7.0,2.3037016960573484,19.0,0.0,0.0,1.0,0.95,0.0,0.0,0.05,0.0,1.0,0.0,0.0,0.0,0.0,0.0,0.0,0.0,0.0,0.0,0.0,0.0,1.0,0.0,0.0,0.0,0.0,0.0,0.0,0.0,0.0,0.0,0.0,0.0,0.0,0.0,0.0,0.0,0.0,0.0,0.0,0.0,0.0,0.0,0.0,0.0,0.0,0.0,0.0,0.0,0.0,0.0,0.0,0.0,0.0,0.0,0.0,0.0,0.0,0.0,0.0,0.0,0.0
attack,"""gbeeleeTTTTIITTIpgT",time,time,seqgan_master,seqgan_master__final__time__A__500__MASTER__raw_character__len20__gpre120__reward_off__seed88,1459,20.0,8.0,2.6016094970590276,19.0,0.0,0.0,1.0,0.95,0.0,0.0,0.05,0.0,1.0,0.0,0.0,0.0,0.0,0.0,0.0,0.0,0.0,0.0,0.0,0.0,1.0,0.0,0.0,0.0,0.0,0.0,0.0,0.0,0.0,0.0,0.0,0.0,0.0,0.0,0.0,0.0,0.0,0.0,0.0,0.0,0.0,0.0,0.0,0.0,0.0,0.0,0.0,0.0,0.0,0.0,0.0,0.0,0.0,0.0,0.0,0.0,0.0,0.0,0.0,0.0,0.0
attack,"""gbeelebeleeTTTITIIl",time,time,seqgan_master,seqgan_master__final__time__A__500__MASTER__raw_character__len20__gpre120__reward_off__seed88,1460,20.0,7.0,2.5709505944546684,19.0,0.0,0.0,1.0,0.95,0.0,0.0,0.05,0.0,1.0,0.0,0.0,0.0,0.0,0.0,0.0,0.0,0.0,0.0,0.0,0.0,1.0,0.0,0.0,0.0,0.0,0.0,0.0,0.0,0.0,0.0,0.0,0.0,0.0,0.0,0.0,0.0,0.0,0.0,0.0,0.0,0.0,0.0,0.0,0.0,0.0,0.0,0.0,0.0,0.0,0.0,0.0,0.0,0.0,0.0,0.0,0.0,0.0,0.0,0.0,0.0,0.0
attack,"""gbeTbelekr beleeTbe",time,time,seqgan_master,seqgan_master__final__time__A__500__MASTER__raw_character__len20__gpre120__reward_off__seed88,1461,20.0,9.0,2.739353872167201,18.0,0.0,1.0,1.0,0.9,0.0,0.05,0.05,0.0,1.0,0.0,0.0,0.0,0.0,0.0,0.0,0.0,0.0,0.0,0.0,0.0,1.0,0.0,0.0,0.0,0.0,0.0,0.0,0.0,0.0,0.0,0.0,0.0,0.0,0.0,0.0,0.0,0.0,0.0,0.0,0.0,0.0,0.0,0.0,0.0,0.0,0.0,0.0,0.0,0.0,0.0,0.0,0.0,0.0,0.0,0.0,0.0,0.0,0.0,0.0,0.0,0.0
attack,"""gbeleeTTIbeleleleTe",time,time,seqgan_master,seqgan_master__final__time__A__500__MASTER__raw_character__len20__gpre120__reward_off__seed88,1462,20.0,7.0,2.384183719779189,19.0,0.0,0.0,1.0,0.95,0.0,0.0,0.05,0.0,1.0,0.0,0.0,0.0,0.0,0.0,0.0,0.0,0.0,0.0,0.0,0.0,1.0,0.0,0.0,0.0,0.0,0.0,0.0,0.0,0.0,0.0,0.0,0.0,0.0,0.0,0.0,0.0,0.0,0.0,0.0,0.0,0.0,0.0,0.0,0.0,0.0,0.0,0.0,0.0,0.0,0.0,0.0,0.0,0.0,0.0,0.0,0.0,0.0,0.0,0.0,0.0,0.0
attack,"""gberbeelegbeTIMbele",time,time,seqgan_master,seqgan_master__final__time__A__500__MASTER__raw_character__len20__gpre120__reward_off__seed88,1463,20.0,9.0,2.739353872167201,19.0,0.0,0.0,1.0,0.95,0.0,0.0,0.05,0.0,1.0,0.0,0.0,0.0,0.0,0.0,0.0,0.0,0.0,0.0,0.0,0.0,1.0,0.0,0.0,0.0,0.0,0.0,0.0,0.0,0.0,0.0,0.0,0.0,0.0,0.0,0.0,0.0,0.0,0.0,0.0,0.0,0.0,0.0,0.0,0.0,0.0,0.0,0.0,0.0,0.0,0.0,0.0,0.0,0.0,0.0,0.0,0.0,0.0,0.0,0.0,0.0,0.0
attack,"""gbeleeleeTITITIMbeb",time,time,seqgan_master,seqgan_master__final__time__A__500__MASTER__raw_character__len20__gpre120__reward_off__seed88,1464,20.0,8.0,2.733206219346495,19.0,0.0,0.0,1.0,0.95,0.0,0.0,0.05,0.0,1.0,0.0,0.0,0.0,0.0,0.0,0.0,0.0,0.0,0.0,0.0,0.0,1.0,0.0,0.0,0.0,0.0,0.0,0.0,0.0,0.0,0.0,0.0,0.0,0.0,0.0,0.0,0.0,0.0,0.0,0.0,0.0,0.0,0.0,0.0,0.0,0.0,0.0,0.0,0.0,0.0,0.0,0.0,0.0,0.0,0.0,0.0,0.0,0.0,0.0,0.0,0.0,0.0
attack,"""gbelebeTbeTbeTbeTTI",time,time,seqgan_master,seqgan_master__final__time__A__500__MASTER__raw_character__len20__gpre120__reward_off__seed88,1465,20.0,7.0,2.3854752972273343,19.0,0.0,0.0,1.0,0.95,0.0,0.0,0.05,0.0,1.0,0.0,0.0,0.0,0.0,0.0,0.0,0.0,0.0,0.0,0.0,0.0,1.0,0.0,0.0,0.0,0.0,0.0,0.0,0.0,0.0,0.0,0.0,0.0,0.0,0.0,0.0,0.0,0.0,0.0,0.0,0.0,0.0,0.0,0.0,0.0,0.0,0.0,0.0,0.0,0.0,0.0,0.0,0.0,0.0,0.0,0.0,0.0,0.0,0.0,0.0,0.0,0.0
attack,"""gbeleeeleleTITTTITI",time,time,seqgan_master,seqgan_master__final__time__A__500__MASTER__raw_character__len20__gpre120__reward_off__seed88,1466,20.0,7.0,2.490468570732828,19.0,0.0,0.0,1.0,0.95,0.0,0.0,0.05,0.0,1.0,0.0,0.0,0.0,0.0,0.0,0.0,0.0,0.0,0.0,0.0,0.0,1.0,0.0,0.0,0.0,0.0,0.0,0.0,0.0,0.0,0.0,0.0,0.0,0.0,0.0,0.0,0.0,0.0,0.0,0.0,0.0,0.0,0.0,0.0,0.0,0.0,0.0,0.0,0.0,0.0,0.0,0.0,0.0,0.0,0.0,0.0,0.0,0.0,0.0,0.0,0.0,0.0
attack,"""gbeleleelembegbelee",time,time,seqgan_master,seqgan_master__final__time__A__500__MASTER__raw_character__len20__gpre120__reward_off__seed88,1467,20.0,6.0,2.1577174691301484,19.0,0.0,0.0,1.0,0.95,0.0,0.0,0.05,0.0,1.0,0.0,0.0,0.0,0.0,0.0,0.0,0.0,0.0,0.0,0.0,0.0,1.0,0.0,0.0,0.0,0.0,0.0,0.0,0.0,0.0,0.0,0.0,0.0,0.0,0.0,0.0,0.0,0.0,0.0,0.0,0.0,0.0,0.0,0.0,0.0,0.0,0.0,0.0,0.0,0.0,0.0,0.0,0.0,0.0,0.0,0.0,0.0,0.0,0.0,0.0,0.0,0.0
attack,"""gbeleeTIneTIMeleTTT",time,time,seqgan_master,seqgan_master__final__time__A__500__MASTER__raw_character__len20__gpre120__reward_off__seed88,1468,20.0,9.0,2.765957320949175,19.0,0.0,0.0,1.0,0.95,0.0,0.0,0.05,0.0,1.0,0.0,0.0,0.0,0.0,0.0,0.0,0.0,0.0,0.0,0.0,0.0,1.0,0.0,0.0,0.0,0.0,0.0,0.0,0.0,0.0,0.0,0.0,0.0,0.0,0.0,0.0,0.0,0.0,0.0,0.0,0.0,0.0,0.0,0.0,0.0,0.0,0.0,0.0,0.0,0.0,0.0,0.0,0.0,0.0,0.0,0.0,0.0,0.0,0.0,0.0,0.0,0.0
attack,"""gbeelele0eTTTTTIMMb",time,time,seqgan_master,seqgan_master__final__time__A__500__MASTER__raw_character__len20__gpre120__reward_off__seed88,1469,20.0,9.0,2.8609640474436815,18.0,1.0,0.0,1.0,0.9,0.05,0.0,0.05,0.0,1.0,0.0,0.0,0.0,0.0,0.0,0.0,0.0,0.0,0.0,0.0,0.0,1.0,0.0,0.0,0.0,0.0,0.0,0.0,0.0,0.0,0.0,0.0,0.0,0.0,0.0,0.0,0.0,0.0,0.0,0.0,0.0,0.0,0.0,0.0,0.0,0.0,0.0,0.0,0.0,0.0,0.0,0.0,0.0,0.0,0.0,0.0,0.0,0.0,0.0,0.0,0.0,0.0
attack,"""gbeleeTbeTMeTTTTTII",time,time,seqgan_master,seqgan_master__final__time__A__500__MASTER__raw_character__len20__gpre120__reward_off__seed88,1470,20.0,8.0,2.5588718484453605,19.0,0.0,0.0,1.0,0.95,0.0,0.0,0.05,0.0,1.0,0.0,0.0,0.0,0.0,0.0,0.0,0.0,0.0,0.0,0.0,0.0,1.0,0.0,0.0,0.0,0.0,0.0,0.0,0.0,0.0,0.0,0.0,0.0,0.0,0.0,0.0,0.0,0.0,0.0,0.0,0.0,0.0,0.0,0.0,0.0,0.0,0.0,0.0,0.0,0.0,0.0,0.0,0.0,0.0,0.0,0.0,0.0,0.0,0.0,0.0,0.0,0.0
attack,;waibeembeTbeleTle0T,time,time,seqgan_master,seqgan_master__final__time__A__500__MASTER__raw_character__len20__gpre120__reward_off__seed88,1471,20.0,10.0,2.970950594454669,18.0,1.0,0.0,1.0,0.9,0.05,0.0,0.05,0.0,0.0,0.0,0.0,0.0,0.0,1.0,0.0,0.0,0.0,0.0,0.0,0.0,0.0,0.0,0.0,0.0,0.0,0.0,1.0,0.0,0.0,0.0,0.0,0.0,0.0,0.0,0.0,0.0,0.0,0.0,0.0,0.0,0.0,0.0,0.0,0.0,0.0,0.0,0.0,0.0,0.0,0.0,0.0,0.0,0.0,0.0,0.0,0.0,0.0,0.0,0.0,0.0,0.0
attack,"""gbeleeeTbeleTTIpgTT",time,time,seqgan_master,seqgan_master__final__time__A__500__MASTER__raw_character__len20__gpre120__reward_off__seed88,1472,20.0,8.0,2.665957320949175,19.0,0.0,0.0,1.0,0.95,0.0,0.0,0.05,0.0,1.0,0.0,0.0,0.0,0.0,0.0,0.0,0.0,0.0,0.0,0.0,0.0,1.0,0.0,0.0,0.0,0.0,0.0,0.0,0.0,0.0,0.0,0.0,0.0,0.0,0.0,0.0,0.0,0.0,0.0,0.0,0.0,0.0,0.0,0.0,0.0,0.0,0.0,0.0,0.0,0.0,0.0,0.0,0.0,0.0,0.0,0.0,0.0,0.0,0.0,0.0,0.0,0.0
attack,gTTTIIdeleTIpgTlelel,time,time,seqgan_master,seqgan_master__final__time__A__500__MASTER__raw_character__len20__gpre120__reward_off__seed88,1473,20.0,7.0,2.6037016960573482,20.0,0.0,0.0,0.0,1.0,0.0,0.0,0.0,0.0,0.0,0.0,0.0,0.0,0.0,0.0,0.0,0.0,0.0,0.0,0.0,0.0,0.0,0.0,0.0,0.0,0.0,0.0,0.0,0.0,0.0,0.0,0.0,0.0,0.0,0.0,0.0,0.0,0.0,0.0,0.0,0.0,0.0,0.0,0.0,0.0,0.0,0.0,0.0,0.0,0.0,0.0,0.0,0.0,0.0,0.0,0.0,0.0,0.0,0.0,0.0,0.0,0.0
attack,0gbeleeTTTTIpgTbelel,time,time,seqgan_master,seqgan_master__final__time__A__500__MASTER__raw_character__len20__gpre120__reward_off__seed88,1474,20.0,8.0,2.723219672335508,19.0,1.0,0.0,0.0,0.95,0.05,0.0,0.0,0.0,0.0,0.0,0.0,0.0,0.0,0.0,0.0,0.0,0.0,0.0,0.0,0.0,0.0,0.0,0.0,0.0,0.0,0.0,0.0,0.0,0.0,0.0,0.0,0.0,0.0,0.0,0.0,0.0,0.0,0.0,0.0,0.0,0.0,0.0,0.0,0.0,0.0,0.0,0.0,0.0,0.0,0.0,0.0,0.0,0.0,0.0,0.0,0.0,0.0,0.0,0.0,0.0,0.0
attack,"""gbeegbelegleTITITIp",time,time,seqgan_master,seqgan_master__final__time__A__500__MASTER__raw_character__len20__gpre120__reward_off__seed88,1475,20.0,8.0,2.8282129458410017,19.0,0.0,0.0,1.0,0.95,0.0,0.0,0.05,0.0,1.0,0.0,0.0,0.0,0.0,0.0,0.0,0.0,0.0,0.0,0.0,0.0,1.0,0.0,0.0,0.0,0.0,0.0,0.0,0.0,0.0,0.0,0.0,0.0,0.0,0.0,0.0,0.0,0.0,0.0,0.0,0.0,0.0,0.0,0.0,0.0,0.0,0.0,0.0,0.0,0.0,0.0,0.0,0.0,0.0,0.0,0.0,0.0,0.0,0.0,0.0,0.0,0.0
attack,"""gbeleleeleleeTTbeTI",time,time,seqgan_master,seqgan_master__final__time__A__500__MASTER__raw_character__len20__gpre120__reward_off__seed88,1476,20.0,7.0,2.384183719779189,19.0,0.0,0.0,1.0,0.95,0.0,0.0,0.05,0.0,1.0,0.0,0.0,0.0,0.0,0.0,0.0,0.0,0.0,0.0,0.0,0.0,1.0,0.0,0.0,0.0,0.0,0.0,0.0,0.0,0.0,0.0,0.0,0.0,0.0,0.0,0.0,0.0,0.0,0.0,0.0,0.0,0.0,0.0,0.0,0.0,0.0,0.0,0.0,0.0,0.0,0.0,0.0,0.0,0.0,0.0,0.0,0.0,0.0,0.0,0.0,0.0,0.0
attack,"""gbeleeleTTIbeleeTIT",time,time,seqgan_master,seqgan_master__final__time__A__500__MASTER__raw_character__len20__gpre120__reward_off__seed88,1477,20.0,7.0,2.5016094970590275,19.0,0.0,0.0,1.0,0.95,0.0,0.0,0.05,0.0,1.0,0.0,0.0,0.0,0.0,0.0,0.0,0.0,0.0,0.0,0.0,0.0,1.0,0.0,0.0,0.0,0.0,0.0,0.0,0.0,0.0,0.0,0.0,0.0,0.0,0.0,0.0,0.0,0.0,0.0,0.0,0.0,0.0,0.0,0.0,0.0,0.0,0.0,0.0,0.0,0.0,0.0,0.0,0.0,0.0,0.0,0.0,0.0,0.0,0.0,0.0,0.0,0.0
attack,"""gbrbeeleeTTTTbeTTTT",time,time,seqgan_master,seqgan_master__final__time__A__500__MASTER__raw_character__len20__gpre120__reward_off__seed88,1478,20.0,7.0,2.3037016960573484,19.0,0.0,0.0,1.0,0.95,0.0,0.0,0.05,0.0,1.0,0.0,0.0,0.0,0.0,0.0,0.0,0.0,0.0,0.0,0.0,0.0,1.0,0.0,0.0,0.0,0.0,0.0,0.0,0.0,0.0,0.0,0.0,0.0,0.0,0.0,0.0,0.0,0.0,0.0,0.0,0.0,0.0,0.0,0.0,0.0,0.0,0.0,0.0,0.0,0.0,0.0,0.0,0.0,0.0,0.0,0.0,0.0,0.0,0.0,0.0,0.0,0.0
attack,"""gbeleeTTTIMbelelele",time,time,seqgan_master,seqgan_master__final__time__A__500__MASTER__raw_character__len20__gpre120__reward_off__seed88,1479,20.0,8.0,2.6016094970590276,19.0,0.0,0.0,1.0,0.95,0.0,0.0,0.05,0.0,1.0,0.0,0.0,0.0,0.0,0.0,0.0,0.0,0.0,0.0,0.0,0.0,1.0,0.0,0.0,0.0,0.0,0.0,0.0,0.0,0.0,0.0,0.0,0.0,0.0,0.0,0.0,0.0,0.0,0.0,0.0,0.0,0.0,0.0,0.0,0.0,0.0,0.0,0.0,0.0,0.0,0.0,0.0,0.0,0.0,0.0,0.0,0.0,0.0,0.0,0.0,0.0,0.0
attack,"""gbeleele0TTslelelel",time,time,seqgan_master,seqgan_master__final__time__A__500__MASTER__raw_character__len20__gpre120__reward_off__seed88,1480,20.0,8.0,2.463865121950854,18.0,1.0,0.0,1.0,0.9,0.05,0.0,0.05,0.0,1.0,0.0,0.0,0.0,0.0,0.0,0.0,0.0,0.0,0.0,0.0,0.0,1.0,0.0,0.0,0.0,0.0,0.0,0.0,0.0,0.0,0.0,0.0,0.0,0.0,0.0,0.0,0.0,0.0,0.0,0.0,0.0,0.0,0.0,0.0,0.0,0.0,0.0,0.0,0.0,0.0,0.0,0.0,0.0,0.0,0.0,0.0,0.0,0.0,0.0,0.0,0.0,0.0
attack,"""gbeleeTTTIMbeTbeTII",time,time,seqgan_master,seqgan_master__final__time__A__500__MASTER__raw_character__len20__gpre120__reward_off__seed88,1481,20.0,8.0,2.6854752972273346,19.0,0.0,0.0,1.0,0.95,0.0,0.0,0.05,0.0,1.0,0.0,0.0,0.0,0.0,0.0,0.0,0.0,0.0,0.0,0.0,0.0,1.0,0.0,0.0,0.0,0.0,0.0,0.0,0.0,0.0,0.0,0.0,0.0,0.0,0.0,0.0,0.0,0.0,0.0,0.0,0.0,0.0,0.0,0.0,0.0,0.0,0.0,0.0,0.0,0.0,0.0,0.0,0.0,0.0,0.0,0.0,0.0,0.0,0.0,0.0,0.0,0.0
attack,"""gbeleeTIMbeeTTTITIb",time,time,seqgan_master,seqgan_master__final__time__A__500__MASTER__raw_character__len20__gpre120__reward_off__seed88,1482,20.0,8.0,2.6854752972273346,19.0,0.0,0.0,1.0,0.95,0.0,0.0,0.05,0.0,1.0,0.0,0.0,0.0,0.0,0.0,0.0,0.0,0.0,0.0,0.0,0.0,1.0,0.0,0.0,0.0,0.0,0.0,0.0,0.0,0.0,0.0,0.0,0.0,0.0,0.0,0.0,0.0,0.0,0.0,0.0,0.0,0.0,0.0,0.0,0.0,0.0,0.0,0.0,0.0,0.0,0.0,0.0,0.0,0.0,0.0,0.0,0.0,0.0,0.0,0.0,0.0,0.0
attack,"""gng5rbeeleTTTTTIpgT",time,time,seqgan_master,seqgan_master__final__time__A__500__MASTER__raw_character__len20__gpre120__reward_off__seed88,1483,20.0,11.0,3.070950594454669,18.0,1.0,0.0,1.0,0.9,0.05,0.0,0.05,0.0,1.0,0.0,0.0,0.0,0.0,0.0,0.0,0.0,0.0,0.0,0.0,0.0,1.0,0.0,0.0,0.0,0.0,0.0,0.0,0.0,0.0,0.0,0.0,0.0,0.0,0.0,0.0,0.0,0.0,0.0,0.0,0.0,0.0,0.0,0.0,0.0,0.0,0.0,0.0,0.0,0.0,0.0,0.0,0.0,0.0,0.0,0.0,0.0,0.0,0.0,0.0,0.0,0.0
attack,"""gbeleeeTadele0leTbe",time,time,seqgan_master,seqgan_master__final__time__A__500__MASTER__raw_character__len20__gpre120__reward_off__seed88,1484,20.0,9.0,2.684183719779189,18.0,1.0,0.0,1.0,0.9,0.05,0.0,0.05,0.0,1.0,0.0,0.0,0.0,0.0,0.0,0.0,0.0,0.0,0.0,0.0,0.0,1.0,0.0,0.0,0.0,0.0,0.0,0.0,0.0,0.0,0.0,0.0,0.0,0.0,0.0,0.0,0.0,0.0,0.0,0.0,0.0,0.0,0.0,0.0,0.0,0.0,0.0,0.0,0.0,0.0,0.0,0.0,0.0,0.0,0.0,0.0,0.0,0.0,0.0,0.0,0.0,0.0
attack,"""gbeleeleTbeTTTTIIyT",time,time,seqgan_master,seqgan_master__final__time__A__500__MASTER__raw_character__len20__gpre120__reward_off__seed88,1485,20.0,8.0,2.665957320949175,19.0,0.0,0.0,1.0,0.95,0.0,0.0,0.05,0.0,1.0,0.0,0.0,0.0,0.0,0.0,0.0,0.0,0.0,0.0,0.0,0.0,1.0,0.0,0.0,0.0,0.0,0.0,0.0,0.0,0.0,0.0,0.0,0.0,0.0,0.0,0.0,0.0,0.0,0.0,0.0,0.0,0.0,0.0,0.0,0.0,0.0,0.0,0.0,0.0,0.0,0.0,0.0,0.0,0.0,0.0,0.0,0.0,0.0,0.0,0.0,0.0,0.0
attack,"""gbeleeleTIbeleTIIbe",time,time,seqgan_master,seqgan_master__final__time__A__500__MASTER__raw_character__len20__gpre120__reward_off__seed88,1486,20.0,7.0,2.5261207468426807,19.0,0.0,0.0,1.0,0.95,0.0,0.0,0.05,0.0,1.0,0.0,0.0,0.0,0.0,0.0,0.0,0.0,0.0,0.0,0.0,0.0,1.0,0.0,0.0,0.0,0.0,0.0,0.0,0.0,0.0,0.0,0.0,0.0,0.0,0.0,0.0,0.0,0.0,0.0,0.0,0.0,0.0,0.0,0.0,0.0,0.0,0.0,0.0,0.0,0.0,0.0,0.0,0.0,0.0,0.0,0.0,0.0,0.0,0.0,0.0,0.0,0.0
attack,"""gbgbeleleeeTbeleeTT",time,time,seqgan_master,seqgan_master__final__time__A__500__MASTER__raw_character__len20__gpre120__reward_off__seed88,1487,20.0,6.0,2.308694969562842,19.0,0.0,0.0,1.0,0.95,0.0,0.0,0.05,0.0,1.0,0.0,0.0,0.0,0.0,0.0,0.0,0.0,0.0,0.0,0.0,0.0,1.0,0.0,0.0,0.0,0.0,0.0,0.0,0.0,0.0,0.0,0.0,0.0,0.0,0.0,0.0,0.0,0.0,0.0,0.0,0.0,0.0,0.0,0.0,0.0,0.0,0.0,0.0,0.0,0.0,0.0,0.0,0.0,0.0,0.0,0.0,0.0,0.0,0.0,0.0,0.0,0.0
attack,"""gbeleeTTbeleleleTTI",time,time,seqgan_master,seqgan_master__final__time__A__500__MASTER__raw_character__len20__gpre120__reward_off__seed88,1488,20.0,7.0,2.439353872167201,19.0,0.0,0.0,1.0,0.95,0.0,0.0,0.05,0.0,1.0,0.0,0.0,0.0,0.0,0.0,0.0,0.0,0.0,0.0,0.0,0.0,1.0,0.0,0.0,0.0,0.0,0.0,0.0,0.0,0.0,0.0,0.0,0.0,0.0,0.0,0.0,0.0,0.0,0.0,0.0,0.0,0.0,0.0,0.0,0.0,0.0,0.0,0.0,0.0,0.0,0.0,0.0,0.0,0.0,0.0,0.0,0.0,0.0,0.0,0.0,0.0,0.0
attack,"""gbeleeTTIpgT",time,time,seqgan_master,seqgan_master__final__time__A__500__MASTER__raw_character__len20__gpre120__reward_off__seed88,1489,13.0,8.0,2.8150724101159437,12.0,0.0,0.0,1.0,0.9230769230769231,0.0,0.0,0.07692307692307693,0.0,1.0,0.0,0.0,0.0,0.0,0.0,0.0,0.0,0.0,0.0,0.0,0.0,1.0,0.0,0.0,0.0,0.0,0.0,0.0,0.0,0.0,0.0,0.0,0.0,0.0,0.0,0.0,0.0,0.0,0.0,0.0,0.0,0.0,0.0,0.0,0.0,0.0,0.0,0.0,0.0,0.0,0.0,0.0,0.0,0.0,0.0,0.0,0.0,0.0,0.0,0.0,0.0,0.0
attack,"""gbeleeleTIITTTbleeT",time,time,seqgan_master,seqgan_master__final__time__A__500__MASTER__raw_character__len20__gpre120__reward_off__seed88,1490,20.0,7.0,2.5282129458410014,19.0,0.0,0.0,1.0,0.95,0.0,0.0,0.05,0.0,1.0,0.0,0.0,0.0,0.0,0.0,0.0,0.0,0.0,0.0,0.0,0.0,1.0,0.0,0.0,0.0,0.0,0.0,0.0,0.0,0.0,0.0,0.0,0.0,0.0,0.0,0.0,0.0,0.0,0.0,0.0,0.0,0.0,0.0,0.0,0.0,0.0,0.0,0.0,0.0,0.0,0.0,0.0,0.0,0.0,0.0,0.0,0.0,0.0,0.0,0.0,0.0,0.0
attack,"""gbegbeleleeeleeTITT",time,time,seqgan_master,seqgan_master__final__time__A__500__MASTER__raw_character__len20__gpre120__reward_off__seed88,1491,20.0,7.0,2.4464393446710155,19.0,0.0,0.0,1.0,0.95,0.0,0.0,0.05,0.0,1.0,0.0,0.0,0.0,0.0,0.0,0.0,0.0,0.0,0.0,0.0,0.0,1.0,0.0,0.0,0.0,0.0,0.0,0.0,0.0,0.0,0.0,0.0,0.0,0.0,0.0,0.0,0.0,0.0,0.0,0.0,0.0,0.0,0.0,0.0,0.0,0.0,0.0,0.0,0.0,0.0,0.0,0.0,0.0,0.0,0.0,0.0,0.0,0.0,0.0,0.0,0.0,0.0
attack,"""gngbeleeleleTbeeTTb",time,time,seqgan_master,seqgan_master__final__time__A__500__MASTER__raw_character__len20__gpre120__reward_off__seed88,1492,20.0,7.0,2.5261207468426807,19.0,0.0,0.0,1.0,0.95,0.0,0.0,0.05,0.0,1.0,0.0,0.0,0.0,0.0,0.0,0.0,0.0,0.0,0.0,0.0,0.0,1.0,0.0,0.0,0.0,0.0,0.0,0.0,0.0,0.0,0.0,0.0,0.0,0.0,0.0,0.0,0.0,0.0,0.0,0.0,0.0,0.0,0.0,0.0,0.0,0.0,0.0,0.0,0.0,0.0,0.0,0.0,0.0,0.0,0.0,0.0,0.0,0.0,0.0,0.0,0.0,0.0
attack,"""gbeleeleTTIpgTIdele",time,time,seqgan_master,seqgan_master__final__time__A__500__MASTER__raw_character__len20__gpre120__reward_off__seed88,1493,20.0,9.0,2.8709505944546687,19.0,0.0,0.0,1.0,0.95,0.0,0.0,0.05,0.0,1.0,0.0,0.0,0.0,0.0,0.0,0.0,0.0,0.0,0.0,0.0,0.0,1.0,0.0,0.0,0.0,0.0,0.0,0.0,0.0,0.0,0.0,0.0,0.0,0.0,0.0,0.0,0.0,0.0,0.0,0.0,0.0,0.0,0.0,0.0,0.0,0.0,0.0,0.0,0.0,0.0,0.0,0.0,0.0,0.0,0.0,0.0,0.0,0.0,0.0,0.0,0.0,0.0
attack,"""gbeleleeTpTIMbelele",time,time,seqgan_master,seqgan_master__final__time__A__500__MASTER__raw_character__len20__gpre120__reward_off__seed88,1494,20.0,9.0,2.739353872167201,19.0,0.0,0.0,1.0,0.95,0.0,0.0,0.05,0.0,1.0,0.0,0.0,0.0,0.0,0.0,0.0,0.0,0.0,0.0,0.0,0.0,1.0,0.0,0.0,0.0,0.0,0.0,0.0,0.0,0.0,0.0,0.0,0.0,0.0,0.0,0.0,0.0,0.0,0.0,0.0,0.0,0.0,0.0,0.0,0.0,0.0,0.0,0.0,0.0,0.0,0.0,0.0,0.0,0.0,0.0,0.0,0.0,0.0,0.0,0.0,0.0,0.0
attack,"""gngbeleeleeleTTeleT",time,time,seqgan_master,seqgan_master__final__time__A__500__MASTER__raw_character__len20__gpre120__reward_off__seed88,1495,20.0,7.0,2.384183719779189,19.0,0.0,0.0,1.0,0.95,0.0,0.0,0.05,0.0,1.0,0.0,0.0,0.0,0.0,0.0,0.0,0.0,0.0,0.0,0.0,0.0,1.0,0.0,0.0,0.0,0.0,0.0,0.0,0.0,0.0,0.0,0.0,0.0,0.0,0.0,0.0,0.0,0.0,0.0,0.0,0.0,0.0,0.0,0.0,0.0,0.0,0.0,0.0,0.0,0.0,0.0,0.0,0.0,0.0,0.0,0.0,0.0,0.0,0.0,0.0,0.0,0.0
attack,"""gbeleegbeleeleTIMbe",time,time,seqgan_master,seqgan_master__final__time__A__500__MASTER__raw_character__len20__gpre120__reward_off__seed88,1496,20.0,8.0,2.5464393446710156,19.0,0.0,0.0,1.0,0.95,0.0,0.0,0.05,0.0,1.0,0.0,0.0,0.0,0.0,0.0,0.0,0.0,0.0,0.0,0.0,0.0,1.0,0.0,0.0,0.0,0.0,0.0,0.0,0.0,0.0,0.0,0.0,0.0,0.0,0.0,0.0,0.0,0.0,0.0,0.0,0.0,0.0,0.0,0.0,0.0,0.0,0.0,0.0,0.0,0.0,0.0,0.0,0.0,0.0,0.0,0.0,0.0,0.0,0.0,0.0,0.0,0.0
attack, ribeeleleTbeleTTTTT,time,time,seqgan_master,seqgan_master__final__time__A__500__MASTER__raw_character__len20__gpre120__reward_off__seed88,1497,20.0,7.0,2.4332062193464954,19.0,0.0,1.0,0.0,0.95,0.0,0.05,0.0,0.0,0.0,0.0,0.0,0.0,0.0,0.0,0.0,0.0,0.0,0.0,0.0,0.0,0.0,0.0,0.0,0.0,0.0,0.0,0.0,0.0,0.0,0.0,0.0,0.0,0.0,0.0,0.0,0.0,0.0,0.0,0.0,0.0,0.0,0.0,0.0,0.0,0.0,0.0,0.0,0.0,0.0,0.0,0.0,0.0,0.0,0.0,0.0,0.0,0.0,0.0,0.0,0.0,0.0
attack,"""gTbeleeTleleTIMbele",time,time,seqgan_master,seqgan_master__final__time__A__500__MASTER__raw_character__len20__gpre120__reward_off__seed88,1498,20.0,8.0,2.6016094970590276,19.0,0.0,0.0,1.0,0.95,0.0,0.0,0.05,0.0,1.0,0.0,0.0,0.0,0.0,0.0,0.0,0.0,0.0,0.0,0.0,0.0,1.0,0.0,0.0,0.0,0.0,0.0,0.0,0.0,0.0,0.0,0.0,0.0,0.0,0.0,0.0,0.0,0.0,0.0,0.0,0.0,0.0,0.0,0.0,0.0,0.0,0.0,0.0,0.0,0.0,0.0,0.0,0.0,0.0,0.0,0.0,0.0,0.0,0.0,0.0,0.0,0.0
attack,"""gbeleeTIMbelelele0e",time,time,seqgan_master,seqgan_master__final__time__A__500__MASTER__raw_character__len20__gpre120__reward_off__seed88,1499,20.0,9.0,2.6219280948873624,18.0,1.0,0.0,1.0,0.9,0.05,0.0,0.05,0.0,1.0,0.0,0.0,0.0,0.0,0.0,0.0,0.0,0.0,0.0,0.0,0.0,1.0,0.0,0.0,0.0,0.0,0.0,0.0,0.0,0.0,0.0,0.0,0.0,0.0,0.0,0.0,0.0,0.0,0.0,0.0,0.0,0.0,0.0,0.0,0.0,0.0,0.0,0.0,0.0,0.0,0.0,0.0,0.0,0.0,0.0,0.0,0.0,0.0,0.0,0.0,0.0,0.0
attack,"""gbeeleTbeTbeleTeTIM",time,time,seqgan_master,seqgan_master__final__time__A__500__MASTER__raw_character__len20__gpre120__reward_off__seed88,1500,20.0,8.0,2.6016094970590276,19.0,0.0,0.0,1.0,0.95,0.0,0.0,0.05,0.0,1.0,0.0,0.0,0.0,0.0,0.0,0.0,0.0,0.0,0.0,0.0,0.0,1.0,0.0,0.0,0.0,0.0,0.0,0.0,0.0,0.0,0.0,0.0,0.0,0.0,0.0,0.0,0.0,0.0,0.0,0.0,0.0,0.0,0.0,0.0,0.0,0.0,0.0,0.0,0.0,0.0,0.0,0.0,0.0,0.0,0.0,0.0,0.0,0.0,0.0,0.0,0.0,0.0
attack,"""gbelebeeleele0lelel",time,time,seqgan_master,seqgan_master__final__time__A__500__MASTER__raw_character__len20__gpre120__reward_off__seed88,1501,20.0,6.0,2.0199730940219753,18.0,1.0,0.0,1.0,0.9,0.05,0.0,0.05,0.0,1.0,0.0,0.0,0.0,0.0,0.0,0.0,0.0,0.0,0.0,0.0,0.0,1.0,0.0,0.0,0.0,0.0,0.0,0.0,0.0,0.0,0.0,0.0,0.0,0.0,0.0,0.0,0.0,0.0,0.0,0.0,0.0,0.0,0.0,0.0,0.0,0.0,0.0,0.0,0.0,0.0,0.0,0.0,0.0,0.0,0.0,0.0,0.0,0.0,0.0,0.0,0.0,0.0
attack,"""gbgbeleleleeeTTTIII",time,time,seqgan_master,seqgan_master__final__time__A__500__MASTER__raw_character__len20__gpre120__reward_off__seed88,1502,20.0,7.0,2.633206219346495,19.0,0.0,0.0,1.0,0.95,0.0,0.0,0.05,0.0,1.0,0.0,0.0,0.0,0.0,0.0,0.0,0.0,0.0,0.0,0.0,0.0,1.0,0.0,0.0,0.0,0.0,0.0,0.0,0.0,0.0,0.0,0.0,0.0,0.0,0.0,0.0,0.0,0.0,0.0,0.0,0.0,0.0,0.0,0.0,0.0,0.0,0.0,0.0,0.0,0.0,0.0,0.0,0.0,0.0,0.0,0.0,0.0,0.0,0.0,0.0,0.0,0.0
attack,"""gbeleeleTIsrirnelel",time,time,seqgan_master,seqgan_master__final__time__A__500__MASTER__raw_character__len20__gpre120__reward_off__seed88,1503,20.0,11.0,3.0464393446710156,19.0,0.0,0.0,1.0,0.95,0.0,0.0,0.05,0.0,1.0,0.0,0.0,0.0,0.0,0.0,0.0,0.0,0.0,0.0,0.0,0.0,1.0,0.0,0.0,0.0,0.0,0.0,0.0,0.0,0.0,0.0,0.0,0.0,0.0,0.0,0.0,0.0,0.0,0.0,0.0,0.0,0.0,0.0,0.0,0.0,0.0,0.0,0.0,0.0,0.0,0.0,0.0,0.0,0.0,0.0,0.0,0.0,0.0,0.0,0.0,0.0,0.0
attack,"""gbeleeleeTbTTITpgTT",time,time,seqgan_master,seqgan_master__final__time__A__500__MASTER__raw_character__len20__gpre120__reward_off__seed88,1504,20.0,8.0,2.665957320949175,19.0,0.0,0.0,1.0,0.95,0.0,0.0,0.05,0.0,1.0,0.0,0.0,0.0,0.0,0.0,0.0,0.0,0.0,0.0,0.0,0.0,1.0,0.0,0.0,0.0,0.0,0.0,0.0,0.0,0.0,0.0,0.0,0.0,0.0,0.0,0.0,0.0,0.0,0.0,0.0,0.0,0.0,0.0,0.0,0.0,0.0,0.0,0.0,0.0,0.0,0.0,0.0,0.0,0.0,0.0,0.0,0.0,0.0,0.0,0.0,0.0,0.0
attack,"""gbeleleleeleleTTTTI",time,time,seqgan_master,seqgan_master__final__time__A__500__MASTER__raw_character__len20__gpre120__reward_off__seed88,1505,20.0,7.0,2.3588718484453604,19.0,0.0,0.0,1.0,0.95,0.0,0.0,0.05,0.0,1.0,0.0,0.0,0.0,0.0,0.0,0.0,0.0,0.0,0.0,0.0,0.0,1.0,0.0,0.0,0.0,0.0,0.0,0.0,0.0,0.0,0.0,0.0,0.0,0.0,0.0,0.0,0.0,0.0,0.0,0.0,0.0,0.0,0.0,0.0,0.0,0.0,0.0,0.0,0.0,0.0,0.0,0.0,0.0,0.0,0.0,0.0,0.0,0.0,0.0,0.0,0.0,0.0
attack,"""gbeeleleleleleleele",time,time,seqgan_master,seqgan_master__final__time__A__500__MASTER__raw_character__len20__gpre120__reward_off__seed88,1506,20.0,5.0,1.6783898247235198,19.0,0.0,0.0,1.0,0.95,0.0,0.0,0.05,0.0,1.0,0.0,0.0,0.0,0.0,0.0,0.0,0.0,0.0,0.0,0.0,0.0,1.0,0.0,0.0,0.0,0.0,0.0,0.0,0.0,0.0,0.0,0.0,0.0,0.0,0.0,0.0,0.0,0.0,0.0,0.0,0.0,0.0,0.0,0.0,0.0,0.0,0.0,0.0,0.0,0.0,0.0,0.0,0.0,0.0,0.0,0.0,0.0,0.0,0.0,0.0,0.0,0.0
attack,"""gbgbeleeeTTbeTIpgbe",time,time,seqgan_master,seqgan_master__final__time__A__500__MASTER__raw_character__len20__gpre120__reward_off__seed88,1507,20.0,8.0,2.6709505944546685,19.0,0.0,0.0,1.0,0.95,0.0,0.0,0.05,0.0,1.0,0.0,0.0,0.0,0.0,0.0,0.0,0.0,0.0,0.0,0.0,0.0,1.0,0.0,0.0,0.0,0.0,0.0,0.0,0.0,0.0,0.0,0.0,0.0,0.0,0.0,0.0,0.0,0.0,0.0,0.0,0.0,0.0,0.0,0.0,0.0,0.0,0.0,0.0,0.0,0.0,0.0,0.0,0.0,0.0,0.0,0.0,0.0,0.0,0.0,0.0,0.0,0.0
attack,"""gbeleleeleleTbeTTTT",time,time,seqgan_master,seqgan_master__final__time__A__500__MASTER__raw_character__len20__gpre120__reward_off__seed88,1508,20.0,6.0,2.2588718484453603,19.0,0.0,0.0,1.0,0.95,0.0,0.0,0.05,0.0,1.0,0.0,0.0,0.0,0.0,0.0,0.0,0.0,0.0,0.0,0.0,0.0,1.0,0.0,0.0,0.0,0.0,0.0,0.0,0.0,0.0,0.0,0.0,0.0,0.0,0.0,0.0,0.0,0.0,0.0,0.0,0.0,0.0,0.0,0.0,0.0,0.0,0.0,0.0,0.0,0.0,0.0,0.0,0.0,0.0,0.0,0.0,0.0,0.0,0.0,0.0,0.0,0.0
attack,"""gbeleleeleeTITTTpgT",time,time,seqgan_master,seqgan_master__final__time__A__500__MASTER__raw_character__len20__gpre120__reward_off__seed88,1509,20.0,8.0,2.6282129458410015,19.0,0.0,0.0,1.0,0.95,0.0,0.0,0.05,0.0,1.0,0.0,0.0,0.0,0.0,0.0,0.0,0.0,0.0,0.0,0.0,0.0,1.0,0.0,0.0,0.0,0.0,0.0,0.0,0.0,0.0,0.0,0.0,0.0,0.0,0.0,0.0,0.0,0.0,0.0,0.0,0.0,0.0,0.0,0.0,0.0,0.0,0.0,0.0,0.0,0.0,0.0,0.0,0.0,0.0,0.0,0.0,0.0,0.0,0.0,0.0,0.0,0.0
attack,gTIpgTleleleleeTTTIp,time,time,seqgan_master,seqgan_master__final__time__A__500__MASTER__raw_character__len20__gpre120__reward_off__seed88,1510,20.0,6.0,2.460964047443681,20.0,0.0,0.0,0.0,1.0,0.0,0.0,0.0,0.0,0.0,0.0,0.0,0.0,0.0,0.0,0.0,0.0,0.0,0.0,0.0,0.0,0.0,0.0,0.0,0.0,0.0,0.0,0.0,0.0,0.0,0.0,0.0,0.0,0.0,0.0,0.0,0.0,0.0,0.0,0.0,0.0,0.0,0.0,0.0,0.0,0.0,0.0,0.0,0.0,0.0,0.0,0.0,0.0,0.0,0.0,0.0,0.0,0.0,0.0,0.0,0.0,0.0
attack,"""gbeleeTTTTTelleTIIT",time,time,seqgan_master,seqgan_master__final__time__A__500__MASTER__raw_character__len20__gpre120__reward_off__seed88,1511,20.0,7.0,2.421127473337187,19.0,0.0,0.0,1.0,0.95,0.0,0.0,0.05,0.0,1.0,0.0,0.0,0.0,0.0,0.0,0.0,0.0,0.0,0.0,0.0,0.0,1.0,0.0,0.0,0.0,0.0,0.0,0.0,0.0,0.0,0.0,0.0,0.0,0.0,0.0,0.0,0.0,0.0,0.0,0.0,0.0,0.0,0.0,0.0,0.0,0.0,0.0,0.0,0.0,0.0,0.0,0.0,0.0,0.0,0.0,0.0,0.0,0.0,0.0,0.0,0.0,0.0
attack,"""gbeleeleleleeTbTTpg",time,time,seqgan_master,seqgan_master__final__time__A__500__MASTER__raw_character__len20__gpre120__reward_off__seed88,1512,20.0,7.0,2.5016094970590275,19.0,0.0,0.0,1.0,0.95,0.0,0.0,0.05,0.0,1.0,0.0,0.0,0.0,0.0,0.0,0.0,0.0,0.0,0.0,0.0,0.0,1.0,0.0,0.0,0.0,0.0,0.0,0.0,0.0,0.0,0.0,0.0,0.0,0.0,0.0,0.0,0.0,0.0,0.0,0.0,0.0,0.0,0.0,0.0,0.0,0.0,0.0,0.0,0.0,0.0,0.0,0.0,0.0,0.0,0.0,0.0,0.0,0.0,0.0,0.0,0.0,0.0
attack,"""bgbgrbeeleeTTITTTIb",time,time,seqgan_master,seqgan_master__final__time__A__500__MASTER__raw_character__len20__gpre120__reward_off__seed88,1513,20.0,8.0,2.7414460711655217,19.0,0.0,0.0,1.0,0.95,0.0,0.0,0.05,0.0,1.0,0.0,0.0,0.0,0.0,0.0,0.0,0.0,0.0,0.0,0.0,0.0,1.0,0.0,0.0,0.0,0.0,0.0,0.0,0.0,0.0,0.0,0.0,0.0,0.0,0.0,0.0,0.0,0.0,0.0,0.0,0.0,0.0,0.0,0.0,0.0,0.0,0.0,0.0,0.0,0.0,0.0,0.0,0.0,0.0,0.0,0.0,0.0,0.0,0.0,0.0,0.0,0.0
attack,"""gbeleleleeeTbeTTTIM",time,time,seqgan_master,seqgan_master__final__time__A__500__MASTER__raw_character__len20__gpre120__reward_off__seed88,1514,20.0,8.0,2.6016094970590276,19.0,0.0,0.0,1.0,0.95,0.0,0.0,0.05,0.0,1.0,0.0,0.0,0.0,0.0,0.0,0.0,0.0,0.0,0.0,0.0,0.0,1.0,0.0,0.0,0.0,0.0,0.0,0.0,0.0,0.0,0.0,0.0,0.0,0.0,0.0,0.0,0.0,0.0,0.0,0.0,0.0,0.0,0.0,0.0,0.0,0.0,0.0,0.0,0.0,0.0,0.0,0.0,0.0,0.0,0.0,0.0,0.0,0.0,0.0,0.0,0.0,0.0
attack,"""gbeleleeleleTIMbeeT",time,time,seqgan_master,seqgan_master__final__time__A__500__MASTER__raw_character__len20__gpre120__reward_off__seed88,1515,20.0,8.0,2.5219280948873624,19.0,0.0,0.0,1.0,0.95,0.0,0.0,0.05,0.0,1.0,0.0,0.0,0.0,0.0,0.0,0.0,0.0,0.0,0.0,0.0,0.0,1.0,0.0,0.0,0.0,0.0,0.0,0.0,0.0,0.0,0.0,0.0,0.0,0.0,0.0,0.0,0.0,0.0,0.0,0.0,0.0,0.0,0.0,0.0,0.0,0.0,0.0,0.0,0.0,0.0,0.0,0.0,0.0,0.0,0.0,0.0,0.0,0.0,0.0,0.0,0.0,0.0
attack,"""gbeleeleeleTcbTsgtr",time,time,seqgan_master,seqgan_master__final__time__A__500__MASTER__raw_character__len20__gpre120__reward_off__seed88,1516,20.0,10.0,3.008694969562842,19.0,0.0,0.0,1.0,0.95,0.0,0.0,0.05,0.0,1.0,0.0,0.0,0.0,0.0,0.0,0.0,0.0,0.0,0.0,0.0,0.0,1.0,0.0,0.0,0.0,0.0,0.0,0.0,0.0,0.0,0.0,0.0,0.0,0.0,0.0,0.0,0.0,0.0,0.0,0.0,0.0,0.0,0.0,0.0,0.0,0.0,0.0,0.0,0.0,0.0,0.0,0.0,0.0,0.0,0.0,0.0,0.0,0.0,0.0,0.0,0.0,0.0
attack,"""gbeleeTbeTle0tpgTTb",time,time,seqgan_master,seqgan_master__final__time__A__500__MASTER__raw_character__len20__gpre120__reward_off__seed88,1517,20.0,9.0,2.9037016960573485,18.0,1.0,0.0,1.0,0.9,0.05,0.0,0.05,0.0,1.0,0.0,0.0,0.0,0.0,0.0,0.0,0.0,0.0,0.0,0.0,0.0,1.0,0.0,0.0,0.0,0.0,0.0,0.0,0.0,0.0,0.0,0.0,0.0,0.0,0.0,0.0,0.0,0.0,0.0,0.0,0.0,0.0,0.0,0.0,0.0,0.0,0.0,0.0,0.0,0.0,0.0,0.0,0.0,0.0,0.0,0.0,0.0,0.0,0.0,0.0,0.0,0.0
attack,"""gbeleeTleleleleTTTI",time,time,seqgan_master,seqgan_master__final__time__A__500__MASTER__raw_character__len20__gpre120__reward_off__seed88,1518,20.0,7.0,2.3588718484453604,19.0,0.0,0.0,1.0,0.95,0.0,0.0,0.05,0.0,1.0,0.0,0.0,0.0,0.0,0.0,0.0,0.0,0.0,0.0,0.0,0.0,1.0,0.0,0.0,0.0,0.0,0.0,0.0,0.0,0.0,0.0,0.0,0.0,0.0,0.0,0.0,0.0,0.0,0.0,0.0,0.0,0.0,0.0,0.0,0.0,0.0,0.0,0.0,0.0,0.0,0.0,0.0,0.0,0.0,0.0,0.0,0.0,0.0,0.0,0.0,0.0,0.0
attack,",wbeeleeTbeTIIpgTkTT",time,time,seqgan_master,seqgan_master__final__time__A__500__MASTER__raw_character__len20__gpre120__reward_off__seed88,1519,20.0,10.0,2.9609640474436816,19.0,0.0,0.0,1.0,0.95,0.0,0.0,0.05,0.0,0.0,0.0,0.0,0.0,0.0,0.0,0.0,0.0,0.0,1.0,0.0,0.0,0.0,0.0,0.0,0.0,0.0,0.0,0.0,0.0,0.0,0.0,0.0,0.0,0.0,0.0,0.0,0.0,0.0,0.0,0.0,0.0,0.0,0.0,0.0,0.0,0.0,0.0,0.0,0.0,0.0,0.0,0.0,0.0,0.0,0.0,0.0,0.0,0.0,0.0,0.0,0.0,0.0
attack,"""gbeelebeeTITIneTITI",time,time,seqgan_master,seqgan_master__final__time__A__500__MASTER__raw_character__len20__gpre120__reward_off__seed88,1520,20.0,8.0,2.6464393446710157,19.0,0.0,0.0,1.0,0.95,0.0,0.0,0.05,0.0,1.0,0.0,0.0,0.0,0.0,0.0,0.0,0.0,0.0,0.0,0.0,0.0,1.0,0.0,0.0,0.0,0.0,0.0,0.0,0.0,0.0,0.0,0.0,0.0,0.0,0.0,0.0,0.0,0.0,0.0,0.0,0.0,0.0,0.0,0.0,0.0,0.0,0.0,0.0,0.0,0.0,0.0,0.0,0.0,0.0,0.0,0.0,0.0,0.0,0.0,0.0,0.0,0.0
attack,"""gbeelelelyTTbleeTIb",time,time,seqgan_master,seqgan_master__final__time__A__500__MASTER__raw_character__len20__gpre120__reward_off__seed88,1521,20.0,8.0,2.6709505944546685,19.0,0.0,0.0,1.0,0.95,0.0,0.0,0.05,0.0,1.0,0.0,0.0,0.0,0.0,0.0,0.0,0.0,0.0,0.0,0.0,0.0,1.0,0.0,0.0,0.0,0.0,0.0,0.0,0.0,0.0,0.0,0.0,0.0,0.0,0.0,0.0,0.0,0.0,0.0,0.0,0.0,0.0,0.0,0.0,0.0,0.0,0.0,0.0,0.0,0.0,0.0,0.0,0.0,0.0,0.0,0.0,0.0,0.0,0.0,0.0,0.0,0.0
attack,"""gbeleleeeTTTTTTTMbb",time,time,seqgan_master,seqgan_master__final__time__A__500__MASTER__raw_character__len20__gpre120__reward_off__seed88,1522,20.0,7.0,2.421127473337187,19.0,0.0,0.0,1.0,0.95,0.0,0.0,0.05,0.0,1.0,0.0,0.0,0.0,0.0,0.0,0.0,0.0,0.0,0.0,0.0,0.0,1.0,0.0,0.0,0.0,0.0,0.0,0.0,0.0,0.0,0.0,0.0,0.0,0.0,0.0,0.0,0.0,0.0,0.0,0.0,0.0,0.0,0.0,0.0,0.0,0.0,0.0,0.0,0.0,0.0,0.0,0.0,0.0,0.0,0.0,0.0,0.0,0.0,0.0,0.0,0.0,0.0
attack,1 iiiibeleeleleITIrn,time,time,seqgan_master,seqgan_master__final__time__A__500__MASTER__raw_character__len20__gpre120__reward_off__seed88,1523,20.0,10.0,3.0037016960573486,18.0,1.0,1.0,0.0,0.9,0.05,0.05,0.0,0.0,0.0,0.0,0.0,0.0,0.0,0.0,0.0,0.0,0.0,0.0,0.0,0.0,0.0,0.0,0.0,0.0,0.0,0.0,0.0,0.0,0.0,0.0,0.0,0.0,0.0,0.0,0.0,0.0,0.0,0.0,0.0,0.0,0.0,0.0,0.0,0.0,0.0,0.0,0.0,0.0,0.0,0.0,0.0,0.0,0.0,0.0,0.0,0.0,0.0,0.0,0.0,0.0,0.0
attack,"""gbeleleeleTMeTTTbeT",time,time,seqgan_master,seqgan_master__final__time__A__500__MASTER__raw_character__len20__gpre120__reward_off__seed88,1524,20.0,7.0,2.421127473337187,19.0,0.0,0.0,1.0,0.95,0.0,0.0,0.05,0.0,1.0,0.0,0.0,0.0,0.0,0.0,0.0,0.0,0.0,0.0,0.0,0.0,1.0,0.0,0.0,0.0,0.0,0.0,0.0,0.0,0.0,0.0,0.0,0.0,0.0,0.0,0.0,0.0,0.0,0.0,0.0,0.0,0.0,0.0,0.0,0.0,0.0,0.0,0.0,0.0,0.0,0.0,0.0,0.0,0.0,0.0,0.0,0.0,0.0,0.0,0.0,0.0,0.0
attack,"""gbeleeleelleeTTTTTT",time,time,seqgan_master,seqgan_master__final__time__A__500__MASTER__raw_character__len20__gpre120__reward_off__seed88,1525,20.0,6.0,2.1638651219508542,19.0,0.0,0.0,1.0,0.95,0.0,0.0,0.05,0.0,1.0,0.0,0.0,0.0,0.0,0.0,0.0,0.0,0.0,0.0,0.0,0.0,1.0,0.0,0.0,0.0,0.0,0.0,0.0,0.0,0.0,0.0,0.0,0.0,0.0,0.0,0.0,0.0,0.0,0.0,0.0,0.0,0.0,0.0,0.0,0.0,0.0,0.0,0.0,0.0,0.0,0.0,0.0,0.0,0.0,0.0,0.0,0.0,0.0,0.0,0.0,0.0,0.0
attack,orTdlel0gbeTTIpgTTle,time,time,seqgan_master,seqgan_master__final__time__A__500__MASTER__raw_character__len20__gpre120__reward_off__seed88,1526,20.0,11.0,3.165957320949175,19.0,1.0,0.0,0.0,0.95,0.05,0.0,0.0,0.0,0.0,0.0,0.0,0.0,0.0,0.0,0.0,0.0,0.0,0.0,0.0,0.0,0.0,0.0,0.0,0.0,0.0,0.0,0.0,0.0,0.0,0.0,0.0,0.0,0.0,0.0,0.0,0.0,0.0,0.0,0.0,0.0,0.0,0.0,0.0,0.0,0.0,0.0,0.0,0.0,0.0,0.0,0.0,0.0,0.0,0.0,0.0,0.0,0.0,0.0,0.0,0.0,0.0
attack,"""gbeleleleeleTIMelel",time,time,seqgan_master,seqgan_master__final__time__A__500__MASTER__raw_character__len20__gpre120__reward_off__seed88,1527,20.0,8.0,2.3464393446710154,19.0,0.0,0.0,1.0,0.95,0.0,0.0,0.05,0.0,1.0,0.0,0.0,0.0,0.0,0.0,0.0,0.0,0.0,0.0,0.0,0.0,1.0,0.0,0.0,0.0,0.0,0.0,0.0,0.0,0.0,0.0,0.0,0.0,0.0,0.0,0.0,0.0,0.0,0.0,0.0,0.0,0.0,0.0,0.0,0.0,0.0,0.0,0.0,0.0,0.0,0.0,0.0,0.0,0.0,0.0,0.0,0.0,0.0,0.0,0.0,0.0,0.0
attack,"""gbeleeebeT0TTITTIMb",time,time,seqgan_master,seqgan_master__final__time__A__500__MASTER__raw_character__len20__gpre120__reward_off__seed88,1528,20.0,9.0,2.823219672335508,18.0,1.0,0.0,1.0,0.9,0.05,0.0,0.05,0.0,1.0,0.0,0.0,0.0,0.0,0.0,0.0,0.0,0.0,0.0,0.0,0.0,1.0,0.0,0.0,0.0,0.0,0.0,0.0,0.0,0.0,0.0,0.0,0.0,0.0,0.0,0.0,0.0,0.0,0.0,0.0,0.0,0.0,0.0,0.0,0.0,0.0,0.0,0.0,0.0,0.0,0.0,0.0,0.0,0.0,0.0,0.0,0.0,0.0,0.0,0.0,0.0,0.0
attack,"""gbeeleleTTTTITITTTI",time,time,seqgan_master,seqgan_master__final__time__A__500__MASTER__raw_character__len20__gpre120__reward_off__seed88,1529,20.0,7.0,2.384183719779189,19.0,0.0,0.0,1.0,0.95,0.0,0.0,0.05,0.0,1.0,0.0,0.0,0.0,0.0,0.0,0.0,0.0,0.0,0.0,0.0,0.0,1.0,0.0,0.0,0.0,0.0,0.0,0.0,0.0,0.0,0.0,0.0,0.0,0.0,0.0,0.0,0.0,0.0,0.0,0.0,0.0,0.0,0.0,0.0,0.0,0.0,0.0,0.0,0.0,0.0,0.0,0.0,0.0,0.0,0.0,0.0,0.0,0.0,0.0,0.0,0.0,0.0
attack,"""gbeTeleTbleeTTTIbel",time,time,seqgan_master,seqgan_master__final__time__A__500__MASTER__raw_character__len20__gpre120__reward_off__seed88,1530,20.0,7.0,2.490468570732828,19.0,0.0,0.0,1.0,0.95,0.0,0.0,0.05,0.0,1.0,0.0,0.0,0.0,0.0,0.0,0.0,0.0,0.0,0.0,0.0,0.0,1.0,0.0,0.0,0.0,0.0,0.0,0.0,0.0,0.0,0.0,0.0,0.0,0.0,0.0,0.0,0.0,0.0,0.0,0.0,0.0,0.0,0.0,0.0,0.0,0.0,0.0,0.0,0.0,0.0,0.0,0.0,0.0,0.0,0.0,0.0,0.0,0.0,0.0,0.0,0.0,0.0
attack,", iwibeleelel0eTTIIT",time,time,seqgan_master,seqgan_master__final__time__A__500__MASTER__raw_character__len20__gpre120__reward_off__seed88,1531,20.0,10.0,3.065957320949175,17.0,1.0,1.0,1.0,0.85,0.05,0.05,0.05,0.0,0.0,0.0,0.0,0.0,0.0,0.0,0.0,0.0,0.0,1.0,0.0,0.0,0.0,0.0,0.0,0.0,0.0,0.0,0.0,0.0,0.0,0.0,0.0,0.0,0.0,0.0,0.0,0.0,0.0,0.0,0.0,0.0,0.0,0.0,0.0,0.0,0.0,0.0,0.0,0.0,0.0,0.0,0.0,0.0,0.0,0.0,0.0,0.0,0.0,0.0,0.0,0.0,0.0
attack,"""gbeleleeleeTTIr5lel",time,time,seqgan_master,seqgan_master__final__time__A__500__MASTER__raw_character__len20__gpre120__reward_off__seed88,1532,20.0,9.0,2.6588718484453606,18.0,1.0,0.0,1.0,0.9,0.05,0.0,0.05,0.0,1.0,0.0,0.0,0.0,0.0,0.0,0.0,0.0,0.0,0.0,0.0,0.0,1.0,0.0,0.0,0.0,0.0,0.0,0.0,0.0,0.0,0.0,0.0,0.0,0.0,0.0,0.0,0.0,0.0,0.0,0.0,0.0,0.0,0.0,0.0,0.0,0.0,0.0,0.0,0.0,0.0,0.0,0.0,0.0,0.0,0.0,0.0,0.0,0.0,0.0,0.0,0.0,0.0
attack,"""bgbeleee0lelleleTbe",time,time,seqgan_master,seqgan_master__final__time__A__500__MASTER__raw_character__len20__gpre120__reward_off__seed88,1533,20.0,7.0,2.3037016960573484,18.0,1.0,0.0,1.0,0.9,0.05,0.0,0.05,0.0,1.0,0.0,0.0,0.0,0.0,0.0,0.0,0.0,0.0,0.0,0.0,0.0,1.0,0.0,0.0,0.0,0.0,0.0,0.0,0.0,0.0,0.0,0.0,0.0,0.0,0.0,0.0,0.0,0.0,0.0,0.0,0.0,0.0,0.0,0.0,0.0,0.0,0.0,0.0,0.0,0.0,0.0,0.0,0.0,0.0,0.0,0.0,0.0,0.0,0.0,0.0,0.0,0.0
attack,"""gbeleleleeleeleTTbe",time,time,seqgan_master,seqgan_master__final__time__A__500__MASTER__raw_character__len20__gpre120__reward_off__seed88,1534,20.0,6.0,2.1149798205164814,19.0,0.0,0.0,1.0,0.95,0.0,0.0,0.05,0.0,1.0,0.0,0.0,0.0,0.0,0.0,0.0,0.0,0.0,0.0,0.0,0.0,1.0,0.0,0.0,0.0,0.0,0.0,0.0,0.0,0.0,0.0,0.0,0.0,0.0,0.0,0.0,0.0,0.0,0.0,0.0,0.0,0.0,0.0,0.0,0.0,0.0,0.0,0.0,0.0,0.0,0.0,0.0,0.0,0.0,0.0,0.0,0.0,0.0,0.0,0.0,0.0,0.0
attack,"""gbeelee0tTIMbegbele",time,time,seqgan_master,seqgan_master__final__time__A__500__MASTER__raw_character__len20__gpre120__reward_off__seed88,1535,20.0,10.0,2.9016094970590274,18.0,1.0,0.0,1.0,0.9,0.05,0.0,0.05,0.0,1.0,0.0,0.0,0.0,0.0,0.0,0.0,0.0,0.0,0.0,0.0,0.0,1.0,0.0,0.0,0.0,0.0,0.0,0.0,0.0,0.0,0.0,0.0,0.0,0.0,0.0,0.0,0.0,0.0,0.0,0.0,0.0,0.0,0.0,0.0,0.0,0.0,0.0,0.0,0.0,0.0,0.0,0.0,0.0,0.0,0.0,0.0,0.0,0.0,0.0,0.0,0.0,0.0
attack,"""gbeleeTTTTTTTInTIIp",time,time,seqgan_master,seqgan_master__final__time__A__500__MASTER__raw_character__len20__gpre120__reward_off__seed88,1536,20.0,9.0,2.6464393446710153,19.0,0.0,0.0,1.0,0.95,0.0,0.0,0.05,0.0,1.0,0.0,0.0,0.0,0.0,0.0,0.0,0.0,0.0,0.0,0.0,0.0,1.0,0.0,0.0,0.0,0.0,0.0,0.0,0.0,0.0,0.0,0.0,0.0,0.0,0.0,0.0,0.0,0.0,0.0,0.0,0.0,0.0,0.0,0.0,0.0,0.0,0.0,0.0,0.0,0.0,0.0,0.0,0.0,0.0,0.0,0.0,0.0,0.0,0.0,0.0,0.0,0.0
attack,pgbeleeTleleleleTTIp,time,time,seqgan_master,seqgan_master__final__time__A__500__MASTER__raw_character__len20__gpre120__reward_off__seed88,1537,20.0,7.0,2.421127473337187,20.0,0.0,0.0,0.0,1.0,0.0,0.0,0.0,0.0,0.0,0.0,0.0,0.0,0.0,0.0,0.0,0.0,0.0,0.0,0.0,0.0,0.0,0.0,0.0,0.0,0.0,0.0,0.0,0.0,0.0,0.0,0.0,0.0,0.0,0.0,0.0,0.0,0.0,0.0,0.0,0.0,0.0,0.0,0.0,0.0,0.0,0.0,0.0,0.0,0.0,0.0,0.0,0.0,0.0,0.0,0.0,0.0,0.0,0.0,0.0,0.0,0.0
attack,"""gbeleeeTbTTTTTTIMeT",time,time,seqgan_master,seqgan_master__final__time__A__500__MASTER__raw_character__len20__gpre120__reward_off__seed88,1538,20.0,8.0,2.441446071165522,19.0,0.0,0.0,1.0,0.95,0.0,0.0,0.05,0.0,1.0,0.0,0.0,0.0,0.0,0.0,0.0,0.0,0.0,0.0,0.0,0.0,1.0,0.0,0.0,0.0,0.0,0.0,0.0,0.0,0.0,0.0,0.0,0.0,0.0,0.0,0.0,0.0,0.0,0.0,0.0,0.0,0.0,0.0,0.0,0.0,0.0,0.0,0.0,0.0,0.0,0.0,0.0,0.0,0.0,0.0,0.0,0.0,0.0,0.0,0.0,0.0,0.0
attack,gngbeleeeeTITde0pgTI,time,time,seqgan_master,seqgan_master__final__time__A__500__MASTER__raw_character__len20__gpre120__reward_off__seed88,1539,20.0,10.0,2.970950594454669,19.0,1.0,0.0,0.0,0.95,0.05,0.0,0.0,0.0,0.0,0.0,0.0,0.0,0.0,0.0,0.0,0.0,0.0,0.0,0.0,0.0,0.0,0.0,0.0,0.0,0.0,0.0,0.0,0.0,0.0,0.0,0.0,0.0,0.0,0.0,0.0,0.0,0.0,0.0,0.0,0.0,0.0,0.0,0.0,0.0,0.0,0.0,0.0,0.0,0.0,0.0,0.0,0.0,0.0,0.0,0.0,0.0,0.0,0.0,0.0,0.0,0.0
attack,"""gbeeleeleTTIMbeleTb",time,time,seqgan_master,seqgan_master__final__time__A__500__MASTER__raw_character__len20__gpre120__reward_off__seed88,1540,20.0,8.0,2.6261207468426804,19.0,0.0,0.0,1.0,0.95,0.0,0.0,0.05,0.0,1.0,0.0,0.0,0.0,0.0,0.0,0.0,0.0,0.0,0.0,0.0,0.0,1.0,0.0,0.0,0.0,0.0,0.0,0.0,0.0,0.0,0.0,0.0,0.0,0.0,0.0,0.0,0.0,0.0,0.0,0.0,0.0,0.0,0.0,0.0,0.0,0.0,0.0,0.0,0.0,0.0,0.0,0.0,0.0,0.0,0.0,0.0,0.0,0.0,0.0,0.0,0.0,0.0
attack,"""gbeleeTITTIpgTTIlel",time,time,seqgan_master,seqgan_master__final__time__A__500__MASTER__raw_character__len20__gpre120__reward_off__seed88,1541,20.0,8.0,2.765957320949175,19.0,0.0,0.0,1.0,0.95,0.0,0.0,0.05,0.0,1.0,0.0,0.0,0.0,0.0,0.0,0.0,0.0,0.0,0.0,0.0,0.0,1.0,0.0,0.0,0.0,0.0,0.0,0.0,0.0,0.0,0.0,0.0,0.0,0.0,0.0,0.0,0.0,0.0,0.0,0.0,0.0,0.0,0.0,0.0,0.0,0.0,0.0,0.0,0.0,0.0,0.0,0.0,0.0,0.0,0.0,0.0,0.0,0.0,0.0,0.0,0.0,0.0
attack,"""gberbeleeleleleTIpg",time,time,seqgan_master,seqgan_master__final__time__A__500__MASTER__raw_character__len20__gpre120__reward_off__seed88,1542,20.0,9.0,2.739353872167201,19.0,0.0,0.0,1.0,0.95,0.0,0.0,0.05,0.0,1.0,0.0,0.0,0.0,0.0,0.0,0.0,0.0,0.0,0.0,0.0,0.0,1.0,0.0,0.0,0.0,0.0,0.0,0.0,0.0,0.0,0.0,0.0,0.0,0.0,0.0,0.0,0.0,0.0,0.0,0.0,0.0,0.0,0.0,0.0,0.0,0.0,0.0,0.0,0.0,0.0,0.0,0.0,0.0,0.0,0.0,0.0,0.0,0.0,0.0,0.0,0.0,0.0
attack, )rkrbeleTTIMbelebee,time,time,seqgan_master,seqgan_master__final__time__A__500__MASTER__raw_character__len20__gpre120__reward_off__seed88,1543,20.0,10.0,3.008694969562842,18.0,0.0,1.0,1.0,0.9,0.0,0.05,0.05,0.0,0.0,0.0,0.0,0.0,0.0,0.0,1.0,0.0,0.0,0.0,0.0,0.0,0.0,0.0,0.0,0.0,0.0,1.0,0.0,0.0,0.0,0.0,0.0,0.0,0.0,0.0,0.0,0.0,0.0,0.0,0.0,0.0,0.0,0.0,0.0,0.0,0.0,0.0,0.0,0.0,0.0,0.0,0.0,0.0,0.0,0.0,0.0,0.0,0.0,0.0,0.0,0.0,0.0
attack,"""gbeleeTIbeleTbeTTTp",time,time,seqgan_master,seqgan_master__final__time__A__500__MASTER__raw_character__len20__gpre120__reward_off__seed88,1544,20.0,8.0,2.6282129458410015,19.0,0.0,0.0,1.0,0.95,0.0,0.0,0.05,0.0,1.0,0.0,0.0,0.0,0.0,0.0,0.0,0.0,0.0,0.0,0.0,0.0,1.0,0.0,0.0,0.0,0.0,0.0,0.0,0.0,0.0,0.0,0.0,0.0,0.0,0.0,0.0,0.0,0.0,0.0,0.0,0.0,0.0,0.0,0.0,0.0,0.0,0.0,0.0,0.0,0.0,0.0,0.0,0.0,0.0,0.0,0.0,0.0,0.0,0.0,0.0,0.0,0.0
attack,"""gbeleeleeTTIpgTbele",time,time,seqgan_master,seqgan_master__final__time__A__500__MASTER__raw_character__len20__gpre120__reward_off__seed88,1545,20.0,8.0,2.6638651219508542,19.0,0.0,0.0,1.0,0.95,0.0,0.0,0.05,0.0,1.0,0.0,0.0,0.0,0.0,0.0,0.0,0.0,0.0,0.0,0.0,0.0,1.0,0.0,0.0,0.0,0.0,0.0,0.0,0.0,0.0,0.0,0.0,0.0,0.0,0.0,0.0,0.0,0.0,0.0,0.0,0.0,0.0,0.0,0.0,0.0,0.0,0.0,0.0,0.0,0.0,0.0,0.0,0.0,0.0,0.0,0.0,0.0,0.0,0.0,0.0,0.0,0.0
attack,gtrbeleTbeleleleleTb,time,time,seqgan_master,seqgan_master__final__time__A__500__MASTER__raw_character__len20__gpre120__reward_off__seed88,1546,20.0,7.0,2.421127473337187,20.0,0.0,0.0,0.0,1.0,0.0,0.0,0.0,0.0,0.0,0.0,0.0,0.0,0.0,0.0,0.0,0.0,0.0,0.0,0.0,0.0,0.0,0.0,0.0,0.0,0.0,0.0,0.0,0.0,0.0,0.0,0.0,0.0,0.0,0.0,0.0,0.0,0.0,0.0,0.0,0.0,0.0,0.0,0.0,0.0,0.0,0.0,0.0,0.0,0.0,0.0,0.0,0.0,0.0,0.0,0.0,0.0,0.0,0.0,0.0,0.0,0.0
attack,"""gbeleeleTmeTITTTTTI",time,time,seqgan_master,seqgan_master__final__time__A__500__MASTER__raw_character__len20__gpre120__reward_off__seed88,1547,20.0,8.0,2.5588718484453605,19.0,0.0,0.0,1.0,0.95,0.0,0.0,0.05,0.0,1.0,0.0,0.0,0.0,0.0,0.0,0.0,0.0,0.0,0.0,0.0,0.0,1.0,0.0,0.0,0.0,0.0,0.0,0.0,0.0,0.0,0.0,0.0,0.0,0.0,0.0,0.0,0.0,0.0,0.0,0.0,0.0,0.0,0.0,0.0,0.0,0.0,0.0,0.0,0.0,0.0,0.0,0.0,0.0,0.0,0.0,0.0,0.0,0.0,0.0,0.0,0.0,0.0
attack,"""gbeleeeleleTbeleTTT",time,time,seqgan_master,seqgan_master__final__time__A__500__MASTER__raw_character__len20__gpre120__reward_off__seed88,1548,20.0,6.0,2.221928094887362,19.0,0.0,0.0,1.0,0.95,0.0,0.0,0.05,0.0,1.0,0.0,0.0,0.0,0.0,0.0,0.0,0.0,0.0,0.0,0.0,0.0,1.0,0.0,0.0,0.0,0.0,0.0,0.0,0.0,0.0,0.0,0.0,0.0,0.0,0.0,0.0,0.0,0.0,0.0,0.0,0.0,0.0,0.0,0.0,0.0,0.0,0.0,0.0,0.0,0.0,0.0,0.0,0.0,0.0,0.0,0.0,0.0,0.0,0.0,0.0,0.0,0.0
attack,"""gbeeleTTITIITITI(TI",time,time,seqgan_master,seqgan_master__final__time__A__500__MASTER__raw_character__len20__gpre120__reward_off__seed88,1549,20.0,8.0,2.5332062193464955,18.0,0.0,0.0,2.0,0.9,0.0,0.0,0.1,0.0,1.0,0.0,0.0,0.0,0.0,0.0,1.0,0.0,0.0,0.0,0.0,0.0,1.0,0.0,0.0,0.0,0.0,1.0,0.0,0.0,0.0,0.0,0.0,0.0,0.0,0.0,0.0,0.0,0.0,0.0,0.0,0.0,0.0,0.0,0.0,0.0,0.0,0.0,0.0,0.0,0.0,0.0,0.0,0.0,0.0,0.0,0.0,0.0,0.0,0.0,0.0,0.0,0.0
attack,"""gbelee0gtrbeleeTTIM",time,time,seqgan_master,seqgan_master__final__time__A__500__MASTER__raw_character__len20__gpre120__reward_off__seed88,1550,20.0,11.0,3.1464393446710157,18.0,1.0,0.0,1.0,0.9,0.05,0.0,0.05,0.0,1.0,0.0,0.0,0.0,0.0,0.0,0.0,0.0,0.0,0.0,0.0,0.0,1.0,0.0,0.0,0.0,0.0,0.0,0.0,0.0,0.0,0.0,0.0,0.0,0.0,0.0,0.0,0.0,0.0,0.0,0.0,0.0,0.0,0.0,0.0,0.0,0.0,0.0,0.0,0.0,0.0,0.0,0.0,0.0,0.0,0.0,0.0,0.0,0.0,0.0,0.0,0.0,0.0
attack,"""gbeleeleleeT_TTbeTI",time,time,seqgan_master,seqgan_master__final__time__A__500__MASTER__raw_character__len20__gpre120__reward_off__seed88,1551,20.0,8.0,2.6016094970590276,18.0,0.0,0.0,2.0,0.9,0.0,0.0,0.1,0.0,1.0,0.0,0.0,0.0,0.0,0.0,0.0,0.0,1.0,0.0,0.0,0.0,1.0,0.0,0.0,0.0,0.0,0.0,0.0,0.0,0.0,0.0,0.0,0.0,0.0,0.0,0.0,0.0,0.0,0.0,0.0,0.0,0.0,0.0,0.0,0.0,0.0,0.0,0.0,0.0,0.0,0.0,0.0,0.0,0.0,0.0,0.0,0.0,0.0,0.0,0.0,0.0,0.0
attack,"""gbeleebeelelleTIMel",time,time,seqgan_master,seqgan_master__final__time__A__500__MASTER__raw_character__len20__gpre120__reward_off__seed88,1552,20.0,8.0,2.441446071165522,19.0,0.0,0.0,1.0,0.95,0.0,0.0,0.05,0.0,1.0,0.0,0.0,0.0,0.0,0.0,0.0,0.0,0.0,0.0,0.0,0.0,1.0,0.0,0.0,0.0,0.0,0.0,0.0,0.0,0.0,0.0,0.0,0.0,0.0,0.0,0.0,0.0,0.0,0.0,0.0,0.0,0.0,0.0,0.0,0.0,0.0,0.0,0.0,0.0,0.0,0.0,0.0,0.0,0.0,0.0,0.0,0.0,0.0,0.0,0.0,0.0,0.0
attack,"""gbeleeleleleeleTTTT",time,time,seqgan_master,seqgan_master__final__time__A__500__MASTER__raw_character__len20__gpre120__reward_off__seed88,1553,20.0,6.0,2.1414460711655217,19.0,0.0,0.0,1.0,0.95,0.0,0.0,0.05,0.0,1.0,0.0,0.0,0.0,0.0,0.0,0.0,0.0,0.0,0.0,0.0,0.0,1.0,0.0,0.0,0.0,0.0,0.0,0.0,0.0,0.0,0.0,0.0,0.0,0.0,0.0,0.0,0.0,0.0,0.0,0.0,0.0,0.0,0.0,0.0,0.0,0.0,0.0,0.0,0.0,0.0,0.0,0.0,0.0,0.0,0.0,0.0,0.0,0.0,0.0,0.0,0.0,0.0
attack,"""gbeleleeTTTTTTpgTIr",time,time,seqgan_master,seqgan_master__final__time__A__500__MASTER__raw_character__len20__gpre120__reward_off__seed88,1554,20.0,9.0,2.739353872167201,19.0,0.0,0.0,1.0,0.95,0.0,0.0,0.05,0.0,1.0,0.0,0.0,0.0,0.0,0.0,0.0,0.0,0.0,0.0,0.0,0.0,1.0,0.0,0.0,0.0,0.0,0.0,0.0,0.0,0.0,0.0,0.0,0.0,0.0,0.0,0.0,0.0,0.0,0.0,0.0,0.0,0.0,0.0,0.0,0.0,0.0,0.0,0.0,0.0,0.0,0.0,0.0,0.0,0.0,0.0,0.0,0.0,0.0,0.0,0.0,0.0,0.0
attack,"""gbribeleeetrteTbbeT",time,time,seqgan_master,seqgan_master__final__time__A__500__MASTER__raw_character__len20__gpre120__reward_off__seed88,1555,20.0,9.0,2.8464393446710154,19.0,0.0,0.0,1.0,0.95,0.0,0.0,0.05,0.0,1.0,0.0,0.0,0.0,0.0,0.0,0.0,0.0,0.0,0.0,0.0,0.0,1.0,0.0,0.0,0.0,0.0,0.0,0.0,0.0,0.0,0.0,0.0,0.0,0.0,0.0,0.0,0.0,0.0,0.0,0.0,0.0,0.0,0.0,0.0,0.0,0.0,0.0,0.0,0.0,0.0,0.0,0.0,0.0,0.0,0.0,0.0,0.0,0.0,0.0,0.0,0.0,0.0
attack,"""gbeleeTMbebeTTTIITI",time,time,seqgan_master,seqgan_master__final__time__A__500__MASTER__raw_character__len20__gpre120__reward_off__seed88,1556,20.0,8.0,2.6854752972273346,19.0,0.0,0.0,1.0,0.95,0.0,0.0,0.05,0.0,1.0,0.0,0.0,0.0,0.0,0.0,0.0,0.0,0.0,0.0,0.0,0.0,1.0,0.0,0.0,0.0,0.0,0.0,0.0,0.0,0.0,0.0,0.0,0.0,0.0,0.0,0.0,0.0,0.0,0.0,0.0,0.0,0.0,0.0,0.0,0.0,0.0,0.0,0.0,0.0,0.0,0.0,0.0,0.0,0.0,0.0,0.0,0.0,0.0,0.0,0.0,0.0,0.0
attack,"""gbeleeeTTITIMbelele",time,time,seqgan_master,seqgan_master__final__time__A__500__MASTER__raw_character__len20__gpre120__reward_off__seed88,1557,20.0,8.0,2.6638651219508542,19.0,0.0,0.0,1.0,0.95,0.0,0.0,0.05,0.0,1.0,0.0,0.0,0.0,0.0,0.0,0.0,0.0,0.0,0.0,0.0,0.0,1.0,0.0,0.0,0.0,0.0,0.0,0.0,0.0,0.0,0.0,0.0,0.0,0.0,0.0,0.0,0.0,0.0,0.0,0.0,0.0,0.0,0.0,0.0,0.0,0.0,0.0,0.0,0.0,0.0,0.0,0.0,0.0,0.0,0.0,0.0,0.0,0.0,0.0,0.0,0.0,0.0
attack,"""gngbeleeleleleelele",time,time,seqgan_master,seqgan_master__final__time__A__500__MASTER__raw_character__len20__gpre120__reward_off__seed88,1558,20.0,6.0,2.0199730940219753,19.0,0.0,0.0,1.0,0.95,0.0,0.0,0.05,0.0,1.0,0.0,0.0,0.0,0.0,0.0,0.0,0.0,0.0,0.0,0.0,0.0,1.0,0.0,0.0,0.0,0.0,0.0,0.0,0.0,0.0,0.0,0.0,0.0,0.0,0.0,0.0,0.0,0.0,0.0,0.0,0.0,0.0,0.0,0.0,0.0,0.0,0.0,0.0,0.0,0.0,0.0,0.0,0.0,0.0,0.0,0.0,0.0,0.0,0.0,0.0,0.0,0.0
attack,"""gbeleeTbeleTneTTIpg",time,time,seqgan_master,seqgan_master__final__time__A__500__MASTER__raw_character__len20__gpre120__reward_off__seed88,1559,20.0,9.0,2.8464393446710154,19.0,0.0,0.0,1.0,0.95,0.0,0.0,0.05,0.0,1.0,0.0,0.0,0.0,0.0,0.0,0.0,0.0,0.0,0.0,0.0,0.0,1.0,0.0,0.0,0.0,0.0,0.0,0.0,0.0,0.0,0.0,0.0,0.0,0.0,0.0,0.0,0.0,0.0,0.0,0.0,0.0,0.0,0.0,0.0,0.0,0.0,0.0,0.0,0.0,0.0,0.0,0.0,0.0,0.0,0.0,0.0,0.0,0.0,0.0,0.0,0.0,0.0
attack,"""gbeeleleeleTIpgTneT",time,time,seqgan_master,seqgan_master__final__time__A__500__MASTER__raw_character__len20__gpre120__reward_off__seed88,1560,20.0,9.0,2.763865121950854,19.0,0.0,0.0,1.0,0.95,0.0,0.0,0.05,0.0,1.0,0.0,0.0,0.0,0.0,0.0,0.0,0.0,0.0,0.0,0.0,0.0,1.0,0.0,0.0,0.0,0.0,0.0,0.0,0.0,0.0,0.0,0.0,0.0,0.0,0.0,0.0,0.0,0.0,0.0,0.0,0.0,0.0,0.0,0.0,0.0,0.0,0.0,0.0,0.0,0.0,0.0,0.0,0.0,0.0,0.0,0.0,0.0,0.0,0.0,0.0,0.0,0.0
attack,"""gbeleeleeTIIpgTTIId",time,time,seqgan_master,seqgan_master__final__time__A__500__MASTER__raw_character__len20__gpre120__reward_off__seed88,1561,20.0,9.0,2.9037016960573485,19.0,0.0,0.0,1.0,0.95,0.0,0.0,0.05,0.0,1.0,0.0,0.0,0.0,0.0,0.0,0.0,0.0,0.0,0.0,0.0,0.0,1.0,0.0,0.0,0.0,0.0,0.0,0.0,0.0,0.0,0.0,0.0,0.0,0.0,0.0,0.0,0.0,0.0,0.0,0.0,0.0,0.0,0.0,0.0,0.0,0.0,0.0,0.0,0.0,0.0,0.0,0.0,0.0,0.0,0.0,0.0,0.0,0.0,0.0,0.0,0.0,0.0
attack,"""gberbgbeleeeTIbeTbe",time,time,seqgan_master,seqgan_master__final__time__A__500__MASTER__raw_character__len20__gpre120__reward_off__seed88,1562,20.0,8.0,2.5588718484453605,19.0,0.0,0.0,1.0,0.95,0.0,0.0,0.05,0.0,1.0,0.0,0.0,0.0,0.0,0.0,0.0,0.0,0.0,0.0,0.0,0.0,1.0,0.0,0.0,0.0,0.0,0.0,0.0,0.0,0.0,0.0,0.0,0.0,0.0,0.0,0.0,0.0,0.0,0.0,0.0,0.0,0.0,0.0,0.0,0.0,0.0,0.0,0.0,0.0,0.0,0.0,0.0,0.0,0.0,0.0,0.0,0.0,0.0,0.0,0.0,0.0,0.0
attack,"""gbgbeleleeleeeTTIpg",time,time,seqgan_master,seqgan_master__final__time__A__500__MASTER__raw_character__len20__gpre120__reward_off__seed88,1563,20.0,8.0,2.6638651219508542,19.0,0.0,0.0,1.0,0.95,0.0,0.0,0.05,0.0,1.0,0.0,0.0,0.0,0.0,0.0,0.0,0.0,0.0,0.0,0.0,0.0,1.0,0.0,0.0,0.0,0.0,0.0,0.0,0.0,0.0,0.0,0.0,0.0,0.0,0.0,0.0,0.0,0.0,0.0,0.0,0.0,0.0,0.0,0.0,0.0,0.0,0.0,0.0,0.0,0.0,0.0,0.0,0.0,0.0,0.0,0.0,0.0,0.0,0.0,0.0,0.0,0.0
attack,"""gbeleeleTIpgTbeleeT",time,time,seqgan_master,seqgan_master__final__time__A__500__MASTER__raw_character__len20__gpre120__reward_off__seed88,1564,20.0,8.0,2.6638651219508542,19.0,0.0,0.0,1.0,0.95,0.0,0.0,0.05,0.0,1.0,0.0,0.0,0.0,0.0,0.0,0.0,0.0,0.0,0.0,0.0,0.0,1.0,0.0,0.0,0.0,0.0,0.0,0.0,0.0,0.0,0.0,0.0,0.0,0.0,0.0,0.0,0.0,0.0,0.0,0.0,0.0,0.0,0.0,0.0,0.0,0.0,0.0,0.0,0.0,0.0,0.0,0.0,0.0,0.0,0.0,0.0,0.0,0.0,0.0,0.0,0.0,0.0
attack,"""gbeleleeleeTTITbele",time,time,seqgan_master,seqgan_master__final__time__A__500__MASTER__raw_character__len20__gpre120__reward_off__seed88,1565,20.0,7.0,2.384183719779189,19.0,0.0,0.0,1.0,0.95,0.0,0.0,0.05,0.0,1.0,0.0,0.0,0.0,0.0,0.0,0.0,0.0,0.0,0.0,0.0,0.0,1.0,0.0,0.0,0.0,0.0,0.0,0.0,0.0,0.0,0.0,0.0,0.0,0.0,0.0,0.0,0.0,0.0,0.0,0.0,0.0,0.0,0.0,0.0,0.0,0.0,0.0,0.0,0.0,0.0,0.0,0.0,0.0,0.0,0.0,0.0,0.0,0.0,0.0,0.0,0.0,0.0
attack,"""gbeeleleleleleTbele",time,time,seqgan_master,seqgan_master__final__time__A__500__MASTER__raw_character__len20__gpre120__reward_off__seed88,1566,20.0,6.0,2.0199730940219753,19.0,0.0,0.0,1.0,0.95,0.0,0.0,0.05,0.0,1.0,0.0,0.0,0.0,0.0,0.0,0.0,0.0,0.0,0.0,0.0,0.0,1.0,0.0,0.0,0.0,0.0,0.0,0.0,0.0,0.0,0.0,0.0,0.0,0.0,0.0,0.0,0.0,0.0,0.0,0.0,0.0,0.0,0.0,0.0,0.0,0.0,0.0,0.0,0.0,0.0,0.0,0.0,0.0,0.0,0.0,0.0,0.0,0.0,0.0,0.0,0.0,0.0
attack,"""gbegbeleeleeleTTTbe",time,time,seqgan_master,seqgan_master__final__time__A__500__MASTER__raw_character__len20__gpre120__reward_off__seed88,1567,20.0,6.0,2.308694969562842,19.0,0.0,0.0,1.0,0.95,0.0,0.0,0.05,0.0,1.0,0.0,0.0,0.0,0.0,0.0,0.0,0.0,0.0,0.0,0.0,0.0,1.0,0.0,0.0,0.0,0.0,0.0,0.0,0.0,0.0,0.0,0.0,0.0,0.0,0.0,0.0,0.0,0.0,0.0,0.0,0.0,0.0,0.0,0.0,0.0,0.0,0.0,0.0,0.0,0.0,0.0,0.0,0.0,0.0,0.0,0.0,0.0,0.0,0.0,0.0,0.0,0.0
attack,"""gbeleeTTIpgleleeTTT",time,time,seqgan_master,seqgan_master__final__time__A__500__MASTER__raw_character__len20__gpre120__reward_off__seed88,1568,20.0,8.0,2.6282129458410015,19.0,0.0,0.0,1.0,0.95,0.0,0.0,0.05,0.0,1.0,0.0,0.0,0.0,0.0,0.0,0.0,0.0,0.0,0.0,0.0,0.0,1.0,0.0,0.0,0.0,0.0,0.0,0.0,0.0,0.0,0.0,0.0,0.0,0.0,0.0,0.0,0.0,0.0,0.0,0.0,0.0,0.0,0.0,0.0,0.0,0.0,0.0,0.0,0.0,0.0,0.0,0.0,0.0,0.0,0.0,0.0,0.0,0.0,0.0,0.0,0.0,0.0
attack,"""gbeleelelele0TTTITI",time,time,seqgan_master,seqgan_master__final__time__A__500__MASTER__raw_character__len20__gpre120__reward_off__seed88,1569,20.0,8.0,2.6464393446710157,18.0,1.0,0.0,1.0,0.9,0.05,0.0,0.05,0.0,1.0,0.0,0.0,0.0,0.0,0.0,0.0,0.0,0.0,0.0,0.0,0.0,1.0,0.0,0.0,0.0,0.0,0.0,0.0,0.0,0.0,0.0,0.0,0.0,0.0,0.0,0.0,0.0,0.0,0.0,0.0,0.0,0.0,0.0,0.0,0.0,0.0,0.0,0.0,0.0,0.0,0.0,0.0,0.0,0.0,0.0,0.0,0.0,0.0,0.0,0.0,0.0,0.0
attack,"""gbeleleeleTIdelepgT",time,time,seqgan_master,seqgan_master__final__time__A__500__MASTER__raw_character__len20__gpre120__reward_off__seed88,1570,20.0,9.0,2.739353872167201,19.0,0.0,0.0,1.0,0.95,0.0,0.0,0.05,0.0,1.0,0.0,0.0,0.0,0.0,0.0,0.0,0.0,0.0,0.0,0.0,0.0,1.0,0.0,0.0,0.0,0.0,0.0,0.0,0.0,0.0,0.0,0.0,0.0,0.0,0.0,0.0,0.0,0.0,0.0,0.0,0.0,0.0,0.0,0.0,0.0,0.0,0.0,0.0,0.0,0.0,0.0,0.0,0.0,0.0,0.0,0.0,0.0,0.0,0.0,0.0,0.0,0.0
attack,"""gbeTbeleTleTbeelele",time,time,seqgan_master,seqgan_master__final__time__A__500__MASTER__raw_character__len20__gpre120__reward_off__seed88,1571,20.0,6.0,2.2464393446710154,19.0,0.0,0.0,1.0,0.95,0.0,0.0,0.05,0.0,1.0,0.0,0.0,0.0,0.0,0.0,0.0,0.0,0.0,0.0,0.0,0.0,1.0,0.0,0.0,0.0,0.0,0.0,0.0,0.0,0.0,0.0,0.0,0.0,0.0,0.0,0.0,0.0,0.0,0.0,0.0,0.0,0.0,0.0,0.0,0.0,0.0,0.0,0.0,0.0,0.0,0.0,0.0,0.0,0.0,0.0,0.0,0.0,0.0,0.0,0.0,0.0,0.0
attack,"""gbeleeleeTTbeleTlel",time,time,seqgan_master,seqgan_master__final__time__A__500__MASTER__raw_character__len20__gpre120__reward_off__seed88,1572,20.0,6.0,2.2037016960573483,19.0,0.0,0.0,1.0,0.95,0.0,0.0,0.05,0.0,1.0,0.0,0.0,0.0,0.0,0.0,0.0,0.0,0.0,0.0,0.0,0.0,1.0,0.0,0.0,0.0,0.0,0.0,0.0,0.0,0.0,0.0,0.0,0.0,0.0,0.0,0.0,0.0,0.0,0.0,0.0,0.0,0.0,0.0,0.0,0.0,0.0,0.0,0.0,0.0,0.0,0.0,0.0,0.0,0.0,0.0,0.0,0.0,0.0,0.0,0.0,0.0,0.0
attack,"""gbeele0TIIbelee0r0g",time,time,seqgan_master,seqgan_master__final__time__A__500__MASTER__raw_character__len20__gpre120__reward_off__seed88,1573,20.0,9.0,2.908694969562842,16.0,3.0,0.0,1.0,0.8,0.15,0.0,0.05,0.0,1.0,0.0,0.0,0.0,0.0,0.0,0.0,0.0,0.0,0.0,0.0,0.0,1.0,0.0,0.0,0.0,0.0,0.0,0.0,0.0,0.0,0.0,0.0,0.0,0.0,0.0,0.0,0.0,0.0,0.0,0.0,0.0,0.0,0.0,0.0,0.0,0.0,0.0,0.0,0.0,0.0,0.0,0.0,0.0,0.0,0.0,0.0,0.0,0.0,0.0,0.0,0.0,0.0
attack,"""gbeeleleTTIncbelele",time,time,seqgan_master,seqgan_master__final__time__A__500__MASTER__raw_character__len20__gpre120__reward_off__seed88,1574,20.0,9.0,2.739353872167201,19.0,0.0,0.0,1.0,0.95,0.0,0.0,0.05,0.0,1.0,0.0,0.0,0.0,0.0,0.0,0.0,0.0,0.0,0.0,0.0,0.0,1.0,0.0,0.0,0.0,0.0,0.0,0.0,0.0,0.0,0.0,0.0,0.0,0.0,0.0,0.0,0.0,0.0,0.0,0.0,0.0,0.0,0.0,0.0,0.0,0.0,0.0,0.0,0.0,0.0,0.0,0.0,0.0,0.0,0.0,0.0,0.0,0.0,0.0,0.0,0.0,0.0
attack,"""gbeleeleTIdeleTIben",time,time,seqgan_master,seqgan_master__final__time__A__500__MASTER__raw_character__len20__gpre120__reward_off__seed88,1575,20.0,9.0,2.8016094970590277,19.0,0.0,0.0,1.0,0.95,0.0,0.0,0.05,0.0,1.0,0.0,0.0,0.0,0.0,0.0,0.0,0.0,0.0,0.0,0.0,0.0,1.0,0.0,0.0,0.0,0.0,0.0,0.0,0.0,0.0,0.0,0.0,0.0,0.0,0.0,0.0,0.0,0.0,0.0,0.0,0.0,0.0,0.0,0.0,0.0,0.0,0.0,0.0,0.0,0.0,0.0,0.0,0.0,0.0,0.0,0.0,0.0,0.0,0.0,0.0,0.0,0.0
attack,"""gbribeeelelelebeeTT",time,time,seqgan_master,seqgan_master__final__time__A__500__MASTER__raw_character__len20__gpre120__reward_off__seed88,1576,20.0,8.0,2.5464393446710156,19.0,0.0,0.0,1.0,0.95,0.0,0.0,0.05,0.0,1.0,0.0,0.0,0.0,0.0,0.0,0.0,0.0,0.0,0.0,0.0,0.0,1.0,0.0,0.0,0.0,0.0,0.0,0.0,0.0,0.0,0.0,0.0,0.0,0.0,0.0,0.0,0.0,0.0,0.0,0.0,0.0,0.0,0.0,0.0,0.0,0.0,0.0,0.0,0.0,0.0,0.0,0.0,0.0,0.0,0.0,0.0,0.0,0.0,0.0,0.0,0.0,0.0
attack,"""gbeleeleeleTTTbelel",time,time,seqgan_master,seqgan_master__final__time__A__500__MASTER__raw_character__len20__gpre120__reward_off__seed88,1577,20.0,6.0,2.2037016960573483,19.0,0.0,0.0,1.0,0.95,0.0,0.0,0.05,0.0,1.0,0.0,0.0,0.0,0.0,0.0,0.0,0.0,0.0,0.0,0.0,0.0,1.0,0.0,0.0,0.0,0.0,0.0,0.0,0.0,0.0,0.0,0.0,0.0,0.0,0.0,0.0,0.0,0.0,0.0,0.0,0.0,0.0,0.0,0.0,0.0,0.0,0.0,0.0,0.0,0.0,0.0,0.0,0.0,0.0,0.0,0.0,0.0,0.0,0.0,0.0,0.0,0.0
attack,"""gbebeleeTTTITTTITrb",time,time,seqgan_master,seqgan_master__final__time__A__500__MASTER__raw_character__len20__gpre120__reward_off__seed88,1578,20.0,8.0,2.6016094970590276,19.0,0.0,0.0,1.0,0.95,0.0,0.0,0.05,0.0,1.0,0.0,0.0,0.0,0.0,0.0,0.0,0.0,0.0,0.0,0.0,0.0,1.0,0.0,0.0,0.0,0.0,0.0,0.0,0.0,0.0,0.0,0.0,0.0,0.0,0.0,0.0,0.0,0.0,0.0,0.0,0.0,0.0,0.0,0.0,0.0,0.0,0.0,0.0,0.0,0.0,0.0,0.0,0.0,0.0,0.0,0.0,0.0,0.0,0.0,0.0,0.0,0.0
attack,"""gngbeleleeleveTITIp",time,time,seqgan_master,seqgan_master__final__time__A__500__MASTER__raw_character__len20__gpre120__reward_off__seed88,1579,20.0,10.0,3.008694969562842,19.0,0.0,0.0,1.0,0.95,0.0,0.0,0.05,0.0,1.0,0.0,0.0,0.0,0.0,0.0,0.0,0.0,0.0,0.0,0.0,0.0,1.0,0.0,0.0,0.0,0.0,0.0,0.0,0.0,0.0,0.0,0.0,0.0,0.0,0.0,0.0,0.0,0.0,0.0,0.0,0.0,0.0,0.0,0.0,0.0,0.0,0.0,0.0,0.0,0.0,0.0,0.0,0.0,0.0,0.0,0.0,0.0,0.0,0.0,0.0,0.0,0.0
attack,"""gngbeleeelebelelele",time,time,seqgan_master,seqgan_master__final__time__A__500__MASTER__raw_character__len20__gpre120__reward_off__seed88,1580,20.0,6.0,2.1149798205164814,19.0,0.0,0.0,1.0,0.95,0.0,0.0,0.05,0.0,1.0,0.0,0.0,0.0,0.0,0.0,0.0,0.0,0.0,0.0,0.0,0.0,1.0,0.0,0.0,0.0,0.0,0.0,0.0,0.0,0.0,0.0,0.0,0.0,0.0,0.0,0.0,0.0,0.0,0.0,0.0,0.0,0.0,0.0,0.0,0.0,0.0,0.0,0.0,0.0,0.0,0.0,0.0,0.0,0.0,0.0,0.0,0.0,0.0,0.0,0.0,0.0,0.0
attack,"""gbeleeT0eleTTTpgTTn",time,time,seqgan_master,seqgan_master__final__time__A__500__MASTER__raw_character__len20__gpre120__reward_off__seed88,1581,20.0,9.0,2.765957320949175,18.0,1.0,0.0,1.0,0.9,0.05,0.0,0.05,0.0,1.0,0.0,0.0,0.0,0.0,0.0,0.0,0.0,0.0,0.0,0.0,0.0,1.0,0.0,0.0,0.0,0.0,0.0,0.0,0.0,0.0,0.0,0.0,0.0,0.0,0.0,0.0,0.0,0.0,0.0,0.0,0.0,0.0,0.0,0.0,0.0,0.0,0.0,0.0,0.0,0.0,0.0,0.0,0.0,0.0,0.0,0.0,0.0,0.0,0.0,0.0,0.0,0.0
attack,"""gbeleeleTeTTIIpgT( ",time,time,seqgan_master,seqgan_master__final__time__A__500__MASTER__raw_character__len20__gpre120__reward_off__seed88,1582,20.0,10.0,3.041446071165522,17.0,0.0,1.0,2.0,0.85,0.0,0.05,0.1,0.0,1.0,0.0,0.0,0.0,0.0,0.0,1.0,0.0,0.0,0.0,0.0,0.0,1.0,0.0,0.0,0.0,0.0,1.0,0.0,0.0,0.0,0.0,0.0,0.0,0.0,0.0,0.0,0.0,0.0,0.0,0.0,0.0,0.0,0.0,0.0,0.0,0.0,0.0,0.0,0.0,0.0,0.0,0.0,0.0,0.0,0.0,0.0,0.0,0.0,0.0,0.0,0.0,0.0
attack,"""gbeleeleeTTTIpgTleT",time,time,seqgan_master,seqgan_master__final__time__A__500__MASTER__raw_character__len20__gpre120__reward_off__seed88,1583,20.0,8.0,2.6282129458410015,19.0,0.0,0.0,1.0,0.95,0.0,0.0,0.05,0.0,1.0,0.0,0.0,0.0,0.0,0.0,0.0,0.0,0.0,0.0,0.0,0.0,1.0,0.0,0.0,0.0,0.0,0.0,0.0,0.0,0.0,0.0,0.0,0.0,0.0,0.0,0.0,0.0,0.0,0.0,0.0,0.0,0.0,0.0,0.0,0.0,0.0,0.0,0.0,0.0,0.0,0.0,0.0,0.0,0.0,0.0,0.0,0.0,0.0,0.0,0.0,0.0,0.0
attack,"""gbeleglee0eTMbeTble",time,time,seqgan_master,seqgan_master__final__time__A__500__MASTER__raw_character__len20__gpre120__reward_off__seed88,1584,20.0,8.0,2.6638651219508542,18.0,1.0,0.0,1.0,0.9,0.05,0.0,0.05,0.0,1.0,0.0,0.0,0.0,0.0,0.0,0.0,0.0,0.0,0.0,0.0,0.0,1.0,0.0,0.0,0.0,0.0,0.0,0.0,0.0,0.0,0.0,0.0,0.0,0.0,0.0,0.0,0.0,0.0,0.0,0.0,0.0,0.0,0.0,0.0,0.0,0.0,0.0,0.0,0.0,0.0,0.0,0.0,0.0,0.0,0.0,0.0,0.0,0.0,0.0,0.0,0.0,0.0
attack,"""gbribeeleTleTIleTIM",time,time,seqgan_master,seqgan_master__final__time__A__500__MASTER__raw_character__len20__gpre120__reward_off__seed88,1585,20.0,10.0,3.065957320949175,19.0,0.0,0.0,1.0,0.95,0.0,0.0,0.05,0.0,1.0,0.0,0.0,0.0,0.0,0.0,0.0,0.0,0.0,0.0,0.0,0.0,1.0,0.0,0.0,0.0,0.0,0.0,0.0,0.0,0.0,0.0,0.0,0.0,0.0,0.0,0.0,0.0,0.0,0.0,0.0,0.0,0.0,0.0,0.0,0.0,0.0,0.0,0.0,0.0,0.0,0.0,0.0,0.0,0.0,0.0,0.0,0.0,0.0,0.0,0.0,0.0,0.0
attack,"""gbeleeleTTTIpgTbele",time,time,seqgan_master,seqgan_master__final__time__A__500__MASTER__raw_character__len20__gpre120__reward_off__seed88,1586,20.0,8.0,2.708694969562842,19.0,0.0,0.0,1.0,0.95,0.0,0.0,0.05,0.0,1.0,0.0,0.0,0.0,0.0,0.0,0.0,0.0,0.0,0.0,0.0,0.0,1.0,0.0,0.0,0.0,0.0,0.0,0.0,0.0,0.0,0.0,0.0,0.0,0.0,0.0,0.0,0.0,0.0,0.0,0.0,0.0,0.0,0.0,0.0,0.0,0.0,0.0,0.0,0.0,0.0,0.0,0.0,0.0,0.0,0.0,0.0,0.0,0.0,0.0,0.0,0.0,0.0
attack,"""gbebeleebeleleTTIMb",time,time,seqgan_master,seqgan_master__final__time__A__500__MASTER__raw_character__len20__gpre120__reward_off__seed88,1587,20.0,8.0,2.6016094970590276,19.0,0.0,0.0,1.0,0.95,0.0,0.0,0.05,0.0,1.0,0.0,0.0,0.0,0.0,0.0,0.0,0.0,0.0,0.0,0.0,0.0,1.0,0.0,0.0,0.0,0.0,0.0,0.0,0.0,0.0,0.0,0.0,0.0,0.0,0.0,0.0,0.0,0.0,0.0,0.0,0.0,0.0,0.0,0.0,0.0,0.0,0.0,0.0,0.0,0.0,0.0,0.0,0.0,0.0,0.0,0.0,0.0,0.0,0.0,0.0,0.0,0.0
attack, ibeleTTTTTTTTInTIbe,time,time,seqgan_master,seqgan_master__final__time__A__500__MASTER__raw_character__len20__gpre120__reward_off__seed88,1588,20.0,8.0,2.4577174691301487,19.0,0.0,1.0,0.0,0.95,0.0,0.05,0.0,0.0,0.0,0.0,0.0,0.0,0.0,0.0,0.0,0.0,0.0,0.0,0.0,0.0,0.0,0.0,0.0,0.0,0.0,0.0,0.0,0.0,0.0,0.0,0.0,0.0,0.0,0.0,0.0,0.0,0.0,0.0,0.0,0.0,0.0,0.0,0.0,0.0,0.0,0.0,0.0,0.0,0.0,0.0,0.0,0.0,0.0,0.0,0.0,0.0,0.0,0.0,0.0,0.0,0.0
attack,"""gbeleleeleTTleTbeTb",time,time,seqgan_master,seqgan_master__final__time__A__500__MASTER__raw_character__len20__gpre120__reward_off__seed88,1589,20.0,6.0,2.3016094970590273,19.0,0.0,0.0,1.0,0.95,0.0,0.0,0.05,0.0,1.0,0.0,0.0,0.0,0.0,0.0,0.0,0.0,0.0,0.0,0.0,0.0,1.0,0.0,0.0,0.0,0.0,0.0,0.0,0.0,0.0,0.0,0.0,0.0,0.0,0.0,0.0,0.0,0.0,0.0,0.0,0.0,0.0,0.0,0.0,0.0,0.0,0.0,0.0,0.0,0.0,0.0,0.0,0.0,0.0,0.0,0.0,0.0,0.0,0.0,0.0,0.0,0.0
attack,"""gbeleleeeleleTbeTTI",time,time,seqgan_master,seqgan_master__final__time__A__500__MASTER__raw_character__len20__gpre120__reward_off__seed88,1590,20.0,7.0,2.384183719779189,19.0,0.0,0.0,1.0,0.95,0.0,0.0,0.05,0.0,1.0,0.0,0.0,0.0,0.0,0.0,0.0,0.0,0.0,0.0,0.0,0.0,1.0,0.0,0.0,0.0,0.0,0.0,0.0,0.0,0.0,0.0,0.0,0.0,0.0,0.0,0.0,0.0,0.0,0.0,0.0,0.0,0.0,0.0,0.0,0.0,0.0,0.0,0.0,0.0,0.0,0.0,0.0,0.0,0.0,0.0,0.0,0.0,0.0,0.0,0.0,0.0,0.0
attack,"""gbeleeleleelebeleTT",time,time,seqgan_master,seqgan_master__final__time__A__500__MASTER__raw_character__len20__gpre120__reward_off__seed88,1591,20.0,6.0,2.1149798205164814,19.0,0.0,0.0,1.0,0.95,0.0,0.0,0.05,0.0,1.0,0.0,0.0,0.0,0.0,0.0,0.0,0.0,0.0,0.0,0.0,0.0,1.0,0.0,0.0,0.0,0.0,0.0,0.0,0.0,0.0,0.0,0.0,0.0,0.0,0.0,0.0,0.0,0.0,0.0,0.0,0.0,0.0,0.0,0.0,0.0,0.0,0.0,0.0,0.0,0.0,0.0,0.0,0.0,0.0,0.0,0.0,0.0,0.0,0.0,0.0,0.0,0.0
attack,"""gbeleleebeleeTbeTMe",time,time,seqgan_master,seqgan_master__final__time__A__500__MASTER__raw_character__len20__gpre120__reward_off__seed88,1592,20.0,7.0,2.319973094021975,19.0,0.0,0.0,1.0,0.95,0.0,0.0,0.05,0.0,1.0,0.0,0.0,0.0,0.0,0.0,0.0,0.0,0.0,0.0,0.0,0.0,1.0,0.0,0.0,0.0,0.0,0.0,0.0,0.0,0.0,0.0,0.0,0.0,0.0,0.0,0.0,0.0,0.0,0.0,0.0,0.0,0.0,0.0,0.0,0.0,0.0,0.0,0.0,0.0,0.0,0.0,0.0,0.0,0.0,0.0,0.0,0.0,0.0,0.0,0.0,0.0,0.0
attack,"""gbeeleeTIneTIpgTTIp",time,time,seqgan_master,seqgan_master__final__time__A__500__MASTER__raw_character__len20__gpre120__reward_off__seed88,1593,20.0,9.0,2.9037016960573485,19.0,0.0,0.0,1.0,0.95,0.0,0.0,0.05,0.0,1.0,0.0,0.0,0.0,0.0,0.0,0.0,0.0,0.0,0.0,0.0,0.0,1.0,0.0,0.0,0.0,0.0,0.0,0.0,0.0,0.0,0.0,0.0,0.0,0.0,0.0,0.0,0.0,0.0,0.0,0.0,0.0,0.0,0.0,0.0,0.0,0.0,0.0,0.0,0.0,0.0,0.0,0.0,0.0,0.0,0.0,0.0,0.0,0.0,0.0,0.0,0.0,0.0
attack,"""gbrbeleleeeTTIpgTTp",time,time,seqgan_master,seqgan_master__final__time__A__500__MASTER__raw_character__len20__gpre120__reward_off__seed88,1594,20.0,9.0,2.941446071165522,19.0,0.0,0.0,1.0,0.95,0.0,0.0,0.05,0.0,1.0,0.0,0.0,0.0,0.0,0.0,0.0,0.0,0.0,0.0,0.0,0.0,1.0,0.0,0.0,0.0,0.0,0.0,0.0,0.0,0.0,0.0,0.0,0.0,0.0,0.0,0.0,0.0,0.0,0.0,0.0,0.0,0.0,0.0,0.0,0.0,0.0,0.0,0.0,0.0,0.0,0.0,0.0,0.0,0.0,0.0,0.0,0.0,0.0,0.0,0.0,0.0,0.0
attack,"""gbeeleeTITIITII(leT",time,time,seqgan_master,seqgan_master__final__time__A__500__MASTER__raw_character__len20__gpre120__reward_off__seed88,1595,20.0,8.0,2.6609640474436813,18.0,0.0,0.0,2.0,0.9,0.0,0.0,0.1,0.0,1.0,0.0,0.0,0.0,0.0,0.0,1.0,0.0,0.0,0.0,0.0,0.0,1.0,0.0,0.0,0.0,0.0,1.0,0.0,0.0,0.0,0.0,0.0,0.0,0.0,0.0,0.0,0.0,0.0,0.0,0.0,0.0,0.0,0.0,0.0,0.0,0.0,0.0,0.0,0.0,0.0,0.0,0.0,0.0,0.0,0.0,0.0,0.0,0.0,0.0,0.0,0.0,0.0
attack,"""gbeleeleleeleTITTIb",time,time,seqgan_master,seqgan_master__final__time__A__500__MASTER__raw_character__len20__gpre120__reward_off__seed88,1596,20.0,7.0,2.5016094970590275,19.0,0.0,0.0,1.0,0.95,0.0,0.0,0.05,0.0,1.0,0.0,0.0,0.0,0.0,0.0,0.0,0.0,0.0,0.0,0.0,0.0,1.0,0.0,0.0,0.0,0.0,0.0,0.0,0.0,0.0,0.0,0.0,0.0,0.0,0.0,0.0,0.0,0.0,0.0,0.0,0.0,0.0,0.0,0.0,0.0,0.0,0.0,0.0,0.0,0.0,0.0,0.0,0.0,0.0,0.0,0.0,0.0,0.0,0.0,0.0,0.0,0.0
attack,"""gbeleeTIbeTTTTeTTII",time,time,seqgan_master,seqgan_master__final__time__A__500__MASTER__raw_character__len20__gpre120__reward_off__seed88,1597,20.0,7.0,2.421127473337187,19.0,0.0,0.0,1.0,0.95,0.0,0.0,0.05,0.0,1.0,0.0,0.0,0.0,0.0,0.0,0.0,0.0,0.0,0.0,0.0,0.0,1.0,0.0,0.0,0.0,0.0,0.0,0.0,0.0,0.0,0.0,0.0,0.0,0.0,0.0,0.0,0.0,0.0,0.0,0.0,0.0,0.0,0.0,0.0,0.0,0.0,0.0,0.0,0.0,0.0,0.0,0.0,0.0,0.0,0.0,0.0,0.0,0.0,0.0,0.0,0.0,0.0
attack,"""gT( beleleeTITTTTTT",time,time,seqgan_master,seqgan_master__final__time__A__500__MASTER__raw_character__len20__gpre120__reward_off__seed88,1598,20.0,9.0,2.6219280948873624,17.0,0.0,1.0,2.0,0.85,0.0,0.05,0.1,0.0,1.0,0.0,0.0,0.0,0.0,0.0,1.0,0.0,0.0,0.0,0.0,0.0,1.0,0.0,0.0,0.0,0.0,1.0,0.0,0.0,0.0,0.0,0.0,0.0,0.0,0.0,0.0,0.0,0.0,0.0,0.0,0.0,0.0,0.0,0.0,0.0,0.0,0.0,0.0,0.0,0.0,0.0,0.0,0.0,0.0,0.0,0.0,0.0,0.0,0.0,0.0,0.0,0.0
attack,"""gbeleleeeleTITIIMbe",time,time,seqgan_master,seqgan_master__final__time__A__500__MASTER__raw_character__len20__gpre120__reward_off__seed88,1599,20.0,8.0,2.6638651219508542,19.0,0.0,0.0,1.0,0.95,0.0,0.0,0.05,0.0,1.0,0.0,0.0,0.0,0.0,0.0,0.0,0.0,0.0,0.0,0.0,0.0,1.0,0.0,0.0,0.0,0.0,0.0,0.0,0.0,0.0,0.0,0.0,0.0,0.0,0.0,0.0,0.0,0.0,0.0,0.0,0.0,0.0,0.0,0.0,0.0,0.0,0.0,0.0,0.0,0.0,0.0,0.0,0.0,0.0,0.0,0.0,0.0,0.0,0.0,0.0,0.0,0.0
attack,"""gbeleeTTsleleleleTb",time,time,seqgan_master,seqgan_master__final__time__A__500__MASTER__raw_character__len20__gpre120__reward_off__seed88,1600,20.0,7.0,2.421127473337187,19.0,0.0,0.0,1.0,0.95,0.0,0.0,0.05,0.0,1.0,0.0,0.0,0.0,0.0,0.0,0.0,0.0,0.0,0.0,0.0,0.0,1.0,0.0,0.0,0.0,0.0,0.0,0.0,0.0,0.0,0.0,0.0,0.0,0.0,0.0,0.0,0.0,0.0,0.0,0.0,0.0,0.0,0.0,0.0,0.0,0.0,0.0,0.0,0.0,0.0,0.0,0.0,0.0,0.0,0.0,0.0,0.0,0.0,0.0,0.0,0.0,0.0
attack,"""gbeleelelegbeleeeTT",time,time,seqgan_master,seqgan_master__final__time__A__500__MASTER__raw_character__len20__gpre120__reward_off__seed88,1601,20.0,6.0,2.195461844238322,19.0,0.0,0.0,1.0,0.95,0.0,0.0,0.05,0.0,1.0,0.0,0.0,0.0,0.0,0.0,0.0,0.0,0.0,0.0,0.0,0.0,1.0,0.0,0.0,0.0,0.0,0.0,0.0,0.0,0.0,0.0,0.0,0.0,0.0,0.0,0.0,0.0,0.0,0.0,0.0,0.0,0.0,0.0,0.0,0.0,0.0,0.0,0.0,0.0,0.0,0.0,0.0,0.0,0.0,0.0,0.0,0.0,0.0,0.0,0.0,0.0,0.0
attack,"""gbegtribeleelelelee",time,time,seqgan_master,seqgan_master__final__time__A__500__MASTER__raw_character__len20__gpre120__reward_off__seed88,1602,20.0,8.0,2.5219280948873624,19.0,0.0,0.0,1.0,0.95,0.0,0.0,0.05,0.0,1.0,0.0,0.0,0.0,0.0,0.0,0.0,0.0,0.0,0.0,0.0,0.0,1.0,0.0,0.0,0.0,0.0,0.0,0.0,0.0,0.0,0.0,0.0,0.0,0.0,0.0,0.0,0.0,0.0,0.0,0.0,0.0,0.0,0.0,0.0,0.0,0.0,0.0,0.0,0.0,0.0,0.0,0.0,0.0,0.0,0.0,0.0,0.0,0.0,0.0,0.0,0.0,0.0
attack,"""g(gbeleleleeleeTTTT",time,time,seqgan_master,seqgan_master__final__time__A__500__MASTER__raw_character__len20__gpre120__reward_off__seed88,1603,20.0,7.0,2.439353872167201,18.0,0.0,0.0,2.0,0.9,0.0,0.0,0.1,0.0,1.0,0.0,0.0,0.0,0.0,0.0,1.0,0.0,0.0,0.0,0.0,0.0,1.0,0.0,0.0,0.0,0.0,1.0,0.0,0.0,0.0,0.0,0.0,0.0,0.0,0.0,0.0,0.0,0.0,0.0,0.0,0.0,0.0,0.0,0.0,0.0,0.0,0.0,0.0,0.0,0.0,0.0,0.0,0.0,0.0,0.0,0.0,0.0,0.0,0.0,0.0,0.0,0.0
attack,"""gbeleeleTTIneleleTI",time,time,seqgan_master,seqgan_master__final__time__A__500__MASTER__raw_character__len20__gpre120__reward_off__seed88,1604,20.0,8.0,2.6016094970590276,19.0,0.0,0.0,1.0,0.95,0.0,0.0,0.05,0.0,1.0,0.0,0.0,0.0,0.0,0.0,0.0,0.0,0.0,0.0,0.0,0.0,1.0,0.0,0.0,0.0,0.0,0.0,0.0,0.0,0.0,0.0,0.0,0.0,0.0,0.0,0.0,0.0,0.0,0.0,0.0,0.0,0.0,0.0,0.0,0.0,0.0,0.0,0.0,0.0,0.0,0.0,0.0,0.0,0.0,0.0,0.0,0.0,0.0,0.0,0.0,0.0,0.0
attack,"""gbeleeeTTTInleTbeel",time,time,seqgan_master,seqgan_master__final__time__A__500__MASTER__raw_character__len20__gpre120__reward_off__seed88,1605,20.0,8.0,2.6016094970590276,19.0,0.0,0.0,1.0,0.95,0.0,0.0,0.05,0.0,1.0,0.0,0.0,0.0,0.0,0.0,0.0,0.0,0.0,0.0,0.0,0.0,1.0,0.0,0.0,0.0,0.0,0.0,0.0,0.0,0.0,0.0,0.0,0.0,0.0,0.0,0.0,0.0,0.0,0.0,0.0,0.0,0.0,0.0,0.0,0.0,0.0,0.0,0.0,0.0,0.0,0.0,0.0,0.0,0.0,0.0,0.0,0.0,0.0,0.0,0.0,0.0,0.0
attack,"""gbeleeTbeTIInTIMbel",time,time,seqgan_master,seqgan_master__final__time__A__500__MASTER__raw_character__len20__gpre120__reward_off__seed88,1606,20.0,9.0,2.9282129458410013,19.0,0.0,0.0,1.0,0.95,0.0,0.0,0.05,0.0,1.0,0.0,0.0,0.0,0.0,0.0,0.0,0.0,0.0,0.0,0.0,0.0,1.0,0.0,0.0,0.0,0.0,0.0,0.0,0.0,0.0,0.0,0.0,0.0,0.0,0.0,0.0,0.0,0.0,0.0,0.0,0.0,0.0,0.0,0.0,0.0,0.0,0.0,0.0,0.0,0.0,0.0,0.0,0.0,0.0,0.0,0.0,0.0,0.0,0.0,0.0,0.0,0.0
attack,"""gbeleleeleeeTITIImb",time,time,seqgan_master,seqgan_master__final__time__A__500__MASTER__raw_character__len20__gpre120__reward_off__seed88,1607,20.0,8.0,2.6638651219508542,19.0,0.0,0.0,1.0,0.95,0.0,0.0,0.05,0.0,1.0,0.0,0.0,0.0,0.0,0.0,0.0,0.0,0.0,0.0,0.0,0.0,1.0,0.0,0.0,0.0,0.0,0.0,0.0,0.0,0.0,0.0,0.0,0.0,0.0,0.0,0.0,0.0,0.0,0.0,0.0,0.0,0.0,0.0,0.0,0.0,0.0,0.0,0.0,0.0,0.0,0.0,0.0,0.0,0.0,0.0,0.0,0.0,0.0,0.0,0.0,0.0,0.0
attack,"""gbeleleeeTleTTTIMbe",time,time,seqgan_master,seqgan_master__final__time__A__500__MASTER__raw_character__len20__gpre120__reward_off__seed88,1608,20.0,8.0,2.6016094970590276,19.0,0.0,0.0,1.0,0.95,0.0,0.0,0.05,0.0,1.0,0.0,0.0,0.0,0.0,0.0,0.0,0.0,0.0,0.0,0.0,0.0,1.0,0.0,0.0,0.0,0.0,0.0,0.0,0.0,0.0,0.0,0.0,0.0,0.0,0.0,0.0,0.0,0.0,0.0,0.0,0.0,0.0,0.0,0.0,0.0,0.0,0.0,0.0,0.0,0.0,0.0,0.0,0.0,0.0,0.0,0.0,0.0,0.0,0.0,0.0,0.0,0.0
attack,""" bribeleeTTITeleleT",time,time,seqgan_master,seqgan_master__final__time__A__500__MASTER__raw_character__len20__gpre120__reward_off__seed88,1609,20.0,9.0,2.808694969562842,18.0,0.0,1.0,1.0,0.9,0.0,0.05,0.05,0.0,1.0,0.0,0.0,0.0,0.0,0.0,0.0,0.0,0.0,0.0,0.0,0.0,1.0,0.0,0.0,0.0,0.0,0.0,0.0,0.0,0.0,0.0,0.0,0.0,0.0,0.0,0.0,0.0,0.0,0.0,0.0,0.0,0.0,0.0,0.0,0.0,0.0,0.0,0.0,0.0,0.0,0.0,0.0,0.0,0.0,0.0,0.0,0.0,0.0,0.0,0.0,0.0,0.0
attack,"""gbeleleleeTTTIpgbel",time,time,seqgan_master,seqgan_master__final__time__A__500__MASTER__raw_character__len20__gpre120__reward_off__seed88,1610,20.0,8.0,2.708694969562842,19.0,0.0,0.0,1.0,0.95,0.0,0.0,0.05,0.0,1.0,0.0,0.0,0.0,0.0,0.0,0.0,0.0,0.0,0.0,0.0,0.0,1.0,0.0,0.0,0.0,0.0,0.0,0.0,0.0,0.0,0.0,0.0,0.0,0.0,0.0,0.0,0.0,0.0,0.0,0.0,0.0,0.0,0.0,0.0,0.0,0.0,0.0,0.0,0.0,0.0,0.0,0.0,0.0,0.0,0.0,0.0,0.0,0.0,0.0,0.0,0.0,0.0
attack,"""gbeleleeTTIIpgTbele",time,time,seqgan_master,seqgan_master__final__time__A__500__MASTER__raw_character__len20__gpre120__reward_off__seed88,1611,20.0,8.0,2.7709505944546686,19.0,0.0,0.0,1.0,0.95,0.0,0.0,0.05,0.0,1.0,0.0,0.0,0.0,0.0,0.0,0.0,0.0,0.0,0.0,0.0,0.0,1.0,0.0,0.0,0.0,0.0,0.0,0.0,0.0,0.0,0.0,0.0,0.0,0.0,0.0,0.0,0.0,0.0,0.0,0.0,0.0,0.0,0.0,0.0,0.0,0.0,0.0,0.0,0.0,0.0,0.0,0.0,0.0,0.0,0.0,0.0,0.0,0.0,0.0,0.0,0.0,0.0
attack,"""gbelee0TIbele0eTTIT",time,time,seqgan_master,seqgan_master__final__time__A__500__MASTER__raw_character__len20__gpre120__reward_off__seed88,1612,20.0,8.0,2.746439344671016,17.0,2.0,0.0,1.0,0.85,0.1,0.0,0.05,0.0,1.0,0.0,0.0,0.0,0.0,0.0,0.0,0.0,0.0,0.0,0.0,0.0,1.0,0.0,0.0,0.0,0.0,0.0,0.0,0.0,0.0,0.0,0.0,0.0,0.0,0.0,0.0,0.0,0.0,0.0,0.0,0.0,0.0,0.0,0.0,0.0,0.0,0.0,0.0,0.0,0.0,0.0,0.0,0.0,0.0,0.0,0.0,0.0,0.0,0.0,0.0,0.0,0.0
attack,"""gbeeleleleeTIMdegbe",time,time,seqgan_master,seqgan_master__final__time__A__500__MASTER__raw_character__len20__gpre120__reward_off__seed88,1613,20.0,9.0,2.684183719779189,19.0,0.0,0.0,1.0,0.95,0.0,0.0,0.05,0.0,1.0,0.0,0.0,0.0,0.0,0.0,0.0,0.0,0.0,0.0,0.0,0.0,1.0,0.0,0.0,0.0,0.0,0.0,0.0,0.0,0.0,0.0,0.0,0.0,0.0,0.0,0.0,0.0,0.0,0.0,0.0,0.0,0.0,0.0,0.0,0.0,0.0,0.0,0.0,0.0,0.0,0.0,0.0,0.0,0.0,0.0,0.0,0.0,0.0,0.0,0.0,0.0,0.0
attack,"""gbeleeTrbele0[TInle",time,time,seqgan_master,seqgan_master__final__time__A__500__MASTER__raw_character__len20__gpre120__reward_off__seed88,1614,20.0,11.0,3.1086949695628423,17.0,1.0,0.0,2.0,0.85,0.05,0.0,0.1,0.0,1.0,0.0,0.0,0.0,0.0,0.0,0.0,0.0,0.0,0.0,0.0,0.0,1.0,0.0,0.0,0.0,0.0,0.0,0.0,0.0,0.0,0.0,0.0,0.0,0.0,0.0,0.0,0.0,0.0,0.0,0.0,0.0,0.0,0.0,0.0,0.0,0.0,0.0,0.0,0.0,0.0,0.0,0.0,0.0,0.0,0.0,0.0,0.0,0.0,0.0,0.0,0.0,0.0
attack,"""gbeleeleleleleTbele",time,time,seqgan_master,seqgan_master__final__time__A__500__MASTER__raw_character__len20__gpre120__reward_off__seed88,1615,20.0,6.0,2.0199730940219753,19.0,0.0,0.0,1.0,0.95,0.0,0.0,0.05,0.0,1.0,0.0,0.0,0.0,0.0,0.0,0.0,0.0,0.0,0.0,0.0,0.0,1.0,0.0,0.0,0.0,0.0,0.0,0.0,0.0,0.0,0.0,0.0,0.0,0.0,0.0,0.0,0.0,0.0,0.0,0.0,0.0,0.0,0.0,0.0,0.0,0.0,0.0,0.0,0.0,0.0,0.0,0.0,0.0,0.0,0.0,0.0,0.0,0.0,0.0,0.0,0.0,0.0
attack,"""gbeleeeleleTIIIMele",time,time,seqgan_master,seqgan_master__final__time__A__500__MASTER__raw_character__len20__gpre120__reward_off__seed88,1616,20.0,8.0,2.484183719779189,19.0,0.0,0.0,1.0,0.95,0.0,0.0,0.05,0.0,1.0,0.0,0.0,0.0,0.0,0.0,0.0,0.0,0.0,0.0,0.0,0.0,1.0,0.0,0.0,0.0,0.0,0.0,0.0,0.0,0.0,0.0,0.0,0.0,0.0,0.0,0.0,0.0,0.0,0.0,0.0,0.0,0.0,0.0,0.0,0.0,0.0,0.0,0.0,0.0,0.0,0.0,0.0,0.0,0.0,0.0,0.0,0.0,0.0,0.0,0.0,0.0,0.0
attack,"""gbeleeeleTTTTTIII(",time,time,seqgan_master,seqgan_master__final__time__A__500__MASTER__raw_character__len20__gpre120__reward_off__seed88,1617,19.0,8.0,2.6703397002311067,17.0,0.0,0.0,2.0,0.8947368421052632,0.0,0.0,0.10526315789473684,0.0,1.0,0.0,0.0,0.0,0.0,0.0,1.0,0.0,0.0,0.0,0.0,0.0,1.0,0.0,0.0,0.0,0.0,1.0,0.0,0.0,0.0,0.0,0.0,0.0,0.0,0.0,0.0,0.0,0.0,0.0,0.0,0.0,0.0,0.0,0.0,0.0,0.0,0.0,0.0,0.0,0.0,0.0,0.0,0.0,0.0,0.0,0.0,0.0,0.0,0.0,0.0,0.0,0.0
attack,"""gbeleleleeTTTTTpgTI",time,time,seqgan_master,seqgan_master__final__time__A__500__MASTER__raw_character__len20__gpre120__reward_off__seed88,1618,20.0,8.0,2.6282129458410015,19.0,0.0,0.0,1.0,0.95,0.0,0.0,0.05,0.0,1.0,0.0,0.0,0.0,0.0,0.0,0.0,0.0,0.0,0.0,0.0,0.0,1.0,0.0,0.0,0.0,0.0,0.0,0.0,0.0,0.0,0.0,0.0,0.0,0.0,0.0,0.0,0.0,0.0,0.0,0.0,0.0,0.0,0.0,0.0,0.0,0.0,0.0,0.0,0.0,0.0,0.0,0.0,0.0,0.0,0.0,0.0,0.0,0.0,0.0,0.0,0.0,0.0
attack,gbeTleTTITTTTITIcleT,time,time,seqgan_master,seqgan_master__final__time__A__500__MASTER__raw_character__len20__gpre120__reward_off__seed88,1619,20.0,7.0,2.319973094021975,20.0,0.0,0.0,0.0,1.0,0.0,0.0,0.0,0.0,0.0,0.0,0.0,0.0,0.0,0.0,0.0,0.0,0.0,0.0,0.0,0.0,0.0,0.0,0.0,0.0,0.0,0.0,0.0,0.0,0.0,0.0,0.0,0.0,0.0,0.0,0.0,0.0,0.0,0.0,0.0,0.0,0.0,0.0,0.0,0.0,0.0,0.0,0.0,0.0,0.0,0.0,0.0,0.0,0.0,0.0,0.0,0.0,0.0,0.0,0.0,0.0,0.0
attack,"""gbeeleTeTIpgTTIdele",time,time,seqgan_master,seqgan_master__final__time__A__500__MASTER__raw_character__len20__gpre120__reward_off__seed88,1620,20.0,9.0,2.8464393446710154,19.0,0.0,0.0,1.0,0.95,0.0,0.0,0.05,0.0,1.0,0.0,0.0,0.0,0.0,0.0,0.0,0.0,0.0,0.0,0.0,0.0,1.0,0.0,0.0,0.0,0.0,0.0,0.0,0.0,0.0,0.0,0.0,0.0,0.0,0.0,0.0,0.0,0.0,0.0,0.0,0.0,0.0,0.0,0.0,0.0,0.0,0.0,0.0,0.0,0.0,0.0,0.0,0.0,0.0,0.0,0.0,0.0,0.0,0.0,0.0,0.0,0.0
attack,"""gbeleleeTIMbeTTIpgT",time,time,seqgan_master,seqgan_master__final__time__A__500__MASTER__raw_character__len20__gpre120__reward_off__seed88,1621,20.0,9.0,2.941446071165522,19.0,0.0,0.0,1.0,0.95,0.0,0.0,0.05,0.0,1.0,0.0,0.0,0.0,0.0,0.0,0.0,0.0,0.0,0.0,0.0,0.0,1.0,0.0,0.0,0.0,0.0,0.0,0.0,0.0,0.0,0.0,0.0,0.0,0.0,0.0,0.0,0.0,0.0,0.0,0.0,0.0,0.0,0.0,0.0,0.0,0.0,0.0,0.0,0.0,0.0,0.0,0.0,0.0,0.0,0.0,0.0,0.0,0.0,0.0,0.0,0.0,0.0
attack,"""gbeleeleeTTIdeleTTT",time,time,seqgan_master,seqgan_master__final__time__A__500__MASTER__raw_character__len20__gpre120__reward_off__seed88,1622,20.0,8.0,2.521127473337187,19.0,0.0,0.0,1.0,0.95,0.0,0.0,0.05,0.0,1.0,0.0,0.0,0.0,0.0,0.0,0.0,0.0,0.0,0.0,0.0,0.0,1.0,0.0,0.0,0.0,0.0,0.0,0.0,0.0,0.0,0.0,0.0,0.0,0.0,0.0,0.0,0.0,0.0,0.0,0.0,0.0,0.0,0.0,0.0,0.0,0.0,0.0,0.0,0.0,0.0,0.0,0.0,0.0,0.0,0.0,0.0,0.0,0.0,0.0,0.0,0.0,0.0
attack,"""gbeleleeeTTITTTTIpg",time,time,seqgan_master,seqgan_master__final__time__A__500__MASTER__raw_character__len20__gpre120__reward_off__seed88,1623,20.0,8.0,2.665957320949175,19.0,0.0,0.0,1.0,0.95,0.0,0.0,0.05,0.0,1.0,0.0,0.0,0.0,0.0,0.0,0.0,0.0,0.0,0.0,0.0,0.0,1.0,0.0,0.0,0.0,0.0,0.0,0.0,0.0,0.0,0.0,0.0,0.0,0.0,0.0,0.0,0.0,0.0,0.0,0.0,0.0,0.0,0.0,0.0,0.0,0.0,0.0,0.0,0.0,0.0,0.0,0.0,0.0,0.0,0.0,0.0,0.0,0.0,0.0,0.0,0.0,0.0
attack,"""gbeleeleleTbeleTTTT",time,time,seqgan_master,seqgan_master__final__time__A__500__MASTER__raw_character__len20__gpre120__reward_off__seed88,1624,20.0,6.0,2.2588718484453603,19.0,0.0,0.0,1.0,0.95,0.0,0.0,0.05,0.0,1.0,0.0,0.0,0.0,0.0,0.0,0.0,0.0,0.0,0.0,0.0,0.0,1.0,0.0,0.0,0.0,0.0,0.0,0.0,0.0,0.0,0.0,0.0,0.0,0.0,0.0,0.0,0.0,0.0,0.0,0.0,0.0,0.0,0.0,0.0,0.0,0.0,0.0,0.0,0.0,0.0,0.0,0.0,0.0,0.0,0.0,0.0,0.0,0.0,0.0,0.0,0.0,0.0
attack,"""gbeleelelemeleTTIIM",time,time,seqgan_master,seqgan_master__final__time__A__500__MASTER__raw_character__len20__gpre120__reward_off__seed88,1625,20.0,9.0,2.739353872167201,19.0,0.0,0.0,1.0,0.95,0.0,0.0,0.05,0.0,1.0,0.0,0.0,0.0,0.0,0.0,0.0,0.0,0.0,0.0,0.0,0.0,1.0,0.0,0.0,0.0,0.0,0.0,0.0,0.0,0.0,0.0,0.0,0.0,0.0,0.0,0.0,0.0,0.0,0.0,0.0,0.0,0.0,0.0,0.0,0.0,0.0,0.0,0.0,0.0,0.0,0.0,0.0,0.0,0.0,0.0,0.0,0.0,0.0,0.0,0.0,0.0,0.0
attack,"""gbeeTleTle0TTTTpgTl",time,time,seqgan_master,seqgan_master__final__time__A__500__MASTER__raw_character__len20__gpre120__reward_off__seed88,1626,20.0,8.0,2.6016094970590276,18.0,1.0,0.0,1.0,0.9,0.05,0.0,0.05,0.0,1.0,0.0,0.0,0.0,0.0,0.0,0.0,0.0,0.0,0.0,0.0,0.0,1.0,0.0,0.0,0.0,0.0,0.0,0.0,0.0,0.0,0.0,0.0,0.0,0.0,0.0,0.0,0.0,0.0,0.0,0.0,0.0,0.0,0.0,0.0,0.0,0.0,0.0,0.0,0.0,0.0,0.0,0.0,0.0,0.0,0.0,0.0,0.0,0.0,0.0,0.0,0.0,0.0
attack,"""gbeeleleeleTTTTTTTI",time,time,seqgan_master,seqgan_master__final__time__A__500__MASTER__raw_character__len20__gpre120__reward_off__seed88,1627,20.0,7.0,2.3261207468426806,19.0,0.0,0.0,1.0,0.95,0.0,0.0,0.05,0.0,1.0,0.0,0.0,0.0,0.0,0.0,0.0,0.0,0.0,0.0,0.0,0.0,1.0,0.0,0.0,0.0,0.0,0.0,0.0,0.0,0.0,0.0,0.0,0.0,0.0,0.0,0.0,0.0,0.0,0.0,0.0,0.0,0.0,0.0,0.0,0.0,0.0,0.0,0.0,0.0,0.0,0.0,0.0,0.0,0.0,0.0,0.0,0.0,0.0,0.0,0.0,0.0,0.0
attack,"""gbeleeTTIdpgTbeTbel",time,time,seqgan_master,seqgan_master__final__time__A__500__MASTER__raw_character__len20__gpre120__reward_off__seed88,1628,20.0,9.0,2.9037016960573485,19.0,0.0,0.0,1.0,0.95,0.0,0.0,0.05,0.0,1.0,0.0,0.0,0.0,0.0,0.0,0.0,0.0,0.0,0.0,0.0,0.0,1.0,0.0,0.0,0.0,0.0,0.0,0.0,0.0,0.0,0.0,0.0,0.0,0.0,0.0,0.0,0.0,0.0,0.0,0.0,0.0,0.0,0.0,0.0,0.0,0.0,0.0,0.0,0.0,0.0,0.0,0.0,0.0,0.0,0.0,0.0,0.0,0.0,0.0,0.0,0.0,0.0
attack,"""gbeleeleleTTTTIbeel",time,time,seqgan_master,seqgan_master__final__time__A__500__MASTER__raw_character__len20__gpre120__reward_off__seed88,1629,20.0,7.0,2.439353872167201,19.0,0.0,0.0,1.0,0.95,0.0,0.0,0.05,0.0,1.0,0.0,0.0,0.0,0.0,0.0,0.0,0.0,0.0,0.0,0.0,0.0,1.0,0.0,0.0,0.0,0.0,0.0,0.0,0.0,0.0,0.0,0.0,0.0,0.0,0.0,0.0,0.0,0.0,0.0,0.0,0.0,0.0,0.0,0.0,0.0,0.0,0.0,0.0,0.0,0.0,0.0,0.0,0.0,0.0,0.0,0.0,0.0,0.0,0.0,0.0,0.0,0.0
attack,"""gbeeeTIpgTTIpgTTTTI",time,time,seqgan_master,seqgan_master__final__time__A__500__MASTER__raw_character__len20__gpre120__reward_off__seed88,1630,20.0,7.0,2.5261207468426807,19.0,0.0,0.0,1.0,0.95,0.0,0.0,0.05,0.0,1.0,0.0,0.0,0.0,0.0,0.0,0.0,0.0,0.0,0.0,0.0,0.0,1.0,0.0,0.0,0.0,0.0,0.0,0.0,0.0,0.0,0.0,0.0,0.0,0.0,0.0,0.0,0.0,0.0,0.0,0.0,0.0,0.0,0.0,0.0,0.0,0.0,0.0,0.0,0.0,0.0,0.0,0.0,0.0,0.0,0.0,0.0,0.0,0.0,0.0,0.0,0.0,0.0
attack,"""gbeleeeTITTTIpgTle0",time,time,seqgan_master,seqgan_master__final__time__A__500__MASTER__raw_character__len20__gpre120__reward_off__seed88,1631,20.0,9.0,2.8609640474436815,18.0,1.0,0.0,1.0,0.9,0.05,0.0,0.05,0.0,1.0,0.0,0.0,0.0,0.0,0.0,0.0,0.0,0.0,0.0,0.0,0.0,1.0,0.0,0.0,0.0,0.0,0.0,0.0,0.0,0.0,0.0,0.0,0.0,0.0,0.0,0.0,0.0,0.0,0.0,0.0,0.0,0.0,0.0,0.0,0.0,0.0,0.0,0.0,0.0,0.0,0.0,0.0,0.0,0.0,0.0,0.0,0.0,0.0,0.0,0.0,0.0,0.0
attack,"""gbegbeleeleleeTTIII",time,time,seqgan_master,seqgan_master__final__time__A__500__MASTER__raw_character__len20__gpre120__reward_off__seed88,1632,20.0,7.0,2.563865121950854,19.0,0.0,0.0,1.0,0.95,0.0,0.0,0.05,0.0,1.0,0.0,0.0,0.0,0.0,0.0,0.0,0.0,0.0,0.0,0.0,0.0,1.0,0.0,0.0,0.0,0.0,0.0,0.0,0.0,0.0,0.0,0.0,0.0,0.0,0.0,0.0,0.0,0.0,0.0,0.0,0.0,0.0,0.0,0.0,0.0,0.0,0.0,0.0,0.0,0.0,0.0,0.0,0.0,0.0,0.0,0.0,0.0,0.0,0.0,0.0,0.0,0.0
attack,"""gbeleeTbele0TIMlele",time,time,seqgan_master,seqgan_master__final__time__A__500__MASTER__raw_character__len20__gpre120__reward_off__seed88,1633,20.0,9.0,2.739353872167201,18.0,1.0,0.0,1.0,0.9,0.05,0.0,0.05,0.0,1.0,0.0,0.0,0.0,0.0,0.0,0.0,0.0,0.0,0.0,0.0,0.0,1.0,0.0,0.0,0.0,0.0,0.0,0.0,0.0,0.0,0.0,0.0,0.0,0.0,0.0,0.0,0.0,0.0,0.0,0.0,0.0,0.0,0.0,0.0,0.0,0.0,0.0,0.0,0.0,0.0,0.0,0.0,0.0,0.0,0.0,0.0,0.0,0.0,0.0,0.0,0.0,0.0
attack,"""gbeleeTTTIpgTbelele",time,time,seqgan_master,seqgan_master__final__time__A__500__MASTER__raw_character__len20__gpre120__reward_off__seed88,1634,20.0,8.0,2.708694969562842,19.0,0.0,0.0,1.0,0.95,0.0,0.0,0.05,0.0,1.0,0.0,0.0,0.0,0.0,0.0,0.0,0.0,0.0,0.0,0.0,0.0,1.0,0.0,0.0,0.0,0.0,0.0,0.0,0.0,0.0,0.0,0.0,0.0,0.0,0.0,0.0,0.0,0.0,0.0,0.0,0.0,0.0,0.0,0.0,0.0,0.0,0.0,0.0,0.0,0.0,0.0,0.0,0.0,0.0,0.0,0.0,0.0,0.0,0.0,0.0,0.0,0.0
attack,"""gbeTIleleTpgTTTIMf0",time,time,seqgan_master,seqgan_master__final__time__A__500__MASTER__raw_character__len20__gpre120__reward_off__seed88,1635,20.0,11.0,3.2037016960573483,18.0,1.0,0.0,1.0,0.9,0.05,0.0,0.05,0.0,1.0,0.0,0.0,0.0,0.0,0.0,0.0,0.0,0.0,0.0,0.0,0.0,1.0,0.0,0.0,0.0,0.0,0.0,0.0,0.0,0.0,0.0,0.0,0.0,0.0,0.0,0.0,0.0,0.0,0.0,0.0,0.0,0.0,0.0,0.0,0.0,0.0,0.0,0.0,0.0,0.0,0.0,0.0,0.0,0.0,0.0,0.0,0.0,0.0,0.0,0.0,0.0,0.0
attack,"""gbeleeTbeTTTTTTelel",time,time,seqgan_master,seqgan_master__final__time__A__500__MASTER__raw_character__len20__gpre120__reward_off__seed88,1636,20.0,6.0,2.2261207468426805,19.0,0.0,0.0,1.0,0.95,0.0,0.0,0.05,0.0,1.0,0.0,0.0,0.0,0.0,0.0,0.0,0.0,0.0,0.0,0.0,0.0,1.0,0.0,0.0,0.0,0.0,0.0,0.0,0.0,0.0,0.0,0.0,0.0,0.0,0.0,0.0,0.0,0.0,0.0,0.0,0.0,0.0,0.0,0.0,0.0,0.0,0.0,0.0,0.0,0.0,0.0,0.0,0.0,0.0,0.0,0.0,0.0,0.0,0.0,0.0,0.0,0.0
attack,"""gbelebeleeleele0TIM",time,time,seqgan_master,seqgan_master__final__time__A__500__MASTER__raw_character__len20__gpre120__reward_off__seed88,1637,20.0,9.0,2.6219280948873624,18.0,1.0,0.0,1.0,0.9,0.05,0.0,0.05,0.0,1.0,0.0,0.0,0.0,0.0,0.0,0.0,0.0,0.0,0.0,0.0,0.0,1.0,0.0,0.0,0.0,0.0,0.0,0.0,0.0,0.0,0.0,0.0,0.0,0.0,0.0,0.0,0.0,0.0,0.0,0.0,0.0,0.0,0.0,0.0,0.0,0.0,0.0,0.0,0.0,0.0,0.0,0.0,0.0,0.0,0.0,0.0,0.0,0.0,0.0,0.0,0.0,0.0
attack,"""gbeleeTTIMbeelembeT",time,time,seqgan_master,seqgan_master__final__time__A__500__MASTER__raw_character__len20__gpre120__reward_off__seed88,1638,20.0,9.0,2.763865121950854,19.0,0.0,0.0,1.0,0.95,0.0,0.0,0.05,0.0,1.0,0.0,0.0,0.0,0.0,0.0,0.0,0.0,0.0,0.0,0.0,0.0,1.0,0.0,0.0,0.0,0.0,0.0,0.0,0.0,0.0,0.0,0.0,0.0,0.0,0.0,0.0,0.0,0.0,0.0,0.0,0.0,0.0,0.0,0.0,0.0,0.0,0.0,0.0,0.0,0.0,0.0,0.0,0.0,0.0,0.0,0.0,0.0,0.0,0.0,0.0,0.0,0.0
attack,"""gbegleeeeleleTTTpgT",time,time,seqgan_master,seqgan_master__final__time__A__500__MASTER__raw_character__len20__gpre120__reward_off__seed88,1639,20.0,7.0,2.463865121950854,19.0,0.0,0.0,1.0,0.95,0.0,0.0,0.05,0.0,1.0,0.0,0.0,0.0,0.0,0.0,0.0,0.0,0.0,0.0,0.0,0.0,1.0,0.0,0.0,0.0,0.0,0.0,0.0,0.0,0.0,0.0,0.0,0.0,0.0,0.0,0.0,0.0,0.0,0.0,0.0,0.0,0.0,0.0,0.0,0.0,0.0,0.0,0.0,0.0,0.0,0.0,0.0,0.0,0.0,0.0,0.0,0.0,0.0,0.0,0.0,0.0,0.0
attack,;wbeeTTIMMeleTleeTbe,time,time,seqgan_master,seqgan_master__final__time__A__500__MASTER__raw_character__len20__gpre120__reward_off__seed88,1640,20.0,8.0,2.639353872167201,19.0,0.0,0.0,1.0,0.95,0.0,0.0,0.05,0.0,0.0,0.0,0.0,0.0,0.0,1.0,0.0,0.0,0.0,0.0,0.0,0.0,0.0,0.0,0.0,0.0,0.0,0.0,1.0,0.0,0.0,0.0,0.0,0.0,0.0,0.0,0.0,0.0,0.0,0.0,0.0,0.0,0.0,0.0,0.0,0.0,0.0,0.0,0.0,0.0,0.0,0.0,0.0,0.0,0.0,0.0,0.0,0.0,0.0,0.0,0.0,0.0,0.0
attack,"""gbeleleeTbeleeTIpgT",time,time,seqgan_master,seqgan_master__final__time__A__500__MASTER__raw_character__len20__gpre120__reward_off__seed88,1641,20.0,8.0,2.6638651219508542,19.0,0.0,0.0,1.0,0.95,0.0,0.0,0.05,0.0,1.0,0.0,0.0,0.0,0.0,0.0,0.0,0.0,0.0,0.0,0.0,0.0,1.0,0.0,0.0,0.0,0.0,0.0,0.0,0.0,0.0,0.0,0.0,0.0,0.0,0.0,0.0,0.0,0.0,0.0,0.0,0.0,0.0,0.0,0.0,0.0,0.0,0.0,0.0,0.0,0.0,0.0,0.0,0.0,0.0,0.0,0.0,0.0,0.0,0.0,0.0,0.0,0.0
attack,"""gbeleeTbeTTTTTTTTpg",time,time,seqgan_master,seqgan_master__final__time__A__500__MASTER__raw_character__len20__gpre120__reward_off__seed88,1642,20.0,7.0,2.295461844238322,19.0,0.0,0.0,1.0,0.95,0.0,0.0,0.05,0.0,1.0,0.0,0.0,0.0,0.0,0.0,0.0,0.0,0.0,0.0,0.0,0.0,1.0,0.0,0.0,0.0,0.0,0.0,0.0,0.0,0.0,0.0,0.0,0.0,0.0,0.0,0.0,0.0,0.0,0.0,0.0,0.0,0.0,0.0,0.0,0.0,0.0,0.0,0.0,0.0,0.0,0.0,0.0,0.0,0.0,0.0,0.0,0.0,0.0,0.0,0.0,0.0,0.0
attack,"""gbeleeTTTTpgTTbelee",time,time,seqgan_master,seqgan_master__final__time__A__500__MASTER__raw_character__len20__gpre120__reward_off__seed88,1643,20.0,7.0,2.470950594454669,19.0,0.0,0.0,1.0,0.95,0.0,0.0,0.05,0.0,1.0,0.0,0.0,0.0,0.0,0.0,0.0,0.0,0.0,0.0,0.0,0.0,1.0,0.0,0.0,0.0,0.0,0.0,0.0,0.0,0.0,0.0,0.0,0.0,0.0,0.0,0.0,0.0,0.0,0.0,0.0,0.0,0.0,0.0,0.0,0.0,0.0,0.0,0.0,0.0,0.0,0.0,0.0,0.0,0.0,0.0,0.0,0.0,0.0,0.0,0.0,0.0,0.0
attack,"""gbeleeleTTTTInelele",time,time,seqgan_master,seqgan_master__final__time__A__500__MASTER__raw_character__len20__gpre120__reward_off__seed88,1644,20.0,8.0,2.539353872167201,19.0,0.0,0.0,1.0,0.95,0.0,0.0,0.05,0.0,1.0,0.0,0.0,0.0,0.0,0.0,0.0,0.0,0.0,0.0,0.0,0.0,1.0,0.0,0.0,0.0,0.0,0.0,0.0,0.0,0.0,0.0,0.0,0.0,0.0,0.0,0.0,0.0,0.0,0.0,0.0,0.0,0.0,0.0,0.0,0.0,0.0,0.0,0.0,0.0,0.0,0.0,0.0,0.0,0.0,0.0,0.0,0.0,0.0,0.0,0.0,0.0,0.0
attack,"""gngbeleleleelelelel",time,time,seqgan_master,seqgan_master__final__time__A__500__MASTER__raw_character__len20__gpre120__reward_off__seed88,1645,20.0,6.0,2.039353872167201,19.0,0.0,0.0,1.0,0.95,0.0,0.0,0.05,0.0,1.0,0.0,0.0,0.0,0.0,0.0,0.0,0.0,0.0,0.0,0.0,0.0,1.0,0.0,0.0,0.0,0.0,0.0,0.0,0.0,0.0,0.0,0.0,0.0,0.0,0.0,0.0,0.0,0.0,0.0,0.0,0.0,0.0,0.0,0.0,0.0,0.0,0.0,0.0,0.0,0.0,0.0,0.0,0.0,0.0,0.0,0.0,0.0,0.0,0.0,0.0,0.0,0.0
attack,"""gbeleeleleeTbTTTIIp",time,time,seqgan_master,seqgan_master__final__time__A__500__MASTER__raw_character__len20__gpre120__reward_off__seed88,1646,20.0,8.0,2.708694969562842,19.0,0.0,0.0,1.0,0.95,0.0,0.0,0.05,0.0,1.0,0.0,0.0,0.0,0.0,0.0,0.0,0.0,0.0,0.0,0.0,0.0,1.0,0.0,0.0,0.0,0.0,0.0,0.0,0.0,0.0,0.0,0.0,0.0,0.0,0.0,0.0,0.0,0.0,0.0,0.0,0.0,0.0,0.0,0.0,0.0,0.0,0.0,0.0,0.0,0.0,0.0,0.0,0.0,0.0,0.0,0.0,0.0,0.0,0.0,0.0,0.0,0.0
attack,"""gbeleleleeTIsrnelee",time,time,seqgan_master,seqgan_master__final__time__A__500__MASTER__raw_character__len20__gpre120__reward_off__seed88,1647,20.0,10.0,2.7219280948873625,19.0,0.0,0.0,1.0,0.95,0.0,0.0,0.05,0.0,1.0,0.0,0.0,0.0,0.0,0.0,0.0,0.0,0.0,0.0,0.0,0.0,1.0,0.0,0.0,0.0,0.0,0.0,0.0,0.0,0.0,0.0,0.0,0.0,0.0,0.0,0.0,0.0,0.0,0.0,0.0,0.0,0.0,0.0,0.0,0.0,0.0,0.0,0.0,0.0,0.0,0.0,0.0,0.0,0.0,0.0,0.0,0.0,0.0,0.0,0.0,0.0,0.0
attack,"""gbelelebeleeTbeTlel",time,time,seqgan_master,seqgan_master__final__time__A__500__MASTER__raw_character__len20__gpre120__reward_off__seed88,1648,20.0,6.0,2.2037016960573483,19.0,0.0,0.0,1.0,0.95,0.0,0.0,0.05,0.0,1.0,0.0,0.0,0.0,0.0,0.0,0.0,0.0,0.0,0.0,0.0,0.0,1.0,0.0,0.0,0.0,0.0,0.0,0.0,0.0,0.0,0.0,0.0,0.0,0.0,0.0,0.0,0.0,0.0,0.0,0.0,0.0,0.0,0.0,0.0,0.0,0.0,0.0,0.0,0.0,0.0,0.0,0.0,0.0,0.0,0.0,0.0,0.0,0.0,0.0,0.0,0.0,0.0
attack,"""gbeg5leleleeleleTTT",time,time,seqgan_master,seqgan_master__final__time__A__500__MASTER__raw_character__len20__gpre120__reward_off__seed88,1649,20.0,7.0,2.421127473337187,18.0,1.0,0.0,1.0,0.9,0.05,0.0,0.05,0.0,1.0,0.0,0.0,0.0,0.0,0.0,0.0,0.0,0.0,0.0,0.0,0.0,1.0,0.0,0.0,0.0,0.0,0.0,0.0,0.0,0.0,0.0,0.0,0.0,0.0,0.0,0.0,0.0,0.0,0.0,0.0,0.0,0.0,0.0,0.0,0.0,0.0,0.0,0.0,0.0,0.0,0.0,0.0,0.0,0.0,0.0,0.0,0.0,0.0,0.0,0.0,0.0,0.0
attack,"""gbbeleeleleeTITTbel",time,time,seqgan_master,seqgan_master__final__time__A__500__MASTER__raw_character__len20__gpre120__reward_off__seed88,1650,20.0,7.0,2.463865121950854,19.0,0.0,0.0,1.0,0.95,0.0,0.0,0.05,0.0,1.0,0.0,0.0,0.0,0.0,0.0,0.0,0.0,0.0,0.0,0.0,0.0,1.0,0.0,0.0,0.0,0.0,0.0,0.0,0.0,0.0,0.0,0.0,0.0,0.0,0.0,0.0,0.0,0.0,0.0,0.0,0.0,0.0,0.0,0.0,0.0,0.0,0.0,0.0,0.0,0.0,0.0,0.0,0.0,0.0,0.0,0.0,0.0,0.0,0.0,0.0,0.0,0.0
attack,"""gbeleeleleeTTIMbeTT",time,time,seqgan_master,seqgan_master__final__time__A__500__MASTER__raw_character__len20__gpre120__reward_off__seed88,1651,20.0,8.0,2.6016094970590276,19.0,0.0,0.0,1.0,0.95,0.0,0.0,0.05,0.0,1.0,0.0,0.0,0.0,0.0,0.0,0.0,0.0,0.0,0.0,0.0,0.0,1.0,0.0,0.0,0.0,0.0,0.0,0.0,0.0,0.0,0.0,0.0,0.0,0.0,0.0,0.0,0.0,0.0,0.0,0.0,0.0,0.0,0.0,0.0,0.0,0.0,0.0,0.0,0.0,0.0,0.0,0.0,0.0,0.0,0.0,0.0,0.0,0.0,0.0,0.0,0.0,0.0
attack,"""gbeeleleleTbeleepgT",time,time,seqgan_master,seqgan_master__final__time__A__500__MASTER__raw_character__len20__gpre120__reward_off__seed88,1652,20.0,7.0,2.4219280948873623,19.0,0.0,0.0,1.0,0.95,0.0,0.0,0.05,0.0,1.0,0.0,0.0,0.0,0.0,0.0,0.0,0.0,0.0,0.0,0.0,0.0,1.0,0.0,0.0,0.0,0.0,0.0,0.0,0.0,0.0,0.0,0.0,0.0,0.0,0.0,0.0,0.0,0.0,0.0,0.0,0.0,0.0,0.0,0.0,0.0,0.0,0.0,0.0,0.0,0.0,0.0,0.0,0.0,0.0,0.0,0.0,0.0,0.0,0.0,0.0,0.0,0.0
attack,gneleeTTITIpgTTIIdrb,time,time,seqgan_master,seqgan_master__final__time__A__500__MASTER__raw_character__len20__gpre120__reward_off__seed88,1653,20.0,10.0,3.0037016960573486,20.0,0.0,0.0,0.0,1.0,0.0,0.0,0.0,0.0,0.0,0.0,0.0,0.0,0.0,0.0,0.0,0.0,0.0,0.0,0.0,0.0,0.0,0.0,0.0,0.0,0.0,0.0,0.0,0.0,0.0,0.0,0.0,0.0,0.0,0.0,0.0,0.0,0.0,0.0,0.0,0.0,0.0,0.0,0.0,0.0,0.0,0.0,0.0,0.0,0.0,0.0,0.0,0.0,0.0,0.0,0.0,0.0,0.0,0.0,0.0,0.0,0.0
attack,"""gbeleelelebeeTTTTTT",time,time,seqgan_master,seqgan_master__final__time__A__500__MASTER__raw_character__len20__gpre120__reward_off__seed88,1654,20.0,6.0,2.2261207468426805,19.0,0.0,0.0,1.0,0.95,0.0,0.0,0.05,0.0,1.0,0.0,0.0,0.0,0.0,0.0,0.0,0.0,0.0,0.0,0.0,0.0,1.0,0.0,0.0,0.0,0.0,0.0,0.0,0.0,0.0,0.0,0.0,0.0,0.0,0.0,0.0,0.0,0.0,0.0,0.0,0.0,0.0,0.0,0.0,0.0,0.0,0.0,0.0,0.0,0.0,0.0,0.0,0.0,0.0,0.0,0.0,0.0,0.0,0.0,0.0,0.0,0.0
attack,"""gbeleeleleeTIIpgTtr",time,time,seqgan_master,seqgan_master__final__time__A__500__MASTER__raw_character__len20__gpre120__reward_off__seed88,1655,20.0,10.0,3.008694969562842,19.0,0.0,0.0,1.0,0.95,0.0,0.0,0.05,0.0,1.0,0.0,0.0,0.0,0.0,0.0,0.0,0.0,0.0,0.0,0.0,0.0,1.0,0.0,0.0,0.0,0.0,0.0,0.0,0.0,0.0,0.0,0.0,0.0,0.0,0.0,0.0,0.0,0.0,0.0,0.0,0.0,0.0,0.0,0.0,0.0,0.0,0.0,0.0,0.0,0.0,0.0,0.0,0.0,0.0,0.0,0.0,0.0,0.0,0.0,0.0,0.0,0.0
attack,"""gbeleeleeTIpr belee",time,time,seqgan_master,seqgan_master__final__time__A__500__MASTER__raw_character__len20__gpre120__reward_off__seed88,1656,20.0,10.0,2.7841837197791888,18.0,0.0,1.0,1.0,0.9,0.0,0.05,0.05,0.0,1.0,0.0,0.0,0.0,0.0,0.0,0.0,0.0,0.0,0.0,0.0,0.0,1.0,0.0,0.0,0.0,0.0,0.0,0.0,0.0,0.0,0.0,0.0,0.0,0.0,0.0,0.0,0.0,0.0,0.0,0.0,0.0,0.0,0.0,0.0,0.0,0.0,0.0,0.0,0.0,0.0,0.0,0.0,0.0,0.0,0.0,0.0,0.0,0.0,0.0,0.0,0.0,0.0
attack,"""gbeeleleeTTIpgTlele",time,time,seqgan_master,seqgan_master__final__time__A__500__MASTER__raw_character__len20__gpre120__reward_off__seed88,1657,20.0,8.0,2.6016094970590276,19.0,0.0,0.0,1.0,0.95,0.0,0.0,0.05,0.0,1.0,0.0,0.0,0.0,0.0,0.0,0.0,0.0,0.0,0.0,0.0,0.0,1.0,0.0,0.0,0.0,0.0,0.0,0.0,0.0,0.0,0.0,0.0,0.0,0.0,0.0,0.0,0.0,0.0,0.0,0.0,0.0,0.0,0.0,0.0,0.0,0.0,0.0,0.0,0.0,0.0,0.0,0.0,0.0,0.0,0.0,0.0,0.0,0.0,0.0,0.0,0.0,0.0
attack,"""gbeeleTMeleTTTIpgTT",time,time,seqgan_master,seqgan_master__final__time__A__500__MASTER__raw_character__len20__gpre120__reward_off__seed88,1658,20.0,9.0,2.765957320949175,19.0,0.0,0.0,1.0,0.95,0.0,0.0,0.05,0.0,1.0,0.0,0.0,0.0,0.0,0.0,0.0,0.0,0.0,0.0,0.0,0.0,1.0,0.0,0.0,0.0,0.0,0.0,0.0,0.0,0.0,0.0,0.0,0.0,0.0,0.0,0.0,0.0,0.0,0.0,0.0,0.0,0.0,0.0,0.0,0.0,0.0,0.0,0.0,0.0,0.0,0.0,0.0,0.0,0.0,0.0,0.0,0.0,0.0,0.0,0.0,0.0,0.0
attack,"""gbleeeTTIbeTleTrdel",time,time,seqgan_master,seqgan_master__final__time__A__500__MASTER__raw_character__len20__gpre120__reward_off__seed88,1659,20.0,9.0,2.808694969562842,19.0,0.0,0.0,1.0,0.95,0.0,0.0,0.05,0.0,1.0,0.0,0.0,0.0,0.0,0.0,0.0,0.0,0.0,0.0,0.0,0.0,1.0,0.0,0.0,0.0,0.0,0.0,0.0,0.0,0.0,0.0,0.0,0.0,0.0,0.0,0.0,0.0,0.0,0.0,0.0,0.0,0.0,0.0,0.0,0.0,0.0,0.0,0.0,0.0,0.0,0.0,0.0,0.0,0.0,0.0,0.0,0.0,0.0,0.0,0.0,0.0,0.0
attack,"""gbegleleleleelegTbe",time,time,seqgan_master,seqgan_master__final__time__A__500__MASTER__raw_character__len20__gpre120__reward_off__seed88,1660,20.0,6.0,2.2037016960573483,19.0,0.0,0.0,1.0,0.95,0.0,0.0,0.05,0.0,1.0,0.0,0.0,0.0,0.0,0.0,0.0,0.0,0.0,0.0,0.0,0.0,1.0,0.0,0.0,0.0,0.0,0.0,0.0,0.0,0.0,0.0,0.0,0.0,0.0,0.0,0.0,0.0,0.0,0.0,0.0,0.0,0.0,0.0,0.0,0.0,0.0,0.0,0.0,0.0,0.0,0.0,0.0,0.0,0.0,0.0,0.0,0.0,0.0,0.0,0.0,0.0,0.0
attack,a(gbbbeelelebeleeTTI,time,time,seqgan_master,seqgan_master__final__time__A__500__MASTER__raw_character__len20__gpre120__reward_off__seed88,1661,20.0,8.0,2.6016094970590276,19.0,0.0,0.0,1.0,0.95,0.0,0.0,0.05,0.0,0.0,0.0,0.0,0.0,0.0,0.0,1.0,0.0,0.0,0.0,0.0,0.0,0.0,0.0,0.0,0.0,0.0,1.0,0.0,0.0,0.0,0.0,0.0,0.0,0.0,0.0,0.0,0.0,0.0,0.0,0.0,0.0,0.0,0.0,0.0,0.0,0.0,0.0,0.0,0.0,0.0,0.0,0.0,0.0,0.0,0.0,0.0,0.0,0.0,0.0,0.0,0.0,0.0
attack,"""gbeleebeTbeTIbelebe",time,time,seqgan_master,seqgan_master__final__time__A__500__MASTER__raw_character__len20__gpre120__reward_off__seed88,1662,20.0,7.0,2.341446071165522,19.0,0.0,0.0,1.0,0.95,0.0,0.0,0.05,0.0,1.0,0.0,0.0,0.0,0.0,0.0,0.0,0.0,0.0,0.0,0.0,0.0,1.0,0.0,0.0,0.0,0.0,0.0,0.0,0.0,0.0,0.0,0.0,0.0,0.0,0.0,0.0,0.0,0.0,0.0,0.0,0.0,0.0,0.0,0.0,0.0,0.0,0.0,0.0,0.0,0.0,0.0,0.0,0.0,0.0,0.0,0.0,0.0,0.0,0.0,0.0,0.0,0.0
attack,"""gbeleeleleleTITTIpg",time,time,seqgan_master,seqgan_master__final__time__A__500__MASTER__raw_character__len20__gpre120__reward_off__seed88,1663,20.0,8.0,2.708694969562842,19.0,0.0,0.0,1.0,0.95,0.0,0.0,0.05,0.0,1.0,0.0,0.0,0.0,0.0,0.0,0.0,0.0,0.0,0.0,0.0,0.0,1.0,0.0,0.0,0.0,0.0,0.0,0.0,0.0,0.0,0.0,0.0,0.0,0.0,0.0,0.0,0.0,0.0,0.0,0.0,0.0,0.0,0.0,0.0,0.0,0.0,0.0,0.0,0.0,0.0,0.0,0.0,0.0,0.0,0.0,0.0,0.0,0.0,0.0,0.0,0.0,0.0
attack,"""gbeleeeleTTbeleleTI",time,time,seqgan_master,seqgan_master__final__time__A__500__MASTER__raw_character__len20__gpre120__reward_off__seed88,1664,20.0,7.0,2.384183719779189,19.0,0.0,0.0,1.0,0.95,0.0,0.0,0.05,0.0,1.0,0.0,0.0,0.0,0.0,0.0,0.0,0.0,0.0,0.0,0.0,0.0,1.0,0.0,0.0,0.0,0.0,0.0,0.0,0.0,0.0,0.0,0.0,0.0,0.0,0.0,0.0,0.0,0.0,0.0,0.0,0.0,0.0,0.0,0.0,0.0,0.0,0.0,0.0,0.0,0.0,0.0,0.0,0.0,0.0,0.0,0.0,0.0,0.0,0.0,0.0,0.0,0.0
attack, beleleTIMelebeleleb,time,time,seqgan_master,seqgan_master__final__time__A__500__MASTER__raw_character__len20__gpre120__reward_off__seed88,1665,20.0,7.0,2.3037016960573484,19.0,0.0,1.0,0.0,0.95,0.0,0.05,0.0,0.0,0.0,0.0,0.0,0.0,0.0,0.0,0.0,0.0,0.0,0.0,0.0,0.0,0.0,0.0,0.0,0.0,0.0,0.0,0.0,0.0,0.0,0.0,0.0,0.0,0.0,0.0,0.0,0.0,0.0,0.0,0.0,0.0,0.0,0.0,0.0,0.0,0.0,0.0,0.0,0.0,0.0,0.0,0.0,0.0,0.0,0.0,0.0,0.0,0.0,0.0,0.0,0.0,0.0
attack,gbele0eTTTIpgTTTrirw,time,time,seqgan_master,seqgan_master__final__time__A__500__MASTER__raw_character__len20__gpre120__reward_off__seed88,1666,20.0,11.0,3.1086949695628423,19.0,1.0,0.0,0.0,0.95,0.05,0.0,0.0,0.0,0.0,0.0,0.0,0.0,0.0,0.0,0.0,0.0,0.0,0.0,0.0,0.0,0.0,0.0,0.0,0.0,0.0,0.0,0.0,0.0,0.0,0.0,0.0,0.0,0.0,0.0,0.0,0.0,0.0,0.0,0.0,0.0,0.0,0.0,0.0,0.0,0.0,0.0,0.0,0.0,0.0,0.0,0.0,0.0,0.0,0.0,0.0,0.0,0.0,0.0,0.0,0.0,0.0
attack,"""gbrbeeleeTIpggribel",time,time,seqgan_master,seqgan_master__final__time__A__500__MASTER__raw_character__len20__gpre120__reward_off__seed88,1667,20.0,10.0,3.065957320949175,19.0,0.0,0.0,1.0,0.95,0.0,0.0,0.05,0.0,1.0,0.0,0.0,0.0,0.0,0.0,0.0,0.0,0.0,0.0,0.0,0.0,1.0,0.0,0.0,0.0,0.0,0.0,0.0,0.0,0.0,0.0,0.0,0.0,0.0,0.0,0.0,0.0,0.0,0.0,0.0,0.0,0.0,0.0,0.0,0.0,0.0,0.0,0.0,0.0,0.0,0.0,0.0,0.0,0.0,0.0,0.0,0.0,0.0,0.0,0.0,0.0,0.0
attack,"""gbeeeTleeTbTTTITTII",time,time,seqgan_master,seqgan_master__final__time__A__500__MASTER__raw_character__len20__gpre120__reward_off__seed88,1668,20.0,7.0,2.421127473337187,19.0,0.0,0.0,1.0,0.95,0.0,0.0,0.05,0.0,1.0,0.0,0.0,0.0,0.0,0.0,0.0,0.0,0.0,0.0,0.0,0.0,1.0,0.0,0.0,0.0,0.0,0.0,0.0,0.0,0.0,0.0,0.0,0.0,0.0,0.0,0.0,0.0,0.0,0.0,0.0,0.0,0.0,0.0,0.0,0.0,0.0,0.0,0.0,0.0,0.0,0.0,0.0,0.0,0.0,0.0,0.0,0.0,0.0,0.0,0.0,0.0,0.0
attack,"""gngbeleeleeeleTTIMb",time,time,seqgan_master,seqgan_master__final__time__A__500__MASTER__raw_character__len20__gpre120__reward_off__seed88,1669,20.0,9.0,2.8016094970590277,19.0,0.0,0.0,1.0,0.95,0.0,0.0,0.05,0.0,1.0,0.0,0.0,0.0,0.0,0.0,0.0,0.0,0.0,0.0,0.0,0.0,1.0,0.0,0.0,0.0,0.0,0.0,0.0,0.0,0.0,0.0,0.0,0.0,0.0,0.0,0.0,0.0,0.0,0.0,0.0,0.0,0.0,0.0,0.0,0.0,0.0,0.0,0.0,0.0,0.0,0.0,0.0,0.0,0.0,0.0,0.0,0.0,0.0,0.0,0.0,0.0,0.0
attack,"""gbeeleleleleleleele",time,time,seqgan_master,seqgan_master__final__time__A__500__MASTER__raw_character__len20__gpre120__reward_off__seed88,1670,20.0,5.0,1.6783898247235198,19.0,0.0,0.0,1.0,0.95,0.0,0.0,0.05,0.0,1.0,0.0,0.0,0.0,0.0,0.0,0.0,0.0,0.0,0.0,0.0,0.0,1.0,0.0,0.0,0.0,0.0,0.0,0.0,0.0,0.0,0.0,0.0,0.0,0.0,0.0,0.0,0.0,0.0,0.0,0.0,0.0,0.0,0.0,0.0,0.0,0.0,0.0,0.0,0.0,0.0,0.0,0.0,0.0,0.0,0.0,0.0,0.0,0.0,0.0,0.0,0.0,0.0
attack,"""gbeleeTIIMbe0gtribe",time,time,seqgan_master,seqgan_master__final__time__A__500__MASTER__raw_character__len20__gpre120__reward_off__seed88,1671,20.0,12.0,3.3037016960573484,18.0,1.0,0.0,1.0,0.9,0.05,0.0,0.05,0.0,1.0,0.0,0.0,0.0,0.0,0.0,0.0,0.0,0.0,0.0,0.0,0.0,1.0,0.0,0.0,0.0,0.0,0.0,0.0,0.0,0.0,0.0,0.0,0.0,0.0,0.0,0.0,0.0,0.0,0.0,0.0,0.0,0.0,0.0,0.0,0.0,0.0,0.0,0.0,0.0,0.0,0.0,0.0,0.0,0.0,0.0,0.0,0.0,0.0,0.0,0.0,0.0,0.0
attack,"""gbeele0TITMbeTTTIpg",time,time,seqgan_master,seqgan_master__final__time__A__500__MASTER__raw_character__len20__gpre120__reward_off__seed88,1672,20.0,10.0,3.041446071165522,18.0,1.0,0.0,1.0,0.9,0.05,0.0,0.05,0.0,1.0,0.0,0.0,0.0,0.0,0.0,0.0,0.0,0.0,0.0,0.0,0.0,1.0,0.0,0.0,0.0,0.0,0.0,0.0,0.0,0.0,0.0,0.0,0.0,0.0,0.0,0.0,0.0,0.0,0.0,0.0,0.0,0.0,0.0,0.0,0.0,0.0,0.0,0.0,0.0,0.0,0.0,0.0,0.0,0.0,0.0,0.0,0.0,0.0,0.0,0.0,0.0,0.0
attack,"""gbeleeeTITTIpgTbele",time,time,seqgan_master,seqgan_master__final__time__A__500__MASTER__raw_character__len20__gpre120__reward_off__seed88,1673,20.0,8.0,2.746439344671016,19.0,0.0,0.0,1.0,0.95,0.0,0.0,0.05,0.0,1.0,0.0,0.0,0.0,0.0,0.0,0.0,0.0,0.0,0.0,0.0,0.0,1.0,0.0,0.0,0.0,0.0,0.0,0.0,0.0,0.0,0.0,0.0,0.0,0.0,0.0,0.0,0.0,0.0,0.0,0.0,0.0,0.0,0.0,0.0,0.0,0.0,0.0,0.0,0.0,0.0,0.0,0.0,0.0,0.0,0.0,0.0,0.0,0.0,0.0,0.0,0.0,0.0
attack,"""bgebeleeleTneTIeleT",time,time,seqgan_master,seqgan_master__final__time__A__500__MASTER__raw_character__len20__gpre120__reward_off__seed88,1674,20.0,8.0,2.5464393446710156,19.0,0.0,0.0,1.0,0.95,0.0,0.0,0.05,0.0,1.0,0.0,0.0,0.0,0.0,0.0,0.0,0.0,0.0,0.0,0.0,0.0,1.0,0.0,0.0,0.0,0.0,0.0,0.0,0.0,0.0,0.0,0.0,0.0,0.0,0.0,0.0,0.0,0.0,0.0,0.0,0.0,0.0,0.0,0.0,0.0,0.0,0.0,0.0,0.0,0.0,0.0,0.0,0.0,0.0,0.0,0.0,0.0,0.0,0.0,0.0,0.0,0.0
attack,"""gbrbeleeTTITbeleele",time,time,seqgan_master,seqgan_master__final__time__A__500__MASTER__raw_character__len20__gpre120__reward_off__seed88,1675,20.0,8.0,2.6261207468426804,19.0,0.0,0.0,1.0,0.95,0.0,0.0,0.05,0.0,1.0,0.0,0.0,0.0,0.0,0.0,0.0,0.0,0.0,0.0,0.0,0.0,1.0,0.0,0.0,0.0,0.0,0.0,0.0,0.0,0.0,0.0,0.0,0.0,0.0,0.0,0.0,0.0,0.0,0.0,0.0,0.0,0.0,0.0,0.0,0.0,0.0,0.0,0.0,0.0,0.0,0.0,0.0,0.0,0.0,0.0,0.0,0.0,0.0,0.0,0.0,0.0,0.0
attack,"""gbeeleleleTTIIMbeTI",time,time,seqgan_master,seqgan_master__final__time__A__500__MASTER__raw_character__len20__gpre120__reward_off__seed88,1676,20.0,8.0,2.733206219346495,19.0,0.0,0.0,1.0,0.95,0.0,0.0,0.05,0.0,1.0,0.0,0.0,0.0,0.0,0.0,0.0,0.0,0.0,0.0,0.0,0.0,1.0,0.0,0.0,0.0,0.0,0.0,0.0,0.0,0.0,0.0,0.0,0.0,0.0,0.0,0.0,0.0,0.0,0.0,0.0,0.0,0.0,0.0,0.0,0.0,0.0,0.0,0.0,0.0,0.0,0.0,0.0,0.0,0.0,0.0,0.0,0.0,0.0,0.0,0.0,0.0,0.0
attack,aogbelegtribgbelegle,time,time,seqgan_master,seqgan_master__final__time__A__500__MASTER__raw_character__len20__gpre120__reward_off__seed88,1677,20.0,9.0,2.865957320949175,20.0,0.0,0.0,0.0,1.0,0.0,0.0,0.0,0.0,0.0,0.0,0.0,0.0,0.0,0.0,0.0,0.0,0.0,0.0,0.0,0.0,0.0,0.0,0.0,0.0,0.0,0.0,0.0,0.0,0.0,0.0,0.0,0.0,0.0,0.0,0.0,0.0,0.0,0.0,0.0,0.0,0.0,0.0,0.0,0.0,0.0,0.0,0.0,0.0,0.0,0.0,0.0,0.0,0.0,0.0,0.0,0.0,0.0,0.0,0.0,0.0,0.0
attack,"""gberbeleleleeleleTT",time,time,seqgan_master,seqgan_master__final__time__A__500__MASTER__raw_character__len20__gpre120__reward_off__seed88,1678,20.0,7.0,2.341446071165522,19.0,0.0,0.0,1.0,0.95,0.0,0.0,0.05,0.0,1.0,0.0,0.0,0.0,0.0,0.0,0.0,0.0,0.0,0.0,0.0,0.0,1.0,0.0,0.0,0.0,0.0,0.0,0.0,0.0,0.0,0.0,0.0,0.0,0.0,0.0,0.0,0.0,0.0,0.0,0.0,0.0,0.0,0.0,0.0,0.0,0.0,0.0,0.0,0.0,0.0,0.0,0.0,0.0,0.0,0.0,0.0,0.0,0.0,0.0,0.0,0.0,0.0
attack,"""gbeleeleTbeleeTITTT",time,time,seqgan_master,seqgan_master__final__time__A__500__MASTER__raw_character__len20__gpre120__reward_off__seed88,1679,20.0,7.0,2.421127473337187,19.0,0.0,0.0,1.0,0.95,0.0,0.0,0.05,0.0,1.0,0.0,0.0,0.0,0.0,0.0,0.0,0.0,0.0,0.0,0.0,0.0,1.0,0.0,0.0,0.0,0.0,0.0,0.0,0.0,0.0,0.0,0.0,0.0,0.0,0.0,0.0,0.0,0.0,0.0,0.0,0.0,0.0,0.0,0.0,0.0,0.0,0.0,0.0,0.0,0.0,0.0,0.0,0.0,0.0,0.0,0.0,0.0,0.0,0.0,0.0,0.0,0.0
attack,"""gbeleeTTTTIIpgTbele",time,time,seqgan_master,seqgan_master__final__time__A__500__MASTER__raw_character__len20__gpre120__reward_off__seed88,1680,20.0,8.0,2.7609640474436814,19.0,0.0,0.0,1.0,0.95,0.0,0.0,0.05,0.0,1.0,0.0,0.0,0.0,0.0,0.0,0.0,0.0,0.0,0.0,0.0,0.0,1.0,0.0,0.0,0.0,0.0,0.0,0.0,0.0,0.0,0.0,0.0,0.0,0.0,0.0,0.0,0.0,0.0,0.0,0.0,0.0,0.0,0.0,0.0,0.0,0.0,0.0,0.0,0.0,0.0,0.0,0.0,0.0,0.0,0.0,0.0,0.0,0.0,0.0,0.0,0.0,0.0
attack,"""gbeleleleeTIITpgTle",time,time,seqgan_master,seqgan_master__final__time__A__500__MASTER__raw_character__len20__gpre120__reward_off__seed88,1681,20.0,8.0,2.708694969562842,19.0,0.0,0.0,1.0,0.95,0.0,0.0,0.05,0.0,1.0,0.0,0.0,0.0,0.0,0.0,0.0,0.0,0.0,0.0,0.0,0.0,1.0,0.0,0.0,0.0,0.0,0.0,0.0,0.0,0.0,0.0,0.0,0.0,0.0,0.0,0.0,0.0,0.0,0.0,0.0,0.0,0.0,0.0,0.0,0.0,0.0,0.0,0.0,0.0,0.0,0.0,0.0,0.0,0.0,0.0,0.0,0.0,0.0,0.0,0.0,0.0,0.0
attack,"""gbeleeleTbeTTTIIbel",time,time,seqgan_master,seqgan_master__final__time__A__500__MASTER__raw_character__len20__gpre120__reward_off__seed88,1682,20.0,7.0,2.5709505944546684,19.0,0.0,0.0,1.0,0.95,0.0,0.0,0.05,0.0,1.0,0.0,0.0,0.0,0.0,0.0,0.0,0.0,0.0,0.0,0.0,0.0,1.0,0.0,0.0,0.0,0.0,0.0,0.0,0.0,0.0,0.0,0.0,0.0,0.0,0.0,0.0,0.0,0.0,0.0,0.0,0.0,0.0,0.0,0.0,0.0,0.0,0.0,0.0,0.0,0.0,0.0,0.0,0.0,0.0,0.0,0.0,0.0,0.0,0.0,0.0,0.0,0.0
attack,"""gbeleleleneeleTITTT",time,time,seqgan_master,seqgan_master__final__time__A__500__MASTER__raw_character__len20__gpre120__reward_off__seed88,1683,20.0,8.0,2.539353872167201,19.0,0.0,0.0,1.0,0.95,0.0,0.0,0.05,0.0,1.0,0.0,0.0,0.0,0.0,0.0,0.0,0.0,0.0,0.0,0.0,0.0,1.0,0.0,0.0,0.0,0.0,0.0,0.0,0.0,0.0,0.0,0.0,0.0,0.0,0.0,0.0,0.0,0.0,0.0,0.0,0.0,0.0,0.0,0.0,0.0,0.0,0.0,0.0,0.0,0.0,0.0,0.0,0.0,0.0,0.0,0.0,0.0,0.0,0.0,0.0,0.0,0.0
attack,"""gbeeeleTTIITIbelele",time,time,seqgan_master,seqgan_master__final__time__A__500__MASTER__raw_character__len20__gpre120__reward_off__seed88,1684,20.0,7.0,2.5261207468426807,19.0,0.0,0.0,1.0,0.95,0.0,0.0,0.05,0.0,1.0,0.0,0.0,0.0,0.0,0.0,0.0,0.0,0.0,0.0,0.0,0.0,1.0,0.0,0.0,0.0,0.0,0.0,0.0,0.0,0.0,0.0,0.0,0.0,0.0,0.0,0.0,0.0,0.0,0.0,0.0,0.0,0.0,0.0,0.0,0.0,0.0,0.0,0.0,0.0,0.0,0.0,0.0,0.0,0.0,0.0,0.0,0.0,0.0,0.0,0.0,0.0,0.0
attack,"""gbele0eeTTbeTTTTTIp",time,time,seqgan_master,seqgan_master__final__time__A__500__MASTER__raw_character__len20__gpre120__reward_off__seed88,1685,20.0,9.0,2.6588718484453606,18.0,1.0,0.0,1.0,0.9,0.05,0.0,0.05,0.0,1.0,0.0,0.0,0.0,0.0,0.0,0.0,0.0,0.0,0.0,0.0,0.0,1.0,0.0,0.0,0.0,0.0,0.0,0.0,0.0,0.0,0.0,0.0,0.0,0.0,0.0,0.0,0.0,0.0,0.0,0.0,0.0,0.0,0.0,0.0,0.0,0.0,0.0,0.0,0.0,0.0,0.0,0.0,0.0,0.0,0.0,0.0,0.0,0.0,0.0,0.0,0.0,0.0
attack,"""gbeleeTbeTIpgTnelel",time,time,seqgan_master,seqgan_master__final__time__A__500__MASTER__raw_character__len20__gpre120__reward_off__seed88,1686,20.0,9.0,2.8709505944546687,19.0,0.0,0.0,1.0,0.95,0.0,0.0,0.05,0.0,1.0,0.0,0.0,0.0,0.0,0.0,0.0,0.0,0.0,0.0,0.0,0.0,1.0,0.0,0.0,0.0,0.0,0.0,0.0,0.0,0.0,0.0,0.0,0.0,0.0,0.0,0.0,0.0,0.0,0.0,0.0,0.0,0.0,0.0,0.0,0.0,0.0,0.0,0.0,0.0,0.0,0.0,0.0,0.0,0.0,0.0,0.0,0.0,0.0,0.0,0.0,0.0,0.0
attack,"""gbeleeleeTIMbeTTIIb",time,time,seqgan_master,seqgan_master__final__time__A__500__MASTER__raw_character__len20__gpre120__reward_off__seed88,1687,20.0,8.0,2.733206219346495,19.0,0.0,0.0,1.0,0.95,0.0,0.0,0.05,0.0,1.0,0.0,0.0,0.0,0.0,0.0,0.0,0.0,0.0,0.0,0.0,0.0,1.0,0.0,0.0,0.0,0.0,0.0,0.0,0.0,0.0,0.0,0.0,0.0,0.0,0.0,0.0,0.0,0.0,0.0,0.0,0.0,0.0,0.0,0.0,0.0,0.0,0.0,0.0,0.0,0.0,0.0,0.0,0.0,0.0,0.0,0.0,0.0,0.0,0.0,0.0,0.0,0.0
attack,"""gbeeleleTbe_TIpgTTe",time,time,seqgan_master,seqgan_master__final__time__A__500__MASTER__raw_character__len20__gpre120__reward_off__seed88,1688,20.0,9.0,2.8464393446710154,18.0,0.0,0.0,2.0,0.9,0.0,0.0,0.1,0.0,1.0,0.0,0.0,0.0,0.0,0.0,0.0,0.0,1.0,0.0,0.0,0.0,1.0,0.0,0.0,0.0,0.0,0.0,0.0,0.0,0.0,0.0,0.0,0.0,0.0,0.0,0.0,0.0,0.0,0.0,0.0,0.0,0.0,0.0,0.0,0.0,0.0,0.0,0.0,0.0,0.0,0.0,0.0,0.0,0.0,0.0,0.0,0.0,0.0,0.0,0.0,0.0,0.0
attack,"""gbeleeleTTITITTIMbe",time,time,seqgan_master,seqgan_master__final__time__A__500__MASTER__raw_character__len20__gpre120__reward_off__seed88,1689,20.0,8.0,2.723219672335508,19.0,0.0,0.0,1.0,0.95,0.0,0.0,0.05,0.0,1.0,0.0,0.0,0.0,0.0,0.0,0.0,0.0,0.0,0.0,0.0,0.0,1.0,0.0,0.0,0.0,0.0,0.0,0.0,0.0,0.0,0.0,0.0,0.0,0.0,0.0,0.0,0.0,0.0,0.0,0.0,0.0,0.0,0.0,0.0,0.0,0.0,0.0,0.0,0.0,0.0,0.0,0.0,0.0,0.0,0.0,0.0,0.0,0.0,0.0,0.0,0.0,0.0
attack,"""gbeeleTbTTIIMelelel",time,time,seqgan_master,seqgan_master__final__time__A__500__MASTER__raw_character__len20__gpre120__reward_off__seed88,1690,20.0,8.0,2.708694969562842,19.0,0.0,0.0,1.0,0.95,0.0,0.0,0.05,0.0,1.0,0.0,0.0,0.0,0.0,0.0,0.0,0.0,0.0,0.0,0.0,0.0,1.0,0.0,0.0,0.0,0.0,0.0,0.0,0.0,0.0,0.0,0.0,0.0,0.0,0.0,0.0,0.0,0.0,0.0,0.0,0.0,0.0,0.0,0.0,0.0,0.0,0.0,0.0,0.0,0.0,0.0,0.0,0.0,0.0,0.0,0.0,0.0,0.0,0.0,0.0,0.0,0.0
attack,"""gbeleeeTITTIMbelele",time,time,seqgan_master,seqgan_master__final__time__A__500__MASTER__raw_character__len20__gpre120__reward_off__seed88,1691,20.0,8.0,2.6638651219508542,19.0,0.0,0.0,1.0,0.95,0.0,0.0,0.05,0.0,1.0,0.0,0.0,0.0,0.0,0.0,0.0,0.0,0.0,0.0,0.0,0.0,1.0,0.0,0.0,0.0,0.0,0.0,0.0,0.0,0.0,0.0,0.0,0.0,0.0,0.0,0.0,0.0,0.0,0.0,0.0,0.0,0.0,0.0,0.0,0.0,0.0,0.0,0.0,0.0,0.0,0.0,0.0,0.0,0.0,0.0,0.0,0.0,0.0,0.0,0.0,0.0,0.0
attack,"""gbeleeleTTTIpgTlele",time,time,seqgan_master,seqgan_master__final__time__A__500__MASTER__raw_character__len20__gpre120__reward_off__seed88,1692,20.0,8.0,2.6464393446710157,19.0,0.0,0.0,1.0,0.95,0.0,0.0,0.05,0.0,1.0,0.0,0.0,0.0,0.0,0.0,0.0,0.0,0.0,0.0,0.0,0.0,1.0,0.0,0.0,0.0,0.0,0.0,0.0,0.0,0.0,0.0,0.0,0.0,0.0,0.0,0.0,0.0,0.0,0.0,0.0,0.0,0.0,0.0,0.0,0.0,0.0,0.0,0.0,0.0,0.0,0.0,0.0,0.0,0.0,0.0,0.0,0.0,0.0,0.0,0.0,0.0,0.0
attack,"""gbeleeleleleeTTTTIT",time,time,seqgan_master,seqgan_master__final__time__A__500__MASTER__raw_character__len20__gpre120__reward_off__seed88,1693,20.0,7.0,2.3588718484453604,19.0,0.0,0.0,1.0,0.95,0.0,0.0,0.05,0.0,1.0,0.0,0.0,0.0,0.0,0.0,0.0,0.0,0.0,0.0,0.0,0.0,1.0,0.0,0.0,0.0,0.0,0.0,0.0,0.0,0.0,0.0,0.0,0.0,0.0,0.0,0.0,0.0,0.0,0.0,0.0,0.0,0.0,0.0,0.0,0.0,0.0,0.0,0.0,0.0,0.0,0.0,0.0,0.0,0.0,0.0,0.0,0.0,0.0,0.0,0.0,0.0,0.0
attack,"""gbeleeTTIIMeTIpgTbe",time,time,seqgan_master,seqgan_master__final__time__A__500__MASTER__raw_character__len20__gpre120__reward_off__seed88,1694,20.0,9.0,2.9037016960573485,19.0,0.0,0.0,1.0,0.95,0.0,0.0,0.05,0.0,1.0,0.0,0.0,0.0,0.0,0.0,0.0,0.0,0.0,0.0,0.0,0.0,1.0,0.0,0.0,0.0,0.0,0.0,0.0,0.0,0.0,0.0,0.0,0.0,0.0,0.0,0.0,0.0,0.0,0.0,0.0,0.0,0.0,0.0,0.0,0.0,0.0,0.0,0.0,0.0,0.0,0.0,0.0,0.0,0.0,0.0,0.0,0.0,0.0,0.0,0.0,0.0,0.0
attack,"""gbeleeleTeTIIMbeTTb",time,time,seqgan_master,seqgan_master__final__time__A__500__MASTER__raw_character__len20__gpre120__reward_off__seed88,1695,20.0,8.0,2.708694969562842,19.0,0.0,0.0,1.0,0.95,0.0,0.0,0.05,0.0,1.0,0.0,0.0,0.0,0.0,0.0,0.0,0.0,0.0,0.0,0.0,0.0,1.0,0.0,0.0,0.0,0.0,0.0,0.0,0.0,0.0,0.0,0.0,0.0,0.0,0.0,0.0,0.0,0.0,0.0,0.0,0.0,0.0,0.0,0.0,0.0,0.0,0.0,0.0,0.0,0.0,0.0,0.0,0.0,0.0,0.0,0.0,0.0,0.0,0.0,0.0,0.0,0.0
attack,"""gbelebeeleeTTITTIsl",time,time,seqgan_master,seqgan_master__final__time__A__500__MASTER__raw_character__len20__gpre120__reward_off__seed88,1696,20.0,8.0,2.708694969562842,19.0,0.0,0.0,1.0,0.95,0.0,0.0,0.05,0.0,1.0,0.0,0.0,0.0,0.0,0.0,0.0,0.0,0.0,0.0,0.0,0.0,1.0,0.0,0.0,0.0,0.0,0.0,0.0,0.0,0.0,0.0,0.0,0.0,0.0,0.0,0.0,0.0,0.0,0.0,0.0,0.0,0.0,0.0,0.0,0.0,0.0,0.0,0.0,0.0,0.0,0.0,0.0,0.0,0.0,0.0,0.0,0.0,0.0,0.0,0.0,0.0,0.0
attack,"""gbeeletribeleeTTIpg",time,time,seqgan_master,seqgan_master__final__time__A__500__MASTER__raw_character__len20__gpre120__reward_off__seed88,1697,20.0,11.0,3.1464393446710157,19.0,0.0,0.0,1.0,0.95,0.0,0.0,0.05,0.0,1.0,0.0,0.0,0.0,0.0,0.0,0.0,0.0,0.0,0.0,0.0,0.0,1.0,0.0,0.0,0.0,0.0,0.0,0.0,0.0,0.0,0.0,0.0,0.0,0.0,0.0,0.0,0.0,0.0,0.0,0.0,0.0,0.0,0.0,0.0,0.0,0.0,0.0,0.0,0.0,0.0,0.0,0.0,0.0,0.0,0.0,0.0,0.0,0.0,0.0,0.0,0.0,0.0
attack,"""gbeleelelebelembeel",time,time,seqgan_master,seqgan_master__final__time__A__500__MASTER__raw_character__len20__gpre120__reward_off__seed88,1698,20.0,6.0,2.077235445408308,19.0,0.0,0.0,1.0,0.95,0.0,0.0,0.05,0.0,1.0,0.0,0.0,0.0,0.0,0.0,0.0,0.0,0.0,0.0,0.0,0.0,1.0,0.0,0.0,0.0,0.0,0.0,0.0,0.0,0.0,0.0,0.0,0.0,0.0,0.0,0.0,0.0,0.0,0.0,0.0,0.0,0.0,0.0,0.0,0.0,0.0,0.0,0.0,0.0,0.0,0.0,0.0,0.0,0.0,0.0,0.0,0.0,0.0,0.0,0.0,0.0,0.0
attack,"""gbelelelebeeTTIpgTb",time,time,seqgan_master,seqgan_master__final__time__A__500__MASTER__raw_character__len20__gpre120__reward_off__seed88,1699,20.0,8.0,2.733206219346495,19.0,0.0,0.0,1.0,0.95,0.0,0.0,0.05,0.0,1.0,0.0,0.0,0.0,0.0,0.0,0.0,0.0,0.0,0.0,0.0,0.0,1.0,0.0,0.0,0.0,0.0,0.0,0.0,0.0,0.0,0.0,0.0,0.0,0.0,0.0,0.0,0.0,0.0,0.0,0.0,0.0,0.0,0.0,0.0,0.0,0.0,0.0,0.0,0.0,0.0,0.0,0.0,0.0,0.0,0.0,0.0,0.0,0.0,0.0,0.0,0.0,0.0
attack,"""gbeeleleleleeTTTTTI",time,time,seqgan_master,seqgan_master__final__time__A__500__MASTER__raw_character__len20__gpre120__reward_off__seed88,1700,20.0,7.0,2.3588718484453604,19.0,0.0,0.0,1.0,0.95,0.0,0.0,0.05,0.0,1.0,0.0,0.0,0.0,0.0,0.0,0.0,0.0,0.0,0.0,0.0,0.0,1.0,0.0,0.0,0.0,0.0,0.0,0.0,0.0,0.0,0.0,0.0,0.0,0.0,0.0,0.0,0.0,0.0,0.0,0.0,0.0,0.0,0.0,0.0,0.0,0.0,0.0,0.0,0.0,0.0,0.0,0.0,0.0,0.0,0.0,0.0,0.0,0.0,0.0,0.0,0.0,0.0
attack,"""gbeleleeeTTTT&TTIIM",time,time,seqgan_master,seqgan_master__final__time__A__500__MASTER__raw_character__len20__gpre120__reward_off__seed88,1701,20.0,9.0,2.765957320949175,18.0,0.0,0.0,2.0,0.9,0.0,0.0,0.1,0.0,1.0,0.0,0.0,0.0,0.0,0.0,0.0,0.0,0.0,0.0,1.0,0.0,1.0,0.0,0.0,0.0,0.0,0.0,0.0,0.0,0.0,0.0,0.0,0.0,0.0,0.0,0.0,0.0,0.0,0.0,0.0,0.0,0.0,0.0,0.0,0.0,0.0,0.0,0.0,0.0,0.0,0.0,0.0,0.0,0.0,0.0,0.0,0.0,0.0,0.0,0.0,0.0,0.0
attack,"""gbeleleTbeleTTIMbeT",time,time,seqgan_master,seqgan_master__final__time__A__500__MASTER__raw_character__len20__gpre120__reward_off__seed88,1702,20.0,8.0,2.6709505944546685,19.0,0.0,0.0,1.0,0.95,0.0,0.0,0.05,0.0,1.0,0.0,0.0,0.0,0.0,0.0,0.0,0.0,0.0,0.0,0.0,0.0,1.0,0.0,0.0,0.0,0.0,0.0,0.0,0.0,0.0,0.0,0.0,0.0,0.0,0.0,0.0,0.0,0.0,0.0,0.0,0.0,0.0,0.0,0.0,0.0,0.0,0.0,0.0,0.0,0.0,0.0,0.0,0.0,0.0,0.0,0.0,0.0,0.0,0.0,0.0,0.0,0.0
attack,"""gbeleeleleleleleTbe",time,time,seqgan_master,seqgan_master__final__time__A__500__MASTER__raw_character__len20__gpre120__reward_off__seed88,1703,20.0,6.0,2.0199730940219753,19.0,0.0,0.0,1.0,0.95,0.0,0.0,0.05,0.0,1.0,0.0,0.0,0.0,0.0,0.0,0.0,0.0,0.0,0.0,0.0,0.0,1.0,0.0,0.0,0.0,0.0,0.0,0.0,0.0,0.0,0.0,0.0,0.0,0.0,0.0,0.0,0.0,0.0,0.0,0.0,0.0,0.0,0.0,0.0,0.0,0.0,0.0,0.0,0.0,0.0,0.0,0.0,0.0,0.0,0.0,0.0,0.0,0.0,0.0,0.0,0.0,0.0
attack,"""rbegbeleele0tbeeTTT",time,time,seqgan_master,seqgan_master__final__time__A__500__MASTER__raw_character__len20__gpre120__reward_off__seed88,1704,20.0,9.0,2.763865121950854,18.0,1.0,0.0,1.0,0.9,0.05,0.0,0.05,0.0,1.0,0.0,0.0,0.0,0.0,0.0,0.0,0.0,0.0,0.0,0.0,0.0,1.0,0.0,0.0,0.0,0.0,0.0,0.0,0.0,0.0,0.0,0.0,0.0,0.0,0.0,0.0,0.0,0.0,0.0,0.0,0.0,0.0,0.0,0.0,0.0,0.0,0.0,0.0,0.0,0.0,0.0,0.0,0.0,0.0,0.0,0.0,0.0,0.0,0.0,0.0,0.0,0.0
attack,"""gtribeleeeleeTITIpg",time,time,seqgan_master,seqgan_master__final__time__A__500__MASTER__raw_character__len20__gpre120__reward_off__seed88,1705,20.0,11.0,3.1464393446710157,19.0,0.0,0.0,1.0,0.95,0.0,0.0,0.05,0.0,1.0,0.0,0.0,0.0,0.0,0.0,0.0,0.0,0.0,0.0,0.0,0.0,1.0,0.0,0.0,0.0,0.0,0.0,0.0,0.0,0.0,0.0,0.0,0.0,0.0,0.0,0.0,0.0,0.0,0.0,0.0,0.0,0.0,0.0,0.0,0.0,0.0,0.0,0.0,0.0,0.0,0.0,0.0,0.0,0.0,0.0,0.0,0.0,0.0,0.0,0.0,0.0,0.0
attack,"""gbeleeeTTTIpgTTTTne",time,time,seqgan_master,seqgan_master__final__time__A__500__MASTER__raw_character__len20__gpre120__reward_off__seed88,1706,20.0,9.0,2.6588718484453606,19.0,0.0,0.0,1.0,0.95,0.0,0.0,0.05,0.0,1.0,0.0,0.0,0.0,0.0,0.0,0.0,0.0,0.0,0.0,0.0,0.0,1.0,0.0,0.0,0.0,0.0,0.0,0.0,0.0,0.0,0.0,0.0,0.0,0.0,0.0,0.0,0.0,0.0,0.0,0.0,0.0,0.0,0.0,0.0,0.0,0.0,0.0,0.0,0.0,0.0,0.0,0.0,0.0,0.0,0.0,0.0,0.0,0.0,0.0,0.0,0.0,0.0
attack,"""gbeeleleleleleleTTT",time,time,seqgan_master,seqgan_master__final__time__A__500__MASTER__raw_character__len20__gpre120__reward_off__seed88,1707,20.0,6.0,2.108694969562842,19.0,0.0,0.0,1.0,0.95,0.0,0.0,0.05,0.0,1.0,0.0,0.0,0.0,0.0,0.0,0.0,0.0,0.0,0.0,0.0,0.0,1.0,0.0,0.0,0.0,0.0,0.0,0.0,0.0,0.0,0.0,0.0,0.0,0.0,0.0,0.0,0.0,0.0,0.0,0.0,0.0,0.0,0.0,0.0,0.0,0.0,0.0,0.0,0.0,0.0,0.0,0.0,0.0,0.0,0.0,0.0,0.0,0.0,0.0,0.0,0.0,0.0
attack,"""gbeleleeTTbeleTTIpg",time,time,seqgan_master,seqgan_master__final__time__A__500__MASTER__raw_character__len20__gpre120__reward_off__seed88,1708,20.0,8.0,2.708694969562842,19.0,0.0,0.0,1.0,0.95,0.0,0.0,0.05,0.0,1.0,0.0,0.0,0.0,0.0,0.0,0.0,0.0,0.0,0.0,0.0,0.0,1.0,0.0,0.0,0.0,0.0,0.0,0.0,0.0,0.0,0.0,0.0,0.0,0.0,0.0,0.0,0.0,0.0,0.0,0.0,0.0,0.0,0.0,0.0,0.0,0.0,0.0,0.0,0.0,0.0,0.0,0.0,0.0,0.0,0.0,0.0,0.0,0.0,0.0,0.0,0.0,0.0
attack,"""gbeleeleTbeTeeTITTI",time,time,seqgan_master,seqgan_master__final__time__A__500__MASTER__raw_character__len20__gpre120__reward_off__seed88,1709,20.0,7.0,2.4588718484453604,19.0,0.0,0.0,1.0,0.95,0.0,0.0,0.05,0.0,1.0,0.0,0.0,0.0,0.0,0.0,0.0,0.0,0.0,0.0,0.0,0.0,1.0,0.0,0.0,0.0,0.0,0.0,0.0,0.0,0.0,0.0,0.0,0.0,0.0,0.0,0.0,0.0,0.0,0.0,0.0,0.0,0.0,0.0,0.0,0.0,0.0,0.0,0.0,0.0,0.0,0.0,0.0,0.0,0.0,0.0,0.0,0.0,0.0,0.0,0.0,0.0,0.0
attack,"""gbeleelelelelele0TI",time,time,seqgan_master,seqgan_master__final__time__A__500__MASTER__raw_character__len20__gpre120__reward_off__seed88,1710,20.0,8.0,2.3464393446710154,18.0,1.0,0.0,1.0,0.9,0.05,0.0,0.05,0.0,1.0,0.0,0.0,0.0,0.0,0.0,0.0,0.0,0.0,0.0,0.0,0.0,1.0,0.0,0.0,0.0,0.0,0.0,0.0,0.0,0.0,0.0,0.0,0.0,0.0,0.0,0.0,0.0,0.0,0.0,0.0,0.0,0.0,0.0,0.0,0.0,0.0,0.0,0.0,0.0,0.0,0.0,0.0,0.0,0.0,0.0,0.0,0.0,0.0,0.0,0.0,0.0,0.0
attack,"""gbeleele0TIMbeeTI_b",time,time,seqgan_master,seqgan_master__final__time__A__500__MASTER__raw_character__len20__gpre120__reward_off__seed88,1711,20.0,10.0,3.008694969562842,17.0,1.0,0.0,2.0,0.85,0.05,0.0,0.1,0.0,1.0,0.0,0.0,0.0,0.0,0.0,0.0,0.0,1.0,0.0,0.0,0.0,1.0,0.0,0.0,0.0,0.0,0.0,0.0,0.0,0.0,0.0,0.0,0.0,0.0,0.0,0.0,0.0,0.0,0.0,0.0,0.0,0.0,0.0,0.0,0.0,0.0,0.0,0.0,0.0,0.0,0.0,0.0,0.0,0.0,0.0,0.0,0.0,0.0,0.0,0.0,0.0,0.0
attack,""";waiibeeTblegbeelel",time,time,seqgan_master,seqgan_master__final__time__A__500__MASTER__raw_character__len20__gpre120__reward_off__seed88,1712,20.0,10.0,2.970950594454669,18.0,0.0,0.0,2.0,0.9,0.0,0.0,0.1,0.0,1.0,0.0,0.0,0.0,0.0,1.0,0.0,0.0,0.0,0.0,0.0,0.0,1.0,0.0,0.0,0.0,0.0,0.0,1.0,0.0,0.0,0.0,0.0,0.0,0.0,0.0,0.0,0.0,0.0,0.0,0.0,0.0,0.0,0.0,0.0,0.0,0.0,0.0,0.0,0.0,0.0,0.0,0.0,0.0,0.0,0.0,0.0,0.0,0.0,0.0,0.0,0.0,0.0
attack,"""gbeleeleleeeleleTII",time,time,seqgan_master,seqgan_master__final__time__A__500__MASTER__raw_character__len20__gpre120__reward_off__seed88,1713,20.0,7.0,2.2149798205164815,19.0,0.0,0.0,1.0,0.95,0.0,0.0,0.05,0.0,1.0,0.0,0.0,0.0,0.0,0.0,0.0,0.0,0.0,0.0,0.0,0.0,1.0,0.0,0.0,0.0,0.0,0.0,0.0,0.0,0.0,0.0,0.0,0.0,0.0,0.0,0.0,0.0,0.0,0.0,0.0,0.0,0.0,0.0,0.0,0.0,0.0,0.0,0.0,0.0,0.0,0.0,0.0,0.0,0.0,0.0,0.0,0.0,0.0,0.0,0.0,0.0,0.0
attack,"""gbelegTbeelelelelel",time,time,seqgan_master,seqgan_master__final__time__A__500__MASTER__raw_character__len20__gpre120__reward_off__seed88,1714,20.0,6.0,2.1464393446710153,19.0,0.0,0.0,1.0,0.95,0.0,0.0,0.05,0.0,1.0,0.0,0.0,0.0,0.0,0.0,0.0,0.0,0.0,0.0,0.0,0.0,1.0,0.0,0.0,0.0,0.0,0.0,0.0,0.0,0.0,0.0,0.0,0.0,0.0,0.0,0.0,0.0,0.0,0.0,0.0,0.0,0.0,0.0,0.0,0.0,0.0,0.0,0.0,0.0,0.0,0.0,0.0,0.0,0.0,0.0,0.0,0.0,0.0,0.0,0.0,0.0,0.0
attack,"""gbeleeleTTITIIMbeTI",time,time,seqgan_master,seqgan_master__final__time__A__500__MASTER__raw_character__len20__gpre120__reward_off__seed88,1715,20.0,8.0,2.7414460711655217,19.0,0.0,0.0,1.0,0.95,0.0,0.0,0.05,0.0,1.0,0.0,0.0,0.0,0.0,0.0,0.0,0.0,0.0,0.0,0.0,0.0,1.0,0.0,0.0,0.0,0.0,0.0,0.0,0.0,0.0,0.0,0.0,0.0,0.0,0.0,0.0,0.0,0.0,0.0,0.0,0.0,0.0,0.0,0.0,0.0,0.0,0.0,0.0,0.0,0.0,0.0,0.0,0.0,0.0,0.0,0.0,0.0,0.0,0.0,0.0,0.0,0.0
attack,"""gbeleleele0TIbeeleT",time,time,seqgan_master,seqgan_master__final__time__A__500__MASTER__raw_character__len20__gpre120__reward_off__seed88,1716,20.0,8.0,2.5219280948873624,18.0,1.0,0.0,1.0,0.9,0.05,0.0,0.05,0.0,1.0,0.0,0.0,0.0,0.0,0.0,0.0,0.0,0.0,0.0,0.0,0.0,1.0,0.0,0.0,0.0,0.0,0.0,0.0,0.0,0.0,0.0,0.0,0.0,0.0,0.0,0.0,0.0,0.0,0.0,0.0,0.0,0.0,0.0,0.0,0.0,0.0,0.0,0.0,0.0,0.0,0.0,0.0,0.0,0.0,0.0,0.0,0.0,0.0,0.0,0.0,0.0,0.0
attack,"""gbeleeTbeTbeleeTIpg",time,time,seqgan_master,seqgan_master__final__time__A__500__MASTER__raw_character__len20__gpre120__reward_off__seed88,1717,20.0,8.0,2.6638651219508542,19.0,0.0,0.0,1.0,0.95,0.0,0.0,0.05,0.0,1.0,0.0,0.0,0.0,0.0,0.0,0.0,0.0,0.0,0.0,0.0,0.0,1.0,0.0,0.0,0.0,0.0,0.0,0.0,0.0,0.0,0.0,0.0,0.0,0.0,0.0,0.0,0.0,0.0,0.0,0.0,0.0,0.0,0.0,0.0,0.0,0.0,0.0,0.0,0.0,0.0,0.0,0.0,0.0,0.0,0.0,0.0,0.0,0.0,0.0,0.0,0.0,0.0
attack,"""gbeleeeleTITTTIMbel",time,time,seqgan_master,seqgan_master__final__time__A__500__MASTER__raw_character__len20__gpre120__reward_off__seed88,1718,20.0,8.0,2.708694969562842,19.0,0.0,0.0,1.0,0.95,0.0,0.0,0.05,0.0,1.0,0.0,0.0,0.0,0.0,0.0,0.0,0.0,0.0,0.0,0.0,0.0,1.0,0.0,0.0,0.0,0.0,0.0,0.0,0.0,0.0,0.0,0.0,0.0,0.0,0.0,0.0,0.0,0.0,0.0,0.0,0.0,0.0,0.0,0.0,0.0,0.0,0.0,0.0,0.0,0.0,0.0,0.0,0.0,0.0,0.0,0.0,0.0,0.0,0.0,0.0,0.0,0.0
attack,"""gbeleeTTTTIITITIpgT",time,time,seqgan_master,seqgan_master__final__time__A__500__MASTER__raw_character__len20__gpre120__reward_off__seed88,1719,20.0,8.0,2.6016094970590276,19.0,0.0,0.0,1.0,0.95,0.0,0.0,0.05,0.0,1.0,0.0,0.0,0.0,0.0,0.0,0.0,0.0,0.0,0.0,0.0,0.0,1.0,0.0,0.0,0.0,0.0,0.0,0.0,0.0,0.0,0.0,0.0,0.0,0.0,0.0,0.0,0.0,0.0,0.0,0.0,0.0,0.0,0.0,0.0,0.0,0.0,0.0,0.0,0.0,0.0,0.0,0.0,0.0,0.0,0.0,0.0,0.0,0.0,0.0,0.0,0.0,0.0
attack,"""gbeleelele0eTTTIdel",time,time,seqgan_master,seqgan_master__final__time__A__500__MASTER__raw_character__len20__gpre120__reward_off__seed88,1720,20.0,9.0,2.7016094970590276,18.0,1.0,0.0,1.0,0.9,0.05,0.0,0.05,0.0,1.0,0.0,0.0,0.0,0.0,0.0,0.0,0.0,0.0,0.0,0.0,0.0,1.0,0.0,0.0,0.0,0.0,0.0,0.0,0.0,0.0,0.0,0.0,0.0,0.0,0.0,0.0,0.0,0.0,0.0,0.0,0.0,0.0,0.0,0.0,0.0,0.0,0.0,0.0,0.0,0.0,0.0,0.0,0.0,0.0,0.0,0.0,0.0,0.0,0.0,0.0,0.0,0.0
attack,"""gbeleleleeTIMeneTTT",time,time,seqgan_master,seqgan_master__final__time__A__500__MASTER__raw_character__len20__gpre120__reward_off__seed88,1721,20.0,9.0,2.7016094970590276,19.0,0.0,0.0,1.0,0.95,0.0,0.0,0.05,0.0,1.0,0.0,0.0,0.0,0.0,0.0,0.0,0.0,0.0,0.0,0.0,0.0,1.0,0.0,0.0,0.0,0.0,0.0,0.0,0.0,0.0,0.0,0.0,0.0,0.0,0.0,0.0,0.0,0.0,0.0,0.0,0.0,0.0,0.0,0.0,0.0,0.0,0.0,0.0,0.0,0.0,0.0,0.0,0.0,0.0,0.0,0.0,0.0,0.0,0.0,0.0,0.0,0.0
attack,"""gbeleeleleTTIpgTbel",time,time,seqgan_master,seqgan_master__final__time__A__500__MASTER__raw_character__len20__gpre120__reward_off__seed88,1722,20.0,8.0,2.708694969562842,19.0,0.0,0.0,1.0,0.95,0.0,0.0,0.05,0.0,1.0,0.0,0.0,0.0,0.0,0.0,0.0,0.0,0.0,0.0,0.0,0.0,1.0,0.0,0.0,0.0,0.0,0.0,0.0,0.0,0.0,0.0,0.0,0.0,0.0,0.0,0.0,0.0,0.0,0.0,0.0,0.0,0.0,0.0,0.0,0.0,0.0,0.0,0.0,0.0,0.0,0.0,0.0,0.0,0.0,0.0,0.0,0.0,0.0,0.0,0.0,0.0,0.0
attack,;waibgbeleeeTTTIMele,time,time,seqgan_master,seqgan_master__final__time__A__500__MASTER__raw_character__len20__gpre120__reward_off__seed88,1723,20.0,11.0,3.1086949695628423,19.0,0.0,0.0,1.0,0.95,0.0,0.0,0.05,0.0,0.0,0.0,0.0,0.0,0.0,1.0,0.0,0.0,0.0,0.0,0.0,0.0,0.0,0.0,0.0,0.0,0.0,0.0,1.0,0.0,0.0,0.0,0.0,0.0,0.0,0.0,0.0,0.0,0.0,0.0,0.0,0.0,0.0,0.0,0.0,0.0,0.0,0.0,0.0,0.0,0.0,0.0,0.0,0.0,0.0,0.0,0.0,0.0,0.0,0.0,0.0,0.0,0.0
attack,"""gbeeleleTTbeTTIIMeT",time,time,seqgan_master,seqgan_master__final__time__A__500__MASTER__raw_character__len20__gpre120__reward_off__seed88,1724,20.0,8.0,2.665957320949175,19.0,0.0,0.0,1.0,0.95,0.0,0.0,0.05,0.0,1.0,0.0,0.0,0.0,0.0,0.0,0.0,0.0,0.0,0.0,0.0,0.0,1.0,0.0,0.0,0.0,0.0,0.0,0.0,0.0,0.0,0.0,0.0,0.0,0.0,0.0,0.0,0.0,0.0,0.0,0.0,0.0,0.0,0.0,0.0,0.0,0.0,0.0,0.0,0.0,0.0,0.0,0.0,0.0,0.0,0.0,0.0,0.0,0.0,0.0,0.0,0.0,0.0
attack,"""gbeleeleleTTTIeTIpg",time,time,seqgan_master,seqgan_master__final__time__A__500__MASTER__raw_character__len20__gpre120__reward_off__seed88,1725,20.0,8.0,2.708694969562842,19.0,0.0,0.0,1.0,0.95,0.0,0.0,0.05,0.0,1.0,0.0,0.0,0.0,0.0,0.0,0.0,0.0,0.0,0.0,0.0,0.0,1.0,0.0,0.0,0.0,0.0,0.0,0.0,0.0,0.0,0.0,0.0,0.0,0.0,0.0,0.0,0.0,0.0,0.0,0.0,0.0,0.0,0.0,0.0,0.0,0.0,0.0,0.0,0.0,0.0,0.0,0.0,0.0,0.0,0.0,0.0,0.0,0.0,0.0,0.0,0.0,0.0
attack,"""gbeleeleeleeTTbeTTI",time,time,seqgan_master,seqgan_master__final__time__A__500__MASTER__raw_character__len20__gpre120__reward_off__seed88,1726,20.0,7.0,2.384183719779189,19.0,0.0,0.0,1.0,0.95,0.0,0.0,0.05,0.0,1.0,0.0,0.0,0.0,0.0,0.0,0.0,0.0,0.0,0.0,0.0,0.0,1.0,0.0,0.0,0.0,0.0,0.0,0.0,0.0,0.0,0.0,0.0,0.0,0.0,0.0,0.0,0.0,0.0,0.0,0.0,0.0,0.0,0.0,0.0,0.0,0.0,0.0,0.0,0.0,0.0,0.0,0.0,0.0,0.0,0.0,0.0,0.0,0.0,0.0,0.0,0.0,0.0
attack,"""gbeleelebeeTTTTITII",time,time,seqgan_master,seqgan_master__final__time__A__500__MASTER__raw_character__len20__gpre120__reward_off__seed88,1727,20.0,7.0,2.5282129458410014,19.0,0.0,0.0,1.0,0.95,0.0,0.0,0.05,0.0,1.0,0.0,0.0,0.0,0.0,0.0,0.0,0.0,0.0,0.0,0.0,0.0,1.0,0.0,0.0,0.0,0.0,0.0,0.0,0.0,0.0,0.0,0.0,0.0,0.0,0.0,0.0,0.0,0.0,0.0,0.0,0.0,0.0,0.0,0.0,0.0,0.0,0.0,0.0,0.0,0.0,0.0,0.0,0.0,0.0,0.0,0.0,0.0,0.0,0.0,0.0,0.0,0.0
attack,"""gbeleeleTbeleTTIpgT",time,time,seqgan_master,seqgan_master__final__time__A__500__MASTER__raw_character__len20__gpre120__reward_off__seed88,1728,20.0,8.0,2.708694969562842,19.0,0.0,0.0,1.0,0.95,0.0,0.0,0.05,0.0,1.0,0.0,0.0,0.0,0.0,0.0,0.0,0.0,0.0,0.0,0.0,0.0,1.0,0.0,0.0,0.0,0.0,0.0,0.0,0.0,0.0,0.0,0.0,0.0,0.0,0.0,0.0,0.0,0.0,0.0,0.0,0.0,0.0,0.0,0.0,0.0,0.0,0.0,0.0,0.0,0.0,0.0,0.0,0.0,0.0,0.0,0.0,0.0,0.0,0.0,0.0,0.0,0.0
attack,"""gbrbeleleeleeT1r0eT",time,time,seqgan_master,seqgan_master__final__time__A__500__MASTER__raw_character__len20__gpre120__reward_off__seed88,1729,20.0,9.0,2.8016094970590277,17.0,2.0,0.0,1.0,0.85,0.1,0.0,0.05,0.0,1.0,0.0,0.0,0.0,0.0,0.0,0.0,0.0,0.0,0.0,0.0,0.0,1.0,0.0,0.0,0.0,0.0,0.0,0.0,0.0,0.0,0.0,0.0,0.0,0.0,0.0,0.0,0.0,0.0,0.0,0.0,0.0,0.0,0.0,0.0,0.0,0.0,0.0,0.0,0.0,0.0,0.0,0.0,0.0,0.0,0.0,0.0,0.0,0.0,0.0,0.0,0.0,0.0
attack,""" bele0rleeleleleeTI",time,time,seqgan_master,seqgan_master__final__time__A__500__MASTER__raw_character__len20__gpre120__reward_off__seed88,1730,20.0,9.0,2.541446071165522,17.0,1.0,1.0,1.0,0.85,0.05,0.05,0.05,0.0,1.0,0.0,0.0,0.0,0.0,0.0,0.0,0.0,0.0,0.0,0.0,0.0,1.0,0.0,0.0,0.0,0.0,0.0,0.0,0.0,0.0,0.0,0.0,0.0,0.0,0.0,0.0,0.0,0.0,0.0,0.0,0.0,0.0,0.0,0.0,0.0,0.0,0.0,0.0,0.0,0.0,0.0,0.0,0.0,0.0,0.0,0.0,0.0,0.0,0.0,0.0,0.0,0.0
attack,"""gbelegbleeleelelecT",time,time,seqgan_master,seqgan_master__final__time__A__500__MASTER__raw_character__len20__gpre120__reward_off__seed88,1731,20.0,7.0,2.341446071165522,19.0,0.0,0.0,1.0,0.95,0.0,0.0,0.05,0.0,1.0,0.0,0.0,0.0,0.0,0.0,0.0,0.0,0.0,0.0,0.0,0.0,1.0,0.0,0.0,0.0,0.0,0.0,0.0,0.0,0.0,0.0,0.0,0.0,0.0,0.0,0.0,0.0,0.0,0.0,0.0,0.0,0.0,0.0,0.0,0.0,0.0,0.0,0.0,0.0,0.0,0.0,0.0,0.0,0.0,0.0,0.0,0.0,0.0,0.0,0.0,0.0,0.0
attack,"""gbebeleeTTmbeTbeleT",time,time,seqgan_master,seqgan_master__final__time__A__500__MASTER__raw_character__len20__gpre120__reward_off__seed88,1732,20.0,7.0,2.439353872167201,19.0,0.0,0.0,1.0,0.95,0.0,0.0,0.05,0.0,1.0,0.0,0.0,0.0,0.0,0.0,0.0,0.0,0.0,0.0,0.0,0.0,1.0,0.0,0.0,0.0,0.0,0.0,0.0,0.0,0.0,0.0,0.0,0.0,0.0,0.0,0.0,0.0,0.0,0.0,0.0,0.0,0.0,0.0,0.0,0.0,0.0,0.0,0.0,0.0,0.0,0.0,0.0,0.0,0.0,0.0,0.0,0.0,0.0,0.0,0.0,0.0,0.0
attack,"""gbleeleeTbeTTHelbTe",time,time,seqgan_master,seqgan_master__final__time__A__500__MASTER__raw_character__len20__gpre120__reward_off__seed88,1733,20.0,7.0,2.463865121950854,19.0,0.0,0.0,1.0,0.95,0.0,0.0,0.05,0.0,1.0,0.0,0.0,0.0,0.0,0.0,0.0,0.0,0.0,0.0,0.0,0.0,1.0,0.0,0.0,0.0,0.0,0.0,0.0,0.0,0.0,0.0,0.0,0.0,0.0,0.0,0.0,0.0,0.0,0.0,0.0,0.0,0.0,0.0,0.0,0.0,0.0,0.0,0.0,0.0,0.0,0.0,0.0,0.0,0.0,0.0,0.0,0.0,0.0,0.0,0.0,0.0,0.0
attack,"""gbeelele0TTIdeTIIle",time,time,seqgan_master,seqgan_master__final__time__A__500__MASTER__raw_character__len20__gpre120__reward_off__seed88,1734,20.0,9.0,2.8332062193464953,18.0,1.0,0.0,1.0,0.9,0.05,0.0,0.05,0.0,1.0,0.0,0.0,0.0,0.0,0.0,0.0,0.0,0.0,0.0,0.0,0.0,1.0,0.0,0.0,0.0,0.0,0.0,0.0,0.0,0.0,0.0,0.0,0.0,0.0,0.0,0.0,0.0,0.0,0.0,0.0,0.0,0.0,0.0,0.0,0.0,0.0,0.0,0.0,0.0,0.0,0.0,0.0,0.0,0.0,0.0,0.0,0.0,0.0,0.0,0.0,0.0,0.0
attack,"""gbeleeleTeleTbeTTTT",time,time,seqgan_master,seqgan_master__final__time__A__500__MASTER__raw_character__len20__gpre120__reward_off__seed88,1735,20.0,6.0,2.2261207468426805,19.0,0.0,0.0,1.0,0.95,0.0,0.0,0.05,0.0,1.0,0.0,0.0,0.0,0.0,0.0,0.0,0.0,0.0,0.0,0.0,0.0,1.0,0.0,0.0,0.0,0.0,0.0,0.0,0.0,0.0,0.0,0.0,0.0,0.0,0.0,0.0,0.0,0.0,0.0,0.0,0.0,0.0,0.0,0.0,0.0,0.0,0.0,0.0,0.0,0.0,0.0,0.0,0.0,0.0,0.0,0.0,0.0,0.0,0.0,0.0,0.0,0.0
attack,"""gtrneeeeleleeleleTI",time,time,seqgan_master,seqgan_master__final__time__A__500__MASTER__raw_character__len20__gpre120__reward_off__seed88,1736,20.0,9.0,2.495461844238322,19.0,0.0,0.0,1.0,0.95,0.0,0.0,0.05,0.0,1.0,0.0,0.0,0.0,0.0,0.0,0.0,0.0,0.0,0.0,0.0,0.0,1.0,0.0,0.0,0.0,0.0,0.0,0.0,0.0,0.0,0.0,0.0,0.0,0.0,0.0,0.0,0.0,0.0,0.0,0.0,0.0,0.0,0.0,0.0,0.0,0.0,0.0,0.0,0.0,0.0,0.0,0.0,0.0,0.0,0.0,0.0,0.0,0.0,0.0,0.0,0.0,0.0
attack,"""gbeleeleleleeTIMbel",time,time,seqgan_master,seqgan_master__final__time__A__500__MASTER__raw_character__len20__gpre120__reward_off__seed88,1737,20.0,8.0,2.441446071165522,19.0,0.0,0.0,1.0,0.95,0.0,0.0,0.05,0.0,1.0,0.0,0.0,0.0,0.0,0.0,0.0,0.0,0.0,0.0,0.0,0.0,1.0,0.0,0.0,0.0,0.0,0.0,0.0,0.0,0.0,0.0,0.0,0.0,0.0,0.0,0.0,0.0,0.0,0.0,0.0,0.0,0.0,0.0,0.0,0.0,0.0,0.0,0.0,0.0,0.0,0.0,0.0,0.0,0.0,0.0,0.0,0.0,0.0,0.0,0.0,0.0,0.0
attack,"""gbeeleleleleeTTTdeT",time,time,seqgan_master,seqgan_master__final__time__A__500__MASTER__raw_character__len20__gpre120__reward_off__seed88,1738,20.0,7.0,2.321928094887362,19.0,0.0,0.0,1.0,0.95,0.0,0.0,0.05,0.0,1.0,0.0,0.0,0.0,0.0,0.0,0.0,0.0,0.0,0.0,0.0,0.0,1.0,0.0,0.0,0.0,0.0,0.0,0.0,0.0,0.0,0.0,0.0,0.0,0.0,0.0,0.0,0.0,0.0,0.0,0.0,0.0,0.0,0.0,0.0,0.0,0.0,0.0,0.0,0.0,0.0,0.0,0.0,0.0,0.0,0.0,0.0,0.0,0.0,0.0,0.0,0.0,0.0
attack,"""gbeelee0gTTIMelebeT",time,time,seqgan_master,seqgan_master__final__time__A__500__MASTER__raw_character__len20__gpre120__reward_off__seed88,1739,20.0,9.0,2.8016094970590277,18.0,1.0,0.0,1.0,0.9,0.05,0.0,0.05,0.0,1.0,0.0,0.0,0.0,0.0,0.0,0.0,0.0,0.0,0.0,0.0,0.0,1.0,0.0,0.0,0.0,0.0,0.0,0.0,0.0,0.0,0.0,0.0,0.0,0.0,0.0,0.0,0.0,0.0,0.0,0.0,0.0,0.0,0.0,0.0,0.0,0.0,0.0,0.0,0.0,0.0,0.0,0.0,0.0,0.0,0.0,0.0,0.0,0.0,0.0,0.0,0.0,0.0
attack,"""bgbeleelaelee0TITIT",time,time,seqgan_master,seqgan_master__final__time__A__500__MASTER__raw_character__len20__gpre120__reward_off__seed88,1740,20.0,9.0,2.8709505944546687,18.0,1.0,0.0,1.0,0.9,0.05,0.0,0.05,0.0,1.0,0.0,0.0,0.0,0.0,0.0,0.0,0.0,0.0,0.0,0.0,0.0,1.0,0.0,0.0,0.0,0.0,0.0,0.0,0.0,0.0,0.0,0.0,0.0,0.0,0.0,0.0,0.0,0.0,0.0,0.0,0.0,0.0,0.0,0.0,0.0,0.0,0.0,0.0,0.0,0.0,0.0,0.0,0.0,0.0,0.0,0.0,0.0,0.0,0.0,0.0,0.0,0.0
attack,"""gbeeleleleTTpgTInTm",time,time,seqgan_master,seqgan_master__final__time__A__500__MASTER__raw_character__len20__gpre120__reward_off__seed88,1741,20.0,10.0,3.0037016960573486,19.0,0.0,0.0,1.0,0.95,0.0,0.0,0.05,0.0,1.0,0.0,0.0,0.0,0.0,0.0,0.0,0.0,0.0,0.0,0.0,0.0,1.0,0.0,0.0,0.0,0.0,0.0,0.0,0.0,0.0,0.0,0.0,0.0,0.0,0.0,0.0,0.0,0.0,0.0,0.0,0.0,0.0,0.0,0.0,0.0,0.0,0.0,0.0,0.0,0.0,0.0,0.0,0.0,0.0,0.0,0.0,0.0,0.0,0.0,0.0,0.0,0.0
attack,"""gbeleeeleeTbeTTTITM",time,time,seqgan_master,seqgan_master__final__time__A__500__MASTER__raw_character__len20__gpre120__reward_off__seed88,1742,20.0,8.0,2.5588718484453605,19.0,0.0,0.0,1.0,0.95,0.0,0.0,0.05,0.0,1.0,0.0,0.0,0.0,0.0,0.0,0.0,0.0,0.0,0.0,0.0,0.0,1.0,0.0,0.0,0.0,0.0,0.0,0.0,0.0,0.0,0.0,0.0,0.0,0.0,0.0,0.0,0.0,0.0,0.0,0.0,0.0,0.0,0.0,0.0,0.0,0.0,0.0,0.0,0.0,0.0,0.0,0.0,0.0,0.0,0.0,0.0,0.0,0.0,0.0,0.0,0.0,0.0
attack,"""gbeleeTIITTpgTTIrne",time,time,seqgan_master,seqgan_master__final__time__A__500__MASTER__raw_character__len20__gpre120__reward_off__seed88,1743,20.0,10.0,3.0037016960573486,19.0,0.0,0.0,1.0,0.95,0.0,0.0,0.05,0.0,1.0,0.0,0.0,0.0,0.0,0.0,0.0,0.0,0.0,0.0,0.0,0.0,1.0,0.0,0.0,0.0,0.0,0.0,0.0,0.0,0.0,0.0,0.0,0.0,0.0,0.0,0.0,0.0,0.0,0.0,0.0,0.0,0.0,0.0,0.0,0.0,0.0,0.0,0.0,0.0,0.0,0.0,0.0,0.0,0.0,0.0,0.0,0.0,0.0,0.0,0.0,0.0,0.0
attack,"""gbgbelegbeeleeleleT",time,time,seqgan_master,seqgan_master__final__time__A__500__MASTER__raw_character__len20__gpre120__reward_off__seed88,1744,20.0,6.0,2.2464393446710154,19.0,0.0,0.0,1.0,0.95,0.0,0.0,0.05,0.0,1.0,0.0,0.0,0.0,0.0,0.0,0.0,0.0,0.0,0.0,0.0,0.0,1.0,0.0,0.0,0.0,0.0,0.0,0.0,0.0,0.0,0.0,0.0,0.0,0.0,0.0,0.0,0.0,0.0,0.0,0.0,0.0,0.0,0.0,0.0,0.0,0.0,0.0,0.0,0.0,0.0,0.0,0.0,0.0,0.0,0.0,0.0,0.0,0.0,0.0,0.0,0.0,0.0
attack,"""gbeleeTleTTIlleeTbe",time,time,seqgan_master,seqgan_master__final__time__A__500__MASTER__raw_character__len20__gpre120__reward_off__seed88,1745,20.0,7.0,2.439353872167201,19.0,0.0,0.0,1.0,0.95,0.0,0.0,0.05,0.0,1.0,0.0,0.0,0.0,0.0,0.0,0.0,0.0,0.0,0.0,0.0,0.0,1.0,0.0,0.0,0.0,0.0,0.0,0.0,0.0,0.0,0.0,0.0,0.0,0.0,0.0,0.0,0.0,0.0,0.0,0.0,0.0,0.0,0.0,0.0,0.0,0.0,0.0,0.0,0.0,0.0,0.0,0.0,0.0,0.0,0.0,0.0,0.0,0.0,0.0,0.0,0.0,0.0
attack,"""gbeleeleeTTpTTbeTIr",time,time,seqgan_master,seqgan_master__final__time__A__500__MASTER__raw_character__len20__gpre120__reward_off__seed88,1746,20.0,9.0,2.765957320949175,19.0,0.0,0.0,1.0,0.95,0.0,0.0,0.05,0.0,1.0,0.0,0.0,0.0,0.0,0.0,0.0,0.0,0.0,0.0,0.0,0.0,1.0,0.0,0.0,0.0,0.0,0.0,0.0,0.0,0.0,0.0,0.0,0.0,0.0,0.0,0.0,0.0,0.0,0.0,0.0,0.0,0.0,0.0,0.0,0.0,0.0,0.0,0.0,0.0,0.0,0.0,0.0,0.0,0.0,0.0,0.0,0.0,0.0,0.0,0.0,0.0,0.0
attack,"""gbeleeleeleTleTTIIp",time,time,seqgan_master,seqgan_master__final__time__A__500__MASTER__raw_character__len20__gpre120__reward_off__seed88,1747,20.0,8.0,2.6016094970590276,19.0,0.0,0.0,1.0,0.95,0.0,0.0,0.05,0.0,1.0,0.0,0.0,0.0,0.0,0.0,0.0,0.0,0.0,0.0,0.0,0.0,1.0,0.0,0.0,0.0,0.0,0.0,0.0,0.0,0.0,0.0,0.0,0.0,0.0,0.0,0.0,0.0,0.0,0.0,0.0,0.0,0.0,0.0,0.0,0.0,0.0,0.0,0.0,0.0,0.0,0.0,0.0,0.0,0.0,0.0,0.0,0.0,0.0,0.0,0.0,0.0,0.0
attack,"""gbeeleleleleelelebe",time,time,seqgan_master,seqgan_master__final__time__A__500__MASTER__raw_character__len20__gpre120__reward_off__seed88,1748,20.0,5.0,1.7854752972273344,19.0,0.0,0.0,1.0,0.95,0.0,0.0,0.05,0.0,1.0,0.0,0.0,0.0,0.0,0.0,0.0,0.0,0.0,0.0,0.0,0.0,1.0,0.0,0.0,0.0,0.0,0.0,0.0,0.0,0.0,0.0,0.0,0.0,0.0,0.0,0.0,0.0,0.0,0.0,0.0,0.0,0.0,0.0,0.0,0.0,0.0,0.0,0.0,0.0,0.0,0.0,0.0,0.0,0.0,0.0,0.0,0.0,0.0,0.0,0.0,0.0,0.0
attack,"""gbeleeleleeleTTTIpg",time,time,seqgan_master,seqgan_master__final__time__A__500__MASTER__raw_character__len20__gpre120__reward_off__seed88,1749,20.0,8.0,2.6016094970590276,19.0,0.0,0.0,1.0,0.95,0.0,0.0,0.05,0.0,1.0,0.0,0.0,0.0,0.0,0.0,0.0,0.0,0.0,0.0,0.0,0.0,1.0,0.0,0.0,0.0,0.0,0.0,0.0,0.0,0.0,0.0,0.0,0.0,0.0,0.0,0.0,0.0,0.0,0.0,0.0,0.0,0.0,0.0,0.0,0.0,0.0,0.0,0.0,0.0,0.0,0.0,0.0,0.0,0.0,0.0,0.0,0.0,0.0,0.0,0.0,0.0,0.0
attack,"""gbeeleeTIpgTbeleeTb",time,time,seqgan_master,seqgan_master__final__time__A__500__MASTER__raw_character__len20__gpre120__reward_off__seed88,1750,20.0,8.0,2.6638651219508542,19.0,0.0,0.0,1.0,0.95,0.0,0.0,0.05,0.0,1.0,0.0,0.0,0.0,0.0,0.0,0.0,0.0,0.0,0.0,0.0,0.0,1.0,0.0,0.0,0.0,0.0,0.0,0.0,0.0,0.0,0.0,0.0,0.0,0.0,0.0,0.0,0.0,0.0,0.0,0.0,0.0,0.0,0.0,0.0,0.0,0.0,0.0,0.0,0.0,0.0,0.0,0.0,0.0,0.0,0.0,0.0,0.0,0.0,0.0,0.0,0.0,0.0
attack,"""gbeleeTbeTIIIMeeTIT",time,time,seqgan_master,seqgan_master__final__time__A__500__MASTER__raw_character__len20__gpre120__reward_off__seed88,1751,20.0,8.0,2.6464393446710157,19.0,0.0,0.0,1.0,0.95,0.0,0.0,0.05,0.0,1.0,0.0,0.0,0.0,0.0,0.0,0.0,0.0,0.0,0.0,0.0,0.0,1.0,0.0,0.0,0.0,0.0,0.0,0.0,0.0,0.0,0.0,0.0,0.0,0.0,0.0,0.0,0.0,0.0,0.0,0.0,0.0,0.0,0.0,0.0,0.0,0.0,0.0,0.0,0.0,0.0,0.0,0.0,0.0,0.0,0.0,0.0,0.0,0.0,0.0,0.0,0.0,0.0
attack,"""gbeleleeTIpgTMbelel",time,time,seqgan_master,seqgan_master__final__time__A__500__MASTER__raw_character__len20__gpre120__reward_off__seed88,1752,20.0,9.0,2.8464393446710154,19.0,0.0,0.0,1.0,0.95,0.0,0.0,0.05,0.0,1.0,0.0,0.0,0.0,0.0,0.0,0.0,0.0,0.0,0.0,0.0,0.0,1.0,0.0,0.0,0.0,0.0,0.0,0.0,0.0,0.0,0.0,0.0,0.0,0.0,0.0,0.0,0.0,0.0,0.0,0.0,0.0,0.0,0.0,0.0,0.0,0.0,0.0,0.0,0.0,0.0,0.0,0.0,0.0,0.0,0.0,0.0,0.0,0.0,0.0,0.0,0.0,0.0
attack,"""gbeleeleTbeTleTTTTI",time,time,seqgan_master,seqgan_master__final__time__A__500__MASTER__raw_character__len20__gpre120__reward_off__seed88,1753,20.0,7.0,2.4332062193464954,19.0,0.0,0.0,1.0,0.95,0.0,0.0,0.05,0.0,1.0,0.0,0.0,0.0,0.0,0.0,0.0,0.0,0.0,0.0,0.0,0.0,1.0,0.0,0.0,0.0,0.0,0.0,0.0,0.0,0.0,0.0,0.0,0.0,0.0,0.0,0.0,0.0,0.0,0.0,0.0,0.0,0.0,0.0,0.0,0.0,0.0,0.0,0.0,0.0,0.0,0.0,0.0,0.0,0.0,0.0,0.0,0.0,0.0,0.0,0.0,0.0,0.0
attack,"""gbebeleeleleleTbele",time,time,seqgan_master,seqgan_master__final__time__A__500__MASTER__raw_character__len20__gpre120__reward_off__seed88,1754,20.0,6.0,2.077235445408308,19.0,0.0,0.0,1.0,0.95,0.0,0.0,0.05,0.0,1.0,0.0,0.0,0.0,0.0,0.0,0.0,0.0,0.0,0.0,0.0,0.0,1.0,0.0,0.0,0.0,0.0,0.0,0.0,0.0,0.0,0.0,0.0,0.0,0.0,0.0,0.0,0.0,0.0,0.0,0.0,0.0,0.0,0.0,0.0,0.0,0.0,0.0,0.0,0.0,0.0,0.0,0.0,0.0,0.0,0.0,0.0,0.0,0.0,0.0,0.0,0.0,0.0
attack,"""gbgbeleleeleTbeleTb",time,time,seqgan_master,seqgan_master__final__time__A__500__MASTER__raw_character__len20__gpre120__reward_off__seed88,1755,20.0,6.0,2.3393538721672007,19.0,0.0,0.0,1.0,0.95,0.0,0.0,0.05,0.0,1.0,0.0,0.0,0.0,0.0,0.0,0.0,0.0,0.0,0.0,0.0,0.0,1.0,0.0,0.0,0.0,0.0,0.0,0.0,0.0,0.0,0.0,0.0,0.0,0.0,0.0,0.0,0.0,0.0,0.0,0.0,0.0,0.0,0.0,0.0,0.0,0.0,0.0,0.0,0.0,0.0,0.0,0.0,0.0,0.0,0.0,0.0,0.0,0.0,0.0,0.0,0.0,0.0
attack,"""gbeeleleleTIpgTlele",time,time,seqgan_master,seqgan_master__final__time__A__500__MASTER__raw_character__len20__gpre120__reward_off__seed88,1756,20.0,8.0,2.5588718484453605,19.0,0.0,0.0,1.0,0.95,0.0,0.0,0.05,0.0,1.0,0.0,0.0,0.0,0.0,0.0,0.0,0.0,0.0,0.0,0.0,0.0,1.0,0.0,0.0,0.0,0.0,0.0,0.0,0.0,0.0,0.0,0.0,0.0,0.0,0.0,0.0,0.0,0.0,0.0,0.0,0.0,0.0,0.0,0.0,0.0,0.0,0.0,0.0,0.0,0.0,0.0,0.0,0.0,0.0,0.0,0.0,0.0,0.0,0.0,0.0,0.0,0.0
attack,"""gbeleeTMbeeTbeTITbe",time,time,seqgan_master,seqgan_master__final__time__A__500__MASTER__raw_character__len20__gpre120__reward_off__seed88,1757,20.0,8.0,2.539353872167201,19.0,0.0,0.0,1.0,0.95,0.0,0.0,0.05,0.0,1.0,0.0,0.0,0.0,0.0,0.0,0.0,0.0,0.0,0.0,0.0,0.0,1.0,0.0,0.0,0.0,0.0,0.0,0.0,0.0,0.0,0.0,0.0,0.0,0.0,0.0,0.0,0.0,0.0,0.0,0.0,0.0,0.0,0.0,0.0,0.0,0.0,0.0,0.0,0.0,0.0,0.0,0.0,0.0,0.0,0.0,0.0,0.0,0.0,0.0,0.0,0.0,0.0
attack,"""gbeleeTTIMbelelelel",time,time,seqgan_master,seqgan_master__final__time__A__500__MASTER__raw_character__len20__gpre120__reward_off__seed88,1758,20.0,8.0,2.5588718484453605,19.0,0.0,0.0,1.0,0.95,0.0,0.0,0.05,0.0,1.0,0.0,0.0,0.0,0.0,0.0,0.0,0.0,0.0,0.0,0.0,0.0,1.0,0.0,0.0,0.0,0.0,0.0,0.0,0.0,0.0,0.0,0.0,0.0,0.0,0.0,0.0,0.0,0.0,0.0,0.0,0.0,0.0,0.0,0.0,0.0,0.0,0.0,0.0,0.0,0.0,0.0,0.0,0.0,0.0,0.0,0.0,0.0,0.0,0.0,0.0,0.0,0.0
attack,"""gbeleeleTlelelebele",time,time,seqgan_master,seqgan_master__final__time__A__500__MASTER__raw_character__len20__gpre120__reward_off__seed88,1759,20.0,6.0,2.0199730940219753,19.0,0.0,0.0,1.0,0.95,0.0,0.0,0.05,0.0,1.0,0.0,0.0,0.0,0.0,0.0,0.0,0.0,0.0,0.0,0.0,0.0,1.0,0.0,0.0,0.0,0.0,0.0,0.0,0.0,0.0,0.0,0.0,0.0,0.0,0.0,0.0,0.0,0.0,0.0,0.0,0.0,0.0,0.0,0.0,0.0,0.0,0.0,0.0,0.0,0.0,0.0,0.0,0.0,0.0,0.0,0.0,0.0,0.0,0.0,0.0,0.0,0.0
attack,"""gbeelelelebeleTeTTI",time,time,seqgan_master,seqgan_master__final__time__A__500__MASTER__raw_character__len20__gpre120__reward_off__seed88,1760,20.0,7.0,2.384183719779189,19.0,0.0,0.0,1.0,0.95,0.0,0.0,0.05,0.0,1.0,0.0,0.0,0.0,0.0,0.0,0.0,0.0,0.0,0.0,0.0,0.0,1.0,0.0,0.0,0.0,0.0,0.0,0.0,0.0,0.0,0.0,0.0,0.0,0.0,0.0,0.0,0.0,0.0,0.0,0.0,0.0,0.0,0.0,0.0,0.0,0.0,0.0,0.0,0.0,0.0,0.0,0.0,0.0,0.0,0.0,0.0,0.0,0.0,0.0,0.0,0.0,0.0
attack,"""gbeleeleT TTIpgbele",time,time,seqgan_master,seqgan_master__final__time__A__500__MASTER__raw_character__len20__gpre120__reward_off__seed88,1761,20.0,9.0,2.8709505944546687,18.0,0.0,1.0,1.0,0.9,0.0,0.05,0.05,0.0,1.0,0.0,0.0,0.0,0.0,0.0,0.0,0.0,0.0,0.0,0.0,0.0,1.0,0.0,0.0,0.0,0.0,0.0,0.0,0.0,0.0,0.0,0.0,0.0,0.0,0.0,0.0,0.0,0.0,0.0,0.0,0.0,0.0,0.0,0.0,0.0,0.0,0.0,0.0,0.0,0.0,0.0,0.0,0.0,0.0,0.0,0.0,0.0,0.0,0.0,0.0,0.0,0.0
attack,"""gbeeleleeTIpgTlelel",time,time,seqgan_master,seqgan_master__final__time__A__500__MASTER__raw_character__len20__gpre120__reward_off__seed88,1762,20.0,8.0,2.5588718484453605,19.0,0.0,0.0,1.0,0.95,0.0,0.0,0.05,0.0,1.0,0.0,0.0,0.0,0.0,0.0,0.0,0.0,0.0,0.0,0.0,0.0,1.0,0.0,0.0,0.0,0.0,0.0,0.0,0.0,0.0,0.0,0.0,0.0,0.0,0.0,0.0,0.0,0.0,0.0,0.0,0.0,0.0,0.0,0.0,0.0,0.0,0.0,0.0,0.0,0.0,0.0,0.0,0.0,0.0,0.0,0.0,0.0,0.0,0.0,0.0,0.0,0.0
attack,"""gbeleleleeleeTbeTbe",time,time,seqgan_master,seqgan_master__final__time__A__500__MASTER__raw_character__len20__gpre120__reward_off__seed88,1763,20.0,6.0,2.1577174691301484,19.0,0.0,0.0,1.0,0.95,0.0,0.0,0.05,0.0,1.0,0.0,0.0,0.0,0.0,0.0,0.0,0.0,0.0,0.0,0.0,0.0,1.0,0.0,0.0,0.0,0.0,0.0,0.0,0.0,0.0,0.0,0.0,0.0,0.0,0.0,0.0,0.0,0.0,0.0,0.0,0.0,0.0,0.0,0.0,0.0,0.0,0.0,0.0,0.0,0.0,0.0,0.0,0.0,0.0,0.0,0.0,0.0,0.0,0.0,0.0,0.0,0.0
attack,"""gbeleleeTeTIpgTMbrb",time,time,seqgan_master,seqgan_master__final__time__A__500__MASTER__raw_character__len20__gpre120__reward_off__seed88,1764,20.0,10.0,3.065957320949175,19.0,0.0,0.0,1.0,0.95,0.0,0.0,0.05,0.0,1.0,0.0,0.0,0.0,0.0,0.0,0.0,0.0,0.0,0.0,0.0,0.0,1.0,0.0,0.0,0.0,0.0,0.0,0.0,0.0,0.0,0.0,0.0,0.0,0.0,0.0,0.0,0.0,0.0,0.0,0.0,0.0,0.0,0.0,0.0,0.0,0.0,0.0,0.0,0.0,0.0,0.0,0.0,0.0,0.0,0.0,0.0,0.0,0.0,0.0,0.0,0.0,0.0
attack,"""gbeleebeTTbeleleeTT",time,time,seqgan_master,seqgan_master__final__time__A__500__MASTER__raw_character__len20__gpre120__reward_off__seed88,1765,20.0,6.0,2.2464393446710154,19.0,0.0,0.0,1.0,0.95,0.0,0.0,0.05,0.0,1.0,0.0,0.0,0.0,0.0,0.0,0.0,0.0,0.0,0.0,0.0,0.0,1.0,0.0,0.0,0.0,0.0,0.0,0.0,0.0,0.0,0.0,0.0,0.0,0.0,0.0,0.0,0.0,0.0,0.0,0.0,0.0,0.0,0.0,0.0,0.0,0.0,0.0,0.0,0.0,0.0,0.0,0.0,0.0,0.0,0.0,0.0,0.0,0.0,0.0,0.0,0.0,0.0
attack,"""gbelee0ribeTbeTTTTT",time,time,seqgan_master,seqgan_master__final__time__A__500__MASTER__raw_character__len20__gpre120__reward_off__seed88,1766,20.0,9.0,2.7282129458410016,18.0,1.0,0.0,1.0,0.9,0.05,0.0,0.05,0.0,1.0,0.0,0.0,0.0,0.0,0.0,0.0,0.0,0.0,0.0,0.0,0.0,1.0,0.0,0.0,0.0,0.0,0.0,0.0,0.0,0.0,0.0,0.0,0.0,0.0,0.0,0.0,0.0,0.0,0.0,0.0,0.0,0.0,0.0,0.0,0.0,0.0,0.0,0.0,0.0,0.0,0.0,0.0,0.0,0.0,0.0,0.0,0.0,0.0,0.0,0.0,0.0,0.0
attack,"""gbeleeTleTleleTTbeT",time,time,seqgan_master,seqgan_master__final__time__A__500__MASTER__raw_character__len20__gpre120__reward_off__seed88,1767,20.0,6.0,2.2588718484453603,19.0,0.0,0.0,1.0,0.95,0.0,0.0,0.05,0.0,1.0,0.0,0.0,0.0,0.0,0.0,0.0,0.0,0.0,0.0,0.0,0.0,1.0,0.0,0.0,0.0,0.0,0.0,0.0,0.0,0.0,0.0,0.0,0.0,0.0,0.0,0.0,0.0,0.0,0.0,0.0,0.0,0.0,0.0,0.0,0.0,0.0,0.0,0.0,0.0,0.0,0.0,0.0,0.0,0.0,0.0,0.0,0.0,0.0,0.0,0.0,0.0,0.0
attack,"""gbeeleTIMbelelelele",time,time,seqgan_master,seqgan_master__final__time__A__500__MASTER__raw_character__len20__gpre120__reward_off__seed88,1768,20.0,8.0,2.441446071165522,19.0,0.0,0.0,1.0,0.95,0.0,0.0,0.05,0.0,1.0,0.0,0.0,0.0,0.0,0.0,0.0,0.0,0.0,0.0,0.0,0.0,1.0,0.0,0.0,0.0,0.0,0.0,0.0,0.0,0.0,0.0,0.0,0.0,0.0,0.0,0.0,0.0,0.0,0.0,0.0,0.0,0.0,0.0,0.0,0.0,0.0,0.0,0.0,0.0,0.0,0.0,0.0,0.0,0.0,0.0,0.0,0.0,0.0,0.0,0.0,0.0,0.0
attack,"""gbeleeleTTTTIMbelel",time,time,seqgan_master,seqgan_master__final__time__A__500__MASTER__raw_character__len20__gpre120__reward_off__seed88,1769,20.0,8.0,2.6464393446710157,19.0,0.0,0.0,1.0,0.95,0.0,0.0,0.05,0.0,1.0,0.0,0.0,0.0,0.0,0.0,0.0,0.0,0.0,0.0,0.0,0.0,1.0,0.0,0.0,0.0,0.0,0.0,0.0,0.0,0.0,0.0,0.0,0.0,0.0,0.0,0.0,0.0,0.0,0.0,0.0,0.0,0.0,0.0,0.0,0.0,0.0,0.0,0.0,0.0,0.0,0.0,0.0,0.0,0.0,0.0,0.0,0.0,0.0,0.0,0.0,0.0,0.0
attack,"""gbeleeleleleeTIpgTb",time,time,seqgan_master,seqgan_master__final__time__A__500__MASTER__raw_character__len20__gpre120__reward_off__seed88,1770,20.0,8.0,2.639353872167201,19.0,0.0,0.0,1.0,0.95,0.0,0.0,0.05,0.0,1.0,0.0,0.0,0.0,0.0,0.0,0.0,0.0,0.0,0.0,0.0,0.0,1.0,0.0,0.0,0.0,0.0,0.0,0.0,0.0,0.0,0.0,0.0,0.0,0.0,0.0,0.0,0.0,0.0,0.0,0.0,0.0,0.0,0.0,0.0,0.0,0.0,0.0,0.0,0.0,0.0,0.0,0.0,0.0,0.0,0.0,0.0,0.0,0.0,0.0,0.0,0.0,0.0
attack,""" beleleelelebeTTTTT",time,time,seqgan_master,seqgan_master__final__time__A__500__MASTER__raw_character__len20__gpre120__reward_off__seed88,1771,20.0,6.0,2.2588718484453603,18.0,0.0,1.0,1.0,0.9,0.0,0.05,0.05,0.0,1.0,0.0,0.0,0.0,0.0,0.0,0.0,0.0,0.0,0.0,0.0,0.0,1.0,0.0,0.0,0.0,0.0,0.0,0.0,0.0,0.0,0.0,0.0,0.0,0.0,0.0,0.0,0.0,0.0,0.0,0.0,0.0,0.0,0.0,0.0,0.0,0.0,0.0,0.0,0.0,0.0,0.0,0.0,0.0,0.0,0.0,0.0,0.0,0.0,0.0,0.0,0.0,0.0
attack,"""gbegbelegbeleTeTbeT",time,time,seqgan_master,seqgan_master__final__time__A__500__MASTER__raw_character__len20__gpre120__reward_off__seed88,1772,20.0,6.0,2.363865121950854,19.0,0.0,0.0,1.0,0.95,0.0,0.0,0.05,0.0,1.0,0.0,0.0,0.0,0.0,0.0,0.0,0.0,0.0,0.0,0.0,0.0,1.0,0.0,0.0,0.0,0.0,0.0,0.0,0.0,0.0,0.0,0.0,0.0,0.0,0.0,0.0,0.0,0.0,0.0,0.0,0.0,0.0,0.0,0.0,0.0,0.0,0.0,0.0,0.0,0.0,0.0,0.0,0.0,0.0,0.0,0.0,0.0,0.0,0.0,0.0,0.0,0.0
attack,"""gbeeleTTpgTTleleTIM",time,time,seqgan_master,seqgan_master__final__time__A__500__MASTER__raw_character__len20__gpre120__reward_off__seed88,1773,20.0,9.0,2.823219672335508,19.0,0.0,0.0,1.0,0.95,0.0,0.0,0.05,0.0,1.0,0.0,0.0,0.0,0.0,0.0,0.0,0.0,0.0,0.0,0.0,0.0,1.0,0.0,0.0,0.0,0.0,0.0,0.0,0.0,0.0,0.0,0.0,0.0,0.0,0.0,0.0,0.0,0.0,0.0,0.0,0.0,0.0,0.0,0.0,0.0,0.0,0.0,0.0,0.0,0.0,0.0,0.0,0.0,0.0,0.0,0.0,0.0,0.0,0.0,0.0,0.0,0.0
attack,"""gbeleleeTTTTTIIpgTT",time,time,seqgan_master,seqgan_master__final__time__A__500__MASTER__raw_character__len20__gpre120__reward_off__seed88,1774,20.0,8.0,2.639353872167201,19.0,0.0,0.0,1.0,0.95,0.0,0.0,0.05,0.0,1.0,0.0,0.0,0.0,0.0,0.0,0.0,0.0,0.0,0.0,0.0,0.0,1.0,0.0,0.0,0.0,0.0,0.0,0.0,0.0,0.0,0.0,0.0,0.0,0.0,0.0,0.0,0.0,0.0,0.0,0.0,0.0,0.0,0.0,0.0,0.0,0.0,0.0,0.0,0.0,0.0,0.0,0.0,0.0,0.0,0.0,0.0,0.0,0.0,0.0,0.0,0.0,0.0
attack,"""gibeleleeT0leTTITII",time,time,seqgan_master,seqgan_master__final__time__A__500__MASTER__raw_character__len20__gpre120__reward_off__seed88,1775,20.0,9.0,2.865957320949175,18.0,1.0,0.0,1.0,0.9,0.05,0.0,0.05,0.0,1.0,0.0,0.0,0.0,0.0,0.0,0.0,0.0,0.0,0.0,0.0,0.0,1.0,0.0,0.0,0.0,0.0,0.0,0.0,0.0,0.0,0.0,0.0,0.0,0.0,0.0,0.0,0.0,0.0,0.0,0.0,0.0,0.0,0.0,0.0,0.0,0.0,0.0,0.0,0.0,0.0,0.0,0.0,0.0,0.0,0.0,0.0,0.0,0.0,0.0,0.0,0.0,0.0
attack,"""gbeeleTIIIdelelembe",time,time,seqgan_master,seqgan_master__final__time__A__500__MASTER__raw_character__len20__gpre120__reward_off__seed88,1776,20.0,9.0,2.763865121950854,19.0,0.0,0.0,1.0,0.95,0.0,0.0,0.05,0.0,1.0,0.0,0.0,0.0,0.0,0.0,0.0,0.0,0.0,0.0,0.0,0.0,1.0,0.0,0.0,0.0,0.0,0.0,0.0,0.0,0.0,0.0,0.0,0.0,0.0,0.0,0.0,0.0,0.0,0.0,0.0,0.0,0.0,0.0,0.0,0.0,0.0,0.0,0.0,0.0,0.0,0.0,0.0,0.0,0.0,0.0,0.0,0.0,0.0,0.0,0.0,0.0,0.0
attack,"""gbeeeleTTIpgbeelele",time,time,seqgan_master,seqgan_master__final__time__A__500__MASTER__raw_character__len20__gpre120__reward_off__seed88,1777,20.0,8.0,2.584183719779189,19.0,0.0,0.0,1.0,0.95,0.0,0.0,0.05,0.0,1.0,0.0,0.0,0.0,0.0,0.0,0.0,0.0,0.0,0.0,0.0,0.0,1.0,0.0,0.0,0.0,0.0,0.0,0.0,0.0,0.0,0.0,0.0,0.0,0.0,0.0,0.0,0.0,0.0,0.0,0.0,0.0,0.0,0.0,0.0,0.0,0.0,0.0,0.0,0.0,0.0,0.0,0.0,0.0,0.0,0.0,0.0,0.0,0.0,0.0,0.0,0.0,0.0
attack,"""gbegbeleelelelelele",time,time,seqgan_master,seqgan_master__final__time__A__500__MASTER__raw_character__len20__gpre120__reward_off__seed88,1778,20.0,5.0,1.919973094021975,19.0,0.0,0.0,1.0,0.95,0.0,0.0,0.05,0.0,1.0,0.0,0.0,0.0,0.0,0.0,0.0,0.0,0.0,0.0,0.0,0.0,1.0,0.0,0.0,0.0,0.0,0.0,0.0,0.0,0.0,0.0,0.0,0.0,0.0,0.0,0.0,0.0,0.0,0.0,0.0,0.0,0.0,0.0,0.0,0.0,0.0,0.0,0.0,0.0,0.0,0.0,0.0,0.0,0.0,0.0,0.0,0.0,0.0,0.0,0.0,0.0,0.0
attack,"""gbeeleeTTTTIMbeeleT",time,time,seqgan_master,seqgan_master__final__time__A__500__MASTER__raw_character__len20__gpre120__reward_off__seed88,1779,20.0,8.0,2.5588718484453605,19.0,0.0,0.0,1.0,0.95,0.0,0.0,0.05,0.0,1.0,0.0,0.0,0.0,0.0,0.0,0.0,0.0,0.0,0.0,0.0,0.0,1.0,0.0,0.0,0.0,0.0,0.0,0.0,0.0,0.0,0.0,0.0,0.0,0.0,0.0,0.0,0.0,0.0,0.0,0.0,0.0,0.0,0.0,0.0,0.0,0.0,0.0,0.0,0.0,0.0,0.0,0.0,0.0,0.0,0.0,0.0,0.0,0.0,0.0,0.0,0.0,0.0
attack,"""gbeeleeTITpgTTTIdel",time,time,seqgan_master,seqgan_master__final__time__A__500__MASTER__raw_character__len20__gpre120__reward_off__seed88,1780,20.0,9.0,2.8609640474436815,19.0,0.0,0.0,1.0,0.95,0.0,0.0,0.05,0.0,1.0,0.0,0.0,0.0,0.0,0.0,0.0,0.0,0.0,0.0,0.0,0.0,1.0,0.0,0.0,0.0,0.0,0.0,0.0,0.0,0.0,0.0,0.0,0.0,0.0,0.0,0.0,0.0,0.0,0.0,0.0,0.0,0.0,0.0,0.0,0.0,0.0,0.0,0.0,0.0,0.0,0.0,0.0,0.0,0.0,0.0,0.0,0.0,0.0,0.0,0.0,0.0,0.0
attack,"""gbeleleeTTTTITInele",time,time,seqgan_master,seqgan_master__final__time__A__500__MASTER__raw_character__len20__gpre120__reward_off__seed88,1781,20.0,8.0,2.6282129458410015,19.0,0.0,0.0,1.0,0.95,0.0,0.0,0.05,0.0,1.0,0.0,0.0,0.0,0.0,0.0,0.0,0.0,0.0,0.0,0.0,0.0,1.0,0.0,0.0,0.0,0.0,0.0,0.0,0.0,0.0,0.0,0.0,0.0,0.0,0.0,0.0,0.0,0.0,0.0,0.0,0.0,0.0,0.0,0.0,0.0,0.0,0.0,0.0,0.0,0.0,0.0,0.0,0.0,0.0,0.0,0.0,0.0,0.0,0.0,0.0,0.0,0.0
attack,"""gbeleeTTTTTTIMbebee",time,time,seqgan_master,seqgan_master__final__time__A__500__MASTER__raw_character__len20__gpre120__reward_off__seed88,1782,20.0,8.0,2.5332062193464955,19.0,0.0,0.0,1.0,0.95,0.0,0.0,0.05,0.0,1.0,0.0,0.0,0.0,0.0,0.0,0.0,0.0,0.0,0.0,0.0,0.0,1.0,0.0,0.0,0.0,0.0,0.0,0.0,0.0,0.0,0.0,0.0,0.0,0.0,0.0,0.0,0.0,0.0,0.0,0.0,0.0,0.0,0.0,0.0,0.0,0.0,0.0,0.0,0.0,0.0,0.0,0.0,0.0,0.0,0.0,0.0,0.0,0.0,0.0,0.0,0.0,0.0
attack,"""gbeleeeTTIMbeTbelee",time,time,seqgan_master,seqgan_master__final__time__A__500__MASTER__raw_character__len20__gpre120__reward_off__seed88,1783,20.0,8.0,2.5464393446710156,19.0,0.0,0.0,1.0,0.95,0.0,0.0,0.05,0.0,1.0,0.0,0.0,0.0,0.0,0.0,0.0,0.0,0.0,0.0,0.0,0.0,1.0,0.0,0.0,0.0,0.0,0.0,0.0,0.0,0.0,0.0,0.0,0.0,0.0,0.0,0.0,0.0,0.0,0.0,0.0,0.0,0.0,0.0,0.0,0.0,0.0,0.0,0.0,0.0,0.0,0.0,0.0,0.0,0.0,0.0,0.0,0.0,0.0,0.0,0.0,0.0,0.0
attack,"""gbeleeleeTbeTITTTTT",time,time,seqgan_master,seqgan_master__final__time__A__500__MASTER__raw_character__len20__gpre120__reward_off__seed88,1784,20.0,7.0,2.363865121950854,19.0,0.0,0.0,1.0,0.95,0.0,0.0,0.05,0.0,1.0,0.0,0.0,0.0,0.0,0.0,0.0,0.0,0.0,0.0,0.0,0.0,1.0,0.0,0.0,0.0,0.0,0.0,0.0,0.0,0.0,0.0,0.0,0.0,0.0,0.0,0.0,0.0,0.0,0.0,0.0,0.0,0.0,0.0,0.0,0.0,0.0,0.0,0.0,0.0,0.0,0.0,0.0,0.0,0.0,0.0,0.0,0.0,0.0,0.0,0.0,0.0,0.0
attack,"""gbeeleleleeTbeTTIMb",time,time,seqgan_master,seqgan_master__final__time__A__500__MASTER__raw_character__len20__gpre120__reward_off__seed88,1785,20.0,8.0,2.6261207468426804,19.0,0.0,0.0,1.0,0.95,0.0,0.0,0.05,0.0,1.0,0.0,0.0,0.0,0.0,0.0,0.0,0.0,0.0,0.0,0.0,0.0,1.0,0.0,0.0,0.0,0.0,0.0,0.0,0.0,0.0,0.0,0.0,0.0,0.0,0.0,0.0,0.0,0.0,0.0,0.0,0.0,0.0,0.0,0.0,0.0,0.0,0.0,0.0,0.0,0.0,0.0,0.0,0.0,0.0,0.0,0.0,0.0,0.0,0.0,0.0,0.0,0.0
attack,"""gbeleeleleeTIIMbeTT",time,time,seqgan_master,seqgan_master__final__time__A__500__MASTER__raw_character__len20__gpre120__reward_off__seed88,1786,20.0,8.0,2.6638651219508542,19.0,0.0,0.0,1.0,0.95,0.0,0.0,0.05,0.0,1.0,0.0,0.0,0.0,0.0,0.0,0.0,0.0,0.0,0.0,0.0,0.0,1.0,0.0,0.0,0.0,0.0,0.0,0.0,0.0,0.0,0.0,0.0,0.0,0.0,0.0,0.0,0.0,0.0,0.0,0.0,0.0,0.0,0.0,0.0,0.0,0.0,0.0,0.0,0.0,0.0,0.0,0.0,0.0,0.0,0.0,0.0,0.0,0.0,0.0,0.0,0.0,0.0
attack,"""gbrneleeleeeTTTTTTT",time,time,seqgan_master,seqgan_master__final__time__A__500__MASTER__raw_character__len20__gpre120__reward_off__seed88,1787,20.0,8.0,2.463865121950854,19.0,0.0,0.0,1.0,0.95,0.0,0.0,0.05,0.0,1.0,0.0,0.0,0.0,0.0,0.0,0.0,0.0,0.0,0.0,0.0,0.0,1.0,0.0,0.0,0.0,0.0,0.0,0.0,0.0,0.0,0.0,0.0,0.0,0.0,0.0,0.0,0.0,0.0,0.0,0.0,0.0,0.0,0.0,0.0,0.0,0.0,0.0,0.0,0.0,0.0,0.0,0.0,0.0,0.0,0.0,0.0,0.0,0.0,0.0,0.0,0.0,0.0
attack,"""beetleTTIMeleleTIMe",time,time,seqgan_master,seqgan_master__final__time__A__500__MASTER__raw_character__len20__gpre120__reward_off__seed88,1788,20.0,8.0,2.6638651219508542,19.0,0.0,0.0,1.0,0.95,0.0,0.0,0.05,0.0,1.0,0.0,0.0,0.0,0.0,0.0,0.0,0.0,0.0,0.0,0.0,0.0,1.0,0.0,0.0,0.0,0.0,0.0,0.0,0.0,0.0,0.0,0.0,0.0,0.0,0.0,0.0,0.0,0.0,0.0,0.0,0.0,0.0,0.0,0.0,0.0,0.0,0.0,0.0,0.0,0.0,0.0,0.0,0.0,0.0,0.0,0.0,0.0,0.0,0.0,0.0,0.0,0.0
attack,"""gbeleyTTTTIrlelelel",time,time,seqgan_master,seqgan_master__final__time__A__500__MASTER__raw_character__len20__gpre120__reward_off__seed88,1789,20.0,9.0,2.7609640474436814,19.0,0.0,0.0,1.0,0.95,0.0,0.0,0.05,0.0,1.0,0.0,0.0,0.0,0.0,0.0,0.0,0.0,0.0,0.0,0.0,0.0,1.0,0.0,0.0,0.0,0.0,0.0,0.0,0.0,0.0,0.0,0.0,0.0,0.0,0.0,0.0,0.0,0.0,0.0,0.0,0.0,0.0,0.0,0.0,0.0,0.0,0.0,0.0,0.0,0.0,0.0,0.0,0.0,0.0,0.0,0.0,0.0,0.0,0.0,0.0,0.0,0.0
attack,"""gbeleleleTTpTTTIIle",time,time,seqgan_master,seqgan_master__final__time__A__500__MASTER__raw_character__len20__gpre120__reward_off__seed88,1790,20.0,8.0,2.6609640474436813,19.0,0.0,0.0,1.0,0.95,0.0,0.0,0.05,0.0,1.0,0.0,0.0,0.0,0.0,0.0,0.0,0.0,0.0,0.0,0.0,0.0,1.0,0.0,0.0,0.0,0.0,0.0,0.0,0.0,0.0,0.0,0.0,0.0,0.0,0.0,0.0,0.0,0.0,0.0,0.0,0.0,0.0,0.0,0.0,0.0,0.0,0.0,0.0,0.0,0.0,0.0,0.0,0.0,0.0,0.0,0.0,0.0,0.0,0.0,0.0,0.0,0.0
attack, ) pgbeleeTIbeTbeTTT,time,time,seqgan_master,seqgan_master__final__time__A__500__MASTER__raw_character__len20__gpre120__reward_off__seed88,1791,20.0,9.0,2.823219672335508,17.0,0.0,2.0,1.0,0.85,0.0,0.1,0.05,0.0,0.0,0.0,0.0,0.0,0.0,0.0,1.0,0.0,0.0,0.0,0.0,0.0,0.0,0.0,0.0,0.0,0.0,1.0,0.0,0.0,0.0,0.0,0.0,0.0,0.0,0.0,0.0,0.0,0.0,0.0,0.0,0.0,0.0,0.0,0.0,0.0,0.0,0.0,0.0,0.0,0.0,0.0,0.0,0.0,0.0,0.0,0.0,0.0,0.0,0.0,0.0,0.0,0.0
attack,"""gbeleee0TIMbelelele",time,time,seqgan_master,seqgan_master__final__time__A__500__MASTER__raw_character__len20__gpre120__reward_off__seed88,1792,20.0,9.0,2.6219280948873624,18.0,1.0,0.0,1.0,0.9,0.05,0.0,0.05,0.0,1.0,0.0,0.0,0.0,0.0,0.0,0.0,0.0,0.0,0.0,0.0,0.0,1.0,0.0,0.0,0.0,0.0,0.0,0.0,0.0,0.0,0.0,0.0,0.0,0.0,0.0,0.0,0.0,0.0,0.0,0.0,0.0,0.0,0.0,0.0,0.0,0.0,0.0,0.0,0.0,0.0,0.0,0.0,0.0,0.0,0.0,0.0,0.0,0.0,0.0,0.0,0.0,0.0
attack,"""gbeeleleTTIbeleTTTT",time,time,seqgan_master,seqgan_master__final__time__A__500__MASTER__raw_character__len20__gpre120__reward_off__seed88,1793,20.0,7.0,2.4332062193464954,19.0,0.0,0.0,1.0,0.95,0.0,0.0,0.05,0.0,1.0,0.0,0.0,0.0,0.0,0.0,0.0,0.0,0.0,0.0,0.0,0.0,1.0,0.0,0.0,0.0,0.0,0.0,0.0,0.0,0.0,0.0,0.0,0.0,0.0,0.0,0.0,0.0,0.0,0.0,0.0,0.0,0.0,0.0,0.0,0.0,0.0,0.0,0.0,0.0,0.0,0.0,0.0,0.0,0.0,0.0,0.0,0.0,0.0,0.0,0.0,0.0,0.0
attack,"""gbgbeeleleeleleTbeT",time,time,seqgan_master,seqgan_master__final__time__A__500__MASTER__raw_character__len20__gpre120__reward_off__seed88,1794,20.0,6.0,2.2841837197791888,19.0,0.0,0.0,1.0,0.95,0.0,0.0,0.05,0.0,1.0,0.0,0.0,0.0,0.0,0.0,0.0,0.0,0.0,0.0,0.0,0.0,1.0,0.0,0.0,0.0,0.0,0.0,0.0,0.0,0.0,0.0,0.0,0.0,0.0,0.0,0.0,0.0,0.0,0.0,0.0,0.0,0.0,0.0,0.0,0.0,0.0,0.0,0.0,0.0,0.0,0.0,0.0,0.0,0.0,0.0,0.0,0.0,0.0,0.0,0.0,0.0,0.0
attack,"""gbgbeleleeleeTTTIIT",time,time,seqgan_master,seqgan_master__final__time__A__500__MASTER__raw_character__len20__gpre120__reward_off__seed88,1795,20.0,7.0,2.6086949695628423,19.0,0.0,0.0,1.0,0.95,0.0,0.0,0.05,0.0,1.0,0.0,0.0,0.0,0.0,0.0,0.0,0.0,0.0,0.0,0.0,0.0,1.0,0.0,0.0,0.0,0.0,0.0,0.0,0.0,0.0,0.0,0.0,0.0,0.0,0.0,0.0,0.0,0.0,0.0,0.0,0.0,0.0,0.0,0.0,0.0,0.0,0.0,0.0,0.0,0.0,0.0,0.0,0.0,0.0,0.0,0.0,0.0,0.0,0.0,0.0,0.0,0.0
attack,"""gbeelelelevTIbelele",time,time,seqgan_master,seqgan_master__final__time__A__500__MASTER__raw_character__len20__gpre120__reward_off__seed88,1796,20.0,8.0,2.441446071165522,19.0,0.0,0.0,1.0,0.95,0.0,0.0,0.05,0.0,1.0,0.0,0.0,0.0,0.0,0.0,0.0,0.0,0.0,0.0,0.0,0.0,1.0,0.0,0.0,0.0,0.0,0.0,0.0,0.0,0.0,0.0,0.0,0.0,0.0,0.0,0.0,0.0,0.0,0.0,0.0,0.0,0.0,0.0,0.0,0.0,0.0,0.0,0.0,0.0,0.0,0.0,0.0,0.0,0.0,0.0,0.0,0.0,0.0,0.0,0.0,0.0,0.0
attack,"""gneleelelelebeeTTTI",time,time,seqgan_master,seqgan_master__final__time__A__500__MASTER__raw_character__len20__gpre120__reward_off__seed88,1797,20.0,8.0,2.484183719779189,19.0,0.0,0.0,1.0,0.95,0.0,0.0,0.05,0.0,1.0,0.0,0.0,0.0,0.0,0.0,0.0,0.0,0.0,0.0,0.0,0.0,1.0,0.0,0.0,0.0,0.0,0.0,0.0,0.0,0.0,0.0,0.0,0.0,0.0,0.0,0.0,0.0,0.0,0.0,0.0,0.0,0.0,0.0,0.0,0.0,0.0,0.0,0.0,0.0,0.0,0.0,0.0,0.0,0.0,0.0,0.0,0.0,0.0,0.0,0.0,0.0,0.0
attack,"""gbeleeleTbeTleleTIp",time,time,seqgan_master,seqgan_master__final__time__A__500__MASTER__raw_character__len20__gpre120__reward_off__seed88,1798,20.0,8.0,2.6016094970590276,19.0,0.0,0.0,1.0,0.95,0.0,0.0,0.05,0.0,1.0,0.0,0.0,0.0,0.0,0.0,0.0,0.0,0.0,0.0,0.0,0.0,1.0,0.0,0.0,0.0,0.0,0.0,0.0,0.0,0.0,0.0,0.0,0.0,0.0,0.0,0.0,0.0,0.0,0.0,0.0,0.0,0.0,0.0,0.0,0.0,0.0,0.0,0.0,0.0,0.0,0.0,0.0,0.0,0.0,0.0,0.0,0.0,0.0,0.0,0.0,0.0,0.0
attack,"""gbegbelegtririeleTb",time,time,seqgan_master,seqgan_master__final__time__A__500__MASTER__raw_character__len20__gpre120__reward_off__seed88,1799,20.0,9.0,2.965957320949175,19.0,0.0,0.0,1.0,0.95,0.0,0.0,0.05,0.0,1.0,0.0,0.0,0.0,0.0,0.0,0.0,0.0,0.0,0.0,0.0,0.0,1.0,0.0,0.0,0.0,0.0,0.0,0.0,0.0,0.0,0.0,0.0,0.0,0.0,0.0,0.0,0.0,0.0,0.0,0.0,0.0,0.0,0.0,0.0,0.0,0.0,0.0,0.0,0.0,0.0,0.0,0.0,0.0,0.0,0.0,0.0,0.0,0.0,0.0,0.0,0.0,0.0
attack,"""gbeleeeleTITTIbeleT",time,time,seqgan_master,seqgan_master__final__time__A__500__MASTER__raw_character__len20__gpre120__reward_off__seed88,1800,20.0,7.0,2.5016094970590275,19.0,0.0,0.0,1.0,0.95,0.0,0.0,0.05,0.0,1.0,0.0,0.0,0.0,0.0,0.0,0.0,0.0,0.0,0.0,0.0,0.0,1.0,0.0,0.0,0.0,0.0,0.0,0.0,0.0,0.0,0.0,0.0,0.0,0.0,0.0,0.0,0.0,0.0,0.0,0.0,0.0,0.0,0.0,0.0,0.0,0.0,0.0,0.0,0.0,0.0,0.0,0.0,0.0,0.0,0.0,0.0,0.0,0.0,0.0,0.0,0.0,0.0
attack,"""gbeleleeTbeTIMbeTbT",time,time,seqgan_master,seqgan_master__final__time__A__500__MASTER__raw_character__len20__gpre120__reward_off__seed88,1801,20.0,8.0,2.6464393446710157,19.0,0.0,0.0,1.0,0.95,0.0,0.0,0.05,0.0,1.0,0.0,0.0,0.0,0.0,0.0,0.0,0.0,0.0,0.0,0.0,0.0,1.0,0.0,0.0,0.0,0.0,0.0,0.0,0.0,0.0,0.0,0.0,0.0,0.0,0.0,0.0,0.0,0.0,0.0,0.0,0.0,0.0,0.0,0.0,0.0,0.0,0.0,0.0,0.0,0.0,0.0,0.0,0.0,0.0,0.0,0.0,0.0,0.0,0.0,0.0,0.0,0.0
attack,"""gbeleTbeleT0TTIcZne",time,time,seqgan_master,seqgan_master__final__time__A__500__MASTER__raw_character__len20__gpre120__reward_off__seed88,1802,20.0,11.0,3.141446071165522,18.0,1.0,0.0,1.0,0.9,0.05,0.0,0.05,0.0,1.0,0.0,0.0,0.0,0.0,0.0,0.0,0.0,0.0,0.0,0.0,0.0,1.0,0.0,0.0,0.0,0.0,0.0,0.0,0.0,0.0,0.0,0.0,0.0,0.0,0.0,0.0,0.0,0.0,0.0,0.0,0.0,0.0,0.0,0.0,0.0,0.0,0.0,0.0,0.0,0.0,0.0,0.0,0.0,0.0,0.0,0.0,0.0,0.0,0.0,0.0,0.0,0.0
attack,"""gbeleleeeTTTI0TTTTT",time,time,seqgan_master,seqgan_master__final__time__A__500__MASTER__raw_character__len20__gpre120__reward_off__seed88,1803,20.0,8.0,2.441446071165522,18.0,1.0,0.0,1.0,0.9,0.05,0.0,0.05,0.0,1.0,0.0,0.0,0.0,0.0,0.0,0.0,0.0,0.0,0.0,0.0,0.0,1.0,0.0,0.0,0.0,0.0,0.0,0.0,0.0,0.0,0.0,0.0,0.0,0.0,0.0,0.0,0.0,0.0,0.0,0.0,0.0,0.0,0.0,0.0,0.0,0.0,0.0,0.0,0.0,0.0,0.0,0.0,0.0,0.0,0.0,0.0,0.0,0.0,0.0,0.0,0.0,0.0
attack,"""gbeleeleTTeTIIMelel",time,time,seqgan_master,seqgan_master__final__time__A__500__MASTER__raw_character__len20__gpre120__reward_off__seed88,1804,20.0,8.0,2.6016094970590276,19.0,0.0,0.0,1.0,0.95,0.0,0.0,0.05,0.0,1.0,0.0,0.0,0.0,0.0,0.0,0.0,0.0,0.0,0.0,0.0,0.0,1.0,0.0,0.0,0.0,0.0,0.0,0.0,0.0,0.0,0.0,0.0,0.0,0.0,0.0,0.0,0.0,0.0,0.0,0.0,0.0,0.0,0.0,0.0,0.0,0.0,0.0,0.0,0.0,0.0,0.0,0.0,0.0,0.0,0.0,0.0,0.0,0.0,0.0,0.0,0.0,0.0
attack,"""gbTeleleleeTIIdeleT",time,time,seqgan_master,seqgan_master__final__time__A__500__MASTER__raw_character__len20__gpre120__reward_off__seed88,1805,20.0,8.0,2.6016094970590276,19.0,0.0,0.0,1.0,0.95,0.0,0.0,0.05,0.0,1.0,0.0,0.0,0.0,0.0,0.0,0.0,0.0,0.0,0.0,0.0,0.0,1.0,0.0,0.0,0.0,0.0,0.0,0.0,0.0,0.0,0.0,0.0,0.0,0.0,0.0,0.0,0.0,0.0,0.0,0.0,0.0,0.0,0.0,0.0,0.0,0.0,0.0,0.0,0.0,0.0,0.0,0.0,0.0,0.0,0.0,0.0,0.0,0.0,0.0,0.0,0.0,0.0
attack,"""gbeleleeleeTbeTTIMb",time,time,seqgan_master,seqgan_master__final__time__A__500__MASTER__raw_character__len20__gpre120__reward_off__seed88,1806,20.0,8.0,2.6261207468426804,19.0,0.0,0.0,1.0,0.95,0.0,0.0,0.05,0.0,1.0,0.0,0.0,0.0,0.0,0.0,0.0,0.0,0.0,0.0,0.0,0.0,1.0,0.0,0.0,0.0,0.0,0.0,0.0,0.0,0.0,0.0,0.0,0.0,0.0,0.0,0.0,0.0,0.0,0.0,0.0,0.0,0.0,0.0,0.0,0.0,0.0,0.0,0.0,0.0,0.0,0.0,0.0,0.0,0.0,0.0,0.0,0.0,0.0,0.0,0.0,0.0,0.0
attack,"""gbeeTbeleleTTTTITIM",time,time,seqgan_master,seqgan_master__final__time__A__500__MASTER__raw_character__len20__gpre120__reward_off__seed88,1807,20.0,8.0,2.665957320949175,19.0,0.0,0.0,1.0,0.95,0.0,0.0,0.05,0.0,1.0,0.0,0.0,0.0,0.0,0.0,0.0,0.0,0.0,0.0,0.0,0.0,1.0,0.0,0.0,0.0,0.0,0.0,0.0,0.0,0.0,0.0,0.0,0.0,0.0,0.0,0.0,0.0,0.0,0.0,0.0,0.0,0.0,0.0,0.0,0.0,0.0,0.0,0.0,0.0,0.0,0.0,0.0,0.0,0.0,0.0,0.0,0.0,0.0,0.0,0.0,0.0,0.0
attack,"""gbeleeeleTITIpgTrnl",time,time,seqgan_master,seqgan_master__final__time__A__500__MASTER__raw_character__len20__gpre120__reward_off__seed88,1808,20.0,10.0,3.065957320949175,19.0,0.0,0.0,1.0,0.95,0.0,0.0,0.05,0.0,1.0,0.0,0.0,0.0,0.0,0.0,0.0,0.0,0.0,0.0,0.0,0.0,1.0,0.0,0.0,0.0,0.0,0.0,0.0,0.0,0.0,0.0,0.0,0.0,0.0,0.0,0.0,0.0,0.0,0.0,0.0,0.0,0.0,0.0,0.0,0.0,0.0,0.0,0.0,0.0,0.0,0.0,0.0,0.0,0.0,0.0,0.0,0.0,0.0,0.0,0.0,0.0,0.0
attack,"""gbeleTbeTbeleTTTITI",time,time,seqgan_master,seqgan_master__final__time__A__500__MASTER__raw_character__len20__gpre120__reward_off__seed88,1809,20.0,7.0,2.5282129458410014,19.0,0.0,0.0,1.0,0.95,0.0,0.0,0.05,0.0,1.0,0.0,0.0,0.0,0.0,0.0,0.0,0.0,0.0,0.0,0.0,0.0,1.0,0.0,0.0,0.0,0.0,0.0,0.0,0.0,0.0,0.0,0.0,0.0,0.0,0.0,0.0,0.0,0.0,0.0,0.0,0.0,0.0,0.0,0.0,0.0,0.0,0.0,0.0,0.0,0.0,0.0,0.0,0.0,0.0,0.0,0.0,0.0,0.0,0.0,0.0,0.0,0.0
attack,"""gbeelelelegTeTTIleT",time,time,seqgan_master,seqgan_master__final__time__A__500__MASTER__raw_character__len20__gpre120__reward_off__seed88,1810,20.0,7.0,2.439353872167201,19.0,0.0,0.0,1.0,0.95,0.0,0.0,0.05,0.0,1.0,0.0,0.0,0.0,0.0,0.0,0.0,0.0,0.0,0.0,0.0,0.0,1.0,0.0,0.0,0.0,0.0,0.0,0.0,0.0,0.0,0.0,0.0,0.0,0.0,0.0,0.0,0.0,0.0,0.0,0.0,0.0,0.0,0.0,0.0,0.0,0.0,0.0,0.0,0.0,0.0,0.0,0.0,0.0,0.0,0.0,0.0,0.0,0.0,0.0,0.0,0.0,0.0
attack,""" bele0gTItribeleTII",time,time,seqgan_master,seqgan_master__final__time__A__500__MASTER__raw_character__len20__gpre120__reward_off__seed88,1811,20.0,12.0,3.3841837197791893,17.0,1.0,1.0,1.0,0.85,0.05,0.05,0.05,0.0,1.0,0.0,0.0,0.0,0.0,0.0,0.0,0.0,0.0,0.0,0.0,0.0,1.0,0.0,0.0,0.0,0.0,0.0,0.0,0.0,0.0,0.0,0.0,0.0,0.0,0.0,0.0,0.0,0.0,0.0,0.0,0.0,0.0,0.0,0.0,0.0,0.0,0.0,0.0,0.0,0.0,0.0,0.0,0.0,0.0,0.0,0.0,0.0,0.0,0.0,0.0,0.0,0.0
attack,"""gbeleeleleTTTIInele",time,time,seqgan_master,seqgan_master__final__time__A__500__MASTER__raw_character__len20__gpre120__reward_off__seed88,1812,20.0,8.0,2.6016094970590276,19.0,0.0,0.0,1.0,0.95,0.0,0.0,0.05,0.0,1.0,0.0,0.0,0.0,0.0,0.0,0.0,0.0,0.0,0.0,0.0,0.0,1.0,0.0,0.0,0.0,0.0,0.0,0.0,0.0,0.0,0.0,0.0,0.0,0.0,0.0,0.0,0.0,0.0,0.0,0.0,0.0,0.0,0.0,0.0,0.0,0.0,0.0,0.0,0.0,0.0,0.0,0.0,0.0,0.0,0.0,0.0,0.0,0.0,0.0,0.0,0.0,0.0
attack,"""gbelebeleleeTTbeTTI",time,time,seqgan_master,seqgan_master__final__time__A__500__MASTER__raw_character__len20__gpre120__reward_off__seed88,1813,20.0,7.0,2.463865121950854,19.0,0.0,0.0,1.0,0.95,0.0,0.0,0.05,0.0,1.0,0.0,0.0,0.0,0.0,0.0,0.0,0.0,0.0,0.0,0.0,0.0,1.0,0.0,0.0,0.0,0.0,0.0,0.0,0.0,0.0,0.0,0.0,0.0,0.0,0.0,0.0,0.0,0.0,0.0,0.0,0.0,0.0,0.0,0.0,0.0,0.0,0.0,0.0,0.0,0.0,0.0,0.0,0.0,0.0,0.0,0.0,0.0,0.0,0.0,0.0,0.0,0.0
attack,"""gbeleeelelelelelecr",time,time,seqgan_master,seqgan_master__final__time__A__500__MASTER__raw_character__len20__gpre120__reward_off__seed88,1814,20.0,7.0,2.119973094021975,19.0,0.0,0.0,1.0,0.95,0.0,0.0,0.05,0.0,1.0,0.0,0.0,0.0,0.0,0.0,0.0,0.0,0.0,0.0,0.0,0.0,1.0,0.0,0.0,0.0,0.0,0.0,0.0,0.0,0.0,0.0,0.0,0.0,0.0,0.0,0.0,0.0,0.0,0.0,0.0,0.0,0.0,0.0,0.0,0.0,0.0,0.0,0.0,0.0,0.0,0.0,0.0,0.0,0.0,0.0,0.0,0.0,0.0,0.0,0.0,0.0,0.0
attack,"""gbeleeeTIMbeeTTTTTT",time,time,seqgan_master,seqgan_master__final__time__A__500__MASTER__raw_character__len20__gpre120__reward_off__seed88,1815,20.0,8.0,2.463865121950854,19.0,0.0,0.0,1.0,0.95,0.0,0.0,0.05,0.0,1.0,0.0,0.0,0.0,0.0,0.0,0.0,0.0,0.0,0.0,0.0,0.0,1.0,0.0,0.0,0.0,0.0,0.0,0.0,0.0,0.0,0.0,0.0,0.0,0.0,0.0,0.0,0.0,0.0,0.0,0.0,0.0,0.0,0.0,0.0,0.0,0.0,0.0,0.0,0.0,0.0,0.0,0.0,0.0,0.0,0.0,0.0,0.0,0.0,0.0,0.0,0.0,0.0
attack,"""gbeleeeTbeTTIMelele",time,time,seqgan_master,seqgan_master__final__time__A__500__MASTER__raw_character__len20__gpre120__reward_off__seed88,1816,20.0,8.0,2.5464393446710156,19.0,0.0,0.0,1.0,0.95,0.0,0.0,0.05,0.0,1.0,0.0,0.0,0.0,0.0,0.0,0.0,0.0,0.0,0.0,0.0,0.0,1.0,0.0,0.0,0.0,0.0,0.0,0.0,0.0,0.0,0.0,0.0,0.0,0.0,0.0,0.0,0.0,0.0,0.0,0.0,0.0,0.0,0.0,0.0,0.0,0.0,0.0,0.0,0.0,0.0,0.0,0.0,0.0,0.0,0.0,0.0,0.0,0.0,0.0,0.0,0.0,0.0
attack,"""gbeleleleeeTTTIbele",time,time,seqgan_master,seqgan_master__final__time__A__500__MASTER__raw_character__len20__gpre120__reward_off__seed88,1817,20.0,7.0,2.384183719779189,19.0,0.0,0.0,1.0,0.95,0.0,0.0,0.05,0.0,1.0,0.0,0.0,0.0,0.0,0.0,0.0,0.0,0.0,0.0,0.0,0.0,1.0,0.0,0.0,0.0,0.0,0.0,0.0,0.0,0.0,0.0,0.0,0.0,0.0,0.0,0.0,0.0,0.0,0.0,0.0,0.0,0.0,0.0,0.0,0.0,0.0,0.0,0.0,0.0,0.0,0.0,0.0,0.0,0.0,0.0,0.0,0.0,0.0,0.0,0.0,0.0,0.0
attack,"""gbegbeleeleeleTTITI",time,time,seqgan_master,seqgan_master__final__time__A__500__MASTER__raw_character__len20__gpre120__reward_off__seed88,1818,20.0,7.0,2.563865121950854,19.0,0.0,0.0,1.0,0.95,0.0,0.0,0.05,0.0,1.0,0.0,0.0,0.0,0.0,0.0,0.0,0.0,0.0,0.0,0.0,0.0,1.0,0.0,0.0,0.0,0.0,0.0,0.0,0.0,0.0,0.0,0.0,0.0,0.0,0.0,0.0,0.0,0.0,0.0,0.0,0.0,0.0,0.0,0.0,0.0,0.0,0.0,0.0,0.0,0.0,0.0,0.0,0.0,0.0,0.0,0.0,0.0,0.0,0.0,0.0,0.0,0.0
attack,"""gbeleeleeleeleTbeTT",time,time,seqgan_master,seqgan_master__final__time__A__500__MASTER__raw_character__len20__gpre120__reward_off__seed88,1819,20.0,6.0,2.1577174691301484,19.0,0.0,0.0,1.0,0.95,0.0,0.0,0.05,0.0,1.0,0.0,0.0,0.0,0.0,0.0,0.0,0.0,0.0,0.0,0.0,0.0,1.0,0.0,0.0,0.0,0.0,0.0,0.0,0.0,0.0,0.0,0.0,0.0,0.0,0.0,0.0,0.0,0.0,0.0,0.0,0.0,0.0,0.0,0.0,0.0,0.0,0.0,0.0,0.0,0.0,0.0,0.0,0.0,0.0,0.0,0.0,0.0,0.0,0.0,0.0,0.0,0.0
attack,"""gbelee0TMbeleleTTIT",time,time,seqgan_master,seqgan_master__final__time__A__500__MASTER__raw_character__len20__gpre120__reward_off__seed88,1820,20.0,9.0,2.808694969562842,18.0,1.0,0.0,1.0,0.9,0.05,0.0,0.05,0.0,1.0,0.0,0.0,0.0,0.0,0.0,0.0,0.0,0.0,0.0,0.0,0.0,1.0,0.0,0.0,0.0,0.0,0.0,0.0,0.0,0.0,0.0,0.0,0.0,0.0,0.0,0.0,0.0,0.0,0.0,0.0,0.0,0.0,0.0,0.0,0.0,0.0,0.0,0.0,0.0,0.0,0.0,0.0,0.0,0.0,0.0,0.0,0.0,0.0,0.0,0.0,0.0,0.0
attack,"""gbeeleTITITIbeleTIM",time,time,seqgan_master,seqgan_master__final__time__A__500__MASTER__raw_character__len20__gpre120__reward_off__seed88,1821,20.0,8.0,2.7414460711655217,19.0,0.0,0.0,1.0,0.95,0.0,0.0,0.05,0.0,1.0,0.0,0.0,0.0,0.0,0.0,0.0,0.0,0.0,0.0,0.0,0.0,1.0,0.0,0.0,0.0,0.0,0.0,0.0,0.0,0.0,0.0,0.0,0.0,0.0,0.0,0.0,0.0,0.0,0.0,0.0,0.0,0.0,0.0,0.0,0.0,0.0,0.0,0.0,0.0,0.0,0.0,0.0,0.0,0.0,0.0,0.0,0.0,0.0,0.0,0.0,0.0,0.0
attack,"""gbeleeleleTTIIleTTI",time,time,seqgan_master,seqgan_master__final__time__A__500__MASTER__raw_character__len20__gpre120__reward_off__seed88,1822,20.0,7.0,2.508694969562842,19.0,0.0,0.0,1.0,0.95,0.0,0.0,0.05,0.0,1.0,0.0,0.0,0.0,0.0,0.0,0.0,0.0,0.0,0.0,0.0,0.0,1.0,0.0,0.0,0.0,0.0,0.0,0.0,0.0,0.0,0.0,0.0,0.0,0.0,0.0,0.0,0.0,0.0,0.0,0.0,0.0,0.0,0.0,0.0,0.0,0.0,0.0,0.0,0.0,0.0,0.0,0.0,0.0,0.0,0.0,0.0,0.0,0.0,0.0,0.0,0.0,0.0
attack,"""gbeleleeleTeTTTTTTI",time,time,seqgan_master,seqgan_master__final__time__A__500__MASTER__raw_character__len20__gpre120__reward_off__seed88,1823,20.0,7.0,2.3261207468426806,19.0,0.0,0.0,1.0,0.95,0.0,0.0,0.05,0.0,1.0,0.0,0.0,0.0,0.0,0.0,0.0,0.0,0.0,0.0,0.0,0.0,1.0,0.0,0.0,0.0,0.0,0.0,0.0,0.0,0.0,0.0,0.0,0.0,0.0,0.0,0.0,0.0,0.0,0.0,0.0,0.0,0.0,0.0,0.0,0.0,0.0,0.0,0.0,0.0,0.0,0.0,0.0,0.0,0.0,0.0,0.0,0.0,0.0,0.0,0.0,0.0,0.0
attack,"""gbeleeeleTbe0lelele",time,time,seqgan_master,seqgan_master__final__time__A__500__MASTER__raw_character__len20__gpre120__reward_off__seed88,1824,20.0,7.0,2.2149798205164815,18.0,1.0,0.0,1.0,0.9,0.05,0.0,0.05,0.0,1.0,0.0,0.0,0.0,0.0,0.0,0.0,0.0,0.0,0.0,0.0,0.0,1.0,0.0,0.0,0.0,0.0,0.0,0.0,0.0,0.0,0.0,0.0,0.0,0.0,0.0,0.0,0.0,0.0,0.0,0.0,0.0,0.0,0.0,0.0,0.0,0.0,0.0,0.0,0.0,0.0,0.0,0.0,0.0,0.0,0.0,0.0,0.0,0.0,0.0,0.0,0.0,0.0
attack,"""gtribeleeleleTbecbe",time,time,seqgan_master,seqgan_master__final__time__A__500__MASTER__raw_character__len20__gpre120__reward_off__seed88,1825,20.0,10.0,2.863865121950854,19.0,0.0,0.0,1.0,0.95,0.0,0.0,0.05,0.0,1.0,0.0,0.0,0.0,0.0,0.0,0.0,0.0,0.0,0.0,0.0,0.0,1.0,0.0,0.0,0.0,0.0,0.0,0.0,0.0,0.0,0.0,0.0,0.0,0.0,0.0,0.0,0.0,0.0,0.0,0.0,0.0,0.0,0.0,0.0,0.0,0.0,0.0,0.0,0.0,0.0,0.0,0.0,0.0,0.0,0.0,0.0,0.0,0.0,0.0,0.0,0.0,0.0
attack,"""gbeleleeeTbeTbeTTTT",time,time,seqgan_master,seqgan_master__final__time__A__500__MASTER__raw_character__len20__gpre120__reward_off__seed88,1826,20.0,6.0,2.2261207468426805,19.0,0.0,0.0,1.0,0.95,0.0,0.0,0.05,0.0,1.0,0.0,0.0,0.0,0.0,0.0,0.0,0.0,0.0,0.0,0.0,0.0,1.0,0.0,0.0,0.0,0.0,0.0,0.0,0.0,0.0,0.0,0.0,0.0,0.0,0.0,0.0,0.0,0.0,0.0,0.0,0.0,0.0,0.0,0.0,0.0,0.0,0.0,0.0,0.0,0.0,0.0,0.0,0.0,0.0,0.0,0.0,0.0,0.0,0.0,0.0,0.0,0.0
attack,"""gbeleleeleleTTTIIIs",time,time,seqgan_master,seqgan_master__final__time__A__500__MASTER__raw_character__len20__gpre120__reward_off__seed88,1827,20.0,8.0,2.6709505944546685,19.0,0.0,0.0,1.0,0.95,0.0,0.0,0.05,0.0,1.0,0.0,0.0,0.0,0.0,0.0,0.0,0.0,0.0,0.0,0.0,0.0,1.0,0.0,0.0,0.0,0.0,0.0,0.0,0.0,0.0,0.0,0.0,0.0,0.0,0.0,0.0,0.0,0.0,0.0,0.0,0.0,0.0,0.0,0.0,0.0,0.0,0.0,0.0,0.0,0.0,0.0,0.0,0.0,0.0,0.0,0.0,0.0,0.0,0.0,0.0,0.0,0.0
attack,"""gbgbeeleelelelelele",time,time,seqgan_master,seqgan_master__final__time__A__500__MASTER__raw_character__len20__gpre120__reward_off__seed88,1828,20.0,5.0,1.919973094021975,19.0,0.0,0.0,1.0,0.95,0.0,0.0,0.05,0.0,1.0,0.0,0.0,0.0,0.0,0.0,0.0,0.0,0.0,0.0,0.0,0.0,1.0,0.0,0.0,0.0,0.0,0.0,0.0,0.0,0.0,0.0,0.0,0.0,0.0,0.0,0.0,0.0,0.0,0.0,0.0,0.0,0.0,0.0,0.0,0.0,0.0,0.0,0.0,0.0,0.0,0.0,0.0,0.0,0.0,0.0,0.0,0.0,0.0,0.0,0.0,0.0,0.0
attack,"""gngbeleeele0TeTIIpg",time,time,seqgan_master,seqgan_master__final__time__A__500__MASTER__raw_character__len20__gpre120__reward_off__seed88,1829,20.0,10.0,3.008694969562842,18.0,1.0,0.0,1.0,0.9,0.05,0.0,0.05,0.0,1.0,0.0,0.0,0.0,0.0,0.0,0.0,0.0,0.0,0.0,0.0,0.0,1.0,0.0,0.0,0.0,0.0,0.0,0.0,0.0,0.0,0.0,0.0,0.0,0.0,0.0,0.0,0.0,0.0,0.0,0.0,0.0,0.0,0.0,0.0,0.0,0.0,0.0,0.0,0.0,0.0,0.0,0.0,0.0,0.0,0.0,0.0,0.0,0.0,0.0,0.0,0.0,0.0
attack,"""gbeleelelleeeTTITbe",time,time,seqgan_master,seqgan_master__final__time__A__500__MASTER__raw_character__len20__gpre120__reward_off__seed88,1830,20.0,7.0,2.384183719779189,19.0,0.0,0.0,1.0,0.95,0.0,0.0,0.05,0.0,1.0,0.0,0.0,0.0,0.0,0.0,0.0,0.0,0.0,0.0,0.0,0.0,1.0,0.0,0.0,0.0,0.0,0.0,0.0,0.0,0.0,0.0,0.0,0.0,0.0,0.0,0.0,0.0,0.0,0.0,0.0,0.0,0.0,0.0,0.0,0.0,0.0,0.0,0.0,0.0,0.0,0.0,0.0,0.0,0.0,0.0,0.0,0.0,0.0,0.0,0.0,0.0,0.0
attack,"""gbeleeleTTTTIMbeele",time,time,seqgan_master,seqgan_master__final__time__A__500__MASTER__raw_character__len20__gpre120__reward_off__seed88,1831,20.0,8.0,2.6016094970590276,19.0,0.0,0.0,1.0,0.95,0.0,0.0,0.05,0.0,1.0,0.0,0.0,0.0,0.0,0.0,0.0,0.0,0.0,0.0,0.0,0.0,1.0,0.0,0.0,0.0,0.0,0.0,0.0,0.0,0.0,0.0,0.0,0.0,0.0,0.0,0.0,0.0,0.0,0.0,0.0,0.0,0.0,0.0,0.0,0.0,0.0,0.0,0.0,0.0,0.0,0.0,0.0,0.0,0.0,0.0,0.0,0.0,0.0,0.0,0.0,0.0,0.0
attack,",wibeeTbTbeleTIbelel",time,time,seqgan_master,seqgan_master__final__time__A__500__MASTER__raw_character__len20__gpre120__reward_off__seed88,1832,20.0,8.0,2.6709505944546685,19.0,0.0,0.0,1.0,0.95,0.0,0.0,0.05,0.0,0.0,0.0,0.0,0.0,0.0,0.0,0.0,0.0,0.0,1.0,0.0,0.0,0.0,0.0,0.0,0.0,0.0,0.0,0.0,0.0,0.0,0.0,0.0,0.0,0.0,0.0,0.0,0.0,0.0,0.0,0.0,0.0,0.0,0.0,0.0,0.0,0.0,0.0,0.0,0.0,0.0,0.0,0.0,0.0,0.0,0.0,0.0,0.0,0.0,0.0,0.0,0.0,0.0
attack,"""gbeleeTTTTTIIIIpgTT",time,time,seqgan_master,seqgan_master__final__time__A__500__MASTER__raw_character__len20__gpre120__reward_off__seed88,1833,20.0,8.0,2.6016094970590276,19.0,0.0,0.0,1.0,0.95,0.0,0.0,0.05,0.0,1.0,0.0,0.0,0.0,0.0,0.0,0.0,0.0,0.0,0.0,0.0,0.0,1.0,0.0,0.0,0.0,0.0,0.0,0.0,0.0,0.0,0.0,0.0,0.0,0.0,0.0,0.0,0.0,0.0,0.0,0.0,0.0,0.0,0.0,0.0,0.0,0.0,0.0,0.0,0.0,0.0,0.0,0.0,0.0,0.0,0.0,0.0,0.0,0.0,0.0,0.0,0.0,0.0
attack,"""gbeleeTlelelelebeeT",time,time,seqgan_master,seqgan_master__final__time__A__500__MASTER__raw_character__len20__gpre120__reward_off__seed88,1834,20.0,6.0,2.1149798205164814,19.0,0.0,0.0,1.0,0.95,0.0,0.0,0.05,0.0,1.0,0.0,0.0,0.0,0.0,0.0,0.0,0.0,0.0,0.0,0.0,0.0,1.0,0.0,0.0,0.0,0.0,0.0,0.0,0.0,0.0,0.0,0.0,0.0,0.0,0.0,0.0,0.0,0.0,0.0,0.0,0.0,0.0,0.0,0.0,0.0,0.0,0.0,0.0,0.0,0.0,0.0,0.0,0.0,0.0,0.0,0.0,0.0,0.0,0.0,0.0,0.0,0.0
attack,"""gbeleeleTIMeleTIIMe",time,time,seqgan_master,seqgan_master__final__time__A__500__MASTER__raw_character__len20__gpre120__reward_off__seed88,1835,20.0,8.0,2.6638651219508542,19.0,0.0,0.0,1.0,0.95,0.0,0.0,0.05,0.0,1.0,0.0,0.0,0.0,0.0,0.0,0.0,0.0,0.0,0.0,0.0,0.0,1.0,0.0,0.0,0.0,0.0,0.0,0.0,0.0,0.0,0.0,0.0,0.0,0.0,0.0,0.0,0.0,0.0,0.0,0.0,0.0,0.0,0.0,0.0,0.0,0.0,0.0,0.0,0.0,0.0,0.0,0.0,0.0,0.0,0.0,0.0,0.0,0.0,0.0,0.0,0.0,0.0
attack,"""gbeleeTIpgTbeleleTI",time,time,seqgan_master,seqgan_master__final__time__A__500__MASTER__raw_character__len20__gpre120__reward_off__seed88,1836,20.0,8.0,2.7709505944546686,19.0,0.0,0.0,1.0,0.95,0.0,0.0,0.05,0.0,1.0,0.0,0.0,0.0,0.0,0.0,0.0,0.0,0.0,0.0,0.0,0.0,1.0,0.0,0.0,0.0,0.0,0.0,0.0,0.0,0.0,0.0,0.0,0.0,0.0,0.0,0.0,0.0,0.0,0.0,0.0,0.0,0.0,0.0,0.0,0.0,0.0,0.0,0.0,0.0,0.0,0.0,0.0,0.0,0.0,0.0,0.0,0.0,0.0,0.0,0.0,0.0,0.0
attack,"""gbeele0leeTInelctri",time,time,seqgan_master,seqgan_master__final__time__A__500__MASTER__raw_character__len20__gpre120__reward_off__seed88,1837,20.0,13.0,3.3086949695628425,18.0,1.0,0.0,1.0,0.9,0.05,0.0,0.05,0.0,1.0,0.0,0.0,0.0,0.0,0.0,0.0,0.0,0.0,0.0,0.0,0.0,1.0,0.0,0.0,0.0,0.0,0.0,0.0,0.0,0.0,0.0,0.0,0.0,0.0,0.0,0.0,0.0,0.0,0.0,0.0,0.0,0.0,0.0,0.0,0.0,0.0,0.0,0.0,0.0,0.0,0.0,0.0,0.0,0.0,0.0,0.0,0.0,0.0,0.0,0.0,0.0,0.0
attack,"""gbeleeleeTTIIpgTleb",time,time,seqgan_master,seqgan_master__final__time__A__500__MASTER__raw_character__len20__gpre120__reward_off__seed88,1838,20.0,8.0,2.7709505944546686,19.0,0.0,0.0,1.0,0.95,0.0,0.0,0.05,0.0,1.0,0.0,0.0,0.0,0.0,0.0,0.0,0.0,0.0,0.0,0.0,0.0,1.0,0.0,0.0,0.0,0.0,0.0,0.0,0.0,0.0,0.0,0.0,0.0,0.0,0.0,0.0,0.0,0.0,0.0,0.0,0.0,0.0,0.0,0.0,0.0,0.0,0.0,0.0,0.0,0.0,0.0,0.0,0.0,0.0,0.0,0.0,0.0,0.0,0.0,0.0,0.0,0.0
attack,"""gbeeleTIpgrbeleeleT",time,time,seqgan_master,seqgan_master__final__time__A__500__MASTER__raw_character__len20__gpre120__reward_off__seed88,1839,20.0,9.0,2.8016094970590277,19.0,0.0,0.0,1.0,0.95,0.0,0.0,0.05,0.0,1.0,0.0,0.0,0.0,0.0,0.0,0.0,0.0,0.0,0.0,0.0,0.0,1.0,0.0,0.0,0.0,0.0,0.0,0.0,0.0,0.0,0.0,0.0,0.0,0.0,0.0,0.0,0.0,0.0,0.0,0.0,0.0,0.0,0.0,0.0,0.0,0.0,0.0,0.0,0.0,0.0,0.0,0.0,0.0,0.0,0.0,0.0,0.0,0.0,0.0,0.0,0.0,0.0
attack,"""gbeleeleTITIpgribel",time,time,seqgan_master,seqgan_master__final__time__A__500__MASTER__raw_character__len20__gpre120__reward_off__seed88,1840,20.0,10.0,3.1037016960573487,19.0,0.0,0.0,1.0,0.95,0.0,0.0,0.05,0.0,1.0,0.0,0.0,0.0,0.0,0.0,0.0,0.0,0.0,0.0,0.0,0.0,1.0,0.0,0.0,0.0,0.0,0.0,0.0,0.0,0.0,0.0,0.0,0.0,0.0,0.0,0.0,0.0,0.0,0.0,0.0,0.0,0.0,0.0,0.0,0.0,0.0,0.0,0.0,0.0,0.0,0.0,0.0,0.0,0.0,0.0,0.0,0.0,0.0,0.0,0.0,0.0,0.0
attack,"""gbeleeleleleTIdeTTT",time,time,seqgan_master,seqgan_master__final__time__A__500__MASTER__raw_character__len20__gpre120__reward_off__seed88,1841,20.0,8.0,2.539353872167201,19.0,0.0,0.0,1.0,0.95,0.0,0.0,0.05,0.0,1.0,0.0,0.0,0.0,0.0,0.0,0.0,0.0,0.0,0.0,0.0,0.0,1.0,0.0,0.0,0.0,0.0,0.0,0.0,0.0,0.0,0.0,0.0,0.0,0.0,0.0,0.0,0.0,0.0,0.0,0.0,0.0,0.0,0.0,0.0,0.0,0.0,0.0,0.0,0.0,0.0,0.0,0.0,0.0,0.0,0.0,0.0,0.0,0.0,0.0,0.0,0.0,0.0
attack,"""gbeeeTbTITTInele0TI",time,time,seqgan_master,seqgan_master__final__time__A__500__MASTER__raw_character__len20__gpre120__reward_off__seed88,1842,20.0,9.0,2.823219672335508,18.0,1.0,0.0,1.0,0.9,0.05,0.0,0.05,0.0,1.0,0.0,0.0,0.0,0.0,0.0,0.0,0.0,0.0,0.0,0.0,0.0,1.0,0.0,0.0,0.0,0.0,0.0,0.0,0.0,0.0,0.0,0.0,0.0,0.0,0.0,0.0,0.0,0.0,0.0,0.0,0.0,0.0,0.0,0.0,0.0,0.0,0.0,0.0,0.0,0.0,0.0,0.0,0.0,0.0,0.0,0.0,0.0,0.0,0.0,0.0,0.0,0.0
attack,"""gbeleeleTTTTTIpgTTI",time,time,seqgan_master,seqgan_master__final__time__A__500__MASTER__raw_character__len20__gpre120__reward_off__seed88,1843,20.0,8.0,2.639353872167201,19.0,0.0,0.0,1.0,0.95,0.0,0.0,0.05,0.0,1.0,0.0,0.0,0.0,0.0,0.0,0.0,0.0,0.0,0.0,0.0,0.0,1.0,0.0,0.0,0.0,0.0,0.0,0.0,0.0,0.0,0.0,0.0,0.0,0.0,0.0,0.0,0.0,0.0,0.0,0.0,0.0,0.0,0.0,0.0,0.0,0.0,0.0,0.0,0.0,0.0,0.0,0.0,0.0,0.0,0.0,0.0,0.0,0.0,0.0,0.0,0.0,0.0
attack,"""gbrbeleleeTbeTTpgTT",time,time,seqgan_master,seqgan_master__final__time__A__500__MASTER__raw_character__len20__gpre120__reward_off__seed88,1844,20.0,8.0,2.723219672335508,19.0,0.0,0.0,1.0,0.95,0.0,0.0,0.05,0.0,1.0,0.0,0.0,0.0,0.0,0.0,0.0,0.0,0.0,0.0,0.0,0.0,1.0,0.0,0.0,0.0,0.0,0.0,0.0,0.0,0.0,0.0,0.0,0.0,0.0,0.0,0.0,0.0,0.0,0.0,0.0,0.0,0.0,0.0,0.0,0.0,0.0,0.0,0.0,0.0,0.0,0.0,0.0,0.0,0.0,0.0,0.0,0.0,0.0,0.0,0.0,0.0,0.0
attack,""" bele0leeTTIMbelele",time,time,seqgan_master,seqgan_master__final__time__A__500__MASTER__raw_character__len20__gpre120__reward_off__seed88,1845,20.0,9.0,2.739353872167201,17.0,1.0,1.0,1.0,0.85,0.05,0.05,0.05,0.0,1.0,0.0,0.0,0.0,0.0,0.0,0.0,0.0,0.0,0.0,0.0,0.0,1.0,0.0,0.0,0.0,0.0,0.0,0.0,0.0,0.0,0.0,0.0,0.0,0.0,0.0,0.0,0.0,0.0,0.0,0.0,0.0,0.0,0.0,0.0,0.0,0.0,0.0,0.0,0.0,0.0,0.0,0.0,0.0,0.0,0.0,0.0,0.0,0.0,0.0,0.0,0.0,0.0
attack,"""gbbeleeleeTTTTIIpgT",time,time,seqgan_master,seqgan_master__final__time__A__500__MASTER__raw_character__len20__gpre120__reward_off__seed88,1846,20.0,8.0,2.7609640474436814,19.0,0.0,0.0,1.0,0.95,0.0,0.0,0.05,0.0,1.0,0.0,0.0,0.0,0.0,0.0,0.0,0.0,0.0,0.0,0.0,0.0,1.0,0.0,0.0,0.0,0.0,0.0,0.0,0.0,0.0,0.0,0.0,0.0,0.0,0.0,0.0,0.0,0.0,0.0,0.0,0.0,0.0,0.0,0.0,0.0,0.0,0.0,0.0,0.0,0.0,0.0,0.0,0.0,0.0,0.0,0.0,0.0,0.0,0.0,0.0,0.0,0.0
attack,"""gbeleeTleTbeTTTTTpg",time,time,seqgan_master,seqgan_master__final__time__A__500__MASTER__raw_character__len20__gpre120__reward_off__seed88,1847,20.0,7.0,2.4588718484453604,19.0,0.0,0.0,1.0,0.95,0.0,0.0,0.05,0.0,1.0,0.0,0.0,0.0,0.0,0.0,0.0,0.0,0.0,0.0,0.0,0.0,1.0,0.0,0.0,0.0,0.0,0.0,0.0,0.0,0.0,0.0,0.0,0.0,0.0,0.0,0.0,0.0,0.0,0.0,0.0,0.0,0.0,0.0,0.0,0.0,0.0,0.0,0.0,0.0,0.0,0.0,0.0,0.0,0.0,0.0,0.0,0.0,0.0,0.0,0.0,0.0,0.0
attack,"""gbeeleleeTTTTTIIpgT",time,time,seqgan_master,seqgan_master__final__time__A__500__MASTER__raw_character__len20__gpre120__reward_off__seed88,1848,20.0,8.0,2.665957320949175,19.0,0.0,0.0,1.0,0.95,0.0,0.0,0.05,0.0,1.0,0.0,0.0,0.0,0.0,0.0,0.0,0.0,0.0,0.0,0.0,0.0,1.0,0.0,0.0,0.0,0.0,0.0,0.0,0.0,0.0,0.0,0.0,0.0,0.0,0.0,0.0,0.0,0.0,0.0,0.0,0.0,0.0,0.0,0.0,0.0,0.0,0.0,0.0,0.0,0.0,0.0,0.0,0.0,0.0,0.0,0.0,0.0,0.0,0.0,0.0,0.0,0.0
attack,"""gbeleleleeleeTTTTTT",time,time,seqgan_master,seqgan_master__final__time__A__500__MASTER__raw_character__len20__gpre120__reward_off__seed88,1849,20.0,6.0,2.1638651219508542,19.0,0.0,0.0,1.0,0.95,0.0,0.0,0.05,0.0,1.0,0.0,0.0,0.0,0.0,0.0,0.0,0.0,0.0,0.0,0.0,0.0,1.0,0.0,0.0,0.0,0.0,0.0,0.0,0.0,0.0,0.0,0.0,0.0,0.0,0.0,0.0,0.0,0.0,0.0,0.0,0.0,0.0,0.0,0.0,0.0,0.0,0.0,0.0,0.0,0.0,0.0,0.0,0.0,0.0,0.0,0.0,0.0,0.0,0.0,0.0,0.0,0.0
attack,""" beleleelelelelelel",time,time,seqgan_master,seqgan_master__final__time__A__500__MASTER__raw_character__len20__gpre120__reward_off__seed88,1850,20.0,5.0,1.6954618442383218,18.0,0.0,1.0,1.0,0.9,0.0,0.05,0.05,0.0,1.0,0.0,0.0,0.0,0.0,0.0,0.0,0.0,0.0,0.0,0.0,0.0,1.0,0.0,0.0,0.0,0.0,0.0,0.0,0.0,0.0,0.0,0.0,0.0,0.0,0.0,0.0,0.0,0.0,0.0,0.0,0.0,0.0,0.0,0.0,0.0,0.0,0.0,0.0,0.0,0.0,0.0,0.0,0.0,0.0,0.0,0.0,0.0,0.0,0.0,0.0,0.0,0.0
attack,"""gbeleleeleleTIMrben",time,time,seqgan_master,seqgan_master__final__time__A__500__MASTER__raw_character__len20__gpre120__reward_off__seed88,1851,20.0,10.0,2.839353872167201,19.0,0.0,0.0,1.0,0.95,0.0,0.0,0.05,0.0,1.0,0.0,0.0,0.0,0.0,0.0,0.0,0.0,0.0,0.0,0.0,0.0,1.0,0.0,0.0,0.0,0.0,0.0,0.0,0.0,0.0,0.0,0.0,0.0,0.0,0.0,0.0,0.0,0.0,0.0,0.0,0.0,0.0,0.0,0.0,0.0,0.0,0.0,0.0,0.0,0.0,0.0,0.0,0.0,0.0,0.0,0.0,0.0,0.0,0.0,0.0,0.0,0.0
attack,"""gbeleeleTTIMbeelele",time,time,seqgan_master,seqgan_master__final__time__A__500__MASTER__raw_character__len20__gpre120__reward_off__seed88,1852,20.0,8.0,2.5219280948873624,19.0,0.0,0.0,1.0,0.95,0.0,0.0,0.05,0.0,1.0,0.0,0.0,0.0,0.0,0.0,0.0,0.0,0.0,0.0,0.0,0.0,1.0,0.0,0.0,0.0,0.0,0.0,0.0,0.0,0.0,0.0,0.0,0.0,0.0,0.0,0.0,0.0,0.0,0.0,0.0,0.0,0.0,0.0,0.0,0.0,0.0,0.0,0.0,0.0,0.0,0.0,0.0,0.0,0.0,0.0,0.0,0.0,0.0,0.0,0.0,0.0,0.0
attack,"""gbeeleleleTTTTITIbe",time,time,seqgan_master,seqgan_master__final__time__A__500__MASTER__raw_character__len20__gpre120__reward_off__seed88,1853,20.0,7.0,2.5282129458410014,19.0,0.0,0.0,1.0,0.95,0.0,0.0,0.05,0.0,1.0,0.0,0.0,0.0,0.0,0.0,0.0,0.0,0.0,0.0,0.0,0.0,1.0,0.0,0.0,0.0,0.0,0.0,0.0,0.0,0.0,0.0,0.0,0.0,0.0,0.0,0.0,0.0,0.0,0.0,0.0,0.0,0.0,0.0,0.0,0.0,0.0,0.0,0.0,0.0,0.0,0.0,0.0,0.0,0.0,0.0,0.0,0.0,0.0,0.0,0.0,0.0,0.0
attack,gtrbeleeTIbeleTbeTTI,time,time,seqgan_master,seqgan_master__final__time__A__500__MASTER__raw_character__len20__gpre120__reward_off__seed88,1854,20.0,8.0,2.708694969562842,20.0,0.0,0.0,0.0,1.0,0.0,0.0,0.0,0.0,0.0,0.0,0.0,0.0,0.0,0.0,0.0,0.0,0.0,0.0,0.0,0.0,0.0,0.0,0.0,0.0,0.0,0.0,0.0,0.0,0.0,0.0,0.0,0.0,0.0,0.0,0.0,0.0,0.0,0.0,0.0,0.0,0.0,0.0,0.0,0.0,0.0,0.0,0.0,0.0,0.0,0.0,0.0,0.0,0.0,0.0,0.0,0.0,0.0,0.0,0.0,0.0,0.0
attack,"""gbeleribeleeTbeTmTT",time,time,seqgan_master,seqgan_master__final__time__A__500__MASTER__raw_character__len20__gpre120__reward_off__seed88,1855,20.0,9.0,2.808694969562842,19.0,0.0,0.0,1.0,0.95,0.0,0.0,0.05,0.0,1.0,0.0,0.0,0.0,0.0,0.0,0.0,0.0,0.0,0.0,0.0,0.0,1.0,0.0,0.0,0.0,0.0,0.0,0.0,0.0,0.0,0.0,0.0,0.0,0.0,0.0,0.0,0.0,0.0,0.0,0.0,0.0,0.0,0.0,0.0,0.0,0.0,0.0,0.0,0.0,0.0,0.0,0.0,0.0,0.0,0.0,0.0,0.0,0.0,0.0,0.0,0.0,0.0
attack,"""gneeeleeTIMbe0TIMbe",time,time,seqgan_master,seqgan_master__final__time__A__500__MASTER__raw_character__len20__gpre120__reward_off__seed88,1856,20.0,10.0,2.9393538721672012,18.0,1.0,0.0,1.0,0.9,0.05,0.0,0.05,0.0,1.0,0.0,0.0,0.0,0.0,0.0,0.0,0.0,0.0,0.0,0.0,0.0,1.0,0.0,0.0,0.0,0.0,0.0,0.0,0.0,0.0,0.0,0.0,0.0,0.0,0.0,0.0,0.0,0.0,0.0,0.0,0.0,0.0,0.0,0.0,0.0,0.0,0.0,0.0,0.0,0.0,0.0,0.0,0.0,0.0,0.0,0.0,0.0,0.0,0.0,0.0,0.0,0.0
attack,"""gbeleleeTbeleTle0tT",time,time,seqgan_master,seqgan_master__final__time__A__500__MASTER__raw_character__len20__gpre120__reward_off__seed88,1857,20.0,8.0,2.6016094970590276,18.0,1.0,0.0,1.0,0.9,0.05,0.0,0.05,0.0,1.0,0.0,0.0,0.0,0.0,0.0,0.0,0.0,0.0,0.0,0.0,0.0,1.0,0.0,0.0,0.0,0.0,0.0,0.0,0.0,0.0,0.0,0.0,0.0,0.0,0.0,0.0,0.0,0.0,0.0,0.0,0.0,0.0,0.0,0.0,0.0,0.0,0.0,0.0,0.0,0.0,0.0,0.0,0.0,0.0,0.0,0.0,0.0,0.0,0.0,0.0,0.0,0.0
attack,"""gbeleleeleeleleTbel",time,time,seqgan_master,seqgan_master__final__time__A__500__MASTER__raw_character__len20__gpre120__reward_off__seed88,1858,20.0,6.0,2.0199730940219753,19.0,0.0,0.0,1.0,0.95,0.0,0.0,0.05,0.0,1.0,0.0,0.0,0.0,0.0,0.0,0.0,0.0,0.0,0.0,0.0,0.0,1.0,0.0,0.0,0.0,0.0,0.0,0.0,0.0,0.0,0.0,0.0,0.0,0.0,0.0,0.0,0.0,0.0,0.0,0.0,0.0,0.0,0.0,0.0,0.0,0.0,0.0,0.0,0.0,0.0,0.0,0.0,0.0,0.0,0.0,0.0,0.0,0.0,0.0,0.0,0.0,0.0
attack,"""gbeleeleleleTTbelee",time,time,seqgan_master,seqgan_master__final__time__A__500__MASTER__raw_character__len20__gpre120__reward_off__seed88,1859,20.0,6.0,2.1149798205164814,19.0,0.0,0.0,1.0,0.95,0.0,0.0,0.05,0.0,1.0,0.0,0.0,0.0,0.0,0.0,0.0,0.0,0.0,0.0,0.0,0.0,1.0,0.0,0.0,0.0,0.0,0.0,0.0,0.0,0.0,0.0,0.0,0.0,0.0,0.0,0.0,0.0,0.0,0.0,0.0,0.0,0.0,0.0,0.0,0.0,0.0,0.0,0.0,0.0,0.0,0.0,0.0,0.0,0.0,0.0,0.0,0.0,0.0,0.0,0.0,0.0,0.0
attack,"""gbelegbgbeleeleeleT",time,time,seqgan_master,seqgan_master__final__time__A__500__MASTER__raw_character__len20__gpre120__reward_off__seed88,1860,20.0,6.0,2.2464393446710154,19.0,0.0,0.0,1.0,0.95,0.0,0.0,0.05,0.0,1.0,0.0,0.0,0.0,0.0,0.0,0.0,0.0,0.0,0.0,0.0,0.0,1.0,0.0,0.0,0.0,0.0,0.0,0.0,0.0,0.0,0.0,0.0,0.0,0.0,0.0,0.0,0.0,0.0,0.0,0.0,0.0,0.0,0.0,0.0,0.0,0.0,0.0,0.0,0.0,0.0,0.0,0.0,0.0,0.0,0.0,0.0,0.0,0.0,0.0,0.0,0.0,0.0
attack,"""gbeleebelelele0gTTb",time,time,seqgan_master,seqgan_master__final__time__A__500__MASTER__raw_character__len20__gpre120__reward_off__seed88,1861,20.0,7.0,2.5016094970590275,18.0,1.0,0.0,1.0,0.9,0.05,0.0,0.05,0.0,1.0,0.0,0.0,0.0,0.0,0.0,0.0,0.0,0.0,0.0,0.0,0.0,1.0,0.0,0.0,0.0,0.0,0.0,0.0,0.0,0.0,0.0,0.0,0.0,0.0,0.0,0.0,0.0,0.0,0.0,0.0,0.0,0.0,0.0,0.0,0.0,0.0,0.0,0.0,0.0,0.0,0.0,0.0,0.0,0.0,0.0,0.0,0.0,0.0,0.0,0.0,0.0,0.0
attack,"""gbeleeTTIpgrneelele",time,time,seqgan_master,seqgan_master__final__time__A__500__MASTER__raw_character__len20__gpre120__reward_off__seed88,1862,20.0,10.0,2.9016094970590274,19.0,0.0,0.0,1.0,0.95,0.0,0.0,0.05,0.0,1.0,0.0,0.0,0.0,0.0,0.0,0.0,0.0,0.0,0.0,0.0,0.0,1.0,0.0,0.0,0.0,0.0,0.0,0.0,0.0,0.0,0.0,0.0,0.0,0.0,0.0,0.0,0.0,0.0,0.0,0.0,0.0,0.0,0.0,0.0,0.0,0.0,0.0,0.0,0.0,0.0,0.0,0.0,0.0,0.0,0.0,0.0,0.0,0.0,0.0,0.0,0.0,0.0
attack,"""gbeleeleeTIpggbelee",time,time,seqgan_master,seqgan_master__final__time__A__500__MASTER__raw_character__len20__gpre120__reward_off__seed88,1863,20.0,8.0,2.5464393446710156,19.0,0.0,0.0,1.0,0.95,0.0,0.0,0.05,0.0,1.0,0.0,0.0,0.0,0.0,0.0,0.0,0.0,0.0,0.0,0.0,0.0,1.0,0.0,0.0,0.0,0.0,0.0,0.0,0.0,0.0,0.0,0.0,0.0,0.0,0.0,0.0,0.0,0.0,0.0,0.0,0.0,0.0,0.0,0.0,0.0,0.0,0.0,0.0,0.0,0.0,0.0,0.0,0.0,0.0,0.0,0.0,0.0,0.0,0.0,0.0,0.0,0.0
attack,",weeleeTIMeTTpgpgTbe",time,time,seqgan_master,seqgan_master__final__time__A__500__MASTER__raw_character__len20__gpre120__reward_off__seed88,1864,20.0,10.0,2.9464393446710155,19.0,0.0,0.0,1.0,0.95,0.0,0.0,0.05,0.0,0.0,0.0,0.0,0.0,0.0,0.0,0.0,0.0,0.0,1.0,0.0,0.0,0.0,0.0,0.0,0.0,0.0,0.0,0.0,0.0,0.0,0.0,0.0,0.0,0.0,0.0,0.0,0.0,0.0,0.0,0.0,0.0,0.0,0.0,0.0,0.0,0.0,0.0,0.0,0.0,0.0,0.0,0.0,0.0,0.0,0.0,0.0,0.0,0.0,0.0,0.0,0.0,0.0
attack,"""gbeleeTTTIneleTbele",time,time,seqgan_master,seqgan_master__final__time__A__500__MASTER__raw_character__len20__gpre120__reward_off__seed88,1865,20.0,8.0,2.6016094970590276,19.0,0.0,0.0,1.0,0.95,0.0,0.0,0.05,0.0,1.0,0.0,0.0,0.0,0.0,0.0,0.0,0.0,0.0,0.0,0.0,0.0,1.0,0.0,0.0,0.0,0.0,0.0,0.0,0.0,0.0,0.0,0.0,0.0,0.0,0.0,0.0,0.0,0.0,0.0,0.0,0.0,0.0,0.0,0.0,0.0,0.0,0.0,0.0,0.0,0.0,0.0,0.0,0.0,0.0,0.0,0.0,0.0,0.0,0.0,0.0,0.0,0.0
attack,"""gbeleeleeleTbeTbeTT",time,time,seqgan_master,seqgan_master__final__time__A__500__MASTER__raw_character__len20__gpre120__reward_off__seed88,1866,20.0,6.0,2.2464393446710154,19.0,0.0,0.0,1.0,0.95,0.0,0.0,0.05,0.0,1.0,0.0,0.0,0.0,0.0,0.0,0.0,0.0,0.0,0.0,0.0,0.0,1.0,0.0,0.0,0.0,0.0,0.0,0.0,0.0,0.0,0.0,0.0,0.0,0.0,0.0,0.0,0.0,0.0,0.0,0.0,0.0,0.0,0.0,0.0,0.0,0.0,0.0,0.0,0.0,0.0,0.0,0.0,0.0,0.0,0.0,0.0,0.0,0.0,0.0,0.0,0.0,0.0
attack,"""gbeleleeTTTTIdelemb",time,time,seqgan_master,seqgan_master__final__time__A__500__MASTER__raw_character__len20__gpre120__reward_off__seed88,1867,20.0,9.0,2.808694969562842,19.0,0.0,0.0,1.0,0.95,0.0,0.0,0.05,0.0,1.0,0.0,0.0,0.0,0.0,0.0,0.0,0.0,0.0,0.0,0.0,0.0,1.0,0.0,0.0,0.0,0.0,0.0,0.0,0.0,0.0,0.0,0.0,0.0,0.0,0.0,0.0,0.0,0.0,0.0,0.0,0.0,0.0,0.0,0.0,0.0,0.0,0.0,0.0,0.0,0.0,0.0,0.0,0.0,0.0,0.0,0.0,0.0,0.0,0.0,0.0,0.0,0.0
attack,"""gbeleeTTIpggbeleele",time,time,seqgan_master,seqgan_master__final__time__A__500__MASTER__raw_character__len20__gpre120__reward_off__seed88,1868,20.0,8.0,2.6638651219508542,19.0,0.0,0.0,1.0,0.95,0.0,0.0,0.05,0.0,1.0,0.0,0.0,0.0,0.0,0.0,0.0,0.0,0.0,0.0,0.0,0.0,1.0,0.0,0.0,0.0,0.0,0.0,0.0,0.0,0.0,0.0,0.0,0.0,0.0,0.0,0.0,0.0,0.0,0.0,0.0,0.0,0.0,0.0,0.0,0.0,0.0,0.0,0.0,0.0,0.0,0.0,0.0,0.0,0.0,0.0,0.0,0.0,0.0,0.0,0.0,0.0,0.0
attack,"""gbegbegbeleleelelee",time,time,seqgan_master,seqgan_master__final__time__A__500__MASTER__raw_character__len20__gpre120__reward_off__seed88,1869,20.0,5.0,2.019973094021975,19.0,0.0,0.0,1.0,0.95,0.0,0.0,0.05,0.0,1.0,0.0,0.0,0.0,0.0,0.0,0.0,0.0,0.0,0.0,0.0,0.0,1.0,0.0,0.0,0.0,0.0,0.0,0.0,0.0,0.0,0.0,0.0,0.0,0.0,0.0,0.0,0.0,0.0,0.0,0.0,0.0,0.0,0.0,0.0,0.0,0.0,0.0,0.0,0.0,0.0,0.0,0.0,0.0,0.0,0.0,0.0,0.0,0.0,0.0,0.0,0.0,0.0
attack,""" bgbeleleleeleTTITT",time,time,seqgan_master,seqgan_master__final__time__A__500__MASTER__raw_character__len20__gpre120__reward_off__seed88,1870,20.0,8.0,2.6464393446710157,18.0,0.0,1.0,1.0,0.9,0.0,0.05,0.05,0.0,1.0,0.0,0.0,0.0,0.0,0.0,0.0,0.0,0.0,0.0,0.0,0.0,1.0,0.0,0.0,0.0,0.0,0.0,0.0,0.0,0.0,0.0,0.0,0.0,0.0,0.0,0.0,0.0,0.0,0.0,0.0,0.0,0.0,0.0,0.0,0.0,0.0,0.0,0.0,0.0,0.0,0.0,0.0,0.0,0.0,0.0,0.0,0.0,0.0,0.0,0.0,0.0,0.0
attack,"""gbeleeTbeleleeTTTIT",time,time,seqgan_master,seqgan_master__final__time__A__500__MASTER__raw_character__len20__gpre120__reward_off__seed88,1871,20.0,7.0,2.421127473337187,19.0,0.0,0.0,1.0,0.95,0.0,0.0,0.05,0.0,1.0,0.0,0.0,0.0,0.0,0.0,0.0,0.0,0.0,0.0,0.0,0.0,1.0,0.0,0.0,0.0,0.0,0.0,0.0,0.0,0.0,0.0,0.0,0.0,0.0,0.0,0.0,0.0,0.0,0.0,0.0,0.0,0.0,0.0,0.0,0.0,0.0,0.0,0.0,0.0,0.0,0.0,0.0,0.0,0.0,0.0,0.0,0.0,0.0,0.0,0.0,0.0,0.0
attack,"""gbrbegbeleTbebeeleT",time,time,seqgan_master,seqgan_master__final__time__A__500__MASTER__raw_character__len20__gpre120__reward_off__seed88,1872,20.0,7.0,2.4588718484453604,19.0,0.0,0.0,1.0,0.95,0.0,0.0,0.05,0.0,1.0,0.0,0.0,0.0,0.0,0.0,0.0,0.0,0.0,0.0,0.0,0.0,1.0,0.0,0.0,0.0,0.0,0.0,0.0,0.0,0.0,0.0,0.0,0.0,0.0,0.0,0.0,0.0,0.0,0.0,0.0,0.0,0.0,0.0,0.0,0.0,0.0,0.0,0.0,0.0,0.0,0.0,0.0,0.0,0.0,0.0,0.0,0.0,0.0,0.0,0.0,0.0,0.0
attack,"""gbeeleleTbeTIbeTbee",time,time,seqgan_master,seqgan_master__final__time__A__500__MASTER__raw_character__len20__gpre120__reward_off__seed88,1873,20.0,7.0,2.384183719779189,19.0,0.0,0.0,1.0,0.95,0.0,0.0,0.05,0.0,1.0,0.0,0.0,0.0,0.0,0.0,0.0,0.0,0.0,0.0,0.0,0.0,1.0,0.0,0.0,0.0,0.0,0.0,0.0,0.0,0.0,0.0,0.0,0.0,0.0,0.0,0.0,0.0,0.0,0.0,0.0,0.0,0.0,0.0,0.0,0.0,0.0,0.0,0.0,0.0,0.0,0.0,0.0,0.0,0.0,0.0,0.0,0.0,0.0,0.0,0.0,0.0,0.0
attack,"""gbeleeleleeTTTIMbel",time,time,seqgan_master,seqgan_master__final__time__A__500__MASTER__raw_character__len20__gpre120__reward_off__seed88,1874,20.0,8.0,2.6016094970590276,19.0,0.0,0.0,1.0,0.95,0.0,0.0,0.05,0.0,1.0,0.0,0.0,0.0,0.0,0.0,0.0,0.0,0.0,0.0,0.0,0.0,1.0,0.0,0.0,0.0,0.0,0.0,0.0,0.0,0.0,0.0,0.0,0.0,0.0,0.0,0.0,0.0,0.0,0.0,0.0,0.0,0.0,0.0,0.0,0.0,0.0,0.0,0.0,0.0,0.0,0.0,0.0,0.0,0.0,0.0,0.0,0.0,0.0,0.0,0.0,0.0,0.0
attack,"""gbeleeleeTbeleTTTTI",time,time,seqgan_master,seqgan_master__final__time__A__500__MASTER__raw_character__len20__gpre120__reward_off__seed88,1875,20.0,7.0,2.421127473337187,19.0,0.0,0.0,1.0,0.95,0.0,0.0,0.05,0.0,1.0,0.0,0.0,0.0,0.0,0.0,0.0,0.0,0.0,0.0,0.0,0.0,1.0,0.0,0.0,0.0,0.0,0.0,0.0,0.0,0.0,0.0,0.0,0.0,0.0,0.0,0.0,0.0,0.0,0.0,0.0,0.0,0.0,0.0,0.0,0.0,0.0,0.0,0.0,0.0,0.0,0.0,0.0,0.0,0.0,0.0,0.0,0.0,0.0,0.0,0.0,0.0,0.0
attack,"""gbeleeeTITTTbTTIIII",time,time,seqgan_master,seqgan_master__final__time__A__500__MASTER__raw_character__len20__gpre120__reward_off__seed88,1876,20.0,7.0,2.465957320949175,19.0,0.0,0.0,1.0,0.95,0.0,0.0,0.05,0.0,1.0,0.0,0.0,0.0,0.0,0.0,0.0,0.0,0.0,0.0,0.0,0.0,1.0,0.0,0.0,0.0,0.0,0.0,0.0,0.0,0.0,0.0,0.0,0.0,0.0,0.0,0.0,0.0,0.0,0.0,0.0,0.0,0.0,0.0,0.0,0.0,0.0,0.0,0.0,0.0,0.0,0.0,0.0,0.0,0.0,0.0,0.0,0.0,0.0,0.0,0.0,0.0,0.0
attack,"""gbeeleeTleeTTTTITTT",time,time,seqgan_master,seqgan_master__final__time__A__500__MASTER__raw_character__len20__gpre120__reward_off__seed88,1877,20.0,7.0,2.2464393446710154,19.0,0.0,0.0,1.0,0.95,0.0,0.0,0.05,0.0,1.0,0.0,0.0,0.0,0.0,0.0,0.0,0.0,0.0,0.0,0.0,0.0,1.0,0.0,0.0,0.0,0.0,0.0,0.0,0.0,0.0,0.0,0.0,0.0,0.0,0.0,0.0,0.0,0.0,0.0,0.0,0.0,0.0,0.0,0.0,0.0,0.0,0.0,0.0,0.0,0.0,0.0,0.0,0.0,0.0,0.0,0.0,0.0,0.0,0.0,0.0,0.0,0.0
attack,"""gbgbeleeielecbeleev",time,time,seqgan_master,seqgan_master__final__time__A__500__MASTER__raw_character__len20__gpre120__reward_off__seed88,1878,20.0,8.0,2.5464393446710156,19.0,0.0,0.0,1.0,0.95,0.0,0.0,0.05,0.0,1.0,0.0,0.0,0.0,0.0,0.0,0.0,0.0,0.0,0.0,0.0,0.0,1.0,0.0,0.0,0.0,0.0,0.0,0.0,0.0,0.0,0.0,0.0,0.0,0.0,0.0,0.0,0.0,0.0,0.0,0.0,0.0,0.0,0.0,0.0,0.0,0.0,0.0,0.0,0.0,0.0,0.0,0.0,0.0,0.0,0.0,0.0,0.0,0.0,0.0,0.0,0.0,0.0
attack,"""gbeeleleTITMbelelel",time,time,seqgan_master,seqgan_master__final__time__A__500__MASTER__raw_character__len20__gpre120__reward_off__seed88,1879,20.0,8.0,2.5588718484453605,19.0,0.0,0.0,1.0,0.95,0.0,0.0,0.05,0.0,1.0,0.0,0.0,0.0,0.0,0.0,0.0,0.0,0.0,0.0,0.0,0.0,1.0,0.0,0.0,0.0,0.0,0.0,0.0,0.0,0.0,0.0,0.0,0.0,0.0,0.0,0.0,0.0,0.0,0.0,0.0,0.0,0.0,0.0,0.0,0.0,0.0,0.0,0.0,0.0,0.0,0.0,0.0,0.0,0.0,0.0,0.0,0.0,0.0,0.0,0.0,0.0,0.0
attack,"""gbeleeTTTIpgTbelele",time,time,seqgan_master,seqgan_master__final__time__A__500__MASTER__raw_character__len20__gpre120__reward_off__seed88,1880,20.0,8.0,2.708694969562842,19.0,0.0,0.0,1.0,0.95,0.0,0.0,0.05,0.0,1.0,0.0,0.0,0.0,0.0,0.0,0.0,0.0,0.0,0.0,0.0,0.0,1.0,0.0,0.0,0.0,0.0,0.0,0.0,0.0,0.0,0.0,0.0,0.0,0.0,0.0,0.0,0.0,0.0,0.0,0.0,0.0,0.0,0.0,0.0,0.0,0.0,0.0,0.0,0.0,0.0,0.0,0.0,0.0,0.0,0.0,0.0,0.0,0.0,0.0,0.0,0.0,0.0
attack,"""gbgbeleeleleleeTTTT",time,time,seqgan_master,seqgan_master__final__time__A__500__MASTER__raw_character__len20__gpre120__reward_off__seed88,1881,20.0,6.0,2.3393538721672007,19.0,0.0,0.0,1.0,0.95,0.0,0.0,0.05,0.0,1.0,0.0,0.0,0.0,0.0,0.0,0.0,0.0,0.0,0.0,0.0,0.0,1.0,0.0,0.0,0.0,0.0,0.0,0.0,0.0,0.0,0.0,0.0,0.0,0.0,0.0,0.0,0.0,0.0,0.0,0.0,0.0,0.0,0.0,0.0,0.0,0.0,0.0,0.0,0.0,0.0,0.0,0.0,0.0,0.0,0.0,0.0,0.0,0.0,0.0,0.0,0.0,0.0
attack,"""gbeleeleTIIpgTbelel",time,time,seqgan_master,seqgan_master__final__time__A__500__MASTER__raw_character__len20__gpre120__reward_off__seed88,1882,20.0,8.0,2.746439344671016,19.0,0.0,0.0,1.0,0.95,0.0,0.0,0.05,0.0,1.0,0.0,0.0,0.0,0.0,0.0,0.0,0.0,0.0,0.0,0.0,0.0,1.0,0.0,0.0,0.0,0.0,0.0,0.0,0.0,0.0,0.0,0.0,0.0,0.0,0.0,0.0,0.0,0.0,0.0,0.0,0.0,0.0,0.0,0.0,0.0,0.0,0.0,0.0,0.0,0.0,0.0,0.0,0.0,0.0,0.0,0.0,0.0,0.0,0.0,0.0,0.0,0.0
attack,"""gbeleleeleeTTTIIMeT",time,time,seqgan_master,seqgan_master__final__time__A__500__MASTER__raw_character__len20__gpre120__reward_off__seed88,1883,20.0,8.0,2.6016094970590276,19.0,0.0,0.0,1.0,0.95,0.0,0.0,0.05,0.0,1.0,0.0,0.0,0.0,0.0,0.0,0.0,0.0,0.0,0.0,0.0,0.0,1.0,0.0,0.0,0.0,0.0,0.0,0.0,0.0,0.0,0.0,0.0,0.0,0.0,0.0,0.0,0.0,0.0,0.0,0.0,0.0,0.0,0.0,0.0,0.0,0.0,0.0,0.0,0.0,0.0,0.0,0.0,0.0,0.0,0.0,0.0,0.0,0.0,0.0,0.0,0.0,0.0
attack,"""gbeleeleeTIITTTITIp",time,time,seqgan_master,seqgan_master__final__time__A__500__MASTER__raw_character__len20__gpre120__reward_off__seed88,1884,20.0,8.0,2.6609640474436813,19.0,0.0,0.0,1.0,0.95,0.0,0.0,0.05,0.0,1.0,0.0,0.0,0.0,0.0,0.0,0.0,0.0,0.0,0.0,0.0,0.0,1.0,0.0,0.0,0.0,0.0,0.0,0.0,0.0,0.0,0.0,0.0,0.0,0.0,0.0,0.0,0.0,0.0,0.0,0.0,0.0,0.0,0.0,0.0,0.0,0.0,0.0,0.0,0.0,0.0,0.0,0.0,0.0,0.0,0.0,0.0,0.0,0.0,0.0,0.0,0.0,0.0
attack,aiingbeleeleleeTbele,time,time,seqgan_master,seqgan_master__final__time__A__500__MASTER__raw_character__len20__gpre120__reward_off__seed88,1885,20.0,8.0,2.5219280948873624,20.0,0.0,0.0,0.0,1.0,0.0,0.0,0.0,0.0,0.0,0.0,0.0,0.0,0.0,0.0,0.0,0.0,0.0,0.0,0.0,0.0,0.0,0.0,0.0,0.0,0.0,0.0,0.0,0.0,0.0,0.0,0.0,0.0,0.0,0.0,0.0,0.0,0.0,0.0,0.0,0.0,0.0,0.0,0.0,0.0,0.0,0.0,0.0,0.0,0.0,0.0,0.0,0.0,0.0,0.0,0.0,0.0,0.0,0.0,0.0,0.0,0.0
attack,"""gbeeleleneleleeTTTT",time,time,seqgan_master,seqgan_master__final__time__A__500__MASTER__raw_character__len20__gpre120__reward_off__seed88,1886,20.0,7.0,2.321928094887362,19.0,0.0,0.0,1.0,0.95,0.0,0.0,0.05,0.0,1.0,0.0,0.0,0.0,0.0,0.0,0.0,0.0,0.0,0.0,0.0,0.0,1.0,0.0,0.0,0.0,0.0,0.0,0.0,0.0,0.0,0.0,0.0,0.0,0.0,0.0,0.0,0.0,0.0,0.0,0.0,0.0,0.0,0.0,0.0,0.0,0.0,0.0,0.0,0.0,0.0,0.0,0.0,0.0,0.0,0.0,0.0,0.0,0.0,0.0,0.0,0.0,0.0
attack,"""gbeeleleeTTIpgTbele",time,time,seqgan_master,seqgan_master__final__time__A__500__MASTER__raw_character__len20__gpre120__reward_off__seed88,1887,20.0,8.0,2.6638651219508542,19.0,0.0,0.0,1.0,0.95,0.0,0.0,0.05,0.0,1.0,0.0,0.0,0.0,0.0,0.0,0.0,0.0,0.0,0.0,0.0,0.0,1.0,0.0,0.0,0.0,0.0,0.0,0.0,0.0,0.0,0.0,0.0,0.0,0.0,0.0,0.0,0.0,0.0,0.0,0.0,0.0,0.0,0.0,0.0,0.0,0.0,0.0,0.0,0.0,0.0,0.0,0.0,0.0,0.0,0.0,0.0,0.0,0.0,0.0,0.0,0.0,0.0
attack,"""gbeleleeleTTITTTIpg",time,time,seqgan_master,seqgan_master__final__time__A__500__MASTER__raw_character__len20__gpre120__reward_off__seed88,1888,20.0,8.0,2.723219672335508,19.0,0.0,0.0,1.0,0.95,0.0,0.0,0.05,0.0,1.0,0.0,0.0,0.0,0.0,0.0,0.0,0.0,0.0,0.0,0.0,0.0,1.0,0.0,0.0,0.0,0.0,0.0,0.0,0.0,0.0,0.0,0.0,0.0,0.0,0.0,0.0,0.0,0.0,0.0,0.0,0.0,0.0,0.0,0.0,0.0,0.0,0.0,0.0,0.0,0.0,0.0,0.0,0.0,0.0,0.0,0.0,0.0,0.0,0.0,0.0,0.0,0.0
attack,"""gbeleeleleTIpgleleg",time,time,seqgan_master,seqgan_master__final__time__A__500__MASTER__raw_character__len20__gpre120__reward_off__seed88,1889,20.0,8.0,2.521127473337187,19.0,0.0,0.0,1.0,0.95,0.0,0.0,0.05,0.0,1.0,0.0,0.0,0.0,0.0,0.0,0.0,0.0,0.0,0.0,0.0,0.0,1.0,0.0,0.0,0.0,0.0,0.0,0.0,0.0,0.0,0.0,0.0,0.0,0.0,0.0,0.0,0.0,0.0,0.0,0.0,0.0,0.0,0.0,0.0,0.0,0.0,0.0,0.0,0.0,0.0,0.0,0.0,0.0,0.0,0.0,0.0,0.0,0.0,0.0,0.0,0.0,0.0
attack,"""gbeelemekTbeTbeleTI",time,time,seqgan_master,seqgan_master__final__time__A__500__MASTER__raw_character__len20__gpre120__reward_off__seed88,1890,20.0,9.0,2.763865121950854,19.0,0.0,0.0,1.0,0.95,0.0,0.0,0.05,0.0,1.0,0.0,0.0,0.0,0.0,0.0,0.0,0.0,0.0,0.0,0.0,0.0,1.0,0.0,0.0,0.0,0.0,0.0,0.0,0.0,0.0,0.0,0.0,0.0,0.0,0.0,0.0,0.0,0.0,0.0,0.0,0.0,0.0,0.0,0.0,0.0,0.0,0.0,0.0,0.0,0.0,0.0,0.0,0.0,0.0,0.0,0.0,0.0,0.0,0.0,0.0,0.0,0.0
attack,"""gbeleeTTTIpgTleleTT",time,time,seqgan_master,seqgan_master__final__time__A__500__MASTER__raw_character__len20__gpre120__reward_off__seed88,1891,20.0,8.0,2.6282129458410015,19.0,0.0,0.0,1.0,0.95,0.0,0.0,0.05,0.0,1.0,0.0,0.0,0.0,0.0,0.0,0.0,0.0,0.0,0.0,0.0,0.0,1.0,0.0,0.0,0.0,0.0,0.0,0.0,0.0,0.0,0.0,0.0,0.0,0.0,0.0,0.0,0.0,0.0,0.0,0.0,0.0,0.0,0.0,0.0,0.0,0.0,0.0,0.0,0.0,0.0,0.0,0.0,0.0,0.0,0.0,0.0,0.0,0.0,0.0,0.0,0.0,0.0
attack,"""gbeeleleleeTTTTIbel",time,time,seqgan_master,seqgan_master__final__time__A__500__MASTER__raw_character__len20__gpre120__reward_off__seed88,1892,20.0,7.0,2.439353872167201,19.0,0.0,0.0,1.0,0.95,0.0,0.0,0.05,0.0,1.0,0.0,0.0,0.0,0.0,0.0,0.0,0.0,0.0,0.0,0.0,0.0,1.0,0.0,0.0,0.0,0.0,0.0,0.0,0.0,0.0,0.0,0.0,0.0,0.0,0.0,0.0,0.0,0.0,0.0,0.0,0.0,0.0,0.0,0.0,0.0,0.0,0.0,0.0,0.0,0.0,0.0,0.0,0.0,0.0,0.0,0.0,0.0,0.0,0.0,0.0,0.0,0.0
attack,"""gbeeleleT0beTIbeTIp",time,time,seqgan_master,seqgan_master__final__time__A__500__MASTER__raw_character__len20__gpre120__reward_off__seed88,1893,20.0,9.0,2.8709505944546687,18.0,1.0,0.0,1.0,0.9,0.05,0.0,0.05,0.0,1.0,0.0,0.0,0.0,0.0,0.0,0.0,0.0,0.0,0.0,0.0,0.0,1.0,0.0,0.0,0.0,0.0,0.0,0.0,0.0,0.0,0.0,0.0,0.0,0.0,0.0,0.0,0.0,0.0,0.0,0.0,0.0,0.0,0.0,0.0,0.0,0.0,0.0,0.0,0.0,0.0,0.0,0.0,0.0,0.0,0.0,0.0,0.0,0.0,0.0,0.0,0.0,0.0
attack,"""gbeleeleleTlesbelel",time,time,seqgan_master,seqgan_master__final__time__A__500__MASTER__raw_character__len20__gpre120__reward_off__seed88,1894,20.0,7.0,2.2464393446710154,19.0,0.0,0.0,1.0,0.95,0.0,0.0,0.05,0.0,1.0,0.0,0.0,0.0,0.0,0.0,0.0,0.0,0.0,0.0,0.0,0.0,1.0,0.0,0.0,0.0,0.0,0.0,0.0,0.0,0.0,0.0,0.0,0.0,0.0,0.0,0.0,0.0,0.0,0.0,0.0,0.0,0.0,0.0,0.0,0.0,0.0,0.0,0.0,0.0,0.0,0.0,0.0,0.0,0.0,0.0,0.0,0.0,0.0,0.0,0.0,0.0,0.0
attack,"""gbeleTbeTbeleleTITI",time,time,seqgan_master,seqgan_master__final__time__A__500__MASTER__raw_character__len20__gpre120__reward_off__seed88,1895,20.0,7.0,2.5709505944546684,19.0,0.0,0.0,1.0,0.95,0.0,0.0,0.05,0.0,1.0,0.0,0.0,0.0,0.0,0.0,0.0,0.0,0.0,0.0,0.0,0.0,1.0,0.0,0.0,0.0,0.0,0.0,0.0,0.0,0.0,0.0,0.0,0.0,0.0,0.0,0.0,0.0,0.0,0.0,0.0,0.0,0.0,0.0,0.0,0.0,0.0,0.0,0.0,0.0,0.0,0.0,0.0,0.0,0.0,0.0,0.0,0.0,0.0,0.0,0.0,0.0,0.0
attack,"""gbeeleleleleeTIMbel",time,time,seqgan_master,seqgan_master__final__time__A__500__MASTER__raw_character__len20__gpre120__reward_off__seed88,1896,20.0,8.0,2.441446071165522,19.0,0.0,0.0,1.0,0.95,0.0,0.0,0.05,0.0,1.0,0.0,0.0,0.0,0.0,0.0,0.0,0.0,0.0,0.0,0.0,0.0,1.0,0.0,0.0,0.0,0.0,0.0,0.0,0.0,0.0,0.0,0.0,0.0,0.0,0.0,0.0,0.0,0.0,0.0,0.0,0.0,0.0,0.0,0.0,0.0,0.0,0.0,0.0,0.0,0.0,0.0,0.0,0.0,0.0,0.0,0.0,0.0,0.0,0.0,0.0,0.0,0.0
attack,"""gbeleeTTITTTTpgTbel",time,time,seqgan_master,seqgan_master__final__time__A__500__MASTER__raw_character__len20__gpre120__reward_off__seed88,1897,20.0,8.0,2.639353872167201,19.0,0.0,0.0,1.0,0.95,0.0,0.0,0.05,0.0,1.0,0.0,0.0,0.0,0.0,0.0,0.0,0.0,0.0,0.0,0.0,0.0,1.0,0.0,0.0,0.0,0.0,0.0,0.0,0.0,0.0,0.0,0.0,0.0,0.0,0.0,0.0,0.0,0.0,0.0,0.0,0.0,0.0,0.0,0.0,0.0,0.0,0.0,0.0,0.0,0.0,0.0,0.0,0.0,0.0,0.0,0.0,0.0,0.0,0.0,0.0,0.0,0.0
attack,"""gbeleeleeTeTTTIIMel",time,time,seqgan_master,seqgan_master__final__time__A__500__MASTER__raw_character__len20__gpre120__reward_off__seed88,1898,20.0,8.0,2.6016094970590276,19.0,0.0,0.0,1.0,0.95,0.0,0.0,0.05,0.0,1.0,0.0,0.0,0.0,0.0,0.0,0.0,0.0,0.0,0.0,0.0,0.0,1.0,0.0,0.0,0.0,0.0,0.0,0.0,0.0,0.0,0.0,0.0,0.0,0.0,0.0,0.0,0.0,0.0,0.0,0.0,0.0,0.0,0.0,0.0,0.0,0.0,0.0,0.0,0.0,0.0,0.0,0.0,0.0,0.0,0.0,0.0,0.0,0.0,0.0,0.0,0.0,0.0
attack,"""gbeleeeTITTTITTIpgT",time,time,seqgan_master,seqgan_master__final__time__A__500__MASTER__raw_character__len20__gpre120__reward_off__seed88,1899,20.0,8.0,2.6016094970590276,19.0,0.0,0.0,1.0,0.95,0.0,0.0,0.05,0.0,1.0,0.0,0.0,0.0,0.0,0.0,0.0,0.0,0.0,0.0,0.0,0.0,1.0,0.0,0.0,0.0,0.0,0.0,0.0,0.0,0.0,0.0,0.0,0.0,0.0,0.0,0.0,0.0,0.0,0.0,0.0,0.0,0.0,0.0,0.0,0.0,0.0,0.0,0.0,0.0,0.0,0.0,0.0,0.0,0.0,0.0,0.0,0.0,0.0,0.0,0.0,0.0,0.0
attack,"""gbeleeleleele0leTII",time,time,seqgan_master,seqgan_master__final__time__A__500__MASTER__raw_character__len20__gpre120__reward_off__seed88,1900,20.0,8.0,2.441446071165522,18.0,1.0,0.0,1.0,0.9,0.05,0.0,0.05,0.0,1.0,0.0,0.0,0.0,0.0,0.0,0.0,0.0,0.0,0.0,0.0,0.0,1.0,0.0,0.0,0.0,0.0,0.0,0.0,0.0,0.0,0.0,0.0,0.0,0.0,0.0,0.0,0.0,0.0,0.0,0.0,0.0,0.0,0.0,0.0,0.0,0.0,0.0,0.0,0.0,0.0,0.0,0.0,0.0,0.0,0.0,0.0,0.0,0.0,0.0,0.0,0.0,0.0
attack,"""gbeleeeTbeTTTIpTTTI",time,time,seqgan_master,seqgan_master__final__time__A__500__MASTER__raw_character__len20__gpre120__reward_off__seed88,1901,20.0,8.0,2.5588718484453605,19.0,0.0,0.0,1.0,0.95,0.0,0.0,0.05,0.0,1.0,0.0,0.0,0.0,0.0,0.0,0.0,0.0,0.0,0.0,0.0,0.0,1.0,0.0,0.0,0.0,0.0,0.0,0.0,0.0,0.0,0.0,0.0,0.0,0.0,0.0,0.0,0.0,0.0,0.0,0.0,0.0,0.0,0.0,0.0,0.0,0.0,0.0,0.0,0.0,0.0,0.0,0.0,0.0,0.0,0.0,0.0,0.0,0.0,0.0,0.0,0.0,0.0
attack,"""gbeleeeTbeTTsleTTTT",time,time,seqgan_master,seqgan_master__final__time__A__500__MASTER__raw_character__len20__gpre120__reward_off__seed88,1902,20.0,7.0,2.363865121950854,19.0,0.0,0.0,1.0,0.95,0.0,0.0,0.05,0.0,1.0,0.0,0.0,0.0,0.0,0.0,0.0,0.0,0.0,0.0,0.0,0.0,1.0,0.0,0.0,0.0,0.0,0.0,0.0,0.0,0.0,0.0,0.0,0.0,0.0,0.0,0.0,0.0,0.0,0.0,0.0,0.0,0.0,0.0,0.0,0.0,0.0,0.0,0.0,0.0,0.0,0.0,0.0,0.0,0.0,0.0,0.0,0.0,0.0,0.0,0.0,0.0,0.0
attack,"""gbeeeleTbeTTITIpgTl",time,time,seqgan_master,seqgan_master__final__time__A__500__MASTER__raw_character__len20__gpre120__reward_off__seed88,1903,20.0,8.0,2.7609640474436814,19.0,0.0,0.0,1.0,0.95,0.0,0.0,0.05,0.0,1.0,0.0,0.0,0.0,0.0,0.0,0.0,0.0,0.0,0.0,0.0,0.0,1.0,0.0,0.0,0.0,0.0,0.0,0.0,0.0,0.0,0.0,0.0,0.0,0.0,0.0,0.0,0.0,0.0,0.0,0.0,0.0,0.0,0.0,0.0,0.0,0.0,0.0,0.0,0.0,0.0,0.0,0.0,0.0,0.0,0.0,0.0,0.0,0.0,0.0,0.0,0.0,0.0
attack,"""gbgbeleTdeeleleleeT",time,time,seqgan_master,seqgan_master__final__time__A__500__MASTER__raw_character__len20__gpre120__reward_off__seed88,1904,20.0,7.0,2.4219280948873623,19.0,0.0,0.0,1.0,0.95,0.0,0.0,0.05,0.0,1.0,0.0,0.0,0.0,0.0,0.0,0.0,0.0,0.0,0.0,0.0,0.0,1.0,0.0,0.0,0.0,0.0,0.0,0.0,0.0,0.0,0.0,0.0,0.0,0.0,0.0,0.0,0.0,0.0,0.0,0.0,0.0,0.0,0.0,0.0,0.0,0.0,0.0,0.0,0.0,0.0,0.0,0.0,0.0,0.0,0.0,0.0,0.0,0.0,0.0,0.0,0.0,0.0
attack,"""gbeleeleleleleTIIMb",time,time,seqgan_master,seqgan_master__final__time__A__500__MASTER__raw_character__len20__gpre120__reward_off__seed88,1905,20.0,8.0,2.5588718484453605,19.0,0.0,0.0,1.0,0.95,0.0,0.0,0.05,0.0,1.0,0.0,0.0,0.0,0.0,0.0,0.0,0.0,0.0,0.0,0.0,0.0,1.0,0.0,0.0,0.0,0.0,0.0,0.0,0.0,0.0,0.0,0.0,0.0,0.0,0.0,0.0,0.0,0.0,0.0,0.0,0.0,0.0,0.0,0.0,0.0,0.0,0.0,0.0,0.0,0.0,0.0,0.0,0.0,0.0,0.0,0.0,0.0,0.0,0.0,0.0,0.0,0.0
attack,"""gbeleleleeTIImIbeTT",time,time,seqgan_master,seqgan_master__final__time__A__500__MASTER__raw_character__len20__gpre120__reward_off__seed88,1906,20.0,8.0,2.733206219346495,19.0,0.0,0.0,1.0,0.95,0.0,0.0,0.05,0.0,1.0,0.0,0.0,0.0,0.0,0.0,0.0,0.0,0.0,0.0,0.0,0.0,1.0,0.0,0.0,0.0,0.0,0.0,0.0,0.0,0.0,0.0,0.0,0.0,0.0,0.0,0.0,0.0,0.0,0.0,0.0,0.0,0.0,0.0,0.0,0.0,0.0,0.0,0.0,0.0,0.0,0.0,0.0,0.0,0.0,0.0,0.0,0.0,0.0,0.0,0.0,0.0,0.0
attack,"""gbeleleeTITTmIleTIT",time,time,seqgan_master,seqgan_master__final__time__A__500__MASTER__raw_character__len20__gpre120__reward_off__seed88,1907,20.0,8.0,2.6854752972273346,19.0,0.0,0.0,1.0,0.95,0.0,0.0,0.05,0.0,1.0,0.0,0.0,0.0,0.0,0.0,0.0,0.0,0.0,0.0,0.0,0.0,1.0,0.0,0.0,0.0,0.0,0.0,0.0,0.0,0.0,0.0,0.0,0.0,0.0,0.0,0.0,0.0,0.0,0.0,0.0,0.0,0.0,0.0,0.0,0.0,0.0,0.0,0.0,0.0,0.0,0.0,0.0,0.0,0.0,0.0,0.0,0.0,0.0,0.0,0.0,0.0,0.0
attack,"""gbeleleeleleneTIITT",time,time,seqgan_master,seqgan_master__final__time__A__500__MASTER__raw_character__len20__gpre120__reward_off__seed88,1908,20.0,8.0,2.6016094970590276,19.0,0.0,0.0,1.0,0.95,0.0,0.0,0.05,0.0,1.0,0.0,0.0,0.0,0.0,0.0,0.0,0.0,0.0,0.0,0.0,0.0,1.0,0.0,0.0,0.0,0.0,0.0,0.0,0.0,0.0,0.0,0.0,0.0,0.0,0.0,0.0,0.0,0.0,0.0,0.0,0.0,0.0,0.0,0.0,0.0,0.0,0.0,0.0,0.0,0.0,0.0,0.0,0.0,0.0,0.0,0.0,0.0,0.0,0.0,0.0,0.0,0.0
attack,"""gbeleeleeTleTbeTTII",time,time,seqgan_master,seqgan_master__final__time__A__500__MASTER__raw_character__len20__gpre120__reward_off__seed88,1909,20.0,7.0,2.5016094970590275,19.0,0.0,0.0,1.0,0.95,0.0,0.0,0.05,0.0,1.0,0.0,0.0,0.0,0.0,0.0,0.0,0.0,0.0,0.0,0.0,0.0,1.0,0.0,0.0,0.0,0.0,0.0,0.0,0.0,0.0,0.0,0.0,0.0,0.0,0.0,0.0,0.0,0.0,0.0,0.0,0.0,0.0,0.0,0.0,0.0,0.0,0.0,0.0,0.0,0.0,0.0,0.0,0.0,0.0,0.0,0.0,0.0,0.0,0.0,0.0,0.0,0.0
attack,"""gbeleeeTne0TTIipgtr",time,time,seqgan_master,seqgan_master__final__time__A__500__MASTER__raw_character__len20__gpre120__reward_off__seed88,1910,20.0,13.0,3.4037016960573485,18.0,1.0,0.0,1.0,0.9,0.05,0.0,0.05,0.0,1.0,0.0,0.0,0.0,0.0,0.0,0.0,0.0,0.0,0.0,0.0,0.0,1.0,0.0,0.0,0.0,0.0,0.0,0.0,0.0,0.0,0.0,0.0,0.0,0.0,0.0,0.0,0.0,0.0,0.0,0.0,0.0,0.0,0.0,0.0,0.0,0.0,0.0,0.0,0.0,0.0,0.0,0.0,0.0,0.0,0.0,0.0,0.0,0.0,0.0,0.0,0.0,0.0
attack,"""gbeleelebeTTTTbeTTI",time,time,seqgan_master,seqgan_master__final__time__A__500__MASTER__raw_character__len20__gpre120__reward_off__seed88,1911,20.0,7.0,2.4332062193464954,19.0,0.0,0.0,1.0,0.95,0.0,0.0,0.05,0.0,1.0,0.0,0.0,0.0,0.0,0.0,0.0,0.0,0.0,0.0,0.0,0.0,1.0,0.0,0.0,0.0,0.0,0.0,0.0,0.0,0.0,0.0,0.0,0.0,0.0,0.0,0.0,0.0,0.0,0.0,0.0,0.0,0.0,0.0,0.0,0.0,0.0,0.0,0.0,0.0,0.0,0.0,0.0,0.0,0.0,0.0,0.0,0.0,0.0,0.0,0.0,0.0,0.0
attack,"""gbeleeleTbeTeTTIpgT",time,time,seqgan_master,seqgan_master__final__time__A__500__MASTER__raw_character__len20__gpre120__reward_off__seed88,1912,20.0,8.0,2.665957320949175,19.0,0.0,0.0,1.0,0.95,0.0,0.0,0.05,0.0,1.0,0.0,0.0,0.0,0.0,0.0,0.0,0.0,0.0,0.0,0.0,0.0,1.0,0.0,0.0,0.0,0.0,0.0,0.0,0.0,0.0,0.0,0.0,0.0,0.0,0.0,0.0,0.0,0.0,0.0,0.0,0.0,0.0,0.0,0.0,0.0,0.0,0.0,0.0,0.0,0.0,0.0,0.0,0.0,0.0,0.0,0.0,0.0,0.0,0.0,0.0,0.0,0.0
attack,"""gbeleTbeleTTTIpgTbe",time,time,seqgan_master,seqgan_master__final__time__A__500__MASTER__raw_character__len20__gpre120__reward_off__seed88,1913,20.0,8.0,2.723219672335508,19.0,0.0,0.0,1.0,0.95,0.0,0.0,0.05,0.0,1.0,0.0,0.0,0.0,0.0,0.0,0.0,0.0,0.0,0.0,0.0,0.0,1.0,0.0,0.0,0.0,0.0,0.0,0.0,0.0,0.0,0.0,0.0,0.0,0.0,0.0,0.0,0.0,0.0,0.0,0.0,0.0,0.0,0.0,0.0,0.0,0.0,0.0,0.0,0.0,0.0,0.0,0.0,0.0,0.0,0.0,0.0,0.0,0.0,0.0,0.0,0.0,0.0
attack,"""gbeleleTleTelpgTIrp",time,time,seqgan_master,seqgan_master__final__time__A__500__MASTER__raw_character__len20__gpre120__reward_off__seed88,1914,20.0,9.0,2.9037016960573485,19.0,0.0,0.0,1.0,0.95,0.0,0.0,0.05,0.0,1.0,0.0,0.0,0.0,0.0,0.0,0.0,0.0,0.0,0.0,0.0,0.0,1.0,0.0,0.0,0.0,0.0,0.0,0.0,0.0,0.0,0.0,0.0,0.0,0.0,0.0,0.0,0.0,0.0,0.0,0.0,0.0,0.0,0.0,0.0,0.0,0.0,0.0,0.0,0.0,0.0,0.0,0.0,0.0,0.0,0.0,0.0,0.0,0.0,0.0,0.0,0.0,0.0
attack,"""gbeleeleeTTleTIIMbe",time,time,seqgan_master,seqgan_master__final__time__A__500__MASTER__raw_character__len20__gpre120__reward_off__seed88,1915,20.0,8.0,2.6638651219508542,19.0,0.0,0.0,1.0,0.95,0.0,0.0,0.05,0.0,1.0,0.0,0.0,0.0,0.0,0.0,0.0,0.0,0.0,0.0,0.0,0.0,1.0,0.0,0.0,0.0,0.0,0.0,0.0,0.0,0.0,0.0,0.0,0.0,0.0,0.0,0.0,0.0,0.0,0.0,0.0,0.0,0.0,0.0,0.0,0.0,0.0,0.0,0.0,0.0,0.0,0.0,0.0,0.0,0.0,0.0,0.0,0.0,0.0,0.0,0.0,0.0,0.0
attack,"""gbeleelelelelelelee",time,time,seqgan_master,seqgan_master__final__time__A__500__MASTER__raw_character__len20__gpre120__reward_off__seed88,1916,20.0,5.0,1.6783898247235198,19.0,0.0,0.0,1.0,0.95,0.0,0.0,0.05,0.0,1.0,0.0,0.0,0.0,0.0,0.0,0.0,0.0,0.0,0.0,0.0,0.0,1.0,0.0,0.0,0.0,0.0,0.0,0.0,0.0,0.0,0.0,0.0,0.0,0.0,0.0,0.0,0.0,0.0,0.0,0.0,0.0,0.0,0.0,0.0,0.0,0.0,0.0,0.0,0.0,0.0,0.0,0.0,0.0,0.0,0.0,0.0,0.0,0.0,0.0,0.0,0.0,0.0
attack,"""gbelegtribeleebelee",time,time,seqgan_master,seqgan_master__final__time__A__500__MASTER__raw_character__len20__gpre120__reward_off__seed88,1917,20.0,8.0,2.5464393446710156,19.0,0.0,0.0,1.0,0.95,0.0,0.0,0.05,0.0,1.0,0.0,0.0,0.0,0.0,0.0,0.0,0.0,0.0,0.0,0.0,0.0,1.0,0.0,0.0,0.0,0.0,0.0,0.0,0.0,0.0,0.0,0.0,0.0,0.0,0.0,0.0,0.0,0.0,0.0,0.0,0.0,0.0,0.0,0.0,0.0,0.0,0.0,0.0,0.0,0.0,0.0,0.0,0.0,0.0,0.0,0.0,0.0,0.0,0.0,0.0,0.0,0.0
attack,"""gbeleeleetTIMbeeTIM",time,time,seqgan_master,seqgan_master__final__time__A__500__MASTER__raw_character__len20__gpre120__reward_off__seed88,1918,20.0,9.0,2.839353872167201,19.0,0.0,0.0,1.0,0.95,0.0,0.0,0.05,0.0,1.0,0.0,0.0,0.0,0.0,0.0,0.0,0.0,0.0,0.0,0.0,0.0,1.0,0.0,0.0,0.0,0.0,0.0,0.0,0.0,0.0,0.0,0.0,0.0,0.0,0.0,0.0,0.0,0.0,0.0,0.0,0.0,0.0,0.0,0.0,0.0,0.0,0.0,0.0,0.0,0.0,0.0,0.0,0.0,0.0,0.0,0.0,0.0,0.0,0.0,0.0,0.0,0.0
attack,"""gbeleegneTele0TITII",time,time,seqgan_master,seqgan_master__final__time__A__500__MASTER__raw_character__len20__gpre120__reward_off__seed88,1919,20.0,9.0,2.8709505944546687,18.0,1.0,0.0,1.0,0.9,0.05,0.0,0.05,0.0,1.0,0.0,0.0,0.0,0.0,0.0,0.0,0.0,0.0,0.0,0.0,0.0,1.0,0.0,0.0,0.0,0.0,0.0,0.0,0.0,0.0,0.0,0.0,0.0,0.0,0.0,0.0,0.0,0.0,0.0,0.0,0.0,0.0,0.0,0.0,0.0,0.0,0.0,0.0,0.0,0.0,0.0,0.0,0.0,0.0,0.0,0.0,0.0,0.0,0.0,0.0,0.0,0.0
attack,"""gbeleeleleleeTTTIIp",time,time,seqgan_master,seqgan_master__final__time__A__500__MASTER__raw_character__len20__gpre120__reward_off__seed88,1920,20.0,8.0,2.6016094970590276,19.0,0.0,0.0,1.0,0.95,0.0,0.0,0.05,0.0,1.0,0.0,0.0,0.0,0.0,0.0,0.0,0.0,0.0,0.0,0.0,0.0,1.0,0.0,0.0,0.0,0.0,0.0,0.0,0.0,0.0,0.0,0.0,0.0,0.0,0.0,0.0,0.0,0.0,0.0,0.0,0.0,0.0,0.0,0.0,0.0,0.0,0.0,0.0,0.0,0.0,0.0,0.0,0.0,0.0,0.0,0.0,0.0,0.0,0.0,0.0,0.0,0.0
attack,"""gbeleetTT(TIrtririb",time,time,seqgan_master,seqgan_master__final__time__A__500__MASTER__raw_character__len20__gpre120__reward_off__seed88,1921,20.0,11.0,3.308694969562842,18.0,0.0,0.0,2.0,0.9,0.0,0.0,0.1,0.0,1.0,0.0,0.0,0.0,0.0,0.0,1.0,0.0,0.0,0.0,0.0,0.0,1.0,0.0,0.0,0.0,0.0,1.0,0.0,0.0,0.0,0.0,0.0,0.0,0.0,0.0,0.0,0.0,0.0,0.0,0.0,0.0,0.0,0.0,0.0,0.0,0.0,0.0,0.0,0.0,0.0,0.0,0.0,0.0,0.0,0.0,0.0,0.0,0.0,0.0,0.0,0.0,0.0
attack,1gbeleTTbeleleTbeTTI,time,time,seqgan_master,seqgan_master__final__time__A__500__MASTER__raw_character__len20__gpre120__reward_off__seed88,1922,20.0,7.0,2.490468570732828,19.0,1.0,0.0,0.0,0.95,0.05,0.0,0.0,0.0,0.0,0.0,0.0,0.0,0.0,0.0,0.0,0.0,0.0,0.0,0.0,0.0,0.0,0.0,0.0,0.0,0.0,0.0,0.0,0.0,0.0,0.0,0.0,0.0,0.0,0.0,0.0,0.0,0.0,0.0,0.0,0.0,0.0,0.0,0.0,0.0,0.0,0.0,0.0,0.0,0.0,0.0,0.0,0.0,0.0,0.0,0.0,0.0,0.0,0.0,0.0,0.0,0.0
attack,"""gbeleleembeleleTTTI",time,time,seqgan_master,seqgan_master__final__time__A__500__MASTER__raw_character__len20__gpre120__reward_off__seed88,1923,20.0,8.0,2.6016094970590276,19.0,0.0,0.0,1.0,0.95,0.0,0.0,0.05,0.0,1.0,0.0,0.0,0.0,0.0,0.0,0.0,0.0,0.0,0.0,0.0,0.0,1.0,0.0,0.0,0.0,0.0,0.0,0.0,0.0,0.0,0.0,0.0,0.0,0.0,0.0,0.0,0.0,0.0,0.0,0.0,0.0,0.0,0.0,0.0,0.0,0.0,0.0,0.0,0.0,0.0,0.0,0.0,0.0,0.0,0.0,0.0,0.0,0.0,0.0,0.0,0.0,0.0
attack,"""gbeeleTITIne0eTbele",time,time,seqgan_master,seqgan_master__final__time__A__500__MASTER__raw_character__len20__gpre120__reward_off__seed88,1924,20.0,9.0,2.8016094970590277,18.0,1.0,0.0,1.0,0.9,0.05,0.0,0.05,0.0,1.0,0.0,0.0,0.0,0.0,0.0,0.0,0.0,0.0,0.0,0.0,0.0,1.0,0.0,0.0,0.0,0.0,0.0,0.0,0.0,0.0,0.0,0.0,0.0,0.0,0.0,0.0,0.0,0.0,0.0,0.0,0.0,0.0,0.0,0.0,0.0,0.0,0.0,0.0,0.0,0.0,0.0,0.0,0.0,0.0,0.0,0.0,0.0,0.0,0.0,0.0,0.0,0.0
attack,"""gbeleeTIIpgTT5leTTI",time,time,seqgan_master,seqgan_master__final__time__A__500__MASTER__raw_character__len20__gpre120__reward_off__seed88,1925,20.0,9.0,2.9037016960573485,18.0,1.0,0.0,1.0,0.9,0.05,0.0,0.05,0.0,1.0,0.0,0.0,0.0,0.0,0.0,0.0,0.0,0.0,0.0,0.0,0.0,1.0,0.0,0.0,0.0,0.0,0.0,0.0,0.0,0.0,0.0,0.0,0.0,0.0,0.0,0.0,0.0,0.0,0.0,0.0,0.0,0.0,0.0,0.0,0.0,0.0,0.0,0.0,0.0,0.0,0.0,0.0,0.0,0.0,0.0,0.0,0.0,0.0,0.0,0.0,0.0,0.0
attack,"""gbeleelelele5TITTIp",time,time,seqgan_master,seqgan_master__final__time__A__500__MASTER__raw_character__len20__gpre120__reward_off__seed88,1926,20.0,9.0,2.808694969562842,18.0,1.0,0.0,1.0,0.9,0.05,0.0,0.05,0.0,1.0,0.0,0.0,0.0,0.0,0.0,0.0,0.0,0.0,0.0,0.0,0.0,1.0,0.0,0.0,0.0,0.0,0.0,0.0,0.0,0.0,0.0,0.0,0.0,0.0,0.0,0.0,0.0,0.0,0.0,0.0,0.0,0.0,0.0,0.0,0.0,0.0,0.0,0.0,0.0,0.0,0.0,0.0,0.0,0.0,0.0,0.0,0.0,0.0,0.0,0.0,0.0,0.0
attack,""" beeleleTbeleleleTI",time,time,seqgan_master,seqgan_master__final__time__A__500__MASTER__raw_character__len20__gpre120__reward_off__seed88,1927,20.0,7.0,2.341446071165522,18.0,0.0,1.0,1.0,0.9,0.0,0.05,0.05,0.0,1.0,0.0,0.0,0.0,0.0,0.0,0.0,0.0,0.0,0.0,0.0,0.0,1.0,0.0,0.0,0.0,0.0,0.0,0.0,0.0,0.0,0.0,0.0,0.0,0.0,0.0,0.0,0.0,0.0,0.0,0.0,0.0,0.0,0.0,0.0,0.0,0.0,0.0,0.0,0.0,0.0,0.0,0.0,0.0,0.0,0.0,0.0,0.0,0.0,0.0,0.0,0.0,0.0
attack,"""gbeebeleTIMbeeTTITI",time,time,seqgan_master,seqgan_master__final__time__A__500__MASTER__raw_character__len20__gpre120__reward_off__seed88,1928,20.0,8.0,2.6709505944546685,19.0,0.0,0.0,1.0,0.95,0.0,0.0,0.05,0.0,1.0,0.0,0.0,0.0,0.0,0.0,0.0,0.0,0.0,0.0,0.0,0.0,1.0,0.0,0.0,0.0,0.0,0.0,0.0,0.0,0.0,0.0,0.0,0.0,0.0,0.0,0.0,0.0,0.0,0.0,0.0,0.0,0.0,0.0,0.0,0.0,0.0,0.0,0.0,0.0,0.0,0.0,0.0,0.0,0.0,0.0,0.0,0.0,0.0,0.0,0.0,0.0,0.0
attack,",waygbrigleeeleTyTIn",time,time,seqgan_master,seqgan_master__final__time__A__500__MASTER__raw_character__len20__gpre120__reward_off__seed88,1929,20.0,13.0,3.521928094887363,19.0,0.0,0.0,1.0,0.95,0.0,0.0,0.05,0.0,0.0,0.0,0.0,0.0,0.0,0.0,0.0,0.0,0.0,1.0,0.0,0.0,0.0,0.0,0.0,0.0,0.0,0.0,0.0,0.0,0.0,0.0,0.0,0.0,0.0,0.0,0.0,0.0,0.0,0.0,0.0,0.0,0.0,0.0,0.0,0.0,0.0,0.0,0.0,0.0,0.0,0.0,0.0,0.0,0.0,0.0,0.0,0.0,0.0,0.0,0.0,0.0,0.0
attack,;iiiibeelele0bgbelee,time,time,seqgan_master,seqgan_master__final__time__A__500__MASTER__raw_character__len20__gpre120__reward_off__seed88,1930,20.0,7.0,2.463865121950854,18.0,1.0,0.0,1.0,0.9,0.05,0.0,0.05,0.0,0.0,0.0,0.0,0.0,0.0,1.0,0.0,0.0,0.0,0.0,0.0,0.0,0.0,0.0,0.0,0.0,0.0,0.0,1.0,0.0,0.0,0.0,0.0,0.0,0.0,0.0,0.0,0.0,0.0,0.0,0.0,0.0,0.0,0.0,0.0,0.0,0.0,0.0,0.0,0.0,0.0,0.0,0.0,0.0,0.0,0.0,0.0,0.0,0.0,0.0,0.0,0.0,0.0
attack,"""gbeleeleeleleTleTbe",time,time,seqgan_master,seqgan_master__final__time__A__500__MASTER__raw_character__len20__gpre120__reward_off__seed88,1931,20.0,6.0,2.1149798205164814,19.0,0.0,0.0,1.0,0.95,0.0,0.0,0.05,0.0,1.0,0.0,0.0,0.0,0.0,0.0,0.0,0.0,0.0,0.0,0.0,0.0,1.0,0.0,0.0,0.0,0.0,0.0,0.0,0.0,0.0,0.0,0.0,0.0,0.0,0.0,0.0,0.0,0.0,0.0,0.0,0.0,0.0,0.0,0.0,0.0,0.0,0.0,0.0,0.0,0.0,0.0,0.0,0.0,0.0,0.0,0.0,0.0,0.0,0.0,0.0,0.0,0.0
attack,"""gbeleeTTITTTTbelele",time,time,seqgan_master,seqgan_master__final__time__A__500__MASTER__raw_character__len20__gpre120__reward_off__seed88,1932,20.0,7.0,2.4332062193464954,19.0,0.0,0.0,1.0,0.95,0.0,0.0,0.05,0.0,1.0,0.0,0.0,0.0,0.0,0.0,0.0,0.0,0.0,0.0,0.0,0.0,1.0,0.0,0.0,0.0,0.0,0.0,0.0,0.0,0.0,0.0,0.0,0.0,0.0,0.0,0.0,0.0,0.0,0.0,0.0,0.0,0.0,0.0,0.0,0.0,0.0,0.0,0.0,0.0,0.0,0.0,0.0,0.0,0.0,0.0,0.0,0.0,0.0,0.0,0.0,0.0,0.0
attack,"""gbeeleTbeleTTTIlele",time,time,seqgan_master,seqgan_master__final__time__A__500__MASTER__raw_character__len20__gpre120__reward_off__seed88,1933,20.0,7.0,2.439353872167201,19.0,0.0,0.0,1.0,0.95,0.0,0.0,0.05,0.0,1.0,0.0,0.0,0.0,0.0,0.0,0.0,0.0,0.0,0.0,0.0,0.0,1.0,0.0,0.0,0.0,0.0,0.0,0.0,0.0,0.0,0.0,0.0,0.0,0.0,0.0,0.0,0.0,0.0,0.0,0.0,0.0,0.0,0.0,0.0,0.0,0.0,0.0,0.0,0.0,0.0,0.0,0.0,0.0,0.0,0.0,0.0,0.0,0.0,0.0,0.0,0.0,0.0
attack,"""gbemeleeTTTsrrleele",time,time,seqgan_master,seqgan_master__final__time__A__500__MASTER__raw_character__len20__gpre120__reward_off__seed88,1934,20.0,9.0,2.763865121950854,19.0,0.0,0.0,1.0,0.95,0.0,0.0,0.05,0.0,1.0,0.0,0.0,0.0,0.0,0.0,0.0,0.0,0.0,0.0,0.0,0.0,1.0,0.0,0.0,0.0,0.0,0.0,0.0,0.0,0.0,0.0,0.0,0.0,0.0,0.0,0.0,0.0,0.0,0.0,0.0,0.0,0.0,0.0,0.0,0.0,0.0,0.0,0.0,0.0,0.0,0.0,0.0,0.0,0.0,0.0,0.0,0.0,0.0,0.0,0.0,0.0,0.0
attack,"""gbeeleleeeTbeTInele",time,time,seqgan_master,seqgan_master__final__time__A__500__MASTER__raw_character__len20__gpre120__reward_off__seed88,1935,20.0,8.0,2.4577174691301487,19.0,0.0,0.0,1.0,0.95,0.0,0.0,0.05,0.0,1.0,0.0,0.0,0.0,0.0,0.0,0.0,0.0,0.0,0.0,0.0,0.0,1.0,0.0,0.0,0.0,0.0,0.0,0.0,0.0,0.0,0.0,0.0,0.0,0.0,0.0,0.0,0.0,0.0,0.0,0.0,0.0,0.0,0.0,0.0,0.0,0.0,0.0,0.0,0.0,0.0,0.0,0.0,0.0,0.0,0.0,0.0,0.0,0.0,0.0,0.0,0.0,0.0
attack,"""gbeleeleleeTTTTTIMb",time,time,seqgan_master,seqgan_master__final__time__A__500__MASTER__raw_character__len20__gpre120__reward_off__seed88,1936,20.0,8.0,2.6282129458410015,19.0,0.0,0.0,1.0,0.95,0.0,0.0,0.05,0.0,1.0,0.0,0.0,0.0,0.0,0.0,0.0,0.0,0.0,0.0,0.0,0.0,1.0,0.0,0.0,0.0,0.0,0.0,0.0,0.0,0.0,0.0,0.0,0.0,0.0,0.0,0.0,0.0,0.0,0.0,0.0,0.0,0.0,0.0,0.0,0.0,0.0,0.0,0.0,0.0,0.0,0.0,0.0,0.0,0.0,0.0,0.0,0.0,0.0,0.0,0.0,0.0,0.0
attack,"""gbeleeTTTITIIInpgTb",time,time,seqgan_master,seqgan_master__final__time__A__500__MASTER__raw_character__len20__gpre120__reward_off__seed88,1937,20.0,9.0,2.9037016960573485,19.0,0.0,0.0,1.0,0.95,0.0,0.0,0.05,0.0,1.0,0.0,0.0,0.0,0.0,0.0,0.0,0.0,0.0,0.0,0.0,0.0,1.0,0.0,0.0,0.0,0.0,0.0,0.0,0.0,0.0,0.0,0.0,0.0,0.0,0.0,0.0,0.0,0.0,0.0,0.0,0.0,0.0,0.0,0.0,0.0,0.0,0.0,0.0,0.0,0.0,0.0,0.0,0.0,0.0,0.0,0.0,0.0,0.0,0.0,0.0,0.0,0.0
attack,"""gbeleeleleeTTTTTIMb",time,time,seqgan_master,seqgan_master__final__time__A__500__MASTER__raw_character__len20__gpre120__reward_off__seed88,1938,20.0,8.0,2.6282129458410015,19.0,0.0,0.0,1.0,0.95,0.0,0.0,0.05,0.0,1.0,0.0,0.0,0.0,0.0,0.0,0.0,0.0,0.0,0.0,0.0,0.0,1.0,0.0,0.0,0.0,0.0,0.0,0.0,0.0,0.0,0.0,0.0,0.0,0.0,0.0,0.0,0.0,0.0,0.0,0.0,0.0,0.0,0.0,0.0,0.0,0.0,0.0,0.0,0.0,0.0,0.0,0.0,0.0,0.0,0.0,0.0,0.0,0.0,0.0,0.0,0.0,0.0
attack,"""gbeleeeTTbeTTMbeeTT",time,time,seqgan_master,seqgan_master__final__time__A__500__MASTER__raw_character__len20__gpre120__reward_off__seed88,1939,20.0,7.0,2.3261207468426806,19.0,0.0,0.0,1.0,0.95,0.0,0.0,0.05,0.0,1.0,0.0,0.0,0.0,0.0,0.0,0.0,0.0,0.0,0.0,0.0,0.0,1.0,0.0,0.0,0.0,0.0,0.0,0.0,0.0,0.0,0.0,0.0,0.0,0.0,0.0,0.0,0.0,0.0,0.0,0.0,0.0,0.0,0.0,0.0,0.0,0.0,0.0,0.0,0.0,0.0,0.0,0.0,0.0,0.0,0.0,0.0,0.0,0.0,0.0,0.0,0.0,0.0
attack,"""gbelegleeleeleeleTb",time,time,seqgan_master,seqgan_master__final__time__A__500__MASTER__raw_character__len20__gpre120__reward_off__seed88,1940,20.0,6.0,2.1149798205164814,19.0,0.0,0.0,1.0,0.95,0.0,0.0,0.05,0.0,1.0,0.0,0.0,0.0,0.0,0.0,0.0,0.0,0.0,0.0,0.0,0.0,1.0,0.0,0.0,0.0,0.0,0.0,0.0,0.0,0.0,0.0,0.0,0.0,0.0,0.0,0.0,0.0,0.0,0.0,0.0,0.0,0.0,0.0,0.0,0.0,0.0,0.0,0.0,0.0,0.0,0.0,0.0,0.0,0.0,0.0,0.0,0.0,0.0,0.0,0.0,0.0,0.0
attack,"""gbeleeleTr'TbeleTTI",time,time,seqgan_master,seqgan_master__final__time__A__500__MASTER__raw_character__len20__gpre120__reward_off__seed88,1941,20.0,9.0,2.808694969562842,18.0,0.0,0.0,2.0,0.9,0.0,0.0,0.1,1.0,1.0,0.0,0.0,0.0,0.0,0.0,0.0,0.0,0.0,0.0,0.0,1.0,1.0,0.0,0.0,0.0,0.0,0.0,0.0,0.0,0.0,0.0,0.0,0.0,0.0,0.0,0.0,0.0,0.0,0.0,0.0,0.0,0.0,0.0,0.0,0.0,0.0,0.0,0.0,0.0,0.0,0.0,0.0,0.0,0.0,0.0,0.0,0.0,0.0,0.0,0.0,0.0,0.0
attack,"""gbeleeleTTbeleTTTpg",time,time,seqgan_master,seqgan_master__final__time__A__500__MASTER__raw_character__len20__gpre120__reward_off__seed88,1942,20.0,7.0,2.5282129458410014,19.0,0.0,0.0,1.0,0.95,0.0,0.0,0.05,0.0,1.0,0.0,0.0,0.0,0.0,0.0,0.0,0.0,0.0,0.0,0.0,0.0,1.0,0.0,0.0,0.0,0.0,0.0,0.0,0.0,0.0,0.0,0.0,0.0,0.0,0.0,0.0,0.0,0.0,0.0,0.0,0.0,0.0,0.0,0.0,0.0,0.0,0.0,0.0,0.0,0.0,0.0,0.0,0.0,0.0,0.0,0.0,0.0,0.0,0.0,0.0,0.0,0.0
attack,gbeleeleelbeleTbeTTT,time,time,seqgan_master,seqgan_master__final__time__A__500__MASTER__raw_character__len20__gpre120__reward_off__seed88,1943,20.0,5.0,2.0841837197791886,20.0,0.0,0.0,0.0,1.0,0.0,0.0,0.0,0.0,0.0,0.0,0.0,0.0,0.0,0.0,0.0,0.0,0.0,0.0,0.0,0.0,0.0,0.0,0.0,0.0,0.0,0.0,0.0,0.0,0.0,0.0,0.0,0.0,0.0,0.0,0.0,0.0,0.0,0.0,0.0,0.0,0.0,0.0,0.0,0.0,0.0,0.0,0.0,0.0,0.0,0.0,0.0,0.0,0.0,0.0,0.0,0.0,0.0,0.0,0.0,0.0,0.0
attack,"""gbelee0beleTTIMbele",time,time,seqgan_master,seqgan_master__final__time__A__500__MASTER__raw_character__len20__gpre120__reward_off__seed88,1944,20.0,9.0,2.763865121950854,18.0,1.0,0.0,1.0,0.9,0.05,0.0,0.05,0.0,1.0,0.0,0.0,0.0,0.0,0.0,0.0,0.0,0.0,0.0,0.0,0.0,1.0,0.0,0.0,0.0,0.0,0.0,0.0,0.0,0.0,0.0,0.0,0.0,0.0,0.0,0.0,0.0,0.0,0.0,0.0,0.0,0.0,0.0,0.0,0.0,0.0,0.0,0.0,0.0,0.0,0.0,0.0,0.0,0.0,0.0,0.0,0.0,0.0,0.0,0.0,0.0,0.0
attack,"""gbeleele0TTTTTIInel",time,time,seqgan_master,seqgan_master__final__time__A__500__MASTER__raw_character__len20__gpre120__reward_off__seed88,1945,20.0,9.0,2.823219672335508,18.0,1.0,0.0,1.0,0.9,0.05,0.0,0.05,0.0,1.0,0.0,0.0,0.0,0.0,0.0,0.0,0.0,0.0,0.0,0.0,0.0,1.0,0.0,0.0,0.0,0.0,0.0,0.0,0.0,0.0,0.0,0.0,0.0,0.0,0.0,0.0,0.0,0.0,0.0,0.0,0.0,0.0,0.0,0.0,0.0,0.0,0.0,0.0,0.0,0.0,0.0,0.0,0.0,0.0,0.0,0.0,0.0,0.0,0.0,0.0,0.0,0.0
attack,",waibegbeleleeleTbeT",time,time,seqgan_master,seqgan_master__final__time__A__500__MASTER__raw_character__len20__gpre120__reward_off__seed88,1946,20.0,9.0,2.763865121950854,19.0,0.0,0.0,1.0,0.95,0.0,0.0,0.05,0.0,0.0,0.0,0.0,0.0,0.0,0.0,0.0,0.0,0.0,1.0,0.0,0.0,0.0,0.0,0.0,0.0,0.0,0.0,0.0,0.0,0.0,0.0,0.0,0.0,0.0,0.0,0.0,0.0,0.0,0.0,0.0,0.0,0.0,0.0,0.0,0.0,0.0,0.0,0.0,0.0,0.0,0.0,0.0,0.0,0.0,0.0,0.0,0.0,0.0,0.0,0.0,0.0,0.0
attack,"""gbeleeTTTIpgTTTTbel",time,time,seqgan_master,seqgan_master__final__time__A__500__MASTER__raw_character__len20__gpre120__reward_off__seed88,1947,20.0,8.0,2.639353872167201,19.0,0.0,0.0,1.0,0.95,0.0,0.0,0.05,0.0,1.0,0.0,0.0,0.0,0.0,0.0,0.0,0.0,0.0,0.0,0.0,0.0,1.0,0.0,0.0,0.0,0.0,0.0,0.0,0.0,0.0,0.0,0.0,0.0,0.0,0.0,0.0,0.0,0.0,0.0,0.0,0.0,0.0,0.0,0.0,0.0,0.0,0.0,0.0,0.0,0.0,0.0,0.0,0.0,0.0,0.0,0.0,0.0,0.0,0.0,0.0,0.0,0.0
attack,"""gbeleeleleeTIelpgTI",time,time,seqgan_master,seqgan_master__final__time__A__500__MASTER__raw_character__len20__gpre120__reward_off__seed88,1948,20.0,8.0,2.639353872167201,19.0,0.0,0.0,1.0,0.95,0.0,0.0,0.05,0.0,1.0,0.0,0.0,0.0,0.0,0.0,0.0,0.0,0.0,0.0,0.0,0.0,1.0,0.0,0.0,0.0,0.0,0.0,0.0,0.0,0.0,0.0,0.0,0.0,0.0,0.0,0.0,0.0,0.0,0.0,0.0,0.0,0.0,0.0,0.0,0.0,0.0,0.0,0.0,0.0,0.0,0.0,0.0,0.0,0.0,0.0,0.0,0.0,0.0,0.0,0.0,0.0,0.0
attack,"""gbeleeTTTIMeleeTEbe",time,time,seqgan_master,seqgan_master__final__time__A__500__MASTER__raw_character__len20__gpre120__reward_off__seed88,1949,20.0,9.0,2.739353872167201,19.0,0.0,0.0,1.0,0.95,0.0,0.0,0.05,0.0,1.0,0.0,0.0,0.0,0.0,0.0,0.0,0.0,0.0,0.0,0.0,0.0,1.0,0.0,0.0,0.0,0.0,0.0,0.0,0.0,0.0,0.0,0.0,0.0,0.0,0.0,0.0,0.0,0.0,0.0,0.0,0.0,0.0,0.0,0.0,0.0,0.0,0.0,0.0,0.0,0.0,0.0,0.0,0.0,0.0,0.0,0.0,0.0,0.0,0.0,0.0,0.0,0.0
attack,""" beleeTelpgTInleeTl",time,time,seqgan_master,seqgan_master__final__time__A__500__MASTER__raw_character__len20__gpre120__reward_off__seed88,1950,20.0,10.0,2.908694969562842,18.0,0.0,1.0,1.0,0.9,0.0,0.05,0.05,0.0,1.0,0.0,0.0,0.0,0.0,0.0,0.0,0.0,0.0,0.0,0.0,0.0,1.0,0.0,0.0,0.0,0.0,0.0,0.0,0.0,0.0,0.0,0.0,0.0,0.0,0.0,0.0,0.0,0.0,0.0,0.0,0.0,0.0,0.0,0.0,0.0,0.0,0.0,0.0,0.0,0.0,0.0,0.0,0.0,0.0,0.0,0.0,0.0,0.0,0.0,0.0,0.0,0.0
attack,"""gbeeleleleTTIMbelel",time,time,seqgan_master,seqgan_master__final__time__A__500__MASTER__raw_character__len20__gpre120__reward_off__seed88,1951,20.0,8.0,2.5588718484453605,19.0,0.0,0.0,1.0,0.95,0.0,0.0,0.05,0.0,1.0,0.0,0.0,0.0,0.0,0.0,0.0,0.0,0.0,0.0,0.0,0.0,1.0,0.0,0.0,0.0,0.0,0.0,0.0,0.0,0.0,0.0,0.0,0.0,0.0,0.0,0.0,0.0,0.0,0.0,0.0,0.0,0.0,0.0,0.0,0.0,0.0,0.0,0.0,0.0,0.0,0.0,0.0,0.0,0.0,0.0,0.0,0.0,0.0,0.0,0.0,0.0,0.0
attack,"""gbeleeleeTTTTIIpgTT",time,time,seqgan_master,seqgan_master__final__time__A__500__MASTER__raw_character__len20__gpre120__reward_off__seed88,1952,20.0,8.0,2.665957320949175,19.0,0.0,0.0,1.0,0.95,0.0,0.0,0.05,0.0,1.0,0.0,0.0,0.0,0.0,0.0,0.0,0.0,0.0,0.0,0.0,0.0,1.0,0.0,0.0,0.0,0.0,0.0,0.0,0.0,0.0,0.0,0.0,0.0,0.0,0.0,0.0,0.0,0.0,0.0,0.0,0.0,0.0,0.0,0.0,0.0,0.0,0.0,0.0,0.0,0.0,0.0,0.0,0.0,0.0,0.0,0.0,0.0,0.0,0.0,0.0,0.0,0.0
attack,"""gbeleleeeTTpgT5 pgT",time,time,seqgan_master,seqgan_master__final__time__A__500__MASTER__raw_character__len20__gpre120__reward_off__seed88,1953,20.0,9.0,2.9037016960573485,17.0,1.0,1.0,1.0,0.85,0.05,0.05,0.05,0.0,1.0,0.0,0.0,0.0,0.0,0.0,0.0,0.0,0.0,0.0,0.0,0.0,1.0,0.0,0.0,0.0,0.0,0.0,0.0,0.0,0.0,0.0,0.0,0.0,0.0,0.0,0.0,0.0,0.0,0.0,0.0,0.0,0.0,0.0,0.0,0.0,0.0,0.0,0.0,0.0,0.0,0.0,0.0,0.0,0.0,0.0,0.0,0.0,0.0,0.0,0.0,0.0,0.0
attack,"""gbeleeTIngbeeleTbel",time,time,seqgan_master,seqgan_master__final__time__A__500__MASTER__raw_character__len20__gpre120__reward_off__seed88,1954,20.0,8.0,2.6638651219508542,19.0,0.0,0.0,1.0,0.95,0.0,0.0,0.05,0.0,1.0,0.0,0.0,0.0,0.0,0.0,0.0,0.0,0.0,0.0,0.0,0.0,1.0,0.0,0.0,0.0,0.0,0.0,0.0,0.0,0.0,0.0,0.0,0.0,0.0,0.0,0.0,0.0,0.0,0.0,0.0,0.0,0.0,0.0,0.0,0.0,0.0,0.0,0.0,0.0,0.0,0.0,0.0,0.0,0.0,0.0,0.0,0.0,0.0,0.0,0.0,0.0,0.0
attack,"""gbeleeTTITeTIMbeleT",time,time,seqgan_master,seqgan_master__final__time__A__500__MASTER__raw_character__len20__gpre120__reward_off__seed88,1955,20.0,8.0,2.665957320949175,19.0,0.0,0.0,1.0,0.95,0.0,0.0,0.05,0.0,1.0,0.0,0.0,0.0,0.0,0.0,0.0,0.0,0.0,0.0,0.0,0.0,1.0,0.0,0.0,0.0,0.0,0.0,0.0,0.0,0.0,0.0,0.0,0.0,0.0,0.0,0.0,0.0,0.0,0.0,0.0,0.0,0.0,0.0,0.0,0.0,0.0,0.0,0.0,0.0,0.0,0.0,0.0,0.0,0.0,0.0,0.0,0.0,0.0,0.0,0.0,0.0,0.0
attack,"""gbeeleeTTIsMleleTbe",time,time,seqgan_master,seqgan_master__final__time__A__500__MASTER__raw_character__len20__gpre120__reward_off__seed88,1956,20.0,9.0,2.763865121950854,19.0,0.0,0.0,1.0,0.95,0.0,0.0,0.05,0.0,1.0,0.0,0.0,0.0,0.0,0.0,0.0,0.0,0.0,0.0,0.0,0.0,1.0,0.0,0.0,0.0,0.0,0.0,0.0,0.0,0.0,0.0,0.0,0.0,0.0,0.0,0.0,0.0,0.0,0.0,0.0,0.0,0.0,0.0,0.0,0.0,0.0,0.0,0.0,0.0,0.0,0.0,0.0,0.0,0.0,0.0,0.0,0.0,0.0,0.0,0.0,0.0,0.0
attack,"""gbeleebeTITTIMbeele",time,time,seqgan_master,seqgan_master__final__time__A__500__MASTER__raw_character__len20__gpre120__reward_off__seed88,1957,20.0,8.0,2.6638651219508542,19.0,0.0,0.0,1.0,0.95,0.0,0.0,0.05,0.0,1.0,0.0,0.0,0.0,0.0,0.0,0.0,0.0,0.0,0.0,0.0,0.0,1.0,0.0,0.0,0.0,0.0,0.0,0.0,0.0,0.0,0.0,0.0,0.0,0.0,0.0,0.0,0.0,0.0,0.0,0.0,0.0,0.0,0.0,0.0,0.0,0.0,0.0,0.0,0.0,0.0,0.0,0.0,0.0,0.0,0.0,0.0,0.0,0.0,0.0,0.0,0.0,0.0
attack,"""gbeeleleleeTpgTIpgT",time,time,seqgan_master,seqgan_master__final__time__A__500__MASTER__raw_character__len20__gpre120__reward_off__seed88,1958,20.0,8.0,2.733206219346495,19.0,0.0,0.0,1.0,0.95,0.0,0.0,0.05,0.0,1.0,0.0,0.0,0.0,0.0,0.0,0.0,0.0,0.0,0.0,0.0,0.0,1.0,0.0,0.0,0.0,0.0,0.0,0.0,0.0,0.0,0.0,0.0,0.0,0.0,0.0,0.0,0.0,0.0,0.0,0.0,0.0,0.0,0.0,0.0,0.0,0.0,0.0,0.0,0.0,0.0,0.0,0.0,0.0,0.0,0.0,0.0,0.0,0.0,0.0,0.0,0.0,0.0
attack,"""gbeleeleleeleleleTT",time,time,seqgan_master,seqgan_master__final__time__A__500__MASTER__raw_character__len20__gpre120__reward_off__seed88,1959,20.0,6.0,2.0199730940219753,19.0,0.0,0.0,1.0,0.95,0.0,0.0,0.05,0.0,1.0,0.0,0.0,0.0,0.0,0.0,0.0,0.0,0.0,0.0,0.0,0.0,1.0,0.0,0.0,0.0,0.0,0.0,0.0,0.0,0.0,0.0,0.0,0.0,0.0,0.0,0.0,0.0,0.0,0.0,0.0,0.0,0.0,0.0,0.0,0.0,0.0,0.0,0.0,0.0,0.0,0.0,0.0,0.0,0.0,0.0,0.0,0.0,0.0,0.0,0.0,0.0,0.0
attack,"""gbeleleeTleTbeleTIb",time,time,seqgan_master,seqgan_master__final__time__A__500__MASTER__raw_character__len20__gpre120__reward_off__seed88,1960,20.0,7.0,2.463865121950854,19.0,0.0,0.0,1.0,0.95,0.0,0.0,0.05,0.0,1.0,0.0,0.0,0.0,0.0,0.0,0.0,0.0,0.0,0.0,0.0,0.0,1.0,0.0,0.0,0.0,0.0,0.0,0.0,0.0,0.0,0.0,0.0,0.0,0.0,0.0,0.0,0.0,0.0,0.0,0.0,0.0,0.0,0.0,0.0,0.0,0.0,0.0,0.0,0.0,0.0,0.0,0.0,0.0,0.0,0.0,0.0,0.0,0.0,0.0,0.0,0.0,0.0
attack,"""gbeeleeTbeTbeTbeTTT",time,time,seqgan_master,seqgan_master__final__time__A__500__MASTER__raw_character__len20__gpre120__reward_off__seed88,1961,20.0,6.0,2.1638651219508542,19.0,0.0,0.0,1.0,0.95,0.0,0.0,0.05,0.0,1.0,0.0,0.0,0.0,0.0,0.0,0.0,0.0,0.0,0.0,0.0,0.0,1.0,0.0,0.0,0.0,0.0,0.0,0.0,0.0,0.0,0.0,0.0,0.0,0.0,0.0,0.0,0.0,0.0,0.0,0.0,0.0,0.0,0.0,0.0,0.0,0.0,0.0,0.0,0.0,0.0,0.0,0.0,0.0,0.0,0.0,0.0,0.0,0.0,0.0,0.0,0.0,0.0
attack,"""gbeeleeTIngTTITIpgT",time,time,seqgan_master,seqgan_master__final__time__A__500__MASTER__raw_character__len20__gpre120__reward_off__seed88,1962,20.0,9.0,2.865957320949175,19.0,0.0,0.0,1.0,0.95,0.0,0.0,0.05,0.0,1.0,0.0,0.0,0.0,0.0,0.0,0.0,0.0,0.0,0.0,0.0,0.0,1.0,0.0,0.0,0.0,0.0,0.0,0.0,0.0,0.0,0.0,0.0,0.0,0.0,0.0,0.0,0.0,0.0,0.0,0.0,0.0,0.0,0.0,0.0,0.0,0.0,0.0,0.0,0.0,0.0,0.0,0.0,0.0,0.0,0.0,0.0,0.0,0.0,0.0,0.0,0.0,0.0
attack,gbelelegbeleeTTTTTTI,time,time,seqgan_master,seqgan_master__final__time__A__500__MASTER__raw_character__len20__gpre120__reward_off__seed88,1963,20.0,6.0,2.3332062193464953,20.0,0.0,0.0,0.0,1.0,0.0,0.0,0.0,0.0,0.0,0.0,0.0,0.0,0.0,0.0,0.0,0.0,0.0,0.0,0.0,0.0,0.0,0.0,0.0,0.0,0.0,0.0,0.0,0.0,0.0,0.0,0.0,0.0,0.0,0.0,0.0,0.0,0.0,0.0,0.0,0.0,0.0,0.0,0.0,0.0,0.0,0.0,0.0,0.0,0.0,0.0,0.0,0.0,0.0,0.0,0.0,0.0,0.0,0.0,0.0,0.0,0.0
attack,"""gbeleeeleeleleTIbeT",time,time,seqgan_master,seqgan_master__final__time__A__500__MASTER__raw_character__len20__gpre120__reward_off__seed88,1964,20.0,7.0,2.295461844238322,19.0,0.0,0.0,1.0,0.95,0.0,0.0,0.05,0.0,1.0,0.0,0.0,0.0,0.0,0.0,0.0,0.0,0.0,0.0,0.0,0.0,1.0,0.0,0.0,0.0,0.0,0.0,0.0,0.0,0.0,0.0,0.0,0.0,0.0,0.0,0.0,0.0,0.0,0.0,0.0,0.0,0.0,0.0,0.0,0.0,0.0,0.0,0.0,0.0,0.0,0.0,0.0,0.0,0.0,0.0,0.0,0.0,0.0,0.0,0.0,0.0,0.0
attack,gneleeTIrn0gbelelele,time,time,seqgan_master,seqgan_master__final__time__A__500__MASTER__raw_character__len20__gpre120__reward_off__seed88,1965,20.0,9.0,2.739353872167201,19.0,1.0,0.0,0.0,0.95,0.05,0.0,0.0,0.0,0.0,0.0,0.0,0.0,0.0,0.0,0.0,0.0,0.0,0.0,0.0,0.0,0.0,0.0,0.0,0.0,0.0,0.0,0.0,0.0,0.0,0.0,0.0,0.0,0.0,0.0,0.0,0.0,0.0,0.0,0.0,0.0,0.0,0.0,0.0,0.0,0.0,0.0,0.0,0.0,0.0,0.0,0.0,0.0,0.0,0.0,0.0,0.0,0.0,0.0,0.0,0.0,0.0
attack,"""gbgbeeeleleeTTTITTI",time,time,seqgan_master,seqgan_master__final__time__A__500__MASTER__raw_character__len20__gpre120__reward_off__seed88,1966,20.0,7.0,2.565957320949175,19.0,0.0,0.0,1.0,0.95,0.0,0.0,0.05,0.0,1.0,0.0,0.0,0.0,0.0,0.0,0.0,0.0,0.0,0.0,0.0,0.0,1.0,0.0,0.0,0.0,0.0,0.0,0.0,0.0,0.0,0.0,0.0,0.0,0.0,0.0,0.0,0.0,0.0,0.0,0.0,0.0,0.0,0.0,0.0,0.0,0.0,0.0,0.0,0.0,0.0,0.0,0.0,0.0,0.0,0.0,0.0,0.0,0.0,0.0,0.0,0.0,0.0
attack,"""gbeleeTleTTTTTTIpgb",time,time,seqgan_master,seqgan_master__final__time__A__500__MASTER__raw_character__len20__gpre120__reward_off__seed88,1967,20.0,8.0,2.639353872167201,19.0,0.0,0.0,1.0,0.95,0.0,0.0,0.05,0.0,1.0,0.0,0.0,0.0,0.0,0.0,0.0,0.0,0.0,0.0,0.0,0.0,1.0,0.0,0.0,0.0,0.0,0.0,0.0,0.0,0.0,0.0,0.0,0.0,0.0,0.0,0.0,0.0,0.0,0.0,0.0,0.0,0.0,0.0,0.0,0.0,0.0,0.0,0.0,0.0,0.0,0.0,0.0,0.0,0.0,0.0,0.0,0.0,0.0,0.0,0.0,0.0,0.0
attack,"""gbeleleeTbeTTTTTpgT",time,time,seqgan_master,seqgan_master__final__time__A__500__MASTER__raw_character__len20__gpre120__reward_off__seed88,1968,20.0,7.0,2.4588718484453604,19.0,0.0,0.0,1.0,0.95,0.0,0.0,0.05,0.0,1.0,0.0,0.0,0.0,0.0,0.0,0.0,0.0,0.0,0.0,0.0,0.0,1.0,0.0,0.0,0.0,0.0,0.0,0.0,0.0,0.0,0.0,0.0,0.0,0.0,0.0,0.0,0.0,0.0,0.0,0.0,0.0,0.0,0.0,0.0,0.0,0.0,0.0,0.0,0.0,0.0,0.0,0.0,0.0,0.0,0.0,0.0,0.0,0.0,0.0,0.0,0.0,0.0
attack,"""gbeelebeeTITTIpgTTe",time,time,seqgan_master,seqgan_master__final__time__A__500__MASTER__raw_character__len20__gpre120__reward_off__seed88,1969,20.0,8.0,2.665957320949175,19.0,0.0,0.0,1.0,0.95,0.0,0.0,0.05,0.0,1.0,0.0,0.0,0.0,0.0,0.0,0.0,0.0,0.0,0.0,0.0,0.0,1.0,0.0,0.0,0.0,0.0,0.0,0.0,0.0,0.0,0.0,0.0,0.0,0.0,0.0,0.0,0.0,0.0,0.0,0.0,0.0,0.0,0.0,0.0,0.0,0.0,0.0,0.0,0.0,0.0,0.0,0.0,0.0,0.0,0.0,0.0,0.0,0.0,0.0,0.0,0.0,0.0
attack,"""gbeleeleleleTlelleT",time,time,seqgan_master,seqgan_master__final__time__A__500__MASTER__raw_character__len20__gpre120__reward_off__seed88,1970,20.0,6.0,2.039353872167201,19.0,0.0,0.0,1.0,0.95,0.0,0.0,0.05,0.0,1.0,0.0,0.0,0.0,0.0,0.0,0.0,0.0,0.0,0.0,0.0,0.0,1.0,0.0,0.0,0.0,0.0,0.0,0.0,0.0,0.0,0.0,0.0,0.0,0.0,0.0,0.0,0.0,0.0,0.0,0.0,0.0,0.0,0.0,0.0,0.0,0.0,0.0,0.0,0.0,0.0,0.0,0.0,0.0,0.0,0.0,0.0,0.0,0.0,0.0,0.0,0.0,0.0
attack,"""gbeleeTTTIpgTlelele",time,time,seqgan_master,seqgan_master__final__time__A__500__MASTER__raw_character__len20__gpre120__reward_off__seed88,1971,20.0,8.0,2.6464393446710157,19.0,0.0,0.0,1.0,0.95,0.0,0.0,0.05,0.0,1.0,0.0,0.0,0.0,0.0,0.0,0.0,0.0,0.0,0.0,0.0,0.0,1.0,0.0,0.0,0.0,0.0,0.0,0.0,0.0,0.0,0.0,0.0,0.0,0.0,0.0,0.0,0.0,0.0,0.0,0.0,0.0,0.0,0.0,0.0,0.0,0.0,0.0,0.0,0.0,0.0,0.0,0.0,0.0,0.0,0.0,0.0,0.0,0.0,0.0,0.0,0.0,0.0
attack,;wbeelegTTnelegTIbeT,time,time,seqgan_master,seqgan_master__final__time__A__500__MASTER__raw_character__len20__gpre120__reward_off__seed88,1972,20.0,9.0,2.8464393446710154,19.0,0.0,0.0,1.0,0.95,0.0,0.0,0.05,0.0,0.0,0.0,0.0,0.0,0.0,1.0,0.0,0.0,0.0,0.0,0.0,0.0,0.0,0.0,0.0,0.0,0.0,0.0,1.0,0.0,0.0,0.0,0.0,0.0,0.0,0.0,0.0,0.0,0.0,0.0,0.0,0.0,0.0,0.0,0.0,0.0,0.0,0.0,0.0,0.0,0.0,0.0,0.0,0.0,0.0,0.0,0.0,0.0,0.0,0.0,0.0,0.0,0.0
attack,"""gbeeleeTbeTTTTbelel",time,time,seqgan_master,seqgan_master__final__time__A__500__MASTER__raw_character__len20__gpre120__reward_off__seed88,1973,20.0,6.0,2.2833830982290135,19.0,0.0,0.0,1.0,0.95,0.0,0.0,0.05,0.0,1.0,0.0,0.0,0.0,0.0,0.0,0.0,0.0,0.0,0.0,0.0,0.0,1.0,0.0,0.0,0.0,0.0,0.0,0.0,0.0,0.0,0.0,0.0,0.0,0.0,0.0,0.0,0.0,0.0,0.0,0.0,0.0,0.0,0.0,0.0,0.0,0.0,0.0,0.0,0.0,0.0,0.0,0.0,0.0,0.0,0.0,0.0,0.0,0.0,0.0,0.0,0.0,0.0
attack,"""gbeleeleleeTleeeTTI",time,time,seqgan_master,seqgan_master__final__time__A__500__MASTER__raw_character__len20__gpre120__reward_off__seed88,1974,20.0,7.0,2.2577174691301485,19.0,0.0,0.0,1.0,0.95,0.0,0.0,0.05,0.0,1.0,0.0,0.0,0.0,0.0,0.0,0.0,0.0,0.0,0.0,0.0,0.0,1.0,0.0,0.0,0.0,0.0,0.0,0.0,0.0,0.0,0.0,0.0,0.0,0.0,0.0,0.0,0.0,0.0,0.0,0.0,0.0,0.0,0.0,0.0,0.0,0.0,0.0,0.0,0.0,0.0,0.0,0.0,0.0,0.0,0.0,0.0,0.0,0.0,0.0,0.0,0.0,0.0
attack,"""gbeeleele0leleleTbe",time,time,seqgan_master,seqgan_master__final__time__A__500__MASTER__raw_character__len20__gpre120__reward_off__seed88,1975,20.0,7.0,2.2149798205164815,18.0,1.0,0.0,1.0,0.9,0.05,0.0,0.05,0.0,1.0,0.0,0.0,0.0,0.0,0.0,0.0,0.0,0.0,0.0,0.0,0.0,1.0,0.0,0.0,0.0,0.0,0.0,0.0,0.0,0.0,0.0,0.0,0.0,0.0,0.0,0.0,0.0,0.0,0.0,0.0,0.0,0.0,0.0,0.0,0.0,0.0,0.0,0.0,0.0,0.0,0.0,0.0,0.0,0.0,0.0,0.0,0.0,0.0,0.0,0.0,0.0,0.0
attack,gTT(pgTbeleTIMbeeTTT,time,time,seqgan_master,seqgan_master__final__time__A__500__MASTER__raw_character__len20__gpre120__reward_off__seed88,1976,20.0,9.0,2.739353872167201,19.0,0.0,0.0,1.0,0.95,0.0,0.0,0.05,0.0,0.0,0.0,0.0,0.0,0.0,0.0,1.0,0.0,0.0,0.0,0.0,0.0,0.0,0.0,0.0,0.0,0.0,1.0,0.0,0.0,0.0,0.0,0.0,0.0,0.0,0.0,0.0,0.0,0.0,0.0,0.0,0.0,0.0,0.0,0.0,0.0,0.0,0.0,0.0,0.0,0.0,0.0,0.0,0.0,0.0,0.0,0.0,0.0,0.0,0.0,0.0,0.0,0.0
attack,"""gbeleleetribeleelel",time,time,seqgan_master,seqgan_master__final__time__A__500__MASTER__raw_character__len20__gpre120__reward_off__seed88,1977,20.0,8.0,2.441446071165522,19.0,0.0,0.0,1.0,0.95,0.0,0.0,0.05,0.0,1.0,0.0,0.0,0.0,0.0,0.0,0.0,0.0,0.0,0.0,0.0,0.0,1.0,0.0,0.0,0.0,0.0,0.0,0.0,0.0,0.0,0.0,0.0,0.0,0.0,0.0,0.0,0.0,0.0,0.0,0.0,0.0,0.0,0.0,0.0,0.0,0.0,0.0,0.0,0.0,0.0,0.0,0.0,0.0,0.0,0.0,0.0,0.0,0.0,0.0,0.0,0.0,0.0
attack,"""gbeleeleleleleeTbee",time,time,seqgan_master,seqgan_master__final__time__A__500__MASTER__raw_character__len20__gpre120__reward_off__seed88,1978,20.0,6.0,1.9804820237218408,19.0,0.0,0.0,1.0,0.95,0.0,0.0,0.05,0.0,1.0,0.0,0.0,0.0,0.0,0.0,0.0,0.0,0.0,0.0,0.0,0.0,1.0,0.0,0.0,0.0,0.0,0.0,0.0,0.0,0.0,0.0,0.0,0.0,0.0,0.0,0.0,0.0,0.0,0.0,0.0,0.0,0.0,0.0,0.0,0.0,0.0,0.0,0.0,0.0,0.0,0.0,0.0,0.0,0.0,0.0,0.0,0.0,0.0,0.0,0.0,0.0,0.0
attack,"""gneleeeTTTpgTleTIr5",time,time,seqgan_master,seqgan_master__final__time__A__500__MASTER__raw_character__len20__gpre120__reward_off__seed88,1979,20.0,10.0,2.9609640474436816,18.0,1.0,0.0,1.0,0.9,0.05,0.0,0.05,0.0,1.0,0.0,0.0,0.0,0.0,0.0,0.0,0.0,0.0,0.0,0.0,0.0,1.0,0.0,0.0,0.0,0.0,0.0,0.0,0.0,0.0,0.0,0.0,0.0,0.0,0.0,0.0,0.0,0.0,0.0,0.0,0.0,0.0,0.0,0.0,0.0,0.0,0.0,0.0,0.0,0.0,0.0,0.0,0.0,0.0,0.0,0.0,0.0,0.0,0.0,0.0,0.0,0.0
attack,"""gbegbeleeleeTITTTTM",time,time,seqgan_master,seqgan_master__final__time__A__500__MASTER__raw_character__len20__gpre120__reward_off__seed88,1980,20.0,8.0,2.665957320949175,19.0,0.0,0.0,1.0,0.95,0.0,0.0,0.05,0.0,1.0,0.0,0.0,0.0,0.0,0.0,0.0,0.0,0.0,0.0,0.0,0.0,1.0,0.0,0.0,0.0,0.0,0.0,0.0,0.0,0.0,0.0,0.0,0.0,0.0,0.0,0.0,0.0,0.0,0.0,0.0,0.0,0.0,0.0,0.0,0.0,0.0,0.0,0.0,0.0,0.0,0.0,0.0,0.0,0.0,0.0,0.0,0.0,0.0,0.0,0.0,0.0,0.0
attack,"""gbeeleleTpgTbeleele",time,time,seqgan_master,seqgan_master__final__time__A__500__MASTER__raw_character__len20__gpre120__reward_off__seed88,1981,20.0,7.0,2.4219280948873623,19.0,0.0,0.0,1.0,0.95,0.0,0.0,0.05,0.0,1.0,0.0,0.0,0.0,0.0,0.0,0.0,0.0,0.0,0.0,0.0,0.0,1.0,0.0,0.0,0.0,0.0,0.0,0.0,0.0,0.0,0.0,0.0,0.0,0.0,0.0,0.0,0.0,0.0,0.0,0.0,0.0,0.0,0.0,0.0,0.0,0.0,0.0,0.0,0.0,0.0,0.0,0.0,0.0,0.0,0.0,0.0,0.0,0.0,0.0,0.0,0.0,0.0
attack,"""gbeleeTTTTIleTTTIpg",time,time,seqgan_master,seqgan_master__final__time__A__500__MASTER__raw_character__len20__gpre120__reward_off__seed88,1982,20.0,8.0,2.639353872167201,19.0,0.0,0.0,1.0,0.95,0.0,0.0,0.05,0.0,1.0,0.0,0.0,0.0,0.0,0.0,0.0,0.0,0.0,0.0,0.0,0.0,1.0,0.0,0.0,0.0,0.0,0.0,0.0,0.0,0.0,0.0,0.0,0.0,0.0,0.0,0.0,0.0,0.0,0.0,0.0,0.0,0.0,0.0,0.0,0.0,0.0,0.0,0.0,0.0,0.0,0.0,0.0,0.0,0.0,0.0,0.0,0.0,0.0,0.0,0.0,0.0,0.0
attack,"""gbgbbeleeeleelelele",time,time,seqgan_master,seqgan_master__final__time__A__500__MASTER__raw_character__len20__gpre120__reward_off__seed88,1983,20.0,5.0,1.9772354454083079,19.0,0.0,0.0,1.0,0.95,0.0,0.0,0.05,0.0,1.0,0.0,0.0,0.0,0.0,0.0,0.0,0.0,0.0,0.0,0.0,0.0,1.0,0.0,0.0,0.0,0.0,0.0,0.0,0.0,0.0,0.0,0.0,0.0,0.0,0.0,0.0,0.0,0.0,0.0,0.0,0.0,0.0,0.0,0.0,0.0,0.0,0.0,0.0,0.0,0.0,0.0,0.0,0.0,0.0,0.0,0.0,0.0,0.0,0.0,0.0,0.0,0.0
attack,"""gbeleeeleTTTIpgTTbe",time,time,seqgan_master,seqgan_master__final__time__A__500__MASTER__raw_character__len20__gpre120__reward_off__seed88,1984,20.0,8.0,2.665957320949175,19.0,0.0,0.0,1.0,0.95,0.0,0.0,0.05,0.0,1.0,0.0,0.0,0.0,0.0,0.0,0.0,0.0,0.0,0.0,0.0,0.0,1.0,0.0,0.0,0.0,0.0,0.0,0.0,0.0,0.0,0.0,0.0,0.0,0.0,0.0,0.0,0.0,0.0,0.0,0.0,0.0,0.0,0.0,0.0,0.0,0.0,0.0,0.0,0.0,0.0,0.0,0.0,0.0,0.0,0.0,0.0,0.0,0.0,0.0,0.0,0.0,0.0
attack,"""gbeleeleleleTMbeTTm",time,time,seqgan_master,seqgan_master__final__time__A__500__MASTER__raw_character__len20__gpre120__reward_off__seed88,1985,20.0,8.0,2.6016094970590276,19.0,0.0,0.0,1.0,0.95,0.0,0.0,0.05,0.0,1.0,0.0,0.0,0.0,0.0,0.0,0.0,0.0,0.0,0.0,0.0,0.0,1.0,0.0,0.0,0.0,0.0,0.0,0.0,0.0,0.0,0.0,0.0,0.0,0.0,0.0,0.0,0.0,0.0,0.0,0.0,0.0,0.0,0.0,0.0,0.0,0.0,0.0,0.0,0.0,0.0,0.0,0.0,0.0,0.0,0.0,0.0,0.0,0.0,0.0,0.0,0.0,0.0
attack,"""gbeleeTbeeTTIpgTbeg",time,time,seqgan_master,seqgan_master__final__time__A__500__MASTER__raw_character__len20__gpre120__reward_off__seed88,1986,20.0,8.0,2.6709505944546685,19.0,0.0,0.0,1.0,0.95,0.0,0.0,0.05,0.0,1.0,0.0,0.0,0.0,0.0,0.0,0.0,0.0,0.0,0.0,0.0,0.0,1.0,0.0,0.0,0.0,0.0,0.0,0.0,0.0,0.0,0.0,0.0,0.0,0.0,0.0,0.0,0.0,0.0,0.0,0.0,0.0,0.0,0.0,0.0,0.0,0.0,0.0,0.0,0.0,0.0,0.0,0.0,0.0,0.0,0.0,0.0,0.0,0.0,0.0,0.0,0.0,0.0
attack,"""gbeleelebeTTbeeTTTI",time,time,seqgan_master,seqgan_master__final__time__A__500__MASTER__raw_character__len20__gpre120__reward_off__seed88,1987,20.0,7.0,2.421127473337187,19.0,0.0,0.0,1.0,0.95,0.0,0.0,0.05,0.0,1.0,0.0,0.0,0.0,0.0,0.0,0.0,0.0,0.0,0.0,0.0,0.0,1.0,0.0,0.0,0.0,0.0,0.0,0.0,0.0,0.0,0.0,0.0,0.0,0.0,0.0,0.0,0.0,0.0,0.0,0.0,0.0,0.0,0.0,0.0,0.0,0.0,0.0,0.0,0.0,0.0,0.0,0.0,0.0,0.0,0.0,0.0,0.0,0.0,0.0,0.0,0.0,0.0
attack,"""gbeeleTIMbeleTIMbeT",time,time,seqgan_master,seqgan_master__final__time__A__500__MASTER__raw_character__len20__gpre120__reward_off__seed88,1988,20.0,8.0,2.7709505944546686,19.0,0.0,0.0,1.0,0.95,0.0,0.0,0.05,0.0,1.0,0.0,0.0,0.0,0.0,0.0,0.0,0.0,0.0,0.0,0.0,0.0,1.0,0.0,0.0,0.0,0.0,0.0,0.0,0.0,0.0,0.0,0.0,0.0,0.0,0.0,0.0,0.0,0.0,0.0,0.0,0.0,0.0,0.0,0.0,0.0,0.0,0.0,0.0,0.0,0.0,0.0,0.0,0.0,0.0,0.0,0.0,0.0,0.0,0.0,0.0,0.0,0.0
attack,"""gbeleeTleTIIIpgTleT",time,time,seqgan_master,seqgan_master__final__time__A__500__MASTER__raw_character__len20__gpre120__reward_off__seed88,1989,20.0,8.0,2.765957320949175,19.0,0.0,0.0,1.0,0.95,0.0,0.0,0.05,0.0,1.0,0.0,0.0,0.0,0.0,0.0,0.0,0.0,0.0,0.0,0.0,0.0,1.0,0.0,0.0,0.0,0.0,0.0,0.0,0.0,0.0,0.0,0.0,0.0,0.0,0.0,0.0,0.0,0.0,0.0,0.0,0.0,0.0,0.0,0.0,0.0,0.0,0.0,0.0,0.0,0.0,0.0,0.0,0.0,0.0,0.0,0.0,0.0,0.0,0.0,0.0,0.0,0.0
attack,"""gbeleeelelelebeeTTT",time,time,seqgan_master,seqgan_master__final__time__A__500__MASTER__raw_character__len20__gpre120__reward_off__seed88,1990,20.0,6.0,2.1577174691301484,19.0,0.0,0.0,1.0,0.95,0.0,0.0,0.05,0.0,1.0,0.0,0.0,0.0,0.0,0.0,0.0,0.0,0.0,0.0,0.0,0.0,1.0,0.0,0.0,0.0,0.0,0.0,0.0,0.0,0.0,0.0,0.0,0.0,0.0,0.0,0.0,0.0,0.0,0.0,0.0,0.0,0.0,0.0,0.0,0.0,0.0,0.0,0.0,0.0,0.0,0.0,0.0,0.0,0.0,0.0,0.0,0.0,0.0,0.0,0.0,0.0,0.0
attack,"""bgbelebeeeTTIbeTTTI",time,time,seqgan_master,seqgan_master__final__time__A__500__MASTER__raw_character__len20__gpre120__reward_off__seed88,1991,20.0,7.0,2.465957320949175,19.0,0.0,0.0,1.0,0.95,0.0,0.0,0.05,0.0,1.0,0.0,0.0,0.0,0.0,0.0,0.0,0.0,0.0,0.0,0.0,0.0,1.0,0.0,0.0,0.0,0.0,0.0,0.0,0.0,0.0,0.0,0.0,0.0,0.0,0.0,0.0,0.0,0.0,0.0,0.0,0.0,0.0,0.0,0.0,0.0,0.0,0.0,0.0,0.0,0.0,0.0,0.0,0.0,0.0,0.0,0.0,0.0,0.0,0.0,0.0,0.0,0.0
attack,"""gbeleeleeeleTTITTTp",time,time,seqgan_master,seqgan_master__final__time__A__500__MASTER__raw_character__len20__gpre120__reward_off__seed88,1992,20.0,8.0,2.521127473337187,19.0,0.0,0.0,1.0,0.95,0.0,0.0,0.05,0.0,1.0,0.0,0.0,0.0,0.0,0.0,0.0,0.0,0.0,0.0,0.0,0.0,1.0,0.0,0.0,0.0,0.0,0.0,0.0,0.0,0.0,0.0,0.0,0.0,0.0,0.0,0.0,0.0,0.0,0.0,0.0,0.0,0.0,0.0,0.0,0.0,0.0,0.0,0.0,0.0,0.0,0.0,0.0,0.0,0.0,0.0,0.0,0.0,0.0,0.0,0.0,0.0,0.0
attack,"""gbeeleleeTMeTTleTpg",time,time,seqgan_master,seqgan_master__final__time__A__500__MASTER__raw_character__len20__gpre120__reward_off__seed88,1993,20.0,8.0,2.6016094970590276,19.0,0.0,0.0,1.0,0.95,0.0,0.0,0.05,0.0,1.0,0.0,0.0,0.0,0.0,0.0,0.0,0.0,0.0,0.0,0.0,0.0,1.0,0.0,0.0,0.0,0.0,0.0,0.0,0.0,0.0,0.0,0.0,0.0,0.0,0.0,0.0,0.0,0.0,0.0,0.0,0.0,0.0,0.0,0.0,0.0,0.0,0.0,0.0,0.0,0.0,0.0,0.0,0.0,0.0,0.0,0.0,0.0,0.0,0.0,0.0,0.0,0.0
attack,"""gbeelelele0TbeleeTT",time,time,seqgan_master,seqgan_master__final__time__A__500__MASTER__raw_character__len20__gpre120__reward_off__seed88,1994,20.0,7.0,2.384183719779189,18.0,1.0,0.0,1.0,0.9,0.05,0.0,0.05,0.0,1.0,0.0,0.0,0.0,0.0,0.0,0.0,0.0,0.0,0.0,0.0,0.0,1.0,0.0,0.0,0.0,0.0,0.0,0.0,0.0,0.0,0.0,0.0,0.0,0.0,0.0,0.0,0.0,0.0,0.0,0.0,0.0,0.0,0.0,0.0,0.0,0.0,0.0,0.0,0.0,0.0,0.0,0.0,0.0,0.0,0.0,0.0,0.0,0.0,0.0,0.0,0.0,0.0
attack,"""gbeeTbele0TMelelele",time,time,seqgan_master,seqgan_master__final__time__A__500__MASTER__raw_character__len20__gpre120__reward_off__seed88,1995,20.0,8.0,2.5219280948873624,18.0,1.0,0.0,1.0,0.9,0.05,0.0,0.05,0.0,1.0,0.0,0.0,0.0,0.0,0.0,0.0,0.0,0.0,0.0,0.0,0.0,1.0,0.0,0.0,0.0,0.0,0.0,0.0,0.0,0.0,0.0,0.0,0.0,0.0,0.0,0.0,0.0,0.0,0.0,0.0,0.0,0.0,0.0,0.0,0.0,0.0,0.0,0.0,0.0,0.0,0.0,0.0,0.0,0.0,0.0,0.0,0.0,0.0,0.0,0.0,0.0,0.0
attack,"""gbeeleleeTIleleleTI",time,time,seqgan_master,seqgan_master__final__time__A__500__MASTER__raw_character__len20__gpre120__reward_off__seed88,1996,20.0,7.0,2.341446071165522,19.0,0.0,0.0,1.0,0.95,0.0,0.0,0.05,0.0,1.0,0.0,0.0,0.0,0.0,0.0,0.0,0.0,0.0,0.0,0.0,0.0,1.0,0.0,0.0,0.0,0.0,0.0,0.0,0.0,0.0,0.0,0.0,0.0,0.0,0.0,0.0,0.0,0.0,0.0,0.0,0.0,0.0,0.0,0.0,0.0,0.0,0.0,0.0,0.0,0.0,0.0,0.0,0.0,0.0,0.0,0.0,0.0,0.0,0.0,0.0,0.0,0.0
attack,"""gbeeleeleTbeTIMelel",time,time,seqgan_master,seqgan_master__final__time__A__500__MASTER__raw_character__len20__gpre120__reward_off__seed88,1997,20.0,8.0,2.5219280948873624,19.0,0.0,0.0,1.0,0.95,0.0,0.0,0.05,0.0,1.0,0.0,0.0,0.0,0.0,0.0,0.0,0.0,0.0,0.0,0.0,0.0,1.0,0.0,0.0,0.0,0.0,0.0,0.0,0.0,0.0,0.0,0.0,0.0,0.0,0.0,0.0,0.0,0.0,0.0,0.0,0.0,0.0,0.0,0.0,0.0,0.0,0.0,0.0,0.0,0.0,0.0,0.0,0.0,0.0,0.0,0.0,0.0,0.0,0.0,0.0,0.0,0.0
attack,"""gbegbeeele_TIMbelee",time,time,seqgan_master,seqgan_master__final__time__A__500__MASTER__raw_character__len20__gpre120__reward_off__seed88,1998,20.0,9.0,2.684183719779189,18.0,0.0,0.0,2.0,0.9,0.0,0.0,0.1,0.0,1.0,0.0,0.0,0.0,0.0,0.0,0.0,0.0,1.0,0.0,0.0,0.0,1.0,0.0,0.0,0.0,0.0,0.0,0.0,0.0,0.0,0.0,0.0,0.0,0.0,0.0,0.0,0.0,0.0,0.0,0.0,0.0,0.0,0.0,0.0,0.0,0.0,0.0,0.0,0.0,0.0,0.0,0.0,0.0,0.0,0.0,0.0,0.0,0.0,0.0,0.0,0.0,0.0
attack,"""gbeleleeeTTTTTTTpgT",time,time,seqgan_master,seqgan_master__final__time__A__500__MASTER__raw_character__len20__gpre120__reward_off__seed88,1999,20.0,7.0,2.341446071165522,19.0,0.0,0.0,1.0,0.95,0.0,0.0,0.05,0.0,1.0,0.0,0.0,0.0,0.0,0.0,0.0,0.0,0.0,0.0,0.0,0.0,1.0,0.0,0.0,0.0,0.0,0.0,0.0,0.0,0.0,0.0,0.0,0.0,0.0,0.0,0.0,0.0,0.0,0.0,0.0,0.0,0.0,0.0,0.0,0.0,0.0,0.0,0.0,0.0,0.0,0.0,0.0,0.0,0.0,0.0,0.0,0.0,0.0,0.0,0.0,0.0,0.0
