
[1/3] pretrain G
G epoch=1/120 loss=4.5403
G epoch=2/120 loss=4.2388
G epoch=3/120 loss=3.8180
G epoch=4/120 loss=3.3138
G epoch=5/120 loss=2.9378
G epoch=6/120 loss=2.7750
G epoch=7/120 loss=2.6776
G epoch=8/120 loss=2.5854
G epoch=9/120 loss=2.4935
G epoch=10/120 loss=2.3677
G epoch=11/120 loss=2.2462
G epoch=12/120 loss=2.1608
G epoch=13/120 loss=2.0411
G epoch=14/120 loss=1.9440
G epoch=15/120 loss=1.8746
G epoch=16/120 loss=1.8223
G epoch=17/120 loss=1.7573
G epoch=18/120 loss=1.6742
G epoch=19/120 loss=1.6194
G epoch=20/120 loss=1.5613
G epoch=21/120 loss=1.5237
G epoch=22/120 loss=1.4207
G epoch=23/120 loss=1.4109
G epoch=24/120 loss=1.3566
G epoch=25/120 loss=1.2728
G epoch=26/120 loss=1.2546
G epoch=27/120 loss=1.2203
G epoch=28/120 loss=1.1665
G epoch=29/120 loss=1.1478
G epoch=30/120 loss=1.1003
G epoch=31/120 loss=1.1146
G epoch=32/120 loss=1.0734
G epoch=33/120 loss=1.0252
G epoch=34/120 loss=1.0233
G epoch=35/120 loss=0.9767
G epoch=36/120 loss=0.9774
G epoch=37/120 loss=0.9533
G epoch=38/120 loss=0.9142
G epoch=39/120 loss=0.9021
G epoch=40/120 loss=0.8556
G epoch=41/120 loss=0.8287
G epoch=42/120 loss=0.8108
G epoch=43/120 loss=0.7848
G epoch=44/120 loss=0.7672
G epoch=45/120 loss=0.7753
G epoch=46/120 loss=0.7427
G epoch=47/120 loss=0.7478
G epoch=48/120 loss=0.7174
G epoch=49/120 loss=0.7006
G epoch=50/120 loss=0.6800
G epoch=51/120 loss=0.6696
G epoch=52/120 loss=0.6571
G epoch=53/120 loss=0.6166
G epoch=54/120 loss=0.6303
G epoch=55/120 loss=0.6338
G epoch=56/120 loss=0.6193
G epoch=57/120 loss=0.6111
G epoch=58/120 loss=0.5915
G epoch=59/120 loss=0.5601
G epoch=60/120 loss=0.5691
G epoch=61/120 loss=0.5377
G epoch=62/120 loss=0.5350
G epoch=63/120 loss=0.5329
G epoch=64/120 loss=0.5217
G epoch=65/120 loss=0.5000
G epoch=66/120 loss=0.4836
G epoch=67/120 loss=0.4707
G epoch=68/120 loss=0.4597
G epoch=69/120 loss=0.4605
G epoch=70/120 loss=0.4390
G epoch=71/120 loss=0.4215
G epoch=72/120 loss=0.4214
G epoch=73/120 loss=0.4177
G epoch=74/120 loss=0.3994
G epoch=75/120 loss=0.4170
G epoch=76/120 loss=0.4229
G epoch=77/120 loss=0.4081
G epoch=78/120 loss=0.4096
G epoch=79/120 loss=0.3959
G epoch=80/120 loss=0.3971
G epoch=81/120 loss=0.3978
G epoch=82/120 loss=0.3819
G epoch=83/120 loss=0.3785
G epoch=84/120 loss=0.3504
G epoch=85/120 loss=0.3774
G epoch=86/120 loss=0.3687
G epoch=87/120 loss=0.3471
G epoch=88/120 loss=0.3409
G epoch=89/120 loss=0.3503
G epoch=90/120 loss=0.3524
G epoch=91/120 loss=0.3488
G epoch=92/120 loss=0.3282
G epoch=93/120 loss=0.3421
G epoch=94/120 loss=0.3135
G epoch=95/120 loss=0.3417
G epoch=96/120 loss=0.3206
G epoch=97/120 loss=0.3240
G epoch=98/120 loss=0.3000
G epoch=99/120 loss=0.3229
G epoch=100/120 loss=0.3133
G epoch=101/120 loss=0.3231
G epoch=102/120 loss=0.3200
G epoch=103/120 loss=0.3105
G epoch=104/120 loss=0.3155
G epoch=105/120 loss=0.3170
G epoch=106/120 loss=0.3088
G epoch=107/120 loss=0.3212
G epoch=108/120 loss=0.3078
G epoch=109/120 loss=0.2999
G epoch=110/120 loss=0.3097
G epoch=111/120 loss=0.2989
G epoch=112/120 loss=0.2979
G epoch=113/120 loss=0.2927
G epoch=114/120 loss=0.2860
G epoch=115/120 loss=0.3020
G epoch=116/120 loss=0.2930
G epoch=117/120 loss=0.2787
G epoch=118/120 loss=0.2869
G epoch=119/120 loss=0.2909
G epoch=120/120 loss=0.2844

[2/3] pretrain D
D step=1/50 epoch=1/3 loss=0.7673 l2=0.2000 label_smoothing=0.000
D step=1/50 epoch=2/3 loss=0.7312 l2=0.2000 label_smoothing=0.000
D step=1/50 epoch=3/3 loss=0.7297 l2=0.2000 label_smoothing=0.000
D step=2/50 epoch=1/3 loss=0.7564 l2=0.2000 label_smoothing=0.000
D step=2/50 epoch=2/3 loss=0.7211 l2=0.2000 label_smoothing=0.000
D step=2/50 epoch=3/3 loss=0.7116 l2=0.2000 label_smoothing=0.000
D step=3/50 epoch=1/3 loss=0.7222 l2=0.2000 label_smoothing=0.000
D step=3/50 epoch=2/3 loss=0.6896 l2=0.2000 label_smoothing=0.000
D step=3/50 epoch=3/3 loss=0.6558 l2=0.2000 label_smoothing=0.000
D step=4/50 epoch=1/3 loss=0.7282 l2=0.2000 label_smoothing=0.000
D step=4/50 epoch=2/3 loss=0.6879 l2=0.2000 label_smoothing=0.000
D step=4/50 epoch=3/3 loss=0.6570 l2=0.2000 label_smoothing=0.000
D step=5/50 epoch=1/3 loss=0.6911 l2=0.2000 label_smoothing=0.000
D step=5/50 epoch=2/3 loss=0.6512 l2=0.2000 label_smoothing=0.000
D step=5/50 epoch=3/3 loss=0.6298 l2=0.2000 label_smoothing=0.000
D step=6/50 epoch=1/3 loss=0.6471 l2=0.2000 label_smoothing=0.000
D step=6/50 epoch=2/3 loss=0.6374 l2=0.2000 label_smoothing=0.000
D step=6/50 epoch=3/3 loss=0.6236 l2=0.2000 label_smoothing=0.000
D step=7/50 epoch=1/3 loss=0.6659 l2=0.2000 label_smoothing=0.000
D step=7/50 epoch=2/3 loss=0.6277 l2=0.2000 label_smoothing=0.000
D step=7/50 epoch=3/3 loss=0.5958 l2=0.2000 label_smoothing=0.000
D step=8/50 epoch=1/3 loss=0.6047 l2=0.2000 label_smoothing=0.000
D step=8/50 epoch=2/3 loss=0.5898 l2=0.2000 label_smoothing=0.000
D step=8/50 epoch=3/3 loss=0.5752 l2=0.2000 label_smoothing=0.000
D step=9/50 epoch=1/3 loss=0.6086 l2=0.2000 label_smoothing=0.000
D step=9/50 epoch=2/3 loss=0.5728 l2=0.2000 label_smoothing=0.000
D step=9/50 epoch=3/3 loss=0.5654 l2=0.2000 label_smoothing=0.000
D step=10/50 epoch=1/3 loss=0.6147 l2=0.2000 label_smoothing=0.000
D step=10/50 epoch=2/3 loss=0.6065 l2=0.2000 label_smoothing=0.000
D step=10/50 epoch=3/3 loss=0.5864 l2=0.2000 label_smoothing=0.000
D step=11/50 epoch=1/3 loss=0.5783 l2=0.2000 label_smoothing=0.000
D step=11/50 epoch=2/3 loss=0.5702 l2=0.2000 label_smoothing=0.000
D step=11/50 epoch=3/3 loss=0.5451 l2=0.2000 label_smoothing=0.000
D step=12/50 epoch=1/3 loss=0.5933 l2=0.2000 label_smoothing=0.000
D step=12/50 epoch=2/3 loss=0.5791 l2=0.2000 label_smoothing=0.000
D step=12/50 epoch=3/3 loss=0.5562 l2=0.2000 label_smoothing=0.000
D step=13/50 epoch=1/3 loss=0.5740 l2=0.2000 label_smoothing=0.000
D step=13/50 epoch=2/3 loss=0.5579 l2=0.2000 label_smoothing=0.000
D step=13/50 epoch=3/3 loss=0.5436 l2=0.2000 label_smoothing=0.000
D step=14/50 epoch=1/3 loss=0.6365 l2=0.2000 label_smoothing=0.000
D step=14/50 epoch=2/3 loss=0.6083 l2=0.2000 label_smoothing=0.000
D step=14/50 epoch=3/3 loss=0.5687 l2=0.2000 label_smoothing=0.000
D step=15/50 epoch=1/3 loss=0.5551 l2=0.2000 label_smoothing=0.000
D step=15/50 epoch=2/3 loss=0.5317 l2=0.2000 label_smoothing=0.000
D step=15/50 epoch=3/3 loss=0.5202 l2=0.2000 label_smoothing=0.000
D step=16/50 epoch=1/3 loss=0.5527 l2=0.2000 label_smoothing=0.000
D step=16/50 epoch=2/3 loss=0.5559 l2=0.2000 label_smoothing=0.000
D step=16/50 epoch=3/3 loss=0.5251 l2=0.2000 label_smoothing=0.000
D step=17/50 epoch=1/3 loss=0.5523 l2=0.2000 label_smoothing=0.000
D step=17/50 epoch=2/3 loss=0.5220 l2=0.2000 label_smoothing=0.000
D step=17/50 epoch=3/3 loss=0.4801 l2=0.2000 label_smoothing=0.000
D step=18/50 epoch=1/3 loss=0.5322 l2=0.2000 label_smoothing=0.000
D step=18/50 epoch=2/3 loss=0.5003 l2=0.2000 label_smoothing=0.000
D step=18/50 epoch=3/3 loss=0.4950 l2=0.2000 label_smoothing=0.000
D step=19/50 epoch=1/3 loss=0.5577 l2=0.2000 label_smoothing=0.000
D step=19/50 epoch=2/3 loss=0.5418 l2=0.2000 label_smoothing=0.000
D step=19/50 epoch=3/3 loss=0.5044 l2=0.2000 label_smoothing=0.000
D step=20/50 epoch=1/3 loss=0.5443 l2=0.2000 label_smoothing=0.000
D step=20/50 epoch=2/3 loss=0.5224 l2=0.2000 label_smoothing=0.000
D step=20/50 epoch=3/3 loss=0.5023 l2=0.2000 label_smoothing=0.000
D step=21/50 epoch=1/3 loss=0.6332 l2=0.2000 label_smoothing=0.000
D step=21/50 epoch=2/3 loss=0.5579 l2=0.2000 label_smoothing=0.000
D step=21/50 epoch=3/3 loss=0.5760 l2=0.2000 label_smoothing=0.000
D step=22/50 epoch=1/3 loss=0.5396 l2=0.2000 label_smoothing=0.000
D step=22/50 epoch=2/3 loss=0.5213 l2=0.2000 label_smoothing=0.000
D step=22/50 epoch=3/3 loss=0.5235 l2=0.2000 label_smoothing=0.000
D step=23/50 epoch=1/3 loss=0.5581 l2=0.2000 label_smoothing=0.000
D step=23/50 epoch=2/3 loss=0.5337 l2=0.2000 label_smoothing=0.000
D step=23/50 epoch=3/3 loss=0.5236 l2=0.2000 label_smoothing=0.000
D step=24/50 epoch=1/3 loss=0.5545 l2=0.2000 label_smoothing=0.000
D step=24/50 epoch=2/3 loss=0.5288 l2=0.2000 label_smoothing=0.000
D step=24/50 epoch=3/3 loss=0.5091 l2=0.2000 label_smoothing=0.000
D step=25/50 epoch=1/3 loss=0.5674 l2=0.2000 label_smoothing=0.000
D step=25/50 epoch=2/3 loss=0.5497 l2=0.2000 label_smoothing=0.000
D step=25/50 epoch=3/3 loss=0.5197 l2=0.2000 label_smoothing=0.000
D step=26/50 epoch=1/3 loss=0.4913 l2=0.2000 label_smoothing=0.000
D step=26/50 epoch=2/3 loss=0.4807 l2=0.2000 label_smoothing=0.000
D step=26/50 epoch=3/3 loss=0.4879 l2=0.2000 label_smoothing=0.000
D step=27/50 epoch=1/3 loss=0.5532 l2=0.2000 label_smoothing=0.000
D step=27/50 epoch=2/3 loss=0.5194 l2=0.2000 label_smoothing=0.000
D step=27/50 epoch=3/3 loss=0.5101 l2=0.2000 label_smoothing=0.000
D step=28/50 epoch=1/3 loss=0.5257 l2=0.2000 label_smoothing=0.000
D step=28/50 epoch=2/3 loss=0.5122 l2=0.2000 label_smoothing=0.000
D step=28/50 epoch=3/3 loss=0.4894 l2=0.2000 label_smoothing=0.000
D step=29/50 epoch=1/3 loss=0.5366 l2=0.2000 label_smoothing=0.000
D step=29/50 epoch=2/3 loss=0.4868 l2=0.2000 label_smoothing=0.000
D step=29/50 epoch=3/3 loss=0.4953 l2=0.2000 label_smoothing=0.000
D step=30/50 epoch=1/3 loss=0.5289 l2=0.2000 label_smoothing=0.000
D step=30/50 epoch=2/3 loss=0.4996 l2=0.2000 label_smoothing=0.000
D step=30/50 epoch=3/3 loss=0.4986 l2=0.2000 label_smoothing=0.000
D step=31/50 epoch=1/3 loss=0.4952 l2=0.2000 label_smoothing=0.000
D step=31/50 epoch=2/3 loss=0.4819 l2=0.2000 label_smoothing=0.000
D step=31/50 epoch=3/3 loss=0.4758 l2=0.2000 label_smoothing=0.000
D step=32/50 epoch=1/3 loss=0.5340 l2=0.2000 label_smoothing=0.000
D step=32/50 epoch=2/3 loss=0.5037 l2=0.2000 label_smoothing=0.000
D step=32/50 epoch=3/3 loss=0.4968 l2=0.2000 label_smoothing=0.000
D step=33/50 epoch=1/3 loss=0.5164 l2=0.2000 label_smoothing=0.000
D step=33/50 epoch=2/3 loss=0.4940 l2=0.2000 label_smoothing=0.000
D step=33/50 epoch=3/3 loss=0.4969 l2=0.2000 label_smoothing=0.000
D step=34/50 epoch=1/3 loss=0.4818 l2=0.2000 label_smoothing=0.000
D step=34/50 epoch=2/3 loss=0.4739 l2=0.2000 label_smoothing=0.000
D step=34/50 epoch=3/3 loss=0.4553 l2=0.2000 label_smoothing=0.000
D step=35/50 epoch=1/3 loss=0.5121 l2=0.2000 label_smoothing=0.000
D step=35/50 epoch=2/3 loss=0.4776 l2=0.2000 label_smoothing=0.000
D step=35/50 epoch=3/3 loss=0.4731 l2=0.2000 label_smoothing=0.000
D step=36/50 epoch=1/3 loss=0.5653 l2=0.2000 label_smoothing=0.000
D step=36/50 epoch=2/3 loss=0.5105 l2=0.2000 label_smoothing=0.000
D step=36/50 epoch=3/3 loss=0.5200 l2=0.2000 label_smoothing=0.000
D step=37/50 epoch=1/3 loss=0.5130 l2=0.2000 label_smoothing=0.000
D step=37/50 epoch=2/3 loss=0.4911 l2=0.2000 label_smoothing=0.000
D step=37/50 epoch=3/3 loss=0.4583 l2=0.2000 label_smoothing=0.000
D step=38/50 epoch=1/3 loss=0.5123 l2=0.2000 label_smoothing=0.000
D step=38/50 epoch=2/3 loss=0.5038 l2=0.2000 label_smoothing=0.000
D step=38/50 epoch=3/3 loss=0.4795 l2=0.2000 label_smoothing=0.000
D step=39/50 epoch=1/3 loss=0.5109 l2=0.2000 label_smoothing=0.000
D step=39/50 epoch=2/3 loss=0.5034 l2=0.2000 label_smoothing=0.000
D step=39/50 epoch=3/3 loss=0.4816 l2=0.2000 label_smoothing=0.000
D step=40/50 epoch=1/3 loss=0.5004 l2=0.2000 label_smoothing=0.000
D step=40/50 epoch=2/3 loss=0.4629 l2=0.2000 label_smoothing=0.000
D step=40/50 epoch=3/3 loss=0.4521 l2=0.2000 label_smoothing=0.000
D step=41/50 epoch=1/3 loss=0.5111 l2=0.2000 label_smoothing=0.000
D step=41/50 epoch=2/3 loss=0.4993 l2=0.2000 label_smoothing=0.000
D step=41/50 epoch=3/3 loss=0.4863 l2=0.2000 label_smoothing=0.000
D step=42/50 epoch=1/3 loss=0.4566 l2=0.2000 label_smoothing=0.000
D step=42/50 epoch=2/3 loss=0.4192 l2=0.2000 label_smoothing=0.000
D step=42/50 epoch=3/3 loss=0.4086 l2=0.2000 label_smoothing=0.000
D step=43/50 epoch=1/3 loss=0.5640 l2=0.2000 label_smoothing=0.000
D step=43/50 epoch=2/3 loss=0.5366 l2=0.2000 label_smoothing=0.000
D step=43/50 epoch=3/3 loss=0.5123 l2=0.2000 label_smoothing=0.000
D step=44/50 epoch=1/3 loss=0.5248 l2=0.2000 label_smoothing=0.000
D step=44/50 epoch=2/3 loss=0.5092 l2=0.2000 label_smoothing=0.000
D step=44/50 epoch=3/3 loss=0.4902 l2=0.2000 label_smoothing=0.000
D step=45/50 epoch=1/3 loss=0.4909 l2=0.2000 label_smoothing=0.000
D step=45/50 epoch=2/3 loss=0.4874 l2=0.2000 label_smoothing=0.000
D step=45/50 epoch=3/3 loss=0.4596 l2=0.2000 label_smoothing=0.000
D step=46/50 epoch=1/3 loss=0.5090 l2=0.2000 label_smoothing=0.000
D step=46/50 epoch=2/3 loss=0.4761 l2=0.2000 label_smoothing=0.000
D step=46/50 epoch=3/3 loss=0.4484 l2=0.2000 label_smoothing=0.000
D step=47/50 epoch=1/3 loss=0.5345 l2=0.2000 label_smoothing=0.000
D step=47/50 epoch=2/3 loss=0.5027 l2=0.2000 label_smoothing=0.000
D step=47/50 epoch=3/3 loss=0.4822 l2=0.2000 label_smoothing=0.000
D step=48/50 epoch=1/3 loss=0.4714 l2=0.2000 label_smoothing=0.000
D step=48/50 epoch=2/3 loss=0.4622 l2=0.2000 label_smoothing=0.000
D step=48/50 epoch=3/3 loss=0.4213 l2=0.2000 label_smoothing=0.000
D step=49/50 epoch=1/3 loss=0.5321 l2=0.2000 label_smoothing=0.000
D step=49/50 epoch=2/3 loss=0.5350 l2=0.2000 label_smoothing=0.000
D step=49/50 epoch=3/3 loss=0.5068 l2=0.2000 label_smoothing=0.000
D step=50/50 epoch=1/3 loss=0.4897 l2=0.2000 label_smoothing=0.000
D step=50/50 epoch=2/3 loss=0.4685 l2=0.2000 label_smoothing=0.000
D step=50/50 epoch=3/3 loss=0.4720 l2=0.2000 label_smoothing=0.000

[3/3] adversarial
generator_reward_mode=off reward_alpha=1.000 d_steps=5 d_epochs=3
D step=1/5 epoch=1/3 loss=0.4856 l2=0.2000 label_smoothing=0.000
D step=1/5 epoch=2/3 loss=0.4147 l2=0.2000 label_smoothing=0.000
D step=1/5 epoch=3/3 loss=0.3918 l2=0.2000 label_smoothing=0.000
D step=2/5 epoch=1/3 loss=0.4622 l2=0.2000 label_smoothing=0.000
D step=2/5 epoch=2/3 loss=0.4535 l2=0.2000 label_smoothing=0.000
D step=2/5 epoch=3/3 loss=0.4373 l2=0.2000 label_smoothing=0.000
D step=3/5 epoch=1/3 loss=0.4089 l2=0.2000 label_smoothing=0.000
D step=3/5 epoch=2/3 loss=0.4007 l2=0.2000 label_smoothing=0.000
D step=3/5 epoch=3/3 loss=0.3939 l2=0.2000 label_smoothing=0.000
D step=4/5 epoch=1/3 loss=0.4778 l2=0.2000 label_smoothing=0.000
D step=4/5 epoch=2/3 loss=0.4464 l2=0.2000 label_smoothing=0.000
D step=4/5 epoch=3/3 loss=0.4361 l2=0.2000 label_smoothing=0.000
D step=5/5 epoch=1/3 loss=0.4424 l2=0.2000 label_smoothing=0.000
D step=5/5 epoch=2/3 loss=0.4305 l2=0.2000 label_smoothing=0.000
D step=5/5 epoch=3/3 loss=0.4273 l2=0.2000 label_smoothing=0.000
ADV epoch=1/200 g_loss=0.0644 d_loss=0.4339 reward=0.2691 reward_var=0.0398 unique=0.8600
D step=1/5 epoch=1/3 loss=0.4971 l2=0.2000 label_smoothing=0.000
D step=1/5 epoch=2/3 loss=0.4542 l2=0.2000 label_smoothing=0.000
D step=1/5 epoch=3/3 loss=0.4335 l2=0.2000 label_smoothing=0.000
D step=2/5 epoch=1/3 loss=0.4403 l2=0.2000 label_smoothing=0.000
D step=2/5 epoch=2/3 loss=0.4375 l2=0.2000 label_smoothing=0.000
D step=2/5 epoch=3/3 loss=0.4249 l2=0.2000 label_smoothing=0.000
D step=3/5 epoch=1/3 loss=0.4106 l2=0.2000 label_smoothing=0.000
D step=3/5 epoch=2/3 loss=0.3830 l2=0.2000 label_smoothing=0.000
D step=3/5 epoch=3/3 loss=0.3941 l2=0.2000 label_smoothing=0.000
D step=4/5 epoch=1/3 loss=0.4688 l2=0.2000 label_smoothing=0.000
D step=4/5 epoch=2/3 loss=0.4623 l2=0.2000 label_smoothing=0.000
D step=4/5 epoch=3/3 loss=0.4478 l2=0.2000 label_smoothing=0.000
D step=5/5 epoch=1/3 loss=0.4023 l2=0.2000 label_smoothing=0.000
D step=5/5 epoch=2/3 loss=0.3613 l2=0.2000 label_smoothing=0.000
D step=5/5 epoch=3/3 loss=0.3754 l2=0.2000 label_smoothing=0.000
ADV epoch=2/200 g_loss=0.0698 d_loss=0.4262 reward=0.2463 reward_var=0.0432 unique=0.8000
D step=1/5 epoch=1/3 loss=0.5488 l2=0.2000 label_smoothing=0.000
D step=1/5 epoch=2/3 loss=0.4906 l2=0.2000 label_smoothing=0.000
D step=1/5 epoch=3/3 loss=0.4534 l2=0.2000 label_smoothing=0.000
D step=2/5 epoch=1/3 loss=0.4621 l2=0.2000 label_smoothing=0.000
D step=2/5 epoch=2/3 loss=0.4442 l2=0.2000 label_smoothing=0.000
D step=2/5 epoch=3/3 loss=0.4422 l2=0.2000 label_smoothing=0.000
D step=3/5 epoch=1/3 loss=0.4959 l2=0.2000 label_smoothing=0.000
D step=3/5 epoch=2/3 loss=0.4626 l2=0.2000 label_smoothing=0.000
D step=3/5 epoch=3/3 loss=0.4766 l2=0.2000 label_smoothing=0.000
D step=4/5 epoch=1/3 loss=0.4499 l2=0.2000 label_smoothing=0.000
D step=4/5 epoch=2/3 loss=0.4273 l2=0.2000 label_smoothing=0.000
D step=4/5 epoch=3/3 loss=0.4210 l2=0.2000 label_smoothing=0.000
D step=5/5 epoch=1/3 loss=0.4822 l2=0.2000 label_smoothing=0.000
D step=5/5 epoch=2/3 loss=0.4564 l2=0.2000 label_smoothing=0.000
D step=5/5 epoch=3/3 loss=0.4675 l2=0.2000 label_smoothing=0.000
ADV epoch=3/200 g_loss=0.0752 d_loss=0.4654 reward=0.3192 reward_var=0.0599 unique=0.7600
D step=1/5 epoch=1/3 loss=0.4557 l2=0.2000 label_smoothing=0.000
D step=1/5 epoch=2/3 loss=0.4249 l2=0.2000 label_smoothing=0.000
D step=1/5 epoch=3/3 loss=0.4100 l2=0.2000 label_smoothing=0.000
D step=2/5 epoch=1/3 loss=0.5028 l2=0.2000 label_smoothing=0.000
D step=2/5 epoch=2/3 loss=0.4850 l2=0.2000 label_smoothing=0.000
D step=2/5 epoch=3/3 loss=0.4683 l2=0.2000 label_smoothing=0.000
D step=3/5 epoch=1/3 loss=0.4541 l2=0.2000 label_smoothing=0.000
D step=3/5 epoch=2/3 loss=0.4336 l2=0.2000 label_smoothing=0.000
D step=3/5 epoch=3/3 loss=0.4282 l2=0.2000 label_smoothing=0.000
D step=4/5 epoch=1/3 loss=0.5256 l2=0.2000 label_smoothing=0.000
D step=4/5 epoch=2/3 loss=0.4998 l2=0.2000 label_smoothing=0.000
D step=4/5 epoch=3/3 loss=0.4811 l2=0.2000 label_smoothing=0.000
D step=5/5 epoch=1/3 loss=0.4589 l2=0.2000 label_smoothing=0.000
D step=5/5 epoch=2/3 loss=0.4670 l2=0.2000 label_smoothing=0.000
D step=5/5 epoch=3/3 loss=0.4503 l2=0.2000 label_smoothing=0.000
ADV epoch=4/200 g_loss=0.0785 d_loss=0.4630 reward=0.3274 reward_var=0.0504 unique=0.7000
D step=1/5 epoch=1/3 loss=0.4562 l2=0.2000 label_smoothing=0.000
D step=1/5 epoch=2/3 loss=0.3861 l2=0.2000 label_smoothing=0.000
D step=1/5 epoch=3/3 loss=0.3846 l2=0.2000 label_smoothing=0.000
D step=2/5 epoch=1/3 loss=0.4682 l2=0.2000 label_smoothing=0.000
D step=2/5 epoch=2/3 loss=0.4480 l2=0.2000 label_smoothing=0.000
D step=2/5 epoch=3/3 loss=0.4442 l2=0.2000 label_smoothing=0.000
D step=3/5 epoch=1/3 loss=0.4334 l2=0.2000 label_smoothing=0.000
D step=3/5 epoch=2/3 loss=0.4293 l2=0.2000 label_smoothing=0.000
D step=3/5 epoch=3/3 loss=0.4112 l2=0.2000 label_smoothing=0.000
D step=4/5 epoch=1/3 loss=0.5155 l2=0.2000 label_smoothing=0.000
D step=4/5 epoch=2/3 loss=0.4841 l2=0.2000 label_smoothing=0.000
D step=4/5 epoch=3/3 loss=0.4544 l2=0.2000 label_smoothing=0.000
D step=5/5 epoch=1/3 loss=0.4190 l2=0.2000 label_smoothing=0.000
D step=5/5 epoch=2/3 loss=0.4240 l2=0.2000 label_smoothing=0.000
D step=5/5 epoch=3/3 loss=0.3886 l2=0.2000 label_smoothing=0.000
ADV epoch=5/200 g_loss=0.0553 d_loss=0.4365 reward=0.2927 reward_var=0.0241 unique=0.6200
D step=1/5 epoch=1/3 loss=0.4510 l2=0.2000 label_smoothing=0.000
D step=1/5 epoch=2/3 loss=0.4413 l2=0.2000 label_smoothing=0.000
D step=1/5 epoch=3/3 loss=0.3861 l2=0.2000 label_smoothing=0.000
D step=2/5 epoch=1/3 loss=0.4250 l2=0.2000 label_smoothing=0.000
D step=2/5 epoch=2/3 loss=0.4079 l2=0.2000 label_smoothing=0.000
D step=2/5 epoch=3/3 loss=0.3915 l2=0.2000 label_smoothing=0.000
D step=3/5 epoch=1/3 loss=0.4670 l2=0.2000 label_smoothing=0.000
D step=3/5 epoch=2/3 loss=0.4493 l2=0.2000 label_smoothing=0.000
D step=3/5 epoch=3/3 loss=0.4447 l2=0.2000 label_smoothing=0.000
D step=4/5 epoch=1/3 loss=0.4826 l2=0.2000 label_smoothing=0.000
D step=4/5 epoch=2/3 loss=0.4573 l2=0.2000 label_smoothing=0.000
D step=4/5 epoch=3/3 loss=0.4552 l2=0.2000 label_smoothing=0.000
D step=5/5 epoch=1/3 loss=0.4114 l2=0.2000 label_smoothing=0.000
D step=5/5 epoch=2/3 loss=0.3937 l2=0.2000 label_smoothing=0.000
D step=5/5 epoch=3/3 loss=0.3767 l2=0.2000 label_smoothing=0.000
ADV epoch=6/200 g_loss=0.0676 d_loss=0.4294 reward=0.3097 reward_var=0.0391 unique=0.6000
D step=1/5 epoch=1/3 loss=0.5132 l2=0.2000 label_smoothing=0.000
D step=1/5 epoch=2/3 loss=0.4872 l2=0.2000 label_smoothing=0.000
D step=1/5 epoch=3/3 loss=0.4731 l2=0.2000 label_smoothing=0.000
D step=2/5 epoch=1/3 loss=0.4393 l2=0.2000 label_smoothing=0.000
D step=2/5 epoch=2/3 loss=0.4224 l2=0.2000 label_smoothing=0.000
D step=2/5 epoch=3/3 loss=0.4045 l2=0.2000 label_smoothing=0.000
D step=3/5 epoch=1/3 loss=0.4368 l2=0.2000 label_smoothing=0.000
D step=3/5 epoch=2/3 loss=0.4136 l2=0.2000 label_smoothing=0.000
D step=3/5 epoch=3/3 loss=0.3848 l2=0.2000 label_smoothing=0.000
D step=4/5 epoch=1/3 loss=0.4503 l2=0.2000 label_smoothing=0.000
D step=4/5 epoch=2/3 loss=0.4242 l2=0.2000 label_smoothing=0.000
D step=4/5 epoch=3/3 loss=0.4129 l2=0.2000 label_smoothing=0.000
D step=5/5 epoch=1/3 loss=0.4120 l2=0.2000 label_smoothing=0.000
D step=5/5 epoch=2/3 loss=0.4045 l2=0.2000 label_smoothing=0.000
D step=5/5 epoch=3/3 loss=0.4002 l2=0.2000 label_smoothing=0.000
ADV epoch=7/200 g_loss=0.0467 d_loss=0.4319 reward=0.2700 reward_var=0.0270 unique=0.5600
D step=1/5 epoch=1/3 loss=0.4651 l2=0.2000 label_smoothing=0.000
D step=1/5 epoch=2/3 loss=0.3976 l2=0.2000 label_smoothing=0.000
D step=1/5 epoch=3/3 loss=0.3891 l2=0.2000 label_smoothing=0.000
D step=2/5 epoch=1/3 loss=0.4023 l2=0.2000 label_smoothing=0.000
D step=2/5 epoch=2/3 loss=0.4153 l2=0.2000 label_smoothing=0.000
D step=2/5 epoch=3/3 loss=0.3755 l2=0.2000 label_smoothing=0.000
D step=3/5 epoch=1/3 loss=0.4096 l2=0.2000 label_smoothing=0.000
D step=3/5 epoch=2/3 loss=0.4077 l2=0.2000 label_smoothing=0.000
D step=3/5 epoch=3/3 loss=0.3958 l2=0.2000 label_smoothing=0.000
D step=4/5 epoch=1/3 loss=0.4238 l2=0.2000 label_smoothing=0.000
D step=4/5 epoch=2/3 loss=0.3963 l2=0.2000 label_smoothing=0.000
D step=4/5 epoch=3/3 loss=0.3983 l2=0.2000 label_smoothing=0.000
D step=5/5 epoch=1/3 loss=0.4539 l2=0.2000 label_smoothing=0.000
D step=5/5 epoch=2/3 loss=0.4169 l2=0.2000 label_smoothing=0.000
D step=5/5 epoch=3/3 loss=0.4124 l2=0.2000 label_smoothing=0.000
ADV epoch=8/200 g_loss=0.0624 d_loss=0.4107 reward=0.2886 reward_var=0.0440 unique=0.6200
D step=1/5 epoch=1/3 loss=0.4927 l2=0.2000 label_smoothing=0.000
D step=1/5 epoch=2/3 loss=0.4772 l2=0.2000 label_smoothing=0.000
D step=1/5 epoch=3/3 loss=0.4496 l2=0.2000 label_smoothing=0.000
D step=2/5 epoch=1/3 loss=0.4329 l2=0.2000 label_smoothing=0.000
D step=2/5 epoch=2/3 loss=0.4231 l2=0.2000 label_smoothing=0.000
D step=2/5 epoch=3/3 loss=0.3926 l2=0.2000 label_smoothing=0.000
D step=3/5 epoch=1/3 loss=0.4618 l2=0.2000 label_smoothing=0.000
D step=3/5 epoch=2/3 loss=0.4473 l2=0.2000 label_smoothing=0.000
D step=3/5 epoch=3/3 loss=0.4232 l2=0.2000 label_smoothing=0.000
D step=4/5 epoch=1/3 loss=0.3783 l2=0.2000 label_smoothing=0.000
D step=4/5 epoch=2/3 loss=0.3893 l2=0.2000 label_smoothing=0.000
D step=4/5 epoch=3/3 loss=0.3779 l2=0.2000 label_smoothing=0.000
D step=5/5 epoch=1/3 loss=0.3881 l2=0.2000 label_smoothing=0.000
D step=5/5 epoch=2/3 loss=0.3866 l2=0.2000 label_smoothing=0.000
D step=5/5 epoch=3/3 loss=0.3742 l2=0.2000 label_smoothing=0.000
ADV epoch=9/200 g_loss=0.0523 d_loss=0.4197 reward=0.2642 reward_var=0.0382 unique=0.6000
D step=1/5 epoch=1/3 loss=0.4497 l2=0.2000 label_smoothing=0.000
D step=1/5 epoch=2/3 loss=0.4194 l2=0.2000 label_smoothing=0.000
D step=1/5 epoch=3/3 loss=0.3997 l2=0.2000 label_smoothing=0.000
D step=2/5 epoch=1/3 loss=0.4313 l2=0.2000 label_smoothing=0.000
D step=2/5 epoch=2/3 loss=0.3944 l2=0.2000 label_smoothing=0.000
D step=2/5 epoch=3/3 loss=0.3967 l2=0.2000 label_smoothing=0.000
D step=3/5 epoch=1/3 loss=0.4070 l2=0.2000 label_smoothing=0.000
D step=3/5 epoch=2/3 loss=0.3837 l2=0.2000 label_smoothing=0.000
D step=3/5 epoch=3/3 loss=0.3767 l2=0.2000 label_smoothing=0.000
D step=4/5 epoch=1/3 loss=0.4392 l2=0.2000 label_smoothing=0.000
D step=4/5 epoch=2/3 loss=0.4294 l2=0.2000 label_smoothing=0.000
D step=4/5 epoch=3/3 loss=0.4034 l2=0.2000 label_smoothing=0.000
D step=5/5 epoch=1/3 loss=0.4367 l2=0.2000 label_smoothing=0.000
D step=5/5 epoch=2/3 loss=0.4149 l2=0.2000 label_smoothing=0.000
D step=5/5 epoch=3/3 loss=0.4092 l2=0.2000 label_smoothing=0.000
ADV epoch=10/200 g_loss=0.0576 d_loss=0.4128 reward=0.3296 reward_var=0.0445 unique=0.6000
D step=1/5 epoch=1/3 loss=0.4329 l2=0.2000 label_smoothing=0.000
D step=1/5 epoch=2/3 loss=0.4134 l2=0.2000 label_smoothing=0.000
D step=1/5 epoch=3/3 loss=0.3815 l2=0.2000 label_smoothing=0.000
D step=2/5 epoch=1/3 loss=0.4358 l2=0.2000 label_smoothing=0.000
D step=2/5 epoch=2/3 loss=0.4258 l2=0.2000 label_smoothing=0.000
D step=2/5 epoch=3/3 loss=0.4134 l2=0.2000 label_smoothing=0.000
D step=3/5 epoch=1/3 loss=0.4545 l2=0.2000 label_smoothing=0.000
D step=3/5 epoch=2/3 loss=0.4413 l2=0.2000 label_smoothing=0.000
D step=3/5 epoch=3/3 loss=0.4244 l2=0.2000 label_smoothing=0.000
D step=4/5 epoch=1/3 loss=0.4701 l2=0.2000 label_smoothing=0.000
D step=4/5 epoch=2/3 loss=0.4594 l2=0.2000 label_smoothing=0.000
D step=4/5 epoch=3/3 loss=0.4306 l2=0.2000 label_smoothing=0.000
D step=5/5 epoch=1/3 loss=0.4178 l2=0.2000 label_smoothing=0.000
D step=5/5 epoch=2/3 loss=0.3959 l2=0.2000 label_smoothing=0.000
D step=5/5 epoch=3/3 loss=0.3825 l2=0.2000 label_smoothing=0.000
ADV epoch=11/200 g_loss=0.0620 d_loss=0.4253 reward=0.2931 reward_var=0.0426 unique=0.6200
D step=1/5 epoch=1/3 loss=0.4206 l2=0.2000 label_smoothing=0.000
D step=1/5 epoch=2/3 loss=0.3827 l2=0.2000 label_smoothing=0.000
D step=1/5 epoch=3/3 loss=0.3707 l2=0.2000 label_smoothing=0.000
D step=2/5 epoch=1/3 loss=0.4226 l2=0.2000 label_smoothing=0.000
D step=2/5 epoch=2/3 loss=0.4078 l2=0.2000 label_smoothing=0.000
D step=2/5 epoch=3/3 loss=0.3978 l2=0.2000 label_smoothing=0.000
D step=3/5 epoch=1/3 loss=0.4675 l2=0.2000 label_smoothing=0.000
D step=3/5 epoch=2/3 loss=0.4469 l2=0.2000 label_smoothing=0.000
D step=3/5 epoch=3/3 loss=0.4232 l2=0.2000 label_smoothing=0.000
D step=4/5 epoch=1/3 loss=0.4684 l2=0.2000 label_smoothing=0.000
D step=4/5 epoch=2/3 loss=0.4579 l2=0.2000 label_smoothing=0.000
D step=4/5 epoch=3/3 loss=0.4549 l2=0.2000 label_smoothing=0.000
D step=5/5 epoch=1/3 loss=0.4508 l2=0.2000 label_smoothing=0.000
D step=5/5 epoch=2/3 loss=0.4458 l2=0.2000 label_smoothing=0.000
D step=5/5 epoch=3/3 loss=0.4286 l2=0.2000 label_smoothing=0.000
ADV epoch=12/200 g_loss=0.0601 d_loss=0.4297 reward=0.3127 reward_var=0.0432 unique=0.7000
D step=1/5 epoch=1/3 loss=0.4800 l2=0.2000 label_smoothing=0.000
D step=1/5 epoch=2/3 loss=0.4278 l2=0.2000 label_smoothing=0.000
D step=1/5 epoch=3/3 loss=0.4214 l2=0.2000 label_smoothing=0.000
D step=2/5 epoch=1/3 loss=0.4948 l2=0.2000 label_smoothing=0.000
D step=2/5 epoch=2/3 loss=0.4734 l2=0.2000 label_smoothing=0.000
D step=2/5 epoch=3/3 loss=0.4482 l2=0.2000 label_smoothing=0.000
D step=3/5 epoch=1/3 loss=0.4847 l2=0.2000 label_smoothing=0.000
D step=3/5 epoch=2/3 loss=0.4763 l2=0.2000 label_smoothing=0.000
D step=3/5 epoch=3/3 loss=0.4565 l2=0.2000 label_smoothing=0.000
D step=4/5 epoch=1/3 loss=0.4535 l2=0.2000 label_smoothing=0.000
D step=4/5 epoch=2/3 loss=0.4447 l2=0.2000 label_smoothing=0.000
D step=4/5 epoch=3/3 loss=0.4408 l2=0.2000 label_smoothing=0.000
D step=5/5 epoch=1/3 loss=0.4897 l2=0.2000 label_smoothing=0.000
D step=5/5 epoch=2/3 loss=0.4756 l2=0.2000 label_smoothing=0.000
D step=5/5 epoch=3/3 loss=0.4681 l2=0.2000 label_smoothing=0.000
ADV epoch=13/200 g_loss=0.0553 d_loss=0.4624 reward=0.3115 reward_var=0.0420 unique=0.6600
D step=1/5 epoch=1/3 loss=0.4801 l2=0.2000 label_smoothing=0.000
D step=1/5 epoch=2/3 loss=0.4657 l2=0.2000 label_smoothing=0.000
D step=1/5 epoch=3/3 loss=0.4551 l2=0.2000 label_smoothing=0.000
D step=2/5 epoch=1/3 loss=0.4690 l2=0.2000 label_smoothing=0.000
D step=2/5 epoch=2/3 loss=0.4560 l2=0.2000 label_smoothing=0.000
D step=2/5 epoch=3/3 loss=0.4391 l2=0.2000 label_smoothing=0.000
D step=3/5 epoch=1/3 loss=0.4594 l2=0.2000 label_smoothing=0.000
D step=3/5 epoch=2/3 loss=0.4424 l2=0.2000 label_smoothing=0.000
D step=3/5 epoch=3/3 loss=0.4250 l2=0.2000 label_smoothing=0.000
D step=4/5 epoch=1/3 loss=0.4180 l2=0.2000 label_smoothing=0.000
D step=4/5 epoch=2/3 loss=0.4066 l2=0.2000 label_smoothing=0.000
D step=4/5 epoch=3/3 loss=0.3976 l2=0.2000 label_smoothing=0.000
D step=5/5 epoch=1/3 loss=0.4502 l2=0.2000 label_smoothing=0.000
D step=5/5 epoch=2/3 loss=0.4401 l2=0.2000 label_smoothing=0.000
D step=5/5 epoch=3/3 loss=0.4303 l2=0.2000 label_smoothing=0.000
ADV epoch=14/200 g_loss=0.0603 d_loss=0.4423 reward=0.3098 reward_var=0.0368 unique=0.6600
D step=1/5 epoch=1/3 loss=0.5390 l2=0.2000 label_smoothing=0.000
D step=1/5 epoch=2/3 loss=0.5005 l2=0.2000 label_smoothing=0.000
D step=1/5 epoch=3/3 loss=0.4826 l2=0.2000 label_smoothing=0.000
D step=2/5 epoch=1/3 loss=0.5049 l2=0.2000 label_smoothing=0.000
D step=2/5 epoch=2/3 loss=0.4862 l2=0.2000 label_smoothing=0.000
D step=2/5 epoch=3/3 loss=0.4737 l2=0.2000 label_smoothing=0.000
D step=3/5 epoch=1/3 loss=0.4132 l2=0.2000 label_smoothing=0.000
D step=3/5 epoch=2/3 loss=0.3934 l2=0.2000 label_smoothing=0.000
D step=3/5 epoch=3/3 loss=0.3852 l2=0.2000 label_smoothing=0.000
D step=4/5 epoch=1/3 loss=0.5132 l2=0.2000 label_smoothing=0.000
D step=4/5 epoch=2/3 loss=0.5032 l2=0.2000 label_smoothing=0.000
D step=4/5 epoch=3/3 loss=0.4629 l2=0.2000 label_smoothing=0.000
D step=5/5 epoch=1/3 loss=0.4766 l2=0.2000 label_smoothing=0.000
D step=5/5 epoch=2/3 loss=0.4591 l2=0.2000 label_smoothing=0.000
D step=5/5 epoch=3/3 loss=0.4580 l2=0.2000 label_smoothing=0.000
ADV epoch=15/200 g_loss=0.0513 d_loss=0.4701 reward=0.2799 reward_var=0.0443 unique=0.5800
D step=1/5 epoch=1/3 loss=0.4953 l2=0.2000 label_smoothing=0.000
D step=1/5 epoch=2/3 loss=0.4221 l2=0.2000 label_smoothing=0.000
D step=1/5 epoch=3/3 loss=0.4199 l2=0.2000 label_smoothing=0.000
D step=2/5 epoch=1/3 loss=0.4879 l2=0.2000 label_smoothing=0.000
D step=2/5 epoch=2/3 loss=0.4591 l2=0.2000 label_smoothing=0.000
D step=2/5 epoch=3/3 loss=0.4535 l2=0.2000 label_smoothing=0.000
D step=3/5 epoch=1/3 loss=0.4628 l2=0.2000 label_smoothing=0.000
D step=3/5 epoch=2/3 loss=0.4438 l2=0.2000 label_smoothing=0.000
D step=3/5 epoch=3/3 loss=0.4390 l2=0.2000 label_smoothing=0.000
D step=4/5 epoch=1/3 loss=0.4732 l2=0.2000 label_smoothing=0.000
D step=4/5 epoch=2/3 loss=0.4730 l2=0.2000 label_smoothing=0.000
D step=4/5 epoch=3/3 loss=0.4642 l2=0.2000 label_smoothing=0.000
D step=5/5 epoch=1/3 loss=0.4361 l2=0.2000 label_smoothing=0.000
D step=5/5 epoch=2/3 loss=0.4199 l2=0.2000 label_smoothing=0.000
D step=5/5 epoch=3/3 loss=0.4122 l2=0.2000 label_smoothing=0.000
ADV epoch=16/200 g_loss=0.0496 d_loss=0.4508 reward=0.3017 reward_var=0.0330 unique=0.5800
D step=1/5 epoch=1/3 loss=0.5216 l2=0.2000 label_smoothing=0.000
D step=1/5 epoch=2/3 loss=0.4793 l2=0.2000 label_smoothing=0.000
D step=1/5 epoch=3/3 loss=0.4669 l2=0.2000 label_smoothing=0.000
D step=2/5 epoch=1/3 loss=0.4967 l2=0.2000 label_smoothing=0.000
D step=2/5 epoch=2/3 loss=0.4762 l2=0.2000 label_smoothing=0.000
D step=2/5 epoch=3/3 loss=0.4677 l2=0.2000 label_smoothing=0.000
D step=3/5 epoch=1/3 loss=0.5039 l2=0.2000 label_smoothing=0.000
D step=3/5 epoch=2/3 loss=0.4866 l2=0.2000 label_smoothing=0.000
D step=3/5 epoch=3/3 loss=0.4782 l2=0.2000 label_smoothing=0.000
D step=4/5 epoch=1/3 loss=0.4999 l2=0.2000 label_smoothing=0.000
D step=4/5 epoch=2/3 loss=0.4844 l2=0.2000 label_smoothing=0.000
D step=4/5 epoch=3/3 loss=0.4703 l2=0.2000 label_smoothing=0.000
D step=5/5 epoch=1/3 loss=0.4695 l2=0.2000 label_smoothing=0.000
D step=5/5 epoch=2/3 loss=0.4588 l2=0.2000 label_smoothing=0.000
D step=5/5 epoch=3/3 loss=0.4551 l2=0.2000 label_smoothing=0.000
ADV epoch=17/200 g_loss=0.0597 d_loss=0.4810 reward=0.3205 reward_var=0.0340 unique=0.6400
D step=1/5 epoch=1/3 loss=0.4563 l2=0.2000 label_smoothing=0.000
D step=1/5 epoch=2/3 loss=0.4158 l2=0.2000 label_smoothing=0.000
D step=1/5 epoch=3/3 loss=0.3984 l2=0.2000 label_smoothing=0.000
D step=2/5 epoch=1/3 loss=0.4840 l2=0.2000 label_smoothing=0.000
D step=2/5 epoch=2/3 loss=0.4689 l2=0.2000 label_smoothing=0.000
D step=2/5 epoch=3/3 loss=0.4484 l2=0.2000 label_smoothing=0.000
D step=3/5 epoch=1/3 loss=0.4632 l2=0.2000 label_smoothing=0.000
D step=3/5 epoch=2/3 loss=0.4476 l2=0.2000 label_smoothing=0.000
D step=3/5 epoch=3/3 loss=0.4337 l2=0.2000 label_smoothing=0.000
D step=4/5 epoch=1/3 loss=0.4445 l2=0.2000 label_smoothing=0.000
D step=4/5 epoch=2/3 loss=0.4262 l2=0.2000 label_smoothing=0.000
D step=4/5 epoch=3/3 loss=0.4271 l2=0.2000 label_smoothing=0.000
D step=5/5 epoch=1/3 loss=0.4445 l2=0.2000 label_smoothing=0.000
D step=5/5 epoch=2/3 loss=0.4366 l2=0.2000 label_smoothing=0.000
D step=5/5 epoch=3/3 loss=0.4247 l2=0.2000 label_smoothing=0.000
ADV epoch=18/200 g_loss=0.0601 d_loss=0.4413 reward=0.2960 reward_var=0.0348 unique=0.6600
D step=1/5 epoch=1/3 loss=0.5488 l2=0.2000 label_smoothing=0.000
D step=1/5 epoch=2/3 loss=0.4843 l2=0.2000 label_smoothing=0.000
D step=1/5 epoch=3/3 loss=0.4860 l2=0.2000 label_smoothing=0.000
D step=2/5 epoch=1/3 loss=0.4403 l2=0.2000 label_smoothing=0.000
D step=2/5 epoch=2/3 loss=0.4369 l2=0.2000 label_smoothing=0.000
D step=2/5 epoch=3/3 loss=0.4169 l2=0.2000 label_smoothing=0.000
D step=3/5 epoch=1/3 loss=0.4865 l2=0.2000 label_smoothing=0.000
D step=3/5 epoch=2/3 loss=0.4689 l2=0.2000 label_smoothing=0.000
D step=3/5 epoch=3/3 loss=0.4432 l2=0.2000 label_smoothing=0.000
D step=4/5 epoch=1/3 loss=0.4803 l2=0.2000 label_smoothing=0.000
D step=4/5 epoch=2/3 loss=0.4640 l2=0.2000 label_smoothing=0.000
D step=4/5 epoch=3/3 loss=0.4533 l2=0.2000 label_smoothing=0.000
D step=5/5 epoch=1/3 loss=0.4856 l2=0.2000 label_smoothing=0.000
D step=5/5 epoch=2/3 loss=0.4843 l2=0.2000 label_smoothing=0.000
D step=5/5 epoch=3/3 loss=0.4627 l2=0.2000 label_smoothing=0.000
ADV epoch=19/200 g_loss=0.0617 d_loss=0.4695 reward=0.3319 reward_var=0.0410 unique=0.5000
D step=1/5 epoch=1/3 loss=0.4733 l2=0.2000 label_smoothing=0.000
D step=1/5 epoch=2/3 loss=0.4366 l2=0.2000 label_smoothing=0.000
D step=1/5 epoch=3/3 loss=0.4313 l2=0.2000 label_smoothing=0.000
D step=2/5 epoch=1/3 loss=0.4674 l2=0.2000 label_smoothing=0.000
D step=2/5 epoch=2/3 loss=0.4464 l2=0.2000 label_smoothing=0.000
D step=2/5 epoch=3/3 loss=0.4425 l2=0.2000 label_smoothing=0.000
D step=3/5 epoch=1/3 loss=0.4627 l2=0.2000 label_smoothing=0.000
D step=3/5 epoch=2/3 loss=0.4454 l2=0.2000 label_smoothing=0.000
D step=3/5 epoch=3/3 loss=0.4393 l2=0.2000 label_smoothing=0.000
D step=4/5 epoch=1/3 loss=0.4353 l2=0.2000 label_smoothing=0.000
D step=4/5 epoch=2/3 loss=0.4249 l2=0.2000 label_smoothing=0.000
D step=4/5 epoch=3/3 loss=0.4229 l2=0.2000 label_smoothing=0.000
D step=5/5 epoch=1/3 loss=0.4545 l2=0.2000 label_smoothing=0.000
D step=5/5 epoch=2/3 loss=0.4413 l2=0.2000 label_smoothing=0.000
D step=5/5 epoch=3/3 loss=0.4324 l2=0.2000 label_smoothing=0.000
ADV epoch=20/200 g_loss=0.0525 d_loss=0.4438 reward=0.2932 reward_var=0.0302 unique=0.6000
D step=1/5 epoch=1/3 loss=0.4793 l2=0.2000 label_smoothing=0.000
D step=1/5 epoch=2/3 loss=0.4427 l2=0.2000 label_smoothing=0.000
D step=1/5 epoch=3/3 loss=0.4264 l2=0.2000 label_smoothing=0.000
D step=2/5 epoch=1/3 loss=0.4537 l2=0.2000 label_smoothing=0.000
D step=2/5 epoch=2/3 loss=0.4483 l2=0.2000 label_smoothing=0.000
D step=2/5 epoch=3/3 loss=0.4388 l2=0.2000 label_smoothing=0.000
D step=3/5 epoch=1/3 loss=0.4528 l2=0.2000 label_smoothing=0.000
D step=3/5 epoch=2/3 loss=0.4505 l2=0.2000 label_smoothing=0.000
D step=3/5 epoch=3/3 loss=0.4333 l2=0.2000 label_smoothing=0.000
D step=4/5 epoch=1/3 loss=0.4479 l2=0.2000 label_smoothing=0.000
D step=4/5 epoch=2/3 loss=0.4110 l2=0.2000 label_smoothing=0.000
D step=4/5 epoch=3/3 loss=0.4132 l2=0.2000 label_smoothing=0.000
D step=5/5 epoch=1/3 loss=0.4588 l2=0.2000 label_smoothing=0.000
D step=5/5 epoch=2/3 loss=0.4447 l2=0.2000 label_smoothing=0.000
D step=5/5 epoch=3/3 loss=0.4339 l2=0.2000 label_smoothing=0.000
ADV epoch=21/200 g_loss=0.0477 d_loss=0.4423 reward=0.3038 reward_var=0.0206 unique=0.4800
D step=1/5 epoch=1/3 loss=0.4347 l2=0.2000 label_smoothing=0.000
D step=1/5 epoch=2/3 loss=0.4160 l2=0.2000 label_smoothing=0.000
D step=1/5 epoch=3/3 loss=0.3997 l2=0.2000 label_smoothing=0.000
D step=2/5 epoch=1/3 loss=0.4656 l2=0.2000 label_smoothing=0.000
D step=2/5 epoch=2/3 loss=0.4553 l2=0.2000 label_smoothing=0.000
D step=2/5 epoch=3/3 loss=0.4386 l2=0.2000 label_smoothing=0.000
D step=3/5 epoch=1/3 loss=0.4601 l2=0.2000 label_smoothing=0.000
D step=3/5 epoch=2/3 loss=0.4485 l2=0.2000 label_smoothing=0.000
D step=3/5 epoch=3/3 loss=0.4289 l2=0.2000 label_smoothing=0.000
D step=4/5 epoch=1/3 loss=0.4477 l2=0.2000 label_smoothing=0.000
D step=4/5 epoch=2/3 loss=0.4252 l2=0.2000 label_smoothing=0.000
D step=4/5 epoch=3/3 loss=0.4162 l2=0.2000 label_smoothing=0.000
D step=5/5 epoch=1/3 loss=0.4776 l2=0.2000 label_smoothing=0.000
D step=5/5 epoch=2/3 loss=0.4665 l2=0.2000 label_smoothing=0.000
D step=5/5 epoch=3/3 loss=0.4448 l2=0.2000 label_smoothing=0.000
ADV epoch=22/200 g_loss=0.0484 d_loss=0.4417 reward=0.3020 reward_var=0.0196 unique=0.4000
D step=1/5 epoch=1/3 loss=0.4706 l2=0.2000 label_smoothing=0.000
D step=1/5 epoch=2/3 loss=0.4443 l2=0.2000 label_smoothing=0.000
D step=1/5 epoch=3/3 loss=0.4311 l2=0.2000 label_smoothing=0.000
D step=2/5 epoch=1/3 loss=0.4550 l2=0.2000 label_smoothing=0.000
D step=2/5 epoch=2/3 loss=0.4471 l2=0.2000 label_smoothing=0.000
D step=2/5 epoch=3/3 loss=0.4395 l2=0.2000 label_smoothing=0.000
D step=3/5 epoch=1/3 loss=0.4575 l2=0.2000 label_smoothing=0.000
D step=3/5 epoch=2/3 loss=0.4284 l2=0.2000 label_smoothing=0.000
D step=3/5 epoch=3/3 loss=0.4235 l2=0.2000 label_smoothing=0.000
D step=4/5 epoch=1/3 loss=0.4424 l2=0.2000 label_smoothing=0.000
D step=4/5 epoch=2/3 loss=0.4273 l2=0.2000 label_smoothing=0.000
D step=4/5 epoch=3/3 loss=0.4164 l2=0.2000 label_smoothing=0.000
D step=5/5 epoch=1/3 loss=0.4398 l2=0.2000 label_smoothing=0.000
D step=5/5 epoch=2/3 loss=0.4279 l2=0.2000 label_smoothing=0.000
D step=5/5 epoch=3/3 loss=0.4233 l2=0.2000 label_smoothing=0.000
ADV epoch=23/200 g_loss=0.0507 d_loss=0.4383 reward=0.3210 reward_var=0.0308 unique=0.5200
D step=1/5 epoch=1/3 loss=0.4551 l2=0.2000 label_smoothing=0.000
D step=1/5 epoch=2/3 loss=0.4366 l2=0.2000 label_smoothing=0.000
D step=1/5 epoch=3/3 loss=0.4259 l2=0.2000 label_smoothing=0.000
D step=2/5 epoch=1/3 loss=0.4716 l2=0.2000 label_smoothing=0.000
D step=2/5 epoch=2/3 loss=0.4514 l2=0.2000 label_smoothing=0.000
D step=2/5 epoch=3/3 loss=0.4410 l2=0.2000 label_smoothing=0.000
D step=3/5 epoch=1/3 loss=0.4298 l2=0.2000 label_smoothing=0.000
D step=3/5 epoch=2/3 loss=0.4361 l2=0.2000 label_smoothing=0.000
D step=3/5 epoch=3/3 loss=0.4271 l2=0.2000 label_smoothing=0.000
D step=4/5 epoch=1/3 loss=0.4781 l2=0.2000 label_smoothing=0.000
D step=4/5 epoch=2/3 loss=0.4612 l2=0.2000 label_smoothing=0.000
D step=4/5 epoch=3/3 loss=0.4508 l2=0.2000 label_smoothing=0.000
D step=5/5 epoch=1/3 loss=0.4446 l2=0.2000 label_smoothing=0.000
D step=5/5 epoch=2/3 loss=0.4446 l2=0.2000 label_smoothing=0.000
D step=5/5 epoch=3/3 loss=0.4292 l2=0.2000 label_smoothing=0.000
ADV epoch=24/200 g_loss=0.0518 d_loss=0.4455 reward=0.2879 reward_var=0.0308 unique=0.5200
D step=1/5 epoch=1/3 loss=0.4572 l2=0.2000 label_smoothing=0.000
D step=1/5 epoch=2/3 loss=0.4365 l2=0.2000 label_smoothing=0.000
D step=1/5 epoch=3/3 loss=0.4219 l2=0.2000 label_smoothing=0.000
D step=2/5 epoch=1/3 loss=0.4530 l2=0.2000 label_smoothing=0.000
D step=2/5 epoch=2/3 loss=0.4367 l2=0.2000 label_smoothing=0.000
D step=2/5 epoch=3/3 loss=0.4364 l2=0.2000 label_smoothing=0.000
D step=3/5 epoch=1/3 loss=0.4687 l2=0.2000 label_smoothing=0.000
D step=3/5 epoch=2/3 loss=0.4535 l2=0.2000 label_smoothing=0.000
D step=3/5 epoch=3/3 loss=0.4449 l2=0.2000 label_smoothing=0.000
D step=4/5 epoch=1/3 loss=0.4285 l2=0.2000 label_smoothing=0.000
D step=4/5 epoch=2/3 loss=0.4212 l2=0.2000 label_smoothing=0.000
D step=4/5 epoch=3/3 loss=0.4158 l2=0.2000 label_smoothing=0.000
D step=5/5 epoch=1/3 loss=0.4914 l2=0.2000 label_smoothing=0.000
D step=5/5 epoch=2/3 loss=0.4785 l2=0.2000 label_smoothing=0.000
D step=5/5 epoch=3/3 loss=0.4754 l2=0.2000 label_smoothing=0.000
ADV epoch=25/200 g_loss=0.0491 d_loss=0.4480 reward=0.3417 reward_var=0.0286 unique=0.4200
D step=1/5 epoch=1/3 loss=0.4591 l2=0.2000 label_smoothing=0.000
D step=1/5 epoch=2/3 loss=0.4155 l2=0.2000 label_smoothing=0.000
D step=1/5 epoch=3/3 loss=0.4122 l2=0.2000 label_smoothing=0.000
D step=2/5 epoch=1/3 loss=0.5275 l2=0.2000 label_smoothing=0.000
D step=2/5 epoch=2/3 loss=0.4851 l2=0.2000 label_smoothing=0.000
D step=2/5 epoch=3/3 loss=0.4557 l2=0.2000 label_smoothing=0.000
D step=3/5 epoch=1/3 loss=0.4818 l2=0.2000 label_smoothing=0.000
D step=3/5 epoch=2/3 loss=0.4819 l2=0.2000 label_smoothing=0.000
D step=3/5 epoch=3/3 loss=0.4605 l2=0.2000 label_smoothing=0.000
D step=4/5 epoch=1/3 loss=0.4818 l2=0.2000 label_smoothing=0.000
D step=4/5 epoch=2/3 loss=0.4703 l2=0.2000 label_smoothing=0.000
D step=4/5 epoch=3/3 loss=0.4601 l2=0.2000 label_smoothing=0.000
D step=5/5 epoch=1/3 loss=0.4677 l2=0.2000 label_smoothing=0.000
D step=5/5 epoch=2/3 loss=0.4510 l2=0.2000 label_smoothing=0.000
D step=5/5 epoch=3/3 loss=0.4447 l2=0.2000 label_smoothing=0.000
ADV epoch=26/200 g_loss=0.0452 d_loss=0.4636 reward=0.3211 reward_var=0.0196 unique=0.4200
D step=1/5 epoch=1/3 loss=0.4974 l2=0.2000 label_smoothing=0.000
D step=1/5 epoch=2/3 loss=0.4706 l2=0.2000 label_smoothing=0.000
D step=1/5 epoch=3/3 loss=0.4497 l2=0.2000 label_smoothing=0.000
D step=2/5 epoch=1/3 loss=0.4741 l2=0.2000 label_smoothing=0.000
D step=2/5 epoch=2/3 loss=0.4667 l2=0.2000 label_smoothing=0.000
D step=2/5 epoch=3/3 loss=0.4567 l2=0.2000 label_smoothing=0.000
D step=3/5 epoch=1/3 loss=0.4965 l2=0.2000 label_smoothing=0.000
D step=3/5 epoch=2/3 loss=0.4798 l2=0.2000 label_smoothing=0.000
D step=3/5 epoch=3/3 loss=0.4700 l2=0.2000 label_smoothing=0.000
D step=4/5 epoch=1/3 loss=0.4921 l2=0.2000 label_smoothing=0.000
D step=4/5 epoch=2/3 loss=0.4770 l2=0.2000 label_smoothing=0.000
D step=4/5 epoch=3/3 loss=0.4663 l2=0.2000 label_smoothing=0.000
D step=5/5 epoch=1/3 loss=0.4367 l2=0.2000 label_smoothing=0.000
D step=5/5 epoch=2/3 loss=0.4295 l2=0.2000 label_smoothing=0.000
D step=5/5 epoch=3/3 loss=0.4198 l2=0.2000 label_smoothing=0.000
ADV epoch=27/200 g_loss=0.0455 d_loss=0.4655 reward=0.2779 reward_var=0.0207 unique=0.4200
D step=1/5 epoch=1/3 loss=0.4888 l2=0.2000 label_smoothing=0.000
D step=1/5 epoch=2/3 loss=0.4603 l2=0.2000 label_smoothing=0.000
D step=1/5 epoch=3/3 loss=0.4615 l2=0.2000 label_smoothing=0.000
D step=2/5 epoch=1/3 loss=0.4739 l2=0.2000 label_smoothing=0.000
D step=2/5 epoch=2/3 loss=0.4744 l2=0.2000 label_smoothing=0.000
D step=2/5 epoch=3/3 loss=0.4578 l2=0.2000 label_smoothing=0.000
D step=3/5 epoch=1/3 loss=0.4849 l2=0.2000 label_smoothing=0.000
D step=3/5 epoch=2/3 loss=0.4662 l2=0.2000 label_smoothing=0.000
D step=3/5 epoch=3/3 loss=0.4611 l2=0.2000 label_smoothing=0.000
D step=4/5 epoch=1/3 loss=0.4573 l2=0.2000 label_smoothing=0.000
D step=4/5 epoch=2/3 loss=0.4477 l2=0.2000 label_smoothing=0.000
D step=4/5 epoch=3/3 loss=0.4512 l2=0.2000 label_smoothing=0.000
D step=5/5 epoch=1/3 loss=0.4899 l2=0.2000 label_smoothing=0.000
D step=5/5 epoch=2/3 loss=0.4788 l2=0.2000 label_smoothing=0.000
D step=5/5 epoch=3/3 loss=0.4608 l2=0.2000 label_smoothing=0.000
ADV epoch=28/200 g_loss=0.0519 d_loss=0.4676 reward=0.3270 reward_var=0.0250 unique=0.4000
D step=1/5 epoch=1/3 loss=0.4936 l2=0.2000 label_smoothing=0.000
D step=1/5 epoch=2/3 loss=0.4622 l2=0.2000 label_smoothing=0.000
D step=1/5 epoch=3/3 loss=0.4519 l2=0.2000 label_smoothing=0.000
D step=2/5 epoch=1/3 loss=0.5131 l2=0.2000 label_smoothing=0.000
D step=2/5 epoch=2/3 loss=0.4872 l2=0.2000 label_smoothing=0.000
D step=2/5 epoch=3/3 loss=0.4782 l2=0.2000 label_smoothing=0.000
D step=3/5 epoch=1/3 loss=0.5061 l2=0.2000 label_smoothing=0.000
D step=3/5 epoch=2/3 loss=0.4952 l2=0.2000 label_smoothing=0.000
D step=3/5 epoch=3/3 loss=0.4861 l2=0.2000 label_smoothing=0.000
D step=4/5 epoch=1/3 loss=0.4398 l2=0.2000 label_smoothing=0.000
D step=4/5 epoch=2/3 loss=0.4292 l2=0.2000 label_smoothing=0.000
D step=4/5 epoch=3/3 loss=0.4106 l2=0.2000 label_smoothing=0.000
D step=5/5 epoch=1/3 loss=0.5118 l2=0.2000 label_smoothing=0.000
D step=5/5 epoch=2/3 loss=0.4824 l2=0.2000 label_smoothing=0.000
D step=5/5 epoch=3/3 loss=0.4669 l2=0.2000 label_smoothing=0.000
ADV epoch=29/200 g_loss=0.0470 d_loss=0.4743 reward=0.3280 reward_var=0.0227 unique=0.4000
D step=1/5 epoch=1/3 loss=0.4698 l2=0.2000 label_smoothing=0.000
D step=1/5 epoch=2/3 loss=0.4416 l2=0.2000 label_smoothing=0.000
D step=1/5 epoch=3/3 loss=0.4304 l2=0.2000 label_smoothing=0.000
D step=2/5 epoch=1/3 loss=0.4624 l2=0.2000 label_smoothing=0.000
D step=2/5 epoch=2/3 loss=0.4588 l2=0.2000 label_smoothing=0.000
D step=2/5 epoch=3/3 loss=0.4486 l2=0.2000 label_smoothing=0.000
D step=3/5 epoch=1/3 loss=0.4586 l2=0.2000 label_smoothing=0.000
D step=3/5 epoch=2/3 loss=0.4567 l2=0.2000 label_smoothing=0.000
D step=3/5 epoch=3/3 loss=0.4549 l2=0.2000 label_smoothing=0.000
D step=4/5 epoch=1/3 loss=0.4838 l2=0.2000 label_smoothing=0.000
D step=4/5 epoch=2/3 loss=0.4753 l2=0.2000 label_smoothing=0.000
D step=4/5 epoch=3/3 loss=0.4726 l2=0.2000 label_smoothing=0.000
D step=5/5 epoch=1/3 loss=0.4436 l2=0.2000 label_smoothing=0.000
D step=5/5 epoch=2/3 loss=0.4411 l2=0.2000 label_smoothing=0.000
D step=5/5 epoch=3/3 loss=0.4397 l2=0.2000 label_smoothing=0.000
ADV epoch=30/200 g_loss=0.0481 d_loss=0.4559 reward=0.3696 reward_var=0.0213 unique=0.4600
D step=1/5 epoch=1/3 loss=0.5099 l2=0.2000 label_smoothing=0.000
D step=1/5 epoch=2/3 loss=0.4770 l2=0.2000 label_smoothing=0.000
D step=1/5 epoch=3/3 loss=0.4621 l2=0.2000 label_smoothing=0.000
D step=2/5 epoch=1/3 loss=0.5220 l2=0.2000 label_smoothing=0.000
D step=2/5 epoch=2/3 loss=0.5097 l2=0.2000 label_smoothing=0.000
D step=2/5 epoch=3/3 loss=0.4916 l2=0.2000 label_smoothing=0.000
D step=3/5 epoch=1/3 loss=0.5210 l2=0.2000 label_smoothing=0.000
D step=3/5 epoch=2/3 loss=0.5060 l2=0.2000 label_smoothing=0.000
D step=3/5 epoch=3/3 loss=0.4906 l2=0.2000 label_smoothing=0.000
D step=4/5 epoch=1/3 loss=0.4765 l2=0.2000 label_smoothing=0.000
D step=4/5 epoch=2/3 loss=0.4674 l2=0.2000 label_smoothing=0.000
D step=4/5 epoch=3/3 loss=0.4638 l2=0.2000 label_smoothing=0.000
D step=5/5 epoch=1/3 loss=0.4712 l2=0.2000 label_smoothing=0.000
D step=5/5 epoch=2/3 loss=0.4575 l2=0.2000 label_smoothing=0.000
D step=5/5 epoch=3/3 loss=0.4511 l2=0.2000 label_smoothing=0.000
ADV epoch=31/200 g_loss=0.0490 d_loss=0.4852 reward=0.3311 reward_var=0.0297 unique=0.3600
D step=1/5 epoch=1/3 loss=0.4904 l2=0.2000 label_smoothing=0.000
D step=1/5 epoch=2/3 loss=0.4606 l2=0.2000 label_smoothing=0.000
D step=1/5 epoch=3/3 loss=0.4476 l2=0.2000 label_smoothing=0.000
D step=2/5 epoch=1/3 loss=0.4859 l2=0.2000 label_smoothing=0.000
D step=2/5 epoch=2/3 loss=0.4689 l2=0.2000 label_smoothing=0.000
D step=2/5 epoch=3/3 loss=0.4539 l2=0.2000 label_smoothing=0.000
D step=3/5 epoch=1/3 loss=0.4985 l2=0.2000 label_smoothing=0.000
D step=3/5 epoch=2/3 loss=0.4884 l2=0.2000 label_smoothing=0.000
D step=3/5 epoch=3/3 loss=0.4736 l2=0.2000 label_smoothing=0.000
D step=4/5 epoch=1/3 loss=0.5055 l2=0.2000 label_smoothing=0.000
D step=4/5 epoch=2/3 loss=0.4856 l2=0.2000 label_smoothing=0.000
D step=4/5 epoch=3/3 loss=0.4861 l2=0.2000 label_smoothing=0.000
D step=5/5 epoch=1/3 loss=0.4816 l2=0.2000 label_smoothing=0.000
D step=5/5 epoch=2/3 loss=0.4762 l2=0.2000 label_smoothing=0.000
D step=5/5 epoch=3/3 loss=0.4633 l2=0.2000 label_smoothing=0.000
ADV epoch=32/200 g_loss=0.0472 d_loss=0.4777 reward=0.3262 reward_var=0.0236 unique=0.5200
D step=1/5 epoch=1/3 loss=0.5061 l2=0.2000 label_smoothing=0.000
D step=1/5 epoch=2/3 loss=0.4826 l2=0.2000 label_smoothing=0.000
D step=1/5 epoch=3/3 loss=0.4756 l2=0.2000 label_smoothing=0.000
D step=2/5 epoch=1/3 loss=0.5117 l2=0.2000 label_smoothing=0.000
D step=2/5 epoch=2/3 loss=0.4920 l2=0.2000 label_smoothing=0.000
D step=2/5 epoch=3/3 loss=0.4914 l2=0.2000 label_smoothing=0.000
D step=3/5 epoch=1/3 loss=0.4937 l2=0.2000 label_smoothing=0.000
D step=3/5 epoch=2/3 loss=0.4869 l2=0.2000 label_smoothing=0.000
D step=3/5 epoch=3/3 loss=0.4746 l2=0.2000 label_smoothing=0.000
D step=4/5 epoch=1/3 loss=0.4714 l2=0.2000 label_smoothing=0.000
D step=4/5 epoch=2/3 loss=0.4701 l2=0.2000 label_smoothing=0.000
D step=4/5 epoch=3/3 loss=0.4578 l2=0.2000 label_smoothing=0.000
D step=5/5 epoch=1/3 loss=0.4557 l2=0.2000 label_smoothing=0.000
D step=5/5 epoch=2/3 loss=0.4441 l2=0.2000 label_smoothing=0.000
D step=5/5 epoch=3/3 loss=0.4381 l2=0.2000 label_smoothing=0.000
ADV epoch=33/200 g_loss=0.0399 d_loss=0.4768 reward=0.3057 reward_var=0.0242 unique=0.4600
D step=1/5 epoch=1/3 loss=0.5224 l2=0.2000 label_smoothing=0.000
D step=1/5 epoch=2/3 loss=0.4966 l2=0.2000 label_smoothing=0.000
D step=1/5 epoch=3/3 loss=0.4968 l2=0.2000 label_smoothing=0.000
D step=2/5 epoch=1/3 loss=0.4675 l2=0.2000 label_smoothing=0.000
D step=2/5 epoch=2/3 loss=0.4666 l2=0.2000 label_smoothing=0.000
D step=2/5 epoch=3/3 loss=0.4576 l2=0.2000 label_smoothing=0.000
D step=3/5 epoch=1/3 loss=0.5372 l2=0.2000 label_smoothing=0.000
D step=3/5 epoch=2/3 loss=0.5119 l2=0.2000 label_smoothing=0.000
D step=3/5 epoch=3/3 loss=0.5005 l2=0.2000 label_smoothing=0.000
D step=4/5 epoch=1/3 loss=0.4925 l2=0.2000 label_smoothing=0.000
D step=4/5 epoch=2/3 loss=0.4772 l2=0.2000 label_smoothing=0.000
D step=4/5 epoch=3/3 loss=0.4725 l2=0.2000 label_smoothing=0.000
D step=5/5 epoch=1/3 loss=0.4910 l2=0.2000 label_smoothing=0.000
D step=5/5 epoch=2/3 loss=0.4811 l2=0.2000 label_smoothing=0.000
D step=5/5 epoch=3/3 loss=0.4770 l2=0.2000 label_smoothing=0.000
ADV epoch=34/200 g_loss=0.0489 d_loss=0.4899 reward=0.3088 reward_var=0.0310 unique=0.4400
D step=1/5 epoch=1/3 loss=0.4892 l2=0.2000 label_smoothing=0.000
D step=1/5 epoch=2/3 loss=0.4761 l2=0.2000 label_smoothing=0.000
D step=1/5 epoch=3/3 loss=0.4726 l2=0.2000 label_smoothing=0.000
D step=2/5 epoch=1/3 loss=0.4980 l2=0.2000 label_smoothing=0.000
D step=2/5 epoch=2/3 loss=0.4910 l2=0.2000 label_smoothing=0.000
D step=2/5 epoch=3/3 loss=0.4869 l2=0.2000 label_smoothing=0.000
D step=3/5 epoch=1/3 loss=0.4881 l2=0.2000 label_smoothing=0.000
D step=3/5 epoch=2/3 loss=0.4811 l2=0.2000 label_smoothing=0.000
D step=3/5 epoch=3/3 loss=0.4751 l2=0.2000 label_smoothing=0.000
D step=4/5 epoch=1/3 loss=0.4878 l2=0.2000 label_smoothing=0.000
D step=4/5 epoch=2/3 loss=0.4811 l2=0.2000 label_smoothing=0.000
D step=4/5 epoch=3/3 loss=0.4735 l2=0.2000 label_smoothing=0.000
D step=5/5 epoch=1/3 loss=0.5387 l2=0.2000 label_smoothing=0.000
D step=5/5 epoch=2/3 loss=0.5197 l2=0.2000 label_smoothing=0.000
D step=5/5 epoch=3/3 loss=0.4993 l2=0.2000 label_smoothing=0.000
ADV epoch=35/200 g_loss=0.0439 d_loss=0.4905 reward=0.2627 reward_var=0.0200 unique=0.5400
D step=1/5 epoch=1/3 loss=0.4818 l2=0.2000 label_smoothing=0.000
D step=1/5 epoch=2/3 loss=0.4589 l2=0.2000 label_smoothing=0.000
D step=1/5 epoch=3/3 loss=0.4452 l2=0.2000 label_smoothing=0.000
D step=2/5 epoch=1/3 loss=0.5209 l2=0.2000 label_smoothing=0.000
D step=2/5 epoch=2/3 loss=0.4875 l2=0.2000 label_smoothing=0.000
D step=2/5 epoch=3/3 loss=0.4790 l2=0.2000 label_smoothing=0.000
D step=3/5 epoch=1/3 loss=0.4785 l2=0.2000 label_smoothing=0.000
D step=3/5 epoch=2/3 loss=0.4730 l2=0.2000 label_smoothing=0.000
D step=3/5 epoch=3/3 loss=0.4668 l2=0.2000 label_smoothing=0.000
D step=4/5 epoch=1/3 loss=0.4579 l2=0.2000 label_smoothing=0.000
D step=4/5 epoch=2/3 loss=0.4555 l2=0.2000 label_smoothing=0.000
D step=4/5 epoch=3/3 loss=0.4467 l2=0.2000 label_smoothing=0.000
D step=5/5 epoch=1/3 loss=0.4795 l2=0.2000 label_smoothing=0.000
D step=5/5 epoch=2/3 loss=0.4787 l2=0.2000 label_smoothing=0.000
D step=5/5 epoch=3/3 loss=0.4770 l2=0.2000 label_smoothing=0.000
ADV epoch=36/200 g_loss=0.0552 d_loss=0.4725 reward=0.3639 reward_var=0.0179 unique=0.4600
D step=1/5 epoch=1/3 loss=0.5252 l2=0.2000 label_smoothing=0.000
D step=1/5 epoch=2/3 loss=0.4871 l2=0.2000 label_smoothing=0.000
D step=1/5 epoch=3/3 loss=0.4788 l2=0.2000 label_smoothing=0.000
D step=2/5 epoch=1/3 loss=0.4696 l2=0.2000 label_smoothing=0.000
D step=2/5 epoch=2/3 loss=0.4587 l2=0.2000 label_smoothing=0.000
D step=2/5 epoch=3/3 loss=0.4499 l2=0.2000 label_smoothing=0.000
D step=3/5 epoch=1/3 loss=0.5248 l2=0.2000 label_smoothing=0.000
D step=3/5 epoch=2/3 loss=0.5008 l2=0.2000 label_smoothing=0.000
D step=3/5 epoch=3/3 loss=0.4809 l2=0.2000 label_smoothing=0.000
D step=4/5 epoch=1/3 loss=0.4791 l2=0.2000 label_smoothing=0.000
D step=4/5 epoch=2/3 loss=0.4802 l2=0.2000 label_smoothing=0.000
D step=4/5 epoch=3/3 loss=0.4719 l2=0.2000 label_smoothing=0.000
D step=5/5 epoch=1/3 loss=0.4858 l2=0.2000 label_smoothing=0.000
D step=5/5 epoch=2/3 loss=0.4834 l2=0.2000 label_smoothing=0.000
D step=5/5 epoch=3/3 loss=0.4795 l2=0.2000 label_smoothing=0.000
ADV epoch=37/200 g_loss=0.0542 d_loss=0.4837 reward=0.3314 reward_var=0.0238 unique=0.4200
D step=1/5 epoch=1/3 loss=0.5013 l2=0.2000 label_smoothing=0.000
D step=1/5 epoch=2/3 loss=0.4738 l2=0.2000 label_smoothing=0.000
D step=1/5 epoch=3/3 loss=0.4683 l2=0.2000 label_smoothing=0.000
D step=2/5 epoch=1/3 loss=0.4832 l2=0.2000 label_smoothing=0.000
D step=2/5 epoch=2/3 loss=0.4805 l2=0.2000 label_smoothing=0.000
D step=2/5 epoch=3/3 loss=0.4661 l2=0.2000 label_smoothing=0.000
D step=3/5 epoch=1/3 loss=0.4431 l2=0.2000 label_smoothing=0.000
D step=3/5 epoch=2/3 loss=0.4290 l2=0.2000 label_smoothing=0.000
D step=3/5 epoch=3/3 loss=0.4106 l2=0.2000 label_smoothing=0.000
D step=4/5 epoch=1/3 loss=0.4784 l2=0.2000 label_smoothing=0.000
D step=4/5 epoch=2/3 loss=0.4673 l2=0.2000 label_smoothing=0.000
D step=4/5 epoch=3/3 loss=0.4545 l2=0.2000 label_smoothing=0.000
D step=5/5 epoch=1/3 loss=0.5068 l2=0.2000 label_smoothing=0.000
D step=5/5 epoch=2/3 loss=0.4827 l2=0.2000 label_smoothing=0.000
D step=5/5 epoch=3/3 loss=0.4695 l2=0.2000 label_smoothing=0.000
ADV epoch=38/200 g_loss=0.0502 d_loss=0.4677 reward=0.3432 reward_var=0.0189 unique=0.4200
D step=1/5 epoch=1/3 loss=0.4884 l2=0.2000 label_smoothing=0.000
D step=1/5 epoch=2/3 loss=0.4519 l2=0.2000 label_smoothing=0.000
D step=1/5 epoch=3/3 loss=0.4494 l2=0.2000 label_smoothing=0.000
D step=2/5 epoch=1/3 loss=0.4550 l2=0.2000 label_smoothing=0.000
D step=2/5 epoch=2/3 loss=0.4536 l2=0.2000 label_smoothing=0.000
D step=2/5 epoch=3/3 loss=0.4483 l2=0.2000 label_smoothing=0.000
D step=3/5 epoch=1/3 loss=0.4828 l2=0.2000 label_smoothing=0.000
D step=3/5 epoch=2/3 loss=0.4732 l2=0.2000 label_smoothing=0.000
D step=3/5 epoch=3/3 loss=0.4682 l2=0.2000 label_smoothing=0.000
D step=4/5 epoch=1/3 loss=0.5047 l2=0.2000 label_smoothing=0.000
D step=4/5 epoch=2/3 loss=0.4897 l2=0.2000 label_smoothing=0.000
D step=4/5 epoch=3/3 loss=0.4779 l2=0.2000 label_smoothing=0.000
D step=5/5 epoch=1/3 loss=0.4708 l2=0.2000 label_smoothing=0.000
D step=5/5 epoch=2/3 loss=0.4600 l2=0.2000 label_smoothing=0.000
D step=5/5 epoch=3/3 loss=0.4503 l2=0.2000 label_smoothing=0.000
ADV epoch=39/200 g_loss=0.0503 d_loss=0.4683 reward=0.3311 reward_var=0.0186 unique=0.5200
D step=1/5 epoch=1/3 loss=0.4892 l2=0.2000 label_smoothing=0.000
D step=1/5 epoch=2/3 loss=0.4508 l2=0.2000 label_smoothing=0.000
D step=1/5 epoch=3/3 loss=0.4450 l2=0.2000 label_smoothing=0.000
D step=2/5 epoch=1/3 loss=0.4856 l2=0.2000 label_smoothing=0.000
D step=2/5 epoch=2/3 loss=0.4700 l2=0.2000 label_smoothing=0.000
D step=2/5 epoch=3/3 loss=0.4643 l2=0.2000 label_smoothing=0.000
D step=3/5 epoch=1/3 loss=0.4722 l2=0.2000 label_smoothing=0.000
D step=3/5 epoch=2/3 loss=0.4650 l2=0.2000 label_smoothing=0.000
D step=3/5 epoch=3/3 loss=0.4567 l2=0.2000 label_smoothing=0.000
D step=4/5 epoch=1/3 loss=0.4802 l2=0.2000 label_smoothing=0.000
D step=4/5 epoch=2/3 loss=0.4754 l2=0.2000 label_smoothing=0.000
D step=4/5 epoch=3/3 loss=0.4672 l2=0.2000 label_smoothing=0.000
D step=5/5 epoch=1/3 loss=0.4687 l2=0.2000 label_smoothing=0.000
D step=5/5 epoch=2/3 loss=0.4694 l2=0.2000 label_smoothing=0.000
D step=5/5 epoch=3/3 loss=0.4580 l2=0.2000 label_smoothing=0.000
ADV epoch=40/200 g_loss=0.0526 d_loss=0.4678 reward=0.3345 reward_var=0.0290 unique=0.4600
D step=1/5 epoch=1/3 loss=0.4874 l2=0.2000 label_smoothing=0.000
D step=1/5 epoch=2/3 loss=0.4709 l2=0.2000 label_smoothing=0.000
D step=1/5 epoch=3/3 loss=0.4612 l2=0.2000 label_smoothing=0.000
D step=2/5 epoch=1/3 loss=0.4802 l2=0.2000 label_smoothing=0.000
D step=2/5 epoch=2/3 loss=0.4729 l2=0.2000 label_smoothing=0.000
D step=2/5 epoch=3/3 loss=0.4685 l2=0.2000 label_smoothing=0.000
D step=3/5 epoch=1/3 loss=0.4952 l2=0.2000 label_smoothing=0.000
D step=3/5 epoch=2/3 loss=0.4773 l2=0.2000 label_smoothing=0.000
D step=3/5 epoch=3/3 loss=0.4705 l2=0.2000 label_smoothing=0.000
D step=4/5 epoch=1/3 loss=0.4963 l2=0.2000 label_smoothing=0.000
D step=4/5 epoch=2/3 loss=0.4869 l2=0.2000 label_smoothing=0.000
D step=4/5 epoch=3/3 loss=0.4848 l2=0.2000 label_smoothing=0.000
D step=5/5 epoch=1/3 loss=0.4954 l2=0.2000 label_smoothing=0.000
D step=5/5 epoch=2/3 loss=0.4871 l2=0.2000 label_smoothing=0.000
D step=5/5 epoch=3/3 loss=0.4802 l2=0.2000 label_smoothing=0.000
ADV epoch=41/200 g_loss=0.0475 d_loss=0.4810 reward=0.3159 reward_var=0.0240 unique=0.6000
D step=1/5 epoch=1/3 loss=0.4858 l2=0.2000 label_smoothing=0.000
D step=1/5 epoch=2/3 loss=0.4604 l2=0.2000 label_smoothing=0.000
D step=1/5 epoch=3/3 loss=0.4452 l2=0.2000 label_smoothing=0.000
D step=2/5 epoch=1/3 loss=0.5254 l2=0.2000 label_smoothing=0.000
D step=2/5 epoch=2/3 loss=0.5117 l2=0.2000 label_smoothing=0.000
D step=2/5 epoch=3/3 loss=0.4856 l2=0.2000 label_smoothing=0.000
D step=3/5 epoch=1/3 loss=0.5012 l2=0.2000 label_smoothing=0.000
D step=3/5 epoch=2/3 loss=0.4937 l2=0.2000 label_smoothing=0.000
D step=3/5 epoch=3/3 loss=0.4783 l2=0.2000 label_smoothing=0.000
D step=4/5 epoch=1/3 loss=0.4819 l2=0.2000 label_smoothing=0.000
D step=4/5 epoch=2/3 loss=0.4796 l2=0.2000 label_smoothing=0.000
D step=4/5 epoch=3/3 loss=0.4767 l2=0.2000 label_smoothing=0.000
D step=5/5 epoch=1/3 loss=0.4913 l2=0.2000 label_smoothing=0.000
D step=5/5 epoch=2/3 loss=0.4906 l2=0.2000 label_smoothing=0.000
D step=5/5 epoch=3/3 loss=0.4818 l2=0.2000 label_smoothing=0.000
ADV epoch=42/200 g_loss=0.0559 d_loss=0.4859 reward=0.4064 reward_var=0.0243 unique=0.6400
D step=1/5 epoch=1/3 loss=0.5044 l2=0.2000 label_smoothing=0.000
D step=1/5 epoch=2/3 loss=0.4960 l2=0.2000 label_smoothing=0.000
D step=1/5 epoch=3/3 loss=0.4906 l2=0.2000 label_smoothing=0.000
D step=2/5 epoch=1/3 loss=0.5245 l2=0.2000 label_smoothing=0.000
D step=2/5 epoch=2/3 loss=0.5165 l2=0.2000 label_smoothing=0.000
D step=2/5 epoch=3/3 loss=0.5084 l2=0.2000 label_smoothing=0.000
D step=3/5 epoch=1/3 loss=0.5075 l2=0.2000 label_smoothing=0.000
D step=3/5 epoch=2/3 loss=0.5034 l2=0.2000 label_smoothing=0.000
D step=3/5 epoch=3/3 loss=0.5003 l2=0.2000 label_smoothing=0.000
D step=4/5 epoch=1/3 loss=0.4994 l2=0.2000 label_smoothing=0.000
D step=4/5 epoch=2/3 loss=0.4833 l2=0.2000 label_smoothing=0.000
D step=4/5 epoch=3/3 loss=0.4744 l2=0.2000 label_smoothing=0.000
D step=5/5 epoch=1/3 loss=0.5073 l2=0.2000 label_smoothing=0.000
D step=5/5 epoch=2/3 loss=0.4961 l2=0.2000 label_smoothing=0.000
D step=5/5 epoch=3/3 loss=0.4906 l2=0.2000 label_smoothing=0.000
ADV epoch=43/200 g_loss=0.0590 d_loss=0.5002 reward=0.3719 reward_var=0.0244 unique=0.5400
D step=1/5 epoch=1/3 loss=0.5172 l2=0.2000 label_smoothing=0.000
D step=1/5 epoch=2/3 loss=0.4738 l2=0.2000 label_smoothing=0.000
D step=1/5 epoch=3/3 loss=0.4743 l2=0.2000 label_smoothing=0.000
D step=2/5 epoch=1/3 loss=0.5324 l2=0.2000 label_smoothing=0.000
D step=2/5 epoch=2/3 loss=0.5249 l2=0.2000 label_smoothing=0.000
D step=2/5 epoch=3/3 loss=0.5134 l2=0.2000 label_smoothing=0.000
D step=3/5 epoch=1/3 loss=0.4782 l2=0.2000 label_smoothing=0.000
D step=3/5 epoch=2/3 loss=0.4758 l2=0.2000 label_smoothing=0.000
D step=3/5 epoch=3/3 loss=0.4711 l2=0.2000 label_smoothing=0.000
D step=4/5 epoch=1/3 loss=0.5407 l2=0.2000 label_smoothing=0.000
D step=4/5 epoch=2/3 loss=0.5348 l2=0.2000 label_smoothing=0.000
D step=4/5 epoch=3/3 loss=0.5246 l2=0.2000 label_smoothing=0.000
D step=5/5 epoch=1/3 loss=0.5250 l2=0.2000 label_smoothing=0.000
D step=5/5 epoch=2/3 loss=0.5195 l2=0.2000 label_smoothing=0.000
D step=5/5 epoch=3/3 loss=0.5166 l2=0.2000 label_smoothing=0.000
ADV epoch=44/200 g_loss=0.0631 d_loss=0.5082 reward=0.3518 reward_var=0.0322 unique=0.5200
D step=1/5 epoch=1/3 loss=0.5140 l2=0.2000 label_smoothing=0.000
D step=1/5 epoch=2/3 loss=0.4877 l2=0.2000 label_smoothing=0.000
D step=1/5 epoch=3/3 loss=0.4789 l2=0.2000 label_smoothing=0.000
D step=2/5 epoch=1/3 loss=0.5240 l2=0.2000 label_smoothing=0.000
D step=2/5 epoch=2/3 loss=0.5151 l2=0.2000 label_smoothing=0.000
D step=2/5 epoch=3/3 loss=0.5058 l2=0.2000 label_smoothing=0.000
D step=3/5 epoch=1/3 loss=0.4714 l2=0.2000 label_smoothing=0.000
D step=3/5 epoch=2/3 loss=0.4549 l2=0.2000 label_smoothing=0.000
D step=3/5 epoch=3/3 loss=0.4525 l2=0.2000 label_smoothing=0.000
D step=4/5 epoch=1/3 loss=0.5060 l2=0.2000 label_smoothing=0.000
D step=4/5 epoch=2/3 loss=0.5012 l2=0.2000 label_smoothing=0.000
D step=4/5 epoch=3/3 loss=0.4929 l2=0.2000 label_smoothing=0.000
D step=5/5 epoch=1/3 loss=0.5232 l2=0.2000 label_smoothing=0.000
D step=5/5 epoch=2/3 loss=0.5118 l2=0.2000 label_smoothing=0.000
D step=5/5 epoch=3/3 loss=0.4948 l2=0.2000 label_smoothing=0.000
ADV epoch=45/200 g_loss=0.0610 d_loss=0.4956 reward=0.3690 reward_var=0.0243 unique=0.4200
D step=1/5 epoch=1/3 loss=0.5238 l2=0.2000 label_smoothing=0.000
D step=1/5 epoch=2/3 loss=0.4962 l2=0.2000 label_smoothing=0.000
D step=1/5 epoch=3/3 loss=0.4996 l2=0.2000 label_smoothing=0.000
D step=2/5 epoch=1/3 loss=0.5229 l2=0.2000 label_smoothing=0.000
D step=2/5 epoch=2/3 loss=0.5075 l2=0.2000 label_smoothing=0.000
D step=2/5 epoch=3/3 loss=0.4987 l2=0.2000 label_smoothing=0.000
D step=3/5 epoch=1/3 loss=0.5010 l2=0.2000 label_smoothing=0.000
D step=3/5 epoch=2/3 loss=0.4978 l2=0.2000 label_smoothing=0.000
D step=3/5 epoch=3/3 loss=0.4936 l2=0.2000 label_smoothing=0.000
D step=4/5 epoch=1/3 loss=0.4838 l2=0.2000 label_smoothing=0.000
D step=4/5 epoch=2/3 loss=0.4797 l2=0.2000 label_smoothing=0.000
D step=4/5 epoch=3/3 loss=0.4697 l2=0.2000 label_smoothing=0.000
D step=5/5 epoch=1/3 loss=0.5219 l2=0.2000 label_smoothing=0.000
D step=5/5 epoch=2/3 loss=0.4972 l2=0.2000 label_smoothing=0.000
D step=5/5 epoch=3/3 loss=0.4918 l2=0.2000 label_smoothing=0.000
ADV epoch=46/200 g_loss=0.0528 d_loss=0.4990 reward=0.3441 reward_var=0.0171 unique=0.4200
D step=1/5 epoch=1/3 loss=0.5168 l2=0.2000 label_smoothing=0.000
D step=1/5 epoch=2/3 loss=0.4778 l2=0.2000 label_smoothing=0.000
D step=1/5 epoch=3/3 loss=0.4790 l2=0.2000 label_smoothing=0.000
D step=2/5 epoch=1/3 loss=0.5109 l2=0.2000 label_smoothing=0.000
D step=2/5 epoch=2/3 loss=0.5032 l2=0.2000 label_smoothing=0.000
D step=2/5 epoch=3/3 loss=0.4944 l2=0.2000 label_smoothing=0.000
D step=3/5 epoch=1/3 loss=0.5195 l2=0.2000 label_smoothing=0.000
D step=3/5 epoch=2/3 loss=0.5139 l2=0.2000 label_smoothing=0.000
D step=3/5 epoch=3/3 loss=0.5078 l2=0.2000 label_smoothing=0.000
D step=4/5 epoch=1/3 loss=0.5051 l2=0.2000 label_smoothing=0.000
D step=4/5 epoch=2/3 loss=0.4979 l2=0.2000 label_smoothing=0.000
D step=4/5 epoch=3/3 loss=0.4903 l2=0.2000 label_smoothing=0.000
D step=5/5 epoch=1/3 loss=0.4875 l2=0.2000 label_smoothing=0.000
D step=5/5 epoch=2/3 loss=0.4908 l2=0.2000 label_smoothing=0.000
D step=5/5 epoch=3/3 loss=0.4862 l2=0.2000 label_smoothing=0.000
ADV epoch=47/200 g_loss=0.0655 d_loss=0.4987 reward=0.3848 reward_var=0.0246 unique=0.5600
D step=1/5 epoch=1/3 loss=0.4901 l2=0.2000 label_smoothing=0.000
D step=1/5 epoch=2/3 loss=0.4745 l2=0.2000 label_smoothing=0.000
D step=1/5 epoch=3/3 loss=0.4668 l2=0.2000 label_smoothing=0.000
D step=2/5 epoch=1/3 loss=0.4894 l2=0.2000 label_smoothing=0.000
D step=2/5 epoch=2/3 loss=0.4743 l2=0.2000 label_smoothing=0.000
D step=2/5 epoch=3/3 loss=0.4657 l2=0.2000 label_smoothing=0.000
D step=3/5 epoch=1/3 loss=0.4708 l2=0.2000 label_smoothing=0.000
D step=3/5 epoch=2/3 loss=0.4646 l2=0.2000 label_smoothing=0.000
D step=3/5 epoch=3/3 loss=0.4626 l2=0.2000 label_smoothing=0.000
D step=4/5 epoch=1/3 loss=0.4807 l2=0.2000 label_smoothing=0.000
D step=4/5 epoch=2/3 loss=0.4769 l2=0.2000 label_smoothing=0.000
D step=4/5 epoch=3/3 loss=0.4705 l2=0.2000 label_smoothing=0.000
D step=5/5 epoch=1/3 loss=0.4885 l2=0.2000 label_smoothing=0.000
D step=5/5 epoch=2/3 loss=0.4906 l2=0.2000 label_smoothing=0.000
D step=5/5 epoch=3/3 loss=0.4752 l2=0.2000 label_smoothing=0.000
ADV epoch=48/200 g_loss=0.0622 d_loss=0.4761 reward=0.3472 reward_var=0.0340 unique=0.5200
D step=1/5 epoch=1/3 loss=0.5321 l2=0.2000 label_smoothing=0.000
D step=1/5 epoch=2/3 loss=0.5032 l2=0.2000 label_smoothing=0.000
D step=1/5 epoch=3/3 loss=0.5015 l2=0.2000 label_smoothing=0.000
D step=2/5 epoch=1/3 loss=0.4914 l2=0.2000 label_smoothing=0.000
D step=2/5 epoch=2/3 loss=0.4836 l2=0.2000 label_smoothing=0.000
D step=2/5 epoch=3/3 loss=0.4756 l2=0.2000 label_smoothing=0.000
D step=3/5 epoch=1/3 loss=0.4842 l2=0.2000 label_smoothing=0.000
D step=3/5 epoch=2/3 loss=0.4789 l2=0.2000 label_smoothing=0.000
D step=3/5 epoch=3/3 loss=0.4740 l2=0.2000 label_smoothing=0.000
D step=4/5 epoch=1/3 loss=0.4872 l2=0.2000 label_smoothing=0.000
D step=4/5 epoch=2/3 loss=0.4794 l2=0.2000 label_smoothing=0.000
D step=4/5 epoch=3/3 loss=0.4645 l2=0.2000 label_smoothing=0.000
D step=5/5 epoch=1/3 loss=0.5088 l2=0.2000 label_smoothing=0.000
D step=5/5 epoch=2/3 loss=0.5019 l2=0.2000 label_smoothing=0.000
D step=5/5 epoch=3/3 loss=0.4899 l2=0.2000 label_smoothing=0.000
ADV epoch=49/200 g_loss=0.0577 d_loss=0.4904 reward=0.3152 reward_var=0.0268 unique=0.6000
D step=1/5 epoch=1/3 loss=0.5310 l2=0.2000 label_smoothing=0.000
D step=1/5 epoch=2/3 loss=0.5064 l2=0.2000 label_smoothing=0.000
D step=1/5 epoch=3/3 loss=0.4938 l2=0.2000 label_smoothing=0.000
D step=2/5 epoch=1/3 loss=0.5133 l2=0.2000 label_smoothing=0.000
D step=2/5 epoch=2/3 loss=0.5121 l2=0.2000 label_smoothing=0.000
D step=2/5 epoch=3/3 loss=0.4923 l2=0.2000 label_smoothing=0.000
D step=3/5 epoch=1/3 loss=0.4969 l2=0.2000 label_smoothing=0.000
D step=3/5 epoch=2/3 loss=0.4959 l2=0.2000 label_smoothing=0.000
D step=3/5 epoch=3/3 loss=0.4819 l2=0.2000 label_smoothing=0.000
D step=4/5 epoch=1/3 loss=0.5131 l2=0.2000 label_smoothing=0.000
D step=4/5 epoch=2/3 loss=0.5105 l2=0.2000 label_smoothing=0.000
D step=4/5 epoch=3/3 loss=0.4981 l2=0.2000 label_smoothing=0.000
D step=5/5 epoch=1/3 loss=0.4892 l2=0.2000 label_smoothing=0.000
D step=5/5 epoch=2/3 loss=0.4877 l2=0.2000 label_smoothing=0.000
D step=5/5 epoch=3/3 loss=0.4757 l2=0.2000 label_smoothing=0.000
ADV epoch=50/200 g_loss=0.0624 d_loss=0.4999 reward=0.3620 reward_var=0.0264 unique=0.4600
D step=1/5 epoch=1/3 loss=0.4942 l2=0.2000 label_smoothing=0.000
D step=1/5 epoch=2/3 loss=0.4816 l2=0.2000 label_smoothing=0.000
D step=1/5 epoch=3/3 loss=0.4698 l2=0.2000 label_smoothing=0.000
D step=2/5 epoch=1/3 loss=0.5109 l2=0.2000 label_smoothing=0.000
D step=2/5 epoch=2/3 loss=0.4936 l2=0.2000 label_smoothing=0.000
D step=2/5 epoch=3/3 loss=0.4855 l2=0.2000 label_smoothing=0.000
D step=3/5 epoch=1/3 loss=0.5024 l2=0.2000 label_smoothing=0.000
D step=3/5 epoch=2/3 loss=0.4983 l2=0.2000 label_smoothing=0.000
D step=3/5 epoch=3/3 loss=0.4878 l2=0.2000 label_smoothing=0.000
D step=4/5 epoch=1/3 loss=0.4993 l2=0.2000 label_smoothing=0.000
D step=4/5 epoch=2/3 loss=0.4935 l2=0.2000 label_smoothing=0.000
D step=4/5 epoch=3/3 loss=0.4865 l2=0.2000 label_smoothing=0.000
D step=5/5 epoch=1/3 loss=0.4754 l2=0.2000 label_smoothing=0.000
D step=5/5 epoch=2/3 loss=0.4762 l2=0.2000 label_smoothing=0.000
D step=5/5 epoch=3/3 loss=0.4741 l2=0.2000 label_smoothing=0.000
ADV epoch=51/200 g_loss=0.0569 d_loss=0.4886 reward=0.3655 reward_var=0.0241 unique=0.4600
D step=1/5 epoch=1/3 loss=0.4932 l2=0.2000 label_smoothing=0.000
D step=1/5 epoch=2/3 loss=0.4760 l2=0.2000 label_smoothing=0.000
D step=1/5 epoch=3/3 loss=0.4588 l2=0.2000 label_smoothing=0.000
D step=2/5 epoch=1/3 loss=0.5119 l2=0.2000 label_smoothing=0.000
D step=2/5 epoch=2/3 loss=0.4988 l2=0.2000 label_smoothing=0.000
D step=2/5 epoch=3/3 loss=0.4905 l2=0.2000 label_smoothing=0.000
D step=3/5 epoch=1/3 loss=0.5130 l2=0.2000 label_smoothing=0.000
D step=3/5 epoch=2/3 loss=0.4966 l2=0.2000 label_smoothing=0.000
D step=3/5 epoch=3/3 loss=0.4837 l2=0.2000 label_smoothing=0.000
D step=4/5 epoch=1/3 loss=0.4848 l2=0.2000 label_smoothing=0.000
D step=4/5 epoch=2/3 loss=0.4841 l2=0.2000 label_smoothing=0.000
D step=4/5 epoch=3/3 loss=0.4704 l2=0.2000 label_smoothing=0.000
D step=5/5 epoch=1/3 loss=0.5322 l2=0.2000 label_smoothing=0.000
D step=5/5 epoch=2/3 loss=0.5250 l2=0.2000 label_smoothing=0.000
D step=5/5 epoch=3/3 loss=0.5106 l2=0.2000 label_smoothing=0.000
ADV epoch=52/200 g_loss=0.0520 d_loss=0.4953 reward=0.3551 reward_var=0.0253 unique=0.4800
D step=1/5 epoch=1/3 loss=0.5096 l2=0.2000 label_smoothing=0.000
D step=1/5 epoch=2/3 loss=0.4865 l2=0.2000 label_smoothing=0.000
D step=1/5 epoch=3/3 loss=0.4657 l2=0.2000 label_smoothing=0.000
D step=2/5 epoch=1/3 loss=0.5278 l2=0.2000 label_smoothing=0.000
D step=2/5 epoch=2/3 loss=0.5109 l2=0.2000 label_smoothing=0.000
D step=2/5 epoch=3/3 loss=0.4967 l2=0.2000 label_smoothing=0.000
D step=3/5 epoch=1/3 loss=0.5026 l2=0.2000 label_smoothing=0.000
D step=3/5 epoch=2/3 loss=0.5041 l2=0.2000 label_smoothing=0.000
D step=3/5 epoch=3/3 loss=0.4987 l2=0.2000 label_smoothing=0.000
D step=4/5 epoch=1/3 loss=0.4903 l2=0.2000 label_smoothing=0.000
D step=4/5 epoch=2/3 loss=0.4819 l2=0.2000 label_smoothing=0.000
D step=4/5 epoch=3/3 loss=0.4830 l2=0.2000 label_smoothing=0.000
D step=5/5 epoch=1/3 loss=0.4754 l2=0.2000 label_smoothing=0.000
D step=5/5 epoch=2/3 loss=0.4737 l2=0.2000 label_smoothing=0.000
D step=5/5 epoch=3/3 loss=0.4611 l2=0.2000 label_smoothing=0.000
ADV epoch=53/200 g_loss=0.0551 d_loss=0.4912 reward=0.3691 reward_var=0.0291 unique=0.4400
D step=1/5 epoch=1/3 loss=0.5095 l2=0.2000 label_smoothing=0.000
D step=1/5 epoch=2/3 loss=0.4823 l2=0.2000 label_smoothing=0.000
D step=1/5 epoch=3/3 loss=0.4720 l2=0.2000 label_smoothing=0.000
D step=2/5 epoch=1/3 loss=0.5074 l2=0.2000 label_smoothing=0.000
D step=2/5 epoch=2/3 loss=0.4985 l2=0.2000 label_smoothing=0.000
D step=2/5 epoch=3/3 loss=0.4904 l2=0.2000 label_smoothing=0.000
D step=3/5 epoch=1/3 loss=0.4958 l2=0.2000 label_smoothing=0.000
D step=3/5 epoch=2/3 loss=0.4866 l2=0.2000 label_smoothing=0.000
D step=3/5 epoch=3/3 loss=0.4837 l2=0.2000 label_smoothing=0.000
D step=4/5 epoch=1/3 loss=0.5308 l2=0.2000 label_smoothing=0.000
D step=4/5 epoch=2/3 loss=0.5238 l2=0.2000 label_smoothing=0.000
D step=4/5 epoch=3/3 loss=0.5053 l2=0.2000 label_smoothing=0.000
D step=5/5 epoch=1/3 loss=0.5037 l2=0.2000 label_smoothing=0.000
D step=5/5 epoch=2/3 loss=0.4936 l2=0.2000 label_smoothing=0.000
D step=5/5 epoch=3/3 loss=0.4822 l2=0.2000 label_smoothing=0.000
ADV epoch=54/200 g_loss=0.0569 d_loss=0.4977 reward=0.3462 reward_var=0.0251 unique=0.5800
D step=1/5 epoch=1/3 loss=0.5541 l2=0.2000 label_smoothing=0.000
D step=1/5 epoch=2/3 loss=0.5241 l2=0.2000 label_smoothing=0.000
D step=1/5 epoch=3/3 loss=0.5153 l2=0.2000 label_smoothing=0.000
D step=2/5 epoch=1/3 loss=0.5125 l2=0.2000 label_smoothing=0.000
D step=2/5 epoch=2/3 loss=0.5056 l2=0.2000 label_smoothing=0.000
D step=2/5 epoch=3/3 loss=0.4983 l2=0.2000 label_smoothing=0.000
D step=3/5 epoch=1/3 loss=0.5205 l2=0.2000 label_smoothing=0.000
D step=3/5 epoch=2/3 loss=0.5102 l2=0.2000 label_smoothing=0.000
D step=3/5 epoch=3/3 loss=0.4981 l2=0.2000 label_smoothing=0.000
D step=4/5 epoch=1/3 loss=0.5103 l2=0.2000 label_smoothing=0.000
D step=4/5 epoch=2/3 loss=0.5041 l2=0.2000 label_smoothing=0.000
D step=4/5 epoch=3/3 loss=0.5024 l2=0.2000 label_smoothing=0.000
D step=5/5 epoch=1/3 loss=0.5017 l2=0.2000 label_smoothing=0.000
D step=5/5 epoch=2/3 loss=0.4971 l2=0.2000 label_smoothing=0.000
D step=5/5 epoch=3/3 loss=0.4795 l2=0.2000 label_smoothing=0.000
ADV epoch=55/200 g_loss=0.0633 d_loss=0.5089 reward=0.3892 reward_var=0.0234 unique=0.5000
D step=1/5 epoch=1/3 loss=0.5318 l2=0.2000 label_smoothing=0.000
D step=1/5 epoch=2/3 loss=0.5067 l2=0.2000 label_smoothing=0.000
D step=1/5 epoch=3/3 loss=0.4996 l2=0.2000 label_smoothing=0.000
D step=2/5 epoch=1/3 loss=0.5598 l2=0.2000 label_smoothing=0.000
D step=2/5 epoch=2/3 loss=0.5481 l2=0.2000 label_smoothing=0.000
D step=2/5 epoch=3/3 loss=0.5386 l2=0.2000 label_smoothing=0.000
D step=3/5 epoch=1/3 loss=0.5038 l2=0.2000 label_smoothing=0.000
D step=3/5 epoch=2/3 loss=0.4957 l2=0.2000 label_smoothing=0.000
D step=3/5 epoch=3/3 loss=0.4908 l2=0.2000 label_smoothing=0.000
D step=4/5 epoch=1/3 loss=0.5336 l2=0.2000 label_smoothing=0.000
D step=4/5 epoch=2/3 loss=0.5243 l2=0.2000 label_smoothing=0.000
D step=4/5 epoch=3/3 loss=0.5180 l2=0.2000 label_smoothing=0.000
D step=5/5 epoch=1/3 loss=0.5390 l2=0.2000 label_smoothing=0.000
D step=5/5 epoch=2/3 loss=0.5251 l2=0.2000 label_smoothing=0.000
D step=5/5 epoch=3/3 loss=0.5210 l2=0.2000 label_smoothing=0.000
ADV epoch=56/200 g_loss=0.0522 d_loss=0.5224 reward=0.3591 reward_var=0.0243 unique=0.4600
D step=1/5 epoch=1/3 loss=0.5265 l2=0.2000 label_smoothing=0.000
D step=1/5 epoch=2/3 loss=0.5177 l2=0.2000 label_smoothing=0.000
D step=1/5 epoch=3/3 loss=0.5069 l2=0.2000 label_smoothing=0.000
D step=2/5 epoch=1/3 loss=0.5149 l2=0.2000 label_smoothing=0.000
D step=2/5 epoch=2/3 loss=0.5009 l2=0.2000 label_smoothing=0.000
D step=2/5 epoch=3/3 loss=0.4948 l2=0.2000 label_smoothing=0.000
D step=3/5 epoch=1/3 loss=0.5084 l2=0.2000 label_smoothing=0.000
D step=3/5 epoch=2/3 loss=0.5053 l2=0.2000 label_smoothing=0.000
D step=3/5 epoch=3/3 loss=0.5025 l2=0.2000 label_smoothing=0.000
D step=4/5 epoch=1/3 loss=0.5309 l2=0.2000 label_smoothing=0.000
D step=4/5 epoch=2/3 loss=0.5242 l2=0.2000 label_smoothing=0.000
D step=4/5 epoch=3/3 loss=0.5166 l2=0.2000 label_smoothing=0.000
D step=5/5 epoch=1/3 loss=0.5497 l2=0.2000 label_smoothing=0.000
D step=5/5 epoch=2/3 loss=0.5391 l2=0.2000 label_smoothing=0.000
D step=5/5 epoch=3/3 loss=0.5279 l2=0.2000 label_smoothing=0.000
ADV epoch=57/200 g_loss=0.0529 d_loss=0.5178 reward=0.3442 reward_var=0.0145 unique=0.5000
D step=1/5 epoch=1/3 loss=0.5350 l2=0.2000 label_smoothing=0.000
D step=1/5 epoch=2/3 loss=0.5185 l2=0.2000 label_smoothing=0.000
D step=1/5 epoch=3/3 loss=0.5131 l2=0.2000 label_smoothing=0.000
D step=2/5 epoch=1/3 loss=0.5147 l2=0.2000 label_smoothing=0.000
D step=2/5 epoch=2/3 loss=0.5078 l2=0.2000 label_smoothing=0.000
D step=2/5 epoch=3/3 loss=0.5007 l2=0.2000 label_smoothing=0.000
D step=3/5 epoch=1/3 loss=0.5230 l2=0.2000 label_smoothing=0.000
D step=3/5 epoch=2/3 loss=0.5195 l2=0.2000 label_smoothing=0.000
D step=3/5 epoch=3/3 loss=0.5184 l2=0.2000 label_smoothing=0.000
D step=4/5 epoch=1/3 loss=0.5154 l2=0.2000 label_smoothing=0.000
D step=4/5 epoch=2/3 loss=0.5090 l2=0.2000 label_smoothing=0.000
D step=4/5 epoch=3/3 loss=0.5030 l2=0.2000 label_smoothing=0.000
D step=5/5 epoch=1/3 loss=0.4961 l2=0.2000 label_smoothing=0.000
D step=5/5 epoch=2/3 loss=0.4907 l2=0.2000 label_smoothing=0.000
D step=5/5 epoch=3/3 loss=0.4858 l2=0.2000 label_smoothing=0.000
ADV epoch=58/200 g_loss=0.0556 d_loss=0.5101 reward=0.3704 reward_var=0.0172 unique=0.5200
D step=1/5 epoch=1/3 loss=0.5355 l2=0.2000 label_smoothing=0.000
D step=1/5 epoch=2/3 loss=0.5165 l2=0.2000 label_smoothing=0.000
D step=1/5 epoch=3/3 loss=0.4987 l2=0.2000 label_smoothing=0.000
D step=2/5 epoch=1/3 loss=0.5086 l2=0.2000 label_smoothing=0.000
D step=2/5 epoch=2/3 loss=0.4998 l2=0.2000 label_smoothing=0.000
D step=2/5 epoch=3/3 loss=0.4919 l2=0.2000 label_smoothing=0.000
D step=3/5 epoch=1/3 loss=0.5691 l2=0.2000 label_smoothing=0.000
D step=3/5 epoch=2/3 loss=0.5495 l2=0.2000 label_smoothing=0.000
D step=3/5 epoch=3/3 loss=0.5338 l2=0.2000 label_smoothing=0.000
D step=4/5 epoch=1/3 loss=0.5323 l2=0.2000 label_smoothing=0.000
D step=4/5 epoch=2/3 loss=0.5282 l2=0.2000 label_smoothing=0.000
D step=4/5 epoch=3/3 loss=0.5252 l2=0.2000 label_smoothing=0.000
D step=5/5 epoch=1/3 loss=0.5363 l2=0.2000 label_smoothing=0.000
D step=5/5 epoch=2/3 loss=0.5285 l2=0.2000 label_smoothing=0.000
D step=5/5 epoch=3/3 loss=0.5296 l2=0.2000 label_smoothing=0.000
ADV epoch=59/200 g_loss=0.0533 d_loss=0.5256 reward=0.3362 reward_var=0.0226 unique=0.5600
D step=1/5 epoch=1/3 loss=0.5094 l2=0.2000 label_smoothing=0.000
D step=1/5 epoch=2/3 loss=0.4935 l2=0.2000 label_smoothing=0.000
D step=1/5 epoch=3/3 loss=0.4837 l2=0.2000 label_smoothing=0.000
D step=2/5 epoch=1/3 loss=0.5331 l2=0.2000 label_smoothing=0.000
D step=2/5 epoch=2/3 loss=0.5233 l2=0.2000 label_smoothing=0.000
D step=2/5 epoch=3/3 loss=0.5046 l2=0.2000 label_smoothing=0.000
D step=3/5 epoch=1/3 loss=0.5187 l2=0.2000 label_smoothing=0.000
D step=3/5 epoch=2/3 loss=0.5114 l2=0.2000 label_smoothing=0.000
D step=3/5 epoch=3/3 loss=0.5115 l2=0.2000 label_smoothing=0.000
D step=4/5 epoch=1/3 loss=0.4921 l2=0.2000 label_smoothing=0.000
D step=4/5 epoch=2/3 loss=0.4765 l2=0.2000 label_smoothing=0.000
D step=4/5 epoch=3/3 loss=0.4731 l2=0.2000 label_smoothing=0.000
D step=5/5 epoch=1/3 loss=0.5240 l2=0.2000 label_smoothing=0.000
D step=5/5 epoch=2/3 loss=0.5129 l2=0.2000 label_smoothing=0.000
D step=5/5 epoch=3/3 loss=0.5051 l2=0.2000 label_smoothing=0.000
ADV epoch=60/200 g_loss=0.0546 d_loss=0.5048 reward=0.3416 reward_var=0.0210 unique=0.5600
D step=1/5 epoch=1/3 loss=0.5055 l2=0.2000 label_smoothing=0.000
D step=1/5 epoch=2/3 loss=0.4819 l2=0.2000 label_smoothing=0.000
D step=1/5 epoch=3/3 loss=0.4786 l2=0.2000 label_smoothing=0.000
D step=2/5 epoch=1/3 loss=0.5303 l2=0.2000 label_smoothing=0.000
D step=2/5 epoch=2/3 loss=0.5154 l2=0.2000 label_smoothing=0.000
D step=2/5 epoch=3/3 loss=0.5105 l2=0.2000 label_smoothing=0.000
D step=3/5 epoch=1/3 loss=0.5168 l2=0.2000 label_smoothing=0.000
D step=3/5 epoch=2/3 loss=0.5087 l2=0.2000 label_smoothing=0.000
D step=3/5 epoch=3/3 loss=0.5003 l2=0.2000 label_smoothing=0.000
D step=4/5 epoch=1/3 loss=0.5451 l2=0.2000 label_smoothing=0.000
D step=4/5 epoch=2/3 loss=0.5313 l2=0.2000 label_smoothing=0.000
D step=4/5 epoch=3/3 loss=0.5267 l2=0.2000 label_smoothing=0.000
D step=5/5 epoch=1/3 loss=0.5342 l2=0.2000 label_smoothing=0.000
D step=5/5 epoch=2/3 loss=0.5290 l2=0.2000 label_smoothing=0.000
D step=5/5 epoch=3/3 loss=0.5192 l2=0.2000 label_smoothing=0.000
ADV epoch=61/200 g_loss=0.0609 d_loss=0.5156 reward=0.3892 reward_var=0.0256 unique=0.4400
D step=1/5 epoch=1/3 loss=0.5198 l2=0.2000 label_smoothing=0.000
D step=1/5 epoch=2/3 loss=0.5062 l2=0.2000 label_smoothing=0.000
D step=1/5 epoch=3/3 loss=0.4947 l2=0.2000 label_smoothing=0.000
D step=2/5 epoch=1/3 loss=0.5104 l2=0.2000 label_smoothing=0.000
D step=2/5 epoch=2/3 loss=0.4971 l2=0.2000 label_smoothing=0.000
D step=2/5 epoch=3/3 loss=0.4898 l2=0.2000 label_smoothing=0.000
D step=3/5 epoch=1/3 loss=0.5506 l2=0.2000 label_smoothing=0.000
D step=3/5 epoch=2/3 loss=0.5378 l2=0.2000 label_smoothing=0.000
D step=3/5 epoch=3/3 loss=0.5285 l2=0.2000 label_smoothing=0.000
D step=4/5 epoch=1/3 loss=0.5279 l2=0.2000 label_smoothing=0.000
D step=4/5 epoch=2/3 loss=0.5188 l2=0.2000 label_smoothing=0.000
D step=4/5 epoch=3/3 loss=0.5134 l2=0.2000 label_smoothing=0.000
D step=5/5 epoch=1/3 loss=0.5121 l2=0.2000 label_smoothing=0.000
D step=5/5 epoch=2/3 loss=0.5132 l2=0.2000 label_smoothing=0.000
D step=5/5 epoch=3/3 loss=0.5064 l2=0.2000 label_smoothing=0.000
ADV epoch=62/200 g_loss=0.0660 d_loss=0.5151 reward=0.3768 reward_var=0.0217 unique=0.4800
D step=1/5 epoch=1/3 loss=0.5148 l2=0.2000 label_smoothing=0.000
D step=1/5 epoch=2/3 loss=0.5047 l2=0.2000 label_smoothing=0.000
D step=1/5 epoch=3/3 loss=0.5004 l2=0.2000 label_smoothing=0.000
D step=2/5 epoch=1/3 loss=0.5296 l2=0.2000 label_smoothing=0.000
D step=2/5 epoch=2/3 loss=0.5240 l2=0.2000 label_smoothing=0.000
D step=2/5 epoch=3/3 loss=0.5154 l2=0.2000 label_smoothing=0.000
D step=3/5 epoch=1/3 loss=0.5207 l2=0.2000 label_smoothing=0.000
D step=3/5 epoch=2/3 loss=0.5099 l2=0.2000 label_smoothing=0.000
D step=3/5 epoch=3/3 loss=0.5077 l2=0.2000 label_smoothing=0.000
D step=4/5 epoch=1/3 loss=0.5184 l2=0.2000 label_smoothing=0.000
D step=4/5 epoch=2/3 loss=0.5107 l2=0.2000 label_smoothing=0.000
D step=4/5 epoch=3/3 loss=0.4995 l2=0.2000 label_smoothing=0.000
D step=5/5 epoch=1/3 loss=0.5072 l2=0.2000 label_smoothing=0.000
D step=5/5 epoch=2/3 loss=0.5019 l2=0.2000 label_smoothing=0.000
D step=5/5 epoch=3/3 loss=0.4940 l2=0.2000 label_smoothing=0.000
ADV epoch=63/200 g_loss=0.0554 d_loss=0.5106 reward=0.4007 reward_var=0.0111 unique=0.4800
D step=1/5 epoch=1/3 loss=0.5343 l2=0.2000 label_smoothing=0.000
D step=1/5 epoch=2/3 loss=0.5169 l2=0.2000 label_smoothing=0.000
D step=1/5 epoch=3/3 loss=0.5086 l2=0.2000 label_smoothing=0.000
D step=2/5 epoch=1/3 loss=0.5403 l2=0.2000 label_smoothing=0.000
D step=2/5 epoch=2/3 loss=0.5259 l2=0.2000 label_smoothing=0.000
D step=2/5 epoch=3/3 loss=0.5162 l2=0.2000 label_smoothing=0.000
D step=3/5 epoch=1/3 loss=0.5568 l2=0.2000 label_smoothing=0.000
D step=3/5 epoch=2/3 loss=0.5528 l2=0.2000 label_smoothing=0.000
D step=3/5 epoch=3/3 loss=0.5467 l2=0.2000 label_smoothing=0.000
D step=4/5 epoch=1/3 loss=0.5215 l2=0.2000 label_smoothing=0.000
D step=4/5 epoch=2/3 loss=0.5111 l2=0.2000 label_smoothing=0.000
D step=4/5 epoch=3/3 loss=0.5105 l2=0.2000 label_smoothing=0.000
D step=5/5 epoch=1/3 loss=0.5528 l2=0.2000 label_smoothing=0.000
D step=5/5 epoch=2/3 loss=0.5513 l2=0.2000 label_smoothing=0.000
D step=5/5 epoch=3/3 loss=0.5409 l2=0.2000 label_smoothing=0.000
ADV epoch=64/200 g_loss=0.0618 d_loss=0.5324 reward=0.3719 reward_var=0.0232 unique=0.3400
D step=1/5 epoch=1/3 loss=0.5487 l2=0.2000 label_smoothing=0.000
D step=1/5 epoch=2/3 loss=0.5231 l2=0.2000 label_smoothing=0.000
D step=1/5 epoch=3/3 loss=0.5226 l2=0.2000 label_smoothing=0.000
D step=2/5 epoch=1/3 loss=0.5313 l2=0.2000 label_smoothing=0.000
D step=2/5 epoch=2/3 loss=0.5218 l2=0.2000 label_smoothing=0.000
D step=2/5 epoch=3/3 loss=0.5195 l2=0.2000 label_smoothing=0.000
D step=3/5 epoch=1/3 loss=0.5359 l2=0.2000 label_smoothing=0.000
D step=3/5 epoch=2/3 loss=0.5284 l2=0.2000 label_smoothing=0.000
D step=3/5 epoch=3/3 loss=0.5240 l2=0.2000 label_smoothing=0.000
D step=4/5 epoch=1/3 loss=0.5292 l2=0.2000 label_smoothing=0.000
D step=4/5 epoch=2/3 loss=0.5319 l2=0.2000 label_smoothing=0.000
D step=4/5 epoch=3/3 loss=0.5220 l2=0.2000 label_smoothing=0.000
D step=5/5 epoch=1/3 loss=0.5258 l2=0.2000 label_smoothing=0.000
D step=5/5 epoch=2/3 loss=0.5217 l2=0.2000 label_smoothing=0.000
D step=5/5 epoch=3/3 loss=0.5173 l2=0.2000 label_smoothing=0.000
ADV epoch=65/200 g_loss=0.0630 d_loss=0.5269 reward=0.3784 reward_var=0.0173 unique=0.4800
D step=1/5 epoch=1/3 loss=0.5479 l2=0.2000 label_smoothing=0.000
D step=1/5 epoch=2/3 loss=0.5366 l2=0.2000 label_smoothing=0.000
D step=1/5 epoch=3/3 loss=0.5332 l2=0.2000 label_smoothing=0.000
D step=2/5 epoch=1/3 loss=0.5358 l2=0.2000 label_smoothing=0.000
D step=2/5 epoch=2/3 loss=0.5346 l2=0.2000 label_smoothing=0.000
D step=2/5 epoch=3/3 loss=0.5270 l2=0.2000 label_smoothing=0.000
D step=3/5 epoch=1/3 loss=0.5136 l2=0.2000 label_smoothing=0.000
D step=3/5 epoch=2/3 loss=0.5085 l2=0.2000 label_smoothing=0.000
D step=3/5 epoch=3/3 loss=0.5032 l2=0.2000 label_smoothing=0.000
D step=4/5 epoch=1/3 loss=0.5591 l2=0.2000 label_smoothing=0.000
D step=4/5 epoch=2/3 loss=0.5297 l2=0.2000 label_smoothing=0.000
D step=4/5 epoch=3/3 loss=0.5064 l2=0.2000 label_smoothing=0.000
D step=5/5 epoch=1/3 loss=0.5354 l2=0.2000 label_smoothing=0.000
D step=5/5 epoch=2/3 loss=0.5254 l2=0.2000 label_smoothing=0.000
D step=5/5 epoch=3/3 loss=0.5152 l2=0.2000 label_smoothing=0.000
ADV epoch=66/200 g_loss=0.0619 d_loss=0.5274 reward=0.3886 reward_var=0.0127 unique=0.4000
D step=1/5 epoch=1/3 loss=0.5132 l2=0.2000 label_smoothing=0.000
D step=1/5 epoch=2/3 loss=0.4976 l2=0.2000 label_smoothing=0.000
D step=1/5 epoch=3/3 loss=0.4924 l2=0.2000 label_smoothing=0.000
D step=2/5 epoch=1/3 loss=0.5610 l2=0.2000 label_smoothing=0.000
D step=2/5 epoch=2/3 loss=0.5577 l2=0.2000 label_smoothing=0.000
D step=2/5 epoch=3/3 loss=0.5464 l2=0.2000 label_smoothing=0.000
D step=3/5 epoch=1/3 loss=0.5120 l2=0.2000 label_smoothing=0.000
D step=3/5 epoch=2/3 loss=0.5055 l2=0.2000 label_smoothing=0.000
D step=3/5 epoch=3/3 loss=0.5059 l2=0.2000 label_smoothing=0.000
D step=4/5 epoch=1/3 loss=0.5121 l2=0.2000 label_smoothing=0.000
D step=4/5 epoch=2/3 loss=0.5053 l2=0.2000 label_smoothing=0.000
D step=4/5 epoch=3/3 loss=0.5007 l2=0.2000 label_smoothing=0.000
D step=5/5 epoch=1/3 loss=0.5119 l2=0.2000 label_smoothing=0.000
D step=5/5 epoch=2/3 loss=0.5050 l2=0.2000 label_smoothing=0.000
D step=5/5 epoch=3/3 loss=0.5078 l2=0.2000 label_smoothing=0.000
ADV epoch=67/200 g_loss=0.0615 d_loss=0.5156 reward=0.3838 reward_var=0.0212 unique=0.5200
D step=1/5 epoch=1/3 loss=0.5277 l2=0.2000 label_smoothing=0.000
D step=1/5 epoch=2/3 loss=0.5105 l2=0.2000 label_smoothing=0.000
D step=1/5 epoch=3/3 loss=0.5054 l2=0.2000 label_smoothing=0.000
D step=2/5 epoch=1/3 loss=0.5144 l2=0.2000 label_smoothing=0.000
D step=2/5 epoch=2/3 loss=0.5086 l2=0.2000 label_smoothing=0.000
D step=2/5 epoch=3/3 loss=0.4973 l2=0.2000 label_smoothing=0.000
D step=3/5 epoch=1/3 loss=0.5159 l2=0.2000 label_smoothing=0.000
D step=3/5 epoch=2/3 loss=0.5131 l2=0.2000 label_smoothing=0.000
D step=3/5 epoch=3/3 loss=0.5106 l2=0.2000 label_smoothing=0.000
D step=4/5 epoch=1/3 loss=0.5131 l2=0.2000 label_smoothing=0.000
D step=4/5 epoch=2/3 loss=0.5063 l2=0.2000 label_smoothing=0.000
D step=4/5 epoch=3/3 loss=0.4957 l2=0.2000 label_smoothing=0.000
D step=5/5 epoch=1/3 loss=0.5049 l2=0.2000 label_smoothing=0.000
D step=5/5 epoch=2/3 loss=0.4984 l2=0.2000 label_smoothing=0.000
D step=5/5 epoch=3/3 loss=0.4922 l2=0.2000 label_smoothing=0.000
ADV epoch=68/200 g_loss=0.0602 d_loss=0.5076 reward=0.3524 reward_var=0.0244 unique=0.5200
D step=1/5 epoch=1/3 loss=0.5486 l2=0.2000 label_smoothing=0.000
D step=1/5 epoch=2/3 loss=0.5104 l2=0.2000 label_smoothing=0.000
D step=1/5 epoch=3/3 loss=0.5037 l2=0.2000 label_smoothing=0.000
D step=2/5 epoch=1/3 loss=0.5282 l2=0.2000 label_smoothing=0.000
D step=2/5 epoch=2/3 loss=0.5079 l2=0.2000 label_smoothing=0.000
D step=2/5 epoch=3/3 loss=0.4963 l2=0.2000 label_smoothing=0.000
D step=3/5 epoch=1/3 loss=0.5858 l2=0.2000 label_smoothing=0.000
D step=3/5 epoch=2/3 loss=0.5715 l2=0.2000 label_smoothing=0.000
D step=3/5 epoch=3/3 loss=0.5678 l2=0.2000 label_smoothing=0.000
D step=4/5 epoch=1/3 loss=0.5406 l2=0.2000 label_smoothing=0.000
D step=4/5 epoch=2/3 loss=0.5415 l2=0.2000 label_smoothing=0.000
D step=4/5 epoch=3/3 loss=0.5366 l2=0.2000 label_smoothing=0.000
D step=5/5 epoch=1/3 loss=0.5141 l2=0.2000 label_smoothing=0.000
D step=5/5 epoch=2/3 loss=0.5119 l2=0.2000 label_smoothing=0.000
D step=5/5 epoch=3/3 loss=0.5062 l2=0.2000 label_smoothing=0.000
ADV epoch=69/200 g_loss=0.0617 d_loss=0.5314 reward=0.3729 reward_var=0.0234 unique=0.5600
D step=1/5 epoch=1/3 loss=0.5497 l2=0.2000 label_smoothing=0.000
D step=1/5 epoch=2/3 loss=0.5311 l2=0.2000 label_smoothing=0.000
D step=1/5 epoch=3/3 loss=0.5237 l2=0.2000 label_smoothing=0.000
D step=2/5 epoch=1/3 loss=0.5299 l2=0.2000 label_smoothing=0.000
D step=2/5 epoch=2/3 loss=0.5201 l2=0.2000 label_smoothing=0.000
D step=2/5 epoch=3/3 loss=0.5189 l2=0.2000 label_smoothing=0.000
D step=3/5 epoch=1/3 loss=0.5697 l2=0.2000 label_smoothing=0.000
D step=3/5 epoch=2/3 loss=0.5583 l2=0.2000 label_smoothing=0.000
D step=3/5 epoch=3/3 loss=0.5368 l2=0.2000 label_smoothing=0.000
D step=4/5 epoch=1/3 loss=0.5405 l2=0.2000 label_smoothing=0.000
D step=4/5 epoch=2/3 loss=0.5290 l2=0.2000 label_smoothing=0.000
D step=4/5 epoch=3/3 loss=0.5235 l2=0.2000 label_smoothing=0.000
D step=5/5 epoch=1/3 loss=0.5328 l2=0.2000 label_smoothing=0.000
D step=5/5 epoch=2/3 loss=0.5285 l2=0.2000 label_smoothing=0.000
D step=5/5 epoch=3/3 loss=0.5254 l2=0.2000 label_smoothing=0.000
ADV epoch=70/200 g_loss=0.0585 d_loss=0.5345 reward=0.3760 reward_var=0.0186 unique=0.4600
D step=1/5 epoch=1/3 loss=0.5491 l2=0.2000 label_smoothing=0.000
D step=1/5 epoch=2/3 loss=0.5240 l2=0.2000 label_smoothing=0.000
D step=1/5 epoch=3/3 loss=0.5145 l2=0.2000 label_smoothing=0.000
D step=2/5 epoch=1/3 loss=0.5229 l2=0.2000 label_smoothing=0.000
D step=2/5 epoch=2/3 loss=0.5159 l2=0.2000 label_smoothing=0.000
D step=2/5 epoch=3/3 loss=0.5082 l2=0.2000 label_smoothing=0.000
D step=3/5 epoch=1/3 loss=0.5263 l2=0.2000 label_smoothing=0.000
D step=3/5 epoch=2/3 loss=0.5147 l2=0.2000 label_smoothing=0.000
D step=3/5 epoch=3/3 loss=0.5096 l2=0.2000 label_smoothing=0.000
D step=4/5 epoch=1/3 loss=0.5439 l2=0.2000 label_smoothing=0.000
D step=4/5 epoch=2/3 loss=0.5387 l2=0.2000 label_smoothing=0.000
D step=4/5 epoch=3/3 loss=0.5291 l2=0.2000 label_smoothing=0.000
D step=5/5 epoch=1/3 loss=0.5105 l2=0.2000 label_smoothing=0.000
D step=5/5 epoch=2/3 loss=0.5115 l2=0.2000 label_smoothing=0.000
D step=5/5 epoch=3/3 loss=0.5057 l2=0.2000 label_smoothing=0.000
ADV epoch=71/200 g_loss=0.0587 d_loss=0.5216 reward=0.3329 reward_var=0.0214 unique=0.5200
D step=1/5 epoch=1/3 loss=0.5512 l2=0.2000 label_smoothing=0.000
D step=1/5 epoch=2/3 loss=0.5277 l2=0.2000 label_smoothing=0.000
D step=1/5 epoch=3/3 loss=0.5239 l2=0.2000 label_smoothing=0.000
D step=2/5 epoch=1/3 loss=0.5279 l2=0.2000 label_smoothing=0.000
D step=2/5 epoch=2/3 loss=0.5242 l2=0.2000 label_smoothing=0.000
D step=2/5 epoch=3/3 loss=0.5228 l2=0.2000 label_smoothing=0.000
D step=3/5 epoch=1/3 loss=0.5293 l2=0.2000 label_smoothing=0.000
D step=3/5 epoch=2/3 loss=0.5249 l2=0.2000 label_smoothing=0.000
D step=3/5 epoch=3/3 loss=0.5216 l2=0.2000 label_smoothing=0.000
D step=4/5 epoch=1/3 loss=0.5641 l2=0.2000 label_smoothing=0.000
D step=4/5 epoch=2/3 loss=0.5442 l2=0.2000 label_smoothing=0.000
D step=4/5 epoch=3/3 loss=0.5406 l2=0.2000 label_smoothing=0.000
D step=5/5 epoch=1/3 loss=0.5327 l2=0.2000 label_smoothing=0.000
D step=5/5 epoch=2/3 loss=0.5172 l2=0.2000 label_smoothing=0.000
D step=5/5 epoch=3/3 loss=0.5160 l2=0.2000 label_smoothing=0.000
ADV epoch=72/200 g_loss=0.0599 d_loss=0.5312 reward=0.3439 reward_var=0.0209 unique=0.4600
D step=1/5 epoch=1/3 loss=0.5521 l2=0.2000 label_smoothing=0.000
D step=1/5 epoch=2/3 loss=0.5397 l2=0.2000 label_smoothing=0.000
D step=1/5 epoch=3/3 loss=0.5300 l2=0.2000 label_smoothing=0.000
D step=2/5 epoch=1/3 loss=0.5357 l2=0.2000 label_smoothing=0.000
D step=2/5 epoch=2/3 loss=0.5231 l2=0.2000 label_smoothing=0.000
D step=2/5 epoch=3/3 loss=0.5116 l2=0.2000 label_smoothing=0.000
D step=3/5 epoch=1/3 loss=0.5449 l2=0.2000 label_smoothing=0.000
D step=3/5 epoch=2/3 loss=0.5313 l2=0.2000 label_smoothing=0.000
D step=3/5 epoch=3/3 loss=0.5221 l2=0.2000 label_smoothing=0.000
D step=4/5 epoch=1/3 loss=0.5445 l2=0.2000 label_smoothing=0.000
D step=4/5 epoch=2/3 loss=0.5351 l2=0.2000 label_smoothing=0.000
D step=4/5 epoch=3/3 loss=0.5264 l2=0.2000 label_smoothing=0.000
D step=5/5 epoch=1/3 loss=0.5466 l2=0.2000 label_smoothing=0.000
D step=5/5 epoch=2/3 loss=0.5410 l2=0.2000 label_smoothing=0.000
D step=5/5 epoch=3/3 loss=0.5253 l2=0.2000 label_smoothing=0.000
ADV epoch=73/200 g_loss=0.0708 d_loss=0.5340 reward=0.4000 reward_var=0.0223 unique=0.5200
D step=1/5 epoch=1/3 loss=0.5483 l2=0.2000 label_smoothing=0.000
D step=1/5 epoch=2/3 loss=0.5377 l2=0.2000 label_smoothing=0.000
D step=1/5 epoch=3/3 loss=0.5320 l2=0.2000 label_smoothing=0.000
D step=2/5 epoch=1/3 loss=0.5485 l2=0.2000 label_smoothing=0.000
D step=2/5 epoch=2/3 loss=0.5391 l2=0.2000 label_smoothing=0.000
D step=2/5 epoch=3/3 loss=0.5357 l2=0.2000 label_smoothing=0.000
D step=3/5 epoch=1/3 loss=0.5632 l2=0.2000 label_smoothing=0.000
D step=3/5 epoch=2/3 loss=0.5527 l2=0.2000 label_smoothing=0.000
D step=3/5 epoch=3/3 loss=0.5455 l2=0.2000 label_smoothing=0.000
D step=4/5 epoch=1/3 loss=0.5299 l2=0.2000 label_smoothing=0.000
D step=4/5 epoch=2/3 loss=0.5231 l2=0.2000 label_smoothing=0.000
D step=4/5 epoch=3/3 loss=0.5191 l2=0.2000 label_smoothing=0.000
D step=5/5 epoch=1/3 loss=0.5442 l2=0.2000 label_smoothing=0.000
D step=5/5 epoch=2/3 loss=0.5423 l2=0.2000 label_smoothing=0.000
D step=5/5 epoch=3/3 loss=0.5336 l2=0.2000 label_smoothing=0.000
ADV epoch=74/200 g_loss=0.0649 d_loss=0.5397 reward=0.3986 reward_var=0.0211 unique=0.4000
D step=1/5 epoch=1/3 loss=0.5150 l2=0.2000 label_smoothing=0.000
D step=1/5 epoch=2/3 loss=0.5099 l2=0.2000 label_smoothing=0.000
D step=1/5 epoch=3/3 loss=0.5013 l2=0.2000 label_smoothing=0.000
D step=2/5 epoch=1/3 loss=0.5143 l2=0.2000 label_smoothing=0.000
D step=2/5 epoch=2/3 loss=0.5087 l2=0.2000 label_smoothing=0.000
D step=2/5 epoch=3/3 loss=0.5041 l2=0.2000 label_smoothing=0.000
D step=3/5 epoch=1/3 loss=0.5339 l2=0.2000 label_smoothing=0.000
D step=3/5 epoch=2/3 loss=0.5219 l2=0.2000 label_smoothing=0.000
D step=3/5 epoch=3/3 loss=0.5150 l2=0.2000 label_smoothing=0.000
D step=4/5 epoch=1/3 loss=0.5326 l2=0.2000 label_smoothing=0.000
D step=4/5 epoch=2/3 loss=0.5214 l2=0.2000 label_smoothing=0.000
D step=4/5 epoch=3/3 loss=0.5165 l2=0.2000 label_smoothing=0.000
D step=5/5 epoch=1/3 loss=0.5079 l2=0.2000 label_smoothing=0.000
D step=5/5 epoch=2/3 loss=0.5054 l2=0.2000 label_smoothing=0.000
D step=5/5 epoch=3/3 loss=0.4955 l2=0.2000 label_smoothing=0.000
ADV epoch=75/200 g_loss=0.0564 d_loss=0.5135 reward=0.3607 reward_var=0.0152 unique=0.5200
D step=1/5 epoch=1/3 loss=0.5369 l2=0.2000 label_smoothing=0.000
D step=1/5 epoch=2/3 loss=0.5162 l2=0.2000 label_smoothing=0.000
D step=1/5 epoch=3/3 loss=0.5062 l2=0.2000 label_smoothing=0.000
D step=2/5 epoch=1/3 loss=0.5300 l2=0.2000 label_smoothing=0.000
D step=2/5 epoch=2/3 loss=0.5140 l2=0.2000 label_smoothing=0.000
D step=2/5 epoch=3/3 loss=0.5064 l2=0.2000 label_smoothing=0.000
D step=3/5 epoch=1/3 loss=0.5448 l2=0.2000 label_smoothing=0.000
D step=3/5 epoch=2/3 loss=0.5316 l2=0.2000 label_smoothing=0.000
D step=3/5 epoch=3/3 loss=0.5183 l2=0.2000 label_smoothing=0.000
D step=4/5 epoch=1/3 loss=0.5318 l2=0.2000 label_smoothing=0.000
D step=4/5 epoch=2/3 loss=0.5119 l2=0.2000 label_smoothing=0.000
D step=4/5 epoch=3/3 loss=0.5071 l2=0.2000 label_smoothing=0.000
D step=5/5 epoch=1/3 loss=0.5432 l2=0.2000 label_smoothing=0.000
D step=5/5 epoch=2/3 loss=0.5368 l2=0.2000 label_smoothing=0.000
D step=5/5 epoch=3/3 loss=0.5371 l2=0.2000 label_smoothing=0.000
ADV epoch=76/200 g_loss=0.0646 d_loss=0.5248 reward=0.4143 reward_var=0.0217 unique=0.5200
D step=1/5 epoch=1/3 loss=0.5672 l2=0.2000 label_smoothing=0.000
D step=1/5 epoch=2/3 loss=0.5300 l2=0.2000 label_smoothing=0.000
D step=1/5 epoch=3/3 loss=0.5221 l2=0.2000 label_smoothing=0.000
D step=2/5 epoch=1/3 loss=0.5431 l2=0.2000 label_smoothing=0.000
D step=2/5 epoch=2/3 loss=0.5331 l2=0.2000 label_smoothing=0.000
D step=2/5 epoch=3/3 loss=0.5248 l2=0.2000 label_smoothing=0.000
D step=3/5 epoch=1/3 loss=0.5241 l2=0.2000 label_smoothing=0.000
D step=3/5 epoch=2/3 loss=0.5225 l2=0.2000 label_smoothing=0.000
D step=3/5 epoch=3/3 loss=0.5160 l2=0.2000 label_smoothing=0.000
D step=4/5 epoch=1/3 loss=0.5226 l2=0.2000 label_smoothing=0.000
D step=4/5 epoch=2/3 loss=0.5175 l2=0.2000 label_smoothing=0.000
D step=4/5 epoch=3/3 loss=0.5107 l2=0.2000 label_smoothing=0.000
D step=5/5 epoch=1/3 loss=0.5547 l2=0.2000 label_smoothing=0.000
D step=5/5 epoch=2/3 loss=0.5427 l2=0.2000 label_smoothing=0.000
D step=5/5 epoch=3/3 loss=0.5209 l2=0.2000 label_smoothing=0.000
ADV epoch=77/200 g_loss=0.0661 d_loss=0.5301 reward=0.3858 reward_var=0.0303 unique=0.5600
D step=1/5 epoch=1/3 loss=0.5337 l2=0.2000 label_smoothing=0.000
D step=1/5 epoch=2/3 loss=0.5166 l2=0.2000 label_smoothing=0.000
D step=1/5 epoch=3/3 loss=0.5095 l2=0.2000 label_smoothing=0.000
D step=2/5 epoch=1/3 loss=0.4948 l2=0.2000 label_smoothing=0.000
D step=2/5 epoch=2/3 loss=0.4992 l2=0.2000 label_smoothing=0.000
D step=2/5 epoch=3/3 loss=0.4914 l2=0.2000 label_smoothing=0.000
D step=3/5 epoch=1/3 loss=0.5222 l2=0.2000 label_smoothing=0.000
D step=3/5 epoch=2/3 loss=0.5082 l2=0.2000 label_smoothing=0.000
D step=3/5 epoch=3/3 loss=0.5015 l2=0.2000 label_smoothing=0.000
D step=4/5 epoch=1/3 loss=0.5218 l2=0.2000 label_smoothing=0.000
D step=4/5 epoch=2/3 loss=0.5121 l2=0.2000 label_smoothing=0.000
D step=4/5 epoch=3/3 loss=0.5075 l2=0.2000 label_smoothing=0.000
D step=5/5 epoch=1/3 loss=0.5354 l2=0.2000 label_smoothing=0.000
D step=5/5 epoch=2/3 loss=0.5301 l2=0.2000 label_smoothing=0.000
D step=5/5 epoch=3/3 loss=0.5279 l2=0.2000 label_smoothing=0.000
ADV epoch=78/200 g_loss=0.0613 d_loss=0.5141 reward=0.3529 reward_var=0.0234 unique=0.5400
D step=1/5 epoch=1/3 loss=0.5451 l2=0.2000 label_smoothing=0.000
D step=1/5 epoch=2/3 loss=0.5245 l2=0.2000 label_smoothing=0.000
D step=1/5 epoch=3/3 loss=0.5152 l2=0.2000 label_smoothing=0.000
D step=2/5 epoch=1/3 loss=0.5380 l2=0.2000 label_smoothing=0.000
D step=2/5 epoch=2/3 loss=0.5423 l2=0.2000 label_smoothing=0.000
D step=2/5 epoch=3/3 loss=0.5299 l2=0.2000 label_smoothing=0.000
D step=3/5 epoch=1/3 loss=0.5134 l2=0.2000 label_smoothing=0.000
D step=3/5 epoch=2/3 loss=0.5092 l2=0.2000 label_smoothing=0.000
D step=3/5 epoch=3/3 loss=0.5049 l2=0.2000 label_smoothing=0.000
D step=4/5 epoch=1/3 loss=0.5196 l2=0.2000 label_smoothing=0.000
D step=4/5 epoch=2/3 loss=0.5157 l2=0.2000 label_smoothing=0.000
D step=4/5 epoch=3/3 loss=0.5134 l2=0.2000 label_smoothing=0.000
D step=5/5 epoch=1/3 loss=0.4994 l2=0.2000 label_smoothing=0.000
D step=5/5 epoch=2/3 loss=0.4969 l2=0.2000 label_smoothing=0.000
D step=5/5 epoch=3/3 loss=0.4941 l2=0.2000 label_smoothing=0.000
ADV epoch=79/200 g_loss=0.0611 d_loss=0.5174 reward=0.3636 reward_var=0.0127 unique=0.4000
D step=1/5 epoch=1/3 loss=0.5450 l2=0.2000 label_smoothing=0.000
D step=1/5 epoch=2/3 loss=0.5326 l2=0.2000 label_smoothing=0.000
D step=1/5 epoch=3/3 loss=0.5212 l2=0.2000 label_smoothing=0.000
D step=2/5 epoch=1/3 loss=0.5374 l2=0.2000 label_smoothing=0.000
D step=2/5 epoch=2/3 loss=0.5347 l2=0.2000 label_smoothing=0.000
D step=2/5 epoch=3/3 loss=0.5277 l2=0.2000 label_smoothing=0.000
D step=3/5 epoch=1/3 loss=0.5287 l2=0.2000 label_smoothing=0.000
D step=3/5 epoch=2/3 loss=0.5203 l2=0.2000 label_smoothing=0.000
D step=3/5 epoch=3/3 loss=0.5112 l2=0.2000 label_smoothing=0.000
D step=4/5 epoch=1/3 loss=0.5454 l2=0.2000 label_smoothing=0.000
D step=4/5 epoch=2/3 loss=0.5370 l2=0.2000 label_smoothing=0.000
D step=4/5 epoch=3/3 loss=0.5258 l2=0.2000 label_smoothing=0.000
D step=5/5 epoch=1/3 loss=0.5073 l2=0.2000 label_smoothing=0.000
D step=5/5 epoch=2/3 loss=0.5012 l2=0.2000 label_smoothing=0.000
D step=5/5 epoch=3/3 loss=0.5056 l2=0.2000 label_smoothing=0.000
ADV epoch=80/200 g_loss=0.0561 d_loss=0.5254 reward=0.3820 reward_var=0.0153 unique=0.4800
D step=1/5 epoch=1/3 loss=0.5276 l2=0.2000 label_smoothing=0.000
D step=1/5 epoch=2/3 loss=0.5118 l2=0.2000 label_smoothing=0.000
D step=1/5 epoch=3/3 loss=0.5048 l2=0.2000 label_smoothing=0.000
D step=2/5 epoch=1/3 loss=0.5183 l2=0.2000 label_smoothing=0.000
D step=2/5 epoch=2/3 loss=0.5102 l2=0.2000 label_smoothing=0.000
D step=2/5 epoch=3/3 loss=0.5039 l2=0.2000 label_smoothing=0.000
D step=3/5 epoch=1/3 loss=0.5512 l2=0.2000 label_smoothing=0.000
D step=3/5 epoch=2/3 loss=0.5458 l2=0.2000 label_smoothing=0.000
D step=3/5 epoch=3/3 loss=0.5397 l2=0.2000 label_smoothing=0.000
D step=4/5 epoch=1/3 loss=0.5097 l2=0.2000 label_smoothing=0.000
D step=4/5 epoch=2/3 loss=0.5101 l2=0.2000 label_smoothing=0.000
D step=4/5 epoch=3/3 loss=0.5012 l2=0.2000 label_smoothing=0.000
D step=5/5 epoch=1/3 loss=0.5312 l2=0.2000 label_smoothing=0.000
D step=5/5 epoch=2/3 loss=0.5234 l2=0.2000 label_smoothing=0.000
D step=5/5 epoch=3/3 loss=0.5166 l2=0.2000 label_smoothing=0.000
ADV epoch=81/200 g_loss=0.0629 d_loss=0.5204 reward=0.3730 reward_var=0.0208 unique=0.5200
D step=1/5 epoch=1/3 loss=0.5459 l2=0.2000 label_smoothing=0.000
D step=1/5 epoch=2/3 loss=0.5292 l2=0.2000 label_smoothing=0.000
D step=1/5 epoch=3/3 loss=0.5250 l2=0.2000 label_smoothing=0.000
D step=2/5 epoch=1/3 loss=0.5301 l2=0.2000 label_smoothing=0.000
D step=2/5 epoch=2/3 loss=0.5208 l2=0.2000 label_smoothing=0.000
D step=2/5 epoch=3/3 loss=0.5173 l2=0.2000 label_smoothing=0.000
D step=3/5 epoch=1/3 loss=0.5334 l2=0.2000 label_smoothing=0.000
D step=3/5 epoch=2/3 loss=0.5267 l2=0.2000 label_smoothing=0.000
D step=3/5 epoch=3/3 loss=0.5174 l2=0.2000 label_smoothing=0.000
D step=4/5 epoch=1/3 loss=0.5295 l2=0.2000 label_smoothing=0.000
D step=4/5 epoch=2/3 loss=0.5282 l2=0.2000 label_smoothing=0.000
D step=4/5 epoch=3/3 loss=0.5144 l2=0.2000 label_smoothing=0.000
D step=5/5 epoch=1/3 loss=0.4958 l2=0.2000 label_smoothing=0.000
D step=5/5 epoch=2/3 loss=0.4879 l2=0.2000 label_smoothing=0.000
D step=5/5 epoch=3/3 loss=0.4938 l2=0.2000 label_smoothing=0.000
ADV epoch=82/200 g_loss=0.0493 d_loss=0.5197 reward=0.3463 reward_var=0.0202 unique=0.5200
D step=1/5 epoch=1/3 loss=0.5307 l2=0.2000 label_smoothing=0.000
D step=1/5 epoch=2/3 loss=0.5115 l2=0.2000 label_smoothing=0.000
D step=1/5 epoch=3/3 loss=0.5067 l2=0.2000 label_smoothing=0.000
D step=2/5 epoch=1/3 loss=0.5524 l2=0.2000 label_smoothing=0.000
D step=2/5 epoch=2/3 loss=0.5432 l2=0.2000 label_smoothing=0.000
D step=2/5 epoch=3/3 loss=0.5388 l2=0.2000 label_smoothing=0.000
D step=3/5 epoch=1/3 loss=0.5269 l2=0.2000 label_smoothing=0.000
D step=3/5 epoch=2/3 loss=0.5166 l2=0.2000 label_smoothing=0.000
D step=3/5 epoch=3/3 loss=0.5134 l2=0.2000 label_smoothing=0.000
D step=4/5 epoch=1/3 loss=0.5311 l2=0.2000 label_smoothing=0.000
D step=4/5 epoch=2/3 loss=0.5269 l2=0.2000 label_smoothing=0.000
D step=4/5 epoch=3/3 loss=0.5274 l2=0.2000 label_smoothing=0.000
D step=5/5 epoch=1/3 loss=0.5320 l2=0.2000 label_smoothing=0.000
D step=5/5 epoch=2/3 loss=0.5312 l2=0.2000 label_smoothing=0.000
D step=5/5 epoch=3/3 loss=0.5244 l2=0.2000 label_smoothing=0.000
ADV epoch=83/200 g_loss=0.0612 d_loss=0.5275 reward=0.3943 reward_var=0.0227 unique=0.4600
D step=1/5 epoch=1/3 loss=0.5275 l2=0.2000 label_smoothing=0.000
D step=1/5 epoch=2/3 loss=0.4988 l2=0.2000 label_smoothing=0.000
D step=1/5 epoch=3/3 loss=0.4979 l2=0.2000 label_smoothing=0.000
D step=2/5 epoch=1/3 loss=0.5252 l2=0.2000 label_smoothing=0.000
D step=2/5 epoch=2/3 loss=0.5231 l2=0.2000 label_smoothing=0.000
D step=2/5 epoch=3/3 loss=0.5176 l2=0.2000 label_smoothing=0.000
D step=3/5 epoch=1/3 loss=0.5072 l2=0.2000 label_smoothing=0.000
D step=3/5 epoch=2/3 loss=0.4908 l2=0.2000 label_smoothing=0.000
D step=3/5 epoch=3/3 loss=0.4853 l2=0.2000 label_smoothing=0.000
D step=4/5 epoch=1/3 loss=0.5481 l2=0.2000 label_smoothing=0.000
D step=4/5 epoch=2/3 loss=0.5392 l2=0.2000 label_smoothing=0.000
D step=4/5 epoch=3/3 loss=0.5313 l2=0.2000 label_smoothing=0.000
D step=5/5 epoch=1/3 loss=0.5202 l2=0.2000 label_smoothing=0.000
D step=5/5 epoch=2/3 loss=0.5197 l2=0.2000 label_smoothing=0.000
D step=5/5 epoch=3/3 loss=0.5179 l2=0.2000 label_smoothing=0.000
ADV epoch=84/200 g_loss=0.0473 d_loss=0.5166 reward=0.3766 reward_var=0.0088 unique=0.3600
D step=1/5 epoch=1/3 loss=0.5394 l2=0.2000 label_smoothing=0.000
D step=1/5 epoch=2/3 loss=0.5254 l2=0.2000 label_smoothing=0.000
D step=1/5 epoch=3/3 loss=0.5140 l2=0.2000 label_smoothing=0.000
D step=2/5 epoch=1/3 loss=0.5230 l2=0.2000 label_smoothing=0.000
D step=2/5 epoch=2/3 loss=0.5115 l2=0.2000 label_smoothing=0.000
D step=2/5 epoch=3/3 loss=0.4959 l2=0.2000 label_smoothing=0.000
D step=3/5 epoch=1/3 loss=0.5353 l2=0.2000 label_smoothing=0.000
D step=3/5 epoch=2/3 loss=0.5199 l2=0.2000 label_smoothing=0.000
D step=3/5 epoch=3/3 loss=0.5097 l2=0.2000 label_smoothing=0.000
D step=4/5 epoch=1/3 loss=0.5322 l2=0.2000 label_smoothing=0.000
D step=4/5 epoch=2/3 loss=0.5228 l2=0.2000 label_smoothing=0.000
D step=4/5 epoch=3/3 loss=0.5219 l2=0.2000 label_smoothing=0.000
D step=5/5 epoch=1/3 loss=0.5321 l2=0.2000 label_smoothing=0.000
D step=5/5 epoch=2/3 loss=0.5315 l2=0.2000 label_smoothing=0.000
D step=5/5 epoch=3/3 loss=0.5236 l2=0.2000 label_smoothing=0.000
ADV epoch=85/200 g_loss=0.0678 d_loss=0.5225 reward=0.3869 reward_var=0.0212 unique=0.3800
D step=1/5 epoch=1/3 loss=0.5270 l2=0.2000 label_smoothing=0.000
D step=1/5 epoch=2/3 loss=0.5088 l2=0.2000 label_smoothing=0.000
D step=1/5 epoch=3/3 loss=0.5007 l2=0.2000 label_smoothing=0.000
D step=2/5 epoch=1/3 loss=0.5001 l2=0.2000 label_smoothing=0.000
D step=2/5 epoch=2/3 loss=0.4941 l2=0.2000 label_smoothing=0.000
D step=2/5 epoch=3/3 loss=0.4852 l2=0.2000 label_smoothing=0.000
D step=3/5 epoch=1/3 loss=0.5299 l2=0.2000 label_smoothing=0.000
D step=3/5 epoch=2/3 loss=0.5246 l2=0.2000 label_smoothing=0.000
D step=3/5 epoch=3/3 loss=0.5126 l2=0.2000 label_smoothing=0.000
D step=4/5 epoch=1/3 loss=0.5215 l2=0.2000 label_smoothing=0.000
D step=4/5 epoch=2/3 loss=0.5227 l2=0.2000 label_smoothing=0.000
D step=4/5 epoch=3/3 loss=0.5176 l2=0.2000 label_smoothing=0.000
D step=5/5 epoch=1/3 loss=0.5420 l2=0.2000 label_smoothing=0.000
D step=5/5 epoch=2/3 loss=0.5332 l2=0.2000 label_smoothing=0.000
D step=5/5 epoch=3/3 loss=0.5278 l2=0.2000 label_smoothing=0.000
ADV epoch=86/200 g_loss=0.0519 d_loss=0.5165 reward=0.3478 reward_var=0.0186 unique=0.4000
D step=1/5 epoch=1/3 loss=0.5620 l2=0.2000 label_smoothing=0.000
D step=1/5 epoch=2/3 loss=0.5468 l2=0.2000 label_smoothing=0.000
D step=1/5 epoch=3/3 loss=0.5367 l2=0.2000 label_smoothing=0.000
D step=2/5 epoch=1/3 loss=0.5179 l2=0.2000 label_smoothing=0.000
D step=2/5 epoch=2/3 loss=0.5094 l2=0.2000 label_smoothing=0.000
D step=2/5 epoch=3/3 loss=0.5098 l2=0.2000 label_smoothing=0.000
D step=3/5 epoch=1/3 loss=0.5080 l2=0.2000 label_smoothing=0.000
D step=3/5 epoch=2/3 loss=0.4985 l2=0.2000 label_smoothing=0.000
D step=3/5 epoch=3/3 loss=0.4936 l2=0.2000 label_smoothing=0.000
D step=4/5 epoch=1/3 loss=0.5360 l2=0.2000 label_smoothing=0.000
D step=4/5 epoch=2/3 loss=0.5329 l2=0.2000 label_smoothing=0.000
D step=4/5 epoch=3/3 loss=0.5183 l2=0.2000 label_smoothing=0.000
D step=5/5 epoch=1/3 loss=0.4983 l2=0.2000 label_smoothing=0.000
D step=5/5 epoch=2/3 loss=0.4934 l2=0.2000 label_smoothing=0.000
D step=5/5 epoch=3/3 loss=0.4942 l2=0.2000 label_smoothing=0.000
ADV epoch=87/200 g_loss=0.0473 d_loss=0.5171 reward=0.3316 reward_var=0.0172 unique=0.4200
D step=1/5 epoch=1/3 loss=0.5646 l2=0.2000 label_smoothing=0.000
D step=1/5 epoch=2/3 loss=0.5394 l2=0.2000 label_smoothing=0.000
D step=1/5 epoch=3/3 loss=0.5178 l2=0.2000 label_smoothing=0.000
D step=2/5 epoch=1/3 loss=0.5608 l2=0.2000 label_smoothing=0.000
D step=2/5 epoch=2/3 loss=0.5431 l2=0.2000 label_smoothing=0.000
D step=2/5 epoch=3/3 loss=0.5362 l2=0.2000 label_smoothing=0.000
D step=3/5 epoch=1/3 loss=0.5216 l2=0.2000 label_smoothing=0.000
D step=3/5 epoch=2/3 loss=0.5148 l2=0.2000 label_smoothing=0.000
D step=3/5 epoch=3/3 loss=0.5144 l2=0.2000 label_smoothing=0.000
D step=4/5 epoch=1/3 loss=0.5089 l2=0.2000 label_smoothing=0.000
D step=4/5 epoch=2/3 loss=0.5055 l2=0.2000 label_smoothing=0.000
D step=4/5 epoch=3/3 loss=0.4986 l2=0.2000 label_smoothing=0.000
D step=5/5 epoch=1/3 loss=0.4980 l2=0.2000 label_smoothing=0.000
D step=5/5 epoch=2/3 loss=0.4949 l2=0.2000 label_smoothing=0.000
D step=5/5 epoch=3/3 loss=0.4881 l2=0.2000 label_smoothing=0.000
ADV epoch=88/200 g_loss=0.0590 d_loss=0.5205 reward=0.3778 reward_var=0.0164 unique=0.3800
D step=1/5 epoch=1/3 loss=0.5656 l2=0.2000 label_smoothing=0.000
D step=1/5 epoch=2/3 loss=0.5380 l2=0.2000 label_smoothing=0.000
D step=1/5 epoch=3/3 loss=0.5214 l2=0.2000 label_smoothing=0.000
D step=2/5 epoch=1/3 loss=0.5308 l2=0.2000 label_smoothing=0.000
D step=2/5 epoch=2/3 loss=0.5297 l2=0.2000 label_smoothing=0.000
D step=2/5 epoch=3/3 loss=0.5256 l2=0.2000 label_smoothing=0.000
D step=3/5 epoch=1/3 loss=0.5235 l2=0.2000 label_smoothing=0.000
D step=3/5 epoch=2/3 loss=0.5198 l2=0.2000 label_smoothing=0.000
D step=3/5 epoch=3/3 loss=0.5152 l2=0.2000 label_smoothing=0.000
D step=4/5 epoch=1/3 loss=0.5331 l2=0.2000 label_smoothing=0.000
D step=4/5 epoch=2/3 loss=0.5323 l2=0.2000 label_smoothing=0.000
D step=4/5 epoch=3/3 loss=0.5207 l2=0.2000 label_smoothing=0.000
D step=5/5 epoch=1/3 loss=0.5046 l2=0.2000 label_smoothing=0.000
D step=5/5 epoch=2/3 loss=0.4958 l2=0.2000 label_smoothing=0.000
D step=5/5 epoch=3/3 loss=0.4893 l2=0.2000 label_smoothing=0.000
ADV epoch=89/200 g_loss=0.0622 d_loss=0.5230 reward=0.3941 reward_var=0.0208 unique=0.4000
D step=1/5 epoch=1/3 loss=0.5432 l2=0.2000 label_smoothing=0.000
D step=1/5 epoch=2/3 loss=0.5145 l2=0.2000 label_smoothing=0.000
D step=1/5 epoch=3/3 loss=0.5051 l2=0.2000 label_smoothing=0.000
D step=2/5 epoch=1/3 loss=0.5338 l2=0.2000 label_smoothing=0.000
D step=2/5 epoch=2/3 loss=0.5316 l2=0.2000 label_smoothing=0.000
D step=2/5 epoch=3/3 loss=0.5281 l2=0.2000 label_smoothing=0.000
D step=3/5 epoch=1/3 loss=0.5824 l2=0.2000 label_smoothing=0.000
D step=3/5 epoch=2/3 loss=0.5649 l2=0.2000 label_smoothing=0.000
D step=3/5 epoch=3/3 loss=0.5377 l2=0.2000 label_smoothing=0.000
D step=4/5 epoch=1/3 loss=0.5360 l2=0.2000 label_smoothing=0.000
D step=4/5 epoch=2/3 loss=0.5234 l2=0.2000 label_smoothing=0.000
D step=4/5 epoch=3/3 loss=0.5171 l2=0.2000 label_smoothing=0.000
D step=5/5 epoch=1/3 loss=0.5119 l2=0.2000 label_smoothing=0.000
D step=5/5 epoch=2/3 loss=0.5097 l2=0.2000 label_smoothing=0.000
D step=5/5 epoch=3/3 loss=0.5057 l2=0.2000 label_smoothing=0.000
ADV epoch=90/200 g_loss=0.0481 d_loss=0.5297 reward=0.3400 reward_var=0.0188 unique=0.4600
D step=1/5 epoch=1/3 loss=0.5445 l2=0.2000 label_smoothing=0.000
D step=1/5 epoch=2/3 loss=0.5201 l2=0.2000 label_smoothing=0.000
D step=1/5 epoch=3/3 loss=0.5155 l2=0.2000 label_smoothing=0.000
D step=2/5 epoch=1/3 loss=0.5492 l2=0.2000 label_smoothing=0.000
D step=2/5 epoch=2/3 loss=0.5470 l2=0.2000 label_smoothing=0.000
D step=2/5 epoch=3/3 loss=0.5377 l2=0.2000 label_smoothing=0.000
D step=3/5 epoch=1/3 loss=0.5151 l2=0.2000 label_smoothing=0.000
D step=3/5 epoch=2/3 loss=0.5111 l2=0.2000 label_smoothing=0.000
D step=3/5 epoch=3/3 loss=0.5072 l2=0.2000 label_smoothing=0.000
D step=4/5 epoch=1/3 loss=0.5236 l2=0.2000 label_smoothing=0.000
D step=4/5 epoch=2/3 loss=0.5201 l2=0.2000 label_smoothing=0.000
D step=4/5 epoch=3/3 loss=0.5153 l2=0.2000 label_smoothing=0.000
D step=5/5 epoch=1/3 loss=0.5023 l2=0.2000 label_smoothing=0.000
D step=5/5 epoch=2/3 loss=0.5016 l2=0.2000 label_smoothing=0.000
D step=5/5 epoch=3/3 loss=0.4940 l2=0.2000 label_smoothing=0.000
ADV epoch=91/200 g_loss=0.0547 d_loss=0.5203 reward=0.3601 reward_var=0.0279 unique=0.4800
D step=1/5 epoch=1/3 loss=0.5183 l2=0.2000 label_smoothing=0.000
D step=1/5 epoch=2/3 loss=0.5074 l2=0.2000 label_smoothing=0.000
D step=1/5 epoch=3/3 loss=0.5054 l2=0.2000 label_smoothing=0.000
D step=2/5 epoch=1/3 loss=0.5342 l2=0.2000 label_smoothing=0.000
D step=2/5 epoch=2/3 loss=0.5164 l2=0.2000 label_smoothing=0.000
D step=2/5 epoch=3/3 loss=0.5108 l2=0.2000 label_smoothing=0.000
D step=3/5 epoch=1/3 loss=0.5191 l2=0.2000 label_smoothing=0.000
D step=3/5 epoch=2/3 loss=0.5114 l2=0.2000 label_smoothing=0.000
D step=3/5 epoch=3/3 loss=0.5104 l2=0.2000 label_smoothing=0.000
D step=4/5 epoch=1/3 loss=0.4845 l2=0.2000 label_smoothing=0.000
D step=4/5 epoch=2/3 loss=0.4806 l2=0.2000 label_smoothing=0.000
D step=4/5 epoch=3/3 loss=0.4775 l2=0.2000 label_smoothing=0.000
D step=5/5 epoch=1/3 loss=0.5229 l2=0.2000 label_smoothing=0.000
D step=5/5 epoch=2/3 loss=0.5135 l2=0.2000 label_smoothing=0.000
D step=5/5 epoch=3/3 loss=0.5089 l2=0.2000 label_smoothing=0.000
ADV epoch=92/200 g_loss=0.0596 d_loss=0.5081 reward=0.3636 reward_var=0.0197 unique=0.4600
D step=1/5 epoch=1/3 loss=0.5038 l2=0.2000 label_smoothing=0.000
D step=1/5 epoch=2/3 loss=0.4790 l2=0.2000 label_smoothing=0.000
D step=1/5 epoch=3/3 loss=0.4720 l2=0.2000 label_smoothing=0.000
D step=2/5 epoch=1/3 loss=0.5936 l2=0.2000 label_smoothing=0.000
D step=2/5 epoch=2/3 loss=0.5676 l2=0.2000 label_smoothing=0.000
D step=2/5 epoch=3/3 loss=0.5332 l2=0.2000 label_smoothing=0.000
D step=3/5 epoch=1/3 loss=0.5181 l2=0.2000 label_smoothing=0.000
D step=3/5 epoch=2/3 loss=0.5175 l2=0.2000 label_smoothing=0.000
D step=3/5 epoch=3/3 loss=0.5135 l2=0.2000 label_smoothing=0.000
D step=4/5 epoch=1/3 loss=0.5103 l2=0.2000 label_smoothing=0.000
D step=4/5 epoch=2/3 loss=0.5073 l2=0.2000 label_smoothing=0.000
D step=4/5 epoch=3/3 loss=0.5065 l2=0.2000 label_smoothing=0.000
D step=5/5 epoch=1/3 loss=0.5262 l2=0.2000 label_smoothing=0.000
D step=5/5 epoch=2/3 loss=0.5215 l2=0.2000 label_smoothing=0.000
D step=5/5 epoch=3/3 loss=0.5195 l2=0.2000 label_smoothing=0.000
ADV epoch=93/200 g_loss=0.0560 d_loss=0.5193 reward=0.3685 reward_var=0.0114 unique=0.4600
D step=1/5 epoch=1/3 loss=0.5253 l2=0.2000 label_smoothing=0.000
D step=1/5 epoch=2/3 loss=0.5071 l2=0.2000 label_smoothing=0.000
D step=1/5 epoch=3/3 loss=0.5026 l2=0.2000 label_smoothing=0.000
D step=2/5 epoch=1/3 loss=0.5194 l2=0.2000 label_smoothing=0.000
D step=2/5 epoch=2/3 loss=0.5107 l2=0.2000 label_smoothing=0.000
D step=2/5 epoch=3/3 loss=0.4993 l2=0.2000 label_smoothing=0.000
D step=3/5 epoch=1/3 loss=0.5196 l2=0.2000 label_smoothing=0.000
D step=3/5 epoch=2/3 loss=0.5081 l2=0.2000 label_smoothing=0.000
D step=3/5 epoch=3/3 loss=0.5035 l2=0.2000 label_smoothing=0.000
D step=4/5 epoch=1/3 loss=0.5689 l2=0.2000 label_smoothing=0.000
D step=4/5 epoch=2/3 loss=0.5481 l2=0.2000 label_smoothing=0.000
D step=4/5 epoch=3/3 loss=0.5407 l2=0.2000 label_smoothing=0.000
D step=5/5 epoch=1/3 loss=0.5198 l2=0.2000 label_smoothing=0.000
D step=5/5 epoch=2/3 loss=0.5146 l2=0.2000 label_smoothing=0.000
D step=5/5 epoch=3/3 loss=0.5106 l2=0.2000 label_smoothing=0.000
ADV epoch=94/200 g_loss=0.0548 d_loss=0.5199 reward=0.3617 reward_var=0.0177 unique=0.4400
D step=1/5 epoch=1/3 loss=0.5283 l2=0.2000 label_smoothing=0.000
D step=1/5 epoch=2/3 loss=0.5103 l2=0.2000 label_smoothing=0.000
D step=1/5 epoch=3/3 loss=0.5060 l2=0.2000 label_smoothing=0.000
D step=2/5 epoch=1/3 loss=0.4939 l2=0.2000 label_smoothing=0.000
D step=2/5 epoch=2/3 loss=0.4768 l2=0.2000 label_smoothing=0.000
D step=2/5 epoch=3/3 loss=0.4666 l2=0.2000 label_smoothing=0.000
D step=3/5 epoch=1/3 loss=0.5632 l2=0.2000 label_smoothing=0.000
D step=3/5 epoch=2/3 loss=0.5376 l2=0.2000 label_smoothing=0.000
D step=3/5 epoch=3/3 loss=0.5199 l2=0.2000 label_smoothing=0.000
D step=4/5 epoch=1/3 loss=0.5356 l2=0.2000 label_smoothing=0.000
D step=4/5 epoch=2/3 loss=0.5346 l2=0.2000 label_smoothing=0.000
D step=4/5 epoch=3/3 loss=0.5250 l2=0.2000 label_smoothing=0.000
D step=5/5 epoch=1/3 loss=0.5190 l2=0.2000 label_smoothing=0.000
D step=5/5 epoch=2/3 loss=0.5188 l2=0.2000 label_smoothing=0.000
D step=5/5 epoch=3/3 loss=0.5130 l2=0.2000 label_smoothing=0.000
ADV epoch=95/200 g_loss=0.0615 d_loss=0.5166 reward=0.3795 reward_var=0.0129 unique=0.5600
D step=1/5 epoch=1/3 loss=0.5246 l2=0.2000 label_smoothing=0.000
D step=1/5 epoch=2/3 loss=0.5135 l2=0.2000 label_smoothing=0.000
D step=1/5 epoch=3/3 loss=0.5076 l2=0.2000 label_smoothing=0.000
D step=2/5 epoch=1/3 loss=0.5270 l2=0.2000 label_smoothing=0.000
D step=2/5 epoch=2/3 loss=0.5226 l2=0.2000 label_smoothing=0.000
D step=2/5 epoch=3/3 loss=0.5044 l2=0.2000 label_smoothing=0.000
D step=3/5 epoch=1/3 loss=0.5166 l2=0.2000 label_smoothing=0.000
D step=3/5 epoch=2/3 loss=0.5147 l2=0.2000 label_smoothing=0.000
D step=3/5 epoch=3/3 loss=0.5112 l2=0.2000 label_smoothing=0.000
D step=4/5 epoch=1/3 loss=0.5474 l2=0.2000 label_smoothing=0.000
D step=4/5 epoch=2/3 loss=0.5458 l2=0.2000 label_smoothing=0.000
D step=4/5 epoch=3/3 loss=0.5444 l2=0.2000 label_smoothing=0.000
D step=5/5 epoch=1/3 loss=0.5376 l2=0.2000 label_smoothing=0.000
D step=5/5 epoch=2/3 loss=0.5334 l2=0.2000 label_smoothing=0.000
D step=5/5 epoch=3/3 loss=0.5259 l2=0.2000 label_smoothing=0.000
ADV epoch=96/200 g_loss=0.0633 d_loss=0.5251 reward=0.3634 reward_var=0.0107 unique=0.4200
D step=1/5 epoch=1/3 loss=0.5146 l2=0.2000 label_smoothing=0.000
D step=1/5 epoch=2/3 loss=0.5053 l2=0.2000 label_smoothing=0.000
D step=1/5 epoch=3/3 loss=0.4982 l2=0.2000 label_smoothing=0.000
D step=2/5 epoch=1/3 loss=0.5233 l2=0.2000 label_smoothing=0.000
D step=2/5 epoch=2/3 loss=0.5121 l2=0.2000 label_smoothing=0.000
D step=2/5 epoch=3/3 loss=0.5041 l2=0.2000 label_smoothing=0.000
D step=3/5 epoch=1/3 loss=0.5255 l2=0.2000 label_smoothing=0.000
D step=3/5 epoch=2/3 loss=0.5193 l2=0.2000 label_smoothing=0.000
D step=3/5 epoch=3/3 loss=0.5135 l2=0.2000 label_smoothing=0.000
D step=4/5 epoch=1/3 loss=0.5029 l2=0.2000 label_smoothing=0.000
D step=4/5 epoch=2/3 loss=0.4917 l2=0.2000 label_smoothing=0.000
D step=4/5 epoch=3/3 loss=0.4867 l2=0.2000 label_smoothing=0.000
D step=5/5 epoch=1/3 loss=0.5336 l2=0.2000 label_smoothing=0.000
D step=5/5 epoch=2/3 loss=0.5229 l2=0.2000 label_smoothing=0.000
D step=5/5 epoch=3/3 loss=0.5155 l2=0.2000 label_smoothing=0.000
ADV epoch=97/200 g_loss=0.0654 d_loss=0.5113 reward=0.3911 reward_var=0.0183 unique=0.5400
D step=1/5 epoch=1/3 loss=0.5727 l2=0.2000 label_smoothing=0.000
D step=1/5 epoch=2/3 loss=0.5503 l2=0.2000 label_smoothing=0.000
D step=1/5 epoch=3/3 loss=0.5330 l2=0.2000 label_smoothing=0.000
D step=2/5 epoch=1/3 loss=0.5251 l2=0.2000 label_smoothing=0.000
D step=2/5 epoch=2/3 loss=0.5204 l2=0.2000 label_smoothing=0.000
D step=2/5 epoch=3/3 loss=0.5186 l2=0.2000 label_smoothing=0.000
D step=3/5 epoch=1/3 loss=0.5215 l2=0.2000 label_smoothing=0.000
D step=3/5 epoch=2/3 loss=0.5159 l2=0.2000 label_smoothing=0.000
D step=3/5 epoch=3/3 loss=0.5153 l2=0.2000 label_smoothing=0.000
D step=4/5 epoch=1/3 loss=0.4974 l2=0.2000 label_smoothing=0.000
D step=4/5 epoch=2/3 loss=0.4927 l2=0.2000 label_smoothing=0.000
D step=4/5 epoch=3/3 loss=0.4921 l2=0.2000 label_smoothing=0.000
D step=5/5 epoch=1/3 loss=0.5521 l2=0.2000 label_smoothing=0.000
D step=5/5 epoch=2/3 loss=0.5420 l2=0.2000 label_smoothing=0.000
D step=5/5 epoch=3/3 loss=0.5445 l2=0.2000 label_smoothing=0.000
ADV epoch=98/200 g_loss=0.0569 d_loss=0.5262 reward=0.3380 reward_var=0.0203 unique=0.5200
D step=1/5 epoch=1/3 loss=0.5569 l2=0.2000 label_smoothing=0.000
D step=1/5 epoch=2/3 loss=0.5331 l2=0.2000 label_smoothing=0.000
D step=1/5 epoch=3/3 loss=0.5215 l2=0.2000 label_smoothing=0.000
D step=2/5 epoch=1/3 loss=0.5252 l2=0.2000 label_smoothing=0.000
D step=2/5 epoch=2/3 loss=0.5183 l2=0.2000 label_smoothing=0.000
D step=2/5 epoch=3/3 loss=0.5141 l2=0.2000 label_smoothing=0.000
D step=3/5 epoch=1/3 loss=0.5132 l2=0.2000 label_smoothing=0.000
D step=3/5 epoch=2/3 loss=0.5125 l2=0.2000 label_smoothing=0.000
D step=3/5 epoch=3/3 loss=0.5043 l2=0.2000 label_smoothing=0.000
D step=4/5 epoch=1/3 loss=0.5267 l2=0.2000 label_smoothing=0.000
D step=4/5 epoch=2/3 loss=0.5266 l2=0.2000 label_smoothing=0.000
D step=4/5 epoch=3/3 loss=0.5131 l2=0.2000 label_smoothing=0.000
D step=5/5 epoch=1/3 loss=0.5260 l2=0.2000 label_smoothing=0.000
D step=5/5 epoch=2/3 loss=0.5177 l2=0.2000 label_smoothing=0.000
D step=5/5 epoch=3/3 loss=0.5065 l2=0.2000 label_smoothing=0.000
ADV epoch=99/200 g_loss=0.0537 d_loss=0.5210 reward=0.3652 reward_var=0.0151 unique=0.4600
D step=1/5 epoch=1/3 loss=0.5491 l2=0.2000 label_smoothing=0.000
D step=1/5 epoch=2/3 loss=0.5273 l2=0.2000 label_smoothing=0.000
D step=1/5 epoch=3/3 loss=0.5165 l2=0.2000 label_smoothing=0.000
D step=2/5 epoch=1/3 loss=0.5234 l2=0.2000 label_smoothing=0.000
D step=2/5 epoch=2/3 loss=0.5165 l2=0.2000 label_smoothing=0.000
D step=2/5 epoch=3/3 loss=0.5099 l2=0.2000 label_smoothing=0.000
D step=3/5 epoch=1/3 loss=0.5763 l2=0.2000 label_smoothing=0.000
D step=3/5 epoch=2/3 loss=0.5586 l2=0.2000 label_smoothing=0.000
D step=3/5 epoch=3/3 loss=0.5434 l2=0.2000 label_smoothing=0.000
D step=4/5 epoch=1/3 loss=0.5205 l2=0.2000 label_smoothing=0.000
D step=4/5 epoch=2/3 loss=0.5190 l2=0.2000 label_smoothing=0.000
D step=4/5 epoch=3/3 loss=0.5170 l2=0.2000 label_smoothing=0.000
D step=5/5 epoch=1/3 loss=0.5459 l2=0.2000 label_smoothing=0.000
D step=5/5 epoch=2/3 loss=0.5396 l2=0.2000 label_smoothing=0.000
D step=5/5 epoch=3/3 loss=0.5377 l2=0.2000 label_smoothing=0.000
ADV epoch=100/200 g_loss=0.0608 d_loss=0.5334 reward=0.3802 reward_var=0.0141 unique=0.4200
D step=1/5 epoch=1/3 loss=0.5201 l2=0.2000 label_smoothing=0.000
D step=1/5 epoch=2/3 loss=0.5094 l2=0.2000 label_smoothing=0.000
D step=1/5 epoch=3/3 loss=0.5053 l2=0.2000 label_smoothing=0.000
D step=2/5 epoch=1/3 loss=0.5289 l2=0.2000 label_smoothing=0.000
D step=2/5 epoch=2/3 loss=0.5233 l2=0.2000 label_smoothing=0.000
D step=2/5 epoch=3/3 loss=0.5125 l2=0.2000 label_smoothing=0.000
D step=3/5 epoch=1/3 loss=0.5221 l2=0.2000 label_smoothing=0.000
D step=3/5 epoch=2/3 loss=0.5157 l2=0.2000 label_smoothing=0.000
D step=3/5 epoch=3/3 loss=0.5162 l2=0.2000 label_smoothing=0.000
D step=4/5 epoch=1/3 loss=0.5301 l2=0.2000 label_smoothing=0.000
D step=4/5 epoch=2/3 loss=0.5303 l2=0.2000 label_smoothing=0.000
D step=4/5 epoch=3/3 loss=0.5274 l2=0.2000 label_smoothing=0.000
D step=5/5 epoch=1/3 loss=0.5365 l2=0.2000 label_smoothing=0.000
D step=5/5 epoch=2/3 loss=0.5356 l2=0.2000 label_smoothing=0.000
D step=5/5 epoch=3/3 loss=0.5282 l2=0.2000 label_smoothing=0.000
ADV epoch=101/200 g_loss=0.0571 d_loss=0.5228 reward=0.3698 reward_var=0.0162 unique=0.4800
D step=1/5 epoch=1/3 loss=0.5230 l2=0.2000 label_smoothing=0.000
D step=1/5 epoch=2/3 loss=0.5093 l2=0.2000 label_smoothing=0.000
D step=1/5 epoch=3/3 loss=0.5018 l2=0.2000 label_smoothing=0.000
D step=2/5 epoch=1/3 loss=0.5478 l2=0.2000 label_smoothing=0.000
D step=2/5 epoch=2/3 loss=0.5447 l2=0.2000 label_smoothing=0.000
D step=2/5 epoch=3/3 loss=0.5288 l2=0.2000 label_smoothing=0.000
D step=3/5 epoch=1/3 loss=0.5278 l2=0.2000 label_smoothing=0.000
D step=3/5 epoch=2/3 loss=0.5275 l2=0.2000 label_smoothing=0.000
D step=3/5 epoch=3/3 loss=0.5208 l2=0.2000 label_smoothing=0.000
D step=4/5 epoch=1/3 loss=0.5344 l2=0.2000 label_smoothing=0.000
D step=4/5 epoch=2/3 loss=0.5274 l2=0.2000 label_smoothing=0.000
D step=4/5 epoch=3/3 loss=0.5266 l2=0.2000 label_smoothing=0.000
D step=5/5 epoch=1/3 loss=0.5176 l2=0.2000 label_smoothing=0.000
D step=5/5 epoch=2/3 loss=0.5227 l2=0.2000 label_smoothing=0.000
D step=5/5 epoch=3/3 loss=0.5136 l2=0.2000 label_smoothing=0.000
ADV epoch=102/200 g_loss=0.0589 d_loss=0.5249 reward=0.3886 reward_var=0.0127 unique=0.4800
D step=1/5 epoch=1/3 loss=0.5184 l2=0.2000 label_smoothing=0.000
D step=1/5 epoch=2/3 loss=0.5105 l2=0.2000 label_smoothing=0.000
D step=1/5 epoch=3/3 loss=0.5013 l2=0.2000 label_smoothing=0.000
D step=2/5 epoch=1/3 loss=0.5638 l2=0.2000 label_smoothing=0.000
D step=2/5 epoch=2/3 loss=0.5532 l2=0.2000 label_smoothing=0.000
D step=2/5 epoch=3/3 loss=0.5475 l2=0.2000 label_smoothing=0.000
D step=3/5 epoch=1/3 loss=0.5371 l2=0.2000 label_smoothing=0.000
D step=3/5 epoch=2/3 loss=0.5310 l2=0.2000 label_smoothing=0.000
D step=3/5 epoch=3/3 loss=0.5286 l2=0.2000 label_smoothing=0.000
D step=4/5 epoch=1/3 loss=0.5013 l2=0.2000 label_smoothing=0.000
D step=4/5 epoch=2/3 loss=0.5001 l2=0.2000 label_smoothing=0.000
D step=4/5 epoch=3/3 loss=0.4887 l2=0.2000 label_smoothing=0.000
D step=5/5 epoch=1/3 loss=0.5222 l2=0.2000 label_smoothing=0.000
D step=5/5 epoch=2/3 loss=0.5186 l2=0.2000 label_smoothing=0.000
D step=5/5 epoch=3/3 loss=0.5063 l2=0.2000 label_smoothing=0.000
ADV epoch=103/200 g_loss=0.0507 d_loss=0.5219 reward=0.3707 reward_var=0.0106 unique=0.4800
D step=1/5 epoch=1/3 loss=0.5580 l2=0.2000 label_smoothing=0.000
D step=1/5 epoch=2/3 loss=0.5420 l2=0.2000 label_smoothing=0.000
D step=1/5 epoch=3/3 loss=0.5316 l2=0.2000 label_smoothing=0.000
D step=2/5 epoch=1/3 loss=0.5516 l2=0.2000 label_smoothing=0.000
D step=2/5 epoch=2/3 loss=0.5495 l2=0.2000 label_smoothing=0.000
D step=2/5 epoch=3/3 loss=0.5417 l2=0.2000 label_smoothing=0.000
D step=3/5 epoch=1/3 loss=0.5299 l2=0.2000 label_smoothing=0.000
D step=3/5 epoch=2/3 loss=0.5251 l2=0.2000 label_smoothing=0.000
D step=3/5 epoch=3/3 loss=0.5198 l2=0.2000 label_smoothing=0.000
D step=4/5 epoch=1/3 loss=0.5442 l2=0.2000 label_smoothing=0.000
D step=4/5 epoch=2/3 loss=0.5277 l2=0.2000 label_smoothing=0.000
D step=4/5 epoch=3/3 loss=0.5179 l2=0.2000 label_smoothing=0.000
D step=5/5 epoch=1/3 loss=0.5079 l2=0.2000 label_smoothing=0.000
D step=5/5 epoch=2/3 loss=0.5061 l2=0.2000 label_smoothing=0.000
D step=5/5 epoch=3/3 loss=0.4981 l2=0.2000 label_smoothing=0.000
ADV epoch=104/200 g_loss=0.0525 d_loss=0.5301 reward=0.3644 reward_var=0.0110 unique=0.3800
D step=1/5 epoch=1/3 loss=0.5406 l2=0.2000 label_smoothing=0.000
D step=1/5 epoch=2/3 loss=0.5271 l2=0.2000 label_smoothing=0.000
D step=1/5 epoch=3/3 loss=0.5179 l2=0.2000 label_smoothing=0.000
D step=2/5 epoch=1/3 loss=0.5229 l2=0.2000 label_smoothing=0.000
D step=2/5 epoch=2/3 loss=0.5172 l2=0.2000 label_smoothing=0.000
D step=2/5 epoch=3/3 loss=0.5063 l2=0.2000 label_smoothing=0.000
D step=3/5 epoch=1/3 loss=0.5509 l2=0.2000 label_smoothing=0.000
D step=3/5 epoch=2/3 loss=0.5414 l2=0.2000 label_smoothing=0.000
D step=3/5 epoch=3/3 loss=0.5271 l2=0.2000 label_smoothing=0.000
D step=4/5 epoch=1/3 loss=0.5262 l2=0.2000 label_smoothing=0.000
D step=4/5 epoch=2/3 loss=0.5207 l2=0.2000 label_smoothing=0.000
D step=4/5 epoch=3/3 loss=0.5174 l2=0.2000 label_smoothing=0.000
D step=5/5 epoch=1/3 loss=0.5363 l2=0.2000 label_smoothing=0.000
D step=5/5 epoch=2/3 loss=0.5275 l2=0.2000 label_smoothing=0.000
D step=5/5 epoch=3/3 loss=0.5257 l2=0.2000 label_smoothing=0.000
ADV epoch=105/200 g_loss=0.0544 d_loss=0.5270 reward=0.3851 reward_var=0.0127 unique=0.4200
D step=1/5 epoch=1/3 loss=0.5168 l2=0.2000 label_smoothing=0.000
D step=1/5 epoch=2/3 loss=0.4956 l2=0.2000 label_smoothing=0.000
D step=1/5 epoch=3/3 loss=0.4935 l2=0.2000 label_smoothing=0.000
D step=2/5 epoch=1/3 loss=0.5606 l2=0.2000 label_smoothing=0.000
D step=2/5 epoch=2/3 loss=0.5453 l2=0.2000 label_smoothing=0.000
D step=2/5 epoch=3/3 loss=0.5398 l2=0.2000 label_smoothing=0.000
D step=3/5 epoch=1/3 loss=0.5308 l2=0.2000 label_smoothing=0.000
D step=3/5 epoch=2/3 loss=0.5261 l2=0.2000 label_smoothing=0.000
D step=3/5 epoch=3/3 loss=0.5222 l2=0.2000 label_smoothing=0.000
D step=4/5 epoch=1/3 loss=0.5216 l2=0.2000 label_smoothing=0.000
D step=4/5 epoch=2/3 loss=0.5105 l2=0.2000 label_smoothing=0.000
D step=4/5 epoch=3/3 loss=0.5072 l2=0.2000 label_smoothing=0.000
D step=5/5 epoch=1/3 loss=0.5285 l2=0.2000 label_smoothing=0.000
D step=5/5 epoch=2/3 loss=0.5212 l2=0.2000 label_smoothing=0.000
D step=5/5 epoch=3/3 loss=0.5161 l2=0.2000 label_smoothing=0.000
ADV epoch=106/200 g_loss=0.0615 d_loss=0.5224 reward=0.3684 reward_var=0.0148 unique=0.3600
D step=1/5 epoch=1/3 loss=0.5173 l2=0.2000 label_smoothing=0.000
D step=1/5 epoch=2/3 loss=0.5040 l2=0.2000 label_smoothing=0.000
D step=1/5 epoch=3/3 loss=0.4966 l2=0.2000 label_smoothing=0.000
D step=2/5 epoch=1/3 loss=0.4847 l2=0.2000 label_smoothing=0.000
D step=2/5 epoch=2/3 loss=0.4785 l2=0.2000 label_smoothing=0.000
D step=2/5 epoch=3/3 loss=0.4772 l2=0.2000 label_smoothing=0.000
D step=3/5 epoch=1/3 loss=0.5260 l2=0.2000 label_smoothing=0.000
D step=3/5 epoch=2/3 loss=0.5050 l2=0.2000 label_smoothing=0.000
D step=3/5 epoch=3/3 loss=0.4983 l2=0.2000 label_smoothing=0.000
D step=4/5 epoch=1/3 loss=0.5258 l2=0.2000 label_smoothing=0.000
D step=4/5 epoch=2/3 loss=0.5040 l2=0.2000 label_smoothing=0.000
D step=4/5 epoch=3/3 loss=0.5027 l2=0.2000 label_smoothing=0.000
D step=5/5 epoch=1/3 loss=0.5193 l2=0.2000 label_smoothing=0.000
D step=5/5 epoch=2/3 loss=0.5160 l2=0.2000 label_smoothing=0.000
D step=5/5 epoch=3/3 loss=0.5097 l2=0.2000 label_smoothing=0.000
ADV epoch=107/200 g_loss=0.0416 d_loss=0.5043 reward=0.3147 reward_var=0.0107 unique=0.4400
D step=1/5 epoch=1/3 loss=0.5138 l2=0.2000 label_smoothing=0.000
D step=1/5 epoch=2/3 loss=0.4920 l2=0.2000 label_smoothing=0.000
D step=1/5 epoch=3/3 loss=0.4784 l2=0.2000 label_smoothing=0.000
D step=2/5 epoch=1/3 loss=0.5379 l2=0.2000 label_smoothing=0.000
D step=2/5 epoch=2/3 loss=0.5240 l2=0.2000 label_smoothing=0.000
D step=2/5 epoch=3/3 loss=0.5135 l2=0.2000 label_smoothing=0.000
D step=3/5 epoch=1/3 loss=0.5335 l2=0.2000 label_smoothing=0.000
D step=3/5 epoch=2/3 loss=0.5295 l2=0.2000 label_smoothing=0.000
D step=3/5 epoch=3/3 loss=0.5224 l2=0.2000 label_smoothing=0.000
D step=4/5 epoch=1/3 loss=0.5043 l2=0.2000 label_smoothing=0.000
D step=4/5 epoch=2/3 loss=0.5015 l2=0.2000 label_smoothing=0.000
D step=4/5 epoch=3/3 loss=0.4974 l2=0.2000 label_smoothing=0.000
D step=5/5 epoch=1/3 loss=0.4989 l2=0.2000 label_smoothing=0.000
D step=5/5 epoch=2/3 loss=0.4925 l2=0.2000 label_smoothing=0.000
D step=5/5 epoch=3/3 loss=0.4932 l2=0.2000 label_smoothing=0.000
ADV epoch=108/200 g_loss=0.0444 d_loss=0.5089 reward=0.3210 reward_var=0.0131 unique=0.3000
D step=1/5 epoch=1/3 loss=0.5221 l2=0.2000 label_smoothing=0.000
D step=1/5 epoch=2/3 loss=0.5045 l2=0.2000 label_smoothing=0.000
D step=1/5 epoch=3/3 loss=0.4955 l2=0.2000 label_smoothing=0.000
D step=2/5 epoch=1/3 loss=0.5179 l2=0.2000 label_smoothing=0.000
D step=2/5 epoch=2/3 loss=0.5160 l2=0.2000 label_smoothing=0.000
D step=2/5 epoch=3/3 loss=0.5127 l2=0.2000 label_smoothing=0.000
D step=3/5 epoch=1/3 loss=0.5256 l2=0.2000 label_smoothing=0.000
D step=3/5 epoch=2/3 loss=0.5242 l2=0.2000 label_smoothing=0.000
D step=3/5 epoch=3/3 loss=0.5178 l2=0.2000 label_smoothing=0.000
D step=4/5 epoch=1/3 loss=0.5213 l2=0.2000 label_smoothing=0.000
D step=4/5 epoch=2/3 loss=0.5095 l2=0.2000 label_smoothing=0.000
D step=4/5 epoch=3/3 loss=0.5031 l2=0.2000 label_smoothing=0.000
D step=5/5 epoch=1/3 loss=0.5257 l2=0.2000 label_smoothing=0.000
D step=5/5 epoch=2/3 loss=0.5205 l2=0.2000 label_smoothing=0.000
D step=5/5 epoch=3/3 loss=0.5133 l2=0.2000 label_smoothing=0.000
ADV epoch=109/200 g_loss=0.0604 d_loss=0.5153 reward=0.3841 reward_var=0.0202 unique=0.3400
D step=1/5 epoch=1/3 loss=0.5074 l2=0.2000 label_smoothing=0.000
D step=1/5 epoch=2/3 loss=0.4918 l2=0.2000 label_smoothing=0.000
D step=1/5 epoch=3/3 loss=0.4828 l2=0.2000 label_smoothing=0.000
D step=2/5 epoch=1/3 loss=0.5181 l2=0.2000 label_smoothing=0.000
D step=2/5 epoch=2/3 loss=0.5151 l2=0.2000 label_smoothing=0.000
D step=2/5 epoch=3/3 loss=0.5062 l2=0.2000 label_smoothing=0.000
D step=3/5 epoch=1/3 loss=0.5080 l2=0.2000 label_smoothing=0.000
D step=3/5 epoch=2/3 loss=0.5031 l2=0.2000 label_smoothing=0.000
D step=3/5 epoch=3/3 loss=0.4933 l2=0.2000 label_smoothing=0.000
D step=4/5 epoch=1/3 loss=0.4995 l2=0.2000 label_smoothing=0.000
D step=4/5 epoch=2/3 loss=0.4978 l2=0.2000 label_smoothing=0.000
D step=4/5 epoch=3/3 loss=0.4910 l2=0.2000 label_smoothing=0.000
D step=5/5 epoch=1/3 loss=0.4749 l2=0.2000 label_smoothing=0.000
D step=5/5 epoch=2/3 loss=0.4753 l2=0.2000 label_smoothing=0.000
D step=5/5 epoch=3/3 loss=0.4699 l2=0.2000 label_smoothing=0.000
ADV epoch=110/200 g_loss=0.0518 d_loss=0.4956 reward=0.3987 reward_var=0.0100 unique=0.3800
D step=1/5 epoch=1/3 loss=0.4874 l2=0.2000 label_smoothing=0.000
D step=1/5 epoch=2/3 loss=0.4709 l2=0.2000 label_smoothing=0.000
D step=1/5 epoch=3/3 loss=0.4666 l2=0.2000 label_smoothing=0.000
D step=2/5 epoch=1/3 loss=0.4990 l2=0.2000 label_smoothing=0.000
D step=2/5 epoch=2/3 loss=0.4869 l2=0.2000 label_smoothing=0.000
D step=2/5 epoch=3/3 loss=0.4840 l2=0.2000 label_smoothing=0.000
D step=3/5 epoch=1/3 loss=0.5097 l2=0.2000 label_smoothing=0.000
D step=3/5 epoch=2/3 loss=0.5073 l2=0.2000 label_smoothing=0.000
D step=3/5 epoch=3/3 loss=0.4990 l2=0.2000 label_smoothing=0.000
D step=4/5 epoch=1/3 loss=0.4978 l2=0.2000 label_smoothing=0.000
D step=4/5 epoch=2/3 loss=0.4965 l2=0.2000 label_smoothing=0.000
D step=4/5 epoch=3/3 loss=0.4912 l2=0.2000 label_smoothing=0.000
D step=5/5 epoch=1/3 loss=0.5055 l2=0.2000 label_smoothing=0.000
D step=5/5 epoch=2/3 loss=0.4929 l2=0.2000 label_smoothing=0.000
D step=5/5 epoch=3/3 loss=0.4824 l2=0.2000 label_smoothing=0.000
ADV epoch=111/200 g_loss=0.0495 d_loss=0.4918 reward=0.3719 reward_var=0.0163 unique=0.3000
D step=1/5 epoch=1/3 loss=0.5076 l2=0.2000 label_smoothing=0.000
D step=1/5 epoch=2/3 loss=0.4863 l2=0.2000 label_smoothing=0.000
D step=1/5 epoch=3/3 loss=0.4823 l2=0.2000 label_smoothing=0.000
D step=2/5 epoch=1/3 loss=0.4999 l2=0.2000 label_smoothing=0.000
D step=2/5 epoch=2/3 loss=0.5018 l2=0.2000 label_smoothing=0.000
D step=2/5 epoch=3/3 loss=0.4947 l2=0.2000 label_smoothing=0.000
D step=3/5 epoch=1/3 loss=0.5184 l2=0.2000 label_smoothing=0.000
D step=3/5 epoch=2/3 loss=0.5067 l2=0.2000 label_smoothing=0.000
D step=3/5 epoch=3/3 loss=0.5002 l2=0.2000 label_smoothing=0.000
D step=4/5 epoch=1/3 loss=0.5117 l2=0.2000 label_smoothing=0.000
D step=4/5 epoch=2/3 loss=0.5117 l2=0.2000 label_smoothing=0.000
D step=4/5 epoch=3/3 loss=0.5082 l2=0.2000 label_smoothing=0.000
D step=5/5 epoch=1/3 loss=0.4934 l2=0.2000 label_smoothing=0.000
D step=5/5 epoch=2/3 loss=0.4856 l2=0.2000 label_smoothing=0.000
D step=5/5 epoch=3/3 loss=0.4837 l2=0.2000 label_smoothing=0.000
ADV epoch=112/200 g_loss=0.0500 d_loss=0.4995 reward=0.3347 reward_var=0.0186 unique=0.3400
D step=1/5 epoch=1/3 loss=0.5095 l2=0.2000 label_smoothing=0.000
D step=1/5 epoch=2/3 loss=0.4945 l2=0.2000 label_smoothing=0.000
D step=1/5 epoch=3/3 loss=0.4900 l2=0.2000 label_smoothing=0.000
D step=2/5 epoch=1/3 loss=0.4903 l2=0.2000 label_smoothing=0.000
D step=2/5 epoch=2/3 loss=0.4844 l2=0.2000 label_smoothing=0.000
D step=2/5 epoch=3/3 loss=0.4762 l2=0.2000 label_smoothing=0.000
D step=3/5 epoch=1/3 loss=0.5225 l2=0.2000 label_smoothing=0.000
D step=3/5 epoch=2/3 loss=0.5179 l2=0.2000 label_smoothing=0.000
D step=3/5 epoch=3/3 loss=0.5051 l2=0.2000 label_smoothing=0.000
D step=4/5 epoch=1/3 loss=0.5196 l2=0.2000 label_smoothing=0.000
D step=4/5 epoch=2/3 loss=0.5182 l2=0.2000 label_smoothing=0.000
D step=4/5 epoch=3/3 loss=0.5145 l2=0.2000 label_smoothing=0.000
D step=5/5 epoch=1/3 loss=0.4945 l2=0.2000 label_smoothing=0.000
D step=5/5 epoch=2/3 loss=0.4962 l2=0.2000 label_smoothing=0.000
D step=5/5 epoch=3/3 loss=0.4935 l2=0.2000 label_smoothing=0.000
ADV epoch=113/200 g_loss=0.0545 d_loss=0.5018 reward=0.3634 reward_var=0.0177 unique=0.3800
D step=1/5 epoch=1/3 loss=0.5045 l2=0.2000 label_smoothing=0.000
D step=1/5 epoch=2/3 loss=0.4927 l2=0.2000 label_smoothing=0.000
D step=1/5 epoch=3/3 loss=0.4907 l2=0.2000 label_smoothing=0.000
D step=2/5 epoch=1/3 loss=0.5263 l2=0.2000 label_smoothing=0.000
D step=2/5 epoch=2/3 loss=0.5199 l2=0.2000 label_smoothing=0.000
D step=2/5 epoch=3/3 loss=0.5111 l2=0.2000 label_smoothing=0.000
D step=3/5 epoch=1/3 loss=0.5037 l2=0.2000 label_smoothing=0.000
D step=3/5 epoch=2/3 loss=0.5001 l2=0.2000 label_smoothing=0.000
D step=3/5 epoch=3/3 loss=0.4989 l2=0.2000 label_smoothing=0.000
D step=4/5 epoch=1/3 loss=0.5470 l2=0.2000 label_smoothing=0.000
D step=4/5 epoch=2/3 loss=0.5366 l2=0.2000 label_smoothing=0.000
D step=4/5 epoch=3/3 loss=0.5320 l2=0.2000 label_smoothing=0.000
D step=5/5 epoch=1/3 loss=0.5104 l2=0.2000 label_smoothing=0.000
D step=5/5 epoch=2/3 loss=0.5053 l2=0.2000 label_smoothing=0.000
D step=5/5 epoch=3/3 loss=0.5080 l2=0.2000 label_smoothing=0.000
ADV epoch=114/200 g_loss=0.0466 d_loss=0.5125 reward=0.3545 reward_var=0.0105 unique=0.3600
D step=1/5 epoch=1/3 loss=0.5712 l2=0.2000 label_smoothing=0.000
D step=1/5 epoch=2/3 loss=0.5481 l2=0.2000 label_smoothing=0.000
D step=1/5 epoch=3/3 loss=0.5364 l2=0.2000 label_smoothing=0.000
D step=2/5 epoch=1/3 loss=0.5204 l2=0.2000 label_smoothing=0.000
D step=2/5 epoch=2/3 loss=0.5159 l2=0.2000 label_smoothing=0.000
D step=2/5 epoch=3/3 loss=0.5090 l2=0.2000 label_smoothing=0.000
D step=3/5 epoch=1/3 loss=0.5422 l2=0.2000 label_smoothing=0.000
D step=3/5 epoch=2/3 loss=0.5438 l2=0.2000 label_smoothing=0.000
D step=3/5 epoch=3/3 loss=0.5403 l2=0.2000 label_smoothing=0.000
D step=4/5 epoch=1/3 loss=0.5110 l2=0.2000 label_smoothing=0.000
D step=4/5 epoch=2/3 loss=0.5074 l2=0.2000 label_smoothing=0.000
D step=4/5 epoch=3/3 loss=0.4995 l2=0.2000 label_smoothing=0.000
D step=5/5 epoch=1/3 loss=0.5015 l2=0.2000 label_smoothing=0.000
D step=5/5 epoch=2/3 loss=0.4966 l2=0.2000 label_smoothing=0.000
D step=5/5 epoch=3/3 loss=0.4922 l2=0.2000 label_smoothing=0.000
ADV epoch=115/200 g_loss=0.0581 d_loss=0.5224 reward=0.3718 reward_var=0.0175 unique=0.3600
D step=1/5 epoch=1/3 loss=0.5304 l2=0.2000 label_smoothing=0.000
D step=1/5 epoch=2/3 loss=0.5101 l2=0.2000 label_smoothing=0.000
D step=1/5 epoch=3/3 loss=0.5086 l2=0.2000 label_smoothing=0.000
D step=2/5 epoch=1/3 loss=0.5019 l2=0.2000 label_smoothing=0.000
D step=2/5 epoch=2/3 loss=0.5012 l2=0.2000 label_smoothing=0.000
D step=2/5 epoch=3/3 loss=0.5019 l2=0.2000 label_smoothing=0.000
D step=3/5 epoch=1/3 loss=0.4977 l2=0.2000 label_smoothing=0.000
D step=3/5 epoch=2/3 loss=0.4920 l2=0.2000 label_smoothing=0.000
D step=3/5 epoch=3/3 loss=0.4844 l2=0.2000 label_smoothing=0.000
D step=4/5 epoch=1/3 loss=0.5181 l2=0.2000 label_smoothing=0.000
D step=4/5 epoch=2/3 loss=0.5095 l2=0.2000 label_smoothing=0.000
D step=4/5 epoch=3/3 loss=0.5017 l2=0.2000 label_smoothing=0.000
D step=5/5 epoch=1/3 loss=0.5503 l2=0.2000 label_smoothing=0.000
D step=5/5 epoch=2/3 loss=0.5510 l2=0.2000 label_smoothing=0.000
D step=5/5 epoch=3/3 loss=0.5358 l2=0.2000 label_smoothing=0.000
ADV epoch=116/200 g_loss=0.0529 d_loss=0.5130 reward=0.3415 reward_var=0.0136 unique=0.4800
D step=1/5 epoch=1/3 loss=0.5213 l2=0.2000 label_smoothing=0.000
D step=1/5 epoch=2/3 loss=0.4994 l2=0.2000 label_smoothing=0.000
D step=1/5 epoch=3/3 loss=0.4933 l2=0.2000 label_smoothing=0.000
D step=2/5 epoch=1/3 loss=0.5212 l2=0.2000 label_smoothing=0.000
D step=2/5 epoch=2/3 loss=0.5124 l2=0.2000 label_smoothing=0.000
D step=2/5 epoch=3/3 loss=0.4970 l2=0.2000 label_smoothing=0.000
D step=3/5 epoch=1/3 loss=0.5331 l2=0.2000 label_smoothing=0.000
D step=3/5 epoch=2/3 loss=0.5246 l2=0.2000 label_smoothing=0.000
D step=3/5 epoch=3/3 loss=0.5187 l2=0.2000 label_smoothing=0.000
D step=4/5 epoch=1/3 loss=0.5078 l2=0.2000 label_smoothing=0.000
D step=4/5 epoch=2/3 loss=0.5012 l2=0.2000 label_smoothing=0.000
D step=4/5 epoch=3/3 loss=0.4973 l2=0.2000 label_smoothing=0.000
D step=5/5 epoch=1/3 loss=0.4996 l2=0.2000 label_smoothing=0.000
D step=5/5 epoch=2/3 loss=0.4953 l2=0.2000 label_smoothing=0.000
D step=5/5 epoch=3/3 loss=0.4937 l2=0.2000 label_smoothing=0.000
ADV epoch=117/200 g_loss=0.0513 d_loss=0.5077 reward=0.3519 reward_var=0.0125 unique=0.3400
D step=1/5 epoch=1/3 loss=0.5407 l2=0.2000 label_smoothing=0.000
D step=1/5 epoch=2/3 loss=0.5301 l2=0.2000 label_smoothing=0.000
D step=1/5 epoch=3/3 loss=0.5165 l2=0.2000 label_smoothing=0.000
D step=2/5 epoch=1/3 loss=0.5493 l2=0.2000 label_smoothing=0.000
D step=2/5 epoch=2/3 loss=0.5399 l2=0.2000 label_smoothing=0.000
D step=2/5 epoch=3/3 loss=0.5306 l2=0.2000 label_smoothing=0.000
D step=3/5 epoch=1/3 loss=0.5455 l2=0.2000 label_smoothing=0.000
D step=3/5 epoch=2/3 loss=0.5378 l2=0.2000 label_smoothing=0.000
D step=3/5 epoch=3/3 loss=0.5318 l2=0.2000 label_smoothing=0.000
D step=4/5 epoch=1/3 loss=0.5510 l2=0.2000 label_smoothing=0.000
D step=4/5 epoch=2/3 loss=0.5407 l2=0.2000 label_smoothing=0.000
D step=4/5 epoch=3/3 loss=0.5374 l2=0.2000 label_smoothing=0.000
D step=5/5 epoch=1/3 loss=0.5583 l2=0.2000 label_smoothing=0.000
D step=5/5 epoch=2/3 loss=0.5512 l2=0.2000 label_smoothing=0.000
D step=5/5 epoch=3/3 loss=0.5483 l2=0.2000 label_smoothing=0.000
ADV epoch=118/200 g_loss=0.0524 d_loss=0.5406 reward=0.3478 reward_var=0.0229 unique=0.4800
D step=1/5 epoch=1/3 loss=0.5511 l2=0.2000 label_smoothing=0.000
D step=1/5 epoch=2/3 loss=0.5316 l2=0.2000 label_smoothing=0.000
D step=1/5 epoch=3/3 loss=0.5260 l2=0.2000 label_smoothing=0.000
D step=2/5 epoch=1/3 loss=0.5349 l2=0.2000 label_smoothing=0.000
D step=2/5 epoch=2/3 loss=0.5177 l2=0.2000 label_smoothing=0.000
D step=2/5 epoch=3/3 loss=0.5159 l2=0.2000 label_smoothing=0.000
D step=3/5 epoch=1/3 loss=0.5445 l2=0.2000 label_smoothing=0.000
D step=3/5 epoch=2/3 loss=0.5310 l2=0.2000 label_smoothing=0.000
D step=3/5 epoch=3/3 loss=0.5223 l2=0.2000 label_smoothing=0.000
D step=4/5 epoch=1/3 loss=0.5597 l2=0.2000 label_smoothing=0.000
D step=4/5 epoch=2/3 loss=0.5429 l2=0.2000 label_smoothing=0.000
D step=4/5 epoch=3/3 loss=0.5361 l2=0.2000 label_smoothing=0.000
D step=5/5 epoch=1/3 loss=0.5206 l2=0.2000 label_smoothing=0.000
D step=5/5 epoch=2/3 loss=0.5164 l2=0.2000 label_smoothing=0.000
D step=5/5 epoch=3/3 loss=0.5151 l2=0.2000 label_smoothing=0.000
ADV epoch=119/200 g_loss=0.0553 d_loss=0.5311 reward=0.3836 reward_var=0.0128 unique=0.5600
D step=1/5 epoch=1/3 loss=0.5278 l2=0.2000 label_smoothing=0.000
D step=1/5 epoch=2/3 loss=0.5113 l2=0.2000 label_smoothing=0.000
D step=1/5 epoch=3/3 loss=0.4982 l2=0.2000 label_smoothing=0.000
D step=2/5 epoch=1/3 loss=0.5398 l2=0.2000 label_smoothing=0.000
D step=2/5 epoch=2/3 loss=0.5212 l2=0.2000 label_smoothing=0.000
D step=2/5 epoch=3/3 loss=0.5216 l2=0.2000 label_smoothing=0.000
D step=3/5 epoch=1/3 loss=0.5361 l2=0.2000 label_smoothing=0.000
D step=3/5 epoch=2/3 loss=0.5261 l2=0.2000 label_smoothing=0.000
D step=3/5 epoch=3/3 loss=0.5212 l2=0.2000 label_smoothing=0.000
D step=4/5 epoch=1/3 loss=0.5458 l2=0.2000 label_smoothing=0.000
D step=4/5 epoch=2/3 loss=0.5456 l2=0.2000 label_smoothing=0.000
D step=4/5 epoch=3/3 loss=0.5398 l2=0.2000 label_smoothing=0.000
D step=5/5 epoch=1/3 loss=0.5256 l2=0.2000 label_smoothing=0.000
D step=5/5 epoch=2/3 loss=0.5201 l2=0.2000 label_smoothing=0.000
D step=5/5 epoch=3/3 loss=0.5155 l2=0.2000 label_smoothing=0.000
ADV epoch=120/200 g_loss=0.0560 d_loss=0.5264 reward=0.3807 reward_var=0.0121 unique=0.3800
D step=1/5 epoch=1/3 loss=0.5475 l2=0.2000 label_smoothing=0.000
D step=1/5 epoch=2/3 loss=0.5245 l2=0.2000 label_smoothing=0.000
D step=1/5 epoch=3/3 loss=0.5162 l2=0.2000 label_smoothing=0.000
D step=2/5 epoch=1/3 loss=0.5246 l2=0.2000 label_smoothing=0.000
D step=2/5 epoch=2/3 loss=0.5132 l2=0.2000 label_smoothing=0.000
D step=2/5 epoch=3/3 loss=0.5132 l2=0.2000 label_smoothing=0.000
D step=3/5 epoch=1/3 loss=0.5272 l2=0.2000 label_smoothing=0.000
D step=3/5 epoch=2/3 loss=0.5235 l2=0.2000 label_smoothing=0.000
D step=3/5 epoch=3/3 loss=0.5201 l2=0.2000 label_smoothing=0.000
D step=4/5 epoch=1/3 loss=0.5373 l2=0.2000 label_smoothing=0.000
D step=4/5 epoch=2/3 loss=0.5315 l2=0.2000 label_smoothing=0.000
D step=4/5 epoch=3/3 loss=0.5191 l2=0.2000 label_smoothing=0.000
D step=5/5 epoch=1/3 loss=0.5296 l2=0.2000 label_smoothing=0.000
D step=5/5 epoch=2/3 loss=0.5280 l2=0.2000 label_smoothing=0.000
D step=5/5 epoch=3/3 loss=0.5229 l2=0.2000 label_smoothing=0.000
ADV epoch=121/200 g_loss=0.0540 d_loss=0.5252 reward=0.3823 reward_var=0.0121 unique=0.4600
D step=1/5 epoch=1/3 loss=0.5501 l2=0.2000 label_smoothing=0.000
D step=1/5 epoch=2/3 loss=0.5460 l2=0.2000 label_smoothing=0.000
D step=1/5 epoch=3/3 loss=0.5317 l2=0.2000 label_smoothing=0.000
D step=2/5 epoch=1/3 loss=0.5148 l2=0.2000 label_smoothing=0.000
D step=2/5 epoch=2/3 loss=0.5135 l2=0.2000 label_smoothing=0.000
D step=2/5 epoch=3/3 loss=0.5091 l2=0.2000 label_smoothing=0.000
D step=3/5 epoch=1/3 loss=0.5144 l2=0.2000 label_smoothing=0.000
D step=3/5 epoch=2/3 loss=0.5109 l2=0.2000 label_smoothing=0.000
D step=3/5 epoch=3/3 loss=0.5103 l2=0.2000 label_smoothing=0.000
D step=4/5 epoch=1/3 loss=0.5446 l2=0.2000 label_smoothing=0.000
D step=4/5 epoch=2/3 loss=0.5346 l2=0.2000 label_smoothing=0.000
D step=4/5 epoch=3/3 loss=0.5243 l2=0.2000 label_smoothing=0.000
D step=5/5 epoch=1/3 loss=0.5191 l2=0.2000 label_smoothing=0.000
D step=5/5 epoch=2/3 loss=0.5116 l2=0.2000 label_smoothing=0.000
D step=5/5 epoch=3/3 loss=0.5068 l2=0.2000 label_smoothing=0.000
ADV epoch=122/200 g_loss=0.0563 d_loss=0.5228 reward=0.3844 reward_var=0.0100 unique=0.4800
D step=1/5 epoch=1/3 loss=0.5288 l2=0.2000 label_smoothing=0.000
D step=1/5 epoch=2/3 loss=0.5187 l2=0.2000 label_smoothing=0.000
D step=1/5 epoch=3/3 loss=0.5116 l2=0.2000 label_smoothing=0.000
D step=2/5 epoch=1/3 loss=0.5452 l2=0.2000 label_smoothing=0.000
D step=2/5 epoch=2/3 loss=0.5335 l2=0.2000 label_smoothing=0.000
D step=2/5 epoch=3/3 loss=0.5230 l2=0.2000 label_smoothing=0.000
D step=3/5 epoch=1/3 loss=0.5280 l2=0.2000 label_smoothing=0.000
D step=3/5 epoch=2/3 loss=0.5149 l2=0.2000 label_smoothing=0.000
D step=3/5 epoch=3/3 loss=0.5056 l2=0.2000 label_smoothing=0.000
D step=4/5 epoch=1/3 loss=0.5366 l2=0.2000 label_smoothing=0.000
D step=4/5 epoch=2/3 loss=0.5129 l2=0.2000 label_smoothing=0.000
D step=4/5 epoch=3/3 loss=0.5075 l2=0.2000 label_smoothing=0.000
D step=5/5 epoch=1/3 loss=0.5232 l2=0.2000 label_smoothing=0.000
D step=5/5 epoch=2/3 loss=0.5228 l2=0.2000 label_smoothing=0.000
D step=5/5 epoch=3/3 loss=0.5190 l2=0.2000 label_smoothing=0.000
ADV epoch=123/200 g_loss=0.0569 d_loss=0.5221 reward=0.3878 reward_var=0.0131 unique=0.4200
D step=1/5 epoch=1/3 loss=0.5550 l2=0.2000 label_smoothing=0.000
D step=1/5 epoch=2/3 loss=0.5404 l2=0.2000 label_smoothing=0.000
D step=1/5 epoch=3/3 loss=0.5351 l2=0.2000 label_smoothing=0.000
D step=2/5 epoch=1/3 loss=0.5347 l2=0.2000 label_smoothing=0.000
D step=2/5 epoch=2/3 loss=0.5286 l2=0.2000 label_smoothing=0.000
D step=2/5 epoch=3/3 loss=0.5210 l2=0.2000 label_smoothing=0.000
D step=3/5 epoch=1/3 loss=0.5621 l2=0.2000 label_smoothing=0.000
D step=3/5 epoch=2/3 loss=0.5527 l2=0.2000 label_smoothing=0.000
D step=3/5 epoch=3/3 loss=0.5430 l2=0.2000 label_smoothing=0.000
D step=4/5 epoch=1/3 loss=0.5095 l2=0.2000 label_smoothing=0.000
D step=4/5 epoch=2/3 loss=0.5115 l2=0.2000 label_smoothing=0.000
D step=4/5 epoch=3/3 loss=0.5095 l2=0.2000 label_smoothing=0.000
D step=5/5 epoch=1/3 loss=0.5419 l2=0.2000 label_smoothing=0.000
D step=5/5 epoch=2/3 loss=0.5476 l2=0.2000 label_smoothing=0.000
D step=5/5 epoch=3/3 loss=0.5423 l2=0.2000 label_smoothing=0.000
ADV epoch=124/200 g_loss=0.0656 d_loss=0.5357 reward=0.4024 reward_var=0.0187 unique=0.4600
D step=1/5 epoch=1/3 loss=0.5386 l2=0.2000 label_smoothing=0.000
D step=1/5 epoch=2/3 loss=0.5279 l2=0.2000 label_smoothing=0.000
D step=1/5 epoch=3/3 loss=0.5253 l2=0.2000 label_smoothing=0.000
D step=2/5 epoch=1/3 loss=0.5631 l2=0.2000 label_smoothing=0.000
D step=2/5 epoch=2/3 loss=0.5510 l2=0.2000 label_smoothing=0.000
D step=2/5 epoch=3/3 loss=0.5466 l2=0.2000 label_smoothing=0.000
D step=3/5 epoch=1/3 loss=0.5161 l2=0.2000 label_smoothing=0.000
D step=3/5 epoch=2/3 loss=0.5121 l2=0.2000 label_smoothing=0.000
D step=3/5 epoch=3/3 loss=0.5081 l2=0.2000 label_smoothing=0.000
D step=4/5 epoch=1/3 loss=0.5749 l2=0.2000 label_smoothing=0.000
D step=4/5 epoch=2/3 loss=0.5530 l2=0.2000 label_smoothing=0.000
D step=4/5 epoch=3/3 loss=0.5361 l2=0.2000 label_smoothing=0.000
D step=5/5 epoch=1/3 loss=0.5242 l2=0.2000 label_smoothing=0.000
D step=5/5 epoch=2/3 loss=0.5146 l2=0.2000 label_smoothing=0.000
D step=5/5 epoch=3/3 loss=0.5041 l2=0.2000 label_smoothing=0.000
ADV epoch=125/200 g_loss=0.0515 d_loss=0.5330 reward=0.3709 reward_var=0.0056 unique=0.5200
D step=1/5 epoch=1/3 loss=0.5876 l2=0.2000 label_smoothing=0.000
D step=1/5 epoch=2/3 loss=0.5596 l2=0.2000 label_smoothing=0.000
D step=1/5 epoch=3/3 loss=0.5386 l2=0.2000 label_smoothing=0.000
D step=2/5 epoch=1/3 loss=0.5398 l2=0.2000 label_smoothing=0.000
D step=2/5 epoch=2/3 loss=0.5400 l2=0.2000 label_smoothing=0.000
D step=2/5 epoch=3/3 loss=0.5311 l2=0.2000 label_smoothing=0.000
D step=3/5 epoch=1/3 loss=0.5363 l2=0.2000 label_smoothing=0.000
D step=3/5 epoch=2/3 loss=0.5356 l2=0.2000 label_smoothing=0.000
D step=3/5 epoch=3/3 loss=0.5289 l2=0.2000 label_smoothing=0.000
D step=4/5 epoch=1/3 loss=0.5435 l2=0.2000 label_smoothing=0.000
D step=4/5 epoch=2/3 loss=0.5400 l2=0.2000 label_smoothing=0.000
D step=4/5 epoch=3/3 loss=0.5361 l2=0.2000 label_smoothing=0.000
D step=5/5 epoch=1/3 loss=0.5242 l2=0.2000 label_smoothing=0.000
D step=5/5 epoch=2/3 loss=0.5165 l2=0.2000 label_smoothing=0.000
D step=5/5 epoch=3/3 loss=0.5111 l2=0.2000 label_smoothing=0.000
ADV epoch=126/200 g_loss=0.0568 d_loss=0.5379 reward=0.3933 reward_var=0.0230 unique=0.4200
D step=1/5 epoch=1/3 loss=0.5266 l2=0.2000 label_smoothing=0.000
D step=1/5 epoch=2/3 loss=0.5118 l2=0.2000 label_smoothing=0.000
D step=1/5 epoch=3/3 loss=0.5125 l2=0.2000 label_smoothing=0.000
D step=2/5 epoch=1/3 loss=0.5347 l2=0.2000 label_smoothing=0.000
D step=2/5 epoch=2/3 loss=0.5300 l2=0.2000 label_smoothing=0.000
D step=2/5 epoch=3/3 loss=0.5243 l2=0.2000 label_smoothing=0.000
D step=3/5 epoch=1/3 loss=0.5873 l2=0.2000 label_smoothing=0.000
D step=3/5 epoch=2/3 loss=0.5537 l2=0.2000 label_smoothing=0.000
D step=3/5 epoch=3/3 loss=0.5411 l2=0.2000 label_smoothing=0.000
D step=4/5 epoch=1/3 loss=0.5439 l2=0.2000 label_smoothing=0.000
D step=4/5 epoch=2/3 loss=0.5402 l2=0.2000 label_smoothing=0.000
D step=4/5 epoch=3/3 loss=0.5410 l2=0.2000 label_smoothing=0.000
D step=5/5 epoch=1/3 loss=0.5354 l2=0.2000 label_smoothing=0.000
D step=5/5 epoch=2/3 loss=0.5280 l2=0.2000 label_smoothing=0.000
D step=5/5 epoch=3/3 loss=0.5314 l2=0.2000 label_smoothing=0.000
ADV epoch=127/200 g_loss=0.0543 d_loss=0.5361 reward=0.4009 reward_var=0.0167 unique=0.4000
D step=1/5 epoch=1/3 loss=0.5279 l2=0.2000 label_smoothing=0.000
D step=1/5 epoch=2/3 loss=0.5175 l2=0.2000 label_smoothing=0.000
D step=1/5 epoch=3/3 loss=0.5112 l2=0.2000 label_smoothing=0.000
D step=2/5 epoch=1/3 loss=0.5439 l2=0.2000 label_smoothing=0.000
D step=2/5 epoch=2/3 loss=0.5245 l2=0.2000 label_smoothing=0.000
D step=2/5 epoch=3/3 loss=0.5242 l2=0.2000 label_smoothing=0.000
D step=3/5 epoch=1/3 loss=0.5271 l2=0.2000 label_smoothing=0.000
D step=3/5 epoch=2/3 loss=0.5285 l2=0.2000 label_smoothing=0.000
D step=3/5 epoch=3/3 loss=0.5246 l2=0.2000 label_smoothing=0.000
D step=4/5 epoch=1/3 loss=0.5295 l2=0.2000 label_smoothing=0.000
D step=4/5 epoch=2/3 loss=0.5302 l2=0.2000 label_smoothing=0.000
D step=4/5 epoch=3/3 loss=0.5267 l2=0.2000 label_smoothing=0.000
D step=5/5 epoch=1/3 loss=0.5701 l2=0.2000 label_smoothing=0.000
D step=5/5 epoch=2/3 loss=0.5488 l2=0.2000 label_smoothing=0.000
D step=5/5 epoch=3/3 loss=0.5388 l2=0.2000 label_smoothing=0.000
ADV epoch=128/200 g_loss=0.0679 d_loss=0.5316 reward=0.3944 reward_var=0.0118 unique=0.4200
D step=1/5 epoch=1/3 loss=0.5108 l2=0.2000 label_smoothing=0.000
D step=1/5 epoch=2/3 loss=0.4977 l2=0.2000 label_smoothing=0.000
D step=1/5 epoch=3/3 loss=0.4965 l2=0.2000 label_smoothing=0.000
D step=2/5 epoch=1/3 loss=0.6336 l2=0.2000 label_smoothing=0.000
D step=2/5 epoch=2/3 loss=0.5894 l2=0.2000 label_smoothing=0.000
D step=2/5 epoch=3/3 loss=0.5658 l2=0.2000 label_smoothing=0.000
D step=3/5 epoch=1/3 loss=0.5420 l2=0.2000 label_smoothing=0.000
D step=3/5 epoch=2/3 loss=0.5269 l2=0.2000 label_smoothing=0.000
D step=3/5 epoch=3/3 loss=0.5251 l2=0.2000 label_smoothing=0.000
D step=4/5 epoch=1/3 loss=0.5152 l2=0.2000 label_smoothing=0.000
D step=4/5 epoch=2/3 loss=0.5130 l2=0.2000 label_smoothing=0.000
D step=4/5 epoch=3/3 loss=0.5068 l2=0.2000 label_smoothing=0.000
D step=5/5 epoch=1/3 loss=0.5440 l2=0.2000 label_smoothing=0.000
D step=5/5 epoch=2/3 loss=0.5379 l2=0.2000 label_smoothing=0.000
D step=5/5 epoch=3/3 loss=0.5357 l2=0.2000 label_smoothing=0.000
ADV epoch=129/200 g_loss=0.0536 d_loss=0.5360 reward=0.3661 reward_var=0.0116 unique=0.4000
D step=1/5 epoch=1/3 loss=0.5526 l2=0.2000 label_smoothing=0.000
D step=1/5 epoch=2/3 loss=0.5385 l2=0.2000 label_smoothing=0.000
D step=1/5 epoch=3/3 loss=0.5329 l2=0.2000 label_smoothing=0.000
D step=2/5 epoch=1/3 loss=0.5437 l2=0.2000 label_smoothing=0.000
D step=2/5 epoch=2/3 loss=0.5384 l2=0.2000 label_smoothing=0.000
D step=2/5 epoch=3/3 loss=0.5307 l2=0.2000 label_smoothing=0.000
D step=3/5 epoch=1/3 loss=0.5976 l2=0.2000 label_smoothing=0.000
D step=3/5 epoch=2/3 loss=0.5829 l2=0.2000 label_smoothing=0.000
D step=3/5 epoch=3/3 loss=0.5638 l2=0.2000 label_smoothing=0.000
D step=4/5 epoch=1/3 loss=0.5284 l2=0.2000 label_smoothing=0.000
D step=4/5 epoch=2/3 loss=0.5297 l2=0.2000 label_smoothing=0.000
D step=4/5 epoch=3/3 loss=0.5234 l2=0.2000 label_smoothing=0.000
D step=5/5 epoch=1/3 loss=0.5228 l2=0.2000 label_smoothing=0.000
D step=5/5 epoch=2/3 loss=0.5251 l2=0.2000 label_smoothing=0.000
D step=5/5 epoch=3/3 loss=0.5246 l2=0.2000 label_smoothing=0.000
ADV epoch=130/200 g_loss=0.0561 d_loss=0.5423 reward=0.3407 reward_var=0.0172 unique=0.3600
D step=1/5 epoch=1/3 loss=0.5215 l2=0.2000 label_smoothing=0.000
D step=1/5 epoch=2/3 loss=0.5193 l2=0.2000 label_smoothing=0.000
D step=1/5 epoch=3/3 loss=0.5091 l2=0.2000 label_smoothing=0.000
D step=2/5 epoch=1/3 loss=0.5372 l2=0.2000 label_smoothing=0.000
D step=2/5 epoch=2/3 loss=0.5323 l2=0.2000 label_smoothing=0.000
D step=2/5 epoch=3/3 loss=0.5283 l2=0.2000 label_smoothing=0.000
D step=3/5 epoch=1/3 loss=0.5478 l2=0.2000 label_smoothing=0.000
D step=3/5 epoch=2/3 loss=0.5356 l2=0.2000 label_smoothing=0.000
D step=3/5 epoch=3/3 loss=0.5250 l2=0.2000 label_smoothing=0.000
D step=4/5 epoch=1/3 loss=0.5271 l2=0.2000 label_smoothing=0.000
D step=4/5 epoch=2/3 loss=0.5248 l2=0.2000 label_smoothing=0.000
D step=4/5 epoch=3/3 loss=0.5184 l2=0.2000 label_smoothing=0.000
D step=5/5 epoch=1/3 loss=0.5184 l2=0.2000 label_smoothing=0.000
D step=5/5 epoch=2/3 loss=0.5158 l2=0.2000 label_smoothing=0.000
D step=5/5 epoch=3/3 loss=0.5090 l2=0.2000 label_smoothing=0.000
ADV epoch=131/200 g_loss=0.0543 d_loss=0.5246 reward=0.3874 reward_var=0.0173 unique=0.3600
D step=1/5 epoch=1/3 loss=0.5644 l2=0.2000 label_smoothing=0.000
D step=1/5 epoch=2/3 loss=0.5365 l2=0.2000 label_smoothing=0.000
D step=1/5 epoch=3/3 loss=0.5405 l2=0.2000 label_smoothing=0.000
D step=2/5 epoch=1/3 loss=0.5331 l2=0.2000 label_smoothing=0.000
D step=2/5 epoch=2/3 loss=0.5307 l2=0.2000 label_smoothing=0.000
D step=2/5 epoch=3/3 loss=0.5204 l2=0.2000 label_smoothing=0.000
D step=3/5 epoch=1/3 loss=0.5426 l2=0.2000 label_smoothing=0.000
D step=3/5 epoch=2/3 loss=0.5397 l2=0.2000 label_smoothing=0.000
D step=3/5 epoch=3/3 loss=0.5299 l2=0.2000 label_smoothing=0.000
D step=4/5 epoch=1/3 loss=0.5567 l2=0.2000 label_smoothing=0.000
D step=4/5 epoch=2/3 loss=0.5520 l2=0.2000 label_smoothing=0.000
D step=4/5 epoch=3/3 loss=0.5476 l2=0.2000 label_smoothing=0.000
D step=5/5 epoch=1/3 loss=0.5418 l2=0.2000 label_smoothing=0.000
D step=5/5 epoch=2/3 loss=0.5392 l2=0.2000 label_smoothing=0.000
D step=5/5 epoch=3/3 loss=0.5320 l2=0.2000 label_smoothing=0.000
ADV epoch=132/200 g_loss=0.0612 d_loss=0.5405 reward=0.3686 reward_var=0.0195 unique=0.4200
D step=1/5 epoch=1/3 loss=0.5453 l2=0.2000 label_smoothing=0.000
D step=1/5 epoch=2/3 loss=0.5316 l2=0.2000 label_smoothing=0.000
D step=1/5 epoch=3/3 loss=0.5235 l2=0.2000 label_smoothing=0.000
D step=2/5 epoch=1/3 loss=0.5392 l2=0.2000 label_smoothing=0.000
D step=2/5 epoch=2/3 loss=0.5241 l2=0.2000 label_smoothing=0.000
D step=2/5 epoch=3/3 loss=0.5217 l2=0.2000 label_smoothing=0.000
D step=3/5 epoch=1/3 loss=0.5242 l2=0.2000 label_smoothing=0.000
D step=3/5 epoch=2/3 loss=0.5222 l2=0.2000 label_smoothing=0.000
D step=3/5 epoch=3/3 loss=0.5224 l2=0.2000 label_smoothing=0.000
D step=4/5 epoch=1/3 loss=0.5316 l2=0.2000 label_smoothing=0.000
D step=4/5 epoch=2/3 loss=0.5254 l2=0.2000 label_smoothing=0.000
D step=4/5 epoch=3/3 loss=0.5166 l2=0.2000 label_smoothing=0.000
D step=5/5 epoch=1/3 loss=0.5292 l2=0.2000 label_smoothing=0.000
D step=5/5 epoch=2/3 loss=0.5249 l2=0.2000 label_smoothing=0.000
D step=5/5 epoch=3/3 loss=0.5250 l2=0.2000 label_smoothing=0.000
ADV epoch=133/200 g_loss=0.0435 d_loss=0.5271 reward=0.3661 reward_var=0.0119 unique=0.4400
D step=1/5 epoch=1/3 loss=0.5428 l2=0.2000 label_smoothing=0.000
D step=1/5 epoch=2/3 loss=0.5307 l2=0.2000 label_smoothing=0.000
D step=1/5 epoch=3/3 loss=0.5223 l2=0.2000 label_smoothing=0.000
D step=2/5 epoch=1/3 loss=0.5310 l2=0.2000 label_smoothing=0.000
D step=2/5 epoch=2/3 loss=0.5259 l2=0.2000 label_smoothing=0.000
D step=2/5 epoch=3/3 loss=0.5085 l2=0.2000 label_smoothing=0.000
D step=3/5 epoch=1/3 loss=0.5366 l2=0.2000 label_smoothing=0.000
D step=3/5 epoch=2/3 loss=0.5332 l2=0.2000 label_smoothing=0.000
D step=3/5 epoch=3/3 loss=0.5363 l2=0.2000 label_smoothing=0.000
D step=4/5 epoch=1/3 loss=0.5425 l2=0.2000 label_smoothing=0.000
D step=4/5 epoch=2/3 loss=0.5422 l2=0.2000 label_smoothing=0.000
D step=4/5 epoch=3/3 loss=0.5301 l2=0.2000 label_smoothing=0.000
D step=5/5 epoch=1/3 loss=0.5298 l2=0.2000 label_smoothing=0.000
D step=5/5 epoch=2/3 loss=0.5329 l2=0.2000 label_smoothing=0.000
D step=5/5 epoch=3/3 loss=0.5250 l2=0.2000 label_smoothing=0.000
ADV epoch=134/200 g_loss=0.0600 d_loss=0.5313 reward=0.3778 reward_var=0.0233 unique=0.4600
D step=1/5 epoch=1/3 loss=0.5462 l2=0.2000 label_smoothing=0.000
D step=1/5 epoch=2/3 loss=0.5376 l2=0.2000 label_smoothing=0.000
D step=1/5 epoch=3/3 loss=0.5322 l2=0.2000 label_smoothing=0.000
D step=2/5 epoch=1/3 loss=0.5265 l2=0.2000 label_smoothing=0.000
D step=2/5 epoch=2/3 loss=0.5193 l2=0.2000 label_smoothing=0.000
D step=2/5 epoch=3/3 loss=0.5131 l2=0.2000 label_smoothing=0.000
D step=3/5 epoch=1/3 loss=0.5360 l2=0.2000 label_smoothing=0.000
D step=3/5 epoch=2/3 loss=0.5397 l2=0.2000 label_smoothing=0.000
D step=3/5 epoch=3/3 loss=0.5362 l2=0.2000 label_smoothing=0.000
D step=4/5 epoch=1/3 loss=0.5339 l2=0.2000 label_smoothing=0.000
D step=4/5 epoch=2/3 loss=0.5307 l2=0.2000 label_smoothing=0.000
D step=4/5 epoch=3/3 loss=0.5237 l2=0.2000 label_smoothing=0.000
D step=5/5 epoch=1/3 loss=0.5137 l2=0.2000 label_smoothing=0.000
D step=5/5 epoch=2/3 loss=0.5062 l2=0.2000 label_smoothing=0.000
D step=5/5 epoch=3/3 loss=0.5029 l2=0.2000 label_smoothing=0.000
ADV epoch=135/200 g_loss=0.0592 d_loss=0.5265 reward=0.3951 reward_var=0.0148 unique=0.4800
D step=1/5 epoch=1/3 loss=0.5217 l2=0.2000 label_smoothing=0.000
D step=1/5 epoch=2/3 loss=0.5105 l2=0.2000 label_smoothing=0.000
D step=1/5 epoch=3/3 loss=0.5021 l2=0.2000 label_smoothing=0.000
D step=2/5 epoch=1/3 loss=0.5446 l2=0.2000 label_smoothing=0.000
D step=2/5 epoch=2/3 loss=0.5401 l2=0.2000 label_smoothing=0.000
D step=2/5 epoch=3/3 loss=0.5228 l2=0.2000 label_smoothing=0.000
D step=3/5 epoch=1/3 loss=0.5330 l2=0.2000 label_smoothing=0.000
D step=3/5 epoch=2/3 loss=0.5311 l2=0.2000 label_smoothing=0.000
D step=3/5 epoch=3/3 loss=0.5200 l2=0.2000 label_smoothing=0.000
D step=4/5 epoch=1/3 loss=0.5213 l2=0.2000 label_smoothing=0.000
D step=4/5 epoch=2/3 loss=0.5196 l2=0.2000 label_smoothing=0.000
D step=4/5 epoch=3/3 loss=0.5179 l2=0.2000 label_smoothing=0.000
D step=5/5 epoch=1/3 loss=0.5454 l2=0.2000 label_smoothing=0.000
D step=5/5 epoch=2/3 loss=0.5372 l2=0.2000 label_smoothing=0.000
D step=5/5 epoch=3/3 loss=0.5304 l2=0.2000 label_smoothing=0.000
ADV epoch=136/200 g_loss=0.0519 d_loss=0.5265 reward=0.4130 reward_var=0.0133 unique=0.4200
D step=1/5 epoch=1/3 loss=0.5549 l2=0.2000 label_smoothing=0.000
D step=1/5 epoch=2/3 loss=0.5408 l2=0.2000 label_smoothing=0.000
D step=1/5 epoch=3/3 loss=0.5354 l2=0.2000 label_smoothing=0.000
D step=2/5 epoch=1/3 loss=0.5203 l2=0.2000 label_smoothing=0.000
D step=2/5 epoch=2/3 loss=0.5169 l2=0.2000 label_smoothing=0.000
D step=2/5 epoch=3/3 loss=0.5138 l2=0.2000 label_smoothing=0.000
D step=3/5 epoch=1/3 loss=0.5782 l2=0.2000 label_smoothing=0.000
D step=3/5 epoch=2/3 loss=0.5512 l2=0.2000 label_smoothing=0.000
D step=3/5 epoch=3/3 loss=0.5459 l2=0.2000 label_smoothing=0.000
D step=4/5 epoch=1/3 loss=0.5178 l2=0.2000 label_smoothing=0.000
D step=4/5 epoch=2/3 loss=0.5109 l2=0.2000 label_smoothing=0.000
D step=4/5 epoch=3/3 loss=0.5089 l2=0.2000 label_smoothing=0.000
D step=5/5 epoch=1/3 loss=0.5496 l2=0.2000 label_smoothing=0.000
D step=5/5 epoch=2/3 loss=0.5369 l2=0.2000 label_smoothing=0.000
D step=5/5 epoch=3/3 loss=0.5364 l2=0.2000 label_smoothing=0.000
ADV epoch=137/200 g_loss=0.0589 d_loss=0.5345 reward=0.4115 reward_var=0.0134 unique=0.3800
D step=1/5 epoch=1/3 loss=0.5919 l2=0.2000 label_smoothing=0.000
D step=1/5 epoch=2/3 loss=0.5587 l2=0.2000 label_smoothing=0.000
D step=1/5 epoch=3/3 loss=0.5539 l2=0.2000 label_smoothing=0.000
D step=2/5 epoch=1/3 loss=0.5444 l2=0.2000 label_smoothing=0.000
D step=2/5 epoch=2/3 loss=0.5440 l2=0.2000 label_smoothing=0.000
D step=2/5 epoch=3/3 loss=0.5324 l2=0.2000 label_smoothing=0.000
D step=3/5 epoch=1/3 loss=0.5577 l2=0.2000 label_smoothing=0.000
D step=3/5 epoch=2/3 loss=0.5568 l2=0.2000 label_smoothing=0.000
D step=3/5 epoch=3/3 loss=0.5433 l2=0.2000 label_smoothing=0.000
D step=4/5 epoch=1/3 loss=0.5346 l2=0.2000 label_smoothing=0.000
D step=4/5 epoch=2/3 loss=0.5300 l2=0.2000 label_smoothing=0.000
D step=4/5 epoch=3/3 loss=0.5302 l2=0.2000 label_smoothing=0.000
D step=5/5 epoch=1/3 loss=0.5723 l2=0.2000 label_smoothing=0.000
D step=5/5 epoch=2/3 loss=0.5493 l2=0.2000 label_smoothing=0.000
D step=5/5 epoch=3/3 loss=0.5425 l2=0.2000 label_smoothing=0.000
ADV epoch=138/200 g_loss=0.0549 d_loss=0.5495 reward=0.3851 reward_var=0.0123 unique=0.4000
D step=1/5 epoch=1/3 loss=0.5341 l2=0.2000 label_smoothing=0.000
D step=1/5 epoch=2/3 loss=0.5201 l2=0.2000 label_smoothing=0.000
D step=1/5 epoch=3/3 loss=0.5176 l2=0.2000 label_smoothing=0.000
D step=2/5 epoch=1/3 loss=0.5150 l2=0.2000 label_smoothing=0.000
D step=2/5 epoch=2/3 loss=0.5056 l2=0.2000 label_smoothing=0.000
D step=2/5 epoch=3/3 loss=0.5004 l2=0.2000 label_smoothing=0.000
D step=3/5 epoch=1/3 loss=0.5545 l2=0.2000 label_smoothing=0.000
D step=3/5 epoch=2/3 loss=0.5481 l2=0.2000 label_smoothing=0.000
D step=3/5 epoch=3/3 loss=0.5406 l2=0.2000 label_smoothing=0.000
D step=4/5 epoch=1/3 loss=0.5250 l2=0.2000 label_smoothing=0.000
D step=4/5 epoch=2/3 loss=0.5275 l2=0.2000 label_smoothing=0.000
D step=4/5 epoch=3/3 loss=0.5212 l2=0.2000 label_smoothing=0.000
D step=5/5 epoch=1/3 loss=0.5306 l2=0.2000 label_smoothing=0.000
D step=5/5 epoch=2/3 loss=0.5312 l2=0.2000 label_smoothing=0.000
D step=5/5 epoch=3/3 loss=0.5163 l2=0.2000 label_smoothing=0.000
ADV epoch=139/200 g_loss=0.0629 d_loss=0.5259 reward=0.4006 reward_var=0.0100 unique=0.3800
D step=1/5 epoch=1/3 loss=0.5526 l2=0.2000 label_smoothing=0.000
D step=1/5 epoch=2/3 loss=0.5409 l2=0.2000 label_smoothing=0.000
D step=1/5 epoch=3/3 loss=0.5357 l2=0.2000 label_smoothing=0.000
D step=2/5 epoch=1/3 loss=0.5637 l2=0.2000 label_smoothing=0.000
D step=2/5 epoch=2/3 loss=0.5509 l2=0.2000 label_smoothing=0.000
D step=2/5 epoch=3/3 loss=0.5397 l2=0.2000 label_smoothing=0.000
D step=3/5 epoch=1/3 loss=0.5480 l2=0.2000 label_smoothing=0.000
D step=3/5 epoch=2/3 loss=0.5373 l2=0.2000 label_smoothing=0.000
D step=3/5 epoch=3/3 loss=0.5352 l2=0.2000 label_smoothing=0.000
D step=4/5 epoch=1/3 loss=0.5561 l2=0.2000 label_smoothing=0.000
D step=4/5 epoch=2/3 loss=0.5473 l2=0.2000 label_smoothing=0.000
D step=4/5 epoch=3/3 loss=0.5493 l2=0.2000 label_smoothing=0.000
D step=5/5 epoch=1/3 loss=0.5460 l2=0.2000 label_smoothing=0.000
D step=5/5 epoch=2/3 loss=0.5464 l2=0.2000 label_smoothing=0.000
D step=5/5 epoch=3/3 loss=0.5406 l2=0.2000 label_smoothing=0.000
ADV epoch=140/200 g_loss=0.0607 d_loss=0.5460 reward=0.3907 reward_var=0.0161 unique=0.3800
D step=1/5 epoch=1/3 loss=0.5582 l2=0.2000 label_smoothing=0.000
D step=1/5 epoch=2/3 loss=0.5406 l2=0.2000 label_smoothing=0.000
D step=1/5 epoch=3/3 loss=0.5362 l2=0.2000 label_smoothing=0.000
D step=2/5 epoch=1/3 loss=0.5392 l2=0.2000 label_smoothing=0.000
D step=2/5 epoch=2/3 loss=0.5332 l2=0.2000 label_smoothing=0.000
D step=2/5 epoch=3/3 loss=0.5215 l2=0.2000 label_smoothing=0.000
D step=3/5 epoch=1/3 loss=0.5079 l2=0.2000 label_smoothing=0.000
D step=3/5 epoch=2/3 loss=0.5006 l2=0.2000 label_smoothing=0.000
D step=3/5 epoch=3/3 loss=0.4938 l2=0.2000 label_smoothing=0.000
D step=4/5 epoch=1/3 loss=0.5398 l2=0.2000 label_smoothing=0.000
D step=4/5 epoch=2/3 loss=0.5215 l2=0.2000 label_smoothing=0.000
D step=4/5 epoch=3/3 loss=0.5169 l2=0.2000 label_smoothing=0.000
D step=5/5 epoch=1/3 loss=0.5663 l2=0.2000 label_smoothing=0.000
D step=5/5 epoch=2/3 loss=0.5551 l2=0.2000 label_smoothing=0.000
D step=5/5 epoch=3/3 loss=0.5492 l2=0.2000 label_smoothing=0.000
ADV epoch=141/200 g_loss=0.0765 d_loss=0.5320 reward=0.4319 reward_var=0.0255 unique=0.4000
D step=1/5 epoch=1/3 loss=0.5729 l2=0.2000 label_smoothing=0.000
D step=1/5 epoch=2/3 loss=0.5535 l2=0.2000 label_smoothing=0.000
D step=1/5 epoch=3/3 loss=0.5469 l2=0.2000 label_smoothing=0.000
D step=2/5 epoch=1/3 loss=0.5743 l2=0.2000 label_smoothing=0.000
D step=2/5 epoch=2/3 loss=0.5765 l2=0.2000 label_smoothing=0.000
D step=2/5 epoch=3/3 loss=0.5693 l2=0.2000 label_smoothing=0.000
D step=3/5 epoch=1/3 loss=0.5427 l2=0.2000 label_smoothing=0.000
D step=3/5 epoch=2/3 loss=0.5409 l2=0.2000 label_smoothing=0.000
D step=3/5 epoch=3/3 loss=0.5377 l2=0.2000 label_smoothing=0.000
D step=4/5 epoch=1/3 loss=0.5240 l2=0.2000 label_smoothing=0.000
D step=4/5 epoch=2/3 loss=0.5232 l2=0.2000 label_smoothing=0.000
D step=4/5 epoch=3/3 loss=0.5179 l2=0.2000 label_smoothing=0.000
D step=5/5 epoch=1/3 loss=0.5846 l2=0.2000 label_smoothing=0.000
D step=5/5 epoch=2/3 loss=0.5662 l2=0.2000 label_smoothing=0.000
D step=5/5 epoch=3/3 loss=0.5639 l2=0.2000 label_smoothing=0.000
ADV epoch=142/200 g_loss=0.0554 d_loss=0.5530 reward=0.3888 reward_var=0.0190 unique=0.3600
D step=1/5 epoch=1/3 loss=0.5470 l2=0.2000 label_smoothing=0.000
D step=1/5 epoch=2/3 loss=0.5222 l2=0.2000 label_smoothing=0.000
D step=1/5 epoch=3/3 loss=0.5266 l2=0.2000 label_smoothing=0.000
D step=2/5 epoch=1/3 loss=0.5764 l2=0.2000 label_smoothing=0.000
D step=2/5 epoch=2/3 loss=0.5489 l2=0.2000 label_smoothing=0.000
D step=2/5 epoch=3/3 loss=0.5478 l2=0.2000 label_smoothing=0.000
D step=3/5 epoch=1/3 loss=0.5488 l2=0.2000 label_smoothing=0.000
D step=3/5 epoch=2/3 loss=0.5484 l2=0.2000 label_smoothing=0.000
D step=3/5 epoch=3/3 loss=0.5438 l2=0.2000 label_smoothing=0.000
D step=4/5 epoch=1/3 loss=0.5465 l2=0.2000 label_smoothing=0.000
D step=4/5 epoch=2/3 loss=0.5421 l2=0.2000 label_smoothing=0.000
D step=4/5 epoch=3/3 loss=0.5300 l2=0.2000 label_smoothing=0.000
D step=5/5 epoch=1/3 loss=0.5451 l2=0.2000 label_smoothing=0.000
D step=5/5 epoch=2/3 loss=0.5394 l2=0.2000 label_smoothing=0.000
D step=5/5 epoch=3/3 loss=0.5319 l2=0.2000 label_smoothing=0.000
ADV epoch=143/200 g_loss=0.0644 d_loss=0.5430 reward=0.4036 reward_var=0.0131 unique=0.5000
D step=1/5 epoch=1/3 loss=0.5596 l2=0.2000 label_smoothing=0.000
D step=1/5 epoch=2/3 loss=0.5425 l2=0.2000 label_smoothing=0.000
D step=1/5 epoch=3/3 loss=0.5325 l2=0.2000 label_smoothing=0.000
D step=2/5 epoch=1/3 loss=0.5528 l2=0.2000 label_smoothing=0.000
D step=2/5 epoch=2/3 loss=0.5520 l2=0.2000 label_smoothing=0.000
D step=2/5 epoch=3/3 loss=0.5467 l2=0.2000 label_smoothing=0.000
D step=3/5 epoch=1/3 loss=0.5636 l2=0.2000 label_smoothing=0.000
D step=3/5 epoch=2/3 loss=0.5540 l2=0.2000 label_smoothing=0.000
D step=3/5 epoch=3/3 loss=0.5490 l2=0.2000 label_smoothing=0.000
D step=4/5 epoch=1/3 loss=0.5602 l2=0.2000 label_smoothing=0.000
D step=4/5 epoch=2/3 loss=0.5600 l2=0.2000 label_smoothing=0.000
D step=4/5 epoch=3/3 loss=0.5529 l2=0.2000 label_smoothing=0.000
D step=5/5 epoch=1/3 loss=0.5403 l2=0.2000 label_smoothing=0.000
D step=5/5 epoch=2/3 loss=0.5444 l2=0.2000 label_smoothing=0.000
D step=5/5 epoch=3/3 loss=0.5340 l2=0.2000 label_smoothing=0.000
ADV epoch=144/200 g_loss=0.0539 d_loss=0.5497 reward=0.3659 reward_var=0.0104 unique=0.4800
D step=1/5 epoch=1/3 loss=0.5815 l2=0.2000 label_smoothing=0.000
D step=1/5 epoch=2/3 loss=0.5467 l2=0.2000 label_smoothing=0.000
D step=1/5 epoch=3/3 loss=0.5201 l2=0.2000 label_smoothing=0.000
D step=2/5 epoch=1/3 loss=0.5641 l2=0.2000 label_smoothing=0.000
D step=2/5 epoch=2/3 loss=0.5521 l2=0.2000 label_smoothing=0.000
D step=2/5 epoch=3/3 loss=0.5460 l2=0.2000 label_smoothing=0.000
D step=3/5 epoch=1/3 loss=0.5560 l2=0.2000 label_smoothing=0.000
D step=3/5 epoch=2/3 loss=0.5432 l2=0.2000 label_smoothing=0.000
D step=3/5 epoch=3/3 loss=0.5398 l2=0.2000 label_smoothing=0.000
D step=4/5 epoch=1/3 loss=0.5532 l2=0.2000 label_smoothing=0.000
D step=4/5 epoch=2/3 loss=0.5438 l2=0.2000 label_smoothing=0.000
D step=4/5 epoch=3/3 loss=0.5498 l2=0.2000 label_smoothing=0.000
D step=5/5 epoch=1/3 loss=0.5505 l2=0.2000 label_smoothing=0.000
D step=5/5 epoch=2/3 loss=0.5496 l2=0.2000 label_smoothing=0.000
D step=5/5 epoch=3/3 loss=0.5389 l2=0.2000 label_smoothing=0.000
ADV epoch=145/200 g_loss=0.0623 d_loss=0.5490 reward=0.3765 reward_var=0.0221 unique=0.4800
D step=1/5 epoch=1/3 loss=0.5650 l2=0.2000 label_smoothing=0.000
D step=1/5 epoch=2/3 loss=0.5405 l2=0.2000 label_smoothing=0.000
D step=1/5 epoch=3/3 loss=0.5303 l2=0.2000 label_smoothing=0.000
D step=2/5 epoch=1/3 loss=0.5396 l2=0.2000 label_smoothing=0.000
D step=2/5 epoch=2/3 loss=0.5362 l2=0.2000 label_smoothing=0.000
D step=2/5 epoch=3/3 loss=0.5305 l2=0.2000 label_smoothing=0.000
D step=3/5 epoch=1/3 loss=0.5326 l2=0.2000 label_smoothing=0.000
D step=3/5 epoch=2/3 loss=0.5316 l2=0.2000 label_smoothing=0.000
D step=3/5 epoch=3/3 loss=0.5267 l2=0.2000 label_smoothing=0.000
D step=4/5 epoch=1/3 loss=0.5688 l2=0.2000 label_smoothing=0.000
D step=4/5 epoch=2/3 loss=0.5514 l2=0.2000 label_smoothing=0.000
D step=4/5 epoch=3/3 loss=0.5451 l2=0.2000 label_smoothing=0.000
D step=5/5 epoch=1/3 loss=0.5612 l2=0.2000 label_smoothing=0.000
D step=5/5 epoch=2/3 loss=0.5544 l2=0.2000 label_smoothing=0.000
D step=5/5 epoch=3/3 loss=0.5550 l2=0.2000 label_smoothing=0.000
ADV epoch=146/200 g_loss=0.0616 d_loss=0.5446 reward=0.4131 reward_var=0.0125 unique=0.5600
D step=1/5 epoch=1/3 loss=0.5153 l2=0.2000 label_smoothing=0.000
D step=1/5 epoch=2/3 loss=0.4966 l2=0.2000 label_smoothing=0.000
D step=1/5 epoch=3/3 loss=0.4837 l2=0.2000 label_smoothing=0.000
D step=2/5 epoch=1/3 loss=0.5927 l2=0.2000 label_smoothing=0.000
D step=2/5 epoch=2/3 loss=0.5743 l2=0.2000 label_smoothing=0.000
D step=2/5 epoch=3/3 loss=0.5536 l2=0.2000 label_smoothing=0.000
D step=3/5 epoch=1/3 loss=0.4962 l2=0.2000 label_smoothing=0.000
D step=3/5 epoch=2/3 loss=0.4899 l2=0.2000 label_smoothing=0.000
D step=3/5 epoch=3/3 loss=0.4881 l2=0.2000 label_smoothing=0.000
D step=4/5 epoch=1/3 loss=0.5596 l2=0.2000 label_smoothing=0.000
D step=4/5 epoch=2/3 loss=0.5579 l2=0.2000 label_smoothing=0.000
D step=4/5 epoch=3/3 loss=0.5430 l2=0.2000 label_smoothing=0.000
D step=5/5 epoch=1/3 loss=0.5259 l2=0.2000 label_smoothing=0.000
D step=5/5 epoch=2/3 loss=0.5217 l2=0.2000 label_smoothing=0.000
D step=5/5 epoch=3/3 loss=0.5156 l2=0.2000 label_smoothing=0.000
ADV epoch=147/200 g_loss=0.0585 d_loss=0.5276 reward=0.3605 reward_var=0.0185 unique=0.4800
D step=1/5 epoch=1/3 loss=0.5731 l2=0.2000 label_smoothing=0.000
D step=1/5 epoch=2/3 loss=0.5445 l2=0.2000 label_smoothing=0.000
D step=1/5 epoch=3/3 loss=0.5445 l2=0.2000 label_smoothing=0.000
D step=2/5 epoch=1/3 loss=0.5341 l2=0.2000 label_smoothing=0.000
D step=2/5 epoch=2/3 loss=0.5269 l2=0.2000 label_smoothing=0.000
D step=2/5 epoch=3/3 loss=0.5221 l2=0.2000 label_smoothing=0.000
D step=3/5 epoch=1/3 loss=0.5358 l2=0.2000 label_smoothing=0.000
D step=3/5 epoch=2/3 loss=0.5416 l2=0.2000 label_smoothing=0.000
D step=3/5 epoch=3/3 loss=0.5270 l2=0.2000 label_smoothing=0.000
D step=4/5 epoch=1/3 loss=0.5044 l2=0.2000 label_smoothing=0.000
D step=4/5 epoch=2/3 loss=0.5059 l2=0.2000 label_smoothing=0.000
D step=4/5 epoch=3/3 loss=0.4950 l2=0.2000 label_smoothing=0.000
D step=5/5 epoch=1/3 loss=0.5404 l2=0.2000 label_smoothing=0.000
D step=5/5 epoch=2/3 loss=0.5375 l2=0.2000 label_smoothing=0.000
D step=5/5 epoch=3/3 loss=0.5295 l2=0.2000 label_smoothing=0.000
ADV epoch=148/200 g_loss=0.0570 d_loss=0.5308 reward=0.3819 reward_var=0.0108 unique=0.3800
D step=1/5 epoch=1/3 loss=0.5497 l2=0.2000 label_smoothing=0.000
D step=1/5 epoch=2/3 loss=0.5358 l2=0.2000 label_smoothing=0.000
D step=1/5 epoch=3/3 loss=0.5274 l2=0.2000 label_smoothing=0.000
D step=2/5 epoch=1/3 loss=0.5526 l2=0.2000 label_smoothing=0.000
D step=2/5 epoch=2/3 loss=0.5378 l2=0.2000 label_smoothing=0.000
D step=2/5 epoch=3/3 loss=0.5315 l2=0.2000 label_smoothing=0.000
D step=3/5 epoch=1/3 loss=0.5125 l2=0.2000 label_smoothing=0.000
D step=3/5 epoch=2/3 loss=0.5104 l2=0.2000 label_smoothing=0.000
D step=3/5 epoch=3/3 loss=0.5029 l2=0.2000 label_smoothing=0.000
D step=4/5 epoch=1/3 loss=0.5689 l2=0.2000 label_smoothing=0.000
D step=4/5 epoch=2/3 loss=0.5569 l2=0.2000 label_smoothing=0.000
D step=4/5 epoch=3/3 loss=0.5320 l2=0.2000 label_smoothing=0.000
D step=5/5 epoch=1/3 loss=0.5419 l2=0.2000 label_smoothing=0.000
D step=5/5 epoch=2/3 loss=0.5272 l2=0.2000 label_smoothing=0.000
D step=5/5 epoch=3/3 loss=0.5169 l2=0.2000 label_smoothing=0.000
ADV epoch=149/200 g_loss=0.0604 d_loss=0.5336 reward=0.3701 reward_var=0.0176 unique=0.4800
D step=1/5 epoch=1/3 loss=0.5341 l2=0.2000 label_smoothing=0.000
D step=1/5 epoch=2/3 loss=0.5176 l2=0.2000 label_smoothing=0.000
D step=1/5 epoch=3/3 loss=0.5106 l2=0.2000 label_smoothing=0.000
D step=2/5 epoch=1/3 loss=0.5592 l2=0.2000 label_smoothing=0.000
D step=2/5 epoch=2/3 loss=0.5520 l2=0.2000 label_smoothing=0.000
D step=2/5 epoch=3/3 loss=0.5452 l2=0.2000 label_smoothing=0.000
D step=3/5 epoch=1/3 loss=0.5205 l2=0.2000 label_smoothing=0.000
D step=3/5 epoch=2/3 loss=0.5119 l2=0.2000 label_smoothing=0.000
D step=3/5 epoch=3/3 loss=0.5058 l2=0.2000 label_smoothing=0.000
D step=4/5 epoch=1/3 loss=0.5309 l2=0.2000 label_smoothing=0.000
D step=4/5 epoch=2/3 loss=0.5180 l2=0.2000 label_smoothing=0.000
D step=4/5 epoch=3/3 loss=0.5135 l2=0.2000 label_smoothing=0.000
D step=5/5 epoch=1/3 loss=0.5371 l2=0.2000 label_smoothing=0.000
D step=5/5 epoch=2/3 loss=0.5289 l2=0.2000 label_smoothing=0.000
D step=5/5 epoch=3/3 loss=0.5324 l2=0.2000 label_smoothing=0.000
ADV epoch=150/200 g_loss=0.0566 d_loss=0.5278 reward=0.3720 reward_var=0.0207 unique=0.4400
D step=1/5 epoch=1/3 loss=0.5663 l2=0.2000 label_smoothing=0.000
D step=1/5 epoch=2/3 loss=0.5269 l2=0.2000 label_smoothing=0.000
D step=1/5 epoch=3/3 loss=0.5239 l2=0.2000 label_smoothing=0.000
D step=2/5 epoch=1/3 loss=0.5045 l2=0.2000 label_smoothing=0.000
D step=2/5 epoch=2/3 loss=0.5003 l2=0.2000 label_smoothing=0.000
D step=2/5 epoch=3/3 loss=0.4908 l2=0.2000 label_smoothing=0.000
D step=3/5 epoch=1/3 loss=0.5046 l2=0.2000 label_smoothing=0.000
D step=3/5 epoch=2/3 loss=0.4986 l2=0.2000 label_smoothing=0.000
D step=3/5 epoch=3/3 loss=0.4907 l2=0.2000 label_smoothing=0.000
D step=4/5 epoch=1/3 loss=0.5010 l2=0.2000 label_smoothing=0.000
D step=4/5 epoch=2/3 loss=0.4985 l2=0.2000 label_smoothing=0.000
D step=4/5 epoch=3/3 loss=0.4887 l2=0.2000 label_smoothing=0.000
D step=5/5 epoch=1/3 loss=0.5038 l2=0.2000 label_smoothing=0.000
D step=5/5 epoch=2/3 loss=0.5007 l2=0.2000 label_smoothing=0.000
D step=5/5 epoch=3/3 loss=0.5056 l2=0.2000 label_smoothing=0.000
ADV epoch=151/200 g_loss=0.0526 d_loss=0.5070 reward=0.3454 reward_var=0.0196 unique=0.4000
D step=1/5 epoch=1/3 loss=0.5111 l2=0.2000 label_smoothing=0.000
D step=1/5 epoch=2/3 loss=0.4996 l2=0.2000 label_smoothing=0.000
D step=1/5 epoch=3/3 loss=0.4959 l2=0.2000 label_smoothing=0.000
D step=2/5 epoch=1/3 loss=0.5905 l2=0.2000 label_smoothing=0.000
D step=2/5 epoch=2/3 loss=0.5615 l2=0.2000 label_smoothing=0.000
D step=2/5 epoch=3/3 loss=0.5497 l2=0.2000 label_smoothing=0.000
D step=3/5 epoch=1/3 loss=0.5331 l2=0.2000 label_smoothing=0.000
D step=3/5 epoch=2/3 loss=0.5287 l2=0.2000 label_smoothing=0.000
D step=3/5 epoch=3/3 loss=0.5268 l2=0.2000 label_smoothing=0.000
D step=4/5 epoch=1/3 loss=0.5248 l2=0.2000 label_smoothing=0.000
D step=4/5 epoch=2/3 loss=0.5219 l2=0.2000 label_smoothing=0.000
D step=4/5 epoch=3/3 loss=0.5163 l2=0.2000 label_smoothing=0.000
D step=5/5 epoch=1/3 loss=0.5449 l2=0.2000 label_smoothing=0.000
D step=5/5 epoch=2/3 loss=0.5430 l2=0.2000 label_smoothing=0.000
D step=5/5 epoch=3/3 loss=0.5323 l2=0.2000 label_smoothing=0.000
ADV epoch=152/200 g_loss=0.0584 d_loss=0.5320 reward=0.3887 reward_var=0.0190 unique=0.3600
D step=1/5 epoch=1/3 loss=0.5540 l2=0.2000 label_smoothing=0.000
D step=1/5 epoch=2/3 loss=0.5453 l2=0.2000 label_smoothing=0.000
D step=1/5 epoch=3/3 loss=0.5431 l2=0.2000 label_smoothing=0.000
D step=2/5 epoch=1/3 loss=0.5203 l2=0.2000 label_smoothing=0.000
D step=2/5 epoch=2/3 loss=0.5088 l2=0.2000 label_smoothing=0.000
D step=2/5 epoch=3/3 loss=0.5089 l2=0.2000 label_smoothing=0.000
D step=3/5 epoch=1/3 loss=0.5325 l2=0.2000 label_smoothing=0.000
D step=3/5 epoch=2/3 loss=0.5297 l2=0.2000 label_smoothing=0.000
D step=3/5 epoch=3/3 loss=0.5204 l2=0.2000 label_smoothing=0.000
D step=4/5 epoch=1/3 loss=0.5274 l2=0.2000 label_smoothing=0.000
D step=4/5 epoch=2/3 loss=0.5213 l2=0.2000 label_smoothing=0.000
D step=4/5 epoch=3/3 loss=0.5155 l2=0.2000 label_smoothing=0.000
D step=5/5 epoch=1/3 loss=0.5518 l2=0.2000 label_smoothing=0.000
D step=5/5 epoch=2/3 loss=0.5482 l2=0.2000 label_smoothing=0.000
D step=5/5 epoch=3/3 loss=0.5397 l2=0.2000 label_smoothing=0.000
ADV epoch=153/200 g_loss=0.0546 d_loss=0.5311 reward=0.3656 reward_var=0.0164 unique=0.4600
D step=1/5 epoch=1/3 loss=0.5469 l2=0.2000 label_smoothing=0.000
D step=1/5 epoch=2/3 loss=0.5317 l2=0.2000 label_smoothing=0.000
D step=1/5 epoch=3/3 loss=0.5187 l2=0.2000 label_smoothing=0.000
D step=2/5 epoch=1/3 loss=0.5271 l2=0.2000 label_smoothing=0.000
D step=2/5 epoch=2/3 loss=0.5039 l2=0.2000 label_smoothing=0.000
D step=2/5 epoch=3/3 loss=0.5013 l2=0.2000 label_smoothing=0.000
D step=3/5 epoch=1/3 loss=0.5307 l2=0.2000 label_smoothing=0.000
D step=3/5 epoch=2/3 loss=0.5224 l2=0.2000 label_smoothing=0.000
D step=3/5 epoch=3/3 loss=0.5118 l2=0.2000 label_smoothing=0.000
D step=4/5 epoch=1/3 loss=0.5439 l2=0.2000 label_smoothing=0.000
D step=4/5 epoch=2/3 loss=0.5384 l2=0.2000 label_smoothing=0.000
D step=4/5 epoch=3/3 loss=0.5299 l2=0.2000 label_smoothing=0.000
D step=5/5 epoch=1/3 loss=0.6287 l2=0.2000 label_smoothing=0.000
D step=5/5 epoch=2/3 loss=0.6116 l2=0.2000 label_smoothing=0.000
D step=5/5 epoch=3/3 loss=0.5697 l2=0.2000 label_smoothing=0.000
ADV epoch=154/200 g_loss=0.0547 d_loss=0.5411 reward=0.3619 reward_var=0.0099 unique=0.4800
D step=1/5 epoch=1/3 loss=0.5154 l2=0.2000 label_smoothing=0.000
D step=1/5 epoch=2/3 loss=0.5027 l2=0.2000 label_smoothing=0.000
D step=1/5 epoch=3/3 loss=0.4930 l2=0.2000 label_smoothing=0.000
D step=2/5 epoch=1/3 loss=0.5254 l2=0.2000 label_smoothing=0.000
D step=2/5 epoch=2/3 loss=0.5165 l2=0.2000 label_smoothing=0.000
D step=2/5 epoch=3/3 loss=0.5129 l2=0.2000 label_smoothing=0.000
D step=3/5 epoch=1/3 loss=0.5453 l2=0.2000 label_smoothing=0.000
D step=3/5 epoch=2/3 loss=0.5324 l2=0.2000 label_smoothing=0.000
D step=3/5 epoch=3/3 loss=0.5364 l2=0.2000 label_smoothing=0.000
D step=4/5 epoch=1/3 loss=0.5402 l2=0.2000 label_smoothing=0.000
D step=4/5 epoch=2/3 loss=0.5360 l2=0.2000 label_smoothing=0.000
D step=4/5 epoch=3/3 loss=0.5346 l2=0.2000 label_smoothing=0.000
D step=5/5 epoch=1/3 loss=0.5435 l2=0.2000 label_smoothing=0.000
D step=5/5 epoch=2/3 loss=0.5402 l2=0.2000 label_smoothing=0.000
D step=5/5 epoch=3/3 loss=0.5439 l2=0.2000 label_smoothing=0.000
ADV epoch=155/200 g_loss=0.0634 d_loss=0.5279 reward=0.3894 reward_var=0.0168 unique=0.4400
D step=1/5 epoch=1/3 loss=0.5716 l2=0.2000 label_smoothing=0.000
D step=1/5 epoch=2/3 loss=0.5546 l2=0.2000 label_smoothing=0.000
D step=1/5 epoch=3/3 loss=0.5302 l2=0.2000 label_smoothing=0.000
D step=2/5 epoch=1/3 loss=0.5312 l2=0.2000 label_smoothing=0.000
D step=2/5 epoch=2/3 loss=0.5249 l2=0.2000 label_smoothing=0.000
D step=2/5 epoch=3/3 loss=0.5236 l2=0.2000 label_smoothing=0.000
D step=3/5 epoch=1/3 loss=0.5551 l2=0.2000 label_smoothing=0.000
D step=3/5 epoch=2/3 loss=0.5445 l2=0.2000 label_smoothing=0.000
D step=3/5 epoch=3/3 loss=0.5444 l2=0.2000 label_smoothing=0.000
D step=4/5 epoch=1/3 loss=0.5218 l2=0.2000 label_smoothing=0.000
D step=4/5 epoch=2/3 loss=0.5106 l2=0.2000 label_smoothing=0.000
D step=4/5 epoch=3/3 loss=0.5055 l2=0.2000 label_smoothing=0.000
D step=5/5 epoch=1/3 loss=0.5422 l2=0.2000 label_smoothing=0.000
D step=5/5 epoch=2/3 loss=0.5391 l2=0.2000 label_smoothing=0.000
D step=5/5 epoch=3/3 loss=0.5252 l2=0.2000 label_smoothing=0.000
ADV epoch=156/200 g_loss=0.0532 d_loss=0.5350 reward=0.3452 reward_var=0.0117 unique=0.4400
D step=1/5 epoch=1/3 loss=0.5743 l2=0.2000 label_smoothing=0.000
D step=1/5 epoch=2/3 loss=0.5401 l2=0.2000 label_smoothing=0.000
D step=1/5 epoch=3/3 loss=0.5380 l2=0.2000 label_smoothing=0.000
D step=2/5 epoch=1/3 loss=0.5503 l2=0.2000 label_smoothing=0.000
D step=2/5 epoch=2/3 loss=0.5411 l2=0.2000 label_smoothing=0.000
D step=2/5 epoch=3/3 loss=0.5221 l2=0.2000 label_smoothing=0.000
D step=3/5 epoch=1/3 loss=0.5445 l2=0.2000 label_smoothing=0.000
D step=3/5 epoch=2/3 loss=0.5375 l2=0.2000 label_smoothing=0.000
D step=3/5 epoch=3/3 loss=0.5328 l2=0.2000 label_smoothing=0.000
D step=4/5 epoch=1/3 loss=0.5312 l2=0.2000 label_smoothing=0.000
D step=4/5 epoch=2/3 loss=0.5318 l2=0.2000 label_smoothing=0.000
D step=4/5 epoch=3/3 loss=0.5280 l2=0.2000 label_smoothing=0.000
D step=5/5 epoch=1/3 loss=0.5329 l2=0.2000 label_smoothing=0.000
D step=5/5 epoch=2/3 loss=0.5339 l2=0.2000 label_smoothing=0.000
D step=5/5 epoch=3/3 loss=0.5219 l2=0.2000 label_smoothing=0.000
ADV epoch=157/200 g_loss=0.0414 d_loss=0.5374 reward=0.3330 reward_var=0.0103 unique=0.4800
D step=1/5 epoch=1/3 loss=0.5280 l2=0.2000 label_smoothing=0.000
D step=1/5 epoch=2/3 loss=0.5073 l2=0.2000 label_smoothing=0.000
D step=1/5 epoch=3/3 loss=0.5044 l2=0.2000 label_smoothing=0.000
D step=2/5 epoch=1/3 loss=0.5437 l2=0.2000 label_smoothing=0.000
D step=2/5 epoch=2/3 loss=0.5371 l2=0.2000 label_smoothing=0.000
D step=2/5 epoch=3/3 loss=0.5255 l2=0.2000 label_smoothing=0.000
D step=3/5 epoch=1/3 loss=0.5641 l2=0.2000 label_smoothing=0.000
D step=3/5 epoch=2/3 loss=0.5531 l2=0.2000 label_smoothing=0.000
D step=3/5 epoch=3/3 loss=0.5485 l2=0.2000 label_smoothing=0.000
D step=4/5 epoch=1/3 loss=0.5412 l2=0.2000 label_smoothing=0.000
D step=4/5 epoch=2/3 loss=0.5454 l2=0.2000 label_smoothing=0.000
D step=4/5 epoch=3/3 loss=0.5331 l2=0.2000 label_smoothing=0.000
D step=5/5 epoch=1/3 loss=0.5529 l2=0.2000 label_smoothing=0.000
D step=5/5 epoch=2/3 loss=0.5551 l2=0.2000 label_smoothing=0.000
D step=5/5 epoch=3/3 loss=0.5503 l2=0.2000 label_smoothing=0.000
ADV epoch=158/200 g_loss=0.0646 d_loss=0.5393 reward=0.4073 reward_var=0.0198 unique=0.4200
D step=1/5 epoch=1/3 loss=0.5483 l2=0.2000 label_smoothing=0.000
D step=1/5 epoch=2/3 loss=0.5328 l2=0.2000 label_smoothing=0.000
D step=1/5 epoch=3/3 loss=0.5299 l2=0.2000 label_smoothing=0.000
D step=2/5 epoch=1/3 loss=0.5290 l2=0.2000 label_smoothing=0.000
D step=2/5 epoch=2/3 loss=0.5212 l2=0.2000 label_smoothing=0.000
D step=2/5 epoch=3/3 loss=0.5203 l2=0.2000 label_smoothing=0.000
D step=3/5 epoch=1/3 loss=0.5624 l2=0.2000 label_smoothing=0.000
D step=3/5 epoch=2/3 loss=0.5634 l2=0.2000 label_smoothing=0.000
D step=3/5 epoch=3/3 loss=0.5565 l2=0.2000 label_smoothing=0.000
D step=4/5 epoch=1/3 loss=0.5359 l2=0.2000 label_smoothing=0.000
D step=4/5 epoch=2/3 loss=0.5332 l2=0.2000 label_smoothing=0.000
D step=4/5 epoch=3/3 loss=0.5281 l2=0.2000 label_smoothing=0.000
D step=5/5 epoch=1/3 loss=0.5453 l2=0.2000 label_smoothing=0.000
D step=5/5 epoch=2/3 loss=0.5417 l2=0.2000 label_smoothing=0.000
D step=5/5 epoch=3/3 loss=0.5412 l2=0.2000 label_smoothing=0.000
ADV epoch=159/200 g_loss=0.0595 d_loss=0.5393 reward=0.3994 reward_var=0.0110 unique=0.4800
D step=1/5 epoch=1/3 loss=0.5461 l2=0.2000 label_smoothing=0.000
D step=1/5 epoch=2/3 loss=0.5295 l2=0.2000 label_smoothing=0.000
D step=1/5 epoch=3/3 loss=0.5194 l2=0.2000 label_smoothing=0.000
D step=2/5 epoch=1/3 loss=0.5488 l2=0.2000 label_smoothing=0.000
D step=2/5 epoch=2/3 loss=0.5472 l2=0.2000 label_smoothing=0.000
D step=2/5 epoch=3/3 loss=0.5348 l2=0.2000 label_smoothing=0.000
D step=3/5 epoch=1/3 loss=0.5355 l2=0.2000 label_smoothing=0.000
D step=3/5 epoch=2/3 loss=0.5371 l2=0.2000 label_smoothing=0.000
D step=3/5 epoch=3/3 loss=0.5266 l2=0.2000 label_smoothing=0.000
D step=4/5 epoch=1/3 loss=0.5776 l2=0.2000 label_smoothing=0.000
D step=4/5 epoch=2/3 loss=0.5710 l2=0.2000 label_smoothing=0.000
D step=4/5 epoch=3/3 loss=0.5520 l2=0.2000 label_smoothing=0.000
D step=5/5 epoch=1/3 loss=0.5350 l2=0.2000 label_smoothing=0.000
D step=5/5 epoch=2/3 loss=0.5356 l2=0.2000 label_smoothing=0.000
D step=5/5 epoch=3/3 loss=0.5355 l2=0.2000 label_smoothing=0.000
ADV epoch=160/200 g_loss=0.0553 d_loss=0.5421 reward=0.3618 reward_var=0.0167 unique=0.4000
D step=1/5 epoch=1/3 loss=0.5444 l2=0.2000 label_smoothing=0.000
D step=1/5 epoch=2/3 loss=0.5302 l2=0.2000 label_smoothing=0.000
D step=1/5 epoch=3/3 loss=0.5264 l2=0.2000 label_smoothing=0.000
D step=2/5 epoch=1/3 loss=0.5335 l2=0.2000 label_smoothing=0.000
D step=2/5 epoch=2/3 loss=0.5323 l2=0.2000 label_smoothing=0.000
D step=2/5 epoch=3/3 loss=0.5291 l2=0.2000 label_smoothing=0.000
D step=3/5 epoch=1/3 loss=0.5552 l2=0.2000 label_smoothing=0.000
D step=3/5 epoch=2/3 loss=0.5442 l2=0.2000 label_smoothing=0.000
D step=3/5 epoch=3/3 loss=0.5376 l2=0.2000 label_smoothing=0.000
D step=4/5 epoch=1/3 loss=0.5217 l2=0.2000 label_smoothing=0.000
D step=4/5 epoch=2/3 loss=0.5161 l2=0.2000 label_smoothing=0.000
D step=4/5 epoch=3/3 loss=0.5142 l2=0.2000 label_smoothing=0.000
D step=5/5 epoch=1/3 loss=0.5363 l2=0.2000 label_smoothing=0.000
D step=5/5 epoch=2/3 loss=0.5287 l2=0.2000 label_smoothing=0.000
D step=5/5 epoch=3/3 loss=0.5249 l2=0.2000 label_smoothing=0.000
ADV epoch=161/200 g_loss=0.0609 d_loss=0.5317 reward=0.4034 reward_var=0.0098 unique=0.4400
D step=1/5 epoch=1/3 loss=0.5555 l2=0.2000 label_smoothing=0.000
D step=1/5 epoch=2/3 loss=0.5301 l2=0.2000 label_smoothing=0.000
D step=1/5 epoch=3/3 loss=0.5222 l2=0.2000 label_smoothing=0.000
D step=2/5 epoch=1/3 loss=0.5856 l2=0.2000 label_smoothing=0.000
D step=2/5 epoch=2/3 loss=0.5769 l2=0.2000 label_smoothing=0.000
D step=2/5 epoch=3/3 loss=0.5661 l2=0.2000 label_smoothing=0.000
D step=3/5 epoch=1/3 loss=0.5490 l2=0.2000 label_smoothing=0.000
D step=3/5 epoch=2/3 loss=0.5316 l2=0.2000 label_smoothing=0.000
D step=3/5 epoch=3/3 loss=0.5289 l2=0.2000 label_smoothing=0.000
D step=4/5 epoch=1/3 loss=0.5261 l2=0.2000 label_smoothing=0.000
D step=4/5 epoch=2/3 loss=0.5225 l2=0.2000 label_smoothing=0.000
D step=4/5 epoch=3/3 loss=0.5209 l2=0.2000 label_smoothing=0.000
D step=5/5 epoch=1/3 loss=0.5386 l2=0.2000 label_smoothing=0.000
D step=5/5 epoch=2/3 loss=0.5373 l2=0.2000 label_smoothing=0.000
D step=5/5 epoch=3/3 loss=0.5274 l2=0.2000 label_smoothing=0.000
ADV epoch=162/200 g_loss=0.0620 d_loss=0.5412 reward=0.3728 reward_var=0.0229 unique=0.4800
D step=1/5 epoch=1/3 loss=0.5506 l2=0.2000 label_smoothing=0.000
D step=1/5 epoch=2/3 loss=0.5433 l2=0.2000 label_smoothing=0.000
D step=1/5 epoch=3/3 loss=0.5298 l2=0.2000 label_smoothing=0.000
D step=2/5 epoch=1/3 loss=0.5590 l2=0.2000 label_smoothing=0.000
D step=2/5 epoch=2/3 loss=0.5594 l2=0.2000 label_smoothing=0.000
D step=2/5 epoch=3/3 loss=0.5520 l2=0.2000 label_smoothing=0.000
D step=3/5 epoch=1/3 loss=0.5360 l2=0.2000 label_smoothing=0.000
D step=3/5 epoch=2/3 loss=0.5355 l2=0.2000 label_smoothing=0.000
D step=3/5 epoch=3/3 loss=0.5346 l2=0.2000 label_smoothing=0.000
D step=4/5 epoch=1/3 loss=0.5195 l2=0.2000 label_smoothing=0.000
D step=4/5 epoch=2/3 loss=0.5106 l2=0.2000 label_smoothing=0.000
D step=4/5 epoch=3/3 loss=0.5061 l2=0.2000 label_smoothing=0.000
D step=5/5 epoch=1/3 loss=0.5449 l2=0.2000 label_smoothing=0.000
D step=5/5 epoch=2/3 loss=0.5350 l2=0.2000 label_smoothing=0.000
D step=5/5 epoch=3/3 loss=0.5249 l2=0.2000 label_smoothing=0.000
ADV epoch=163/200 g_loss=0.0554 d_loss=0.5361 reward=0.3769 reward_var=0.0116 unique=0.4200
D step=1/5 epoch=1/3 loss=0.5328 l2=0.2000 label_smoothing=0.000
D step=1/5 epoch=2/3 loss=0.5208 l2=0.2000 label_smoothing=0.000
D step=1/5 epoch=3/3 loss=0.5105 l2=0.2000 label_smoothing=0.000
D step=2/5 epoch=1/3 loss=0.6346 l2=0.2000 label_smoothing=0.000
D step=2/5 epoch=2/3 loss=0.5991 l2=0.2000 label_smoothing=0.000
D step=2/5 epoch=3/3 loss=0.5614 l2=0.2000 label_smoothing=0.000
D step=3/5 epoch=1/3 loss=0.5212 l2=0.2000 label_smoothing=0.000
D step=3/5 epoch=2/3 loss=0.5241 l2=0.2000 label_smoothing=0.000
D step=3/5 epoch=3/3 loss=0.5183 l2=0.2000 label_smoothing=0.000
D step=4/5 epoch=1/3 loss=0.5573 l2=0.2000 label_smoothing=0.000
D step=4/5 epoch=2/3 loss=0.5517 l2=0.2000 label_smoothing=0.000
D step=4/5 epoch=3/3 loss=0.5502 l2=0.2000 label_smoothing=0.000
D step=5/5 epoch=1/3 loss=0.5601 l2=0.2000 label_smoothing=0.000
D step=5/5 epoch=2/3 loss=0.5526 l2=0.2000 label_smoothing=0.000
D step=5/5 epoch=3/3 loss=0.5463 l2=0.2000 label_smoothing=0.000
ADV epoch=164/200 g_loss=0.0556 d_loss=0.5494 reward=0.3817 reward_var=0.0078 unique=0.3200
D step=1/5 epoch=1/3 loss=0.5291 l2=0.2000 label_smoothing=0.000
D step=1/5 epoch=2/3 loss=0.5255 l2=0.2000 label_smoothing=0.000
D step=1/5 epoch=3/3 loss=0.5111 l2=0.2000 label_smoothing=0.000
D step=2/5 epoch=1/3 loss=0.5349 l2=0.2000 label_smoothing=0.000
D step=2/5 epoch=2/3 loss=0.5251 l2=0.2000 label_smoothing=0.000
D step=2/5 epoch=3/3 loss=0.5217 l2=0.2000 label_smoothing=0.000
D step=3/5 epoch=1/3 loss=0.5304 l2=0.2000 label_smoothing=0.000
D step=3/5 epoch=2/3 loss=0.5143 l2=0.2000 label_smoothing=0.000
D step=3/5 epoch=3/3 loss=0.5166 l2=0.2000 label_smoothing=0.000
D step=4/5 epoch=1/3 loss=0.7050 l2=0.2000 label_smoothing=0.000
D step=4/5 epoch=2/3 loss=0.6626 l2=0.2000 label_smoothing=0.000
D step=4/5 epoch=3/3 loss=0.6241 l2=0.2000 label_smoothing=0.000
D step=5/5 epoch=1/3 loss=0.5384 l2=0.2000 label_smoothing=0.000
D step=5/5 epoch=2/3 loss=0.5386 l2=0.2000 label_smoothing=0.000
D step=5/5 epoch=3/3 loss=0.5367 l2=0.2000 label_smoothing=0.000
ADV epoch=165/200 g_loss=0.0684 d_loss=0.5543 reward=0.3986 reward_var=0.0160 unique=0.4800
D step=1/5 epoch=1/3 loss=0.5486 l2=0.2000 label_smoothing=0.000
D step=1/5 epoch=2/3 loss=0.5438 l2=0.2000 label_smoothing=0.000
D step=1/5 epoch=3/3 loss=0.5290 l2=0.2000 label_smoothing=0.000
D step=2/5 epoch=1/3 loss=0.6338 l2=0.2000 label_smoothing=0.000
D step=2/5 epoch=2/3 loss=0.6086 l2=0.2000 label_smoothing=0.000
D step=2/5 epoch=3/3 loss=0.5653 l2=0.2000 label_smoothing=0.000
D step=3/5 epoch=1/3 loss=0.5416 l2=0.2000 label_smoothing=0.000
D step=3/5 epoch=2/3 loss=0.5358 l2=0.2000 label_smoothing=0.000
D step=3/5 epoch=3/3 loss=0.5327 l2=0.2000 label_smoothing=0.000
D step=4/5 epoch=1/3 loss=0.5693 l2=0.2000 label_smoothing=0.000
D step=4/5 epoch=2/3 loss=0.5584 l2=0.2000 label_smoothing=0.000
D step=4/5 epoch=3/3 loss=0.5523 l2=0.2000 label_smoothing=0.000
D step=5/5 epoch=1/3 loss=0.5731 l2=0.2000 label_smoothing=0.000
D step=5/5 epoch=2/3 loss=0.5635 l2=0.2000 label_smoothing=0.000
D step=5/5 epoch=3/3 loss=0.5597 l2=0.2000 label_smoothing=0.000
ADV epoch=166/200 g_loss=0.0535 d_loss=0.5611 reward=0.3948 reward_var=0.0137 unique=0.4200
D step=1/5 epoch=1/3 loss=0.5406 l2=0.2000 label_smoothing=0.000
D step=1/5 epoch=2/3 loss=0.5299 l2=0.2000 label_smoothing=0.000
D step=1/5 epoch=3/3 loss=0.5317 l2=0.2000 label_smoothing=0.000
D step=2/5 epoch=1/3 loss=0.5413 l2=0.2000 label_smoothing=0.000
D step=2/5 epoch=2/3 loss=0.5336 l2=0.2000 label_smoothing=0.000
D step=2/5 epoch=3/3 loss=0.5213 l2=0.2000 label_smoothing=0.000
D step=3/5 epoch=1/3 loss=0.5766 l2=0.2000 label_smoothing=0.000
D step=3/5 epoch=2/3 loss=0.5647 l2=0.2000 label_smoothing=0.000
D step=3/5 epoch=3/3 loss=0.5476 l2=0.2000 label_smoothing=0.000
D step=4/5 epoch=1/3 loss=0.5476 l2=0.2000 label_smoothing=0.000
D step=4/5 epoch=2/3 loss=0.5477 l2=0.2000 label_smoothing=0.000
D step=4/5 epoch=3/3 loss=0.5397 l2=0.2000 label_smoothing=0.000
D step=5/5 epoch=1/3 loss=0.5458 l2=0.2000 label_smoothing=0.000
D step=5/5 epoch=2/3 loss=0.5442 l2=0.2000 label_smoothing=0.000
D step=5/5 epoch=3/3 loss=0.5356 l2=0.2000 label_smoothing=0.000
ADV epoch=167/200 g_loss=0.0636 d_loss=0.5432 reward=0.4023 reward_var=0.0112 unique=0.4400
D step=1/5 epoch=1/3 loss=0.5428 l2=0.2000 label_smoothing=0.000
D step=1/5 epoch=2/3 loss=0.5278 l2=0.2000 label_smoothing=0.000
D step=1/5 epoch=3/3 loss=0.5205 l2=0.2000 label_smoothing=0.000
D step=2/5 epoch=1/3 loss=0.5772 l2=0.2000 label_smoothing=0.000
D step=2/5 epoch=2/3 loss=0.5645 l2=0.2000 label_smoothing=0.000
D step=2/5 epoch=3/3 loss=0.5528 l2=0.2000 label_smoothing=0.000
D step=3/5 epoch=1/3 loss=0.5496 l2=0.2000 label_smoothing=0.000
D step=3/5 epoch=2/3 loss=0.5470 l2=0.2000 label_smoothing=0.000
D step=3/5 epoch=3/3 loss=0.5388 l2=0.2000 label_smoothing=0.000
D step=4/5 epoch=1/3 loss=0.5564 l2=0.2000 label_smoothing=0.000
D step=4/5 epoch=2/3 loss=0.5529 l2=0.2000 label_smoothing=0.000
D step=4/5 epoch=3/3 loss=0.5513 l2=0.2000 label_smoothing=0.000
D step=5/5 epoch=1/3 loss=0.5403 l2=0.2000 label_smoothing=0.000
D step=5/5 epoch=2/3 loss=0.5348 l2=0.2000 label_smoothing=0.000
D step=5/5 epoch=3/3 loss=0.5356 l2=0.2000 label_smoothing=0.000
ADV epoch=168/200 g_loss=0.0546 d_loss=0.5461 reward=0.3769 reward_var=0.0102 unique=0.4400
D step=1/5 epoch=1/3 loss=0.5312 l2=0.2000 label_smoothing=0.000
D step=1/5 epoch=2/3 loss=0.5241 l2=0.2000 label_smoothing=0.000
D step=1/5 epoch=3/3 loss=0.5202 l2=0.2000 label_smoothing=0.000
D step=2/5 epoch=1/3 loss=0.5819 l2=0.2000 label_smoothing=0.000
D step=2/5 epoch=2/3 loss=0.5603 l2=0.2000 label_smoothing=0.000
D step=2/5 epoch=3/3 loss=0.5558 l2=0.2000 label_smoothing=0.000
D step=3/5 epoch=1/3 loss=0.5819 l2=0.2000 label_smoothing=0.000
D step=3/5 epoch=2/3 loss=0.5806 l2=0.2000 label_smoothing=0.000
D step=3/5 epoch=3/3 loss=0.5700 l2=0.2000 label_smoothing=0.000
D step=4/5 epoch=1/3 loss=0.5296 l2=0.2000 label_smoothing=0.000
D step=4/5 epoch=2/3 loss=0.5223 l2=0.2000 label_smoothing=0.000
D step=4/5 epoch=3/3 loss=0.5168 l2=0.2000 label_smoothing=0.000
D step=5/5 epoch=1/3 loss=0.5551 l2=0.2000 label_smoothing=0.000
D step=5/5 epoch=2/3 loss=0.5463 l2=0.2000 label_smoothing=0.000
D step=5/5 epoch=3/3 loss=0.5461 l2=0.2000 label_smoothing=0.000
ADV epoch=169/200 g_loss=0.0622 d_loss=0.5481 reward=0.4083 reward_var=0.0088 unique=0.2800
D step=1/5 epoch=1/3 loss=0.5482 l2=0.2000 label_smoothing=0.000
D step=1/5 epoch=2/3 loss=0.5371 l2=0.2000 label_smoothing=0.000
D step=1/5 epoch=3/3 loss=0.5229 l2=0.2000 label_smoothing=0.000
D step=2/5 epoch=1/3 loss=0.5104 l2=0.2000 label_smoothing=0.000
D step=2/5 epoch=2/3 loss=0.5075 l2=0.2000 label_smoothing=0.000
D step=2/5 epoch=3/3 loss=0.4978 l2=0.2000 label_smoothing=0.000
D step=3/5 epoch=1/3 loss=0.5625 l2=0.2000 label_smoothing=0.000
D step=3/5 epoch=2/3 loss=0.5481 l2=0.2000 label_smoothing=0.000
D step=3/5 epoch=3/3 loss=0.5394 l2=0.2000 label_smoothing=0.000
D step=4/5 epoch=1/3 loss=0.5794 l2=0.2000 label_smoothing=0.000
D step=4/5 epoch=2/3 loss=0.5602 l2=0.2000 label_smoothing=0.000
D step=4/5 epoch=3/3 loss=0.5460 l2=0.2000 label_smoothing=0.000
D step=5/5 epoch=1/3 loss=0.5730 l2=0.2000 label_smoothing=0.000
D step=5/5 epoch=2/3 loss=0.5709 l2=0.2000 label_smoothing=0.000
D step=5/5 epoch=3/3 loss=0.5629 l2=0.2000 label_smoothing=0.000
ADV epoch=170/200 g_loss=0.0557 d_loss=0.5444 reward=0.4027 reward_var=0.0119 unique=0.4000
D step=1/5 epoch=1/3 loss=0.5324 l2=0.2000 label_smoothing=0.000
D step=1/5 epoch=2/3 loss=0.5233 l2=0.2000 label_smoothing=0.000
D step=1/5 epoch=3/3 loss=0.5139 l2=0.2000 label_smoothing=0.000
D step=2/5 epoch=1/3 loss=0.5658 l2=0.2000 label_smoothing=0.000
D step=2/5 epoch=2/3 loss=0.5639 l2=0.2000 label_smoothing=0.000
D step=2/5 epoch=3/3 loss=0.5531 l2=0.2000 label_smoothing=0.000
D step=3/5 epoch=1/3 loss=0.5587 l2=0.2000 label_smoothing=0.000
D step=3/5 epoch=2/3 loss=0.5479 l2=0.2000 label_smoothing=0.000
D step=3/5 epoch=3/3 loss=0.5497 l2=0.2000 label_smoothing=0.000
D step=4/5 epoch=1/3 loss=0.5017 l2=0.2000 label_smoothing=0.000
D step=4/5 epoch=2/3 loss=0.4986 l2=0.2000 label_smoothing=0.000
D step=4/5 epoch=3/3 loss=0.4912 l2=0.2000 label_smoothing=0.000
D step=5/5 epoch=1/3 loss=0.5441 l2=0.2000 label_smoothing=0.000
D step=5/5 epoch=2/3 loss=0.5399 l2=0.2000 label_smoothing=0.000
D step=5/5 epoch=3/3 loss=0.5413 l2=0.2000 label_smoothing=0.000
ADV epoch=171/200 g_loss=0.0643 d_loss=0.5350 reward=0.4108 reward_var=0.0093 unique=0.4600
D step=1/5 epoch=1/3 loss=0.5705 l2=0.2000 label_smoothing=0.000
D step=1/5 epoch=2/3 loss=0.5550 l2=0.2000 label_smoothing=0.000
D step=1/5 epoch=3/3 loss=0.5448 l2=0.2000 label_smoothing=0.000
D step=2/5 epoch=1/3 loss=0.5415 l2=0.2000 label_smoothing=0.000
D step=2/5 epoch=2/3 loss=0.5384 l2=0.2000 label_smoothing=0.000
D step=2/5 epoch=3/3 loss=0.5350 l2=0.2000 label_smoothing=0.000
D step=3/5 epoch=1/3 loss=0.5504 l2=0.2000 label_smoothing=0.000
D step=3/5 epoch=2/3 loss=0.5548 l2=0.2000 label_smoothing=0.000
D step=3/5 epoch=3/3 loss=0.5366 l2=0.2000 label_smoothing=0.000
D step=4/5 epoch=1/3 loss=0.5267 l2=0.2000 label_smoothing=0.000
D step=4/5 epoch=2/3 loss=0.5264 l2=0.2000 label_smoothing=0.000
D step=4/5 epoch=3/3 loss=0.5224 l2=0.2000 label_smoothing=0.000
D step=5/5 epoch=1/3 loss=0.5393 l2=0.2000 label_smoothing=0.000
D step=5/5 epoch=2/3 loss=0.5305 l2=0.2000 label_smoothing=0.000
D step=5/5 epoch=3/3 loss=0.5167 l2=0.2000 label_smoothing=0.000
ADV epoch=172/200 g_loss=0.0656 d_loss=0.5393 reward=0.4115 reward_var=0.0203 unique=0.4800
D step=1/5 epoch=1/3 loss=0.5686 l2=0.2000 label_smoothing=0.000
D step=1/5 epoch=2/3 loss=0.5470 l2=0.2000 label_smoothing=0.000
D step=1/5 epoch=3/3 loss=0.5358 l2=0.2000 label_smoothing=0.000
D step=2/5 epoch=1/3 loss=0.5648 l2=0.2000 label_smoothing=0.000
D step=2/5 epoch=2/3 loss=0.5407 l2=0.2000 label_smoothing=0.000
D step=2/5 epoch=3/3 loss=0.5314 l2=0.2000 label_smoothing=0.000
D step=3/5 epoch=1/3 loss=0.5353 l2=0.2000 label_smoothing=0.000
D step=3/5 epoch=2/3 loss=0.5370 l2=0.2000 label_smoothing=0.000
D step=3/5 epoch=3/3 loss=0.5313 l2=0.2000 label_smoothing=0.000
D step=4/5 epoch=1/3 loss=0.5584 l2=0.2000 label_smoothing=0.000
D step=4/5 epoch=2/3 loss=0.5468 l2=0.2000 label_smoothing=0.000
D step=4/5 epoch=3/3 loss=0.5441 l2=0.2000 label_smoothing=0.000
D step=5/5 epoch=1/3 loss=0.5211 l2=0.2000 label_smoothing=0.000
D step=5/5 epoch=2/3 loss=0.5139 l2=0.2000 label_smoothing=0.000
D step=5/5 epoch=3/3 loss=0.5131 l2=0.2000 label_smoothing=0.000
ADV epoch=173/200 g_loss=0.0531 d_loss=0.5393 reward=0.3623 reward_var=0.0123 unique=0.5000
D step=1/5 epoch=1/3 loss=0.5324 l2=0.2000 label_smoothing=0.000
D step=1/5 epoch=2/3 loss=0.5148 l2=0.2000 label_smoothing=0.000
D step=1/5 epoch=3/3 loss=0.5064 l2=0.2000 label_smoothing=0.000
D step=2/5 epoch=1/3 loss=0.5956 l2=0.2000 label_smoothing=0.000
D step=2/5 epoch=2/3 loss=0.5949 l2=0.2000 label_smoothing=0.000
D step=2/5 epoch=3/3 loss=0.5663 l2=0.2000 label_smoothing=0.000
D step=3/5 epoch=1/3 loss=0.5631 l2=0.2000 label_smoothing=0.000
D step=3/5 epoch=2/3 loss=0.5523 l2=0.2000 label_smoothing=0.000
D step=3/5 epoch=3/3 loss=0.5496 l2=0.2000 label_smoothing=0.000
D step=4/5 epoch=1/3 loss=0.5557 l2=0.2000 label_smoothing=0.000
D step=4/5 epoch=2/3 loss=0.5374 l2=0.2000 label_smoothing=0.000
D step=4/5 epoch=3/3 loss=0.5330 l2=0.2000 label_smoothing=0.000
D step=5/5 epoch=1/3 loss=0.5325 l2=0.2000 label_smoothing=0.000
D step=5/5 epoch=2/3 loss=0.5248 l2=0.2000 label_smoothing=0.000
D step=5/5 epoch=3/3 loss=0.5273 l2=0.2000 label_smoothing=0.000
ADV epoch=174/200 g_loss=0.0521 d_loss=0.5458 reward=0.3880 reward_var=0.0085 unique=0.4000
D step=1/5 epoch=1/3 loss=0.5557 l2=0.2000 label_smoothing=0.000
D step=1/5 epoch=2/3 loss=0.5351 l2=0.2000 label_smoothing=0.000
D step=1/5 epoch=3/3 loss=0.5314 l2=0.2000 label_smoothing=0.000
D step=2/5 epoch=1/3 loss=0.5513 l2=0.2000 label_smoothing=0.000
D step=2/5 epoch=2/3 loss=0.5498 l2=0.2000 label_smoothing=0.000
D step=2/5 epoch=3/3 loss=0.5344 l2=0.2000 label_smoothing=0.000
D step=3/5 epoch=1/3 loss=0.5394 l2=0.2000 label_smoothing=0.000
D step=3/5 epoch=2/3 loss=0.5356 l2=0.2000 label_smoothing=0.000
D step=3/5 epoch=3/3 loss=0.5317 l2=0.2000 label_smoothing=0.000
D step=4/5 epoch=1/3 loss=0.5498 l2=0.2000 label_smoothing=0.000
D step=4/5 epoch=2/3 loss=0.5475 l2=0.2000 label_smoothing=0.000
D step=4/5 epoch=3/3 loss=0.5382 l2=0.2000 label_smoothing=0.000
D step=5/5 epoch=1/3 loss=0.5780 l2=0.2000 label_smoothing=0.000
D step=5/5 epoch=2/3 loss=0.5726 l2=0.2000 label_smoothing=0.000
D step=5/5 epoch=3/3 loss=0.5597 l2=0.2000 label_smoothing=0.000
ADV epoch=175/200 g_loss=0.0575 d_loss=0.5473 reward=0.3852 reward_var=0.0046 unique=0.4000
D step=1/5 epoch=1/3 loss=0.5569 l2=0.2000 label_smoothing=0.000
D step=1/5 epoch=2/3 loss=0.5462 l2=0.2000 label_smoothing=0.000
D step=1/5 epoch=3/3 loss=0.5402 l2=0.2000 label_smoothing=0.000
D step=2/5 epoch=1/3 loss=0.5524 l2=0.2000 label_smoothing=0.000
D step=2/5 epoch=2/3 loss=0.5466 l2=0.2000 label_smoothing=0.000
D step=2/5 epoch=3/3 loss=0.5381 l2=0.2000 label_smoothing=0.000
D step=3/5 epoch=1/3 loss=0.6132 l2=0.2000 label_smoothing=0.000
D step=3/5 epoch=2/3 loss=0.5797 l2=0.2000 label_smoothing=0.000
D step=3/5 epoch=3/3 loss=0.5554 l2=0.2000 label_smoothing=0.000
D step=4/5 epoch=1/3 loss=0.5614 l2=0.2000 label_smoothing=0.000
D step=4/5 epoch=2/3 loss=0.5453 l2=0.2000 label_smoothing=0.000
D step=4/5 epoch=3/3 loss=0.5420 l2=0.2000 label_smoothing=0.000
D step=5/5 epoch=1/3 loss=0.5586 l2=0.2000 label_smoothing=0.000
D step=5/5 epoch=2/3 loss=0.5515 l2=0.2000 label_smoothing=0.000
D step=5/5 epoch=3/3 loss=0.5591 l2=0.2000 label_smoothing=0.000
ADV epoch=176/200 g_loss=0.0664 d_loss=0.5564 reward=0.3974 reward_var=0.0137 unique=0.4400
D step=1/5 epoch=1/3 loss=0.5512 l2=0.2000 label_smoothing=0.000
D step=1/5 epoch=2/3 loss=0.5199 l2=0.2000 label_smoothing=0.000
D step=1/5 epoch=3/3 loss=0.5113 l2=0.2000 label_smoothing=0.000
D step=2/5 epoch=1/3 loss=0.5417 l2=0.2000 label_smoothing=0.000
D step=2/5 epoch=2/3 loss=0.5289 l2=0.2000 label_smoothing=0.000
D step=2/5 epoch=3/3 loss=0.5275 l2=0.2000 label_smoothing=0.000
D step=3/5 epoch=1/3 loss=0.5456 l2=0.2000 label_smoothing=0.000
D step=3/5 epoch=2/3 loss=0.5490 l2=0.2000 label_smoothing=0.000
D step=3/5 epoch=3/3 loss=0.5408 l2=0.2000 label_smoothing=0.000
D step=4/5 epoch=1/3 loss=0.5624 l2=0.2000 label_smoothing=0.000
D step=4/5 epoch=2/3 loss=0.5547 l2=0.2000 label_smoothing=0.000
D step=4/5 epoch=3/3 loss=0.5527 l2=0.2000 label_smoothing=0.000
D step=5/5 epoch=1/3 loss=0.5531 l2=0.2000 label_smoothing=0.000
D step=5/5 epoch=2/3 loss=0.5514 l2=0.2000 label_smoothing=0.000
D step=5/5 epoch=3/3 loss=0.5475 l2=0.2000 label_smoothing=0.000
ADV epoch=177/200 g_loss=0.0571 d_loss=0.5425 reward=0.3808 reward_var=0.0119 unique=0.3800
D step=1/5 epoch=1/3 loss=0.5696 l2=0.2000 label_smoothing=0.000
D step=1/5 epoch=2/3 loss=0.5548 l2=0.2000 label_smoothing=0.000
D step=1/5 epoch=3/3 loss=0.5534 l2=0.2000 label_smoothing=0.000
D step=2/5 epoch=1/3 loss=0.5414 l2=0.2000 label_smoothing=0.000
D step=2/5 epoch=2/3 loss=0.5291 l2=0.2000 label_smoothing=0.000
D step=2/5 epoch=3/3 loss=0.5268 l2=0.2000 label_smoothing=0.000
D step=3/5 epoch=1/3 loss=0.5438 l2=0.2000 label_smoothing=0.000
D step=3/5 epoch=2/3 loss=0.5470 l2=0.2000 label_smoothing=0.000
D step=3/5 epoch=3/3 loss=0.5418 l2=0.2000 label_smoothing=0.000
D step=4/5 epoch=1/3 loss=0.5515 l2=0.2000 label_smoothing=0.000
D step=4/5 epoch=2/3 loss=0.5455 l2=0.2000 label_smoothing=0.000
D step=4/5 epoch=3/3 loss=0.5385 l2=0.2000 label_smoothing=0.000
D step=5/5 epoch=1/3 loss=0.5263 l2=0.2000 label_smoothing=0.000
D step=5/5 epoch=2/3 loss=0.5095 l2=0.2000 label_smoothing=0.000
D step=5/5 epoch=3/3 loss=0.4989 l2=0.2000 label_smoothing=0.000
ADV epoch=178/200 g_loss=0.0546 d_loss=0.5385 reward=0.3979 reward_var=0.0046 unique=0.4000
D step=1/5 epoch=1/3 loss=0.5501 l2=0.2000 label_smoothing=0.000
D step=1/5 epoch=2/3 loss=0.5248 l2=0.2000 label_smoothing=0.000
D step=1/5 epoch=3/3 loss=0.5210 l2=0.2000 label_smoothing=0.000
D step=2/5 epoch=1/3 loss=0.5446 l2=0.2000 label_smoothing=0.000
D step=2/5 epoch=2/3 loss=0.5492 l2=0.2000 label_smoothing=0.000
D step=2/5 epoch=3/3 loss=0.5304 l2=0.2000 label_smoothing=0.000
D step=3/5 epoch=1/3 loss=0.5578 l2=0.2000 label_smoothing=0.000
D step=3/5 epoch=2/3 loss=0.5438 l2=0.2000 label_smoothing=0.000
D step=3/5 epoch=3/3 loss=0.5370 l2=0.2000 label_smoothing=0.000
D step=4/5 epoch=1/3 loss=0.5300 l2=0.2000 label_smoothing=0.000
D step=4/5 epoch=2/3 loss=0.5318 l2=0.2000 label_smoothing=0.000
D step=4/5 epoch=3/3 loss=0.5254 l2=0.2000 label_smoothing=0.000
D step=5/5 epoch=1/3 loss=0.5444 l2=0.2000 label_smoothing=0.000
D step=5/5 epoch=2/3 loss=0.5396 l2=0.2000 label_smoothing=0.000
D step=5/5 epoch=3/3 loss=0.5262 l2=0.2000 label_smoothing=0.000
ADV epoch=179/200 g_loss=0.0631 d_loss=0.5371 reward=0.4157 reward_var=0.0172 unique=0.4600
D step=1/5 epoch=1/3 loss=0.5701 l2=0.2000 label_smoothing=0.000
D step=1/5 epoch=2/3 loss=0.5426 l2=0.2000 label_smoothing=0.000
D step=1/5 epoch=3/3 loss=0.5335 l2=0.2000 label_smoothing=0.000
D step=2/5 epoch=1/3 loss=0.5591 l2=0.2000 label_smoothing=0.000
D step=2/5 epoch=2/3 loss=0.5625 l2=0.2000 label_smoothing=0.000
D step=2/5 epoch=3/3 loss=0.5510 l2=0.2000 label_smoothing=0.000
D step=3/5 epoch=1/3 loss=0.5694 l2=0.2000 label_smoothing=0.000
D step=3/5 epoch=2/3 loss=0.5633 l2=0.2000 label_smoothing=0.000
D step=3/5 epoch=3/3 loss=0.5598 l2=0.2000 label_smoothing=0.000
D step=4/5 epoch=1/3 loss=0.5331 l2=0.2000 label_smoothing=0.000
D step=4/5 epoch=2/3 loss=0.5354 l2=0.2000 label_smoothing=0.000
D step=4/5 epoch=3/3 loss=0.5319 l2=0.2000 label_smoothing=0.000
D step=5/5 epoch=1/3 loss=0.5372 l2=0.2000 label_smoothing=0.000
D step=5/5 epoch=2/3 loss=0.5370 l2=0.2000 label_smoothing=0.000
D step=5/5 epoch=3/3 loss=0.5315 l2=0.2000 label_smoothing=0.000
ADV epoch=180/200 g_loss=0.0486 d_loss=0.5478 reward=0.3513 reward_var=0.0115 unique=0.5200
D step=1/5 epoch=1/3 loss=0.5302 l2=0.2000 label_smoothing=0.000
D step=1/5 epoch=2/3 loss=0.5245 l2=0.2000 label_smoothing=0.000
D step=1/5 epoch=3/3 loss=0.5131 l2=0.2000 label_smoothing=0.000
D step=2/5 epoch=1/3 loss=0.5793 l2=0.2000 label_smoothing=0.000
D step=2/5 epoch=2/3 loss=0.5639 l2=0.2000 label_smoothing=0.000
D step=2/5 epoch=3/3 loss=0.5517 l2=0.2000 label_smoothing=0.000
D step=3/5 epoch=1/3 loss=0.5373 l2=0.2000 label_smoothing=0.000
D step=3/5 epoch=2/3 loss=0.5337 l2=0.2000 label_smoothing=0.000
D step=3/5 epoch=3/3 loss=0.5307 l2=0.2000 label_smoothing=0.000
D step=4/5 epoch=1/3 loss=0.5511 l2=0.2000 label_smoothing=0.000
D step=4/5 epoch=2/3 loss=0.5424 l2=0.2000 label_smoothing=0.000
D step=4/5 epoch=3/3 loss=0.5415 l2=0.2000 label_smoothing=0.000
D step=5/5 epoch=1/3 loss=0.5478 l2=0.2000 label_smoothing=0.000
D step=5/5 epoch=2/3 loss=0.5441 l2=0.2000 label_smoothing=0.000
D step=5/5 epoch=3/3 loss=0.5421 l2=0.2000 label_smoothing=0.000
ADV epoch=181/200 g_loss=0.0596 d_loss=0.5422 reward=0.3892 reward_var=0.0116 unique=0.4600
D step=1/5 epoch=1/3 loss=0.5669 l2=0.2000 label_smoothing=0.000
D step=1/5 epoch=2/3 loss=0.5424 l2=0.2000 label_smoothing=0.000
D step=1/5 epoch=3/3 loss=0.5263 l2=0.2000 label_smoothing=0.000
D step=2/5 epoch=1/3 loss=0.5896 l2=0.2000 label_smoothing=0.000
D step=2/5 epoch=2/3 loss=0.5738 l2=0.2000 label_smoothing=0.000
D step=2/5 epoch=3/3 loss=0.5604 l2=0.2000 label_smoothing=0.000
D step=3/5 epoch=1/3 loss=0.5356 l2=0.2000 label_smoothing=0.000
D step=3/5 epoch=2/3 loss=0.5386 l2=0.2000 label_smoothing=0.000
D step=3/5 epoch=3/3 loss=0.5328 l2=0.2000 label_smoothing=0.000
D step=4/5 epoch=1/3 loss=0.5378 l2=0.2000 label_smoothing=0.000
D step=4/5 epoch=2/3 loss=0.5336 l2=0.2000 label_smoothing=0.000
D step=4/5 epoch=3/3 loss=0.5292 l2=0.2000 label_smoothing=0.000
D step=5/5 epoch=1/3 loss=0.5386 l2=0.2000 label_smoothing=0.000
D step=5/5 epoch=2/3 loss=0.5349 l2=0.2000 label_smoothing=0.000
D step=5/5 epoch=3/3 loss=0.5253 l2=0.2000 label_smoothing=0.000
ADV epoch=182/200 g_loss=0.0563 d_loss=0.5444 reward=0.3752 reward_var=0.0134 unique=0.4600
D step=1/5 epoch=1/3 loss=0.6093 l2=0.2000 label_smoothing=0.000
D step=1/5 epoch=2/3 loss=0.5837 l2=0.2000 label_smoothing=0.000
D step=1/5 epoch=3/3 loss=0.5679 l2=0.2000 label_smoothing=0.000
D step=2/5 epoch=1/3 loss=0.5501 l2=0.2000 label_smoothing=0.000
D step=2/5 epoch=2/3 loss=0.5465 l2=0.2000 label_smoothing=0.000
D step=2/5 epoch=3/3 loss=0.5401 l2=0.2000 label_smoothing=0.000
D step=3/5 epoch=1/3 loss=0.5687 l2=0.2000 label_smoothing=0.000
D step=3/5 epoch=2/3 loss=0.5646 l2=0.2000 label_smoothing=0.000
D step=3/5 epoch=3/3 loss=0.5580 l2=0.2000 label_smoothing=0.000
D step=4/5 epoch=1/3 loss=0.5343 l2=0.2000 label_smoothing=0.000
D step=4/5 epoch=2/3 loss=0.5307 l2=0.2000 label_smoothing=0.000
D step=4/5 epoch=3/3 loss=0.5236 l2=0.2000 label_smoothing=0.000
D step=5/5 epoch=1/3 loss=0.5433 l2=0.2000 label_smoothing=0.000
D step=5/5 epoch=2/3 loss=0.5381 l2=0.2000 label_smoothing=0.000
D step=5/5 epoch=3/3 loss=0.5379 l2=0.2000 label_smoothing=0.000
ADV epoch=183/200 g_loss=0.0606 d_loss=0.5531 reward=0.3704 reward_var=0.0170 unique=0.3600
D step=1/5 epoch=1/3 loss=0.6297 l2=0.2000 label_smoothing=0.000
D step=1/5 epoch=2/3 loss=0.5698 l2=0.2000 label_smoothing=0.000
D step=1/5 epoch=3/3 loss=0.5544 l2=0.2000 label_smoothing=0.000
D step=2/5 epoch=1/3 loss=0.5680 l2=0.2000 label_smoothing=0.000
D step=2/5 epoch=2/3 loss=0.5621 l2=0.2000 label_smoothing=0.000
D step=2/5 epoch=3/3 loss=0.5571 l2=0.2000 label_smoothing=0.000
D step=3/5 epoch=1/3 loss=0.5402 l2=0.2000 label_smoothing=0.000
D step=3/5 epoch=2/3 loss=0.5404 l2=0.2000 label_smoothing=0.000
D step=3/5 epoch=3/3 loss=0.5336 l2=0.2000 label_smoothing=0.000
D step=4/5 epoch=1/3 loss=0.5532 l2=0.2000 label_smoothing=0.000
D step=4/5 epoch=2/3 loss=0.5509 l2=0.2000 label_smoothing=0.000
D step=4/5 epoch=3/3 loss=0.5505 l2=0.2000 label_smoothing=0.000
D step=5/5 epoch=1/3 loss=0.5662 l2=0.2000 label_smoothing=0.000
D step=5/5 epoch=2/3 loss=0.5651 l2=0.2000 label_smoothing=0.000
D step=5/5 epoch=3/3 loss=0.5631 l2=0.2000 label_smoothing=0.000
ADV epoch=184/200 g_loss=0.0611 d_loss=0.5603 reward=0.4119 reward_var=0.0085 unique=0.3600
D step=1/5 epoch=1/3 loss=0.5331 l2=0.2000 label_smoothing=0.000
D step=1/5 epoch=2/3 loss=0.5260 l2=0.2000 label_smoothing=0.000
D step=1/5 epoch=3/3 loss=0.5279 l2=0.2000 label_smoothing=0.000
D step=2/5 epoch=1/3 loss=0.5339 l2=0.2000 label_smoothing=0.000
D step=2/5 epoch=2/3 loss=0.5238 l2=0.2000 label_smoothing=0.000
D step=2/5 epoch=3/3 loss=0.5197 l2=0.2000 label_smoothing=0.000
D step=3/5 epoch=1/3 loss=0.5471 l2=0.2000 label_smoothing=0.000
D step=3/5 epoch=2/3 loss=0.5524 l2=0.2000 label_smoothing=0.000
D step=3/5 epoch=3/3 loss=0.5435 l2=0.2000 label_smoothing=0.000
D step=4/5 epoch=1/3 loss=0.5444 l2=0.2000 label_smoothing=0.000
D step=4/5 epoch=2/3 loss=0.5408 l2=0.2000 label_smoothing=0.000
D step=4/5 epoch=3/3 loss=0.5368 l2=0.2000 label_smoothing=0.000
D step=5/5 epoch=1/3 loss=0.5766 l2=0.2000 label_smoothing=0.000
D step=5/5 epoch=2/3 loss=0.5610 l2=0.2000 label_smoothing=0.000
D step=5/5 epoch=3/3 loss=0.5378 l2=0.2000 label_smoothing=0.000
ADV epoch=185/200 g_loss=0.0566 d_loss=0.5403 reward=0.3880 reward_var=0.0102 unique=0.4600
D step=1/5 epoch=1/3 loss=0.5391 l2=0.2000 label_smoothing=0.000
D step=1/5 epoch=2/3 loss=0.5288 l2=0.2000 label_smoothing=0.000
D step=1/5 epoch=3/3 loss=0.5229 l2=0.2000 label_smoothing=0.000
D step=2/5 epoch=1/3 loss=0.6204 l2=0.2000 label_smoothing=0.000
D step=2/5 epoch=2/3 loss=0.5953 l2=0.2000 label_smoothing=0.000
D step=2/5 epoch=3/3 loss=0.5865 l2=0.2000 label_smoothing=0.000
D step=3/5 epoch=1/3 loss=0.6118 l2=0.2000 label_smoothing=0.000
D step=3/5 epoch=2/3 loss=0.5720 l2=0.2000 label_smoothing=0.000
D step=3/5 epoch=3/3 loss=0.5401 l2=0.2000 label_smoothing=0.000
D step=4/5 epoch=1/3 loss=0.5565 l2=0.2000 label_smoothing=0.000
D step=4/5 epoch=2/3 loss=0.5512 l2=0.2000 label_smoothing=0.000
D step=4/5 epoch=3/3 loss=0.5455 l2=0.2000 label_smoothing=0.000
D step=5/5 epoch=1/3 loss=0.5505 l2=0.2000 label_smoothing=0.000
D step=5/5 epoch=2/3 loss=0.5401 l2=0.2000 label_smoothing=0.000
D step=5/5 epoch=3/3 loss=0.5344 l2=0.2000 label_smoothing=0.000
ADV epoch=186/200 g_loss=0.0531 d_loss=0.5597 reward=0.3751 reward_var=0.0090 unique=0.4000
D step=1/5 epoch=1/3 loss=0.5335 l2=0.2000 label_smoothing=0.000
D step=1/5 epoch=2/3 loss=0.5268 l2=0.2000 label_smoothing=0.000
D step=1/5 epoch=3/3 loss=0.5257 l2=0.2000 label_smoothing=0.000
D step=2/5 epoch=1/3 loss=0.5635 l2=0.2000 label_smoothing=0.000
D step=2/5 epoch=2/3 loss=0.5613 l2=0.2000 label_smoothing=0.000
D step=2/5 epoch=3/3 loss=0.5404 l2=0.2000 label_smoothing=0.000
D step=3/5 epoch=1/3 loss=0.5656 l2=0.2000 label_smoothing=0.000
D step=3/5 epoch=2/3 loss=0.5585 l2=0.2000 label_smoothing=0.000
D step=3/5 epoch=3/3 loss=0.5451 l2=0.2000 label_smoothing=0.000
D step=4/5 epoch=1/3 loss=0.5613 l2=0.2000 label_smoothing=0.000
D step=4/5 epoch=2/3 loss=0.5532 l2=0.2000 label_smoothing=0.000
D step=4/5 epoch=3/3 loss=0.5504 l2=0.2000 label_smoothing=0.000
D step=5/5 epoch=1/3 loss=0.5764 l2=0.2000 label_smoothing=0.000
D step=5/5 epoch=2/3 loss=0.5710 l2=0.2000 label_smoothing=0.000
D step=5/5 epoch=3/3 loss=0.5572 l2=0.2000 label_smoothing=0.000
ADV epoch=187/200 g_loss=0.0619 d_loss=0.5527 reward=0.3750 reward_var=0.0130 unique=0.4400
D step=1/5 epoch=1/3 loss=0.5759 l2=0.2000 label_smoothing=0.000
D step=1/5 epoch=2/3 loss=0.5593 l2=0.2000 label_smoothing=0.000
D step=1/5 epoch=3/3 loss=0.5461 l2=0.2000 label_smoothing=0.000
D step=2/5 epoch=1/3 loss=0.5451 l2=0.2000 label_smoothing=0.000
D step=2/5 epoch=2/3 loss=0.5395 l2=0.2000 label_smoothing=0.000
D step=2/5 epoch=3/3 loss=0.5359 l2=0.2000 label_smoothing=0.000
D step=3/5 epoch=1/3 loss=0.5623 l2=0.2000 label_smoothing=0.000
D step=3/5 epoch=2/3 loss=0.5592 l2=0.2000 label_smoothing=0.000
D step=3/5 epoch=3/3 loss=0.5625 l2=0.2000 label_smoothing=0.000
D step=4/5 epoch=1/3 loss=0.5701 l2=0.2000 label_smoothing=0.000
D step=4/5 epoch=2/3 loss=0.5621 l2=0.2000 label_smoothing=0.000
D step=4/5 epoch=3/3 loss=0.5648 l2=0.2000 label_smoothing=0.000
D step=5/5 epoch=1/3 loss=0.5572 l2=0.2000 label_smoothing=0.000
D step=5/5 epoch=2/3 loss=0.5485 l2=0.2000 label_smoothing=0.000
D step=5/5 epoch=3/3 loss=0.5512 l2=0.2000 label_smoothing=0.000
ADV epoch=188/200 g_loss=0.0608 d_loss=0.5560 reward=0.3959 reward_var=0.0130 unique=0.4400
D step=1/5 epoch=1/3 loss=0.5399 l2=0.2000 label_smoothing=0.000
D step=1/5 epoch=2/3 loss=0.5318 l2=0.2000 label_smoothing=0.000
D step=1/5 epoch=3/3 loss=0.5204 l2=0.2000 label_smoothing=0.000
D step=2/5 epoch=1/3 loss=0.6020 l2=0.2000 label_smoothing=0.000
D step=2/5 epoch=2/3 loss=0.5894 l2=0.2000 label_smoothing=0.000
D step=2/5 epoch=3/3 loss=0.5602 l2=0.2000 label_smoothing=0.000
D step=3/5 epoch=1/3 loss=0.5627 l2=0.2000 label_smoothing=0.000
D step=3/5 epoch=2/3 loss=0.5570 l2=0.2000 label_smoothing=0.000
D step=3/5 epoch=3/3 loss=0.5493 l2=0.2000 label_smoothing=0.000
D step=4/5 epoch=1/3 loss=0.5335 l2=0.2000 label_smoothing=0.000
D step=4/5 epoch=2/3 loss=0.5250 l2=0.2000 label_smoothing=0.000
D step=4/5 epoch=3/3 loss=0.5201 l2=0.2000 label_smoothing=0.000
D step=5/5 epoch=1/3 loss=0.5489 l2=0.2000 label_smoothing=0.000
D step=5/5 epoch=2/3 loss=0.5474 l2=0.2000 label_smoothing=0.000
D step=5/5 epoch=3/3 loss=0.5475 l2=0.2000 label_smoothing=0.000
ADV epoch=189/200 g_loss=0.0586 d_loss=0.5490 reward=0.4043 reward_var=0.0052 unique=0.3800
D step=1/5 epoch=1/3 loss=0.5373 l2=0.2000 label_smoothing=0.000
D step=1/5 epoch=2/3 loss=0.5206 l2=0.2000 label_smoothing=0.000
D step=1/5 epoch=3/3 loss=0.5139 l2=0.2000 label_smoothing=0.000
D step=2/5 epoch=1/3 loss=0.5660 l2=0.2000 label_smoothing=0.000
D step=2/5 epoch=2/3 loss=0.5508 l2=0.2000 label_smoothing=0.000
D step=2/5 epoch=3/3 loss=0.5484 l2=0.2000 label_smoothing=0.000
D step=3/5 epoch=1/3 loss=0.5650 l2=0.2000 label_smoothing=0.000
D step=3/5 epoch=2/3 loss=0.5660 l2=0.2000 label_smoothing=0.000
D step=3/5 epoch=3/3 loss=0.5606 l2=0.2000 label_smoothing=0.000
D step=4/5 epoch=1/3 loss=0.5586 l2=0.2000 label_smoothing=0.000
D step=4/5 epoch=2/3 loss=0.5550 l2=0.2000 label_smoothing=0.000
D step=4/5 epoch=3/3 loss=0.5571 l2=0.2000 label_smoothing=0.000
D step=5/5 epoch=1/3 loss=0.5407 l2=0.2000 label_smoothing=0.000
D step=5/5 epoch=2/3 loss=0.5395 l2=0.2000 label_smoothing=0.000
D step=5/5 epoch=3/3 loss=0.5351 l2=0.2000 label_smoothing=0.000
ADV epoch=190/200 g_loss=0.0623 d_loss=0.5476 reward=0.4069 reward_var=0.0150 unique=0.4400
D step=1/5 epoch=1/3 loss=0.5459 l2=0.2000 label_smoothing=0.000
D step=1/5 epoch=2/3 loss=0.5385 l2=0.2000 label_smoothing=0.000
D step=1/5 epoch=3/3 loss=0.5276 l2=0.2000 label_smoothing=0.000
D step=2/5 epoch=1/3 loss=0.5510 l2=0.2000 label_smoothing=0.000
D step=2/5 epoch=2/3 loss=0.5442 l2=0.2000 label_smoothing=0.000
D step=2/5 epoch=3/3 loss=0.5359 l2=0.2000 label_smoothing=0.000
D step=3/5 epoch=1/3 loss=0.5590 l2=0.2000 label_smoothing=0.000
D step=3/5 epoch=2/3 loss=0.5503 l2=0.2000 label_smoothing=0.000
D step=3/5 epoch=3/3 loss=0.5417 l2=0.2000 label_smoothing=0.000
D step=4/5 epoch=1/3 loss=0.5626 l2=0.2000 label_smoothing=0.000
D step=4/5 epoch=2/3 loss=0.5594 l2=0.2000 label_smoothing=0.000
D step=4/5 epoch=3/3 loss=0.5490 l2=0.2000 label_smoothing=0.000
D step=5/5 epoch=1/3 loss=0.5337 l2=0.2000 label_smoothing=0.000
D step=5/5 epoch=2/3 loss=0.5305 l2=0.2000 label_smoothing=0.000
D step=5/5 epoch=3/3 loss=0.5212 l2=0.2000 label_smoothing=0.000
ADV epoch=191/200 g_loss=0.0545 d_loss=0.5434 reward=0.3879 reward_var=0.0083 unique=0.4000
D step=1/5 epoch=1/3 loss=0.5595 l2=0.2000 label_smoothing=0.000
D step=1/5 epoch=2/3 loss=0.5482 l2=0.2000 label_smoothing=0.000
D step=1/5 epoch=3/3 loss=0.5447 l2=0.2000 label_smoothing=0.000
D step=2/5 epoch=1/3 loss=0.5497 l2=0.2000 label_smoothing=0.000
D step=2/5 epoch=2/3 loss=0.5443 l2=0.2000 label_smoothing=0.000
D step=2/5 epoch=3/3 loss=0.5341 l2=0.2000 label_smoothing=0.000
D step=3/5 epoch=1/3 loss=0.5322 l2=0.2000 label_smoothing=0.000
D step=3/5 epoch=2/3 loss=0.5294 l2=0.2000 label_smoothing=0.000
D step=3/5 epoch=3/3 loss=0.5288 l2=0.2000 label_smoothing=0.000
D step=4/5 epoch=1/3 loss=0.5357 l2=0.2000 label_smoothing=0.000
D step=4/5 epoch=2/3 loss=0.5328 l2=0.2000 label_smoothing=0.000
D step=4/5 epoch=3/3 loss=0.5221 l2=0.2000 label_smoothing=0.000
D step=5/5 epoch=1/3 loss=0.5178 l2=0.2000 label_smoothing=0.000
D step=5/5 epoch=2/3 loss=0.5202 l2=0.2000 label_smoothing=0.000
D step=5/5 epoch=3/3 loss=0.5110 l2=0.2000 label_smoothing=0.000
ADV epoch=192/200 g_loss=0.0492 d_loss=0.5340 reward=0.3709 reward_var=0.0131 unique=0.3400
D step=1/5 epoch=1/3 loss=0.5403 l2=0.2000 label_smoothing=0.000
D step=1/5 epoch=2/3 loss=0.5244 l2=0.2000 label_smoothing=0.000
D step=1/5 epoch=3/3 loss=0.5139 l2=0.2000 label_smoothing=0.000
D step=2/5 epoch=1/3 loss=0.5149 l2=0.2000 label_smoothing=0.000
D step=2/5 epoch=2/3 loss=0.5138 l2=0.2000 label_smoothing=0.000
D step=2/5 epoch=3/3 loss=0.5039 l2=0.2000 label_smoothing=0.000
D step=3/5 epoch=1/3 loss=0.6183 l2=0.2000 label_smoothing=0.000
D step=3/5 epoch=2/3 loss=0.5809 l2=0.2000 label_smoothing=0.000
D step=3/5 epoch=3/3 loss=0.5618 l2=0.2000 label_smoothing=0.000
D step=4/5 epoch=1/3 loss=0.5146 l2=0.2000 label_smoothing=0.000
D step=4/5 epoch=2/3 loss=0.4993 l2=0.2000 label_smoothing=0.000
D step=4/5 epoch=3/3 loss=0.4929 l2=0.2000 label_smoothing=0.000
D step=5/5 epoch=1/3 loss=0.5276 l2=0.2000 label_smoothing=0.000
D step=5/5 epoch=2/3 loss=0.5308 l2=0.2000 label_smoothing=0.000
D step=5/5 epoch=3/3 loss=0.5112 l2=0.2000 label_smoothing=0.000
ADV epoch=193/200 g_loss=0.0558 d_loss=0.5299 reward=0.3833 reward_var=0.0164 unique=0.4200
D step=1/5 epoch=1/3 loss=0.5762 l2=0.2000 label_smoothing=0.000
D step=1/5 epoch=2/3 loss=0.5513 l2=0.2000 label_smoothing=0.000
D step=1/5 epoch=3/3 loss=0.5450 l2=0.2000 label_smoothing=0.000
D step=2/5 epoch=1/3 loss=0.5211 l2=0.2000 label_smoothing=0.000
D step=2/5 epoch=2/3 loss=0.5191 l2=0.2000 label_smoothing=0.000
D step=2/5 epoch=3/3 loss=0.5111 l2=0.2000 label_smoothing=0.000
D step=3/5 epoch=1/3 loss=0.5230 l2=0.2000 label_smoothing=0.000
D step=3/5 epoch=2/3 loss=0.5132 l2=0.2000 label_smoothing=0.000
D step=3/5 epoch=3/3 loss=0.5088 l2=0.2000 label_smoothing=0.000
D step=4/5 epoch=1/3 loss=0.5934 l2=0.2000 label_smoothing=0.000
D step=4/5 epoch=2/3 loss=0.5709 l2=0.2000 label_smoothing=0.000
D step=4/5 epoch=3/3 loss=0.5667 l2=0.2000 label_smoothing=0.000
D step=5/5 epoch=1/3 loss=0.5253 l2=0.2000 label_smoothing=0.000
D step=5/5 epoch=2/3 loss=0.5231 l2=0.2000 label_smoothing=0.000
D step=5/5 epoch=3/3 loss=0.5157 l2=0.2000 label_smoothing=0.000
ADV epoch=194/200 g_loss=0.0550 d_loss=0.5376 reward=0.3459 reward_var=0.0173 unique=0.4200
D step=1/5 epoch=1/3 loss=0.5410 l2=0.2000 label_smoothing=0.000
D step=1/5 epoch=2/3 loss=0.5283 l2=0.2000 label_smoothing=0.000
D step=1/5 epoch=3/3 loss=0.5199 l2=0.2000 label_smoothing=0.000
D step=2/5 epoch=1/3 loss=0.5344 l2=0.2000 label_smoothing=0.000
D step=2/5 epoch=2/3 loss=0.5337 l2=0.2000 label_smoothing=0.000
D step=2/5 epoch=3/3 loss=0.5308 l2=0.2000 label_smoothing=0.000
D step=3/5 epoch=1/3 loss=0.5632 l2=0.2000 label_smoothing=0.000
D step=3/5 epoch=2/3 loss=0.5514 l2=0.2000 label_smoothing=0.000
D step=3/5 epoch=3/3 loss=0.5407 l2=0.2000 label_smoothing=0.000
D step=4/5 epoch=1/3 loss=0.5566 l2=0.2000 label_smoothing=0.000
D step=4/5 epoch=2/3 loss=0.5486 l2=0.2000 label_smoothing=0.000
D step=4/5 epoch=3/3 loss=0.5437 l2=0.2000 label_smoothing=0.000
D step=5/5 epoch=1/3 loss=0.5713 l2=0.2000 label_smoothing=0.000
D step=5/5 epoch=2/3 loss=0.5634 l2=0.2000 label_smoothing=0.000
D step=5/5 epoch=3/3 loss=0.5468 l2=0.2000 label_smoothing=0.000
ADV epoch=195/200 g_loss=0.0599 d_loss=0.5449 reward=0.3778 reward_var=0.0145 unique=0.4200
D step=1/5 epoch=1/3 loss=0.5671 l2=0.2000 label_smoothing=0.000
D step=1/5 epoch=2/3 loss=0.5470 l2=0.2000 label_smoothing=0.000
D step=1/5 epoch=3/3 loss=0.5503 l2=0.2000 label_smoothing=0.000
D step=2/5 epoch=1/3 loss=0.5783 l2=0.2000 label_smoothing=0.000
D step=2/5 epoch=2/3 loss=0.5589 l2=0.2000 label_smoothing=0.000
D step=2/5 epoch=3/3 loss=0.5412 l2=0.2000 label_smoothing=0.000
D step=3/5 epoch=1/3 loss=0.5612 l2=0.2000 label_smoothing=0.000
D step=3/5 epoch=2/3 loss=0.5612 l2=0.2000 label_smoothing=0.000
D step=3/5 epoch=3/3 loss=0.5517 l2=0.2000 label_smoothing=0.000
D step=4/5 epoch=1/3 loss=0.5394 l2=0.2000 label_smoothing=0.000
D step=4/5 epoch=2/3 loss=0.5294 l2=0.2000 label_smoothing=0.000
D step=4/5 epoch=3/3 loss=0.5208 l2=0.2000 label_smoothing=0.000
D step=5/5 epoch=1/3 loss=0.5606 l2=0.2000 label_smoothing=0.000
D step=5/5 epoch=2/3 loss=0.5547 l2=0.2000 label_smoothing=0.000
D step=5/5 epoch=3/3 loss=0.5466 l2=0.2000 label_smoothing=0.000
ADV epoch=196/200 g_loss=0.0587 d_loss=0.5512 reward=0.3961 reward_var=0.0132 unique=0.4800
D step=1/5 epoch=1/3 loss=0.5754 l2=0.2000 label_smoothing=0.000
D step=1/5 epoch=2/3 loss=0.5538 l2=0.2000 label_smoothing=0.000
D step=1/5 epoch=3/3 loss=0.5395 l2=0.2000 label_smoothing=0.000
D step=2/5 epoch=1/3 loss=0.5579 l2=0.2000 label_smoothing=0.000
D step=2/5 epoch=2/3 loss=0.5545 l2=0.2000 label_smoothing=0.000
D step=2/5 epoch=3/3 loss=0.5516 l2=0.2000 label_smoothing=0.000
D step=3/5 epoch=1/3 loss=0.5796 l2=0.2000 label_smoothing=0.000
D step=3/5 epoch=2/3 loss=0.5733 l2=0.2000 label_smoothing=0.000
D step=3/5 epoch=3/3 loss=0.5663 l2=0.2000 label_smoothing=0.000
D step=4/5 epoch=1/3 loss=0.5474 l2=0.2000 label_smoothing=0.000
D step=4/5 epoch=2/3 loss=0.5479 l2=0.2000 label_smoothing=0.000
D step=4/5 epoch=3/3 loss=0.5384 l2=0.2000 label_smoothing=0.000
D step=5/5 epoch=1/3 loss=0.5435 l2=0.2000 label_smoothing=0.000
D step=5/5 epoch=2/3 loss=0.5399 l2=0.2000 label_smoothing=0.000
D step=5/5 epoch=3/3 loss=0.5337 l2=0.2000 label_smoothing=0.000
ADV epoch=197/200 g_loss=0.0601 d_loss=0.5535 reward=0.4046 reward_var=0.0221 unique=0.4200
D step=1/5 epoch=1/3 loss=0.5486 l2=0.2000 label_smoothing=0.000
D step=1/5 epoch=2/3 loss=0.5392 l2=0.2000 label_smoothing=0.000
D step=1/5 epoch=3/3 loss=0.5328 l2=0.2000 label_smoothing=0.000
D step=2/5 epoch=1/3 loss=0.5489 l2=0.2000 label_smoothing=0.000
D step=2/5 epoch=2/3 loss=0.5116 l2=0.2000 label_smoothing=0.000
D step=2/5 epoch=3/3 loss=0.4982 l2=0.2000 label_smoothing=0.000
D step=3/5 epoch=1/3 loss=0.5203 l2=0.2000 label_smoothing=0.000
D step=3/5 epoch=2/3 loss=0.5136 l2=0.2000 label_smoothing=0.000
D step=3/5 epoch=3/3 loss=0.5064 l2=0.2000 label_smoothing=0.000
D step=4/5 epoch=1/3 loss=0.5246 l2=0.2000 label_smoothing=0.000
D step=4/5 epoch=2/3 loss=0.5167 l2=0.2000 label_smoothing=0.000
D step=4/5 epoch=3/3 loss=0.5102 l2=0.2000 label_smoothing=0.000
D step=5/5 epoch=1/3 loss=0.5635 l2=0.2000 label_smoothing=0.000
D step=5/5 epoch=2/3 loss=0.5571 l2=0.2000 label_smoothing=0.000
D step=5/5 epoch=3/3 loss=0.5434 l2=0.2000 label_smoothing=0.000
ADV epoch=198/200 g_loss=0.0678 d_loss=0.5290 reward=0.4263 reward_var=0.0124 unique=0.4600
D step=1/5 epoch=1/3 loss=0.5257 l2=0.2000 label_smoothing=0.000
D step=1/5 epoch=2/3 loss=0.5109 l2=0.2000 label_smoothing=0.000
D step=1/5 epoch=3/3 loss=0.5033 l2=0.2000 label_smoothing=0.000
D step=2/5 epoch=1/3 loss=0.5558 l2=0.2000 label_smoothing=0.000
D step=2/5 epoch=2/3 loss=0.5403 l2=0.2000 label_smoothing=0.000
D step=2/5 epoch=3/3 loss=0.5301 l2=0.2000 label_smoothing=0.000
D step=3/5 epoch=1/3 loss=0.5548 l2=0.2000 label_smoothing=0.000
D step=3/5 epoch=2/3 loss=0.5288 l2=0.2000 label_smoothing=0.000
D step=3/5 epoch=3/3 loss=0.5195 l2=0.2000 label_smoothing=0.000
D step=4/5 epoch=1/3 loss=0.5283 l2=0.2000 label_smoothing=0.000
D step=4/5 epoch=2/3 loss=0.5270 l2=0.2000 label_smoothing=0.000
D step=4/5 epoch=3/3 loss=0.5223 l2=0.2000 label_smoothing=0.000
D step=5/5 epoch=1/3 loss=0.5581 l2=0.2000 label_smoothing=0.000
D step=5/5 epoch=2/3 loss=0.5536 l2=0.2000 label_smoothing=0.000
D step=5/5 epoch=3/3 loss=0.5483 l2=0.2000 label_smoothing=0.000
ADV epoch=199/200 g_loss=0.0559 d_loss=0.5338 reward=0.3691 reward_var=0.0074 unique=0.4200
D step=1/5 epoch=1/3 loss=0.5959 l2=0.2000 label_smoothing=0.000
D step=1/5 epoch=2/3 loss=0.5668 l2=0.2000 label_smoothing=0.000
D step=1/5 epoch=3/3 loss=0.5611 l2=0.2000 label_smoothing=0.000
D step=2/5 epoch=1/3 loss=0.5394 l2=0.2000 label_smoothing=0.000
D step=2/5 epoch=2/3 loss=0.5323 l2=0.2000 label_smoothing=0.000
D step=2/5 epoch=3/3 loss=0.5248 l2=0.2000 label_smoothing=0.000
D step=3/5 epoch=1/3 loss=0.5666 l2=0.2000 label_smoothing=0.000
D step=3/5 epoch=2/3 loss=0.5610 l2=0.2000 label_smoothing=0.000
D step=3/5 epoch=3/3 loss=0.5570 l2=0.2000 label_smoothing=0.000
D step=4/5 epoch=1/3 loss=0.5758 l2=0.2000 label_smoothing=0.000
D step=4/5 epoch=2/3 loss=0.5716 l2=0.2000 label_smoothing=0.000
D step=4/5 epoch=3/3 loss=0.5619 l2=0.2000 label_smoothing=0.000
D step=5/5 epoch=1/3 loss=0.5387 l2=0.2000 label_smoothing=0.000
D step=5/5 epoch=2/3 loss=0.5427 l2=0.2000 label_smoothing=0.000
D step=5/5 epoch=3/3 loss=0.5385 l2=0.2000 label_smoothing=0.000
ADV epoch=200/200 g_loss=0.0636 d_loss=0.5556 reward=0.4207 reward_var=0.0110 unique=0.4400
saved 2000 raw samples to /content/drive/MyDrive/GAN_for_SQLi - 1/result/final/seqgan_master/error/B/R100/generated_payloads.csv
