id,label,payload_type,length,num_letters,num_digits,num_spaces,num_single_quotes,num_double_quotes,num_parentheses,num_commas,num_semicolons,num_equal,num_dash,num_slash,num_backslash,num_pipe,num_ampersand,num_percent,num_hash,num_at,num_underscore,num_angle,num_plus,num_star,num_comment_tokens,num_special,ratio_digits,ratio_spaces,ratio_special,entropy,token_count,avg_token_len,max_token_len,sql_keyword_count,has_union_select,has_boolean_pattern,has_time_pattern,has_error_pattern,has_order_pattern,has_stacked_pattern,has_exists_pattern,has_encoded_pattern,retrieval_source_id,retrieval_distance
CTGAN_000001,attack,error,490,64,36,46,0,0,17,1,1,3,0,0,0,0,2,0,0,1,0,0,0,0,1,23,0.10510672628879547,0.3982023000717163,0.09795154631137848,3.9421401023864746,51,3.1537063121795654,11,7,0,0,0,0,1,0,3,1,R000210,6.678471079290028
CTGAN_000002,attack,error,342,89,42,105,4,0,14,0,0,0,4,0,0,0,0,0,0,0,0,0,1,0,1,15,0.1871197521686554,0.37540680170059204,0.1775141805410385,3.387082576751709,84,1.818274736404419,15,7,1,0,0,1,0,0,3,0,R000429,8.781726918416984
CTGAN_000003,attack,error,403,43,16,61,1,0,15,4,1,2,0,0,0,26,0,0,0,2,3,0,0,0,0,14,0.14858585596084595,0.42995160818099976,0.15934622287750244,3.839858293533325,103,2.7140626907348633,11,7,0,1,1,0,0,0,3,1,R000334,6.971229953848844
CTGAN_000004,attack,error,189,66,52,41,1,0,30,6,0,3,1,0,0,0,0,0,0,0,0,0,0,0,0,19,0.2344817966222763,0.4119567275047302,0.09199416637420654,4.303167819976807,58,1.9738163948059082,6,4,0,0,0,0,0,0,2,1,R000805,5.3320881368071955
CTGAN_000005,attack,error,342,115,50,54,4,0,15,6,1,1,1,0,2,0,1,0,0,1,0,0,0,1,0,37,0.11133512854576111,0.3719313144683838,0.10723170638084412,4.014271259307861,33,1.867016315460205,6,4,0,0,0,1,0,1,0,1,R000136,5.094421806976339
CTGAN_000006,attack,error,178,49,34,153,4,0,42,5,1,3,0,0,0,1,0,0,0,0,0,0,0,1,0,26,0.17533890902996063,0.4861612021923065,0.16812969744205475,3.690891742706299,58,2.582301616668701,12,4,1,0,1,0,0,0,1,0,R000673,7.2024720184323545
CTGAN_000007,attack,error,460,43,38,32,3,0,35,5,2,1,0,0,1,1,1,0,0,3,0,0,0,0,0,13,0.2325524091720581,0.4862159788608551,0.16259756684303284,3.547839403152466,77,2.223564863204956,7,4,0,0,0,1,0,0,2,1,R000695,6.301506182789296
CTGAN_000008,attack,error,396,104,48,62,0,0,23,3,1,2,2,0,1,0,0,0,0,0,0,0,0,0,1,61,0.1656598150730133,0.3724004924297333,0.16311876475811005,3.96793794631958,109,2.505077362060547,11,4,0,0,0,0,0,1,1,1,R000151,4.6592777164771935
CTGAN_000009,attack,error,130,114,35,182,4,0,22,3,1,1,2,0,0,18,0,2,1,1,2,0,0,0,0,34,0.17745919525623322,0.38778406381607056,0.1768549382686615,3.849642038345337,48,2.432929277420044,6,6,0,2,0,0,0,0,0,1,R000575,6.424096004769108
CTGAN_000010,attack,error,316,55,32,114,0,0,34,4,0,2,0,0,1,0,0,0,0,1,0,0,0,0,0,15,0.13087354600429535,0.2620529532432556,0.1551700234413147,3.6594531536102295,103,2.4624698162078857,7,3,0,3,1,0,0,0,0,1,R000334,6.569593605895287
CTGAN_000011,attack,error,256,43,33,36,1,0,31,2,0,2,0,0,0,1,0,0,0,0,5,0,0,1,0,25,0.16312342882156372,0.2937433123588562,0.13856658339500427,3.3960471153259277,114,3.2613675594329834,10,4,1,2,0,0,0,0,0,1,R000398,7.176518160350086
CTGAN_000012,attack,error,383,71,26,148,4,1,14,5,0,2,1,1,3,0,0,0,0,1,0,0,0,0,0,19,0.2727280557155609,0.33108440041542053,0.15111568570137024,4.203943729400635,102,2.731419563293457,11,4,0,0,1,1,0,0,0,1,R000548,7.560875738858965
CTGAN_000013,attack,error,386,102,38,35,0,0,16,0,2,2,0,0,3,0,0,0,0,1,2,0,0,0,1,53,0.16976305842399597,0.3958054780960083,0.12981301546096802,3.6908154487609863,40,1.87802255153656,12,4,0,1,0,0,2,0,0,1,R000087,6.612069419589682
CTGAN_000014,attack,error,389,95,42,92,0,0,38,6,0,2,1,0,1,0,0,2,0,2,0,0,0,2,0,31,0.12218774855136871,0.35776829719543457,0.17337381839752197,3.6565475463867188,98,2.417978048324585,6,5,0,2,0,0,0,0,0,1,R001007,6.369064486053808
CTGAN_000015,attack,error,290,50,35,171,4,0,12,0,0,3,0,0,1,0,0,0,0,0,4,0,0,1,0,13,0.1568702608346939,0.3415513038635254,0.1658942699432373,3.876464366912842,134,2.3886399269104004,11,7,0,0,0,0,0,0,1,1,R000579,5.466368195409574
CTGAN_000016,attack,error,271,107,32,134,0,0,27,6,0,3,0,0,1,17,0,0,0,2,0,0,0,1,1,29,0.22850456833839417,0.4096173942089081,0.1762866973876953,3.36651611328125,63,2.0555813312530518,18,10,0,1,1,0,0,0,2,1,R000705,7.214058046161549
CTGAN_000017,attack,error,302,123,53,67,1,0,13,4,0,2,0,0,2,21,0,0,0,1,0,0,0,0,0,33,0.14934179186820984,0.3835482597351074,0.15789695084095,4.012336730957031,66,1.8670077323913574,11,6,0,0,0,0,0,0,1,1,R000579,4.821822647722172
CTGAN_000018,attack,error,378,45,27,178,3,0,5,0,0,2,1,0,0,31,0,2,0,3,3,0,0,0,0,10,0.18643736839294434,0.39671605825424194,0.17851567268371582,3.3313467502593994,35,2.3571853637695312,12,10,0,0,0,0,0,2,1,1,R000894,7.030285377376741
CTGAN_000019,attack,error,240,106,67,38,0,0,17,0,0,2,1,0,0,0,3,0,0,2,0,0,0,0,1,64,0.25261855125427246,0.3326948285102844,0.14306437969207764,3.7060883045196533,74,2.6663711071014404,6,4,0,0,0,1,0,0,3,1,R000157,6.740792248029925
CTGAN_000020,attack,error,225,62,48,97,0,0,16,0,0,1,1,0,1,26,1,0,0,0,3,0,0,0,1,72,0.22228747606277466,0.37677937746047974,0.14189724624156952,4.053841590881348,39,1.91531240940094,11,7,0,0,0,0,1,1,0,1,R000504,5.613440342658967
CTGAN_000021,attack,error,173,45,53,99,0,0,20,4,0,3,2,0,0,0,0,0,0,1,0,0,0,0,0,69,0.1863211989402771,0.37803128361701965,0.11404839158058167,3.716020107269287,34,2.4211018085479736,11,4,0,0,0,0,0,0,2,1,R000087,4.609107295900913
CTGAN_000022,attack,error,244,105,55,73,0,5,17,6,0,2,0,1,0,27,0,0,1,0,0,0,0,0,1,17,0.20397309958934784,0.33409932255744934,0.18363070487976074,3.331843852996826,85,2.6034932136535645,12,7,0,0,0,1,0,0,2,1,R000801,8.465283277994123
CTGAN_000023,attack,error,381,40,0,96,4,0,25,1,0,2,1,0,0,18,1,0,0,0,0,0,0,0,0,29,0.17100387811660767,0.2836788594722748,0.18376348912715912,3.836456775665283,52,2.49623703956604,11,2,0,0,0,1,0,0,1,1,R000433,5.621590309957629
CTGAN_000024,attack,error,236,82,39,95,0,0,15,0,0,2,0,0,0,0,0,0,0,0,2,0,0,0,0,51,0.26664841175079346,0.37865588068962097,0.13873980939388275,3.780641794204712,132,1.9712769985198975,18,10,0,1,0,0,1,0,0,1,R000120,5.525229920950447
CTGAN_000025,attack,error,289,67,34,102,1,5,9,5,0,2,0,0,2,0,1,0,0,2,0,0,0,0,0,74,0.20719774067401886,0.2907443642616272,0.1870182752609253,4.5527729988098145,108,1.910507082939148,19,7,0,2,0,0,1,0,1,0,R000724,8.207536871439409
CTGAN_000026,attack,error,160,61,36,43,4,0,14,0,2,3,0,0,1,0,0,0,0,0,0,0,0,0,1,59,0.1491144299507141,0.4664144217967987,0.09969233721494675,3.779613733291626,74,2.280518054962158,11,10,0,2,0,0,0,0,1,1,R001029,5.527784286043842
CTGAN_000027,attack,error,179,68,40,101,1,0,5,4,3,2,2,0,0,0,0,0,0,0,5,0,0,0,0,21,0.15914887189865112,0.4265628755092621,0.1491958200931549,3.7059593200683594,93,2.63967227935791,12,5,0,2,0,0,0,0,1,1,R001035,6.239726779731908
CTGAN_000028,attack,error,325,49,44,112,1,0,13,2,0,1,1,0,0,18,0,0,0,3,3,0,0,0,1,30,0.13147485256195068,0.43793758749961853,0.15723426640033722,3.9736382961273193,44,2.289400100708008,13,4,0,1,0,1,0,0,0,1,R000504,5.221355906844834
CTGAN_000029,attack,error,388,74,60,126,4,0,16,5,0,2,0,0,0,0,1,0,0,0,2,0,0,0,0,35,0.13845954835414886,0.39199739694595337,0.1579417586326599,3.783660650253296,96,2.6063344478607178,7,7,0,0,0,1,1,0,0,1,R000812,4.264303067994424
CTGAN_000030,attack,error,516,88,48,53,3,0,49,0,2,1,1,0,0,0,0,0,0,0,0,0,0,0,0,70,0.12351804226636887,0.35654404759407043,0.09990930557250977,3.4688994884490967,25,2.6059951782226562,12,7,0,1,0,0,0,1,0,1,R000366,6.762164207036366
CTGAN_000031,attack,error,129,125,38,100,0,0,29,4,1,2,0,0,0,0,0,0,0,0,2,1,0,2,1,61,0.13295017182826996,0.39125779271125793,0.15761500597000122,3.70977520942688,52,2.2033491134643555,12,4,0,1,0,1,0,0,3,1,R000705,6.935094997299328
CTGAN_000032,attack,error,436,86,27,119,0,0,17,5,0,2,2,0,3,0,0,0,0,2,0,1,0,0,0,47,0.13633222877979279,0.4125441908836365,0.13802093267440796,3.6453657150268555,60,1.8143177032470703,6,3,1,0,0,0,1,0,0,1,R000176,7.345652552958862
CTGAN_000033,attack,error,224,118,43,43,1,0,16,5,1,3,2,0,2,0,0,0,0,1,2,1,0,2,0,71,0.1524515151977539,0.38013216853141785,0.12731043994426727,3.759664535522461,68,2.090114116668701,6,9,0,0,0,1,0,0,0,1,R000579,6.869144702650373
CTGAN_000034,attack,error,175,111,50,51,0,0,13,0,2,2,2,0,0,0,0,0,0,0,2,0,0,0,0,10,0.186992809176445,0.3671298623085022,0.13544310629367828,3.6664085388183594,103,3.0086498260498047,11,4,0,0,0,1,0,0,1,1,R000157,5.026609236845481
CTGAN_000035,attack,error,245,125,11,95,2,0,11,1,0,2,0,0,2,0,0,0,0,1,0,0,0,1,0,23,0.09335973858833313,0.28014296293258667,0.12160980701446533,4.025320053100586,41,2.1630544662475586,11,2,0,1,0,0,0,0,1,1,R000641,5.673777362772065
CTGAN_000036,attack,error,365,45,32,145,0,0,14,4,2,2,0,0,1,1,0,0,0,1,0,0,0,0,1,72,0.019089864566922188,0.27821117639541626,0.1174643486738205,4.036229610443115,115,1.9220985174179077,12,6,0,0,0,0,0,0,1,1,R000579,7.141370950117189
CTGAN_000037,attack,error,323,98,35,128,4,0,35,4,0,2,2,0,1,0,0,0,0,2,0,0,0,0,1,39,0.19031724333763123,0.45413482189178467,0.12611933052539825,4.055449962615967,60,2.5563292503356934,8,3,1,0,0,0,0,1,0,0,R001035,7.01088523747961
CTGAN_000038,attack,error,204,91,46,82,1,0,16,4,1,1,1,0,1,20,1,0,0,2,0,0,0,2,0,17,0.14960280060768127,0.336494117975235,0.11567959189414978,4.291819095611572,67,2.8382604122161865,11,12,0,0,0,0,0,0,1,1,R000962,4.993926077622813
CTGAN_000039,attack,error,264,52,33,156,1,0,25,5,0,1,1,0,0,0,0,0,0,0,0,0,0,0,0,16,0.15734538435935974,0.38574573397636414,0.17130817472934723,3.464982032775879,54,1.9976651668548584,16,4,0,1,0,1,0,0,1,1,R000901,4.039185849181788
CTGAN_000040,attack,error,197,87,34,87,0,0,5,5,3,1,0,0,0,1,2,0,0,1,0,0,0,0,1,30,0.1629020869731903,0.37249165773391724,0.16667284071445465,3.3364765644073486,98,1.9791101217269897,11,6,0,0,0,1,1,0,0,1,R000695,6.058931023630033
CTGAN_000041,attack,error,333,112,42,29,0,0,23,6,2,2,2,0,0,0,0,2,0,0,3,0,0,0,0,20,0.13145075738430023,0.3790768086910248,0.09067866206169128,4.617657661437988,60,2.1845579147338867,12,6,0,2,0,0,0,0,2,1,R000477,6.916426003443704
CTGAN_000042,attack,error,210,50,31,63,1,0,12,0,3,3,0,0,2,25,0,0,0,1,0,0,0,1,1,26,0.19933122396469116,0.35960522294044495,0.16919831931591034,4.569247245788574,135,2.6808555126190186,8,14,0,0,0,0,0,0,0,1,R000579,7.352569978791442
CTGAN_000043,attack,error,445,122,61,89,4,1,23,5,2,2,2,0,2,0,0,0,0,0,0,0,0,2,1,27,0.1698179692029953,0.2624509930610657,0.09708839654922485,3.577448844909668,60,2.109548568725586,7,4,0,0,0,0,0,0,3,1,R001017,7.310934529451757
CTGAN_000044,attack,error,314,88,28,48,0,0,8,4,3,2,0,1,1,0,0,0,0,2,0,0,0,0,1,53,0.10642178356647491,0.3811967372894287,0.09614366292953491,4.108335494995117,66,1.7368719577789307,11,7,0,1,0,0,1,0,0,1,R000131,7.753696505912461
CTGAN_000045,attack,error,315,139,40,136,4,0,14,7,0,2,1,0,1,1,0,0,0,0,2,0,0,0,1,20,0.16138525307178497,0.3751247525215149,0.1655941903591156,3.5654008388519287,123,1.9708878993988037,11,7,0,0,0,1,0,0,3,1,R000812,6.310805699957702
CTGAN_000046,attack,error,210,61,34,140,0,1,14,1,0,2,0,0,1,32,0,0,0,1,0,0,0,0,0,25,0.14898839592933655,0.397235631942749,0.14182722568511963,4.135056495666504,72,1.8183424472808838,11,4,0,0,0,0,0,0,1,1,R000358,4.887152424636015
CTGAN_000047,attack,error,389,105,49,101,4,0,33,1,1,1,1,0,0,0,0,0,0,2,0,0,0,0,0,50,0.1268266886472702,0.30424582958221436,0.13689103722572327,3.980571985244751,65,2.626067638397217,11,7,0,0,0,0,2,1,0,1,R000579,5.619506542674292
CTGAN_000048,attack,error,149,88,55,89,2,0,21,7,1,1,1,0,2,0,0,0,0,0,3,1,0,0,0,17,0.14941251277923584,0.4422559440135956,0.15838408470153809,3.7816803455352783,45,2.784372329711914,16,3,0,2,0,1,0,0,0,1,R000848,6.0721013680236124
CTGAN_000049,attack,error,281,104,39,152,1,4,37,4,3,2,2,0,0,0,2,0,0,1,0,0,0,0,1,17,0.15694467723369598,0.4116106927394867,0.137545645236969,4.075726509094238,54,2.7141175270080566,13,2,0,0,0,1,1,2,3,1,R000157,6.787765897573495
CTGAN_000050,attack,error,370,45,39,157,3,1,19,5,2,3,0,0,2,0,0,0,1,1,0,0,0,0,1,31,0.21358874440193176,0.37687253952026367,0.16021957993507385,4.651724338531494,38,1.7559468746185303,9,14,0,2,0,0,0,1,3,1,R000218,7.883726893771054
CTGAN_000051,attack,error,371,104,42,135,4,0,19,0,0,2,0,0,0,0,0,0,1,1,3,0,0,0,0,56,0.15387745201587677,0.3902551233768463,0.13383492827415466,3.413435697555542,51,2.136352062225342,7,10,1,0,0,0,0,0,1,1,R000618,6.515162275755853
CTGAN_000052,attack,error,212,78,32,38,0,0,9,1,0,3,0,0,0,2,0,0,0,1,0,0,0,0,0,39,0.18371593952178955,0.3795406222343445,0.1296290159225464,3.7583982944488525,79,2.0767364501953125,12,5,0,0,0,0,0,0,0,1,R000177,3.9447630358522736
CTGAN_000053,attack,error,250,49,29,97,0,0,17,5,0,2,0,1,1,21,1,2,0,1,0,0,0,2,0,77,0.13935156166553497,0.33203017711639404,0.18131256103515625,4.067516326904297,38,1.8937439918518066,11,9,1,1,0,0,0,2,1,1,R000768,8.854412780591009
CTGAN_000054,attack,error,242,116,43,55,0,0,18,0,0,2,0,0,0,0,1,2,0,0,0,0,0,0,1,7,0.22201287746429443,0.35542595386505127,0.163912832736969,3.2741639614105225,29,2.5436272621154785,12,4,1,0,0,0,0,0,0,1,R000768,6.536529737595311
CTGAN_000055,attack,error,325,98,55,43,0,0,39,4,0,2,2,0,1,0,0,0,0,1,2,0,0,0,1,40,0.10222811251878738,0.3860093951225281,0.1656060516834259,3.626481294631958,36,3.5176146030426025,12,7,0,0,0,0,0,1,0,1,R000954,5.551585389473165
CTGAN_000056,attack,error,374,35,33,37,0,0,36,2,2,1,2,1,0,0,1,2,0,2,0,0,0,0,0,54,0.1212279200553894,0.45194604992866516,0.1661086529493332,4.048428535461426,72,2.131073236465454,17,4,0,1,0,0,0,0,0,1,R000894,8.447937336773514
CTGAN_000057,attack,error,301,56,48,120,4,0,24,0,0,3,0,0,0,0,0,0,0,0,0,0,0,0,0,62,0.13390442728996277,0.4048881530761719,0.1258859485387802,4.118507385253906,101,2.4415576457977295,5,3,1,0,0,0,0,1,0,1,R000158,5.40590072139863
CTGAN_000058,attack,error,343,104,43,27,4,0,40,5,0,2,2,0,0,1,2,0,0,1,0,1,0,0,1,51,0.09388887882232666,0.3958486318588257,0.12979824841022491,3.9493229389190674,43,2.061492919921875,12,6,0,2,0,0,0,0,2,1,R001035,7.06266851935049
CTGAN_000059,attack,error,198,30,29,106,0,4,38,0,0,2,0,0,0,23,0,0,0,2,2,0,0,0,0,66,0.16488952934741974,0.3373841941356659,0.13739758729934692,3.9950380325317383,117,2.64605712890625,6,4,0,0,0,0,0,0,1,1,R000572,5.518550349364824
CTGAN_000060,attack,error,448,55,37,38,0,0,34,5,0,2,0,0,2,19,0,0,0,0,0,0,0,0,0,26,0.13964661955833435,0.3340289890766144,0.13205192983150482,3.8820345401763916,53,2.4862892627716064,12,4,0,1,0,1,0,0,2,1,R000696,5.447308569604166
CTGAN_000061,attack,error,199,83,40,96,0,0,11,4,0,2,0,0,2,0,2,0,0,0,0,0,0,0,1,16,0.19882117211818695,0.39789411425590515,0.1582307070493698,4.573825359344482,48,1.7332063913345337,17,3,0,0,0,0,0,0,2,1,R000087,6.3790449905977775
CTGAN_000062,attack,error,388,54,29,95,4,1,48,3,1,3,2,0,0,18,0,0,0,1,2,0,0,2,0,19,0.1752304583787918,0.3808826208114624,0.1761627346277237,3.643723964691162,42,2.563431739807129,11,5,0,0,0,0,0,0,0,1,R000430,5.655642036328532
CTGAN_000063,attack,error,386,38,33,94,0,0,22,5,0,2,0,0,0,0,0,0,0,1,0,0,0,0,0,22,0.16892358660697937,0.38910508155822754,0.10405837744474411,3.8970069885253906,24,2.3555235862731934,10,4,0,0,0,0,0,0,0,1,R000177,3.7255521611271227
CTGAN_000064,attack,error,375,102,47,85,4,1,33,2,1,2,2,0,0,0,0,0,0,1,0,1,0,0,0,16,0.09853684157133102,0.4202176332473755,0.15841491520404816,3.4512321949005127,52,1.7591320276260376,12,5,0,0,0,0,2,2,0,1,R000366,6.465369655464567
CTGAN_000065,attack,error,188,56,55,183,2,0,14,3,2,2,1,0,3,27,0,0,0,0,0,0,0,0,1,14,0.09774182736873627,0.3324304223060608,0.1746719479560852,4.036277770996094,39,2.018725872039795,11,4,0,0,1,0,0,1,0,1,R000334,6.995555963275466
CTGAN_000066,attack,error,164,87,0,112,0,0,29,4,2,3,0,0,3,1,3,0,0,1,2,0,0,1,1,67,0.16721442341804504,0.4019736051559448,0.1822485476732254,4.13790225982666,41,2.405479907989502,12,4,0,0,0,1,1,0,2,1,R000812,8.124318604017144
CTGAN_000067,attack,error,383,132,29,50,0,0,15,0,1,0,0,0,0,1,0,0,0,2,0,0,0,0,1,31,0.1107494905591011,0.4073079824447632,0.16258902847766876,4.037084102630615,36,2.396083116531372,6,4,1,0,0,0,0,0,0,1,R000059,7.1491348761083735
CTGAN_000068,attack,error,392,112,39,89,0,5,12,5,0,2,0,0,0,0,1,0,1,0,3,0,0,0,0,26,0.1603633612394333,0.3393890857696533,0.09425843507051468,3.4087955951690674,25,2.738284111022949,11,3,1,2,0,1,0,0,2,1,R000649,6.880206718690735
CTGAN_000069,attack,error,280,55,38,88,2,0,26,7,0,2,0,0,3,0,2,0,0,4,4,0,0,1,0,17,0.2942815124988556,0.3574717938899994,0.1065855473279953,3.7817277908325195,47,2.0718860626220703,15,5,0,0,0,1,0,1,2,1,R000702,7.359446704310473
CTGAN_000070,attack,error,218,50,38,190,0,1,14,4,1,3,1,0,0,0,2,0,1,1,0,0,0,0,1,16,0.2315586805343628,0.3955194354057312,0.185208261013031,4.457356929779053,109,1.763289213180542,11,4,0,0,0,0,2,0,2,1,R000857,6.725438234833675
CTGAN_000071,attack,error,176,111,32,110,0,0,9,0,1,2,1,0,0,24,0,0,0,0,0,0,0,0,1,34,0.2108035683631897,0.3899878263473511,0.16942346096038818,3.918617010116577,130,2.101452112197876,11,15,0,0,0,1,0,0,0,1,R000883,6.244262540633733
CTGAN_000072,attack,error,363,120,35,32,4,1,45,1,0,3,1,0,3,1,0,0,0,0,0,0,0,0,0,16,0.08296430855989456,0.3175055980682373,0.1810070425271988,3.742277145385742,43,2.7587904930114746,7,5,0,1,1,0,1,0,0,1,R000548,7.167335956910212
CTGAN_000073,attack,error,372,94,30,46,4,1,7,0,0,1,2,0,0,1,0,0,0,3,0,1,0,0,1,66,0.24130117893218994,0.3810952603816986,0.15649166703224182,3.6536917686462402,61,1.9667683839797974,11,4,0,0,1,0,0,2,2,1,R000922,7.725795844367044
CTGAN_000074,attack,error,152,117,52,47,0,0,15,0,0,1,2,0,0,0,0,0,1,0,0,0,0,0,1,73,0.15323740243911743,0.40824565291404724,0.13749346137046814,4.0855488777160645,60,2.5027709007263184,11,3,0,0,0,0,0,0,1,1,R000684,4.5858429439287285
CTGAN_000075,attack,error,255,98,33,28,0,0,13,3,0,2,0,0,1,0,1,0,0,1,0,0,0,0,1,15,0.14908789098262787,0.4346820116043091,0.13795512914657593,4.034808158874512,122,1.9992105960845947,16,4,1,0,0,0,0,0,0,1,R000087,6.235571933879502
CTGAN_000076,attack,error,274,70,49,62,0,0,14,1,2,1,0,0,2,0,2,0,0,1,0,0,0,2,0,28,0.168571338057518,0.36556318402290344,0.09119930863380432,3.921137809753418,37,2.7777292728424072,11,7,0,0,0,0,0,0,2,1,R000298,5.5146885355977435
CTGAN_000077,attack,error,199,84,35,100,0,1,14,6,0,2,0,0,1,0,0,0,0,1,0,0,0,0,0,68,0.20384274423122406,0.374565064907074,0.17433829605579376,3.5686450004577637,45,2.0243947505950928,16,4,0,1,0,1,0,1,0,0,R000125,5.832004732664955
CTGAN_000078,attack,error,421,104,30,97,3,0,15,3,0,2,0,0,3,0,0,0,0,1,0,0,0,0,0,13,0.1963944286108017,0.34310677647590637,0.09413745999336243,3.775717258453369,109,1.7471036911010742,11,14,0,0,1,0,0,0,2,1,R000548,7.166903853476084
CTGAN_000079,attack,error,222,107,52,193,1,4,29,0,1,3,1,0,1,21,0,0,0,2,0,0,0,1,0,3,0.2064521163702011,0.34820789098739624,0.1568247228860855,3.3264236450195312,107,2.4205360412597656,11,7,1,0,0,0,1,1,1,1,R000140,6.6624199259793615
CTGAN_000080,attack,error,377,81,38,98,0,0,19,4,1,2,0,0,0,1,1,0,0,2,4,0,0,0,0,11,0.0911831259727478,0.39805349707603455,0.13806647062301636,3.4482827186584473,31,2.407165288925171,11,6,0,0,0,0,1,0,1,1,R000177,5.501368756773639
CTGAN_000081,attack,error,247,102,27,48,4,0,20,0,2,2,2,0,0,0,0,0,0,0,2,0,0,2,1,15,0.2504013776779175,0.34892037510871887,0.13392066955566406,3.3625833988189697,101,2.01324200630188,6,7,0,1,0,0,0,0,1,1,R000947,5.642974302960735
CTGAN_000082,attack,error,341,45,50,118,4,1,15,3,0,2,1,0,1,18,0,2,0,0,0,0,0,0,1,62,0.22765804827213287,0.3625081479549408,0.1734554022550583,3.611344575881958,83,1.7617812156677246,11,6,1,0,0,1,0,0,0,1,R000625,5.965787239105596
CTGAN_000083,attack,error,367,105,50,156,4,1,14,6,0,2,1,0,0,20,0,0,0,1,0,0,0,0,0,33,0.1272333711385727,0.3607950210571289,0.12225262820720673,3.2162728309631348,43,1.7353816032409668,11,4,0,2,0,0,0,0,2,1,R000366,5.72923704689459
CTGAN_000084,attack,error,194,85,46,189,0,0,15,2,1,1,1,0,0,28,0,0,0,0,0,0,0,0,1,56,0.22669050097465515,0.46326547861099243,0.13961750268936157,3.809675455093384,46,2.772751808166504,7,13,0,0,0,0,1,1,2,1,R000984,6.15728255233362
CTGAN_000085,attack,error,232,85,52,87,0,0,33,1,2,3,2,0,1,0,0,0,0,0,0,0,0,0,0,27,0.24638529121875763,0.41644415259361267,0.07118161022663116,4.623669147491455,68,2.0408103466033936,11,4,0,0,0,1,0,0,0,1,R000210,5.883711610803526
CTGAN_000086,attack,error,283,120,31,62,1,4,10,0,1,2,1,0,2,20,0,0,1,1,0,0,0,2,0,17,0.156719371676445,0.3635132908821106,0.16814936697483063,3.3527612686157227,115,2.02899169921875,12,4,0,0,1,0,0,0,3,1,R000703,8.236576195819536
CTGAN_000087,attack,error,323,66,48,32,0,0,14,6,2,3,0,0,1,0,1,0,1,1,0,0,0,1,1,16,0.13354134559631348,0.39149466156959534,0.07604622095823288,3.8386263847351074,103,1.8003252744674683,7,6,1,0,0,0,0,0,0,1,R000259,5.9626423544333695
CTGAN_000088,attack,error,172,62,38,41,4,0,9,1,1,2,2,0,1,25,0,0,0,2,0,0,0,2,0,77,0.22565726935863495,0.3846144378185272,0.07136522978544235,3.596221446990967,50,3.182974338531494,7,4,0,0,1,0,1,0,0,1,R000334,7.133412235087896
CTGAN_000089,attack,error,359,121,30,50,4,0,37,5,2,2,2,0,0,0,0,0,0,1,0,0,0,2,1,68,0.10950101912021637,0.37776702642440796,0.16336789727210999,3.7670786380767822,49,2.6838207244873047,12,4,0,0,0,0,2,0,0,1,R000817,5.792558833663911
CTGAN_000090,attack,error,310,58,53,165,0,1,12,3,2,3,2,0,0,0,0,0,0,0,0,0,0,0,0,28,0.19444380700588226,0.45080381631851196,0.1354600489139557,4.046957015991211,27,2.4970407485961914,11,4,0,0,0,0,0,0,0,1,R000984,4.509110569746876
CTGAN_000091,attack,error,220,58,30,112,0,1,22,5,1,2,2,0,2,21,1,0,1,1,0,0,0,0,0,20,0.0021658949553966522,0.3594343066215515,0.1540984958410263,3.7517788410186768,41,2.4141793251037598,11,4,0,2,1,1,0,0,0,1,R000420,6.501919962216785
CTGAN_000092,attack,error,216,88,33,78,0,0,31,3,0,1,2,0,2,0,0,0,0,2,2,0,0,0,1,57,0.10933895409107208,0.3819284737110138,0.1542237401008606,4.047344207763672,130,2.033458709716797,11,4,0,0,0,0,0,0,2,1,R000151,5.852772038545489
CTGAN_000093,attack,error,422,48,29,54,0,0,25,0,2,1,0,0,0,0,0,0,0,2,0,1,0,0,0,28,0.20267510414123535,0.3319101929664612,0.12470648437738419,3.682551622390747,48,3.4534976482391357,15,4,0,0,0,0,2,0,0,1,R000506,6.750214822738279
CTGAN_000094,attack,error,297,69,52,25,4,0,32,6,0,1,3,0,0,0,0,0,0,0,0,0,0,0,1,19,0.12843576073646545,0.3938077390193939,0.18182837963104248,3.815406322479248,82,1.92380952835083,7,13,0,0,1,1,0,1,0,1,R000922,6.32664167750202
CTGAN_000095,attack,error,401,116,10,48,4,0,19,3,0,2,0,0,0,27,1,0,0,0,0,0,0,2,0,36,0.1408100426197052,0.3870932161808014,0.1013316661119461,3.9544057846069336,50,2.6392340660095215,15,10,1,1,0,0,0,0,0,1,R000258,5.670324303013357
CTGAN_000096,attack,error,346,94,59,33,0,0,25,0,3,1,0,0,0,19,2,0,0,0,2,0,0,0,0,4,0.10921388119459152,0.39262843132019043,0.11268474161624908,3.482431650161743,36,2.1945648193359375,12,6,0,0,0,1,0,0,3,1,R000290,6.836549454807817
CTGAN_000097,attack,error,348,80,38,44,0,0,19,0,0,2,1,0,2,28,2,0,0,3,0,0,0,0,0,66,0.016680069267749786,0.31047138571739197,0.12055370211601257,3.9073920249938965,57,1.8082700967788696,11,4,0,0,1,0,0,0,0,1,R000548,7.722995734803926
CTGAN_000098,attack,error,332,33,57,116,0,0,18,5,1,2,2,0,0,0,0,0,0,0,0,0,0,0,0,67,0.006227658595889807,0.38833853602409363,0.12384558469057083,3.893807888031006,54,1.9182989597320557,17,5,0,0,0,1,0,2,0,1,R000812,6.2402696857194835
CTGAN_000099,attack,error,214,87,39,149,0,0,23,0,0,2,0,0,3,22,0,0,0,2,0,0,0,0,0,20,0.16494488716125488,0.3804285228252411,0.17915886640548706,3.3194773197174072,44,1.8885122537612915,11,5,0,2,0,1,1,1,0,1,R000120,5.997909423217443
CTGAN_000100,attack,error,400,43,58,64,4,0,30,5,0,2,1,0,0,1,0,0,0,1,0,0,0,0,0,30,0.13527929782867432,0.37802842259407043,0.14995412528514862,3.913872480392456,87,1.8974084854125977,7,3,1,0,0,1,0,0,0,1,R000399,5.624098529010008
CTGAN_000101,attack,error,386,61,18,101,4,0,30,5,2,2,0,0,1,0,0,0,0,0,3,0,0,0,0,68,0.17093169689178467,0.3596441447734833,0.09278136491775513,3.9257752895355225,37,2.100689172744751,7,4,0,0,0,1,0,0,2,1,R000812,5.636357117277478
CTGAN_000102,attack,error,149,52,32,71,1,0,10,5,1,2,1,0,0,0,0,0,0,1,0,0,0,0,0,49,0.16689501702785492,0.451907217502594,0.10436440259218216,3.7169952392578125,41,2.5113577842712402,7,6,0,0,0,1,0,0,2,1,R000373,4.058247706662743
CTGAN_000103,attack,error,248,51,47,65,0,0,26,1,0,2,2,0,0,20,1,0,0,0,0,0,0,0,0,22,0.32916808128356934,0.3505902588367462,0.10046080499887466,3.5269832611083984,68,2.564438819885254,11,6,1,0,1,1,0,1,2,1,R000581,6.66300249816706
CTGAN_000104,attack,error,308,158,49,47,0,1,29,4,2,2,0,0,3,0,0,0,0,2,0,0,0,0,0,12,0.11279996484518051,0.3497943878173828,0.09058639407157898,3.671832323074341,28,1.8898754119873047,7,6,1,0,0,1,0,0,0,1,R000881,7.567343783326757
CTGAN_000105,attack,error,224,88,44,101,0,0,9,6,0,3,0,0,0,18,0,0,0,1,2,0,0,0,0,8,0.14911261200904846,0.40396156907081604,0.1249995157122612,3.564077377319336,102,2.3758530616760254,17,7,1,0,0,1,1,2,1,1,R000290,6.033434876699884
CTGAN_000106,attack,error,114,107,38,59,4,0,9,6,0,1,0,0,0,0,0,2,0,0,0,0,0,0,1,11,0.0,0.27155640721321106,0.11214296519756317,3.5626344680786133,53,2.485661268234253,11,5,0,0,0,0,0,0,1,1,R000164,5.9117034655903185
CTGAN_000107,attack,error,155,53,44,157,4,4,20,4,0,1,1,0,2,21,1,0,0,2,2,0,0,2,1,30,0.22069509327411652,0.34561610221862793,0.17611779272556305,3.9719386100769043,76,2.0221474170684814,11,4,1,0,0,0,0,0,3,1,R000830,7.724087049443301
CTGAN_000108,attack,error,299,47,42,75,0,0,15,6,0,2,0,0,1,1,1,0,0,0,0,0,0,0,0,50,0.126092329621315,0.3418198823928833,0.09920754283666611,3.8852319717407227,25,1.9395102262496948,8,4,0,2,0,0,0,0,3,1,R000805,5.836526357955604
CTGAN_000109,attack,error,174,68,57,134,4,0,21,5,1,2,1,0,1,0,0,0,0,0,0,0,0,1,0,23,0.20113302767276764,0.3829658031463623,0.08543653786182404,3.9367809295654297,33,3.487388849258423,11,6,0,2,1,0,0,0,0,1,R000548,5.40370120794424
CTGAN_000110,attack,error,357,120,31,60,1,0,31,0,2,0,2,0,0,21,0,0,0,1,0,0,0,0,0,50,0.1551174819469452,0.3285347521305084,0.16873106360435486,4.100578308105469,48,2.1112687587738037,6,7,0,1,0,0,0,0,1,1,R000366,6.041201385686854
CTGAN_000111,attack,error,234,128,54,78,1,0,33,1,1,2,1,0,1,0,0,0,0,0,0,1,0,0,1,19,0.16297781467437744,0.4362657964229584,0.11965284496545792,4.04967737197876,53,1.7608484029769897,7,10,0,2,1,0,0,0,0,1,R000922,7.448964182257007
CTGAN_000112,attack,error,222,52,12,163,0,0,7,0,1,3,2,0,0,0,0,0,0,3,0,0,0,0,0,14,0.24055565893650055,0.39065656065940857,0.1863725781440735,3.4363293647766113,39,1.8544789552688599,15,8,1,0,1,0,0,0,3,1,R000050,8.570107432789188
CTGAN_000113,attack,error,363,84,51,55,1,0,11,0,2,2,2,0,1,20,0,2,0,2,2,0,0,0,0,27,0.12364504486322403,0.35248276591300964,0.17131713032722473,3.553917407989502,58,2.1594502925872803,11,7,1,0,0,0,0,0,2,1,R000457,7.1970417642302715
CTGAN_000114,attack,error,376,101,28,134,0,4,31,1,2,2,0,0,1,1,0,0,0,1,0,0,0,0,1,31,0.1807466447353363,0.36854061484336853,0.12183603644371033,3.3839402198791504,39,2.2961692810058594,17,6,1,0,0,0,0,0,2,1,R000121,6.742101616788296
CTGAN_000115,attack,error,457,63,0,103,1,0,30,5,2,3,1,0,2,31,0,0,0,2,0,0,0,0,1,13,0.24091282486915588,0.32968875765800476,0.1226203590631485,3.446432113647461,60,1.9640135765075684,17,13,0,0,0,0,1,2,2,1,R000947,8.272788495239293
CTGAN_000116,attack,error,411,93,0,126,4,0,31,4,3,2,2,0,0,27,0,2,0,0,0,0,0,0,0,21,0.1528123915195465,0.3724578619003296,0.13510210812091827,4.144218444824219,57,1.965770959854126,11,2,0,0,0,0,0,0,2,1,R000786,7.082370034274255
CTGAN_000117,attack,error,229,22,66,69,4,4,30,4,1,3,1,0,2,1,0,0,0,0,0,0,0,0,1,12,0.19241000711917877,0.39095795154571533,0.10890821367502213,3.4483847618103027,136,1.714857578277588,6,10,0,0,0,0,0,0,1,1,R000770,6.63229030358466
CTGAN_000118,attack,error,297,125,36,23,4,0,8,3,2,2,0,0,3,0,1,0,0,0,0,0,0,0,0,52,0.14776384830474854,0.3451163172721863,0.14579296112060547,3.270686626434326,55,2.3452584743499756,11,3,0,0,0,0,0,1,2,1,R000092,6.22231812539089
CTGAN_000119,attack,error,352,122,0,69,3,5,19,1,0,3,2,0,3,0,0,0,0,1,3,0,0,0,0,65,0.14482544362545013,0.35608720779418945,0.12212871760129929,3.8586833477020264,29,1.8588858842849731,11,4,0,0,0,0,2,0,2,1,R000480,7.759523368229339
CTGAN_000120,attack,error,198,108,31,125,4,1,35,5,1,2,0,0,0,0,0,0,0,3,0,0,0,2,1,81,0.1825345754623413,0.3597095310688019,0.1316438913345337,4.101063251495361,60,2.1286325454711914,11,4,0,0,0,1,0,0,0,1,R000579,6.226373148601194
CTGAN_000121,attack,error,316,96,51,57,1,0,10,6,1,1,0,0,3,21,1,0,0,2,0,0,1,0,0,8,0.12841138243675232,0.30158597230911255,0.18515193462371826,3.9086384773254395,60,1.8821346759796143,11,7,0,0,0,0,1,0,3,1,R000579,7.74983858714165
CTGAN_000122,attack,error,103,66,41,175,3,0,34,5,3,3,1,0,1,1,0,2,0,1,2,0,0,1,0,34,0.2242812216281891,0.4156435430049896,0.11938197910785675,3.7675106525421143,56,2.178687334060669,11,7,0,0,0,1,0,0,1,0,R000927,6.655501581271021
CTGAN_000123,attack,error,156,104,37,26,0,0,31,2,1,3,0,0,0,17,1,0,0,2,0,0,0,0,1,57,0.20762483775615692,0.39575016498565674,0.13040418922901154,4.1379475593566895,118,1.873467206954956,7,2,0,0,0,1,0,1,0,1,R000938,6.290717272654921
CTGAN_000124,attack,error,401,66,15,30,3,0,31,1,3,2,0,0,0,0,0,0,0,0,0,0,0,0,0,15,0.0,0.4308156669139862,0.09595400840044022,3.863940477371216,93,2.05969500541687,6,10,0,0,1,1,0,1,1,1,R000673,6.7332202591996015
CTGAN_000125,attack,error,393,84,51,70,4,0,25,2,1,1,2,0,1,19,2,0,0,0,0,0,0,2,0,41,0.15288633108139038,0.3316987156867981,0.159168541431427,4.106060028076172,60,2.185135841369629,20,10,0,0,0,0,2,0,2,1,R000153,5.759447028339503
CTGAN_000126,attack,error,462,34,40,29,0,1,22,4,0,1,1,0,0,23,0,0,0,0,0,1,0,0,0,22,0.17791853845119476,0.4121035933494568,0.09498745203018188,3.7988827228546143,46,1.9399688243865967,8,10,0,0,0,0,0,0,0,1,R000177,6.227741862385025
CTGAN_000127,attack,error,418,97,33,51,0,4,19,5,0,3,0,0,1,0,0,0,0,2,0,0,0,0,0,55,0.14352110028266907,0.3630669116973877,0.11969347298145294,3.466809034347534,29,2.345038414001465,11,4,1,2,0,0,0,0,2,1,R000121,6.4041482203006055
CTGAN_000128,attack,error,181,32,41,46,3,0,40,0,0,2,0,0,0,1,0,2,0,0,0,1,0,0,1,17,0.30526289343833923,0.4217812418937683,0.14098933339118958,3.38586163520813,50,2.6314778327941895,12,4,0,0,0,0,0,1,2,0,R000381,7.476982625712715
CTGAN_000129,attack,error,355,106,40,162,0,0,18,4,0,3,1,0,0,19,0,0,0,2,0,0,0,2,0,6,0.29632866382598877,0.4236016273498535,0.17820647358894348,4.496431350708008,31,2.5155117511749268,15,7,0,1,1,1,2,1,0,1,R000548,7.683028704570711
CTGAN_000130,attack,error,426,103,32,73,1,0,23,5,0,3,0,0,2,18,0,0,0,0,10,0,0,0,0,63,0.1572072058916092,0.41388654708862305,0.1695205122232437,3.8572282791137695,70,2.116713762283325,11,5,0,2,0,1,0,2,2,1,R000794,7.564978878580363
CTGAN_000131,attack,error,359,51,52,57,4,0,11,4,0,3,0,0,0,1,0,0,0,1,0,0,0,0,0,83,0.1110888421535492,0.44406959414482117,0.08803120255470276,4.111993312835693,56,1.834991216659546,12,8,1,2,0,0,0,0,2,0,R000579,7.627059250991948
CTGAN_000132,attack,error,412,54,51,55,4,0,38,4,0,2,1,0,1,0,0,0,0,0,0,0,0,0,0,62,0.10118623822927475,0.3468307554721832,0.17596422135829926,3.7274863719940186,24,1.949835181236267,12,13,0,1,0,0,0,0,0,1,R000719,5.319127033325864
CTGAN_000133,attack,error,147,105,16,44,4,0,21,1,2,2,0,0,0,2,1,0,0,0,2,0,0,0,0,28,0.16896027326583862,0.3936074674129486,0.11347205936908722,3.56113600730896,114,2.6969950199127197,6,10,0,0,0,0,0,2,0,1,R000719,5.531382218696702
CTGAN_000134,attack,error,402,109,33,44,4,0,34,6,2,1,1,0,1,0,0,0,0,0,3,0,0,0,0,53,0.16106826066970825,0.3730681836605072,0.16070455312728882,3.8703455924987793,49,1.8894453048706055,11,4,0,0,0,0,1,0,2,1,R000579,6.012726762843554
CTGAN_000135,attack,error,333,123,38,161,4,0,35,4,0,3,0,0,1,25,2,0,0,2,0,0,0,2,0,64,0.22028377652168274,0.39858222007751465,0.13140809535980225,3.824742317199707,53,1.9693853855133057,11,7,0,0,1,0,1,0,3,1,R000428,7.432457160364363
CTGAN_000136,attack,error,281,58,50,150,0,0,17,0,0,2,0,0,2,0,0,0,0,2,1,1,0,0,1,58,0.19183138012886047,0.3341789245605469,0.11327365040779114,3.7127435207366943,51,2.6067099571228027,7,9,0,1,0,0,0,0,2,1,R000087,6.8317169782225795
CTGAN_000137,attack,error,214,113,33,33,2,0,12,1,1,2,2,0,1,20,0,2,0,0,0,0,0,0,0,35,0.15083274245262146,0.3673340678215027,0.11202210187911987,3.9841034412384033,35,1.7829780578613281,7,3,0,1,1,1,0,0,0,1,R000990,5.6270997089465205
CTGAN_000138,attack,error,268,87,38,192,0,0,16,0,0,1,1,0,1,1,0,0,0,0,3,0,0,0,0,65,0.17782127857208252,0.482646107673645,0.17470724880695343,4.037108421325684,62,2.513132095336914,15,7,1,0,0,0,0,0,0,0,R000049,7.009149941331671
CTGAN_000139,attack,error,203,96,29,112,0,0,36,7,1,3,2,0,0,24,1,0,0,2,0,1,0,0,0,57,0.1001700758934021,0.40709808468818665,0.1173279881477356,3.4212567806243896,29,1.8840655088424683,18,14,0,0,0,0,0,0,0,1,R000705,7.388945422634372
CTGAN_000140,attack,error,415,47,36,175,3,0,35,0,2,2,0,0,0,0,0,0,0,1,0,0,0,1,1,12,0.1943356692790985,0.3304978013038635,0.11695417761802673,3.1466805934906006,62,1.8161730766296387,12,3,0,0,1,0,1,2,0,1,R000917,7.350629149131867
CTGAN_000141,attack,error,321,117,26,80,4,0,35,6,0,3,2,0,1,1,1,0,0,2,3,0,0,0,0,52,0.24913062155246735,0.38607844710350037,0.11399013549089432,3.8360111713409424,55,1.8657643795013428,12,3,0,0,0,0,0,0,1,1,R000812,6.175718863352299
CTGAN_000142,attack,error,361,45,33,140,0,5,17,6,0,1,0,0,0,18,0,0,0,0,0,0,0,0,1,14,0.1554265022277832,0.36265408992767334,0.17240676283836365,3.6122236251831055,43,2.513266086578369,10,6,0,0,1,1,0,0,2,0,R000703,6.207647801229124
CTGAN_000143,attack,error,491,32,50,104,0,0,15,0,0,2,2,0,0,0,0,0,0,1,3,0,0,0,0,20,0.0,0.3397076725959778,0.1747126281261444,3.6230361461639404,74,1.8265845775604248,10,7,0,1,0,0,0,0,0,1,R000049,6.392101901198097
CTGAN_000144,attack,error,215,68,58,109,0,0,16,6,0,2,3,0,0,23,0,0,0,1,2,1,0,2,1,13,0.10895935446023941,0.42380210757255554,0.1400327980518341,3.7674577236175537,64,2.7062313556671143,13,7,0,0,1,0,0,0,2,0,R000922,7.832209055408566
CTGAN_000145,attack,error,358,92,12,123,1,0,15,3,1,3,0,0,1,21,0,0,0,2,0,0,0,2,1,63,0.18785962462425232,0.34208419919013977,0.1694883108139038,3.8862264156341553,45,2.5528006553649902,11,4,0,0,0,1,0,0,0,1,R000579,6.22607714920089
CTGAN_000146,attack,error,334,106,19,102,4,0,26,6,0,1,0,0,3,21,0,0,0,0,0,0,0,0,1,19,0.2490847110748291,0.3309403359889984,0.1025283932685852,3.7258386611938477,64,2.191516399383545,12,9,0,0,0,0,1,0,4,1,R000579,7.177906683549985
CTGAN_000147,attack,error,462,131,33,182,0,0,9,6,3,2,2,0,0,1,0,0,1,1,0,0,0,0,0,22,0.249047189950943,0.412475049495697,0.16143931448459625,3.445490598678589,47,2.3192453384399414,11,9,0,0,0,0,0,0,0,1,R000259,6.79020601522436
CTGAN_000148,attack,error,291,94,46,87,0,1,27,0,0,2,0,0,1,18,0,0,0,0,0,0,0,2,0,18,0.2710499167442322,0.3677295446395874,0.13659244775772095,3.9716837406158447,53,2.218165636062622,6,6,0,0,0,1,2,0,0,1,R000579,5.5917426929059575
CTGAN_000149,attack,error,467,94,36,46,0,0,25,1,3,2,0,0,3,20,0,2,0,1,0,0,0,1,0,15,0.18192040920257568,0.36374780535697937,0.1811617910861969,4.229966640472412,77,1.871848225593567,11,5,0,0,0,0,0,0,0,1,R000694,7.373068818854694
CTGAN_000150,attack,error,244,112,33,88,3,0,12,4,1,1,2,0,1,1,1,0,0,3,0,0,0,0,0,63,0.1616545468568802,0.48055052757263184,0.1523013412952423,3.712357997894287,112,2.4867444038391113,6,4,0,1,0,0,0,0,0,1,R000366,5.8791231013785055
CTGAN_000151,attack,error,229,70,62,36,0,0,17,5,0,2,0,0,0,0,0,0,0,2,3,0,0,1,1,52,0.22658497095108032,0.365591824054718,0.1775527447462082,3.416644334793091,50,1.7306275367736816,16,3,1,1,0,1,0,1,0,1,R000300,6.842521473661279
CTGAN_000152,attack,error,373,85,42,182,0,0,49,0,0,3,0,0,0,0,0,0,0,0,0,0,0,0,1,23,0.1815427988767624,0.36132052540779114,0.10323534905910492,4.163797378540039,94,2.1771061420440674,6,16,1,2,0,0,0,0,2,1,R000831,7.474209333304083
CTGAN_000153,attack,error,412,114,35,175,4,0,25,1,1,2,2,0,0,0,0,0,0,0,0,1,0,0,1,35,0.1680246889591217,0.42795470356941223,0.1702682226896286,4.102072715759277,40,2.5357370376586914,6,10,0,2,0,0,0,0,0,1,R000366,6.676097613117575
CTGAN_000154,attack,error,381,39,37,102,0,0,33,0,0,3,0,0,0,2,0,0,0,2,0,0,0,0,0,64,0.22783783078193665,0.3880360722541809,0.15830305218696594,3.7493066787719727,28,1.8094708919525146,11,4,0,2,0,0,0,0,1,1,R000463,5.496156926618094
CTGAN_000155,attack,error,395,100,27,37,1,0,29,5,0,2,0,0,0,23,0,0,0,2,3,0,0,0,0,47,0.14232683181762695,0.39775654673576355,0.12772159278392792,3.9820659160614014,39,2.8859944343566895,12,6,0,3,0,0,0,0,1,1,R000652,6.177004645803763
CTGAN_000156,attack,error,236,125,33,64,4,0,51,5,0,1,1,0,0,0,0,0,1,1,0,0,0,0,0,10,0.13103444874286652,0.299545556306839,0.09511065483093262,3.539787769317627,42,2.337777614593506,12,4,0,2,0,0,0,0,0,1,R000606,6.570982819597479
CTGAN_000157,attack,error,357,95,36,218,0,0,28,5,0,2,2,0,0,1,2,0,0,0,0,0,0,0,1,44,0.20166945457458496,0.3344787657260895,0.13827620446681976,3.673567771911621,27,2.0184624195098877,18,15,0,0,0,0,0,0,2,1,R000817,6.149278408867914
CTGAN_000158,attack,error,455,99,0,220,0,0,9,6,0,3,2,0,2,0,0,0,0,0,0,0,0,0,0,53,0.16135536134243011,0.448503315448761,0.17029058933258057,3.434438467025757,32,2.514293670654297,16,7,1,0,0,0,0,0,1,1,R000943,7.608362194207251
CTGAN_000159,attack,error,222,53,43,154,0,0,15,2,0,2,1,0,2,16,0,0,0,1,0,0,0,2,0,27,0.10893278568983078,0.34892910718917847,0.11805569380521774,3.7492363452911377,32,1.9942140579223633,11,4,0,3,0,0,0,0,0,1,R000177,5.7660994258474085
CTGAN_000160,attack,error,383,46,44,52,1,0,30,0,1,3,1,0,1,0,0,0,0,1,0,0,0,0,1,34,0.12002058327198029,0.3723248839378357,0.16531485319137573,4.251601219177246,47,2.0943849086761475,13,12,0,0,0,1,1,0,0,1,R000579,6.056381360309052
CTGAN_000161,attack,error,156,99,0,129,0,4,21,6,1,2,0,0,2,0,1,0,0,2,6,0,0,2,1,14,0.10996841639280319,0.34397393465042114,0.17599420249462128,3.6856236457824707,47,1.7825251817703247,16,10,0,0,0,0,0,1,2,1,R000896,7.052781517434768
CTGAN_000162,attack,error,170,111,30,55,0,0,11,5,1,3,2,0,2,0,0,0,1,1,0,0,0,0,0,62,0.09934448450803757,0.40310248732566833,0.16266348958015442,3.8332011699676514,69,3.836822032928467,11,7,0,0,0,0,0,0,0,1,R000859,6.663981995396635
CTGAN_000163,attack,error,260,94,0,97,0,0,12,1,1,3,0,0,0,22,0,0,1,3,0,0,0,0,0,44,0.19263902306556702,0.4140355885028839,0.14251761138439178,3.437769651412964,76,2.4841175079345703,11,4,0,2,0,0,0,0,3,1,R000826,7.243169344266112
CTGAN_000164,attack,error,324,75,39,69,0,0,14,4,0,2,3,1,1,0,1,0,0,1,0,1,0,0,0,38,0.06948669999837875,0.3980673551559448,0.14125479757785797,3.9970736503601074,108,2.01031756401062,16,7,0,2,1,0,0,0,2,1,R000922,9.050976211536794
CTGAN_000165,attack,error,123,65,31,153,4,0,6,7,0,3,1,0,0,0,0,0,0,0,3,0,0,0,0,74,0.1411803811788559,0.3702726662158966,0.15788474678993225,3.931234836578369,37,2.0180552005767822,6,4,0,0,0,1,0,0,3,1,R000471,5.944684963552048
CTGAN_000166,attack,error,344,103,27,56,4,0,25,0,3,1,0,0,1,1,1,0,0,3,0,0,0,0,0,25,0.26331230998039246,0.3504040241241455,0.13974422216415405,4.020787715911865,131,2.582216262817383,17,6,0,1,0,0,1,0,1,1,R000579,7.011201951763702
CTGAN_000167,attack,error,127,89,46,187,4,1,37,5,0,2,1,0,0,1,0,0,0,2,0,0,0,0,1,56,0.22600562870502472,0.4625457525253296,0.1736951470375061,3.715494394302368,104,2.3687753677368164,11,4,0,0,0,0,0,0,3,1,R000366,6.142213202630877
CTGAN_000168,attack,error,171,113,32,100,1,0,15,6,2,2,0,0,0,18,0,0,0,2,2,0,0,2,0,9,0.22763147950172424,0.29094645380973816,0.1597030609846115,3.3028175830841064,46,2.471348285675049,7,3,0,1,0,0,0,0,1,1,R000430,6.322960901977095
CTGAN_000169,attack,error,323,50,37,192,1,0,12,5,0,2,1,0,2,1,0,2,0,1,3,1,0,0,1,65,0.23596909642219543,0.4027012884616852,0.12571470439434052,3.7826151847839355,62,1.8792788982391357,7,10,0,1,0,0,1,0,1,1,R000797,7.299368258551283
CTGAN_000170,attack,error,414,89,54,45,0,0,32,0,1,2,1,0,0,1,0,0,0,3,2,1,0,0,0,15,0.16763083636760712,0.47301119565963745,0.12307758629322052,4.406443119049072,42,1.906854271888733,8,4,0,1,0,0,0,0,0,1,R000579,7.660700021884563
CTGAN_000171,attack,error,250,98,27,103,0,4,18,6,3,2,0,0,3,1,1,0,0,0,8,0,0,0,1,28,0.1381833404302597,0.355033278465271,0.12603846192359924,4.1947808265686035,47,2.477933645248413,8,4,0,0,1,0,0,0,0,1,R000752,8.486169420429047
CTGAN_000172,attack,error,385,125,45,152,0,0,15,4,2,2,1,0,0,22,0,0,0,0,3,0,0,0,0,50,0.25168484449386597,0.3497786521911621,0.1816214770078659,3.906339406967163,98,2.009169816970825,12,4,0,0,0,0,0,0,2,1,R000142,5.33345451089776
CTGAN_000173,attack,error,202,92,39,109,0,4,29,0,0,2,2,0,0,18,0,0,0,1,2,0,0,0,0,49,0.2557791471481323,0.35327622294425964,0.09819052368402481,3.8913516998291016,61,2.0448994636535645,15,15,0,0,0,0,0,0,0,1,R000910,6.122939399718723
CTGAN_000174,attack,error,316,125,6,108,4,0,36,6,1,2,0,0,1,0,0,0,0,0,0,0,0,0,1,31,0.1498391330242157,0.4118231236934662,0.11333370208740234,3.4232583045959473,109,1.942931890487671,7,7,0,0,0,0,0,1,2,1,R000278,6.051576705370886
CTGAN_000175,attack,error,473,147,29,39,1,0,34,6,3,3,0,0,3,27,0,0,0,0,0,0,0,0,1,62,0.2882848083972931,0.4151729345321655,0.1669187992811203,3.762645721435547,90,1.816894292831421,11,5,0,1,0,0,2,1,2,1,R000676,7.895797505205406
CTGAN_000176,attack,error,312,120,44,120,0,4,5,3,0,2,1,0,0,23,1,0,0,2,2,0,0,0,0,64,0.2690654695034027,0.30667397379875183,0.15553204715251923,3.9157962799072266,60,2.318639039993286,8,3,1,0,0,1,0,0,0,1,R000866,6.762094544758901
CTGAN_000177,attack,error,420,107,43,156,2,0,18,5,0,0,0,0,1,0,0,0,0,0,0,0,0,0,0,11,0.09003850817680359,0.46713054180145264,0.16311851143836975,4.134310722351074,139,2.0093235969543457,11,4,0,1,0,0,2,1,4,1,R000291,7.1964857296456985
CTGAN_000178,attack,error,252,78,39,37,0,0,16,0,1,2,0,0,1,21,0,0,0,2,2,0,0,1,0,63,0.10089460015296936,0.3248476982116699,0.12439195066690445,4.059850215911865,56,2.306222915649414,7,2,0,0,0,0,3,2,0,1,R000579,6.863540403721896
CTGAN_000179,attack,error,212,87,9,48,0,0,37,3,0,2,0,0,2,0,0,0,0,3,0,0,0,0,0,23,0.0,0.4254899024963379,0.1257549524307251,3.6631557941436768,87,2.3210439682006836,13,6,0,2,0,0,0,0,0,1,R000215,6.672548254640682
CTGAN_000180,attack,error,354,108,37,165,4,0,38,1,0,2,0,0,0,0,1,0,1,2,1,0,0,1,0,18,0.14371828734874725,0.3417205810546875,0.12165240198373795,3.6113665103912354,48,2.829575300216675,12,16,0,2,0,0,0,0,3,1,R000204,7.137279629721941
CTGAN_000181,attack,error,405,114,43,174,0,0,9,1,2,3,0,0,1,0,2,0,0,3,4,0,0,0,1,13,0.23034723103046417,0.3337761461734772,0.1591455042362213,3.5733656883239746,63,2.0515661239624023,15,4,0,0,0,1,0,1,0,1,R000883,6.785304654120367
CTGAN_000182,attack,error,351,46,37,103,0,0,8,1,2,1,0,0,0,1,0,0,0,1,0,0,0,0,0,13,0.1879746913909912,0.32515689730644226,0.1767909824848175,3.35159969329834,41,2.5946455001831055,12,4,1,1,0,0,0,0,1,1,R000934,6.076797101490997
CTGAN_000183,attack,error,232,58,29,123,0,4,30,0,2,2,0,0,0,0,0,0,0,0,2,0,0,0,0,53,0.20205411314964294,0.48779261112213135,0.11334408074617386,3.106694459915161,54,2.6362829208374023,11,4,0,0,0,0,0,2,1,1,R000604,4.849852245275104
CTGAN_000184,attack,error,343,96,52,71,2,0,19,0,0,1,2,0,0,19,1,0,0,1,2,0,0,0,0,18,0.13332891464233398,0.4465191066265106,0.1514301747083664,3.472594976425171,69,2.380521059036255,19,3,0,0,0,1,0,1,2,1,R000142,4.590855712858069
CTGAN_000185,attack,error,193,101,48,98,0,0,24,0,1,1,2,0,0,0,2,0,0,3,2,0,0,0,0,14,0.1256001740694046,0.45524173974990845,0.1480560451745987,3.6647121906280518,27,2.2773935794830322,16,6,0,2,0,0,0,0,0,1,R000388,6.386764947180026
CTGAN_000186,attack,error,340,83,39,77,0,0,27,0,0,2,0,1,3,0,0,0,0,0,0,0,0,0,0,65,0.02840578556060791,0.3927111029624939,0.1566152125597,3.8449487686157227,44,2.4637269973754883,11,7,1,0,0,0,0,0,2,1,R000131,8.358132787990696
CTGAN_000187,attack,error,157,120,57,93,0,0,7,5,1,2,2,0,2,1,0,0,0,0,0,1,0,0,0,71,0.16672547161579132,0.3369038701057434,0.1700442135334015,4.000500202178955,58,1.8775540590286255,16,2,1,0,0,0,2,0,1,1,R000176,7.295365463220007
CTGAN_000188,attack,error,142,53,39,23,2,1,27,5,1,2,0,0,0,0,2,0,0,0,0,0,0,0,1,29,0.15844646096229553,0.3312984108924866,0.15666921436786652,3.7764954566955566,35,2.440035581588745,12,4,0,0,1,0,0,0,0,1,R000334,4.753850858149062
CTGAN_000189,attack,error,345,150,59,116,4,0,30,0,1,2,1,0,2,0,0,0,0,0,0,0,0,1,1,16,0.1266406923532486,0.31838321685791016,0.12215860933065414,4.00054407119751,32,1.8870110511779785,11,8,0,0,0,1,2,0,0,1,R000696,6.530139488602556
CTGAN_000190,attack,error,372,98,13,62,0,0,11,4,2,1,1,0,2,0,0,0,0,2,0,0,0,0,0,69,0.17218534648418427,0.44833648204803467,0.13387282192707062,4.627439022064209,68,2.015812873840332,8,6,0,0,0,0,0,0,3,1,R000579,7.499537359621336
CTGAN_000191,attack,error,332,57,35,108,1,0,41,0,0,2,0,0,2,0,1,0,0,3,2,0,0,0,0,18,0.0833599790930748,0.4003518223762512,0.18287596106529236,3.816065788269043,64,2.3517749309539795,11,14,0,1,0,1,0,0,1,1,R000120,6.842197263543371
CTGAN_000192,attack,error,176,75,54,80,0,0,22,5,0,2,0,0,1,0,0,0,0,0,0,0,0,0,0,19,0.07717304676771164,0.3351992070674896,0.08463443070650101,4.024362087249756,42,1.818709135055542,10,4,0,0,0,0,0,0,0,1,R000805,4.7145670159264315
CTGAN_000193,attack,error,318,49,56,85,4,0,18,0,0,2,0,0,3,0,0,2,0,2,0,0,0,0,1,28,0.15772050619125366,0.41723504662513733,0.13280025124549866,3.4873456954956055,59,2.1198348999023438,11,4,0,2,1,0,0,0,0,1,R000867,6.310911400362698
CTGAN_000194,attack,error,200,47,52,72,0,0,20,3,1,3,0,0,0,26,0,0,0,3,3,0,1,1,0,33,0.130848228931427,0.39173218607902527,0.11485420167446136,3.779303550720215,98,2.7610695362091064,12,7,0,0,1,0,0,1,0,1,R000138,7.368118909843636
CTGAN_000195,attack,error,405,56,28,228,0,0,14,1,0,1,1,0,0,0,0,0,0,1,0,0,0,0,1,61,0.2026757448911667,0.3376488983631134,0.16308559477329254,3.621330738067627,45,1.8967652320861816,12,6,1,2,0,0,0,2,3,1,R000151,7.640991712582272
CTGAN_000196,attack,error,205,109,41,129,0,0,18,5,1,2,0,0,2,0,0,0,0,2,0,0,0,0,1,42,0.1243903711438179,0.2852477431297302,0.12860213220119476,3.5866785049438477,46,2.844630002975464,12,3,0,0,1,0,0,2,3,1,R000126,6.836337290111854
CTGAN_000197,attack,error,309,36,45,86,4,0,23,0,0,1,0,0,3,0,0,0,0,0,0,1,0,0,0,36,0.2569943368434906,0.3579100966453552,0.1075844019651413,4.067221641540527,54,1.9084354639053345,11,5,0,0,0,0,0,0,0,1,R000579,6.099748026930578
CTGAN_000198,attack,error,414,122,28,108,0,0,13,6,3,1,2,0,2,0,0,0,0,0,0,0,0,0,0,52,0.16962984204292297,0.4105837941169739,0.10635662078857422,3.444038152694702,30,2.4261229038238525,17,5,0,2,0,0,0,0,1,1,R000290,6.641822321800777
CTGAN_000199,attack,error,354,64,36,63,4,0,29,5,0,2,2,0,1,1,0,0,0,3,0,0,0,0,0,52,0.19228112697601318,0.35438108444213867,0.11754747480154037,3.7581605911254883,48,2.3616154193878174,11,4,1,0,0,1,0,0,3,1,R001003,6.550246262306601
CTGAN_000200,attack,error,391,99,41,69,0,0,10,0,3,2,2,0,0,0,0,0,0,2,2,0,0,0,1,16,0.149072527885437,0.4351128935813904,0.13673941791057587,3.8065099716186523,30,2.61468505859375,6,3,1,0,0,0,0,0,0,1,R000984,6.596028541104032
CTGAN_000201,attack,error,241,95,26,107,0,0,21,5,0,2,2,0,0,0,0,2,0,1,0,0,0,0,1,23,0.19914859533309937,0.4602222144603729,0.1848008781671524,3.495332717895508,87,1.8884226083755493,6,3,0,2,0,1,0,0,2,1,R000065,6.020151429373705
CTGAN_000202,attack,error,174,70,47,53,0,5,41,6,3,2,2,0,0,0,0,2,0,1,5,1,0,0,0,22,0.17210696637630463,0.4838680028915405,0.13093529641628265,3.726773977279663,55,2.0533101558685303,7,3,0,2,0,0,0,1,0,1,R000636,7.812167903352323
CTGAN_000203,attack,error,237,72,49,99,0,0,8,1,2,1,0,0,0,0,1,0,0,2,0,0,0,0,0,16,0.19582675397396088,0.40566402673721313,0.11538642644882202,3.6096816062927246,101,2.747847557067871,11,4,1,0,0,1,2,1,1,1,R000290,5.9466841808696325
CTGAN_000204,attack,error,404,112,35,54,2,0,29,0,2,2,0,0,3,0,0,0,0,1,0,0,0,2,0,53,0.10144312679767609,0.370230108499527,0.09152597188949585,3.422877788543701,112,1.9419076442718506,17,4,0,0,0,0,0,1,0,1,R000395,6.327406256723281
CTGAN_000205,attack,error,154,73,36,66,1,0,14,6,0,2,0,0,0,0,0,0,0,2,0,0,0,0,1,28,0.2382701337337494,0.39740443229675293,0.1175319105386734,3.3901889324188232,48,2.415682077407837,11,15,0,0,1,0,1,2,1,1,R000922,6.498080405107352
CTGAN_000206,attack,error,328,60,39,131,4,0,15,7,0,2,0,0,0,0,0,0,0,1,3,1,0,0,0,22,0.10399468243122101,0.35027390718460083,0.15505631268024445,4.118152141571045,106,2.582132339477539,7,11,0,0,0,0,2,0,0,1,R000579,6.027788477408565
CTGAN_000207,attack,error,212,82,43,50,0,0,28,1,0,2,0,0,0,0,0,0,0,2,0,1,0,0,1,32,0.12368392944335938,0.4083099365234375,0.18999923765659332,4.164229869842529,40,1.7178833484649658,11,4,0,0,0,1,1,0,0,1,R000830,6.8489470545156745
CTGAN_000208,attack,error,252,44,36,69,4,0,34,4,1,2,0,0,0,1,0,0,0,1,0,0,0,2,0,60,0.18177174031734467,0.3216933012008667,0.1115265041589737,3.750058889389038,40,2.491825819015503,11,4,1,2,0,0,0,0,3,1,R000579,6.3977449112167
CTGAN_000209,attack,error,217,78,35,57,0,0,17,5,0,2,2,0,0,0,1,0,0,2,3,0,0,0,0,6,0.1730092167854309,0.39318811893463135,0.17406941950321198,3.6144983768463135,113,2.4094035625457764,11,3,1,0,0,0,1,0,2,0,R000947,7.617577004839444
CTGAN_000210,attack,error,481,90,50,159,0,1,16,7,0,2,2,0,2,0,0,0,0,1,3,0,0,0,0,21,0.11000736057758331,0.34889698028564453,0.1229434385895729,4.116788387298584,30,1.8747315406799316,7,15,0,1,0,0,0,0,2,1,R000197,7.103588312058512
CTGAN_000211,attack,error,433,84,34,61,0,4,20,0,2,3,2,0,1,1,0,0,0,2,0,1,0,0,0,12,0.14404359459877014,0.4175712466239929,0.09451191127300262,3.417553186416626,25,1.869551420211792,12,5,0,0,0,1,0,0,2,1,R000121,6.944468420683154
CTGAN_000212,attack,error,265,114,42,176,4,4,11,0,0,3,0,0,1,20,0,0,0,0,2,1,0,2,1,55,0.12691296637058258,0.3379836082458496,0.12395007908344269,3.790269374847412,90,2.1045827865600586,17,5,0,0,0,1,0,0,0,1,R000866,6.368812016313683
CTGAN_000213,attack,error,228,40,30,83,0,0,16,0,0,1,1,0,1,17,2,2,0,0,0,0,0,0,0,56,0.24206389486789703,0.3339398503303528,0.18236809968948364,3.689607620239258,104,1.994657278060913,12,4,0,1,1,1,0,2,0,1,R000990,6.356038451998134
CTGAN_000214,attack,error,456,64,47,49,1,0,32,0,1,2,2,0,0,1,0,2,0,0,0,0,0,1,0,21,0.20391632616519928,0.4236776828765869,0.10537168383598328,4.004982948303223,42,2.5978527069091797,7,4,0,0,0,1,1,1,0,1,R000786,5.676625785075187
CTGAN_000215,attack,error,251,94,50,81,4,0,26,6,2,3,2,0,1,20,0,0,1,2,0,0,0,2,0,29,0.11008822917938232,0.42061474919319153,0.13422195613384247,3.414698600769043,100,3.1773574352264404,12,3,0,0,0,1,0,0,0,1,R000859,6.7322551015170795
CTGAN_000216,attack,error,283,93,38,105,4,0,47,5,0,2,0,0,0,0,0,0,0,1,10,0,0,2,0,24,0.14757855236530304,0.4098932445049286,0.10764844715595245,4.1724748611450195,31,1.9079985618591309,11,4,0,2,0,0,0,1,1,1,R000244,7.904858531448524
CTGAN_000217,attack,error,347,97,59,90,4,0,25,6,0,3,0,0,2,26,2,0,1,3,0,0,0,0,0,49,0.12115528434515,0.3697621524333954,0.1430944800376892,3.514819622039795,55,2.2858989238739014,19,8,0,0,1,1,0,1,3,1,R000304,8.3588204565754
CTGAN_000218,attack,error,171,40,41,161,1,0,20,5,0,2,0,0,0,24,0,0,0,1,0,1,0,0,1,61,0.25757697224617004,0.42817422747612,0.17658227682113647,3.981477737426758,48,2.5822179317474365,18,3,0,0,0,0,0,0,3,1,R000830,7.146268728765674
CTGAN_000219,attack,error,279,159,51,161,4,0,18,5,0,2,2,0,2,0,0,0,0,0,2,1,0,2,0,18,0.19076453149318695,0.3610644042491913,0.10836075246334076,3.800344944000244,67,2.3043646812438965,7,6,0,2,0,0,2,2,0,1,R000667,6.929239338493815
CTGAN_000220,attack,error,238,50,54,134,0,5,40,7,2,3,0,0,0,0,0,2,0,1,0,0,0,2,0,57,0.11626989394426346,0.4246092438697815,0.12083794921636581,3.7075817584991455,30,1.9338455200195312,11,4,0,0,0,1,0,0,0,1,R000564,5.21916767081401
CTGAN_000221,attack,error,309,118,60,56,2,0,16,1,1,2,2,0,1,0,0,0,0,2,0,0,0,2,1,62,0.12339760363101959,0.41613250970840454,0.13306275010108948,3.8195199966430664,59,2.1230409145355225,12,4,0,0,0,0,2,0,0,1,R001035,5.4313797336104
CTGAN_000222,attack,error,179,79,50,116,0,0,11,5,0,2,0,0,0,16,2,0,0,3,0,0,0,0,0,57,0.12742504477500916,0.3882925808429718,0.10907459259033203,3.7149975299835205,29,1.784157395362854,11,7,0,0,0,0,0,0,1,1,R000719,5.622514032564786
CTGAN_000223,attack,error,209,55,38,163,0,0,31,4,1,2,0,0,0,0,0,0,1,0,3,0,0,0,0,51,0.12139580398797989,0.396982342004776,0.16590097546577454,3.4437148571014404,116,2.4494268894195557,16,9,0,1,0,0,0,2,0,1,R000971,5.632192398439254
CTGAN_000224,attack,error,325,78,35,132,4,0,16,6,2,3,0,0,1,18,0,0,0,1,0,0,0,0,0,20,0.17540057003498077,0.41341251134872437,0.15091362595558167,3.6900599002838135,41,2.3534746170043945,11,4,0,1,0,0,0,2,1,1,R000430,4.740909594713851
CTGAN_000225,attack,error,349,91,49,178,1,0,16,0,1,2,0,0,1,19,0,0,0,1,0,0,0,0,0,27,0.19924822449684143,0.34067562222480774,0.171685129404068,3.8996143341064453,33,2.5973401069641113,6,6,0,2,0,0,0,0,2,1,R000567,5.7573106024637895
CTGAN_000226,attack,error,188,128,45,130,0,0,23,5,0,3,2,0,0,0,0,0,0,0,0,0,0,0,1,67,0.008736146613955498,0.41541817784309387,0.14279687404632568,3.8212342262268066,106,1.7122447490692139,11,5,1,1,0,0,0,0,1,1,R000676,6.238022413641424
CTGAN_000227,attack,error,249,66,34,125,0,0,16,6,0,1,0,0,3,0,0,0,0,2,0,0,0,2,0,47,0.23234456777572632,0.2782706916332245,0.1275760531425476,4.182966232299805,90,2.6681127548217773,8,16,0,2,1,1,0,0,2,1,R000548,7.666183856239706
CTGAN_000228,attack,error,191,114,44,43,4,0,39,5,1,3,1,0,0,22,0,0,0,1,0,0,0,0,1,29,0.12271375954151154,0.40208396315574646,0.1674591302871704,3.5071537494659424,30,2.349811315536499,11,4,0,0,0,0,0,0,0,1,R000430,5.436135699291371
CTGAN_000229,attack,error,388,28,34,81,0,0,23,3,0,2,0,0,0,0,2,0,0,0,0,0,0,2,1,28,0.1916176676750183,0.31769639253616333,0.13792112469673157,4.057009220123291,62,2.3749208450317383,11,5,0,0,0,1,0,0,0,1,R000087,5.3195875395228045
CTGAN_000230,attack,error,264,101,44,96,0,0,49,7,1,2,0,0,3,0,0,0,0,1,0,0,0,0,0,26,0.10760629922151566,0.4015125632286072,0.14097493886947632,4.053202152252197,34,2.211747646331787,10,4,0,3,1,0,0,0,1,0,R000050,8.14748715888577
CTGAN_000231,attack,error,220,32,29,117,0,0,19,1,0,3,2,0,0,18,0,0,0,0,0,0,0,0,0,23,0.08900494873523712,0.3636813461780548,0.10720796138048172,3.7388486862182617,56,2.433256149291992,7,5,0,1,0,1,0,0,4,1,R000290,6.432960726417505
CTGAN_000232,attack,error,215,117,51,174,0,0,20,6,2,2,2,0,0,0,1,0,0,0,0,0,0,2,0,20,0.2733926475048065,0.4203615188598633,0.16505204141139984,3.460050344467163,51,1.7217518091201782,6,8,0,0,0,1,0,0,1,1,R000770,6.12794155734963
CTGAN_000233,attack,error,196,68,35,127,0,5,19,6,0,1,0,0,0,26,2,0,0,2,0,1,0,0,1,49,0.21355053782463074,0.3018602728843689,0.17759203910827637,3.7279515266418457,62,2.0664217472076416,11,4,0,2,1,1,0,0,1,1,R000703,7.3440472534825565
CTGAN_000234,attack,error,249,75,38,90,0,0,38,6,1,3,0,0,2,0,0,0,0,1,0,0,0,0,0,69,0.05385281890630722,0.43873023986816406,0.16935963928699493,3.868168592453003,42,3.242068290710449,12,4,0,0,0,1,1,1,1,1,R000812,5.955049264761186
CTGAN_000235,attack,error,209,46,28,188,1,0,9,6,0,2,0,0,1,0,0,0,0,1,4,0,0,0,0,67,0.20011812448501587,0.3716661334037781,0.11928005516529083,3.5843358039855957,85,2.2724180221557617,11,2,0,0,0,0,0,0,2,1,R000177,5.904281394245299
CTGAN_000236,attack,error,369,79,28,118,1,5,22,4,0,1,0,0,1,21,1,0,0,0,0,0,0,0,1,61,0.17671054601669312,0.3894605040550232,0.1264973282814026,3.6763012409210205,45,2.47267746925354,12,4,0,1,0,0,0,0,3,1,R000497,5.697497504504371
CTGAN_000237,attack,error,389,38,36,169,0,1,37,4,0,2,0,0,2,0,0,0,0,2,0,0,0,0,1,25,0.10774392634630203,0.3653501868247986,0.1326712667942047,4.562112331390381,42,2.321812629699707,8,4,0,0,0,0,0,0,1,1,R000984,6.689389286744822
CTGAN_000238,attack,error,349,66,55,143,1,0,19,0,0,2,2,0,2,0,0,0,0,0,0,0,0,0,0,29,0.14031146466732025,0.35910624265670776,0.1551247537136078,3.64255952835083,63,1.9660179615020752,6,8,0,0,0,0,0,0,1,1,R000169,4.662865007778871
CTGAN_000239,attack,error,369,57,30,49,1,0,40,0,2,2,2,0,1,0,0,2,0,2,3,0,0,0,0,31,0.21718217432498932,0.34057536721229553,0.10774534940719604,3.7451980113983154,37,3.1666574478149414,8,13,1,0,0,0,1,0,1,1,R000101,8.208318467630251
CTGAN_000240,attack,error,241,108,62,86,2,0,40,3,3,2,0,0,0,20,0,0,0,1,0,1,0,0,0,56,0.1505754590034485,0.3945234715938568,0.12589967250823975,3.920581579208374,49,2.4612245559692383,12,3,0,0,0,0,0,1,0,1,R000158,6.375026621832355
CTGAN_000241,attack,error,178,78,36,42,0,1,32,6,1,2,1,0,2,20,1,2,0,0,0,0,0,0,0,40,0.18761667609214783,0.3812717795372009,0.12597964704036713,3.706557273864746,56,2.512171745300293,11,3,0,1,0,0,0,0,0,1,R000335,5.050013997218727
CTGAN_000242,attack,error,267,93,53,148,2,0,21,5,2,2,2,0,0,0,0,0,1,0,0,0,0,0,0,49,0.1544199138879776,0.45590248703956604,0.18426920473575592,4.121994972229004,65,1.848709225654602,12,4,0,0,1,0,2,1,0,1,R000833,6.980519102569805
CTGAN_000243,attack,error,351,32,29,70,1,0,15,6,1,2,0,0,2,6,0,0,0,3,0,0,0,2,0,18,0.12979631125926971,0.26848626136779785,0.16781871020793915,3.308330774307251,98,2.0429115295410156,18,4,0,0,1,1,0,0,0,1,R000334,7.15061683499504
CTGAN_000244,attack,error,183,98,31,164,2,0,34,4,2,2,0,0,0,27,1,0,1,2,0,0,0,0,1,18,0.1676734983921051,0.4055270850658417,0.17244772613048553,4.0696892738342285,25,2.0703604221343994,6,4,0,0,0,1,0,0,3,1,R000618,6.7276575409550645
CTGAN_000245,attack,error,273,96,5,52,3,0,13,5,1,0,0,0,1,0,0,0,0,1,0,0,0,0,0,57,0.12822890281677246,0.32826802134513855,0.12350057810544968,3.7624921798706055,39,2.7904350757598877,11,8,0,0,0,0,0,0,0,1,R000059,4.601408411071044
CTGAN_000246,attack,error,337,125,25,164,0,0,29,4,2,2,0,0,2,17,0,0,0,0,0,0,0,0,1,74,0.1868836134672165,0.37726664543151855,0.12619850039482117,3.8517873287200928,91,2.357238531112671,19,2,1,1,1,0,0,0,0,1,R001012,7.594025084526582
CTGAN_000247,attack,error,137,44,58,53,0,0,22,5,0,2,2,0,1,23,2,0,0,1,0,0,0,0,0,85,0.0,0.4628329873085022,0.1813524067401886,4.0704426765441895,54,1.8377145528793335,8,2,0,0,0,0,2,0,1,1,R000241,6.7291864828553765
CTGAN_000248,attack,error,245,62,36,88,0,0,9,4,1,2,0,0,0,28,1,0,0,1,0,0,0,0,1,60,0.2135486751794815,0.48903486132621765,0.1691974699497223,4.56002140045166,60,2.154616117477417,11,4,0,0,1,0,0,0,3,1,R000548,7.550477041510027
CTGAN_000249,attack,error,198,43,33,221,3,0,37,1,0,2,0,0,0,0,0,2,0,1,7,0,0,2,0,17,0.1594182550907135,0.40102413296699524,0.11998024582862854,3.484466075897217,47,2.0260705947875977,12,4,0,0,0,0,1,0,2,1,R001007,6.90892916547613
CTGAN_000250,attack,error,222,94,30,70,0,5,9,0,1,2,0,0,3,16,0,0,0,0,0,1,0,0,1,39,0.19563588500022888,0.44815993309020996,0.12176163494586945,4.0736918449401855,64,2.5840494632720947,15,4,1,0,1,0,0,0,0,1,R000703,7.642469211159663
CTGAN_000251,attack,error,209,33,44,99,2,0,33,0,1,0,0,0,1,1,0,0,1,1,0,0,0,0,0,46,0.1756589710712433,0.2927932143211365,0.17639634013175964,4.053247928619385,48,2.395358085632324,6,4,0,0,1,0,0,0,3,1,R000623,6.55557194287711
CTGAN_000252,attack,error,159,85,47,45,4,0,34,6,0,2,0,0,0,0,0,0,0,2,0,0,0,0,0,19,0.14530132710933685,0.4149503707885742,0.12011870741844177,4.621973991394043,29,1.91930091381073,11,7,1,0,0,1,0,0,2,1,R000696,6.3456647619813165
CTGAN_000253,attack,error,329,105,46,81,4,0,12,5,0,2,3,0,0,1,0,0,0,0,0,0,0,0,1,58,0.17406703531742096,0.35164597630500793,0.10181917250156403,3.6340489387512207,61,1.9145697355270386,15,6,0,1,0,0,0,1,0,1,R000087,4.77222908736344
CTGAN_000254,attack,error,406,46,54,76,2,0,30,0,0,2,1,0,0,0,0,2,0,2,0,1,0,0,0,13,0.13201047480106354,0.3648628890514374,0.16950750350952148,4.138730049133301,117,2.45238995552063,17,10,0,0,0,0,2,0,1,1,R000488,7.246273900437179
CTGAN_000255,attack,error,424,55,40,168,4,5,6,6,0,3,0,0,0,22,2,0,0,3,3,0,0,0,0,68,0.09681765735149384,0.31696951389312744,0.13909204304218292,3.93270206451416,82,2.9953293800354004,7,6,0,0,0,1,0,1,2,1,R000649,7.664803549743278
CTGAN_000256,attack,error,253,42,42,204,4,1,33,1,0,2,0,0,2,0,0,0,0,3,0,0,0,2,0,9,0.14783182740211487,0.4093594551086426,0.178015798330307,4.341310977935791,98,2.3900256156921387,6,8,0,0,0,0,0,2,3,0,R000579,8.077447000213029
CTGAN_000257,attack,error,331,110,31,32,4,0,12,6,1,2,0,0,2,0,0,0,0,3,0,0,0,2,1,30,0.13549216091632843,0.40935736894607544,0.0971650704741478,3.9741411209106445,110,2.587733030319214,11,4,1,0,1,0,0,2,0,1,R000548,7.751840385825585
CTGAN_000258,attack,error,247,104,34,40,0,0,25,5,3,3,2,0,0,0,2,0,1,1,0,0,0,0,0,8,0.12644781172275543,0.39260855317115784,0.13678328692913055,3.9604902267456055,97,2.645690679550171,15,7,0,1,0,1,0,0,0,1,R000859,6.394597596027791
CTGAN_000259,attack,error,227,72,31,83,0,1,15,0,1,2,2,0,0,0,0,0,0,0,4,0,0,0,1,19,0.12338048219680786,0.40715858340263367,0.12889251112937927,3.8635594844818115,39,2.1294398307800293,11,7,0,0,0,0,0,0,0,1,R000984,4.239093626891138
CTGAN_000260,attack,error,259,79,37,165,0,0,34,0,1,1,2,0,3,1,2,0,0,0,1,0,0,0,0,33,0.10878051072359085,0.37331950664520264,0.10086698830127716,3.6478497982025146,48,2.391833782196045,11,14,0,2,0,0,0,0,3,1,R000388,7.558975735325518
CTGAN_000261,attack,error,499,70,36,39,0,1,28,5,1,2,3,0,0,0,3,0,0,2,0,0,0,0,0,62,0.1257113665342331,0.3228146433830261,0.07352139055728912,3.6978514194488525,106,1.9297298192977905,12,6,0,2,0,0,0,1,2,1,R000157,7.921716982914906
CTGAN_000262,attack,error,180,64,33,134,3,0,11,5,3,2,1,0,0,0,0,0,0,2,0,0,0,1,0,58,0.13504192233085632,0.35648590326309204,0.1798451691865921,4.120957851409912,55,2.554293394088745,11,4,0,0,1,0,0,0,0,1,R000334,5.562690574831219
CTGAN_000263,attack,error,319,91,30,116,1,0,17,1,1,2,0,0,0,20,0,0,0,0,3,0,0,0,1,17,0.32507097721099854,0.3435283601284027,0.15606442093849182,3.4420101642608643,95,2.314070701599121,11,4,0,0,1,1,0,1,3,1,R000334,7.0412362802512005
CTGAN_000264,attack,error,209,58,0,69,0,0,7,3,0,1,0,0,1,0,0,0,0,2,2,0,0,0,0,23,0.2167024165391922,0.33756890892982483,0.1528523862361908,3.8741836547851562,101,2.521080493927002,11,7,1,0,1,0,0,0,1,1,R000334,6.436082606159874
CTGAN_000265,attack,error,202,103,19,171,0,4,16,6,0,1,0,0,1,1,1,0,0,1,0,0,0,0,0,54,0.15857002139091492,0.37029626965522766,0.12884077429771423,3.6623969078063965,99,1.8452167510986328,7,7,0,0,0,0,0,0,2,1,R000497,5.09517165732079
CTGAN_000266,attack,error,336,59,29,67,4,0,30,0,2,3,0,0,2,19,0,0,0,1,0,1,0,0,1,85,0.185992032289505,0.3520008623600006,0.15750111639499664,3.5963332653045654,51,1.873618245124817,7,4,1,3,0,0,0,0,0,1,R000919,7.809975150705412
CTGAN_000267,attack,error,258,85,28,78,4,0,13,3,2,3,1,1,1,0,0,0,0,0,0,0,0,0,1,18,0.12429873645305634,0.36524224281311035,0.09367890655994415,4.5644850730896,50,2.4078474044799805,11,5,0,2,0,0,0,0,1,1,R000496,7.4285497447128686
CTGAN_000268,attack,error,244,120,46,76,0,0,29,4,2,2,0,0,0,26,0,0,0,1,0,0,0,0,0,51,0.15513740479946136,0.40278419852256775,0.09894003719091415,3.8139915466308594,53,1.9159237146377563,11,10,0,0,0,0,0,0,2,1,R000579,5.674436556438767
CTGAN_000269,attack,error,441,35,27,81,0,4,15,1,0,1,0,0,2,0,0,0,0,2,0,0,0,1,0,33,0.09596291184425354,0.3934122920036316,0.12920138239860535,3.690843343734741,91,1.9321485757827759,7,4,0,0,0,1,0,2,0,1,R000497,5.666692419832391
CTGAN_000270,attack,error,383,115,31,90,1,0,24,1,1,1,2,0,2,1,0,0,0,0,2,0,0,2,0,19,0.18172502517700195,0.3995652496814728,0.1158142238855362,3.6075632572174072,56,1.7722837924957275,11,4,0,1,0,1,0,0,0,1,R001035,5.909927670714546
CTGAN_000271,attack,error,246,112,29,41,1,4,17,6,2,2,2,0,1,20,1,0,0,1,4,0,0,0,0,54,0.20167124271392822,0.43665292859077454,0.17791271209716797,3.9865081310272217,100,2.337798833847046,16,4,0,0,0,1,1,0,0,1,R001004,5.524665059858079
CTGAN_000272,attack,error,350,102,43,92,2,0,39,5,1,2,0,0,0,0,0,0,0,2,7,0,0,2,0,58,0.11543072015047073,0.3839998245239258,0.1409681737422943,3.8246915340423584,31,2.2559428215026855,8,2,0,0,0,1,0,2,0,1,R000794,6.92534398983981
CTGAN_000273,attack,error,391,71,52,194,4,0,13,5,1,2,0,0,0,0,0,0,0,0,4,0,0,0,0,22,0.20286840200424194,0.36818256974220276,0.1696365922689438,3.2902591228485107,113,2.2354178428649902,16,4,0,0,0,0,0,2,0,1,R000774,5.752211942352579
CTGAN_000274,attack,error,191,96,37,129,0,0,7,0,0,3,0,0,0,0,3,0,0,2,0,0,0,0,1,21,0.19269225001335144,0.35539865493774414,0.15888868272304535,3.4901797771453857,101,2.757493734359741,8,4,0,0,0,0,0,0,0,1,R000947,6.08688843119565
CTGAN_000275,attack,error,236,119,54,113,4,0,13,5,1,2,0,0,2,0,1,0,0,0,0,0,0,2,1,13,0.13854753971099854,0.36063283681869507,0.11344049870967865,3.8102705478668213,53,2.0930638313293457,12,11,0,1,0,1,1,1,0,1,R000579,5.446032619755596
CTGAN_000276,attack,error,367,90,17,66,4,5,45,4,0,2,0,0,3,1,2,0,0,2,0,0,0,0,0,52,0.14418083429336548,0.4248867928981781,0.11803346872329712,4.035848617553711,49,1.8876893520355225,11,4,0,1,0,0,0,0,0,1,R000121,6.823629177530831
CTGAN_000277,attack,error,231,100,12,41,4,0,10,5,1,2,0,0,3,0,0,2,0,2,0,0,0,0,0,16,0.15152134001255035,0.3409806787967682,0.16498973965644836,3.6282570362091064,133,2.425070285797119,11,4,0,0,0,0,0,1,0,1,R000164,6.085619586060575
CTGAN_000278,attack,error,249,97,52,66,0,0,10,0,3,2,0,0,2,0,0,2,0,0,0,0,0,1,1,19,0.20166891813278198,0.4376066327095032,0.17035290598869324,3.743802070617676,56,1.9384249448776245,17,6,0,0,0,0,0,0,1,1,R000768,6.182747268662514
CTGAN_000279,attack,error,343,45,31,166,0,0,29,6,0,3,0,0,0,0,0,0,0,1,0,0,0,0,0,40,0.13531611859798431,0.4060913622379303,0.16862641274929047,3.6321725845336914,81,1.7841823101043701,15,7,0,2,0,0,0,0,0,1,R000943,5.143054739416099
CTGAN_000280,attack,error,146,48,64,107,0,1,28,5,2,2,1,1,0,0,1,0,0,1,4,0,0,0,0,76,0.3077443838119507,0.3998706340789795,0.12708139419555664,3.9046642780303955,101,2.5209736824035645,11,7,0,1,0,0,0,1,0,1,R000116,8.339279523679494
CTGAN_000281,attack,error,280,77,40,134,1,0,38,1,0,2,0,0,3,20,0,0,0,2,0,0,0,0,0,65,0.15879642963409424,0.4148056209087372,0.12223202735185623,4.098364353179932,38,2.2942943572998047,11,11,0,0,1,0,0,0,0,1,R000548,6.754211521084119
CTGAN_000282,attack,error,211,91,39,116,4,0,36,4,1,3,2,0,0,19,0,2,0,3,3,0,0,0,0,65,0.21842768788337708,0.4244289696216583,0.1575196534395218,4.043447017669678,30,2.077242374420166,11,7,1,0,0,0,0,1,1,1,R000457,6.954724030178578
CTGAN_000283,attack,error,336,113,33,96,1,0,5,4,1,3,0,0,0,21,0,0,0,0,0,0,0,0,1,21,0.17951536178588867,0.31875860691070557,0.06999239325523376,4.024435043334961,45,2.5730814933776855,7,4,0,1,0,0,0,0,3,1,R000545,6.013489326707539
CTGAN_000284,attack,error,384,95,13,144,0,0,34,6,3,1,2,0,1,0,2,0,1,3,0,0,0,0,1,31,0.14276601374149323,0.3920416831970215,0.1255241185426712,3.3484883308410645,94,2.1103577613830566,11,3,0,1,1,1,0,0,1,1,R000337,7.524803947252299
CTGAN_000285,attack,error,163,82,39,188,0,0,10,7,0,2,0,0,0,20,0,0,1,0,0,0,0,2,1,10,0.09359124302864075,0.3571573793888092,0.16246046125888824,3.741508960723877,105,3.5653390884399414,12,4,0,1,1,0,0,0,2,1,R000624,6.7869518062937795
CTGAN_000286,attack,error,383,84,0,156,0,0,12,0,0,2,0,0,0,0,0,0,0,0,0,1,0,0,1,19,0.1711619347333908,0.36813730001449585,0.1282823085784912,3.8701040744781494,41,2.852382183074951,18,15,0,1,1,1,0,0,0,1,R000548,7.31760073827451
CTGAN_000287,attack,error,214,84,0,87,4,5,10,5,1,2,0,0,0,20,0,0,0,2,0,0,0,2,1,29,0.18011586368083954,0.3432231843471527,0.10806151479482651,3.552929401397705,61,1.7499510049819946,11,4,0,0,0,1,0,1,4,1,R000418,7.480954322599972
CTGAN_000288,attack,error,203,92,29,96,4,0,8,5,1,2,1,0,3,0,0,0,0,1,0,0,0,0,1,16,0.23351258039474487,0.33787551522254944,0.10895617306232452,4.043455123901367,54,2.7011804580688477,12,5,0,0,0,0,0,0,1,1,R000748,4.935094612595412
CTGAN_000289,attack,error,392,101,53,101,0,0,41,5,0,1,0,0,0,19,0,0,1,1,0,0,0,0,0,29,0.15293307602405548,0.38067054748535156,0.10175898671150208,3.7801666259765625,61,1.80170476436615,7,4,0,1,0,0,0,2,2,0,R000618,6.896495611764442
CTGAN_000290,attack,error,252,47,0,104,0,0,48,0,0,0,0,0,3,0,0,0,0,1,0,0,0,0,1,65,0.10265622287988663,0.3084169924259186,0.16593287885189056,3.682217836380005,67,1.8444876670837402,18,3,0,1,0,0,0,0,1,1,R000809,7.660670100388482
CTGAN_000291,attack,error,305,120,39,105,0,4,29,3,1,1,0,0,0,0,1,0,1,2,3,0,0,1,1,34,0.07119136303663254,0.41675278544425964,0.1613556444644928,3.38224458694458,36,2.492398500442505,11,7,0,1,0,0,0,0,2,1,R000209,6.212798154688858
CTGAN_000292,attack,error,310,99,32,196,0,0,12,0,1,2,1,0,2,0,0,0,0,1,0,0,0,0,1,62,0.16505348682403564,0.31260907649993896,0.19070078432559967,3.487513542175293,43,1.7031311988830566,11,16,0,0,0,0,0,0,1,1,R000151,7.104931821265924
CTGAN_000293,attack,error,250,79,30,161,0,5,46,5,2,2,0,0,0,0,0,0,0,0,0,0,0,0,0,53,0.21483638882637024,0.357039213180542,0.17478150129318237,3.7930757999420166,27,1.880204439163208,12,15,0,1,1,0,0,0,0,1,R000470,7.34930162174859
CTGAN_000294,attack,error,169,130,56,106,2,1,19,6,1,1,2,0,1,29,3,0,1,0,0,0,0,0,0,15,0.187730073928833,0.35783544182777405,0.158182293176651,4.061539173126221,64,2.337827205657959,11,7,0,0,0,0,0,0,1,1,R000859,6.647384835448852
CTGAN_000295,attack,error,276,78,0,143,0,0,10,0,1,2,0,0,0,0,0,0,0,1,0,0,0,0,0,24,0.12454397976398468,0.39691561460494995,0.12663017213344574,3.7792840003967285,126,1.9269253015518188,7,12,0,0,0,1,2,1,3,1,R000719,7.18589451920716
CTGAN_000296,attack,error,310,91,69,68,2,0,21,1,0,3,0,0,0,1,0,2,0,0,3,1,0,0,1,57,0.26297900080680847,0.4409453272819519,0.10427049547433853,3.8402578830718994,46,2.0112929344177246,12,7,0,1,0,0,0,1,1,1,R000927,7.195818432940437
CTGAN_000297,attack,error,382,97,40,152,1,0,26,5,2,2,2,0,0,2,3,0,0,1,0,0,0,0,1,62,0.1682605743408203,0.4081829786300659,0.07822170853614807,3.461670398712158,99,2.0316123962402344,12,5,0,0,0,1,0,1,2,1,R000748,6.516358334260699
CTGAN_000298,attack,error,227,123,5,53,4,0,26,6,0,1,2,0,0,17,0,0,0,2,0,0,0,0,1,29,0.1323709785938263,0.389845073223114,0.13750247657299042,3.5749781131744385,97,2.13259220123291,19,14,0,0,0,0,0,1,2,1,R000190,6.7265012014274586
CTGAN_000299,attack,error,179,90,31,145,0,0,26,4,0,2,0,0,2,1,0,0,0,2,0,0,0,0,1,29,0.12573161721229553,0.3282492160797119,0.13144195079803467,3.51774263381958,105,1.669267177581787,11,4,0,0,0,1,0,0,1,1,R000812,5.937971072523531
CTGAN_000300,attack,error,220,89,46,126,0,0,24,0,0,2,0,0,0,0,0,0,0,0,0,0,0,0,0,20,0.2884376347064972,0.4481026828289032,0.12140395492315292,3.984907627105713,37,2.1844520568847656,8,6,1,0,0,0,0,0,3,1,R000177,6.075513418269328
CTGAN_000301,attack,error,398,74,31,54,4,0,26,1,2,1,1,0,1,21,0,3,1,2,0,0,0,0,1,3,0.16144035756587982,0.3662743866443634,0.11901012808084488,3.8155274391174316,52,2.312833070755005,11,13,0,0,1,0,0,0,0,1,R000304,7.703022758897478
CTGAN_000302,attack,error,309,69,30,182,1,0,39,0,0,2,0,0,0,0,0,0,0,1,0,0,0,0,1,39,0.1580815464258194,0.45933884382247925,0.11304057389497757,3.7943336963653564,53,1.9002048969268799,7,6,0,1,1,0,0,0,1,1,R000050,6.03413386863909
CTGAN_000303,attack,error,402,128,40,78,4,0,3,1,1,3,0,0,1,0,0,0,0,0,0,1,0,0,0,27,0.13657264411449432,0.3317248225212097,0.155103400349617,3.7795867919921875,52,2.277510166168213,17,14,0,0,0,0,1,1,0,1,R000405,6.284172390445314
CTGAN_000304,attack,error,231,104,34,36,0,1,8,6,4,1,1,0,1,1,0,0,0,2,3,0,0,2,0,18,0.2692137658596039,0.43873485922813416,0.11476047337055206,3.6529312133789062,55,1.8052738904953003,7,6,0,0,0,0,2,1,0,1,R000598,6.93662270381573
CTGAN_000305,attack,error,154,77,60,25,4,0,28,0,0,3,0,0,1,0,2,0,0,0,0,0,0,2,0,15,0.17080748081207275,0.3870545029640198,0.14038915932178497,3.584688186645508,51,1.8720781803131104,6,6,0,0,0,1,0,2,1,1,R000430,5.618081976703788
CTGAN_000306,attack,error,162,98,39,105,0,0,7,0,0,2,0,0,3,25,0,0,0,3,0,0,0,0,1,31,0.14834719896316528,0.38712069392204285,0.18277409672737122,3.978584051132202,40,2.5430309772491455,19,5,0,0,0,0,0,0,0,1,R000579,7.028783406415692
CTGAN_000307,attack,error,347,105,25,78,1,0,8,1,2,2,0,0,1,18,0,0,0,1,3,0,0,0,0,55,0.1301976591348648,0.3034708797931671,0.08548881858587265,3.922703742980957,53,2.2140393257141113,6,4,0,0,1,0,0,0,2,0,R000548,7.567306718495223
CTGAN_000308,attack,error,387,88,39,50,4,0,35,0,0,3,1,0,0,1,0,0,0,2,0,0,0,0,0,17,0.19715236127376556,0.38012561202049255,0.16937854886054993,3.3835744857788086,39,2.4875237941741943,18,4,0,0,0,0,0,1,0,1,R000430,5.495406922189398
CTGAN_000309,attack,error,371,39,34,46,4,4,34,1,1,1,0,0,1,1,0,0,0,1,0,0,0,2,1,27,0.14207956194877625,0.4046412408351898,0.12559270858764648,3.840961456298828,122,1.7963694334030151,8,9,0,0,0,1,0,0,1,1,R000497,6.295422336128729
CTGAN_000310,attack,error,321,120,18,70,0,0,30,3,0,1,1,0,0,23,2,0,0,0,0,0,0,0,1,57,0.17298977077007294,0.41835060715675354,0.12196016311645508,3.9828543663024902,111,1.8804950714111328,15,5,0,0,0,0,0,1,0,1,R000151,5.553400724023864
CTGAN_000311,attack,error,383,62,34,66,0,1,14,5,1,2,1,0,1,24,0,0,0,0,0,0,0,0,1,49,0.0,0.40594765543937683,0.1672402024269104,3.671318769454956,53,2.393242835998535,12,7,0,0,1,1,0,0,2,1,R000922,6.278260560805296
CTGAN_000312,attack,error,341,115,41,122,0,0,7,0,1,3,0,0,0,0,1,0,0,3,0,0,0,0,1,37,0.13780434429645538,0.4011194705963135,0.11253155767917633,3.362605571746826,58,2.93640398979187,12,4,0,0,1,0,0,0,1,1,R000050,6.589343335935668
CTGAN_000313,attack,error,216,96,47,39,0,1,17,0,2,2,0,0,1,0,2,0,1,0,0,0,0,0,0,65,0.24054072797298431,0.34929636120796204,0.17280034720897675,3.7794318199157715,26,1.9151573181152344,11,7,0,0,0,0,0,1,0,1,R000239,6.2234915843353615
CTGAN_000314,attack,error,148,54,50,98,0,0,25,5,0,3,0,0,0,1,1,2,0,2,3,1,0,1,1,38,0.12857113778591156,0.3704037070274353,0.14861857891082764,3.6314704418182373,86,2.598067045211792,12,7,0,0,0,0,0,0,0,1,R000768,6.425319855935314
CTGAN_000315,attack,error,187,101,37,76,0,0,15,6,2,1,2,0,0,0,1,0,0,2,0,0,0,0,1,67,0.21619977056980133,0.3885466754436493,0.1726488322019577,4.0575642585754395,46,2.312988042831421,12,10,0,2,0,0,0,2,1,1,R000087,6.119978506229042
CTGAN_000316,attack,error,413,123,34,152,1,0,19,1,2,1,2,0,0,24,0,0,0,0,0,0,0,2,0,31,0.23182252049446106,0.44078198075294495,0.15080855786800385,3.4786994457244873,50,1.9295012950897217,15,6,0,1,0,0,0,0,2,1,R000809,6.084421854168199
CTGAN_000317,attack,error,195,80,59,149,0,4,28,5,0,1,2,1,0,24,0,0,0,2,0,0,0,0,1,19,0.16489484906196594,0.34061989188194275,0.12288808077573776,3.6793901920318604,44,2.5623788833618164,17,15,1,0,0,0,0,1,0,1,R000485,8.528824022240316
CTGAN_000318,attack,error,234,41,27,56,4,0,25,0,0,3,0,0,1,0,0,0,0,1,2,1,0,0,0,81,0.25036218762397766,0.34841224551200867,0.16545100510120392,3.9960711002349854,51,1.8682875633239746,6,5,0,2,0,1,0,0,0,1,R000098,6.61699837339861
CTGAN_000319,attack,error,325,95,60,170,4,0,27,1,2,2,0,0,0,21,0,0,0,0,3,0,0,2,1,61,0.09119723737239838,0.32953009009361267,0.06823709607124329,3.9754903316497803,40,2.400674343109131,11,4,0,0,0,0,0,2,2,1,R000153,6.746615104764813
CTGAN_000320,attack,error,109,49,38,129,1,0,38,5,1,3,1,0,0,1,2,0,0,0,3,0,0,0,1,38,0.15066348016262054,0.357541561126709,0.17370091378688812,4.149807929992676,41,2.1758334636688232,11,4,0,0,0,0,1,3,1,1,R000087,6.54378475519934
CTGAN_000321,attack,error,385,67,37,176,0,0,17,4,1,2,0,0,0,1,1,0,0,1,0,0,0,1,0,33,0.2023700475692749,0.41002291440963745,0.13488081097602844,3.6809141635894775,64,2.5213582515716553,16,13,0,0,0,0,0,1,2,1,R000705,4.49689742789452
CTGAN_000322,attack,error,230,94,39,152,0,0,10,3,0,1,0,1,0,1,0,0,0,3,0,0,0,0,0,26,0.15071313083171844,0.39350083470344543,0.18286968767642975,3.8014814853668213,67,1.8291332721710205,8,4,0,0,0,0,0,0,0,0,R000131,6.1764532649745565
CTGAN_000323,attack,error,202,74,35,154,4,0,15,5,0,3,0,0,0,0,2,0,1,1,0,0,0,0,0,18,0.189267098903656,0.39625540375709534,0.10123097151517868,3.5223796367645264,54,1.981911063194275,8,4,1,1,0,0,0,0,3,1,R000859,6.809525339973727
CTGAN_000324,attack,error,249,47,26,136,0,5,40,0,0,3,1,0,0,1,0,0,0,3,0,0,0,0,1,23,0.19077643752098083,0.42650505900382996,0.1874939650297165,3.9727561473846436,25,1.8680689334869385,8,4,1,1,0,0,0,1,1,1,R000470,7.211047222074915
CTGAN_000325,attack,error,307,121,46,65,0,0,24,0,0,2,0,0,0,0,1,0,0,2,0,0,0,0,0,15,0.1645040661096573,0.4039923846721649,0.10926699638366699,3.7066149711608887,59,1.7967643737792969,11,2,0,0,0,0,0,0,1,1,R000290,5.160515932342746
CTGAN_000326,attack,error,236,46,22,129,4,0,29,1,0,2,0,0,0,0,0,0,0,1,0,1,0,0,1,61,0.20089642703533173,0.4613773226737976,0.13039736449718475,3.6439993381500244,60,2.0132181644439697,12,4,0,1,0,0,0,1,0,1,R000943,5.408405976601897
CTGAN_000327,attack,error,379,41,30,60,0,0,15,7,2,2,0,0,1,0,0,0,0,2,0,0,0,0,0,24,0.16334669291973114,0.3672083020210266,0.09908823668956757,3.5547118186950684,48,1.7682439088821411,7,15,0,0,0,0,1,0,1,1,R000177,6.003072610360341
CTGAN_000328,attack,error,395,107,7,80,1,0,9,3,2,0,2,0,0,0,0,0,0,1,0,1,0,0,1,15,0.18243320286273956,0.2990468442440033,0.17886069416999817,3.4215874671936035,109,2.315227508544922,11,3,1,0,0,0,0,0,1,1,R000657,7.597271430319377
CTGAN_000329,attack,error,311,102,36,30,0,0,34,0,0,2,0,1,0,0,0,0,0,3,0,0,0,0,1,65,0.10056842118501663,0.3794938325881958,0.09765473008155823,4.152565002441406,92,1.9469443559646606,11,7,0,2,0,0,0,0,0,0,R000496,7.488699645574288
CTGAN_000330,attack,error,332,68,43,143,0,0,17,3,1,2,0,0,2,22,0,0,0,0,2,0,0,0,1,40,0.2727625072002411,0.34033891558647156,0.09194213151931763,3.8528947830200195,58,2.221942663192749,7,10,0,0,1,1,0,0,1,1,R000126,6.459358971950765
CTGAN_000331,attack,error,213,36,50,64,4,0,5,4,0,2,2,0,0,0,0,0,0,1,0,0,0,0,1,25,0.10063841193914413,0.4290456473827362,0.12403394281864166,4.069513320922852,87,1.8712799549102783,12,4,0,1,0,0,0,1,2,1,R000087,4.821029871759448
CTGAN_000332,attack,error,384,108,58,97,4,0,21,5,0,3,2,0,0,1,1,0,0,3,0,0,0,0,0,8,0.17771141231060028,0.4588301181793213,0.1801164597272873,3.6207730770111084,107,1.7499126195907593,11,10,0,2,0,0,0,1,0,1,R000635,6.30905021602689
CTGAN_000333,attack,error,264,118,38,93,1,0,28,5,2,1,1,0,2,0,0,0,0,3,0,0,0,0,0,33,0.16411155462265015,0.38286712765693665,0.09936197102069855,4.0558085441589355,72,4.035000801086426,11,15,0,0,0,0,0,0,1,1,R000855,7.0220492903380825
CTGAN_000334,attack,error,399,111,48,198,0,0,19,1,0,1,2,0,1,0,0,0,0,1,0,0,0,1,1,65,0.18076445162296295,0.4039466977119446,0.13057547807693481,3.6625571250915527,42,1.9200758934020996,6,7,0,0,1,0,0,0,0,1,R000151,6.1011497223676905
CTGAN_000335,attack,error,218,69,48,38,0,0,14,0,0,2,0,0,0,24,0,0,0,1,0,0,0,2,0,72,0.20508387684822083,0.4042823910713196,0.1315201371908188,3.66968035697937,96,1.9177088737487793,11,14,0,3,0,0,0,0,0,1,R000719,6.112234333355745
CTGAN_000336,attack,error,296,45,46,114,4,0,9,3,0,2,1,0,0,18,1,0,0,2,0,1,0,0,0,75,0.10668551176786423,0.3529609441757202,0.13806089758872986,3.9702608585357666,63,2.752209424972534,11,7,0,0,0,0,2,0,1,1,R000579,6.101193946310398
CTGAN_000337,attack,error,236,32,34,62,2,0,36,6,2,2,1,1,1,19,0,0,0,2,0,1,0,0,1,6,0.1450522094964981,0.36825716495513916,0.17367403209209442,3.75319504737854,94,2.6071338653564453,8,10,0,1,0,1,0,0,0,1,R000400,8.734412534184068
CTGAN_000338,attack,error,194,126,34,149,0,0,3,4,1,1,0,0,0,0,0,0,0,2,2,0,0,0,1,22,0.15601655840873718,0.2875443696975708,0.16288895905017853,3.6479103565216064,45,1.9218848943710327,11,4,1,0,0,0,0,0,2,1,R000199,7.398394242483997
CTGAN_000339,attack,error,374,51,35,46,3,1,7,0,2,2,2,0,0,0,0,0,1,2,2,0,0,0,1,48,0.1393980234861374,0.29535233974456787,0.16922305524349213,3.963836431503296,128,3.220280647277832,7,7,0,0,0,0,0,0,0,1,R000218,6.8187480662006426
CTGAN_000340,attack,error,303,66,50,147,1,0,30,6,1,2,2,0,2,0,0,0,0,2,3,0,0,1,1,34,0.09290842711925507,0.3900550305843353,0.1337127983570099,3.4864509105682373,110,1.7284090518951416,12,4,0,0,0,1,1,0,3,1,R000504,6.324240004725208
CTGAN_000341,attack,error,227,101,46,77,0,0,15,0,3,2,1,0,1,0,0,0,0,1,0,0,0,0,0,16,0.20216168463230133,0.351493775844574,0.18159177899360657,3.6463828086853027,32,2.5795769691467285,6,4,0,2,0,0,1,0,1,1,R000830,6.262912432091643
CTGAN_000342,attack,error,272,64,0,154,0,0,40,5,1,3,0,0,0,18,0,0,0,0,0,0,0,0,0,22,0.2484789341688156,0.42371445894241333,0.13001564145088196,4.098074436187744,18,2.0802173614501953,12,4,0,1,0,1,1,0,1,1,R000290,5.986129074600672
CTGAN_000343,attack,error,290,119,28,101,0,0,36,0,0,2,2,0,1,0,0,0,0,2,0,0,0,0,1,23,0.11412248015403748,0.31677690148353577,0.09462171792984009,3.496448040008545,18,2.5881736278533936,11,7,0,0,0,0,0,0,0,1,R000157,5.72836223671613
CTGAN_000344,attack,error,468,104,58,203,0,0,18,0,1,2,1,0,1,0,0,0,0,0,2,0,0,0,0,65,0.15287689864635468,0.3551337718963623,0.13593660295009613,3.589240789413452,86,1.9504568576812744,7,4,0,0,0,0,3,0,1,1,R001032,5.4982357095490295
CTGAN_000345,attack,error,375,97,41,126,4,0,17,1,0,1,2,0,1,18,0,0,0,0,0,0,0,0,1,26,0.09529009461402893,0.33965983986854553,0.10312408208847046,3.725093126296997,66,1.8898457288742065,12,4,0,0,1,0,1,0,0,1,R000922,5.637896719613872
CTGAN_000346,attack,error,270,60,41,68,4,0,37,4,0,0,2,0,0,0,0,0,0,1,0,0,0,0,0,16,0.18392625451087952,0.3504771888256073,0.11914968490600586,4.063506603240967,94,1.8612589836120605,12,4,0,2,0,0,0,0,2,1,R000059,5.643081327870133
CTGAN_000347,attack,error,165,94,42,104,0,0,29,5,1,2,0,0,2,0,0,2,0,0,0,0,0,0,0,18,0.10405337810516357,0.35123029351234436,0.16328953206539154,3.564429521560669,43,2.5555801391601562,11,7,0,2,1,0,0,0,2,1,R000898,5.969342113778318
CTGAN_000348,attack,error,130,43,39,66,5,0,16,4,0,1,1,0,0,0,0,0,0,3,0,0,0,0,0,22,0.14015023410320282,0.3310965299606323,0.17327003180980682,4.161529541015625,104,1.959525465965271,11,7,0,2,0,0,0,0,1,1,R000579,5.576131392005201
CTGAN_000349,attack,error,359,111,44,61,0,4,12,0,2,2,0,0,0,28,0,0,0,3,2,0,0,0,0,36,0.22151754796504974,0.3751818835735321,0.12476503103971481,3.445774793624878,65,2.6228833198547363,12,4,0,0,0,1,0,0,2,1,R000866,6.014495086431587
CTGAN_000350,attack,error,369,110,31,149,0,0,41,1,1,2,0,0,0,0,0,0,0,0,2,0,1,0,1,23,0.25569653511047363,0.4077168107032776,0.1579592078924179,4.289534568786621,32,1.9236421585083008,11,2,0,2,1,1,0,1,1,1,R000580,7.52271070653009
CTGAN_000351,attack,error,189,44,38,46,1,4,10,6,2,2,1,0,0,1,1,0,0,1,0,0,0,2,0,55,0.2136451005935669,0.418121874332428,0.17110435664653778,3.688791513442993,154,2.6011741161346436,7,14,0,0,0,0,0,0,2,1,R000418,6.455954644939234
CTGAN_000352,attack,error,352,74,30,51,0,0,3,4,0,3,0,0,0,0,0,0,1,1,2,0,0,0,0,11,0.11545032262802124,0.3338676989078522,0.17892315983772278,4.314737796783447,59,2.5326008796691895,7,4,0,2,1,0,0,1,1,1,R000623,6.34246803750386
CTGAN_000353,attack,error,254,92,42,109,4,0,15,5,0,3,2,0,0,0,0,0,0,2,0,1,0,0,1,56,0.1419835090637207,0.37600189447402954,0.1655019074678421,3.8238916397094727,40,2.2907845973968506,8,4,0,2,0,0,0,0,0,1,R000087,6.014506138839713
CTGAN_000354,attack,error,194,42,59,146,1,0,19,0,0,3,0,0,0,18,0,0,0,1,4,0,2,0,0,28,0.18974657356739044,0.3855512738227844,0.10969977080821991,3.6217734813690186,47,1.721898078918457,11,4,0,0,0,0,0,1,0,1,R000296,5.4191605188614504
CTGAN_000355,attack,error,89,32,34,118,3,0,23,0,2,1,0,0,2,22,0,0,0,2,0,0,0,2,1,62,0.22289954125881195,0.33997613191604614,0.11498429626226425,3.8940107822418213,118,1.9013696908950806,7,4,0,0,0,0,0,0,1,1,R000830,6.796885901640483
CTGAN_000356,attack,error,353,92,0,174,1,0,6,5,2,3,2,0,1,4,0,0,0,0,2,0,0,0,0,9,0.17037060856819153,0.3265009820461273,0.1763855665922165,4.220438003540039,44,1.880934238433838,18,4,0,0,0,1,0,0,0,0,R000035,7.230995358895275
CTGAN_000357,attack,error,416,115,28,107,4,5,45,6,2,3,0,0,1,0,2,0,0,2,0,0,0,0,0,18,0.10897700488567352,0.4192684292793274,0.0768997073173523,3.693941831588745,48,1.8574925661087036,17,10,0,0,0,0,2,0,2,1,R000961,7.313393123391362
CTGAN_000358,attack,error,336,63,43,169,4,4,19,5,0,1,0,0,0,0,2,0,0,2,0,1,0,0,0,31,0.1336706131696701,0.40578076243400574,0.17626936733722687,3.3113434314727783,53,1.9483948945999146,11,3,0,0,1,0,1,1,2,1,R000917,7.08352123177216
CTGAN_000359,attack,error,372,113,37,114,0,0,7,0,0,3,2,0,0,0,0,0,0,0,0,1,0,0,1,17,0.15485310554504395,0.3256283700466156,0.10750891268253326,3.8471126556396484,97,2.3180365562438965,8,15,0,0,0,0,0,0,1,1,R000427,6.138040750569103
CTGAN_000360,attack,error,245,31,35,121,0,0,41,1,0,3,0,1,1,1,1,0,0,1,0,0,0,0,0,10,0.03703673928976059,0.3482816517353058,0.08959203958511353,3.6147537231445312,116,1.9835283756256104,11,3,0,0,0,0,0,0,2,1,R000131,7.645675911637172
CTGAN_000361,attack,error,112,111,39,106,0,0,7,5,0,2,0,0,2,20,1,0,1,1,0,0,0,0,0,21,0.2811696529388428,0.4577256739139557,0.1729651242494583,3.4534242153167725,128,2.3545773029327393,12,5,0,2,0,0,0,0,2,1,R000826,7.036020913081156
CTGAN_000362,attack,error,220,120,11,109,0,1,11,4,3,3,2,0,1,0,0,0,0,0,0,0,0,0,1,25,0.10776139795780182,0.36351078748703003,0.12010053545236588,3.556072235107422,144,2.1033072471618652,6,7,0,0,0,0,1,0,1,1,R000318,6.608225880187658
CTGAN_000363,attack,error,471,103,32,93,0,0,25,0,0,2,0,0,2,0,0,2,0,2,3,0,0,0,1,68,0.13039866089820862,0.3566321134567261,0.11709977686405182,3.8036763668060303,45,1.885409951210022,12,12,0,0,0,1,2,0,2,1,R000457,7.540036640669343
CTGAN_000364,attack,error,212,115,42,75,1,4,9,4,2,2,0,0,0,20,2,0,0,0,0,0,0,0,1,58,0.03915213793516159,0.40852391719818115,0.13283206522464752,3.7254891395568848,24,2.628007411956787,17,7,0,0,0,0,0,1,2,1,R000896,6.384255644458772
CTGAN_000365,attack,error,410,127,53,123,4,0,23,1,2,1,0,0,1,27,0,0,0,2,10,1,0,0,0,20,0.1855173408985138,0.33837756514549255,0.16577331721782684,3.462125301361084,73,1.8748631477355957,11,7,0,1,0,0,0,0,1,1,R000774,8.306680851525178
CTGAN_000366,attack,error,227,103,42,38,4,0,31,4,1,2,1,0,1,0,1,0,0,0,2,0,0,0,0,16,0.08910457789897919,0.3815748691558838,0.12332654744386673,4.059982776641846,37,2.1047263145446777,12,4,0,0,0,0,0,0,0,0,R000579,5.860733850215326
CTGAN_000367,attack,error,256,89,52,93,4,0,16,7,0,2,0,0,0,0,0,0,0,0,0,0,0,0,0,55,0.2241211086511612,0.3622395396232605,0.17254909873008728,3.474501132965088,97,1.7682750225067139,15,7,0,0,0,1,1,0,2,1,R000070,4.733821334101883
CTGAN_000368,attack,error,397,110,39,131,1,0,11,1,0,2,0,0,1,0,1,0,0,3,2,0,0,2,0,59,0.18750828504562378,0.347626268863678,0.1244148313999176,3.302152633666992,82,1.8324882984161377,12,4,0,0,1,0,0,0,0,1,R000705,7.160193915897639
CTGAN_000369,attack,error,297,103,0,152,3,0,18,0,1,1,1,0,1,1,0,0,0,2,0,0,0,2,0,4,0.12743394076824188,0.4229702651500702,0.12708479166030884,4.0383524894714355,143,1.8931316137313843,11,4,0,0,0,0,0,2,2,1,R000742,6.924443431525596
CTGAN_000370,attack,error,357,33,32,120,0,1,10,5,0,2,0,0,2,22,2,0,0,0,2,1,0,0,1,58,0.19060483574867249,0.4022371172904968,0.1431027203798294,3.485671043395996,30,2.0632426738739014,11,3,0,0,0,0,0,1,0,1,R000770,6.587860804336461
CTGAN_000371,attack,error,371,113,36,162,1,0,42,4,0,2,0,0,2,0,1,0,0,0,0,0,0,0,1,40,0.2069316804409027,0.3845762610435486,0.11209762096405029,3.6248278617858887,98,2.150728702545166,11,4,0,1,0,0,0,1,1,1,R001012,5.69097517216835
CTGAN_000372,attack,error,475,71,0,164,0,0,33,4,0,2,0,0,0,0,0,0,0,2,0,0,0,1,0,18,0.1478300392627716,0.36143141984939575,0.1036888137459755,3.6052193641662598,127,2.7927370071411133,14,14,0,1,0,0,0,0,1,1,R000705,6.104383542364347
CTGAN_000373,attack,error,489,90,35,91,4,0,15,6,1,3,1,0,3,26,0,0,0,1,0,0,0,2,0,14,0.10318028926849365,0.351174920797348,0.12803146243095398,3.9835424423217773,51,2.2326061725616455,11,4,0,2,0,0,0,2,3,1,R000579,7.260165063937045
CTGAN_000374,attack,error,215,99,35,128,0,0,16,0,0,2,2,0,2,0,0,0,0,1,3,0,0,0,0,24,0.16415609419345856,0.37692657113075256,0.14477112889289856,3.6307373046875,106,2.411895275115967,17,4,0,0,1,0,0,0,2,1,R000922,6.3744710395692925
CTGAN_000375,attack,error,171,62,39,110,2,0,20,6,1,1,0,0,0,0,0,0,0,0,3,0,0,0,1,14,0.15386143326759338,0.33086535334587097,0.1000778079032898,3.629641056060791,60,2.767852306365967,11,7,0,0,1,0,0,0,1,1,R000126,4.807183589719834
CTGAN_000376,attack,error,190,107,48,213,0,1,18,5,0,1,0,0,0,21,0,0,0,0,2,0,0,0,0,21,0.17738063633441925,0.42626532912254333,0.1649552285671234,4.056999683380127,56,2.009639263153076,7,4,0,0,1,1,0,0,1,1,R000334,5.875045775944132
CTGAN_000377,attack,error,205,96,29,150,0,0,33,4,3,2,2,0,2,17,0,0,0,0,0,0,0,1,0,54,0.2020990401506424,0.3761991560459137,0.16648003458976746,3.6129257678985596,113,2.7020764350891113,11,4,1,0,0,1,0,0,0,1,R000049,6.7312932650824004
CTGAN_000378,attack,error,362,74,31,114,0,1,12,3,0,2,2,0,3,0,0,0,0,0,0,0,0,0,1,30,0.13424015045166016,0.4074810743331909,0.1460530310869217,4.144146919250488,47,2.697014331817627,12,5,0,0,0,0,0,0,1,0,R000984,5.927408999162268
CTGAN_000379,attack,error,445,49,28,78,4,0,18,0,0,2,0,0,0,1,1,0,0,3,0,0,0,0,1,58,0.16157609224319458,0.3066435754299164,0.13683068752288818,3.9982287883758545,45,2.3338592052459717,8,9,0,1,0,0,0,2,0,1,R000579,6.205202583248379
CTGAN_000380,attack,error,342,86,60,165,0,0,15,1,2,2,0,0,0,19,0,0,0,0,0,0,0,1,1,26,0.2254851758480072,0.45077455043792725,0.1542002260684967,3.5822548866271973,112,2.438215970993042,17,4,0,0,1,0,0,0,0,1,R000809,6.34814337967158
CTGAN_000381,attack,error,138,43,41,116,4,5,22,1,0,1,2,0,0,1,0,0,0,2,0,0,0,0,0,27,0.13928529620170593,0.29164373874664307,0.16587530076503754,3.684950113296509,57,1.8998501300811768,11,6,0,0,0,0,0,0,1,1,R000389,5.640278312879271
CTGAN_000382,attack,error,190,101,55,89,4,0,33,0,1,2,0,0,1,23,0,0,0,0,0,0,0,0,0,22,0.17173244059085846,0.390630841255188,0.15516161918640137,3.6888227462768555,103,2.182609796524048,12,4,0,0,0,0,1,1,1,1,R000158,4.154195326493411
CTGAN_000383,attack,error,384,52,48,56,1,0,19,1,0,3,3,0,0,21,2,0,0,3,0,0,0,0,0,34,0.1427118331193924,0.3983076810836792,0.17926925420761108,3.768916130065918,87,2.6479740142822266,11,7,0,2,0,1,0,2,0,1,R000650,6.67377111622998
CTGAN_000384,attack,error,215,56,37,176,0,0,14,3,2,3,1,0,0,0,0,0,0,0,0,1,0,0,1,17,0.13419555127620697,0.3990926146507263,0.1446138471364975,3.5001115798950195,47,2.0180234909057617,11,7,0,0,0,0,0,1,1,1,R000770,5.394260752325798
CTGAN_000385,attack,error,424,97,32,123,1,0,15,3,1,1,2,0,0,0,0,0,0,1,3,0,0,0,0,12,0.24510063230991364,0.34823471307754517,0.12704357504844666,3.595475196838379,51,2.2915210723876953,11,4,1,0,0,0,0,0,3,1,R000087,6.971468535227809
CTGAN_000386,attack,error,237,63,27,68,0,0,30,0,0,2,2,0,0,0,0,0,0,1,0,0,0,0,1,22,0.1437884122133255,0.42842724919319153,0.142788365483284,3.7717480659484863,106,2.0179636478424072,11,7,0,1,0,0,0,1,2,1,R000797,4.577727725237248
CTGAN_000387,attack,error,171,81,44,99,1,4,41,0,0,2,0,0,1,0,0,0,0,1,2,0,0,0,1,37,0.11143767833709717,0.3821048140525818,0.17537416517734528,3.541687250137329,77,1.7918810844421387,7,7,0,0,0,1,0,1,0,1,R000572,5.399206494075527
CTGAN_000388,attack,error,174,78,39,83,4,0,28,0,2,3,0,0,0,1,0,3,0,3,0,0,0,0,1,12,0.10343410074710846,0.3865133821964264,0.17863233387470245,4.029487133026123,135,2.624939203262329,11,3,0,1,0,0,0,1,0,1,R000786,7.052846867569879
CTGAN_000389,attack,error,383,92,42,103,4,0,14,4,0,2,0,0,0,19,0,0,0,0,2,0,0,0,1,17,0.28580981492996216,0.4707854390144348,0.13051405549049377,3.302706003189087,38,2.1066792011260986,17,5,0,0,0,0,0,0,2,1,R000985,5.737446480920147
CTGAN_000390,attack,error,402,52,41,167,1,0,32,3,0,2,2,0,0,0,0,0,0,0,0,0,0,0,1,77,0.1401527374982834,0.3677156865596771,0.09366486966609955,3.9901444911956787,128,2.4281647205352783,11,4,0,1,0,0,0,1,1,1,R000676,5.357928564247082
CTGAN_000391,attack,error,180,60,2,134,0,0,9,6,0,2,0,0,1,0,0,0,0,0,2,0,0,0,1,23,0.19804255664348602,0.36511313915252686,0.10723833739757538,3.432469606399536,110,1.7468795776367188,11,5,0,0,1,1,0,1,0,1,R000922,5.841901998394066
CTGAN_000392,attack,error,394,92,27,95,4,0,11,5,0,2,0,1,2,0,0,0,0,2,0,0,0,2,0,19,0.09829981625080109,0.4265381991863251,0.16322442889213562,3.5839080810546875,77,1.9005266427993774,7,7,1,0,0,0,0,0,0,1,R000215,7.762196123750439
CTGAN_000393,attack,error,314,64,32,57,0,0,15,5,0,2,0,0,0,25,0,0,0,2,0,0,0,0,0,51,0.2720324397087097,0.44250091910362244,0.16819754242897034,3.9427013397216797,41,1.784551978111267,11,3,0,0,0,1,0,1,0,1,R000637,5.239374749648532
CTGAN_000394,attack,error,506,49,24,144,1,0,37,3,2,2,1,0,0,20,0,0,0,2,3,0,0,1,0,49,0.04741154611110687,0.3706393241882324,0.18004874885082245,3.5287513732910156,42,2.278073310852051,6,4,0,0,0,0,0,0,0,1,R000169,5.9557335135881955
CTGAN_000395,attack,error,152,114,43,60,1,0,33,1,0,2,0,0,2,1,0,0,0,2,0,0,0,0,1,16,0.10474759340286255,0.4403734505176544,0.10828841477632523,3.6302900314331055,50,1.6975555419921875,17,4,1,2,0,1,0,0,2,1,R000812,7.298395669568814
CTGAN_000396,attack,error,390,95,34,80,4,0,18,5,0,2,0,0,2,16,2,0,0,0,0,0,0,2,0,49,0.2183820903301239,0.3768198490142822,0.09076020866632462,4.092124938964844,44,2.0639634132385254,11,6,0,1,0,0,0,0,2,1,R000579,5.308041142695182
CTGAN_000397,attack,error,169,87,31,35,2,0,31,6,1,1,2,0,2,0,0,0,1,2,0,0,0,0,1,60,0.17006395757198334,0.31545329093933105,0.10906233638525009,3.5577640533447266,62,1.80148446559906,16,4,0,0,0,0,0,2,0,1,R000606,6.099684795046474
CTGAN_000398,attack,error,124,45,41,54,0,5,40,3,1,1,0,0,1,1,0,0,0,1,2,0,0,2,0,40,0.1586301326751709,0.38400503993034363,0.09611841291189194,3.5896530151367188,22,2.0165481567382812,7,9,0,1,0,1,0,0,0,1,R000744,5.2311371049993225
CTGAN_000399,attack,error,272,52,5,39,0,0,22,4,3,2,0,0,0,0,1,0,0,0,2,0,0,2,0,28,0.1259872019290924,0.4055030345916748,0.11965848505496979,3.9812145233154297,62,2.632723331451416,17,4,0,0,0,1,1,0,0,1,R000398,5.28924811047828
CTGAN_000400,attack,error,252,97,0,148,0,0,43,5,0,2,0,0,2,1,0,0,1,1,0,1,0,0,0,25,0.17035645246505737,0.4183869957923889,0.13202019035816193,3.520017147064209,105,2.490971326828003,12,6,1,1,0,0,0,0,0,1,R000185,7.243707137002788
CTGAN_000401,attack,error,371,46,53,110,0,0,6,3,0,1,1,0,1,1,0,0,0,0,3,0,0,0,0,20,0.1455240100622177,0.3542758524417877,0.11063997447490692,3.9174816608428955,56,2.3153676986694336,19,4,1,0,0,0,0,0,2,1,R000398,6.127685346170617
CTGAN_000402,attack,error,346,98,0,121,0,5,20,0,0,2,2,0,1,0,0,2,0,0,0,1,0,0,1,19,0.17454466223716736,0.4179914891719818,0.13598495721817017,3.4003238677978516,64,1.829669713973999,11,12,0,0,0,1,0,0,1,1,R000636,7.074216655261538
CTGAN_000403,attack,error,217,101,34,82,4,0,43,6,0,2,2,0,1,1,0,0,0,2,3,0,0,0,0,53,0.137178435921669,0.38560137152671814,0.13033580780029297,3.8987433910369873,47,1.878949522972107,11,5,1,0,0,1,0,0,0,1,R000812,6.336640183085227
CTGAN_000404,attack,error,316,59,30,83,0,0,10,4,0,3,0,0,1,28,0,2,1,1,2,0,0,1,1,26,0.01054674107581377,0.3580978512763977,0.10914500057697296,3.7294564247131348,94,1.7849539518356323,11,6,0,1,0,1,0,0,2,1,R000575,7.035708181715674
CTGAN_000405,attack,error,414,53,38,81,0,0,23,3,0,3,2,0,0,1,0,0,0,3,0,0,0,0,0,13,0.18080948293209076,0.4079350531101227,0.17385299503803253,3.7047390937805176,50,2.152303457260132,11,6,0,2,0,0,0,0,3,1,R000797,6.31866670054265
CTGAN_000406,attack,error,378,38,31,69,1,0,6,0,1,3,0,0,1,0,0,2,0,0,2,1,0,0,0,22,0.08640779554843903,0.37602195143699646,0.11169397085905075,3.6110057830810547,53,2.0466835498809814,13,4,1,0,0,0,0,0,1,1,R000768,7.002861271257142
CTGAN_000407,attack,error,185,109,46,88,0,0,6,0,2,2,0,0,0,0,0,0,0,1,0,0,0,0,1,11,0.14363065361976624,0.42340049147605896,0.16936615109443665,3.617960214614868,56,1.8085414171218872,8,8,0,1,0,1,0,0,2,1,R000797,6.050510857018904
CTGAN_000408,attack,error,405,59,36,121,0,0,4,3,3,2,0,0,0,17,1,0,0,2,0,0,0,2,0,16,0.12859395146369934,0.3182177245616913,0.16666275262832642,3.6516666412353516,44,2.3494579792022705,11,5,0,0,1,0,0,0,3,1,R000334,7.383141348971501
CTGAN_000409,attack,error,369,102,37,115,1,5,26,0,2,1,2,0,0,0,0,2,0,2,0,0,0,1,0,24,0.08105025440454483,0.3581085801124573,0.16129562258720398,3.4912362098693848,106,2.179543972015381,8,4,1,0,0,0,2,0,2,1,R000689,7.312591364554406
CTGAN_000410,attack,error,409,64,26,117,4,0,44,6,1,2,2,0,1,1,1,2,0,3,3,0,0,0,1,13,0.18917685747146606,0.36492210626602173,0.1374889314174652,3.9928090572357178,19,1.8176748752593994,11,4,0,0,0,0,1,0,1,1,R000927,7.301064148998509
CTGAN_000411,attack,error,223,41,32,95,1,0,13,3,2,2,0,0,0,0,1,0,0,1,0,0,0,0,1,84,0.1987369805574417,0.4532279670238495,0.14570045471191406,4.081310272216797,62,1.9460171461105347,17,12,0,1,0,0,0,0,0,1,R000719,5.869616987886323
CTGAN_000412,attack,error,295,47,46,67,4,0,30,0,1,2,1,0,0,1,0,0,0,1,0,0,0,0,1,15,0.21174050867557526,0.3709185719490051,0.11063970625400543,3.9692885875701904,97,2.385511636734009,12,4,0,0,0,1,0,1,0,1,R000748,4.484355849019861
CTGAN_000413,attack,error,168,55,36,174,0,0,18,4,0,2,1,0,0,30,0,0,0,0,0,0,0,0,1,20,0.1359112411737442,0.4316946566104889,0.1486273556947708,3.73622989654541,56,2.477888345718384,11,4,0,0,0,0,0,0,2,1,R000797,4.695959674444946
CTGAN_000414,attack,error,187,123,60,42,4,0,32,4,0,3,0,0,1,0,1,0,0,3,2,0,0,0,1,19,0.11533783376216888,0.3645749092102051,0.18271435797214508,3.8393595218658447,62,2.469104051589966,11,6,0,1,0,1,0,0,0,1,R000696,6.163407674646196
CTGAN_000415,attack,error,235,105,32,96,4,1,22,1,0,3,2,0,2,0,0,0,0,0,0,0,0,0,0,38,0.2789522111415863,0.38837161660194397,0.1434728056192398,3.5177407264709473,42,2.0379111766815186,12,13,0,1,0,1,1,0,0,1,R000719,5.680744665727274
CTGAN_000416,attack,error,459,77,47,96,4,5,28,5,0,2,2,0,0,0,0,0,0,2,0,1,0,0,0,68,0.006396139040589333,0.37800654768943787,0.12468181550502777,3.752108097076416,86,1.8033363819122314,7,2,0,2,0,0,0,0,0,1,R000133,6.946010293780147
CTGAN_000417,attack,error,169,32,28,138,0,4,7,3,0,2,0,0,1,0,0,0,0,1,0,0,0,0,0,25,0.0,0.3341555893421173,0.15199150145053864,3.6616411209106445,50,2.734180212020874,6,4,0,0,0,0,0,0,3,1,R000418,5.793013307895677
CTGAN_000418,attack,error,313,43,53,196,1,4,19,3,0,1,2,0,0,23,0,0,0,0,0,0,0,1,1,11,0.12387825548648834,0.42037269473075867,0.17053847014904022,3.3831870555877686,51,1.8821728229522705,12,5,0,0,0,0,0,0,0,1,R000770,5.103985235581251
CTGAN_000419,attack,error,350,94,38,94,1,0,20,5,3,2,2,0,1,0,0,0,0,1,0,0,0,0,1,71,0.11313161998987198,0.40755414962768555,0.12541987001895905,4.034750461578369,104,2.143076181411743,8,4,0,2,0,1,0,0,0,1,R000748,5.983811659307742
CTGAN_000420,attack,error,204,68,44,38,0,0,12,0,1,2,2,0,0,0,1,2,0,2,2,0,0,0,0,35,0.13290122151374817,0.33381420373916626,0.16413070261478424,3.877535104751587,52,2.1950528621673584,12,4,0,0,0,0,0,0,1,1,R000768,5.788639489336167
CTGAN_000421,attack,error,383,94,38,132,0,0,6,0,3,3,0,0,0,23,0,0,0,1,0,0,0,2,0,51,0.07935860753059387,0.4181572198867798,0.1573527306318283,3.691366195678711,48,2.7380731105804443,12,4,0,0,1,0,2,0,1,1,R000463,7.551651563706151
CTGAN_000422,attack,error,229,116,30,102,4,0,20,5,0,2,0,0,0,25,1,0,0,3,0,0,0,0,0,50,0.19210821390151978,0.35185006260871887,0.13313668966293335,3.3471827507019043,25,2.19254732131958,7,4,1,1,1,0,0,0,2,1,R000334,7.174670969305108
CTGAN_000423,attack,error,375,70,37,99,0,0,40,6,0,2,2,0,0,0,0,0,0,1,0,0,0,2,0,26,0.13812214136123657,0.4178047776222229,0.1571456640958786,3.9490530490875244,53,1.7764859199523926,12,7,0,0,0,1,2,0,0,1,R000984,5.6357597128693895
CTGAN_000424,attack,error,355,86,41,69,4,0,37,6,0,3,2,0,0,0,0,0,0,3,0,1,0,0,1,21,0.2202417254447937,0.35535597801208496,0.1650334894657135,3.6809463500976562,33,2.32014799118042,8,14,0,3,0,0,0,0,1,1,R000087,7.642370550896972
CTGAN_000425,attack,error,391,116,54,130,4,1,4,5,0,3,2,0,3,18,0,0,1,2,0,1,0,0,0,9,0.20724619925022125,0.3951669931411743,0.14128509163856506,3.3347959518432617,105,2.5089075565338135,12,4,0,0,0,1,0,0,0,1,R000812,7.883701601206646
CTGAN_000426,attack,error,379,80,0,101,3,4,27,3,0,1,0,0,2,0,0,0,0,2,0,0,0,0,1,17,0.12651176750659943,0.3386078476905823,0.14077995717525482,3.996634006500244,92,2.3795738220214844,16,4,0,0,0,0,0,0,2,1,R000472,6.472658628582961
CTGAN_000427,attack,error,199,132,53,79,2,0,28,5,0,3,0,0,3,0,1,0,0,0,3,0,0,2,1,15,0.19439612329006195,0.32662177085876465,0.12564466893672943,3.613802671432495,58,2.474677562713623,11,5,1,1,0,1,0,0,0,1,R000655,6.93673393967113
CTGAN_000428,attack,error,274,77,40,50,0,5,25,4,1,2,0,0,0,0,0,0,0,0,0,0,0,2,1,19,0.18828099966049194,0.35832086205482483,0.1818079799413681,3.5919721126556396,24,1.9398430585861206,11,14,0,2,0,1,0,0,0,0,R000418,6.8111203643260705
CTGAN_000429,attack,error,351,91,34,112,0,0,12,5,0,2,0,0,3,21,0,0,0,1,0,0,0,1,1,32,0.1336243599653244,0.3487217128276825,0.16728873550891876,3.9562079906463623,61,1.872204065322876,7,3,0,0,0,0,0,0,2,1,R000151,6.157266776150569
CTGAN_000430,attack,error,131,67,39,90,1,0,17,5,2,1,1,0,2,21,0,0,0,2,0,0,0,2,0,23,0.0,0.3745047152042389,0.11437857896089554,3.7518362998962402,52,1.8025161027908325,11,3,1,0,0,0,0,2,1,1,R000742,7.312349273114024
CTGAN_000431,attack,error,157,86,40,46,4,0,18,0,3,1,1,0,0,0,0,0,0,0,0,0,0,1,0,79,0.13063471019268036,0.37123963236808777,0.13343997299671173,3.3876729011535645,67,2.4532601833343506,17,7,0,3,0,0,0,2,0,1,R000270,6.446831682482319
CTGAN_000432,attack,error,359,113,52,76,0,0,13,0,0,1,0,0,2,22,2,0,0,0,2,0,0,0,0,28,0.19417773187160492,0.39190033078193665,0.17409658432006836,3.865264892578125,22,1.9296720027923584,7,4,0,1,0,1,0,0,1,0,R000120,6.889340272504536
CTGAN_000433,attack,error,180,105,47,23,3,0,21,4,3,1,1,0,1,0,0,0,0,3,0,0,0,0,0,13,0.16227324306964874,0.42782968282699585,0.1172792911529541,3.130281448364258,71,1.7121256589889526,7,15,0,0,0,0,0,0,0,1,R000937,6.731191093472903
CTGAN_000434,attack,error,336,100,46,80,0,4,15,5,1,2,0,0,1,0,0,0,0,0,2,0,0,0,0,26,0.18101294338703156,0.2974661588668823,0.10286293923854828,3.712026357650757,38,1.8913854360580444,16,11,0,0,1,0,0,0,0,1,R000752,5.993275008560823
CTGAN_000435,attack,error,224,110,39,124,4,0,16,5,1,2,2,0,0,1,0,0,0,1,3,0,0,0,0,15,0.20277567207813263,0.3483092784881592,0.1702679693698883,3.9722354412078857,55,1.9797627925872803,11,3,0,0,0,0,0,0,1,1,R000579,5.027018340814852
CTGAN_000436,attack,error,382,127,43,180,0,0,9,3,0,1,1,0,0,0,0,0,0,0,2,0,0,0,1,11,0.12668684124946594,0.3871161639690399,0.1174028292298317,3.927096128463745,114,1.9212055206298828,11,11,0,0,0,0,0,0,0,1,R000817,5.391584269269848
CTGAN_000437,attack,error,178,103,54,91,4,0,20,6,3,1,1,0,0,0,0,0,0,0,0,0,0,0,1,14,0.1382857859134674,0.3442246615886688,0.10708850622177124,3.8236849308013916,109,2.3140227794647217,11,6,0,0,0,0,0,0,2,1,R000136,5.751734297384363
CTGAN_000438,attack,error,269,58,54,46,4,0,7,1,0,1,0,0,3,27,0,0,0,0,0,0,0,0,0,46,0.11819323897361755,0.33955633640289307,0.0884288102388382,3.3721303939819336,107,2.3134634494781494,11,4,0,2,0,0,0,0,1,1,R000124,6.4266296042818825
CTGAN_000439,attack,error,328,107,26,41,4,0,7,0,0,2,0,0,2,20,0,2,0,0,0,0,0,0,0,51,0.10490794479846954,0.3730769455432892,0.18145154416561127,4.046375274658203,48,2.284207820892334,11,7,0,1,0,0,0,0,1,1,R000768,5.74688202619238
CTGAN_000440,attack,error,136,92,30,80,4,1,21,0,0,2,0,0,0,1,0,0,0,1,2,0,0,0,1,36,0.16027800738811493,0.3914037048816681,0.1259523332118988,3.821197509765625,104,2.83007550239563,19,4,0,1,0,0,0,1,0,1,R000762,5.2703785307448925
CTGAN_000441,attack,error,156,58,47,123,4,0,9,1,0,2,0,0,0,21,0,0,0,2,4,0,0,0,0,59,0.20015069842338562,0.3657569885253906,0.151366725564003,3.846693754196167,25,1.8454244136810303,11,4,1,0,1,0,0,0,1,1,R000334,6.809434466158277
CTGAN_000442,attack,error,370,113,28,166,0,4,14,0,1,3,1,0,3,0,0,0,0,0,0,0,0,2,1,14,0.14186201989650726,0.32397711277008057,0.13640016317367554,3.2986886501312256,56,2.361905813217163,10,4,0,2,1,0,0,0,0,0,R000703,8.534565484340778
CTGAN_000443,attack,error,426,38,31,111,1,1,34,0,0,1,2,0,2,0,0,2,0,0,0,0,0,0,1,61,0.18218381702899933,0.33514562249183655,0.17733065783977509,3.673964262008667,72,1.897841453552246,11,15,1,1,0,0,0,0,2,1,R000151,8.113661968795366
CTGAN_000444,attack,error,306,38,38,135,2,0,6,5,1,2,0,0,0,0,3,0,0,1,0,0,0,0,1,7,0.1914776712656021,0.4174792766571045,0.15866044163703918,3.9058938026428223,54,2.372012138366699,11,4,0,1,1,0,2,0,2,1,R000334,6.425336432511678
CTGAN_000445,attack,error,148,76,0,141,4,0,21,4,0,2,0,0,1,0,0,0,0,0,3,0,0,1,0,28,0.18424943089485168,0.38328590989112854,0.12016411870718002,3.946047067642212,32,1.7138649225234985,11,5,0,0,0,0,0,0,0,1,R000589,4.413514416055086
CTGAN_000446,attack,error,245,84,39,169,0,0,17,5,0,2,1,1,0,23,0,0,0,0,2,0,0,0,1,20,0.13976553082466125,0.39215677976608276,0.15900203585624695,3.7243456840515137,50,2.6929383277893066,7,9,0,0,0,0,0,0,0,1,R001035,6.929626269893659
CTGAN_000447,attack,error,416,116,31,61,0,1,16,1,2,2,2,0,2,20,0,0,0,0,0,1,0,0,0,15,0.1701010763645172,0.32614269852638245,0.1685856282711029,3.5884947776794434,97,1.8448200225830078,8,13,0,0,0,1,0,0,1,1,R000133,7.584539547531407
CTGAN_000448,attack,error,186,66,35,170,1,4,16,2,2,2,0,0,0,1,0,0,0,3,3,0,0,2,0,21,0.044859595596790314,0.4166230857372284,0.18273760378360748,4.204590320587158,32,1.9403917789459229,12,14,0,0,0,0,1,0,0,1,R000583,6.45982880857482
CTGAN_000449,attack,error,318,57,58,46,4,0,7,0,3,2,0,0,0,0,0,0,0,0,0,0,0,0,0,12,0.23869292438030243,0.3264947235584259,0.11711481213569641,3.6209731101989746,57,2.137338399887085,11,4,0,1,0,1,0,0,0,1,R000098,4.7671139356560275
CTGAN_000450,attack,error,379,115,33,39,0,0,44,5,0,2,0,0,0,20,0,2,0,1,0,0,0,2,0,16,0.2830846905708313,0.3823833167552948,0.11520694941282272,3.7653143405914307,97,2.39108943939209,11,6,0,2,1,0,0,1,1,1,R000488,7.782344966210879
CTGAN_000451,attack,error,225,51,30,64,0,0,8,1,0,3,0,0,0,0,0,0,0,2,0,0,0,0,0,54,0.15286944806575775,0.4349660575389862,0.1749582439661026,3.8672866821289062,49,2.0028395652770996,11,4,0,0,0,1,0,0,3,1,R000616,5.547418701932355
CTGAN_000452,attack,error,267,107,39,34,0,0,12,5,2,2,0,0,0,1,1,0,0,2,0,0,0,1,1,59,0.09827115386724472,0.3870163559913635,0.12713198363780975,4.015397548675537,76,2.604701280593872,12,4,0,2,0,0,2,2,2,1,R000970,6.743388131356653
CTGAN_000453,attack,error,145,86,45,57,4,0,30,0,0,2,1,0,0,18,0,0,0,0,0,0,0,0,0,28,0.035504281520843506,0.4114532470703125,0.1098368763923645,3.695718288421631,19,1.7918808460235596,16,3,0,1,0,0,0,0,3,1,R001029,6.069806070770199
CTGAN_000454,attack,error,423,105,51,83,2,0,29,6,0,1,0,0,2,0,0,0,0,0,2,0,0,2,1,27,0.2089887112379074,0.4200051724910736,0.13976462185382843,3.6943070888519287,45,2.359445333480835,8,4,1,0,0,1,0,0,0,1,R000848,6.422805883162458
CTGAN_000455,attack,error,305,77,43,50,1,0,32,5,0,2,0,0,2,19,0,0,0,0,5,0,0,0,0,61,0.10834917426109314,0.3449172079563141,0.1612406075000763,3.5273234844207764,48,2.2163546085357666,11,4,0,1,1,1,0,0,0,0,R000120,7.1681441959123005
CTGAN_000456,attack,error,235,126,0,105,0,1,17,1,1,3,1,0,0,0,0,0,0,0,0,0,0,2,1,29,0.1776047796010971,0.3375746011734009,0.09503278136253357,3.724621534347534,81,1.8277405500411987,11,6,0,1,1,0,0,2,1,1,R000591,7.141080645614603
CTGAN_000457,attack,error,383,62,31,53,4,1,26,1,0,2,0,1,2,0,0,0,0,0,0,0,0,0,0,35,0.2039783000946045,0.38359132409095764,0.10943546891212463,3.8834173679351807,74,2.8231329917907715,11,5,0,0,0,0,0,1,0,1,R000579,6.697416765012357
CTGAN_000458,attack,error,255,68,20,66,0,0,25,5,0,2,0,0,3,18,0,0,0,0,0,1,0,0,1,70,0.14652866125106812,0.334664911031723,0.07714403420686722,3.6947412490844727,43,1.8790004253387451,16,5,0,1,0,0,0,1,0,1,R000087,7.311744266577066
CTGAN_000459,attack,error,131,73,37,144,1,0,25,1,2,2,0,0,2,0,0,0,0,1,0,0,0,2,1,21,0.16217654943466187,0.35990869998931885,0.17761635780334473,3.835775852203369,44,2.289513349533081,11,4,0,0,0,0,1,1,2,1,R000830,5.793043018758278
CTGAN_000460,attack,error,402,113,2,45,1,0,38,5,2,2,2,0,0,0,0,0,0,0,0,0,0,2,1,20,0.11995428055524826,0.34780603647232056,0.10190809518098831,3.719688892364502,60,2.5016767978668213,18,3,0,1,0,0,0,0,1,1,R000280,5.380231813565495
CTGAN_000461,attack,error,257,101,31,117,3,0,19,3,0,3,0,0,1,23,1,0,0,3,3,0,0,0,0,49,0.2004685252904892,0.37230682373046875,0.14449921250343323,4.169419765472412,110,1.981489658355713,18,13,0,1,0,0,0,0,1,1,R000153,5.9417360556691365
CTGAN_000462,attack,error,397,40,61,102,3,0,10,6,0,2,0,0,0,0,0,0,0,2,0,0,0,0,0,11,0.17078088223934174,0.44741901755332947,0.12187383323907852,3.7151405811309814,63,1.6745593547821045,13,7,0,2,0,0,0,0,1,1,R000430,5.019295309561846
CTGAN_000463,attack,error,254,27,26,47,1,1,12,0,0,1,1,0,1,0,0,0,0,1,0,0,0,1,1,51,0.10708387196063995,0.4265236556529999,0.10948251932859421,3.838531970977783,101,1.999840259552002,11,4,0,1,0,1,0,0,0,1,R000199,4.95415276887188
CTGAN_000464,attack,error,371,73,28,160,4,1,35,0,0,2,2,0,3,21,0,0,0,2,0,0,0,0,1,55,0.16087764501571655,0.30321067571640015,0.15079611539840698,3.8043689727783203,18,2.221090078353882,5,3,0,3,0,0,0,0,1,1,R000366,7.125673086476314
CTGAN_000465,attack,error,374,109,30,79,1,0,23,5,2,3,2,0,2,30,2,0,1,1,0,0,0,0,0,54,0.1031201034784317,0.3468073010444641,0.10913050174713135,4.014496326446533,50,2.506568431854248,18,4,0,2,0,0,0,0,0,1,R000859,7.216363417025323
CTGAN_000466,attack,error,416,101,17,110,0,1,8,6,1,2,2,0,0,0,0,0,0,1,0,0,0,1,1,17,0.13277576863765717,0.3795643746852875,0.1447708010673523,3.4951908588409424,97,3.7250418663024902,19,7,0,1,1,0,1,0,2,1,R000922,6.78698924434902
CTGAN_000467,attack,error,410,111,52,61,0,4,38,1,1,1,2,0,0,0,0,0,0,2,0,0,0,0,1,15,0.22977879643440247,0.3986789584159851,0.11941153556108475,3.975182294845581,43,1.930247187614441,17,6,1,0,1,1,2,1,1,1,R000591,7.484582592512948
CTGAN_000468,attack,error,361,97,34,66,3,0,36,6,0,2,0,0,0,0,1,0,0,0,2,0,0,0,0,9,0.14039142429828644,0.38015836477279663,0.1461547464132309,3.7570338249206543,39,2.1185760498046875,17,8,0,0,0,0,0,0,2,1,R000395,4.709059419910342
CTGAN_000469,attack,error,266,154,62,150,1,0,8,5,0,2,0,0,2,0,0,0,0,0,0,0,0,0,0,20,0.05322971194982529,0.38834652304649353,0.16068395972251892,3.536529779434204,124,1.9131171703338623,7,4,0,0,0,0,0,1,0,1,R000158,5.8539354724622115
CTGAN_000470,attack,error,344,115,41,156,0,0,19,2,0,2,0,0,3,0,0,0,0,0,0,0,0,0,0,31,0.2136690765619278,0.36311888694763184,0.17629161477088928,3.6807007789611816,42,2.03942608833313,7,7,0,0,0,0,0,0,2,1,R000463,5.6728208067364525
CTGAN_000471,attack,error,267,58,39,153,3,0,13,5,0,2,2,0,0,21,0,0,1,1,0,0,0,0,1,22,0.22493617236614227,0.32537421584129333,0.09838113933801651,3.7027089595794678,57,2.298964500427246,11,4,0,0,0,1,0,0,2,1,R000218,4.988008410425386
CTGAN_000472,attack,error,331,102,32,54,0,0,15,1,0,2,0,0,0,18,1,0,0,3,5,0,0,0,0,24,0.15709462761878967,0.45954030752182007,0.09471974521875381,4.1306843757629395,129,3.333404302597046,11,7,1,1,0,0,0,0,0,1,R000165,7.660167710382814
CTGAN_000473,attack,error,148,87,0,184,4,0,27,5,2,2,0,0,0,22,0,2,1,0,0,0,0,0,1,14,0.033618442714214325,0.40540260076522827,0.1545887291431427,3.6261112689971924,54,2.565047264099121,18,9,0,0,1,1,0,3,1,1,R000645,7.526808089242799
CTGAN_000474,attack,error,338,80,31,118,1,0,20,0,0,3,0,0,1,1,0,0,0,0,0,0,0,0,1,43,0.13955388963222504,0.46983420848846436,0.14375458657741547,4.3535075187683105,114,1.7826895713806152,7,4,0,0,0,0,1,0,3,1,R000676,6.052782477999862
CTGAN_000475,attack,error,118,85,32,128,0,0,12,3,3,2,1,0,2,0,0,0,0,0,0,0,0,2,0,27,0.2624359428882599,0.43122902512550354,0.16673456132411957,3.247976303100586,125,2.664767265319824,7,4,0,0,0,0,0,0,2,1,R000941,6.2349970642902965
CTGAN_000476,attack,error,385,125,40,200,1,0,20,3,3,3,0,0,2,0,0,0,0,1,0,0,0,0,0,19,0.07922686636447906,0.40222159028053284,0.08936532586812973,3.5947704315185547,39,2.167308807373047,12,4,0,1,1,1,0,1,0,1,R000050,6.935940446523363
CTGAN_000477,attack,error,190,56,28,208,4,0,34,5,0,3,2,0,1,0,0,0,0,3,0,0,0,0,0,16,0.15475207567214966,0.3644707500934601,0.10390754044055939,3.9712367057800293,52,1.9872697591781616,11,4,1,0,1,0,0,0,1,1,R000548,7.499303697987732
CTGAN_000478,attack,error,189,50,31,81,0,0,25,1,0,1,0,0,0,0,0,0,0,0,2,0,0,0,1,18,0.08190445601940155,0.33127427101135254,0.17027568817138672,3.770336866378784,48,2.188667058944702,11,13,0,0,0,0,1,2,0,1,R000719,5.825852405139834
CTGAN_000479,attack,error,351,31,32,196,1,1,13,5,2,2,0,0,1,0,0,0,0,1,2,0,0,0,1,60,0.2904895544052124,0.5118515491485596,0.16320233047008514,4.117135047912598,42,1.893484354019165,8,2,0,0,0,0,0,0,1,1,R000984,6.691038690647226
CTGAN_000480,attack,error,185,90,40,192,0,0,11,5,0,3,0,0,0,0,1,0,0,1,0,0,0,0,0,51,0.15565069019794464,0.3752868175506592,0.1341756135225296,3.5367047786712646,44,2.7824738025665283,11,7,0,0,0,1,0,0,1,0,R000290,5.49377428469116
CTGAN_000481,attack,error,133,72,31,60,1,0,12,4,1,3,1,0,0,18,1,0,0,2,0,1,0,0,1,15,0.17884324491024017,0.4746874272823334,0.14527174830436707,3.5843617916107178,37,1.9119256734848022,11,12,0,0,0,0,0,1,1,1,R000797,6.05099980844503
CTGAN_000482,attack,error,249,52,0,171,0,0,18,1,2,2,0,0,0,0,0,0,0,0,2,0,0,0,0,51,0.17956237494945526,0.396282434463501,0.13145507872104645,3.79097580909729,103,2.4037020206451416,16,10,0,2,0,0,0,1,1,1,R000705,6.159162094599811
CTGAN_000483,attack,error,243,117,30,89,3,0,29,3,0,1,1,0,0,21,0,2,0,0,0,0,0,0,0,26,0.2718936800956726,0.3256191313266754,0.15313175320625305,3.7035248279571533,45,2.175259828567505,11,4,0,2,0,0,0,0,3,1,R000164,6.2285191852602395
CTGAN_000484,attack,error,261,63,49,131,0,0,5,3,0,2,0,0,1,0,2,0,0,0,0,0,0,0,1,57,0.12406715750694275,0.311506986618042,0.0957266092300415,4.181016445159912,47,2.5152511596679688,7,7,0,1,0,0,0,0,3,1,R000621,6.266058312740546
CTGAN_000485,attack,error,209,96,38,89,1,0,20,5,0,2,2,0,3,0,1,0,0,0,0,1,0,0,1,26,0.09959636628627777,0.3379780650138855,0.13053035736083984,4.094886779785156,106,1.7069388628005981,7,5,0,0,0,0,0,0,3,1,R000087,7.2149379159589895
CTGAN_000486,attack,error,189,89,0,99,1,4,22,0,3,1,0,0,2,0,0,0,0,0,0,1,0,0,1,73,0.10498224943876266,0.39282405376434326,0.11672955006361008,4.88029670715332,37,2.1621100902557373,6,6,0,0,1,0,0,0,0,1,R000752,8.55624125624888
CTGAN_000487,attack,error,348,132,29,104,0,0,14,0,0,2,1,0,2,19,0,0,1,0,0,1,0,2,0,25,0.2051447629928589,0.4019179940223694,0.17143693566322327,3.8806965351104736,49,2.1633589267730713,11,4,0,0,0,1,0,0,3,1,R000859,7.453109624320519
CTGAN_000488,attack,error,186,66,31,55,2,0,28,3,2,2,2,0,2,0,1,0,0,3,0,0,0,0,0,24,0.21121589839458466,0.3602364659309387,0.12457938492298126,3.9768178462982178,107,2.375157356262207,7,5,0,0,0,0,0,0,0,1,R000087,5.960871830231951
CTGAN_000489,attack,error,216,84,37,78,2,0,33,4,1,2,2,0,0,0,0,0,0,2,0,0,0,2,1,53,0.15203171968460083,0.35287460684776306,0.18291455507278442,3.7192182540893555,45,2.6266632080078125,15,4,1,0,0,1,0,1,0,1,R000655,6.2456625804371
CTGAN_000490,attack,error,263,129,42,163,4,0,33,1,0,2,2,0,1,1,0,0,0,0,0,0,0,0,0,27,0.23052892088890076,0.39863309264183044,0.14976316690444946,4.1236982345581055,44,1.9072563648223877,6,4,0,0,0,0,1,0,2,1,R000366,5.297262269449007
CTGAN_000491,attack,error,399,91,35,42,2,0,18,1,1,2,1,0,0,23,0,0,0,1,3,0,0,2,1,16,0.2782275676727295,0.36249884963035583,0.166077122092247,4.078958511352539,92,1.9265623092651367,8,4,1,3,0,0,0,1,3,1,R000087,8.237132579405396
CTGAN_000492,attack,error,451,65,28,98,1,4,22,4,0,2,0,0,0,21,1,0,0,2,0,0,0,0,0,51,0.16227617859840393,0.4252468943595886,0.106740802526474,3.4390738010406494,98,2.5338287353515625,11,4,0,0,0,1,0,1,2,1,R000121,5.100149171062984
CTGAN_000493,attack,error,437,43,34,163,3,0,10,0,1,2,1,0,0,20,0,0,1,0,0,0,0,1,0,20,0.12555727362632751,0.29119306802749634,0.09294453263282776,3.8090932369232178,55,2.049210548400879,16,4,0,0,0,0,0,1,1,1,R000859,5.989028098723973
CTGAN_000494,attack,error,375,96,33,122,0,0,16,4,0,2,1,0,0,0,0,0,0,1,3,0,0,0,0,50,0.14592324197292328,0.375168114900589,0.12945502996444702,3.7355382442474365,79,2.763171672821045,11,4,0,0,0,0,0,0,0,1,R000814,4.412866394144779
CTGAN_000495,attack,error,180,108,29,89,0,4,29,6,0,2,0,0,3,0,0,0,0,1,3,1,0,0,0,19,0.1616576910018921,0.35595259070396423,0.17596770823001862,3.608705997467041,93,2.2421762943267822,12,3,0,1,1,0,0,0,1,1,R000703,6.994409448295588
CTGAN_000496,attack,error,229,76,36,120,0,0,20,0,0,1,0,0,0,22,0,0,0,0,0,0,0,0,0,19,0.11024978756904602,0.429988831281662,0.08870185911655426,3.68261981010437,108,2.628692150115967,11,3,1,2,0,0,0,0,2,1,R000290,6.450498935440899
CTGAN_000497,attack,error,131,64,54,37,0,0,35,6,0,1,0,0,0,18,0,0,0,0,0,0,0,0,0,21,0.11550984531641006,0.4831468462944031,0.11639364808797836,3.6386609077453613,118,2.175799608230591,12,3,1,1,0,1,0,1,0,1,R000290,6.053999438785052
CTGAN_000498,attack,error,347,119,56,60,1,4,30,4,0,0,0,0,0,0,2,2,0,0,0,0,0,0,1,26,0.16876333951950073,0.35568302869796753,0.13639788329601288,3.8310253620147705,50,2.66326642036438,16,13,0,1,1,0,0,0,0,1,R000306,6.878677501743674
CTGAN_000499,attack,error,210,78,37,105,1,1,11,5,1,3,2,0,1,0,0,0,0,2,1,0,0,2,1,68,0.12790869176387787,0.4034496247768402,0.17352943122386932,3.727879524230957,92,2.695159912109375,12,4,0,0,0,1,1,2,2,1,R000984,6.091236543256707
CTGAN_000500,attack,error,293,96,32,33,0,0,29,5,0,3,1,0,1,19,0,0,0,1,0,0,0,2,0,18,0.17152155935764313,0.39679694175720215,0.16604435443878174,3.7743072509765625,95,2.4883687496185303,6,4,1,0,0,1,0,0,1,1,R000830,6.521310464068247
