id,label,payload_type,payload,retrieval_method,retrieval_source_id,retrieval_distance,length,num_unique_chars,entropy,alpha_count,digit_count,space_count,punct_count,alpha_ratio,digit_ratio,space_ratio,punct_ratio,single_quote_count,double_quote_count,dash_count,slash_count,star_count,equals_count,semicolon_count,paren_count,percent_count,underscore_count,comma_count,operator_count,has_single_quote,has_double_quote,has_comment_dashdash,has_comment_hash,has_comment_block,has_equal,has_parentheses,has_semicolon,has_percent_encoding,has_hex_literal,has_concat_operator,kw_select,kw_union,kw_where,kw_from,kw_and,kw_or,kw_insert,kw_update,kw_delete,kw_drop,kw_create,kw_alter,kw_sleep,kw_benchmark,kw_waitfor,kw_delay,kw_information_schema,kw_table,kw_column,kw_database,kw_cast,kw_convert,kw_concat,kw_substr,kw_substring,kw_ascii,kw_char,kw_load_file,kw_outfile,kw_exec,kw_order,kw_by,kw_exists,kw_case,kw_when,keyword_total
SMOTE_000001,attack,union,"-1988 where 4597  =  4597 union all select 4597,4597,4597,4597,4597,4597--",nearest_attack_euclidean,R000301,0.7378349062366807,72.81275021837925,23.296812445405187,3.9822646933129806,19.0,34.81275021837924,10.0,9.0,0.2611115339480298,0.47777693210394045,0.137427123130542,0.1236844108174878,0.296812445405189,0.0,3.0,0.0,0.0,1.0,0.0,0.0,0.0,0.0,4.703187554594811,4.0,0.29681244540518903,0.0,1.0,0.0,0.0,1.0,0.0,0.0,0.0,0.0,0.0,1.0,1.0,1.0,0.0,0.0,0.0,0.0,0.0,0.0,0.0,0.0,0.0,0.0,0.0,0.0,0.0,0.0,0.0,0.0,0.0,0.0,0.0,0.0,0.0,0.0,0.0,0.0,0.0,0.0,0.0,0.0,0.0,0.0,0.0,0.0,3.0
SMOTE_000002,attack,union,"1%"" union all select null,null,null,null,null,null,null,null,null--",nearest_attack_euclidean,R000216,0.8405960209733984,67.0,16.311130926973938,3.1319584657420783,48.75547629210425,1.0,5.244523707895745,12.0,0.7276936760015561,0.014925373134328318,0.0782764732521753,0.1791044776119403,0.0,1.0,2.0,0.0,0.0,0.0,0.0,0.3111309269739362,1.0,0.0,7.688869073026064,2.0,0.0,1.0,1.0,0.0,0.0,0.0,0.31113092697393613,0.0,0.0,0.0,0.0,1.0,1.0,0.0,0.0,0.0,0.0,0.0,0.0,0.0,0.0,0.0,0.0,0.0,0.0,0.0,0.0,0.0,0.0,0.0,0.0,0.0,0.0,0.0,0.0,0.0,0.0,0.0,0.0,0.0,0.0,0.0,0.0,0.0,0.0,0.0,2.0
SMOTE_000003,attack,union,"1'  )   union all select null,null,null,null,null,null,null,null,null,null--",nearest_attack_euclidean,R000155,0.3258854241433904,75.51096894351797,16.12225776412051,3.0816360985311,53.510968943517966,1.0,8.0,13.0,0.7085601821559567,0.013247264447456497,0.1059781155796521,0.17221443781693466,1.0,0.0,2.0,0.0,0.0,0.0,0.0,1.0,0.1222577641205087,0.0,8.877742235879492,2.0,1.0,0.0,1.0,0.0,0.0,0.0,1.0,0.0,0.0,0.0,0.0,1.0,1.0,0.0,0.0,0.0,0.0,0.0,0.0,0.0,0.0,0.0,0.0,0.0,0.0,0.0,0.0,0.0,0.0,0.0,0.0,0.0,0.0,0.0,0.0,0.0,0.0,0.0,0.0,0.0,0.0,0.0,0.0,0.0,0.0,0.0,2.0
SMOTE_000004,attack,union,"-3250%"" union all select 7162,7162,7162,7162,7162,7162,7162,7162,7162--",nearest_attack_euclidean,R000234,0.5382142069257244,72.57197859569695,21.05681284258183,3.686211931129973,13.999999999999998,41.257582876557564,4.0,13.31439571913939,0.19310457740182405,0.5682745071178111,0.05517273640052117,0.18344817907984365,0.0,1.0,3.0,0.0,0.0,0.0,0.0,0.0,1.0,0.0,8.314395719139391,3.0,0.0,1.0,1.0,0.0,0.0,0.0,0.0,0.0,0.0,0.0,0.0,1.0,1.0,0.0,0.0,0.0,0.0,0.0,0.0,0.0,0.0,0.0,0.0,0.0,0.0,0.0,0.0,0.0,0.0,0.0,0.0,0.0,0.0,0.0,0.0,0.0,0.0,0.0,0.0,0.0,0.0,0.0,0.0,0.0,0.0,0.0,2.0
SMOTE_000005,attack,union,"-1134 union all select 1297,1297,1297,1297,1297,1297,1297,1297,1297--",nearest_attack_euclidean,R000129,0.055822854798021904,69.30293068260502,19.0,3.6563386400379536,13.999999999999998,40.24234454608401,4.0,11.060586136521003,0.20206795347503517,0.5806119362271047,0.057733700992867204,0.15958640930499296,0.0,0.0,3.0,0.0,0.0,0.0,0.0,0.0,0.0,0.0,8.060586136521003,3.0,0.0,0.0,1.0,0.0,0.0,0.0,0.0,0.0,0.0,0.0,0.0,1.0,1.0,0.0,0.0,0.0,0.0,0.0,0.0,0.0,0.0,0.0,0.0,0.0,0.0,0.0,0.0,0.0,0.0,0.0,0.0,0.0,0.0,0.0,0.0,0.0,0.0,0.0,0.0,0.0,0.0,0.0,0.0,0.0,0.0,0.0,2.0
SMOTE_000006,attack,union,"1""  )   where 2088  =  2088 union all select null,null,null,null--",nearest_attack_euclidean,R000188,0.4130968283215909,67.76730803742922,24.0,3.8858446915776605,36.41384642994337,9.0,14.0,8.353461607485842,0.5360097167088986,0.13347823312471416,0.2076328070828887,0.12287924308349849,0.0,1.0,2.0,0.0,0.0,1.0,0.0,1.0,0.0,0.0,3.3534616074858428,3.0,0.0,1.0,1.0,0.0,0.0,1.0,1.0,0.0,0.0,0.0,0.0,1.0,1.0,1.0,0.0,0.0,0.0,0.0,0.0,0.0,0.0,0.0,0.0,0.0,0.0,0.0,0.0,0.0,0.0,0.0,0.0,0.0,0.0,0.0,0.0,0.0,0.0,0.0,0.0,0.0,0.0,0.0,0.0,0.0,0.0,0.0,3.0
SMOTE_000007,attack,union,"-5066'   )    )    union all select 9689,9689,9689,9689#",nearest_attack_euclidean,R000272,0.4994869965569482,56.63046874541901,21.0,3.7300222388995237,13.999999999999998,21.68124998778402,12.739062509161984,8.210156248473004,0.2473285222651737,0.38182222288363354,0.22595670038656324,0.14489255446462956,1.0,0.0,1.0,0.0,0.0,0.0,0.0,1.7898437515269972,0.0,0.0,3.4203124969460053,1.0,1.0,0.0,0.0,1.0,0.0,0.0,1.0,0.0,0.0,0.0,0.0,1.0,1.0,0.0,0.0,0.0,0.0,0.0,0.0,0.0,0.0,0.0,0.0,0.0,0.0,0.0,0.0,0.0,0.0,0.0,0.0,0.0,0.0,0.0,0.0,0.0,0.0,0.0,0.0,0.0,0.0,0.0,0.0,0.0,0.0,0.0,2.0
SMOTE_000008,attack,union,"-6527'   )    )    union all select 5053,5053,5053,5053--",nearest_attack_euclidean,R000199,0.5843618071261146,59.74226978345297,20.725773021654703,3.723268724665354,13.999999999999998,21.096907913381187,15.096907913381186,9.548453956690594,0.23556120006065948,0.3528877599878681,0.25193295996187115,0.15961807998960123,1.0,0.0,3.0,0.0,0.0,0.0,0.0,2.274226978345297,0.0,0.0,3.2742269783452964,3.0,1.0,0.0,1.0,0.0,0.0,0.0,1.0,0.0,0.0,0.0,0.0,1.0,1.0,0.0,0.0,0.0,0.0,0.0,0.0,0.0,0.0,0.0,0.0,0.0,0.0,0.0,0.0,0.0,0.0,0.0,0.0,0.0,0.0,0.0,0.0,0.0,0.0,0.0,0.0,0.0,0.0,0.0,0.0,0.0,0.0,0.0,2.0
SMOTE_000009,attack,union,"1"" where 2878  =  2878 union all select null,null,null,null,null#",nearest_attack_euclidean,R000310,6.630441265284432,70.84524759883512,26.49634430679624,4.130943795299009,37.20146227728151,16.194150890873985,10.899268861359248,6.550365569320376,0.5319783809997491,0.22031806302116233,0.15384615384615385,0.09385740213293464,0.0,2.3489032920388713,0.0,0.0,0.0,1.0,0.0,0.0,0.0,0.0,2.6510967079611283,1.0,0.0,1.0,0.0,0.5503655693203761,0.0,1.0,0.0,0.0,0.0,0.0,0.0,1.0,1.0,0.550365569320376,0.0,0.44963443067962394,0.0,0.0,0.0,0.0,0.0,0.0,0.0,0.0,0.0,0.0,0.0,0.0,0.0,0.0,0.0,0.0,0.0,0.0,0.0,0.0,0.0,0.0,0.0,0.0,0.0,0.0,0.0,0.0,0.0,0.0,3.0
SMOTE_000010,attack,union,"-4635"" union all select 5087,5087,5087,5087,5087,5087,5087,5087,5087,5087#",nearest_attack_euclidean,R000138,0.8440699197149777,74.0,21.371186415915055,3.7077275914210945,13.999999999999998,42.74237283183011,5.257627168169887,12.0,0.1891891891891892,0.5775996328625691,0.07104901578607957,0.16216216216216217,0.0,1.0,1.0,0.0,0.0,0.0,0.0,0.3144067920424718,0.0,0.0,8.685593207957528,1.0,0.0,1.0,0.0,1.0,0.0,0.0,0.3144067920424718,0.0,0.0,0.0,0.0,1.0,1.0,0.0,0.0,0.0,0.0,0.0,0.0,0.0,0.0,0.0,0.0,0.0,0.0,0.0,0.0,0.0,0.0,0.0,0.0,0.0,0.0,0.0,0.0,0.0,0.0,0.0,0.0,0.0,0.0,0.0,0.0,0.0,0.0,0.0,2.0
SMOTE_000011,attack,union," select * from users where id  =  1 or \+<$ union select 1,@@VERSION -- 1",nearest_attack_euclidean,R000007,0.07003182968523324,73.0,33.0,4.400124178606237,42.0,3.0,17.0,11.0,0.5753424657534246,0.0410958904109589,0.2328767123287671,0.1506849315068493,0.0,0.0,2.0,0.0,1.0,1.0,0.0,0.0,0.0,0.0,1.0,5.88946327316784,0.0,0.0,1.0,0.0,0.0,1.0,0.0,0.0,0.0,0.0,0.0,2.0,1.0,1.0,1.0,0.0,1.0,0.0,0.0,0.0,0.0,0.0,0.0,0.0,0.0,0.0,0.0,0.0,0.0,0.0,0.0,0.0,0.0,0.0,0.0,0.0,0.0,0.0,0.0,0.0,0.0,0.0,0.0,0.0,0.0,0.0,6.0
SMOTE_000012,attack,union,"-6639'  )   as trll where 6271  =  6271 union all select 6271,6271,6271#",nearest_attack_euclidean,R000270,0.1641495721203144,70.91721314175095,25.91670870321161,4.072301958328813,24.50025221926967,23.666834812846446,15.833417406423223,6.9167087032116115,0.34512425405923786,0.3338039056315728,0.22347708168419417,0.09759475862499514,1.0,0.0,1.0,0.0,0.0,1.0,0.0,1.0,0.0,0.0,1.9167087032116115,2.0,1.0,0.0,0.0,1.0,0.0,1.0,1.0,0.0,0.0,0.0,0.0,1.0,1.0,1.0,0.0,0.0,0.0,0.0,0.0,0.0,0.0,0.0,0.0,0.0,0.0,0.0,0.0,0.0,0.0,0.0,0.0,0.0,0.0,0.0,0.0,0.0,0.0,0.0,0.0,0.0,0.0,0.0,0.0,0.0,0.0,0.0,3.0
SMOTE_000013,attack,union,"-1407 where 1186  =  1186 union all select 1186,1186,1186,1186,1186--",nearest_attack_euclidean,R000135,0.16746564798190727,69.81359501803372,23.0,3.8330582998794616,19.0,32.65087601442698,10.0,8.162719003606744,0.27233484031675664,0.4674648265605919,0.1433341264825035,0.11686620664014798,0.0,0.0,3.0,0.0,0.0,1.0,0.0,0.0,0.0,0.0,4.162719003606743,4.0,0.0,0.0,1.0,0.0,0.0,1.0,0.0,0.0,0.0,0.0,0.0,1.0,1.0,1.0,0.0,0.0,0.0,0.0,0.0,0.0,0.0,0.0,0.0,0.0,0.0,0.0,0.0,0.0,0.0,0.0,0.0,0.0,0.0,0.0,0.0,0.0,0.0,0.0,0.0,0.0,0.0,0.0,0.0,0.0,0.0,0.0,3.0
SMOTE_000014,attack,union,"-7738%""  )   union all select 8754,8754,8754,8754,8754,8754,8754,8754,8754#",nearest_attack_euclidean,R000089,0.1461150592687925,74.2406789503432,22.07593210496568,3.77434015113405,13.999999999999998,39.392543160274556,8.0,12.848135790068637,0.18884728096311698,0.53021817005269,0.10791273197892401,0.173021817005269,0.0,1.0,1.0,0.0,0.0,0.0,0.0,1.0,1.0,0.0,7.848135790068638,1.0,0.0,1.0,0.0,1.0,0.0,0.0,1.0,0.0,0.0,0.0,0.0,1.0,1.0,0.0,0.0,0.0,0.0,0.0,0.0,0.0,0.0,0.0,0.0,0.0,0.0,0.0,0.0,0.0,0.0,0.0,0.0,0.0,0.0,0.0,0.0,0.0,0.0,0.0,0.0,0.0,0.0,0.0,0.0,0.0,0.0,0.0,2.0
SMOTE_000015,attack,union,"-3566' where 3641  =  3641 union all select 3641,3641,3641,3641,3641#",nearest_attack_euclidean,R000132,0.44777122546118064,67.73843440042265,24.126156559957735,3.961657248389156,19.0,30.486121280507184,10.504626239830937,7.747686880084531,0.2812502447536157,0.44802566139559585,0.15657943172294478,0.11414466212784363,1.0,0.0,1.0,0.0,0.0,1.0,0.0,0.12615655995773478,0.0,0.0,3.621530320126796,2.0,1.0,0.0,0.0,1.0,0.0,1.0,0.12615655995773456,0.0,0.0,0.0,0.0,1.0,1.0,1.0,0.0,0.0,0.0,0.0,0.0,0.0,0.0,0.0,0.0,0.0,0.0,0.0,0.0,0.0,0.0,0.0,0.0,0.0,0.0,0.0,0.0,0.0,0.0,0.0,0.0,0.0,0.0,0.0,0.0,0.0,0.0,0.0,3.0
SMOTE_000016,attack,union,"1""  )   as boeh where 2571  =  2571 union all select null#",nearest_attack_euclidean,R000193,0.03948264338048763,58.014700581766334,23.044101745299017,3.916581814968518,28.852994182336616,9.161706399429722,15.970598836467323,4.029401163532677,0.4973837947703974,0.15787453709264374,0.2752950097039285,0.06944665843303036,0.0,1.0,0.014700581766338372,0.0,0.0,1.0,0.0,1.0,0.0,0.0,0.014700581766338594,1.0147005817663384,0.0,1.0,0.0,1.0,0.0,1.0,1.0,0.0,0.0,0.0,0.0,1.0,1.0,1.0,0.0,0.0,0.0,0.0,0.0,0.0,0.0,0.0,0.0,0.0,0.0,0.0,0.0,0.0,0.0,0.0,0.0,0.0,0.0,0.0,0.0,0.0,0.0,0.0,0.0,0.0,0.0,0.0,0.0,0.0,0.0,0.0,3.0
SMOTE_000017,attack,union," select * from users where id  =  1 union select @<@,version  (    )   -- 1",nearest_attack_euclidean,R000020,0.23594416492422346,75.34419380482605,26.0,3.873308401474728,40.0,2.0,23.344193804826048,10.0,0.530917938211747,0.02654589691058737,0.3098066803247288,0.13272948455293676,0.0,0.0,2.0,0.0,1.0,1.0,0.0,2.0,0.0,0.0,1.0,4.655806195173952,0.0,0.0,1.0,0.0,0.0,1.0,1.0,0.0,0.0,0.0,0.0,2.0,1.0,1.0,1.0,0.0,0.0,0.0,0.0,0.0,0.0,0.0,0.0,0.0,0.0,0.0,0.0,0.0,0.0,0.0,0.0,0.0,0.0,0.0,0.0,0.0,0.0,0.0,0.0,0.0,0.0,0.0,0.0,0.0,0.0,0.0,5.0
SMOTE_000018,attack,union," select * from users where id  =  1 or 1#""; union select 1,version  (    )   -- 1",nearest_attack_euclidean,R000037,11.575384245428097,81.0,27.0,3.8922525730767474,42.0,3.5421547176490797,25.0,10.45784528235092,0.5185185185185185,0.0437303051561615,0.30864197530864196,0.129109201016678,0.0,0.5421547176490802,2.0,0.0,1.0,1.0,0.5421547176490802,2.0,0.0,0.0,1.0,4.0,0.0,0.5421547176490802,1.0,0.5421547176490802,0.0,1.0,1.0,0.5421547176490802,0.0,0.0,0.0,2.0,1.0,1.0,1.0,0.0,1.0,0.0,0.0,0.0,0.0,0.0,0.0,0.0,0.0,0.0,0.0,0.0,0.0,0.0,0.0,0.0,0.0,0.0,0.0,0.0,0.0,0.0,0.0,0.0,0.0,0.0,0.0,0.0,0.0,0.0,6.0
SMOTE_000019,attack,union,"-3997'+  (  select 'avjk' where 1917  =  1917 union all select 1917,1917,1917--",nearest_attack_euclidean,R000232,1.198626917163458,80.33353571540277,28.333535715402782,4.157273551788774,29.0,25.77804762053704,15.0,10.555488094865739,0.36111878114438395,0.3205404298939116,0.18678557645399171,0.13155521250771268,2.110976189731479,0.0,3.0,0.0,0.0,1.0,0.0,1.0,0.0,0.0,2.4445119051342603,5.0,1.0,0.0,1.0,0.0,0.0,1.0,1.0,0.0,0.0,0.0,0.0,2.0,1.0,1.0,0.0,0.0,0.0,0.0,0.0,0.0,0.0,0.0,0.0,0.0,0.0,0.0,0.0,0.0,0.0,0.0,0.0,0.0,0.0,0.0,0.0,0.0,0.0,0.0,0.0,0.0,0.0,0.0,0.0,0.0,0.0,0.0,4.0
SMOTE_000020,attack,union,"1""  )   as boeh where 2571  =  2571 union all select null#",nearest_attack_euclidean,R000193,1.0844871840627501,58.617949186448065,22.691025406775967,3.895856176789086,30.853847559344192,9.0,14.146152440655808,4.617949186448064,0.5257478827686694,0.15357426934539292,0.24212346395829534,0.07855438392764237,0.0,1.0,0.0,0.0,0.0,1.0,0.0,0.6910254067759679,0.0,0.0,0.9269237796720962,1.0,0.0,1.0,0.0,1.0,0.0,1.0,0.691025406775968,0.0,0.0,0.0,0.0,1.0,1.0,1.0,0.0,0.0,0.0,0.0,0.0,0.0,0.0,0.0,0.0,0.0,0.0,0.0,0.0,0.0,0.0,0.0,0.0,0.0,0.0,0.0,0.0,0.0,0.0,0.0,0.0,0.0,0.0,0.0,0.0,0.0,0.0,0.0,3.0
SMOTE_000021,attack,union," select * from users where id  =  1.*\ union select null,@@VERSION -- 1",nearest_attack_euclidean,R000049,0.18678564238818315,71.6786045993227,31.0,4.375266535729625,44.0,2.0,15.6786045993227,10.0,0.6139574373200465,0.027907156241820275,0.21859962522903167,0.13953578120910148,0.0,0.0,2.0,0.0,2.0,1.0,0.0,0.0,0.0,0.0,1.0,5.0,0.0,0.0,1.0,0.0,0.0,1.0,0.0,0.0,0.0,0.0,0.0,2.0,1.0,1.0,1.0,0.0,0.0,0.0,0.0,0.0,0.0,0.0,0.0,0.0,0.0,0.0,0.0,0.0,0.0,0.0,0.0,0.0,0.0,0.0,0.0,0.0,0.0,0.0,0.0,0.0,0.0,0.0,0.0,0.0,0.0,0.0,5.0
SMOTE_000022,attack,union,"1'   )    )    union all select null,null,null,null,null,null,null#",nearest_attack_euclidean,R000215,0.7398779282712685,70.9124534338382,16.0,3.1304868918055533,45.12996274707055,1.0,14.0,10.782490686767638,0.6356628144664709,0.01416699875289043,0.19833798254046625,0.15183220424017246,1.0,0.0,0.0,0.0,0.0,0.0,0.0,2.0,0.0,0.0,6.7824906867676376,0.0,1.0,0.0,0.0,1.0,0.0,0.0,1.0,0.0,0.0,0.0,0.0,1.0,1.0,0.0,0.0,0.0,0.0,0.0,0.0,0.0,0.0,0.0,0.0,0.0,0.0,0.0,0.0,0.0,0.0,0.0,0.0,0.0,0.0,0.0,0.0,0.0,0.0,0.0,0.0,0.0,0.0,0.0,0.0,0.0,0.0,0.0,2.0
SMOTE_000023,attack,union,"1'  )   where 8268  =  8268 union all select null,null,null,null--",nearest_attack_euclidean,R000249,0.3877499025806381,64.02182410443723,23.0,3.8559467093636757,33.41745928354978,9.0,14.0,7.6043648208874455,0.5215569967856389,0.14078578814209264,0.21900011488769966,0.11865710018456871,1.0,0.0,2.0,0.0,0.0,1.0,0.0,1.0,0.0,0.0,2.6043648208874455,3.0,1.0,0.0,1.0,0.0,0.0,1.0,1.0,0.0,0.0,0.0,0.0,1.0,1.0,1.0,0.0,0.0,0.0,0.0,0.0,0.0,0.0,0.0,0.0,0.0,0.0,0.0,0.0,0.0,0.0,0.0,0.0,0.0,0.0,0.0,0.0,0.0,0.0,0.0,0.0,0.0,0.0,0.0,0.0,0.0,0.0,0.0,3.0
SMOTE_000024,attack,union,"-2190'  )   where 8890  =  8890 union all select 8890,8890#",nearest_attack_euclidean,R000308,0.5901277959936055,60.29710180665553,24.351449096672233,3.895854987977561,22.458938151081433,17.621980021131517,14.0,6.216183634442589,0.3688220121479398,0.2956335815159449,0.23255295298743742,0.10299145334867785,1.0,0.0,0.7838163655574105,0.0,0.0,1.0,0.0,1.0,0.0,0.0,1.4323672688851787,1.7838163655574106,1.0,0.0,0.0,1.0,0.0,1.0,1.0,0.0,0.0,0.0,0.0,1.0,1.0,1.0,0.0,0.0,0.0,0.0,0.0,0.0,0.0,0.0,0.0,0.0,0.0,0.0,0.0,0.0,0.0,0.0,0.0,0.0,0.0,0.0,0.0,0.0,0.0,0.0,0.0,0.0,0.0,0.0,0.0,0.0,0.0,0.0,3.0
SMOTE_000025,attack,union,"-3781%'  )   union all select 7497,7497,7497,7497,7497--",nearest_attack_euclidean,R000264,0.18804074773584953,56.274672885029894,21.862663557485057,3.8878617024268283,13.999999999999998,24.27467288502989,8.0,10.0,0.2488555296457088,0.43118736080980846,0.14220315979754788,0.17775394974693484,1.0,0.0,3.0,0.0,0.0,0.0,0.0,1.0,0.9313317787425275,0.0,4.0686682212574725,3.0,1.0,0.0,1.0,0.0,0.0,0.0,1.0,0.0,0.0,0.0,0.0,1.0,1.0,0.0,0.0,0.0,0.0,0.0,0.0,0.0,0.0,0.0,0.0,0.0,0.0,0.0,0.0,0.0,0.0,0.0,0.0,0.0,0.0,0.0,0.0,0.0,0.0,0.0,0.0,0.0,0.0,0.0,0.0,0.0,0.0,0.0,2.0
SMOTE_000026,attack,union," select * from users where id  =  1 or 1#""? union select 1,version  (    )   -- 1",nearest_attack_euclidean,R000018,2.5428879973374783,78.13399427565926,28.91067048289382,4.104096543040695,43.91067048289382,3.0446647585530897,21.17865903421236,10.0,0.563808485520446,0.03853199478850422,0.2694850246715587,0.1281744950194909,0.0,0.5223323792765449,2.0,0.0,1.0,1.0,0.0,1.0446647585530897,0.0,0.0,1.0,4.477667620723455,0.0,0.5223323792765447,1.0,0.5223323792765449,0.0,1.0,0.5223323792765447,0.0,0.0,0.0,0.0,2.0,1.0,1.0,1.0,0.0,1.0,0.0,0.0,0.0,0.0,0.0,0.0,0.0,0.0,0.0,0.0,0.0,0.0,0.0,0.0,0.0,0.0,0.0,0.0,0.0,0.0,0.0,0.0,0.0,0.0,0.0,0.0,0.0,0.0,0.0,6.0
SMOTE_000027,attack,union,"-3378%""   )    )    union all select 9357,9357,9357,9357,9357--",nearest_attack_euclidean,R000240,0.9637364720211583,64.44753934679511,20.638115163301222,3.8150553879504767,13.999999999999998,25.447539346795104,14.0,11.0,0.21742109669388024,0.39432694492419074,0.21742109669388024,0.17083086168804876,0.0,1.0,3.0,0.0,0.0,0.0,0.0,2.0,0.6381151633012232,0.0,4.361884836698777,3.0,0.0,1.0,1.0,0.0,0.0,0.0,1.0,0.0,0.0,0.0,0.0,1.0,1.0,0.0,0.0,0.0,0.0,0.0,0.0,0.0,0.0,0.0,0.0,0.0,0.0,0.0,0.0,0.0,0.0,0.0,0.0,0.0,0.0,0.0,0.0,0.0,0.0,0.0,0.0,0.0,0.0,0.0,0.0,0.0,0.0,0.0,2.0
SMOTE_000028,attack,union,"1'   )    )    as xuab where 4369  =  4369 union all select null,null,null--",nearest_attack_euclidean,R000237,1.1961142606679886,71.26517250171092,24.579551750513275,3.872281709351377,36.053034500342186,9.0,18.212138001368736,8.0,0.5074201035611448,0.1269165565160689,0.25284862301961397,0.11281471690317237,1.0,0.0,2.0,0.0,0.0,1.0,0.0,1.5265172501710922,0.0,0.0,2.473482749828908,3.0,1.0,0.0,1.0,0.0,0.0,1.0,1.0,0.0,0.0,0.0,0.0,1.0,1.0,1.0,0.0,0.0,0.0,0.0,0.0,0.0,0.0,0.0,0.0,0.0,0.0,0.0,0.0,0.0,0.0,0.0,0.0,0.0,0.0,0.0,0.0,0.0,0.0,0.0,0.0,0.0,0.0,0.0,0.0,0.0,0.0,0.0,3.0
SMOTE_000029,attack,union,"-8117' union all select 9945,9945,9945,9945,9945,9945,9945#",nearest_attack_euclidean,R000158,0.5123562736974685,61.433126939792125,20.02674922408315,3.6877657384064246,13.999999999999998,33.946501551833705,4.0,9.486625387958425,0.2282670081681436,0.552167248274587,0.06521914519089818,0.1543465983663713,1.0,0.0,1.0,0.0,0.0,0.0,0.0,0.0,0.0,0.0,6.4866253879584255,1.0,1.0,0.0,0.0,1.0,0.0,0.0,0.0,0.0,0.0,0.0,0.0,1.0,1.0,0.0,0.0,0.0,0.0,0.0,0.0,0.0,0.0,0.0,0.0,0.0,0.0,0.0,0.0,0.0,0.0,0.0,0.0,0.0,0.0,0.0,0.0,0.0,0.0,0.0,0.0,0.0,0.0,0.0,0.0,0.0,0.0,0.0,2.0
SMOTE_000030,attack,union,-6947'   )    )    as qqjp where 6700  =  6700 union all select 6700#,nearest_attack_euclidean,R000281,0.3980049760921927,69.24300246236751,26.75699753763249,3.8985649033188787,26.944019698940092,14.29898276342742,22.0,6.0,0.38883277384423987,0.20677883463325294,0.3177337361962556,0.08665465532625155,1.0,0.0,0.7569975376324884,0.0,0.0,1.0,0.0,2.0,0.0,0.0,0.243002462367512,1.7569975376324884,1.0,0.0,0.0,1.0,0.0,1.0,1.0,0.0,0.0,0.0,0.0,1.0,1.0,1.0,0.0,0.0,0.0,0.0,0.0,0.0,0.0,0.0,0.0,0.0,0.0,0.0,0.0,0.0,0.0,0.0,0.0,0.0,0.0,0.0,0.0,0.0,0.0,0.0,0.0,0.0,0.0,0.0,0.0,0.0,0.0,0.0,3.0
SMOTE_000031,attack,union,"-4856' in boolean mode  )   union all select 1074,1074,1074,1074,1074,1074,1074#",nearest_attack_euclidean,R000072,0.4188450991584716,80.14135408962053,25.575937731138378,4.116504685971815,25.162396834932977,33.13083271696432,11.42406226886162,10.42406226886162,0.31422456579859315,0.41326285285328523,0.1424953837227012,0.1300171976254204,1.0,0.0,1.0,0.0,0.0,0.0,0.0,1.1413540896205403,0.0,0.0,6.28270817924108,1.0,1.0,0.0,0.0,1.0,0.0,0.0,1.0,0.0,0.0,0.0,0.0,1.0,1.0,0.0,0.0,0.0,0.0,0.0,0.0,0.0,0.0,0.0,0.0,0.0,0.0,0.0,0.0,0.0,0.0,0.0,0.0,0.0,0.0,0.0,0.0,0.0,0.0,0.0,0.0,0.0,0.0,0.0,0.0,0.0,0.0,0.0,2.0
SMOTE_000032,attack,union,"-5625"" union all select 6087,6087,6087,6087,6087,6087--",nearest_attack_euclidean,R000124,0.8933237409240423,56.6288470573534,20.0,3.9210731292533745,13.999999999999998,28.0,5.303077645882716,9.325769411470679,0.24763519430213712,0.4952703886042742,0.09247087342246539,0.16462354367112325,0.0,1.0,3.0,0.0,0.0,0.0,0.0,0.32576941147067895,0.0,0.0,5.0,3.0,0.0,1.0,1.0,0.0,0.0,0.0,0.32576941147067895,0.0,0.0,0.0,0.0,1.0,1.0,0.0,0.0,0.0,0.0,0.0,0.0,0.0,0.0,0.0,0.0,0.0,0.0,0.0,0.0,0.0,0.0,0.0,0.0,0.0,0.0,0.0,0.0,0.0,0.0,0.0,0.0,0.0,0.0,0.0,0.0,0.0,0.0,0.0,2.0
SMOTE_000033,attack,union,"-5424'   )    )    union all select 8231,8231,8231,8231,8231,8231,8231,8231#",nearest_attack_euclidean,R000228,0.039961777519167144,75.9601321295921,21.980066064796052,3.7915566831213234,13.999999999999998,36.07973574081579,13.880396388776306,12.0,0.18430977065891013,0.47501692027679315,0.18269350564237374,0.15797980342192297,1.0,0.0,1.0,0.0,0.0,0.0,0.0,1.980066064796051,0.0,0.0,7.019933935203949,1.0,1.0,0.0,0.0,1.0,0.0,0.0,1.0,0.0,0.0,0.0,0.0,1.0,1.0,0.0,0.0,0.0,0.0,0.0,0.0,0.0,0.0,0.0,0.0,0.0,0.0,0.0,0.0,0.0,0.0,0.0,0.0,0.0,0.0,0.0,0.0,0.0,0.0,0.0,0.0,0.0,0.0,0.0,0.0,0.0,0.0,0.0,2.0
SMOTE_000034,attack,union,"1  )   union all select null,null,null,null,null,null,null,null,null--",nearest_attack_euclidean,R000064,1.1382054040491378,67.92273039719842,14.584546079439683,3.010001456007992,50.0,1.0,6.338184317758738,10.584546079439685,0.7371128527780393,0.014742257055560787,0.09237166133308225,0.15577322883331765,0.0,0.0,2.0,0.0,0.0,0.0,0.0,0.5845460794396844,0.0,0.0,8.0,2.0,0.0,0.0,1.0,0.0,0.0,0.0,0.5845460794396844,0.0,0.0,0.0,0.0,1.0,1.0,0.0,0.0,0.0,0.0,0.0,0.0,0.0,0.0,0.0,0.0,0.0,0.0,0.0,0.0,0.0,0.0,0.0,0.0,0.0,0.0,0.0,0.0,0.0,0.0,0.0,0.0,0.0,0.0,0.0,0.0,0.0,0.0,0.0,2.0
SMOTE_000035,attack,union,"-8982' in boolean mode  )   union all select 5367,5367,5367,5367,5367,5367#",nearest_attack_euclidean,R000054,0.44777100249943264,73.32392402832534,25.238147285602427,4.168946017848794,25.01918294256631,28.60948217151806,10.542888371361457,9.152370542879515,0.3384776608182685,0.39263360209807185,0.14336530490427718,0.12552343217938242,1.0,0.0,1.0,0.0,0.0,0.0,0.0,1.0,0.0,0.0,5.152370542879515,1.0,1.0,0.0,0.0,1.0,0.0,0.0,1.0,0.0,0.0,0.0,0.0,1.0,1.0,0.0,0.0,0.0,0.0,0.0,0.0,0.0,0.0,0.0,0.0,0.0,0.0,0.0,0.0,0.0,0.0,0.0,0.0,0.0,0.0,0.0,0.0,0.0,0.0,0.0,0.0,0.0,0.0,0.0,0.0,0.0,0.0,0.0,2.0
SMOTE_000036,attack,union,"-9532   )    )    union all select 6039,6039,6039,6039--",nearest_attack_euclidean,R000078,0.15121212121483202,56.45642648935909,20.0,3.7763861923722883,13.999999999999998,20.0,14.365141191487275,8.091285297871819,0.24812939963377423,0.35447057090539175,0.25411532080569676,0.14328470865513732,0.0,0.0,3.0,0.0,0.0,0.0,0.0,2.091285297871819,0.0,0.0,3.0,3.0,0.0,0.0,1.0,0.0,0.0,0.0,1.0,0.0,0.0,0.0,0.0,1.0,1.0,0.0,0.0,0.0,0.0,0.0,0.0,0.0,0.0,0.0,0.0,0.0,0.0,0.0,0.0,0.0,0.0,0.0,0.0,0.0,0.0,0.0,0.0,0.0,0.0,0.0,0.0,0.0,0.0,0.0,0.0,0.0,0.0,0.0,2.0
SMOTE_000037,attack,union,"1%""   )    )    union all select null,null,null,null,null,null#",nearest_attack_euclidean,R000057,0.815004013997287,62.167323872865126,17.0,3.2560261013387017,39.665352254269756,1.0,11.501971618595366,10.0,0.6387090514832474,0.016089689338312507,0.1843043657953152,0.16089689338312485,0.0,1.0,0.0,0.0,0.0,0.0,0.0,1.583661936432561,1.0,0.0,5.416338063567439,0.0,0.0,1.0,0.0,1.0,0.0,0.0,1.0,0.0,0.0,0.0,0.0,1.0,1.0,0.0,0.0,0.0,0.0,0.0,0.0,0.0,0.0,0.0,0.0,0.0,0.0,0.0,0.0,0.0,0.0,0.0,0.0,0.0,0.0,0.0,0.0,0.0,0.0,0.0,0.0,0.0,0.0,0.0,0.0,0.0,0.0,0.0,2.0
SMOTE_000038,attack,union,"-6075' union all select 9988,9988,9988,9988,9988,9988,9988,9988,9988#",nearest_attack_euclidean,R000291,0.17917383185247168,69.83136320697079,21.16627264139416,3.3737423657157493,13.999999999999998,40.665090565576634,4.0,11.166272641394158,0.20061905897031118,0.5821850216893765,0.057319731134374635,0.15987618820593774,1.0,0.0,1.0,0.0,0.0,0.0,0.0,0.0,0.0,0.0,8.166272641394158,1.0,1.0,0.0,0.0,1.0,0.0,0.0,0.0,0.0,0.0,0.0,0.0,1.0,1.0,0.0,0.0,0.0,0.0,0.0,0.0,0.0,0.0,0.0,0.0,0.0,0.0,0.0,0.0,0.0,0.0,0.0,0.0,0.0,0.0,0.0,0.0,0.0,0.0,0.0,0.0,0.0,0.0,0.0,0.0,0.0,0.0,0.0,2.0
SMOTE_000039,attack,union,"-1123'   )    )     )   union all select 6735,6735,6735,6735,6735,6735,6735,6735#",nearest_attack_euclidean,R000256,0.37042746876825516,79.80351040245246,22.0,3.7522245663191134,13.999999999999998,36.0,17.042808321961967,12.760702080490493,0.17556056763574815,0.4514414596347809,0.21312610247478478,0.15987187025468613,1.0,0.0,1.0,0.0,0.0,0.0,0.0,2.760702080490492,0.0,0.0,7.0,1.0,1.0,0.0,0.0,1.0,0.0,0.0,1.0,0.0,0.0,0.0,0.0,1.0,1.0,0.0,0.0,0.0,0.0,0.0,0.0,0.0,0.0,0.0,0.0,0.0,0.0,0.0,0.0,0.0,0.0,0.0,0.0,0.0,0.0,0.0,0.0,0.0,0.0,0.0,0.0,0.0,0.0,0.0,0.0,0.0,0.0,0.0,2.0
SMOTE_000040,attack,union,"1'  )   where 5799  =  5799 union all select null,null,null,null,null--",nearest_attack_euclidean,R000302,0.2886981494162877,72.506554449704,23.0,3.7901899765883527,40.205243559763204,9.0,14.0,9.301310889940801,0.5542655057829375,0.12424777797491918,0.19327432129431873,0.12821239494782447,1.0,0.0,2.0,0.0,0.0,1.0,0.0,1.0,0.0,0.0,4.3013108899408,3.0,1.0,0.0,1.0,0.0,0.0,1.0,1.0,0.0,0.0,0.0,0.0,1.0,1.0,1.0,0.0,0.0,0.0,0.0,0.0,0.0,0.0,0.0,0.0,0.0,0.0,0.0,0.0,0.0,0.0,0.0,0.0,0.0,0.0,0.0,0.0,0.0,0.0,0.0,0.0,0.0,0.0,0.0,0.0,0.0,0.0,0.0,3.0
SMOTE_000041,attack,union,"-4764  )   where 8200  =  8200 union all select 8200,8200,8200,8200--",nearest_attack_euclidean,R000247,0.9126490538111055,74.96819811042727,23.39065566053182,3.886237354760513,22.65606603680909,28.874754715745453,15.218688678936363,8.218688678936363,0.30175161247287796,0.3842887856626247,0.2043523822229317,0.10960721964156561,0.0,0.0,3.0,0.0,0.0,1.0,0.0,1.0,0.0,0.0,3.2186886789363633,4.0,0.0,0.0,1.0,0.0,0.0,1.0,1.0,0.0,0.0,0.0,0.0,1.0,1.0,1.0,0.0,0.0,0.0,0.0,0.0,0.0,0.0,0.0,0.0,0.0,0.0,0.0,0.0,0.0,0.0,0.0,0.0,0.0,0.0,0.0,0.0,0.0,0.0,0.0,0.0,0.0,0.0,0.0,0.0,0.0,0.0,0.0,3.0
SMOTE_000042,attack,union,"1'  )   union all select null,null,null,null,null,null,null,null,null,null--",nearest_attack_euclidean,R000155,0.39158029011596834,75.41238573809703,16.146903565475743,3.084305559974588,53.41238573809703,1.0,8.0,13.0,0.7081638315493667,0.013265280384119671,0.10612224307295755,0.17244864499355603,1.0,0.0,2.0,0.0,0.0,0.0,0.0,1.0,0.14690356547574202,0.0,8.853096434524257,2.0,1.0,0.0,1.0,0.0,0.0,0.0,1.0,0.0,0.0,0.0,0.0,1.0,1.0,0.0,0.0,0.0,0.0,0.0,0.0,0.0,0.0,0.0,0.0,0.0,0.0,0.0,0.0,0.0,0.0,0.0,0.0,0.0,0.0,0.0,0.0,0.0,0.0,0.0,0.0,0.0,0.0,0.0,0.0,0.0,0.0,0.0,2.0
SMOTE_000043,attack,union,"1 union all select null,null,null,null,null,null,null,null--",nearest_attack_euclidean,R000087,0.2672919481131926,58.588057855586484,14.0,3.0213279968132047,44.87044628446919,1.0,4.0,8.717611571117297,0.765810944154901,0.017094527922549507,0.0683781116901982,0.14871641623235135,0.0,0.0,2.0,0.0,0.0,0.0,0.0,0.0,0.0,0.0,6.717611571117297,2.0,0.0,0.0,1.0,0.0,0.0,0.0,0.0,0.0,0.0,0.0,0.0,1.0,1.0,0.0,0.0,0.0,0.0,0.0,0.0,0.0,0.0,0.0,0.0,0.0,0.0,0.0,0.0,0.0,0.0,0.0,0.0,0.0,0.0,0.0,0.0,0.0,0.0,0.0,0.0,0.0,0.0,0.0,0.0,0.0,0.0,0.0,2.0
SMOTE_000044,attack,union,"-7460"" union all select 4273,4273,4273,4273,4273,4273,4273,4273#",nearest_attack_euclidean,R000113,0.21369494859394092,65.12594978049009,21.225189956098017,3.7910548843687004,13.999999999999998,36.90075982439207,4.0,10.225189956098017,0.21518041283359118,0.5663755517806723,0.06148011795245463,0.15696391743328175,0.0,1.0,1.0,0.0,0.0,0.0,0.0,0.0,0.0,0.0,7.225189956098018,1.0,0.0,1.0,0.0,1.0,0.0,0.0,0.0,0.0,0.0,0.0,0.0,1.0,1.0,0.0,0.0,0.0,0.0,0.0,0.0,0.0,0.0,0.0,0.0,0.0,0.0,0.0,0.0,0.0,0.0,0.0,0.0,0.0,0.0,0.0,0.0,0.0,0.0,0.0,0.0,0.0,0.0,0.0,0.0,0.0,0.0,0.0,2.0
SMOTE_000045,attack,union,"-4542 union all select 1249,1249,1249,1249,1249,1249,1249,1249,1249--",nearest_attack_euclidean,R000097,0.9736046770089258,69.39877516782441,18.398775167824404,3.6117138194849296,13.999999999999998,40.0,4.0,11.398775167824404,0.20174268067297274,0.5764076590656364,0.05764076590656364,0.16420889435482722,0.3987751678244047,0.0,3.0,0.0,0.0,0.0,0.0,0.0,0.0,0.0,8.0,3.0,0.3987751678244047,0.0,1.0,0.0,0.0,0.0,0.0,0.0,0.0,0.0,0.0,1.0,1.0,0.0,0.0,0.0,0.0,0.0,0.0,0.0,0.0,0.0,0.0,0.0,0.0,0.0,0.0,0.0,0.0,0.0,0.0,0.0,0.0,0.0,0.0,0.0,0.0,0.0,0.0,0.0,0.0,0.0,0.0,0.0,0.0,0.0,2.0
SMOTE_000046,attack,union,"-5771'   )    )    union all select 2833,2833,2833,2833,2833,2833--",nearest_attack_euclidean,R000080,0.21510681892841804,68.11294374814811,21.0,3.713335685930036,13.999999999999998,28.89035499851849,14.0,11.222588749629622,0.20572528762975256,0.42381661690559524,0.20572528762975256,0.16473280783489955,1.0,0.0,3.0,0.0,0.0,0.0,0.0,2.0,0.0,0.0,5.222588749629622,3.0,1.0,0.0,1.0,0.0,0.0,0.0,1.0,0.0,0.0,0.0,0.0,1.0,1.0,0.0,0.0,0.0,0.0,0.0,0.0,0.0,0.0,0.0,0.0,0.0,0.0,0.0,0.0,0.0,0.0,0.0,0.0,0.0,0.0,0.0,0.0,0.0,0.0,0.0,0.0,0.0,0.0,0.0,0.0,0.0,0.0,0.0,2.0
SMOTE_000047,attack,union,"1   )    )    as xvyi where 6701  =  6701 union all select null,null,null,null#",nearest_attack_euclidean,R000205,1.2823497759919786,79.0,23.654184329084178,3.754074086146465,43.69163134183165,9.0,18.411158210891138,7.8972104472772156,0.5530586245801474,0.11392405063291139,0.23305263558090045,0.09996468920604071,0.0,0.0,0.0,0.0,0.0,1.0,0.0,1.5513947763613922,0.0,0.0,4.345815670915823,1.0,0.0,0.0,0.0,1.0,0.0,1.0,1.0,0.0,0.0,0.0,0.0,1.0,1.0,1.0,0.0,0.0,0.0,0.0,0.0,0.0,0.0,0.0,0.0,0.0,0.0,0.0,0.0,0.0,0.0,0.0,0.0,0.0,0.0,0.0,0.0,0.0,0.0,0.0,0.0,0.0,0.0,0.0,0.0,0.0,0.0,0.0,3.0
SMOTE_000048,attack,union,"-4145%""   )    )    union all select 9404,9404,9404,9404,9404,9404,9404#",nearest_attack_euclidean,R000082,0.6569369228943942,72.90388948993467,22.0,3.6695079949615272,13.999999999999998,34.41037197315913,12.192221020130653,12.301296496644891,0.1921010272483175,0.47122635525732365,0.1679973075167262,0.1686753099776326,0.0,1.0,1.0,0.0,0.0,0.0,0.0,1.6987035033551088,1.0,0.0,6.602592993289782,1.0,0.0,1.0,0.0,1.0,0.0,0.0,1.0,0.0,0.0,0.0,0.0,1.0,1.0,0.0,0.0,0.0,0.0,0.0,0.0,0.0,0.0,0.0,0.0,0.0,0.0,0.0,0.0,0.0,0.0,0.0,0.0,0.0,0.0,0.0,0.0,0.0,0.0,0.0,0.0,0.0,0.0,0.0,0.0,0.0,0.0,0.0,2.0
SMOTE_000049,attack,union,"-9532   )    )    union all select 6039,6039,6039,6039--",nearest_attack_euclidean,R000078,0.5403050875477844,57.63088482795563,20.0,3.7328567586817805,13.999999999999998,20.0,15.304707862364506,8.326176965591127,0.24331604578706706,0.34759435112438153,0.2647046992684524,0.14438490382009894,0.0,0.0,3.0,0.0,0.0,0.0,0.0,2.3261769655911264,0.0,0.0,3.0,3.0,0.0,0.0,1.0,0.0,0.0,0.0,1.0,0.0,0.0,0.0,0.0,1.0,1.0,0.0,0.0,0.0,0.0,0.0,0.0,0.0,0.0,0.0,0.0,0.0,0.0,0.0,0.0,0.0,0.0,0.0,0.0,0.0,0.0,0.0,0.0,0.0,0.0,0.0,0.0,0.0,0.0,0.0,0.0,0.0,0.0,0.0,2.0
SMOTE_000050,attack,union," select * from users where id  =  '1' union select \.,@@VERSION -- 1'",nearest_attack_euclidean,R000035,1.1227845893639135,72.00987527776692,30.905499898993845,4.320868495515257,40.0,2.273625025251537,17.18900020201231,12.547250050503077,0.5578994545089353,0.031315285541091004,0.2365747979660046,0.17421046198396906,3.0,0.0,2.0,0.0,1.0,1.0,0.0,0.5472500505030775,0.0,0.0,1.0,4.273625025251539,1.0,0.0,1.0,0.0,0.0,1.0,0.2736250252515387,0.0,0.0,0.0,0.0,2.0,1.0,1.0,1.0,0.0,0.0,0.0,0.0,0.0,0.0,0.0,0.0,0.0,0.0,0.0,0.0,0.0,0.0,0.0,0.0,0.0,0.0,0.0,0.0,0.0,0.0,0.0,0.0,0.0,0.0,0.0,0.0,0.0,0.0,0.0,5.0
SMOTE_000051,attack,union," select * from users where id  =  1.<@. union select 1,version  (    )   -- 1",nearest_attack_euclidean,R000027,0.2943938291910448,77.43085676673812,27.538570958422643,3.97020672883392,40.43085676673812,2.8922858083154708,23.10771419168453,11.0,0.5220365079957207,0.03742399181338413,0.2984422458112445,0.1420972543796506,0.0,0.0,2.0,0.0,1.1077141916845283,1.0,0.0,2.0,0.0,0.0,1.0,5.0,0.0,0.0,1.0,0.0,0.0,1.0,1.0,0.0,0.0,0.0,0.0,2.0,1.0,1.0,1.0,0.0,0.0,0.0,0.0,0.0,0.0,0.0,0.0,0.0,0.0,0.0,0.0,0.0,0.0,0.0,0.0,0.0,0.0,0.0,0.0,0.0,0.0,0.0,0.0,0.0,0.0,0.0,0.0,0.0,0.0,0.0,5.0
SMOTE_000052,attack,union," select * from users where id  =  1 +$+. union select null,@@VERSION -- 1",nearest_attack_euclidean,R000036,1.1616642079534032,73.91980086258161,31.540099568709195,4.391737132967979,44.0,2.0,16.459900431290805,11.459900431290805,0.5953477190952345,0.02706125995887429,0.22262208542153844,0.1549689355243527,0.0,0.0,2.0,0.0,1.459900431290805,1.0,0.0,0.0,0.0,0.0,1.0,6.459900431290805,0.0,0.0,1.0,0.0,0.0,1.0,0.0,0.0,0.0,0.0,0.0,2.0,1.0,1.0,1.0,0.0,0.0,0.0,0.0,0.0,0.0,0.0,0.0,0.0,0.0,0.0,0.0,0.0,0.0,0.0,0.0,0.0,0.0,0.0,0.0,0.0,0.0,0.0,0.0,0.0,0.0,0.0,0.0,0.0,0.0,0.0,5.0
SMOTE_000053,attack,union,"-4635"" union all select 5087,5087,5087,5087,5087,5087,5087,5087,5087,5087#",nearest_attack_euclidean,R000138,0.0046446188036563425,73.97516478089481,22.0,3.736832608557293,13.999999999999998,43.980131824715855,4.0,11.995032956178962,0.18925728418869422,0.5945206628808464,0.05407350976819836,0.16214854316226118,0.0,1.0,1.0,0.0,0.0,0.0,0.0,0.0,0.0,0.0,8.995032956178964,1.0,0.0,1.0,0.0,1.0,0.0,0.0,0.0,0.0,0.0,0.0,0.0,1.0,1.0,0.0,0.0,0.0,0.0,0.0,0.0,0.0,0.0,0.0,0.0,0.0,0.0,0.0,0.0,0.0,0.0,0.0,0.0,0.0,0.0,0.0,0.0,0.0,0.0,0.0,0.0,0.0,0.0,0.0,0.0,0.0,0.0,0.0,2.0
SMOTE_000054,attack,union,"1'   )    )    union all select null,null,null,null,null,null,null#",nearest_attack_euclidean,R000215,0.055582660724697884,67.29209356489898,16.0,3.156537526029396,42.15578323461279,1.0,14.077891617306395,10.058418712979796,0.6265324985426465,0.014872207214252087,0.20916079877155855,0.14943449547154286,1.0,0.0,0.0,0.0,0.0,0.0,0.0,2.019472904326599,0.0,0.0,6.038945808653198,0.0,1.0,0.0,0.0,1.0,0.0,0.0,1.0,0.0,0.0,0.0,0.0,1.0,1.0,0.0,0.0,0.0,0.0,0.0,0.0,0.0,0.0,0.0,0.0,0.0,0.0,0.0,0.0,0.0,0.0,0.0,0.0,0.0,0.0,0.0,0.0,0.0,0.0,0.0,0.0,0.0,0.0,0.0,0.0,0.0,0.0,0.0,2.0
SMOTE_000055,attack,union,"-2006'   )    )    union all select 7852,7852,7852,7852,7852--",nearest_attack_euclidean,R000221,0.06164220044619136,61.69649984044658,21.0,3.864425794316335,13.999999999999998,23.757199872357262,14.0,9.939299968089315,0.22700877256189808,0.38489824445824344,0.2270087725618981,0.1610842104179603,1.0,0.0,3.0,0.0,0.0,0.0,0.0,2.0,0.0,0.0,3.9392999680893155,3.0,1.0,0.0,1.0,0.0,0.0,0.0,1.0,0.0,0.0,0.0,0.0,1.0,1.0,0.0,0.0,0.0,0.0,0.0,0.0,0.0,0.0,0.0,0.0,0.0,0.0,0.0,0.0,0.0,0.0,0.0,0.0,0.0,0.0,0.0,0.0,0.0,0.0,0.0,0.0,0.0,0.0,0.0,0.0,0.0,0.0,0.0,2.0
SMOTE_000056,attack,union,"-1123'   )    )     )   union all select 6735,6735,6735,6735,6735,6735,6735,6735#",nearest_attack_euclidean,R000256,0.36879841155239845,79.80877229628304,22.0,3.7521620432861646,13.999999999999998,36.0,17.047017837026434,12.761754459256608,0.17554860101560063,0.45141068832583015,0.21316610517642076,0.15987460548214844,1.0,0.0,1.0,0.0,0.0,0.0,0.0,2.7617544592566086,0.0,0.0,7.0,1.0,1.0,0.0,0.0,1.0,0.0,0.0,1.0,0.0,0.0,0.0,0.0,1.0,1.0,0.0,0.0,0.0,0.0,0.0,0.0,0.0,0.0,0.0,0.0,0.0,0.0,0.0,0.0,0.0,0.0,0.0,0.0,0.0,0.0,0.0,0.0,0.0,0.0,0.0,0.0,0.0,0.0,0.0,0.0,0.0,0.0,0.0,2.0
SMOTE_000057,attack,union,"-1407 where 1186  =  1186 union all select 1186,1186,1186,1186,1186--",nearest_attack_euclidean,R000135,0.06788910823156696,69.32982430069441,23.0,3.8190270933885535,19.0,32.26385944055553,10.0,8.065964860138882,0.27413500553991504,0.4652667300775774,0.14428158186311318,0.11631668251939435,0.0,0.0,3.0,0.0,0.0,1.0,0.0,0.0,0.0,0.0,4.065964860138881,4.0,0.0,0.0,1.0,0.0,0.0,1.0,0.0,0.0,0.0,0.0,0.0,1.0,1.0,1.0,0.0,0.0,0.0,0.0,0.0,0.0,0.0,0.0,0.0,0.0,0.0,0.0,0.0,0.0,0.0,0.0,0.0,0.0,0.0,0.0,0.0,0.0,0.0,0.0,0.0,0.0,0.0,0.0,0.0,0.0,0.0,0.0,3.0
SMOTE_000058,attack,union," select * from users where id  =  1 or \<\. union select 1,@@VERSION -- 1",nearest_attack_euclidean,R000014,0.4089023585101859,73.89877737216227,31.550611313918864,4.359568024583304,43.79755474432454,2.550611313918864,17.0,10.550611313918864,0.5924151318182422,0.03461156051134068,0.23008598806817193,0.14288731960224513,0.0,0.0,2.0,0.0,1.0,1.0,0.0,0.0,0.0,0.0,1.0,5.0,0.0,0.0,1.0,0.0,0.0,1.0,0.0,0.0,0.0,0.0,0.0,2.0,1.0,1.0,1.0,0.0,1.0,0.0,0.0,0.0,0.0,0.0,0.0,0.0,0.0,0.0,0.0,0.0,0.0,0.0,0.0,0.0,0.0,0.0,0.0,0.0,0.0,0.0,0.0,0.0,0.0,0.0,0.0,0.0,0.0,0.0,6.0
SMOTE_000059,attack,union,"-9136%""  )   union all select 3081,3081,3081,3081,3081,3081,3081#",nearest_attack_euclidean,R000306,1.1352998909843783,61.948760436279045,22.61859505453488,3.888133541482213,13.999999999999998,27.423140654418567,10.288429672790718,10.237190109069761,0.22691426555791996,0.438365400425446,0.16981318360085407,0.16490715041578002,0.0,1.0,1.0,0.0,0.0,0.0,0.0,1.3814049454651196,1.0,0.0,4.855785163604641,1.0,0.0,1.0,0.0,1.0,0.0,0.0,1.0,0.0,0.0,0.0,0.0,1.0,1.0,0.0,0.0,0.0,0.0,0.0,0.0,0.0,0.0,0.0,0.0,0.0,0.0,0.0,0.0,0.0,0.0,0.0,0.0,0.0,0.0,0.0,0.0,0.0,0.0,0.0,0.0,0.0,0.0,0.0,0.0,0.0,0.0,0.0,2.0
SMOTE_000060,attack,union,"-5131'   )    )     )   union all select 4854,4854,4854,4854,4854,4854,4854#",nearest_attack_euclidean,R000181,0.3059858316685059,77.44339236910656,21.28867847382131,3.623084810229897,13.999999999999998,33.15471389528525,18.0,12.288678473821312,0.1809279575751313,0.4278053444168728,0.2326216597394545,0.1586450382685414,1.0,0.0,1.0,0.0,0.0,0.0,0.0,3.0,0.0,0.0,6.288678473821312,1.0,1.0,0.0,0.0,1.0,0.0,0.0,1.0,0.0,0.0,0.0,0.0,1.0,1.0,0.0,0.0,0.0,0.0,0.0,0.0,0.0,0.0,0.0,0.0,0.0,0.0,0.0,0.0,0.0,0.0,0.0,0.0,0.0,0.0,0.0,0.0,0.0,0.0,0.0,0.0,0.0,0.0,0.0,0.0,0.0,0.0,0.0,2.0
SMOTE_000061,attack,union,"-3593%' union all select 6346,6346,6346,6346,6346,6346--",nearest_attack_euclidean,R000108,0.350149775359884,57.380951014344944,20.0,3.739505853965474,13.999999999999998,29.183672298009952,4.0,10.197278716334992,0.2450680320916252,0.5070456684405354,0.07001943774046435,0.17786686172737504,1.0,0.0,3.0,0.0,0.0,0.0,0.0,0.0,0.901360641832504,0.0,5.295918074502488,3.0,1.0,0.0,1.0,0.0,0.0,0.0,0.0,0.0,0.0,0.0,0.0,1.0,1.0,0.0,0.0,0.0,0.0,0.0,0.0,0.0,0.0,0.0,0.0,0.0,0.0,0.0,0.0,0.0,0.0,0.0,0.0,0.0,0.0,0.0,0.0,0.0,0.0,0.0,0.0,0.0,0.0,0.0,0.0,0.0,0.0,0.0,2.0
SMOTE_000062,attack,union," select * from users where id  =  '1' +   (  \  )   union select 1,@@VERSION -- 1'",nearest_attack_euclidean,R000043,0.04242745199605189,82.0,33.8613347317524,4.204576423327243,40.0,3.0198093240353714,25.01980932403537,13.960381351929257,0.4878048780487805,0.03682694297604114,0.30511962590287034,0.17024855307230802,3.0,0.0,2.0,0.0,1.0,1.0,0.0,2.0,0.0,0.0,1.0,5.0,1.0,0.0,1.0,0.0,0.0,1.0,1.0,0.0,0.0,0.0,0.0,2.0,1.0,1.0,1.0,0.0,0.0,0.0,0.0,0.0,0.0,0.0,0.0,0.0,0.0,0.0,0.0,0.0,0.0,0.0,0.0,0.0,0.0,0.0,0.0,0.0,0.0,0.0,0.0,0.0,0.0,0.0,0.0,0.0,0.0,0.0,5.0
SMOTE_000063,attack,union,"-8308""  )   union all select 3084,3084,3084,3084,3084,3084,3084,3084,3084#",nearest_attack_euclidean,R000269,0.011668513788373405,74.0549718776846,20.021988751073835,3.6436609431768554,13.999999999999998,40.04397750214767,8.0,12.010994375536917,0.18905754254403281,0.5407210845110408,0.10803288145373303,0.16218849149119346,0.0,1.0,1.0,0.0,0.0,0.0,0.0,1.0,0.0,0.0,8.010994375536917,1.0,0.0,1.0,0.0,1.0,0.0,0.0,1.0,0.0,0.0,0.0,0.0,1.0,1.0,0.0,0.0,0.0,0.0,0.0,0.0,0.0,0.0,0.0,0.0,0.0,0.0,0.0,0.0,0.0,0.0,0.0,0.0,0.0,0.0,0.0,0.0,0.0,0.0,0.0,0.0,0.0,0.0,0.0,0.0,0.0,0.0,0.0,2.0
SMOTE_000064,attack,union," select * from users where id  =  1 or \<$ union select 1,@@VERSION -- 1",nearest_attack_euclidean,R000028,0.0022305469140812876,72.0,31.990102252800693,4.355092734020304,42.0,3.0,17.0,10.0,0.5833333333333334,0.04166666666666666,0.2361111111111111,0.1388888888888889,0.0,0.0,2.0,0.0,1.0,1.0,0.0,0.0,0.0,0.0,1.0,5.0,0.0,0.0,1.0,0.0,0.0,1.0,0.0,0.0,0.0,0.0,0.0,2.0,1.0,1.0,1.0,0.0,1.0,0.0,0.0,0.0,0.0,0.0,0.0,0.0,0.0,0.0,0.0,0.0,0.0,0.0,0.0,0.0,0.0,0.0,0.0,0.0,0.0,0.0,0.0,0.0,0.0,0.0,0.0,0.0,0.0,0.0,6.0
SMOTE_000065,attack,union,"-4400 union all select 3983,3983,3983,3983,3983,3983,3983,3983,3983,3983--",nearest_attack_euclidean,R000196,0.2460797856596342,74.0,18.367768269004518,3.498598157494573,13.999999999999998,44.0,4.0,12.0,0.1891891891891892,0.5945945945945946,0.05405405405405406,0.16216216216216217,0.0,0.0,3.0,0.0,0.0,0.0,0.0,0.0,0.0,0.0,9.0,3.0,0.0,0.0,1.0,0.0,0.0,0.0,0.0,0.0,0.0,0.0,0.0,1.0,1.0,0.0,0.0,0.0,0.0,0.0,0.0,0.0,0.0,0.0,0.0,0.0,0.0,0.0,0.0,0.0,0.0,0.0,0.0,0.0,0.0,0.0,0.0,0.0,0.0,0.0,0.0,0.0,0.0,0.0,0.0,0.0,0.0,0.0,2.0
SMOTE_000066,attack,union,"-1187'  )   union all select 8202,8202,8202,8202,8202,8202,8202#",nearest_attack_euclidean,R000173,0.09145232747417854,63.52403281701366,21.0,3.7065556048527473,13.999999999999998,31.61922625361093,8.0,9.904806563402731,0.22051470883522475,0.49757982788312033,0.12600840504869987,0.15589705823295505,1.0,0.0,1.0,0.0,0.0,0.0,0.0,1.0,0.0,0.0,5.904806563402732,1.0,1.0,0.0,0.0,1.0,0.0,0.0,1.0,0.0,0.0,0.0,0.0,1.0,1.0,0.0,0.0,0.0,0.0,0.0,0.0,0.0,0.0,0.0,0.0,0.0,0.0,0.0,0.0,0.0,0.0,0.0,0.0,0.0,0.0,0.0,0.0,0.0,0.0,0.0,0.0,0.0,0.0,0.0,0.0,0.0,0.0,0.0,2.0
SMOTE_000067,attack,union,"1""  )   as hymr where 5497  =  5497 union all select null,null,null,null--",nearest_attack_euclidean,R000260,0.6183192268363101,74.77260552307911,25.02444742840287,3.955496781993307,41.74815809467623,9.0,15.349631618935247,8.674815809467624,0.5568349138743504,0.12122104915463905,0.205650021006256,0.11629401596475457,0.0,1.0,2.0,0.0,0.0,1.0,0.0,1.0,0.0,0.0,3.6748158094676233,3.0,0.0,1.0,1.0,0.0,0.0,1.0,1.0,0.0,0.0,0.0,0.0,1.0,1.0,1.0,0.0,0.0,0.0,0.0,0.0,0.0,0.0,0.0,0.0,0.0,0.0,0.0,0.0,0.0,0.0,0.0,0.0,0.0,0.0,0.0,0.0,0.0,0.0,0.0,0.0,0.0,0.0,0.0,0.0,0.0,0.0,0.0,3.0
SMOTE_000068,attack,union,"1""   )    )     )   union all select null,null,null,null,null,null--",nearest_attack_euclidean,R000130,0.6406838335843208,68.24509737022726,16.245097370227253,3.1959214258530895,38.0,1.0,18.0,11.245097370227253,0.5568385123468381,0.014653645061758869,0.26376561111166014,0.16474223147974285,0.0,1.0,2.0,0.0,0.0,0.0,0.0,3.0,0.24509737022725242,0.0,5.0,2.0,0.0,1.0,1.0,0.0,0.0,0.0,1.0,0.0,0.0,0.0,0.0,1.0,1.0,0.0,0.0,0.0,0.0,0.0,0.0,0.0,0.0,0.0,0.0,0.0,0.0,0.0,0.0,0.0,0.0,0.0,0.0,0.0,0.0,0.0,0.0,0.0,0.0,0.0,0.0,0.0,0.0,0.0,0.0,0.0,0.0,0.0,2.0
SMOTE_000069,attack,union,"-4373'+  (  select 'rlht' where 2285  =  2285 union all select 2285,2285,2285#",nearest_attack_euclidean,R000065,4.046924964496989,78.0,28.460436708370946,4.2710118353465525,30.752524050045132,24.29208734167419,14.123737974977434,8.831650633303244,0.3942631288467325,0.3114370172009512,0.18107356378176198,0.11322629017055441,3.2920873416741885,0.0,0.7079126583258112,0.0,0.0,1.0,0.0,0.7079126583258112,0.0,0.0,1.707912658325811,2.415825316651622,1.0,0.0,0.0,0.7079126583258112,0.0,1.0,0.7079126583258112,0.0,0.0,0.0,0.0,1.7079126583258113,1.0,0.7079126583258111,0.0,0.29208734167418876,0.0,0.0,0.0,0.0,0.0,0.0,0.0,0.0,0.0,0.0,0.0,0.0,0.0,0.0,0.0,0.0,0.0,0.0,0.0,0.0,0.0,0.0,0.0,0.0,0.0,0.0,0.0,0.0,0.0,0.0,3.707912658325811
SMOTE_000070,attack,union,"1%""   )    )     )   union all select null,null,null,null,null,null--",nearest_attack_euclidean,R000183,1.1690614440467844,68.55276866599408,16.552768665994087,3.2153639384041406,38.0,1.0,18.0,11.552768665994085,0.5543467158338076,0.014588071469310737,0.26258528644759305,0.16847992624928876,0.0,1.0,2.0,0.0,0.0,0.0,0.0,3.0,0.5527686659940859,0.0,5.0,2.0,0.0,1.0,1.0,0.0,0.0,0.0,1.0,0.0,0.0,0.0,0.0,1.0,1.0,0.0,0.0,0.0,0.0,0.0,0.0,0.0,0.0,0.0,0.0,0.0,0.0,0.0,0.0,0.0,0.0,0.0,0.0,0.0,0.0,0.0,0.0,0.0,0.0,0.0,0.0,0.0,0.0,0.0,0.0,0.0,0.0,0.0,2.0
SMOTE_000071,attack,union," select * from users where id  =  1 union select @ 1a,version  (    )   -- 1",nearest_attack_euclidean,R000016,0.44699037486714144,76.0,26.0,3.8622789656603556,40.6600096669887,3.0,23.660009666988696,8.679980666022608,0.5350001271972197,0.03947368421052633,0.31131591667090386,0.11421027192135011,0.0,0.0,2.0,0.0,1.0,1.0,0.0,2.0,0.0,0.0,1.0,4.0,0.0,0.0,1.0,0.0,0.0,1.0,1.0,0.0,0.0,0.0,0.0,2.0,1.0,1.0,1.0,0.0,0.0,0.0,0.0,0.0,0.0,0.0,0.0,0.0,0.0,0.0,0.0,0.0,0.0,0.0,0.0,0.0,0.0,0.0,0.0,0.0,0.0,0.0,0.0,0.0,0.0,0.0,0.0,0.0,0.0,0.0,5.0
SMOTE_000072,attack,union,1'||  (  select 'ptkj' from dual where 6263  =  6263 union all select null--,nearest_attack_euclidean,R000172,2.3415002519910724,76.64143959781488,28.572373601456743,4.246096244540796,38.434241608740464,12.207197989074423,16.572373601456743,9.427626398543257,0.5026154794726624,0.15805697714678918,0.21645501674681203,0.12287252663373642,3.0,0.0,2.2138131992716286,0.0,0.0,1.0,0.0,1.0,0.0,0.0,0.42762639854325624,5.0,1.0,0.0,1.0,0.0,0.0,1.0,1.0,0.0,0.0,0.0,0.7861868007283718,2.0,1.0,1.0,0.7861868007283718,0.0,0.0,0.0,0.0,0.0,0.0,0.0,0.0,0.0,0.0,0.0,0.0,0.0,0.0,0.0,0.0,0.0,0.0,0.0,0.0,0.0,0.0,0.0,0.0,0.0,0.0,0.0,0.0,0.0,0.0,0.0,4.786186800728371
SMOTE_000073,attack,union," select * from users where id  =  1 +$+. union select null,@@VERSION -- 1",nearest_attack_euclidean,R000036,0.7643986051275075,72.39493250991057,31.697466254955287,4.405855318227876,44.0,2.0,15.697466254955286,10.697466254955286,0.6078763205795745,0.02763074184452613,0.2167848960936073,0.14770804148229202,0.0,0.0,2.0,0.0,1.302533745044714,1.0,0.0,0.0,0.0,0.0,1.0,5.697466254955286,0.0,0.0,1.0,0.0,0.0,1.0,0.0,0.0,0.0,0.0,0.0,2.0,1.0,1.0,1.0,0.0,0.0,0.0,0.0,0.0,0.0,0.0,0.0,0.0,0.0,0.0,0.0,0.0,0.0,0.0,0.0,0.0,0.0,0.0,0.0,0.0,0.0,0.0,0.0,0.0,0.0,0.0,0.0,0.0,0.0,0.0,5.0
SMOTE_000074,attack,union," select * from users where id  =  1 + \+*$ union select null,@@VERSION -- 1",nearest_attack_euclidean,R000026,0.5073362263532722,74.43293826886229,31.716469134431144,4.379259184670715,44.0,2.0,17.0,11.432938268862284,0.5912238750995542,0.026873812504525196,0.2284274062884641,0.15347490610745643,0.0,0.0,2.0,0.0,2.0,1.0,0.0,0.0,0.0,0.0,1.0,6.4329382688622845,0.0,0.0,1.0,0.0,0.0,1.0,0.0,0.0,0.0,0.0,0.0,2.0,1.0,1.0,1.0,0.0,0.0,0.0,0.0,0.0,0.0,0.0,0.0,0.0,0.0,0.0,0.0,0.0,0.0,0.0,0.0,0.0,0.0,0.0,0.0,0.0,0.0,0.0,0.0,0.0,0.0,0.0,0.0,0.0,0.0,0.0,5.0
SMOTE_000075,attack,union,"-3955%'   )    )    union all select 7999,7999,7999,7999,7999,7999,7999,7999,7999#",nearest_attack_euclidean,R000063,0.6605192812758973,82.0,21.745560275516706,3.394786674285572,13.999999999999998,38.50887944896659,15.491120551033411,14.0,0.17073170731707318,0.46962048108495835,0.18891610428089528,0.17073170731707318,1.0,0.0,1.0,0.0,0.0,0.0,0.0,2.372780137758353,1.0,0.0,7.627219862241647,1.0,1.0,0.0,0.0,1.0,0.0,0.0,1.0,0.0,0.0,0.0,0.0,1.0,1.0,0.0,0.0,0.0,0.0,0.0,0.0,0.0,0.0,0.0,0.0,0.0,0.0,0.0,0.0,0.0,0.0,0.0,0.0,0.0,0.0,0.0,0.0,0.0,0.0,0.0,0.0,0.0,0.0,0.0,0.0,0.0,0.0,0.0,2.0
SMOTE_000076,attack,union," select * from users where id  =  '1' or $ .  =  1 union select 1,@@VERSION -- 1'",nearest_attack_euclidean,R000008,1.0717313616984976,78.3155295772403,32.0,4.315732465759942,42.0,3.552588262873382,19.762941314366913,13.0,0.5370778202067338,0.04518477876276261,0.25149902810937175,0.1662383729211319,3.0,0.0,2.0,0.0,1.0,1.5525882628733827,0.0,0.0,0.0,0.0,1.0,5.0,1.0,0.0,1.0,0.0,0.0,1.0,0.0,0.0,0.0,0.0,0.0,2.0,1.0,1.0,1.0,0.0,1.0,0.0,0.0,0.0,0.0,0.0,0.0,0.0,0.0,0.0,0.0,0.0,0.0,0.0,0.0,0.0,0.0,0.0,0.0,0.0,0.0,0.0,0.0,0.0,0.0,0.0,0.0,0.0,0.0,0.0,6.0
SMOTE_000077,attack,union," select * from users where id  =  1.  union select 1,version  (    )   -- 1",nearest_attack_euclidean,R000030,0.08032558845170039,75.26323421594573,25.263234215945726,3.8067074648024706,40.26323421594573,3.0,24.0,8.0,0.5349496837821228,0.03986145567581803,0.3188916454065443,0.10629721513551477,0.0,0.0,2.0,0.0,1.0,1.0,0.0,2.0,0.0,0.0,1.0,4.0,0.0,0.0,1.0,0.0,0.0,1.0,1.0,0.0,0.0,0.0,0.0,2.0,1.0,1.0,1.0,0.0,0.0,0.0,0.0,0.0,0.0,0.0,0.0,0.0,0.0,0.0,0.0,0.0,0.0,0.0,0.0,0.0,0.0,0.0,0.0,0.0,0.0,0.0,0.0,0.0,0.0,0.0,0.0,0.0,0.0,0.0,5.0
SMOTE_000078,attack,union,"1  )   where 1443  =  1443 union all select null,null,null,null,null#",nearest_attack_euclidean,R000071,0.08991746678512437,69.42271544684365,21.16908617873746,3.6878124309411002,39.33817235747492,9.0,14.0,7.084543089368729,0.56655855664686,0.12968969075174444,0.20173951894715805,0.10201223365423753,0.0,0.0,0.0,0.0,0.0,1.0,0.0,1.0,0.0,0.0,4.084543089368729,1.0,0.0,0.0,0.0,1.0,0.0,1.0,1.0,0.0,0.0,0.0,0.0,1.0,1.0,1.0,0.0,0.0,0.0,0.0,0.0,0.0,0.0,0.0,0.0,0.0,0.0,0.0,0.0,0.0,0.0,0.0,0.0,0.0,0.0,0.0,0.0,0.0,0.0,0.0,0.0,0.0,0.0,0.0,0.0,0.0,0.0,0.0,3.0
SMOTE_000079,attack,union,"1'  )   union all select null,null,null,null,null,null,null,null,null--",nearest_attack_euclidean,R000167,0.36468749531514894,72.95497032623685,16.0,3.096394346287115,51.56397626098948,1.0,8.0,12.39099406524737,0.7066889915156431,0.013722207130052455,0.10977765704041981,0.16981114431388455,1.0,0.0,2.0,0.0,0.0,0.0,0.0,1.0,0.0,0.0,8.39099406524737,2.0,1.0,0.0,1.0,0.0,0.0,0.0,1.0,0.0,0.0,0.0,0.0,1.0,1.0,0.0,0.0,0.0,0.0,0.0,0.0,0.0,0.0,0.0,0.0,0.0,0.0,0.0,0.0,0.0,0.0,0.0,0.0,0.0,0.0,0.0,0.0,0.0,0.0,0.0,0.0,0.0,0.0,0.0,0.0,0.0,0.0,0.0,2.0
SMOTE_000080,attack,union,"1' where 3760  =  3760 union all select null,null,null,null,null,null,null,null#",nearest_attack_euclidean,R000223,1.072454621710488,74.40236780952354,22.6268245206349,3.724785370667873,46.52189424761883,9.0,10.0,8.880473561904708,0.6235059195238088,0.12218820956044002,0.1357646772893778,0.11854119362637332,1.0,0.0,0.0,0.0,0.0,1.0,0.0,0.0,0.0,0.0,5.880473561904708,1.0,1.0,0.0,0.0,1.0,0.0,1.0,0.0,0.0,0.0,0.0,0.0,1.0,1.0,1.0,0.0,0.0,0.0,0.0,0.0,0.0,0.0,0.0,0.0,0.0,0.0,0.0,0.0,0.0,0.0,0.0,0.0,0.0,0.0,0.0,0.0,0.0,0.0,0.0,0.0,0.0,0.0,0.0,0.0,0.0,0.0,0.0,3.0
SMOTE_000081,attack,union,"-9078 union all select 3779,3779,3779,3779,3779,3779,3779,3779--",nearest_attack_euclidean,R000231,0.20844492308148266,65.0482279734579,18.20964559469158,3.473615578730037,13.999999999999998,36.83858237876632,4.0,10.20964559469158,0.21565135311900113,0.5658642451850844,0.061614672319714625,0.15686972937619978,0.0,0.0,3.0,0.0,0.0,0.0,0.0,0.0,0.0,0.0,7.2096455946915805,3.0,0.0,0.0,1.0,0.0,0.0,0.0,0.0,0.0,0.0,0.0,0.0,1.0,1.0,0.0,0.0,0.0,0.0,0.0,0.0,0.0,0.0,0.0,0.0,0.0,0.0,0.0,0.0,0.0,0.0,0.0,0.0,0.0,0.0,0.0,0.0,0.0,0.0,0.0,0.0,0.0,0.0,0.0,0.0,0.0,0.0,0.0,2.0
SMOTE_000082,attack,union,"-8308""  )   union all select 3084,3084,3084,3084,3084,3084,3084,3084,3084#",nearest_attack_euclidean,R000269,0.05776950216989109,73.69845237728778,20.060309524542443,3.6470519581396923,13.999999999999998,39.758761901830226,8.0,11.939690475457555,0.19008058841173378,0.5393180501781938,0.1086174790924193,0.16198388231765326,0.0,1.0,1.0,0.0,0.0,0.0,0.0,1.0,0.0,0.0,7.939690475457556,1.0,0.0,1.0,0.0,1.0,0.0,0.0,1.0,0.0,0.0,0.0,0.0,1.0,1.0,0.0,0.0,0.0,0.0,0.0,0.0,0.0,0.0,0.0,0.0,0.0,0.0,0.0,0.0,0.0,0.0,0.0,0.0,0.0,0.0,0.0,0.0,0.0,0.0,0.0,0.0,0.0,0.0,0.0,0.0,0.0,0.0,0.0,2.0
SMOTE_000083,attack,union,"-4400 union all select 3983,3983,3983,3983,3983,3983,3983,3983,3983,3983--",nearest_attack_euclidean,R000196,0.24778592344754913,74.0,18.370318105998503,3.4991896346760827,13.999999999999998,44.0,4.0,12.0,0.1891891891891892,0.5945945945945946,0.05405405405405406,0.16216216216216217,0.0,0.0,3.0,0.0,0.0,0.0,0.0,0.0,0.0,0.0,9.0,3.0,0.0,0.0,1.0,0.0,0.0,0.0,0.0,0.0,0.0,0.0,0.0,1.0,1.0,0.0,0.0,0.0,0.0,0.0,0.0,0.0,0.0,0.0,0.0,0.0,0.0,0.0,0.0,0.0,0.0,0.0,0.0,0.0,0.0,0.0,0.0,0.0,0.0,0.0,0.0,0.0,0.0,0.0,0.0,0.0,0.0,0.0,2.0
SMOTE_000084,attack,union,"-4764  )   where 8200  =  8200 union all select 8200,8200,8200,8200--",nearest_attack_euclidean,R000247,0.20318356116130284,69.9855368839486,24.19710737678972,3.9048186970675047,19.0,28.788429507158874,14.0,8.197107376789718,0.27169502530453915,0.41104712166929136,0.20019633443492357,0.11706151859124596,0.0,0.0,3.0,0.0,0.0,1.0,0.0,1.0,0.0,0.0,3.197107376789719,4.0,0.0,0.0,1.0,0.0,0.0,1.0,1.0,0.0,0.0,0.0,0.0,1.0,1.0,1.0,0.0,0.0,0.0,0.0,0.0,0.0,0.0,0.0,0.0,0.0,0.0,0.0,0.0,0.0,0.0,0.0,0.0,0.0,0.0,0.0,0.0,0.0,0.0,0.0,0.0,0.0,0.0,0.0,0.0,0.0,0.0,0.0,3.0
SMOTE_000085,attack,union,"-5771'   )    )    union all select 2833,2833,2833,2833,2833,2833--",nearest_attack_euclidean,R000080,0.39198026437621036,67.76118121158875,21.576118121158874,3.8570081622815287,13.999999999999998,28.608944969271,14.0,11.152236242317748,0.2077382309672396,0.4201358062313333,0.2077382309672396,0.16438773183418748,1.0,0.0,3.0,0.0,0.0,0.0,0.0,2.0,0.0,0.0,5.152236242317749,3.0,1.0,0.0,1.0,0.0,0.0,0.0,1.0,0.0,0.0,0.0,0.0,1.0,1.0,0.0,0.0,0.0,0.0,0.0,0.0,0.0,0.0,0.0,0.0,0.0,0.0,0.0,0.0,0.0,0.0,0.0,0.0,0.0,0.0,0.0,0.0,0.0,0.0,0.0,0.0,0.0,0.0,0.0,0.0,0.0,0.0,0.0,2.0
SMOTE_000086,attack,union,"-5903%'  )   union all select 8293,8293,8293,8293,8293,8293,8293,8293#",nearest_attack_euclidean,R000252,0.642614032163945,69.19212553191872,22.730708510639577,3.792349836473559,13.999999999999998,33.8456680851166,9.615748936162548,11.730708510639575,0.20241156557636203,0.4883326752258183,0.13977940752154128,0.16947635167627836,1.0,0.0,1.0,0.0,0.0,0.0,0.0,1.2692914893604246,1.0,0.0,6.461417021279151,1.0,1.0,0.0,0.0,1.0,0.0,0.0,1.0,0.0,0.0,0.0,0.0,1.0,1.0,0.0,0.0,0.0,0.0,0.0,0.0,0.0,0.0,0.0,0.0,0.0,0.0,0.0,0.0,0.0,0.0,0.0,0.0,0.0,0.0,0.0,0.0,0.0,0.0,0.0,0.0,0.0,0.0,0.0,0.0,0.0,0.0,0.0,2.0
SMOTE_000087,attack,union," select * from users where id  =  1 union select 1`\`,version  (    )   -- 1",nearest_attack_euclidean,R000042,3.332006268787679,75.6756100716274,26.0,3.8752516680422153,40.0,2.6756100716274016,23.324389928372597,9.675610071627402,0.5285922100236673,0.03531921670680707,0.3082657198085767,0.12782285346094885,0.0,0.0,2.0,0.0,1.0,1.0,0.0,2.0,0.0,0.32438992837259917,1.0,4.0,0.0,0.0,1.0,0.0,0.0,1.0,1.0,0.0,0.0,0.0,0.0,2.0,1.0,1.0,1.0,0.0,0.0,0.0,0.0,0.0,0.0,0.0,0.0,0.0,0.0,0.0,0.0,0.0,0.0,0.0,0.0,0.0,0.0,0.0,0.0,0.0,0.0,0.0,0.0,0.0,0.0,0.0,0.0,0.0,0.0,0.0,5.0
SMOTE_000088,attack,union,"1  )   as ghew where 6441  =  6441 union all select null,null--",nearest_attack_euclidean,R000059,1.0387797838376194,61.38440716704313,23.211694624717655,3.9187371476011834,31.38440716704313,9.0,16.0,5.0,0.5107700336323093,0.14676898991030718,0.260922648729435,0.08153832772794845,0.4038982082392179,0.0,2.0,0.0,0.0,1.0,0.0,1.0,0.0,0.0,0.5961017917607823,3.0,0.40389820823921796,0.0,1.0,0.0,0.0,1.0,1.0,0.0,0.0,0.0,0.0,1.0,1.0,1.0,0.0,0.0,0.0,0.0,0.0,0.0,0.0,0.0,0.0,0.0,0.0,0.0,0.0,0.0,0.0,0.0,0.0,0.0,0.0,0.0,0.0,0.0,0.0,0.0,0.0,0.0,0.0,0.0,0.0,0.0,0.0,0.0,3.0
SMOTE_000089,attack,union,-4965  )   as imga where 3705  =  3705 union all select 3705--,nearest_attack_euclidean,R000244,0.5454230956234403,63.62913726357888,25.59271568410528,4.049622750571383,26.629137263578887,14.574504894368475,17.221852947684162,5.20364215794736,0.4171147646894974,0.23169426433953533,0.2695135222440452,0.0816774487269221,0.0,0.0,2.7963578420526396,0.0,0.0,1.0,0.0,1.2036421579473606,0.0,0.0,0.2036421579473604,3.796357842052639,0.0,0.0,1.0,0.0,0.0,1.0,1.0,0.0,0.0,0.0,0.0,1.0,1.0,1.0,0.0,0.0,0.0,0.0,0.0,0.0,0.0,0.0,0.0,0.0,0.0,0.0,0.0,0.0,0.0,0.0,0.0,0.0,0.0,0.0,0.0,0.0,0.0,0.0,0.0,0.0,0.0,0.0,0.0,0.0,0.0,0.0,3.0
SMOTE_000090,attack,union," select * from users where id  =  1.<1# union select 1,version  (    )   -- 1",nearest_attack_euclidean,R000025,0.2530707926272279,77.0,26.632849987745903,3.913000728816189,40.0,4.367150012254095,23.0,9.632849987745903,0.5194805194805194,0.05671623392537786,0.2987012987012987,0.12510194789280393,0.0,0.0,2.0,0.0,1.0,1.0,0.0,2.0,0.0,0.0,1.0,5.0,0.0,0.0,1.0,1.0,0.0,1.0,1.0,0.0,0.0,0.0,0.0,2.0,1.0,1.0,1.0,0.0,0.0,0.0,0.0,0.0,0.0,0.0,0.0,0.0,0.0,0.0,0.0,0.0,0.0,0.0,0.0,0.0,0.0,0.0,0.0,0.0,0.0,0.0,0.0,0.0,0.0,0.0,0.0,0.0,0.0,0.0,5.0
SMOTE_000091,attack,union,"-9937'   )    )    union all select 3900,3900,3900,3900,3900,3900,3900,3900,3900#",nearest_attack_euclidean,R000246,0.7870430894048461,78.998814775439,20.4002370449122,3.4983002006356605,13.999999999999998,36.79810364070241,15.600948179648798,12.599762955087801,0.17739060967249093,0.4647000980960582,0.19845571729944875,0.15945357493200207,1.0,0.0,1.0,0.0,0.0,0.0,0.0,2.4002370449122,0.0,0.0,7.1995259101756,1.0,1.0,0.0,0.0,1.0,0.0,0.0,1.0,0.0,0.0,0.0,0.0,1.0,1.0,0.0,0.0,0.0,0.0,0.0,0.0,0.0,0.0,0.0,0.0,0.0,0.0,0.0,0.0,0.0,0.0,0.0,0.0,0.0,0.0,0.0,0.0,0.0,0.0,0.0,0.0,0.0,0.0,0.0,0.0,0.0,0.0,0.0,2.0
SMOTE_000092,attack,union," select * from users where id  =  '1' or \<$ union select 1,@@VERSION -- 1'",nearest_attack_euclidean,R000047,0.4594536338665495,76.28167615672776,33.0,4.399615816828282,42.0,3.1830965938182505,17.915482969091254,13.18309659381825,0.5512470896613715,0.041607677409135874,0.23428824845812557,0.17285698447136716,3.0,0.0,2.0,0.0,1.0,1.1830965938182512,0.0,0.0,0.0,0.0,1.0,5.1830965938182505,1.0,0.0,1.0,0.0,0.0,1.0,0.0,0.0,0.0,0.0,0.0,2.0,1.0,1.0,1.0,0.0,1.0,0.0,0.0,0.0,0.0,0.0,0.0,0.0,0.0,0.0,0.0,0.0,0.0,0.0,0.0,0.0,0.0,0.0,0.0,0.0,0.0,0.0,0.0,0.0,0.0,0.0,0.0,0.0,0.0,0.0,6.0
SMOTE_000093,attack,union,"1%""   )    )    union all select null,null,null,null,null,null,null,null--",nearest_attack_euclidean,R000139,0.444099485744035,76.36895472273667,17.0,3.1994520838706872,47.89516377818934,1.0,14.0,13.473790944547336,0.6269706127848313,0.013108286910240075,0.18351601674336068,0.17640508356156792,0.0,1.0,2.0,0.0,0.0,0.0,0.0,2.0,1.0,0.0,7.473790944547336,2.0,0.0,1.0,1.0,0.0,0.0,0.0,1.0,0.0,0.0,0.0,0.0,1.0,1.0,0.0,0.0,0.0,0.0,0.0,0.0,0.0,0.0,0.0,0.0,0.0,0.0,0.0,0.0,0.0,0.0,0.0,0.0,0.0,0.0,0.0,0.0,0.0,0.0,0.0,0.0,0.0,0.0,0.0,0.0,0.0,0.0,0.0,2.0
SMOTE_000094,attack,union,"-8073   )    )     )   union all select 4481,4481,4481,4481--",nearest_attack_euclidean,R000238,0.6782238059263725,62.47766081296517,20.0,3.611775262014921,13.999999999999998,20.985107208643445,18.0,9.492553604321722,0.22444647629520129,0.33534091594517906,0.28857404095097305,0.15163856680864657,0.24627680216086162,0.0,3.0,0.0,0.0,0.0,0.0,3.0,0.0,0.0,3.2462768021608612,3.0,0.24627680216086154,0.0,1.0,0.0,0.0,0.0,1.0,0.0,0.0,0.0,0.0,1.0,1.0,0.0,0.0,0.0,0.0,0.0,0.0,0.0,0.0,0.0,0.0,0.0,0.0,0.0,0.0,0.0,0.0,0.0,0.0,0.0,0.0,0.0,0.0,0.0,0.0,0.0,0.0,0.0,0.0,0.0,0.0,0.0,0.0,0.0,2.0
SMOTE_000095,attack,union,"-3997'+  (  select 'avjk' where 1917  =  1917 union all select 1917,1917,1917--",nearest_attack_euclidean,R000232,1.356059061223151,78.62851595761967,27.247656028253555,4.145355402068184,30.485936169521324,22.142579788098345,15.247656028253553,10.752343971746447,0.3884347092973375,0.2808426749295299,0.1940601410505889,0.13666247472254378,3.0,0.0,2.8761719858732233,0.0,0.0,1.0,0.0,1.0,0.0,0.0,1.7523439717464457,5.0,1.0,0.0,1.0,0.0,0.0,1.0,1.0,0.0,0.0,0.0,0.12382801412677688,2.0,1.0,1.0,0.1238280141267769,0.0,0.0,0.0,0.0,0.0,0.0,0.0,0.0,0.0,0.0,0.0,0.0,0.0,0.0,0.0,0.0,0.0,0.0,0.0,0.0,0.0,0.0,0.0,0.0,0.0,0.0,0.0,0.0,0.0,0.0,0.0,4.123828014126778
SMOTE_000096,attack,union,"1%'   )    )     )   union all select null,null,null,null,null,null#",nearest_attack_euclidean,R000123,0.11622380242773209,68.0,17.0,3.2107937645055333,38.30397067901117,1.0,17.696029320988828,11.0,0.5632936864560467,0.01470588235294118,0.26023572530865924,0.16176470588235295,1.0,0.0,0.0,0.0,0.0,0.0,0.0,2.9240073302472074,1.0,0.0,5.075992669752792,0.0,1.0,0.0,0.0,1.0,0.0,0.0,1.0,0.0,0.0,0.0,0.0,1.0,1.0,0.0,0.0,0.0,0.0,0.0,0.0,0.0,0.0,0.0,0.0,0.0,0.0,0.0,0.0,0.0,0.0,0.0,0.0,0.0,0.0,0.0,0.0,0.0,0.0,0.0,0.0,0.0,0.0,0.0,0.0,0.0,0.0,0.0,2.0
SMOTE_000097,attack,union,"-5066'   )    )    union all select 9689,9689,9689,9689#",nearest_attack_euclidean,R000272,0.6055689832289913,56.758821577223465,21.0,3.756787831017546,13.999999999999998,22.023524205929238,12.48235684555307,8.252940525741154,0.2467846543337989,0.3868465266306199,0.2210618890041899,0.14530693003139133,1.0,0.0,1.0,0.0,0.0,0.0,0.0,1.7470594742588452,0.0,0.0,3.5058810514823096,1.0,1.0,0.0,0.0,1.0,0.0,0.0,1.0,0.0,0.0,0.0,0.0,1.0,1.0,0.0,0.0,0.0,0.0,0.0,0.0,0.0,0.0,0.0,0.0,0.0,0.0,0.0,0.0,0.0,0.0,0.0,0.0,0.0,0.0,0.0,0.0,0.0,0.0,0.0,0.0,0.0,0.0,0.0,0.0,0.0,0.0,0.0,2.0
SMOTE_000098,attack,union,"1234 "" AND 1  =  0 UNION ALL SELECT ""admin"", ""81dc9bdb52d04dc20036dbd8313ed055",nearest_attack_euclidean,R000005,6.424088269754525,75.35117055465555,31.558528425775926,4.4410054012036095,30.58528425775925,24.558528425775926,13.765886296896301,6.4414715742240745,0.4039104705648642,0.32617271249005225,0.18403224439138977,0.08588457255369383,0.0,2.675585277327775,0.4414715742240751,0.0,0.0,1.0,0.0,0.44147157422407524,0.0,0.0,1.441471574224075,1.4414715742240751,0.0,1.0,0.0,0.4414715742240751,0.0,1.0,0.4414715742240752,0.0,0.0,0.0,0.0,1.0,1.0,0.4414715742240751,0.0,0.5585284257759249,0.0,0.0,0.0,0.0,0.0,0.0,0.0,0.0,0.0,0.0,0.0,0.0,0.0,0.0,0.0,0.0,0.0,0.0,0.0,0.0,0.0,0.0,0.0,0.0,0.0,0.0,0.0,0.0,0.0,0.0,3.0
SMOTE_000099,attack,union,"-8521'  )   union all select 2446,2446,2446,2446,2446,2446,2446#",nearest_attack_euclidean,R000261,0.8962492833678001,67.1072745694491,22.0,3.790726855224315,13.999999999999998,32.0,10.66337820238494,10.443896367064157,0.20917653081595786,0.47811778472218947,0.15704181522822258,0.15566386923363007,1.0,0.0,1.0,0.0,0.0,0.0,0.0,1.443896367064157,0.0,0.0,6.0,1.0,1.0,0.0,0.0,1.0,0.0,0.0,1.0,0.0,0.0,0.0,0.0,1.0,1.0,0.0,0.0,0.0,0.0,0.0,0.0,0.0,0.0,0.0,0.0,0.0,0.0,0.0,0.0,0.0,0.0,0.0,0.0,0.0,0.0,0.0,0.0,0.0,0.0,0.0,0.0,0.0,0.0,0.0,0.0,0.0,0.0,0.0,2.0
SMOTE_000100,attack,union,"1'  )   where 8211  =  8211 union all select null,null,null,null,null#",nearest_attack_euclidean,R000068,0.48720633730125007,73.04143660618237,22.0,3.7617672232311303,41.28107745463678,9.0,14.760359151545593,8.0,0.5646628927075937,0.12355807152827081,0.2019496388501169,0.1098293969140185,1.0,0.0,0.0,0.0,0.0,1.0,0.0,1.0,0.0,0.0,4.0,1.0,1.0,0.0,0.0,1.0,0.0,1.0,1.0,0.0,0.0,0.0,0.0,1.0,1.0,1.0,0.0,0.0,0.0,0.0,0.0,0.0,0.0,0.0,0.0,0.0,0.0,0.0,0.0,0.0,0.0,0.0,0.0,0.0,0.0,0.0,0.0,0.0,0.0,0.0,0.0,0.0,0.0,0.0,0.0,0.0,0.0,0.0,3.0
SMOTE_000101,attack,union,"-5771'   )    )    union all select 2833,2833,2833,2833,2833,2833--",nearest_attack_euclidean,R000080,0.10103623617450928,66.85069891018887,21.0,3.764917407960923,13.999999999999998,27.8805591281511,14.0,10.970139782037775,0.2105936862135654,0.41491440235233756,0.21059368621356536,0.16389822522053166,1.0,0.0,3.0,0.0,0.0,0.0,0.0,2.0,0.0,0.0,4.970139782037775,3.0,1.0,0.0,1.0,0.0,0.0,0.0,1.0,0.0,0.0,0.0,0.0,1.0,1.0,0.0,0.0,0.0,0.0,0.0,0.0,0.0,0.0,0.0,0.0,0.0,0.0,0.0,0.0,0.0,0.0,0.0,0.0,0.0,0.0,0.0,0.0,0.0,0.0,0.0,0.0,0.0,0.0,0.0,0.0,0.0,0.0,0.0,2.0
SMOTE_000102,attack,union,"1 where 1326  =  1326 union all select null,null,null,null,null,null--",nearest_attack_euclidean,R000168,0.8971422381682581,67.61733052829632,21.26474105241152,3.7760553290599934,40.882071580707844,9.0,10.0,7.7352589475884805,0.6035596716470275,0.1335934485352068,0.14843716503911866,0.11440971477864709,0.0,0.26474105241151935,2.0,0.0,0.0,1.0,0.0,0.0,0.0,0.0,4.470517895176961,3.0,0.0,0.26474105241151935,1.0,0.0,0.0,1.0,0.0,0.0,0.0,0.0,0.0,1.0,1.0,1.0,0.0,0.0,0.0,0.0,0.0,0.0,0.0,0.0,0.0,0.0,0.0,0.0,0.0,0.0,0.0,0.0,0.0,0.0,0.0,0.0,0.0,0.0,0.0,0.0,0.0,0.0,0.0,0.0,0.0,0.0,0.0,0.0,3.0
SMOTE_000103,attack,union," select * from users where id  =  '1' or \<\ union select 1,@@VERSION -- 1'",nearest_attack_euclidean,R000002,0.6885416587266373,76.72465767425176,32.0,4.354620322145173,42.0,3.2874429457086247,18.437214728543125,13.0,0.5480764407706051,0.04269699553998216,0.23958385583184438,0.16964270785756827,3.0,0.0,2.0,0.0,1.0,1.2874429457086254,0.0,0.0,0.0,0.0,1.0,5.0,1.0,0.0,1.0,0.0,0.0,1.0,0.0,0.0,0.0,0.0,0.0,2.0,1.0,1.0,1.0,0.0,1.0,0.0,0.0,0.0,0.0,0.0,0.0,0.0,0.0,0.0,0.0,0.0,0.0,0.0,0.0,0.0,0.0,0.0,0.0,0.0,0.0,0.0,0.0,0.0,0.0,0.0,0.0,0.0,0.0,0.0,6.0
SMOTE_000104,attack,union,"-8419  )   where 8692  =  8692 union all select 8692,8692,8692--",nearest_attack_euclidean,R000197,0.19779899296812528,63.805424893297534,24.194575106702466,3.995572480016442,19.583725320107398,23.221699573190133,14.194575106702466,6.805424893297534,0.30722160975660795,0.3636236328742509,0.22257481308538113,0.10657994428375994,0.0,0.0,3.0,0.0,0.0,1.0,0.0,1.0,0.0,0.0,1.8054248932975336,4.0,0.0,0.0,1.0,0.0,0.0,1.0,1.0,0.0,0.0,0.0,0.0,1.0,1.0,1.0,0.0,0.0,0.0,0.0,0.0,0.0,0.0,0.0,0.0,0.0,0.0,0.0,0.0,0.0,0.0,0.0,0.0,0.0,0.0,0.0,0.0,0.0,0.0,0.0,0.0,0.0,0.0,0.0,0.0,0.0,0.0,0.0,3.0
SMOTE_000105,attack,union," select * from users where id  =  1 + \+*$ union select null,@@VERSION -- 1",nearest_attack_euclidean,R000026,1.7103985301932045,75.0,32.0,4.40669710625772,42.51220711142536,2.3719482221436596,17.0,13.115844666430977,0.5668294281523382,0.0316259762952488,0.22666666666666666,0.17487792888574638,1.115844666430978,0.0,2.0,0.0,2.0,1.0,0.0,0.0,0.0,0.0,1.0,7.0,0.3719482221436594,0.0,1.0,0.0,0.0,1.0,0.0,0.0,0.0,0.0,0.0,2.0,1.0,1.0,1.0,0.0,0.0,0.0,0.0,0.0,0.0,0.0,0.0,0.0,0.0,0.0,0.0,0.0,0.0,0.0,0.0,0.0,0.0,0.0,0.0,0.0,0.0,0.0,0.0,0.0,0.0,0.0,0.0,0.0,0.0,0.0,5.0
SMOTE_000106,attack,union,-3666'  )   where 6386  =  6386 union all select 6386--,nearest_attack_euclidean,R000184,1.1352846688857072,57.935902821985806,21.97863427399527,3.788802123870259,24.87180564397162,12.574780041016556,14.0,6.489317136997634,0.425087081013624,0.2207566191070455,0.2422942952286732,0.11186200465065724,1.0,0.0,2.510682863002365,0.0,0.0,1.0,0.0,1.0,0.0,0.0,0.9786342739952696,3.510682863002365,1.0,0.0,1.0,0.0,0.0,1.0,1.0,0.0,0.0,0.0,0.0,1.0,1.0,1.0,0.0,0.0,0.0,0.0,0.0,0.0,0.0,0.0,0.0,0.0,0.0,0.0,0.0,0.0,0.0,0.0,0.0,0.0,0.0,0.0,0.0,0.0,0.0,0.0,0.0,0.0,0.0,0.0,0.0,0.0,0.0,0.0,3.0
SMOTE_000107,attack,union,"-6632  )   union all select 4073,4073,4073,4073,4073,4073,4073,4073--",nearest_attack_euclidean,R000076,0.5364367635023911,69.0,19.800461095334875,3.7668084457056596,13.999999999999998,36.798155618660516,7.20184438133949,11.0,0.2028985507246377,0.5333066031689928,0.10437455625129696,0.15942028985507245,0.0,0.0,3.0,0.0,0.0,0.0,0.0,0.8004610953348725,0.0,0.0,7.199538904665127,3.0,0.0,0.0,1.0,0.0,0.0,0.0,0.8004610953348725,0.0,0.0,0.0,0.0,1.0,1.0,0.0,0.0,0.0,0.0,0.0,0.0,0.0,0.0,0.0,0.0,0.0,0.0,0.0,0.0,0.0,0.0,0.0,0.0,0.0,0.0,0.0,0.0,0.0,0.0,0.0,0.0,0.0,0.0,0.0,0.0,0.0,0.0,0.0,2.0
SMOTE_000108,attack,union,"-6906' where 1839  =  1839 union all select 1839,1839,1839,1839,1839--",nearest_attack_euclidean,R000157,0.5488336645389448,70.88312797735944,23.77921800566014,4.027422641045593,19.0,32.883127977359436,10.0,9.0,0.26818929892474336,0.46362140215051323,0.1411522625919702,0.1270370363327732,0.7792180056601415,0.0,3.0,0.0,0.0,1.0,0.0,0.0,0.0,0.0,4.220781994339858,4.0,0.7792180056601414,0.0,1.0,0.0,0.0,1.0,0.0,0.0,0.0,0.0,0.0,1.0,1.0,1.0,0.0,0.0,0.0,0.0,0.0,0.0,0.0,0.0,0.0,0.0,0.0,0.0,0.0,0.0,0.0,0.0,0.0,0.0,0.0,0.0,0.0,0.0,0.0,0.0,0.0,0.0,0.0,0.0,0.0,0.0,0.0,0.0,3.0
SMOTE_000109,attack,union,"1'  )   where 9006  =  9006 union all select null,null,null,null,null,null--",nearest_attack_euclidean,R000160,2.2474023316827565,77.40724986959586,24.876333159461154,3.931335775393296,36.43283394188596,16.03624934797933,14.469083289865289,10.469083289865289,0.4725822177199718,0.2053780315822895,0.18686689404653894,0.13517285665119974,1.9381665797305767,0.0,2.4690832898652886,0.0,0.0,1.0,0.0,1.0,0.0,0.0,3.5927501304041343,3.938166579730577,1.0,0.0,1.0,0.0,0.0,1.0,1.0,0.0,0.0,0.0,0.0,1.4690832898652886,1.0,1.0,0.0,0.0,0.0,0.0,0.0,0.0,0.0,0.0,0.0,0.0,0.0,0.0,0.0,0.0,0.0,0.0,0.0,0.0,0.0,0.0,0.0,0.0,0.0,0.0,0.0,0.0,0.0,0.0,0.0,0.0,0.0,0.0,3.4690832898652886
SMOTE_000110,attack,union,"-7235""  )   union all select 4624,4624,4624,4624,4624,4624,4624,4624,4624,4624#",nearest_attack_euclidean,R000091,0.39778822203749076,78.27693722817739,22.0,3.561306597929182,13.999999999999998,44.0,7.421549782541912,12.855387445635477,0.1789467805004305,0.5624041672870672,0.09443840831258843,0.1642106438999139,0.0,1.0,1.0,0.0,0.0,0.0,0.0,0.8553874456354778,0.0,0.0,9.0,1.0,0.0,1.0,0.0,1.0,0.0,0.0,0.8553874456354778,0.0,0.0,0.0,0.0,1.0,1.0,0.0,0.0,0.0,0.0,0.0,0.0,0.0,0.0,0.0,0.0,0.0,0.0,0.0,0.0,0.0,0.0,0.0,0.0,0.0,0.0,0.0,0.0,0.0,0.0,0.0,0.0,0.0,0.0,0.0,0.0,0.0,0.0,0.0,2.0
SMOTE_000111,attack,union,"1""  )   union all select null,null,null,null,null,null,null--",nearest_attack_euclidean,R000285,0.046971852738096044,61.047989304709,16.0,3.2174702521640364,41.90402139058201,1.0,8.14396791412699,10.0,0.6864766468976644,0.01638095516401017,0.13333284629822387,0.16380955164010147,0.0,1.0,2.0,0.0,0.0,0.0,0.0,1.023994652354498,0.0,0.0,5.976005347645502,2.0,0.0,1.0,1.0,0.0,0.0,0.0,1.0,0.0,0.0,0.0,0.0,1.0,1.0,0.0,0.0,0.0,0.0,0.0,0.0,0.0,0.0,0.0,0.0,0.0,0.0,0.0,0.0,0.0,0.0,0.0,0.0,0.0,0.0,0.0,0.0,0.0,0.0,0.0,0.0,0.0,0.0,0.0,0.0,0.0,0.0,0.0,2.0
SMOTE_000112,attack,union,"-5145' where 2334  =  2334 union all select 2334,2334,2334,2334--",nearest_attack_euclidean,R000220,0.5473657405731143,63.438075889280924,22.82645287658677,3.908181384407132,21.082565480958763,24.702604655148622,10.0,7.652905753173539,0.33764926218845664,0.38390197189142705,0.15813715415032714,0.12031161176978919,1.0,0.0,2.82645287658677,0.0,0.0,1.0,0.0,0.0,0.0,0.0,2.82645287658677,3.8264528765867696,1.0,0.0,1.0,0.0,0.0,1.0,0.0,0.0,0.0,0.0,0.0,1.0,1.0,1.0,0.0,0.0,0.0,0.0,0.0,0.0,0.0,0.0,0.0,0.0,0.0,0.0,0.0,0.0,0.0,0.0,0.0,0.0,0.0,0.0,0.0,0.0,0.0,0.0,0.0,0.0,0.0,0.0,0.0,0.0,0.0,0.0,3.0
SMOTE_000113,attack,union,"-3378%""   )    )    union all select 9357,9357,9357,9357,9357--",nearest_attack_euclidean,R000240,1.2596364915079445,64.89198337621559,20.527004155946102,3.8100509191471823,13.999999999999998,25.89198337621559,14.0,11.0,0.21594698714356353,0.3984333929572158,0.21594698714356353,0.16967263275565705,0.0,1.0,3.0,0.0,0.0,0.0,0.0,2.0,0.5270041559461022,0.0,4.472995844053898,3.0,0.0,1.0,1.0,0.0,0.0,0.0,1.0,0.0,0.0,0.0,0.0,1.0,1.0,0.0,0.0,0.0,0.0,0.0,0.0,0.0,0.0,0.0,0.0,0.0,0.0,0.0,0.0,0.0,0.0,0.0,0.0,0.0,0.0,0.0,0.0,0.0,0.0,0.0,0.0,0.0,0.0,0.0,0.0,0.0,0.0,0.0,2.0
SMOTE_000114,attack,union,"1%""   )    )    union all select null,null,null,null,null#",nearest_attack_euclidean,R000161,0.17551384010311633,58.910418333120376,17.0,3.2898580973051015,34.7283346664963,1.0,14.0,9.182083666624075,0.5892964387878195,0.01699222267840164,0.2378911174976231,0.15582022103615573,0.0,1.0,0.0,0.0,0.0,0.0,0.0,2.0,1.0,0.0,4.182083666624075,0.0,0.0,1.0,0.0,1.0,0.0,0.0,1.0,0.0,0.0,0.0,0.0,1.0,1.0,0.0,0.0,0.0,0.0,0.0,0.0,0.0,0.0,0.0,0.0,0.0,0.0,0.0,0.0,0.0,0.0,0.0,0.0,0.0,0.0,0.0,0.0,0.0,0.0,0.0,0.0,0.0,0.0,0.0,0.0,0.0,0.0,0.0,2.0
SMOTE_000115,attack,union,"1  )   where 7815  =  7815 union all select null,null,null,null,null,null,null#",nearest_attack_euclidean,R000115,0.9665281346918931,79.26966947695732,22.26966947695731,3.6587713981834855,48.078677907829245,9.0,12.921322092170755,9.269669476957311,0.6064147293198602,0.11354002764357343,0.16313434693102646,0.11691089610553984,0.2696694769573113,0.0,0.0,0.0,0.0,1.0,0.0,0.7303305230426886,0.0,0.0,6.269669476957311,1.0,0.26966947695731136,0.0,0.0,1.0,0.0,1.0,0.7303305230426888,0.0,0.0,0.0,0.0,1.0,1.0,1.0,0.0,0.0,0.0,0.0,0.0,0.0,0.0,0.0,0.0,0.0,0.0,0.0,0.0,0.0,0.0,0.0,0.0,0.0,0.0,0.0,0.0,0.0,0.0,0.0,0.0,0.0,0.0,0.0,0.0,0.0,0.0,0.0,3.0
SMOTE_000116,attack,union,"-3370""  )   union all select 7845,7845,7845,7845,7845,7845#",nearest_attack_euclidean,R000084,1.4134173383417672,58.17462055612202,22.0,3.906691630807576,13.999999999999998,24.698482224488078,10.476138331633942,9.0,0.24072414874049708,0.4235269329983289,0.18099767978514017,0.15475123847603384,0.0,1.0,1.0,0.0,0.0,0.0,0.0,1.4126897219389902,0.4126897219389903,0.0,4.1746205561220195,1.0,0.0,1.0,0.0,1.0,0.0,0.0,1.0,0.0,0.0,0.0,0.0,1.0,1.0,0.0,0.0,0.0,0.0,0.0,0.0,0.0,0.0,0.0,0.0,0.0,0.0,0.0,0.0,0.0,0.0,0.0,0.0,0.0,0.0,0.0,0.0,0.0,0.0,0.0,0.0,0.0,0.0,0.0,0.0,0.0,0.0,0.0,2.0
SMOTE_000117,attack,union,-4965  )   as imga where 3705  =  3705 union all select 3705--,nearest_attack_euclidean,R000244,0.0314282905737911,62.09387391130865,25.976531522172838,4.103645880271481,25.09387391130865,15.917860327604933,16.070405433481486,5.011734238913581,0.4040261139904193,0.25654501330197405,0.25872422910021053,0.08070464360739604,0.0,0.0,2.988265761086419,0.0,0.0,1.0,0.0,1.0117342389135813,0.0,0.0,0.011734238913581052,3.988265761086419,0.0,0.0,1.0,0.0,0.0,1.0,1.0,0.0,0.0,0.0,0.0,1.0,1.0,1.0,0.0,0.0,0.0,0.0,0.0,0.0,0.0,0.0,0.0,0.0,0.0,0.0,0.0,0.0,0.0,0.0,0.0,0.0,0.0,0.0,0.0,0.0,0.0,0.0,0.0,0.0,0.0,0.0,0.0,0.0,0.0,0.0,3.0
SMOTE_000118,attack,union," select * from users where id  =  1 + \+*\ union select null,@@VERSION -- 1",nearest_attack_euclidean,R000015,0.6822547736857534,74.22964660413459,31.0,4.356583225676366,44.0,2.0,17.0,11.22964660413458,0.5928576345969093,0.026948074299859515,0.22905863154880585,0.15113565955442532,0.0,0.0,2.0,0.0,2.0,1.0,0.0,0.0,0.0,0.0,1.0,6.2296466041345795,0.0,0.0,1.0,0.0,0.0,1.0,0.0,0.0,0.0,0.0,0.0,2.0,1.0,1.0,1.0,0.0,0.0,0.0,0.0,0.0,0.0,0.0,0.0,0.0,0.0,0.0,0.0,0.0,0.0,0.0,0.0,0.0,0.0,0.0,0.0,0.0,0.0,0.0,0.0,0.0,0.0,0.0,0.0,0.0,0.0,0.0,5.0
SMOTE_000119,attack,union,"-4694%""   )    )     )   union all select 9178,9178,9178,9178,9178--",nearest_attack_euclidean,R000219,1.2188129620880106,65.53912573426072,21.17970857808691,3.7493580363127452,13.999999999999998,22.359417156173816,18.0,11.179708578086908,0.2140541365560602,0.34048893477171777,0.2752124612863631,0.17024446738585888,0.0,1.0,3.0,0.0,0.0,0.0,0.0,3.0,0.5898542890434539,0.0,3.589854289043454,3.0,0.0,1.0,1.0,0.0,0.0,0.0,1.0,0.0,0.0,0.0,0.0,1.0,1.0,0.0,0.0,0.0,0.0,0.0,0.0,0.0,0.0,0.0,0.0,0.0,0.0,0.0,0.0,0.0,0.0,0.0,0.0,0.0,0.0,0.0,0.0,0.0,0.0,0.0,0.0,0.0,0.0,0.0,0.0,0.0,0.0,0.0,2.0
SMOTE_000120,attack,union,"-2190'  )   where 8890  =  8890 union all select 8890,8890#",nearest_attack_euclidean,R000308,0.22943980030355776,59.88778440285463,25.177556880570926,3.9262576667023374,19.532670641712777,19.64488623885815,14.710227522283702,6.0,0.32561033264721584,0.3294749693037431,0.24452823438338828,0.10038646366565274,1.0,0.0,1.0,0.0,0.0,1.0,0.0,1.0887784402854628,0.0,0.0,0.9112215597145372,2.0,1.0,0.0,0.0,1.0,0.0,1.0,1.0,0.0,0.0,0.0,0.0,1.0,1.0,1.0,0.0,0.0,0.0,0.0,0.0,0.0,0.0,0.0,0.0,0.0,0.0,0.0,0.0,0.0,0.0,0.0,0.0,0.0,0.0,0.0,0.0,0.0,0.0,0.0,0.0,0.0,0.0,0.0,0.0,0.0,0.0,0.0,3.0
SMOTE_000121,attack,union," select * from users where id  =  1 +$+. union select null,@@VERSION -- 1",nearest_attack_euclidean,R000036,1.0131509958018454,73.81547739541922,32.0,4.3764091440968365,44.0,2.0,17.0,10.815477395419217,0.5961861177354437,0.027099368987974715,0.23034463639778507,0.14636987687879646,0.0,0.0,2.0,0.0,1.4077386977096085,1.0,0.0,0.0,0.0,0.0,1.0,5.815477395419217,0.0,0.0,1.0,0.0,0.0,1.0,0.0,0.0,0.0,0.0,0.0,2.0,1.0,1.0,1.0,0.0,0.0,0.0,0.0,0.0,0.0,0.0,0.0,0.0,0.0,0.0,0.0,0.0,0.0,0.0,0.0,0.0,0.0,0.0,0.0,0.0,0.0,0.0,0.0,0.0,0.0,0.0,0.0,0.0,0.0,0.0,5.0
SMOTE_000122,attack,union,"-9860%"" union all select 6996,6996,6996,6996,6996,6996#",nearest_attack_euclidean,R000141,0.020409965041867803,55.06114929751444,20.018344789254332,3.518912778364847,13.999999999999998,28.024459719005776,4.024459719005778,9.012229859502888,0.2543059887649784,0.5089882808992765,0.07303515730217063,0.16367057303357452,0.0,1.0,1.0,0.0,0.0,0.0,0.0,0.006114929751444231,1.0,0.0,5.006114929751444,1.0,0.0,1.0,0.0,1.0,0.0,0.0,0.006114929751444231,0.0,0.0,0.0,0.0,1.0,1.0,0.0,0.0,0.0,0.0,0.0,0.0,0.0,0.0,0.0,0.0,0.0,0.0,0.0,0.0,0.0,0.0,0.0,0.0,0.0,0.0,0.0,0.0,0.0,0.0,0.0,0.0,0.0,0.0,0.0,0.0,0.0,0.0,0.0,2.0
SMOTE_000123,attack,union," select * from users where id  =  1 or $+<1 union select 1,@@VERSION -- 1",nearest_attack_euclidean,R000006,0.2637269416702224,72.62148915300648,31.621489153006472,4.345041737337352,42.0,3.621489153006472,17.0,10.0,0.578367095809309,0.049825485456135216,0.23410096735138697,0.1377064513831688,0.0,0.0,2.0,0.0,1.0,1.0,0.0,0.0,0.0,0.0,1.0,5.621489153006474,0.0,0.0,1.0,0.0,0.0,1.0,0.0,0.0,0.0,0.0,0.0,2.0,1.0,1.0,1.0,0.0,1.0,0.0,0.0,0.0,0.0,0.0,0.0,0.0,0.0,0.0,0.0,0.0,0.0,0.0,0.0,0.0,0.0,0.0,0.0,0.0,0.0,0.0,0.0,0.0,0.0,0.0,0.0,0.0,0.0,0.0,6.0
SMOTE_000124,attack,union,"-1134 union all select 1297,1297,1297,1297,1297,1297,1297,1297,1297--",nearest_attack_euclidean,R000129,0.6358483123956649,69.0,19.236517115195884,3.6894834435993937,13.999999999999998,39.053931539216464,4.946068460783536,11.0,0.2028985507246377,0.5659990078147314,0.07168215160555852,0.15942028985507245,0.0,0.0,3.0,0.0,0.0,0.0,0.0,0.23651711519588414,0.0,0.0,7.763482884804116,3.0,0.0,0.0,1.0,0.0,0.0,0.0,0.23651711519588403,0.0,0.0,0.0,0.0,1.0,1.0,0.0,0.0,0.0,0.0,0.0,0.0,0.0,0.0,0.0,0.0,0.0,0.0,0.0,0.0,0.0,0.0,0.0,0.0,0.0,0.0,0.0,0.0,0.0,0.0,0.0,0.0,0.0,0.0,0.0,0.0,0.0,0.0,0.0,2.0
SMOTE_000125,attack,union,"-7531'  )   union all select 3072,3072,3072,3072,3072,3072,3072--",nearest_attack_euclidean,R000067,0.03093065153800299,65.01182918961848,21.01182918961848,3.8642073065065516,13.999999999999998,32.0,8.0,11.011829189618481,0.21534601196861106,0.4922194559282538,0.12305486398206344,0.1693796681210718,1.0,0.0,3.0,0.0,0.0,0.0,0.0,1.0,0.011829189618481145,0.0,6.0,3.0,1.0,0.0,1.0,0.0,0.0,0.0,1.0,0.0,0.0,0.0,0.0,1.0,1.0,0.0,0.0,0.0,0.0,0.0,0.0,0.0,0.0,0.0,0.0,0.0,0.0,0.0,0.0,0.0,0.0,0.0,0.0,0.0,0.0,0.0,0.0,0.0,0.0,0.0,0.0,0.0,0.0,0.0,0.0,0.0,0.0,0.0,2.0
SMOTE_000126,attack,union," select * from users where id  =  1 or \<$ union select 1,@@VERSION -- 1",nearest_attack_euclidean,R000028,0.14716813470545367,72.22325225415851,32.0,4.355435297073702,42.0,3.2232522541585134,17.0,10.0,0.5815493541334366,0.0445974896379257,0.23538902429210526,0.1384641319365325,0.0,0.0,2.0,0.0,1.0,1.0,0.0,0.0,0.0,0.0,1.0,5.223252254158514,0.0,0.0,1.0,0.0,0.0,1.0,0.0,0.0,0.0,0.0,0.0,2.0,1.0,1.0,1.0,0.0,1.0,0.0,0.0,0.0,0.0,0.0,0.0,0.0,0.0,0.0,0.0,0.0,0.0,0.0,0.0,0.0,0.0,0.0,0.0,0.0,0.0,0.0,0.0,0.0,0.0,0.0,0.0,0.0,0.0,0.0,6.0
SMOTE_000127,attack,union," select * from users where id  =  1 or $+<1 union select 1,@@VERSION -- 1",nearest_attack_euclidean,R000006,0.3439701435163183,73.72598249907769,31.85480350018446,4.329619352382862,42.0,4.0,17.72598249907769,10.0,0.5699874842006913,0.05428452230482775,0.24001668773241142,0.13571130576206938,0.0,0.0,2.0,0.0,1.0,1.1451964998155384,0.0,0.0,0.0,0.0,1.0,6.0,0.0,0.0,1.0,0.0,0.0,1.0,0.0,0.0,0.0,0.0,0.0,2.0,1.0,1.0,1.0,0.0,1.0,0.0,0.0,0.0,0.0,0.0,0.0,0.0,0.0,0.0,0.0,0.0,0.0,0.0,0.0,0.0,0.0,0.0,0.0,0.0,0.0,0.0,0.0,0.0,0.0,0.0,0.0,0.0,0.0,0.0,6.0
SMOTE_000128,attack,union," select * from users where id  =  1 or $+<1 union select 1,@@VERSION -- 1",nearest_attack_euclidean,R000006,0.011768651384892624,72.98214710028515,32.0,4.3556651749003485,42.0,3.982147100285152,17.0,10.0,0.5754851259109633,0.05456015028913158,0.23293445572586613,0.1370202680740389,0.0,0.0,2.0,0.0,1.0,1.0,0.0,0.0,0.0,0.0,1.0,5.982147100285152,0.0,0.0,1.0,0.0,0.0,1.0,0.0,0.0,0.0,0.0,0.0,2.0,1.0,1.0,1.0,0.0,1.0,0.0,0.0,0.0,0.0,0.0,0.0,0.0,0.0,0.0,0.0,0.0,0.0,0.0,0.0,0.0,0.0,0.0,0.0,0.0,0.0,0.0,0.0,0.0,0.0,0.0,0.0,0.0,0.0,0.0,6.0
SMOTE_000129,attack,union,"-7858'  )   union all select 1541,1541,1541,1541,1541,1541#",nearest_attack_euclidean,R000079,0.31261687532722965,60.62702664451612,21.0,3.7482747024411656,13.999999999999998,29.3016213156129,8.0,9.325405328903225,0.23125572748325587,0.48284928802296334,0.13214612999043193,0.15374885450334883,1.0,0.0,1.0,0.0,0.0,0.0,0.0,1.0,0.0,0.0,5.325405328903225,1.0,1.0,0.0,0.0,1.0,0.0,0.0,1.0,0.0,0.0,0.0,0.0,1.0,1.0,0.0,0.0,0.0,0.0,0.0,0.0,0.0,0.0,0.0,0.0,0.0,0.0,0.0,0.0,0.0,0.0,0.0,0.0,0.0,0.0,0.0,0.0,0.0,0.0,0.0,0.0,0.0,0.0,0.0,0.0,0.0,0.0,0.0,2.0
SMOTE_000130,attack,union,"1'   )    )    union all select null,null,null,null,null,null,null#",nearest_attack_euclidean,R000215,1.3241335042874631,66.53766568921662,17.387002932350143,3.3479852998576978,44.3116715539169,1.0,12.612997067649859,8.612997067649859,0.6662822331898088,0.01502992634798353,0.18940377292707097,0.12928406753513666,1.0,0.0,0.0,0.0,0.0,0.0,0.0,1.5376656892166198,0.0,0.0,5.07533137843324,0.0,1.0,0.0,0.0,1.0,0.0,0.0,1.0,0.0,0.0,0.0,0.0,1.0,1.0,0.0,0.0,0.0,0.0,0.0,0.0,0.0,0.0,0.0,0.0,0.0,0.0,0.0,0.0,0.0,0.0,0.0,0.0,0.0,0.0,0.0,0.0,0.0,0.0,0.0,0.0,0.0,0.0,0.0,0.0,0.0,0.0,0.0,2.0
SMOTE_000131,attack,union,"-6770'   )    )    union all select 1845,1845,1845,1845,1845,1845,1845,1845,1845#",nearest_attack_euclidean,R000243,0.3656971756629016,79.08905293972357,22.617810587944717,3.8108563218493536,13.999999999999998,38.47124235177886,14.0,12.617810587944716,0.17718538967574235,0.48612873828868497,0.17718538967574235,0.1595004823598303,1.0,0.0,1.0,0.0,0.0,0.0,0.0,2.0,0.0,0.0,7.6178105879447156,1.0,1.0,0.0,0.0,1.0,0.0,0.0,1.0,0.0,0.0,0.0,0.0,1.0,1.0,0.0,0.0,0.0,0.0,0.0,0.0,0.0,0.0,0.0,0.0,0.0,0.0,0.0,0.0,0.0,0.0,0.0,0.0,0.0,0.0,0.0,0.0,0.0,0.0,0.0,0.0,0.0,0.0,0.0,0.0,0.0,0.0,0.0,2.0
SMOTE_000132,attack,union,"-4856' in boolean mode  )   union all select 1074,1074,1074,1074,1074,1074,1074#",nearest_attack_euclidean,R000072,0.38787011836289903,77.99276540536385,26.0,4.192483665040169,27.0,30.394212324291082,11.0,9.59855308107277,0.34653255567586266,0.38929474882860726,0.14117993009016627,0.12299276540536386,1.0,0.0,1.0,0.0,0.0,0.0,0.0,1.0,0.0,0.0,5.598553081072771,1.0,1.0,0.0,0.0,1.0,0.0,0.0,1.0,0.0,0.0,0.0,0.0,1.0,1.0,0.0,0.0,0.0,0.0,0.0,0.0,0.0,0.0,0.0,0.0,0.0,0.0,0.0,0.0,0.0,0.0,0.0,0.0,0.0,0.0,0.0,0.0,0.0,0.0,0.0,0.0,0.0,0.0,0.0,0.0,0.0,0.0,0.0,2.0
SMOTE_000133,attack,union,"1'  )   where 8268  =  8268 union all select null,null,null,null--",nearest_attack_euclidean,R000249,0.2056919226248964,67.06845650423669,23.0,3.834837751719675,35.85476520338935,9.0,14.0,8.213691300847337,0.5340946024273152,0.13444654933450356,0.20913907674256108,0.12231977149562018,1.0,0.0,2.0,0.0,0.0,1.0,0.0,1.0,0.0,0.0,3.213691300847338,3.0,1.0,0.0,1.0,0.0,0.0,1.0,1.0,0.0,0.0,0.0,0.0,1.0,1.0,1.0,0.0,0.0,0.0,0.0,0.0,0.0,0.0,0.0,0.0,0.0,0.0,0.0,0.0,0.0,0.0,0.0,0.0,0.0,0.0,0.0,0.0,0.0,0.0,0.0,0.0,0.0,0.0,0.0,0.0,0.0,0.0,0.0,3.0
SMOTE_000134,attack,union,"1""   )    )    union all select null,null,null,null,null,null--",nearest_attack_euclidean,R000198,0.9487597221736532,59.764164868744544,16.0,3.2496094286730783,38.0,1.0,11.226427030352466,9.537737838392077,0.6380277026609148,0.01679020270160303,0.18553474907873632,0.15964734555874588,0.0,1.0,2.0,0.0,0.0,0.0,0.0,1.5377378383920777,0.0,0.0,5.0,2.0,0.0,1.0,1.0,0.0,0.0,0.0,1.0,0.0,0.0,0.0,0.0,1.0,1.0,0.0,0.0,0.0,0.0,0.0,0.0,0.0,0.0,0.0,0.0,0.0,0.0,0.0,0.0,0.0,0.0,0.0,0.0,0.0,0.0,0.0,0.0,0.0,0.0,0.0,0.0,0.0,0.0,0.0,0.0,0.0,0.0,0.0,2.0
SMOTE_000135,attack,union,"-4373'+  (  select 'rlht' where 2285  =  2285 union all select 2285,2285,2285#",nearest_attack_euclidean,R000065,0.22124590451085116,77.2474052539042,26.832756723089823,4.151513709959186,29.66897310764071,22.74567542317367,15.0,9.832756723089823,0.3855453641829717,0.29286974301632207,0.1944052250448601,0.12717966775584616,3.0,0.0,0.9163783615449113,0.0,0.0,1.0,0.0,1.0,0.0,0.0,1.9163783615449113,2.9163783615449113,1.0,0.0,0.0,1.0,0.0,1.0,1.0,0.0,0.0,0.0,0.0,2.0,1.0,1.0,0.0,0.0,0.0,0.0,0.0,0.0,0.0,0.0,0.0,0.0,0.0,0.0,0.0,0.0,0.0,0.0,0.0,0.0,0.0,0.0,0.0,0.0,0.0,0.0,0.0,0.0,0.0,0.0,0.0,0.0,0.0,0.0,4.0
SMOTE_000136,attack,union,"-2500'   )    )     )   union all select 6853,6853,6853,6853--",nearest_attack_euclidean,R000296,0.19771659768700725,61.37059596306323,21.0,3.765094995127573,13.999999999999998,20.0,17.496476770450585,9.874119192612646,0.22829984621310548,0.32614263744729355,0.28469463283327623,0.16086288350632477,1.0,0.0,3.0,0.0,0.0,0.0,0.0,2.8741191926126466,0.0,0.0,3.0,3.0,1.0,0.0,1.0,0.0,0.0,0.0,1.0,0.0,0.0,0.0,0.0,1.0,1.0,0.0,0.0,0.0,0.0,0.0,0.0,0.0,0.0,0.0,0.0,0.0,0.0,0.0,0.0,0.0,0.0,0.0,0.0,0.0,0.0,0.0,0.0,0.0,0.0,0.0,0.0,0.0,0.0,0.0,0.0,0.0,0.0,0.0,2.0
SMOTE_000137,attack,union,"1%'  )   union all select null,null,null,null,null,null,null,null,null--",nearest_attack_euclidean,R000081,0.9004434823000234,72.96982097079653,17.0,3.19642811667395,48.06035805840693,1.0,10.909462912389596,13.0,0.6591318940813574,0.013706865433409043,0.14897198985091567,0.1781892506343178,1.0,0.0,2.0,0.0,0.0,0.0,0.0,1.4849104853982662,1.0,0.0,7.515089514601733,2.0,1.0,0.0,1.0,0.0,0.0,0.0,1.0,0.0,0.0,0.0,0.0,1.0,1.0,0.0,0.0,0.0,0.0,0.0,0.0,0.0,0.0,0.0,0.0,0.0,0.0,0.0,0.0,0.0,0.0,0.0,0.0,0.0,0.0,0.0,0.0,0.0,0.0,0.0,0.0,0.0,0.0,0.0,0.0,0.0,0.0,0.0,2.0
SMOTE_000138,attack,union,"-7531'  )   union all select 3072,3072,3072,3072,3072,3072,3072--",nearest_attack_euclidean,R000067,0.4813309185895945,63.56376556840827,21.15958160351019,3.8694578557934234,13.999999999999998,30.72334717191847,8.0,10.840418396489808,0.2209085939676605,0.48213655713891085,0.12623348226723458,0.1707213666261941,1.0,0.0,3.0,0.0,0.0,0.0,0.0,1.0,0.15958160351019168,0.0,5.680836792979617,3.0,1.0,0.0,1.0,0.0,0.0,0.0,1.0,0.0,0.0,0.0,0.0,1.0,1.0,0.0,0.0,0.0,0.0,0.0,0.0,0.0,0.0,0.0,0.0,0.0,0.0,0.0,0.0,0.0,0.0,0.0,0.0,0.0,0.0,0.0,0.0,0.0,0.0,0.0,0.0,0.0,0.0,0.0,0.0,0.0,0.0,0.0,2.0
SMOTE_000139,attack,union,"-5617  )   where 2132  =  2132 union all select 2132,2132,2132,2132#",nearest_attack_euclidean,R000258,0.15233199684650034,68.23000830757384,25.057502076893456,3.8795262305893345,19.345012461360753,27.769991692426167,14.115004153786916,7.0,0.2833110068481675,0.4072547390671797,0.20682192936100421,0.10261232472364852,0.05750207689345832,0.0,1.0,0.0,0.0,1.0,0.0,1.0,0.0,0.0,2.942497923106542,2.0,0.057502076893458376,0.0,0.0,1.0,0.0,1.0,1.0,0.0,0.0,0.0,0.0,1.0,1.0,1.0,0.0,0.0,0.0,0.0,0.0,0.0,0.0,0.0,0.0,0.0,0.0,0.0,0.0,0.0,0.0,0.0,0.0,0.0,0.0,0.0,0.0,0.0,0.0,0.0,0.0,0.0,0.0,0.0,0.0,0.0,0.0,0.0,3.0
SMOTE_000140,attack,union,"1%'   )    )    union all select null,null,null,null,null,null,null,null--",nearest_attack_euclidean,R000299,0.16672990544910524,74.22717745654762,16.943205635863094,3.212557614691619,46.0,1.0,14.227177456547626,13.0,0.6198111290711728,0.013474154979808112,0.1915507012115138,0.17516401473750537,1.0,0.0,2.0,0.0,0.0,0.0,0.0,2.0567943641369064,0.9432056358630935,0.0,7.0,2.0,1.0,0.0,1.0,0.0,0.0,0.0,1.0,0.0,0.0,0.0,0.0,1.0,1.0,0.0,0.0,0.0,0.0,0.0,0.0,0.0,0.0,0.0,0.0,0.0,0.0,0.0,0.0,0.0,0.0,0.0,0.0,0.0,0.0,0.0,0.0,0.0,0.0,0.0,0.0,0.0,0.0,0.0,0.0,0.0,0.0,0.0,2.0
SMOTE_000141,attack,union,"-9050 union all select 9346,9346,9346,9346,9346,9346,9346,9346,9346,9346--",nearest_attack_euclidean,R000134,0.25297098416346847,72.7583642194605,19.5033456877842,3.6516213555323103,13.999999999999998,43.006691375568394,4.0,11.751672843892099,0.19259359595134215,0.5908983815385429,0.05502674170038349,0.16148128080973156,0.0,0.0,3.0,0.0,0.0,0.0,0.0,0.0,0.0,0.0,8.751672843892099,3.0,0.0,0.0,1.0,0.0,0.0,0.0,0.0,0.0,0.0,0.0,0.0,1.0,1.0,0.0,0.0,0.0,0.0,0.0,0.0,0.0,0.0,0.0,0.0,0.0,0.0,0.0,0.0,0.0,0.0,0.0,0.0,0.0,0.0,0.0,0.0,0.0,0.0,0.0,0.0,0.0,0.0,0.0,0.0,0.0,0.0,0.0,2.0
SMOTE_000142,attack,union,"1'   )    )    union all select null,null,null,null,null,null,null,null,null#",nearest_attack_euclidean,R000146,0.5497932421194918,75.59743013213055,16.0,3.0975208570693917,47.75588821140887,1.0,15.122055894295562,11.71948602642611,0.6308318697099488,0.013240001779918742,0.20094413456185617,0.1549839939482763,1.0,0.0,0.0,0.0,0.0,0.0,0.0,2.2805139735738904,0.0,0.0,7.438972052852219,0.0,1.0,0.0,0.0,1.0,0.0,0.0,1.0,0.0,0.0,0.0,0.0,1.0,1.0,0.0,0.0,0.0,0.0,0.0,0.0,0.0,0.0,0.0,0.0,0.0,0.0,0.0,0.0,0.0,0.0,0.0,0.0,0.0,0.0,0.0,0.0,0.0,0.0,0.0,0.0,0.0,0.0,0.0,0.0,0.0,0.0,0.0,2.0
SMOTE_000143,attack,union,"1  )   where 7815  =  7815 union all select null,null,null,null,null,null,null#",nearest_attack_euclidean,R000115,0.5362044324404416,77.54870485220705,22.621983634768405,3.7139916339050574,45.75603273046319,9.0,14.41465575651227,8.378016365231595,0.5896514517673805,0.11622040371486225,0.18654640239690057,0.10758174212085664,0.0,0.0,0.0,0.0,0.0,1.0,0.0,1.0,0.0,0.0,5.378016365231596,1.0,0.0,0.0,0.0,1.0,0.0,1.0,1.0,0.0,0.0,0.0,0.0,1.0,1.0,1.0,0.0,0.0,0.0,0.0,0.0,0.0,0.0,0.0,0.0,0.0,0.0,0.0,0.0,0.0,0.0,0.0,0.0,0.0,0.0,0.0,0.0,0.0,0.0,0.0,0.0,0.0,0.0,0.0,0.0,0.0,0.0,0.0,3.0
SMOTE_000144,attack,union,"-5575"" union all select 8665,8665,8665,8665,8665,8665,8665--",nearest_attack_euclidean,R000069,0.00024290827077358233,60.00122104163668,18.000325611103115,3.520357803105656,13.999999999999998,32.00097683330935,4.0,10.000244208327338,0.23332953453713032,0.5333376748147082,0.06666558129632295,0.1666672093518385,0.0,1.0,3.0,0.0,0.0,0.0,0.0,0.0,0.0,0.0,6.000244208327338,3.0,0.0,1.0,1.0,0.0,0.0,0.0,0.0,0.0,0.0,0.0,0.0,1.0,1.0,0.0,0.0,0.0,0.0,0.0,0.0,0.0,0.0,0.0,0.0,0.0,0.0,0.0,0.0,0.0,0.0,0.0,0.0,0.0,0.0,0.0,0.0,0.0,0.0,0.0,0.0,0.0,0.0,0.0,0.0,0.0,0.0,0.0,2.0
SMOTE_000145,attack,union,"1'   )    )    as xuab where 4369  =  4369 union all select null,null,null--",nearest_attack_euclidean,R000237,0.16984212025833462,76.23358599927144,25.922138000242853,3.900934076439465,37.622895998057174,9.0,21.53282800145712,8.077861999757147,0.4932873773949537,0.11807090706305082,0.28270420321898226,0.10593751232301327,1.0,0.0,2.0,0.0,0.0,1.0,0.0,1.9221380002428532,0.0,0.0,2.1557239995142936,3.0,1.0,0.0,1.0,0.0,0.0,1.0,1.0,0.0,0.0,0.0,0.0,1.0,1.0,1.0,0.0,0.0,0.0,0.0,0.0,0.0,0.0,0.0,0.0,0.0,0.0,0.0,0.0,0.0,0.0,0.0,0.0,0.0,0.0,0.0,0.0,0.0,0.0,0.0,0.0,0.0,0.0,0.0,0.0,0.0,0.0,0.0,3.0
SMOTE_000146,attack,union,"-7084%' union all select 5727,5727,5727,5727,5727,5727,5727,5727,5727,5727--",nearest_attack_euclidean,R000295,0.21619447224543176,75.39726474643057,21.060273525356944,3.52677212112255,13.999999999999998,43.276717695716684,4.241094101427771,13.879452949286115,0.18589280174441228,0.5732756969759815,0.05676517000055589,0.18406633127905037,1.0,0.0,3.0,0.0,0.0,0.0,0.0,0.06027352535694308,1.0,0.0,8.819179423929171,3.0,1.0,0.0,1.0,0.0,0.0,0.0,0.06027352535694297,0.0,0.0,0.0,0.0,1.0,1.0,0.0,0.0,0.0,0.0,0.0,0.0,0.0,0.0,0.0,0.0,0.0,0.0,0.0,0.0,0.0,0.0,0.0,0.0,0.0,0.0,0.0,0.0,0.0,0.0,0.0,0.0,0.0,0.0,0.0,0.0,0.0,0.0,0.0,2.0
SMOTE_000147,attack,union," select * from users where id  =  '1' or $ .  =  1 union select 1,@@VERSION -- 1'",nearest_attack_euclidean,R000008,0.22958028787226364,81.25567445812698,32.25567445812697,4.261153998594694,42.0,4.0,22.0,13.255674458126972,0.5169017875276524,0.04922874166930025,0.27075807918115125,0.1631113916218961,3.0,0.0,2.0,0.0,1.0,2.0,0.0,0.0,0.0,0.0,1.0,5.255674458126972,1.0,0.0,1.0,0.0,0.0,1.0,0.0,0.0,0.0,0.0,0.0,2.0,1.0,1.0,1.0,0.0,1.0,0.0,0.0,0.0,0.0,0.0,0.0,0.0,0.0,0.0,0.0,0.0,0.0,0.0,0.0,0.0,0.0,0.0,0.0,0.0,0.0,0.0,0.0,0.0,0.0,0.0,0.0,0.0,0.0,0.0,6.0
SMOTE_000148,attack,union," select * from users where id  =  1 or 1#""; union select 1,version  (    )   -- 1",nearest_attack_euclidean,R000037,10.401393336864622,81.0,27.0,3.8852146856306904,42.0,4.0,25.0,10.0,0.5185185185185185,0.04938271604938271,0.30864197530864196,0.12345679012345678,0.0,1.0,2.0,0.0,1.0,1.0,0.5842788475668071,2.0,0.0,0.0,1.0,4.0,0.0,1.0,1.0,1.0,0.0,1.0,1.0,0.5842788475668071,0.0,0.0,0.0,2.0,1.0,1.0,1.0,0.0,1.0,0.0,0.0,0.0,0.0,0.0,0.0,0.0,0.0,0.0,0.0,0.0,0.0,0.0,0.0,0.0,0.0,0.0,0.0,0.0,0.0,0.0,0.0,0.0,0.0,0.0,0.0,0.0,0.0,0.0,6.0
SMOTE_000149,attack,union,"-5702'   )    )     )   union all select 7806,7806,7806,7806,7806--",nearest_attack_euclidean,R000283,0.7399853566763603,64.65733056170059,20.46853388765988,3.7394453144651814,13.999999999999998,24.0,16.12586444936047,10.531466112340118,0.21685059512185645,0.37174387735175396,0.248579915261565,0.16282561226482462,1.0,0.0,3.0,0.0,0.0,0.0,0.0,2.531466112340118,0.0,0.0,4.0,3.0,1.0,0.0,1.0,0.0,0.0,0.0,1.0,0.0,0.0,0.0,0.0,1.0,1.0,0.0,0.0,0.0,0.0,0.0,0.0,0.0,0.0,0.0,0.0,0.0,0.0,0.0,0.0,0.0,0.0,0.0,0.0,0.0,0.0,0.0,0.0,0.0,0.0,0.0,0.0,0.0,0.0,0.0,0.0,0.0,0.0,0.0,2.0
SMOTE_000150,attack,union,"1   )    )     )   union all select null,null,null,null,null,null,null,null--",nearest_attack_euclidean,R000255,0.5281833217167922,75.30091745245342,15.0,3.080362864104914,46.0,1.0,16.64073396196273,11.660183490490683,0.6115003241679551,0.013293485307999037,0.22040404057124258,0.15480214995280334,0.0,0.0,2.0,0.0,0.0,0.0,0.0,2.6601834904906827,0.0,0.0,7.0,2.0,0.0,0.0,1.0,0.0,0.0,0.0,1.0,0.0,0.0,0.0,0.0,1.0,1.0,0.0,0.0,0.0,0.0,0.0,0.0,0.0,0.0,0.0,0.0,0.0,0.0,0.0,0.0,0.0,0.0,0.0,0.0,0.0,0.0,0.0,0.0,0.0,0.0,0.0,0.0,0.0,0.0,0.0,0.0,0.0,0.0,0.0,2.0
SMOTE_000151,attack,union,"1"" union all select null,null,null,null,null,null,null--",nearest_attack_euclidean,R000311,0.08352173251187875,56.03172925018096,15.03172925018096,3.139544878469684,42.0,1.0,4.0,9.03172925018096,0.74958250986604,0.017847202615858093,0.07138881046343239,0.16118147705466954,0.0,1.0,2.0,0.0,0.0,0.0,0.0,0.0,0.03172925018096043,0.0,6.0,2.0,0.0,1.0,1.0,0.0,0.0,0.0,0.0,0.0,0.0,0.0,0.0,1.0,1.0,0.0,0.0,0.0,0.0,0.0,0.0,0.0,0.0,0.0,0.0,0.0,0.0,0.0,0.0,0.0,0.0,0.0,0.0,0.0,0.0,0.0,0.0,0.0,0.0,0.0,0.0,0.0,0.0,0.0,0.0,0.0,0.0,0.0,2.0
SMOTE_000152,attack,union," select * from users where id  =  1 +$+. union select null,@@VERSION -- 1",nearest_attack_euclidean,R000036,0.07254678720150937,73.05769450713468,32.0,4.409765543542465,44.0,2.0,16.028847253567346,11.028847253567344,0.6022760624084152,0.027376184654928,0.21939410728698833,0.1509536456496684,0.0,0.0,2.0,0.0,1.0288472535673445,1.0,0.0,0.0,0.0,0.0,1.0,6.028847253567345,0.0,0.0,1.0,0.0,0.0,1.0,0.0,0.0,0.0,0.0,0.0,2.0,1.0,1.0,1.0,0.0,0.0,0.0,0.0,0.0,0.0,0.0,0.0,0.0,0.0,0.0,0.0,0.0,0.0,0.0,0.0,0.0,0.0,0.0,0.0,0.0,0.0,0.0,0.0,0.0,0.0,0.0,0.0,0.0,0.0,0.0,5.0
SMOTE_000153,attack,union,"1"" where 4684  =  4684 union all select null,null,null,null#",nearest_attack_euclidean,R000210,0.763746156793269,59.564811531958206,22.217594234020897,3.867477994834602,33.69443459587461,9.0,11.305565404125385,5.564811531958204,0.5652004804982586,0.15112548741734946,0.1904269565884888,0.09324707549590319,0.0,1.0,0.0,0.0,0.0,1.0,0.0,0.2175942340208975,0.0,0.0,2.3472172979373074,1.0,0.0,1.0,0.0,1.0,0.0,1.0,0.2175942340208975,0.0,0.0,0.0,0.0,1.0,1.0,1.0,0.0,0.0,0.0,0.0,0.0,0.0,0.0,0.0,0.0,0.0,0.0,0.0,0.0,0.0,0.0,0.0,0.0,0.0,0.0,0.0,0.0,0.0,0.0,0.0,0.0,0.0,0.0,0.0,0.0,0.0,0.0,0.0,3.0
SMOTE_000154,attack,union,"-1401""   )    )    union all select 3480,3480,3480,3480,3480,3480--",nearest_attack_euclidean,R000286,1.2993123838413894,73.89645432662918,20.0,3.7270005509824373,13.999999999999998,33.517163461303355,14.0,12.379290865325839,0.19138144146836394,0.45004536417213453,0.19138144146836392,0.16719175289113763,0.0,1.0,3.0,0.0,0.0,0.0,0.0,2.0,0.0,0.0,6.379290865325838,3.0,0.0,1.0,1.0,0.0,0.0,0.0,1.0,0.0,0.0,0.0,0.0,1.0,1.0,0.0,0.0,0.0,0.0,0.0,0.0,0.0,0.0,0.0,0.0,0.0,0.0,0.0,0.0,0.0,0.0,0.0,0.0,0.0,0.0,0.0,0.0,0.0,0.0,0.0,0.0,0.0,0.0,0.0,0.0,0.0,0.0,0.0,2.0
SMOTE_000155,attack,union,1'  )   as zmvn where 2887  =  2887 union all select null--,nearest_attack_euclidean,R000257,0.6365192584498452,61.115539324820496,24.39556019290843,3.9156063835720873,29.0,9.0,17.81331942127471,5.302219903545785,0.4757702515614293,0.14765283669147805,0.2899684685819414,0.08660844316515122,1.0,0.0,2.0,0.0,0.0,1.0,0.0,1.3022199035457849,0.0,0.0,0.0,3.0,1.0,0.0,1.0,0.0,0.0,1.0,1.0,0.0,0.0,0.0,0.0,1.0,1.0,1.0,0.0,0.0,0.0,0.0,0.0,0.0,0.0,0.0,0.0,0.0,0.0,0.0,0.0,0.0,0.0,0.0,0.0,0.0,0.0,0.0,0.0,0.0,0.0,0.0,0.0,0.0,0.0,0.0,0.0,0.0,0.0,0.0,3.0
SMOTE_000156,attack,union,"1%""   )    )     )   union all select null,null,null,null,null,null,null,null--",nearest_attack_euclidean,R000212,0.35528331080455633,79.0,17.0,3.1881014937004313,46.96319547031311,1.0,17.03680452968689,14.0,0.5944708287381406,0.01265822784810125,0.2156557535403404,0.17721518987341772,0.0,1.0,2.0,0.0,0.0,0.0,0.0,2.7592011324217225,1.0,0.0,7.2407988675782775,2.0,0.0,1.0,1.0,0.0,0.0,0.0,1.0,0.0,0.0,0.0,0.0,1.0,1.0,0.0,0.0,0.0,0.0,0.0,0.0,0.0,0.0,0.0,0.0,0.0,0.0,0.0,0.0,0.0,0.0,0.0,0.0,0.0,0.0,0.0,0.0,0.0,0.0,0.0,0.0,0.0,0.0,0.0,0.0,0.0,0.0,0.0,2.0
SMOTE_000157,attack,union,"1""  )   where 2633  =  2633 union all select null,null,null,null#",nearest_attack_euclidean,R000126,0.5277360630854001,65.0,22.803257433979446,3.8150143014489455,35.78697026408222,9.0,13.21302973591778,7.0,0.5505687732935726,0.13846153846153847,0.20327738055258124,0.1076923076923077,0.0,1.0,0.0,0.0,0.0,1.0,0.0,0.8032574339794449,0.0,0.0,3.1967425660205553,1.0,0.0,1.0,0.0,1.0,0.0,1.0,0.803257433979445,0.0,0.0,0.0,0.0,1.0,1.0,1.0,0.0,0.0,0.0,0.0,0.0,0.0,0.0,0.0,0.0,0.0,0.0,0.0,0.0,0.0,0.0,0.0,0.0,0.0,0.0,0.0,0.0,0.0,0.0,0.0,0.0,0.0,0.0,0.0,0.0,0.0,0.0,0.0,3.0
SMOTE_000158,attack,union,"-7337"" union all select 7294,7294,7294,7294,7294,7294,7294,7294,7294,7294--",nearest_attack_euclidean,R000136,0.538113693496418,75.99667531221802,19.199335062443602,3.6369012344316616,13.999999999999998,44.0,4.797340249774411,13.199335062443602,0.18434109093815795,0.5793577143770678,0.06263563624736813,0.173665558437406,0.0,1.0,3.0,0.0,0.0,0.0,0.0,0.19933506244360277,0.0,0.0,9.0,3.0,0.0,1.0,1.0,0.0,0.0,0.0,0.19933506244360272,0.0,0.0,0.0,0.0,1.0,1.0,0.0,0.0,0.0,0.0,0.0,0.0,0.0,0.0,0.0,0.0,0.0,0.0,0.0,0.0,0.0,0.0,0.0,0.0,0.0,0.0,0.0,0.0,0.0,0.0,0.0,0.0,0.0,0.0,0.0,0.0,0.0,0.0,0.0,2.0
SMOTE_000159,attack,union,"1   )    )    as xvyi where 6701  =  6701 union all select null,null,null,null#",nearest_attack_euclidean,R000205,0.767524815427615,76.03626037123158,23.814504148492627,3.7922738157461287,40.407252074246315,9.0,19.629008296985255,7.0,0.5326887247560015,0.11881740169857197,0.2560803388909816,0.09241353465444488,0.0,0.0,0.0,0.0,0.0,1.0,0.0,1.7036260371231573,0.0,0.0,3.296373962876843,1.0,0.0,0.0,0.0,1.0,0.0,1.0,1.0,0.0,0.0,0.0,0.0,1.0,1.0,1.0,0.0,0.0,0.0,0.0,0.0,0.0,0.0,0.0,0.0,0.0,0.0,0.0,0.0,0.0,0.0,0.0,0.0,0.0,0.0,0.0,0.0,0.0,0.0,0.0,0.0,0.0,0.0,0.0,0.0,0.0,0.0,0.0,3.0
SMOTE_000160,attack,union,"1""   )    )     )   union all select null,null,null,null--",nearest_attack_euclidean,R000177,0.1658511859483133,58.85258401899513,16.0,3.204976400662705,30.682067215196103,1.0,18.0,9.170516803799027,0.5207866069755376,0.017025206891735506,0.3064537240512393,0.15573446208148767,0.0,1.0,2.0,0.0,0.0,0.0,0.0,3.0,0.0,0.0,3.1705168037990257,2.0,0.0,1.0,1.0,0.0,0.0,0.0,1.0,0.0,0.0,0.0,0.0,1.0,1.0,0.0,0.0,0.0,0.0,0.0,0.0,0.0,0.0,0.0,0.0,0.0,0.0,0.0,0.0,0.0,0.0,0.0,0.0,0.0,0.0,0.0,0.0,0.0,0.0,0.0,0.0,0.0,0.0,0.0,0.0,0.0,0.0,0.0,2.0
SMOTE_000161,attack,union,"-7744""   )    )     )   union all select 9408,9408,9408,9408--",nearest_attack_euclidean,R000125,0.8036998137942798,63.637293581864725,20.54576452728824,3.736874012602743,13.999999999999998,21.091529054576483,18.0,10.545764527288242,0.2203695184662936,0.33086549567040974,0.2833322380280918,0.16543274783520487,0.0,1.0,3.0,0.0,0.0,0.0,0.0,3.0,0.2728822636441207,0.0,3.272882263644121,3.0,0.0,1.0,1.0,0.0,0.0,0.0,1.0,0.0,0.0,0.0,0.0,1.0,1.0,0.0,0.0,0.0,0.0,0.0,0.0,0.0,0.0,0.0,0.0,0.0,0.0,0.0,0.0,0.0,0.0,0.0,0.0,0.0,0.0,0.0,0.0,0.0,0.0,0.0,0.0,0.0,0.0,0.0,0.0,0.0,0.0,0.0,2.0
SMOTE_000162,attack,union,"1'  )   where 8268  =  8268 union all select null,null,null,null--",nearest_attack_euclidean,R000249,0.4374918081247639,67.73181468652373,23.51954440595712,3.8532514694405844,35.34636293730475,9.0,15.385451749218987,8.0,0.5227764034756345,0.13325631336150046,0.22551722684153128,0.11845005632133376,1.0,0.0,2.0,0.0,0.0,1.0,0.0,1.1731814686523734,0.0,0.0,2.8268185313476266,3.0,1.0,0.0,1.0,0.0,0.0,1.0,1.0,0.0,0.0,0.0,0.0,1.0,1.0,1.0,0.0,0.0,0.0,0.0,0.0,0.0,0.0,0.0,0.0,0.0,0.0,0.0,0.0,0.0,0.0,0.0,0.0,0.0,0.0,0.0,0.0,0.0,0.0,0.0,0.0,0.0,0.0,0.0,0.0,0.0,0.0,0.0,3.0
SMOTE_000163,attack,union,"1%'   )    )    union all select null,null,null,null,null,null,null,null--",nearest_attack_euclidean,R000299,0.13581506910103788,74.18505451602167,16.953736370994584,3.2134511409422943,46.0,1.0,14.18505451602166,13.0,0.6201468281813936,0.013481452786552023,0.191112832806878,0.17525888622517644,1.0,0.0,2.0,0.0,0.0,0.0,0.0,2.0462636290054155,0.9537363709945847,0.0,7.0,2.0,1.0,0.0,1.0,0.0,0.0,0.0,1.0,0.0,0.0,0.0,0.0,1.0,1.0,0.0,0.0,0.0,0.0,0.0,0.0,0.0,0.0,0.0,0.0,0.0,0.0,0.0,0.0,0.0,0.0,0.0,0.0,0.0,0.0,0.0,0.0,0.0,0.0,0.0,0.0,0.0,0.0,0.0,0.0,0.0,0.0,0.0,2.0
SMOTE_000164,attack,union,"-1401""   )    )    union all select 3480,3480,3480,3480,3480,3480--",nearest_attack_euclidean,R000286,0.3512917548370486,66.15698808700961,20.0,3.761080804148485,13.999999999999998,26.65118093921537,14.674409530392314,10.83139761740192,0.21179638102596668,0.4018376159102457,0.22267395409681046,0.16369204896697714,0.0,1.0,3.0,0.0,0.0,0.0,0.0,2.1686023825980785,0.0,0.0,4.662795234803843,3.0,0.0,1.0,1.0,0.0,0.0,0.0,1.0,0.0,0.0,0.0,0.0,1.0,1.0,0.0,0.0,0.0,0.0,0.0,0.0,0.0,0.0,0.0,0.0,0.0,0.0,0.0,0.0,0.0,0.0,0.0,0.0,0.0,0.0,0.0,0.0,0.0,0.0,0.0,0.0,0.0,0.0,0.0,0.0,0.0,0.0,0.0,2.0
SMOTE_000165,attack,union,"-8699""  )   union all select 8645,8645,8645,8645,8645,8645--",nearest_attack_euclidean,R000268,0.4599496632994282,60.46774421141206,20.23387210570603,3.872031598860494,13.999999999999998,27.064511577175878,9.40323263423618,10.0,0.23157300565597613,0.44805748836317616,0.1549602162265791,0.16540928975426866,0.0,1.0,3.0,0.0,0.0,0.0,0.0,1.2338721057060298,0.0,0.0,4.76612789429397,3.0,0.0,1.0,1.0,0.0,0.0,0.0,1.0,0.0,0.0,0.0,0.0,1.0,1.0,0.0,0.0,0.0,0.0,0.0,0.0,0.0,0.0,0.0,0.0,0.0,0.0,0.0,0.0,0.0,0.0,0.0,0.0,0.0,0.0,0.0,0.0,0.0,0.0,0.0,0.0,0.0,0.0,0.0,0.0,0.0,0.0,0.0,2.0
SMOTE_000166,attack,union,"1'  )   where 8211  =  8211 union all select null,null,null,null,null#",nearest_attack_euclidean,R000068,0.9419974321762402,74.90781782538383,22.490781782538384,3.707012068867514,42.92625426030707,9.0,14.0,8.981563565076767,0.5720415898270581,0.12068386420920454,0.1877304554365404,0.11954409052719697,1.0,0.0,0.0,0.0,0.0,1.0,0.0,1.0,0.0,0.0,4.981563565076767,1.0,1.0,0.0,0.0,1.0,0.0,1.0,1.0,0.0,0.0,0.0,0.0,1.0,1.0,1.0,0.0,0.0,0.0,0.0,0.0,0.0,0.0,0.0,0.0,0.0,0.0,0.0,0.0,0.0,0.0,0.0,0.0,0.0,0.0,0.0,0.0,0.0,0.0,0.0,0.0,0.0,0.0,0.0,0.0,0.0,0.0,0.0,3.0
SMOTE_000167,attack,union,"1   )    )     )   union all select null,null,null,null,null,null#",nearest_attack_euclidean,R000103,0.5374924710450211,67.17077142450032,15.195128570750052,3.088154902009966,38.78051428300021,1.0,18.0,9.390257141500106,0.5772358225056823,0.014905140693497354,0.2682925324829533,0.13956650431786702,0.1951285707500529,0.0,0.0,0.0,0.0,0.0,0.0,3.0,0.0,0.0,5.195128570750053,0.0,0.19512857075005285,0.0,0.0,1.0,0.0,0.0,1.0,0.0,0.0,0.0,0.0,1.0,1.0,0.0,0.0,0.0,0.0,0.0,0.0,0.0,0.0,0.0,0.0,0.0,0.0,0.0,0.0,0.0,0.0,0.0,0.0,0.0,0.0,0.0,0.0,0.0,0.0,0.0,0.0,0.0,0.0,0.0,0.0,0.0,0.0,0.0,2.0
SMOTE_000168,attack,union,"1'  )   where 5799  =  5799 union all select null,null,null,null,null--",nearest_attack_euclidean,R000302,0.0979716457467001,71.56432130808152,23.14108032702038,3.8131836139765896,39.42324098106114,9.0,14.14108032702038,9.0,0.5507294666857125,0.12585507367218154,0.19756038596992434,0.12585507367218154,1.0,0.0,2.0,0.0,0.0,1.0,0.0,1.0,0.0,0.0,4.0,3.0,1.0,0.0,1.0,0.0,0.0,1.0,1.0,0.0,0.0,0.0,0.0,1.0,1.0,1.0,0.0,0.0,0.0,0.0,0.0,0.0,0.0,0.0,0.0,0.0,0.0,0.0,0.0,0.0,0.0,0.0,0.0,0.0,0.0,0.0,0.0,0.0,0.0,0.0,0.0,0.0,0.0,0.0,0.0,0.0,0.0,0.0,3.0
SMOTE_000169,attack,union," select * from users where id  =  1 or \<\ union select null,@@VERSION -- 1",nearest_attack_euclidean,R000024,0.03226923615294578,74.84079827353847,31.053067242153844,4.344077848805086,45.787731031384624,2.0530672421538423,17.0,10.0,0.611741316068718,0.02746267529897428,0.2271678572870085,0.13362815134529912,0.0,0.0,2.0,0.0,1.0,1.0,0.0,0.0,0.0,0.0,1.0,5.0,0.0,0.0,1.0,0.0,0.0,1.0,0.0,0.0,0.0,0.0,0.0,2.0,1.0,1.0,1.0,0.0,1.0,0.0,0.0,0.0,0.0,0.0,0.0,0.0,0.0,0.0,0.0,0.0,0.0,0.0,0.0,0.0,0.0,0.0,0.0,0.0,0.0,0.0,0.0,0.0,0.0,0.0,0.0,0.0,0.0,0.0,6.0
SMOTE_000170,attack,union,"-7531'  )   union all select 3072,3072,3072,3072,3072,3072,3072--",nearest_attack_euclidean,R000067,0.6495589846190113,65.24841883424277,21.248418834242766,3.877157163305548,13.999999999999998,32.0,8.0,11.248418834242765,0.21457392455025673,0.49045468468630105,0.12261367117157526,0.17235771959186696,1.0,0.0,3.0,0.0,0.0,0.0,0.0,1.0,0.24841883424276473,0.0,6.0,3.0,1.0,0.0,1.0,0.0,0.0,0.0,1.0,0.0,0.0,0.0,0.0,1.0,1.0,0.0,0.0,0.0,0.0,0.0,0.0,0.0,0.0,0.0,0.0,0.0,0.0,0.0,0.0,0.0,0.0,0.0,0.0,0.0,0.0,0.0,0.0,0.0,0.0,0.0,0.0,0.0,0.0,0.0,0.0,0.0,0.0,0.0,2.0
SMOTE_000171,attack,union,"-3116""   )    )     )   union all select 4600,4600,4600,4600--",nearest_attack_euclidean,R000239,0.045644913445697544,62.0,20.0,3.653335432546536,13.999999999999998,20.0,18.0,10.0,0.22580645161290322,0.3225806451612903,0.2903225806451613,0.16129032258064516,0.0,1.0,3.0,0.0,0.0,0.0,0.0,3.0,0.0,0.0,3.0,3.0,0.0,1.0,1.0,0.0,0.0,0.0,1.0,0.0,0.0,0.0,0.0,1.0,1.0,0.0,0.0,0.0,0.0,0.0,0.0,0.0,0.0,0.0,0.0,0.0,0.0,0.0,0.0,0.0,0.0,0.0,0.0,0.0,0.0,0.0,0.0,0.0,0.0,0.0,0.0,0.0,0.0,0.0,0.0,0.0,0.0,0.0,2.0
SMOTE_000172,attack,union,"-2787' union all select 3622,3622,3622,3622,3622,3622,3622,3622,3622,3622#",nearest_attack_euclidean,R000092,0.4171443211414541,71.85877864988777,19.785877864988777,3.4721411120854144,13.999999999999998,42.287022919910214,4.0,11.571755729977552,0.19551881311266286,0.5877224314776803,0.05586251803218939,0.16089623737746744,1.0,0.0,1.0,0.0,0.0,0.0,0.0,0.0,0.0,0.0,8.571755729977554,1.0,1.0,0.0,0.0,1.0,0.0,0.0,0.0,0.0,0.0,0.0,0.0,1.0,1.0,0.0,0.0,0.0,0.0,0.0,0.0,0.0,0.0,0.0,0.0,0.0,0.0,0.0,0.0,0.0,0.0,0.0,0.0,0.0,0.0,0.0,0.0,0.0,0.0,0.0,0.0,0.0,0.0,0.0,0.0,0.0,0.0,0.0,2.0
SMOTE_000173,attack,union,"1'   )    )    union all select null,null,null,null,null,null,null#",nearest_attack_euclidean,R000215,0.39307887048026824,69.07858988329752,16.0,3.143474181266983,43.662871906638024,1.0,14.0,10.415717976659506,0.6315393763609713,0.014522467555088653,0.20331454577124145,0.1506236103126985,1.0,0.0,0.0,0.0,0.0,0.0,0.0,2.0,0.0,0.0,6.415717976659506,0.0,1.0,0.0,0.0,1.0,0.0,0.0,1.0,0.0,0.0,0.0,0.0,1.0,1.0,0.0,0.0,0.0,0.0,0.0,0.0,0.0,0.0,0.0,0.0,0.0,0.0,0.0,0.0,0.0,0.0,0.0,0.0,0.0,0.0,0.0,0.0,0.0,0.0,0.0,0.0,0.0,0.0,0.0,0.0,0.0,0.0,0.0,2.0
SMOTE_000174,attack,union,1'  )   as gogu where 4338  =  4338 union all select null#,nearest_attack_euclidean,R000142,0.008485062755272187,58.02287823190473,22.99673168115647,3.9072173915127615,29.0196099130612,9.0,15.993463362312934,4.009804956530599,0.5001257045709051,0.15511779732436537,0.27566440936436987,0.06909208874035963,1.0,0.0,0.0,0.0,0.0,1.0,0.0,1.0,0.0,0.0,0.009804956530598652,1.0,1.0,0.0,0.0,1.0,0.0,1.0,1.0,0.0,0.0,0.0,0.0,1.0,1.0,1.0,0.0,0.0,0.0,0.0,0.0,0.0,0.0,0.0,0.0,0.0,0.0,0.0,0.0,0.0,0.0,0.0,0.0,0.0,0.0,0.0,0.0,0.0,0.0,0.0,0.0,0.0,0.0,0.0,0.0,0.0,0.0,0.0,3.0
SMOTE_000175,attack,union,"-1187'  )   union all select 8202,8202,8202,8202,8202,8202,8202#",nearest_attack_euclidean,R000173,0.10526591149865254,64.0,21.0,3.7381799740460075,13.999999999999998,32.0,8.0,10.0,0.21875,0.5,0.125,0.15625,1.0,0.0,1.0,0.0,0.0,0.0,0.0,1.0,0.0,0.0,6.0,1.0,1.0,0.0,0.0,1.0,0.0,0.0,1.0,0.0,0.0,0.0,0.0,1.0,1.0,0.0,0.0,0.0,0.0,0.0,0.0,0.0,0.0,0.0,0.0,0.0,0.0,0.0,0.0,0.0,0.0,0.0,0.0,0.0,0.0,0.0,0.0,0.0,0.0,0.0,0.0,0.0,0.0,0.0,0.0,0.0,0.0,0.0,2.0
SMOTE_000176,attack,union,"1'  )   union all select null,null,null,null,null,null#",nearest_attack_euclidean,R000077,1.2408833867736995,55.40892228728055,17.22676686184164,3.4058716476130964,38.40892228728055,1.0,9.22676686184164,6.773233138158361,0.6931661295077173,0.018049051205428407,0.16629896074774214,0.12248585853911217,1.0,0.0,0.0,0.0,0.0,0.0,0.0,1.0,0.0,0.0,3.7732331381583615,0.0,1.0,0.0,0.0,1.0,0.0,0.0,1.0,0.0,0.0,0.0,0.0,1.0,1.0,0.0,0.0,0.0,0.0,0.0,0.0,0.0,0.0,0.0,0.0,0.0,0.0,0.0,0.0,0.0,0.0,0.0,0.0,0.0,0.0,0.0,0.0,0.0,0.0,0.0,0.0,0.0,0.0,0.0,0.0,0.0,0.0,0.0,2.0
SMOTE_000177,attack,union,"1%""   )    )    union all select null,null,null,null,null#",nearest_attack_euclidean,R000161,0.24771007022362143,57.93364842616662,17.3317578691669,3.3304629233542045,32.6729685233324,2.2606799028342195,14.0,9.0,0.563608024157173,0.03937864063466967,0.24166029099626962,0.15535304421188761,0.0,1.0,0.06635157383337975,0.0,0.0,0.0,0.0,2.0,1.0,0.0,3.93364842616662,0.06635157383337953,0.0,1.0,0.0,1.0,0.0,0.0,1.0,0.0,0.0,0.0,0.0,1.0,1.0,0.0,0.0,0.0,0.0,0.0,0.0,0.0,0.0,0.0,0.0,0.0,0.0,0.0,0.0,0.0,0.0,0.0,0.0,0.0,0.0,0.0,0.0,0.0,0.0,0.0,0.0,0.0,0.0,0.0,0.0,0.0,0.0,0.0,2.0
SMOTE_000178,attack,union," select * from users where id  =  1 or \<\. union select 1,@@VERSION -- 1",nearest_attack_euclidean,R000014,0.03202699061150731,73.0,32.14233575083044,4.376626527944057,42.0,3.0,17.0,11.0,0.5753424657534246,0.0410958904109589,0.2328767123287671,0.1506849315068493,0.0,0.0,2.0,0.0,1.0,1.0,0.0,0.0,0.0,0.0,1.0,5.0,0.0,0.0,1.0,0.0,0.0,1.0,0.0,0.0,0.0,0.0,0.0,2.0,1.0,1.0,1.0,0.0,1.0,0.0,0.0,0.0,0.0,0.0,0.0,0.0,0.0,0.0,0.0,0.0,0.0,0.0,0.0,0.0,0.0,0.0,0.0,0.0,0.0,0.0,0.0,0.0,0.0,0.0,0.0,0.0,0.0,0.0,6.0
SMOTE_000179,attack,union,"-3378%""   )    )    union all select 9357,9357,9357,9357,9357--",nearest_attack_euclidean,R000240,0.6123762997983494,63.919793755593645,20.77005156110159,3.820997837780858,13.999999999999998,24.91979375559365,14.0,11.0,0.2191714966646977,0.3894508307197707,0.21917149666469768,0.1722061759508339,0.0,1.0,3.0,0.0,0.0,0.0,0.0,2.0,0.7700515611015881,0.0,4.229948438898412,3.0,0.0,1.0,1.0,0.0,0.0,0.0,1.0,0.0,0.0,0.0,0.0,1.0,1.0,0.0,0.0,0.0,0.0,0.0,0.0,0.0,0.0,0.0,0.0,0.0,0.0,0.0,0.0,0.0,0.0,0.0,0.0,0.0,0.0,0.0,0.0,0.0,0.0,0.0,0.0,0.0,0.0,0.0,0.0,0.0,0.0,0.0,2.0
SMOTE_000180,attack,union,"1%""  )   union all select null,null,null,null,null,null,null#",nearest_attack_euclidean,R000293,0.05430252266588663,60.985785240183255,16.97157048036651,3.2469758436202745,42.05685903926698,1.0,7.94314096073302,9.985785240183255,0.6896353610130025,0.016397326437108395,0.13023096084241753,0.16373635170747158,0.0,1.0,0.0,0.0,0.0,0.0,0.0,0.985785240183255,0.985785240183255,0.0,6.0142147598167455,0.0,0.0,1.0,0.0,1.0,0.0,0.0,0.985785240183255,0.0,0.0,0.0,0.0,1.0,1.0,0.0,0.0,0.0,0.0,0.0,0.0,0.0,0.0,0.0,0.0,0.0,0.0,0.0,0.0,0.0,0.0,0.0,0.0,0.0,0.0,0.0,0.0,0.0,0.0,0.0,0.0,0.0,0.0,0.0,0.0,0.0,0.0,0.0,2.0
SMOTE_000181,attack,union,"1""  )   where 2633  =  2633 union all select null,null,null,null#",nearest_attack_euclidean,R000126,0.08349384905337401,64.77309271340272,23.0,3.8219113670903093,34.80550804005947,9.0,14.06483065331351,6.902754020029736,0.5372147951285864,0.13900322694413147,0.21734501179780907,0.10643696612947315,0.0,1.0,0.0,0.0,0.0,1.0,0.0,1.0,0.0,0.0,2.902754020029735,1.0,0.0,1.0,0.0,1.0,0.0,1.0,1.0,0.0,0.0,0.0,0.0,1.0,1.0,1.0,0.0,0.0,0.0,0.0,0.0,0.0,0.0,0.0,0.0,0.0,0.0,0.0,0.0,0.0,0.0,0.0,0.0,0.0,0.0,0.0,0.0,0.0,0.0,0.0,0.0,0.0,0.0,0.0,0.0,0.0,0.0,0.0,3.0
SMOTE_000182,attack,union,"1'   )    )    as xuab where 4369  =  4369 union all select null,null,null--",nearest_attack_euclidean,R000237,0.6793363154713272,76.93429975938469,25.68856674687177,3.910386947883546,39.49146602502582,9.0,20.13140048123063,8.311433253128229,0.5126219731520202,0.11702053666980974,0.2623970422829889,0.10796044789518118,1.0,0.0,2.0,0.0,0.0,1.0,0.0,1.6885667468717722,0.0,0.0,2.6228665062564556,3.0,1.0,0.0,1.0,0.0,0.0,1.0,1.0,0.0,0.0,0.0,0.0,1.0,1.0,1.0,0.0,0.0,0.0,0.0,0.0,0.0,0.0,0.0,0.0,0.0,0.0,0.0,0.0,0.0,0.0,0.0,0.0,0.0,0.0,0.0,0.0,0.0,0.0,0.0,0.0,0.0,0.0,0.0,0.0,0.0,0.0,0.0,3.0
SMOTE_000183,attack,union,"-4121%""  )   union all select 2659,2659,2659,2659,2659,2659,2659,2659--",nearest_attack_euclidean,R000236,0.19328620082957496,69.96243160953262,22.0,3.8946972561958333,13.999999999999998,35.16994528762609,8.0,12.792486321906523,0.200537048595369,0.5020592420868802,0.11459259919735375,0.18281111012039694,0.0,1.0,3.0,0.0,0.0,0.0,0.0,1.0,1.0,0.0,6.792486321906524,3.0,0.0,1.0,1.0,0.0,0.0,0.0,1.0,0.0,0.0,0.0,0.0,1.0,1.0,0.0,0.0,0.0,0.0,0.0,0.0,0.0,0.0,0.0,0.0,0.0,0.0,0.0,0.0,0.0,0.0,0.0,0.0,0.0,0.0,0.0,0.0,0.0,0.0,0.0,0.0,0.0,0.0,0.0,0.0,0.0,0.0,0.0,2.0
SMOTE_000184,attack,union,"-3130  )   union all select 1741,1741,1741,1741,1741,1741,1741,1741#",nearest_attack_euclidean,R000119,0.6293578528243433,66.99731964383535,20.25067008904116,3.5947349994335984,13.999999999999998,34.99731964383536,8.0,10.0,0.20910788717516196,0.5220391150282011,0.11949022124294971,0.14936277655368713,0.25067008904116034,0.0,1.0,0.0,0.0,0.0,0.0,1.0,0.0,0.0,6.74932991095884,1.0,0.2506700890411603,0.0,0.0,1.0,0.0,0.0,1.0,0.0,0.0,0.0,0.0,1.0,1.0,0.0,0.0,0.0,0.0,0.0,0.0,0.0,0.0,0.0,0.0,0.0,0.0,0.0,0.0,0.0,0.0,0.0,0.0,0.0,0.0,0.0,0.0,0.0,0.0,0.0,0.0,0.0,0.0,0.0,0.0,0.0,0.0,0.0,2.0
SMOTE_000185,attack,union,"-8521'  )   union all select 2446,2446,2446,2446,2446,2446,2446#",nearest_attack_euclidean,R000261,0.7884888678431794,68.23537750028973,22.0,3.749020650362489,13.999999999999998,35.38830200023179,8.0,10.847075500057946,0.20622988070015702,0.5171704493254989,0.11784564611437547,0.1587540238599686,1.0,0.0,1.0,0.0,0.0,0.0,0.0,1.0,0.0,0.0,6.8470755000579455,1.0,1.0,0.0,0.0,1.0,0.0,0.0,1.0,0.0,0.0,0.0,0.0,1.0,1.0,0.0,0.0,0.0,0.0,0.0,0.0,0.0,0.0,0.0,0.0,0.0,0.0,0.0,0.0,0.0,0.0,0.0,0.0,0.0,0.0,0.0,0.0,0.0,0.0,0.0,0.0,0.0,0.0,0.0,0.0,0.0,0.0,0.0,2.0
SMOTE_000186,attack,union,"-9110""   )    )    union all select 2263,2263,2263,2263,2263#",nearest_attack_euclidean,R000222,0.46826980296455956,60.29493078836704,22.0,3.7946057694734097,13.999999999999998,23.294930788367044,14.0,9.0,0.23234712941123423,0.3859397294131667,0.23234712941123423,0.14936601176436487,0.0,1.0,1.0,0.0,0.0,0.0,0.0,2.0,0.17626730290823933,0.0,3.823732697091761,1.0,0.0,1.0,0.0,1.0,0.0,0.0,1.0,0.0,0.0,0.0,0.0,1.0,1.0,0.0,0.0,0.0,0.0,0.0,0.0,0.0,0.0,0.0,0.0,0.0,0.0,0.0,0.0,0.0,0.0,0.0,0.0,0.0,0.0,0.0,0.0,0.0,0.0,0.0,0.0,0.0,0.0,0.0,0.0,0.0,0.0,0.0,2.0
SMOTE_000187,attack,union," select * from users where id  =  '1' or \.<$ union select 1,@@VERSION -- 1'",nearest_attack_euclidean,R000045,0.6074660424337247,77.17895516097109,33.528417935611564,4.415331670785017,42.0,3.235791032194218,18.178955160971093,13.764208967805782,0.5445880252175461,0.041810145055855646,0.23498348838487565,0.17861834134172255,3.0,0.0,2.0,0.0,1.0,1.2357910321942183,0.0,0.0,0.0,0.0,1.0,5.0,1.0,0.0,1.0,0.0,0.0,1.0,0.0,0.0,0.0,0.0,0.0,2.0,1.0,1.0,1.0,0.0,1.0,0.0,0.0,0.0,0.0,0.0,0.0,0.0,0.0,0.0,0.0,0.0,0.0,0.0,0.0,0.0,0.0,0.0,0.0,0.0,0.0,0.0,0.0,0.0,0.0,0.0,0.0,0.0,0.0,0.0,6.0
SMOTE_000188,attack,union,"1%""   )    )    union all select null,null,null,null,null,null#",nearest_attack_euclidean,R000057,0.06196712067841993,63.09286133858315,16.976784665354213,3.2579649767335717,38.09286133858315,1.0,14.0,10.0,0.6037245992571851,0.015851016029712617,0.22191422441597627,0.15851016029712592,0.0,1.0,0.0,0.0,0.0,0.0,0.0,2.0,0.9767846653542128,0.0,5.023215334645787,0.0,0.0,1.0,0.0,1.0,0.0,0.0,1.0,0.0,0.0,0.0,0.0,1.0,1.0,0.0,0.0,0.0,0.0,0.0,0.0,0.0,0.0,0.0,0.0,0.0,0.0,0.0,0.0,0.0,0.0,0.0,0.0,0.0,0.0,0.0,0.0,0.0,0.0,0.0,0.0,0.0,0.0,0.0,0.0,0.0,0.0,0.0,2.0
SMOTE_000189,attack,union,"-2006'   )    )    union all select 7852,7852,7852,7852,7852--",nearest_attack_euclidean,R000221,0.27079842830146483,62.846891797141694,21.0,3.849624203700739,13.999999999999998,24.0,14.677513437713353,10.169378359428338,0.2229522183052519,0.38220380280900323,0.2330643591666452,0.16177961971909968,1.0,0.0,3.0,0.0,0.0,0.0,0.0,2.1693783594283387,0.0,0.0,4.0,3.0,1.0,0.0,1.0,0.0,0.0,0.0,1.0,0.0,0.0,0.0,0.0,1.0,1.0,0.0,0.0,0.0,0.0,0.0,0.0,0.0,0.0,0.0,0.0,0.0,0.0,0.0,0.0,0.0,0.0,0.0,0.0,0.0,0.0,0.0,0.0,0.0,0.0,0.0,0.0,0.0,0.0,0.0,0.0,0.0,0.0,0.0,2.0
SMOTE_000190,attack,union," select * from users where id  =  1 +$ . union select null,@@VERSION -- 1",nearest_attack_euclidean,R000012,0.25903911568255716,73.17621125732292,32.0,4.365416165893412,44.0,2.0,17.0,10.176211257322914,0.6013235990279071,0.027332890864904896,0.23232957235169138,0.13901393775549653,0.0,0.0,2.0,0.0,1.0881056286614568,1.0,0.0,0.0,0.0,0.0,1.0,5.1762112573229135,0.0,0.0,1.0,0.0,0.0,1.0,0.0,0.0,0.0,0.0,0.0,2.0,1.0,1.0,1.0,0.0,0.0,0.0,0.0,0.0,0.0,0.0,0.0,0.0,0.0,0.0,0.0,0.0,0.0,0.0,0.0,0.0,0.0,0.0,0.0,0.0,0.0,0.0,0.0,0.0,0.0,0.0,0.0,0.0,0.0,0.0,5.0
SMOTE_000191,attack,union,"-9156'   )    )    union all select 9110,9110,9110,9110#",nearest_attack_euclidean,R000099,0.0072085212577501345,56.0,21.0,3.7215665262087456,13.999999999999998,20.0,14.0,8.0,0.25,0.35714285714285715,0.25,0.14285714285714285,1.0,0.0,1.0,0.0,0.0,0.0,0.0,2.0,0.0,0.0,3.0,1.0,1.0,0.0,0.0,1.0,0.0,0.0,1.0,0.0,0.0,0.0,0.0,1.0,1.0,0.0,0.0,0.0,0.0,0.0,0.0,0.0,0.0,0.0,0.0,0.0,0.0,0.0,0.0,0.0,0.0,0.0,0.0,0.0,0.0,0.0,0.0,0.0,0.0,0.0,0.0,0.0,0.0,0.0,0.0,0.0,0.0,0.0,2.0
SMOTE_000192,attack,union,"-4589""  )   union all select 1441,1441,1441,1441,1441,1441,1441,1441,1441,1441--",nearest_attack_euclidean,R000121,0.03591631690641408,79.82217216554155,19.982217216554155,3.2681619268662927,13.999999999999998,43.857737732433236,8.0,13.964434433108309,0.17544456958614613,0.5493649005912199,0.10025403976351208,0.17493649005912196,0.0,1.0,3.0,0.0,0.0,0.0,0.0,1.0,0.0,0.0,8.964434433108309,3.0,0.0,1.0,1.0,0.0,0.0,0.0,1.0,0.0,0.0,0.0,0.0,1.0,1.0,0.0,0.0,0.0,0.0,0.0,0.0,0.0,0.0,0.0,0.0,0.0,0.0,0.0,0.0,0.0,0.0,0.0,0.0,0.0,0.0,0.0,0.0,0.0,0.0,0.0,0.0,0.0,0.0,0.0,0.0,0.0,0.0,0.0,2.0
SMOTE_000193,attack,union,"-1059""  )   union all select 1276,1276,1276,1276,1276,1276,1276,1276#",nearest_attack_euclidean,R000279,1.138332657280341,67.2790687317306,23.0,3.9112736267779646,13.999999999999998,34.279068731730604,8.0,11.0,0.20827046549738495,0.5090767598990211,0.11901169456993427,0.16364108003365962,0.0,1.0,1.0,0.0,0.0,0.0,0.0,1.0,0.4302328170673493,0.0,6.569767182932651,1.0,0.0,1.0,0.0,1.0,0.0,0.0,1.0,0.0,0.0,0.0,0.0,1.0,1.0,0.0,0.0,0.0,0.0,0.0,0.0,0.0,0.0,0.0,0.0,0.0,0.0,0.0,0.0,0.0,0.0,0.0,0.0,0.0,0.0,0.0,0.0,0.0,0.0,0.0,0.0,0.0,0.0,0.0,0.0,0.0,0.0,0.0,2.0
SMOTE_000194,attack,union,"1%"" union all select null,null,null,null,null,null,null,null--",nearest_attack_euclidean,R000280,0.4074880468087706,64.18191887080985,16.0,3.1207987283468657,47.74553509664787,1.0,4.0,11.43638377416197,0.7438264101913614,0.015603774946843979,0.06241509978737618,0.17815471507441832,0.0,1.0,2.0,0.0,0.0,0.0,0.0,0.0,1.0,0.0,7.4363837741619685,2.0,0.0,1.0,1.0,0.0,0.0,0.0,0.0,0.0,0.0,0.0,0.0,1.0,1.0,0.0,0.0,0.0,0.0,0.0,0.0,0.0,0.0,0.0,0.0,0.0,0.0,0.0,0.0,0.0,0.0,0.0,0.0,0.0,0.0,0.0,0.0,0.0,0.0,0.0,0.0,0.0,0.0,0.0,0.0,0.0,0.0,0.0,2.0
SMOTE_000195,attack,union,"-8419  )   where 8692  =  8692 union all select 8692,8692,8692--",nearest_attack_euclidean,R000197,0.8113430600810293,65.22281382804331,25.07919604913048,4.003538618213398,22.237588147391445,21.52482370521711,15.079196049130482,6.381205926304277,0.3443572041695154,0.3260808902465563,0.23266599668008342,0.09689590890384493,0.0,0.0,3.0,0.0,0.0,1.0,0.0,1.0,0.0,0.0,1.3812059263042769,4.0,0.0,0.0,1.0,0.0,0.0,1.0,1.0,0.0,0.0,0.0,0.0,1.0,1.0,1.0,0.0,0.0,0.0,0.0,0.0,0.0,0.0,0.0,0.0,0.0,0.0,0.0,0.0,0.0,0.0,0.0,0.0,0.0,0.0,0.0,0.0,0.0,0.0,0.0,0.0,0.0,0.0,0.0,0.0,0.0,0.0,0.0,3.0
SMOTE_000196,attack,union,"-4542 union all select 1249,1249,1249,1249,1249,1249,1249,1249,1249--",nearest_attack_euclidean,R000097,0.1574528971070833,69.82233431819331,18.164466863638662,3.5983214883928594,13.999999999999998,40.65786745455465,4.0,11.164466863638662,0.20064381503041398,0.5821581436812648,0.05732680429440401,0.1598712369939172,0.0,0.0,3.0,0.0,0.0,0.0,0.0,0.0,0.0,0.0,8.164466863638662,3.0,0.0,0.0,1.0,0.0,0.0,0.0,0.0,0.0,0.0,0.0,0.0,1.0,1.0,0.0,0.0,0.0,0.0,0.0,0.0,0.0,0.0,0.0,0.0,0.0,0.0,0.0,0.0,0.0,0.0,0.0,0.0,0.0,0.0,0.0,0.0,0.0,0.0,0.0,0.0,0.0,0.0,0.0,0.0,0.0,0.0,0.0,2.0
SMOTE_000197,attack,union,"-6405  )   as ilah where 5145  =  5145 union all select 5145,5145,5145,5145,5145--",nearest_attack_euclidean,R000213,0.09911255672435973,81.74138049646245,23.0,3.828060498245494,24.806035372346848,32.12930975176877,15.806035372346846,9.0,0.30332241069889254,0.3933551786022149,0.1931827311451948,0.11013967955369773,0.0,0.0,3.0,0.0,0.0,1.0,0.0,0.9676725620578078,0.0,0.0,4.032327437942192,4.0,0.0,0.0,1.0,0.0,0.0,1.0,0.9676725620578077,0.0,0.0,0.0,0.0,1.0,1.0,1.0,0.0,0.0,0.0,0.0,0.0,0.0,0.0,0.0,0.0,0.0,0.0,0.0,0.0,0.0,0.0,0.0,0.0,0.0,0.0,0.0,0.0,0.0,0.0,0.0,0.0,0.0,0.0,0.0,0.0,0.0,0.0,0.0,3.0
SMOTE_000198,attack,union,"-7813""   )    )    as yvyl where 5172  =  5172 union all select 5172,5172#",nearest_attack_euclidean,R000053,0.7670901022463669,71.27688291658465,28.389016726202193,4.059857091155997,25.0,20.0,19.665899642786847,6.6109832737978085,0.3515687630264993,0.28125501042119944,0.274543192698944,0.09263303385335725,0.0,1.0,1.0,0.0,0.0,1.0,0.0,1.6109832737978078,0.0,0.0,1.0,2.0,0.0,1.0,0.0,1.0,0.0,1.0,1.0,0.0,0.0,0.0,0.0,1.0,1.0,1.0,0.0,0.0,0.0,0.0,0.0,0.0,0.0,0.0,0.0,0.0,0.0,0.0,0.0,0.0,0.0,0.0,0.0,0.0,0.0,0.0,0.0,0.0,0.0,0.0,0.0,0.0,0.0,0.0,0.0,0.0,0.0,0.0,3.0
SMOTE_000199,attack,union,"1'  )   where 8268  =  8268 union all select null,null,null,null--",nearest_attack_euclidean,R000249,0.12526286824211713,66.6474279641679,23.0,3.8387145866240613,35.51794237133433,9.0,14.0,8.129485592833582,0.5327623170640607,0.13512017676536253,0.2101869416350084,0.12193056453556832,1.0,0.0,2.0,0.0,0.0,1.0,0.0,1.0,0.0,0.0,3.129485592833581,3.0,1.0,0.0,1.0,0.0,0.0,1.0,1.0,0.0,0.0,0.0,0.0,1.0,1.0,1.0,0.0,0.0,0.0,0.0,0.0,0.0,0.0,0.0,0.0,0.0,0.0,0.0,0.0,0.0,0.0,0.0,0.0,0.0,0.0,0.0,0.0,0.0,0.0,0.0,0.0,0.0,0.0,0.0,0.0,0.0,0.0,0.0,3.0
SMOTE_000200,attack,union,"1'  )   where 9091  =  9091 union all select null,null,null,null#",nearest_attack_euclidean,R000225,0.6830315235955529,66.09807416283073,21.725481459292318,3.7509269387431625,36.09807416283072,9.0,14.0,7.0,0.545806516139336,0.13625804515819923,0.21195695913497659,0.10597847956748829,0.7254814592923196,0.0,0.0,0.0,0.0,1.0,0.0,1.0,0.0,0.0,3.2745185407076804,1.0,0.7254814592923197,0.0,0.0,1.0,0.0,1.0,1.0,0.0,0.0,0.0,0.0,1.0,1.0,1.0,0.0,0.0,0.0,0.0,0.0,0.0,0.0,0.0,0.0,0.0,0.0,0.0,0.0,0.0,0.0,0.0,0.0,0.0,0.0,0.0,0.0,0.0,0.0,0.0,0.0,0.0,0.0,0.0,0.0,0.0,0.0,0.0,3.0
