
[1/3] pretrain G
G epoch=1/160 loss=5.5392
G epoch=2/160 loss=5.4322
G epoch=3/160 loss=5.3098
G epoch=4/160 loss=5.1624
G epoch=5/160 loss=4.9676
G epoch=6/160 loss=4.7107
G epoch=7/160 loss=4.3983
G epoch=8/160 loss=4.1795
G epoch=9/160 loss=3.9485
G epoch=10/160 loss=3.7391
G epoch=11/160 loss=3.6471
G epoch=12/160 loss=3.5824
G epoch=13/160 loss=3.4925
G epoch=14/160 loss=3.3954
G epoch=15/160 loss=3.3092
G epoch=16/160 loss=3.2333
G epoch=17/160 loss=3.1735
G epoch=18/160 loss=3.0978
G epoch=19/160 loss=3.0109
G epoch=20/160 loss=2.9953
G epoch=21/160 loss=2.8755
G epoch=22/160 loss=2.8111
G epoch=23/160 loss=2.7515
G epoch=24/160 loss=2.7518
G epoch=25/160 loss=2.6787
G epoch=26/160 loss=2.5488
G epoch=27/160 loss=2.5875
G epoch=28/160 loss=2.5001
G epoch=29/160 loss=2.5100
G epoch=30/160 loss=2.3428
G epoch=31/160 loss=2.3599
G epoch=32/160 loss=2.2457
G epoch=33/160 loss=2.2470
G epoch=34/160 loss=2.2286
G epoch=35/160 loss=2.1878
G epoch=36/160 loss=2.0967
G epoch=37/160 loss=2.0833
G epoch=38/160 loss=1.9661
G epoch=39/160 loss=2.0328
G epoch=40/160 loss=1.9508
G epoch=41/160 loss=1.9022
G epoch=42/160 loss=1.8272
G epoch=43/160 loss=1.8293
G epoch=44/160 loss=1.7893
G epoch=45/160 loss=1.7885
G epoch=46/160 loss=1.7188
G epoch=47/160 loss=1.6168
G epoch=48/160 loss=1.6161
G epoch=49/160 loss=1.6323
G epoch=50/160 loss=1.5795
G epoch=51/160 loss=1.5360
G epoch=52/160 loss=1.5266
G epoch=53/160 loss=1.4975
G epoch=54/160 loss=1.4828
G epoch=55/160 loss=1.4732
G epoch=56/160 loss=1.4364
G epoch=57/160 loss=1.3840
G epoch=58/160 loss=1.3704
G epoch=59/160 loss=1.3301
G epoch=60/160 loss=1.3632
G epoch=61/160 loss=1.3597
G epoch=62/160 loss=1.2795
G epoch=63/160 loss=1.2290
G epoch=64/160 loss=1.2825
G epoch=65/160 loss=1.2248
G epoch=66/160 loss=1.1837
G epoch=67/160 loss=1.1955
G epoch=68/160 loss=1.1605
G epoch=69/160 loss=1.1226
G epoch=70/160 loss=1.0969
G epoch=71/160 loss=1.1491
G epoch=72/160 loss=1.1160
G epoch=73/160 loss=1.0942
G epoch=74/160 loss=1.0740
G epoch=75/160 loss=1.0029
G epoch=76/160 loss=1.0230
G epoch=77/160 loss=1.0072
G epoch=78/160 loss=0.9829
G epoch=79/160 loss=1.0109
G epoch=80/160 loss=0.9702
G epoch=81/160 loss=0.9723
G epoch=82/160 loss=0.9662
G epoch=83/160 loss=0.9025
G epoch=84/160 loss=0.9638
G epoch=85/160 loss=0.9222
G epoch=86/160 loss=0.8811
G epoch=87/160 loss=0.8861
G epoch=88/160 loss=0.8531
G epoch=89/160 loss=0.8867
G epoch=90/160 loss=0.8270
G epoch=91/160 loss=0.8283
G epoch=92/160 loss=0.8377
G epoch=93/160 loss=0.8016
G epoch=94/160 loss=0.8355
G epoch=95/160 loss=0.7975
G epoch=96/160 loss=0.7870
G epoch=97/160 loss=0.7901
G epoch=98/160 loss=0.7745
G epoch=99/160 loss=0.7839
G epoch=100/160 loss=0.7176
G epoch=101/160 loss=0.7366
G epoch=102/160 loss=0.6968
G epoch=103/160 loss=0.7662
G epoch=104/160 loss=0.7329
G epoch=105/160 loss=0.7204
G epoch=106/160 loss=0.6998
G epoch=107/160 loss=0.6673
G epoch=108/160 loss=0.6893
G epoch=109/160 loss=0.6738
G epoch=110/160 loss=0.6526
G epoch=111/160 loss=0.6231
G epoch=112/160 loss=0.6296
G epoch=113/160 loss=0.6429
G epoch=114/160 loss=0.6330
G epoch=115/160 loss=0.6492
G epoch=116/160 loss=0.5916
G epoch=117/160 loss=0.6251
G epoch=118/160 loss=0.6202
G epoch=119/160 loss=0.6235
G epoch=120/160 loss=0.5842
G epoch=121/160 loss=0.5825
G epoch=122/160 loss=0.5711
G epoch=123/160 loss=0.5880
G epoch=124/160 loss=0.5659
G epoch=125/160 loss=0.5827
G epoch=126/160 loss=0.5213
G epoch=127/160 loss=0.5381
G epoch=128/160 loss=0.5519
G epoch=129/160 loss=0.5461
G epoch=130/160 loss=0.5372
G epoch=131/160 loss=0.5395
G epoch=132/160 loss=0.5536
G epoch=133/160 loss=0.5100
G epoch=134/160 loss=0.5124
G epoch=135/160 loss=0.5253
G epoch=136/160 loss=0.5031
G epoch=137/160 loss=0.5059
G epoch=138/160 loss=0.5194
G epoch=139/160 loss=0.4872
G epoch=140/160 loss=0.4888
G epoch=141/160 loss=0.4874
G epoch=142/160 loss=0.4818
G epoch=143/160 loss=0.4961
G epoch=144/160 loss=0.4874
G epoch=145/160 loss=0.4933
G epoch=146/160 loss=0.4686
G epoch=147/160 loss=0.4692
G epoch=148/160 loss=0.4782
G epoch=149/160 loss=0.4666
G epoch=150/160 loss=0.4483
G epoch=151/160 loss=0.4466
G epoch=152/160 loss=0.4581
G epoch=153/160 loss=0.4581
G epoch=154/160 loss=0.4525
G epoch=155/160 loss=0.4247
G epoch=156/160 loss=0.4607
G epoch=157/160 loss=0.4235
G epoch=158/160 loss=0.4449
G epoch=159/160 loss=0.4393
G epoch=160/160 loss=0.4303

[2/3] pretrain D
D step=1/50 epoch=1/3 loss=0.7717 l2=0.2000 label_smoothing=0.050
D step=1/50 epoch=2/3 loss=0.7667 l2=0.2000 label_smoothing=0.050
D step=1/50 epoch=3/3 loss=0.7273 l2=0.2000 label_smoothing=0.050
D step=2/50 epoch=1/3 loss=0.7256 l2=0.2000 label_smoothing=0.050
D step=2/50 epoch=2/3 loss=0.7435 l2=0.2000 label_smoothing=0.050
D step=2/50 epoch=3/3 loss=0.7186 l2=0.2000 label_smoothing=0.050
D step=3/50 epoch=1/3 loss=0.7296 l2=0.2000 label_smoothing=0.050
D step=3/50 epoch=2/3 loss=0.7328 l2=0.2000 label_smoothing=0.050
D step=3/50 epoch=3/3 loss=0.7161 l2=0.2000 label_smoothing=0.050
D step=4/50 epoch=1/3 loss=0.7109 l2=0.2000 label_smoothing=0.050
D step=4/50 epoch=2/3 loss=0.7171 l2=0.2000 label_smoothing=0.050
D step=4/50 epoch=3/3 loss=0.6954 l2=0.2000 label_smoothing=0.050
D step=5/50 epoch=1/3 loss=0.7000 l2=0.2000 label_smoothing=0.050
D step=5/50 epoch=2/3 loss=0.6852 l2=0.2000 label_smoothing=0.050
D step=5/50 epoch=3/3 loss=0.6887 l2=0.2000 label_smoothing=0.050
D step=6/50 epoch=1/3 loss=0.6852 l2=0.2000 label_smoothing=0.050
D step=6/50 epoch=2/3 loss=0.6573 l2=0.2000 label_smoothing=0.050
D step=6/50 epoch=3/3 loss=0.6531 l2=0.2000 label_smoothing=0.050
D step=7/50 epoch=1/3 loss=0.6258 l2=0.2000 label_smoothing=0.050
D step=7/50 epoch=2/3 loss=0.6121 l2=0.2000 label_smoothing=0.050
D step=7/50 epoch=3/3 loss=0.6242 l2=0.2000 label_smoothing=0.050
D step=8/50 epoch=1/3 loss=0.6221 l2=0.2000 label_smoothing=0.050
D step=8/50 epoch=2/3 loss=0.6080 l2=0.2000 label_smoothing=0.050
D step=8/50 epoch=3/3 loss=0.6074 l2=0.2000 label_smoothing=0.050
D step=9/50 epoch=1/3 loss=0.6092 l2=0.2000 label_smoothing=0.050
D step=9/50 epoch=2/3 loss=0.6155 l2=0.2000 label_smoothing=0.050
D step=9/50 epoch=3/3 loss=0.5775 l2=0.2000 label_smoothing=0.050
D step=10/50 epoch=1/3 loss=0.6015 l2=0.2000 label_smoothing=0.050
D step=10/50 epoch=2/3 loss=0.6009 l2=0.2000 label_smoothing=0.050
D step=10/50 epoch=3/3 loss=0.6263 l2=0.2000 label_smoothing=0.050
D step=11/50 epoch=1/3 loss=0.5353 l2=0.2000 label_smoothing=0.050
D step=11/50 epoch=2/3 loss=0.5024 l2=0.2000 label_smoothing=0.050
D step=11/50 epoch=3/3 loss=0.5156 l2=0.2000 label_smoothing=0.050
D step=12/50 epoch=1/3 loss=0.5531 l2=0.2000 label_smoothing=0.050
D step=12/50 epoch=2/3 loss=0.5336 l2=0.2000 label_smoothing=0.050
D step=12/50 epoch=3/3 loss=0.5313 l2=0.2000 label_smoothing=0.050
D step=13/50 epoch=1/3 loss=0.5597 l2=0.2000 label_smoothing=0.050
D step=13/50 epoch=2/3 loss=0.5389 l2=0.2000 label_smoothing=0.050
D step=13/50 epoch=3/3 loss=0.5636 l2=0.2000 label_smoothing=0.050
D step=14/50 epoch=1/3 loss=0.5424 l2=0.2000 label_smoothing=0.050
D step=14/50 epoch=2/3 loss=0.5352 l2=0.2000 label_smoothing=0.050
D step=14/50 epoch=3/3 loss=0.5313 l2=0.2000 label_smoothing=0.050
D step=15/50 epoch=1/3 loss=0.4948 l2=0.2000 label_smoothing=0.050
D step=15/50 epoch=2/3 loss=0.4799 l2=0.2000 label_smoothing=0.050
D step=15/50 epoch=3/3 loss=0.4550 l2=0.2000 label_smoothing=0.050
D step=16/50 epoch=1/3 loss=0.4934 l2=0.2000 label_smoothing=0.050
D step=16/50 epoch=2/3 loss=0.4881 l2=0.2000 label_smoothing=0.050
D step=16/50 epoch=3/3 loss=0.4731 l2=0.2000 label_smoothing=0.050
D step=17/50 epoch=1/3 loss=0.4812 l2=0.2000 label_smoothing=0.050
D step=17/50 epoch=2/3 loss=0.4581 l2=0.2000 label_smoothing=0.050
D step=17/50 epoch=3/3 loss=0.4516 l2=0.2000 label_smoothing=0.050
D step=18/50 epoch=1/3 loss=0.4650 l2=0.2000 label_smoothing=0.050
D step=18/50 epoch=2/3 loss=0.4734 l2=0.2000 label_smoothing=0.050
D step=18/50 epoch=3/3 loss=0.4477 l2=0.2000 label_smoothing=0.050
D step=19/50 epoch=1/3 loss=0.4543 l2=0.2000 label_smoothing=0.050
D step=19/50 epoch=2/3 loss=0.4343 l2=0.2000 label_smoothing=0.050
D step=19/50 epoch=3/3 loss=0.4263 l2=0.2000 label_smoothing=0.050
D step=20/50 epoch=1/3 loss=0.4932 l2=0.2000 label_smoothing=0.050
D step=20/50 epoch=2/3 loss=0.4454 l2=0.2000 label_smoothing=0.050
D step=20/50 epoch=3/3 loss=0.4374 l2=0.2000 label_smoothing=0.050
D step=21/50 epoch=1/3 loss=0.4386 l2=0.2000 label_smoothing=0.050
D step=21/50 epoch=2/3 loss=0.4241 l2=0.2000 label_smoothing=0.050
D step=21/50 epoch=3/3 loss=0.4396 l2=0.2000 label_smoothing=0.050
D step=22/50 epoch=1/3 loss=0.4374 l2=0.2000 label_smoothing=0.050
D step=22/50 epoch=2/3 loss=0.4172 l2=0.2000 label_smoothing=0.050
D step=22/50 epoch=3/3 loss=0.4080 l2=0.2000 label_smoothing=0.050
D step=23/50 epoch=1/3 loss=0.5103 l2=0.2000 label_smoothing=0.050
D step=23/50 epoch=2/3 loss=0.4914 l2=0.2000 label_smoothing=0.050
D step=23/50 epoch=3/3 loss=0.4706 l2=0.2000 label_smoothing=0.050
D step=24/50 epoch=1/3 loss=0.4134 l2=0.2000 label_smoothing=0.050
D step=24/50 epoch=2/3 loss=0.3970 l2=0.2000 label_smoothing=0.050
D step=24/50 epoch=3/3 loss=0.3785 l2=0.2000 label_smoothing=0.050
D step=25/50 epoch=1/3 loss=0.4627 l2=0.2000 label_smoothing=0.050
D step=25/50 epoch=2/3 loss=0.4666 l2=0.2000 label_smoothing=0.050
D step=25/50 epoch=3/3 loss=0.4410 l2=0.2000 label_smoothing=0.050
D step=26/50 epoch=1/3 loss=0.4271 l2=0.2000 label_smoothing=0.050
D step=26/50 epoch=2/3 loss=0.4289 l2=0.2000 label_smoothing=0.050
D step=26/50 epoch=3/3 loss=0.4066 l2=0.2000 label_smoothing=0.050
D step=27/50 epoch=1/3 loss=0.4509 l2=0.2000 label_smoothing=0.050
D step=27/50 epoch=2/3 loss=0.4312 l2=0.2000 label_smoothing=0.050
D step=27/50 epoch=3/3 loss=0.4114 l2=0.2000 label_smoothing=0.050
D step=28/50 epoch=1/3 loss=0.4008 l2=0.2000 label_smoothing=0.050
D step=28/50 epoch=2/3 loss=0.3808 l2=0.2000 label_smoothing=0.050
D step=28/50 epoch=3/3 loss=0.4027 l2=0.2000 label_smoothing=0.050
D step=29/50 epoch=1/3 loss=0.4361 l2=0.2000 label_smoothing=0.050
D step=29/50 epoch=2/3 loss=0.4360 l2=0.2000 label_smoothing=0.050
D step=29/50 epoch=3/3 loss=0.4307 l2=0.2000 label_smoothing=0.050
D step=30/50 epoch=1/3 loss=0.4286 l2=0.2000 label_smoothing=0.050
D step=30/50 epoch=2/3 loss=0.4166 l2=0.2000 label_smoothing=0.050
D step=30/50 epoch=3/3 loss=0.3973 l2=0.2000 label_smoothing=0.050
D step=31/50 epoch=1/3 loss=0.4690 l2=0.2000 label_smoothing=0.050
D step=31/50 epoch=2/3 loss=0.4424 l2=0.2000 label_smoothing=0.050
D step=31/50 epoch=3/3 loss=0.4236 l2=0.2000 label_smoothing=0.050
D step=32/50 epoch=1/3 loss=0.4214 l2=0.2000 label_smoothing=0.050
D step=32/50 epoch=2/3 loss=0.4084 l2=0.2000 label_smoothing=0.050
D step=32/50 epoch=3/3 loss=0.3916 l2=0.2000 label_smoothing=0.050
D step=33/50 epoch=1/3 loss=0.3733 l2=0.2000 label_smoothing=0.050
D step=33/50 epoch=2/3 loss=0.3598 l2=0.2000 label_smoothing=0.050
D step=33/50 epoch=3/3 loss=0.3599 l2=0.2000 label_smoothing=0.050
D step=34/50 epoch=1/3 loss=0.4019 l2=0.2000 label_smoothing=0.050
D step=34/50 epoch=2/3 loss=0.3730 l2=0.2000 label_smoothing=0.050
D step=34/50 epoch=3/3 loss=0.3736 l2=0.2000 label_smoothing=0.050
D step=35/50 epoch=1/3 loss=0.3581 l2=0.2000 label_smoothing=0.050
D step=35/50 epoch=2/3 loss=0.3589 l2=0.2000 label_smoothing=0.050
D step=35/50 epoch=3/3 loss=0.3428 l2=0.2000 label_smoothing=0.050
D step=36/50 epoch=1/3 loss=0.4088 l2=0.2000 label_smoothing=0.050
D step=36/50 epoch=2/3 loss=0.4251 l2=0.2000 label_smoothing=0.050
D step=36/50 epoch=3/3 loss=0.3988 l2=0.2000 label_smoothing=0.050
D step=37/50 epoch=1/3 loss=0.4439 l2=0.2000 label_smoothing=0.050
D step=37/50 epoch=2/3 loss=0.4309 l2=0.2000 label_smoothing=0.050
D step=37/50 epoch=3/3 loss=0.4173 l2=0.2000 label_smoothing=0.050
D step=38/50 epoch=1/3 loss=0.4035 l2=0.2000 label_smoothing=0.050
D step=38/50 epoch=2/3 loss=0.4158 l2=0.2000 label_smoothing=0.050
D step=38/50 epoch=3/3 loss=0.3926 l2=0.2000 label_smoothing=0.050
D step=39/50 epoch=1/3 loss=0.3511 l2=0.2000 label_smoothing=0.050
D step=39/50 epoch=2/3 loss=0.3570 l2=0.2000 label_smoothing=0.050
D step=39/50 epoch=3/3 loss=0.3453 l2=0.2000 label_smoothing=0.050
D step=40/50 epoch=1/3 loss=0.4066 l2=0.2000 label_smoothing=0.050
D step=40/50 epoch=2/3 loss=0.3922 l2=0.2000 label_smoothing=0.050
D step=40/50 epoch=3/3 loss=0.3752 l2=0.2000 label_smoothing=0.050
D step=41/50 epoch=1/3 loss=0.4002 l2=0.2000 label_smoothing=0.050
D step=41/50 epoch=2/3 loss=0.3835 l2=0.2000 label_smoothing=0.050
D step=41/50 epoch=3/3 loss=0.3835 l2=0.2000 label_smoothing=0.050
D step=42/50 epoch=1/3 loss=0.3648 l2=0.2000 label_smoothing=0.050
D step=42/50 epoch=2/3 loss=0.3668 l2=0.2000 label_smoothing=0.050
D step=42/50 epoch=3/3 loss=0.3492 l2=0.2000 label_smoothing=0.050
D step=43/50 epoch=1/3 loss=0.2996 l2=0.2000 label_smoothing=0.050
D step=43/50 epoch=2/3 loss=0.2958 l2=0.2000 label_smoothing=0.050
D step=43/50 epoch=3/3 loss=0.2911 l2=0.2000 label_smoothing=0.050
D step=44/50 epoch=1/3 loss=0.3772 l2=0.2000 label_smoothing=0.050
D step=44/50 epoch=2/3 loss=0.3523 l2=0.2000 label_smoothing=0.050
D step=44/50 epoch=3/3 loss=0.3540 l2=0.2000 label_smoothing=0.050
D step=45/50 epoch=1/3 loss=0.3969 l2=0.2000 label_smoothing=0.050
D step=45/50 epoch=2/3 loss=0.3964 l2=0.2000 label_smoothing=0.050
D step=45/50 epoch=3/3 loss=0.3915 l2=0.2000 label_smoothing=0.050
D step=46/50 epoch=1/3 loss=0.3909 l2=0.2000 label_smoothing=0.050
D step=46/50 epoch=2/3 loss=0.3666 l2=0.2000 label_smoothing=0.050
D step=46/50 epoch=3/3 loss=0.3801 l2=0.2000 label_smoothing=0.050
D step=47/50 epoch=1/3 loss=0.4036 l2=0.2000 label_smoothing=0.050
D step=47/50 epoch=2/3 loss=0.3907 l2=0.2000 label_smoothing=0.050
D step=47/50 epoch=3/3 loss=0.3714 l2=0.2000 label_smoothing=0.050
D step=48/50 epoch=1/3 loss=0.3600 l2=0.2000 label_smoothing=0.050
D step=48/50 epoch=2/3 loss=0.3669 l2=0.2000 label_smoothing=0.050
D step=48/50 epoch=3/3 loss=0.3579 l2=0.2000 label_smoothing=0.050
D step=49/50 epoch=1/3 loss=0.3323 l2=0.2000 label_smoothing=0.050
D step=49/50 epoch=2/3 loss=0.3499 l2=0.2000 label_smoothing=0.050
D step=49/50 epoch=3/3 loss=0.3356 l2=0.2000 label_smoothing=0.050
D step=50/50 epoch=1/3 loss=0.3494 l2=0.2000 label_smoothing=0.050
D step=50/50 epoch=2/3 loss=0.3323 l2=0.2000 label_smoothing=0.050
D step=50/50 epoch=3/3 loss=0.3393 l2=0.2000 label_smoothing=0.050

[3/3] adversarial
generator_reward_mode=off reward_alpha=1.000 d_steps=5 d_epochs=3
D step=1/5 epoch=1/3 loss=0.3549 l2=0.2000 label_smoothing=0.050
D step=1/5 epoch=2/3 loss=0.3160 l2=0.2000 label_smoothing=0.050
D step=1/5 epoch=3/3 loss=0.3174 l2=0.2000 label_smoothing=0.050
D step=2/5 epoch=1/3 loss=0.3195 l2=0.2000 label_smoothing=0.050
D step=2/5 epoch=2/3 loss=0.3096 l2=0.2000 label_smoothing=0.050
D step=2/5 epoch=3/3 loss=0.3044 l2=0.2000 label_smoothing=0.050
D step=3/5 epoch=1/3 loss=0.3328 l2=0.2000 label_smoothing=0.050
D step=3/5 epoch=2/3 loss=0.3191 l2=0.2000 label_smoothing=0.050
D step=3/5 epoch=3/3 loss=0.3060 l2=0.2000 label_smoothing=0.050
D step=4/5 epoch=1/3 loss=0.2875 l2=0.2000 label_smoothing=0.050
D step=4/5 epoch=2/3 loss=0.2814 l2=0.2000 label_smoothing=0.050
D step=4/5 epoch=3/3 loss=0.2842 l2=0.2000 label_smoothing=0.050
D step=5/5 epoch=1/3 loss=0.2790 l2=0.2000 label_smoothing=0.050
D step=5/5 epoch=2/3 loss=0.2778 l2=0.2000 label_smoothing=0.050
D step=5/5 epoch=3/3 loss=0.2752 l2=0.2000 label_smoothing=0.050
ADV epoch=1/200 g_loss=0.0924 d_loss=0.3043 reward=0.1354 reward_var=0.0283 unique=0.9400
D step=1/5 epoch=1/3 loss=0.3478 l2=0.2000 label_smoothing=0.050
D step=1/5 epoch=2/3 loss=0.3280 l2=0.2000 label_smoothing=0.050
D step=1/5 epoch=3/3 loss=0.3257 l2=0.2000 label_smoothing=0.050
D step=2/5 epoch=1/3 loss=0.3696 l2=0.2000 label_smoothing=0.050
D step=2/5 epoch=2/3 loss=0.3456 l2=0.2000 label_smoothing=0.050
D step=2/5 epoch=3/3 loss=0.3487 l2=0.2000 label_smoothing=0.050
D step=3/5 epoch=1/3 loss=0.3533 l2=0.2000 label_smoothing=0.050
D step=3/5 epoch=2/3 loss=0.3394 l2=0.2000 label_smoothing=0.050
D step=3/5 epoch=3/3 loss=0.3362 l2=0.2000 label_smoothing=0.050
D step=4/5 epoch=1/3 loss=0.3069 l2=0.2000 label_smoothing=0.050
D step=4/5 epoch=2/3 loss=0.2934 l2=0.2000 label_smoothing=0.050
D step=4/5 epoch=3/3 loss=0.2900 l2=0.2000 label_smoothing=0.050
D step=5/5 epoch=1/3 loss=0.3557 l2=0.2000 label_smoothing=0.050
D step=5/5 epoch=2/3 loss=0.3350 l2=0.2000 label_smoothing=0.050
D step=5/5 epoch=3/3 loss=0.3312 l2=0.2000 label_smoothing=0.050
ADV epoch=2/200 g_loss=0.1143 d_loss=0.3338 reward=0.1843 reward_var=0.0352 unique=0.9000
D step=1/5 epoch=1/3 loss=0.3696 l2=0.2000 label_smoothing=0.050
D step=1/5 epoch=2/3 loss=0.3517 l2=0.2000 label_smoothing=0.050
D step=1/5 epoch=3/3 loss=0.3572 l2=0.2000 label_smoothing=0.050
D step=2/5 epoch=1/3 loss=0.3467 l2=0.2000 label_smoothing=0.050
D step=2/5 epoch=2/3 loss=0.3393 l2=0.2000 label_smoothing=0.050
D step=2/5 epoch=3/3 loss=0.3552 l2=0.2000 label_smoothing=0.050
D step=3/5 epoch=1/3 loss=0.3990 l2=0.2000 label_smoothing=0.050
D step=3/5 epoch=2/3 loss=0.3867 l2=0.2000 label_smoothing=0.050
D step=3/5 epoch=3/3 loss=0.3872 l2=0.2000 label_smoothing=0.050
D step=4/5 epoch=1/3 loss=0.3922 l2=0.2000 label_smoothing=0.050
D step=4/5 epoch=2/3 loss=0.3821 l2=0.2000 label_smoothing=0.050
D step=4/5 epoch=3/3 loss=0.3657 l2=0.2000 label_smoothing=0.050
D step=5/5 epoch=1/3 loss=0.3436 l2=0.2000 label_smoothing=0.050
D step=5/5 epoch=2/3 loss=0.3552 l2=0.2000 label_smoothing=0.050
D step=5/5 epoch=3/3 loss=0.3417 l2=0.2000 label_smoothing=0.050
ADV epoch=3/200 g_loss=0.0498 d_loss=0.3649 reward=0.1300 reward_var=0.0221 unique=0.8200
D step=1/5 epoch=1/3 loss=0.3858 l2=0.2000 label_smoothing=0.050
D step=1/5 epoch=2/3 loss=0.3676 l2=0.2000 label_smoothing=0.050
D step=1/5 epoch=3/3 loss=0.3663 l2=0.2000 label_smoothing=0.050
D step=2/5 epoch=1/3 loss=0.3756 l2=0.2000 label_smoothing=0.050
D step=2/5 epoch=2/3 loss=0.3618 l2=0.2000 label_smoothing=0.050
D step=2/5 epoch=3/3 loss=0.3546 l2=0.2000 label_smoothing=0.050
D step=3/5 epoch=1/3 loss=0.3478 l2=0.2000 label_smoothing=0.050
D step=3/5 epoch=2/3 loss=0.3534 l2=0.2000 label_smoothing=0.050
D step=3/5 epoch=3/3 loss=0.3469 l2=0.2000 label_smoothing=0.050
D step=4/5 epoch=1/3 loss=0.3900 l2=0.2000 label_smoothing=0.050
D step=4/5 epoch=2/3 loss=0.4059 l2=0.2000 label_smoothing=0.050
D step=4/5 epoch=3/3 loss=0.3908 l2=0.2000 label_smoothing=0.050
D step=5/5 epoch=1/3 loss=0.3602 l2=0.2000 label_smoothing=0.050
D step=5/5 epoch=2/3 loss=0.3462 l2=0.2000 label_smoothing=0.050
D step=5/5 epoch=3/3 loss=0.3481 l2=0.2000 label_smoothing=0.050
ADV epoch=4/200 g_loss=0.0625 d_loss=0.3667 reward=0.1483 reward_var=0.0265 unique=0.6400
D step=1/5 epoch=1/3 loss=0.4172 l2=0.2000 label_smoothing=0.050
D step=1/5 epoch=2/3 loss=0.3874 l2=0.2000 label_smoothing=0.050
D step=1/5 epoch=3/3 loss=0.3894 l2=0.2000 label_smoothing=0.050
D step=2/5 epoch=1/3 loss=0.3658 l2=0.2000 label_smoothing=0.050
D step=2/5 epoch=2/3 loss=0.3585 l2=0.2000 label_smoothing=0.050
D step=2/5 epoch=3/3 loss=0.3585 l2=0.2000 label_smoothing=0.050
D step=3/5 epoch=1/3 loss=0.3472 l2=0.2000 label_smoothing=0.050
D step=3/5 epoch=2/3 loss=0.3332 l2=0.2000 label_smoothing=0.050
D step=3/5 epoch=3/3 loss=0.3446 l2=0.2000 label_smoothing=0.050
D step=4/5 epoch=1/3 loss=0.3631 l2=0.2000 label_smoothing=0.050
D step=4/5 epoch=2/3 loss=0.3591 l2=0.2000 label_smoothing=0.050
D step=4/5 epoch=3/3 loss=0.3649 l2=0.2000 label_smoothing=0.050
D step=5/5 epoch=1/3 loss=0.3702 l2=0.2000 label_smoothing=0.050
D step=5/5 epoch=2/3 loss=0.3616 l2=0.2000 label_smoothing=0.050
D step=5/5 epoch=3/3 loss=0.3624 l2=0.2000 label_smoothing=0.050
ADV epoch=5/200 g_loss=0.0740 d_loss=0.3655 reward=0.2916 reward_var=0.0495 unique=0.6400
D step=1/5 epoch=1/3 loss=0.3359 l2=0.2000 label_smoothing=0.050
D step=1/5 epoch=2/3 loss=0.3521 l2=0.2000 label_smoothing=0.050
D step=1/5 epoch=3/3 loss=0.3469 l2=0.2000 label_smoothing=0.050
D step=2/5 epoch=1/3 loss=0.3966 l2=0.2000 label_smoothing=0.050
D step=2/5 epoch=2/3 loss=0.3896 l2=0.2000 label_smoothing=0.050
D step=2/5 epoch=3/3 loss=0.3839 l2=0.2000 label_smoothing=0.050
D step=3/5 epoch=1/3 loss=0.3528 l2=0.2000 label_smoothing=0.050
D step=3/5 epoch=2/3 loss=0.3396 l2=0.2000 label_smoothing=0.050
D step=3/5 epoch=3/3 loss=0.3462 l2=0.2000 label_smoothing=0.050
D step=4/5 epoch=1/3 loss=0.3696 l2=0.2000 label_smoothing=0.050
D step=4/5 epoch=2/3 loss=0.3591 l2=0.2000 label_smoothing=0.050
D step=4/5 epoch=3/3 loss=0.3610 l2=0.2000 label_smoothing=0.050
D step=5/5 epoch=1/3 loss=0.3610 l2=0.2000 label_smoothing=0.050
D step=5/5 epoch=2/3 loss=0.3365 l2=0.2000 label_smoothing=0.050
D step=5/5 epoch=3/3 loss=0.3384 l2=0.2000 label_smoothing=0.050
ADV epoch=6/200 g_loss=0.0600 d_loss=0.3579 reward=0.2403 reward_var=0.0327 unique=0.6200
D step=1/5 epoch=1/3 loss=0.4325 l2=0.2000 label_smoothing=0.050
D step=1/5 epoch=2/3 loss=0.4002 l2=0.2000 label_smoothing=0.050
D step=1/5 epoch=3/3 loss=0.3982 l2=0.2000 label_smoothing=0.050
D step=2/5 epoch=1/3 loss=0.4003 l2=0.2000 label_smoothing=0.050
D step=2/5 epoch=2/3 loss=0.3764 l2=0.2000 label_smoothing=0.050
D step=2/5 epoch=3/3 loss=0.3798 l2=0.2000 label_smoothing=0.050
D step=3/5 epoch=1/3 loss=0.3969 l2=0.2000 label_smoothing=0.050
D step=3/5 epoch=2/3 loss=0.3833 l2=0.2000 label_smoothing=0.050
D step=3/5 epoch=3/3 loss=0.3840 l2=0.2000 label_smoothing=0.050
D step=4/5 epoch=1/3 loss=0.3988 l2=0.2000 label_smoothing=0.050
D step=4/5 epoch=2/3 loss=0.3990 l2=0.2000 label_smoothing=0.050
D step=4/5 epoch=3/3 loss=0.3986 l2=0.2000 label_smoothing=0.050
D step=5/5 epoch=1/3 loss=0.3825 l2=0.2000 label_smoothing=0.050
D step=5/5 epoch=2/3 loss=0.3814 l2=0.2000 label_smoothing=0.050
D step=5/5 epoch=3/3 loss=0.3760 l2=0.2000 label_smoothing=0.050
ADV epoch=7/200 g_loss=0.0489 d_loss=0.3925 reward=0.3021 reward_var=0.0324 unique=0.6400
D step=1/5 epoch=1/3 loss=0.3767 l2=0.2000 label_smoothing=0.050
D step=1/5 epoch=2/3 loss=0.3697 l2=0.2000 label_smoothing=0.050
D step=1/5 epoch=3/3 loss=0.3793 l2=0.2000 label_smoothing=0.050
D step=2/5 epoch=1/3 loss=0.3981 l2=0.2000 label_smoothing=0.050
D step=2/5 epoch=2/3 loss=0.3917 l2=0.2000 label_smoothing=0.050
D step=2/5 epoch=3/3 loss=0.3918 l2=0.2000 label_smoothing=0.050
D step=3/5 epoch=1/3 loss=0.3843 l2=0.2000 label_smoothing=0.050
D step=3/5 epoch=2/3 loss=0.3746 l2=0.2000 label_smoothing=0.050
D step=3/5 epoch=3/3 loss=0.3713 l2=0.2000 label_smoothing=0.050
D step=4/5 epoch=1/3 loss=0.4177 l2=0.2000 label_smoothing=0.050
D step=4/5 epoch=2/3 loss=0.4058 l2=0.2000 label_smoothing=0.050
D step=4/5 epoch=3/3 loss=0.4178 l2=0.2000 label_smoothing=0.050
D step=5/5 epoch=1/3 loss=0.3702 l2=0.2000 label_smoothing=0.050
D step=5/5 epoch=2/3 loss=0.3727 l2=0.2000 label_smoothing=0.050
D step=5/5 epoch=3/3 loss=0.3691 l2=0.2000 label_smoothing=0.050
ADV epoch=8/200 g_loss=0.0212 d_loss=0.3861 reward=0.1986 reward_var=0.0124 unique=0.4000
D step=1/5 epoch=1/3 loss=0.3695 l2=0.2000 label_smoothing=0.050
D step=1/5 epoch=2/3 loss=0.3597 l2=0.2000 label_smoothing=0.050
D step=1/5 epoch=3/3 loss=0.3682 l2=0.2000 label_smoothing=0.050
D step=2/5 epoch=1/3 loss=0.3639 l2=0.2000 label_smoothing=0.050
D step=2/5 epoch=2/3 loss=0.3748 l2=0.2000 label_smoothing=0.050
D step=2/5 epoch=3/3 loss=0.3690 l2=0.2000 label_smoothing=0.050
D step=3/5 epoch=1/3 loss=0.3590 l2=0.2000 label_smoothing=0.050
D step=3/5 epoch=2/3 loss=0.3573 l2=0.2000 label_smoothing=0.050
D step=3/5 epoch=3/3 loss=0.3573 l2=0.2000 label_smoothing=0.050
D step=4/5 epoch=1/3 loss=0.3549 l2=0.2000 label_smoothing=0.050
D step=4/5 epoch=2/3 loss=0.3574 l2=0.2000 label_smoothing=0.050
D step=4/5 epoch=3/3 loss=0.3578 l2=0.2000 label_smoothing=0.050
D step=5/5 epoch=1/3 loss=0.3963 l2=0.2000 label_smoothing=0.050
D step=5/5 epoch=2/3 loss=0.3760 l2=0.2000 label_smoothing=0.050
D step=5/5 epoch=3/3 loss=0.3763 l2=0.2000 label_smoothing=0.050
ADV epoch=9/200 g_loss=0.0254 d_loss=0.3665 reward=0.1396 reward_var=0.0077 unique=0.3800
D step=1/5 epoch=1/3 loss=0.4102 l2=0.2000 label_smoothing=0.050
D step=1/5 epoch=2/3 loss=0.3827 l2=0.2000 label_smoothing=0.050
D step=1/5 epoch=3/3 loss=0.3790 l2=0.2000 label_smoothing=0.050
D step=2/5 epoch=1/3 loss=0.3540 l2=0.2000 label_smoothing=0.050
D step=2/5 epoch=2/3 loss=0.3436 l2=0.2000 label_smoothing=0.050
D step=2/5 epoch=3/3 loss=0.3424 l2=0.2000 label_smoothing=0.050
D step=3/5 epoch=1/3 loss=0.3104 l2=0.2000 label_smoothing=0.050
D step=3/5 epoch=2/3 loss=0.3043 l2=0.2000 label_smoothing=0.050
D step=3/5 epoch=3/3 loss=0.3002 l2=0.2000 label_smoothing=0.050
D step=4/5 epoch=1/3 loss=0.4241 l2=0.2000 label_smoothing=0.050
D step=4/5 epoch=2/3 loss=0.4162 l2=0.2000 label_smoothing=0.050
D step=4/5 epoch=3/3 loss=0.4093 l2=0.2000 label_smoothing=0.050
D step=5/5 epoch=1/3 loss=0.3613 l2=0.2000 label_smoothing=0.050
D step=5/5 epoch=2/3 loss=0.3502 l2=0.2000 label_smoothing=0.050
D step=5/5 epoch=3/3 loss=0.3425 l2=0.2000 label_smoothing=0.050
ADV epoch=10/200 g_loss=0.0151 d_loss=0.3620 reward=0.2128 reward_var=0.0137 unique=0.3200
D step=1/5 epoch=1/3 loss=0.3764 l2=0.2000 label_smoothing=0.050
D step=1/5 epoch=2/3 loss=0.3518 l2=0.2000 label_smoothing=0.050
D step=1/5 epoch=3/3 loss=0.3537 l2=0.2000 label_smoothing=0.050
D step=2/5 epoch=1/3 loss=0.3796 l2=0.2000 label_smoothing=0.050
D step=2/5 epoch=2/3 loss=0.3737 l2=0.2000 label_smoothing=0.050
D step=2/5 epoch=3/3 loss=0.3697 l2=0.2000 label_smoothing=0.050
D step=3/5 epoch=1/3 loss=0.3442 l2=0.2000 label_smoothing=0.050
D step=3/5 epoch=2/3 loss=0.3466 l2=0.2000 label_smoothing=0.050
D step=3/5 epoch=3/3 loss=0.3420 l2=0.2000 label_smoothing=0.050
D step=4/5 epoch=1/3 loss=0.3723 l2=0.2000 label_smoothing=0.050
D step=4/5 epoch=2/3 loss=0.3560 l2=0.2000 label_smoothing=0.050
D step=4/5 epoch=3/3 loss=0.3695 l2=0.2000 label_smoothing=0.050
D step=5/5 epoch=1/3 loss=0.3826 l2=0.2000 label_smoothing=0.050
D step=5/5 epoch=2/3 loss=0.3649 l2=0.2000 label_smoothing=0.050
D step=5/5 epoch=3/3 loss=0.3552 l2=0.2000 label_smoothing=0.050
ADV epoch=11/200 g_loss=0.0240 d_loss=0.3625 reward=0.1364 reward_var=0.0077 unique=0.3400
D step=1/5 epoch=1/3 loss=0.3505 l2=0.2000 label_smoothing=0.050
D step=1/5 epoch=2/3 loss=0.3630 l2=0.2000 label_smoothing=0.050
D step=1/5 epoch=3/3 loss=0.3502 l2=0.2000 label_smoothing=0.050
D step=2/5 epoch=1/3 loss=0.3557 l2=0.2000 label_smoothing=0.050
D step=2/5 epoch=2/3 loss=0.3548 l2=0.2000 label_smoothing=0.050
D step=2/5 epoch=3/3 loss=0.3551 l2=0.2000 label_smoothing=0.050
D step=3/5 epoch=1/3 loss=0.3438 l2=0.2000 label_smoothing=0.050
D step=3/5 epoch=2/3 loss=0.3455 l2=0.2000 label_smoothing=0.050
D step=3/5 epoch=3/3 loss=0.3460 l2=0.2000 label_smoothing=0.050
D step=4/5 epoch=1/3 loss=0.3239 l2=0.2000 label_smoothing=0.050
D step=4/5 epoch=2/3 loss=0.3197 l2=0.2000 label_smoothing=0.050
D step=4/5 epoch=3/3 loss=0.3185 l2=0.2000 label_smoothing=0.050
D step=5/5 epoch=1/3 loss=0.3549 l2=0.2000 label_smoothing=0.050
D step=5/5 epoch=2/3 loss=0.3412 l2=0.2000 label_smoothing=0.050
D step=5/5 epoch=3/3 loss=0.3412 l2=0.2000 label_smoothing=0.050
ADV epoch=12/200 g_loss=0.0117 d_loss=0.3443 reward=0.2579 reward_var=0.0066 unique=0.3600
D step=1/5 epoch=1/3 loss=0.3559 l2=0.2000 label_smoothing=0.050
D step=1/5 epoch=2/3 loss=0.3538 l2=0.2000 label_smoothing=0.050
D step=1/5 epoch=3/3 loss=0.3511 l2=0.2000 label_smoothing=0.050
D step=2/5 epoch=1/3 loss=0.3617 l2=0.2000 label_smoothing=0.050
D step=2/5 epoch=2/3 loss=0.3627 l2=0.2000 label_smoothing=0.050
D step=2/5 epoch=3/3 loss=0.3658 l2=0.2000 label_smoothing=0.050
D step=3/5 epoch=1/3 loss=0.3779 l2=0.2000 label_smoothing=0.050
D step=3/5 epoch=2/3 loss=0.3808 l2=0.2000 label_smoothing=0.050
D step=3/5 epoch=3/3 loss=0.3622 l2=0.2000 label_smoothing=0.050
D step=4/5 epoch=1/3 loss=0.3682 l2=0.2000 label_smoothing=0.050
D step=4/5 epoch=2/3 loss=0.3671 l2=0.2000 label_smoothing=0.050
D step=4/5 epoch=3/3 loss=0.3718 l2=0.2000 label_smoothing=0.050
D step=5/5 epoch=1/3 loss=0.3513 l2=0.2000 label_smoothing=0.050
D step=5/5 epoch=2/3 loss=0.3540 l2=0.2000 label_smoothing=0.050
D step=5/5 epoch=3/3 loss=0.3455 l2=0.2000 label_smoothing=0.050
ADV epoch=13/200 g_loss=0.0105 d_loss=0.3620 reward=0.2088 reward_var=0.0087 unique=0.2400
D step=1/5 epoch=1/3 loss=0.3783 l2=0.2000 label_smoothing=0.050
D step=1/5 epoch=2/3 loss=0.3602 l2=0.2000 label_smoothing=0.050
D step=1/5 epoch=3/3 loss=0.3690 l2=0.2000 label_smoothing=0.050
D step=2/5 epoch=1/3 loss=0.3252 l2=0.2000 label_smoothing=0.050
D step=2/5 epoch=2/3 loss=0.3123 l2=0.2000 label_smoothing=0.050
D step=2/5 epoch=3/3 loss=0.3198 l2=0.2000 label_smoothing=0.050
D step=3/5 epoch=1/3 loss=0.3638 l2=0.2000 label_smoothing=0.050
D step=3/5 epoch=2/3 loss=0.3597 l2=0.2000 label_smoothing=0.050
D step=3/5 epoch=3/3 loss=0.3607 l2=0.2000 label_smoothing=0.050
D step=4/5 epoch=1/3 loss=0.3655 l2=0.2000 label_smoothing=0.050
D step=4/5 epoch=2/3 loss=0.3710 l2=0.2000 label_smoothing=0.050
D step=4/5 epoch=3/3 loss=0.3735 l2=0.2000 label_smoothing=0.050
D step=5/5 epoch=1/3 loss=0.3564 l2=0.2000 label_smoothing=0.050
D step=5/5 epoch=2/3 loss=0.3509 l2=0.2000 label_smoothing=0.050
D step=5/5 epoch=3/3 loss=0.3498 l2=0.2000 label_smoothing=0.050
ADV epoch=14/200 g_loss=0.0087 d_loss=0.3544 reward=0.1650 reward_var=0.0032 unique=0.1800
D step=1/5 epoch=1/3 loss=0.3137 l2=0.2000 label_smoothing=0.050
D step=1/5 epoch=2/3 loss=0.2985 l2=0.2000 label_smoothing=0.050
D step=1/5 epoch=3/3 loss=0.2937 l2=0.2000 label_smoothing=0.050
D step=2/5 epoch=1/3 loss=0.3619 l2=0.2000 label_smoothing=0.050
D step=2/5 epoch=2/3 loss=0.3699 l2=0.2000 label_smoothing=0.050
D step=2/5 epoch=3/3 loss=0.3626 l2=0.2000 label_smoothing=0.050
D step=3/5 epoch=1/3 loss=0.3640 l2=0.2000 label_smoothing=0.050
D step=3/5 epoch=2/3 loss=0.3652 l2=0.2000 label_smoothing=0.050
D step=3/5 epoch=3/3 loss=0.3667 l2=0.2000 label_smoothing=0.050
D step=4/5 epoch=1/3 loss=0.3657 l2=0.2000 label_smoothing=0.050
D step=4/5 epoch=2/3 loss=0.3656 l2=0.2000 label_smoothing=0.050
D step=4/5 epoch=3/3 loss=0.3642 l2=0.2000 label_smoothing=0.050
D step=5/5 epoch=1/3 loss=0.3794 l2=0.2000 label_smoothing=0.050
D step=5/5 epoch=2/3 loss=0.3780 l2=0.2000 label_smoothing=0.050
D step=5/5 epoch=3/3 loss=0.3743 l2=0.2000 label_smoothing=0.050
ADV epoch=15/200 g_loss=0.0095 d_loss=0.3549 reward=0.1457 reward_var=0.0024 unique=0.2400
D step=1/5 epoch=1/3 loss=0.3750 l2=0.2000 label_smoothing=0.050
D step=1/5 epoch=2/3 loss=0.3469 l2=0.2000 label_smoothing=0.050
D step=1/5 epoch=3/3 loss=0.3467 l2=0.2000 label_smoothing=0.050
D step=2/5 epoch=1/3 loss=0.3513 l2=0.2000 label_smoothing=0.050
D step=2/5 epoch=2/3 loss=0.3592 l2=0.2000 label_smoothing=0.050
D step=2/5 epoch=3/3 loss=0.3568 l2=0.2000 label_smoothing=0.050
D step=3/5 epoch=1/3 loss=0.3373 l2=0.2000 label_smoothing=0.050
D step=3/5 epoch=2/3 loss=0.3462 l2=0.2000 label_smoothing=0.050
D step=3/5 epoch=3/3 loss=0.3428 l2=0.2000 label_smoothing=0.050
D step=4/5 epoch=1/3 loss=0.3436 l2=0.2000 label_smoothing=0.050
D step=4/5 epoch=2/3 loss=0.3424 l2=0.2000 label_smoothing=0.050
D step=4/5 epoch=3/3 loss=0.3473 l2=0.2000 label_smoothing=0.050
D step=5/5 epoch=1/3 loss=0.3374 l2=0.2000 label_smoothing=0.050
D step=5/5 epoch=2/3 loss=0.3361 l2=0.2000 label_smoothing=0.050
D step=5/5 epoch=3/3 loss=0.3423 l2=0.2000 label_smoothing=0.050
ADV epoch=16/200 g_loss=0.0075 d_loss=0.3474 reward=0.1550 reward_var=0.0018 unique=0.2400
D step=1/5 epoch=1/3 loss=0.3596 l2=0.2000 label_smoothing=0.050
D step=1/5 epoch=2/3 loss=0.3458 l2=0.2000 label_smoothing=0.050
D step=1/5 epoch=3/3 loss=0.3589 l2=0.2000 label_smoothing=0.050
D step=2/5 epoch=1/3 loss=0.3799 l2=0.2000 label_smoothing=0.050
D step=2/5 epoch=2/3 loss=0.3794 l2=0.2000 label_smoothing=0.050
D step=2/5 epoch=3/3 loss=0.3780 l2=0.2000 label_smoothing=0.050
D step=3/5 epoch=1/3 loss=0.3624 l2=0.2000 label_smoothing=0.050
D step=3/5 epoch=2/3 loss=0.3595 l2=0.2000 label_smoothing=0.050
D step=3/5 epoch=3/3 loss=0.3611 l2=0.2000 label_smoothing=0.050
D step=4/5 epoch=1/3 loss=0.3385 l2=0.2000 label_smoothing=0.050
D step=4/5 epoch=2/3 loss=0.3466 l2=0.2000 label_smoothing=0.050
D step=4/5 epoch=3/3 loss=0.3351 l2=0.2000 label_smoothing=0.050
D step=5/5 epoch=1/3 loss=0.3692 l2=0.2000 label_smoothing=0.050
D step=5/5 epoch=2/3 loss=0.3721 l2=0.2000 label_smoothing=0.050
D step=5/5 epoch=3/3 loss=0.3714 l2=0.2000 label_smoothing=0.050
ADV epoch=17/200 g_loss=0.0038 d_loss=0.3612 reward=0.1754 reward_var=0.0018 unique=0.1400
D step=1/5 epoch=1/3 loss=0.3727 l2=0.2000 label_smoothing=0.050
D step=1/5 epoch=2/3 loss=0.3665 l2=0.2000 label_smoothing=0.050
D step=1/5 epoch=3/3 loss=0.3606 l2=0.2000 label_smoothing=0.050
D step=2/5 epoch=1/3 loss=0.3734 l2=0.2000 label_smoothing=0.050
D step=2/5 epoch=2/3 loss=0.3731 l2=0.2000 label_smoothing=0.050
D step=2/5 epoch=3/3 loss=0.3642 l2=0.2000 label_smoothing=0.050
D step=3/5 epoch=1/3 loss=0.3652 l2=0.2000 label_smoothing=0.050
D step=3/5 epoch=2/3 loss=0.3561 l2=0.2000 label_smoothing=0.050
D step=3/5 epoch=3/3 loss=0.3587 l2=0.2000 label_smoothing=0.050
D step=4/5 epoch=1/3 loss=0.3767 l2=0.2000 label_smoothing=0.050
D step=4/5 epoch=2/3 loss=0.3719 l2=0.2000 label_smoothing=0.050
D step=4/5 epoch=3/3 loss=0.3705 l2=0.2000 label_smoothing=0.050
D step=5/5 epoch=1/3 loss=0.3345 l2=0.2000 label_smoothing=0.050
D step=5/5 epoch=2/3 loss=0.3292 l2=0.2000 label_smoothing=0.050
D step=5/5 epoch=3/3 loss=0.3320 l2=0.2000 label_smoothing=0.050
ADV epoch=18/200 g_loss=0.0155 d_loss=0.3603 reward=0.1939 reward_var=0.0050 unique=0.2200
D step=1/5 epoch=1/3 loss=0.3341 l2=0.2000 label_smoothing=0.050
D step=1/5 epoch=2/3 loss=0.3305 l2=0.2000 label_smoothing=0.050
D step=1/5 epoch=3/3 loss=0.3306 l2=0.2000 label_smoothing=0.050
D step=2/5 epoch=1/3 loss=0.3880 l2=0.2000 label_smoothing=0.050
D step=2/5 epoch=2/3 loss=0.3976 l2=0.2000 label_smoothing=0.050
D step=2/5 epoch=3/3 loss=0.3870 l2=0.2000 label_smoothing=0.050
D step=3/5 epoch=1/3 loss=0.3524 l2=0.2000 label_smoothing=0.050
D step=3/5 epoch=2/3 loss=0.3408 l2=0.2000 label_smoothing=0.050
D step=3/5 epoch=3/3 loss=0.3464 l2=0.2000 label_smoothing=0.050
D step=4/5 epoch=1/3 loss=0.3596 l2=0.2000 label_smoothing=0.050
D step=4/5 epoch=2/3 loss=0.3519 l2=0.2000 label_smoothing=0.050
D step=4/5 epoch=3/3 loss=0.3498 l2=0.2000 label_smoothing=0.050
D step=5/5 epoch=1/3 loss=0.3844 l2=0.2000 label_smoothing=0.050
D step=5/5 epoch=2/3 loss=0.3748 l2=0.2000 label_smoothing=0.050
D step=5/5 epoch=3/3 loss=0.3723 l2=0.2000 label_smoothing=0.050
ADV epoch=19/200 g_loss=0.0071 d_loss=0.3600 reward=0.1273 reward_var=0.0019 unique=0.1800
D step=1/5 epoch=1/3 loss=0.3738 l2=0.2000 label_smoothing=0.050
D step=1/5 epoch=2/3 loss=0.3550 l2=0.2000 label_smoothing=0.050
D step=1/5 epoch=3/3 loss=0.3560 l2=0.2000 label_smoothing=0.050
D step=2/5 epoch=1/3 loss=0.3223 l2=0.2000 label_smoothing=0.050
D step=2/5 epoch=2/3 loss=0.3270 l2=0.2000 label_smoothing=0.050
D step=2/5 epoch=3/3 loss=0.3238 l2=0.2000 label_smoothing=0.050
D step=3/5 epoch=1/3 loss=0.3830 l2=0.2000 label_smoothing=0.050
D step=3/5 epoch=2/3 loss=0.3731 l2=0.2000 label_smoothing=0.050
D step=3/5 epoch=3/3 loss=0.3801 l2=0.2000 label_smoothing=0.050
D step=4/5 epoch=1/3 loss=0.3574 l2=0.2000 label_smoothing=0.050
D step=4/5 epoch=2/3 loss=0.3472 l2=0.2000 label_smoothing=0.050
D step=4/5 epoch=3/3 loss=0.3562 l2=0.2000 label_smoothing=0.050
D step=5/5 epoch=1/3 loss=0.3812 l2=0.2000 label_smoothing=0.050
D step=5/5 epoch=2/3 loss=0.3750 l2=0.2000 label_smoothing=0.050
D step=5/5 epoch=3/3 loss=0.3727 l2=0.2000 label_smoothing=0.050
ADV epoch=20/200 g_loss=0.0196 d_loss=0.3589 reward=0.2160 reward_var=0.0053 unique=0.2200
D step=1/5 epoch=1/3 loss=0.3509 l2=0.2000 label_smoothing=0.050
D step=1/5 epoch=2/3 loss=0.3431 l2=0.2000 label_smoothing=0.050
D step=1/5 epoch=3/3 loss=0.3458 l2=0.2000 label_smoothing=0.050
D step=2/5 epoch=1/3 loss=0.3411 l2=0.2000 label_smoothing=0.050
D step=2/5 epoch=2/3 loss=0.3343 l2=0.2000 label_smoothing=0.050
D step=2/5 epoch=3/3 loss=0.3467 l2=0.2000 label_smoothing=0.050
D step=3/5 epoch=1/3 loss=0.3454 l2=0.2000 label_smoothing=0.050
D step=3/5 epoch=2/3 loss=0.3433 l2=0.2000 label_smoothing=0.050
D step=3/5 epoch=3/3 loss=0.3452 l2=0.2000 label_smoothing=0.050
D step=4/5 epoch=1/3 loss=0.3149 l2=0.2000 label_smoothing=0.050
D step=4/5 epoch=2/3 loss=0.3169 l2=0.2000 label_smoothing=0.050
D step=4/5 epoch=3/3 loss=0.3122 l2=0.2000 label_smoothing=0.050
D step=5/5 epoch=1/3 loss=0.3770 l2=0.2000 label_smoothing=0.050
D step=5/5 epoch=2/3 loss=0.3741 l2=0.2000 label_smoothing=0.050
D step=5/5 epoch=3/3 loss=0.3639 l2=0.2000 label_smoothing=0.050
ADV epoch=21/200 g_loss=0.0069 d_loss=0.3437 reward=0.1936 reward_var=0.0026 unique=0.1600
D step=1/5 epoch=1/3 loss=0.3139 l2=0.2000 label_smoothing=0.050
D step=1/5 epoch=2/3 loss=0.3130 l2=0.2000 label_smoothing=0.050
D step=1/5 epoch=3/3 loss=0.3219 l2=0.2000 label_smoothing=0.050
D step=2/5 epoch=1/3 loss=0.3552 l2=0.2000 label_smoothing=0.050
D step=2/5 epoch=2/3 loss=0.3470 l2=0.2000 label_smoothing=0.050
D step=2/5 epoch=3/3 loss=0.3444 l2=0.2000 label_smoothing=0.050
D step=3/5 epoch=1/3 loss=0.3672 l2=0.2000 label_smoothing=0.050
D step=3/5 epoch=2/3 loss=0.3679 l2=0.2000 label_smoothing=0.050
D step=3/5 epoch=3/3 loss=0.3689 l2=0.2000 label_smoothing=0.050
D step=4/5 epoch=1/3 loss=0.3479 l2=0.2000 label_smoothing=0.050
D step=4/5 epoch=2/3 loss=0.3482 l2=0.2000 label_smoothing=0.050
D step=4/5 epoch=3/3 loss=0.3519 l2=0.2000 label_smoothing=0.050
D step=5/5 epoch=1/3 loss=0.3128 l2=0.2000 label_smoothing=0.050
D step=5/5 epoch=2/3 loss=0.3190 l2=0.2000 label_smoothing=0.050
D step=5/5 epoch=3/3 loss=0.3235 l2=0.2000 label_smoothing=0.050
ADV epoch=22/200 g_loss=0.0062 d_loss=0.3402 reward=0.2157 reward_var=0.0025 unique=0.1000
D step=1/5 epoch=1/3 loss=0.3593 l2=0.2000 label_smoothing=0.050
D step=1/5 epoch=2/3 loss=0.3530 l2=0.2000 label_smoothing=0.050
D step=1/5 epoch=3/3 loss=0.3517 l2=0.2000 label_smoothing=0.050
D step=2/5 epoch=1/3 loss=0.3811 l2=0.2000 label_smoothing=0.050
D step=2/5 epoch=2/3 loss=0.3798 l2=0.2000 label_smoothing=0.050
D step=2/5 epoch=3/3 loss=0.3741 l2=0.2000 label_smoothing=0.050
D step=3/5 epoch=1/3 loss=0.3790 l2=0.2000 label_smoothing=0.050
D step=3/5 epoch=2/3 loss=0.3727 l2=0.2000 label_smoothing=0.050
D step=3/5 epoch=3/3 loss=0.3725 l2=0.2000 label_smoothing=0.050
D step=4/5 epoch=1/3 loss=0.3605 l2=0.2000 label_smoothing=0.050
D step=4/5 epoch=2/3 loss=0.3577 l2=0.2000 label_smoothing=0.050
D step=4/5 epoch=3/3 loss=0.3466 l2=0.2000 label_smoothing=0.050
D step=5/5 epoch=1/3 loss=0.3462 l2=0.2000 label_smoothing=0.050
D step=5/5 epoch=2/3 loss=0.3472 l2=0.2000 label_smoothing=0.050
D step=5/5 epoch=3/3 loss=0.3440 l2=0.2000 label_smoothing=0.050
ADV epoch=23/200 g_loss=0.0050 d_loss=0.3617 reward=0.1712 reward_var=0.0010 unique=0.0600
D step=1/5 epoch=1/3 loss=0.3437 l2=0.2000 label_smoothing=0.050
D step=1/5 epoch=2/3 loss=0.3419 l2=0.2000 label_smoothing=0.050
D step=1/5 epoch=3/3 loss=0.3460 l2=0.2000 label_smoothing=0.050
D step=2/5 epoch=1/3 loss=0.3414 l2=0.2000 label_smoothing=0.050
D step=2/5 epoch=2/3 loss=0.3335 l2=0.2000 label_smoothing=0.050
D step=2/5 epoch=3/3 loss=0.3348 l2=0.2000 label_smoothing=0.050
D step=3/5 epoch=1/3 loss=0.3340 l2=0.2000 label_smoothing=0.050
D step=3/5 epoch=2/3 loss=0.3278 l2=0.2000 label_smoothing=0.050
D step=3/5 epoch=3/3 loss=0.3258 l2=0.2000 label_smoothing=0.050
D step=4/5 epoch=1/3 loss=0.3458 l2=0.2000 label_smoothing=0.050
D step=4/5 epoch=2/3 loss=0.3438 l2=0.2000 label_smoothing=0.050
D step=4/5 epoch=3/3 loss=0.3406 l2=0.2000 label_smoothing=0.050
D step=5/5 epoch=1/3 loss=0.3558 l2=0.2000 label_smoothing=0.050
D step=5/5 epoch=2/3 loss=0.3535 l2=0.2000 label_smoothing=0.050
D step=5/5 epoch=3/3 loss=0.3546 l2=0.2000 label_smoothing=0.050
ADV epoch=24/200 g_loss=0.0091 d_loss=0.3415 reward=0.1776 reward_var=0.0030 unique=0.1400
D step=1/5 epoch=1/3 loss=0.3442 l2=0.2000 label_smoothing=0.050
D step=1/5 epoch=2/3 loss=0.3375 l2=0.2000 label_smoothing=0.050
D step=1/5 epoch=3/3 loss=0.3404 l2=0.2000 label_smoothing=0.050
D step=2/5 epoch=1/3 loss=0.3408 l2=0.2000 label_smoothing=0.050
D step=2/5 epoch=2/3 loss=0.3321 l2=0.2000 label_smoothing=0.050
D step=2/5 epoch=3/3 loss=0.3390 l2=0.2000 label_smoothing=0.050
D step=3/5 epoch=1/3 loss=0.3202 l2=0.2000 label_smoothing=0.050
D step=3/5 epoch=2/3 loss=0.3150 l2=0.2000 label_smoothing=0.050
D step=3/5 epoch=3/3 loss=0.3151 l2=0.2000 label_smoothing=0.050
D step=4/5 epoch=1/3 loss=0.3379 l2=0.2000 label_smoothing=0.050
D step=4/5 epoch=2/3 loss=0.3354 l2=0.2000 label_smoothing=0.050
D step=4/5 epoch=3/3 loss=0.3379 l2=0.2000 label_smoothing=0.050
D step=5/5 epoch=1/3 loss=0.3397 l2=0.2000 label_smoothing=0.050
D step=5/5 epoch=2/3 loss=0.3375 l2=0.2000 label_smoothing=0.050
D step=5/5 epoch=3/3 loss=0.3340 l2=0.2000 label_smoothing=0.050
ADV epoch=25/200 g_loss=0.0058 d_loss=0.3338 reward=0.2042 reward_var=0.0024 unique=0.1400
D step=1/5 epoch=1/3 loss=0.3563 l2=0.2000 label_smoothing=0.050
D step=1/5 epoch=2/3 loss=0.3507 l2=0.2000 label_smoothing=0.050
D step=1/5 epoch=3/3 loss=0.3562 l2=0.2000 label_smoothing=0.050
D step=2/5 epoch=1/3 loss=0.3165 l2=0.2000 label_smoothing=0.050
D step=2/5 epoch=2/3 loss=0.3247 l2=0.2000 label_smoothing=0.050
D step=2/5 epoch=3/3 loss=0.3258 l2=0.2000 label_smoothing=0.050
D step=3/5 epoch=1/3 loss=0.3556 l2=0.2000 label_smoothing=0.050
D step=3/5 epoch=2/3 loss=0.3502 l2=0.2000 label_smoothing=0.050
D step=3/5 epoch=3/3 loss=0.3526 l2=0.2000 label_smoothing=0.050
D step=4/5 epoch=1/3 loss=0.3274 l2=0.2000 label_smoothing=0.050
D step=4/5 epoch=2/3 loss=0.3204 l2=0.2000 label_smoothing=0.050
D step=4/5 epoch=3/3 loss=0.3246 l2=0.2000 label_smoothing=0.050
D step=5/5 epoch=1/3 loss=0.3514 l2=0.2000 label_smoothing=0.050
D step=5/5 epoch=2/3 loss=0.3522 l2=0.2000 label_smoothing=0.050
D step=5/5 epoch=3/3 loss=0.3446 l2=0.2000 label_smoothing=0.050
ADV epoch=26/200 g_loss=0.0030 d_loss=0.3406 reward=0.1530 reward_var=0.0008 unique=0.1600
D step=1/5 epoch=1/3 loss=0.3458 l2=0.2000 label_smoothing=0.050
D step=1/5 epoch=2/3 loss=0.3320 l2=0.2000 label_smoothing=0.050
D step=1/5 epoch=3/3 loss=0.3348 l2=0.2000 label_smoothing=0.050
D step=2/5 epoch=1/3 loss=0.3354 l2=0.2000 label_smoothing=0.050
D step=2/5 epoch=2/3 loss=0.3321 l2=0.2000 label_smoothing=0.050
D step=2/5 epoch=3/3 loss=0.3310 l2=0.2000 label_smoothing=0.050
D step=3/5 epoch=1/3 loss=0.3222 l2=0.2000 label_smoothing=0.050
D step=3/5 epoch=2/3 loss=0.3277 l2=0.2000 label_smoothing=0.050
D step=3/5 epoch=3/3 loss=0.3248 l2=0.2000 label_smoothing=0.050
D step=4/5 epoch=1/3 loss=0.3237 l2=0.2000 label_smoothing=0.050
D step=4/5 epoch=2/3 loss=0.3249 l2=0.2000 label_smoothing=0.050
D step=4/5 epoch=3/3 loss=0.3191 l2=0.2000 label_smoothing=0.050
D step=5/5 epoch=1/3 loss=0.2968 l2=0.2000 label_smoothing=0.050
D step=5/5 epoch=2/3 loss=0.3047 l2=0.2000 label_smoothing=0.050
D step=5/5 epoch=3/3 loss=0.3049 l2=0.2000 label_smoothing=0.050
ADV epoch=27/200 g_loss=0.0044 d_loss=0.3240 reward=0.1966 reward_var=0.0026 unique=0.1400
D step=1/5 epoch=1/3 loss=0.3354 l2=0.2000 label_smoothing=0.050
D step=1/5 epoch=2/3 loss=0.3257 l2=0.2000 label_smoothing=0.050
D step=1/5 epoch=3/3 loss=0.3290 l2=0.2000 label_smoothing=0.050
D step=2/5 epoch=1/3 loss=0.3178 l2=0.2000 label_smoothing=0.050
D step=2/5 epoch=2/3 loss=0.3240 l2=0.2000 label_smoothing=0.050
D step=2/5 epoch=3/3 loss=0.3122 l2=0.2000 label_smoothing=0.050
D step=3/5 epoch=1/3 loss=0.3287 l2=0.2000 label_smoothing=0.050
D step=3/5 epoch=2/3 loss=0.3375 l2=0.2000 label_smoothing=0.050
D step=3/5 epoch=3/3 loss=0.3362 l2=0.2000 label_smoothing=0.050
D step=4/5 epoch=1/3 loss=0.3318 l2=0.2000 label_smoothing=0.050
D step=4/5 epoch=2/3 loss=0.3299 l2=0.2000 label_smoothing=0.050
D step=4/5 epoch=3/3 loss=0.3337 l2=0.2000 label_smoothing=0.050
D step=5/5 epoch=1/3 loss=0.3315 l2=0.2000 label_smoothing=0.050
D step=5/5 epoch=2/3 loss=0.3302 l2=0.2000 label_smoothing=0.050
D step=5/5 epoch=3/3 loss=0.3349 l2=0.2000 label_smoothing=0.050
ADV epoch=28/200 g_loss=0.0043 d_loss=0.3292 reward=0.1535 reward_var=0.0008 unique=0.1000
D step=1/5 epoch=1/3 loss=0.3648 l2=0.2000 label_smoothing=0.050
D step=1/5 epoch=2/3 loss=0.3617 l2=0.2000 label_smoothing=0.050
D step=1/5 epoch=3/3 loss=0.3632 l2=0.2000 label_smoothing=0.050
D step=2/5 epoch=1/3 loss=0.3248 l2=0.2000 label_smoothing=0.050
D step=2/5 epoch=2/3 loss=0.3300 l2=0.2000 label_smoothing=0.050
D step=2/5 epoch=3/3 loss=0.3327 l2=0.2000 label_smoothing=0.050
D step=3/5 epoch=1/3 loss=0.3517 l2=0.2000 label_smoothing=0.050
D step=3/5 epoch=2/3 loss=0.3568 l2=0.2000 label_smoothing=0.050
D step=3/5 epoch=3/3 loss=0.3550 l2=0.2000 label_smoothing=0.050
D step=4/5 epoch=1/3 loss=0.3450 l2=0.2000 label_smoothing=0.050
D step=4/5 epoch=2/3 loss=0.3364 l2=0.2000 label_smoothing=0.050
D step=4/5 epoch=3/3 loss=0.3412 l2=0.2000 label_smoothing=0.050
D step=5/5 epoch=1/3 loss=0.3263 l2=0.2000 label_smoothing=0.050
D step=5/5 epoch=2/3 loss=0.3310 l2=0.2000 label_smoothing=0.050
D step=5/5 epoch=3/3 loss=0.3296 l2=0.2000 label_smoothing=0.050
ADV epoch=29/200 g_loss=0.0046 d_loss=0.3434 reward=0.1467 reward_var=0.0018 unique=0.0800
D step=1/5 epoch=1/3 loss=0.3582 l2=0.2000 label_smoothing=0.050
D step=1/5 epoch=2/3 loss=0.3580 l2=0.2000 label_smoothing=0.050
D step=1/5 epoch=3/3 loss=0.3622 l2=0.2000 label_smoothing=0.050
D step=2/5 epoch=1/3 loss=0.3302 l2=0.2000 label_smoothing=0.050
D step=2/5 epoch=2/3 loss=0.3323 l2=0.2000 label_smoothing=0.050
D step=2/5 epoch=3/3 loss=0.3310 l2=0.2000 label_smoothing=0.050
D step=3/5 epoch=1/3 loss=0.3465 l2=0.2000 label_smoothing=0.050
D step=3/5 epoch=2/3 loss=0.3437 l2=0.2000 label_smoothing=0.050
D step=3/5 epoch=3/3 loss=0.3388 l2=0.2000 label_smoothing=0.050
D step=4/5 epoch=1/3 loss=0.3629 l2=0.2000 label_smoothing=0.050
D step=4/5 epoch=2/3 loss=0.3635 l2=0.2000 label_smoothing=0.050
D step=4/5 epoch=3/3 loss=0.3603 l2=0.2000 label_smoothing=0.050
D step=5/5 epoch=1/3 loss=0.3571 l2=0.2000 label_smoothing=0.050
D step=5/5 epoch=2/3 loss=0.3613 l2=0.2000 label_smoothing=0.050
D step=5/5 epoch=3/3 loss=0.3572 l2=0.2000 label_smoothing=0.050
ADV epoch=30/200 g_loss=0.0023 d_loss=0.3509 reward=0.1506 reward_var=0.0012 unique=0.1200
D step=1/5 epoch=1/3 loss=0.3369 l2=0.2000 label_smoothing=0.050
D step=1/5 epoch=2/3 loss=0.3270 l2=0.2000 label_smoothing=0.050
D step=1/5 epoch=3/3 loss=0.3277 l2=0.2000 label_smoothing=0.050
D step=2/5 epoch=1/3 loss=0.3214 l2=0.2000 label_smoothing=0.050
D step=2/5 epoch=2/3 loss=0.3176 l2=0.2000 label_smoothing=0.050
D step=2/5 epoch=3/3 loss=0.3213 l2=0.2000 label_smoothing=0.050
D step=3/5 epoch=1/3 loss=0.3280 l2=0.2000 label_smoothing=0.050
D step=3/5 epoch=2/3 loss=0.3275 l2=0.2000 label_smoothing=0.050
D step=3/5 epoch=3/3 loss=0.3347 l2=0.2000 label_smoothing=0.050
D step=4/5 epoch=1/3 loss=0.3341 l2=0.2000 label_smoothing=0.050
D step=4/5 epoch=2/3 loss=0.3354 l2=0.2000 label_smoothing=0.050
D step=4/5 epoch=3/3 loss=0.3398 l2=0.2000 label_smoothing=0.050
D step=5/5 epoch=1/3 loss=0.3562 l2=0.2000 label_smoothing=0.050
D step=5/5 epoch=2/3 loss=0.3559 l2=0.2000 label_smoothing=0.050
D step=5/5 epoch=3/3 loss=0.3536 l2=0.2000 label_smoothing=0.050
ADV epoch=31/200 g_loss=0.0068 d_loss=0.3345 reward=0.2167 reward_var=0.0033 unique=0.1600
D step=1/5 epoch=1/3 loss=0.3230 l2=0.2000 label_smoothing=0.050
D step=1/5 epoch=2/3 loss=0.3145 l2=0.2000 label_smoothing=0.050
D step=1/5 epoch=3/3 loss=0.3170 l2=0.2000 label_smoothing=0.050
D step=2/5 epoch=1/3 loss=0.3455 l2=0.2000 label_smoothing=0.050
D step=2/5 epoch=2/3 loss=0.3528 l2=0.2000 label_smoothing=0.050
D step=2/5 epoch=3/3 loss=0.3503 l2=0.2000 label_smoothing=0.050
D step=3/5 epoch=1/3 loss=0.3298 l2=0.2000 label_smoothing=0.050
D step=3/5 epoch=2/3 loss=0.3324 l2=0.2000 label_smoothing=0.050
D step=3/5 epoch=3/3 loss=0.3295 l2=0.2000 label_smoothing=0.050
D step=4/5 epoch=1/3 loss=0.3277 l2=0.2000 label_smoothing=0.050
D step=4/5 epoch=2/3 loss=0.3299 l2=0.2000 label_smoothing=0.050
D step=4/5 epoch=3/3 loss=0.3231 l2=0.2000 label_smoothing=0.050
D step=5/5 epoch=1/3 loss=0.3717 l2=0.2000 label_smoothing=0.050
D step=5/5 epoch=2/3 loss=0.3772 l2=0.2000 label_smoothing=0.050
D step=5/5 epoch=3/3 loss=0.3695 l2=0.2000 label_smoothing=0.050
ADV epoch=32/200 g_loss=0.0022 d_loss=0.3396 reward=0.1847 reward_var=0.0014 unique=0.1400
D step=1/5 epoch=1/3 loss=0.3648 l2=0.2000 label_smoothing=0.050
D step=1/5 epoch=2/3 loss=0.3691 l2=0.2000 label_smoothing=0.050
D step=1/5 epoch=3/3 loss=0.3663 l2=0.2000 label_smoothing=0.050
D step=2/5 epoch=1/3 loss=0.3648 l2=0.2000 label_smoothing=0.050
D step=2/5 epoch=2/3 loss=0.3598 l2=0.2000 label_smoothing=0.050
D step=2/5 epoch=3/3 loss=0.3542 l2=0.2000 label_smoothing=0.050
D step=3/5 epoch=1/3 loss=0.3281 l2=0.2000 label_smoothing=0.050
D step=3/5 epoch=2/3 loss=0.3312 l2=0.2000 label_smoothing=0.050
D step=3/5 epoch=3/3 loss=0.3327 l2=0.2000 label_smoothing=0.050
D step=4/5 epoch=1/3 loss=0.3453 l2=0.2000 label_smoothing=0.050
D step=4/5 epoch=2/3 loss=0.3433 l2=0.2000 label_smoothing=0.050
D step=4/5 epoch=3/3 loss=0.3364 l2=0.2000 label_smoothing=0.050
D step=5/5 epoch=1/3 loss=0.3278 l2=0.2000 label_smoothing=0.050
D step=5/5 epoch=2/3 loss=0.3260 l2=0.2000 label_smoothing=0.050
D step=5/5 epoch=3/3 loss=0.3275 l2=0.2000 label_smoothing=0.050
ADV epoch=33/200 g_loss=0.0030 d_loss=0.3452 reward=0.2640 reward_var=0.0007 unique=0.1400
D step=1/5 epoch=1/3 loss=0.3654 l2=0.2000 label_smoothing=0.050
D step=1/5 epoch=2/3 loss=0.3668 l2=0.2000 label_smoothing=0.050
D step=1/5 epoch=3/3 loss=0.3657 l2=0.2000 label_smoothing=0.050
D step=2/5 epoch=1/3 loss=0.3671 l2=0.2000 label_smoothing=0.050
D step=2/5 epoch=2/3 loss=0.3630 l2=0.2000 label_smoothing=0.050
D step=2/5 epoch=3/3 loss=0.3644 l2=0.2000 label_smoothing=0.050
D step=3/5 epoch=1/3 loss=0.3662 l2=0.2000 label_smoothing=0.050
D step=3/5 epoch=2/3 loss=0.3653 l2=0.2000 label_smoothing=0.050
D step=3/5 epoch=3/3 loss=0.3630 l2=0.2000 label_smoothing=0.050
D step=4/5 epoch=1/3 loss=0.3195 l2=0.2000 label_smoothing=0.050
D step=4/5 epoch=2/3 loss=0.3172 l2=0.2000 label_smoothing=0.050
D step=4/5 epoch=3/3 loss=0.3123 l2=0.2000 label_smoothing=0.050
D step=5/5 epoch=1/3 loss=0.3506 l2=0.2000 label_smoothing=0.050
D step=5/5 epoch=2/3 loss=0.3476 l2=0.2000 label_smoothing=0.050
D step=5/5 epoch=3/3 loss=0.3462 l2=0.2000 label_smoothing=0.050
ADV epoch=34/200 g_loss=0.0032 d_loss=0.3520 reward=0.1873 reward_var=0.0013 unique=0.1200
D step=1/5 epoch=1/3 loss=0.3645 l2=0.2000 label_smoothing=0.050
D step=1/5 epoch=2/3 loss=0.3612 l2=0.2000 label_smoothing=0.050
D step=1/5 epoch=3/3 loss=0.3516 l2=0.2000 label_smoothing=0.050
D step=2/5 epoch=1/3 loss=0.3300 l2=0.2000 label_smoothing=0.050
D step=2/5 epoch=2/3 loss=0.3253 l2=0.2000 label_smoothing=0.050
D step=2/5 epoch=3/3 loss=0.3312 l2=0.2000 label_smoothing=0.050
D step=3/5 epoch=1/3 loss=0.3545 l2=0.2000 label_smoothing=0.050
D step=3/5 epoch=2/3 loss=0.3537 l2=0.2000 label_smoothing=0.050
D step=3/5 epoch=3/3 loss=0.3592 l2=0.2000 label_smoothing=0.050
D step=4/5 epoch=1/3 loss=0.3524 l2=0.2000 label_smoothing=0.050
D step=4/5 epoch=2/3 loss=0.3507 l2=0.2000 label_smoothing=0.050
D step=4/5 epoch=3/3 loss=0.3496 l2=0.2000 label_smoothing=0.050
D step=5/5 epoch=1/3 loss=0.3296 l2=0.2000 label_smoothing=0.050
D step=5/5 epoch=2/3 loss=0.3247 l2=0.2000 label_smoothing=0.050
D step=5/5 epoch=3/3 loss=0.3192 l2=0.2000 label_smoothing=0.050
ADV epoch=35/200 g_loss=0.0031 d_loss=0.3438 reward=0.1819 reward_var=0.0017 unique=0.1000
D step=1/5 epoch=1/3 loss=0.3757 l2=0.2000 label_smoothing=0.050
D step=1/5 epoch=2/3 loss=0.3620 l2=0.2000 label_smoothing=0.050
D step=1/5 epoch=3/3 loss=0.3544 l2=0.2000 label_smoothing=0.050
D step=2/5 epoch=1/3 loss=0.3196 l2=0.2000 label_smoothing=0.050
D step=2/5 epoch=2/3 loss=0.3191 l2=0.2000 label_smoothing=0.050
D step=2/5 epoch=3/3 loss=0.3239 l2=0.2000 label_smoothing=0.050
D step=3/5 epoch=1/3 loss=0.3179 l2=0.2000 label_smoothing=0.050
D step=3/5 epoch=2/3 loss=0.3191 l2=0.2000 label_smoothing=0.050
D step=3/5 epoch=3/3 loss=0.3191 l2=0.2000 label_smoothing=0.050
D step=4/5 epoch=1/3 loss=0.3481 l2=0.2000 label_smoothing=0.050
D step=4/5 epoch=2/3 loss=0.3385 l2=0.2000 label_smoothing=0.050
D step=4/5 epoch=3/3 loss=0.3446 l2=0.2000 label_smoothing=0.050
D step=5/5 epoch=1/3 loss=0.3524 l2=0.2000 label_smoothing=0.050
D step=5/5 epoch=2/3 loss=0.3529 l2=0.2000 label_smoothing=0.050
D step=5/5 epoch=3/3 loss=0.3468 l2=0.2000 label_smoothing=0.050
ADV epoch=36/200 g_loss=0.0019 d_loss=0.3396 reward=0.1644 reward_var=0.0020 unique=0.0600
D step=1/5 epoch=1/3 loss=0.3579 l2=0.2000 label_smoothing=0.050
D step=1/5 epoch=2/3 loss=0.3506 l2=0.2000 label_smoothing=0.050
D step=1/5 epoch=3/3 loss=0.3479 l2=0.2000 label_smoothing=0.050
D step=2/5 epoch=1/3 loss=0.3547 l2=0.2000 label_smoothing=0.050
D step=2/5 epoch=2/3 loss=0.3443 l2=0.2000 label_smoothing=0.050
D step=2/5 epoch=3/3 loss=0.3544 l2=0.2000 label_smoothing=0.050
D step=3/5 epoch=1/3 loss=0.3397 l2=0.2000 label_smoothing=0.050
D step=3/5 epoch=2/3 loss=0.3388 l2=0.2000 label_smoothing=0.050
D step=3/5 epoch=3/3 loss=0.3360 l2=0.2000 label_smoothing=0.050
D step=4/5 epoch=1/3 loss=0.3130 l2=0.2000 label_smoothing=0.050
D step=4/5 epoch=2/3 loss=0.3146 l2=0.2000 label_smoothing=0.050
D step=4/5 epoch=3/3 loss=0.3171 l2=0.2000 label_smoothing=0.050
D step=5/5 epoch=1/3 loss=0.3387 l2=0.2000 label_smoothing=0.050
D step=5/5 epoch=2/3 loss=0.3357 l2=0.2000 label_smoothing=0.050
D step=5/5 epoch=3/3 loss=0.3433 l2=0.2000 label_smoothing=0.050
ADV epoch=37/200 g_loss=0.0095 d_loss=0.3391 reward=0.1967 reward_var=0.0019 unique=0.0800
D step=1/5 epoch=1/3 loss=0.3526 l2=0.2000 label_smoothing=0.050
D step=1/5 epoch=2/3 loss=0.3509 l2=0.2000 label_smoothing=0.050
D step=1/5 epoch=3/3 loss=0.3487 l2=0.2000 label_smoothing=0.050
D step=2/5 epoch=1/3 loss=0.3702 l2=0.2000 label_smoothing=0.050
D step=2/5 epoch=2/3 loss=0.3607 l2=0.2000 label_smoothing=0.050
D step=2/5 epoch=3/3 loss=0.3629 l2=0.2000 label_smoothing=0.050
D step=3/5 epoch=1/3 loss=0.3081 l2=0.2000 label_smoothing=0.050
D step=3/5 epoch=2/3 loss=0.3153 l2=0.2000 label_smoothing=0.050
D step=3/5 epoch=3/3 loss=0.3131 l2=0.2000 label_smoothing=0.050
D step=4/5 epoch=1/3 loss=0.3298 l2=0.2000 label_smoothing=0.050
D step=4/5 epoch=2/3 loss=0.3317 l2=0.2000 label_smoothing=0.050
D step=4/5 epoch=3/3 loss=0.3282 l2=0.2000 label_smoothing=0.050
D step=5/5 epoch=1/3 loss=0.3335 l2=0.2000 label_smoothing=0.050
D step=5/5 epoch=2/3 loss=0.3412 l2=0.2000 label_smoothing=0.050
D step=5/5 epoch=3/3 loss=0.3367 l2=0.2000 label_smoothing=0.050
ADV epoch=38/200 g_loss=0.0025 d_loss=0.3389 reward=0.1808 reward_var=0.0009 unique=0.1000
D step=1/5 epoch=1/3 loss=0.3483 l2=0.2000 label_smoothing=0.050
D step=1/5 epoch=2/3 loss=0.3388 l2=0.2000 label_smoothing=0.050
D step=1/5 epoch=3/3 loss=0.3357 l2=0.2000 label_smoothing=0.050
D step=2/5 epoch=1/3 loss=0.3458 l2=0.2000 label_smoothing=0.050
D step=2/5 epoch=2/3 loss=0.3543 l2=0.2000 label_smoothing=0.050
D step=2/5 epoch=3/3 loss=0.3466 l2=0.2000 label_smoothing=0.050
D step=3/5 epoch=1/3 loss=0.3537 l2=0.2000 label_smoothing=0.050
D step=3/5 epoch=2/3 loss=0.3504 l2=0.2000 label_smoothing=0.050
D step=3/5 epoch=3/3 loss=0.3507 l2=0.2000 label_smoothing=0.050
D step=4/5 epoch=1/3 loss=0.3413 l2=0.2000 label_smoothing=0.050
D step=4/5 epoch=2/3 loss=0.3424 l2=0.2000 label_smoothing=0.050
D step=4/5 epoch=3/3 loss=0.3377 l2=0.2000 label_smoothing=0.050
D step=5/5 epoch=1/3 loss=0.3648 l2=0.2000 label_smoothing=0.050
D step=5/5 epoch=2/3 loss=0.3617 l2=0.2000 label_smoothing=0.050
D step=5/5 epoch=3/3 loss=0.3648 l2=0.2000 label_smoothing=0.050
ADV epoch=39/200 g_loss=0.0017 d_loss=0.3491 reward=0.1969 reward_var=0.0006 unique=0.1200
D step=1/5 epoch=1/3 loss=0.3520 l2=0.2000 label_smoothing=0.050
D step=1/5 epoch=2/3 loss=0.3496 l2=0.2000 label_smoothing=0.050
D step=1/5 epoch=3/3 loss=0.3488 l2=0.2000 label_smoothing=0.050
D step=2/5 epoch=1/3 loss=0.3252 l2=0.2000 label_smoothing=0.050
D step=2/5 epoch=2/3 loss=0.3325 l2=0.2000 label_smoothing=0.050
D step=2/5 epoch=3/3 loss=0.3252 l2=0.2000 label_smoothing=0.050
D step=3/5 epoch=1/3 loss=0.3106 l2=0.2000 label_smoothing=0.050
D step=3/5 epoch=2/3 loss=0.3124 l2=0.2000 label_smoothing=0.050
D step=3/5 epoch=3/3 loss=0.3151 l2=0.2000 label_smoothing=0.050
D step=4/5 epoch=1/3 loss=0.3272 l2=0.2000 label_smoothing=0.050
D step=4/5 epoch=2/3 loss=0.3302 l2=0.2000 label_smoothing=0.050
D step=4/5 epoch=3/3 loss=0.3305 l2=0.2000 label_smoothing=0.050
D step=5/5 epoch=1/3 loss=0.3097 l2=0.2000 label_smoothing=0.050
D step=5/5 epoch=2/3 loss=0.3175 l2=0.2000 label_smoothing=0.050
D step=5/5 epoch=3/3 loss=0.3134 l2=0.2000 label_smoothing=0.050
ADV epoch=40/200 g_loss=0.0037 d_loss=0.3267 reward=0.1855 reward_var=0.0007 unique=0.0800
D step=1/5 epoch=1/3 loss=0.3492 l2=0.2000 label_smoothing=0.050
D step=1/5 epoch=2/3 loss=0.3483 l2=0.2000 label_smoothing=0.050
D step=1/5 epoch=3/3 loss=0.3448 l2=0.2000 label_smoothing=0.050
D step=2/5 epoch=1/3 loss=0.3149 l2=0.2000 label_smoothing=0.050
D step=2/5 epoch=2/3 loss=0.3147 l2=0.2000 label_smoothing=0.050
D step=2/5 epoch=3/3 loss=0.3138 l2=0.2000 label_smoothing=0.050
D step=3/5 epoch=1/3 loss=0.3406 l2=0.2000 label_smoothing=0.050
D step=3/5 epoch=2/3 loss=0.3378 l2=0.2000 label_smoothing=0.050
D step=3/5 epoch=3/3 loss=0.3399 l2=0.2000 label_smoothing=0.050
D step=4/5 epoch=1/3 loss=0.3314 l2=0.2000 label_smoothing=0.050
D step=4/5 epoch=2/3 loss=0.3359 l2=0.2000 label_smoothing=0.050
D step=4/5 epoch=3/3 loss=0.3303 l2=0.2000 label_smoothing=0.050
D step=5/5 epoch=1/3 loss=0.3368 l2=0.2000 label_smoothing=0.050
D step=5/5 epoch=2/3 loss=0.3389 l2=0.2000 label_smoothing=0.050
D step=5/5 epoch=3/3 loss=0.3387 l2=0.2000 label_smoothing=0.050
ADV epoch=41/200 g_loss=0.0039 d_loss=0.3344 reward=0.1686 reward_var=0.0011 unique=0.1000
D step=1/5 epoch=1/3 loss=0.3576 l2=0.2000 label_smoothing=0.050
D step=1/5 epoch=2/3 loss=0.3386 l2=0.2000 label_smoothing=0.050
D step=1/5 epoch=3/3 loss=0.3366 l2=0.2000 label_smoothing=0.050
D step=2/5 epoch=1/3 loss=0.3504 l2=0.2000 label_smoothing=0.050
D step=2/5 epoch=2/3 loss=0.3502 l2=0.2000 label_smoothing=0.050
D step=2/5 epoch=3/3 loss=0.3494 l2=0.2000 label_smoothing=0.050
D step=3/5 epoch=1/3 loss=0.3270 l2=0.2000 label_smoothing=0.050
D step=3/5 epoch=2/3 loss=0.3278 l2=0.2000 label_smoothing=0.050
D step=3/5 epoch=3/3 loss=0.3255 l2=0.2000 label_smoothing=0.050
D step=4/5 epoch=1/3 loss=0.3251 l2=0.2000 label_smoothing=0.050
D step=4/5 epoch=2/3 loss=0.3244 l2=0.2000 label_smoothing=0.050
D step=4/5 epoch=3/3 loss=0.3272 l2=0.2000 label_smoothing=0.050
D step=5/5 epoch=1/3 loss=0.3145 l2=0.2000 label_smoothing=0.050
D step=5/5 epoch=2/3 loss=0.3101 l2=0.2000 label_smoothing=0.050
D step=5/5 epoch=3/3 loss=0.3146 l2=0.2000 label_smoothing=0.050
ADV epoch=42/200 g_loss=0.0017 d_loss=0.3319 reward=0.1760 reward_var=0.0010 unique=0.0800
D step=1/5 epoch=1/3 loss=0.3448 l2=0.2000 label_smoothing=0.050
D step=1/5 epoch=2/3 loss=0.3379 l2=0.2000 label_smoothing=0.050
D step=1/5 epoch=3/3 loss=0.3381 l2=0.2000 label_smoothing=0.050
D step=2/5 epoch=1/3 loss=0.3620 l2=0.2000 label_smoothing=0.050
D step=2/5 epoch=2/3 loss=0.3650 l2=0.2000 label_smoothing=0.050
D step=2/5 epoch=3/3 loss=0.3654 l2=0.2000 label_smoothing=0.050
D step=3/5 epoch=1/3 loss=0.3535 l2=0.2000 label_smoothing=0.050
D step=3/5 epoch=2/3 loss=0.3523 l2=0.2000 label_smoothing=0.050
D step=3/5 epoch=3/3 loss=0.3553 l2=0.2000 label_smoothing=0.050
D step=4/5 epoch=1/3 loss=0.3246 l2=0.2000 label_smoothing=0.050
D step=4/5 epoch=2/3 loss=0.3210 l2=0.2000 label_smoothing=0.050
D step=4/5 epoch=3/3 loss=0.3255 l2=0.2000 label_smoothing=0.050
D step=5/5 epoch=1/3 loss=0.3265 l2=0.2000 label_smoothing=0.050
D step=5/5 epoch=2/3 loss=0.3246 l2=0.2000 label_smoothing=0.050
D step=5/5 epoch=3/3 loss=0.3206 l2=0.2000 label_smoothing=0.050
ADV epoch=43/200 g_loss=0.0023 d_loss=0.3411 reward=0.1481 reward_var=0.0006 unique=0.0600
D step=1/5 epoch=1/3 loss=0.3085 l2=0.2000 label_smoothing=0.050
D step=1/5 epoch=2/3 loss=0.3079 l2=0.2000 label_smoothing=0.050
D step=1/5 epoch=3/3 loss=0.3120 l2=0.2000 label_smoothing=0.050
D step=2/5 epoch=1/3 loss=0.3324 l2=0.2000 label_smoothing=0.050
D step=2/5 epoch=2/3 loss=0.3391 l2=0.2000 label_smoothing=0.050
D step=2/5 epoch=3/3 loss=0.3358 l2=0.2000 label_smoothing=0.050
D step=3/5 epoch=1/3 loss=0.3469 l2=0.2000 label_smoothing=0.050
D step=3/5 epoch=2/3 loss=0.3423 l2=0.2000 label_smoothing=0.050
D step=3/5 epoch=3/3 loss=0.3416 l2=0.2000 label_smoothing=0.050
D step=4/5 epoch=1/3 loss=0.3508 l2=0.2000 label_smoothing=0.050
D step=4/5 epoch=2/3 loss=0.3468 l2=0.2000 label_smoothing=0.050
D step=4/5 epoch=3/3 loss=0.3491 l2=0.2000 label_smoothing=0.050
D step=5/5 epoch=1/3 loss=0.3393 l2=0.2000 label_smoothing=0.050
D step=5/5 epoch=2/3 loss=0.3470 l2=0.2000 label_smoothing=0.050
D step=5/5 epoch=3/3 loss=0.3385 l2=0.2000 label_smoothing=0.050
ADV epoch=44/200 g_loss=0.0034 d_loss=0.3359 reward=0.1652 reward_var=0.0013 unique=0.0600
D step=1/5 epoch=1/3 loss=0.3572 l2=0.2000 label_smoothing=0.050
D step=1/5 epoch=2/3 loss=0.3620 l2=0.2000 label_smoothing=0.050
D step=1/5 epoch=3/3 loss=0.3582 l2=0.2000 label_smoothing=0.050
D step=2/5 epoch=1/3 loss=0.3361 l2=0.2000 label_smoothing=0.050
D step=2/5 epoch=2/3 loss=0.3356 l2=0.2000 label_smoothing=0.050
D step=2/5 epoch=3/3 loss=0.3386 l2=0.2000 label_smoothing=0.050
D step=3/5 epoch=1/3 loss=0.3709 l2=0.2000 label_smoothing=0.050
D step=3/5 epoch=2/3 loss=0.3741 l2=0.2000 label_smoothing=0.050
D step=3/5 epoch=3/3 loss=0.3699 l2=0.2000 label_smoothing=0.050
D step=4/5 epoch=1/3 loss=0.3558 l2=0.2000 label_smoothing=0.050
D step=4/5 epoch=2/3 loss=0.3600 l2=0.2000 label_smoothing=0.050
D step=4/5 epoch=3/3 loss=0.3569 l2=0.2000 label_smoothing=0.050
D step=5/5 epoch=1/3 loss=0.3404 l2=0.2000 label_smoothing=0.050
D step=5/5 epoch=2/3 loss=0.3332 l2=0.2000 label_smoothing=0.050
D step=5/5 epoch=3/3 loss=0.3350 l2=0.2000 label_smoothing=0.050
ADV epoch=45/200 g_loss=0.0022 d_loss=0.3523 reward=0.1956 reward_var=0.0008 unique=0.1800
D step=1/5 epoch=1/3 loss=0.3785 l2=0.2000 label_smoothing=0.050
D step=1/5 epoch=2/3 loss=0.3719 l2=0.2000 label_smoothing=0.050
D step=1/5 epoch=3/3 loss=0.3692 l2=0.2000 label_smoothing=0.050
D step=2/5 epoch=1/3 loss=0.3255 l2=0.2000 label_smoothing=0.050
D step=2/5 epoch=2/3 loss=0.3231 l2=0.2000 label_smoothing=0.050
D step=2/5 epoch=3/3 loss=0.3192 l2=0.2000 label_smoothing=0.050
D step=3/5 epoch=1/3 loss=0.3281 l2=0.2000 label_smoothing=0.050
D step=3/5 epoch=2/3 loss=0.3222 l2=0.2000 label_smoothing=0.050
D step=3/5 epoch=3/3 loss=0.3301 l2=0.2000 label_smoothing=0.050
D step=4/5 epoch=1/3 loss=0.3359 l2=0.2000 label_smoothing=0.050
D step=4/5 epoch=2/3 loss=0.3384 l2=0.2000 label_smoothing=0.050
D step=4/5 epoch=3/3 loss=0.3369 l2=0.2000 label_smoothing=0.050
D step=5/5 epoch=1/3 loss=0.3468 l2=0.2000 label_smoothing=0.050
D step=5/5 epoch=2/3 loss=0.3506 l2=0.2000 label_smoothing=0.050
D step=5/5 epoch=3/3 loss=0.3492 l2=0.2000 label_smoothing=0.050
ADV epoch=46/200 g_loss=0.0028 d_loss=0.3417 reward=0.1670 reward_var=0.0009 unique=0.0800
D step=1/5 epoch=1/3 loss=0.3270 l2=0.2000 label_smoothing=0.050
D step=1/5 epoch=2/3 loss=0.3298 l2=0.2000 label_smoothing=0.050
D step=1/5 epoch=3/3 loss=0.3285 l2=0.2000 label_smoothing=0.050
D step=2/5 epoch=1/3 loss=0.3642 l2=0.2000 label_smoothing=0.050
D step=2/5 epoch=2/3 loss=0.3554 l2=0.2000 label_smoothing=0.050
D step=2/5 epoch=3/3 loss=0.3545 l2=0.2000 label_smoothing=0.050
D step=3/5 epoch=1/3 loss=0.3175 l2=0.2000 label_smoothing=0.050
D step=3/5 epoch=2/3 loss=0.3213 l2=0.2000 label_smoothing=0.050
D step=3/5 epoch=3/3 loss=0.3198 l2=0.2000 label_smoothing=0.050
D step=4/5 epoch=1/3 loss=0.3304 l2=0.2000 label_smoothing=0.050
D step=4/5 epoch=2/3 loss=0.3282 l2=0.2000 label_smoothing=0.050
D step=4/5 epoch=3/3 loss=0.3306 l2=0.2000 label_smoothing=0.050
D step=5/5 epoch=1/3 loss=0.3386 l2=0.2000 label_smoothing=0.050
D step=5/5 epoch=2/3 loss=0.3408 l2=0.2000 label_smoothing=0.050
D step=5/5 epoch=3/3 loss=0.3445 l2=0.2000 label_smoothing=0.050
ADV epoch=47/200 g_loss=0.0012 d_loss=0.3354 reward=0.2120 reward_var=0.0008 unique=0.0800
D step=1/5 epoch=1/3 loss=0.3772 l2=0.2000 label_smoothing=0.050
D step=1/5 epoch=2/3 loss=0.3708 l2=0.2000 label_smoothing=0.050
D step=1/5 epoch=3/3 loss=0.3699 l2=0.2000 label_smoothing=0.050
D step=2/5 epoch=1/3 loss=0.3251 l2=0.2000 label_smoothing=0.050
D step=2/5 epoch=2/3 loss=0.3292 l2=0.2000 label_smoothing=0.050
D step=2/5 epoch=3/3 loss=0.3227 l2=0.2000 label_smoothing=0.050
D step=3/5 epoch=1/3 loss=0.3353 l2=0.2000 label_smoothing=0.050
D step=3/5 epoch=2/3 loss=0.3346 l2=0.2000 label_smoothing=0.050
D step=3/5 epoch=3/3 loss=0.3343 l2=0.2000 label_smoothing=0.050
D step=4/5 epoch=1/3 loss=0.3504 l2=0.2000 label_smoothing=0.050
D step=4/5 epoch=2/3 loss=0.3463 l2=0.2000 label_smoothing=0.050
D step=4/5 epoch=3/3 loss=0.3516 l2=0.2000 label_smoothing=0.050
D step=5/5 epoch=1/3 loss=0.3732 l2=0.2000 label_smoothing=0.050
D step=5/5 epoch=2/3 loss=0.3678 l2=0.2000 label_smoothing=0.050
D step=5/5 epoch=3/3 loss=0.3679 l2=0.2000 label_smoothing=0.050
ADV epoch=48/200 g_loss=0.0009 d_loss=0.3504 reward=0.1896 reward_var=0.0001 unique=0.1000
D step=1/5 epoch=1/3 loss=0.3107 l2=0.2000 label_smoothing=0.050
D step=1/5 epoch=2/3 loss=0.3130 l2=0.2000 label_smoothing=0.050
D step=1/5 epoch=3/3 loss=0.3152 l2=0.2000 label_smoothing=0.050
D step=2/5 epoch=1/3 loss=0.3301 l2=0.2000 label_smoothing=0.050
D step=2/5 epoch=2/3 loss=0.3284 l2=0.2000 label_smoothing=0.050
D step=2/5 epoch=3/3 loss=0.3312 l2=0.2000 label_smoothing=0.050
D step=3/5 epoch=1/3 loss=0.3389 l2=0.2000 label_smoothing=0.050
D step=3/5 epoch=2/3 loss=0.3399 l2=0.2000 label_smoothing=0.050
D step=3/5 epoch=3/3 loss=0.3362 l2=0.2000 label_smoothing=0.050
D step=4/5 epoch=1/3 loss=0.3460 l2=0.2000 label_smoothing=0.050
D step=4/5 epoch=2/3 loss=0.3502 l2=0.2000 label_smoothing=0.050
D step=4/5 epoch=3/3 loss=0.3515 l2=0.2000 label_smoothing=0.050
D step=5/5 epoch=1/3 loss=0.3505 l2=0.2000 label_smoothing=0.050
D step=5/5 epoch=2/3 loss=0.3473 l2=0.2000 label_smoothing=0.050
D step=5/5 epoch=3/3 loss=0.3464 l2=0.2000 label_smoothing=0.050
ADV epoch=49/200 g_loss=0.0011 d_loss=0.3357 reward=0.1996 reward_var=0.0006 unique=0.0400
D step=1/5 epoch=1/3 loss=0.3091 l2=0.2000 label_smoothing=0.050
D step=1/5 epoch=2/3 loss=0.3114 l2=0.2000 label_smoothing=0.050
D step=1/5 epoch=3/3 loss=0.3116 l2=0.2000 label_smoothing=0.050
D step=2/5 epoch=1/3 loss=0.3120 l2=0.2000 label_smoothing=0.050
D step=2/5 epoch=2/3 loss=0.3134 l2=0.2000 label_smoothing=0.050
D step=2/5 epoch=3/3 loss=0.3121 l2=0.2000 label_smoothing=0.050
D step=3/5 epoch=1/3 loss=0.3273 l2=0.2000 label_smoothing=0.050
D step=3/5 epoch=2/3 loss=0.3200 l2=0.2000 label_smoothing=0.050
D step=3/5 epoch=3/3 loss=0.3252 l2=0.2000 label_smoothing=0.050
D step=4/5 epoch=1/3 loss=0.3372 l2=0.2000 label_smoothing=0.050
D step=4/5 epoch=2/3 loss=0.3378 l2=0.2000 label_smoothing=0.050
D step=4/5 epoch=3/3 loss=0.3446 l2=0.2000 label_smoothing=0.050
D step=5/5 epoch=1/3 loss=0.3293 l2=0.2000 label_smoothing=0.050
D step=5/5 epoch=2/3 loss=0.3323 l2=0.2000 label_smoothing=0.050
D step=5/5 epoch=3/3 loss=0.3331 l2=0.2000 label_smoothing=0.050
ADV epoch=50/200 g_loss=0.0006 d_loss=0.3238 reward=0.1985 reward_var=0.0000 unique=0.1800
D step=1/5 epoch=1/3 loss=0.3362 l2=0.2000 label_smoothing=0.050
D step=1/5 epoch=2/3 loss=0.3378 l2=0.2000 label_smoothing=0.050
D step=1/5 epoch=3/3 loss=0.3386 l2=0.2000 label_smoothing=0.050
D step=2/5 epoch=1/3 loss=0.3154 l2=0.2000 label_smoothing=0.050
D step=2/5 epoch=2/3 loss=0.3143 l2=0.2000 label_smoothing=0.050
D step=2/5 epoch=3/3 loss=0.3127 l2=0.2000 label_smoothing=0.050
D step=3/5 epoch=1/3 loss=0.3447 l2=0.2000 label_smoothing=0.050
D step=3/5 epoch=2/3 loss=0.3348 l2=0.2000 label_smoothing=0.050
D step=3/5 epoch=3/3 loss=0.3344 l2=0.2000 label_smoothing=0.050
D step=4/5 epoch=1/3 loss=0.3348 l2=0.2000 label_smoothing=0.050
D step=4/5 epoch=2/3 loss=0.3384 l2=0.2000 label_smoothing=0.050
D step=4/5 epoch=3/3 loss=0.3395 l2=0.2000 label_smoothing=0.050
D step=5/5 epoch=1/3 loss=0.3519 l2=0.2000 label_smoothing=0.050
D step=5/5 epoch=2/3 loss=0.3457 l2=0.2000 label_smoothing=0.050
D step=5/5 epoch=3/3 loss=0.3483 l2=0.2000 label_smoothing=0.050
ADV epoch=51/200 g_loss=0.0013 d_loss=0.3352 reward=0.1854 reward_var=0.0005 unique=0.1200
D step=1/5 epoch=1/3 loss=0.3574 l2=0.2000 label_smoothing=0.050
D step=1/5 epoch=2/3 loss=0.3548 l2=0.2000 label_smoothing=0.050
D step=1/5 epoch=3/3 loss=0.3427 l2=0.2000 label_smoothing=0.050
D step=2/5 epoch=1/3 loss=0.3284 l2=0.2000 label_smoothing=0.050
D step=2/5 epoch=2/3 loss=0.3325 l2=0.2000 label_smoothing=0.050
D step=2/5 epoch=3/3 loss=0.3369 l2=0.2000 label_smoothing=0.050
D step=3/5 epoch=1/3 loss=0.3132 l2=0.2000 label_smoothing=0.050
D step=3/5 epoch=2/3 loss=0.3092 l2=0.2000 label_smoothing=0.050
D step=3/5 epoch=3/3 loss=0.3066 l2=0.2000 label_smoothing=0.050
D step=4/5 epoch=1/3 loss=0.3417 l2=0.2000 label_smoothing=0.050
D step=4/5 epoch=2/3 loss=0.3366 l2=0.2000 label_smoothing=0.050
D step=4/5 epoch=3/3 loss=0.3341 l2=0.2000 label_smoothing=0.050
D step=5/5 epoch=1/3 loss=0.3369 l2=0.2000 label_smoothing=0.050
D step=5/5 epoch=2/3 loss=0.3396 l2=0.2000 label_smoothing=0.050
D step=5/5 epoch=3/3 loss=0.3393 l2=0.2000 label_smoothing=0.050
ADV epoch=52/200 g_loss=0.0017 d_loss=0.3340 reward=0.1909 reward_var=0.0014 unique=0.0800
D step=1/5 epoch=1/3 loss=0.3219 l2=0.2000 label_smoothing=0.050
D step=1/5 epoch=2/3 loss=0.3206 l2=0.2000 label_smoothing=0.050
D step=1/5 epoch=3/3 loss=0.3213 l2=0.2000 label_smoothing=0.050
D step=2/5 epoch=1/3 loss=0.3469 l2=0.2000 label_smoothing=0.050
D step=2/5 epoch=2/3 loss=0.3489 l2=0.2000 label_smoothing=0.050
D step=2/5 epoch=3/3 loss=0.3455 l2=0.2000 label_smoothing=0.050
D step=3/5 epoch=1/3 loss=0.3411 l2=0.2000 label_smoothing=0.050
D step=3/5 epoch=2/3 loss=0.3394 l2=0.2000 label_smoothing=0.050
D step=3/5 epoch=3/3 loss=0.3374 l2=0.2000 label_smoothing=0.050
D step=4/5 epoch=1/3 loss=0.3496 l2=0.2000 label_smoothing=0.050
D step=4/5 epoch=2/3 loss=0.3492 l2=0.2000 label_smoothing=0.050
D step=4/5 epoch=3/3 loss=0.3489 l2=0.2000 label_smoothing=0.050
D step=5/5 epoch=1/3 loss=0.3354 l2=0.2000 label_smoothing=0.050
D step=5/5 epoch=2/3 loss=0.3363 l2=0.2000 label_smoothing=0.050
D step=5/5 epoch=3/3 loss=0.3348 l2=0.2000 label_smoothing=0.050
ADV epoch=53/200 g_loss=0.0113 d_loss=0.3385 reward=0.2020 reward_var=0.0032 unique=0.1000
D step=1/5 epoch=1/3 loss=0.3124 l2=0.2000 label_smoothing=0.050
D step=1/5 epoch=2/3 loss=0.3115 l2=0.2000 label_smoothing=0.050
D step=1/5 epoch=3/3 loss=0.3131 l2=0.2000 label_smoothing=0.050
D step=2/5 epoch=1/3 loss=0.3096 l2=0.2000 label_smoothing=0.050
D step=2/5 epoch=2/3 loss=0.3075 l2=0.2000 label_smoothing=0.050
D step=2/5 epoch=3/3 loss=0.3114 l2=0.2000 label_smoothing=0.050
D step=3/5 epoch=1/3 loss=0.3324 l2=0.2000 label_smoothing=0.050
D step=3/5 epoch=2/3 loss=0.3341 l2=0.2000 label_smoothing=0.050
D step=3/5 epoch=3/3 loss=0.3339 l2=0.2000 label_smoothing=0.050
D step=4/5 epoch=1/3 loss=0.3551 l2=0.2000 label_smoothing=0.050
D step=4/5 epoch=2/3 loss=0.3477 l2=0.2000 label_smoothing=0.050
D step=4/5 epoch=3/3 loss=0.3486 l2=0.2000 label_smoothing=0.050
D step=5/5 epoch=1/3 loss=0.3599 l2=0.2000 label_smoothing=0.050
D step=5/5 epoch=2/3 loss=0.3603 l2=0.2000 label_smoothing=0.050
D step=5/5 epoch=3/3 loss=0.3565 l2=0.2000 label_smoothing=0.050
ADV epoch=54/200 g_loss=0.0051 d_loss=0.3329 reward=0.1995 reward_var=0.0006 unique=0.1000
D step=1/5 epoch=1/3 loss=0.3403 l2=0.2000 label_smoothing=0.050
D step=1/5 epoch=2/3 loss=0.3398 l2=0.2000 label_smoothing=0.050
D step=1/5 epoch=3/3 loss=0.3350 l2=0.2000 label_smoothing=0.050
D step=2/5 epoch=1/3 loss=0.3645 l2=0.2000 label_smoothing=0.050
D step=2/5 epoch=2/3 loss=0.3569 l2=0.2000 label_smoothing=0.050
D step=2/5 epoch=3/3 loss=0.3589 l2=0.2000 label_smoothing=0.050
D step=3/5 epoch=1/3 loss=0.3284 l2=0.2000 label_smoothing=0.050
D step=3/5 epoch=2/3 loss=0.3298 l2=0.2000 label_smoothing=0.050
D step=3/5 epoch=3/3 loss=0.3260 l2=0.2000 label_smoothing=0.050
D step=4/5 epoch=1/3 loss=0.3228 l2=0.2000 label_smoothing=0.050
D step=4/5 epoch=2/3 loss=0.3237 l2=0.2000 label_smoothing=0.050
D step=4/5 epoch=3/3 loss=0.3196 l2=0.2000 label_smoothing=0.050
D step=5/5 epoch=1/3 loss=0.3485 l2=0.2000 label_smoothing=0.050
D step=5/5 epoch=2/3 loss=0.3488 l2=0.2000 label_smoothing=0.050
D step=5/5 epoch=3/3 loss=0.3478 l2=0.2000 label_smoothing=0.050
ADV epoch=55/200 g_loss=0.0052 d_loss=0.3394 reward=0.1976 reward_var=0.0013 unique=0.0200
D step=1/5 epoch=1/3 loss=0.3118 l2=0.2000 label_smoothing=0.050
D step=1/5 epoch=2/3 loss=0.3130 l2=0.2000 label_smoothing=0.050
D step=1/5 epoch=3/3 loss=0.3047 l2=0.2000 label_smoothing=0.050
D step=2/5 epoch=1/3 loss=0.3325 l2=0.2000 label_smoothing=0.050
D step=2/5 epoch=2/3 loss=0.3365 l2=0.2000 label_smoothing=0.050
D step=2/5 epoch=3/3 loss=0.3300 l2=0.2000 label_smoothing=0.050
D step=3/5 epoch=1/3 loss=0.3381 l2=0.2000 label_smoothing=0.050
D step=3/5 epoch=2/3 loss=0.3344 l2=0.2000 label_smoothing=0.050
D step=3/5 epoch=3/3 loss=0.3358 l2=0.2000 label_smoothing=0.050
D step=4/5 epoch=1/3 loss=0.3402 l2=0.2000 label_smoothing=0.050
D step=4/5 epoch=2/3 loss=0.3363 l2=0.2000 label_smoothing=0.050
D step=4/5 epoch=3/3 loss=0.3351 l2=0.2000 label_smoothing=0.050
D step=5/5 epoch=1/3 loss=0.3121 l2=0.2000 label_smoothing=0.050
D step=5/5 epoch=2/3 loss=0.3069 l2=0.2000 label_smoothing=0.050
D step=5/5 epoch=3/3 loss=0.3090 l2=0.2000 label_smoothing=0.050
ADV epoch=56/200 g_loss=0.0009 d_loss=0.3251 reward=0.1746 reward_var=0.0001 unique=0.0600
D step=1/5 epoch=1/3 loss=0.3238 l2=0.2000 label_smoothing=0.050
D step=1/5 epoch=2/3 loss=0.3241 l2=0.2000 label_smoothing=0.050
D step=1/5 epoch=3/3 loss=0.3231 l2=0.2000 label_smoothing=0.050
D step=2/5 epoch=1/3 loss=0.3598 l2=0.2000 label_smoothing=0.050
D step=2/5 epoch=2/3 loss=0.3596 l2=0.2000 label_smoothing=0.050
D step=2/5 epoch=3/3 loss=0.3608 l2=0.2000 label_smoothing=0.050
D step=3/5 epoch=1/3 loss=0.3113 l2=0.2000 label_smoothing=0.050
D step=3/5 epoch=2/3 loss=0.3133 l2=0.2000 label_smoothing=0.050
D step=3/5 epoch=3/3 loss=0.3108 l2=0.2000 label_smoothing=0.050
D step=4/5 epoch=1/3 loss=0.3340 l2=0.2000 label_smoothing=0.050
D step=4/5 epoch=2/3 loss=0.3390 l2=0.2000 label_smoothing=0.050
D step=4/5 epoch=3/3 loss=0.3396 l2=0.2000 label_smoothing=0.050
D step=5/5 epoch=1/3 loss=0.3471 l2=0.2000 label_smoothing=0.050
D step=5/5 epoch=2/3 loss=0.3486 l2=0.2000 label_smoothing=0.050
D step=5/5 epoch=3/3 loss=0.3451 l2=0.2000 label_smoothing=0.050
ADV epoch=57/200 g_loss=0.0024 d_loss=0.3360 reward=0.1639 reward_var=0.0008 unique=0.0400
D step=1/5 epoch=1/3 loss=0.3244 l2=0.2000 label_smoothing=0.050
D step=1/5 epoch=2/3 loss=0.3210 l2=0.2000 label_smoothing=0.050
D step=1/5 epoch=3/3 loss=0.3281 l2=0.2000 label_smoothing=0.050
D step=2/5 epoch=1/3 loss=0.3232 l2=0.2000 label_smoothing=0.050
D step=2/5 epoch=2/3 loss=0.3203 l2=0.2000 label_smoothing=0.050
D step=2/5 epoch=3/3 loss=0.3208 l2=0.2000 label_smoothing=0.050
D step=3/5 epoch=1/3 loss=0.3479 l2=0.2000 label_smoothing=0.050
D step=3/5 epoch=2/3 loss=0.3489 l2=0.2000 label_smoothing=0.050
D step=3/5 epoch=3/3 loss=0.3471 l2=0.2000 label_smoothing=0.050
D step=4/5 epoch=1/3 loss=0.3225 l2=0.2000 label_smoothing=0.050
D step=4/5 epoch=2/3 loss=0.3228 l2=0.2000 label_smoothing=0.050
D step=4/5 epoch=3/3 loss=0.3225 l2=0.2000 label_smoothing=0.050
D step=5/5 epoch=1/3 loss=0.3220 l2=0.2000 label_smoothing=0.050
D step=5/5 epoch=2/3 loss=0.3255 l2=0.2000 label_smoothing=0.050
D step=5/5 epoch=3/3 loss=0.3282 l2=0.2000 label_smoothing=0.050
ADV epoch=58/200 g_loss=0.0032 d_loss=0.3284 reward=0.1984 reward_var=0.0009 unique=0.0800
D step=1/5 epoch=1/3 loss=0.3231 l2=0.2000 label_smoothing=0.050
D step=1/5 epoch=2/3 loss=0.3234 l2=0.2000 label_smoothing=0.050
D step=1/5 epoch=3/3 loss=0.3252 l2=0.2000 label_smoothing=0.050
D step=2/5 epoch=1/3 loss=0.3339 l2=0.2000 label_smoothing=0.050
D step=2/5 epoch=2/3 loss=0.3353 l2=0.2000 label_smoothing=0.050
D step=2/5 epoch=3/3 loss=0.3363 l2=0.2000 label_smoothing=0.050
D step=3/5 epoch=1/3 loss=0.3202 l2=0.2000 label_smoothing=0.050
D step=3/5 epoch=2/3 loss=0.3202 l2=0.2000 label_smoothing=0.050
D step=3/5 epoch=3/3 loss=0.3248 l2=0.2000 label_smoothing=0.050
D step=4/5 epoch=1/3 loss=0.3294 l2=0.2000 label_smoothing=0.050
D step=4/5 epoch=2/3 loss=0.3286 l2=0.2000 label_smoothing=0.050
D step=4/5 epoch=3/3 loss=0.3311 l2=0.2000 label_smoothing=0.050
D step=5/5 epoch=1/3 loss=0.3148 l2=0.2000 label_smoothing=0.050
D step=5/5 epoch=2/3 loss=0.3129 l2=0.2000 label_smoothing=0.050
D step=5/5 epoch=3/3 loss=0.3127 l2=0.2000 label_smoothing=0.050
ADV epoch=59/200 g_loss=0.0017 d_loss=0.3248 reward=0.1596 reward_var=0.0002 unique=0.1000
D step=1/5 epoch=1/3 loss=0.3375 l2=0.2000 label_smoothing=0.050
D step=1/5 epoch=2/3 loss=0.3346 l2=0.2000 label_smoothing=0.050
D step=1/5 epoch=3/3 loss=0.3320 l2=0.2000 label_smoothing=0.050
D step=2/5 epoch=1/3 loss=0.3588 l2=0.2000 label_smoothing=0.050
D step=2/5 epoch=2/3 loss=0.3584 l2=0.2000 label_smoothing=0.050
D step=2/5 epoch=3/3 loss=0.3580 l2=0.2000 label_smoothing=0.050
D step=3/5 epoch=1/3 loss=0.3217 l2=0.2000 label_smoothing=0.050
D step=3/5 epoch=2/3 loss=0.3232 l2=0.2000 label_smoothing=0.050
D step=3/5 epoch=3/3 loss=0.3236 l2=0.2000 label_smoothing=0.050
D step=4/5 epoch=1/3 loss=0.3435 l2=0.2000 label_smoothing=0.050
D step=4/5 epoch=2/3 loss=0.3472 l2=0.2000 label_smoothing=0.050
D step=4/5 epoch=3/3 loss=0.3453 l2=0.2000 label_smoothing=0.050
D step=5/5 epoch=1/3 loss=0.3326 l2=0.2000 label_smoothing=0.050
D step=5/5 epoch=2/3 loss=0.3388 l2=0.2000 label_smoothing=0.050
D step=5/5 epoch=3/3 loss=0.3330 l2=0.2000 label_smoothing=0.050
ADV epoch=60/200 g_loss=0.0011 d_loss=0.3392 reward=0.1755 reward_var=0.0008 unique=0.1000
D step=1/5 epoch=1/3 loss=0.3626 l2=0.2000 label_smoothing=0.050
D step=1/5 epoch=2/3 loss=0.3628 l2=0.2000 label_smoothing=0.050
D step=1/5 epoch=3/3 loss=0.3619 l2=0.2000 label_smoothing=0.050
D step=2/5 epoch=1/3 loss=0.3452 l2=0.2000 label_smoothing=0.050
D step=2/5 epoch=2/3 loss=0.3456 l2=0.2000 label_smoothing=0.050
D step=2/5 epoch=3/3 loss=0.3493 l2=0.2000 label_smoothing=0.050
D step=3/5 epoch=1/3 loss=0.3461 l2=0.2000 label_smoothing=0.050
D step=3/5 epoch=2/3 loss=0.3436 l2=0.2000 label_smoothing=0.050
D step=3/5 epoch=3/3 loss=0.3502 l2=0.2000 label_smoothing=0.050
D step=4/5 epoch=1/3 loss=0.3230 l2=0.2000 label_smoothing=0.050
D step=4/5 epoch=2/3 loss=0.3229 l2=0.2000 label_smoothing=0.050
D step=4/5 epoch=3/3 loss=0.3242 l2=0.2000 label_smoothing=0.050
D step=5/5 epoch=1/3 loss=0.3369 l2=0.2000 label_smoothing=0.050
D step=5/5 epoch=2/3 loss=0.3361 l2=0.2000 label_smoothing=0.050
D step=5/5 epoch=3/3 loss=0.3328 l2=0.2000 label_smoothing=0.050
ADV epoch=61/200 g_loss=0.0030 d_loss=0.3429 reward=0.1805 reward_var=0.0013 unique=0.1000
D step=1/5 epoch=1/3 loss=0.3375 l2=0.2000 label_smoothing=0.050
D step=1/5 epoch=2/3 loss=0.3391 l2=0.2000 label_smoothing=0.050
D step=1/5 epoch=3/3 loss=0.3338 l2=0.2000 label_smoothing=0.050
D step=2/5 epoch=1/3 loss=0.3360 l2=0.2000 label_smoothing=0.050
D step=2/5 epoch=2/3 loss=0.3343 l2=0.2000 label_smoothing=0.050
D step=2/5 epoch=3/3 loss=0.3308 l2=0.2000 label_smoothing=0.050
D step=3/5 epoch=1/3 loss=0.3382 l2=0.2000 label_smoothing=0.050
D step=3/5 epoch=2/3 loss=0.3353 l2=0.2000 label_smoothing=0.050
D step=3/5 epoch=3/3 loss=0.3357 l2=0.2000 label_smoothing=0.050
D step=4/5 epoch=1/3 loss=0.3457 l2=0.2000 label_smoothing=0.050
D step=4/5 epoch=2/3 loss=0.3457 l2=0.2000 label_smoothing=0.050
D step=4/5 epoch=3/3 loss=0.3425 l2=0.2000 label_smoothing=0.050
D step=5/5 epoch=1/3 loss=0.3418 l2=0.2000 label_smoothing=0.050
D step=5/5 epoch=2/3 loss=0.3391 l2=0.2000 label_smoothing=0.050
D step=5/5 epoch=3/3 loss=0.3347 l2=0.2000 label_smoothing=0.050
ADV epoch=62/200 g_loss=0.0007 d_loss=0.3380 reward=0.1792 reward_var=0.0004 unique=0.1000
D step=1/5 epoch=1/3 loss=0.3340 l2=0.2000 label_smoothing=0.050
D step=1/5 epoch=2/3 loss=0.3357 l2=0.2000 label_smoothing=0.050
D step=1/5 epoch=3/3 loss=0.3309 l2=0.2000 label_smoothing=0.050
D step=2/5 epoch=1/3 loss=0.3252 l2=0.2000 label_smoothing=0.050
D step=2/5 epoch=2/3 loss=0.3231 l2=0.2000 label_smoothing=0.050
D step=2/5 epoch=3/3 loss=0.3243 l2=0.2000 label_smoothing=0.050
D step=3/5 epoch=1/3 loss=0.3205 l2=0.2000 label_smoothing=0.050
D step=3/5 epoch=2/3 loss=0.3247 l2=0.2000 label_smoothing=0.050
D step=3/5 epoch=3/3 loss=0.3214 l2=0.2000 label_smoothing=0.050
D step=4/5 epoch=1/3 loss=0.3632 l2=0.2000 label_smoothing=0.050
D step=4/5 epoch=2/3 loss=0.3596 l2=0.2000 label_smoothing=0.050
D step=4/5 epoch=3/3 loss=0.3587 l2=0.2000 label_smoothing=0.050
D step=5/5 epoch=1/3 loss=0.3352 l2=0.2000 label_smoothing=0.050
D step=5/5 epoch=2/3 loss=0.3369 l2=0.2000 label_smoothing=0.050
D step=5/5 epoch=3/3 loss=0.3388 l2=0.2000 label_smoothing=0.050
ADV epoch=63/200 g_loss=0.0027 d_loss=0.3355 reward=0.1841 reward_var=0.0015 unique=0.0400
D step=1/5 epoch=1/3 loss=0.3299 l2=0.2000 label_smoothing=0.050
D step=1/5 epoch=2/3 loss=0.3264 l2=0.2000 label_smoothing=0.050
D step=1/5 epoch=3/3 loss=0.3216 l2=0.2000 label_smoothing=0.050
D step=2/5 epoch=1/3 loss=0.3302 l2=0.2000 label_smoothing=0.050
D step=2/5 epoch=2/3 loss=0.3343 l2=0.2000 label_smoothing=0.050
D step=2/5 epoch=3/3 loss=0.3356 l2=0.2000 label_smoothing=0.050
D step=3/5 epoch=1/3 loss=0.3384 l2=0.2000 label_smoothing=0.050
D step=3/5 epoch=2/3 loss=0.3396 l2=0.2000 label_smoothing=0.050
D step=3/5 epoch=3/3 loss=0.3346 l2=0.2000 label_smoothing=0.050
D step=4/5 epoch=1/3 loss=0.3353 l2=0.2000 label_smoothing=0.050
D step=4/5 epoch=2/3 loss=0.3405 l2=0.2000 label_smoothing=0.050
D step=4/5 epoch=3/3 loss=0.3353 l2=0.2000 label_smoothing=0.050
D step=5/5 epoch=1/3 loss=0.3362 l2=0.2000 label_smoothing=0.050
D step=5/5 epoch=2/3 loss=0.3365 l2=0.2000 label_smoothing=0.050
D step=5/5 epoch=3/3 loss=0.3385 l2=0.2000 label_smoothing=0.050
ADV epoch=64/200 g_loss=0.0020 d_loss=0.3342 reward=0.1936 reward_var=0.0015 unique=0.1400
D step=1/5 epoch=1/3 loss=0.3284 l2=0.2000 label_smoothing=0.050
D step=1/5 epoch=2/3 loss=0.3268 l2=0.2000 label_smoothing=0.050
D step=1/5 epoch=3/3 loss=0.3248 l2=0.2000 label_smoothing=0.050
D step=2/5 epoch=1/3 loss=0.3517 l2=0.2000 label_smoothing=0.050
D step=2/5 epoch=2/3 loss=0.3486 l2=0.2000 label_smoothing=0.050
D step=2/5 epoch=3/3 loss=0.3453 l2=0.2000 label_smoothing=0.050
D step=3/5 epoch=1/3 loss=0.3638 l2=0.2000 label_smoothing=0.050
D step=3/5 epoch=2/3 loss=0.3583 l2=0.2000 label_smoothing=0.050
D step=3/5 epoch=3/3 loss=0.3588 l2=0.2000 label_smoothing=0.050
D step=4/5 epoch=1/3 loss=0.3504 l2=0.2000 label_smoothing=0.050
D step=4/5 epoch=2/3 loss=0.3474 l2=0.2000 label_smoothing=0.050
D step=4/5 epoch=3/3 loss=0.3461 l2=0.2000 label_smoothing=0.050
D step=5/5 epoch=1/3 loss=0.3583 l2=0.2000 label_smoothing=0.050
D step=5/5 epoch=2/3 loss=0.3633 l2=0.2000 label_smoothing=0.050
D step=5/5 epoch=3/3 loss=0.3617 l2=0.2000 label_smoothing=0.050
ADV epoch=65/200 g_loss=0.0013 d_loss=0.3489 reward=0.1764 reward_var=0.0001 unique=0.0800
D step=1/5 epoch=1/3 loss=0.3532 l2=0.2000 label_smoothing=0.050
D step=1/5 epoch=2/3 loss=0.3476 l2=0.2000 label_smoothing=0.050
D step=1/5 epoch=3/3 loss=0.3467 l2=0.2000 label_smoothing=0.050
D step=2/5 epoch=1/3 loss=0.2958 l2=0.2000 label_smoothing=0.050
D step=2/5 epoch=2/3 loss=0.3001 l2=0.2000 label_smoothing=0.050
D step=2/5 epoch=3/3 loss=0.2981 l2=0.2000 label_smoothing=0.050
D step=3/5 epoch=1/3 loss=0.3248 l2=0.2000 label_smoothing=0.050
D step=3/5 epoch=2/3 loss=0.3249 l2=0.2000 label_smoothing=0.050
D step=3/5 epoch=3/3 loss=0.3242 l2=0.2000 label_smoothing=0.050
D step=4/5 epoch=1/3 loss=0.3729 l2=0.2000 label_smoothing=0.050
D step=4/5 epoch=2/3 loss=0.3688 l2=0.2000 label_smoothing=0.050
D step=4/5 epoch=3/3 loss=0.3692 l2=0.2000 label_smoothing=0.050
D step=5/5 epoch=1/3 loss=0.3243 l2=0.2000 label_smoothing=0.050
D step=5/5 epoch=2/3 loss=0.3262 l2=0.2000 label_smoothing=0.050
D step=5/5 epoch=3/3 loss=0.3269 l2=0.2000 label_smoothing=0.050
ADV epoch=66/200 g_loss=0.0023 d_loss=0.3336 reward=0.2017 reward_var=0.0000 unique=0.0600
D step=1/5 epoch=1/3 loss=0.3385 l2=0.2000 label_smoothing=0.050
D step=1/5 epoch=2/3 loss=0.3368 l2=0.2000 label_smoothing=0.050
D step=1/5 epoch=3/3 loss=0.3361 l2=0.2000 label_smoothing=0.050
D step=2/5 epoch=1/3 loss=0.3436 l2=0.2000 label_smoothing=0.050
D step=2/5 epoch=2/3 loss=0.3389 l2=0.2000 label_smoothing=0.050
D step=2/5 epoch=3/3 loss=0.3401 l2=0.2000 label_smoothing=0.050
D step=3/5 epoch=1/3 loss=0.3244 l2=0.2000 label_smoothing=0.050
D step=3/5 epoch=2/3 loss=0.3265 l2=0.2000 label_smoothing=0.050
D step=3/5 epoch=3/3 loss=0.3276 l2=0.2000 label_smoothing=0.050
D step=4/5 epoch=1/3 loss=0.3782 l2=0.2000 label_smoothing=0.050
D step=4/5 epoch=2/3 loss=0.3716 l2=0.2000 label_smoothing=0.050
D step=4/5 epoch=3/3 loss=0.3728 l2=0.2000 label_smoothing=0.050
D step=5/5 epoch=1/3 loss=0.3475 l2=0.2000 label_smoothing=0.050
D step=5/5 epoch=2/3 loss=0.3462 l2=0.2000 label_smoothing=0.050
D step=5/5 epoch=3/3 loss=0.3484 l2=0.2000 label_smoothing=0.050
ADV epoch=67/200 g_loss=0.0019 d_loss=0.3452 reward=0.2148 reward_var=0.0005 unique=0.0800
D step=1/5 epoch=1/3 loss=0.3363 l2=0.2000 label_smoothing=0.050
D step=1/5 epoch=2/3 loss=0.3371 l2=0.2000 label_smoothing=0.050
D step=1/5 epoch=3/3 loss=0.3329 l2=0.2000 label_smoothing=0.050
D step=2/5 epoch=1/3 loss=0.3360 l2=0.2000 label_smoothing=0.050
D step=2/5 epoch=2/3 loss=0.3350 l2=0.2000 label_smoothing=0.050
D step=2/5 epoch=3/3 loss=0.3335 l2=0.2000 label_smoothing=0.050
D step=3/5 epoch=1/3 loss=0.3367 l2=0.2000 label_smoothing=0.050
D step=3/5 epoch=2/3 loss=0.3344 l2=0.2000 label_smoothing=0.050
D step=3/5 epoch=3/3 loss=0.3353 l2=0.2000 label_smoothing=0.050
D step=4/5 epoch=1/3 loss=0.3491 l2=0.2000 label_smoothing=0.050
D step=4/5 epoch=2/3 loss=0.3432 l2=0.2000 label_smoothing=0.050
D step=4/5 epoch=3/3 loss=0.3475 l2=0.2000 label_smoothing=0.050
D step=5/5 epoch=1/3 loss=0.3632 l2=0.2000 label_smoothing=0.050
D step=5/5 epoch=2/3 loss=0.3624 l2=0.2000 label_smoothing=0.050
D step=5/5 epoch=3/3 loss=0.3634 l2=0.2000 label_smoothing=0.050
ADV epoch=68/200 g_loss=0.0025 d_loss=0.3431 reward=0.2150 reward_var=0.0011 unique=0.0800
D step=1/5 epoch=1/3 loss=0.3674 l2=0.2000 label_smoothing=0.050
D step=1/5 epoch=2/3 loss=0.3646 l2=0.2000 label_smoothing=0.050
D step=1/5 epoch=3/3 loss=0.3673 l2=0.2000 label_smoothing=0.050
D step=2/5 epoch=1/3 loss=0.3550 l2=0.2000 label_smoothing=0.050
D step=2/5 epoch=2/3 loss=0.3546 l2=0.2000 label_smoothing=0.050
D step=2/5 epoch=3/3 loss=0.3511 l2=0.2000 label_smoothing=0.050
D step=3/5 epoch=1/3 loss=0.3392 l2=0.2000 label_smoothing=0.050
D step=3/5 epoch=2/3 loss=0.3373 l2=0.2000 label_smoothing=0.050
D step=3/5 epoch=3/3 loss=0.3360 l2=0.2000 label_smoothing=0.050
D step=4/5 epoch=1/3 loss=0.3438 l2=0.2000 label_smoothing=0.050
D step=4/5 epoch=2/3 loss=0.3465 l2=0.2000 label_smoothing=0.050
D step=4/5 epoch=3/3 loss=0.3407 l2=0.2000 label_smoothing=0.050
D step=5/5 epoch=1/3 loss=0.3339 l2=0.2000 label_smoothing=0.050
D step=5/5 epoch=2/3 loss=0.3355 l2=0.2000 label_smoothing=0.050
D step=5/5 epoch=3/3 loss=0.3337 l2=0.2000 label_smoothing=0.050
ADV epoch=69/200 g_loss=0.0019 d_loss=0.3471 reward=0.2034 reward_var=0.0007 unique=0.1000
D step=1/5 epoch=1/3 loss=0.3191 l2=0.2000 label_smoothing=0.050
D step=1/5 epoch=2/3 loss=0.3147 l2=0.2000 label_smoothing=0.050
D step=1/5 epoch=3/3 loss=0.3086 l2=0.2000 label_smoothing=0.050
D step=2/5 epoch=1/3 loss=0.3433 l2=0.2000 label_smoothing=0.050
D step=2/5 epoch=2/3 loss=0.3459 l2=0.2000 label_smoothing=0.050
D step=2/5 epoch=3/3 loss=0.3488 l2=0.2000 label_smoothing=0.050
D step=3/5 epoch=1/3 loss=0.3226 l2=0.2000 label_smoothing=0.050
D step=3/5 epoch=2/3 loss=0.3250 l2=0.2000 label_smoothing=0.050
D step=3/5 epoch=3/3 loss=0.3235 l2=0.2000 label_smoothing=0.050
D step=4/5 epoch=1/3 loss=0.3342 l2=0.2000 label_smoothing=0.050
D step=4/5 epoch=2/3 loss=0.3339 l2=0.2000 label_smoothing=0.050
D step=4/5 epoch=3/3 loss=0.3338 l2=0.2000 label_smoothing=0.050
D step=5/5 epoch=1/3 loss=0.3274 l2=0.2000 label_smoothing=0.050
D step=5/5 epoch=2/3 loss=0.3229 l2=0.2000 label_smoothing=0.050
D step=5/5 epoch=3/3 loss=0.3243 l2=0.2000 label_smoothing=0.050
ADV epoch=70/200 g_loss=0.0032 d_loss=0.3285 reward=0.1982 reward_var=0.0011 unique=0.1000
D step=1/5 epoch=1/3 loss=0.3486 l2=0.2000 label_smoothing=0.050
D step=1/5 epoch=2/3 loss=0.3469 l2=0.2000 label_smoothing=0.050
D step=1/5 epoch=3/3 loss=0.3471 l2=0.2000 label_smoothing=0.050
D step=2/5 epoch=1/3 loss=0.3212 l2=0.2000 label_smoothing=0.050
D step=2/5 epoch=2/3 loss=0.3208 l2=0.2000 label_smoothing=0.050
D step=2/5 epoch=3/3 loss=0.3169 l2=0.2000 label_smoothing=0.050
D step=3/5 epoch=1/3 loss=0.3383 l2=0.2000 label_smoothing=0.050
D step=3/5 epoch=2/3 loss=0.3348 l2=0.2000 label_smoothing=0.050
D step=3/5 epoch=3/3 loss=0.3347 l2=0.2000 label_smoothing=0.050
D step=4/5 epoch=1/3 loss=0.3533 l2=0.2000 label_smoothing=0.050
D step=4/5 epoch=2/3 loss=0.3539 l2=0.2000 label_smoothing=0.050
D step=4/5 epoch=3/3 loss=0.3569 l2=0.2000 label_smoothing=0.050
D step=5/5 epoch=1/3 loss=0.3386 l2=0.2000 label_smoothing=0.050
D step=5/5 epoch=2/3 loss=0.3352 l2=0.2000 label_smoothing=0.050
D step=5/5 epoch=3/3 loss=0.3349 l2=0.2000 label_smoothing=0.050
ADV epoch=71/200 g_loss=0.0022 d_loss=0.3388 reward=0.1761 reward_var=0.0003 unique=0.0800
D step=1/5 epoch=1/3 loss=0.3345 l2=0.2000 label_smoothing=0.050
D step=1/5 epoch=2/3 loss=0.3373 l2=0.2000 label_smoothing=0.050
D step=1/5 epoch=3/3 loss=0.3330 l2=0.2000 label_smoothing=0.050
D step=2/5 epoch=1/3 loss=0.3355 l2=0.2000 label_smoothing=0.050
D step=2/5 epoch=2/3 loss=0.3360 l2=0.2000 label_smoothing=0.050
D step=2/5 epoch=3/3 loss=0.3339 l2=0.2000 label_smoothing=0.050
D step=3/5 epoch=1/3 loss=0.3348 l2=0.2000 label_smoothing=0.050
D step=3/5 epoch=2/3 loss=0.3384 l2=0.2000 label_smoothing=0.050
D step=3/5 epoch=3/3 loss=0.3372 l2=0.2000 label_smoothing=0.050
D step=4/5 epoch=1/3 loss=0.3249 l2=0.2000 label_smoothing=0.050
D step=4/5 epoch=2/3 loss=0.3236 l2=0.2000 label_smoothing=0.050
D step=4/5 epoch=3/3 loss=0.3286 l2=0.2000 label_smoothing=0.050
D step=5/5 epoch=1/3 loss=0.3357 l2=0.2000 label_smoothing=0.050
D step=5/5 epoch=2/3 loss=0.3326 l2=0.2000 label_smoothing=0.050
D step=5/5 epoch=3/3 loss=0.3280 l2=0.2000 label_smoothing=0.050
ADV epoch=72/200 g_loss=0.0006 d_loss=0.3329 reward=0.2294 reward_var=0.0000 unique=0.0800
D step=1/5 epoch=1/3 loss=0.3567 l2=0.2000 label_smoothing=0.050
D step=1/5 epoch=2/3 loss=0.3602 l2=0.2000 label_smoothing=0.050
D step=1/5 epoch=3/3 loss=0.3573 l2=0.2000 label_smoothing=0.050
D step=2/5 epoch=1/3 loss=0.3357 l2=0.2000 label_smoothing=0.050
D step=2/5 epoch=2/3 loss=0.3346 l2=0.2000 label_smoothing=0.050
D step=2/5 epoch=3/3 loss=0.3329 l2=0.2000 label_smoothing=0.050
D step=3/5 epoch=1/3 loss=0.3321 l2=0.2000 label_smoothing=0.050
D step=3/5 epoch=2/3 loss=0.3269 l2=0.2000 label_smoothing=0.050
D step=3/5 epoch=3/3 loss=0.3213 l2=0.2000 label_smoothing=0.050
D step=4/5 epoch=1/3 loss=0.3482 l2=0.2000 label_smoothing=0.050
D step=4/5 epoch=2/3 loss=0.3441 l2=0.2000 label_smoothing=0.050
D step=4/5 epoch=3/3 loss=0.3447 l2=0.2000 label_smoothing=0.050
D step=5/5 epoch=1/3 loss=0.3108 l2=0.2000 label_smoothing=0.050
D step=5/5 epoch=2/3 loss=0.3099 l2=0.2000 label_smoothing=0.050
D step=5/5 epoch=3/3 loss=0.3090 l2=0.2000 label_smoothing=0.050
ADV epoch=73/200 g_loss=0.0031 d_loss=0.3350 reward=0.1761 reward_var=0.0009 unique=0.1000
D step=1/5 epoch=1/3 loss=0.3512 l2=0.2000 label_smoothing=0.050
D step=1/5 epoch=2/3 loss=0.3459 l2=0.2000 label_smoothing=0.050
D step=1/5 epoch=3/3 loss=0.3492 l2=0.2000 label_smoothing=0.050
D step=2/5 epoch=1/3 loss=0.3350 l2=0.2000 label_smoothing=0.050
D step=2/5 epoch=2/3 loss=0.3357 l2=0.2000 label_smoothing=0.050
D step=2/5 epoch=3/3 loss=0.3322 l2=0.2000 label_smoothing=0.050
D step=3/5 epoch=1/3 loss=0.3765 l2=0.2000 label_smoothing=0.050
D step=3/5 epoch=2/3 loss=0.3718 l2=0.2000 label_smoothing=0.050
D step=3/5 epoch=3/3 loss=0.3689 l2=0.2000 label_smoothing=0.050
D step=4/5 epoch=1/3 loss=0.3239 l2=0.2000 label_smoothing=0.050
D step=4/5 epoch=2/3 loss=0.3253 l2=0.2000 label_smoothing=0.050
D step=4/5 epoch=3/3 loss=0.3224 l2=0.2000 label_smoothing=0.050
D step=5/5 epoch=1/3 loss=0.3426 l2=0.2000 label_smoothing=0.050
D step=5/5 epoch=2/3 loss=0.3425 l2=0.2000 label_smoothing=0.050
D step=5/5 epoch=3/3 loss=0.3413 l2=0.2000 label_smoothing=0.050
ADV epoch=74/200 g_loss=0.0007 d_loss=0.3443 reward=0.1841 reward_var=0.0001 unique=0.0600
D step=1/5 epoch=1/3 loss=0.3560 l2=0.2000 label_smoothing=0.050
D step=1/5 epoch=2/3 loss=0.3553 l2=0.2000 label_smoothing=0.050
D step=1/5 epoch=3/3 loss=0.3565 l2=0.2000 label_smoothing=0.050
D step=2/5 epoch=1/3 loss=0.3561 l2=0.2000 label_smoothing=0.050
D step=2/5 epoch=2/3 loss=0.3559 l2=0.2000 label_smoothing=0.050
D step=2/5 epoch=3/3 loss=0.3574 l2=0.2000 label_smoothing=0.050
D step=3/5 epoch=1/3 loss=0.3365 l2=0.2000 label_smoothing=0.050
D step=3/5 epoch=2/3 loss=0.3365 l2=0.2000 label_smoothing=0.050
D step=3/5 epoch=3/3 loss=0.3409 l2=0.2000 label_smoothing=0.050
D step=4/5 epoch=1/3 loss=0.3229 l2=0.2000 label_smoothing=0.050
D step=4/5 epoch=2/3 loss=0.3231 l2=0.2000 label_smoothing=0.050
D step=4/5 epoch=3/3 loss=0.3178 l2=0.2000 label_smoothing=0.050
D step=5/5 epoch=1/3 loss=0.3343 l2=0.2000 label_smoothing=0.050
D step=5/5 epoch=2/3 loss=0.3394 l2=0.2000 label_smoothing=0.050
D step=5/5 epoch=3/3 loss=0.3369 l2=0.2000 label_smoothing=0.050
ADV epoch=75/200 g_loss=0.0009 d_loss=0.3417 reward=0.1936 reward_var=0.0011 unique=0.0800
D step=1/5 epoch=1/3 loss=0.3237 l2=0.2000 label_smoothing=0.050
D step=1/5 epoch=2/3 loss=0.3257 l2=0.2000 label_smoothing=0.050
D step=1/5 epoch=3/3 loss=0.3278 l2=0.2000 label_smoothing=0.050
D step=2/5 epoch=1/3 loss=0.3476 l2=0.2000 label_smoothing=0.050
D step=2/5 epoch=2/3 loss=0.3504 l2=0.2000 label_smoothing=0.050
D step=2/5 epoch=3/3 loss=0.3450 l2=0.2000 label_smoothing=0.050
D step=3/5 epoch=1/3 loss=0.3354 l2=0.2000 label_smoothing=0.050
D step=3/5 epoch=2/3 loss=0.3332 l2=0.2000 label_smoothing=0.050
D step=3/5 epoch=3/3 loss=0.3339 l2=0.2000 label_smoothing=0.050
D step=4/5 epoch=1/3 loss=0.3464 l2=0.2000 label_smoothing=0.050
D step=4/5 epoch=2/3 loss=0.3437 l2=0.2000 label_smoothing=0.050
D step=4/5 epoch=3/3 loss=0.3450 l2=0.2000 label_smoothing=0.050
D step=5/5 epoch=1/3 loss=0.3157 l2=0.2000 label_smoothing=0.050
D step=5/5 epoch=2/3 loss=0.3076 l2=0.2000 label_smoothing=0.050
D step=5/5 epoch=3/3 loss=0.3112 l2=0.2000 label_smoothing=0.050
ADV epoch=76/200 g_loss=0.0019 d_loss=0.3328 reward=0.1608 reward_var=0.0010 unique=0.0600
D step=1/5 epoch=1/3 loss=0.3466 l2=0.2000 label_smoothing=0.050
D step=1/5 epoch=2/3 loss=0.3526 l2=0.2000 label_smoothing=0.050
D step=1/5 epoch=3/3 loss=0.3465 l2=0.2000 label_smoothing=0.050
D step=2/5 epoch=1/3 loss=0.3304 l2=0.2000 label_smoothing=0.050
D step=2/5 epoch=2/3 loss=0.3372 l2=0.2000 label_smoothing=0.050
D step=2/5 epoch=3/3 loss=0.3293 l2=0.2000 label_smoothing=0.050
D step=3/5 epoch=1/3 loss=0.3359 l2=0.2000 label_smoothing=0.050
D step=3/5 epoch=2/3 loss=0.3347 l2=0.2000 label_smoothing=0.050
D step=3/5 epoch=3/3 loss=0.3327 l2=0.2000 label_smoothing=0.050
D step=4/5 epoch=1/3 loss=0.3470 l2=0.2000 label_smoothing=0.050
D step=4/5 epoch=2/3 loss=0.3497 l2=0.2000 label_smoothing=0.050
D step=4/5 epoch=3/3 loss=0.3486 l2=0.2000 label_smoothing=0.050
D step=5/5 epoch=1/3 loss=0.3219 l2=0.2000 label_smoothing=0.050
D step=5/5 epoch=2/3 loss=0.3228 l2=0.2000 label_smoothing=0.050
D step=5/5 epoch=3/3 loss=0.3225 l2=0.2000 label_smoothing=0.050
ADV epoch=77/200 g_loss=0.0011 d_loss=0.3372 reward=0.1643 reward_var=0.0008 unique=0.0200
D step=1/5 epoch=1/3 loss=0.3343 l2=0.2000 label_smoothing=0.050
D step=1/5 epoch=2/3 loss=0.3320 l2=0.2000 label_smoothing=0.050
D step=1/5 epoch=3/3 loss=0.3358 l2=0.2000 label_smoothing=0.050
D step=2/5 epoch=1/3 loss=0.3428 l2=0.2000 label_smoothing=0.050
D step=2/5 epoch=2/3 loss=0.3406 l2=0.2000 label_smoothing=0.050
D step=2/5 epoch=3/3 loss=0.3484 l2=0.2000 label_smoothing=0.050
D step=3/5 epoch=1/3 loss=0.2991 l2=0.2000 label_smoothing=0.050
D step=3/5 epoch=2/3 loss=0.3002 l2=0.2000 label_smoothing=0.050
D step=3/5 epoch=3/3 loss=0.2994 l2=0.2000 label_smoothing=0.050
D step=4/5 epoch=1/3 loss=0.3365 l2=0.2000 label_smoothing=0.050
D step=4/5 epoch=2/3 loss=0.3409 l2=0.2000 label_smoothing=0.050
D step=4/5 epoch=3/3 loss=0.3350 l2=0.2000 label_smoothing=0.050
D step=5/5 epoch=1/3 loss=0.3686 l2=0.2000 label_smoothing=0.050
D step=5/5 epoch=2/3 loss=0.3598 l2=0.2000 label_smoothing=0.050
D step=5/5 epoch=3/3 loss=0.3604 l2=0.2000 label_smoothing=0.050
ADV epoch=78/200 g_loss=0.0015 d_loss=0.3356 reward=0.1829 reward_var=0.0001 unique=0.1400
D step=1/5 epoch=1/3 loss=0.3376 l2=0.2000 label_smoothing=0.050
D step=1/5 epoch=2/3 loss=0.3378 l2=0.2000 label_smoothing=0.050
D step=1/5 epoch=3/3 loss=0.3378 l2=0.2000 label_smoothing=0.050
D step=2/5 epoch=1/3 loss=0.2846 l2=0.2000 label_smoothing=0.050
D step=2/5 epoch=2/3 loss=0.2872 l2=0.2000 label_smoothing=0.050
D step=2/5 epoch=3/3 loss=0.2864 l2=0.2000 label_smoothing=0.050
D step=3/5 epoch=1/3 loss=0.3359 l2=0.2000 label_smoothing=0.050
D step=3/5 epoch=2/3 loss=0.3360 l2=0.2000 label_smoothing=0.050
D step=3/5 epoch=3/3 loss=0.3349 l2=0.2000 label_smoothing=0.050
D step=4/5 epoch=1/3 loss=0.3450 l2=0.2000 label_smoothing=0.050
D step=4/5 epoch=2/3 loss=0.3468 l2=0.2000 label_smoothing=0.050
D step=4/5 epoch=3/3 loss=0.3462 l2=0.2000 label_smoothing=0.050
D step=5/5 epoch=1/3 loss=0.3168 l2=0.2000 label_smoothing=0.050
D step=5/5 epoch=2/3 loss=0.3127 l2=0.2000 label_smoothing=0.050
D step=5/5 epoch=3/3 loss=0.3192 l2=0.2000 label_smoothing=0.050
ADV epoch=79/200 g_loss=0.0010 d_loss=0.3243 reward=0.1980 reward_var=0.0006 unique=0.0800
D step=1/5 epoch=1/3 loss=0.3533 l2=0.2000 label_smoothing=0.050
D step=1/5 epoch=2/3 loss=0.3468 l2=0.2000 label_smoothing=0.050
D step=1/5 epoch=3/3 loss=0.3456 l2=0.2000 label_smoothing=0.050
D step=2/5 epoch=1/3 loss=0.3393 l2=0.2000 label_smoothing=0.050
D step=2/5 epoch=2/3 loss=0.3342 l2=0.2000 label_smoothing=0.050
D step=2/5 epoch=3/3 loss=0.3342 l2=0.2000 label_smoothing=0.050
D step=3/5 epoch=1/3 loss=0.3445 l2=0.2000 label_smoothing=0.050
D step=3/5 epoch=2/3 loss=0.3428 l2=0.2000 label_smoothing=0.050
D step=3/5 epoch=3/3 loss=0.3485 l2=0.2000 label_smoothing=0.050
D step=4/5 epoch=1/3 loss=0.3219 l2=0.2000 label_smoothing=0.050
D step=4/5 epoch=2/3 loss=0.3229 l2=0.2000 label_smoothing=0.050
D step=4/5 epoch=3/3 loss=0.3211 l2=0.2000 label_smoothing=0.050
D step=5/5 epoch=1/3 loss=0.3108 l2=0.2000 label_smoothing=0.050
D step=5/5 epoch=2/3 loss=0.3092 l2=0.2000 label_smoothing=0.050
D step=5/5 epoch=3/3 loss=0.3127 l2=0.2000 label_smoothing=0.050
ADV epoch=80/200 g_loss=0.0049 d_loss=0.3325 reward=0.1901 reward_var=0.0008 unique=0.0200
D step=1/5 epoch=1/3 loss=0.3191 l2=0.2000 label_smoothing=0.050
D step=1/5 epoch=2/3 loss=0.3227 l2=0.2000 label_smoothing=0.050
D step=1/5 epoch=3/3 loss=0.3233 l2=0.2000 label_smoothing=0.050
D step=2/5 epoch=1/3 loss=0.3705 l2=0.2000 label_smoothing=0.050
D step=2/5 epoch=2/3 loss=0.3691 l2=0.2000 label_smoothing=0.050
D step=2/5 epoch=3/3 loss=0.3649 l2=0.2000 label_smoothing=0.050
D step=3/5 epoch=1/3 loss=0.3355 l2=0.2000 label_smoothing=0.050
D step=3/5 epoch=2/3 loss=0.3353 l2=0.2000 label_smoothing=0.050
D step=3/5 epoch=3/3 loss=0.3363 l2=0.2000 label_smoothing=0.050
D step=4/5 epoch=1/3 loss=0.3126 l2=0.2000 label_smoothing=0.050
D step=4/5 epoch=2/3 loss=0.3088 l2=0.2000 label_smoothing=0.050
D step=4/5 epoch=3/3 loss=0.3068 l2=0.2000 label_smoothing=0.050
D step=5/5 epoch=1/3 loss=0.3733 l2=0.2000 label_smoothing=0.050
D step=5/5 epoch=2/3 loss=0.3630 l2=0.2000 label_smoothing=0.050
D step=5/5 epoch=3/3 loss=0.3594 l2=0.2000 label_smoothing=0.050
ADV epoch=81/200 g_loss=0.0014 d_loss=0.3400 reward=0.1607 reward_var=0.0009 unique=0.0400
D step=1/5 epoch=1/3 loss=0.3568 l2=0.2000 label_smoothing=0.050
D step=1/5 epoch=2/3 loss=0.3566 l2=0.2000 label_smoothing=0.050
D step=1/5 epoch=3/3 loss=0.3584 l2=0.2000 label_smoothing=0.050
D step=2/5 epoch=1/3 loss=0.3140 l2=0.2000 label_smoothing=0.050
D step=2/5 epoch=2/3 loss=0.3076 l2=0.2000 label_smoothing=0.050
D step=2/5 epoch=3/3 loss=0.3103 l2=0.2000 label_smoothing=0.050
D step=3/5 epoch=1/3 loss=0.3530 l2=0.2000 label_smoothing=0.050
D step=3/5 epoch=2/3 loss=0.3498 l2=0.2000 label_smoothing=0.050
D step=3/5 epoch=3/3 loss=0.3482 l2=0.2000 label_smoothing=0.050
D step=4/5 epoch=1/3 loss=0.3333 l2=0.2000 label_smoothing=0.050
D step=4/5 epoch=2/3 loss=0.3362 l2=0.2000 label_smoothing=0.050
D step=4/5 epoch=3/3 loss=0.3387 l2=0.2000 label_smoothing=0.050
D step=5/5 epoch=1/3 loss=0.3112 l2=0.2000 label_smoothing=0.050
D step=5/5 epoch=2/3 loss=0.3103 l2=0.2000 label_smoothing=0.050
D step=5/5 epoch=3/3 loss=0.3088 l2=0.2000 label_smoothing=0.050
ADV epoch=82/200 g_loss=0.0003 d_loss=0.3329 reward=0.1933 reward_var=0.0000 unique=0.1200
D step=1/5 epoch=1/3 loss=0.2997 l2=0.2000 label_smoothing=0.050
D step=1/5 epoch=2/3 loss=0.3021 l2=0.2000 label_smoothing=0.050
D step=1/5 epoch=3/3 loss=0.3008 l2=0.2000 label_smoothing=0.050
D step=2/5 epoch=1/3 loss=0.3282 l2=0.2000 label_smoothing=0.050
D step=2/5 epoch=2/3 loss=0.3255 l2=0.2000 label_smoothing=0.050
D step=2/5 epoch=3/3 loss=0.3218 l2=0.2000 label_smoothing=0.050
D step=3/5 epoch=1/3 loss=0.3523 l2=0.2000 label_smoothing=0.050
D step=3/5 epoch=2/3 loss=0.3423 l2=0.2000 label_smoothing=0.050
D step=3/5 epoch=3/3 loss=0.3449 l2=0.2000 label_smoothing=0.050
D step=4/5 epoch=1/3 loss=0.3364 l2=0.2000 label_smoothing=0.050
D step=4/5 epoch=2/3 loss=0.3355 l2=0.2000 label_smoothing=0.050
D step=4/5 epoch=3/3 loss=0.3401 l2=0.2000 label_smoothing=0.050
D step=5/5 epoch=1/3 loss=0.3160 l2=0.2000 label_smoothing=0.050
D step=5/5 epoch=2/3 loss=0.3146 l2=0.2000 label_smoothing=0.050
D step=5/5 epoch=3/3 loss=0.3118 l2=0.2000 label_smoothing=0.050
ADV epoch=83/200 g_loss=0.0004 d_loss=0.3248 reward=0.1883 reward_var=0.0004 unique=0.0400
D step=1/5 epoch=1/3 loss=0.3255 l2=0.2000 label_smoothing=0.050
D step=1/5 epoch=2/3 loss=0.3213 l2=0.2000 label_smoothing=0.050
D step=1/5 epoch=3/3 loss=0.3188 l2=0.2000 label_smoothing=0.050
D step=2/5 epoch=1/3 loss=0.3587 l2=0.2000 label_smoothing=0.050
D step=2/5 epoch=2/3 loss=0.3645 l2=0.2000 label_smoothing=0.050
D step=2/5 epoch=3/3 loss=0.3596 l2=0.2000 label_smoothing=0.050
D step=3/5 epoch=1/3 loss=0.3399 l2=0.2000 label_smoothing=0.050
D step=3/5 epoch=2/3 loss=0.3352 l2=0.2000 label_smoothing=0.050
D step=3/5 epoch=3/3 loss=0.3362 l2=0.2000 label_smoothing=0.050
D step=4/5 epoch=1/3 loss=0.3289 l2=0.2000 label_smoothing=0.050
D step=4/5 epoch=2/3 loss=0.3288 l2=0.2000 label_smoothing=0.050
D step=4/5 epoch=3/3 loss=0.3221 l2=0.2000 label_smoothing=0.050
D step=5/5 epoch=1/3 loss=0.3225 l2=0.2000 label_smoothing=0.050
D step=5/5 epoch=2/3 loss=0.3241 l2=0.2000 label_smoothing=0.050
D step=5/5 epoch=3/3 loss=0.3173 l2=0.2000 label_smoothing=0.050
ADV epoch=84/200 g_loss=0.0013 d_loss=0.3336 reward=0.1750 reward_var=0.0004 unique=0.1000
D step=1/5 epoch=1/3 loss=0.3659 l2=0.2000 label_smoothing=0.050
D step=1/5 epoch=2/3 loss=0.3588 l2=0.2000 label_smoothing=0.050
D step=1/5 epoch=3/3 loss=0.3556 l2=0.2000 label_smoothing=0.050
D step=2/5 epoch=1/3 loss=0.3368 l2=0.2000 label_smoothing=0.050
D step=2/5 epoch=2/3 loss=0.3367 l2=0.2000 label_smoothing=0.050
D step=2/5 epoch=3/3 loss=0.3369 l2=0.2000 label_smoothing=0.050
D step=3/5 epoch=1/3 loss=0.3424 l2=0.2000 label_smoothing=0.050
D step=3/5 epoch=2/3 loss=0.3418 l2=0.2000 label_smoothing=0.050
D step=3/5 epoch=3/3 loss=0.3383 l2=0.2000 label_smoothing=0.050
D step=4/5 epoch=1/3 loss=0.3632 l2=0.2000 label_smoothing=0.050
D step=4/5 epoch=2/3 loss=0.3647 l2=0.2000 label_smoothing=0.050
D step=4/5 epoch=3/3 loss=0.3724 l2=0.2000 label_smoothing=0.050
D step=5/5 epoch=1/3 loss=0.3376 l2=0.2000 label_smoothing=0.050
D step=5/5 epoch=2/3 loss=0.3378 l2=0.2000 label_smoothing=0.050
D step=5/5 epoch=3/3 loss=0.3345 l2=0.2000 label_smoothing=0.050
ADV epoch=85/200 g_loss=0.0010 d_loss=0.3482 reward=0.1722 reward_var=0.0002 unique=0.0600
D step=1/5 epoch=1/3 loss=0.3591 l2=0.2000 label_smoothing=0.050
D step=1/5 epoch=2/3 loss=0.3639 l2=0.2000 label_smoothing=0.050
D step=1/5 epoch=3/3 loss=0.3570 l2=0.2000 label_smoothing=0.050
D step=2/5 epoch=1/3 loss=0.3364 l2=0.2000 label_smoothing=0.050
D step=2/5 epoch=2/3 loss=0.3356 l2=0.2000 label_smoothing=0.050
D step=2/5 epoch=3/3 loss=0.3363 l2=0.2000 label_smoothing=0.050
D step=3/5 epoch=1/3 loss=0.3355 l2=0.2000 label_smoothing=0.050
D step=3/5 epoch=2/3 loss=0.3367 l2=0.2000 label_smoothing=0.050
D step=3/5 epoch=3/3 loss=0.3358 l2=0.2000 label_smoothing=0.050
D step=4/5 epoch=1/3 loss=0.3236 l2=0.2000 label_smoothing=0.050
D step=4/5 epoch=2/3 loss=0.3175 l2=0.2000 label_smoothing=0.050
D step=4/5 epoch=3/3 loss=0.3233 l2=0.2000 label_smoothing=0.050
D step=5/5 epoch=1/3 loss=0.3622 l2=0.2000 label_smoothing=0.050
D step=5/5 epoch=2/3 loss=0.3580 l2=0.2000 label_smoothing=0.050
D step=5/5 epoch=3/3 loss=0.3601 l2=0.2000 label_smoothing=0.050
ADV epoch=86/200 g_loss=0.0005 d_loss=0.3427 reward=0.1930 reward_var=0.0002 unique=0.0200
D step=1/5 epoch=1/3 loss=0.3568 l2=0.2000 label_smoothing=0.050
D step=1/5 epoch=2/3 loss=0.3605 l2=0.2000 label_smoothing=0.050
D step=1/5 epoch=3/3 loss=0.3550 l2=0.2000 label_smoothing=0.050
D step=2/5 epoch=1/3 loss=0.3455 l2=0.2000 label_smoothing=0.050
D step=2/5 epoch=2/3 loss=0.3408 l2=0.2000 label_smoothing=0.050
D step=2/5 epoch=3/3 loss=0.3453 l2=0.2000 label_smoothing=0.050
D step=3/5 epoch=1/3 loss=0.3112 l2=0.2000 label_smoothing=0.050
D step=3/5 epoch=2/3 loss=0.3126 l2=0.2000 label_smoothing=0.050
D step=3/5 epoch=3/3 loss=0.3127 l2=0.2000 label_smoothing=0.050
D step=4/5 epoch=1/3 loss=0.3486 l2=0.2000 label_smoothing=0.050
D step=4/5 epoch=2/3 loss=0.3431 l2=0.2000 label_smoothing=0.050
D step=4/5 epoch=3/3 loss=0.3473 l2=0.2000 label_smoothing=0.050
D step=5/5 epoch=1/3 loss=0.3278 l2=0.2000 label_smoothing=0.050
D step=5/5 epoch=2/3 loss=0.3257 l2=0.2000 label_smoothing=0.050
D step=5/5 epoch=3/3 loss=0.3266 l2=0.2000 label_smoothing=0.050
ADV epoch=87/200 g_loss=0.0005 d_loss=0.3373 reward=0.2015 reward_var=0.0003 unique=0.0400
D step=1/5 epoch=1/3 loss=0.3473 l2=0.2000 label_smoothing=0.050
D step=1/5 epoch=2/3 loss=0.3469 l2=0.2000 label_smoothing=0.050
D step=1/5 epoch=3/3 loss=0.3499 l2=0.2000 label_smoothing=0.050
D step=2/5 epoch=1/3 loss=0.3364 l2=0.2000 label_smoothing=0.050
D step=2/5 epoch=2/3 loss=0.3333 l2=0.2000 label_smoothing=0.050
D step=2/5 epoch=3/3 loss=0.3336 l2=0.2000 label_smoothing=0.050
D step=3/5 epoch=1/3 loss=0.3464 l2=0.2000 label_smoothing=0.050
D step=3/5 epoch=2/3 loss=0.3421 l2=0.2000 label_smoothing=0.050
D step=3/5 epoch=3/3 loss=0.3445 l2=0.2000 label_smoothing=0.050
D step=4/5 epoch=1/3 loss=0.3487 l2=0.2000 label_smoothing=0.050
D step=4/5 epoch=2/3 loss=0.3489 l2=0.2000 label_smoothing=0.050
D step=4/5 epoch=3/3 loss=0.3488 l2=0.2000 label_smoothing=0.050
D step=5/5 epoch=1/3 loss=0.3203 l2=0.2000 label_smoothing=0.050
D step=5/5 epoch=2/3 loss=0.3207 l2=0.2000 label_smoothing=0.050
D step=5/5 epoch=3/3 loss=0.3204 l2=0.2000 label_smoothing=0.050
ADV epoch=88/200 g_loss=0.0003 d_loss=0.3392 reward=0.1974 reward_var=0.0000 unique=0.0800
D step=1/5 epoch=1/3 loss=0.3347 l2=0.2000 label_smoothing=0.050
D step=1/5 epoch=2/3 loss=0.3349 l2=0.2000 label_smoothing=0.050
D step=1/5 epoch=3/3 loss=0.3369 l2=0.2000 label_smoothing=0.050
D step=2/5 epoch=1/3 loss=0.3303 l2=0.2000 label_smoothing=0.050
D step=2/5 epoch=2/3 loss=0.3383 l2=0.2000 label_smoothing=0.050
D step=2/5 epoch=3/3 loss=0.3374 l2=0.2000 label_smoothing=0.050
D step=3/5 epoch=1/3 loss=0.3455 l2=0.2000 label_smoothing=0.050
D step=3/5 epoch=2/3 loss=0.3434 l2=0.2000 label_smoothing=0.050
D step=3/5 epoch=3/3 loss=0.3486 l2=0.2000 label_smoothing=0.050
D step=4/5 epoch=1/3 loss=0.3368 l2=0.2000 label_smoothing=0.050
D step=4/5 epoch=2/3 loss=0.3306 l2=0.2000 label_smoothing=0.050
D step=4/5 epoch=3/3 loss=0.3380 l2=0.2000 label_smoothing=0.050
D step=5/5 epoch=1/3 loss=0.3244 l2=0.2000 label_smoothing=0.050
D step=5/5 epoch=2/3 loss=0.3251 l2=0.2000 label_smoothing=0.050
D step=5/5 epoch=3/3 loss=0.3267 l2=0.2000 label_smoothing=0.050
ADV epoch=89/200 g_loss=0.0005 d_loss=0.3354 reward=0.1819 reward_var=0.0001 unique=0.0400
D step=1/5 epoch=1/3 loss=0.3223 l2=0.2000 label_smoothing=0.050
D step=1/5 epoch=2/3 loss=0.3203 l2=0.2000 label_smoothing=0.050
D step=1/5 epoch=3/3 loss=0.3184 l2=0.2000 label_smoothing=0.050
D step=2/5 epoch=1/3 loss=0.3479 l2=0.2000 label_smoothing=0.050
D step=2/5 epoch=2/3 loss=0.3482 l2=0.2000 label_smoothing=0.050
D step=2/5 epoch=3/3 loss=0.3486 l2=0.2000 label_smoothing=0.050
D step=3/5 epoch=1/3 loss=0.3053 l2=0.2000 label_smoothing=0.050
D step=3/5 epoch=2/3 loss=0.3113 l2=0.2000 label_smoothing=0.050
D step=3/5 epoch=3/3 loss=0.3118 l2=0.2000 label_smoothing=0.050
D step=4/5 epoch=1/3 loss=0.3228 l2=0.2000 label_smoothing=0.050
D step=4/5 epoch=2/3 loss=0.3217 l2=0.2000 label_smoothing=0.050
D step=4/5 epoch=3/3 loss=0.3241 l2=0.2000 label_smoothing=0.050
D step=5/5 epoch=1/3 loss=0.3475 l2=0.2000 label_smoothing=0.050
D step=5/5 epoch=2/3 loss=0.3449 l2=0.2000 label_smoothing=0.050
D step=5/5 epoch=3/3 loss=0.3490 l2=0.2000 label_smoothing=0.050
ADV epoch=90/200 g_loss=0.0005 d_loss=0.3296 reward=0.1674 reward_var=0.0002 unique=0.0400
D step=1/5 epoch=1/3 loss=0.3236 l2=0.2000 label_smoothing=0.050
D step=1/5 epoch=2/3 loss=0.3272 l2=0.2000 label_smoothing=0.050
D step=1/5 epoch=3/3 loss=0.3257 l2=0.2000 label_smoothing=0.050
D step=2/5 epoch=1/3 loss=0.3555 l2=0.2000 label_smoothing=0.050
D step=2/5 epoch=2/3 loss=0.3574 l2=0.2000 label_smoothing=0.050
D step=2/5 epoch=3/3 loss=0.3592 l2=0.2000 label_smoothing=0.050
D step=3/5 epoch=1/3 loss=0.3248 l2=0.2000 label_smoothing=0.050
D step=3/5 epoch=2/3 loss=0.3219 l2=0.2000 label_smoothing=0.050
D step=3/5 epoch=3/3 loss=0.3206 l2=0.2000 label_smoothing=0.050
D step=4/5 epoch=1/3 loss=0.3294 l2=0.2000 label_smoothing=0.050
D step=4/5 epoch=2/3 loss=0.3355 l2=0.2000 label_smoothing=0.050
D step=4/5 epoch=3/3 loss=0.3369 l2=0.2000 label_smoothing=0.050
D step=5/5 epoch=1/3 loss=0.3648 l2=0.2000 label_smoothing=0.050
D step=5/5 epoch=2/3 loss=0.3565 l2=0.2000 label_smoothing=0.050
D step=5/5 epoch=3/3 loss=0.3543 l2=0.2000 label_smoothing=0.050
ADV epoch=91/200 g_loss=0.0003 d_loss=0.3396 reward=0.1838 reward_var=0.0000 unique=0.0400
D step=1/5 epoch=1/3 loss=0.3635 l2=0.2000 label_smoothing=0.050
D step=1/5 epoch=2/3 loss=0.3606 l2=0.2000 label_smoothing=0.050
D step=1/5 epoch=3/3 loss=0.3633 l2=0.2000 label_smoothing=0.050
D step=2/5 epoch=1/3 loss=0.3453 l2=0.2000 label_smoothing=0.050
D step=2/5 epoch=2/3 loss=0.3463 l2=0.2000 label_smoothing=0.050
D step=2/5 epoch=3/3 loss=0.3465 l2=0.2000 label_smoothing=0.050
D step=3/5 epoch=1/3 loss=0.3430 l2=0.2000 label_smoothing=0.050
D step=3/5 epoch=2/3 loss=0.3466 l2=0.2000 label_smoothing=0.050
D step=3/5 epoch=3/3 loss=0.3427 l2=0.2000 label_smoothing=0.050
D step=4/5 epoch=1/3 loss=0.3655 l2=0.2000 label_smoothing=0.050
D step=4/5 epoch=2/3 loss=0.3595 l2=0.2000 label_smoothing=0.050
D step=4/5 epoch=3/3 loss=0.3597 l2=0.2000 label_smoothing=0.050
D step=5/5 epoch=1/3 loss=0.3222 l2=0.2000 label_smoothing=0.050
D step=5/5 epoch=2/3 loss=0.3240 l2=0.2000 label_smoothing=0.050
D step=5/5 epoch=3/3 loss=0.3282 l2=0.2000 label_smoothing=0.050
ADV epoch=92/200 g_loss=0.0003 d_loss=0.3478 reward=0.2041 reward_var=0.0000 unique=0.0200
D step=1/5 epoch=1/3 loss=0.3501 l2=0.2000 label_smoothing=0.050
D step=1/5 epoch=2/3 loss=0.3509 l2=0.2000 label_smoothing=0.050
D step=1/5 epoch=3/3 loss=0.3482 l2=0.2000 label_smoothing=0.050
D step=2/5 epoch=1/3 loss=0.3354 l2=0.2000 label_smoothing=0.050
D step=2/5 epoch=2/3 loss=0.3336 l2=0.2000 label_smoothing=0.050
D step=2/5 epoch=3/3 loss=0.3323 l2=0.2000 label_smoothing=0.050
D step=3/5 epoch=1/3 loss=0.3247 l2=0.2000 label_smoothing=0.050
D step=3/5 epoch=2/3 loss=0.3239 l2=0.2000 label_smoothing=0.050
D step=3/5 epoch=3/3 loss=0.3301 l2=0.2000 label_smoothing=0.050
D step=4/5 epoch=1/3 loss=0.3380 l2=0.2000 label_smoothing=0.050
D step=4/5 epoch=2/3 loss=0.3351 l2=0.2000 label_smoothing=0.050
D step=4/5 epoch=3/3 loss=0.3334 l2=0.2000 label_smoothing=0.050
D step=5/5 epoch=1/3 loss=0.3221 l2=0.2000 label_smoothing=0.050
D step=5/5 epoch=2/3 loss=0.3255 l2=0.2000 label_smoothing=0.050
D step=5/5 epoch=3/3 loss=0.3215 l2=0.2000 label_smoothing=0.050
ADV epoch=93/200 g_loss=0.0008 d_loss=0.3337 reward=0.1828 reward_var=0.0006 unique=0.0400
D step=1/5 epoch=1/3 loss=0.3428 l2=0.2000 label_smoothing=0.050
D step=1/5 epoch=2/3 loss=0.3516 l2=0.2000 label_smoothing=0.050
D step=1/5 epoch=3/3 loss=0.3459 l2=0.2000 label_smoothing=0.050
D step=2/5 epoch=1/3 loss=0.3429 l2=0.2000 label_smoothing=0.050
D step=2/5 epoch=2/3 loss=0.3409 l2=0.2000 label_smoothing=0.050
D step=2/5 epoch=3/3 loss=0.3447 l2=0.2000 label_smoothing=0.050
D step=3/5 epoch=1/3 loss=0.3260 l2=0.2000 label_smoothing=0.050
D step=3/5 epoch=2/3 loss=0.3274 l2=0.2000 label_smoothing=0.050
D step=3/5 epoch=3/3 loss=0.3205 l2=0.2000 label_smoothing=0.050
D step=4/5 epoch=1/3 loss=0.3261 l2=0.2000 label_smoothing=0.050
D step=4/5 epoch=2/3 loss=0.3193 l2=0.2000 label_smoothing=0.050
D step=4/5 epoch=3/3 loss=0.3220 l2=0.2000 label_smoothing=0.050
D step=5/5 epoch=1/3 loss=0.3463 l2=0.2000 label_smoothing=0.050
D step=5/5 epoch=2/3 loss=0.3486 l2=0.2000 label_smoothing=0.050
D step=5/5 epoch=3/3 loss=0.3437 l2=0.2000 label_smoothing=0.050
ADV epoch=94/200 g_loss=0.0004 d_loss=0.3366 reward=0.1959 reward_var=0.0004 unique=0.0600
D step=1/5 epoch=1/3 loss=0.3239 l2=0.2000 label_smoothing=0.050
D step=1/5 epoch=2/3 loss=0.3243 l2=0.2000 label_smoothing=0.050
D step=1/5 epoch=3/3 loss=0.3230 l2=0.2000 label_smoothing=0.050
D step=2/5 epoch=1/3 loss=0.3481 l2=0.2000 label_smoothing=0.050
D step=2/5 epoch=2/3 loss=0.3526 l2=0.2000 label_smoothing=0.050
D step=2/5 epoch=3/3 loss=0.3512 l2=0.2000 label_smoothing=0.050
D step=3/5 epoch=1/3 loss=0.3387 l2=0.2000 label_smoothing=0.050
D step=3/5 epoch=2/3 loss=0.3410 l2=0.2000 label_smoothing=0.050
D step=3/5 epoch=3/3 loss=0.3357 l2=0.2000 label_smoothing=0.050
D step=4/5 epoch=1/3 loss=0.3468 l2=0.2000 label_smoothing=0.050
D step=4/5 epoch=2/3 loss=0.3419 l2=0.2000 label_smoothing=0.050
D step=4/5 epoch=3/3 loss=0.3475 l2=0.2000 label_smoothing=0.050
D step=5/5 epoch=1/3 loss=0.3257 l2=0.2000 label_smoothing=0.050
D step=5/5 epoch=2/3 loss=0.3245 l2=0.2000 label_smoothing=0.050
D step=5/5 epoch=3/3 loss=0.3247 l2=0.2000 label_smoothing=0.050
ADV epoch=95/200 g_loss=0.0004 d_loss=0.3366 reward=0.1942 reward_var=0.0004 unique=0.0600
D step=1/5 epoch=1/3 loss=0.3467 l2=0.2000 label_smoothing=0.050
D step=1/5 epoch=2/3 loss=0.3481 l2=0.2000 label_smoothing=0.050
D step=1/5 epoch=3/3 loss=0.3451 l2=0.2000 label_smoothing=0.050
D step=2/5 epoch=1/3 loss=0.3481 l2=0.2000 label_smoothing=0.050
D step=2/5 epoch=2/3 loss=0.3493 l2=0.2000 label_smoothing=0.050
D step=2/5 epoch=3/3 loss=0.3467 l2=0.2000 label_smoothing=0.050
D step=3/5 epoch=1/3 loss=0.3606 l2=0.2000 label_smoothing=0.050
D step=3/5 epoch=2/3 loss=0.3613 l2=0.2000 label_smoothing=0.050
D step=3/5 epoch=3/3 loss=0.3580 l2=0.2000 label_smoothing=0.050
D step=4/5 epoch=1/3 loss=0.3459 l2=0.2000 label_smoothing=0.050
D step=4/5 epoch=2/3 loss=0.3428 l2=0.2000 label_smoothing=0.050
D step=4/5 epoch=3/3 loss=0.3440 l2=0.2000 label_smoothing=0.050
D step=5/5 epoch=1/3 loss=0.3492 l2=0.2000 label_smoothing=0.050
D step=5/5 epoch=2/3 loss=0.3501 l2=0.2000 label_smoothing=0.050
D step=5/5 epoch=3/3 loss=0.3458 l2=0.2000 label_smoothing=0.050
ADV epoch=96/200 g_loss=0.0017 d_loss=0.3495 reward=0.1801 reward_var=0.0005 unique=0.0600
D step=1/5 epoch=1/3 loss=0.3383 l2=0.2000 label_smoothing=0.050
D step=1/5 epoch=2/3 loss=0.3372 l2=0.2000 label_smoothing=0.050
D step=1/5 epoch=3/3 loss=0.3378 l2=0.2000 label_smoothing=0.050
D step=2/5 epoch=1/3 loss=0.3638 l2=0.2000 label_smoothing=0.050
D step=2/5 epoch=2/3 loss=0.3604 l2=0.2000 label_smoothing=0.050
D step=2/5 epoch=3/3 loss=0.3591 l2=0.2000 label_smoothing=0.050
D step=3/5 epoch=1/3 loss=0.3467 l2=0.2000 label_smoothing=0.050
D step=3/5 epoch=2/3 loss=0.3454 l2=0.2000 label_smoothing=0.050
D step=3/5 epoch=3/3 loss=0.3443 l2=0.2000 label_smoothing=0.050
D step=4/5 epoch=1/3 loss=0.3396 l2=0.2000 label_smoothing=0.050
D step=4/5 epoch=2/3 loss=0.3394 l2=0.2000 label_smoothing=0.050
D step=4/5 epoch=3/3 loss=0.3369 l2=0.2000 label_smoothing=0.050
D step=5/5 epoch=1/3 loss=0.3334 l2=0.2000 label_smoothing=0.050
D step=5/5 epoch=2/3 loss=0.3380 l2=0.2000 label_smoothing=0.050
D step=5/5 epoch=3/3 loss=0.3368 l2=0.2000 label_smoothing=0.050
ADV epoch=97/200 g_loss=0.0005 d_loss=0.3438 reward=0.2036 reward_var=0.0003 unique=0.0400
D step=1/5 epoch=1/3 loss=0.3388 l2=0.2000 label_smoothing=0.050
D step=1/5 epoch=2/3 loss=0.3366 l2=0.2000 label_smoothing=0.050
D step=1/5 epoch=3/3 loss=0.3383 l2=0.2000 label_smoothing=0.050
D step=2/5 epoch=1/3 loss=0.3414 l2=0.2000 label_smoothing=0.050
D step=2/5 epoch=2/3 loss=0.3361 l2=0.2000 label_smoothing=0.050
D step=2/5 epoch=3/3 loss=0.3353 l2=0.2000 label_smoothing=0.050
D step=3/5 epoch=1/3 loss=0.3600 l2=0.2000 label_smoothing=0.050
D step=3/5 epoch=2/3 loss=0.3607 l2=0.2000 label_smoothing=0.050
D step=3/5 epoch=3/3 loss=0.3572 l2=0.2000 label_smoothing=0.050
D step=4/5 epoch=1/3 loss=0.3496 l2=0.2000 label_smoothing=0.050
D step=4/5 epoch=2/3 loss=0.3475 l2=0.2000 label_smoothing=0.050
D step=4/5 epoch=3/3 loss=0.3458 l2=0.2000 label_smoothing=0.050
D step=5/5 epoch=1/3 loss=0.3241 l2=0.2000 label_smoothing=0.050
D step=5/5 epoch=2/3 loss=0.3265 l2=0.2000 label_smoothing=0.050
D step=5/5 epoch=3/3 loss=0.3236 l2=0.2000 label_smoothing=0.050
ADV epoch=98/200 g_loss=0.0012 d_loss=0.3414 reward=0.1633 reward_var=0.0007 unique=0.0400
D step=1/5 epoch=1/3 loss=0.3385 l2=0.2000 label_smoothing=0.050
D step=1/5 epoch=2/3 loss=0.3393 l2=0.2000 label_smoothing=0.050
D step=1/5 epoch=3/3 loss=0.3378 l2=0.2000 label_smoothing=0.050
D step=2/5 epoch=1/3 loss=0.3127 l2=0.2000 label_smoothing=0.050
D step=2/5 epoch=2/3 loss=0.3161 l2=0.2000 label_smoothing=0.050
D step=2/5 epoch=3/3 loss=0.3120 l2=0.2000 label_smoothing=0.050
D step=3/5 epoch=1/3 loss=0.3502 l2=0.2000 label_smoothing=0.050
D step=3/5 epoch=2/3 loss=0.3488 l2=0.2000 label_smoothing=0.050
D step=3/5 epoch=3/3 loss=0.3482 l2=0.2000 label_smoothing=0.050
D step=4/5 epoch=1/3 loss=0.3561 l2=0.2000 label_smoothing=0.050
D step=4/5 epoch=2/3 loss=0.3627 l2=0.2000 label_smoothing=0.050
D step=4/5 epoch=3/3 loss=0.3561 l2=0.2000 label_smoothing=0.050
D step=5/5 epoch=1/3 loss=0.3590 l2=0.2000 label_smoothing=0.050
D step=5/5 epoch=2/3 loss=0.3579 l2=0.2000 label_smoothing=0.050
D step=5/5 epoch=3/3 loss=0.3579 l2=0.2000 label_smoothing=0.050
ADV epoch=99/200 g_loss=0.0004 d_loss=0.3436 reward=0.1781 reward_var=0.0003 unique=0.0800
D step=1/5 epoch=1/3 loss=0.3458 l2=0.2000 label_smoothing=0.050
D step=1/5 epoch=2/3 loss=0.3424 l2=0.2000 label_smoothing=0.050
D step=1/5 epoch=3/3 loss=0.3517 l2=0.2000 label_smoothing=0.050
D step=2/5 epoch=1/3 loss=0.3508 l2=0.2000 label_smoothing=0.050
D step=2/5 epoch=2/3 loss=0.3502 l2=0.2000 label_smoothing=0.050
D step=2/5 epoch=3/3 loss=0.3519 l2=0.2000 label_smoothing=0.050
D step=3/5 epoch=1/3 loss=0.3463 l2=0.2000 label_smoothing=0.050
D step=3/5 epoch=2/3 loss=0.3451 l2=0.2000 label_smoothing=0.050
D step=3/5 epoch=3/3 loss=0.3484 l2=0.2000 label_smoothing=0.050
D step=4/5 epoch=1/3 loss=0.3607 l2=0.2000 label_smoothing=0.050
D step=4/5 epoch=2/3 loss=0.3583 l2=0.2000 label_smoothing=0.050
D step=4/5 epoch=3/3 loss=0.3591 l2=0.2000 label_smoothing=0.050
D step=5/5 epoch=1/3 loss=0.3371 l2=0.2000 label_smoothing=0.050
D step=5/5 epoch=2/3 loss=0.3383 l2=0.2000 label_smoothing=0.050
D step=5/5 epoch=3/3 loss=0.3385 l2=0.2000 label_smoothing=0.050
ADV epoch=100/200 g_loss=0.0022 d_loss=0.3483 reward=0.2161 reward_var=0.0004 unique=0.0400
D step=1/5 epoch=1/3 loss=0.3361 l2=0.2000 label_smoothing=0.050
D step=1/5 epoch=2/3 loss=0.3369 l2=0.2000 label_smoothing=0.050
D step=1/5 epoch=3/3 loss=0.3354 l2=0.2000 label_smoothing=0.050
D step=2/5 epoch=1/3 loss=0.3446 l2=0.2000 label_smoothing=0.050
D step=2/5 epoch=2/3 loss=0.3476 l2=0.2000 label_smoothing=0.050
D step=2/5 epoch=3/3 loss=0.3468 l2=0.2000 label_smoothing=0.050
D step=3/5 epoch=1/3 loss=0.3126 l2=0.2000 label_smoothing=0.050
D step=3/5 epoch=2/3 loss=0.3117 l2=0.2000 label_smoothing=0.050
D step=3/5 epoch=3/3 loss=0.3129 l2=0.2000 label_smoothing=0.050
D step=4/5 epoch=1/3 loss=0.3091 l2=0.2000 label_smoothing=0.050
D step=4/5 epoch=2/3 loss=0.3117 l2=0.2000 label_smoothing=0.050
D step=4/5 epoch=3/3 loss=0.3066 l2=0.2000 label_smoothing=0.050
D step=5/5 epoch=1/3 loss=0.3103 l2=0.2000 label_smoothing=0.050
D step=5/5 epoch=2/3 loss=0.3147 l2=0.2000 label_smoothing=0.050
D step=5/5 epoch=3/3 loss=0.3089 l2=0.2000 label_smoothing=0.050
ADV epoch=101/200 g_loss=0.0013 d_loss=0.3231 reward=0.1861 reward_var=0.0011 unique=0.0400
D step=1/5 epoch=1/3 loss=0.3002 l2=0.2000 label_smoothing=0.050
D step=1/5 epoch=2/3 loss=0.3002 l2=0.2000 label_smoothing=0.050
D step=1/5 epoch=3/3 loss=0.2965 l2=0.2000 label_smoothing=0.050
D step=2/5 epoch=1/3 loss=0.3122 l2=0.2000 label_smoothing=0.050
D step=2/5 epoch=2/3 loss=0.3125 l2=0.2000 label_smoothing=0.050
D step=2/5 epoch=3/3 loss=0.3089 l2=0.2000 label_smoothing=0.050
D step=3/5 epoch=1/3 loss=0.3279 l2=0.2000 label_smoothing=0.050
D step=3/5 epoch=2/3 loss=0.3272 l2=0.2000 label_smoothing=0.050
D step=3/5 epoch=3/3 loss=0.3292 l2=0.2000 label_smoothing=0.050
D step=4/5 epoch=1/3 loss=0.3350 l2=0.2000 label_smoothing=0.050
D step=4/5 epoch=2/3 loss=0.3360 l2=0.2000 label_smoothing=0.050
D step=4/5 epoch=3/3 loss=0.3350 l2=0.2000 label_smoothing=0.050
D step=5/5 epoch=1/3 loss=0.3296 l2=0.2000 label_smoothing=0.050
D step=5/5 epoch=2/3 loss=0.3245 l2=0.2000 label_smoothing=0.050
D step=5/5 epoch=3/3 loss=0.3280 l2=0.2000 label_smoothing=0.050
ADV epoch=102/200 g_loss=0.0006 d_loss=0.3202 reward=0.1559 reward_var=0.0003 unique=0.0400
D step=1/5 epoch=1/3 loss=0.3364 l2=0.2000 label_smoothing=0.050
D step=1/5 epoch=2/3 loss=0.3359 l2=0.2000 label_smoothing=0.050
D step=1/5 epoch=3/3 loss=0.3330 l2=0.2000 label_smoothing=0.050
D step=2/5 epoch=1/3 loss=0.3477 l2=0.2000 label_smoothing=0.050
D step=2/5 epoch=2/3 loss=0.3448 l2=0.2000 label_smoothing=0.050
D step=2/5 epoch=3/3 loss=0.3470 l2=0.2000 label_smoothing=0.050
D step=3/5 epoch=1/3 loss=0.3260 l2=0.2000 label_smoothing=0.050
D step=3/5 epoch=2/3 loss=0.3260 l2=0.2000 label_smoothing=0.050
D step=3/5 epoch=3/3 loss=0.3230 l2=0.2000 label_smoothing=0.050
D step=4/5 epoch=1/3 loss=0.3497 l2=0.2000 label_smoothing=0.050
D step=4/5 epoch=2/3 loss=0.3536 l2=0.2000 label_smoothing=0.050
D step=4/5 epoch=3/3 loss=0.3496 l2=0.2000 label_smoothing=0.050
D step=5/5 epoch=1/3 loss=0.3341 l2=0.2000 label_smoothing=0.050
D step=5/5 epoch=2/3 loss=0.3355 l2=0.2000 label_smoothing=0.050
D step=5/5 epoch=3/3 loss=0.3350 l2=0.2000 label_smoothing=0.050
ADV epoch=103/200 g_loss=0.0013 d_loss=0.3385 reward=0.1867 reward_var=0.0000 unique=0.0400
D step=1/5 epoch=1/3 loss=0.3698 l2=0.2000 label_smoothing=0.050
D step=1/5 epoch=2/3 loss=0.3702 l2=0.2000 label_smoothing=0.050
D step=1/5 epoch=3/3 loss=0.3697 l2=0.2000 label_smoothing=0.050
D step=2/5 epoch=1/3 loss=0.3418 l2=0.2000 label_smoothing=0.050
D step=2/5 epoch=2/3 loss=0.3355 l2=0.2000 label_smoothing=0.050
D step=2/5 epoch=3/3 loss=0.3358 l2=0.2000 label_smoothing=0.050
D step=3/5 epoch=1/3 loss=0.3379 l2=0.2000 label_smoothing=0.050
D step=3/5 epoch=2/3 loss=0.3342 l2=0.2000 label_smoothing=0.050
D step=3/5 epoch=3/3 loss=0.3349 l2=0.2000 label_smoothing=0.050
D step=4/5 epoch=1/3 loss=0.3535 l2=0.2000 label_smoothing=0.050
D step=4/5 epoch=2/3 loss=0.3529 l2=0.2000 label_smoothing=0.050
D step=4/5 epoch=3/3 loss=0.3461 l2=0.2000 label_smoothing=0.050
D step=5/5 epoch=1/3 loss=0.3368 l2=0.2000 label_smoothing=0.050
D step=5/5 epoch=2/3 loss=0.3292 l2=0.2000 label_smoothing=0.050
D step=5/5 epoch=3/3 loss=0.3304 l2=0.2000 label_smoothing=0.050
ADV epoch=104/200 g_loss=0.0011 d_loss=0.3452 reward=0.1876 reward_var=0.0006 unique=0.0200
D step=1/5 epoch=1/3 loss=0.3385 l2=0.2000 label_smoothing=0.050
D step=1/5 epoch=2/3 loss=0.3385 l2=0.2000 label_smoothing=0.050
D step=1/5 epoch=3/3 loss=0.3391 l2=0.2000 label_smoothing=0.050
D step=2/5 epoch=1/3 loss=0.3097 l2=0.2000 label_smoothing=0.050
D step=2/5 epoch=2/3 loss=0.3094 l2=0.2000 label_smoothing=0.050
D step=2/5 epoch=3/3 loss=0.3109 l2=0.2000 label_smoothing=0.050
D step=3/5 epoch=1/3 loss=0.3122 l2=0.2000 label_smoothing=0.050
D step=3/5 epoch=2/3 loss=0.3112 l2=0.2000 label_smoothing=0.050
D step=3/5 epoch=3/3 loss=0.3105 l2=0.2000 label_smoothing=0.050
D step=4/5 epoch=1/3 loss=0.3624 l2=0.2000 label_smoothing=0.050
D step=4/5 epoch=2/3 loss=0.3645 l2=0.2000 label_smoothing=0.050
D step=4/5 epoch=3/3 loss=0.3566 l2=0.2000 label_smoothing=0.050
D step=5/5 epoch=1/3 loss=0.3195 l2=0.2000 label_smoothing=0.050
D step=5/5 epoch=2/3 loss=0.3221 l2=0.2000 label_smoothing=0.050
D step=5/5 epoch=3/3 loss=0.3231 l2=0.2000 label_smoothing=0.050
ADV epoch=105/200 g_loss=0.0004 d_loss=0.3286 reward=0.1863 reward_var=0.0004 unique=0.0200
D step=1/5 epoch=1/3 loss=0.3365 l2=0.2000 label_smoothing=0.050
D step=1/5 epoch=2/3 loss=0.3400 l2=0.2000 label_smoothing=0.050
D step=1/5 epoch=3/3 loss=0.3360 l2=0.2000 label_smoothing=0.050
D step=2/5 epoch=1/3 loss=0.3290 l2=0.2000 label_smoothing=0.050
D step=2/5 epoch=2/3 loss=0.3228 l2=0.2000 label_smoothing=0.050
D step=2/5 epoch=3/3 loss=0.3227 l2=0.2000 label_smoothing=0.050
D step=3/5 epoch=1/3 loss=0.3573 l2=0.2000 label_smoothing=0.050
D step=3/5 epoch=2/3 loss=0.3659 l2=0.2000 label_smoothing=0.050
D step=3/5 epoch=3/3 loss=0.3620 l2=0.2000 label_smoothing=0.050
D step=4/5 epoch=1/3 loss=0.3487 l2=0.2000 label_smoothing=0.050
D step=4/5 epoch=2/3 loss=0.3475 l2=0.2000 label_smoothing=0.050
D step=4/5 epoch=3/3 loss=0.3477 l2=0.2000 label_smoothing=0.050
D step=5/5 epoch=1/3 loss=0.3519 l2=0.2000 label_smoothing=0.050
D step=5/5 epoch=2/3 loss=0.3472 l2=0.2000 label_smoothing=0.050
D step=5/5 epoch=3/3 loss=0.3513 l2=0.2000 label_smoothing=0.050
ADV epoch=106/200 g_loss=0.0002 d_loss=0.3444 reward=0.1976 reward_var=0.0000 unique=0.0400
D step=1/5 epoch=1/3 loss=0.3215 l2=0.2000 label_smoothing=0.050
D step=1/5 epoch=2/3 loss=0.3238 l2=0.2000 label_smoothing=0.050
D step=1/5 epoch=3/3 loss=0.3249 l2=0.2000 label_smoothing=0.050
D step=2/5 epoch=1/3 loss=0.3483 l2=0.2000 label_smoothing=0.050
D step=2/5 epoch=2/3 loss=0.3459 l2=0.2000 label_smoothing=0.050
D step=2/5 epoch=3/3 loss=0.3463 l2=0.2000 label_smoothing=0.050
D step=3/5 epoch=1/3 loss=0.3492 l2=0.2000 label_smoothing=0.050
D step=3/5 epoch=2/3 loss=0.3503 l2=0.2000 label_smoothing=0.050
D step=3/5 epoch=3/3 loss=0.3500 l2=0.2000 label_smoothing=0.050
D step=4/5 epoch=1/3 loss=0.3112 l2=0.2000 label_smoothing=0.050
D step=4/5 epoch=2/3 loss=0.3139 l2=0.2000 label_smoothing=0.050
D step=4/5 epoch=3/3 loss=0.3102 l2=0.2000 label_smoothing=0.050
D step=5/5 epoch=1/3 loss=0.3481 l2=0.2000 label_smoothing=0.050
D step=5/5 epoch=2/3 loss=0.3478 l2=0.2000 label_smoothing=0.050
D step=5/5 epoch=3/3 loss=0.3455 l2=0.2000 label_smoothing=0.050
ADV epoch=107/200 g_loss=0.0002 d_loss=0.3358 reward=0.2021 reward_var=0.0000 unique=0.0600
D step=1/5 epoch=1/3 loss=0.3485 l2=0.2000 label_smoothing=0.050
D step=1/5 epoch=2/3 loss=0.3460 l2=0.2000 label_smoothing=0.050
D step=1/5 epoch=3/3 loss=0.3468 l2=0.2000 label_smoothing=0.050
D step=2/5 epoch=1/3 loss=0.3401 l2=0.2000 label_smoothing=0.050
D step=2/5 epoch=2/3 loss=0.3346 l2=0.2000 label_smoothing=0.050
D step=2/5 epoch=3/3 loss=0.3382 l2=0.2000 label_smoothing=0.050
D step=3/5 epoch=1/3 loss=0.3247 l2=0.2000 label_smoothing=0.050
D step=3/5 epoch=2/3 loss=0.3259 l2=0.2000 label_smoothing=0.050
D step=3/5 epoch=3/3 loss=0.3245 l2=0.2000 label_smoothing=0.050
D step=4/5 epoch=1/3 loss=0.3390 l2=0.2000 label_smoothing=0.050
D step=4/5 epoch=2/3 loss=0.3357 l2=0.2000 label_smoothing=0.050
D step=4/5 epoch=3/3 loss=0.3341 l2=0.2000 label_smoothing=0.050
D step=5/5 epoch=1/3 loss=0.3098 l2=0.2000 label_smoothing=0.050
D step=5/5 epoch=2/3 loss=0.3135 l2=0.2000 label_smoothing=0.050
D step=5/5 epoch=3/3 loss=0.3100 l2=0.2000 label_smoothing=0.050
ADV epoch=108/200 g_loss=0.0014 d_loss=0.3314 reward=0.1884 reward_var=0.0004 unique=0.0400
D step=1/5 epoch=1/3 loss=0.3224 l2=0.2000 label_smoothing=0.050
D step=1/5 epoch=2/3 loss=0.3219 l2=0.2000 label_smoothing=0.050
D step=1/5 epoch=3/3 loss=0.3199 l2=0.2000 label_smoothing=0.050
D step=2/5 epoch=1/3 loss=0.3609 l2=0.2000 label_smoothing=0.050
D step=2/5 epoch=2/3 loss=0.3601 l2=0.2000 label_smoothing=0.050
D step=2/5 epoch=3/3 loss=0.3588 l2=0.2000 label_smoothing=0.050
D step=3/5 epoch=1/3 loss=0.3490 l2=0.2000 label_smoothing=0.050
D step=3/5 epoch=2/3 loss=0.3463 l2=0.2000 label_smoothing=0.050
D step=3/5 epoch=3/3 loss=0.3469 l2=0.2000 label_smoothing=0.050
D step=4/5 epoch=1/3 loss=0.3458 l2=0.2000 label_smoothing=0.050
D step=4/5 epoch=2/3 loss=0.3472 l2=0.2000 label_smoothing=0.050
D step=4/5 epoch=3/3 loss=0.3488 l2=0.2000 label_smoothing=0.050
D step=5/5 epoch=1/3 loss=0.3696 l2=0.2000 label_smoothing=0.050
D step=5/5 epoch=2/3 loss=0.3682 l2=0.2000 label_smoothing=0.050
D step=5/5 epoch=3/3 loss=0.3684 l2=0.2000 label_smoothing=0.050
ADV epoch=109/200 g_loss=0.0010 d_loss=0.3489 reward=0.1647 reward_var=0.0004 unique=0.0400
D step=1/5 epoch=1/3 loss=0.3400 l2=0.2000 label_smoothing=0.050
D step=1/5 epoch=2/3 loss=0.3381 l2=0.2000 label_smoothing=0.050
D step=1/5 epoch=3/3 loss=0.3344 l2=0.2000 label_smoothing=0.050
D step=2/5 epoch=1/3 loss=0.3469 l2=0.2000 label_smoothing=0.050
D step=2/5 epoch=2/3 loss=0.3469 l2=0.2000 label_smoothing=0.050
D step=2/5 epoch=3/3 loss=0.3435 l2=0.2000 label_smoothing=0.050
D step=3/5 epoch=1/3 loss=0.3466 l2=0.2000 label_smoothing=0.050
D step=3/5 epoch=2/3 loss=0.3453 l2=0.2000 label_smoothing=0.050
D step=3/5 epoch=3/3 loss=0.3443 l2=0.2000 label_smoothing=0.050
D step=4/5 epoch=1/3 loss=0.3327 l2=0.2000 label_smoothing=0.050
D step=4/5 epoch=2/3 loss=0.3329 l2=0.2000 label_smoothing=0.050
D step=4/5 epoch=3/3 loss=0.3349 l2=0.2000 label_smoothing=0.050
D step=5/5 epoch=1/3 loss=0.3366 l2=0.2000 label_smoothing=0.050
D step=5/5 epoch=2/3 loss=0.3337 l2=0.2000 label_smoothing=0.050
D step=5/5 epoch=3/3 loss=0.3356 l2=0.2000 label_smoothing=0.050
ADV epoch=110/200 g_loss=0.0002 d_loss=0.3395 reward=0.2061 reward_var=0.0000 unique=0.0600
D step=1/5 epoch=1/3 loss=0.3468 l2=0.2000 label_smoothing=0.050
D step=1/5 epoch=2/3 loss=0.3430 l2=0.2000 label_smoothing=0.050
D step=1/5 epoch=3/3 loss=0.3456 l2=0.2000 label_smoothing=0.050
D step=2/5 epoch=1/3 loss=0.3251 l2=0.2000 label_smoothing=0.050
D step=2/5 epoch=2/3 loss=0.3238 l2=0.2000 label_smoothing=0.050
D step=2/5 epoch=3/3 loss=0.3251 l2=0.2000 label_smoothing=0.050
D step=3/5 epoch=1/3 loss=0.3028 l2=0.2000 label_smoothing=0.050
D step=3/5 epoch=2/3 loss=0.2990 l2=0.2000 label_smoothing=0.050
D step=3/5 epoch=3/3 loss=0.3002 l2=0.2000 label_smoothing=0.050
D step=4/5 epoch=1/3 loss=0.3506 l2=0.2000 label_smoothing=0.050
D step=4/5 epoch=2/3 loss=0.3526 l2=0.2000 label_smoothing=0.050
D step=4/5 epoch=3/3 loss=0.3479 l2=0.2000 label_smoothing=0.050
D step=5/5 epoch=1/3 loss=0.3445 l2=0.2000 label_smoothing=0.050
D step=5/5 epoch=2/3 loss=0.3518 l2=0.2000 label_smoothing=0.050
D step=5/5 epoch=3/3 loss=0.3475 l2=0.2000 label_smoothing=0.050
ADV epoch=111/200 g_loss=0.0002 d_loss=0.3337 reward=0.1986 reward_var=0.0000 unique=0.0600
D step=1/5 epoch=1/3 loss=0.3470 l2=0.2000 label_smoothing=0.050
D step=1/5 epoch=2/3 loss=0.3461 l2=0.2000 label_smoothing=0.050
D step=1/5 epoch=3/3 loss=0.3457 l2=0.2000 label_smoothing=0.050
D step=2/5 epoch=1/3 loss=0.3691 l2=0.2000 label_smoothing=0.050
D step=2/5 epoch=2/3 loss=0.3714 l2=0.2000 label_smoothing=0.050
D step=2/5 epoch=3/3 loss=0.3711 l2=0.2000 label_smoothing=0.050
D step=3/5 epoch=1/3 loss=0.3382 l2=0.2000 label_smoothing=0.050
D step=3/5 epoch=2/3 loss=0.3297 l2=0.2000 label_smoothing=0.050
D step=3/5 epoch=3/3 loss=0.3352 l2=0.2000 label_smoothing=0.050
D step=4/5 epoch=1/3 loss=0.3382 l2=0.2000 label_smoothing=0.050
D step=4/5 epoch=2/3 loss=0.3385 l2=0.2000 label_smoothing=0.050
D step=4/5 epoch=3/3 loss=0.3388 l2=0.2000 label_smoothing=0.050
D step=5/5 epoch=1/3 loss=0.3354 l2=0.2000 label_smoothing=0.050
D step=5/5 epoch=2/3 loss=0.3371 l2=0.2000 label_smoothing=0.050
D step=5/5 epoch=3/3 loss=0.3363 l2=0.2000 label_smoothing=0.050
ADV epoch=112/200 g_loss=0.0004 d_loss=0.3452 reward=0.1941 reward_var=0.0004 unique=0.0400
D step=1/5 epoch=1/3 loss=0.3556 l2=0.2000 label_smoothing=0.050
D step=1/5 epoch=2/3 loss=0.3541 l2=0.2000 label_smoothing=0.050
D step=1/5 epoch=3/3 loss=0.3569 l2=0.2000 label_smoothing=0.050
D step=2/5 epoch=1/3 loss=0.3584 l2=0.2000 label_smoothing=0.050
D step=2/5 epoch=2/3 loss=0.3541 l2=0.2000 label_smoothing=0.050
D step=2/5 epoch=3/3 loss=0.3580 l2=0.2000 label_smoothing=0.050
D step=3/5 epoch=1/3 loss=0.3441 l2=0.2000 label_smoothing=0.050
D step=3/5 epoch=2/3 loss=0.3512 l2=0.2000 label_smoothing=0.050
D step=3/5 epoch=3/3 loss=0.3473 l2=0.2000 label_smoothing=0.050
D step=4/5 epoch=1/3 loss=0.3269 l2=0.2000 label_smoothing=0.050
D step=4/5 epoch=2/3 loss=0.3219 l2=0.2000 label_smoothing=0.050
D step=4/5 epoch=3/3 loss=0.3185 l2=0.2000 label_smoothing=0.050
D step=5/5 epoch=1/3 loss=0.3436 l2=0.2000 label_smoothing=0.050
D step=5/5 epoch=2/3 loss=0.3479 l2=0.2000 label_smoothing=0.050
D step=5/5 epoch=3/3 loss=0.3474 l2=0.2000 label_smoothing=0.050
ADV epoch=113/200 g_loss=0.0006 d_loss=0.3457 reward=0.1813 reward_var=0.0002 unique=0.0200
D step=1/5 epoch=1/3 loss=0.3459 l2=0.2000 label_smoothing=0.050
D step=1/5 epoch=2/3 loss=0.3484 l2=0.2000 label_smoothing=0.050
D step=1/5 epoch=3/3 loss=0.3463 l2=0.2000 label_smoothing=0.050
D step=2/5 epoch=1/3 loss=0.3373 l2=0.2000 label_smoothing=0.050
D step=2/5 epoch=2/3 loss=0.3354 l2=0.2000 label_smoothing=0.050
D step=2/5 epoch=3/3 loss=0.3359 l2=0.2000 label_smoothing=0.050
D step=3/5 epoch=1/3 loss=0.3347 l2=0.2000 label_smoothing=0.050
D step=3/5 epoch=2/3 loss=0.3382 l2=0.2000 label_smoothing=0.050
D step=3/5 epoch=3/3 loss=0.3360 l2=0.2000 label_smoothing=0.050
D step=4/5 epoch=1/3 loss=0.3238 l2=0.2000 label_smoothing=0.050
D step=4/5 epoch=2/3 loss=0.3185 l2=0.2000 label_smoothing=0.050
D step=4/5 epoch=3/3 loss=0.3175 l2=0.2000 label_smoothing=0.050
D step=5/5 epoch=1/3 loss=0.3462 l2=0.2000 label_smoothing=0.050
D step=5/5 epoch=2/3 loss=0.3477 l2=0.2000 label_smoothing=0.050
D step=5/5 epoch=3/3 loss=0.3406 l2=0.2000 label_smoothing=0.050
ADV epoch=114/200 g_loss=0.0006 d_loss=0.3368 reward=0.1805 reward_var=0.0003 unique=0.0600
D step=1/5 epoch=1/3 loss=0.3388 l2=0.2000 label_smoothing=0.050
D step=1/5 epoch=2/3 loss=0.3360 l2=0.2000 label_smoothing=0.050
D step=1/5 epoch=3/3 loss=0.3336 l2=0.2000 label_smoothing=0.050
D step=2/5 epoch=1/3 loss=0.2992 l2=0.2000 label_smoothing=0.050
D step=2/5 epoch=2/3 loss=0.2987 l2=0.2000 label_smoothing=0.050
D step=2/5 epoch=3/3 loss=0.2987 l2=0.2000 label_smoothing=0.050
D step=3/5 epoch=1/3 loss=0.3511 l2=0.2000 label_smoothing=0.050
D step=3/5 epoch=2/3 loss=0.3522 l2=0.2000 label_smoothing=0.050
D step=3/5 epoch=3/3 loss=0.3477 l2=0.2000 label_smoothing=0.050
D step=4/5 epoch=1/3 loss=0.3465 l2=0.2000 label_smoothing=0.050
D step=4/5 epoch=2/3 loss=0.3475 l2=0.2000 label_smoothing=0.050
D step=4/5 epoch=3/3 loss=0.3476 l2=0.2000 label_smoothing=0.050
D step=5/5 epoch=1/3 loss=0.3690 l2=0.2000 label_smoothing=0.050
D step=5/5 epoch=2/3 loss=0.3699 l2=0.2000 label_smoothing=0.050
D step=5/5 epoch=3/3 loss=0.3687 l2=0.2000 label_smoothing=0.050
ADV epoch=115/200 g_loss=0.0017 d_loss=0.3404 reward=0.1878 reward_var=0.0004 unique=0.0400
D step=1/5 epoch=1/3 loss=0.3414 l2=0.2000 label_smoothing=0.050
D step=1/5 epoch=2/3 loss=0.3313 l2=0.2000 label_smoothing=0.050
D step=1/5 epoch=3/3 loss=0.3355 l2=0.2000 label_smoothing=0.050
D step=2/5 epoch=1/3 loss=0.3388 l2=0.2000 label_smoothing=0.050
D step=2/5 epoch=2/3 loss=0.3360 l2=0.2000 label_smoothing=0.050
D step=2/5 epoch=3/3 loss=0.3376 l2=0.2000 label_smoothing=0.050
D step=3/5 epoch=1/3 loss=0.3571 l2=0.2000 label_smoothing=0.050
D step=3/5 epoch=2/3 loss=0.3581 l2=0.2000 label_smoothing=0.050
D step=3/5 epoch=3/3 loss=0.3606 l2=0.2000 label_smoothing=0.050
D step=4/5 epoch=1/3 loss=0.3429 l2=0.2000 label_smoothing=0.050
D step=4/5 epoch=2/3 loss=0.3435 l2=0.2000 label_smoothing=0.050
D step=4/5 epoch=3/3 loss=0.3427 l2=0.2000 label_smoothing=0.050
D step=5/5 epoch=1/3 loss=0.3605 l2=0.2000 label_smoothing=0.050
D step=5/5 epoch=2/3 loss=0.3608 l2=0.2000 label_smoothing=0.050
D step=5/5 epoch=3/3 loss=0.3608 l2=0.2000 label_smoothing=0.050
ADV epoch=116/200 g_loss=0.0005 d_loss=0.3472 reward=0.2293 reward_var=0.0002 unique=0.0400
D step=1/5 epoch=1/3 loss=0.3375 l2=0.2000 label_smoothing=0.050
D step=1/5 epoch=2/3 loss=0.3394 l2=0.2000 label_smoothing=0.050
D step=1/5 epoch=3/3 loss=0.3375 l2=0.2000 label_smoothing=0.050
D step=2/5 epoch=1/3 loss=0.3360 l2=0.2000 label_smoothing=0.050
D step=2/5 epoch=2/3 loss=0.3438 l2=0.2000 label_smoothing=0.050
D step=2/5 epoch=3/3 loss=0.3377 l2=0.2000 label_smoothing=0.050
D step=3/5 epoch=1/3 loss=0.3610 l2=0.2000 label_smoothing=0.050
D step=3/5 epoch=2/3 loss=0.3565 l2=0.2000 label_smoothing=0.050
D step=3/5 epoch=3/3 loss=0.3551 l2=0.2000 label_smoothing=0.050
D step=4/5 epoch=1/3 loss=0.3683 l2=0.2000 label_smoothing=0.050
D step=4/5 epoch=2/3 loss=0.3701 l2=0.2000 label_smoothing=0.050
D step=4/5 epoch=3/3 loss=0.3703 l2=0.2000 label_smoothing=0.050
D step=5/5 epoch=1/3 loss=0.3295 l2=0.2000 label_smoothing=0.050
D step=5/5 epoch=2/3 loss=0.3287 l2=0.2000 label_smoothing=0.050
D step=5/5 epoch=3/3 loss=0.3282 l2=0.2000 label_smoothing=0.050
ADV epoch=117/200 g_loss=0.0005 d_loss=0.3466 reward=0.2017 reward_var=0.0002 unique=0.0400
D step=1/5 epoch=1/3 loss=0.3445 l2=0.2000 label_smoothing=0.050
D step=1/5 epoch=2/3 loss=0.3483 l2=0.2000 label_smoothing=0.050
D step=1/5 epoch=3/3 loss=0.3451 l2=0.2000 label_smoothing=0.050
D step=2/5 epoch=1/3 loss=0.3498 l2=0.2000 label_smoothing=0.050
D step=2/5 epoch=2/3 loss=0.3457 l2=0.2000 label_smoothing=0.050
D step=2/5 epoch=3/3 loss=0.3505 l2=0.2000 label_smoothing=0.050
D step=3/5 epoch=1/3 loss=0.3449 l2=0.2000 label_smoothing=0.050
D step=3/5 epoch=2/3 loss=0.3440 l2=0.2000 label_smoothing=0.050
D step=3/5 epoch=3/3 loss=0.3495 l2=0.2000 label_smoothing=0.050
D step=4/5 epoch=1/3 loss=0.3568 l2=0.2000 label_smoothing=0.050
D step=4/5 epoch=2/3 loss=0.3622 l2=0.2000 label_smoothing=0.050
D step=4/5 epoch=3/3 loss=0.3611 l2=0.2000 label_smoothing=0.050
D step=5/5 epoch=1/3 loss=0.3261 l2=0.2000 label_smoothing=0.050
D step=5/5 epoch=2/3 loss=0.3271 l2=0.2000 label_smoothing=0.050
D step=5/5 epoch=3/3 loss=0.3225 l2=0.2000 label_smoothing=0.050
ADV epoch=118/200 g_loss=0.0005 d_loss=0.3452 reward=0.2100 reward_var=0.0002 unique=0.0200
D step=1/5 epoch=1/3 loss=0.3498 l2=0.2000 label_smoothing=0.050
D step=1/5 epoch=2/3 loss=0.3501 l2=0.2000 label_smoothing=0.050
D step=1/5 epoch=3/3 loss=0.3491 l2=0.2000 label_smoothing=0.050
D step=2/5 epoch=1/3 loss=0.3386 l2=0.2000 label_smoothing=0.050
D step=2/5 epoch=2/3 loss=0.3366 l2=0.2000 label_smoothing=0.050
D step=2/5 epoch=3/3 loss=0.3354 l2=0.2000 label_smoothing=0.050
D step=3/5 epoch=1/3 loss=0.3444 l2=0.2000 label_smoothing=0.050
D step=3/5 epoch=2/3 loss=0.3462 l2=0.2000 label_smoothing=0.050
D step=3/5 epoch=3/3 loss=0.3424 l2=0.2000 label_smoothing=0.050
D step=4/5 epoch=1/3 loss=0.3512 l2=0.2000 label_smoothing=0.050
D step=4/5 epoch=2/3 loss=0.3448 l2=0.2000 label_smoothing=0.050
D step=4/5 epoch=3/3 loss=0.3488 l2=0.2000 label_smoothing=0.050
D step=5/5 epoch=1/3 loss=0.3404 l2=0.2000 label_smoothing=0.050
D step=5/5 epoch=2/3 loss=0.3422 l2=0.2000 label_smoothing=0.050
D step=5/5 epoch=3/3 loss=0.3454 l2=0.2000 label_smoothing=0.050
ADV epoch=119/200 g_loss=0.0002 d_loss=0.3444 reward=0.1864 reward_var=0.0000 unique=0.0600
D step=1/5 epoch=1/3 loss=0.3484 l2=0.2000 label_smoothing=0.050
D step=1/5 epoch=2/3 loss=0.3445 l2=0.2000 label_smoothing=0.050
D step=1/5 epoch=3/3 loss=0.3464 l2=0.2000 label_smoothing=0.050
D step=2/5 epoch=1/3 loss=0.3311 l2=0.2000 label_smoothing=0.050
D step=2/5 epoch=2/3 loss=0.3359 l2=0.2000 label_smoothing=0.050
D step=2/5 epoch=3/3 loss=0.3328 l2=0.2000 label_smoothing=0.050
D step=3/5 epoch=1/3 loss=0.3344 l2=0.2000 label_smoothing=0.050
D step=3/5 epoch=2/3 loss=0.3354 l2=0.2000 label_smoothing=0.050
D step=3/5 epoch=3/3 loss=0.3337 l2=0.2000 label_smoothing=0.050
D step=4/5 epoch=1/3 loss=0.3464 l2=0.2000 label_smoothing=0.050
D step=4/5 epoch=2/3 loss=0.3462 l2=0.2000 label_smoothing=0.050
D step=4/5 epoch=3/3 loss=0.3477 l2=0.2000 label_smoothing=0.050
D step=5/5 epoch=1/3 loss=0.3367 l2=0.2000 label_smoothing=0.050
D step=5/5 epoch=2/3 loss=0.3338 l2=0.2000 label_smoothing=0.050
D step=5/5 epoch=3/3 loss=0.3339 l2=0.2000 label_smoothing=0.050
ADV epoch=120/200 g_loss=0.0028 d_loss=0.3391 reward=0.1943 reward_var=0.0013 unique=0.0600
D step=1/5 epoch=1/3 loss=0.3367 l2=0.2000 label_smoothing=0.050
D step=1/5 epoch=2/3 loss=0.3354 l2=0.2000 label_smoothing=0.050
D step=1/5 epoch=3/3 loss=0.3333 l2=0.2000 label_smoothing=0.050
D step=2/5 epoch=1/3 loss=0.3115 l2=0.2000 label_smoothing=0.050
D step=2/5 epoch=2/3 loss=0.3058 l2=0.2000 label_smoothing=0.050
D step=2/5 epoch=3/3 loss=0.3092 l2=0.2000 label_smoothing=0.050
D step=3/5 epoch=1/3 loss=0.3370 l2=0.2000 label_smoothing=0.050
D step=3/5 epoch=2/3 loss=0.3403 l2=0.2000 label_smoothing=0.050
D step=3/5 epoch=3/3 loss=0.3373 l2=0.2000 label_smoothing=0.050
D step=4/5 epoch=1/3 loss=0.3238 l2=0.2000 label_smoothing=0.050
D step=4/5 epoch=2/3 loss=0.3219 l2=0.2000 label_smoothing=0.050
D step=4/5 epoch=3/3 loss=0.3215 l2=0.2000 label_smoothing=0.050
D step=5/5 epoch=1/3 loss=0.3372 l2=0.2000 label_smoothing=0.050
D step=5/5 epoch=2/3 loss=0.3341 l2=0.2000 label_smoothing=0.050
D step=5/5 epoch=3/3 loss=0.3328 l2=0.2000 label_smoothing=0.050
ADV epoch=121/200 g_loss=0.0011 d_loss=0.3279 reward=0.1948 reward_var=0.0002 unique=0.0400
D step=1/5 epoch=1/3 loss=0.3604 l2=0.2000 label_smoothing=0.050
D step=1/5 epoch=2/3 loss=0.3568 l2=0.2000 label_smoothing=0.050
D step=1/5 epoch=3/3 loss=0.3556 l2=0.2000 label_smoothing=0.050
D step=2/5 epoch=1/3 loss=0.3441 l2=0.2000 label_smoothing=0.050
D step=2/5 epoch=2/3 loss=0.3453 l2=0.2000 label_smoothing=0.050
D step=2/5 epoch=3/3 loss=0.3475 l2=0.2000 label_smoothing=0.050
D step=3/5 epoch=1/3 loss=0.3479 l2=0.2000 label_smoothing=0.050
D step=3/5 epoch=2/3 loss=0.3496 l2=0.2000 label_smoothing=0.050
D step=3/5 epoch=3/3 loss=0.3482 l2=0.2000 label_smoothing=0.050
D step=4/5 epoch=1/3 loss=0.3456 l2=0.2000 label_smoothing=0.050
D step=4/5 epoch=2/3 loss=0.3458 l2=0.2000 label_smoothing=0.050
D step=4/5 epoch=3/3 loss=0.3494 l2=0.2000 label_smoothing=0.050
D step=5/5 epoch=1/3 loss=0.3347 l2=0.2000 label_smoothing=0.050
D step=5/5 epoch=2/3 loss=0.3317 l2=0.2000 label_smoothing=0.050
D step=5/5 epoch=3/3 loss=0.3341 l2=0.2000 label_smoothing=0.050
ADV epoch=122/200 g_loss=0.0002 d_loss=0.3464 reward=0.1871 reward_var=0.0000 unique=0.0200
D step=1/5 epoch=1/3 loss=0.3213 l2=0.2000 label_smoothing=0.050
D step=1/5 epoch=2/3 loss=0.3225 l2=0.2000 label_smoothing=0.050
D step=1/5 epoch=3/3 loss=0.3229 l2=0.2000 label_smoothing=0.050
D step=2/5 epoch=1/3 loss=0.3458 l2=0.2000 label_smoothing=0.050
D step=2/5 epoch=2/3 loss=0.3491 l2=0.2000 label_smoothing=0.050
D step=2/5 epoch=3/3 loss=0.3389 l2=0.2000 label_smoothing=0.050
D step=3/5 epoch=1/3 loss=0.3246 l2=0.2000 label_smoothing=0.050
D step=3/5 epoch=2/3 loss=0.3266 l2=0.2000 label_smoothing=0.050
D step=3/5 epoch=3/3 loss=0.3267 l2=0.2000 label_smoothing=0.050
D step=4/5 epoch=1/3 loss=0.3373 l2=0.2000 label_smoothing=0.050
D step=4/5 epoch=2/3 loss=0.3333 l2=0.2000 label_smoothing=0.050
D step=4/5 epoch=3/3 loss=0.3334 l2=0.2000 label_smoothing=0.050
D step=5/5 epoch=1/3 loss=0.3386 l2=0.2000 label_smoothing=0.050
D step=5/5 epoch=2/3 loss=0.3316 l2=0.2000 label_smoothing=0.050
D step=5/5 epoch=3/3 loss=0.3348 l2=0.2000 label_smoothing=0.050
ADV epoch=123/200 g_loss=0.0088 d_loss=0.3325 reward=0.1898 reward_var=0.0022 unique=0.0200
D step=1/5 epoch=1/3 loss=0.3474 l2=0.2000 label_smoothing=0.050
D step=1/5 epoch=2/3 loss=0.3483 l2=0.2000 label_smoothing=0.050
D step=1/5 epoch=3/3 loss=0.3453 l2=0.2000 label_smoothing=0.050
D step=2/5 epoch=1/3 loss=0.3584 l2=0.2000 label_smoothing=0.050
D step=2/5 epoch=2/3 loss=0.3594 l2=0.2000 label_smoothing=0.050
D step=2/5 epoch=3/3 loss=0.3555 l2=0.2000 label_smoothing=0.050
D step=3/5 epoch=1/3 loss=0.3195 l2=0.2000 label_smoothing=0.050
D step=3/5 epoch=2/3 loss=0.3260 l2=0.2000 label_smoothing=0.050
D step=3/5 epoch=3/3 loss=0.3214 l2=0.2000 label_smoothing=0.050
D step=4/5 epoch=1/3 loss=0.2997 l2=0.2000 label_smoothing=0.050
D step=4/5 epoch=2/3 loss=0.2940 l2=0.2000 label_smoothing=0.050
D step=4/5 epoch=3/3 loss=0.3024 l2=0.2000 label_smoothing=0.050
D step=5/5 epoch=1/3 loss=0.3213 l2=0.2000 label_smoothing=0.050
D step=5/5 epoch=2/3 loss=0.3247 l2=0.2000 label_smoothing=0.050
D step=5/5 epoch=3/3 loss=0.3219 l2=0.2000 label_smoothing=0.050
ADV epoch=124/200 g_loss=0.0004 d_loss=0.3297 reward=0.1783 reward_var=0.0003 unique=0.0200
D step=1/5 epoch=1/3 loss=0.3250 l2=0.2000 label_smoothing=0.050
D step=1/5 epoch=2/3 loss=0.3190 l2=0.2000 label_smoothing=0.050
D step=1/5 epoch=3/3 loss=0.3187 l2=0.2000 label_smoothing=0.050
D step=2/5 epoch=1/3 loss=0.3399 l2=0.2000 label_smoothing=0.050
D step=2/5 epoch=2/3 loss=0.3411 l2=0.2000 label_smoothing=0.050
D step=2/5 epoch=3/3 loss=0.3342 l2=0.2000 label_smoothing=0.050
D step=3/5 epoch=1/3 loss=0.3097 l2=0.2000 label_smoothing=0.050
D step=3/5 epoch=2/3 loss=0.3117 l2=0.2000 label_smoothing=0.050
D step=3/5 epoch=3/3 loss=0.3084 l2=0.2000 label_smoothing=0.050
D step=4/5 epoch=1/3 loss=0.3598 l2=0.2000 label_smoothing=0.050
D step=4/5 epoch=2/3 loss=0.3612 l2=0.2000 label_smoothing=0.050
D step=4/5 epoch=3/3 loss=0.3640 l2=0.2000 label_smoothing=0.050
D step=5/5 epoch=1/3 loss=0.3236 l2=0.2000 label_smoothing=0.050
D step=5/5 epoch=2/3 loss=0.3245 l2=0.2000 label_smoothing=0.050
D step=5/5 epoch=3/3 loss=0.3229 l2=0.2000 label_smoothing=0.050
ADV epoch=125/200 g_loss=0.0007 d_loss=0.3309 reward=0.1549 reward_var=0.0000 unique=0.0800
D step=1/5 epoch=1/3 loss=0.3470 l2=0.2000 label_smoothing=0.050
D step=1/5 epoch=2/3 loss=0.3453 l2=0.2000 label_smoothing=0.050
D step=1/5 epoch=3/3 loss=0.3469 l2=0.2000 label_smoothing=0.050
D step=2/5 epoch=1/3 loss=0.3287 l2=0.2000 label_smoothing=0.050
D step=2/5 epoch=2/3 loss=0.3260 l2=0.2000 label_smoothing=0.050
D step=2/5 epoch=3/3 loss=0.3174 l2=0.2000 label_smoothing=0.050
D step=3/5 epoch=1/3 loss=0.3490 l2=0.2000 label_smoothing=0.050
D step=3/5 epoch=2/3 loss=0.3503 l2=0.2000 label_smoothing=0.050
D step=3/5 epoch=3/3 loss=0.3483 l2=0.2000 label_smoothing=0.050
D step=4/5 epoch=1/3 loss=0.3515 l2=0.2000 label_smoothing=0.050
D step=4/5 epoch=2/3 loss=0.3492 l2=0.2000 label_smoothing=0.050
D step=4/5 epoch=3/3 loss=0.3446 l2=0.2000 label_smoothing=0.050
D step=5/5 epoch=1/3 loss=0.3569 l2=0.2000 label_smoothing=0.050
D step=5/5 epoch=2/3 loss=0.3553 l2=0.2000 label_smoothing=0.050
D step=5/5 epoch=3/3 loss=0.3557 l2=0.2000 label_smoothing=0.050
ADV epoch=126/200 g_loss=0.0015 d_loss=0.3448 reward=0.1884 reward_var=0.0005 unique=0.0200
D step=1/5 epoch=1/3 loss=0.3445 l2=0.2000 label_smoothing=0.050
D step=1/5 epoch=2/3 loss=0.3459 l2=0.2000 label_smoothing=0.050
D step=1/5 epoch=3/3 loss=0.3430 l2=0.2000 label_smoothing=0.050
D step=2/5 epoch=1/3 loss=0.3002 l2=0.2000 label_smoothing=0.050
D step=2/5 epoch=2/3 loss=0.2964 l2=0.2000 label_smoothing=0.050
D step=2/5 epoch=3/3 loss=0.3014 l2=0.2000 label_smoothing=0.050
D step=3/5 epoch=1/3 loss=0.3454 l2=0.2000 label_smoothing=0.050
D step=3/5 epoch=2/3 loss=0.3404 l2=0.2000 label_smoothing=0.050
D step=3/5 epoch=3/3 loss=0.3466 l2=0.2000 label_smoothing=0.050
D step=4/5 epoch=1/3 loss=0.3328 l2=0.2000 label_smoothing=0.050
D step=4/5 epoch=2/3 loss=0.3281 l2=0.2000 label_smoothing=0.050
D step=4/5 epoch=3/3 loss=0.3309 l2=0.2000 label_smoothing=0.050
D step=5/5 epoch=1/3 loss=0.3499 l2=0.2000 label_smoothing=0.050
D step=5/5 epoch=2/3 loss=0.3455 l2=0.2000 label_smoothing=0.050
D step=5/5 epoch=3/3 loss=0.3466 l2=0.2000 label_smoothing=0.050
ADV epoch=127/200 g_loss=0.0009 d_loss=0.3332 reward=0.2013 reward_var=0.0005 unique=0.0800
D step=1/5 epoch=1/3 loss=0.3369 l2=0.2000 label_smoothing=0.050
D step=1/5 epoch=2/3 loss=0.3362 l2=0.2000 label_smoothing=0.050
D step=1/5 epoch=3/3 loss=0.3348 l2=0.2000 label_smoothing=0.050
D step=2/5 epoch=1/3 loss=0.3320 l2=0.2000 label_smoothing=0.050
D step=2/5 epoch=2/3 loss=0.3325 l2=0.2000 label_smoothing=0.050
D step=2/5 epoch=3/3 loss=0.3352 l2=0.2000 label_smoothing=0.050
D step=3/5 epoch=1/3 loss=0.3498 l2=0.2000 label_smoothing=0.050
D step=3/5 epoch=2/3 loss=0.3497 l2=0.2000 label_smoothing=0.050
D step=3/5 epoch=3/3 loss=0.3457 l2=0.2000 label_smoothing=0.050
D step=4/5 epoch=1/3 loss=0.3328 l2=0.2000 label_smoothing=0.050
D step=4/5 epoch=2/3 loss=0.3351 l2=0.2000 label_smoothing=0.050
D step=4/5 epoch=3/3 loss=0.3361 l2=0.2000 label_smoothing=0.050
D step=5/5 epoch=1/3 loss=0.3643 l2=0.2000 label_smoothing=0.050
D step=5/5 epoch=2/3 loss=0.3618 l2=0.2000 label_smoothing=0.050
D step=5/5 epoch=3/3 loss=0.3582 l2=0.2000 label_smoothing=0.050
ADV epoch=128/200 g_loss=0.0012 d_loss=0.3427 reward=0.2135 reward_var=0.0007 unique=0.0600
D step=1/5 epoch=1/3 loss=0.3616 l2=0.2000 label_smoothing=0.050
D step=1/5 epoch=2/3 loss=0.3567 l2=0.2000 label_smoothing=0.050
D step=1/5 epoch=3/3 loss=0.3593 l2=0.2000 label_smoothing=0.050
D step=2/5 epoch=1/3 loss=0.3507 l2=0.2000 label_smoothing=0.050
D step=2/5 epoch=2/3 loss=0.3494 l2=0.2000 label_smoothing=0.050
D step=2/5 epoch=3/3 loss=0.3483 l2=0.2000 label_smoothing=0.050
D step=3/5 epoch=1/3 loss=0.3364 l2=0.2000 label_smoothing=0.050
D step=3/5 epoch=2/3 loss=0.3336 l2=0.2000 label_smoothing=0.050
D step=3/5 epoch=3/3 loss=0.3347 l2=0.2000 label_smoothing=0.050
D step=4/5 epoch=1/3 loss=0.3278 l2=0.2000 label_smoothing=0.050
D step=4/5 epoch=2/3 loss=0.3265 l2=0.2000 label_smoothing=0.050
D step=4/5 epoch=3/3 loss=0.3282 l2=0.2000 label_smoothing=0.050
D step=5/5 epoch=1/3 loss=0.3620 l2=0.2000 label_smoothing=0.050
D step=5/5 epoch=2/3 loss=0.3578 l2=0.2000 label_smoothing=0.050
D step=5/5 epoch=3/3 loss=0.3630 l2=0.2000 label_smoothing=0.050
ADV epoch=129/200 g_loss=0.0021 d_loss=0.3464 reward=0.1922 reward_var=0.0006 unique=0.0800
D step=1/5 epoch=1/3 loss=0.3212 l2=0.2000 label_smoothing=0.050
D step=1/5 epoch=2/3 loss=0.3225 l2=0.2000 label_smoothing=0.050
D step=1/5 epoch=3/3 loss=0.3199 l2=0.2000 label_smoothing=0.050
D step=2/5 epoch=1/3 loss=0.3347 l2=0.2000 label_smoothing=0.050
D step=2/5 epoch=2/3 loss=0.3352 l2=0.2000 label_smoothing=0.050
D step=2/5 epoch=3/3 loss=0.3369 l2=0.2000 label_smoothing=0.050
D step=3/5 epoch=1/3 loss=0.3318 l2=0.2000 label_smoothing=0.050
D step=3/5 epoch=2/3 loss=0.3366 l2=0.2000 label_smoothing=0.050
D step=3/5 epoch=3/3 loss=0.3386 l2=0.2000 label_smoothing=0.050
D step=4/5 epoch=1/3 loss=0.3229 l2=0.2000 label_smoothing=0.050
D step=4/5 epoch=2/3 loss=0.3212 l2=0.2000 label_smoothing=0.050
D step=4/5 epoch=3/3 loss=0.3242 l2=0.2000 label_smoothing=0.050
D step=5/5 epoch=1/3 loss=0.3511 l2=0.2000 label_smoothing=0.050
D step=5/5 epoch=2/3 loss=0.3452 l2=0.2000 label_smoothing=0.050
D step=5/5 epoch=3/3 loss=0.3419 l2=0.2000 label_smoothing=0.050
ADV epoch=130/200 g_loss=0.0012 d_loss=0.3323 reward=0.1889 reward_var=0.0009 unique=0.1000
D step=1/5 epoch=1/3 loss=0.3314 l2=0.2000 label_smoothing=0.050
D step=1/5 epoch=2/3 loss=0.3308 l2=0.2000 label_smoothing=0.050
D step=1/5 epoch=3/3 loss=0.3318 l2=0.2000 label_smoothing=0.050
D step=2/5 epoch=1/3 loss=0.3324 l2=0.2000 label_smoothing=0.050
D step=2/5 epoch=2/3 loss=0.3332 l2=0.2000 label_smoothing=0.050
D step=2/5 epoch=3/3 loss=0.3265 l2=0.2000 label_smoothing=0.050
D step=3/5 epoch=1/3 loss=0.3205 l2=0.2000 label_smoothing=0.050
D step=3/5 epoch=2/3 loss=0.3255 l2=0.2000 label_smoothing=0.050
D step=3/5 epoch=3/3 loss=0.3231 l2=0.2000 label_smoothing=0.050
D step=4/5 epoch=1/3 loss=0.3249 l2=0.2000 label_smoothing=0.050
D step=4/5 epoch=2/3 loss=0.3261 l2=0.2000 label_smoothing=0.050
D step=4/5 epoch=3/3 loss=0.3253 l2=0.2000 label_smoothing=0.050
D step=5/5 epoch=1/3 loss=0.3212 l2=0.2000 label_smoothing=0.050
D step=5/5 epoch=2/3 loss=0.3199 l2=0.2000 label_smoothing=0.050
D step=5/5 epoch=3/3 loss=0.3212 l2=0.2000 label_smoothing=0.050
ADV epoch=131/200 g_loss=0.0013 d_loss=0.3262 reward=0.1909 reward_var=0.0011 unique=0.0600
D step=1/5 epoch=1/3 loss=0.3209 l2=0.2000 label_smoothing=0.050
D step=1/5 epoch=2/3 loss=0.3214 l2=0.2000 label_smoothing=0.050
D step=1/5 epoch=3/3 loss=0.3238 l2=0.2000 label_smoothing=0.050
D step=2/5 epoch=1/3 loss=0.3107 l2=0.2000 label_smoothing=0.050
D step=2/5 epoch=2/3 loss=0.3092 l2=0.2000 label_smoothing=0.050
D step=2/5 epoch=3/3 loss=0.3093 l2=0.2000 label_smoothing=0.050
D step=3/5 epoch=1/3 loss=0.3114 l2=0.2000 label_smoothing=0.050
D step=3/5 epoch=2/3 loss=0.3089 l2=0.2000 label_smoothing=0.050
D step=3/5 epoch=3/3 loss=0.3037 l2=0.2000 label_smoothing=0.050
D step=4/5 epoch=1/3 loss=0.3338 l2=0.2000 label_smoothing=0.050
D step=4/5 epoch=2/3 loss=0.3357 l2=0.2000 label_smoothing=0.050
D step=4/5 epoch=3/3 loss=0.3360 l2=0.2000 label_smoothing=0.050
D step=5/5 epoch=1/3 loss=0.3367 l2=0.2000 label_smoothing=0.050
D step=5/5 epoch=2/3 loss=0.3375 l2=0.2000 label_smoothing=0.050
D step=5/5 epoch=3/3 loss=0.3351 l2=0.2000 label_smoothing=0.050
ADV epoch=132/200 g_loss=0.0010 d_loss=0.3223 reward=0.1742 reward_var=0.0006 unique=0.0800
D step=1/5 epoch=1/3 loss=0.3329 l2=0.2000 label_smoothing=0.050
D step=1/5 epoch=2/3 loss=0.3313 l2=0.2000 label_smoothing=0.050
D step=1/5 epoch=3/3 loss=0.3324 l2=0.2000 label_smoothing=0.050
D step=2/5 epoch=1/3 loss=0.3242 l2=0.2000 label_smoothing=0.050
D step=2/5 epoch=2/3 loss=0.3190 l2=0.2000 label_smoothing=0.050
D step=2/5 epoch=3/3 loss=0.3220 l2=0.2000 label_smoothing=0.050
D step=3/5 epoch=1/3 loss=0.3518 l2=0.2000 label_smoothing=0.050
D step=3/5 epoch=2/3 loss=0.3436 l2=0.2000 label_smoothing=0.050
D step=3/5 epoch=3/3 loss=0.3475 l2=0.2000 label_smoothing=0.050
D step=4/5 epoch=1/3 loss=0.3330 l2=0.2000 label_smoothing=0.050
D step=4/5 epoch=2/3 loss=0.3373 l2=0.2000 label_smoothing=0.050
D step=4/5 epoch=3/3 loss=0.3347 l2=0.2000 label_smoothing=0.050
D step=5/5 epoch=1/3 loss=0.3335 l2=0.2000 label_smoothing=0.050
D step=5/5 epoch=2/3 loss=0.3354 l2=0.2000 label_smoothing=0.050
D step=5/5 epoch=3/3 loss=0.3335 l2=0.2000 label_smoothing=0.050
ADV epoch=133/200 g_loss=0.0008 d_loss=0.3341 reward=0.1972 reward_var=0.0004 unique=0.0800
D step=1/5 epoch=1/3 loss=0.3591 l2=0.2000 label_smoothing=0.050
D step=1/5 epoch=2/3 loss=0.3608 l2=0.2000 label_smoothing=0.050
D step=1/5 epoch=3/3 loss=0.3548 l2=0.2000 label_smoothing=0.050
D step=2/5 epoch=1/3 loss=0.3235 l2=0.2000 label_smoothing=0.050
D step=2/5 epoch=2/3 loss=0.3224 l2=0.2000 label_smoothing=0.050
D step=2/5 epoch=3/3 loss=0.3239 l2=0.2000 label_smoothing=0.050
D step=3/5 epoch=1/3 loss=0.3353 l2=0.2000 label_smoothing=0.050
D step=3/5 epoch=2/3 loss=0.3364 l2=0.2000 label_smoothing=0.050
D step=3/5 epoch=3/3 loss=0.3318 l2=0.2000 label_smoothing=0.050
D step=4/5 epoch=1/3 loss=0.3511 l2=0.2000 label_smoothing=0.050
D step=4/5 epoch=2/3 loss=0.3437 l2=0.2000 label_smoothing=0.050
D step=4/5 epoch=3/3 loss=0.3471 l2=0.2000 label_smoothing=0.050
D step=5/5 epoch=1/3 loss=0.3200 l2=0.2000 label_smoothing=0.050
D step=5/5 epoch=2/3 loss=0.3237 l2=0.2000 label_smoothing=0.050
D step=5/5 epoch=3/3 loss=0.3180 l2=0.2000 label_smoothing=0.050
ADV epoch=134/200 g_loss=0.0003 d_loss=0.3368 reward=0.1978 reward_var=0.0000 unique=0.0600
D step=1/5 epoch=1/3 loss=0.3400 l2=0.2000 label_smoothing=0.050
D step=1/5 epoch=2/3 loss=0.3333 l2=0.2000 label_smoothing=0.050
D step=1/5 epoch=3/3 loss=0.3362 l2=0.2000 label_smoothing=0.050
D step=2/5 epoch=1/3 loss=0.3303 l2=0.2000 label_smoothing=0.050
D step=2/5 epoch=2/3 loss=0.3367 l2=0.2000 label_smoothing=0.050
D step=2/5 epoch=3/3 loss=0.3340 l2=0.2000 label_smoothing=0.050
D step=3/5 epoch=1/3 loss=0.3425 l2=0.2000 label_smoothing=0.050
D step=3/5 epoch=2/3 loss=0.3445 l2=0.2000 label_smoothing=0.050
D step=3/5 epoch=3/3 loss=0.3503 l2=0.2000 label_smoothing=0.050
D step=4/5 epoch=1/3 loss=0.3244 l2=0.2000 label_smoothing=0.050
D step=4/5 epoch=2/3 loss=0.3221 l2=0.2000 label_smoothing=0.050
D step=4/5 epoch=3/3 loss=0.3251 l2=0.2000 label_smoothing=0.050
D step=5/5 epoch=1/3 loss=0.3205 l2=0.2000 label_smoothing=0.050
D step=5/5 epoch=2/3 loss=0.3264 l2=0.2000 label_smoothing=0.050
D step=5/5 epoch=3/3 loss=0.3270 l2=0.2000 label_smoothing=0.050
ADV epoch=135/200 g_loss=0.0002 d_loss=0.3329 reward=0.1850 reward_var=0.0000 unique=0.0400
D step=1/5 epoch=1/3 loss=0.3209 l2=0.2000 label_smoothing=0.050
D step=1/5 epoch=2/3 loss=0.3285 l2=0.2000 label_smoothing=0.050
D step=1/5 epoch=3/3 loss=0.3237 l2=0.2000 label_smoothing=0.050
D step=2/5 epoch=1/3 loss=0.3237 l2=0.2000 label_smoothing=0.050
D step=2/5 epoch=2/3 loss=0.3198 l2=0.2000 label_smoothing=0.050
D step=2/5 epoch=3/3 loss=0.3219 l2=0.2000 label_smoothing=0.050
D step=3/5 epoch=1/3 loss=0.3527 l2=0.2000 label_smoothing=0.050
D step=3/5 epoch=2/3 loss=0.3492 l2=0.2000 label_smoothing=0.050
D step=3/5 epoch=3/3 loss=0.3478 l2=0.2000 label_smoothing=0.050
D step=4/5 epoch=1/3 loss=0.3384 l2=0.2000 label_smoothing=0.050
D step=4/5 epoch=2/3 loss=0.3310 l2=0.2000 label_smoothing=0.050
D step=4/5 epoch=3/3 loss=0.3389 l2=0.2000 label_smoothing=0.050
D step=5/5 epoch=1/3 loss=0.3432 l2=0.2000 label_smoothing=0.050
D step=5/5 epoch=2/3 loss=0.3425 l2=0.2000 label_smoothing=0.050
D step=5/5 epoch=3/3 loss=0.3435 l2=0.2000 label_smoothing=0.050
ADV epoch=136/200 g_loss=0.0002 d_loss=0.3351 reward=0.1751 reward_var=0.0000 unique=0.0200
D step=1/5 epoch=1/3 loss=0.3466 l2=0.2000 label_smoothing=0.050
D step=1/5 epoch=2/3 loss=0.3484 l2=0.2000 label_smoothing=0.050
D step=1/5 epoch=3/3 loss=0.3488 l2=0.2000 label_smoothing=0.050
D step=2/5 epoch=1/3 loss=0.3371 l2=0.2000 label_smoothing=0.050
D step=2/5 epoch=2/3 loss=0.3353 l2=0.2000 label_smoothing=0.050
D step=2/5 epoch=3/3 loss=0.3298 l2=0.2000 label_smoothing=0.050
D step=3/5 epoch=1/3 loss=0.3212 l2=0.2000 label_smoothing=0.050
D step=3/5 epoch=2/3 loss=0.3236 l2=0.2000 label_smoothing=0.050
D step=3/5 epoch=3/3 loss=0.3219 l2=0.2000 label_smoothing=0.050
D step=4/5 epoch=1/3 loss=0.3328 l2=0.2000 label_smoothing=0.050
D step=4/5 epoch=2/3 loss=0.3331 l2=0.2000 label_smoothing=0.050
D step=4/5 epoch=3/3 loss=0.3309 l2=0.2000 label_smoothing=0.050
D step=5/5 epoch=1/3 loss=0.3507 l2=0.2000 label_smoothing=0.050
D step=5/5 epoch=2/3 loss=0.3468 l2=0.2000 label_smoothing=0.050
D step=5/5 epoch=3/3 loss=0.3518 l2=0.2000 label_smoothing=0.050
ADV epoch=137/200 g_loss=0.0004 d_loss=0.3373 reward=0.1933 reward_var=0.0004 unique=0.0600
D step=1/5 epoch=1/3 loss=0.3392 l2=0.2000 label_smoothing=0.050
D step=1/5 epoch=2/3 loss=0.3359 l2=0.2000 label_smoothing=0.050
D step=1/5 epoch=3/3 loss=0.3357 l2=0.2000 label_smoothing=0.050
D step=2/5 epoch=1/3 loss=0.3462 l2=0.2000 label_smoothing=0.050
D step=2/5 epoch=2/3 loss=0.3466 l2=0.2000 label_smoothing=0.050
D step=2/5 epoch=3/3 loss=0.3544 l2=0.2000 label_smoothing=0.050
D step=3/5 epoch=1/3 loss=0.3362 l2=0.2000 label_smoothing=0.050
D step=3/5 epoch=2/3 loss=0.3383 l2=0.2000 label_smoothing=0.050
D step=3/5 epoch=3/3 loss=0.3374 l2=0.2000 label_smoothing=0.050
D step=4/5 epoch=1/3 loss=0.3367 l2=0.2000 label_smoothing=0.050
D step=4/5 epoch=2/3 loss=0.3395 l2=0.2000 label_smoothing=0.050
D step=4/5 epoch=3/3 loss=0.3355 l2=0.2000 label_smoothing=0.050
D step=5/5 epoch=1/3 loss=0.3481 l2=0.2000 label_smoothing=0.050
D step=5/5 epoch=2/3 loss=0.3431 l2=0.2000 label_smoothing=0.050
D step=5/5 epoch=3/3 loss=0.3451 l2=0.2000 label_smoothing=0.050
ADV epoch=138/200 g_loss=0.0003 d_loss=0.3412 reward=0.1946 reward_var=0.0004 unique=0.0600
D step=1/5 epoch=1/3 loss=0.3461 l2=0.2000 label_smoothing=0.050
D step=1/5 epoch=2/3 loss=0.3443 l2=0.2000 label_smoothing=0.050
D step=1/5 epoch=3/3 loss=0.3470 l2=0.2000 label_smoothing=0.050
D step=2/5 epoch=1/3 loss=0.3106 l2=0.2000 label_smoothing=0.050
D step=2/5 epoch=2/3 loss=0.3157 l2=0.2000 label_smoothing=0.050
D step=2/5 epoch=3/3 loss=0.3138 l2=0.2000 label_smoothing=0.050
D step=3/5 epoch=1/3 loss=0.3217 l2=0.2000 label_smoothing=0.050
D step=3/5 epoch=2/3 loss=0.3202 l2=0.2000 label_smoothing=0.050
D step=3/5 epoch=3/3 loss=0.3208 l2=0.2000 label_smoothing=0.050
D step=4/5 epoch=1/3 loss=0.3093 l2=0.2000 label_smoothing=0.050
D step=4/5 epoch=2/3 loss=0.3114 l2=0.2000 label_smoothing=0.050
D step=4/5 epoch=3/3 loss=0.3117 l2=0.2000 label_smoothing=0.050
D step=5/5 epoch=1/3 loss=0.3322 l2=0.2000 label_smoothing=0.050
D step=5/5 epoch=2/3 loss=0.3432 l2=0.2000 label_smoothing=0.050
D step=5/5 epoch=3/3 loss=0.3358 l2=0.2000 label_smoothing=0.050
ADV epoch=139/200 g_loss=0.0009 d_loss=0.3256 reward=0.1915 reward_var=0.0004 unique=0.0400
D step=1/5 epoch=1/3 loss=0.3275 l2=0.2000 label_smoothing=0.050
D step=1/5 epoch=2/3 loss=0.3288 l2=0.2000 label_smoothing=0.050
D step=1/5 epoch=3/3 loss=0.3230 l2=0.2000 label_smoothing=0.050
D step=2/5 epoch=1/3 loss=0.2885 l2=0.2000 label_smoothing=0.050
D step=2/5 epoch=2/3 loss=0.2883 l2=0.2000 label_smoothing=0.050
D step=2/5 epoch=3/3 loss=0.2830 l2=0.2000 label_smoothing=0.050
D step=3/5 epoch=1/3 loss=0.3534 l2=0.2000 label_smoothing=0.050
D step=3/5 epoch=2/3 loss=0.3553 l2=0.2000 label_smoothing=0.050
D step=3/5 epoch=3/3 loss=0.3501 l2=0.2000 label_smoothing=0.050
D step=4/5 epoch=1/3 loss=0.3235 l2=0.2000 label_smoothing=0.050
D step=4/5 epoch=2/3 loss=0.3257 l2=0.2000 label_smoothing=0.050
D step=4/5 epoch=3/3 loss=0.3195 l2=0.2000 label_smoothing=0.050
D step=5/5 epoch=1/3 loss=0.3378 l2=0.2000 label_smoothing=0.050
D step=5/5 epoch=2/3 loss=0.3370 l2=0.2000 label_smoothing=0.050
D step=5/5 epoch=3/3 loss=0.3367 l2=0.2000 label_smoothing=0.050
ADV epoch=140/200 g_loss=0.0007 d_loss=0.3252 reward=0.1827 reward_var=0.0003 unique=0.0200
D step=1/5 epoch=1/3 loss=0.3134 l2=0.2000 label_smoothing=0.050
D step=1/5 epoch=2/3 loss=0.3146 l2=0.2000 label_smoothing=0.050
D step=1/5 epoch=3/3 loss=0.3175 l2=0.2000 label_smoothing=0.050
D step=2/5 epoch=1/3 loss=0.3359 l2=0.2000 label_smoothing=0.050
D step=2/5 epoch=2/3 loss=0.3407 l2=0.2000 label_smoothing=0.050
D step=2/5 epoch=3/3 loss=0.3342 l2=0.2000 label_smoothing=0.050
D step=3/5 epoch=1/3 loss=0.3198 l2=0.2000 label_smoothing=0.050
D step=3/5 epoch=2/3 loss=0.3260 l2=0.2000 label_smoothing=0.050
D step=3/5 epoch=3/3 loss=0.3199 l2=0.2000 label_smoothing=0.050
D step=4/5 epoch=1/3 loss=0.3649 l2=0.2000 label_smoothing=0.050
D step=4/5 epoch=2/3 loss=0.3624 l2=0.2000 label_smoothing=0.050
D step=4/5 epoch=3/3 loss=0.3618 l2=0.2000 label_smoothing=0.050
D step=5/5 epoch=1/3 loss=0.3487 l2=0.2000 label_smoothing=0.050
D step=5/5 epoch=2/3 loss=0.3494 l2=0.2000 label_smoothing=0.050
D step=5/5 epoch=3/3 loss=0.3520 l2=0.2000 label_smoothing=0.050
ADV epoch=141/200 g_loss=0.0007 d_loss=0.3374 reward=0.1943 reward_var=0.0001 unique=0.0800
D step=1/5 epoch=1/3 loss=0.3578 l2=0.2000 label_smoothing=0.050
D step=1/5 epoch=2/3 loss=0.3564 l2=0.2000 label_smoothing=0.050
D step=1/5 epoch=3/3 loss=0.3549 l2=0.2000 label_smoothing=0.050
D step=2/5 epoch=1/3 loss=0.3273 l2=0.2000 label_smoothing=0.050
D step=2/5 epoch=2/3 loss=0.3254 l2=0.2000 label_smoothing=0.050
D step=2/5 epoch=3/3 loss=0.3217 l2=0.2000 label_smoothing=0.050
D step=3/5 epoch=1/3 loss=0.3484 l2=0.2000 label_smoothing=0.050
D step=3/5 epoch=2/3 loss=0.3458 l2=0.2000 label_smoothing=0.050
D step=3/5 epoch=3/3 loss=0.3468 l2=0.2000 label_smoothing=0.050
D step=4/5 epoch=1/3 loss=0.3205 l2=0.2000 label_smoothing=0.050
D step=4/5 epoch=2/3 loss=0.3195 l2=0.2000 label_smoothing=0.050
D step=4/5 epoch=3/3 loss=0.3260 l2=0.2000 label_smoothing=0.050
D step=5/5 epoch=1/3 loss=0.3444 l2=0.2000 label_smoothing=0.050
D step=5/5 epoch=2/3 loss=0.3415 l2=0.2000 label_smoothing=0.050
D step=5/5 epoch=3/3 loss=0.3475 l2=0.2000 label_smoothing=0.050
ADV epoch=142/200 g_loss=0.0024 d_loss=0.3389 reward=0.2045 reward_var=0.0003 unique=0.0400
D step=1/5 epoch=1/3 loss=0.3337 l2=0.2000 label_smoothing=0.050
D step=1/5 epoch=2/3 loss=0.3308 l2=0.2000 label_smoothing=0.050
D step=1/5 epoch=3/3 loss=0.3339 l2=0.2000 label_smoothing=0.050
D step=2/5 epoch=1/3 loss=0.3236 l2=0.2000 label_smoothing=0.050
D step=2/5 epoch=2/3 loss=0.3202 l2=0.2000 label_smoothing=0.050
D step=2/5 epoch=3/3 loss=0.3171 l2=0.2000 label_smoothing=0.050
D step=3/5 epoch=1/3 loss=0.3519 l2=0.2000 label_smoothing=0.050
D step=3/5 epoch=2/3 loss=0.3464 l2=0.2000 label_smoothing=0.050
D step=3/5 epoch=3/3 loss=0.3501 l2=0.2000 label_smoothing=0.050
D step=4/5 epoch=1/3 loss=0.3195 l2=0.2000 label_smoothing=0.050
D step=4/5 epoch=2/3 loss=0.3233 l2=0.2000 label_smoothing=0.050
D step=4/5 epoch=3/3 loss=0.3234 l2=0.2000 label_smoothing=0.050
D step=5/5 epoch=1/3 loss=0.3459 l2=0.2000 label_smoothing=0.050
D step=5/5 epoch=2/3 loss=0.3445 l2=0.2000 label_smoothing=0.050
D step=5/5 epoch=3/3 loss=0.3424 l2=0.2000 label_smoothing=0.050
ADV epoch=143/200 g_loss=0.0015 d_loss=0.3338 reward=0.1889 reward_var=0.0003 unique=0.0600
D step=1/5 epoch=1/3 loss=0.3288 l2=0.2000 label_smoothing=0.050
D step=1/5 epoch=2/3 loss=0.3236 l2=0.2000 label_smoothing=0.050
D step=1/5 epoch=3/3 loss=0.3210 l2=0.2000 label_smoothing=0.050
D step=2/5 epoch=1/3 loss=0.3490 l2=0.2000 label_smoothing=0.050
D step=2/5 epoch=2/3 loss=0.3464 l2=0.2000 label_smoothing=0.050
D step=2/5 epoch=3/3 loss=0.3479 l2=0.2000 label_smoothing=0.050
D step=3/5 epoch=1/3 loss=0.3316 l2=0.2000 label_smoothing=0.050
D step=3/5 epoch=2/3 loss=0.3332 l2=0.2000 label_smoothing=0.050
D step=3/5 epoch=3/3 loss=0.3303 l2=0.2000 label_smoothing=0.050
D step=4/5 epoch=1/3 loss=0.3317 l2=0.2000 label_smoothing=0.050
D step=4/5 epoch=2/3 loss=0.3383 l2=0.2000 label_smoothing=0.050
D step=4/5 epoch=3/3 loss=0.3371 l2=0.2000 label_smoothing=0.050
D step=5/5 epoch=1/3 loss=0.3467 l2=0.2000 label_smoothing=0.050
D step=5/5 epoch=2/3 loss=0.3507 l2=0.2000 label_smoothing=0.050
D step=5/5 epoch=3/3 loss=0.3520 l2=0.2000 label_smoothing=0.050
ADV epoch=144/200 g_loss=0.0029 d_loss=0.3379 reward=0.1787 reward_var=0.0009 unique=0.0200
D step=1/5 epoch=1/3 loss=0.3203 l2=0.2000 label_smoothing=0.050
D step=1/5 epoch=2/3 loss=0.3234 l2=0.2000 label_smoothing=0.050
D step=1/5 epoch=3/3 loss=0.3259 l2=0.2000 label_smoothing=0.050
D step=2/5 epoch=1/3 loss=0.3488 l2=0.2000 label_smoothing=0.050
D step=2/5 epoch=2/3 loss=0.3485 l2=0.2000 label_smoothing=0.050
D step=2/5 epoch=3/3 loss=0.3499 l2=0.2000 label_smoothing=0.050
D step=3/5 epoch=1/3 loss=0.3350 l2=0.2000 label_smoothing=0.050
D step=3/5 epoch=2/3 loss=0.3340 l2=0.2000 label_smoothing=0.050
D step=3/5 epoch=3/3 loss=0.3328 l2=0.2000 label_smoothing=0.050
D step=4/5 epoch=1/3 loss=0.3345 l2=0.2000 label_smoothing=0.050
D step=4/5 epoch=2/3 loss=0.3414 l2=0.2000 label_smoothing=0.050
D step=4/5 epoch=3/3 loss=0.3381 l2=0.2000 label_smoothing=0.050
D step=5/5 epoch=1/3 loss=0.3651 l2=0.2000 label_smoothing=0.050
D step=5/5 epoch=2/3 loss=0.3655 l2=0.2000 label_smoothing=0.050
D step=5/5 epoch=3/3 loss=0.3702 l2=0.2000 label_smoothing=0.050
ADV epoch=145/200 g_loss=0.0003 d_loss=0.3422 reward=0.1842 reward_var=0.0001 unique=0.0600
D step=1/5 epoch=1/3 loss=0.3593 l2=0.2000 label_smoothing=0.050
D step=1/5 epoch=2/3 loss=0.3596 l2=0.2000 label_smoothing=0.050
D step=1/5 epoch=3/3 loss=0.3584 l2=0.2000 label_smoothing=0.050
D step=2/5 epoch=1/3 loss=0.3495 l2=0.2000 label_smoothing=0.050
D step=2/5 epoch=2/3 loss=0.3489 l2=0.2000 label_smoothing=0.050
D step=2/5 epoch=3/3 loss=0.3471 l2=0.2000 label_smoothing=0.050
D step=3/5 epoch=1/3 loss=0.3379 l2=0.2000 label_smoothing=0.050
D step=3/5 epoch=2/3 loss=0.3388 l2=0.2000 label_smoothing=0.050
D step=3/5 epoch=3/3 loss=0.3336 l2=0.2000 label_smoothing=0.050
D step=4/5 epoch=1/3 loss=0.3724 l2=0.2000 label_smoothing=0.050
D step=4/5 epoch=2/3 loss=0.3744 l2=0.2000 label_smoothing=0.050
D step=4/5 epoch=3/3 loss=0.3710 l2=0.2000 label_smoothing=0.050
D step=5/5 epoch=1/3 loss=0.3089 l2=0.2000 label_smoothing=0.050
D step=5/5 epoch=2/3 loss=0.3118 l2=0.2000 label_smoothing=0.050
D step=5/5 epoch=3/3 loss=0.3087 l2=0.2000 label_smoothing=0.050
ADV epoch=146/200 g_loss=0.0002 d_loss=0.3454 reward=0.2010 reward_var=0.0000 unique=0.0200
D step=1/5 epoch=1/3 loss=0.3106 l2=0.2000 label_smoothing=0.050
D step=1/5 epoch=2/3 loss=0.3071 l2=0.2000 label_smoothing=0.050
D step=1/5 epoch=3/3 loss=0.3111 l2=0.2000 label_smoothing=0.050
D step=2/5 epoch=1/3 loss=0.2985 l2=0.2000 label_smoothing=0.050
D step=2/5 epoch=2/3 loss=0.2956 l2=0.2000 label_smoothing=0.050
D step=2/5 epoch=3/3 loss=0.2956 l2=0.2000 label_smoothing=0.050
D step=3/5 epoch=1/3 loss=0.3491 l2=0.2000 label_smoothing=0.050
D step=3/5 epoch=2/3 loss=0.3443 l2=0.2000 label_smoothing=0.050
D step=3/5 epoch=3/3 loss=0.3470 l2=0.2000 label_smoothing=0.050
D step=4/5 epoch=1/3 loss=0.3367 l2=0.2000 label_smoothing=0.050
D step=4/5 epoch=2/3 loss=0.3321 l2=0.2000 label_smoothing=0.050
D step=4/5 epoch=3/3 loss=0.3353 l2=0.2000 label_smoothing=0.050
D step=5/5 epoch=1/3 loss=0.3242 l2=0.2000 label_smoothing=0.050
D step=5/5 epoch=2/3 loss=0.3284 l2=0.2000 label_smoothing=0.050
D step=5/5 epoch=3/3 loss=0.3242 l2=0.2000 label_smoothing=0.050
ADV epoch=147/200 g_loss=0.0004 d_loss=0.3226 reward=0.1955 reward_var=0.0004 unique=0.0400
D step=1/5 epoch=1/3 loss=0.3317 l2=0.2000 label_smoothing=0.050
D step=1/5 epoch=2/3 loss=0.3319 l2=0.2000 label_smoothing=0.050
D step=1/5 epoch=3/3 loss=0.3319 l2=0.2000 label_smoothing=0.050
D step=2/5 epoch=1/3 loss=0.3391 l2=0.2000 label_smoothing=0.050
D step=2/5 epoch=2/3 loss=0.3392 l2=0.2000 label_smoothing=0.050
D step=2/5 epoch=3/3 loss=0.3401 l2=0.2000 label_smoothing=0.050
D step=3/5 epoch=1/3 loss=0.3478 l2=0.2000 label_smoothing=0.050
D step=3/5 epoch=2/3 loss=0.3496 l2=0.2000 label_smoothing=0.050
D step=3/5 epoch=3/3 loss=0.3462 l2=0.2000 label_smoothing=0.050
D step=4/5 epoch=1/3 loss=0.3476 l2=0.2000 label_smoothing=0.050
D step=4/5 epoch=2/3 loss=0.3544 l2=0.2000 label_smoothing=0.050
D step=4/5 epoch=3/3 loss=0.3483 l2=0.2000 label_smoothing=0.050
D step=5/5 epoch=1/3 loss=0.3316 l2=0.2000 label_smoothing=0.050
D step=5/5 epoch=2/3 loss=0.3403 l2=0.2000 label_smoothing=0.050
D step=5/5 epoch=3/3 loss=0.3327 l2=0.2000 label_smoothing=0.050
ADV epoch=148/200 g_loss=0.0006 d_loss=0.3408 reward=0.1933 reward_var=0.0003 unique=0.0400
D step=1/5 epoch=1/3 loss=0.3469 l2=0.2000 label_smoothing=0.050
D step=1/5 epoch=2/3 loss=0.3503 l2=0.2000 label_smoothing=0.050
D step=1/5 epoch=3/3 loss=0.3474 l2=0.2000 label_smoothing=0.050
D step=2/5 epoch=1/3 loss=0.3354 l2=0.2000 label_smoothing=0.050
D step=2/5 epoch=2/3 loss=0.3392 l2=0.2000 label_smoothing=0.050
D step=2/5 epoch=3/3 loss=0.3338 l2=0.2000 label_smoothing=0.050
D step=3/5 epoch=1/3 loss=0.3601 l2=0.2000 label_smoothing=0.050
D step=3/5 epoch=2/3 loss=0.3648 l2=0.2000 label_smoothing=0.050
D step=3/5 epoch=3/3 loss=0.3586 l2=0.2000 label_smoothing=0.050
D step=4/5 epoch=1/3 loss=0.3502 l2=0.2000 label_smoothing=0.050
D step=4/5 epoch=2/3 loss=0.3460 l2=0.2000 label_smoothing=0.050
D step=4/5 epoch=3/3 loss=0.3505 l2=0.2000 label_smoothing=0.050
D step=5/5 epoch=1/3 loss=0.3309 l2=0.2000 label_smoothing=0.050
D step=5/5 epoch=2/3 loss=0.3239 l2=0.2000 label_smoothing=0.050
D step=5/5 epoch=3/3 loss=0.3293 l2=0.2000 label_smoothing=0.050
ADV epoch=149/200 g_loss=0.0002 d_loss=0.3445 reward=0.1929 reward_var=0.0000 unique=0.0400
D step=1/5 epoch=1/3 loss=0.3717 l2=0.2000 label_smoothing=0.050
D step=1/5 epoch=2/3 loss=0.3675 l2=0.2000 label_smoothing=0.050
D step=1/5 epoch=3/3 loss=0.3676 l2=0.2000 label_smoothing=0.050
D step=2/5 epoch=1/3 loss=0.3369 l2=0.2000 label_smoothing=0.050
D step=2/5 epoch=2/3 loss=0.3361 l2=0.2000 label_smoothing=0.050
D step=2/5 epoch=3/3 loss=0.3397 l2=0.2000 label_smoothing=0.050
D step=3/5 epoch=1/3 loss=0.3448 l2=0.2000 label_smoothing=0.050
D step=3/5 epoch=2/3 loss=0.3454 l2=0.2000 label_smoothing=0.050
D step=3/5 epoch=3/3 loss=0.3488 l2=0.2000 label_smoothing=0.050
D step=4/5 epoch=1/3 loss=0.3461 l2=0.2000 label_smoothing=0.050
D step=4/5 epoch=2/3 loss=0.3505 l2=0.2000 label_smoothing=0.050
D step=4/5 epoch=3/3 loss=0.3491 l2=0.2000 label_smoothing=0.050
D step=5/5 epoch=1/3 loss=0.3031 l2=0.2000 label_smoothing=0.050
D step=5/5 epoch=2/3 loss=0.3014 l2=0.2000 label_smoothing=0.050
D step=5/5 epoch=3/3 loss=0.3007 l2=0.2000 label_smoothing=0.050
ADV epoch=150/200 g_loss=0.0002 d_loss=0.3406 reward=0.1916 reward_var=0.0000 unique=0.0400
D step=1/5 epoch=1/3 loss=0.3726 l2=0.2000 label_smoothing=0.050
D step=1/5 epoch=2/3 loss=0.3648 l2=0.2000 label_smoothing=0.050
D step=1/5 epoch=3/3 loss=0.3714 l2=0.2000 label_smoothing=0.050
D step=2/5 epoch=1/3 loss=0.3389 l2=0.2000 label_smoothing=0.050
D step=2/5 epoch=2/3 loss=0.3422 l2=0.2000 label_smoothing=0.050
D step=2/5 epoch=3/3 loss=0.3314 l2=0.2000 label_smoothing=0.050
D step=3/5 epoch=1/3 loss=0.3107 l2=0.2000 label_smoothing=0.050
D step=3/5 epoch=2/3 loss=0.3092 l2=0.2000 label_smoothing=0.050
D step=3/5 epoch=3/3 loss=0.3080 l2=0.2000 label_smoothing=0.050
D step=4/5 epoch=1/3 loss=0.3579 l2=0.2000 label_smoothing=0.050
D step=4/5 epoch=2/3 loss=0.3680 l2=0.2000 label_smoothing=0.050
D step=4/5 epoch=3/3 loss=0.3604 l2=0.2000 label_smoothing=0.050
D step=5/5 epoch=1/3 loss=0.3324 l2=0.2000 label_smoothing=0.050
D step=5/5 epoch=2/3 loss=0.3364 l2=0.2000 label_smoothing=0.050
D step=5/5 epoch=3/3 loss=0.3374 l2=0.2000 label_smoothing=0.050
ADV epoch=151/200 g_loss=0.0003 d_loss=0.3428 reward=0.1825 reward_var=0.0004 unique=0.0200
D step=1/5 epoch=1/3 loss=0.3377 l2=0.2000 label_smoothing=0.050
D step=1/5 epoch=2/3 loss=0.3361 l2=0.2000 label_smoothing=0.050
D step=1/5 epoch=3/3 loss=0.3338 l2=0.2000 label_smoothing=0.050
D step=2/5 epoch=1/3 loss=0.3479 l2=0.2000 label_smoothing=0.050
D step=2/5 epoch=2/3 loss=0.3508 l2=0.2000 label_smoothing=0.050
D step=2/5 epoch=3/3 loss=0.3465 l2=0.2000 label_smoothing=0.050
D step=3/5 epoch=1/3 loss=0.3381 l2=0.2000 label_smoothing=0.050
D step=3/5 epoch=2/3 loss=0.3331 l2=0.2000 label_smoothing=0.050
D step=3/5 epoch=3/3 loss=0.3351 l2=0.2000 label_smoothing=0.050
D step=4/5 epoch=1/3 loss=0.3343 l2=0.2000 label_smoothing=0.050
D step=4/5 epoch=2/3 loss=0.3327 l2=0.2000 label_smoothing=0.050
D step=4/5 epoch=3/3 loss=0.3396 l2=0.2000 label_smoothing=0.050
D step=5/5 epoch=1/3 loss=0.3443 l2=0.2000 label_smoothing=0.050
D step=5/5 epoch=2/3 loss=0.3461 l2=0.2000 label_smoothing=0.050
D step=5/5 epoch=3/3 loss=0.3481 l2=0.2000 label_smoothing=0.050
ADV epoch=152/200 g_loss=0.0009 d_loss=0.3403 reward=0.1862 reward_var=0.0006 unique=0.0800
D step=1/5 epoch=1/3 loss=0.3384 l2=0.2000 label_smoothing=0.050
D step=1/5 epoch=2/3 loss=0.3294 l2=0.2000 label_smoothing=0.050
D step=1/5 epoch=3/3 loss=0.3362 l2=0.2000 label_smoothing=0.050
D step=2/5 epoch=1/3 loss=0.3469 l2=0.2000 label_smoothing=0.050
D step=2/5 epoch=2/3 loss=0.3469 l2=0.2000 label_smoothing=0.050
D step=2/5 epoch=3/3 loss=0.3496 l2=0.2000 label_smoothing=0.050
D step=3/5 epoch=1/3 loss=0.3508 l2=0.2000 label_smoothing=0.050
D step=3/5 epoch=2/3 loss=0.3482 l2=0.2000 label_smoothing=0.050
D step=3/5 epoch=3/3 loss=0.3486 l2=0.2000 label_smoothing=0.050
D step=4/5 epoch=1/3 loss=0.3436 l2=0.2000 label_smoothing=0.050
D step=4/5 epoch=2/3 loss=0.3478 l2=0.2000 label_smoothing=0.050
D step=4/5 epoch=3/3 loss=0.3458 l2=0.2000 label_smoothing=0.050
D step=5/5 epoch=1/3 loss=0.3265 l2=0.2000 label_smoothing=0.050
D step=5/5 epoch=2/3 loss=0.3264 l2=0.2000 label_smoothing=0.050
D step=5/5 epoch=3/3 loss=0.3253 l2=0.2000 label_smoothing=0.050
ADV epoch=153/200 g_loss=0.0001 d_loss=0.3407 reward=0.1876 reward_var=0.0000 unique=0.0200
D step=1/5 epoch=1/3 loss=0.3247 l2=0.2000 label_smoothing=0.050
D step=1/5 epoch=2/3 loss=0.3225 l2=0.2000 label_smoothing=0.050
D step=1/5 epoch=3/3 loss=0.3274 l2=0.2000 label_smoothing=0.050
D step=2/5 epoch=1/3 loss=0.3242 l2=0.2000 label_smoothing=0.050
D step=2/5 epoch=2/3 loss=0.3217 l2=0.2000 label_smoothing=0.050
D step=2/5 epoch=3/3 loss=0.3248 l2=0.2000 label_smoothing=0.050
D step=3/5 epoch=1/3 loss=0.3371 l2=0.2000 label_smoothing=0.050
D step=3/5 epoch=2/3 loss=0.3351 l2=0.2000 label_smoothing=0.050
D step=3/5 epoch=3/3 loss=0.3417 l2=0.2000 label_smoothing=0.050
D step=4/5 epoch=1/3 loss=0.3358 l2=0.2000 label_smoothing=0.050
D step=4/5 epoch=2/3 loss=0.3342 l2=0.2000 label_smoothing=0.050
D step=4/5 epoch=3/3 loss=0.3417 l2=0.2000 label_smoothing=0.050
D step=5/5 epoch=1/3 loss=0.3449 l2=0.2000 label_smoothing=0.050
D step=5/5 epoch=2/3 loss=0.3505 l2=0.2000 label_smoothing=0.050
D step=5/5 epoch=3/3 loss=0.3465 l2=0.2000 label_smoothing=0.050
ADV epoch=154/200 g_loss=0.0003 d_loss=0.3342 reward=0.1862 reward_var=0.0003 unique=0.0600
D step=1/5 epoch=1/3 loss=0.3510 l2=0.2000 label_smoothing=0.050
D step=1/5 epoch=2/3 loss=0.3464 l2=0.2000 label_smoothing=0.050
D step=1/5 epoch=3/3 loss=0.3475 l2=0.2000 label_smoothing=0.050
D step=2/5 epoch=1/3 loss=0.3189 l2=0.2000 label_smoothing=0.050
D step=2/5 epoch=2/3 loss=0.3177 l2=0.2000 label_smoothing=0.050
D step=2/5 epoch=3/3 loss=0.3204 l2=0.2000 label_smoothing=0.050
D step=3/5 epoch=1/3 loss=0.3264 l2=0.2000 label_smoothing=0.050
D step=3/5 epoch=2/3 loss=0.3270 l2=0.2000 label_smoothing=0.050
D step=3/5 epoch=3/3 loss=0.3281 l2=0.2000 label_smoothing=0.050
D step=4/5 epoch=1/3 loss=0.3113 l2=0.2000 label_smoothing=0.050
D step=4/5 epoch=2/3 loss=0.3139 l2=0.2000 label_smoothing=0.050
D step=4/5 epoch=3/3 loss=0.3121 l2=0.2000 label_smoothing=0.050
D step=5/5 epoch=1/3 loss=0.3681 l2=0.2000 label_smoothing=0.050
D step=5/5 epoch=2/3 loss=0.3562 l2=0.2000 label_smoothing=0.050
D step=5/5 epoch=3/3 loss=0.3577 l2=0.2000 label_smoothing=0.050
ADV epoch=155/200 g_loss=0.0002 d_loss=0.3335 reward=0.1989 reward_var=0.0000 unique=0.0200
D step=1/5 epoch=1/3 loss=0.3367 l2=0.2000 label_smoothing=0.050
D step=1/5 epoch=2/3 loss=0.3357 l2=0.2000 label_smoothing=0.050
D step=1/5 epoch=3/3 loss=0.3358 l2=0.2000 label_smoothing=0.050
D step=2/5 epoch=1/3 loss=0.3476 l2=0.2000 label_smoothing=0.050
D step=2/5 epoch=2/3 loss=0.3464 l2=0.2000 label_smoothing=0.050
D step=2/5 epoch=3/3 loss=0.3437 l2=0.2000 label_smoothing=0.050
D step=3/5 epoch=1/3 loss=0.3350 l2=0.2000 label_smoothing=0.050
D step=3/5 epoch=2/3 loss=0.3359 l2=0.2000 label_smoothing=0.050
D step=3/5 epoch=3/3 loss=0.3358 l2=0.2000 label_smoothing=0.050
D step=4/5 epoch=1/3 loss=0.3606 l2=0.2000 label_smoothing=0.050
D step=4/5 epoch=2/3 loss=0.3595 l2=0.2000 label_smoothing=0.050
D step=4/5 epoch=3/3 loss=0.3613 l2=0.2000 label_smoothing=0.050
D step=5/5 epoch=1/3 loss=0.3473 l2=0.2000 label_smoothing=0.050
D step=5/5 epoch=2/3 loss=0.3466 l2=0.2000 label_smoothing=0.050
D step=5/5 epoch=3/3 loss=0.3483 l2=0.2000 label_smoothing=0.050
ADV epoch=156/200 g_loss=0.0028 d_loss=0.3451 reward=0.1995 reward_var=0.0008 unique=0.0200
D step=1/5 epoch=1/3 loss=0.3420 l2=0.2000 label_smoothing=0.050
D step=1/5 epoch=2/3 loss=0.3345 l2=0.2000 label_smoothing=0.050
D step=1/5 epoch=3/3 loss=0.3386 l2=0.2000 label_smoothing=0.050
D step=2/5 epoch=1/3 loss=0.3364 l2=0.2000 label_smoothing=0.050
D step=2/5 epoch=2/3 loss=0.3321 l2=0.2000 label_smoothing=0.050
D step=2/5 epoch=3/3 loss=0.3374 l2=0.2000 label_smoothing=0.050
D step=3/5 epoch=1/3 loss=0.3460 l2=0.2000 label_smoothing=0.050
D step=3/5 epoch=2/3 loss=0.3515 l2=0.2000 label_smoothing=0.050
D step=3/5 epoch=3/3 loss=0.3441 l2=0.2000 label_smoothing=0.050
D step=4/5 epoch=1/3 loss=0.3266 l2=0.2000 label_smoothing=0.050
D step=4/5 epoch=2/3 loss=0.3245 l2=0.2000 label_smoothing=0.050
D step=4/5 epoch=3/3 loss=0.3218 l2=0.2000 label_smoothing=0.050
D step=5/5 epoch=1/3 loss=0.3218 l2=0.2000 label_smoothing=0.050
D step=5/5 epoch=2/3 loss=0.3275 l2=0.2000 label_smoothing=0.050
D step=5/5 epoch=3/3 loss=0.3200 l2=0.2000 label_smoothing=0.050
ADV epoch=157/200 g_loss=0.0015 d_loss=0.3336 reward=0.1937 reward_var=0.0006 unique=0.0200
D step=1/5 epoch=1/3 loss=0.3512 l2=0.2000 label_smoothing=0.050
D step=1/5 epoch=2/3 loss=0.3489 l2=0.2000 label_smoothing=0.050
D step=1/5 epoch=3/3 loss=0.3428 l2=0.2000 label_smoothing=0.050
D step=2/5 epoch=1/3 loss=0.3171 l2=0.2000 label_smoothing=0.050
D step=2/5 epoch=2/3 loss=0.3152 l2=0.2000 label_smoothing=0.050
D step=2/5 epoch=3/3 loss=0.3109 l2=0.2000 label_smoothing=0.050
D step=3/5 epoch=1/3 loss=0.3111 l2=0.2000 label_smoothing=0.050
D step=3/5 epoch=2/3 loss=0.3047 l2=0.2000 label_smoothing=0.050
D step=3/5 epoch=3/3 loss=0.3137 l2=0.2000 label_smoothing=0.050
D step=4/5 epoch=1/3 loss=0.3382 l2=0.2000 label_smoothing=0.050
D step=4/5 epoch=2/3 loss=0.3338 l2=0.2000 label_smoothing=0.050
D step=4/5 epoch=3/3 loss=0.3350 l2=0.2000 label_smoothing=0.050
D step=5/5 epoch=1/3 loss=0.3233 l2=0.2000 label_smoothing=0.050
D step=5/5 epoch=2/3 loss=0.3181 l2=0.2000 label_smoothing=0.050
D step=5/5 epoch=3/3 loss=0.3203 l2=0.2000 label_smoothing=0.050
ADV epoch=158/200 g_loss=0.0017 d_loss=0.3256 reward=0.1760 reward_var=0.0013 unique=0.0200
D step=1/5 epoch=1/3 loss=0.3624 l2=0.2000 label_smoothing=0.050
D step=1/5 epoch=2/3 loss=0.3534 l2=0.2000 label_smoothing=0.050
D step=1/5 epoch=3/3 loss=0.3601 l2=0.2000 label_smoothing=0.050
D step=2/5 epoch=1/3 loss=0.3507 l2=0.2000 label_smoothing=0.050
D step=2/5 epoch=2/3 loss=0.3476 l2=0.2000 label_smoothing=0.050
D step=2/5 epoch=3/3 loss=0.3480 l2=0.2000 label_smoothing=0.050
D step=3/5 epoch=1/3 loss=0.3613 l2=0.2000 label_smoothing=0.050
D step=3/5 epoch=2/3 loss=0.3560 l2=0.2000 label_smoothing=0.050
D step=3/5 epoch=3/3 loss=0.3542 l2=0.2000 label_smoothing=0.050
D step=4/5 epoch=1/3 loss=0.3561 l2=0.2000 label_smoothing=0.050
D step=4/5 epoch=2/3 loss=0.3590 l2=0.2000 label_smoothing=0.050
D step=4/5 epoch=3/3 loss=0.3620 l2=0.2000 label_smoothing=0.050
D step=5/5 epoch=1/3 loss=0.3351 l2=0.2000 label_smoothing=0.050
D step=5/5 epoch=2/3 loss=0.3385 l2=0.2000 label_smoothing=0.050
D step=5/5 epoch=3/3 loss=0.3348 l2=0.2000 label_smoothing=0.050
ADV epoch=159/200 g_loss=0.0004 d_loss=0.3519 reward=0.1729 reward_var=0.0006 unique=0.0200
D step=1/5 epoch=1/3 loss=0.3437 l2=0.2000 label_smoothing=0.050
D step=1/5 epoch=2/3 loss=0.3492 l2=0.2000 label_smoothing=0.050
D step=1/5 epoch=3/3 loss=0.3461 l2=0.2000 label_smoothing=0.050
D step=2/5 epoch=1/3 loss=0.3586 l2=0.2000 label_smoothing=0.050
D step=2/5 epoch=2/3 loss=0.3607 l2=0.2000 label_smoothing=0.050
D step=2/5 epoch=3/3 loss=0.3593 l2=0.2000 label_smoothing=0.050
D step=3/5 epoch=1/3 loss=0.3625 l2=0.2000 label_smoothing=0.050
D step=3/5 epoch=2/3 loss=0.3604 l2=0.2000 label_smoothing=0.050
D step=3/5 epoch=3/3 loss=0.3524 l2=0.2000 label_smoothing=0.050
D step=4/5 epoch=1/3 loss=0.3608 l2=0.2000 label_smoothing=0.050
D step=4/5 epoch=2/3 loss=0.3555 l2=0.2000 label_smoothing=0.050
D step=4/5 epoch=3/3 loss=0.3608 l2=0.2000 label_smoothing=0.050
D step=5/5 epoch=1/3 loss=0.3674 l2=0.2000 label_smoothing=0.050
D step=5/5 epoch=2/3 loss=0.3717 l2=0.2000 label_smoothing=0.050
D step=5/5 epoch=3/3 loss=0.3712 l2=0.2000 label_smoothing=0.050
ADV epoch=160/200 g_loss=0.0004 d_loss=0.3587 reward=0.1943 reward_var=0.0001 unique=0.0200
D step=1/5 epoch=1/3 loss=0.3545 l2=0.2000 label_smoothing=0.050
D step=1/5 epoch=2/3 loss=0.3499 l2=0.2000 label_smoothing=0.050
D step=1/5 epoch=3/3 loss=0.3462 l2=0.2000 label_smoothing=0.050
D step=2/5 epoch=1/3 loss=0.3408 l2=0.2000 label_smoothing=0.050
D step=2/5 epoch=2/3 loss=0.3405 l2=0.2000 label_smoothing=0.050
D step=2/5 epoch=3/3 loss=0.3374 l2=0.2000 label_smoothing=0.050
D step=3/5 epoch=1/3 loss=0.3224 l2=0.2000 label_smoothing=0.050
D step=3/5 epoch=2/3 loss=0.3202 l2=0.2000 label_smoothing=0.050
D step=3/5 epoch=3/3 loss=0.3207 l2=0.2000 label_smoothing=0.050
D step=4/5 epoch=1/3 loss=0.3493 l2=0.2000 label_smoothing=0.050
D step=4/5 epoch=2/3 loss=0.3494 l2=0.2000 label_smoothing=0.050
D step=4/5 epoch=3/3 loss=0.3452 l2=0.2000 label_smoothing=0.050
D step=5/5 epoch=1/3 loss=0.3493 l2=0.2000 label_smoothing=0.050
D step=5/5 epoch=2/3 loss=0.3489 l2=0.2000 label_smoothing=0.050
D step=5/5 epoch=3/3 loss=0.3441 l2=0.2000 label_smoothing=0.050
ADV epoch=161/200 g_loss=0.0002 d_loss=0.3413 reward=0.2129 reward_var=0.0000 unique=0.0800
D step=1/5 epoch=1/3 loss=0.3361 l2=0.2000 label_smoothing=0.050
D step=1/5 epoch=2/3 loss=0.3402 l2=0.2000 label_smoothing=0.050
D step=1/5 epoch=3/3 loss=0.3357 l2=0.2000 label_smoothing=0.050
D step=2/5 epoch=1/3 loss=0.3401 l2=0.2000 label_smoothing=0.050
D step=2/5 epoch=2/3 loss=0.3341 l2=0.2000 label_smoothing=0.050
D step=2/5 epoch=3/3 loss=0.3403 l2=0.2000 label_smoothing=0.050
D step=3/5 epoch=1/3 loss=0.3242 l2=0.2000 label_smoothing=0.050
D step=3/5 epoch=2/3 loss=0.3269 l2=0.2000 label_smoothing=0.050
D step=3/5 epoch=3/3 loss=0.3244 l2=0.2000 label_smoothing=0.050
D step=4/5 epoch=1/3 loss=0.3091 l2=0.2000 label_smoothing=0.050
D step=4/5 epoch=2/3 loss=0.3118 l2=0.2000 label_smoothing=0.050
D step=4/5 epoch=3/3 loss=0.3055 l2=0.2000 label_smoothing=0.050
D step=5/5 epoch=1/3 loss=0.3252 l2=0.2000 label_smoothing=0.050
D step=5/5 epoch=2/3 loss=0.3252 l2=0.2000 label_smoothing=0.050
D step=5/5 epoch=3/3 loss=0.3256 l2=0.2000 label_smoothing=0.050
ADV epoch=162/200 g_loss=0.0004 d_loss=0.3269 reward=0.1852 reward_var=0.0002 unique=0.0600
D step=1/5 epoch=1/3 loss=0.3388 l2=0.2000 label_smoothing=0.050
D step=1/5 epoch=2/3 loss=0.3334 l2=0.2000 label_smoothing=0.050
D step=1/5 epoch=3/3 loss=0.3336 l2=0.2000 label_smoothing=0.050
D step=2/5 epoch=1/3 loss=0.3441 l2=0.2000 label_smoothing=0.050
D step=2/5 epoch=2/3 loss=0.3483 l2=0.2000 label_smoothing=0.050
D step=2/5 epoch=3/3 loss=0.3448 l2=0.2000 label_smoothing=0.050
D step=3/5 epoch=1/3 loss=0.3242 l2=0.2000 label_smoothing=0.050
D step=3/5 epoch=2/3 loss=0.3256 l2=0.2000 label_smoothing=0.050
D step=3/5 epoch=3/3 loss=0.3208 l2=0.2000 label_smoothing=0.050
D step=4/5 epoch=1/3 loss=0.3237 l2=0.2000 label_smoothing=0.050
D step=4/5 epoch=2/3 loss=0.3271 l2=0.2000 label_smoothing=0.050
D step=4/5 epoch=3/3 loss=0.3240 l2=0.2000 label_smoothing=0.050
D step=5/5 epoch=1/3 loss=0.3393 l2=0.2000 label_smoothing=0.050
D step=5/5 epoch=2/3 loss=0.3373 l2=0.2000 label_smoothing=0.050
D step=5/5 epoch=3/3 loss=0.3351 l2=0.2000 label_smoothing=0.050
ADV epoch=163/200 g_loss=0.0001 d_loss=0.3333 reward=0.1632 reward_var=0.0000 unique=0.0200
D step=1/5 epoch=1/3 loss=0.3531 l2=0.2000 label_smoothing=0.050
D step=1/5 epoch=2/3 loss=0.3479 l2=0.2000 label_smoothing=0.050
D step=1/5 epoch=3/3 loss=0.3445 l2=0.2000 label_smoothing=0.050
D step=2/5 epoch=1/3 loss=0.3139 l2=0.2000 label_smoothing=0.050
D step=2/5 epoch=2/3 loss=0.3135 l2=0.2000 label_smoothing=0.050
D step=2/5 epoch=3/3 loss=0.3149 l2=0.2000 label_smoothing=0.050
D step=3/5 epoch=1/3 loss=0.3448 l2=0.2000 label_smoothing=0.050
D step=3/5 epoch=2/3 loss=0.3494 l2=0.2000 label_smoothing=0.050
D step=3/5 epoch=3/3 loss=0.3473 l2=0.2000 label_smoothing=0.050
D step=4/5 epoch=1/3 loss=0.3713 l2=0.2000 label_smoothing=0.050
D step=4/5 epoch=2/3 loss=0.3648 l2=0.2000 label_smoothing=0.050
D step=4/5 epoch=3/3 loss=0.3650 l2=0.2000 label_smoothing=0.050
D step=5/5 epoch=1/3 loss=0.3384 l2=0.2000 label_smoothing=0.050
D step=5/5 epoch=2/3 loss=0.3382 l2=0.2000 label_smoothing=0.050
D step=5/5 epoch=3/3 loss=0.3351 l2=0.2000 label_smoothing=0.050
ADV epoch=164/200 g_loss=0.0012 d_loss=0.3428 reward=0.1679 reward_var=0.0008 unique=0.0200
D step=1/5 epoch=1/3 loss=0.3383 l2=0.2000 label_smoothing=0.050
D step=1/5 epoch=2/3 loss=0.3404 l2=0.2000 label_smoothing=0.050
D step=1/5 epoch=3/3 loss=0.3404 l2=0.2000 label_smoothing=0.050
D step=2/5 epoch=1/3 loss=0.3265 l2=0.2000 label_smoothing=0.050
D step=2/5 epoch=2/3 loss=0.3255 l2=0.2000 label_smoothing=0.050
D step=2/5 epoch=3/3 loss=0.3241 l2=0.2000 label_smoothing=0.050
D step=3/5 epoch=1/3 loss=0.3256 l2=0.2000 label_smoothing=0.050
D step=3/5 epoch=2/3 loss=0.3206 l2=0.2000 label_smoothing=0.050
D step=3/5 epoch=3/3 loss=0.3180 l2=0.2000 label_smoothing=0.050
D step=4/5 epoch=1/3 loss=0.3197 l2=0.2000 label_smoothing=0.050
D step=4/5 epoch=2/3 loss=0.3213 l2=0.2000 label_smoothing=0.050
D step=4/5 epoch=3/3 loss=0.3185 l2=0.2000 label_smoothing=0.050
D step=5/5 epoch=1/3 loss=0.3359 l2=0.2000 label_smoothing=0.050
D step=5/5 epoch=2/3 loss=0.3322 l2=0.2000 label_smoothing=0.050
D step=5/5 epoch=3/3 loss=0.3310 l2=0.2000 label_smoothing=0.050
ADV epoch=165/200 g_loss=0.0002 d_loss=0.3279 reward=0.2082 reward_var=0.0000 unique=0.0400
D step=1/5 epoch=1/3 loss=0.3821 l2=0.2000 label_smoothing=0.050
D step=1/5 epoch=2/3 loss=0.3715 l2=0.2000 label_smoothing=0.050
D step=1/5 epoch=3/3 loss=0.3689 l2=0.2000 label_smoothing=0.050
D step=2/5 epoch=1/3 loss=0.3556 l2=0.2000 label_smoothing=0.050
D step=2/5 epoch=2/3 loss=0.3590 l2=0.2000 label_smoothing=0.050
D step=2/5 epoch=3/3 loss=0.3660 l2=0.2000 label_smoothing=0.050
D step=3/5 epoch=1/3 loss=0.3416 l2=0.2000 label_smoothing=0.050
D step=3/5 epoch=2/3 loss=0.3373 l2=0.2000 label_smoothing=0.050
D step=3/5 epoch=3/3 loss=0.3359 l2=0.2000 label_smoothing=0.050
D step=4/5 epoch=1/3 loss=0.3367 l2=0.2000 label_smoothing=0.050
D step=4/5 epoch=2/3 loss=0.3335 l2=0.2000 label_smoothing=0.050
D step=4/5 epoch=3/3 loss=0.3362 l2=0.2000 label_smoothing=0.050
D step=5/5 epoch=1/3 loss=0.3260 l2=0.2000 label_smoothing=0.050
D step=5/5 epoch=2/3 loss=0.3226 l2=0.2000 label_smoothing=0.050
D step=5/5 epoch=3/3 loss=0.3220 l2=0.2000 label_smoothing=0.050
ADV epoch=166/200 g_loss=0.0010 d_loss=0.3463 reward=0.1711 reward_var=0.0008 unique=0.0200
D step=1/5 epoch=1/3 loss=0.3659 l2=0.2000 label_smoothing=0.050
D step=1/5 epoch=2/3 loss=0.3614 l2=0.2000 label_smoothing=0.050
D step=1/5 epoch=3/3 loss=0.3614 l2=0.2000 label_smoothing=0.050
D step=2/5 epoch=1/3 loss=0.3216 l2=0.2000 label_smoothing=0.050
D step=2/5 epoch=2/3 loss=0.3262 l2=0.2000 label_smoothing=0.050
D step=2/5 epoch=3/3 loss=0.3250 l2=0.2000 label_smoothing=0.050
D step=3/5 epoch=1/3 loss=0.3714 l2=0.2000 label_smoothing=0.050
D step=3/5 epoch=2/3 loss=0.3730 l2=0.2000 label_smoothing=0.050
D step=3/5 epoch=3/3 loss=0.3712 l2=0.2000 label_smoothing=0.050
D step=4/5 epoch=1/3 loss=0.3385 l2=0.2000 label_smoothing=0.050
D step=4/5 epoch=2/3 loss=0.3330 l2=0.2000 label_smoothing=0.050
D step=4/5 epoch=3/3 loss=0.3391 l2=0.2000 label_smoothing=0.050
D step=5/5 epoch=1/3 loss=0.3217 l2=0.2000 label_smoothing=0.050
D step=5/5 epoch=2/3 loss=0.3263 l2=0.2000 label_smoothing=0.050
D step=5/5 epoch=3/3 loss=0.3254 l2=0.2000 label_smoothing=0.050
ADV epoch=167/200 g_loss=0.0001 d_loss=0.3441 reward=0.1634 reward_var=0.0000 unique=0.0200
D step=1/5 epoch=1/3 loss=0.3594 l2=0.2000 label_smoothing=0.050
D step=1/5 epoch=2/3 loss=0.3608 l2=0.2000 label_smoothing=0.050
D step=1/5 epoch=3/3 loss=0.3597 l2=0.2000 label_smoothing=0.050
D step=2/5 epoch=1/3 loss=0.3354 l2=0.2000 label_smoothing=0.050
D step=2/5 epoch=2/3 loss=0.3375 l2=0.2000 label_smoothing=0.050
D step=2/5 epoch=3/3 loss=0.3392 l2=0.2000 label_smoothing=0.050
D step=3/5 epoch=1/3 loss=0.3497 l2=0.2000 label_smoothing=0.050
D step=3/5 epoch=2/3 loss=0.3500 l2=0.2000 label_smoothing=0.050
D step=3/5 epoch=3/3 loss=0.3464 l2=0.2000 label_smoothing=0.050
D step=4/5 epoch=1/3 loss=0.3329 l2=0.2000 label_smoothing=0.050
D step=4/5 epoch=2/3 loss=0.3366 l2=0.2000 label_smoothing=0.050
D step=4/5 epoch=3/3 loss=0.3321 l2=0.2000 label_smoothing=0.050
D step=5/5 epoch=1/3 loss=0.3379 l2=0.2000 label_smoothing=0.050
D step=5/5 epoch=2/3 loss=0.3349 l2=0.2000 label_smoothing=0.050
D step=5/5 epoch=3/3 loss=0.3347 l2=0.2000 label_smoothing=0.050
ADV epoch=168/200 g_loss=0.0001 d_loss=0.3432 reward=0.1891 reward_var=0.0000 unique=0.0400
D step=1/5 epoch=1/3 loss=0.3368 l2=0.2000 label_smoothing=0.050
D step=1/5 epoch=2/3 loss=0.3358 l2=0.2000 label_smoothing=0.050
D step=1/5 epoch=3/3 loss=0.3333 l2=0.2000 label_smoothing=0.050
D step=2/5 epoch=1/3 loss=0.3521 l2=0.2000 label_smoothing=0.050
D step=2/5 epoch=2/3 loss=0.3466 l2=0.2000 label_smoothing=0.050
D step=2/5 epoch=3/3 loss=0.3484 l2=0.2000 label_smoothing=0.050
D step=3/5 epoch=1/3 loss=0.3031 l2=0.2000 label_smoothing=0.050
D step=3/5 epoch=2/3 loss=0.3023 l2=0.2000 label_smoothing=0.050
D step=3/5 epoch=3/3 loss=0.3044 l2=0.2000 label_smoothing=0.050
D step=4/5 epoch=1/3 loss=0.3367 l2=0.2000 label_smoothing=0.050
D step=4/5 epoch=2/3 loss=0.3370 l2=0.2000 label_smoothing=0.050
D step=4/5 epoch=3/3 loss=0.3392 l2=0.2000 label_smoothing=0.050
D step=5/5 epoch=1/3 loss=0.3464 l2=0.2000 label_smoothing=0.050
D step=5/5 epoch=2/3 loss=0.3446 l2=0.2000 label_smoothing=0.050
D step=5/5 epoch=3/3 loss=0.3517 l2=0.2000 label_smoothing=0.050
ADV epoch=169/200 g_loss=0.0002 d_loss=0.3346 reward=0.1758 reward_var=0.0001 unique=0.0400
D step=1/5 epoch=1/3 loss=0.3504 l2=0.2000 label_smoothing=0.050
D step=1/5 epoch=2/3 loss=0.3452 l2=0.2000 label_smoothing=0.050
D step=1/5 epoch=3/3 loss=0.3488 l2=0.2000 label_smoothing=0.050
D step=2/5 epoch=1/3 loss=0.3574 l2=0.2000 label_smoothing=0.050
D step=2/5 epoch=2/3 loss=0.3584 l2=0.2000 label_smoothing=0.050
D step=2/5 epoch=3/3 loss=0.3588 l2=0.2000 label_smoothing=0.050
D step=3/5 epoch=1/3 loss=0.3467 l2=0.2000 label_smoothing=0.050
D step=3/5 epoch=2/3 loss=0.3485 l2=0.2000 label_smoothing=0.050
D step=3/5 epoch=3/3 loss=0.3496 l2=0.2000 label_smoothing=0.050
D step=4/5 epoch=1/3 loss=0.3363 l2=0.2000 label_smoothing=0.050
D step=4/5 epoch=2/3 loss=0.3389 l2=0.2000 label_smoothing=0.050
D step=4/5 epoch=3/3 loss=0.3383 l2=0.2000 label_smoothing=0.050
D step=5/5 epoch=1/3 loss=0.3364 l2=0.2000 label_smoothing=0.050
D step=5/5 epoch=2/3 loss=0.3347 l2=0.2000 label_smoothing=0.050
D step=5/5 epoch=3/3 loss=0.3354 l2=0.2000 label_smoothing=0.050
ADV epoch=170/200 g_loss=0.0008 d_loss=0.3456 reward=0.1869 reward_var=0.0000 unique=0.0400
D step=1/5 epoch=1/3 loss=0.3215 l2=0.2000 label_smoothing=0.050
D step=1/5 epoch=2/3 loss=0.3277 l2=0.2000 label_smoothing=0.050
D step=1/5 epoch=3/3 loss=0.3207 l2=0.2000 label_smoothing=0.050
D step=2/5 epoch=1/3 loss=0.3465 l2=0.2000 label_smoothing=0.050
D step=2/5 epoch=2/3 loss=0.3473 l2=0.2000 label_smoothing=0.050
D step=2/5 epoch=3/3 loss=0.3492 l2=0.2000 label_smoothing=0.050
D step=3/5 epoch=1/3 loss=0.3352 l2=0.2000 label_smoothing=0.050
D step=3/5 epoch=2/3 loss=0.3349 l2=0.2000 label_smoothing=0.050
D step=3/5 epoch=3/3 loss=0.3326 l2=0.2000 label_smoothing=0.050
D step=4/5 epoch=1/3 loss=0.3600 l2=0.2000 label_smoothing=0.050
D step=4/5 epoch=2/3 loss=0.3550 l2=0.2000 label_smoothing=0.050
D step=4/5 epoch=3/3 loss=0.3602 l2=0.2000 label_smoothing=0.050
D step=5/5 epoch=1/3 loss=0.3436 l2=0.2000 label_smoothing=0.050
D step=5/5 epoch=2/3 loss=0.3410 l2=0.2000 label_smoothing=0.050
D step=5/5 epoch=3/3 loss=0.3454 l2=0.2000 label_smoothing=0.050
ADV epoch=171/200 g_loss=0.0001 d_loss=0.3414 reward=0.1837 reward_var=0.0000 unique=0.0800
D step=1/5 epoch=1/3 loss=0.3462 l2=0.2000 label_smoothing=0.050
D step=1/5 epoch=2/3 loss=0.3501 l2=0.2000 label_smoothing=0.050
D step=1/5 epoch=3/3 loss=0.3452 l2=0.2000 label_smoothing=0.050
D step=2/5 epoch=1/3 loss=0.3478 l2=0.2000 label_smoothing=0.050
D step=2/5 epoch=2/3 loss=0.3513 l2=0.2000 label_smoothing=0.050
D step=2/5 epoch=3/3 loss=0.3479 l2=0.2000 label_smoothing=0.050
D step=3/5 epoch=1/3 loss=0.3584 l2=0.2000 label_smoothing=0.050
D step=3/5 epoch=2/3 loss=0.3577 l2=0.2000 label_smoothing=0.050
D step=3/5 epoch=3/3 loss=0.3576 l2=0.2000 label_smoothing=0.050
D step=4/5 epoch=1/3 loss=0.3543 l2=0.2000 label_smoothing=0.050
D step=4/5 epoch=2/3 loss=0.3575 l2=0.2000 label_smoothing=0.050
D step=4/5 epoch=3/3 loss=0.3533 l2=0.2000 label_smoothing=0.050
D step=5/5 epoch=1/3 loss=0.3620 l2=0.2000 label_smoothing=0.050
D step=5/5 epoch=2/3 loss=0.3682 l2=0.2000 label_smoothing=0.050
D step=5/5 epoch=3/3 loss=0.3717 l2=0.2000 label_smoothing=0.050
ADV epoch=172/200 g_loss=0.0001 d_loss=0.3553 reward=0.1938 reward_var=0.0000 unique=0.0400
D step=1/5 epoch=1/3 loss=0.3378 l2=0.2000 label_smoothing=0.050
D step=1/5 epoch=2/3 loss=0.3365 l2=0.2000 label_smoothing=0.050
D step=1/5 epoch=3/3 loss=0.3349 l2=0.2000 label_smoothing=0.050
D step=2/5 epoch=1/3 loss=0.3620 l2=0.2000 label_smoothing=0.050
D step=2/5 epoch=2/3 loss=0.3632 l2=0.2000 label_smoothing=0.050
D step=2/5 epoch=3/3 loss=0.3595 l2=0.2000 label_smoothing=0.050
D step=3/5 epoch=1/3 loss=0.3448 l2=0.2000 label_smoothing=0.050
D step=3/5 epoch=2/3 loss=0.3426 l2=0.2000 label_smoothing=0.050
D step=3/5 epoch=3/3 loss=0.3460 l2=0.2000 label_smoothing=0.050
D step=4/5 epoch=1/3 loss=0.3515 l2=0.2000 label_smoothing=0.050
D step=4/5 epoch=2/3 loss=0.3479 l2=0.2000 label_smoothing=0.050
D step=4/5 epoch=3/3 loss=0.3466 l2=0.2000 label_smoothing=0.050
D step=5/5 epoch=1/3 loss=0.3293 l2=0.2000 label_smoothing=0.050
D step=5/5 epoch=2/3 loss=0.3290 l2=0.2000 label_smoothing=0.050
D step=5/5 epoch=3/3 loss=0.3277 l2=0.2000 label_smoothing=0.050
ADV epoch=173/200 g_loss=0.0006 d_loss=0.3440 reward=0.2142 reward_var=0.0006 unique=0.0200
D step=1/5 epoch=1/3 loss=0.3128 l2=0.2000 label_smoothing=0.050
D step=1/5 epoch=2/3 loss=0.3086 l2=0.2000 label_smoothing=0.050
D step=1/5 epoch=3/3 loss=0.3057 l2=0.2000 label_smoothing=0.050
D step=2/5 epoch=1/3 loss=0.3509 l2=0.2000 label_smoothing=0.050
D step=2/5 epoch=2/3 loss=0.3518 l2=0.2000 label_smoothing=0.050
D step=2/5 epoch=3/3 loss=0.3450 l2=0.2000 label_smoothing=0.050
D step=3/5 epoch=1/3 loss=0.3510 l2=0.2000 label_smoothing=0.050
D step=3/5 epoch=2/3 loss=0.3497 l2=0.2000 label_smoothing=0.050
D step=3/5 epoch=3/3 loss=0.3489 l2=0.2000 label_smoothing=0.050
D step=4/5 epoch=1/3 loss=0.3248 l2=0.2000 label_smoothing=0.050
D step=4/5 epoch=2/3 loss=0.3258 l2=0.2000 label_smoothing=0.050
D step=4/5 epoch=3/3 loss=0.3239 l2=0.2000 label_smoothing=0.050
D step=5/5 epoch=1/3 loss=0.3211 l2=0.2000 label_smoothing=0.050
D step=5/5 epoch=2/3 loss=0.3227 l2=0.2000 label_smoothing=0.050
D step=5/5 epoch=3/3 loss=0.3215 l2=0.2000 label_smoothing=0.050
ADV epoch=174/200 g_loss=0.0001 d_loss=0.3309 reward=0.1897 reward_var=0.0000 unique=0.0400
D step=1/5 epoch=1/3 loss=0.3491 l2=0.2000 label_smoothing=0.050
D step=1/5 epoch=2/3 loss=0.3448 l2=0.2000 label_smoothing=0.050
D step=1/5 epoch=3/3 loss=0.3453 l2=0.2000 label_smoothing=0.050
D step=2/5 epoch=1/3 loss=0.3646 l2=0.2000 label_smoothing=0.050
D step=2/5 epoch=2/3 loss=0.3679 l2=0.2000 label_smoothing=0.050
D step=2/5 epoch=3/3 loss=0.3675 l2=0.2000 label_smoothing=0.050
D step=3/5 epoch=1/3 loss=0.3406 l2=0.2000 label_smoothing=0.050
D step=3/5 epoch=2/3 loss=0.3342 l2=0.2000 label_smoothing=0.050
D step=3/5 epoch=3/3 loss=0.3366 l2=0.2000 label_smoothing=0.050
D step=4/5 epoch=1/3 loss=0.3505 l2=0.2000 label_smoothing=0.050
D step=4/5 epoch=2/3 loss=0.3489 l2=0.2000 label_smoothing=0.050
D step=4/5 epoch=3/3 loss=0.3490 l2=0.2000 label_smoothing=0.050
D step=5/5 epoch=1/3 loss=0.3181 l2=0.2000 label_smoothing=0.050
D step=5/5 epoch=2/3 loss=0.3247 l2=0.2000 label_smoothing=0.050
D step=5/5 epoch=3/3 loss=0.3216 l2=0.2000 label_smoothing=0.050
ADV epoch=175/200 g_loss=0.0001 d_loss=0.3442 reward=0.1915 reward_var=0.0000 unique=0.0600
D step=1/5 epoch=1/3 loss=0.2972 l2=0.2000 label_smoothing=0.050
D step=1/5 epoch=2/3 loss=0.2969 l2=0.2000 label_smoothing=0.050
D step=1/5 epoch=3/3 loss=0.2987 l2=0.2000 label_smoothing=0.050
D step=2/5 epoch=1/3 loss=0.3375 l2=0.2000 label_smoothing=0.050
D step=2/5 epoch=2/3 loss=0.3353 l2=0.2000 label_smoothing=0.050
D step=2/5 epoch=3/3 loss=0.3393 l2=0.2000 label_smoothing=0.050
D step=3/5 epoch=1/3 loss=0.3364 l2=0.2000 label_smoothing=0.050
D step=3/5 epoch=2/3 loss=0.3401 l2=0.2000 label_smoothing=0.050
D step=3/5 epoch=3/3 loss=0.3333 l2=0.2000 label_smoothing=0.050
D step=4/5 epoch=1/3 loss=0.3282 l2=0.2000 label_smoothing=0.050
D step=4/5 epoch=2/3 loss=0.3225 l2=0.2000 label_smoothing=0.050
D step=4/5 epoch=3/3 loss=0.3205 l2=0.2000 label_smoothing=0.050
D step=5/5 epoch=1/3 loss=0.3383 l2=0.2000 label_smoothing=0.050
D step=5/5 epoch=2/3 loss=0.3361 l2=0.2000 label_smoothing=0.050
D step=5/5 epoch=3/3 loss=0.3302 l2=0.2000 label_smoothing=0.050
ADV epoch=176/200 g_loss=0.0001 d_loss=0.3260 reward=0.1920 reward_var=0.0000 unique=0.0600
D step=1/5 epoch=1/3 loss=0.3516 l2=0.2000 label_smoothing=0.050
D step=1/5 epoch=2/3 loss=0.3495 l2=0.2000 label_smoothing=0.050
D step=1/5 epoch=3/3 loss=0.3472 l2=0.2000 label_smoothing=0.050
D step=2/5 epoch=1/3 loss=0.3551 l2=0.2000 label_smoothing=0.050
D step=2/5 epoch=2/3 loss=0.3573 l2=0.2000 label_smoothing=0.050
D step=2/5 epoch=3/3 loss=0.3568 l2=0.2000 label_smoothing=0.050
D step=3/5 epoch=1/3 loss=0.3705 l2=0.2000 label_smoothing=0.050
D step=3/5 epoch=2/3 loss=0.3692 l2=0.2000 label_smoothing=0.050
D step=3/5 epoch=3/3 loss=0.3657 l2=0.2000 label_smoothing=0.050
D step=4/5 epoch=1/3 loss=0.3375 l2=0.2000 label_smoothing=0.050
D step=4/5 epoch=2/3 loss=0.3366 l2=0.2000 label_smoothing=0.050
D step=4/5 epoch=3/3 loss=0.3371 l2=0.2000 label_smoothing=0.050
D step=5/5 epoch=1/3 loss=0.3367 l2=0.2000 label_smoothing=0.050
D step=5/5 epoch=2/3 loss=0.3362 l2=0.2000 label_smoothing=0.050
D step=5/5 epoch=3/3 loss=0.3334 l2=0.2000 label_smoothing=0.050
ADV epoch=177/200 g_loss=0.0001 d_loss=0.3493 reward=0.1870 reward_var=0.0000 unique=0.0600
D step=1/5 epoch=1/3 loss=0.3400 l2=0.2000 label_smoothing=0.050
D step=1/5 epoch=2/3 loss=0.3388 l2=0.2000 label_smoothing=0.050
D step=1/5 epoch=3/3 loss=0.3351 l2=0.2000 label_smoothing=0.050
D step=2/5 epoch=1/3 loss=0.3450 l2=0.2000 label_smoothing=0.050
D step=2/5 epoch=2/3 loss=0.3461 l2=0.2000 label_smoothing=0.050
D step=2/5 epoch=3/3 loss=0.3441 l2=0.2000 label_smoothing=0.050
D step=3/5 epoch=1/3 loss=0.3584 l2=0.2000 label_smoothing=0.050
D step=3/5 epoch=2/3 loss=0.3587 l2=0.2000 label_smoothing=0.050
D step=3/5 epoch=3/3 loss=0.3610 l2=0.2000 label_smoothing=0.050
D step=4/5 epoch=1/3 loss=0.3353 l2=0.2000 label_smoothing=0.050
D step=4/5 epoch=2/3 loss=0.3324 l2=0.2000 label_smoothing=0.050
D step=4/5 epoch=3/3 loss=0.3339 l2=0.2000 label_smoothing=0.050
D step=5/5 epoch=1/3 loss=0.3682 l2=0.2000 label_smoothing=0.050
D step=5/5 epoch=2/3 loss=0.3740 l2=0.2000 label_smoothing=0.050
D step=5/5 epoch=3/3 loss=0.3692 l2=0.2000 label_smoothing=0.050
ADV epoch=178/200 g_loss=0.0001 d_loss=0.3493 reward=0.1867 reward_var=0.0000 unique=0.0400
D step=1/5 epoch=1/3 loss=0.3371 l2=0.2000 label_smoothing=0.050
D step=1/5 epoch=2/3 loss=0.3342 l2=0.2000 label_smoothing=0.050
D step=1/5 epoch=3/3 loss=0.3372 l2=0.2000 label_smoothing=0.050
D step=2/5 epoch=1/3 loss=0.3533 l2=0.2000 label_smoothing=0.050
D step=2/5 epoch=2/3 loss=0.3500 l2=0.2000 label_smoothing=0.050
D step=2/5 epoch=3/3 loss=0.3508 l2=0.2000 label_smoothing=0.050
D step=3/5 epoch=1/3 loss=0.3478 l2=0.2000 label_smoothing=0.050
D step=3/5 epoch=2/3 loss=0.3477 l2=0.2000 label_smoothing=0.050
D step=3/5 epoch=3/3 loss=0.3482 l2=0.2000 label_smoothing=0.050
D step=4/5 epoch=1/3 loss=0.3185 l2=0.2000 label_smoothing=0.050
D step=4/5 epoch=2/3 loss=0.3189 l2=0.2000 label_smoothing=0.050
D step=4/5 epoch=3/3 loss=0.3215 l2=0.2000 label_smoothing=0.050
D step=5/5 epoch=1/3 loss=0.3229 l2=0.2000 label_smoothing=0.050
D step=5/5 epoch=2/3 loss=0.3218 l2=0.2000 label_smoothing=0.050
D step=5/5 epoch=3/3 loss=0.3264 l2=0.2000 label_smoothing=0.050
ADV epoch=179/200 g_loss=0.0001 d_loss=0.3357 reward=0.2009 reward_var=0.0000 unique=0.0400
D step=1/5 epoch=1/3 loss=0.3281 l2=0.2000 label_smoothing=0.050
D step=1/5 epoch=2/3 loss=0.3279 l2=0.2000 label_smoothing=0.050
D step=1/5 epoch=3/3 loss=0.3252 l2=0.2000 label_smoothing=0.050
D step=2/5 epoch=1/3 loss=0.3466 l2=0.2000 label_smoothing=0.050
D step=2/5 epoch=2/3 loss=0.3500 l2=0.2000 label_smoothing=0.050
D step=2/5 epoch=3/3 loss=0.3492 l2=0.2000 label_smoothing=0.050
D step=3/5 epoch=1/3 loss=0.3415 l2=0.2000 label_smoothing=0.050
D step=3/5 epoch=2/3 loss=0.3504 l2=0.2000 label_smoothing=0.050
D step=3/5 epoch=3/3 loss=0.3488 l2=0.2000 label_smoothing=0.050
D step=4/5 epoch=1/3 loss=0.3587 l2=0.2000 label_smoothing=0.050
D step=4/5 epoch=2/3 loss=0.3554 l2=0.2000 label_smoothing=0.050
D step=4/5 epoch=3/3 loss=0.3580 l2=0.2000 label_smoothing=0.050
D step=5/5 epoch=1/3 loss=0.3324 l2=0.2000 label_smoothing=0.050
D step=5/5 epoch=2/3 loss=0.3281 l2=0.2000 label_smoothing=0.050
D step=5/5 epoch=3/3 loss=0.3234 l2=0.2000 label_smoothing=0.050
ADV epoch=180/200 g_loss=0.0001 d_loss=0.3416 reward=0.1768 reward_var=0.0000 unique=0.0400
D step=1/5 epoch=1/3 loss=0.3476 l2=0.2000 label_smoothing=0.050
D step=1/5 epoch=2/3 loss=0.3396 l2=0.2000 label_smoothing=0.050
D step=1/5 epoch=3/3 loss=0.3469 l2=0.2000 label_smoothing=0.050
D step=2/5 epoch=1/3 loss=0.3480 l2=0.2000 label_smoothing=0.050
D step=2/5 epoch=2/3 loss=0.3463 l2=0.2000 label_smoothing=0.050
D step=2/5 epoch=3/3 loss=0.3471 l2=0.2000 label_smoothing=0.050
D step=3/5 epoch=1/3 loss=0.3231 l2=0.2000 label_smoothing=0.050
D step=3/5 epoch=2/3 loss=0.3211 l2=0.2000 label_smoothing=0.050
D step=3/5 epoch=3/3 loss=0.3271 l2=0.2000 label_smoothing=0.050
D step=4/5 epoch=1/3 loss=0.3461 l2=0.2000 label_smoothing=0.050
D step=4/5 epoch=2/3 loss=0.3517 l2=0.2000 label_smoothing=0.050
D step=4/5 epoch=3/3 loss=0.3515 l2=0.2000 label_smoothing=0.050
D step=5/5 epoch=1/3 loss=0.2891 l2=0.2000 label_smoothing=0.050
D step=5/5 epoch=2/3 loss=0.2885 l2=0.2000 label_smoothing=0.050
D step=5/5 epoch=3/3 loss=0.2852 l2=0.2000 label_smoothing=0.050
ADV epoch=181/200 g_loss=0.0009 d_loss=0.3306 reward=0.2012 reward_var=0.0000 unique=0.0400
D step=1/5 epoch=1/3 loss=0.3366 l2=0.2000 label_smoothing=0.050
D step=1/5 epoch=2/3 loss=0.3337 l2=0.2000 label_smoothing=0.050
D step=1/5 epoch=3/3 loss=0.3318 l2=0.2000 label_smoothing=0.050
D step=2/5 epoch=1/3 loss=0.3714 l2=0.2000 label_smoothing=0.050
D step=2/5 epoch=2/3 loss=0.3714 l2=0.2000 label_smoothing=0.050
D step=2/5 epoch=3/3 loss=0.3670 l2=0.2000 label_smoothing=0.050
D step=3/5 epoch=1/3 loss=0.3169 l2=0.2000 label_smoothing=0.050
D step=3/5 epoch=2/3 loss=0.3134 l2=0.2000 label_smoothing=0.050
D step=3/5 epoch=3/3 loss=0.3141 l2=0.2000 label_smoothing=0.050
D step=4/5 epoch=1/3 loss=0.3113 l2=0.2000 label_smoothing=0.050
D step=4/5 epoch=2/3 loss=0.3063 l2=0.2000 label_smoothing=0.050
D step=4/5 epoch=3/3 loss=0.3137 l2=0.2000 label_smoothing=0.050
D step=5/5 epoch=1/3 loss=0.3101 l2=0.2000 label_smoothing=0.050
D step=5/5 epoch=2/3 loss=0.3107 l2=0.2000 label_smoothing=0.050
D step=5/5 epoch=3/3 loss=0.3120 l2=0.2000 label_smoothing=0.050
ADV epoch=182/200 g_loss=0.0001 d_loss=0.3280 reward=0.1714 reward_var=0.0000 unique=0.0400
D step=1/5 epoch=1/3 loss=0.3540 l2=0.2000 label_smoothing=0.050
D step=1/5 epoch=2/3 loss=0.3454 l2=0.2000 label_smoothing=0.050
D step=1/5 epoch=3/3 loss=0.3463 l2=0.2000 label_smoothing=0.050
D step=2/5 epoch=1/3 loss=0.3572 l2=0.2000 label_smoothing=0.050
D step=2/5 epoch=2/3 loss=0.3656 l2=0.2000 label_smoothing=0.050
D step=2/5 epoch=3/3 loss=0.3576 l2=0.2000 label_smoothing=0.050
D step=3/5 epoch=1/3 loss=0.3228 l2=0.2000 label_smoothing=0.050
D step=3/5 epoch=2/3 loss=0.3212 l2=0.2000 label_smoothing=0.050
D step=3/5 epoch=3/3 loss=0.3251 l2=0.2000 label_smoothing=0.050
D step=4/5 epoch=1/3 loss=0.3614 l2=0.2000 label_smoothing=0.050
D step=4/5 epoch=2/3 loss=0.3653 l2=0.2000 label_smoothing=0.050
D step=4/5 epoch=3/3 loss=0.3601 l2=0.2000 label_smoothing=0.050
D step=5/5 epoch=1/3 loss=0.3045 l2=0.2000 label_smoothing=0.050
D step=5/5 epoch=2/3 loss=0.3026 l2=0.2000 label_smoothing=0.050
D step=5/5 epoch=3/3 loss=0.3014 l2=0.2000 label_smoothing=0.050
ADV epoch=183/200 g_loss=0.0001 d_loss=0.3394 reward=0.1498 reward_var=0.0000 unique=0.0400
D step=1/5 epoch=1/3 loss=0.3454 l2=0.2000 label_smoothing=0.050
D step=1/5 epoch=2/3 loss=0.3465 l2=0.2000 label_smoothing=0.050
D step=1/5 epoch=3/3 loss=0.3469 l2=0.2000 label_smoothing=0.050
D step=2/5 epoch=1/3 loss=0.3171 l2=0.2000 label_smoothing=0.050
D step=2/5 epoch=2/3 loss=0.3104 l2=0.2000 label_smoothing=0.050
D step=2/5 epoch=3/3 loss=0.3104 l2=0.2000 label_smoothing=0.050
D step=3/5 epoch=1/3 loss=0.3608 l2=0.2000 label_smoothing=0.050
D step=3/5 epoch=2/3 loss=0.3585 l2=0.2000 label_smoothing=0.050
D step=3/5 epoch=3/3 loss=0.3614 l2=0.2000 label_smoothing=0.050
D step=4/5 epoch=1/3 loss=0.3479 l2=0.2000 label_smoothing=0.050
D step=4/5 epoch=2/3 loss=0.3490 l2=0.2000 label_smoothing=0.050
D step=4/5 epoch=3/3 loss=0.3529 l2=0.2000 label_smoothing=0.050
D step=5/5 epoch=1/3 loss=0.3342 l2=0.2000 label_smoothing=0.050
D step=5/5 epoch=2/3 loss=0.3346 l2=0.2000 label_smoothing=0.050
D step=5/5 epoch=3/3 loss=0.3341 l2=0.2000 label_smoothing=0.050
ADV epoch=184/200 g_loss=0.0001 d_loss=0.3407 reward=0.1770 reward_var=0.0000 unique=0.0200
D step=1/5 epoch=1/3 loss=0.3449 l2=0.2000 label_smoothing=0.050
D step=1/5 epoch=2/3 loss=0.3484 l2=0.2000 label_smoothing=0.050
D step=1/5 epoch=3/3 loss=0.3426 l2=0.2000 label_smoothing=0.050
D step=2/5 epoch=1/3 loss=0.3428 l2=0.2000 label_smoothing=0.050
D step=2/5 epoch=2/3 loss=0.3446 l2=0.2000 label_smoothing=0.050
D step=2/5 epoch=3/3 loss=0.3471 l2=0.2000 label_smoothing=0.050
D step=3/5 epoch=1/3 loss=0.3483 l2=0.2000 label_smoothing=0.050
D step=3/5 epoch=2/3 loss=0.3477 l2=0.2000 label_smoothing=0.050
D step=3/5 epoch=3/3 loss=0.3462 l2=0.2000 label_smoothing=0.050
D step=4/5 epoch=1/3 loss=0.3132 l2=0.2000 label_smoothing=0.050
D step=4/5 epoch=2/3 loss=0.3115 l2=0.2000 label_smoothing=0.050
D step=4/5 epoch=3/3 loss=0.3084 l2=0.2000 label_smoothing=0.050
D step=5/5 epoch=1/3 loss=0.3417 l2=0.2000 label_smoothing=0.050
D step=5/5 epoch=2/3 loss=0.3329 l2=0.2000 label_smoothing=0.050
D step=5/5 epoch=3/3 loss=0.3375 l2=0.2000 label_smoothing=0.050
ADV epoch=185/200 g_loss=0.0007 d_loss=0.3372 reward=0.1894 reward_var=0.0005 unique=0.0200
D step=1/5 epoch=1/3 loss=0.3117 l2=0.2000 label_smoothing=0.050
D step=1/5 epoch=2/3 loss=0.3089 l2=0.2000 label_smoothing=0.050
D step=1/5 epoch=3/3 loss=0.3118 l2=0.2000 label_smoothing=0.050
D step=2/5 epoch=1/3 loss=0.3229 l2=0.2000 label_smoothing=0.050
D step=2/5 epoch=2/3 loss=0.3207 l2=0.2000 label_smoothing=0.050
D step=2/5 epoch=3/3 loss=0.3261 l2=0.2000 label_smoothing=0.050
D step=3/5 epoch=1/3 loss=0.3778 l2=0.2000 label_smoothing=0.050
D step=3/5 epoch=2/3 loss=0.3731 l2=0.2000 label_smoothing=0.050
D step=3/5 epoch=3/3 loss=0.3682 l2=0.2000 label_smoothing=0.050
D step=4/5 epoch=1/3 loss=0.3491 l2=0.2000 label_smoothing=0.050
D step=4/5 epoch=2/3 loss=0.3453 l2=0.2000 label_smoothing=0.050
D step=4/5 epoch=3/3 loss=0.3512 l2=0.2000 label_smoothing=0.050
D step=5/5 epoch=1/3 loss=0.3304 l2=0.2000 label_smoothing=0.050
D step=5/5 epoch=2/3 loss=0.3230 l2=0.2000 label_smoothing=0.050
D step=5/5 epoch=3/3 loss=0.3280 l2=0.2000 label_smoothing=0.050
ADV epoch=186/200 g_loss=0.0001 d_loss=0.3365 reward=0.1694 reward_var=0.0000 unique=0.0400
D step=1/5 epoch=1/3 loss=0.3365 l2=0.2000 label_smoothing=0.050
D step=1/5 epoch=2/3 loss=0.3341 l2=0.2000 label_smoothing=0.050
D step=1/5 epoch=3/3 loss=0.3359 l2=0.2000 label_smoothing=0.050
D step=2/5 epoch=1/3 loss=0.3347 l2=0.2000 label_smoothing=0.050
D step=2/5 epoch=2/3 loss=0.3371 l2=0.2000 label_smoothing=0.050
D step=2/5 epoch=3/3 loss=0.3322 l2=0.2000 label_smoothing=0.050
D step=3/5 epoch=1/3 loss=0.3230 l2=0.2000 label_smoothing=0.050
D step=3/5 epoch=2/3 loss=0.3244 l2=0.2000 label_smoothing=0.050
D step=3/5 epoch=3/3 loss=0.3225 l2=0.2000 label_smoothing=0.050
D step=4/5 epoch=1/3 loss=0.3472 l2=0.2000 label_smoothing=0.050
D step=4/5 epoch=2/3 loss=0.3471 l2=0.2000 label_smoothing=0.050
D step=4/5 epoch=3/3 loss=0.3450 l2=0.2000 label_smoothing=0.050
D step=5/5 epoch=1/3 loss=0.3250 l2=0.2000 label_smoothing=0.050
D step=5/5 epoch=2/3 loss=0.3218 l2=0.2000 label_smoothing=0.050
D step=5/5 epoch=3/3 loss=0.3269 l2=0.2000 label_smoothing=0.050
ADV epoch=187/200 g_loss=0.0003 d_loss=0.3329 reward=0.2002 reward_var=0.0003 unique=0.0400
D step=1/5 epoch=1/3 loss=0.3440 l2=0.2000 label_smoothing=0.050
D step=1/5 epoch=2/3 loss=0.3484 l2=0.2000 label_smoothing=0.050
D step=1/5 epoch=3/3 loss=0.3457 l2=0.2000 label_smoothing=0.050
D step=2/5 epoch=1/3 loss=0.3665 l2=0.2000 label_smoothing=0.050
D step=2/5 epoch=2/3 loss=0.3676 l2=0.2000 label_smoothing=0.050
D step=2/5 epoch=3/3 loss=0.3627 l2=0.2000 label_smoothing=0.050
D step=3/5 epoch=1/3 loss=0.3154 l2=0.2000 label_smoothing=0.050
D step=3/5 epoch=2/3 loss=0.3179 l2=0.2000 label_smoothing=0.050
D step=3/5 epoch=3/3 loss=0.3081 l2=0.2000 label_smoothing=0.050
D step=4/5 epoch=1/3 loss=0.3472 l2=0.2000 label_smoothing=0.050
D step=4/5 epoch=2/3 loss=0.3485 l2=0.2000 label_smoothing=0.050
D step=4/5 epoch=3/3 loss=0.3500 l2=0.2000 label_smoothing=0.050
D step=5/5 epoch=1/3 loss=0.2995 l2=0.2000 label_smoothing=0.050
D step=5/5 epoch=2/3 loss=0.2970 l2=0.2000 label_smoothing=0.050
D step=5/5 epoch=3/3 loss=0.3013 l2=0.2000 label_smoothing=0.050
ADV epoch=188/200 g_loss=0.0003 d_loss=0.3347 reward=0.1882 reward_var=0.0004 unique=0.0200
D step=1/5 epoch=1/3 loss=0.3497 l2=0.2000 label_smoothing=0.050
D step=1/5 epoch=2/3 loss=0.3490 l2=0.2000 label_smoothing=0.050
D step=1/5 epoch=3/3 loss=0.3463 l2=0.2000 label_smoothing=0.050
D step=2/5 epoch=1/3 loss=0.3485 l2=0.2000 label_smoothing=0.050
D step=2/5 epoch=2/3 loss=0.3482 l2=0.2000 label_smoothing=0.050
D step=2/5 epoch=3/3 loss=0.3472 l2=0.2000 label_smoothing=0.050
D step=3/5 epoch=1/3 loss=0.3243 l2=0.2000 label_smoothing=0.050
D step=3/5 epoch=2/3 loss=0.3249 l2=0.2000 label_smoothing=0.050
D step=3/5 epoch=3/3 loss=0.3270 l2=0.2000 label_smoothing=0.050
D step=4/5 epoch=1/3 loss=0.3267 l2=0.2000 label_smoothing=0.050
D step=4/5 epoch=2/3 loss=0.3230 l2=0.2000 label_smoothing=0.050
D step=4/5 epoch=3/3 loss=0.3217 l2=0.2000 label_smoothing=0.050
D step=5/5 epoch=1/3 loss=0.3382 l2=0.2000 label_smoothing=0.050
D step=5/5 epoch=2/3 loss=0.3369 l2=0.2000 label_smoothing=0.050
D step=5/5 epoch=3/3 loss=0.3397 l2=0.2000 label_smoothing=0.050
ADV epoch=189/200 g_loss=0.0002 d_loss=0.3368 reward=0.1663 reward_var=0.0001 unique=0.0200
D step=1/5 epoch=1/3 loss=0.3332 l2=0.2000 label_smoothing=0.050
D step=1/5 epoch=2/3 loss=0.3356 l2=0.2000 label_smoothing=0.050
D step=1/5 epoch=3/3 loss=0.3380 l2=0.2000 label_smoothing=0.050
D step=2/5 epoch=1/3 loss=0.3351 l2=0.2000 label_smoothing=0.050
D step=2/5 epoch=2/3 loss=0.3354 l2=0.2000 label_smoothing=0.050
D step=2/5 epoch=3/3 loss=0.3399 l2=0.2000 label_smoothing=0.050
D step=3/5 epoch=1/3 loss=0.3682 l2=0.2000 label_smoothing=0.050
D step=3/5 epoch=2/3 loss=0.3684 l2=0.2000 label_smoothing=0.050
D step=3/5 epoch=3/3 loss=0.3695 l2=0.2000 label_smoothing=0.050
D step=4/5 epoch=1/3 loss=0.3620 l2=0.2000 label_smoothing=0.050
D step=4/5 epoch=2/3 loss=0.3597 l2=0.2000 label_smoothing=0.050
D step=4/5 epoch=3/3 loss=0.3574 l2=0.2000 label_smoothing=0.050
D step=5/5 epoch=1/3 loss=0.3712 l2=0.2000 label_smoothing=0.050
D step=5/5 epoch=2/3 loss=0.3704 l2=0.2000 label_smoothing=0.050
D step=5/5 epoch=3/3 loss=0.3710 l2=0.2000 label_smoothing=0.050
ADV epoch=190/200 g_loss=0.0003 d_loss=0.3543 reward=0.1709 reward_var=0.0005 unique=0.0200
D step=1/5 epoch=1/3 loss=0.3170 l2=0.2000 label_smoothing=0.050
D step=1/5 epoch=2/3 loss=0.3140 l2=0.2000 label_smoothing=0.050
D step=1/5 epoch=3/3 loss=0.3147 l2=0.2000 label_smoothing=0.050
D step=2/5 epoch=1/3 loss=0.3105 l2=0.2000 label_smoothing=0.050
D step=2/5 epoch=2/3 loss=0.3143 l2=0.2000 label_smoothing=0.050
D step=2/5 epoch=3/3 loss=0.3078 l2=0.2000 label_smoothing=0.050
D step=3/5 epoch=1/3 loss=0.3362 l2=0.2000 label_smoothing=0.050
D step=3/5 epoch=2/3 loss=0.3405 l2=0.2000 label_smoothing=0.050
D step=3/5 epoch=3/3 loss=0.3412 l2=0.2000 label_smoothing=0.050
D step=4/5 epoch=1/3 loss=0.3444 l2=0.2000 label_smoothing=0.050
D step=4/5 epoch=2/3 loss=0.3553 l2=0.2000 label_smoothing=0.050
D step=4/5 epoch=3/3 loss=0.3540 l2=0.2000 label_smoothing=0.050
D step=5/5 epoch=1/3 loss=0.3286 l2=0.2000 label_smoothing=0.050
D step=5/5 epoch=2/3 loss=0.3248 l2=0.2000 label_smoothing=0.050
D step=5/5 epoch=3/3 loss=0.3287 l2=0.2000 label_smoothing=0.050
ADV epoch=191/200 g_loss=0.0001 d_loss=0.3288 reward=0.2165 reward_var=0.0000 unique=0.0200
D step=1/5 epoch=1/3 loss=0.3488 l2=0.2000 label_smoothing=0.050
D step=1/5 epoch=2/3 loss=0.3476 l2=0.2000 label_smoothing=0.050
D step=1/5 epoch=3/3 loss=0.3500 l2=0.2000 label_smoothing=0.050
D step=2/5 epoch=1/3 loss=0.3372 l2=0.2000 label_smoothing=0.050
D step=2/5 epoch=2/3 loss=0.3346 l2=0.2000 label_smoothing=0.050
D step=2/5 epoch=3/3 loss=0.3373 l2=0.2000 label_smoothing=0.050
D step=3/5 epoch=1/3 loss=0.3108 l2=0.2000 label_smoothing=0.050
D step=3/5 epoch=2/3 loss=0.3075 l2=0.2000 label_smoothing=0.050
D step=3/5 epoch=3/3 loss=0.3108 l2=0.2000 label_smoothing=0.050
D step=4/5 epoch=1/3 loss=0.3246 l2=0.2000 label_smoothing=0.050
D step=4/5 epoch=2/3 loss=0.3214 l2=0.2000 label_smoothing=0.050
D step=4/5 epoch=3/3 loss=0.3285 l2=0.2000 label_smoothing=0.050
D step=5/5 epoch=1/3 loss=0.3267 l2=0.2000 label_smoothing=0.050
D step=5/5 epoch=2/3 loss=0.3209 l2=0.2000 label_smoothing=0.050
D step=5/5 epoch=3/3 loss=0.3259 l2=0.2000 label_smoothing=0.050
ADV epoch=192/200 g_loss=0.0001 d_loss=0.3289 reward=0.1927 reward_var=0.0000 unique=0.0600
D step=1/5 epoch=1/3 loss=0.3368 l2=0.2000 label_smoothing=0.050
D step=1/5 epoch=2/3 loss=0.3309 l2=0.2000 label_smoothing=0.050
D step=1/5 epoch=3/3 loss=0.3395 l2=0.2000 label_smoothing=0.050
D step=2/5 epoch=1/3 loss=0.3572 l2=0.2000 label_smoothing=0.050
D step=2/5 epoch=2/3 loss=0.3595 l2=0.2000 label_smoothing=0.050
D step=2/5 epoch=3/3 loss=0.3627 l2=0.2000 label_smoothing=0.050
D step=3/5 epoch=1/3 loss=0.3364 l2=0.2000 label_smoothing=0.050
D step=3/5 epoch=2/3 loss=0.3388 l2=0.2000 label_smoothing=0.050
D step=3/5 epoch=3/3 loss=0.3341 l2=0.2000 label_smoothing=0.050
D step=4/5 epoch=1/3 loss=0.3368 l2=0.2000 label_smoothing=0.050
D step=4/5 epoch=2/3 loss=0.3384 l2=0.2000 label_smoothing=0.050
D step=4/5 epoch=3/3 loss=0.3391 l2=0.2000 label_smoothing=0.050
D step=5/5 epoch=1/3 loss=0.3572 l2=0.2000 label_smoothing=0.050
D step=5/5 epoch=2/3 loss=0.3601 l2=0.2000 label_smoothing=0.050
D step=5/5 epoch=3/3 loss=0.3567 l2=0.2000 label_smoothing=0.050
ADV epoch=193/200 g_loss=0.0002 d_loss=0.3456 reward=0.1659 reward_var=0.0003 unique=0.0600
D step=1/5 epoch=1/3 loss=0.3643 l2=0.2000 label_smoothing=0.050
D step=1/5 epoch=2/3 loss=0.3601 l2=0.2000 label_smoothing=0.050
D step=1/5 epoch=3/3 loss=0.3581 l2=0.2000 label_smoothing=0.050
D step=2/5 epoch=1/3 loss=0.3594 l2=0.2000 label_smoothing=0.050
D step=2/5 epoch=2/3 loss=0.3591 l2=0.2000 label_smoothing=0.050
D step=2/5 epoch=3/3 loss=0.3582 l2=0.2000 label_smoothing=0.050
D step=3/5 epoch=1/3 loss=0.3157 l2=0.2000 label_smoothing=0.050
D step=3/5 epoch=2/3 loss=0.3121 l2=0.2000 label_smoothing=0.050
D step=3/5 epoch=3/3 loss=0.3121 l2=0.2000 label_smoothing=0.050
D step=4/5 epoch=1/3 loss=0.3374 l2=0.2000 label_smoothing=0.050
D step=4/5 epoch=2/3 loss=0.3360 l2=0.2000 label_smoothing=0.050
D step=4/5 epoch=3/3 loss=0.3309 l2=0.2000 label_smoothing=0.050
D step=5/5 epoch=1/3 loss=0.3394 l2=0.2000 label_smoothing=0.050
D step=5/5 epoch=2/3 loss=0.3392 l2=0.2000 label_smoothing=0.050
D step=5/5 epoch=3/3 loss=0.3367 l2=0.2000 label_smoothing=0.050
ADV epoch=194/200 g_loss=0.0001 d_loss=0.3412 reward=0.1914 reward_var=0.0000 unique=0.0400
D step=1/5 epoch=1/3 loss=0.3238 l2=0.2000 label_smoothing=0.050
D step=1/5 epoch=2/3 loss=0.3260 l2=0.2000 label_smoothing=0.050
D step=1/5 epoch=3/3 loss=0.3201 l2=0.2000 label_smoothing=0.050
D step=2/5 epoch=1/3 loss=0.3488 l2=0.2000 label_smoothing=0.050
D step=2/5 epoch=2/3 loss=0.3458 l2=0.2000 label_smoothing=0.050
D step=2/5 epoch=3/3 loss=0.3473 l2=0.2000 label_smoothing=0.050
D step=3/5 epoch=1/3 loss=0.3263 l2=0.2000 label_smoothing=0.050
D step=3/5 epoch=2/3 loss=0.3190 l2=0.2000 label_smoothing=0.050
D step=3/5 epoch=3/3 loss=0.3199 l2=0.2000 label_smoothing=0.050
D step=4/5 epoch=1/3 loss=0.3242 l2=0.2000 label_smoothing=0.050
D step=4/5 epoch=2/3 loss=0.3242 l2=0.2000 label_smoothing=0.050
D step=4/5 epoch=3/3 loss=0.3262 l2=0.2000 label_smoothing=0.050
D step=5/5 epoch=1/3 loss=0.3623 l2=0.2000 label_smoothing=0.050
D step=5/5 epoch=2/3 loss=0.3575 l2=0.2000 label_smoothing=0.050
D step=5/5 epoch=3/3 loss=0.3593 l2=0.2000 label_smoothing=0.050
ADV epoch=195/200 g_loss=0.0001 d_loss=0.3354 reward=0.1796 reward_var=0.0000 unique=0.0200
D step=1/5 epoch=1/3 loss=0.3489 l2=0.2000 label_smoothing=0.050
D step=1/5 epoch=2/3 loss=0.3474 l2=0.2000 label_smoothing=0.050
D step=1/5 epoch=3/3 loss=0.3489 l2=0.2000 label_smoothing=0.050
D step=2/5 epoch=1/3 loss=0.3663 l2=0.2000 label_smoothing=0.050
D step=2/5 epoch=2/3 loss=0.3617 l2=0.2000 label_smoothing=0.050
D step=2/5 epoch=3/3 loss=0.3581 l2=0.2000 label_smoothing=0.050
D step=3/5 epoch=1/3 loss=0.3361 l2=0.2000 label_smoothing=0.050
D step=3/5 epoch=2/3 loss=0.3367 l2=0.2000 label_smoothing=0.050
D step=3/5 epoch=3/3 loss=0.3336 l2=0.2000 label_smoothing=0.050
D step=4/5 epoch=1/3 loss=0.3311 l2=0.2000 label_smoothing=0.050
D step=4/5 epoch=2/3 loss=0.3339 l2=0.2000 label_smoothing=0.050
D step=4/5 epoch=3/3 loss=0.3292 l2=0.2000 label_smoothing=0.050
D step=5/5 epoch=1/3 loss=0.3264 l2=0.2000 label_smoothing=0.050
D step=5/5 epoch=2/3 loss=0.3271 l2=0.2000 label_smoothing=0.050
D step=5/5 epoch=3/3 loss=0.3214 l2=0.2000 label_smoothing=0.050
ADV epoch=196/200 g_loss=0.0001 d_loss=0.3405 reward=0.1855 reward_var=0.0000 unique=0.0200
D step=1/5 epoch=1/3 loss=0.3282 l2=0.2000 label_smoothing=0.050
D step=1/5 epoch=2/3 loss=0.3242 l2=0.2000 label_smoothing=0.050
D step=1/5 epoch=3/3 loss=0.3213 l2=0.2000 label_smoothing=0.050
D step=2/5 epoch=1/3 loss=0.3000 l2=0.2000 label_smoothing=0.050
D step=2/5 epoch=2/3 loss=0.2990 l2=0.2000 label_smoothing=0.050
D step=2/5 epoch=3/3 loss=0.2963 l2=0.2000 label_smoothing=0.050
D step=3/5 epoch=1/3 loss=0.3442 l2=0.2000 label_smoothing=0.050
D step=3/5 epoch=2/3 loss=0.3484 l2=0.2000 label_smoothing=0.050
D step=3/5 epoch=3/3 loss=0.3481 l2=0.2000 label_smoothing=0.050
D step=4/5 epoch=1/3 loss=0.3660 l2=0.2000 label_smoothing=0.050
D step=4/5 epoch=2/3 loss=0.3603 l2=0.2000 label_smoothing=0.050
D step=4/5 epoch=3/3 loss=0.3606 l2=0.2000 label_smoothing=0.050
D step=5/5 epoch=1/3 loss=0.3589 l2=0.2000 label_smoothing=0.050
D step=5/5 epoch=2/3 loss=0.3562 l2=0.2000 label_smoothing=0.050
D step=5/5 epoch=3/3 loss=0.3585 l2=0.2000 label_smoothing=0.050
ADV epoch=197/200 g_loss=0.0001 d_loss=0.3380 reward=0.1755 reward_var=0.0000 unique=0.0200
D step=1/5 epoch=1/3 loss=0.3337 l2=0.2000 label_smoothing=0.050
D step=1/5 epoch=2/3 loss=0.3397 l2=0.2000 label_smoothing=0.050
D step=1/5 epoch=3/3 loss=0.3384 l2=0.2000 label_smoothing=0.050
D step=2/5 epoch=1/3 loss=0.3167 l2=0.2000 label_smoothing=0.050
D step=2/5 epoch=2/3 loss=0.3105 l2=0.2000 label_smoothing=0.050
D step=2/5 epoch=3/3 loss=0.3160 l2=0.2000 label_smoothing=0.050
D step=3/5 epoch=1/3 loss=0.3153 l2=0.2000 label_smoothing=0.050
D step=3/5 epoch=2/3 loss=0.3217 l2=0.2000 label_smoothing=0.050
D step=3/5 epoch=3/3 loss=0.3231 l2=0.2000 label_smoothing=0.050
D step=4/5 epoch=1/3 loss=0.3347 l2=0.2000 label_smoothing=0.050
D step=4/5 epoch=2/3 loss=0.3340 l2=0.2000 label_smoothing=0.050
D step=4/5 epoch=3/3 loss=0.3339 l2=0.2000 label_smoothing=0.050
D step=5/5 epoch=1/3 loss=0.3467 l2=0.2000 label_smoothing=0.050
D step=5/5 epoch=2/3 loss=0.3464 l2=0.2000 label_smoothing=0.050
D step=5/5 epoch=3/3 loss=0.3469 l2=0.2000 label_smoothing=0.050
ADV epoch=198/200 g_loss=0.0001 d_loss=0.3305 reward=0.2025 reward_var=0.0000 unique=0.0200
D step=1/5 epoch=1/3 loss=0.3462 l2=0.2000 label_smoothing=0.050
D step=1/5 epoch=2/3 loss=0.3488 l2=0.2000 label_smoothing=0.050
D step=1/5 epoch=3/3 loss=0.3501 l2=0.2000 label_smoothing=0.050
D step=2/5 epoch=1/3 loss=0.3255 l2=0.2000 label_smoothing=0.050
D step=2/5 epoch=2/3 loss=0.3201 l2=0.2000 label_smoothing=0.050
D step=2/5 epoch=3/3 loss=0.3233 l2=0.2000 label_smoothing=0.050
D step=3/5 epoch=1/3 loss=0.3708 l2=0.2000 label_smoothing=0.050
D step=3/5 epoch=2/3 loss=0.3730 l2=0.2000 label_smoothing=0.050
D step=3/5 epoch=3/3 loss=0.3731 l2=0.2000 label_smoothing=0.050
D step=4/5 epoch=1/3 loss=0.3308 l2=0.2000 label_smoothing=0.050
D step=4/5 epoch=2/3 loss=0.3253 l2=0.2000 label_smoothing=0.050
D step=4/5 epoch=3/3 loss=0.3298 l2=0.2000 label_smoothing=0.050
D step=5/5 epoch=1/3 loss=0.3591 l2=0.2000 label_smoothing=0.050
D step=5/5 epoch=2/3 loss=0.3507 l2=0.2000 label_smoothing=0.050
D step=5/5 epoch=3/3 loss=0.3590 l2=0.2000 label_smoothing=0.050
ADV epoch=199/200 g_loss=0.0001 d_loss=0.3457 reward=0.1882 reward_var=0.0000 unique=0.0200
D step=1/5 epoch=1/3 loss=0.3166 l2=0.2000 label_smoothing=0.050
D step=1/5 epoch=2/3 loss=0.3105 l2=0.2000 label_smoothing=0.050
D step=1/5 epoch=3/3 loss=0.3155 l2=0.2000 label_smoothing=0.050
D step=2/5 epoch=1/3 loss=0.3402 l2=0.2000 label_smoothing=0.050
D step=2/5 epoch=2/3 loss=0.3368 l2=0.2000 label_smoothing=0.050
D step=2/5 epoch=3/3 loss=0.3417 l2=0.2000 label_smoothing=0.050
D step=3/5 epoch=1/3 loss=0.3478 l2=0.2000 label_smoothing=0.050
D step=3/5 epoch=2/3 loss=0.3484 l2=0.2000 label_smoothing=0.050
D step=3/5 epoch=3/3 loss=0.3488 l2=0.2000 label_smoothing=0.050
D step=4/5 epoch=1/3 loss=0.3325 l2=0.2000 label_smoothing=0.050
D step=4/5 epoch=2/3 loss=0.3320 l2=0.2000 label_smoothing=0.050
D step=4/5 epoch=3/3 loss=0.3335 l2=0.2000 label_smoothing=0.050
D step=5/5 epoch=1/3 loss=0.3437 l2=0.2000 label_smoothing=0.050
D step=5/5 epoch=2/3 loss=0.3473 l2=0.2000 label_smoothing=0.050
D step=5/5 epoch=3/3 loss=0.3471 l2=0.2000 label_smoothing=0.050
ADV epoch=200/200 g_loss=0.0005 d_loss=0.3362 reward=0.1946 reward_var=0.0004 unique=0.0400
saved 2000 raw samples to /content/drive/MyDrive/GAN/GAN_for_SQLi/result/phase3/seqgan_improved/union/F/R200/V3/generated_payloads.csv
