
[1/3] pretrain G
G epoch=1/120 loss=4.6000
G epoch=2/120 loss=4.4533
G epoch=3/120 loss=4.2840
G epoch=4/120 loss=4.0654
G epoch=5/120 loss=3.8107
G epoch=6/120 loss=3.5666
G epoch=7/120 loss=3.2994
G epoch=8/120 loss=2.9954
G epoch=9/120 loss=2.8649
G epoch=10/120 loss=2.7849
G epoch=11/120 loss=2.6831
G epoch=12/120 loss=2.6049
G epoch=13/120 loss=2.5513
G epoch=14/120 loss=2.4664
G epoch=15/120 loss=2.3761
G epoch=16/120 loss=2.2639
G epoch=17/120 loss=2.2018
G epoch=18/120 loss=2.2099
G epoch=19/120 loss=2.0592
G epoch=20/120 loss=2.0717
G epoch=21/120 loss=1.9799
G epoch=22/120 loss=1.9847
G epoch=23/120 loss=1.8987
G epoch=24/120 loss=1.8222
G epoch=25/120 loss=1.8161
G epoch=26/120 loss=1.7284
G epoch=27/120 loss=1.7393
G epoch=28/120 loss=1.6685
G epoch=29/120 loss=1.6157
G epoch=30/120 loss=1.5832
G epoch=31/120 loss=1.5450
G epoch=32/120 loss=1.5564
G epoch=33/120 loss=1.4505
G epoch=34/120 loss=1.4380
G epoch=35/120 loss=1.4245
G epoch=36/120 loss=1.3933
G epoch=37/120 loss=1.3611
G epoch=38/120 loss=1.2762
G epoch=39/120 loss=1.2670
G epoch=40/120 loss=1.2937
G epoch=41/120 loss=1.2333
G epoch=42/120 loss=1.2299
G epoch=43/120 loss=1.2230
G epoch=44/120 loss=1.1751
G epoch=45/120 loss=1.1803
G epoch=46/120 loss=1.1700
G epoch=47/120 loss=1.1293
G epoch=48/120 loss=1.1215
G epoch=49/120 loss=1.0589
G epoch=50/120 loss=1.0430
G epoch=51/120 loss=1.0193
G epoch=52/120 loss=0.9572
G epoch=53/120 loss=0.9748
G epoch=54/120 loss=0.9607
G epoch=55/120 loss=0.9799
G epoch=56/120 loss=0.9320
G epoch=57/120 loss=0.9328
G epoch=58/120 loss=0.9247
G epoch=59/120 loss=0.8883
G epoch=60/120 loss=0.8912
G epoch=61/120 loss=0.8907
G epoch=62/120 loss=0.8538
G epoch=63/120 loss=0.8107
G epoch=64/120 loss=0.8636
G epoch=65/120 loss=0.7898
G epoch=66/120 loss=0.8177
G epoch=67/120 loss=0.8004
G epoch=68/120 loss=0.8110
G epoch=69/120 loss=0.7841
G epoch=70/120 loss=0.7445
G epoch=71/120 loss=0.7767
G epoch=72/120 loss=0.7557
G epoch=73/120 loss=0.7703
G epoch=74/120 loss=0.7313
G epoch=75/120 loss=0.7560
G epoch=76/120 loss=0.7324
G epoch=77/120 loss=0.7024
G epoch=78/120 loss=0.6947
G epoch=79/120 loss=0.6958
G epoch=80/120 loss=0.6921
G epoch=81/120 loss=0.6992
G epoch=82/120 loss=0.6635
G epoch=83/120 loss=0.6886
G epoch=84/120 loss=0.6761
G epoch=85/120 loss=0.6625
G epoch=86/120 loss=0.6650
G epoch=87/120 loss=0.6215
G epoch=88/120 loss=0.6512
G epoch=89/120 loss=0.6545
G epoch=90/120 loss=0.6101
G epoch=91/120 loss=0.6460
G epoch=92/120 loss=0.6349
G epoch=93/120 loss=0.6224
G epoch=94/120 loss=0.6089
G epoch=95/120 loss=0.5999
G epoch=96/120 loss=0.6039
G epoch=97/120 loss=0.6153
G epoch=98/120 loss=0.6212
G epoch=99/120 loss=0.5693
G epoch=100/120 loss=0.5772
G epoch=101/120 loss=0.6015
G epoch=102/120 loss=0.5815
G epoch=103/120 loss=0.5920
G epoch=104/120 loss=0.5973
G epoch=105/120 loss=0.5657
G epoch=106/120 loss=0.5581
G epoch=107/120 loss=0.5938
G epoch=108/120 loss=0.5651
G epoch=109/120 loss=0.5352
G epoch=110/120 loss=0.5587
G epoch=111/120 loss=0.5650
G epoch=112/120 loss=0.5504
G epoch=113/120 loss=0.5355
G epoch=114/120 loss=0.5497
G epoch=115/120 loss=0.5426
G epoch=116/120 loss=0.5317
G epoch=117/120 loss=0.5055
G epoch=118/120 loss=0.5285
G epoch=119/120 loss=0.5254
G epoch=120/120 loss=0.5017

[2/3] pretrain D
D step=1/50 epoch=1/3 loss=0.9815 l2=0.2000 label_smoothing=0.000
D step=1/50 epoch=2/3 loss=0.7244 l2=0.2000 label_smoothing=0.000
D step=1/50 epoch=3/3 loss=0.7825 l2=0.2000 label_smoothing=0.000
D step=2/50 epoch=1/3 loss=0.7597 l2=0.2000 label_smoothing=0.000
D step=2/50 epoch=2/3 loss=0.7095 l2=0.2000 label_smoothing=0.000
D step=2/50 epoch=3/3 loss=0.6846 l2=0.2000 label_smoothing=0.000
D step=3/50 epoch=1/3 loss=0.6553 l2=0.2000 label_smoothing=0.000
D step=3/50 epoch=2/3 loss=0.6578 l2=0.2000 label_smoothing=0.000
D step=3/50 epoch=3/3 loss=0.6207 l2=0.2000 label_smoothing=0.000
D step=4/50 epoch=1/3 loss=0.6328 l2=0.2000 label_smoothing=0.000
D step=4/50 epoch=2/3 loss=0.6026 l2=0.2000 label_smoothing=0.000
D step=4/50 epoch=3/3 loss=0.5699 l2=0.2000 label_smoothing=0.000
D step=5/50 epoch=1/3 loss=0.5970 l2=0.2000 label_smoothing=0.000
D step=5/50 epoch=2/3 loss=0.5780 l2=0.2000 label_smoothing=0.000
D step=5/50 epoch=3/3 loss=0.5358 l2=0.2000 label_smoothing=0.000
D step=6/50 epoch=1/3 loss=0.5781 l2=0.2000 label_smoothing=0.000
D step=6/50 epoch=2/3 loss=0.5711 l2=0.2000 label_smoothing=0.000
D step=6/50 epoch=3/3 loss=0.5314 l2=0.2000 label_smoothing=0.000
D step=7/50 epoch=1/3 loss=0.5277 l2=0.2000 label_smoothing=0.000
D step=7/50 epoch=2/3 loss=0.5054 l2=0.2000 label_smoothing=0.000
D step=7/50 epoch=3/3 loss=0.4891 l2=0.2000 label_smoothing=0.000
D step=8/50 epoch=1/3 loss=0.5015 l2=0.2000 label_smoothing=0.000
D step=8/50 epoch=2/3 loss=0.4947 l2=0.2000 label_smoothing=0.000
D step=8/50 epoch=3/3 loss=0.4809 l2=0.2000 label_smoothing=0.000
D step=9/50 epoch=1/3 loss=0.4548 l2=0.2000 label_smoothing=0.000
D step=9/50 epoch=2/3 loss=0.4424 l2=0.2000 label_smoothing=0.000
D step=9/50 epoch=3/3 loss=0.4123 l2=0.2000 label_smoothing=0.000
D step=10/50 epoch=1/3 loss=0.3917 l2=0.2000 label_smoothing=0.000
D step=10/50 epoch=2/3 loss=0.4048 l2=0.2000 label_smoothing=0.000
D step=10/50 epoch=3/3 loss=0.3863 l2=0.2000 label_smoothing=0.000
D step=11/50 epoch=1/3 loss=0.4011 l2=0.2000 label_smoothing=0.000
D step=11/50 epoch=2/3 loss=0.3810 l2=0.2000 label_smoothing=0.000
D step=11/50 epoch=3/3 loss=0.3519 l2=0.2000 label_smoothing=0.000
D step=12/50 epoch=1/3 loss=0.3784 l2=0.2000 label_smoothing=0.000
D step=12/50 epoch=2/3 loss=0.3491 l2=0.2000 label_smoothing=0.000
D step=12/50 epoch=3/3 loss=0.3343 l2=0.2000 label_smoothing=0.000
D step=13/50 epoch=1/3 loss=0.3292 l2=0.2000 label_smoothing=0.000
D step=13/50 epoch=2/3 loss=0.3390 l2=0.2000 label_smoothing=0.000
D step=13/50 epoch=3/3 loss=0.3075 l2=0.2000 label_smoothing=0.000
D step=14/50 epoch=1/3 loss=0.3571 l2=0.2000 label_smoothing=0.000
D step=14/50 epoch=2/3 loss=0.3334 l2=0.2000 label_smoothing=0.000
D step=14/50 epoch=3/3 loss=0.3108 l2=0.2000 label_smoothing=0.000
D step=15/50 epoch=1/3 loss=0.2839 l2=0.2000 label_smoothing=0.000
D step=15/50 epoch=2/3 loss=0.2772 l2=0.2000 label_smoothing=0.000
D step=15/50 epoch=3/3 loss=0.2620 l2=0.2000 label_smoothing=0.000
D step=16/50 epoch=1/3 loss=0.2637 l2=0.2000 label_smoothing=0.000
D step=16/50 epoch=2/3 loss=0.2545 l2=0.2000 label_smoothing=0.000
D step=16/50 epoch=3/3 loss=0.2568 l2=0.2000 label_smoothing=0.000
D step=17/50 epoch=1/3 loss=0.3069 l2=0.2000 label_smoothing=0.000
D step=17/50 epoch=2/3 loss=0.2954 l2=0.2000 label_smoothing=0.000
D step=17/50 epoch=3/3 loss=0.2718 l2=0.2000 label_smoothing=0.000
D step=18/50 epoch=1/3 loss=0.2855 l2=0.2000 label_smoothing=0.000
D step=18/50 epoch=2/3 loss=0.2812 l2=0.2000 label_smoothing=0.000
D step=18/50 epoch=3/3 loss=0.2498 l2=0.2000 label_smoothing=0.000
D step=19/50 epoch=1/3 loss=0.3229 l2=0.2000 label_smoothing=0.000
D step=19/50 epoch=2/3 loss=0.2982 l2=0.2000 label_smoothing=0.000
D step=19/50 epoch=3/3 loss=0.2721 l2=0.2000 label_smoothing=0.000
D step=20/50 epoch=1/3 loss=0.3322 l2=0.2000 label_smoothing=0.000
D step=20/50 epoch=2/3 loss=0.2850 l2=0.2000 label_smoothing=0.000
D step=20/50 epoch=3/3 loss=0.2779 l2=0.2000 label_smoothing=0.000
D step=21/50 epoch=1/3 loss=0.3191 l2=0.2000 label_smoothing=0.000
D step=21/50 epoch=2/3 loss=0.3249 l2=0.2000 label_smoothing=0.000
D step=21/50 epoch=3/3 loss=0.2973 l2=0.2000 label_smoothing=0.000
D step=22/50 epoch=1/3 loss=0.2632 l2=0.2000 label_smoothing=0.000
D step=22/50 epoch=2/3 loss=0.2543 l2=0.2000 label_smoothing=0.000
D step=22/50 epoch=3/3 loss=0.2307 l2=0.2000 label_smoothing=0.000
D step=23/50 epoch=1/3 loss=0.2776 l2=0.2000 label_smoothing=0.000
D step=23/50 epoch=2/3 loss=0.2418 l2=0.2000 label_smoothing=0.000
D step=23/50 epoch=3/3 loss=0.2003 l2=0.2000 label_smoothing=0.000
D step=24/50 epoch=1/3 loss=0.3247 l2=0.2000 label_smoothing=0.000
D step=24/50 epoch=2/3 loss=0.3110 l2=0.2000 label_smoothing=0.000
D step=24/50 epoch=3/3 loss=0.2618 l2=0.2000 label_smoothing=0.000
D step=25/50 epoch=1/3 loss=0.3555 l2=0.2000 label_smoothing=0.000
D step=25/50 epoch=2/3 loss=0.3689 l2=0.2000 label_smoothing=0.000
D step=25/50 epoch=3/3 loss=0.3151 l2=0.2000 label_smoothing=0.000
D step=26/50 epoch=1/3 loss=0.2897 l2=0.2000 label_smoothing=0.000
D step=26/50 epoch=2/3 loss=0.2522 l2=0.2000 label_smoothing=0.000
D step=26/50 epoch=3/3 loss=0.2616 l2=0.2000 label_smoothing=0.000
D step=27/50 epoch=1/3 loss=0.2315 l2=0.2000 label_smoothing=0.000
D step=27/50 epoch=2/3 loss=0.2295 l2=0.2000 label_smoothing=0.000
D step=27/50 epoch=3/3 loss=0.2172 l2=0.2000 label_smoothing=0.000
D step=28/50 epoch=1/3 loss=0.1595 l2=0.2000 label_smoothing=0.000
D step=28/50 epoch=2/3 loss=0.1661 l2=0.2000 label_smoothing=0.000
D step=28/50 epoch=3/3 loss=0.1554 l2=0.2000 label_smoothing=0.000
D step=29/50 epoch=1/3 loss=0.2508 l2=0.2000 label_smoothing=0.000
D step=29/50 epoch=2/3 loss=0.2385 l2=0.2000 label_smoothing=0.000
D step=29/50 epoch=3/3 loss=0.2186 l2=0.2000 label_smoothing=0.000
D step=30/50 epoch=1/3 loss=0.3247 l2=0.2000 label_smoothing=0.000
D step=30/50 epoch=2/3 loss=0.2684 l2=0.2000 label_smoothing=0.000
D step=30/50 epoch=3/3 loss=0.2530 l2=0.2000 label_smoothing=0.000
D step=31/50 epoch=1/3 loss=0.2508 l2=0.2000 label_smoothing=0.000
D step=31/50 epoch=2/3 loss=0.2549 l2=0.2000 label_smoothing=0.000
D step=31/50 epoch=3/3 loss=0.2343 l2=0.2000 label_smoothing=0.000
D step=32/50 epoch=1/3 loss=0.2601 l2=0.2000 label_smoothing=0.000
D step=32/50 epoch=2/3 loss=0.2525 l2=0.2000 label_smoothing=0.000
D step=32/50 epoch=3/3 loss=0.2353 l2=0.2000 label_smoothing=0.000
D step=33/50 epoch=1/3 loss=0.3018 l2=0.2000 label_smoothing=0.000
D step=33/50 epoch=2/3 loss=0.2642 l2=0.2000 label_smoothing=0.000
D step=33/50 epoch=3/3 loss=0.2517 l2=0.2000 label_smoothing=0.000
D step=34/50 epoch=1/3 loss=0.2308 l2=0.2000 label_smoothing=0.000
D step=34/50 epoch=2/3 loss=0.2208 l2=0.2000 label_smoothing=0.000
D step=34/50 epoch=3/3 loss=0.1858 l2=0.2000 label_smoothing=0.000
D step=35/50 epoch=1/3 loss=0.2502 l2=0.2000 label_smoothing=0.000
D step=35/50 epoch=2/3 loss=0.2476 l2=0.2000 label_smoothing=0.000
D step=35/50 epoch=3/3 loss=0.2442 l2=0.2000 label_smoothing=0.000
D step=36/50 epoch=1/3 loss=0.1688 l2=0.2000 label_smoothing=0.000
D step=36/50 epoch=2/3 loss=0.1594 l2=0.2000 label_smoothing=0.000
D step=36/50 epoch=3/3 loss=0.1627 l2=0.2000 label_smoothing=0.000
D step=37/50 epoch=1/3 loss=0.1889 l2=0.2000 label_smoothing=0.000
D step=37/50 epoch=2/3 loss=0.1883 l2=0.2000 label_smoothing=0.000
D step=37/50 epoch=3/3 loss=0.1720 l2=0.2000 label_smoothing=0.000
D step=38/50 epoch=1/3 loss=0.1995 l2=0.2000 label_smoothing=0.000
D step=38/50 epoch=2/3 loss=0.1924 l2=0.2000 label_smoothing=0.000
D step=38/50 epoch=3/3 loss=0.1650 l2=0.2000 label_smoothing=0.000
D step=39/50 epoch=1/3 loss=0.2406 l2=0.2000 label_smoothing=0.000
D step=39/50 epoch=2/3 loss=0.2255 l2=0.2000 label_smoothing=0.000
D step=39/50 epoch=3/3 loss=0.1861 l2=0.2000 label_smoothing=0.000
D step=40/50 epoch=1/3 loss=0.2158 l2=0.2000 label_smoothing=0.000
D step=40/50 epoch=2/3 loss=0.2042 l2=0.2000 label_smoothing=0.000
D step=40/50 epoch=3/3 loss=0.2095 l2=0.2000 label_smoothing=0.000
D step=41/50 epoch=1/3 loss=0.3814 l2=0.2000 label_smoothing=0.000
D step=41/50 epoch=2/3 loss=0.2962 l2=0.2000 label_smoothing=0.000
D step=41/50 epoch=3/3 loss=0.2684 l2=0.2000 label_smoothing=0.000
D step=42/50 epoch=1/3 loss=0.2750 l2=0.2000 label_smoothing=0.000
D step=42/50 epoch=2/3 loss=0.2970 l2=0.2000 label_smoothing=0.000
D step=42/50 epoch=3/3 loss=0.2370 l2=0.2000 label_smoothing=0.000
D step=43/50 epoch=1/3 loss=0.1846 l2=0.2000 label_smoothing=0.000
D step=43/50 epoch=2/3 loss=0.1685 l2=0.2000 label_smoothing=0.000
D step=43/50 epoch=3/3 loss=0.1761 l2=0.2000 label_smoothing=0.000
D step=44/50 epoch=1/3 loss=0.2772 l2=0.2000 label_smoothing=0.000
D step=44/50 epoch=2/3 loss=0.2096 l2=0.2000 label_smoothing=0.000
D step=44/50 epoch=3/3 loss=0.2357 l2=0.2000 label_smoothing=0.000
D step=45/50 epoch=1/3 loss=0.2549 l2=0.2000 label_smoothing=0.000
D step=45/50 epoch=2/3 loss=0.2562 l2=0.2000 label_smoothing=0.000
D step=45/50 epoch=3/3 loss=0.2334 l2=0.2000 label_smoothing=0.000
D step=46/50 epoch=1/3 loss=0.2212 l2=0.2000 label_smoothing=0.000
D step=46/50 epoch=2/3 loss=0.1903 l2=0.2000 label_smoothing=0.000
D step=46/50 epoch=3/3 loss=0.1631 l2=0.2000 label_smoothing=0.000
D step=47/50 epoch=1/3 loss=0.2384 l2=0.2000 label_smoothing=0.000
D step=47/50 epoch=2/3 loss=0.2310 l2=0.2000 label_smoothing=0.000
D step=47/50 epoch=3/3 loss=0.2161 l2=0.2000 label_smoothing=0.000
D step=48/50 epoch=1/3 loss=0.2433 l2=0.2000 label_smoothing=0.000
D step=48/50 epoch=2/3 loss=0.2340 l2=0.2000 label_smoothing=0.000
D step=48/50 epoch=3/3 loss=0.2017 l2=0.2000 label_smoothing=0.000
D step=49/50 epoch=1/3 loss=0.1752 l2=0.2000 label_smoothing=0.000
D step=49/50 epoch=2/3 loss=0.1502 l2=0.2000 label_smoothing=0.000
D step=49/50 epoch=3/3 loss=0.1541 l2=0.2000 label_smoothing=0.000
D step=50/50 epoch=1/3 loss=0.2598 l2=0.2000 label_smoothing=0.000
D step=50/50 epoch=2/3 loss=0.2250 l2=0.2000 label_smoothing=0.000
D step=50/50 epoch=3/3 loss=0.2131 l2=0.2000 label_smoothing=0.000

[3/3] adversarial
generator_reward_mode=off reward_alpha=1.000 d_steps=5 d_epochs=3
D step=1/5 epoch=1/3 loss=0.2824 l2=0.2000 label_smoothing=0.000
D step=1/5 epoch=2/3 loss=0.2864 l2=0.2000 label_smoothing=0.000
D step=1/5 epoch=3/3 loss=0.1938 l2=0.2000 label_smoothing=0.000
D step=2/5 epoch=1/3 loss=0.2110 l2=0.2000 label_smoothing=0.000
D step=2/5 epoch=2/3 loss=0.1916 l2=0.2000 label_smoothing=0.000
D step=2/5 epoch=3/3 loss=0.1657 l2=0.2000 label_smoothing=0.000
D step=3/5 epoch=1/3 loss=0.2028 l2=0.2000 label_smoothing=0.000
D step=3/5 epoch=2/3 loss=0.2014 l2=0.2000 label_smoothing=0.000
D step=3/5 epoch=3/3 loss=0.1733 l2=0.2000 label_smoothing=0.000
D step=4/5 epoch=1/3 loss=0.1418 l2=0.2000 label_smoothing=0.000
D step=4/5 epoch=2/3 loss=0.1220 l2=0.2000 label_smoothing=0.000
D step=4/5 epoch=3/3 loss=0.1211 l2=0.2000 label_smoothing=0.000
D step=5/5 epoch=1/3 loss=0.1594 l2=0.2000 label_smoothing=0.000
D step=5/5 epoch=2/3 loss=0.1501 l2=0.2000 label_smoothing=0.000
D step=5/5 epoch=3/3 loss=0.1461 l2=0.2000 label_smoothing=0.000
ADV epoch=1/200 g_loss=0.0345 d_loss=0.1833 reward=0.0723 reward_var=0.0192 unique=0.9400
D step=1/5 epoch=1/3 loss=0.2672 l2=0.2000 label_smoothing=0.000
D step=1/5 epoch=2/3 loss=0.2189 l2=0.2000 label_smoothing=0.000
D step=1/5 epoch=3/3 loss=0.1857 l2=0.2000 label_smoothing=0.000
D step=2/5 epoch=1/3 loss=0.2373 l2=0.2000 label_smoothing=0.000
D step=2/5 epoch=2/3 loss=0.1921 l2=0.2000 label_smoothing=0.000
D step=2/5 epoch=3/3 loss=0.1717 l2=0.2000 label_smoothing=0.000
D step=3/5 epoch=1/3 loss=0.1743 l2=0.2000 label_smoothing=0.000
D step=3/5 epoch=2/3 loss=0.1442 l2=0.2000 label_smoothing=0.000
D step=3/5 epoch=3/3 loss=0.1446 l2=0.2000 label_smoothing=0.000
D step=4/5 epoch=1/3 loss=0.2953 l2=0.2000 label_smoothing=0.000
D step=4/5 epoch=2/3 loss=0.2482 l2=0.2000 label_smoothing=0.000
D step=4/5 epoch=3/3 loss=0.2397 l2=0.2000 label_smoothing=0.000
D step=5/5 epoch=1/3 loss=0.2145 l2=0.2000 label_smoothing=0.000
D step=5/5 epoch=2/3 loss=0.2129 l2=0.2000 label_smoothing=0.000
D step=5/5 epoch=3/3 loss=0.1844 l2=0.2000 label_smoothing=0.000
ADV epoch=2/200 g_loss=0.0370 d_loss=0.2087 reward=0.1244 reward_var=0.0409 unique=0.9400
D step=1/5 epoch=1/3 loss=0.3194 l2=0.2000 label_smoothing=0.000
D step=1/5 epoch=2/3 loss=0.2539 l2=0.2000 label_smoothing=0.000
D step=1/5 epoch=3/3 loss=0.2535 l2=0.2000 label_smoothing=0.000
D step=2/5 epoch=1/3 loss=0.2573 l2=0.2000 label_smoothing=0.000
D step=2/5 epoch=2/3 loss=0.2820 l2=0.2000 label_smoothing=0.000
D step=2/5 epoch=3/3 loss=0.2275 l2=0.2000 label_smoothing=0.000
D step=3/5 epoch=1/3 loss=0.3070 l2=0.2000 label_smoothing=0.000
D step=3/5 epoch=2/3 loss=0.2731 l2=0.2000 label_smoothing=0.000
D step=3/5 epoch=3/3 loss=0.3183 l2=0.2000 label_smoothing=0.000
D step=4/5 epoch=1/3 loss=0.2519 l2=0.2000 label_smoothing=0.000
D step=4/5 epoch=2/3 loss=0.2231 l2=0.2000 label_smoothing=0.000
D step=4/5 epoch=3/3 loss=0.2176 l2=0.2000 label_smoothing=0.000
D step=5/5 epoch=1/3 loss=0.2212 l2=0.2000 label_smoothing=0.000
D step=5/5 epoch=2/3 loss=0.2602 l2=0.2000 label_smoothing=0.000
D step=5/5 epoch=3/3 loss=0.2229 l2=0.2000 label_smoothing=0.000
ADV epoch=3/200 g_loss=0.0372 d_loss=0.2592 reward=0.0885 reward_var=0.0239 unique=0.8400
D step=1/5 epoch=1/3 loss=0.1900 l2=0.2000 label_smoothing=0.000
D step=1/5 epoch=2/3 loss=0.2128 l2=0.2000 label_smoothing=0.000
D step=1/5 epoch=3/3 loss=0.1890 l2=0.2000 label_smoothing=0.000
D step=2/5 epoch=1/3 loss=0.1765 l2=0.2000 label_smoothing=0.000
D step=2/5 epoch=2/3 loss=0.1845 l2=0.2000 label_smoothing=0.000
D step=2/5 epoch=3/3 loss=0.1446 l2=0.2000 label_smoothing=0.000
D step=3/5 epoch=1/3 loss=0.2844 l2=0.2000 label_smoothing=0.000
D step=3/5 epoch=2/3 loss=0.2380 l2=0.2000 label_smoothing=0.000
D step=3/5 epoch=3/3 loss=0.2522 l2=0.2000 label_smoothing=0.000
D step=4/5 epoch=1/3 loss=0.2186 l2=0.2000 label_smoothing=0.000
D step=4/5 epoch=2/3 loss=0.1799 l2=0.2000 label_smoothing=0.000
D step=4/5 epoch=3/3 loss=0.2239 l2=0.2000 label_smoothing=0.000
D step=5/5 epoch=1/3 loss=0.2692 l2=0.2000 label_smoothing=0.000
D step=5/5 epoch=2/3 loss=0.2437 l2=0.2000 label_smoothing=0.000
D step=5/5 epoch=3/3 loss=0.2737 l2=0.2000 label_smoothing=0.000
ADV epoch=4/200 g_loss=0.0449 d_loss=0.2187 reward=0.1522 reward_var=0.0274 unique=0.9000
D step=1/5 epoch=1/3 loss=0.3502 l2=0.2000 label_smoothing=0.000
D step=1/5 epoch=2/3 loss=0.2783 l2=0.2000 label_smoothing=0.000
D step=1/5 epoch=3/3 loss=0.2521 l2=0.2000 label_smoothing=0.000
D step=2/5 epoch=1/3 loss=0.1981 l2=0.2000 label_smoothing=0.000
D step=2/5 epoch=2/3 loss=0.2019 l2=0.2000 label_smoothing=0.000
D step=2/5 epoch=3/3 loss=0.1793 l2=0.2000 label_smoothing=0.000
D step=3/5 epoch=1/3 loss=0.2393 l2=0.2000 label_smoothing=0.000
D step=3/5 epoch=2/3 loss=0.2273 l2=0.2000 label_smoothing=0.000
D step=3/5 epoch=3/3 loss=0.2111 l2=0.2000 label_smoothing=0.000
D step=4/5 epoch=1/3 loss=0.2431 l2=0.2000 label_smoothing=0.000
D step=4/5 epoch=2/3 loss=0.2276 l2=0.2000 label_smoothing=0.000
D step=4/5 epoch=3/3 loss=0.2089 l2=0.2000 label_smoothing=0.000
D step=5/5 epoch=1/3 loss=0.2563 l2=0.2000 label_smoothing=0.000
D step=5/5 epoch=2/3 loss=0.2219 l2=0.2000 label_smoothing=0.000
D step=5/5 epoch=3/3 loss=0.2211 l2=0.2000 label_smoothing=0.000
ADV epoch=5/200 g_loss=0.0242 d_loss=0.2344 reward=0.0943 reward_var=0.0289 unique=0.8000
D step=1/5 epoch=1/3 loss=0.3485 l2=0.2000 label_smoothing=0.000
D step=1/5 epoch=2/3 loss=0.2917 l2=0.2000 label_smoothing=0.000
D step=1/5 epoch=3/3 loss=0.2722 l2=0.2000 label_smoothing=0.000
D step=2/5 epoch=1/3 loss=0.2365 l2=0.2000 label_smoothing=0.000
D step=2/5 epoch=2/3 loss=0.2362 l2=0.2000 label_smoothing=0.000
D step=2/5 epoch=3/3 loss=0.2273 l2=0.2000 label_smoothing=0.000
D step=3/5 epoch=1/3 loss=0.2608 l2=0.2000 label_smoothing=0.000
D step=3/5 epoch=2/3 loss=0.2640 l2=0.2000 label_smoothing=0.000
D step=3/5 epoch=3/3 loss=0.2537 l2=0.2000 label_smoothing=0.000
D step=4/5 epoch=1/3 loss=0.2840 l2=0.2000 label_smoothing=0.000
D step=4/5 epoch=2/3 loss=0.2777 l2=0.2000 label_smoothing=0.000
D step=4/5 epoch=3/3 loss=0.2426 l2=0.2000 label_smoothing=0.000
D step=5/5 epoch=1/3 loss=0.2238 l2=0.2000 label_smoothing=0.000
D step=5/5 epoch=2/3 loss=0.2243 l2=0.2000 label_smoothing=0.000
D step=5/5 epoch=3/3 loss=0.2130 l2=0.2000 label_smoothing=0.000
ADV epoch=6/200 g_loss=0.0264 d_loss=0.2571 reward=0.0997 reward_var=0.0140 unique=0.8800
D step=1/5 epoch=1/3 loss=0.3605 l2=0.2000 label_smoothing=0.000
D step=1/5 epoch=2/3 loss=0.2331 l2=0.2000 label_smoothing=0.000
D step=1/5 epoch=3/3 loss=0.2231 l2=0.2000 label_smoothing=0.000
D step=2/5 epoch=1/3 loss=0.2671 l2=0.2000 label_smoothing=0.000
D step=2/5 epoch=2/3 loss=0.2702 l2=0.2000 label_smoothing=0.000
D step=2/5 epoch=3/3 loss=0.2633 l2=0.2000 label_smoothing=0.000
D step=3/5 epoch=1/3 loss=0.2565 l2=0.2000 label_smoothing=0.000
D step=3/5 epoch=2/3 loss=0.2352 l2=0.2000 label_smoothing=0.000
D step=3/5 epoch=3/3 loss=0.2122 l2=0.2000 label_smoothing=0.000
D step=4/5 epoch=1/3 loss=0.2622 l2=0.2000 label_smoothing=0.000
D step=4/5 epoch=2/3 loss=0.2507 l2=0.2000 label_smoothing=0.000
D step=4/5 epoch=3/3 loss=0.2360 l2=0.2000 label_smoothing=0.000
D step=5/5 epoch=1/3 loss=0.2730 l2=0.2000 label_smoothing=0.000
D step=5/5 epoch=2/3 loss=0.2182 l2=0.2000 label_smoothing=0.000
D step=5/5 epoch=3/3 loss=0.2409 l2=0.2000 label_smoothing=0.000
ADV epoch=7/200 g_loss=0.0420 d_loss=0.2535 reward=0.1751 reward_var=0.0440 unique=0.9000
D step=1/5 epoch=1/3 loss=0.2898 l2=0.2000 label_smoothing=0.000
D step=1/5 epoch=2/3 loss=0.2499 l2=0.2000 label_smoothing=0.000
D step=1/5 epoch=3/3 loss=0.2734 l2=0.2000 label_smoothing=0.000
D step=2/5 epoch=1/3 loss=0.3266 l2=0.2000 label_smoothing=0.000
D step=2/5 epoch=2/3 loss=0.2772 l2=0.2000 label_smoothing=0.000
D step=2/5 epoch=3/3 loss=0.2891 l2=0.2000 label_smoothing=0.000
D step=3/5 epoch=1/3 loss=0.2737 l2=0.2000 label_smoothing=0.000
D step=3/5 epoch=2/3 loss=0.2432 l2=0.2000 label_smoothing=0.000
D step=3/5 epoch=3/3 loss=0.2236 l2=0.2000 label_smoothing=0.000
D step=4/5 epoch=1/3 loss=0.2320 l2=0.2000 label_smoothing=0.000
D step=4/5 epoch=2/3 loss=0.2315 l2=0.2000 label_smoothing=0.000
D step=4/5 epoch=3/3 loss=0.2116 l2=0.2000 label_smoothing=0.000
D step=5/5 epoch=1/3 loss=0.2098 l2=0.2000 label_smoothing=0.000
D step=5/5 epoch=2/3 loss=0.2170 l2=0.2000 label_smoothing=0.000
D step=5/5 epoch=3/3 loss=0.2113 l2=0.2000 label_smoothing=0.000
ADV epoch=8/200 g_loss=0.0245 d_loss=0.2506 reward=0.1087 reward_var=0.0171 unique=0.8600
D step=1/5 epoch=1/3 loss=0.2102 l2=0.2000 label_smoothing=0.000
D step=1/5 epoch=2/3 loss=0.2009 l2=0.2000 label_smoothing=0.000
D step=1/5 epoch=3/3 loss=0.2093 l2=0.2000 label_smoothing=0.000
D step=2/5 epoch=1/3 loss=0.2830 l2=0.2000 label_smoothing=0.000
D step=2/5 epoch=2/3 loss=0.2801 l2=0.2000 label_smoothing=0.000
D step=2/5 epoch=3/3 loss=0.2382 l2=0.2000 label_smoothing=0.000
D step=3/5 epoch=1/3 loss=0.2576 l2=0.2000 label_smoothing=0.000
D step=3/5 epoch=2/3 loss=0.2407 l2=0.2000 label_smoothing=0.000
D step=3/5 epoch=3/3 loss=0.2249 l2=0.2000 label_smoothing=0.000
D step=4/5 epoch=1/3 loss=0.2664 l2=0.2000 label_smoothing=0.000
D step=4/5 epoch=2/3 loss=0.2431 l2=0.2000 label_smoothing=0.000
D step=4/5 epoch=3/3 loss=0.2437 l2=0.2000 label_smoothing=0.000
D step=5/5 epoch=1/3 loss=0.2085 l2=0.2000 label_smoothing=0.000
D step=5/5 epoch=2/3 loss=0.2065 l2=0.2000 label_smoothing=0.000
D step=5/5 epoch=3/3 loss=0.2006 l2=0.2000 label_smoothing=0.000
ADV epoch=9/200 g_loss=0.0258 d_loss=0.2342 reward=0.1328 reward_var=0.0197 unique=0.6200
D step=1/5 epoch=1/3 loss=0.3073 l2=0.2000 label_smoothing=0.000
D step=1/5 epoch=2/3 loss=0.2690 l2=0.2000 label_smoothing=0.000
D step=1/5 epoch=3/3 loss=0.2628 l2=0.2000 label_smoothing=0.000
D step=2/5 epoch=1/3 loss=0.2978 l2=0.2000 label_smoothing=0.000
D step=2/5 epoch=2/3 loss=0.2716 l2=0.2000 label_smoothing=0.000
D step=2/5 epoch=3/3 loss=0.2735 l2=0.2000 label_smoothing=0.000
D step=3/5 epoch=1/3 loss=0.2246 l2=0.2000 label_smoothing=0.000
D step=3/5 epoch=2/3 loss=0.2013 l2=0.2000 label_smoothing=0.000
D step=3/5 epoch=3/3 loss=0.2055 l2=0.2000 label_smoothing=0.000
D step=4/5 epoch=1/3 loss=0.3019 l2=0.2000 label_smoothing=0.000
D step=4/5 epoch=2/3 loss=0.2904 l2=0.2000 label_smoothing=0.000
D step=4/5 epoch=3/3 loss=0.2820 l2=0.2000 label_smoothing=0.000
D step=5/5 epoch=1/3 loss=0.3611 l2=0.2000 label_smoothing=0.000
D step=5/5 epoch=2/3 loss=0.3402 l2=0.2000 label_smoothing=0.000
D step=5/5 epoch=3/3 loss=0.3157 l2=0.2000 label_smoothing=0.000
ADV epoch=10/200 g_loss=0.0274 d_loss=0.2803 reward=0.1010 reward_var=0.0127 unique=0.7200
D step=1/5 epoch=1/3 loss=0.2979 l2=0.2000 label_smoothing=0.000
D step=1/5 epoch=2/3 loss=0.2719 l2=0.2000 label_smoothing=0.000
D step=1/5 epoch=3/3 loss=0.2522 l2=0.2000 label_smoothing=0.000
D step=2/5 epoch=1/3 loss=0.2493 l2=0.2000 label_smoothing=0.000
D step=2/5 epoch=2/3 loss=0.2425 l2=0.2000 label_smoothing=0.000
D step=2/5 epoch=3/3 loss=0.2189 l2=0.2000 label_smoothing=0.000
D step=3/5 epoch=1/3 loss=0.2371 l2=0.2000 label_smoothing=0.000
D step=3/5 epoch=2/3 loss=0.2542 l2=0.2000 label_smoothing=0.000
D step=3/5 epoch=3/3 loss=0.2528 l2=0.2000 label_smoothing=0.000
D step=4/5 epoch=1/3 loss=0.2933 l2=0.2000 label_smoothing=0.000
D step=4/5 epoch=2/3 loss=0.2707 l2=0.2000 label_smoothing=0.000
D step=4/5 epoch=3/3 loss=0.2818 l2=0.2000 label_smoothing=0.000
D step=5/5 epoch=1/3 loss=0.2526 l2=0.2000 label_smoothing=0.000
D step=5/5 epoch=2/3 loss=0.2622 l2=0.2000 label_smoothing=0.000
D step=5/5 epoch=3/3 loss=0.2554 l2=0.2000 label_smoothing=0.000
ADV epoch=11/200 g_loss=0.0164 d_loss=0.2595 reward=0.0878 reward_var=0.0085 unique=0.6200
D step=1/5 epoch=1/3 loss=0.5170 l2=0.2000 label_smoothing=0.000
D step=1/5 epoch=2/3 loss=0.2934 l2=0.2000 label_smoothing=0.000
D step=1/5 epoch=3/3 loss=0.3694 l2=0.2000 label_smoothing=0.000
D step=2/5 epoch=1/3 loss=0.3056 l2=0.2000 label_smoothing=0.000
D step=2/5 epoch=2/3 loss=0.3287 l2=0.2000 label_smoothing=0.000
D step=2/5 epoch=3/3 loss=0.2756 l2=0.2000 label_smoothing=0.000
D step=3/5 epoch=1/3 loss=0.2812 l2=0.2000 label_smoothing=0.000
D step=3/5 epoch=2/3 loss=0.2388 l2=0.2000 label_smoothing=0.000
D step=3/5 epoch=3/3 loss=0.2375 l2=0.2000 label_smoothing=0.000
D step=4/5 epoch=1/3 loss=0.3424 l2=0.2000 label_smoothing=0.000
D step=4/5 epoch=2/3 loss=0.2922 l2=0.2000 label_smoothing=0.000
D step=4/5 epoch=3/3 loss=0.2810 l2=0.2000 label_smoothing=0.000
D step=5/5 epoch=1/3 loss=0.2725 l2=0.2000 label_smoothing=0.000
D step=5/5 epoch=2/3 loss=0.2735 l2=0.2000 label_smoothing=0.000
D step=5/5 epoch=3/3 loss=0.2562 l2=0.2000 label_smoothing=0.000
ADV epoch=12/200 g_loss=0.0335 d_loss=0.3043 reward=0.1434 reward_var=0.0224 unique=0.5800
D step=1/5 epoch=1/3 loss=0.2788 l2=0.2000 label_smoothing=0.000
D step=1/5 epoch=2/3 loss=0.2717 l2=0.2000 label_smoothing=0.000
D step=1/5 epoch=3/3 loss=0.2684 l2=0.2000 label_smoothing=0.000
D step=2/5 epoch=1/3 loss=0.3139 l2=0.2000 label_smoothing=0.000
D step=2/5 epoch=2/3 loss=0.2761 l2=0.2000 label_smoothing=0.000
D step=2/5 epoch=3/3 loss=0.2728 l2=0.2000 label_smoothing=0.000
D step=3/5 epoch=1/3 loss=0.3052 l2=0.2000 label_smoothing=0.000
D step=3/5 epoch=2/3 loss=0.3084 l2=0.2000 label_smoothing=0.000
D step=3/5 epoch=3/3 loss=0.2909 l2=0.2000 label_smoothing=0.000
D step=4/5 epoch=1/3 loss=0.3236 l2=0.2000 label_smoothing=0.000
D step=4/5 epoch=2/3 loss=0.3092 l2=0.2000 label_smoothing=0.000
D step=4/5 epoch=3/3 loss=0.2987 l2=0.2000 label_smoothing=0.000
D step=5/5 epoch=1/3 loss=0.2506 l2=0.2000 label_smoothing=0.000
D step=5/5 epoch=2/3 loss=0.2749 l2=0.2000 label_smoothing=0.000
D step=5/5 epoch=3/3 loss=0.2568 l2=0.2000 label_smoothing=0.000
ADV epoch=13/200 g_loss=0.0230 d_loss=0.2867 reward=0.1625 reward_var=0.0199 unique=0.5200
D step=1/5 epoch=1/3 loss=0.3137 l2=0.2000 label_smoothing=0.000
D step=1/5 epoch=2/3 loss=0.2608 l2=0.2000 label_smoothing=0.000
D step=1/5 epoch=3/3 loss=0.2624 l2=0.2000 label_smoothing=0.000
D step=2/5 epoch=1/3 loss=0.2660 l2=0.2000 label_smoothing=0.000
D step=2/5 epoch=2/3 loss=0.2386 l2=0.2000 label_smoothing=0.000
D step=2/5 epoch=3/3 loss=0.2385 l2=0.2000 label_smoothing=0.000
D step=3/5 epoch=1/3 loss=0.3123 l2=0.2000 label_smoothing=0.000
D step=3/5 epoch=2/3 loss=0.3073 l2=0.2000 label_smoothing=0.000
D step=3/5 epoch=3/3 loss=0.2812 l2=0.2000 label_smoothing=0.000
D step=4/5 epoch=1/3 loss=0.2922 l2=0.2000 label_smoothing=0.000
D step=4/5 epoch=2/3 loss=0.2612 l2=0.2000 label_smoothing=0.000
D step=4/5 epoch=3/3 loss=0.2625 l2=0.2000 label_smoothing=0.000
D step=5/5 epoch=1/3 loss=0.2755 l2=0.2000 label_smoothing=0.000
D step=5/5 epoch=2/3 loss=0.2660 l2=0.2000 label_smoothing=0.000
D step=5/5 epoch=3/3 loss=0.2690 l2=0.2000 label_smoothing=0.000
ADV epoch=14/200 g_loss=0.0219 d_loss=0.2738 reward=0.1358 reward_var=0.0126 unique=0.6400
D step=1/5 epoch=1/3 loss=0.2759 l2=0.2000 label_smoothing=0.000
D step=1/5 epoch=2/3 loss=0.2955 l2=0.2000 label_smoothing=0.000
D step=1/5 epoch=3/3 loss=0.2649 l2=0.2000 label_smoothing=0.000
D step=2/5 epoch=1/3 loss=0.3099 l2=0.2000 label_smoothing=0.000
D step=2/5 epoch=2/3 loss=0.3163 l2=0.2000 label_smoothing=0.000
D step=2/5 epoch=3/3 loss=0.3005 l2=0.2000 label_smoothing=0.000
D step=3/5 epoch=1/3 loss=0.2537 l2=0.2000 label_smoothing=0.000
D step=3/5 epoch=2/3 loss=0.2526 l2=0.2000 label_smoothing=0.000
D step=3/5 epoch=3/3 loss=0.2367 l2=0.2000 label_smoothing=0.000
D step=4/5 epoch=1/3 loss=0.2897 l2=0.2000 label_smoothing=0.000
D step=4/5 epoch=2/3 loss=0.3147 l2=0.2000 label_smoothing=0.000
D step=4/5 epoch=3/3 loss=0.2731 l2=0.2000 label_smoothing=0.000
D step=5/5 epoch=1/3 loss=0.3707 l2=0.2000 label_smoothing=0.000
D step=5/5 epoch=2/3 loss=0.3278 l2=0.2000 label_smoothing=0.000
D step=5/5 epoch=3/3 loss=0.3102 l2=0.2000 label_smoothing=0.000
ADV epoch=15/200 g_loss=0.0207 d_loss=0.2928 reward=0.1500 reward_var=0.0119 unique=0.6000
D step=1/5 epoch=1/3 loss=0.3420 l2=0.2000 label_smoothing=0.000
D step=1/5 epoch=2/3 loss=0.3108 l2=0.2000 label_smoothing=0.000
D step=1/5 epoch=3/3 loss=0.2847 l2=0.2000 label_smoothing=0.000
D step=2/5 epoch=1/3 loss=0.2657 l2=0.2000 label_smoothing=0.000
D step=2/5 epoch=2/3 loss=0.2579 l2=0.2000 label_smoothing=0.000
D step=2/5 epoch=3/3 loss=0.2610 l2=0.2000 label_smoothing=0.000
D step=3/5 epoch=1/3 loss=0.2628 l2=0.2000 label_smoothing=0.000
D step=3/5 epoch=2/3 loss=0.2833 l2=0.2000 label_smoothing=0.000
D step=3/5 epoch=3/3 loss=0.2693 l2=0.2000 label_smoothing=0.000
D step=4/5 epoch=1/3 loss=0.3230 l2=0.2000 label_smoothing=0.000
D step=4/5 epoch=2/3 loss=0.3119 l2=0.2000 label_smoothing=0.000
D step=4/5 epoch=3/3 loss=0.3039 l2=0.2000 label_smoothing=0.000
D step=5/5 epoch=1/3 loss=0.3083 l2=0.2000 label_smoothing=0.000
D step=5/5 epoch=2/3 loss=0.3175 l2=0.2000 label_smoothing=0.000
D step=5/5 epoch=3/3 loss=0.3273 l2=0.2000 label_smoothing=0.000
ADV epoch=16/200 g_loss=0.0251 d_loss=0.2953 reward=0.1615 reward_var=0.0196 unique=0.5000
D step=1/5 epoch=1/3 loss=0.2780 l2=0.2000 label_smoothing=0.000
D step=1/5 epoch=2/3 loss=0.2376 l2=0.2000 label_smoothing=0.000
D step=1/5 epoch=3/3 loss=0.2333 l2=0.2000 label_smoothing=0.000
D step=2/5 epoch=1/3 loss=0.3564 l2=0.2000 label_smoothing=0.000
D step=2/5 epoch=2/3 loss=0.3440 l2=0.2000 label_smoothing=0.000
D step=2/5 epoch=3/3 loss=0.3229 l2=0.2000 label_smoothing=0.000
D step=3/5 epoch=1/3 loss=0.3291 l2=0.2000 label_smoothing=0.000
D step=3/5 epoch=2/3 loss=0.3087 l2=0.2000 label_smoothing=0.000
D step=3/5 epoch=3/3 loss=0.3203 l2=0.2000 label_smoothing=0.000
D step=4/5 epoch=1/3 loss=0.2781 l2=0.2000 label_smoothing=0.000
D step=4/5 epoch=2/3 loss=0.2639 l2=0.2000 label_smoothing=0.000
D step=4/5 epoch=3/3 loss=0.2535 l2=0.2000 label_smoothing=0.000
D step=5/5 epoch=1/3 loss=0.2774 l2=0.2000 label_smoothing=0.000
D step=5/5 epoch=2/3 loss=0.2902 l2=0.2000 label_smoothing=0.000
D step=5/5 epoch=3/3 loss=0.2797 l2=0.2000 label_smoothing=0.000
ADV epoch=17/200 g_loss=0.0165 d_loss=0.2915 reward=0.1556 reward_var=0.0161 unique=0.5000
D step=1/5 epoch=1/3 loss=0.3187 l2=0.2000 label_smoothing=0.000
D step=1/5 epoch=2/3 loss=0.2793 l2=0.2000 label_smoothing=0.000
D step=1/5 epoch=3/3 loss=0.2979 l2=0.2000 label_smoothing=0.000
D step=2/5 epoch=1/3 loss=0.2269 l2=0.2000 label_smoothing=0.000
D step=2/5 epoch=2/3 loss=0.2336 l2=0.2000 label_smoothing=0.000
D step=2/5 epoch=3/3 loss=0.2236 l2=0.2000 label_smoothing=0.000
D step=3/5 epoch=1/3 loss=0.2354 l2=0.2000 label_smoothing=0.000
D step=3/5 epoch=2/3 loss=0.2386 l2=0.2000 label_smoothing=0.000
D step=3/5 epoch=3/3 loss=0.2100 l2=0.2000 label_smoothing=0.000
D step=4/5 epoch=1/3 loss=0.3079 l2=0.2000 label_smoothing=0.000
D step=4/5 epoch=2/3 loss=0.2733 l2=0.2000 label_smoothing=0.000
D step=4/5 epoch=3/3 loss=0.2833 l2=0.2000 label_smoothing=0.000
D step=5/5 epoch=1/3 loss=0.2601 l2=0.2000 label_smoothing=0.000
D step=5/5 epoch=2/3 loss=0.2800 l2=0.2000 label_smoothing=0.000
D step=5/5 epoch=3/3 loss=0.2953 l2=0.2000 label_smoothing=0.000
ADV epoch=18/200 g_loss=0.0322 d_loss=0.2643 reward=0.1584 reward_var=0.0246 unique=0.4000
D step=1/5 epoch=1/3 loss=0.3532 l2=0.2000 label_smoothing=0.000
D step=1/5 epoch=2/3 loss=0.2834 l2=0.2000 label_smoothing=0.000
D step=1/5 epoch=3/3 loss=0.3149 l2=0.2000 label_smoothing=0.000
D step=2/5 epoch=1/3 loss=0.2746 l2=0.2000 label_smoothing=0.000
D step=2/5 epoch=2/3 loss=0.2538 l2=0.2000 label_smoothing=0.000
D step=2/5 epoch=3/3 loss=0.2607 l2=0.2000 label_smoothing=0.000
D step=3/5 epoch=1/3 loss=0.2605 l2=0.2000 label_smoothing=0.000
D step=3/5 epoch=2/3 loss=0.2499 l2=0.2000 label_smoothing=0.000
D step=3/5 epoch=3/3 loss=0.2530 l2=0.2000 label_smoothing=0.000
D step=4/5 epoch=1/3 loss=0.2625 l2=0.2000 label_smoothing=0.000
D step=4/5 epoch=2/3 loss=0.2686 l2=0.2000 label_smoothing=0.000
D step=4/5 epoch=3/3 loss=0.2652 l2=0.2000 label_smoothing=0.000
D step=5/5 epoch=1/3 loss=0.2564 l2=0.2000 label_smoothing=0.000
D step=5/5 epoch=2/3 loss=0.2633 l2=0.2000 label_smoothing=0.000
D step=5/5 epoch=3/3 loss=0.2793 l2=0.2000 label_smoothing=0.000
ADV epoch=19/200 g_loss=0.0182 d_loss=0.2733 reward=0.1465 reward_var=0.0165 unique=0.6400
D step=1/5 epoch=1/3 loss=0.3222 l2=0.2000 label_smoothing=0.000
D step=1/5 epoch=2/3 loss=0.2988 l2=0.2000 label_smoothing=0.000
D step=1/5 epoch=3/3 loss=0.2868 l2=0.2000 label_smoothing=0.000
D step=2/5 epoch=1/3 loss=0.3190 l2=0.2000 label_smoothing=0.000
D step=2/5 epoch=2/3 loss=0.2837 l2=0.2000 label_smoothing=0.000
D step=2/5 epoch=3/3 loss=0.2888 l2=0.2000 label_smoothing=0.000
D step=3/5 epoch=1/3 loss=0.2776 l2=0.2000 label_smoothing=0.000
D step=3/5 epoch=2/3 loss=0.2521 l2=0.2000 label_smoothing=0.000
D step=3/5 epoch=3/3 loss=0.2495 l2=0.2000 label_smoothing=0.000
D step=4/5 epoch=1/3 loss=0.2804 l2=0.2000 label_smoothing=0.000
D step=4/5 epoch=2/3 loss=0.2929 l2=0.2000 label_smoothing=0.000
D step=4/5 epoch=3/3 loss=0.2543 l2=0.2000 label_smoothing=0.000
D step=5/5 epoch=1/3 loss=0.3000 l2=0.2000 label_smoothing=0.000
D step=5/5 epoch=2/3 loss=0.2978 l2=0.2000 label_smoothing=0.000
D step=5/5 epoch=3/3 loss=0.2777 l2=0.2000 label_smoothing=0.000
ADV epoch=20/200 g_loss=0.0180 d_loss=0.2854 reward=0.1903 reward_var=0.0144 unique=0.4400
D step=1/5 epoch=1/3 loss=0.3186 l2=0.2000 label_smoothing=0.000
D step=1/5 epoch=2/3 loss=0.3150 l2=0.2000 label_smoothing=0.000
D step=1/5 epoch=3/3 loss=0.2973 l2=0.2000 label_smoothing=0.000
D step=2/5 epoch=1/3 loss=0.2541 l2=0.2000 label_smoothing=0.000
D step=2/5 epoch=2/3 loss=0.2473 l2=0.2000 label_smoothing=0.000
D step=2/5 epoch=3/3 loss=0.2572 l2=0.2000 label_smoothing=0.000
D step=3/5 epoch=1/3 loss=0.3256 l2=0.2000 label_smoothing=0.000
D step=3/5 epoch=2/3 loss=0.3118 l2=0.2000 label_smoothing=0.000
D step=3/5 epoch=3/3 loss=0.3040 l2=0.2000 label_smoothing=0.000
D step=4/5 epoch=1/3 loss=0.3090 l2=0.2000 label_smoothing=0.000
D step=4/5 epoch=2/3 loss=0.2756 l2=0.2000 label_smoothing=0.000
D step=4/5 epoch=3/3 loss=0.2938 l2=0.2000 label_smoothing=0.000
D step=5/5 epoch=1/3 loss=0.3290 l2=0.2000 label_smoothing=0.000
D step=5/5 epoch=2/3 loss=0.3146 l2=0.2000 label_smoothing=0.000
D step=5/5 epoch=3/3 loss=0.3139 l2=0.2000 label_smoothing=0.000
ADV epoch=21/200 g_loss=0.0187 d_loss=0.2978 reward=0.1533 reward_var=0.0178 unique=0.4600
D step=1/5 epoch=1/3 loss=0.3516 l2=0.2000 label_smoothing=0.000
D step=1/5 epoch=2/3 loss=0.3266 l2=0.2000 label_smoothing=0.000
D step=1/5 epoch=3/3 loss=0.3162 l2=0.2000 label_smoothing=0.000
D step=2/5 epoch=1/3 loss=0.3116 l2=0.2000 label_smoothing=0.000
D step=2/5 epoch=2/3 loss=0.2640 l2=0.2000 label_smoothing=0.000
D step=2/5 epoch=3/3 loss=0.2623 l2=0.2000 label_smoothing=0.000
D step=3/5 epoch=1/3 loss=0.2857 l2=0.2000 label_smoothing=0.000
D step=3/5 epoch=2/3 loss=0.2593 l2=0.2000 label_smoothing=0.000
D step=3/5 epoch=3/3 loss=0.2598 l2=0.2000 label_smoothing=0.000
D step=4/5 epoch=1/3 loss=0.2754 l2=0.2000 label_smoothing=0.000
D step=4/5 epoch=2/3 loss=0.2539 l2=0.2000 label_smoothing=0.000
D step=4/5 epoch=3/3 loss=0.2677 l2=0.2000 label_smoothing=0.000
D step=5/5 epoch=1/3 loss=0.2661 l2=0.2000 label_smoothing=0.000
D step=5/5 epoch=2/3 loss=0.2557 l2=0.2000 label_smoothing=0.000
D step=5/5 epoch=3/3 loss=0.2542 l2=0.2000 label_smoothing=0.000
ADV epoch=22/200 g_loss=0.0186 d_loss=0.2807 reward=0.1883 reward_var=0.0146 unique=0.3400
D step=1/5 epoch=1/3 loss=0.3168 l2=0.2000 label_smoothing=0.000
D step=1/5 epoch=2/3 loss=0.3165 l2=0.2000 label_smoothing=0.000
D step=1/5 epoch=3/3 loss=0.2868 l2=0.2000 label_smoothing=0.000
D step=2/5 epoch=1/3 loss=0.3120 l2=0.2000 label_smoothing=0.000
D step=2/5 epoch=2/3 loss=0.3112 l2=0.2000 label_smoothing=0.000
D step=2/5 epoch=3/3 loss=0.3117 l2=0.2000 label_smoothing=0.000
D step=3/5 epoch=1/3 loss=0.3164 l2=0.2000 label_smoothing=0.000
D step=3/5 epoch=2/3 loss=0.2843 l2=0.2000 label_smoothing=0.000
D step=3/5 epoch=3/3 loss=0.2823 l2=0.2000 label_smoothing=0.000
D step=4/5 epoch=1/3 loss=0.3058 l2=0.2000 label_smoothing=0.000
D step=4/5 epoch=2/3 loss=0.3053 l2=0.2000 label_smoothing=0.000
D step=4/5 epoch=3/3 loss=0.2944 l2=0.2000 label_smoothing=0.000
D step=5/5 epoch=1/3 loss=0.2833 l2=0.2000 label_smoothing=0.000
D step=5/5 epoch=2/3 loss=0.2918 l2=0.2000 label_smoothing=0.000
D step=5/5 epoch=3/3 loss=0.2890 l2=0.2000 label_smoothing=0.000
ADV epoch=23/200 g_loss=0.0317 d_loss=0.3005 reward=0.2201 reward_var=0.0308 unique=0.3800
D step=1/5 epoch=1/3 loss=0.3438 l2=0.2000 label_smoothing=0.000
D step=1/5 epoch=2/3 loss=0.3234 l2=0.2000 label_smoothing=0.000
D step=1/5 epoch=3/3 loss=0.2947 l2=0.2000 label_smoothing=0.000
D step=2/5 epoch=1/3 loss=0.3474 l2=0.2000 label_smoothing=0.000
D step=2/5 epoch=2/3 loss=0.3224 l2=0.2000 label_smoothing=0.000
D step=2/5 epoch=3/3 loss=0.3094 l2=0.2000 label_smoothing=0.000
D step=3/5 epoch=1/3 loss=0.3024 l2=0.2000 label_smoothing=0.000
D step=3/5 epoch=2/3 loss=0.2975 l2=0.2000 label_smoothing=0.000
D step=3/5 epoch=3/3 loss=0.2932 l2=0.2000 label_smoothing=0.000
D step=4/5 epoch=1/3 loss=0.3296 l2=0.2000 label_smoothing=0.000
D step=4/5 epoch=2/3 loss=0.3070 l2=0.2000 label_smoothing=0.000
D step=4/5 epoch=3/3 loss=0.2902 l2=0.2000 label_smoothing=0.000
D step=5/5 epoch=1/3 loss=0.2856 l2=0.2000 label_smoothing=0.000
D step=5/5 epoch=2/3 loss=0.2890 l2=0.2000 label_smoothing=0.000
D step=5/5 epoch=3/3 loss=0.2725 l2=0.2000 label_smoothing=0.000
ADV epoch=24/200 g_loss=0.0159 d_loss=0.3072 reward=0.1584 reward_var=0.0150 unique=0.3400
D step=1/5 epoch=1/3 loss=0.3330 l2=0.2000 label_smoothing=0.000
D step=1/5 epoch=2/3 loss=0.3161 l2=0.2000 label_smoothing=0.000
D step=1/5 epoch=3/3 loss=0.3184 l2=0.2000 label_smoothing=0.000
D step=2/5 epoch=1/3 loss=0.3117 l2=0.2000 label_smoothing=0.000
D step=2/5 epoch=2/3 loss=0.3056 l2=0.2000 label_smoothing=0.000
D step=2/5 epoch=3/3 loss=0.3054 l2=0.2000 label_smoothing=0.000
D step=3/5 epoch=1/3 loss=0.3453 l2=0.2000 label_smoothing=0.000
D step=3/5 epoch=2/3 loss=0.3136 l2=0.2000 label_smoothing=0.000
D step=3/5 epoch=3/3 loss=0.3226 l2=0.2000 label_smoothing=0.000
D step=4/5 epoch=1/3 loss=0.2641 l2=0.2000 label_smoothing=0.000
D step=4/5 epoch=2/3 loss=0.2595 l2=0.2000 label_smoothing=0.000
D step=4/5 epoch=3/3 loss=0.2554 l2=0.2000 label_smoothing=0.000
D step=5/5 epoch=1/3 loss=0.3391 l2=0.2000 label_smoothing=0.000
D step=5/5 epoch=2/3 loss=0.3151 l2=0.2000 label_smoothing=0.000
D step=5/5 epoch=3/3 loss=0.3001 l2=0.2000 label_smoothing=0.000
ADV epoch=25/200 g_loss=0.0245 d_loss=0.3070 reward=0.2188 reward_var=0.0266 unique=0.4200
D step=1/5 epoch=1/3 loss=0.3144 l2=0.2000 label_smoothing=0.000
D step=1/5 epoch=2/3 loss=0.2908 l2=0.2000 label_smoothing=0.000
D step=1/5 epoch=3/3 loss=0.3062 l2=0.2000 label_smoothing=0.000
D step=2/5 epoch=1/3 loss=0.2994 l2=0.2000 label_smoothing=0.000
D step=2/5 epoch=2/3 loss=0.2869 l2=0.2000 label_smoothing=0.000
D step=2/5 epoch=3/3 loss=0.3225 l2=0.2000 label_smoothing=0.000
D step=3/5 epoch=1/3 loss=0.3135 l2=0.2000 label_smoothing=0.000
D step=3/5 epoch=2/3 loss=0.3131 l2=0.2000 label_smoothing=0.000
D step=3/5 epoch=3/3 loss=0.3044 l2=0.2000 label_smoothing=0.000
D step=4/5 epoch=1/3 loss=0.3920 l2=0.2000 label_smoothing=0.000
D step=4/5 epoch=2/3 loss=0.3635 l2=0.2000 label_smoothing=0.000
D step=4/5 epoch=3/3 loss=0.3442 l2=0.2000 label_smoothing=0.000
D step=5/5 epoch=1/3 loss=0.3021 l2=0.2000 label_smoothing=0.000
D step=5/5 epoch=2/3 loss=0.2977 l2=0.2000 label_smoothing=0.000
D step=5/5 epoch=3/3 loss=0.3059 l2=0.2000 label_smoothing=0.000
ADV epoch=26/200 g_loss=0.0128 d_loss=0.3171 reward=0.1359 reward_var=0.0104 unique=0.3800
D step=1/5 epoch=1/3 loss=0.3102 l2=0.2000 label_smoothing=0.000
D step=1/5 epoch=2/3 loss=0.2828 l2=0.2000 label_smoothing=0.000
D step=1/5 epoch=3/3 loss=0.2914 l2=0.2000 label_smoothing=0.000
D step=2/5 epoch=1/3 loss=0.3097 l2=0.2000 label_smoothing=0.000
D step=2/5 epoch=2/3 loss=0.2937 l2=0.2000 label_smoothing=0.000
D step=2/5 epoch=3/3 loss=0.2882 l2=0.2000 label_smoothing=0.000
D step=3/5 epoch=1/3 loss=0.3152 l2=0.2000 label_smoothing=0.000
D step=3/5 epoch=2/3 loss=0.2878 l2=0.2000 label_smoothing=0.000
D step=3/5 epoch=3/3 loss=0.3002 l2=0.2000 label_smoothing=0.000
D step=4/5 epoch=1/3 loss=0.3467 l2=0.2000 label_smoothing=0.000
D step=4/5 epoch=2/3 loss=0.3306 l2=0.2000 label_smoothing=0.000
D step=4/5 epoch=3/3 loss=0.3130 l2=0.2000 label_smoothing=0.000
D step=5/5 epoch=1/3 loss=0.3188 l2=0.2000 label_smoothing=0.000
D step=5/5 epoch=2/3 loss=0.3189 l2=0.2000 label_smoothing=0.000
D step=5/5 epoch=3/3 loss=0.3003 l2=0.2000 label_smoothing=0.000
ADV epoch=27/200 g_loss=0.0173 d_loss=0.3072 reward=0.1712 reward_var=0.0154 unique=0.3200
D step=1/5 epoch=1/3 loss=0.3167 l2=0.2000 label_smoothing=0.000
D step=1/5 epoch=2/3 loss=0.3021 l2=0.2000 label_smoothing=0.000
D step=1/5 epoch=3/3 loss=0.3092 l2=0.2000 label_smoothing=0.000
D step=2/5 epoch=1/3 loss=0.3502 l2=0.2000 label_smoothing=0.000
D step=2/5 epoch=2/3 loss=0.3214 l2=0.2000 label_smoothing=0.000
D step=2/5 epoch=3/3 loss=0.2961 l2=0.2000 label_smoothing=0.000
D step=3/5 epoch=1/3 loss=0.3244 l2=0.2000 label_smoothing=0.000
D step=3/5 epoch=2/3 loss=0.3235 l2=0.2000 label_smoothing=0.000
D step=3/5 epoch=3/3 loss=0.3230 l2=0.2000 label_smoothing=0.000
D step=4/5 epoch=1/3 loss=0.3021 l2=0.2000 label_smoothing=0.000
D step=4/5 epoch=2/3 loss=0.2876 l2=0.2000 label_smoothing=0.000
D step=4/5 epoch=3/3 loss=0.2926 l2=0.2000 label_smoothing=0.000
D step=5/5 epoch=1/3 loss=0.3971 l2=0.2000 label_smoothing=0.000
D step=5/5 epoch=2/3 loss=0.3640 l2=0.2000 label_smoothing=0.000
D step=5/5 epoch=3/3 loss=0.3521 l2=0.2000 label_smoothing=0.000
ADV epoch=28/200 g_loss=0.0243 d_loss=0.3241 reward=0.2550 reward_var=0.0232 unique=0.3400
D step=1/5 epoch=1/3 loss=0.3537 l2=0.2000 label_smoothing=0.000
D step=1/5 epoch=2/3 loss=0.2822 l2=0.2000 label_smoothing=0.000
D step=1/5 epoch=3/3 loss=0.2843 l2=0.2000 label_smoothing=0.000
D step=2/5 epoch=1/3 loss=0.3089 l2=0.2000 label_smoothing=0.000
D step=2/5 epoch=2/3 loss=0.3086 l2=0.2000 label_smoothing=0.000
D step=2/5 epoch=3/3 loss=0.2887 l2=0.2000 label_smoothing=0.000
D step=3/5 epoch=1/3 loss=0.3456 l2=0.2000 label_smoothing=0.000
D step=3/5 epoch=2/3 loss=0.3453 l2=0.2000 label_smoothing=0.000
D step=3/5 epoch=3/3 loss=0.3234 l2=0.2000 label_smoothing=0.000
D step=4/5 epoch=1/3 loss=0.3200 l2=0.2000 label_smoothing=0.000
D step=4/5 epoch=2/3 loss=0.3193 l2=0.2000 label_smoothing=0.000
D step=4/5 epoch=3/3 loss=0.3109 l2=0.2000 label_smoothing=0.000
D step=5/5 epoch=1/3 loss=0.3485 l2=0.2000 label_smoothing=0.000
D step=5/5 epoch=2/3 loss=0.3446 l2=0.2000 label_smoothing=0.000
D step=5/5 epoch=3/3 loss=0.3441 l2=0.2000 label_smoothing=0.000
ADV epoch=29/200 g_loss=0.0206 d_loss=0.3219 reward=0.1975 reward_var=0.0166 unique=0.3200
D step=1/5 epoch=1/3 loss=0.3476 l2=0.2000 label_smoothing=0.000
D step=1/5 epoch=2/3 loss=0.3127 l2=0.2000 label_smoothing=0.000
D step=1/5 epoch=3/3 loss=0.2746 l2=0.2000 label_smoothing=0.000
D step=2/5 epoch=1/3 loss=0.3427 l2=0.2000 label_smoothing=0.000
D step=2/5 epoch=2/3 loss=0.3279 l2=0.2000 label_smoothing=0.000
D step=2/5 epoch=3/3 loss=0.3227 l2=0.2000 label_smoothing=0.000
D step=3/5 epoch=1/3 loss=0.2920 l2=0.2000 label_smoothing=0.000
D step=3/5 epoch=2/3 loss=0.2813 l2=0.2000 label_smoothing=0.000
D step=3/5 epoch=3/3 loss=0.2872 l2=0.2000 label_smoothing=0.000
D step=4/5 epoch=1/3 loss=0.2884 l2=0.2000 label_smoothing=0.000
D step=4/5 epoch=2/3 loss=0.2888 l2=0.2000 label_smoothing=0.000
D step=4/5 epoch=3/3 loss=0.2815 l2=0.2000 label_smoothing=0.000
D step=5/5 epoch=1/3 loss=0.2720 l2=0.2000 label_smoothing=0.000
D step=5/5 epoch=2/3 loss=0.2806 l2=0.2000 label_smoothing=0.000
D step=5/5 epoch=3/3 loss=0.2727 l2=0.2000 label_smoothing=0.000
ADV epoch=30/200 g_loss=0.0320 d_loss=0.2982 reward=0.3033 reward_var=0.0316 unique=0.4600
D step=1/5 epoch=1/3 loss=0.3181 l2=0.2000 label_smoothing=0.000
D step=1/5 epoch=2/3 loss=0.3062 l2=0.2000 label_smoothing=0.000
D step=1/5 epoch=3/3 loss=0.3004 l2=0.2000 label_smoothing=0.000
D step=2/5 epoch=1/3 loss=0.3711 l2=0.2000 label_smoothing=0.000
D step=2/5 epoch=2/3 loss=0.3423 l2=0.2000 label_smoothing=0.000
D step=2/5 epoch=3/3 loss=0.3380 l2=0.2000 label_smoothing=0.000
D step=3/5 epoch=1/3 loss=0.3046 l2=0.2000 label_smoothing=0.000
D step=3/5 epoch=2/3 loss=0.3155 l2=0.2000 label_smoothing=0.000
D step=3/5 epoch=3/3 loss=0.2945 l2=0.2000 label_smoothing=0.000
D step=4/5 epoch=1/3 loss=0.3228 l2=0.2000 label_smoothing=0.000
D step=4/5 epoch=2/3 loss=0.3010 l2=0.2000 label_smoothing=0.000
D step=4/5 epoch=3/3 loss=0.2966 l2=0.2000 label_smoothing=0.000
D step=5/5 epoch=1/3 loss=0.2866 l2=0.2000 label_smoothing=0.000
D step=5/5 epoch=2/3 loss=0.2819 l2=0.2000 label_smoothing=0.000
D step=5/5 epoch=3/3 loss=0.2718 l2=0.2000 label_smoothing=0.000
ADV epoch=31/200 g_loss=0.0151 d_loss=0.3101 reward=0.1650 reward_var=0.0101 unique=0.4800
D step=1/5 epoch=1/3 loss=0.3068 l2=0.2000 label_smoothing=0.000
D step=1/5 epoch=2/3 loss=0.3042 l2=0.2000 label_smoothing=0.000
D step=1/5 epoch=3/3 loss=0.2958 l2=0.2000 label_smoothing=0.000
D step=2/5 epoch=1/3 loss=0.3042 l2=0.2000 label_smoothing=0.000
D step=2/5 epoch=2/3 loss=0.3002 l2=0.2000 label_smoothing=0.000
D step=2/5 epoch=3/3 loss=0.2946 l2=0.2000 label_smoothing=0.000
D step=3/5 epoch=1/3 loss=0.2862 l2=0.2000 label_smoothing=0.000
D step=3/5 epoch=2/3 loss=0.2791 l2=0.2000 label_smoothing=0.000
D step=3/5 epoch=3/3 loss=0.2885 l2=0.2000 label_smoothing=0.000
D step=4/5 epoch=1/3 loss=0.3146 l2=0.2000 label_smoothing=0.000
D step=4/5 epoch=2/3 loss=0.2948 l2=0.2000 label_smoothing=0.000
D step=4/5 epoch=3/3 loss=0.2854 l2=0.2000 label_smoothing=0.000
D step=5/5 epoch=1/3 loss=0.2920 l2=0.2000 label_smoothing=0.000
D step=5/5 epoch=2/3 loss=0.2903 l2=0.2000 label_smoothing=0.000
D step=5/5 epoch=3/3 loss=0.2811 l2=0.2000 label_smoothing=0.000
ADV epoch=32/200 g_loss=0.0166 d_loss=0.2945 reward=0.1628 reward_var=0.0104 unique=0.3600
D step=1/5 epoch=1/3 loss=0.3343 l2=0.2000 label_smoothing=0.000
D step=1/5 epoch=2/3 loss=0.2946 l2=0.2000 label_smoothing=0.000
D step=1/5 epoch=3/3 loss=0.2961 l2=0.2000 label_smoothing=0.000
D step=2/5 epoch=1/3 loss=0.3312 l2=0.2000 label_smoothing=0.000
D step=2/5 epoch=2/3 loss=0.3221 l2=0.2000 label_smoothing=0.000
D step=2/5 epoch=3/3 loss=0.3112 l2=0.2000 label_smoothing=0.000
D step=3/5 epoch=1/3 loss=0.2822 l2=0.2000 label_smoothing=0.000
D step=3/5 epoch=2/3 loss=0.2802 l2=0.2000 label_smoothing=0.000
D step=3/5 epoch=3/3 loss=0.2765 l2=0.2000 label_smoothing=0.000
D step=4/5 epoch=1/3 loss=0.3333 l2=0.2000 label_smoothing=0.000
D step=4/5 epoch=2/3 loss=0.3048 l2=0.2000 label_smoothing=0.000
D step=4/5 epoch=3/3 loss=0.3062 l2=0.2000 label_smoothing=0.000
D step=5/5 epoch=1/3 loss=0.3294 l2=0.2000 label_smoothing=0.000
D step=5/5 epoch=2/3 loss=0.3089 l2=0.2000 label_smoothing=0.000
D step=5/5 epoch=3/3 loss=0.3050 l2=0.2000 label_smoothing=0.000
ADV epoch=33/200 g_loss=0.0207 d_loss=0.3077 reward=0.1912 reward_var=0.0160 unique=0.3800
D step=1/5 epoch=1/3 loss=0.3521 l2=0.2000 label_smoothing=0.000
D step=1/5 epoch=2/3 loss=0.3281 l2=0.2000 label_smoothing=0.000
D step=1/5 epoch=3/3 loss=0.3235 l2=0.2000 label_smoothing=0.000
D step=2/5 epoch=1/3 loss=0.2906 l2=0.2000 label_smoothing=0.000
D step=2/5 epoch=2/3 loss=0.3004 l2=0.2000 label_smoothing=0.000
D step=2/5 epoch=3/3 loss=0.2914 l2=0.2000 label_smoothing=0.000
D step=3/5 epoch=1/3 loss=0.3045 l2=0.2000 label_smoothing=0.000
D step=3/5 epoch=2/3 loss=0.3032 l2=0.2000 label_smoothing=0.000
D step=3/5 epoch=3/3 loss=0.2928 l2=0.2000 label_smoothing=0.000
D step=4/5 epoch=1/3 loss=0.2858 l2=0.2000 label_smoothing=0.000
D step=4/5 epoch=2/3 loss=0.2586 l2=0.2000 label_smoothing=0.000
D step=4/5 epoch=3/3 loss=0.2743 l2=0.2000 label_smoothing=0.000
D step=5/5 epoch=1/3 loss=0.3347 l2=0.2000 label_smoothing=0.000
D step=5/5 epoch=2/3 loss=0.3239 l2=0.2000 label_smoothing=0.000
D step=5/5 epoch=3/3 loss=0.3013 l2=0.2000 label_smoothing=0.000
ADV epoch=34/200 g_loss=0.0125 d_loss=0.3044 reward=0.1583 reward_var=0.0076 unique=0.4200
D step=1/5 epoch=1/3 loss=0.2909 l2=0.2000 label_smoothing=0.000
D step=1/5 epoch=2/3 loss=0.2700 l2=0.2000 label_smoothing=0.000
D step=1/5 epoch=3/3 loss=0.2752 l2=0.2000 label_smoothing=0.000
D step=2/5 epoch=1/3 loss=0.3153 l2=0.2000 label_smoothing=0.000
D step=2/5 epoch=2/3 loss=0.2847 l2=0.2000 label_smoothing=0.000
D step=2/5 epoch=3/3 loss=0.2749 l2=0.2000 label_smoothing=0.000
D step=3/5 epoch=1/3 loss=0.2943 l2=0.2000 label_smoothing=0.000
D step=3/5 epoch=2/3 loss=0.2908 l2=0.2000 label_smoothing=0.000
D step=3/5 epoch=3/3 loss=0.2844 l2=0.2000 label_smoothing=0.000
D step=4/5 epoch=1/3 loss=0.2931 l2=0.2000 label_smoothing=0.000
D step=4/5 epoch=2/3 loss=0.2977 l2=0.2000 label_smoothing=0.000
D step=4/5 epoch=3/3 loss=0.3107 l2=0.2000 label_smoothing=0.000
D step=5/5 epoch=1/3 loss=0.2826 l2=0.2000 label_smoothing=0.000
D step=5/5 epoch=2/3 loss=0.2786 l2=0.2000 label_smoothing=0.000
D step=5/5 epoch=3/3 loss=0.2822 l2=0.2000 label_smoothing=0.000
ADV epoch=35/200 g_loss=0.0196 d_loss=0.2884 reward=0.2123 reward_var=0.0109 unique=0.4000
D step=1/5 epoch=1/3 loss=0.3191 l2=0.2000 label_smoothing=0.000
D step=1/5 epoch=2/3 loss=0.2889 l2=0.2000 label_smoothing=0.000
D step=1/5 epoch=3/3 loss=0.2754 l2=0.2000 label_smoothing=0.000
D step=2/5 epoch=1/3 loss=0.2596 l2=0.2000 label_smoothing=0.000
D step=2/5 epoch=2/3 loss=0.2553 l2=0.2000 label_smoothing=0.000
D step=2/5 epoch=3/3 loss=0.2476 l2=0.2000 label_smoothing=0.000
D step=3/5 epoch=1/3 loss=0.3028 l2=0.2000 label_smoothing=0.000
D step=3/5 epoch=2/3 loss=0.2913 l2=0.2000 label_smoothing=0.000
D step=3/5 epoch=3/3 loss=0.2892 l2=0.2000 label_smoothing=0.000
D step=4/5 epoch=1/3 loss=0.3103 l2=0.2000 label_smoothing=0.000
D step=4/5 epoch=2/3 loss=0.2987 l2=0.2000 label_smoothing=0.000
D step=4/5 epoch=3/3 loss=0.2912 l2=0.2000 label_smoothing=0.000
D step=5/5 epoch=1/3 loss=0.3246 l2=0.2000 label_smoothing=0.000
D step=5/5 epoch=2/3 loss=0.3333 l2=0.2000 label_smoothing=0.000
D step=5/5 epoch=3/3 loss=0.3285 l2=0.2000 label_smoothing=0.000
ADV epoch=36/200 g_loss=0.0186 d_loss=0.2944 reward=0.1716 reward_var=0.0058 unique=0.3800
D step=1/5 epoch=1/3 loss=0.3253 l2=0.2000 label_smoothing=0.000
D step=1/5 epoch=2/3 loss=0.2847 l2=0.2000 label_smoothing=0.000
D step=1/5 epoch=3/3 loss=0.3046 l2=0.2000 label_smoothing=0.000
D step=2/5 epoch=1/3 loss=0.3023 l2=0.2000 label_smoothing=0.000
D step=2/5 epoch=2/3 loss=0.2850 l2=0.2000 label_smoothing=0.000
D step=2/5 epoch=3/3 loss=0.2717 l2=0.2000 label_smoothing=0.000
D step=3/5 epoch=1/3 loss=0.3037 l2=0.2000 label_smoothing=0.000
D step=3/5 epoch=2/3 loss=0.3036 l2=0.2000 label_smoothing=0.000
D step=3/5 epoch=3/3 loss=0.2832 l2=0.2000 label_smoothing=0.000
D step=4/5 epoch=1/3 loss=0.3009 l2=0.2000 label_smoothing=0.000
D step=4/5 epoch=2/3 loss=0.2892 l2=0.2000 label_smoothing=0.000
D step=4/5 epoch=3/3 loss=0.2982 l2=0.2000 label_smoothing=0.000
D step=5/5 epoch=1/3 loss=0.3250 l2=0.2000 label_smoothing=0.000
D step=5/5 epoch=2/3 loss=0.3044 l2=0.2000 label_smoothing=0.000
D step=5/5 epoch=3/3 loss=0.3080 l2=0.2000 label_smoothing=0.000
ADV epoch=37/200 g_loss=0.0172 d_loss=0.2993 reward=0.1753 reward_var=0.0087 unique=0.2400
D step=1/5 epoch=1/3 loss=0.3414 l2=0.2000 label_smoothing=0.000
D step=1/5 epoch=2/3 loss=0.3249 l2=0.2000 label_smoothing=0.000
D step=1/5 epoch=3/3 loss=0.3259 l2=0.2000 label_smoothing=0.000
D step=2/5 epoch=1/3 loss=0.3189 l2=0.2000 label_smoothing=0.000
D step=2/5 epoch=2/3 loss=0.3114 l2=0.2000 label_smoothing=0.000
D step=2/5 epoch=3/3 loss=0.3069 l2=0.2000 label_smoothing=0.000
D step=3/5 epoch=1/3 loss=0.3115 l2=0.2000 label_smoothing=0.000
D step=3/5 epoch=2/3 loss=0.3279 l2=0.2000 label_smoothing=0.000
D step=3/5 epoch=3/3 loss=0.3267 l2=0.2000 label_smoothing=0.000
D step=4/5 epoch=1/3 loss=0.3418 l2=0.2000 label_smoothing=0.000
D step=4/5 epoch=2/3 loss=0.3254 l2=0.2000 label_smoothing=0.000
D step=4/5 epoch=3/3 loss=0.3083 l2=0.2000 label_smoothing=0.000
D step=5/5 epoch=1/3 loss=0.2951 l2=0.2000 label_smoothing=0.000
D step=5/5 epoch=2/3 loss=0.3155 l2=0.2000 label_smoothing=0.000
D step=5/5 epoch=3/3 loss=0.3051 l2=0.2000 label_smoothing=0.000
ADV epoch=38/200 g_loss=0.0130 d_loss=0.3191 reward=0.1583 reward_var=0.0123 unique=0.2600
D step=1/5 epoch=1/3 loss=0.2644 l2=0.2000 label_smoothing=0.000
D step=1/5 epoch=2/3 loss=0.2450 l2=0.2000 label_smoothing=0.000
D step=1/5 epoch=3/3 loss=0.2448 l2=0.2000 label_smoothing=0.000
D step=2/5 epoch=1/3 loss=0.2875 l2=0.2000 label_smoothing=0.000
D step=2/5 epoch=2/3 loss=0.2770 l2=0.2000 label_smoothing=0.000
D step=2/5 epoch=3/3 loss=0.2670 l2=0.2000 label_smoothing=0.000
D step=3/5 epoch=1/3 loss=0.2715 l2=0.2000 label_smoothing=0.000
D step=3/5 epoch=2/3 loss=0.2429 l2=0.2000 label_smoothing=0.000
D step=3/5 epoch=3/3 loss=0.2368 l2=0.2000 label_smoothing=0.000
D step=4/5 epoch=1/3 loss=0.3251 l2=0.2000 label_smoothing=0.000
D step=4/5 epoch=2/3 loss=0.3202 l2=0.2000 label_smoothing=0.000
D step=4/5 epoch=3/3 loss=0.3197 l2=0.2000 label_smoothing=0.000
D step=5/5 epoch=1/3 loss=0.3310 l2=0.2000 label_smoothing=0.000
D step=5/5 epoch=2/3 loss=0.3181 l2=0.2000 label_smoothing=0.000
D step=5/5 epoch=3/3 loss=0.3180 l2=0.2000 label_smoothing=0.000
ADV epoch=39/200 g_loss=0.0140 d_loss=0.2846 reward=0.1766 reward_var=0.0152 unique=0.3000
D step=1/5 epoch=1/3 loss=0.3420 l2=0.2000 label_smoothing=0.000
D step=1/5 epoch=2/3 loss=0.3156 l2=0.2000 label_smoothing=0.000
D step=1/5 epoch=3/3 loss=0.3006 l2=0.2000 label_smoothing=0.000
D step=2/5 epoch=1/3 loss=0.3111 l2=0.2000 label_smoothing=0.000
D step=2/5 epoch=2/3 loss=0.3140 l2=0.2000 label_smoothing=0.000
D step=2/5 epoch=3/3 loss=0.3048 l2=0.2000 label_smoothing=0.000
D step=3/5 epoch=1/3 loss=0.3139 l2=0.2000 label_smoothing=0.000
D step=3/5 epoch=2/3 loss=0.3176 l2=0.2000 label_smoothing=0.000
D step=3/5 epoch=3/3 loss=0.3105 l2=0.2000 label_smoothing=0.000
D step=4/5 epoch=1/3 loss=0.3122 l2=0.2000 label_smoothing=0.000
D step=4/5 epoch=2/3 loss=0.2998 l2=0.2000 label_smoothing=0.000
D step=4/5 epoch=3/3 loss=0.3034 l2=0.2000 label_smoothing=0.000
D step=5/5 epoch=1/3 loss=0.3509 l2=0.2000 label_smoothing=0.000
D step=5/5 epoch=2/3 loss=0.3522 l2=0.2000 label_smoothing=0.000
D step=5/5 epoch=3/3 loss=0.3359 l2=0.2000 label_smoothing=0.000
ADV epoch=40/200 g_loss=0.0264 d_loss=0.3190 reward=0.2355 reward_var=0.0242 unique=0.3600
D step=1/5 epoch=1/3 loss=0.2998 l2=0.2000 label_smoothing=0.000
D step=1/5 epoch=2/3 loss=0.3014 l2=0.2000 label_smoothing=0.000
D step=1/5 epoch=3/3 loss=0.2844 l2=0.2000 label_smoothing=0.000
D step=2/5 epoch=1/3 loss=0.3041 l2=0.2000 label_smoothing=0.000
D step=2/5 epoch=2/3 loss=0.2981 l2=0.2000 label_smoothing=0.000
D step=2/5 epoch=3/3 loss=0.2800 l2=0.2000 label_smoothing=0.000
D step=3/5 epoch=1/3 loss=0.3025 l2=0.2000 label_smoothing=0.000
D step=3/5 epoch=2/3 loss=0.2949 l2=0.2000 label_smoothing=0.000
D step=3/5 epoch=3/3 loss=0.2887 l2=0.2000 label_smoothing=0.000
D step=4/5 epoch=1/3 loss=0.2914 l2=0.2000 label_smoothing=0.000
D step=4/5 epoch=2/3 loss=0.2923 l2=0.2000 label_smoothing=0.000
D step=4/5 epoch=3/3 loss=0.2951 l2=0.2000 label_smoothing=0.000
D step=5/5 epoch=1/3 loss=0.2952 l2=0.2000 label_smoothing=0.000
D step=5/5 epoch=2/3 loss=0.2715 l2=0.2000 label_smoothing=0.000
D step=5/5 epoch=3/3 loss=0.2778 l2=0.2000 label_smoothing=0.000
ADV epoch=41/200 g_loss=0.0201 d_loss=0.2918 reward=0.2144 reward_var=0.0085 unique=0.2400
D step=1/5 epoch=1/3 loss=0.3705 l2=0.2000 label_smoothing=0.000
D step=1/5 epoch=2/3 loss=0.3270 l2=0.2000 label_smoothing=0.000
D step=1/5 epoch=3/3 loss=0.3250 l2=0.2000 label_smoothing=0.000
D step=2/5 epoch=1/3 loss=0.3283 l2=0.2000 label_smoothing=0.000
D step=2/5 epoch=2/3 loss=0.3257 l2=0.2000 label_smoothing=0.000
D step=2/5 epoch=3/3 loss=0.3263 l2=0.2000 label_smoothing=0.000
D step=3/5 epoch=1/3 loss=0.3074 l2=0.2000 label_smoothing=0.000
D step=3/5 epoch=2/3 loss=0.3046 l2=0.2000 label_smoothing=0.000
D step=3/5 epoch=3/3 loss=0.3046 l2=0.2000 label_smoothing=0.000
D step=4/5 epoch=1/3 loss=0.3069 l2=0.2000 label_smoothing=0.000
D step=4/5 epoch=2/3 loss=0.3138 l2=0.2000 label_smoothing=0.000
D step=4/5 epoch=3/3 loss=0.3083 l2=0.2000 label_smoothing=0.000
D step=5/5 epoch=1/3 loss=0.3156 l2=0.2000 label_smoothing=0.000
D step=5/5 epoch=2/3 loss=0.3101 l2=0.2000 label_smoothing=0.000
D step=5/5 epoch=3/3 loss=0.3024 l2=0.2000 label_smoothing=0.000
ADV epoch=42/200 g_loss=0.0205 d_loss=0.3184 reward=0.1647 reward_var=0.0247 unique=0.2800
D step=1/5 epoch=1/3 loss=0.3168 l2=0.2000 label_smoothing=0.000
D step=1/5 epoch=2/3 loss=0.3045 l2=0.2000 label_smoothing=0.000
D step=1/5 epoch=3/3 loss=0.3131 l2=0.2000 label_smoothing=0.000
D step=2/5 epoch=1/3 loss=0.2980 l2=0.2000 label_smoothing=0.000
D step=2/5 epoch=2/3 loss=0.2922 l2=0.2000 label_smoothing=0.000
D step=2/5 epoch=3/3 loss=0.2871 l2=0.2000 label_smoothing=0.000
D step=3/5 epoch=1/3 loss=0.3288 l2=0.2000 label_smoothing=0.000
D step=3/5 epoch=2/3 loss=0.3255 l2=0.2000 label_smoothing=0.000
D step=3/5 epoch=3/3 loss=0.3070 l2=0.2000 label_smoothing=0.000
D step=4/5 epoch=1/3 loss=0.3122 l2=0.2000 label_smoothing=0.000
D step=4/5 epoch=2/3 loss=0.3096 l2=0.2000 label_smoothing=0.000
D step=4/5 epoch=3/3 loss=0.3080 l2=0.2000 label_smoothing=0.000
D step=5/5 epoch=1/3 loss=0.2954 l2=0.2000 label_smoothing=0.000
D step=5/5 epoch=2/3 loss=0.2877 l2=0.2000 label_smoothing=0.000
D step=5/5 epoch=3/3 loss=0.2856 l2=0.2000 label_smoothing=0.000
ADV epoch=43/200 g_loss=0.0137 d_loss=0.3048 reward=0.1593 reward_var=0.0040 unique=0.3200
D step=1/5 epoch=1/3 loss=0.2954 l2=0.2000 label_smoothing=0.000
D step=1/5 epoch=2/3 loss=0.2981 l2=0.2000 label_smoothing=0.000
D step=1/5 epoch=3/3 loss=0.2863 l2=0.2000 label_smoothing=0.000
D step=2/5 epoch=1/3 loss=0.2836 l2=0.2000 label_smoothing=0.000
D step=2/5 epoch=2/3 loss=0.2743 l2=0.2000 label_smoothing=0.000
D step=2/5 epoch=3/3 loss=0.2805 l2=0.2000 label_smoothing=0.000
D step=3/5 epoch=1/3 loss=0.3211 l2=0.2000 label_smoothing=0.000
D step=3/5 epoch=2/3 loss=0.3222 l2=0.2000 label_smoothing=0.000
D step=3/5 epoch=3/3 loss=0.3164 l2=0.2000 label_smoothing=0.000
D step=4/5 epoch=1/3 loss=0.3045 l2=0.2000 label_smoothing=0.000
D step=4/5 epoch=2/3 loss=0.2903 l2=0.2000 label_smoothing=0.000
D step=4/5 epoch=3/3 loss=0.2987 l2=0.2000 label_smoothing=0.000
D step=5/5 epoch=1/3 loss=0.3444 l2=0.2000 label_smoothing=0.000
D step=5/5 epoch=2/3 loss=0.3279 l2=0.2000 label_smoothing=0.000
D step=5/5 epoch=3/3 loss=0.3181 l2=0.2000 label_smoothing=0.000
ADV epoch=44/200 g_loss=0.0221 d_loss=0.3041 reward=0.1799 reward_var=0.0082 unique=0.2800
D step=1/5 epoch=1/3 loss=0.3212 l2=0.2000 label_smoothing=0.000
D step=1/5 epoch=2/3 loss=0.2993 l2=0.2000 label_smoothing=0.000
D step=1/5 epoch=3/3 loss=0.3062 l2=0.2000 label_smoothing=0.000
D step=2/5 epoch=1/3 loss=0.3170 l2=0.2000 label_smoothing=0.000
D step=2/5 epoch=2/3 loss=0.3073 l2=0.2000 label_smoothing=0.000
D step=2/5 epoch=3/3 loss=0.2987 l2=0.2000 label_smoothing=0.000
D step=3/5 epoch=1/3 loss=0.3301 l2=0.2000 label_smoothing=0.000
D step=3/5 epoch=2/3 loss=0.3288 l2=0.2000 label_smoothing=0.000
D step=3/5 epoch=3/3 loss=0.3226 l2=0.2000 label_smoothing=0.000
D step=4/5 epoch=1/3 loss=0.2726 l2=0.2000 label_smoothing=0.000
D step=4/5 epoch=2/3 loss=0.2669 l2=0.2000 label_smoothing=0.000
D step=4/5 epoch=3/3 loss=0.2598 l2=0.2000 label_smoothing=0.000
D step=5/5 epoch=1/3 loss=0.3039 l2=0.2000 label_smoothing=0.000
D step=5/5 epoch=2/3 loss=0.3092 l2=0.2000 label_smoothing=0.000
D step=5/5 epoch=3/3 loss=0.3244 l2=0.2000 label_smoothing=0.000
ADV epoch=45/200 g_loss=0.0152 d_loss=0.3046 reward=0.2146 reward_var=0.0119 unique=0.3200
D step=1/5 epoch=1/3 loss=0.3277 l2=0.2000 label_smoothing=0.000
D step=1/5 epoch=2/3 loss=0.3050 l2=0.2000 label_smoothing=0.000
D step=1/5 epoch=3/3 loss=0.3049 l2=0.2000 label_smoothing=0.000
D step=2/5 epoch=1/3 loss=0.3158 l2=0.2000 label_smoothing=0.000
D step=2/5 epoch=2/3 loss=0.3126 l2=0.2000 label_smoothing=0.000
D step=2/5 epoch=3/3 loss=0.3120 l2=0.2000 label_smoothing=0.000
D step=3/5 epoch=1/3 loss=0.3382 l2=0.2000 label_smoothing=0.000
D step=3/5 epoch=2/3 loss=0.3436 l2=0.2000 label_smoothing=0.000
D step=3/5 epoch=3/3 loss=0.3380 l2=0.2000 label_smoothing=0.000
D step=4/5 epoch=1/3 loss=0.3246 l2=0.2000 label_smoothing=0.000
D step=4/5 epoch=2/3 loss=0.3185 l2=0.2000 label_smoothing=0.000
D step=4/5 epoch=3/3 loss=0.3312 l2=0.2000 label_smoothing=0.000
D step=5/5 epoch=1/3 loss=0.2997 l2=0.2000 label_smoothing=0.000
D step=5/5 epoch=2/3 loss=0.2996 l2=0.2000 label_smoothing=0.000
D step=5/5 epoch=3/3 loss=0.2976 l2=0.2000 label_smoothing=0.000
ADV epoch=46/200 g_loss=0.0229 d_loss=0.3179 reward=0.2237 reward_var=0.0108 unique=0.2000
D step=1/5 epoch=1/3 loss=0.3271 l2=0.2000 label_smoothing=0.000
D step=1/5 epoch=2/3 loss=0.3171 l2=0.2000 label_smoothing=0.000
D step=1/5 epoch=3/3 loss=0.3047 l2=0.2000 label_smoothing=0.000
D step=2/5 epoch=1/3 loss=0.3276 l2=0.2000 label_smoothing=0.000
D step=2/5 epoch=2/3 loss=0.3124 l2=0.2000 label_smoothing=0.000
D step=2/5 epoch=3/3 loss=0.3031 l2=0.2000 label_smoothing=0.000
D step=3/5 epoch=1/3 loss=0.3063 l2=0.2000 label_smoothing=0.000
D step=3/5 epoch=2/3 loss=0.3027 l2=0.2000 label_smoothing=0.000
D step=3/5 epoch=3/3 loss=0.3054 l2=0.2000 label_smoothing=0.000
D step=4/5 epoch=1/3 loss=0.3129 l2=0.2000 label_smoothing=0.000
D step=4/5 epoch=2/3 loss=0.3085 l2=0.2000 label_smoothing=0.000
D step=4/5 epoch=3/3 loss=0.2932 l2=0.2000 label_smoothing=0.000
D step=5/5 epoch=1/3 loss=0.3458 l2=0.2000 label_smoothing=0.000
D step=5/5 epoch=2/3 loss=0.3451 l2=0.2000 label_smoothing=0.000
D step=5/5 epoch=3/3 loss=0.3488 l2=0.2000 label_smoothing=0.000
ADV epoch=47/200 g_loss=0.0134 d_loss=0.3174 reward=0.1854 reward_var=0.0057 unique=0.2400
D step=1/5 epoch=1/3 loss=0.3220 l2=0.2000 label_smoothing=0.000
D step=1/5 epoch=2/3 loss=0.3105 l2=0.2000 label_smoothing=0.000
D step=1/5 epoch=3/3 loss=0.3070 l2=0.2000 label_smoothing=0.000
D step=2/5 epoch=1/3 loss=0.3181 l2=0.2000 label_smoothing=0.000
D step=2/5 epoch=2/3 loss=0.3167 l2=0.2000 label_smoothing=0.000
D step=2/5 epoch=3/3 loss=0.3114 l2=0.2000 label_smoothing=0.000
D step=3/5 epoch=1/3 loss=0.3111 l2=0.2000 label_smoothing=0.000
D step=3/5 epoch=2/3 loss=0.3162 l2=0.2000 label_smoothing=0.000
D step=3/5 epoch=3/3 loss=0.3226 l2=0.2000 label_smoothing=0.000
D step=4/5 epoch=1/3 loss=0.3212 l2=0.2000 label_smoothing=0.000
D step=4/5 epoch=2/3 loss=0.3157 l2=0.2000 label_smoothing=0.000
D step=4/5 epoch=3/3 loss=0.3132 l2=0.2000 label_smoothing=0.000
D step=5/5 epoch=1/3 loss=0.2810 l2=0.2000 label_smoothing=0.000
D step=5/5 epoch=2/3 loss=0.2881 l2=0.2000 label_smoothing=0.000
D step=5/5 epoch=3/3 loss=0.2860 l2=0.2000 label_smoothing=0.000
ADV epoch=48/200 g_loss=0.0130 d_loss=0.3094 reward=0.2106 reward_var=0.0037 unique=0.1600
D step=1/5 epoch=1/3 loss=0.3335 l2=0.2000 label_smoothing=0.000
D step=1/5 epoch=2/3 loss=0.3300 l2=0.2000 label_smoothing=0.000
D step=1/5 epoch=3/3 loss=0.3307 l2=0.2000 label_smoothing=0.000
D step=2/5 epoch=1/3 loss=0.2620 l2=0.2000 label_smoothing=0.000
D step=2/5 epoch=2/3 loss=0.2606 l2=0.2000 label_smoothing=0.000
D step=2/5 epoch=3/3 loss=0.2643 l2=0.2000 label_smoothing=0.000
D step=3/5 epoch=1/3 loss=0.3319 l2=0.2000 label_smoothing=0.000
D step=3/5 epoch=2/3 loss=0.3294 l2=0.2000 label_smoothing=0.000
D step=3/5 epoch=3/3 loss=0.3109 l2=0.2000 label_smoothing=0.000
D step=4/5 epoch=1/3 loss=0.3240 l2=0.2000 label_smoothing=0.000
D step=4/5 epoch=2/3 loss=0.3263 l2=0.2000 label_smoothing=0.000
D step=4/5 epoch=3/3 loss=0.3174 l2=0.2000 label_smoothing=0.000
D step=5/5 epoch=1/3 loss=0.2959 l2=0.2000 label_smoothing=0.000
D step=5/5 epoch=2/3 loss=0.2925 l2=0.2000 label_smoothing=0.000
D step=5/5 epoch=3/3 loss=0.2896 l2=0.2000 label_smoothing=0.000
ADV epoch=49/200 g_loss=0.0143 d_loss=0.3066 reward=0.1842 reward_var=0.0091 unique=0.2400
D step=1/5 epoch=1/3 loss=0.2984 l2=0.2000 label_smoothing=0.000
D step=1/5 epoch=2/3 loss=0.2873 l2=0.2000 label_smoothing=0.000
D step=1/5 epoch=3/3 loss=0.2797 l2=0.2000 label_smoothing=0.000
D step=2/5 epoch=1/3 loss=0.3101 l2=0.2000 label_smoothing=0.000
D step=2/5 epoch=2/3 loss=0.3102 l2=0.2000 label_smoothing=0.000
D step=2/5 epoch=3/3 loss=0.3032 l2=0.2000 label_smoothing=0.000
D step=3/5 epoch=1/3 loss=0.3111 l2=0.2000 label_smoothing=0.000
D step=3/5 epoch=2/3 loss=0.3107 l2=0.2000 label_smoothing=0.000
D step=3/5 epoch=3/3 loss=0.3090 l2=0.2000 label_smoothing=0.000
D step=4/5 epoch=1/3 loss=0.3149 l2=0.2000 label_smoothing=0.000
D step=4/5 epoch=2/3 loss=0.3168 l2=0.2000 label_smoothing=0.000
D step=4/5 epoch=3/3 loss=0.3083 l2=0.2000 label_smoothing=0.000
D step=5/5 epoch=1/3 loss=0.3352 l2=0.2000 label_smoothing=0.000
D step=5/5 epoch=2/3 loss=0.3355 l2=0.2000 label_smoothing=0.000
D step=5/5 epoch=3/3 loss=0.3134 l2=0.2000 label_smoothing=0.000
ADV epoch=50/200 g_loss=0.0186 d_loss=0.3096 reward=0.1988 reward_var=0.0108 unique=0.2200
D step=1/5 epoch=1/3 loss=0.3203 l2=0.2000 label_smoothing=0.000
D step=1/5 epoch=2/3 loss=0.3010 l2=0.2000 label_smoothing=0.000
D step=1/5 epoch=3/3 loss=0.3101 l2=0.2000 label_smoothing=0.000
D step=2/5 epoch=1/3 loss=0.3410 l2=0.2000 label_smoothing=0.000
D step=2/5 epoch=2/3 loss=0.3367 l2=0.2000 label_smoothing=0.000
D step=2/5 epoch=3/3 loss=0.3439 l2=0.2000 label_smoothing=0.000
D step=3/5 epoch=1/3 loss=0.3168 l2=0.2000 label_smoothing=0.000
D step=3/5 epoch=2/3 loss=0.3213 l2=0.2000 label_smoothing=0.000
D step=3/5 epoch=3/3 loss=0.3241 l2=0.2000 label_smoothing=0.000
D step=4/5 epoch=1/3 loss=0.2878 l2=0.2000 label_smoothing=0.000
D step=4/5 epoch=2/3 loss=0.2798 l2=0.2000 label_smoothing=0.000
D step=4/5 epoch=3/3 loss=0.2755 l2=0.2000 label_smoothing=0.000
D step=5/5 epoch=1/3 loss=0.3075 l2=0.2000 label_smoothing=0.000
D step=5/5 epoch=2/3 loss=0.3088 l2=0.2000 label_smoothing=0.000
D step=5/5 epoch=3/3 loss=0.3098 l2=0.2000 label_smoothing=0.000
ADV epoch=51/200 g_loss=0.0139 d_loss=0.3123 reward=0.1989 reward_var=0.0123 unique=0.2200
D step=1/5 epoch=1/3 loss=0.2957 l2=0.2000 label_smoothing=0.000
D step=1/5 epoch=2/3 loss=0.2999 l2=0.2000 label_smoothing=0.000
D step=1/5 epoch=3/3 loss=0.2825 l2=0.2000 label_smoothing=0.000
D step=2/5 epoch=1/3 loss=0.3489 l2=0.2000 label_smoothing=0.000
D step=2/5 epoch=2/3 loss=0.3397 l2=0.2000 label_smoothing=0.000
D step=2/5 epoch=3/3 loss=0.3220 l2=0.2000 label_smoothing=0.000
D step=3/5 epoch=1/3 loss=0.3023 l2=0.2000 label_smoothing=0.000
D step=3/5 epoch=2/3 loss=0.2971 l2=0.2000 label_smoothing=0.000
D step=3/5 epoch=3/3 loss=0.2834 l2=0.2000 label_smoothing=0.000
D step=4/5 epoch=1/3 loss=0.2915 l2=0.2000 label_smoothing=0.000
D step=4/5 epoch=2/3 loss=0.2957 l2=0.2000 label_smoothing=0.000
D step=4/5 epoch=3/3 loss=0.2909 l2=0.2000 label_smoothing=0.000
D step=5/5 epoch=1/3 loss=0.3536 l2=0.2000 label_smoothing=0.000
D step=5/5 epoch=2/3 loss=0.3367 l2=0.2000 label_smoothing=0.000
D step=5/5 epoch=3/3 loss=0.3218 l2=0.2000 label_smoothing=0.000
ADV epoch=52/200 g_loss=0.0110 d_loss=0.3108 reward=0.1654 reward_var=0.0036 unique=0.1600
D step=1/5 epoch=1/3 loss=0.3193 l2=0.2000 label_smoothing=0.000
D step=1/5 epoch=2/3 loss=0.3156 l2=0.2000 label_smoothing=0.000
D step=1/5 epoch=3/3 loss=0.3113 l2=0.2000 label_smoothing=0.000
D step=2/5 epoch=1/3 loss=0.3232 l2=0.2000 label_smoothing=0.000
D step=2/5 epoch=2/3 loss=0.3177 l2=0.2000 label_smoothing=0.000
D step=2/5 epoch=3/3 loss=0.3038 l2=0.2000 label_smoothing=0.000
D step=3/5 epoch=1/3 loss=0.3334 l2=0.2000 label_smoothing=0.000
D step=3/5 epoch=2/3 loss=0.3353 l2=0.2000 label_smoothing=0.000
D step=3/5 epoch=3/3 loss=0.3157 l2=0.2000 label_smoothing=0.000
D step=4/5 epoch=1/3 loss=0.3370 l2=0.2000 label_smoothing=0.000
D step=4/5 epoch=2/3 loss=0.3225 l2=0.2000 label_smoothing=0.000
D step=4/5 epoch=3/3 loss=0.3185 l2=0.2000 label_smoothing=0.000
D step=5/5 epoch=1/3 loss=0.3232 l2=0.2000 label_smoothing=0.000
D step=5/5 epoch=2/3 loss=0.3227 l2=0.2000 label_smoothing=0.000
D step=5/5 epoch=3/3 loss=0.3196 l2=0.2000 label_smoothing=0.000
ADV epoch=53/200 g_loss=0.0098 d_loss=0.3212 reward=0.1548 reward_var=0.0044 unique=0.2200
D step=1/5 epoch=1/3 loss=0.3374 l2=0.2000 label_smoothing=0.000
D step=1/5 epoch=2/3 loss=0.3251 l2=0.2000 label_smoothing=0.000
D step=1/5 epoch=3/3 loss=0.3261 l2=0.2000 label_smoothing=0.000
D step=2/5 epoch=1/3 loss=0.3195 l2=0.2000 label_smoothing=0.000
D step=2/5 epoch=2/3 loss=0.3171 l2=0.2000 label_smoothing=0.000
D step=2/5 epoch=3/3 loss=0.2951 l2=0.2000 label_smoothing=0.000
D step=3/5 epoch=1/3 loss=0.2771 l2=0.2000 label_smoothing=0.000
D step=3/5 epoch=2/3 loss=0.2804 l2=0.2000 label_smoothing=0.000
D step=3/5 epoch=3/3 loss=0.2759 l2=0.2000 label_smoothing=0.000
D step=4/5 epoch=1/3 loss=0.3222 l2=0.2000 label_smoothing=0.000
D step=4/5 epoch=2/3 loss=0.3211 l2=0.2000 label_smoothing=0.000
D step=4/5 epoch=3/3 loss=0.3199 l2=0.2000 label_smoothing=0.000
D step=5/5 epoch=1/3 loss=0.3097 l2=0.2000 label_smoothing=0.000
D step=5/5 epoch=2/3 loss=0.3090 l2=0.2000 label_smoothing=0.000
D step=5/5 epoch=3/3 loss=0.3096 l2=0.2000 label_smoothing=0.000
ADV epoch=54/200 g_loss=0.0203 d_loss=0.3097 reward=0.2023 reward_var=0.0105 unique=0.2800
D step=1/5 epoch=1/3 loss=0.3052 l2=0.2000 label_smoothing=0.000
D step=1/5 epoch=2/3 loss=0.2728 l2=0.2000 label_smoothing=0.000
D step=1/5 epoch=3/3 loss=0.2803 l2=0.2000 label_smoothing=0.000
D step=2/5 epoch=1/3 loss=0.3497 l2=0.2000 label_smoothing=0.000
D step=2/5 epoch=2/3 loss=0.3545 l2=0.2000 label_smoothing=0.000
D step=2/5 epoch=3/3 loss=0.3488 l2=0.2000 label_smoothing=0.000
D step=3/5 epoch=1/3 loss=0.3550 l2=0.2000 label_smoothing=0.000
D step=3/5 epoch=2/3 loss=0.3357 l2=0.2000 label_smoothing=0.000
D step=3/5 epoch=3/3 loss=0.3094 l2=0.2000 label_smoothing=0.000
D step=4/5 epoch=1/3 loss=0.3383 l2=0.2000 label_smoothing=0.000
D step=4/5 epoch=2/3 loss=0.3375 l2=0.2000 label_smoothing=0.000
D step=4/5 epoch=3/3 loss=0.3407 l2=0.2000 label_smoothing=0.000
D step=5/5 epoch=1/3 loss=0.3335 l2=0.2000 label_smoothing=0.000
D step=5/5 epoch=2/3 loss=0.3340 l2=0.2000 label_smoothing=0.000
D step=5/5 epoch=3/3 loss=0.3276 l2=0.2000 label_smoothing=0.000
ADV epoch=55/200 g_loss=0.0146 d_loss=0.3282 reward=0.2140 reward_var=0.0079 unique=0.2000
D step=1/5 epoch=1/3 loss=0.3338 l2=0.2000 label_smoothing=0.000
D step=1/5 epoch=2/3 loss=0.3251 l2=0.2000 label_smoothing=0.000
D step=1/5 epoch=3/3 loss=0.3201 l2=0.2000 label_smoothing=0.000
D step=2/5 epoch=1/3 loss=0.3007 l2=0.2000 label_smoothing=0.000
D step=2/5 epoch=2/3 loss=0.2980 l2=0.2000 label_smoothing=0.000
D step=2/5 epoch=3/3 loss=0.2956 l2=0.2000 label_smoothing=0.000
D step=3/5 epoch=1/3 loss=0.3799 l2=0.2000 label_smoothing=0.000
D step=3/5 epoch=2/3 loss=0.3687 l2=0.2000 label_smoothing=0.000
D step=3/5 epoch=3/3 loss=0.3567 l2=0.2000 label_smoothing=0.000
D step=4/5 epoch=1/3 loss=0.2983 l2=0.2000 label_smoothing=0.000
D step=4/5 epoch=2/3 loss=0.2980 l2=0.2000 label_smoothing=0.000
D step=4/5 epoch=3/3 loss=0.2985 l2=0.2000 label_smoothing=0.000
D step=5/5 epoch=1/3 loss=0.2964 l2=0.2000 label_smoothing=0.000
D step=5/5 epoch=2/3 loss=0.3065 l2=0.2000 label_smoothing=0.000
D step=5/5 epoch=3/3 loss=0.3135 l2=0.2000 label_smoothing=0.000
ADV epoch=56/200 g_loss=0.0178 d_loss=0.3193 reward=0.2363 reward_var=0.0096 unique=0.2400
D step=1/5 epoch=1/3 loss=0.3275 l2=0.2000 label_smoothing=0.000
D step=1/5 epoch=2/3 loss=0.3256 l2=0.2000 label_smoothing=0.000
D step=1/5 epoch=3/3 loss=0.3189 l2=0.2000 label_smoothing=0.000
D step=2/5 epoch=1/3 loss=0.3099 l2=0.2000 label_smoothing=0.000
D step=2/5 epoch=2/3 loss=0.3116 l2=0.2000 label_smoothing=0.000
D step=2/5 epoch=3/3 loss=0.3126 l2=0.2000 label_smoothing=0.000
D step=3/5 epoch=1/3 loss=0.3313 l2=0.2000 label_smoothing=0.000
D step=3/5 epoch=2/3 loss=0.3217 l2=0.2000 label_smoothing=0.000
D step=3/5 epoch=3/3 loss=0.3215 l2=0.2000 label_smoothing=0.000
D step=4/5 epoch=1/3 loss=0.3172 l2=0.2000 label_smoothing=0.000
D step=4/5 epoch=2/3 loss=0.3273 l2=0.2000 label_smoothing=0.000
D step=4/5 epoch=3/3 loss=0.3246 l2=0.2000 label_smoothing=0.000
D step=5/5 epoch=1/3 loss=0.3269 l2=0.2000 label_smoothing=0.000
D step=5/5 epoch=2/3 loss=0.3285 l2=0.2000 label_smoothing=0.000
D step=5/5 epoch=3/3 loss=0.3281 l2=0.2000 label_smoothing=0.000
ADV epoch=57/200 g_loss=0.0171 d_loss=0.3222 reward=0.2210 reward_var=0.0196 unique=0.1800
D step=1/5 epoch=1/3 loss=0.3259 l2=0.2000 label_smoothing=0.000
D step=1/5 epoch=2/3 loss=0.3134 l2=0.2000 label_smoothing=0.000
D step=1/5 epoch=3/3 loss=0.3030 l2=0.2000 label_smoothing=0.000
D step=2/5 epoch=1/3 loss=0.2625 l2=0.2000 label_smoothing=0.000
D step=2/5 epoch=2/3 loss=0.2618 l2=0.2000 label_smoothing=0.000
D step=2/5 epoch=3/3 loss=0.2599 l2=0.2000 label_smoothing=0.000
D step=3/5 epoch=1/3 loss=0.3516 l2=0.2000 label_smoothing=0.000
D step=3/5 epoch=2/3 loss=0.3421 l2=0.2000 label_smoothing=0.000
D step=3/5 epoch=3/3 loss=0.3254 l2=0.2000 label_smoothing=0.000
D step=4/5 epoch=1/3 loss=0.3105 l2=0.2000 label_smoothing=0.000
D step=4/5 epoch=2/3 loss=0.3125 l2=0.2000 label_smoothing=0.000
D step=4/5 epoch=3/3 loss=0.3151 l2=0.2000 label_smoothing=0.000
D step=5/5 epoch=1/3 loss=0.3363 l2=0.2000 label_smoothing=0.000
D step=5/5 epoch=2/3 loss=0.3210 l2=0.2000 label_smoothing=0.000
D step=5/5 epoch=3/3 loss=0.3237 l2=0.2000 label_smoothing=0.000
ADV epoch=58/200 g_loss=0.0170 d_loss=0.3110 reward=0.2117 reward_var=0.0030 unique=0.1800
D step=1/5 epoch=1/3 loss=0.3150 l2=0.2000 label_smoothing=0.000
D step=1/5 epoch=2/3 loss=0.3017 l2=0.2000 label_smoothing=0.000
D step=1/5 epoch=3/3 loss=0.2972 l2=0.2000 label_smoothing=0.000
D step=2/5 epoch=1/3 loss=0.2917 l2=0.2000 label_smoothing=0.000
D step=2/5 epoch=2/3 loss=0.2830 l2=0.2000 label_smoothing=0.000
D step=2/5 epoch=3/3 loss=0.2899 l2=0.2000 label_smoothing=0.000
D step=3/5 epoch=1/3 loss=0.3200 l2=0.2000 label_smoothing=0.000
D step=3/5 epoch=2/3 loss=0.3066 l2=0.2000 label_smoothing=0.000
D step=3/5 epoch=3/3 loss=0.3039 l2=0.2000 label_smoothing=0.000
D step=4/5 epoch=1/3 loss=0.2951 l2=0.2000 label_smoothing=0.000
D step=4/5 epoch=2/3 loss=0.2886 l2=0.2000 label_smoothing=0.000
D step=4/5 epoch=3/3 loss=0.2861 l2=0.2000 label_smoothing=0.000
D step=5/5 epoch=1/3 loss=0.3690 l2=0.2000 label_smoothing=0.000
D step=5/5 epoch=2/3 loss=0.3628 l2=0.2000 label_smoothing=0.000
D step=5/5 epoch=3/3 loss=0.3555 l2=0.2000 label_smoothing=0.000
ADV epoch=59/200 g_loss=0.0176 d_loss=0.3111 reward=0.1905 reward_var=0.0034 unique=0.2000
D step=1/5 epoch=1/3 loss=0.3252 l2=0.2000 label_smoothing=0.000
D step=1/5 epoch=2/3 loss=0.3038 l2=0.2000 label_smoothing=0.000
D step=1/5 epoch=3/3 loss=0.3101 l2=0.2000 label_smoothing=0.000
D step=2/5 epoch=1/3 loss=0.2972 l2=0.2000 label_smoothing=0.000
D step=2/5 epoch=2/3 loss=0.2948 l2=0.2000 label_smoothing=0.000
D step=2/5 epoch=3/3 loss=0.2873 l2=0.2000 label_smoothing=0.000
D step=3/5 epoch=1/3 loss=0.3191 l2=0.2000 label_smoothing=0.000
D step=3/5 epoch=2/3 loss=0.2973 l2=0.2000 label_smoothing=0.000
D step=3/5 epoch=3/3 loss=0.2818 l2=0.2000 label_smoothing=0.000
D step=4/5 epoch=1/3 loss=0.3389 l2=0.2000 label_smoothing=0.000
D step=4/5 epoch=2/3 loss=0.3353 l2=0.2000 label_smoothing=0.000
D step=4/5 epoch=3/3 loss=0.3286 l2=0.2000 label_smoothing=0.000
D step=5/5 epoch=1/3 loss=0.3178 l2=0.2000 label_smoothing=0.000
D step=5/5 epoch=2/3 loss=0.3236 l2=0.2000 label_smoothing=0.000
D step=5/5 epoch=3/3 loss=0.3169 l2=0.2000 label_smoothing=0.000
ADV epoch=60/200 g_loss=0.0168 d_loss=0.3118 reward=0.1730 reward_var=0.0062 unique=0.2600
D step=1/5 epoch=1/3 loss=0.3488 l2=0.2000 label_smoothing=0.000
D step=1/5 epoch=2/3 loss=0.3267 l2=0.2000 label_smoothing=0.000
D step=1/5 epoch=3/3 loss=0.3121 l2=0.2000 label_smoothing=0.000
D step=2/5 epoch=1/3 loss=0.3618 l2=0.2000 label_smoothing=0.000
D step=2/5 epoch=2/3 loss=0.3562 l2=0.2000 label_smoothing=0.000
D step=2/5 epoch=3/3 loss=0.3449 l2=0.2000 label_smoothing=0.000
D step=3/5 epoch=1/3 loss=0.3192 l2=0.2000 label_smoothing=0.000
D step=3/5 epoch=2/3 loss=0.3081 l2=0.2000 label_smoothing=0.000
D step=3/5 epoch=3/3 loss=0.2962 l2=0.2000 label_smoothing=0.000
D step=4/5 epoch=1/3 loss=0.3140 l2=0.2000 label_smoothing=0.000
D step=4/5 epoch=2/3 loss=0.3038 l2=0.2000 label_smoothing=0.000
D step=4/5 epoch=3/3 loss=0.3057 l2=0.2000 label_smoothing=0.000
D step=5/5 epoch=1/3 loss=0.3170 l2=0.2000 label_smoothing=0.000
D step=5/5 epoch=2/3 loss=0.3140 l2=0.2000 label_smoothing=0.000
D step=5/5 epoch=3/3 loss=0.3116 l2=0.2000 label_smoothing=0.000
ADV epoch=61/200 g_loss=0.0320 d_loss=0.3227 reward=0.2630 reward_var=0.0181 unique=0.2400
D step=1/5 epoch=1/3 loss=0.3224 l2=0.2000 label_smoothing=0.000
D step=1/5 epoch=2/3 loss=0.3078 l2=0.2000 label_smoothing=0.000
D step=1/5 epoch=3/3 loss=0.3057 l2=0.2000 label_smoothing=0.000
D step=2/5 epoch=1/3 loss=0.3075 l2=0.2000 label_smoothing=0.000
D step=2/5 epoch=2/3 loss=0.3030 l2=0.2000 label_smoothing=0.000
D step=2/5 epoch=3/3 loss=0.3009 l2=0.2000 label_smoothing=0.000
D step=3/5 epoch=1/3 loss=0.3499 l2=0.2000 label_smoothing=0.000
D step=3/5 epoch=2/3 loss=0.3445 l2=0.2000 label_smoothing=0.000
D step=3/5 epoch=3/3 loss=0.3379 l2=0.2000 label_smoothing=0.000
D step=4/5 epoch=1/3 loss=0.3300 l2=0.2000 label_smoothing=0.000
D step=4/5 epoch=2/3 loss=0.3322 l2=0.2000 label_smoothing=0.000
D step=4/5 epoch=3/3 loss=0.3218 l2=0.2000 label_smoothing=0.000
D step=5/5 epoch=1/3 loss=0.3629 l2=0.2000 label_smoothing=0.000
D step=5/5 epoch=2/3 loss=0.3578 l2=0.2000 label_smoothing=0.000
D step=5/5 epoch=3/3 loss=0.3604 l2=0.2000 label_smoothing=0.000
ADV epoch=62/200 g_loss=0.0143 d_loss=0.3296 reward=0.1828 reward_var=0.0087 unique=0.2000
D step=1/5 epoch=1/3 loss=0.3037 l2=0.2000 label_smoothing=0.000
D step=1/5 epoch=2/3 loss=0.3014 l2=0.2000 label_smoothing=0.000
D step=1/5 epoch=3/3 loss=0.2944 l2=0.2000 label_smoothing=0.000
D step=2/5 epoch=1/3 loss=0.3718 l2=0.2000 label_smoothing=0.000
D step=2/5 epoch=2/3 loss=0.3338 l2=0.2000 label_smoothing=0.000
D step=2/5 epoch=3/3 loss=0.3375 l2=0.2000 label_smoothing=0.000
D step=3/5 epoch=1/3 loss=0.3075 l2=0.2000 label_smoothing=0.000
D step=3/5 epoch=2/3 loss=0.3139 l2=0.2000 label_smoothing=0.000
D step=3/5 epoch=3/3 loss=0.3116 l2=0.2000 label_smoothing=0.000
D step=4/5 epoch=1/3 loss=0.3565 l2=0.2000 label_smoothing=0.000
D step=4/5 epoch=2/3 loss=0.3332 l2=0.2000 label_smoothing=0.000
D step=4/5 epoch=3/3 loss=0.3224 l2=0.2000 label_smoothing=0.000
D step=5/5 epoch=1/3 loss=0.3408 l2=0.2000 label_smoothing=0.000
D step=5/5 epoch=2/3 loss=0.3385 l2=0.2000 label_smoothing=0.000
D step=5/5 epoch=3/3 loss=0.3384 l2=0.2000 label_smoothing=0.000
ADV epoch=63/200 g_loss=0.0214 d_loss=0.3270 reward=0.2236 reward_var=0.0059 unique=0.1200
D step=1/5 epoch=1/3 loss=0.2864 l2=0.2000 label_smoothing=0.000
D step=1/5 epoch=2/3 loss=0.2903 l2=0.2000 label_smoothing=0.000
D step=1/5 epoch=3/3 loss=0.2805 l2=0.2000 label_smoothing=0.000
D step=2/5 epoch=1/3 loss=0.3408 l2=0.2000 label_smoothing=0.000
D step=2/5 epoch=2/3 loss=0.3331 l2=0.2000 label_smoothing=0.000
D step=2/5 epoch=3/3 loss=0.3217 l2=0.2000 label_smoothing=0.000
D step=3/5 epoch=1/3 loss=0.3228 l2=0.2000 label_smoothing=0.000
D step=3/5 epoch=2/3 loss=0.3156 l2=0.2000 label_smoothing=0.000
D step=3/5 epoch=3/3 loss=0.3156 l2=0.2000 label_smoothing=0.000
D step=4/5 epoch=1/3 loss=0.3489 l2=0.2000 label_smoothing=0.000
D step=4/5 epoch=2/3 loss=0.3574 l2=0.2000 label_smoothing=0.000
D step=4/5 epoch=3/3 loss=0.3362 l2=0.2000 label_smoothing=0.000
D step=5/5 epoch=1/3 loss=0.3318 l2=0.2000 label_smoothing=0.000
D step=5/5 epoch=2/3 loss=0.3302 l2=0.2000 label_smoothing=0.000
D step=5/5 epoch=3/3 loss=0.3227 l2=0.2000 label_smoothing=0.000
ADV epoch=64/200 g_loss=0.0155 d_loss=0.3223 reward=0.2249 reward_var=0.0047 unique=0.2600
D step=1/5 epoch=1/3 loss=0.3425 l2=0.2000 label_smoothing=0.000
D step=1/5 epoch=2/3 loss=0.3072 l2=0.2000 label_smoothing=0.000
D step=1/5 epoch=3/3 loss=0.3049 l2=0.2000 label_smoothing=0.000
D step=2/5 epoch=1/3 loss=0.3039 l2=0.2000 label_smoothing=0.000
D step=2/5 epoch=2/3 loss=0.3040 l2=0.2000 label_smoothing=0.000
D step=2/5 epoch=3/3 loss=0.3042 l2=0.2000 label_smoothing=0.000
D step=3/5 epoch=1/3 loss=0.2977 l2=0.2000 label_smoothing=0.000
D step=3/5 epoch=2/3 loss=0.2878 l2=0.2000 label_smoothing=0.000
D step=3/5 epoch=3/3 loss=0.2842 l2=0.2000 label_smoothing=0.000
D step=4/5 epoch=1/3 loss=0.3262 l2=0.2000 label_smoothing=0.000
D step=4/5 epoch=2/3 loss=0.3229 l2=0.2000 label_smoothing=0.000
D step=4/5 epoch=3/3 loss=0.3208 l2=0.2000 label_smoothing=0.000
D step=5/5 epoch=1/3 loss=0.3179 l2=0.2000 label_smoothing=0.000
D step=5/5 epoch=2/3 loss=0.3095 l2=0.2000 label_smoothing=0.000
D step=5/5 epoch=3/3 loss=0.3090 l2=0.2000 label_smoothing=0.000
ADV epoch=65/200 g_loss=0.0335 d_loss=0.3095 reward=0.2760 reward_var=0.0156 unique=0.2200
D step=1/5 epoch=1/3 loss=0.3562 l2=0.2000 label_smoothing=0.000
D step=1/5 epoch=2/3 loss=0.3363 l2=0.2000 label_smoothing=0.000
D step=1/5 epoch=3/3 loss=0.3349 l2=0.2000 label_smoothing=0.000
D step=2/5 epoch=1/3 loss=0.3064 l2=0.2000 label_smoothing=0.000
D step=2/5 epoch=2/3 loss=0.2994 l2=0.2000 label_smoothing=0.000
D step=2/5 epoch=3/3 loss=0.3081 l2=0.2000 label_smoothing=0.000
D step=3/5 epoch=1/3 loss=0.3367 l2=0.2000 label_smoothing=0.000
D step=3/5 epoch=2/3 loss=0.3352 l2=0.2000 label_smoothing=0.000
D step=3/5 epoch=3/3 loss=0.3235 l2=0.2000 label_smoothing=0.000
D step=4/5 epoch=1/3 loss=0.3099 l2=0.2000 label_smoothing=0.000
D step=4/5 epoch=2/3 loss=0.3075 l2=0.2000 label_smoothing=0.000
D step=4/5 epoch=3/3 loss=0.3057 l2=0.2000 label_smoothing=0.000
D step=5/5 epoch=1/3 loss=0.3150 l2=0.2000 label_smoothing=0.000
D step=5/5 epoch=2/3 loss=0.3134 l2=0.2000 label_smoothing=0.000
D step=5/5 epoch=3/3 loss=0.3248 l2=0.2000 label_smoothing=0.000
ADV epoch=66/200 g_loss=0.0154 d_loss=0.3209 reward=0.1891 reward_var=0.0062 unique=0.2000
D step=1/5 epoch=1/3 loss=0.3190 l2=0.2000 label_smoothing=0.000
D step=1/5 epoch=2/3 loss=0.3091 l2=0.2000 label_smoothing=0.000
D step=1/5 epoch=3/3 loss=0.2986 l2=0.2000 label_smoothing=0.000
D step=2/5 epoch=1/3 loss=0.3315 l2=0.2000 label_smoothing=0.000
D step=2/5 epoch=2/3 loss=0.3316 l2=0.2000 label_smoothing=0.000
D step=2/5 epoch=3/3 loss=0.3173 l2=0.2000 label_smoothing=0.000
D step=3/5 epoch=1/3 loss=0.3026 l2=0.2000 label_smoothing=0.000
D step=3/5 epoch=2/3 loss=0.3058 l2=0.2000 label_smoothing=0.000
D step=3/5 epoch=3/3 loss=0.2940 l2=0.2000 label_smoothing=0.000
D step=4/5 epoch=1/3 loss=0.3149 l2=0.2000 label_smoothing=0.000
D step=4/5 epoch=2/3 loss=0.3124 l2=0.2000 label_smoothing=0.000
D step=4/5 epoch=3/3 loss=0.3058 l2=0.2000 label_smoothing=0.000
D step=5/5 epoch=1/3 loss=0.3206 l2=0.2000 label_smoothing=0.000
D step=5/5 epoch=2/3 loss=0.3130 l2=0.2000 label_smoothing=0.000
D step=5/5 epoch=3/3 loss=0.3201 l2=0.2000 label_smoothing=0.000
ADV epoch=67/200 g_loss=0.0250 d_loss=0.3131 reward=0.2240 reward_var=0.0114 unique=0.2000
D step=1/5 epoch=1/3 loss=0.3418 l2=0.2000 label_smoothing=0.000
D step=1/5 epoch=2/3 loss=0.3345 l2=0.2000 label_smoothing=0.000
D step=1/5 epoch=3/3 loss=0.3264 l2=0.2000 label_smoothing=0.000
D step=2/5 epoch=1/3 loss=0.3654 l2=0.2000 label_smoothing=0.000
D step=2/5 epoch=2/3 loss=0.3511 l2=0.2000 label_smoothing=0.000
D step=2/5 epoch=3/3 loss=0.3382 l2=0.2000 label_smoothing=0.000
D step=3/5 epoch=1/3 loss=0.2854 l2=0.2000 label_smoothing=0.000
D step=3/5 epoch=2/3 loss=0.2746 l2=0.2000 label_smoothing=0.000
D step=3/5 epoch=3/3 loss=0.2809 l2=0.2000 label_smoothing=0.000
D step=4/5 epoch=1/3 loss=0.3289 l2=0.2000 label_smoothing=0.000
D step=4/5 epoch=2/3 loss=0.3270 l2=0.2000 label_smoothing=0.000
D step=4/5 epoch=3/3 loss=0.3227 l2=0.2000 label_smoothing=0.000
D step=5/5 epoch=1/3 loss=0.2918 l2=0.2000 label_smoothing=0.000
D step=5/5 epoch=2/3 loss=0.2957 l2=0.2000 label_smoothing=0.000
D step=5/5 epoch=3/3 loss=0.3004 l2=0.2000 label_smoothing=0.000
ADV epoch=68/200 g_loss=0.0143 d_loss=0.3177 reward=0.1937 reward_var=0.0032 unique=0.2000
D step=1/5 epoch=1/3 loss=0.3548 l2=0.2000 label_smoothing=0.000
D step=1/5 epoch=2/3 loss=0.3235 l2=0.2000 label_smoothing=0.000
D step=1/5 epoch=3/3 loss=0.3157 l2=0.2000 label_smoothing=0.000
D step=2/5 epoch=1/3 loss=0.3510 l2=0.2000 label_smoothing=0.000
D step=2/5 epoch=2/3 loss=0.3419 l2=0.2000 label_smoothing=0.000
D step=2/5 epoch=3/3 loss=0.3492 l2=0.2000 label_smoothing=0.000
D step=3/5 epoch=1/3 loss=0.3482 l2=0.2000 label_smoothing=0.000
D step=3/5 epoch=2/3 loss=0.3487 l2=0.2000 label_smoothing=0.000
D step=3/5 epoch=3/3 loss=0.3431 l2=0.2000 label_smoothing=0.000
D step=4/5 epoch=1/3 loss=0.3268 l2=0.2000 label_smoothing=0.000
D step=4/5 epoch=2/3 loss=0.3233 l2=0.2000 label_smoothing=0.000
D step=4/5 epoch=3/3 loss=0.3274 l2=0.2000 label_smoothing=0.000
D step=5/5 epoch=1/3 loss=0.2985 l2=0.2000 label_smoothing=0.000
D step=5/5 epoch=2/3 loss=0.2911 l2=0.2000 label_smoothing=0.000
D step=5/5 epoch=3/3 loss=0.2963 l2=0.2000 label_smoothing=0.000
ADV epoch=69/200 g_loss=0.0198 d_loss=0.3293 reward=0.1987 reward_var=0.0126 unique=0.1600
D step=1/5 epoch=1/3 loss=0.3336 l2=0.2000 label_smoothing=0.000
D step=1/5 epoch=2/3 loss=0.3213 l2=0.2000 label_smoothing=0.000
D step=1/5 epoch=3/3 loss=0.3217 l2=0.2000 label_smoothing=0.000
D step=2/5 epoch=1/3 loss=0.3015 l2=0.2000 label_smoothing=0.000
D step=2/5 epoch=2/3 loss=0.2949 l2=0.2000 label_smoothing=0.000
D step=2/5 epoch=3/3 loss=0.2892 l2=0.2000 label_smoothing=0.000
D step=3/5 epoch=1/3 loss=0.3387 l2=0.2000 label_smoothing=0.000
D step=3/5 epoch=2/3 loss=0.3390 l2=0.2000 label_smoothing=0.000
D step=3/5 epoch=3/3 loss=0.3233 l2=0.2000 label_smoothing=0.000
D step=4/5 epoch=1/3 loss=0.3503 l2=0.2000 label_smoothing=0.000
D step=4/5 epoch=2/3 loss=0.3323 l2=0.2000 label_smoothing=0.000
D step=4/5 epoch=3/3 loss=0.3272 l2=0.2000 label_smoothing=0.000
D step=5/5 epoch=1/3 loss=0.3241 l2=0.2000 label_smoothing=0.000
D step=5/5 epoch=2/3 loss=0.3224 l2=0.2000 label_smoothing=0.000
D step=5/5 epoch=3/3 loss=0.3208 l2=0.2000 label_smoothing=0.000
ADV epoch=70/200 g_loss=0.0210 d_loss=0.3227 reward=0.1787 reward_var=0.0145 unique=0.2400
D step=1/5 epoch=1/3 loss=0.3350 l2=0.2000 label_smoothing=0.000
D step=1/5 epoch=2/3 loss=0.3204 l2=0.2000 label_smoothing=0.000
D step=1/5 epoch=3/3 loss=0.3133 l2=0.2000 label_smoothing=0.000
D step=2/5 epoch=1/3 loss=0.3351 l2=0.2000 label_smoothing=0.000
D step=2/5 epoch=2/3 loss=0.3363 l2=0.2000 label_smoothing=0.000
D step=2/5 epoch=3/3 loss=0.3358 l2=0.2000 label_smoothing=0.000
D step=3/5 epoch=1/3 loss=0.2668 l2=0.2000 label_smoothing=0.000
D step=3/5 epoch=2/3 loss=0.2524 l2=0.2000 label_smoothing=0.000
D step=3/5 epoch=3/3 loss=0.2566 l2=0.2000 label_smoothing=0.000
D step=4/5 epoch=1/3 loss=0.3515 l2=0.2000 label_smoothing=0.000
D step=4/5 epoch=2/3 loss=0.3450 l2=0.2000 label_smoothing=0.000
D step=4/5 epoch=3/3 loss=0.3434 l2=0.2000 label_smoothing=0.000
D step=5/5 epoch=1/3 loss=0.2759 l2=0.2000 label_smoothing=0.000
D step=5/5 epoch=2/3 loss=0.2741 l2=0.2000 label_smoothing=0.000
D step=5/5 epoch=3/3 loss=0.2747 l2=0.2000 label_smoothing=0.000
ADV epoch=71/200 g_loss=0.0153 d_loss=0.3078 reward=0.1794 reward_var=0.0047 unique=0.2200
D step=1/5 epoch=1/3 loss=0.3060 l2=0.2000 label_smoothing=0.000
D step=1/5 epoch=2/3 loss=0.3016 l2=0.2000 label_smoothing=0.000
D step=1/5 epoch=3/3 loss=0.2970 l2=0.2000 label_smoothing=0.000
D step=2/5 epoch=1/3 loss=0.3110 l2=0.2000 label_smoothing=0.000
D step=2/5 epoch=2/3 loss=0.3058 l2=0.2000 label_smoothing=0.000
D step=2/5 epoch=3/3 loss=0.3084 l2=0.2000 label_smoothing=0.000
D step=3/5 epoch=1/3 loss=0.3768 l2=0.2000 label_smoothing=0.000
D step=3/5 epoch=2/3 loss=0.3524 l2=0.2000 label_smoothing=0.000
D step=3/5 epoch=3/3 loss=0.3313 l2=0.2000 label_smoothing=0.000
D step=4/5 epoch=1/3 loss=0.2557 l2=0.2000 label_smoothing=0.000
D step=4/5 epoch=2/3 loss=0.2657 l2=0.2000 label_smoothing=0.000
D step=4/5 epoch=3/3 loss=0.2639 l2=0.2000 label_smoothing=0.000
D step=5/5 epoch=1/3 loss=0.3201 l2=0.2000 label_smoothing=0.000
D step=5/5 epoch=2/3 loss=0.3084 l2=0.2000 label_smoothing=0.000
D step=5/5 epoch=3/3 loss=0.3031 l2=0.2000 label_smoothing=0.000
ADV epoch=72/200 g_loss=0.0205 d_loss=0.3072 reward=0.2241 reward_var=0.0162 unique=0.2000
D step=1/5 epoch=1/3 loss=0.3168 l2=0.2000 label_smoothing=0.000
D step=1/5 epoch=2/3 loss=0.3007 l2=0.2000 label_smoothing=0.000
D step=1/5 epoch=3/3 loss=0.3025 l2=0.2000 label_smoothing=0.000
D step=2/5 epoch=1/3 loss=0.3080 l2=0.2000 label_smoothing=0.000
D step=2/5 epoch=2/3 loss=0.2951 l2=0.2000 label_smoothing=0.000
D step=2/5 epoch=3/3 loss=0.2930 l2=0.2000 label_smoothing=0.000
D step=3/5 epoch=1/3 loss=0.3420 l2=0.2000 label_smoothing=0.000
D step=3/5 epoch=2/3 loss=0.3329 l2=0.2000 label_smoothing=0.000
D step=3/5 epoch=3/3 loss=0.3271 l2=0.2000 label_smoothing=0.000
D step=4/5 epoch=1/3 loss=0.3068 l2=0.2000 label_smoothing=0.000
D step=4/5 epoch=2/3 loss=0.3032 l2=0.2000 label_smoothing=0.000
D step=4/5 epoch=3/3 loss=0.3093 l2=0.2000 label_smoothing=0.000
D step=5/5 epoch=1/3 loss=0.3010 l2=0.2000 label_smoothing=0.000
D step=5/5 epoch=2/3 loss=0.2983 l2=0.2000 label_smoothing=0.000
D step=5/5 epoch=3/3 loss=0.2965 l2=0.2000 label_smoothing=0.000
ADV epoch=73/200 g_loss=0.0200 d_loss=0.3089 reward=0.2321 reward_var=0.0186 unique=0.2600
D step=1/5 epoch=1/3 loss=0.3170 l2=0.2000 label_smoothing=0.000
D step=1/5 epoch=2/3 loss=0.3210 l2=0.2000 label_smoothing=0.000
D step=1/5 epoch=3/3 loss=0.3117 l2=0.2000 label_smoothing=0.000
D step=2/5 epoch=1/3 loss=0.3181 l2=0.2000 label_smoothing=0.000
D step=2/5 epoch=2/3 loss=0.3063 l2=0.2000 label_smoothing=0.000
D step=2/5 epoch=3/3 loss=0.2933 l2=0.2000 label_smoothing=0.000
D step=3/5 epoch=1/3 loss=0.3067 l2=0.2000 label_smoothing=0.000
D step=3/5 epoch=2/3 loss=0.2973 l2=0.2000 label_smoothing=0.000
D step=3/5 epoch=3/3 loss=0.3009 l2=0.2000 label_smoothing=0.000
D step=4/5 epoch=1/3 loss=0.3278 l2=0.2000 label_smoothing=0.000
D step=4/5 epoch=2/3 loss=0.3253 l2=0.2000 label_smoothing=0.000
D step=4/5 epoch=3/3 loss=0.3201 l2=0.2000 label_smoothing=0.000
D step=5/5 epoch=1/3 loss=0.3070 l2=0.2000 label_smoothing=0.000
D step=5/5 epoch=2/3 loss=0.3106 l2=0.2000 label_smoothing=0.000
D step=5/5 epoch=3/3 loss=0.3035 l2=0.2000 label_smoothing=0.000
ADV epoch=74/200 g_loss=0.0205 d_loss=0.3111 reward=0.2304 reward_var=0.0120 unique=0.2000
D step=1/5 epoch=1/3 loss=0.3218 l2=0.2000 label_smoothing=0.000
D step=1/5 epoch=2/3 loss=0.3144 l2=0.2000 label_smoothing=0.000
D step=1/5 epoch=3/3 loss=0.3147 l2=0.2000 label_smoothing=0.000
D step=2/5 epoch=1/3 loss=0.3000 l2=0.2000 label_smoothing=0.000
D step=2/5 epoch=2/3 loss=0.3019 l2=0.2000 label_smoothing=0.000
D step=2/5 epoch=3/3 loss=0.2860 l2=0.2000 label_smoothing=0.000
D step=3/5 epoch=1/3 loss=0.3064 l2=0.2000 label_smoothing=0.000
D step=3/5 epoch=2/3 loss=0.2996 l2=0.2000 label_smoothing=0.000
D step=3/5 epoch=3/3 loss=0.2996 l2=0.2000 label_smoothing=0.000
D step=4/5 epoch=1/3 loss=0.3281 l2=0.2000 label_smoothing=0.000
D step=4/5 epoch=2/3 loss=0.3251 l2=0.2000 label_smoothing=0.000
D step=4/5 epoch=3/3 loss=0.3230 l2=0.2000 label_smoothing=0.000
D step=5/5 epoch=1/3 loss=0.3386 l2=0.2000 label_smoothing=0.000
D step=5/5 epoch=2/3 loss=0.3230 l2=0.2000 label_smoothing=0.000
D step=5/5 epoch=3/3 loss=0.3283 l2=0.2000 label_smoothing=0.000
ADV epoch=75/200 g_loss=0.0166 d_loss=0.3140 reward=0.2222 reward_var=0.0090 unique=0.1600
D step=1/5 epoch=1/3 loss=0.3335 l2=0.2000 label_smoothing=0.000
D step=1/5 epoch=2/3 loss=0.3180 l2=0.2000 label_smoothing=0.000
D step=1/5 epoch=3/3 loss=0.3030 l2=0.2000 label_smoothing=0.000
D step=2/5 epoch=1/3 loss=0.3345 l2=0.2000 label_smoothing=0.000
D step=2/5 epoch=2/3 loss=0.3331 l2=0.2000 label_smoothing=0.000
D step=2/5 epoch=3/3 loss=0.3148 l2=0.2000 label_smoothing=0.000
D step=3/5 epoch=1/3 loss=0.3471 l2=0.2000 label_smoothing=0.000
D step=3/5 epoch=2/3 loss=0.3413 l2=0.2000 label_smoothing=0.000
D step=3/5 epoch=3/3 loss=0.3419 l2=0.2000 label_smoothing=0.000
D step=4/5 epoch=1/3 loss=0.3281 l2=0.2000 label_smoothing=0.000
D step=4/5 epoch=2/3 loss=0.3301 l2=0.2000 label_smoothing=0.000
D step=4/5 epoch=3/3 loss=0.3312 l2=0.2000 label_smoothing=0.000
D step=5/5 epoch=1/3 loss=0.3090 l2=0.2000 label_smoothing=0.000
D step=5/5 epoch=2/3 loss=0.3109 l2=0.2000 label_smoothing=0.000
D step=5/5 epoch=3/3 loss=0.3080 l2=0.2000 label_smoothing=0.000
ADV epoch=76/200 g_loss=0.0197 d_loss=0.3256 reward=0.2432 reward_var=0.0107 unique=0.2800
D step=1/5 epoch=1/3 loss=0.3585 l2=0.2000 label_smoothing=0.000
D step=1/5 epoch=2/3 loss=0.3507 l2=0.2000 label_smoothing=0.000
D step=1/5 epoch=3/3 loss=0.3435 l2=0.2000 label_smoothing=0.000
D step=2/5 epoch=1/3 loss=0.3236 l2=0.2000 label_smoothing=0.000
D step=2/5 epoch=2/3 loss=0.3243 l2=0.2000 label_smoothing=0.000
D step=2/5 epoch=3/3 loss=0.3206 l2=0.2000 label_smoothing=0.000
D step=3/5 epoch=1/3 loss=0.3437 l2=0.2000 label_smoothing=0.000
D step=3/5 epoch=2/3 loss=0.3391 l2=0.2000 label_smoothing=0.000
D step=3/5 epoch=3/3 loss=0.3285 l2=0.2000 label_smoothing=0.000
D step=4/5 epoch=1/3 loss=0.3362 l2=0.2000 label_smoothing=0.000
D step=4/5 epoch=2/3 loss=0.3369 l2=0.2000 label_smoothing=0.000
D step=4/5 epoch=3/3 loss=0.3353 l2=0.2000 label_smoothing=0.000
D step=5/5 epoch=1/3 loss=0.3798 l2=0.2000 label_smoothing=0.000
D step=5/5 epoch=2/3 loss=0.3644 l2=0.2000 label_smoothing=0.000
D step=5/5 epoch=3/3 loss=0.3409 l2=0.2000 label_smoothing=0.000
ADV epoch=77/200 g_loss=0.0170 d_loss=0.3417 reward=0.2054 reward_var=0.0033 unique=0.3200
D step=1/5 epoch=1/3 loss=0.3035 l2=0.2000 label_smoothing=0.000
D step=1/5 epoch=2/3 loss=0.2968 l2=0.2000 label_smoothing=0.000
D step=1/5 epoch=3/3 loss=0.2946 l2=0.2000 label_smoothing=0.000
D step=2/5 epoch=1/3 loss=0.3230 l2=0.2000 label_smoothing=0.000
D step=2/5 epoch=2/3 loss=0.3246 l2=0.2000 label_smoothing=0.000
D step=2/5 epoch=3/3 loss=0.3215 l2=0.2000 label_smoothing=0.000
D step=3/5 epoch=1/3 loss=0.3383 l2=0.2000 label_smoothing=0.000
D step=3/5 epoch=2/3 loss=0.3382 l2=0.2000 label_smoothing=0.000
D step=3/5 epoch=3/3 loss=0.3378 l2=0.2000 label_smoothing=0.000
D step=4/5 epoch=1/3 loss=0.3275 l2=0.2000 label_smoothing=0.000
D step=4/5 epoch=2/3 loss=0.3282 l2=0.2000 label_smoothing=0.000
D step=4/5 epoch=3/3 loss=0.3256 l2=0.2000 label_smoothing=0.000
D step=5/5 epoch=1/3 loss=0.2765 l2=0.2000 label_smoothing=0.000
D step=5/5 epoch=2/3 loss=0.2862 l2=0.2000 label_smoothing=0.000
D step=5/5 epoch=3/3 loss=0.2764 l2=0.2000 label_smoothing=0.000
ADV epoch=78/200 g_loss=0.0199 d_loss=0.3132 reward=0.2373 reward_var=0.0054 unique=0.1800
D step=1/5 epoch=1/3 loss=0.4306 l2=0.2000 label_smoothing=0.000
D step=1/5 epoch=2/3 loss=0.3922 l2=0.2000 label_smoothing=0.000
D step=1/5 epoch=3/3 loss=0.3736 l2=0.2000 label_smoothing=0.000
D step=2/5 epoch=1/3 loss=0.3096 l2=0.2000 label_smoothing=0.000
D step=2/5 epoch=2/3 loss=0.3210 l2=0.2000 label_smoothing=0.000
D step=2/5 epoch=3/3 loss=0.3152 l2=0.2000 label_smoothing=0.000
D step=3/5 epoch=1/3 loss=0.3201 l2=0.2000 label_smoothing=0.000
D step=3/5 epoch=2/3 loss=0.3185 l2=0.2000 label_smoothing=0.000
D step=3/5 epoch=3/3 loss=0.3093 l2=0.2000 label_smoothing=0.000
D step=4/5 epoch=1/3 loss=0.3154 l2=0.2000 label_smoothing=0.000
D step=4/5 epoch=2/3 loss=0.3240 l2=0.2000 label_smoothing=0.000
D step=4/5 epoch=3/3 loss=0.3255 l2=0.2000 label_smoothing=0.000
D step=5/5 epoch=1/3 loss=0.3213 l2=0.2000 label_smoothing=0.000
D step=5/5 epoch=2/3 loss=0.3178 l2=0.2000 label_smoothing=0.000
D step=5/5 epoch=3/3 loss=0.3149 l2=0.2000 label_smoothing=0.000
ADV epoch=79/200 g_loss=0.0156 d_loss=0.3339 reward=0.1722 reward_var=0.0020 unique=0.2200
D step=1/5 epoch=1/3 loss=0.3241 l2=0.2000 label_smoothing=0.000
D step=1/5 epoch=2/3 loss=0.3184 l2=0.2000 label_smoothing=0.000
D step=1/5 epoch=3/3 loss=0.3174 l2=0.2000 label_smoothing=0.000
D step=2/5 epoch=1/3 loss=0.3236 l2=0.2000 label_smoothing=0.000
D step=2/5 epoch=2/3 loss=0.3170 l2=0.2000 label_smoothing=0.000
D step=2/5 epoch=3/3 loss=0.3173 l2=0.2000 label_smoothing=0.000
D step=3/5 epoch=1/3 loss=0.3155 l2=0.2000 label_smoothing=0.000
D step=3/5 epoch=2/3 loss=0.3213 l2=0.2000 label_smoothing=0.000
D step=3/5 epoch=3/3 loss=0.3156 l2=0.2000 label_smoothing=0.000
D step=4/5 epoch=1/3 loss=0.3017 l2=0.2000 label_smoothing=0.000
D step=4/5 epoch=2/3 loss=0.2915 l2=0.2000 label_smoothing=0.000
D step=4/5 epoch=3/3 loss=0.2918 l2=0.2000 label_smoothing=0.000
D step=5/5 epoch=1/3 loss=0.3894 l2=0.2000 label_smoothing=0.000
D step=5/5 epoch=2/3 loss=0.3699 l2=0.2000 label_smoothing=0.000
D step=5/5 epoch=3/3 loss=0.3453 l2=0.2000 label_smoothing=0.000
ADV epoch=80/200 g_loss=0.0238 d_loss=0.3240 reward=0.2067 reward_var=0.0038 unique=0.1600
D step=1/5 epoch=1/3 loss=0.3386 l2=0.2000 label_smoothing=0.000
D step=1/5 epoch=2/3 loss=0.3345 l2=0.2000 label_smoothing=0.000
D step=1/5 epoch=3/3 loss=0.3414 l2=0.2000 label_smoothing=0.000
D step=2/5 epoch=1/3 loss=0.2854 l2=0.2000 label_smoothing=0.000
D step=2/5 epoch=2/3 loss=0.2830 l2=0.2000 label_smoothing=0.000
D step=2/5 epoch=3/3 loss=0.2843 l2=0.2000 label_smoothing=0.000
D step=3/5 epoch=1/3 loss=0.3077 l2=0.2000 label_smoothing=0.000
D step=3/5 epoch=2/3 loss=0.3067 l2=0.2000 label_smoothing=0.000
D step=3/5 epoch=3/3 loss=0.2969 l2=0.2000 label_smoothing=0.000
D step=4/5 epoch=1/3 loss=0.3340 l2=0.2000 label_smoothing=0.000
D step=4/5 epoch=2/3 loss=0.3306 l2=0.2000 label_smoothing=0.000
D step=4/5 epoch=3/3 loss=0.3287 l2=0.2000 label_smoothing=0.000
D step=5/5 epoch=1/3 loss=0.3328 l2=0.2000 label_smoothing=0.000
D step=5/5 epoch=2/3 loss=0.3115 l2=0.2000 label_smoothing=0.000
D step=5/5 epoch=3/3 loss=0.3007 l2=0.2000 label_smoothing=0.000
ADV epoch=81/200 g_loss=0.0151 d_loss=0.3144 reward=0.2116 reward_var=0.0014 unique=0.1600
D step=1/5 epoch=1/3 loss=0.3366 l2=0.2000 label_smoothing=0.000
D step=1/5 epoch=2/3 loss=0.3226 l2=0.2000 label_smoothing=0.000
D step=1/5 epoch=3/3 loss=0.3176 l2=0.2000 label_smoothing=0.000
D step=2/5 epoch=1/3 loss=0.3424 l2=0.2000 label_smoothing=0.000
D step=2/5 epoch=2/3 loss=0.3388 l2=0.2000 label_smoothing=0.000
D step=2/5 epoch=3/3 loss=0.3325 l2=0.2000 label_smoothing=0.000
D step=3/5 epoch=1/3 loss=0.3204 l2=0.2000 label_smoothing=0.000
D step=3/5 epoch=2/3 loss=0.3232 l2=0.2000 label_smoothing=0.000
D step=3/5 epoch=3/3 loss=0.3188 l2=0.2000 label_smoothing=0.000
D step=4/5 epoch=1/3 loss=0.3675 l2=0.2000 label_smoothing=0.000
D step=4/5 epoch=2/3 loss=0.3395 l2=0.2000 label_smoothing=0.000
D step=4/5 epoch=3/3 loss=0.3398 l2=0.2000 label_smoothing=0.000
D step=5/5 epoch=1/3 loss=0.3258 l2=0.2000 label_smoothing=0.000
D step=5/5 epoch=2/3 loss=0.3298 l2=0.2000 label_smoothing=0.000
D step=5/5 epoch=3/3 loss=0.3224 l2=0.2000 label_smoothing=0.000
ADV epoch=82/200 g_loss=0.0183 d_loss=0.3318 reward=0.2165 reward_var=0.0129 unique=0.1400
D step=1/5 epoch=1/3 loss=0.3365 l2=0.2000 label_smoothing=0.000
D step=1/5 epoch=2/3 loss=0.3254 l2=0.2000 label_smoothing=0.000
D step=1/5 epoch=3/3 loss=0.3289 l2=0.2000 label_smoothing=0.000
D step=2/5 epoch=1/3 loss=0.3604 l2=0.2000 label_smoothing=0.000
D step=2/5 epoch=2/3 loss=0.3577 l2=0.2000 label_smoothing=0.000
D step=2/5 epoch=3/3 loss=0.3601 l2=0.2000 label_smoothing=0.000
D step=3/5 epoch=1/3 loss=0.3569 l2=0.2000 label_smoothing=0.000
D step=3/5 epoch=2/3 loss=0.3453 l2=0.2000 label_smoothing=0.000
D step=3/5 epoch=3/3 loss=0.3284 l2=0.2000 label_smoothing=0.000
D step=4/5 epoch=1/3 loss=0.2990 l2=0.2000 label_smoothing=0.000
D step=4/5 epoch=2/3 loss=0.3066 l2=0.2000 label_smoothing=0.000
D step=4/5 epoch=3/3 loss=0.3020 l2=0.2000 label_smoothing=0.000
D step=5/5 epoch=1/3 loss=0.3214 l2=0.2000 label_smoothing=0.000
D step=5/5 epoch=2/3 loss=0.3247 l2=0.2000 label_smoothing=0.000
D step=5/5 epoch=3/3 loss=0.3297 l2=0.2000 label_smoothing=0.000
ADV epoch=83/200 g_loss=0.0139 d_loss=0.3322 reward=0.2181 reward_var=0.0030 unique=0.2600
D step=1/5 epoch=1/3 loss=0.2856 l2=0.2000 label_smoothing=0.000
D step=1/5 epoch=2/3 loss=0.2847 l2=0.2000 label_smoothing=0.000
D step=1/5 epoch=3/3 loss=0.2809 l2=0.2000 label_smoothing=0.000
D step=2/5 epoch=1/3 loss=0.2954 l2=0.2000 label_smoothing=0.000
D step=2/5 epoch=2/3 loss=0.2906 l2=0.2000 label_smoothing=0.000
D step=2/5 epoch=3/3 loss=0.2790 l2=0.2000 label_smoothing=0.000
D step=3/5 epoch=1/3 loss=0.3019 l2=0.2000 label_smoothing=0.000
D step=3/5 epoch=2/3 loss=0.3061 l2=0.2000 label_smoothing=0.000
D step=3/5 epoch=3/3 loss=0.2984 l2=0.2000 label_smoothing=0.000
D step=4/5 epoch=1/3 loss=0.3665 l2=0.2000 label_smoothing=0.000
D step=4/5 epoch=2/3 loss=0.3512 l2=0.2000 label_smoothing=0.000
D step=4/5 epoch=3/3 loss=0.3308 l2=0.2000 label_smoothing=0.000
D step=5/5 epoch=1/3 loss=0.3303 l2=0.2000 label_smoothing=0.000
D step=5/5 epoch=2/3 loss=0.3230 l2=0.2000 label_smoothing=0.000
D step=5/5 epoch=3/3 loss=0.3258 l2=0.2000 label_smoothing=0.000
ADV epoch=84/200 g_loss=0.0172 d_loss=0.3100 reward=0.2015 reward_var=0.0028 unique=0.2000
D step=1/5 epoch=1/3 loss=0.3275 l2=0.2000 label_smoothing=0.000
D step=1/5 epoch=2/3 loss=0.3154 l2=0.2000 label_smoothing=0.000
D step=1/5 epoch=3/3 loss=0.3110 l2=0.2000 label_smoothing=0.000
D step=2/5 epoch=1/3 loss=0.3072 l2=0.2000 label_smoothing=0.000
D step=2/5 epoch=2/3 loss=0.3064 l2=0.2000 label_smoothing=0.000
D step=2/5 epoch=3/3 loss=0.3032 l2=0.2000 label_smoothing=0.000
D step=3/5 epoch=1/3 loss=0.3731 l2=0.2000 label_smoothing=0.000
D step=3/5 epoch=2/3 loss=0.3683 l2=0.2000 label_smoothing=0.000
D step=3/5 epoch=3/3 loss=0.3460 l2=0.2000 label_smoothing=0.000
D step=4/5 epoch=1/3 loss=0.3371 l2=0.2000 label_smoothing=0.000
D step=4/5 epoch=2/3 loss=0.3303 l2=0.2000 label_smoothing=0.000
D step=4/5 epoch=3/3 loss=0.3375 l2=0.2000 label_smoothing=0.000
D step=5/5 epoch=1/3 loss=0.2855 l2=0.2000 label_smoothing=0.000
D step=5/5 epoch=2/3 loss=0.2882 l2=0.2000 label_smoothing=0.000
D step=5/5 epoch=3/3 loss=0.2873 l2=0.2000 label_smoothing=0.000
ADV epoch=85/200 g_loss=0.0230 d_loss=0.3216 reward=0.2493 reward_var=0.0056 unique=0.2000
D step=1/5 epoch=1/3 loss=0.2965 l2=0.2000 label_smoothing=0.000
D step=1/5 epoch=2/3 loss=0.2911 l2=0.2000 label_smoothing=0.000
D step=1/5 epoch=3/3 loss=0.2876 l2=0.2000 label_smoothing=0.000
D step=2/5 epoch=1/3 loss=0.3572 l2=0.2000 label_smoothing=0.000
D step=2/5 epoch=2/3 loss=0.3465 l2=0.2000 label_smoothing=0.000
D step=2/5 epoch=3/3 loss=0.3367 l2=0.2000 label_smoothing=0.000
D step=3/5 epoch=1/3 loss=0.3096 l2=0.2000 label_smoothing=0.000
D step=3/5 epoch=2/3 loss=0.3034 l2=0.2000 label_smoothing=0.000
D step=3/5 epoch=3/3 loss=0.3016 l2=0.2000 label_smoothing=0.000
D step=4/5 epoch=1/3 loss=0.3352 l2=0.2000 label_smoothing=0.000
D step=4/5 epoch=2/3 loss=0.3319 l2=0.2000 label_smoothing=0.000
D step=4/5 epoch=3/3 loss=0.3337 l2=0.2000 label_smoothing=0.000
D step=5/5 epoch=1/3 loss=0.3358 l2=0.2000 label_smoothing=0.000
D step=5/5 epoch=2/3 loss=0.3294 l2=0.2000 label_smoothing=0.000
D step=5/5 epoch=3/3 loss=0.3247 l2=0.2000 label_smoothing=0.000
ADV epoch=86/200 g_loss=0.0150 d_loss=0.3214 reward=0.2011 reward_var=0.0043 unique=0.1600
D step=1/5 epoch=1/3 loss=0.3067 l2=0.2000 label_smoothing=0.000
D step=1/5 epoch=2/3 loss=0.2883 l2=0.2000 label_smoothing=0.000
D step=1/5 epoch=3/3 loss=0.2758 l2=0.2000 label_smoothing=0.000
D step=2/5 epoch=1/3 loss=0.3408 l2=0.2000 label_smoothing=0.000
D step=2/5 epoch=2/3 loss=0.3390 l2=0.2000 label_smoothing=0.000
D step=2/5 epoch=3/3 loss=0.3319 l2=0.2000 label_smoothing=0.000
D step=3/5 epoch=1/3 loss=0.3356 l2=0.2000 label_smoothing=0.000
D step=3/5 epoch=2/3 loss=0.3303 l2=0.2000 label_smoothing=0.000
D step=3/5 epoch=3/3 loss=0.3284 l2=0.2000 label_smoothing=0.000
D step=4/5 epoch=1/3 loss=0.3296 l2=0.2000 label_smoothing=0.000
D step=4/5 epoch=2/3 loss=0.3337 l2=0.2000 label_smoothing=0.000
D step=4/5 epoch=3/3 loss=0.3282 l2=0.2000 label_smoothing=0.000
D step=5/5 epoch=1/3 loss=0.3246 l2=0.2000 label_smoothing=0.000
D step=5/5 epoch=2/3 loss=0.3226 l2=0.2000 label_smoothing=0.000
D step=5/5 epoch=3/3 loss=0.3222 l2=0.2000 label_smoothing=0.000
ADV epoch=87/200 g_loss=0.0170 d_loss=0.3225 reward=0.2191 reward_var=0.0039 unique=0.2000
D step=1/5 epoch=1/3 loss=0.3695 l2=0.2000 label_smoothing=0.000
D step=1/5 epoch=2/3 loss=0.3540 l2=0.2000 label_smoothing=0.000
D step=1/5 epoch=3/3 loss=0.3339 l2=0.2000 label_smoothing=0.000
D step=2/5 epoch=1/3 loss=0.2933 l2=0.2000 label_smoothing=0.000
D step=2/5 epoch=2/3 loss=0.3008 l2=0.2000 label_smoothing=0.000
D step=2/5 epoch=3/3 loss=0.2969 l2=0.2000 label_smoothing=0.000
D step=3/5 epoch=1/3 loss=0.3248 l2=0.2000 label_smoothing=0.000
D step=3/5 epoch=2/3 loss=0.3250 l2=0.2000 label_smoothing=0.000
D step=3/5 epoch=3/3 loss=0.3264 l2=0.2000 label_smoothing=0.000
D step=4/5 epoch=1/3 loss=0.3215 l2=0.2000 label_smoothing=0.000
D step=4/5 epoch=2/3 loss=0.3257 l2=0.2000 label_smoothing=0.000
D step=4/5 epoch=3/3 loss=0.3189 l2=0.2000 label_smoothing=0.000
D step=5/5 epoch=1/3 loss=0.3090 l2=0.2000 label_smoothing=0.000
D step=5/5 epoch=2/3 loss=0.3029 l2=0.2000 label_smoothing=0.000
D step=5/5 epoch=3/3 loss=0.2967 l2=0.2000 label_smoothing=0.000
ADV epoch=88/200 g_loss=0.0137 d_loss=0.3200 reward=0.1885 reward_var=0.0013 unique=0.2400
D step=1/5 epoch=1/3 loss=0.3414 l2=0.2000 label_smoothing=0.000
D step=1/5 epoch=2/3 loss=0.3301 l2=0.2000 label_smoothing=0.000
D step=1/5 epoch=3/3 loss=0.3299 l2=0.2000 label_smoothing=0.000
D step=2/5 epoch=1/3 loss=0.3482 l2=0.2000 label_smoothing=0.000
D step=2/5 epoch=2/3 loss=0.3420 l2=0.2000 label_smoothing=0.000
D step=2/5 epoch=3/3 loss=0.3427 l2=0.2000 label_smoothing=0.000
D step=3/5 epoch=1/3 loss=0.3296 l2=0.2000 label_smoothing=0.000
D step=3/5 epoch=2/3 loss=0.3211 l2=0.2000 label_smoothing=0.000
D step=3/5 epoch=3/3 loss=0.3207 l2=0.2000 label_smoothing=0.000
D step=4/5 epoch=1/3 loss=0.2989 l2=0.2000 label_smoothing=0.000
D step=4/5 epoch=2/3 loss=0.3003 l2=0.2000 label_smoothing=0.000
D step=4/5 epoch=3/3 loss=0.2994 l2=0.2000 label_smoothing=0.000
D step=5/5 epoch=1/3 loss=0.3291 l2=0.2000 label_smoothing=0.000
D step=5/5 epoch=2/3 loss=0.3322 l2=0.2000 label_smoothing=0.000
D step=5/5 epoch=3/3 loss=0.3205 l2=0.2000 label_smoothing=0.000
ADV epoch=89/200 g_loss=0.0202 d_loss=0.3257 reward=0.1904 reward_var=0.0069 unique=0.2200
D step=1/5 epoch=1/3 loss=0.3314 l2=0.2000 label_smoothing=0.000
D step=1/5 epoch=2/3 loss=0.3260 l2=0.2000 label_smoothing=0.000
D step=1/5 epoch=3/3 loss=0.3216 l2=0.2000 label_smoothing=0.000
D step=2/5 epoch=1/3 loss=0.3029 l2=0.2000 label_smoothing=0.000
D step=2/5 epoch=2/3 loss=0.3010 l2=0.2000 label_smoothing=0.000
D step=2/5 epoch=3/3 loss=0.3029 l2=0.2000 label_smoothing=0.000
D step=3/5 epoch=1/3 loss=0.3253 l2=0.2000 label_smoothing=0.000
D step=3/5 epoch=2/3 loss=0.3212 l2=0.2000 label_smoothing=0.000
D step=3/5 epoch=3/3 loss=0.3227 l2=0.2000 label_smoothing=0.000
D step=4/5 epoch=1/3 loss=0.2703 l2=0.2000 label_smoothing=0.000
D step=4/5 epoch=2/3 loss=0.2660 l2=0.2000 label_smoothing=0.000
D step=4/5 epoch=3/3 loss=0.2639 l2=0.2000 label_smoothing=0.000
D step=5/5 epoch=1/3 loss=0.3238 l2=0.2000 label_smoothing=0.000
D step=5/5 epoch=2/3 loss=0.3282 l2=0.2000 label_smoothing=0.000
D step=5/5 epoch=3/3 loss=0.3223 l2=0.2000 label_smoothing=0.000
ADV epoch=90/200 g_loss=0.0144 d_loss=0.3086 reward=0.1873 reward_var=0.0051 unique=0.1400
D step=1/5 epoch=1/3 loss=0.3093 l2=0.2000 label_smoothing=0.000
D step=1/5 epoch=2/3 loss=0.2990 l2=0.2000 label_smoothing=0.000
D step=1/5 epoch=3/3 loss=0.2960 l2=0.2000 label_smoothing=0.000
D step=2/5 epoch=1/3 loss=0.3962 l2=0.2000 label_smoothing=0.000
D step=2/5 epoch=2/3 loss=0.3789 l2=0.2000 label_smoothing=0.000
D step=2/5 epoch=3/3 loss=0.3600 l2=0.2000 label_smoothing=0.000
D step=3/5 epoch=1/3 loss=0.3545 l2=0.2000 label_smoothing=0.000
D step=3/5 epoch=2/3 loss=0.3483 l2=0.2000 label_smoothing=0.000
D step=3/5 epoch=3/3 loss=0.3463 l2=0.2000 label_smoothing=0.000
D step=4/5 epoch=1/3 loss=0.3224 l2=0.2000 label_smoothing=0.000
D step=4/5 epoch=2/3 loss=0.3223 l2=0.2000 label_smoothing=0.000
D step=4/5 epoch=3/3 loss=0.3192 l2=0.2000 label_smoothing=0.000
D step=5/5 epoch=1/3 loss=0.3076 l2=0.2000 label_smoothing=0.000
D step=5/5 epoch=2/3 loss=0.3046 l2=0.2000 label_smoothing=0.000
D step=5/5 epoch=3/3 loss=0.3069 l2=0.2000 label_smoothing=0.000
ADV epoch=91/200 g_loss=0.0137 d_loss=0.3314 reward=0.2276 reward_var=0.0052 unique=0.2200
D step=1/5 epoch=1/3 loss=0.3435 l2=0.2000 label_smoothing=0.000
D step=1/5 epoch=2/3 loss=0.3393 l2=0.2000 label_smoothing=0.000
D step=1/5 epoch=3/3 loss=0.3386 l2=0.2000 label_smoothing=0.000
D step=2/5 epoch=1/3 loss=0.3191 l2=0.2000 label_smoothing=0.000
D step=2/5 epoch=2/3 loss=0.3263 l2=0.2000 label_smoothing=0.000
D step=2/5 epoch=3/3 loss=0.3264 l2=0.2000 label_smoothing=0.000
D step=3/5 epoch=1/3 loss=0.3004 l2=0.2000 label_smoothing=0.000
D step=3/5 epoch=2/3 loss=0.3024 l2=0.2000 label_smoothing=0.000
D step=3/5 epoch=3/3 loss=0.2994 l2=0.2000 label_smoothing=0.000
D step=4/5 epoch=1/3 loss=0.3508 l2=0.2000 label_smoothing=0.000
D step=4/5 epoch=2/3 loss=0.3399 l2=0.2000 label_smoothing=0.000
D step=4/5 epoch=3/3 loss=0.3232 l2=0.2000 label_smoothing=0.000
D step=5/5 epoch=1/3 loss=0.3533 l2=0.2000 label_smoothing=0.000
D step=5/5 epoch=2/3 loss=0.3411 l2=0.2000 label_smoothing=0.000
D step=5/5 epoch=3/3 loss=0.3325 l2=0.2000 label_smoothing=0.000
ADV epoch=92/200 g_loss=0.0171 d_loss=0.3291 reward=0.2090 reward_var=0.0030 unique=0.1800
D step=1/5 epoch=1/3 loss=0.3293 l2=0.2000 label_smoothing=0.000
D step=1/5 epoch=2/3 loss=0.3241 l2=0.2000 label_smoothing=0.000
D step=1/5 epoch=3/3 loss=0.3165 l2=0.2000 label_smoothing=0.000
D step=2/5 epoch=1/3 loss=0.4291 l2=0.2000 label_smoothing=0.000
D step=2/5 epoch=2/3 loss=0.4153 l2=0.2000 label_smoothing=0.000
D step=2/5 epoch=3/3 loss=0.3673 l2=0.2000 label_smoothing=0.000
D step=3/5 epoch=1/3 loss=0.3185 l2=0.2000 label_smoothing=0.000
D step=3/5 epoch=2/3 loss=0.3199 l2=0.2000 label_smoothing=0.000
D step=3/5 epoch=3/3 loss=0.3169 l2=0.2000 label_smoothing=0.000
D step=4/5 epoch=1/3 loss=0.3609 l2=0.2000 label_smoothing=0.000
D step=4/5 epoch=2/3 loss=0.3602 l2=0.2000 label_smoothing=0.000
D step=4/5 epoch=3/3 loss=0.3455 l2=0.2000 label_smoothing=0.000
D step=5/5 epoch=1/3 loss=0.3048 l2=0.2000 label_smoothing=0.000
D step=5/5 epoch=2/3 loss=0.3042 l2=0.2000 label_smoothing=0.000
D step=5/5 epoch=3/3 loss=0.2985 l2=0.2000 label_smoothing=0.000
ADV epoch=93/200 g_loss=0.0206 d_loss=0.3407 reward=0.2081 reward_var=0.0056 unique=0.2400
D step=1/5 epoch=1/3 loss=0.3024 l2=0.2000 label_smoothing=0.000
D step=1/5 epoch=2/3 loss=0.3032 l2=0.2000 label_smoothing=0.000
D step=1/5 epoch=3/3 loss=0.2996 l2=0.2000 label_smoothing=0.000
D step=2/5 epoch=1/3 loss=0.3206 l2=0.2000 label_smoothing=0.000
D step=2/5 epoch=2/3 loss=0.3083 l2=0.2000 label_smoothing=0.000
D step=2/5 epoch=3/3 loss=0.3077 l2=0.2000 label_smoothing=0.000
D step=3/5 epoch=1/3 loss=0.3798 l2=0.2000 label_smoothing=0.000
D step=3/5 epoch=2/3 loss=0.3818 l2=0.2000 label_smoothing=0.000
D step=3/5 epoch=3/3 loss=0.3637 l2=0.2000 label_smoothing=0.000
D step=4/5 epoch=1/3 loss=0.3131 l2=0.2000 label_smoothing=0.000
D step=4/5 epoch=2/3 loss=0.3217 l2=0.2000 label_smoothing=0.000
D step=4/5 epoch=3/3 loss=0.3265 l2=0.2000 label_smoothing=0.000
D step=5/5 epoch=1/3 loss=0.3376 l2=0.2000 label_smoothing=0.000
D step=5/5 epoch=2/3 loss=0.3334 l2=0.2000 label_smoothing=0.000
D step=5/5 epoch=3/3 loss=0.3286 l2=0.2000 label_smoothing=0.000
ADV epoch=94/200 g_loss=0.0231 d_loss=0.3285 reward=0.2293 reward_var=0.0045 unique=0.1600
D step=1/5 epoch=1/3 loss=0.3642 l2=0.2000 label_smoothing=0.000
D step=1/5 epoch=2/3 loss=0.3392 l2=0.2000 label_smoothing=0.000
D step=1/5 epoch=3/3 loss=0.3336 l2=0.2000 label_smoothing=0.000
D step=2/5 epoch=1/3 loss=0.3530 l2=0.2000 label_smoothing=0.000
D step=2/5 epoch=2/3 loss=0.3417 l2=0.2000 label_smoothing=0.000
D step=2/5 epoch=3/3 loss=0.3409 l2=0.2000 label_smoothing=0.000
D step=3/5 epoch=1/3 loss=0.3153 l2=0.2000 label_smoothing=0.000
D step=3/5 epoch=2/3 loss=0.3082 l2=0.2000 label_smoothing=0.000
D step=3/5 epoch=3/3 loss=0.3106 l2=0.2000 label_smoothing=0.000
D step=4/5 epoch=1/3 loss=0.3339 l2=0.2000 label_smoothing=0.000
D step=4/5 epoch=2/3 loss=0.3336 l2=0.2000 label_smoothing=0.000
D step=4/5 epoch=3/3 loss=0.3346 l2=0.2000 label_smoothing=0.000
D step=5/5 epoch=1/3 loss=0.3312 l2=0.2000 label_smoothing=0.000
D step=5/5 epoch=2/3 loss=0.3276 l2=0.2000 label_smoothing=0.000
D step=5/5 epoch=3/3 loss=0.3285 l2=0.2000 label_smoothing=0.000
ADV epoch=95/200 g_loss=0.0146 d_loss=0.3331 reward=0.2229 reward_var=0.0027 unique=0.2400
D step=1/5 epoch=1/3 loss=0.3000 l2=0.2000 label_smoothing=0.000
D step=1/5 epoch=2/3 loss=0.2981 l2=0.2000 label_smoothing=0.000
D step=1/5 epoch=3/3 loss=0.2951 l2=0.2000 label_smoothing=0.000
D step=2/5 epoch=1/3 loss=0.3264 l2=0.2000 label_smoothing=0.000
D step=2/5 epoch=2/3 loss=0.3223 l2=0.2000 label_smoothing=0.000
D step=2/5 epoch=3/3 loss=0.3178 l2=0.2000 label_smoothing=0.000
D step=3/5 epoch=1/3 loss=0.3671 l2=0.2000 label_smoothing=0.000
D step=3/5 epoch=2/3 loss=0.3544 l2=0.2000 label_smoothing=0.000
D step=3/5 epoch=3/3 loss=0.3367 l2=0.2000 label_smoothing=0.000
D step=4/5 epoch=1/3 loss=0.3343 l2=0.2000 label_smoothing=0.000
D step=4/5 epoch=2/3 loss=0.3326 l2=0.2000 label_smoothing=0.000
D step=4/5 epoch=3/3 loss=0.3299 l2=0.2000 label_smoothing=0.000
D step=5/5 epoch=1/3 loss=0.3225 l2=0.2000 label_smoothing=0.000
D step=5/5 epoch=2/3 loss=0.3276 l2=0.2000 label_smoothing=0.000
D step=5/5 epoch=3/3 loss=0.3229 l2=0.2000 label_smoothing=0.000
ADV epoch=96/200 g_loss=0.0131 d_loss=0.3258 reward=0.2088 reward_var=0.0109 unique=0.1400
D step=1/5 epoch=1/3 loss=0.3409 l2=0.2000 label_smoothing=0.000
D step=1/5 epoch=2/3 loss=0.3312 l2=0.2000 label_smoothing=0.000
D step=1/5 epoch=3/3 loss=0.3337 l2=0.2000 label_smoothing=0.000
D step=2/5 epoch=1/3 loss=0.3318 l2=0.2000 label_smoothing=0.000
D step=2/5 epoch=2/3 loss=0.3362 l2=0.2000 label_smoothing=0.000
D step=2/5 epoch=3/3 loss=0.3329 l2=0.2000 label_smoothing=0.000
D step=3/5 epoch=1/3 loss=0.3008 l2=0.2000 label_smoothing=0.000
D step=3/5 epoch=2/3 loss=0.2990 l2=0.2000 label_smoothing=0.000
D step=3/5 epoch=3/3 loss=0.2994 l2=0.2000 label_smoothing=0.000
D step=4/5 epoch=1/3 loss=0.3072 l2=0.2000 label_smoothing=0.000
D step=4/5 epoch=2/3 loss=0.3148 l2=0.2000 label_smoothing=0.000
D step=4/5 epoch=3/3 loss=0.3178 l2=0.2000 label_smoothing=0.000
D step=5/5 epoch=1/3 loss=0.3471 l2=0.2000 label_smoothing=0.000
D step=5/5 epoch=2/3 loss=0.3503 l2=0.2000 label_smoothing=0.000
D step=5/5 epoch=3/3 loss=0.3372 l2=0.2000 label_smoothing=0.000
ADV epoch=97/200 g_loss=0.0146 d_loss=0.3253 reward=0.2127 reward_var=0.0048 unique=0.2600
D step=1/5 epoch=1/3 loss=0.3499 l2=0.2000 label_smoothing=0.000
D step=1/5 epoch=2/3 loss=0.3323 l2=0.2000 label_smoothing=0.000
D step=1/5 epoch=3/3 loss=0.3303 l2=0.2000 label_smoothing=0.000
D step=2/5 epoch=1/3 loss=0.3571 l2=0.2000 label_smoothing=0.000
D step=2/5 epoch=2/3 loss=0.3482 l2=0.2000 label_smoothing=0.000
D step=2/5 epoch=3/3 loss=0.3373 l2=0.2000 label_smoothing=0.000
D step=3/5 epoch=1/3 loss=0.3115 l2=0.2000 label_smoothing=0.000
D step=3/5 epoch=2/3 loss=0.3166 l2=0.2000 label_smoothing=0.000
D step=3/5 epoch=3/3 loss=0.3087 l2=0.2000 label_smoothing=0.000
D step=4/5 epoch=1/3 loss=0.3193 l2=0.2000 label_smoothing=0.000
D step=4/5 epoch=2/3 loss=0.3118 l2=0.2000 label_smoothing=0.000
D step=4/5 epoch=3/3 loss=0.3127 l2=0.2000 label_smoothing=0.000
D step=5/5 epoch=1/3 loss=0.3534 l2=0.2000 label_smoothing=0.000
D step=5/5 epoch=2/3 loss=0.3518 l2=0.2000 label_smoothing=0.000
D step=5/5 epoch=3/3 loss=0.3536 l2=0.2000 label_smoothing=0.000
ADV epoch=98/200 g_loss=0.0187 d_loss=0.3330 reward=0.2466 reward_var=0.0058 unique=0.1400
D step=1/5 epoch=1/3 loss=0.3171 l2=0.2000 label_smoothing=0.000
D step=1/5 epoch=2/3 loss=0.3134 l2=0.2000 label_smoothing=0.000
D step=1/5 epoch=3/3 loss=0.3063 l2=0.2000 label_smoothing=0.000
D step=2/5 epoch=1/3 loss=0.3534 l2=0.2000 label_smoothing=0.000
D step=2/5 epoch=2/3 loss=0.3439 l2=0.2000 label_smoothing=0.000
D step=2/5 epoch=3/3 loss=0.3423 l2=0.2000 label_smoothing=0.000
D step=3/5 epoch=1/3 loss=0.3319 l2=0.2000 label_smoothing=0.000
D step=3/5 epoch=2/3 loss=0.3264 l2=0.2000 label_smoothing=0.000
D step=3/5 epoch=3/3 loss=0.3246 l2=0.2000 label_smoothing=0.000
D step=4/5 epoch=1/3 loss=0.3573 l2=0.2000 label_smoothing=0.000
D step=4/5 epoch=2/3 loss=0.3595 l2=0.2000 label_smoothing=0.000
D step=4/5 epoch=3/3 loss=0.3531 l2=0.2000 label_smoothing=0.000
D step=5/5 epoch=1/3 loss=0.3067 l2=0.2000 label_smoothing=0.000
D step=5/5 epoch=2/3 loss=0.3061 l2=0.2000 label_smoothing=0.000
D step=5/5 epoch=3/3 loss=0.3021 l2=0.2000 label_smoothing=0.000
ADV epoch=99/200 g_loss=0.0162 d_loss=0.3296 reward=0.2144 reward_var=0.0031 unique=0.1400
D step=1/5 epoch=1/3 loss=0.3350 l2=0.2000 label_smoothing=0.000
D step=1/5 epoch=2/3 loss=0.3261 l2=0.2000 label_smoothing=0.000
D step=1/5 epoch=3/3 loss=0.3267 l2=0.2000 label_smoothing=0.000
D step=2/5 epoch=1/3 loss=0.3875 l2=0.2000 label_smoothing=0.000
D step=2/5 epoch=2/3 loss=0.3561 l2=0.2000 label_smoothing=0.000
D step=2/5 epoch=3/3 loss=0.3306 l2=0.2000 label_smoothing=0.000
D step=3/5 epoch=1/3 loss=0.3275 l2=0.2000 label_smoothing=0.000
D step=3/5 epoch=2/3 loss=0.3375 l2=0.2000 label_smoothing=0.000
D step=3/5 epoch=3/3 loss=0.3356 l2=0.2000 label_smoothing=0.000
D step=4/5 epoch=1/3 loss=0.3413 l2=0.2000 label_smoothing=0.000
D step=4/5 epoch=2/3 loss=0.3272 l2=0.2000 label_smoothing=0.000
D step=4/5 epoch=3/3 loss=0.3283 l2=0.2000 label_smoothing=0.000
D step=5/5 epoch=1/3 loss=0.3380 l2=0.2000 label_smoothing=0.000
D step=5/5 epoch=2/3 loss=0.3395 l2=0.2000 label_smoothing=0.000
D step=5/5 epoch=3/3 loss=0.3311 l2=0.2000 label_smoothing=0.000
ADV epoch=100/200 g_loss=0.0146 d_loss=0.3379 reward=0.2042 reward_var=0.0045 unique=0.1600
D step=1/5 epoch=1/3 loss=0.3211 l2=0.2000 label_smoothing=0.000
D step=1/5 epoch=2/3 loss=0.3179 l2=0.2000 label_smoothing=0.000
D step=1/5 epoch=3/3 loss=0.3159 l2=0.2000 label_smoothing=0.000
D step=2/5 epoch=1/3 loss=0.3355 l2=0.2000 label_smoothing=0.000
D step=2/5 epoch=2/3 loss=0.3311 l2=0.2000 label_smoothing=0.000
D step=2/5 epoch=3/3 loss=0.3348 l2=0.2000 label_smoothing=0.000
D step=3/5 epoch=1/3 loss=0.2992 l2=0.2000 label_smoothing=0.000
D step=3/5 epoch=2/3 loss=0.2916 l2=0.2000 label_smoothing=0.000
D step=3/5 epoch=3/3 loss=0.2929 l2=0.2000 label_smoothing=0.000
D step=4/5 epoch=1/3 loss=0.3007 l2=0.2000 label_smoothing=0.000
D step=4/5 epoch=2/3 loss=0.2976 l2=0.2000 label_smoothing=0.000
D step=4/5 epoch=3/3 loss=0.3005 l2=0.2000 label_smoothing=0.000
D step=5/5 epoch=1/3 loss=0.3185 l2=0.2000 label_smoothing=0.000
D step=5/5 epoch=2/3 loss=0.3210 l2=0.2000 label_smoothing=0.000
D step=5/5 epoch=3/3 loss=0.3180 l2=0.2000 label_smoothing=0.000
ADV epoch=101/200 g_loss=0.0168 d_loss=0.3131 reward=0.1988 reward_var=0.0115 unique=0.1200
D step=1/5 epoch=1/3 loss=0.3452 l2=0.2000 label_smoothing=0.000
D step=1/5 epoch=2/3 loss=0.3285 l2=0.2000 label_smoothing=0.000
D step=1/5 epoch=3/3 loss=0.3250 l2=0.2000 label_smoothing=0.000
D step=2/5 epoch=1/3 loss=0.3500 l2=0.2000 label_smoothing=0.000
D step=2/5 epoch=2/3 loss=0.3454 l2=0.2000 label_smoothing=0.000
D step=2/5 epoch=3/3 loss=0.3389 l2=0.2000 label_smoothing=0.000
D step=3/5 epoch=1/3 loss=0.3192 l2=0.2000 label_smoothing=0.000
D step=3/5 epoch=2/3 loss=0.3137 l2=0.2000 label_smoothing=0.000
D step=3/5 epoch=3/3 loss=0.3112 l2=0.2000 label_smoothing=0.000
D step=4/5 epoch=1/3 loss=0.3188 l2=0.2000 label_smoothing=0.000
D step=4/5 epoch=2/3 loss=0.3226 l2=0.2000 label_smoothing=0.000
D step=4/5 epoch=3/3 loss=0.3307 l2=0.2000 label_smoothing=0.000
D step=5/5 epoch=1/3 loss=0.3376 l2=0.2000 label_smoothing=0.000
D step=5/5 epoch=2/3 loss=0.3390 l2=0.2000 label_smoothing=0.000
D step=5/5 epoch=3/3 loss=0.3340 l2=0.2000 label_smoothing=0.000
ADV epoch=102/200 g_loss=0.0140 d_loss=0.3307 reward=0.1939 reward_var=0.0056 unique=0.1400
D step=1/5 epoch=1/3 loss=0.3559 l2=0.2000 label_smoothing=0.000
D step=1/5 epoch=2/3 loss=0.3344 l2=0.2000 label_smoothing=0.000
D step=1/5 epoch=3/3 loss=0.3238 l2=0.2000 label_smoothing=0.000
D step=2/5 epoch=1/3 loss=0.3211 l2=0.2000 label_smoothing=0.000
D step=2/5 epoch=2/3 loss=0.3231 l2=0.2000 label_smoothing=0.000
D step=2/5 epoch=3/3 loss=0.3175 l2=0.2000 label_smoothing=0.000
D step=3/5 epoch=1/3 loss=0.2985 l2=0.2000 label_smoothing=0.000
D step=3/5 epoch=2/3 loss=0.3006 l2=0.2000 label_smoothing=0.000
D step=3/5 epoch=3/3 loss=0.2979 l2=0.2000 label_smoothing=0.000
D step=4/5 epoch=1/3 loss=0.2996 l2=0.2000 label_smoothing=0.000
D step=4/5 epoch=2/3 loss=0.3022 l2=0.2000 label_smoothing=0.000
D step=4/5 epoch=3/3 loss=0.2994 l2=0.2000 label_smoothing=0.000
D step=5/5 epoch=1/3 loss=0.3186 l2=0.2000 label_smoothing=0.000
D step=5/5 epoch=2/3 loss=0.3210 l2=0.2000 label_smoothing=0.000
D step=5/5 epoch=3/3 loss=0.3195 l2=0.2000 label_smoothing=0.000
ADV epoch=103/200 g_loss=0.0147 d_loss=0.3155 reward=0.2306 reward_var=0.0041 unique=0.1800
D step=1/5 epoch=1/3 loss=0.2769 l2=0.2000 label_smoothing=0.000
D step=1/5 epoch=2/3 loss=0.2738 l2=0.2000 label_smoothing=0.000
D step=1/5 epoch=3/3 loss=0.2695 l2=0.2000 label_smoothing=0.000
D step=2/5 epoch=1/3 loss=0.3370 l2=0.2000 label_smoothing=0.000
D step=2/5 epoch=2/3 loss=0.3300 l2=0.2000 label_smoothing=0.000
D step=2/5 epoch=3/3 loss=0.3240 l2=0.2000 label_smoothing=0.000
D step=3/5 epoch=1/3 loss=0.2975 l2=0.2000 label_smoothing=0.000
D step=3/5 epoch=2/3 loss=0.2965 l2=0.2000 label_smoothing=0.000
D step=3/5 epoch=3/3 loss=0.2910 l2=0.2000 label_smoothing=0.000
D step=4/5 epoch=1/3 loss=0.2865 l2=0.2000 label_smoothing=0.000
D step=4/5 epoch=2/3 loss=0.2912 l2=0.2000 label_smoothing=0.000
D step=4/5 epoch=3/3 loss=0.2875 l2=0.2000 label_smoothing=0.000
D step=5/5 epoch=1/3 loss=0.3745 l2=0.2000 label_smoothing=0.000
D step=5/5 epoch=2/3 loss=0.3721 l2=0.2000 label_smoothing=0.000
D step=5/5 epoch=3/3 loss=0.3439 l2=0.2000 label_smoothing=0.000
ADV epoch=104/200 g_loss=0.0135 d_loss=0.3101 reward=0.1992 reward_var=0.0051 unique=0.2000
D step=1/5 epoch=1/3 loss=0.3245 l2=0.2000 label_smoothing=0.000
D step=1/5 epoch=2/3 loss=0.3006 l2=0.2000 label_smoothing=0.000
D step=1/5 epoch=3/3 loss=0.3003 l2=0.2000 label_smoothing=0.000
D step=2/5 epoch=1/3 loss=0.3374 l2=0.2000 label_smoothing=0.000
D step=2/5 epoch=2/3 loss=0.3312 l2=0.2000 label_smoothing=0.000
D step=2/5 epoch=3/3 loss=0.3307 l2=0.2000 label_smoothing=0.000
D step=3/5 epoch=1/3 loss=0.3207 l2=0.2000 label_smoothing=0.000
D step=3/5 epoch=2/3 loss=0.3205 l2=0.2000 label_smoothing=0.000
D step=3/5 epoch=3/3 loss=0.3179 l2=0.2000 label_smoothing=0.000
D step=4/5 epoch=1/3 loss=0.3140 l2=0.2000 label_smoothing=0.000
D step=4/5 epoch=2/3 loss=0.3161 l2=0.2000 label_smoothing=0.000
D step=4/5 epoch=3/3 loss=0.3130 l2=0.2000 label_smoothing=0.000
D step=5/5 epoch=1/3 loss=0.3210 l2=0.2000 label_smoothing=0.000
D step=5/5 epoch=2/3 loss=0.3225 l2=0.2000 label_smoothing=0.000
D step=5/5 epoch=3/3 loss=0.3163 l2=0.2000 label_smoothing=0.000
ADV epoch=105/200 g_loss=0.0122 d_loss=0.3191 reward=0.1929 reward_var=0.0069 unique=0.2000
D step=1/5 epoch=1/3 loss=0.3594 l2=0.2000 label_smoothing=0.000
D step=1/5 epoch=2/3 loss=0.3270 l2=0.2000 label_smoothing=0.000
D step=1/5 epoch=3/3 loss=0.3180 l2=0.2000 label_smoothing=0.000
D step=2/5 epoch=1/3 loss=0.3014 l2=0.2000 label_smoothing=0.000
D step=2/5 epoch=2/3 loss=0.3024 l2=0.2000 label_smoothing=0.000
D step=2/5 epoch=3/3 loss=0.2981 l2=0.2000 label_smoothing=0.000
D step=3/5 epoch=1/3 loss=0.3194 l2=0.2000 label_smoothing=0.000
D step=3/5 epoch=2/3 loss=0.3195 l2=0.2000 label_smoothing=0.000
D step=3/5 epoch=3/3 loss=0.3176 l2=0.2000 label_smoothing=0.000
D step=4/5 epoch=1/3 loss=0.3388 l2=0.2000 label_smoothing=0.000
D step=4/5 epoch=2/3 loss=0.3452 l2=0.2000 label_smoothing=0.000
D step=4/5 epoch=3/3 loss=0.3416 l2=0.2000 label_smoothing=0.000
D step=5/5 epoch=1/3 loss=0.3351 l2=0.2000 label_smoothing=0.000
D step=5/5 epoch=2/3 loss=0.3333 l2=0.2000 label_smoothing=0.000
D step=5/5 epoch=3/3 loss=0.3344 l2=0.2000 label_smoothing=0.000
ADV epoch=106/200 g_loss=0.0175 d_loss=0.3261 reward=0.1914 reward_var=0.0121 unique=0.2000
D step=1/5 epoch=1/3 loss=0.2885 l2=0.2000 label_smoothing=0.000
D step=1/5 epoch=2/3 loss=0.2821 l2=0.2000 label_smoothing=0.000
D step=1/5 epoch=3/3 loss=0.2842 l2=0.2000 label_smoothing=0.000
D step=2/5 epoch=1/3 loss=0.3480 l2=0.2000 label_smoothing=0.000
D step=2/5 epoch=2/3 loss=0.3403 l2=0.2000 label_smoothing=0.000
D step=2/5 epoch=3/3 loss=0.3191 l2=0.2000 label_smoothing=0.000
D step=3/5 epoch=1/3 loss=0.3390 l2=0.2000 label_smoothing=0.000
D step=3/5 epoch=2/3 loss=0.3354 l2=0.2000 label_smoothing=0.000
D step=3/5 epoch=3/3 loss=0.3360 l2=0.2000 label_smoothing=0.000
D step=4/5 epoch=1/3 loss=0.3268 l2=0.2000 label_smoothing=0.000
D step=4/5 epoch=2/3 loss=0.3239 l2=0.2000 label_smoothing=0.000
D step=4/5 epoch=3/3 loss=0.3180 l2=0.2000 label_smoothing=0.000
D step=5/5 epoch=1/3 loss=0.3469 l2=0.2000 label_smoothing=0.000
D step=5/5 epoch=2/3 loss=0.3422 l2=0.2000 label_smoothing=0.000
D step=5/5 epoch=3/3 loss=0.3429 l2=0.2000 label_smoothing=0.000
ADV epoch=107/200 g_loss=0.0137 d_loss=0.3249 reward=0.2166 reward_var=0.0033 unique=0.1200
D step=1/5 epoch=1/3 loss=0.3385 l2=0.2000 label_smoothing=0.000
D step=1/5 epoch=2/3 loss=0.3303 l2=0.2000 label_smoothing=0.000
D step=1/5 epoch=3/3 loss=0.3311 l2=0.2000 label_smoothing=0.000
D step=2/5 epoch=1/3 loss=0.2986 l2=0.2000 label_smoothing=0.000
D step=2/5 epoch=2/3 loss=0.2935 l2=0.2000 label_smoothing=0.000
D step=2/5 epoch=3/3 loss=0.2916 l2=0.2000 label_smoothing=0.000
D step=3/5 epoch=1/3 loss=0.3552 l2=0.2000 label_smoothing=0.000
D step=3/5 epoch=2/3 loss=0.3464 l2=0.2000 label_smoothing=0.000
D step=3/5 epoch=3/3 loss=0.3413 l2=0.2000 label_smoothing=0.000
D step=4/5 epoch=1/3 loss=0.3238 l2=0.2000 label_smoothing=0.000
D step=4/5 epoch=2/3 loss=0.3242 l2=0.2000 label_smoothing=0.000
D step=4/5 epoch=3/3 loss=0.3232 l2=0.2000 label_smoothing=0.000
D step=5/5 epoch=1/3 loss=0.3130 l2=0.2000 label_smoothing=0.000
D step=5/5 epoch=2/3 loss=0.3146 l2=0.2000 label_smoothing=0.000
D step=5/5 epoch=3/3 loss=0.3171 l2=0.2000 label_smoothing=0.000
ADV epoch=108/200 g_loss=0.0178 d_loss=0.3228 reward=0.2211 reward_var=0.0049 unique=0.1800
D step=1/5 epoch=1/3 loss=0.3748 l2=0.2000 label_smoothing=0.000
D step=1/5 epoch=2/3 loss=0.3416 l2=0.2000 label_smoothing=0.000
D step=1/5 epoch=3/3 loss=0.3238 l2=0.2000 label_smoothing=0.000
D step=2/5 epoch=1/3 loss=0.3494 l2=0.2000 label_smoothing=0.000
D step=2/5 epoch=2/3 loss=0.3442 l2=0.2000 label_smoothing=0.000
D step=2/5 epoch=3/3 loss=0.3358 l2=0.2000 label_smoothing=0.000
D step=3/5 epoch=1/3 loss=0.3200 l2=0.2000 label_smoothing=0.000
D step=3/5 epoch=2/3 loss=0.3151 l2=0.2000 label_smoothing=0.000
D step=3/5 epoch=3/3 loss=0.3029 l2=0.2000 label_smoothing=0.000
D step=4/5 epoch=1/3 loss=0.3222 l2=0.2000 label_smoothing=0.000
D step=4/5 epoch=2/3 loss=0.3269 l2=0.2000 label_smoothing=0.000
D step=4/5 epoch=3/3 loss=0.3229 l2=0.2000 label_smoothing=0.000
D step=5/5 epoch=1/3 loss=0.3062 l2=0.2000 label_smoothing=0.000
D step=5/5 epoch=2/3 loss=0.3023 l2=0.2000 label_smoothing=0.000
D step=5/5 epoch=3/3 loss=0.3006 l2=0.2000 label_smoothing=0.000
ADV epoch=109/200 g_loss=0.0160 d_loss=0.3259 reward=0.2065 reward_var=0.0034 unique=0.1600
D step=1/5 epoch=1/3 loss=0.2767 l2=0.2000 label_smoothing=0.000
D step=1/5 epoch=2/3 loss=0.2710 l2=0.2000 label_smoothing=0.000
D step=1/5 epoch=3/3 loss=0.2700 l2=0.2000 label_smoothing=0.000
D step=2/5 epoch=1/3 loss=0.3153 l2=0.2000 label_smoothing=0.000
D step=2/5 epoch=2/3 loss=0.3062 l2=0.2000 label_smoothing=0.000
D step=2/5 epoch=3/3 loss=0.3133 l2=0.2000 label_smoothing=0.000
D step=3/5 epoch=1/3 loss=0.3396 l2=0.2000 label_smoothing=0.000
D step=3/5 epoch=2/3 loss=0.3306 l2=0.2000 label_smoothing=0.000
D step=3/5 epoch=3/3 loss=0.3346 l2=0.2000 label_smoothing=0.000
D step=4/5 epoch=1/3 loss=0.3626 l2=0.2000 label_smoothing=0.000
D step=4/5 epoch=2/3 loss=0.3452 l2=0.2000 label_smoothing=0.000
D step=4/5 epoch=3/3 loss=0.3310 l2=0.2000 label_smoothing=0.000
D step=5/5 epoch=1/3 loss=0.3116 l2=0.2000 label_smoothing=0.000
D step=5/5 epoch=2/3 loss=0.3167 l2=0.2000 label_smoothing=0.000
D step=5/5 epoch=3/3 loss=0.3204 l2=0.2000 label_smoothing=0.000
ADV epoch=110/200 g_loss=0.0164 d_loss=0.3163 reward=0.2093 reward_var=0.0059 unique=0.2000
D step=1/5 epoch=1/3 loss=0.3426 l2=0.2000 label_smoothing=0.000
D step=1/5 epoch=2/3 loss=0.3376 l2=0.2000 label_smoothing=0.000
D step=1/5 epoch=3/3 loss=0.3324 l2=0.2000 label_smoothing=0.000
D step=2/5 epoch=1/3 loss=0.3745 l2=0.2000 label_smoothing=0.000
D step=2/5 epoch=2/3 loss=0.3674 l2=0.2000 label_smoothing=0.000
D step=2/5 epoch=3/3 loss=0.3525 l2=0.2000 label_smoothing=0.000
D step=3/5 epoch=1/3 loss=0.3042 l2=0.2000 label_smoothing=0.000
D step=3/5 epoch=2/3 loss=0.3048 l2=0.2000 label_smoothing=0.000
D step=3/5 epoch=3/3 loss=0.3016 l2=0.2000 label_smoothing=0.000
D step=4/5 epoch=1/3 loss=0.3229 l2=0.2000 label_smoothing=0.000
D step=4/5 epoch=2/3 loss=0.3236 l2=0.2000 label_smoothing=0.000
D step=4/5 epoch=3/3 loss=0.3220 l2=0.2000 label_smoothing=0.000
D step=5/5 epoch=1/3 loss=0.3325 l2=0.2000 label_smoothing=0.000
D step=5/5 epoch=2/3 loss=0.3308 l2=0.2000 label_smoothing=0.000
D step=5/5 epoch=3/3 loss=0.3258 l2=0.2000 label_smoothing=0.000
ADV epoch=111/200 g_loss=0.0139 d_loss=0.3317 reward=0.2121 reward_var=0.0016 unique=0.1000
D step=1/5 epoch=1/3 loss=0.3220 l2=0.2000 label_smoothing=0.000
D step=1/5 epoch=2/3 loss=0.3148 l2=0.2000 label_smoothing=0.000
D step=1/5 epoch=3/3 loss=0.3144 l2=0.2000 label_smoothing=0.000
D step=2/5 epoch=1/3 loss=0.3156 l2=0.2000 label_smoothing=0.000
D step=2/5 epoch=2/3 loss=0.3197 l2=0.2000 label_smoothing=0.000
D step=2/5 epoch=3/3 loss=0.3195 l2=0.2000 label_smoothing=0.000
D step=3/5 epoch=1/3 loss=0.3141 l2=0.2000 label_smoothing=0.000
D step=3/5 epoch=2/3 loss=0.3161 l2=0.2000 label_smoothing=0.000
D step=3/5 epoch=3/3 loss=0.3145 l2=0.2000 label_smoothing=0.000
D step=4/5 epoch=1/3 loss=0.3120 l2=0.2000 label_smoothing=0.000
D step=4/5 epoch=2/3 loss=0.3185 l2=0.2000 label_smoothing=0.000
D step=4/5 epoch=3/3 loss=0.3145 l2=0.2000 label_smoothing=0.000
D step=5/5 epoch=1/3 loss=0.3031 l2=0.2000 label_smoothing=0.000
D step=5/5 epoch=2/3 loss=0.3043 l2=0.2000 label_smoothing=0.000
D step=5/5 epoch=3/3 loss=0.3015 l2=0.2000 label_smoothing=0.000
ADV epoch=112/200 g_loss=0.0159 d_loss=0.3136 reward=0.1990 reward_var=0.0051 unique=0.1800
D step=1/5 epoch=1/3 loss=0.3733 l2=0.2000 label_smoothing=0.000
D step=1/5 epoch=2/3 loss=0.3376 l2=0.2000 label_smoothing=0.000
D step=1/5 epoch=3/3 loss=0.3323 l2=0.2000 label_smoothing=0.000
D step=2/5 epoch=1/3 loss=0.3255 l2=0.2000 label_smoothing=0.000
D step=2/5 epoch=2/3 loss=0.3202 l2=0.2000 label_smoothing=0.000
D step=2/5 epoch=3/3 loss=0.3233 l2=0.2000 label_smoothing=0.000
D step=3/5 epoch=1/3 loss=0.3209 l2=0.2000 label_smoothing=0.000
D step=3/5 epoch=2/3 loss=0.3161 l2=0.2000 label_smoothing=0.000
D step=3/5 epoch=3/3 loss=0.3117 l2=0.2000 label_smoothing=0.000
D step=4/5 epoch=1/3 loss=0.3489 l2=0.2000 label_smoothing=0.000
D step=4/5 epoch=2/3 loss=0.3512 l2=0.2000 label_smoothing=0.000
D step=4/5 epoch=3/3 loss=0.3396 l2=0.2000 label_smoothing=0.000
D step=5/5 epoch=1/3 loss=0.3385 l2=0.2000 label_smoothing=0.000
D step=5/5 epoch=2/3 loss=0.3353 l2=0.2000 label_smoothing=0.000
D step=5/5 epoch=3/3 loss=0.3413 l2=0.2000 label_smoothing=0.000
ADV epoch=113/200 g_loss=0.0121 d_loss=0.3344 reward=0.1998 reward_var=0.0019 unique=0.1600
D step=1/5 epoch=1/3 loss=0.3497 l2=0.2000 label_smoothing=0.000
D step=1/5 epoch=2/3 loss=0.3411 l2=0.2000 label_smoothing=0.000
D step=1/5 epoch=3/3 loss=0.3391 l2=0.2000 label_smoothing=0.000
D step=2/5 epoch=1/3 loss=0.3179 l2=0.2000 label_smoothing=0.000
D step=2/5 epoch=2/3 loss=0.3124 l2=0.2000 label_smoothing=0.000
D step=2/5 epoch=3/3 loss=0.3124 l2=0.2000 label_smoothing=0.000
D step=3/5 epoch=1/3 loss=0.3332 l2=0.2000 label_smoothing=0.000
D step=3/5 epoch=2/3 loss=0.3288 l2=0.2000 label_smoothing=0.000
D step=3/5 epoch=3/3 loss=0.3263 l2=0.2000 label_smoothing=0.000
D step=4/5 epoch=1/3 loss=0.3960 l2=0.2000 label_smoothing=0.000
D step=4/5 epoch=2/3 loss=0.3803 l2=0.2000 label_smoothing=0.000
D step=4/5 epoch=3/3 loss=0.3650 l2=0.2000 label_smoothing=0.000
D step=5/5 epoch=1/3 loss=0.3202 l2=0.2000 label_smoothing=0.000
D step=5/5 epoch=2/3 loss=0.3189 l2=0.2000 label_smoothing=0.000
D step=5/5 epoch=3/3 loss=0.3194 l2=0.2000 label_smoothing=0.000
ADV epoch=114/200 g_loss=0.0188 d_loss=0.3374 reward=0.2531 reward_var=0.0050 unique=0.1800
D step=1/5 epoch=1/3 loss=0.3712 l2=0.2000 label_smoothing=0.000
D step=1/5 epoch=2/3 loss=0.3408 l2=0.2000 label_smoothing=0.000
D step=1/5 epoch=3/3 loss=0.3346 l2=0.2000 label_smoothing=0.000
D step=2/5 epoch=1/3 loss=0.3391 l2=0.2000 label_smoothing=0.000
D step=2/5 epoch=2/3 loss=0.3386 l2=0.2000 label_smoothing=0.000
D step=2/5 epoch=3/3 loss=0.3348 l2=0.2000 label_smoothing=0.000
D step=3/5 epoch=1/3 loss=0.3323 l2=0.2000 label_smoothing=0.000
D step=3/5 epoch=2/3 loss=0.3308 l2=0.2000 label_smoothing=0.000
D step=3/5 epoch=3/3 loss=0.3323 l2=0.2000 label_smoothing=0.000
D step=4/5 epoch=1/3 loss=0.2797 l2=0.2000 label_smoothing=0.000
D step=4/5 epoch=2/3 loss=0.2782 l2=0.2000 label_smoothing=0.000
D step=4/5 epoch=3/3 loss=0.2746 l2=0.2000 label_smoothing=0.000
D step=5/5 epoch=1/3 loss=0.3068 l2=0.2000 label_smoothing=0.000
D step=5/5 epoch=2/3 loss=0.3068 l2=0.2000 label_smoothing=0.000
D step=5/5 epoch=3/3 loss=0.3060 l2=0.2000 label_smoothing=0.000
ADV epoch=115/200 g_loss=0.0178 d_loss=0.3204 reward=0.2050 reward_var=0.0042 unique=0.2000
D step=1/5 epoch=1/3 loss=0.3342 l2=0.2000 label_smoothing=0.000
D step=1/5 epoch=2/3 loss=0.3181 l2=0.2000 label_smoothing=0.000
D step=1/5 epoch=3/3 loss=0.3139 l2=0.2000 label_smoothing=0.000
D step=2/5 epoch=1/3 loss=0.3097 l2=0.2000 label_smoothing=0.000
D step=2/5 epoch=2/3 loss=0.3052 l2=0.2000 label_smoothing=0.000
D step=2/5 epoch=3/3 loss=0.3026 l2=0.2000 label_smoothing=0.000
D step=3/5 epoch=1/3 loss=0.3160 l2=0.2000 label_smoothing=0.000
D step=3/5 epoch=2/3 loss=0.3179 l2=0.2000 label_smoothing=0.000
D step=3/5 epoch=3/3 loss=0.3139 l2=0.2000 label_smoothing=0.000
D step=4/5 epoch=1/3 loss=0.3219 l2=0.2000 label_smoothing=0.000
D step=4/5 epoch=2/3 loss=0.3156 l2=0.2000 label_smoothing=0.000
D step=4/5 epoch=3/3 loss=0.3200 l2=0.2000 label_smoothing=0.000
D step=5/5 epoch=1/3 loss=0.3081 l2=0.2000 label_smoothing=0.000
D step=5/5 epoch=2/3 loss=0.3088 l2=0.2000 label_smoothing=0.000
D step=5/5 epoch=3/3 loss=0.3092 l2=0.2000 label_smoothing=0.000
ADV epoch=116/200 g_loss=0.0111 d_loss=0.3143 reward=0.1676 reward_var=0.0030 unique=0.1600
D step=1/5 epoch=1/3 loss=0.2964 l2=0.2000 label_smoothing=0.000
D step=1/5 epoch=2/3 loss=0.2914 l2=0.2000 label_smoothing=0.000
D step=1/5 epoch=3/3 loss=0.2892 l2=0.2000 label_smoothing=0.000
D step=2/5 epoch=1/3 loss=0.3564 l2=0.2000 label_smoothing=0.000
D step=2/5 epoch=2/3 loss=0.3441 l2=0.2000 label_smoothing=0.000
D step=2/5 epoch=3/3 loss=0.3343 l2=0.2000 label_smoothing=0.000
D step=3/5 epoch=1/3 loss=0.3252 l2=0.2000 label_smoothing=0.000
D step=3/5 epoch=2/3 loss=0.3282 l2=0.2000 label_smoothing=0.000
D step=3/5 epoch=3/3 loss=0.3221 l2=0.2000 label_smoothing=0.000
D step=4/5 epoch=1/3 loss=0.3821 l2=0.2000 label_smoothing=0.000
D step=4/5 epoch=2/3 loss=0.3662 l2=0.2000 label_smoothing=0.000
D step=4/5 epoch=3/3 loss=0.3429 l2=0.2000 label_smoothing=0.000
D step=5/5 epoch=1/3 loss=0.3671 l2=0.2000 label_smoothing=0.000
D step=5/5 epoch=2/3 loss=0.3677 l2=0.2000 label_smoothing=0.000
D step=5/5 epoch=3/3 loss=0.3718 l2=0.2000 label_smoothing=0.000
ADV epoch=117/200 g_loss=0.0161 d_loss=0.3390 reward=0.1851 reward_var=0.0046 unique=0.1800
D step=1/5 epoch=1/3 loss=0.2819 l2=0.2000 label_smoothing=0.000
D step=1/5 epoch=2/3 loss=0.2735 l2=0.2000 label_smoothing=0.000
D step=1/5 epoch=3/3 loss=0.2727 l2=0.2000 label_smoothing=0.000
D step=2/5 epoch=1/3 loss=0.3016 l2=0.2000 label_smoothing=0.000
D step=2/5 epoch=2/3 loss=0.3030 l2=0.2000 label_smoothing=0.000
D step=2/5 epoch=3/3 loss=0.2988 l2=0.2000 label_smoothing=0.000
D step=3/5 epoch=1/3 loss=0.3441 l2=0.2000 label_smoothing=0.000
D step=3/5 epoch=2/3 loss=0.3380 l2=0.2000 label_smoothing=0.000
D step=3/5 epoch=3/3 loss=0.3348 l2=0.2000 label_smoothing=0.000
D step=4/5 epoch=1/3 loss=0.3541 l2=0.2000 label_smoothing=0.000
D step=4/5 epoch=2/3 loss=0.3469 l2=0.2000 label_smoothing=0.000
D step=4/5 epoch=3/3 loss=0.3364 l2=0.2000 label_smoothing=0.000
D step=5/5 epoch=1/3 loss=0.3153 l2=0.2000 label_smoothing=0.000
D step=5/5 epoch=2/3 loss=0.3177 l2=0.2000 label_smoothing=0.000
D step=5/5 epoch=3/3 loss=0.3200 l2=0.2000 label_smoothing=0.000
ADV epoch=118/200 g_loss=0.0148 d_loss=0.3159 reward=0.2163 reward_var=0.0035 unique=0.1600
D step=1/5 epoch=1/3 loss=0.3012 l2=0.2000 label_smoothing=0.000
D step=1/5 epoch=2/3 loss=0.2918 l2=0.2000 label_smoothing=0.000
D step=1/5 epoch=3/3 loss=0.2936 l2=0.2000 label_smoothing=0.000
D step=2/5 epoch=1/3 loss=0.3163 l2=0.2000 label_smoothing=0.000
D step=2/5 epoch=2/3 loss=0.3101 l2=0.2000 label_smoothing=0.000
D step=2/5 epoch=3/3 loss=0.3047 l2=0.2000 label_smoothing=0.000
D step=3/5 epoch=1/3 loss=0.3008 l2=0.2000 label_smoothing=0.000
D step=3/5 epoch=2/3 loss=0.2938 l2=0.2000 label_smoothing=0.000
D step=3/5 epoch=3/3 loss=0.2935 l2=0.2000 label_smoothing=0.000
D step=4/5 epoch=1/3 loss=0.3260 l2=0.2000 label_smoothing=0.000
D step=4/5 epoch=2/3 loss=0.3291 l2=0.2000 label_smoothing=0.000
D step=4/5 epoch=3/3 loss=0.3353 l2=0.2000 label_smoothing=0.000
D step=5/5 epoch=1/3 loss=0.3984 l2=0.2000 label_smoothing=0.000
D step=5/5 epoch=2/3 loss=0.3858 l2=0.2000 label_smoothing=0.000
D step=5/5 epoch=3/3 loss=0.3762 l2=0.2000 label_smoothing=0.000
ADV epoch=119/200 g_loss=0.0137 d_loss=0.3238 reward=0.2180 reward_var=0.0038 unique=0.1600
D step=1/5 epoch=1/3 loss=0.3058 l2=0.2000 label_smoothing=0.000
D step=1/5 epoch=2/3 loss=0.3010 l2=0.2000 label_smoothing=0.000
D step=1/5 epoch=3/3 loss=0.3063 l2=0.2000 label_smoothing=0.000
D step=2/5 epoch=1/3 loss=0.3414 l2=0.2000 label_smoothing=0.000
D step=2/5 epoch=2/3 loss=0.3310 l2=0.2000 label_smoothing=0.000
D step=2/5 epoch=3/3 loss=0.3304 l2=0.2000 label_smoothing=0.000
D step=3/5 epoch=1/3 loss=0.2784 l2=0.2000 label_smoothing=0.000
D step=3/5 epoch=2/3 loss=0.2801 l2=0.2000 label_smoothing=0.000
D step=3/5 epoch=3/3 loss=0.2757 l2=0.2000 label_smoothing=0.000
D step=4/5 epoch=1/3 loss=0.3153 l2=0.2000 label_smoothing=0.000
D step=4/5 epoch=2/3 loss=0.3154 l2=0.2000 label_smoothing=0.000
D step=4/5 epoch=3/3 loss=0.3183 l2=0.2000 label_smoothing=0.000
D step=5/5 epoch=1/3 loss=0.3947 l2=0.2000 label_smoothing=0.000
D step=5/5 epoch=2/3 loss=0.3865 l2=0.2000 label_smoothing=0.000
D step=5/5 epoch=3/3 loss=0.3610 l2=0.2000 label_smoothing=0.000
ADV epoch=120/200 g_loss=0.0152 d_loss=0.3228 reward=0.2031 reward_var=0.0030 unique=0.1600
D step=1/5 epoch=1/3 loss=0.3195 l2=0.2000 label_smoothing=0.000
D step=1/5 epoch=2/3 loss=0.3137 l2=0.2000 label_smoothing=0.000
D step=1/5 epoch=3/3 loss=0.3065 l2=0.2000 label_smoothing=0.000
D step=2/5 epoch=1/3 loss=0.3089 l2=0.2000 label_smoothing=0.000
D step=2/5 epoch=2/3 loss=0.3090 l2=0.2000 label_smoothing=0.000
D step=2/5 epoch=3/3 loss=0.2974 l2=0.2000 label_smoothing=0.000
D step=3/5 epoch=1/3 loss=0.3101 l2=0.2000 label_smoothing=0.000
D step=3/5 epoch=2/3 loss=0.3203 l2=0.2000 label_smoothing=0.000
D step=3/5 epoch=3/3 loss=0.3220 l2=0.2000 label_smoothing=0.000
D step=4/5 epoch=1/3 loss=0.3192 l2=0.2000 label_smoothing=0.000
D step=4/5 epoch=2/3 loss=0.3139 l2=0.2000 label_smoothing=0.000
D step=4/5 epoch=3/3 loss=0.3116 l2=0.2000 label_smoothing=0.000
D step=5/5 epoch=1/3 loss=0.3468 l2=0.2000 label_smoothing=0.000
D step=5/5 epoch=2/3 loss=0.3465 l2=0.2000 label_smoothing=0.000
D step=5/5 epoch=3/3 loss=0.3494 l2=0.2000 label_smoothing=0.000
ADV epoch=121/200 g_loss=0.0133 d_loss=0.3196 reward=0.2073 reward_var=0.0025 unique=0.1800
D step=1/5 epoch=1/3 loss=0.3235 l2=0.2000 label_smoothing=0.000
D step=1/5 epoch=2/3 loss=0.3137 l2=0.2000 label_smoothing=0.000
D step=1/5 epoch=3/3 loss=0.3145 l2=0.2000 label_smoothing=0.000
D step=2/5 epoch=1/3 loss=0.3797 l2=0.2000 label_smoothing=0.000
D step=2/5 epoch=2/3 loss=0.3705 l2=0.2000 label_smoothing=0.000
D step=2/5 epoch=3/3 loss=0.3773 l2=0.2000 label_smoothing=0.000
D step=3/5 epoch=1/3 loss=0.3078 l2=0.2000 label_smoothing=0.000
D step=3/5 epoch=2/3 loss=0.2981 l2=0.2000 label_smoothing=0.000
D step=3/5 epoch=3/3 loss=0.2915 l2=0.2000 label_smoothing=0.000
D step=4/5 epoch=1/3 loss=0.3089 l2=0.2000 label_smoothing=0.000
D step=4/5 epoch=2/3 loss=0.3134 l2=0.2000 label_smoothing=0.000
D step=4/5 epoch=3/3 loss=0.3192 l2=0.2000 label_smoothing=0.000
D step=5/5 epoch=1/3 loss=0.3229 l2=0.2000 label_smoothing=0.000
D step=5/5 epoch=2/3 loss=0.3249 l2=0.2000 label_smoothing=0.000
D step=5/5 epoch=3/3 loss=0.3177 l2=0.2000 label_smoothing=0.000
ADV epoch=122/200 g_loss=0.0183 d_loss=0.3256 reward=0.2214 reward_var=0.0031 unique=0.1800
D step=1/5 epoch=1/3 loss=0.3480 l2=0.2000 label_smoothing=0.000
D step=1/5 epoch=2/3 loss=0.3397 l2=0.2000 label_smoothing=0.000
D step=1/5 epoch=3/3 loss=0.3403 l2=0.2000 label_smoothing=0.000
D step=2/5 epoch=1/3 loss=0.2746 l2=0.2000 label_smoothing=0.000
D step=2/5 epoch=2/3 loss=0.2776 l2=0.2000 label_smoothing=0.000
D step=2/5 epoch=3/3 loss=0.2706 l2=0.2000 label_smoothing=0.000
D step=3/5 epoch=1/3 loss=0.3565 l2=0.2000 label_smoothing=0.000
D step=3/5 epoch=2/3 loss=0.3543 l2=0.2000 label_smoothing=0.000
D step=3/5 epoch=3/3 loss=0.3483 l2=0.2000 label_smoothing=0.000
D step=4/5 epoch=1/3 loss=0.3214 l2=0.2000 label_smoothing=0.000
D step=4/5 epoch=2/3 loss=0.3156 l2=0.2000 label_smoothing=0.000
D step=4/5 epoch=3/3 loss=0.3139 l2=0.2000 label_smoothing=0.000
D step=5/5 epoch=1/3 loss=0.4146 l2=0.2000 label_smoothing=0.000
D step=5/5 epoch=2/3 loss=0.3991 l2=0.2000 label_smoothing=0.000
D step=5/5 epoch=3/3 loss=0.3901 l2=0.2000 label_smoothing=0.000
ADV epoch=123/200 g_loss=0.0133 d_loss=0.3376 reward=0.2234 reward_var=0.0011 unique=0.1600
D step=1/5 epoch=1/3 loss=0.2911 l2=0.2000 label_smoothing=0.000
D step=1/5 epoch=2/3 loss=0.2794 l2=0.2000 label_smoothing=0.000
D step=1/5 epoch=3/3 loss=0.2779 l2=0.2000 label_smoothing=0.000
D step=2/5 epoch=1/3 loss=0.3321 l2=0.2000 label_smoothing=0.000
D step=2/5 epoch=2/3 loss=0.3331 l2=0.2000 label_smoothing=0.000
D step=2/5 epoch=3/3 loss=0.3310 l2=0.2000 label_smoothing=0.000
D step=3/5 epoch=1/3 loss=0.3245 l2=0.2000 label_smoothing=0.000
D step=3/5 epoch=2/3 loss=0.3237 l2=0.2000 label_smoothing=0.000
D step=3/5 epoch=3/3 loss=0.3225 l2=0.2000 label_smoothing=0.000
D step=4/5 epoch=1/3 loss=0.3195 l2=0.2000 label_smoothing=0.000
D step=4/5 epoch=2/3 loss=0.3146 l2=0.2000 label_smoothing=0.000
D step=4/5 epoch=3/3 loss=0.3169 l2=0.2000 label_smoothing=0.000
D step=5/5 epoch=1/3 loss=0.3329 l2=0.2000 label_smoothing=0.000
D step=5/5 epoch=2/3 loss=0.3312 l2=0.2000 label_smoothing=0.000
D step=5/5 epoch=3/3 loss=0.3233 l2=0.2000 label_smoothing=0.000
ADV epoch=124/200 g_loss=0.0190 d_loss=0.3169 reward=0.2617 reward_var=0.0049 unique=0.1000
D step=1/5 epoch=1/3 loss=0.3050 l2=0.2000 label_smoothing=0.000
D step=1/5 epoch=2/3 loss=0.2855 l2=0.2000 label_smoothing=0.000
D step=1/5 epoch=3/3 loss=0.2810 l2=0.2000 label_smoothing=0.000
D step=2/5 epoch=1/3 loss=0.3343 l2=0.2000 label_smoothing=0.000
D step=2/5 epoch=2/3 loss=0.3299 l2=0.2000 label_smoothing=0.000
D step=2/5 epoch=3/3 loss=0.3295 l2=0.2000 label_smoothing=0.000
D step=3/5 epoch=1/3 loss=0.3545 l2=0.2000 label_smoothing=0.000
D step=3/5 epoch=2/3 loss=0.3488 l2=0.2000 label_smoothing=0.000
D step=3/5 epoch=3/3 loss=0.3474 l2=0.2000 label_smoothing=0.000
D step=4/5 epoch=1/3 loss=0.3234 l2=0.2000 label_smoothing=0.000
D step=4/5 epoch=2/3 loss=0.3317 l2=0.2000 label_smoothing=0.000
D step=4/5 epoch=3/3 loss=0.3286 l2=0.2000 label_smoothing=0.000
D step=5/5 epoch=1/3 loss=0.2960 l2=0.2000 label_smoothing=0.000
D step=5/5 epoch=2/3 loss=0.2924 l2=0.2000 label_smoothing=0.000
D step=5/5 epoch=3/3 loss=0.2967 l2=0.2000 label_smoothing=0.000
ADV epoch=125/200 g_loss=0.0179 d_loss=0.3190 reward=0.2146 reward_var=0.0056 unique=0.1800
D step=1/5 epoch=1/3 loss=0.3451 l2=0.2000 label_smoothing=0.000
D step=1/5 epoch=2/3 loss=0.3365 l2=0.2000 label_smoothing=0.000
D step=1/5 epoch=3/3 loss=0.3257 l2=0.2000 label_smoothing=0.000
D step=2/5 epoch=1/3 loss=0.3280 l2=0.2000 label_smoothing=0.000
D step=2/5 epoch=2/3 loss=0.3200 l2=0.2000 label_smoothing=0.000
D step=2/5 epoch=3/3 loss=0.3303 l2=0.2000 label_smoothing=0.000
D step=3/5 epoch=1/3 loss=0.3525 l2=0.2000 label_smoothing=0.000
D step=3/5 epoch=2/3 loss=0.3490 l2=0.2000 label_smoothing=0.000
D step=3/5 epoch=3/3 loss=0.3494 l2=0.2000 label_smoothing=0.000
D step=4/5 epoch=1/3 loss=0.3135 l2=0.2000 label_smoothing=0.000
D step=4/5 epoch=2/3 loss=0.3112 l2=0.2000 label_smoothing=0.000
D step=4/5 epoch=3/3 loss=0.3137 l2=0.2000 label_smoothing=0.000
D step=5/5 epoch=1/3 loss=0.4084 l2=0.2000 label_smoothing=0.000
D step=5/5 epoch=2/3 loss=0.3982 l2=0.2000 label_smoothing=0.000
D step=5/5 epoch=3/3 loss=0.3769 l2=0.2000 label_smoothing=0.000
ADV epoch=126/200 g_loss=0.0104 d_loss=0.3439 reward=0.1935 reward_var=0.0032 unique=0.1400
D step=1/5 epoch=1/3 loss=0.3579 l2=0.2000 label_smoothing=0.000
D step=1/5 epoch=2/3 loss=0.3504 l2=0.2000 label_smoothing=0.000
D step=1/5 epoch=3/3 loss=0.3486 l2=0.2000 label_smoothing=0.000
D step=2/5 epoch=1/3 loss=0.3214 l2=0.2000 label_smoothing=0.000
D step=2/5 epoch=2/3 loss=0.3232 l2=0.2000 label_smoothing=0.000
D step=2/5 epoch=3/3 loss=0.3187 l2=0.2000 label_smoothing=0.000
D step=3/5 epoch=1/3 loss=0.3533 l2=0.2000 label_smoothing=0.000
D step=3/5 epoch=2/3 loss=0.3500 l2=0.2000 label_smoothing=0.000
D step=3/5 epoch=3/3 loss=0.3630 l2=0.2000 label_smoothing=0.000
D step=4/5 epoch=1/3 loss=0.3148 l2=0.2000 label_smoothing=0.000
D step=4/5 epoch=2/3 loss=0.3147 l2=0.2000 label_smoothing=0.000
D step=4/5 epoch=3/3 loss=0.3138 l2=0.2000 label_smoothing=0.000
D step=5/5 epoch=1/3 loss=0.3177 l2=0.2000 label_smoothing=0.000
D step=5/5 epoch=2/3 loss=0.3286 l2=0.2000 label_smoothing=0.000
D step=5/5 epoch=3/3 loss=0.3271 l2=0.2000 label_smoothing=0.000
ADV epoch=127/200 g_loss=0.0155 d_loss=0.3335 reward=0.2240 reward_var=0.0027 unique=0.2800
D step=1/5 epoch=1/3 loss=0.3432 l2=0.2000 label_smoothing=0.000
D step=1/5 epoch=2/3 loss=0.3376 l2=0.2000 label_smoothing=0.000
D step=1/5 epoch=3/3 loss=0.3345 l2=0.2000 label_smoothing=0.000
D step=2/5 epoch=1/3 loss=0.3290 l2=0.2000 label_smoothing=0.000
D step=2/5 epoch=2/3 loss=0.3296 l2=0.2000 label_smoothing=0.000
D step=2/5 epoch=3/3 loss=0.3281 l2=0.2000 label_smoothing=0.000
D step=3/5 epoch=1/3 loss=0.3399 l2=0.2000 label_smoothing=0.000
D step=3/5 epoch=2/3 loss=0.3400 l2=0.2000 label_smoothing=0.000
D step=3/5 epoch=3/3 loss=0.3386 l2=0.2000 label_smoothing=0.000
D step=4/5 epoch=1/3 loss=0.3558 l2=0.2000 label_smoothing=0.000
D step=4/5 epoch=2/3 loss=0.3460 l2=0.2000 label_smoothing=0.000
D step=4/5 epoch=3/3 loss=0.3411 l2=0.2000 label_smoothing=0.000
D step=5/5 epoch=1/3 loss=0.3392 l2=0.2000 label_smoothing=0.000
D step=5/5 epoch=2/3 loss=0.3386 l2=0.2000 label_smoothing=0.000
D step=5/5 epoch=3/3 loss=0.3381 l2=0.2000 label_smoothing=0.000
ADV epoch=128/200 g_loss=0.0158 d_loss=0.3386 reward=0.2099 reward_var=0.0041 unique=0.1600
D step=1/5 epoch=1/3 loss=0.3512 l2=0.2000 label_smoothing=0.000
D step=1/5 epoch=2/3 loss=0.3400 l2=0.2000 label_smoothing=0.000
D step=1/5 epoch=3/3 loss=0.3416 l2=0.2000 label_smoothing=0.000
D step=2/5 epoch=1/3 loss=0.3526 l2=0.2000 label_smoothing=0.000
D step=2/5 epoch=2/3 loss=0.3353 l2=0.2000 label_smoothing=0.000
D step=2/5 epoch=3/3 loss=0.3106 l2=0.2000 label_smoothing=0.000
D step=3/5 epoch=1/3 loss=0.3367 l2=0.2000 label_smoothing=0.000
D step=3/5 epoch=2/3 loss=0.3293 l2=0.2000 label_smoothing=0.000
D step=3/5 epoch=3/3 loss=0.3231 l2=0.2000 label_smoothing=0.000
D step=4/5 epoch=1/3 loss=0.3301 l2=0.2000 label_smoothing=0.000
D step=4/5 epoch=2/3 loss=0.3243 l2=0.2000 label_smoothing=0.000
D step=4/5 epoch=3/3 loss=0.3162 l2=0.2000 label_smoothing=0.000
D step=5/5 epoch=1/3 loss=0.3452 l2=0.2000 label_smoothing=0.000
D step=5/5 epoch=2/3 loss=0.3394 l2=0.2000 label_smoothing=0.000
D step=5/5 epoch=3/3 loss=0.3344 l2=0.2000 label_smoothing=0.000
ADV epoch=129/200 g_loss=0.0218 d_loss=0.3340 reward=0.2518 reward_var=0.0086 unique=0.1600
D step=1/5 epoch=1/3 loss=0.3323 l2=0.2000 label_smoothing=0.000
D step=1/5 epoch=2/3 loss=0.3301 l2=0.2000 label_smoothing=0.000
D step=1/5 epoch=3/3 loss=0.3294 l2=0.2000 label_smoothing=0.000
D step=2/5 epoch=1/3 loss=0.3409 l2=0.2000 label_smoothing=0.000
D step=2/5 epoch=2/3 loss=0.3394 l2=0.2000 label_smoothing=0.000
D step=2/5 epoch=3/3 loss=0.3369 l2=0.2000 label_smoothing=0.000
D step=3/5 epoch=1/3 loss=0.3349 l2=0.2000 label_smoothing=0.000
D step=3/5 epoch=2/3 loss=0.3390 l2=0.2000 label_smoothing=0.000
D step=3/5 epoch=3/3 loss=0.3302 l2=0.2000 label_smoothing=0.000
D step=4/5 epoch=1/3 loss=0.3623 l2=0.2000 label_smoothing=0.000
D step=4/5 epoch=2/3 loss=0.3412 l2=0.2000 label_smoothing=0.000
D step=4/5 epoch=3/3 loss=0.3362 l2=0.2000 label_smoothing=0.000
D step=5/5 epoch=1/3 loss=0.3199 l2=0.2000 label_smoothing=0.000
D step=5/5 epoch=2/3 loss=0.3194 l2=0.2000 label_smoothing=0.000
D step=5/5 epoch=3/3 loss=0.3234 l2=0.2000 label_smoothing=0.000
ADV epoch=130/200 g_loss=0.0172 d_loss=0.3344 reward=0.2419 reward_var=0.0033 unique=0.1000
D step=1/5 epoch=1/3 loss=0.3284 l2=0.2000 label_smoothing=0.000
D step=1/5 epoch=2/3 loss=0.3256 l2=0.2000 label_smoothing=0.000
D step=1/5 epoch=3/3 loss=0.3250 l2=0.2000 label_smoothing=0.000
D step=2/5 epoch=1/3 loss=0.3848 l2=0.2000 label_smoothing=0.000
D step=2/5 epoch=2/3 loss=0.3801 l2=0.2000 label_smoothing=0.000
D step=2/5 epoch=3/3 loss=0.3623 l2=0.2000 label_smoothing=0.000
D step=3/5 epoch=1/3 loss=0.3389 l2=0.2000 label_smoothing=0.000
D step=3/5 epoch=2/3 loss=0.3374 l2=0.2000 label_smoothing=0.000
D step=3/5 epoch=3/3 loss=0.3326 l2=0.2000 label_smoothing=0.000
D step=4/5 epoch=1/3 loss=0.3204 l2=0.2000 label_smoothing=0.000
D step=4/5 epoch=2/3 loss=0.3251 l2=0.2000 label_smoothing=0.000
D step=4/5 epoch=3/3 loss=0.3216 l2=0.2000 label_smoothing=0.000
D step=5/5 epoch=1/3 loss=0.3400 l2=0.2000 label_smoothing=0.000
D step=5/5 epoch=2/3 loss=0.3349 l2=0.2000 label_smoothing=0.000
D step=5/5 epoch=3/3 loss=0.3360 l2=0.2000 label_smoothing=0.000
ADV epoch=131/200 g_loss=0.0175 d_loss=0.3395 reward=0.2190 reward_var=0.0105 unique=0.1800
D step=1/5 epoch=1/3 loss=0.3155 l2=0.2000 label_smoothing=0.000
D step=1/5 epoch=2/3 loss=0.3117 l2=0.2000 label_smoothing=0.000
D step=1/5 epoch=3/3 loss=0.3082 l2=0.2000 label_smoothing=0.000
D step=2/5 epoch=1/3 loss=0.3240 l2=0.2000 label_smoothing=0.000
D step=2/5 epoch=2/3 loss=0.3180 l2=0.2000 label_smoothing=0.000
D step=2/5 epoch=3/3 loss=0.3244 l2=0.2000 label_smoothing=0.000
D step=3/5 epoch=1/3 loss=0.2970 l2=0.2000 label_smoothing=0.000
D step=3/5 epoch=2/3 loss=0.2976 l2=0.2000 label_smoothing=0.000
D step=3/5 epoch=3/3 loss=0.3042 l2=0.2000 label_smoothing=0.000
D step=4/5 epoch=1/3 loss=0.3216 l2=0.2000 label_smoothing=0.000
D step=4/5 epoch=2/3 loss=0.3189 l2=0.2000 label_smoothing=0.000
D step=4/5 epoch=3/3 loss=0.3165 l2=0.2000 label_smoothing=0.000
D step=5/5 epoch=1/3 loss=0.3288 l2=0.2000 label_smoothing=0.000
D step=5/5 epoch=2/3 loss=0.3224 l2=0.2000 label_smoothing=0.000
D step=5/5 epoch=3/3 loss=0.3214 l2=0.2000 label_smoothing=0.000
ADV epoch=132/200 g_loss=0.0159 d_loss=0.3153 reward=0.2296 reward_var=0.0014 unique=0.1800
D step=1/5 epoch=1/3 loss=0.3120 l2=0.2000 label_smoothing=0.000
D step=1/5 epoch=2/3 loss=0.3137 l2=0.2000 label_smoothing=0.000
D step=1/5 epoch=3/3 loss=0.3117 l2=0.2000 label_smoothing=0.000
D step=2/5 epoch=1/3 loss=0.3182 l2=0.2000 label_smoothing=0.000
D step=2/5 epoch=2/3 loss=0.3134 l2=0.2000 label_smoothing=0.000
D step=2/5 epoch=3/3 loss=0.3098 l2=0.2000 label_smoothing=0.000
D step=3/5 epoch=1/3 loss=0.3146 l2=0.2000 label_smoothing=0.000
D step=3/5 epoch=2/3 loss=0.3123 l2=0.2000 label_smoothing=0.000
D step=3/5 epoch=3/3 loss=0.3177 l2=0.2000 label_smoothing=0.000
D step=4/5 epoch=1/3 loss=0.3418 l2=0.2000 label_smoothing=0.000
D step=4/5 epoch=2/3 loss=0.3395 l2=0.2000 label_smoothing=0.000
D step=4/5 epoch=3/3 loss=0.3463 l2=0.2000 label_smoothing=0.000
D step=5/5 epoch=1/3 loss=0.3070 l2=0.2000 label_smoothing=0.000
D step=5/5 epoch=2/3 loss=0.3064 l2=0.2000 label_smoothing=0.000
D step=5/5 epoch=3/3 loss=0.3029 l2=0.2000 label_smoothing=0.000
ADV epoch=133/200 g_loss=0.0140 d_loss=0.3178 reward=0.2095 reward_var=0.0019 unique=0.1800
D step=1/5 epoch=1/3 loss=0.3352 l2=0.2000 label_smoothing=0.000
D step=1/5 epoch=2/3 loss=0.3146 l2=0.2000 label_smoothing=0.000
D step=1/5 epoch=3/3 loss=0.3128 l2=0.2000 label_smoothing=0.000
D step=2/5 epoch=1/3 loss=0.3528 l2=0.2000 label_smoothing=0.000
D step=2/5 epoch=2/3 loss=0.3411 l2=0.2000 label_smoothing=0.000
D step=2/5 epoch=3/3 loss=0.3314 l2=0.2000 label_smoothing=0.000
D step=3/5 epoch=1/3 loss=0.3290 l2=0.2000 label_smoothing=0.000
D step=3/5 epoch=2/3 loss=0.3187 l2=0.2000 label_smoothing=0.000
D step=3/5 epoch=3/3 loss=0.3227 l2=0.2000 label_smoothing=0.000
D step=4/5 epoch=1/3 loss=0.3484 l2=0.2000 label_smoothing=0.000
D step=4/5 epoch=2/3 loss=0.3492 l2=0.2000 label_smoothing=0.000
D step=4/5 epoch=3/3 loss=0.3482 l2=0.2000 label_smoothing=0.000
D step=5/5 epoch=1/3 loss=0.3261 l2=0.2000 label_smoothing=0.000
D step=5/5 epoch=2/3 loss=0.3320 l2=0.2000 label_smoothing=0.000
D step=5/5 epoch=3/3 loss=0.3349 l2=0.2000 label_smoothing=0.000
ADV epoch=134/200 g_loss=0.0148 d_loss=0.3331 reward=0.2016 reward_var=0.0041 unique=0.1200
D step=1/5 epoch=1/3 loss=0.3570 l2=0.2000 label_smoothing=0.000
D step=1/5 epoch=2/3 loss=0.3523 l2=0.2000 label_smoothing=0.000
D step=1/5 epoch=3/3 loss=0.3505 l2=0.2000 label_smoothing=0.000
D step=2/5 epoch=1/3 loss=0.2829 l2=0.2000 label_smoothing=0.000
D step=2/5 epoch=2/3 loss=0.2780 l2=0.2000 label_smoothing=0.000
D step=2/5 epoch=3/3 loss=0.2698 l2=0.2000 label_smoothing=0.000
D step=3/5 epoch=1/3 loss=0.3350 l2=0.2000 label_smoothing=0.000
D step=3/5 epoch=2/3 loss=0.3345 l2=0.2000 label_smoothing=0.000
D step=3/5 epoch=3/3 loss=0.3331 l2=0.2000 label_smoothing=0.000
D step=4/5 epoch=1/3 loss=0.3303 l2=0.2000 label_smoothing=0.000
D step=4/5 epoch=2/3 loss=0.3221 l2=0.2000 label_smoothing=0.000
D step=4/5 epoch=3/3 loss=0.3267 l2=0.2000 label_smoothing=0.000
D step=5/5 epoch=1/3 loss=0.3957 l2=0.2000 label_smoothing=0.000
D step=5/5 epoch=2/3 loss=0.3811 l2=0.2000 label_smoothing=0.000
D step=5/5 epoch=3/3 loss=0.3726 l2=0.2000 label_smoothing=0.000
ADV epoch=135/200 g_loss=0.0145 d_loss=0.3348 reward=0.2151 reward_var=0.0045 unique=0.2000
D step=1/5 epoch=1/3 loss=0.3029 l2=0.2000 label_smoothing=0.000
D step=1/5 epoch=2/3 loss=0.2930 l2=0.2000 label_smoothing=0.000
D step=1/5 epoch=3/3 loss=0.2916 l2=0.2000 label_smoothing=0.000
D step=2/5 epoch=1/3 loss=0.3026 l2=0.2000 label_smoothing=0.000
D step=2/5 epoch=2/3 loss=0.3026 l2=0.2000 label_smoothing=0.000
D step=2/5 epoch=3/3 loss=0.2898 l2=0.2000 label_smoothing=0.000
D step=3/5 epoch=1/3 loss=0.3634 l2=0.2000 label_smoothing=0.000
D step=3/5 epoch=2/3 loss=0.3532 l2=0.2000 label_smoothing=0.000
D step=3/5 epoch=3/3 loss=0.3523 l2=0.2000 label_smoothing=0.000
D step=4/5 epoch=1/3 loss=0.3229 l2=0.2000 label_smoothing=0.000
D step=4/5 epoch=2/3 loss=0.3250 l2=0.2000 label_smoothing=0.000
D step=4/5 epoch=3/3 loss=0.3240 l2=0.2000 label_smoothing=0.000
D step=5/5 epoch=1/3 loss=0.3381 l2=0.2000 label_smoothing=0.000
D step=5/5 epoch=2/3 loss=0.3308 l2=0.2000 label_smoothing=0.000
D step=5/5 epoch=3/3 loss=0.3394 l2=0.2000 label_smoothing=0.000
ADV epoch=136/200 g_loss=0.0191 d_loss=0.3221 reward=0.2350 reward_var=0.0050 unique=0.1600
D step=1/5 epoch=1/3 loss=0.3340 l2=0.2000 label_smoothing=0.000
D step=1/5 epoch=2/3 loss=0.3325 l2=0.2000 label_smoothing=0.000
D step=1/5 epoch=3/3 loss=0.3293 l2=0.2000 label_smoothing=0.000
D step=2/5 epoch=1/3 loss=0.3447 l2=0.2000 label_smoothing=0.000
D step=2/5 epoch=2/3 loss=0.3436 l2=0.2000 label_smoothing=0.000
D step=2/5 epoch=3/3 loss=0.3352 l2=0.2000 label_smoothing=0.000
D step=3/5 epoch=1/3 loss=0.3219 l2=0.2000 label_smoothing=0.000
D step=3/5 epoch=2/3 loss=0.3252 l2=0.2000 label_smoothing=0.000
D step=3/5 epoch=3/3 loss=0.3192 l2=0.2000 label_smoothing=0.000
D step=4/5 epoch=1/3 loss=0.3282 l2=0.2000 label_smoothing=0.000
D step=4/5 epoch=2/3 loss=0.3272 l2=0.2000 label_smoothing=0.000
D step=4/5 epoch=3/3 loss=0.3259 l2=0.2000 label_smoothing=0.000
D step=5/5 epoch=1/3 loss=0.3401 l2=0.2000 label_smoothing=0.000
D step=5/5 epoch=2/3 loss=0.3375 l2=0.2000 label_smoothing=0.000
D step=5/5 epoch=3/3 loss=0.3379 l2=0.2000 label_smoothing=0.000
ADV epoch=137/200 g_loss=0.0188 d_loss=0.3322 reward=0.2179 reward_var=0.0029 unique=0.1600
D step=1/5 epoch=1/3 loss=0.3243 l2=0.2000 label_smoothing=0.000
D step=1/5 epoch=2/3 loss=0.3236 l2=0.2000 label_smoothing=0.000
D step=1/5 epoch=3/3 loss=0.3205 l2=0.2000 label_smoothing=0.000
D step=2/5 epoch=1/3 loss=0.3221 l2=0.2000 label_smoothing=0.000
D step=2/5 epoch=2/3 loss=0.3257 l2=0.2000 label_smoothing=0.000
D step=2/5 epoch=3/3 loss=0.3237 l2=0.2000 label_smoothing=0.000
D step=3/5 epoch=1/3 loss=0.3293 l2=0.2000 label_smoothing=0.000
D step=3/5 epoch=2/3 loss=0.3309 l2=0.2000 label_smoothing=0.000
D step=3/5 epoch=3/3 loss=0.3300 l2=0.2000 label_smoothing=0.000
D step=4/5 epoch=1/3 loss=0.3647 l2=0.2000 label_smoothing=0.000
D step=4/5 epoch=2/3 loss=0.3419 l2=0.2000 label_smoothing=0.000
D step=4/5 epoch=3/3 loss=0.3338 l2=0.2000 label_smoothing=0.000
D step=5/5 epoch=1/3 loss=0.3179 l2=0.2000 label_smoothing=0.000
D step=5/5 epoch=2/3 loss=0.3083 l2=0.2000 label_smoothing=0.000
D step=5/5 epoch=3/3 loss=0.3112 l2=0.2000 label_smoothing=0.000
ADV epoch=138/200 g_loss=0.0171 d_loss=0.3272 reward=0.1988 reward_var=0.0021 unique=0.2000
D step=1/5 epoch=1/3 loss=0.3383 l2=0.2000 label_smoothing=0.000
D step=1/5 epoch=2/3 loss=0.3257 l2=0.2000 label_smoothing=0.000
D step=1/5 epoch=3/3 loss=0.3212 l2=0.2000 label_smoothing=0.000
D step=2/5 epoch=1/3 loss=0.3363 l2=0.2000 label_smoothing=0.000
D step=2/5 epoch=2/3 loss=0.3406 l2=0.2000 label_smoothing=0.000
D step=2/5 epoch=3/3 loss=0.3385 l2=0.2000 label_smoothing=0.000
D step=3/5 epoch=1/3 loss=0.3497 l2=0.2000 label_smoothing=0.000
D step=3/5 epoch=2/3 loss=0.3478 l2=0.2000 label_smoothing=0.000
D step=3/5 epoch=3/3 loss=0.3491 l2=0.2000 label_smoothing=0.000
D step=4/5 epoch=1/3 loss=0.3410 l2=0.2000 label_smoothing=0.000
D step=4/5 epoch=2/3 loss=0.3346 l2=0.2000 label_smoothing=0.000
D step=4/5 epoch=3/3 loss=0.3307 l2=0.2000 label_smoothing=0.000
D step=5/5 epoch=1/3 loss=0.3044 l2=0.2000 label_smoothing=0.000
D step=5/5 epoch=2/3 loss=0.2976 l2=0.2000 label_smoothing=0.000
D step=5/5 epoch=3/3 loss=0.3003 l2=0.2000 label_smoothing=0.000
ADV epoch=139/200 g_loss=0.0165 d_loss=0.3304 reward=0.2089 reward_var=0.0029 unique=0.1600
D step=1/5 epoch=1/3 loss=0.3648 l2=0.2000 label_smoothing=0.000
D step=1/5 epoch=2/3 loss=0.3607 l2=0.2000 label_smoothing=0.000
D step=1/5 epoch=3/3 loss=0.3483 l2=0.2000 label_smoothing=0.000
D step=2/5 epoch=1/3 loss=0.2930 l2=0.2000 label_smoothing=0.000
D step=2/5 epoch=2/3 loss=0.2960 l2=0.2000 label_smoothing=0.000
D step=2/5 epoch=3/3 loss=0.3028 l2=0.2000 label_smoothing=0.000
D step=3/5 epoch=1/3 loss=0.3283 l2=0.2000 label_smoothing=0.000
D step=3/5 epoch=2/3 loss=0.3176 l2=0.2000 label_smoothing=0.000
D step=3/5 epoch=3/3 loss=0.3107 l2=0.2000 label_smoothing=0.000
D step=4/5 epoch=1/3 loss=0.3550 l2=0.2000 label_smoothing=0.000
D step=4/5 epoch=2/3 loss=0.3615 l2=0.2000 label_smoothing=0.000
D step=4/5 epoch=3/3 loss=0.3595 l2=0.2000 label_smoothing=0.000
D step=5/5 epoch=1/3 loss=0.3188 l2=0.2000 label_smoothing=0.000
D step=5/5 epoch=2/3 loss=0.3229 l2=0.2000 label_smoothing=0.000
D step=5/5 epoch=3/3 loss=0.3139 l2=0.2000 label_smoothing=0.000
ADV epoch=140/200 g_loss=0.0137 d_loss=0.3302 reward=0.2068 reward_var=0.0011 unique=0.1800
D step=1/5 epoch=1/3 loss=0.3458 l2=0.2000 label_smoothing=0.000
D step=1/5 epoch=2/3 loss=0.3408 l2=0.2000 label_smoothing=0.000
D step=1/5 epoch=3/3 loss=0.3385 l2=0.2000 label_smoothing=0.000
D step=2/5 epoch=1/3 loss=0.2679 l2=0.2000 label_smoothing=0.000
D step=2/5 epoch=2/3 loss=0.2638 l2=0.2000 label_smoothing=0.000
D step=2/5 epoch=3/3 loss=0.2583 l2=0.2000 label_smoothing=0.000
D step=3/5 epoch=1/3 loss=0.3459 l2=0.2000 label_smoothing=0.000
D step=3/5 epoch=2/3 loss=0.3449 l2=0.2000 label_smoothing=0.000
D step=3/5 epoch=3/3 loss=0.3425 l2=0.2000 label_smoothing=0.000
D step=4/5 epoch=1/3 loss=0.3274 l2=0.2000 label_smoothing=0.000
D step=4/5 epoch=2/3 loss=0.3280 l2=0.2000 label_smoothing=0.000
D step=4/5 epoch=3/3 loss=0.3269 l2=0.2000 label_smoothing=0.000
D step=5/5 epoch=1/3 loss=0.3157 l2=0.2000 label_smoothing=0.000
D step=5/5 epoch=2/3 loss=0.3126 l2=0.2000 label_smoothing=0.000
D step=5/5 epoch=3/3 loss=0.3085 l2=0.2000 label_smoothing=0.000
ADV epoch=141/200 g_loss=0.0178 d_loss=0.3178 reward=0.2481 reward_var=0.0017 unique=0.2000
D step=1/5 epoch=1/3 loss=0.3319 l2=0.2000 label_smoothing=0.000
D step=1/5 epoch=2/3 loss=0.3264 l2=0.2000 label_smoothing=0.000
D step=1/5 epoch=3/3 loss=0.3300 l2=0.2000 label_smoothing=0.000
D step=2/5 epoch=1/3 loss=0.2944 l2=0.2000 label_smoothing=0.000
D step=2/5 epoch=2/3 loss=0.2978 l2=0.2000 label_smoothing=0.000
D step=2/5 epoch=3/3 loss=0.2919 l2=0.2000 label_smoothing=0.000
D step=3/5 epoch=1/3 loss=0.3190 l2=0.2000 label_smoothing=0.000
D step=3/5 epoch=2/3 loss=0.3179 l2=0.2000 label_smoothing=0.000
D step=3/5 epoch=3/3 loss=0.3135 l2=0.2000 label_smoothing=0.000
D step=4/5 epoch=1/3 loss=0.3998 l2=0.2000 label_smoothing=0.000
D step=4/5 epoch=2/3 loss=0.3449 l2=0.2000 label_smoothing=0.000
D step=4/5 epoch=3/3 loss=0.3112 l2=0.2000 label_smoothing=0.000
D step=5/5 epoch=1/3 loss=0.3259 l2=0.2000 label_smoothing=0.000
D step=5/5 epoch=2/3 loss=0.3411 l2=0.2000 label_smoothing=0.000
D step=5/5 epoch=3/3 loss=0.3291 l2=0.2000 label_smoothing=0.000
ADV epoch=142/200 g_loss=0.0166 d_loss=0.3250 reward=0.2299 reward_var=0.0007 unique=0.1800
D step=1/5 epoch=1/3 loss=0.3430 l2=0.2000 label_smoothing=0.000
D step=1/5 epoch=2/3 loss=0.3195 l2=0.2000 label_smoothing=0.000
D step=1/5 epoch=3/3 loss=0.3117 l2=0.2000 label_smoothing=0.000
D step=2/5 epoch=1/3 loss=0.3484 l2=0.2000 label_smoothing=0.000
D step=2/5 epoch=2/3 loss=0.3406 l2=0.2000 label_smoothing=0.000
D step=2/5 epoch=3/3 loss=0.3401 l2=0.2000 label_smoothing=0.000
D step=3/5 epoch=1/3 loss=0.3490 l2=0.2000 label_smoothing=0.000
D step=3/5 epoch=2/3 loss=0.3419 l2=0.2000 label_smoothing=0.000
D step=3/5 epoch=3/3 loss=0.3407 l2=0.2000 label_smoothing=0.000
D step=4/5 epoch=1/3 loss=0.3041 l2=0.2000 label_smoothing=0.000
D step=4/5 epoch=2/3 loss=0.2994 l2=0.2000 label_smoothing=0.000
D step=4/5 epoch=3/3 loss=0.2944 l2=0.2000 label_smoothing=0.000
D step=5/5 epoch=1/3 loss=0.3508 l2=0.2000 label_smoothing=0.000
D step=5/5 epoch=2/3 loss=0.3492 l2=0.2000 label_smoothing=0.000
D step=5/5 epoch=3/3 loss=0.3435 l2=0.2000 label_smoothing=0.000
ADV epoch=143/200 g_loss=0.0148 d_loss=0.3317 reward=0.1979 reward_var=0.0036 unique=0.1200
D step=1/5 epoch=1/3 loss=0.3181 l2=0.2000 label_smoothing=0.000
D step=1/5 epoch=2/3 loss=0.3100 l2=0.2000 label_smoothing=0.000
D step=1/5 epoch=3/3 loss=0.3132 l2=0.2000 label_smoothing=0.000
D step=2/5 epoch=1/3 loss=0.3704 l2=0.2000 label_smoothing=0.000
D step=2/5 epoch=2/3 loss=0.3776 l2=0.2000 label_smoothing=0.000
D step=2/5 epoch=3/3 loss=0.3612 l2=0.2000 label_smoothing=0.000
D step=3/5 epoch=1/3 loss=0.3480 l2=0.2000 label_smoothing=0.000
D step=3/5 epoch=2/3 loss=0.3479 l2=0.2000 label_smoothing=0.000
D step=3/5 epoch=3/3 loss=0.3438 l2=0.2000 label_smoothing=0.000
D step=4/5 epoch=1/3 loss=0.3425 l2=0.2000 label_smoothing=0.000
D step=4/5 epoch=2/3 loss=0.3397 l2=0.2000 label_smoothing=0.000
D step=4/5 epoch=3/3 loss=0.3400 l2=0.2000 label_smoothing=0.000
D step=5/5 epoch=1/3 loss=0.3315 l2=0.2000 label_smoothing=0.000
D step=5/5 epoch=2/3 loss=0.3329 l2=0.2000 label_smoothing=0.000
D step=5/5 epoch=3/3 loss=0.3250 l2=0.2000 label_smoothing=0.000
ADV epoch=144/200 g_loss=0.0268 d_loss=0.3401 reward=0.2299 reward_var=0.0265 unique=0.1000
D step=1/5 epoch=1/3 loss=0.3489 l2=0.2000 label_smoothing=0.000
D step=1/5 epoch=2/3 loss=0.3433 l2=0.2000 label_smoothing=0.000
D step=1/5 epoch=3/3 loss=0.3387 l2=0.2000 label_smoothing=0.000
D step=2/5 epoch=1/3 loss=0.4013 l2=0.2000 label_smoothing=0.000
D step=2/5 epoch=2/3 loss=0.3774 l2=0.2000 label_smoothing=0.000
D step=2/5 epoch=3/3 loss=0.3636 l2=0.2000 label_smoothing=0.000
D step=3/5 epoch=1/3 loss=0.2987 l2=0.2000 label_smoothing=0.000
D step=3/5 epoch=2/3 loss=0.3090 l2=0.2000 label_smoothing=0.000
D step=3/5 epoch=3/3 loss=0.2983 l2=0.2000 label_smoothing=0.000
D step=4/5 epoch=1/3 loss=0.3431 l2=0.2000 label_smoothing=0.000
D step=4/5 epoch=2/3 loss=0.3427 l2=0.2000 label_smoothing=0.000
D step=4/5 epoch=3/3 loss=0.3397 l2=0.2000 label_smoothing=0.000
D step=5/5 epoch=1/3 loss=0.3185 l2=0.2000 label_smoothing=0.000
D step=5/5 epoch=2/3 loss=0.3164 l2=0.2000 label_smoothing=0.000
D step=5/5 epoch=3/3 loss=0.3148 l2=0.2000 label_smoothing=0.000
ADV epoch=145/200 g_loss=0.0134 d_loss=0.3370 reward=0.1930 reward_var=0.0028 unique=0.2200
D step=1/5 epoch=1/3 loss=0.3182 l2=0.2000 label_smoothing=0.000
D step=1/5 epoch=2/3 loss=0.3088 l2=0.2000 label_smoothing=0.000
D step=1/5 epoch=3/3 loss=0.3041 l2=0.2000 label_smoothing=0.000
D step=2/5 epoch=1/3 loss=0.3467 l2=0.2000 label_smoothing=0.000
D step=2/5 epoch=2/3 loss=0.3378 l2=0.2000 label_smoothing=0.000
D step=2/5 epoch=3/3 loss=0.3362 l2=0.2000 label_smoothing=0.000
D step=3/5 epoch=1/3 loss=0.2748 l2=0.2000 label_smoothing=0.000
D step=3/5 epoch=2/3 loss=0.2735 l2=0.2000 label_smoothing=0.000
D step=3/5 epoch=3/3 loss=0.2706 l2=0.2000 label_smoothing=0.000
D step=4/5 epoch=1/3 loss=0.3273 l2=0.2000 label_smoothing=0.000
D step=4/5 epoch=2/3 loss=0.3250 l2=0.2000 label_smoothing=0.000
D step=4/5 epoch=3/3 loss=0.3311 l2=0.2000 label_smoothing=0.000
D step=5/5 epoch=1/3 loss=0.3513 l2=0.2000 label_smoothing=0.000
D step=5/5 epoch=2/3 loss=0.3521 l2=0.2000 label_smoothing=0.000
D step=5/5 epoch=3/3 loss=0.3516 l2=0.2000 label_smoothing=0.000
ADV epoch=146/200 g_loss=0.0151 d_loss=0.3206 reward=0.2310 reward_var=0.0017 unique=0.1400
D step=1/5 epoch=1/3 loss=0.3942 l2=0.2000 label_smoothing=0.000
D step=1/5 epoch=2/3 loss=0.3756 l2=0.2000 label_smoothing=0.000
D step=1/5 epoch=3/3 loss=0.3574 l2=0.2000 label_smoothing=0.000
D step=2/5 epoch=1/3 loss=0.3029 l2=0.2000 label_smoothing=0.000
D step=2/5 epoch=2/3 loss=0.2986 l2=0.2000 label_smoothing=0.000
D step=2/5 epoch=3/3 loss=0.2977 l2=0.2000 label_smoothing=0.000
D step=3/5 epoch=1/3 loss=0.3649 l2=0.2000 label_smoothing=0.000
D step=3/5 epoch=2/3 loss=0.3559 l2=0.2000 label_smoothing=0.000
D step=3/5 epoch=3/3 loss=0.3417 l2=0.2000 label_smoothing=0.000
D step=4/5 epoch=1/3 loss=0.3187 l2=0.2000 label_smoothing=0.000
D step=4/5 epoch=2/3 loss=0.3190 l2=0.2000 label_smoothing=0.000
D step=4/5 epoch=3/3 loss=0.3138 l2=0.2000 label_smoothing=0.000
D step=5/5 epoch=1/3 loss=0.3072 l2=0.2000 label_smoothing=0.000
D step=5/5 epoch=2/3 loss=0.3038 l2=0.2000 label_smoothing=0.000
D step=5/5 epoch=3/3 loss=0.3073 l2=0.2000 label_smoothing=0.000
ADV epoch=147/200 g_loss=0.0176 d_loss=0.3306 reward=0.2210 reward_var=0.0046 unique=0.1400
D step=1/5 epoch=1/3 loss=0.3251 l2=0.2000 label_smoothing=0.000
D step=1/5 epoch=2/3 loss=0.3266 l2=0.2000 label_smoothing=0.000
D step=1/5 epoch=3/3 loss=0.3224 l2=0.2000 label_smoothing=0.000
D step=2/5 epoch=1/3 loss=0.3182 l2=0.2000 label_smoothing=0.000
D step=2/5 epoch=2/3 loss=0.3260 l2=0.2000 label_smoothing=0.000
D step=2/5 epoch=3/3 loss=0.3204 l2=0.2000 label_smoothing=0.000
D step=3/5 epoch=1/3 loss=0.3215 l2=0.2000 label_smoothing=0.000
D step=3/5 epoch=2/3 loss=0.3212 l2=0.2000 label_smoothing=0.000
D step=3/5 epoch=3/3 loss=0.3218 l2=0.2000 label_smoothing=0.000
D step=4/5 epoch=1/3 loss=0.3943 l2=0.2000 label_smoothing=0.000
D step=4/5 epoch=2/3 loss=0.3847 l2=0.2000 label_smoothing=0.000
D step=4/5 epoch=3/3 loss=0.3717 l2=0.2000 label_smoothing=0.000
D step=5/5 epoch=1/3 loss=0.3834 l2=0.2000 label_smoothing=0.000
D step=5/5 epoch=2/3 loss=0.3516 l2=0.2000 label_smoothing=0.000
D step=5/5 epoch=3/3 loss=0.3514 l2=0.2000 label_smoothing=0.000
ADV epoch=148/200 g_loss=0.0166 d_loss=0.3427 reward=0.2223 reward_var=0.0017 unique=0.1200
D step=1/5 epoch=1/3 loss=0.3094 l2=0.2000 label_smoothing=0.000
D step=1/5 epoch=2/3 loss=0.2952 l2=0.2000 label_smoothing=0.000
D step=1/5 epoch=3/3 loss=0.2890 l2=0.2000 label_smoothing=0.000
D step=2/5 epoch=1/3 loss=0.3222 l2=0.2000 label_smoothing=0.000
D step=2/5 epoch=2/3 loss=0.3216 l2=0.2000 label_smoothing=0.000
D step=2/5 epoch=3/3 loss=0.3192 l2=0.2000 label_smoothing=0.000
D step=3/5 epoch=1/3 loss=0.4245 l2=0.2000 label_smoothing=0.000
D step=3/5 epoch=2/3 loss=0.4283 l2=0.2000 label_smoothing=0.000
D step=3/5 epoch=3/3 loss=0.3889 l2=0.2000 label_smoothing=0.000
D step=4/5 epoch=1/3 loss=0.3238 l2=0.2000 label_smoothing=0.000
D step=4/5 epoch=2/3 loss=0.3292 l2=0.2000 label_smoothing=0.000
D step=4/5 epoch=3/3 loss=0.3248 l2=0.2000 label_smoothing=0.000
D step=5/5 epoch=1/3 loss=0.3462 l2=0.2000 label_smoothing=0.000
D step=5/5 epoch=2/3 loss=0.3379 l2=0.2000 label_smoothing=0.000
D step=5/5 epoch=3/3 loss=0.3423 l2=0.2000 label_smoothing=0.000
ADV epoch=149/200 g_loss=0.0152 d_loss=0.3402 reward=0.2099 reward_var=0.0006 unique=0.1800
D step=1/5 epoch=1/3 loss=0.3652 l2=0.2000 label_smoothing=0.000
D step=1/5 epoch=2/3 loss=0.3528 l2=0.2000 label_smoothing=0.000
D step=1/5 epoch=3/3 loss=0.3557 l2=0.2000 label_smoothing=0.000
D step=2/5 epoch=1/3 loss=0.3286 l2=0.2000 label_smoothing=0.000
D step=2/5 epoch=2/3 loss=0.3228 l2=0.2000 label_smoothing=0.000
D step=2/5 epoch=3/3 loss=0.3193 l2=0.2000 label_smoothing=0.000
D step=3/5 epoch=1/3 loss=0.3404 l2=0.2000 label_smoothing=0.000
D step=3/5 epoch=2/3 loss=0.3455 l2=0.2000 label_smoothing=0.000
D step=3/5 epoch=3/3 loss=0.3426 l2=0.2000 label_smoothing=0.000
D step=4/5 epoch=1/3 loss=0.3096 l2=0.2000 label_smoothing=0.000
D step=4/5 epoch=2/3 loss=0.3129 l2=0.2000 label_smoothing=0.000
D step=4/5 epoch=3/3 loss=0.3023 l2=0.2000 label_smoothing=0.000
D step=5/5 epoch=1/3 loss=0.3200 l2=0.2000 label_smoothing=0.000
D step=5/5 epoch=2/3 loss=0.3196 l2=0.2000 label_smoothing=0.000
D step=5/5 epoch=3/3 loss=0.3186 l2=0.2000 label_smoothing=0.000
ADV epoch=150/200 g_loss=0.0204 d_loss=0.3304 reward=0.2430 reward_var=0.0018 unique=0.1200
D step=1/5 epoch=1/3 loss=0.3265 l2=0.2000 label_smoothing=0.000
D step=1/5 epoch=2/3 loss=0.3163 l2=0.2000 label_smoothing=0.000
D step=1/5 epoch=3/3 loss=0.3192 l2=0.2000 label_smoothing=0.000
D step=2/5 epoch=1/3 loss=0.3567 l2=0.2000 label_smoothing=0.000
D step=2/5 epoch=2/3 loss=0.3608 l2=0.2000 label_smoothing=0.000
D step=2/5 epoch=3/3 loss=0.3467 l2=0.2000 label_smoothing=0.000
D step=3/5 epoch=1/3 loss=0.3411 l2=0.2000 label_smoothing=0.000
D step=3/5 epoch=2/3 loss=0.3436 l2=0.2000 label_smoothing=0.000
D step=3/5 epoch=3/3 loss=0.3424 l2=0.2000 label_smoothing=0.000
D step=4/5 epoch=1/3 loss=0.3484 l2=0.2000 label_smoothing=0.000
D step=4/5 epoch=2/3 loss=0.3447 l2=0.2000 label_smoothing=0.000
D step=4/5 epoch=3/3 loss=0.3363 l2=0.2000 label_smoothing=0.000
D step=5/5 epoch=1/3 loss=0.3516 l2=0.2000 label_smoothing=0.000
D step=5/5 epoch=2/3 loss=0.3447 l2=0.2000 label_smoothing=0.000
D step=5/5 epoch=3/3 loss=0.3472 l2=0.2000 label_smoothing=0.000
ADV epoch=151/200 g_loss=0.0163 d_loss=0.3418 reward=0.2129 reward_var=0.0026 unique=0.1600
D step=1/5 epoch=1/3 loss=0.3188 l2=0.2000 label_smoothing=0.000
D step=1/5 epoch=2/3 loss=0.3148 l2=0.2000 label_smoothing=0.000
D step=1/5 epoch=3/3 loss=0.3181 l2=0.2000 label_smoothing=0.000
D step=2/5 epoch=1/3 loss=0.2867 l2=0.2000 label_smoothing=0.000
D step=2/5 epoch=2/3 loss=0.2896 l2=0.2000 label_smoothing=0.000
D step=2/5 epoch=3/3 loss=0.2883 l2=0.2000 label_smoothing=0.000
D step=3/5 epoch=1/3 loss=0.4066 l2=0.2000 label_smoothing=0.000
D step=3/5 epoch=2/3 loss=0.3876 l2=0.2000 label_smoothing=0.000
D step=3/5 epoch=3/3 loss=0.3768 l2=0.2000 label_smoothing=0.000
D step=4/5 epoch=1/3 loss=0.2927 l2=0.2000 label_smoothing=0.000
D step=4/5 epoch=2/3 loss=0.2921 l2=0.2000 label_smoothing=0.000
D step=4/5 epoch=3/3 loss=0.2917 l2=0.2000 label_smoothing=0.000
D step=5/5 epoch=1/3 loss=0.3083 l2=0.2000 label_smoothing=0.000
D step=5/5 epoch=2/3 loss=0.3077 l2=0.2000 label_smoothing=0.000
D step=5/5 epoch=3/3 loss=0.3104 l2=0.2000 label_smoothing=0.000
ADV epoch=152/200 g_loss=0.0189 d_loss=0.3193 reward=0.2170 reward_var=0.0121 unique=0.1400
D step=1/5 epoch=1/3 loss=0.3425 l2=0.2000 label_smoothing=0.000
D step=1/5 epoch=2/3 loss=0.3326 l2=0.2000 label_smoothing=0.000
D step=1/5 epoch=3/3 loss=0.3254 l2=0.2000 label_smoothing=0.000
D step=2/5 epoch=1/3 loss=0.3430 l2=0.2000 label_smoothing=0.000
D step=2/5 epoch=2/3 loss=0.3417 l2=0.2000 label_smoothing=0.000
D step=2/5 epoch=3/3 loss=0.3386 l2=0.2000 label_smoothing=0.000
D step=3/5 epoch=1/3 loss=0.3293 l2=0.2000 label_smoothing=0.000
D step=3/5 epoch=2/3 loss=0.3333 l2=0.2000 label_smoothing=0.000
D step=3/5 epoch=3/3 loss=0.3226 l2=0.2000 label_smoothing=0.000
D step=4/5 epoch=1/3 loss=0.3315 l2=0.2000 label_smoothing=0.000
D step=4/5 epoch=2/3 loss=0.3272 l2=0.2000 label_smoothing=0.000
D step=4/5 epoch=3/3 loss=0.3220 l2=0.2000 label_smoothing=0.000
D step=5/5 epoch=1/3 loss=0.3071 l2=0.2000 label_smoothing=0.000
D step=5/5 epoch=2/3 loss=0.3053 l2=0.2000 label_smoothing=0.000
D step=5/5 epoch=3/3 loss=0.3081 l2=0.2000 label_smoothing=0.000
ADV epoch=153/200 g_loss=0.0164 d_loss=0.3273 reward=0.1942 reward_var=0.0108 unique=0.1400
D step=1/5 epoch=1/3 loss=0.3413 l2=0.2000 label_smoothing=0.000
D step=1/5 epoch=2/3 loss=0.3337 l2=0.2000 label_smoothing=0.000
D step=1/5 epoch=3/3 loss=0.3277 l2=0.2000 label_smoothing=0.000
D step=2/5 epoch=1/3 loss=0.3292 l2=0.2000 label_smoothing=0.000
D step=2/5 epoch=2/3 loss=0.3284 l2=0.2000 label_smoothing=0.000
D step=2/5 epoch=3/3 loss=0.3271 l2=0.2000 label_smoothing=0.000
D step=3/5 epoch=1/3 loss=0.3658 l2=0.2000 label_smoothing=0.000
D step=3/5 epoch=2/3 loss=0.3397 l2=0.2000 label_smoothing=0.000
D step=3/5 epoch=3/3 loss=0.3420 l2=0.2000 label_smoothing=0.000
D step=4/5 epoch=1/3 loss=0.3249 l2=0.2000 label_smoothing=0.000
D step=4/5 epoch=2/3 loss=0.3309 l2=0.2000 label_smoothing=0.000
D step=4/5 epoch=3/3 loss=0.3212 l2=0.2000 label_smoothing=0.000
D step=5/5 epoch=1/3 loss=0.3190 l2=0.2000 label_smoothing=0.000
D step=5/5 epoch=2/3 loss=0.3195 l2=0.2000 label_smoothing=0.000
D step=5/5 epoch=3/3 loss=0.3151 l2=0.2000 label_smoothing=0.000
ADV epoch=154/200 g_loss=0.0143 d_loss=0.3310 reward=0.2098 reward_var=0.0067 unique=0.1600
D step=1/5 epoch=1/3 loss=0.2826 l2=0.2000 label_smoothing=0.000
D step=1/5 epoch=2/3 loss=0.2711 l2=0.2000 label_smoothing=0.000
D step=1/5 epoch=3/3 loss=0.2647 l2=0.2000 label_smoothing=0.000
D step=2/5 epoch=1/3 loss=0.3296 l2=0.2000 label_smoothing=0.000
D step=2/5 epoch=2/3 loss=0.3240 l2=0.2000 label_smoothing=0.000
D step=2/5 epoch=3/3 loss=0.3195 l2=0.2000 label_smoothing=0.000
D step=3/5 epoch=1/3 loss=0.3416 l2=0.2000 label_smoothing=0.000
D step=3/5 epoch=2/3 loss=0.3381 l2=0.2000 label_smoothing=0.000
D step=3/5 epoch=3/3 loss=0.3367 l2=0.2000 label_smoothing=0.000
D step=4/5 epoch=1/3 loss=0.3621 l2=0.2000 label_smoothing=0.000
D step=4/5 epoch=2/3 loss=0.3397 l2=0.2000 label_smoothing=0.000
D step=4/5 epoch=3/3 loss=0.3204 l2=0.2000 label_smoothing=0.000
D step=5/5 epoch=1/3 loss=0.3301 l2=0.2000 label_smoothing=0.000
D step=5/5 epoch=2/3 loss=0.3201 l2=0.2000 label_smoothing=0.000
D step=5/5 epoch=3/3 loss=0.3157 l2=0.2000 label_smoothing=0.000
ADV epoch=155/200 g_loss=0.0203 d_loss=0.3197 reward=0.2308 reward_var=0.0109 unique=0.1400
D step=1/5 epoch=1/3 loss=0.3598 l2=0.2000 label_smoothing=0.000
D step=1/5 epoch=2/3 loss=0.3511 l2=0.2000 label_smoothing=0.000
D step=1/5 epoch=3/3 loss=0.3462 l2=0.2000 label_smoothing=0.000
D step=2/5 epoch=1/3 loss=0.3550 l2=0.2000 label_smoothing=0.000
D step=2/5 epoch=2/3 loss=0.3483 l2=0.2000 label_smoothing=0.000
D step=2/5 epoch=3/3 loss=0.3500 l2=0.2000 label_smoothing=0.000
D step=3/5 epoch=1/3 loss=0.3214 l2=0.2000 label_smoothing=0.000
D step=3/5 epoch=2/3 loss=0.3222 l2=0.2000 label_smoothing=0.000
D step=3/5 epoch=3/3 loss=0.3186 l2=0.2000 label_smoothing=0.000
D step=4/5 epoch=1/3 loss=0.3329 l2=0.2000 label_smoothing=0.000
D step=4/5 epoch=2/3 loss=0.3324 l2=0.2000 label_smoothing=0.000
D step=4/5 epoch=3/3 loss=0.3275 l2=0.2000 label_smoothing=0.000
D step=5/5 epoch=1/3 loss=0.3658 l2=0.2000 label_smoothing=0.000
D step=5/5 epoch=2/3 loss=0.3486 l2=0.2000 label_smoothing=0.000
D step=5/5 epoch=3/3 loss=0.3279 l2=0.2000 label_smoothing=0.000
ADV epoch=156/200 g_loss=0.0132 d_loss=0.3405 reward=0.1921 reward_var=0.0033 unique=0.2000
D step=1/5 epoch=1/3 loss=0.3714 l2=0.2000 label_smoothing=0.000
D step=1/5 epoch=2/3 loss=0.3616 l2=0.2000 label_smoothing=0.000
D step=1/5 epoch=3/3 loss=0.3428 l2=0.2000 label_smoothing=0.000
D step=2/5 epoch=1/3 loss=0.3338 l2=0.2000 label_smoothing=0.000
D step=2/5 epoch=2/3 loss=0.3479 l2=0.2000 label_smoothing=0.000
D step=2/5 epoch=3/3 loss=0.3370 l2=0.2000 label_smoothing=0.000
D step=3/5 epoch=1/3 loss=0.3556 l2=0.2000 label_smoothing=0.000
D step=3/5 epoch=2/3 loss=0.3567 l2=0.2000 label_smoothing=0.000
D step=3/5 epoch=3/3 loss=0.3538 l2=0.2000 label_smoothing=0.000
D step=4/5 epoch=1/3 loss=0.3211 l2=0.2000 label_smoothing=0.000
D step=4/5 epoch=2/3 loss=0.3261 l2=0.2000 label_smoothing=0.000
D step=4/5 epoch=3/3 loss=0.3184 l2=0.2000 label_smoothing=0.000
D step=5/5 epoch=1/3 loss=0.3465 l2=0.2000 label_smoothing=0.000
D step=5/5 epoch=2/3 loss=0.3346 l2=0.2000 label_smoothing=0.000
D step=5/5 epoch=3/3 loss=0.3316 l2=0.2000 label_smoothing=0.000
ADV epoch=157/200 g_loss=0.0231 d_loss=0.3426 reward=0.2134 reward_var=0.0106 unique=0.2800
D step=1/5 epoch=1/3 loss=0.3164 l2=0.2000 label_smoothing=0.000
D step=1/5 epoch=2/3 loss=0.3154 l2=0.2000 label_smoothing=0.000
D step=1/5 epoch=3/3 loss=0.3096 l2=0.2000 label_smoothing=0.000
D step=2/5 epoch=1/3 loss=0.3593 l2=0.2000 label_smoothing=0.000
D step=2/5 epoch=2/3 loss=0.3476 l2=0.2000 label_smoothing=0.000
D step=2/5 epoch=3/3 loss=0.3366 l2=0.2000 label_smoothing=0.000
D step=3/5 epoch=1/3 loss=0.3166 l2=0.2000 label_smoothing=0.000
D step=3/5 epoch=2/3 loss=0.3225 l2=0.2000 label_smoothing=0.000
D step=3/5 epoch=3/3 loss=0.3232 l2=0.2000 label_smoothing=0.000
D step=4/5 epoch=1/3 loss=0.3220 l2=0.2000 label_smoothing=0.000
D step=4/5 epoch=2/3 loss=0.3206 l2=0.2000 label_smoothing=0.000
D step=4/5 epoch=3/3 loss=0.3164 l2=0.2000 label_smoothing=0.000
D step=5/5 epoch=1/3 loss=0.2706 l2=0.2000 label_smoothing=0.000
D step=5/5 epoch=2/3 loss=0.2647 l2=0.2000 label_smoothing=0.000
D step=5/5 epoch=3/3 loss=0.2696 l2=0.2000 label_smoothing=0.000
ADV epoch=158/200 g_loss=0.0188 d_loss=0.3141 reward=0.2260 reward_var=0.0079 unique=0.1400
D step=1/5 epoch=1/3 loss=0.3268 l2=0.2000 label_smoothing=0.000
D step=1/5 epoch=2/3 loss=0.3255 l2=0.2000 label_smoothing=0.000
D step=1/5 epoch=3/3 loss=0.3282 l2=0.2000 label_smoothing=0.000
D step=2/5 epoch=1/3 loss=0.3212 l2=0.2000 label_smoothing=0.000
D step=2/5 epoch=2/3 loss=0.3129 l2=0.2000 label_smoothing=0.000
D step=2/5 epoch=3/3 loss=0.3010 l2=0.2000 label_smoothing=0.000
D step=3/5 epoch=1/3 loss=0.2965 l2=0.2000 label_smoothing=0.000
D step=3/5 epoch=2/3 loss=0.2883 l2=0.2000 label_smoothing=0.000
D step=3/5 epoch=3/3 loss=0.2806 l2=0.2000 label_smoothing=0.000
D step=4/5 epoch=1/3 loss=0.3788 l2=0.2000 label_smoothing=0.000
D step=4/5 epoch=2/3 loss=0.3684 l2=0.2000 label_smoothing=0.000
D step=4/5 epoch=3/3 loss=0.3558 l2=0.2000 label_smoothing=0.000
D step=5/5 epoch=1/3 loss=0.3288 l2=0.2000 label_smoothing=0.000
D step=5/5 epoch=2/3 loss=0.3234 l2=0.2000 label_smoothing=0.000
D step=5/5 epoch=3/3 loss=0.3218 l2=0.2000 label_smoothing=0.000
ADV epoch=159/200 g_loss=0.0159 d_loss=0.3239 reward=0.2018 reward_var=0.0092 unique=0.2400
D step=1/5 epoch=1/3 loss=0.3181 l2=0.2000 label_smoothing=0.000
D step=1/5 epoch=2/3 loss=0.3110 l2=0.2000 label_smoothing=0.000
D step=1/5 epoch=3/3 loss=0.3067 l2=0.2000 label_smoothing=0.000
D step=2/5 epoch=1/3 loss=0.3273 l2=0.2000 label_smoothing=0.000
D step=2/5 epoch=2/3 loss=0.3188 l2=0.2000 label_smoothing=0.000
D step=2/5 epoch=3/3 loss=0.3110 l2=0.2000 label_smoothing=0.000
D step=3/5 epoch=1/3 loss=0.3054 l2=0.2000 label_smoothing=0.000
D step=3/5 epoch=2/3 loss=0.2960 l2=0.2000 label_smoothing=0.000
D step=3/5 epoch=3/3 loss=0.2978 l2=0.2000 label_smoothing=0.000
D step=4/5 epoch=1/3 loss=0.3553 l2=0.2000 label_smoothing=0.000
D step=4/5 epoch=2/3 loss=0.3468 l2=0.2000 label_smoothing=0.000
D step=4/5 epoch=3/3 loss=0.3451 l2=0.2000 label_smoothing=0.000
D step=5/5 epoch=1/3 loss=0.3218 l2=0.2000 label_smoothing=0.000
D step=5/5 epoch=2/3 loss=0.3256 l2=0.2000 label_smoothing=0.000
D step=5/5 epoch=3/3 loss=0.3237 l2=0.2000 label_smoothing=0.000
ADV epoch=160/200 g_loss=0.0158 d_loss=0.3207 reward=0.2322 reward_var=0.0038 unique=0.1800
D step=1/5 epoch=1/3 loss=0.3213 l2=0.2000 label_smoothing=0.000
D step=1/5 epoch=2/3 loss=0.3168 l2=0.2000 label_smoothing=0.000
D step=1/5 epoch=3/3 loss=0.3133 l2=0.2000 label_smoothing=0.000
D step=2/5 epoch=1/3 loss=0.3179 l2=0.2000 label_smoothing=0.000
D step=2/5 epoch=2/3 loss=0.3124 l2=0.2000 label_smoothing=0.000
D step=2/5 epoch=3/3 loss=0.3015 l2=0.2000 label_smoothing=0.000
D step=3/5 epoch=1/3 loss=0.3471 l2=0.2000 label_smoothing=0.000
D step=3/5 epoch=2/3 loss=0.3587 l2=0.2000 label_smoothing=0.000
D step=3/5 epoch=3/3 loss=0.3433 l2=0.2000 label_smoothing=0.000
D step=4/5 epoch=1/3 loss=0.3322 l2=0.2000 label_smoothing=0.000
D step=4/5 epoch=2/3 loss=0.3320 l2=0.2000 label_smoothing=0.000
D step=4/5 epoch=3/3 loss=0.3285 l2=0.2000 label_smoothing=0.000
D step=5/5 epoch=1/3 loss=0.3299 l2=0.2000 label_smoothing=0.000
D step=5/5 epoch=2/3 loss=0.3263 l2=0.2000 label_smoothing=0.000
D step=5/5 epoch=3/3 loss=0.3292 l2=0.2000 label_smoothing=0.000
ADV epoch=161/200 g_loss=0.0197 d_loss=0.3274 reward=0.2178 reward_var=0.0063 unique=0.1600
D step=1/5 epoch=1/3 loss=0.3103 l2=0.2000 label_smoothing=0.000
D step=1/5 epoch=2/3 loss=0.3107 l2=0.2000 label_smoothing=0.000
D step=1/5 epoch=3/3 loss=0.3037 l2=0.2000 label_smoothing=0.000
D step=2/5 epoch=1/3 loss=0.2776 l2=0.2000 label_smoothing=0.000
D step=2/5 epoch=2/3 loss=0.2687 l2=0.2000 label_smoothing=0.000
D step=2/5 epoch=3/3 loss=0.2689 l2=0.2000 label_smoothing=0.000
D step=3/5 epoch=1/3 loss=0.3155 l2=0.2000 label_smoothing=0.000
D step=3/5 epoch=2/3 loss=0.3095 l2=0.2000 label_smoothing=0.000
D step=3/5 epoch=3/3 loss=0.3169 l2=0.2000 label_smoothing=0.000
D step=4/5 epoch=1/3 loss=0.3861 l2=0.2000 label_smoothing=0.000
D step=4/5 epoch=2/3 loss=0.3753 l2=0.2000 label_smoothing=0.000
D step=4/5 epoch=3/3 loss=0.3598 l2=0.2000 label_smoothing=0.000
D step=5/5 epoch=1/3 loss=0.3461 l2=0.2000 label_smoothing=0.000
D step=5/5 epoch=2/3 loss=0.3372 l2=0.2000 label_smoothing=0.000
D step=5/5 epoch=3/3 loss=0.3294 l2=0.2000 label_smoothing=0.000
ADV epoch=162/200 g_loss=0.0206 d_loss=0.3210 reward=0.2295 reward_var=0.0059 unique=0.1400
D step=1/5 epoch=1/3 loss=0.3805 l2=0.2000 label_smoothing=0.000
D step=1/5 epoch=2/3 loss=0.3608 l2=0.2000 label_smoothing=0.000
D step=1/5 epoch=3/3 loss=0.3596 l2=0.2000 label_smoothing=0.000
D step=2/5 epoch=1/3 loss=0.3476 l2=0.2000 label_smoothing=0.000
D step=2/5 epoch=2/3 loss=0.3490 l2=0.2000 label_smoothing=0.000
D step=2/5 epoch=3/3 loss=0.3464 l2=0.2000 label_smoothing=0.000
D step=3/5 epoch=1/3 loss=0.3203 l2=0.2000 label_smoothing=0.000
D step=3/5 epoch=2/3 loss=0.3137 l2=0.2000 label_smoothing=0.000
D step=3/5 epoch=3/3 loss=0.3076 l2=0.2000 label_smoothing=0.000
D step=4/5 epoch=1/3 loss=0.3095 l2=0.2000 label_smoothing=0.000
D step=4/5 epoch=2/3 loss=0.3017 l2=0.2000 label_smoothing=0.000
D step=4/5 epoch=3/3 loss=0.3099 l2=0.2000 label_smoothing=0.000
D step=5/5 epoch=1/3 loss=0.3528 l2=0.2000 label_smoothing=0.000
D step=5/5 epoch=2/3 loss=0.3496 l2=0.2000 label_smoothing=0.000
D step=5/5 epoch=3/3 loss=0.3488 l2=0.2000 label_smoothing=0.000
ADV epoch=163/200 g_loss=0.0132 d_loss=0.3372 reward=0.2084 reward_var=0.0022 unique=0.1600
D step=1/5 epoch=1/3 loss=0.3922 l2=0.2000 label_smoothing=0.000
D step=1/5 epoch=2/3 loss=0.3342 l2=0.2000 label_smoothing=0.000
D step=1/5 epoch=3/3 loss=0.3342 l2=0.2000 label_smoothing=0.000
D step=2/5 epoch=1/3 loss=0.3395 l2=0.2000 label_smoothing=0.000
D step=2/5 epoch=2/3 loss=0.3377 l2=0.2000 label_smoothing=0.000
D step=2/5 epoch=3/3 loss=0.3342 l2=0.2000 label_smoothing=0.000
D step=3/5 epoch=1/3 loss=0.2992 l2=0.2000 label_smoothing=0.000
D step=3/5 epoch=2/3 loss=0.3058 l2=0.2000 label_smoothing=0.000
D step=3/5 epoch=3/3 loss=0.2950 l2=0.2000 label_smoothing=0.000
D step=4/5 epoch=1/3 loss=0.3400 l2=0.2000 label_smoothing=0.000
D step=4/5 epoch=2/3 loss=0.3324 l2=0.2000 label_smoothing=0.000
D step=4/5 epoch=3/3 loss=0.3342 l2=0.2000 label_smoothing=0.000
D step=5/5 epoch=1/3 loss=0.3512 l2=0.2000 label_smoothing=0.000
D step=5/5 epoch=2/3 loss=0.3417 l2=0.2000 label_smoothing=0.000
D step=5/5 epoch=3/3 loss=0.3430 l2=0.2000 label_smoothing=0.000
ADV epoch=164/200 g_loss=0.0194 d_loss=0.3343 reward=0.2387 reward_var=0.0118 unique=0.1800
D step=1/5 epoch=1/3 loss=0.3550 l2=0.2000 label_smoothing=0.000
D step=1/5 epoch=2/3 loss=0.3455 l2=0.2000 label_smoothing=0.000
D step=1/5 epoch=3/3 loss=0.3411 l2=0.2000 label_smoothing=0.000
D step=2/5 epoch=1/3 loss=0.3387 l2=0.2000 label_smoothing=0.000
D step=2/5 epoch=2/3 loss=0.3455 l2=0.2000 label_smoothing=0.000
D step=2/5 epoch=3/3 loss=0.3339 l2=0.2000 label_smoothing=0.000
D step=3/5 epoch=1/3 loss=0.3300 l2=0.2000 label_smoothing=0.000
D step=3/5 epoch=2/3 loss=0.3167 l2=0.2000 label_smoothing=0.000
D step=3/5 epoch=3/3 loss=0.3084 l2=0.2000 label_smoothing=0.000
D step=4/5 epoch=1/3 loss=0.3102 l2=0.2000 label_smoothing=0.000
D step=4/5 epoch=2/3 loss=0.3031 l2=0.2000 label_smoothing=0.000
D step=4/5 epoch=3/3 loss=0.3072 l2=0.2000 label_smoothing=0.000
D step=5/5 epoch=1/3 loss=0.3323 l2=0.2000 label_smoothing=0.000
D step=5/5 epoch=2/3 loss=0.3207 l2=0.2000 label_smoothing=0.000
D step=5/5 epoch=3/3 loss=0.3219 l2=0.2000 label_smoothing=0.000
ADV epoch=165/200 g_loss=0.0152 d_loss=0.3273 reward=0.2213 reward_var=0.0019 unique=0.2200
D step=1/5 epoch=1/3 loss=0.3552 l2=0.2000 label_smoothing=0.000
D step=1/5 epoch=2/3 loss=0.3455 l2=0.2000 label_smoothing=0.000
D step=1/5 epoch=3/3 loss=0.3446 l2=0.2000 label_smoothing=0.000
D step=2/5 epoch=1/3 loss=0.2867 l2=0.2000 label_smoothing=0.000
D step=2/5 epoch=2/3 loss=0.2818 l2=0.2000 label_smoothing=0.000
D step=2/5 epoch=3/3 loss=0.2777 l2=0.2000 label_smoothing=0.000
D step=3/5 epoch=1/3 loss=0.2983 l2=0.2000 label_smoothing=0.000
D step=3/5 epoch=2/3 loss=0.2944 l2=0.2000 label_smoothing=0.000
D step=3/5 epoch=3/3 loss=0.2794 l2=0.2000 label_smoothing=0.000
D step=4/5 epoch=1/3 loss=0.3197 l2=0.2000 label_smoothing=0.000
D step=4/5 epoch=2/3 loss=0.3162 l2=0.2000 label_smoothing=0.000
D step=4/5 epoch=3/3 loss=0.3195 l2=0.2000 label_smoothing=0.000
D step=5/5 epoch=1/3 loss=0.3088 l2=0.2000 label_smoothing=0.000
D step=5/5 epoch=2/3 loss=0.3079 l2=0.2000 label_smoothing=0.000
D step=5/5 epoch=3/3 loss=0.3071 l2=0.2000 label_smoothing=0.000
ADV epoch=166/200 g_loss=0.0228 d_loss=0.3095 reward=0.2187 reward_var=0.0081 unique=0.1600
D step=1/5 epoch=1/3 loss=0.3094 l2=0.2000 label_smoothing=0.000
D step=1/5 epoch=2/3 loss=0.3068 l2=0.2000 label_smoothing=0.000
D step=1/5 epoch=3/3 loss=0.3084 l2=0.2000 label_smoothing=0.000
D step=2/5 epoch=1/3 loss=0.3589 l2=0.2000 label_smoothing=0.000
D step=2/5 epoch=2/3 loss=0.3589 l2=0.2000 label_smoothing=0.000
D step=2/5 epoch=3/3 loss=0.3609 l2=0.2000 label_smoothing=0.000
D step=3/5 epoch=1/3 loss=0.3200 l2=0.2000 label_smoothing=0.000
D step=3/5 epoch=2/3 loss=0.3127 l2=0.2000 label_smoothing=0.000
D step=3/5 epoch=3/3 loss=0.3209 l2=0.2000 label_smoothing=0.000
D step=4/5 epoch=1/3 loss=0.3409 l2=0.2000 label_smoothing=0.000
D step=4/5 epoch=2/3 loss=0.3492 l2=0.2000 label_smoothing=0.000
D step=4/5 epoch=3/3 loss=0.3427 l2=0.2000 label_smoothing=0.000
D step=5/5 epoch=1/3 loss=0.3347 l2=0.2000 label_smoothing=0.000
D step=5/5 epoch=2/3 loss=0.3365 l2=0.2000 label_smoothing=0.000
D step=5/5 epoch=3/3 loss=0.3337 l2=0.2000 label_smoothing=0.000
ADV epoch=167/200 g_loss=0.0169 d_loss=0.3330 reward=0.2140 reward_var=0.0074 unique=0.2000
D step=1/5 epoch=1/3 loss=0.3514 l2=0.2000 label_smoothing=0.000
D step=1/5 epoch=2/3 loss=0.3458 l2=0.2000 label_smoothing=0.000
D step=1/5 epoch=3/3 loss=0.3409 l2=0.2000 label_smoothing=0.000
D step=2/5 epoch=1/3 loss=0.3415 l2=0.2000 label_smoothing=0.000
D step=2/5 epoch=2/3 loss=0.3480 l2=0.2000 label_smoothing=0.000
D step=2/5 epoch=3/3 loss=0.3430 l2=0.2000 label_smoothing=0.000
D step=3/5 epoch=1/3 loss=0.3247 l2=0.2000 label_smoothing=0.000
D step=3/5 epoch=2/3 loss=0.3216 l2=0.2000 label_smoothing=0.000
D step=3/5 epoch=3/3 loss=0.3231 l2=0.2000 label_smoothing=0.000
D step=4/5 epoch=1/3 loss=0.3256 l2=0.2000 label_smoothing=0.000
D step=4/5 epoch=2/3 loss=0.3332 l2=0.2000 label_smoothing=0.000
D step=4/5 epoch=3/3 loss=0.3217 l2=0.2000 label_smoothing=0.000
D step=5/5 epoch=1/3 loss=0.3356 l2=0.2000 label_smoothing=0.000
D step=5/5 epoch=2/3 loss=0.3312 l2=0.2000 label_smoothing=0.000
D step=5/5 epoch=3/3 loss=0.3303 l2=0.2000 label_smoothing=0.000
ADV epoch=168/200 g_loss=0.0219 d_loss=0.3345 reward=0.2418 reward_var=0.0094 unique=0.2400
D step=1/5 epoch=1/3 loss=0.3549 l2=0.2000 label_smoothing=0.000
D step=1/5 epoch=2/3 loss=0.3412 l2=0.2000 label_smoothing=0.000
D step=1/5 epoch=3/3 loss=0.3398 l2=0.2000 label_smoothing=0.000
D step=2/5 epoch=1/3 loss=0.3391 l2=0.2000 label_smoothing=0.000
D step=2/5 epoch=2/3 loss=0.3400 l2=0.2000 label_smoothing=0.000
D step=2/5 epoch=3/3 loss=0.3341 l2=0.2000 label_smoothing=0.000
D step=3/5 epoch=1/3 loss=0.3516 l2=0.2000 label_smoothing=0.000
D step=3/5 epoch=2/3 loss=0.3479 l2=0.2000 label_smoothing=0.000
D step=3/5 epoch=3/3 loss=0.3474 l2=0.2000 label_smoothing=0.000
D step=4/5 epoch=1/3 loss=0.3264 l2=0.2000 label_smoothing=0.000
D step=4/5 epoch=2/3 loss=0.3328 l2=0.2000 label_smoothing=0.000
D step=4/5 epoch=3/3 loss=0.3319 l2=0.2000 label_smoothing=0.000
D step=5/5 epoch=1/3 loss=0.3172 l2=0.2000 label_smoothing=0.000
D step=5/5 epoch=2/3 loss=0.3178 l2=0.2000 label_smoothing=0.000
D step=5/5 epoch=3/3 loss=0.3153 l2=0.2000 label_smoothing=0.000
ADV epoch=169/200 g_loss=0.0260 d_loss=0.3358 reward=0.2213 reward_var=0.0129 unique=0.2000
D step=1/5 epoch=1/3 loss=0.3424 l2=0.2000 label_smoothing=0.000
D step=1/5 epoch=2/3 loss=0.3374 l2=0.2000 label_smoothing=0.000
D step=1/5 epoch=3/3 loss=0.3394 l2=0.2000 label_smoothing=0.000
D step=2/5 epoch=1/3 loss=0.3319 l2=0.2000 label_smoothing=0.000
D step=2/5 epoch=2/3 loss=0.3309 l2=0.2000 label_smoothing=0.000
D step=2/5 epoch=3/3 loss=0.3342 l2=0.2000 label_smoothing=0.000
D step=3/5 epoch=1/3 loss=0.3251 l2=0.2000 label_smoothing=0.000
D step=3/5 epoch=2/3 loss=0.3243 l2=0.2000 label_smoothing=0.000
D step=3/5 epoch=3/3 loss=0.3183 l2=0.2000 label_smoothing=0.000
D step=4/5 epoch=1/3 loss=0.3101 l2=0.2000 label_smoothing=0.000
D step=4/5 epoch=2/3 loss=0.3127 l2=0.2000 label_smoothing=0.000
D step=4/5 epoch=3/3 loss=0.3074 l2=0.2000 label_smoothing=0.000
D step=5/5 epoch=1/3 loss=0.3328 l2=0.2000 label_smoothing=0.000
D step=5/5 epoch=2/3 loss=0.3317 l2=0.2000 label_smoothing=0.000
D step=5/5 epoch=3/3 loss=0.3321 l2=0.2000 label_smoothing=0.000
ADV epoch=170/200 g_loss=0.0166 d_loss=0.3274 reward=0.2030 reward_var=0.0031 unique=0.2400
D step=1/5 epoch=1/3 loss=0.2867 l2=0.2000 label_smoothing=0.000
D step=1/5 epoch=2/3 loss=0.2756 l2=0.2000 label_smoothing=0.000
D step=1/5 epoch=3/3 loss=0.2710 l2=0.2000 label_smoothing=0.000
D step=2/5 epoch=1/3 loss=0.3271 l2=0.2000 label_smoothing=0.000
D step=2/5 epoch=2/3 loss=0.3221 l2=0.2000 label_smoothing=0.000
D step=2/5 epoch=3/3 loss=0.3178 l2=0.2000 label_smoothing=0.000
D step=3/5 epoch=1/3 loss=0.3556 l2=0.2000 label_smoothing=0.000
D step=3/5 epoch=2/3 loss=0.3418 l2=0.2000 label_smoothing=0.000
D step=3/5 epoch=3/3 loss=0.3404 l2=0.2000 label_smoothing=0.000
D step=4/5 epoch=1/3 loss=0.2925 l2=0.2000 label_smoothing=0.000
D step=4/5 epoch=2/3 loss=0.2903 l2=0.2000 label_smoothing=0.000
D step=4/5 epoch=3/3 loss=0.2855 l2=0.2000 label_smoothing=0.000
D step=5/5 epoch=1/3 loss=0.3487 l2=0.2000 label_smoothing=0.000
D step=5/5 epoch=2/3 loss=0.3440 l2=0.2000 label_smoothing=0.000
D step=5/5 epoch=3/3 loss=0.3512 l2=0.2000 label_smoothing=0.000
ADV epoch=171/200 g_loss=0.0166 d_loss=0.3167 reward=0.2126 reward_var=0.0045 unique=0.2400
D step=1/5 epoch=1/3 loss=0.3540 l2=0.2000 label_smoothing=0.000
D step=1/5 epoch=2/3 loss=0.3509 l2=0.2000 label_smoothing=0.000
D step=1/5 epoch=3/3 loss=0.3460 l2=0.2000 label_smoothing=0.000
D step=2/5 epoch=1/3 loss=0.3175 l2=0.2000 label_smoothing=0.000
D step=2/5 epoch=2/3 loss=0.3199 l2=0.2000 label_smoothing=0.000
D step=2/5 epoch=3/3 loss=0.3082 l2=0.2000 label_smoothing=0.000
D step=3/5 epoch=1/3 loss=0.3075 l2=0.2000 label_smoothing=0.000
D step=3/5 epoch=2/3 loss=0.3125 l2=0.2000 label_smoothing=0.000
D step=3/5 epoch=3/3 loss=0.3099 l2=0.2000 label_smoothing=0.000
D step=4/5 epoch=1/3 loss=0.3532 l2=0.2000 label_smoothing=0.000
D step=4/5 epoch=2/3 loss=0.3500 l2=0.2000 label_smoothing=0.000
D step=4/5 epoch=3/3 loss=0.3465 l2=0.2000 label_smoothing=0.000
D step=5/5 epoch=1/3 loss=0.3311 l2=0.2000 label_smoothing=0.000
D step=5/5 epoch=2/3 loss=0.3277 l2=0.2000 label_smoothing=0.000
D step=5/5 epoch=3/3 loss=0.3290 l2=0.2000 label_smoothing=0.000
ADV epoch=172/200 g_loss=0.0164 d_loss=0.3309 reward=0.1889 reward_var=0.0025 unique=0.2200
D step=1/5 epoch=1/3 loss=0.3305 l2=0.2000 label_smoothing=0.000
D step=1/5 epoch=2/3 loss=0.3192 l2=0.2000 label_smoothing=0.000
D step=1/5 epoch=3/3 loss=0.3204 l2=0.2000 label_smoothing=0.000
D step=2/5 epoch=1/3 loss=0.3470 l2=0.2000 label_smoothing=0.000
D step=2/5 epoch=2/3 loss=0.3418 l2=0.2000 label_smoothing=0.000
D step=2/5 epoch=3/3 loss=0.3369 l2=0.2000 label_smoothing=0.000
D step=3/5 epoch=1/3 loss=0.3354 l2=0.2000 label_smoothing=0.000
D step=3/5 epoch=2/3 loss=0.3168 l2=0.2000 label_smoothing=0.000
D step=3/5 epoch=3/3 loss=0.3139 l2=0.2000 label_smoothing=0.000
D step=4/5 epoch=1/3 loss=0.2861 l2=0.2000 label_smoothing=0.000
D step=4/5 epoch=2/3 loss=0.2943 l2=0.2000 label_smoothing=0.000
D step=4/5 epoch=3/3 loss=0.2865 l2=0.2000 label_smoothing=0.000
D step=5/5 epoch=1/3 loss=0.3278 l2=0.2000 label_smoothing=0.000
D step=5/5 epoch=2/3 loss=0.3265 l2=0.2000 label_smoothing=0.000
D step=5/5 epoch=3/3 loss=0.3155 l2=0.2000 label_smoothing=0.000
ADV epoch=173/200 g_loss=0.0191 d_loss=0.3199 reward=0.2227 reward_var=0.0056 unique=0.2800
D step=1/5 epoch=1/3 loss=0.3689 l2=0.2000 label_smoothing=0.000
D step=1/5 epoch=2/3 loss=0.3689 l2=0.2000 label_smoothing=0.000
D step=1/5 epoch=3/3 loss=0.3776 l2=0.2000 label_smoothing=0.000
D step=2/5 epoch=1/3 loss=0.3562 l2=0.2000 label_smoothing=0.000
D step=2/5 epoch=2/3 loss=0.3496 l2=0.2000 label_smoothing=0.000
D step=2/5 epoch=3/3 loss=0.3483 l2=0.2000 label_smoothing=0.000
D step=3/5 epoch=1/3 loss=0.3194 l2=0.2000 label_smoothing=0.000
D step=3/5 epoch=2/3 loss=0.3152 l2=0.2000 label_smoothing=0.000
D step=3/5 epoch=3/3 loss=0.3154 l2=0.2000 label_smoothing=0.000
D step=4/5 epoch=1/3 loss=0.3216 l2=0.2000 label_smoothing=0.000
D step=4/5 epoch=2/3 loss=0.3272 l2=0.2000 label_smoothing=0.000
D step=4/5 epoch=3/3 loss=0.3185 l2=0.2000 label_smoothing=0.000
D step=5/5 epoch=1/3 loss=0.3148 l2=0.2000 label_smoothing=0.000
D step=5/5 epoch=2/3 loss=0.3217 l2=0.2000 label_smoothing=0.000
D step=5/5 epoch=3/3 loss=0.3151 l2=0.2000 label_smoothing=0.000
ADV epoch=174/200 g_loss=0.0159 d_loss=0.3359 reward=0.2066 reward_var=0.0042 unique=0.2600
D step=1/5 epoch=1/3 loss=0.3470 l2=0.2000 label_smoothing=0.000
D step=1/5 epoch=2/3 loss=0.3461 l2=0.2000 label_smoothing=0.000
D step=1/5 epoch=3/3 loss=0.3419 l2=0.2000 label_smoothing=0.000
D step=2/5 epoch=1/3 loss=0.3046 l2=0.2000 label_smoothing=0.000
D step=2/5 epoch=2/3 loss=0.3035 l2=0.2000 label_smoothing=0.000
D step=2/5 epoch=3/3 loss=0.3043 l2=0.2000 label_smoothing=0.000
D step=3/5 epoch=1/3 loss=0.3471 l2=0.2000 label_smoothing=0.000
D step=3/5 epoch=2/3 loss=0.3472 l2=0.2000 label_smoothing=0.000
D step=3/5 epoch=3/3 loss=0.3459 l2=0.2000 label_smoothing=0.000
D step=4/5 epoch=1/3 loss=0.3206 l2=0.2000 label_smoothing=0.000
D step=4/5 epoch=2/3 loss=0.3219 l2=0.2000 label_smoothing=0.000
D step=4/5 epoch=3/3 loss=0.3239 l2=0.2000 label_smoothing=0.000
D step=5/5 epoch=1/3 loss=0.3140 l2=0.2000 label_smoothing=0.000
D step=5/5 epoch=2/3 loss=0.3068 l2=0.2000 label_smoothing=0.000
D step=5/5 epoch=3/3 loss=0.3034 l2=0.2000 label_smoothing=0.000
ADV epoch=175/200 g_loss=0.0181 d_loss=0.3252 reward=0.2230 reward_var=0.0064 unique=0.2800
D step=1/5 epoch=1/3 loss=0.3562 l2=0.2000 label_smoothing=0.000
D step=1/5 epoch=2/3 loss=0.3449 l2=0.2000 label_smoothing=0.000
D step=1/5 epoch=3/3 loss=0.3514 l2=0.2000 label_smoothing=0.000
D step=2/5 epoch=1/3 loss=0.3109 l2=0.2000 label_smoothing=0.000
D step=2/5 epoch=2/3 loss=0.3104 l2=0.2000 label_smoothing=0.000
D step=2/5 epoch=3/3 loss=0.3061 l2=0.2000 label_smoothing=0.000
D step=3/5 epoch=1/3 loss=0.3495 l2=0.2000 label_smoothing=0.000
D step=3/5 epoch=2/3 loss=0.3515 l2=0.2000 label_smoothing=0.000
D step=3/5 epoch=3/3 loss=0.3523 l2=0.2000 label_smoothing=0.000
D step=4/5 epoch=1/3 loss=0.3483 l2=0.2000 label_smoothing=0.000
D step=4/5 epoch=2/3 loss=0.3417 l2=0.2000 label_smoothing=0.000
D step=4/5 epoch=3/3 loss=0.3476 l2=0.2000 label_smoothing=0.000
D step=5/5 epoch=1/3 loss=0.3251 l2=0.2000 label_smoothing=0.000
D step=5/5 epoch=2/3 loss=0.3280 l2=0.2000 label_smoothing=0.000
D step=5/5 epoch=3/3 loss=0.3262 l2=0.2000 label_smoothing=0.000
ADV epoch=176/200 g_loss=0.0171 d_loss=0.3367 reward=0.2143 reward_var=0.0026 unique=0.1800
D step=1/5 epoch=1/3 loss=0.3127 l2=0.2000 label_smoothing=0.000
D step=1/5 epoch=2/3 loss=0.3093 l2=0.2000 label_smoothing=0.000
D step=1/5 epoch=3/3 loss=0.3056 l2=0.2000 label_smoothing=0.000
D step=2/5 epoch=1/3 loss=0.3310 l2=0.2000 label_smoothing=0.000
D step=2/5 epoch=2/3 loss=0.3277 l2=0.2000 label_smoothing=0.000
D step=2/5 epoch=3/3 loss=0.3187 l2=0.2000 label_smoothing=0.000
D step=3/5 epoch=1/3 loss=0.3327 l2=0.2000 label_smoothing=0.000
D step=3/5 epoch=2/3 loss=0.3245 l2=0.2000 label_smoothing=0.000
D step=3/5 epoch=3/3 loss=0.3254 l2=0.2000 label_smoothing=0.000
D step=4/5 epoch=1/3 loss=0.3479 l2=0.2000 label_smoothing=0.000
D step=4/5 epoch=2/3 loss=0.3441 l2=0.2000 label_smoothing=0.000
D step=4/5 epoch=3/3 loss=0.3368 l2=0.2000 label_smoothing=0.000
D step=5/5 epoch=1/3 loss=0.3203 l2=0.2000 label_smoothing=0.000
D step=5/5 epoch=2/3 loss=0.3153 l2=0.2000 label_smoothing=0.000
D step=5/5 epoch=3/3 loss=0.3165 l2=0.2000 label_smoothing=0.000
ADV epoch=177/200 g_loss=0.0200 d_loss=0.3246 reward=0.2404 reward_var=0.0035 unique=0.1400
D step=1/5 epoch=1/3 loss=0.3449 l2=0.2000 label_smoothing=0.000
D step=1/5 epoch=2/3 loss=0.3409 l2=0.2000 label_smoothing=0.000
D step=1/5 epoch=3/3 loss=0.3362 l2=0.2000 label_smoothing=0.000
D step=2/5 epoch=1/3 loss=0.3191 l2=0.2000 label_smoothing=0.000
D step=2/5 epoch=2/3 loss=0.3136 l2=0.2000 label_smoothing=0.000
D step=2/5 epoch=3/3 loss=0.3183 l2=0.2000 label_smoothing=0.000
D step=3/5 epoch=1/3 loss=0.3599 l2=0.2000 label_smoothing=0.000
D step=3/5 epoch=2/3 loss=0.3640 l2=0.2000 label_smoothing=0.000
D step=3/5 epoch=3/3 loss=0.3620 l2=0.2000 label_smoothing=0.000
D step=4/5 epoch=1/3 loss=0.3162 l2=0.2000 label_smoothing=0.000
D step=4/5 epoch=2/3 loss=0.3150 l2=0.2000 label_smoothing=0.000
D step=4/5 epoch=3/3 loss=0.3119 l2=0.2000 label_smoothing=0.000
D step=5/5 epoch=1/3 loss=0.3328 l2=0.2000 label_smoothing=0.000
D step=5/5 epoch=2/3 loss=0.3264 l2=0.2000 label_smoothing=0.000
D step=5/5 epoch=3/3 loss=0.3271 l2=0.2000 label_smoothing=0.000
ADV epoch=178/200 g_loss=0.0190 d_loss=0.3326 reward=0.2321 reward_var=0.0046 unique=0.1400
D step=1/5 epoch=1/3 loss=0.3217 l2=0.2000 label_smoothing=0.000
D step=1/5 epoch=2/3 loss=0.3150 l2=0.2000 label_smoothing=0.000
D step=1/5 epoch=3/3 loss=0.3175 l2=0.2000 label_smoothing=0.000
D step=2/5 epoch=1/3 loss=0.3249 l2=0.2000 label_smoothing=0.000
D step=2/5 epoch=2/3 loss=0.3101 l2=0.2000 label_smoothing=0.000
D step=2/5 epoch=3/3 loss=0.3021 l2=0.2000 label_smoothing=0.000
D step=3/5 epoch=1/3 loss=0.3605 l2=0.2000 label_smoothing=0.000
D step=3/5 epoch=2/3 loss=0.3456 l2=0.2000 label_smoothing=0.000
D step=3/5 epoch=3/3 loss=0.3407 l2=0.2000 label_smoothing=0.000
D step=4/5 epoch=1/3 loss=0.3589 l2=0.2000 label_smoothing=0.000
D step=4/5 epoch=2/3 loss=0.3540 l2=0.2000 label_smoothing=0.000
D step=4/5 epoch=3/3 loss=0.3478 l2=0.2000 label_smoothing=0.000
D step=5/5 epoch=1/3 loss=0.3458 l2=0.2000 label_smoothing=0.000
D step=5/5 epoch=2/3 loss=0.3522 l2=0.2000 label_smoothing=0.000
D step=5/5 epoch=3/3 loss=0.3452 l2=0.2000 label_smoothing=0.000
ADV epoch=179/200 g_loss=0.0155 d_loss=0.3361 reward=0.1869 reward_var=0.0029 unique=0.2200
D step=1/5 epoch=1/3 loss=0.3507 l2=0.2000 label_smoothing=0.000
D step=1/5 epoch=2/3 loss=0.3375 l2=0.2000 label_smoothing=0.000
D step=1/5 epoch=3/3 loss=0.3407 l2=0.2000 label_smoothing=0.000
D step=2/5 epoch=1/3 loss=0.3137 l2=0.2000 label_smoothing=0.000
D step=2/5 epoch=2/3 loss=0.3039 l2=0.2000 label_smoothing=0.000
D step=2/5 epoch=3/3 loss=0.3101 l2=0.2000 label_smoothing=0.000
D step=3/5 epoch=1/3 loss=0.3814 l2=0.2000 label_smoothing=0.000
D step=3/5 epoch=2/3 loss=0.3668 l2=0.2000 label_smoothing=0.000
D step=3/5 epoch=3/3 loss=0.3721 l2=0.2000 label_smoothing=0.000
D step=4/5 epoch=1/3 loss=0.3290 l2=0.2000 label_smoothing=0.000
D step=4/5 epoch=2/3 loss=0.3250 l2=0.2000 label_smoothing=0.000
D step=4/5 epoch=3/3 loss=0.3289 l2=0.2000 label_smoothing=0.000
D step=5/5 epoch=1/3 loss=0.3562 l2=0.2000 label_smoothing=0.000
D step=5/5 epoch=2/3 loss=0.3511 l2=0.2000 label_smoothing=0.000
D step=5/5 epoch=3/3 loss=0.3535 l2=0.2000 label_smoothing=0.000
ADV epoch=180/200 g_loss=0.0182 d_loss=0.3414 reward=0.2332 reward_var=0.0027 unique=0.1600
D step=1/5 epoch=1/3 loss=0.3484 l2=0.2000 label_smoothing=0.000
D step=1/5 epoch=2/3 loss=0.3493 l2=0.2000 label_smoothing=0.000
D step=1/5 epoch=3/3 loss=0.3404 l2=0.2000 label_smoothing=0.000
D step=2/5 epoch=1/3 loss=0.3345 l2=0.2000 label_smoothing=0.000
D step=2/5 epoch=2/3 loss=0.3292 l2=0.2000 label_smoothing=0.000
D step=2/5 epoch=3/3 loss=0.3263 l2=0.2000 label_smoothing=0.000
D step=3/5 epoch=1/3 loss=0.3188 l2=0.2000 label_smoothing=0.000
D step=3/5 epoch=2/3 loss=0.3161 l2=0.2000 label_smoothing=0.000
D step=3/5 epoch=3/3 loss=0.3201 l2=0.2000 label_smoothing=0.000
D step=4/5 epoch=1/3 loss=0.3517 l2=0.2000 label_smoothing=0.000
D step=4/5 epoch=2/3 loss=0.3558 l2=0.2000 label_smoothing=0.000
D step=4/5 epoch=3/3 loss=0.3556 l2=0.2000 label_smoothing=0.000
D step=5/5 epoch=1/3 loss=0.3401 l2=0.2000 label_smoothing=0.000
D step=5/5 epoch=2/3 loss=0.3419 l2=0.2000 label_smoothing=0.000
D step=5/5 epoch=3/3 loss=0.3356 l2=0.2000 label_smoothing=0.000
ADV epoch=181/200 g_loss=0.0127 d_loss=0.3376 reward=0.2158 reward_var=0.0010 unique=0.1800
D step=1/5 epoch=1/3 loss=0.3292 l2=0.2000 label_smoothing=0.000
D step=1/5 epoch=2/3 loss=0.3323 l2=0.2000 label_smoothing=0.000
D step=1/5 epoch=3/3 loss=0.3274 l2=0.2000 label_smoothing=0.000
D step=2/5 epoch=1/3 loss=0.3260 l2=0.2000 label_smoothing=0.000
D step=2/5 epoch=2/3 loss=0.3233 l2=0.2000 label_smoothing=0.000
D step=2/5 epoch=3/3 loss=0.3275 l2=0.2000 label_smoothing=0.000
D step=3/5 epoch=1/3 loss=0.3413 l2=0.2000 label_smoothing=0.000
D step=3/5 epoch=2/3 loss=0.3479 l2=0.2000 label_smoothing=0.000
D step=3/5 epoch=3/3 loss=0.3459 l2=0.2000 label_smoothing=0.000
D step=4/5 epoch=1/3 loss=0.3222 l2=0.2000 label_smoothing=0.000
D step=4/5 epoch=2/3 loss=0.3141 l2=0.2000 label_smoothing=0.000
D step=4/5 epoch=3/3 loss=0.3186 l2=0.2000 label_smoothing=0.000
D step=5/5 epoch=1/3 loss=0.3202 l2=0.2000 label_smoothing=0.000
D step=5/5 epoch=2/3 loss=0.3218 l2=0.2000 label_smoothing=0.000
D step=5/5 epoch=3/3 loss=0.3170 l2=0.2000 label_smoothing=0.000
ADV epoch=182/200 g_loss=0.0215 d_loss=0.3277 reward=0.2543 reward_var=0.0034 unique=0.1200
D step=1/5 epoch=1/3 loss=0.3641 l2=0.2000 label_smoothing=0.000
D step=1/5 epoch=2/3 loss=0.3537 l2=0.2000 label_smoothing=0.000
D step=1/5 epoch=3/3 loss=0.3475 l2=0.2000 label_smoothing=0.000
D step=2/5 epoch=1/3 loss=0.3558 l2=0.2000 label_smoothing=0.000
D step=2/5 epoch=2/3 loss=0.3528 l2=0.2000 label_smoothing=0.000
D step=2/5 epoch=3/3 loss=0.3548 l2=0.2000 label_smoothing=0.000
D step=3/5 epoch=1/3 loss=0.3817 l2=0.2000 label_smoothing=0.000
D step=3/5 epoch=2/3 loss=0.3816 l2=0.2000 label_smoothing=0.000
D step=3/5 epoch=3/3 loss=0.3708 l2=0.2000 label_smoothing=0.000
D step=4/5 epoch=1/3 loss=0.3711 l2=0.2000 label_smoothing=0.000
D step=4/5 epoch=2/3 loss=0.3623 l2=0.2000 label_smoothing=0.000
D step=4/5 epoch=3/3 loss=0.3552 l2=0.2000 label_smoothing=0.000
D step=5/5 epoch=1/3 loss=0.3390 l2=0.2000 label_smoothing=0.000
D step=5/5 epoch=2/3 loss=0.3414 l2=0.2000 label_smoothing=0.000
D step=5/5 epoch=3/3 loss=0.3392 l2=0.2000 label_smoothing=0.000
ADV epoch=183/200 g_loss=0.0172 d_loss=0.3581 reward=0.2078 reward_var=0.0035 unique=0.1200
D step=1/5 epoch=1/3 loss=0.3246 l2=0.2000 label_smoothing=0.000
D step=1/5 epoch=2/3 loss=0.3212 l2=0.2000 label_smoothing=0.000
D step=1/5 epoch=3/3 loss=0.3211 l2=0.2000 label_smoothing=0.000
D step=2/5 epoch=1/3 loss=0.3200 l2=0.2000 label_smoothing=0.000
D step=2/5 epoch=2/3 loss=0.3162 l2=0.2000 label_smoothing=0.000
D step=2/5 epoch=3/3 loss=0.3113 l2=0.2000 label_smoothing=0.000
D step=3/5 epoch=1/3 loss=0.3098 l2=0.2000 label_smoothing=0.000
D step=3/5 epoch=2/3 loss=0.3064 l2=0.2000 label_smoothing=0.000
D step=3/5 epoch=3/3 loss=0.3067 l2=0.2000 label_smoothing=0.000
D step=4/5 epoch=1/3 loss=0.3191 l2=0.2000 label_smoothing=0.000
D step=4/5 epoch=2/3 loss=0.3187 l2=0.2000 label_smoothing=0.000
D step=4/5 epoch=3/3 loss=0.2988 l2=0.2000 label_smoothing=0.000
D step=5/5 epoch=1/3 loss=0.3217 l2=0.2000 label_smoothing=0.000
D step=5/5 epoch=2/3 loss=0.3233 l2=0.2000 label_smoothing=0.000
D step=5/5 epoch=3/3 loss=0.3245 l2=0.2000 label_smoothing=0.000
ADV epoch=184/200 g_loss=0.0157 d_loss=0.3162 reward=0.2278 reward_var=0.0016 unique=0.1600
D step=1/5 epoch=1/3 loss=0.3293 l2=0.2000 label_smoothing=0.000
D step=1/5 epoch=2/3 loss=0.3266 l2=0.2000 label_smoothing=0.000
D step=1/5 epoch=3/3 loss=0.3215 l2=0.2000 label_smoothing=0.000
D step=2/5 epoch=1/3 loss=0.3761 l2=0.2000 label_smoothing=0.000
D step=2/5 epoch=2/3 loss=0.3682 l2=0.2000 label_smoothing=0.000
D step=2/5 epoch=3/3 loss=0.3628 l2=0.2000 label_smoothing=0.000
D step=3/5 epoch=1/3 loss=0.3719 l2=0.2000 label_smoothing=0.000
D step=3/5 epoch=2/3 loss=0.3722 l2=0.2000 label_smoothing=0.000
D step=3/5 epoch=3/3 loss=0.3658 l2=0.2000 label_smoothing=0.000
D step=4/5 epoch=1/3 loss=0.3254 l2=0.2000 label_smoothing=0.000
D step=4/5 epoch=2/3 loss=0.3222 l2=0.2000 label_smoothing=0.000
D step=4/5 epoch=3/3 loss=0.3249 l2=0.2000 label_smoothing=0.000
D step=5/5 epoch=1/3 loss=0.3442 l2=0.2000 label_smoothing=0.000
D step=5/5 epoch=2/3 loss=0.3452 l2=0.2000 label_smoothing=0.000
D step=5/5 epoch=3/3 loss=0.3473 l2=0.2000 label_smoothing=0.000
ADV epoch=185/200 g_loss=0.0158 d_loss=0.3469 reward=0.2001 reward_var=0.0044 unique=0.1600
D step=1/5 epoch=1/3 loss=0.3344 l2=0.2000 label_smoothing=0.000
D step=1/5 epoch=2/3 loss=0.3309 l2=0.2000 label_smoothing=0.000
D step=1/5 epoch=3/3 loss=0.3288 l2=0.2000 label_smoothing=0.000
D step=2/5 epoch=1/3 loss=0.3533 l2=0.2000 label_smoothing=0.000
D step=2/5 epoch=2/3 loss=0.3476 l2=0.2000 label_smoothing=0.000
D step=2/5 epoch=3/3 loss=0.3479 l2=0.2000 label_smoothing=0.000
D step=3/5 epoch=1/3 loss=0.3640 l2=0.2000 label_smoothing=0.000
D step=3/5 epoch=2/3 loss=0.3552 l2=0.2000 label_smoothing=0.000
D step=3/5 epoch=3/3 loss=0.3658 l2=0.2000 label_smoothing=0.000
D step=4/5 epoch=1/3 loss=0.3478 l2=0.2000 label_smoothing=0.000
D step=4/5 epoch=2/3 loss=0.3434 l2=0.2000 label_smoothing=0.000
D step=4/5 epoch=3/3 loss=0.3445 l2=0.2000 label_smoothing=0.000
D step=5/5 epoch=1/3 loss=0.3661 l2=0.2000 label_smoothing=0.000
D step=5/5 epoch=2/3 loss=0.3663 l2=0.2000 label_smoothing=0.000
D step=5/5 epoch=3/3 loss=0.3648 l2=0.2000 label_smoothing=0.000
ADV epoch=186/200 g_loss=0.0172 d_loss=0.3507 reward=0.2233 reward_var=0.0026 unique=0.2000
D step=1/5 epoch=1/3 loss=0.3400 l2=0.2000 label_smoothing=0.000
D step=1/5 epoch=2/3 loss=0.3414 l2=0.2000 label_smoothing=0.000
D step=1/5 epoch=3/3 loss=0.3373 l2=0.2000 label_smoothing=0.000
D step=2/5 epoch=1/3 loss=0.3045 l2=0.2000 label_smoothing=0.000
D step=2/5 epoch=2/3 loss=0.3071 l2=0.2000 label_smoothing=0.000
D step=2/5 epoch=3/3 loss=0.3029 l2=0.2000 label_smoothing=0.000
D step=3/5 epoch=1/3 loss=0.3738 l2=0.2000 label_smoothing=0.000
D step=3/5 epoch=2/3 loss=0.3796 l2=0.2000 label_smoothing=0.000
D step=3/5 epoch=3/3 loss=0.3713 l2=0.2000 label_smoothing=0.000
D step=4/5 epoch=1/3 loss=0.3371 l2=0.2000 label_smoothing=0.000
D step=4/5 epoch=2/3 loss=0.3424 l2=0.2000 label_smoothing=0.000
D step=4/5 epoch=3/3 loss=0.3400 l2=0.2000 label_smoothing=0.000
D step=5/5 epoch=1/3 loss=0.3546 l2=0.2000 label_smoothing=0.000
D step=5/5 epoch=2/3 loss=0.3528 l2=0.2000 label_smoothing=0.000
D step=5/5 epoch=3/3 loss=0.3443 l2=0.2000 label_smoothing=0.000
ADV epoch=187/200 g_loss=0.0136 d_loss=0.3419 reward=0.2029 reward_var=0.0034 unique=0.1200
D step=1/5 epoch=1/3 loss=0.3210 l2=0.2000 label_smoothing=0.000
D step=1/5 epoch=2/3 loss=0.3165 l2=0.2000 label_smoothing=0.000
D step=1/5 epoch=3/3 loss=0.3156 l2=0.2000 label_smoothing=0.000
D step=2/5 epoch=1/3 loss=0.3163 l2=0.2000 label_smoothing=0.000
D step=2/5 epoch=2/3 loss=0.3208 l2=0.2000 label_smoothing=0.000
D step=2/5 epoch=3/3 loss=0.3166 l2=0.2000 label_smoothing=0.000
D step=3/5 epoch=1/3 loss=0.3837 l2=0.2000 label_smoothing=0.000
D step=3/5 epoch=2/3 loss=0.3794 l2=0.2000 label_smoothing=0.000
D step=3/5 epoch=3/3 loss=0.3741 l2=0.2000 label_smoothing=0.000
D step=4/5 epoch=1/3 loss=0.3388 l2=0.2000 label_smoothing=0.000
D step=4/5 epoch=2/3 loss=0.3308 l2=0.2000 label_smoothing=0.000
D step=4/5 epoch=3/3 loss=0.3352 l2=0.2000 label_smoothing=0.000
D step=5/5 epoch=1/3 loss=0.3348 l2=0.2000 label_smoothing=0.000
D step=5/5 epoch=2/3 loss=0.3312 l2=0.2000 label_smoothing=0.000
D step=5/5 epoch=3/3 loss=0.3273 l2=0.2000 label_smoothing=0.000
ADV epoch=188/200 g_loss=0.0179 d_loss=0.3361 reward=0.2313 reward_var=0.0033 unique=0.1400
D step=1/5 epoch=1/3 loss=0.3302 l2=0.2000 label_smoothing=0.000
D step=1/5 epoch=2/3 loss=0.3289 l2=0.2000 label_smoothing=0.000
D step=1/5 epoch=3/3 loss=0.3336 l2=0.2000 label_smoothing=0.000
D step=2/5 epoch=1/3 loss=0.3356 l2=0.2000 label_smoothing=0.000
D step=2/5 epoch=2/3 loss=0.3303 l2=0.2000 label_smoothing=0.000
D step=2/5 epoch=3/3 loss=0.3304 l2=0.2000 label_smoothing=0.000
D step=3/5 epoch=1/3 loss=0.3186 l2=0.2000 label_smoothing=0.000
D step=3/5 epoch=2/3 loss=0.3216 l2=0.2000 label_smoothing=0.000
D step=3/5 epoch=3/3 loss=0.3260 l2=0.2000 label_smoothing=0.000
D step=4/5 epoch=1/3 loss=0.3341 l2=0.2000 label_smoothing=0.000
D step=4/5 epoch=2/3 loss=0.3420 l2=0.2000 label_smoothing=0.000
D step=4/5 epoch=3/3 loss=0.3403 l2=0.2000 label_smoothing=0.000
D step=5/5 epoch=1/3 loss=0.3286 l2=0.2000 label_smoothing=0.000
D step=5/5 epoch=2/3 loss=0.3245 l2=0.2000 label_smoothing=0.000
D step=5/5 epoch=3/3 loss=0.3262 l2=0.2000 label_smoothing=0.000
ADV epoch=189/200 g_loss=0.0163 d_loss=0.3301 reward=0.2151 reward_var=0.0034 unique=0.1200
D step=1/5 epoch=1/3 loss=0.3559 l2=0.2000 label_smoothing=0.000
D step=1/5 epoch=2/3 loss=0.3525 l2=0.2000 label_smoothing=0.000
D step=1/5 epoch=3/3 loss=0.3525 l2=0.2000 label_smoothing=0.000
D step=2/5 epoch=1/3 loss=0.3549 l2=0.2000 label_smoothing=0.000
D step=2/5 epoch=2/3 loss=0.3548 l2=0.2000 label_smoothing=0.000
D step=2/5 epoch=3/3 loss=0.3508 l2=0.2000 label_smoothing=0.000
D step=3/5 epoch=1/3 loss=0.3244 l2=0.2000 label_smoothing=0.000
D step=3/5 epoch=2/3 loss=0.3143 l2=0.2000 label_smoothing=0.000
D step=3/5 epoch=3/3 loss=0.3163 l2=0.2000 label_smoothing=0.000
D step=4/5 epoch=1/3 loss=0.3142 l2=0.2000 label_smoothing=0.000
D step=4/5 epoch=2/3 loss=0.3133 l2=0.2000 label_smoothing=0.000
D step=4/5 epoch=3/3 loss=0.3142 l2=0.2000 label_smoothing=0.000
D step=5/5 epoch=1/3 loss=0.3329 l2=0.2000 label_smoothing=0.000
D step=5/5 epoch=2/3 loss=0.3317 l2=0.2000 label_smoothing=0.000
D step=5/5 epoch=3/3 loss=0.3326 l2=0.2000 label_smoothing=0.000
ADV epoch=190/200 g_loss=0.0169 d_loss=0.3343 reward=0.2254 reward_var=0.0042 unique=0.1400
D step=1/5 epoch=1/3 loss=0.3338 l2=0.2000 label_smoothing=0.000
D step=1/5 epoch=2/3 loss=0.3213 l2=0.2000 label_smoothing=0.000
D step=1/5 epoch=3/3 loss=0.3197 l2=0.2000 label_smoothing=0.000
D step=2/5 epoch=1/3 loss=0.3191 l2=0.2000 label_smoothing=0.000
D step=2/5 epoch=2/3 loss=0.3158 l2=0.2000 label_smoothing=0.000
D step=2/5 epoch=3/3 loss=0.3189 l2=0.2000 label_smoothing=0.000
D step=3/5 epoch=1/3 loss=0.3041 l2=0.2000 label_smoothing=0.000
D step=3/5 epoch=2/3 loss=0.2984 l2=0.2000 label_smoothing=0.000
D step=3/5 epoch=3/3 loss=0.3022 l2=0.2000 label_smoothing=0.000
D step=4/5 epoch=1/3 loss=0.3365 l2=0.2000 label_smoothing=0.000
D step=4/5 epoch=2/3 loss=0.3353 l2=0.2000 label_smoothing=0.000
D step=4/5 epoch=3/3 loss=0.3332 l2=0.2000 label_smoothing=0.000
D step=5/5 epoch=1/3 loss=0.3236 l2=0.2000 label_smoothing=0.000
D step=5/5 epoch=2/3 loss=0.3155 l2=0.2000 label_smoothing=0.000
D step=5/5 epoch=3/3 loss=0.3127 l2=0.2000 label_smoothing=0.000
ADV epoch=191/200 g_loss=0.0120 d_loss=0.3193 reward=0.1967 reward_var=0.0037 unique=0.1600
D step=1/5 epoch=1/3 loss=0.3568 l2=0.2000 label_smoothing=0.000
D step=1/5 epoch=2/3 loss=0.3468 l2=0.2000 label_smoothing=0.000
D step=1/5 epoch=3/3 loss=0.3438 l2=0.2000 label_smoothing=0.000
D step=2/5 epoch=1/3 loss=0.3033 l2=0.2000 label_smoothing=0.000
D step=2/5 epoch=2/3 loss=0.3022 l2=0.2000 label_smoothing=0.000
D step=2/5 epoch=3/3 loss=0.2997 l2=0.2000 label_smoothing=0.000
D step=3/5 epoch=1/3 loss=0.3488 l2=0.2000 label_smoothing=0.000
D step=3/5 epoch=2/3 loss=0.3480 l2=0.2000 label_smoothing=0.000
D step=3/5 epoch=3/3 loss=0.3509 l2=0.2000 label_smoothing=0.000
D step=4/5 epoch=1/3 loss=0.3696 l2=0.2000 label_smoothing=0.000
D step=4/5 epoch=2/3 loss=0.3647 l2=0.2000 label_smoothing=0.000
D step=4/5 epoch=3/3 loss=0.3661 l2=0.2000 label_smoothing=0.000
D step=5/5 epoch=1/3 loss=0.3294 l2=0.2000 label_smoothing=0.000
D step=5/5 epoch=2/3 loss=0.3249 l2=0.2000 label_smoothing=0.000
D step=5/5 epoch=3/3 loss=0.3224 l2=0.2000 label_smoothing=0.000
ADV epoch=192/200 g_loss=0.0168 d_loss=0.3385 reward=0.2167 reward_var=0.0045 unique=0.2200
D step=1/5 epoch=1/3 loss=0.3432 l2=0.2000 label_smoothing=0.000
D step=1/5 epoch=2/3 loss=0.3422 l2=0.2000 label_smoothing=0.000
D step=1/5 epoch=3/3 loss=0.3406 l2=0.2000 label_smoothing=0.000
D step=2/5 epoch=1/3 loss=0.3228 l2=0.2000 label_smoothing=0.000
D step=2/5 epoch=2/3 loss=0.3234 l2=0.2000 label_smoothing=0.000
D step=2/5 epoch=3/3 loss=0.3188 l2=0.2000 label_smoothing=0.000
D step=3/5 epoch=1/3 loss=0.3195 l2=0.2000 label_smoothing=0.000
D step=3/5 epoch=2/3 loss=0.3161 l2=0.2000 label_smoothing=0.000
D step=3/5 epoch=3/3 loss=0.3097 l2=0.2000 label_smoothing=0.000
D step=4/5 epoch=1/3 loss=0.2964 l2=0.2000 label_smoothing=0.000
D step=4/5 epoch=2/3 loss=0.2986 l2=0.2000 label_smoothing=0.000
D step=4/5 epoch=3/3 loss=0.2949 l2=0.2000 label_smoothing=0.000
D step=5/5 epoch=1/3 loss=0.3373 l2=0.2000 label_smoothing=0.000
D step=5/5 epoch=2/3 loss=0.3412 l2=0.2000 label_smoothing=0.000
D step=5/5 epoch=3/3 loss=0.3405 l2=0.2000 label_smoothing=0.000
ADV epoch=193/200 g_loss=0.0173 d_loss=0.3230 reward=0.2271 reward_var=0.0034 unique=0.1800
D step=1/5 epoch=1/3 loss=0.3467 l2=0.2000 label_smoothing=0.000
D step=1/5 epoch=2/3 loss=0.3401 l2=0.2000 label_smoothing=0.000
D step=1/5 epoch=3/3 loss=0.3446 l2=0.2000 label_smoothing=0.000
D step=2/5 epoch=1/3 loss=0.3252 l2=0.2000 label_smoothing=0.000
D step=2/5 epoch=2/3 loss=0.3218 l2=0.2000 label_smoothing=0.000
D step=2/5 epoch=3/3 loss=0.3193 l2=0.2000 label_smoothing=0.000
D step=3/5 epoch=1/3 loss=0.3705 l2=0.2000 label_smoothing=0.000
D step=3/5 epoch=2/3 loss=0.3648 l2=0.2000 label_smoothing=0.000
D step=3/5 epoch=3/3 loss=0.3665 l2=0.2000 label_smoothing=0.000
D step=4/5 epoch=1/3 loss=0.3438 l2=0.2000 label_smoothing=0.000
D step=4/5 epoch=2/3 loss=0.3435 l2=0.2000 label_smoothing=0.000
D step=4/5 epoch=3/3 loss=0.3371 l2=0.2000 label_smoothing=0.000
D step=5/5 epoch=1/3 loss=0.3500 l2=0.2000 label_smoothing=0.000
D step=5/5 epoch=2/3 loss=0.3490 l2=0.2000 label_smoothing=0.000
D step=5/5 epoch=3/3 loss=0.3456 l2=0.2000 label_smoothing=0.000
ADV epoch=194/200 g_loss=0.0124 d_loss=0.3446 reward=0.1848 reward_var=0.0025 unique=0.2000
D step=1/5 epoch=1/3 loss=0.3397 l2=0.2000 label_smoothing=0.000
D step=1/5 epoch=2/3 loss=0.3432 l2=0.2000 label_smoothing=0.000
D step=1/5 epoch=3/3 loss=0.3355 l2=0.2000 label_smoothing=0.000
D step=2/5 epoch=1/3 loss=0.3715 l2=0.2000 label_smoothing=0.000
D step=2/5 epoch=2/3 loss=0.3682 l2=0.2000 label_smoothing=0.000
D step=2/5 epoch=3/3 loss=0.3575 l2=0.2000 label_smoothing=0.000
D step=3/5 epoch=1/3 loss=0.3044 l2=0.2000 label_smoothing=0.000
D step=3/5 epoch=2/3 loss=0.3094 l2=0.2000 label_smoothing=0.000
D step=3/5 epoch=3/3 loss=0.3036 l2=0.2000 label_smoothing=0.000
D step=4/5 epoch=1/3 loss=0.3544 l2=0.2000 label_smoothing=0.000
D step=4/5 epoch=2/3 loss=0.3477 l2=0.2000 label_smoothing=0.000
D step=4/5 epoch=3/3 loss=0.3506 l2=0.2000 label_smoothing=0.000
D step=5/5 epoch=1/3 loss=0.3552 l2=0.2000 label_smoothing=0.000
D step=5/5 epoch=2/3 loss=0.3452 l2=0.2000 label_smoothing=0.000
D step=5/5 epoch=3/3 loss=0.3444 l2=0.2000 label_smoothing=0.000
ADV epoch=195/200 g_loss=0.0182 d_loss=0.3420 reward=0.2277 reward_var=0.0037 unique=0.1400
D step=1/5 epoch=1/3 loss=0.3271 l2=0.2000 label_smoothing=0.000
D step=1/5 epoch=2/3 loss=0.3267 l2=0.2000 label_smoothing=0.000
D step=1/5 epoch=3/3 loss=0.3219 l2=0.2000 label_smoothing=0.000
D step=2/5 epoch=1/3 loss=0.3562 l2=0.2000 label_smoothing=0.000
D step=2/5 epoch=2/3 loss=0.3551 l2=0.2000 label_smoothing=0.000
D step=2/5 epoch=3/3 loss=0.3520 l2=0.2000 label_smoothing=0.000
D step=3/5 epoch=1/3 loss=0.2994 l2=0.2000 label_smoothing=0.000
D step=3/5 epoch=2/3 loss=0.2993 l2=0.2000 label_smoothing=0.000
D step=3/5 epoch=3/3 loss=0.3004 l2=0.2000 label_smoothing=0.000
D step=4/5 epoch=1/3 loss=0.3346 l2=0.2000 label_smoothing=0.000
D step=4/5 epoch=2/3 loss=0.3267 l2=0.2000 label_smoothing=0.000
D step=4/5 epoch=3/3 loss=0.3292 l2=0.2000 label_smoothing=0.000
D step=5/5 epoch=1/3 loss=0.2836 l2=0.2000 label_smoothing=0.000
D step=5/5 epoch=2/3 loss=0.2901 l2=0.2000 label_smoothing=0.000
D step=5/5 epoch=3/3 loss=0.2902 l2=0.2000 label_smoothing=0.000
ADV epoch=196/200 g_loss=0.0127 d_loss=0.3195 reward=0.2027 reward_var=0.0009 unique=0.1400
D step=1/5 epoch=1/3 loss=0.3375 l2=0.2000 label_smoothing=0.000
D step=1/5 epoch=2/3 loss=0.3423 l2=0.2000 label_smoothing=0.000
D step=1/5 epoch=3/3 loss=0.3315 l2=0.2000 label_smoothing=0.000
D step=2/5 epoch=1/3 loss=0.3759 l2=0.2000 label_smoothing=0.000
D step=2/5 epoch=2/3 loss=0.3776 l2=0.2000 label_smoothing=0.000
D step=2/5 epoch=3/3 loss=0.3713 l2=0.2000 label_smoothing=0.000
D step=3/5 epoch=1/3 loss=0.3132 l2=0.2000 label_smoothing=0.000
D step=3/5 epoch=2/3 loss=0.3131 l2=0.2000 label_smoothing=0.000
D step=3/5 epoch=3/3 loss=0.3109 l2=0.2000 label_smoothing=0.000
D step=4/5 epoch=1/3 loss=0.3237 l2=0.2000 label_smoothing=0.000
D step=4/5 epoch=2/3 loss=0.3187 l2=0.2000 label_smoothing=0.000
D step=4/5 epoch=3/3 loss=0.3238 l2=0.2000 label_smoothing=0.000
D step=5/5 epoch=1/3 loss=0.3476 l2=0.2000 label_smoothing=0.000
D step=5/5 epoch=2/3 loss=0.3469 l2=0.2000 label_smoothing=0.000
D step=5/5 epoch=3/3 loss=0.3441 l2=0.2000 label_smoothing=0.000
ADV epoch=197/200 g_loss=0.0160 d_loss=0.3385 reward=0.1960 reward_var=0.0029 unique=0.1400
D step=1/5 epoch=1/3 loss=0.3253 l2=0.2000 label_smoothing=0.000
D step=1/5 epoch=2/3 loss=0.3273 l2=0.2000 label_smoothing=0.000
D step=1/5 epoch=3/3 loss=0.3252 l2=0.2000 label_smoothing=0.000
D step=2/5 epoch=1/3 loss=0.3139 l2=0.2000 label_smoothing=0.000
D step=2/5 epoch=2/3 loss=0.3162 l2=0.2000 label_smoothing=0.000
D step=2/5 epoch=3/3 loss=0.3131 l2=0.2000 label_smoothing=0.000
D step=3/5 epoch=1/3 loss=0.3608 l2=0.2000 label_smoothing=0.000
D step=3/5 epoch=2/3 loss=0.3620 l2=0.2000 label_smoothing=0.000
D step=3/5 epoch=3/3 loss=0.3665 l2=0.2000 label_smoothing=0.000
D step=4/5 epoch=1/3 loss=0.3153 l2=0.2000 label_smoothing=0.000
D step=4/5 epoch=2/3 loss=0.3182 l2=0.2000 label_smoothing=0.000
D step=4/5 epoch=3/3 loss=0.3118 l2=0.2000 label_smoothing=0.000
D step=5/5 epoch=1/3 loss=0.3656 l2=0.2000 label_smoothing=0.000
D step=5/5 epoch=2/3 loss=0.3642 l2=0.2000 label_smoothing=0.000
D step=5/5 epoch=3/3 loss=0.3550 l2=0.2000 label_smoothing=0.000
ADV epoch=198/200 g_loss=0.0126 d_loss=0.3360 reward=0.2055 reward_var=0.0002 unique=0.2200
D step=1/5 epoch=1/3 loss=0.2880 l2=0.2000 label_smoothing=0.000
D step=1/5 epoch=2/3 loss=0.2833 l2=0.2000 label_smoothing=0.000
D step=1/5 epoch=3/3 loss=0.2821 l2=0.2000 label_smoothing=0.000
D step=2/5 epoch=1/3 loss=0.3166 l2=0.2000 label_smoothing=0.000
D step=2/5 epoch=2/3 loss=0.3190 l2=0.2000 label_smoothing=0.000
D step=2/5 epoch=3/3 loss=0.3180 l2=0.2000 label_smoothing=0.000
D step=3/5 epoch=1/3 loss=0.3480 l2=0.2000 label_smoothing=0.000
D step=3/5 epoch=2/3 loss=0.3462 l2=0.2000 label_smoothing=0.000
D step=3/5 epoch=3/3 loss=0.3503 l2=0.2000 label_smoothing=0.000
D step=4/5 epoch=1/3 loss=0.3540 l2=0.2000 label_smoothing=0.000
D step=4/5 epoch=2/3 loss=0.3525 l2=0.2000 label_smoothing=0.000
D step=4/5 epoch=3/3 loss=0.3515 l2=0.2000 label_smoothing=0.000
D step=5/5 epoch=1/3 loss=0.3271 l2=0.2000 label_smoothing=0.000
D step=5/5 epoch=2/3 loss=0.3281 l2=0.2000 label_smoothing=0.000
D step=5/5 epoch=3/3 loss=0.3213 l2=0.2000 label_smoothing=0.000
ADV epoch=199/200 g_loss=0.0143 d_loss=0.3257 reward=0.2041 reward_var=0.0007 unique=0.2000
D step=1/5 epoch=1/3 loss=0.3241 l2=0.2000 label_smoothing=0.000
D step=1/5 epoch=2/3 loss=0.3191 l2=0.2000 label_smoothing=0.000
D step=1/5 epoch=3/3 loss=0.3242 l2=0.2000 label_smoothing=0.000
D step=2/5 epoch=1/3 loss=0.3277 l2=0.2000 label_smoothing=0.000
D step=2/5 epoch=2/3 loss=0.3339 l2=0.2000 label_smoothing=0.000
D step=2/5 epoch=3/3 loss=0.3274 l2=0.2000 label_smoothing=0.000
D step=3/5 epoch=1/3 loss=0.3171 l2=0.2000 label_smoothing=0.000
D step=3/5 epoch=2/3 loss=0.3108 l2=0.2000 label_smoothing=0.000
D step=3/5 epoch=3/3 loss=0.3148 l2=0.2000 label_smoothing=0.000
D step=4/5 epoch=1/3 loss=0.3478 l2=0.2000 label_smoothing=0.000
D step=4/5 epoch=2/3 loss=0.3486 l2=0.2000 label_smoothing=0.000
D step=4/5 epoch=3/3 loss=0.3498 l2=0.2000 label_smoothing=0.000
D step=5/5 epoch=1/3 loss=0.3173 l2=0.2000 label_smoothing=0.000
D step=5/5 epoch=2/3 loss=0.3173 l2=0.2000 label_smoothing=0.000
D step=5/5 epoch=3/3 loss=0.3210 l2=0.2000 label_smoothing=0.000
ADV epoch=200/200 g_loss=0.0153 d_loss=0.3267 reward=0.2164 reward_var=0.0024 unique=0.1600
saved 2000 raw samples to /content/drive/MyDrive/GAN_for_SQLi - 2/result/final/seqgan_master/union/D/R200/generated_payloads.csv
