
[1/3] pretrain G
G epoch=1/120 loss=4.5522
G epoch=2/120 loss=4.2725
G epoch=3/120 loss=3.8704
G epoch=4/120 loss=3.4023
G epoch=5/120 loss=3.0101
G epoch=6/120 loss=2.8336
G epoch=7/120 loss=2.6247
G epoch=8/120 loss=2.5164
G epoch=9/120 loss=2.3580
G epoch=10/120 loss=2.2221
G epoch=11/120 loss=2.1179
G epoch=12/120 loss=2.0037
G epoch=13/120 loss=1.8939
G epoch=14/120 loss=1.8270
G epoch=15/120 loss=1.6802
G epoch=16/120 loss=1.6315
G epoch=17/120 loss=1.5773
G epoch=18/120 loss=1.4893
G epoch=19/120 loss=1.4393
G epoch=20/120 loss=1.4126
G epoch=21/120 loss=1.3315
G epoch=22/120 loss=1.2777
G epoch=23/120 loss=1.2042
G epoch=24/120 loss=1.1911
G epoch=25/120 loss=1.1722
G epoch=26/120 loss=1.0946
G epoch=27/120 loss=1.0479
G epoch=28/120 loss=1.0412
G epoch=29/120 loss=0.9952
G epoch=30/120 loss=1.0008
G epoch=31/120 loss=0.9342
G epoch=32/120 loss=0.9510
G epoch=33/120 loss=0.9203
G epoch=34/120 loss=0.9150
G epoch=35/120 loss=0.8682
G epoch=36/120 loss=0.8087
G epoch=37/120 loss=0.8409
G epoch=38/120 loss=0.8161
G epoch=39/120 loss=0.8022
G epoch=40/120 loss=0.7874
G epoch=41/120 loss=0.7873
G epoch=42/120 loss=0.7608
G epoch=43/120 loss=0.7767
G epoch=44/120 loss=0.7316
G epoch=45/120 loss=0.7229
G epoch=46/120 loss=0.7098
G epoch=47/120 loss=0.7038
G epoch=48/120 loss=0.7091
G epoch=49/120 loss=0.6827
G epoch=50/120 loss=0.6542
G epoch=51/120 loss=0.6554
G epoch=52/120 loss=0.6462
G epoch=53/120 loss=0.6560
G epoch=54/120 loss=0.6520
G epoch=55/120 loss=0.6482
G epoch=56/120 loss=0.6462
G epoch=57/120 loss=0.6184
G epoch=58/120 loss=0.6307
G epoch=59/120 loss=0.6104
G epoch=60/120 loss=0.6062
G epoch=61/120 loss=0.5908
G epoch=62/120 loss=0.6057
G epoch=63/120 loss=0.5827
G epoch=64/120 loss=0.5964
G epoch=65/120 loss=0.5725
G epoch=66/120 loss=0.5826
G epoch=67/120 loss=0.5562
G epoch=68/120 loss=0.5737
G epoch=69/120 loss=0.5632
G epoch=70/120 loss=0.5469
G epoch=71/120 loss=0.5581
G epoch=72/120 loss=0.5455
G epoch=73/120 loss=0.5410
G epoch=74/120 loss=0.5443
G epoch=75/120 loss=0.5488
G epoch=76/120 loss=0.5248
G epoch=77/120 loss=0.5179
G epoch=78/120 loss=0.5261
G epoch=79/120 loss=0.5326
G epoch=80/120 loss=0.5072
G epoch=81/120 loss=0.5255
G epoch=82/120 loss=0.5068
G epoch=83/120 loss=0.4993
G epoch=84/120 loss=0.5192
G epoch=85/120 loss=0.5012
G epoch=86/120 loss=0.5004
G epoch=87/120 loss=0.4922
G epoch=88/120 loss=0.4943
G epoch=89/120 loss=0.5079
G epoch=90/120 loss=0.5063
G epoch=91/120 loss=0.4861
G epoch=92/120 loss=0.4784
G epoch=93/120 loss=0.4632
G epoch=94/120 loss=0.4749
G epoch=95/120 loss=0.4769
G epoch=96/120 loss=0.4801
G epoch=97/120 loss=0.4726
G epoch=98/120 loss=0.4663
G epoch=99/120 loss=0.4690
G epoch=100/120 loss=0.4601
G epoch=101/120 loss=0.4555
G epoch=102/120 loss=0.4475
G epoch=103/120 loss=0.4681
G epoch=104/120 loss=0.4442
G epoch=105/120 loss=0.4372
G epoch=106/120 loss=0.4597
G epoch=107/120 loss=0.4391
G epoch=108/120 loss=0.4443
G epoch=109/120 loss=0.4372
G epoch=110/120 loss=0.4566
G epoch=111/120 loss=0.4451
G epoch=112/120 loss=0.4401
G epoch=113/120 loss=0.4393
G epoch=114/120 loss=0.4401
G epoch=115/120 loss=0.4173
G epoch=116/120 loss=0.4302
G epoch=117/120 loss=0.4400
G epoch=118/120 loss=0.4153
G epoch=119/120 loss=0.4362
G epoch=120/120 loss=0.4369

[2/3] pretrain D
D step=1/50 epoch=1/3 loss=0.7707 l2=0.2000 label_smoothing=0.000
D step=1/50 epoch=2/3 loss=0.7469 l2=0.2000 label_smoothing=0.000
D step=1/50 epoch=3/3 loss=0.7622 l2=0.2000 label_smoothing=0.000
D step=2/50 epoch=1/3 loss=0.7873 l2=0.2000 label_smoothing=0.000
D step=2/50 epoch=2/3 loss=0.7126 l2=0.2000 label_smoothing=0.000
D step=2/50 epoch=3/3 loss=0.7125 l2=0.2000 label_smoothing=0.000
D step=3/50 epoch=1/3 loss=0.7206 l2=0.2000 label_smoothing=0.000
D step=3/50 epoch=2/3 loss=0.7165 l2=0.2000 label_smoothing=0.000
D step=3/50 epoch=3/3 loss=0.6839 l2=0.2000 label_smoothing=0.000
D step=4/50 epoch=1/3 loss=0.7073 l2=0.2000 label_smoothing=0.000
D step=4/50 epoch=2/3 loss=0.6711 l2=0.2000 label_smoothing=0.000
D step=4/50 epoch=3/3 loss=0.6427 l2=0.2000 label_smoothing=0.000
D step=5/50 epoch=1/3 loss=0.6638 l2=0.2000 label_smoothing=0.000
D step=5/50 epoch=2/3 loss=0.6283 l2=0.2000 label_smoothing=0.000
D step=5/50 epoch=3/3 loss=0.6148 l2=0.2000 label_smoothing=0.000
D step=6/50 epoch=1/3 loss=0.6327 l2=0.2000 label_smoothing=0.000
D step=6/50 epoch=2/3 loss=0.6242 l2=0.2000 label_smoothing=0.000
D step=6/50 epoch=3/3 loss=0.6006 l2=0.2000 label_smoothing=0.000
D step=7/50 epoch=1/3 loss=0.6431 l2=0.2000 label_smoothing=0.000
D step=7/50 epoch=2/3 loss=0.6192 l2=0.2000 label_smoothing=0.000
D step=7/50 epoch=3/3 loss=0.5802 l2=0.2000 label_smoothing=0.000
D step=8/50 epoch=1/3 loss=0.5500 l2=0.2000 label_smoothing=0.000
D step=8/50 epoch=2/3 loss=0.5532 l2=0.2000 label_smoothing=0.000
D step=8/50 epoch=3/3 loss=0.5266 l2=0.2000 label_smoothing=0.000
D step=9/50 epoch=1/3 loss=0.6229 l2=0.2000 label_smoothing=0.000
D step=9/50 epoch=2/3 loss=0.5780 l2=0.2000 label_smoothing=0.000
D step=9/50 epoch=3/3 loss=0.5540 l2=0.2000 label_smoothing=0.000
D step=10/50 epoch=1/3 loss=0.5586 l2=0.2000 label_smoothing=0.000
D step=10/50 epoch=2/3 loss=0.5495 l2=0.2000 label_smoothing=0.000
D step=10/50 epoch=3/3 loss=0.5303 l2=0.2000 label_smoothing=0.000
D step=11/50 epoch=1/3 loss=0.5925 l2=0.2000 label_smoothing=0.000
D step=11/50 epoch=2/3 loss=0.5453 l2=0.2000 label_smoothing=0.000
D step=11/50 epoch=3/3 loss=0.5215 l2=0.2000 label_smoothing=0.000
D step=12/50 epoch=1/3 loss=0.5839 l2=0.2000 label_smoothing=0.000
D step=12/50 epoch=2/3 loss=0.5879 l2=0.2000 label_smoothing=0.000
D step=12/50 epoch=3/3 loss=0.5377 l2=0.2000 label_smoothing=0.000
D step=13/50 epoch=1/3 loss=0.5063 l2=0.2000 label_smoothing=0.000
D step=13/50 epoch=2/3 loss=0.4917 l2=0.2000 label_smoothing=0.000
D step=13/50 epoch=3/3 loss=0.4825 l2=0.2000 label_smoothing=0.000
D step=14/50 epoch=1/3 loss=0.5228 l2=0.2000 label_smoothing=0.000
D step=14/50 epoch=2/3 loss=0.5004 l2=0.2000 label_smoothing=0.000
D step=14/50 epoch=3/3 loss=0.4879 l2=0.2000 label_smoothing=0.000
D step=15/50 epoch=1/3 loss=0.5461 l2=0.2000 label_smoothing=0.000
D step=15/50 epoch=2/3 loss=0.4937 l2=0.2000 label_smoothing=0.000
D step=15/50 epoch=3/3 loss=0.4695 l2=0.2000 label_smoothing=0.000
D step=16/50 epoch=1/3 loss=0.4999 l2=0.2000 label_smoothing=0.000
D step=16/50 epoch=2/3 loss=0.4835 l2=0.2000 label_smoothing=0.000
D step=16/50 epoch=3/3 loss=0.4674 l2=0.2000 label_smoothing=0.000
D step=17/50 epoch=1/3 loss=0.5317 l2=0.2000 label_smoothing=0.000
D step=17/50 epoch=2/3 loss=0.4826 l2=0.2000 label_smoothing=0.000
D step=17/50 epoch=3/3 loss=0.4689 l2=0.2000 label_smoothing=0.000
D step=18/50 epoch=1/3 loss=0.5160 l2=0.2000 label_smoothing=0.000
D step=18/50 epoch=2/3 loss=0.4781 l2=0.2000 label_smoothing=0.000
D step=18/50 epoch=3/3 loss=0.4762 l2=0.2000 label_smoothing=0.000
D step=19/50 epoch=1/3 loss=0.4460 l2=0.2000 label_smoothing=0.000
D step=19/50 epoch=2/3 loss=0.4080 l2=0.2000 label_smoothing=0.000
D step=19/50 epoch=3/3 loss=0.3895 l2=0.2000 label_smoothing=0.000
D step=20/50 epoch=1/3 loss=0.5068 l2=0.2000 label_smoothing=0.000
D step=20/50 epoch=2/3 loss=0.5254 l2=0.2000 label_smoothing=0.000
D step=20/50 epoch=3/3 loss=0.4707 l2=0.2000 label_smoothing=0.000
D step=21/50 epoch=1/3 loss=0.4606 l2=0.2000 label_smoothing=0.000
D step=21/50 epoch=2/3 loss=0.4493 l2=0.2000 label_smoothing=0.000
D step=21/50 epoch=3/3 loss=0.4106 l2=0.2000 label_smoothing=0.000
D step=22/50 epoch=1/3 loss=0.4510 l2=0.2000 label_smoothing=0.000
D step=22/50 epoch=2/3 loss=0.4289 l2=0.2000 label_smoothing=0.000
D step=22/50 epoch=3/3 loss=0.4147 l2=0.2000 label_smoothing=0.000
D step=23/50 epoch=1/3 loss=0.4460 l2=0.2000 label_smoothing=0.000
D step=23/50 epoch=2/3 loss=0.4352 l2=0.2000 label_smoothing=0.000
D step=23/50 epoch=3/3 loss=0.4227 l2=0.2000 label_smoothing=0.000
D step=24/50 epoch=1/3 loss=0.4190 l2=0.2000 label_smoothing=0.000
D step=24/50 epoch=2/3 loss=0.3967 l2=0.2000 label_smoothing=0.000
D step=24/50 epoch=3/3 loss=0.3712 l2=0.2000 label_smoothing=0.000
D step=25/50 epoch=1/3 loss=0.4502 l2=0.2000 label_smoothing=0.000
D step=25/50 epoch=2/3 loss=0.4384 l2=0.2000 label_smoothing=0.000
D step=25/50 epoch=3/3 loss=0.4047 l2=0.2000 label_smoothing=0.000
D step=26/50 epoch=1/3 loss=0.4107 l2=0.2000 label_smoothing=0.000
D step=26/50 epoch=2/3 loss=0.4085 l2=0.2000 label_smoothing=0.000
D step=26/50 epoch=3/3 loss=0.4000 l2=0.2000 label_smoothing=0.000
D step=27/50 epoch=1/3 loss=0.4341 l2=0.2000 label_smoothing=0.000
D step=27/50 epoch=2/3 loss=0.4056 l2=0.2000 label_smoothing=0.000
D step=27/50 epoch=3/3 loss=0.3692 l2=0.2000 label_smoothing=0.000
D step=28/50 epoch=1/3 loss=0.4517 l2=0.2000 label_smoothing=0.000
D step=28/50 epoch=2/3 loss=0.4338 l2=0.2000 label_smoothing=0.000
D step=28/50 epoch=3/3 loss=0.3725 l2=0.2000 label_smoothing=0.000
D step=29/50 epoch=1/3 loss=0.3933 l2=0.2000 label_smoothing=0.000
D step=29/50 epoch=2/3 loss=0.3727 l2=0.2000 label_smoothing=0.000
D step=29/50 epoch=3/3 loss=0.3656 l2=0.2000 label_smoothing=0.000
D step=30/50 epoch=1/3 loss=0.5860 l2=0.2000 label_smoothing=0.000
D step=30/50 epoch=2/3 loss=0.4491 l2=0.2000 label_smoothing=0.000
D step=30/50 epoch=3/3 loss=0.4751 l2=0.2000 label_smoothing=0.000
D step=31/50 epoch=1/3 loss=0.4122 l2=0.2000 label_smoothing=0.000
D step=31/50 epoch=2/3 loss=0.3827 l2=0.2000 label_smoothing=0.000
D step=31/50 epoch=3/3 loss=0.3695 l2=0.2000 label_smoothing=0.000
D step=32/50 epoch=1/3 loss=0.3935 l2=0.2000 label_smoothing=0.000
D step=32/50 epoch=2/3 loss=0.3929 l2=0.2000 label_smoothing=0.000
D step=32/50 epoch=3/3 loss=0.3587 l2=0.2000 label_smoothing=0.000
D step=33/50 epoch=1/3 loss=0.3948 l2=0.2000 label_smoothing=0.000
D step=33/50 epoch=2/3 loss=0.3911 l2=0.2000 label_smoothing=0.000
D step=33/50 epoch=3/3 loss=0.3680 l2=0.2000 label_smoothing=0.000
D step=34/50 epoch=1/3 loss=0.3828 l2=0.2000 label_smoothing=0.000
D step=34/50 epoch=2/3 loss=0.3545 l2=0.2000 label_smoothing=0.000
D step=34/50 epoch=3/3 loss=0.3298 l2=0.2000 label_smoothing=0.000
D step=35/50 epoch=1/3 loss=0.4216 l2=0.2000 label_smoothing=0.000
D step=35/50 epoch=2/3 loss=0.3580 l2=0.2000 label_smoothing=0.000
D step=35/50 epoch=3/3 loss=0.3808 l2=0.2000 label_smoothing=0.000
D step=36/50 epoch=1/3 loss=0.4164 l2=0.2000 label_smoothing=0.000
D step=36/50 epoch=2/3 loss=0.3836 l2=0.2000 label_smoothing=0.000
D step=36/50 epoch=3/3 loss=0.3683 l2=0.2000 label_smoothing=0.000
D step=37/50 epoch=1/3 loss=0.3892 l2=0.2000 label_smoothing=0.000
D step=37/50 epoch=2/3 loss=0.3544 l2=0.2000 label_smoothing=0.000
D step=37/50 epoch=3/3 loss=0.3310 l2=0.2000 label_smoothing=0.000
D step=38/50 epoch=1/3 loss=0.3508 l2=0.2000 label_smoothing=0.000
D step=38/50 epoch=2/3 loss=0.3411 l2=0.2000 label_smoothing=0.000
D step=38/50 epoch=3/3 loss=0.3175 l2=0.2000 label_smoothing=0.000
D step=39/50 epoch=1/3 loss=0.3395 l2=0.2000 label_smoothing=0.000
D step=39/50 epoch=2/3 loss=0.3267 l2=0.2000 label_smoothing=0.000
D step=39/50 epoch=3/3 loss=0.3063 l2=0.2000 label_smoothing=0.000
D step=40/50 epoch=1/3 loss=0.4093 l2=0.2000 label_smoothing=0.000
D step=40/50 epoch=2/3 loss=0.3837 l2=0.2000 label_smoothing=0.000
D step=40/50 epoch=3/3 loss=0.3439 l2=0.2000 label_smoothing=0.000
D step=41/50 epoch=1/3 loss=0.3751 l2=0.2000 label_smoothing=0.000
D step=41/50 epoch=2/3 loss=0.3739 l2=0.2000 label_smoothing=0.000
D step=41/50 epoch=3/3 loss=0.3558 l2=0.2000 label_smoothing=0.000
D step=42/50 epoch=1/3 loss=0.3761 l2=0.2000 label_smoothing=0.000
D step=42/50 epoch=2/3 loss=0.3440 l2=0.2000 label_smoothing=0.000
D step=42/50 epoch=3/3 loss=0.3508 l2=0.2000 label_smoothing=0.000
D step=43/50 epoch=1/3 loss=0.3591 l2=0.2000 label_smoothing=0.000
D step=43/50 epoch=2/3 loss=0.3429 l2=0.2000 label_smoothing=0.000
D step=43/50 epoch=3/3 loss=0.3398 l2=0.2000 label_smoothing=0.000
D step=44/50 epoch=1/3 loss=0.3443 l2=0.2000 label_smoothing=0.000
D step=44/50 epoch=2/3 loss=0.3149 l2=0.2000 label_smoothing=0.000
D step=44/50 epoch=3/3 loss=0.3025 l2=0.2000 label_smoothing=0.000
D step=45/50 epoch=1/3 loss=0.3305 l2=0.2000 label_smoothing=0.000
D step=45/50 epoch=2/3 loss=0.3153 l2=0.2000 label_smoothing=0.000
D step=45/50 epoch=3/3 loss=0.3027 l2=0.2000 label_smoothing=0.000
D step=46/50 epoch=1/3 loss=0.3246 l2=0.2000 label_smoothing=0.000
D step=46/50 epoch=2/3 loss=0.2927 l2=0.2000 label_smoothing=0.000
D step=46/50 epoch=3/3 loss=0.2738 l2=0.2000 label_smoothing=0.000
D step=47/50 epoch=1/3 loss=0.3204 l2=0.2000 label_smoothing=0.000
D step=47/50 epoch=2/3 loss=0.3088 l2=0.2000 label_smoothing=0.000
D step=47/50 epoch=3/3 loss=0.2938 l2=0.2000 label_smoothing=0.000
D step=48/50 epoch=1/3 loss=0.3423 l2=0.2000 label_smoothing=0.000
D step=48/50 epoch=2/3 loss=0.3540 l2=0.2000 label_smoothing=0.000
D step=48/50 epoch=3/3 loss=0.3252 l2=0.2000 label_smoothing=0.000
D step=49/50 epoch=1/3 loss=0.3843 l2=0.2000 label_smoothing=0.000
D step=49/50 epoch=2/3 loss=0.3518 l2=0.2000 label_smoothing=0.000
D step=49/50 epoch=3/3 loss=0.3182 l2=0.2000 label_smoothing=0.000
D step=50/50 epoch=1/3 loss=0.3047 l2=0.2000 label_smoothing=0.000
D step=50/50 epoch=2/3 loss=0.2977 l2=0.2000 label_smoothing=0.000
D step=50/50 epoch=3/3 loss=0.3008 l2=0.2000 label_smoothing=0.000

[3/3] adversarial
generator_reward_mode=off reward_alpha=1.000 d_steps=5 d_epochs=3
D step=1/5 epoch=1/3 loss=0.4966 l2=0.2000 label_smoothing=0.000
D step=1/5 epoch=2/3 loss=0.3780 l2=0.2000 label_smoothing=0.000
D step=1/5 epoch=3/3 loss=0.3460 l2=0.2000 label_smoothing=0.000
D step=2/5 epoch=1/3 loss=0.3845 l2=0.2000 label_smoothing=0.000
D step=2/5 epoch=2/3 loss=0.3285 l2=0.2000 label_smoothing=0.000
D step=2/5 epoch=3/3 loss=0.3163 l2=0.2000 label_smoothing=0.000
D step=3/5 epoch=1/3 loss=0.3056 l2=0.2000 label_smoothing=0.000
D step=3/5 epoch=2/3 loss=0.3064 l2=0.2000 label_smoothing=0.000
D step=3/5 epoch=3/3 loss=0.2775 l2=0.2000 label_smoothing=0.000
D step=4/5 epoch=1/3 loss=0.3162 l2=0.2000 label_smoothing=0.000
D step=4/5 epoch=2/3 loss=0.3211 l2=0.2000 label_smoothing=0.000
D step=4/5 epoch=3/3 loss=0.2903 l2=0.2000 label_smoothing=0.000
D step=5/5 epoch=1/3 loss=0.3173 l2=0.2000 label_smoothing=0.000
D step=5/5 epoch=2/3 loss=0.3027 l2=0.2000 label_smoothing=0.000
D step=5/5 epoch=3/3 loss=0.2911 l2=0.2000 label_smoothing=0.000
ADV epoch=1/200 g_loss=0.0688 d_loss=0.3319 reward=0.2470 reward_var=0.0573 unique=0.6600
D step=1/5 epoch=1/3 loss=0.3299 l2=0.2000 label_smoothing=0.000
D step=1/5 epoch=2/3 loss=0.4449 l2=0.2000 label_smoothing=0.000
D step=1/5 epoch=3/3 loss=0.3016 l2=0.2000 label_smoothing=0.000
D step=2/5 epoch=1/3 loss=0.3239 l2=0.2000 label_smoothing=0.000
D step=2/5 epoch=2/3 loss=0.3117 l2=0.2000 label_smoothing=0.000
D step=2/5 epoch=3/3 loss=0.2962 l2=0.2000 label_smoothing=0.000
D step=3/5 epoch=1/3 loss=0.2923 l2=0.2000 label_smoothing=0.000
D step=3/5 epoch=2/3 loss=0.2865 l2=0.2000 label_smoothing=0.000
D step=3/5 epoch=3/3 loss=0.2697 l2=0.2000 label_smoothing=0.000
D step=4/5 epoch=1/3 loss=0.3338 l2=0.2000 label_smoothing=0.000
D step=4/5 epoch=2/3 loss=0.3159 l2=0.2000 label_smoothing=0.000
D step=4/5 epoch=3/3 loss=0.3153 l2=0.2000 label_smoothing=0.000
D step=5/5 epoch=1/3 loss=0.3249 l2=0.2000 label_smoothing=0.000
D step=5/5 epoch=2/3 loss=0.3144 l2=0.2000 label_smoothing=0.000
D step=5/5 epoch=3/3 loss=0.2892 l2=0.2000 label_smoothing=0.000
ADV epoch=2/200 g_loss=0.0684 d_loss=0.3167 reward=0.2330 reward_var=0.0439 unique=0.6400
D step=1/5 epoch=1/3 loss=0.4067 l2=0.2000 label_smoothing=0.000
D step=1/5 epoch=2/3 loss=0.4566 l2=0.2000 label_smoothing=0.000
D step=1/5 epoch=3/3 loss=0.3078 l2=0.2000 label_smoothing=0.000
D step=2/5 epoch=1/3 loss=0.3505 l2=0.2000 label_smoothing=0.000
D step=2/5 epoch=2/3 loss=0.3216 l2=0.2000 label_smoothing=0.000
D step=2/5 epoch=3/3 loss=0.3237 l2=0.2000 label_smoothing=0.000
D step=3/5 epoch=1/3 loss=0.3498 l2=0.2000 label_smoothing=0.000
D step=3/5 epoch=2/3 loss=0.3815 l2=0.2000 label_smoothing=0.000
D step=3/5 epoch=3/3 loss=0.3882 l2=0.2000 label_smoothing=0.000
D step=4/5 epoch=1/3 loss=0.3241 l2=0.2000 label_smoothing=0.000
D step=4/5 epoch=2/3 loss=0.3307 l2=0.2000 label_smoothing=0.000
D step=4/5 epoch=3/3 loss=0.3135 l2=0.2000 label_smoothing=0.000
D step=5/5 epoch=1/3 loss=0.3443 l2=0.2000 label_smoothing=0.000
D step=5/5 epoch=2/3 loss=0.3192 l2=0.2000 label_smoothing=0.000
D step=5/5 epoch=3/3 loss=0.3122 l2=0.2000 label_smoothing=0.000
ADV epoch=3/200 g_loss=0.0844 d_loss=0.3487 reward=0.2856 reward_var=0.0514 unique=0.5400
D step=1/5 epoch=1/3 loss=0.3730 l2=0.2000 label_smoothing=0.000
D step=1/5 epoch=2/3 loss=0.3669 l2=0.2000 label_smoothing=0.000
D step=1/5 epoch=3/3 loss=0.3012 l2=0.2000 label_smoothing=0.000
D step=2/5 epoch=1/3 loss=0.3267 l2=0.2000 label_smoothing=0.000
D step=2/5 epoch=2/3 loss=0.3199 l2=0.2000 label_smoothing=0.000
D step=2/5 epoch=3/3 loss=0.3018 l2=0.2000 label_smoothing=0.000
D step=3/5 epoch=1/3 loss=0.3056 l2=0.2000 label_smoothing=0.000
D step=3/5 epoch=2/3 loss=0.3085 l2=0.2000 label_smoothing=0.000
D step=3/5 epoch=3/3 loss=0.3006 l2=0.2000 label_smoothing=0.000
D step=4/5 epoch=1/3 loss=0.3205 l2=0.2000 label_smoothing=0.000
D step=4/5 epoch=2/3 loss=0.3305 l2=0.2000 label_smoothing=0.000
D step=4/5 epoch=3/3 loss=0.3186 l2=0.2000 label_smoothing=0.000
D step=5/5 epoch=1/3 loss=0.3235 l2=0.2000 label_smoothing=0.000
D step=5/5 epoch=2/3 loss=0.2792 l2=0.2000 label_smoothing=0.000
D step=5/5 epoch=3/3 loss=0.3034 l2=0.2000 label_smoothing=0.000
ADV epoch=4/200 g_loss=0.0505 d_loss=0.3187 reward=0.1702 reward_var=0.0155 unique=0.4000
D step=1/5 epoch=1/3 loss=0.4016 l2=0.2000 label_smoothing=0.000
D step=1/5 epoch=2/3 loss=0.3233 l2=0.2000 label_smoothing=0.000
D step=1/5 epoch=3/3 loss=0.3437 l2=0.2000 label_smoothing=0.000
D step=2/5 epoch=1/3 loss=0.4140 l2=0.2000 label_smoothing=0.000
D step=2/5 epoch=2/3 loss=0.3520 l2=0.2000 label_smoothing=0.000
D step=2/5 epoch=3/3 loss=0.3444 l2=0.2000 label_smoothing=0.000
D step=3/5 epoch=1/3 loss=0.3367 l2=0.2000 label_smoothing=0.000
D step=3/5 epoch=2/3 loss=0.3570 l2=0.2000 label_smoothing=0.000
D step=3/5 epoch=3/3 loss=0.3381 l2=0.2000 label_smoothing=0.000
D step=4/5 epoch=1/3 loss=0.3277 l2=0.2000 label_smoothing=0.000
D step=4/5 epoch=2/3 loss=0.3183 l2=0.2000 label_smoothing=0.000
D step=4/5 epoch=3/3 loss=0.2906 l2=0.2000 label_smoothing=0.000
D step=5/5 epoch=1/3 loss=0.3368 l2=0.2000 label_smoothing=0.000
D step=5/5 epoch=2/3 loss=0.3322 l2=0.2000 label_smoothing=0.000
D step=5/5 epoch=3/3 loss=0.3230 l2=0.2000 label_smoothing=0.000
ADV epoch=5/200 g_loss=0.0419 d_loss=0.3426 reward=0.1793 reward_var=0.0213 unique=0.5000
D step=1/5 epoch=1/3 loss=0.4929 l2=0.2000 label_smoothing=0.000
D step=1/5 epoch=2/3 loss=0.3108 l2=0.2000 label_smoothing=0.000
D step=1/5 epoch=3/3 loss=0.3308 l2=0.2000 label_smoothing=0.000
D step=2/5 epoch=1/3 loss=0.3425 l2=0.2000 label_smoothing=0.000
D step=2/5 epoch=2/3 loss=0.3243 l2=0.2000 label_smoothing=0.000
D step=2/5 epoch=3/3 loss=0.3006 l2=0.2000 label_smoothing=0.000
D step=3/5 epoch=1/3 loss=0.3247 l2=0.2000 label_smoothing=0.000
D step=3/5 epoch=2/3 loss=0.3264 l2=0.2000 label_smoothing=0.000
D step=3/5 epoch=3/3 loss=0.3162 l2=0.2000 label_smoothing=0.000
D step=4/5 epoch=1/3 loss=0.3260 l2=0.2000 label_smoothing=0.000
D step=4/5 epoch=2/3 loss=0.3168 l2=0.2000 label_smoothing=0.000
D step=4/5 epoch=3/3 loss=0.3019 l2=0.2000 label_smoothing=0.000
D step=5/5 epoch=1/3 loss=0.3142 l2=0.2000 label_smoothing=0.000
D step=5/5 epoch=2/3 loss=0.3106 l2=0.2000 label_smoothing=0.000
D step=5/5 epoch=3/3 loss=0.3115 l2=0.2000 label_smoothing=0.000
ADV epoch=6/200 g_loss=0.0233 d_loss=0.3300 reward=0.1913 reward_var=0.0125 unique=0.3800
D step=1/5 epoch=1/3 loss=0.2899 l2=0.2000 label_smoothing=0.000
D step=1/5 epoch=2/3 loss=0.3067 l2=0.2000 label_smoothing=0.000
D step=1/5 epoch=3/3 loss=0.2933 l2=0.2000 label_smoothing=0.000
D step=2/5 epoch=1/3 loss=0.3065 l2=0.2000 label_smoothing=0.000
D step=2/5 epoch=2/3 loss=0.3011 l2=0.2000 label_smoothing=0.000
D step=2/5 epoch=3/3 loss=0.3060 l2=0.2000 label_smoothing=0.000
D step=3/5 epoch=1/3 loss=0.3079 l2=0.2000 label_smoothing=0.000
D step=3/5 epoch=2/3 loss=0.3265 l2=0.2000 label_smoothing=0.000
D step=3/5 epoch=3/3 loss=0.3027 l2=0.2000 label_smoothing=0.000
D step=4/5 epoch=1/3 loss=0.3551 l2=0.2000 label_smoothing=0.000
D step=4/5 epoch=2/3 loss=0.3023 l2=0.2000 label_smoothing=0.000
D step=4/5 epoch=3/3 loss=0.2980 l2=0.2000 label_smoothing=0.000
D step=5/5 epoch=1/3 loss=0.3278 l2=0.2000 label_smoothing=0.000
D step=5/5 epoch=2/3 loss=0.3102 l2=0.2000 label_smoothing=0.000
D step=5/5 epoch=3/3 loss=0.3163 l2=0.2000 label_smoothing=0.000
ADV epoch=7/200 g_loss=0.0279 d_loss=0.3100 reward=0.1959 reward_var=0.0137 unique=0.3000
D step=1/5 epoch=1/3 loss=0.3552 l2=0.2000 label_smoothing=0.000
D step=1/5 epoch=2/3 loss=0.3549 l2=0.2000 label_smoothing=0.000
D step=1/5 epoch=3/3 loss=0.3241 l2=0.2000 label_smoothing=0.000
D step=2/5 epoch=1/3 loss=0.2991 l2=0.2000 label_smoothing=0.000
D step=2/5 epoch=2/3 loss=0.3134 l2=0.2000 label_smoothing=0.000
D step=2/5 epoch=3/3 loss=0.2994 l2=0.2000 label_smoothing=0.000
D step=3/5 epoch=1/3 loss=0.3275 l2=0.2000 label_smoothing=0.000
D step=3/5 epoch=2/3 loss=0.3241 l2=0.2000 label_smoothing=0.000
D step=3/5 epoch=3/3 loss=0.3143 l2=0.2000 label_smoothing=0.000
D step=4/5 epoch=1/3 loss=0.3173 l2=0.2000 label_smoothing=0.000
D step=4/5 epoch=2/3 loss=0.3122 l2=0.2000 label_smoothing=0.000
D step=4/5 epoch=3/3 loss=0.2971 l2=0.2000 label_smoothing=0.000
D step=5/5 epoch=1/3 loss=0.2912 l2=0.2000 label_smoothing=0.000
D step=5/5 epoch=2/3 loss=0.2925 l2=0.2000 label_smoothing=0.000
D step=5/5 epoch=3/3 loss=0.2814 l2=0.2000 label_smoothing=0.000
ADV epoch=8/200 g_loss=0.0224 d_loss=0.3136 reward=0.1966 reward_var=0.0084 unique=0.2600
D step=1/5 epoch=1/3 loss=0.3624 l2=0.2000 label_smoothing=0.000
D step=1/5 epoch=2/3 loss=0.3464 l2=0.2000 label_smoothing=0.000
D step=1/5 epoch=3/3 loss=0.3207 l2=0.2000 label_smoothing=0.000
D step=2/5 epoch=1/3 loss=0.3043 l2=0.2000 label_smoothing=0.000
D step=2/5 epoch=2/3 loss=0.3127 l2=0.2000 label_smoothing=0.000
D step=2/5 epoch=3/3 loss=0.3108 l2=0.2000 label_smoothing=0.000
D step=3/5 epoch=1/3 loss=0.3156 l2=0.2000 label_smoothing=0.000
D step=3/5 epoch=2/3 loss=0.3082 l2=0.2000 label_smoothing=0.000
D step=3/5 epoch=3/3 loss=0.3026 l2=0.2000 label_smoothing=0.000
D step=4/5 epoch=1/3 loss=0.3028 l2=0.2000 label_smoothing=0.000
D step=4/5 epoch=2/3 loss=0.2973 l2=0.2000 label_smoothing=0.000
D step=4/5 epoch=3/3 loss=0.2977 l2=0.2000 label_smoothing=0.000
D step=5/5 epoch=1/3 loss=0.3292 l2=0.2000 label_smoothing=0.000
D step=5/5 epoch=2/3 loss=0.3204 l2=0.2000 label_smoothing=0.000
D step=5/5 epoch=3/3 loss=0.3215 l2=0.2000 label_smoothing=0.000
ADV epoch=9/200 g_loss=0.0270 d_loss=0.3168 reward=0.1776 reward_var=0.0100 unique=0.1400
D step=1/5 epoch=1/3 loss=0.3186 l2=0.2000 label_smoothing=0.000
D step=1/5 epoch=2/3 loss=0.3259 l2=0.2000 label_smoothing=0.000
D step=1/5 epoch=3/3 loss=0.3090 l2=0.2000 label_smoothing=0.000
D step=2/5 epoch=1/3 loss=0.3418 l2=0.2000 label_smoothing=0.000
D step=2/5 epoch=2/3 loss=0.3201 l2=0.2000 label_smoothing=0.000
D step=2/5 epoch=3/3 loss=0.3131 l2=0.2000 label_smoothing=0.000
D step=3/5 epoch=1/3 loss=0.3024 l2=0.2000 label_smoothing=0.000
D step=3/5 epoch=2/3 loss=0.3037 l2=0.2000 label_smoothing=0.000
D step=3/5 epoch=3/3 loss=0.2953 l2=0.2000 label_smoothing=0.000
D step=4/5 epoch=1/3 loss=0.3090 l2=0.2000 label_smoothing=0.000
D step=4/5 epoch=2/3 loss=0.3082 l2=0.2000 label_smoothing=0.000
D step=4/5 epoch=3/3 loss=0.3031 l2=0.2000 label_smoothing=0.000
D step=5/5 epoch=1/3 loss=0.2882 l2=0.2000 label_smoothing=0.000
D step=5/5 epoch=2/3 loss=0.2799 l2=0.2000 label_smoothing=0.000
D step=5/5 epoch=3/3 loss=0.2795 l2=0.2000 label_smoothing=0.000
ADV epoch=10/200 g_loss=0.0149 d_loss=0.3065 reward=0.1839 reward_var=0.0041 unique=0.2000
D step=1/5 epoch=1/3 loss=0.3120 l2=0.2000 label_smoothing=0.000
D step=1/5 epoch=2/3 loss=0.2817 l2=0.2000 label_smoothing=0.000
D step=1/5 epoch=3/3 loss=0.2783 l2=0.2000 label_smoothing=0.000
D step=2/5 epoch=1/3 loss=0.2946 l2=0.2000 label_smoothing=0.000
D step=2/5 epoch=2/3 loss=0.2864 l2=0.2000 label_smoothing=0.000
D step=2/5 epoch=3/3 loss=0.2936 l2=0.2000 label_smoothing=0.000
D step=3/5 epoch=1/3 loss=0.3071 l2=0.2000 label_smoothing=0.000
D step=3/5 epoch=2/3 loss=0.2845 l2=0.2000 label_smoothing=0.000
D step=3/5 epoch=3/3 loss=0.2829 l2=0.2000 label_smoothing=0.000
D step=4/5 epoch=1/3 loss=0.3015 l2=0.2000 label_smoothing=0.000
D step=4/5 epoch=2/3 loss=0.3059 l2=0.2000 label_smoothing=0.000
D step=4/5 epoch=3/3 loss=0.3001 l2=0.2000 label_smoothing=0.000
D step=5/5 epoch=1/3 loss=0.2878 l2=0.2000 label_smoothing=0.000
D step=5/5 epoch=2/3 loss=0.2895 l2=0.2000 label_smoothing=0.000
D step=5/5 epoch=3/3 loss=0.2859 l2=0.2000 label_smoothing=0.000
ADV epoch=11/200 g_loss=0.0038 d_loss=0.2928 reward=0.1953 reward_var=0.0022 unique=0.2200
D step=1/5 epoch=1/3 loss=0.3654 l2=0.2000 label_smoothing=0.000
D step=1/5 epoch=2/3 loss=0.3243 l2=0.2000 label_smoothing=0.000
D step=1/5 epoch=3/3 loss=0.3195 l2=0.2000 label_smoothing=0.000
D step=2/5 epoch=1/3 loss=0.3055 l2=0.2000 label_smoothing=0.000
D step=2/5 epoch=2/3 loss=0.3012 l2=0.2000 label_smoothing=0.000
D step=2/5 epoch=3/3 loss=0.3021 l2=0.2000 label_smoothing=0.000
D step=3/5 epoch=1/3 loss=0.3076 l2=0.2000 label_smoothing=0.000
D step=3/5 epoch=2/3 loss=0.2916 l2=0.2000 label_smoothing=0.000
D step=3/5 epoch=3/3 loss=0.2922 l2=0.2000 label_smoothing=0.000
D step=4/5 epoch=1/3 loss=0.2907 l2=0.2000 label_smoothing=0.000
D step=4/5 epoch=2/3 loss=0.2949 l2=0.2000 label_smoothing=0.000
D step=4/5 epoch=3/3 loss=0.2841 l2=0.2000 label_smoothing=0.000
D step=5/5 epoch=1/3 loss=0.3279 l2=0.2000 label_smoothing=0.000
D step=5/5 epoch=2/3 loss=0.3267 l2=0.2000 label_smoothing=0.000
D step=5/5 epoch=3/3 loss=0.2987 l2=0.2000 label_smoothing=0.000
ADV epoch=12/200 g_loss=0.0156 d_loss=0.3088 reward=0.1773 reward_var=0.0041 unique=0.1400
D step=1/5 epoch=1/3 loss=0.3227 l2=0.2000 label_smoothing=0.000
D step=1/5 epoch=2/3 loss=0.3051 l2=0.2000 label_smoothing=0.000
D step=1/5 epoch=3/3 loss=0.2950 l2=0.2000 label_smoothing=0.000
D step=2/5 epoch=1/3 loss=0.2980 l2=0.2000 label_smoothing=0.000
D step=2/5 epoch=2/3 loss=0.2967 l2=0.2000 label_smoothing=0.000
D step=2/5 epoch=3/3 loss=0.2881 l2=0.2000 label_smoothing=0.000
D step=3/5 epoch=1/3 loss=0.3185 l2=0.2000 label_smoothing=0.000
D step=3/5 epoch=2/3 loss=0.2981 l2=0.2000 label_smoothing=0.000
D step=3/5 epoch=3/3 loss=0.2761 l2=0.2000 label_smoothing=0.000
D step=4/5 epoch=1/3 loss=0.2997 l2=0.2000 label_smoothing=0.000
D step=4/5 epoch=2/3 loss=0.2900 l2=0.2000 label_smoothing=0.000
D step=4/5 epoch=3/3 loss=0.2947 l2=0.2000 label_smoothing=0.000
D step=5/5 epoch=1/3 loss=0.3073 l2=0.2000 label_smoothing=0.000
D step=5/5 epoch=2/3 loss=0.2912 l2=0.2000 label_smoothing=0.000
D step=5/5 epoch=3/3 loss=0.2958 l2=0.2000 label_smoothing=0.000
ADV epoch=13/200 g_loss=0.0046 d_loss=0.2985 reward=0.1941 reward_var=0.0044 unique=0.2000
D step=1/5 epoch=1/3 loss=0.3297 l2=0.2000 label_smoothing=0.000
D step=1/5 epoch=2/3 loss=0.3160 l2=0.2000 label_smoothing=0.000
D step=1/5 epoch=3/3 loss=0.3205 l2=0.2000 label_smoothing=0.000
D step=2/5 epoch=1/3 loss=0.3099 l2=0.2000 label_smoothing=0.000
D step=2/5 epoch=2/3 loss=0.2945 l2=0.2000 label_smoothing=0.000
D step=2/5 epoch=3/3 loss=0.2995 l2=0.2000 label_smoothing=0.000
D step=3/5 epoch=1/3 loss=0.3171 l2=0.2000 label_smoothing=0.000
D step=3/5 epoch=2/3 loss=0.3090 l2=0.2000 label_smoothing=0.000
D step=3/5 epoch=3/3 loss=0.3064 l2=0.2000 label_smoothing=0.000
D step=4/5 epoch=1/3 loss=0.2981 l2=0.2000 label_smoothing=0.000
D step=4/5 epoch=2/3 loss=0.2913 l2=0.2000 label_smoothing=0.000
D step=4/5 epoch=3/3 loss=0.2912 l2=0.2000 label_smoothing=0.000
D step=5/5 epoch=1/3 loss=0.2862 l2=0.2000 label_smoothing=0.000
D step=5/5 epoch=2/3 loss=0.2820 l2=0.2000 label_smoothing=0.000
D step=5/5 epoch=3/3 loss=0.2785 l2=0.2000 label_smoothing=0.000
ADV epoch=14/200 g_loss=0.0051 d_loss=0.3020 reward=0.1693 reward_var=0.0035 unique=0.1800
D step=1/5 epoch=1/3 loss=0.3211 l2=0.2000 label_smoothing=0.000
D step=1/5 epoch=2/3 loss=0.2950 l2=0.2000 label_smoothing=0.000
D step=1/5 epoch=3/3 loss=0.2940 l2=0.2000 label_smoothing=0.000
D step=2/5 epoch=1/3 loss=0.2588 l2=0.2000 label_smoothing=0.000
D step=2/5 epoch=2/3 loss=0.2597 l2=0.2000 label_smoothing=0.000
D step=2/5 epoch=3/3 loss=0.2559 l2=0.2000 label_smoothing=0.000
D step=3/5 epoch=1/3 loss=0.2947 l2=0.2000 label_smoothing=0.000
D step=3/5 epoch=2/3 loss=0.2789 l2=0.2000 label_smoothing=0.000
D step=3/5 epoch=3/3 loss=0.2793 l2=0.2000 label_smoothing=0.000
D step=4/5 epoch=1/3 loss=0.2867 l2=0.2000 label_smoothing=0.000
D step=4/5 epoch=2/3 loss=0.2932 l2=0.2000 label_smoothing=0.000
D step=4/5 epoch=3/3 loss=0.2896 l2=0.2000 label_smoothing=0.000
D step=5/5 epoch=1/3 loss=0.2872 l2=0.2000 label_smoothing=0.000
D step=5/5 epoch=2/3 loss=0.2823 l2=0.2000 label_smoothing=0.000
D step=5/5 epoch=3/3 loss=0.2785 l2=0.2000 label_smoothing=0.000
ADV epoch=15/200 g_loss=0.0127 d_loss=0.2837 reward=0.1914 reward_var=0.0126 unique=0.1200
D step=1/5 epoch=1/3 loss=0.3307 l2=0.2000 label_smoothing=0.000
D step=1/5 epoch=2/3 loss=0.2893 l2=0.2000 label_smoothing=0.000
D step=1/5 epoch=3/3 loss=0.2927 l2=0.2000 label_smoothing=0.000
D step=2/5 epoch=1/3 loss=0.3236 l2=0.2000 label_smoothing=0.000
D step=2/5 epoch=2/3 loss=0.3100 l2=0.2000 label_smoothing=0.000
D step=2/5 epoch=3/3 loss=0.3100 l2=0.2000 label_smoothing=0.000
D step=3/5 epoch=1/3 loss=0.3099 l2=0.2000 label_smoothing=0.000
D step=3/5 epoch=2/3 loss=0.2980 l2=0.2000 label_smoothing=0.000
D step=3/5 epoch=3/3 loss=0.2967 l2=0.2000 label_smoothing=0.000
D step=4/5 epoch=1/3 loss=0.3035 l2=0.2000 label_smoothing=0.000
D step=4/5 epoch=2/3 loss=0.2978 l2=0.2000 label_smoothing=0.000
D step=4/5 epoch=3/3 loss=0.2993 l2=0.2000 label_smoothing=0.000
D step=5/5 epoch=1/3 loss=0.2921 l2=0.2000 label_smoothing=0.000
D step=5/5 epoch=2/3 loss=0.2881 l2=0.2000 label_smoothing=0.000
D step=5/5 epoch=3/3 loss=0.2918 l2=0.2000 label_smoothing=0.000
ADV epoch=16/200 g_loss=0.0086 d_loss=0.3022 reward=0.1734 reward_var=0.0080 unique=0.0800
D step=1/5 epoch=1/3 loss=0.3095 l2=0.2000 label_smoothing=0.000
D step=1/5 epoch=2/3 loss=0.2910 l2=0.2000 label_smoothing=0.000
D step=1/5 epoch=3/3 loss=0.2901 l2=0.2000 label_smoothing=0.000
D step=2/5 epoch=1/3 loss=0.3008 l2=0.2000 label_smoothing=0.000
D step=2/5 epoch=2/3 loss=0.2997 l2=0.2000 label_smoothing=0.000
D step=2/5 epoch=3/3 loss=0.2888 l2=0.2000 label_smoothing=0.000
D step=3/5 epoch=1/3 loss=0.2921 l2=0.2000 label_smoothing=0.000
D step=3/5 epoch=2/3 loss=0.2802 l2=0.2000 label_smoothing=0.000
D step=3/5 epoch=3/3 loss=0.2896 l2=0.2000 label_smoothing=0.000
D step=4/5 epoch=1/3 loss=0.3178 l2=0.2000 label_smoothing=0.000
D step=4/5 epoch=2/3 loss=0.3038 l2=0.2000 label_smoothing=0.000
D step=4/5 epoch=3/3 loss=0.2962 l2=0.2000 label_smoothing=0.000
D step=5/5 epoch=1/3 loss=0.2964 l2=0.2000 label_smoothing=0.000
D step=5/5 epoch=2/3 loss=0.3057 l2=0.2000 label_smoothing=0.000
D step=5/5 epoch=3/3 loss=0.2990 l2=0.2000 label_smoothing=0.000
ADV epoch=17/200 g_loss=0.0052 d_loss=0.2974 reward=0.1606 reward_var=0.0025 unique=0.1200
D step=1/5 epoch=1/3 loss=0.3073 l2=0.2000 label_smoothing=0.000
D step=1/5 epoch=2/3 loss=0.2998 l2=0.2000 label_smoothing=0.000
D step=1/5 epoch=3/3 loss=0.2889 l2=0.2000 label_smoothing=0.000
D step=2/5 epoch=1/3 loss=0.3248 l2=0.2000 label_smoothing=0.000
D step=2/5 epoch=2/3 loss=0.3044 l2=0.2000 label_smoothing=0.000
D step=2/5 epoch=3/3 loss=0.3033 l2=0.2000 label_smoothing=0.000
D step=3/5 epoch=1/3 loss=0.3066 l2=0.2000 label_smoothing=0.000
D step=3/5 epoch=2/3 loss=0.2889 l2=0.2000 label_smoothing=0.000
D step=3/5 epoch=3/3 loss=0.2883 l2=0.2000 label_smoothing=0.000
D step=4/5 epoch=1/3 loss=0.3026 l2=0.2000 label_smoothing=0.000
D step=4/5 epoch=2/3 loss=0.2977 l2=0.2000 label_smoothing=0.000
D step=4/5 epoch=3/3 loss=0.2994 l2=0.2000 label_smoothing=0.000
D step=5/5 epoch=1/3 loss=0.2731 l2=0.2000 label_smoothing=0.000
D step=5/5 epoch=2/3 loss=0.2727 l2=0.2000 label_smoothing=0.000
D step=5/5 epoch=3/3 loss=0.2769 l2=0.2000 label_smoothing=0.000
ADV epoch=18/200 g_loss=0.0013 d_loss=0.2956 reward=0.1845 reward_var=0.0023 unique=0.1200
D step=1/5 epoch=1/3 loss=0.2949 l2=0.2000 label_smoothing=0.000
D step=1/5 epoch=2/3 loss=0.2901 l2=0.2000 label_smoothing=0.000
D step=1/5 epoch=3/3 loss=0.2836 l2=0.2000 label_smoothing=0.000
D step=2/5 epoch=1/3 loss=0.3196 l2=0.2000 label_smoothing=0.000
D step=2/5 epoch=2/3 loss=0.3111 l2=0.2000 label_smoothing=0.000
D step=2/5 epoch=3/3 loss=0.3137 l2=0.2000 label_smoothing=0.000
D step=3/5 epoch=1/3 loss=0.3264 l2=0.2000 label_smoothing=0.000
D step=3/5 epoch=2/3 loss=0.2966 l2=0.2000 label_smoothing=0.000
D step=3/5 epoch=3/3 loss=0.2950 l2=0.2000 label_smoothing=0.000
D step=4/5 epoch=1/3 loss=0.3064 l2=0.2000 label_smoothing=0.000
D step=4/5 epoch=2/3 loss=0.3049 l2=0.2000 label_smoothing=0.000
D step=4/5 epoch=3/3 loss=0.2981 l2=0.2000 label_smoothing=0.000
D step=5/5 epoch=1/3 loss=0.3009 l2=0.2000 label_smoothing=0.000
D step=5/5 epoch=2/3 loss=0.2997 l2=0.2000 label_smoothing=0.000
D step=5/5 epoch=3/3 loss=0.2934 l2=0.2000 label_smoothing=0.000
ADV epoch=19/200 g_loss=0.0093 d_loss=0.3023 reward=0.1779 reward_var=0.0053 unique=0.1000
D step=1/5 epoch=1/3 loss=0.2964 l2=0.2000 label_smoothing=0.000
D step=1/5 epoch=2/3 loss=0.2811 l2=0.2000 label_smoothing=0.000
D step=1/5 epoch=3/3 loss=0.2810 l2=0.2000 label_smoothing=0.000
D step=2/5 epoch=1/3 loss=0.3027 l2=0.2000 label_smoothing=0.000
D step=2/5 epoch=2/3 loss=0.3008 l2=0.2000 label_smoothing=0.000
D step=2/5 epoch=3/3 loss=0.2969 l2=0.2000 label_smoothing=0.000
D step=3/5 epoch=1/3 loss=0.2886 l2=0.2000 label_smoothing=0.000
D step=3/5 epoch=2/3 loss=0.2778 l2=0.2000 label_smoothing=0.000
D step=3/5 epoch=3/3 loss=0.2807 l2=0.2000 label_smoothing=0.000
D step=4/5 epoch=1/3 loss=0.2807 l2=0.2000 label_smoothing=0.000
D step=4/5 epoch=2/3 loss=0.2768 l2=0.2000 label_smoothing=0.000
D step=4/5 epoch=3/3 loss=0.2804 l2=0.2000 label_smoothing=0.000
D step=5/5 epoch=1/3 loss=0.2853 l2=0.2000 label_smoothing=0.000
D step=5/5 epoch=2/3 loss=0.2806 l2=0.2000 label_smoothing=0.000
D step=5/5 epoch=3/3 loss=0.2856 l2=0.2000 label_smoothing=0.000
ADV epoch=20/200 g_loss=0.0043 d_loss=0.2864 reward=0.1733 reward_var=0.0025 unique=0.0800
D step=1/5 epoch=1/3 loss=0.2593 l2=0.2000 label_smoothing=0.000
D step=1/5 epoch=2/3 loss=0.2589 l2=0.2000 label_smoothing=0.000
D step=1/5 epoch=3/3 loss=0.2601 l2=0.2000 label_smoothing=0.000
D step=2/5 epoch=1/3 loss=0.2571 l2=0.2000 label_smoothing=0.000
D step=2/5 epoch=2/3 loss=0.2591 l2=0.2000 label_smoothing=0.000
D step=2/5 epoch=3/3 loss=0.2584 l2=0.2000 label_smoothing=0.000
D step=3/5 epoch=1/3 loss=0.2889 l2=0.2000 label_smoothing=0.000
D step=3/5 epoch=2/3 loss=0.2796 l2=0.2000 label_smoothing=0.000
D step=3/5 epoch=3/3 loss=0.2674 l2=0.2000 label_smoothing=0.000
D step=4/5 epoch=1/3 loss=0.2737 l2=0.2000 label_smoothing=0.000
D step=4/5 epoch=2/3 loss=0.2665 l2=0.2000 label_smoothing=0.000
D step=4/5 epoch=3/3 loss=0.2720 l2=0.2000 label_smoothing=0.000
D step=5/5 epoch=1/3 loss=0.2733 l2=0.2000 label_smoothing=0.000
D step=5/5 epoch=2/3 loss=0.2626 l2=0.2000 label_smoothing=0.000
D step=5/5 epoch=3/3 loss=0.2643 l2=0.2000 label_smoothing=0.000
ADV epoch=21/200 g_loss=0.0083 d_loss=0.2667 reward=0.1645 reward_var=0.0022 unique=0.1600
D step=1/5 epoch=1/3 loss=0.3029 l2=0.2000 label_smoothing=0.000
D step=1/5 epoch=2/3 loss=0.2853 l2=0.2000 label_smoothing=0.000
D step=1/5 epoch=3/3 loss=0.2906 l2=0.2000 label_smoothing=0.000
D step=2/5 epoch=1/3 loss=0.2936 l2=0.2000 label_smoothing=0.000
D step=2/5 epoch=2/3 loss=0.2980 l2=0.2000 label_smoothing=0.000
D step=2/5 epoch=3/3 loss=0.2906 l2=0.2000 label_smoothing=0.000
D step=3/5 epoch=1/3 loss=0.2756 l2=0.2000 label_smoothing=0.000
D step=3/5 epoch=2/3 loss=0.2767 l2=0.2000 label_smoothing=0.000
D step=3/5 epoch=3/3 loss=0.2757 l2=0.2000 label_smoothing=0.000
D step=4/5 epoch=1/3 loss=0.2845 l2=0.2000 label_smoothing=0.000
D step=4/5 epoch=2/3 loss=0.2870 l2=0.2000 label_smoothing=0.000
D step=4/5 epoch=3/3 loss=0.2886 l2=0.2000 label_smoothing=0.000
D step=5/5 epoch=1/3 loss=0.3220 l2=0.2000 label_smoothing=0.000
D step=5/5 epoch=2/3 loss=0.3107 l2=0.2000 label_smoothing=0.000
D step=5/5 epoch=3/3 loss=0.3005 l2=0.2000 label_smoothing=0.000
ADV epoch=22/200 g_loss=0.0083 d_loss=0.2922 reward=0.1771 reward_var=0.0024 unique=0.1000
D step=1/5 epoch=1/3 loss=0.3521 l2=0.2000 label_smoothing=0.000
D step=1/5 epoch=2/3 loss=0.3008 l2=0.2000 label_smoothing=0.000
D step=1/5 epoch=3/3 loss=0.3010 l2=0.2000 label_smoothing=0.000
D step=2/5 epoch=1/3 loss=0.2957 l2=0.2000 label_smoothing=0.000
D step=2/5 epoch=2/3 loss=0.2923 l2=0.2000 label_smoothing=0.000
D step=2/5 epoch=3/3 loss=0.2905 l2=0.2000 label_smoothing=0.000
D step=3/5 epoch=1/3 loss=0.2843 l2=0.2000 label_smoothing=0.000
D step=3/5 epoch=2/3 loss=0.2827 l2=0.2000 label_smoothing=0.000
D step=3/5 epoch=3/3 loss=0.2830 l2=0.2000 label_smoothing=0.000
D step=4/5 epoch=1/3 loss=0.3127 l2=0.2000 label_smoothing=0.000
D step=4/5 epoch=2/3 loss=0.3025 l2=0.2000 label_smoothing=0.000
D step=4/5 epoch=3/3 loss=0.3031 l2=0.2000 label_smoothing=0.000
D step=5/5 epoch=1/3 loss=0.2786 l2=0.2000 label_smoothing=0.000
D step=5/5 epoch=2/3 loss=0.2700 l2=0.2000 label_smoothing=0.000
D step=5/5 epoch=3/3 loss=0.2705 l2=0.2000 label_smoothing=0.000
ADV epoch=23/200 g_loss=0.0077 d_loss=0.2947 reward=0.1898 reward_var=0.0035 unique=0.1000
D step=1/5 epoch=1/3 loss=0.2701 l2=0.2000 label_smoothing=0.000
D step=1/5 epoch=2/3 loss=0.2675 l2=0.2000 label_smoothing=0.000
D step=1/5 epoch=3/3 loss=0.2719 l2=0.2000 label_smoothing=0.000
D step=2/5 epoch=1/3 loss=0.2643 l2=0.2000 label_smoothing=0.000
D step=2/5 epoch=2/3 loss=0.2607 l2=0.2000 label_smoothing=0.000
D step=2/5 epoch=3/3 loss=0.2609 l2=0.2000 label_smoothing=0.000
D step=3/5 epoch=1/3 loss=0.2914 l2=0.2000 label_smoothing=0.000
D step=3/5 epoch=2/3 loss=0.2942 l2=0.2000 label_smoothing=0.000
D step=3/5 epoch=3/3 loss=0.2863 l2=0.2000 label_smoothing=0.000
D step=4/5 epoch=1/3 loss=0.3002 l2=0.2000 label_smoothing=0.000
D step=4/5 epoch=2/3 loss=0.3014 l2=0.2000 label_smoothing=0.000
D step=4/5 epoch=3/3 loss=0.3015 l2=0.2000 label_smoothing=0.000
D step=5/5 epoch=1/3 loss=0.2760 l2=0.2000 label_smoothing=0.000
D step=5/5 epoch=2/3 loss=0.2779 l2=0.2000 label_smoothing=0.000
D step=5/5 epoch=3/3 loss=0.2720 l2=0.2000 label_smoothing=0.000
ADV epoch=24/200 g_loss=0.0071 d_loss=0.2797 reward=0.1515 reward_var=0.0009 unique=0.1000
D step=1/5 epoch=1/3 loss=0.2864 l2=0.2000 label_smoothing=0.000
D step=1/5 epoch=2/3 loss=0.2790 l2=0.2000 label_smoothing=0.000
D step=1/5 epoch=3/3 loss=0.2688 l2=0.2000 label_smoothing=0.000
D step=2/5 epoch=1/3 loss=0.2751 l2=0.2000 label_smoothing=0.000
D step=2/5 epoch=2/3 loss=0.2632 l2=0.2000 label_smoothing=0.000
D step=2/5 epoch=3/3 loss=0.2675 l2=0.2000 label_smoothing=0.000
D step=3/5 epoch=1/3 loss=0.2705 l2=0.2000 label_smoothing=0.000
D step=3/5 epoch=2/3 loss=0.2610 l2=0.2000 label_smoothing=0.000
D step=3/5 epoch=3/3 loss=0.2586 l2=0.2000 label_smoothing=0.000
D step=4/5 epoch=1/3 loss=0.2773 l2=0.2000 label_smoothing=0.000
D step=4/5 epoch=2/3 loss=0.2711 l2=0.2000 label_smoothing=0.000
D step=4/5 epoch=3/3 loss=0.2692 l2=0.2000 label_smoothing=0.000
D step=5/5 epoch=1/3 loss=0.3069 l2=0.2000 label_smoothing=0.000
D step=5/5 epoch=2/3 loss=0.2963 l2=0.2000 label_smoothing=0.000
D step=5/5 epoch=3/3 loss=0.2992 l2=0.2000 label_smoothing=0.000
ADV epoch=25/200 g_loss=0.0101 d_loss=0.2767 reward=0.1767 reward_var=0.0094 unique=0.0800
D step=1/5 epoch=1/3 loss=0.2880 l2=0.2000 label_smoothing=0.000
D step=1/5 epoch=2/3 loss=0.2822 l2=0.2000 label_smoothing=0.000
D step=1/5 epoch=3/3 loss=0.2886 l2=0.2000 label_smoothing=0.000
D step=2/5 epoch=1/3 loss=0.3421 l2=0.2000 label_smoothing=0.000
D step=2/5 epoch=2/3 loss=0.3106 l2=0.2000 label_smoothing=0.000
D step=2/5 epoch=3/3 loss=0.3077 l2=0.2000 label_smoothing=0.000
D step=3/5 epoch=1/3 loss=0.3163 l2=0.2000 label_smoothing=0.000
D step=3/5 epoch=2/3 loss=0.3070 l2=0.2000 label_smoothing=0.000
D step=3/5 epoch=3/3 loss=0.2946 l2=0.2000 label_smoothing=0.000
D step=4/5 epoch=1/3 loss=0.2792 l2=0.2000 label_smoothing=0.000
D step=4/5 epoch=2/3 loss=0.2832 l2=0.2000 label_smoothing=0.000
D step=4/5 epoch=3/3 loss=0.2755 l2=0.2000 label_smoothing=0.000
D step=5/5 epoch=1/3 loss=0.3231 l2=0.2000 label_smoothing=0.000
D step=5/5 epoch=2/3 loss=0.3084 l2=0.2000 label_smoothing=0.000
D step=5/5 epoch=3/3 loss=0.2985 l2=0.2000 label_smoothing=0.000
ADV epoch=26/200 g_loss=0.0023 d_loss=0.3003 reward=0.1920 reward_var=0.0030 unique=0.0600
D step=1/5 epoch=1/3 loss=0.3114 l2=0.2000 label_smoothing=0.000
D step=1/5 epoch=2/3 loss=0.2933 l2=0.2000 label_smoothing=0.000
D step=1/5 epoch=3/3 loss=0.3007 l2=0.2000 label_smoothing=0.000
D step=2/5 epoch=1/3 loss=0.2828 l2=0.2000 label_smoothing=0.000
D step=2/5 epoch=2/3 loss=0.2817 l2=0.2000 label_smoothing=0.000
D step=2/5 epoch=3/3 loss=0.2737 l2=0.2000 label_smoothing=0.000
D step=3/5 epoch=1/3 loss=0.2846 l2=0.2000 label_smoothing=0.000
D step=3/5 epoch=2/3 loss=0.2746 l2=0.2000 label_smoothing=0.000
D step=3/5 epoch=3/3 loss=0.2709 l2=0.2000 label_smoothing=0.000
D step=4/5 epoch=1/3 loss=0.3001 l2=0.2000 label_smoothing=0.000
D step=4/5 epoch=2/3 loss=0.2977 l2=0.2000 label_smoothing=0.000
D step=4/5 epoch=3/3 loss=0.2960 l2=0.2000 label_smoothing=0.000
D step=5/5 epoch=1/3 loss=0.2809 l2=0.2000 label_smoothing=0.000
D step=5/5 epoch=2/3 loss=0.2728 l2=0.2000 label_smoothing=0.000
D step=5/5 epoch=3/3 loss=0.2773 l2=0.2000 label_smoothing=0.000
ADV epoch=27/200 g_loss=0.0027 d_loss=0.2866 reward=0.1796 reward_var=0.0014 unique=0.0800
D step=1/5 epoch=1/3 loss=0.2835 l2=0.2000 label_smoothing=0.000
D step=1/5 epoch=2/3 loss=0.2814 l2=0.2000 label_smoothing=0.000
D step=1/5 epoch=3/3 loss=0.2853 l2=0.2000 label_smoothing=0.000
D step=2/5 epoch=1/3 loss=0.2994 l2=0.2000 label_smoothing=0.000
D step=2/5 epoch=2/3 loss=0.2661 l2=0.2000 label_smoothing=0.000
D step=2/5 epoch=3/3 loss=0.2708 l2=0.2000 label_smoothing=0.000
D step=3/5 epoch=1/3 loss=0.2728 l2=0.2000 label_smoothing=0.000
D step=3/5 epoch=2/3 loss=0.2695 l2=0.2000 label_smoothing=0.000
D step=3/5 epoch=3/3 loss=0.2730 l2=0.2000 label_smoothing=0.000
D step=4/5 epoch=1/3 loss=0.2732 l2=0.2000 label_smoothing=0.000
D step=4/5 epoch=2/3 loss=0.2710 l2=0.2000 label_smoothing=0.000
D step=4/5 epoch=3/3 loss=0.2739 l2=0.2000 label_smoothing=0.000
D step=5/5 epoch=1/3 loss=0.2996 l2=0.2000 label_smoothing=0.000
D step=5/5 epoch=2/3 loss=0.2896 l2=0.2000 label_smoothing=0.000
D step=5/5 epoch=3/3 loss=0.2900 l2=0.2000 label_smoothing=0.000
ADV epoch=28/200 g_loss=0.0026 d_loss=0.2799 reward=0.1504 reward_var=0.0010 unique=0.0800
D step=1/5 epoch=1/3 loss=0.2816 l2=0.2000 label_smoothing=0.000
D step=1/5 epoch=2/3 loss=0.2730 l2=0.2000 label_smoothing=0.000
D step=1/5 epoch=3/3 loss=0.2719 l2=0.2000 label_smoothing=0.000
D step=2/5 epoch=1/3 loss=0.2734 l2=0.2000 label_smoothing=0.000
D step=2/5 epoch=2/3 loss=0.2573 l2=0.2000 label_smoothing=0.000
D step=2/5 epoch=3/3 loss=0.2539 l2=0.2000 label_smoothing=0.000
D step=3/5 epoch=1/3 loss=0.2928 l2=0.2000 label_smoothing=0.000
D step=3/5 epoch=2/3 loss=0.2916 l2=0.2000 label_smoothing=0.000
D step=3/5 epoch=3/3 loss=0.2877 l2=0.2000 label_smoothing=0.000
D step=4/5 epoch=1/3 loss=0.2746 l2=0.2000 label_smoothing=0.000
D step=4/5 epoch=2/3 loss=0.2725 l2=0.2000 label_smoothing=0.000
D step=4/5 epoch=3/3 loss=0.2710 l2=0.2000 label_smoothing=0.000
D step=5/5 epoch=1/3 loss=0.3028 l2=0.2000 label_smoothing=0.000
D step=5/5 epoch=2/3 loss=0.2908 l2=0.2000 label_smoothing=0.000
D step=5/5 epoch=3/3 loss=0.2841 l2=0.2000 label_smoothing=0.000
ADV epoch=29/200 g_loss=0.0034 d_loss=0.2786 reward=0.1991 reward_var=0.0015 unique=0.1000
D step=1/5 epoch=1/3 loss=0.2800 l2=0.2000 label_smoothing=0.000
D step=1/5 epoch=2/3 loss=0.2675 l2=0.2000 label_smoothing=0.000
D step=1/5 epoch=3/3 loss=0.2657 l2=0.2000 label_smoothing=0.000
D step=2/5 epoch=1/3 loss=0.3034 l2=0.2000 label_smoothing=0.000
D step=2/5 epoch=2/3 loss=0.3071 l2=0.2000 label_smoothing=0.000
D step=2/5 epoch=3/3 loss=0.3024 l2=0.2000 label_smoothing=0.000
D step=3/5 epoch=1/3 loss=0.3302 l2=0.2000 label_smoothing=0.000
D step=3/5 epoch=2/3 loss=0.3081 l2=0.2000 label_smoothing=0.000
D step=3/5 epoch=3/3 loss=0.2905 l2=0.2000 label_smoothing=0.000
D step=4/5 epoch=1/3 loss=0.2770 l2=0.2000 label_smoothing=0.000
D step=4/5 epoch=2/3 loss=0.2743 l2=0.2000 label_smoothing=0.000
D step=4/5 epoch=3/3 loss=0.2586 l2=0.2000 label_smoothing=0.000
D step=5/5 epoch=1/3 loss=0.2802 l2=0.2000 label_smoothing=0.000
D step=5/5 epoch=2/3 loss=0.2828 l2=0.2000 label_smoothing=0.000
D step=5/5 epoch=3/3 loss=0.2866 l2=0.2000 label_smoothing=0.000
ADV epoch=30/200 g_loss=0.0055 d_loss=0.2876 reward=0.1860 reward_var=0.0015 unique=0.1000
D step=1/5 epoch=1/3 loss=0.2881 l2=0.2000 label_smoothing=0.000
D step=1/5 epoch=2/3 loss=0.2795 l2=0.2000 label_smoothing=0.000
D step=1/5 epoch=3/3 loss=0.2771 l2=0.2000 label_smoothing=0.000
D step=2/5 epoch=1/3 loss=0.3417 l2=0.2000 label_smoothing=0.000
D step=2/5 epoch=2/3 loss=0.3251 l2=0.2000 label_smoothing=0.000
D step=2/5 epoch=3/3 loss=0.3046 l2=0.2000 label_smoothing=0.000
D step=3/5 epoch=1/3 loss=0.2857 l2=0.2000 label_smoothing=0.000
D step=3/5 epoch=2/3 loss=0.2799 l2=0.2000 label_smoothing=0.000
D step=3/5 epoch=3/3 loss=0.2792 l2=0.2000 label_smoothing=0.000
D step=4/5 epoch=1/3 loss=0.2752 l2=0.2000 label_smoothing=0.000
D step=4/5 epoch=2/3 loss=0.2728 l2=0.2000 label_smoothing=0.000
D step=4/5 epoch=3/3 loss=0.2624 l2=0.2000 label_smoothing=0.000
D step=5/5 epoch=1/3 loss=0.2952 l2=0.2000 label_smoothing=0.000
D step=5/5 epoch=2/3 loss=0.2896 l2=0.2000 label_smoothing=0.000
D step=5/5 epoch=3/3 loss=0.2935 l2=0.2000 label_smoothing=0.000
ADV epoch=31/200 g_loss=0.0075 d_loss=0.2900 reward=0.2130 reward_var=0.0034 unique=0.0800
D step=1/5 epoch=1/3 loss=0.3061 l2=0.2000 label_smoothing=0.000
D step=1/5 epoch=2/3 loss=0.2771 l2=0.2000 label_smoothing=0.000
D step=1/5 epoch=3/3 loss=0.2732 l2=0.2000 label_smoothing=0.000
D step=2/5 epoch=1/3 loss=0.2884 l2=0.2000 label_smoothing=0.000
D step=2/5 epoch=2/3 loss=0.2770 l2=0.2000 label_smoothing=0.000
D step=2/5 epoch=3/3 loss=0.2738 l2=0.2000 label_smoothing=0.000
D step=3/5 epoch=1/3 loss=0.2875 l2=0.2000 label_smoothing=0.000
D step=3/5 epoch=2/3 loss=0.2925 l2=0.2000 label_smoothing=0.000
D step=3/5 epoch=3/3 loss=0.2896 l2=0.2000 label_smoothing=0.000
D step=4/5 epoch=1/3 loss=0.2772 l2=0.2000 label_smoothing=0.000
D step=4/5 epoch=2/3 loss=0.2702 l2=0.2000 label_smoothing=0.000
D step=4/5 epoch=3/3 loss=0.2724 l2=0.2000 label_smoothing=0.000
D step=5/5 epoch=1/3 loss=0.2646 l2=0.2000 label_smoothing=0.000
D step=5/5 epoch=2/3 loss=0.2653 l2=0.2000 label_smoothing=0.000
D step=5/5 epoch=3/3 loss=0.2623 l2=0.2000 label_smoothing=0.000
ADV epoch=32/200 g_loss=0.0086 d_loss=0.2785 reward=0.2082 reward_var=0.0059 unique=0.1000
D step=1/5 epoch=1/3 loss=0.2643 l2=0.2000 label_smoothing=0.000
D step=1/5 epoch=2/3 loss=0.2659 l2=0.2000 label_smoothing=0.000
D step=1/5 epoch=3/3 loss=0.2660 l2=0.2000 label_smoothing=0.000
D step=2/5 epoch=1/3 loss=0.2833 l2=0.2000 label_smoothing=0.000
D step=2/5 epoch=2/3 loss=0.2733 l2=0.2000 label_smoothing=0.000
D step=2/5 epoch=3/3 loss=0.2785 l2=0.2000 label_smoothing=0.000
D step=3/5 epoch=1/3 loss=0.3585 l2=0.2000 label_smoothing=0.000
D step=3/5 epoch=2/3 loss=0.2833 l2=0.2000 label_smoothing=0.000
D step=3/5 epoch=3/3 loss=0.2838 l2=0.2000 label_smoothing=0.000
D step=4/5 epoch=1/3 loss=0.2972 l2=0.2000 label_smoothing=0.000
D step=4/5 epoch=2/3 loss=0.2846 l2=0.2000 label_smoothing=0.000
D step=4/5 epoch=3/3 loss=0.2770 l2=0.2000 label_smoothing=0.000
D step=5/5 epoch=1/3 loss=0.2594 l2=0.2000 label_smoothing=0.000
D step=5/5 epoch=2/3 loss=0.2529 l2=0.2000 label_smoothing=0.000
D step=5/5 epoch=3/3 loss=0.2506 l2=0.2000 label_smoothing=0.000
ADV epoch=33/200 g_loss=0.0007 d_loss=0.2786 reward=0.1761 reward_var=0.0007 unique=0.1000
D step=1/5 epoch=1/3 loss=0.3006 l2=0.2000 label_smoothing=0.000
D step=1/5 epoch=2/3 loss=0.3018 l2=0.2000 label_smoothing=0.000
D step=1/5 epoch=3/3 loss=0.2981 l2=0.2000 label_smoothing=0.000
D step=2/5 epoch=1/3 loss=0.3073 l2=0.2000 label_smoothing=0.000
D step=2/5 epoch=2/3 loss=0.2906 l2=0.2000 label_smoothing=0.000
D step=2/5 epoch=3/3 loss=0.2917 l2=0.2000 label_smoothing=0.000
D step=3/5 epoch=1/3 loss=0.2849 l2=0.2000 label_smoothing=0.000
D step=3/5 epoch=2/3 loss=0.2819 l2=0.2000 label_smoothing=0.000
D step=3/5 epoch=3/3 loss=0.2778 l2=0.2000 label_smoothing=0.000
D step=4/5 epoch=1/3 loss=0.2881 l2=0.2000 label_smoothing=0.000
D step=4/5 epoch=2/3 loss=0.2822 l2=0.2000 label_smoothing=0.000
D step=4/5 epoch=3/3 loss=0.2786 l2=0.2000 label_smoothing=0.000
D step=5/5 epoch=1/3 loss=0.3124 l2=0.2000 label_smoothing=0.000
D step=5/5 epoch=2/3 loss=0.3038 l2=0.2000 label_smoothing=0.000
D step=5/5 epoch=3/3 loss=0.2994 l2=0.2000 label_smoothing=0.000
ADV epoch=34/200 g_loss=0.0137 d_loss=0.2933 reward=0.1770 reward_var=0.0041 unique=0.1000
D step=1/5 epoch=1/3 loss=0.3094 l2=0.2000 label_smoothing=0.000
D step=1/5 epoch=2/3 loss=0.2957 l2=0.2000 label_smoothing=0.000
D step=1/5 epoch=3/3 loss=0.2971 l2=0.2000 label_smoothing=0.000
D step=2/5 epoch=1/3 loss=0.2722 l2=0.2000 label_smoothing=0.000
D step=2/5 epoch=2/3 loss=0.2767 l2=0.2000 label_smoothing=0.000
D step=2/5 epoch=3/3 loss=0.2734 l2=0.2000 label_smoothing=0.000
D step=3/5 epoch=1/3 loss=0.2993 l2=0.2000 label_smoothing=0.000
D step=3/5 epoch=2/3 loss=0.2803 l2=0.2000 label_smoothing=0.000
D step=3/5 epoch=3/3 loss=0.2706 l2=0.2000 label_smoothing=0.000
D step=4/5 epoch=1/3 loss=0.2787 l2=0.2000 label_smoothing=0.000
D step=4/5 epoch=2/3 loss=0.2743 l2=0.2000 label_smoothing=0.000
D step=4/5 epoch=3/3 loss=0.2698 l2=0.2000 label_smoothing=0.000
D step=5/5 epoch=1/3 loss=0.2956 l2=0.2000 label_smoothing=0.000
D step=5/5 epoch=2/3 loss=0.2930 l2=0.2000 label_smoothing=0.000
D step=5/5 epoch=3/3 loss=0.2953 l2=0.2000 label_smoothing=0.000
ADV epoch=35/200 g_loss=0.0006 d_loss=0.2854 reward=0.1902 reward_var=0.0004 unique=0.1000
D step=1/5 epoch=1/3 loss=0.2904 l2=0.2000 label_smoothing=0.000
D step=1/5 epoch=2/3 loss=0.2785 l2=0.2000 label_smoothing=0.000
D step=1/5 epoch=3/3 loss=0.2746 l2=0.2000 label_smoothing=0.000
D step=2/5 epoch=1/3 loss=0.2684 l2=0.2000 label_smoothing=0.000
D step=2/5 epoch=2/3 loss=0.2679 l2=0.2000 label_smoothing=0.000
D step=2/5 epoch=3/3 loss=0.2650 l2=0.2000 label_smoothing=0.000
D step=3/5 epoch=1/3 loss=0.2899 l2=0.2000 label_smoothing=0.000
D step=3/5 epoch=2/3 loss=0.2684 l2=0.2000 label_smoothing=0.000
D step=3/5 epoch=3/3 loss=0.2662 l2=0.2000 label_smoothing=0.000
D step=4/5 epoch=1/3 loss=0.2822 l2=0.2000 label_smoothing=0.000
D step=4/5 epoch=2/3 loss=0.2820 l2=0.2000 label_smoothing=0.000
D step=4/5 epoch=3/3 loss=0.2721 l2=0.2000 label_smoothing=0.000
D step=5/5 epoch=1/3 loss=0.3120 l2=0.2000 label_smoothing=0.000
D step=5/5 epoch=2/3 loss=0.3054 l2=0.2000 label_smoothing=0.000
D step=5/5 epoch=3/3 loss=0.2975 l2=0.2000 label_smoothing=0.000
ADV epoch=36/200 g_loss=0.0009 d_loss=0.2814 reward=0.1852 reward_var=0.0024 unique=0.1600
D step=1/5 epoch=1/3 loss=0.2833 l2=0.2000 label_smoothing=0.000
D step=1/5 epoch=2/3 loss=0.2625 l2=0.2000 label_smoothing=0.000
D step=1/5 epoch=3/3 loss=0.2653 l2=0.2000 label_smoothing=0.000
D step=2/5 epoch=1/3 loss=0.2772 l2=0.2000 label_smoothing=0.000
D step=2/5 epoch=2/3 loss=0.2730 l2=0.2000 label_smoothing=0.000
D step=2/5 epoch=3/3 loss=0.2721 l2=0.2000 label_smoothing=0.000
D step=3/5 epoch=1/3 loss=0.2838 l2=0.2000 label_smoothing=0.000
D step=3/5 epoch=2/3 loss=0.2637 l2=0.2000 label_smoothing=0.000
D step=3/5 epoch=3/3 loss=0.2646 l2=0.2000 label_smoothing=0.000
D step=4/5 epoch=1/3 loss=0.2604 l2=0.2000 label_smoothing=0.000
D step=4/5 epoch=2/3 loss=0.2605 l2=0.2000 label_smoothing=0.000
D step=4/5 epoch=3/3 loss=0.2619 l2=0.2000 label_smoothing=0.000
D step=5/5 epoch=1/3 loss=0.2754 l2=0.2000 label_smoothing=0.000
D step=5/5 epoch=2/3 loss=0.2677 l2=0.2000 label_smoothing=0.000
D step=5/5 epoch=3/3 loss=0.2733 l2=0.2000 label_smoothing=0.000
ADV epoch=37/200 g_loss=0.0007 d_loss=0.2697 reward=0.2110 reward_var=0.0009 unique=0.1600
D step=1/5 epoch=1/3 loss=0.2914 l2=0.2000 label_smoothing=0.000
D step=1/5 epoch=2/3 loss=0.2873 l2=0.2000 label_smoothing=0.000
D step=1/5 epoch=3/3 loss=0.2893 l2=0.2000 label_smoothing=0.000
D step=2/5 epoch=1/3 loss=0.2989 l2=0.2000 label_smoothing=0.000
D step=2/5 epoch=2/3 loss=0.2846 l2=0.2000 label_smoothing=0.000
D step=2/5 epoch=3/3 loss=0.2820 l2=0.2000 label_smoothing=0.000
D step=3/5 epoch=1/3 loss=0.2651 l2=0.2000 label_smoothing=0.000
D step=3/5 epoch=2/3 loss=0.2684 l2=0.2000 label_smoothing=0.000
D step=3/5 epoch=3/3 loss=0.2730 l2=0.2000 label_smoothing=0.000
D step=4/5 epoch=1/3 loss=0.2736 l2=0.2000 label_smoothing=0.000
D step=4/5 epoch=2/3 loss=0.2635 l2=0.2000 label_smoothing=0.000
D step=4/5 epoch=3/3 loss=0.2580 l2=0.2000 label_smoothing=0.000
D step=5/5 epoch=1/3 loss=0.2721 l2=0.2000 label_smoothing=0.000
D step=5/5 epoch=2/3 loss=0.2728 l2=0.2000 label_smoothing=0.000
D step=5/5 epoch=3/3 loss=0.2694 l2=0.2000 label_smoothing=0.000
ADV epoch=38/200 g_loss=0.0024 d_loss=0.2766 reward=0.1634 reward_var=0.0006 unique=0.0600
D step=1/5 epoch=1/3 loss=0.2872 l2=0.2000 label_smoothing=0.000
D step=1/5 epoch=2/3 loss=0.2879 l2=0.2000 label_smoothing=0.000
D step=1/5 epoch=3/3 loss=0.2849 l2=0.2000 label_smoothing=0.000
D step=2/5 epoch=1/3 loss=0.2850 l2=0.2000 label_smoothing=0.000
D step=2/5 epoch=2/3 loss=0.2797 l2=0.2000 label_smoothing=0.000
D step=2/5 epoch=3/3 loss=0.2775 l2=0.2000 label_smoothing=0.000
D step=3/5 epoch=1/3 loss=0.2627 l2=0.2000 label_smoothing=0.000
D step=3/5 epoch=2/3 loss=0.2459 l2=0.2000 label_smoothing=0.000
D step=3/5 epoch=3/3 loss=0.2490 l2=0.2000 label_smoothing=0.000
D step=4/5 epoch=1/3 loss=0.2930 l2=0.2000 label_smoothing=0.000
D step=4/5 epoch=2/3 loss=0.2791 l2=0.2000 label_smoothing=0.000
D step=4/5 epoch=3/3 loss=0.2834 l2=0.2000 label_smoothing=0.000
D step=5/5 epoch=1/3 loss=0.2931 l2=0.2000 label_smoothing=0.000
D step=5/5 epoch=2/3 loss=0.2612 l2=0.2000 label_smoothing=0.000
D step=5/5 epoch=3/3 loss=0.2603 l2=0.2000 label_smoothing=0.000
ADV epoch=39/200 g_loss=0.0006 d_loss=0.2753 reward=0.1881 reward_var=0.0007 unique=0.0200
D step=1/5 epoch=1/3 loss=0.2946 l2=0.2000 label_smoothing=0.000
D step=1/5 epoch=2/3 loss=0.2774 l2=0.2000 label_smoothing=0.000
D step=1/5 epoch=3/3 loss=0.2770 l2=0.2000 label_smoothing=0.000
D step=2/5 epoch=1/3 loss=0.2888 l2=0.2000 label_smoothing=0.000
D step=2/5 epoch=2/3 loss=0.2853 l2=0.2000 label_smoothing=0.000
D step=2/5 epoch=3/3 loss=0.2886 l2=0.2000 label_smoothing=0.000
D step=3/5 epoch=1/3 loss=0.2917 l2=0.2000 label_smoothing=0.000
D step=3/5 epoch=2/3 loss=0.2950 l2=0.2000 label_smoothing=0.000
D step=3/5 epoch=3/3 loss=0.2950 l2=0.2000 label_smoothing=0.000
D step=4/5 epoch=1/3 loss=0.2983 l2=0.2000 label_smoothing=0.000
D step=4/5 epoch=2/3 loss=0.3023 l2=0.2000 label_smoothing=0.000
D step=4/5 epoch=3/3 loss=0.3014 l2=0.2000 label_smoothing=0.000
D step=5/5 epoch=1/3 loss=0.3099 l2=0.2000 label_smoothing=0.000
D step=5/5 epoch=2/3 loss=0.2946 l2=0.2000 label_smoothing=0.000
D step=5/5 epoch=3/3 loss=0.2912 l2=0.2000 label_smoothing=0.000
ADV epoch=40/200 g_loss=0.0024 d_loss=0.2927 reward=0.1432 reward_var=0.0047 unique=0.0400
D step=1/5 epoch=1/3 loss=0.3174 l2=0.2000 label_smoothing=0.000
D step=1/5 epoch=2/3 loss=0.3019 l2=0.2000 label_smoothing=0.000
D step=1/5 epoch=3/3 loss=0.3076 l2=0.2000 label_smoothing=0.000
D step=2/5 epoch=1/3 loss=0.3066 l2=0.2000 label_smoothing=0.000
D step=2/5 epoch=2/3 loss=0.3030 l2=0.2000 label_smoothing=0.000
D step=2/5 epoch=3/3 loss=0.3073 l2=0.2000 label_smoothing=0.000
D step=3/5 epoch=1/3 loss=0.3194 l2=0.2000 label_smoothing=0.000
D step=3/5 epoch=2/3 loss=0.3130 l2=0.2000 label_smoothing=0.000
D step=3/5 epoch=3/3 loss=0.3064 l2=0.2000 label_smoothing=0.000
D step=4/5 epoch=1/3 loss=0.2679 l2=0.2000 label_smoothing=0.000
D step=4/5 epoch=2/3 loss=0.2677 l2=0.2000 label_smoothing=0.000
D step=4/5 epoch=3/3 loss=0.2652 l2=0.2000 label_smoothing=0.000
D step=5/5 epoch=1/3 loss=0.2855 l2=0.2000 label_smoothing=0.000
D step=5/5 epoch=2/3 loss=0.2847 l2=0.2000 label_smoothing=0.000
D step=5/5 epoch=3/3 loss=0.2814 l2=0.2000 label_smoothing=0.000
ADV epoch=41/200 g_loss=0.0053 d_loss=0.2957 reward=0.1880 reward_var=0.0048 unique=0.0400
D step=1/5 epoch=1/3 loss=0.2872 l2=0.2000 label_smoothing=0.000
D step=1/5 epoch=2/3 loss=0.2916 l2=0.2000 label_smoothing=0.000
D step=1/5 epoch=3/3 loss=0.2906 l2=0.2000 label_smoothing=0.000
D step=2/5 epoch=1/3 loss=0.2821 l2=0.2000 label_smoothing=0.000
D step=2/5 epoch=2/3 loss=0.2848 l2=0.2000 label_smoothing=0.000
D step=2/5 epoch=3/3 loss=0.2846 l2=0.2000 label_smoothing=0.000
D step=3/5 epoch=1/3 loss=0.2506 l2=0.2000 label_smoothing=0.000
D step=3/5 epoch=2/3 loss=0.2498 l2=0.2000 label_smoothing=0.000
D step=3/5 epoch=3/3 loss=0.2534 l2=0.2000 label_smoothing=0.000
D step=4/5 epoch=1/3 loss=0.2751 l2=0.2000 label_smoothing=0.000
D step=4/5 epoch=2/3 loss=0.2686 l2=0.2000 label_smoothing=0.000
D step=4/5 epoch=3/3 loss=0.2717 l2=0.2000 label_smoothing=0.000
D step=5/5 epoch=1/3 loss=0.2859 l2=0.2000 label_smoothing=0.000
D step=5/5 epoch=2/3 loss=0.2813 l2=0.2000 label_smoothing=0.000
D step=5/5 epoch=3/3 loss=0.2786 l2=0.2000 label_smoothing=0.000
ADV epoch=42/200 g_loss=0.0026 d_loss=0.2757 reward=0.1898 reward_var=0.0005 unique=0.0400
D step=1/5 epoch=1/3 loss=0.2685 l2=0.2000 label_smoothing=0.000
D step=1/5 epoch=2/3 loss=0.2676 l2=0.2000 label_smoothing=0.000
D step=1/5 epoch=3/3 loss=0.2695 l2=0.2000 label_smoothing=0.000
D step=2/5 epoch=1/3 loss=0.2949 l2=0.2000 label_smoothing=0.000
D step=2/5 epoch=2/3 loss=0.2811 l2=0.2000 label_smoothing=0.000
D step=2/5 epoch=3/3 loss=0.2748 l2=0.2000 label_smoothing=0.000
D step=3/5 epoch=1/3 loss=0.3108 l2=0.2000 label_smoothing=0.000
D step=3/5 epoch=2/3 loss=0.3103 l2=0.2000 label_smoothing=0.000
D step=3/5 epoch=3/3 loss=0.3087 l2=0.2000 label_smoothing=0.000
D step=4/5 epoch=1/3 loss=0.2796 l2=0.2000 label_smoothing=0.000
D step=4/5 epoch=2/3 loss=0.2681 l2=0.2000 label_smoothing=0.000
D step=4/5 epoch=3/3 loss=0.2695 l2=0.2000 label_smoothing=0.000
D step=5/5 epoch=1/3 loss=0.2876 l2=0.2000 label_smoothing=0.000
D step=5/5 epoch=2/3 loss=0.2831 l2=0.2000 label_smoothing=0.000
D step=5/5 epoch=3/3 loss=0.2879 l2=0.2000 label_smoothing=0.000
ADV epoch=43/200 g_loss=0.0044 d_loss=0.2841 reward=0.1794 reward_var=0.0012 unique=0.0600
D step=1/5 epoch=1/3 loss=0.2818 l2=0.2000 label_smoothing=0.000
D step=1/5 epoch=2/3 loss=0.2855 l2=0.2000 label_smoothing=0.000
D step=1/5 epoch=3/3 loss=0.2837 l2=0.2000 label_smoothing=0.000
D step=2/5 epoch=1/3 loss=0.2522 l2=0.2000 label_smoothing=0.000
D step=2/5 epoch=2/3 loss=0.2490 l2=0.2000 label_smoothing=0.000
D step=2/5 epoch=3/3 loss=0.2470 l2=0.2000 label_smoothing=0.000
D step=3/5 epoch=1/3 loss=0.3010 l2=0.2000 label_smoothing=0.000
D step=3/5 epoch=2/3 loss=0.2768 l2=0.2000 label_smoothing=0.000
D step=3/5 epoch=3/3 loss=0.2699 l2=0.2000 label_smoothing=0.000
D step=4/5 epoch=1/3 loss=0.2779 l2=0.2000 label_smoothing=0.000
D step=4/5 epoch=2/3 loss=0.2771 l2=0.2000 label_smoothing=0.000
D step=4/5 epoch=3/3 loss=0.2733 l2=0.2000 label_smoothing=0.000
D step=5/5 epoch=1/3 loss=0.3114 l2=0.2000 label_smoothing=0.000
D step=5/5 epoch=2/3 loss=0.2996 l2=0.2000 label_smoothing=0.000
D step=5/5 epoch=3/3 loss=0.2904 l2=0.2000 label_smoothing=0.000
ADV epoch=44/200 g_loss=0.0049 d_loss=0.2784 reward=0.1965 reward_var=0.0017 unique=0.0400
D step=1/5 epoch=1/3 loss=0.2802 l2=0.2000 label_smoothing=0.000
D step=1/5 epoch=2/3 loss=0.2757 l2=0.2000 label_smoothing=0.000
D step=1/5 epoch=3/3 loss=0.2748 l2=0.2000 label_smoothing=0.000
D step=2/5 epoch=1/3 loss=0.2846 l2=0.2000 label_smoothing=0.000
D step=2/5 epoch=2/3 loss=0.2904 l2=0.2000 label_smoothing=0.000
D step=2/5 epoch=3/3 loss=0.2879 l2=0.2000 label_smoothing=0.000
D step=3/5 epoch=1/3 loss=0.2833 l2=0.2000 label_smoothing=0.000
D step=3/5 epoch=2/3 loss=0.2677 l2=0.2000 label_smoothing=0.000
D step=3/5 epoch=3/3 loss=0.2687 l2=0.2000 label_smoothing=0.000
D step=4/5 epoch=1/3 loss=0.3247 l2=0.2000 label_smoothing=0.000
D step=4/5 epoch=2/3 loss=0.3050 l2=0.2000 label_smoothing=0.000
D step=4/5 epoch=3/3 loss=0.2993 l2=0.2000 label_smoothing=0.000
D step=5/5 epoch=1/3 loss=0.2764 l2=0.2000 label_smoothing=0.000
D step=5/5 epoch=2/3 loss=0.2701 l2=0.2000 label_smoothing=0.000
D step=5/5 epoch=3/3 loss=0.2704 l2=0.2000 label_smoothing=0.000
ADV epoch=45/200 g_loss=0.0007 d_loss=0.2839 reward=0.1775 reward_var=0.0003 unique=0.1400
D step=1/5 epoch=1/3 loss=0.2641 l2=0.2000 label_smoothing=0.000
D step=1/5 epoch=2/3 loss=0.2563 l2=0.2000 label_smoothing=0.000
D step=1/5 epoch=3/3 loss=0.2563 l2=0.2000 label_smoothing=0.000
D step=2/5 epoch=1/3 loss=0.3014 l2=0.2000 label_smoothing=0.000
D step=2/5 epoch=2/3 loss=0.2928 l2=0.2000 label_smoothing=0.000
D step=2/5 epoch=3/3 loss=0.2878 l2=0.2000 label_smoothing=0.000
D step=3/5 epoch=1/3 loss=0.2974 l2=0.2000 label_smoothing=0.000
D step=3/5 epoch=2/3 loss=0.2922 l2=0.2000 label_smoothing=0.000
D step=3/5 epoch=3/3 loss=0.2930 l2=0.2000 label_smoothing=0.000
D step=4/5 epoch=1/3 loss=0.3402 l2=0.2000 label_smoothing=0.000
D step=4/5 epoch=2/3 loss=0.3301 l2=0.2000 label_smoothing=0.000
D step=4/5 epoch=3/3 loss=0.3086 l2=0.2000 label_smoothing=0.000
D step=5/5 epoch=1/3 loss=0.2822 l2=0.2000 label_smoothing=0.000
D step=5/5 epoch=2/3 loss=0.2773 l2=0.2000 label_smoothing=0.000
D step=5/5 epoch=3/3 loss=0.2732 l2=0.2000 label_smoothing=0.000
ADV epoch=46/200 g_loss=0.0057 d_loss=0.2902 reward=0.1637 reward_var=0.0037 unique=0.0400
D step=1/5 epoch=1/3 loss=0.2784 l2=0.2000 label_smoothing=0.000
D step=1/5 epoch=2/3 loss=0.2734 l2=0.2000 label_smoothing=0.000
D step=1/5 epoch=3/3 loss=0.2744 l2=0.2000 label_smoothing=0.000
D step=2/5 epoch=1/3 loss=0.2797 l2=0.2000 label_smoothing=0.000
D step=2/5 epoch=2/3 loss=0.2586 l2=0.2000 label_smoothing=0.000
D step=2/5 epoch=3/3 loss=0.2586 l2=0.2000 label_smoothing=0.000
D step=3/5 epoch=1/3 loss=0.2509 l2=0.2000 label_smoothing=0.000
D step=3/5 epoch=2/3 loss=0.2532 l2=0.2000 label_smoothing=0.000
D step=3/5 epoch=3/3 loss=0.2492 l2=0.2000 label_smoothing=0.000
D step=4/5 epoch=1/3 loss=0.2847 l2=0.2000 label_smoothing=0.000
D step=4/5 epoch=2/3 loss=0.2602 l2=0.2000 label_smoothing=0.000
D step=4/5 epoch=3/3 loss=0.2679 l2=0.2000 label_smoothing=0.000
D step=5/5 epoch=1/3 loss=0.3000 l2=0.2000 label_smoothing=0.000
D step=5/5 epoch=2/3 loss=0.2961 l2=0.2000 label_smoothing=0.000
D step=5/5 epoch=3/3 loss=0.2902 l2=0.2000 label_smoothing=0.000
ADV epoch=47/200 g_loss=0.0028 d_loss=0.2717 reward=0.1668 reward_var=0.0012 unique=0.0800
D step=1/5 epoch=1/3 loss=0.3089 l2=0.2000 label_smoothing=0.000
D step=1/5 epoch=2/3 loss=0.3050 l2=0.2000 label_smoothing=0.000
D step=1/5 epoch=3/3 loss=0.3033 l2=0.2000 label_smoothing=0.000
D step=2/5 epoch=1/3 loss=0.2733 l2=0.2000 label_smoothing=0.000
D step=2/5 epoch=2/3 loss=0.2757 l2=0.2000 label_smoothing=0.000
D step=2/5 epoch=3/3 loss=0.2788 l2=0.2000 label_smoothing=0.000
D step=3/5 epoch=1/3 loss=0.2699 l2=0.2000 label_smoothing=0.000
D step=3/5 epoch=2/3 loss=0.2745 l2=0.2000 label_smoothing=0.000
D step=3/5 epoch=3/3 loss=0.2752 l2=0.2000 label_smoothing=0.000
D step=4/5 epoch=1/3 loss=0.2889 l2=0.2000 label_smoothing=0.000
D step=4/5 epoch=2/3 loss=0.2899 l2=0.2000 label_smoothing=0.000
D step=4/5 epoch=3/3 loss=0.2894 l2=0.2000 label_smoothing=0.000
D step=5/5 epoch=1/3 loss=0.2888 l2=0.2000 label_smoothing=0.000
D step=5/5 epoch=2/3 loss=0.2887 l2=0.2000 label_smoothing=0.000
D step=5/5 epoch=3/3 loss=0.2850 l2=0.2000 label_smoothing=0.000
ADV epoch=48/200 g_loss=0.0005 d_loss=0.2864 reward=0.1941 reward_var=0.0016 unique=0.0800
D step=1/5 epoch=1/3 loss=0.2734 l2=0.2000 label_smoothing=0.000
D step=1/5 epoch=2/3 loss=0.2709 l2=0.2000 label_smoothing=0.000
D step=1/5 epoch=3/3 loss=0.2751 l2=0.2000 label_smoothing=0.000
D step=2/5 epoch=1/3 loss=0.2780 l2=0.2000 label_smoothing=0.000
D step=2/5 epoch=2/3 loss=0.2770 l2=0.2000 label_smoothing=0.000
D step=2/5 epoch=3/3 loss=0.2764 l2=0.2000 label_smoothing=0.000
D step=3/5 epoch=1/3 loss=0.2680 l2=0.2000 label_smoothing=0.000
D step=3/5 epoch=2/3 loss=0.2720 l2=0.2000 label_smoothing=0.000
D step=3/5 epoch=3/3 loss=0.2716 l2=0.2000 label_smoothing=0.000
D step=4/5 epoch=1/3 loss=0.2598 l2=0.2000 label_smoothing=0.000
D step=4/5 epoch=2/3 loss=0.2616 l2=0.2000 label_smoothing=0.000
D step=4/5 epoch=3/3 loss=0.2588 l2=0.2000 label_smoothing=0.000
D step=5/5 epoch=1/3 loss=0.3218 l2=0.2000 label_smoothing=0.000
D step=5/5 epoch=2/3 loss=0.3023 l2=0.2000 label_smoothing=0.000
D step=5/5 epoch=3/3 loss=0.2940 l2=0.2000 label_smoothing=0.000
ADV epoch=49/200 g_loss=0.0004 d_loss=0.2774 reward=0.1751 reward_var=0.0004 unique=0.1400
D step=1/5 epoch=1/3 loss=0.3109 l2=0.2000 label_smoothing=0.000
D step=1/5 epoch=2/3 loss=0.3009 l2=0.2000 label_smoothing=0.000
D step=1/5 epoch=3/3 loss=0.3025 l2=0.2000 label_smoothing=0.000
D step=2/5 epoch=1/3 loss=0.2938 l2=0.2000 label_smoothing=0.000
D step=2/5 epoch=2/3 loss=0.2943 l2=0.2000 label_smoothing=0.000
D step=2/5 epoch=3/3 loss=0.2928 l2=0.2000 label_smoothing=0.000
D step=3/5 epoch=1/3 loss=0.2872 l2=0.2000 label_smoothing=0.000
D step=3/5 epoch=2/3 loss=0.2844 l2=0.2000 label_smoothing=0.000
D step=3/5 epoch=3/3 loss=0.2820 l2=0.2000 label_smoothing=0.000
D step=4/5 epoch=1/3 loss=0.2776 l2=0.2000 label_smoothing=0.000
D step=4/5 epoch=2/3 loss=0.2748 l2=0.2000 label_smoothing=0.000
D step=4/5 epoch=3/3 loss=0.2749 l2=0.2000 label_smoothing=0.000
D step=5/5 epoch=1/3 loss=0.2756 l2=0.2000 label_smoothing=0.000
D step=5/5 epoch=2/3 loss=0.2689 l2=0.2000 label_smoothing=0.000
D step=5/5 epoch=3/3 loss=0.2658 l2=0.2000 label_smoothing=0.000
ADV epoch=50/200 g_loss=0.0022 d_loss=0.2858 reward=0.1776 reward_var=0.0022 unique=0.0400
D step=1/5 epoch=1/3 loss=0.2829 l2=0.2000 label_smoothing=0.000
D step=1/5 epoch=2/3 loss=0.2799 l2=0.2000 label_smoothing=0.000
D step=1/5 epoch=3/3 loss=0.2814 l2=0.2000 label_smoothing=0.000
D step=2/5 epoch=1/3 loss=0.2999 l2=0.2000 label_smoothing=0.000
D step=2/5 epoch=2/3 loss=0.2992 l2=0.2000 label_smoothing=0.000
D step=2/5 epoch=3/3 loss=0.3004 l2=0.2000 label_smoothing=0.000
D step=3/5 epoch=1/3 loss=0.3113 l2=0.2000 label_smoothing=0.000
D step=3/5 epoch=2/3 loss=0.2931 l2=0.2000 label_smoothing=0.000
D step=3/5 epoch=3/3 loss=0.2926 l2=0.2000 label_smoothing=0.000
D step=4/5 epoch=1/3 loss=0.2949 l2=0.2000 label_smoothing=0.000
D step=4/5 epoch=2/3 loss=0.2852 l2=0.2000 label_smoothing=0.000
D step=4/5 epoch=3/3 loss=0.2885 l2=0.2000 label_smoothing=0.000
D step=5/5 epoch=1/3 loss=0.2846 l2=0.2000 label_smoothing=0.000
D step=5/5 epoch=2/3 loss=0.2813 l2=0.2000 label_smoothing=0.000
D step=5/5 epoch=3/3 loss=0.2803 l2=0.2000 label_smoothing=0.000
ADV epoch=51/200 g_loss=0.0021 d_loss=0.2904 reward=0.1696 reward_var=0.0001 unique=0.0200
D step=1/5 epoch=1/3 loss=0.2773 l2=0.2000 label_smoothing=0.000
D step=1/5 epoch=2/3 loss=0.2765 l2=0.2000 label_smoothing=0.000
D step=1/5 epoch=3/3 loss=0.2789 l2=0.2000 label_smoothing=0.000
D step=2/5 epoch=1/3 loss=0.2955 l2=0.2000 label_smoothing=0.000
D step=2/5 epoch=2/3 loss=0.2977 l2=0.2000 label_smoothing=0.000
D step=2/5 epoch=3/3 loss=0.2968 l2=0.2000 label_smoothing=0.000
D step=3/5 epoch=1/3 loss=0.2852 l2=0.2000 label_smoothing=0.000
D step=3/5 epoch=2/3 loss=0.2855 l2=0.2000 label_smoothing=0.000
D step=3/5 epoch=3/3 loss=0.2852 l2=0.2000 label_smoothing=0.000
D step=4/5 epoch=1/3 loss=0.2843 l2=0.2000 label_smoothing=0.000
D step=4/5 epoch=2/3 loss=0.2856 l2=0.2000 label_smoothing=0.000
D step=4/5 epoch=3/3 loss=0.2890 l2=0.2000 label_smoothing=0.000
D step=5/5 epoch=1/3 loss=0.2879 l2=0.2000 label_smoothing=0.000
D step=5/5 epoch=2/3 loss=0.2871 l2=0.2000 label_smoothing=0.000
D step=5/5 epoch=3/3 loss=0.2870 l2=0.2000 label_smoothing=0.000
ADV epoch=52/200 g_loss=0.0047 d_loss=0.2866 reward=0.1661 reward_var=0.0024 unique=0.0800
D step=1/5 epoch=1/3 loss=0.3068 l2=0.2000 label_smoothing=0.000
D step=1/5 epoch=2/3 loss=0.2877 l2=0.2000 label_smoothing=0.000
D step=1/5 epoch=3/3 loss=0.2906 l2=0.2000 label_smoothing=0.000
D step=2/5 epoch=1/3 loss=0.2960 l2=0.2000 label_smoothing=0.000
D step=2/5 epoch=2/3 loss=0.2957 l2=0.2000 label_smoothing=0.000
D step=2/5 epoch=3/3 loss=0.2990 l2=0.2000 label_smoothing=0.000
D step=3/5 epoch=1/3 loss=0.2901 l2=0.2000 label_smoothing=0.000
D step=3/5 epoch=2/3 loss=0.2785 l2=0.2000 label_smoothing=0.000
D step=3/5 epoch=3/3 loss=0.2799 l2=0.2000 label_smoothing=0.000
D step=4/5 epoch=1/3 loss=0.2311 l2=0.2000 label_smoothing=0.000
D step=4/5 epoch=2/3 loss=0.2323 l2=0.2000 label_smoothing=0.000
D step=4/5 epoch=3/3 loss=0.2285 l2=0.2000 label_smoothing=0.000
D step=5/5 epoch=1/3 loss=0.2768 l2=0.2000 label_smoothing=0.000
D step=5/5 epoch=2/3 loss=0.2735 l2=0.2000 label_smoothing=0.000
D step=5/5 epoch=3/3 loss=0.2726 l2=0.2000 label_smoothing=0.000
ADV epoch=53/200 g_loss=0.0021 d_loss=0.2759 reward=0.1685 reward_var=0.0010 unique=0.1200
D step=1/5 epoch=1/3 loss=0.2738 l2=0.2000 label_smoothing=0.000
D step=1/5 epoch=2/3 loss=0.2706 l2=0.2000 label_smoothing=0.000
D step=1/5 epoch=3/3 loss=0.2721 l2=0.2000 label_smoothing=0.000
D step=2/5 epoch=1/3 loss=0.3275 l2=0.2000 label_smoothing=0.000
D step=2/5 epoch=2/3 loss=0.3188 l2=0.2000 label_smoothing=0.000
D step=2/5 epoch=3/3 loss=0.3028 l2=0.2000 label_smoothing=0.000
D step=3/5 epoch=1/3 loss=0.2704 l2=0.2000 label_smoothing=0.000
D step=3/5 epoch=2/3 loss=0.2748 l2=0.2000 label_smoothing=0.000
D step=3/5 epoch=3/3 loss=0.2729 l2=0.2000 label_smoothing=0.000
D step=4/5 epoch=1/3 loss=0.2633 l2=0.2000 label_smoothing=0.000
D step=4/5 epoch=2/3 loss=0.2627 l2=0.2000 label_smoothing=0.000
D step=4/5 epoch=3/3 loss=0.2623 l2=0.2000 label_smoothing=0.000
D step=5/5 epoch=1/3 loss=0.2888 l2=0.2000 label_smoothing=0.000
D step=5/5 epoch=2/3 loss=0.2764 l2=0.2000 label_smoothing=0.000
D step=5/5 epoch=3/3 loss=0.2759 l2=0.2000 label_smoothing=0.000
ADV epoch=54/200 g_loss=0.0053 d_loss=0.2809 reward=0.1973 reward_var=0.0063 unique=0.0800
D step=1/5 epoch=1/3 loss=0.3077 l2=0.2000 label_smoothing=0.000
D step=1/5 epoch=2/3 loss=0.2998 l2=0.2000 label_smoothing=0.000
D step=1/5 epoch=3/3 loss=0.2830 l2=0.2000 label_smoothing=0.000
D step=2/5 epoch=1/3 loss=0.2879 l2=0.2000 label_smoothing=0.000
D step=2/5 epoch=2/3 loss=0.2783 l2=0.2000 label_smoothing=0.000
D step=2/5 epoch=3/3 loss=0.2716 l2=0.2000 label_smoothing=0.000
D step=3/5 epoch=1/3 loss=0.2823 l2=0.2000 label_smoothing=0.000
D step=3/5 epoch=2/3 loss=0.2797 l2=0.2000 label_smoothing=0.000
D step=3/5 epoch=3/3 loss=0.2754 l2=0.2000 label_smoothing=0.000
D step=4/5 epoch=1/3 loss=0.2578 l2=0.2000 label_smoothing=0.000
D step=4/5 epoch=2/3 loss=0.2585 l2=0.2000 label_smoothing=0.000
D step=4/5 epoch=3/3 loss=0.2561 l2=0.2000 label_smoothing=0.000
D step=5/5 epoch=1/3 loss=0.2615 l2=0.2000 label_smoothing=0.000
D step=5/5 epoch=2/3 loss=0.2580 l2=0.2000 label_smoothing=0.000
D step=5/5 epoch=3/3 loss=0.2564 l2=0.2000 label_smoothing=0.000
ADV epoch=55/200 g_loss=0.0013 d_loss=0.2743 reward=0.1816 reward_var=0.0009 unique=0.0600
D step=1/5 epoch=1/3 loss=0.2637 l2=0.2000 label_smoothing=0.000
D step=1/5 epoch=2/3 loss=0.2552 l2=0.2000 label_smoothing=0.000
D step=1/5 epoch=3/3 loss=0.2560 l2=0.2000 label_smoothing=0.000
D step=2/5 epoch=1/3 loss=0.2793 l2=0.2000 label_smoothing=0.000
D step=2/5 epoch=2/3 loss=0.2825 l2=0.2000 label_smoothing=0.000
D step=2/5 epoch=3/3 loss=0.2787 l2=0.2000 label_smoothing=0.000
D step=3/5 epoch=1/3 loss=0.2993 l2=0.2000 label_smoothing=0.000
D step=3/5 epoch=2/3 loss=0.2980 l2=0.2000 label_smoothing=0.000
D step=3/5 epoch=3/3 loss=0.2950 l2=0.2000 label_smoothing=0.000
D step=4/5 epoch=1/3 loss=0.3005 l2=0.2000 label_smoothing=0.000
D step=4/5 epoch=2/3 loss=0.2855 l2=0.2000 label_smoothing=0.000
D step=4/5 epoch=3/3 loss=0.2875 l2=0.2000 label_smoothing=0.000
D step=5/5 epoch=1/3 loss=0.3078 l2=0.2000 label_smoothing=0.000
D step=5/5 epoch=2/3 loss=0.3079 l2=0.2000 label_smoothing=0.000
D step=5/5 epoch=3/3 loss=0.3072 l2=0.2000 label_smoothing=0.000
ADV epoch=56/200 g_loss=0.0069 d_loss=0.2869 reward=0.1604 reward_var=0.0012 unique=0.1000
D step=1/5 epoch=1/3 loss=0.3211 l2=0.2000 label_smoothing=0.000
D step=1/5 epoch=2/3 loss=0.2999 l2=0.2000 label_smoothing=0.000
D step=1/5 epoch=3/3 loss=0.2937 l2=0.2000 label_smoothing=0.000
D step=2/5 epoch=1/3 loss=0.2879 l2=0.2000 label_smoothing=0.000
D step=2/5 epoch=2/3 loss=0.2861 l2=0.2000 label_smoothing=0.000
D step=2/5 epoch=3/3 loss=0.2865 l2=0.2000 label_smoothing=0.000
D step=3/5 epoch=1/3 loss=0.2796 l2=0.2000 label_smoothing=0.000
D step=3/5 epoch=2/3 loss=0.2760 l2=0.2000 label_smoothing=0.000
D step=3/5 epoch=3/3 loss=0.2766 l2=0.2000 label_smoothing=0.000
D step=4/5 epoch=1/3 loss=0.2668 l2=0.2000 label_smoothing=0.000
D step=4/5 epoch=2/3 loss=0.2714 l2=0.2000 label_smoothing=0.000
D step=4/5 epoch=3/3 loss=0.2706 l2=0.2000 label_smoothing=0.000
D step=5/5 epoch=1/3 loss=0.2662 l2=0.2000 label_smoothing=0.000
D step=5/5 epoch=2/3 loss=0.2516 l2=0.2000 label_smoothing=0.000
D step=5/5 epoch=3/3 loss=0.2542 l2=0.2000 label_smoothing=0.000
ADV epoch=57/200 g_loss=0.0041 d_loss=0.2792 reward=0.1981 reward_var=0.0016 unique=0.0200
D step=1/5 epoch=1/3 loss=0.2630 l2=0.2000 label_smoothing=0.000
D step=1/5 epoch=2/3 loss=0.2596 l2=0.2000 label_smoothing=0.000
D step=1/5 epoch=3/3 loss=0.2594 l2=0.2000 label_smoothing=0.000
D step=2/5 epoch=1/3 loss=0.2749 l2=0.2000 label_smoothing=0.000
D step=2/5 epoch=2/3 loss=0.2742 l2=0.2000 label_smoothing=0.000
D step=2/5 epoch=3/3 loss=0.2786 l2=0.2000 label_smoothing=0.000
D step=3/5 epoch=1/3 loss=0.3056 l2=0.2000 label_smoothing=0.000
D step=3/5 epoch=2/3 loss=0.3033 l2=0.2000 label_smoothing=0.000
D step=3/5 epoch=3/3 loss=0.3033 l2=0.2000 label_smoothing=0.000
D step=4/5 epoch=1/3 loss=0.2911 l2=0.2000 label_smoothing=0.000
D step=4/5 epoch=2/3 loss=0.2935 l2=0.2000 label_smoothing=0.000
D step=4/5 epoch=3/3 loss=0.2907 l2=0.2000 label_smoothing=0.000
D step=5/5 epoch=1/3 loss=0.2716 l2=0.2000 label_smoothing=0.000
D step=5/5 epoch=2/3 loss=0.2698 l2=0.2000 label_smoothing=0.000
D step=5/5 epoch=3/3 loss=0.2665 l2=0.2000 label_smoothing=0.000
ADV epoch=58/200 g_loss=0.0025 d_loss=0.2803 reward=0.1366 reward_var=0.0007 unique=0.0400
D step=1/5 epoch=1/3 loss=0.2924 l2=0.2000 label_smoothing=0.000
D step=1/5 epoch=2/3 loss=0.2848 l2=0.2000 label_smoothing=0.000
D step=1/5 epoch=3/3 loss=0.2856 l2=0.2000 label_smoothing=0.000
D step=2/5 epoch=1/3 loss=0.2835 l2=0.2000 label_smoothing=0.000
D step=2/5 epoch=2/3 loss=0.2756 l2=0.2000 label_smoothing=0.000
D step=2/5 epoch=3/3 loss=0.2816 l2=0.2000 label_smoothing=0.000
D step=3/5 epoch=1/3 loss=0.2788 l2=0.2000 label_smoothing=0.000
D step=3/5 epoch=2/3 loss=0.2798 l2=0.2000 label_smoothing=0.000
D step=3/5 epoch=3/3 loss=0.2798 l2=0.2000 label_smoothing=0.000
D step=4/5 epoch=1/3 loss=0.2513 l2=0.2000 label_smoothing=0.000
D step=4/5 epoch=2/3 loss=0.2525 l2=0.2000 label_smoothing=0.000
D step=4/5 epoch=3/3 loss=0.2517 l2=0.2000 label_smoothing=0.000
D step=5/5 epoch=1/3 loss=0.2832 l2=0.2000 label_smoothing=0.000
D step=5/5 epoch=2/3 loss=0.2889 l2=0.2000 label_smoothing=0.000
D step=5/5 epoch=3/3 loss=0.2852 l2=0.2000 label_smoothing=0.000
ADV epoch=59/200 g_loss=0.0038 d_loss=0.2770 reward=0.1487 reward_var=0.0013 unique=0.0600
D step=1/5 epoch=1/3 loss=0.3396 l2=0.2000 label_smoothing=0.000
D step=1/5 epoch=2/3 loss=0.2951 l2=0.2000 label_smoothing=0.000
D step=1/5 epoch=3/3 loss=0.2923 l2=0.2000 label_smoothing=0.000
D step=2/5 epoch=1/3 loss=0.2693 l2=0.2000 label_smoothing=0.000
D step=2/5 epoch=2/3 loss=0.2717 l2=0.2000 label_smoothing=0.000
D step=2/5 epoch=3/3 loss=0.2695 l2=0.2000 label_smoothing=0.000
D step=3/5 epoch=1/3 loss=0.2733 l2=0.2000 label_smoothing=0.000
D step=3/5 epoch=2/3 loss=0.2731 l2=0.2000 label_smoothing=0.000
D step=3/5 epoch=3/3 loss=0.2698 l2=0.2000 label_smoothing=0.000
D step=4/5 epoch=1/3 loss=0.2774 l2=0.2000 label_smoothing=0.000
D step=4/5 epoch=2/3 loss=0.2750 l2=0.2000 label_smoothing=0.000
D step=4/5 epoch=3/3 loss=0.2782 l2=0.2000 label_smoothing=0.000
D step=5/5 epoch=1/3 loss=0.2938 l2=0.2000 label_smoothing=0.000
D step=5/5 epoch=2/3 loss=0.2855 l2=0.2000 label_smoothing=0.000
D step=5/5 epoch=3/3 loss=0.2890 l2=0.2000 label_smoothing=0.000
ADV epoch=60/200 g_loss=0.0013 d_loss=0.2835 reward=0.1962 reward_var=0.0005 unique=0.0400
D step=1/5 epoch=1/3 loss=0.2700 l2=0.2000 label_smoothing=0.000
D step=1/5 epoch=2/3 loss=0.2666 l2=0.2000 label_smoothing=0.000
D step=1/5 epoch=3/3 loss=0.2709 l2=0.2000 label_smoothing=0.000
D step=2/5 epoch=1/3 loss=0.2639 l2=0.2000 label_smoothing=0.000
D step=2/5 epoch=2/3 loss=0.2584 l2=0.2000 label_smoothing=0.000
D step=2/5 epoch=3/3 loss=0.2645 l2=0.2000 label_smoothing=0.000
D step=3/5 epoch=1/3 loss=0.2526 l2=0.2000 label_smoothing=0.000
D step=3/5 epoch=2/3 loss=0.2498 l2=0.2000 label_smoothing=0.000
D step=3/5 epoch=3/3 loss=0.2512 l2=0.2000 label_smoothing=0.000
D step=4/5 epoch=1/3 loss=0.3272 l2=0.2000 label_smoothing=0.000
D step=4/5 epoch=2/3 loss=0.3065 l2=0.2000 label_smoothing=0.000
D step=4/5 epoch=3/3 loss=0.3079 l2=0.2000 label_smoothing=0.000
D step=5/5 epoch=1/3 loss=0.2863 l2=0.2000 label_smoothing=0.000
D step=5/5 epoch=2/3 loss=0.2831 l2=0.2000 label_smoothing=0.000
D step=5/5 epoch=3/3 loss=0.2803 l2=0.2000 label_smoothing=0.000
ADV epoch=61/200 g_loss=0.0004 d_loss=0.2759 reward=0.1880 reward_var=0.0006 unique=0.0200
D step=1/5 epoch=1/3 loss=0.2952 l2=0.2000 label_smoothing=0.000
D step=1/5 epoch=2/3 loss=0.2937 l2=0.2000 label_smoothing=0.000
D step=1/5 epoch=3/3 loss=0.2934 l2=0.2000 label_smoothing=0.000
D step=2/5 epoch=1/3 loss=0.2876 l2=0.2000 label_smoothing=0.000
D step=2/5 epoch=2/3 loss=0.2866 l2=0.2000 label_smoothing=0.000
D step=2/5 epoch=3/3 loss=0.2878 l2=0.2000 label_smoothing=0.000
D step=3/5 epoch=1/3 loss=0.2790 l2=0.2000 label_smoothing=0.000
D step=3/5 epoch=2/3 loss=0.2719 l2=0.2000 label_smoothing=0.000
D step=3/5 epoch=3/3 loss=0.2693 l2=0.2000 label_smoothing=0.000
D step=4/5 epoch=1/3 loss=0.2746 l2=0.2000 label_smoothing=0.000
D step=4/5 epoch=2/3 loss=0.2747 l2=0.2000 label_smoothing=0.000
D step=4/5 epoch=3/3 loss=0.2742 l2=0.2000 label_smoothing=0.000
D step=5/5 epoch=1/3 loss=0.2656 l2=0.2000 label_smoothing=0.000
D step=5/5 epoch=2/3 loss=0.2540 l2=0.2000 label_smoothing=0.000
D step=5/5 epoch=3/3 loss=0.2445 l2=0.2000 label_smoothing=0.000
ADV epoch=62/200 g_loss=0.0024 d_loss=0.2768 reward=0.1714 reward_var=0.0009 unique=0.1200
D step=1/5 epoch=1/3 loss=0.2676 l2=0.2000 label_smoothing=0.000
D step=1/5 epoch=2/3 loss=0.2734 l2=0.2000 label_smoothing=0.000
D step=1/5 epoch=3/3 loss=0.2616 l2=0.2000 label_smoothing=0.000
D step=2/5 epoch=1/3 loss=0.2633 l2=0.2000 label_smoothing=0.000
D step=2/5 epoch=2/3 loss=0.2644 l2=0.2000 label_smoothing=0.000
D step=2/5 epoch=3/3 loss=0.2616 l2=0.2000 label_smoothing=0.000
D step=3/5 epoch=1/3 loss=0.2742 l2=0.2000 label_smoothing=0.000
D step=3/5 epoch=2/3 loss=0.2726 l2=0.2000 label_smoothing=0.000
D step=3/5 epoch=3/3 loss=0.2730 l2=0.2000 label_smoothing=0.000
D step=4/5 epoch=1/3 loss=0.2967 l2=0.2000 label_smoothing=0.000
D step=4/5 epoch=2/3 loss=0.2949 l2=0.2000 label_smoothing=0.000
D step=4/5 epoch=3/3 loss=0.2915 l2=0.2000 label_smoothing=0.000
D step=5/5 epoch=1/3 loss=0.2854 l2=0.2000 label_smoothing=0.000
D step=5/5 epoch=2/3 loss=0.2827 l2=0.2000 label_smoothing=0.000
D step=5/5 epoch=3/3 loss=0.2835 l2=0.2000 label_smoothing=0.000
ADV epoch=63/200 g_loss=0.0006 d_loss=0.2764 reward=0.1392 reward_var=0.0004 unique=0.0400
D step=1/5 epoch=1/3 loss=0.2924 l2=0.2000 label_smoothing=0.000
D step=1/5 epoch=2/3 loss=0.2914 l2=0.2000 label_smoothing=0.000
D step=1/5 epoch=3/3 loss=0.2908 l2=0.2000 label_smoothing=0.000
D step=2/5 epoch=1/3 loss=0.2601 l2=0.2000 label_smoothing=0.000
D step=2/5 epoch=2/3 loss=0.2591 l2=0.2000 label_smoothing=0.000
D step=2/5 epoch=3/3 loss=0.2600 l2=0.2000 label_smoothing=0.000
D step=3/5 epoch=1/3 loss=0.2914 l2=0.2000 label_smoothing=0.000
D step=3/5 epoch=2/3 loss=0.2906 l2=0.2000 label_smoothing=0.000
D step=3/5 epoch=3/3 loss=0.2871 l2=0.2000 label_smoothing=0.000
D step=4/5 epoch=1/3 loss=0.3041 l2=0.2000 label_smoothing=0.000
D step=4/5 epoch=2/3 loss=0.2853 l2=0.2000 label_smoothing=0.000
D step=4/5 epoch=3/3 loss=0.2777 l2=0.2000 label_smoothing=0.000
D step=5/5 epoch=1/3 loss=0.2711 l2=0.2000 label_smoothing=0.000
D step=5/5 epoch=2/3 loss=0.2662 l2=0.2000 label_smoothing=0.000
D step=5/5 epoch=3/3 loss=0.2672 l2=0.2000 label_smoothing=0.000
ADV epoch=64/200 g_loss=0.0103 d_loss=0.2796 reward=0.1761 reward_var=0.0044 unique=0.0600
D step=1/5 epoch=1/3 loss=0.2568 l2=0.2000 label_smoothing=0.000
D step=1/5 epoch=2/3 loss=0.2545 l2=0.2000 label_smoothing=0.000
D step=1/5 epoch=3/3 loss=0.2534 l2=0.2000 label_smoothing=0.000
D step=2/5 epoch=1/3 loss=0.2815 l2=0.2000 label_smoothing=0.000
D step=2/5 epoch=2/3 loss=0.2774 l2=0.2000 label_smoothing=0.000
D step=2/5 epoch=3/3 loss=0.2760 l2=0.2000 label_smoothing=0.000
D step=3/5 epoch=1/3 loss=0.2754 l2=0.2000 label_smoothing=0.000
D step=3/5 epoch=2/3 loss=0.2755 l2=0.2000 label_smoothing=0.000
D step=3/5 epoch=3/3 loss=0.2734 l2=0.2000 label_smoothing=0.000
D step=4/5 epoch=1/3 loss=0.2760 l2=0.2000 label_smoothing=0.000
D step=4/5 epoch=2/3 loss=0.2720 l2=0.2000 label_smoothing=0.000
D step=4/5 epoch=3/3 loss=0.2677 l2=0.2000 label_smoothing=0.000
D step=5/5 epoch=1/3 loss=0.2866 l2=0.2000 label_smoothing=0.000
D step=5/5 epoch=2/3 loss=0.2843 l2=0.2000 label_smoothing=0.000
D step=5/5 epoch=3/3 loss=0.2851 l2=0.2000 label_smoothing=0.000
ADV epoch=65/200 g_loss=0.0003 d_loss=0.2731 reward=0.1716 reward_var=0.0000 unique=0.0600
D step=1/5 epoch=1/3 loss=0.2712 l2=0.2000 label_smoothing=0.000
D step=1/5 epoch=2/3 loss=0.2714 l2=0.2000 label_smoothing=0.000
D step=1/5 epoch=3/3 loss=0.2692 l2=0.2000 label_smoothing=0.000
D step=2/5 epoch=1/3 loss=0.3061 l2=0.2000 label_smoothing=0.000
D step=2/5 epoch=2/3 loss=0.2934 l2=0.2000 label_smoothing=0.000
D step=2/5 epoch=3/3 loss=0.2854 l2=0.2000 label_smoothing=0.000
D step=3/5 epoch=1/3 loss=0.2770 l2=0.2000 label_smoothing=0.000
D step=3/5 epoch=2/3 loss=0.2742 l2=0.2000 label_smoothing=0.000
D step=3/5 epoch=3/3 loss=0.2728 l2=0.2000 label_smoothing=0.000
D step=4/5 epoch=1/3 loss=0.2720 l2=0.2000 label_smoothing=0.000
D step=4/5 epoch=2/3 loss=0.2728 l2=0.2000 label_smoothing=0.000
D step=4/5 epoch=3/3 loss=0.2699 l2=0.2000 label_smoothing=0.000
D step=5/5 epoch=1/3 loss=0.2595 l2=0.2000 label_smoothing=0.000
D step=5/5 epoch=2/3 loss=0.2570 l2=0.2000 label_smoothing=0.000
D step=5/5 epoch=3/3 loss=0.2576 l2=0.2000 label_smoothing=0.000
ADV epoch=66/200 g_loss=0.0051 d_loss=0.2740 reward=0.1867 reward_var=0.0017 unique=0.0600
D step=1/5 epoch=1/3 loss=0.2926 l2=0.2000 label_smoothing=0.000
D step=1/5 epoch=2/3 loss=0.2706 l2=0.2000 label_smoothing=0.000
D step=1/5 epoch=3/3 loss=0.2712 l2=0.2000 label_smoothing=0.000
D step=2/5 epoch=1/3 loss=0.2807 l2=0.2000 label_smoothing=0.000
D step=2/5 epoch=2/3 loss=0.2814 l2=0.2000 label_smoothing=0.000
D step=2/5 epoch=3/3 loss=0.2771 l2=0.2000 label_smoothing=0.000
D step=3/5 epoch=1/3 loss=0.2817 l2=0.2000 label_smoothing=0.000
D step=3/5 epoch=2/3 loss=0.2785 l2=0.2000 label_smoothing=0.000
D step=3/5 epoch=3/3 loss=0.2782 l2=0.2000 label_smoothing=0.000
D step=4/5 epoch=1/3 loss=0.2649 l2=0.2000 label_smoothing=0.000
D step=4/5 epoch=2/3 loss=0.2662 l2=0.2000 label_smoothing=0.000
D step=4/5 epoch=3/3 loss=0.2624 l2=0.2000 label_smoothing=0.000
D step=5/5 epoch=1/3 loss=0.2942 l2=0.2000 label_smoothing=0.000
D step=5/5 epoch=2/3 loss=0.2707 l2=0.2000 label_smoothing=0.000
D step=5/5 epoch=3/3 loss=0.2642 l2=0.2000 label_smoothing=0.000
ADV epoch=67/200 g_loss=0.0038 d_loss=0.2756 reward=0.1520 reward_var=0.0007 unique=0.0600
D step=1/5 epoch=1/3 loss=0.2511 l2=0.2000 label_smoothing=0.000
D step=1/5 epoch=2/3 loss=0.2343 l2=0.2000 label_smoothing=0.000
D step=1/5 epoch=3/3 loss=0.2333 l2=0.2000 label_smoothing=0.000
D step=2/5 epoch=1/3 loss=0.3366 l2=0.2000 label_smoothing=0.000
D step=2/5 epoch=2/3 loss=0.3047 l2=0.2000 label_smoothing=0.000
D step=2/5 epoch=3/3 loss=0.3041 l2=0.2000 label_smoothing=0.000
D step=3/5 epoch=1/3 loss=0.2904 l2=0.2000 label_smoothing=0.000
D step=3/5 epoch=2/3 loss=0.2887 l2=0.2000 label_smoothing=0.000
D step=3/5 epoch=3/3 loss=0.2873 l2=0.2000 label_smoothing=0.000
D step=4/5 epoch=1/3 loss=0.2921 l2=0.2000 label_smoothing=0.000
D step=4/5 epoch=2/3 loss=0.2915 l2=0.2000 label_smoothing=0.000
D step=4/5 epoch=3/3 loss=0.2922 l2=0.2000 label_smoothing=0.000
D step=5/5 epoch=1/3 loss=0.2773 l2=0.2000 label_smoothing=0.000
D step=5/5 epoch=2/3 loss=0.2767 l2=0.2000 label_smoothing=0.000
D step=5/5 epoch=3/3 loss=0.2754 l2=0.2000 label_smoothing=0.000
ADV epoch=68/200 g_loss=0.0010 d_loss=0.2824 reward=0.1593 reward_var=0.0014 unique=0.0800
D step=1/5 epoch=1/3 loss=0.2749 l2=0.2000 label_smoothing=0.000
D step=1/5 epoch=2/3 loss=0.2726 l2=0.2000 label_smoothing=0.000
D step=1/5 epoch=3/3 loss=0.2691 l2=0.2000 label_smoothing=0.000
D step=2/5 epoch=1/3 loss=0.2932 l2=0.2000 label_smoothing=0.000
D step=2/5 epoch=2/3 loss=0.2856 l2=0.2000 label_smoothing=0.000
D step=2/5 epoch=3/3 loss=0.2640 l2=0.2000 label_smoothing=0.000
D step=3/5 epoch=1/3 loss=0.2981 l2=0.2000 label_smoothing=0.000
D step=3/5 epoch=2/3 loss=0.3036 l2=0.2000 label_smoothing=0.000
D step=3/5 epoch=3/3 loss=0.2981 l2=0.2000 label_smoothing=0.000
D step=4/5 epoch=1/3 loss=0.3282 l2=0.2000 label_smoothing=0.000
D step=4/5 epoch=2/3 loss=0.2776 l2=0.2000 label_smoothing=0.000
D step=4/5 epoch=3/3 loss=0.2672 l2=0.2000 label_smoothing=0.000
D step=5/5 epoch=1/3 loss=0.2878 l2=0.2000 label_smoothing=0.000
D step=5/5 epoch=2/3 loss=0.2860 l2=0.2000 label_smoothing=0.000
D step=5/5 epoch=3/3 loss=0.2840 l2=0.2000 label_smoothing=0.000
ADV epoch=69/200 g_loss=0.0003 d_loss=0.2860 reward=0.1816 reward_var=0.0000 unique=0.0600
D step=1/5 epoch=1/3 loss=0.2666 l2=0.2000 label_smoothing=0.000
D step=1/5 epoch=2/3 loss=0.2603 l2=0.2000 label_smoothing=0.000
D step=1/5 epoch=3/3 loss=0.2612 l2=0.2000 label_smoothing=0.000
D step=2/5 epoch=1/3 loss=0.2910 l2=0.2000 label_smoothing=0.000
D step=2/5 epoch=2/3 loss=0.2852 l2=0.2000 label_smoothing=0.000
D step=2/5 epoch=3/3 loss=0.2889 l2=0.2000 label_smoothing=0.000
D step=3/5 epoch=1/3 loss=0.3376 l2=0.2000 label_smoothing=0.000
D step=3/5 epoch=2/3 loss=0.3230 l2=0.2000 label_smoothing=0.000
D step=3/5 epoch=3/3 loss=0.3063 l2=0.2000 label_smoothing=0.000
D step=4/5 epoch=1/3 loss=0.2938 l2=0.2000 label_smoothing=0.000
D step=4/5 epoch=2/3 loss=0.2832 l2=0.2000 label_smoothing=0.000
D step=4/5 epoch=3/3 loss=0.2790 l2=0.2000 label_smoothing=0.000
D step=5/5 epoch=1/3 loss=0.2863 l2=0.2000 label_smoothing=0.000
D step=5/5 epoch=2/3 loss=0.2854 l2=0.2000 label_smoothing=0.000
D step=5/5 epoch=3/3 loss=0.2860 l2=0.2000 label_smoothing=0.000
ADV epoch=70/200 g_loss=0.0034 d_loss=0.2889 reward=0.1879 reward_var=0.0020 unique=0.0600
D step=1/5 epoch=1/3 loss=0.2841 l2=0.2000 label_smoothing=0.000
D step=1/5 epoch=2/3 loss=0.2785 l2=0.2000 label_smoothing=0.000
D step=1/5 epoch=3/3 loss=0.2799 l2=0.2000 label_smoothing=0.000
D step=2/5 epoch=1/3 loss=0.3007 l2=0.2000 label_smoothing=0.000
D step=2/5 epoch=2/3 loss=0.2959 l2=0.2000 label_smoothing=0.000
D step=2/5 epoch=3/3 loss=0.2929 l2=0.2000 label_smoothing=0.000
D step=3/5 epoch=1/3 loss=0.3074 l2=0.2000 label_smoothing=0.000
D step=3/5 epoch=2/3 loss=0.2936 l2=0.2000 label_smoothing=0.000
D step=3/5 epoch=3/3 loss=0.2935 l2=0.2000 label_smoothing=0.000
D step=4/5 epoch=1/3 loss=0.2827 l2=0.2000 label_smoothing=0.000
D step=4/5 epoch=2/3 loss=0.2829 l2=0.2000 label_smoothing=0.000
D step=4/5 epoch=3/3 loss=0.2810 l2=0.2000 label_smoothing=0.000
D step=5/5 epoch=1/3 loss=0.2807 l2=0.2000 label_smoothing=0.000
D step=5/5 epoch=2/3 loss=0.2783 l2=0.2000 label_smoothing=0.000
D step=5/5 epoch=3/3 loss=0.2800 l2=0.2000 label_smoothing=0.000
ADV epoch=71/200 g_loss=0.0028 d_loss=0.2875 reward=0.1836 reward_var=0.0004 unique=0.0600
D step=1/5 epoch=1/3 loss=0.2537 l2=0.2000 label_smoothing=0.000
D step=1/5 epoch=2/3 loss=0.2523 l2=0.2000 label_smoothing=0.000
D step=1/5 epoch=3/3 loss=0.2512 l2=0.2000 label_smoothing=0.000
D step=2/5 epoch=1/3 loss=0.3087 l2=0.2000 label_smoothing=0.000
D step=2/5 epoch=2/3 loss=0.2846 l2=0.2000 label_smoothing=0.000
D step=2/5 epoch=3/3 loss=0.2860 l2=0.2000 label_smoothing=0.000
D step=3/5 epoch=1/3 loss=0.2910 l2=0.2000 label_smoothing=0.000
D step=3/5 epoch=2/3 loss=0.2823 l2=0.2000 label_smoothing=0.000
D step=3/5 epoch=3/3 loss=0.2839 l2=0.2000 label_smoothing=0.000
D step=4/5 epoch=1/3 loss=0.3372 l2=0.2000 label_smoothing=0.000
D step=4/5 epoch=2/3 loss=0.3342 l2=0.2000 label_smoothing=0.000
D step=4/5 epoch=3/3 loss=0.3216 l2=0.2000 label_smoothing=0.000
D step=5/5 epoch=1/3 loss=0.2863 l2=0.2000 label_smoothing=0.000
D step=5/5 epoch=2/3 loss=0.2813 l2=0.2000 label_smoothing=0.000
D step=5/5 epoch=3/3 loss=0.2650 l2=0.2000 label_smoothing=0.000
ADV epoch=72/200 g_loss=0.0053 d_loss=0.2879 reward=0.1835 reward_var=0.0019 unique=0.0400
D step=1/5 epoch=1/3 loss=0.2862 l2=0.2000 label_smoothing=0.000
D step=1/5 epoch=2/3 loss=0.2888 l2=0.2000 label_smoothing=0.000
D step=1/5 epoch=3/3 loss=0.2814 l2=0.2000 label_smoothing=0.000
D step=2/5 epoch=1/3 loss=0.3148 l2=0.2000 label_smoothing=0.000
D step=2/5 epoch=2/3 loss=0.3009 l2=0.2000 label_smoothing=0.000
D step=2/5 epoch=3/3 loss=0.3018 l2=0.2000 label_smoothing=0.000
D step=3/5 epoch=1/3 loss=0.2742 l2=0.2000 label_smoothing=0.000
D step=3/5 epoch=2/3 loss=0.2742 l2=0.2000 label_smoothing=0.000
D step=3/5 epoch=3/3 loss=0.2713 l2=0.2000 label_smoothing=0.000
D step=4/5 epoch=1/3 loss=0.3170 l2=0.2000 label_smoothing=0.000
D step=4/5 epoch=2/3 loss=0.3027 l2=0.2000 label_smoothing=0.000
D step=4/5 epoch=3/3 loss=0.2923 l2=0.2000 label_smoothing=0.000
D step=5/5 epoch=1/3 loss=0.3022 l2=0.2000 label_smoothing=0.000
D step=5/5 epoch=2/3 loss=0.3001 l2=0.2000 label_smoothing=0.000
D step=5/5 epoch=3/3 loss=0.2988 l2=0.2000 label_smoothing=0.000
ADV epoch=73/200 g_loss=0.0007 d_loss=0.2938 reward=0.1494 reward_var=0.0007 unique=0.0400
D step=1/5 epoch=1/3 loss=0.2881 l2=0.2000 label_smoothing=0.000
D step=1/5 epoch=2/3 loss=0.2809 l2=0.2000 label_smoothing=0.000
D step=1/5 epoch=3/3 loss=0.2835 l2=0.2000 label_smoothing=0.000
D step=2/5 epoch=1/3 loss=0.2808 l2=0.2000 label_smoothing=0.000
D step=2/5 epoch=2/3 loss=0.2801 l2=0.2000 label_smoothing=0.000
D step=2/5 epoch=3/3 loss=0.2777 l2=0.2000 label_smoothing=0.000
D step=3/5 epoch=1/3 loss=0.2987 l2=0.2000 label_smoothing=0.000
D step=3/5 epoch=2/3 loss=0.3009 l2=0.2000 label_smoothing=0.000
D step=3/5 epoch=3/3 loss=0.2968 l2=0.2000 label_smoothing=0.000
D step=4/5 epoch=1/3 loss=0.2881 l2=0.2000 label_smoothing=0.000
D step=4/5 epoch=2/3 loss=0.2952 l2=0.2000 label_smoothing=0.000
D step=4/5 epoch=3/3 loss=0.2896 l2=0.2000 label_smoothing=0.000
D step=5/5 epoch=1/3 loss=0.2520 l2=0.2000 label_smoothing=0.000
D step=5/5 epoch=2/3 loss=0.2529 l2=0.2000 label_smoothing=0.000
D step=5/5 epoch=3/3 loss=0.2515 l2=0.2000 label_smoothing=0.000
ADV epoch=74/200 g_loss=0.0014 d_loss=0.2811 reward=0.1947 reward_var=0.0012 unique=0.0400
D step=1/5 epoch=1/3 loss=0.2909 l2=0.2000 label_smoothing=0.000
D step=1/5 epoch=2/3 loss=0.2866 l2=0.2000 label_smoothing=0.000
D step=1/5 epoch=3/3 loss=0.2860 l2=0.2000 label_smoothing=0.000
D step=2/5 epoch=1/3 loss=0.2848 l2=0.2000 label_smoothing=0.000
D step=2/5 epoch=2/3 loss=0.2824 l2=0.2000 label_smoothing=0.000
D step=2/5 epoch=3/3 loss=0.2836 l2=0.2000 label_smoothing=0.000
D step=3/5 epoch=1/3 loss=0.3048 l2=0.2000 label_smoothing=0.000
D step=3/5 epoch=2/3 loss=0.2916 l2=0.2000 label_smoothing=0.000
D step=3/5 epoch=3/3 loss=0.2913 l2=0.2000 label_smoothing=0.000
D step=4/5 epoch=1/3 loss=0.2618 l2=0.2000 label_smoothing=0.000
D step=4/5 epoch=2/3 loss=0.2608 l2=0.2000 label_smoothing=0.000
D step=4/5 epoch=3/3 loss=0.2575 l2=0.2000 label_smoothing=0.000
D step=5/5 epoch=1/3 loss=0.2713 l2=0.2000 label_smoothing=0.000
D step=5/5 epoch=2/3 loss=0.2680 l2=0.2000 label_smoothing=0.000
D step=5/5 epoch=3/3 loss=0.2702 l2=0.2000 label_smoothing=0.000
ADV epoch=75/200 g_loss=0.0003 d_loss=0.2794 reward=0.1464 reward_var=0.0002 unique=0.0400
D step=1/5 epoch=1/3 loss=0.3144 l2=0.2000 label_smoothing=0.000
D step=1/5 epoch=2/3 loss=0.2845 l2=0.2000 label_smoothing=0.000
D step=1/5 epoch=3/3 loss=0.2850 l2=0.2000 label_smoothing=0.000
D step=2/5 epoch=1/3 loss=0.3067 l2=0.2000 label_smoothing=0.000
D step=2/5 epoch=2/3 loss=0.2986 l2=0.2000 label_smoothing=0.000
D step=2/5 epoch=3/3 loss=0.3005 l2=0.2000 label_smoothing=0.000
D step=3/5 epoch=1/3 loss=0.2726 l2=0.2000 label_smoothing=0.000
D step=3/5 epoch=2/3 loss=0.2736 l2=0.2000 label_smoothing=0.000
D step=3/5 epoch=3/3 loss=0.2717 l2=0.2000 label_smoothing=0.000
D step=4/5 epoch=1/3 loss=0.3221 l2=0.2000 label_smoothing=0.000
D step=4/5 epoch=2/3 loss=0.3090 l2=0.2000 label_smoothing=0.000
D step=4/5 epoch=3/3 loss=0.3013 l2=0.2000 label_smoothing=0.000
D step=5/5 epoch=1/3 loss=0.2839 l2=0.2000 label_smoothing=0.000
D step=5/5 epoch=2/3 loss=0.2838 l2=0.2000 label_smoothing=0.000
D step=5/5 epoch=3/3 loss=0.2873 l2=0.2000 label_smoothing=0.000
ADV epoch=76/200 g_loss=0.0028 d_loss=0.2930 reward=0.1654 reward_var=0.0007 unique=0.0600
D step=1/5 epoch=1/3 loss=0.3463 l2=0.2000 label_smoothing=0.000
D step=1/5 epoch=2/3 loss=0.3149 l2=0.2000 label_smoothing=0.000
D step=1/5 epoch=3/3 loss=0.2950 l2=0.2000 label_smoothing=0.000
D step=2/5 epoch=1/3 loss=0.2944 l2=0.2000 label_smoothing=0.000
D step=2/5 epoch=2/3 loss=0.2837 l2=0.2000 label_smoothing=0.000
D step=2/5 epoch=3/3 loss=0.2850 l2=0.2000 label_smoothing=0.000
D step=3/5 epoch=1/3 loss=0.3295 l2=0.2000 label_smoothing=0.000
D step=3/5 epoch=2/3 loss=0.3134 l2=0.2000 label_smoothing=0.000
D step=3/5 epoch=3/3 loss=0.3050 l2=0.2000 label_smoothing=0.000
D step=4/5 epoch=1/3 loss=0.3057 l2=0.2000 label_smoothing=0.000
D step=4/5 epoch=2/3 loss=0.3017 l2=0.2000 label_smoothing=0.000
D step=4/5 epoch=3/3 loss=0.2952 l2=0.2000 label_smoothing=0.000
D step=5/5 epoch=1/3 loss=0.2817 l2=0.2000 label_smoothing=0.000
D step=5/5 epoch=2/3 loss=0.2804 l2=0.2000 label_smoothing=0.000
D step=5/5 epoch=3/3 loss=0.2801 l2=0.2000 label_smoothing=0.000
ADV epoch=77/200 g_loss=0.0004 d_loss=0.3008 reward=0.1995 reward_var=0.0006 unique=0.0200
D step=1/5 epoch=1/3 loss=0.2731 l2=0.2000 label_smoothing=0.000
D step=1/5 epoch=2/3 loss=0.2712 l2=0.2000 label_smoothing=0.000
D step=1/5 epoch=3/3 loss=0.2686 l2=0.2000 label_smoothing=0.000
D step=2/5 epoch=1/3 loss=0.2750 l2=0.2000 label_smoothing=0.000
D step=2/5 epoch=2/3 loss=0.2782 l2=0.2000 label_smoothing=0.000
D step=2/5 epoch=3/3 loss=0.2779 l2=0.2000 label_smoothing=0.000
D step=3/5 epoch=1/3 loss=0.3087 l2=0.2000 label_smoothing=0.000
D step=3/5 epoch=2/3 loss=0.2938 l2=0.2000 label_smoothing=0.000
D step=3/5 epoch=3/3 loss=0.2963 l2=0.2000 label_smoothing=0.000
D step=4/5 epoch=1/3 loss=0.2705 l2=0.2000 label_smoothing=0.000
D step=4/5 epoch=2/3 loss=0.2702 l2=0.2000 label_smoothing=0.000
D step=4/5 epoch=3/3 loss=0.2722 l2=0.2000 label_smoothing=0.000
D step=5/5 epoch=1/3 loss=0.2460 l2=0.2000 label_smoothing=0.000
D step=5/5 epoch=2/3 loss=0.2448 l2=0.2000 label_smoothing=0.000
D step=5/5 epoch=3/3 loss=0.2467 l2=0.2000 label_smoothing=0.000
ADV epoch=78/200 g_loss=0.0003 d_loss=0.2729 reward=0.1733 reward_var=0.0001 unique=0.0800
D step=1/5 epoch=1/3 loss=0.2823 l2=0.2000 label_smoothing=0.000
D step=1/5 epoch=2/3 loss=0.2776 l2=0.2000 label_smoothing=0.000
D step=1/5 epoch=3/3 loss=0.2742 l2=0.2000 label_smoothing=0.000
D step=2/5 epoch=1/3 loss=0.2783 l2=0.2000 label_smoothing=0.000
D step=2/5 epoch=2/3 loss=0.2793 l2=0.2000 label_smoothing=0.000
D step=2/5 epoch=3/3 loss=0.2769 l2=0.2000 label_smoothing=0.000
D step=3/5 epoch=1/3 loss=0.2751 l2=0.2000 label_smoothing=0.000
D step=3/5 epoch=2/3 loss=0.2715 l2=0.2000 label_smoothing=0.000
D step=3/5 epoch=3/3 loss=0.2751 l2=0.2000 label_smoothing=0.000
D step=4/5 epoch=1/3 loss=0.3101 l2=0.2000 label_smoothing=0.000
D step=4/5 epoch=2/3 loss=0.3077 l2=0.2000 label_smoothing=0.000
D step=4/5 epoch=3/3 loss=0.3037 l2=0.2000 label_smoothing=0.000
D step=5/5 epoch=1/3 loss=0.2875 l2=0.2000 label_smoothing=0.000
D step=5/5 epoch=2/3 loss=0.2840 l2=0.2000 label_smoothing=0.000
D step=5/5 epoch=3/3 loss=0.2892 l2=0.2000 label_smoothing=0.000
ADV epoch=79/200 g_loss=0.0002 d_loss=0.2848 reward=0.1371 reward_var=0.0003 unique=0.0400
D step=1/5 epoch=1/3 loss=0.2599 l2=0.2000 label_smoothing=0.000
D step=1/5 epoch=2/3 loss=0.2436 l2=0.2000 label_smoothing=0.000
D step=1/5 epoch=3/3 loss=0.2374 l2=0.2000 label_smoothing=0.000
D step=2/5 epoch=1/3 loss=0.2429 l2=0.2000 label_smoothing=0.000
D step=2/5 epoch=2/3 loss=0.2434 l2=0.2000 label_smoothing=0.000
D step=2/5 epoch=3/3 loss=0.2421 l2=0.2000 label_smoothing=0.000
D step=3/5 epoch=1/3 loss=0.3137 l2=0.2000 label_smoothing=0.000
D step=3/5 epoch=2/3 loss=0.3134 l2=0.2000 label_smoothing=0.000
D step=3/5 epoch=3/3 loss=0.2956 l2=0.2000 label_smoothing=0.000
D step=4/5 epoch=1/3 loss=0.2748 l2=0.2000 label_smoothing=0.000
D step=4/5 epoch=2/3 loss=0.2645 l2=0.2000 label_smoothing=0.000
D step=4/5 epoch=3/3 loss=0.2654 l2=0.2000 label_smoothing=0.000
D step=5/5 epoch=1/3 loss=0.2848 l2=0.2000 label_smoothing=0.000
D step=5/5 epoch=2/3 loss=0.2600 l2=0.2000 label_smoothing=0.000
D step=5/5 epoch=3/3 loss=0.2513 l2=0.2000 label_smoothing=0.000
ADV epoch=80/200 g_loss=0.0003 d_loss=0.2662 reward=0.1796 reward_var=0.0000 unique=0.0400
D step=1/5 epoch=1/3 loss=0.2458 l2=0.2000 label_smoothing=0.000
D step=1/5 epoch=2/3 loss=0.2471 l2=0.2000 label_smoothing=0.000
D step=1/5 epoch=3/3 loss=0.2413 l2=0.2000 label_smoothing=0.000
D step=2/5 epoch=1/3 loss=0.2995 l2=0.2000 label_smoothing=0.000
D step=2/5 epoch=2/3 loss=0.2924 l2=0.2000 label_smoothing=0.000
D step=2/5 epoch=3/3 loss=0.2919 l2=0.2000 label_smoothing=0.000
D step=3/5 epoch=1/3 loss=0.2864 l2=0.2000 label_smoothing=0.000
D step=3/5 epoch=2/3 loss=0.2826 l2=0.2000 label_smoothing=0.000
D step=3/5 epoch=3/3 loss=0.2853 l2=0.2000 label_smoothing=0.000
D step=4/5 epoch=1/3 loss=0.2911 l2=0.2000 label_smoothing=0.000
D step=4/5 epoch=2/3 loss=0.2909 l2=0.2000 label_smoothing=0.000
D step=4/5 epoch=3/3 loss=0.2908 l2=0.2000 label_smoothing=0.000
D step=5/5 epoch=1/3 loss=0.2906 l2=0.2000 label_smoothing=0.000
D step=5/5 epoch=2/3 loss=0.2888 l2=0.2000 label_smoothing=0.000
D step=5/5 epoch=3/3 loss=0.2897 l2=0.2000 label_smoothing=0.000
ADV epoch=81/200 g_loss=0.0002 d_loss=0.2809 reward=0.1435 reward_var=0.0009 unique=0.0400
D step=1/5 epoch=1/3 loss=0.2633 l2=0.2000 label_smoothing=0.000
D step=1/5 epoch=2/3 loss=0.2551 l2=0.2000 label_smoothing=0.000
D step=1/5 epoch=3/3 loss=0.2550 l2=0.2000 label_smoothing=0.000
D step=2/5 epoch=1/3 loss=0.2831 l2=0.2000 label_smoothing=0.000
D step=2/5 epoch=2/3 loss=0.2831 l2=0.2000 label_smoothing=0.000
D step=2/5 epoch=3/3 loss=0.2759 l2=0.2000 label_smoothing=0.000
D step=3/5 epoch=1/3 loss=0.2997 l2=0.2000 label_smoothing=0.000
D step=3/5 epoch=2/3 loss=0.3001 l2=0.2000 label_smoothing=0.000
D step=3/5 epoch=3/3 loss=0.2996 l2=0.2000 label_smoothing=0.000
D step=4/5 epoch=1/3 loss=0.2862 l2=0.2000 label_smoothing=0.000
D step=4/5 epoch=2/3 loss=0.2794 l2=0.2000 label_smoothing=0.000
D step=4/5 epoch=3/3 loss=0.2777 l2=0.2000 label_smoothing=0.000
D step=5/5 epoch=1/3 loss=0.3080 l2=0.2000 label_smoothing=0.000
D step=5/5 epoch=2/3 loss=0.3062 l2=0.2000 label_smoothing=0.000
D step=5/5 epoch=3/3 loss=0.3086 l2=0.2000 label_smoothing=0.000
ADV epoch=82/200 g_loss=0.0039 d_loss=0.2854 reward=0.1855 reward_var=0.0017 unique=0.0400
D step=1/5 epoch=1/3 loss=0.2876 l2=0.2000 label_smoothing=0.000
D step=1/5 epoch=2/3 loss=0.2844 l2=0.2000 label_smoothing=0.000
D step=1/5 epoch=3/3 loss=0.2848 l2=0.2000 label_smoothing=0.000
D step=2/5 epoch=1/3 loss=0.3024 l2=0.2000 label_smoothing=0.000
D step=2/5 epoch=2/3 loss=0.2701 l2=0.2000 label_smoothing=0.000
D step=2/5 epoch=3/3 loss=0.2608 l2=0.2000 label_smoothing=0.000
D step=3/5 epoch=1/3 loss=0.2868 l2=0.2000 label_smoothing=0.000
D step=3/5 epoch=2/3 loss=0.2799 l2=0.2000 label_smoothing=0.000
D step=3/5 epoch=3/3 loss=0.2821 l2=0.2000 label_smoothing=0.000
D step=4/5 epoch=1/3 loss=0.3057 l2=0.2000 label_smoothing=0.000
D step=4/5 epoch=2/3 loss=0.3000 l2=0.2000 label_smoothing=0.000
D step=4/5 epoch=3/3 loss=0.2926 l2=0.2000 label_smoothing=0.000
D step=5/5 epoch=1/3 loss=0.3292 l2=0.2000 label_smoothing=0.000
D step=5/5 epoch=2/3 loss=0.3250 l2=0.2000 label_smoothing=0.000
D step=5/5 epoch=3/3 loss=0.3017 l2=0.2000 label_smoothing=0.000
ADV epoch=83/200 g_loss=0.0003 d_loss=0.2929 reward=0.1954 reward_var=0.0000 unique=0.0800
D step=1/5 epoch=1/3 loss=0.3026 l2=0.2000 label_smoothing=0.000
D step=1/5 epoch=2/3 loss=0.2787 l2=0.2000 label_smoothing=0.000
D step=1/5 epoch=3/3 loss=0.2757 l2=0.2000 label_smoothing=0.000
D step=2/5 epoch=1/3 loss=0.2706 l2=0.2000 label_smoothing=0.000
D step=2/5 epoch=2/3 loss=0.2685 l2=0.2000 label_smoothing=0.000
D step=2/5 epoch=3/3 loss=0.2701 l2=0.2000 label_smoothing=0.000
D step=3/5 epoch=1/3 loss=0.3273 l2=0.2000 label_smoothing=0.000
D step=3/5 epoch=2/3 loss=0.3111 l2=0.2000 label_smoothing=0.000
D step=3/5 epoch=3/3 loss=0.3032 l2=0.2000 label_smoothing=0.000
D step=4/5 epoch=1/3 loss=0.2791 l2=0.2000 label_smoothing=0.000
D step=4/5 epoch=2/3 loss=0.2760 l2=0.2000 label_smoothing=0.000
D step=4/5 epoch=3/3 loss=0.2784 l2=0.2000 label_smoothing=0.000
D step=5/5 epoch=1/3 loss=0.2900 l2=0.2000 label_smoothing=0.000
D step=5/5 epoch=2/3 loss=0.2951 l2=0.2000 label_smoothing=0.000
D step=5/5 epoch=3/3 loss=0.2916 l2=0.2000 label_smoothing=0.000
ADV epoch=84/200 g_loss=0.0003 d_loss=0.2879 reward=0.1914 reward_var=0.0001 unique=0.0400
D step=1/5 epoch=1/3 loss=0.2765 l2=0.2000 label_smoothing=0.000
D step=1/5 epoch=2/3 loss=0.2781 l2=0.2000 label_smoothing=0.000
D step=1/5 epoch=3/3 loss=0.2757 l2=0.2000 label_smoothing=0.000
D step=2/5 epoch=1/3 loss=0.2604 l2=0.2000 label_smoothing=0.000
D step=2/5 epoch=2/3 loss=0.2586 l2=0.2000 label_smoothing=0.000
D step=2/5 epoch=3/3 loss=0.2597 l2=0.2000 label_smoothing=0.000
D step=3/5 epoch=1/3 loss=0.2577 l2=0.2000 label_smoothing=0.000
D step=3/5 epoch=2/3 loss=0.2556 l2=0.2000 label_smoothing=0.000
D step=3/5 epoch=3/3 loss=0.2588 l2=0.2000 label_smoothing=0.000
D step=4/5 epoch=1/3 loss=0.2730 l2=0.2000 label_smoothing=0.000
D step=4/5 epoch=2/3 loss=0.2736 l2=0.2000 label_smoothing=0.000
D step=4/5 epoch=3/3 loss=0.2726 l2=0.2000 label_smoothing=0.000
D step=5/5 epoch=1/3 loss=0.2751 l2=0.2000 label_smoothing=0.000
D step=5/5 epoch=2/3 loss=0.2732 l2=0.2000 label_smoothing=0.000
D step=5/5 epoch=3/3 loss=0.2703 l2=0.2000 label_smoothing=0.000
ADV epoch=85/200 g_loss=0.0006 d_loss=0.2679 reward=0.1729 reward_var=0.0005 unique=0.0400
D step=1/5 epoch=1/3 loss=0.3253 l2=0.2000 label_smoothing=0.000
D step=1/5 epoch=2/3 loss=0.2974 l2=0.2000 label_smoothing=0.000
D step=1/5 epoch=3/3 loss=0.2974 l2=0.2000 label_smoothing=0.000
D step=2/5 epoch=1/3 loss=0.2734 l2=0.2000 label_smoothing=0.000
D step=2/5 epoch=2/3 loss=0.2618 l2=0.2000 label_smoothing=0.000
D step=2/5 epoch=3/3 loss=0.2657 l2=0.2000 label_smoothing=0.000
D step=3/5 epoch=1/3 loss=0.3177 l2=0.2000 label_smoothing=0.000
D step=3/5 epoch=2/3 loss=0.3139 l2=0.2000 label_smoothing=0.000
D step=3/5 epoch=3/3 loss=0.3132 l2=0.2000 label_smoothing=0.000
D step=4/5 epoch=1/3 loss=0.3028 l2=0.2000 label_smoothing=0.000
D step=4/5 epoch=2/3 loss=0.3009 l2=0.2000 label_smoothing=0.000
D step=4/5 epoch=3/3 loss=0.2999 l2=0.2000 label_smoothing=0.000
D step=5/5 epoch=1/3 loss=0.2737 l2=0.2000 label_smoothing=0.000
D step=5/5 epoch=2/3 loss=0.2715 l2=0.2000 label_smoothing=0.000
D step=5/5 epoch=3/3 loss=0.2702 l2=0.2000 label_smoothing=0.000
ADV epoch=86/200 g_loss=0.0121 d_loss=0.2923 reward=0.1656 reward_var=0.0058 unique=0.0400
D step=1/5 epoch=1/3 loss=0.3189 l2=0.2000 label_smoothing=0.000
D step=1/5 epoch=2/3 loss=0.2962 l2=0.2000 label_smoothing=0.000
D step=1/5 epoch=3/3 loss=0.2926 l2=0.2000 label_smoothing=0.000
D step=2/5 epoch=1/3 loss=0.2952 l2=0.2000 label_smoothing=0.000
D step=2/5 epoch=2/3 loss=0.2968 l2=0.2000 label_smoothing=0.000
D step=2/5 epoch=3/3 loss=0.2945 l2=0.2000 label_smoothing=0.000
D step=3/5 epoch=1/3 loss=0.3206 l2=0.2000 label_smoothing=0.000
D step=3/5 epoch=2/3 loss=0.2939 l2=0.2000 label_smoothing=0.000
D step=3/5 epoch=3/3 loss=0.2859 l2=0.2000 label_smoothing=0.000
D step=4/5 epoch=1/3 loss=0.2910 l2=0.2000 label_smoothing=0.000
D step=4/5 epoch=2/3 loss=0.2889 l2=0.2000 label_smoothing=0.000
D step=4/5 epoch=3/3 loss=0.2916 l2=0.2000 label_smoothing=0.000
D step=5/5 epoch=1/3 loss=0.2734 l2=0.2000 label_smoothing=0.000
D step=5/5 epoch=2/3 loss=0.2741 l2=0.2000 label_smoothing=0.000
D step=5/5 epoch=3/3 loss=0.2757 l2=0.2000 label_smoothing=0.000
ADV epoch=87/200 g_loss=0.0063 d_loss=0.2926 reward=0.1659 reward_var=0.0080 unique=0.0200
D step=1/5 epoch=1/3 loss=0.2870 l2=0.2000 label_smoothing=0.000
D step=1/5 epoch=2/3 loss=0.2859 l2=0.2000 label_smoothing=0.000
D step=1/5 epoch=3/3 loss=0.2869 l2=0.2000 label_smoothing=0.000
D step=2/5 epoch=1/3 loss=0.3260 l2=0.2000 label_smoothing=0.000
D step=2/5 epoch=2/3 loss=0.2988 l2=0.2000 label_smoothing=0.000
D step=2/5 epoch=3/3 loss=0.2744 l2=0.2000 label_smoothing=0.000
D step=3/5 epoch=1/3 loss=0.2812 l2=0.2000 label_smoothing=0.000
D step=3/5 epoch=2/3 loss=0.2768 l2=0.2000 label_smoothing=0.000
D step=3/5 epoch=3/3 loss=0.2730 l2=0.2000 label_smoothing=0.000
D step=4/5 epoch=1/3 loss=0.2777 l2=0.2000 label_smoothing=0.000
D step=4/5 epoch=2/3 loss=0.2637 l2=0.2000 label_smoothing=0.000
D step=4/5 epoch=3/3 loss=0.2656 l2=0.2000 label_smoothing=0.000
D step=5/5 epoch=1/3 loss=0.3029 l2=0.2000 label_smoothing=0.000
D step=5/5 epoch=2/3 loss=0.3026 l2=0.2000 label_smoothing=0.000
D step=5/5 epoch=3/3 loss=0.3010 l2=0.2000 label_smoothing=0.000
ADV epoch=88/200 g_loss=0.0025 d_loss=0.2869 reward=0.1707 reward_var=0.0005 unique=0.0400
D step=1/5 epoch=1/3 loss=0.2809 l2=0.2000 label_smoothing=0.000
D step=1/5 epoch=2/3 loss=0.2786 l2=0.2000 label_smoothing=0.000
D step=1/5 epoch=3/3 loss=0.2759 l2=0.2000 label_smoothing=0.000
D step=2/5 epoch=1/3 loss=0.2851 l2=0.2000 label_smoothing=0.000
D step=2/5 epoch=2/3 loss=0.2874 l2=0.2000 label_smoothing=0.000
D step=2/5 epoch=3/3 loss=0.2855 l2=0.2000 label_smoothing=0.000
D step=3/5 epoch=1/3 loss=0.2773 l2=0.2000 label_smoothing=0.000
D step=3/5 epoch=2/3 loss=0.2774 l2=0.2000 label_smoothing=0.000
D step=3/5 epoch=3/3 loss=0.2787 l2=0.2000 label_smoothing=0.000
D step=4/5 epoch=1/3 loss=0.3044 l2=0.2000 label_smoothing=0.000
D step=4/5 epoch=2/3 loss=0.2819 l2=0.2000 label_smoothing=0.000
D step=4/5 epoch=3/3 loss=0.2841 l2=0.2000 label_smoothing=0.000
D step=5/5 epoch=1/3 loss=0.3071 l2=0.2000 label_smoothing=0.000
D step=5/5 epoch=2/3 loss=0.2894 l2=0.2000 label_smoothing=0.000
D step=5/5 epoch=3/3 loss=0.2868 l2=0.2000 label_smoothing=0.000
ADV epoch=89/200 g_loss=0.0022 d_loss=0.2854 reward=0.1835 reward_var=0.0014 unique=0.0600
D step=1/5 epoch=1/3 loss=0.2922 l2=0.2000 label_smoothing=0.000
D step=1/5 epoch=2/3 loss=0.2953 l2=0.2000 label_smoothing=0.000
D step=1/5 epoch=3/3 loss=0.2908 l2=0.2000 label_smoothing=0.000
D step=2/5 epoch=1/3 loss=0.3424 l2=0.2000 label_smoothing=0.000
D step=2/5 epoch=2/3 loss=0.3232 l2=0.2000 label_smoothing=0.000
D step=2/5 epoch=3/3 loss=0.2981 l2=0.2000 label_smoothing=0.000
D step=3/5 epoch=1/3 loss=0.2592 l2=0.2000 label_smoothing=0.000
D step=3/5 epoch=2/3 loss=0.2653 l2=0.2000 label_smoothing=0.000
D step=3/5 epoch=3/3 loss=0.2593 l2=0.2000 label_smoothing=0.000
D step=4/5 epoch=1/3 loss=0.2801 l2=0.2000 label_smoothing=0.000
D step=4/5 epoch=2/3 loss=0.2785 l2=0.2000 label_smoothing=0.000
D step=4/5 epoch=3/3 loss=0.2827 l2=0.2000 label_smoothing=0.000
D step=5/5 epoch=1/3 loss=0.2723 l2=0.2000 label_smoothing=0.000
D step=5/5 epoch=2/3 loss=0.2719 l2=0.2000 label_smoothing=0.000
D step=5/5 epoch=3/3 loss=0.2724 l2=0.2000 label_smoothing=0.000
ADV epoch=90/200 g_loss=0.0002 d_loss=0.2856 reward=0.1857 reward_var=0.0005 unique=0.0200
D step=1/5 epoch=1/3 loss=0.2972 l2=0.2000 label_smoothing=0.000
D step=1/5 epoch=2/3 loss=0.2981 l2=0.2000 label_smoothing=0.000
D step=1/5 epoch=3/3 loss=0.2961 l2=0.2000 label_smoothing=0.000
D step=2/5 epoch=1/3 loss=0.3304 l2=0.2000 label_smoothing=0.000
D step=2/5 epoch=2/3 loss=0.3324 l2=0.2000 label_smoothing=0.000
D step=2/5 epoch=3/3 loss=0.3187 l2=0.2000 label_smoothing=0.000
D step=3/5 epoch=1/3 loss=0.2666 l2=0.2000 label_smoothing=0.000
D step=3/5 epoch=2/3 loss=0.2703 l2=0.2000 label_smoothing=0.000
D step=3/5 epoch=3/3 loss=0.2645 l2=0.2000 label_smoothing=0.000
D step=4/5 epoch=1/3 loss=0.2856 l2=0.2000 label_smoothing=0.000
D step=4/5 epoch=2/3 loss=0.2866 l2=0.2000 label_smoothing=0.000
D step=4/5 epoch=3/3 loss=0.2858 l2=0.2000 label_smoothing=0.000
D step=5/5 epoch=1/3 loss=0.3187 l2=0.2000 label_smoothing=0.000
D step=5/5 epoch=2/3 loss=0.3126 l2=0.2000 label_smoothing=0.000
D step=5/5 epoch=3/3 loss=0.2899 l2=0.2000 label_smoothing=0.000
ADV epoch=91/200 g_loss=0.0076 d_loss=0.2969 reward=0.2008 reward_var=0.0135 unique=0.0400
D step=1/5 epoch=1/3 loss=0.3227 l2=0.2000 label_smoothing=0.000
D step=1/5 epoch=2/3 loss=0.3057 l2=0.2000 label_smoothing=0.000
D step=1/5 epoch=3/3 loss=0.2745 l2=0.2000 label_smoothing=0.000
D step=2/5 epoch=1/3 loss=0.2955 l2=0.2000 label_smoothing=0.000
D step=2/5 epoch=2/3 loss=0.2766 l2=0.2000 label_smoothing=0.000
D step=2/5 epoch=3/3 loss=0.2661 l2=0.2000 label_smoothing=0.000
D step=3/5 epoch=1/3 loss=0.2697 l2=0.2000 label_smoothing=0.000
D step=3/5 epoch=2/3 loss=0.2706 l2=0.2000 label_smoothing=0.000
D step=3/5 epoch=3/3 loss=0.2675 l2=0.2000 label_smoothing=0.000
D step=4/5 epoch=1/3 loss=0.2510 l2=0.2000 label_smoothing=0.000
D step=4/5 epoch=2/3 loss=0.2535 l2=0.2000 label_smoothing=0.000
D step=4/5 epoch=3/3 loss=0.2508 l2=0.2000 label_smoothing=0.000
D step=5/5 epoch=1/3 loss=0.2770 l2=0.2000 label_smoothing=0.000
D step=5/5 epoch=2/3 loss=0.2648 l2=0.2000 label_smoothing=0.000
D step=5/5 epoch=3/3 loss=0.2661 l2=0.2000 label_smoothing=0.000
ADV epoch=92/200 g_loss=0.0002 d_loss=0.2742 reward=0.1943 reward_var=0.0000 unique=0.0200
D step=1/5 epoch=1/3 loss=0.2950 l2=0.2000 label_smoothing=0.000
D step=1/5 epoch=2/3 loss=0.2928 l2=0.2000 label_smoothing=0.000
D step=1/5 epoch=3/3 loss=0.2912 l2=0.2000 label_smoothing=0.000
D step=2/5 epoch=1/3 loss=0.2743 l2=0.2000 label_smoothing=0.000
D step=2/5 epoch=2/3 loss=0.2713 l2=0.2000 label_smoothing=0.000
D step=2/5 epoch=3/3 loss=0.2721 l2=0.2000 label_smoothing=0.000
D step=3/5 epoch=1/3 loss=0.2737 l2=0.2000 label_smoothing=0.000
D step=3/5 epoch=2/3 loss=0.2726 l2=0.2000 label_smoothing=0.000
D step=3/5 epoch=3/3 loss=0.2749 l2=0.2000 label_smoothing=0.000
D step=4/5 epoch=1/3 loss=0.2667 l2=0.2000 label_smoothing=0.000
D step=4/5 epoch=2/3 loss=0.2688 l2=0.2000 label_smoothing=0.000
D step=4/5 epoch=3/3 loss=0.2647 l2=0.2000 label_smoothing=0.000
D step=5/5 epoch=1/3 loss=0.2798 l2=0.2000 label_smoothing=0.000
D step=5/5 epoch=2/3 loss=0.2791 l2=0.2000 label_smoothing=0.000
D step=5/5 epoch=3/3 loss=0.2772 l2=0.2000 label_smoothing=0.000
ADV epoch=93/200 g_loss=0.0002 d_loss=0.2769 reward=0.1556 reward_var=0.0000 unique=0.0400
D step=1/5 epoch=1/3 loss=0.2825 l2=0.2000 label_smoothing=0.000
D step=1/5 epoch=2/3 loss=0.2716 l2=0.2000 label_smoothing=0.000
D step=1/5 epoch=3/3 loss=0.2737 l2=0.2000 label_smoothing=0.000
D step=2/5 epoch=1/3 loss=0.2787 l2=0.2000 label_smoothing=0.000
D step=2/5 epoch=2/3 loss=0.2778 l2=0.2000 label_smoothing=0.000
D step=2/5 epoch=3/3 loss=0.2771 l2=0.2000 label_smoothing=0.000
D step=3/5 epoch=1/3 loss=0.2847 l2=0.2000 label_smoothing=0.000
D step=3/5 epoch=2/3 loss=0.2833 l2=0.2000 label_smoothing=0.000
D step=3/5 epoch=3/3 loss=0.2835 l2=0.2000 label_smoothing=0.000
D step=4/5 epoch=1/3 loss=0.2787 l2=0.2000 label_smoothing=0.000
D step=4/5 epoch=2/3 loss=0.2719 l2=0.2000 label_smoothing=0.000
D step=4/5 epoch=3/3 loss=0.2727 l2=0.2000 label_smoothing=0.000
D step=5/5 epoch=1/3 loss=0.2714 l2=0.2000 label_smoothing=0.000
D step=5/5 epoch=2/3 loss=0.2729 l2=0.2000 label_smoothing=0.000
D step=5/5 epoch=3/3 loss=0.2707 l2=0.2000 label_smoothing=0.000
ADV epoch=94/200 g_loss=0.0002 d_loss=0.2767 reward=0.1812 reward_var=0.0000 unique=0.0400
D step=1/5 epoch=1/3 loss=0.2664 l2=0.2000 label_smoothing=0.000
D step=1/5 epoch=2/3 loss=0.2648 l2=0.2000 label_smoothing=0.000
D step=1/5 epoch=3/3 loss=0.2644 l2=0.2000 label_smoothing=0.000
D step=2/5 epoch=1/3 loss=0.3340 l2=0.2000 label_smoothing=0.000
D step=2/5 epoch=2/3 loss=0.3289 l2=0.2000 label_smoothing=0.000
D step=2/5 epoch=3/3 loss=0.3125 l2=0.2000 label_smoothing=0.000
D step=3/5 epoch=1/3 loss=0.2882 l2=0.2000 label_smoothing=0.000
D step=3/5 epoch=2/3 loss=0.2860 l2=0.2000 label_smoothing=0.000
D step=3/5 epoch=3/3 loss=0.2848 l2=0.2000 label_smoothing=0.000
D step=4/5 epoch=1/3 loss=0.2707 l2=0.2000 label_smoothing=0.000
D step=4/5 epoch=2/3 loss=0.2674 l2=0.2000 label_smoothing=0.000
D step=4/5 epoch=3/3 loss=0.2669 l2=0.2000 label_smoothing=0.000
D step=5/5 epoch=1/3 loss=0.2957 l2=0.2000 label_smoothing=0.000
D step=5/5 epoch=2/3 loss=0.2961 l2=0.2000 label_smoothing=0.000
D step=5/5 epoch=3/3 loss=0.2978 l2=0.2000 label_smoothing=0.000
ADV epoch=95/200 g_loss=0.0019 d_loss=0.2883 reward=0.1619 reward_var=0.0008 unique=0.0400
D step=1/5 epoch=1/3 loss=0.2624 l2=0.2000 label_smoothing=0.000
D step=1/5 epoch=2/3 loss=0.2575 l2=0.2000 label_smoothing=0.000
D step=1/5 epoch=3/3 loss=0.2562 l2=0.2000 label_smoothing=0.000
D step=2/5 epoch=1/3 loss=0.2885 l2=0.2000 label_smoothing=0.000
D step=2/5 epoch=2/3 loss=0.2889 l2=0.2000 label_smoothing=0.000
D step=2/5 epoch=3/3 loss=0.2876 l2=0.2000 label_smoothing=0.000
D step=3/5 epoch=1/3 loss=0.3007 l2=0.2000 label_smoothing=0.000
D step=3/5 epoch=2/3 loss=0.2999 l2=0.2000 label_smoothing=0.000
D step=3/5 epoch=3/3 loss=0.2996 l2=0.2000 label_smoothing=0.000
D step=4/5 epoch=1/3 loss=0.2625 l2=0.2000 label_smoothing=0.000
D step=4/5 epoch=2/3 loss=0.2583 l2=0.2000 label_smoothing=0.000
D step=4/5 epoch=3/3 loss=0.2584 l2=0.2000 label_smoothing=0.000
D step=5/5 epoch=1/3 loss=0.3828 l2=0.2000 label_smoothing=0.000
D step=5/5 epoch=2/3 loss=0.3072 l2=0.2000 label_smoothing=0.000
D step=5/5 epoch=3/3 loss=0.3123 l2=0.2000 label_smoothing=0.000
ADV epoch=96/200 g_loss=0.0053 d_loss=0.2882 reward=0.2028 reward_var=0.0008 unique=0.0400
D step=1/5 epoch=1/3 loss=0.3110 l2=0.2000 label_smoothing=0.000
D step=1/5 epoch=2/3 loss=0.2904 l2=0.2000 label_smoothing=0.000
D step=1/5 epoch=3/3 loss=0.2913 l2=0.2000 label_smoothing=0.000
D step=2/5 epoch=1/3 loss=0.2942 l2=0.2000 label_smoothing=0.000
D step=2/5 epoch=2/3 loss=0.2853 l2=0.2000 label_smoothing=0.000
D step=2/5 epoch=3/3 loss=0.2823 l2=0.2000 label_smoothing=0.000
D step=3/5 epoch=1/3 loss=0.2797 l2=0.2000 label_smoothing=0.000
D step=3/5 epoch=2/3 loss=0.2787 l2=0.2000 label_smoothing=0.000
D step=3/5 epoch=3/3 loss=0.2790 l2=0.2000 label_smoothing=0.000
D step=4/5 epoch=1/3 loss=0.2621 l2=0.2000 label_smoothing=0.000
D step=4/5 epoch=2/3 loss=0.2616 l2=0.2000 label_smoothing=0.000
D step=4/5 epoch=3/3 loss=0.2644 l2=0.2000 label_smoothing=0.000
D step=5/5 epoch=1/3 loss=0.2806 l2=0.2000 label_smoothing=0.000
D step=5/5 epoch=2/3 loss=0.2762 l2=0.2000 label_smoothing=0.000
D step=5/5 epoch=3/3 loss=0.2783 l2=0.2000 label_smoothing=0.000
ADV epoch=97/200 g_loss=0.0013 d_loss=0.2810 reward=0.1558 reward_var=0.0000 unique=0.0400
D step=1/5 epoch=1/3 loss=0.2666 l2=0.2000 label_smoothing=0.000
D step=1/5 epoch=2/3 loss=0.2639 l2=0.2000 label_smoothing=0.000
D step=1/5 epoch=3/3 loss=0.2667 l2=0.2000 label_smoothing=0.000
D step=2/5 epoch=1/3 loss=0.3434 l2=0.2000 label_smoothing=0.000
D step=2/5 epoch=2/3 loss=0.3159 l2=0.2000 label_smoothing=0.000
D step=2/5 epoch=3/3 loss=0.2956 l2=0.2000 label_smoothing=0.000
D step=3/5 epoch=1/3 loss=0.2974 l2=0.2000 label_smoothing=0.000
D step=3/5 epoch=2/3 loss=0.2937 l2=0.2000 label_smoothing=0.000
D step=3/5 epoch=3/3 loss=0.2915 l2=0.2000 label_smoothing=0.000
D step=4/5 epoch=1/3 loss=0.2850 l2=0.2000 label_smoothing=0.000
D step=4/5 epoch=2/3 loss=0.2868 l2=0.2000 label_smoothing=0.000
D step=4/5 epoch=3/3 loss=0.2865 l2=0.2000 label_smoothing=0.000
D step=5/5 epoch=1/3 loss=0.2640 l2=0.2000 label_smoothing=0.000
D step=5/5 epoch=2/3 loss=0.2630 l2=0.2000 label_smoothing=0.000
D step=5/5 epoch=3/3 loss=0.2622 l2=0.2000 label_smoothing=0.000
ADV epoch=98/200 g_loss=0.0002 d_loss=0.2855 reward=0.1770 reward_var=0.0001 unique=0.0600
D step=1/5 epoch=1/3 loss=0.2886 l2=0.2000 label_smoothing=0.000
D step=1/5 epoch=2/3 loss=0.2856 l2=0.2000 label_smoothing=0.000
D step=1/5 epoch=3/3 loss=0.2897 l2=0.2000 label_smoothing=0.000
D step=2/5 epoch=1/3 loss=0.3900 l2=0.2000 label_smoothing=0.000
D step=2/5 epoch=2/3 loss=0.3637 l2=0.2000 label_smoothing=0.000
D step=2/5 epoch=3/3 loss=0.3155 l2=0.2000 label_smoothing=0.000
D step=3/5 epoch=1/3 loss=0.2867 l2=0.2000 label_smoothing=0.000
D step=3/5 epoch=2/3 loss=0.2804 l2=0.2000 label_smoothing=0.000
D step=3/5 epoch=3/3 loss=0.2737 l2=0.2000 label_smoothing=0.000
D step=4/5 epoch=1/3 loss=0.2563 l2=0.2000 label_smoothing=0.000
D step=4/5 epoch=2/3 loss=0.2604 l2=0.2000 label_smoothing=0.000
D step=4/5 epoch=3/3 loss=0.2581 l2=0.2000 label_smoothing=0.000
D step=5/5 epoch=1/3 loss=0.2879 l2=0.2000 label_smoothing=0.000
D step=5/5 epoch=2/3 loss=0.2855 l2=0.2000 label_smoothing=0.000
D step=5/5 epoch=3/3 loss=0.2852 l2=0.2000 label_smoothing=0.000
ADV epoch=99/200 g_loss=0.0171 d_loss=0.2938 reward=0.1825 reward_var=0.0134 unique=0.1000
D step=1/5 epoch=1/3 loss=0.2936 l2=0.2000 label_smoothing=0.000
D step=1/5 epoch=2/3 loss=0.2922 l2=0.2000 label_smoothing=0.000
D step=1/5 epoch=3/3 loss=0.2903 l2=0.2000 label_smoothing=0.000
D step=2/5 epoch=1/3 loss=0.2970 l2=0.2000 label_smoothing=0.000
D step=2/5 epoch=2/3 loss=0.2907 l2=0.2000 label_smoothing=0.000
D step=2/5 epoch=3/3 loss=0.2941 l2=0.2000 label_smoothing=0.000
D step=3/5 epoch=1/3 loss=0.2683 l2=0.2000 label_smoothing=0.000
D step=3/5 epoch=2/3 loss=0.2713 l2=0.2000 label_smoothing=0.000
D step=3/5 epoch=3/3 loss=0.2719 l2=0.2000 label_smoothing=0.000
D step=4/5 epoch=1/3 loss=0.2846 l2=0.2000 label_smoothing=0.000
D step=4/5 epoch=2/3 loss=0.2841 l2=0.2000 label_smoothing=0.000
D step=4/5 epoch=3/3 loss=0.2812 l2=0.2000 label_smoothing=0.000
D step=5/5 epoch=1/3 loss=0.2945 l2=0.2000 label_smoothing=0.000
D step=5/5 epoch=2/3 loss=0.2919 l2=0.2000 label_smoothing=0.000
D step=5/5 epoch=3/3 loss=0.2953 l2=0.2000 label_smoothing=0.000
ADV epoch=100/200 g_loss=0.0008 d_loss=0.2867 reward=0.1729 reward_var=0.0007 unique=0.0600
D step=1/5 epoch=1/3 loss=0.2601 l2=0.2000 label_smoothing=0.000
D step=1/5 epoch=2/3 loss=0.2590 l2=0.2000 label_smoothing=0.000
D step=1/5 epoch=3/3 loss=0.2560 l2=0.2000 label_smoothing=0.000
D step=2/5 epoch=1/3 loss=0.3923 l2=0.2000 label_smoothing=0.000
D step=2/5 epoch=2/3 loss=0.3132 l2=0.2000 label_smoothing=0.000
D step=2/5 epoch=3/3 loss=0.2915 l2=0.2000 label_smoothing=0.000
D step=3/5 epoch=1/3 loss=0.2721 l2=0.2000 label_smoothing=0.000
D step=3/5 epoch=2/3 loss=0.2522 l2=0.2000 label_smoothing=0.000
D step=3/5 epoch=3/3 loss=0.2531 l2=0.2000 label_smoothing=0.000
D step=4/5 epoch=1/3 loss=0.2881 l2=0.2000 label_smoothing=0.000
D step=4/5 epoch=2/3 loss=0.2824 l2=0.2000 label_smoothing=0.000
D step=4/5 epoch=3/3 loss=0.2808 l2=0.2000 label_smoothing=0.000
D step=5/5 epoch=1/3 loss=0.3207 l2=0.2000 label_smoothing=0.000
D step=5/5 epoch=2/3 loss=0.3170 l2=0.2000 label_smoothing=0.000
D step=5/5 epoch=3/3 loss=0.3131 l2=0.2000 label_smoothing=0.000
ADV epoch=101/200 g_loss=0.0014 d_loss=0.2901 reward=0.1899 reward_var=0.0027 unique=0.0600
D step=1/5 epoch=1/3 loss=0.3317 l2=0.2000 label_smoothing=0.000
D step=1/5 epoch=2/3 loss=0.2774 l2=0.2000 label_smoothing=0.000
D step=1/5 epoch=3/3 loss=0.2732 l2=0.2000 label_smoothing=0.000
D step=2/5 epoch=1/3 loss=0.2864 l2=0.2000 label_smoothing=0.000
D step=2/5 epoch=2/3 loss=0.2856 l2=0.2000 label_smoothing=0.000
D step=2/5 epoch=3/3 loss=0.2816 l2=0.2000 label_smoothing=0.000
D step=3/5 epoch=1/3 loss=0.2962 l2=0.2000 label_smoothing=0.000
D step=3/5 epoch=2/3 loss=0.2934 l2=0.2000 label_smoothing=0.000
D step=3/5 epoch=3/3 loss=0.2918 l2=0.2000 label_smoothing=0.000
D step=4/5 epoch=1/3 loss=0.3225 l2=0.2000 label_smoothing=0.000
D step=4/5 epoch=2/3 loss=0.3252 l2=0.2000 label_smoothing=0.000
D step=4/5 epoch=3/3 loss=0.3148 l2=0.2000 label_smoothing=0.000
D step=5/5 epoch=1/3 loss=0.3008 l2=0.2000 label_smoothing=0.000
D step=5/5 epoch=2/3 loss=0.2778 l2=0.2000 label_smoothing=0.000
D step=5/5 epoch=3/3 loss=0.2790 l2=0.2000 label_smoothing=0.000
ADV epoch=102/200 g_loss=0.0077 d_loss=0.2958 reward=0.2183 reward_var=0.0071 unique=0.0800
D step=1/5 epoch=1/3 loss=0.2721 l2=0.2000 label_smoothing=0.000
D step=1/5 epoch=2/3 loss=0.2710 l2=0.2000 label_smoothing=0.000
D step=1/5 epoch=3/3 loss=0.2701 l2=0.2000 label_smoothing=0.000
D step=2/5 epoch=1/3 loss=0.2647 l2=0.2000 label_smoothing=0.000
D step=2/5 epoch=2/3 loss=0.2602 l2=0.2000 label_smoothing=0.000
D step=2/5 epoch=3/3 loss=0.2572 l2=0.2000 label_smoothing=0.000
D step=3/5 epoch=1/3 loss=0.2678 l2=0.2000 label_smoothing=0.000
D step=3/5 epoch=2/3 loss=0.2641 l2=0.2000 label_smoothing=0.000
D step=3/5 epoch=3/3 loss=0.2658 l2=0.2000 label_smoothing=0.000
D step=4/5 epoch=1/3 loss=0.2634 l2=0.2000 label_smoothing=0.000
D step=4/5 epoch=2/3 loss=0.2663 l2=0.2000 label_smoothing=0.000
D step=4/5 epoch=3/3 loss=0.2668 l2=0.2000 label_smoothing=0.000
D step=5/5 epoch=1/3 loss=0.3144 l2=0.2000 label_smoothing=0.000
D step=5/5 epoch=2/3 loss=0.3112 l2=0.2000 label_smoothing=0.000
D step=5/5 epoch=3/3 loss=0.3119 l2=0.2000 label_smoothing=0.000
ADV epoch=103/200 g_loss=0.0018 d_loss=0.2751 reward=0.1707 reward_var=0.0016 unique=0.0400
D step=1/5 epoch=1/3 loss=0.3193 l2=0.2000 label_smoothing=0.000
D step=1/5 epoch=2/3 loss=0.3012 l2=0.2000 label_smoothing=0.000
D step=1/5 epoch=3/3 loss=0.2986 l2=0.2000 label_smoothing=0.000
D step=2/5 epoch=1/3 loss=0.2975 l2=0.2000 label_smoothing=0.000
D step=2/5 epoch=2/3 loss=0.2859 l2=0.2000 label_smoothing=0.000
D step=2/5 epoch=3/3 loss=0.2876 l2=0.2000 label_smoothing=0.000
D step=3/5 epoch=1/3 loss=0.2765 l2=0.2000 label_smoothing=0.000
D step=3/5 epoch=2/3 loss=0.2694 l2=0.2000 label_smoothing=0.000
D step=3/5 epoch=3/3 loss=0.2710 l2=0.2000 label_smoothing=0.000
D step=4/5 epoch=1/3 loss=0.2839 l2=0.2000 label_smoothing=0.000
D step=4/5 epoch=2/3 loss=0.2851 l2=0.2000 label_smoothing=0.000
D step=4/5 epoch=3/3 loss=0.2839 l2=0.2000 label_smoothing=0.000
D step=5/5 epoch=1/3 loss=0.2750 l2=0.2000 label_smoothing=0.000
D step=5/5 epoch=2/3 loss=0.2720 l2=0.2000 label_smoothing=0.000
D step=5/5 epoch=3/3 loss=0.2706 l2=0.2000 label_smoothing=0.000
ADV epoch=104/200 g_loss=0.0067 d_loss=0.2852 reward=0.2029 reward_var=0.0031 unique=0.1000
D step=1/5 epoch=1/3 loss=0.2912 l2=0.2000 label_smoothing=0.000
D step=1/5 epoch=2/3 loss=0.2862 l2=0.2000 label_smoothing=0.000
D step=1/5 epoch=3/3 loss=0.2826 l2=0.2000 label_smoothing=0.000
D step=2/5 epoch=1/3 loss=0.3360 l2=0.2000 label_smoothing=0.000
D step=2/5 epoch=2/3 loss=0.3071 l2=0.2000 label_smoothing=0.000
D step=2/5 epoch=3/3 loss=0.2995 l2=0.2000 label_smoothing=0.000
D step=3/5 epoch=1/3 loss=0.2951 l2=0.2000 label_smoothing=0.000
D step=3/5 epoch=2/3 loss=0.2992 l2=0.2000 label_smoothing=0.000
D step=3/5 epoch=3/3 loss=0.2993 l2=0.2000 label_smoothing=0.000
D step=4/5 epoch=1/3 loss=0.3059 l2=0.2000 label_smoothing=0.000
D step=4/5 epoch=2/3 loss=0.2954 l2=0.2000 label_smoothing=0.000
D step=4/5 epoch=3/3 loss=0.3077 l2=0.2000 label_smoothing=0.000
D step=5/5 epoch=1/3 loss=0.2921 l2=0.2000 label_smoothing=0.000
D step=5/5 epoch=2/3 loss=0.3052 l2=0.2000 label_smoothing=0.000
D step=5/5 epoch=3/3 loss=0.2930 l2=0.2000 label_smoothing=0.000
ADV epoch=105/200 g_loss=0.0011 d_loss=0.2997 reward=0.1723 reward_var=0.0009 unique=0.1000
D step=1/5 epoch=1/3 loss=0.3237 l2=0.2000 label_smoothing=0.000
D step=1/5 epoch=2/3 loss=0.2755 l2=0.2000 label_smoothing=0.000
D step=1/5 epoch=3/3 loss=0.2771 l2=0.2000 label_smoothing=0.000
D step=2/5 epoch=1/3 loss=0.3161 l2=0.2000 label_smoothing=0.000
D step=2/5 epoch=2/3 loss=0.3228 l2=0.2000 label_smoothing=0.000
D step=2/5 epoch=3/3 loss=0.3202 l2=0.2000 label_smoothing=0.000
D step=3/5 epoch=1/3 loss=0.3062 l2=0.2000 label_smoothing=0.000
D step=3/5 epoch=2/3 loss=0.2953 l2=0.2000 label_smoothing=0.000
D step=3/5 epoch=3/3 loss=0.2913 l2=0.2000 label_smoothing=0.000
D step=4/5 epoch=1/3 loss=0.2836 l2=0.2000 label_smoothing=0.000
D step=4/5 epoch=2/3 loss=0.2745 l2=0.2000 label_smoothing=0.000
D step=4/5 epoch=3/3 loss=0.2649 l2=0.2000 label_smoothing=0.000
D step=5/5 epoch=1/3 loss=0.3215 l2=0.2000 label_smoothing=0.000
D step=5/5 epoch=2/3 loss=0.3033 l2=0.2000 label_smoothing=0.000
D step=5/5 epoch=3/3 loss=0.2815 l2=0.2000 label_smoothing=0.000
ADV epoch=106/200 g_loss=0.0050 d_loss=0.2972 reward=0.1965 reward_var=0.0067 unique=0.0600
D step=1/5 epoch=1/3 loss=0.2796 l2=0.2000 label_smoothing=0.000
D step=1/5 epoch=2/3 loss=0.2805 l2=0.2000 label_smoothing=0.000
D step=1/5 epoch=3/3 loss=0.2808 l2=0.2000 label_smoothing=0.000
D step=2/5 epoch=1/3 loss=0.2914 l2=0.2000 label_smoothing=0.000
D step=2/5 epoch=2/3 loss=0.2604 l2=0.2000 label_smoothing=0.000
D step=2/5 epoch=3/3 loss=0.2653 l2=0.2000 label_smoothing=0.000
D step=3/5 epoch=1/3 loss=0.2876 l2=0.2000 label_smoothing=0.000
D step=3/5 epoch=2/3 loss=0.2871 l2=0.2000 label_smoothing=0.000
D step=3/5 epoch=3/3 loss=0.2838 l2=0.2000 label_smoothing=0.000
D step=4/5 epoch=1/3 loss=0.3024 l2=0.2000 label_smoothing=0.000
D step=4/5 epoch=2/3 loss=0.2850 l2=0.2000 label_smoothing=0.000
D step=4/5 epoch=3/3 loss=0.2645 l2=0.2000 label_smoothing=0.000
D step=5/5 epoch=1/3 loss=0.2940 l2=0.2000 label_smoothing=0.000
D step=5/5 epoch=2/3 loss=0.2935 l2=0.2000 label_smoothing=0.000
D step=5/5 epoch=3/3 loss=0.2917 l2=0.2000 label_smoothing=0.000
ADV epoch=107/200 g_loss=0.0009 d_loss=0.2832 reward=0.1663 reward_var=0.0013 unique=0.0800
D step=1/5 epoch=1/3 loss=0.2919 l2=0.2000 label_smoothing=0.000
D step=1/5 epoch=2/3 loss=0.2907 l2=0.2000 label_smoothing=0.000
D step=1/5 epoch=3/3 loss=0.2881 l2=0.2000 label_smoothing=0.000
D step=2/5 epoch=1/3 loss=0.2937 l2=0.2000 label_smoothing=0.000
D step=2/5 epoch=2/3 loss=0.2754 l2=0.2000 label_smoothing=0.000
D step=2/5 epoch=3/3 loss=0.2730 l2=0.2000 label_smoothing=0.000
D step=3/5 epoch=1/3 loss=0.2915 l2=0.2000 label_smoothing=0.000
D step=3/5 epoch=2/3 loss=0.2839 l2=0.2000 label_smoothing=0.000
D step=3/5 epoch=3/3 loss=0.2777 l2=0.2000 label_smoothing=0.000
D step=4/5 epoch=1/3 loss=0.2848 l2=0.2000 label_smoothing=0.000
D step=4/5 epoch=2/3 loss=0.2840 l2=0.2000 label_smoothing=0.000
D step=4/5 epoch=3/3 loss=0.2860 l2=0.2000 label_smoothing=0.000
D step=5/5 epoch=1/3 loss=0.2667 l2=0.2000 label_smoothing=0.000
D step=5/5 epoch=2/3 loss=0.2671 l2=0.2000 label_smoothing=0.000
D step=5/5 epoch=3/3 loss=0.2650 l2=0.2000 label_smoothing=0.000
ADV epoch=108/200 g_loss=0.0012 d_loss=0.2813 reward=0.1729 reward_var=0.0013 unique=0.0400
D step=1/5 epoch=1/3 loss=0.2742 l2=0.2000 label_smoothing=0.000
D step=1/5 epoch=2/3 loss=0.2696 l2=0.2000 label_smoothing=0.000
D step=1/5 epoch=3/3 loss=0.2709 l2=0.2000 label_smoothing=0.000
D step=2/5 epoch=1/3 loss=0.3073 l2=0.2000 label_smoothing=0.000
D step=2/5 epoch=2/3 loss=0.3069 l2=0.2000 label_smoothing=0.000
D step=2/5 epoch=3/3 loss=0.3057 l2=0.2000 label_smoothing=0.000
D step=3/5 epoch=1/3 loss=0.3091 l2=0.2000 label_smoothing=0.000
D step=3/5 epoch=2/3 loss=0.2942 l2=0.2000 label_smoothing=0.000
D step=3/5 epoch=3/3 loss=0.2919 l2=0.2000 label_smoothing=0.000
D step=4/5 epoch=1/3 loss=0.2734 l2=0.2000 label_smoothing=0.000
D step=4/5 epoch=2/3 loss=0.2742 l2=0.2000 label_smoothing=0.000
D step=4/5 epoch=3/3 loss=0.2724 l2=0.2000 label_smoothing=0.000
D step=5/5 epoch=1/3 loss=0.3025 l2=0.2000 label_smoothing=0.000
D step=5/5 epoch=2/3 loss=0.2696 l2=0.2000 label_smoothing=0.000
D step=5/5 epoch=3/3 loss=0.2716 l2=0.2000 label_smoothing=0.000
ADV epoch=109/200 g_loss=0.0003 d_loss=0.2862 reward=0.1702 reward_var=0.0000 unique=0.0800
D step=1/5 epoch=1/3 loss=0.2671 l2=0.2000 label_smoothing=0.000
D step=1/5 epoch=2/3 loss=0.2533 l2=0.2000 label_smoothing=0.000
D step=1/5 epoch=3/3 loss=0.2553 l2=0.2000 label_smoothing=0.000
D step=2/5 epoch=1/3 loss=0.2818 l2=0.2000 label_smoothing=0.000
D step=2/5 epoch=2/3 loss=0.2826 l2=0.2000 label_smoothing=0.000
D step=2/5 epoch=3/3 loss=0.2815 l2=0.2000 label_smoothing=0.000
D step=3/5 epoch=1/3 loss=0.2791 l2=0.2000 label_smoothing=0.000
D step=3/5 epoch=2/3 loss=0.2765 l2=0.2000 label_smoothing=0.000
D step=3/5 epoch=3/3 loss=0.2810 l2=0.2000 label_smoothing=0.000
D step=4/5 epoch=1/3 loss=0.3763 l2=0.2000 label_smoothing=0.000
D step=4/5 epoch=2/3 loss=0.3581 l2=0.2000 label_smoothing=0.000
D step=4/5 epoch=3/3 loss=0.3516 l2=0.2000 label_smoothing=0.000
D step=5/5 epoch=1/3 loss=0.2911 l2=0.2000 label_smoothing=0.000
D step=5/5 epoch=2/3 loss=0.2688 l2=0.2000 label_smoothing=0.000
D step=5/5 epoch=3/3 loss=0.2791 l2=0.2000 label_smoothing=0.000
ADV epoch=110/200 g_loss=0.0041 d_loss=0.2922 reward=0.1738 reward_var=0.0063 unique=0.0600
D step=1/5 epoch=1/3 loss=0.2856 l2=0.2000 label_smoothing=0.000
D step=1/5 epoch=2/3 loss=0.2813 l2=0.2000 label_smoothing=0.000
D step=1/5 epoch=3/3 loss=0.2776 l2=0.2000 label_smoothing=0.000
D step=2/5 epoch=1/3 loss=0.2904 l2=0.2000 label_smoothing=0.000
D step=2/5 epoch=2/3 loss=0.2890 l2=0.2000 label_smoothing=0.000
D step=2/5 epoch=3/3 loss=0.2872 l2=0.2000 label_smoothing=0.000
D step=3/5 epoch=1/3 loss=0.2836 l2=0.2000 label_smoothing=0.000
D step=3/5 epoch=2/3 loss=0.2790 l2=0.2000 label_smoothing=0.000
D step=3/5 epoch=3/3 loss=0.2775 l2=0.2000 label_smoothing=0.000
D step=4/5 epoch=1/3 loss=0.2574 l2=0.2000 label_smoothing=0.000
D step=4/5 epoch=2/3 loss=0.2584 l2=0.2000 label_smoothing=0.000
D step=4/5 epoch=3/3 loss=0.2567 l2=0.2000 label_smoothing=0.000
D step=5/5 epoch=1/3 loss=0.3020 l2=0.2000 label_smoothing=0.000
D step=5/5 epoch=2/3 loss=0.2891 l2=0.2000 label_smoothing=0.000
D step=5/5 epoch=3/3 loss=0.2869 l2=0.2000 label_smoothing=0.000
ADV epoch=111/200 g_loss=0.0017 d_loss=0.2801 reward=0.1951 reward_var=0.0009 unique=0.0200
D step=1/5 epoch=1/3 loss=0.2798 l2=0.2000 label_smoothing=0.000
D step=1/5 epoch=2/3 loss=0.2793 l2=0.2000 label_smoothing=0.000
D step=1/5 epoch=3/3 loss=0.2791 l2=0.2000 label_smoothing=0.000
D step=2/5 epoch=1/3 loss=0.2880 l2=0.2000 label_smoothing=0.000
D step=2/5 epoch=2/3 loss=0.2851 l2=0.2000 label_smoothing=0.000
D step=2/5 epoch=3/3 loss=0.2835 l2=0.2000 label_smoothing=0.000
D step=3/5 epoch=1/3 loss=0.3053 l2=0.2000 label_smoothing=0.000
D step=3/5 epoch=2/3 loss=0.3028 l2=0.2000 label_smoothing=0.000
D step=3/5 epoch=3/3 loss=0.3026 l2=0.2000 label_smoothing=0.000
D step=4/5 epoch=1/3 loss=0.2906 l2=0.2000 label_smoothing=0.000
D step=4/5 epoch=2/3 loss=0.2887 l2=0.2000 label_smoothing=0.000
D step=4/5 epoch=3/3 loss=0.2919 l2=0.2000 label_smoothing=0.000
D step=5/5 epoch=1/3 loss=0.3455 l2=0.2000 label_smoothing=0.000
D step=5/5 epoch=2/3 loss=0.3076 l2=0.2000 label_smoothing=0.000
D step=5/5 epoch=3/3 loss=0.3263 l2=0.2000 label_smoothing=0.000
ADV epoch=112/200 g_loss=0.0015 d_loss=0.2971 reward=0.1745 reward_var=0.0005 unique=0.0400
D step=1/5 epoch=1/3 loss=0.2676 l2=0.2000 label_smoothing=0.000
D step=1/5 epoch=2/3 loss=0.2658 l2=0.2000 label_smoothing=0.000
D step=1/5 epoch=3/3 loss=0.2673 l2=0.2000 label_smoothing=0.000
D step=2/5 epoch=1/3 loss=0.3494 l2=0.2000 label_smoothing=0.000
D step=2/5 epoch=2/3 loss=0.2907 l2=0.2000 label_smoothing=0.000
D step=2/5 epoch=3/3 loss=0.2863 l2=0.2000 label_smoothing=0.000
D step=3/5 epoch=1/3 loss=0.2699 l2=0.2000 label_smoothing=0.000
D step=3/5 epoch=2/3 loss=0.2723 l2=0.2000 label_smoothing=0.000
D step=3/5 epoch=3/3 loss=0.2726 l2=0.2000 label_smoothing=0.000
D step=4/5 epoch=1/3 loss=0.2866 l2=0.2000 label_smoothing=0.000
D step=4/5 epoch=2/3 loss=0.2844 l2=0.2000 label_smoothing=0.000
D step=4/5 epoch=3/3 loss=0.2864 l2=0.2000 label_smoothing=0.000
D step=5/5 epoch=1/3 loss=0.3359 l2=0.2000 label_smoothing=0.000
D step=5/5 epoch=2/3 loss=0.3118 l2=0.2000 label_smoothing=0.000
D step=5/5 epoch=3/3 loss=0.2917 l2=0.2000 label_smoothing=0.000
ADV epoch=113/200 g_loss=0.0053 d_loss=0.2892 reward=0.1888 reward_var=0.0037 unique=0.0600
D step=1/5 epoch=1/3 loss=0.2936 l2=0.2000 label_smoothing=0.000
D step=1/5 epoch=2/3 loss=0.2906 l2=0.2000 label_smoothing=0.000
D step=1/5 epoch=3/3 loss=0.2935 l2=0.2000 label_smoothing=0.000
D step=2/5 epoch=1/3 loss=0.2745 l2=0.2000 label_smoothing=0.000
D step=2/5 epoch=2/3 loss=0.2737 l2=0.2000 label_smoothing=0.000
D step=2/5 epoch=3/3 loss=0.2754 l2=0.2000 label_smoothing=0.000
D step=3/5 epoch=1/3 loss=0.2776 l2=0.2000 label_smoothing=0.000
D step=3/5 epoch=2/3 loss=0.2801 l2=0.2000 label_smoothing=0.000
D step=3/5 epoch=3/3 loss=0.2773 l2=0.2000 label_smoothing=0.000
D step=4/5 epoch=1/3 loss=0.3206 l2=0.2000 label_smoothing=0.000
D step=4/5 epoch=2/3 loss=0.2995 l2=0.2000 label_smoothing=0.000
D step=4/5 epoch=3/3 loss=0.2738 l2=0.2000 label_smoothing=0.000
D step=5/5 epoch=1/3 loss=0.2762 l2=0.2000 label_smoothing=0.000
D step=5/5 epoch=2/3 loss=0.2711 l2=0.2000 label_smoothing=0.000
D step=5/5 epoch=3/3 loss=0.2724 l2=0.2000 label_smoothing=0.000
ADV epoch=114/200 g_loss=0.0004 d_loss=0.2833 reward=0.1822 reward_var=0.0007 unique=0.0600
D step=1/5 epoch=1/3 loss=0.2984 l2=0.2000 label_smoothing=0.000
D step=1/5 epoch=2/3 loss=0.2970 l2=0.2000 label_smoothing=0.000
D step=1/5 epoch=3/3 loss=0.2944 l2=0.2000 label_smoothing=0.000
D step=2/5 epoch=1/3 loss=0.3039 l2=0.2000 label_smoothing=0.000
D step=2/5 epoch=2/3 loss=0.2840 l2=0.2000 label_smoothing=0.000
D step=2/5 epoch=3/3 loss=0.2854 l2=0.2000 label_smoothing=0.000
D step=3/5 epoch=1/3 loss=0.2709 l2=0.2000 label_smoothing=0.000
D step=3/5 epoch=2/3 loss=0.2680 l2=0.2000 label_smoothing=0.000
D step=3/5 epoch=3/3 loss=0.2699 l2=0.2000 label_smoothing=0.000
D step=4/5 epoch=1/3 loss=0.2972 l2=0.2000 label_smoothing=0.000
D step=4/5 epoch=2/3 loss=0.2847 l2=0.2000 label_smoothing=0.000
D step=4/5 epoch=3/3 loss=0.2858 l2=0.2000 label_smoothing=0.000
D step=5/5 epoch=1/3 loss=0.2876 l2=0.2000 label_smoothing=0.000
D step=5/5 epoch=2/3 loss=0.2887 l2=0.2000 label_smoothing=0.000
D step=5/5 epoch=3/3 loss=0.2880 l2=0.2000 label_smoothing=0.000
ADV epoch=115/200 g_loss=0.0035 d_loss=0.2869 reward=0.1852 reward_var=0.0056 unique=0.0400
D step=1/5 epoch=1/3 loss=0.3001 l2=0.2000 label_smoothing=0.000
D step=1/5 epoch=2/3 loss=0.2995 l2=0.2000 label_smoothing=0.000
D step=1/5 epoch=3/3 loss=0.3005 l2=0.2000 label_smoothing=0.000
D step=2/5 epoch=1/3 loss=0.2619 l2=0.2000 label_smoothing=0.000
D step=2/5 epoch=2/3 loss=0.2586 l2=0.2000 label_smoothing=0.000
D step=2/5 epoch=3/3 loss=0.2605 l2=0.2000 label_smoothing=0.000
D step=3/5 epoch=1/3 loss=0.2597 l2=0.2000 label_smoothing=0.000
D step=3/5 epoch=2/3 loss=0.2577 l2=0.2000 label_smoothing=0.000
D step=3/5 epoch=3/3 loss=0.2581 l2=0.2000 label_smoothing=0.000
D step=4/5 epoch=1/3 loss=0.2882 l2=0.2000 label_smoothing=0.000
D step=4/5 epoch=2/3 loss=0.2675 l2=0.2000 label_smoothing=0.000
D step=4/5 epoch=3/3 loss=0.2633 l2=0.2000 label_smoothing=0.000
D step=5/5 epoch=1/3 loss=0.2880 l2=0.2000 label_smoothing=0.000
D step=5/5 epoch=2/3 loss=0.2875 l2=0.2000 label_smoothing=0.000
D step=5/5 epoch=3/3 loss=0.2847 l2=0.2000 label_smoothing=0.000
ADV epoch=116/200 g_loss=0.0022 d_loss=0.2757 reward=0.1827 reward_var=0.0014 unique=0.0600
D step=1/5 epoch=1/3 loss=0.3217 l2=0.2000 label_smoothing=0.000
D step=1/5 epoch=2/3 loss=0.2856 l2=0.2000 label_smoothing=0.000
D step=1/5 epoch=3/3 loss=0.2819 l2=0.2000 label_smoothing=0.000
D step=2/5 epoch=1/3 loss=0.2836 l2=0.2000 label_smoothing=0.000
D step=2/5 epoch=2/3 loss=0.2862 l2=0.2000 label_smoothing=0.000
D step=2/5 epoch=3/3 loss=0.2827 l2=0.2000 label_smoothing=0.000
D step=3/5 epoch=1/3 loss=0.2867 l2=0.2000 label_smoothing=0.000
D step=3/5 epoch=2/3 loss=0.2849 l2=0.2000 label_smoothing=0.000
D step=3/5 epoch=3/3 loss=0.2869 l2=0.2000 label_smoothing=0.000
D step=4/5 epoch=1/3 loss=0.2908 l2=0.2000 label_smoothing=0.000
D step=4/5 epoch=2/3 loss=0.2925 l2=0.2000 label_smoothing=0.000
D step=4/5 epoch=3/3 loss=0.2934 l2=0.2000 label_smoothing=0.000
D step=5/5 epoch=1/3 loss=0.2651 l2=0.2000 label_smoothing=0.000
D step=5/5 epoch=2/3 loss=0.2679 l2=0.2000 label_smoothing=0.000
D step=5/5 epoch=3/3 loss=0.2671 l2=0.2000 label_smoothing=0.000
ADV epoch=117/200 g_loss=0.0034 d_loss=0.2851 reward=0.1898 reward_var=0.0080 unique=0.0600
D step=1/5 epoch=1/3 loss=0.2946 l2=0.2000 label_smoothing=0.000
D step=1/5 epoch=2/3 loss=0.2930 l2=0.2000 label_smoothing=0.000
D step=1/5 epoch=3/3 loss=0.2914 l2=0.2000 label_smoothing=0.000
D step=2/5 epoch=1/3 loss=0.3071 l2=0.2000 label_smoothing=0.000
D step=2/5 epoch=2/3 loss=0.2826 l2=0.2000 label_smoothing=0.000
D step=2/5 epoch=3/3 loss=0.2822 l2=0.2000 label_smoothing=0.000
D step=3/5 epoch=1/3 loss=0.2609 l2=0.2000 label_smoothing=0.000
D step=3/5 epoch=2/3 loss=0.2594 l2=0.2000 label_smoothing=0.000
D step=3/5 epoch=3/3 loss=0.2578 l2=0.2000 label_smoothing=0.000
D step=4/5 epoch=1/3 loss=0.2809 l2=0.2000 label_smoothing=0.000
D step=4/5 epoch=2/3 loss=0.2780 l2=0.2000 label_smoothing=0.000
D step=4/5 epoch=3/3 loss=0.2782 l2=0.2000 label_smoothing=0.000
D step=5/5 epoch=1/3 loss=0.2930 l2=0.2000 label_smoothing=0.000
D step=5/5 epoch=2/3 loss=0.2939 l2=0.2000 label_smoothing=0.000
D step=5/5 epoch=3/3 loss=0.2926 l2=0.2000 label_smoothing=0.000
ADV epoch=118/200 g_loss=0.0002 d_loss=0.2830 reward=0.1731 reward_var=0.0000 unique=0.1200
D step=1/5 epoch=1/3 loss=0.2863 l2=0.2000 label_smoothing=0.000
D step=1/5 epoch=2/3 loss=0.2854 l2=0.2000 label_smoothing=0.000
D step=1/5 epoch=3/3 loss=0.2875 l2=0.2000 label_smoothing=0.000
D step=2/5 epoch=1/3 loss=0.2832 l2=0.2000 label_smoothing=0.000
D step=2/5 epoch=2/3 loss=0.2795 l2=0.2000 label_smoothing=0.000
D step=2/5 epoch=3/3 loss=0.2793 l2=0.2000 label_smoothing=0.000
D step=3/5 epoch=1/3 loss=0.3417 l2=0.2000 label_smoothing=0.000
D step=3/5 epoch=2/3 loss=0.3102 l2=0.2000 label_smoothing=0.000
D step=3/5 epoch=3/3 loss=0.2891 l2=0.2000 label_smoothing=0.000
D step=4/5 epoch=1/3 loss=0.2935 l2=0.2000 label_smoothing=0.000
D step=4/5 epoch=2/3 loss=0.2935 l2=0.2000 label_smoothing=0.000
D step=4/5 epoch=3/3 loss=0.2960 l2=0.2000 label_smoothing=0.000
D step=5/5 epoch=1/3 loss=0.2988 l2=0.2000 label_smoothing=0.000
D step=5/5 epoch=2/3 loss=0.3000 l2=0.2000 label_smoothing=0.000
D step=5/5 epoch=3/3 loss=0.2990 l2=0.2000 label_smoothing=0.000
ADV epoch=119/200 g_loss=0.0019 d_loss=0.2949 reward=0.1876 reward_var=0.0005 unique=0.0400
D step=1/5 epoch=1/3 loss=0.2747 l2=0.2000 label_smoothing=0.000
D step=1/5 epoch=2/3 loss=0.2697 l2=0.2000 label_smoothing=0.000
D step=1/5 epoch=3/3 loss=0.2738 l2=0.2000 label_smoothing=0.000
D step=2/5 epoch=1/3 loss=0.2690 l2=0.2000 label_smoothing=0.000
D step=2/5 epoch=2/3 loss=0.2677 l2=0.2000 label_smoothing=0.000
D step=2/5 epoch=3/3 loss=0.2680 l2=0.2000 label_smoothing=0.000
D step=3/5 epoch=1/3 loss=0.2490 l2=0.2000 label_smoothing=0.000
D step=3/5 epoch=2/3 loss=0.2505 l2=0.2000 label_smoothing=0.000
D step=3/5 epoch=3/3 loss=0.2484 l2=0.2000 label_smoothing=0.000
D step=4/5 epoch=1/3 loss=0.3112 l2=0.2000 label_smoothing=0.000
D step=4/5 epoch=2/3 loss=0.3121 l2=0.2000 label_smoothing=0.000
D step=4/5 epoch=3/3 loss=0.2795 l2=0.2000 label_smoothing=0.000
D step=5/5 epoch=1/3 loss=0.3022 l2=0.2000 label_smoothing=0.000
D step=5/5 epoch=2/3 loss=0.2825 l2=0.2000 label_smoothing=0.000
D step=5/5 epoch=3/3 loss=0.2814 l2=0.2000 label_smoothing=0.000
ADV epoch=120/200 g_loss=0.0036 d_loss=0.2760 reward=0.1924 reward_var=0.0005 unique=0.0400
D step=1/5 epoch=1/3 loss=0.2556 l2=0.2000 label_smoothing=0.000
D step=1/5 epoch=2/3 loss=0.2588 l2=0.2000 label_smoothing=0.000
D step=1/5 epoch=3/3 loss=0.2573 l2=0.2000 label_smoothing=0.000
D step=2/5 epoch=1/3 loss=0.3595 l2=0.2000 label_smoothing=0.000
D step=2/5 epoch=2/3 loss=0.3231 l2=0.2000 label_smoothing=0.000
D step=2/5 epoch=3/3 loss=0.2961 l2=0.2000 label_smoothing=0.000
D step=3/5 epoch=1/3 loss=0.3211 l2=0.2000 label_smoothing=0.000
D step=3/5 epoch=2/3 loss=0.3072 l2=0.2000 label_smoothing=0.000
D step=3/5 epoch=3/3 loss=0.3004 l2=0.2000 label_smoothing=0.000
D step=4/5 epoch=1/3 loss=0.2951 l2=0.2000 label_smoothing=0.000
D step=4/5 epoch=2/3 loss=0.2934 l2=0.2000 label_smoothing=0.000
D step=4/5 epoch=3/3 loss=0.2941 l2=0.2000 label_smoothing=0.000
D step=5/5 epoch=1/3 loss=0.2928 l2=0.2000 label_smoothing=0.000
D step=5/5 epoch=2/3 loss=0.2927 l2=0.2000 label_smoothing=0.000
D step=5/5 epoch=3/3 loss=0.2905 l2=0.2000 label_smoothing=0.000
ADV epoch=121/200 g_loss=0.0007 d_loss=0.2959 reward=0.1825 reward_var=0.0009 unique=0.0600
D step=1/5 epoch=1/3 loss=0.2878 l2=0.2000 label_smoothing=0.000
D step=1/5 epoch=2/3 loss=0.2867 l2=0.2000 label_smoothing=0.000
D step=1/5 epoch=3/3 loss=0.2865 l2=0.2000 label_smoothing=0.000
D step=2/5 epoch=1/3 loss=0.2810 l2=0.2000 label_smoothing=0.000
D step=2/5 epoch=2/3 loss=0.2779 l2=0.2000 label_smoothing=0.000
D step=2/5 epoch=3/3 loss=0.2794 l2=0.2000 label_smoothing=0.000
D step=3/5 epoch=1/3 loss=0.2706 l2=0.2000 label_smoothing=0.000
D step=3/5 epoch=2/3 loss=0.2738 l2=0.2000 label_smoothing=0.000
D step=3/5 epoch=3/3 loss=0.2722 l2=0.2000 label_smoothing=0.000
D step=4/5 epoch=1/3 loss=0.3060 l2=0.2000 label_smoothing=0.000
D step=4/5 epoch=2/3 loss=0.3026 l2=0.2000 label_smoothing=0.000
D step=4/5 epoch=3/3 loss=0.3034 l2=0.2000 label_smoothing=0.000
D step=5/5 epoch=1/3 loss=0.2707 l2=0.2000 label_smoothing=0.000
D step=5/5 epoch=2/3 loss=0.2709 l2=0.2000 label_smoothing=0.000
D step=5/5 epoch=3/3 loss=0.2712 l2=0.2000 label_smoothing=0.000
ADV epoch=122/200 g_loss=0.0008 d_loss=0.2827 reward=0.1796 reward_var=0.0006 unique=0.0400
D step=1/5 epoch=1/3 loss=0.2813 l2=0.2000 label_smoothing=0.000
D step=1/5 epoch=2/3 loss=0.2816 l2=0.2000 label_smoothing=0.000
D step=1/5 epoch=3/3 loss=0.2809 l2=0.2000 label_smoothing=0.000
D step=2/5 epoch=1/3 loss=0.2879 l2=0.2000 label_smoothing=0.000
D step=2/5 epoch=2/3 loss=0.2882 l2=0.2000 label_smoothing=0.000
D step=2/5 epoch=3/3 loss=0.2852 l2=0.2000 label_smoothing=0.000
D step=3/5 epoch=1/3 loss=0.2803 l2=0.2000 label_smoothing=0.000
D step=3/5 epoch=2/3 loss=0.2804 l2=0.2000 label_smoothing=0.000
D step=3/5 epoch=3/3 loss=0.2796 l2=0.2000 label_smoothing=0.000
D step=4/5 epoch=1/3 loss=0.2952 l2=0.2000 label_smoothing=0.000
D step=4/5 epoch=2/3 loss=0.2774 l2=0.2000 label_smoothing=0.000
D step=4/5 epoch=3/3 loss=0.2760 l2=0.2000 label_smoothing=0.000
D step=5/5 epoch=1/3 loss=0.2802 l2=0.2000 label_smoothing=0.000
D step=5/5 epoch=2/3 loss=0.2800 l2=0.2000 label_smoothing=0.000
D step=5/5 epoch=3/3 loss=0.2774 l2=0.2000 label_smoothing=0.000
ADV epoch=123/200 g_loss=0.0049 d_loss=0.2821 reward=0.1847 reward_var=0.0009 unique=0.0200
D step=1/5 epoch=1/3 loss=0.3311 l2=0.2000 label_smoothing=0.000
D step=1/5 epoch=2/3 loss=0.3033 l2=0.2000 label_smoothing=0.000
D step=1/5 epoch=3/3 loss=0.3014 l2=0.2000 label_smoothing=0.000
D step=2/5 epoch=1/3 loss=0.3473 l2=0.2000 label_smoothing=0.000
D step=2/5 epoch=2/3 loss=0.3328 l2=0.2000 label_smoothing=0.000
D step=2/5 epoch=3/3 loss=0.3108 l2=0.2000 label_smoothing=0.000
D step=3/5 epoch=1/3 loss=0.3023 l2=0.2000 label_smoothing=0.000
D step=3/5 epoch=2/3 loss=0.2946 l2=0.2000 label_smoothing=0.000
D step=3/5 epoch=3/3 loss=0.2824 l2=0.2000 label_smoothing=0.000
D step=4/5 epoch=1/3 loss=0.2963 l2=0.2000 label_smoothing=0.000
D step=4/5 epoch=2/3 loss=0.2802 l2=0.2000 label_smoothing=0.000
D step=4/5 epoch=3/3 loss=0.2777 l2=0.2000 label_smoothing=0.000
D step=5/5 epoch=1/3 loss=0.2836 l2=0.2000 label_smoothing=0.000
D step=5/5 epoch=2/3 loss=0.2850 l2=0.2000 label_smoothing=0.000
D step=5/5 epoch=3/3 loss=0.2832 l2=0.2000 label_smoothing=0.000
ADV epoch=124/200 g_loss=0.0025 d_loss=0.3008 reward=0.1736 reward_var=0.0010 unique=0.0200
D step=1/5 epoch=1/3 loss=0.2733 l2=0.2000 label_smoothing=0.000
D step=1/5 epoch=2/3 loss=0.2730 l2=0.2000 label_smoothing=0.000
D step=1/5 epoch=3/3 loss=0.2685 l2=0.2000 label_smoothing=0.000
D step=2/5 epoch=1/3 loss=0.2732 l2=0.2000 label_smoothing=0.000
D step=2/5 epoch=2/3 loss=0.2727 l2=0.2000 label_smoothing=0.000
D step=2/5 epoch=3/3 loss=0.2716 l2=0.2000 label_smoothing=0.000
D step=3/5 epoch=1/3 loss=0.2828 l2=0.2000 label_smoothing=0.000
D step=3/5 epoch=2/3 loss=0.2870 l2=0.2000 label_smoothing=0.000
D step=3/5 epoch=3/3 loss=0.2876 l2=0.2000 label_smoothing=0.000
D step=4/5 epoch=1/3 loss=0.2659 l2=0.2000 label_smoothing=0.000
D step=4/5 epoch=2/3 loss=0.2672 l2=0.2000 label_smoothing=0.000
D step=4/5 epoch=3/3 loss=0.2652 l2=0.2000 label_smoothing=0.000
D step=5/5 epoch=1/3 loss=0.3228 l2=0.2000 label_smoothing=0.000
D step=5/5 epoch=2/3 loss=0.3060 l2=0.2000 label_smoothing=0.000
D step=5/5 epoch=3/3 loss=0.2894 l2=0.2000 label_smoothing=0.000
ADV epoch=125/200 g_loss=0.0094 d_loss=0.2804 reward=0.1888 reward_var=0.0082 unique=0.0400
D step=1/5 epoch=1/3 loss=0.2909 l2=0.2000 label_smoothing=0.000
D step=1/5 epoch=2/3 loss=0.2713 l2=0.2000 label_smoothing=0.000
D step=1/5 epoch=3/3 loss=0.2675 l2=0.2000 label_smoothing=0.000
D step=2/5 epoch=1/3 loss=0.2688 l2=0.2000 label_smoothing=0.000
D step=2/5 epoch=2/3 loss=0.2717 l2=0.2000 label_smoothing=0.000
D step=2/5 epoch=3/3 loss=0.2721 l2=0.2000 label_smoothing=0.000
D step=3/5 epoch=1/3 loss=0.2827 l2=0.2000 label_smoothing=0.000
D step=3/5 epoch=2/3 loss=0.2824 l2=0.2000 label_smoothing=0.000
D step=3/5 epoch=3/3 loss=0.2836 l2=0.2000 label_smoothing=0.000
D step=4/5 epoch=1/3 loss=0.2651 l2=0.2000 label_smoothing=0.000
D step=4/5 epoch=2/3 loss=0.2649 l2=0.2000 label_smoothing=0.000
D step=4/5 epoch=3/3 loss=0.2630 l2=0.2000 label_smoothing=0.000
D step=5/5 epoch=1/3 loss=0.2596 l2=0.2000 label_smoothing=0.000
D step=5/5 epoch=2/3 loss=0.2591 l2=0.2000 label_smoothing=0.000
D step=5/5 epoch=3/3 loss=0.2599 l2=0.2000 label_smoothing=0.000
ADV epoch=126/200 g_loss=0.0012 d_loss=0.2708 reward=0.1652 reward_var=0.0009 unique=0.0800
D step=1/5 epoch=1/3 loss=0.2748 l2=0.2000 label_smoothing=0.000
D step=1/5 epoch=2/3 loss=0.2757 l2=0.2000 label_smoothing=0.000
D step=1/5 epoch=3/3 loss=0.2722 l2=0.2000 label_smoothing=0.000
D step=2/5 epoch=1/3 loss=0.2713 l2=0.2000 label_smoothing=0.000
D step=2/5 epoch=2/3 loss=0.2748 l2=0.2000 label_smoothing=0.000
D step=2/5 epoch=3/3 loss=0.2762 l2=0.2000 label_smoothing=0.000
D step=3/5 epoch=1/3 loss=0.2715 l2=0.2000 label_smoothing=0.000
D step=3/5 epoch=2/3 loss=0.2703 l2=0.2000 label_smoothing=0.000
D step=3/5 epoch=3/3 loss=0.2750 l2=0.2000 label_smoothing=0.000
D step=4/5 epoch=1/3 loss=0.2841 l2=0.2000 label_smoothing=0.000
D step=4/5 epoch=2/3 loss=0.2846 l2=0.2000 label_smoothing=0.000
D step=4/5 epoch=3/3 loss=0.2859 l2=0.2000 label_smoothing=0.000
D step=5/5 epoch=1/3 loss=0.2635 l2=0.2000 label_smoothing=0.000
D step=5/5 epoch=2/3 loss=0.2678 l2=0.2000 label_smoothing=0.000
D step=5/5 epoch=3/3 loss=0.2639 l2=0.2000 label_smoothing=0.000
ADV epoch=127/200 g_loss=0.0002 d_loss=0.2741 reward=0.1584 reward_var=0.0001 unique=0.0200
D step=1/5 epoch=1/3 loss=0.3413 l2=0.2000 label_smoothing=0.000
D step=1/5 epoch=2/3 loss=0.3144 l2=0.2000 label_smoothing=0.000
D step=1/5 epoch=3/3 loss=0.2825 l2=0.2000 label_smoothing=0.000
D step=2/5 epoch=1/3 loss=0.2976 l2=0.2000 label_smoothing=0.000
D step=2/5 epoch=2/3 loss=0.2827 l2=0.2000 label_smoothing=0.000
D step=2/5 epoch=3/3 loss=0.2801 l2=0.2000 label_smoothing=0.000
D step=3/5 epoch=1/3 loss=0.2753 l2=0.2000 label_smoothing=0.000
D step=3/5 epoch=2/3 loss=0.2750 l2=0.2000 label_smoothing=0.000
D step=3/5 epoch=3/3 loss=0.2744 l2=0.2000 label_smoothing=0.000
D step=4/5 epoch=1/3 loss=0.2967 l2=0.2000 label_smoothing=0.000
D step=4/5 epoch=2/3 loss=0.2908 l2=0.2000 label_smoothing=0.000
D step=4/5 epoch=3/3 loss=0.2673 l2=0.2000 label_smoothing=0.000
D step=5/5 epoch=1/3 loss=0.2955 l2=0.2000 label_smoothing=0.000
D step=5/5 epoch=2/3 loss=0.2832 l2=0.2000 label_smoothing=0.000
D step=5/5 epoch=3/3 loss=0.2795 l2=0.2000 label_smoothing=0.000
ADV epoch=128/200 g_loss=0.0060 d_loss=0.2891 reward=0.1642 reward_var=0.0017 unique=0.0400
D step=1/5 epoch=1/3 loss=0.2999 l2=0.2000 label_smoothing=0.000
D step=1/5 epoch=2/3 loss=0.2982 l2=0.2000 label_smoothing=0.000
D step=1/5 epoch=3/3 loss=0.2951 l2=0.2000 label_smoothing=0.000
D step=2/5 epoch=1/3 loss=0.3027 l2=0.2000 label_smoothing=0.000
D step=2/5 epoch=2/3 loss=0.2547 l2=0.2000 label_smoothing=0.000
D step=2/5 epoch=3/3 loss=0.2593 l2=0.2000 label_smoothing=0.000
D step=3/5 epoch=1/3 loss=0.2929 l2=0.2000 label_smoothing=0.000
D step=3/5 epoch=2/3 loss=0.2861 l2=0.2000 label_smoothing=0.000
D step=3/5 epoch=3/3 loss=0.2834 l2=0.2000 label_smoothing=0.000
D step=4/5 epoch=1/3 loss=0.2891 l2=0.2000 label_smoothing=0.000
D step=4/5 epoch=2/3 loss=0.2879 l2=0.2000 label_smoothing=0.000
D step=4/5 epoch=3/3 loss=0.2854 l2=0.2000 label_smoothing=0.000
D step=5/5 epoch=1/3 loss=0.2992 l2=0.2000 label_smoothing=0.000
D step=5/5 epoch=2/3 loss=0.2970 l2=0.2000 label_smoothing=0.000
D step=5/5 epoch=3/3 loss=0.2952 l2=0.2000 label_smoothing=0.000
ADV epoch=129/200 g_loss=0.0007 d_loss=0.2884 reward=0.1690 reward_var=0.0004 unique=0.0600
D step=1/5 epoch=1/3 loss=0.2655 l2=0.2000 label_smoothing=0.000
D step=1/5 epoch=2/3 loss=0.2681 l2=0.2000 label_smoothing=0.000
D step=1/5 epoch=3/3 loss=0.2676 l2=0.2000 label_smoothing=0.000
D step=2/5 epoch=1/3 loss=0.2657 l2=0.2000 label_smoothing=0.000
D step=2/5 epoch=2/3 loss=0.2634 l2=0.2000 label_smoothing=0.000
D step=2/5 epoch=3/3 loss=0.2657 l2=0.2000 label_smoothing=0.000
D step=3/5 epoch=1/3 loss=0.3249 l2=0.2000 label_smoothing=0.000
D step=3/5 epoch=2/3 loss=0.3135 l2=0.2000 label_smoothing=0.000
D step=3/5 epoch=3/3 loss=0.3063 l2=0.2000 label_smoothing=0.000
D step=4/5 epoch=1/3 loss=0.3036 l2=0.2000 label_smoothing=0.000
D step=4/5 epoch=2/3 loss=0.2946 l2=0.2000 label_smoothing=0.000
D step=4/5 epoch=3/3 loss=0.2888 l2=0.2000 label_smoothing=0.000
D step=5/5 epoch=1/3 loss=0.2612 l2=0.2000 label_smoothing=0.000
D step=5/5 epoch=2/3 loss=0.2604 l2=0.2000 label_smoothing=0.000
D step=5/5 epoch=3/3 loss=0.2539 l2=0.2000 label_smoothing=0.000
ADV epoch=130/200 g_loss=0.0037 d_loss=0.2802 reward=0.1887 reward_var=0.0076 unique=0.0200
D step=1/5 epoch=1/3 loss=0.3157 l2=0.2000 label_smoothing=0.000
D step=1/5 epoch=2/3 loss=0.2775 l2=0.2000 label_smoothing=0.000
D step=1/5 epoch=3/3 loss=0.2755 l2=0.2000 label_smoothing=0.000
D step=2/5 epoch=1/3 loss=0.2974 l2=0.2000 label_smoothing=0.000
D step=2/5 epoch=2/3 loss=0.2968 l2=0.2000 label_smoothing=0.000
D step=2/5 epoch=3/3 loss=0.2947 l2=0.2000 label_smoothing=0.000
D step=3/5 epoch=1/3 loss=0.2664 l2=0.2000 label_smoothing=0.000
D step=3/5 epoch=2/3 loss=0.2627 l2=0.2000 label_smoothing=0.000
D step=3/5 epoch=3/3 loss=0.2676 l2=0.2000 label_smoothing=0.000
D step=4/5 epoch=1/3 loss=0.3028 l2=0.2000 label_smoothing=0.000
D step=4/5 epoch=2/3 loss=0.3011 l2=0.2000 label_smoothing=0.000
D step=4/5 epoch=3/3 loss=0.2975 l2=0.2000 label_smoothing=0.000
D step=5/5 epoch=1/3 loss=0.2936 l2=0.2000 label_smoothing=0.000
D step=5/5 epoch=2/3 loss=0.2926 l2=0.2000 label_smoothing=0.000
D step=5/5 epoch=3/3 loss=0.2931 l2=0.2000 label_smoothing=0.000
ADV epoch=131/200 g_loss=0.0046 d_loss=0.2890 reward=0.1615 reward_var=0.0015 unique=0.0400
D step=1/5 epoch=1/3 loss=0.2848 l2=0.2000 label_smoothing=0.000
D step=1/5 epoch=2/3 loss=0.2777 l2=0.2000 label_smoothing=0.000
D step=1/5 epoch=3/3 loss=0.2723 l2=0.2000 label_smoothing=0.000
D step=2/5 epoch=1/3 loss=0.2730 l2=0.2000 label_smoothing=0.000
D step=2/5 epoch=2/3 loss=0.2719 l2=0.2000 label_smoothing=0.000
D step=2/5 epoch=3/3 loss=0.2703 l2=0.2000 label_smoothing=0.000
D step=3/5 epoch=1/3 loss=0.2739 l2=0.2000 label_smoothing=0.000
D step=3/5 epoch=2/3 loss=0.2730 l2=0.2000 label_smoothing=0.000
D step=3/5 epoch=3/3 loss=0.2719 l2=0.2000 label_smoothing=0.000
D step=4/5 epoch=1/3 loss=0.2819 l2=0.2000 label_smoothing=0.000
D step=4/5 epoch=2/3 loss=0.2721 l2=0.2000 label_smoothing=0.000
D step=4/5 epoch=3/3 loss=0.2831 l2=0.2000 label_smoothing=0.000
D step=5/5 epoch=1/3 loss=0.2891 l2=0.2000 label_smoothing=0.000
D step=5/5 epoch=2/3 loss=0.2818 l2=0.2000 label_smoothing=0.000
D step=5/5 epoch=3/3 loss=0.2826 l2=0.2000 label_smoothing=0.000
ADV epoch=132/200 g_loss=0.0003 d_loss=0.2773 reward=0.1968 reward_var=0.0000 unique=0.0600
D step=1/5 epoch=1/3 loss=0.2739 l2=0.2000 label_smoothing=0.000
D step=1/5 epoch=2/3 loss=0.2753 l2=0.2000 label_smoothing=0.000
D step=1/5 epoch=3/3 loss=0.2722 l2=0.2000 label_smoothing=0.000
D step=2/5 epoch=1/3 loss=0.2688 l2=0.2000 label_smoothing=0.000
D step=2/5 epoch=2/3 loss=0.2682 l2=0.2000 label_smoothing=0.000
D step=2/5 epoch=3/3 loss=0.2694 l2=0.2000 label_smoothing=0.000
D step=3/5 epoch=1/3 loss=0.2775 l2=0.2000 label_smoothing=0.000
D step=3/5 epoch=2/3 loss=0.2788 l2=0.2000 label_smoothing=0.000
D step=3/5 epoch=3/3 loss=0.2798 l2=0.2000 label_smoothing=0.000
D step=4/5 epoch=1/3 loss=0.2780 l2=0.2000 label_smoothing=0.000
D step=4/5 epoch=2/3 loss=0.2762 l2=0.2000 label_smoothing=0.000
D step=4/5 epoch=3/3 loss=0.2793 l2=0.2000 label_smoothing=0.000
D step=5/5 epoch=1/3 loss=0.2783 l2=0.2000 label_smoothing=0.000
D step=5/5 epoch=2/3 loss=0.2797 l2=0.2000 label_smoothing=0.000
D step=5/5 epoch=3/3 loss=0.2792 l2=0.2000 label_smoothing=0.000
ADV epoch=133/200 g_loss=0.0005 d_loss=0.2757 reward=0.1824 reward_var=0.0009 unique=0.0600
D step=1/5 epoch=1/3 loss=0.3021 l2=0.2000 label_smoothing=0.000
D step=1/5 epoch=2/3 loss=0.2587 l2=0.2000 label_smoothing=0.000
D step=1/5 epoch=3/3 loss=0.2571 l2=0.2000 label_smoothing=0.000
D step=2/5 epoch=1/3 loss=0.2869 l2=0.2000 label_smoothing=0.000
D step=2/5 epoch=2/3 loss=0.2828 l2=0.2000 label_smoothing=0.000
D step=2/5 epoch=3/3 loss=0.2849 l2=0.2000 label_smoothing=0.000
D step=3/5 epoch=1/3 loss=0.2995 l2=0.2000 label_smoothing=0.000
D step=3/5 epoch=2/3 loss=0.2781 l2=0.2000 label_smoothing=0.000
D step=3/5 epoch=3/3 loss=0.2771 l2=0.2000 label_smoothing=0.000
D step=4/5 epoch=1/3 loss=0.3359 l2=0.2000 label_smoothing=0.000
D step=4/5 epoch=2/3 loss=0.3454 l2=0.2000 label_smoothing=0.000
D step=4/5 epoch=3/3 loss=0.3279 l2=0.2000 label_smoothing=0.000
D step=5/5 epoch=1/3 loss=0.2759 l2=0.2000 label_smoothing=0.000
D step=5/5 epoch=2/3 loss=0.2769 l2=0.2000 label_smoothing=0.000
D step=5/5 epoch=3/3 loss=0.2765 l2=0.2000 label_smoothing=0.000
ADV epoch=134/200 g_loss=0.0021 d_loss=0.2910 reward=0.1924 reward_var=0.0014 unique=0.0600
D step=1/5 epoch=1/3 loss=0.2742 l2=0.2000 label_smoothing=0.000
D step=1/5 epoch=2/3 loss=0.2649 l2=0.2000 label_smoothing=0.000
D step=1/5 epoch=3/3 loss=0.2666 l2=0.2000 label_smoothing=0.000
D step=2/5 epoch=1/3 loss=0.2656 l2=0.2000 label_smoothing=0.000
D step=2/5 epoch=2/3 loss=0.2635 l2=0.2000 label_smoothing=0.000
D step=2/5 epoch=3/3 loss=0.2647 l2=0.2000 label_smoothing=0.000
D step=3/5 epoch=1/3 loss=0.2813 l2=0.2000 label_smoothing=0.000
D step=3/5 epoch=2/3 loss=0.2801 l2=0.2000 label_smoothing=0.000
D step=3/5 epoch=3/3 loss=0.2777 l2=0.2000 label_smoothing=0.000
D step=4/5 epoch=1/3 loss=0.2689 l2=0.2000 label_smoothing=0.000
D step=4/5 epoch=2/3 loss=0.2702 l2=0.2000 label_smoothing=0.000
D step=4/5 epoch=3/3 loss=0.2700 l2=0.2000 label_smoothing=0.000
D step=5/5 epoch=1/3 loss=0.2607 l2=0.2000 label_smoothing=0.000
D step=5/5 epoch=2/3 loss=0.2628 l2=0.2000 label_smoothing=0.000
D step=5/5 epoch=3/3 loss=0.2617 l2=0.2000 label_smoothing=0.000
ADV epoch=135/200 g_loss=0.0013 d_loss=0.2689 reward=0.1854 reward_var=0.0016 unique=0.0400
D step=1/5 epoch=1/3 loss=0.3103 l2=0.2000 label_smoothing=0.000
D step=1/5 epoch=2/3 loss=0.2809 l2=0.2000 label_smoothing=0.000
D step=1/5 epoch=3/3 loss=0.2838 l2=0.2000 label_smoothing=0.000
D step=2/5 epoch=1/3 loss=0.2857 l2=0.2000 label_smoothing=0.000
D step=2/5 epoch=2/3 loss=0.2827 l2=0.2000 label_smoothing=0.000
D step=2/5 epoch=3/3 loss=0.2770 l2=0.2000 label_smoothing=0.000
D step=3/5 epoch=1/3 loss=0.2484 l2=0.2000 label_smoothing=0.000
D step=3/5 epoch=2/3 loss=0.2460 l2=0.2000 label_smoothing=0.000
D step=3/5 epoch=3/3 loss=0.2434 l2=0.2000 label_smoothing=0.000
D step=4/5 epoch=1/3 loss=0.2768 l2=0.2000 label_smoothing=0.000
D step=4/5 epoch=2/3 loss=0.2788 l2=0.2000 label_smoothing=0.000
D step=4/5 epoch=3/3 loss=0.2805 l2=0.2000 label_smoothing=0.000
D step=5/5 epoch=1/3 loss=0.2749 l2=0.2000 label_smoothing=0.000
D step=5/5 epoch=2/3 loss=0.2747 l2=0.2000 label_smoothing=0.000
D step=5/5 epoch=3/3 loss=0.2759 l2=0.2000 label_smoothing=0.000
ADV epoch=136/200 g_loss=0.0009 d_loss=0.2747 reward=0.1710 reward_var=0.0004 unique=0.1000
D step=1/5 epoch=1/3 loss=0.2816 l2=0.2000 label_smoothing=0.000
D step=1/5 epoch=2/3 loss=0.2858 l2=0.2000 label_smoothing=0.000
D step=1/5 epoch=3/3 loss=0.2856 l2=0.2000 label_smoothing=0.000
D step=2/5 epoch=1/3 loss=0.3008 l2=0.2000 label_smoothing=0.000
D step=2/5 epoch=2/3 loss=0.2996 l2=0.2000 label_smoothing=0.000
D step=2/5 epoch=3/3 loss=0.2990 l2=0.2000 label_smoothing=0.000
D step=3/5 epoch=1/3 loss=0.3214 l2=0.2000 label_smoothing=0.000
D step=3/5 epoch=2/3 loss=0.3051 l2=0.2000 label_smoothing=0.000
D step=3/5 epoch=3/3 loss=0.2797 l2=0.2000 label_smoothing=0.000
D step=4/5 epoch=1/3 loss=0.2678 l2=0.2000 label_smoothing=0.000
D step=4/5 epoch=2/3 loss=0.2639 l2=0.2000 label_smoothing=0.000
D step=4/5 epoch=3/3 loss=0.2660 l2=0.2000 label_smoothing=0.000
D step=5/5 epoch=1/3 loss=0.2715 l2=0.2000 label_smoothing=0.000
D step=5/5 epoch=2/3 loss=0.2708 l2=0.2000 label_smoothing=0.000
D step=5/5 epoch=3/3 loss=0.2723 l2=0.2000 label_smoothing=0.000
ADV epoch=137/200 g_loss=0.0003 d_loss=0.2847 reward=0.1865 reward_var=0.0000 unique=0.0800
D step=1/5 epoch=1/3 loss=0.2753 l2=0.2000 label_smoothing=0.000
D step=1/5 epoch=2/3 loss=0.2722 l2=0.2000 label_smoothing=0.000
D step=1/5 epoch=3/3 loss=0.2764 l2=0.2000 label_smoothing=0.000
D step=2/5 epoch=1/3 loss=0.2886 l2=0.2000 label_smoothing=0.000
D step=2/5 epoch=2/3 loss=0.2891 l2=0.2000 label_smoothing=0.000
D step=2/5 epoch=3/3 loss=0.2876 l2=0.2000 label_smoothing=0.000
D step=3/5 epoch=1/3 loss=0.2961 l2=0.2000 label_smoothing=0.000
D step=3/5 epoch=2/3 loss=0.2623 l2=0.2000 label_smoothing=0.000
D step=3/5 epoch=3/3 loss=0.2642 l2=0.2000 label_smoothing=0.000
D step=4/5 epoch=1/3 loss=0.2665 l2=0.2000 label_smoothing=0.000
D step=4/5 epoch=2/3 loss=0.2644 l2=0.2000 label_smoothing=0.000
D step=4/5 epoch=3/3 loss=0.2650 l2=0.2000 label_smoothing=0.000
D step=5/5 epoch=1/3 loss=0.2890 l2=0.2000 label_smoothing=0.000
D step=5/5 epoch=2/3 loss=0.2910 l2=0.2000 label_smoothing=0.000
D step=5/5 epoch=3/3 loss=0.2840 l2=0.2000 label_smoothing=0.000
ADV epoch=138/200 g_loss=0.0014 d_loss=0.2781 reward=0.1704 reward_var=0.0008 unique=0.0200
D step=1/5 epoch=1/3 loss=0.2978 l2=0.2000 label_smoothing=0.000
D step=1/5 epoch=2/3 loss=0.2714 l2=0.2000 label_smoothing=0.000
D step=1/5 epoch=3/3 loss=0.2920 l2=0.2000 label_smoothing=0.000
D step=2/5 epoch=1/3 loss=0.2719 l2=0.2000 label_smoothing=0.000
D step=2/5 epoch=2/3 loss=0.2721 l2=0.2000 label_smoothing=0.000
D step=2/5 epoch=3/3 loss=0.2698 l2=0.2000 label_smoothing=0.000
D step=3/5 epoch=1/3 loss=0.2874 l2=0.2000 label_smoothing=0.000
D step=3/5 epoch=2/3 loss=0.2909 l2=0.2000 label_smoothing=0.000
D step=3/5 epoch=3/3 loss=0.2894 l2=0.2000 label_smoothing=0.000
D step=4/5 epoch=1/3 loss=0.2611 l2=0.2000 label_smoothing=0.000
D step=4/5 epoch=2/3 loss=0.2571 l2=0.2000 label_smoothing=0.000
D step=4/5 epoch=3/3 loss=0.2592 l2=0.2000 label_smoothing=0.000
D step=5/5 epoch=1/3 loss=0.3006 l2=0.2000 label_smoothing=0.000
D step=5/5 epoch=2/3 loss=0.3002 l2=0.2000 label_smoothing=0.000
D step=5/5 epoch=3/3 loss=0.3014 l2=0.2000 label_smoothing=0.000
ADV epoch=139/200 g_loss=0.0003 d_loss=0.2815 reward=0.1775 reward_var=0.0000 unique=0.0400
D step=1/5 epoch=1/3 loss=0.2572 l2=0.2000 label_smoothing=0.000
D step=1/5 epoch=2/3 loss=0.2564 l2=0.2000 label_smoothing=0.000
D step=1/5 epoch=3/3 loss=0.2623 l2=0.2000 label_smoothing=0.000
D step=2/5 epoch=1/3 loss=0.2888 l2=0.2000 label_smoothing=0.000
D step=2/5 epoch=2/3 loss=0.2867 l2=0.2000 label_smoothing=0.000
D step=2/5 epoch=3/3 loss=0.2873 l2=0.2000 label_smoothing=0.000
D step=3/5 epoch=1/3 loss=0.2712 l2=0.2000 label_smoothing=0.000
D step=3/5 epoch=2/3 loss=0.2699 l2=0.2000 label_smoothing=0.000
D step=3/5 epoch=3/3 loss=0.2717 l2=0.2000 label_smoothing=0.000
D step=4/5 epoch=1/3 loss=0.2833 l2=0.2000 label_smoothing=0.000
D step=4/5 epoch=2/3 loss=0.2755 l2=0.2000 label_smoothing=0.000
D step=4/5 epoch=3/3 loss=0.2796 l2=0.2000 label_smoothing=0.000
D step=5/5 epoch=1/3 loss=0.2791 l2=0.2000 label_smoothing=0.000
D step=5/5 epoch=2/3 loss=0.2787 l2=0.2000 label_smoothing=0.000
D step=5/5 epoch=3/3 loss=0.2778 l2=0.2000 label_smoothing=0.000
ADV epoch=140/200 g_loss=0.0005 d_loss=0.2750 reward=0.1825 reward_var=0.0005 unique=0.0400
D step=1/5 epoch=1/3 loss=0.2619 l2=0.2000 label_smoothing=0.000
D step=1/5 epoch=2/3 loss=0.2616 l2=0.2000 label_smoothing=0.000
D step=1/5 epoch=3/3 loss=0.2640 l2=0.2000 label_smoothing=0.000
D step=2/5 epoch=1/3 loss=0.2743 l2=0.2000 label_smoothing=0.000
D step=2/5 epoch=2/3 loss=0.2733 l2=0.2000 label_smoothing=0.000
D step=2/5 epoch=3/3 loss=0.2720 l2=0.2000 label_smoothing=0.000
D step=3/5 epoch=1/3 loss=0.2809 l2=0.2000 label_smoothing=0.000
D step=3/5 epoch=2/3 loss=0.2794 l2=0.2000 label_smoothing=0.000
D step=3/5 epoch=3/3 loss=0.2760 l2=0.2000 label_smoothing=0.000
D step=4/5 epoch=1/3 loss=0.3102 l2=0.2000 label_smoothing=0.000
D step=4/5 epoch=2/3 loss=0.3033 l2=0.2000 label_smoothing=0.000
D step=4/5 epoch=3/3 loss=0.3034 l2=0.2000 label_smoothing=0.000
D step=5/5 epoch=1/3 loss=0.2697 l2=0.2000 label_smoothing=0.000
D step=5/5 epoch=2/3 loss=0.2695 l2=0.2000 label_smoothing=0.000
D step=5/5 epoch=3/3 loss=0.2696 l2=0.2000 label_smoothing=0.000
ADV epoch=141/200 g_loss=0.0012 d_loss=0.2779 reward=0.1830 reward_var=0.0005 unique=0.0400
D step=1/5 epoch=1/3 loss=0.2797 l2=0.2000 label_smoothing=0.000
D step=1/5 epoch=2/3 loss=0.2796 l2=0.2000 label_smoothing=0.000
D step=1/5 epoch=3/3 loss=0.2803 l2=0.2000 label_smoothing=0.000
D step=2/5 epoch=1/3 loss=0.2704 l2=0.2000 label_smoothing=0.000
D step=2/5 epoch=2/3 loss=0.2696 l2=0.2000 label_smoothing=0.000
D step=2/5 epoch=3/3 loss=0.2713 l2=0.2000 label_smoothing=0.000
D step=3/5 epoch=1/3 loss=0.2899 l2=0.2000 label_smoothing=0.000
D step=3/5 epoch=2/3 loss=0.2881 l2=0.2000 label_smoothing=0.000
D step=3/5 epoch=3/3 loss=0.2898 l2=0.2000 label_smoothing=0.000
D step=4/5 epoch=1/3 loss=0.2982 l2=0.2000 label_smoothing=0.000
D step=4/5 epoch=2/3 loss=0.2788 l2=0.2000 label_smoothing=0.000
D step=4/5 epoch=3/3 loss=0.2804 l2=0.2000 label_smoothing=0.000
D step=5/5 epoch=1/3 loss=0.2690 l2=0.2000 label_smoothing=0.000
D step=5/5 epoch=2/3 loss=0.2722 l2=0.2000 label_smoothing=0.000
D step=5/5 epoch=3/3 loss=0.2682 l2=0.2000 label_smoothing=0.000
ADV epoch=142/200 g_loss=0.0002 d_loss=0.2790 reward=0.1703 reward_var=0.0004 unique=0.0800
D step=1/5 epoch=1/3 loss=0.2714 l2=0.2000 label_smoothing=0.000
D step=1/5 epoch=2/3 loss=0.2729 l2=0.2000 label_smoothing=0.000
D step=1/5 epoch=3/3 loss=0.2729 l2=0.2000 label_smoothing=0.000
D step=2/5 epoch=1/3 loss=0.2766 l2=0.2000 label_smoothing=0.000
D step=2/5 epoch=2/3 loss=0.2721 l2=0.2000 label_smoothing=0.000
D step=2/5 epoch=3/3 loss=0.2744 l2=0.2000 label_smoothing=0.000
D step=3/5 epoch=1/3 loss=0.3042 l2=0.2000 label_smoothing=0.000
D step=3/5 epoch=2/3 loss=0.2860 l2=0.2000 label_smoothing=0.000
D step=3/5 epoch=3/3 loss=0.2878 l2=0.2000 label_smoothing=0.000
D step=4/5 epoch=1/3 loss=0.2737 l2=0.2000 label_smoothing=0.000
D step=4/5 epoch=2/3 loss=0.2750 l2=0.2000 label_smoothing=0.000
D step=4/5 epoch=3/3 loss=0.2736 l2=0.2000 label_smoothing=0.000
D step=5/5 epoch=1/3 loss=0.2882 l2=0.2000 label_smoothing=0.000
D step=5/5 epoch=2/3 loss=0.2846 l2=0.2000 label_smoothing=0.000
D step=5/5 epoch=3/3 loss=0.2863 l2=0.2000 label_smoothing=0.000
ADV epoch=143/200 g_loss=0.0002 d_loss=0.2800 reward=0.1740 reward_var=0.0000 unique=0.0400
D step=1/5 epoch=1/3 loss=0.2781 l2=0.2000 label_smoothing=0.000
D step=1/5 epoch=2/3 loss=0.2729 l2=0.2000 label_smoothing=0.000
D step=1/5 epoch=3/3 loss=0.2785 l2=0.2000 label_smoothing=0.000
D step=2/5 epoch=1/3 loss=0.2875 l2=0.2000 label_smoothing=0.000
D step=2/5 epoch=2/3 loss=0.2887 l2=0.2000 label_smoothing=0.000
D step=2/5 epoch=3/3 loss=0.2839 l2=0.2000 label_smoothing=0.000
D step=3/5 epoch=1/3 loss=0.3025 l2=0.2000 label_smoothing=0.000
D step=3/5 epoch=2/3 loss=0.3018 l2=0.2000 label_smoothing=0.000
D step=3/5 epoch=3/3 loss=0.3077 l2=0.2000 label_smoothing=0.000
D step=4/5 epoch=1/3 loss=0.2936 l2=0.2000 label_smoothing=0.000
D step=4/5 epoch=2/3 loss=0.2744 l2=0.2000 label_smoothing=0.000
D step=4/5 epoch=3/3 loss=0.2717 l2=0.2000 label_smoothing=0.000
D step=5/5 epoch=1/3 loss=0.2739 l2=0.2000 label_smoothing=0.000
D step=5/5 epoch=2/3 loss=0.2731 l2=0.2000 label_smoothing=0.000
D step=5/5 epoch=3/3 loss=0.2718 l2=0.2000 label_smoothing=0.000
ADV epoch=144/200 g_loss=0.0002 d_loss=0.2840 reward=0.1774 reward_var=0.0004 unique=0.0200
D step=1/5 epoch=1/3 loss=0.2637 l2=0.2000 label_smoothing=0.000
D step=1/5 epoch=2/3 loss=0.2652 l2=0.2000 label_smoothing=0.000
D step=1/5 epoch=3/3 loss=0.2625 l2=0.2000 label_smoothing=0.000
D step=2/5 epoch=1/3 loss=0.2720 l2=0.2000 label_smoothing=0.000
D step=2/5 epoch=2/3 loss=0.2720 l2=0.2000 label_smoothing=0.000
D step=2/5 epoch=3/3 loss=0.2746 l2=0.2000 label_smoothing=0.000
D step=3/5 epoch=1/3 loss=0.2615 l2=0.2000 label_smoothing=0.000
D step=3/5 epoch=2/3 loss=0.2620 l2=0.2000 label_smoothing=0.000
D step=3/5 epoch=3/3 loss=0.2622 l2=0.2000 label_smoothing=0.000
D step=4/5 epoch=1/3 loss=0.2455 l2=0.2000 label_smoothing=0.000
D step=4/5 epoch=2/3 loss=0.2447 l2=0.2000 label_smoothing=0.000
D step=4/5 epoch=3/3 loss=0.2433 l2=0.2000 label_smoothing=0.000
D step=5/5 epoch=1/3 loss=0.2657 l2=0.2000 label_smoothing=0.000
D step=5/5 epoch=2/3 loss=0.2684 l2=0.2000 label_smoothing=0.000
D step=5/5 epoch=3/3 loss=0.2692 l2=0.2000 label_smoothing=0.000
ADV epoch=145/200 g_loss=0.0014 d_loss=0.2622 reward=0.1574 reward_var=0.0007 unique=0.0200
D step=1/5 epoch=1/3 loss=0.3672 l2=0.2000 label_smoothing=0.000
D step=1/5 epoch=2/3 loss=0.3303 l2=0.2000 label_smoothing=0.000
D step=1/5 epoch=3/3 loss=0.3026 l2=0.2000 label_smoothing=0.000
D step=2/5 epoch=1/3 loss=0.3005 l2=0.2000 label_smoothing=0.000
D step=2/5 epoch=2/3 loss=0.2962 l2=0.2000 label_smoothing=0.000
D step=2/5 epoch=3/3 loss=0.2975 l2=0.2000 label_smoothing=0.000
D step=3/5 epoch=1/3 loss=0.2955 l2=0.2000 label_smoothing=0.000
D step=3/5 epoch=2/3 loss=0.2939 l2=0.2000 label_smoothing=0.000
D step=3/5 epoch=3/3 loss=0.2919 l2=0.2000 label_smoothing=0.000
D step=4/5 epoch=1/3 loss=0.2823 l2=0.2000 label_smoothing=0.000
D step=4/5 epoch=2/3 loss=0.2582 l2=0.2000 label_smoothing=0.000
D step=4/5 epoch=3/3 loss=0.2573 l2=0.2000 label_smoothing=0.000
D step=5/5 epoch=1/3 loss=0.2708 l2=0.2000 label_smoothing=0.000
D step=5/5 epoch=2/3 loss=0.2766 l2=0.2000 label_smoothing=0.000
D step=5/5 epoch=3/3 loss=0.2747 l2=0.2000 label_smoothing=0.000
ADV epoch=146/200 g_loss=0.0069 d_loss=0.2930 reward=0.1612 reward_var=0.0021 unique=0.0400
D step=1/5 epoch=1/3 loss=0.2583 l2=0.2000 label_smoothing=0.000
D step=1/5 epoch=2/3 loss=0.2575 l2=0.2000 label_smoothing=0.000
D step=1/5 epoch=3/3 loss=0.2596 l2=0.2000 label_smoothing=0.000
D step=2/5 epoch=1/3 loss=0.2729 l2=0.2000 label_smoothing=0.000
D step=2/5 epoch=2/3 loss=0.2741 l2=0.2000 label_smoothing=0.000
D step=2/5 epoch=3/3 loss=0.2717 l2=0.2000 label_smoothing=0.000
D step=3/5 epoch=1/3 loss=0.2926 l2=0.2000 label_smoothing=0.000
D step=3/5 epoch=2/3 loss=0.2930 l2=0.2000 label_smoothing=0.000
D step=3/5 epoch=3/3 loss=0.2902 l2=0.2000 label_smoothing=0.000
D step=4/5 epoch=1/3 loss=0.2540 l2=0.2000 label_smoothing=0.000
D step=4/5 epoch=2/3 loss=0.2492 l2=0.2000 label_smoothing=0.000
D step=4/5 epoch=3/3 loss=0.2523 l2=0.2000 label_smoothing=0.000
D step=5/5 epoch=1/3 loss=0.3125 l2=0.2000 label_smoothing=0.000
D step=5/5 epoch=2/3 loss=0.2791 l2=0.2000 label_smoothing=0.000
D step=5/5 epoch=3/3 loss=0.2507 l2=0.2000 label_smoothing=0.000
ADV epoch=147/200 g_loss=0.0002 d_loss=0.2712 reward=0.1600 reward_var=0.0004 unique=0.0600
D step=1/5 epoch=1/3 loss=0.2901 l2=0.2000 label_smoothing=0.000
D step=1/5 epoch=2/3 loss=0.2870 l2=0.2000 label_smoothing=0.000
D step=1/5 epoch=3/3 loss=0.2858 l2=0.2000 label_smoothing=0.000
D step=2/5 epoch=1/3 loss=0.3554 l2=0.2000 label_smoothing=0.000
D step=2/5 epoch=2/3 loss=0.3368 l2=0.2000 label_smoothing=0.000
D step=2/5 epoch=3/3 loss=0.2934 l2=0.2000 label_smoothing=0.000
D step=3/5 epoch=1/3 loss=0.2899 l2=0.2000 label_smoothing=0.000
D step=3/5 epoch=2/3 loss=0.2869 l2=0.2000 label_smoothing=0.000
D step=3/5 epoch=3/3 loss=0.2885 l2=0.2000 label_smoothing=0.000
D step=4/5 epoch=1/3 loss=0.2799 l2=0.2000 label_smoothing=0.000
D step=4/5 epoch=2/3 loss=0.2815 l2=0.2000 label_smoothing=0.000
D step=4/5 epoch=3/3 loss=0.2799 l2=0.2000 label_smoothing=0.000
D step=5/5 epoch=1/3 loss=0.3266 l2=0.2000 label_smoothing=0.000
D step=5/5 epoch=2/3 loss=0.2964 l2=0.2000 label_smoothing=0.000
D step=5/5 epoch=3/3 loss=0.2790 l2=0.2000 label_smoothing=0.000
ADV epoch=148/200 g_loss=0.0001 d_loss=0.2971 reward=0.1591 reward_var=0.0001 unique=0.0200
D step=1/5 epoch=1/3 loss=0.3004 l2=0.2000 label_smoothing=0.000
D step=1/5 epoch=2/3 loss=0.3004 l2=0.2000 label_smoothing=0.000
D step=1/5 epoch=3/3 loss=0.2982 l2=0.2000 label_smoothing=0.000
D step=2/5 epoch=1/3 loss=0.3119 l2=0.2000 label_smoothing=0.000
D step=2/5 epoch=2/3 loss=0.3118 l2=0.2000 label_smoothing=0.000
D step=2/5 epoch=3/3 loss=0.3121 l2=0.2000 label_smoothing=0.000
D step=3/5 epoch=1/3 loss=0.2601 l2=0.2000 label_smoothing=0.000
D step=3/5 epoch=2/3 loss=0.2593 l2=0.2000 label_smoothing=0.000
D step=3/5 epoch=3/3 loss=0.2564 l2=0.2000 label_smoothing=0.000
D step=4/5 epoch=1/3 loss=0.2744 l2=0.2000 label_smoothing=0.000
D step=4/5 epoch=2/3 loss=0.2709 l2=0.2000 label_smoothing=0.000
D step=4/5 epoch=3/3 loss=0.2723 l2=0.2000 label_smoothing=0.000
D step=5/5 epoch=1/3 loss=0.2664 l2=0.2000 label_smoothing=0.000
D step=5/5 epoch=2/3 loss=0.2670 l2=0.2000 label_smoothing=0.000
D step=5/5 epoch=3/3 loss=0.2678 l2=0.2000 label_smoothing=0.000
ADV epoch=149/200 g_loss=0.0001 d_loss=0.2820 reward=0.1635 reward_var=0.0003 unique=0.0200
D step=1/5 epoch=1/3 loss=0.2665 l2=0.2000 label_smoothing=0.000
D step=1/5 epoch=2/3 loss=0.2657 l2=0.2000 label_smoothing=0.000
D step=1/5 epoch=3/3 loss=0.2641 l2=0.2000 label_smoothing=0.000
D step=2/5 epoch=1/3 loss=0.2875 l2=0.2000 label_smoothing=0.000
D step=2/5 epoch=2/3 loss=0.2897 l2=0.2000 label_smoothing=0.000
D step=2/5 epoch=3/3 loss=0.2899 l2=0.2000 label_smoothing=0.000
D step=3/5 epoch=1/3 loss=0.2668 l2=0.2000 label_smoothing=0.000
D step=3/5 epoch=2/3 loss=0.2671 l2=0.2000 label_smoothing=0.000
D step=3/5 epoch=3/3 loss=0.2653 l2=0.2000 label_smoothing=0.000
D step=4/5 epoch=1/3 loss=0.2642 l2=0.2000 label_smoothing=0.000
D step=4/5 epoch=2/3 loss=0.2666 l2=0.2000 label_smoothing=0.000
D step=4/5 epoch=3/3 loss=0.2666 l2=0.2000 label_smoothing=0.000
D step=5/5 epoch=1/3 loss=0.2876 l2=0.2000 label_smoothing=0.000
D step=5/5 epoch=2/3 loss=0.2868 l2=0.2000 label_smoothing=0.000
D step=5/5 epoch=3/3 loss=0.2841 l2=0.2000 label_smoothing=0.000
ADV epoch=150/200 g_loss=0.0020 d_loss=0.2746 reward=0.1665 reward_var=0.0012 unique=0.0600
D step=1/5 epoch=1/3 loss=0.3153 l2=0.2000 label_smoothing=0.000
D step=1/5 epoch=2/3 loss=0.3025 l2=0.2000 label_smoothing=0.000
D step=1/5 epoch=3/3 loss=0.2997 l2=0.2000 label_smoothing=0.000
D step=2/5 epoch=1/3 loss=0.3105 l2=0.2000 label_smoothing=0.000
D step=2/5 epoch=2/3 loss=0.3167 l2=0.2000 label_smoothing=0.000
D step=2/5 epoch=3/3 loss=0.2984 l2=0.2000 label_smoothing=0.000
D step=3/5 epoch=1/3 loss=0.2917 l2=0.2000 label_smoothing=0.000
D step=3/5 epoch=2/3 loss=0.2882 l2=0.2000 label_smoothing=0.000
D step=3/5 epoch=3/3 loss=0.2841 l2=0.2000 label_smoothing=0.000
D step=4/5 epoch=1/3 loss=0.2739 l2=0.2000 label_smoothing=0.000
D step=4/5 epoch=2/3 loss=0.2691 l2=0.2000 label_smoothing=0.000
D step=4/5 epoch=3/3 loss=0.2701 l2=0.2000 label_smoothing=0.000
D step=5/5 epoch=1/3 loss=0.2708 l2=0.2000 label_smoothing=0.000
D step=5/5 epoch=2/3 loss=0.2659 l2=0.2000 label_smoothing=0.000
D step=5/5 epoch=3/3 loss=0.2657 l2=0.2000 label_smoothing=0.000
ADV epoch=151/200 g_loss=0.0038 d_loss=0.2882 reward=0.1765 reward_var=0.0004 unique=0.0200
D step=1/5 epoch=1/3 loss=0.2667 l2=0.2000 label_smoothing=0.000
D step=1/5 epoch=2/3 loss=0.2620 l2=0.2000 label_smoothing=0.000
D step=1/5 epoch=3/3 loss=0.2640 l2=0.2000 label_smoothing=0.000
D step=2/5 epoch=1/3 loss=0.2718 l2=0.2000 label_smoothing=0.000
D step=2/5 epoch=2/3 loss=0.2735 l2=0.2000 label_smoothing=0.000
D step=2/5 epoch=3/3 loss=0.2747 l2=0.2000 label_smoothing=0.000
D step=3/5 epoch=1/3 loss=0.2938 l2=0.2000 label_smoothing=0.000
D step=3/5 epoch=2/3 loss=0.2966 l2=0.2000 label_smoothing=0.000
D step=3/5 epoch=3/3 loss=0.2957 l2=0.2000 label_smoothing=0.000
D step=4/5 epoch=1/3 loss=0.3133 l2=0.2000 label_smoothing=0.000
D step=4/5 epoch=2/3 loss=0.2793 l2=0.2000 label_smoothing=0.000
D step=4/5 epoch=3/3 loss=0.2813 l2=0.2000 label_smoothing=0.000
D step=5/5 epoch=1/3 loss=0.2832 l2=0.2000 label_smoothing=0.000
D step=5/5 epoch=2/3 loss=0.2786 l2=0.2000 label_smoothing=0.000
D step=5/5 epoch=3/3 loss=0.2830 l2=0.2000 label_smoothing=0.000
ADV epoch=152/200 g_loss=0.0001 d_loss=0.2812 reward=0.1661 reward_var=0.0000 unique=0.0600
D step=1/5 epoch=1/3 loss=0.2807 l2=0.2000 label_smoothing=0.000
D step=1/5 epoch=2/3 loss=0.2805 l2=0.2000 label_smoothing=0.000
D step=1/5 epoch=3/3 loss=0.2791 l2=0.2000 label_smoothing=0.000
D step=2/5 epoch=1/3 loss=0.3321 l2=0.2000 label_smoothing=0.000
D step=2/5 epoch=2/3 loss=0.2987 l2=0.2000 label_smoothing=0.000
D step=2/5 epoch=3/3 loss=0.2986 l2=0.2000 label_smoothing=0.000
D step=3/5 epoch=1/3 loss=0.2513 l2=0.2000 label_smoothing=0.000
D step=3/5 epoch=2/3 loss=0.2527 l2=0.2000 label_smoothing=0.000
D step=3/5 epoch=3/3 loss=0.2502 l2=0.2000 label_smoothing=0.000
D step=4/5 epoch=1/3 loss=0.2697 l2=0.2000 label_smoothing=0.000
D step=4/5 epoch=2/3 loss=0.2657 l2=0.2000 label_smoothing=0.000
D step=4/5 epoch=3/3 loss=0.2633 l2=0.2000 label_smoothing=0.000
D step=5/5 epoch=1/3 loss=0.2888 l2=0.2000 label_smoothing=0.000
D step=5/5 epoch=2/3 loss=0.2877 l2=0.2000 label_smoothing=0.000
D step=5/5 epoch=3/3 loss=0.2866 l2=0.2000 label_smoothing=0.000
ADV epoch=153/200 g_loss=0.0006 d_loss=0.2790 reward=0.1721 reward_var=0.0004 unique=0.0600
D step=1/5 epoch=1/3 loss=0.3161 l2=0.2000 label_smoothing=0.000
D step=1/5 epoch=2/3 loss=0.3138 l2=0.2000 label_smoothing=0.000
D step=1/5 epoch=3/3 loss=0.3138 l2=0.2000 label_smoothing=0.000
D step=2/5 epoch=1/3 loss=0.2829 l2=0.2000 label_smoothing=0.000
D step=2/5 epoch=2/3 loss=0.2784 l2=0.2000 label_smoothing=0.000
D step=2/5 epoch=3/3 loss=0.2795 l2=0.2000 label_smoothing=0.000
D step=3/5 epoch=1/3 loss=0.2771 l2=0.2000 label_smoothing=0.000
D step=3/5 epoch=2/3 loss=0.2806 l2=0.2000 label_smoothing=0.000
D step=3/5 epoch=3/3 loss=0.2758 l2=0.2000 label_smoothing=0.000
D step=4/5 epoch=1/3 loss=0.2838 l2=0.2000 label_smoothing=0.000
D step=4/5 epoch=2/3 loss=0.2857 l2=0.2000 label_smoothing=0.000
D step=4/5 epoch=3/3 loss=0.2870 l2=0.2000 label_smoothing=0.000
D step=5/5 epoch=1/3 loss=0.2870 l2=0.2000 label_smoothing=0.000
D step=5/5 epoch=2/3 loss=0.2868 l2=0.2000 label_smoothing=0.000
D step=5/5 epoch=3/3 loss=0.2867 l2=0.2000 label_smoothing=0.000
ADV epoch=154/200 g_loss=0.0001 d_loss=0.2890 reward=0.1796 reward_var=0.0000 unique=0.0400
D step=1/5 epoch=1/3 loss=0.3127 l2=0.2000 label_smoothing=0.000
D step=1/5 epoch=2/3 loss=0.2899 l2=0.2000 label_smoothing=0.000
D step=1/5 epoch=3/3 loss=0.2876 l2=0.2000 label_smoothing=0.000
D step=2/5 epoch=1/3 loss=0.2806 l2=0.2000 label_smoothing=0.000
D step=2/5 epoch=2/3 loss=0.2793 l2=0.2000 label_smoothing=0.000
D step=2/5 epoch=3/3 loss=0.2806 l2=0.2000 label_smoothing=0.000
D step=3/5 epoch=1/3 loss=0.3092 l2=0.2000 label_smoothing=0.000
D step=3/5 epoch=2/3 loss=0.3066 l2=0.2000 label_smoothing=0.000
D step=3/5 epoch=3/3 loss=0.3098 l2=0.2000 label_smoothing=0.000
D step=4/5 epoch=1/3 loss=0.2931 l2=0.2000 label_smoothing=0.000
D step=4/5 epoch=2/3 loss=0.2932 l2=0.2000 label_smoothing=0.000
D step=4/5 epoch=3/3 loss=0.2975 l2=0.2000 label_smoothing=0.000
D step=5/5 epoch=1/3 loss=0.2631 l2=0.2000 label_smoothing=0.000
D step=5/5 epoch=2/3 loss=0.2515 l2=0.2000 label_smoothing=0.000
D step=5/5 epoch=3/3 loss=0.2494 l2=0.2000 label_smoothing=0.000
ADV epoch=155/200 g_loss=0.0001 d_loss=0.2869 reward=0.1822 reward_var=0.0000 unique=0.0600
D step=1/5 epoch=1/3 loss=0.2725 l2=0.2000 label_smoothing=0.000
D step=1/5 epoch=2/3 loss=0.2736 l2=0.2000 label_smoothing=0.000
D step=1/5 epoch=3/3 loss=0.2718 l2=0.2000 label_smoothing=0.000
D step=2/5 epoch=1/3 loss=0.2725 l2=0.2000 label_smoothing=0.000
D step=2/5 epoch=2/3 loss=0.2779 l2=0.2000 label_smoothing=0.000
D step=2/5 epoch=3/3 loss=0.2734 l2=0.2000 label_smoothing=0.000
D step=3/5 epoch=1/3 loss=0.2631 l2=0.2000 label_smoothing=0.000
D step=3/5 epoch=2/3 loss=0.2649 l2=0.2000 label_smoothing=0.000
D step=3/5 epoch=3/3 loss=0.2677 l2=0.2000 label_smoothing=0.000
D step=4/5 epoch=1/3 loss=0.2915 l2=0.2000 label_smoothing=0.000
D step=4/5 epoch=2/3 loss=0.2877 l2=0.2000 label_smoothing=0.000
D step=4/5 epoch=3/3 loss=0.2853 l2=0.2000 label_smoothing=0.000
D step=5/5 epoch=1/3 loss=0.2570 l2=0.2000 label_smoothing=0.000
D step=5/5 epoch=2/3 loss=0.2613 l2=0.2000 label_smoothing=0.000
D step=5/5 epoch=3/3 loss=0.2612 l2=0.2000 label_smoothing=0.000
ADV epoch=156/200 g_loss=0.0001 d_loss=0.2721 reward=0.1604 reward_var=0.0000 unique=0.0400
D step=1/5 epoch=1/3 loss=0.3040 l2=0.2000 label_smoothing=0.000
D step=1/5 epoch=2/3 loss=0.2630 l2=0.2000 label_smoothing=0.000
D step=1/5 epoch=3/3 loss=0.2632 l2=0.2000 label_smoothing=0.000
D step=2/5 epoch=1/3 loss=0.2946 l2=0.2000 label_smoothing=0.000
D step=2/5 epoch=2/3 loss=0.2870 l2=0.2000 label_smoothing=0.000
D step=2/5 epoch=3/3 loss=0.2889 l2=0.2000 label_smoothing=0.000
D step=3/5 epoch=1/3 loss=0.2749 l2=0.2000 label_smoothing=0.000
D step=3/5 epoch=2/3 loss=0.2749 l2=0.2000 label_smoothing=0.000
D step=3/5 epoch=3/3 loss=0.2717 l2=0.2000 label_smoothing=0.000
D step=4/5 epoch=1/3 loss=0.2857 l2=0.2000 label_smoothing=0.000
D step=4/5 epoch=2/3 loss=0.2895 l2=0.2000 label_smoothing=0.000
D step=4/5 epoch=3/3 loss=0.2863 l2=0.2000 label_smoothing=0.000
D step=5/5 epoch=1/3 loss=0.3015 l2=0.2000 label_smoothing=0.000
D step=5/5 epoch=2/3 loss=0.3033 l2=0.2000 label_smoothing=0.000
D step=5/5 epoch=3/3 loss=0.3003 l2=0.2000 label_smoothing=0.000
ADV epoch=157/200 g_loss=0.0001 d_loss=0.2859 reward=0.1634 reward_var=0.0000 unique=0.0200
D step=1/5 epoch=1/3 loss=0.3007 l2=0.2000 label_smoothing=0.000
D step=1/5 epoch=2/3 loss=0.2766 l2=0.2000 label_smoothing=0.000
D step=1/5 epoch=3/3 loss=0.2716 l2=0.2000 label_smoothing=0.000
D step=2/5 epoch=1/3 loss=0.2874 l2=0.2000 label_smoothing=0.000
D step=2/5 epoch=2/3 loss=0.2913 l2=0.2000 label_smoothing=0.000
D step=2/5 epoch=3/3 loss=0.2871 l2=0.2000 label_smoothing=0.000
D step=3/5 epoch=1/3 loss=0.2765 l2=0.2000 label_smoothing=0.000
D step=3/5 epoch=2/3 loss=0.2731 l2=0.2000 label_smoothing=0.000
D step=3/5 epoch=3/3 loss=0.2743 l2=0.2000 label_smoothing=0.000
D step=4/5 epoch=1/3 loss=0.2948 l2=0.2000 label_smoothing=0.000
D step=4/5 epoch=2/3 loss=0.2928 l2=0.2000 label_smoothing=0.000
D step=4/5 epoch=3/3 loss=0.2924 l2=0.2000 label_smoothing=0.000
D step=5/5 epoch=1/3 loss=0.2771 l2=0.2000 label_smoothing=0.000
D step=5/5 epoch=2/3 loss=0.2827 l2=0.2000 label_smoothing=0.000
D step=5/5 epoch=3/3 loss=0.2792 l2=0.2000 label_smoothing=0.000
ADV epoch=158/200 g_loss=0.0001 d_loss=0.2838 reward=0.1865 reward_var=0.0005 unique=0.0400
D step=1/5 epoch=1/3 loss=0.2963 l2=0.2000 label_smoothing=0.000
D step=1/5 epoch=2/3 loss=0.3016 l2=0.2000 label_smoothing=0.000
D step=1/5 epoch=3/3 loss=0.3035 l2=0.2000 label_smoothing=0.000
D step=2/5 epoch=1/3 loss=0.3095 l2=0.2000 label_smoothing=0.000
D step=2/5 epoch=2/3 loss=0.3048 l2=0.2000 label_smoothing=0.000
D step=2/5 epoch=3/3 loss=0.3071 l2=0.2000 label_smoothing=0.000
D step=3/5 epoch=1/3 loss=0.2736 l2=0.2000 label_smoothing=0.000
D step=3/5 epoch=2/3 loss=0.2783 l2=0.2000 label_smoothing=0.000
D step=3/5 epoch=3/3 loss=0.2729 l2=0.2000 label_smoothing=0.000
D step=4/5 epoch=1/3 loss=0.2803 l2=0.2000 label_smoothing=0.000
D step=4/5 epoch=2/3 loss=0.2779 l2=0.2000 label_smoothing=0.000
D step=4/5 epoch=3/3 loss=0.2801 l2=0.2000 label_smoothing=0.000
D step=5/5 epoch=1/3 loss=0.2696 l2=0.2000 label_smoothing=0.000
D step=5/5 epoch=2/3 loss=0.2711 l2=0.2000 label_smoothing=0.000
D step=5/5 epoch=3/3 loss=0.2683 l2=0.2000 label_smoothing=0.000
ADV epoch=159/200 g_loss=0.0001 d_loss=0.2863 reward=0.1732 reward_var=0.0000 unique=0.0200
D step=1/5 epoch=1/3 loss=0.2800 l2=0.2000 label_smoothing=0.000
D step=1/5 epoch=2/3 loss=0.2803 l2=0.2000 label_smoothing=0.000
D step=1/5 epoch=3/3 loss=0.2839 l2=0.2000 label_smoothing=0.000
D step=2/5 epoch=1/3 loss=0.3253 l2=0.2000 label_smoothing=0.000
D step=2/5 epoch=2/3 loss=0.2829 l2=0.2000 label_smoothing=0.000
D step=2/5 epoch=3/3 loss=0.2798 l2=0.2000 label_smoothing=0.000
D step=3/5 epoch=1/3 loss=0.2891 l2=0.2000 label_smoothing=0.000
D step=3/5 epoch=2/3 loss=0.2856 l2=0.2000 label_smoothing=0.000
D step=3/5 epoch=3/3 loss=0.2846 l2=0.2000 label_smoothing=0.000
D step=4/5 epoch=1/3 loss=0.2877 l2=0.2000 label_smoothing=0.000
D step=4/5 epoch=2/3 loss=0.2946 l2=0.2000 label_smoothing=0.000
D step=4/5 epoch=3/3 loss=0.2911 l2=0.2000 label_smoothing=0.000
D step=5/5 epoch=1/3 loss=0.2822 l2=0.2000 label_smoothing=0.000
D step=5/5 epoch=2/3 loss=0.2772 l2=0.2000 label_smoothing=0.000
D step=5/5 epoch=3/3 loss=0.2791 l2=0.2000 label_smoothing=0.000
ADV epoch=160/200 g_loss=0.0001 d_loss=0.2869 reward=0.1600 reward_var=0.0005 unique=0.0400
D step=1/5 epoch=1/3 loss=0.2809 l2=0.2000 label_smoothing=0.000
D step=1/5 epoch=2/3 loss=0.2812 l2=0.2000 label_smoothing=0.000
D step=1/5 epoch=3/3 loss=0.2814 l2=0.2000 label_smoothing=0.000
D step=2/5 epoch=1/3 loss=0.2867 l2=0.2000 label_smoothing=0.000
D step=2/5 epoch=2/3 loss=0.2880 l2=0.2000 label_smoothing=0.000
D step=2/5 epoch=3/3 loss=0.2885 l2=0.2000 label_smoothing=0.000
D step=3/5 epoch=1/3 loss=0.2739 l2=0.2000 label_smoothing=0.000
D step=3/5 epoch=2/3 loss=0.2748 l2=0.2000 label_smoothing=0.000
D step=3/5 epoch=3/3 loss=0.2695 l2=0.2000 label_smoothing=0.000
D step=4/5 epoch=1/3 loss=0.3282 l2=0.2000 label_smoothing=0.000
D step=4/5 epoch=2/3 loss=0.2882 l2=0.2000 label_smoothing=0.000
D step=4/5 epoch=3/3 loss=0.2889 l2=0.2000 label_smoothing=0.000
D step=5/5 epoch=1/3 loss=0.2677 l2=0.2000 label_smoothing=0.000
D step=5/5 epoch=2/3 loss=0.2665 l2=0.2000 label_smoothing=0.000
D step=5/5 epoch=3/3 loss=0.2669 l2=0.2000 label_smoothing=0.000
ADV epoch=161/200 g_loss=0.0005 d_loss=0.2821 reward=0.1852 reward_var=0.0005 unique=0.0600
D step=1/5 epoch=1/3 loss=0.2821 l2=0.2000 label_smoothing=0.000
D step=1/5 epoch=2/3 loss=0.2772 l2=0.2000 label_smoothing=0.000
D step=1/5 epoch=3/3 loss=0.2787 l2=0.2000 label_smoothing=0.000
D step=2/5 epoch=1/3 loss=0.2947 l2=0.2000 label_smoothing=0.000
D step=2/5 epoch=2/3 loss=0.2978 l2=0.2000 label_smoothing=0.000
D step=2/5 epoch=3/3 loss=0.2956 l2=0.2000 label_smoothing=0.000
D step=3/5 epoch=1/3 loss=0.2858 l2=0.2000 label_smoothing=0.000
D step=3/5 epoch=2/3 loss=0.2853 l2=0.2000 label_smoothing=0.000
D step=3/5 epoch=3/3 loss=0.2877 l2=0.2000 label_smoothing=0.000
D step=4/5 epoch=1/3 loss=0.2872 l2=0.2000 label_smoothing=0.000
D step=4/5 epoch=2/3 loss=0.2859 l2=0.2000 label_smoothing=0.000
D step=4/5 epoch=3/3 loss=0.2862 l2=0.2000 label_smoothing=0.000
D step=5/5 epoch=1/3 loss=0.2732 l2=0.2000 label_smoothing=0.000
D step=5/5 epoch=2/3 loss=0.2737 l2=0.2000 label_smoothing=0.000
D step=5/5 epoch=3/3 loss=0.2758 l2=0.2000 label_smoothing=0.000
ADV epoch=162/200 g_loss=0.0008 d_loss=0.2845 reward=0.1664 reward_var=0.0007 unique=0.0200
D step=1/5 epoch=1/3 loss=0.2976 l2=0.2000 label_smoothing=0.000
D step=1/5 epoch=2/3 loss=0.2891 l2=0.2000 label_smoothing=0.000
D step=1/5 epoch=3/3 loss=0.2949 l2=0.2000 label_smoothing=0.000
D step=2/5 epoch=1/3 loss=0.2661 l2=0.2000 label_smoothing=0.000
D step=2/5 epoch=2/3 loss=0.2696 l2=0.2000 label_smoothing=0.000
D step=2/5 epoch=3/3 loss=0.2678 l2=0.2000 label_smoothing=0.000
D step=3/5 epoch=1/3 loss=0.2703 l2=0.2000 label_smoothing=0.000
D step=3/5 epoch=2/3 loss=0.2717 l2=0.2000 label_smoothing=0.000
D step=3/5 epoch=3/3 loss=0.2741 l2=0.2000 label_smoothing=0.000
D step=4/5 epoch=1/3 loss=0.2747 l2=0.2000 label_smoothing=0.000
D step=4/5 epoch=2/3 loss=0.2739 l2=0.2000 label_smoothing=0.000
D step=4/5 epoch=3/3 loss=0.2726 l2=0.2000 label_smoothing=0.000
D step=5/5 epoch=1/3 loss=0.2618 l2=0.2000 label_smoothing=0.000
D step=5/5 epoch=2/3 loss=0.2632 l2=0.2000 label_smoothing=0.000
D step=5/5 epoch=3/3 loss=0.2621 l2=0.2000 label_smoothing=0.000
ADV epoch=163/200 g_loss=0.0001 d_loss=0.2740 reward=0.1701 reward_var=0.0003 unique=0.0400
D step=1/5 epoch=1/3 loss=0.2935 l2=0.2000 label_smoothing=0.000
D step=1/5 epoch=2/3 loss=0.2964 l2=0.2000 label_smoothing=0.000
D step=1/5 epoch=3/3 loss=0.2952 l2=0.2000 label_smoothing=0.000
D step=2/5 epoch=1/3 loss=0.2737 l2=0.2000 label_smoothing=0.000
D step=2/5 epoch=2/3 loss=0.2720 l2=0.2000 label_smoothing=0.000
D step=2/5 epoch=3/3 loss=0.2737 l2=0.2000 label_smoothing=0.000
D step=3/5 epoch=1/3 loss=0.2877 l2=0.2000 label_smoothing=0.000
D step=3/5 epoch=2/3 loss=0.2884 l2=0.2000 label_smoothing=0.000
D step=3/5 epoch=3/3 loss=0.2884 l2=0.2000 label_smoothing=0.000
D step=4/5 epoch=1/3 loss=0.2942 l2=0.2000 label_smoothing=0.000
D step=4/5 epoch=2/3 loss=0.2944 l2=0.2000 label_smoothing=0.000
D step=4/5 epoch=3/3 loss=0.2957 l2=0.2000 label_smoothing=0.000
D step=5/5 epoch=1/3 loss=0.2681 l2=0.2000 label_smoothing=0.000
D step=5/5 epoch=2/3 loss=0.2670 l2=0.2000 label_smoothing=0.000
D step=5/5 epoch=3/3 loss=0.2676 l2=0.2000 label_smoothing=0.000
ADV epoch=164/200 g_loss=0.0001 d_loss=0.2837 reward=0.1688 reward_var=0.0000 unique=0.0200
D step=1/5 epoch=1/3 loss=0.2760 l2=0.2000 label_smoothing=0.000
D step=1/5 epoch=2/3 loss=0.2758 l2=0.2000 label_smoothing=0.000
D step=1/5 epoch=3/3 loss=0.2718 l2=0.2000 label_smoothing=0.000
D step=2/5 epoch=1/3 loss=0.2755 l2=0.2000 label_smoothing=0.000
D step=2/5 epoch=2/3 loss=0.2744 l2=0.2000 label_smoothing=0.000
D step=2/5 epoch=3/3 loss=0.2739 l2=0.2000 label_smoothing=0.000
D step=3/5 epoch=1/3 loss=0.2745 l2=0.2000 label_smoothing=0.000
D step=3/5 epoch=2/3 loss=0.2739 l2=0.2000 label_smoothing=0.000
D step=3/5 epoch=3/3 loss=0.2728 l2=0.2000 label_smoothing=0.000
D step=4/5 epoch=1/3 loss=0.3092 l2=0.2000 label_smoothing=0.000
D step=4/5 epoch=2/3 loss=0.3079 l2=0.2000 label_smoothing=0.000
D step=4/5 epoch=3/3 loss=0.3055 l2=0.2000 label_smoothing=0.000
D step=5/5 epoch=1/3 loss=0.3074 l2=0.2000 label_smoothing=0.000
D step=5/5 epoch=2/3 loss=0.3062 l2=0.2000 label_smoothing=0.000
D step=5/5 epoch=3/3 loss=0.3052 l2=0.2000 label_smoothing=0.000
ADV epoch=165/200 g_loss=0.0001 d_loss=0.2873 reward=0.1777 reward_var=0.0000 unique=0.0200
D step=1/5 epoch=1/3 loss=0.2999 l2=0.2000 label_smoothing=0.000
D step=1/5 epoch=2/3 loss=0.3006 l2=0.2000 label_smoothing=0.000
D step=1/5 epoch=3/3 loss=0.2976 l2=0.2000 label_smoothing=0.000
D step=2/5 epoch=1/3 loss=0.2760 l2=0.2000 label_smoothing=0.000
D step=2/5 epoch=2/3 loss=0.2737 l2=0.2000 label_smoothing=0.000
D step=2/5 epoch=3/3 loss=0.2719 l2=0.2000 label_smoothing=0.000
D step=3/5 epoch=1/3 loss=0.3052 l2=0.2000 label_smoothing=0.000
D step=3/5 epoch=2/3 loss=0.3110 l2=0.2000 label_smoothing=0.000
D step=3/5 epoch=3/3 loss=0.3056 l2=0.2000 label_smoothing=0.000
D step=4/5 epoch=1/3 loss=0.2788 l2=0.2000 label_smoothing=0.000
D step=4/5 epoch=2/3 loss=0.2820 l2=0.2000 label_smoothing=0.000
D step=4/5 epoch=3/3 loss=0.2813 l2=0.2000 label_smoothing=0.000
D step=5/5 epoch=1/3 loss=0.2875 l2=0.2000 label_smoothing=0.000
D step=5/5 epoch=2/3 loss=0.2857 l2=0.2000 label_smoothing=0.000
D step=5/5 epoch=3/3 loss=0.2871 l2=0.2000 label_smoothing=0.000
ADV epoch=166/200 g_loss=0.0001 d_loss=0.2896 reward=0.2052 reward_var=0.0000 unique=0.0200
D step=1/5 epoch=1/3 loss=0.3047 l2=0.2000 label_smoothing=0.000
D step=1/5 epoch=2/3 loss=0.3040 l2=0.2000 label_smoothing=0.000
D step=1/5 epoch=3/3 loss=0.3052 l2=0.2000 label_smoothing=0.000
D step=2/5 epoch=1/3 loss=0.2697 l2=0.2000 label_smoothing=0.000
D step=2/5 epoch=2/3 loss=0.2677 l2=0.2000 label_smoothing=0.000
D step=2/5 epoch=3/3 loss=0.2660 l2=0.2000 label_smoothing=0.000
D step=3/5 epoch=1/3 loss=0.2937 l2=0.2000 label_smoothing=0.000
D step=3/5 epoch=2/3 loss=0.2741 l2=0.2000 label_smoothing=0.000
D step=3/5 epoch=3/3 loss=0.2737 l2=0.2000 label_smoothing=0.000
D step=4/5 epoch=1/3 loss=0.2733 l2=0.2000 label_smoothing=0.000
D step=4/5 epoch=2/3 loss=0.2718 l2=0.2000 label_smoothing=0.000
D step=4/5 epoch=3/3 loss=0.2735 l2=0.2000 label_smoothing=0.000
D step=5/5 epoch=1/3 loss=0.2873 l2=0.2000 label_smoothing=0.000
D step=5/5 epoch=2/3 loss=0.2911 l2=0.2000 label_smoothing=0.000
D step=5/5 epoch=3/3 loss=0.2852 l2=0.2000 label_smoothing=0.000
ADV epoch=167/200 g_loss=0.0001 d_loss=0.2827 reward=0.1761 reward_var=0.0002 unique=0.0200
D step=1/5 epoch=1/3 loss=0.2887 l2=0.2000 label_smoothing=0.000
D step=1/5 epoch=2/3 loss=0.2864 l2=0.2000 label_smoothing=0.000
D step=1/5 epoch=3/3 loss=0.2848 l2=0.2000 label_smoothing=0.000
D step=2/5 epoch=1/3 loss=0.2614 l2=0.2000 label_smoothing=0.000
D step=2/5 epoch=2/3 loss=0.2613 l2=0.2000 label_smoothing=0.000
D step=2/5 epoch=3/3 loss=0.2616 l2=0.2000 label_smoothing=0.000
D step=3/5 epoch=1/3 loss=0.2668 l2=0.2000 label_smoothing=0.000
D step=3/5 epoch=2/3 loss=0.2649 l2=0.2000 label_smoothing=0.000
D step=3/5 epoch=3/3 loss=0.2669 l2=0.2000 label_smoothing=0.000
D step=4/5 epoch=1/3 loss=0.2662 l2=0.2000 label_smoothing=0.000
D step=4/5 epoch=2/3 loss=0.2665 l2=0.2000 label_smoothing=0.000
D step=4/5 epoch=3/3 loss=0.2684 l2=0.2000 label_smoothing=0.000
D step=5/5 epoch=1/3 loss=0.2920 l2=0.2000 label_smoothing=0.000
D step=5/5 epoch=2/3 loss=0.2912 l2=0.2000 label_smoothing=0.000
D step=5/5 epoch=3/3 loss=0.2940 l2=0.2000 label_smoothing=0.000
ADV epoch=168/200 g_loss=0.0001 d_loss=0.2747 reward=0.1810 reward_var=0.0000 unique=0.0200
D step=1/5 epoch=1/3 loss=0.2593 l2=0.2000 label_smoothing=0.000
D step=1/5 epoch=2/3 loss=0.2602 l2=0.2000 label_smoothing=0.000
D step=1/5 epoch=3/3 loss=0.2630 l2=0.2000 label_smoothing=0.000
D step=2/5 epoch=1/3 loss=0.2663 l2=0.2000 label_smoothing=0.000
D step=2/5 epoch=2/3 loss=0.2622 l2=0.2000 label_smoothing=0.000
D step=2/5 epoch=3/3 loss=0.2671 l2=0.2000 label_smoothing=0.000
D step=3/5 epoch=1/3 loss=0.3091 l2=0.2000 label_smoothing=0.000
D step=3/5 epoch=2/3 loss=0.2710 l2=0.2000 label_smoothing=0.000
D step=3/5 epoch=3/3 loss=0.2728 l2=0.2000 label_smoothing=0.000
D step=4/5 epoch=1/3 loss=0.2737 l2=0.2000 label_smoothing=0.000
D step=4/5 epoch=2/3 loss=0.2761 l2=0.2000 label_smoothing=0.000
D step=4/5 epoch=3/3 loss=0.2751 l2=0.2000 label_smoothing=0.000
D step=5/5 epoch=1/3 loss=0.2655 l2=0.2000 label_smoothing=0.000
D step=5/5 epoch=2/3 loss=0.2640 l2=0.2000 label_smoothing=0.000
D step=5/5 epoch=3/3 loss=0.2637 l2=0.2000 label_smoothing=0.000
ADV epoch=169/200 g_loss=0.0012 d_loss=0.2700 reward=0.1770 reward_var=0.0005 unique=0.0400
D step=1/5 epoch=1/3 loss=0.3060 l2=0.2000 label_smoothing=0.000
D step=1/5 epoch=2/3 loss=0.3007 l2=0.2000 label_smoothing=0.000
D step=1/5 epoch=3/3 loss=0.3000 l2=0.2000 label_smoothing=0.000
D step=2/5 epoch=1/3 loss=0.2669 l2=0.2000 label_smoothing=0.000
D step=2/5 epoch=2/3 loss=0.2671 l2=0.2000 label_smoothing=0.000
D step=2/5 epoch=3/3 loss=0.2701 l2=0.2000 label_smoothing=0.000
D step=3/5 epoch=1/3 loss=0.2744 l2=0.2000 label_smoothing=0.000
D step=3/5 epoch=2/3 loss=0.2712 l2=0.2000 label_smoothing=0.000
D step=3/5 epoch=3/3 loss=0.2749 l2=0.2000 label_smoothing=0.000
D step=4/5 epoch=1/3 loss=0.2791 l2=0.2000 label_smoothing=0.000
D step=4/5 epoch=2/3 loss=0.2802 l2=0.2000 label_smoothing=0.000
D step=4/5 epoch=3/3 loss=0.2776 l2=0.2000 label_smoothing=0.000
D step=5/5 epoch=1/3 loss=0.2929 l2=0.2000 label_smoothing=0.000
D step=5/5 epoch=2/3 loss=0.2959 l2=0.2000 label_smoothing=0.000
D step=5/5 epoch=3/3 loss=0.2945 l2=0.2000 label_smoothing=0.000
ADV epoch=170/200 g_loss=0.0001 d_loss=0.2834 reward=0.1686 reward_var=0.0001 unique=0.0400
D step=1/5 epoch=1/3 loss=0.2854 l2=0.2000 label_smoothing=0.000
D step=1/5 epoch=2/3 loss=0.2836 l2=0.2000 label_smoothing=0.000
D step=1/5 epoch=3/3 loss=0.2848 l2=0.2000 label_smoothing=0.000
D step=2/5 epoch=1/3 loss=0.2923 l2=0.2000 label_smoothing=0.000
D step=2/5 epoch=2/3 loss=0.2922 l2=0.2000 label_smoothing=0.000
D step=2/5 epoch=3/3 loss=0.2952 l2=0.2000 label_smoothing=0.000
D step=3/5 epoch=1/3 loss=0.2672 l2=0.2000 label_smoothing=0.000
D step=3/5 epoch=2/3 loss=0.2665 l2=0.2000 label_smoothing=0.000
D step=3/5 epoch=3/3 loss=0.2694 l2=0.2000 label_smoothing=0.000
D step=4/5 epoch=1/3 loss=0.2876 l2=0.2000 label_smoothing=0.000
D step=4/5 epoch=2/3 loss=0.2877 l2=0.2000 label_smoothing=0.000
D step=4/5 epoch=3/3 loss=0.2862 l2=0.2000 label_smoothing=0.000
D step=5/5 epoch=1/3 loss=0.2730 l2=0.2000 label_smoothing=0.000
D step=5/5 epoch=2/3 loss=0.2754 l2=0.2000 label_smoothing=0.000
D step=5/5 epoch=3/3 loss=0.2757 l2=0.2000 label_smoothing=0.000
ADV epoch=171/200 g_loss=0.0001 d_loss=0.2815 reward=0.1816 reward_var=0.0007 unique=0.0200
D step=1/5 epoch=1/3 loss=0.3038 l2=0.2000 label_smoothing=0.000
D step=1/5 epoch=2/3 loss=0.2981 l2=0.2000 label_smoothing=0.000
D step=1/5 epoch=3/3 loss=0.3020 l2=0.2000 label_smoothing=0.000
D step=2/5 epoch=1/3 loss=0.2960 l2=0.2000 label_smoothing=0.000
D step=2/5 epoch=2/3 loss=0.2906 l2=0.2000 label_smoothing=0.000
D step=2/5 epoch=3/3 loss=0.2940 l2=0.2000 label_smoothing=0.000
D step=3/5 epoch=1/3 loss=0.2824 l2=0.2000 label_smoothing=0.000
D step=3/5 epoch=2/3 loss=0.2762 l2=0.2000 label_smoothing=0.000
D step=3/5 epoch=3/3 loss=0.2783 l2=0.2000 label_smoothing=0.000
D step=4/5 epoch=1/3 loss=0.3025 l2=0.2000 label_smoothing=0.000
D step=4/5 epoch=2/3 loss=0.3082 l2=0.2000 label_smoothing=0.000
D step=4/5 epoch=3/3 loss=0.3049 l2=0.2000 label_smoothing=0.000
D step=5/5 epoch=1/3 loss=0.2962 l2=0.2000 label_smoothing=0.000
D step=5/5 epoch=2/3 loss=0.2931 l2=0.2000 label_smoothing=0.000
D step=5/5 epoch=3/3 loss=0.2972 l2=0.2000 label_smoothing=0.000
ADV epoch=172/200 g_loss=0.0001 d_loss=0.2949 reward=0.1778 reward_var=0.0000 unique=0.0200
D step=1/5 epoch=1/3 loss=0.2655 l2=0.2000 label_smoothing=0.000
D step=1/5 epoch=2/3 loss=0.2661 l2=0.2000 label_smoothing=0.000
D step=1/5 epoch=3/3 loss=0.2669 l2=0.2000 label_smoothing=0.000
D step=2/5 epoch=1/3 loss=0.2683 l2=0.2000 label_smoothing=0.000
D step=2/5 epoch=2/3 loss=0.2646 l2=0.2000 label_smoothing=0.000
D step=2/5 epoch=3/3 loss=0.2665 l2=0.2000 label_smoothing=0.000
D step=3/5 epoch=1/3 loss=0.2841 l2=0.2000 label_smoothing=0.000
D step=3/5 epoch=2/3 loss=0.2824 l2=0.2000 label_smoothing=0.000
D step=3/5 epoch=3/3 loss=0.2769 l2=0.2000 label_smoothing=0.000
D step=4/5 epoch=1/3 loss=0.2822 l2=0.2000 label_smoothing=0.000
D step=4/5 epoch=2/3 loss=0.2831 l2=0.2000 label_smoothing=0.000
D step=4/5 epoch=3/3 loss=0.2813 l2=0.2000 label_smoothing=0.000
D step=5/5 epoch=1/3 loss=0.2833 l2=0.2000 label_smoothing=0.000
D step=5/5 epoch=2/3 loss=0.2818 l2=0.2000 label_smoothing=0.000
D step=5/5 epoch=3/3 loss=0.2787 l2=0.2000 label_smoothing=0.000
ADV epoch=173/200 g_loss=0.0001 d_loss=0.2754 reward=0.1963 reward_var=0.0000 unique=0.0200
D step=1/5 epoch=1/3 loss=0.2925 l2=0.2000 label_smoothing=0.000
D step=1/5 epoch=2/3 loss=0.2924 l2=0.2000 label_smoothing=0.000
D step=1/5 epoch=3/3 loss=0.2922 l2=0.2000 label_smoothing=0.000
D step=2/5 epoch=1/3 loss=0.2840 l2=0.2000 label_smoothing=0.000
D step=2/5 epoch=2/3 loss=0.2875 l2=0.2000 label_smoothing=0.000
D step=2/5 epoch=3/3 loss=0.2897 l2=0.2000 label_smoothing=0.000
D step=3/5 epoch=1/3 loss=0.3083 l2=0.2000 label_smoothing=0.000
D step=3/5 epoch=2/3 loss=0.3061 l2=0.2000 label_smoothing=0.000
D step=3/5 epoch=3/3 loss=0.3047 l2=0.2000 label_smoothing=0.000
D step=4/5 epoch=1/3 loss=0.2676 l2=0.2000 label_smoothing=0.000
D step=4/5 epoch=2/3 loss=0.2654 l2=0.2000 label_smoothing=0.000
D step=4/5 epoch=3/3 loss=0.2651 l2=0.2000 label_smoothing=0.000
D step=5/5 epoch=1/3 loss=0.2798 l2=0.2000 label_smoothing=0.000
D step=5/5 epoch=2/3 loss=0.2808 l2=0.2000 label_smoothing=0.000
D step=5/5 epoch=3/3 loss=0.2838 l2=0.2000 label_smoothing=0.000
ADV epoch=174/200 g_loss=0.0001 d_loss=0.2867 reward=0.1793 reward_var=0.0000 unique=0.0400
D step=1/5 epoch=1/3 loss=0.2813 l2=0.2000 label_smoothing=0.000
D step=1/5 epoch=2/3 loss=0.2809 l2=0.2000 label_smoothing=0.000
D step=1/5 epoch=3/3 loss=0.2808 l2=0.2000 label_smoothing=0.000
D step=2/5 epoch=1/3 loss=0.2645 l2=0.2000 label_smoothing=0.000
D step=2/5 epoch=2/3 loss=0.2649 l2=0.2000 label_smoothing=0.000
D step=2/5 epoch=3/3 loss=0.2665 l2=0.2000 label_smoothing=0.000
D step=3/5 epoch=1/3 loss=0.2683 l2=0.2000 label_smoothing=0.000
D step=3/5 epoch=2/3 loss=0.2668 l2=0.2000 label_smoothing=0.000
D step=3/5 epoch=3/3 loss=0.2612 l2=0.2000 label_smoothing=0.000
D step=4/5 epoch=1/3 loss=0.2868 l2=0.2000 label_smoothing=0.000
D step=4/5 epoch=2/3 loss=0.2847 l2=0.2000 label_smoothing=0.000
D step=4/5 epoch=3/3 loss=0.2911 l2=0.2000 label_smoothing=0.000
D step=5/5 epoch=1/3 loss=0.2814 l2=0.2000 label_smoothing=0.000
D step=5/5 epoch=2/3 loss=0.2812 l2=0.2000 label_smoothing=0.000
D step=5/5 epoch=3/3 loss=0.2761 l2=0.2000 label_smoothing=0.000
ADV epoch=175/200 g_loss=0.0001 d_loss=0.2758 reward=0.1748 reward_var=0.0001 unique=0.0600
D step=1/5 epoch=1/3 loss=0.2706 l2=0.2000 label_smoothing=0.000
D step=1/5 epoch=2/3 loss=0.2674 l2=0.2000 label_smoothing=0.000
D step=1/5 epoch=3/3 loss=0.2683 l2=0.2000 label_smoothing=0.000
D step=2/5 epoch=1/3 loss=0.2810 l2=0.2000 label_smoothing=0.000
D step=2/5 epoch=2/3 loss=0.2809 l2=0.2000 label_smoothing=0.000
D step=2/5 epoch=3/3 loss=0.2786 l2=0.2000 label_smoothing=0.000
D step=3/5 epoch=1/3 loss=0.2911 l2=0.2000 label_smoothing=0.000
D step=3/5 epoch=2/3 loss=0.2926 l2=0.2000 label_smoothing=0.000
D step=3/5 epoch=3/3 loss=0.2902 l2=0.2000 label_smoothing=0.000
D step=4/5 epoch=1/3 loss=0.3029 l2=0.2000 label_smoothing=0.000
D step=4/5 epoch=2/3 loss=0.2978 l2=0.2000 label_smoothing=0.000
D step=4/5 epoch=3/3 loss=0.2976 l2=0.2000 label_smoothing=0.000
D step=5/5 epoch=1/3 loss=0.2797 l2=0.2000 label_smoothing=0.000
D step=5/5 epoch=2/3 loss=0.2843 l2=0.2000 label_smoothing=0.000
D step=5/5 epoch=3/3 loss=0.2790 l2=0.2000 label_smoothing=0.000
ADV epoch=176/200 g_loss=0.0025 d_loss=0.2841 reward=0.1737 reward_var=0.0004 unique=0.0400
D step=1/5 epoch=1/3 loss=0.2909 l2=0.2000 label_smoothing=0.000
D step=1/5 epoch=2/3 loss=0.2866 l2=0.2000 label_smoothing=0.000
D step=1/5 epoch=3/3 loss=0.2886 l2=0.2000 label_smoothing=0.000
D step=2/5 epoch=1/3 loss=0.2818 l2=0.2000 label_smoothing=0.000
D step=2/5 epoch=2/3 loss=0.2796 l2=0.2000 label_smoothing=0.000
D step=2/5 epoch=3/3 loss=0.2812 l2=0.2000 label_smoothing=0.000
D step=3/5 epoch=1/3 loss=0.3078 l2=0.2000 label_smoothing=0.000
D step=3/5 epoch=2/3 loss=0.3115 l2=0.2000 label_smoothing=0.000
D step=3/5 epoch=3/3 loss=0.3069 l2=0.2000 label_smoothing=0.000
D step=4/5 epoch=1/3 loss=0.3118 l2=0.2000 label_smoothing=0.000
D step=4/5 epoch=2/3 loss=0.3135 l2=0.2000 label_smoothing=0.000
D step=4/5 epoch=3/3 loss=0.3109 l2=0.2000 label_smoothing=0.000
D step=5/5 epoch=1/3 loss=0.2833 l2=0.2000 label_smoothing=0.000
D step=5/5 epoch=2/3 loss=0.2796 l2=0.2000 label_smoothing=0.000
D step=5/5 epoch=3/3 loss=0.2816 l2=0.2000 label_smoothing=0.000
ADV epoch=177/200 g_loss=0.0001 d_loss=0.2944 reward=0.1689 reward_var=0.0000 unique=0.0200
D step=1/5 epoch=1/3 loss=0.2471 l2=0.2000 label_smoothing=0.000
D step=1/5 epoch=2/3 loss=0.2444 l2=0.2000 label_smoothing=0.000
D step=1/5 epoch=3/3 loss=0.2461 l2=0.2000 label_smoothing=0.000
D step=2/5 epoch=1/3 loss=0.2920 l2=0.2000 label_smoothing=0.000
D step=2/5 epoch=2/3 loss=0.2519 l2=0.2000 label_smoothing=0.000
D step=2/5 epoch=3/3 loss=0.2565 l2=0.2000 label_smoothing=0.000
D step=3/5 epoch=1/3 loss=0.2672 l2=0.2000 label_smoothing=0.000
D step=3/5 epoch=2/3 loss=0.2631 l2=0.2000 label_smoothing=0.000
D step=3/5 epoch=3/3 loss=0.2662 l2=0.2000 label_smoothing=0.000
D step=4/5 epoch=1/3 loss=0.2823 l2=0.2000 label_smoothing=0.000
D step=4/5 epoch=2/3 loss=0.2806 l2=0.2000 label_smoothing=0.000
D step=4/5 epoch=3/3 loss=0.2804 l2=0.2000 label_smoothing=0.000
D step=5/5 epoch=1/3 loss=0.2777 l2=0.2000 label_smoothing=0.000
D step=5/5 epoch=2/3 loss=0.2816 l2=0.2000 label_smoothing=0.000
D step=5/5 epoch=3/3 loss=0.2801 l2=0.2000 label_smoothing=0.000
ADV epoch=178/200 g_loss=0.0001 d_loss=0.2678 reward=0.1733 reward_var=0.0000 unique=0.0400
D step=1/5 epoch=1/3 loss=0.3138 l2=0.2000 label_smoothing=0.000
D step=1/5 epoch=2/3 loss=0.3120 l2=0.2000 label_smoothing=0.000
D step=1/5 epoch=3/3 loss=0.3115 l2=0.2000 label_smoothing=0.000
D step=2/5 epoch=1/3 loss=0.2711 l2=0.2000 label_smoothing=0.000
D step=2/5 epoch=2/3 loss=0.2725 l2=0.2000 label_smoothing=0.000
D step=2/5 epoch=3/3 loss=0.2715 l2=0.2000 label_smoothing=0.000
D step=3/5 epoch=1/3 loss=0.2677 l2=0.2000 label_smoothing=0.000
D step=3/5 epoch=2/3 loss=0.2715 l2=0.2000 label_smoothing=0.000
D step=3/5 epoch=3/3 loss=0.2739 l2=0.2000 label_smoothing=0.000
D step=4/5 epoch=1/3 loss=0.2792 l2=0.2000 label_smoothing=0.000
D step=4/5 epoch=2/3 loss=0.2735 l2=0.2000 label_smoothing=0.000
D step=4/5 epoch=3/3 loss=0.2684 l2=0.2000 label_smoothing=0.000
D step=5/5 epoch=1/3 loss=0.2812 l2=0.2000 label_smoothing=0.000
D step=5/5 epoch=2/3 loss=0.2835 l2=0.2000 label_smoothing=0.000
D step=5/5 epoch=3/3 loss=0.2838 l2=0.2000 label_smoothing=0.000
ADV epoch=179/200 g_loss=0.0001 d_loss=0.2823 reward=0.1757 reward_var=0.0001 unique=0.0200
D step=1/5 epoch=1/3 loss=0.3057 l2=0.2000 label_smoothing=0.000
D step=1/5 epoch=2/3 loss=0.3091 l2=0.2000 label_smoothing=0.000
D step=1/5 epoch=3/3 loss=0.3087 l2=0.2000 label_smoothing=0.000
D step=2/5 epoch=1/3 loss=0.2876 l2=0.2000 label_smoothing=0.000
D step=2/5 epoch=2/3 loss=0.2898 l2=0.2000 label_smoothing=0.000
D step=2/5 epoch=3/3 loss=0.2871 l2=0.2000 label_smoothing=0.000
D step=3/5 epoch=1/3 loss=0.2823 l2=0.2000 label_smoothing=0.000
D step=3/5 epoch=2/3 loss=0.2815 l2=0.2000 label_smoothing=0.000
D step=3/5 epoch=3/3 loss=0.2778 l2=0.2000 label_smoothing=0.000
D step=4/5 epoch=1/3 loss=0.2686 l2=0.2000 label_smoothing=0.000
D step=4/5 epoch=2/3 loss=0.2679 l2=0.2000 label_smoothing=0.000
D step=4/5 epoch=3/3 loss=0.2678 l2=0.2000 label_smoothing=0.000
D step=5/5 epoch=1/3 loss=0.2897 l2=0.2000 label_smoothing=0.000
D step=5/5 epoch=2/3 loss=0.2890 l2=0.2000 label_smoothing=0.000
D step=5/5 epoch=3/3 loss=0.2885 l2=0.2000 label_smoothing=0.000
ADV epoch=180/200 g_loss=0.0001 d_loss=0.2867 reward=0.1806 reward_var=0.0000 unique=0.0400
D step=1/5 epoch=1/3 loss=0.2680 l2=0.2000 label_smoothing=0.000
D step=1/5 epoch=2/3 loss=0.2657 l2=0.2000 label_smoothing=0.000
D step=1/5 epoch=3/3 loss=0.2650 l2=0.2000 label_smoothing=0.000
D step=2/5 epoch=1/3 loss=0.3357 l2=0.2000 label_smoothing=0.000
D step=2/5 epoch=2/3 loss=0.3192 l2=0.2000 label_smoothing=0.000
D step=2/5 epoch=3/3 loss=0.2806 l2=0.2000 label_smoothing=0.000
D step=3/5 epoch=1/3 loss=0.2788 l2=0.2000 label_smoothing=0.000
D step=3/5 epoch=2/3 loss=0.2812 l2=0.2000 label_smoothing=0.000
D step=3/5 epoch=3/3 loss=0.2816 l2=0.2000 label_smoothing=0.000
D step=4/5 epoch=1/3 loss=0.3105 l2=0.2000 label_smoothing=0.000
D step=4/5 epoch=2/3 loss=0.2881 l2=0.2000 label_smoothing=0.000
D step=4/5 epoch=3/3 loss=0.2885 l2=0.2000 label_smoothing=0.000
D step=5/5 epoch=1/3 loss=0.2886 l2=0.2000 label_smoothing=0.000
D step=5/5 epoch=2/3 loss=0.2841 l2=0.2000 label_smoothing=0.000
D step=5/5 epoch=3/3 loss=0.2877 l2=0.2000 label_smoothing=0.000
ADV epoch=181/200 g_loss=0.0001 d_loss=0.2882 reward=0.1738 reward_var=0.0000 unique=0.0200
D step=1/5 epoch=1/3 loss=0.2805 l2=0.2000 label_smoothing=0.000
D step=1/5 epoch=2/3 loss=0.2814 l2=0.2000 label_smoothing=0.000
D step=1/5 epoch=3/3 loss=0.2831 l2=0.2000 label_smoothing=0.000
D step=2/5 epoch=1/3 loss=0.2933 l2=0.2000 label_smoothing=0.000
D step=2/5 epoch=2/3 loss=0.2931 l2=0.2000 label_smoothing=0.000
D step=2/5 epoch=3/3 loss=0.2921 l2=0.2000 label_smoothing=0.000
D step=3/5 epoch=1/3 loss=0.2430 l2=0.2000 label_smoothing=0.000
D step=3/5 epoch=2/3 loss=0.2411 l2=0.2000 label_smoothing=0.000
D step=3/5 epoch=3/3 loss=0.2411 l2=0.2000 label_smoothing=0.000
D step=4/5 epoch=1/3 loss=0.2745 l2=0.2000 label_smoothing=0.000
D step=4/5 epoch=2/3 loss=0.2739 l2=0.2000 label_smoothing=0.000
D step=4/5 epoch=3/3 loss=0.2724 l2=0.2000 label_smoothing=0.000
D step=5/5 epoch=1/3 loss=0.2902 l2=0.2000 label_smoothing=0.000
D step=5/5 epoch=2/3 loss=0.2875 l2=0.2000 label_smoothing=0.000
D step=5/5 epoch=3/3 loss=0.2857 l2=0.2000 label_smoothing=0.000
ADV epoch=182/200 g_loss=0.0001 d_loss=0.2755 reward=0.1813 reward_var=0.0005 unique=0.0600
D step=1/5 epoch=1/3 loss=0.2690 l2=0.2000 label_smoothing=0.000
D step=1/5 epoch=2/3 loss=0.2634 l2=0.2000 label_smoothing=0.000
D step=1/5 epoch=3/3 loss=0.2652 l2=0.2000 label_smoothing=0.000
D step=2/5 epoch=1/3 loss=0.2787 l2=0.2000 label_smoothing=0.000
D step=2/5 epoch=2/3 loss=0.2805 l2=0.2000 label_smoothing=0.000
D step=2/5 epoch=3/3 loss=0.2804 l2=0.2000 label_smoothing=0.000
D step=3/5 epoch=1/3 loss=0.2802 l2=0.2000 label_smoothing=0.000
D step=3/5 epoch=2/3 loss=0.2804 l2=0.2000 label_smoothing=0.000
D step=3/5 epoch=3/3 loss=0.2789 l2=0.2000 label_smoothing=0.000
D step=4/5 epoch=1/3 loss=0.3155 l2=0.2000 label_smoothing=0.000
D step=4/5 epoch=2/3 loss=0.3150 l2=0.2000 label_smoothing=0.000
D step=4/5 epoch=3/3 loss=0.3130 l2=0.2000 label_smoothing=0.000
D step=5/5 epoch=1/3 loss=0.2815 l2=0.2000 label_smoothing=0.000
D step=5/5 epoch=2/3 loss=0.2827 l2=0.2000 label_smoothing=0.000
D step=5/5 epoch=3/3 loss=0.2849 l2=0.2000 label_smoothing=0.000
ADV epoch=183/200 g_loss=0.0001 d_loss=0.2846 reward=0.1888 reward_var=0.0000 unique=0.0400
D step=1/5 epoch=1/3 loss=0.2924 l2=0.2000 label_smoothing=0.000
D step=1/5 epoch=2/3 loss=0.2885 l2=0.2000 label_smoothing=0.000
D step=1/5 epoch=3/3 loss=0.2885 l2=0.2000 label_smoothing=0.000
D step=2/5 epoch=1/3 loss=0.2865 l2=0.2000 label_smoothing=0.000
D step=2/5 epoch=2/3 loss=0.2869 l2=0.2000 label_smoothing=0.000
D step=2/5 epoch=3/3 loss=0.2868 l2=0.2000 label_smoothing=0.000
D step=3/5 epoch=1/3 loss=0.2799 l2=0.2000 label_smoothing=0.000
D step=3/5 epoch=2/3 loss=0.2802 l2=0.2000 label_smoothing=0.000
D step=3/5 epoch=3/3 loss=0.2809 l2=0.2000 label_smoothing=0.000
D step=4/5 epoch=1/3 loss=0.3004 l2=0.2000 label_smoothing=0.000
D step=4/5 epoch=2/3 loss=0.2972 l2=0.2000 label_smoothing=0.000
D step=4/5 epoch=3/3 loss=0.2967 l2=0.2000 label_smoothing=0.000
D step=5/5 epoch=1/3 loss=0.2817 l2=0.2000 label_smoothing=0.000
D step=5/5 epoch=2/3 loss=0.2789 l2=0.2000 label_smoothing=0.000
D step=5/5 epoch=3/3 loss=0.2797 l2=0.2000 label_smoothing=0.000
ADV epoch=184/200 g_loss=0.0001 d_loss=0.2870 reward=0.1838 reward_var=0.0000 unique=0.0800
D step=1/5 epoch=1/3 loss=0.2659 l2=0.2000 label_smoothing=0.000
D step=1/5 epoch=2/3 loss=0.2650 l2=0.2000 label_smoothing=0.000
D step=1/5 epoch=3/3 loss=0.2669 l2=0.2000 label_smoothing=0.000
D step=2/5 epoch=1/3 loss=0.2874 l2=0.2000 label_smoothing=0.000
D step=2/5 epoch=2/3 loss=0.2833 l2=0.2000 label_smoothing=0.000
D step=2/5 epoch=3/3 loss=0.2895 l2=0.2000 label_smoothing=0.000
D step=3/5 epoch=1/3 loss=0.3062 l2=0.2000 label_smoothing=0.000
D step=3/5 epoch=2/3 loss=0.2993 l2=0.2000 label_smoothing=0.000
D step=3/5 epoch=3/3 loss=0.3016 l2=0.2000 label_smoothing=0.000
D step=4/5 epoch=1/3 loss=0.3157 l2=0.2000 label_smoothing=0.000
D step=4/5 epoch=2/3 loss=0.3140 l2=0.2000 label_smoothing=0.000
D step=4/5 epoch=3/3 loss=0.3138 l2=0.2000 label_smoothing=0.000
D step=5/5 epoch=1/3 loss=0.2827 l2=0.2000 label_smoothing=0.000
D step=5/5 epoch=2/3 loss=0.2805 l2=0.2000 label_smoothing=0.000
D step=5/5 epoch=3/3 loss=0.2799 l2=0.2000 label_smoothing=0.000
ADV epoch=185/200 g_loss=0.0001 d_loss=0.2901 reward=0.1726 reward_var=0.0000 unique=0.0200
D step=1/5 epoch=1/3 loss=0.2611 l2=0.2000 label_smoothing=0.000
D step=1/5 epoch=2/3 loss=0.2598 l2=0.2000 label_smoothing=0.000
D step=1/5 epoch=3/3 loss=0.2613 l2=0.2000 label_smoothing=0.000
D step=2/5 epoch=1/3 loss=0.2933 l2=0.2000 label_smoothing=0.000
D step=2/5 epoch=2/3 loss=0.2960 l2=0.2000 label_smoothing=0.000
D step=2/5 epoch=3/3 loss=0.2930 l2=0.2000 label_smoothing=0.000
D step=3/5 epoch=1/3 loss=0.2666 l2=0.2000 label_smoothing=0.000
D step=3/5 epoch=2/3 loss=0.2669 l2=0.2000 label_smoothing=0.000
D step=3/5 epoch=3/3 loss=0.2680 l2=0.2000 label_smoothing=0.000
D step=4/5 epoch=1/3 loss=0.2944 l2=0.2000 label_smoothing=0.000
D step=4/5 epoch=2/3 loss=0.2968 l2=0.2000 label_smoothing=0.000
D step=4/5 epoch=3/3 loss=0.2918 l2=0.2000 label_smoothing=0.000
D step=5/5 epoch=1/3 loss=0.2879 l2=0.2000 label_smoothing=0.000
D step=5/5 epoch=2/3 loss=0.2895 l2=0.2000 label_smoothing=0.000
D step=5/5 epoch=3/3 loss=0.2872 l2=0.2000 label_smoothing=0.000
ADV epoch=186/200 g_loss=0.0001 d_loss=0.2809 reward=0.1839 reward_var=0.0000 unique=0.0400
D step=1/5 epoch=1/3 loss=0.3006 l2=0.2000 label_smoothing=0.000
D step=1/5 epoch=2/3 loss=0.2977 l2=0.2000 label_smoothing=0.000
D step=1/5 epoch=3/3 loss=0.3024 l2=0.2000 label_smoothing=0.000
D step=2/5 epoch=1/3 loss=0.2604 l2=0.2000 label_smoothing=0.000
D step=2/5 epoch=2/3 loss=0.2623 l2=0.2000 label_smoothing=0.000
D step=2/5 epoch=3/3 loss=0.2602 l2=0.2000 label_smoothing=0.000
D step=3/5 epoch=1/3 loss=0.2648 l2=0.2000 label_smoothing=0.000
D step=3/5 epoch=2/3 loss=0.2670 l2=0.2000 label_smoothing=0.000
D step=3/5 epoch=3/3 loss=0.2680 l2=0.2000 label_smoothing=0.000
D step=4/5 epoch=1/3 loss=0.2761 l2=0.2000 label_smoothing=0.000
D step=4/5 epoch=2/3 loss=0.2755 l2=0.2000 label_smoothing=0.000
D step=4/5 epoch=3/3 loss=0.2729 l2=0.2000 label_smoothing=0.000
D step=5/5 epoch=1/3 loss=0.2905 l2=0.2000 label_smoothing=0.000
D step=5/5 epoch=2/3 loss=0.2867 l2=0.2000 label_smoothing=0.000
D step=5/5 epoch=3/3 loss=0.2853 l2=0.2000 label_smoothing=0.000
ADV epoch=187/200 g_loss=0.0001 d_loss=0.2780 reward=0.1863 reward_var=0.0003 unique=0.0200
D step=1/5 epoch=1/3 loss=0.2714 l2=0.2000 label_smoothing=0.000
D step=1/5 epoch=2/3 loss=0.2680 l2=0.2000 label_smoothing=0.000
D step=1/5 epoch=3/3 loss=0.2666 l2=0.2000 label_smoothing=0.000
D step=2/5 epoch=1/3 loss=0.2774 l2=0.2000 label_smoothing=0.000
D step=2/5 epoch=2/3 loss=0.2769 l2=0.2000 label_smoothing=0.000
D step=2/5 epoch=3/3 loss=0.2773 l2=0.2000 label_smoothing=0.000
D step=3/5 epoch=1/3 loss=0.2821 l2=0.2000 label_smoothing=0.000
D step=3/5 epoch=2/3 loss=0.2784 l2=0.2000 label_smoothing=0.000
D step=3/5 epoch=3/3 loss=0.2803 l2=0.2000 label_smoothing=0.000
D step=4/5 epoch=1/3 loss=0.2855 l2=0.2000 label_smoothing=0.000
D step=4/5 epoch=2/3 loss=0.2905 l2=0.2000 label_smoothing=0.000
D step=4/5 epoch=3/3 loss=0.2852 l2=0.2000 label_smoothing=0.000
D step=5/5 epoch=1/3 loss=0.2806 l2=0.2000 label_smoothing=0.000
D step=5/5 epoch=2/3 loss=0.2794 l2=0.2000 label_smoothing=0.000
D step=5/5 epoch=3/3 loss=0.2808 l2=0.2000 label_smoothing=0.000
ADV epoch=188/200 g_loss=0.0098 d_loss=0.2787 reward=0.1728 reward_var=0.0012 unique=0.0400
D step=1/5 epoch=1/3 loss=0.2977 l2=0.2000 label_smoothing=0.000
D step=1/5 epoch=2/3 loss=0.2930 l2=0.2000 label_smoothing=0.000
D step=1/5 epoch=3/3 loss=0.2938 l2=0.2000 label_smoothing=0.000
D step=2/5 epoch=1/3 loss=0.2977 l2=0.2000 label_smoothing=0.000
D step=2/5 epoch=2/3 loss=0.2930 l2=0.2000 label_smoothing=0.000
D step=2/5 epoch=3/3 loss=0.2926 l2=0.2000 label_smoothing=0.000
D step=3/5 epoch=1/3 loss=0.2892 l2=0.2000 label_smoothing=0.000
D step=3/5 epoch=2/3 loss=0.2865 l2=0.2000 label_smoothing=0.000
D step=3/5 epoch=3/3 loss=0.2887 l2=0.2000 label_smoothing=0.000
D step=4/5 epoch=1/3 loss=0.2832 l2=0.2000 label_smoothing=0.000
D step=4/5 epoch=2/3 loss=0.2795 l2=0.2000 label_smoothing=0.000
D step=4/5 epoch=3/3 loss=0.2833 l2=0.2000 label_smoothing=0.000
D step=5/5 epoch=1/3 loss=0.2817 l2=0.2000 label_smoothing=0.000
D step=5/5 epoch=2/3 loss=0.2795 l2=0.2000 label_smoothing=0.000
D step=5/5 epoch=3/3 loss=0.2794 l2=0.2000 label_smoothing=0.000
ADV epoch=189/200 g_loss=0.0001 d_loss=0.2879 reward=0.1770 reward_var=0.0000 unique=0.0200
D step=1/5 epoch=1/3 loss=0.2725 l2=0.2000 label_smoothing=0.000
D step=1/5 epoch=2/3 loss=0.2698 l2=0.2000 label_smoothing=0.000
D step=1/5 epoch=3/3 loss=0.2719 l2=0.2000 label_smoothing=0.000
D step=2/5 epoch=1/3 loss=0.2523 l2=0.2000 label_smoothing=0.000
D step=2/5 epoch=2/3 loss=0.2526 l2=0.2000 label_smoothing=0.000
D step=2/5 epoch=3/3 loss=0.2536 l2=0.2000 label_smoothing=0.000
D step=3/5 epoch=1/3 loss=0.2766 l2=0.2000 label_smoothing=0.000
D step=3/5 epoch=2/3 loss=0.2748 l2=0.2000 label_smoothing=0.000
D step=3/5 epoch=3/3 loss=0.2741 l2=0.2000 label_smoothing=0.000
D step=4/5 epoch=1/3 loss=0.2597 l2=0.2000 label_smoothing=0.000
D step=4/5 epoch=2/3 loss=0.2621 l2=0.2000 label_smoothing=0.000
D step=4/5 epoch=3/3 loss=0.2603 l2=0.2000 label_smoothing=0.000
D step=5/5 epoch=1/3 loss=0.2851 l2=0.2000 label_smoothing=0.000
D step=5/5 epoch=2/3 loss=0.2872 l2=0.2000 label_smoothing=0.000
D step=5/5 epoch=3/3 loss=0.2852 l2=0.2000 label_smoothing=0.000
ADV epoch=190/200 g_loss=0.0007 d_loss=0.2692 reward=0.1752 reward_var=0.0004 unique=0.0200
D step=1/5 epoch=1/3 loss=0.2933 l2=0.2000 label_smoothing=0.000
D step=1/5 epoch=2/3 loss=0.2928 l2=0.2000 label_smoothing=0.000
D step=1/5 epoch=3/3 loss=0.2922 l2=0.2000 label_smoothing=0.000
D step=2/5 epoch=1/3 loss=0.2726 l2=0.2000 label_smoothing=0.000
D step=2/5 epoch=2/3 loss=0.2725 l2=0.2000 label_smoothing=0.000
D step=2/5 epoch=3/3 loss=0.2710 l2=0.2000 label_smoothing=0.000
D step=3/5 epoch=1/3 loss=0.2675 l2=0.2000 label_smoothing=0.000
D step=3/5 epoch=2/3 loss=0.2679 l2=0.2000 label_smoothing=0.000
D step=3/5 epoch=3/3 loss=0.2643 l2=0.2000 label_smoothing=0.000
D step=4/5 epoch=1/3 loss=0.2959 l2=0.2000 label_smoothing=0.000
D step=4/5 epoch=2/3 loss=0.2984 l2=0.2000 label_smoothing=0.000
D step=4/5 epoch=3/3 loss=0.2939 l2=0.2000 label_smoothing=0.000
D step=5/5 epoch=1/3 loss=0.2879 l2=0.2000 label_smoothing=0.000
D step=5/5 epoch=2/3 loss=0.2856 l2=0.2000 label_smoothing=0.000
D step=5/5 epoch=3/3 loss=0.2867 l2=0.2000 label_smoothing=0.000
ADV epoch=191/200 g_loss=0.0014 d_loss=0.2828 reward=0.1731 reward_var=0.0007 unique=0.0400
D step=1/5 epoch=1/3 loss=0.2917 l2=0.2000 label_smoothing=0.000
D step=1/5 epoch=2/3 loss=0.2918 l2=0.2000 label_smoothing=0.000
D step=1/5 epoch=3/3 loss=0.2925 l2=0.2000 label_smoothing=0.000
D step=2/5 epoch=1/3 loss=0.2612 l2=0.2000 label_smoothing=0.000
D step=2/5 epoch=2/3 loss=0.2620 l2=0.2000 label_smoothing=0.000
D step=2/5 epoch=3/3 loss=0.2580 l2=0.2000 label_smoothing=0.000
D step=3/5 epoch=1/3 loss=0.2623 l2=0.2000 label_smoothing=0.000
D step=3/5 epoch=2/3 loss=0.2581 l2=0.2000 label_smoothing=0.000
D step=3/5 epoch=3/3 loss=0.2578 l2=0.2000 label_smoothing=0.000
D step=4/5 epoch=1/3 loss=0.2745 l2=0.2000 label_smoothing=0.000
D step=4/5 epoch=2/3 loss=0.2704 l2=0.2000 label_smoothing=0.000
D step=4/5 epoch=3/3 loss=0.2724 l2=0.2000 label_smoothing=0.000
D step=5/5 epoch=1/3 loss=0.2753 l2=0.2000 label_smoothing=0.000
D step=5/5 epoch=2/3 loss=0.2762 l2=0.2000 label_smoothing=0.000
D step=5/5 epoch=3/3 loss=0.2729 l2=0.2000 label_smoothing=0.000
ADV epoch=192/200 g_loss=0.0001 d_loss=0.2718 reward=0.1911 reward_var=0.0000 unique=0.0200
D step=1/5 epoch=1/3 loss=0.2592 l2=0.2000 label_smoothing=0.000
D step=1/5 epoch=2/3 loss=0.2590 l2=0.2000 label_smoothing=0.000
D step=1/5 epoch=3/3 loss=0.2580 l2=0.2000 label_smoothing=0.000
D step=2/5 epoch=1/3 loss=0.2794 l2=0.2000 label_smoothing=0.000
D step=2/5 epoch=2/3 loss=0.2830 l2=0.2000 label_smoothing=0.000
D step=2/5 epoch=3/3 loss=0.2784 l2=0.2000 label_smoothing=0.000
D step=3/5 epoch=1/3 loss=0.2716 l2=0.2000 label_smoothing=0.000
D step=3/5 epoch=2/3 loss=0.2756 l2=0.2000 label_smoothing=0.000
D step=3/5 epoch=3/3 loss=0.2697 l2=0.2000 label_smoothing=0.000
D step=4/5 epoch=1/3 loss=0.2666 l2=0.2000 label_smoothing=0.000
D step=4/5 epoch=2/3 loss=0.2678 l2=0.2000 label_smoothing=0.000
D step=4/5 epoch=3/3 loss=0.2707 l2=0.2000 label_smoothing=0.000
D step=5/5 epoch=1/3 loss=0.2768 l2=0.2000 label_smoothing=0.000
D step=5/5 epoch=2/3 loss=0.2747 l2=0.2000 label_smoothing=0.000
D step=5/5 epoch=3/3 loss=0.2730 l2=0.2000 label_smoothing=0.000
ADV epoch=193/200 g_loss=0.0012 d_loss=0.2709 reward=0.1838 reward_var=0.0004 unique=0.0200
D step=1/5 epoch=1/3 loss=0.3057 l2=0.2000 label_smoothing=0.000
D step=1/5 epoch=2/3 loss=0.3003 l2=0.2000 label_smoothing=0.000
D step=1/5 epoch=3/3 loss=0.3020 l2=0.2000 label_smoothing=0.000
D step=2/5 epoch=1/3 loss=0.2736 l2=0.2000 label_smoothing=0.000
D step=2/5 epoch=2/3 loss=0.2742 l2=0.2000 label_smoothing=0.000
D step=2/5 epoch=3/3 loss=0.2736 l2=0.2000 label_smoothing=0.000
D step=3/5 epoch=1/3 loss=0.3322 l2=0.2000 label_smoothing=0.000
D step=3/5 epoch=2/3 loss=0.2931 l2=0.2000 label_smoothing=0.000
D step=3/5 epoch=3/3 loss=0.2946 l2=0.2000 label_smoothing=0.000
D step=4/5 epoch=1/3 loss=0.2676 l2=0.2000 label_smoothing=0.000
D step=4/5 epoch=2/3 loss=0.2663 l2=0.2000 label_smoothing=0.000
D step=4/5 epoch=3/3 loss=0.2673 l2=0.2000 label_smoothing=0.000
D step=5/5 epoch=1/3 loss=0.2594 l2=0.2000 label_smoothing=0.000
D step=5/5 epoch=2/3 loss=0.2589 l2=0.2000 label_smoothing=0.000
D step=5/5 epoch=3/3 loss=0.2591 l2=0.2000 label_smoothing=0.000
ADV epoch=194/200 g_loss=0.0001 d_loss=0.2819 reward=0.1606 reward_var=0.0001 unique=0.0200
D step=1/5 epoch=1/3 loss=0.2667 l2=0.2000 label_smoothing=0.000
D step=1/5 epoch=2/3 loss=0.2654 l2=0.2000 label_smoothing=0.000
D step=1/5 epoch=3/3 loss=0.2627 l2=0.2000 label_smoothing=0.000
D step=2/5 epoch=1/3 loss=0.2915 l2=0.2000 label_smoothing=0.000
D step=2/5 epoch=2/3 loss=0.2945 l2=0.2000 label_smoothing=0.000
D step=2/5 epoch=3/3 loss=0.2956 l2=0.2000 label_smoothing=0.000
D step=3/5 epoch=1/3 loss=0.2921 l2=0.2000 label_smoothing=0.000
D step=3/5 epoch=2/3 loss=0.2926 l2=0.2000 label_smoothing=0.000
D step=3/5 epoch=3/3 loss=0.2888 l2=0.2000 label_smoothing=0.000
D step=4/5 epoch=1/3 loss=0.2926 l2=0.2000 label_smoothing=0.000
D step=4/5 epoch=2/3 loss=0.2917 l2=0.2000 label_smoothing=0.000
D step=4/5 epoch=3/3 loss=0.2932 l2=0.2000 label_smoothing=0.000
D step=5/5 epoch=1/3 loss=0.2854 l2=0.2000 label_smoothing=0.000
D step=5/5 epoch=2/3 loss=0.2865 l2=0.2000 label_smoothing=0.000
D step=5/5 epoch=3/3 loss=0.2851 l2=0.2000 label_smoothing=0.000
ADV epoch=195/200 g_loss=0.0001 d_loss=0.2856 reward=0.1543 reward_var=0.0000 unique=0.0200
D step=1/5 epoch=1/3 loss=0.2759 l2=0.2000 label_smoothing=0.000
D step=1/5 epoch=2/3 loss=0.2762 l2=0.2000 label_smoothing=0.000
D step=1/5 epoch=3/3 loss=0.2729 l2=0.2000 label_smoothing=0.000
D step=2/5 epoch=1/3 loss=0.2744 l2=0.2000 label_smoothing=0.000
D step=2/5 epoch=2/3 loss=0.2743 l2=0.2000 label_smoothing=0.000
D step=2/5 epoch=3/3 loss=0.2749 l2=0.2000 label_smoothing=0.000
D step=3/5 epoch=1/3 loss=0.2822 l2=0.2000 label_smoothing=0.000
D step=3/5 epoch=2/3 loss=0.2800 l2=0.2000 label_smoothing=0.000
D step=3/5 epoch=3/3 loss=0.2807 l2=0.2000 label_smoothing=0.000
D step=4/5 epoch=1/3 loss=0.2857 l2=0.2000 label_smoothing=0.000
D step=4/5 epoch=2/3 loss=0.2914 l2=0.2000 label_smoothing=0.000
D step=4/5 epoch=3/3 loss=0.2848 l2=0.2000 label_smoothing=0.000
D step=5/5 epoch=1/3 loss=0.2859 l2=0.2000 label_smoothing=0.000
D step=5/5 epoch=2/3 loss=0.2856 l2=0.2000 label_smoothing=0.000
D step=5/5 epoch=3/3 loss=0.2867 l2=0.2000 label_smoothing=0.000
ADV epoch=196/200 g_loss=0.0019 d_loss=0.2808 reward=0.1871 reward_var=0.0005 unique=0.0200
D step=1/5 epoch=1/3 loss=0.2809 l2=0.2000 label_smoothing=0.000
D step=1/5 epoch=2/3 loss=0.2803 l2=0.2000 label_smoothing=0.000
D step=1/5 epoch=3/3 loss=0.2816 l2=0.2000 label_smoothing=0.000
D step=2/5 epoch=1/3 loss=0.2714 l2=0.2000 label_smoothing=0.000
D step=2/5 epoch=2/3 loss=0.2668 l2=0.2000 label_smoothing=0.000
D step=2/5 epoch=3/3 loss=0.2712 l2=0.2000 label_smoothing=0.000
D step=3/5 epoch=1/3 loss=0.2752 l2=0.2000 label_smoothing=0.000
D step=3/5 epoch=2/3 loss=0.2749 l2=0.2000 label_smoothing=0.000
D step=3/5 epoch=3/3 loss=0.2698 l2=0.2000 label_smoothing=0.000
D step=4/5 epoch=1/3 loss=0.2924 l2=0.2000 label_smoothing=0.000
D step=4/5 epoch=2/3 loss=0.2947 l2=0.2000 label_smoothing=0.000
D step=4/5 epoch=3/3 loss=0.2948 l2=0.2000 label_smoothing=0.000
D step=5/5 epoch=1/3 loss=0.2865 l2=0.2000 label_smoothing=0.000
D step=5/5 epoch=2/3 loss=0.2844 l2=0.2000 label_smoothing=0.000
D step=5/5 epoch=3/3 loss=0.2886 l2=0.2000 label_smoothing=0.000
ADV epoch=197/200 g_loss=0.0001 d_loss=0.2809 reward=0.1875 reward_var=0.0000 unique=0.0200
D step=1/5 epoch=1/3 loss=0.3001 l2=0.2000 label_smoothing=0.000
D step=1/5 epoch=2/3 loss=0.3038 l2=0.2000 label_smoothing=0.000
D step=1/5 epoch=3/3 loss=0.3022 l2=0.2000 label_smoothing=0.000
D step=2/5 epoch=1/3 loss=0.2856 l2=0.2000 label_smoothing=0.000
D step=2/5 epoch=2/3 loss=0.2862 l2=0.2000 label_smoothing=0.000
D step=2/5 epoch=3/3 loss=0.2886 l2=0.2000 label_smoothing=0.000
D step=3/5 epoch=1/3 loss=0.2768 l2=0.2000 label_smoothing=0.000
D step=3/5 epoch=2/3 loss=0.2799 l2=0.2000 label_smoothing=0.000
D step=3/5 epoch=3/3 loss=0.2792 l2=0.2000 label_smoothing=0.000
D step=4/5 epoch=1/3 loss=0.2752 l2=0.2000 label_smoothing=0.000
D step=4/5 epoch=2/3 loss=0.2722 l2=0.2000 label_smoothing=0.000
D step=4/5 epoch=3/3 loss=0.2737 l2=0.2000 label_smoothing=0.000
D step=5/5 epoch=1/3 loss=0.2875 l2=0.2000 label_smoothing=0.000
D step=5/5 epoch=2/3 loss=0.2874 l2=0.2000 label_smoothing=0.000
D step=5/5 epoch=3/3 loss=0.2875 l2=0.2000 label_smoothing=0.000
ADV epoch=198/200 g_loss=0.0021 d_loss=0.2857 reward=0.1783 reward_var=0.0004 unique=0.0200
D step=1/5 epoch=1/3 loss=0.2785 l2=0.2000 label_smoothing=0.000
D step=1/5 epoch=2/3 loss=0.2820 l2=0.2000 label_smoothing=0.000
D step=1/5 epoch=3/3 loss=0.2832 l2=0.2000 label_smoothing=0.000
D step=2/5 epoch=1/3 loss=0.2952 l2=0.2000 label_smoothing=0.000
D step=2/5 epoch=2/3 loss=0.2936 l2=0.2000 label_smoothing=0.000
D step=2/5 epoch=3/3 loss=0.2943 l2=0.2000 label_smoothing=0.000
D step=3/5 epoch=1/3 loss=0.2650 l2=0.2000 label_smoothing=0.000
D step=3/5 epoch=2/3 loss=0.2624 l2=0.2000 label_smoothing=0.000
D step=3/5 epoch=3/3 loss=0.2621 l2=0.2000 label_smoothing=0.000
D step=4/5 epoch=1/3 loss=0.2930 l2=0.2000 label_smoothing=0.000
D step=4/5 epoch=2/3 loss=0.2908 l2=0.2000 label_smoothing=0.000
D step=4/5 epoch=3/3 loss=0.2927 l2=0.2000 label_smoothing=0.000
D step=5/5 epoch=1/3 loss=0.2740 l2=0.2000 label_smoothing=0.000
D step=5/5 epoch=2/3 loss=0.2765 l2=0.2000 label_smoothing=0.000
D step=5/5 epoch=3/3 loss=0.2777 l2=0.2000 label_smoothing=0.000
ADV epoch=199/200 g_loss=0.0001 d_loss=0.2814 reward=0.1766 reward_var=0.0000 unique=0.0400
D step=1/5 epoch=1/3 loss=0.3031 l2=0.2000 label_smoothing=0.000
D step=1/5 epoch=2/3 loss=0.3022 l2=0.2000 label_smoothing=0.000
D step=1/5 epoch=3/3 loss=0.3024 l2=0.2000 label_smoothing=0.000
D step=2/5 epoch=1/3 loss=0.2702 l2=0.2000 label_smoothing=0.000
D step=2/5 epoch=2/3 loss=0.2671 l2=0.2000 label_smoothing=0.000
D step=2/5 epoch=3/3 loss=0.2669 l2=0.2000 label_smoothing=0.000
D step=3/5 epoch=1/3 loss=0.3119 l2=0.2000 label_smoothing=0.000
D step=3/5 epoch=2/3 loss=0.3085 l2=0.2000 label_smoothing=0.000
D step=3/5 epoch=3/3 loss=0.3096 l2=0.2000 label_smoothing=0.000
D step=4/5 epoch=1/3 loss=0.2738 l2=0.2000 label_smoothing=0.000
D step=4/5 epoch=2/3 loss=0.2742 l2=0.2000 label_smoothing=0.000
D step=4/5 epoch=3/3 loss=0.2731 l2=0.2000 label_smoothing=0.000
D step=5/5 epoch=1/3 loss=0.2897 l2=0.2000 label_smoothing=0.000
D step=5/5 epoch=2/3 loss=0.2889 l2=0.2000 label_smoothing=0.000
D step=5/5 epoch=3/3 loss=0.2827 l2=0.2000 label_smoothing=0.000
ADV epoch=200/200 g_loss=0.0002 d_loss=0.2883 reward=0.1796 reward_var=0.0005 unique=0.0600
saved 2000 raw samples to /content/drive/MyDrive/GAN_for_SQLi - 1/result/final/seqgan_master/union/F/R100/generated_payloads.csv
